[0;32m[2026-09-16 12:53:42.324][INFO] STARTING CLASSCAD...
[0m[0;32m[2026-09-16 12:53:42.324][INFO] Current working directory  : /Users/dev/dev/awv/classcad
[0m[0;32m[2026-09-16 12:53:42.324][INFO] Config file: /Users/dev/dev/awv/classcad/.classcad.ini
[0m[0;32m[2026-09-16 12:53:42.324][INFO] Config file: /Users/dev/dev/awv/classcad/.classcad.ini
[0m[0;32m[2026-09-16 12:53:42.324][INFO] Config file: /Users/dev/dev/awv/classcad/.classcad.user.ini
[0m[0;32m[2026-09-16 12:53:42.324][INFO] Config file: /Users/dev/dev/awv/classcad-ai/workspace/training/2026-09-16_12-50-53_pvs-cavity-boolean/worker.ini
[0m[0;32m[2026-09-16 12:53:42.324][INFO] Ensure CompressionService is loaded
[0m[0;32m[2026-09-16 12:53:42.324][INFO] Ensure JWTService is loaded
[0m[0;32m[2026-09-16 12:53:42.324][INFO] Run the command 'worker'
[0m[0;32m[2026-09-16 12:53:42.324][INFO] Current working directory  : /Users/dev/dev/awv/classcad
[0m[0;32m[2026-09-16 12:53:42.324][INFO] Executable | file name     : classcad-cli
[0m[0;32m[2026-09-16 12:53:42.324][INFO] Executable | file path     : /Users/dev/dev/awv/classcad/runtime/output/arm64-osx-clang/release/classcad-cli
[0m[0;32m[2026-09-16 12:53:42.324][INFO] Executable | directory     : /Users/dev/dev/awv/classcad/runtime/output/arm64-osx-clang/release
[0m[0;32m[2026-09-16 12:53:42.324][INFO] Config | verbose file name : /Users/dev/dev/awv/classcad-ai/workspace/training/2026-09-16_12-50-53_pvs-cavity-boolean/files/worker.log
[0m[0;32m[2026-09-16 12:53:42.324][INFO] Config | verbose level     : 16583
[0m[0;32m[2026-09-16 12:53:42.324][INFO] Config | log level         : debug
[0m[0;32m[2026-09-16 12:53:42.324][INFO] Config | data path         : ./data
[0m[0;32m[2026-09-16 12:53:42.324][INFO] Config | class path        : 
[0m[0;32m[2026-09-16 12:53:42.324][INFO] Config | classes system    : ./cclasses/Source;System;Common.*;BaseModeling.*;CAD;Sheet;
[0m[0;32m[2026-09-16 12:53:42.324][INFO] Config | classes user      : ./cclasses/Source/Tests;*;
[0m[0;32m[2026-09-16 12:53:42.324][INFO] Config | classes user      : ./standalone/t3d/Source;T3D.*;T3DSolidEditor.*;T3DSolidEditor;T3DTesting;GTC.*;ISO_Tool.*;ISOChecker.*;
[0m[0;32m[2026-09-16 12:53:42.324][INFO] Config | classes user      : ./cclasses/Source/FeatureModeler;*;
[0m[0;32m[2026-09-16 12:53:42.362][VERB] libSMLibService.dylib is loaded
[0m[0;32m[2026-09-16 12:53:42.363][VERB] libSMLibExpressService.dylib is loaded
[0m[0;32m[2026-09-16 12:53:42.364][VERB] libBrepSimplificationService.dylib is loaded
[0m[0;32m[2026-09-16 12:53:42.365][VERB] libECXMLService.dylib is loaded
[0m[0;32m[2026-09-16 12:53:42.365][VERB] libJWTService.dylib is loaded
[0m[0;32m[2026-09-16 12:53:42.365][VERB] libGenericService.dylib is loaded
[0m[0;32m[2026-09-16 12:53:42.367][VERB] libLGSService.dylib is loaded
[0m[0;32m[2026-09-16 12:53:42.368][VERB] libLGS3DService.dylib is loaded
[0m[0;32m[2026-09-16 12:53:42.370][VERB] libIDEConnectionService.dylib is loaded
[0m[2026-09-16 12:53:42] [info] asio listen error: system:48 (Address already in use)
[0;32m[2026-09-16 12:53:42.370][VERB] libRapidXmlService.dylib is loaded
[0m[0;32m[2026-09-16 12:53:42.370][VERB] libNetworkService.dylib is loaded
[0m[0;32m[2026-09-16 12:53:42.372][VERB] libTestService.dylib is loaded
[0m[0;31m[2026-09-16 12:53:42.372][ERROR] The Service-DLL DxfService could not be loaded.
ErrorCode: dlopen(DxfServiced.dylib, 0x0001): tried: 'DxfServiced.dylib' (no such file), '/System/Volumes/Preboot/Cryptexes/OSDxfServiced.dylib' (no such file), '/Users/dev/dev/awv/classcad/runtime/output/arm64-osx-clang/release/DxfServiced.dylib' (no such file), '/Users/dev/dev/awv/classcad/runtime/output/arm64-osx-clang/release/DxfServiced.dylib' (no such file), '/usr/lib/DxfServiced.dylib' (no such file, not in dyld cache), 'DxfServiced.dylib' (no such file)
The service functions of this DLL are therefore not available.
[0m[0;32m[2026-09-16 12:53:42.372][VERB] libCryptoRtService.dylib is loaded
[0m[0;31m[2026-09-16 12:53:42.373][ERROR] The Service-DLL CryptoDevService could not be loaded.
ErrorCode: dlopen(CryptoDevServiced.dylib, 0x0001): tried: 'CryptoDevServiced.dylib' (no such file), '/System/Volumes/Preboot/Cryptexes/OSCryptoDevServiced.dylib' (no such file), '/Users/dev/dev/awv/classcad/runtime/output/arm64-osx-clang/release/CryptoDevServiced.dylib' (no such file), '/Users/dev/dev/awv/classcad/runtime/output/arm64-osx-clang/release/CryptoDevServiced.dylib' (no such file), '/usr/lib/CryptoDevServiced.dylib' (no such file, not in dyld cache), 'CryptoDevServiced.dylib' (no such file)
The service functions of this DLL are therefore not available.
[0m[0;33m[2026-09-16 12:53:42.383][WARN] Path does not exist '/Users/dev/dev/awv/classcad/standalone/t3d/Source'. It is defined for class path 't3d'.
[0m[0;32m[2026-09-16 12:53:42.384][INFO] Load classes for 'system' from '/Users/dev/dev/awv/classcad/cclasses/Source'
[0m[0;32m[2026-09-16 12:53:42.466][INFO] Load classes for 'tests' from '/Users/dev/dev/awv/classcad/cclasses/Source/Tests'
[0m[0;32m[2026-09-16 12:53:42.525][INFO] Load classes for 't3d' from '/Users/dev/dev/awv/classcad/standalone/t3d/Source'
[0m[0;33m[2026-09-16 12:53:42.525][WARN] Tried to load from invalid class path 't3d'
[0m[0;32m[2026-09-16 12:53:42.525][INFO] Load classes for 'fm' from '/Users/dev/dev/awv/classcad/cclasses/Source/FeatureModeler'
[0m[0;32m[2026-09-16 12:53:42.536][VERB] 0x7692c70300 Create Zeichnung
[0m[0;32m[2026-09-16 12:53:42.536][VERB] 0x7692c70300 SetZeichnung
[0m[0;32m[2026-09-16 12:53:42.537][VERB] Grundklasse::InitApplication was successful.
[0m[0;32m[2026-09-16 12:53:42.537][VERB] [info] Initializing BaseModelerApp
[0m[0;32m[2026-09-16 12:53:42.537][VERB] Change application string/text encoding to UTF-8
[0m[0;32m[2026-09-16 12:53:42.537][VERB] [info] Developer mode is active
[0m[0;32m[2026-09-16 12:53:42.537][VERB] [info] Initializing BuerliDemoApp
[0m[0;32m[2026-09-16 12:53:42.537][VERB] API v0/common already registered!
[0m[0;32m[2026-09-16 12:53:42.538][VERB] API v0/basemodeler already registered!
[0m[0;32m[2026-09-16 12:53:42.538][VERB] Registered API's:
[0m[0;32m[2026-09-16 12:53:42.538][VERB]   v0
[0m[0;32m[2026-09-16 12:53:42.538][VERB]     assemblybuilder
[0m[0;32m[2026-09-16 12:53:42.538][VERB]     basemodeler
[0m[0;32m[2026-09-16 12:53:42.538][VERB]     common
[0m[0;32m[2026-09-16 12:53:42.538][VERB]     developer
[0m[0;32m[2026-09-16 12:53:42.538][VERB]     drawing2d
[0m[0;32m[2026-09-16 12:53:42.538][VERB]     feature
[0m[0;32m[2026-09-16 12:53:42.538][VERB]     geometry
[0m[0;32m[2026-09-16 12:53:42.538][VERB]     geometryformatconverter
[0m[0;32m[2026-09-16 12:53:42.538][VERB]     network
[0m[0;32m[2026-09-16 12:53:42.538][VERB]     sketcher
[0m[0;32m[2026-09-16 12:53:42.538][VERB]     solid
[0m[0;32m[2026-09-16 12:53:42.538][VERB]     tooling
[0m[0;32m[2026-09-16 12:53:42.538][VERB]   v1
[0m[0;32m[2026-09-16 12:53:42.538][VERB]     assembly
[0m[0;32m[2026-09-16 12:53:42.538][VERB]     brep
[0m[0;32m[2026-09-16 12:53:42.538][VERB]     common
[0m[0;32m[2026-09-16 12:53:42.538][VERB]     curve
[0m[0;32m[2026-09-16 12:53:42.538][VERB]     drawing2d
[0m[0;32m[2026-09-16 12:53:42.538][VERB]     part
[0m[0;32m[2026-09-16 12:53:42.538][VERB]     script
[0m[0;32m[2026-09-16 12:53:42.538][VERB]     sketch
[0m[0;32m[2026-09-16 12:53:42.538][VERB]     solid
[0m[0;32m[2026-09-16 12:53:42.538][VERB]     utils
[0m[0;32m[2026-09-16 12:53:42.539][VERB] 0x7692c70c00 Create Zeichnung
[0m[0;32m[2026-09-16 12:53:42.539][VERB] 0x7692c70c00 SetZeichnung
[0m[0;32m[2026-09-16 12:53:42.539][INFO] WorkerCommandCompletion: 824 completion candidates built
[0m[0;32m[2026-09-16 12:53:42.539][INFO] Server start listen on 0.0.0.0:19094 for http and ws connections
[0m[0;32m[2026-09-16 12:53:42.539][INFO] Server start listen on 0.0.0.0:19095 for https and wss connections
[0m[0;32m[2026-09-16 12:53:43.540][INFO] Worker is ready
[0m

[0;32m[2026-09-16 12:53:45.403][INFO] GET /
[0m[0;32m[2026-09-16 12:53:45.403][VERB] 0x7692c70f00 Create Zeichnung
[0m[0;32m[2026-09-16 12:53:45.403][INFO] WS handleNewConnection: created main session="f1fd995d-6a01-4c4e-acbb-b46f0f830936"
[0m[0;32m[2026-09-16 12:53:45.408][VERB] 0x7692c70f00 SetZeichnung
[0m[0;32m[2026-09-16 12:53:45.408][VERB] COMMANDCALL: _C.SafeAPI.Execute(["v1.part.create",[{"name":"Base"}]])
[0m[0;32m[2026-09-16 12:53:45.422][VERB] RETURN: {"result":"$4"}
[0m[2026-09-16 12:53:45.423][DEBUG] Build graphic in: 0ms
[0;32m[2026-09-16 12:53:45.433][VERB] COMMANDCALL: _C.SafeAPI.Execute(["v1.part.expression",[{"toCreate":[{"value":23.8,"name":"seam"},{"value":3,"name":"rear_roof_raise"},{"value":4,"name":"pocket_corner_blend_r"},{"value":4.5,"name":"rear_pillar_envelope_r"},{"value":1.3,"name":"skin_growth"},{"value":1.67,"name":"outer_chamfer"} ...
[0m[0;32m[2026-09-16 12:53:45.460][VERB] RETURN: {"result":1}
[0m[2026-09-16 12:53:45.461][DEBUG] Build graphic in: 0ms
[0;32m[2026-09-16 12:53:45.462][VERB] COMMANDCALL: _C.SafeAPI.Execute(["v1.part.getWorkGeometry",[{"name":"XAxis","id":4}]])
[0m[0;32m[2026-09-16 12:53:45.463][VERB] RETURN: {"result":"$26"}
[0m[0;32m[2026-09-16 12:53:45.464][VERB] COMMANDCALL: _C.SafeAPI.Execute(["v1.part.getWorkGeometry",[{"name":"YAxis","id":4}]])
[0m[0;32m[2026-09-16 12:53:45.464][VERB] RETURN: {"result":"$30"}
[0m[0;32m[2026-09-16 12:53:45.466][VERB] COMMANDCALL: _C.SafeAPI.Execute(["v1.part.getWorkGeometry",[{"name":"ZAxis","id":4}]])
[0m[0;32m[2026-09-16 12:53:45.466][VERB] RETURN: {"result":"$34"}
[0m[0;32m[2026-09-16 12:53:45.467][VERB] COMMANDCALL: _C.SafeAPI.Execute(["v1.part.getWorkGeometry",[{"name":"Top","id":4}]])
[0m[0;32m[2026-09-16 12:53:45.467][VERB] RETURN: {"result":"$38"}
[0m[0;32m[2026-09-16 12:53:45.468][VERB] COMMANDCALL: _C.SafeAPI.Execute(["v1.part.getWorkGeometry",[{"name":"Front","id":4}]])
[0m[0;32m[2026-09-16 12:53:45.468][VERB] RETURN: {"result":"$42"}
[0m[0;32m[2026-09-16 12:53:45.470][VERB] COMMANDCALL: _C.SafeAPI.Execute(["v1.part.getWorkGeometry",[{"name":"Right","id":4}]])
[0m[0;32m[2026-09-16 12:53:45.470][VERB] RETURN: {"result":"$46"}
[0m[0;32m[2026-09-16 12:53:45.472][VERB] COMMANDCALL: _C.SafeAPI.Execute(["v1.part.workPlane",[{"type":"PLANE","references":[38],"name":"F3_makeBox_cad_primitives_py_8_plane","offset":"@expr.d4_plane_offset","id":4}]])
[0m[0;32m[2026-09-16 12:53:45.476][VERB] RETURN: {"result":"$56"}
[0m[2026-09-16 12:53:45.476][DEBUG] Build graphic in: 0ms
[0;32m[2026-09-16 12:53:45.477][VERB] COMMANDCALL: _C.SafeAPI.Execute(["v1.sketch.create",[{"planeId":56,"name":"F3_makeBox_cad_primitives_py_8_profile","id":4}]])
[0m[0;32m[2026-09-16 12:53:45.480][VERB] RETURN: {"result":"$62"}
[0m[2026-09-16 12:53:45.481][DEBUG] Build graphic in: 0ms
[0;32m[2026-09-16 12:53:45.481][VERB] COMMANDCALL: _C.SafeAPI.Execute(["v1.sketch.rectangle",[{"startPos":[1.4,-1.3,0],"id":62,"genFixation":0,"endPos":[52.4,27.3,0]}]])
[0m[0;32m[2026-09-16 12:53:45.489][VERB] RETURN: {"result":["$68","$72","$78","$84"]}
[0m[2026-09-16 12:53:45.491][DEBUG] Build graphic in: 0ms
[0;32m[2026-09-16 12:53:45.491][VERB] COMMANDCALL: _C.SafeAPI.Execute(["v1.sketch.getPoints",[{"id":68}]])
[0m[0;32m[2026-09-16 12:53:45.492][VERB] RETURN: {"result":{"endId":"$70","startId":"$69"}}
[0m[0;32m[2026-09-16 12:53:45.493][VERB] COMMANDCALL: _C.SafeAPI.Execute(["v1.sketch.point",[{"pos":[-1000,-1000,0],"id":62}]])
[0m[0;32m[2026-09-16 12:53:45.495][VERB] RETURN: {"result":"$100"}
[0m[2026-09-16 12:53:45.497][DEBUG] Build graphic in: 0ms
[0;32m[2026-09-16 12:53:45.497][VERB] COMMANDCALL: _C.SafeAPI.Execute(["v1.sketch.constraint",[{"type":"FIXATION","id":62,"geomIds":[100]}]])
[0m[0;32m[2026-09-16 12:53:45.500][VERB] RETURN: {"result":"$102"}
[0m[2026-09-16 12:53:45.501][DEBUG] Build graphic in: 0ms
[0;32m[2026-09-16 12:53:45.501][VERB] COMMANDCALL: _C.SafeAPI.Execute(["v1.sketch.dimension",[{"type":"HORIZONTAL_DISTANCE","value":"@expr.d5_position_x","name":"position_x","id":62,"geomIds":[100,69]}]])
[0m[0;32m[2026-09-16 12:53:45.510][VERB] RETURN: {"result":"$106"}
[0m[2026-09-16 12:53:45.511][DEBUG] Build graphic in: 0ms
[0;32m[2026-09-16 12:53:45.512][VERB] COMMANDCALL: _C.SafeAPI.Execute(["v1.sketch.dimension",[{"type":"VERTICAL_DISTANCE","value":"@expr.d6_position_y","name":"position_y","id":62,"geomIds":[100,69]}]])
[0m[0;32m[2026-09-16 12:53:45.518][VERB] RETURN: {"result":"$110"}
[0m[2026-09-16 12:53:45.519][DEBUG] Build graphic in: 0ms
[0;32m[2026-09-16 12:53:45.520][VERB] COMMANDCALL: _C.SafeAPI.Execute(["v1.sketch.dimension",[{"type":"OFFSET","value":"@expr.d7_width","name":"width","id":62,"geomIds":[68]}]])
[0m[0;32m[2026-09-16 12:53:45.527][VERB] RETURN: {"result":"$114"}
[0m[2026-09-16 12:53:45.528][DEBUG] Build graphic in: 0ms
[0;32m[2026-09-16 12:53:45.529][VERB] COMMANDCALL: _C.SafeAPI.Execute(["v1.sketch.dimension",[{"type":"OFFSET","value":"@expr.d8_depth","name":"depth","id":62,"geomIds":[72]}]])
[0m[0;32m[2026-09-16 12:53:45.536][VERB] RETURN: {"result":"$118"}
[0m[2026-09-16 12:53:45.538][DEBUG] Build graphic in: 0ms
[0;32m[2026-09-16 12:53:45.540][VERB] COMMANDCALL: _C.SafeAPI.Execute(["v1.part.extrusion",[{"references":[68,72,78,84],"name":"F3_makeBox_cad_primitives_py_8","taperAngle":0,"limit2":"@expr.d9_height","id":4}]])
[0m[0;32m[2026-09-16 12:53:45.546][VERB] RETURN: {"result":"$122"}
[0m[2026-09-16 12:53:45.548][DEBUG] Build graphic in: 0ms
[0;32m[2026-09-16 12:53:45.549][VERB] COMMANDCALL: _C.SafeAPI.Execute(["v1.part.workPlane",[{"type":"PLANE","references":[38],"name":"F10_makeBox_cad_primitives_py_8_plane","offset":"@expr.d11_plane_offset","id":4}]])
[0m[0;32m[2026-09-16 12:53:45.552][VERB] RETURN: {"result":"$165"}
[0m[2026-09-16 12:53:45.553][DEBUG] Build graphic in: 0ms
[0;32m[2026-09-16 12:53:45.554][VERB] COMMANDCALL: _C.SafeAPI.Execute(["v1.sketch.create",[{"planeId":165,"name":"F10_makeBox_cad_primitives_py_8_profile","id":4}]])
[0m[0;32m[2026-09-16 12:53:45.556][VERB] RETURN: {"result":"$171"}
[0m[2026-09-16 12:53:45.557][DEBUG] Build graphic in: 0ms
[0;32m[2026-09-16 12:53:45.558][VERB] COMMANDCALL: _C.SafeAPI.Execute(["v1.sketch.rectangle",[{"startPos":[-1.3,1.4,0],"id":171,"genFixation":0,"endPos":[55.1,24.6,0]}]])
[0m[0;32m[2026-09-16 12:53:45.565][VERB] RETURN: {"result":["$177","$181","$187","$193"]}
[0m[2026-09-16 12:53:45.566][DEBUG] Build graphic in: 0ms
[0;32m[2026-09-16 12:53:45.567][VERB] COMMANDCALL: _C.SafeAPI.Execute(["v1.sketch.getPoints",[{"id":177}]])
[0m[0;32m[2026-09-16 12:53:45.567][VERB] RETURN: {"result":{"endId":"$179","startId":"$178"}}
[0m[0;32m[2026-09-16 12:53:45.570][VERB] COMMANDCALL: _C.SafeAPI.Execute(["v1.sketch.point",[{"pos":[-1000,-1000,0],"id":171}]])
[0m[0;32m[2026-09-16 12:53:45.572][VERB] RETURN: {"result":"$209"}
[0m[2026-09-16 12:53:45.573][DEBUG] Build graphic in: 0ms
[0;32m[2026-09-16 12:53:45.574][VERB] COMMANDCALL: _C.SafeAPI.Execute(["v1.sketch.constraint",[{"type":"FIXATION","id":171,"geomIds":[209]}]])
[0m[0;32m[2026-09-16 12:53:45.575][VERB] RETURN: {"result":"$211"}
[0m[2026-09-16 12:53:45.577][DEBUG] Build graphic in: 0ms
[0;32m[2026-09-16 12:53:45.578][VERB] COMMANDCALL: _C.SafeAPI.Execute(["v1.sketch.dimension",[{"type":"HORIZONTAL_DISTANCE","value":"@expr.d12_position_x","name":"position_x","id":171,"geomIds":[209,178]}]])
[0m[0;32m[2026-09-16 12:53:45.584][VERB] RETURN: {"result":"$215"}
[0m[2026-09-16 12:53:45.585][DEBUG] Build graphic in: 0ms
[0;32m[2026-09-16 12:53:45.586][VERB] COMMANDCALL: _C.SafeAPI.Execute(["v1.sketch.dimension",[{"type":"VERTICAL_DISTANCE","value":"@expr.d13_position_y","name":"position_y","id":171,"geomIds":[209,178]}]])
[0m[0;32m[2026-09-16 12:53:45.592][VERB] RETURN: {"result":"$219"}
[0m[2026-09-16 12:53:45.594][DEBUG] Build graphic in: 0ms
[0;32m[2026-09-16 12:53:45.595][VERB] COMMANDCALL: _C.SafeAPI.Execute(["v1.sketch.dimension",[{"type":"OFFSET","value":"@expr.d14_width","name":"width","id":171,"geomIds":[177]}]])
[0m[0;32m[2026-09-16 12:53:45.602][VERB] RETURN: {"result":"$223"}
[0m[2026-09-16 12:53:45.604][DEBUG] Build graphic in: 0ms
[0;32m[2026-09-16 12:53:45.605][VERB] COMMANDCALL: _C.SafeAPI.Execute(["v1.sketch.dimension",[{"type":"OFFSET","value":"@expr.d15_depth","name":"depth","id":171,"geomIds":[181]}]])
[0m[0;32m[2026-09-16 12:53:45.612][VERB] RETURN: {"result":"$227"}
[0m[2026-09-16 12:53:45.614][DEBUG] Build graphic in: 0ms
[0;32m[2026-09-16 12:53:45.615][VERB] COMMANDCALL: _C.SafeAPI.Execute(["v1.part.extrusion",[{"references":[177,181,187,193],"name":"F10_makeBox_cad_primitives_py_8","taperAngle":0,"limit2":"@expr.d16_height","id":4}]])
[0m[0;32m[2026-09-16 12:53:45.620][VERB] RETURN: {"result":"$231"}
[0m[2026-09-16 12:53:45.622][DEBUG] Build graphic in: 0ms
[0;32m[2026-09-16 12:53:45.623][VERB] COMMANDCALL: _C.SafeAPI.Execute(["v1.part.workPlane",[{"type":"PLANE","references":[38],"name":"F17_makeCylinder_cad_primitives_py_12_plane","offset":"@expr.d18_plane_offset","id":4}]])
[0m[0;32m[2026-09-16 12:53:45.626][VERB] RETURN: {"result":"$274"}
[0m[2026-09-16 12:53:45.628][DEBUG] Build graphic in: 0ms
[0;32m[2026-09-16 12:53:45.629][VERB] COMMANDCALL: _C.SafeAPI.Execute(["v1.sketch.create",[{"planeId":274,"name":"F17_makeCylinder_cad_primitives_py_12_profile","id":4}]])
[0m[0;32m[2026-09-16 12:53:45.631][VERB] RETURN: {"result":"$280"}
[0m[2026-09-16 12:53:45.633][DEBUG] Build graphic in: 0ms
[0;32m[2026-09-16 12:53:45.634][VERB] COMMANDCALL: _C.SafeAPI.Execute(["v1.sketch.circle",[{"radius":2.7,"id":280,"genFixation":0,"centerPos":[1.4,1.4,0]}]])
[0m[0;32m[2026-09-16 12:53:45.636][VERB] RETURN: {"result":"$286"}
[0m[2026-09-16 12:53:45.638][DEBUG] Build graphic in: 0ms
[0;32m[2026-09-16 12:53:45.638][VERB] COMMANDCALL: _C.SafeAPI.Execute(["v1.sketch.getPoints",[{"id":286}]])
[0m[0;32m[2026-09-16 12:53:45.639][VERB] RETURN: {"result":{"centerId":"$287"}}
[0m[0;32m[2026-09-16 12:53:45.641][VERB] COMMANDCALL: _C.SafeAPI.Execute(["v1.sketch.point",[{"pos":[-1000,-1000,0],"id":280}]])
[0m[0;32m[2026-09-16 12:53:45.642][VERB] RETURN: {"result":"$289"}
[0m[2026-09-16 12:53:45.644][DEBUG] Build graphic in: 0ms
[0;32m[2026-09-16 12:53:45.645][VERB] COMMANDCALL: _C.SafeAPI.Execute(["v1.sketch.constraint",[{"type":"FIXATION","id":280,"geomIds":[289]}]])
[0m[0;32m[2026-09-16 12:53:45.646][VERB] RETURN: {"result":"$291"}
[0m[2026-09-16 12:53:45.648][DEBUG] Build graphic in: 0ms
[0;32m[2026-09-16 12:53:45.649][VERB] COMMANDCALL: _C.SafeAPI.Execute(["v1.sketch.dimension",[{"type":"HORIZONTAL_DISTANCE","value":"@expr.d19_position_x","name":"position_x","id":280,"geomIds":[289,287]}]])
[0m[0;32m[2026-09-16 12:53:45.653][VERB] RETURN: {"result":"$295"}
[0m[2026-09-16 12:53:45.655][DEBUG] Build graphic in: 0ms
[0;32m[2026-09-16 12:53:45.656][VERB] COMMANDCALL: _C.SafeAPI.Execute(["v1.sketch.dimension",[{"type":"VERTICAL_DISTANCE","value":"@expr.d20_position_y","name":"position_y","id":280,"geomIds":[289,287]}]])
[0m[0;32m[2026-09-16 12:53:45.661][VERB] RETURN: {"result":"$299"}
[0m[2026-09-16 12:53:45.663][DEBUG] Build graphic in: 0ms
[0;32m[2026-09-16 12:53:45.664][VERB] COMMANDCALL: _C.SafeAPI.Execute(["v1.sketch.dimension",[{"type":"RADIUS","value":"@expr.d21_radius","name":"radius","id":280,"geomIds":[286]}]])
[0m[0;32m[2026-09-16 12:53:45.670][VERB] RETURN: {"result":"$303"}
[0m[2026-09-16 12:53:45.672][DEBUG] Build graphic in: 0ms
[0;32m[2026-09-16 12:53:45.673][VERB] COMMANDCALL: _C.SafeAPI.Execute(["v1.part.extrusion",[{"references":[286],"name":"F17_makeCylinder_cad_primitives_py_12","taperAngle":0,"limit2":"@expr.d22_height","id":4}]])
[0m[0;32m[2026-09-16 12:53:45.678][VERB] RETURN: {"result":"$307"}
[0m[2026-09-16 12:53:45.682][DEBUG] Build graphic in: 1ms
[0;32m[2026-09-16 12:53:45.683][VERB] COMMANDCALL: _C.SafeAPI.Execute(["v1.part.workPlane",[{"type":"PLANE","references":[38],"name":"F23_makeCylinder_cad_primitives_py_12_plane","offset":"@expr.d24_plane_offset","id":4}]])
[0m[0;32m[2026-09-16 12:53:45.686][VERB] RETURN: {"result":"$329"}
[0m[2026-09-16 12:53:45.689][DEBUG] Build graphic in: 0ms
[0;32m[2026-09-16 12:53:45.690][VERB] COMMANDCALL: _C.SafeAPI.Execute(["v1.sketch.create",[{"planeId":329,"name":"F23_makeCylinder_cad_primitives_py_12_profile","id":4}]])
[0m[0;32m[2026-09-16 12:53:45.692][VERB] RETURN: {"result":"$335"}
[0m[2026-09-16 12:53:45.694][DEBUG] Build graphic in: 0ms
[0;32m[2026-09-16 12:53:45.695][VERB] COMMANDCALL: _C.SafeAPI.Execute(["v1.sketch.circle",[{"radius":2.7,"id":335,"genFixation":0,"centerPos":[1.4,24.6,0]}]])
[0m[0;32m[2026-09-16 12:53:45.696][VERB] RETURN: {"result":"$341"}
[0m[2026-09-16 12:53:45.699][DEBUG] Build graphic in: 0ms
[0;32m[2026-09-16 12:53:45.700][VERB] COMMANDCALL: _C.SafeAPI.Execute(["v1.sketch.getPoints",[{"id":341}]])
[0m[0;32m[2026-09-16 12:53:45.700][VERB] RETURN: {"result":{"centerId":"$342"}}
[0m[0;32m[2026-09-16 12:53:45.703][VERB] COMMANDCALL: _C.SafeAPI.Execute(["v1.sketch.point",[{"pos":[-1000,-1000,0],"id":335}]])
[0m[0;32m[2026-09-16 12:53:45.703][VERB] RETURN: {"result":"$344"}
[0m[2026-09-16 12:53:45.706][DEBUG] Build graphic in: 0ms
[0;32m[2026-09-16 12:53:45.707][VERB] COMMANDCALL: _C.SafeAPI.Execute(["v1.sketch.constraint",[{"type":"FIXATION","id":335,"geomIds":[344]}]])
[0m[0;32m[2026-09-16 12:53:45.708][VERB] RETURN: {"result":"$346"}
[0m[2026-09-16 12:53:45.710][DEBUG] Build graphic in: 0ms
[0;32m[2026-09-16 12:53:45.711][VERB] COMMANDCALL: _C.SafeAPI.Execute(["v1.sketch.dimension",[{"type":"HORIZONTAL_DISTANCE","value":"@expr.d25_position_x","name":"position_x","id":335,"geomIds":[344,342]}]])
[0m[0;32m[2026-09-16 12:53:45.716][VERB] RETURN: {"result":"$350"}
[0m[2026-09-16 12:53:45.718][DEBUG] Build graphic in: 0ms
[0;32m[2026-09-16 12:53:45.719][VERB] COMMANDCALL: _C.SafeAPI.Execute(["v1.sketch.dimension",[{"type":"VERTICAL_DISTANCE","value":"@expr.d26_position_y","name":"position_y","id":335,"geomIds":[344,342]}]])
[0m[0;32m[2026-09-16 12:53:45.724][VERB] RETURN: {"result":"$354"}
[0m[2026-09-16 12:53:45.726][DEBUG] Build graphic in: 0ms
[0;32m[2026-09-16 12:53:45.727][VERB] COMMANDCALL: _C.SafeAPI.Execute(["v1.sketch.dimension",[{"type":"RADIUS","value":"@expr.d27_radius","name":"radius","id":335,"geomIds":[341]}]])
[0m[0;32m[2026-09-16 12:53:45.732][VERB] RETURN: {"result":"$358"}
[0m[2026-09-16 12:53:45.735][DEBUG] Build graphic in: 0ms
[0;32m[2026-09-16 12:53:45.736][VERB] COMMANDCALL: _C.SafeAPI.Execute(["v1.part.extrusion",[{"references":[341],"name":"F23_makeCylinder_cad_primitives_py_12","taperAngle":0,"limit2":"@expr.d28_height","id":4}]])
[0m[0;32m[2026-09-16 12:53:45.741][VERB] RETURN: {"result":"$362"}
[0m[2026-09-16 12:53:45.745][DEBUG] Build graphic in: 1ms
[0;32m[2026-09-16 12:53:45.746][VERB] COMMANDCALL: _C.SafeAPI.Execute(["v1.part.workPlane",[{"type":"PLANE","references":[38],"name":"F29_makeCylinder_cad_primitives_py_12_plane","offset":"@expr.d30_plane_offset","id":4}]])
[0m[0;32m[2026-09-16 12:53:45.749][VERB] RETURN: {"result":"$384"}
[0m[2026-09-16 12:53:45.752][DEBUG] Build graphic in: 0ms
[0;32m[2026-09-16 12:53:45.753][VERB] COMMANDCALL: _C.SafeAPI.Execute(["v1.sketch.create",[{"planeId":384,"name":"F29_makeCylinder_cad_primitives_py_12_profile","id":4}]])
[0m[0;32m[2026-09-16 12:53:45.755][VERB] RETURN: {"result":"$390"}
[0m[2026-09-16 12:53:45.757][DEBUG] Build graphic in: 0ms
[0;32m[2026-09-16 12:53:45.758][VERB] COMMANDCALL: _C.SafeAPI.Execute(["v1.sketch.circle",[{"radius":2.7,"id":390,"genFixation":0,"centerPos":[52.4,1.4,0]}]])
[0m[0;32m[2026-09-16 12:53:45.760][VERB] RETURN: {"result":"$396"}
[0m[2026-09-16 12:53:45.762][DEBUG] Build graphic in: 0ms
[0;32m[2026-09-16 12:53:45.763][VERB] COMMANDCALL: _C.SafeAPI.Execute(["v1.sketch.getPoints",[{"id":396}]])
[0m[0;32m[2026-09-16 12:53:45.763][VERB] RETURN: {"result":{"centerId":"$397"}}
[0m[0;32m[2026-09-16 12:53:45.767][VERB] COMMANDCALL: _C.SafeAPI.Execute(["v1.sketch.point",[{"pos":[-1000,-1000,0],"id":390}]])
[0m[0;32m[2026-09-16 12:53:45.767][VERB] RETURN: {"result":"$399"}
[0m[2026-09-16 12:53:45.770][DEBUG] Build graphic in: 0ms
[0;32m[2026-09-16 12:53:45.771][VERB] COMMANDCALL: _C.SafeAPI.Execute(["v1.sketch.constraint",[{"type":"FIXATION","id":390,"geomIds":[399]}]])
[0m[0;32m[2026-09-16 12:53:45.772][VERB] RETURN: {"result":"$401"}
[0m[2026-09-16 12:53:45.775][DEBUG] Build graphic in: 0ms
[0;32m[2026-09-16 12:53:45.775][VERB] COMMANDCALL: _C.SafeAPI.Execute(["v1.sketch.dimension",[{"type":"HORIZONTAL_DISTANCE","value":"@expr.d31_position_x","name":"position_x","id":390,"geomIds":[399,397]}]])
[0m[0;32m[2026-09-16 12:53:45.780][VERB] RETURN: {"result":"$405"}
[0m[2026-09-16 12:53:45.783][DEBUG] Build graphic in: 0ms
[0;32m[2026-09-16 12:53:45.784][VERB] COMMANDCALL: _C.SafeAPI.Execute(["v1.sketch.dimension",[{"type":"VERTICAL_DISTANCE","value":"@expr.d32_position_y","name":"position_y","id":390,"geomIds":[399,397]}]])
[0m[0;32m[2026-09-16 12:53:45.789][VERB] RETURN: {"result":"$409"}
[0m[2026-09-16 12:53:45.791][DEBUG] Build graphic in: 0ms
[0;32m[2026-09-16 12:53:45.793][VERB] COMMANDCALL: _C.SafeAPI.Execute(["v1.sketch.dimension",[{"type":"RADIUS","value":"@expr.d33_radius","name":"radius","id":390,"geomIds":[396]}]])
[0m[0;32m[2026-09-16 12:53:45.797][VERB] RETURN: {"result":"$413"}
[0m[2026-09-16 12:53:45.800][DEBUG] Build graphic in: 0ms
[0;32m[2026-09-16 12:53:45.802][VERB] COMMANDCALL: _C.SafeAPI.Execute(["v1.part.extrusion",[{"references":[396],"name":"F29_makeCylinder_cad_primitives_py_12","taperAngle":0,"limit2":"@expr.d34_height","id":4}]])
[0m[0;32m[2026-09-16 12:53:45.806][VERB] RETURN: {"result":"$417"}
[0m[2026-09-16 12:53:45.810][DEBUG] Build graphic in: 1ms
[0;32m[2026-09-16 12:53:45.811][VERB] COMMANDCALL: _C.SafeAPI.Execute(["v1.part.workPlane",[{"type":"PLANE","references":[38],"name":"F35_makeCylinder_cad_primitives_py_12_plane","offset":"@expr.d36_plane_offset","id":4}]])
[0m[0;32m[2026-09-16 12:53:45.814][VERB] RETURN: {"result":"$439"}
[0m[2026-09-16 12:53:45.817][DEBUG] Build graphic in: 0ms
[0;32m[2026-09-16 12:53:45.818][VERB] COMMANDCALL: _C.SafeAPI.Execute(["v1.sketch.create",[{"planeId":439,"name":"F35_makeCylinder_cad_primitives_py_12_profile","id":4}]])
[0m[0;32m[2026-09-16 12:53:45.820][VERB] RETURN: {"result":"$445"}
[0m[2026-09-16 12:53:45.823][DEBUG] Build graphic in: 0ms
[0;32m[2026-09-16 12:53:45.824][VERB] COMMANDCALL: _C.SafeAPI.Execute(["v1.sketch.circle",[{"radius":2.7,"id":445,"genFixation":0,"centerPos":[52.4,24.6,0]}]])
[0m[0;32m[2026-09-16 12:53:45.825][VERB] RETURN: {"result":"$451"}
[0m[2026-09-16 12:53:45.828][DEBUG] Build graphic in: 0ms
[0;32m[2026-09-16 12:53:45.829][VERB] COMMANDCALL: _C.SafeAPI.Execute(["v1.sketch.getPoints",[{"id":451}]])
[0m[0;32m[2026-09-16 12:53:45.829][VERB] RETURN: {"result":{"centerId":"$452"}}
[0m[0;32m[2026-09-16 12:53:45.833][VERB] COMMANDCALL: _C.SafeAPI.Execute(["v1.sketch.point",[{"pos":[-1000,-1000,0],"id":445}]])
[0m[0;32m[2026-09-16 12:53:45.834][VERB] RETURN: {"result":"$454"}
[0m[2026-09-16 12:53:45.836][DEBUG] Build graphic in: 0ms
[0;32m[2026-09-16 12:53:45.837][VERB] COMMANDCALL: _C.SafeAPI.Execute(["v1.sketch.constraint",[{"type":"FIXATION","id":445,"geomIds":[454]}]])
[0m[0;32m[2026-09-16 12:53:45.838][VERB] RETURN: {"result":"$456"}
[0m[2026-09-16 12:53:45.841][DEBUG] Build graphic in: 0ms
[0;32m[2026-09-16 12:53:45.842][VERB] COMMANDCALL: _C.SafeAPI.Execute(["v1.sketch.dimension",[{"type":"HORIZONTAL_DISTANCE","value":"@expr.d37_position_x","name":"position_x","id":445,"geomIds":[454,452]}]])
[0m[0;32m[2026-09-16 12:53:45.846][VERB] RETURN: {"result":"$460"}
[0m[2026-09-16 12:53:45.849][DEBUG] Build graphic in: 0ms
[0;32m[2026-09-16 12:53:45.850][VERB] COMMANDCALL: _C.SafeAPI.Execute(["v1.sketch.dimension",[{"type":"VERTICAL_DISTANCE","value":"@expr.d38_position_y","name":"position_y","id":445,"geomIds":[454,452]}]])
[0m[0;32m[2026-09-16 12:53:45.855][VERB] RETURN: {"result":"$464"}
[0m[2026-09-16 12:53:45.858][DEBUG] Build graphic in: 0ms
[0;32m[2026-09-16 12:53:45.859][VERB] COMMANDCALL: _C.SafeAPI.Execute(["v1.sketch.dimension",[{"type":"RADIUS","value":"@expr.d39_radius","name":"radius","id":445,"geomIds":[451]}]])
[0m[0;32m[2026-09-16 12:53:45.864][VERB] RETURN: {"result":"$468"}
[0m[2026-09-16 12:53:45.867][DEBUG] Build graphic in: 0ms
[0;32m[2026-09-16 12:53:45.868][VERB] COMMANDCALL: _C.SafeAPI.Execute(["v1.part.extrusion",[{"references":[451],"name":"F35_makeCylinder_cad_primitives_py_12","taperAngle":0,"limit2":"@expr.d40_height","id":4}]])
[0m[0;32m[2026-09-16 12:53:45.873][VERB] RETURN: {"result":"$472"}
[0m[2026-09-16 12:53:45.877][DEBUG] Build graphic in: 1ms
[0;32m[2026-09-16 12:53:45.878][VERB] COMMANDCALL: _C.SafeAPI.Execute(["v1.part.workPlane",[{"type":"PLANE","references":[38],"name":"F41_makeBox_cad_primitives_py_8_plane","offset":"@expr.d42_plane_offset","id":4}]])
[0m[0;32m[2026-09-16 12:53:45.881][VERB] RETURN: {"result":"$494"}
[0m[2026-09-16 12:53:45.884][DEBUG] Build graphic in: 0ms
[0;32m[2026-09-16 12:53:45.886][VERB] COMMANDCALL: _C.SafeAPI.Execute(["v1.sketch.create",[{"planeId":494,"name":"F41_makeBox_cad_primitives_py_8_profile","id":4}]])
[0m[0;32m[2026-09-16 12:53:45.888][VERB] RETURN: {"result":"$500"}
[0m[2026-09-16 12:53:45.891][DEBUG] Build graphic in: 0ms
[0;32m[2026-09-16 12:53:45.892][VERB] COMMANDCALL: _C.SafeAPI.Execute(["v1.sketch.rectangle",[{"startPos":[1.4,20.1,0],"id":500,"genFixation":0,"endPos":[56.4,65.9,0]}]])
[0m[0;32m[2026-09-16 12:53:45.898][VERB] RETURN: {"result":["$506","$510","$516","$522"]}
[0m[2026-09-16 12:53:45.902][DEBUG] Build graphic in: 0ms
[0;32m[2026-09-16 12:53:45.903][VERB] COMMANDCALL: _C.SafeAPI.Execute(["v1.sketch.getPoints",[{"id":506}]])
[0m[0;32m[2026-09-16 12:53:45.903][VERB] RETURN: {"result":{"endId":"$508","startId":"$507"}}
[0m[0;32m[2026-09-16 12:53:45.907][VERB] COMMANDCALL: _C.SafeAPI.Execute(["v1.sketch.point",[{"pos":[-1000,-1000,0],"id":500}]])
[0m[0;32m[2026-09-16 12:53:45.909][VERB] RETURN: {"result":"$538"}
[0m[2026-09-16 12:53:45.913][DEBUG] Build graphic in: 0ms
[0;32m[2026-09-16 12:53:45.914][VERB] COMMANDCALL: _C.SafeAPI.Execute(["v1.sketch.constraint",[{"type":"FIXATION","id":500,"geomIds":[538]}]])
[0m[0;32m[2026-09-16 12:53:45.916][VERB] RETURN: {"result":"$540"}
[0m[2026-09-16 12:53:45.919][DEBUG] Build graphic in: 0ms
[0;32m[2026-09-16 12:53:45.920][VERB] COMMANDCALL: _C.SafeAPI.Execute(["v1.sketch.dimension",[{"type":"HORIZONTAL_DISTANCE","value":"@expr.d43_position_x","name":"position_x","id":500,"geomIds":[538,507]}]])
[0m[0;32m[2026-09-16 12:53:45.926][VERB] RETURN: {"result":"$544"}
[0m[2026-09-16 12:53:45.929][DEBUG] Build graphic in: 0ms
[0;32m[2026-09-16 12:53:45.930][VERB] COMMANDCALL: _C.SafeAPI.Execute(["v1.sketch.dimension",[{"type":"VERTICAL_DISTANCE","value":"@expr.d44_position_y","name":"position_y","id":500,"geomIds":[538,507]}]])
[0m[0;32m[2026-09-16 12:53:45.936][VERB] RETURN: {"result":"$548"}
[0m[2026-09-16 12:53:45.940][DEBUG] Build graphic in: 0ms
[0;32m[2026-09-16 12:53:45.941][VERB] COMMANDCALL: _C.SafeAPI.Execute(["v1.sketch.dimension",[{"type":"OFFSET","value":"@expr.d45_width","name":"width","id":500,"geomIds":[506]}]])
[0m[0;32m[2026-09-16 12:53:45.949][VERB] RETURN: {"result":"$552"}
[0m[2026-09-16 12:53:45.952][DEBUG] Build graphic in: 0ms
[0;32m[2026-09-16 12:53:45.954][VERB] COMMANDCALL: _C.SafeAPI.Execute(["v1.sketch.dimension",[{"type":"OFFSET","value":"@expr.d46_depth","name":"depth","id":500,"geomIds":[510]}]])
[0m[0;32m[2026-09-16 12:53:45.961][VERB] RETURN: {"result":"$556"}
[0m[2026-09-16 12:53:45.965][DEBUG] Build graphic in: 0ms
[0;32m[2026-09-16 12:53:45.967][VERB] COMMANDCALL: _C.SafeAPI.Execute(["v1.part.extrusion",[{"references":[506,510,516,522],"name":"F41_makeBox_cad_primitives_py_8","taperAngle":0,"limit2":"@expr.d47_height","id":4}]])
[0m[0;32m[2026-09-16 12:53:45.971][VERB] RETURN: {"result":"$560"}
[0m[2026-09-16 12:53:45.975][DEBUG] Build graphic in: 0ms
[0;32m[2026-09-16 12:53:45.976][VERB] COMMANDCALL: _C.SafeAPI.Execute(["v1.part.workPlane",[{"type":"PLANE","references":[38],"name":"F48_makeBox_cad_primitives_py_8_plane","offset":"@expr.d49_plane_offset","id":4}]])
[0m[0;32m[2026-09-16 12:53:45.980][VERB] RETURN: {"result":"$603"}
[0m[2026-09-16 12:53:45.983][DEBUG] Build graphic in: 0ms
[0;32m[2026-09-16 12:53:45.985][VERB] COMMANDCALL: _C.SafeAPI.Execute(["v1.sketch.create",[{"planeId":603,"name":"F48_makeBox_cad_primitives_py_8_profile","id":4}]])
[0m[0;32m[2026-09-16 12:53:45.987][VERB] RETURN: {"result":"$609"}
[0m[2026-09-16 12:53:45.990][DEBUG] Build graphic in: 0ms
[0;32m[2026-09-16 12:53:45.992][VERB] COMMANDCALL: _C.SafeAPI.Execute(["v1.sketch.rectangle",[{"startPos":[-1.3,22.8,0],"id":609,"genFixation":0,"endPos":[59.1,63.2,0]}]])
[0m[0;32m[2026-09-16 12:53:45.998][VERB] RETURN: {"result":["$615","$619","$625","$631"]}
[0m[2026-09-16 12:53:46.002][DEBUG] Build graphic in: 0ms
[0;32m[2026-09-16 12:53:46.003][VERB] COMMANDCALL: _C.SafeAPI.Execute(["v1.sketch.getPoints",[{"id":615}]])
[0m[0;32m[2026-09-16 12:53:46.003][VERB] RETURN: {"result":{"endId":"$617","startId":"$616"}}
[0m[0;32m[2026-09-16 12:53:46.008][VERB] COMMANDCALL: _C.SafeAPI.Execute(["v1.sketch.point",[{"pos":[-1000,-1000,0],"id":609}]])
[0m[0;32m[2026-09-16 12:53:46.010][VERB] RETURN: {"result":"$647"}
[0m[2026-09-16 12:53:46.014][DEBUG] Build graphic in: 0ms
[0;32m[2026-09-16 12:53:46.016][VERB] COMMANDCALL: _C.SafeAPI.Execute(["v1.sketch.constraint",[{"type":"FIXATION","id":609,"geomIds":[647]}]])
[0m[0;32m[2026-09-16 12:53:46.017][VERB] RETURN: {"result":"$649"}
[0m[2026-09-16 12:53:46.021][DEBUG] Build graphic in: 0ms
[0;32m[2026-09-16 12:53:46.022][VERB] COMMANDCALL: _C.SafeAPI.Execute(["v1.sketch.dimension",[{"type":"HORIZONTAL_DISTANCE","value":"@expr.d50_position_x","name":"position_x","id":609,"geomIds":[647,616]}]])
[0m[0;32m[2026-09-16 12:53:46.027][VERB] RETURN: {"result":"$653"}
[0m[2026-09-16 12:53:46.031][DEBUG] Build graphic in: 0ms
[0;32m[2026-09-16 12:53:46.033][VERB] COMMANDCALL: _C.SafeAPI.Execute(["v1.sketch.dimension",[{"type":"VERTICAL_DISTANCE","value":"@expr.d51_position_y","name":"position_y","id":609,"geomIds":[647,616]}]])
[0m[0;32m[2026-09-16 12:53:46.039][VERB] RETURN: {"result":"$657"}
[0m[2026-09-16 12:53:46.043][DEBUG] Build graphic in: 0ms
[0;32m[2026-09-16 12:53:46.044][VERB] COMMANDCALL: _C.SafeAPI.Execute(["v1.sketch.dimension",[{"type":"OFFSET","value":"@expr.d52_width","name":"width","id":609,"geomIds":[615]}]])
[0m[0;32m[2026-09-16 12:53:46.051][VERB] RETURN: {"result":"$661"}
[0m[2026-09-16 12:53:46.056][DEBUG] Build graphic in: 1ms
[0;32m[2026-09-16 12:53:46.057][VERB] COMMANDCALL: _C.SafeAPI.Execute(["v1.sketch.dimension",[{"type":"OFFSET","value":"@expr.d53_depth","name":"depth","id":609,"geomIds":[619]}]])
[0m[0;32m[2026-09-16 12:53:46.065][VERB] RETURN: {"result":"$665"}
[0m[2026-09-16 12:53:46.069][DEBUG] Build graphic in: 0ms
[0;32m[2026-09-16 12:53:46.070][VERB] COMMANDCALL: _C.SafeAPI.Execute(["v1.part.extrusion",[{"references":[615,619,625,631],"name":"F48_makeBox_cad_primitives_py_8","taperAngle":0,"limit2":"@expr.d54_height","id":4}]])
[0m[0;32m[2026-09-16 12:53:46.075][VERB] RETURN: {"result":"$669"}
[0m[2026-09-16 12:53:46.079][DEBUG] Build graphic in: 0ms
[0;32m[2026-09-16 12:53:46.081][VERB] COMMANDCALL: _C.SafeAPI.Execute(["v1.part.workPlane",[{"type":"PLANE","references":[38],"name":"F55_makeCylinder_cad_primitives_py_12_plane","offset":"@expr.d56_plane_offset","id":4}]])
[0m[0;32m[2026-09-16 12:53:46.084][VERB] RETURN: {"result":"$712"}
[0m[2026-09-16 12:53:46.089][DEBUG] Build graphic in: 0ms
[0;32m[2026-09-16 12:53:46.090][VERB] COMMANDCALL: _C.SafeAPI.Execute(["v1.sketch.create",[{"planeId":712,"name":"F55_makeCylinder_cad_primitives_py_12_profile","id":4}]])
[0m[0;32m[2026-09-16 12:53:46.092][VERB] RETURN: {"result":"$718"}
[0m[2026-09-16 12:53:46.097][DEBUG] Build graphic in: 0ms
[0;32m[2026-09-16 12:53:46.098][VERB] COMMANDCALL: _C.SafeAPI.Execute(["v1.sketch.circle",[{"radius":2.7,"id":718,"genFixation":0,"centerPos":[1.4,22.8,0]}]])
[0m[0;32m[2026-09-16 12:53:46.099][VERB] RETURN: {"result":"$724"}
[0m[2026-09-16 12:53:46.103][DEBUG] Build graphic in: 0ms
[0;32m[2026-09-16 12:53:46.105][VERB] COMMANDCALL: _C.SafeAPI.Execute(["v1.sketch.getPoints",[{"id":724}]])
[0m[0;32m[2026-09-16 12:53:46.105][VERB] RETURN: {"result":{"centerId":"$725"}}
[0m[0;32m[2026-09-16 12:53:46.110][VERB] COMMANDCALL: _C.SafeAPI.Execute(["v1.sketch.point",[{"pos":[-1000,-1000,0],"id":718}]])
[0m[0;32m[2026-09-16 12:53:46.111][VERB] RETURN: {"result":"$727"}
[0m[2026-09-16 12:53:46.116][DEBUG] Build graphic in: 0ms
[0;32m[2026-09-16 12:53:46.117][VERB] COMMANDCALL: _C.SafeAPI.Execute(["v1.sketch.constraint",[{"type":"FIXATION","id":718,"geomIds":[727]}]])
[0m[0;32m[2026-09-16 12:53:46.118][VERB] RETURN: {"result":"$729"}
[0m[2026-09-16 12:53:46.123][DEBUG] Build graphic in: 0ms
[0;32m[2026-09-16 12:53:46.124][VERB] COMMANDCALL: _C.SafeAPI.Execute(["v1.sketch.dimension",[{"type":"HORIZONTAL_DISTANCE","value":"@expr.d57_position_x","name":"position_x","id":718,"geomIds":[727,725]}]])
[0m[0;32m[2026-09-16 12:53:46.128][VERB] RETURN: {"result":"$733"}
[0m[2026-09-16 12:53:46.133][DEBUG] Build graphic in: 0ms
[0;32m[2026-09-16 12:53:46.135][VERB] COMMANDCALL: _C.SafeAPI.Execute(["v1.sketch.dimension",[{"type":"VERTICAL_DISTANCE","value":"@expr.d58_position_y","name":"position_y","id":718,"geomIds":[727,725]}]])
[0m[0;32m[2026-09-16 12:53:46.140][VERB] RETURN: {"result":"$737"}
[0m[2026-09-16 12:53:46.144][DEBUG] Build graphic in: 0ms
[0;32m[2026-09-16 12:53:46.146][VERB] COMMANDCALL: _C.SafeAPI.Execute(["v1.sketch.dimension",[{"type":"RADIUS","value":"@expr.d59_radius","name":"radius","id":718,"geomIds":[724]}]])
[0m[0;32m[2026-09-16 12:53:46.151][VERB] RETURN: {"result":"$741"}
[0m[2026-09-16 12:53:46.155][DEBUG] Build graphic in: 0ms
[0;32m[2026-09-16 12:53:46.157][VERB] COMMANDCALL: _C.SafeAPI.Execute(["v1.part.extrusion",[{"references":[724],"name":"F55_makeCylinder_cad_primitives_py_12","taperAngle":0,"limit2":"@expr.d60_height","id":4}]])
[0m[0;32m[2026-09-16 12:53:46.162][VERB] RETURN: {"result":"$745"}
[0m[2026-09-16 12:53:46.168][DEBUG] Build graphic in: 1ms
[0;32m[2026-09-16 12:53:46.170][VERB] COMMANDCALL: _C.SafeAPI.Execute(["v1.part.workPlane",[{"type":"PLANE","references":[38],"name":"F61_makeCylinder_cad_primitives_py_12_plane","offset":"@expr.d62_plane_offset","id":4}]])
[0m[0;32m[2026-09-16 12:53:46.173][VERB] RETURN: {"result":"$767"}
[0m[2026-09-16 12:53:46.178][DEBUG] Build graphic in: 0ms
[0;32m[2026-09-16 12:53:46.179][VERB] COMMANDCALL: _C.SafeAPI.Execute(["v1.sketch.create",[{"planeId":767,"name":"F61_makeCylinder_cad_primitives_py_12_profile","id":4}]])
[0m[0;32m[2026-09-16 12:53:46.181][VERB] RETURN: {"result":"$773"}
[0m[2026-09-16 12:53:46.186][DEBUG] Build graphic in: 0ms
[0;32m[2026-09-16 12:53:46.187][VERB] COMMANDCALL: _C.SafeAPI.Execute(["v1.sketch.circle",[{"radius":2.7,"id":773,"genFixation":0,"centerPos":[1.4,63.2,0]}]])
[0m[0;32m[2026-09-16 12:53:46.189][VERB] RETURN: {"result":"$779"}
[0m[2026-09-16 12:53:46.193][DEBUG] Build graphic in: 0ms
[0;32m[2026-09-16 12:53:46.195][VERB] COMMANDCALL: _C.SafeAPI.Execute(["v1.sketch.getPoints",[{"id":779}]])
[0m[0;32m[2026-09-16 12:53:46.195][VERB] RETURN: {"result":{"centerId":"$780"}}
[0m[0;32m[2026-09-16 12:53:46.201][VERB] COMMANDCALL: _C.SafeAPI.Execute(["v1.sketch.point",[{"pos":[-1000,-1000,0],"id":773}]])
[0m[0;32m[2026-09-16 12:53:46.202][VERB] RETURN: {"result":"$782"}
[0m[2026-09-16 12:53:46.207][DEBUG] Build graphic in: 0ms
[0;32m[2026-09-16 12:53:46.209][VERB] COMMANDCALL: _C.SafeAPI.Execute(["v1.sketch.constraint",[{"type":"FIXATION","id":773,"geomIds":[782]}]])
[0m[0;32m[2026-09-16 12:53:46.210][VERB] RETURN: {"result":"$784"}
[0m[2026-09-16 12:53:46.215][DEBUG] Build graphic in: 0ms
[0;32m[2026-09-16 12:53:46.216][VERB] COMMANDCALL: _C.SafeAPI.Execute(["v1.sketch.dimension",[{"type":"HORIZONTAL_DISTANCE","value":"@expr.d63_position_x","name":"position_x","id":773,"geomIds":[782,780]}]])
[0m[0;32m[2026-09-16 12:53:46.220][VERB] RETURN: {"result":"$788"}
[0m[2026-09-16 12:53:46.225][DEBUG] Build graphic in: 0ms
[0;32m[2026-09-16 12:53:46.227][VERB] COMMANDCALL: _C.SafeAPI.Execute(["v1.sketch.dimension",[{"type":"VERTICAL_DISTANCE","value":"@expr.d64_position_y","name":"position_y","id":773,"geomIds":[782,780]}]])
[0m[0;32m[2026-09-16 12:53:46.232][VERB] RETURN: {"result":"$792"}
[0m[2026-09-16 12:53:46.237][DEBUG] Build graphic in: 0ms
[0;32m[2026-09-16 12:53:46.239][VERB] COMMANDCALL: _C.SafeAPI.Execute(["v1.sketch.dimension",[{"type":"RADIUS","value":"@expr.d65_radius","name":"radius","id":773,"geomIds":[779]}]])
[0m[0;32m[2026-09-16 12:53:46.243][VERB] RETURN: {"result":"$796"}
[0m[2026-09-16 12:53:46.248][DEBUG] Build graphic in: 0ms
[0;32m[2026-09-16 12:53:46.250][VERB] COMMANDCALL: _C.SafeAPI.Execute(["v1.part.extrusion",[{"references":[779],"name":"F61_makeCylinder_cad_primitives_py_12","taperAngle":0,"limit2":"@expr.d66_height","id":4}]])
[0m[0;32m[2026-09-16 12:53:46.255][VERB] RETURN: {"result":"$800"}
[0m[2026-09-16 12:53:46.261][DEBUG] Build graphic in: 1ms
[0;32m[2026-09-16 12:53:46.263][VERB] COMMANDCALL: _C.SafeAPI.Execute(["v1.part.workPlane",[{"type":"PLANE","references":[38],"name":"F67_makeCylinder_cad_primitives_py_12_plane","offset":"@expr.d68_plane_offset","id":4}]])
[0m[0;32m[2026-09-16 12:53:46.267][VERB] RETURN: {"result":"$822"}
[0m[2026-09-16 12:53:46.272][DEBUG] Build graphic in: 0ms
[0;32m[2026-09-16 12:53:46.273][VERB] COMMANDCALL: _C.SafeAPI.Execute(["v1.sketch.create",[{"planeId":822,"name":"F67_makeCylinder_cad_primitives_py_12_profile","id":4}]])
[0m[0;32m[2026-09-16 12:53:46.275][VERB] RETURN: {"result":"$828"}
[0m[2026-09-16 12:53:46.280][DEBUG] Build graphic in: 0ms
[0;32m[2026-09-16 12:53:46.282][VERB] COMMANDCALL: _C.SafeAPI.Execute(["v1.sketch.circle",[{"radius":2.7,"id":828,"genFixation":0,"centerPos":[56.4,22.8,0]}]])
[0m[0;32m[2026-09-16 12:53:46.283][VERB] RETURN: {"result":"$834"}
[0m[2026-09-16 12:53:46.288][DEBUG] Build graphic in: 0ms
[0;32m[2026-09-16 12:53:46.290][VERB] COMMANDCALL: _C.SafeAPI.Execute(["v1.sketch.getPoints",[{"id":834}]])
[0m[0;32m[2026-09-16 12:53:46.290][VERB] RETURN: {"result":{"centerId":"$835"}}
[0m[0;32m[2026-09-16 12:53:46.296][VERB] COMMANDCALL: _C.SafeAPI.Execute(["v1.sketch.point",[{"pos":[-1000,-1000,0],"id":828}]])
[0m[0;32m[2026-09-16 12:53:46.297][VERB] RETURN: {"result":"$837"}
[0m[2026-09-16 12:53:46.302][DEBUG] Build graphic in: 0ms
[0;32m[2026-09-16 12:53:46.304][VERB] COMMANDCALL: _C.SafeAPI.Execute(["v1.sketch.constraint",[{"type":"FIXATION","id":828,"geomIds":[837]}]])
[0m[0;32m[2026-09-16 12:53:46.305][VERB] RETURN: {"result":"$839"}
[0m[2026-09-16 12:53:46.309][DEBUG] Build graphic in: 0ms
[0;32m[2026-09-16 12:53:46.311][VERB] COMMANDCALL: _C.SafeAPI.Execute(["v1.sketch.dimension",[{"type":"HORIZONTAL_DISTANCE","value":"@expr.d69_position_x","name":"position_x","id":828,"geomIds":[837,835]}]])
[0m[0;32m[2026-09-16 12:53:46.315][VERB] RETURN: {"result":"$843"}
[0m[2026-09-16 12:53:46.320][DEBUG] Build graphic in: 0ms
[0;32m[2026-09-16 12:53:46.322][VERB] COMMANDCALL: _C.SafeAPI.Execute(["v1.sketch.dimension",[{"type":"VERTICAL_DISTANCE","value":"@expr.d70_position_y","name":"position_y","id":828,"geomIds":[837,835]}]])
[0m[0;32m[2026-09-16 12:53:46.327][VERB] RETURN: {"result":"$847"}
[0m[2026-09-16 12:53:46.332][DEBUG] Build graphic in: 0ms
[0;32m[2026-09-16 12:53:46.333][VERB] COMMANDCALL: _C.SafeAPI.Execute(["v1.sketch.dimension",[{"type":"RADIUS","value":"@expr.d71_radius","name":"radius","id":828,"geomIds":[834]}]])
[0m[0;32m[2026-09-16 12:53:46.338][VERB] RETURN: {"result":"$851"}
[0m[2026-09-16 12:53:46.344][DEBUG] Build graphic in: 0ms
[0;32m[2026-09-16 12:53:46.346][VERB] COMMANDCALL: _C.SafeAPI.Execute(["v1.part.extrusion",[{"references":[834],"name":"F67_makeCylinder_cad_primitives_py_12","taperAngle":0,"limit2":"@expr.d72_height","id":4}]])
[0m[0;32m[2026-09-16 12:53:46.350][VERB] RETURN: {"result":"$855"}
[0m[2026-09-16 12:53:46.357][DEBUG] Build graphic in: 1ms
[0;32m[2026-09-16 12:53:46.359][VERB] COMMANDCALL: _C.SafeAPI.Execute(["v1.part.workPlane",[{"type":"PLANE","references":[38],"name":"F73_makeCylinder_cad_primitives_py_12_plane","offset":"@expr.d74_plane_offset","id":4}]])
[0m[0;32m[2026-09-16 12:53:46.362][VERB] RETURN: {"result":"$877"}
[0m[2026-09-16 12:53:46.367][DEBUG] Build graphic in: 0ms
[0;32m[2026-09-16 12:53:46.369][VERB] COMMANDCALL: _C.SafeAPI.Execute(["v1.sketch.create",[{"planeId":877,"name":"F73_makeCylinder_cad_primitives_py_12_profile","id":4}]])
[0m[0;32m[2026-09-16 12:53:46.371][VERB] RETURN: {"result":"$883"}
[0m[2026-09-16 12:53:46.377][DEBUG] Build graphic in: 0ms
[0;32m[2026-09-16 12:53:46.378][VERB] COMMANDCALL: _C.SafeAPI.Execute(["v1.sketch.circle",[{"radius":2.7,"id":883,"genFixation":0,"centerPos":[56.4,63.2,0]}]])
[0m[0;32m[2026-09-16 12:53:46.380][VERB] RETURN: {"result":"$889"}
[0m[2026-09-16 12:53:46.385][DEBUG] Build graphic in: 0ms
[0;32m[2026-09-16 12:53:46.387][VERB] COMMANDCALL: _C.SafeAPI.Execute(["v1.sketch.getPoints",[{"id":889}]])
[0m[0;32m[2026-09-16 12:53:46.387][VERB] RETURN: {"result":{"centerId":"$890"}}
[0m[0;32m[2026-09-16 12:53:46.394][VERB] COMMANDCALL: _C.SafeAPI.Execute(["v1.sketch.point",[{"pos":[-1000,-1000,0],"id":883}]])
[0m[0;32m[2026-09-16 12:53:46.395][VERB] RETURN: {"result":"$892"}
[0m[2026-09-16 12:53:46.401][DEBUG] Build graphic in: 0ms
[0;32m[2026-09-16 12:53:46.402][VERB] COMMANDCALL: _C.SafeAPI.Execute(["v1.sketch.constraint",[{"type":"FIXATION","id":883,"geomIds":[892]}]])
[0m[0;32m[2026-09-16 12:53:46.403][VERB] RETURN: {"result":"$894"}
[0m[2026-09-16 12:53:46.409][DEBUG] Build graphic in: 0ms
[0;32m[2026-09-16 12:53:46.410][VERB] COMMANDCALL: _C.SafeAPI.Execute(["v1.sketch.dimension",[{"type":"HORIZONTAL_DISTANCE","value":"@expr.d75_position_x","name":"position_x","id":883,"geomIds":[892,890]}]])
[0m[0;32m[2026-09-16 12:53:46.415][VERB] RETURN: {"result":"$898"}
[0m[2026-09-16 12:53:46.420][DEBUG] Build graphic in: 0ms
[0;32m[2026-09-16 12:53:46.422][VERB] COMMANDCALL: _C.SafeAPI.Execute(["v1.sketch.dimension",[{"type":"VERTICAL_DISTANCE","value":"@expr.d76_position_y","name":"position_y","id":883,"geomIds":[892,890]}]])
[0m[0;32m[2026-09-16 12:53:46.427][VERB] RETURN: {"result":"$902"}
[0m[2026-09-16 12:53:46.432][DEBUG] Build graphic in: 0ms
[0;32m[2026-09-16 12:53:46.434][VERB] COMMANDCALL: _C.SafeAPI.Execute(["v1.sketch.dimension",[{"type":"RADIUS","value":"@expr.d77_radius","name":"radius","id":883,"geomIds":[889]}]])
[0m[0;32m[2026-09-16 12:53:46.439][VERB] RETURN: {"result":"$906"}
[0m[2026-09-16 12:53:46.445][DEBUG] Build graphic in: 0ms
[0;32m[2026-09-16 12:53:46.447][VERB] COMMANDCALL: _C.SafeAPI.Execute(["v1.part.extrusion",[{"references":[889],"name":"F73_makeCylinder_cad_primitives_py_12","taperAngle":0,"limit2":"@expr.d78_height","id":4}]])
[0m[0;32m[2026-09-16 12:53:46.452][VERB] RETURN: {"result":"$910"}
[0m[2026-09-16 12:53:46.458][DEBUG] Build graphic in: 1ms
[0;32m[2026-09-16 12:53:46.460][VERB] COMMANDCALL: _C.SafeAPI.Execute(["v1.part.workPlane",[{"type":"PLANE","references":[38],"name":"F79_makeBox_cad_primitives_py_8_plane","offset":"@expr.d80_plane_offset","id":4}]])
[0m[0;32m[2026-09-16 12:53:46.464][VERB] RETURN: {"result":"$932"}
[0m[2026-09-16 12:53:46.469][DEBUG] Build graphic in: 0ms
[0;32m[2026-09-16 12:53:46.471][VERB] COMMANDCALL: _C.SafeAPI.Execute(["v1.sketch.create",[{"planeId":932,"name":"F79_makeBox_cad_primitives_py_8_profile","id":4}]])
[0m[0;32m[2026-09-16 12:53:46.473][VERB] RETURN: {"result":"$938"}
[0m[2026-09-16 12:53:46.479][DEBUG] Build graphic in: 0ms
[0;32m[2026-09-16 12:53:46.480][VERB] COMMANDCALL: _C.SafeAPI.Execute(["v1.sketch.rectangle",[{"startPos":[48.8,-1.3,0],"id":938,"genFixation":0,"endPos":[89.8,40.8,0]}]])
[0m[0;32m[2026-09-16 12:53:46.486][VERB] RETURN: {"result":["$944","$948","$954","$960"]}
[0m[2026-09-16 12:53:46.492][DEBUG] Build graphic in: 0ms
[0;32m[2026-09-16 12:53:46.494][VERB] COMMANDCALL: _C.SafeAPI.Execute(["v1.sketch.getPoints",[{"id":944}]])
[0m[0;32m[2026-09-16 12:53:46.494][VERB] RETURN: {"result":{"endId":"$946","startId":"$945"}}
[0m[0;32m[2026-09-16 12:53:46.501][VERB] COMMANDCALL: _C.SafeAPI.Execute(["v1.sketch.point",[{"pos":[-1000,-1000,0],"id":938}]])
[0m[0;32m[2026-09-16 12:53:46.503][VERB] RETURN: {"result":"$976"}
[0m[2026-09-16 12:53:46.509][DEBUG] Build graphic in: 0ms
[0;32m[2026-09-16 12:53:46.511][VERB] COMMANDCALL: _C.SafeAPI.Execute(["v1.sketch.constraint",[{"type":"FIXATION","id":938,"geomIds":[976]}]])
[0m[0;32m[2026-09-16 12:53:46.513][VERB] RETURN: {"result":"$978"}
[0m[2026-09-16 12:53:46.518][DEBUG] Build graphic in: 0ms
[0;32m[2026-09-16 12:53:46.520][VERB] COMMANDCALL: _C.SafeAPI.Execute(["v1.sketch.dimension",[{"type":"HORIZONTAL_DISTANCE","value":"@expr.d81_position_x","name":"position_x","id":938,"geomIds":[976,945]}]])
[0m[0;32m[2026-09-16 12:53:46.525][VERB] RETURN: {"result":"$982"}
[0m[2026-09-16 12:53:46.531][DEBUG] Build graphic in: 0ms
[0;32m[2026-09-16 12:53:46.533][VERB] COMMANDCALL: _C.SafeAPI.Execute(["v1.sketch.dimension",[{"type":"VERTICAL_DISTANCE","value":"@expr.d82_position_y","name":"position_y","id":938,"geomIds":[976,945]}]])
[0m[0;32m[2026-09-16 12:53:46.539][VERB] RETURN: {"result":"$986"}
[0m[2026-09-16 12:53:46.545][DEBUG] Build graphic in: 0ms
[0;32m[2026-09-16 12:53:46.547][VERB] COMMANDCALL: _C.SafeAPI.Execute(["v1.sketch.dimension",[{"type":"OFFSET","value":"@expr.d83_width","name":"width","id":938,"geomIds":[944]}]])
[0m[0;32m[2026-09-16 12:53:46.554][VERB] RETURN: {"result":"$990"}
[0m[2026-09-16 12:53:46.560][DEBUG] Build graphic in: 0ms
[0;32m[2026-09-16 12:53:46.562][VERB] COMMANDCALL: _C.SafeAPI.Execute(["v1.sketch.dimension",[{"type":"OFFSET","value":"@expr.d84_depth","name":"depth","id":938,"geomIds":[948]}]])
[0m[0;32m[2026-09-16 12:53:46.569][VERB] RETURN: {"result":"$994"}
[0m[2026-09-16 12:53:46.575][DEBUG] Build graphic in: 0ms
[0;32m[2026-09-16 12:53:46.577][VERB] COMMANDCALL: _C.SafeAPI.Execute(["v1.part.extrusion",[{"references":[944,948,954,960],"name":"F79_makeBox_cad_primitives_py_8","taperAngle":0,"limit2":"@expr.d85_height","id":4}]])
[0m[0;32m[2026-09-16 12:53:46.582][VERB] RETURN: {"result":"$998"}
[0m[2026-09-16 12:53:46.589][DEBUG] Build graphic in: 1ms
[0;32m[2026-09-16 12:53:46.591][VERB] COMMANDCALL: _C.SafeAPI.Execute(["v1.part.workPlane",[{"type":"PLANE","references":[38],"name":"F86_makeBox_cad_primitives_py_8_plane","offset":"@expr.d87_plane_offset","id":4}]])
[0m[0;32m[2026-09-16 12:53:46.594][VERB] RETURN: {"result":"$1041"}
[0m[2026-09-16 12:53:46.600][DEBUG] Build graphic in: 0ms
[0;32m[2026-09-16 12:53:46.602][VERB] COMMANDCALL: _C.SafeAPI.Execute(["v1.sketch.create",[{"planeId":1041,"name":"F86_makeBox_cad_primitives_py_8_profile","id":4}]])
[0m[0;32m[2026-09-16 12:53:46.604][VERB] RETURN: {"result":"$1047"}
[0m[2026-09-16 12:53:46.610][DEBUG] Build graphic in: 0ms
[0;32m[2026-09-16 12:53:46.612][VERB] COMMANDCALL: _C.SafeAPI.Execute(["v1.sketch.rectangle",[{"startPos":[46.1,1.4,0],"id":1047,"genFixation":0,"endPos":[92.5,38.1,0]}]])
[0m[0;32m[2026-09-16 12:53:46.618][VERB] RETURN: {"result":["$1053","$1057","$1063","$1069"]}
[0m[2026-09-16 12:53:46.625][DEBUG] Build graphic in: 0ms
[0;32m[2026-09-16 12:53:46.627][VERB] COMMANDCALL: _C.SafeAPI.Execute(["v1.sketch.getPoints",[{"id":1053}]])
[0m[0;32m[2026-09-16 12:53:46.627][VERB] RETURN: {"result":{"endId":"$1055","startId":"$1054"}}
[0m[0;32m[2026-09-16 12:53:46.635][VERB] COMMANDCALL: _C.SafeAPI.Execute(["v1.sketch.point",[{"pos":[-1000,-1000,0],"id":1047}]])
[0m[0;32m[2026-09-16 12:53:46.637][VERB] RETURN: {"result":"$1085"}
[0m[2026-09-16 12:53:46.644][DEBUG] Build graphic in: 0ms
[0;32m[2026-09-16 12:53:46.646][VERB] COMMANDCALL: _C.SafeAPI.Execute(["v1.sketch.constraint",[{"type":"FIXATION","id":1047,"geomIds":[1085]}]])
[0m[0;32m[2026-09-16 12:53:46.648][VERB] RETURN: {"result":"$1087"}
[0m[2026-09-16 12:53:46.654][DEBUG] Build graphic in: 0ms
[0;32m[2026-09-16 12:53:46.656][VERB] COMMANDCALL: _C.SafeAPI.Execute(["v1.sketch.dimension",[{"type":"HORIZONTAL_DISTANCE","value":"@expr.d88_position_x","name":"position_x","id":1047,"geomIds":[1085,1054]}]])
[0m[0;32m[2026-09-16 12:53:46.662][VERB] RETURN: {"result":"$1091"}
[0m[2026-09-16 12:53:46.668][DEBUG] Build graphic in: 0ms
[0;32m[2026-09-16 12:53:46.670][VERB] COMMANDCALL: _C.SafeAPI.Execute(["v1.sketch.dimension",[{"type":"VERTICAL_DISTANCE","value":"@expr.d89_position_y","name":"position_y","id":1047,"geomIds":[1085,1054]}]])
[0m[0;32m[2026-09-16 12:53:46.676][VERB] RETURN: {"result":"$1095"}
[0m[2026-09-16 12:53:46.683][DEBUG] Build graphic in: 0ms
[0;32m[2026-09-16 12:53:46.684][VERB] COMMANDCALL: _C.SafeAPI.Execute(["v1.sketch.dimension",[{"type":"OFFSET","value":"@expr.d90_width","name":"width","id":1047,"geomIds":[1053]}]])
[0m[0;32m[2026-09-16 12:53:46.691][VERB] RETURN: {"result":"$1099"}
[0m[2026-09-16 12:53:46.698][DEBUG] Build graphic in: 0ms
[0;32m[2026-09-16 12:53:46.700][VERB] COMMANDCALL: _C.SafeAPI.Execute(["v1.sketch.dimension",[{"type":"OFFSET","value":"@expr.d91_depth","name":"depth","id":1047,"geomIds":[1057]}]])
[0m[0;32m[2026-09-16 12:53:46.708][VERB] RETURN: {"result":"$1103"}
[0m[2026-09-16 12:53:46.715][DEBUG] Build graphic in: 0ms
[0;32m[2026-09-16 12:53:46.717][VERB] COMMANDCALL: _C.SafeAPI.Execute(["v1.part.extrusion",[{"references":[1053,1057,1063,1069],"name":"F86_makeBox_cad_primitives_py_8","taperAngle":0,"limit2":"@expr.d92_height","id":4}]])
[0m[0;32m[2026-09-16 12:53:46.722][VERB] RETURN: {"result":"$1107"}
[0m[2026-09-16 12:53:46.729][DEBUG] Build graphic in: 1ms
[0;32m[2026-09-16 12:53:46.731][VERB] COMMANDCALL: _C.SafeAPI.Execute(["v1.part.workPlane",[{"type":"PLANE","references":[38],"name":"F93_makeCylinder_cad_primitives_py_12_plane","offset":"@expr.d94_plane_offset","id":4}]])
[0m[0;32m[2026-09-16 12:53:46.734][VERB] RETURN: {"result":"$1150"}
[0m[2026-09-16 12:53:46.741][DEBUG] Build graphic in: 0ms
[0;32m[2026-09-16 12:53:46.743][VERB] COMMANDCALL: _C.SafeAPI.Execute(["v1.sketch.create",[{"planeId":1150,"name":"F93_makeCylinder_cad_primitives_py_12_profile","id":4}]])
[0m[0;32m[2026-09-16 12:53:46.745][VERB] RETURN: {"result":"$1156"}
[0m[2026-09-16 12:53:46.752][DEBUG] Build graphic in: 1ms
[0;32m[2026-09-16 12:53:46.754][VERB] COMMANDCALL: _C.SafeAPI.Execute(["v1.sketch.circle",[{"radius":2.7,"id":1156,"genFixation":0,"centerPos":[48.8,1.4,0]}]])
[0m[0;32m[2026-09-16 12:53:46.755][VERB] RETURN: {"result":"$1162"}
[0m[2026-09-16 12:53:46.761][DEBUG] Build graphic in: 0ms
[0;32m[2026-09-16 12:53:46.763][VERB] COMMANDCALL: _C.SafeAPI.Execute(["v1.sketch.getPoints",[{"id":1162}]])
[0m[0;32m[2026-09-16 12:53:46.763][VERB] RETURN: {"result":{"centerId":"$1163"}}
[0m[0;32m[2026-09-16 12:53:46.772][VERB] COMMANDCALL: _C.SafeAPI.Execute(["v1.sketch.point",[{"pos":[-1000,-1000,0],"id":1156}]])
[0m[0;32m[2026-09-16 12:53:46.773][VERB] RETURN: {"result":"$1165"}
[0m[2026-09-16 12:53:46.779][DEBUG] Build graphic in: 0ms
[0;32m[2026-09-16 12:53:46.781][VERB] COMMANDCALL: _C.SafeAPI.Execute(["v1.sketch.constraint",[{"type":"FIXATION","id":1156,"geomIds":[1165]}]])
[0m[0;32m[2026-09-16 12:53:46.783][VERB] RETURN: {"result":"$1167"}
[0m[2026-09-16 12:53:46.789][DEBUG] Build graphic in: 0ms
[0;32m[2026-09-16 12:53:46.791][VERB] COMMANDCALL: _C.SafeAPI.Execute(["v1.sketch.dimension",[{"type":"HORIZONTAL_DISTANCE","value":"@expr.d95_position_x","name":"position_x","id":1156,"geomIds":[1165,1163]}]])
[0m[0;32m[2026-09-16 12:53:46.795][VERB] RETURN: {"result":"$1171"}
[0m[2026-09-16 12:53:46.802][DEBUG] Build graphic in: 0ms
[0;32m[2026-09-16 12:53:46.804][VERB] COMMANDCALL: _C.SafeAPI.Execute(["v1.sketch.dimension",[{"type":"VERTICAL_DISTANCE","value":"@expr.d96_position_y","name":"position_y","id":1156,"geomIds":[1165,1163]}]])
[0m[0;32m[2026-09-16 12:53:46.809][VERB] RETURN: {"result":"$1175"}
[0m[2026-09-16 12:53:46.816][DEBUG] Build graphic in: 0ms
[0;32m[2026-09-16 12:53:46.818][VERB] COMMANDCALL: _C.SafeAPI.Execute(["v1.sketch.dimension",[{"type":"RADIUS","value":"@expr.d97_radius","name":"radius","id":1156,"geomIds":[1162]}]])
[0m[0;32m[2026-09-16 12:53:46.823][VERB] RETURN: {"result":"$1179"}
[0m[2026-09-16 12:53:46.830][DEBUG] Build graphic in: 0ms
[0;32m[2026-09-16 12:53:46.832][VERB] COMMANDCALL: _C.SafeAPI.Execute(["v1.part.extrusion",[{"references":[1162],"name":"F93_makeCylinder_cad_primitives_py_12","taperAngle":0,"limit2":"@expr.d98_height","id":4}]])
[0m[0;32m[2026-09-16 12:53:46.837][VERB] RETURN: {"result":"$1183"}
[0m[2026-09-16 12:53:46.845][DEBUG] Build graphic in: 1ms
[0;32m[2026-09-16 12:53:46.848][VERB] COMMANDCALL: _C.SafeAPI.Execute(["v1.part.workPlane",[{"type":"PLANE","references":[38],"name":"F99_makeCylinder_cad_primitives_py_12_plane","offset":"@expr.d100_plane_offset","id":4}]])
[0m[0;32m[2026-09-16 12:53:46.851][VERB] RETURN: {"result":"$1205"}
[0m[2026-09-16 12:53:46.858][DEBUG] Build graphic in: 0ms
[0;32m[2026-09-16 12:53:46.860][VERB] COMMANDCALL: _C.SafeAPI.Execute(["v1.sketch.create",[{"planeId":1205,"name":"F99_makeCylinder_cad_primitives_py_12_profile","id":4}]])
[0m[0;32m[2026-09-16 12:53:46.862][VERB] RETURN: {"result":"$1211"}
[0m[2026-09-16 12:53:46.869][DEBUG] Build graphic in: 0ms
[0;32m[2026-09-16 12:53:46.871][VERB] COMMANDCALL: _C.SafeAPI.Execute(["v1.sketch.circle",[{"radius":2.7,"id":1211,"genFixation":0,"centerPos":[48.8,38.1,0]}]])
[0m[0;32m[2026-09-16 12:53:46.872][VERB] RETURN: {"result":"$1217"}
[0m[2026-09-16 12:53:46.879][DEBUG] Build graphic in: 0ms
[0;32m[2026-09-16 12:53:46.881][VERB] COMMANDCALL: _C.SafeAPI.Execute(["v1.sketch.getPoints",[{"id":1217}]])
[0m[0;32m[2026-09-16 12:53:46.881][VERB] RETURN: {"result":{"centerId":"$1218"}}
[0m[0;32m[2026-09-16 12:53:46.891][VERB] COMMANDCALL: _C.SafeAPI.Execute(["v1.sketch.point",[{"pos":[-1000,-1000,0],"id":1211}]])
[0m[0;32m[2026-09-16 12:53:46.892][VERB] RETURN: {"result":"$1220"}
[0m[2026-09-16 12:53:46.899][DEBUG] Build graphic in: 0ms
[0;32m[2026-09-16 12:53:46.901][VERB] COMMANDCALL: _C.SafeAPI.Execute(["v1.sketch.constraint",[{"type":"FIXATION","id":1211,"geomIds":[1220]}]])
[0m[0;32m[2026-09-16 12:53:46.902][VERB] RETURN: {"result":"$1222"}
[0m[2026-09-16 12:53:46.909][DEBUG] Build graphic in: 0ms
[0;32m[2026-09-16 12:53:46.911][VERB] COMMANDCALL: _C.SafeAPI.Execute(["v1.sketch.dimension",[{"type":"HORIZONTAL_DISTANCE","value":"@expr.d101_position_x","name":"position_x","id":1211,"geomIds":[1220,1218]}]])
[0m[0;32m[2026-09-16 12:53:46.916][VERB] RETURN: {"result":"$1226"}
[0m[2026-09-16 12:53:46.923][DEBUG] Build graphic in: 0ms
[0;32m[2026-09-16 12:53:46.925][VERB] COMMANDCALL: _C.SafeAPI.Execute(["v1.sketch.dimension",[{"type":"VERTICAL_DISTANCE","value":"@expr.d102_position_y","name":"position_y","id":1211,"geomIds":[1220,1218]}]])
[0m[0;32m[2026-09-16 12:53:46.930][VERB] RETURN: {"result":"$1230"}
[0m[2026-09-16 12:53:46.937][DEBUG] Build graphic in: 0ms
[0;32m[2026-09-16 12:53:46.940][VERB] COMMANDCALL: _C.SafeAPI.Execute(["v1.sketch.dimension",[{"type":"RADIUS","value":"@expr.d103_radius","name":"radius","id":1211,"geomIds":[1217]}]])
[0m[0;32m[2026-09-16 12:53:46.945][VERB] RETURN: {"result":"$1234"}
[0m[2026-09-16 12:53:46.952][DEBUG] Build graphic in: 0ms
[0;32m[2026-09-16 12:53:46.954][VERB] COMMANDCALL: _C.SafeAPI.Execute(["v1.part.extrusion",[{"references":[1217],"name":"F99_makeCylinder_cad_primitives_py_12","taperAngle":0,"limit2":"@expr.d104_height","id":4}]])
[0m[0;32m[2026-09-16 12:53:46.959][VERB] RETURN: {"result":"$1238"}
[0m[2026-09-16 12:53:46.968][DEBUG] Build graphic in: 2ms
[0;32m[2026-09-16 12:53:46.970][VERB] COMMANDCALL: _C.SafeAPI.Execute(["v1.part.workPlane",[{"type":"PLANE","references":[38],"name":"F105_makeCylinder_cad_primitives_py_12_plane","offset":"@expr.d106_plane_offset","id":4}]])
[0m[0;32m[2026-09-16 12:53:46.973][VERB] RETURN: {"result":"$1260"}
[0m[2026-09-16 12:53:46.980][DEBUG] Build graphic in: 0ms
[0;32m[2026-09-16 12:53:46.982][VERB] COMMANDCALL: _C.SafeAPI.Execute(["v1.sketch.create",[{"planeId":1260,"name":"F105_makeCylinder_cad_primitives_py_12_profile","id":4}]])
[0m[0;32m[2026-09-16 12:53:46.984][VERB] RETURN: {"result":"$1266"}
[0m[2026-09-16 12:53:46.992][DEBUG] Build graphic in: 0ms
[0;32m[2026-09-16 12:53:46.994][VERB] COMMANDCALL: _C.SafeAPI.Execute(["v1.sketch.circle",[{"radius":2.7,"id":1266,"genFixation":0,"centerPos":[89.8,1.4,0]}]])
[0m[0;32m[2026-09-16 12:53:46.995][VERB] RETURN: {"result":"$1272"}
[0m[2026-09-16 12:53:47.002][DEBUG] Build graphic in: 0ms
[0;32m[2026-09-16 12:53:47.004][VERB] COMMANDCALL: _C.SafeAPI.Execute(["v1.sketch.getPoints",[{"id":1272}]])
[0m[0;32m[2026-09-16 12:53:47.004][VERB] RETURN: {"result":{"centerId":"$1273"}}
[0m[0;32m[2026-09-16 12:53:47.013][VERB] COMMANDCALL: _C.SafeAPI.Execute(["v1.sketch.point",[{"pos":[-1000,-1000,0],"id":1266}]])
[0m[0;32m[2026-09-16 12:53:47.014][VERB] RETURN: {"result":"$1275"}
[0m[2026-09-16 12:53:47.021][DEBUG] Build graphic in: 0ms
[0;32m[2026-09-16 12:53:47.023][VERB] COMMANDCALL: _C.SafeAPI.Execute(["v1.sketch.constraint",[{"type":"FIXATION","id":1266,"geomIds":[1275]}]])
[0m[0;32m[2026-09-16 12:53:47.024][VERB] RETURN: {"result":"$1277"}
[0m[2026-09-16 12:53:47.031][DEBUG] Build graphic in: 0ms
[0;32m[2026-09-16 12:53:47.033][VERB] COMMANDCALL: _C.SafeAPI.Execute(["v1.sketch.dimension",[{"type":"HORIZONTAL_DISTANCE","value":"@expr.d107_position_x","name":"position_x","id":1266,"geomIds":[1275,1273]}]])
[0m[0;32m[2026-09-16 12:53:47.038][VERB] RETURN: {"result":"$1281"}
[0m[2026-09-16 12:53:47.045][DEBUG] Build graphic in: 0ms
[0;32m[2026-09-16 12:53:47.047][VERB] COMMANDCALL: _C.SafeAPI.Execute(["v1.sketch.dimension",[{"type":"VERTICAL_DISTANCE","value":"@expr.d108_position_y","name":"position_y","id":1266,"geomIds":[1275,1273]}]])
[0m[0;32m[2026-09-16 12:53:47.052][VERB] RETURN: {"result":"$1285"}
[0m[2026-09-16 12:53:47.059][DEBUG] Build graphic in: 0ms
[0;32m[2026-09-16 12:53:47.061][VERB] COMMANDCALL: _C.SafeAPI.Execute(["v1.sketch.dimension",[{"type":"RADIUS","value":"@expr.d109_radius","name":"radius","id":1266,"geomIds":[1272]}]])
[0m[0;32m[2026-09-16 12:53:47.067][VERB] RETURN: {"result":"$1289"}
[0m[2026-09-16 12:53:47.074][DEBUG] Build graphic in: 0ms
[0;32m[2026-09-16 12:53:47.077][VERB] COMMANDCALL: _C.SafeAPI.Execute(["v1.part.extrusion",[{"references":[1272],"name":"F105_makeCylinder_cad_primitives_py_12","taperAngle":0,"limit2":"@expr.d110_height","id":4}]])
[0m[0;32m[2026-09-16 12:53:47.082][VERB] RETURN: {"result":"$1293"}
[0m[2026-09-16 12:53:47.090][DEBUG] Build graphic in: 1ms
[0;32m[2026-09-16 12:53:47.093][VERB] COMMANDCALL: _C.SafeAPI.Execute(["v1.part.workPlane",[{"type":"PLANE","references":[38],"name":"F111_makeCylinder_cad_primitives_py_12_plane","offset":"@expr.d112_plane_offset","id":4}]])
[0m[0;32m[2026-09-16 12:53:47.096][VERB] RETURN: {"result":"$1315"}
[0m[2026-09-16 12:53:47.103][DEBUG] Build graphic in: 0ms
[0;32m[2026-09-16 12:53:47.106][VERB] COMMANDCALL: _C.SafeAPI.Execute(["v1.sketch.create",[{"planeId":1315,"name":"F111_makeCylinder_cad_primitives_py_12_profile","id":4}]])
[0m[0;32m[2026-09-16 12:53:47.107][VERB] RETURN: {"result":"$1321"}
[0m[2026-09-16 12:53:47.115][DEBUG] Build graphic in: 0ms
[0;32m[2026-09-16 12:53:47.117][VERB] COMMANDCALL: _C.SafeAPI.Execute(["v1.sketch.circle",[{"radius":2.7,"id":1321,"genFixation":0,"centerPos":[89.8,38.1,0]}]])
[0m[0;32m[2026-09-16 12:53:47.118][VERB] RETURN: {"result":"$1327"}
[0m[2026-09-16 12:53:47.125][DEBUG] Build graphic in: 0ms
[0;32m[2026-09-16 12:53:47.127][VERB] COMMANDCALL: _C.SafeAPI.Execute(["v1.sketch.getPoints",[{"id":1327}]])
[0m[0;32m[2026-09-16 12:53:47.128][VERB] RETURN: {"result":{"centerId":"$1328"}}
[0m[0;32m[2026-09-16 12:53:47.137][VERB] COMMANDCALL: _C.SafeAPI.Execute(["v1.sketch.point",[{"pos":[-1000,-1000,0],"id":1321}]])
[0m[0;32m[2026-09-16 12:53:47.138][VERB] RETURN: {"result":"$1330"}
[0m[2026-09-16 12:53:47.145][DEBUG] Build graphic in: 0ms
[0;32m[2026-09-16 12:53:47.147][VERB] COMMANDCALL: _C.SafeAPI.Execute(["v1.sketch.constraint",[{"type":"FIXATION","id":1321,"geomIds":[1330]}]])
[0m[0;32m[2026-09-16 12:53:47.148][VERB] RETURN: {"result":"$1332"}
[0m[2026-09-16 12:53:47.155][DEBUG] Build graphic in: 0ms
[0;32m[2026-09-16 12:53:47.158][VERB] COMMANDCALL: _C.SafeAPI.Execute(["v1.sketch.dimension",[{"type":"HORIZONTAL_DISTANCE","value":"@expr.d113_position_x","name":"position_x","id":1321,"geomIds":[1330,1328]}]])
[0m[0;32m[2026-09-16 12:53:47.162][VERB] RETURN: {"result":"$1336"}
[0m[2026-09-16 12:53:47.169][DEBUG] Build graphic in: 0ms
[0;32m[2026-09-16 12:53:47.172][VERB] COMMANDCALL: _C.SafeAPI.Execute(["v1.sketch.dimension",[{"type":"VERTICAL_DISTANCE","value":"@expr.d114_position_y","name":"position_y","id":1321,"geomIds":[1330,1328]}]])
[0m[0;32m[2026-09-16 12:53:47.176][VERB] RETURN: {"result":"$1340"}
[0m[2026-09-16 12:53:47.184][DEBUG] Build graphic in: 0ms
[0;32m[2026-09-16 12:53:47.186][VERB] COMMANDCALL: _C.SafeAPI.Execute(["v1.sketch.dimension",[{"type":"RADIUS","value":"@expr.d115_radius","name":"radius","id":1321,"geomIds":[1327]}]])
[0m[0;32m[2026-09-16 12:53:47.191][VERB] RETURN: {"result":"$1344"}
[0m[2026-09-16 12:53:47.199][DEBUG] Build graphic in: 0ms
[0;32m[2026-09-16 12:53:47.202][VERB] COMMANDCALL: _C.SafeAPI.Execute(["v1.part.extrusion",[{"references":[1327],"name":"F111_makeCylinder_cad_primitives_py_12","taperAngle":0,"limit2":"@expr.d116_height","id":4}]])
[0m[0;32m[2026-09-16 12:53:47.207][VERB] RETURN: {"result":"$1348"}
[0m[2026-09-16 12:53:47.215][DEBUG] Build graphic in: 1ms
[0;32m[2026-09-16 12:53:47.218][VERB] COMMANDCALL: _C.SafeAPI.Execute(["v1.part.workPlane",[{"type":"PLANE","references":[38],"name":"F117_makeBox_shell_skin_py_38_plane","offset":"@expr.d118_plane_offset","id":4}]])
[0m[0;32m[2026-09-16 12:53:47.221][VERB] RETURN: {"result":"$1370"}
[0m[2026-09-16 12:53:47.229][DEBUG] Build graphic in: 0ms
[0;32m[2026-09-16 12:53:47.231][VERB] COMMANDCALL: _C.SafeAPI.Execute(["v1.sketch.create",[{"planeId":1370,"name":"F117_makeBox_shell_skin_py_38_profile","id":4}]])
[0m[0;32m[2026-09-16 12:53:47.233][VERB] RETURN: {"result":"$1376"}
[0m[2026-09-16 12:53:47.241][DEBUG] Build graphic in: 0ms
[0;32m[2026-09-16 12:53:47.243][VERB] COMMANDCALL: _C.SafeAPI.Execute(["v1.sketch.rectangle",[{"startPos":[89.8,-1.3,0],"id":1376,"genFixation":0,"endPos":[92.5,40.8,0]}]])
[0m[0;32m[2026-09-16 12:53:47.250][VERB] RETURN: {"result":["$1382","$1386","$1392","$1398"]}
[0m[2026-09-16 12:53:47.258][DEBUG] Build graphic in: 0ms
[0;32m[2026-09-16 12:53:47.260][VERB] COMMANDCALL: _C.SafeAPI.Execute(["v1.sketch.getPoints",[{"id":1382}]])
[0m[0;32m[2026-09-16 12:53:47.260][VERB] RETURN: {"result":{"endId":"$1384","startId":"$1383"}}
[0m[0;32m[2026-09-16 12:53:47.271][VERB] COMMANDCALL: _C.SafeAPI.Execute(["v1.sketch.point",[{"pos":[-1000,-1000,0],"id":1376}]])
[0m[0;32m[2026-09-16 12:53:47.273][VERB] RETURN: {"result":"$1414"}
[0m[2026-09-16 12:53:47.280][DEBUG] Build graphic in: 0ms
[0;32m[2026-09-16 12:53:47.283][VERB] COMMANDCALL: _C.SafeAPI.Execute(["v1.sketch.constraint",[{"type":"FIXATION","id":1376,"geomIds":[1414]}]])
[0m[0;32m[2026-09-16 12:53:47.284][VERB] RETURN: {"result":"$1416"}
[0m[2026-09-16 12:53:47.293][DEBUG] Build graphic in: 0ms
[0;32m[2026-09-16 12:53:47.295][VERB] COMMANDCALL: _C.SafeAPI.Execute(["v1.sketch.dimension",[{"type":"HORIZONTAL_DISTANCE","value":"@expr.d119_position_x","name":"position_x","id":1376,"geomIds":[1414,1383]}]])
[0m[0;32m[2026-09-16 12:53:47.300][VERB] RETURN: {"result":"$1420"}
[0m[2026-09-16 12:53:47.309][DEBUG] Build graphic in: 0ms
[0;32m[2026-09-16 12:53:47.311][VERB] COMMANDCALL: _C.SafeAPI.Execute(["v1.sketch.dimension",[{"type":"VERTICAL_DISTANCE","value":"@expr.d120_position_y","name":"position_y","id":1376,"geomIds":[1414,1383]}]])
[0m[0;32m[2026-09-16 12:53:47.317][VERB] RETURN: {"result":"$1424"}
[0m[2026-09-16 12:53:47.326][DEBUG] Build graphic in: 0ms
[0;32m[2026-09-16 12:53:47.329][VERB] COMMANDCALL: _C.SafeAPI.Execute(["v1.sketch.dimension",[{"type":"OFFSET","value":"@expr.d121_width","name":"width","id":1376,"geomIds":[1382]}]])
[0m[0;32m[2026-09-16 12:53:47.336][VERB] RETURN: {"result":"$1428"}
[0m[2026-09-16 12:53:47.345][DEBUG] Build graphic in: 0ms
[0;32m[2026-09-16 12:53:47.347][VERB] COMMANDCALL: _C.SafeAPI.Execute(["v1.sketch.dimension",[{"type":"OFFSET","value":"@expr.d122_depth","name":"depth","id":1376,"geomIds":[1386]}]])
[0m[0;32m[2026-09-16 12:53:47.355][VERB] RETURN: {"result":"$1432"}
[0m[2026-09-16 12:53:47.364][DEBUG] Build graphic in: 0ms
[0;32m[2026-09-16 12:53:47.367][VERB] COMMANDCALL: _C.SafeAPI.Execute(["v1.part.extrusion",[{"references":[1382,1386,1392,1398],"name":"F117_makeBox_shell_skin_py_38","taperAngle":0,"limit2":"@expr.d123_height","id":4}]])
[0m[0;32m[2026-09-16 12:53:47.371][VERB] RETURN: {"result":"$1436"}
[0m[2026-09-16 12:53:47.381][DEBUG] Build graphic in: 1ms
[0;32m[2026-09-16 12:53:47.383][VERB] COMMANDCALL: _C.SafeAPI.Execute(["v1.part.workPlane",[{"type":"PLANE","references":[38],"name":"F124_makeBox_cad_primitives_py_8_plane","offset":"@expr.d125_plane_offset","id":4}]])
[0m[0;32m[2026-09-16 12:53:47.387][VERB] RETURN: {"result":"$1479"}
[0m[2026-09-16 12:53:47.396][DEBUG] Build graphic in: 0ms
[0;32m[2026-09-16 12:53:47.399][VERB] COMMANDCALL: _C.SafeAPI.Execute(["v1.sketch.create",[{"planeId":1479,"name":"F124_makeBox_cad_primitives_py_8_profile","id":4}]])
[0m[0;32m[2026-09-16 12:53:47.401][VERB] RETURN: {"result":"$1485"}
[0m[2026-09-16 12:53:47.409][DEBUG] Build graphic in: 0ms
[0;32m[2026-09-16 12:53:47.412][VERB] COMMANDCALL: _C.SafeAPI.Execute(["v1.sketch.rectangle",[{"startPos":[88.05,-7,0],"id":1485,"genFixation":0,"endPos":[92.5,5,0]}]])
[0m[0;32m[2026-09-16 12:53:47.418][VERB] RETURN: {"result":["$1491","$1495","$1501","$1507"]}
[0m[2026-09-16 12:53:47.427][DEBUG] Build graphic in: 0ms
[0;32m[2026-09-16 12:53:47.430][VERB] COMMANDCALL: _C.SafeAPI.Execute(["v1.sketch.getPoints",[{"id":1491}]])
[0m[0;32m[2026-09-16 12:53:47.430][VERB] RETURN: {"result":{"endId":"$1493","startId":"$1492"}}
[0m[0;32m[2026-09-16 12:53:47.441][VERB] COMMANDCALL: _C.SafeAPI.Execute(["v1.sketch.point",[{"pos":[-1000,-1000,0],"id":1485}]])
[0m[0;32m[2026-09-16 12:53:47.443][VERB] RETURN: {"result":"$1523"}
[0m[2026-09-16 12:53:47.452][DEBUG] Build graphic in: 0ms
[0;32m[2026-09-16 12:53:47.455][VERB] COMMANDCALL: _C.SafeAPI.Execute(["v1.sketch.constraint",[{"type":"FIXATION","id":1485,"geomIds":[1523]}]])
[0m[0;32m[2026-09-16 12:53:47.457][VERB] RETURN: {"result":"$1525"}
[0m[2026-09-16 12:53:47.465][DEBUG] Build graphic in: 0ms
[0;32m[2026-09-16 12:53:47.468][VERB] COMMANDCALL: _C.SafeAPI.Execute(["v1.sketch.dimension",[{"type":"HORIZONTAL_DISTANCE","value":"@expr.d126_position_x","name":"position_x","id":1485,"geomIds":[1523,1492]}]])
[0m[0;32m[2026-09-16 12:53:47.474][VERB] RETURN: {"result":"$1529"}
[0m[2026-09-16 12:53:47.482][DEBUG] Build graphic in: 0ms
[0;32m[2026-09-16 12:53:47.485][VERB] COMMANDCALL: _C.SafeAPI.Execute(["v1.sketch.dimension",[{"type":"VERTICAL_DISTANCE","value":"@expr.d127_position_y","name":"position_y","id":1485,"geomIds":[1523,1492]}]])
[0m[0;32m[2026-09-16 12:53:47.491][VERB] RETURN: {"result":"$1533"}
[0m[2026-09-16 12:53:47.500][DEBUG] Build graphic in: 0ms
[0;32m[2026-09-16 12:53:47.503][VERB] COMMANDCALL: _C.SafeAPI.Execute(["v1.sketch.dimension",[{"type":"OFFSET","value":"@expr.d128_width","name":"width","id":1485,"geomIds":[1491]}]])
[0m[0;32m[2026-09-16 12:53:47.510][VERB] RETURN: {"result":"$1537"}
[0m[2026-09-16 12:53:47.519][DEBUG] Build graphic in: 0ms
[0;32m[2026-09-16 12:53:47.522][VERB] COMMANDCALL: _C.SafeAPI.Execute(["v1.sketch.dimension",[{"type":"OFFSET","value":"@expr.d129_depth","name":"depth","id":1485,"geomIds":[1495]}]])
[0m[0;32m[2026-09-16 12:53:47.529][VERB] RETURN: {"result":"$1541"}
[0m[2026-09-16 12:53:47.538][DEBUG] Build graphic in: 0ms
[0;32m[2026-09-16 12:53:47.541][VERB] COMMANDCALL: _C.SafeAPI.Execute(["v1.part.extrusion",[{"references":[1491,1495,1501,1507],"name":"F124_makeBox_cad_primitives_py_8","taperAngle":0,"limit2":"@expr.d130_height","id":4}]])
[0m[0;32m[2026-09-16 12:53:47.546][VERB] RETURN: {"result":"$1545"}
[0m[2026-09-16 12:53:47.556][DEBUG] Build graphic in: 1ms
[0;32m[2026-09-16 12:53:47.558][VERB] COMMANDCALL: _C.SafeAPI.Execute(["v1.part.workPlane",[{"type":"PLANE","references":[38],"name":"F132_makeBox_cad_primitives_py_8_plane","offset":"@expr.d133_plane_offset","id":4}]])
[0m[0;32m[2026-09-16 12:53:47.562][VERB] RETURN: {"result":"$1588"}
[0m[2026-09-16 12:53:47.571][DEBUG] Build graphic in: 0ms
[0;32m[2026-09-16 12:53:47.574][VERB] COMMANDCALL: _C.SafeAPI.Execute(["v1.sketch.create",[{"planeId":1588,"name":"F132_makeBox_cad_primitives_py_8_profile","id":4}]])
[0m[0;32m[2026-09-16 12:53:47.576][VERB] RETURN: {"result":"$1594"}
[0m[2026-09-16 12:53:47.585][DEBUG] Build graphic in: 0ms
[0;32m[2026-09-16 12:53:47.587][VERB] COMMANDCALL: _C.SafeAPI.Execute(["v1.sketch.rectangle",[{"startPos":[85.35,-4,0],"id":1594,"genFixation":0,"endPos":[88.05,-1.3,0]}]])
[0m[0;32m[2026-09-16 12:53:47.594][VERB] RETURN: {"result":["$1600","$1604","$1610","$1616"]}
[0m[2026-09-16 12:53:47.603][DEBUG] Build graphic in: 0ms
[0;32m[2026-09-16 12:53:47.606][VERB] COMMANDCALL: _C.SafeAPI.Execute(["v1.sketch.getPoints",[{"id":1600}]])
[0m[0;32m[2026-09-16 12:53:47.606][VERB] RETURN: {"result":{"endId":"$1602","startId":"$1601"}}
[0m[0;32m[2026-09-16 12:53:47.618][VERB] COMMANDCALL: _C.SafeAPI.Execute(["v1.sketch.point",[{"pos":[-1000,-1000,0],"id":1594}]])
[0m[0;32m[2026-09-16 12:53:47.620][VERB] RETURN: {"result":"$1632"}
[0m[2026-09-16 12:53:47.630][DEBUG] Build graphic in: 0ms
[0;32m[2026-09-16 12:53:47.633][VERB] COMMANDCALL: _C.SafeAPI.Execute(["v1.sketch.constraint",[{"type":"FIXATION","id":1594,"geomIds":[1632]}]])
[0m[0;32m[2026-09-16 12:53:47.634][VERB] RETURN: {"result":"$1634"}
[0m[2026-09-16 12:53:47.643][DEBUG] Build graphic in: 0ms
[0;32m[2026-09-16 12:53:47.646][VERB] COMMANDCALL: _C.SafeAPI.Execute(["v1.sketch.dimension",[{"type":"HORIZONTAL_DISTANCE","value":"@expr.d134_position_x","name":"position_x","id":1594,"geomIds":[1632,1601]}]])
[0m[0;32m[2026-09-16 12:53:47.652][VERB] RETURN: {"result":"$1638"}
[0m[2026-09-16 12:53:47.661][DEBUG] Build graphic in: 0ms
[0;32m[2026-09-16 12:53:47.664][VERB] COMMANDCALL: _C.SafeAPI.Execute(["v1.sketch.dimension",[{"type":"VERTICAL_DISTANCE","value":"@expr.d135_position_y","name":"position_y","id":1594,"geomIds":[1632,1601]}]])
[0m[0;32m[2026-09-16 12:53:47.670][VERB] RETURN: {"result":"$1642"}
[0m[2026-09-16 12:53:47.680][DEBUG] Build graphic in: 0ms
[0;32m[2026-09-16 12:53:47.683][VERB] COMMANDCALL: _C.SafeAPI.Execute(["v1.sketch.dimension",[{"type":"OFFSET","value":"@expr.d136_width","name":"width","id":1594,"geomIds":[1600]}]])
[0m[0;32m[2026-09-16 12:53:47.690][VERB] RETURN: {"result":"$1646"}
[0m[2026-09-16 12:53:47.700][DEBUG] Build graphic in: 0ms
[0;32m[2026-09-16 12:53:47.703][VERB] COMMANDCALL: _C.SafeAPI.Execute(["v1.sketch.dimension",[{"type":"OFFSET","value":"@expr.d137_depth","name":"depth","id":1594,"geomIds":[1604]}]])
[0m[0;32m[2026-09-16 12:53:47.710][VERB] RETURN: {"result":"$1650"}
[0m[2026-09-16 12:53:47.721][DEBUG] Build graphic in: 1ms
[0;32m[2026-09-16 12:53:47.723][VERB] COMMANDCALL: _C.SafeAPI.Execute(["v1.part.extrusion",[{"references":[1600,1604,1610,1616],"name":"F132_makeBox_cad_primitives_py_8","taperAngle":0,"limit2":"@expr.d138_height","id":4}]])
[0m[0;32m[2026-09-16 12:53:47.728][VERB] RETURN: {"result":"$1654"}
[0m[2026-09-16 12:53:47.738][DEBUG] Build graphic in: 0ms
[0;32m[2026-09-16 12:53:47.741][VERB] COMMANDCALL: _C.SafeAPI.Execute(["v1.part.workPlane",[{"type":"PLANE","references":[38],"name":"F139_makeCylinder_cad_primitives_py_12_plane","offset":"@expr.d140_plane_offset","id":4}]])
[0m[0;32m[2026-09-16 12:53:47.745][VERB] RETURN: {"result":"$1697"}
[0m[2026-09-16 12:53:47.755][DEBUG] Build graphic in: 0ms
[0;32m[2026-09-16 12:53:47.757][VERB] COMMANDCALL: _C.SafeAPI.Execute(["v1.sketch.create",[{"planeId":1697,"name":"F139_makeCylinder_cad_primitives_py_12_profile","id":4}]])
[0m[0;32m[2026-09-16 12:53:47.759][VERB] RETURN: {"result":"$1703"}
[0m[2026-09-16 12:53:47.769][DEBUG] Build graphic in: 0ms
[0;32m[2026-09-16 12:53:47.772][VERB] COMMANDCALL: _C.SafeAPI.Execute(["v1.sketch.circle",[{"radius":2.7,"id":1703,"genFixation":0,"centerPos":[85.35,-4,0]}]])
[0m[0;32m[2026-09-16 12:53:47.773][VERB] RETURN: {"result":"$1709"}
[0m[2026-09-16 12:53:47.783][DEBUG] Build graphic in: 0ms
[0;32m[2026-09-16 12:53:47.786][VERB] COMMANDCALL: _C.SafeAPI.Execute(["v1.sketch.getPoints",[{"id":1709}]])
[0m[0;32m[2026-09-16 12:53:47.786][VERB] RETURN: {"result":{"centerId":"$1710"}}
[0m[0;32m[2026-09-16 12:53:47.799][VERB] COMMANDCALL: _C.SafeAPI.Execute(["v1.sketch.point",[{"pos":[-1000,-1000,0],"id":1703}]])
[0m[0;32m[2026-09-16 12:53:47.800][VERB] RETURN: {"result":"$1712"}
[0m[2026-09-16 12:53:47.809][DEBUG] Build graphic in: 0ms
[0;32m[2026-09-16 12:53:47.812][VERB] COMMANDCALL: _C.SafeAPI.Execute(["v1.sketch.constraint",[{"type":"FIXATION","id":1703,"geomIds":[1712]}]])
[0m[0;32m[2026-09-16 12:53:47.813][VERB] RETURN: {"result":"$1714"}
[0m[2026-09-16 12:53:47.823][DEBUG] Build graphic in: 0ms
[0;32m[2026-09-16 12:53:47.825][VERB] COMMANDCALL: _C.SafeAPI.Execute(["v1.sketch.dimension",[{"type":"HORIZONTAL_DISTANCE","value":"@expr.d141_position_x","name":"position_x","id":1703,"geomIds":[1712,1710]}]])
[0m[0;32m[2026-09-16 12:53:47.830][VERB] RETURN: {"result":"$1718"}
[0m[2026-09-16 12:53:47.840][DEBUG] Build graphic in: 0ms
[0;32m[2026-09-16 12:53:47.843][VERB] COMMANDCALL: _C.SafeAPI.Execute(["v1.sketch.dimension",[{"type":"VERTICAL_DISTANCE","value":"@expr.d142_position_y","name":"position_y","id":1703,"geomIds":[1712,1710]}]])
[0m[0;32m[2026-09-16 12:53:47.848][VERB] RETURN: {"result":"$1722"}
[0m[2026-09-16 12:53:47.858][DEBUG] Build graphic in: 0ms
[0;32m[2026-09-16 12:53:47.861][VERB] COMMANDCALL: _C.SafeAPI.Execute(["v1.sketch.dimension",[{"type":"RADIUS","value":"@expr.d143_radius","name":"radius","id":1703,"geomIds":[1709]}]])
[0m[0;32m[2026-09-16 12:53:47.867][VERB] RETURN: {"result":"$1726"}
[0m[2026-09-16 12:53:47.877][DEBUG] Build graphic in: 0ms
[0;32m[2026-09-16 12:53:47.880][VERB] COMMANDCALL: _C.SafeAPI.Execute(["v1.part.extrusion",[{"references":[1709],"name":"F139_makeCylinder_cad_primitives_py_12","taperAngle":0,"limit2":"@expr.d144_height","id":4}]])
[0m[0;32m[2026-09-16 12:53:47.885][VERB] RETURN: {"result":"$1730"}
[0m[2026-09-16 12:53:47.897][DEBUG] Build graphic in: 1ms
[0;32m[2026-09-16 12:53:47.900][VERB] COMMANDCALL: _C.SafeAPI.Execute(["v1.part.boolean",[{"type":"SUBTRACTION","tools":[1730],"target":1654,"name":"F131_cut_housing_shell_py_25","id":4}]])
[0m[0;32m[2026-09-16 12:53:47.906][VERB] RETURN: {"result":"$1752"}
[0m[2026-09-16 12:53:47.917][DEBUG] Build graphic in: 1ms
[0;32m[2026-09-16 12:53:47.920][VERB] COMMANDCALL: _C.SafeAPI.Execute(["v1.part.workPlane",[{"type":"PLANE","references":[38],"name":"F145_makeBox_cad_primitives_py_8_plane","offset":"@expr.d146_plane_offset","id":4}]])
[0m[0;32m[2026-09-16 12:53:47.924][VERB] RETURN: {"result":"$1770"}
[0m[2026-09-16 12:53:47.934][DEBUG] Build graphic in: 0ms
[0;32m[2026-09-16 12:53:47.936][VERB] COMMANDCALL: _C.SafeAPI.Execute(["v1.sketch.create",[{"planeId":1770,"name":"F145_makeBox_cad_primitives_py_8_profile","id":4}]])
[0m[0;32m[2026-09-16 12:53:47.939][VERB] RETURN: {"result":"$1776"}
[0m[2026-09-16 12:53:47.949][DEBUG] Build graphic in: 0ms
[0;32m[2026-09-16 12:53:47.951][VERB] COMMANDCALL: _C.SafeAPI.Execute(["v1.sketch.rectangle",[{"startPos":[88.05,30,0],"id":1776,"genFixation":0,"endPos":[92.5,41.3,0]}]])
[0m[0;32m[2026-09-16 12:53:47.958][VERB] RETURN: {"result":["$1782","$1786","$1792","$1798"]}
[0m[2026-09-16 12:53:47.968][DEBUG] Build graphic in: 0ms
[0;32m[2026-09-16 12:53:47.971][VERB] COMMANDCALL: _C.SafeAPI.Execute(["v1.sketch.getPoints",[{"id":1782}]])
[0m[0;32m[2026-09-16 12:53:47.971][VERB] RETURN: {"result":{"endId":"$1784","startId":"$1783"}}
[0m[0;32m[2026-09-16 12:53:47.984][VERB] COMMANDCALL: _C.SafeAPI.Execute(["v1.sketch.point",[{"pos":[-1000,-1000,0],"id":1776}]])
[0m[0;32m[2026-09-16 12:53:47.986][VERB] RETURN: {"result":"$1814"}
[0m[2026-09-16 12:53:47.996][DEBUG] Build graphic in: 0ms
[0;32m[2026-09-16 12:53:47.999][VERB] COMMANDCALL: _C.SafeAPI.Execute(["v1.sketch.constraint",[{"type":"FIXATION","id":1776,"geomIds":[1814]}]])
[0m[0;32m[2026-09-16 12:53:48.001][VERB] RETURN: {"result":"$1816"}
[0m[2026-09-16 12:53:48.011][DEBUG] Build graphic in: 0ms
[0;32m[2026-09-16 12:53:48.014][VERB] COMMANDCALL: _C.SafeAPI.Execute(["v1.sketch.dimension",[{"type":"HORIZONTAL_DISTANCE","value":"@expr.d147_position_x","name":"position_x","id":1776,"geomIds":[1814,1783]}]])
[0m[0;32m[2026-09-16 12:53:48.019][VERB] RETURN: {"result":"$1820"}
[0m[2026-09-16 12:53:48.030][DEBUG] Build graphic in: 0ms
[0;32m[2026-09-16 12:53:48.033][VERB] COMMANDCALL: _C.SafeAPI.Execute(["v1.sketch.dimension",[{"type":"VERTICAL_DISTANCE","value":"@expr.d148_position_y","name":"position_y","id":1776,"geomIds":[1814,1783]}]])
[0m[0;32m[2026-09-16 12:53:48.040][VERB] RETURN: {"result":"$1824"}
[0m[2026-09-16 12:53:48.050][DEBUG] Build graphic in: 0ms
[0;32m[2026-09-16 12:53:48.053][VERB] COMMANDCALL: _C.SafeAPI.Execute(["v1.sketch.dimension",[{"type":"OFFSET","value":"@expr.d149_width","name":"width","id":1776,"geomIds":[1782]}]])
[0m[0;32m[2026-09-16 12:53:48.060][VERB] RETURN: {"result":"$1828"}
[0m[2026-09-16 12:53:48.071][DEBUG] Build graphic in: 0ms
[0;32m[2026-09-16 12:53:48.074][VERB] COMMANDCALL: _C.SafeAPI.Execute(["v1.sketch.dimension",[{"type":"OFFSET","value":"@expr.d150_depth","name":"depth","id":1776,"geomIds":[1786]}]])
[0m[0;32m[2026-09-16 12:53:48.082][VERB] RETURN: {"result":"$1832"}
[0m[2026-09-16 12:53:48.093][DEBUG] Build graphic in: 0ms
[0;32m[2026-09-16 12:53:48.097][VERB] COMMANDCALL: _C.SafeAPI.Execute(["v1.part.extrusion",[{"references":[1782,1786,1792,1798],"name":"F145_makeBox_cad_primitives_py_8","taperAngle":0,"limit2":"@expr.d151_height","id":4}]])
[0m[0;32m[2026-09-16 12:53:48.101][VERB] RETURN: {"result":"$1836"}
[0m[2026-09-16 12:53:48.112][DEBUG] Build graphic in: 0ms
[0;32m[2026-09-16 12:53:48.115][VERB] COMMANDCALL: _C.SafeAPI.Execute(["v1.part.workPlane",[{"type":"PLANE","references":[38],"name":"F152_makeBox_cad_primitives_py_8_plane","offset":"@expr.d153_plane_offset","id":4}]])
[0m[0;32m[2026-09-16 12:53:48.119][VERB] RETURN: {"result":"$1879"}
[0m[2026-09-16 12:53:48.130][DEBUG] Build graphic in: 0ms
[0;32m[2026-09-16 12:53:48.133][VERB] COMMANDCALL: _C.SafeAPI.Execute(["v1.sketch.create",[{"planeId":1879,"name":"F152_makeBox_cad_primitives_py_8_profile","id":4}]])
[0m[0;32m[2026-09-16 12:53:48.135][VERB] RETURN: {"result":"$1885"}
[0m[2026-09-16 12:53:48.145][DEBUG] Build graphic in: 0ms
[0;32m[2026-09-16 12:53:48.148][VERB] COMMANDCALL: _C.SafeAPI.Execute(["v1.sketch.rectangle",[{"startPos":[88.05,30,0],"id":1885,"genFixation":0,"endPos":[92.5,38,0]}]])
[0m[0;32m[2026-09-16 12:53:48.155][VERB] RETURN: {"result":["$1891","$1895","$1901","$1907"]}
[0m[2026-09-16 12:53:48.166][DEBUG] Build graphic in: 0ms
[0;32m[2026-09-16 12:53:48.169][VERB] COMMANDCALL: _C.SafeAPI.Execute(["v1.sketch.getPoints",[{"id":1891}]])
[0m[0;32m[2026-09-16 12:53:48.169][VERB] RETURN: {"result":{"endId":"$1893","startId":"$1892"}}
[0m[0;32m[2026-09-16 12:53:48.183][VERB] COMMANDCALL: _C.SafeAPI.Execute(["v1.sketch.point",[{"pos":[-1000,-1000,0],"id":1885}]])
[0m[0;32m[2026-09-16 12:53:48.185][VERB] RETURN: {"result":"$1923"}
[0m[2026-09-16 12:53:48.195][DEBUG] Build graphic in: 0ms
[0;32m[2026-09-16 12:53:48.199][VERB] COMMANDCALL: _C.SafeAPI.Execute(["v1.sketch.constraint",[{"type":"FIXATION","id":1885,"geomIds":[1923]}]])
[0m[0;32m[2026-09-16 12:53:48.200][VERB] RETURN: {"result":"$1925"}
[0m[2026-09-16 12:53:48.211][DEBUG] Build graphic in: 0ms
[0;32m[2026-09-16 12:53:48.214][VERB] COMMANDCALL: _C.SafeAPI.Execute(["v1.sketch.dimension",[{"type":"HORIZONTAL_DISTANCE","value":"@expr.d154_position_x","name":"position_x","id":1885,"geomIds":[1923,1892]}]])
[0m[0;32m[2026-09-16 12:53:48.219][VERB] RETURN: {"result":"$1929"}
[0m[2026-09-16 12:53:48.231][DEBUG] Build graphic in: 1ms
[0;32m[2026-09-16 12:53:48.234][VERB] COMMANDCALL: _C.SafeAPI.Execute(["v1.sketch.dimension",[{"type":"VERTICAL_DISTANCE","value":"@expr.d155_position_y","name":"position_y","id":1885,"geomIds":[1923,1892]}]])
[0m[0;32m[2026-09-16 12:53:48.240][VERB] RETURN: {"result":"$1933"}
[0m[2026-09-16 12:53:48.251][DEBUG] Build graphic in: 0ms
[0;32m[2026-09-16 12:53:48.254][VERB] COMMANDCALL: _C.SafeAPI.Execute(["v1.sketch.dimension",[{"type":"OFFSET","value":"@expr.d156_width","name":"width","id":1885,"geomIds":[1891]}]])
[0m[0;32m[2026-09-16 12:53:48.261][VERB] RETURN: {"result":"$1937"}
[0m[2026-09-16 12:53:48.272][DEBUG] Build graphic in: 0ms
[0;32m[2026-09-16 12:53:48.276][VERB] COMMANDCALL: _C.SafeAPI.Execute(["v1.sketch.dimension",[{"type":"OFFSET","value":"@expr.d157_depth","name":"depth","id":1885,"geomIds":[1895]}]])
[0m[0;32m[2026-09-16 12:53:48.283][VERB] RETURN: {"result":"$1941"}
[0m[2026-09-16 12:53:48.294][DEBUG] Build graphic in: 0ms
[0;32m[2026-09-16 12:53:48.298][VERB] COMMANDCALL: _C.SafeAPI.Execute(["v1.part.extrusion",[{"references":[1891,1895,1901,1907],"name":"F152_makeBox_cad_primitives_py_8","taperAngle":0,"limit2":"@expr.d158_height","id":4}]])
[0m[0;32m[2026-09-16 12:53:48.303][VERB] RETURN: {"result":"$1945"}
[0m[2026-09-16 12:53:48.314][DEBUG] Build graphic in: 0ms
[0;32m[2026-09-16 12:53:48.318][VERB] COMMANDCALL: _C.SafeAPI.Execute(["v1.part.workPlane",[{"type":"PLANE","references":[38],"name":"F160_makeBox_cad_primitives_py_8_plane","offset":"@expr.d161_plane_offset","id":4}]])
[0m[0;32m[2026-09-16 12:53:48.321][VERB] RETURN: {"result":"$1988"}
[0m[2026-09-16 12:53:48.333][DEBUG] Build graphic in: 0ms
[0;32m[2026-09-16 12:53:48.336][VERB] COMMANDCALL: _C.SafeAPI.Execute(["v1.sketch.create",[{"planeId":1988,"name":"F160_makeBox_cad_primitives_py_8_profile","id":4}]])
[0m[0;32m[2026-09-16 12:53:48.338][VERB] RETURN: {"result":"$1994"}
[0m[2026-09-16 12:53:48.349][DEBUG] Build graphic in: 0ms
[0;32m[2026-09-16 12:53:48.353][VERB] COMMANDCALL: _C.SafeAPI.Execute(["v1.sketch.rectangle",[{"startPos":[59.1,40.8,0],"id":1994,"genFixation":0,"endPos":[63.1,44.8,0]}]])
[0m[0;32m[2026-09-16 12:53:48.359][VERB] RETURN: {"result":["$2000","$2004","$2010","$2016"]}
[0m[2026-09-16 12:53:48.370][DEBUG] Build graphic in: 0ms
[0;32m[2026-09-16 12:53:48.373][VERB] COMMANDCALL: _C.SafeAPI.Execute(["v1.sketch.getPoints",[{"id":2000}]])
[0m[0;32m[2026-09-16 12:53:48.374][VERB] RETURN: {"result":{"endId":"$2002","startId":"$2001"}}
[0m[0;32m[2026-09-16 12:53:48.388][VERB] COMMANDCALL: _C.SafeAPI.Execute(["v1.sketch.point",[{"pos":[-1000,-1000,0],"id":1994}]])
[0m[0;32m[2026-09-16 12:53:48.390][VERB] RETURN: {"result":"$2032"}
[0m[2026-09-16 12:53:48.402][DEBUG] Build graphic in: 0ms
[0;32m[2026-09-16 12:53:48.405][VERB] COMMANDCALL: _C.SafeAPI.Execute(["v1.sketch.constraint",[{"type":"FIXATION","id":1994,"geomIds":[2032]}]])
[0m[0;32m[2026-09-16 12:53:48.407][VERB] RETURN: {"result":"$2034"}
[0m[2026-09-16 12:53:48.418][DEBUG] Build graphic in: 0ms
[0;32m[2026-09-16 12:53:48.422][VERB] COMMANDCALL: _C.SafeAPI.Execute(["v1.sketch.dimension",[{"type":"HORIZONTAL_DISTANCE","value":"@expr.d162_position_x","name":"position_x","id":1994,"geomIds":[2032,2001]}]])
[0m[0;32m[2026-09-16 12:53:48.427][VERB] RETURN: {"result":"$2038"}
[0m[2026-09-16 12:53:48.439][DEBUG] Build graphic in: 0ms
[0;32m[2026-09-16 12:53:48.442][VERB] COMMANDCALL: _C.SafeAPI.Execute(["v1.sketch.dimension",[{"type":"VERTICAL_DISTANCE","value":"@expr.d163_position_y","name":"position_y","id":1994,"geomIds":[2032,2001]}]])
[0m[0;32m[2026-09-16 12:53:48.448][VERB] RETURN: {"result":"$2042"}
[0m[2026-09-16 12:53:48.460][DEBUG] Build graphic in: 0ms
[0;32m[2026-09-16 12:53:48.463][VERB] COMMANDCALL: _C.SafeAPI.Execute(["v1.sketch.dimension",[{"type":"OFFSET","value":"@expr.d164_width","name":"width","id":1994,"geomIds":[2000]}]])
[0m[0;32m[2026-09-16 12:53:48.470][VERB] RETURN: {"result":"$2046"}
[0m[2026-09-16 12:53:48.482][DEBUG] Build graphic in: 0ms
[0;32m[2026-09-16 12:53:48.485][VERB] COMMANDCALL: _C.SafeAPI.Execute(["v1.sketch.dimension",[{"type":"OFFSET","value":"@expr.d165_depth","name":"depth","id":1994,"geomIds":[2004]}]])
[0m[0;32m[2026-09-16 12:53:48.493][VERB] RETURN: {"result":"$2050"}
[0m[2026-09-16 12:53:48.505][DEBUG] Build graphic in: 0ms
[0;32m[2026-09-16 12:53:48.508][VERB] COMMANDCALL: _C.SafeAPI.Execute(["v1.part.extrusion",[{"references":[2000,2004,2010,2016],"name":"F160_makeBox_cad_primitives_py_8","taperAngle":0,"limit2":"@expr.d166_height","id":4}]])
[0m[0;32m[2026-09-16 12:53:48.513][VERB] RETURN: {"result":"$2054"}
[0m[2026-09-16 12:53:48.525][DEBUG] Build graphic in: 0ms
[0;32m[2026-09-16 12:53:48.528][VERB] COMMANDCALL: _C.SafeAPI.Execute(["v1.part.workPlane",[{"type":"PLANE","references":[38],"name":"F167_makeCylinder_cad_primitives_py_12_plane","offset":"@expr.d168_plane_offset","id":4}]])
[0m[0;32m[2026-09-16 12:53:48.532][VERB] RETURN: {"result":"$2097"}
[0m[2026-09-16 12:53:48.544][DEBUG] Build graphic in: 0ms
[0;32m[2026-09-16 12:53:48.547][VERB] COMMANDCALL: _C.SafeAPI.Execute(["v1.sketch.create",[{"planeId":2097,"name":"F167_makeCylinder_cad_primitives_py_12_profile","id":4}]])
[0m[0;32m[2026-09-16 12:53:48.549][VERB] RETURN: {"result":"$2103"}
[0m[2026-09-16 12:53:48.561][DEBUG] Build graphic in: 0ms
[0;32m[2026-09-16 12:53:48.564][VERB] COMMANDCALL: _C.SafeAPI.Execute(["v1.sketch.circle",[{"radius":4,"id":2103,"genFixation":0,"centerPos":[63.1,44.8,0]}]])
[0m[0;32m[2026-09-16 12:53:48.565][VERB] RETURN: {"result":"$2109"}
[0m[2026-09-16 12:53:48.576][DEBUG] Build graphic in: 0ms
[0;32m[2026-09-16 12:53:48.580][VERB] COMMANDCALL: _C.SafeAPI.Execute(["v1.sketch.getPoints",[{"id":2109}]])
[0m[0;32m[2026-09-16 12:53:48.580][VERB] RETURN: {"result":{"centerId":"$2110"}}
[0m[0;32m[2026-09-16 12:53:48.595][VERB] COMMANDCALL: _C.SafeAPI.Execute(["v1.sketch.point",[{"pos":[-1000,-1000,0],"id":2103}]])
[0m[0;32m[2026-09-16 12:53:48.596][VERB] RETURN: {"result":"$2112"}
[0m[2026-09-16 12:53:48.608][DEBUG] Build graphic in: 0ms
[0;32m[2026-09-16 12:53:48.611][VERB] COMMANDCALL: _C.SafeAPI.Execute(["v1.sketch.constraint",[{"type":"FIXATION","id":2103,"geomIds":[2112]}]])
[0m[0;32m[2026-09-16 12:53:48.613][VERB] RETURN: {"result":"$2114"}
[0m[2026-09-16 12:53:48.624][DEBUG] Build graphic in: 0ms
[0;32m[2026-09-16 12:53:48.627][VERB] COMMANDCALL: _C.SafeAPI.Execute(["v1.sketch.dimension",[{"type":"HORIZONTAL_DISTANCE","value":"@expr.d169_position_x","name":"position_x","id":2103,"geomIds":[2112,2110]}]])
[0m[0;32m[2026-09-16 12:53:48.632][VERB] RETURN: {"result":"$2118"}
[0m[2026-09-16 12:53:48.644][DEBUG] Build graphic in: 0ms
[0;32m[2026-09-16 12:53:48.647][VERB] COMMANDCALL: _C.SafeAPI.Execute(["v1.sketch.dimension",[{"type":"VERTICAL_DISTANCE","value":"@expr.d170_position_y","name":"position_y","id":2103,"geomIds":[2112,2110]}]])
[0m[0;32m[2026-09-16 12:53:48.652][VERB] RETURN: {"result":"$2122"}
[0m[2026-09-16 12:53:48.665][DEBUG] Build graphic in: 0ms
[0;32m[2026-09-16 12:53:48.668][VERB] COMMANDCALL: _C.SafeAPI.Execute(["v1.sketch.dimension",[{"type":"RADIUS","value":"@expr.d171_radius","name":"radius","id":2103,"geomIds":[2109]}]])
[0m[0;32m[2026-09-16 12:53:48.673][VERB] RETURN: {"result":"$2126"}
[0m[2026-09-16 12:53:48.685][DEBUG] Build graphic in: 0ms
[0;32m[2026-09-16 12:53:48.689][VERB] COMMANDCALL: _C.SafeAPI.Execute(["v1.part.extrusion",[{"references":[2109],"name":"F167_makeCylinder_cad_primitives_py_12","taperAngle":0,"limit2":"@expr.d172_height","id":4}]])
[0m[0;32m[2026-09-16 12:53:48.694][VERB] RETURN: {"result":"$2130"}
[0m[2026-09-16 12:53:48.708][DEBUG] Build graphic in: 2ms
[0;32m[2026-09-16 12:53:48.711][VERB] COMMANDCALL: _C.SafeAPI.Execute(["v1.part.boolean",[{"type":"SUBTRACTION","tools":[2130],"target":2054,"name":"F159_cut_housing_shell_py_39","id":4}]])
[0m[0;32m[2026-09-16 12:53:48.716][VERB] RETURN: {"result":"$2152"}
[0m[2026-09-16 12:53:48.730][DEBUG] Build graphic in: 1ms
[0;32m[2026-09-16 12:53:48.733][VERB] COMMANDCALL: _C.SafeAPI.Execute(["v1.part.workPlane",[{"type":"PLANE","references":[38],"name":"F174_makeBox_cad_primitives_py_8_plane","offset":"@expr.d175_plane_offset","id":4}]])
[0m[0;32m[2026-09-16 12:53:48.737][VERB] RETURN: {"result":"$2170"}
[0m[2026-09-16 12:53:48.749][DEBUG] Build graphic in: 0ms
[0;32m[2026-09-16 12:53:48.752][VERB] COMMANDCALL: _C.SafeAPI.Execute(["v1.sketch.create",[{"planeId":2170,"name":"F174_makeBox_cad_primitives_py_8_profile","id":4}]])
[0m[0;32m[2026-09-16 12:53:48.754][VERB] RETURN: {"result":"$2176"}
[0m[2026-09-16 12:53:48.766][DEBUG] Build graphic in: 0ms
[0;32m[2026-09-16 12:53:48.769][VERB] COMMANDCALL: _C.SafeAPI.Execute(["v1.sketch.rectangle",[{"startPos":[42.1,16.1,0],"id":2176,"genFixation":0,"endPos":[46.1,20.1,0]}]])
[0m[0;32m[2026-09-16 12:53:48.776][VERB] RETURN: {"result":["$2182","$2186","$2192","$2198"]}
[0m[2026-09-16 12:53:48.788][DEBUG] Build graphic in: 0ms
[0;32m[2026-09-16 12:53:48.792][VERB] COMMANDCALL: _C.SafeAPI.Execute(["v1.sketch.getPoints",[{"id":2182}]])
[0m[0;32m[2026-09-16 12:53:48.792][VERB] RETURN: {"result":{"endId":"$2184","startId":"$2183"}}
[0m[0;32m[2026-09-16 12:53:48.807][VERB] COMMANDCALL: _C.SafeAPI.Execute(["v1.sketch.point",[{"pos":[-1000,-1000,0],"id":2176}]])
[0m[0;32m[2026-09-16 12:53:48.809][VERB] RETURN: {"result":"$2214"}
[0m[2026-09-16 12:53:48.822][DEBUG] Build graphic in: 0ms
[0;32m[2026-09-16 12:53:48.825][VERB] COMMANDCALL: _C.SafeAPI.Execute(["v1.sketch.constraint",[{"type":"FIXATION","id":2176,"geomIds":[2214]}]])
[0m[0;32m[2026-09-16 12:53:48.827][VERB] RETURN: {"result":"$2216"}
[0m[2026-09-16 12:53:48.839][DEBUG] Build graphic in: 0ms
[0;32m[2026-09-16 12:53:48.843][VERB] COMMANDCALL: _C.SafeAPI.Execute(["v1.sketch.dimension",[{"type":"HORIZONTAL_DISTANCE","value":"@expr.d176_position_x","name":"position_x","id":2176,"geomIds":[2214,2183]}]])
[0m[0;32m[2026-09-16 12:53:48.848][VERB] RETURN: {"result":"$2220"}
[0m[2026-09-16 12:53:48.861][DEBUG] Build graphic in: 0ms
[0;32m[2026-09-16 12:53:48.864][VERB] COMMANDCALL: _C.SafeAPI.Execute(["v1.sketch.dimension",[{"type":"VERTICAL_DISTANCE","value":"@expr.d177_position_y","name":"position_y","id":2176,"geomIds":[2214,2183]}]])
[0m[0;32m[2026-09-16 12:53:48.870][VERB] RETURN: {"result":"$2224"}
[0m[2026-09-16 12:53:48.883][DEBUG] Build graphic in: 0ms
[0;32m[2026-09-16 12:53:48.886][VERB] COMMANDCALL: _C.SafeAPI.Execute(["v1.sketch.dimension",[{"type":"OFFSET","value":"@expr.d178_width","name":"width","id":2176,"geomIds":[2182]}]])
[0m[0;32m[2026-09-16 12:53:48.893][VERB] RETURN: {"result":"$2228"}
[0m[2026-09-16 12:53:48.906][DEBUG] Build graphic in: 0ms
[0;32m[2026-09-16 12:53:48.910][VERB] COMMANDCALL: _C.SafeAPI.Execute(["v1.sketch.dimension",[{"type":"OFFSET","value":"@expr.d179_depth","name":"depth","id":2176,"geomIds":[2186]}]])
[0m[0;32m[2026-09-16 12:53:48.917][VERB] RETURN: {"result":"$2232"}
[0m[2026-09-16 12:53:48.930][DEBUG] Build graphic in: 0ms
[0;32m[2026-09-16 12:53:48.934][VERB] COMMANDCALL: _C.SafeAPI.Execute(["v1.part.extrusion",[{"references":[2182,2186,2192,2198],"name":"F174_makeBox_cad_primitives_py_8","taperAngle":0,"limit2":"@expr.d180_height","id":4}]])
[0m[0;32m[2026-09-16 12:53:48.939][VERB] RETURN: {"result":"$2236"}
[0m[2026-09-16 12:53:48.951][DEBUG] Build graphic in: 0ms
[0;32m[2026-09-16 12:53:48.955][VERB] COMMANDCALL: _C.SafeAPI.Execute(["v1.part.workPlane",[{"type":"PLANE","references":[38],"name":"F181_makeCylinder_cad_primitives_py_12_plane","offset":"@expr.d182_plane_offset","id":4}]])
[0m[0;32m[2026-09-16 12:53:48.959][VERB] RETURN: {"result":"$2279"}
[0m[2026-09-16 12:53:48.971][DEBUG] Build graphic in: 0ms
[0;32m[2026-09-16 12:53:48.974][VERB] COMMANDCALL: _C.SafeAPI.Execute(["v1.sketch.create",[{"planeId":2279,"name":"F181_makeCylinder_cad_primitives_py_12_profile","id":4}]])
[0m[0;32m[2026-09-16 12:53:48.976][VERB] RETURN: {"result":"$2285"}
[0m[2026-09-16 12:53:48.989][DEBUG] Build graphic in: 0ms
[0;32m[2026-09-16 12:53:48.992][VERB] COMMANDCALL: _C.SafeAPI.Execute(["v1.sketch.circle",[{"radius":4,"id":2285,"genFixation":0,"centerPos":[42.1,16.1,0]}]])
[0m[0;32m[2026-09-16 12:53:48.994][VERB] RETURN: {"result":"$2291"}
[0m[2026-09-16 12:53:49.006][DEBUG] Build graphic in: 0ms
[0;32m[2026-09-16 12:53:49.010][VERB] COMMANDCALL: _C.SafeAPI.Execute(["v1.sketch.getPoints",[{"id":2291}]])
[0m[0;32m[2026-09-16 12:53:49.010][VERB] RETURN: {"result":{"centerId":"$2292"}}
[0m[0;32m[2026-09-16 12:53:49.026][VERB] COMMANDCALL: _C.SafeAPI.Execute(["v1.sketch.point",[{"pos":[-1000,-1000,0],"id":2285}]])
[0m[0;32m[2026-09-16 12:53:49.027][VERB] RETURN: {"result":"$2294"}
[0m[2026-09-16 12:53:49.040][DEBUG] Build graphic in: 0ms
[0;32m[2026-09-16 12:53:49.043][VERB] COMMANDCALL: _C.SafeAPI.Execute(["v1.sketch.constraint",[{"type":"FIXATION","id":2285,"geomIds":[2294]}]])
[0m[0;32m[2026-09-16 12:53:49.044][VERB] RETURN: {"result":"$2296"}
[0m[2026-09-16 12:53:49.057][DEBUG] Build graphic in: 0ms
[0;32m[2026-09-16 12:53:49.060][VERB] COMMANDCALL: _C.SafeAPI.Execute(["v1.sketch.dimension",[{"type":"HORIZONTAL_DISTANCE","value":"@expr.d183_position_x","name":"position_x","id":2285,"geomIds":[2294,2292]}]])
[0m[0;32m[2026-09-16 12:53:49.065][VERB] RETURN: {"result":"$2300"}
[0m[2026-09-16 12:53:49.078][DEBUG] Build graphic in: 1ms
[0;32m[2026-09-16 12:53:49.081][VERB] COMMANDCALL: _C.SafeAPI.Execute(["v1.sketch.dimension",[{"type":"VERTICAL_DISTANCE","value":"@expr.d184_position_y","name":"position_y","id":2285,"geomIds":[2294,2292]}]])
[0m[0;32m[2026-09-16 12:53:49.086][VERB] RETURN: {"result":"$2304"}
[0m[2026-09-16 12:53:49.099][DEBUG] Build graphic in: 0ms
[0;32m[2026-09-16 12:53:49.103][VERB] COMMANDCALL: _C.SafeAPI.Execute(["v1.sketch.dimension",[{"type":"RADIUS","value":"@expr.d185_radius","name":"radius","id":2285,"geomIds":[2291]}]])
[0m[0;32m[2026-09-16 12:53:49.108][VERB] RETURN: {"result":"$2308"}
[0m[2026-09-16 12:53:49.121][DEBUG] Build graphic in: 0ms
[0;32m[2026-09-16 12:53:49.124][VERB] COMMANDCALL: _C.SafeAPI.Execute(["v1.part.extrusion",[{"references":[2291],"name":"F181_makeCylinder_cad_primitives_py_12","taperAngle":0,"limit2":"@expr.d186_height","id":4}]])
[0m[0;32m[2026-09-16 12:53:49.130][VERB] RETURN: {"result":"$2312"}
[0m[2026-09-16 12:53:49.145][DEBUG] Build graphic in: 2ms
[0;32m[2026-09-16 12:53:49.148][VERB] COMMANDCALL: _C.SafeAPI.Execute(["v1.part.boolean",[{"type":"SUBTRACTION","tools":[2312],"target":2236,"name":"F173_cut_housing_shell_py_48","id":4}]])
[0m[0;32m[2026-09-16 12:53:49.153][VERB] RETURN: {"result":"$2334"}
[0m[2026-09-16 12:53:49.167][DEBUG] Build graphic in: 1ms
[0;32m[2026-09-16 12:53:49.171][VERB] COMMANDCALL: _C.SafeAPI.Execute(["v1.part.workPlane",[{"type":"PLANE","references":[38],"name":"F187_makeCylinder_cad_primitives_py_12_plane","offset":"@expr.d188_plane_offset","id":4}]])
[0m[0;32m[2026-09-16 12:53:49.174][VERB] RETURN: {"result":"$2352"}
[0m[2026-09-16 12:53:49.187][DEBUG] Build graphic in: 0ms
[0;32m[2026-09-16 12:53:49.191][VERB] COMMANDCALL: _C.SafeAPI.Execute(["v1.sketch.create",[{"planeId":2352,"name":"F187_makeCylinder_cad_primitives_py_12_profile","id":4}]])
[0m[0;32m[2026-09-16 12:53:49.193][VERB] RETURN: {"result":"$2358"}
[0m[2026-09-16 12:53:49.206][DEBUG] Build graphic in: 0ms
[0;32m[2026-09-16 12:53:49.209][VERB] COMMANDCALL: _C.SafeAPI.Execute(["v1.sketch.circle",[{"radius":4.5,"id":2358,"genFixation":0,"centerPos":[86.8,38.9,0]}]])
[0m[0;32m[2026-09-16 12:53:49.210][VERB] RETURN: {"result":"$2364"}
[0m[2026-09-16 12:53:49.223][DEBUG] Build graphic in: 0ms
[0;32m[2026-09-16 12:53:49.227][VERB] COMMANDCALL: _C.SafeAPI.Execute(["v1.sketch.getPoints",[{"id":2364}]])
[0m[0;32m[2026-09-16 12:53:49.227][VERB] RETURN: {"result":{"centerId":"$2365"}}
[0m[0;32m[2026-09-16 12:53:49.243][VERB] COMMANDCALL: _C.SafeAPI.Execute(["v1.sketch.point",[{"pos":[-1000,-1000,0],"id":2358}]])
[0m[0;32m[2026-09-16 12:53:49.244][VERB] RETURN: {"result":"$2367"}
[0m[2026-09-16 12:53:49.257][DEBUG] Build graphic in: 0ms
[0;32m[2026-09-16 12:53:49.261][VERB] COMMANDCALL: _C.SafeAPI.Execute(["v1.sketch.constraint",[{"type":"FIXATION","id":2358,"geomIds":[2367]}]])
[0m[0;32m[2026-09-16 12:53:49.262][VERB] RETURN: {"result":"$2369"}
[0m[2026-09-16 12:53:49.274][DEBUG] Build graphic in: 0ms
[0;32m[2026-09-16 12:53:49.278][VERB] COMMANDCALL: _C.SafeAPI.Execute(["v1.sketch.dimension",[{"type":"HORIZONTAL_DISTANCE","value":"@expr.d189_position_x","name":"position_x","id":2358,"geomIds":[2367,2365]}]])
[0m[0;32m[2026-09-16 12:53:49.282][VERB] RETURN: {"result":"$2373"}
[0m[2026-09-16 12:53:49.295][DEBUG] Build graphic in: 0ms
[0;32m[2026-09-16 12:53:49.299][VERB] COMMANDCALL: _C.SafeAPI.Execute(["v1.sketch.dimension",[{"type":"VERTICAL_DISTANCE","value":"@expr.d190_position_y","name":"position_y","id":2358,"geomIds":[2367,2365]}]])
[0m[0;32m[2026-09-16 12:53:49.304][VERB] RETURN: {"result":"$2377"}
[0m[2026-09-16 12:53:49.317][DEBUG] Build graphic in: 0ms
[0;32m[2026-09-16 12:53:49.321][VERB] COMMANDCALL: _C.SafeAPI.Execute(["v1.sketch.dimension",[{"type":"RADIUS","value":"@expr.d191_radius","name":"radius","id":2358,"geomIds":[2364]}]])
[0m[0;32m[2026-09-16 12:53:49.326][VERB] RETURN: {"result":"$2381"}
[0m[2026-09-16 12:53:49.341][DEBUG] Build graphic in: 0ms
[0;32m[2026-09-16 12:53:49.345][VERB] COMMANDCALL: _C.SafeAPI.Execute(["v1.part.extrusion",[{"references":[2364],"name":"F187_makeCylinder_cad_primitives_py_12","taperAngle":0,"limit2":"@expr.d192_height","id":4}]])
[0m[0;32m[2026-09-16 12:53:49.351][VERB] RETURN: {"result":"$2385"}
[0m[2026-09-16 12:53:49.366][DEBUG] Build graphic in: 2ms
[0;32m[2026-09-16 12:53:49.370][VERB] COMMANDCALL: _C.SafeAPI.Execute(["v1.part.workPlane",[{"type":"PLANE","references":[38],"name":"F193_makeBox_cad_primitives_py_8_plane","offset":"@expr.d194_plane_offset","id":4}]])
[0m[0;32m[2026-09-16 12:53:49.374][VERB] RETURN: {"result":"$2407"}
[0m[2026-09-16 12:53:49.387][DEBUG] Build graphic in: 0ms
[0;32m[2026-09-16 12:53:49.391][VERB] COMMANDCALL: _C.SafeAPI.Execute(["v1.sketch.create",[{"planeId":2407,"name":"F193_makeBox_cad_primitives_py_8_profile","id":4}]])
[0m[0;32m[2026-09-16 12:53:49.393][VERB] RETURN: {"result":"$2413"}
[0m[2026-09-16 12:53:49.407][DEBUG] Build graphic in: 0ms
[0;32m[2026-09-16 12:53:49.411][VERB] COMMANDCALL: _C.SafeAPI.Execute(["v1.sketch.rectangle",[{"startPos":[86.8,30,0],"id":2413,"genFixation":0,"endPos":[92.5,43,0]}]])
[0m[0;32m[2026-09-16 12:53:49.417][VERB] RETURN: {"result":["$2419","$2423","$2429","$2435"]}
[0m[2026-09-16 12:53:49.431][DEBUG] Build graphic in: 0ms
[0;32m[2026-09-16 12:53:49.435][VERB] COMMANDCALL: _C.SafeAPI.Execute(["v1.sketch.getPoints",[{"id":2419}]])
[0m[0;32m[2026-09-16 12:53:49.435][VERB] RETURN: {"result":{"endId":"$2421","startId":"$2420"}}
[0m[0;32m[2026-09-16 12:53:49.453][VERB] COMMANDCALL: _C.SafeAPI.Execute(["v1.sketch.point",[{"pos":[-1000,-1000,0],"id":2413}]])
[0m[0;32m[2026-09-16 12:53:49.455][VERB] RETURN: {"result":"$2451"}
[0m[2026-09-16 12:53:49.469][DEBUG] Build graphic in: 0ms
[0;32m[2026-09-16 12:53:49.472][VERB] COMMANDCALL: _C.SafeAPI.Execute(["v1.sketch.constraint",[{"type":"FIXATION","id":2413,"geomIds":[2451]}]])
[0m[0;32m[2026-09-16 12:53:49.474][VERB] RETURN: {"result":"$2453"}
[0m[2026-09-16 12:53:49.488][DEBUG] Build graphic in: 0ms
[0;32m[2026-09-16 12:53:49.491][VERB] COMMANDCALL: _C.SafeAPI.Execute(["v1.sketch.dimension",[{"type":"HORIZONTAL_DISTANCE","value":"@expr.d195_position_x","name":"position_x","id":2413,"geomIds":[2451,2420]}]])
[0m[0;32m[2026-09-16 12:53:49.497][VERB] RETURN: {"result":"$2457"}
[0m[2026-09-16 12:53:49.511][DEBUG] Build graphic in: 1ms
[0;32m[2026-09-16 12:53:49.514][VERB] COMMANDCALL: _C.SafeAPI.Execute(["v1.sketch.dimension",[{"type":"VERTICAL_DISTANCE","value":"@expr.d196_position_y","name":"position_y","id":2413,"geomIds":[2451,2420]}]])
[0m[0;32m[2026-09-16 12:53:49.521][VERB] RETURN: {"result":"$2461"}
[0m[2026-09-16 12:53:49.534][DEBUG] Build graphic in: 0ms
[0;32m[2026-09-16 12:53:49.538][VERB] COMMANDCALL: _C.SafeAPI.Execute(["v1.sketch.dimension",[{"type":"OFFSET","value":"@expr.d197_width","name":"width","id":2413,"geomIds":[2419]}]])
[0m[0;32m[2026-09-16 12:53:49.545][VERB] RETURN: {"result":"$2465"}
[0m[2026-09-16 12:53:49.559][DEBUG] Build graphic in: 0ms
[0;32m[2026-09-16 12:53:49.563][VERB] COMMANDCALL: _C.SafeAPI.Execute(["v1.sketch.dimension",[{"type":"OFFSET","value":"@expr.d198_depth","name":"depth","id":2413,"geomIds":[2423]}]])
[0m[0;32m[2026-09-16 12:53:49.570][VERB] RETURN: {"result":"$2469"}
[0m[2026-09-16 12:53:49.584][DEBUG] Build graphic in: 0ms
[0;32m[2026-09-16 12:53:49.588][VERB] COMMANDCALL: _C.SafeAPI.Execute(["v1.part.extrusion",[{"references":[2419,2423,2429,2435],"name":"F193_makeBox_cad_primitives_py_8","taperAngle":0,"limit2":"@expr.d199_height","id":4}]])
[0m[0;32m[2026-09-16 12:53:49.593][VERB] RETURN: {"result":"$2473"}
[0m[2026-09-16 12:53:49.608][DEBUG] Build graphic in: 1ms
[0;32m[2026-09-16 12:53:49.612][VERB] COMMANDCALL: _C.SafeAPI.Execute(["v1.part.boolean",[{"type":"UNION","tools":[231,307,362,417,472,560,669,745,800,855,910,998,1107,1183,1238,1293,1348,1436,1545,1752,1836,1945,2152,2334,2385,2473],"target":122,"name":"F2_union_cad_primitives_py_17","id":4}]])
[0m[0;32m[2026-09-16 12:53:49.654][VERB] RETURN: {"result":"$2516"}
[0m[2026-09-16 12:53:49.674][DEBUG] Build graphic in: 6ms
[0;32m[2026-09-16 12:53:49.678][VERB] COMMANDCALL: _C.SafeAPI.Execute(["v1.common.setDatabaseSettings",[{"isSketchGraphicEnabled":1,"isGraphicEnabled":1,"isCCGraphicEnabled":1,"doCurveTessellation":1}]])
[0m[0;32m[2026-09-16 12:53:49.679][VERB] RETURN: {"result":null}
[0m[2026-09-16 12:53:49.698][DEBUG] Build graphic in: 5ms
[2026-09-16 12:53:49.721][DEBUG] Build graphic in: 4ms
[0;32m[2026-09-16 12:53:49.736][VERB] COMMANDCALL: _C.SafeAPI.Execute(["v1.part.chamfer",[{"references":[2823,3034,2933,3097,2625,3098,2780,2794,2793,2705,2781,2670,2680,2814,2813,3084,3083,3077,3073,3121,3120,3155,3154,3022,3090,2994,3032,3150,3151,3152,3153],"name":"F1_chamfer_shell_skin_py_17","id":4,"distance1":"@expr.d200_cham ...
[0m[0;32m[2026-09-16 12:53:49.912][VERB] RETURN: {"result":"$3169"}
[0m[2026-09-16 12:53:49.948][DEBUG] Build graphic in: 21ms
[0;32m[2026-09-16 12:53:49.953][VERB] COMMANDCALL: _C.SafeAPI.Execute(["v1.sketch.create",[{"planeId":38,"name":"F201_chamfer_shell_skin_py_17_middle_profile","id":4}]])
[0m[0;32m[2026-09-16 12:53:49.956][VERB] RETURN: {"result":"$3508"}
[0m[2026-09-16 12:53:49.970][DEBUG] Build graphic in: 0ms
[0;32m[2026-09-16 12:53:49.974][VERB] COMMANDCALL: _C.SafeAPI.Execute(["v1.sketch.point",[{"pos":[-1000,-1000,0],"id":3508}]])
[0m[0;32m[2026-09-16 12:53:49.975][VERB] RETURN: {"result":"$3514"}
[0m[2026-09-16 12:53:49.989][DEBUG] Build graphic in: 0ms
[0;32m[2026-09-16 12:53:49.993][VERB] COMMANDCALL: _C.SafeAPI.Execute(["v1.sketch.constraint",[{"type":"FIXATION","id":3508,"geomIds":[3514]}]])
[0m[0;32m[2026-09-16 12:53:49.994][VERB] RETURN: {"result":"$3516"}
[0m[2026-09-16 12:53:50.008][DEBUG] Build graphic in: 0ms
[0;32m[2026-09-16 12:53:50.012][VERB] COMMANDCALL: _C.SafeAPI.Execute(["v1.sketch.line",[{"startPos":[2.1,1.6,0],"genIncidence":0,"genTangency":0,"genFixation":0,"genVertAndHoriz":0,"id":3508,"endPos":[53,1.6,0]}]])
[0m[0;32m[2026-09-16 12:53:50.014][VERB] RETURN: {"result":"$3518"}
[0m[2026-09-16 12:53:50.028][DEBUG] Build graphic in: 0ms
[0;32m[2026-09-16 12:53:50.032][VERB] COMMANDCALL: _C.SafeAPI.Execute(["v1.sketch.getPoints",[{"id":3518}]])
[0m[0;32m[2026-09-16 12:53:50.033][VERB] RETURN: {"result":{"endId":"$3520","startId":"$3519"}}
[0m[0;32m[2026-09-16 12:53:50.051][VERB] COMMANDCALL: _C.SafeAPI.Execute(["v1.sketch.dimension",[{"type":"HORIZONTAL_DISTANCE","value":"@expr.d202_x","name":"x","id":3508,"geomIds":[3514,3519]}]])
[0m[0;32m[2026-09-16 12:53:50.056][VERB] RETURN: {"result":"$3524"}
[0m[2026-09-16 12:53:50.070][DEBUG] Build graphic in: 0ms
[0;32m[2026-09-16 12:53:50.074][VERB] COMMANDCALL: _C.SafeAPI.Execute(["v1.sketch.dimension",[{"type":"VERTICAL_DISTANCE","value":"@expr.d203_y","name":"y","id":3508,"geomIds":[3514,3519]}]])
[0m[0;32m[2026-09-16 12:53:50.079][VERB] RETURN: {"result":"$3528"}
[0m[2026-09-16 12:53:50.094][DEBUG] Build graphic in: 0ms
[0;32m[2026-09-16 12:53:50.098][VERB] COMMANDCALL: _C.SafeAPI.Execute(["v1.sketch.dimension",[{"type":"HORIZONTAL_DISTANCE","value":"@expr.d204_x","name":"x","id":3508,"geomIds":[3514,3520]}]])
[0m[0;32m[2026-09-16 12:53:50.104][VERB] RETURN: {"result":"$3532"}
[0m[2026-09-16 12:53:50.119][DEBUG] Build graphic in: 0ms
[0;32m[2026-09-16 12:53:50.123][VERB] COMMANDCALL: _C.SafeAPI.Execute(["v1.sketch.dimension",[{"type":"VERTICAL_DISTANCE","value":"@expr.d205_y","name":"y","id":3508,"geomIds":[3514,3520]}]])
[0m[0;32m[2026-09-16 12:53:50.129][VERB] RETURN: {"result":"$3536"}
[0m[2026-09-16 12:53:50.144][DEBUG] Build graphic in: 0ms
[0;32m[2026-09-16 12:53:50.148][VERB] COMMANDCALL: _C.SafeAPI.Execute(["v1.sketch.line",[{"startPos":[53,1.6,0],"genIncidence":0,"genTangency":0,"genFixation":0,"genVertAndHoriz":0,"id":3508,"endPos":[53.5,2.1,0]}]])
[0m[0;32m[2026-09-16 12:53:50.151][VERB] RETURN: {"result":"$3538"}
[0m[2026-09-16 12:53:50.166][DEBUG] Build graphic in: 0ms
[0;32m[2026-09-16 12:53:50.170][VERB] COMMANDCALL: _C.SafeAPI.Execute(["v1.sketch.getPoints",[{"id":3538}]])
[0m[0;32m[2026-09-16 12:53:50.171][VERB] RETURN: {"result":{"endId":"$3540","startId":"$3539"}}
[0m[0;32m[2026-09-16 12:53:50.189][VERB] COMMANDCALL: _C.SafeAPI.Execute(["v1.sketch.dimension",[{"type":"HORIZONTAL_DISTANCE","value":"@expr.d206_x","name":"x","id":3508,"geomIds":[3514,3539]}]])
[0m[0;32m[2026-09-16 12:53:50.197][VERB] RETURN: {"result":"$3544"}
[0m[2026-09-16 12:53:50.211][DEBUG] Build graphic in: 0ms
[0;32m[2026-09-16 12:53:50.215][VERB] COMMANDCALL: _C.SafeAPI.Execute(["v1.sketch.dimension",[{"type":"VERTICAL_DISTANCE","value":"@expr.d207_y","name":"y","id":3508,"geomIds":[3514,3539]}]])
[0m[0;32m[2026-09-16 12:53:50.223][VERB] RETURN: {"result":"$3548"}
[0m[2026-09-16 12:53:50.238][DEBUG] Build graphic in: 0ms
[0;32m[2026-09-16 12:53:50.242][VERB] COMMANDCALL: _C.SafeAPI.Execute(["v1.sketch.dimension",[{"type":"HORIZONTAL_DISTANCE","value":"@expr.d208_x","name":"x","id":3508,"geomIds":[3514,3540]}]])
[0m[0;32m[2026-09-16 12:53:50.252][VERB] RETURN: {"result":"$3552"}
[0m[2026-09-16 12:53:50.266][DEBUG] Build graphic in: 0ms
[0;32m[2026-09-16 12:53:50.270][VERB] COMMANDCALL: _C.SafeAPI.Execute(["v1.sketch.dimension",[{"type":"VERTICAL_DISTANCE","value":"@expr.d209_y","name":"y","id":3508,"geomIds":[3514,3540]}]])
[0m[0;32m[2026-09-16 12:53:50.280][VERB] RETURN: {"result":"$3556"}
[0m[2026-09-16 12:53:50.295][DEBUG] Build graphic in: 0ms
[0;32m[2026-09-16 12:53:50.299][VERB] COMMANDCALL: _C.SafeAPI.Execute(["v1.sketch.line",[{"startPos":[53.5,2.1,0],"genIncidence":0,"genTangency":0,"genFixation":0,"genVertAndHoriz":0,"id":3508,"endPos":[53.5,25.1,0]}]])
[0m[0;32m[2026-09-16 12:53:50.303][VERB] RETURN: {"result":"$3558"}
[0m[2026-09-16 12:53:50.319][DEBUG] Build graphic in: 1ms
[0;32m[2026-09-16 12:53:50.323][VERB] COMMANDCALL: _C.SafeAPI.Execute(["v1.sketch.getPoints",[{"id":3558}]])
[0m[0;32m[2026-09-16 12:53:50.323][VERB] RETURN: {"result":{"endId":"$3560","startId":"$3559"}}
[0m[0;32m[2026-09-16 12:53:50.342][VERB] COMMANDCALL: _C.SafeAPI.Execute(["v1.sketch.dimension",[{"type":"HORIZONTAL_DISTANCE","value":"@expr.d210_x","name":"x","id":3508,"geomIds":[3514,3559]}]])
[0m[0;32m[2026-09-16 12:53:50.353][VERB] RETURN: {"result":"$3564"}
[0m[2026-09-16 12:53:50.368][DEBUG] Build graphic in: 0ms
[0;32m[2026-09-16 12:53:50.372][VERB] COMMANDCALL: _C.SafeAPI.Execute(["v1.sketch.dimension",[{"type":"VERTICAL_DISTANCE","value":"@expr.d211_y","name":"y","id":3508,"geomIds":[3514,3559]}]])
[0m[0;32m[2026-09-16 12:53:50.384][VERB] RETURN: {"result":"$3568"}
[0m[2026-09-16 12:53:50.399][DEBUG] Build graphic in: 0ms
[0;32m[2026-09-16 12:53:50.404][VERB] COMMANDCALL: _C.SafeAPI.Execute(["v1.sketch.dimension",[{"type":"HORIZONTAL_DISTANCE","value":"@expr.d212_x","name":"x","id":3508,"geomIds":[3514,3560]}]])
[0m[0;32m[2026-09-16 12:53:50.416][VERB] RETURN: {"result":"$3572"}
[0m[2026-09-16 12:53:50.431][DEBUG] Build graphic in: 0ms
[0;32m[2026-09-16 12:53:50.435][VERB] COMMANDCALL: _C.SafeAPI.Execute(["v1.sketch.dimension",[{"type":"VERTICAL_DISTANCE","value":"@expr.d213_y","name":"y","id":3508,"geomIds":[3514,3560]}]])
[0m[0;32m[2026-09-16 12:53:50.448][VERB] RETURN: {"result":"$3576"}
[0m[2026-09-16 12:53:50.464][DEBUG] Build graphic in: 0ms
[0;32m[2026-09-16 12:53:50.468][VERB] COMMANDCALL: _C.SafeAPI.Execute(["v1.sketch.line",[{"startPos":[53.5,25.1,0],"genIncidence":0,"genTangency":0,"genFixation":0,"genVertAndHoriz":0,"id":3508,"endPos":[53,25.6,0]}]])
[0m[0;32m[2026-09-16 12:53:50.475][VERB] RETURN: {"result":"$3578"}
[0m[2026-09-16 12:53:50.491][DEBUG] Build graphic in: 1ms
[0;32m[2026-09-16 12:53:50.495][VERB] COMMANDCALL: _C.SafeAPI.Execute(["v1.sketch.getPoints",[{"id":3578}]])
[0m[0;32m[2026-09-16 12:53:50.495][VERB] RETURN: {"result":{"endId":"$3580","startId":"$3579"}}
[0m[0;32m[2026-09-16 12:53:50.515][VERB] COMMANDCALL: _C.SafeAPI.Execute(["v1.sketch.dimension",[{"type":"HORIZONTAL_DISTANCE","value":"@expr.d214_x","name":"x","id":3508,"geomIds":[3514,3579]}]])
[0m[0;32m[2026-09-16 12:53:50.529][VERB] RETURN: {"result":"$3584"}
[0m[2026-09-16 12:53:50.545][DEBUG] Build graphic in: 1ms
[0;32m[2026-09-16 12:53:50.549][VERB] COMMANDCALL: _C.SafeAPI.Execute(["v1.sketch.dimension",[{"type":"VERTICAL_DISTANCE","value":"@expr.d215_y","name":"y","id":3508,"geomIds":[3514,3579]}]])
[0m[0;32m[2026-09-16 12:53:50.563][VERB] RETURN: {"result":"$3588"}
[0m[2026-09-16 12:53:50.579][DEBUG] Build graphic in: 0ms
[0;32m[2026-09-16 12:53:50.583][VERB] COMMANDCALL: _C.SafeAPI.Execute(["v1.sketch.dimension",[{"type":"HORIZONTAL_DISTANCE","value":"@expr.d216_x","name":"x","id":3508,"geomIds":[3514,3580]}]])
[0m[0;32m[2026-09-16 12:53:50.598][VERB] RETURN: {"result":"$3592"}
[0m[2026-09-16 12:53:50.614][DEBUG] Build graphic in: 1ms
[0;32m[2026-09-16 12:53:50.618][VERB] COMMANDCALL: _C.SafeAPI.Execute(["v1.sketch.dimension",[{"type":"VERTICAL_DISTANCE","value":"@expr.d217_y","name":"y","id":3508,"geomIds":[3514,3580]}]])
[0m[0;32m[2026-09-16 12:53:50.633][VERB] RETURN: {"result":"$3596"}
[0m[2026-09-16 12:53:50.649][DEBUG] Build graphic in: 1ms
[0;32m[2026-09-16 12:53:50.653][VERB] COMMANDCALL: _C.SafeAPI.Execute(["v1.sketch.line",[{"startPos":[53,25.6,0],"genIncidence":0,"genTangency":0,"genFixation":0,"genVertAndHoriz":0,"id":3508,"endPos":[2.1,25.6,0]}]])
[0m[0;32m[2026-09-16 12:53:50.661][VERB] RETURN: {"result":"$3598"}
[0m[2026-09-16 12:53:50.677][DEBUG] Build graphic in: 0ms
[0;32m[2026-09-16 12:53:50.681][VERB] COMMANDCALL: _C.SafeAPI.Execute(["v1.sketch.getPoints",[{"id":3598}]])
[0m[0;32m[2026-09-16 12:53:50.682][VERB] RETURN: {"result":{"endId":"$3600","startId":"$3599"}}
[0m[0;32m[2026-09-16 12:53:50.700][VERB] COMMANDCALL: _C.SafeAPI.Execute(["v1.sketch.dimension",[{"type":"HORIZONTAL_DISTANCE","value":"@expr.d218_x","name":"x","id":3508,"geomIds":[3514,3599]}]])
[0m[0;32m[2026-09-16 12:53:50.717][VERB] RETURN: {"result":"$3604"}
[0m[2026-09-16 12:53:50.733][DEBUG] Build graphic in: 1ms
[0;32m[2026-09-16 12:53:50.737][VERB] COMMANDCALL: _C.SafeAPI.Execute(["v1.sketch.dimension",[{"type":"VERTICAL_DISTANCE","value":"@expr.d219_y","name":"y","id":3508,"geomIds":[3514,3599]}]])
[0m[0;32m[2026-09-16 12:53:50.755][VERB] RETURN: {"result":"$3608"}
[0m[2026-09-16 12:53:50.771][DEBUG] Build graphic in: 1ms
[0;32m[2026-09-16 12:53:50.775][VERB] COMMANDCALL: _C.SafeAPI.Execute(["v1.sketch.dimension",[{"type":"HORIZONTAL_DISTANCE","value":"@expr.d220_x","name":"x","id":3508,"geomIds":[3514,3600]}]])
[0m[0;32m[2026-09-16 12:53:50.793][VERB] RETURN: {"result":"$3612"}
[0m[2026-09-16 12:53:50.809][DEBUG] Build graphic in: 0ms
[0;32m[2026-09-16 12:53:50.813][VERB] COMMANDCALL: _C.SafeAPI.Execute(["v1.sketch.dimension",[{"type":"VERTICAL_DISTANCE","value":"@expr.d221_y","name":"y","id":3508,"geomIds":[3514,3600]}]])
[0m[0;32m[2026-09-16 12:53:50.832][VERB] RETURN: {"result":"$3616"}
[0m[2026-09-16 12:53:50.849][DEBUG] Build graphic in: 1ms
[0;32m[2026-09-16 12:53:50.853][VERB] COMMANDCALL: _C.SafeAPI.Execute(["v1.sketch.line",[{"startPos":[2.1,25.6,0],"genIncidence":0,"genTangency":0,"genFixation":0,"genVertAndHoriz":0,"id":3508,"endPos":[1.6,25.1,0]}]])
[0m[0;32m[2026-09-16 12:53:50.862][VERB] RETURN: {"result":"$3618"}
[0m[2026-09-16 12:53:50.879][DEBUG] Build graphic in: 1ms
[0;32m[2026-09-16 12:53:50.883][VERB] COMMANDCALL: _C.SafeAPI.Execute(["v1.sketch.getPoints",[{"id":3618}]])
[0m[0;32m[2026-09-16 12:53:50.883][VERB] RETURN: {"result":{"endId":"$3620","startId":"$3619"}}
[0m[0;32m[2026-09-16 12:53:50.903][VERB] COMMANDCALL: _C.SafeAPI.Execute(["v1.sketch.dimension",[{"type":"HORIZONTAL_DISTANCE","value":"@expr.d222_x","name":"x","id":3508,"geomIds":[3514,3619]}]])
[0m[0;32m[2026-09-16 12:53:50.922][VERB] RETURN: {"result":"$3624"}
[0m[2026-09-16 12:53:50.938][DEBUG] Build graphic in: 0ms
[0;32m[2026-09-16 12:53:50.943][VERB] COMMANDCALL: _C.SafeAPI.Execute(["v1.sketch.dimension",[{"type":"VERTICAL_DISTANCE","value":"@expr.d223_y","name":"y","id":3508,"geomIds":[3514,3619]}]])
[0m[0;32m[2026-09-16 12:53:50.963][VERB] RETURN: {"result":"$3628"}
[0m[2026-09-16 12:53:50.979][DEBUG] Build graphic in: 0ms
[0;32m[2026-09-16 12:53:50.983][VERB] COMMANDCALL: _C.SafeAPI.Execute(["v1.sketch.dimension",[{"type":"HORIZONTAL_DISTANCE","value":"@expr.d224_x","name":"x","id":3508,"geomIds":[3514,3620]}]])
[0m[0;32m[2026-09-16 12:53:51.004][VERB] RETURN: {"result":"$3632"}
[0m[2026-09-16 12:53:51.020][DEBUG] Build graphic in: 0ms
[0;32m[2026-09-16 12:53:51.025][VERB] COMMANDCALL: _C.SafeAPI.Execute(["v1.sketch.dimension",[{"type":"VERTICAL_DISTANCE","value":"@expr.d225_y","name":"y","id":3508,"geomIds":[3514,3620]}]])
[0m[0;32m[2026-09-16 12:53:51.046][VERB] RETURN: {"result":"$3636"}
[0m[2026-09-16 12:53:51.062][DEBUG] Build graphic in: 0ms
[0;32m[2026-09-16 12:53:51.067][VERB] COMMANDCALL: _C.SafeAPI.Execute(["v1.sketch.line",[{"startPos":[1.6,25.1,0],"genIncidence":0,"genTangency":0,"genFixation":0,"genVertAndHoriz":0,"id":3508,"endPos":[1.6,2.1,0]}]])
[0m[0;32m[2026-09-16 12:53:51.078][VERB] RETURN: {"result":"$3638"}
[0m[2026-09-16 12:53:51.094][DEBUG] Build graphic in: 0ms
[0;32m[2026-09-16 12:53:51.099][VERB] COMMANDCALL: _C.SafeAPI.Execute(["v1.sketch.getPoints",[{"id":3638}]])
[0m[0;32m[2026-09-16 12:53:51.099][VERB] RETURN: {"result":{"endId":"$3640","startId":"$3639"}}
[0m[0;32m[2026-09-16 12:53:51.119][VERB] COMMANDCALL: _C.SafeAPI.Execute(["v1.sketch.dimension",[{"type":"HORIZONTAL_DISTANCE","value":"@expr.d226_x","name":"x","id":3508,"geomIds":[3514,3639]}]])
[0m[0;32m[2026-09-16 12:53:51.141][VERB] RETURN: {"result":"$3644"}
[0m[2026-09-16 12:53:51.157][DEBUG] Build graphic in: 0ms
[0;32m[2026-09-16 12:53:51.162][VERB] COMMANDCALL: _C.SafeAPI.Execute(["v1.sketch.dimension",[{"type":"VERTICAL_DISTANCE","value":"@expr.d227_y","name":"y","id":3508,"geomIds":[3514,3639]}]])
[0m[0;32m[2026-09-16 12:53:51.185][VERB] RETURN: {"result":"$3648"}
[0m[2026-09-16 12:53:51.202][DEBUG] Build graphic in: 0ms
[0;32m[2026-09-16 12:53:51.207][VERB] COMMANDCALL: _C.SafeAPI.Execute(["v1.sketch.dimension",[{"type":"HORIZONTAL_DISTANCE","value":"@expr.d228_x","name":"x","id":3508,"geomIds":[3514,3640]}]])
[0m[0;32m[2026-09-16 12:53:51.231][VERB] RETURN: {"result":"$3652"}
[0m[2026-09-16 12:53:51.247][DEBUG] Build graphic in: 0ms
[0;32m[2026-09-16 12:53:51.252][VERB] COMMANDCALL: _C.SafeAPI.Execute(["v1.sketch.dimension",[{"type":"VERTICAL_DISTANCE","value":"@expr.d229_y","name":"y","id":3508,"geomIds":[3514,3640]}]])
[0m[0;32m[2026-09-16 12:53:51.276][VERB] RETURN: {"result":"$3656"}
[0m[2026-09-16 12:53:51.293][DEBUG] Build graphic in: 0ms
[0;32m[2026-09-16 12:53:51.298][VERB] COMMANDCALL: _C.SafeAPI.Execute(["v1.sketch.line",[{"startPos":[1.6,2.1,0],"genIncidence":0,"genTangency":0,"genFixation":0,"genVertAndHoriz":0,"id":3508,"endPos":[2.1,1.6,0]}]])
[0m[0;32m[2026-09-16 12:53:51.310][VERB] RETURN: {"result":"$3658"}
[0m[2026-09-16 12:53:51.327][DEBUG] Build graphic in: 1ms
[0;32m[2026-09-16 12:53:51.331][VERB] COMMANDCALL: _C.SafeAPI.Execute(["v1.sketch.getPoints",[{"id":3658}]])
[0m[0;32m[2026-09-16 12:53:51.332][VERB] RETURN: {"result":{"endId":"$3660","startId":"$3659"}}
[0m[0;32m[2026-09-16 12:53:51.351][VERB] COMMANDCALL: _C.SafeAPI.Execute(["v1.sketch.dimension",[{"type":"HORIZONTAL_DISTANCE","value":"@expr.d230_x","name":"x","id":3508,"geomIds":[3514,3659]}]])
[0m[0;32m[2026-09-16 12:53:51.376][VERB] RETURN: {"result":"$3664"}
[0m[2026-09-16 12:53:51.393][DEBUG] Build graphic in: 0ms
[0;32m[2026-09-16 12:53:51.398][VERB] COMMANDCALL: _C.SafeAPI.Execute(["v1.sketch.dimension",[{"type":"VERTICAL_DISTANCE","value":"@expr.d231_y","name":"y","id":3508,"geomIds":[3514,3659]}]])
[0m[0;32m[2026-09-16 12:53:51.424][VERB] RETURN: {"result":"$3668"}
[0m[2026-09-16 12:53:51.440][DEBUG] Build graphic in: 0ms
[0;32m[2026-09-16 12:53:51.445][VERB] COMMANDCALL: _C.SafeAPI.Execute(["v1.sketch.dimension",[{"type":"HORIZONTAL_DISTANCE","value":"@expr.d232_x","name":"x","id":3508,"geomIds":[3514,3660]}]])
[0m[0;32m[2026-09-16 12:53:51.472][VERB] RETURN: {"result":"$3672"}
[0m[2026-09-16 12:53:51.489][DEBUG] Build graphic in: 1ms
[0;32m[2026-09-16 12:53:51.493][VERB] COMMANDCALL: _C.SafeAPI.Execute(["v1.sketch.dimension",[{"type":"VERTICAL_DISTANCE","value":"@expr.d233_y","name":"y","id":3508,"geomIds":[3514,3660]}]])
[0m[0;32m[2026-09-16 12:53:51.520][VERB] RETURN: {"result":"$3676"}
[0m[2026-09-16 12:53:51.537][DEBUG] Build graphic in: 0ms
[0;32m[2026-09-16 12:53:51.542][VERB] COMMANDCALL: _C.SafeAPI.Execute(["v1.part.extrusion",[{"references":[3518,3538,3558,3578,3598,3618,3638,3658],"name":"F201_chamfer_shell_skin_py_17_middle","taperAngle":0,"limit2":"@expr.d234_height","id":4}]])
[0m[0;32m[2026-09-16 12:53:51.548][VERB] RETURN: {"result":"$3680"}
[0m[2026-09-16 12:53:51.565][DEBUG] Build graphic in: 1ms
[0;32m[2026-09-16 12:53:51.569][VERB] COMMANDCALL: _C.SafeAPI.Execute(["v1.part.translation",[{"references":[34],"name":"F201_chamfer_shell_skin_py_17_middle_2","id":4,"targets":[3680],"distance":"@expr.d235_position"}]])
[0m[0;32m[2026-09-16 12:53:51.575][VERB] RETURN: {"result":"$3751"}
[0m[2026-09-16 12:53:51.591][DEBUG] Build graphic in: 0ms
[0;32m[2026-09-16 12:53:51.597][VERB] COMMANDCALL: _C.SafeAPI.Execute(["v1.part.extrusion",[{"references":[3518,3538,3558,3578,3598,3618,3638,3658],"name":"F201_chamfer_shell_skin_py_17_bottom","taperAngle":0.78539816339745,"limit2":"@expr.d236_bevel_height","id":4}]])
[0m[0;32m[2026-09-16 12:53:51.605][VERB] RETURN: {"result":"$3762"}
[0m[2026-09-16 12:53:51.621][DEBUG] Build graphic in: 0ms
[0;32m[2026-09-16 12:53:51.626][VERB] COMMANDCALL: _C.SafeAPI.Execute(["v1.part.translation",[{"references":[34],"name":"F201_chamfer_shell_skin_py_17_bottom_2","id":4,"targets":[3762],"distance":"@expr.d237_position"}]])
[0m[0;32m[2026-09-16 12:53:51.631][VERB] RETURN: {"result":"$3825"}
[0m[2026-09-16 12:53:51.649][DEBUG] Build graphic in: 1ms
[0;32m[2026-09-16 12:53:51.654][VERB] COMMANDCALL: _C.SafeAPI.Execute(["v1.part.extrusion",[{"references":[3518,3538,3558,3578,3598,3618,3638,3658],"name":"F201_chamfer_shell_skin_py_17_top","taperAngle":0.78539816339745,"limit2":"@expr.d238_bevel_height","id":4}]])
[0m[0;32m[2026-09-16 12:53:51.662][VERB] RETURN: {"result":"$3836"}
[0m[2026-09-16 12:53:51.680][DEBUG] Build graphic in: 0ms
[0;32m[2026-09-16 12:53:51.685][VERB] COMMANDCALL: _C.SafeAPI.Execute(["v1.part.translation",[{"references":[34],"name":"F201_chamfer_shell_skin_py_17_top_2","id":4,"targets":[3836],"distance":"@expr.d239_position"}]])
[0m[0;32m[2026-09-16 12:53:51.689][VERB] RETURN: {"result":"$3899"}
[0m[2026-09-16 12:53:51.707][DEBUG] Build graphic in: 0ms
[0;32m[2026-09-16 12:53:51.712][VERB] COMMANDCALL: _C.SafeAPI.Execute(["v1.part.boolean",[{"type":"UNION","tools":[3825,3899],"target":3751,"name":"F201_chamfer_shell_skin_py_17","id":4}]])
[0m[0;32m[2026-09-16 12:53:51.734][VERB] RETURN: {"result":"$3910"}
[0m[2026-09-16 12:53:51.753][DEBUG] Build graphic in: 1ms
[0;32m[2026-09-16 12:53:51.758][VERB] COMMANDCALL: _C.SafeAPI.Execute(["v1.part.boolean",[{"type":"SUBTRACTION","tools":[3910],"target":3169,"name":"F0_cut_housing_shell_py_58_tool_0","id":4}]])
[0m[0;32m[2026-09-16 12:53:51.815][VERB] RETURN: {"result":"$3989"}
[0m[2026-09-16 12:53:51.856][DEBUG] Build graphic in: 23ms
[0;32m[2026-09-16 12:53:51.861][VERB] COMMANDCALL: _C.SafeAPI.Execute(["v1.sketch.create",[{"planeId":38,"name":"F240_chamfer_shell_skin_py_17_middle_profile","id":4}]])
[0m[0;32m[2026-09-16 12:53:51.864][VERB] RETURN: {"result":"$4157"}
[0m[2026-09-16 12:53:51.881][DEBUG] Build graphic in: 0ms
[0;32m[2026-09-16 12:53:51.886][VERB] COMMANDCALL: _C.SafeAPI.Execute(["v1.sketch.point",[{"pos":[-1000,-1000,0],"id":4157}]])
[0m[0;32m[2026-09-16 12:53:51.887][VERB] RETURN: {"result":"$4163"}
[0m[2026-09-16 12:53:51.905][DEBUG] Build graphic in: 0ms
[0;32m[2026-09-16 12:53:51.909][VERB] COMMANDCALL: _C.SafeAPI.Execute(["v1.sketch.constraint",[{"type":"FIXATION","id":4157,"geomIds":[4163]}]])
[0m[0;32m[2026-09-16 12:53:51.910][VERB] RETURN: {"result":"$4165"}
[0m[2026-09-16 12:53:51.928][DEBUG] Build graphic in: 0ms
[0;32m[2026-09-16 12:53:51.933][VERB] COMMANDCALL: _C.SafeAPI.Execute(["v1.sketch.line",[{"startPos":[2.1,23,0],"genIncidence":0,"genTangency":0,"genFixation":0,"genVertAndHoriz":0,"id":4157,"endPos":[54.7,23,0]}]])
[0m[0;32m[2026-09-16 12:53:51.934][VERB] RETURN: {"result":"$4167"}
[0m[2026-09-16 12:53:51.952][DEBUG] Build graphic in: 0ms
[0;32m[2026-09-16 12:53:51.956][VERB] COMMANDCALL: _C.SafeAPI.Execute(["v1.sketch.getPoints",[{"id":4167}]])
[0m[0;32m[2026-09-16 12:53:51.957][VERB] RETURN: {"result":{"endId":"$4169","startId":"$4168"}}
[0m[0;32m[2026-09-16 12:53:51.979][VERB] COMMANDCALL: _C.SafeAPI.Execute(["v1.sketch.dimension",[{"type":"HORIZONTAL_DISTANCE","value":"@expr.d241_x","name":"x","id":4157,"geomIds":[4163,4168]}]])
[0m[0;32m[2026-09-16 12:53:51.983][VERB] RETURN: {"result":"$4173"}
[0m[2026-09-16 12:53:52.001][DEBUG] Build graphic in: 0ms
[0;32m[2026-09-16 12:53:52.006][VERB] COMMANDCALL: _C.SafeAPI.Execute(["v1.sketch.dimension",[{"type":"VERTICAL_DISTANCE","value":"@expr.d242_y","name":"y","id":4157,"geomIds":[4163,4168]}]])
[0m[0;32m[2026-09-16 12:53:52.011][VERB] RETURN: {"result":"$4177"}
[0m[2026-09-16 12:53:52.029][DEBUG] Build graphic in: 0ms
[0;32m[2026-09-16 12:53:52.033][VERB] COMMANDCALL: _C.SafeAPI.Execute(["v1.sketch.dimension",[{"type":"HORIZONTAL_DISTANCE","value":"@expr.d243_x","name":"x","id":4157,"geomIds":[4163,4169]}]])
[0m[0;32m[2026-09-16 12:53:52.039][VERB] RETURN: {"result":"$4181"}
[0m[2026-09-16 12:53:52.057][DEBUG] Build graphic in: 0ms
[0;32m[2026-09-16 12:53:52.062][VERB] COMMANDCALL: _C.SafeAPI.Execute(["v1.sketch.dimension",[{"type":"VERTICAL_DISTANCE","value":"@expr.d244_y","name":"y","id":4157,"geomIds":[4163,4169]}]])
[0m[0;32m[2026-09-16 12:53:52.068][VERB] RETURN: {"result":"$4185"}
[0m[2026-09-16 12:53:52.087][DEBUG] Build graphic in: 1ms
[0;32m[2026-09-16 12:53:52.091][VERB] COMMANDCALL: _C.SafeAPI.Execute(["v1.sketch.line",[{"startPos":[54.7,23,0],"genIncidence":0,"genTangency":0,"genFixation":0,"genVertAndHoriz":0,"id":4157,"endPos":[55.2,23.5,0]}]])
[0m[0;32m[2026-09-16 12:53:52.094][VERB] RETURN: {"result":"$4187"}
[0m[2026-09-16 12:53:52.112][DEBUG] Build graphic in: 0ms
[0;32m[2026-09-16 12:53:52.117][VERB] COMMANDCALL: _C.SafeAPI.Execute(["v1.sketch.getPoints",[{"id":4187}]])
[0m[0;32m[2026-09-16 12:53:52.117][VERB] RETURN: {"result":{"endId":"$4189","startId":"$4188"}}
[0m[0;32m[2026-09-16 12:53:52.140][VERB] COMMANDCALL: _C.SafeAPI.Execute(["v1.sketch.dimension",[{"type":"HORIZONTAL_DISTANCE","value":"@expr.d245_x","name":"x","id":4157,"geomIds":[4163,4188]}]])
[0m[0;32m[2026-09-16 12:53:52.147][VERB] RETURN: {"result":"$4193"}
[0m[2026-09-16 12:53:52.165][DEBUG] Build graphic in: 0ms
[0;32m[2026-09-16 12:53:52.170][VERB] COMMANDCALL: _C.SafeAPI.Execute(["v1.sketch.dimension",[{"type":"VERTICAL_DISTANCE","value":"@expr.d246_y","name":"y","id":4157,"geomIds":[4163,4188]}]])
[0m[0;32m[2026-09-16 12:53:52.178][VERB] RETURN: {"result":"$4197"}
[0m[2026-09-16 12:53:52.197][DEBUG] Build graphic in: 1ms
[0;32m[2026-09-16 12:53:52.201][VERB] COMMANDCALL: _C.SafeAPI.Execute(["v1.sketch.dimension",[{"type":"HORIZONTAL_DISTANCE","value":"@expr.d247_x","name":"x","id":4157,"geomIds":[4163,4189]}]])
[0m[0;32m[2026-09-16 12:53:52.210][VERB] RETURN: {"result":"$4201"}
[0m[2026-09-16 12:53:52.229][DEBUG] Build graphic in: 1ms
[0;32m[2026-09-16 12:53:52.233][VERB] COMMANDCALL: _C.SafeAPI.Execute(["v1.sketch.dimension",[{"type":"VERTICAL_DISTANCE","value":"@expr.d248_y","name":"y","id":4157,"geomIds":[4163,4189]}]])
[0m[0;32m[2026-09-16 12:53:52.243][VERB] RETURN: {"result":"$4205"}
[0m[2026-09-16 12:53:52.261][DEBUG] Build graphic in: 0ms
[0;32m[2026-09-16 12:53:52.266][VERB] COMMANDCALL: _C.SafeAPI.Execute(["v1.sketch.line",[{"startPos":[55.2,23.5,0],"genIncidence":0,"genTangency":0,"genFixation":0,"genVertAndHoriz":0,"id":4157,"endPos":[55.2,61.9,0]}]])
[0m[0;32m[2026-09-16 12:53:52.271][VERB] RETURN: {"result":"$4207"}
[0m[2026-09-16 12:53:52.289][DEBUG] Build graphic in: 0ms
[0;32m[2026-09-16 12:53:52.294][VERB] COMMANDCALL: _C.SafeAPI.Execute(["v1.sketch.getPoints",[{"id":4207}]])
[0m[0;32m[2026-09-16 12:53:52.294][VERB] RETURN: {"result":{"endId":"$4209","startId":"$4208"}}
[0m[0;32m[2026-09-16 12:53:52.317][VERB] COMMANDCALL: _C.SafeAPI.Execute(["v1.sketch.dimension",[{"type":"HORIZONTAL_DISTANCE","value":"@expr.d249_x","name":"x","id":4157,"geomIds":[4163,4208]}]])
[0m[0;32m[2026-09-16 12:53:52.327][VERB] RETURN: {"result":"$4213"}
[0m[2026-09-16 12:53:52.346][DEBUG] Build graphic in: 0ms
[0;32m[2026-09-16 12:53:52.350][VERB] COMMANDCALL: _C.SafeAPI.Execute(["v1.sketch.dimension",[{"type":"VERTICAL_DISTANCE","value":"@expr.d250_y","name":"y","id":4157,"geomIds":[4163,4208]}]])
[0m[0;32m[2026-09-16 12:53:52.361][VERB] RETURN: {"result":"$4217"}
[0m[2026-09-16 12:53:52.380][DEBUG] Build graphic in: 1ms
[0;32m[2026-09-16 12:53:52.384][VERB] COMMANDCALL: _C.SafeAPI.Execute(["v1.sketch.dimension",[{"type":"HORIZONTAL_DISTANCE","value":"@expr.d251_x","name":"x","id":4157,"geomIds":[4163,4209]}]])
[0m[0;32m[2026-09-16 12:53:52.396][VERB] RETURN: {"result":"$4221"}
[0m[2026-09-16 12:53:52.416][DEBUG] Build graphic in: 1ms
[0;32m[2026-09-16 12:53:52.420][VERB] COMMANDCALL: _C.SafeAPI.Execute(["v1.sketch.dimension",[{"type":"VERTICAL_DISTANCE","value":"@expr.d252_y","name":"y","id":4157,"geomIds":[4163,4209]}]])
[0m[0;32m[2026-09-16 12:53:52.433][VERB] RETURN: {"result":"$4225"}
[0m[2026-09-16 12:53:52.452][DEBUG] Build graphic in: 0ms
[0;32m[2026-09-16 12:53:52.457][VERB] COMMANDCALL: _C.SafeAPI.Execute(["v1.sketch.line",[{"startPos":[55.2,61.9,0],"genIncidence":0,"genTangency":0,"genFixation":0,"genVertAndHoriz":0,"id":4157,"endPos":[54.7,62.4,0]}]])
[0m[0;32m[2026-09-16 12:53:52.463][VERB] RETURN: {"result":"$4227"}
[0m[2026-09-16 12:53:52.482][DEBUG] Build graphic in: 0ms
[0;32m[2026-09-16 12:53:52.486][VERB] COMMANDCALL: _C.SafeAPI.Execute(["v1.sketch.getPoints",[{"id":4227}]])
[0m[0;32m[2026-09-16 12:53:52.487][VERB] RETURN: {"result":{"endId":"$4229","startId":"$4228"}}
[0m[0;32m[2026-09-16 12:53:52.510][VERB] COMMANDCALL: _C.SafeAPI.Execute(["v1.sketch.dimension",[{"type":"HORIZONTAL_DISTANCE","value":"@expr.d253_x","name":"x","id":4157,"geomIds":[4163,4228]}]])
[0m[0;32m[2026-09-16 12:53:52.524][VERB] RETURN: {"result":"$4233"}
[0m[2026-09-16 12:53:52.543][DEBUG] Build graphic in: 0ms
[0;32m[2026-09-16 12:53:52.548][VERB] COMMANDCALL: _C.SafeAPI.Execute(["v1.sketch.dimension",[{"type":"VERTICAL_DISTANCE","value":"@expr.d254_y","name":"y","id":4157,"geomIds":[4163,4228]}]])
[0m[0;32m[2026-09-16 12:53:52.562][VERB] RETURN: {"result":"$4237"}
[0m[2026-09-16 12:53:52.581][DEBUG] Build graphic in: 0ms
[0;32m[2026-09-16 12:53:52.586][VERB] COMMANDCALL: _C.SafeAPI.Execute(["v1.sketch.dimension",[{"type":"HORIZONTAL_DISTANCE","value":"@expr.d255_x","name":"x","id":4157,"geomIds":[4163,4229]}]])
[0m[0;32m[2026-09-16 12:53:52.600][VERB] RETURN: {"result":"$4241"}
[0m[2026-09-16 12:53:52.620][DEBUG] Build graphic in: 1ms
[0;32m[2026-09-16 12:53:52.625][VERB] COMMANDCALL: _C.SafeAPI.Execute(["v1.sketch.dimension",[{"type":"VERTICAL_DISTANCE","value":"@expr.d256_y","name":"y","id":4157,"geomIds":[4163,4229]}]])
[0m[0;32m[2026-09-16 12:53:52.640][VERB] RETURN: {"result":"$4245"}
[0m[2026-09-16 12:53:52.658][DEBUG] Build graphic in: 0ms
[0;32m[2026-09-16 12:53:52.663][VERB] COMMANDCALL: _C.SafeAPI.Execute(["v1.sketch.line",[{"startPos":[54.7,62.4,0],"genIncidence":0,"genTangency":0,"genFixation":0,"genVertAndHoriz":0,"id":4157,"endPos":[2.1,62.4,0]}]])
[0m[0;32m[2026-09-16 12:53:52.671][VERB] RETURN: {"result":"$4247"}
[0m[2026-09-16 12:53:52.690][DEBUG] Build graphic in: 0ms
[0;32m[2026-09-16 12:53:52.695][VERB] COMMANDCALL: _C.SafeAPI.Execute(["v1.sketch.getPoints",[{"id":4247}]])
[0m[0;32m[2026-09-16 12:53:52.695][VERB] RETURN: {"result":{"endId":"$4249","startId":"$4248"}}
[0m[0;32m[2026-09-16 12:53:52.718][VERB] COMMANDCALL: _C.SafeAPI.Execute(["v1.sketch.dimension",[{"type":"HORIZONTAL_DISTANCE","value":"@expr.d257_x","name":"x","id":4157,"geomIds":[4163,4248]}]])
[0m[0;32m[2026-09-16 12:53:52.734][VERB] RETURN: {"result":"$4253"}
[0m[2026-09-16 12:53:52.754][DEBUG] Build graphic in: 0ms
[0;32m[2026-09-16 12:53:52.759][VERB] COMMANDCALL: _C.SafeAPI.Execute(["v1.sketch.dimension",[{"type":"VERTICAL_DISTANCE","value":"@expr.d258_y","name":"y","id":4157,"geomIds":[4163,4248]}]])
[0m[0;32m[2026-09-16 12:53:52.776][VERB] RETURN: {"result":"$4257"}
[0m[2026-09-16 12:53:52.795][DEBUG] Build graphic in: 0ms
[0;32m[2026-09-16 12:53:52.800][VERB] COMMANDCALL: _C.SafeAPI.Execute(["v1.sketch.dimension",[{"type":"HORIZONTAL_DISTANCE","value":"@expr.d259_x","name":"x","id":4157,"geomIds":[4163,4249]}]])
[0m[0;32m[2026-09-16 12:53:52.818][VERB] RETURN: {"result":"$4261"}
[0m[2026-09-16 12:53:52.837][DEBUG] Build graphic in: 0ms
[0;32m[2026-09-16 12:53:52.842][VERB] COMMANDCALL: _C.SafeAPI.Execute(["v1.sketch.dimension",[{"type":"VERTICAL_DISTANCE","value":"@expr.d260_y","name":"y","id":4157,"geomIds":[4163,4249]}]])
[0m[0;32m[2026-09-16 12:53:52.861][VERB] RETURN: {"result":"$4265"}
[0m[2026-09-16 12:53:52.880][DEBUG] Build graphic in: 0ms
[0;32m[2026-09-16 12:53:52.885][VERB] COMMANDCALL: _C.SafeAPI.Execute(["v1.sketch.line",[{"startPos":[2.1,62.4,0],"genIncidence":0,"genTangency":0,"genFixation":0,"genVertAndHoriz":0,"id":4157,"endPos":[1.6,61.9,0]}]])
[0m[0;32m[2026-09-16 12:53:52.894][VERB] RETURN: {"result":"$4267"}
[0m[2026-09-16 12:53:52.914][DEBUG] Build graphic in: 0ms
[0;32m[2026-09-16 12:53:52.919][VERB] COMMANDCALL: _C.SafeAPI.Execute(["v1.sketch.getPoints",[{"id":4267}]])
[0m[0;32m[2026-09-16 12:53:52.919][VERB] RETURN: {"result":{"endId":"$4269","startId":"$4268"}}
[0m[0;32m[2026-09-16 12:53:52.943][VERB] COMMANDCALL: _C.SafeAPI.Execute(["v1.sketch.dimension",[{"type":"HORIZONTAL_DISTANCE","value":"@expr.d261_x","name":"x","id":4157,"geomIds":[4163,4268]}]])
[0m[0;32m[2026-09-16 12:53:52.963][VERB] RETURN: {"result":"$4273"}
[0m[2026-09-16 12:53:52.983][DEBUG] Build graphic in: 1ms
[0;32m[2026-09-16 12:53:52.988][VERB] COMMANDCALL: _C.SafeAPI.Execute(["v1.sketch.dimension",[{"type":"VERTICAL_DISTANCE","value":"@expr.d262_y","name":"y","id":4157,"geomIds":[4163,4268]}]])
[0m[0;32m[2026-09-16 12:53:53.008][VERB] RETURN: {"result":"$4277"}
[0m[2026-09-16 12:53:53.028][DEBUG] Build graphic in: 1ms
[0;32m[2026-09-16 12:53:53.033][VERB] COMMANDCALL: _C.SafeAPI.Execute(["v1.sketch.dimension",[{"type":"HORIZONTAL_DISTANCE","value":"@expr.d263_x","name":"x","id":4157,"geomIds":[4163,4269]}]])
[0m[0;32m[2026-09-16 12:53:53.053][VERB] RETURN: {"result":"$4281"}
[0m[2026-09-16 12:53:53.073][DEBUG] Build graphic in: 0ms
[0;32m[2026-09-16 12:53:53.078][VERB] COMMANDCALL: _C.SafeAPI.Execute(["v1.sketch.dimension",[{"type":"VERTICAL_DISTANCE","value":"@expr.d264_y","name":"y","id":4157,"geomIds":[4163,4269]}]])
[0m[0;32m[2026-09-16 12:53:53.100][VERB] RETURN: {"result":"$4285"}
[0m[2026-09-16 12:53:53.119][DEBUG] Build graphic in: 0ms
[0;32m[2026-09-16 12:53:53.124][VERB] COMMANDCALL: _C.SafeAPI.Execute(["v1.sketch.line",[{"startPos":[1.6,61.9,0],"genIncidence":0,"genTangency":0,"genFixation":0,"genVertAndHoriz":0,"id":4157,"endPos":[1.6,23.5,0]}]])
[0m[0;32m[2026-09-16 12:53:53.135][VERB] RETURN: {"result":"$4287"}
[0m[2026-09-16 12:53:53.155][DEBUG] Build graphic in: 0ms
[0;32m[2026-09-16 12:53:53.160][VERB] COMMANDCALL: _C.SafeAPI.Execute(["v1.sketch.getPoints",[{"id":4287}]])
[0m[0;32m[2026-09-16 12:53:53.160][VERB] RETURN: {"result":{"endId":"$4289","startId":"$4288"}}
[0m[0;32m[2026-09-16 12:53:53.184][VERB] COMMANDCALL: _C.SafeAPI.Execute(["v1.sketch.dimension",[{"type":"HORIZONTAL_DISTANCE","value":"@expr.d265_x","name":"x","id":4157,"geomIds":[4163,4288]}]])
[0m[0;32m[2026-09-16 12:53:53.206][VERB] RETURN: {"result":"$4293"}
[0m[2026-09-16 12:53:53.226][DEBUG] Build graphic in: 0ms
[0;32m[2026-09-16 12:53:53.231][VERB] COMMANDCALL: _C.SafeAPI.Execute(["v1.sketch.dimension",[{"type":"VERTICAL_DISTANCE","value":"@expr.d266_y","name":"y","id":4157,"geomIds":[4163,4288]}]])
[0m[0;32m[2026-09-16 12:53:53.254][VERB] RETURN: {"result":"$4297"}
[0m[2026-09-16 12:53:53.274][DEBUG] Build graphic in: 1ms
[0;32m[2026-09-16 12:53:53.279][VERB] COMMANDCALL: _C.SafeAPI.Execute(["v1.sketch.dimension",[{"type":"HORIZONTAL_DISTANCE","value":"@expr.d267_x","name":"x","id":4157,"geomIds":[4163,4289]}]])
[0m[0;32m[2026-09-16 12:53:53.302][VERB] RETURN: {"result":"$4301"}
[0m[2026-09-16 12:53:53.323][DEBUG] Build graphic in: 1ms
[0;32m[2026-09-16 12:53:53.328][VERB] COMMANDCALL: _C.SafeAPI.Execute(["v1.sketch.dimension",[{"type":"VERTICAL_DISTANCE","value":"@expr.d268_y","name":"y","id":4157,"geomIds":[4163,4289]}]])
[0m[0;32m[2026-09-16 12:53:53.352][VERB] RETURN: {"result":"$4305"}
[0m[2026-09-16 12:53:53.373][DEBUG] Build graphic in: 1ms
[0;32m[2026-09-16 12:53:53.378][VERB] COMMANDCALL: _C.SafeAPI.Execute(["v1.sketch.line",[{"startPos":[1.6,23.5,0],"genIncidence":0,"genTangency":0,"genFixation":0,"genVertAndHoriz":0,"id":4157,"endPos":[2.1,23,0]}]])
[0m[0;32m[2026-09-16 12:53:53.390][VERB] RETURN: {"result":"$4307"}
[0m[2026-09-16 12:53:53.410][DEBUG] Build graphic in: 0ms
[0;32m[2026-09-16 12:53:53.416][VERB] COMMANDCALL: _C.SafeAPI.Execute(["v1.sketch.getPoints",[{"id":4307}]])
[0m[0;32m[2026-09-16 12:53:53.416][VERB] RETURN: {"result":{"endId":"$4309","startId":"$4308"}}
[0m[0;32m[2026-09-16 12:53:53.440][VERB] COMMANDCALL: _C.SafeAPI.Execute(["v1.sketch.dimension",[{"type":"HORIZONTAL_DISTANCE","value":"@expr.d269_x","name":"x","id":4157,"geomIds":[4163,4308]}]])
[0m[0;32m[2026-09-16 12:53:53.466][VERB] RETURN: {"result":"$4313"}
[0m[2026-09-16 12:53:53.486][DEBUG] Build graphic in: 0ms
[0;32m[2026-09-16 12:53:53.491][VERB] COMMANDCALL: _C.SafeAPI.Execute(["v1.sketch.dimension",[{"type":"VERTICAL_DISTANCE","value":"@expr.d270_y","name":"y","id":4157,"geomIds":[4163,4308]}]])
[0m[0;32m[2026-09-16 12:53:53.517][VERB] RETURN: {"result":"$4317"}
[0m[2026-09-16 12:53:53.538][DEBUG] Build graphic in: 1ms
[0;32m[2026-09-16 12:53:53.543][VERB] COMMANDCALL: _C.SafeAPI.Execute(["v1.sketch.dimension",[{"type":"HORIZONTAL_DISTANCE","value":"@expr.d271_x","name":"x","id":4157,"geomIds":[4163,4309]}]])
[0m[0;32m[2026-09-16 12:53:53.570][VERB] RETURN: {"result":"$4321"}
[0m[2026-09-16 12:53:53.590][DEBUG] Build graphic in: 1ms
[0;32m[2026-09-16 12:53:53.595][VERB] COMMANDCALL: _C.SafeAPI.Execute(["v1.sketch.dimension",[{"type":"VERTICAL_DISTANCE","value":"@expr.d272_y","name":"y","id":4157,"geomIds":[4163,4309]}]])
[0m[0;32m[2026-09-16 12:53:53.623][VERB] RETURN: {"result":"$4325"}
[0m[2026-09-16 12:53:53.643][DEBUG] Build graphic in: 0ms
[0;32m[2026-09-16 12:53:53.649][VERB] COMMANDCALL: _C.SafeAPI.Execute(["v1.part.extrusion",[{"references":[4167,4187,4207,4227,4247,4267,4287,4307],"name":"F240_chamfer_shell_skin_py_17_middle","taperAngle":0,"limit2":"@expr.d273_height","id":4}]])
[0m[0;32m[2026-09-16 12:53:53.655][VERB] RETURN: {"result":"$4329"}
[0m[2026-09-16 12:53:53.675][DEBUG] Build graphic in: 1ms
[0;32m[2026-09-16 12:53:53.680][VERB] COMMANDCALL: _C.SafeAPI.Execute(["v1.part.translation",[{"references":[34],"name":"F240_chamfer_shell_skin_py_17_middle_2","id":4,"targets":[4329],"distance":"@expr.d274_position"}]])
[0m[0;32m[2026-09-16 12:53:53.684][VERB] RETURN: {"result":"$4400"}
[0m[2026-09-16 12:53:53.704][DEBUG] Build graphic in: 1ms
[0;32m[2026-09-16 12:53:53.709][VERB] COMMANDCALL: _C.SafeAPI.Execute(["v1.part.extrusion",[{"references":[4167,4187,4207,4227,4247,4267,4287,4307],"name":"F240_chamfer_shell_skin_py_17_bottom","taperAngle":0.78539816339745,"limit2":"@expr.d275_bevel_height","id":4}]])
[0m[0;32m[2026-09-16 12:53:53.718][VERB] RETURN: {"result":"$4411"}
[0m[2026-09-16 12:53:53.739][DEBUG] Build graphic in: 1ms
[0;32m[2026-09-16 12:53:53.744][VERB] COMMANDCALL: _C.SafeAPI.Execute(["v1.part.translation",[{"references":[34],"name":"F240_chamfer_shell_skin_py_17_bottom_2","id":4,"targets":[4411],"distance":"@expr.d276_position"}]])
[0m[0;32m[2026-09-16 12:53:53.748][VERB] RETURN: {"result":"$4474"}
[0m[2026-09-16 12:53:53.769][DEBUG] Build graphic in: 1ms
[0;32m[2026-09-16 12:53:53.774][VERB] COMMANDCALL: _C.SafeAPI.Execute(["v1.part.extrusion",[{"references":[4167,4187,4207,4227,4247,4267,4287,4307],"name":"F240_chamfer_shell_skin_py_17_top","taperAngle":0.78539816339745,"limit2":"@expr.d277_bevel_height","id":4}]])
[0m[0;32m[2026-09-16 12:53:53.783][VERB] RETURN: {"result":"$4485"}
[0m[2026-09-16 12:53:53.803][DEBUG] Build graphic in: 0ms
[0;32m[2026-09-16 12:53:53.809][VERB] COMMANDCALL: _C.SafeAPI.Execute(["v1.part.translation",[{"references":[34],"name":"F240_chamfer_shell_skin_py_17_top_2","id":4,"targets":[4485],"distance":"@expr.d278_position"}]])
[0m[0;32m[2026-09-16 12:53:53.813][VERB] RETURN: {"result":"$4548"}
[0m[2026-09-16 12:53:53.833][DEBUG] Build graphic in: 0ms
[0;32m[2026-09-16 12:53:53.839][VERB] COMMANDCALL: _C.SafeAPI.Execute(["v1.part.boolean",[{"type":"UNION","tools":[4474,4548],"target":4400,"name":"F240_chamfer_shell_skin_py_17","id":4}]])
[0m[0;32m[2026-09-16 12:53:53.861][VERB] RETURN: {"result":"$4559"}
[0m[2026-09-16 12:53:53.883][DEBUG] Build graphic in: 1ms
[2026-09-16 12:53:53.919][DEBUG] Build graphic in: 10ms
[0;32m[2026-09-16 12:53:53.928][VERB] COMMANDCALL: _C.SafeAPI.Execute(["v1.part.calculateMassProperties",[{"id":4155}]])
[0m[0;32m[2026-09-16 12:53:53.952][VERB] RETURN: {"result":{"volume":171080.35522845,"cog":{"z":17.763626514807,"y":32.66520168567,"x":44.663943882464}}}
[0m[0;32m[2026-09-16 12:53:53.977][VERB] COMMANDCALL: _C.SafeAPI.Execute(["v1.part.calculateMassProperties",[{"id":4634}]])
[0m[0;32m[2026-09-16 12:53:53.979][VERB] RETURN: {"result":{"volume":68361.485035594,"cog":{"z":17.8,"y":42.7,"x":28.4}}}
[0m[0;32m[2026-09-16 12:53:54.012][VERB] COMMANDCALL: _C.SafeAPI.Execute(["v1.common.save",[{"format":"OFB","file":"/Users/dev/dev/awv/classcad-ai/workspace/training/2026-09-16_12-50-53_pvs-cavity-boolean/files/01-baseline-before.ofb"}]])
[0m[0;32m[2026-09-16 12:53:54.016][VERB] GetStateId with StateId=f7e85747-1a4e-47a5-bf96-e0c82e0b7e0f
[0m[0;32m[2026-09-16 12:53:54.035][VERB] RETURN: {"maxLevel":31,"messages":[{"message":"GetStateId with StateId=f7e85747-1a4e-47a5-bf96-e0c82e0b7e0f\n","code":0,"level":31,"api":"v1.common.save","levelStr":"INFO"}],"result":{"success":1}}
[0m[0;32m[2026-09-16 12:53:54.060][VERB] COMMANDCALL: _C.SafeAPI.Execute(["v1.common.setDatabaseSettings",[{"isSketchGraphicEnabled":1,"isGraphicEnabled":1,"isCCGraphicEnabled":1,"doCurveTessellation":1}]])
[0m[0;32m[2026-09-16 12:53:54.061][VERB] RETURN: {"result":null}
[0m[2026-09-16 12:53:54.099][DEBUG] Build graphic in: 18ms
[2026-09-16 12:53:54.135][DEBUG] Build graphic in: 10ms
[0;32m[2026-09-16 12:53:54.160][VERB] COMMANDCALL: _C.SafeAPI.Execute(["v1.sketch.getGeometry",[{"id":62}]])
[0m[0;32m[2026-09-16 12:53:54.161][VERB] RETURN: {"result":{"circles":[],"lines":["$68","$72","$78","$84"],"arcs":[],"points":["$100"]}}
[0m[0;32m[2026-09-16 12:53:54.186][VERB] COMMANDCALL: _C.SafeAPI.Execute(["v1.sketch.getPositions",[{"id":68}]])
[0m[0;32m[2026-09-16 12:53:54.187][VERB] RETURN: {"result":{"endPos":{"z":-1.3,"y":-1.3,"x":52.4},"startPos":{"z":-1.3,"y":-1.3,"x":1.4}}}
[0m[0;32m[2026-09-16 12:53:54.212][VERB] COMMANDCALL: _C.SafeAPI.Execute(["v1.sketch.getPoints",[{"id":68}]])
[0m[0;32m[2026-09-16 12:53:54.212][VERB] RETURN: {"result":{"endId":"$70","startId":"$69"}}
[0m[0;32m[2026-09-16 12:53:54.237][VERB] COMMANDCALL: _C.SafeAPI.Execute(["v1.sketch.getPositions",[{"id":72}]])
[0m[0;32m[2026-09-16 12:53:54.237][VERB] RETURN: {"result":{"endPos":{"z":-1.3,"y":27.3,"x":52.4},"startPos":{"z":-1.3,"y":-1.3,"x":52.4}}}
[0m[0;32m[2026-09-16 12:53:54.262][VERB] COMMANDCALL: _C.SafeAPI.Execute(["v1.sketch.getPoints",[{"id":72}]])
[0m[0;32m[2026-09-16 12:53:54.262][VERB] RETURN: {"result":{"endId":"$74","startId":"$73"}}
[0m[0;32m[2026-09-16 12:53:54.287][VERB] COMMANDCALL: _C.SafeAPI.Execute(["v1.sketch.getPositions",[{"id":78}]])
[0m[0;32m[2026-09-16 12:53:54.287][VERB] RETURN: {"result":{"endPos":{"z":-1.3,"y":27.3,"x":1.4},"startPos":{"z":-1.3,"y":27.3,"x":52.4}}}
[0m[0;32m[2026-09-16 12:53:54.311][VERB] COMMANDCALL: _C.SafeAPI.Execute(["v1.sketch.getPoints",[{"id":78}]])
[0m[0;32m[2026-09-16 12:53:54.311][VERB] RETURN: {"result":{"endId":"$80","startId":"$79"}}
[0m[0;32m[2026-09-16 12:53:54.336][VERB] COMMANDCALL: _C.SafeAPI.Execute(["v1.sketch.getPositions",[{"id":84}]])
[0m[0;32m[2026-09-16 12:53:54.336][VERB] RETURN: {"result":{"endPos":{"z":-1.3,"y":-1.3,"x":1.4},"startPos":{"z":-1.3,"y":27.3,"x":1.4}}}
[0m[0;32m[2026-09-16 12:53:54.361][VERB] COMMANDCALL: _C.SafeAPI.Execute(["v1.sketch.getPoints",[{"id":84}]])
[0m[0;32m[2026-09-16 12:53:54.361][VERB] RETURN: {"result":{"endId":"$86","startId":"$85"}}
[0m[0;32m[2026-09-16 12:53:54.385][VERB] COMMANDCALL: _C.SafeAPI.Execute(["v1.sketch.getPositions",[{"id":100}]])
[0m[0;32m[2026-09-16 12:53:54.386][VERB] RETURN: {"result":{"pos":{"z":-1.3,"y":-1000,"x":-1000}}}
[0m[0;32m[2026-09-16 12:53:54.413][VERB] COMMANDCALL: _C.SafeAPI.Execute(["v1.sketch.getGeometry",[{"id":171}]])
[0m[0;32m[2026-09-16 12:53:54.413][VERB] RETURN: {"result":{"circles":[],"lines":["$177","$181","$187","$193"],"arcs":[],"points":["$209"]}}
[0m[0;32m[2026-09-16 12:53:54.439][VERB] COMMANDCALL: _C.SafeAPI.Execute(["v1.sketch.getPositions",[{"id":177}]])
[0m[0;32m[2026-09-16 12:53:54.439][VERB] RETURN: {"result":{"endPos":{"z":-1.3,"y":1.4,"x":55.1},"startPos":{"z":-1.3,"y":1.4,"x":-1.3}}}
[0m[0;32m[2026-09-16 12:53:54.464][VERB] COMMANDCALL: _C.SafeAPI.Execute(["v1.sketch.getPoints",[{"id":177}]])
[0m[0;32m[2026-09-16 12:53:54.464][VERB] RETURN: {"result":{"endId":"$179","startId":"$178"}}
[0m[0;32m[2026-09-16 12:53:54.489][VERB] COMMANDCALL: _C.SafeAPI.Execute(["v1.sketch.getPositions",[{"id":181}]])
[0m[0;32m[2026-09-16 12:53:54.489][VERB] RETURN: {"result":{"endPos":{"z":-1.3,"y":24.6,"x":55.1},"startPos":{"z":-1.3,"y":1.4,"x":55.1}}}
[0m[0;32m[2026-09-16 12:53:54.514][VERB] COMMANDCALL: _C.SafeAPI.Execute(["v1.sketch.getPoints",[{"id":181}]])
[0m[0;32m[2026-09-16 12:53:54.514][VERB] RETURN: {"result":{"endId":"$183","startId":"$182"}}
[0m[0;32m[2026-09-16 12:53:54.539][VERB] COMMANDCALL: _C.SafeAPI.Execute(["v1.sketch.getPositions",[{"id":187}]])
[0m[0;32m[2026-09-16 12:53:54.539][VERB] RETURN: {"result":{"endPos":{"z":-1.3,"y":24.6,"x":-1.3},"startPos":{"z":-1.3,"y":24.6,"x":55.1}}}
[0m[0;32m[2026-09-16 12:53:54.565][VERB] COMMANDCALL: _C.SafeAPI.Execute(["v1.sketch.getPoints",[{"id":187}]])
[0m[0;32m[2026-09-16 12:53:54.565][VERB] RETURN: {"result":{"endId":"$189","startId":"$188"}}
[0m[0;32m[2026-09-16 12:53:54.590][VERB] COMMANDCALL: _C.SafeAPI.Execute(["v1.sketch.getPositions",[{"id":193}]])
[0m[0;32m[2026-09-16 12:53:54.590][VERB] RETURN: {"result":{"endPos":{"z":-1.3,"y":1.4,"x":-1.3},"startPos":{"z":-1.3,"y":24.6,"x":-1.3}}}
[0m[0;32m[2026-09-16 12:53:54.615][VERB] COMMANDCALL: _C.SafeAPI.Execute(["v1.sketch.getPoints",[{"id":193}]])
[0m[0;32m[2026-09-16 12:53:54.615][VERB] RETURN: {"result":{"endId":"$195","startId":"$194"}}
[0m[0;32m[2026-09-16 12:53:54.640][VERB] COMMANDCALL: _C.SafeAPI.Execute(["v1.sketch.getPositions",[{"id":209}]])
[0m[0;32m[2026-09-16 12:53:54.640][VERB] RETURN: {"result":{"pos":{"z":-1.3,"y":-1000,"x":-1000}}}
[0m[0;32m[2026-09-16 12:53:54.666][VERB] COMMANDCALL: _C.SafeAPI.Execute(["v1.sketch.getGeometry",[{"id":280}]])
[0m[0;32m[2026-09-16 12:53:54.666][VERB] RETURN: {"result":{"circles":["$286"],"lines":[],"arcs":[],"points":["$289"]}}
[0m[0;32m[2026-09-16 12:53:54.692][VERB] COMMANDCALL: _C.SafeAPI.Execute(["v1.sketch.getPoints",[{"id":286}]])
[0m[0;32m[2026-09-16 12:53:54.692][VERB] RETURN: {"result":{"centerId":"$287"}}
[0m[0;32m[2026-09-16 12:53:54.717][VERB] COMMANDCALL: _C.SafeAPI.Execute(["v1.sketch.getPositions",[{"id":287}]])
[0m[0;32m[2026-09-16 12:53:54.717][VERB] RETURN: {"result":{"pos":{"z":-1.3,"y":1.4,"x":1.4}}}
[0m[0;32m[2026-09-16 12:53:54.742][VERB] COMMANDCALL: _C.SafeAPI.Execute(["v1.sketch.getPositions",[{"id":289}]])
[0m[0;32m[2026-09-16 12:53:54.743][VERB] RETURN: {"result":{"pos":{"z":-1.3,"y":-1000,"x":-1000}}}
[0m[0;32m[2026-09-16 12:53:54.769][VERB] COMMANDCALL: _C.SafeAPI.Execute(["v1.sketch.getGeometry",[{"id":335}]])
[0m[0;32m[2026-09-16 12:53:54.769][VERB] RETURN: {"result":{"circles":["$341"],"lines":[],"arcs":[],"points":["$344"]}}
[0m[0;32m[2026-09-16 12:53:54.795][VERB] COMMANDCALL: _C.SafeAPI.Execute(["v1.sketch.getPoints",[{"id":341}]])
[0m[0;32m[2026-09-16 12:53:54.795][VERB] RETURN: {"result":{"centerId":"$342"}}
[0m[0;32m[2026-09-16 12:53:54.821][VERB] COMMANDCALL: _C.SafeAPI.Execute(["v1.sketch.getPositions",[{"id":342}]])
[0m[0;32m[2026-09-16 12:53:54.821][VERB] RETURN: {"result":{"pos":{"z":-1.3,"y":24.6,"x":1.4}}}
[0m[0;32m[2026-09-16 12:53:54.846][VERB] COMMANDCALL: _C.SafeAPI.Execute(["v1.sketch.getPositions",[{"id":344}]])
[0m[0;32m[2026-09-16 12:53:54.846][VERB] RETURN: {"result":{"pos":{"z":-1.3,"y":-1000,"x":-1000}}}
[0m[0;32m[2026-09-16 12:53:54.872][VERB] COMMANDCALL: _C.SafeAPI.Execute(["v1.sketch.getGeometry",[{"id":390}]])
[0m[0;32m[2026-09-16 12:53:54.872][VERB] RETURN: {"result":{"circles":["$396"],"lines":[],"arcs":[],"points":["$399"]}}
[0m[0;32m[2026-09-16 12:53:54.897][VERB] COMMANDCALL: _C.SafeAPI.Execute(["v1.sketch.getPoints",[{"id":396}]])
[0m[0;32m[2026-09-16 12:53:54.898][VERB] RETURN: {"result":{"centerId":"$397"}}
[0m[0;32m[2026-09-16 12:53:54.923][VERB] COMMANDCALL: _C.SafeAPI.Execute(["v1.sketch.getPositions",[{"id":397}]])
[0m[0;32m[2026-09-16 12:53:54.923][VERB] RETURN: {"result":{"pos":{"z":-1.3,"y":1.4,"x":52.4}}}
[0m[0;32m[2026-09-16 12:53:54.948][VERB] COMMANDCALL: _C.SafeAPI.Execute(["v1.sketch.getPositions",[{"id":399}]])
[0m[0;32m[2026-09-16 12:53:54.948][VERB] RETURN: {"result":{"pos":{"z":-1.3,"y":-1000,"x":-1000}}}
[0m[0;32m[2026-09-16 12:53:54.974][VERB] COMMANDCALL: _C.SafeAPI.Execute(["v1.sketch.getGeometry",[{"id":445}]])
[0m[0;32m[2026-09-16 12:53:54.974][VERB] RETURN: {"result":{"circles":["$451"],"lines":[],"arcs":[],"points":["$454"]}}
[0m[0;32m[2026-09-16 12:53:54.998][VERB] COMMANDCALL: _C.SafeAPI.Execute(["v1.sketch.getPoints",[{"id":451}]])
[0m[0;32m[2026-09-16 12:53:54.999][VERB] RETURN: {"result":{"centerId":"$452"}}
[0m[0;32m[2026-09-16 12:53:55.023][VERB] COMMANDCALL: _C.SafeAPI.Execute(["v1.sketch.getPositions",[{"id":452}]])
[0m[0;32m[2026-09-16 12:53:55.023][VERB] RETURN: {"result":{"pos":{"z":-1.3,"y":24.6,"x":52.4}}}
[0m[0;32m[2026-09-16 12:53:55.049][VERB] COMMANDCALL: _C.SafeAPI.Execute(["v1.sketch.getPositions",[{"id":454}]])
[0m[0;32m[2026-09-16 12:53:55.049][VERB] RETURN: {"result":{"pos":{"z":-1.3,"y":-1000,"x":-1000}}}
[0m[0;32m[2026-09-16 12:53:55.074][VERB] COMMANDCALL: _C.SafeAPI.Execute(["v1.sketch.getGeometry",[{"id":500}]])
[0m[0;32m[2026-09-16 12:53:55.074][VERB] RETURN: {"result":{"circles":[],"lines":["$506","$510","$516","$522"],"arcs":[],"points":["$538"]}}
[0m[0;32m[2026-09-16 12:53:55.100][VERB] COMMANDCALL: _C.SafeAPI.Execute(["v1.sketch.getPositions",[{"id":506}]])
[0m[0;32m[2026-09-16 12:53:55.100][VERB] RETURN: {"result":{"endPos":{"z":-1.3,"y":20.1,"x":56.4},"startPos":{"z":-1.3,"y":20.1,"x":1.4}}}
[0m[0;32m[2026-09-16 12:53:55.125][VERB] COMMANDCALL: _C.SafeAPI.Execute(["v1.sketch.getPoints",[{"id":506}]])
[0m[0;32m[2026-09-16 12:53:55.125][VERB] RETURN: {"result":{"endId":"$508","startId":"$507"}}
[0m[0;32m[2026-09-16 12:53:55.149][VERB] COMMANDCALL: _C.SafeAPI.Execute(["v1.sketch.getPositions",[{"id":510}]])
[0m[0;32m[2026-09-16 12:53:55.149][VERB] RETURN: {"result":{"endPos":{"z":-1.3,"y":65.9,"x":56.4},"startPos":{"z":-1.3,"y":20.1,"x":56.4}}}
[0m[0;32m[2026-09-16 12:53:55.174][VERB] COMMANDCALL: _C.SafeAPI.Execute(["v1.sketch.getPoints",[{"id":510}]])
[0m[0;32m[2026-09-16 12:53:55.174][VERB] RETURN: {"result":{"endId":"$512","startId":"$511"}}
[0m[0;32m[2026-09-16 12:53:55.200][VERB] COMMANDCALL: _C.SafeAPI.Execute(["v1.sketch.getPositions",[{"id":516}]])
[0m[0;32m[2026-09-16 12:53:55.200][VERB] RETURN: {"result":{"endPos":{"z":-1.3,"y":65.9,"x":1.4},"startPos":{"z":-1.3,"y":65.9,"x":56.4}}}
[0m[0;32m[2026-09-16 12:53:55.225][VERB] COMMANDCALL: _C.SafeAPI.Execute(["v1.sketch.getPoints",[{"id":516}]])
[0m[0;32m[2026-09-16 12:53:55.225][VERB] RETURN: {"result":{"endId":"$518","startId":"$517"}}
[0m[0;32m[2026-09-16 12:53:55.250][VERB] COMMANDCALL: _C.SafeAPI.Execute(["v1.sketch.getPositions",[{"id":522}]])
[0m[0;32m[2026-09-16 12:53:55.250][VERB] RETURN: {"result":{"endPos":{"z":-1.3,"y":20.1,"x":1.4},"startPos":{"z":-1.3,"y":65.9,"x":1.4}}}
[0m[0;32m[2026-09-16 12:53:55.274][VERB] COMMANDCALL: _C.SafeAPI.Execute(["v1.sketch.getPoints",[{"id":522}]])
[0m[0;32m[2026-09-16 12:53:55.274][VERB] RETURN: {"result":{"endId":"$524","startId":"$523"}}
[0m[0;32m[2026-09-16 12:53:55.299][VERB] COMMANDCALL: _C.SafeAPI.Execute(["v1.sketch.getPositions",[{"id":538}]])
[0m[0;32m[2026-09-16 12:53:55.300][VERB] RETURN: {"result":{"pos":{"z":-1.3,"y":-1000,"x":-1000}}}
[0m[0;32m[2026-09-16 12:53:55.325][VERB] COMMANDCALL: _C.SafeAPI.Execute(["v1.sketch.getGeometry",[{"id":609}]])
[0m[0;32m[2026-09-16 12:53:55.325][VERB] RETURN: {"result":{"circles":[],"lines":["$615","$619","$625","$631"],"arcs":[],"points":["$647"]}}
[0m[0;32m[2026-09-16 12:53:55.351][VERB] COMMANDCALL: _C.SafeAPI.Execute(["v1.sketch.getPositions",[{"id":615}]])
[0m[0;32m[2026-09-16 12:53:55.351][VERB] RETURN: {"result":{"endPos":{"z":-1.3,"y":22.8,"x":59.1},"startPos":{"z":-1.3,"y":22.8,"x":-1.3}}}
[0m[0;32m[2026-09-16 12:53:55.375][VERB] COMMANDCALL: _C.SafeAPI.Execute(["v1.sketch.getPoints",[{"id":615}]])
[0m[0;32m[2026-09-16 12:53:55.376][VERB] RETURN: {"result":{"endId":"$617","startId":"$616"}}
[0m[0;32m[2026-09-16 12:53:55.401][VERB] COMMANDCALL: _C.SafeAPI.Execute(["v1.sketch.getPositions",[{"id":619}]])
[0m[0;32m[2026-09-16 12:53:55.401][VERB] RETURN: {"result":{"endPos":{"z":-1.3,"y":63.2,"x":59.1},"startPos":{"z":-1.3,"y":22.8,"x":59.1}}}
[0m[0;32m[2026-09-16 12:53:55.426][VERB] COMMANDCALL: _C.SafeAPI.Execute(["v1.sketch.getPoints",[{"id":619}]])
[0m[0;32m[2026-09-16 12:53:55.427][VERB] RETURN: {"result":{"endId":"$621","startId":"$620"}}
[0m[0;32m[2026-09-16 12:53:55.452][VERB] COMMANDCALL: _C.SafeAPI.Execute(["v1.sketch.getPositions",[{"id":625}]])
[0m[0;32m[2026-09-16 12:53:55.452][VERB] RETURN: {"result":{"endPos":{"z":-1.3,"y":63.2,"x":-1.3},"startPos":{"z":-1.3,"y":63.2,"x":59.1}}}
[0m[0;32m[2026-09-16 12:53:55.477][VERB] COMMANDCALL: _C.SafeAPI.Execute(["v1.sketch.getPoints",[{"id":625}]])
[0m[0;32m[2026-09-16 12:53:55.478][VERB] RETURN: {"result":{"endId":"$627","startId":"$626"}}
[0m[0;32m[2026-09-16 12:53:55.503][VERB] COMMANDCALL: _C.SafeAPI.Execute(["v1.sketch.getPositions",[{"id":631}]])
[0m[0;32m[2026-09-16 12:53:55.503][VERB] RETURN: {"result":{"endPos":{"z":-1.3,"y":22.8,"x":-1.3},"startPos":{"z":-1.3,"y":63.2,"x":-1.3}}}
[0m[0;32m[2026-09-16 12:53:55.528][VERB] COMMANDCALL: _C.SafeAPI.Execute(["v1.sketch.getPoints",[{"id":631}]])
[0m[0;32m[2026-09-16 12:53:55.529][VERB] RETURN: {"result":{"endId":"$633","startId":"$632"}}
[0m[0;32m[2026-09-16 12:53:55.554][VERB] COMMANDCALL: _C.SafeAPI.Execute(["v1.sketch.getPositions",[{"id":647}]])
[0m[0;32m[2026-09-16 12:53:55.554][VERB] RETURN: {"result":{"pos":{"z":-1.3,"y":-1000,"x":-1000}}}
[0m[0;32m[2026-09-16 12:53:55.579][VERB] COMMANDCALL: _C.SafeAPI.Execute(["v1.sketch.getGeometry",[{"id":718}]])
[0m[0;32m[2026-09-16 12:53:55.579][VERB] RETURN: {"result":{"circles":["$724"],"lines":[],"arcs":[],"points":["$727"]}}
[0m[0;32m[2026-09-16 12:53:55.604][VERB] COMMANDCALL: _C.SafeAPI.Execute(["v1.sketch.getPoints",[{"id":724}]])
[0m[0;32m[2026-09-16 12:53:55.605][VERB] RETURN: {"result":{"centerId":"$725"}}
[0m[0;32m[2026-09-16 12:53:55.630][VERB] COMMANDCALL: _C.SafeAPI.Execute(["v1.sketch.getPositions",[{"id":725}]])
[0m[0;32m[2026-09-16 12:53:55.630][VERB] RETURN: {"result":{"pos":{"z":-1.3,"y":22.8,"x":1.4}}}
[0m[0;32m[2026-09-16 12:53:55.656][VERB] COMMANDCALL: _C.SafeAPI.Execute(["v1.sketch.getPositions",[{"id":727}]])
[0m[0;32m[2026-09-16 12:53:55.656][VERB] RETURN: {"result":{"pos":{"z":-1.3,"y":-1000,"x":-1000}}}
[0m[0;32m[2026-09-16 12:53:55.683][VERB] COMMANDCALL: _C.SafeAPI.Execute(["v1.sketch.getGeometry",[{"id":773}]])
[0m[0;32m[2026-09-16 12:53:55.683][VERB] RETURN: {"result":{"circles":["$779"],"lines":[],"arcs":[],"points":["$782"]}}
[0m[0;32m[2026-09-16 12:53:55.708][VERB] COMMANDCALL: _C.SafeAPI.Execute(["v1.sketch.getPoints",[{"id":779}]])
[0m[0;32m[2026-09-16 12:53:55.708][VERB] RETURN: {"result":{"centerId":"$780"}}
[0m[0;32m[2026-09-16 12:53:55.733][VERB] COMMANDCALL: _C.SafeAPI.Execute(["v1.sketch.getPositions",[{"id":780}]])
[0m[0;32m[2026-09-16 12:53:55.733][VERB] RETURN: {"result":{"pos":{"z":-1.3,"y":63.2,"x":1.4}}}
[0m[0;32m[2026-09-16 12:53:55.759][VERB] COMMANDCALL: _C.SafeAPI.Execute(["v1.sketch.getPositions",[{"id":782}]])
[0m[0;32m[2026-09-16 12:53:55.759][VERB] RETURN: {"result":{"pos":{"z":-1.3,"y":-1000,"x":-1000}}}
[0m[0;32m[2026-09-16 12:53:55.784][VERB] COMMANDCALL: _C.SafeAPI.Execute(["v1.sketch.getGeometry",[{"id":828}]])
[0m[0;32m[2026-09-16 12:53:55.785][VERB] RETURN: {"result":{"circles":["$834"],"lines":[],"arcs":[],"points":["$837"]}}
[0m[0;32m[2026-09-16 12:53:55.810][VERB] COMMANDCALL: _C.SafeAPI.Execute(["v1.sketch.getPoints",[{"id":834}]])
[0m[0;32m[2026-09-16 12:53:55.810][VERB] RETURN: {"result":{"centerId":"$835"}}
[0m[0;32m[2026-09-16 12:53:55.835][VERB] COMMANDCALL: _C.SafeAPI.Execute(["v1.sketch.getPositions",[{"id":835}]])
[0m[0;32m[2026-09-16 12:53:55.835][VERB] RETURN: {"result":{"pos":{"z":-1.3,"y":22.8,"x":56.4}}}
[0m[0;32m[2026-09-16 12:53:55.859][VERB] COMMANDCALL: _C.SafeAPI.Execute(["v1.sketch.getPositions",[{"id":837}]])
[0m[0;32m[2026-09-16 12:53:55.860][VERB] RETURN: {"result":{"pos":{"z":-1.3,"y":-1000,"x":-1000}}}
[0m[0;32m[2026-09-16 12:53:55.885][VERB] COMMANDCALL: _C.SafeAPI.Execute(["v1.sketch.getGeometry",[{"id":883}]])
[0m[0;32m[2026-09-16 12:53:55.885][VERB] RETURN: {"result":{"circles":["$889"],"lines":[],"arcs":[],"points":["$892"]}}
[0m[0;32m[2026-09-16 12:53:55.910][VERB] COMMANDCALL: _C.SafeAPI.Execute(["v1.sketch.getPoints",[{"id":889}]])
[0m[0;32m[2026-09-16 12:53:55.911][VERB] RETURN: {"result":{"centerId":"$890"}}
[0m[0;32m[2026-09-16 12:53:55.936][VERB] COMMANDCALL: _C.SafeAPI.Execute(["v1.sketch.getPositions",[{"id":890}]])
[0m[0;32m[2026-09-16 12:53:55.936][VERB] RETURN: {"result":{"pos":{"z":-1.3,"y":63.2,"x":56.4}}}
[0m[0;32m[2026-09-16 12:53:55.961][VERB] COMMANDCALL: _C.SafeAPI.Execute(["v1.sketch.getPositions",[{"id":892}]])
[0m[0;32m[2026-09-16 12:53:55.961][VERB] RETURN: {"result":{"pos":{"z":-1.3,"y":-1000,"x":-1000}}}
[0m[0;32m[2026-09-16 12:53:55.986][VERB] COMMANDCALL: _C.SafeAPI.Execute(["v1.sketch.getGeometry",[{"id":938}]])
[0m[0;32m[2026-09-16 12:53:55.987][VERB] RETURN: {"result":{"circles":[],"lines":["$944","$948","$954","$960"],"arcs":[],"points":["$976"]}}
[0m[0;32m[2026-09-16 12:53:56.012][VERB] COMMANDCALL: _C.SafeAPI.Execute(["v1.sketch.getPositions",[{"id":944}]])
[0m[0;32m[2026-09-16 12:53:56.012][VERB] RETURN: {"result":{"endPos":{"z":-1.3,"y":-1.3,"x":89.8},"startPos":{"z":-1.3,"y":-1.3,"x":48.8}}}
[0m[0;32m[2026-09-16 12:53:56.037][VERB] COMMANDCALL: _C.SafeAPI.Execute(["v1.sketch.getPoints",[{"id":944}]])
[0m[0;32m[2026-09-16 12:53:56.037][VERB] RETURN: {"result":{"endId":"$946","startId":"$945"}}
[0m[0;32m[2026-09-16 12:53:56.062][VERB] COMMANDCALL: _C.SafeAPI.Execute(["v1.sketch.getPositions",[{"id":948}]])
[0m[0;32m[2026-09-16 12:53:56.063][VERB] RETURN: {"result":{"endPos":{"z":-1.3,"y":40.8,"x":89.8},"startPos":{"z":-1.3,"y":-1.3,"x":89.8}}}
[0m[0;32m[2026-09-16 12:53:56.088][VERB] COMMANDCALL: _C.SafeAPI.Execute(["v1.sketch.getPoints",[{"id":948}]])
[0m[0;32m[2026-09-16 12:53:56.088][VERB] RETURN: {"result":{"endId":"$950","startId":"$949"}}
[0m[0;32m[2026-09-16 12:53:56.113][VERB] COMMANDCALL: _C.SafeAPI.Execute(["v1.sketch.getPositions",[{"id":954}]])
[0m[0;32m[2026-09-16 12:53:56.114][VERB] RETURN: {"result":{"endPos":{"z":-1.3,"y":40.8,"x":48.8},"startPos":{"z":-1.3,"y":40.8,"x":89.8}}}
[0m[0;32m[2026-09-16 12:53:56.138][VERB] COMMANDCALL: _C.SafeAPI.Execute(["v1.sketch.getPoints",[{"id":954}]])
[0m[0;32m[2026-09-16 12:53:56.139][VERB] RETURN: {"result":{"endId":"$956","startId":"$955"}}
[0m[0;32m[2026-09-16 12:53:56.164][VERB] COMMANDCALL: _C.SafeAPI.Execute(["v1.sketch.getPositions",[{"id":960}]])
[0m[0;32m[2026-09-16 12:53:56.164][VERB] RETURN: {"result":{"endPos":{"z":-1.3,"y":-1.3,"x":48.8},"startPos":{"z":-1.3,"y":40.8,"x":48.8}}}
[0m[0;32m[2026-09-16 12:53:56.188][VERB] COMMANDCALL: _C.SafeAPI.Execute(["v1.sketch.getPoints",[{"id":960}]])
[0m[0;32m[2026-09-16 12:53:56.189][VERB] RETURN: {"result":{"endId":"$962","startId":"$961"}}
[0m[0;32m[2026-09-16 12:53:56.214][VERB] COMMANDCALL: _C.SafeAPI.Execute(["v1.sketch.getPositions",[{"id":976}]])
[0m[0;32m[2026-09-16 12:53:56.214][VERB] RETURN: {"result":{"pos":{"z":-1.3,"y":-1000,"x":-1000}}}
[0m[0;32m[2026-09-16 12:53:56.240][VERB] COMMANDCALL: _C.SafeAPI.Execute(["v1.sketch.getGeometry",[{"id":1047}]])
[0m[0;32m[2026-09-16 12:53:56.240][VERB] RETURN: {"result":{"circles":[],"lines":["$1053","$1057","$1063","$1069"],"arcs":[],"points":["$1085"]}}
[0m[0;32m[2026-09-16 12:53:56.265][VERB] COMMANDCALL: _C.SafeAPI.Execute(["v1.sketch.getPositions",[{"id":1053}]])
[0m[0;32m[2026-09-16 12:53:56.265][VERB] RETURN: {"result":{"endPos":{"z":-1.3,"y":1.4,"x":92.5},"startPos":{"z":-1.3,"y":1.4,"x":46.1}}}
[0m[0;32m[2026-09-16 12:53:56.290][VERB] COMMANDCALL: _C.SafeAPI.Execute(["v1.sketch.getPoints",[{"id":1053}]])
[0m[0;32m[2026-09-16 12:53:56.290][VERB] RETURN: {"result":{"endId":"$1055","startId":"$1054"}}
[0m[0;32m[2026-09-16 12:53:56.315][VERB] COMMANDCALL: _C.SafeAPI.Execute(["v1.sketch.getPositions",[{"id":1057}]])
[0m[0;32m[2026-09-16 12:53:56.316][VERB] RETURN: {"result":{"endPos":{"z":-1.3,"y":38.1,"x":92.5},"startPos":{"z":-1.3,"y":1.4,"x":92.5}}}
[0m[0;32m[2026-09-16 12:53:56.341][VERB] COMMANDCALL: _C.SafeAPI.Execute(["v1.sketch.getPoints",[{"id":1057}]])
[0m[0;32m[2026-09-16 12:53:56.341][VERB] RETURN: {"result":{"endId":"$1059","startId":"$1058"}}
[0m[0;32m[2026-09-16 12:53:56.367][VERB] COMMANDCALL: _C.SafeAPI.Execute(["v1.sketch.getPositions",[{"id":1063}]])
[0m[0;32m[2026-09-16 12:53:56.367][VERB] RETURN: {"result":{"endPos":{"z":-1.3,"y":38.1,"x":46.1},"startPos":{"z":-1.3,"y":38.1,"x":92.5}}}
[0m[0;32m[2026-09-16 12:53:56.392][VERB] COMMANDCALL: _C.SafeAPI.Execute(["v1.sketch.getPoints",[{"id":1063}]])
[0m[0;32m[2026-09-16 12:53:56.392][VERB] RETURN: {"result":{"endId":"$1065","startId":"$1064"}}
[0m[0;32m[2026-09-16 12:53:56.417][VERB] COMMANDCALL: _C.SafeAPI.Execute(["v1.sketch.getPositions",[{"id":1069}]])
[0m[0;32m[2026-09-16 12:53:56.417][VERB] RETURN: {"result":{"endPos":{"z":-1.3,"y":1.4,"x":46.1},"startPos":{"z":-1.3,"y":38.1,"x":46.1}}}
[0m[0;32m[2026-09-16 12:53:56.442][VERB] COMMANDCALL: _C.SafeAPI.Execute(["v1.sketch.getPoints",[{"id":1069}]])
[0m[0;32m[2026-09-16 12:53:56.442][VERB] RETURN: {"result":{"endId":"$1071","startId":"$1070"}}
[0m[0;32m[2026-09-16 12:53:56.466][VERB] COMMANDCALL: _C.SafeAPI.Execute(["v1.sketch.getPositions",[{"id":1085}]])
[0m[0;32m[2026-09-16 12:53:56.466][VERB] RETURN: {"result":{"pos":{"z":-1.3,"y":-1000,"x":-1000}}}
[0m[0;32m[2026-09-16 12:53:56.492][VERB] COMMANDCALL: _C.SafeAPI.Execute(["v1.sketch.getGeometry",[{"id":1156}]])
[0m[0;32m[2026-09-16 12:53:56.492][VERB] RETURN: {"result":{"circles":["$1162"],"lines":[],"arcs":[],"points":["$1165"]}}
[0m[0;32m[2026-09-16 12:53:56.517][VERB] COMMANDCALL: _C.SafeAPI.Execute(["v1.sketch.getPoints",[{"id":1162}]])
[0m[0;32m[2026-09-16 12:53:56.517][VERB] RETURN: {"result":{"centerId":"$1163"}}
[0m[0;32m[2026-09-16 12:53:56.544][VERB] COMMANDCALL: _C.SafeAPI.Execute(["v1.sketch.getPositions",[{"id":1163}]])
[0m[0;32m[2026-09-16 12:53:56.544][VERB] RETURN: {"result":{"pos":{"z":-1.3,"y":1.4,"x":48.8}}}
[0m[0;32m[2026-09-16 12:53:56.571][VERB] COMMANDCALL: _C.SafeAPI.Execute(["v1.sketch.getPositions",[{"id":1165}]])
[0m[0;32m[2026-09-16 12:53:56.571][VERB] RETURN: {"result":{"pos":{"z":-1.3,"y":-1000,"x":-1000}}}
[0m[0;32m[2026-09-16 12:53:56.596][VERB] COMMANDCALL: _C.SafeAPI.Execute(["v1.sketch.getGeometry",[{"id":1211}]])
[0m[0;32m[2026-09-16 12:53:56.596][VERB] RETURN: {"result":{"circles":["$1217"],"lines":[],"arcs":[],"points":["$1220"]}}
[0m[0;32m[2026-09-16 12:53:56.621][VERB] COMMANDCALL: _C.SafeAPI.Execute(["v1.sketch.getPoints",[{"id":1217}]])
[0m[0;32m[2026-09-16 12:53:56.621][VERB] RETURN: {"result":{"centerId":"$1218"}}
[0m[0;32m[2026-09-16 12:53:56.646][VERB] COMMANDCALL: _C.SafeAPI.Execute(["v1.sketch.getPositions",[{"id":1218}]])
[0m[0;32m[2026-09-16 12:53:56.646][VERB] RETURN: {"result":{"pos":{"z":-1.3,"y":38.1,"x":48.8}}}
[0m[0;32m[2026-09-16 12:53:56.671][VERB] COMMANDCALL: _C.SafeAPI.Execute(["v1.sketch.getPositions",[{"id":1220}]])
[0m[0;32m[2026-09-16 12:53:56.671][VERB] RETURN: {"result":{"pos":{"z":-1.3,"y":-1000,"x":-1000}}}
[0m[0;32m[2026-09-16 12:53:56.696][VERB] COMMANDCALL: _C.SafeAPI.Execute(["v1.sketch.getGeometry",[{"id":1266}]])
[0m[0;32m[2026-09-16 12:53:56.696][VERB] RETURN: {"result":{"circles":["$1272"],"lines":[],"arcs":[],"points":["$1275"]}}
[0m[0;32m[2026-09-16 12:53:56.721][VERB] COMMANDCALL: _C.SafeAPI.Execute(["v1.sketch.getPoints",[{"id":1272}]])
[0m[0;32m[2026-09-16 12:53:56.722][VERB] RETURN: {"result":{"centerId":"$1273"}}
[0m[0;32m[2026-09-16 12:53:56.747][VERB] COMMANDCALL: _C.SafeAPI.Execute(["v1.sketch.getPositions",[{"id":1273}]])
[0m[0;32m[2026-09-16 12:53:56.748][VERB] RETURN: {"result":{"pos":{"z":-1.3,"y":1.4,"x":89.8}}}
[0m[0;32m[2026-09-16 12:53:56.772][VERB] COMMANDCALL: _C.SafeAPI.Execute(["v1.sketch.getPositions",[{"id":1275}]])
[0m[0;32m[2026-09-16 12:53:56.772][VERB] RETURN: {"result":{"pos":{"z":-1.3,"y":-1000,"x":-1000}}}
[0m[0;32m[2026-09-16 12:53:56.797][VERB] COMMANDCALL: _C.SafeAPI.Execute(["v1.sketch.getGeometry",[{"id":1321}]])
[0m[0;32m[2026-09-16 12:53:56.798][VERB] RETURN: {"result":{"circles":["$1327"],"lines":[],"arcs":[],"points":["$1330"]}}
[0m[0;32m[2026-09-16 12:53:56.823][VERB] COMMANDCALL: _C.SafeAPI.Execute(["v1.sketch.getPoints",[{"id":1327}]])
[0m[0;32m[2026-09-16 12:53:56.823][VERB] RETURN: {"result":{"centerId":"$1328"}}
[0m[0;32m[2026-09-16 12:53:56.849][VERB] COMMANDCALL: _C.SafeAPI.Execute(["v1.sketch.getPositions",[{"id":1328}]])
[0m[0;32m[2026-09-16 12:53:56.849][VERB] RETURN: {"result":{"pos":{"z":-1.3,"y":38.1,"x":89.8}}}
[0m[0;32m[2026-09-16 12:53:56.874][VERB] COMMANDCALL: _C.SafeAPI.Execute(["v1.sketch.getPositions",[{"id":1330}]])
[0m[0;32m[2026-09-16 12:53:56.874][VERB] RETURN: {"result":{"pos":{"z":-1.3,"y":-1000,"x":-1000}}}
[0m[0;32m[2026-09-16 12:53:56.900][VERB] COMMANDCALL: _C.SafeAPI.Execute(["v1.sketch.getGeometry",[{"id":1376}]])
[0m[0;32m[2026-09-16 12:53:56.900][VERB] RETURN: {"result":{"circles":[],"lines":["$1382","$1386","$1392","$1398"],"arcs":[],"points":["$1414"]}}
[0m[0;32m[2026-09-16 12:53:56.925][VERB] COMMANDCALL: _C.SafeAPI.Execute(["v1.sketch.getPositions",[{"id":1382}]])
[0m[0;32m[2026-09-16 12:53:56.926][VERB] RETURN: {"result":{"endPos":{"z":-1.3,"y":-1.3,"x":92.5},"startPos":{"z":-1.3,"y":-1.3,"x":89.8}}}
[0m[0;32m[2026-09-16 12:53:56.950][VERB] COMMANDCALL: _C.SafeAPI.Execute(["v1.sketch.getPoints",[{"id":1382}]])
[0m[0;32m[2026-09-16 12:53:56.950][VERB] RETURN: {"result":{"endId":"$1384","startId":"$1383"}}
[0m[0;32m[2026-09-16 12:53:56.975][VERB] COMMANDCALL: _C.SafeAPI.Execute(["v1.sketch.getPositions",[{"id":1386}]])
[0m[0;32m[2026-09-16 12:53:56.975][VERB] RETURN: {"result":{"endPos":{"z":-1.3,"y":40.8,"x":92.5},"startPos":{"z":-1.3,"y":-1.3,"x":92.5}}}
[0m[0;32m[2026-09-16 12:53:57.000][VERB] COMMANDCALL: _C.SafeAPI.Execute(["v1.sketch.getPoints",[{"id":1386}]])
[0m[0;32m[2026-09-16 12:53:57.000][VERB] RETURN: {"result":{"endId":"$1388","startId":"$1387"}}
[0m[0;32m[2026-09-16 12:53:57.025][VERB] COMMANDCALL: _C.SafeAPI.Execute(["v1.sketch.getPositions",[{"id":1392}]])
[0m[0;32m[2026-09-16 12:53:57.025][VERB] RETURN: {"result":{"endPos":{"z":-1.3,"y":40.8,"x":89.8},"startPos":{"z":-1.3,"y":40.8,"x":92.5}}}
[0m[0;32m[2026-09-16 12:53:57.050][VERB] COMMANDCALL: _C.SafeAPI.Execute(["v1.sketch.getPoints",[{"id":1392}]])
[0m[0;32m[2026-09-16 12:53:57.050][VERB] RETURN: {"result":{"endId":"$1394","startId":"$1393"}}
[0m[0;32m[2026-09-16 12:53:57.075][VERB] COMMANDCALL: _C.SafeAPI.Execute(["v1.sketch.getPositions",[{"id":1398}]])
[0m[0;32m[2026-09-16 12:53:57.075][VERB] RETURN: {"result":{"endPos":{"z":-1.3,"y":-1.3,"x":89.8},"startPos":{"z":-1.3,"y":40.8,"x":89.8}}}
[0m[0;32m[2026-09-16 12:53:57.100][VERB] COMMANDCALL: _C.SafeAPI.Execute(["v1.sketch.getPoints",[{"id":1398}]])
[0m[0;32m[2026-09-16 12:53:57.100][VERB] RETURN: {"result":{"endId":"$1400","startId":"$1399"}}
[0m[0;32m[2026-09-16 12:53:57.124][VERB] COMMANDCALL: _C.SafeAPI.Execute(["v1.sketch.getPositions",[{"id":1414}]])
[0m[0;32m[2026-09-16 12:53:57.125][VERB] RETURN: {"result":{"pos":{"z":-1.3,"y":-1000,"x":-1000}}}
[0m[0;32m[2026-09-16 12:53:57.150][VERB] COMMANDCALL: _C.SafeAPI.Execute(["v1.sketch.getGeometry",[{"id":1485}]])
[0m[0;32m[2026-09-16 12:53:57.150][VERB] RETURN: {"result":{"circles":[],"lines":["$1491","$1495","$1501","$1507"],"arcs":[],"points":["$1523"]}}
[0m[0;32m[2026-09-16 12:53:57.175][VERB] COMMANDCALL: _C.SafeAPI.Execute(["v1.sketch.getPositions",[{"id":1491}]])
[0m[0;32m[2026-09-16 12:53:57.176][VERB] RETURN: {"result":{"endPos":{"z":-1.3,"y":-7,"x":92.5},"startPos":{"z":-1.3,"y":-7,"x":88.05}}}
[0m[0;32m[2026-09-16 12:53:57.200][VERB] COMMANDCALL: _C.SafeAPI.Execute(["v1.sketch.getPoints",[{"id":1491}]])
[0m[0;32m[2026-09-16 12:53:57.201][VERB] RETURN: {"result":{"endId":"$1493","startId":"$1492"}}
[0m[0;32m[2026-09-16 12:53:57.225][VERB] COMMANDCALL: _C.SafeAPI.Execute(["v1.sketch.getPositions",[{"id":1495}]])
[0m[0;32m[2026-09-16 12:53:57.225][VERB] RETURN: {"result":{"endPos":{"z":-1.3,"y":5,"x":92.5},"startPos":{"z":-1.3,"y":-7,"x":92.5}}}
[0m[0;32m[2026-09-16 12:53:57.250][VERB] COMMANDCALL: _C.SafeAPI.Execute(["v1.sketch.getPoints",[{"id":1495}]])
[0m[0;32m[2026-09-16 12:53:57.250][VERB] RETURN: {"result":{"endId":"$1497","startId":"$1496"}}
[0m[0;32m[2026-09-16 12:53:57.275][VERB] COMMANDCALL: _C.SafeAPI.Execute(["v1.sketch.getPositions",[{"id":1501}]])
[0m[0;32m[2026-09-16 12:53:57.276][VERB] RETURN: {"result":{"endPos":{"z":-1.3,"y":5,"x":88.05},"startPos":{"z":-1.3,"y":5,"x":92.5}}}
[0m[0;32m[2026-09-16 12:53:57.300][VERB] COMMANDCALL: _C.SafeAPI.Execute(["v1.sketch.getPoints",[{"id":1501}]])
[0m[0;32m[2026-09-16 12:53:57.301][VERB] RETURN: {"result":{"endId":"$1503","startId":"$1502"}}
[0m[0;32m[2026-09-16 12:53:57.327][VERB] COMMANDCALL: _C.SafeAPI.Execute(["v1.sketch.getPositions",[{"id":1507}]])
[0m[0;32m[2026-09-16 12:53:57.327][VERB] RETURN: {"result":{"endPos":{"z":-1.3,"y":-7,"x":88.05},"startPos":{"z":-1.3,"y":5,"x":88.05}}}
[0m[0;32m[2026-09-16 12:53:57.352][VERB] COMMANDCALL: _C.SafeAPI.Execute(["v1.sketch.getPoints",[{"id":1507}]])
[0m[0;32m[2026-09-16 12:53:57.352][VERB] RETURN: {"result":{"endId":"$1509","startId":"$1508"}}
[0m[0;32m[2026-09-16 12:53:57.377][VERB] COMMANDCALL: _C.SafeAPI.Execute(["v1.sketch.getPositions",[{"id":1523}]])
[0m[0;32m[2026-09-16 12:53:57.377][VERB] RETURN: {"result":{"pos":{"z":-1.3,"y":-1000,"x":-1000}}}
[0m[0;32m[2026-09-16 12:53:57.402][VERB] COMMANDCALL: _C.SafeAPI.Execute(["v1.sketch.getGeometry",[{"id":1594}]])
[0m[0;32m[2026-09-16 12:53:57.402][VERB] RETURN: {"result":{"circles":[],"lines":["$1600","$1604","$1610","$1616"],"arcs":[],"points":["$1632"]}}
[0m[0;32m[2026-09-16 12:53:57.427][VERB] COMMANDCALL: _C.SafeAPI.Execute(["v1.sketch.getPositions",[{"id":1600}]])
[0m[0;32m[2026-09-16 12:53:57.428][VERB] RETURN: {"result":{"endPos":{"z":-1.3,"y":-4,"x":88.05},"startPos":{"z":-1.3,"y":-4,"x":85.35}}}
[0m[0;32m[2026-09-16 12:53:57.453][VERB] COMMANDCALL: _C.SafeAPI.Execute(["v1.sketch.getPoints",[{"id":1600}]])
[0m[0;32m[2026-09-16 12:53:57.453][VERB] RETURN: {"result":{"endId":"$1602","startId":"$1601"}}
[0m[0;32m[2026-09-16 12:53:57.478][VERB] COMMANDCALL: _C.SafeAPI.Execute(["v1.sketch.getPositions",[{"id":1604}]])
[0m[0;32m[2026-09-16 12:53:57.478][VERB] RETURN: {"result":{"endPos":{"z":-1.3,"y":-1.3,"x":88.05},"startPos":{"z":-1.3,"y":-4,"x":88.05}}}
[0m[0;32m[2026-09-16 12:53:57.503][VERB] COMMANDCALL: _C.SafeAPI.Execute(["v1.sketch.getPoints",[{"id":1604}]])
[0m[0;32m[2026-09-16 12:53:57.503][VERB] RETURN: {"result":{"endId":"$1606","startId":"$1605"}}
[0m[0;32m[2026-09-16 12:53:57.528][VERB] COMMANDCALL: _C.SafeAPI.Execute(["v1.sketch.getPositions",[{"id":1610}]])
[0m[0;32m[2026-09-16 12:53:57.528][VERB] RETURN: {"result":{"endPos":{"z":-1.3,"y":-1.3,"x":85.35},"startPos":{"z":-1.3,"y":-1.3,"x":88.05}}}
[0m[0;32m[2026-09-16 12:53:57.553][VERB] COMMANDCALL: _C.SafeAPI.Execute(["v1.sketch.getPoints",[{"id":1610}]])
[0m[0;32m[2026-09-16 12:53:57.553][VERB] RETURN: {"result":{"endId":"$1612","startId":"$1611"}}
[0m[0;32m[2026-09-16 12:53:57.578][VERB] COMMANDCALL: _C.SafeAPI.Execute(["v1.sketch.getPositions",[{"id":1616}]])
[0m[0;32m[2026-09-16 12:53:57.578][VERB] RETURN: {"result":{"endPos":{"z":-1.3,"y":-4,"x":85.35},"startPos":{"z":-1.3,"y":-1.3,"x":85.35}}}
[0m[0;32m[2026-09-16 12:53:57.603][VERB] COMMANDCALL: _C.SafeAPI.Execute(["v1.sketch.getPoints",[{"id":1616}]])
[0m[0;32m[2026-09-16 12:53:57.603][VERB] RETURN: {"result":{"endId":"$1618","startId":"$1617"}}
[0m[0;32m[2026-09-16 12:53:57.628][VERB] COMMANDCALL: _C.SafeAPI.Execute(["v1.sketch.getPositions",[{"id":1632}]])
[0m[0;32m[2026-09-16 12:53:57.628][VERB] RETURN: {"result":{"pos":{"z":-1.3,"y":-1000,"x":-1000}}}
[0m[0;32m[2026-09-16 12:53:57.653][VERB] COMMANDCALL: _C.SafeAPI.Execute(["v1.sketch.getGeometry",[{"id":1703}]])
[0m[0;32m[2026-09-16 12:53:57.653][VERB] RETURN: {"result":{"circles":["$1709"],"lines":[],"arcs":[],"points":["$1712"]}}
[0m[0;32m[2026-09-16 12:53:57.679][VERB] COMMANDCALL: _C.SafeAPI.Execute(["v1.sketch.getPoints",[{"id":1709}]])
[0m[0;32m[2026-09-16 12:53:57.679][VERB] RETURN: {"result":{"centerId":"$1710"}}
[0m[0;32m[2026-09-16 12:53:57.703][VERB] COMMANDCALL: _C.SafeAPI.Execute(["v1.sketch.getPositions",[{"id":1710}]])
[0m[0;32m[2026-09-16 12:53:57.703][VERB] RETURN: {"result":{"pos":{"z":-1.4,"y":-4,"x":85.35}}}
[0m[0;32m[2026-09-16 12:53:57.729][VERB] COMMANDCALL: _C.SafeAPI.Execute(["v1.sketch.getPositions",[{"id":1712}]])
[0m[0;32m[2026-09-16 12:53:57.729][VERB] RETURN: {"result":{"pos":{"z":-1.4,"y":-1000,"x":-1000}}}
[0m[0;32m[2026-09-16 12:53:57.753][VERB] COMMANDCALL: _C.SafeAPI.Execute(["v1.sketch.getGeometry",[{"id":1776}]])
[0m[0;32m[2026-09-16 12:53:57.754][VERB] RETURN: {"result":{"circles":[],"lines":["$1782","$1786","$1792","$1798"],"arcs":[],"points":["$1814"]}}
[0m[0;32m[2026-09-16 12:53:57.778][VERB] COMMANDCALL: _C.SafeAPI.Execute(["v1.sketch.getPositions",[{"id":1782}]])
[0m[0;32m[2026-09-16 12:53:57.778][VERB] RETURN: {"result":{"endPos":{"z":-1.3,"y":30,"x":92.5},"startPos":{"z":-1.3,"y":30,"x":88.05}}}
[0m[0;32m[2026-09-16 12:53:57.802][VERB] COMMANDCALL: _C.SafeAPI.Execute(["v1.sketch.getPoints",[{"id":1782}]])
[0m[0;32m[2026-09-16 12:53:57.803][VERB] RETURN: {"result":{"endId":"$1784","startId":"$1783"}}
[0m[0;32m[2026-09-16 12:53:57.827][VERB] COMMANDCALL: _C.SafeAPI.Execute(["v1.sketch.getPositions",[{"id":1786}]])
[0m[0;32m[2026-09-16 12:53:57.827][VERB] RETURN: {"result":{"endPos":{"z":-1.3,"y":41.3,"x":92.5},"startPos":{"z":-1.3,"y":30,"x":92.5}}}
[0m[0;32m[2026-09-16 12:53:57.852][VERB] COMMANDCALL: _C.SafeAPI.Execute(["v1.sketch.getPoints",[{"id":1786}]])
[0m[0;32m[2026-09-16 12:53:57.852][VERB] RETURN: {"result":{"endId":"$1788","startId":"$1787"}}
[0m[0;32m[2026-09-16 12:53:57.878][VERB] COMMANDCALL: _C.SafeAPI.Execute(["v1.sketch.getPositions",[{"id":1792}]])
[0m[0;32m[2026-09-16 12:53:57.878][VERB] RETURN: {"result":{"endPos":{"z":-1.3,"y":41.3,"x":88.05},"startPos":{"z":-1.3,"y":41.3,"x":92.5}}}
[0m[0;32m[2026-09-16 12:53:57.903][VERB] COMMANDCALL: _C.SafeAPI.Execute(["v1.sketch.getPoints",[{"id":1792}]])
[0m[0;32m[2026-09-16 12:53:57.903][VERB] RETURN: {"result":{"endId":"$1794","startId":"$1793"}}
[0m[0;32m[2026-09-16 12:53:57.928][VERB] COMMANDCALL: _C.SafeAPI.Execute(["v1.sketch.getPositions",[{"id":1798}]])
[0m[0;32m[2026-09-16 12:53:57.928][VERB] RETURN: {"result":{"endPos":{"z":-1.3,"y":30,"x":88.05},"startPos":{"z":-1.3,"y":41.3,"x":88.05}}}
[0m[0;32m[2026-09-16 12:53:57.954][VERB] COMMANDCALL: _C.SafeAPI.Execute(["v1.sketch.getPoints",[{"id":1798}]])
[0m[0;32m[2026-09-16 12:53:57.954][VERB] RETURN: {"result":{"endId":"$1800","startId":"$1799"}}
[0m[0;32m[2026-09-16 12:53:57.979][VERB] COMMANDCALL: _C.SafeAPI.Execute(["v1.sketch.getPositions",[{"id":1814}]])
[0m[0;32m[2026-09-16 12:53:57.979][VERB] RETURN: {"result":{"pos":{"z":-1.3,"y":-1000,"x":-1000}}}
[0m[0;32m[2026-09-16 12:53:58.005][VERB] COMMANDCALL: _C.SafeAPI.Execute(["v1.sketch.getGeometry",[{"id":1885}]])
[0m[0;32m[2026-09-16 12:53:58.005][VERB] RETURN: {"result":{"circles":[],"lines":["$1891","$1895","$1901","$1907"],"arcs":[],"points":["$1923"]}}
[0m[0;32m[2026-09-16 12:53:58.030][VERB] COMMANDCALL: _C.SafeAPI.Execute(["v1.sketch.getPositions",[{"id":1891}]])
[0m[0;32m[2026-09-16 12:53:58.030][VERB] RETURN: {"result":{"endPos":{"z":16.5,"y":30,"x":92.5},"startPos":{"z":16.5,"y":30,"x":88.05}}}
[0m[0;32m[2026-09-16 12:53:58.055][VERB] COMMANDCALL: _C.SafeAPI.Execute(["v1.sketch.getPoints",[{"id":1891}]])
[0m[0;32m[2026-09-16 12:53:58.055][VERB] RETURN: {"result":{"endId":"$1893","startId":"$1892"}}
[0m[0;32m[2026-09-16 12:53:58.080][VERB] COMMANDCALL: _C.SafeAPI.Execute(["v1.sketch.getPositions",[{"id":1895}]])
[0m[0;32m[2026-09-16 12:53:58.080][VERB] RETURN: {"result":{"endPos":{"z":16.5,"y":38,"x":92.5},"startPos":{"z":16.5,"y":30,"x":92.5}}}
[0m[0;32m[2026-09-16 12:53:58.105][VERB] COMMANDCALL: _C.SafeAPI.Execute(["v1.sketch.getPoints",[{"id":1895}]])
[0m[0;32m[2026-09-16 12:53:58.105][VERB] RETURN: {"result":{"endId":"$1897","startId":"$1896"}}
[0m[0;32m[2026-09-16 12:53:58.131][VERB] COMMANDCALL: _C.SafeAPI.Execute(["v1.sketch.getPositions",[{"id":1901}]])
[0m[0;32m[2026-09-16 12:53:58.131][VERB] RETURN: {"result":{"endPos":{"z":16.5,"y":38,"x":88.05},"startPos":{"z":16.5,"y":38,"x":92.5}}}
[0m[0;32m[2026-09-16 12:53:58.156][VERB] COMMANDCALL: _C.SafeAPI.Execute(["v1.sketch.getPoints",[{"id":1901}]])
[0m[0;32m[2026-09-16 12:53:58.156][VERB] RETURN: {"result":{"endId":"$1903","startId":"$1902"}}
[0m[0;32m[2026-09-16 12:53:58.181][VERB] COMMANDCALL: _C.SafeAPI.Execute(["v1.sketch.getPositions",[{"id":1907}]])
[0m[0;32m[2026-09-16 12:53:58.181][VERB] RETURN: {"result":{"endPos":{"z":16.5,"y":30,"x":88.05},"startPos":{"z":16.5,"y":38,"x":88.05}}}
[0m[0;32m[2026-09-16 12:53:58.206][VERB] COMMANDCALL: _C.SafeAPI.Execute(["v1.sketch.getPoints",[{"id":1907}]])
[0m[0;32m[2026-09-16 12:53:58.206][VERB] RETURN: {"result":{"endId":"$1909","startId":"$1908"}}
[0m[0;32m[2026-09-16 12:53:58.231][VERB] COMMANDCALL: _C.SafeAPI.Execute(["v1.sketch.getPositions",[{"id":1923}]])
[0m[0;32m[2026-09-16 12:53:58.231][VERB] RETURN: {"result":{"pos":{"z":16.5,"y":-1000,"x":-1000}}}
[0m[0;32m[2026-09-16 12:53:58.257][VERB] COMMANDCALL: _C.SafeAPI.Execute(["v1.sketch.getGeometry",[{"id":1994}]])
[0m[0;32m[2026-09-16 12:53:58.257][VERB] RETURN: {"result":{"circles":[],"lines":["$2000","$2004","$2010","$2016"],"arcs":[],"points":["$2032"]}}
[0m[0;32m[2026-09-16 12:53:58.283][VERB] COMMANDCALL: _C.SafeAPI.Execute(["v1.sketch.getPositions",[{"id":2000}]])
[0m[0;32m[2026-09-16 12:53:58.283][VERB] RETURN: {"result":{"endPos":{"z":-1.3,"y":40.8,"x":63.1},"startPos":{"z":-1.3,"y":40.8,"x":59.1}}}
[0m[0;32m[2026-09-16 12:53:58.307][VERB] COMMANDCALL: _C.SafeAPI.Execute(["v1.sketch.getPoints",[{"id":2000}]])
[0m[0;32m[2026-09-16 12:53:58.308][VERB] RETURN: {"result":{"endId":"$2002","startId":"$2001"}}
[0m[0;32m[2026-09-16 12:53:58.332][VERB] COMMANDCALL: _C.SafeAPI.Execute(["v1.sketch.getPositions",[{"id":2004}]])
[0m[0;32m[2026-09-16 12:53:58.333][VERB] RETURN: {"result":{"endPos":{"z":-1.3,"y":44.8,"x":63.1},"startPos":{"z":-1.3,"y":40.8,"x":63.1}}}
[0m[0;32m[2026-09-16 12:53:58.358][VERB] COMMANDCALL: _C.SafeAPI.Execute(["v1.sketch.getPoints",[{"id":2004}]])
[0m[0;32m[2026-09-16 12:53:58.358][VERB] RETURN: {"result":{"endId":"$2006","startId":"$2005"}}
[0m[0;32m[2026-09-16 12:53:58.383][VERB] COMMANDCALL: _C.SafeAPI.Execute(["v1.sketch.getPositions",[{"id":2010}]])
[0m[0;32m[2026-09-16 12:53:58.383][VERB] RETURN: {"result":{"endPos":{"z":-1.3,"y":44.8,"x":59.1},"startPos":{"z":-1.3,"y":44.8,"x":63.1}}}
[0m[0;32m[2026-09-16 12:53:58.408][VERB] COMMANDCALL: _C.SafeAPI.Execute(["v1.sketch.getPoints",[{"id":2010}]])
[0m[0;32m[2026-09-16 12:53:58.409][VERB] RETURN: {"result":{"endId":"$2012","startId":"$2011"}}
[0m[0;32m[2026-09-16 12:53:58.433][VERB] COMMANDCALL: _C.SafeAPI.Execute(["v1.sketch.getPositions",[{"id":2016}]])
[0m[0;32m[2026-09-16 12:53:58.433][VERB] RETURN: {"result":{"endPos":{"z":-1.3,"y":40.8,"x":59.1},"startPos":{"z":-1.3,"y":44.8,"x":59.1}}}
[0m[0;32m[2026-09-16 12:53:58.458][VERB] COMMANDCALL: _C.SafeAPI.Execute(["v1.sketch.getPoints",[{"id":2016}]])
[0m[0;32m[2026-09-16 12:53:58.459][VERB] RETURN: {"result":{"endId":"$2018","startId":"$2017"}}
[0m[0;32m[2026-09-16 12:53:58.484][VERB] COMMANDCALL: _C.SafeAPI.Execute(["v1.sketch.getPositions",[{"id":2032}]])
[0m[0;32m[2026-09-16 12:53:58.484][VERB] RETURN: {"result":{"pos":{"z":-1.3,"y":-1000,"x":-1000}}}
[0m[0;32m[2026-09-16 12:53:58.509][VERB] COMMANDCALL: _C.SafeAPI.Execute(["v1.sketch.getGeometry",[{"id":2103}]])
[0m[0;32m[2026-09-16 12:53:58.509][VERB] RETURN: {"result":{"circles":["$2109"],"lines":[],"arcs":[],"points":["$2112"]}}
[0m[0;32m[2026-09-16 12:53:58.536][VERB] COMMANDCALL: _C.SafeAPI.Execute(["v1.sketch.getPoints",[{"id":2109}]])
[0m[0;32m[2026-09-16 12:53:58.536][VERB] RETURN: {"result":{"centerId":"$2110"}}
[0m[0;32m[2026-09-16 12:53:58.561][VERB] COMMANDCALL: _C.SafeAPI.Execute(["v1.sketch.getPositions",[{"id":2110}]])
[0m[0;32m[2026-09-16 12:53:58.561][VERB] RETURN: {"result":{"pos":{"z":-1.4,"y":44.8,"x":63.1}}}
[0m[0;32m[2026-09-16 12:53:58.586][VERB] COMMANDCALL: _C.SafeAPI.Execute(["v1.sketch.getPositions",[{"id":2112}]])
[0m[0;32m[2026-09-16 12:53:58.586][VERB] RETURN: {"result":{"pos":{"z":-1.4,"y":-1000,"x":-1000}}}
[0m[0;32m[2026-09-16 12:53:58.611][VERB] COMMANDCALL: _C.SafeAPI.Execute(["v1.sketch.getGeometry",[{"id":2176}]])
[0m[0;32m[2026-09-16 12:53:58.611][VERB] RETURN: {"result":{"circles":[],"lines":["$2182","$2186","$2192","$2198"],"arcs":[],"points":["$2214"]}}
[0m[0;32m[2026-09-16 12:53:58.636][VERB] COMMANDCALL: _C.SafeAPI.Execute(["v1.sketch.getPositions",[{"id":2182}]])
[0m[0;32m[2026-09-16 12:53:58.636][VERB] RETURN: {"result":{"endPos":{"z":-1.3,"y":16.1,"x":46.1},"startPos":{"z":-1.3,"y":16.1,"x":42.1}}}
[0m[0;32m[2026-09-16 12:53:58.661][VERB] COMMANDCALL: _C.SafeAPI.Execute(["v1.sketch.getPoints",[{"id":2182}]])
[0m[0;32m[2026-09-16 12:53:58.661][VERB] RETURN: {"result":{"endId":"$2184","startId":"$2183"}}
[0m[0;32m[2026-09-16 12:53:58.686][VERB] COMMANDCALL: _C.SafeAPI.Execute(["v1.sketch.getPositions",[{"id":2186}]])
[0m[0;32m[2026-09-16 12:53:58.686][VERB] RETURN: {"result":{"endPos":{"z":-1.3,"y":20.1,"x":46.1},"startPos":{"z":-1.3,"y":16.1,"x":46.1}}}
[0m[0;32m[2026-09-16 12:53:58.711][VERB] COMMANDCALL: _C.SafeAPI.Execute(["v1.sketch.getPoints",[{"id":2186}]])
[0m[0;32m[2026-09-16 12:53:58.711][VERB] RETURN: {"result":{"endId":"$2188","startId":"$2187"}}
[0m[0;32m[2026-09-16 12:53:58.736][VERB] COMMANDCALL: _C.SafeAPI.Execute(["v1.sketch.getPositions",[{"id":2192}]])
[0m[0;32m[2026-09-16 12:53:58.736][VERB] RETURN: {"result":{"endPos":{"z":-1.3,"y":20.1,"x":42.1},"startPos":{"z":-1.3,"y":20.1,"x":46.1}}}
[0m[0;32m[2026-09-16 12:53:58.761][VERB] COMMANDCALL: _C.SafeAPI.Execute(["v1.sketch.getPoints",[{"id":2192}]])
[0m[0;32m[2026-09-16 12:53:58.761][VERB] RETURN: {"result":{"endId":"$2194","startId":"$2193"}}
[0m[0;32m[2026-09-16 12:53:58.786][VERB] COMMANDCALL: _C.SafeAPI.Execute(["v1.sketch.getPositions",[{"id":2198}]])
[0m[0;32m[2026-09-16 12:53:58.786][VERB] RETURN: {"result":{"endPos":{"z":-1.3,"y":16.1,"x":42.1},"startPos":{"z":-1.3,"y":20.1,"x":42.1}}}
[0m[0;32m[2026-09-16 12:53:58.811][VERB] COMMANDCALL: _C.SafeAPI.Execute(["v1.sketch.getPoints",[{"id":2198}]])
[0m[0;32m[2026-09-16 12:53:58.811][VERB] RETURN: {"result":{"endId":"$2200","startId":"$2199"}}
[0m[0;32m[2026-09-16 12:53:58.836][VERB] COMMANDCALL: _C.SafeAPI.Execute(["v1.sketch.getPositions",[{"id":2214}]])
[0m[0;32m[2026-09-16 12:53:58.836][VERB] RETURN: {"result":{"pos":{"z":-1.3,"y":-1000,"x":-1000}}}
[0m[0;32m[2026-09-16 12:53:58.861][VERB] COMMANDCALL: _C.SafeAPI.Execute(["v1.sketch.getGeometry",[{"id":2285}]])
[0m[0;32m[2026-09-16 12:53:58.861][VERB] RETURN: {"result":{"circles":["$2291"],"lines":[],"arcs":[],"points":["$2294"]}}
[0m[0;32m[2026-09-16 12:53:58.886][VERB] COMMANDCALL: _C.SafeAPI.Execute(["v1.sketch.getPoints",[{"id":2291}]])
[0m[0;32m[2026-09-16 12:53:58.886][VERB] RETURN: {"result":{"centerId":"$2292"}}
[0m[0;32m[2026-09-16 12:53:58.912][VERB] COMMANDCALL: _C.SafeAPI.Execute(["v1.sketch.getPositions",[{"id":2292}]])
[0m[0;32m[2026-09-16 12:53:58.912][VERB] RETURN: {"result":{"pos":{"z":-1.4,"y":16.1,"x":42.1}}}
[0m[0;32m[2026-09-16 12:53:58.936][VERB] COMMANDCALL: _C.SafeAPI.Execute(["v1.sketch.getPositions",[{"id":2294}]])
[0m[0;32m[2026-09-16 12:53:58.936][VERB] RETURN: {"result":{"pos":{"z":-1.4,"y":-1000,"x":-1000}}}
[0m[0;32m[2026-09-16 12:53:58.963][VERB] COMMANDCALL: _C.SafeAPI.Execute(["v1.sketch.getGeometry",[{"id":2358}]])
[0m[0;32m[2026-09-16 12:53:58.963][VERB] RETURN: {"result":{"circles":["$2364"],"lines":[],"arcs":[],"points":["$2367"]}}
[0m[0;32m[2026-09-16 12:53:58.988][VERB] COMMANDCALL: _C.SafeAPI.Execute(["v1.sketch.getPoints",[{"id":2364}]])
[0m[0;32m[2026-09-16 12:53:58.988][VERB] RETURN: {"result":{"centerId":"$2365"}}
[0m[0;32m[2026-09-16 12:53:59.013][VERB] COMMANDCALL: _C.SafeAPI.Execute(["v1.sketch.getPositions",[{"id":2365}]])
[0m[0;32m[2026-09-16 12:53:59.013][VERB] RETURN: {"result":{"pos":{"z":-1.3,"y":38.9,"x":86.8}}}
[0m[0;32m[2026-09-16 12:53:59.038][VERB] COMMANDCALL: _C.SafeAPI.Execute(["v1.sketch.getPositions",[{"id":2367}]])
[0m[0;32m[2026-09-16 12:53:59.038][VERB] RETURN: {"result":{"pos":{"z":-1.3,"y":-1000,"x":-1000}}}
[0m[0;32m[2026-09-16 12:53:59.064][VERB] COMMANDCALL: _C.SafeAPI.Execute(["v1.sketch.getGeometry",[{"id":2413}]])
[0m[0;32m[2026-09-16 12:53:59.064][VERB] RETURN: {"result":{"circles":[],"lines":["$2419","$2423","$2429","$2435"],"arcs":[],"points":["$2451"]}}
[0m[0;32m[2026-09-16 12:53:59.088][VERB] COMMANDCALL: _C.SafeAPI.Execute(["v1.sketch.getPositions",[{"id":2419}]])
[0m[0;32m[2026-09-16 12:53:59.089][VERB] RETURN: {"result":{"endPos":{"z":-1.3,"y":30,"x":92.5},"startPos":{"z":-1.3,"y":30,"x":86.8}}}
[0m[0;32m[2026-09-16 12:53:59.113][VERB] COMMANDCALL: _C.SafeAPI.Execute(["v1.sketch.getPoints",[{"id":2419}]])
[0m[0;32m[2026-09-16 12:53:59.114][VERB] RETURN: {"result":{"endId":"$2421","startId":"$2420"}}
[0m[0;32m[2026-09-16 12:53:59.138][VERB] COMMANDCALL: _C.SafeAPI.Execute(["v1.sketch.getPositions",[{"id":2423}]])
[0m[0;32m[2026-09-16 12:53:59.139][VERB] RETURN: {"result":{"endPos":{"z":-1.3,"y":43,"x":92.5},"startPos":{"z":-1.3,"y":30,"x":92.5}}}
[0m[0;32m[2026-09-16 12:53:59.164][VERB] COMMANDCALL: _C.SafeAPI.Execute(["v1.sketch.getPoints",[{"id":2423}]])
[0m[0;32m[2026-09-16 12:53:59.164][VERB] RETURN: {"result":{"endId":"$2425","startId":"$2424"}}
[0m[0;32m[2026-09-16 12:53:59.189][VERB] COMMANDCALL: _C.SafeAPI.Execute(["v1.sketch.getPositions",[{"id":2429}]])
[0m[0;32m[2026-09-16 12:53:59.189][VERB] RETURN: {"result":{"endPos":{"z":-1.3,"y":43,"x":86.8},"startPos":{"z":-1.3,"y":43,"x":92.5}}}
[0m[0;32m[2026-09-16 12:53:59.213][VERB] COMMANDCALL: _C.SafeAPI.Execute(["v1.sketch.getPoints",[{"id":2429}]])
[0m[0;32m[2026-09-16 12:53:59.213][VERB] RETURN: {"result":{"endId":"$2431","startId":"$2430"}}
[0m[0;32m[2026-09-16 12:53:59.238][VERB] COMMANDCALL: _C.SafeAPI.Execute(["v1.sketch.getPositions",[{"id":2435}]])
[0m[0;32m[2026-09-16 12:53:59.238][VERB] RETURN: {"result":{"endPos":{"z":-1.3,"y":30,"x":86.8},"startPos":{"z":-1.3,"y":43,"x":86.8}}}
[0m[0;32m[2026-09-16 12:53:59.263][VERB] COMMANDCALL: _C.SafeAPI.Execute(["v1.sketch.getPoints",[{"id":2435}]])
[0m[0;32m[2026-09-16 12:53:59.263][VERB] RETURN: {"result":{"endId":"$2437","startId":"$2436"}}
[0m[0;32m[2026-09-16 12:53:59.288][VERB] COMMANDCALL: _C.SafeAPI.Execute(["v1.sketch.getPositions",[{"id":2451}]])
[0m[0;32m[2026-09-16 12:53:59.288][VERB] RETURN: {"result":{"pos":{"z":-1.3,"y":-1000,"x":-1000}}}
[0m[0;32m[2026-09-16 12:53:59.313][VERB] COMMANDCALL: _C.SafeAPI.Execute(["v1.sketch.getGeometry",[{"id":3508}]])
[0m[0;32m[2026-09-16 12:53:59.313][VERB] RETURN: {"result":{"circles":[],"lines":["$3518","$3538","$3558","$3578","$3598","$3618","$3638","$3658"],"arcs":[],"points":["$3514"]}}
[0m[0;32m[2026-09-16 12:53:59.339][VERB] COMMANDCALL: _C.SafeAPI.Execute(["v1.sketch.getPositions",[{"id":3518}]])
[0m[0;32m[2026-09-16 12:53:59.339][VERB] RETURN: {"result":{"endPos":{"z":0,"y":1.6,"x":53},"startPos":{"z":0,"y":1.6,"x":2.1}}}
[0m[0;32m[2026-09-16 12:53:59.364][VERB] COMMANDCALL: _C.SafeAPI.Execute(["v1.sketch.getPoints",[{"id":3518}]])
[0m[0;32m[2026-09-16 12:53:59.364][VERB] RETURN: {"result":{"endId":"$3520","startId":"$3519"}}
[0m[0;32m[2026-09-16 12:53:59.389][VERB] COMMANDCALL: _C.SafeAPI.Execute(["v1.sketch.getPositions",[{"id":3538}]])
[0m[0;32m[2026-09-16 12:53:59.389][VERB] RETURN: {"result":{"endPos":{"z":0,"y":2.1,"x":53.5},"startPos":{"z":0,"y":1.6,"x":53}}}
[0m[0;32m[2026-09-16 12:53:59.414][VERB] COMMANDCALL: _C.SafeAPI.Execute(["v1.sketch.getPoints",[{"id":3538}]])
[0m[0;32m[2026-09-16 12:53:59.414][VERB] RETURN: {"result":{"endId":"$3540","startId":"$3539"}}
[0m[0;32m[2026-09-16 12:53:59.439][VERB] COMMANDCALL: _C.SafeAPI.Execute(["v1.sketch.getPositions",[{"id":3558}]])
[0m[0;32m[2026-09-16 12:53:59.439][VERB] RETURN: {"result":{"endPos":{"z":0,"y":25.1,"x":53.5},"startPos":{"z":0,"y":2.1,"x":53.5}}}
[0m[0;32m[2026-09-16 12:53:59.464][VERB] COMMANDCALL: _C.SafeAPI.Execute(["v1.sketch.getPoints",[{"id":3558}]])
[0m[0;32m[2026-09-16 12:53:59.465][VERB] RETURN: {"result":{"endId":"$3560","startId":"$3559"}}
[0m[0;32m[2026-09-16 12:53:59.489][VERB] COMMANDCALL: _C.SafeAPI.Execute(["v1.sketch.getPositions",[{"id":3578}]])
[0m[0;32m[2026-09-16 12:53:59.489][VERB] RETURN: {"result":{"endPos":{"z":0,"y":25.6,"x":53},"startPos":{"z":0,"y":25.1,"x":53.5}}}
[0m[0;32m[2026-09-16 12:53:59.514][VERB] COMMANDCALL: _C.SafeAPI.Execute(["v1.sketch.getPoints",[{"id":3578}]])
[0m[0;32m[2026-09-16 12:53:59.515][VERB] RETURN: {"result":{"endId":"$3580","startId":"$3579"}}
[0m[0;32m[2026-09-16 12:53:59.539][VERB] COMMANDCALL: _C.SafeAPI.Execute(["v1.sketch.getPositions",[{"id":3598}]])
[0m[0;32m[2026-09-16 12:53:59.539][VERB] RETURN: {"result":{"endPos":{"z":0,"y":25.6,"x":2.1},"startPos":{"z":0,"y":25.6,"x":53}}}
[0m[0;32m[2026-09-16 12:53:59.564][VERB] COMMANDCALL: _C.SafeAPI.Execute(["v1.sketch.getPoints",[{"id":3598}]])
[0m[0;32m[2026-09-16 12:53:59.564][VERB] RETURN: {"result":{"endId":"$3600","startId":"$3599"}}
[0m[0;32m[2026-09-16 12:53:59.589][VERB] COMMANDCALL: _C.SafeAPI.Execute(["v1.sketch.getPositions",[{"id":3618}]])
[0m[0;32m[2026-09-16 12:53:59.589][VERB] RETURN: {"result":{"endPos":{"z":0,"y":25.1,"x":1.6},"startPos":{"z":0,"y":25.6,"x":2.1}}}
[0m[0;32m[2026-09-16 12:53:59.615][VERB] COMMANDCALL: _C.SafeAPI.Execute(["v1.sketch.getPoints",[{"id":3618}]])
[0m[0;32m[2026-09-16 12:53:59.615][VERB] RETURN: {"result":{"endId":"$3620","startId":"$3619"}}
[0m[0;32m[2026-09-16 12:53:59.640][VERB] COMMANDCALL: _C.SafeAPI.Execute(["v1.sketch.getPositions",[{"id":3638}]])
[0m[0;32m[2026-09-16 12:53:59.640][VERB] RETURN: {"result":{"endPos":{"z":0,"y":2.1,"x":1.6},"startPos":{"z":0,"y":25.1,"x":1.6}}}
[0m[0;32m[2026-09-16 12:53:59.667][VERB] COMMANDCALL: _C.SafeAPI.Execute(["v1.sketch.getPoints",[{"id":3638}]])
[0m[0;32m[2026-09-16 12:53:59.667][VERB] RETURN: {"result":{"endId":"$3640","startId":"$3639"}}
[0m[0;32m[2026-09-16 12:53:59.695][VERB] COMMANDCALL: _C.SafeAPI.Execute(["v1.sketch.getPositions",[{"id":3658}]])
[0m[0;32m[2026-09-16 12:53:59.695][VERB] RETURN: {"result":{"endPos":{"z":0,"y":1.6,"x":2.1},"startPos":{"z":0,"y":2.1,"x":1.6}}}
[0m[0;32m[2026-09-16 12:53:59.721][VERB] COMMANDCALL: _C.SafeAPI.Execute(["v1.sketch.getPoints",[{"id":3658}]])
[0m[0;32m[2026-09-16 12:53:59.721][VERB] RETURN: {"result":{"endId":"$3660","startId":"$3659"}}
[0m[0;32m[2026-09-16 12:53:59.746][VERB] COMMANDCALL: _C.SafeAPI.Execute(["v1.sketch.getPositions",[{"id":3514}]])
[0m[0;32m[2026-09-16 12:53:59.746][VERB] RETURN: {"result":{"pos":{"z":0,"y":-1000,"x":-1000}}}
[0m[0;32m[2026-09-16 12:53:59.772][VERB] COMMANDCALL: _C.SafeAPI.Execute(["v1.sketch.getGeometry",[{"id":4157}]])
[0m[0;32m[2026-09-16 12:53:59.772][VERB] RETURN: {"result":{"circles":[],"lines":["$4167","$4187","$4207","$4227","$4247","$4267","$4287","$4307"],"arcs":[],"points":["$4163"]}}
[0m[0;32m[2026-09-16 12:53:59.798][VERB] COMMANDCALL: _C.SafeAPI.Execute(["v1.sketch.getPositions",[{"id":4167}]])
[0m[0;32m[2026-09-16 12:53:59.798][VERB] RETURN: {"result":{"endPos":{"z":0,"y":23,"x":54.7},"startPos":{"z":0,"y":23,"x":2.1}}}
[0m[0;32m[2026-09-16 12:53:59.823][VERB] COMMANDCALL: _C.SafeAPI.Execute(["v1.sketch.getPoints",[{"id":4167}]])
[0m[0;32m[2026-09-16 12:53:59.823][VERB] RETURN: {"result":{"endId":"$4169","startId":"$4168"}}
[0m[0;32m[2026-09-16 12:53:59.848][VERB] COMMANDCALL: _C.SafeAPI.Execute(["v1.sketch.getPositions",[{"id":4187}]])
[0m[0;32m[2026-09-16 12:53:59.848][VERB] RETURN: {"result":{"endPos":{"z":0,"y":23.5,"x":55.2},"startPos":{"z":0,"y":23,"x":54.7}}}
[0m[0;32m[2026-09-16 12:53:59.873][VERB] COMMANDCALL: _C.SafeAPI.Execute(["v1.sketch.getPoints",[{"id":4187}]])
[0m[0;32m[2026-09-16 12:53:59.873][VERB] RETURN: {"result":{"endId":"$4189","startId":"$4188"}}
[0m[0;32m[2026-09-16 12:53:59.898][VERB] COMMANDCALL: _C.SafeAPI.Execute(["v1.sketch.getPositions",[{"id":4207}]])
[0m[0;32m[2026-09-16 12:53:59.898][VERB] RETURN: {"result":{"endPos":{"z":0,"y":61.9,"x":55.2},"startPos":{"z":0,"y":23.5,"x":55.2}}}
[0m[0;32m[2026-09-16 12:53:59.923][VERB] COMMANDCALL: _C.SafeAPI.Execute(["v1.sketch.getPoints",[{"id":4207}]])
[0m[0;32m[2026-09-16 12:53:59.923][VERB] RETURN: {"result":{"endId":"$4209","startId":"$4208"}}
[0m[0;32m[2026-09-16 12:53:59.948][VERB] COMMANDCALL: _C.SafeAPI.Execute(["v1.sketch.getPositions",[{"id":4227}]])
[0m[0;32m[2026-09-16 12:53:59.948][VERB] RETURN: {"result":{"endPos":{"z":0,"y":62.4,"x":54.7},"startPos":{"z":0,"y":61.9,"x":55.2}}}
[0m[0;32m[2026-09-16 12:53:59.973][VERB] COMMANDCALL: _C.SafeAPI.Execute(["v1.sketch.getPoints",[{"id":4227}]])
[0m[0;32m[2026-09-16 12:53:59.974][VERB] RETURN: {"result":{"endId":"$4229","startId":"$4228"}}
[0m[0;32m[2026-09-16 12:53:59.998][VERB] COMMANDCALL: _C.SafeAPI.Execute(["v1.sketch.getPositions",[{"id":4247}]])
[0m[0;32m[2026-09-16 12:53:59.999][VERB] RETURN: {"result":{"endPos":{"z":0,"y":62.4,"x":2.1},"startPos":{"z":0,"y":62.4,"x":54.7}}}
[0m[0;32m[2026-09-16 12:54:00.023][VERB] COMMANDCALL: _C.SafeAPI.Execute(["v1.sketch.getPoints",[{"id":4247}]])
[0m[0;32m[2026-09-16 12:54:00.023][VERB] RETURN: {"result":{"endId":"$4249","startId":"$4248"}}
[0m[0;32m[2026-09-16 12:54:00.048][VERB] COMMANDCALL: _C.SafeAPI.Execute(["v1.sketch.getPositions",[{"id":4267}]])
[0m[0;32m[2026-09-16 12:54:00.048][VERB] RETURN: {"result":{"endPos":{"z":0,"y":61.9,"x":1.6},"startPos":{"z":0,"y":62.4,"x":2.1}}}
[0m[0;32m[2026-09-16 12:54:00.073][VERB] COMMANDCALL: _C.SafeAPI.Execute(["v1.sketch.getPoints",[{"id":4267}]])
[0m[0;32m[2026-09-16 12:54:00.073][VERB] RETURN: {"result":{"endId":"$4269","startId":"$4268"}}
[0m[0;32m[2026-09-16 12:54:00.099][VERB] COMMANDCALL: _C.SafeAPI.Execute(["v1.sketch.getPositions",[{"id":4287}]])
[0m[0;32m[2026-09-16 12:54:00.099][VERB] RETURN: {"result":{"endPos":{"z":0,"y":23.5,"x":1.6},"startPos":{"z":0,"y":61.9,"x":1.6}}}
[0m[0;32m[2026-09-16 12:54:00.124][VERB] COMMANDCALL: _C.SafeAPI.Execute(["v1.sketch.getPoints",[{"id":4287}]])
[0m[0;32m[2026-09-16 12:54:00.125][VERB] RETURN: {"result":{"endId":"$4289","startId":"$4288"}}
[0m[0;32m[2026-09-16 12:54:00.150][VERB] COMMANDCALL: _C.SafeAPI.Execute(["v1.sketch.getPositions",[{"id":4307}]])
[0m[0;32m[2026-09-16 12:54:00.151][VERB] RETURN: {"result":{"endPos":{"z":0,"y":23,"x":2.1},"startPos":{"z":0,"y":23.5,"x":1.6}}}
[0m[0;32m[2026-09-16 12:54:00.175][VERB] COMMANDCALL: _C.SafeAPI.Execute(["v1.sketch.getPoints",[{"id":4307}]])
[0m[0;32m[2026-09-16 12:54:00.175][VERB] RETURN: {"result":{"endId":"$4309","startId":"$4308"}}
[0m[0;32m[2026-09-16 12:54:00.200][VERB] COMMANDCALL: _C.SafeAPI.Execute(["v1.sketch.getPositions",[{"id":4163}]])
[0m[0;32m[2026-09-16 12:54:00.200][VERB] RETURN: {"result":{"pos":{"z":0,"y":-1000,"x":-1000}}}
[0m[0;32m[2026-09-16 12:54:00.840][VERB] COMMANDCALL: _C.SafeAPI.Execute(["v1.common.save",[{"stp":{"version":2},"format":"STP","encoding":"base64"}]])
[0m[0;31m[2026-09-16 12:54:00.840][ERROR] [Evaluation error in CommonAPI_v1.save::PROC:[CCVM::ldm: objId not found]] 
[0m[0;32m[2026-09-16 12:54:00.873][VERB] RETURN: {"maxLevel":51,"messages":[{"message":"[Evaluation error in CommonAPI_v1.save::PROC:[CCVM::ldm: objId not found]] ","code":0,"level":51,"api":"v1.common.save","levelStr":"ERROR"}],"result":{"content":"SVNPLTEwMzAzLTIxOwpIRUFERVI7CkZJTEVfREVTQ1JJUFRJT04oKCdTVEVQJyksICcxJyk7CkZJTEVfTkFNRS ...
[0m[0;32m[2026-09-16 12:54:00.902][VERB] COMMANDCALL: _C.SafeAPI.Execute(["v1.common.save",[{"format":"OFB","encoding":"base64"}]])
[0m[0;32m[2026-09-16 12:54:00.903][VERB] GetStateId with StateId=5453c043-c462-49a1-b2ba-4c809c250c42
[0m[0;32m[2026-09-16 12:54:00.957][VERB] RETURN: {"maxLevel":31,"messages":[{"message":"GetStateId with StateId=5453c043-c462-49a1-b2ba-4c809c250c42\n","code":0,"level":31,"api":"v1.common.save","levelStr":"INFO"}],"result":{"content":"AQJjbGFzc2NhZAIBClZlcnNpb249MTEKQXBwbGljYXRpb25DbGFzcz1CdWVybGlEZW1vQXBwCkFwcGxpY2F0aW9uRXhlYz1jbGFz ...
[0m[0;32m[2026-09-16 12:54:00.989][VERB] COMMANDCALL: _C.SafeAPI.Execute(["v1.part.boolean",[{"type":"SUBTRACTION","tools":[4559],"target":3989,"name":"F0_cut_housing_shell_py_58_tool_1","id":4}]])
[0m[0;32m[2026-09-16 12:54:01.075][VERB] RETURN: {"result":"$4638"}
[0m[2026-09-16 12:54:01.115][DEBUG] Build graphic in: 20ms
[0;32m[2026-09-16 12:54:01.121][VERB] COMMANDCALL: _C.SafeAPI.Execute(["v1.common.setAppearance",[{"target":4638,"color":[51,58.65,68.85]}]])
[0m[0;32m[2026-09-16 12:54:01.122][VERB] RETURN: {"result":null}
[0m[2026-09-16 12:54:01.161][DEBUG] Build graphic in: 19ms
[0;32m[2026-09-16 12:54:01.167][VERB] COMMANDCALL: _C.SafeAPI.Execute(["v1.assembly.calculateMassProperties",[{"id":4}]])
[0m[0;32m[2026-09-16 12:54:01.187][VERB] RETURN: {"result":{"volume":105847.3676728,"cog":{"z":17.608893587217,"y":25.936439549704,"x":54.663530179315}}}
[0m[0;32m[2026-09-16 12:54:01.212][VERB] COMMANDCALL: _C.SafeAPI.Execute(["v1.common.save",[{"format":"OFB","file":"/Users/dev/dev/awv/classcad-ai/workspace/training/2026-09-16_12-50-53_pvs-cavity-boolean/files/01-baseline-result.ofb"}]])
[0m[0;32m[2026-09-16 12:54:01.214][VERB] GetStateId with StateId=5e41fbd8-7077-4583-8783-fa16375bbfe9
[0m[0;32m[2026-09-16 12:54:01.237][VERB] RETURN: {"maxLevel":31,"messages":[{"message":"GetStateId with StateId=5e41fbd8-7077-4583-8783-fa16375bbfe9\n","code":0,"level":31,"api":"v1.common.save","levelStr":"INFO"}],"result":{"success":1}}
[0m[0;32m[2026-09-16 12:54:01.265][VERB] COMMANDCALL: _C.SafeAPI.Execute(["v1.common.setDatabaseSettings",[{"isSketchGraphicEnabled":1,"isGraphicEnabled":1,"isCCGraphicEnabled":1,"doCurveTessellation":1}]])
[0m[0;32m[2026-09-16 12:54:01.266][VERB] RETURN: {"result":null}
[0m[2026-09-16 12:54:01.306][DEBUG] Build graphic in: 19ms
[2026-09-16 12:54:01.344][DEBUG] Build graphic in: 11ms
[0;32m[2026-09-16 12:54:01.365][VERB] COMMANDCALL: _C.SafeAPI.Execute(["v1.sketch.getGeometry",[{"id":62}]])
[0m[0;32m[2026-09-16 12:54:01.365][VERB] RETURN: {"result":{"circles":[],"lines":["$68","$72","$78","$84"],"arcs":[],"points":["$100"]}}
[0m[0;32m[2026-09-16 12:54:01.391][VERB] COMMANDCALL: _C.SafeAPI.Execute(["v1.sketch.getPositions",[{"id":68}]])
[0m[0;32m[2026-09-16 12:54:01.391][VERB] RETURN: {"result":{"endPos":{"z":-1.3,"y":-1.3,"x":52.4},"startPos":{"z":-1.3,"y":-1.3,"x":1.4}}}
[0m[0;32m[2026-09-16 12:54:01.416][VERB] COMMANDCALL: _C.SafeAPI.Execute(["v1.sketch.getPoints",[{"id":68}]])
[0m[0;32m[2026-09-16 12:54:01.416][VERB] RETURN: {"result":{"endId":"$70","startId":"$69"}}
[0m[0;32m[2026-09-16 12:54:01.441][VERB] COMMANDCALL: _C.SafeAPI.Execute(["v1.sketch.getPositions",[{"id":72}]])
[0m[0;32m[2026-09-16 12:54:01.441][VERB] RETURN: {"result":{"endPos":{"z":-1.3,"y":27.3,"x":52.4},"startPos":{"z":-1.3,"y":-1.3,"x":52.4}}}
[0m[0;32m[2026-09-16 12:54:01.466][VERB] COMMANDCALL: _C.SafeAPI.Execute(["v1.sketch.getPoints",[{"id":72}]])
[0m[0;32m[2026-09-16 12:54:01.467][VERB] RETURN: {"result":{"endId":"$74","startId":"$73"}}
[0m[0;32m[2026-09-16 12:54:01.492][VERB] COMMANDCALL: _C.SafeAPI.Execute(["v1.sketch.getPositions",[{"id":78}]])
[0m[0;32m[2026-09-16 12:54:01.492][VERB] RETURN: {"result":{"endPos":{"z":-1.3,"y":27.3,"x":1.4},"startPos":{"z":-1.3,"y":27.3,"x":52.4}}}
[0m[0;32m[2026-09-16 12:54:01.517][VERB] COMMANDCALL: _C.SafeAPI.Execute(["v1.sketch.getPoints",[{"id":78}]])
[0m[0;32m[2026-09-16 12:54:01.517][VERB] RETURN: {"result":{"endId":"$80","startId":"$79"}}
[0m[0;32m[2026-09-16 12:54:01.542][VERB] COMMANDCALL: _C.SafeAPI.Execute(["v1.sketch.getPositions",[{"id":84}]])
[0m[0;32m[2026-09-16 12:54:01.543][VERB] RETURN: {"result":{"endPos":{"z":-1.3,"y":-1.3,"x":1.4},"startPos":{"z":-1.3,"y":27.3,"x":1.4}}}
[0m[0;32m[2026-09-16 12:54:01.568][VERB] COMMANDCALL: _C.SafeAPI.Execute(["v1.sketch.getPoints",[{"id":84}]])
[0m[0;32m[2026-09-16 12:54:01.568][VERB] RETURN: {"result":{"endId":"$86","startId":"$85"}}
[0m[0;32m[2026-09-16 12:54:01.593][VERB] COMMANDCALL: _C.SafeAPI.Execute(["v1.sketch.getPositions",[{"id":100}]])
[0m[0;32m[2026-09-16 12:54:01.593][VERB] RETURN: {"result":{"pos":{"z":-1.3,"y":-1000,"x":-1000}}}
[0m[0;32m[2026-09-16 12:54:01.618][VERB] COMMANDCALL: _C.SafeAPI.Execute(["v1.sketch.getGeometry",[{"id":171}]])
[0m[0;32m[2026-09-16 12:54:01.619][VERB] RETURN: {"result":{"circles":[],"lines":["$177","$181","$187","$193"],"arcs":[],"points":["$209"]}}
[0m[0;32m[2026-09-16 12:54:01.644][VERB] COMMANDCALL: _C.SafeAPI.Execute(["v1.sketch.getPositions",[{"id":177}]])
[0m[0;32m[2026-09-16 12:54:01.645][VERB] RETURN: {"result":{"endPos":{"z":-1.3,"y":1.4,"x":55.1},"startPos":{"z":-1.3,"y":1.4,"x":-1.3}}}
[0m[0;32m[2026-09-16 12:54:01.669][VERB] COMMANDCALL: _C.SafeAPI.Execute(["v1.sketch.getPoints",[{"id":177}]])
[0m[0;32m[2026-09-16 12:54:01.670][VERB] RETURN: {"result":{"endId":"$179","startId":"$178"}}
[0m[0;32m[2026-09-16 12:54:01.695][VERB] COMMANDCALL: _C.SafeAPI.Execute(["v1.sketch.getPositions",[{"id":181}]])
[0m[0;32m[2026-09-16 12:54:01.695][VERB] RETURN: {"result":{"endPos":{"z":-1.3,"y":24.6,"x":55.1},"startPos":{"z":-1.3,"y":1.4,"x":55.1}}}
[0m[0;32m[2026-09-16 12:54:01.721][VERB] COMMANDCALL: _C.SafeAPI.Execute(["v1.sketch.getPoints",[{"id":181}]])
[0m[0;32m[2026-09-16 12:54:01.721][VERB] RETURN: {"result":{"endId":"$183","startId":"$182"}}
[0m[0;32m[2026-09-16 12:54:01.746][VERB] COMMANDCALL: _C.SafeAPI.Execute(["v1.sketch.getPositions",[{"id":187}]])
[0m[0;32m[2026-09-16 12:54:01.746][VERB] RETURN: {"result":{"endPos":{"z":-1.3,"y":24.6,"x":-1.3},"startPos":{"z":-1.3,"y":24.6,"x":55.1}}}
[0m[0;32m[2026-09-16 12:54:01.771][VERB] COMMANDCALL: _C.SafeAPI.Execute(["v1.sketch.getPoints",[{"id":187}]])
[0m[0;32m[2026-09-16 12:54:01.771][VERB] RETURN: {"result":{"endId":"$189","startId":"$188"}}
[0m[0;32m[2026-09-16 12:54:01.796][VERB] COMMANDCALL: _C.SafeAPI.Execute(["v1.sketch.getPositions",[{"id":193}]])
[0m[0;32m[2026-09-16 12:54:01.796][VERB] RETURN: {"result":{"endPos":{"z":-1.3,"y":1.4,"x":-1.3},"startPos":{"z":-1.3,"y":24.6,"x":-1.3}}}
[0m[0;32m[2026-09-16 12:54:01.821][VERB] COMMANDCALL: _C.SafeAPI.Execute(["v1.sketch.getPoints",[{"id":193}]])
[0m[0;32m[2026-09-16 12:54:01.821][VERB] RETURN: {"result":{"endId":"$195","startId":"$194"}}
[0m[0;32m[2026-09-16 12:54:01.847][VERB] COMMANDCALL: _C.SafeAPI.Execute(["v1.sketch.getPositions",[{"id":209}]])
[0m[0;32m[2026-09-16 12:54:01.847][VERB] RETURN: {"result":{"pos":{"z":-1.3,"y":-1000,"x":-1000}}}
[0m[0;32m[2026-09-16 12:54:01.873][VERB] COMMANDCALL: _C.SafeAPI.Execute(["v1.sketch.getGeometry",[{"id":280}]])
[0m[0;32m[2026-09-16 12:54:01.873][VERB] RETURN: {"result":{"circles":["$286"],"lines":[],"arcs":[],"points":["$289"]}}
[0m[0;32m[2026-09-16 12:54:01.899][VERB] COMMANDCALL: _C.SafeAPI.Execute(["v1.sketch.getPoints",[{"id":286}]])
[0m[0;32m[2026-09-16 12:54:01.899][VERB] RETURN: {"result":{"centerId":"$287"}}
[0m[0;32m[2026-09-16 12:54:01.924][VERB] COMMANDCALL: _C.SafeAPI.Execute(["v1.sketch.getPositions",[{"id":287}]])
[0m[0;32m[2026-09-16 12:54:01.924][VERB] RETURN: {"result":{"pos":{"z":-1.3,"y":1.4,"x":1.4}}}
[0m[0;32m[2026-09-16 12:54:01.950][VERB] COMMANDCALL: _C.SafeAPI.Execute(["v1.sketch.getPositions",[{"id":289}]])
[0m[0;32m[2026-09-16 12:54:01.950][VERB] RETURN: {"result":{"pos":{"z":-1.3,"y":-1000,"x":-1000}}}
[0m[0;32m[2026-09-16 12:54:01.975][VERB] COMMANDCALL: _C.SafeAPI.Execute(["v1.sketch.getGeometry",[{"id":335}]])
[0m[0;32m[2026-09-16 12:54:01.976][VERB] RETURN: {"result":{"circles":["$341"],"lines":[],"arcs":[],"points":["$344"]}}
[0m[0;32m[2026-09-16 12:54:02.001][VERB] COMMANDCALL: _C.SafeAPI.Execute(["v1.sketch.getPoints",[{"id":341}]])
[0m[0;32m[2026-09-16 12:54:02.001][VERB] RETURN: {"result":{"centerId":"$342"}}
[0m[0;32m[2026-09-16 12:54:02.026][VERB] COMMANDCALL: _C.SafeAPI.Execute(["v1.sketch.getPositions",[{"id":342}]])
[0m[0;32m[2026-09-16 12:54:02.026][VERB] RETURN: {"result":{"pos":{"z":-1.3,"y":24.6,"x":1.4}}}
[0m[0;32m[2026-09-16 12:54:02.051][VERB] COMMANDCALL: _C.SafeAPI.Execute(["v1.sketch.getPositions",[{"id":344}]])
[0m[0;32m[2026-09-16 12:54:02.051][VERB] RETURN: {"result":{"pos":{"z":-1.3,"y":-1000,"x":-1000}}}
[0m[0;32m[2026-09-16 12:54:02.076][VERB] COMMANDCALL: _C.SafeAPI.Execute(["v1.sketch.getGeometry",[{"id":390}]])
[0m[0;32m[2026-09-16 12:54:02.076][VERB] RETURN: {"result":{"circles":["$396"],"lines":[],"arcs":[],"points":["$399"]}}
[0m[0;32m[2026-09-16 12:54:02.102][VERB] COMMANDCALL: _C.SafeAPI.Execute(["v1.sketch.getPoints",[{"id":396}]])
[0m[0;32m[2026-09-16 12:54:02.102][VERB] RETURN: {"result":{"centerId":"$397"}}
[0m[0;32m[2026-09-16 12:54:02.127][VERB] COMMANDCALL: _C.SafeAPI.Execute(["v1.sketch.getPositions",[{"id":397}]])
[0m[0;32m[2026-09-16 12:54:02.127][VERB] RETURN: {"result":{"pos":{"z":-1.3,"y":1.4,"x":52.4}}}
[0m[0;32m[2026-09-16 12:54:02.152][VERB] COMMANDCALL: _C.SafeAPI.Execute(["v1.sketch.getPositions",[{"id":399}]])
[0m[0;32m[2026-09-16 12:54:02.153][VERB] RETURN: {"result":{"pos":{"z":-1.3,"y":-1000,"x":-1000}}}
[0m[0;32m[2026-09-16 12:54:02.178][VERB] COMMANDCALL: _C.SafeAPI.Execute(["v1.sketch.getGeometry",[{"id":445}]])
[0m[0;32m[2026-09-16 12:54:02.178][VERB] RETURN: {"result":{"circles":["$451"],"lines":[],"arcs":[],"points":["$454"]}}
[0m[0;32m[2026-09-16 12:54:02.204][VERB] COMMANDCALL: _C.SafeAPI.Execute(["v1.sketch.getPoints",[{"id":451}]])
[0m[0;32m[2026-09-16 12:54:02.204][VERB] RETURN: {"result":{"centerId":"$452"}}
[0m[0;32m[2026-09-16 12:54:02.229][VERB] COMMANDCALL: _C.SafeAPI.Execute(["v1.sketch.getPositions",[{"id":452}]])
[0m[0;32m[2026-09-16 12:54:02.229][VERB] RETURN: {"result":{"pos":{"z":-1.3,"y":24.6,"x":52.4}}}
[0m[0;32m[2026-09-16 12:54:02.254][VERB] COMMANDCALL: _C.SafeAPI.Execute(["v1.sketch.getPositions",[{"id":454}]])
[0m[0;32m[2026-09-16 12:54:02.254][VERB] RETURN: {"result":{"pos":{"z":-1.3,"y":-1000,"x":-1000}}}
[0m[0;32m[2026-09-16 12:54:02.279][VERB] COMMANDCALL: _C.SafeAPI.Execute(["v1.sketch.getGeometry",[{"id":500}]])
[0m[0;32m[2026-09-16 12:54:02.280][VERB] RETURN: {"result":{"circles":[],"lines":["$506","$510","$516","$522"],"arcs":[],"points":["$538"]}}
[0m[0;32m[2026-09-16 12:54:02.305][VERB] COMMANDCALL: _C.SafeAPI.Execute(["v1.sketch.getPositions",[{"id":506}]])
[0m[0;32m[2026-09-16 12:54:02.306][VERB] RETURN: {"result":{"endPos":{"z":-1.3,"y":20.1,"x":56.4},"startPos":{"z":-1.3,"y":20.1,"x":1.4}}}
[0m[0;32m[2026-09-16 12:54:02.331][VERB] COMMANDCALL: _C.SafeAPI.Execute(["v1.sketch.getPoints",[{"id":506}]])
[0m[0;32m[2026-09-16 12:54:02.331][VERB] RETURN: {"result":{"endId":"$508","startId":"$507"}}
[0m[0;32m[2026-09-16 12:54:02.356][VERB] COMMANDCALL: _C.SafeAPI.Execute(["v1.sketch.getPositions",[{"id":510}]])
[0m[0;32m[2026-09-16 12:54:02.356][VERB] RETURN: {"result":{"endPos":{"z":-1.3,"y":65.9,"x":56.4},"startPos":{"z":-1.3,"y":20.1,"x":56.4}}}
[0m[0;32m[2026-09-16 12:54:02.381][VERB] COMMANDCALL: _C.SafeAPI.Execute(["v1.sketch.getPoints",[{"id":510}]])
[0m[0;32m[2026-09-16 12:54:02.382][VERB] RETURN: {"result":{"endId":"$512","startId":"$511"}}
[0m[0;32m[2026-09-16 12:54:02.407][VERB] COMMANDCALL: _C.SafeAPI.Execute(["v1.sketch.getPositions",[{"id":516}]])
[0m[0;32m[2026-09-16 12:54:02.407][VERB] RETURN: {"result":{"endPos":{"z":-1.3,"y":65.9,"x":1.4},"startPos":{"z":-1.3,"y":65.9,"x":56.4}}}
[0m[0;32m[2026-09-16 12:54:02.432][VERB] COMMANDCALL: _C.SafeAPI.Execute(["v1.sketch.getPoints",[{"id":516}]])
[0m[0;32m[2026-09-16 12:54:02.432][VERB] RETURN: {"result":{"endId":"$518","startId":"$517"}}
[0m[0;32m[2026-09-16 12:54:02.457][VERB] COMMANDCALL: _C.SafeAPI.Execute(["v1.sketch.getPositions",[{"id":522}]])
[0m[0;32m[2026-09-16 12:54:02.457][VERB] RETURN: {"result":{"endPos":{"z":-1.3,"y":20.1,"x":1.4},"startPos":{"z":-1.3,"y":65.9,"x":1.4}}}
[0m[0;32m[2026-09-16 12:54:02.482][VERB] COMMANDCALL: _C.SafeAPI.Execute(["v1.sketch.getPoints",[{"id":522}]])
[0m[0;32m[2026-09-16 12:54:02.482][VERB] RETURN: {"result":{"endId":"$524","startId":"$523"}}
[0m[0;32m[2026-09-16 12:54:02.507][VERB] COMMANDCALL: _C.SafeAPI.Execute(["v1.sketch.getPositions",[{"id":538}]])
[0m[0;32m[2026-09-16 12:54:02.508][VERB] RETURN: {"result":{"pos":{"z":-1.3,"y":-1000,"x":-1000}}}
[0m[0;32m[2026-09-16 12:54:02.532][VERB] COMMANDCALL: _C.SafeAPI.Execute(["v1.sketch.getGeometry",[{"id":609}]])
[0m[0;32m[2026-09-16 12:54:02.533][VERB] RETURN: {"result":{"circles":[],"lines":["$615","$619","$625","$631"],"arcs":[],"points":["$647"]}}
[0m[0;32m[2026-09-16 12:54:02.558][VERB] COMMANDCALL: _C.SafeAPI.Execute(["v1.sketch.getPositions",[{"id":615}]])
[0m[0;32m[2026-09-16 12:54:02.558][VERB] RETURN: {"result":{"endPos":{"z":-1.3,"y":22.8,"x":59.1},"startPos":{"z":-1.3,"y":22.8,"x":-1.3}}}
[0m[0;32m[2026-09-16 12:54:02.583][VERB] COMMANDCALL: _C.SafeAPI.Execute(["v1.sketch.getPoints",[{"id":615}]])
[0m[0;32m[2026-09-16 12:54:02.583][VERB] RETURN: {"result":{"endId":"$617","startId":"$616"}}
[0m[0;32m[2026-09-16 12:54:02.608][VERB] COMMANDCALL: _C.SafeAPI.Execute(["v1.sketch.getPositions",[{"id":619}]])
[0m[0;32m[2026-09-16 12:54:02.609][VERB] RETURN: {"result":{"endPos":{"z":-1.3,"y":63.2,"x":59.1},"startPos":{"z":-1.3,"y":22.8,"x":59.1}}}
[0m[0;32m[2026-09-16 12:54:02.634][VERB] COMMANDCALL: _C.SafeAPI.Execute(["v1.sketch.getPoints",[{"id":619}]])
[0m[0;32m[2026-09-16 12:54:02.634][VERB] RETURN: {"result":{"endId":"$621","startId":"$620"}}
[0m[0;32m[2026-09-16 12:54:02.659][VERB] COMMANDCALL: _C.SafeAPI.Execute(["v1.sketch.getPositions",[{"id":625}]])
[0m[0;32m[2026-09-16 12:54:02.659][VERB] RETURN: {"result":{"endPos":{"z":-1.3,"y":63.2,"x":-1.3},"startPos":{"z":-1.3,"y":63.2,"x":59.1}}}
[0m[0;32m[2026-09-16 12:54:02.684][VERB] COMMANDCALL: _C.SafeAPI.Execute(["v1.sketch.getPoints",[{"id":625}]])
[0m[0;32m[2026-09-16 12:54:02.684][VERB] RETURN: {"result":{"endId":"$627","startId":"$626"}}
[0m[0;32m[2026-09-16 12:54:02.709][VERB] COMMANDCALL: _C.SafeAPI.Execute(["v1.sketch.getPositions",[{"id":631}]])
[0m[0;32m[2026-09-16 12:54:02.709][VERB] RETURN: {"result":{"endPos":{"z":-1.3,"y":22.8,"x":-1.3},"startPos":{"z":-1.3,"y":63.2,"x":-1.3}}}
[0m[0;32m[2026-09-16 12:54:02.734][VERB] COMMANDCALL: _C.SafeAPI.Execute(["v1.sketch.getPoints",[{"id":631}]])
[0m[0;32m[2026-09-16 12:54:02.734][VERB] RETURN: {"result":{"endId":"$633","startId":"$632"}}
[0m[0;32m[2026-09-16 12:54:02.759][VERB] COMMANDCALL: _C.SafeAPI.Execute(["v1.sketch.getPositions",[{"id":647}]])
[0m[0;32m[2026-09-16 12:54:02.759][VERB] RETURN: {"result":{"pos":{"z":-1.3,"y":-1000,"x":-1000}}}
[0m[0;32m[2026-09-16 12:54:02.784][VERB] COMMANDCALL: _C.SafeAPI.Execute(["v1.sketch.getGeometry",[{"id":718}]])
[0m[0;32m[2026-09-16 12:54:02.785][VERB] RETURN: {"result":{"circles":["$724"],"lines":[],"arcs":[],"points":["$727"]}}
[0m[0;32m[2026-09-16 12:54:02.810][VERB] COMMANDCALL: _C.SafeAPI.Execute(["v1.sketch.getPoints",[{"id":724}]])
[0m[0;32m[2026-09-16 12:54:02.810][VERB] RETURN: {"result":{"centerId":"$725"}}
[0m[0;32m[2026-09-16 12:54:02.835][VERB] COMMANDCALL: _C.SafeAPI.Execute(["v1.sketch.getPositions",[{"id":725}]])
[0m[0;32m[2026-09-16 12:54:02.835][VERB] RETURN: {"result":{"pos":{"z":-1.3,"y":22.8,"x":1.4}}}
[0m[0;32m[2026-09-16 12:54:02.859][VERB] COMMANDCALL: _C.SafeAPI.Execute(["v1.sketch.getPositions",[{"id":727}]])
[0m[0;32m[2026-09-16 12:54:02.860][VERB] RETURN: {"result":{"pos":{"z":-1.3,"y":-1000,"x":-1000}}}
[0m[0;32m[2026-09-16 12:54:02.885][VERB] COMMANDCALL: _C.SafeAPI.Execute(["v1.sketch.getGeometry",[{"id":773}]])
[0m[0;32m[2026-09-16 12:54:02.885][VERB] RETURN: {"result":{"circles":["$779"],"lines":[],"arcs":[],"points":["$782"]}}
[0m[0;32m[2026-09-16 12:54:02.910][VERB] COMMANDCALL: _C.SafeAPI.Execute(["v1.sketch.getPoints",[{"id":779}]])
[0m[0;32m[2026-09-16 12:54:02.910][VERB] RETURN: {"result":{"centerId":"$780"}}
[0m[0;32m[2026-09-16 12:54:02.936][VERB] COMMANDCALL: _C.SafeAPI.Execute(["v1.sketch.getPositions",[{"id":780}]])
[0m[0;32m[2026-09-16 12:54:02.936][VERB] RETURN: {"result":{"pos":{"z":-1.3,"y":63.2,"x":1.4}}}
[0m[0;32m[2026-09-16 12:54:02.962][VERB] COMMANDCALL: _C.SafeAPI.Execute(["v1.sketch.getPositions",[{"id":782}]])
[0m[0;32m[2026-09-16 12:54:02.962][VERB] RETURN: {"result":{"pos":{"z":-1.3,"y":-1000,"x":-1000}}}
[0m[0;32m[2026-09-16 12:54:02.987][VERB] COMMANDCALL: _C.SafeAPI.Execute(["v1.sketch.getGeometry",[{"id":828}]])
[0m[0;32m[2026-09-16 12:54:02.987][VERB] RETURN: {"result":{"circles":["$834"],"lines":[],"arcs":[],"points":["$837"]}}
[0m[0;32m[2026-09-16 12:54:03.012][VERB] COMMANDCALL: _C.SafeAPI.Execute(["v1.sketch.getPoints",[{"id":834}]])
[0m[0;32m[2026-09-16 12:54:03.012][VERB] RETURN: {"result":{"centerId":"$835"}}
[0m[0;32m[2026-09-16 12:54:03.037][VERB] COMMANDCALL: _C.SafeAPI.Execute(["v1.sketch.getPositions",[{"id":835}]])
[0m[0;32m[2026-09-16 12:54:03.037][VERB] RETURN: {"result":{"pos":{"z":-1.3,"y":22.8,"x":56.4}}}
[0m[0;32m[2026-09-16 12:54:03.062][VERB] COMMANDCALL: _C.SafeAPI.Execute(["v1.sketch.getPositions",[{"id":837}]])
[0m[0;32m[2026-09-16 12:54:03.063][VERB] RETURN: {"result":{"pos":{"z":-1.3,"y":-1000,"x":-1000}}}
[0m[0;32m[2026-09-16 12:54:03.088][VERB] COMMANDCALL: _C.SafeAPI.Execute(["v1.sketch.getGeometry",[{"id":883}]])
[0m[0;32m[2026-09-16 12:54:03.089][VERB] RETURN: {"result":{"circles":["$889"],"lines":[],"arcs":[],"points":["$892"]}}
[0m[0;32m[2026-09-16 12:54:03.114][VERB] COMMANDCALL: _C.SafeAPI.Execute(["v1.sketch.getPoints",[{"id":889}]])
[0m[0;32m[2026-09-16 12:54:03.114][VERB] RETURN: {"result":{"centerId":"$890"}}
[0m[0;32m[2026-09-16 12:54:03.140][VERB] COMMANDCALL: _C.SafeAPI.Execute(["v1.sketch.getPositions",[{"id":890}]])
[0m[0;32m[2026-09-16 12:54:03.140][VERB] RETURN: {"result":{"pos":{"z":-1.3,"y":63.2,"x":56.4}}}
[0m[0;32m[2026-09-16 12:54:03.165][VERB] COMMANDCALL: _C.SafeAPI.Execute(["v1.sketch.getPositions",[{"id":892}]])
[0m[0;32m[2026-09-16 12:54:03.165][VERB] RETURN: {"result":{"pos":{"z":-1.3,"y":-1000,"x":-1000}}}
[0m[0;32m[2026-09-16 12:54:03.191][VERB] COMMANDCALL: _C.SafeAPI.Execute(["v1.sketch.getGeometry",[{"id":938}]])
[0m[0;32m[2026-09-16 12:54:03.191][VERB] RETURN: {"result":{"circles":[],"lines":["$944","$948","$954","$960"],"arcs":[],"points":["$976"]}}
[0m[0;32m[2026-09-16 12:54:03.216][VERB] COMMANDCALL: _C.SafeAPI.Execute(["v1.sketch.getPositions",[{"id":944}]])
[0m[0;32m[2026-09-16 12:54:03.216][VERB] RETURN: {"result":{"endPos":{"z":-1.3,"y":-1.3,"x":89.8},"startPos":{"z":-1.3,"y":-1.3,"x":48.8}}}
[0m[0;32m[2026-09-16 12:54:03.240][VERB] COMMANDCALL: _C.SafeAPI.Execute(["v1.sketch.getPoints",[{"id":944}]])
[0m[0;32m[2026-09-16 12:54:03.241][VERB] RETURN: {"result":{"endId":"$946","startId":"$945"}}
[0m[0;32m[2026-09-16 12:54:03.266][VERB] COMMANDCALL: _C.SafeAPI.Execute(["v1.sketch.getPositions",[{"id":948}]])
[0m[0;32m[2026-09-16 12:54:03.266][VERB] RETURN: {"result":{"endPos":{"z":-1.3,"y":40.8,"x":89.8},"startPos":{"z":-1.3,"y":-1.3,"x":89.8}}}
[0m[0;32m[2026-09-16 12:54:03.291][VERB] COMMANDCALL: _C.SafeAPI.Execute(["v1.sketch.getPoints",[{"id":948}]])
[0m[0;32m[2026-09-16 12:54:03.291][VERB] RETURN: {"result":{"endId":"$950","startId":"$949"}}
[0m[0;32m[2026-09-16 12:54:03.316][VERB] COMMANDCALL: _C.SafeAPI.Execute(["v1.sketch.getPositions",[{"id":954}]])
[0m[0;32m[2026-09-16 12:54:03.316][VERB] RETURN: {"result":{"endPos":{"z":-1.3,"y":40.8,"x":48.8},"startPos":{"z":-1.3,"y":40.8,"x":89.8}}}
[0m[0;32m[2026-09-16 12:54:03.341][VERB] COMMANDCALL: _C.SafeAPI.Execute(["v1.sketch.getPoints",[{"id":954}]])
[0m[0;32m[2026-09-16 12:54:03.341][VERB] RETURN: {"result":{"endId":"$956","startId":"$955"}}
[0m[0;32m[2026-09-16 12:54:03.367][VERB] COMMANDCALL: _C.SafeAPI.Execute(["v1.sketch.getPositions",[{"id":960}]])
[0m[0;32m[2026-09-16 12:54:03.368][VERB] RETURN: {"result":{"endPos":{"z":-1.3,"y":-1.3,"x":48.8},"startPos":{"z":-1.3,"y":40.8,"x":48.8}}}
[0m[0;32m[2026-09-16 12:54:03.393][VERB] COMMANDCALL: _C.SafeAPI.Execute(["v1.sketch.getPoints",[{"id":960}]])
[0m[0;32m[2026-09-16 12:54:03.393][VERB] RETURN: {"result":{"endId":"$962","startId":"$961"}}
[0m[0;32m[2026-09-16 12:54:03.418][VERB] COMMANDCALL: _C.SafeAPI.Execute(["v1.sketch.getPositions",[{"id":976}]])
[0m[0;32m[2026-09-16 12:54:03.418][VERB] RETURN: {"result":{"pos":{"z":-1.3,"y":-1000,"x":-1000}}}
[0m[0;32m[2026-09-16 12:54:03.444][VERB] COMMANDCALL: _C.SafeAPI.Execute(["v1.sketch.getGeometry",[{"id":1047}]])
[0m[0;32m[2026-09-16 12:54:03.444][VERB] RETURN: {"result":{"circles":[],"lines":["$1053","$1057","$1063","$1069"],"arcs":[],"points":["$1085"]}}
[0m[0;32m[2026-09-16 12:54:03.469][VERB] COMMANDCALL: _C.SafeAPI.Execute(["v1.sketch.getPositions",[{"id":1053}]])
[0m[0;32m[2026-09-16 12:54:03.470][VERB] RETURN: {"result":{"endPos":{"z":-1.3,"y":1.4,"x":92.5},"startPos":{"z":-1.3,"y":1.4,"x":46.1}}}
[0m[0;32m[2026-09-16 12:54:03.494][VERB] COMMANDCALL: _C.SafeAPI.Execute(["v1.sketch.getPoints",[{"id":1053}]])
[0m[0;32m[2026-09-16 12:54:03.495][VERB] RETURN: {"result":{"endId":"$1055","startId":"$1054"}}
[0m[0;32m[2026-09-16 12:54:03.520][VERB] COMMANDCALL: _C.SafeAPI.Execute(["v1.sketch.getPositions",[{"id":1057}]])
[0m[0;32m[2026-09-16 12:54:03.520][VERB] RETURN: {"result":{"endPos":{"z":-1.3,"y":38.1,"x":92.5},"startPos":{"z":-1.3,"y":1.4,"x":92.5}}}
[0m[0;32m[2026-09-16 12:54:03.545][VERB] COMMANDCALL: _C.SafeAPI.Execute(["v1.sketch.getPoints",[{"id":1057}]])
[0m[0;32m[2026-09-16 12:54:03.545][VERB] RETURN: {"result":{"endId":"$1059","startId":"$1058"}}
[0m[0;32m[2026-09-16 12:54:03.570][VERB] COMMANDCALL: _C.SafeAPI.Execute(["v1.sketch.getPositions",[{"id":1063}]])
[0m[0;32m[2026-09-16 12:54:03.570][VERB] RETURN: {"result":{"endPos":{"z":-1.3,"y":38.1,"x":46.1},"startPos":{"z":-1.3,"y":38.1,"x":92.5}}}
[0m[0;32m[2026-09-16 12:54:03.595][VERB] COMMANDCALL: _C.SafeAPI.Execute(["v1.sketch.getPoints",[{"id":1063}]])
[0m[0;32m[2026-09-16 12:54:03.595][VERB] RETURN: {"result":{"endId":"$1065","startId":"$1064"}}
[0m[0;32m[2026-09-16 12:54:03.620][VERB] COMMANDCALL: _C.SafeAPI.Execute(["v1.sketch.getPositions",[{"id":1069}]])
[0m[0;32m[2026-09-16 12:54:03.621][VERB] RETURN: {"result":{"endPos":{"z":-1.3,"y":1.4,"x":46.1},"startPos":{"z":-1.3,"y":38.1,"x":46.1}}}
[0m[0;32m[2026-09-16 12:54:03.646][VERB] COMMANDCALL: _C.SafeAPI.Execute(["v1.sketch.getPoints",[{"id":1069}]])
[0m[0;32m[2026-09-16 12:54:03.646][VERB] RETURN: {"result":{"endId":"$1071","startId":"$1070"}}
[0m[0;32m[2026-09-16 12:54:03.672][VERB] COMMANDCALL: _C.SafeAPI.Execute(["v1.sketch.getPositions",[{"id":1085}]])
[0m[0;32m[2026-09-16 12:54:03.672][VERB] RETURN: {"result":{"pos":{"z":-1.3,"y":-1000,"x":-1000}}}
[0m[0;32m[2026-09-16 12:54:03.696][VERB] COMMANDCALL: _C.SafeAPI.Execute(["v1.sketch.getGeometry",[{"id":1156}]])
[0m[0;32m[2026-09-16 12:54:03.697][VERB] RETURN: {"result":{"circles":["$1162"],"lines":[],"arcs":[],"points":["$1165"]}}
[0m[0;32m[2026-09-16 12:54:03.722][VERB] COMMANDCALL: _C.SafeAPI.Execute(["v1.sketch.getPoints",[{"id":1162}]])
[0m[0;32m[2026-09-16 12:54:03.722][VERB] RETURN: {"result":{"centerId":"$1163"}}
[0m[0;32m[2026-09-16 12:54:03.747][VERB] COMMANDCALL: _C.SafeAPI.Execute(["v1.sketch.getPositions",[{"id":1163}]])
[0m[0;32m[2026-09-16 12:54:03.748][VERB] RETURN: {"result":{"pos":{"z":-1.3,"y":1.4,"x":48.8}}}
[0m[0;32m[2026-09-16 12:54:03.772][VERB] COMMANDCALL: _C.SafeAPI.Execute(["v1.sketch.getPositions",[{"id":1165}]])
[0m[0;32m[2026-09-16 12:54:03.773][VERB] RETURN: {"result":{"pos":{"z":-1.3,"y":-1000,"x":-1000}}}
[0m[0;32m[2026-09-16 12:54:03.798][VERB] COMMANDCALL: _C.SafeAPI.Execute(["v1.sketch.getGeometry",[{"id":1211}]])
[0m[0;32m[2026-09-16 12:54:03.798][VERB] RETURN: {"result":{"circles":["$1217"],"lines":[],"arcs":[],"points":["$1220"]}}
[0m[0;32m[2026-09-16 12:54:03.823][VERB] COMMANDCALL: _C.SafeAPI.Execute(["v1.sketch.getPoints",[{"id":1217}]])
[0m[0;32m[2026-09-16 12:54:03.823][VERB] RETURN: {"result":{"centerId":"$1218"}}
[0m[0;32m[2026-09-16 12:54:03.848][VERB] COMMANDCALL: _C.SafeAPI.Execute(["v1.sketch.getPositions",[{"id":1218}]])
[0m[0;32m[2026-09-16 12:54:03.848][VERB] RETURN: {"result":{"pos":{"z":-1.3,"y":38.1,"x":48.8}}}
[0m[0;32m[2026-09-16 12:54:03.873][VERB] COMMANDCALL: _C.SafeAPI.Execute(["v1.sketch.getPositions",[{"id":1220}]])
[0m[0;32m[2026-09-16 12:54:03.873][VERB] RETURN: {"result":{"pos":{"z":-1.3,"y":-1000,"x":-1000}}}
[0m[0;32m[2026-09-16 12:54:03.898][VERB] COMMANDCALL: _C.SafeAPI.Execute(["v1.sketch.getGeometry",[{"id":1266}]])
[0m[0;32m[2026-09-16 12:54:03.898][VERB] RETURN: {"result":{"circles":["$1272"],"lines":[],"arcs":[],"points":["$1275"]}}
[0m[0;32m[2026-09-16 12:54:03.923][VERB] COMMANDCALL: _C.SafeAPI.Execute(["v1.sketch.getPoints",[{"id":1272}]])
[0m[0;32m[2026-09-16 12:54:03.923][VERB] RETURN: {"result":{"centerId":"$1273"}}
[0m[0;32m[2026-09-16 12:54:03.949][VERB] COMMANDCALL: _C.SafeAPI.Execute(["v1.sketch.getPositions",[{"id":1273}]])
[0m[0;32m[2026-09-16 12:54:03.949][VERB] RETURN: {"result":{"pos":{"z":-1.3,"y":1.4,"x":89.8}}}
[0m[0;32m[2026-09-16 12:54:03.974][VERB] COMMANDCALL: _C.SafeAPI.Execute(["v1.sketch.getPositions",[{"id":1275}]])
[0m[0;32m[2026-09-16 12:54:03.974][VERB] RETURN: {"result":{"pos":{"z":-1.3,"y":-1000,"x":-1000}}}
[0m[0;32m[2026-09-16 12:54:04.000][VERB] COMMANDCALL: _C.SafeAPI.Execute(["v1.sketch.getGeometry",[{"id":1321}]])
[0m[0;32m[2026-09-16 12:54:04.000][VERB] RETURN: {"result":{"circles":["$1327"],"lines":[],"arcs":[],"points":["$1330"]}}
[0m[0;32m[2026-09-16 12:54:04.025][VERB] COMMANDCALL: _C.SafeAPI.Execute(["v1.sketch.getPoints",[{"id":1327}]])
[0m[0;32m[2026-09-16 12:54:04.025][VERB] RETURN: {"result":{"centerId":"$1328"}}
[0m[0;32m[2026-09-16 12:54:04.050][VERB] COMMANDCALL: _C.SafeAPI.Execute(["v1.sketch.getPositions",[{"id":1328}]])
[0m[0;32m[2026-09-16 12:54:04.050][VERB] RETURN: {"result":{"pos":{"z":-1.3,"y":38.1,"x":89.8}}}
[0m[0;32m[2026-09-16 12:54:04.075][VERB] COMMANDCALL: _C.SafeAPI.Execute(["v1.sketch.getPositions",[{"id":1330}]])
[0m[0;32m[2026-09-16 12:54:04.076][VERB] RETURN: {"result":{"pos":{"z":-1.3,"y":-1000,"x":-1000}}}
[0m[0;32m[2026-09-16 12:54:04.101][VERB] COMMANDCALL: _C.SafeAPI.Execute(["v1.sketch.getGeometry",[{"id":1376}]])
[0m[0;32m[2026-09-16 12:54:04.101][VERB] RETURN: {"result":{"circles":[],"lines":["$1382","$1386","$1392","$1398"],"arcs":[],"points":["$1414"]}}
[0m[0;32m[2026-09-16 12:54:04.126][VERB] COMMANDCALL: _C.SafeAPI.Execute(["v1.sketch.getPositions",[{"id":1382}]])
[0m[0;32m[2026-09-16 12:54:04.126][VERB] RETURN: {"result":{"endPos":{"z":-1.3,"y":-1.3,"x":92.5},"startPos":{"z":-1.3,"y":-1.3,"x":89.8}}}
[0m[0;32m[2026-09-16 12:54:04.152][VERB] COMMANDCALL: _C.SafeAPI.Execute(["v1.sketch.getPoints",[{"id":1382}]])
[0m[0;32m[2026-09-16 12:54:04.152][VERB] RETURN: {"result":{"endId":"$1384","startId":"$1383"}}
[0m[0;32m[2026-09-16 12:54:04.177][VERB] COMMANDCALL: _C.SafeAPI.Execute(["v1.sketch.getPositions",[{"id":1386}]])
[0m[0;32m[2026-09-16 12:54:04.177][VERB] RETURN: {"result":{"endPos":{"z":-1.3,"y":40.8,"x":92.5},"startPos":{"z":-1.3,"y":-1.3,"x":92.5}}}
[0m[0;32m[2026-09-16 12:54:04.202][VERB] COMMANDCALL: _C.SafeAPI.Execute(["v1.sketch.getPoints",[{"id":1386}]])
[0m[0;32m[2026-09-16 12:54:04.202][VERB] RETURN: {"result":{"endId":"$1388","startId":"$1387"}}
[0m[0;32m[2026-09-16 12:54:04.227][VERB] COMMANDCALL: _C.SafeAPI.Execute(["v1.sketch.getPositions",[{"id":1392}]])
[0m[0;32m[2026-09-16 12:54:04.227][VERB] RETURN: {"result":{"endPos":{"z":-1.3,"y":40.8,"x":89.8},"startPos":{"z":-1.3,"y":40.8,"x":92.5}}}
[0m[0;32m[2026-09-16 12:54:04.252][VERB] COMMANDCALL: _C.SafeAPI.Execute(["v1.sketch.getPoints",[{"id":1392}]])
[0m[0;32m[2026-09-16 12:54:04.253][VERB] RETURN: {"result":{"endId":"$1394","startId":"$1393"}}
[0m[0;32m[2026-09-16 12:54:04.278][VERB] COMMANDCALL: _C.SafeAPI.Execute(["v1.sketch.getPositions",[{"id":1398}]])
[0m[0;32m[2026-09-16 12:54:04.278][VERB] RETURN: {"result":{"endPos":{"z":-1.3,"y":-1.3,"x":89.8},"startPos":{"z":-1.3,"y":40.8,"x":89.8}}}
[0m[0;32m[2026-09-16 12:54:04.303][VERB] COMMANDCALL: _C.SafeAPI.Execute(["v1.sketch.getPoints",[{"id":1398}]])
[0m[0;32m[2026-09-16 12:54:04.303][VERB] RETURN: {"result":{"endId":"$1400","startId":"$1399"}}
[0m[0;32m[2026-09-16 12:54:04.329][VERB] COMMANDCALL: _C.SafeAPI.Execute(["v1.sketch.getPositions",[{"id":1414}]])
[0m[0;32m[2026-09-16 12:54:04.329][VERB] RETURN: {"result":{"pos":{"z":-1.3,"y":-1000,"x":-1000}}}
[0m[0;32m[2026-09-16 12:54:04.355][VERB] COMMANDCALL: _C.SafeAPI.Execute(["v1.sketch.getGeometry",[{"id":1485}]])
[0m[0;32m[2026-09-16 12:54:04.355][VERB] RETURN: {"result":{"circles":[],"lines":["$1491","$1495","$1501","$1507"],"arcs":[],"points":["$1523"]}}
[0m[0;32m[2026-09-16 12:54:04.379][VERB] COMMANDCALL: _C.SafeAPI.Execute(["v1.sketch.getPositions",[{"id":1491}]])
[0m[0;32m[2026-09-16 12:54:04.380][VERB] RETURN: {"result":{"endPos":{"z":-1.3,"y":-7,"x":92.5},"startPos":{"z":-1.3,"y":-7,"x":88.05}}}
[0m[0;32m[2026-09-16 12:54:04.404][VERB] COMMANDCALL: _C.SafeAPI.Execute(["v1.sketch.getPoints",[{"id":1491}]])
[0m[0;32m[2026-09-16 12:54:04.404][VERB] RETURN: {"result":{"endId":"$1493","startId":"$1492"}}
[0m[0;32m[2026-09-16 12:54:04.430][VERB] COMMANDCALL: _C.SafeAPI.Execute(["v1.sketch.getPositions",[{"id":1495}]])
[0m[0;32m[2026-09-16 12:54:04.430][VERB] RETURN: {"result":{"endPos":{"z":-1.3,"y":5,"x":92.5},"startPos":{"z":-1.3,"y":-7,"x":92.5}}}
[0m[0;32m[2026-09-16 12:54:04.455][VERB] COMMANDCALL: _C.SafeAPI.Execute(["v1.sketch.getPoints",[{"id":1495}]])
[0m[0;32m[2026-09-16 12:54:04.455][VERB] RETURN: {"result":{"endId":"$1497","startId":"$1496"}}
[0m[0;32m[2026-09-16 12:54:04.480][VERB] COMMANDCALL: _C.SafeAPI.Execute(["v1.sketch.getPositions",[{"id":1501}]])
[0m[0;32m[2026-09-16 12:54:04.480][VERB] RETURN: {"result":{"endPos":{"z":-1.3,"y":5,"x":88.05},"startPos":{"z":-1.3,"y":5,"x":92.5}}}
[0m[0;32m[2026-09-16 12:54:04.505][VERB] COMMANDCALL: _C.SafeAPI.Execute(["v1.sketch.getPoints",[{"id":1501}]])
[0m[0;32m[2026-09-16 12:54:04.505][VERB] RETURN: {"result":{"endId":"$1503","startId":"$1502"}}
[0m[0;32m[2026-09-16 12:54:04.530][VERB] COMMANDCALL: _C.SafeAPI.Execute(["v1.sketch.getPositions",[{"id":1507}]])
[0m[0;32m[2026-09-16 12:54:04.530][VERB] RETURN: {"result":{"endPos":{"z":-1.3,"y":-7,"x":88.05},"startPos":{"z":-1.3,"y":5,"x":88.05}}}
[0m[0;32m[2026-09-16 12:54:04.555][VERB] COMMANDCALL: _C.SafeAPI.Execute(["v1.sketch.getPoints",[{"id":1507}]])
[0m[0;32m[2026-09-16 12:54:04.555][VERB] RETURN: {"result":{"endId":"$1509","startId":"$1508"}}
[0m[0;32m[2026-09-16 12:54:04.580][VERB] COMMANDCALL: _C.SafeAPI.Execute(["v1.sketch.getPositions",[{"id":1523}]])
[0m[0;32m[2026-09-16 12:54:04.581][VERB] RETURN: {"result":{"pos":{"z":-1.3,"y":-1000,"x":-1000}}}
[0m[0;32m[2026-09-16 12:54:04.606][VERB] COMMANDCALL: _C.SafeAPI.Execute(["v1.sketch.getGeometry",[{"id":1594}]])
[0m[0;32m[2026-09-16 12:54:04.606][VERB] RETURN: {"result":{"circles":[],"lines":["$1600","$1604","$1610","$1616"],"arcs":[],"points":["$1632"]}}
[0m[0;32m[2026-09-16 12:54:04.631][VERB] COMMANDCALL: _C.SafeAPI.Execute(["v1.sketch.getPositions",[{"id":1600}]])
[0m[0;32m[2026-09-16 12:54:04.631][VERB] RETURN: {"result":{"endPos":{"z":-1.3,"y":-4,"x":88.05},"startPos":{"z":-1.3,"y":-4,"x":85.35}}}
[0m[0;32m[2026-09-16 12:54:04.655][VERB] COMMANDCALL: _C.SafeAPI.Execute(["v1.sketch.getPoints",[{"id":1600}]])
[0m[0;32m[2026-09-16 12:54:04.655][VERB] RETURN: {"result":{"endId":"$1602","startId":"$1601"}}
[0m[0;32m[2026-09-16 12:54:04.679][VERB] COMMANDCALL: _C.SafeAPI.Execute(["v1.sketch.getPositions",[{"id":1604}]])
[0m[0;32m[2026-09-16 12:54:04.680][VERB] RETURN: {"result":{"endPos":{"z":-1.3,"y":-1.3,"x":88.05},"startPos":{"z":-1.3,"y":-4,"x":88.05}}}
[0m[0;32m[2026-09-16 12:54:04.704][VERB] COMMANDCALL: _C.SafeAPI.Execute(["v1.sketch.getPoints",[{"id":1604}]])
[0m[0;32m[2026-09-16 12:54:04.705][VERB] RETURN: {"result":{"endId":"$1606","startId":"$1605"}}
[0m[0;32m[2026-09-16 12:54:04.730][VERB] COMMANDCALL: _C.SafeAPI.Execute(["v1.sketch.getPositions",[{"id":1610}]])
[0m[0;32m[2026-09-16 12:54:04.730][VERB] RETURN: {"result":{"endPos":{"z":-1.3,"y":-1.3,"x":85.35},"startPos":{"z":-1.3,"y":-1.3,"x":88.05}}}
[0m[0;32m[2026-09-16 12:54:04.755][VERB] COMMANDCALL: _C.SafeAPI.Execute(["v1.sketch.getPoints",[{"id":1610}]])
[0m[0;32m[2026-09-16 12:54:04.755][VERB] RETURN: {"result":{"endId":"$1612","startId":"$1611"}}
[0m[0;32m[2026-09-16 12:54:04.780][VERB] COMMANDCALL: _C.SafeAPI.Execute(["v1.sketch.getPositions",[{"id":1616}]])
[0m[0;32m[2026-09-16 12:54:04.780][VERB] RETURN: {"result":{"endPos":{"z":-1.3,"y":-4,"x":85.35},"startPos":{"z":-1.3,"y":-1.3,"x":85.35}}}
[0m[0;32m[2026-09-16 12:54:04.805][VERB] COMMANDCALL: _C.SafeAPI.Execute(["v1.sketch.getPoints",[{"id":1616}]])
[0m[0;32m[2026-09-16 12:54:04.805][VERB] RETURN: {"result":{"endId":"$1618","startId":"$1617"}}
[0m[0;32m[2026-09-16 12:54:04.830][VERB] COMMANDCALL: _C.SafeAPI.Execute(["v1.sketch.getPositions",[{"id":1632}]])
[0m[0;32m[2026-09-16 12:54:04.830][VERB] RETURN: {"result":{"pos":{"z":-1.3,"y":-1000,"x":-1000}}}
[0m[0;32m[2026-09-16 12:54:04.855][VERB] COMMANDCALL: _C.SafeAPI.Execute(["v1.sketch.getGeometry",[{"id":1703}]])
[0m[0;32m[2026-09-16 12:54:04.855][VERB] RETURN: {"result":{"circles":["$1709"],"lines":[],"arcs":[],"points":["$1712"]}}
[0m[0;32m[2026-09-16 12:54:04.880][VERB] COMMANDCALL: _C.SafeAPI.Execute(["v1.sketch.getPoints",[{"id":1709}]])
[0m[0;32m[2026-09-16 12:54:04.880][VERB] RETURN: {"result":{"centerId":"$1710"}}
[0m[0;32m[2026-09-16 12:54:04.905][VERB] COMMANDCALL: _C.SafeAPI.Execute(["v1.sketch.getPositions",[{"id":1710}]])
[0m[0;32m[2026-09-16 12:54:04.905][VERB] RETURN: {"result":{"pos":{"z":-1.4,"y":-4,"x":85.35}}}
[0m[0;32m[2026-09-16 12:54:04.930][VERB] COMMANDCALL: _C.SafeAPI.Execute(["v1.sketch.getPositions",[{"id":1712}]])
[0m[0;32m[2026-09-16 12:54:04.930][VERB] RETURN: {"result":{"pos":{"z":-1.4,"y":-1000,"x":-1000}}}
[0m[0;32m[2026-09-16 12:54:04.956][VERB] COMMANDCALL: _C.SafeAPI.Execute(["v1.sketch.getGeometry",[{"id":1776}]])
[0m[0;32m[2026-09-16 12:54:04.956][VERB] RETURN: {"result":{"circles":[],"lines":["$1782","$1786","$1792","$1798"],"arcs":[],"points":["$1814"]}}
[0m[0;32m[2026-09-16 12:54:04.981][VERB] COMMANDCALL: _C.SafeAPI.Execute(["v1.sketch.getPositions",[{"id":1782}]])
[0m[0;32m[2026-09-16 12:54:04.981][VERB] RETURN: {"result":{"endPos":{"z":-1.3,"y":30,"x":92.5},"startPos":{"z":-1.3,"y":30,"x":88.05}}}
[0m[0;32m[2026-09-16 12:54:05.006][VERB] COMMANDCALL: _C.SafeAPI.Execute(["v1.sketch.getPoints",[{"id":1782}]])
[0m[0;32m[2026-09-16 12:54:05.006][VERB] RETURN: {"result":{"endId":"$1784","startId":"$1783"}}
[0m[0;32m[2026-09-16 12:54:05.031][VERB] COMMANDCALL: _C.SafeAPI.Execute(["v1.sketch.getPositions",[{"id":1786}]])
[0m[0;32m[2026-09-16 12:54:05.031][VERB] RETURN: {"result":{"endPos":{"z":-1.3,"y":41.3,"x":92.5},"startPos":{"z":-1.3,"y":30,"x":92.5}}}
[0m[0;32m[2026-09-16 12:54:05.056][VERB] COMMANDCALL: _C.SafeAPI.Execute(["v1.sketch.getPoints",[{"id":1786}]])
[0m[0;32m[2026-09-16 12:54:05.056][VERB] RETURN: {"result":{"endId":"$1788","startId":"$1787"}}
[0m[0;32m[2026-09-16 12:54:05.081][VERB] COMMANDCALL: _C.SafeAPI.Execute(["v1.sketch.getPositions",[{"id":1792}]])
[0m[0;32m[2026-09-16 12:54:05.081][VERB] RETURN: {"result":{"endPos":{"z":-1.3,"y":41.3,"x":88.05},"startPos":{"z":-1.3,"y":41.3,"x":92.5}}}
[0m[0;32m[2026-09-16 12:54:05.107][VERB] COMMANDCALL: _C.SafeAPI.Execute(["v1.sketch.getPoints",[{"id":1792}]])
[0m[0;32m[2026-09-16 12:54:05.107][VERB] RETURN: {"result":{"endId":"$1794","startId":"$1793"}}
[0m[0;32m[2026-09-16 12:54:05.131][VERB] COMMANDCALL: _C.SafeAPI.Execute(["v1.sketch.getPositions",[{"id":1798}]])
[0m[0;32m[2026-09-16 12:54:05.131][VERB] RETURN: {"result":{"endPos":{"z":-1.3,"y":30,"x":88.05},"startPos":{"z":-1.3,"y":41.3,"x":88.05}}}
[0m[0;32m[2026-09-16 12:54:05.156][VERB] COMMANDCALL: _C.SafeAPI.Execute(["v1.sketch.getPoints",[{"id":1798}]])
[0m[0;32m[2026-09-16 12:54:05.156][VERB] RETURN: {"result":{"endId":"$1800","startId":"$1799"}}
[0m[0;32m[2026-09-16 12:54:05.181][VERB] COMMANDCALL: _C.SafeAPI.Execute(["v1.sketch.getPositions",[{"id":1814}]])
[0m[0;32m[2026-09-16 12:54:05.181][VERB] RETURN: {"result":{"pos":{"z":-1.3,"y":-1000,"x":-1000}}}
[0m[0;32m[2026-09-16 12:54:05.206][VERB] COMMANDCALL: _C.SafeAPI.Execute(["v1.sketch.getGeometry",[{"id":1885}]])
[0m[0;32m[2026-09-16 12:54:05.206][VERB] RETURN: {"result":{"circles":[],"lines":["$1891","$1895","$1901","$1907"],"arcs":[],"points":["$1923"]}}
[0m[0;32m[2026-09-16 12:54:05.231][VERB] COMMANDCALL: _C.SafeAPI.Execute(["v1.sketch.getPositions",[{"id":1891}]])
[0m[0;32m[2026-09-16 12:54:05.231][VERB] RETURN: {"result":{"endPos":{"z":16.5,"y":30,"x":92.5},"startPos":{"z":16.5,"y":30,"x":88.05}}}
[0m[0;32m[2026-09-16 12:54:05.258][VERB] COMMANDCALL: _C.SafeAPI.Execute(["v1.sketch.getPoints",[{"id":1891}]])
[0m[0;32m[2026-09-16 12:54:05.258][VERB] RETURN: {"result":{"endId":"$1893","startId":"$1892"}}
[0m[0;32m[2026-09-16 12:54:05.283][VERB] COMMANDCALL: _C.SafeAPI.Execute(["v1.sketch.getPositions",[{"id":1895}]])
[0m[0;32m[2026-09-16 12:54:05.283][VERB] RETURN: {"result":{"endPos":{"z":16.5,"y":38,"x":92.5},"startPos":{"z":16.5,"y":30,"x":92.5}}}
[0m[0;32m[2026-09-16 12:54:05.308][VERB] COMMANDCALL: _C.SafeAPI.Execute(["v1.sketch.getPoints",[{"id":1895}]])
[0m[0;32m[2026-09-16 12:54:05.308][VERB] RETURN: {"result":{"endId":"$1897","startId":"$1896"}}
[0m[0;32m[2026-09-16 12:54:05.333][VERB] COMMANDCALL: _C.SafeAPI.Execute(["v1.sketch.getPositions",[{"id":1901}]])
[0m[0;32m[2026-09-16 12:54:05.334][VERB] RETURN: {"result":{"endPos":{"z":16.5,"y":38,"x":88.05},"startPos":{"z":16.5,"y":38,"x":92.5}}}
[0m[0;32m[2026-09-16 12:54:05.359][VERB] COMMANDCALL: _C.SafeAPI.Execute(["v1.sketch.getPoints",[{"id":1901}]])
[0m[0;32m[2026-09-16 12:54:05.359][VERB] RETURN: {"result":{"endId":"$1903","startId":"$1902"}}
[0m[0;32m[2026-09-16 12:54:05.384][VERB] COMMANDCALL: _C.SafeAPI.Execute(["v1.sketch.getPositions",[{"id":1907}]])
[0m[0;32m[2026-09-16 12:54:05.384][VERB] RETURN: {"result":{"endPos":{"z":16.5,"y":30,"x":88.05},"startPos":{"z":16.5,"y":38,"x":88.05}}}
[0m[0;32m[2026-09-16 12:54:05.409][VERB] COMMANDCALL: _C.SafeAPI.Execute(["v1.sketch.getPoints",[{"id":1907}]])
[0m[0;32m[2026-09-16 12:54:05.409][VERB] RETURN: {"result":{"endId":"$1909","startId":"$1908"}}
[0m[0;32m[2026-09-16 12:54:05.434][VERB] COMMANDCALL: _C.SafeAPI.Execute(["v1.sketch.getPositions",[{"id":1923}]])
[0m[0;32m[2026-09-16 12:54:05.434][VERB] RETURN: {"result":{"pos":{"z":16.5,"y":-1000,"x":-1000}}}
[0m[0;32m[2026-09-16 12:54:05.459][VERB] COMMANDCALL: _C.SafeAPI.Execute(["v1.sketch.getGeometry",[{"id":1994}]])
[0m[0;32m[2026-09-16 12:54:05.460][VERB] RETURN: {"result":{"circles":[],"lines":["$2000","$2004","$2010","$2016"],"arcs":[],"points":["$2032"]}}
[0m[0;32m[2026-09-16 12:54:05.485][VERB] COMMANDCALL: _C.SafeAPI.Execute(["v1.sketch.getPositions",[{"id":2000}]])
[0m[0;32m[2026-09-16 12:54:05.485][VERB] RETURN: {"result":{"endPos":{"z":-1.3,"y":40.8,"x":63.1},"startPos":{"z":-1.3,"y":40.8,"x":59.1}}}
[0m[0;32m[2026-09-16 12:54:05.510][VERB] COMMANDCALL: _C.SafeAPI.Execute(["v1.sketch.getPoints",[{"id":2000}]])
[0m[0;32m[2026-09-16 12:54:05.510][VERB] RETURN: {"result":{"endId":"$2002","startId":"$2001"}}
[0m[0;32m[2026-09-16 12:54:05.536][VERB] COMMANDCALL: _C.SafeAPI.Execute(["v1.sketch.getPositions",[{"id":2004}]])
[0m[0;32m[2026-09-16 12:54:05.536][VERB] RETURN: {"result":{"endPos":{"z":-1.3,"y":44.8,"x":63.1},"startPos":{"z":-1.3,"y":40.8,"x":63.1}}}
[0m[0;32m[2026-09-16 12:54:05.561][VERB] COMMANDCALL: _C.SafeAPI.Execute(["v1.sketch.getPoints",[{"id":2004}]])
[0m[0;32m[2026-09-16 12:54:05.561][VERB] RETURN: {"result":{"endId":"$2006","startId":"$2005"}}
[0m[0;32m[2026-09-16 12:54:05.586][VERB] COMMANDCALL: _C.SafeAPI.Execute(["v1.sketch.getPositions",[{"id":2010}]])
[0m[0;32m[2026-09-16 12:54:05.586][VERB] RETURN: {"result":{"endPos":{"z":-1.3,"y":44.8,"x":59.1},"startPos":{"z":-1.3,"y":44.8,"x":63.1}}}
[0m[0;32m[2026-09-16 12:54:05.612][VERB] COMMANDCALL: _C.SafeAPI.Execute(["v1.sketch.getPoints",[{"id":2010}]])
[0m[0;32m[2026-09-16 12:54:05.612][VERB] RETURN: {"result":{"endId":"$2012","startId":"$2011"}}
[0m[0;32m[2026-09-16 12:54:05.637][VERB] COMMANDCALL: _C.SafeAPI.Execute(["v1.sketch.getPositions",[{"id":2016}]])
[0m[0;32m[2026-09-16 12:54:05.637][VERB] RETURN: {"result":{"endPos":{"z":-1.3,"y":40.8,"x":59.1},"startPos":{"z":-1.3,"y":44.8,"x":59.1}}}
[0m[0;32m[2026-09-16 12:54:05.662][VERB] COMMANDCALL: _C.SafeAPI.Execute(["v1.sketch.getPoints",[{"id":2016}]])
[0m[0;32m[2026-09-16 12:54:05.662][VERB] RETURN: {"result":{"endId":"$2018","startId":"$2017"}}
[0m[0;32m[2026-09-16 12:54:05.688][VERB] COMMANDCALL: _C.SafeAPI.Execute(["v1.sketch.getPositions",[{"id":2032}]])
[0m[0;32m[2026-09-16 12:54:05.688][VERB] RETURN: {"result":{"pos":{"z":-1.3,"y":-1000,"x":-1000}}}
[0m[0;32m[2026-09-16 12:54:05.713][VERB] COMMANDCALL: _C.SafeAPI.Execute(["v1.sketch.getGeometry",[{"id":2103}]])
[0m[0;32m[2026-09-16 12:54:05.713][VERB] RETURN: {"result":{"circles":["$2109"],"lines":[],"arcs":[],"points":["$2112"]}}
[0m[0;32m[2026-09-16 12:54:05.738][VERB] COMMANDCALL: _C.SafeAPI.Execute(["v1.sketch.getPoints",[{"id":2109}]])
[0m[0;32m[2026-09-16 12:54:05.738][VERB] RETURN: {"result":{"centerId":"$2110"}}
[0m[0;32m[2026-09-16 12:54:05.763][VERB] COMMANDCALL: _C.SafeAPI.Execute(["v1.sketch.getPositions",[{"id":2110}]])
[0m[0;32m[2026-09-16 12:54:05.763][VERB] RETURN: {"result":{"pos":{"z":-1.4,"y":44.8,"x":63.1}}}
[0m[0;32m[2026-09-16 12:54:05.788][VERB] COMMANDCALL: _C.SafeAPI.Execute(["v1.sketch.getPositions",[{"id":2112}]])
[0m[0;32m[2026-09-16 12:54:05.788][VERB] RETURN: {"result":{"pos":{"z":-1.4,"y":-1000,"x":-1000}}}
[0m[0;32m[2026-09-16 12:54:05.813][VERB] COMMANDCALL: _C.SafeAPI.Execute(["v1.sketch.getGeometry",[{"id":2176}]])
[0m[0;32m[2026-09-16 12:54:05.813][VERB] RETURN: {"result":{"circles":[],"lines":["$2182","$2186","$2192","$2198"],"arcs":[],"points":["$2214"]}}
[0m[0;32m[2026-09-16 12:54:05.839][VERB] COMMANDCALL: _C.SafeAPI.Execute(["v1.sketch.getPositions",[{"id":2182}]])
[0m[0;32m[2026-09-16 12:54:05.839][VERB] RETURN: {"result":{"endPos":{"z":-1.3,"y":16.1,"x":46.1},"startPos":{"z":-1.3,"y":16.1,"x":42.1}}}
[0m[0;32m[2026-09-16 12:54:05.864][VERB] COMMANDCALL: _C.SafeAPI.Execute(["v1.sketch.getPoints",[{"id":2182}]])
[0m[0;32m[2026-09-16 12:54:05.865][VERB] RETURN: {"result":{"endId":"$2184","startId":"$2183"}}
[0m[0;32m[2026-09-16 12:54:05.889][VERB] COMMANDCALL: _C.SafeAPI.Execute(["v1.sketch.getPositions",[{"id":2186}]])
[0m[0;32m[2026-09-16 12:54:05.890][VERB] RETURN: {"result":{"endPos":{"z":-1.3,"y":20.1,"x":46.1},"startPos":{"z":-1.3,"y":16.1,"x":46.1}}}
[0m[0;32m[2026-09-16 12:54:05.915][VERB] COMMANDCALL: _C.SafeAPI.Execute(["v1.sketch.getPoints",[{"id":2186}]])
[0m[0;32m[2026-09-16 12:54:05.915][VERB] RETURN: {"result":{"endId":"$2188","startId":"$2187"}}
[0m[0;32m[2026-09-16 12:54:05.940][VERB] COMMANDCALL: _C.SafeAPI.Execute(["v1.sketch.getPositions",[{"id":2192}]])
[0m[0;32m[2026-09-16 12:54:05.940][VERB] RETURN: {"result":{"endPos":{"z":-1.3,"y":20.1,"x":42.1},"startPos":{"z":-1.3,"y":20.1,"x":46.1}}}
[0m[0;32m[2026-09-16 12:54:05.965][VERB] COMMANDCALL: _C.SafeAPI.Execute(["v1.sketch.getPoints",[{"id":2192}]])
[0m[0;32m[2026-09-16 12:54:05.966][VERB] RETURN: {"result":{"endId":"$2194","startId":"$2193"}}
[0m[0;32m[2026-09-16 12:54:05.991][VERB] COMMANDCALL: _C.SafeAPI.Execute(["v1.sketch.getPositions",[{"id":2198}]])
[0m[0;32m[2026-09-16 12:54:05.991][VERB] RETURN: {"result":{"endPos":{"z":-1.3,"y":16.1,"x":42.1},"startPos":{"z":-1.3,"y":20.1,"x":42.1}}}
[0m[0;32m[2026-09-16 12:54:06.016][VERB] COMMANDCALL: _C.SafeAPI.Execute(["v1.sketch.getPoints",[{"id":2198}]])
[0m[0;32m[2026-09-16 12:54:06.016][VERB] RETURN: {"result":{"endId":"$2200","startId":"$2199"}}
[0m[0;32m[2026-09-16 12:54:06.041][VERB] COMMANDCALL: _C.SafeAPI.Execute(["v1.sketch.getPositions",[{"id":2214}]])
[0m[0;32m[2026-09-16 12:54:06.041][VERB] RETURN: {"result":{"pos":{"z":-1.3,"y":-1000,"x":-1000}}}
[0m[0;32m[2026-09-16 12:54:06.066][VERB] COMMANDCALL: _C.SafeAPI.Execute(["v1.sketch.getGeometry",[{"id":2285}]])
[0m[0;32m[2026-09-16 12:54:06.067][VERB] RETURN: {"result":{"circles":["$2291"],"lines":[],"arcs":[],"points":["$2294"]}}
[0m[0;32m[2026-09-16 12:54:06.091][VERB] COMMANDCALL: _C.SafeAPI.Execute(["v1.sketch.getPoints",[{"id":2291}]])
[0m[0;32m[2026-09-16 12:54:06.091][VERB] RETURN: {"result":{"centerId":"$2292"}}
[0m[0;32m[2026-09-16 12:54:06.117][VERB] COMMANDCALL: _C.SafeAPI.Execute(["v1.sketch.getPositions",[{"id":2292}]])
[0m[0;32m[2026-09-16 12:54:06.117][VERB] RETURN: {"result":{"pos":{"z":-1.4,"y":16.1,"x":42.1}}}
[0m[0;32m[2026-09-16 12:54:06.142][VERB] COMMANDCALL: _C.SafeAPI.Execute(["v1.sketch.getPositions",[{"id":2294}]])
[0m[0;32m[2026-09-16 12:54:06.142][VERB] RETURN: {"result":{"pos":{"z":-1.4,"y":-1000,"x":-1000}}}
[0m[0;32m[2026-09-16 12:54:06.168][VERB] COMMANDCALL: _C.SafeAPI.Execute(["v1.sketch.getGeometry",[{"id":2358}]])
[0m[0;32m[2026-09-16 12:54:06.168][VERB] RETURN: {"result":{"circles":["$2364"],"lines":[],"arcs":[],"points":["$2367"]}}
[0m[0;32m[2026-09-16 12:54:06.193][VERB] COMMANDCALL: _C.SafeAPI.Execute(["v1.sketch.getPoints",[{"id":2364}]])
[0m[0;32m[2026-09-16 12:54:06.194][VERB] RETURN: {"result":{"centerId":"$2365"}}
[0m[0;32m[2026-09-16 12:54:06.219][VERB] COMMANDCALL: _C.SafeAPI.Execute(["v1.sketch.getPositions",[{"id":2365}]])
[0m[0;32m[2026-09-16 12:54:06.219][VERB] RETURN: {"result":{"pos":{"z":-1.3,"y":38.9,"x":86.8}}}
[0m[0;32m[2026-09-16 12:54:06.244][VERB] COMMANDCALL: _C.SafeAPI.Execute(["v1.sketch.getPositions",[{"id":2367}]])
[0m[0;32m[2026-09-16 12:54:06.244][VERB] RETURN: {"result":{"pos":{"z":-1.3,"y":-1000,"x":-1000}}}
[0m[0;32m[2026-09-16 12:54:06.271][VERB] COMMANDCALL: _C.SafeAPI.Execute(["v1.sketch.getGeometry",[{"id":2413}]])
[0m[0;32m[2026-09-16 12:54:06.271][VERB] RETURN: {"result":{"circles":[],"lines":["$2419","$2423","$2429","$2435"],"arcs":[],"points":["$2451"]}}
[0m[0;32m[2026-09-16 12:54:06.297][VERB] COMMANDCALL: _C.SafeAPI.Execute(["v1.sketch.getPositions",[{"id":2419}]])
[0m[0;32m[2026-09-16 12:54:06.297][VERB] RETURN: {"result":{"endPos":{"z":-1.3,"y":30,"x":92.5},"startPos":{"z":-1.3,"y":30,"x":86.8}}}
[0m[0;32m[2026-09-16 12:54:06.323][VERB] COMMANDCALL: _C.SafeAPI.Execute(["v1.sketch.getPoints",[{"id":2419}]])
[0m[0;32m[2026-09-16 12:54:06.323][VERB] RETURN: {"result":{"endId":"$2421","startId":"$2420"}}
[0m[0;32m[2026-09-16 12:54:06.349][VERB] COMMANDCALL: _C.SafeAPI.Execute(["v1.sketch.getPositions",[{"id":2423}]])
[0m[0;32m[2026-09-16 12:54:06.349][VERB] RETURN: {"result":{"endPos":{"z":-1.3,"y":43,"x":92.5},"startPos":{"z":-1.3,"y":30,"x":92.5}}}
[0m[0;32m[2026-09-16 12:54:06.375][VERB] COMMANDCALL: _C.SafeAPI.Execute(["v1.sketch.getPoints",[{"id":2423}]])
[0m[0;32m[2026-09-16 12:54:06.375][VERB] RETURN: {"result":{"endId":"$2425","startId":"$2424"}}
[0m[0;32m[2026-09-16 12:54:06.401][VERB] COMMANDCALL: _C.SafeAPI.Execute(["v1.sketch.getPositions",[{"id":2429}]])
[0m[0;32m[2026-09-16 12:54:06.401][VERB] RETURN: {"result":{"endPos":{"z":-1.3,"y":43,"x":86.8},"startPos":{"z":-1.3,"y":43,"x":92.5}}}
[0m[0;32m[2026-09-16 12:54:06.426][VERB] COMMANDCALL: _C.SafeAPI.Execute(["v1.sketch.getPoints",[{"id":2429}]])
[0m[0;32m[2026-09-16 12:54:06.426][VERB] RETURN: {"result":{"endId":"$2431","startId":"$2430"}}
[0m[0;32m[2026-09-16 12:54:06.452][VERB] COMMANDCALL: _C.SafeAPI.Execute(["v1.sketch.getPositions",[{"id":2435}]])
[0m[0;32m[2026-09-16 12:54:06.452][VERB] RETURN: {"result":{"endPos":{"z":-1.3,"y":30,"x":86.8},"startPos":{"z":-1.3,"y":43,"x":86.8}}}
[0m[0;32m[2026-09-16 12:54:06.477][VERB] COMMANDCALL: _C.SafeAPI.Execute(["v1.sketch.getPoints",[{"id":2435}]])
[0m[0;32m[2026-09-16 12:54:06.478][VERB] RETURN: {"result":{"endId":"$2437","startId":"$2436"}}
[0m[0;32m[2026-09-16 12:54:06.503][VERB] COMMANDCALL: _C.SafeAPI.Execute(["v1.sketch.getPositions",[{"id":2451}]])
[0m[0;32m[2026-09-16 12:54:06.503][VERB] RETURN: {"result":{"pos":{"z":-1.3,"y":-1000,"x":-1000}}}
[0m[0;32m[2026-09-16 12:54:06.529][VERB] COMMANDCALL: _C.SafeAPI.Execute(["v1.sketch.getGeometry",[{"id":3508}]])
[0m[0;32m[2026-09-16 12:54:06.529][VERB] RETURN: {"result":{"circles":[],"lines":["$3518","$3538","$3558","$3578","$3598","$3618","$3638","$3658"],"arcs":[],"points":["$3514"]}}
[0m[0;32m[2026-09-16 12:54:06.555][VERB] COMMANDCALL: _C.SafeAPI.Execute(["v1.sketch.getPositions",[{"id":3518}]])
[0m[0;32m[2026-09-16 12:54:06.555][VERB] RETURN: {"result":{"endPos":{"z":0,"y":1.6,"x":53},"startPos":{"z":0,"y":1.6,"x":2.1}}}
[0m[0;32m[2026-09-16 12:54:06.581][VERB] COMMANDCALL: _C.SafeAPI.Execute(["v1.sketch.getPoints",[{"id":3518}]])
[0m[0;32m[2026-09-16 12:54:06.581][VERB] RETURN: {"result":{"endId":"$3520","startId":"$3519"}}
[0m[0;32m[2026-09-16 12:54:06.606][VERB] COMMANDCALL: _C.SafeAPI.Execute(["v1.sketch.getPositions",[{"id":3538}]])
[0m[0;32m[2026-09-16 12:54:06.606][VERB] RETURN: {"result":{"endPos":{"z":0,"y":2.1,"x":53.5},"startPos":{"z":0,"y":1.6,"x":53}}}
[0m[0;32m[2026-09-16 12:54:06.632][VERB] COMMANDCALL: _C.SafeAPI.Execute(["v1.sketch.getPoints",[{"id":3538}]])
[0m[0;32m[2026-09-16 12:54:06.632][VERB] RETURN: {"result":{"endId":"$3540","startId":"$3539"}}
[0m[0;32m[2026-09-16 12:54:06.657][VERB] COMMANDCALL: _C.SafeAPI.Execute(["v1.sketch.getPositions",[{"id":3558}]])
[0m[0;32m[2026-09-16 12:54:06.658][VERB] RETURN: {"result":{"endPos":{"z":0,"y":25.1,"x":53.5},"startPos":{"z":0,"y":2.1,"x":53.5}}}
[0m[0;32m[2026-09-16 12:54:06.683][VERB] COMMANDCALL: _C.SafeAPI.Execute(["v1.sketch.getPoints",[{"id":3558}]])
[0m[0;32m[2026-09-16 12:54:06.683][VERB] RETURN: {"result":{"endId":"$3560","startId":"$3559"}}
[0m[0;32m[2026-09-16 12:54:06.709][VERB] COMMANDCALL: _C.SafeAPI.Execute(["v1.sketch.getPositions",[{"id":3578}]])
[0m[0;32m[2026-09-16 12:54:06.709][VERB] RETURN: {"result":{"endPos":{"z":0,"y":25.6,"x":53},"startPos":{"z":0,"y":25.1,"x":53.5}}}
[0m[0;32m[2026-09-16 12:54:06.734][VERB] COMMANDCALL: _C.SafeAPI.Execute(["v1.sketch.getPoints",[{"id":3578}]])
[0m[0;32m[2026-09-16 12:54:06.734][VERB] RETURN: {"result":{"endId":"$3580","startId":"$3579"}}
[0m[0;32m[2026-09-16 12:54:06.759][VERB] COMMANDCALL: _C.SafeAPI.Execute(["v1.sketch.getPositions",[{"id":3598}]])
[0m[0;32m[2026-09-16 12:54:06.760][VERB] RETURN: {"result":{"endPos":{"z":0,"y":25.6,"x":2.1},"startPos":{"z":0,"y":25.6,"x":53}}}
[0m[0;32m[2026-09-16 12:54:06.784][VERB] COMMANDCALL: _C.SafeAPI.Execute(["v1.sketch.getPoints",[{"id":3598}]])
[0m[0;32m[2026-09-16 12:54:06.785][VERB] RETURN: {"result":{"endId":"$3600","startId":"$3599"}}
[0m[0;32m[2026-09-16 12:54:06.810][VERB] COMMANDCALL: _C.SafeAPI.Execute(["v1.sketch.getPositions",[{"id":3618}]])
[0m[0;32m[2026-09-16 12:54:06.810][VERB] RETURN: {"result":{"endPos":{"z":0,"y":25.1,"x":1.6},"startPos":{"z":0,"y":25.6,"x":2.1}}}
[0m[0;32m[2026-09-16 12:54:06.834][VERB] COMMANDCALL: _C.SafeAPI.Execute(["v1.sketch.getPoints",[{"id":3618}]])
[0m[0;32m[2026-09-16 12:54:06.834][VERB] RETURN: {"result":{"endId":"$3620","startId":"$3619"}}
[0m[0;32m[2026-09-16 12:54:06.860][VERB] COMMANDCALL: _C.SafeAPI.Execute(["v1.sketch.getPositions",[{"id":3638}]])
[0m[0;32m[2026-09-16 12:54:06.860][VERB] RETURN: {"result":{"endPos":{"z":0,"y":2.1,"x":1.6},"startPos":{"z":0,"y":25.1,"x":1.6}}}
[0m[0;32m[2026-09-16 12:54:06.885][VERB] COMMANDCALL: _C.SafeAPI.Execute(["v1.sketch.getPoints",[{"id":3638}]])
[0m[0;32m[2026-09-16 12:54:06.885][VERB] RETURN: {"result":{"endId":"$3640","startId":"$3639"}}
[0m[0;32m[2026-09-16 12:54:06.910][VERB] COMMANDCALL: _C.SafeAPI.Execute(["v1.sketch.getPositions",[{"id":3658}]])
[0m[0;32m[2026-09-16 12:54:06.910][VERB] RETURN: {"result":{"endPos":{"z":0,"y":1.6,"x":2.1},"startPos":{"z":0,"y":2.1,"x":1.6}}}
[0m[0;32m[2026-09-16 12:54:06.935][VERB] COMMANDCALL: _C.SafeAPI.Execute(["v1.sketch.getPoints",[{"id":3658}]])
[0m[0;32m[2026-09-16 12:54:06.935][VERB] RETURN: {"result":{"endId":"$3660","startId":"$3659"}}
[0m[0;32m[2026-09-16 12:54:06.961][VERB] COMMANDCALL: _C.SafeAPI.Execute(["v1.sketch.getPositions",[{"id":3514}]])
[0m[0;32m[2026-09-16 12:54:06.961][VERB] RETURN: {"result":{"pos":{"z":0,"y":-1000,"x":-1000}}}
[0m[0;32m[2026-09-16 12:54:06.988][VERB] COMMANDCALL: _C.SafeAPI.Execute(["v1.sketch.getGeometry",[{"id":4157}]])
[0m[0;32m[2026-09-16 12:54:06.988][VERB] RETURN: {"result":{"circles":[],"lines":["$4167","$4187","$4207","$4227","$4247","$4267","$4287","$4307"],"arcs":[],"points":["$4163"]}}
[0m[0;32m[2026-09-16 12:54:07.014][VERB] COMMANDCALL: _C.SafeAPI.Execute(["v1.sketch.getPositions",[{"id":4167}]])
[0m[0;32m[2026-09-16 12:54:07.014][VERB] RETURN: {"result":{"endPos":{"z":0,"y":23,"x":54.7},"startPos":{"z":0,"y":23,"x":2.1}}}
[0m[0;32m[2026-09-16 12:54:07.039][VERB] COMMANDCALL: _C.SafeAPI.Execute(["v1.sketch.getPoints",[{"id":4167}]])
[0m[0;32m[2026-09-16 12:54:07.039][VERB] RETURN: {"result":{"endId":"$4169","startId":"$4168"}}
[0m[0;32m[2026-09-16 12:54:07.064][VERB] COMMANDCALL: _C.SafeAPI.Execute(["v1.sketch.getPositions",[{"id":4187}]])
[0m[0;32m[2026-09-16 12:54:07.064][VERB] RETURN: {"result":{"endPos":{"z":0,"y":23.5,"x":55.2},"startPos":{"z":0,"y":23,"x":54.7}}}
[0m[0;32m[2026-09-16 12:54:07.089][VERB] COMMANDCALL: _C.SafeAPI.Execute(["v1.sketch.getPoints",[{"id":4187}]])
[0m[0;32m[2026-09-16 12:54:07.089][VERB] RETURN: {"result":{"endId":"$4189","startId":"$4188"}}
[0m[0;32m[2026-09-16 12:54:07.114][VERB] COMMANDCALL: _C.SafeAPI.Execute(["v1.sketch.getPositions",[{"id":4207}]])
[0m[0;32m[2026-09-16 12:54:07.115][VERB] RETURN: {"result":{"endPos":{"z":0,"y":61.9,"x":55.2},"startPos":{"z":0,"y":23.5,"x":55.2}}}
[0m[0;32m[2026-09-16 12:54:07.141][VERB] COMMANDCALL: _C.SafeAPI.Execute(["v1.sketch.getPoints",[{"id":4207}]])
[0m[0;32m[2026-09-16 12:54:07.141][VERB] RETURN: {"result":{"endId":"$4209","startId":"$4208"}}
[0m[0;32m[2026-09-16 12:54:07.166][VERB] COMMANDCALL: _C.SafeAPI.Execute(["v1.sketch.getPositions",[{"id":4227}]])
[0m[0;32m[2026-09-16 12:54:07.166][VERB] RETURN: {"result":{"endPos":{"z":0,"y":62.4,"x":54.7},"startPos":{"z":0,"y":61.9,"x":55.2}}}
[0m[0;32m[2026-09-16 12:54:07.191][VERB] COMMANDCALL: _C.SafeAPI.Execute(["v1.sketch.getPoints",[{"id":4227}]])
[0m[0;32m[2026-09-16 12:54:07.191][VERB] RETURN: {"result":{"endId":"$4229","startId":"$4228"}}
[0m[0;32m[2026-09-16 12:54:07.216][VERB] COMMANDCALL: _C.SafeAPI.Execute(["v1.sketch.getPositions",[{"id":4247}]])
[0m[0;32m[2026-09-16 12:54:07.216][VERB] RETURN: {"result":{"endPos":{"z":0,"y":62.4,"x":2.1},"startPos":{"z":0,"y":62.4,"x":54.7}}}
[0m[0;32m[2026-09-16 12:54:07.241][VERB] COMMANDCALL: _C.SafeAPI.Execute(["v1.sketch.getPoints",[{"id":4247}]])
[0m[0;32m[2026-09-16 12:54:07.241][VERB] RETURN: {"result":{"endId":"$4249","startId":"$4248"}}
[0m[0;32m[2026-09-16 12:54:07.266][VERB] COMMANDCALL: _C.SafeAPI.Execute(["v1.sketch.getPositions",[{"id":4267}]])
[0m[0;32m[2026-09-16 12:54:07.266][VERB] RETURN: {"result":{"endPos":{"z":0,"y":61.9,"x":1.6},"startPos":{"z":0,"y":62.4,"x":2.1}}}
[0m[0;32m[2026-09-16 12:54:07.291][VERB] COMMANDCALL: _C.SafeAPI.Execute(["v1.sketch.getPoints",[{"id":4267}]])
[0m[0;32m[2026-09-16 12:54:07.291][VERB] RETURN: {"result":{"endId":"$4269","startId":"$4268"}}
[0m[0;32m[2026-09-16 12:54:07.318][VERB] COMMANDCALL: _C.SafeAPI.Execute(["v1.sketch.getPositions",[{"id":4287}]])
[0m[0;32m[2026-09-16 12:54:07.318][VERB] RETURN: {"result":{"endPos":{"z":0,"y":23.5,"x":1.6},"startPos":{"z":0,"y":61.9,"x":1.6}}}
[0m[0;32m[2026-09-16 12:54:07.344][VERB] COMMANDCALL: _C.SafeAPI.Execute(["v1.sketch.getPoints",[{"id":4287}]])
[0m[0;32m[2026-09-16 12:54:07.344][VERB] RETURN: {"result":{"endId":"$4289","startId":"$4288"}}
[0m[0;32m[2026-09-16 12:54:07.369][VERB] COMMANDCALL: _C.SafeAPI.Execute(["v1.sketch.getPositions",[{"id":4307}]])
[0m[0;32m[2026-09-16 12:54:07.369][VERB] RETURN: {"result":{"endPos":{"z":0,"y":23,"x":2.1},"startPos":{"z":0,"y":23.5,"x":1.6}}}
[0m[0;32m[2026-09-16 12:54:07.394][VERB] COMMANDCALL: _C.SafeAPI.Execute(["v1.sketch.getPoints",[{"id":4307}]])
[0m[0;32m[2026-09-16 12:54:07.394][VERB] RETURN: {"result":{"endId":"$4309","startId":"$4308"}}
[0m[0;32m[2026-09-16 12:54:07.419][VERB] COMMANDCALL: _C.SafeAPI.Execute(["v1.sketch.getPositions",[{"id":4163}]])
[0m[0;32m[2026-09-16 12:54:07.420][VERB] RETURN: {"result":{"pos":{"z":0,"y":-1000,"x":-1000}}}
[0m[0;32m[2026-09-16 12:54:07.935][VERB] COMMANDCALL: _C.SafeAPI.Execute(["v1.common.save",[{"stp":{"version":2},"format":"STP","encoding":"base64"}]])
[0m[0;31m[2026-09-16 12:54:07.936][ERROR] [Evaluation error in CommonAPI_v1.save::PROC:[CCVM::ldm: objId not found]] 
[0m[0;32m[2026-09-16 12:54:07.964][VERB] RETURN: {"maxLevel":51,"messages":[{"message":"[Evaluation error in CommonAPI_v1.save::PROC:[CCVM::ldm: objId not found]] ","code":0,"level":51,"api":"v1.common.save","levelStr":"ERROR"}],"result":{"content":"SVNPLTEwMzAzLTIxOwpIRUFERVI7CkZJTEVfREVTQ1JJUFRJT04oKCdTVEVQJyksICcxJyk7CkZJTEVfTkFNRS ...
[0m[0;32m[2026-09-16 12:54:07.991][VERB] COMMANDCALL: _C.SafeAPI.Execute(["v1.common.save",[{"format":"OFB","encoding":"base64"}]])
[0m[0;32m[2026-09-16 12:54:07.993][VERB] GetStateId with StateId=060d52e9-7431-4084-8fab-8adb00db6739
[0m[0;32m[2026-09-16 12:54:08.046][VERB] RETURN: {"maxLevel":31,"messages":[{"message":"GetStateId with StateId=060d52e9-7431-4084-8fab-8adb00db6739\n","code":0,"level":31,"api":"v1.common.save","levelStr":"INFO"}],"result":{"content":"AQJjbGFzc2NhZAIBClZlcnNpb249MTEKQXBwbGljYXRpb25DbGFzcz1CdWVybGlEZW1vQXBwCkFwcGxpY2F0aW9uRXhlYz1jbGFz ...
[0m[0;32m[2026-09-16 12:54:08.077][VERB] COMMANDCALL: _C.SafeAPI.Execute(["v1.common.clear",[{}]])
[0m[0;32m[2026-09-16 12:54:08.088][VERB] RETURN: {"result":null}
[0m[2026-09-16 12:54:08.088][DEBUG] Build graphic in: 0ms
[0;32m[2026-09-16 12:54:08.089][VERB] 0x0 SetZeichnung
[0m[0;32m[2026-09-16 12:54:08.089][VERB] 0x7692c70f00 Delete Zeichnung
[0m
