ISO-10303-21;
HEADER;
FILE_DESCRIPTION(('STEP'), '1');
FILE_NAME('Base', '2026-09-16T12:54:07', (''), (''), 'Express 3.1.3.0', 'Express Tool', 'Unknown');
FILE_SCHEMA(('AUTOMOTIVE_DESIGN'));
ENDSEC;

DATA;
#1 = BREP_WITH_VOIDS('Subtraction_0', #2, (#6134));
#2 = CLOSED_SHELL('', (#3, #95, #130, #394, #875, #907, #935, #1000, #1027, #1211, #1243, #1263, #1480, #1504, #1694, #1718, #1908, #1932, #2122, #2146, #2318, #2339, #2361, #2385, #2444, #2458, #2502, #2549, #2573, #2837, #3388, #3558, #3969, #3985, #4202, #4220, #4244, #4324, #4348, #4428, #4466, #4485, #4532, #4562, #4636, #4768, #4784, #5001, #5019, #5043, #5117, #5245, #5257, #5273, #5401, #5417, #5545, #5557, #5968));
#3 = ADVANCED_FACE('', (#4), #90, .T.);
#4 = FACE_OUTER_BOUND('', #5, .T.);
#5 = EDGE_LOOP('', (#6, #38, #47, #83));
#6 = ORIENTED_EDGE('', *, *, #7, .T.);
#7 = EDGE_CURVE('', #8, #10, #12, .T.);
#8 = VERTEX_POINT('', #9);
#9 = CARTESIAN_POINT('', (90.83, -5.33, -1.3));
#10 = VERTEX_POINT('', #11);
#11 = CARTESIAN_POINT('', (90.83, 41.33, -1.3));
#12 = B_SPLINE_CURVE_WITH_KNOTS('', 3, (#13, #14, #15, #16, #17, #18, #19, #20, #21, #22, #23, #24, #25, #26, #27, #28, #29, #30, #31, #32, #33, #34, #35, #36, #37), .UNSPECIFIED., .F., .U., (4, 3, 3, 3, 3, 3, 3, 3, 4), (26.67, 29.58625, 32.5025, 38.335, 50., 61.665, 67.4975, 70.41375, 73.33), .UNSPECIFIED.);
#13 = CARTESIAN_POINT('', (90.83, -5.33, -1.3));
#14 = CARTESIAN_POINT('', (90.83, -4.35791666666666, -1.3));
#15 = CARTESIAN_POINT('', (90.83, -3.38583333333333, -1.3));
#16 = CARTESIAN_POINT('', (90.83, -2.41375, -1.3));
#17 = CARTESIAN_POINT('', (90.83, -1.44166666666666, -1.3));
#18 = CARTESIAN_POINT('', (90.83, -0.469583333333332, -1.3));
#19 = CARTESIAN_POINT('', (90.83, 0.502500000000001, -1.3));
#20 = CARTESIAN_POINT('', (90.83, 2.44666666666667, -1.3));
#21 = CARTESIAN_POINT('', (90.83, 4.39083333333333, -1.3));
#22 = CARTESIAN_POINT('', (90.83, 6.335, -1.3));
#23 = CARTESIAN_POINT('', (90.83, 10.2233333333333, -1.3));
#24 = CARTESIAN_POINT('', (90.83, 14.1116666666667, -1.3));
#25 = CARTESIAN_POINT('', (90.83, 18., -1.3));
#26 = CARTESIAN_POINT('', (90.83, 21.8883333333333, -1.3));
#27 = CARTESIAN_POINT('', (90.83, 25.7766666666667, -1.3));
#28 = CARTESIAN_POINT('', (90.83, 29.665, -1.3));
#29 = CARTESIAN_POINT('', (90.83, 31.6091666666667, -1.3));
#30 = CARTESIAN_POINT('', (90.83, 33.5533333333333, -1.3));
#31 = CARTESIAN_POINT('', (90.83, 35.4975, -1.3));
#32 = CARTESIAN_POINT('', (90.83, 36.4695833333333, -1.3));
#33 = CARTESIAN_POINT('', (90.83, 37.4416666666667, -1.3));
#34 = CARTESIAN_POINT('', (90.83, 38.41375, -1.3));
#35 = CARTESIAN_POINT('', (90.83, 39.3858333333333, -1.3));
#36 = CARTESIAN_POINT('', (90.83, 40.3579166666667, -1.3));
#37 = CARTESIAN_POINT('', (90.83, 41.33, -1.3));
#38 = ORIENTED_EDGE('', *, *, #39, .F.);
#39 = EDGE_CURVE('', #40, #10, #42, .T.);
#40 = VERTEX_POINT('', #41);
#41 = CARTESIAN_POINT('', (92.5, 43., 0.369999999999998));
#42 = B_SPLINE_CURVE_WITH_KNOTS('', 3, (#43, #44, #45, #46), .UNSPECIFIED., .F., .U., (4, 4), (0., 2.89252484864), .UNSPECIFIED.);
#43 = CARTESIAN_POINT('', (92.5, 43., 0.369999999999998));
#44 = CARTESIAN_POINT('', (91.9433333333333, 42.4433333333333, -0.186666666666663));
#45 = CARTESIAN_POINT('', (91.3866666666667, 41.8866666666667, -0.743333333333336));
#46 = CARTESIAN_POINT('', (90.83, 41.33, -1.3));
#47 = ORIENTED_EDGE('', *, *, #48, .F.);
#48 = EDGE_CURVE('', #49, #40, #51, .T.);
#49 = VERTEX_POINT('', #50);
#50 = CARTESIAN_POINT('', (92.5, -7., 0.37));
#51 = B_SPLINE_CURVE_WITH_KNOTS('', 3, (#52, #53, #54, #55, #56, #57, #58, #59, #60, #61, #62, #63, #64, #65, #66, #67, #68, #69, #70, #71, #72, #73, #74, #75, #76, #77, #78, #79, #80, #81, #82), .UNSPECIFIED., .F., .U., (4, 3, 3, 3, 3, 3, 3, 3, 3, 3, 4), (25., 26.67, 29.58625, 32.5025, 38.335, 50., 61.665, 67.4975, 70.41375, 73.33, 75.), .UNSPECIFIED.);
#52 = CARTESIAN_POINT('', (92.5, -7., 0.37));
#53 = CARTESIAN_POINT('', (92.5, -6.44333333333333, 0.37));
#54 = CARTESIAN_POINT('', (92.5, -5.88666666666667, 0.37));
#55 = CARTESIAN_POINT('', (92.5, -5.33, 0.37));
#56 = CARTESIAN_POINT('', (92.5, -4.35791666666666, 0.37));
#57 = CARTESIAN_POINT('', (92.5, -3.38583333333333, 0.37));
#58 = CARTESIAN_POINT('', (92.5, -2.41375, 0.37));
#59 = CARTESIAN_POINT('', (92.5, -1.44166666666667, 0.37));
#60 = CARTESIAN_POINT('', (92.5, -0.469583333333332, 0.37));
#61 = CARTESIAN_POINT('', (92.5, 0.502500000000001, 0.37));
#62 = CARTESIAN_POINT('', (92.5, 2.44666666666667, 0.37));
#63 = CARTESIAN_POINT('', (92.5, 4.39083333333333, 0.37));
#64 = CARTESIAN_POINT('', (92.5, 6.335, 0.37));
#65 = CARTESIAN_POINT('', (92.5, 10.2233333333333, 0.37));
#66 = CARTESIAN_POINT('', (92.5, 14.1116666666667, 0.37));
#67 = CARTESIAN_POINT('', (92.5, 18., 0.37));
#68 = CARTESIAN_POINT('', (92.5, 21.8883333333333, 0.37));
#69 = CARTESIAN_POINT('', (92.5, 25.7766666666667, 0.37));
#70 = CARTESIAN_POINT('', (92.5, 29.665, 0.37));
#71 = CARTESIAN_POINT('', (92.5, 31.6091666666667, 0.37));
#72 = CARTESIAN_POINT('', (92.5, 33.5533333333333, 0.37));
#73 = CARTESIAN_POINT('', (92.5, 35.4975, 0.37));
#74 = CARTESIAN_POINT('', (92.5, 36.4695833333333, 0.37));
#75 = CARTESIAN_POINT('', (92.5, 37.4416666666667, 0.37));
#76 = CARTESIAN_POINT('', (92.5, 38.41375, 0.37));
#77 = CARTESIAN_POINT('', (92.5, 39.3858333333333, 0.37));
#78 = CARTESIAN_POINT('', (92.5, 40.3579166666667, 0.37));
#79 = CARTESIAN_POINT('', (92.5, 41.33, 0.37));
#80 = CARTESIAN_POINT('', (92.5, 41.8866666666667, 0.37));
#81 = CARTESIAN_POINT('', (92.5, 42.4433333333333, 0.37));
#82 = CARTESIAN_POINT('', (92.5, 43., 0.37));
#83 = ORIENTED_EDGE('', *, *, #84, .T.);
#84 = EDGE_CURVE('', #49, #8, #85, .T.);
#85 = B_SPLINE_CURVE_WITH_KNOTS('', 3, (#86, #87, #88, #89), .UNSPECIFIED., .F., .U., (4, 4), (0., 2.89252484864002), .UNSPECIFIED.);
#86 = CARTESIAN_POINT('', (92.5, -7., 0.37));
#87 = CARTESIAN_POINT('', (91.9433333333333, -6.44333333333334, -0.186666666666663));
#88 = CARTESIAN_POINT('', (91.3866666666667, -5.88666666666666, -0.743333333333335));
#89 = CARTESIAN_POINT('', (90.83, -5.33, -1.3));
#90 = B_SPLINE_SURFACE_WITH_KNOTS('', 1, 1, ((#91, #92), (#93, #94)), .UNSPECIFIED., .F., .F., .U., (2, 2), (2, 2), (25., 75.), (0., 1.), .UNSPECIFIED.);
#91 = CARTESIAN_POINT('', (90.83, -7., -1.3));
#92 = CARTESIAN_POINT('', (92.5, -7., 0.37));
#93 = CARTESIAN_POINT('', (90.8299999999995, 43., -1.3));
#94 = CARTESIAN_POINT('', (92.4999999999995, 43., 0.370000000000003));
#95 = ADVANCED_FACE('', (#96), #125, .T.);
#96 = FACE_OUTER_BOUND('', #97, .T.);
#97 = EDGE_LOOP('', (#98, #107, #114, #124));
#98 = ORIENTED_EDGE('', *, *, #99, .T.);
#99 = EDGE_CURVE('', #10, #100, #102, .T.);
#100 = VERTEX_POINT('', #101);
#101 = CARTESIAN_POINT('', (88.6547236990991, 41.33, -1.3));
#102 = B_SPLINE_CURVE_WITH_KNOTS('', 3, (#103, #104, #105, #106), .UNSPECIFIED., .F., .U., (4, 4), (4.52, 6.69527630090086), .UNSPECIFIED.);
#103 = CARTESIAN_POINT('', (90.83, 41.33, -1.3));
#104 = CARTESIAN_POINT('', (90.1049078996997, 41.33, -1.3));
#105 = CARTESIAN_POINT('', (89.3798157993994, 41.33, -1.3));
#106 = CARTESIAN_POINT('', (88.6547236990991, 41.33, -1.3));
#107 = ORIENTED_EDGE('', *, *, #108, .T.);
#108 = EDGE_CURVE('', #100, #109, #111, .T.);
#109 = VERTEX_POINT('', #110);
#110 = CARTESIAN_POINT('', (88.6547236990991, 43., 0.37));
#111 = B_SPLINE_CURVE_WITH_KNOTS('', 1, (#112, #113), .UNSPECIFIED., .F., .U., (2, 2), (0., 1.), .UNSPECIFIED.);
#112 = CARTESIAN_POINT('', (88.6547236990991, 41.33, -1.3));
#113 = CARTESIAN_POINT('', (88.6547236990991, 43., 0.37));
#114 = ORIENTED_EDGE('', *, *, #115, .F.);
#115 = EDGE_CURVE('', #40, #109, #116, .T.);
#116 = B_SPLINE_CURVE_WITH_KNOTS('', 3, (#117, #118, #119, #120, #121, #122, #123), .UNSPECIFIED., .F., .U., (4, 3, 4), (2.85, 4.52, 6.69527630090086), .UNSPECIFIED.);
#117 = CARTESIAN_POINT('', (92.5, 43., 0.37));
#118 = CARTESIAN_POINT('', (91.9433333333333, 43., 0.37));
#119 = CARTESIAN_POINT('', (91.3866666666667, 43., 0.37));
#120 = CARTESIAN_POINT('', (90.83, 43., 0.37));
#121 = CARTESIAN_POINT('', (90.1049078996997, 43., 0.37));
#122 = CARTESIAN_POINT('', (89.3798157993994, 43., 0.37));
#123 = CARTESIAN_POINT('', (88.6547236990991, 43., 0.37));
#124 = ORIENTED_EDGE('', *, *, #39, .T.);
#125 = B_SPLINE_SURFACE_WITH_KNOTS('', 1, 1, ((#126, #127), (#128, #129)), .UNSPECIFIED., .F., .F., .U., (2, 2), (2, 2), (2.85, 6.69527630090086), (0., 1.), .UNSPECIFIED.);
#126 = CARTESIAN_POINT('', (92.5, 41.33, -1.3));
#127 = CARTESIAN_POINT('', (92.5, 43., 0.37));
#128 = CARTESIAN_POINT('', (88.6547236990991, 41.33, -1.3));
#129 = CARTESIAN_POINT('', (88.6547236990991, 43., 0.37));
#130 = ADVANCED_FACE('', (#131), #146, .T.);
#131 = FACE_OUTER_BOUND('', #132, .T.);
#132 = EDGE_LOOP('', (#133, #140, #141));
#133 = ORIENTED_EDGE('', *, *, #134, .F.);
#134 = EDGE_CURVE('', #109, #135, #137, .T.);
#135 = VERTEX_POINT('', #136);
#136 = CARTESIAN_POINT('', (87.9664151263224, 41.4784444444444, -1.3));
#137 = B_SPLINE_CURVE_WITH_KNOTS('', 1, (#138, #139), .UNSPECIFIED., .F., .U., (2, 2), (0., 1.), .UNSPECIFIED.);
#138 = CARTESIAN_POINT('', (88.6547236990992, 43., 0.37));
#139 = CARTESIAN_POINT('', (87.9664151263224, 41.4784444444444, -1.3));
#140 = ORIENTED_EDGE('', *, *, #108, .F.);
#141 = ORIENTED_EDGE('', *, *, #142, .F.);
#142 = EDGE_CURVE('', #135, #100, #143, .T.);
#143 = B_SPLINE_CURVE_WITH_KNOTS('', 1, (#144, #145), .UNSPECIFIED., .F., .U., (2, 2), (0., 1.), .UNSPECIFIED.);
#144 = CARTESIAN_POINT('', (87.9664151263224, 41.4784444444444, -1.3));
#145 = CARTESIAN_POINT('', (88.6547236990991, 41.33, -1.3));
#146 = B_SPLINE_SURFACE_WITH_KNOTS('', 3, 3, ((#147, #148, #149, #150, #151, #152, #153, #154, #155, #156, #157, #158, #159, #160, #161, #162, #163, #164, #165), (#166, #167, #168, #169, #170, #171, #172, #173, #174, #175, #176, #177, #178, #179, #180, #181, #182, #183, #184), (#185, #186, #187, #188, #189, #190, #191, #192, #193, #194, #195, #196, #197, #198, #199, #200, #201, #202, #203), (#204, #205, #206, #207, #208, #209, #210, #211, #212, #213, #214, #215, #216, #217, #218, #219, #220, #221, #222), (#223, #224, #225, #226, #227, #228, #229, #230, #231, #232, #233, #234, #235, #236, #237, #238, #239, #240, #241), (#242, #243, #244, #245, #246, #247, #248, #249, #250, #251, #252, #253, #254, #255, #256, #257, #258, #259, #260), (#261, #262, #263, #264, #265, #266, #267, #268, #269, #270, #271, #272, #273, #274, #275, #276, #277, #278, #279), (#280, #281, #282, #283, #284, #285, #286, #287, #288, #289, #290, #291, #292, #293, #294, #295, #296, #297, #298), (#299, #300, #301, #302, #303, #304, #305, #306, #307, #308, #309, #310, #311, #312, #313, #314, #315, #316, #317), (#318, #319, #320, #321, #322, #323, #324, #325, #326, #327, #328, #329, #330, #331, #332, #333, #334, #335, #336), (#337, #338, #339, #340, #341, #342, #343, #344, #345, #346, #347, #348, #349, #350, #351, #352, #353, #354, #355), (#356, #357, #358, #359, #360, #361, #362, #363, #364, #365, #366, #367, #368, #369, #370, #371, #372, #373, #374), (#375, #376, #377, #378, #379, #380, #381, #382, #383, #384, #385, #386, #387, #388, #389, #390, #391, #392, #393)), .UNSPECIFIED., .F., .F., .U., (4, 3, 3, 3, 4), (4, 3, 3, 3, 3, 3, 4), (0., 0.125, 0.25, 0.5, 1.), (0., 0.125, 0.25, 0.5, 0.75, 0.875, 1.), .UNSPECIFIED.);
#147 = CARTESIAN_POINT('', (87.9664151263224, 41.4784444444444, -1.3));
#148 = CARTESIAN_POINT('', (87.9950946501881, 41.4722592592593, -1.3));
#149 = CARTESIAN_POINT('', (88.0237741740538, 41.4660740740741, -1.3));
#150 = CARTESIAN_POINT('', (88.0524536979195, 41.4598888888889, -1.3));
#151 = CARTESIAN_POINT('', (88.0811332217852, 41.4537037037037, -1.3));
#152 = CARTESIAN_POINT('', (88.1098127456509, 41.4475185185185, -1.3));
#153 = CARTESIAN_POINT('', (88.1384922695166, 41.4413333333333, -1.3));
#154 = CARTESIAN_POINT('', (88.195851317248, 41.428962962963, -1.3));
#155 = CARTESIAN_POINT('', (88.2532103649794, 41.4165925925926, -1.3));
#156 = CARTESIAN_POINT('', (88.3105694127108, 41.4042222222222, -1.3));
#157 = CARTESIAN_POINT('', (88.3679284604422, 41.3918518518519, -1.3));
#158 = CARTESIAN_POINT('', (88.4252875081736, 41.3794814814815, -1.3));
#159 = CARTESIAN_POINT('', (88.482646555905, 41.3671111111111, -1.3));
#160 = CARTESIAN_POINT('', (88.5113260797707, 41.3609259259259, -1.3));
#161 = CARTESIAN_POINT('', (88.5400056036363, 41.3547407407407, -1.3));
#162 = CARTESIAN_POINT('', (88.568685127502, 41.3485555555556, -1.3));
#163 = CARTESIAN_POINT('', (88.5973646513677, 41.3423703703704, -1.3));
#164 = CARTESIAN_POINT('', (88.6260441752334, 41.3361851851852, -1.3));
#165 = CARTESIAN_POINT('', (88.6547236990991, 41.33, -1.3));
#166 = CARTESIAN_POINT('', (87.9950946501881, 41.5418425925926, -1.23041666666667));
#167 = CARTESIAN_POINT('', (88.0237735974317, 41.5356575635373, -1.23041669841933));
#168 = CARTESIAN_POINT('', (88.0520804952196, 41.5295527687033, -1.30000005955733));
#169 = CARTESIAN_POINT('', (88.0800417024607, 41.5235225235216, -1.30000008340609));
#170 = CARTESIAN_POINT('', (88.1080029097018, 41.5174922783399, -1.30000010725485));
#171 = CARTESIAN_POINT('', (88.1356195814587, 41.5115363336322, -1.3000001271477));
#172 = CARTESIAN_POINT('', (88.1629718185133, 41.5056374143796, -1.30000014307674));
#173 = CARTESIAN_POINT('', (88.2176762926225, 41.4938395758744, -1.30000017493482));
#174 = CARTESIAN_POINT('', (88.2713043135992, 41.4822738754007, -1.30000019093764));
#175 = CARTESIAN_POINT('', (88.32490921388, 41.4707131454595, -1.30000019102197));
#176 = CARTESIAN_POINT('', (88.3785141141608, 41.4591524155183, -1.30000019110629));
#177 = CARTESIAN_POINT('', (88.4321421285402, 41.4475866846285, -1.30000017527212));
#178 = CARTESIAN_POINT('', (88.4868465896285, 41.4357887852911, -1.30000014345621));
#179 = CARTESIAN_POINT('', (88.5141988201725, 41.4298898356225, -1.30000012754825));
#180 = CARTESIAN_POINT('', (88.541815483686, 41.4239338529717, -1.30000010764486));
#181 = CARTESIAN_POINT('', (88.5697766811583, 41.4179035620888, -1.30000008373813));
#182 = CARTESIAN_POINT('', (88.5977378786307, 41.4118732712058, -1.3000000598314));
#183 = CARTESIAN_POINT('', (88.626044764894, 41.4057684232593, -1.23041669858799));
#184 = CARTESIAN_POINT('', (88.6547236990991, 41.3995833333333, -1.23041666666667));
#185 = CARTESIAN_POINT('', (88.0237741740538, 41.6052407407407, -1.16083333333333));
#186 = CARTESIAN_POINT('', (88.0508223544903, 41.5963549787732, -1.15778093180973));
#187 = CARTESIAN_POINT('', (88.0775615313927, 41.5879174086282, -1.27688091419556));
#188 = CARTESIAN_POINT('', (88.1039719699699, 41.5799322865384, -1.27459161367954));
#189 = CARTESIAN_POINT('', (88.130382408547, 41.5719471644486, -1.27230231316351));
#190 = CARTESIAN_POINT('', (88.1564661301587, 41.564414054352, -1.27039456307896));
#191 = CARTESIAN_POINT('', (88.1822974482916, 41.557316929194, -1.26886836328127));
#192 = CARTESIAN_POINT('', (88.2339600845572, 41.5431226788781, -1.2658159636859));
#193 = CARTESIAN_POINT('', (88.284580356842, 41.5306794316857, -1.26428976523796));
#194 = CARTESIAN_POINT('', (88.3354746938575, 41.5197032783212, -1.26428976678054));
#195 = CARTESIAN_POINT('', (88.386369030873, 41.5087271249568, -1.26428976832312));
#196 = CARTESIAN_POINT('', (88.4376183435097, 41.4992006153281, -1.26581596985621));
#197 = CARTESIAN_POINT('', (88.4905390607829, 41.4908398401397, -1.26886837022288));
#198 = CARTESIAN_POINT('', (88.5169994194195, 41.4866594525455, -1.27039457040621));
#199 = CARTESIAN_POINT('', (88.5438694414764, 41.4827722645385, -1.27230232029794));
#200 = CARTESIAN_POINT('', (88.5712234408039, 41.4791622486594, -1.27459161975344));
#201 = CARTESIAN_POINT('', (88.5985774401315, 41.4755522327802, -1.27688091920894));
#202 = CARTESIAN_POINT('', (88.6264174376857, 41.4722189535741, -1.15778093489489));
#203 = CARTESIAN_POINT('', (88.6547236990992, 41.4691666666667, -1.16083333333333));
#204 = CARTESIAN_POINT('', (88.0524536979195, 41.6686388888889, -1.09125));
#205 = CARTESIAN_POINT('', (88.0788154177005, 41.659978623923, -1.08827504970447));
#206 = CARTESIAN_POINT('', (88.1047229101134, 41.6517881887148, -1.24549618689747));
#207 = CARTESIAN_POINT('', (88.1301557965312, 41.6440719785861, -1.24326497409714));
#208 = CARTESIAN_POINT('', (88.1555886829489, 41.6363557684574, -1.2410337612968));
#209 = CARTESIAN_POINT('', (88.1805496164063, 41.6291132110768, -1.23917441725315));
#210 = CARTESIAN_POINT('', (88.2051416566409, 41.6223220799513, -1.23768694198433));
#211 = CARTESIAN_POINT('', (88.2543257371099, 41.6087398177005, -1.23471199144669));
#212 = CARTESIAN_POINT('', (88.3019912602269, 41.5969725311421, -1.2332245160084));
#213 = CARTESIAN_POINT('', (88.3499102249675, 41.5866380614557, -1.23322451581471));
#214 = CARTESIAN_POINT('', (88.397829189708, 41.5763035917693, -1.23322451562102));
#215 = CARTESIAN_POINT('', (88.4461077916158, 41.5673790357091, -1.23471199067194));
#216 = CARTESIAN_POINT('', (88.496518030065, 41.5594822344544, -1.23768694111274));
#217 = CARTESIAN_POINT('', (88.5217231492896, 41.5555338338271, -1.23917441633313));
#218 = CARTESIAN_POINT('', (88.5474504312424, 41.5518446897462, -1.241033760401));
#219 = CARTESIAN_POINT('', (88.5738029361383, 41.5483925751876, -1.24326497333449));
#220 = CARTESIAN_POINT('', (88.6001554410342, 41.544940460629, -1.24549618626798));
#221 = CARTESIAN_POINT('', (88.6271358213781, 41.5417248040582, -1.0882750493171));
#222 = CARTESIAN_POINT('', (88.6547236990992, 41.53875, -1.09125));
#223 = CARTESIAN_POINT('', (88.0811332217852, 41.732037037037, -1.02166666666667));
#224 = CARTESIAN_POINT('', (88.1068084809108, 41.7236022690728, -1.01876916759921));
#225 = CARTESIAN_POINT('', (88.1318842888341, 41.7156589688015, -1.21411145959937));
#226 = CARTESIAN_POINT('', (88.1563396230925, 41.7082116706339, -1.21193833451473));
#227 = CARTESIAN_POINT('', (88.1807949573509, 41.7007643724663, -1.2097652094301));
#228 = CARTESIAN_POINT('', (88.2046331026539, 41.6938123678016, -1.20795427142734));
#229 = CARTESIAN_POINT('', (88.2279858649902, 41.6873272307087, -1.20650552068739));
#230 = CARTESIAN_POINT('', (88.2746913896627, 41.6743569565228, -1.20360801920749));
#231 = CARTESIAN_POINT('', (88.319402163612, 41.6632656305985, -1.20215926677884));
#232 = CARTESIAN_POINT('', (88.3643457560775, 41.6535728445902, -1.20215926484888));
#233 = CARTESIAN_POINT('', (88.4092893485431, 41.6438800585819, -1.20215926291893));
#234 = CARTESIAN_POINT('', (88.454597239722, 41.63555745609, -1.20360801148767));
#235 = CARTESIAN_POINT('', (88.5024969993472, 41.6281246287692, -1.20650551200259));
#236 = CARTESIAN_POINT('', (88.5264468791597, 41.6244082151088, -1.20795426226005));
#237 = CARTESIAN_POINT('', (88.5510314210084, 41.620917114954, -1.20976520050406));
#238 = CARTESIAN_POINT('', (88.5763824314727, 41.6176229017159, -1.21193832691554));
#239 = CARTESIAN_POINT('', (88.601733441937, 41.6143286884778, -1.21411145332701));
#240 = CARTESIAN_POINT('', (88.6278542050706, 41.6112306545422, -1.0187691637393));
#241 = CARTESIAN_POINT('', (88.6547236990992, 41.6083333333333, -1.02166666666667));
#242 = CARTESIAN_POINT('', (88.1098127456509, 41.7954351851852, -0.952083333333333));
#243 = CARTESIAN_POINT('', (88.1344723013801, 41.7873340764722, -0.949300441198726));
#244 = CARTESIAN_POINT('', (88.1584971551889, 41.7797177119937, -1.16866228518276));
#245 = CARTESIAN_POINT('', (88.1818514471706, 41.7725938261064, -1.16657511543476));
#246 = CARTESIAN_POINT('', (88.2052057391522, 41.765469940219, -1.16448794568677));
#247 = CARTESIAN_POINT('', (88.2278931510689, 41.7588377386671, -1.16274863720673));
#248 = CARTESIAN_POINT('', (88.2500491252343, 41.752668011248, -1.16135719014397));
#249 = CARTESIAN_POINT('', (88.2943610735648, 41.74032855641, -1.15857429601846));
#250 = CARTESIAN_POINT('', (88.3364876189846, 41.7298518635256, -1.15718284756207));
#251 = CARTESIAN_POINT('', (88.3788272272057, 41.7207206675538, -1.15718284596935));
#252 = CARTESIAN_POINT('', (88.4211668354268, 41.711589471582, -1.15718284437663));
#253 = CARTESIAN_POINT('', (88.4638668798571, 41.7037719884263, -1.15857428964757));
#254 = CARTESIAN_POINT('', (88.5093258267618, 41.6967509530456, -1.16135718297672));
#255 = CARTESIAN_POINT('', (88.5320553002141, 41.6932404353553, -1.16274862964129));
#256 = CARTESIAN_POINT('', (88.5554595859037, 41.6899322462099, -1.16448793832042));
#257 = CARTESIAN_POINT('', (88.5796741268063, 41.6867971746699, -1.16657510916342));
#258 = CARTESIAN_POINT('', (88.6038886677089, 41.6836621031298, -1.16866228000641));
#259 = CARTESIAN_POINT('', (88.6289171448515, 41.6806993560452, -0.94930043801328));
#260 = CARTESIAN_POINT('', (88.6547236990992, 41.6779166666667, -0.952083333333333));
#261 = CARTESIAN_POINT('', (88.1384922695166, 41.8588333333333, -0.8825));
#262 = CARTESIAN_POINT('', (88.1618834352424, 41.8511489005493, -0.879860235708557));
#263 = CARTESIAN_POINT('', (88.1846890235498, 41.8439207268482, -1.11239419188239));
#264 = CARTESIAN_POINT('', (88.2068474741855, 41.837162089176, -1.11041436854819));
#265 = CARTESIAN_POINT('', (88.2290059248212, 41.8304034515038, -1.10843454521399));
#266 = CARTESIAN_POINT('', (88.2505211361218, 41.8241135088838, -1.10678469237175));
#267 = CARTESIAN_POINT('', (88.2715129266555, 41.8182664204933, -1.10546481004815));
#268 = CARTESIAN_POINT('', (88.3134965077227, 41.8065722437124, -1.10282504540095));
#269 = CARTESIAN_POINT('', (88.3533232448815, 41.7966631060614, -1.10150516282832));
#270 = CARTESIAN_POINT('', (88.3933439625407, 41.7880320161604, -1.10150516254372));
#271 = CARTESIAN_POINT('', (88.4333646801999, 41.7794009262595, -1.10150516225912));
#272 = CARTESIAN_POINT('', (88.4737354207913, 41.7720142303595, -1.10282504426254));
#273 = CARTESIAN_POINT('', (88.5168070093095, 41.7653649370807, -1.10546480876743));
#274 = CARTESIAN_POINT('', (88.5383428035685, 41.7620402904413, -1.10678469101988));
#275 = CARTESIAN_POINT('', (88.5605380191702, 41.7589034002702, -1.1084345438977));
#276 = CARTESIAN_POINT('', (88.5835124753839, 41.7559284249644, -1.11041436742757));
#277 = CARTESIAN_POINT('', (88.6064869315976, 41.7529534496585, -1.11239419095743));
#278 = CARTESIAN_POINT('', (88.6302445259814, 41.7501395494121, -0.87986023513935));
#279 = CARTESIAN_POINT('', (88.6547236990992, 41.7475, -0.8825));
#280 = CARTESIAN_POINT('', (88.195851317248, 41.9856296296296, -0.743333333333333));
#281 = CARTESIAN_POINT('', (88.2167057029669, 41.9787785487035, -0.740979824728218));
#282 = CARTESIAN_POINT('', (88.2370727602715, 41.9723267565573, -0.999858005281651));
#283 = CARTESIAN_POINT('', (88.2568395282153, 41.9662986153153, -0.998092874775042));
#284 = CARTESIAN_POINT('', (88.2766062961592, 41.9602704740734, -0.996327744268432));
#285 = CARTESIAN_POINT('', (88.2957771062276, 41.9546650493172, -0.994856802701781));
#286 = CARTESIAN_POINT('', (88.3144405294979, 41.9494632389839, -0.993680049856496));
#287 = CARTESIAN_POINT('', (88.3517673760385, 41.9390596183172, -0.991326544165926));
#288 = CARTESIAN_POINT('', (88.3869944966752, 41.9302855911329, -0.990149793360824));
#289 = CARTESIAN_POINT('', (88.4223774332106, 41.9226547133737, -0.990149795692461));
#290 = CARTESIAN_POINT('', (88.457760369746, 41.9150238356145, -0.990149798024098));
#291 = CARTESIAN_POINT('', (88.4934725026597, 41.908498714226, -0.991326553492474));
#292 = CARTESIAN_POINT('', (88.5317693744048, 41.9025929051508, -0.993680060348862));
#293 = CARTESIAN_POINT('', (88.5509178102773, 41.8996400006132, -0.994856813777056));
#294 = CARTESIAN_POINT('', (88.5706948857032, 41.8968457083908, -0.996327755052253));
#295 = CARTESIAN_POINT('', (88.5911891725392, 41.8941909255533, -0.998092883955862));
#296 = CARTESIAN_POINT('', (88.6116834593751, 41.8915361427159, -0.999858012859471));
#297 = CARTESIAN_POINT('', (88.6328992882412, 41.8890199361459, -0.740979829391492));
#298 = CARTESIAN_POINT('', (88.6547236990992, 41.8866666666667, -0.743333333333333));
#299 = CARTESIAN_POINT('', (88.2532103649794, 42.1124259259259, -0.604166666666667));
#300 = CARTESIAN_POINT('', (88.2704993416304, 42.1067461379288, -0.602215515015112));
#301 = CARTESIAN_POINT('', (88.2877435500881, 42.1013198990205, -0.844049924480281));
#302 = CARTESIAN_POINT('', (88.304733461476, 42.0961923976974, -0.842586561543736));
#303 = CARTESIAN_POINT('', (88.3217233728639, 42.0910648963744, -0.841123198607191));
#304 = CARTESIAN_POINT('', (88.3384630299014, 42.0862352605125, -0.839903729935598));
#305 = CARTESIAN_POINT('', (88.3549310002677, 42.0817081120336, -0.838928155343853));
#306 = CARTESIAN_POINT('', (88.3878669410003, 42.0726538150758, -0.836977006160364));
#307 = CARTESIAN_POINT('', (88.4196506349171, 42.0648235943877, -0.836001433296265));
#308 = CARTESIAN_POINT('', (88.4515544650882, 42.0579430396255, -0.836001435270718));
#309 = CARTESIAN_POINT('', (88.4834582952592, 42.0510624848633, -0.836001437245171));
#310 = CARTESIAN_POINT('', (88.5156440834655, 42.0450966958426, -0.836977014058175));
#311 = CARTESIAN_POINT('', (88.5493842133842, 42.0397712622195, -0.83892816422889));
#312 = CARTESIAN_POINT('', (88.5662542783435, 42.0371085454079, -0.839903739314248));
#313 = CARTESIAN_POINT('', (88.5834965532534, 42.0346094494001, -0.841123207739034));
#314 = CARTESIAN_POINT('', (88.6010896065203, 42.0322785953082, -0.842586569318143));
#315 = CARTESIAN_POINT('', (88.6186826597872, 42.0299477412163, -0.844049930897252));
#316 = CARTESIAN_POINT('', (88.6366305333232, 42.0277842581306, -0.602215518964017));
#317 = CARTESIAN_POINT('', (88.6547236990992, 42.0258333333333, -0.604166666666667));
#318 = CARTESIAN_POINT('', (88.3105694127107, 42.2392222222222, -0.465));
#319 = CARTESIAN_POINT('', (88.3242709674359, 42.2347209727998, -0.463453703824209));
#320 = CARTESIAN_POINT('', (88.338359735254, 42.2303295015851, -0.670850694607147));
#321 = CARTESIAN_POINT('', (88.3525489113048, 42.2261096629674, -0.669690972372531));
#322 = CARTESIAN_POINT('', (88.3667380873556, 42.2218898243497, -0.668531250137914));
#323 = CARTESIAN_POINT('', (88.381031136827, 42.2178408707943, -0.667564814885744));
#324 = CARTESIAN_POINT('', (88.3953024804775, 42.2139898853407, -0.666791666639736));
#325 = CARTESIAN_POINT('', (88.4238451677785, 42.2062879144336, -0.665245370147719));
#326 = CARTESIAN_POINT('', (88.4522448888266, 42.1993899245664, -0.664472221680353));
#327 = CARTESIAN_POINT('', (88.4807345882351, 42.1932456780126, -0.664472221427373));
#328 = CARTESIAN_POINT('', (88.5092242876437, 42.1871014314588, -0.664472221174392));
#329 = CARTESIAN_POINT('', (88.5379426697966, 42.1816810137747, -0.665245369135797));
#330 = CARTESIAN_POINT('', (88.5671226798276, 42.1769341872337, -0.666791665501323));
#331 = CARTESIAN_POINT('', (88.5817126848432, 42.1745607739633, -0.667564813684086));
#332 = CARTESIAN_POINT('', (88.5964040607047, 42.1723587858679, -0.66853124896788));
#333 = CARTESIAN_POINT('', (88.611071228794, 42.1703553052936, -0.66969097137642));
#334 = CARTESIAN_POINT('', (88.6257383968833, 42.1683518247193, -0.670850693784961));
#335 = CARTESIAN_POINT('', (88.6403848216964, 42.1665461051719, -0.463453703318248));
#336 = CARTESIAN_POINT('', (88.6547236990992, 42.165, -0.465));
#337 = CARTESIAN_POINT('', (88.4252875081736, 42.4928148148148, -0.186666666666667));
#338 = CARTESIAN_POINT('', (88.4318142190467, 42.4906706425418, -0.185930081442405));
#339 = CARTESIAN_POINT('', (88.439592105586, 42.4883487067142, -0.324452234860881));
#340 = CARTESIAN_POINT('', (88.4481798109625, 42.4859441935074, -0.323899794030122));
#341 = CARTESIAN_POINT('', (88.456767516339, 42.4835396803005, -0.323347353199362));
#342 = CARTESIAN_POINT('', (88.4661673506782, 42.4810520913579, -0.322886984786035));
#343 = CARTESIAN_POINT('', (88.4760454408971, 42.478553431955, -0.3225186892315));
#344 = CARTESIAN_POINT('', (88.4958016213349, 42.4735561131491, -0.321782098122429));
#345 = CARTESIAN_POINT('', (88.5174333966453, 42.4685225849237, -0.321413798448528));
#346 = CARTESIAN_POINT('', (88.539094834529, 42.4638509547868, -0.321413793740681));
#347 = CARTESIAN_POINT('', (88.5607562724126, 42.4591793246499, -0.321413789032835));
#348 = CARTESIAN_POINT('', (88.5825398424586, 42.454849649639, -0.321782079291042));
#349 = CARTESIAN_POINT('', (88.6025996127145, 42.4512600372623, -0.322518668046189));
#350 = CARTESIAN_POINT('', (88.6126294978424, 42.4494652310739, -0.322886962423763));
#351 = CARTESIAN_POINT('', (88.6222190756072, 42.4478574588037, -0.323347331425571));
#352 = CARTESIAN_POINT('', (88.6310344733413, 42.4465087252645, -0.323899775492975));
#353 = CARTESIAN_POINT('', (88.6398498710753, 42.4451599917252, -0.324452219560379));
#354 = CARTESIAN_POINT('', (88.6478933984429, 42.4440697992544, -0.185930072026712));
#355 = CARTESIAN_POINT('', (88.6547236990992, 42.4433333333333, -0.186666666666667));
#356 = CARTESIAN_POINT('', (88.5400056036364, 42.7464074074074, 0.0916666666666663));
#357 = CARTESIAN_POINT('', (88.5400067305598, 42.7464070371975, 0.0916667938380106));
#358 = CARTESIAN_POINT('', (88.5417998985768, 42.7460202013624, 0.091666905112937));
#359 = CARTESIAN_POINT('', (88.5449370982327, 42.7453435201059, 0.0916670004914453));
#360 = CARTESIAN_POINT('', (88.5480742978887, 42.7446668388494, 0.0916670958699536));
#361 = CARTESIAN_POINT('', (88.5525555291836, 42.7437003121715, 0.0916671753520439));
#362 = CARTESIAN_POINT('', (88.5579327826633, 42.742540560276, 0.0916672389377161));
#363 = CARTESIAN_POINT('', (88.5686872896227, 42.7402210564849, 0.0916673661090605));
#364 = CARTESIAN_POINT('', (88.5830258853208, 42.7371286518233, 0.0916674296947327));
#365 = CARTESIAN_POINT('', (88.5973644941226, 42.7340363079213, 0.0916674296947328));
#366 = CARTESIAN_POINT('', (88.6117031029244, 42.7309439640194, 0.0916674296947328));
#367 = CARTESIAN_POINT('', (88.62604172483, 42.727851680877, 0.0916673661090606));
#368 = CARTESIAN_POINT('', (88.6367962842045, 42.7255324201245, 0.0916672389377162));
#369 = CARTESIAN_POINT('', (88.6421735638917, 42.7243727897483, 0.0916671753520441));
#370 = CARTESIAN_POINT('', (88.6466548279461, 42.7234064149695, 0.0916670958699538));
#371 = CARTESIAN_POINT('', (88.6497920669133, 42.7227299159919, 0.0916670004914454));
#372 = CARTESIAN_POINT('', (88.6529293058805, 42.7220534170144, 0.091666905112937));
#373 = CARTESIAN_POINT('', (88.6547225197606, 42.721666793838, 0.0916667938380106));
#374 = CARTESIAN_POINT('', (88.6547236990992, 42.7216666666667, 0.0916666666666662));
#375 = CARTESIAN_POINT('', (88.6547236990992, 43., 0.369999999999999));
#376 = CARTESIAN_POINT('', (88.6547236990992, 43., 0.369999999999999));
#377 = CARTESIAN_POINT('', (88.6547236990992, 43., 0.369999999999999));
#378 = CARTESIAN_POINT('', (88.6547236990992, 43., 0.369999999999999));
#379 = CARTESIAN_POINT('', (88.6547236990992, 43., 0.369999999999999));
#380 = CARTESIAN_POINT('', (88.6547236990992, 43., 0.369999999999999));
#381 = CARTESIAN_POINT('', (88.6547236990992, 43., 0.369999999999999));
#382 = CARTESIAN_POINT('', (88.6547236990992, 43., 0.369999999999999));
#383 = CARTESIAN_POINT('', (88.6547236990992, 43., 0.369999999999999));
#384 = CARTESIAN_POINT('', (88.6547236990992, 43., 0.369999999999999));
#385 = CARTESIAN_POINT('', (88.6547236990992, 43., 0.369999999999999));
#386 = CARTESIAN_POINT('', (88.6547236990992, 43., 0.369999999999999));
#387 = CARTESIAN_POINT('', (88.6547236990992, 43., 0.369999999999999));
#388 = CARTESIAN_POINT('', (88.6547236990992, 43., 0.369999999999999));
#389 = CARTESIAN_POINT('', (88.6547236990992, 43., 0.369999999999999));
#390 = CARTESIAN_POINT('', (88.6547236990992, 43., 0.369999999999999));
#391 = CARTESIAN_POINT('', (88.6547236990992, 43., 0.369999999999999));
#392 = CARTESIAN_POINT('', (88.6547236990992, 43., 0.369999999999999));
#393 = CARTESIAN_POINT('', (88.6547236990992, 43., 0.369999999999999));
#394 = ADVANCED_FACE('', (#395), #870, .T.);
#395 = FACE_OUTER_BOUND('', #396, .T.);
#396 = EDGE_LOOP('', (#397, #398, #399, #400, #409, #418, #475, #484, #547, #556, #619, #628, #691, #700, #772, #781, #788));
#397 = ORIENTED_EDGE('', *, *, #142, .T.);
#398 = ORIENTED_EDGE('', *, *, #99, .F.);
#399 = ORIENTED_EDGE('', *, *, #7, .F.);
#400 = ORIENTED_EDGE('', *, *, #401, .F.);
#401 = EDGE_CURVE('', #402, #8, #404, .T.);
#402 = VERTEX_POINT('', #403);
#403 = CARTESIAN_POINT('', (89.72, -5.33, -1.3));
#404 = B_SPLINE_CURVE_WITH_KNOTS('', 3, (#405, #406, #407, #408), .UNSPECIFIED., .F., .U., (4, 4), (3.895, 5.00500000000001), .UNSPECIFIED.);
#405 = CARTESIAN_POINT('', (89.72, -5.33, -1.3));
#406 = CARTESIAN_POINT('', (90.09, -5.33, -1.3));
#407 = CARTESIAN_POINT('', (90.46, -5.33, -1.3));
#408 = CARTESIAN_POINT('', (90.83, -5.33, -1.3));
#409 = ORIENTED_EDGE('', *, *, #410, .F.);
#410 = EDGE_CURVE('', #411, #402, #413, .T.);
#411 = VERTEX_POINT('', #412);
#412 = CARTESIAN_POINT('', (89.72, -4., -1.3));
#413 = B_SPLINE_CURVE_WITH_KNOTS('', 3, (#414, #415, #416, #417), .UNSPECIFIED., .F., .U., (4, 4), (0., 1.33), .UNSPECIFIED.);
#414 = CARTESIAN_POINT('', (89.72, -4., -1.3));
#415 = CARTESIAN_POINT('', (89.72, -4.44333333333333, -1.3));
#416 = CARTESIAN_POINT('', (89.72, -4.88666666666667, -1.3));
#417 = CARTESIAN_POINT('', (89.72, -5.33, -1.3));
#418 = ORIENTED_EDGE('', *, *, #419, .F.);
#419 = EDGE_CURVE('', #420, #411, #422, .T.);
#420 = VERTEX_POINT('', #421);
#421 = CARTESIAN_POINT('', (85.35, 0.369999999999997, -1.3));
#422 = B_SPLINE_CURVE_WITH_KNOTS('', 3, (#423, #424, #425, #426, #427, #428, #429, #430, #431, #432, #433, #434, #435, #436, #437, #438, #439, #440, #441, #442, #443, #444, #445, #446, #447, #448, #449, #450, #451, #452, #453, #454, #455, #456, #457, #458, #459, #460, #461, #462, #463, #464, #465, #466, #467, #468, #469, #470, #471, #472, #473, #474), .UNSPECIFIED., .F., .U., (4, 3, 3, 3, 3, 3, 3, 3, 3, 3, 3, 3, 3, 3, 3, 3, 3, 4), (0., 0.437893890380859, 0.875787780761719, 1.31368167114258, 1.75157556152344, 2.1894694519043, 2.62736334228516, 3.06525723266602, 3.50315112304688, 3.94104501342774, 4.37893890380859, 4.81683279418945, 5.25472668457031, 5.69262057495117, 6.13051446533203, 6.56840835571289, 6.76302786254883, 6.85326757823444), .UNSPECIFIED.);
#423 = CARTESIAN_POINT('', (85.35, 0.369999999999997, -1.3));
#424 = CARTESIAN_POINT('', (85.4959646301269, 0.369999999999997, -1.3));
#425 = CARTESIAN_POINT('', (85.6426639210138, 0.362631488286481, -1.3));
#426 = CARTESIAN_POINT('', (85.7878938903808, 0.348005167978858, -1.3));
#427 = CARTESIAN_POINT('', (85.9331238597479, 0.333378847671235, -1.3));
#428 = CARTESIAN_POINT('', (86.0783464338108, 0.31134748606563, -1.3));
#429 = CARTESIAN_POINT('', (86.2213798162025, 0.282242078154397, -1.3));
#430 = CARTESIAN_POINT('', (86.3644131985942, 0.253136670243164, -1.3));
#431 = CARTESIAN_POINT('', (86.5066972040606, 0.216664232704184, -1.3));
#432 = CARTESIAN_POINT('', (86.6460941847314, 0.173372720511047, -1.3));
#433 = CARTESIAN_POINT('', (86.7854911654021, 0.130081208317909, -1.3));
#434 = CARTESIAN_POINT('', (86.923404330968, 0.0795348367846044, -1.3));
#435 = CARTESIAN_POINT('', (87.0577617002272, 0.022493004995443, -1.3));
#436 = CARTESIAN_POINT('', (87.1921190694863, -0.0345488267937183, -1.3));
#437 = CARTESIAN_POINT('', (87.3242731219662, -0.0986603181561051, -1.3));
#438 = CARTESIAN_POINT('', (87.4522384002862, -0.168878270223942, -1.3));
#439 = CARTESIAN_POINT('', (87.5802036786061, -0.239096222291779, -1.3));
#440 = CARTESIAN_POINT('', (87.7052683176865, -0.316127468960077, -1.3));
#441 = CARTESIAN_POINT('', (87.8255533701467, -0.398814707411564, -1.3));
#442 = CARTESIAN_POINT('', (87.945838422607, -0.481501945863051, -1.3));
#443 = CARTESIAN_POINT('', (88.0625547120276, -0.570677529379206, -1.3));
#444 = CARTESIAN_POINT('', (88.1739487150476, -0.665001700932848, -1.3));
#445 = CARTESIAN_POINT('', (88.2853427180676, -0.759325872486489, -1.3));
#446 = CARTESIAN_POINT('', (88.3925357584327, -0.859748126040501, -1.3));
#447 = CARTESIAN_POINT('', (88.4939173882666, -0.964759736733416, -1.3));
#448 = CARTESIAN_POINT('', (88.5952990181005, -1.06977134742633, -1.3));
#449 = CARTESIAN_POINT('', (88.6918897737503, -1.1804293920259, -1.3));
#450 = CARTESIAN_POINT('', (88.7822384940511, -1.29507136509035, -1.3));
#451 = CARTESIAN_POINT('', (88.8725872143518, -1.4097133381548, -1.3));
#452 = CARTESIAN_POINT('', (88.9576033752425, -1.52949325842107, -1.3));
#453 = CARTESIAN_POINT('', (89.0360097100713, -1.65261157512014, -1.3));
#454 = CARTESIAN_POINT('', (89.1144160449001, -1.7757298918192, -1.3));
#455 = CARTESIAN_POINT('', (89.187001814154, -1.90342594897605, -1.3));
#456 = CARTESIAN_POINT('', (89.2526765030239, -2.03378126528476, -1.3));
#457 = CARTESIAN_POINT('', (89.3183511918938, -2.16413658159346, -1.3));
#458 = CARTESIAN_POINT('', (89.377775900494, -2.29846335077724, -1.3));
#459 = CARTESIAN_POINT('', (89.4300578432907, -2.43474347297232, -1.3));
#460 = CARTESIAN_POINT('', (89.4823397860873, -2.5710235951674, -1.3));
#461 = CARTESIAN_POINT('', (89.5280052480003, -2.71062890487963, -1.3));
#462 = CARTESIAN_POINT('', (89.566368159804, -2.8514619984551, -1.3));
#463 = CARTESIAN_POINT('', (89.6047310716077, -2.99229509203058, -1.3));
#464 = CARTESIAN_POINT('', (89.636177605294, -3.13577363548109, -1.3));
#465 = CARTESIAN_POINT('', (89.6602353141135, -3.27974203442494, -1.3));
#466 = CARTESIAN_POINT('', (89.6842930229329, -3.42371043336879, -1.3));
#467 = CARTESIAN_POINT('', (89.7012040786324, -3.56961791469394, -1.3));
#468 = CARTESIAN_POINT('', (89.710714412722, -3.71527239211774, -1.3));
#469 = CARTESIAN_POINT('', (89.714941227873, -3.78000771541721, -1.3));
#470 = CARTESIAN_POINT('', (89.7177285850504, -3.84490153004276, -1.3));
#471 = CARTESIAN_POINT('', (89.719068195707, -3.90976086624269, -1.3));
#472 = CARTESIAN_POINT('', (89.7196893363458, -3.93983435760743, -1.3));
#473 = CARTESIAN_POINT('', (89.72, -3.96992009477146, -1.3));
#474 = CARTESIAN_POINT('', (89.72, -4., -1.3));
#475 = ORIENTED_EDGE('', *, *, #476, .F.);
#476 = EDGE_CURVE('', #477, #420, #479, .T.);
#477 = VERTEX_POINT('', #478);
#478 = CARTESIAN_POINT('', (1.4, 0.369999999999997, -1.3));
#479 = B_SPLINE_CURVE_WITH_KNOTS('', 3, (#480, #481, #482, #483), .UNSPECIFIED., .F., .U., (4, 4), (0., 83.95), .UNSPECIFIED.);
#480 = CARTESIAN_POINT('', (1.4, 0.369999999999997, -1.3));
#481 = CARTESIAN_POINT('', (29.3833333333333, 0.369999999999997, -1.3));
#482 = CARTESIAN_POINT('', (57.3666666666667, 0.369999999999997, -1.3));
#483 = CARTESIAN_POINT('', (85.35, 0.369999999999997, -1.3));
#484 = ORIENTED_EDGE('', *, *, #485, .F.);
#485 = EDGE_CURVE('', #486, #477, #488, .T.);
#486 = VERTEX_POINT('', #487);
#487 = CARTESIAN_POINT('', (0.370000000000005, 1.4, -1.3));
#488 = B_SPLINE_CURVE_WITH_KNOTS('', 3, (#489, #490, #491, #492, #493, #494, #495, #496, #497, #498, #499, #500, #501, #502, #503, #504, #505, #506, #507, #508, #509, #510, #511, #512, #513, #514, #515, #516, #517, #518, #519, #520, #521, #522, #523, #524, #525, #526, #527, #528, #529, #530, #531, #532, #533, #534, #535, #536, #537, #538, #539, #540, #541, #542, #543, #544, #545, #546), .UNSPECIFIED., .F., .U., (4, 3, 3, 3, 3, 3, 3, 3, 3, 3, 3, 3, 3, 3, 3, 3, 3, 3, 3, 4), (0., 0.08649755859375, 0.1729951171875, 0.25949267578125, 0.345990234375, 0.43248779296875, 0.5189853515625, 0.60548291015625, 0.69198046875, 0.77847802734375, 0.8649755859375, 0.95147314453125, 1.037970703125, 1.12446826171875, 1.2109658203125, 1.29746337890625, 1.3839609375, 1.47045849609375, 1.5569560546875, 1.61605407621573), .UNSPECIFIED.);
#489 = CARTESIAN_POINT('', (0.370000000000005, 1.4, -1.3));
#490 = CARTESIAN_POINT('', (0.370000000000005, 1.37116748046875, -1.3));
#491 = CARTESIAN_POINT('', (0.371217077847529, 1.3422331126854, -1.3));
#492 = CARTESIAN_POINT('', (0.373638381291762, 1.31350244140625, -1.3));
#493 = CARTESIAN_POINT('', (0.376059684735995, 1.2847717701271, -1.3));
#494 = CARTESIAN_POINT('', (0.379702319845176, 1.25604181838731, -1.3));
#495 = CARTESIAN_POINT('', (0.384527820665383, 1.22761597232507, -1.3));
#496 = CARTESIAN_POINT('', (0.38935332148559, 1.19919012626283, -1.3));
#497 = CARTESIAN_POINT('', (0.395395779302109, 1.17086756244801, -1.3));
#498 = CARTESIAN_POINT('', (0.402591386213032, 1.14294736503282, -1.3));
#499 = CARTESIAN_POINT('', (0.409786993123955, 1.11502716761762, -1.3));
#500 = CARTESIAN_POINT('', (0.418186584782824, 1.08731208548762, -1.3));
#501 = CARTESIAN_POINT('', (0.427701462130933, 1.06009478783391, -1.3));
#502 = CARTESIAN_POINT('', (0.437216339479043, 1.03287749018021, -1.3));
#503 = CARTESIAN_POINT('', (0.447913723393556, 1.00596569174728, -1.3));
#504 = CARTESIAN_POINT('', (0.459680650301692, 0.97964357911059, -1.3));
#505 = CARTESIAN_POINT('', (0.471447577209828, 0.953321466473902, -1.3));
#506 = CARTESIAN_POINT('', (0.484367178309105, 0.927403078697184, -1.3));
#507 = CARTESIAN_POINT('', (0.498303023579744, 0.90216211201378, -1.3));
#508 = CARTESIAN_POINT('', (0.512238868850384, 0.876921145330376, -1.3));
#509 = CARTESIAN_POINT('', (0.527289412503491, 0.85217927690346, -1.3));
#510 = CARTESIAN_POINT('', (0.543295721925531, 0.828197779010171, -1.3));
#511 = CARTESIAN_POINT('', (0.559302031347572, 0.804216281116882, -1.3));
#512 = CARTESIAN_POINT('', (0.576377188202148, 0.780825728838222, -1.3));
#513 = CARTESIAN_POINT('', (0.594340880111993, 0.758273124654046, -1.3));
#514 = CARTESIAN_POINT('', (0.612304572021838, 0.735720520469871, -1.3));
#515 = CARTESIAN_POINT('', (0.631283709201656, 0.713846534335234, -1.3));
#516 = CARTESIAN_POINT('', (0.651077873384594, 0.692882153905114, -1.3));
#517 = CARTESIAN_POINT('', (0.670872037567532, 0.671917773474993, -1.3));
#518 = CARTESIAN_POINT('', (0.691621070921841, 0.651714889216286, -1.3));
#519 = CARTESIAN_POINT('', (0.71310586520962, 0.63248684207333, -1.3));
#520 = CARTESIAN_POINT('', (0.734590659497399, 0.613258794930374, -1.3));
#521 = CARTESIAN_POINT('', (0.756963000880972, 0.594869742248801, -1.3));
#522 = CARTESIAN_POINT('', (0.779986639111272, 0.577513871047383, -1.3));
#523 = CARTESIAN_POINT('', (0.803010277341571, 0.560157999845966, -1.3));
#524 = CARTESIAN_POINT('', (0.826847870233363, 0.543712694052696, -1.3));
#525 = CARTESIAN_POINT('', (0.851247694591414, 0.528351614864821, -1.3));
#526 = CARTESIAN_POINT('', (0.875647518949465, 0.512990535676946, -1.3));
#527 = CARTESIAN_POINT('', (0.900781955093133, 0.498605159865063, -1.3));
#528 = CARTESIAN_POINT('', (0.926385585259581, 0.485347395920126, -1.3));
#529 = CARTESIAN_POINT('', (0.951989215426029, 0.472089631975189, -1.3));
#530 = CARTESIAN_POINT('', (0.978242924603609, 0.459865816207275, -1.3));
#531 = CARTESIAN_POINT('', (1.00486947559011, 0.448805031195196, -1.3));
#532 = CARTESIAN_POINT('', (1.0314960265766, 0.437744246183117, -1.3));
#533 = CARTESIAN_POINT('', (1.05868353110983, 0.427768349493351, -1.3));
#534 = CARTESIAN_POINT('', (1.08614489117856, 0.418982685847645, -1.3));
#535 = CARTESIAN_POINT('', (1.11360625124729, 0.410197022201939, -1.3));
#536 = CARTESIAN_POINT('', (1.1415354763636, 0.402539522485246, -1.3));
#537 = CARTESIAN_POINT('', (1.16963763600248, 0.396091049320951, -1.3));
#538 = CARTESIAN_POINT('', (1.19773979564137, 0.389642576156657, -1.3));
#539 = CARTESIAN_POINT('', (1.22621342644726, 0.384357572255178, -1.3));
#540 = CARTESIAN_POINT('', (1.25475784901185, 0.380291846861851, -1.3));
#541 = CARTESIAN_POINT('', (1.28330227157644, 0.376226121468524, -1.3));
#542 = CARTESIAN_POINT('', (1.31211914705127, 0.373350950973174, -1.3));
#543 = CARTESIAN_POINT('', (1.34090417139003, 0.371696696960928, -1.3));
#544 = CARTESIAN_POINT('', (1.36057106159733, 0.370566455358526, -1.3));
#545 = CARTESIAN_POINT('', (1.38030065949059, 0.369999999999997, -1.3));
#546 = CARTESIAN_POINT('', (1.4, 0.369999999999997, -1.3));
#547 = ORIENTED_EDGE('', *, *, #548, .F.);
#548 = EDGE_CURVE('', #549, #486, #551, .T.);
#549 = VERTEX_POINT('', #550);
#550 = CARTESIAN_POINT('', (0.370000000000005, 63.2, -1.3));
#551 = B_SPLINE_CURVE_WITH_KNOTS('', 3, (#552, #553, #554, #555), .UNSPECIFIED., .F., .U., (4, 4), (0., 61.8), .UNSPECIFIED.);
#552 = CARTESIAN_POINT('', (0.370000000000005, 63.2, -1.3));
#553 = CARTESIAN_POINT('', (0.370000000000005, 42.6, -1.3));
#554 = CARTESIAN_POINT('', (0.370000000000005, 22., -1.3));
#555 = CARTESIAN_POINT('', (0.370000000000005, 1.4, -1.3));
#556 = ORIENTED_EDGE('', *, *, #557, .F.);
#557 = EDGE_CURVE('', #558, #549, #560, .T.);
#558 = VERTEX_POINT('', #559);
#559 = CARTESIAN_POINT('', (1.4, 64.23, -1.3));
#560 = B_SPLINE_CURVE_WITH_KNOTS('', 3, (#561, #562, #563, #564, #565, #566, #567, #568, #569, #570, #571, #572, #573, #574, #575, #576, #577, #578, #579, #580, #581, #582, #583, #584, #585, #586, #587, #588, #589, #590, #591, #592, #593, #594, #595, #596, #597, #598, #599, #600, #601, #602, #603, #604, #605, #606, #607, #608, #609, #610, #611, #612, #613, #614, #615, #616, #617, #618), .UNSPECIFIED., .F., .U., (4, 3, 3, 3, 3, 3, 3, 3, 3, 3, 3, 3, 3, 3, 3, 3, 3, 3, 3, 4), (0., 0.08649755859375, 0.1729951171875, 0.25949267578125, 0.345990234375, 0.43248779296875, 0.5189853515625, 0.60548291015625, 0.69198046875, 0.77847802734375, 0.8649755859375, 0.95147314453125, 1.037970703125, 1.12446826171875, 1.2109658203125, 1.29746337890625, 1.3839609375, 1.47045849609375, 1.5569560546875, 1.61605407621571), .UNSPECIFIED.);
#561 = CARTESIAN_POINT('', (1.4, 64.23, -1.3));
#562 = CARTESIAN_POINT('', (1.37116748046875, 64.23, -1.3));
#563 = CARTESIAN_POINT('', (1.3422331126854, 64.2287829221525, -1.3));
#564 = CARTESIAN_POINT('', (1.31350244140625, 64.2263616187083, -1.3));
#565 = CARTESIAN_POINT('', (1.2847717701271, 64.223940315264, -1.3));
#566 = CARTESIAN_POINT('', (1.25604181838731, 64.2202976801548, -1.3));
#567 = CARTESIAN_POINT('', (1.22761597232508, 64.2154721793346, -1.3));
#568 = CARTESIAN_POINT('', (1.19919012626284, 64.2106466785144, -1.3));
#569 = CARTESIAN_POINT('', (1.17086756244801, 64.2046042206979, -1.3));
#570 = CARTESIAN_POINT('', (1.14294736503282, 64.197408613787, -1.3));
#571 = CARTESIAN_POINT('', (1.11502716761762, 64.1902130068761, -1.3));
#572 = CARTESIAN_POINT('', (1.08731208548762, 64.1818134152172, -1.3));
#573 = CARTESIAN_POINT('', (1.06009478783391, 64.1722985378691, -1.3));
#574 = CARTESIAN_POINT('', (1.03287749018021, 64.162783660521, -1.3));
#575 = CARTESIAN_POINT('', (1.00596569174728, 64.1520862766065, -1.3));
#576 = CARTESIAN_POINT('', (0.979643579110594, 64.1403193496983, -1.3));
#577 = CARTESIAN_POINT('', (0.953321466473905, 64.1285524227902, -1.3));
#578 = CARTESIAN_POINT('', (0.927403078697173, 64.1156328216909, -1.3));
#579 = CARTESIAN_POINT('', (0.90216211201377, 64.1016969764203, -1.3));
#580 = CARTESIAN_POINT('', (0.876921145330366, 64.0877611311496, -1.3));
#581 = CARTESIAN_POINT('', (0.852179276903449, 64.0727105874965, -1.3));
#582 = CARTESIAN_POINT('', (0.828197779010161, 64.0567042780745, -1.3));
#583 = CARTESIAN_POINT('', (0.804216281116872, 64.0406979686524, -1.3));
#584 = CARTESIAN_POINT('', (0.780825728838229, 64.0236228117978, -1.3));
#585 = CARTESIAN_POINT('', (0.758273124654053, 64.005659119888, -1.3));
#586 = CARTESIAN_POINT('', (0.735720520469878, 63.9876954279782, -1.3));
#587 = CARTESIAN_POINT('', (0.713846534335237, 63.9687162907983, -1.3));
#588 = CARTESIAN_POINT('', (0.692882153905117, 63.9489221266154, -1.3));
#589 = CARTESIAN_POINT('', (0.671917773474997, 63.9291279624325, -1.3));
#590 = CARTESIAN_POINT('', (0.65171488921629, 63.9083789290782, -1.3));
#591 = CARTESIAN_POINT('', (0.632486842073334, 63.8868941347904, -1.3));
#592 = CARTESIAN_POINT('', (0.613258794930377, 63.8654093405026, -1.3));
#593 = CARTESIAN_POINT('', (0.59486974224879, 63.843036999119, -1.3));
#594 = CARTESIAN_POINT('', (0.577513871047373, 63.8200133608887, -1.3));
#595 = CARTESIAN_POINT('', (0.560157999845955, 63.7969897226584, -1.3));
#596 = CARTESIAN_POINT('', (0.543712694052693, 63.7731521297666, -1.3));
#597 = CARTESIAN_POINT('', (0.528351614864818, 63.7487523054086, -1.3));
#598 = CARTESIAN_POINT('', (0.512990535676942, 63.7243524810505, -1.3));
#599 = CARTESIAN_POINT('', (0.498605159865066, 63.6992180449068, -1.3));
#600 = CARTESIAN_POINT('', (0.48534739592013, 63.6736144147404, -1.3));
#601 = CARTESIAN_POINT('', (0.472089631975193, 63.6480107845739, -1.3));
#602 = CARTESIAN_POINT('', (0.459865816207271, 63.6217570753964, -1.3));
#603 = CARTESIAN_POINT('', (0.448805031195192, 63.5951305244099, -1.3));
#604 = CARTESIAN_POINT('', (0.437744246183114, 63.5685039734234, -1.3));
#605 = CARTESIAN_POINT('', (0.42776834949335, 63.5413164688901, -1.3));
#606 = CARTESIAN_POINT('', (0.418982685847645, 63.5138551088214, -1.3));
#607 = CARTESIAN_POINT('', (0.41019702220194, 63.4863937487527, -1.3));
#608 = CARTESIAN_POINT('', (0.402539522485238, 63.4584645236364, -1.3));
#609 = CARTESIAN_POINT('', (0.396091049320944, 63.4303623639975, -1.3));
#610 = CARTESIAN_POINT('', (0.38964257615665, 63.4022602043586, -1.3));
#611 = CARTESIAN_POINT('', (0.384357572255178, 63.3737865735527, -1.3));
#612 = CARTESIAN_POINT('', (0.380291846861851, 63.3452421509881, -1.3));
#613 = CARTESIAN_POINT('', (0.376226121468525, 63.3166977284235, -1.3));
#614 = CARTESIAN_POINT('', (0.373350950973162, 63.2878808529487, -1.3));
#615 = CARTESIAN_POINT('', (0.371696696960917, 63.25909582861, -1.3));
#616 = CARTESIAN_POINT('', (0.370566455358516, 63.2394289384027, -1.3));
#617 = CARTESIAN_POINT('', (0.370000000000005, 63.2196993405094, -1.3));
#618 = CARTESIAN_POINT('', (0.370000000000005, 63.2, -1.3));
#619 = ORIENTED_EDGE('', *, *, #620, .F.);
#620 = EDGE_CURVE('', #621, #558, #623, .T.);
#621 = VERTEX_POINT('', #622);
#622 = CARTESIAN_POINT('', (56.4, 64.23, -1.3));
#623 = B_SPLINE_CURVE_WITH_KNOTS('', 3, (#624, #625, #626, #627), .UNSPECIFIED., .F., .U., (4, 4), (0., 55.), .UNSPECIFIED.);
#624 = CARTESIAN_POINT('', (56.4, 64.23, -1.3));
#625 = CARTESIAN_POINT('', (38.0666666666667, 64.23, -1.3));
#626 = CARTESIAN_POINT('', (19.7333333333333, 64.23, -1.3));
#627 = CARTESIAN_POINT('', (1.4, 64.23, -1.3));
#628 = ORIENTED_EDGE('', *, *, #629, .F.);
#629 = EDGE_CURVE('', #630, #621, #632, .T.);
#630 = VERTEX_POINT('', #631);
#631 = CARTESIAN_POINT('', (57.43, 63.2, -1.3));
#632 = B_SPLINE_CURVE_WITH_KNOTS('', 3, (#633, #634, #635, #636, #637, #638, #639, #640, #641, #642, #643, #644, #645, #646, #647, #648, #649, #650, #651, #652, #653, #654, #655, #656, #657, #658, #659, #660, #661, #662, #663, #664, #665, #666, #667, #668, #669, #670, #671, #672, #673, #674, #675, #676, #677, #678, #679, #680, #681, #682, #683, #684, #685, #686, #687, #688, #689, #690), .UNSPECIFIED., .F., .U., (4, 3, 3, 3, 3, 3, 3, 3, 3, 3, 3, 3, 3, 3, 3, 3, 3, 3, 3, 4), (0., 0.08649755859375, 0.1729951171875, 0.25949267578125, 0.345990234375, 0.43248779296875, 0.5189853515625, 0.60548291015625, 0.69198046875, 0.77847802734375, 0.8649755859375, 0.95147314453125, 1.037970703125, 1.12446826171875, 1.2109658203125, 1.29746337890625, 1.3839609375, 1.47045849609375, 1.5569560546875, 1.61605407621577), .UNSPECIFIED.);
#633 = CARTESIAN_POINT('', (57.43, 63.2, -1.3));
#634 = CARTESIAN_POINT('', (57.43, 63.2288325195313, -1.3));
#635 = CARTESIAN_POINT('', (57.4287829221525, 63.2577668873146, -1.3));
#636 = CARTESIAN_POINT('', (57.4263616187082, 63.2864975585938, -1.3));
#637 = CARTESIAN_POINT('', (57.423940315264, 63.3152282298729, -1.3));
#638 = CARTESIAN_POINT('', (57.4202976801548, 63.3439581816127, -1.3));
#639 = CARTESIAN_POINT('', (57.4154721793346, 63.3723840276749, -1.3));
#640 = CARTESIAN_POINT('', (57.4106466785144, 63.4008098737372, -1.3));
#641 = CARTESIAN_POINT('', (57.4046042206979, 63.429132437552, -1.3));
#642 = CARTESIAN_POINT('', (57.397408613787, 63.4570526349672, -1.3));
#643 = CARTESIAN_POINT('', (57.390213006876, 63.4849728323824, -1.3));
#644 = CARTESIAN_POINT('', (57.3818134152172, 63.5126879145124, -1.3));
#645 = CARTESIAN_POINT('', (57.3722985378691, 63.5399052121661, -1.3));
#646 = CARTESIAN_POINT('', (57.362783660521, 63.5671225098198, -1.3));
#647 = CARTESIAN_POINT('', (57.3520862766065, 63.5940343082527, -1.3));
#648 = CARTESIAN_POINT('', (57.3403193496983, 63.6203564208894, -1.3));
#649 = CARTESIAN_POINT('', (57.3285524227902, 63.6466785335261, -1.3));
#650 = CARTESIAN_POINT('', (57.3156328216909, 63.6725969213028, -1.3));
#651 = CARTESIAN_POINT('', (57.3016969764203, 63.6978378879862, -1.3));
#652 = CARTESIAN_POINT('', (57.2877611311496, 63.7230788546696, -1.3));
#653 = CARTESIAN_POINT('', (57.2727105874965, 63.7478207230965, -1.3));
#654 = CARTESIAN_POINT('', (57.2567042780745, 63.7718022209898, -1.3));
#655 = CARTESIAN_POINT('', (57.2406979686524, 63.7957837188831, -1.3));
#656 = CARTESIAN_POINT('', (57.2236228117979, 63.8191742711617, -1.3));
#657 = CARTESIAN_POINT('', (57.205659119888, 63.8417268753459, -1.3));
#658 = CARTESIAN_POINT('', (57.1876954279782, 63.8642794795301, -1.3));
#659 = CARTESIAN_POINT('', (57.1687162907984, 63.8861534656648, -1.3));
#660 = CARTESIAN_POINT('', (57.1489221266154, 63.9071178460949, -1.3));
#661 = CARTESIAN_POINT('', (57.1291279624325, 63.928082226525, -1.3));
#662 = CARTESIAN_POINT('', (57.1083789290782, 63.9482851107837, -1.3));
#663 = CARTESIAN_POINT('', (57.0868941347904, 63.9675131579267, -1.3));
#664 = CARTESIAN_POINT('', (57.0654093405026, 63.9867412050696, -1.3));
#665 = CARTESIAN_POINT('', (57.043036999119, 64.0051302577512, -1.3));
#666 = CARTESIAN_POINT('', (57.0200133608887, 64.0224861289526, -1.3));
#667 = CARTESIAN_POINT('', (56.9969897226584, 64.039842000154, -1.3));
#668 = CARTESIAN_POINT('', (56.9731521297667, 64.0562873059473, -1.3));
#669 = CARTESIAN_POINT('', (56.9487523054086, 64.0716483851352, -1.3));
#670 = CARTESIAN_POINT('', (56.9243524810506, 64.087009464323, -1.3));
#671 = CARTESIAN_POINT('', (56.8992180449069, 64.1013948401349, -1.3));
#672 = CARTESIAN_POINT('', (56.8736144147405, 64.1146526040799, -1.3));
#673 = CARTESIAN_POINT('', (56.848010784574, 64.1279103680248, -1.3));
#674 = CARTESIAN_POINT('', (56.8217570753964, 64.1401341837927, -1.3));
#675 = CARTESIAN_POINT('', (56.7951305244099, 64.1511949688048, -1.3));
#676 = CARTESIAN_POINT('', (56.7685039734234, 64.1622557538169, -1.3));
#677 = CARTESIAN_POINT('', (56.7413164688902, 64.1722316505066, -1.3));
#678 = CARTESIAN_POINT('', (56.7138551088215, 64.1810173141523, -1.3));
#679 = CARTESIAN_POINT('', (56.6863937487527, 64.1898029777981, -1.3));
#680 = CARTESIAN_POINT('', (56.6584645236364, 64.1974604775148, -1.3));
#681 = CARTESIAN_POINT('', (56.6303623639976, 64.2039089506791, -1.3));
#682 = CARTESIAN_POINT('', (56.6022602043587, 64.2103574238433, -1.3));
#683 = CARTESIAN_POINT('', (56.5737865735528, 64.2156424277448, -1.3));
#684 = CARTESIAN_POINT('', (56.5452421509882, 64.2197081531381, -1.3));
#685 = CARTESIAN_POINT('', (56.5166977284236, 64.2237738785315, -1.3));
#686 = CARTESIAN_POINT('', (56.4878808529488, 64.2266490490268, -1.3));
#687 = CARTESIAN_POINT('', (56.45909582861, 64.2283033030391, -1.3));
#688 = CARTESIAN_POINT('', (56.4394289384027, 64.2294335446415, -1.3));
#689 = CARTESIAN_POINT('', (56.4196993405094, 64.23, -1.3));
#690 = CARTESIAN_POINT('', (56.4, 64.23, -1.3));
#691 = ORIENTED_EDGE('', *, *, #692, .F.);
#692 = EDGE_CURVE('', #693, #630, #695, .T.);
#693 = VERTEX_POINT('', #694);
#694 = CARTESIAN_POINT('', (57.43, 44.8, -1.3));
#695 = B_SPLINE_CURVE_WITH_KNOTS('', 3, (#696, #697, #698, #699), .UNSPECIFIED., .F., .U., (4, 4), (0., 18.4), .UNSPECIFIED.);
#696 = CARTESIAN_POINT('', (57.43, 44.8, -1.3));
#697 = CARTESIAN_POINT('', (57.43, 50.9333333333333, -1.3));
#698 = CARTESIAN_POINT('', (57.43, 57.0666666666667, -1.3));
#699 = CARTESIAN_POINT('', (57.43, 63.2, -1.3));
#700 = ORIENTED_EDGE('', *, *, #701, .F.);
#701 = EDGE_CURVE('', #702, #693, #704, .T.);
#702 = VERTEX_POINT('', #703);
#703 = CARTESIAN_POINT('', (63.1, 39.13, -1.3));
#704 = B_SPLINE_CURVE_WITH_KNOTS('', 3, (#705, #706, #707, #708, #709, #710, #711, #712, #713, #714, #715, #716, #717, #718, #719, #720, #721, #722, #723, #724, #725, #726, #727, #728, #729, #730, #731, #732, #733, #734, #735, #736, #737, #738, #739, #740, #741, #742, #743, #744, #745, #746, #747, #748, #749, #750, #751, #752, #753, #754, #755, #756, #757, #758, #759, #760, #761, #762, #763, #764, #765, #766, #767, #768, #769, #770, #771), .UNSPECIFIED., .F., .U., (4, 3, 3, 3, 3, 3, 3, 3, 3, 3, 3, 3, 3, 3, 3, 3, 3, 3, 3, 3, 3, 3, 4), (0., 0.437893890380859, 0.875787780761719, 1.31368167114258, 1.75157556152344, 2.1894694519043, 2.62736334228516, 3.06525723266602, 3.50315112304688, 3.94104501342774, 4.37893890380859, 4.81683279418945, 5.25472668457031, 5.69262057495117, 6.13051446533203, 6.56840835571289, 7.00630224609375, 7.44419613647461, 7.88209002685547, 8.31998391723633, 8.53893086242676, 8.75787780761719, 8.89767409058987), .UNSPECIFIED.);
#705 = CARTESIAN_POINT('', (63.1, 39.13, -1.3));
#706 = CARTESIAN_POINT('', (62.954035369873, 39.13, -1.3));
#707 = CARTESIAN_POINT('', (62.8076347880954, 39.135661710657, -1.3));
#708 = CARTESIAN_POINT('', (62.6621061096191, 39.1469345536454, -1.3));
#709 = CARTESIAN_POINT('', (62.5165774311428, 39.1582073966338, -1.3));
#710 = CARTESIAN_POINT('', (62.3710513567747, 39.1751587090133, -1.3));
#711 = CARTESIAN_POINT('', (62.2268279291422, 39.1976370579304, -1.3));
#712 = CARTESIAN_POINT('', (62.0826045015097, 39.2201154068475, -1.3));
#713 = CARTESIAN_POINT('', (61.9388222181889, 39.2482550641914, -1.3));
#714 = CARTESIAN_POINT('', (61.7967655438243, 39.2818046471481, -1.3));
#715 = CARTESIAN_POINT('', (61.6547088694597, 39.3153542301048, -1.3));
#716 = CARTESIAN_POINT('', (61.5135292444842, 39.3545141433347, -1.3));
#717 = CARTESIAN_POINT('', (61.3744878829546, 39.3989345556706, -1.3));
#718 = CARTESIAN_POINT('', (61.235446521425, 39.4433549680064, -1.3));
#719 = CARTESIAN_POINT('', (61.0977128754061, 39.4933012197852, -1.3));
#720 = CARTESIAN_POINT('', (60.9625173746465, 39.548327121163, -1.3));
#721 = CARTESIAN_POINT('', (60.8273218738868, 39.6033530225409, -1.3));
#722 = CARTESIAN_POINT('', (60.6938569432681, 39.6637872645509, -1.3));
#723 = CARTESIAN_POINT('', (60.5633148783967, 39.7290899639378, -1.3));
#724 = CARTESIAN_POINT('', (60.4327728135253, 39.7943926633246, -1.3));
#725 = CARTESIAN_POINT('', (60.3043738360589, 39.8649538984184, -1.3));
#726 = CARTESIAN_POINT('', (60.1792649854181, 39.9401433174841, -1.3));
#727 = CARTESIAN_POINT('', (60.0541561347772, 40.0153327365497, -1.3));
#728 = CARTESIAN_POINT('', (59.9315900873138, 40.0955994751254, -1.3));
#729 = CARTESIAN_POINT('', (59.8126617745518, 40.1802264783317, -1.3));
#730 = CARTESIAN_POINT('', (59.6937334617898, 40.264853481538, -1.3));
#731 = CARTESIAN_POINT('', (59.5777324788289, 40.3543462592605, -1.3));
#732 = CARTESIAN_POINT('', (59.465695108846, 40.4479053367219, -1.3));
#733 = CARTESIAN_POINT('', (59.3536577388631, 40.5414644141832, -1.3));
#734 = CARTESIAN_POINT('', (59.2449147392296, 40.63964865601, -1.3));
#735 = CARTESIAN_POINT('', (59.1404375546546, 40.7415809430999, -1.3));
#736 = CARTESIAN_POINT('', (59.0359603700795, 40.8435132301897, -1.3));
#737 = CARTESIAN_POINT('', (58.9351249178514, 40.9498024435951, -1.3));
#738 = CARTESIAN_POINT('', (58.8388320013956, 41.0594990592609, -1.3));
#739 = CARTESIAN_POINT('', (58.7425390849398, 41.1691956749267, -1.3));
#740 = CARTESIAN_POINT('', (58.6502135093499, 41.2829549532489, -1.3));
#741 = CARTESIAN_POINT('', (58.5626800559196, 41.3997606370947, -1.3));
#742 = CARTESIAN_POINT('', (58.4751466024894, 41.5165663209404, -1.3));
#743 = CARTESIAN_POINT('', (58.3918823999796, 41.6371161359249, -1.3));
#744 = CARTESIAN_POINT('', (58.313631280814, 41.7603331623354, -1.3));
#745 = CARTESIAN_POINT('', (58.2353801616484, 41.8835501887458, -1.3));
#746 = CARTESIAN_POINT('', (58.1616747015677, 42.0101704496311, -1.3));
#747 = CARTESIAN_POINT('', (58.0931733409261, 42.1390627955573, -1.3));
#748 = CARTESIAN_POINT('', (58.0246719802846, 42.2679551414835, -1.3));
#749 = CARTESIAN_POINT('', (57.9609655339089, 42.3998894963823, -1.3));
#750 = CARTESIAN_POINT('', (57.9026231169648, 42.5336872378925, -1.3));
#751 = CARTESIAN_POINT('', (57.8442807000207, 42.6674849794027, -1.3));
#752 = CARTESIAN_POINT('', (57.7909538106424, 42.8039453332847, -1.3));
#753 = CARTESIAN_POINT('', (57.7431188392616, 42.9418492446183, -1.3));
#754 = CARTESIAN_POINT('', (57.6952838678807, 43.0797531559518, -1.3));
#755 = CARTESIAN_POINT('', (57.6526550776758, 43.219924378241, -1.3));
#756 = CARTESIAN_POINT('', (57.6156132886797, 43.3611107058938, -1.3));
#757 = CARTESIAN_POINT('', (57.5785714996836, 43.5022970335465, -1.3));
#758 = CARTESIAN_POINT('', (57.5468954469358, 43.6453418272117, -1.3));
#759 = CARTESIAN_POINT('', (57.5208681052849, 43.7889672105347, -1.3));
#760 = CARTESIAN_POINT('', (57.494840763634, 43.9325925938577, -1.3));
#761 = CARTESIAN_POINT('', (57.4743066616819, 44.0776564969122, -1.3));
#762 = CARTESIAN_POINT('', (57.4594492387743, 44.2228630058319, -1.3));
#763 = CARTESIAN_POINT('', (57.4520205273204, 44.2954662602917, -1.3));
#764 = CARTESIAN_POINT('', (57.4459771618028, 44.3684305809529, -1.3));
#765 = CARTESIAN_POINT('', (57.4413596682731, 44.4412666782229, -1.3));
#766 = CARTESIAN_POINT('', (57.4367421747433, 44.5141027754929, -1.3));
#767 = CARTESIAN_POINT('', (57.4335229453487, 44.5872461341693, -1.3));
#768 = CARTESIAN_POINT('', (57.4317235678389, 44.6602062640527, -1.3));
#769 = CARTESIAN_POINT('', (57.430574676324, 44.706790859942, -1.3));
#770 = CARTESIAN_POINT('', (57.43, 44.7534012390091, -1.3));
#771 = CARTESIAN_POINT('', (57.43, 44.8, -1.3));
#772 = ORIENTED_EDGE('', *, *, #773, .F.);
#773 = EDGE_CURVE('', #774, #702, #776, .T.);
#774 = VERTEX_POINT('', #775);
#775 = CARTESIAN_POINT('', (82.7207843891258, 39.13, -1.3));
#776 = B_SPLINE_CURVE_WITH_KNOTS('', 3, (#777, #778, #779, #780), .UNSPECIFIED., .F., .U., (4, 4), (0., 19.6207843891258), .UNSPECIFIED.);
#777 = CARTESIAN_POINT('', (82.7207843891258, 39.13, -1.3));
#778 = CARTESIAN_POINT('', (76.1805229260838, 39.13, -1.3));
#779 = CARTESIAN_POINT('', (69.6402614630419, 39.13, -1.3));
#780 = CARTESIAN_POINT('', (63.1, 39.13, -1.3));
#781 = ORIENTED_EDGE('', *, *, #782, .T.);
#782 = EDGE_CURVE('', #774, #783, #785, .T.);
#783 = VERTEX_POINT('', #784);
#784 = CARTESIAN_POINT('', (84.2346266269391, 40.0948888888889, -1.3));
#785 = B_SPLINE_CURVE_WITH_KNOTS('', 1, (#786, #787), .UNSPECIFIED., .F., .U., (2, 2), (0., 1.), .UNSPECIFIED.);
#786 = CARTESIAN_POINT('', (82.7207843891258, 39.13, -1.3));
#787 = CARTESIAN_POINT('', (84.2346266269391, 40.0948888888889, -1.3));
#788 = ORIENTED_EDGE('', *, *, #789, .F.);
#789 = EDGE_CURVE('', #135, #783, #790, .T.);
#790 = B_SPLINE_CURVE_WITH_KNOTS('', 3, (#791, #792, #793, #794, #795, #796, #797, #798, #799, #800, #801, #802, #803, #804, #805, #806, #807, #808, #809, #810, #811, #812, #813, #814, #815, #816, #817, #818, #819, #820, #821, #822, #823, #824, #825, #826, #827, #828, #829, #830, #831, #832, #833, #834, #835, #836, #837, #838, #839, #840, #841, #842, #843, #844, #845, #846, #847, #848, #849, #850, #851, #852, #853, #854, #855, #856, #857, #858, #859, #860, #861, #862, #863, #864, #865, #866, #867, #868, #869), .UNSPECIFIED., .F., .U., (4, 3, 3, 3, 3, 3, 3, 3, 3, 3, 3, 3, 3, 3, 3, 3, 3, 3, 3, 3, 3, 3, 3, 3, 3, 3, 4), (0., 0.194619506835938, 0.389239013671875, 0.583858520507813, 0.77847802734375, 0.973097534179688, 1.07040728759766, 1.16771704101563, 1.20616040039062, 1.30347015380859, 1.40077990722656, 1.5953994140625, 1.79001892089844, 1.98463842773438, 2.17925793457031, 2.37387744140625, 2.56849694824219, 2.76311645507813, 2.95773596191406, 3.15235546875, 3.34697497558594, 3.54159448242188, 3.73621398925781, 3.93083349609375, 4.12545300292969, 4.32007250976562, 4.4105820779513), .UNSPECIFIED.);
#791 = CARTESIAN_POINT('', (87.9664151263224, 41.4784444444444, -1.3));
#792 = CARTESIAN_POINT('', (87.9073084612833, 41.5051826230841, -1.3));
#793 = CARTESIAN_POINT('', (87.84713920004, 41.5299444906288, -1.3));
#794 = CARTESIAN_POINT('', (87.7863336797968, 41.5525545936132, -1.3));
#795 = CARTESIAN_POINT('', (87.7255281595537, 41.5751646965976, -1.3));
#796 = CARTESIAN_POINT('', (87.6637984699677, 41.5957300924481, -1.3));
#797 = CARTESIAN_POINT('', (87.6015820048634, 41.614105062351, -1.3));
#798 = CARTESIAN_POINT('', (87.5393655397591, 41.6324800322538, -1.3));
#799 = CARTESIAN_POINT('', (87.4763677080576, 41.6487515805445, -1.3));
#800 = CARTESIAN_POINT('', (87.4130348891709, 41.6628044130302, -1.3));
#801 = CARTESIAN_POINT('', (87.3497020702842, 41.6768572455159, -1.3));
#802 = CARTESIAN_POINT('', (87.2857343872681, 41.6887579014813, -1.3));
#803 = CARTESIAN_POINT('', (87.2215850915432, 41.6984220572652, -1.3));
#804 = CARTESIAN_POINT('', (87.1574357958184, 41.7080862130492, -1.3));
#805 = CARTESIAN_POINT('', (87.0928011444738, 41.7155596278261, -1.3));
#806 = CARTESIAN_POINT('', (87.028139114822, 41.7207893477338, -1.3));
#807 = CARTESIAN_POINT('', (86.9958080999961, 41.7234042076877, -1.3));
#808 = CARTESIAN_POINT('', (86.9633553831883, 41.7254675986101, -1.3));
#809 = CARTESIAN_POINT('', (86.9309535442849, 41.7269685476211, -1.3));
#810 = CARTESIAN_POINT('', (86.8985517053816, 41.7284694966322, -1.3));
#811 = CARTESIAN_POINT('', (86.8660472100846, 41.7294151158946, -1.3));
#812 = CARTESIAN_POINT('', (86.8336129136323, 41.7298003767117, -1.3));
#813 = CARTESIAN_POINT('', (86.8207993644166, 41.729952578516, -1.3));
#814 = CARTESIAN_POINT('', (86.8079835989816, 41.730017751244, -1.3));
#815 = CARTESIAN_POINT('', (86.7951691645265, 41.7299958768572, -1.3));
#816 = CARTESIAN_POINT('', (86.762732627312, 41.7299405073155, -1.3));
#817 = CARTESIAN_POINT('', (86.7302201957867, 41.7293255222643, -1.3));
#818 = CARTESIAN_POINT('', (86.6978047673929, 41.7281541921247, -1.3));
#819 = CARTESIAN_POINT('', (86.665389338999, 41.726982861985, -1.3));
#820 = CARTESIAN_POINT('', (86.6329173150455, 41.7252496364748, -1.3));
#821 = CARTESIAN_POINT('', (86.6005613780919, 41.7229637326915, -1.3));
#822 = CARTESIAN_POINT('', (86.5358495041847, 41.718391925125, -1.3));
#823 = CARTESIAN_POINT('', (86.4711421877851, 41.7115762602843, -1.3));
#824 = CARTESIAN_POINT('', (86.4068979210833, 41.702565031458, -1.3));
#825 = CARTESIAN_POINT('', (86.3426536543815, 41.6935538026318, -1.3));
#826 = CARTESIAN_POINT('', (86.2785682447849, 41.6823043422139, -1.3));
#827 = CARTESIAN_POINT('', (86.2150957778813, 41.6688963597339, -1.3));
#828 = CARTESIAN_POINT('', (86.1516233109778, 41.655488377254, -1.3));
#829 = CARTESIAN_POINT('', (86.0884632485984, 41.6398583867518, -1.3));
#830 = CARTESIAN_POINT('', (86.0260631196619, 41.6221171365782, -1.3));
#831 = CARTESIAN_POINT('', (85.9636629907255, 41.6043758864046, -1.3));
#832 = CARTESIAN_POINT('', (85.9017273345164, 41.5844393728475, -1.3));
#833 = CARTESIAN_POINT('', (85.8406950042626, 41.5624488586925, -1.3));
#834 = CARTESIAN_POINT('', (85.7796626740088, 41.5404583445376, -1.3));
#835 = CARTESIAN_POINT('', (85.7192446854362, 41.5163097060729, -1.3));
#836 = CARTESIAN_POINT('', (85.6598691381392, 41.4901740516484, -1.3));
#837 = CARTESIAN_POINT('', (85.6004935908423, 41.4640383972239, -1.3));
#838 = CARTESIAN_POINT('', (85.5418793453108, 41.4357919761474, -1.3));
#839 = CARTESIAN_POINT('', (85.484441720481, 41.4056349321457, -1.3));
#840 = CARTESIAN_POINT('', (85.4270040956512, 41.3754778881441, -1.3));
#841 = CARTESIAN_POINT('', (85.3704711279547, 41.3432674294964, -1.3));
#842 = CARTESIAN_POINT('', (85.3152433891604, 41.3092317876386, -1.3));
#843 = CARTESIAN_POINT('', (85.2600156503661, 41.2751961457807, -1.3));
#844 = CARTESIAN_POINT('', (85.205831640578, 41.239174164073, -1.3));
#845 = CARTESIAN_POINT('', (85.1530752877151, 41.2014210809987, -1.3));
#846 = CARTESIAN_POINT('', (85.1003189348523, 41.1636679979244, -1.3));
#847 = CARTESIAN_POINT('', (85.0487404408768, 41.1240050549917, -1.3));
#848 = CARTESIAN_POINT('', (84.9987052719831, 41.0827132891928, -1.3));
#849 = CARTESIAN_POINT('', (84.9486701030895, 41.0414215233938, -1.3));
#850 = CARTESIAN_POINT('', (84.8999413458761, 40.9983054207951, -1.3));
#851 = CARTESIAN_POINT('', (84.8528642743533, 40.9536704862052, -1.3));
#852 = CARTESIAN_POINT('', (84.8057872028305, 40.9090355516154, -1.3));
#853 = CARTESIAN_POINT('', (84.7601389100031, 40.8626704414052, -1.3));
#854 = CARTESIAN_POINT('', (84.7162428428462, 40.8149036816536, -1.3));
#855 = CARTESIAN_POINT('', (84.6723467756893, 40.767136921902, -1.3));
#856 = CARTESIAN_POINT('', (84.629995089065, 40.7177423399831, -1.3));
#857 = CARTESIAN_POINT('', (84.5894878714122, 40.6670699276956, -1.3));
#858 = CARTESIAN_POINT('', (84.5489806537593, 40.6163975154081, -1.3));
#859 = CARTESIAN_POINT('', (84.5101261059307, 40.5642073420428, -1.3));
#860 = CARTESIAN_POINT('', (84.4731995369291, 40.5108692079287, -1.3));
#861 = CARTESIAN_POINT('', (84.4362729679274, 40.4575310738146, -1.3));
#862 = CARTESIAN_POINT('', (84.4010995327533, 40.4027924262161, -1.3));
#863 = CARTESIAN_POINT('', (84.3679284574021, 40.3470411230111, -1.3));
#864 = CARTESIAN_POINT('', (84.3347573820509, 40.2912898198062, -1.3));
#865 = CARTESIAN_POINT('', (84.3034316035513, 40.2342618820541, -1.3));
#866 = CARTESIAN_POINT('', (84.2741730848218, 40.176361388699, -1.3));
#867 = CARTESIAN_POINT('', (84.2605661451116, 40.1494342387102, -1.3));
#868 = CARTESIAN_POINT('', (84.2473650106097, 40.1222376328501, -1.3));
#869 = CARTESIAN_POINT('', (84.2346266269391, 40.0948888888889, -1.3));
#870 = B_SPLINE_SURFACE_WITH_KNOTS('', 1, 1, ((#871, #872), (#873, #874)), .UNSPECIFIED., .F., .F., .U., (2, 2), (2, 2), (-0.493951078688927, 0.912474927539766), (0.215014495974221, 1.29649794714897), .UNSPECIFIED.);
#871 = CARTESIAN_POINT('', (90.83, -5.33, -1.3));
#872 = CARTESIAN_POINT('', (90.83, 64.23, -1.3));
#873 = CARTESIAN_POINT('', (0.370000000000005, -5.33, -1.3));
#874 = CARTESIAN_POINT('', (0.370000000000005, 64.23, -1.3));
#875 = ADVANCED_FACE('', (#876), #902, .T.);
#876 = FACE_OUTER_BOUND('', #877, .T.);
#877 = EDGE_LOOP('', (#878, #879, #880, #895));
#878 = ORIENTED_EDGE('', *, *, #401, .T.);
#879 = ORIENTED_EDGE('', *, *, #84, .F.);
#880 = ORIENTED_EDGE('', *, *, #881, .F.);
#881 = EDGE_CURVE('', #882, #49, #884, .T.);
#882 = VERTEX_POINT('', #883);
#883 = CARTESIAN_POINT('', (88.05, -7., 0.37));
#884 = B_SPLINE_CURVE_WITH_KNOTS('', 3, (#885, #886, #887, #888, #889, #890, #891, #892, #893, #894), .UNSPECIFIED., .F., .U., (4, 3, 3, 4), (2.225, 3.895, 5.00500000000001, 6.67500000000001), .UNSPECIFIED.);
#885 = CARTESIAN_POINT('', (88.05, -7., 0.37));
#886 = CARTESIAN_POINT('', (88.6066666666667, -7., 0.37));
#887 = CARTESIAN_POINT('', (89.1633333333333, -7., 0.37));
#888 = CARTESIAN_POINT('', (89.72, -7., 0.37));
#889 = CARTESIAN_POINT('', (90.09, -7., 0.37));
#890 = CARTESIAN_POINT('', (90.46, -7., 0.37));
#891 = CARTESIAN_POINT('', (90.83, -7., 0.37));
#892 = CARTESIAN_POINT('', (91.3866666666667, -7., 0.37));
#893 = CARTESIAN_POINT('', (91.9433333333333, -7., 0.37));
#894 = CARTESIAN_POINT('', (92.5, -7., 0.37));
#895 = ORIENTED_EDGE('', *, *, #896, .T.);
#896 = EDGE_CURVE('', #882, #402, #897, .T.);
#897 = B_SPLINE_CURVE_WITH_KNOTS('', 3, (#898, #899, #900, #901), .UNSPECIFIED., .F., .U., (4, 4), (0., 2.89252484864002), .UNSPECIFIED.);
#898 = CARTESIAN_POINT('', (88.05, -7., 0.37));
#899 = CARTESIAN_POINT('', (88.6066666666667, -6.44333333333333, -0.186666666666666));
#900 = CARTESIAN_POINT('', (89.1633333333333, -5.88666666666667, -0.743333333333329));
#901 = CARTESIAN_POINT('', (89.72, -5.33, -1.3));
#902 = B_SPLINE_SURFACE_WITH_KNOTS('', 1, 1, ((#903, #904), (#905, #906)), .UNSPECIFIED., .F., .F., .U., (2, 2), (2, 2), (2.225, 6.67500000000001), (0., 1.), .UNSPECIFIED.);
#903 = CARTESIAN_POINT('', (88.05, -5.33, -1.3));
#904 = CARTESIAN_POINT('', (88.05, -7., 0.37));
#905 = CARTESIAN_POINT('', (92.5000000000001, -5.33, -1.3));
#906 = CARTESIAN_POINT('', (92.5000000000001, -7., 0.37));
#907 = ADVANCED_FACE('', (#908), #930, .T.);
#908 = FACE_OUTER_BOUND('', #909, .T.);
#909 = EDGE_LOOP('', (#910, #911, #918, #925));
#910 = ORIENTED_EDGE('', *, *, #881, .T.);
#911 = ORIENTED_EDGE('', *, *, #912, .T.);
#912 = EDGE_CURVE('', #49, #913, #915, .T.);
#913 = VERTEX_POINT('', #914);
#914 = CARTESIAN_POINT('', (92.5, -7., 23.8));
#915 = B_SPLINE_CURVE_WITH_KNOTS('', 1, (#916, #917), .UNSPECIFIED., .F., .U., (2, 2), (0.0665338645418327, 1.), .UNSPECIFIED.);
#916 = CARTESIAN_POINT('', (92.5, -7., 0.37));
#917 = CARTESIAN_POINT('', (92.5, -7., 23.8));
#918 = ORIENTED_EDGE('', *, *, #919, .F.);
#919 = EDGE_CURVE('', #920, #913, #922, .T.);
#920 = VERTEX_POINT('', #921);
#921 = CARTESIAN_POINT('', (88.05, -7., 23.8));
#922 = B_SPLINE_CURVE_WITH_KNOTS('', 1, (#923, #924), .UNSPECIFIED., .F., .U., (2, 2), (0., 1.), .UNSPECIFIED.);
#923 = CARTESIAN_POINT('', (88.05, -7., 23.8));
#924 = CARTESIAN_POINT('', (92.5, -7., 23.8));
#925 = ORIENTED_EDGE('', *, *, #926, .F.);
#926 = EDGE_CURVE('', #882, #920, #927, .T.);
#927 = B_SPLINE_CURVE_WITH_KNOTS('', 1, (#928, #929), .UNSPECIFIED., .F., .U., (2, 2), (0.0665338645418327, 1.), .UNSPECIFIED.);
#928 = CARTESIAN_POINT('', (88.05, -7., 0.37));
#929 = CARTESIAN_POINT('', (88.05, -7., 23.8));
#930 = B_SPLINE_SURFACE_WITH_KNOTS('', 1, 1, ((#931, #932), (#933, #934)), .UNSPECIFIED., .F., .F., .U., (2, 2), (2, 2), (0., 1.), (0.0665338645418327, 1.), .UNSPECIFIED.);
#931 = CARTESIAN_POINT('', (88.05, -7., 0.37));
#932 = CARTESIAN_POINT('', (88.05, -7., 23.8));
#933 = CARTESIAN_POINT('', (92.5, -7., 0.37));
#934 = CARTESIAN_POINT('', (92.5, -7., 23.8));
#935 = ADVANCED_FACE('', (#936), #995, .T.);
#936 = FACE_OUTER_BOUND('', #937, .T.);
#937 = EDGE_LOOP('', (#938, #939, #946, #982, #989, #994));
#938 = ORIENTED_EDGE('', *, *, #48, .T.);
#939 = ORIENTED_EDGE('', *, *, #940, .T.);
#940 = EDGE_CURVE('', #40, #941, #943, .T.);
#941 = VERTEX_POINT('', #942);
#942 = CARTESIAN_POINT('', (92.5, 43., 35.23));
#943 = B_SPLINE_CURVE_WITH_KNOTS('', 1, (#944, #945), .UNSPECIFIED., .F., .U., (2, 2), (0.043717277486911, 0.956282722513089), .UNSPECIFIED.);
#944 = CARTESIAN_POINT('', (92.5, 43., 0.37));
#945 = CARTESIAN_POINT('', (92.5, 43., 35.23));
#946 = ORIENTED_EDGE('', *, *, #947, .F.);
#947 = EDGE_CURVE('', #948, #941, #950, .T.);
#948 = VERTEX_POINT('', #949);
#949 = CARTESIAN_POINT('', (92.5, -1.3, 35.23));
#950 = B_SPLINE_CURVE_WITH_KNOTS('', 3, (#951, #952, #953, #954, #955, #956, #957, #958, #959, #960, #961, #962, #963, #964, #965, #966, #967, #968, #969, #970, #971, #972, #973, #974, #975, #976, #977, #978, #979, #980, #981), .UNSPECIFIED., .F., .U., (4, 3, 3, 3, 3, 3, 3, 3, 3, 3, 4), (30.7, 32.37, 34.93, 37.49, 42.61, 52.85, 63.09, 68.21, 70.77, 73.33, 75.), .UNSPECIFIED.);
#951 = CARTESIAN_POINT('', (92.5, -1.3, 35.23));
#952 = CARTESIAN_POINT('', (92.5, -0.743333333333335, 35.23));
#953 = CARTESIAN_POINT('', (92.5, -0.186666666666665, 35.23));
#954 = CARTESIAN_POINT('', (92.5, 0.369999999999997, 35.23));
#955 = CARTESIAN_POINT('', (92.5, 1.22333333333333, 35.23));
#956 = CARTESIAN_POINT('', (92.5, 2.07666666666667, 35.23));
#957 = CARTESIAN_POINT('', (92.5, 2.93, 35.23));
#958 = CARTESIAN_POINT('', (92.5, 3.78333333333333, 35.23));
#959 = CARTESIAN_POINT('', (92.5, 4.63666666666666, 35.23));
#960 = CARTESIAN_POINT('', (92.5, 5.49, 35.23));
#961 = CARTESIAN_POINT('', (92.5, 7.19666666666666, 35.23));
#962 = CARTESIAN_POINT('', (92.5, 8.90333333333333, 35.23));
#963 = CARTESIAN_POINT('', (92.5, 10.61, 35.23));
#964 = CARTESIAN_POINT('', (92.5, 14.0233333333333, 35.23));
#965 = CARTESIAN_POINT('', (92.5, 17.4366666666667, 35.23));
#966 = CARTESIAN_POINT('', (92.5, 20.85, 35.23));
#967 = CARTESIAN_POINT('', (92.5, 24.2633333333333, 35.23));
#968 = CARTESIAN_POINT('', (92.5, 27.6766666666667, 35.23));
#969 = CARTESIAN_POINT('', (92.5, 31.09, 35.23));
#970 = CARTESIAN_POINT('', (92.5, 32.7966666666667, 35.23));
#971 = CARTESIAN_POINT('', (92.5, 34.5033333333333, 35.23));
#972 = CARTESIAN_POINT('', (92.5, 36.21, 35.23));
#973 = CARTESIAN_POINT('', (92.5, 37.0633333333333, 35.23));
#974 = CARTESIAN_POINT('', (92.5, 37.9166666666667, 35.23));
#975 = CARTESIAN_POINT('', (92.5, 38.77, 35.23));
#976 = CARTESIAN_POINT('', (92.5, 39.6233333333333, 35.23));
#977 = CARTESIAN_POINT('', (92.5, 40.4766666666667, 35.23));
#978 = CARTESIAN_POINT('', (92.5, 41.33, 35.23));
#979 = CARTESIAN_POINT('', (92.5, 41.8866666666667, 35.23));
#980 = CARTESIAN_POINT('', (92.5, 42.4433333333333, 35.23));
#981 = CARTESIAN_POINT('', (92.5, 43., 35.23));
#982 = ORIENTED_EDGE('', *, *, #983, .F.);
#983 = EDGE_CURVE('', #984, #948, #986, .T.);
#984 = VERTEX_POINT('', #985);
#985 = CARTESIAN_POINT('', (92.5, -1.3, 23.8));
#986 = B_SPLINE_CURVE_WITH_KNOTS('', 1, (#987, #988), .UNSPECIFIED., .F., .U., (2, 2), (0.657068062827225, 0.956282722513089), .UNSPECIFIED.);
#987 = CARTESIAN_POINT('', (92.5, -1.3, 23.8));
#988 = CARTESIAN_POINT('', (92.5, -1.3, 35.23));
#989 = ORIENTED_EDGE('', *, *, #990, .F.);
#990 = EDGE_CURVE('', #913, #984, #991, .T.);
#991 = B_SPLINE_CURVE_WITH_KNOTS('', 1, (#992, #993), .UNSPECIFIED., .F., .U., (2, 2), (0., 0.475), .UNSPECIFIED.);
#992 = CARTESIAN_POINT('', (92.5, -7., 23.8));
#993 = CARTESIAN_POINT('', (92.5, -1.3, 23.8));
#994 = ORIENTED_EDGE('', *, *, #912, .F.);
#995 = B_SPLINE_SURFACE_WITH_KNOTS('', 1, 1, ((#996, #997), (#998, #999)), .UNSPECIFIED., .F., .F., .U., (2, 2), (2, 2), (-2.84615384615385, 1.), (0.043717277486911, 0.956282722513089), .UNSPECIFIED.);
#996 = CARTESIAN_POINT('', (92.5, -7., 0.37));
#997 = CARTESIAN_POINT('', (92.5, -7., 35.23));
#998 = CARTESIAN_POINT('', (92.5, 43., 0.37));
#999 = CARTESIAN_POINT('', (92.5, 43., 35.23));
#1000 = ADVANCED_FACE('', (#1001), #1022, .T.);
#1001 = FACE_OUTER_BOUND('', #1002, .T.);
#1002 = EDGE_LOOP('', (#1003, #1015, #1016, #1017));
#1003 = ORIENTED_EDGE('', *, *, #1004, .F.);
#1004 = EDGE_CURVE('', #941, #1005, #1007, .T.);
#1005 = VERTEX_POINT('', #1006);
#1006 = CARTESIAN_POINT('', (88.6547236990991, 43., 35.23));
#1007 = B_SPLINE_CURVE_WITH_KNOTS('', 3, (#1008, #1009, #1010, #1011, #1012, #1013, #1014), .UNSPECIFIED., .F., .U., (4, 3, 4), (2.85, 4.52, 6.69527630090086), .UNSPECIFIED.);
#1008 = CARTESIAN_POINT('', (92.5, 43., 35.23));
#1009 = CARTESIAN_POINT('', (91.9433333333333, 43., 35.23));
#1010 = CARTESIAN_POINT('', (91.3866666666667, 43., 35.23));
#1011 = CARTESIAN_POINT('', (90.83, 43., 35.23));
#1012 = CARTESIAN_POINT('', (90.1049078996997, 43., 35.23));
#1013 = CARTESIAN_POINT('', (89.3798157993994, 43., 35.23));
#1014 = CARTESIAN_POINT('', (88.6547236990991, 43., 35.23));
#1015 = ORIENTED_EDGE('', *, *, #940, .F.);
#1016 = ORIENTED_EDGE('', *, *, #115, .T.);
#1017 = ORIENTED_EDGE('', *, *, #1018, .T.);
#1018 = EDGE_CURVE('', #109, #1005, #1019, .T.);
#1019 = B_SPLINE_CURVE_WITH_KNOTS('', 1, (#1020, #1021), .UNSPECIFIED., .F., .U., (2, 2), (0.043717277486911, 0.956282722513089), .UNSPECIFIED.);
#1020 = CARTESIAN_POINT('', (88.6547236990991, 43., 0.37));
#1021 = CARTESIAN_POINT('', (88.6547236990991, 43., 35.23));
#1022 = B_SPLINE_SURFACE_WITH_KNOTS('', 1, 1, ((#1023, #1024), (#1025, #1026)), .UNSPECIFIED., .F., .F., .U., (2, 2), (2, 2), (0., 0.674609877351028), (0.043717277486911, 0.956282722513089), .UNSPECIFIED.);
#1023 = CARTESIAN_POINT('', (92.5, 43., 0.37));
#1024 = CARTESIAN_POINT('', (92.5, 43., 35.23));
#1025 = CARTESIAN_POINT('', (88.6547236990991, 43., 0.37));
#1026 = CARTESIAN_POINT('', (88.6547236990991, 43., 35.23));
#1027 = ADVANCED_FACE('', (#1028), #1204, .T.);
#1028 = FACE_OUTER_BOUND('', #1029, .T.);
#1029 = EDGE_LOOP('', (#1030, #1114, #1121, #1203));
#1030 = ORIENTED_EDGE('', *, *, #1031, .T.);
#1031 = EDGE_CURVE('', #109, #1032, #1034, .T.);
#1032 = VERTEX_POINT('', #1033);
#1033 = CARTESIAN_POINT('', (82.7207843891258, 40.8, 0.37));
#1034 = B_SPLINE_CURVE_WITH_KNOTS('', 3, (#1035, #1036, #1037, #1038, #1039, #1040, #1041, #1042, #1043, #1044, #1045, #1046, #1047, #1048, #1049, #1050, #1051, #1052, #1053, #1054, #1055, #1056, #1057, #1058, #1059, #1060, #1061, #1062, #1063, #1064, #1065, #1066, #1067, #1068, #1069, #1070, #1071, #1072, #1073, #1074, #1075, #1076, #1077, #1078, #1079, #1080, #1081, #1082, #1083, #1084, #1085, #1086, #1087, #1088, #1089, #1090, #1091, #1092, #1093, #1094, #1095, #1096, #1097, #1098, #1099, #1100, #1101, #1102, #1103, #1104, #1105, #1106, #1107, #1108, #1109, #1110, #1111, #1112, #1113), .UNSPECIFIED., .F., .U., (4, 3, 3, 3, 3, 3, 3, 3, 3, 3, 3, 3, 3, 3, 3, 3, 3, 3, 3, 3, 3, 3, 3, 3, 3, 3, 4), (0., 0.194619506835938, 0.389239013671875, 0.583858520507813, 0.77847802734375, 0.973097534179688, 1.07040728759766, 1.16771704101563, 1.20616040039062, 1.30347015380859, 1.40077990722656, 1.5953994140625, 1.79001892089844, 1.98463842773438, 2.17925793457031, 2.37387744140625, 2.56849694824219, 2.76311645507813, 2.95773596191406, 3.15235546875, 3.34697497558594, 3.54159448242188, 3.73621398925781, 3.93083349609375, 4.12545300292969, 4.32007250976562, 4.4105820779513), .UNSPECIFIED.);
#1035 = CARTESIAN_POINT('', (88.6547236990992, 43., 0.37));
#1036 = CARTESIAN_POINT('', (88.5607378359628, 43.042516538473, 0.37));
#1037 = CARTESIAN_POINT('', (88.465062332219, 43.0818905328019, 0.37));
#1038 = CARTESIAN_POINT('', (88.3683751092176, 43.1178429933779, 0.37));
#1039 = CARTESIAN_POINT('', (88.2716878862161, 43.1537954539538, 0.37));
#1040 = CARTESIAN_POINT('', (88.1735311359911, 43.1864966134334, 0.37));
#1041 = CARTESIAN_POINT('', (88.0746003610902, 43.2157147634556, 0.37));
#1042 = CARTESIAN_POINT('', (87.9756695861894, 43.2449329134778, 0.37));
#1043 = CARTESIAN_POINT('', (87.8754963555687, 43.2708064001591, 0.37));
#1044 = CARTESIAN_POINT('', (87.7747904598125, 43.2931518935109, 0.37));
#1045 = CARTESIAN_POINT('', (87.6740845640562, 43.3154973868628, 0.37));
#1046 = CARTESIAN_POINT('', (87.572369167034, 43.3344206914013, 0.37));
#1047 = CARTESIAN_POINT('', (87.4703649865528, 43.3497877235666, 0.37));
#1048 = CARTESIAN_POINT('', (87.3683608060716, 43.3651547557319, 0.37));
#1049 = CARTESIAN_POINT('', (87.2655848587039, 43.3770382774619, 0.37));
#1050 = CARTESIAN_POINT('', (87.1627653769254, 43.3853540865024, 0.37));
#1051 = CARTESIAN_POINT('', (87.1113556360362, 43.3895119910227, 0.37));
#1052 = CARTESIAN_POINT('', (87.0597523760945, 43.3927930013235, 0.37));
#1053 = CARTESIAN_POINT('', (87.0082300174142, 43.3951796693622, 0.37));
#1054 = CARTESIAN_POINT('', (86.956707658734, 43.397566337401, 0.37));
#1055 = CARTESIAN_POINT('', (86.9050220655056, 43.3990699722704, 0.37));
#1056 = CARTESIAN_POINT('', (86.8534480958818, 43.39968257781, 0.37));
#1057 = CARTESIAN_POINT('', (86.833073194302, 43.3999245948133, 0.37));
#1058 = CARTESIAN_POINT('', (86.8126947686986, 43.4000282263597, 0.37));
#1059 = CARTESIAN_POINT('', (86.7923184594944, 43.3999934437658, 0.37));
#1060 = CARTESIAN_POINT('', (86.7407409268212, 43.399905400325, 0.37));
#1061 = CARTESIAN_POINT('', (86.6890427141484, 43.3989275089008, 0.37));
#1062 = CARTESIAN_POINT('', (86.6374987467377, 43.3970649698095, 0.37));
#1063 = CARTESIAN_POINT('', (86.585954779327, 43.3952024307183, 0.37));
#1064 = CARTESIAN_POINT('', (86.534320818977, 43.3924464184227, 0.37));
#1065 = CARTESIAN_POINT('', (86.4828714492628, 43.3888115890854, 0.37));
#1066 = CARTESIAN_POINT('', (86.3799727098343, 43.3815419304107, 0.37));
#1067 = CARTESIAN_POINT('', (86.2770812173261, 43.3707043008054, 0.37));
#1068 = CARTESIAN_POINT('', (86.174926022924, 43.3563754917177, 0.37));
#1069 = CARTESIAN_POINT('', (86.0727708285219, 43.34204668263, 0.37));
#1070 = CARTESIAN_POINT('', (85.9708682337569, 43.3241588480433, 0.37));
#1071 = CARTESIAN_POINT('', (85.8699402828502, 43.3028387345592, 0.37));
#1072 = CARTESIAN_POINT('', (85.7690123319434, 43.2815186210752, 0.37));
#1073 = CARTESIAN_POINT('', (85.6685811373473, 43.2566652792872, 0.37));
#1074 = CARTESIAN_POINT('', (85.5693583174837, 43.2284548108134, 0.37));
#1075 = CARTESIAN_POINT('', (85.47013549762, 43.2002443423395, 0.37));
#1076 = CARTESIAN_POINT('', (85.3716512386303, 43.1685431723724, 0.37));
#1077 = CARTESIAN_POINT('', (85.2746033636684, 43.1335759237161, 0.37));
#1078 = CARTESIAN_POINT('', (85.1775554887066, 43.0986086750598, 0.37));
#1079 = CARTESIAN_POINT('', (85.0814844821424, 43.0602097799745, 0.37));
#1080 = CARTESIAN_POINT('', (84.9870710677126, 43.0186513188755, 0.37));
#1081 = CARTESIAN_POINT('', (84.8926576532828, 42.9770928577766, 0.37));
#1082 = CARTESIAN_POINT('', (84.7994547893634, 42.9321780539446, 0.37));
#1083 = CARTESIAN_POINT('', (84.7081228770899, 42.8842251571222, 0.37));
#1084 = CARTESIAN_POINT('', (84.6167909648163, 42.8362722602998, 0.37));
#1085 = CARTESIAN_POINT('', (84.5268975532849, 42.7850542165137, 0.37));
#1086 = CARTESIAN_POINT('', (84.4390795940713, 42.7309339379412, 0.37));
#1087 = CARTESIAN_POINT('', (84.3512616348577, 42.6768136593686, 0.37));
#1088 = CARTESIAN_POINT('', (84.2651033154067, 42.6195348898688, 0.37));
#1089 = CARTESIAN_POINT('', (84.1812151218085, 42.5595034856871, 0.37));
#1090 = CARTESIAN_POINT('', (84.0973269282103, 42.4994720815053, 0.37));
#1091 = CARTESIAN_POINT('', (84.0153116551044, 42.4364037976899, 0.37));
#1092 = CARTESIAN_POINT('', (83.935750432482, 42.3707455128507, 0.37));
#1093 = CARTESIAN_POINT('', (83.8561892098596, 42.3050872280114, 0.37));
#1094 = CARTESIAN_POINT('', (83.7787053202978, 42.2365280542678, 0.37));
#1095 = CARTESIAN_POINT('', (83.7038477860742, 42.1655537766514, 0.37));
#1096 = CARTESIAN_POINT('', (83.6289902518506, 42.094579499035, 0.37));
#1097 = CARTESIAN_POINT('', (83.5564046272133, 42.0208540587714, 0.37));
#1098 = CARTESIAN_POINT('', (83.4866052271406, 41.9448998471523, 0.37));
#1099 = CARTESIAN_POINT('', (83.4168058270678, 41.8689456355331, 0.37));
#1100 = CARTESIAN_POINT('', (83.3494621557571, 41.7904030141073, 0.37));
#1101 = CARTESIAN_POINT('', (83.2850513856377, 41.7098285069365, 0.37));
#1102 = CARTESIAN_POINT('', (83.2206406155183, 41.6292539997656, 0.37));
#1103 = CARTESIAN_POINT('', (83.1588577656143, 41.5462660915875, 0.37));
#1104 = CARTESIAN_POINT('', (83.1001406064243, 41.461452804127, 0.37));
#1105 = CARTESIAN_POINT('', (83.0414234472344, 41.3766395166664, 0.37));
#1106 = CARTESIAN_POINT('', (82.9854939566748, 41.2895992643012, 0.37));
#1107 = CARTESIAN_POINT('', (82.932748430498, 41.2009487821732, 0.37));
#1108 = CARTESIAN_POINT('', (82.8800029043212, 41.1122983000452, 0.37));
#1109 = CARTESIAN_POINT('', (82.8301915957529, 41.0216178336549, 0.37));
#1110 = CARTESIAN_POINT('', (82.7836674493633, 40.9295499113587, 0.37));
#1111 = CARTESIAN_POINT('', (82.7620309727923, 40.8867328884084, 0.37));
#1112 = CARTESIAN_POINT('', (82.7410397695207, 40.8434874020585, 0.37));
#1113 = CARTESIAN_POINT('', (82.7207843891258, 40.8, 0.37));
#1114 = ORIENTED_EDGE('', *, *, #1115, .T.);
#1115 = EDGE_CURVE('', #1032, #1116, #1118, .T.);
#1116 = VERTEX_POINT('', #1117);
#1117 = CARTESIAN_POINT('', (82.7207843891258, 40.8, 35.23));
#1118 = B_SPLINE_CURVE_WITH_KNOTS('', 1, (#1119, #1120), .UNSPECIFIED., .F., .U., (2, 2), (0.043717277486911, 0.956282722513089), .UNSPECIFIED.);
#1119 = CARTESIAN_POINT('', (82.7207843891258, 40.8, 0.37));
#1120 = CARTESIAN_POINT('', (82.7207843891258, 40.8, 35.23));
#1121 = ORIENTED_EDGE('', *, *, #1122, .F.);
#1122 = EDGE_CURVE('', #1005, #1116, #1123, .T.);
#1123 = B_SPLINE_CURVE_WITH_KNOTS('', 3, (#1124, #1125, #1126, #1127, #1128, #1129, #1130, #1131, #1132, #1133, #1134, #1135, #1136, #1137, #1138, #1139, #1140, #1141, #1142, #1143, #1144, #1145, #1146, #1147, #1148, #1149, #1150, #1151, #1152, #1153, #1154, #1155, #1156, #1157, #1158, #1159, #1160, #1161, #1162, #1163, #1164, #1165, #1166, #1167, #1168, #1169, #1170, #1171, #1172, #1173, #1174, #1175, #1176, #1177, #1178, #1179, #1180, #1181, #1182, #1183, #1184, #1185, #1186, #1187, #1188, #1189, #1190, #1191, #1192, #1193, #1194, #1195, #1196, #1197, #1198, #1199, #1200, #1201, #1202), .UNSPECIFIED., .F., .U., (4, 3, 3, 3, 3, 3, 3, 3, 3, 3, 3, 3, 3, 3, 3, 3, 3, 3, 3, 3, 3, 3, 3, 3, 3, 3, 4), (0., 0.194619506835938, 0.389239013671875, 0.583858520507813, 0.77847802734375, 0.973097534179688, 1.07040728759766, 1.16771704101563, 1.20616040039062, 1.30347015380859, 1.40077990722656, 1.5953994140625, 1.79001892089844, 1.98463842773438, 2.17925793457031, 2.37387744140625, 2.56849694824219, 2.76311645507813, 2.95773596191406, 3.15235546875, 3.34697497558594, 3.54159448242188, 3.73621398925781, 3.93083349609375, 4.12545300292969, 4.32007250976562, 4.41058207795117), .UNSPECIFIED.);
#1124 = CARTESIAN_POINT('', (88.6547236990992, 43., 35.23));
#1125 = CARTESIAN_POINT('', (88.5607378359628, 43.042516538473, 35.23));
#1126 = CARTESIAN_POINT('', (88.465062332219, 43.0818905328019, 35.23));
#1127 = CARTESIAN_POINT('', (88.3683751092176, 43.1178429933779, 35.23));
#1128 = CARTESIAN_POINT('', (88.2716878862161, 43.1537954539538, 35.23));
#1129 = CARTESIAN_POINT('', (88.1735311359911, 43.1864966134334, 35.23));
#1130 = CARTESIAN_POINT('', (88.0746003610902, 43.2157147634556, 35.23));
#1131 = CARTESIAN_POINT('', (87.9756695861894, 43.2449329134778, 35.23));
#1132 = CARTESIAN_POINT('', (87.8754963555687, 43.2708064001591, 35.23));
#1133 = CARTESIAN_POINT('', (87.7747904598124, 43.2931518935109, 35.23));
#1134 = CARTESIAN_POINT('', (87.6740845640562, 43.3154973868628, 35.23));
#1135 = CARTESIAN_POINT('', (87.572369167034, 43.3344206914014, 35.23));
#1136 = CARTESIAN_POINT('', (87.4703649865528, 43.3497877235666, 35.23));
#1137 = CARTESIAN_POINT('', (87.3683608060716, 43.3651547557319, 35.23));
#1138 = CARTESIAN_POINT('', (87.2655848587039, 43.3770382774619, 35.23));
#1139 = CARTESIAN_POINT('', (87.1627653769254, 43.3853540865024, 35.23));
#1140 = CARTESIAN_POINT('', (87.1113556360361, 43.3895119910227, 35.23));
#1141 = CARTESIAN_POINT('', (87.0597523760944, 43.3927930013235, 35.23));
#1142 = CARTESIAN_POINT('', (87.0082300174142, 43.3951796693622, 35.23));
#1143 = CARTESIAN_POINT('', (86.956707658734, 43.397566337401, 35.23));
#1144 = CARTESIAN_POINT('', (86.9050220655055, 43.3990699722704, 35.23));
#1145 = CARTESIAN_POINT('', (86.8534480958817, 43.39968257781, 35.23));
#1146 = CARTESIAN_POINT('', (86.8330731943019, 43.3999245948133, 35.23));
#1147 = CARTESIAN_POINT('', (86.8126947686986, 43.4000282263597, 35.23));
#1148 = CARTESIAN_POINT('', (86.7923184594944, 43.3999934437658, 35.23));
#1149 = CARTESIAN_POINT('', (86.7407409268212, 43.399905400325, 35.23));
#1150 = CARTESIAN_POINT('', (86.6890427141483, 43.3989275089008, 35.23));
#1151 = CARTESIAN_POINT('', (86.6374987467376, 43.3970649698095, 35.23));
#1152 = CARTESIAN_POINT('', (86.5859547793269, 43.3952024307183, 35.23));
#1153 = CARTESIAN_POINT('', (86.5343208189769, 43.3924464184227, 35.23));
#1154 = CARTESIAN_POINT('', (86.4828714492627, 43.3888115890854, 35.23));
#1155 = CARTESIAN_POINT('', (86.3799727098342, 43.3815419304107, 35.23));
#1156 = CARTESIAN_POINT('', (86.2770812173259, 43.3707043008054, 35.23));
#1157 = CARTESIAN_POINT('', (86.1749260229238, 43.3563754917177, 35.23));
#1158 = CARTESIAN_POINT('', (86.0727708285217, 43.34204668263, 35.23));
#1159 = CARTESIAN_POINT('', (85.9708682337567, 43.3241588480433, 35.23));
#1160 = CARTESIAN_POINT('', (85.86994028285, 43.3028387345592, 35.23));
#1161 = CARTESIAN_POINT('', (85.7690123319433, 43.2815186210751, 35.23));
#1162 = CARTESIAN_POINT('', (85.6685811373471, 43.2566652792872, 35.23));
#1163 = CARTESIAN_POINT('', (85.5693583174835, 43.2284548108133, 35.23));
#1164 = CARTESIAN_POINT('', (85.4701354976199, 43.2002443423395, 35.23));
#1165 = CARTESIAN_POINT('', (85.3716512386301, 43.1685431723723, 35.23));
#1166 = CARTESIAN_POINT('', (85.2746033636682, 43.133575923716, 35.23));
#1167 = CARTESIAN_POINT('', (85.1775554887064, 43.0986086750597, 35.23));
#1168 = CARTESIAN_POINT('', (85.0814844821421, 43.0602097799744, 35.23));
#1169 = CARTESIAN_POINT('', (84.9870710677123, 43.0186513188754, 35.23));
#1170 = CARTESIAN_POINT('', (84.8926576532826, 42.9770928577764, 35.23));
#1171 = CARTESIAN_POINT('', (84.7994547893631, 42.9321780539444, 35.23));
#1172 = CARTESIAN_POINT('', (84.7081228770896, 42.884225157122, 35.23));
#1173 = CARTESIAN_POINT('', (84.616790964816, 42.8362722602996, 35.23));
#1174 = CARTESIAN_POINT('', (84.5268975532846, 42.7850542165135, 35.23));
#1175 = CARTESIAN_POINT('', (84.439079594071, 42.730933937941, 35.23));
#1176 = CARTESIAN_POINT('', (84.3512616348575, 42.6768136593685, 35.23));
#1177 = CARTESIAN_POINT('', (84.2651033154064, 42.6195348898686, 35.23));
#1178 = CARTESIAN_POINT('', (84.1812151218082, 42.5595034856868, 35.23));
#1179 = CARTESIAN_POINT('', (84.09732692821, 42.4994720815051, 35.23));
#1180 = CARTESIAN_POINT('', (84.0153116551041, 42.4364037976897, 35.23));
#1181 = CARTESIAN_POINT('', (83.9357504324817, 42.3707455128504, 35.23));
#1182 = CARTESIAN_POINT('', (83.8561892098594, 42.3050872280112, 35.23));
#1183 = CARTESIAN_POINT('', (83.7787053202975, 42.2365280542676, 35.23));
#1184 = CARTESIAN_POINT('', (83.703847786074, 42.1655537766512, 35.23));
#1185 = CARTESIAN_POINT('', (83.6289902518504, 42.0945794990348, 35.23));
#1186 = CARTESIAN_POINT('', (83.5564046272131, 42.0208540587712, 35.23));
#1187 = CARTESIAN_POINT('', (83.4866052271404, 41.9448998471521, 35.23));
#1188 = CARTESIAN_POINT('', (83.4168058270677, 41.8689456355329, 35.23));
#1189 = CARTESIAN_POINT('', (83.3494621557569, 41.7904030141071, 35.23));
#1190 = CARTESIAN_POINT('', (83.2850513856375, 41.7098285069362, 35.23));
#1191 = CARTESIAN_POINT('', (83.2206406155181, 41.6292539997653, 35.23));
#1192 = CARTESIAN_POINT('', (83.1588577656141, 41.5462660915872, 35.23));
#1193 = CARTESIAN_POINT('', (83.1001406064241, 41.4614528041267, 35.23));
#1194 = CARTESIAN_POINT('', (83.0414234472342, 41.3766395166662, 35.23));
#1195 = CARTESIAN_POINT('', (82.9854939566747, 41.289599264301, 35.23));
#1196 = CARTESIAN_POINT('', (82.9327484304979, 41.200948782173, 35.23));
#1197 = CARTESIAN_POINT('', (82.880002904321, 41.1122983000449, 35.23));
#1198 = CARTESIAN_POINT('', (82.8301915957528, 41.0216178336547, 35.23));
#1199 = CARTESIAN_POINT('', (82.7836674493632, 40.9295499113586, 35.23));
#1200 = CARTESIAN_POINT('', (82.7620309727922, 40.8867328884083, 35.23));
#1201 = CARTESIAN_POINT('', (82.7410397695207, 40.8434874020584, 35.23));
#1202 = CARTESIAN_POINT('', (82.7207843891258, 40.8, 35.23));
#1203 = ORIENTED_EDGE('', *, *, #1018, .F.);
#1204 = (
   BOUNDED_SURFACE ()
   B_SPLINE_SURFACE (2, 1, ((#1205, #1206), (#1207, #1208), (#1209, #1210)), .UNSPECIFIED., .F., .F., .U.)
   B_SPLINE_SURFACE_WITH_KNOTS ((3, 3), (2, 2), (5.08948201199207, 12.1093134673471), (1.67, 36.53), .UNSPECIFIED.)
   GEOMETRIC_REPRESENTATION_ITEM ()
   RATIONAL_B_SPLINE_SURFACE (((1., 1.), (0.711010099297556, 0.711010099297556), (1., 1.)))
   REPRESENTATION_ITEM ('')
   SURFACE ()
);
#1205 = CARTESIAN_POINT('', (88.6547236990992, 43., 0.37));
#1206 = CARTESIAN_POINT('', (88.6547236990992, 43., 35.23));
#1207 = CARTESIAN_POINT('', (84.5998651706173, 44.8343029778706, 0.37));
#1208 = CARTESIAN_POINT('', (84.5998651706173, 44.8343029778706, 35.23));
#1209 = CARTESIAN_POINT('', (82.7207843891258, 40.8, 0.37));
#1210 = CARTESIAN_POINT('', (82.7207843891258, 40.8, 35.23));
#1211 = ADVANCED_FACE('', (#1212), #1238, .T.);
#1212 = FACE_OUTER_BOUND('', #1213, .T.);
#1213 = EDGE_LOOP('', (#1214, #1223, #1224, #1233));
#1214 = ORIENTED_EDGE('', *, *, #1215, .F.);
#1215 = EDGE_CURVE('', #1116, #1216, #1218, .T.);
#1216 = VERTEX_POINT('', #1217);
#1217 = CARTESIAN_POINT('', (63.1, 40.8, 35.23));
#1218 = B_SPLINE_CURVE_WITH_KNOTS('', 3, (#1219, #1220, #1221, #1222), .UNSPECIFIED., .F., .U., (4, 4), (0., 19.6207843891258), .UNSPECIFIED.);
#1219 = CARTESIAN_POINT('', (82.7207843891258, 40.8, 35.23));
#1220 = CARTESIAN_POINT('', (76.1805229260838, 40.8, 35.23));
#1221 = CARTESIAN_POINT('', (69.6402614630419, 40.8, 35.23));
#1222 = CARTESIAN_POINT('', (63.1, 40.8, 35.23));
#1223 = ORIENTED_EDGE('', *, *, #1115, .F.);
#1224 = ORIENTED_EDGE('', *, *, #1225, .T.);
#1225 = EDGE_CURVE('', #1032, #1226, #1228, .T.);
#1226 = VERTEX_POINT('', #1227);
#1227 = CARTESIAN_POINT('', (63.1, 40.8, 0.37));
#1228 = B_SPLINE_CURVE_WITH_KNOTS('', 3, (#1229, #1230, #1231, #1232), .UNSPECIFIED., .F., .U., (4, 4), (0., 19.6207843891258), .UNSPECIFIED.);
#1229 = CARTESIAN_POINT('', (82.7207843891258, 40.8, 0.37));
#1230 = CARTESIAN_POINT('', (76.1805229260838, 40.8, 0.37));
#1231 = CARTESIAN_POINT('', (69.6402614630419, 40.8, 0.37));
#1232 = CARTESIAN_POINT('', (63.1, 40.8, 0.37));
#1233 = ORIENTED_EDGE('', *, *, #1234, .T.);
#1234 = EDGE_CURVE('', #1226, #1216, #1235, .T.);
#1235 = B_SPLINE_CURVE_WITH_KNOTS('', 1, (#1236, #1237), .UNSPECIFIED., .F., .U., (2, 2), (0.043717277486911, 0.956282722513089), .UNSPECIFIED.);
#1236 = CARTESIAN_POINT('', (63.1, 40.8, 0.37));
#1237 = CARTESIAN_POINT('', (63.1, 40.8, 35.23));
#1238 = B_SPLINE_SURFACE_WITH_KNOTS('', 1, 1, ((#1239, #1240), (#1241, #1242)), .UNSPECIFIED., .F., .F., .U., (2, 2), (2, 2), (0.172663795387177, 0.651219512195122), (0.043717277486911, 0.956282722513089), .UNSPECIFIED.);
#1239 = CARTESIAN_POINT('', (82.7207843891258, 40.8, 0.37));
#1240 = CARTESIAN_POINT('', (82.7207843891258, 40.8, 35.23));
#1241 = CARTESIAN_POINT('', (63.1, 40.8, 0.37));
#1242 = CARTESIAN_POINT('', (63.1, 40.8, 35.23));
#1243 = ADVANCED_FACE('', (#1244), #1258, .T.);
#1244 = FACE_OUTER_BOUND('', #1245, .T.);
#1245 = EDGE_LOOP('', (#1246, #1247, #1252, #1253));
#1246 = ORIENTED_EDGE('', *, *, #773, .T.);
#1247 = ORIENTED_EDGE('', *, *, #1248, .F.);
#1248 = EDGE_CURVE('', #1226, #702, #1249, .T.);
#1249 = B_SPLINE_CURVE_WITH_KNOTS('', 1, (#1250, #1251), .UNSPECIFIED., .F., .U., (2, 2), (0., 1.), .UNSPECIFIED.);
#1250 = CARTESIAN_POINT('', (63.1, 40.8, 0.37));
#1251 = CARTESIAN_POINT('', (63.1, 39.13, -1.3));
#1252 = ORIENTED_EDGE('', *, *, #1225, .F.);
#1253 = ORIENTED_EDGE('', *, *, #1254, .T.);
#1254 = EDGE_CURVE('', #1032, #774, #1255, .T.);
#1255 = B_SPLINE_CURVE_WITH_KNOTS('', 1, (#1256, #1257), .UNSPECIFIED., .F., .U., (2, 2), (0., 1.), .UNSPECIFIED.);
#1256 = CARTESIAN_POINT('', (82.7207843891258, 40.8, 0.37));
#1257 = CARTESIAN_POINT('', (82.7207843891258, 39.13, -1.3));
#1258 = B_SPLINE_SURFACE_WITH_KNOTS('', 1, 1, ((#1259, #1260), (#1261, #1262)), .UNSPECIFIED., .F., .F., .U., (2, 2), (2, 2), (0., 19.6207843891258), (0., 1.), .UNSPECIFIED.);
#1259 = CARTESIAN_POINT('', (82.7207843891258, 39.13, -1.3));
#1260 = CARTESIAN_POINT('', (82.7207843891258, 40.8, 0.37));
#1261 = CARTESIAN_POINT('', (63.1, 39.13, -1.3));
#1262 = CARTESIAN_POINT('', (63.1, 40.8, 0.37));
#1263 = ADVANCED_FACE('', (#1264), #1345, .T.);
#1264 = FACE_OUTER_BOUND('', #1265, .T.);
#1265 = EDGE_LOOP('', (#1266, #1338, #1339, #1340));
#1266 = ORIENTED_EDGE('', *, *, #1267, .F.);
#1267 = EDGE_CURVE('', #1226, #1268, #1270, .T.);
#1268 = VERTEX_POINT('', #1269);
#1269 = CARTESIAN_POINT('', (59.1, 44.8, 0.37));
#1270 = B_SPLINE_CURVE_WITH_KNOTS('', 3, (#1271, #1272, #1273, #1274, #1275, #1276, #1277, #1278, #1279, #1280, #1281, #1282, #1283, #1284, #1285, #1286, #1287, #1288, #1289, #1290, #1291, #1292, #1293, #1294, #1295, #1296, #1297, #1298, #1299, #1300, #1301, #1302, #1303, #1304, #1305, #1306, #1307, #1308, #1309, #1310, #1311, #1312, #1313, #1314, #1315, #1316, #1317, #1318, #1319, #1320, #1321, #1322, #1323, #1324, #1325, #1326, #1327, #1328, #1329, #1330, #1331, #1332, #1333, #1334, #1335, #1336, #1337), .UNSPECIFIED., .F., .U., (4, 3, 3, 3, 3, 3, 3, 3, 3, 3, 3, 3, 3, 3, 3, 3, 3, 3, 3, 3, 3, 3, 4), (0., 0.437893890380859, 0.875787780761719, 1.31368167114258, 1.75157556152344, 2.1894694519043, 2.62736334228516, 3.06525723266602, 3.50315112304688, 3.94104501342774, 4.37893890380859, 4.81683279418945, 5.25472668457031, 5.69262057495117, 6.13051446533203, 6.56840835571289, 7.00630224609375, 7.44419613647461, 7.88209002685547, 8.31998391723633, 8.53893086242676, 8.75787780761719, 8.89767409058987), .UNSPECIFIED.);
#1271 = CARTESIAN_POINT('', (63.1, 40.8, 0.37));
#1272 = CARTESIAN_POINT('', (62.9970267159598, 40.8, 0.37));
#1273 = CARTESIAN_POINT('', (62.8937458822543, 40.803994152139, 0.37));
#1274 = CARTESIAN_POINT('', (62.7910801478794, 40.8119467750586, 0.37));
#1275 = CARTESIAN_POINT('', (62.6884144135046, 40.8198993979781, 0.37));
#1276 = CARTESIAN_POINT('', (62.5857505162432, 40.8318579957766, 0.37));
#1277 = CARTESIAN_POINT('', (62.4840055937511, 40.8477157375171, 0.37));
#1278 = CARTESIAN_POINT('', (62.3822606712591, 40.8635734792575, 0.37));
#1279 = CARTESIAN_POINT('', (62.2808269616853, 40.8834250893767, 0.37));
#1280 = CARTESIAN_POINT('', (62.1806106129272, 40.9070932255013, 0.37));
#1281 = CARTESIAN_POINT('', (62.0803942641691, 40.9307613616259, 0.37));
#1282 = CARTESIAN_POINT('', (61.9807966451388, 40.9583874027053, 0.37));
#1283 = CARTESIAN_POINT('', (61.8827075012025, 40.989724554265, 0.37));
#1284 = CARTESIAN_POINT('', (61.7846183572663, 41.0210617058246, 0.37));
#1285 = CARTESIAN_POINT('', (61.6874517639549, 41.0562971568149, 0.37));
#1286 = CARTESIAN_POINT('', (61.5920757493097, 41.0951161348593, 0.37));
#1287 = CARTESIAN_POINT('', (61.4966997346644, 41.1339351129036, 0.37));
#1288 = CARTESIAN_POINT('', (61.4025445807888, 41.1765694988014, 0.369999999999999));
#1289 = CARTESIAN_POINT('', (61.310451413331, 41.2226384225311, 0.369999999999999));
#1290 = CARTESIAN_POINT('', (61.2183582458732, 41.2687073462608, 0.369999999999999));
#1291 = CARTESIAN_POINT('', (61.1277769566553, 41.3184859953569, 0.37));
#1292 = CARTESIAN_POINT('', (61.039516744563, 41.3715296772374, 0.37));
#1293 = CARTESIAN_POINT('', (60.9512565324707, 41.424573359118, 0.37));
#1294 = CARTESIAN_POINT('', (60.8647901850538, 41.4811989242508, 0.37));
#1295 = CARTESIAN_POINT('', (60.7808901407773, 41.5409005138143, 0.37));
#1296 = CARTESIAN_POINT('', (60.6969900965007, 41.6006021033778, 0.37));
#1297 = CARTESIAN_POINT('', (60.6151551878863, 41.6637363381027, 0.37));
#1298 = CARTESIAN_POINT('', (60.5361164789037, 41.7297392146186, 0.37));
#1299 = CARTESIAN_POINT('', (60.4570777699211, 41.7957420911345, 0.37));
#1300 = CARTESIAN_POINT('', (60.3803631317317, 41.8650078702011, 0.37));
#1301 = CARTESIAN_POINT('', (60.3066578868815, 41.93691777291, 0.37));
#1302 = CARTESIAN_POINT('', (60.2329526420314, 42.0088276756189, 0.37));
#1303 = CARTESIAN_POINT('', (60.1618165205301, 42.0838112476862, 0.37));
#1304 = CARTESIAN_POINT('', (60.0938850098029, 42.1611986308719, 0.37));
#1305 = CARTESIAN_POINT('', (60.0259534990757, 42.2385860140577, 0.37));
#1306 = CARTESIAN_POINT('', (59.9608208178835, 42.3188394731915, 0.37));
#1307 = CARTESIAN_POINT('', (59.8990688225183, 42.4012420720245, 0.37));
#1308 = CARTESIAN_POINT('', (59.837316827153, 42.4836446708574, 0.37));
#1309 = CARTESIAN_POINT('', (59.7785766490156, 42.5686886320458, 0.37));
#1310 = CARTESIAN_POINT('', (59.7233730376113, 42.6556142238697, 0.37));
#1311 = CARTESIAN_POINT('', (59.668169426207, 42.7425398156937, 0.37));
#1312 = CARTESIAN_POINT('', (59.6161726289719, 42.8318662783994, 0.37));
#1313 = CARTESIAN_POINT('', (59.5678471540925, 42.9227956229681, 0.37));
#1314 = CARTESIAN_POINT('', (59.5195216792131, 43.0137249675369, 0.37));
#1315 = CARTESIAN_POINT('', (59.4745788599005, 43.1068003501815, 0.37));
#1316 = CARTESIAN_POINT('', (59.433420188335, 43.2011902912822, 0.37));
#1317 = CARTESIAN_POINT('', (59.3922615167695, 43.2955802323828, 0.37));
#1318 = CARTESIAN_POINT('', (59.3546411362557, 43.3918485596365, 0.37));
#1319 = CARTESIAN_POINT('', (59.3208951246995, 43.489135269572, 0.37));
#1320 = CARTESIAN_POINT('', (59.2871491131434, 43.5864219795075, 0.37));
#1321 = CARTESIAN_POINT('', (59.2570758925403, 43.6853082033446, 0.37));
#1322 = CARTESIAN_POINT('', (59.230944118998, 43.7849105508951, 0.37));
#1323 = CARTESIAN_POINT('', (59.2048123454558, 43.8845128984455, 0.37));
#1324 = CARTESIAN_POINT('', (59.1824659237643, 43.9854263331299, 0.37));
#1325 = CARTESIAN_POINT('', (59.1641044834462, 44.0867493548745, 0.37));
#1326 = CARTESIAN_POINT('', (59.1457430431281, 44.1880723766192, 0.37));
#1327 = CARTESIAN_POINT('', (59.1312569041849, 44.2904102270985, 0.37));
#1328 = CARTESIAN_POINT('', (59.1207754770895, 44.3928486813628, 0.37));
#1329 = CARTESIAN_POINT('', (59.1155347635419, 44.444067908495, 0.37));
#1330 = CARTESIAN_POINT('', (59.1112713663512, 44.4955418560514, 0.37));
#1331 = CARTESIAN_POINT('', (59.1080138753249, 44.546925346189, 0.37));
#1332 = CARTESIAN_POINT('', (59.1047563842986, 44.5983088363266, 0.37));
#1333 = CARTESIAN_POINT('', (59.1024853229975, 44.649909089361, 0.369999999999999));
#1334 = CARTESIAN_POINT('', (59.1012159208742, 44.7013800804604, 0.369999999999999));
#1335 = CARTESIAN_POINT('', (59.1004054153963, 44.7342439929043, 0.369999999999999));
#1336 = CARTESIAN_POINT('', (59.1, 44.7671260945391, 0.37));
#1337 = CARTESIAN_POINT('', (59.1, 44.8, 0.37));
#1338 = ORIENTED_EDGE('', *, *, #1248, .T.);
#1339 = ORIENTED_EDGE('', *, *, #701, .T.);
#1340 = ORIENTED_EDGE('', *, *, #1341, .F.);
#1341 = EDGE_CURVE('', #1268, #693, #1342, .T.);
#1342 = B_SPLINE_CURVE_WITH_KNOTS('', 1, (#1343, #1344), .UNSPECIFIED., .F., .U., (2, 2), (0., 1.), .UNSPECIFIED.);
#1343 = CARTESIAN_POINT('', (59.1, 44.8, 0.37));
#1344 = CARTESIAN_POINT('', (57.43, 44.8, -1.3));
#1345 = B_SPLINE_SURFACE_WITH_KNOTS('', 1, 3, ((#1346, #1347, #1348, #1349, #1350, #1351, #1352, #1353, #1354, #1355, #1356, #1357, #1358, #1359, #1360, #1361, #1362, #1363, #1364, #1365, #1366, #1367, #1368, #1369, #1370, #1371, #1372, #1373, #1374, #1375, #1376, #1377, #1378, #1379, #1380, #1381, #1382, #1383, #1384, #1385, #1386, #1387, #1388, #1389, #1390, #1391, #1392, #1393, #1394, #1395, #1396, #1397, #1398, #1399, #1400, #1401, #1402, #1403, #1404, #1405, #1406, #1407, #1408, #1409, #1410, #1411, #1412), (#1413, #1414, #1415, #1416, #1417, #1418, #1419, #1420, #1421, #1422, #1423, #1424, #1425, #1426, #1427, #1428, #1429, #1430, #1431, #1432, #1433, #1434, #1435, #1436, #1437, #1438, #1439, #1440, #1441, #1442, #1443, #1444, #1445, #1446, #1447, #1448, #1449, #1450, #1451, #1452, #1453, #1454, #1455, #1456, #1457, #1458, #1459, #1460, #1461, #1462, #1463, #1464, #1465, #1466, #1467, #1468, #1469, #1470, #1471, #1472, #1473, #1474, #1475, #1476, #1477, #1478, #1479)), .UNSPECIFIED., .F., .F., .U., (2, 2), (4, 3, 3, 3, 3, 3, 3, 3, 3, 3, 3, 3, 3, 3, 3, 3, 3, 3, 3, 3, 3, 3, 4), (0., 1.), (0., 0.437893890380859, 0.875787780761719, 1.31368167114258, 1.75157556152344, 2.1894694519043, 2.62736334228516, 3.06525723266602, 3.50315112304688, 3.94104501342774, 4.37893890380859, 4.81683279418945, 5.25472668457031, 5.69262057495117, 6.13051446533203, 6.56840835571289, 7.00630224609375, 7.44419613647461, 7.88209002685547, 8.31998391723633, 8.53893086242676, 8.75787780761719, 8.89767409058987), .UNSPECIFIED.);
#1346 = CARTESIAN_POINT('', (63.1, 40.8, 0.37));
#1347 = CARTESIAN_POINT('', (62.9970267159598, 40.8, 0.37));
#1348 = CARTESIAN_POINT('', (62.8937458822543, 40.803994152139, 0.37));
#1349 = CARTESIAN_POINT('', (62.7910801478794, 40.8119467750586, 0.37));
#1350 = CARTESIAN_POINT('', (62.6884144135046, 40.8198993979781, 0.37));
#1351 = CARTESIAN_POINT('', (62.5857505162432, 40.8318579957766, 0.37));
#1352 = CARTESIAN_POINT('', (62.4840055937511, 40.8477157375171, 0.37));
#1353 = CARTESIAN_POINT('', (62.3822606712591, 40.8635734792575, 0.37));
#1354 = CARTESIAN_POINT('', (62.2808269616853, 40.8834250893767, 0.37));
#1355 = CARTESIAN_POINT('', (62.1806106129272, 40.9070932255013, 0.37));
#1356 = CARTESIAN_POINT('', (62.0803942641691, 40.9307613616259, 0.37));
#1357 = CARTESIAN_POINT('', (61.9807966451388, 40.9583874027053, 0.37));
#1358 = CARTESIAN_POINT('', (61.8827075012025, 40.989724554265, 0.37));
#1359 = CARTESIAN_POINT('', (61.7846183572663, 41.0210617058246, 0.37));
#1360 = CARTESIAN_POINT('', (61.6874517639549, 41.0562971568149, 0.37));
#1361 = CARTESIAN_POINT('', (61.5920757493097, 41.0951161348593, 0.37));
#1362 = CARTESIAN_POINT('', (61.4966997346644, 41.1339351129036, 0.37));
#1363 = CARTESIAN_POINT('', (61.4025445807888, 41.1765694988014, 0.369999999999999));
#1364 = CARTESIAN_POINT('', (61.310451413331, 41.2226384225311, 0.369999999999999));
#1365 = CARTESIAN_POINT('', (61.2183582458732, 41.2687073462608, 0.369999999999999));
#1366 = CARTESIAN_POINT('', (61.1277769566553, 41.3184859953569, 0.37));
#1367 = CARTESIAN_POINT('', (61.039516744563, 41.3715296772374, 0.37));
#1368 = CARTESIAN_POINT('', (60.9512565324707, 41.424573359118, 0.37));
#1369 = CARTESIAN_POINT('', (60.8647901850538, 41.4811989242508, 0.37));
#1370 = CARTESIAN_POINT('', (60.7808901407773, 41.5409005138143, 0.37));
#1371 = CARTESIAN_POINT('', (60.6969900965007, 41.6006021033778, 0.37));
#1372 = CARTESIAN_POINT('', (60.6151551878863, 41.6637363381027, 0.37));
#1373 = CARTESIAN_POINT('', (60.5361164789037, 41.7297392146186, 0.37));
#1374 = CARTESIAN_POINT('', (60.4570777699211, 41.7957420911345, 0.37));
#1375 = CARTESIAN_POINT('', (60.3803631317317, 41.8650078702011, 0.37));
#1376 = CARTESIAN_POINT('', (60.3066578868815, 41.93691777291, 0.37));
#1377 = CARTESIAN_POINT('', (60.2329526420314, 42.0088276756189, 0.37));
#1378 = CARTESIAN_POINT('', (60.1618165205301, 42.0838112476862, 0.37));
#1379 = CARTESIAN_POINT('', (60.0938850098029, 42.1611986308719, 0.37));
#1380 = CARTESIAN_POINT('', (60.0259534990757, 42.2385860140577, 0.37));
#1381 = CARTESIAN_POINT('', (59.9608208178835, 42.3188394731915, 0.37));
#1382 = CARTESIAN_POINT('', (59.8990688225183, 42.4012420720245, 0.37));
#1383 = CARTESIAN_POINT('', (59.837316827153, 42.4836446708574, 0.37));
#1384 = CARTESIAN_POINT('', (59.7785766490156, 42.5686886320458, 0.37));
#1385 = CARTESIAN_POINT('', (59.7233730376113, 42.6556142238697, 0.37));
#1386 = CARTESIAN_POINT('', (59.668169426207, 42.7425398156937, 0.37));
#1387 = CARTESIAN_POINT('', (59.6161726289719, 42.8318662783994, 0.37));
#1388 = CARTESIAN_POINT('', (59.5678471540925, 42.9227956229681, 0.37));
#1389 = CARTESIAN_POINT('', (59.5195216792131, 43.0137249675369, 0.37));
#1390 = CARTESIAN_POINT('', (59.4745788599005, 43.1068003501815, 0.37));
#1391 = CARTESIAN_POINT('', (59.433420188335, 43.2011902912822, 0.37));
#1392 = CARTESIAN_POINT('', (59.3922615167695, 43.2955802323828, 0.37));
#1393 = CARTESIAN_POINT('', (59.3546411362557, 43.3918485596365, 0.37));
#1394 = CARTESIAN_POINT('', (59.3208951246995, 43.489135269572, 0.37));
#1395 = CARTESIAN_POINT('', (59.2871491131434, 43.5864219795075, 0.37));
#1396 = CARTESIAN_POINT('', (59.2570758925403, 43.6853082033446, 0.37));
#1397 = CARTESIAN_POINT('', (59.230944118998, 43.7849105508951, 0.37));
#1398 = CARTESIAN_POINT('', (59.2048123454558, 43.8845128984455, 0.37));
#1399 = CARTESIAN_POINT('', (59.1824659237643, 43.9854263331299, 0.37));
#1400 = CARTESIAN_POINT('', (59.1641044834462, 44.0867493548745, 0.37));
#1401 = CARTESIAN_POINT('', (59.1457430431281, 44.1880723766192, 0.37));
#1402 = CARTESIAN_POINT('', (59.1312569041849, 44.2904102270985, 0.37));
#1403 = CARTESIAN_POINT('', (59.1207754770895, 44.3928486813628, 0.37));
#1404 = CARTESIAN_POINT('', (59.1155347635419, 44.444067908495, 0.37));
#1405 = CARTESIAN_POINT('', (59.1112713663512, 44.4955418560514, 0.37));
#1406 = CARTESIAN_POINT('', (59.1080138753249, 44.546925346189, 0.37));
#1407 = CARTESIAN_POINT('', (59.1047563842986, 44.5983088363266, 0.37));
#1408 = CARTESIAN_POINT('', (59.1024853229975, 44.649909089361, 0.369999999999999));
#1409 = CARTESIAN_POINT('', (59.1012159208742, 44.7013800804604, 0.369999999999999));
#1410 = CARTESIAN_POINT('', (59.1004054153963, 44.7342439929043, 0.369999999999999));
#1411 = CARTESIAN_POINT('', (59.1, 44.7671260945391, 0.37));
#1412 = CARTESIAN_POINT('', (59.1, 44.8, 0.37));
#1413 = CARTESIAN_POINT('', (63.1, 39.13, -1.3));
#1414 = CARTESIAN_POINT('', (62.954035369873, 39.13, -1.3));
#1415 = CARTESIAN_POINT('', (62.8076347880954, 39.135661710657, -1.3));
#1416 = CARTESIAN_POINT('', (62.6621061096191, 39.1469345536454, -1.3));
#1417 = CARTESIAN_POINT('', (62.5165774311428, 39.1582073966338, -1.3));
#1418 = CARTESIAN_POINT('', (62.3710513567747, 39.1751587090133, -1.3));
#1419 = CARTESIAN_POINT('', (62.2268279291422, 39.1976370579304, -1.3));
#1420 = CARTESIAN_POINT('', (62.0826045015097, 39.2201154068475, -1.3));
#1421 = CARTESIAN_POINT('', (61.9388222181889, 39.2482550641914, -1.3));
#1422 = CARTESIAN_POINT('', (61.7967655438243, 39.2818046471481, -1.3));
#1423 = CARTESIAN_POINT('', (61.6547088694597, 39.3153542301048, -1.3));
#1424 = CARTESIAN_POINT('', (61.5135292444842, 39.3545141433347, -1.3));
#1425 = CARTESIAN_POINT('', (61.3744878829546, 39.3989345556706, -1.3));
#1426 = CARTESIAN_POINT('', (61.235446521425, 39.4433549680064, -1.3));
#1427 = CARTESIAN_POINT('', (61.0977128754061, 39.4933012197852, -1.3));
#1428 = CARTESIAN_POINT('', (60.9625173746465, 39.548327121163, -1.3));
#1429 = CARTESIAN_POINT('', (60.8273218738868, 39.6033530225409, -1.3));
#1430 = CARTESIAN_POINT('', (60.6938569432681, 39.6637872645509, -1.3));
#1431 = CARTESIAN_POINT('', (60.5633148783967, 39.7290899639378, -1.3));
#1432 = CARTESIAN_POINT('', (60.4327728135253, 39.7943926633246, -1.3));
#1433 = CARTESIAN_POINT('', (60.3043738360589, 39.8649538984184, -1.3));
#1434 = CARTESIAN_POINT('', (60.1792649854181, 39.9401433174841, -1.3));
#1435 = CARTESIAN_POINT('', (60.0541561347772, 40.0153327365497, -1.3));
#1436 = CARTESIAN_POINT('', (59.9315900873138, 40.0955994751254, -1.3));
#1437 = CARTESIAN_POINT('', (59.8126617745518, 40.1802264783317, -1.3));
#1438 = CARTESIAN_POINT('', (59.6937334617898, 40.264853481538, -1.3));
#1439 = CARTESIAN_POINT('', (59.5777324788289, 40.3543462592605, -1.3));
#1440 = CARTESIAN_POINT('', (59.465695108846, 40.4479053367219, -1.3));
#1441 = CARTESIAN_POINT('', (59.3536577388631, 40.5414644141832, -1.3));
#1442 = CARTESIAN_POINT('', (59.2449147392296, 40.63964865601, -1.3));
#1443 = CARTESIAN_POINT('', (59.1404375546546, 40.7415809430999, -1.3));
#1444 = CARTESIAN_POINT('', (59.0359603700795, 40.8435132301897, -1.3));
#1445 = CARTESIAN_POINT('', (58.9351249178514, 40.9498024435951, -1.3));
#1446 = CARTESIAN_POINT('', (58.8388320013956, 41.0594990592609, -1.3));
#1447 = CARTESIAN_POINT('', (58.7425390849398, 41.1691956749267, -1.3));
#1448 = CARTESIAN_POINT('', (58.6502135093499, 41.2829549532489, -1.3));
#1449 = CARTESIAN_POINT('', (58.5626800559196, 41.3997606370947, -1.3));
#1450 = CARTESIAN_POINT('', (58.4751466024894, 41.5165663209404, -1.3));
#1451 = CARTESIAN_POINT('', (58.3918823999796, 41.6371161359249, -1.3));
#1452 = CARTESIAN_POINT('', (58.313631280814, 41.7603331623354, -1.3));
#1453 = CARTESIAN_POINT('', (58.2353801616484, 41.8835501887458, -1.3));
#1454 = CARTESIAN_POINT('', (58.1616747015677, 42.0101704496311, -1.3));
#1455 = CARTESIAN_POINT('', (58.0931733409261, 42.1390627955573, -1.3));
#1456 = CARTESIAN_POINT('', (58.0246719802846, 42.2679551414835, -1.3));
#1457 = CARTESIAN_POINT('', (57.9609655339089, 42.3998894963823, -1.3));
#1458 = CARTESIAN_POINT('', (57.9026231169648, 42.5336872378925, -1.3));
#1459 = CARTESIAN_POINT('', (57.8442807000207, 42.6674849794027, -1.3));
#1460 = CARTESIAN_POINT('', (57.7909538106424, 42.8039453332847, -1.3));
#1461 = CARTESIAN_POINT('', (57.7431188392616, 42.9418492446183, -1.3));
#1462 = CARTESIAN_POINT('', (57.6952838678807, 43.0797531559518, -1.3));
#1463 = CARTESIAN_POINT('', (57.6526550776758, 43.219924378241, -1.3));
#1464 = CARTESIAN_POINT('', (57.6156132886797, 43.3611107058938, -1.3));
#1465 = CARTESIAN_POINT('', (57.5785714996836, 43.5022970335465, -1.3));
#1466 = CARTESIAN_POINT('', (57.5468954469358, 43.6453418272117, -1.3));
#1467 = CARTESIAN_POINT('', (57.5208681052849, 43.7889672105347, -1.3));
#1468 = CARTESIAN_POINT('', (57.494840763634, 43.9325925938577, -1.3));
#1469 = CARTESIAN_POINT('', (57.4743066616819, 44.0776564969122, -1.3));
#1470 = CARTESIAN_POINT('', (57.4594492387743, 44.2228630058319, -1.3));
#1471 = CARTESIAN_POINT('', (57.4520205273204, 44.2954662602917, -1.3));
#1472 = CARTESIAN_POINT('', (57.4459771618028, 44.3684305809529, -1.3));
#1473 = CARTESIAN_POINT('', (57.4413596682731, 44.4412666782229, -1.3));
#1474 = CARTESIAN_POINT('', (57.4367421747433, 44.5141027754929, -1.3));
#1475 = CARTESIAN_POINT('', (57.4335229453487, 44.5872461341693, -1.3));
#1476 = CARTESIAN_POINT('', (57.4317235678389, 44.6602062640527, -1.3));
#1477 = CARTESIAN_POINT('', (57.430574676324, 44.706790859942, -1.3));
#1478 = CARTESIAN_POINT('', (57.43, 44.7534012390091, -1.3));
#1479 = CARTESIAN_POINT('', (57.43, 44.8, -1.3));
#1480 = ADVANCED_FACE('', (#1481), #1499, .T.);
#1481 = FACE_OUTER_BOUND('', #1482, .T.);
#1482 = EDGE_LOOP('', (#1483, #1484, #1491, #1498));
#1483 = ORIENTED_EDGE('', *, *, #692, .T.);
#1484 = ORIENTED_EDGE('', *, *, #1485, .F.);
#1485 = EDGE_CURVE('', #1486, #630, #1488, .T.);
#1486 = VERTEX_POINT('', #1487);
#1487 = CARTESIAN_POINT('', (59.1, 63.2, 0.37));
#1488 = B_SPLINE_CURVE_WITH_KNOTS('', 1, (#1489, #1490), .UNSPECIFIED., .F., .U., (2, 2), (0., 1.), .UNSPECIFIED.);
#1489 = CARTESIAN_POINT('', (59.1, 63.2, 0.37));
#1490 = CARTESIAN_POINT('', (57.43, 63.2, -1.3));
#1491 = ORIENTED_EDGE('', *, *, #1492, .F.);
#1492 = EDGE_CURVE('', #1268, #1486, #1493, .T.);
#1493 = B_SPLINE_CURVE_WITH_KNOTS('', 3, (#1494, #1495, #1496, #1497), .UNSPECIFIED., .F., .U., (4, 4), (0., 18.4), .UNSPECIFIED.);
#1494 = CARTESIAN_POINT('', (59.1, 44.8, 0.37));
#1495 = CARTESIAN_POINT('', (59.1, 50.9333333333333, 0.37));
#1496 = CARTESIAN_POINT('', (59.1, 57.0666666666667, 0.37));
#1497 = CARTESIAN_POINT('', (59.1, 63.2, 0.37));
#1498 = ORIENTED_EDGE('', *, *, #1341, .T.);
#1499 = B_SPLINE_SURFACE_WITH_KNOTS('', 1, 1, ((#1500, #1501), (#1502, #1503)), .UNSPECIFIED., .F., .F., .U., (2, 2), (2, 2), (0., 18.4), (0., 1.), .UNSPECIFIED.);
#1500 = CARTESIAN_POINT('', (57.43, 44.8, -1.3));
#1501 = CARTESIAN_POINT('', (59.1, 44.8, 0.37));
#1502 = CARTESIAN_POINT('', (57.43, 63.2, -1.3));
#1503 = CARTESIAN_POINT('', (59.1, 63.2, 0.37));
#1504 = ADVANCED_FACE('', (#1505), #1577, .T.);
#1505 = FACE_OUTER_BOUND('', #1506, .T.);
#1506 = EDGE_LOOP('', (#1507, #1508, #1515, #1576));
#1507 = ORIENTED_EDGE('', *, *, #629, .T.);
#1508 = ORIENTED_EDGE('', *, *, #1509, .F.);
#1509 = EDGE_CURVE('', #1510, #621, #1512, .T.);
#1510 = VERTEX_POINT('', #1511);
#1511 = CARTESIAN_POINT('', (56.4, 65.9, 0.37));
#1512 = B_SPLINE_CURVE_WITH_KNOTS('', 1, (#1513, #1514), .UNSPECIFIED., .F., .U., (2, 2), (0., 1.), .UNSPECIFIED.);
#1513 = CARTESIAN_POINT('', (56.4, 65.9, 0.37));
#1514 = CARTESIAN_POINT('', (56.4, 64.23, -1.3));
#1515 = ORIENTED_EDGE('', *, *, #1516, .F.);
#1516 = EDGE_CURVE('', #1486, #1510, #1517, .T.);
#1517 = B_SPLINE_CURVE_WITH_KNOTS('', 3, (#1518, #1519, #1520, #1521, #1522, #1523, #1524, #1525, #1526, #1527, #1528, #1529, #1530, #1531, #1532, #1533, #1534, #1535, #1536, #1537, #1538, #1539, #1540, #1541, #1542, #1543, #1544, #1545, #1546, #1547, #1548, #1549, #1550, #1551, #1552, #1553, #1554, #1555, #1556, #1557, #1558, #1559, #1560, #1561, #1562, #1563, #1564, #1565, #1566, #1567, #1568, #1569, #1570, #1571, #1572, #1573, #1574, #1575), .UNSPECIFIED., .F., .U., (4, 3, 3, 3, 3, 3, 3, 3, 3, 3, 3, 3, 3, 3, 3, 3, 3, 3, 3, 4), (0., 0.08649755859375, 0.1729951171875, 0.25949267578125, 0.345990234375, 0.43248779296875, 0.5189853515625, 0.60548291015625, 0.69198046875, 0.77847802734375, 0.8649755859375, 0.95147314453125, 1.037970703125, 1.12446826171875, 1.2109658203125, 1.29746337890625, 1.3839609375, 1.47045849609375, 1.5569560546875, 1.61605407621577), .UNSPECIFIED.);
#1518 = CARTESIAN_POINT('', (59.1, 63.2, 0.37));
#1519 = CARTESIAN_POINT('', (59.1, 63.2755803910042, 0.37));
#1520 = CARTESIAN_POINT('', (59.0968096017588, 63.3514277628636, 0.37));
#1521 = CARTESIAN_POINT('', (59.0904624956429, 63.4267411730128, 0.37));
#1522 = CARTESIAN_POINT('', (59.0841153895269, 63.502054583162, 0.37));
#1523 = CARTESIAN_POINT('', (59.0745667343864, 63.5773661071401, 0.37));
#1524 = CARTESIAN_POINT('', (59.0619173633043, 63.6518804608955, 0.37));
#1525 = CARTESIAN_POINT('', (59.0492679922222, 63.7263948146508, 0.37));
#1526 = CARTESIAN_POINT('', (59.0334285396935, 63.8006384285344, 0.37));
#1527 = CARTESIAN_POINT('', (59.0145662691503, 63.8738272955451, 0.37));
#1528 = CARTESIAN_POINT('', (58.9957039986071, 63.9470161625558, 0.37));
#1529 = CARTESIAN_POINT('', (58.9736856515402, 64.0196673487218, 0.37));
#1530 = CARTESIAN_POINT('', (58.9487437400451, 64.0910136629597, 0.37));
#1531 = CARTESIAN_POINT('', (58.9238018285501, 64.1623599771975, 0.37));
#1532 = CARTESIAN_POINT('', (58.8957601425606, 64.2329054682352, 0.37));
#1533 = CARTESIAN_POINT('', (58.86491480018, 64.3019051809722, 0.37));
#1534 = CARTESIAN_POINT('', (58.8340694577995, 64.3709048937092, 0.37));
#1535 = CARTESIAN_POINT('', (58.8002025422965, 64.4388462985608, 0.369999999999999));
#1536 = CARTESIAN_POINT('', (58.7636716857618, 64.5050119393813, 0.369999999999999));
#1537 = CARTESIAN_POINT('', (58.7271408292271, 64.5711775802019, 0.369999999999999));
#1538 = CARTESIAN_POINT('', (58.6876879478064, 64.6360349052045, 0.37));
#1539 = CARTESIAN_POINT('', (58.6457296609719, 64.6988990258956, 0.37));
#1540 = CARTESIAN_POINT('', (58.6037713741375, 64.7617631465868, 0.37));
#1541 = CARTESIAN_POINT('', (58.5590112542274, 64.8230781865405, 0.369999999999999));
#1542 = CARTESIAN_POINT('', (58.511921964755, 64.8821966635282, 0.369999999999999));
#1543 = CARTESIAN_POINT('', (58.4648326752826, 64.9413151405158, 0.369999999999999));
#1544 = CARTESIAN_POINT('', (58.415081538986, 64.9986547158202, 0.37));
#1545 = CARTESIAN_POINT('', (58.3631939241375, 65.0536098878215, 0.37));
#1546 = CARTESIAN_POINT('', (58.311306309289, 65.1085650598228, 0.37));
#1547 = CARTESIAN_POINT('', (58.2569156393312, 65.1615240768116, 0.37));
#1548 = CARTESIAN_POINT('', (58.2005962756642, 65.2119276955359, 0.37));
#1549 = CARTESIAN_POINT('', (58.1442769119972, 65.2623313142602, 0.37));
#1550 = CARTESIAN_POINT('', (58.0856309685645, 65.3105356271148, 0.369999999999999));
#1551 = CARTESIAN_POINT('', (58.0252777421356, 65.356031600167, 0.369999999999999));
#1552 = CARTESIAN_POINT('', (57.9649245157066, 65.4015275732193, 0.369999999999999));
#1553 = CARTESIAN_POINT('', (57.9024376217184, 65.4446366272405, 0.37));
#1554 = CARTESIAN_POINT('', (57.8384769170905, 65.4849035338495, 0.37));
#1555 = CARTESIAN_POINT('', (57.7745162124626, 65.5251704404585, 0.37));
#1556 = CARTESIAN_POINT('', (57.708629826455, 65.5628796780236, 0.37));
#1557 = CARTESIAN_POINT('', (57.6415135143682, 65.597633039821, 0.37));
#1558 = CARTESIAN_POINT('', (57.5743972022814, 65.6323864016184, 0.37));
#1559 = CARTESIAN_POINT('', (57.5055767995828, 65.6644294138255, 0.369999999999999));
#1560 = CARTESIAN_POINT('', (57.4357790445697, 65.6934237046339, 0.369999999999999));
#1561 = CARTESIAN_POINT('', (57.3659812895566, 65.7224179954423, 0.369999999999999));
#1562 = CARTESIAN_POINT('', (57.2947130737899, 65.7485684042407, 0.369999999999999));
#1563 = CARTESIAN_POINT('', (57.2227269842893, 65.7715987846712, 0.369999999999999));
#1564 = CARTESIAN_POINT('', (57.1507408947887, 65.7946291651017, 0.369999999999999));
#1565 = CARTESIAN_POINT('', (57.0775283629305, 65.8147022226114, 0.369999999999999));
#1566 = CARTESIAN_POINT('', (57.0038625075664, 65.8316059872169, 0.369999999999999));
#1567 = CARTESIAN_POINT('', (56.9301966522023, 65.8485097518223, 0.369999999999999));
#1568 = CARTESIAN_POINT('', (56.8555570374685, 65.8623636455446, 0.37));
#1569 = CARTESIAN_POINT('', (56.780731852105, 65.8730213723038, 0.37));
#1570 = CARTESIAN_POINT('', (56.7059066667415, 65.883679099063, 0.37));
#1571 = CARTESIAN_POINT('', (56.6303672844288, 65.8912159537594, 0.369999999999999));
#1572 = CARTESIAN_POINT('', (56.5549113953855, 65.8955523477721, 0.369999999999999));
#1573 = CARTESIAN_POINT('', (56.5033574113469, 65.8985151170211, 0.369999999999999));
#1574 = CARTESIAN_POINT('', (56.4516390479373, 65.9, 0.37));
#1575 = CARTESIAN_POINT('', (56.4, 65.9, 0.37));
#1576 = ORIENTED_EDGE('', *, *, #1485, .T.);
#1577 = B_SPLINE_SURFACE_WITH_KNOTS('', 3, 1, ((#1578, #1579), (#1580, #1581), (#1582, #1583), (#1584, #1585), (#1586, #1587), (#1588, #1589), (#1590, #1591), (#1592, #1593), (#1594, #1595), (#1596, #1597), (#1598, #1599), (#1600, #1601), (#1602, #1603), (#1604, #1605), (#1606, #1607), (#1608, #1609), (#1610, #1611), (#1612, #1613), (#1614, #1615), (#1616, #1617), (#1618, #1619), (#1620, #1621), (#1622, #1623), (#1624, #1625), (#1626, #1627), (#1628, #1629), (#1630, #1631), (#1632, #1633), (#1634, #1635), (#1636, #1637), (#1638, #1639), (#1640, #1641), (#1642, #1643), (#1644, #1645), (#1646, #1647), (#1648, #1649), (#1650, #1651), (#1652, #1653), (#1654, #1655), (#1656, #1657), (#1658, #1659), (#1660, #1661), (#1662, #1663), (#1664, #1665), (#1666, #1667), (#1668, #1669), (#1670, #1671), (#1672, #1673), (#1674, #1675), (#1676, #1677), (#1678, #1679), (#1680, #1681), (#1682, #1683), (#1684, #1685), (#1686, #1687), (#1688, #1689), (#1690, #1691), (#1692, #1693)), .UNSPECIFIED., .F., .F., .U., (4, 3, 3, 3, 3, 3, 3, 3, 3, 3, 3, 3, 3, 3, 3, 3, 3, 3, 3, 4), (2, 2), (0., 0.08649755859375, 0.1729951171875, 0.25949267578125, 0.345990234375, 0.43248779296875, 0.5189853515625, 0.60548291015625, 0.69198046875, 0.77847802734375, 0.8649755859375, 0.95147314453125, 1.037970703125, 1.12446826171875, 1.2109658203125, 1.29746337890625, 1.3839609375, 1.47045849609375, 1.5569560546875, 1.61605407621577), (0., 1.), .UNSPECIFIED.);
#1578 = CARTESIAN_POINT('', (57.43, 63.2, -1.3));
#1579 = CARTESIAN_POINT('', (59.1, 63.2, 0.37));
#1580 = CARTESIAN_POINT('', (57.43, 63.2288325195313, -1.3));
#1581 = CARTESIAN_POINT('', (59.1, 63.2755803910042, 0.37));
#1582 = CARTESIAN_POINT('', (57.4287829221525, 63.2577668873146, -1.3));
#1583 = CARTESIAN_POINT('', (59.0968096017588, 63.3514277628636, 0.37));
#1584 = CARTESIAN_POINT('', (57.4263616187082, 63.2864975585938, -1.3));
#1585 = CARTESIAN_POINT('', (59.0904624956429, 63.4267411730128, 0.37));
#1586 = CARTESIAN_POINT('', (57.423940315264, 63.3152282298729, -1.3));
#1587 = CARTESIAN_POINT('', (59.0841153895269, 63.502054583162, 0.37));
#1588 = CARTESIAN_POINT('', (57.4202976801548, 63.3439581816127, -1.3));
#1589 = CARTESIAN_POINT('', (59.0745667343864, 63.5773661071401, 0.37));
#1590 = CARTESIAN_POINT('', (57.4154721793346, 63.3723840276749, -1.3));
#1591 = CARTESIAN_POINT('', (59.0619173633043, 63.6518804608955, 0.37));
#1592 = CARTESIAN_POINT('', (57.4106466785144, 63.4008098737372, -1.3));
#1593 = CARTESIAN_POINT('', (59.0492679922222, 63.7263948146508, 0.37));
#1594 = CARTESIAN_POINT('', (57.4046042206979, 63.429132437552, -1.3));
#1595 = CARTESIAN_POINT('', (59.0334285396935, 63.8006384285344, 0.37));
#1596 = CARTESIAN_POINT('', (57.397408613787, 63.4570526349672, -1.3));
#1597 = CARTESIAN_POINT('', (59.0145662691503, 63.8738272955451, 0.37));
#1598 = CARTESIAN_POINT('', (57.390213006876, 63.4849728323824, -1.3));
#1599 = CARTESIAN_POINT('', (58.9957039986071, 63.9470161625558, 0.37));
#1600 = CARTESIAN_POINT('', (57.3818134152172, 63.5126879145124, -1.3));
#1601 = CARTESIAN_POINT('', (58.9736856515402, 64.0196673487218, 0.37));
#1602 = CARTESIAN_POINT('', (57.3722985378691, 63.5399052121661, -1.3));
#1603 = CARTESIAN_POINT('', (58.9487437400451, 64.0910136629597, 0.37));
#1604 = CARTESIAN_POINT('', (57.362783660521, 63.5671225098198, -1.3));
#1605 = CARTESIAN_POINT('', (58.9238018285501, 64.1623599771975, 0.37));
#1606 = CARTESIAN_POINT('', (57.3520862766065, 63.5940343082527, -1.3));
#1607 = CARTESIAN_POINT('', (58.8957601425606, 64.2329054682352, 0.37));
#1608 = CARTESIAN_POINT('', (57.3403193496983, 63.6203564208894, -1.3));
#1609 = CARTESIAN_POINT('', (58.86491480018, 64.3019051809722, 0.37));
#1610 = CARTESIAN_POINT('', (57.3285524227902, 63.6466785335261, -1.3));
#1611 = CARTESIAN_POINT('', (58.8340694577995, 64.3709048937092, 0.37));
#1612 = CARTESIAN_POINT('', (57.3156328216909, 63.6725969213028, -1.3));
#1613 = CARTESIAN_POINT('', (58.8002025422965, 64.4388462985608, 0.369999999999999));
#1614 = CARTESIAN_POINT('', (57.3016969764203, 63.6978378879862, -1.3));
#1615 = CARTESIAN_POINT('', (58.7636716857618, 64.5050119393813, 0.369999999999999));
#1616 = CARTESIAN_POINT('', (57.2877611311496, 63.7230788546696, -1.3));
#1617 = CARTESIAN_POINT('', (58.7271408292271, 64.5711775802019, 0.369999999999999));
#1618 = CARTESIAN_POINT('', (57.2727105874965, 63.7478207230965, -1.3));
#1619 = CARTESIAN_POINT('', (58.6876879478064, 64.6360349052045, 0.37));
#1620 = CARTESIAN_POINT('', (57.2567042780745, 63.7718022209898, -1.3));
#1621 = CARTESIAN_POINT('', (58.6457296609719, 64.6988990258956, 0.37));
#1622 = CARTESIAN_POINT('', (57.2406979686524, 63.7957837188831, -1.3));
#1623 = CARTESIAN_POINT('', (58.6037713741375, 64.7617631465868, 0.37));
#1624 = CARTESIAN_POINT('', (57.2236228117979, 63.8191742711617, -1.3));
#1625 = CARTESIAN_POINT('', (58.5590112542274, 64.8230781865405, 0.369999999999999));
#1626 = CARTESIAN_POINT('', (57.205659119888, 63.8417268753459, -1.3));
#1627 = CARTESIAN_POINT('', (58.511921964755, 64.8821966635282, 0.369999999999999));
#1628 = CARTESIAN_POINT('', (57.1876954279782, 63.8642794795301, -1.3));
#1629 = CARTESIAN_POINT('', (58.4648326752826, 64.9413151405158, 0.369999999999999));
#1630 = CARTESIAN_POINT('', (57.1687162907984, 63.8861534656648, -1.3));
#1631 = CARTESIAN_POINT('', (58.415081538986, 64.9986547158202, 0.37));
#1632 = CARTESIAN_POINT('', (57.1489221266154, 63.9071178460949, -1.3));
#1633 = CARTESIAN_POINT('', (58.3631939241375, 65.0536098878215, 0.37));
#1634 = CARTESIAN_POINT('', (57.1291279624325, 63.928082226525, -1.3));
#1635 = CARTESIAN_POINT('', (58.311306309289, 65.1085650598228, 0.37));
#1636 = CARTESIAN_POINT('', (57.1083789290782, 63.9482851107837, -1.3));
#1637 = CARTESIAN_POINT('', (58.2569156393312, 65.1615240768116, 0.37));
#1638 = CARTESIAN_POINT('', (57.0868941347904, 63.9675131579267, -1.3));
#1639 = CARTESIAN_POINT('', (58.2005962756642, 65.2119276955359, 0.37));
#1640 = CARTESIAN_POINT('', (57.0654093405026, 63.9867412050696, -1.3));
#1641 = CARTESIAN_POINT('', (58.1442769119972, 65.2623313142602, 0.37));
#1642 = CARTESIAN_POINT('', (57.043036999119, 64.0051302577512, -1.3));
#1643 = CARTESIAN_POINT('', (58.0856309685645, 65.3105356271148, 0.369999999999999));
#1644 = CARTESIAN_POINT('', (57.0200133608887, 64.0224861289526, -1.3));
#1645 = CARTESIAN_POINT('', (58.0252777421356, 65.356031600167, 0.369999999999999));
#1646 = CARTESIAN_POINT('', (56.9969897226584, 64.039842000154, -1.3));
#1647 = CARTESIAN_POINT('', (57.9649245157066, 65.4015275732193, 0.369999999999999));
#1648 = CARTESIAN_POINT('', (56.9731521297667, 64.0562873059473, -1.3));
#1649 = CARTESIAN_POINT('', (57.9024376217184, 65.4446366272405, 0.37));
#1650 = CARTESIAN_POINT('', (56.9487523054086, 64.0716483851352, -1.3));
#1651 = CARTESIAN_POINT('', (57.8384769170905, 65.4849035338495, 0.37));
#1652 = CARTESIAN_POINT('', (56.9243524810506, 64.087009464323, -1.3));
#1653 = CARTESIAN_POINT('', (57.7745162124626, 65.5251704404585, 0.37));
#1654 = CARTESIAN_POINT('', (56.8992180449069, 64.1013948401349, -1.3));
#1655 = CARTESIAN_POINT('', (57.708629826455, 65.5628796780236, 0.37));
#1656 = CARTESIAN_POINT('', (56.8736144147405, 64.1146526040799, -1.3));
#1657 = CARTESIAN_POINT('', (57.6415135143682, 65.597633039821, 0.37));
#1658 = CARTESIAN_POINT('', (56.848010784574, 64.1279103680248, -1.3));
#1659 = CARTESIAN_POINT('', (57.5743972022814, 65.6323864016184, 0.37));
#1660 = CARTESIAN_POINT('', (56.8217570753964, 64.1401341837927, -1.3));
#1661 = CARTESIAN_POINT('', (57.5055767995828, 65.6644294138255, 0.369999999999999));
#1662 = CARTESIAN_POINT('', (56.7951305244099, 64.1511949688048, -1.3));
#1663 = CARTESIAN_POINT('', (57.4357790445697, 65.6934237046339, 0.369999999999999));
#1664 = CARTESIAN_POINT('', (56.7685039734234, 64.1622557538169, -1.3));
#1665 = CARTESIAN_POINT('', (57.3659812895566, 65.7224179954423, 0.369999999999999));
#1666 = CARTESIAN_POINT('', (56.7413164688902, 64.1722316505066, -1.3));
#1667 = CARTESIAN_POINT('', (57.2947130737899, 65.7485684042407, 0.369999999999999));
#1668 = CARTESIAN_POINT('', (56.7138551088215, 64.1810173141523, -1.3));
#1669 = CARTESIAN_POINT('', (57.2227269842893, 65.7715987846712, 0.369999999999999));
#1670 = CARTESIAN_POINT('', (56.6863937487527, 64.1898029777981, -1.3));
#1671 = CARTESIAN_POINT('', (57.1507408947887, 65.7946291651017, 0.369999999999999));
#1672 = CARTESIAN_POINT('', (56.6584645236364, 64.1974604775148, -1.3));
#1673 = CARTESIAN_POINT('', (57.0775283629305, 65.8147022226114, 0.369999999999999));
#1674 = CARTESIAN_POINT('', (56.6303623639976, 64.2039089506791, -1.3));
#1675 = CARTESIAN_POINT('', (57.0038625075664, 65.8316059872169, 0.369999999999999));
#1676 = CARTESIAN_POINT('', (56.6022602043587, 64.2103574238433, -1.3));
#1677 = CARTESIAN_POINT('', (56.9301966522023, 65.8485097518223, 0.369999999999999));
#1678 = CARTESIAN_POINT('', (56.5737865735528, 64.2156424277448, -1.3));
#1679 = CARTESIAN_POINT('', (56.8555570374685, 65.8623636455446, 0.37));
#1680 = CARTESIAN_POINT('', (56.5452421509882, 64.2197081531381, -1.3));
#1681 = CARTESIAN_POINT('', (56.780731852105, 65.8730213723038, 0.37));
#1682 = CARTESIAN_POINT('', (56.5166977284236, 64.2237738785315, -1.3));
#1683 = CARTESIAN_POINT('', (56.7059066667415, 65.883679099063, 0.37));
#1684 = CARTESIAN_POINT('', (56.4878808529488, 64.2266490490268, -1.3));
#1685 = CARTESIAN_POINT('', (56.6303672844288, 65.8912159537594, 0.369999999999999));
#1686 = CARTESIAN_POINT('', (56.45909582861, 64.2283033030391, -1.3));
#1687 = CARTESIAN_POINT('', (56.5549113953855, 65.8955523477721, 0.369999999999999));
#1688 = CARTESIAN_POINT('', (56.4394289384027, 64.2294335446415, -1.3));
#1689 = CARTESIAN_POINT('', (56.5033574113469, 65.8985151170211, 0.369999999999999));
#1690 = CARTESIAN_POINT('', (56.4196993405094, 64.23, -1.3));
#1691 = CARTESIAN_POINT('', (56.4516390479373, 65.9, 0.37));
#1692 = CARTESIAN_POINT('', (56.4, 64.23, -1.3));
#1693 = CARTESIAN_POINT('', (56.4, 65.9, 0.37));
#1694 = ADVANCED_FACE('', (#1695), #1713, .T.);
#1695 = FACE_OUTER_BOUND('', #1696, .T.);
#1696 = EDGE_LOOP('', (#1697, #1698, #1705, #1712));
#1697 = ORIENTED_EDGE('', *, *, #620, .T.);
#1698 = ORIENTED_EDGE('', *, *, #1699, .F.);
#1699 = EDGE_CURVE('', #1700, #558, #1702, .T.);
#1700 = VERTEX_POINT('', #1701);
#1701 = CARTESIAN_POINT('', (1.4, 65.9, 0.37));
#1702 = B_SPLINE_CURVE_WITH_KNOTS('', 1, (#1703, #1704), .UNSPECIFIED., .F., .U., (2, 2), (0., 1.), .UNSPECIFIED.);
#1703 = CARTESIAN_POINT('', (1.4, 65.9, 0.37));
#1704 = CARTESIAN_POINT('', (1.4, 64.23, -1.3));
#1705 = ORIENTED_EDGE('', *, *, #1706, .F.);
#1706 = EDGE_CURVE('', #1510, #1700, #1707, .T.);
#1707 = B_SPLINE_CURVE_WITH_KNOTS('', 3, (#1708, #1709, #1710, #1711), .UNSPECIFIED., .F., .U., (4, 4), (0., 55.), .UNSPECIFIED.);
#1708 = CARTESIAN_POINT('', (56.4, 65.9, 0.37));
#1709 = CARTESIAN_POINT('', (38.0666666666667, 65.9, 0.37));
#1710 = CARTESIAN_POINT('', (19.7333333333333, 65.9, 0.37));
#1711 = CARTESIAN_POINT('', (1.4, 65.9, 0.37));
#1712 = ORIENTED_EDGE('', *, *, #1509, .T.);
#1713 = B_SPLINE_SURFACE_WITH_KNOTS('', 1, 1, ((#1714, #1715), (#1716, #1717)), .UNSPECIFIED., .F., .F., .U., (2, 2), (2, 2), (0., 55.), (0., 1.), .UNSPECIFIED.);
#1714 = CARTESIAN_POINT('', (56.4, 64.23, -1.3));
#1715 = CARTESIAN_POINT('', (56.4, 65.9, 0.37));
#1716 = CARTESIAN_POINT('', (1.39999999999998, 64.23, -1.3));
#1717 = CARTESIAN_POINT('', (1.39999999999998, 65.9, 0.37));
#1718 = ADVANCED_FACE('', (#1719), #1791, .T.);
#1719 = FACE_OUTER_BOUND('', #1720, .T.);
#1720 = EDGE_LOOP('', (#1721, #1722, #1729, #1790));
#1721 = ORIENTED_EDGE('', *, *, #557, .T.);
#1722 = ORIENTED_EDGE('', *, *, #1723, .F.);
#1723 = EDGE_CURVE('', #1724, #549, #1726, .T.);
#1724 = VERTEX_POINT('', #1725);
#1725 = CARTESIAN_POINT('', (-1.3, 63.2, 0.37));
#1726 = B_SPLINE_CURVE_WITH_KNOTS('', 1, (#1727, #1728), .UNSPECIFIED., .F., .U., (2, 2), (0., 1.), .UNSPECIFIED.);
#1727 = CARTESIAN_POINT('', (-1.3, 63.2, 0.37));
#1728 = CARTESIAN_POINT('', (0.370000000000005, 63.2, -1.3));
#1729 = ORIENTED_EDGE('', *, *, #1730, .F.);
#1730 = EDGE_CURVE('', #1700, #1724, #1731, .T.);
#1731 = B_SPLINE_CURVE_WITH_KNOTS('', 3, (#1732, #1733, #1734, #1735, #1736, #1737, #1738, #1739, #1740, #1741, #1742, #1743, #1744, #1745, #1746, #1747, #1748, #1749, #1750, #1751, #1752, #1753, #1754, #1755, #1756, #1757, #1758, #1759, #1760, #1761, #1762, #1763, #1764, #1765, #1766, #1767, #1768, #1769, #1770, #1771, #1772, #1773, #1774, #1775, #1776, #1777, #1778, #1779, #1780, #1781, #1782, #1783, #1784, #1785, #1786, #1787, #1788, #1789), .UNSPECIFIED., .F., .U., (4, 3, 3, 3, 3, 3, 3, 3, 3, 3, 3, 3, 3, 3, 3, 3, 3, 3, 3, 4), (0., 0.08649755859375, 0.1729951171875, 0.25949267578125, 0.345990234375, 0.43248779296875, 0.5189853515625, 0.60548291015625, 0.69198046875, 0.77847802734375, 0.8649755859375, 0.95147314453125, 1.037970703125, 1.12446826171875, 1.2109658203125, 1.29746337890625, 1.3839609375, 1.47045849609375, 1.5569560546875, 1.61605407621571), .UNSPECIFIED.);
#1732 = CARTESIAN_POINT('', (1.4, 65.9, 0.37));
#1733 = CARTESIAN_POINT('', (1.32441960899575, 65.9, 0.37));
#1734 = CARTESIAN_POINT('', (1.24857223713648, 65.8968096017588, 0.369999999999999));
#1735 = CARTESIAN_POINT('', (1.17325882698724, 65.8904624956429, 0.369999999999999));
#1736 = CARTESIAN_POINT('', (1.097945416838, 65.8841153895269, 0.369999999999999));
#1737 = CARTESIAN_POINT('', (1.02263389285993, 65.8745667343864, 0.369999999999999));
#1738 = CARTESIAN_POINT('', (0.948119539104548, 65.8619173633043, 0.369999999999999));
#1739 = CARTESIAN_POINT('', (0.873605185349164, 65.8492679922222, 0.369999999999999));
#1740 = CARTESIAN_POINT('', (0.799361571465654, 65.8334285396935, 0.37));
#1741 = CARTESIAN_POINT('', (0.726172704454952, 65.8145662691503, 0.37));
#1742 = CARTESIAN_POINT('', (0.65298383744425, 65.7957039986071, 0.37));
#1743 = CARTESIAN_POINT('', (0.580332651278194, 65.7736856515402, 0.37));
#1744 = CARTESIAN_POINT('', (0.508986337040328, 65.7487437400451, 0.37));
#1745 = CARTESIAN_POINT('', (0.437640022802463, 65.7238018285501, 0.37));
#1746 = CARTESIAN_POINT('', (0.367094531764716, 65.6957601425606, 0.369999999999999));
#1747 = CARTESIAN_POINT('', (0.298094819027767, 65.66491480018, 0.369999999999999));
#1748 = CARTESIAN_POINT('', (0.229095106290818, 65.6340694577995, 0.369999999999999));
#1749 = CARTESIAN_POINT('', (0.1611537014392, 65.6002025422965, 0.369999999999999));
#1750 = CARTESIAN_POINT('', (0.0949880606186275, 65.5636716857618, 0.369999999999999));
#1751 = CARTESIAN_POINT('', (0.0288224197980548, 65.5271408292271, 0.369999999999999));
#1752 = CARTESIAN_POINT('', (-0.0360349052045513, 65.4876879478064, 0.37));
#1753 = CARTESIAN_POINT('', (-0.0988990258956963, 65.4457296609719, 0.37));
#1754 = CARTESIAN_POINT('', (-0.161763146586841, 65.4037713741374, 0.37));
#1755 = CARTESIAN_POINT('', (-0.223078186540585, 65.3590112542274, 0.37));
#1756 = CARTESIAN_POINT('', (-0.282196663528228, 65.311921964755, 0.37));
#1757 = CARTESIAN_POINT('', (-0.341315140515871, 65.2648326752826, 0.37));
#1758 = CARTESIAN_POINT('', (-0.39865471582024, 65.215081538986, 0.37));
#1759 = CARTESIAN_POINT('', (-0.453609887821526, 65.1631939241375, 0.37));
#1760 = CARTESIAN_POINT('', (-0.508565059822811, 65.111306309289, 0.37));
#1761 = CARTESIAN_POINT('', (-0.56152407681166, 65.0569156393311, 0.369999999999999));
#1762 = CARTESIAN_POINT('', (-0.611927695535914, 65.0005962756641, 0.369999999999999));
#1763 = CARTESIAN_POINT('', (-0.662331314260167, 64.9442769119972, 0.369999999999999));
#1764 = CARTESIAN_POINT('', (-0.710535627114805, 64.8856309685644, 0.37));
#1765 = CARTESIAN_POINT('', (-0.756031600167064, 64.8252777421355, 0.37));
#1766 = CARTESIAN_POINT('', (-0.801527573219324, 64.7649245157066, 0.37));
#1767 = CARTESIAN_POINT('', (-0.844636627240509, 64.7024376217184, 0.37));
#1768 = CARTESIAN_POINT('', (-0.884903533849502, 64.6384769170905, 0.37));
#1769 = CARTESIAN_POINT('', (-0.925170440458495, 64.5745162124626, 0.37));
#1770 = CARTESIAN_POINT('', (-0.96287967802363, 64.5086298264549, 0.37));
#1771 = CARTESIAN_POINT('', (-0.997633039821035, 64.4415135143681, 0.37));
#1772 = CARTESIAN_POINT('', (-1.03238640161844, 64.3743972022813, 0.37));
#1773 = CARTESIAN_POINT('', (-1.0644294138256, 64.3055767995827, 0.369999999999999));
#1774 = CARTESIAN_POINT('', (-1.09342370463396, 64.2357790445696, 0.369999999999999));
#1775 = CARTESIAN_POINT('', (-1.12241799544232, 64.1659812895564, 0.369999999999999));
#1776 = CARTESIAN_POINT('', (-1.14856840424073, 64.0947130737897, 0.37));
#1777 = CARTESIAN_POINT('', (-1.17159878467122, 64.0227269842892, 0.37));
#1778 = CARTESIAN_POINT('', (-1.19462916510171, 63.9507408947886, 0.37));
#1779 = CARTESIAN_POINT('', (-1.21470222261147, 63.8775283629303, 0.37));
#1780 = CARTESIAN_POINT('', (-1.2316059872169, 63.8038625075662, 0.37));
#1781 = CARTESIAN_POINT('', (-1.24850975182233, 63.7301966522022, 0.37));
#1782 = CARTESIAN_POINT('', (-1.26236364554458, 63.6555570374683, 0.369999999999999));
#1783 = CARTESIAN_POINT('', (-1.27302137230379, 63.5807318521048, 0.369999999999999));
#1784 = CARTESIAN_POINT('', (-1.28367909906299, 63.5059066667414, 0.369999999999999));
#1785 = CARTESIAN_POINT('', (-1.29121595375943, 63.4303672844287, 0.37));
#1786 = CARTESIAN_POINT('', (-1.29555234777212, 63.3549113953854, 0.37));
#1787 = CARTESIAN_POINT('', (-1.29851511702113, 63.3033574113468, 0.37));
#1788 = CARTESIAN_POINT('', (-1.3, 63.2516390479373, 0.37));
#1789 = CARTESIAN_POINT('', (-1.3, 63.2, 0.37));
#1790 = ORIENTED_EDGE('', *, *, #1699, .T.);
#1791 = B_SPLINE_SURFACE_WITH_KNOTS('', 3, 1, ((#1792, #1793), (#1794, #1795), (#1796, #1797), (#1798, #1799), (#1800, #1801), (#1802, #1803), (#1804, #1805), (#1806, #1807), (#1808, #1809), (#1810, #1811), (#1812, #1813), (#1814, #1815), (#1816, #1817), (#1818, #1819), (#1820, #1821), (#1822, #1823), (#1824, #1825), (#1826, #1827), (#1828, #1829), (#1830, #1831), (#1832, #1833), (#1834, #1835), (#1836, #1837), (#1838, #1839), (#1840, #1841), (#1842, #1843), (#1844, #1845), (#1846, #1847), (#1848, #1849), (#1850, #1851), (#1852, #1853), (#1854, #1855), (#1856, #1857), (#1858, #1859), (#1860, #1861), (#1862, #1863), (#1864, #1865), (#1866, #1867), (#1868, #1869), (#1870, #1871), (#1872, #1873), (#1874, #1875), (#1876, #1877), (#1878, #1879), (#1880, #1881), (#1882, #1883), (#1884, #1885), (#1886, #1887), (#1888, #1889), (#1890, #1891), (#1892, #1893), (#1894, #1895), (#1896, #1897), (#1898, #1899), (#1900, #1901), (#1902, #1903), (#1904, #1905), (#1906, #1907)), .UNSPECIFIED., .F., .F., .U., (4, 3, 3, 3, 3, 3, 3, 3, 3, 3, 3, 3, 3, 3, 3, 3, 3, 3, 3, 4), (2, 2), (0., 0.08649755859375, 0.1729951171875, 0.25949267578125, 0.345990234375, 0.43248779296875, 0.5189853515625, 0.60548291015625, 0.69198046875, 0.77847802734375, 0.8649755859375, 0.95147314453125, 1.037970703125, 1.12446826171875, 1.2109658203125, 1.29746337890625, 1.3839609375, 1.47045849609375, 1.5569560546875, 1.61605407621571), (0., 1.), .UNSPECIFIED.);
#1792 = CARTESIAN_POINT('', (1.4, 64.23, -1.3));
#1793 = CARTESIAN_POINT('', (1.4, 65.9, 0.37));
#1794 = CARTESIAN_POINT('', (1.37116748046875, 64.23, -1.3));
#1795 = CARTESIAN_POINT('', (1.32441960899575, 65.9, 0.37));
#1796 = CARTESIAN_POINT('', (1.3422331126854, 64.2287829221525, -1.3));
#1797 = CARTESIAN_POINT('', (1.24857223713648, 65.8968096017588, 0.369999999999999));
#1798 = CARTESIAN_POINT('', (1.31350244140625, 64.2263616187083, -1.3));
#1799 = CARTESIAN_POINT('', (1.17325882698724, 65.8904624956429, 0.369999999999999));
#1800 = CARTESIAN_POINT('', (1.2847717701271, 64.223940315264, -1.3));
#1801 = CARTESIAN_POINT('', (1.097945416838, 65.8841153895269, 0.369999999999999));
#1802 = CARTESIAN_POINT('', (1.25604181838731, 64.2202976801548, -1.3));
#1803 = CARTESIAN_POINT('', (1.02263389285993, 65.8745667343864, 0.369999999999999));
#1804 = CARTESIAN_POINT('', (1.22761597232508, 64.2154721793346, -1.3));
#1805 = CARTESIAN_POINT('', (0.948119539104548, 65.8619173633043, 0.369999999999999));
#1806 = CARTESIAN_POINT('', (1.19919012626284, 64.2106466785144, -1.3));
#1807 = CARTESIAN_POINT('', (0.873605185349164, 65.8492679922222, 0.369999999999999));
#1808 = CARTESIAN_POINT('', (1.17086756244801, 64.2046042206979, -1.3));
#1809 = CARTESIAN_POINT('', (0.799361571465654, 65.8334285396935, 0.37));
#1810 = CARTESIAN_POINT('', (1.14294736503282, 64.197408613787, -1.3));
#1811 = CARTESIAN_POINT('', (0.726172704454952, 65.8145662691503, 0.37));
#1812 = CARTESIAN_POINT('', (1.11502716761762, 64.1902130068761, -1.3));
#1813 = CARTESIAN_POINT('', (0.65298383744425, 65.7957039986071, 0.37));
#1814 = CARTESIAN_POINT('', (1.08731208548762, 64.1818134152172, -1.3));
#1815 = CARTESIAN_POINT('', (0.580332651278194, 65.7736856515402, 0.37));
#1816 = CARTESIAN_POINT('', (1.06009478783391, 64.1722985378691, -1.3));
#1817 = CARTESIAN_POINT('', (0.508986337040328, 65.7487437400451, 0.37));
#1818 = CARTESIAN_POINT('', (1.03287749018021, 64.162783660521, -1.3));
#1819 = CARTESIAN_POINT('', (0.437640022802463, 65.7238018285501, 0.37));
#1820 = CARTESIAN_POINT('', (1.00596569174728, 64.1520862766065, -1.3));
#1821 = CARTESIAN_POINT('', (0.367094531764716, 65.6957601425606, 0.369999999999999));
#1822 = CARTESIAN_POINT('', (0.979643579110594, 64.1403193496983, -1.3));
#1823 = CARTESIAN_POINT('', (0.298094819027767, 65.66491480018, 0.369999999999999));
#1824 = CARTESIAN_POINT('', (0.953321466473905, 64.1285524227902, -1.3));
#1825 = CARTESIAN_POINT('', (0.229095106290818, 65.6340694577995, 0.369999999999999));
#1826 = CARTESIAN_POINT('', (0.927403078697173, 64.1156328216909, -1.3));
#1827 = CARTESIAN_POINT('', (0.1611537014392, 65.6002025422965, 0.369999999999999));
#1828 = CARTESIAN_POINT('', (0.90216211201377, 64.1016969764203, -1.3));
#1829 = CARTESIAN_POINT('', (0.0949880606186275, 65.5636716857618, 0.369999999999999));
#1830 = CARTESIAN_POINT('', (0.876921145330366, 64.0877611311496, -1.3));
#1831 = CARTESIAN_POINT('', (0.0288224197980548, 65.5271408292271, 0.369999999999999));
#1832 = CARTESIAN_POINT('', (0.852179276903449, 64.0727105874965, -1.3));
#1833 = CARTESIAN_POINT('', (-0.0360349052045513, 65.4876879478064, 0.37));
#1834 = CARTESIAN_POINT('', (0.828197779010161, 64.0567042780745, -1.3));
#1835 = CARTESIAN_POINT('', (-0.0988990258956963, 65.4457296609719, 0.37));
#1836 = CARTESIAN_POINT('', (0.804216281116872, 64.0406979686524, -1.3));
#1837 = CARTESIAN_POINT('', (-0.161763146586841, 65.4037713741374, 0.37));
#1838 = CARTESIAN_POINT('', (0.780825728838229, 64.0236228117978, -1.3));
#1839 = CARTESIAN_POINT('', (-0.223078186540585, 65.3590112542274, 0.37));
#1840 = CARTESIAN_POINT('', (0.758273124654053, 64.005659119888, -1.3));
#1841 = CARTESIAN_POINT('', (-0.282196663528228, 65.311921964755, 0.37));
#1842 = CARTESIAN_POINT('', (0.735720520469878, 63.9876954279782, -1.3));
#1843 = CARTESIAN_POINT('', (-0.341315140515871, 65.2648326752826, 0.37));
#1844 = CARTESIAN_POINT('', (0.713846534335237, 63.9687162907983, -1.3));
#1845 = CARTESIAN_POINT('', (-0.39865471582024, 65.215081538986, 0.37));
#1846 = CARTESIAN_POINT('', (0.692882153905117, 63.9489221266154, -1.3));
#1847 = CARTESIAN_POINT('', (-0.453609887821526, 65.1631939241375, 0.37));
#1848 = CARTESIAN_POINT('', (0.671917773474997, 63.9291279624325, -1.3));
#1849 = CARTESIAN_POINT('', (-0.508565059822811, 65.111306309289, 0.37));
#1850 = CARTESIAN_POINT('', (0.65171488921629, 63.9083789290782, -1.3));
#1851 = CARTESIAN_POINT('', (-0.56152407681166, 65.0569156393311, 0.369999999999999));
#1852 = CARTESIAN_POINT('', (0.632486842073334, 63.8868941347904, -1.3));
#1853 = CARTESIAN_POINT('', (-0.611927695535914, 65.0005962756641, 0.369999999999999));
#1854 = CARTESIAN_POINT('', (0.613258794930377, 63.8654093405026, -1.3));
#1855 = CARTESIAN_POINT('', (-0.662331314260167, 64.9442769119972, 0.369999999999999));
#1856 = CARTESIAN_POINT('', (0.59486974224879, 63.843036999119, -1.3));
#1857 = CARTESIAN_POINT('', (-0.710535627114805, 64.8856309685644, 0.37));
#1858 = CARTESIAN_POINT('', (0.577513871047373, 63.8200133608887, -1.3));
#1859 = CARTESIAN_POINT('', (-0.756031600167064, 64.8252777421355, 0.37));
#1860 = CARTESIAN_POINT('', (0.560157999845955, 63.7969897226584, -1.3));
#1861 = CARTESIAN_POINT('', (-0.801527573219324, 64.7649245157066, 0.37));
#1862 = CARTESIAN_POINT('', (0.543712694052693, 63.7731521297666, -1.3));
#1863 = CARTESIAN_POINT('', (-0.844636627240509, 64.7024376217184, 0.37));
#1864 = CARTESIAN_POINT('', (0.528351614864818, 63.7487523054086, -1.3));
#1865 = CARTESIAN_POINT('', (-0.884903533849502, 64.6384769170905, 0.37));
#1866 = CARTESIAN_POINT('', (0.512990535676942, 63.7243524810505, -1.3));
#1867 = CARTESIAN_POINT('', (-0.925170440458495, 64.5745162124626, 0.37));
#1868 = CARTESIAN_POINT('', (0.498605159865066, 63.6992180449068, -1.3));
#1869 = CARTESIAN_POINT('', (-0.96287967802363, 64.5086298264549, 0.37));
#1870 = CARTESIAN_POINT('', (0.48534739592013, 63.6736144147404, -1.3));
#1871 = CARTESIAN_POINT('', (-0.997633039821035, 64.4415135143681, 0.37));
#1872 = CARTESIAN_POINT('', (0.472089631975193, 63.6480107845739, -1.3));
#1873 = CARTESIAN_POINT('', (-1.03238640161844, 64.3743972022813, 0.37));
#1874 = CARTESIAN_POINT('', (0.459865816207271, 63.6217570753964, -1.3));
#1875 = CARTESIAN_POINT('', (-1.0644294138256, 64.3055767995827, 0.369999999999999));
#1876 = CARTESIAN_POINT('', (0.448805031195192, 63.5951305244099, -1.3));
#1877 = CARTESIAN_POINT('', (-1.09342370463396, 64.2357790445696, 0.369999999999999));
#1878 = CARTESIAN_POINT('', (0.437744246183114, 63.5685039734234, -1.3));
#1879 = CARTESIAN_POINT('', (-1.12241799544232, 64.1659812895564, 0.369999999999999));
#1880 = CARTESIAN_POINT('', (0.42776834949335, 63.5413164688901, -1.3));
#1881 = CARTESIAN_POINT('', (-1.14856840424073, 64.0947130737897, 0.37));
#1882 = CARTESIAN_POINT('', (0.418982685847645, 63.5138551088214, -1.3));
#1883 = CARTESIAN_POINT('', (-1.17159878467122, 64.0227269842892, 0.37));
#1884 = CARTESIAN_POINT('', (0.41019702220194, 63.4863937487527, -1.3));
#1885 = CARTESIAN_POINT('', (-1.19462916510171, 63.9507408947886, 0.37));
#1886 = CARTESIAN_POINT('', (0.402539522485238, 63.4584645236364, -1.3));
#1887 = CARTESIAN_POINT('', (-1.21470222261147, 63.8775283629303, 0.37));
#1888 = CARTESIAN_POINT('', (0.396091049320944, 63.4303623639975, -1.3));
#1889 = CARTESIAN_POINT('', (-1.2316059872169, 63.8038625075662, 0.37));
#1890 = CARTESIAN_POINT('', (0.38964257615665, 63.4022602043586, -1.3));
#1891 = CARTESIAN_POINT('', (-1.24850975182233, 63.7301966522022, 0.37));
#1892 = CARTESIAN_POINT('', (0.384357572255178, 63.3737865735527, -1.3));
#1893 = CARTESIAN_POINT('', (-1.26236364554458, 63.6555570374683, 0.369999999999999));
#1894 = CARTESIAN_POINT('', (0.380291846861851, 63.3452421509881, -1.3));
#1895 = CARTESIAN_POINT('', (-1.27302137230379, 63.5807318521048, 0.369999999999999));
#1896 = CARTESIAN_POINT('', (0.376226121468525, 63.3166977284235, -1.3));
#1897 = CARTESIAN_POINT('', (-1.28367909906299, 63.5059066667414, 0.369999999999999));
#1898 = CARTESIAN_POINT('', (0.373350950973162, 63.2878808529487, -1.3));
#1899 = CARTESIAN_POINT('', (-1.29121595375943, 63.4303672844287, 0.37));
#1900 = CARTESIAN_POINT('', (0.371696696960917, 63.25909582861, -1.3));
#1901 = CARTESIAN_POINT('', (-1.29555234777212, 63.3549113953854, 0.37));
#1902 = CARTESIAN_POINT('', (0.370566455358516, 63.2394289384027, -1.3));
#1903 = CARTESIAN_POINT('', (-1.29851511702113, 63.3033574113468, 0.37));
#1904 = CARTESIAN_POINT('', (0.370000000000005, 63.2196993405094, -1.3));
#1905 = CARTESIAN_POINT('', (-1.3, 63.2516390479373, 0.37));
#1906 = CARTESIAN_POINT('', (0.370000000000005, 63.2, -1.3));
#1907 = CARTESIAN_POINT('', (-1.3, 63.2, 0.37));
#1908 = ADVANCED_FACE('', (#1909), #1927, .T.);
#1909 = FACE_OUTER_BOUND('', #1910, .T.);
#1910 = EDGE_LOOP('', (#1911, #1912, #1919, #1926));
#1911 = ORIENTED_EDGE('', *, *, #548, .T.);
#1912 = ORIENTED_EDGE('', *, *, #1913, .F.);
#1913 = EDGE_CURVE('', #1914, #486, #1916, .T.);
#1914 = VERTEX_POINT('', #1915);
#1915 = CARTESIAN_POINT('', (-1.3, 1.4, 0.37));
#1916 = B_SPLINE_CURVE_WITH_KNOTS('', 1, (#1917, #1918), .UNSPECIFIED., .F., .U., (2, 2), (0., 1.), .UNSPECIFIED.);
#1917 = CARTESIAN_POINT('', (-1.3, 1.4, 0.37));
#1918 = CARTESIAN_POINT('', (0.370000000000005, 1.4, -1.3));
#1919 = ORIENTED_EDGE('', *, *, #1920, .F.);
#1920 = EDGE_CURVE('', #1724, #1914, #1921, .T.);
#1921 = B_SPLINE_CURVE_WITH_KNOTS('', 3, (#1922, #1923, #1924, #1925), .UNSPECIFIED., .F., .U., (4, 4), (0., 61.8), .UNSPECIFIED.);
#1922 = CARTESIAN_POINT('', (-1.3, 63.2, 0.37));
#1923 = CARTESIAN_POINT('', (-1.3, 42.6, 0.37));
#1924 = CARTESIAN_POINT('', (-1.3, 22., 0.37));
#1925 = CARTESIAN_POINT('', (-1.3, 1.4, 0.37));
#1926 = ORIENTED_EDGE('', *, *, #1723, .T.);
#1927 = B_SPLINE_SURFACE_WITH_KNOTS('', 1, 1, ((#1928, #1929), (#1930, #1931)), .UNSPECIFIED., .F., .F., .U., (2, 2), (2, 2), (0., 61.8), (0., 1.), .UNSPECIFIED.);
#1928 = CARTESIAN_POINT('', (0.370000000000005, 63.2, -1.3));
#1929 = CARTESIAN_POINT('', (-1.3, 63.2, 0.37));
#1930 = CARTESIAN_POINT('', (0.370000000000004, 1.39999999999998, -1.3));
#1931 = CARTESIAN_POINT('', (-1.3, 1.39999999999998, 0.37));
#1932 = ADVANCED_FACE('', (#1933), #2005, .T.);
#1933 = FACE_OUTER_BOUND('', #1934, .T.);
#1934 = EDGE_LOOP('', (#1935, #1936, #1943, #2004));
#1935 = ORIENTED_EDGE('', *, *, #485, .T.);
#1936 = ORIENTED_EDGE('', *, *, #1937, .F.);
#1937 = EDGE_CURVE('', #1938, #477, #1940, .T.);
#1938 = VERTEX_POINT('', #1939);
#1939 = CARTESIAN_POINT('', (1.4, -1.3, 0.37));
#1940 = B_SPLINE_CURVE_WITH_KNOTS('', 1, (#1941, #1942), .UNSPECIFIED., .F., .U., (2, 2), (0., 1.), .UNSPECIFIED.);
#1941 = CARTESIAN_POINT('', (1.4, -1.3, 0.37));
#1942 = CARTESIAN_POINT('', (1.4, 0.369999999999997, -1.3));
#1943 = ORIENTED_EDGE('', *, *, #1944, .F.);
#1944 = EDGE_CURVE('', #1914, #1938, #1945, .T.);
#1945 = B_SPLINE_CURVE_WITH_KNOTS('', 3, (#1946, #1947, #1948, #1949, #1950, #1951, #1952, #1953, #1954, #1955, #1956, #1957, #1958, #1959, #1960, #1961, #1962, #1963, #1964, #1965, #1966, #1967, #1968, #1969, #1970, #1971, #1972, #1973, #1974, #1975, #1976, #1977, #1978, #1979, #1980, #1981, #1982, #1983, #1984, #1985, #1986, #1987, #1988, #1989, #1990, #1991, #1992, #1993, #1994, #1995, #1996, #1997, #1998, #1999, #2000, #2001, #2002, #2003), .UNSPECIFIED., .F., .U., (4, 3, 3, 3, 3, 3, 3, 3, 3, 3, 3, 3, 3, 3, 3, 3, 3, 3, 3, 4), (0., 0.08649755859375, 0.1729951171875, 0.25949267578125, 0.345990234375, 0.43248779296875, 0.5189853515625, 0.60548291015625, 0.69198046875, 0.77847802734375, 0.8649755859375, 0.95147314453125, 1.037970703125, 1.12446826171875, 1.2109658203125, 1.29746337890625, 1.3839609375, 1.47045849609375, 1.5569560546875, 1.61605407621573), .UNSPECIFIED.);
#1946 = CARTESIAN_POINT('', (-1.3, 1.4, 0.37));
#1947 = CARTESIAN_POINT('', (-1.3, 1.32441960899575, 0.37));
#1948 = CARTESIAN_POINT('', (-1.29680960175881, 1.24857223713647, 0.37));
#1949 = CARTESIAN_POINT('', (-1.29046249564286, 1.17325882698723, 0.37));
#1950 = CARTESIAN_POINT('', (-1.28411538952691, 1.09794541683799, 0.37));
#1951 = CARTESIAN_POINT('', (-1.2745667343864, 1.02263389285994, 0.37));
#1952 = CARTESIAN_POINT('', (-1.2619173633043, 0.948119539104554, 0.37));
#1953 = CARTESIAN_POINT('', (-1.24926799222221, 0.873605185349171, 0.37));
#1954 = CARTESIAN_POINT('', (-1.23342853969348, 0.799361571465658, 0.37));
#1955 = CARTESIAN_POINT('', (-1.21456626915029, 0.726172704454956, 0.37));
#1956 = CARTESIAN_POINT('', (-1.19570399860709, 0.652983837444254, 0.37));
#1957 = CARTESIAN_POINT('', (-1.17368565154017, 0.580332651278211, 0.37));
#1958 = CARTESIAN_POINT('', (-1.14874374004513, 0.508986337040345, 0.37));
#1959 = CARTESIAN_POINT('', (-1.12380182855008, 0.437640022802479, 0.37));
#1960 = CARTESIAN_POINT('', (-1.09576014256058, 0.367094531764718, 0.37));
#1961 = CARTESIAN_POINT('', (-1.06491480018003, 0.298094819027768, 0.37));
#1962 = CARTESIAN_POINT('', (-1.03406945779948, 0.229095106290819, 0.37));
#1963 = CARTESIAN_POINT('', (-1.00020254229651, 0.16115370143922, 0.37));
#1964 = CARTESIAN_POINT('', (-0.963671685761819, 0.0949880606186466, 0.37));
#1965 = CARTESIAN_POINT('', (-0.927140829227132, 0.0288224197980736, 0.37));
#1966 = CARTESIAN_POINT('', (-0.887687947806385, -0.0360349052045233, 0.37));
#1967 = CARTESIAN_POINT('', (-0.845729660971911, -0.098899025895669, 0.37));
#1968 = CARTESIAN_POINT('', (-0.803771374137436, -0.161763146586815, 0.37));
#1969 = CARTESIAN_POINT('', (-0.759011254227386, -0.223078186540576, 0.37));
#1970 = CARTESIAN_POINT('', (-0.711921964754977, -0.28219666352822, 0.37));
#1971 = CARTESIAN_POINT('', (-0.664832675282569, -0.341315140515865, 0.37));
#1972 = CARTESIAN_POINT('', (-0.615081538985931, -0.398654715820256, 0.37));
#1973 = CARTESIAN_POINT('', (-0.563193924137452, -0.453609887821542, 0.37));
#1974 = CARTESIAN_POINT('', (-0.511306309288974, -0.508565059822828, 0.37));
#1975 = CARTESIAN_POINT('', (-0.456915639331103, -0.561524076811681, 0.37));
#1976 = CARTESIAN_POINT('', (-0.40059627566411, -0.611927695535935, 0.37));
#1977 = CARTESIAN_POINT('', (-0.344276911997117, -0.662331314260188, 0.37));
#1978 = CARTESIAN_POINT('', (-0.285630968564443, -0.710535627114798, 0.37));
#1979 = CARTESIAN_POINT('', (-0.225277742135503, -0.756031600167058, 0.37));
#1980 = CARTESIAN_POINT('', (-0.164924515706562, -0.801527573219318, 0.37));
#1981 = CARTESIAN_POINT('', (-0.102437621718369, -0.8446366272405, 0.37));
#1982 = CARTESIAN_POINT('', (-0.0384769170904682, -0.884903533849493, 0.37));
#1983 = CARTESIAN_POINT('', (0.0254837875374325, -0.925170440458487, 0.37));
#1984 = CARTESIAN_POINT('', (0.0913701735450933, -0.962879678023609, 0.37));
#1985 = CARTESIAN_POINT('', (0.158486485631899, -0.997633039821016, 0.37));
#1986 = CARTESIAN_POINT('', (0.225602797718704, -1.03238640161842, 0.37));
#1987 = CARTESIAN_POINT('', (0.294423200417233, -1.06442941382558, 0.37));
#1988 = CARTESIAN_POINT('', (0.364220955430378, -1.09342370463394, 0.37));
#1989 = CARTESIAN_POINT('', (0.434018710443524, -1.1224179954423, 0.37));
#1990 = CARTESIAN_POINT('', (0.505286926210222, -1.1485684042407, 0.37));
#1991 = CARTESIAN_POINT('', (0.577273015710776, -1.17159878467119, 0.37));
#1992 = CARTESIAN_POINT('', (0.649259105211331, -1.19462916510168, 0.37));
#1993 = CARTESIAN_POINT('', (0.722471637069624, -1.21470222261145, 0.37));
#1994 = CARTESIAN_POINT('', (0.796137492433687, -1.23160598721688, 0.37));
#1995 = CARTESIAN_POINT('', (0.86980334779775, -1.24850975182231, 0.37));
#1996 = CARTESIAN_POINT('', (0.94444296253163, -1.26236364554457, 0.37));
#1997 = CARTESIAN_POINT('', (1.01926814789512, -1.27302137230378, 0.37));
#1998 = CARTESIAN_POINT('', (1.09409333325861, -1.28367909906299, 0.37));
#1999 = CARTESIAN_POINT('', (1.16963271557121, -1.29121595375943, 0.37));
#2000 = CARTESIAN_POINT('', (1.24508860461456, -1.29555234777211, 0.37));
#2001 = CARTESIAN_POINT('', (1.2966425886531, -1.29851511702113, 0.37));
#2002 = CARTESIAN_POINT('', (1.34836095206271, -1.3, 0.37));
#2003 = CARTESIAN_POINT('', (1.4, -1.3, 0.37));
#2004 = ORIENTED_EDGE('', *, *, #1913, .T.);
#2005 = B_SPLINE_SURFACE_WITH_KNOTS('', 3, 1, ((#2006, #2007), (#2008, #2009), (#2010, #2011), (#2012, #2013), (#2014, #2015), (#2016, #2017), (#2018, #2019), (#2020, #2021), (#2022, #2023), (#2024, #2025), (#2026, #2027), (#2028, #2029), (#2030, #2031), (#2032, #2033), (#2034, #2035), (#2036, #2037), (#2038, #2039), (#2040, #2041), (#2042, #2043), (#2044, #2045), (#2046, #2047), (#2048, #2049), (#2050, #2051), (#2052, #2053), (#2054, #2055), (#2056, #2057), (#2058, #2059), (#2060, #2061), (#2062, #2063), (#2064, #2065), (#2066, #2067), (#2068, #2069), (#2070, #2071), (#2072, #2073), (#2074, #2075), (#2076, #2077), (#2078, #2079), (#2080, #2081), (#2082, #2083), (#2084, #2085), (#2086, #2087), (#2088, #2089), (#2090, #2091), (#2092, #2093), (#2094, #2095), (#2096, #2097), (#2098, #2099), (#2100, #2101), (#2102, #2103), (#2104, #2105), (#2106, #2107), (#2108, #2109), (#2110, #2111), (#2112, #2113), (#2114, #2115), (#2116, #2117), (#2118, #2119), (#2120, #2121)), .UNSPECIFIED., .F., .F., .U., (4, 3, 3, 3, 3, 3, 3, 3, 3, 3, 3, 3, 3, 3, 3, 3, 3, 3, 3, 4), (2, 2), (0., 0.08649755859375, 0.1729951171875, 0.25949267578125, 0.345990234375, 0.43248779296875, 0.5189853515625, 0.60548291015625, 0.69198046875, 0.77847802734375, 0.8649755859375, 0.95147314453125, 1.037970703125, 1.12446826171875, 1.2109658203125, 1.29746337890625, 1.3839609375, 1.47045849609375, 1.5569560546875, 1.61605407621573), (0., 1.), .UNSPECIFIED.);
#2006 = CARTESIAN_POINT('', (0.370000000000005, 1.4, -1.3));
#2007 = CARTESIAN_POINT('', (-1.3, 1.4, 0.37));
#2008 = CARTESIAN_POINT('', (0.370000000000005, 1.37116748046875, -1.3));
#2009 = CARTESIAN_POINT('', (-1.3, 1.32441960899575, 0.37));
#2010 = CARTESIAN_POINT('', (0.371217077847529, 1.3422331126854, -1.3));
#2011 = CARTESIAN_POINT('', (-1.29680960175881, 1.24857223713647, 0.37));
#2012 = CARTESIAN_POINT('', (0.373638381291762, 1.31350244140625, -1.3));
#2013 = CARTESIAN_POINT('', (-1.29046249564286, 1.17325882698723, 0.37));
#2014 = CARTESIAN_POINT('', (0.376059684735995, 1.2847717701271, -1.3));
#2015 = CARTESIAN_POINT('', (-1.28411538952691, 1.09794541683799, 0.37));
#2016 = CARTESIAN_POINT('', (0.379702319845176, 1.25604181838731, -1.3));
#2017 = CARTESIAN_POINT('', (-1.2745667343864, 1.02263389285994, 0.37));
#2018 = CARTESIAN_POINT('', (0.384527820665383, 1.22761597232507, -1.3));
#2019 = CARTESIAN_POINT('', (-1.2619173633043, 0.948119539104554, 0.37));
#2020 = CARTESIAN_POINT('', (0.38935332148559, 1.19919012626283, -1.3));
#2021 = CARTESIAN_POINT('', (-1.24926799222221, 0.873605185349171, 0.37));
#2022 = CARTESIAN_POINT('', (0.395395779302109, 1.17086756244801, -1.3));
#2023 = CARTESIAN_POINT('', (-1.23342853969348, 0.799361571465658, 0.37));
#2024 = CARTESIAN_POINT('', (0.402591386213032, 1.14294736503282, -1.3));
#2025 = CARTESIAN_POINT('', (-1.21456626915029, 0.726172704454956, 0.37));
#2026 = CARTESIAN_POINT('', (0.409786993123955, 1.11502716761762, -1.3));
#2027 = CARTESIAN_POINT('', (-1.19570399860709, 0.652983837444254, 0.37));
#2028 = CARTESIAN_POINT('', (0.418186584782824, 1.08731208548762, -1.3));
#2029 = CARTESIAN_POINT('', (-1.17368565154017, 0.580332651278211, 0.37));
#2030 = CARTESIAN_POINT('', (0.427701462130933, 1.06009478783391, -1.3));
#2031 = CARTESIAN_POINT('', (-1.14874374004513, 0.508986337040345, 0.37));
#2032 = CARTESIAN_POINT('', (0.437216339479043, 1.03287749018021, -1.3));
#2033 = CARTESIAN_POINT('', (-1.12380182855008, 0.437640022802479, 0.37));
#2034 = CARTESIAN_POINT('', (0.447913723393556, 1.00596569174728, -1.3));
#2035 = CARTESIAN_POINT('', (-1.09576014256058, 0.367094531764718, 0.37));
#2036 = CARTESIAN_POINT('', (0.459680650301692, 0.97964357911059, -1.3));
#2037 = CARTESIAN_POINT('', (-1.06491480018003, 0.298094819027768, 0.37));
#2038 = CARTESIAN_POINT('', (0.471447577209828, 0.953321466473902, -1.3));
#2039 = CARTESIAN_POINT('', (-1.03406945779948, 0.229095106290819, 0.37));
#2040 = CARTESIAN_POINT('', (0.484367178309105, 0.927403078697184, -1.3));
#2041 = CARTESIAN_POINT('', (-1.00020254229651, 0.16115370143922, 0.37));
#2042 = CARTESIAN_POINT('', (0.498303023579744, 0.90216211201378, -1.3));
#2043 = CARTESIAN_POINT('', (-0.963671685761819, 0.0949880606186466, 0.37));
#2044 = CARTESIAN_POINT('', (0.512238868850384, 0.876921145330376, -1.3));
#2045 = CARTESIAN_POINT('', (-0.927140829227132, 0.0288224197980736, 0.37));
#2046 = CARTESIAN_POINT('', (0.527289412503491, 0.85217927690346, -1.3));
#2047 = CARTESIAN_POINT('', (-0.887687947806385, -0.0360349052045233, 0.37));
#2048 = CARTESIAN_POINT('', (0.543295721925531, 0.828197779010171, -1.3));
#2049 = CARTESIAN_POINT('', (-0.845729660971911, -0.098899025895669, 0.37));
#2050 = CARTESIAN_POINT('', (0.559302031347572, 0.804216281116882, -1.3));
#2051 = CARTESIAN_POINT('', (-0.803771374137436, -0.161763146586815, 0.37));
#2052 = CARTESIAN_POINT('', (0.576377188202148, 0.780825728838222, -1.3));
#2053 = CARTESIAN_POINT('', (-0.759011254227386, -0.223078186540576, 0.37));
#2054 = CARTESIAN_POINT('', (0.594340880111993, 0.758273124654046, -1.3));
#2055 = CARTESIAN_POINT('', (-0.711921964754977, -0.28219666352822, 0.37));
#2056 = CARTESIAN_POINT('', (0.612304572021838, 0.735720520469871, -1.3));
#2057 = CARTESIAN_POINT('', (-0.664832675282569, -0.341315140515865, 0.37));
#2058 = CARTESIAN_POINT('', (0.631283709201656, 0.713846534335234, -1.3));
#2059 = CARTESIAN_POINT('', (-0.615081538985931, -0.398654715820256, 0.37));
#2060 = CARTESIAN_POINT('', (0.651077873384594, 0.692882153905114, -1.3));
#2061 = CARTESIAN_POINT('', (-0.563193924137452, -0.453609887821542, 0.37));
#2062 = CARTESIAN_POINT('', (0.670872037567532, 0.671917773474993, -1.3));
#2063 = CARTESIAN_POINT('', (-0.511306309288974, -0.508565059822828, 0.37));
#2064 = CARTESIAN_POINT('', (0.691621070921841, 0.651714889216286, -1.3));
#2065 = CARTESIAN_POINT('', (-0.456915639331103, -0.561524076811681, 0.37));
#2066 = CARTESIAN_POINT('', (0.71310586520962, 0.63248684207333, -1.3));
#2067 = CARTESIAN_POINT('', (-0.40059627566411, -0.611927695535935, 0.37));
#2068 = CARTESIAN_POINT('', (0.734590659497399, 0.613258794930374, -1.3));
#2069 = CARTESIAN_POINT('', (-0.344276911997117, -0.662331314260188, 0.37));
#2070 = CARTESIAN_POINT('', (0.756963000880972, 0.594869742248801, -1.3));
#2071 = CARTESIAN_POINT('', (-0.285630968564443, -0.710535627114798, 0.37));
#2072 = CARTESIAN_POINT('', (0.779986639111272, 0.577513871047383, -1.3));
#2073 = CARTESIAN_POINT('', (-0.225277742135503, -0.756031600167058, 0.37));
#2074 = CARTESIAN_POINT('', (0.803010277341571, 0.560157999845966, -1.3));
#2075 = CARTESIAN_POINT('', (-0.164924515706562, -0.801527573219318, 0.37));
#2076 = CARTESIAN_POINT('', (0.826847870233363, 0.543712694052696, -1.3));
#2077 = CARTESIAN_POINT('', (-0.102437621718369, -0.8446366272405, 0.37));
#2078 = CARTESIAN_POINT('', (0.851247694591414, 0.528351614864821, -1.3));
#2079 = CARTESIAN_POINT('', (-0.0384769170904682, -0.884903533849493, 0.37));
#2080 = CARTESIAN_POINT('', (0.875647518949465, 0.512990535676946, -1.3));
#2081 = CARTESIAN_POINT('', (0.0254837875374325, -0.925170440458487, 0.37));
#2082 = CARTESIAN_POINT('', (0.900781955093133, 0.498605159865063, -1.3));
#2083 = CARTESIAN_POINT('', (0.0913701735450933, -0.962879678023609, 0.37));
#2084 = CARTESIAN_POINT('', (0.926385585259581, 0.485347395920126, -1.3));
#2085 = CARTESIAN_POINT('', (0.158486485631899, -0.997633039821016, 0.37));
#2086 = CARTESIAN_POINT('', (0.951989215426029, 0.472089631975189, -1.3));
#2087 = CARTESIAN_POINT('', (0.225602797718704, -1.03238640161842, 0.37));
#2088 = CARTESIAN_POINT('', (0.978242924603609, 0.459865816207275, -1.3));
#2089 = CARTESIAN_POINT('', (0.294423200417233, -1.06442941382558, 0.37));
#2090 = CARTESIAN_POINT('', (1.00486947559011, 0.448805031195196, -1.3));
#2091 = CARTESIAN_POINT('', (0.364220955430378, -1.09342370463394, 0.37));
#2092 = CARTESIAN_POINT('', (1.0314960265766, 0.437744246183117, -1.3));
#2093 = CARTESIAN_POINT('', (0.434018710443524, -1.1224179954423, 0.37));
#2094 = CARTESIAN_POINT('', (1.05868353110983, 0.427768349493351, -1.3));
#2095 = CARTESIAN_POINT('', (0.505286926210222, -1.1485684042407, 0.37));
#2096 = CARTESIAN_POINT('', (1.08614489117856, 0.418982685847645, -1.3));
#2097 = CARTESIAN_POINT('', (0.577273015710776, -1.17159878467119, 0.37));
#2098 = CARTESIAN_POINT('', (1.11360625124729, 0.410197022201939, -1.3));
#2099 = CARTESIAN_POINT('', (0.649259105211331, -1.19462916510168, 0.37));
#2100 = CARTESIAN_POINT('', (1.1415354763636, 0.402539522485246, -1.3));
#2101 = CARTESIAN_POINT('', (0.722471637069624, -1.21470222261145, 0.37));
#2102 = CARTESIAN_POINT('', (1.16963763600248, 0.396091049320951, -1.3));
#2103 = CARTESIAN_POINT('', (0.796137492433687, -1.23160598721688, 0.37));
#2104 = CARTESIAN_POINT('', (1.19773979564137, 0.389642576156657, -1.3));
#2105 = CARTESIAN_POINT('', (0.86980334779775, -1.24850975182231, 0.37));
#2106 = CARTESIAN_POINT('', (1.22621342644726, 0.384357572255178, -1.3));
#2107 = CARTESIAN_POINT('', (0.94444296253163, -1.26236364554457, 0.37));
#2108 = CARTESIAN_POINT('', (1.25475784901185, 0.380291846861851, -1.3));
#2109 = CARTESIAN_POINT('', (1.01926814789512, -1.27302137230378, 0.37));
#2110 = CARTESIAN_POINT('', (1.28330227157644, 0.376226121468524, -1.3));
#2111 = CARTESIAN_POINT('', (1.09409333325861, -1.28367909906299, 0.37));
#2112 = CARTESIAN_POINT('', (1.31211914705127, 0.373350950973174, -1.3));
#2113 = CARTESIAN_POINT('', (1.16963271557121, -1.29121595375943, 0.37));
#2114 = CARTESIAN_POINT('', (1.34090417139003, 0.371696696960928, -1.3));
#2115 = CARTESIAN_POINT('', (1.24508860461456, -1.29555234777211, 0.37));
#2116 = CARTESIAN_POINT('', (1.36057106159733, 0.370566455358526, -1.3));
#2117 = CARTESIAN_POINT('', (1.2966425886531, -1.29851511702113, 0.37));
#2118 = CARTESIAN_POINT('', (1.38030065949059, 0.369999999999997, -1.3));
#2119 = CARTESIAN_POINT('', (1.34836095206271, -1.3, 0.37));
#2120 = CARTESIAN_POINT('', (1.4, 0.369999999999997, -1.3));
#2121 = CARTESIAN_POINT('', (1.4, -1.3, 0.37));
#2122 = ADVANCED_FACE('', (#2123), #2141, .T.);
#2123 = FACE_OUTER_BOUND('', #2124, .T.);
#2124 = EDGE_LOOP('', (#2125, #2126, #2133, #2140));
#2125 = ORIENTED_EDGE('', *, *, #476, .T.);
#2126 = ORIENTED_EDGE('', *, *, #2127, .F.);
#2127 = EDGE_CURVE('', #2128, #420, #2130, .T.);
#2128 = VERTEX_POINT('', #2129);
#2129 = CARTESIAN_POINT('', (85.35, -1.3, 0.37));
#2130 = B_SPLINE_CURVE_WITH_KNOTS('', 1, (#2131, #2132), .UNSPECIFIED., .F., .U., (2, 2), (0., 1.), .UNSPECIFIED.);
#2131 = CARTESIAN_POINT('', (85.35, -1.3, 0.37));
#2132 = CARTESIAN_POINT('', (85.35, 0.369999999999997, -1.3));
#2133 = ORIENTED_EDGE('', *, *, #2134, .F.);
#2134 = EDGE_CURVE('', #1938, #2128, #2135, .T.);
#2135 = B_SPLINE_CURVE_WITH_KNOTS('', 3, (#2136, #2137, #2138, #2139), .UNSPECIFIED., .F., .U., (4, 4), (0., 83.95), .UNSPECIFIED.);
#2136 = CARTESIAN_POINT('', (1.4, -1.3, 0.37));
#2137 = CARTESIAN_POINT('', (29.3833333333333, -1.3, 0.37));
#2138 = CARTESIAN_POINT('', (57.3666666666667, -1.3, 0.37));
#2139 = CARTESIAN_POINT('', (85.35, -1.3, 0.37));
#2140 = ORIENTED_EDGE('', *, *, #1937, .T.);
#2141 = B_SPLINE_SURFACE_WITH_KNOTS('', 1, 1, ((#2142, #2143), (#2144, #2145)), .UNSPECIFIED., .F., .F., .U., (2, 2), (2, 2), (0., 83.95), (0., 1.), .UNSPECIFIED.);
#2142 = CARTESIAN_POINT('', (1.4, 0.369999999999997, -1.3));
#2143 = CARTESIAN_POINT('', (1.4, -1.3, 0.37));
#2144 = CARTESIAN_POINT('', (85.35, 0.369999999999997, -1.3));
#2145 = CARTESIAN_POINT('', (85.35, -1.3, 0.37));
#2146 = ADVANCED_FACE('', (#2147), #2213, .T.);
#2147 = FACE_OUTER_BOUND('', #2148, .T.);
#2148 = EDGE_LOOP('', (#2149, #2206, #2207, #2208));
#2149 = ORIENTED_EDGE('', *, *, #2150, .F.);
#2150 = EDGE_CURVE('', #2128, #2151, #2153, .T.);
#2151 = VERTEX_POINT('', #2152);
#2152 = CARTESIAN_POINT('', (88.05, -4., 0.37));
#2153 = B_SPLINE_CURVE_WITH_KNOTS('', 3, (#2154, #2155, #2156, #2157, #2158, #2159, #2160, #2161, #2162, #2163, #2164, #2165, #2166, #2167, #2168, #2169, #2170, #2171, #2172, #2173, #2174, #2175, #2176, #2177, #2178, #2179, #2180, #2181, #2182, #2183, #2184, #2185, #2186, #2187, #2188, #2189, #2190, #2191, #2192, #2193, #2194, #2195, #2196, #2197, #2198, #2199, #2200, #2201, #2202, #2203, #2204, #2205), .UNSPECIFIED., .F., .U., (4, 3, 3, 3, 3, 3, 3, 3, 3, 3, 3, 3, 3, 3, 3, 3, 3, 4), (0., 0.437893890380859, 0.875787780761719, 1.31368167114258, 1.75157556152344, 2.1894694519043, 2.62736334228516, 3.06525723266602, 3.50315112304688, 3.94104501342774, 4.37893890380859, 4.81683279418945, 5.25472668457031, 5.69262057495117, 6.13051446533203, 6.56840835571289, 6.76302786254883, 6.85326757823444), .UNSPECIFIED.);
#2154 = CARTESIAN_POINT('', (85.35, -1.3, 0.37));
#2155 = CARTESIAN_POINT('', (85.4401840964171, -1.3, 0.37));
#2156 = CARTESIAN_POINT('', (85.5308221022283, -1.30455262737476, 0.369999999999999));
#2157 = CARTESIAN_POINT('', (85.6205522892514, -1.31358948431539, 0.369999999999999));
#2158 = CARTESIAN_POINT('', (85.7102824762745, -1.32262634125603, 0.369999999999999));
#2159 = CARTESIAN_POINT('', (85.8000080941165, -1.33623839533711, 0.369999999999999));
#2160 = CARTESIAN_POINT('', (85.8883811221388, -1.35422114164382, 0.369999999999999));
#2161 = CARTESIAN_POINT('', (85.9767541501612, -1.37220388795053, 0.369999999999999));
#2162 = CARTESIAN_POINT('', (86.0646641764219, -1.3947383459265, 0.369999999999999));
#2163 = CARTESIAN_POINT('', (86.1507904573855, -1.42148596215567, 0.369999999999999));
#2164 = CARTESIAN_POINT('', (86.2369167383492, -1.44823357838484, 0.369999999999999));
#2165 = CARTESIAN_POINT('', (86.3221262456782, -1.47946360198663, 0.369999999999999));
#2166 = CARTESIAN_POINT('', (86.4051388079207, -1.51470683901884, 0.369999999999999));
#2167 = CARTESIAN_POINT('', (86.4881513701632, -1.54995007605104, 0.369999999999999));
#2168 = CARTESIAN_POINT('', (86.5698026154025, -1.58956129497059, 0.369999999999999));
#2169 = CARTESIAN_POINT('', (86.6488658308404, -1.63294538434889, 0.369999999999999));
#2170 = CARTESIAN_POINT('', (86.7279290462783, -1.67632947372718, 0.369999999999999));
#2171 = CARTESIAN_POINT('', (86.8052001047491, -1.7239231501584, 0.369999999999999));
#2172 = CARTESIAN_POINT('', (86.8795181005483, -1.7750113752886, 0.369999999999999));
#2173 = CARTESIAN_POINT('', (86.9538360963475, -1.82609960041881, 0.369999999999999));
#2174 = CARTESIAN_POINT('', (87.0259491355777, -1.88119664286587, 0.37));
#2175 = CARTESIAN_POINT('', (87.0947738056358, -1.93947473513013, 0.37));
#2176 = CARTESIAN_POINT('', (87.1635984756939, -1.99775282739439, 0.37));
#2177 = CARTESIAN_POINT('', (87.2298275853017, -2.0597986133431, 0.369999999999999));
#2178 = CARTESIAN_POINT('', (87.292466120897, -2.1246799288742, 0.369999999999999));
#2179 = CARTESIAN_POINT('', (87.3551046564923, -2.18956124440529, 0.369999999999999));
#2180 = CARTESIAN_POINT('', (87.4147831554063, -2.25793120331119, 0.369999999999999));
#2181 = CARTESIAN_POINT('', (87.4706050192077, -2.32876262831669, 0.369999999999999));
#2182 = CARTESIAN_POINT('', (87.5264268830091, -2.39959405332219, 0.369999999999999));
#2183 = CARTESIAN_POINT('', (87.5789540304702, -2.47359995371554, 0.369999999999999));
#2184 = CARTESIAN_POINT('', (87.6273973037054, -2.54966847890718, 0.369999999999999));
#2185 = CARTESIAN_POINT('', (87.6758405769406, -2.62573700409883, 0.369999999999999));
#2186 = CARTESIAN_POINT('', (87.720687619729, -2.70463388151839, 0.369999999999999));
#2187 = CARTESIAN_POINT('', (87.7612646586189, -2.78517377946656, 0.369999999999999));
#2188 = CARTESIAN_POINT('', (87.8018416975087, -2.86571367741473, 0.369999999999999));
#2189 = CARTESIAN_POINT('', (87.8385571925249, -2.94870733343216, 0.37));
#2190 = CARTESIAN_POINT('', (87.8708595370445, -3.03290786659616, 0.37));
#2191 = CARTESIAN_POINT('', (87.9031618815642, -3.11710839976017, 0.37));
#2192 = CARTESIAN_POINT('', (87.9313762401831, -3.20336339660755, 0.37));
#2193 = CARTESIAN_POINT('', (87.9550787257369, -3.29037697845052, 0.37));
#2194 = CARTESIAN_POINT('', (87.9787812112907, -3.37739056029349, 0.37));
#2195 = CARTESIAN_POINT('', (87.9982104197465, -3.46603863061756, 0.369999999999999));
#2196 = CARTESIAN_POINT('', (88.0130744503672, -3.5549893576538, 0.369999999999999));
#2197 = CARTESIAN_POINT('', (88.027938480988, -3.64394008469005, 0.369999999999999));
#2198 = CARTESIAN_POINT('', (88.0383869593372, -3.7340888717786, 0.37));
#2199 = CARTESIAN_POINT('', (88.0442629094613, -3.82408134066745, 0.37));
#2200 = CARTESIAN_POINT('', (88.0468744428497, -3.86407799350694, 0.37));
#2201 = CARTESIAN_POINT('', (88.0485966086123, -3.90417257004931, 0.37));
#2202 = CARTESIAN_POINT('', (88.0494242856771, -3.94424584413165, 0.37));
#2203 = CARTESIAN_POINT('', (88.0498080567811, -3.96282671980322, 0.37));
#2204 = CARTESIAN_POINT('', (88.05, -3.98141516152928, 0.37));
#2205 = CARTESIAN_POINT('', (88.05, -4., 0.37));
#2206 = ORIENTED_EDGE('', *, *, #2127, .T.);
#2207 = ORIENTED_EDGE('', *, *, #419, .T.);
#2208 = ORIENTED_EDGE('', *, *, #2209, .F.);
#2209 = EDGE_CURVE('', #2151, #411, #2210, .T.);
#2210 = B_SPLINE_CURVE_WITH_KNOTS('', 1, (#2211, #2212), .UNSPECIFIED., .F., .U., (2, 2), (0., 1.), .UNSPECIFIED.);
#2211 = CARTESIAN_POINT('', (88.05, -4., 0.37));
#2212 = CARTESIAN_POINT('', (89.72, -4., -1.3));
#2213 = B_SPLINE_SURFACE_WITH_KNOTS('', 1, 3, ((#2214, #2215, #2216, #2217, #2218, #2219, #2220, #2221, #2222, #2223, #2224, #2225, #2226, #2227, #2228, #2229, #2230, #2231, #2232, #2233, #2234, #2235, #2236, #2237, #2238, #2239, #2240, #2241, #2242, #2243, #2244, #2245, #2246, #2247, #2248, #2249, #2250, #2251, #2252, #2253, #2254, #2255, #2256, #2257, #2258, #2259, #2260, #2261, #2262, #2263, #2264, #2265), (#2266, #2267, #2268, #2269, #2270, #2271, #2272, #2273, #2274, #2275, #2276, #2277, #2278, #2279, #2280, #2281, #2282, #2283, #2284, #2285, #2286, #2287, #2288, #2289, #2290, #2291, #2292, #2293, #2294, #2295, #2296, #2297, #2298, #2299, #2300, #2301, #2302, #2303, #2304, #2305, #2306, #2307, #2308, #2309, #2310, #2311, #2312, #2313, #2314, #2315, #2316, #2317)), .UNSPECIFIED., .F., .F., .U., (2, 2), (4, 3, 3, 3, 3, 3, 3, 3, 3, 3, 3, 3, 3, 3, 3, 3, 3, 4), (0., 1.), (0., 0.437893890380859, 0.875787780761719, 1.31368167114258, 1.75157556152344, 2.1894694519043, 2.62736334228516, 3.06525723266602, 3.50315112304688, 3.94104501342774, 4.37893890380859, 4.81683279418945, 5.25472668457031, 5.69262057495117, 6.13051446533203, 6.56840835571289, 6.76302786254883, 6.85326757823444), .UNSPECIFIED.);
#2214 = CARTESIAN_POINT('', (85.35, -1.3, 0.37));
#2215 = CARTESIAN_POINT('', (85.4401840964171, -1.3, 0.37));
#2216 = CARTESIAN_POINT('', (85.5308221022283, -1.30455262737476, 0.369999999999999));
#2217 = CARTESIAN_POINT('', (85.6205522892514, -1.31358948431539, 0.369999999999999));
#2218 = CARTESIAN_POINT('', (85.7102824762745, -1.32262634125603, 0.369999999999999));
#2219 = CARTESIAN_POINT('', (85.8000080941165, -1.33623839533711, 0.369999999999999));
#2220 = CARTESIAN_POINT('', (85.8883811221388, -1.35422114164382, 0.369999999999999));
#2221 = CARTESIAN_POINT('', (85.9767541501612, -1.37220388795053, 0.369999999999999));
#2222 = CARTESIAN_POINT('', (86.0646641764219, -1.3947383459265, 0.369999999999999));
#2223 = CARTESIAN_POINT('', (86.1507904573855, -1.42148596215567, 0.369999999999999));
#2224 = CARTESIAN_POINT('', (86.2369167383492, -1.44823357838484, 0.369999999999999));
#2225 = CARTESIAN_POINT('', (86.3221262456782, -1.47946360198663, 0.369999999999999));
#2226 = CARTESIAN_POINT('', (86.4051388079207, -1.51470683901884, 0.369999999999999));
#2227 = CARTESIAN_POINT('', (86.4881513701632, -1.54995007605104, 0.369999999999999));
#2228 = CARTESIAN_POINT('', (86.5698026154025, -1.58956129497059, 0.369999999999999));
#2229 = CARTESIAN_POINT('', (86.6488658308404, -1.63294538434889, 0.369999999999999));
#2230 = CARTESIAN_POINT('', (86.7279290462783, -1.67632947372718, 0.369999999999999));
#2231 = CARTESIAN_POINT('', (86.8052001047491, -1.7239231501584, 0.369999999999999));
#2232 = CARTESIAN_POINT('', (86.8795181005483, -1.7750113752886, 0.369999999999999));
#2233 = CARTESIAN_POINT('', (86.9538360963475, -1.82609960041881, 0.369999999999999));
#2234 = CARTESIAN_POINT('', (87.0259491355777, -1.88119664286587, 0.37));
#2235 = CARTESIAN_POINT('', (87.0947738056358, -1.93947473513013, 0.37));
#2236 = CARTESIAN_POINT('', (87.1635984756939, -1.99775282739439, 0.37));
#2237 = CARTESIAN_POINT('', (87.2298275853017, -2.0597986133431, 0.369999999999999));
#2238 = CARTESIAN_POINT('', (87.292466120897, -2.1246799288742, 0.369999999999999));
#2239 = CARTESIAN_POINT('', (87.3551046564923, -2.18956124440529, 0.369999999999999));
#2240 = CARTESIAN_POINT('', (87.4147831554063, -2.25793120331119, 0.369999999999999));
#2241 = CARTESIAN_POINT('', (87.4706050192077, -2.32876262831669, 0.369999999999999));
#2242 = CARTESIAN_POINT('', (87.5264268830091, -2.39959405332219, 0.369999999999999));
#2243 = CARTESIAN_POINT('', (87.5789540304702, -2.47359995371554, 0.369999999999999));
#2244 = CARTESIAN_POINT('', (87.6273973037054, -2.54966847890718, 0.369999999999999));
#2245 = CARTESIAN_POINT('', (87.6758405769406, -2.62573700409883, 0.369999999999999));
#2246 = CARTESIAN_POINT('', (87.720687619729, -2.70463388151839, 0.369999999999999));
#2247 = CARTESIAN_POINT('', (87.7612646586189, -2.78517377946656, 0.369999999999999));
#2248 = CARTESIAN_POINT('', (87.8018416975087, -2.86571367741473, 0.369999999999999));
#2249 = CARTESIAN_POINT('', (87.8385571925249, -2.94870733343216, 0.37));
#2250 = CARTESIAN_POINT('', (87.8708595370445, -3.03290786659616, 0.37));
#2251 = CARTESIAN_POINT('', (87.9031618815642, -3.11710839976017, 0.37));
#2252 = CARTESIAN_POINT('', (87.9313762401831, -3.20336339660755, 0.37));
#2253 = CARTESIAN_POINT('', (87.9550787257369, -3.29037697845052, 0.37));
#2254 = CARTESIAN_POINT('', (87.9787812112907, -3.37739056029349, 0.37));
#2255 = CARTESIAN_POINT('', (87.9982104197465, -3.46603863061756, 0.369999999999999));
#2256 = CARTESIAN_POINT('', (88.0130744503672, -3.5549893576538, 0.369999999999999));
#2257 = CARTESIAN_POINT('', (88.027938480988, -3.64394008469005, 0.369999999999999));
#2258 = CARTESIAN_POINT('', (88.0383869593372, -3.7340888717786, 0.37));
#2259 = CARTESIAN_POINT('', (88.0442629094613, -3.82408134066745, 0.37));
#2260 = CARTESIAN_POINT('', (88.0468744428497, -3.86407799350694, 0.37));
#2261 = CARTESIAN_POINT('', (88.0485966086123, -3.90417257004931, 0.37));
#2262 = CARTESIAN_POINT('', (88.0494242856771, -3.94424584413165, 0.37));
#2263 = CARTESIAN_POINT('', (88.0498080567811, -3.96282671980322, 0.37));
#2264 = CARTESIAN_POINT('', (88.05, -3.98141516152928, 0.37));
#2265 = CARTESIAN_POINT('', (88.05, -4., 0.37));
#2266 = CARTESIAN_POINT('', (85.35, 0.369999999999997, -1.3));
#2267 = CARTESIAN_POINT('', (85.4959646301269, 0.369999999999997, -1.3));
#2268 = CARTESIAN_POINT('', (85.6426639210138, 0.362631488286481, -1.3));
#2269 = CARTESIAN_POINT('', (85.7878938903808, 0.348005167978858, -1.3));
#2270 = CARTESIAN_POINT('', (85.9331238597479, 0.333378847671235, -1.3));
#2271 = CARTESIAN_POINT('', (86.0783464338108, 0.31134748606563, -1.3));
#2272 = CARTESIAN_POINT('', (86.2213798162025, 0.282242078154397, -1.3));
#2273 = CARTESIAN_POINT('', (86.3644131985942, 0.253136670243164, -1.3));
#2274 = CARTESIAN_POINT('', (86.5066972040606, 0.216664232704184, -1.3));
#2275 = CARTESIAN_POINT('', (86.6460941847314, 0.173372720511047, -1.3));
#2276 = CARTESIAN_POINT('', (86.7854911654021, 0.130081208317909, -1.3));
#2277 = CARTESIAN_POINT('', (86.923404330968, 0.0795348367846044, -1.3));
#2278 = CARTESIAN_POINT('', (87.0577617002272, 0.022493004995443, -1.3));
#2279 = CARTESIAN_POINT('', (87.1921190694863, -0.0345488267937183, -1.3));
#2280 = CARTESIAN_POINT('', (87.3242731219662, -0.0986603181561051, -1.3));
#2281 = CARTESIAN_POINT('', (87.4522384002862, -0.168878270223942, -1.3));
#2282 = CARTESIAN_POINT('', (87.5802036786061, -0.239096222291779, -1.3));
#2283 = CARTESIAN_POINT('', (87.7052683176865, -0.316127468960077, -1.3));
#2284 = CARTESIAN_POINT('', (87.8255533701467, -0.398814707411564, -1.3));
#2285 = CARTESIAN_POINT('', (87.945838422607, -0.481501945863051, -1.3));
#2286 = CARTESIAN_POINT('', (88.0625547120276, -0.570677529379206, -1.3));
#2287 = CARTESIAN_POINT('', (88.1739487150476, -0.665001700932848, -1.3));
#2288 = CARTESIAN_POINT('', (88.2853427180676, -0.759325872486489, -1.3));
#2289 = CARTESIAN_POINT('', (88.3925357584327, -0.859748126040501, -1.3));
#2290 = CARTESIAN_POINT('', (88.4939173882666, -0.964759736733416, -1.3));
#2291 = CARTESIAN_POINT('', (88.5952990181005, -1.06977134742633, -1.3));
#2292 = CARTESIAN_POINT('', (88.6918897737503, -1.1804293920259, -1.3));
#2293 = CARTESIAN_POINT('', (88.7822384940511, -1.29507136509035, -1.3));
#2294 = CARTESIAN_POINT('', (88.8725872143518, -1.4097133381548, -1.3));
#2295 = CARTESIAN_POINT('', (88.9576033752425, -1.52949325842107, -1.3));
#2296 = CARTESIAN_POINT('', (89.0360097100713, -1.65261157512014, -1.3));
#2297 = CARTESIAN_POINT('', (89.1144160449001, -1.7757298918192, -1.3));
#2298 = CARTESIAN_POINT('', (89.187001814154, -1.90342594897605, -1.3));
#2299 = CARTESIAN_POINT('', (89.2526765030239, -2.03378126528476, -1.3));
#2300 = CARTESIAN_POINT('', (89.3183511918938, -2.16413658159346, -1.3));
#2301 = CARTESIAN_POINT('', (89.377775900494, -2.29846335077724, -1.3));
#2302 = CARTESIAN_POINT('', (89.4300578432907, -2.43474347297232, -1.3));
#2303 = CARTESIAN_POINT('', (89.4823397860873, -2.5710235951674, -1.3));
#2304 = CARTESIAN_POINT('', (89.5280052480003, -2.71062890487963, -1.3));
#2305 = CARTESIAN_POINT('', (89.566368159804, -2.8514619984551, -1.3));
#2306 = CARTESIAN_POINT('', (89.6047310716077, -2.99229509203058, -1.3));
#2307 = CARTESIAN_POINT('', (89.636177605294, -3.13577363548109, -1.3));
#2308 = CARTESIAN_POINT('', (89.6602353141135, -3.27974203442494, -1.3));
#2309 = CARTESIAN_POINT('', (89.6842930229329, -3.42371043336879, -1.3));
#2310 = CARTESIAN_POINT('', (89.7012040786324, -3.56961791469394, -1.3));
#2311 = CARTESIAN_POINT('', (89.710714412722, -3.71527239211774, -1.3));
#2312 = CARTESIAN_POINT('', (89.714941227873, -3.78000771541721, -1.3));
#2313 = CARTESIAN_POINT('', (89.7177285850504, -3.84490153004276, -1.3));
#2314 = CARTESIAN_POINT('', (89.719068195707, -3.90976086624269, -1.3));
#2315 = CARTESIAN_POINT('', (89.7196893363458, -3.93983435760743, -1.3));
#2316 = CARTESIAN_POINT('', (89.72, -3.96992009477146, -1.3));
#2317 = CARTESIAN_POINT('', (89.72, -4., -1.3));
#2318 = ADVANCED_FACE('', (#2319), #2334, .T.);
#2319 = FACE_OUTER_BOUND('', #2320, .T.);
#2320 = EDGE_LOOP('', (#2321, #2322, #2323, #2333));
#2321 = ORIENTED_EDGE('', *, *, #410, .T.);
#2322 = ORIENTED_EDGE('', *, *, #896, .F.);
#2323 = ORIENTED_EDGE('', *, *, #2324, .F.);
#2324 = EDGE_CURVE('', #2151, #882, #2325, .T.);
#2325 = B_SPLINE_CURVE_WITH_KNOTS('', 3, (#2326, #2327, #2328, #2329, #2330, #2331, #2332), .UNSPECIFIED., .F., .U., (4, 3, 4), (0., 1.33, 3.), .UNSPECIFIED.);
#2326 = CARTESIAN_POINT('', (88.05, -4., 0.37));
#2327 = CARTESIAN_POINT('', (88.05, -4.44333333333334, 0.37));
#2328 = CARTESIAN_POINT('', (88.05, -4.88666666666667, 0.37));
#2329 = CARTESIAN_POINT('', (88.05, -5.33, 0.37));
#2330 = CARTESIAN_POINT('', (88.05, -5.88666666666667, 0.37));
#2331 = CARTESIAN_POINT('', (88.05, -6.44333333333333, 0.37));
#2332 = CARTESIAN_POINT('', (88.05, -7., 0.37));
#2333 = ORIENTED_EDGE('', *, *, #2209, .T.);
#2334 = B_SPLINE_SURFACE_WITH_KNOTS('', 1, 1, ((#2335, #2336), (#2337, #2338)), .UNSPECIFIED., .F., .F., .U., (2, 2), (2, 2), (0., 3.), (0., 1.), .UNSPECIFIED.);
#2335 = CARTESIAN_POINT('', (89.72, -4., -1.3));
#2336 = CARTESIAN_POINT('', (88.05, -4., 0.37));
#2337 = CARTESIAN_POINT('', (89.72, -6.99999999999999, -1.3));
#2338 = CARTESIAN_POINT('', (88.05, -7., 0.37));
#2339 = ADVANCED_FACE('', (#2340), #2356, .T.);
#2340 = FACE_OUTER_BOUND('', #2341, .T.);
#2341 = EDGE_LOOP('', (#2342, #2343, #2344, #2351));
#2342 = ORIENTED_EDGE('', *, *, #2324, .T.);
#2343 = ORIENTED_EDGE('', *, *, #926, .T.);
#2344 = ORIENTED_EDGE('', *, *, #2345, .F.);
#2345 = EDGE_CURVE('', #2346, #920, #2348, .T.);
#2346 = VERTEX_POINT('', #2347);
#2347 = CARTESIAN_POINT('', (88.05, -4., 23.8));
#2348 = B_SPLINE_CURVE_WITH_KNOTS('', 1, (#2349, #2350), .UNSPECIFIED., .F., .U., (2, 2), (0.75, 1.), .UNSPECIFIED.);
#2349 = CARTESIAN_POINT('', (88.05, -4., 23.8));
#2350 = CARTESIAN_POINT('', (88.05, -7., 23.8));
#2351 = ORIENTED_EDGE('', *, *, #2352, .F.);
#2352 = EDGE_CURVE('', #2151, #2346, #2353, .T.);
#2353 = B_SPLINE_CURVE_WITH_KNOTS('', 1, (#2354, #2355), .UNSPECIFIED., .F., .U., (2, 2), (0.0665338645418327, 1.), .UNSPECIFIED.);
#2354 = CARTESIAN_POINT('', (88.05, -4., 0.37));
#2355 = CARTESIAN_POINT('', (88.05, -4., 23.8));
#2356 = B_SPLINE_SURFACE_WITH_KNOTS('', 1, 1, ((#2357, #2358), (#2359, #2360)), .UNSPECIFIED., .F., .F., .U., (2, 2), (2, 2), (0.75, 1.), (0.0665338645418327, 1.), .UNSPECIFIED.);
#2357 = CARTESIAN_POINT('', (88.05, -4., 0.37));
#2358 = CARTESIAN_POINT('', (88.05, -4., 23.8));
#2359 = CARTESIAN_POINT('', (88.05, -7., 0.37));
#2360 = CARTESIAN_POINT('', (88.05, -7., 23.8));
#2361 = ADVANCED_FACE('', (#2362), #2380, .T.);
#2362 = FACE_OUTER_BOUND('', #2363, .T.);
#2363 = EDGE_LOOP('', (#2364, #2372, #2373, #2374, #2375));
#2364 = ORIENTED_EDGE('', *, *, #2365, .F.);
#2365 = EDGE_CURVE('', #2346, #2366, #2368, .T.);
#2366 = VERTEX_POINT('', #2367);
#2367 = CARTESIAN_POINT('', (85.35, -1.3, 23.8));
#2368 = (
   BOUNDED_CURVE ()
   B_SPLINE_CURVE (2, (#2369, #2370, #2371), .UNSPECIFIED., .F., .U.)
   B_SPLINE_CURVE_WITH_KNOTS ((3, 3), (0., 0.846524108320927), .UNSPECIFIED.)
   CURVE ()
   GEOMETRIC_REPRESENTATION_ITEM ()
   RATIONAL_B_SPLINE_CURVE ((1., 0.707106781186549, 1.))
   REPRESENTATION_ITEM ('')
);
#2369 = CARTESIAN_POINT('', (88.05, -4., 23.8));
#2370 = CARTESIAN_POINT('', (88.05, -1.30000000000001, 23.8));
#2371 = CARTESIAN_POINT('', (85.35, -1.3, 23.8));
#2372 = ORIENTED_EDGE('', *, *, #2345, .T.);
#2373 = ORIENTED_EDGE('', *, *, #919, .T.);
#2374 = ORIENTED_EDGE('', *, *, #990, .T.);
#2375 = ORIENTED_EDGE('', *, *, #2376, .T.);
#2376 = EDGE_CURVE('', #984, #2366, #2377, .T.);
#2377 = B_SPLINE_CURVE_WITH_KNOTS('', 1, (#2378, #2379), .UNSPECIFIED., .F., .U., (2, 2), (0., 0.771788649537255), .UNSPECIFIED.);
#2378 = CARTESIAN_POINT('', (92.5, -1.3, 23.8));
#2379 = CARTESIAN_POINT('', (85.35, -1.3, 23.8));
#2380 = B_SPLINE_SURFACE_WITH_KNOTS('', 1, 1, ((#2381, #2382), (#2383, #2384)), .UNSPECIFIED., .F., .F., .U., (2, 2), (2, 2), (-0.535661447192415, 0.821412173266612), (-0.880881929589889, 0.82141217326661), .UNSPECIFIED.);
#2381 = CARTESIAN_POINT('', (92.5, -7., 23.8));
#2382 = CARTESIAN_POINT('', (85.35, -7., 23.8));
#2383 = CARTESIAN_POINT('', (92.5, -1.3, 23.8));
#2384 = CARTESIAN_POINT('', (85.35, -1.3, 23.8));
#2385 = ADVANCED_FACE('', (#2386), #2439, .T.);
#2386 = FACE_OUTER_BOUND('', #2387, .T.);
#2387 = EDGE_LOOP('', (#2388, #2389, #2394, #2395, #2396, #2420, #2427, #2434));
#2388 = ORIENTED_EDGE('', *, *, #2134, .T.);
#2389 = ORIENTED_EDGE('', *, *, #2390, .T.);
#2390 = EDGE_CURVE('', #2128, #2366, #2391, .T.);
#2391 = B_SPLINE_CURVE_WITH_KNOTS('', 1, (#2392, #2393), .UNSPECIFIED., .F., .U., (2, 2), (0.0665338645418327, 1.), .UNSPECIFIED.);
#2392 = CARTESIAN_POINT('', (85.35, -1.3, 0.37));
#2393 = CARTESIAN_POINT('', (85.35, -1.3, 23.8));
#2394 = ORIENTED_EDGE('', *, *, #2376, .F.);
#2395 = ORIENTED_EDGE('', *, *, #983, .T.);
#2396 = ORIENTED_EDGE('', *, *, #2397, .F.);
#2397 = EDGE_CURVE('', #2398, #948, #2400, .T.);
#2398 = VERTEX_POINT('', #2399);
#2399 = CARTESIAN_POINT('', (48.8, -1.3, 35.23));
#2400 = B_SPLINE_CURVE_WITH_KNOTS('', 3, (#2401, #2402, #2403, #2404, #2405, #2406, #2407, #2408, #2409, #2410, #2411, #2412, #2413, #2414, #2415, #2416, #2417, #2418, #2419), .UNSPECIFIED., .F., .U., (4, 3, 3, 3, 3, 3, 4), (0., 21.015, 31.5225, 36.77625, 39.403125, 42.03, 43.7), .UNSPECIFIED.);
#2401 = CARTESIAN_POINT('', (48.8, -1.3, 35.23));
#2402 = CARTESIAN_POINT('', (55.805, -1.3, 35.23));
#2403 = CARTESIAN_POINT('', (62.81, -1.3, 35.23));
#2404 = CARTESIAN_POINT('', (69.815, -1.3, 35.23));
#2405 = CARTESIAN_POINT('', (73.3175, -1.3, 35.23));
#2406 = CARTESIAN_POINT('', (76.82, -1.3, 35.23));
#2407 = CARTESIAN_POINT('', (80.3225, -1.3, 35.23));
#2408 = CARTESIAN_POINT('', (82.07375, -1.3, 35.23));
#2409 = CARTESIAN_POINT('', (83.825, -1.3, 35.23));
#2410 = CARTESIAN_POINT('', (85.57625, -1.3, 35.23));
#2411 = CARTESIAN_POINT('', (86.451875, -1.3, 35.23));
#2412 = CARTESIAN_POINT('', (87.3275, -1.3, 35.23));
#2413 = CARTESIAN_POINT('', (88.203125, -1.3, 35.23));
#2414 = CARTESIAN_POINT('', (89.07875, -1.3, 35.23));
#2415 = CARTESIAN_POINT('', (89.954375, -1.3, 35.23));
#2416 = CARTESIAN_POINT('', (90.83, -1.3, 35.23));
#2417 = CARTESIAN_POINT('', (91.3866666666667, -1.3, 35.23));
#2418 = CARTESIAN_POINT('', (91.9433333333333, -1.3, 35.23));
#2419 = CARTESIAN_POINT('', (92.5, -1.3, 35.23));
#2420 = ORIENTED_EDGE('', *, *, #2421, .F.);
#2421 = EDGE_CURVE('', #2422, #2398, #2424, .T.);
#2422 = VERTEX_POINT('', #2423);
#2423 = CARTESIAN_POINT('', (48.8, -1.3, 27.9));
#2424 = B_SPLINE_CURVE_WITH_KNOTS('', 1, (#2425, #2426), .UNSPECIFIED., .F., .U., (2, 2), (0.764397905759162, 0.956282722513089), .UNSPECIFIED.);
#2425 = CARTESIAN_POINT('', (48.8, -1.3, 27.9));
#2426 = CARTESIAN_POINT('', (48.8, -1.3, 35.23));
#2427 = ORIENTED_EDGE('', *, *, #2428, .F.);
#2428 = EDGE_CURVE('', #2429, #2422, #2431, .T.);
#2429 = VERTEX_POINT('', #2430);
#2430 = CARTESIAN_POINT('', (1.4, -1.3, 27.9));
#2431 = B_SPLINE_CURVE_WITH_KNOTS('', 1, (#2432, #2433), .UNSPECIFIED., .F., .U., (2, 2), (0., 0.929411764705882), .UNSPECIFIED.);
#2432 = CARTESIAN_POINT('', (1.4, -1.3, 27.9));
#2433 = CARTESIAN_POINT('', (48.8, -1.3, 27.9));
#2434 = ORIENTED_EDGE('', *, *, #2435, .F.);
#2435 = EDGE_CURVE('', #1938, #2429, #2436, .T.);
#2436 = B_SPLINE_CURVE_WITH_KNOTS('', 1, (#2437, #2438), .UNSPECIFIED., .F., .U., (2, 2), (0.0571917808219178, 1.), .UNSPECIFIED.);
#2437 = CARTESIAN_POINT('', (1.4, -1.3, 0.37));
#2438 = CARTESIAN_POINT('', (1.4, -1.3, 27.9));
#2439 = B_SPLINE_SURFACE_WITH_KNOTS('', 1, 1, ((#2440, #2441), (#2442, #2443)), .UNSPECIFIED., .F., .F., .U., (2, 2), (2, 2), (0., 1.78627450980392), (0.0571917808219178, 1.25102739726027), .UNSPECIFIED.);
#2440 = CARTESIAN_POINT('', (1.4, -1.3, 0.37));
#2441 = CARTESIAN_POINT('', (1.4, -1.3, 35.23));
#2442 = CARTESIAN_POINT('', (92.5, -1.3, 0.37));
#2443 = CARTESIAN_POINT('', (92.5, -1.3, 35.23));
#2444 = ADVANCED_FACE('', (#2445), #2451, .T.);
#2445 = FACE_OUTER_BOUND('', #2446, .T.);
#2446 = EDGE_LOOP('', (#2447, #2448, #2449, #2450));
#2447 = ORIENTED_EDGE('', *, *, #2150, .T.);
#2448 = ORIENTED_EDGE('', *, *, #2352, .T.);
#2449 = ORIENTED_EDGE('', *, *, #2365, .T.);
#2450 = ORIENTED_EDGE('', *, *, #2390, .F.);
#2451 = (
   BOUNDED_SURFACE ()
   B_SPLINE_SURFACE (1, 2, ((#2452, #2453, #2454), (#2455, #2456, #2457)), .UNSPECIFIED., .F., .F., .U.)
   B_SPLINE_SURFACE_WITH_KNOTS ((2, 2), (3, 3), (1.77, 25.2), (0., 4.24115008234623), .UNSPECIFIED.)
   GEOMETRIC_REPRESENTATION_ITEM ()
   RATIONAL_B_SPLINE_SURFACE (((1., 0.707106781186546, 1.), (1., 0.707106781186546, 1.)))
   REPRESENTATION_ITEM ('')
   SURFACE ()
);
#2452 = CARTESIAN_POINT('', (88.05, -4., 0.369999999999999));
#2453 = CARTESIAN_POINT('', (88.05, -1.29999999999999, 0.369999999999999));
#2454 = CARTESIAN_POINT('', (85.35, -1.29999999999999, 0.369999999999999));
#2455 = CARTESIAN_POINT('', (88.05, -4., 23.8));
#2456 = CARTESIAN_POINT('', (88.05, -1.29999999999999, 23.8));
#2457 = CARTESIAN_POINT('', (85.35, -1.29999999999999, 23.8));
#2458 = ADVANCED_FACE('', (#2459), #2497, .T.);
#2459 = FACE_OUTER_BOUND('', #2460, .T.);
#2460 = EDGE_LOOP('', (#2461, #2462, #2471, #2492));
#2461 = ORIENTED_EDGE('', *, *, #2397, .T.);
#2462 = ORIENTED_EDGE('', *, *, #2463, .T.);
#2463 = EDGE_CURVE('', #948, #2464, #2466, .T.);
#2464 = VERTEX_POINT('', #2465);
#2465 = CARTESIAN_POINT('', (90.83, 0.369999999999997, 36.9));
#2466 = B_SPLINE_CURVE_WITH_KNOTS('', 3, (#2467, #2468, #2469, #2470), .UNSPECIFIED., .F., .U., (4, 4), (0., 2.89252484864002), .UNSPECIFIED.);
#2467 = CARTESIAN_POINT('', (92.5, -1.3, 35.23));
#2468 = CARTESIAN_POINT('', (91.9433333333333, -0.743333333333336, 35.7866666666667));
#2469 = CARTESIAN_POINT('', (91.3866666666667, -0.18666666666666, 36.3433333333333));
#2470 = CARTESIAN_POINT('', (90.83, 0.370000000000001, 36.9));
#2471 = ORIENTED_EDGE('', *, *, #2472, .F.);
#2472 = EDGE_CURVE('', #2473, #2464, #2475, .T.);
#2473 = VERTEX_POINT('', #2474);
#2474 = CARTESIAN_POINT('', (48.8, 0.369999999999997, 36.9));
#2475 = B_SPLINE_CURVE_WITH_KNOTS('', 3, (#2476, #2477, #2478, #2479, #2480, #2481, #2482, #2483, #2484, #2485, #2486, #2487, #2488, #2489, #2490, #2491), .UNSPECIFIED., .F., .U., (4, 3, 3, 3, 3, 4), (0., 21.015, 31.5225, 36.77625, 39.403125, 42.03), .UNSPECIFIED.);
#2476 = CARTESIAN_POINT('', (48.8, 0.369999999999997, 36.9));
#2477 = CARTESIAN_POINT('', (55.805, 0.369999999999997, 36.9));
#2478 = CARTESIAN_POINT('', (62.81, 0.369999999999997, 36.9));
#2479 = CARTESIAN_POINT('', (69.815, 0.369999999999997, 36.9));
#2480 = CARTESIAN_POINT('', (73.3175, 0.369999999999997, 36.9));
#2481 = CARTESIAN_POINT('', (76.82, 0.369999999999997, 36.9));
#2482 = CARTESIAN_POINT('', (80.3225, 0.369999999999997, 36.9));
#2483 = CARTESIAN_POINT('', (82.07375, 0.369999999999997, 36.9));
#2484 = CARTESIAN_POINT('', (83.825, 0.369999999999997, 36.9));
#2485 = CARTESIAN_POINT('', (85.57625, 0.369999999999997, 36.9));
#2486 = CARTESIAN_POINT('', (86.451875, 0.369999999999997, 36.9));
#2487 = CARTESIAN_POINT('', (87.3275, 0.369999999999997, 36.9));
#2488 = CARTESIAN_POINT('', (88.203125, 0.369999999999997, 36.9));
#2489 = CARTESIAN_POINT('', (89.07875, 0.369999999999997, 36.9));
#2490 = CARTESIAN_POINT('', (89.954375, 0.369999999999997, 36.9));
#2491 = CARTESIAN_POINT('', (90.83, 0.369999999999997, 36.9));
#2492 = ORIENTED_EDGE('', *, *, #2493, .F.);
#2493 = EDGE_CURVE('', #2398, #2473, #2494, .T.);
#2494 = B_SPLINE_CURVE_WITH_KNOTS('', 1, (#2495, #2496), .UNSPECIFIED., .F., .U., (2, 2), (0., 1.), .UNSPECIFIED.);
#2495 = CARTESIAN_POINT('', (48.8, -1.3, 35.23));
#2496 = CARTESIAN_POINT('', (48.8, 0.369999999999997, 36.9));
#2497 = B_SPLINE_SURFACE_WITH_KNOTS('', 1, 1, ((#2498, #2499), (#2500, #2501)), .UNSPECIFIED., .F., .F., .U., (2, 2), (2, 2), (0., 43.7), (0., 1.), .UNSPECIFIED.);
#2498 = CARTESIAN_POINT('', (48.8, -1.3, 35.23));
#2499 = CARTESIAN_POINT('', (48.8, 0.369999999999997, 36.9));
#2500 = CARTESIAN_POINT('', (92.5, -1.3, 35.23));
#2501 = CARTESIAN_POINT('', (92.5, 0.369999999999997, 36.9));
#2502 = ADVANCED_FACE('', (#2503), #2544, .T.);
#2503 = FACE_OUTER_BOUND('', #2504, .T.);
#2504 = EDGE_LOOP('', (#2505, #2506, #2515, #2543));
#2505 = ORIENTED_EDGE('', *, *, #947, .T.);
#2506 = ORIENTED_EDGE('', *, *, #2507, .T.);
#2507 = EDGE_CURVE('', #941, #2508, #2510, .T.);
#2508 = VERTEX_POINT('', #2509);
#2509 = CARTESIAN_POINT('', (90.83, 41.33, 36.9));
#2510 = B_SPLINE_CURVE_WITH_KNOTS('', 3, (#2511, #2512, #2513, #2514), .UNSPECIFIED., .F., .U., (4, 4), (0., 2.89252484864003), .UNSPECIFIED.);
#2511 = CARTESIAN_POINT('', (92.5, 43., 35.23));
#2512 = CARTESIAN_POINT('', (91.9433333333333, 42.4433333333333, 35.7866666666667));
#2513 = CARTESIAN_POINT('', (91.3866666666667, 41.8866666666667, 36.3433333333333));
#2514 = CARTESIAN_POINT('', (90.83, 41.33, 36.9));
#2515 = ORIENTED_EDGE('', *, *, #2516, .F.);
#2516 = EDGE_CURVE('', #2464, #2508, #2517, .T.);
#2517 = B_SPLINE_CURVE_WITH_KNOTS('', 3, (#2518, #2519, #2520, #2521, #2522, #2523, #2524, #2525, #2526, #2527, #2528, #2529, #2530, #2531, #2532, #2533, #2534, #2535, #2536, #2537, #2538, #2539, #2540, #2541, #2542), .UNSPECIFIED., .F., .U., (4, 3, 3, 3, 3, 3, 3, 3, 4), (32.37, 34.93, 37.49, 42.61, 52.85, 63.09, 68.21, 70.77, 73.33), .UNSPECIFIED.);
#2518 = CARTESIAN_POINT('', (90.83, 0.369999999999997, 36.9));
#2519 = CARTESIAN_POINT('', (90.83, 1.22333333333333, 36.9));
#2520 = CARTESIAN_POINT('', (90.83, 2.07666666666667, 36.9));
#2521 = CARTESIAN_POINT('', (90.83, 2.93, 36.9));
#2522 = CARTESIAN_POINT('', (90.83, 3.78333333333333, 36.9));
#2523 = CARTESIAN_POINT('', (90.83, 4.63666666666666, 36.9));
#2524 = CARTESIAN_POINT('', (90.83, 5.49, 36.9));
#2525 = CARTESIAN_POINT('', (90.83, 7.19666666666666, 36.9));
#2526 = CARTESIAN_POINT('', (90.83, 8.90333333333333, 36.9));
#2527 = CARTESIAN_POINT('', (90.83, 10.61, 36.9));
#2528 = CARTESIAN_POINT('', (90.83, 14.0233333333333, 36.9));
#2529 = CARTESIAN_POINT('', (90.83, 17.4366666666667, 36.9));
#2530 = CARTESIAN_POINT('', (90.83, 20.85, 36.9));
#2531 = CARTESIAN_POINT('', (90.83, 24.2633333333333, 36.9));
#2532 = CARTESIAN_POINT('', (90.83, 27.6766666666667, 36.9));
#2533 = CARTESIAN_POINT('', (90.83, 31.09, 36.9));
#2534 = CARTESIAN_POINT('', (90.83, 32.7966666666667, 36.9));
#2535 = CARTESIAN_POINT('', (90.83, 34.5033333333333, 36.9));
#2536 = CARTESIAN_POINT('', (90.83, 36.21, 36.9));
#2537 = CARTESIAN_POINT('', (90.83, 37.0633333333333, 36.9));
#2538 = CARTESIAN_POINT('', (90.83, 37.9166666666667, 36.9));
#2539 = CARTESIAN_POINT('', (90.83, 38.77, 36.9));
#2540 = CARTESIAN_POINT('', (90.83, 39.6233333333333, 36.9));
#2541 = CARTESIAN_POINT('', (90.83, 40.4766666666667, 36.9));
#2542 = CARTESIAN_POINT('', (90.83, 41.33, 36.9));
#2543 = ORIENTED_EDGE('', *, *, #2463, .F.);
#2544 = B_SPLINE_SURFACE_WITH_KNOTS('', 1, 1, ((#2545, #2546), (#2547, #2548)), .UNSPECIFIED., .F., .F., .U., (2, 2), (2, 2), (30.699683, 75.), (0., 1.), .UNSPECIFIED.);
#2545 = CARTESIAN_POINT('', (92.5, -1.300317, 35.23));
#2546 = CARTESIAN_POINT('', (90.83, -1.30031699995386, 36.9));
#2547 = CARTESIAN_POINT('', (92.5000000001209, 42.9999999999748, 35.229999998897));
#2548 = CARTESIAN_POINT('', (90.8300000001209, 43.0000000000209, 36.899999998897));
#2549 = ADVANCED_FACE('', (#2550), #2568, .T.);
#2550 = FACE_OUTER_BOUND('', #2551, .T.);
#2551 = EDGE_LOOP('', (#2552, #2553, #2560, #2567));
#2552 = ORIENTED_EDGE('', *, *, #1004, .T.);
#2553 = ORIENTED_EDGE('', *, *, #2554, .F.);
#2554 = EDGE_CURVE('', #2555, #1005, #2557, .T.);
#2555 = VERTEX_POINT('', #2556);
#2556 = CARTESIAN_POINT('', (88.6547236990991, 41.33, 36.9));
#2557 = B_SPLINE_CURVE_WITH_KNOTS('', 1, (#2558, #2559), .UNSPECIFIED., .F., .U., (2, 2), (0., 1.), .UNSPECIFIED.);
#2558 = CARTESIAN_POINT('', (88.6547236990991, 41.33, 36.9));
#2559 = CARTESIAN_POINT('', (88.6547236990991, 43., 35.23));
#2560 = ORIENTED_EDGE('', *, *, #2561, .F.);
#2561 = EDGE_CURVE('', #2508, #2555, #2562, .T.);
#2562 = B_SPLINE_CURVE_WITH_KNOTS('', 3, (#2563, #2564, #2565, #2566), .UNSPECIFIED., .F., .U., (4, 4), (4.52, 6.69527630090086), .UNSPECIFIED.);
#2563 = CARTESIAN_POINT('', (90.83, 41.33, 36.9));
#2564 = CARTESIAN_POINT('', (90.1049078996997, 41.33, 36.9));
#2565 = CARTESIAN_POINT('', (89.3798157993994, 41.33, 36.9));
#2566 = CARTESIAN_POINT('', (88.6547236990991, 41.33, 36.9));
#2567 = ORIENTED_EDGE('', *, *, #2507, .F.);
#2568 = B_SPLINE_SURFACE_WITH_KNOTS('', 1, 1, ((#2569, #2570), (#2571, #2572)), .UNSPECIFIED., .F., .F., .U., (2, 2), (2, 2), (2.8499615, 6.69527630090086), (0., 1.), .UNSPECIFIED.);
#2569 = CARTESIAN_POINT('', (92.5000385, 43., 35.23));
#2570 = CARTESIAN_POINT('', (92.5000385002114, 41.33, 36.9));
#2571 = CARTESIAN_POINT('', (88.6547237007328, 42.9999999991047, 35.2299999995914));
#2572 = CARTESIAN_POINT('', (88.6547237009442, 41.3299999991047, 36.8999999995915));
#2573 = ADVANCED_FACE('', (#2574), #2589, .T.);
#2574 = FACE_OUTER_BOUND('', #2575, .T.);
#2575 = EDGE_LOOP('', (#2576, #2583, #2588));
#2576 = ORIENTED_EDGE('', *, *, #2577, .T.);
#2577 = EDGE_CURVE('', #1005, #2578, #2580, .T.);
#2578 = VERTEX_POINT('', #2579);
#2579 = CARTESIAN_POINT('', (87.9664151263224, 41.4784444444444, 36.9));
#2580 = B_SPLINE_CURVE_WITH_KNOTS('', 1, (#2581, #2582), .UNSPECIFIED., .F., .U., (2, 2), (0., 1.), .UNSPECIFIED.);
#2581 = CARTESIAN_POINT('', (88.6547236990992, 43., 35.23));
#2582 = CARTESIAN_POINT('', (87.9664151263224, 41.4784444444444, 36.9));
#2583 = ORIENTED_EDGE('', *, *, #2584, .T.);
#2584 = EDGE_CURVE('', #2578, #2555, #2585, .T.);
#2585 = B_SPLINE_CURVE_WITH_KNOTS('', 1, (#2586, #2587), .UNSPECIFIED., .F., .U., (2, 2), (0., 1.), .UNSPECIFIED.);
#2586 = CARTESIAN_POINT('', (87.9664151263224, 41.4784444444444, 36.9));
#2587 = CARTESIAN_POINT('', (88.6547236990991, 41.33, 36.9));
#2588 = ORIENTED_EDGE('', *, *, #2554, .T.);
#2589 = B_SPLINE_SURFACE_WITH_KNOTS('', 3, 3, ((#2590, #2591, #2592, #2593, #2594, #2595, #2596, #2597, #2598, #2599, #2600, #2601, #2602), (#2603, #2604, #2605, #2606, #2607, #2608, #2609, #2610, #2611, #2612, #2613, #2614, #2615), (#2616, #2617, #2618, #2619, #2620, #2621, #2622, #2623, #2624, #2625, #2626, #2627, #2628), (#2629, #2630, #2631, #2632, #2633, #2634, #2635, #2636, #2637, #2638, #2639, #2640, #2641), (#2642, #2643, #2644, #2645, #2646, #2647, #2648, #2649, #2650, #2651, #2652, #2653, #2654), (#2655, #2656, #2657, #2658, #2659, #2660, #2661, #2662, #2663, #2664, #2665, #2666, #2667), (#2668, #2669, #2670, #2671, #2672, #2673, #2674, #2675, #2676, #2677, #2678, #2679, #2680), (#2681, #2682, #2683, #2684, #2685, #2686, #2687, #2688, #2689, #2690, #2691, #2692, #2693), (#2694, #2695, #2696, #2697, #2698, #2699, #2700, #2701, #2702, #2703, #2704, #2705, #2706), (#2707, #2708, #2709, #2710, #2711, #2712, #2713, #2714, #2715, #2716, #2717, #2718, #2719), (#2720, #2721, #2722, #2723, #2724, #2725, #2726, #2727, #2728, #2729, #2730, #2731, #2732), (#2733, #2734, #2735, #2736, #2737, #2738, #2739, #2740, #2741, #2742, #2743, #2744, #2745), (#2746, #2747, #2748, #2749, #2750, #2751, #2752, #2753, #2754, #2755, #2756, #2757, #2758), (#2759, #2760, #2761, #2762, #2763, #2764, #2765, #2766, #2767, #2768, #2769, #2770, #2771), (#2772, #2773, #2774, #2775, #2776, #2777, #2778, #2779, #2780, #2781, #2782, #2783, #2784), (#2785, #2786, #2787, #2788, #2789, #2790, #2791, #2792, #2793, #2794, #2795, #2796, #2797), (#2798, #2799, #2800, #2801, #2802, #2803, #2804, #2805, #2806, #2807, #2808, #2809, #2810), (#2811, #2812, #2813, #2814, #2815, #2816, #2817, #2818, #2819, #2820, #2821, #2822, #2823), (#2824, #2825, #2826, #2827, #2828, #2829, #2830, #2831, #2832, #2833, #2834, #2835, #2836)), .UNSPECIFIED., .F., .F., .U., (4, 3, 3, 3, 3, 3, 4), (4, 3, 3, 3, 4), (0., 0.125, 0.25, 0.5, 0.75, 0.875, 1.), (0., 0.125, 0.25, 0.5, 1.), .UNSPECIFIED.);
#2590 = CARTESIAN_POINT('', (87.9664151263224, 41.4784444444444, 36.9));
#2591 = CARTESIAN_POINT('', (87.9950946501881, 41.5418425925926, 36.8304166666667));
#2592 = CARTESIAN_POINT('', (88.0237741740538, 41.6052407407407, 36.7608333333333));
#2593 = CARTESIAN_POINT('', (88.0524536979195, 41.6686388888889, 36.69125));
#2594 = CARTESIAN_POINT('', (88.0811332217852, 41.732037037037, 36.6216666666667));
#2595 = CARTESIAN_POINT('', (88.1098127456509, 41.7954351851852, 36.5520833333333));
#2596 = CARTESIAN_POINT('', (88.1384922695166, 41.8588333333333, 36.4825));
#2597 = CARTESIAN_POINT('', (88.195851317248, 41.9856296296296, 36.3433333333333));
#2598 = CARTESIAN_POINT('', (88.2532103649794, 42.1124259259259, 36.2041666666667));
#2599 = CARTESIAN_POINT('', (88.3105694127107, 42.2392222222222, 36.065));
#2600 = CARTESIAN_POINT('', (88.4252875081736, 42.4928148148148, 35.7866666666667));
#2601 = CARTESIAN_POINT('', (88.5400056036364, 42.7464074074074, 35.5083333333333));
#2602 = CARTESIAN_POINT('', (88.6547236990992, 43., 35.23));
#2603 = CARTESIAN_POINT('', (87.9950946501881, 41.4722592592593, 36.9));
#2604 = CARTESIAN_POINT('', (88.0237735962849, 41.535657562005, 36.8304166965557));
#2605 = CARTESIAN_POINT('', (88.0508223629735, 41.5963549902104, 36.7577809457083));
#2606 = CARTESIAN_POINT('', (88.0788154203347, 41.6599786274426, 36.688275053985));
#2607 = CARTESIAN_POINT('', (88.1068084776959, 41.7236022646748, 36.6187691622617));
#2608 = CARTESIAN_POINT('', (88.134472308004, 41.7873340853849, 36.5493004520348));
#2609 = CARTESIAN_POINT('', (88.161883439113, 41.8511489057209, 36.4798602419983));
#2610 = CARTESIAN_POINT('', (88.216705701331, 41.9787785463929, 36.3409798219253));
#2611 = CARTESIAN_POINT('', (88.2704993464154, 42.1067461443569, 36.2022155228316));
#2612 = CARTESIAN_POINT('', (88.3242709708764, 42.2347209773968, 36.0634537094151));
#2613 = CARTESIAN_POINT('', (88.4318142197984, 42.4906706434766, 35.785930082582));
#2614 = CARTESIAN_POINT('', (88.5400067305598, 42.7464070371975, 35.508333206162));
#2615 = CARTESIAN_POINT('', (88.6547236990992, 43., 35.23));
#2616 = CARTESIAN_POINT('', (88.0237741740538, 41.4660740740741, 36.9));
#2617 = CARTESIAN_POINT('', (88.0520804932126, 41.5295527660207, 36.9000000562948));
#2618 = CARTESIAN_POINT('', (88.0775615462312, 41.5879174286863, 36.8768809385611));
#2619 = CARTESIAN_POINT('', (88.1047229147232, 41.6517881948765, 36.8454961943911));
#2620 = CARTESIAN_POINT('', (88.1318842832152, 41.7156589610668, 36.8141114502211));
#2621 = CARTESIAN_POINT('', (88.1584971667518, 41.7797177277293, 36.7686623042841));
#2622 = CARTESIAN_POINT('', (88.1846890303233, 41.8439207359022, 36.7123942028935));
#2623 = CARTESIAN_POINT('', (88.2370727574664, 41.9723267522479, 36.5998580001123));
#2624 = CARTESIAN_POINT('', (88.2877435584546, 42.1013199103068, 36.4440499381971));
#2625 = CARTESIAN_POINT('', (88.338359741275, 42.230329509633, 36.2708507043948));
#2626 = CARTESIAN_POINT('', (88.4395921069159, 42.4883487082854, 35.9244522367902));
#2627 = CARTESIAN_POINT('', (88.5417998985768, 42.7460202013624, 35.5083330948871));
#2628 = CARTESIAN_POINT('', (88.6547236990992, 43., 35.23));
#2629 = CARTESIAN_POINT('', (88.0524536979195, 41.4598888888889, 36.9));
#2630 = CARTESIAN_POINT('', (88.0800416998266, 41.5235225199992, 36.9000000791224));
#2631 = CARTESIAN_POINT('', (88.1039719894359, 41.5799323129212, 36.8745916457159));
#2632 = CARTESIAN_POINT('', (88.1301558025815, 41.6440719866766, 36.8432649839362));
#2633 = CARTESIAN_POINT('', (88.1563396157271, 41.7082116604319, 36.8119383221565));
#2634 = CARTESIAN_POINT('', (88.1818514623089, 41.7725938469408, 36.7665751406865));
#2635 = CARTESIAN_POINT('', (88.2068474830758, 41.837162101064, 36.7104143830056));
#2636 = CARTESIAN_POINT('', (88.2568395246096, 41.9662986093103, 36.5980928676436));
#2637 = CARTESIAN_POINT('', (88.3047334724474, 42.0961924125594, 36.4425865795969));
#2638 = CARTESIAN_POINT('', (88.3525489192073, 42.2261096735345, 36.2696909852235));
#2639 = CARTESIAN_POINT('', (88.4481798127271, 42.4859441954845, 35.9238997964769));
#2640 = CARTESIAN_POINT('', (88.5449370982327, 42.7453435201059, 35.5083329995085));
#2641 = CARTESIAN_POINT('', (88.6547236990992, 43., 35.23));
#2642 = CARTESIAN_POINT('', (88.0811332217852, 41.4537037037037, 36.9));
#2643 = CARTESIAN_POINT('', (88.1080029064404, 41.5174922739778, 36.9000001019501));
#2644 = CARTESIAN_POINT('', (88.1303824326406, 41.5719471971561, 36.8723023528706));
#2645 = CARTESIAN_POINT('', (88.1555886904398, 41.6363557784766, 36.8410337734813));
#2646 = CARTESIAN_POINT('', (88.1807949482391, 41.700764359797, 36.8097651940919));
#2647 = CARTESIAN_POINT('', (88.205205757866, 41.7654699661524, 36.764487977089));
#2648 = CARTESIAN_POINT('', (88.2290059358282, 41.8304034662258, 36.7084345631177));
#2649 = CARTESIAN_POINT('', (88.2766062917528, 41.9602704663727, 36.596327735175));
#2650 = CARTESIAN_POINT('', (88.3217233864403, 42.0910649148121, 36.4411232209966));
#2651 = CARTESIAN_POINT('', (88.3667380971396, 42.221889837436, 36.2685312660523));
#2652 = CARTESIAN_POINT('', (88.4567675185382, 42.4835396826838, 35.9233473561637));
#2653 = CARTESIAN_POINT('', (88.5480742978887, 42.7446668388494, 35.50833290413));
#2654 = CARTESIAN_POINT('', (88.6547236990992, 43., 35.23));
#2655 = CARTESIAN_POINT('', (88.1098127456509, 41.4475185185185, 36.9));
#2656 = CARTESIAN_POINT('', (88.1356195778032, 41.511536328741, 36.9000001211996));
#2657 = CARTESIAN_POINT('', (88.1564661571522, 41.564414091088, 36.8703946076606));
#2658 = CARTESIAN_POINT('', (88.1805496248027, 41.6291132223112, 36.8391744309153));
#2659 = CARTESIAN_POINT('', (88.2046330924532, 41.6938123535345, 36.80795425417));
#2660 = CARTESIAN_POINT('', (88.2278931719946, 41.7588377679753, 36.7627486726448));
#2661 = CARTESIAN_POINT('', (88.2505211484594, 41.8241135253915, 36.7067847124467));
#2662 = CARTESIAN_POINT('', (88.2957771013889, 41.954665040224, 36.5948567920505));
#2663 = CARTESIAN_POINT('', (88.3384630451064, 42.0862352812434, 36.4399037550973));
#2664 = CARTESIAN_POINT('', (88.3810311477937, 42.2178408854679, 36.2675648327301));
#2665 = CARTESIAN_POINT('', (88.4661673531683, 42.4810520939168, 35.9228869879957));
#2666 = CARTESIAN_POINT('', (88.5525555291836, 42.7437003121715, 35.508332824648));
#2667 = CARTESIAN_POINT('', (88.6547236990992, 43., 35.23));
#2668 = CARTESIAN_POINT('', (88.1384922695166, 41.4413333333333, 36.9));
#2669 = CARTESIAN_POINT('', (88.1629718146427, 41.5056374091984, 36.9000001367762));
#2670 = CARTESIAN_POINT('', (88.1822974768576, 41.5573169681823, 36.8688684105766));
#2671 = CARTESIAN_POINT('', (88.2051416655312, 41.6223220918518, 36.837686956456));
#2672 = CARTESIAN_POINT('', (88.2279858542048, 41.6873272155213, 36.8065055023354));
#2673 = CARTESIAN_POINT('', (88.2500491473296, 41.7526680425731, 36.7613572279592));
#2674 = CARTESIAN_POINT('', (88.2715129397188, 41.8182664379796, 36.7054648313126));
#2675 = CARTESIAN_POINT('', (88.314440524497, 41.9494632287927, 36.5936800380194));
#2676 = CARTESIAN_POINT('', (88.3549310163518, 42.0817081340626, 36.438928182066));
#2677 = CARTESIAN_POINT('', (88.3953024920893, 42.2139899008841, 36.2667916855414));
#2678 = CARTESIAN_POINT('', (88.4760454435643, 42.4785534345273, 35.9225186924922));
#2679 = CARTESIAN_POINT('', (88.5579327826633, 42.742540560276, 35.5083327610623));
#2680 = CARTESIAN_POINT('', (88.6547236990992, 43., 35.23));
#2681 = CARTESIAN_POINT('', (88.195851317248, 41.428962962963, 36.9));
#2682 = CARTESIAN_POINT('', (88.2176762883218, 41.4938395701134, 36.9000001679294));
#2683 = CARTESIAN_POINT('', (88.2339601162683, 41.5431227223708, 36.8658160164085));
#2684 = CARTESIAN_POINT('', (88.254325746988, 41.6087398309328, 36.8347120075373));
#2685 = CARTESIAN_POINT('', (88.2746913777078, 41.6743569394948, 36.8036079986662));
#2686 = CARTESIAN_POINT('', (88.2943610979996, 41.7403285917687, 36.758574338588));
#2687 = CARTESIAN_POINT('', (88.3134965222375, 41.8065722631559, 36.7028250690444));
#2688 = CARTESIAN_POINT('', (88.3517673707133, 41.9390596059301, 36.5913265299571));
#2689 = CARTESIAN_POINT('', (88.3878669588427, 42.0726538397009, 36.4369770360035));
#2690 = CARTESIAN_POINT('', (88.4238451806805, 42.2062879317167, 36.2652453911641));
#2691 = CARTESIAN_POINT('', (88.4958016243563, 42.4735561157482, 35.9217821014852));
#2692 = CARTESIAN_POINT('', (88.5686872896227, 42.7402210564849, 35.5083326338909));
#2693 = CARTESIAN_POINT('', (88.6547236990992, 43., 35.23));
#2694 = CARTESIAN_POINT('', (88.2532103649794, 41.4165925925926, 36.9));
#2695 = CARTESIAN_POINT('', (88.2713043095852, 41.4822738700164, 36.9000001843909));
#2696 = CARTESIAN_POINT('', (88.2845803863889, 41.5306794725777, 36.8642898147443));
#2697 = CARTESIAN_POINT('', (88.3019912694465, 41.5969725435091, 36.8332245310455));
#2698 = CARTESIAN_POINT('', (88.3194021525042, 41.6632656144404, 36.8021592473468));
#2699 = CARTESIAN_POINT('', (88.3364876415899, 41.7298518974859, 36.7571828882515));
#2700 = CARTESIAN_POINT('', (88.3533232584286, 41.7966631242333, 36.7015051849237));
#2701 = CARTESIAN_POINT('', (88.3869944921059, 41.9302855777281, 36.590149778268));
#2702 = CARTESIAN_POINT('', (88.4196506515199, 42.0648236176285, 36.4360014614129));
#2703 = CARTESIAN_POINT('', (88.4522449008684, 42.1993899407192, 36.2644722413207));
#2704 = CARTESIAN_POINT('', (88.5174333995655, 42.4685225869006, 35.9214138011361));
#2705 = CARTESIAN_POINT('', (88.5830258853208, 42.7371286518233, 35.5083325703052));
#2706 = CARTESIAN_POINT('', (88.6547236990992, 43., 35.23));
#2707 = CARTESIAN_POINT('', (88.3105694127108, 41.4042222222222, 36.9));
#2708 = CARTESIAN_POINT('', (88.3249092104394, 41.4707131408372, 36.9000001854022));
#2709 = CARTESIAN_POINT('', (88.3354747191339, 41.5197033136671, 36.8642898095099));
#2710 = CARTESIAN_POINT('', (88.34991023287, 41.5866380720726, 36.8332245287227));
#2711 = CARTESIAN_POINT('', (88.3643457466061, 41.653572830478, 36.8021592479354));
#2712 = CARTESIAN_POINT('', (88.3788272463835, 41.7207206976108, 36.7571828817934));
#2713 = CARTESIAN_POINT('', (88.3933439741525, 41.7880320317607, 36.7015051815105));
#2714 = CARTESIAN_POINT('', (88.4223774296906, 41.9226547000606, 36.5901497809446));
#2715 = CARTESIAN_POINT('', (88.4515544792695, 42.0579430598007, 36.4360014596309));
#2716 = CARTESIAN_POINT('', (88.4807345985567, 42.1932456918795, 36.2644722382867));
#2717 = CARTESIAN_POINT('', (88.5390948371311, 42.4638509560373, 35.9214137955983));
#2718 = CARTESIAN_POINT('', (88.5973644941226, 42.7340363079213, 35.5083325703052));
#2719 = CARTESIAN_POINT('', (88.6547236990992, 43., 35.23));
#2720 = CARTESIAN_POINT('', (88.3679284604422, 41.3918518518519, 36.9));
#2721 = CARTESIAN_POINT('', (88.3785141112937, 41.459152411658, 36.9000001864135));
#2722 = CARTESIAN_POINT('', (88.3863690518788, 41.5087271547565, 36.8642898042754));
#2723 = CARTESIAN_POINT('', (88.3978291962934, 41.5763036006361, 36.8332245263998));
#2724 = CARTESIAN_POINT('', (88.4092893407081, 41.6438800465157, 36.8021592485241));
#2725 = CARTESIAN_POINT('', (88.421166851177, 41.7115894977357, 36.7571828753353));
#2726 = CARTESIAN_POINT('', (88.4333646898764, 41.7794009392882, 36.7015051780973));
#2727 = CARTESIAN_POINT('', (88.4577603672753, 41.9150238223932, 36.5901497836212));
#2728 = CARTESIAN_POINT('', (88.4834583070192, 42.0510625019729, 36.4360014578489));
#2729 = CARTESIAN_POINT('', (88.509224296245, 42.1871014430399, 36.2644722352528));
#2730 = CARTESIAN_POINT('', (88.5607562746967, 42.4591793251739, 35.9214137900604));
#2731 = CARTESIAN_POINT('', (88.6117031029244, 42.7309439640194, 35.5083325703053));
#2732 = CARTESIAN_POINT('', (88.6547236990992, 43., 35.23));
#2733 = CARTESIAN_POINT('', (88.4252875081736, 41.3794814814815, 36.9));
#2734 = CARTESIAN_POINT('', (88.4321421265333, 41.4475866819153, 36.9000001719746));
#2735 = CARTESIAN_POINT('', (88.4376183581386, 41.4992006366362, 36.8658159954707));
#2736 = CARTESIAN_POINT('', (88.4461077962256, 41.567379041941, 36.8347119982459));
#2737 = CARTESIAN_POINT('', (88.4545972343127, 41.6355574472458, 36.803608001021));
#2738 = CARTESIAN_POINT('', (88.4638668905816, 41.7037720081721, 36.7585743127555));
#2739 = CARTESIAN_POINT('', (88.4737354275649, 41.7720142395166, 36.7028250553915));
#2740 = CARTESIAN_POINT('', (88.4934725015316, 41.9084987022057, 36.5913265406636));
#2741 = CARTESIAN_POINT('', (88.5156440916223, 42.0450967082053, 36.4369770288755));
#2742 = CARTESIAN_POINT('', (88.5379426758175, 42.1816810219144, 36.2652453790282));
#2743 = CARTESIAN_POINT('', (88.5825398442078, 42.4548496493325, 35.9217820793338));
#2744 = CARTESIAN_POINT('', (88.62604172483, 42.727851680877, 35.5083326338909));
#2745 = CARTESIAN_POINT('', (88.6547236990992, 43., 35.23));
#2746 = CARTESIAN_POINT('', (88.482646555905, 41.3671111111111, 36.9));
#2747 = CARTESIAN_POINT('', (88.4868465883383, 41.4357887835388, 36.9000001413271));
#2748 = CARTESIAN_POINT('', (88.4905390701315, 41.4908398541703, 36.8688683870216));
#2749 = CARTESIAN_POINT('', (88.4965180330285, 41.5594822384794, 36.837686946003));
#2750 = CARTESIAN_POINT('', (88.5024969959255, 41.6281246227884, 36.8065055049845));
#2751 = CARTESIAN_POINT('', (88.509325833433, 41.6967509668061, 36.7613571988976));
#2752 = CARTESIAN_POINT('', (88.5168070136639, 41.7653649429948, 36.7054648159532));
#2753 = CARTESIAN_POINT('', (88.5317693741256, 41.9025928953723, 36.5936800500642));
#2754 = CARTESIAN_POINT('', (88.5493842185721, 42.0397712704533, 36.438928174047));
#2755 = CARTESIAN_POINT('', (88.5671226836983, 42.1769341924908, 36.2667916718886));
#2756 = CARTESIAN_POINT('', (88.6025996139505, 42.4512600365657, 35.9225186675718));
#2757 = CARTESIAN_POINT('', (88.6367962842045, 42.7255324201245, 35.5083327610623));
#2758 = CARTESIAN_POINT('', (88.6547236990992, 43., 35.23));
#2759 = CARTESIAN_POINT('', (88.5113260797707, 41.3609259259259, 36.9));
#2760 = CARTESIAN_POINT('', (88.5141988192407, 41.4298898343506, 36.9000001260033));
#2761 = CARTESIAN_POINT('', (88.5169994261279, 41.4866594629373, 36.870394582797));
#2762 = CARTESIAN_POINT('', (88.5217231514299, 41.5555338367485, 36.8391744198816));
#2763 = CARTESIAN_POINT('', (88.5264468767319, 41.6244082105597, 36.8079542569662));
#2764 = CARTESIAN_POINT('', (88.5320553048588, 41.6932404461231, 36.7627486419687));
#2765 = CARTESIAN_POINT('', (88.5383428067134, 41.7620402947339, 36.706784696234));
#2766 = CARTESIAN_POINT('', (88.5509178104227, 41.8996399919556, 36.5948568047645));
#2767 = CARTESIAN_POINT('', (88.566254282047, 42.0371085515773, 36.4399037466328));
#2768 = CARTESIAN_POINT('', (88.5817126876386, 42.174560777779, 36.2675648183188));
#2769 = CARTESIAN_POINT('', (88.6126294988219, 42.4494652301823, 35.9228869616909));
#2770 = CARTESIAN_POINT('', (88.6421735638917, 42.7243727897483, 35.5083328246479));
#2771 = CARTESIAN_POINT('', (88.6547236990992, 43., 35.23));
#2772 = CARTESIAN_POINT('', (88.5400056036363, 41.3547407407407, 36.9));
#2773 = CARTESIAN_POINT('', (88.5418154830767, 41.4239338521337, 36.9000001066274));
#2774 = CARTESIAN_POINT('', (88.5438694458187, 41.4827722715951, 36.8723023286613));
#2775 = CARTESIAN_POINT('', (88.5474504326418, 41.5518446916711, 36.841033762738));
#2776 = CARTESIAN_POINT('', (88.5510314194649, 41.6209171117471, 36.8097651968146));
#2777 = CARTESIAN_POINT('', (88.5554595887649, 41.6899322540907, 36.7644879472202));
#2778 = CARTESIAN_POINT('', (88.5605380212265, 41.7589034030986, 36.7084345473316));
#2779 = CARTESIAN_POINT('', (88.5706948861497, 41.8968457011142, 36.5963277475544));
#2780 = CARTESIAN_POINT('', (88.583496555631, 42.0346094536595, 36.4411232127549));
#2781 = CARTESIAN_POINT('', (88.5964040625325, 42.1723587883821, 36.2685312520203));
#2782 = CARTESIAN_POINT('', (88.6222190763354, 42.4478574578272, 35.9233473305511));
#2783 = CARTESIAN_POINT('', (88.6466548279461, 42.7234064149695, 35.50833290413));
#2784 = CARTESIAN_POINT('', (88.6547236990992, 43., 35.23));
#2785 = CARTESIAN_POINT('', (88.568685127502, 41.3485555555556, 36.9));
#2786 = CARTESIAN_POINT('', (88.569776680782, 41.4179035615666, 36.9000000831045));
#2787 = CARTESIAN_POINT('', (88.5712234434547, 41.4791622532042, 36.8745916251053));
#2788 = CARTESIAN_POINT('', (88.5738029370027, 41.5483925763869, 36.8432649747899));
#2789 = CARTESIAN_POINT('', (88.5763824305506, 41.6176228995697, 36.8119383244745));
#2790 = CARTESIAN_POINT('', (88.5796741284485, 41.6867971801353, 36.7665751152577));
#2791 = CARTESIAN_POINT('', (88.583512476654, 41.7559284267267, 36.7104143695661));
#2792 = CARTESIAN_POINT('', (88.5911891730649, 41.8941909199094, 36.5980928781829));
#2793 = CARTESIAN_POINT('', (88.6010896079576, 42.0322785980995, 36.4425865725802));
#2794 = CARTESIAN_POINT('', (88.6110712299229, 42.1703553068601, 36.2696909732773));
#2795 = CARTESIAN_POINT('', (88.6310344738535, 42.4465087243814, 35.9238997746716));
#2796 = CARTESIAN_POINT('', (88.6497920669133, 42.7227299159919, 35.5083329995085));
#2797 = CARTESIAN_POINT('', (88.6547236990992, 43., 35.23));
#2798 = CARTESIAN_POINT('', (88.5973646513677, 41.3423703703704, 36.9));
#2799 = CARTESIAN_POINT('', (88.5977378784873, 41.4118732709995, 36.9000000595816));
#2800 = CARTESIAN_POINT('', (88.5985774410907, 41.4755522348133, 36.8768809215492));
#2801 = CARTESIAN_POINT('', (88.6001554413635, 41.5449404611029, 36.8454961868418));
#2802 = CARTESIAN_POINT('', (88.6017334416363, 41.6143286873923, 36.8141114521344));
#2803 = CARTESIAN_POINT('', (88.6038886681321, 41.6836621061799, 36.7686622832952));
#2804 = CARTESIAN_POINT('', (88.6064869320814, 41.7529534503548, 36.7123941918006));
#2805 = CARTESIAN_POINT('', (88.6116834599802, 41.8915361387046, 36.5998580088114));
#2806 = CARTESIAN_POINT('', (88.6186826602842, 42.0299477425395, 36.4440499324056));
#2807 = CARTESIAN_POINT('', (88.6257383973133, 42.1683518253382, 36.2708506945344));
#2808 = CARTESIAN_POINT('', (88.6398498713717, 42.4451599909356, 35.9244522187921));
#2809 = CARTESIAN_POINT('', (88.6529293058805, 42.7220534170144, 35.508333094887));
#2810 = CARTESIAN_POINT('', (88.6547236990992, 43., 35.23));
#2811 = CARTESIAN_POINT('', (88.6260441752334, 41.3361851851852, 36.9));
#2812 = CARTESIAN_POINT('', (88.626044764894, 41.4057684232509, 36.8304166985783));
#2813 = CARTESIAN_POINT('', (88.6264174376279, 41.472218953919, 36.7577809352394));
#2814 = CARTESIAN_POINT('', (88.6271358213781, 41.5417248040775, 36.6882750493392));
#2815 = CARTESIAN_POINT('', (88.6278542051284, 41.6112306542361, 36.6187691634391));
#2816 = CARTESIAN_POINT('', (88.6289171446202, 41.6806993571514, 36.5493004391186));
#2817 = CARTESIAN_POINT('', (88.6302445259814, 41.7501395494405, 36.4798602351719));
#2818 = CARTESIAN_POINT('', (88.6328992887038, 41.8890199340187, 36.3409798272785));
#2819 = CARTESIAN_POINT('', (88.6366305332653, 42.0277842584276, 36.2022155192676));
#2820 = CARTESIAN_POINT('', (88.6403848216964, 42.1665461051972, 36.0634537033472));
#2821 = CARTESIAN_POINT('', (88.6478933985585, 42.4440697987364, 35.7859300715063));
#2822 = CARTESIAN_POINT('', (88.6547225197606, 42.721666793838, 35.508333206162));
#2823 = CARTESIAN_POINT('', (88.6547236990992, 43., 35.23));
#2824 = CARTESIAN_POINT('', (88.6547236990991, 41.33, 36.9));
#2825 = CARTESIAN_POINT('', (88.6547236990991, 41.3995833333333, 36.8304166666667));
#2826 = CARTESIAN_POINT('', (88.6547236990992, 41.4691666666667, 36.7608333333333));
#2827 = CARTESIAN_POINT('', (88.6547236990992, 41.53875, 36.69125));
#2828 = CARTESIAN_POINT('', (88.6547236990992, 41.6083333333333, 36.6216666666667));
#2829 = CARTESIAN_POINT('', (88.6547236990992, 41.6779166666667, 36.5520833333333));
#2830 = CARTESIAN_POINT('', (88.6547236990992, 41.7475, 36.4825));
#2831 = CARTESIAN_POINT('', (88.6547236990992, 41.8866666666667, 36.3433333333333));
#2832 = CARTESIAN_POINT('', (88.6547236990992, 42.0258333333333, 36.2041666666667));
#2833 = CARTESIAN_POINT('', (88.6547236990992, 42.165, 36.065));
#2834 = CARTESIAN_POINT('', (88.6547236990992, 42.4433333333333, 35.7866666666666));
#2835 = CARTESIAN_POINT('', (88.6547236990992, 42.7216666666667, 35.5083333333333));
#2836 = CARTESIAN_POINT('', (88.6547236990992, 43., 35.23));
#2837 = ADVANCED_FACE('', (#2838), #3383, .T.);
#2838 = FACE_OUTER_BOUND('', #2839, .T.);
#2839 = EDGE_LOOP('', (#2840, #2841, #2925, #2932, #2941, #3013, #3022, #3085, #3094, #3157, #3166, #3229, #3238, #3310, #3319, #3380, #3381, #3382));
#2840 = ORIENTED_EDGE('', *, *, #2584, .F.);
#2841 = ORIENTED_EDGE('', *, *, #2842, .T.);
#2842 = EDGE_CURVE('', #2578, #2843, #2845, .T.);
#2843 = VERTEX_POINT('', #2844);
#2844 = CARTESIAN_POINT('', (84.2346266269391, 40.0948888888889, 36.9));
#2845 = B_SPLINE_CURVE_WITH_KNOTS('', 3, (#2846, #2847, #2848, #2849, #2850, #2851, #2852, #2853, #2854, #2855, #2856, #2857, #2858, #2859, #2860, #2861, #2862, #2863, #2864, #2865, #2866, #2867, #2868, #2869, #2870, #2871, #2872, #2873, #2874, #2875, #2876, #2877, #2878, #2879, #2880, #2881, #2882, #2883, #2884, #2885, #2886, #2887, #2888, #2889, #2890, #2891, #2892, #2893, #2894, #2895, #2896, #2897, #2898, #2899, #2900, #2901, #2902, #2903, #2904, #2905, #2906, #2907, #2908, #2909, #2910, #2911, #2912, #2913, #2914, #2915, #2916, #2917, #2918, #2919, #2920, #2921, #2922, #2923, #2924), .UNSPECIFIED., .F., .U., (4, 3, 3, 3, 3, 3, 3, 3, 3, 3, 3, 3, 3, 3, 3, 3, 3, 3, 3, 3, 3, 3, 3, 3, 3, 3, 4), (0., 0.194619506835938, 0.389239013671875, 0.583858520507813, 0.77847802734375, 0.973097534179688, 1.07040728759766, 1.16771704101563, 1.20616040039062, 1.30347015380859, 1.40077990722656, 1.5953994140625, 1.79001892089844, 1.98463842773438, 2.17925793457031, 2.37387744140625, 2.56849694824219, 2.76311645507813, 2.95773596191406, 3.15235546875, 3.34697497558594, 3.54159448242188, 3.73621398925781, 3.93083349609375, 4.12545300292969, 4.32007250976562, 4.41058207795117), .UNSPECIFIED.);
#2846 = CARTESIAN_POINT('', (87.9664151263224, 41.4784444444444, 36.9));
#2847 = CARTESIAN_POINT('', (87.9073084612833, 41.5051826230841, 36.9));
#2848 = CARTESIAN_POINT('', (87.84713920004, 41.5299444906288, 36.9));
#2849 = CARTESIAN_POINT('', (87.7863336797968, 41.5525545936132, 36.9));
#2850 = CARTESIAN_POINT('', (87.7255281595537, 41.5751646965976, 36.9));
#2851 = CARTESIAN_POINT('', (87.6637984699677, 41.5957300924481, 36.9));
#2852 = CARTESIAN_POINT('', (87.6015820048634, 41.614105062351, 36.9));
#2853 = CARTESIAN_POINT('', (87.5393655397591, 41.6324800322538, 36.9));
#2854 = CARTESIAN_POINT('', (87.4763677080576, 41.6487515805445, 36.9));
#2855 = CARTESIAN_POINT('', (87.4130348891709, 41.6628044130302, 36.9));
#2856 = CARTESIAN_POINT('', (87.3497020702842, 41.6768572455159, 36.9));
#2857 = CARTESIAN_POINT('', (87.2857343872681, 41.6887579014813, 36.9));
#2858 = CARTESIAN_POINT('', (87.2215850915432, 41.6984220572652, 36.9));
#2859 = CARTESIAN_POINT('', (87.1574357958184, 41.7080862130492, 36.9));
#2860 = CARTESIAN_POINT('', (87.0928011444738, 41.7155596278261, 36.9));
#2861 = CARTESIAN_POINT('', (87.0281391148219, 41.7207893477338, 36.9));
#2862 = CARTESIAN_POINT('', (86.995808099996, 41.7234042076877, 36.9));
#2863 = CARTESIAN_POINT('', (86.9633553831883, 41.7254675986101, 36.9));
#2864 = CARTESIAN_POINT('', (86.9309535442849, 41.7269685476211, 36.9));
#2865 = CARTESIAN_POINT('', (86.8985517053816, 41.7284694966322, 36.9));
#2866 = CARTESIAN_POINT('', (86.8660472100845, 41.7294151158946, 36.9));
#2867 = CARTESIAN_POINT('', (86.8336129136322, 41.7298003767117, 36.9));
#2868 = CARTESIAN_POINT('', (86.8207993644165, 41.729952578516, 36.9));
#2869 = CARTESIAN_POINT('', (86.8079835989816, 41.730017751244, 36.9));
#2870 = CARTESIAN_POINT('', (86.7951691645265, 41.7299958768572, 36.9));
#2871 = CARTESIAN_POINT('', (86.762732627312, 41.7299405073155, 36.9));
#2872 = CARTESIAN_POINT('', (86.7302201957866, 41.7293255222643, 36.9));
#2873 = CARTESIAN_POINT('', (86.6978047673928, 41.7281541921247, 36.9));
#2874 = CARTESIAN_POINT('', (86.6653893389989, 41.726982861985, 36.9));
#2875 = CARTESIAN_POINT('', (86.6329173150455, 41.7252496364748, 36.9));
#2876 = CARTESIAN_POINT('', (86.6005613780919, 41.7229637326915, 36.9));
#2877 = CARTESIAN_POINT('', (86.5358495041847, 41.718391925125, 36.9));
#2878 = CARTESIAN_POINT('', (86.471142187785, 41.7115762602843, 36.9));
#2879 = CARTESIAN_POINT('', (86.4068979210832, 41.702565031458, 36.9));
#2880 = CARTESIAN_POINT('', (86.3426536543815, 41.6935538026318, 36.9));
#2881 = CARTESIAN_POINT('', (86.2785682447848, 41.6823043422139, 36.9));
#2882 = CARTESIAN_POINT('', (86.2150957778812, 41.6688963597339, 36.9));
#2883 = CARTESIAN_POINT('', (86.1516233109777, 41.6554883772539, 36.9));
#2884 = CARTESIAN_POINT('', (86.0884632485983, 41.6398583867517, 36.9));
#2885 = CARTESIAN_POINT('', (86.0260631196618, 41.6221171365782, 36.9));
#2886 = CARTESIAN_POINT('', (85.9636629907254, 41.6043758864046, 36.9));
#2887 = CARTESIAN_POINT('', (85.9017273345163, 41.5844393728475, 36.9));
#2888 = CARTESIAN_POINT('', (85.8406950042625, 41.5624488586925, 36.9));
#2889 = CARTESIAN_POINT('', (85.7796626740087, 41.5404583445375, 36.9));
#2890 = CARTESIAN_POINT('', (85.719244685436, 41.5163097060728, 36.9));
#2891 = CARTESIAN_POINT('', (85.6598691381391, 41.4901740516483, 36.9));
#2892 = CARTESIAN_POINT('', (85.6004935908421, 41.4640383972239, 36.9));
#2893 = CARTESIAN_POINT('', (85.5418793453106, 41.4357919761473, 36.9));
#2894 = CARTESIAN_POINT('', (85.4844417204808, 41.4056349321456, 36.9));
#2895 = CARTESIAN_POINT('', (85.427004095651, 41.375477888144, 36.9));
#2896 = CARTESIAN_POINT('', (85.3704711279545, 41.3432674294963, 36.9));
#2897 = CARTESIAN_POINT('', (85.3152433891602, 41.3092317876385, 36.9));
#2898 = CARTESIAN_POINT('', (85.2600156503659, 41.2751961457806, 36.9));
#2899 = CARTESIAN_POINT('', (85.2058316405778, 41.2391741640729, 36.9));
#2900 = CARTESIAN_POINT('', (85.153075287715, 41.2014210809986, 36.9));
#2901 = CARTESIAN_POINT('', (85.1003189348521, 41.1636679979243, 36.9));
#2902 = CARTESIAN_POINT('', (85.0487404408766, 41.1240050549915, 36.9));
#2903 = CARTESIAN_POINT('', (84.998705271983, 41.0827132891926, 36.9));
#2904 = CARTESIAN_POINT('', (84.9486701030893, 41.0414215233937, 36.9));
#2905 = CARTESIAN_POINT('', (84.899941345876, 40.9983054207949, 36.9));
#2906 = CARTESIAN_POINT('', (84.8528642743532, 40.9536704862051, 36.9));
#2907 = CARTESIAN_POINT('', (84.8057872028303, 40.9090355516152, 36.9));
#2908 = CARTESIAN_POINT('', (84.7601389100029, 40.862670441405, 36.9));
#2909 = CARTESIAN_POINT('', (84.7162428428461, 40.8149036816534, 36.9));
#2910 = CARTESIAN_POINT('', (84.6723467756892, 40.7671369219018, 36.9));
#2911 = CARTESIAN_POINT('', (84.6299950890649, 40.7177423399829, 36.9));
#2912 = CARTESIAN_POINT('', (84.5894878714121, 40.6670699276955, 36.9));
#2913 = CARTESIAN_POINT('', (84.5489806537592, 40.616397515408, 36.9));
#2914 = CARTESIAN_POINT('', (84.5101261059306, 40.5642073420426, 36.9));
#2915 = CARTESIAN_POINT('', (84.473199536929, 40.5108692079286, 36.9));
#2916 = CARTESIAN_POINT('', (84.4362729679273, 40.4575310738145, 36.9));
#2917 = CARTESIAN_POINT('', (84.4010995327532, 40.402792426216, 36.9));
#2918 = CARTESIAN_POINT('', (84.367928457402, 40.347041123011, 36.9));
#2919 = CARTESIAN_POINT('', (84.3347573820508, 40.291289819806, 36.9));
#2920 = CARTESIAN_POINT('', (84.3034316035512, 40.2342618820539, 36.9));
#2921 = CARTESIAN_POINT('', (84.2741730848218, 40.1763613886988, 36.9));
#2922 = CARTESIAN_POINT('', (84.2605661451115, 40.1494342387101, 36.9));
#2923 = CARTESIAN_POINT('', (84.2473650106096, 40.1222376328501, 36.9));
#2924 = CARTESIAN_POINT('', (84.2346266269391, 40.0948888888889, 36.9));
#2925 = ORIENTED_EDGE('', *, *, #2926, .F.);
#2926 = EDGE_CURVE('', #2927, #2843, #2929, .T.);
#2927 = VERTEX_POINT('', #2928);
#2928 = CARTESIAN_POINT('', (82.7207843891258, 39.13, 36.9));
#2929 = B_SPLINE_CURVE_WITH_KNOTS('', 1, (#2930, #2931), .UNSPECIFIED., .F., .U., (2, 2), (0., 1.), .UNSPECIFIED.);
#2930 = CARTESIAN_POINT('', (82.7207843891258, 39.13, 36.9));
#2931 = CARTESIAN_POINT('', (84.2346266269391, 40.0948888888889, 36.9));
#2932 = ORIENTED_EDGE('', *, *, #2933, .T.);
#2933 = EDGE_CURVE('', #2927, #2934, #2936, .T.);
#2934 = VERTEX_POINT('', #2935);
#2935 = CARTESIAN_POINT('', (63.1, 39.13, 36.9));
#2936 = B_SPLINE_CURVE_WITH_KNOTS('', 3, (#2937, #2938, #2939, #2940), .UNSPECIFIED., .F., .U., (4, 4), (0., 19.6207843891258), .UNSPECIFIED.);
#2937 = CARTESIAN_POINT('', (82.7207843891258, 39.13, 36.9));
#2938 = CARTESIAN_POINT('', (76.1805229260838, 39.13, 36.9));
#2939 = CARTESIAN_POINT('', (69.6402614630419, 39.13, 36.9));
#2940 = CARTESIAN_POINT('', (63.1, 39.13, 36.9));
#2941 = ORIENTED_EDGE('', *, *, #2942, .T.);
#2942 = EDGE_CURVE('', #2934, #2943, #2945, .T.);
#2943 = VERTEX_POINT('', #2944);
#2944 = CARTESIAN_POINT('', (57.43, 44.8, 36.9));
#2945 = B_SPLINE_CURVE_WITH_KNOTS('', 3, (#2946, #2947, #2948, #2949, #2950, #2951, #2952, #2953, #2954, #2955, #2956, #2957, #2958, #2959, #2960, #2961, #2962, #2963, #2964, #2965, #2966, #2967, #2968, #2969, #2970, #2971, #2972, #2973, #2974, #2975, #2976, #2977, #2978, #2979, #2980, #2981, #2982, #2983, #2984, #2985, #2986, #2987, #2988, #2989, #2990, #2991, #2992, #2993, #2994, #2995, #2996, #2997, #2998, #2999, #3000, #3001, #3002, #3003, #3004, #3005, #3006, #3007, #3008, #3009, #3010, #3011, #3012), .UNSPECIFIED., .F., .U., (4, 3, 3, 3, 3, 3, 3, 3, 3, 3, 3, 3, 3, 3, 3, 3, 3, 3, 3, 3, 3, 3, 4), (0., 0.437893890380859, 0.875787780761719, 1.31368167114258, 1.75157556152344, 2.1894694519043, 2.62736334228516, 3.06525723266602, 3.50315112304688, 3.94104501342774, 4.37893890380859, 4.81683279418945, 5.25472668457031, 5.69262057495117, 6.13051446533203, 6.56840835571289, 7.00630224609375, 7.44419613647461, 7.88209002685547, 8.31998391723633, 8.53893086242676, 8.75787780761719, 8.89767409058968), .UNSPECIFIED.);
#2946 = CARTESIAN_POINT('', (63.1, 39.13, 36.9));
#2947 = CARTESIAN_POINT('', (62.954035369873, 39.13, 36.9));
#2948 = CARTESIAN_POINT('', (62.8076347880954, 39.135661710657, 36.9));
#2949 = CARTESIAN_POINT('', (62.6621061096191, 39.1469345536454, 36.9));
#2950 = CARTESIAN_POINT('', (62.5165774311428, 39.1582073966338, 36.9));
#2951 = CARTESIAN_POINT('', (62.3710513567747, 39.1751587090133, 36.9));
#2952 = CARTESIAN_POINT('', (62.2268279291422, 39.1976370579304, 36.9));
#2953 = CARTESIAN_POINT('', (62.0826045015098, 39.2201154068475, 36.9));
#2954 = CARTESIAN_POINT('', (61.9388222181889, 39.2482550641914, 36.9));
#2955 = CARTESIAN_POINT('', (61.7967655438243, 39.2818046471481, 36.9));
#2956 = CARTESIAN_POINT('', (61.6547088694597, 39.3153542301048, 36.9));
#2957 = CARTESIAN_POINT('', (61.5135292444843, 39.3545141433347, 36.9));
#2958 = CARTESIAN_POINT('', (61.3744878829546, 39.3989345556705, 36.9));
#2959 = CARTESIAN_POINT('', (61.235446521425, 39.4433549680064, 36.9));
#2960 = CARTESIAN_POINT('', (61.0977128754062, 39.4933012197851, 36.9));
#2961 = CARTESIAN_POINT('', (60.9625173746465, 39.548327121163, 36.9));
#2962 = CARTESIAN_POINT('', (60.8273218738869, 39.6033530225409, 36.9));
#2963 = CARTESIAN_POINT('', (60.6938569432682, 39.6637872645509, 36.9));
#2964 = CARTESIAN_POINT('', (60.5633148783968, 39.7290899639378, 36.9));
#2965 = CARTESIAN_POINT('', (60.4327728135254, 39.7943926633246, 36.9));
#2966 = CARTESIAN_POINT('', (60.3043738360589, 39.8649538984184, 36.9));
#2967 = CARTESIAN_POINT('', (60.1792649854181, 39.940143317484, 36.9));
#2968 = CARTESIAN_POINT('', (60.0541561347773, 40.0153327365497, 36.9));
#2969 = CARTESIAN_POINT('', (59.9315900873139, 40.0955994751254, 36.9));
#2970 = CARTESIAN_POINT('', (59.8126617745519, 40.1802264783317, 36.9));
#2971 = CARTESIAN_POINT('', (59.6937334617899, 40.264853481538, 36.9));
#2972 = CARTESIAN_POINT('', (59.5777324788289, 40.3543462592605, 36.9));
#2973 = CARTESIAN_POINT('', (59.465695108846, 40.4479053367218, 36.9));
#2974 = CARTESIAN_POINT('', (59.3536577388632, 40.5414644141832, 36.9));
#2975 = CARTESIAN_POINT('', (59.2449147392297, 40.63964865601, 36.9));
#2976 = CARTESIAN_POINT('', (59.1404375546546, 40.7415809430998, 36.9));
#2977 = CARTESIAN_POINT('', (59.0359603700796, 40.8435132301897, 36.9));
#2978 = CARTESIAN_POINT('', (58.9351249178515, 40.9498024435951, 36.9));
#2979 = CARTESIAN_POINT('', (58.8388320013956, 41.0594990592609, 36.9));
#2980 = CARTESIAN_POINT('', (58.7425390849398, 41.1691956749267, 36.9));
#2981 = CARTESIAN_POINT('', (58.65021350935, 41.2829549532489, 36.9));
#2982 = CARTESIAN_POINT('', (58.5626800559197, 41.3997606370946, 36.9));
#2983 = CARTESIAN_POINT('', (58.4751466024894, 41.5165663209404, 36.9));
#2984 = CARTESIAN_POINT('', (58.3918823999797, 41.6371161359249, 36.9));
#2985 = CARTESIAN_POINT('', (58.3136312808141, 41.7603331623353, 36.9));
#2986 = CARTESIAN_POINT('', (58.2353801616485, 41.8835501887458, 36.9));
#2987 = CARTESIAN_POINT('', (58.1616747015677, 42.0101704496311, 36.9));
#2988 = CARTESIAN_POINT('', (58.0931733409262, 42.1390627955573, 36.9));
#2989 = CARTESIAN_POINT('', (58.0246719802846, 42.2679551414835, 36.9));
#2990 = CARTESIAN_POINT('', (57.9609655339089, 42.3998894963823, 36.9));
#2991 = CARTESIAN_POINT('', (57.9026231169648, 42.5336872378924, 36.9));
#2992 = CARTESIAN_POINT('', (57.8442807000207, 42.6674849794026, 36.9));
#2993 = CARTESIAN_POINT('', (57.7909538106424, 42.8039453332847, 36.9));
#2994 = CARTESIAN_POINT('', (57.7431188392616, 42.9418492446182, 36.9));
#2995 = CARTESIAN_POINT('', (57.6952838678807, 43.0797531559518, 36.9));
#2996 = CARTESIAN_POINT('', (57.6526550776758, 43.219924378241, 36.9));
#2997 = CARTESIAN_POINT('', (57.6156132886797, 43.3611107058937, 36.9));
#2998 = CARTESIAN_POINT('', (57.5785714996836, 43.5022970335465, 36.9));
#2999 = CARTESIAN_POINT('', (57.5468954469358, 43.6453418272116, 36.9));
#3000 = CARTESIAN_POINT('', (57.520868105285, 43.7889672105347, 36.9));
#3001 = CARTESIAN_POINT('', (57.4948407636341, 43.9325925938577, 36.9));
#3002 = CARTESIAN_POINT('', (57.4743066616819, 44.0776564969122, 36.9));
#3003 = CARTESIAN_POINT('', (57.4594492387743, 44.2228630058319, 36.9));
#3004 = CARTESIAN_POINT('', (57.4520205273204, 44.2954662602917, 36.9));
#3005 = CARTESIAN_POINT('', (57.4459771618028, 44.368430580953, 36.9));
#3006 = CARTESIAN_POINT('', (57.4413596682731, 44.441266678223, 36.9));
#3007 = CARTESIAN_POINT('', (57.4367421747433, 44.5141027754931, 36.9));
#3008 = CARTESIAN_POINT('', (57.4335229453487, 44.5872461341694, 36.9));
#3009 = CARTESIAN_POINT('', (57.4317235678389, 44.6602062640527, 36.9));
#3010 = CARTESIAN_POINT('', (57.430574676324, 44.706790859942, 36.9));
#3011 = CARTESIAN_POINT('', (57.43, 44.7534012390092, 36.9));
#3012 = CARTESIAN_POINT('', (57.43, 44.8, 36.9));
#3013 = ORIENTED_EDGE('', *, *, #3014, .T.);
#3014 = EDGE_CURVE('', #2943, #3015, #3017, .T.);
#3015 = VERTEX_POINT('', #3016);
#3016 = CARTESIAN_POINT('', (57.43, 63.2, 36.9));
#3017 = B_SPLINE_CURVE_WITH_KNOTS('', 3, (#3018, #3019, #3020, #3021), .UNSPECIFIED., .F., .U., (4, 4), (0., 18.4), .UNSPECIFIED.);
#3018 = CARTESIAN_POINT('', (57.43, 44.8, 36.9));
#3019 = CARTESIAN_POINT('', (57.43, 50.9333333333333, 36.9));
#3020 = CARTESIAN_POINT('', (57.43, 57.0666666666667, 36.9));
#3021 = CARTESIAN_POINT('', (57.43, 63.2, 36.9));
#3022 = ORIENTED_EDGE('', *, *, #3023, .T.);
#3023 = EDGE_CURVE('', #3015, #3024, #3026, .T.);
#3024 = VERTEX_POINT('', #3025);
#3025 = CARTESIAN_POINT('', (56.4, 64.23, 36.9));
#3026 = B_SPLINE_CURVE_WITH_KNOTS('', 3, (#3027, #3028, #3029, #3030, #3031, #3032, #3033, #3034, #3035, #3036, #3037, #3038, #3039, #3040, #3041, #3042, #3043, #3044, #3045, #3046, #3047, #3048, #3049, #3050, #3051, #3052, #3053, #3054, #3055, #3056, #3057, #3058, #3059, #3060, #3061, #3062, #3063, #3064, #3065, #3066, #3067, #3068, #3069, #3070, #3071, #3072, #3073, #3074, #3075, #3076, #3077, #3078, #3079, #3080, #3081, #3082, #3083, #3084), .UNSPECIFIED., .F., .U., (4, 3, 3, 3, 3, 3, 3, 3, 3, 3, 3, 3, 3, 3, 3, 3, 3, 3, 3, 4), (0., 0.08649755859375, 0.1729951171875, 0.25949267578125, 0.345990234375, 0.43248779296875, 0.5189853515625, 0.60548291015625, 0.69198046875, 0.77847802734375, 0.8649755859375, 0.95147314453125, 1.037970703125, 1.12446826171875, 1.2109658203125, 1.29746337890625, 1.3839609375, 1.47045849609375, 1.5569560546875, 1.6160540762158), .UNSPECIFIED.);
#3027 = CARTESIAN_POINT('', (57.43, 63.2, 36.9));
#3028 = CARTESIAN_POINT('', (57.43, 63.2288325195313, 36.9));
#3029 = CARTESIAN_POINT('', (57.4287829221525, 63.2577668873146, 36.9));
#3030 = CARTESIAN_POINT('', (57.4263616187082, 63.2864975585938, 36.9));
#3031 = CARTESIAN_POINT('', (57.423940315264, 63.3152282298729, 36.9));
#3032 = CARTESIAN_POINT('', (57.4202976801548, 63.3439581816127, 36.9));
#3033 = CARTESIAN_POINT('', (57.4154721793346, 63.3723840276749, 36.9));
#3034 = CARTESIAN_POINT('', (57.4106466785144, 63.4008098737372, 36.9));
#3035 = CARTESIAN_POINT('', (57.4046042206979, 63.429132437552, 36.9));
#3036 = CARTESIAN_POINT('', (57.397408613787, 63.4570526349672, 36.9));
#3037 = CARTESIAN_POINT('', (57.3902130068761, 63.4849728323824, 36.9));
#3038 = CARTESIAN_POINT('', (57.3818134152172, 63.5126879145124, 36.9));
#3039 = CARTESIAN_POINT('', (57.3722985378691, 63.5399052121661, 36.9));
#3040 = CARTESIAN_POINT('', (57.362783660521, 63.5671225098198, 36.9));
#3041 = CARTESIAN_POINT('', (57.3520862766065, 63.5940343082527, 36.9));
#3042 = CARTESIAN_POINT('', (57.3403193496983, 63.6203564208894, 36.9));
#3043 = CARTESIAN_POINT('', (57.3285524227902, 63.6466785335261, 36.9));
#3044 = CARTESIAN_POINT('', (57.3156328216909, 63.6725969213028, 36.9));
#3045 = CARTESIAN_POINT('', (57.3016969764202, 63.6978378879862, 36.9));
#3046 = CARTESIAN_POINT('', (57.2877611311496, 63.7230788546696, 36.9));
#3047 = CARTESIAN_POINT('', (57.2727105874965, 63.7478207230965, 36.9));
#3048 = CARTESIAN_POINT('', (57.2567042780745, 63.7718022209898, 36.9));
#3049 = CARTESIAN_POINT('', (57.2406979686524, 63.7957837188831, 36.9));
#3050 = CARTESIAN_POINT('', (57.2236228117979, 63.8191742711618, 36.9));
#3051 = CARTESIAN_POINT('', (57.205659119888, 63.841726875346, 36.9));
#3052 = CARTESIAN_POINT('', (57.1876954279782, 63.8642794795301, 36.9));
#3053 = CARTESIAN_POINT('', (57.1687162907984, 63.8861534656648, 36.9));
#3054 = CARTESIAN_POINT('', (57.1489221266154, 63.9071178460949, 36.9));
#3055 = CARTESIAN_POINT('', (57.1291279624325, 63.928082226525, 36.9));
#3056 = CARTESIAN_POINT('', (57.1083789290782, 63.9482851107837, 36.9));
#3057 = CARTESIAN_POINT('', (57.0868941347904, 63.9675131579267, 36.9));
#3058 = CARTESIAN_POINT('', (57.0654093405026, 63.9867412050696, 36.9));
#3059 = CARTESIAN_POINT('', (57.043036999119, 64.0051302577512, 36.9));
#3060 = CARTESIAN_POINT('', (57.0200133608887, 64.0224861289526, 36.9));
#3061 = CARTESIAN_POINT('', (56.9969897226584, 64.0398420001541, 36.9));
#3062 = CARTESIAN_POINT('', (56.9731521297667, 64.0562873059473, 36.9));
#3063 = CARTESIAN_POINT('', (56.9487523054086, 64.0716483851352, 36.9));
#3064 = CARTESIAN_POINT('', (56.9243524810506, 64.0870094643231, 36.9));
#3065 = CARTESIAN_POINT('', (56.8992180449069, 64.1013948401349, 36.9));
#3066 = CARTESIAN_POINT('', (56.8736144147404, 64.1146526040799, 36.9));
#3067 = CARTESIAN_POINT('', (56.848010784574, 64.1279103680248, 36.9));
#3068 = CARTESIAN_POINT('', (56.8217570753964, 64.1401341837928, 36.9));
#3069 = CARTESIAN_POINT('', (56.7951305244099, 64.1511949688048, 36.9));
#3070 = CARTESIAN_POINT('', (56.7685039734234, 64.1622557538169, 36.9));
#3071 = CARTESIAN_POINT('', (56.7413164688902, 64.1722316505066, 36.9));
#3072 = CARTESIAN_POINT('', (56.7138551088214, 64.1810173141524, 36.9));
#3073 = CARTESIAN_POINT('', (56.6863937487527, 64.1898029777981, 36.9));
#3074 = CARTESIAN_POINT('', (56.6584645236364, 64.1974604775148, 36.9));
#3075 = CARTESIAN_POINT('', (56.6303623639975, 64.2039089506791, 36.9));
#3076 = CARTESIAN_POINT('', (56.6022602043586, 64.2103574238434, 36.9));
#3077 = CARTESIAN_POINT('', (56.5737865735528, 64.2156424277448, 36.9));
#3078 = CARTESIAN_POINT('', (56.5452421509882, 64.2197081531382, 36.9));
#3079 = CARTESIAN_POINT('', (56.5166977284236, 64.2237738785315, 36.9));
#3080 = CARTESIAN_POINT('', (56.4878808529488, 64.2266490490268, 36.9));
#3081 = CARTESIAN_POINT('', (56.45909582861, 64.2283033030391, 36.9));
#3082 = CARTESIAN_POINT('', (56.4394289384027, 64.2294335446415, 36.9));
#3083 = CARTESIAN_POINT('', (56.4196993405094, 64.23, 36.9));
#3084 = CARTESIAN_POINT('', (56.4, 64.23, 36.9));
#3085 = ORIENTED_EDGE('', *, *, #3086, .T.);
#3086 = EDGE_CURVE('', #3024, #3087, #3089, .T.);
#3087 = VERTEX_POINT('', #3088);
#3088 = CARTESIAN_POINT('', (1.40000000000001, 64.23, 36.9));
#3089 = B_SPLINE_CURVE_WITH_KNOTS('', 3, (#3090, #3091, #3092, #3093), .UNSPECIFIED., .F., .U., (4, 4), (0., 55.), .UNSPECIFIED.);
#3090 = CARTESIAN_POINT('', (56.4, 64.23, 36.9));
#3091 = CARTESIAN_POINT('', (38.0666666666667, 64.23, 36.9));
#3092 = CARTESIAN_POINT('', (19.7333333333333, 64.23, 36.9));
#3093 = CARTESIAN_POINT('', (1.39999999999999, 64.23, 36.9));
#3094 = ORIENTED_EDGE('', *, *, #3095, .T.);
#3095 = EDGE_CURVE('', #3087, #3096, #3098, .T.);
#3096 = VERTEX_POINT('', #3097);
#3097 = CARTESIAN_POINT('', (0.370000000000005, 63.2, 36.9));
#3098 = B_SPLINE_CURVE_WITH_KNOTS('', 3, (#3099, #3100, #3101, #3102, #3103, #3104, #3105, #3106, #3107, #3108, #3109, #3110, #3111, #3112, #3113, #3114, #3115, #3116, #3117, #3118, #3119, #3120, #3121, #3122, #3123, #3124, #3125, #3126, #3127, #3128, #3129, #3130, #3131, #3132, #3133, #3134, #3135, #3136, #3137, #3138, #3139, #3140, #3141, #3142, #3143, #3144, #3145, #3146, #3147, #3148, #3149, #3150, #3151, #3152, #3153, #3154, #3155, #3156), .UNSPECIFIED., .F., .U., (4, 3, 3, 3, 3, 3, 3, 3, 3, 3, 3, 3, 3, 3, 3, 3, 3, 3, 3, 4), (0., 0.08649755859375, 0.1729951171875, 0.25949267578125, 0.345990234375, 0.43248779296875, 0.5189853515625, 0.60548291015625, 0.69198046875, 0.77847802734375, 0.8649755859375, 0.95147314453125, 1.037970703125, 1.12446826171875, 1.2109658203125, 1.29746337890625, 1.3839609375, 1.47045849609375, 1.5569560546875, 1.61605407621575), .UNSPECIFIED.);
#3099 = CARTESIAN_POINT('', (1.40000000000001, 64.23, 36.9));
#3100 = CARTESIAN_POINT('', (1.37116748046876, 64.23, 36.9));
#3101 = CARTESIAN_POINT('', (1.3422331126854, 64.2287829221525, 36.9));
#3102 = CARTESIAN_POINT('', (1.31350244140624, 64.2263616187082, 36.9));
#3103 = CARTESIAN_POINT('', (1.28477177012709, 64.223940315264, 36.9));
#3104 = CARTESIAN_POINT('', (1.25604181838728, 64.2202976801548, 36.9));
#3105 = CARTESIAN_POINT('', (1.22761597232504, 64.2154721793346, 36.9));
#3106 = CARTESIAN_POINT('', (1.1991901262628, 64.2106466785144, 36.9));
#3107 = CARTESIAN_POINT('', (1.17086756244798, 64.2046042206979, 36.9));
#3108 = CARTESIAN_POINT('', (1.14294736503278, 64.197408613787, 36.9));
#3109 = CARTESIAN_POINT('', (1.11502716761759, 64.190213006876, 36.9));
#3110 = CARTESIAN_POINT('', (1.08731208548758, 64.1818134152172, 36.9));
#3111 = CARTESIAN_POINT('', (1.06009478783388, 64.1722985378691, 36.9));
#3112 = CARTESIAN_POINT('', (1.03287749018017, 64.162783660521, 36.9));
#3113 = CARTESIAN_POINT('', (1.00596569174725, 64.1520862766064, 36.9));
#3114 = CARTESIAN_POINT('', (0.979643579110558, 64.1403193496983, 36.9));
#3115 = CARTESIAN_POINT('', (0.95332146647387, 64.1285524227902, 36.9));
#3116 = CARTESIAN_POINT('', (0.927403078697159, 64.1156328216909, 36.9));
#3117 = CARTESIAN_POINT('', (0.902162112013755, 64.1016969764202, 36.9));
#3118 = CARTESIAN_POINT('', (0.876921145330352, 64.0877611311496, 36.9));
#3119 = CARTESIAN_POINT('', (0.852179276903442, 64.0727105874965, 36.9));
#3120 = CARTESIAN_POINT('', (0.828197779010154, 64.0567042780744, 36.9));
#3121 = CARTESIAN_POINT('', (0.804216281116865, 64.0406979686524, 36.9));
#3122 = CARTESIAN_POINT('', (0.7808257288382, 64.0236228117978, 36.9));
#3123 = CARTESIAN_POINT('', (0.758273124654025, 64.005659119888, 36.9));
#3124 = CARTESIAN_POINT('', (0.73572052046985, 63.9876954279782, 36.9));
#3125 = CARTESIAN_POINT('', (0.713846534335222, 63.9687162907983, 36.9));
#3126 = CARTESIAN_POINT('', (0.692882153905103, 63.9489221266154, 36.9));
#3127 = CARTESIAN_POINT('', (0.671917773474983, 63.9291279624324, 36.9));
#3128 = CARTESIAN_POINT('', (0.65171488921629, 63.9083789290781, 36.9));
#3129 = CARTESIAN_POINT('', (0.632486842073334, 63.8868941347904, 36.9));
#3130 = CARTESIAN_POINT('', (0.613258794930378, 63.8654093405026, 36.9));
#3131 = CARTESIAN_POINT('', (0.594869742248776, 63.843036999119, 36.9));
#3132 = CARTESIAN_POINT('', (0.577513871047358, 63.8200133608887, 36.9));
#3133 = CARTESIAN_POINT('', (0.560157999845941, 63.7969897226584, 36.9));
#3134 = CARTESIAN_POINT('', (0.543712694052692, 63.7731521297666, 36.9));
#3135 = CARTESIAN_POINT('', (0.528351614864818, 63.7487523054086, 36.9));
#3136 = CARTESIAN_POINT('', (0.512990535676943, 63.7243524810505, 36.9));
#3137 = CARTESIAN_POINT('', (0.498605159865052, 63.6992180449068, 36.9));
#3138 = CARTESIAN_POINT('', (0.485347395920115, 63.6736144147404, 36.9));
#3139 = CARTESIAN_POINT('', (0.472089631975179, 63.6480107845739, 36.9));
#3140 = CARTESIAN_POINT('', (0.459865816207256, 63.6217570753964, 36.9));
#3141 = CARTESIAN_POINT('', (0.448805031195178, 63.5951305244099, 36.9));
#3142 = CARTESIAN_POINT('', (0.4377442461831, 63.5685039734234, 36.9));
#3143 = CARTESIAN_POINT('', (0.427768349493343, 63.5413164688901, 36.9));
#3144 = CARTESIAN_POINT('', (0.418982685847638, 63.5138551088214, 36.9));
#3145 = CARTESIAN_POINT('', (0.410197022201933, 63.4863937487527, 36.9));
#3146 = CARTESIAN_POINT('', (0.402539522485238, 63.4584645236364, 36.9));
#3147 = CARTESIAN_POINT('', (0.396091049320944, 63.4303623639975, 36.9));
#3148 = CARTESIAN_POINT('', (0.38964257615665, 63.4022602043586, 36.9));
#3149 = CARTESIAN_POINT('', (0.384357572255164, 63.3737865735527, 36.9));
#3150 = CARTESIAN_POINT('', (0.380291846861837, 63.3452421509881, 36.9));
#3151 = CARTESIAN_POINT('', (0.376226121468511, 63.3166977284235, 36.9));
#3152 = CARTESIAN_POINT('', (0.373350950973171, 63.2878808529487, 36.9));
#3153 = CARTESIAN_POINT('', (0.371696696960925, 63.25909582861, 36.9));
#3154 = CARTESIAN_POINT('', (0.370566455358522, 63.2394289384027, 36.9));
#3155 = CARTESIAN_POINT('', (0.370000000000005, 63.2196993405094, 36.9));
#3156 = CARTESIAN_POINT('', (0.370000000000005, 63.2, 36.9));
#3157 = ORIENTED_EDGE('', *, *, #3158, .T.);
#3158 = EDGE_CURVE('', #3096, #3159, #3161, .T.);
#3159 = VERTEX_POINT('', #3160);
#3160 = CARTESIAN_POINT('', (0.370000000000005, 22.8, 36.9));
#3161 = B_SPLINE_CURVE_WITH_KNOTS('', 3, (#3162, #3163, #3164, #3165), .UNSPECIFIED., .F., .U., (4, 4), (0., 40.4), .UNSPECIFIED.);
#3162 = CARTESIAN_POINT('', (0.370000000000005, 63.2, 36.9));
#3163 = CARTESIAN_POINT('', (0.370000000000005, 49.7333333333333, 36.9));
#3164 = CARTESIAN_POINT('', (0.370000000000005, 36.2666666666667, 36.9));
#3165 = CARTESIAN_POINT('', (0.370000000000005, 22.8, 36.9));
#3166 = ORIENTED_EDGE('', *, *, #3167, .T.);
#3167 = EDGE_CURVE('', #3159, #3168, #3170, .T.);
#3168 = VERTEX_POINT('', #3169);
#3169 = CARTESIAN_POINT('', (1.40000000000001, 21.77, 36.9));
#3170 = B_SPLINE_CURVE_WITH_KNOTS('', 3, (#3171, #3172, #3173, #3174, #3175, #3176, #3177, #3178, #3179, #3180, #3181, #3182, #3183, #3184, #3185, #3186, #3187, #3188, #3189, #3190, #3191, #3192, #3193, #3194, #3195, #3196, #3197, #3198, #3199, #3200, #3201, #3202, #3203, #3204, #3205, #3206, #3207, #3208, #3209, #3210, #3211, #3212, #3213, #3214, #3215, #3216, #3217, #3218, #3219, #3220, #3221, #3222, #3223, #3224, #3225, #3226, #3227, #3228), .UNSPECIFIED., .F., .U., (4, 3, 3, 3, 3, 3, 3, 3, 3, 3, 3, 3, 3, 3, 3, 3, 3, 3, 3, 4), (0., 0.08649755859375, 0.1729951171875, 0.25949267578125, 0.345990234375, 0.43248779296875, 0.5189853515625, 0.60548291015625, 0.69198046875, 0.77847802734375, 0.8649755859375, 0.95147314453125, 1.037970703125, 1.12446826171875, 1.2109658203125, 1.29746337890625, 1.3839609375, 1.47045849609375, 1.5569560546875, 1.61605407621577), .UNSPECIFIED.);
#3171 = CARTESIAN_POINT('', (0.370000000000005, 22.8, 36.9));
#3172 = CARTESIAN_POINT('', (0.370000000000005, 22.7711674804687, 36.9));
#3173 = CARTESIAN_POINT('', (0.371217077847537, 22.7422331126854, 36.9));
#3174 = CARTESIAN_POINT('', (0.373638381291769, 22.7135024414063, 36.9));
#3175 = CARTESIAN_POINT('', (0.376059684736002, 22.6847717701271, 36.9));
#3176 = CARTESIAN_POINT('', (0.379702319845176, 22.6560418183873, 36.9));
#3177 = CARTESIAN_POINT('', (0.384527820665383, 22.6276159723251, 36.9));
#3178 = CARTESIAN_POINT('', (0.38935332148559, 22.5991901262628, 36.9));
#3179 = CARTESIAN_POINT('', (0.395395779302109, 22.570867562448, 36.9));
#3180 = CARTESIAN_POINT('', (0.402591386213032, 22.5429473650328, 36.9));
#3181 = CARTESIAN_POINT('', (0.409786993123956, 22.5150271676176, 36.9));
#3182 = CARTESIAN_POINT('', (0.418186584782817, 22.4873120854876, 36.9));
#3183 = CARTESIAN_POINT('', (0.427701462130926, 22.4600947878339, 36.9));
#3184 = CARTESIAN_POINT('', (0.437216339479036, 22.4328774901802, 36.9));
#3185 = CARTESIAN_POINT('', (0.44791372339357, 22.4059656917473, 36.9));
#3186 = CARTESIAN_POINT('', (0.459680650301706, 22.3796435791106, 36.9));
#3187 = CARTESIAN_POINT('', (0.471447577209843, 22.3533214664739, 36.9));
#3188 = CARTESIAN_POINT('', (0.484367178309111, 22.3274030786972, 36.9));
#3189 = CARTESIAN_POINT('', (0.498303023579751, 22.3021621120138, 36.9));
#3190 = CARTESIAN_POINT('', (0.512238868850392, 22.2769211453304, 36.9));
#3191 = CARTESIAN_POINT('', (0.527289412503491, 22.2521792769034, 36.9));
#3192 = CARTESIAN_POINT('', (0.543295721925531, 22.2281977790101, 36.9));
#3193 = CARTESIAN_POINT('', (0.559302031347572, 22.2042162811169, 36.9));
#3194 = CARTESIAN_POINT('', (0.576377188202169, 22.1808257288382, 36.9));
#3195 = CARTESIAN_POINT('', (0.594340880112014, 22.158273124654, 36.9));
#3196 = CARTESIAN_POINT('', (0.61230457202186, 22.1357205204699, 36.9));
#3197 = CARTESIAN_POINT('', (0.631283709201684, 22.1138465343352, 36.9));
#3198 = CARTESIAN_POINT('', (0.651077873384622, 22.0928821539051, 36.9));
#3199 = CARTESIAN_POINT('', (0.670872037567561, 22.071917773475, 36.9));
#3200 = CARTESIAN_POINT('', (0.691621070921862, 22.0517148892163, 36.9));
#3201 = CARTESIAN_POINT('', (0.713105865209641, 22.0324868420733, 36.9));
#3202 = CARTESIAN_POINT('', (0.734590659497421, 22.0132587949304, 36.9));
#3203 = CARTESIAN_POINT('', (0.756963000881, 21.9948697422488, 36.9));
#3204 = CARTESIAN_POINT('', (0.7799866391113, 21.9775138710474, 36.9));
#3205 = CARTESIAN_POINT('', (0.8030102773416, 21.9601579998459, 36.9));
#3206 = CARTESIAN_POINT('', (0.826847870233384, 21.9437126940527, 36.9));
#3207 = CARTESIAN_POINT('', (0.851247694591436, 21.9283516148648, 36.9));
#3208 = CARTESIAN_POINT('', (0.875647518949487, 21.9129905356769, 36.9));
#3209 = CARTESIAN_POINT('', (0.900781955093133, 21.8986051598651, 36.9));
#3210 = CARTESIAN_POINT('', (0.926385585259581, 21.8853473959201, 36.9));
#3211 = CARTESIAN_POINT('', (0.951989215426029, 21.8720896319752, 36.9));
#3212 = CARTESIAN_POINT('', (0.97824292460363, 21.8598658162073, 36.9));
#3213 = CARTESIAN_POINT('', (1.00486947559013, 21.8488050311952, 36.9));
#3214 = CARTESIAN_POINT('', (1.03149602657662, 21.8377442461831, 36.9));
#3215 = CARTESIAN_POINT('', (1.05868353110985, 21.8277683494934, 36.9));
#3216 = CARTESIAN_POINT('', (1.08614489117858, 21.8189826858476, 36.9));
#3217 = CARTESIAN_POINT('', (1.11360625124731, 21.8101970222019, 36.9));
#3218 = CARTESIAN_POINT('', (1.14153547636361, 21.8025395224852, 36.9));
#3219 = CARTESIAN_POINT('', (1.16963763600249, 21.7960910493209, 36.9));
#3220 = CARTESIAN_POINT('', (1.19773979564137, 21.7896425761567, 36.9));
#3221 = CARTESIAN_POINT('', (1.22621342644726, 21.7843575722552, 36.9));
#3222 = CARTESIAN_POINT('', (1.25475784901185, 21.7802918468618, 36.9));
#3223 = CARTESIAN_POINT('', (1.28330227157644, 21.7762261214685, 36.9));
#3224 = CARTESIAN_POINT('', (1.31211914705126, 21.7733509509732, 36.9));
#3225 = CARTESIAN_POINT('', (1.34090417139002, 21.7716966969609, 36.9));
#3226 = CARTESIAN_POINT('', (1.36057106159733, 21.7705664553585, 36.9));
#3227 = CARTESIAN_POINT('', (1.38030065949057, 21.77, 36.9));
#3228 = CARTESIAN_POINT('', (1.39999999999999, 21.77, 36.9));
#3229 = ORIENTED_EDGE('', *, *, #3230, .T.);
#3230 = EDGE_CURVE('', #3168, #3231, #3233, .T.);
#3231 = VERTEX_POINT('', #3232);
#3232 = CARTESIAN_POINT('', (42.1, 21.77, 36.9));
#3233 = B_SPLINE_CURVE_WITH_KNOTS('', 3, (#3234, #3235, #3236, #3237), .UNSPECIFIED., .F., .U., (4, 4), (0., 40.7), .UNSPECIFIED.);
#3234 = CARTESIAN_POINT('', (1.40000000000001, 21.77, 36.9));
#3235 = CARTESIAN_POINT('', (14.9666666666667, 21.77, 36.9));
#3236 = CARTESIAN_POINT('', (28.5333333333333, 21.77, 36.9));
#3237 = CARTESIAN_POINT('', (42.1, 21.77, 36.9));
#3238 = ORIENTED_EDGE('', *, *, #3239, .T.);
#3239 = EDGE_CURVE('', #3231, #3240, #3242, .T.);
#3240 = VERTEX_POINT('', #3241);
#3241 = CARTESIAN_POINT('', (47.77, 16.1, 36.9));
#3242 = B_SPLINE_CURVE_WITH_KNOTS('', 3, (#3243, #3244, #3245, #3246, #3247, #3248, #3249, #3250, #3251, #3252, #3253, #3254, #3255, #3256, #3257, #3258, #3259, #3260, #3261, #3262, #3263, #3264, #3265, #3266, #3267, #3268, #3269, #3270, #3271, #3272, #3273, #3274, #3275, #3276, #3277, #3278, #3279, #3280, #3281, #3282, #3283, #3284, #3285, #3286, #3287, #3288, #3289, #3290, #3291, #3292, #3293, #3294, #3295, #3296, #3297, #3298, #3299, #3300, #3301, #3302, #3303, #3304, #3305, #3306, #3307, #3308, #3309), .UNSPECIFIED., .F., .U., (4, 3, 3, 3, 3, 3, 3, 3, 3, 3, 3, 3, 3, 3, 3, 3, 3, 3, 3, 3, 3, 3, 4), (0., 0.437893890380859, 0.875787780761719, 1.31368167114258, 1.75157556152344, 2.1894694519043, 2.62736334228516, 3.06525723266602, 3.50315112304688, 3.94104501342774, 4.37893890380859, 4.81683279418945, 5.25472668457031, 5.69262057495117, 6.13051446533203, 6.56840835571289, 7.00630224609375, 7.44419613647461, 7.88209002685547, 8.31998391723633, 8.53893086242676, 8.75787780761719, 8.89767409058972), .UNSPECIFIED.);
#3243 = CARTESIAN_POINT('', (42.1, 21.77, 36.9));
#3244 = CARTESIAN_POINT('', (42.245964630127, 21.77, 36.9));
#3245 = CARTESIAN_POINT('', (42.3923652119046, 21.764338289343, 36.9));
#3246 = CARTESIAN_POINT('', (42.5378938903809, 21.7530654463546, 36.9));
#3247 = CARTESIAN_POINT('', (42.6834225688572, 21.7417926033662, 36.9));
#3248 = CARTESIAN_POINT('', (42.8289486432253, 21.7248412909867, 36.9));
#3249 = CARTESIAN_POINT('', (42.9731720708578, 21.7023629420696, 36.9));
#3250 = CARTESIAN_POINT('', (43.1173954984902, 21.6798845931525, 36.9));
#3251 = CARTESIAN_POINT('', (43.2611777818111, 21.6517449358086, 36.9));
#3252 = CARTESIAN_POINT('', (43.4032344561757, 21.6181953528519, 36.9));
#3253 = CARTESIAN_POINT('', (43.5452911305403, 21.5846457698953, 36.9));
#3254 = CARTESIAN_POINT('', (43.6864707555157, 21.5454858566653, 36.9));
#3255 = CARTESIAN_POINT('', (43.8255121170454, 21.5010654443294, 36.9));
#3256 = CARTESIAN_POINT('', (43.964553478575, 21.4566450319936, 36.9));
#3257 = CARTESIAN_POINT('', (44.1022871245938, 21.4066987802149, 36.9));
#3258 = CARTESIAN_POINT('', (44.2374826253535, 21.351672878837, 36.9));
#3259 = CARTESIAN_POINT('', (44.3726781261131, 21.2966469774591, 36.9));
#3260 = CARTESIAN_POINT('', (44.5061430567318, 21.2362127354491, 36.9));
#3261 = CARTESIAN_POINT('', (44.6366851216032, 21.1709100360622, 36.9));
#3262 = CARTESIAN_POINT('', (44.7672271864746, 21.1056073366754, 36.9));
#3263 = CARTESIAN_POINT('', (44.8956261639411, 21.0350461015816, 36.9));
#3264 = CARTESIAN_POINT('', (45.0207350145819, 20.959856682516, 36.9));
#3265 = CARTESIAN_POINT('', (45.1458438652227, 20.8846672634503, 36.9));
#3266 = CARTESIAN_POINT('', (45.2684099126861, 20.8044005248746, 36.9));
#3267 = CARTESIAN_POINT('', (45.3873382254482, 20.7197735216683, 36.9));
#3268 = CARTESIAN_POINT('', (45.5062665382102, 20.635146518462, 36.9));
#3269 = CARTESIAN_POINT('', (45.6222675211711, 20.5456537407395, 36.9));
#3270 = CARTESIAN_POINT('', (45.734304891154, 20.4520946632782, 36.9));
#3271 = CARTESIAN_POINT('', (45.8463422611368, 20.3585355858168, 36.9));
#3272 = CARTESIAN_POINT('', (45.9550852607703, 20.26035134399, 36.9));
#3273 = CARTESIAN_POINT('', (46.0595624453454, 20.1584190569002, 36.9));
#3274 = CARTESIAN_POINT('', (46.1640396299205, 20.0564867698103, 36.9));
#3275 = CARTESIAN_POINT('', (46.2648750821485, 19.9501975564049, 36.9));
#3276 = CARTESIAN_POINT('', (46.3611679986044, 19.8405009407391, 36.9));
#3277 = CARTESIAN_POINT('', (46.4574609150602, 19.7308043250733, 36.9));
#3278 = CARTESIAN_POINT('', (46.54978649065, 19.6170450467511, 36.9));
#3279 = CARTESIAN_POINT('', (46.6373199440803, 19.5002393629054, 36.9));
#3280 = CARTESIAN_POINT('', (46.7248533975106, 19.3834336790596, 36.9));
#3281 = CARTESIAN_POINT('', (46.8081176000204, 19.2628838640751, 36.9));
#3282 = CARTESIAN_POINT('', (46.8863687191859, 19.1396668376647, 36.9));
#3283 = CARTESIAN_POINT('', (46.9646198383515, 19.0164498112542, 36.9));
#3284 = CARTESIAN_POINT('', (47.0383252984323, 18.8898295503689, 36.9));
#3285 = CARTESIAN_POINT('', (47.1068266590738, 18.7609372044427, 36.9));
#3286 = CARTESIAN_POINT('', (47.1753280197154, 18.6320448585165, 36.9));
#3287 = CARTESIAN_POINT('', (47.2390344660911, 18.5001105036177, 36.9));
#3288 = CARTESIAN_POINT('', (47.2973768830352, 18.3663127621076, 36.9));
#3289 = CARTESIAN_POINT('', (47.3557192999793, 18.2325150205974, 36.9));
#3290 = CARTESIAN_POINT('', (47.4090461893576, 18.0960546667153, 36.9));
#3291 = CARTESIAN_POINT('', (47.4568811607384, 17.9581507553818, 36.9));
#3292 = CARTESIAN_POINT('', (47.5047161321193, 17.8202468440482, 36.9));
#3293 = CARTESIAN_POINT('', (47.5473449223242, 17.680075621759, 36.9));
#3294 = CARTESIAN_POINT('', (47.5843867113203, 17.5388892941063, 36.9));
#3295 = CARTESIAN_POINT('', (47.6214285003164, 17.3977029664535, 36.9));
#3296 = CARTESIAN_POINT('', (47.6531045530642, 17.2546581727884, 36.9));
#3297 = CARTESIAN_POINT('', (47.679131894715, 17.1110327894653, 36.9));
#3298 = CARTESIAN_POINT('', (47.7051592363659, 16.9674074061423, 36.9));
#3299 = CARTESIAN_POINT('', (47.7256933383181, 16.8223435030878, 36.9));
#3300 = CARTESIAN_POINT('', (47.7405507612257, 16.6771369941681, 36.9));
#3301 = CARTESIAN_POINT('', (47.7479794726796, 16.6045337397083, 36.9));
#3302 = CARTESIAN_POINT('', (47.7540228381972, 16.531569419047, 36.9));
#3303 = CARTESIAN_POINT('', (47.758640331727, 16.458733321777, 36.9));
#3304 = CARTESIAN_POINT('', (47.7632578252567, 16.385897224507, 36.9));
#3305 = CARTESIAN_POINT('', (47.7664770546513, 16.3127538658307, 36.9));
#3306 = CARTESIAN_POINT('', (47.7682764321611, 16.2397937359473, 36.9));
#3307 = CARTESIAN_POINT('', (47.769425323676, 16.193209140058, 36.9));
#3308 = CARTESIAN_POINT('', (47.77, 16.1465987609908, 36.9));
#3309 = CARTESIAN_POINT('', (47.77, 16.1, 36.9));
#3310 = ORIENTED_EDGE('', *, *, #3311, .T.);
#3311 = EDGE_CURVE('', #3240, #3312, #3314, .T.);
#3312 = VERTEX_POINT('', #3313);
#3313 = CARTESIAN_POINT('', (47.77, 1.40000000000001, 36.9));
#3314 = B_SPLINE_CURVE_WITH_KNOTS('', 3, (#3315, #3316, #3317, #3318), .UNSPECIFIED., .F., .U., (4, 4), (0., 14.7), .UNSPECIFIED.);
#3315 = CARTESIAN_POINT('', (47.77, 16.1, 36.9));
#3316 = CARTESIAN_POINT('', (47.77, 11.2, 36.9));
#3317 = CARTESIAN_POINT('', (47.77, 6.3, 36.9));
#3318 = CARTESIAN_POINT('', (47.77, 1.4, 36.9));
#3319 = ORIENTED_EDGE('', *, *, #3320, .T.);
#3320 = EDGE_CURVE('', #3312, #2473, #3321, .T.);
#3321 = B_SPLINE_CURVE_WITH_KNOTS('', 3, (#3322, #3323, #3324, #3325, #3326, #3327, #3328, #3329, #3330, #3331, #3332, #3333, #3334, #3335, #3336, #3337, #3338, #3339, #3340, #3341, #3342, #3343, #3344, #3345, #3346, #3347, #3348, #3349, #3350, #3351, #3352, #3353, #3354, #3355, #3356, #3357, #3358, #3359, #3360, #3361, #3362, #3363, #3364, #3365, #3366, #3367, #3368, #3369, #3370, #3371, #3372, #3373, #3374, #3375, #3376, #3377, #3378, #3379), .UNSPECIFIED., .F., .U., (4, 3, 3, 3, 3, 3, 3, 3, 3, 3, 3, 3, 3, 3, 3, 3, 3, 3, 3, 4), (0., 0.08649755859375, 0.1729951171875, 0.25949267578125, 0.345990234375, 0.43248779296875, 0.5189853515625, 0.60548291015625, 0.69198046875, 0.77847802734375, 0.8649755859375, 0.95147314453125, 1.037970703125, 1.12446826171875, 1.2109658203125, 1.29746337890625, 1.3839609375, 1.47045849609375, 1.5569560546875, 1.61605407621576), .UNSPECIFIED.);
#3322 = CARTESIAN_POINT('', (47.77, 1.40000000000001, 36.9));
#3323 = CARTESIAN_POINT('', (47.77, 1.37116748046876, 36.9));
#3324 = CARTESIAN_POINT('', (47.7712170778475, 1.34223311268541, 36.9));
#3325 = CARTESIAN_POINT('', (47.7736383812918, 1.31350244140626, 36.9));
#3326 = CARTESIAN_POINT('', (47.776059684736, 1.2847717701271, 36.9));
#3327 = CARTESIAN_POINT('', (47.7797023198452, 1.2560418183873, 36.9));
#3328 = CARTESIAN_POINT('', (47.7845278206654, 1.22761597232507, 36.9));
#3329 = CARTESIAN_POINT('', (47.7893533214856, 1.19919012626283, 36.9));
#3330 = CARTESIAN_POINT('', (47.7953957793021, 1.17086756244801, 36.9));
#3331 = CARTESIAN_POINT('', (47.802591386213, 1.14294736503282, 36.9));
#3332 = CARTESIAN_POINT('', (47.809786993124, 1.11502716761762, 36.9));
#3333 = CARTESIAN_POINT('', (47.8181865847828, 1.08731208548762, 36.9));
#3334 = CARTESIAN_POINT('', (47.8277014621309, 1.06009478783391, 36.9));
#3335 = CARTESIAN_POINT('', (47.837216339479, 1.03287749018021, 36.9));
#3336 = CARTESIAN_POINT('', (47.8479137233936, 1.00596569174728, 36.9));
#3337 = CARTESIAN_POINT('', (47.8596806503017, 0.97964357911059, 36.9));
#3338 = CARTESIAN_POINT('', (47.8714475772098, 0.953321466473902, 36.9));
#3339 = CARTESIAN_POINT('', (47.8843671783091, 0.927403078697191, 36.9));
#3340 = CARTESIAN_POINT('', (47.8983030235797, 0.902162112013787, 36.9));
#3341 = CARTESIAN_POINT('', (47.9122388688504, 0.876921145330383, 36.9));
#3342 = CARTESIAN_POINT('', (47.9272894125035, 0.852179276903464, 36.9));
#3343 = CARTESIAN_POINT('', (47.9432957219255, 0.828197779010175, 36.9));
#3344 = CARTESIAN_POINT('', (47.9593020313476, 0.804216281116886, 36.9));
#3345 = CARTESIAN_POINT('', (47.9763771882021, 0.780825728838233, 36.9));
#3346 = CARTESIAN_POINT('', (47.994340880112, 0.758273124654057, 36.9));
#3347 = CARTESIAN_POINT('', (48.0123045720218, 0.735720520469881, 36.9));
#3348 = CARTESIAN_POINT('', (48.0312837092017, 0.713846534335234, 36.9));
#3349 = CARTESIAN_POINT('', (48.0510778733846, 0.692882153905114, 36.9));
#3350 = CARTESIAN_POINT('', (48.0708720375675, 0.671917773474993, 36.9));
#3351 = CARTESIAN_POINT('', (48.0916210709218, 0.651714889216272, 36.9));
#3352 = CARTESIAN_POINT('', (48.1131058652096, 0.632486842073316, 36.9));
#3353 = CARTESIAN_POINT('', (48.1345906594974, 0.61325879493036, 36.9));
#3354 = CARTESIAN_POINT('', (48.156963000881, 0.59486974224879, 36.9));
#3355 = CARTESIAN_POINT('', (48.1799866391113, 0.577513871047373, 36.9));
#3356 = CARTESIAN_POINT('', (48.2030102773416, 0.560157999845955, 36.9));
#3357 = CARTESIAN_POINT('', (48.2268478702334, 0.543712694052689, 36.9));
#3358 = CARTESIAN_POINT('', (48.2512476945914, 0.528351614864814, 36.9));
#3359 = CARTESIAN_POINT('', (48.2756475189495, 0.512990535676939, 36.9));
#3360 = CARTESIAN_POINT('', (48.3007819550931, 0.498605159865055, 36.9));
#3361 = CARTESIAN_POINT('', (48.3263855852596, 0.485347395920119, 36.9));
#3362 = CARTESIAN_POINT('', (48.351989215426, 0.472089631975183, 36.9));
#3363 = CARTESIAN_POINT('', (48.3782429246036, 0.459865816207271, 36.9));
#3364 = CARTESIAN_POINT('', (48.4048694755901, 0.448805031195192, 36.9));
#3365 = CARTESIAN_POINT('', (48.4314960265766, 0.437744246183114, 36.9));
#3366 = CARTESIAN_POINT('', (48.4586835311098, 0.427768349493351, 36.9));
#3367 = CARTESIAN_POINT('', (48.4861448911786, 0.418982685847645, 36.9));
#3368 = CARTESIAN_POINT('', (48.5136062512473, 0.41019702220194, 36.9));
#3369 = CARTESIAN_POINT('', (48.5415354763636, 0.402539522485242, 36.9));
#3370 = CARTESIAN_POINT('', (48.5696376360025, 0.396091049320948, 36.9));
#3371 = CARTESIAN_POINT('', (48.5977397956414, 0.389642576156653, 36.9));
#3372 = CARTESIAN_POINT('', (48.6262134264473, 0.384357572255171, 36.9));
#3373 = CARTESIAN_POINT('', (48.6547578490119, 0.380291846861844, 36.9));
#3374 = CARTESIAN_POINT('', (48.6833022715765, 0.376226121468518, 36.9));
#3375 = CARTESIAN_POINT('', (48.7121191470513, 0.373350950973174, 36.9));
#3376 = CARTESIAN_POINT('', (48.74090417139, 0.371696696960928, 36.9));
#3377 = CARTESIAN_POINT('', (48.7605710615973, 0.370566455358525, 36.9));
#3378 = CARTESIAN_POINT('', (48.7803006594906, 0.369999999999997, 36.9));
#3379 = CARTESIAN_POINT('', (48.8, 0.369999999999997, 36.9));
#3380 = ORIENTED_EDGE('', *, *, #2472, .T.);
#3381 = ORIENTED_EDGE('', *, *, #2516, .T.);
#3382 = ORIENTED_EDGE('', *, *, #2561, .T.);
#3383 = B_SPLINE_SURFACE_WITH_KNOTS('', 1, 1, ((#3384, #3385), (#3386, #3387)), .UNSPECIFIED., .F., .F., .U., (2, 2), (2, 2), (-1.81392100231848, 2.2759487792497), (0.42442771152129, 6.21787619947396), .UNSPECIFIED.);
#3384 = CARTESIAN_POINT('', (90.83, 0.369999999999997, 36.9));
#3385 = CARTESIAN_POINT('', (0.370000000000005, 0.369999999999997, 36.9));
#3386 = CARTESIAN_POINT('', (90.83, 64.23, 36.9));
#3387 = CARTESIAN_POINT('', (0.370000000000005, 64.23, 36.9));
#3388 = ADVANCED_FACE('', (#3389), #3399, .T.);
#3389 = FACE_OUTER_BOUND('', #3390, .T.);
#3390 = EDGE_LOOP('', (#3391, #3392, #3397, #3398));
#3391 = ORIENTED_EDGE('', *, *, #1122, .T.);
#3392 = ORIENTED_EDGE('', *, *, #3393, .F.);
#3393 = EDGE_CURVE('', #2843, #1116, #3394, .T.);
#3394 = B_SPLINE_CURVE_WITH_KNOTS('', 1, (#3395, #3396), .UNSPECIFIED., .F., .U., (2, 2), (0., 1.), .UNSPECIFIED.);
#3395 = CARTESIAN_POINT('', (84.2346266269391, 40.0948888888889, 36.9));
#3396 = CARTESIAN_POINT('', (82.7207843891258, 40.8, 35.23));
#3397 = ORIENTED_EDGE('', *, *, #2842, .F.);
#3398 = ORIENTED_EDGE('', *, *, #2577, .F.);
#3399 = B_SPLINE_SURFACE_WITH_KNOTS('', 3, 1, ((#3400, #3401), (#3402, #3403), (#3404, #3405), (#3406, #3407), (#3408, #3409), (#3410, #3411), (#3412, #3413), (#3414, #3415), (#3416, #3417), (#3418, #3419), (#3420, #3421), (#3422, #3423), (#3424, #3425), (#3426, #3427), (#3428, #3429), (#3430, #3431), (#3432, #3433), (#3434, #3435), (#3436, #3437), (#3438, #3439), (#3440, #3441), (#3442, #3443), (#3444, #3445), (#3446, #3447), (#3448, #3449), (#3450, #3451), (#3452, #3453), (#3454, #3455), (#3456, #3457), (#3458, #3459), (#3460, #3461), (#3462, #3463), (#3464, #3465), (#3466, #3467), (#3468, #3469), (#3470, #3471), (#3472, #3473), (#3474, #3475), (#3476, #3477), (#3478, #3479), (#3480, #3481), (#3482, #3483), (#3484, #3485), (#3486, #3487), (#3488, #3489), (#3490, #3491), (#3492, #3493), (#3494, #3495), (#3496, #3497), (#3498, #3499), (#3500, #3501), (#3502, #3503), (#3504, #3505), (#3506, #3507), (#3508, #3509), (#3510, #3511), (#3512, #3513), (#3514, #3515), (#3516, #3517), (#3518, #3519), (#3520, #3521), (#3522, #3523), (#3524, #3525), (#3526, #3527), (#3528, #3529), (#3530, #3531), (#3532, #3533), (#3534, #3535), (#3536, #3537), (#3538, #3539), (#3540, #3541), (#3542, #3543), (#3544, #3545), (#3546, #3547), (#3548, #3549), (#3550, #3551), (#3552, #3553), (#3554, #3555), (#3556, #3557)), .UNSPECIFIED., .F., .F., .U., (4, 3, 3, 3, 3, 3, 3, 3, 3, 3, 3, 3, 3, 3, 3, 3, 3, 3, 3, 3, 3, 3, 3, 3, 3, 3, 4), (2, 2), (0., 0.194619506835938, 0.389239013671875, 0.583858520507813, 0.77847802734375, 0.973097534179688, 1.07040728759766, 1.16771704101563, 1.20616040039062, 1.30347015380859, 1.40077990722656, 1.5953994140625, 1.79001892089844, 1.98463842773438, 2.17925793457031, 2.37387744140625, 2.56849694824219, 2.76311645507813, 2.95773596191406, 3.15235546875, 3.34697497558594, 3.54159448242188, 3.73621398925781, 3.93083349609375, 4.12545300292969, 4.32007250976562, 4.41058207795117), (0., 1.), .UNSPECIFIED.);
#3400 = CARTESIAN_POINT('', (88.6547236990992, 43., 35.23));
#3401 = CARTESIAN_POINT('', (87.9664151263224, 41.4784444444444, 36.9));
#3402 = CARTESIAN_POINT('', (88.5607378359628, 43.042516538473, 35.23));
#3403 = CARTESIAN_POINT('', (87.9073084612833, 41.5051826230841, 36.9));
#3404 = CARTESIAN_POINT('', (88.465062332219, 43.0818905328019, 35.23));
#3405 = CARTESIAN_POINT('', (87.84713920004, 41.5299444906288, 36.9));
#3406 = CARTESIAN_POINT('', (88.3683751092176, 43.1178429933779, 35.23));
#3407 = CARTESIAN_POINT('', (87.7863336797968, 41.5525545936132, 36.9));
#3408 = CARTESIAN_POINT('', (88.2716878862161, 43.1537954539538, 35.23));
#3409 = CARTESIAN_POINT('', (87.7255281595537, 41.5751646965976, 36.9));
#3410 = CARTESIAN_POINT('', (88.1735311359911, 43.1864966134334, 35.23));
#3411 = CARTESIAN_POINT('', (87.6637984699677, 41.5957300924481, 36.9));
#3412 = CARTESIAN_POINT('', (88.0746003610902, 43.2157147634556, 35.23));
#3413 = CARTESIAN_POINT('', (87.6015820048634, 41.614105062351, 36.9));
#3414 = CARTESIAN_POINT('', (87.9756695861894, 43.2449329134778, 35.23));
#3415 = CARTESIAN_POINT('', (87.5393655397591, 41.6324800322538, 36.9));
#3416 = CARTESIAN_POINT('', (87.8754963555687, 43.2708064001591, 35.23));
#3417 = CARTESIAN_POINT('', (87.4763677080576, 41.6487515805445, 36.9));
#3418 = CARTESIAN_POINT('', (87.7747904598124, 43.2931518935109, 35.23));
#3419 = CARTESIAN_POINT('', (87.4130348891709, 41.6628044130302, 36.9));
#3420 = CARTESIAN_POINT('', (87.6740845640562, 43.3154973868628, 35.23));
#3421 = CARTESIAN_POINT('', (87.3497020702842, 41.6768572455159, 36.9));
#3422 = CARTESIAN_POINT('', (87.572369167034, 43.3344206914014, 35.23));
#3423 = CARTESIAN_POINT('', (87.2857343872681, 41.6887579014813, 36.9));
#3424 = CARTESIAN_POINT('', (87.4703649865528, 43.3497877235666, 35.23));
#3425 = CARTESIAN_POINT('', (87.2215850915432, 41.6984220572652, 36.9));
#3426 = CARTESIAN_POINT('', (87.3683608060716, 43.3651547557319, 35.23));
#3427 = CARTESIAN_POINT('', (87.1574357958184, 41.7080862130492, 36.9));
#3428 = CARTESIAN_POINT('', (87.2655848587039, 43.3770382774619, 35.23));
#3429 = CARTESIAN_POINT('', (87.0928011444738, 41.7155596278261, 36.9));
#3430 = CARTESIAN_POINT('', (87.1627653769254, 43.3853540865024, 35.23));
#3431 = CARTESIAN_POINT('', (87.0281391148219, 41.7207893477338, 36.9));
#3432 = CARTESIAN_POINT('', (87.1113556360361, 43.3895119910227, 35.23));
#3433 = CARTESIAN_POINT('', (86.995808099996, 41.7234042076877, 36.9));
#3434 = CARTESIAN_POINT('', (87.0597523760944, 43.3927930013235, 35.23));
#3435 = CARTESIAN_POINT('', (86.9633553831883, 41.7254675986101, 36.9));
#3436 = CARTESIAN_POINT('', (87.0082300174142, 43.3951796693622, 35.23));
#3437 = CARTESIAN_POINT('', (86.9309535442849, 41.7269685476211, 36.9));
#3438 = CARTESIAN_POINT('', (86.956707658734, 43.397566337401, 35.23));
#3439 = CARTESIAN_POINT('', (86.8985517053816, 41.7284694966322, 36.9));
#3440 = CARTESIAN_POINT('', (86.9050220655055, 43.3990699722704, 35.23));
#3441 = CARTESIAN_POINT('', (86.8660472100845, 41.7294151158946, 36.9));
#3442 = CARTESIAN_POINT('', (86.8534480958817, 43.39968257781, 35.23));
#3443 = CARTESIAN_POINT('', (86.8336129136322, 41.7298003767117, 36.9));
#3444 = CARTESIAN_POINT('', (86.8330731943019, 43.3999245948133, 35.23));
#3445 = CARTESIAN_POINT('', (86.8207993644165, 41.729952578516, 36.9));
#3446 = CARTESIAN_POINT('', (86.8126947686986, 43.4000282263597, 35.23));
#3447 = CARTESIAN_POINT('', (86.8079835989816, 41.730017751244, 36.9));
#3448 = CARTESIAN_POINT('', (86.7923184594944, 43.3999934437658, 35.23));
#3449 = CARTESIAN_POINT('', (86.7951691645265, 41.7299958768572, 36.9));
#3450 = CARTESIAN_POINT('', (86.7407409268212, 43.399905400325, 35.23));
#3451 = CARTESIAN_POINT('', (86.762732627312, 41.7299405073155, 36.9));
#3452 = CARTESIAN_POINT('', (86.6890427141483, 43.3989275089008, 35.23));
#3453 = CARTESIAN_POINT('', (86.7302201957866, 41.7293255222643, 36.9));
#3454 = CARTESIAN_POINT('', (86.6374987467376, 43.3970649698095, 35.23));
#3455 = CARTESIAN_POINT('', (86.6978047673928, 41.7281541921247, 36.9));
#3456 = CARTESIAN_POINT('', (86.5859547793269, 43.3952024307183, 35.23));
#3457 = CARTESIAN_POINT('', (86.6653893389989, 41.726982861985, 36.9));
#3458 = CARTESIAN_POINT('', (86.5343208189769, 43.3924464184227, 35.23));
#3459 = CARTESIAN_POINT('', (86.6329173150455, 41.7252496364748, 36.9));
#3460 = CARTESIAN_POINT('', (86.4828714492627, 43.3888115890854, 35.23));
#3461 = CARTESIAN_POINT('', (86.6005613780919, 41.7229637326915, 36.9));
#3462 = CARTESIAN_POINT('', (86.3799727098342, 43.3815419304107, 35.23));
#3463 = CARTESIAN_POINT('', (86.5358495041847, 41.718391925125, 36.9));
#3464 = CARTESIAN_POINT('', (86.2770812173259, 43.3707043008054, 35.23));
#3465 = CARTESIAN_POINT('', (86.471142187785, 41.7115762602843, 36.9));
#3466 = CARTESIAN_POINT('', (86.1749260229238, 43.3563754917177, 35.23));
#3467 = CARTESIAN_POINT('', (86.4068979210832, 41.702565031458, 36.9));
#3468 = CARTESIAN_POINT('', (86.0727708285217, 43.34204668263, 35.23));
#3469 = CARTESIAN_POINT('', (86.3426536543815, 41.6935538026318, 36.9));
#3470 = CARTESIAN_POINT('', (85.9708682337567, 43.3241588480433, 35.23));
#3471 = CARTESIAN_POINT('', (86.2785682447848, 41.6823043422139, 36.9));
#3472 = CARTESIAN_POINT('', (85.86994028285, 43.3028387345592, 35.23));
#3473 = CARTESIAN_POINT('', (86.2150957778812, 41.6688963597339, 36.9));
#3474 = CARTESIAN_POINT('', (85.7690123319433, 43.2815186210751, 35.23));
#3475 = CARTESIAN_POINT('', (86.1516233109777, 41.6554883772539, 36.9));
#3476 = CARTESIAN_POINT('', (85.6685811373471, 43.2566652792872, 35.23));
#3477 = CARTESIAN_POINT('', (86.0884632485983, 41.6398583867517, 36.9));
#3478 = CARTESIAN_POINT('', (85.5693583174835, 43.2284548108133, 35.23));
#3479 = CARTESIAN_POINT('', (86.0260631196618, 41.6221171365782, 36.9));
#3480 = CARTESIAN_POINT('', (85.4701354976199, 43.2002443423395, 35.23));
#3481 = CARTESIAN_POINT('', (85.9636629907254, 41.6043758864046, 36.9));
#3482 = CARTESIAN_POINT('', (85.3716512386301, 43.1685431723723, 35.23));
#3483 = CARTESIAN_POINT('', (85.9017273345163, 41.5844393728475, 36.9));
#3484 = CARTESIAN_POINT('', (85.2746033636682, 43.133575923716, 35.23));
#3485 = CARTESIAN_POINT('', (85.8406950042625, 41.5624488586925, 36.9));
#3486 = CARTESIAN_POINT('', (85.1775554887064, 43.0986086750597, 35.23));
#3487 = CARTESIAN_POINT('', (85.7796626740087, 41.5404583445375, 36.9));
#3488 = CARTESIAN_POINT('', (85.0814844821421, 43.0602097799744, 35.23));
#3489 = CARTESIAN_POINT('', (85.719244685436, 41.5163097060728, 36.9));
#3490 = CARTESIAN_POINT('', (84.9870710677123, 43.0186513188754, 35.23));
#3491 = CARTESIAN_POINT('', (85.6598691381391, 41.4901740516483, 36.9));
#3492 = CARTESIAN_POINT('', (84.8926576532826, 42.9770928577764, 35.23));
#3493 = CARTESIAN_POINT('', (85.6004935908421, 41.4640383972239, 36.9));
#3494 = CARTESIAN_POINT('', (84.7994547893631, 42.9321780539444, 35.23));
#3495 = CARTESIAN_POINT('', (85.5418793453106, 41.4357919761473, 36.9));
#3496 = CARTESIAN_POINT('', (84.7081228770896, 42.884225157122, 35.23));
#3497 = CARTESIAN_POINT('', (85.4844417204808, 41.4056349321456, 36.9));
#3498 = CARTESIAN_POINT('', (84.616790964816, 42.8362722602996, 35.23));
#3499 = CARTESIAN_POINT('', (85.427004095651, 41.375477888144, 36.9));
#3500 = CARTESIAN_POINT('', (84.5268975532846, 42.7850542165135, 35.23));
#3501 = CARTESIAN_POINT('', (85.3704711279545, 41.3432674294963, 36.9));
#3502 = CARTESIAN_POINT('', (84.439079594071, 42.730933937941, 35.23));
#3503 = CARTESIAN_POINT('', (85.3152433891602, 41.3092317876385, 36.9));
#3504 = CARTESIAN_POINT('', (84.3512616348575, 42.6768136593685, 35.23));
#3505 = CARTESIAN_POINT('', (85.2600156503659, 41.2751961457806, 36.9));
#3506 = CARTESIAN_POINT('', (84.2651033154064, 42.6195348898686, 35.23));
#3507 = CARTESIAN_POINT('', (85.2058316405778, 41.2391741640729, 36.9));
#3508 = CARTESIAN_POINT('', (84.1812151218082, 42.5595034856868, 35.23));
#3509 = CARTESIAN_POINT('', (85.153075287715, 41.2014210809986, 36.9));
#3510 = CARTESIAN_POINT('', (84.09732692821, 42.4994720815051, 35.23));
#3511 = CARTESIAN_POINT('', (85.1003189348521, 41.1636679979243, 36.9));
#3512 = CARTESIAN_POINT('', (84.0153116551041, 42.4364037976897, 35.23));
#3513 = CARTESIAN_POINT('', (85.0487404408766, 41.1240050549915, 36.9));
#3514 = CARTESIAN_POINT('', (83.9357504324817, 42.3707455128504, 35.23));
#3515 = CARTESIAN_POINT('', (84.998705271983, 41.0827132891926, 36.9));
#3516 = CARTESIAN_POINT('', (83.8561892098594, 42.3050872280112, 35.23));
#3517 = CARTESIAN_POINT('', (84.9486701030893, 41.0414215233937, 36.9));
#3518 = CARTESIAN_POINT('', (83.7787053202975, 42.2365280542676, 35.23));
#3519 = CARTESIAN_POINT('', (84.899941345876, 40.9983054207949, 36.9));
#3520 = CARTESIAN_POINT('', (83.703847786074, 42.1655537766512, 35.23));
#3521 = CARTESIAN_POINT('', (84.8528642743532, 40.9536704862051, 36.9));
#3522 = CARTESIAN_POINT('', (83.6289902518504, 42.0945794990348, 35.23));
#3523 = CARTESIAN_POINT('', (84.8057872028303, 40.9090355516152, 36.9));
#3524 = CARTESIAN_POINT('', (83.5564046272131, 42.0208540587712, 35.23));
#3525 = CARTESIAN_POINT('', (84.7601389100029, 40.862670441405, 36.9));
#3526 = CARTESIAN_POINT('', (83.4866052271404, 41.9448998471521, 35.23));
#3527 = CARTESIAN_POINT('', (84.7162428428461, 40.8149036816534, 36.9));
#3528 = CARTESIAN_POINT('', (83.4168058270677, 41.8689456355329, 35.23));
#3529 = CARTESIAN_POINT('', (84.6723467756892, 40.7671369219018, 36.9));
#3530 = CARTESIAN_POINT('', (83.3494621557569, 41.7904030141071, 35.23));
#3531 = CARTESIAN_POINT('', (84.6299950890649, 40.7177423399829, 36.9));
#3532 = CARTESIAN_POINT('', (83.2850513856375, 41.7098285069362, 35.23));
#3533 = CARTESIAN_POINT('', (84.5894878714121, 40.6670699276955, 36.9));
#3534 = CARTESIAN_POINT('', (83.2206406155181, 41.6292539997653, 35.23));
#3535 = CARTESIAN_POINT('', (84.5489806537592, 40.616397515408, 36.9));
#3536 = CARTESIAN_POINT('', (83.1588577656141, 41.5462660915872, 35.23));
#3537 = CARTESIAN_POINT('', (84.5101261059306, 40.5642073420426, 36.9));
#3538 = CARTESIAN_POINT('', (83.1001406064241, 41.4614528041267, 35.23));
#3539 = CARTESIAN_POINT('', (84.473199536929, 40.5108692079286, 36.9));
#3540 = CARTESIAN_POINT('', (83.0414234472342, 41.3766395166662, 35.23));
#3541 = CARTESIAN_POINT('', (84.4362729679273, 40.4575310738145, 36.9));
#3542 = CARTESIAN_POINT('', (82.9854939566747, 41.289599264301, 35.23));
#3543 = CARTESIAN_POINT('', (84.4010995327532, 40.402792426216, 36.9));
#3544 = CARTESIAN_POINT('', (82.9327484304979, 41.200948782173, 35.23));
#3545 = CARTESIAN_POINT('', (84.367928457402, 40.347041123011, 36.9));
#3546 = CARTESIAN_POINT('', (82.880002904321, 41.1122983000449, 35.23));
#3547 = CARTESIAN_POINT('', (84.3347573820508, 40.291289819806, 36.9));
#3548 = CARTESIAN_POINT('', (82.8301915957528, 41.0216178336547, 35.23));
#3549 = CARTESIAN_POINT('', (84.3034316035512, 40.2342618820539, 36.9));
#3550 = CARTESIAN_POINT('', (82.7836674493632, 40.9295499113586, 35.23));
#3551 = CARTESIAN_POINT('', (84.2741730848218, 40.1763613886988, 36.9));
#3552 = CARTESIAN_POINT('', (82.7620309727922, 40.8867328884083, 35.23));
#3553 = CARTESIAN_POINT('', (84.2605661451115, 40.1494342387101, 36.9));
#3554 = CARTESIAN_POINT('', (82.7410397695207, 40.8434874020584, 35.23));
#3555 = CARTESIAN_POINT('', (84.2473650106096, 40.1222376328501, 36.9));
#3556 = CARTESIAN_POINT('', (82.7207843891258, 40.8, 35.23));
#3557 = CARTESIAN_POINT('', (84.2346266269391, 40.0948888888889, 36.9));
#3558 = ADVANCED_FACE('', (#3559), #3568, .T.);
#3559 = FACE_OUTER_BOUND('', #3560, .T.);
#3560 = EDGE_LOOP('', (#3561, #3566, #3567));
#3561 = ORIENTED_EDGE('', *, *, #3562, .T.);
#3562 = EDGE_CURVE('', #1116, #2927, #3563, .T.);
#3563 = B_SPLINE_CURVE_WITH_KNOTS('', 1, (#3564, #3565), .UNSPECIFIED., .F., .U., (2, 2), (0., 1.), .UNSPECIFIED.);
#3564 = CARTESIAN_POINT('', (82.7207843891258, 40.8, 35.23));
#3565 = CARTESIAN_POINT('', (82.7207843891258, 39.13, 36.9));
#3566 = ORIENTED_EDGE('', *, *, #2926, .T.);
#3567 = ORIENTED_EDGE('', *, *, #3393, .T.);
#3568 = B_SPLINE_SURFACE_WITH_KNOTS('', 3, 3, ((#3569, #3570, #3571, #3572, #3573, #3574, #3575, #3576, #3577, #3578, #3579, #3580, #3581, #3582, #3583, #3584), (#3585, #3586, #3587, #3588, #3589, #3590, #3591, #3592, #3593, #3594, #3595, #3596, #3597, #3598, #3599, #3600), (#3601, #3602, #3603, #3604, #3605, #3606, #3607, #3608, #3609, #3610, #3611, #3612, #3613, #3614, #3615, #3616), (#3617, #3618, #3619, #3620, #3621, #3622, #3623, #3624, #3625, #3626, #3627, #3628, #3629, #3630, #3631, #3632), (#3633, #3634, #3635, #3636, #3637, #3638, #3639, #3640, #3641, #3642, #3643, #3644, #3645, #3646, #3647, #3648), (#3649, #3650, #3651, #3652, #3653, #3654, #3655, #3656, #3657, #3658, #3659, #3660, #3661, #3662, #3663, #3664), (#3665, #3666, #3667, #3668, #3669, #3670, #3671, #3672, #3673, #3674, #3675, #3676, #3677, #3678, #3679, #3680), (#3681, #3682, #3683, #3684, #3685, #3686, #3687, #3688, #3689, #3690, #3691, #3692, #3693, #3694, #3695, #3696), (#3697, #3698, #3699, #3700, #3701, #3702, #3703, #3704, #3705, #3706, #3707, #3708, #3709, #3710, #3711, #3712), (#3713, #3714, #3715, #3716, #3717, #3718, #3719, #3720, #3721, #3722, #3723, #3724, #3725, #3726, #3727, #3728), (#3729, #3730, #3731, #3732, #3733, #3734, #3735, #3736, #3737, #3738, #3739, #3740, #3741, #3742, #3743, #3744), (#3745, #3746, #3747, #3748, #3749, #3750, #3751, #3752, #3753, #3754, #3755, #3756, #3757, #3758, #3759, #3760), (#3761, #3762, #3763, #3764, #3765, #3766, #3767, #3768, #3769, #3770, #3771, #3772, #3773, #3774, #3775, #3776), (#3777, #3778, #3779, #3780, #3781, #3782, #3783, #3784, #3785, #3786, #3787, #3788, #3789, #3790, #3791, #3792), (#3793, #3794, #3795, #3796, #3797, #3798, #3799, #3800, #3801, #3802, #3803, #3804, #3805, #3806, #3807, #3808), (#3809, #3810, #3811, #3812, #3813, #3814, #3815, #3816, #3817, #3818, #3819, #3820, #3821, #3822, #3823, #3824), (#3825, #3826, #3827, #3828, #3829, #3830, #3831, #3832, #3833, #3834, #3835, #3836, #3837, #3838, #3839, #3840), (#3841, #3842, #3843, #3844, #3845, #3846, #3847, #3848, #3849, #3850, #3851, #3852, #3853, #3854, #3855, #3856), (#3857, #3858, #3859, #3860, #3861, #3862, #3863, #3864, #3865, #3866, #3867, #3868, #3869, #3870, #3871, #3872), (#3873, #3874, #3875, #3876, #3877, #3878, #3879, #3880, #3881, #3882, #3883, #3884, #3885, #3886, #3887, #3888), (#3889, #3890, #3891, #3892, #3893, #3894, #3895, #3896, #3897, #3898, #3899, #3900, #3901, #3902, #3903, #3904), (#3905, #3906, #3907, #3908, #3909, #3910, #3911, #3912, #3913, #3914, #3915, #3916, #3917, #3918, #3919, #3920), (#3921, #3922, #3923, #3924, #3925, #3926, #3927, #3928, #3929, #3930, #3931, #3932, #3933, #3934, #3935, #3936), (#3937, #3938, #3939, #3940, #3941, #3942, #3943, #3944, #3945, #3946, #3947, #3948, #3949, #3950, #3951, #3952), (#3953, #3954, #3955, #3956, #3957, #3958, #3959, #3960, #3961, #3962, #3963, #3964, #3965, #3966, #3967, #3968)), .UNSPECIFIED., .F., .F., .U., (4, 3, 3, 3, 3, 3, 3, 3, 4), (4, 3, 3, 3, 3, 4), (0., 0.0625, 0.125, 0.25, 0.5, 0.75, 0.875, 0.9375, 1.), (0., 0.0625, 0.125, 0.25, 0.5, 1.), .UNSPECIFIED.);
#3569 = CARTESIAN_POINT('', (82.7207843891258, 39.13, 36.9));
#3570 = CARTESIAN_POINT('', (82.7207843891258, 39.1647916666667, 36.8652083333333));
#3571 = CARTESIAN_POINT('', (82.7207843891258, 39.1995833333333, 36.8304166666667));
#3572 = CARTESIAN_POINT('', (82.7207843891258, 39.234375, 36.795625));
#3573 = CARTESIAN_POINT('', (82.7207843891258, 39.2691666666667, 36.7608333333333));
#3574 = CARTESIAN_POINT('', (82.7207843891258, 39.3039583333333, 36.7260416666667));
#3575 = CARTESIAN_POINT('', (82.7207843891258, 39.33875, 36.69125));
#3576 = CARTESIAN_POINT('', (82.7207843891258, 39.4083333333333, 36.6216666666667));
#3577 = CARTESIAN_POINT('', (82.7207843891258, 39.4779166666667, 36.5520833333333));
#3578 = CARTESIAN_POINT('', (82.7207843891258, 39.5475, 36.4825));
#3579 = CARTESIAN_POINT('', (82.7207843891258, 39.6866666666667, 36.3433333333333));
#3580 = CARTESIAN_POINT('', (82.7207843891258, 39.8258333333333, 36.2041666666667));
#3581 = CARTESIAN_POINT('', (82.7207843891258, 39.965, 36.065));
#3582 = CARTESIAN_POINT('', (82.7207843891258, 40.2433333333333, 35.7866666666667));
#3583 = CARTESIAN_POINT('', (82.7207843891258, 40.5216666666667, 35.5083333333333));
#3584 = CARTESIAN_POINT('', (82.7207843891258, 40.8, 35.23));
#3585 = CARTESIAN_POINT('', (82.7523227690802, 39.1501018518519, 36.9));
#3586 = CARTESIAN_POINT('', (82.752322444826, 39.1848933635077, 36.8652083849932));
#3587 = CARTESIAN_POINT('', (82.7522211093748, 39.2096017645714, 36.8203980416564));
#3588 = CARTESIAN_POINT('', (82.7520197400311, 39.244329217764, 36.7856705098048));
#3589 = CARTESIAN_POINT('', (82.7518183706874, 39.2790566709566, 36.7509429779532));
#3590 = CARTESIAN_POINT('', (82.7515173017193, 39.3137523568446, 36.7162472250914));
#3591 = CARTESIAN_POINT('', (82.7511223046, 39.3484181141084, 36.6815814112559));
#3592 = CARTESIAN_POINT('', (82.7503323103614, 39.4177496286359, 36.612249783585));
#3593 = CARTESIAN_POINT('', (82.7491634140443, 39.486960412407, 36.5430389288571));
#3594 = CARTESIAN_POINT('', (82.7477037155449, 39.55607853694, 36.4739207656361));
#3595 = CARTESIAN_POINT('', (82.7447843185461, 39.6943147860062, 36.3356844391941));
#3596 = CARTESIAN_POINT('', (82.7406811328682, 39.8321738394894, 36.1978254372851));
#3597 = CARTESIAN_POINT('', (82.736552606454, 39.9700248430094, 36.0599745370582));
#3598 = CARTESIAN_POINT('', (82.7282955536256, 40.2457268500494, 35.7842727366046));
#3599 = CARTESIAN_POINT('', (82.7207856860241, 40.5216670799735, 35.5083329200264));
#3600 = CARTESIAN_POINT('', (82.7207843891258, 40.8, 35.23));
#3601 = CARTESIAN_POINT('', (82.7838611490347, 39.1702037037037, 36.9));
#3602 = CARTESIAN_POINT('', (82.7837594960867, 39.2049306794061, 36.900000100466));
#3603 = CARTESIAN_POINT('', (82.784039614075, 39.2204897002304, 36.8762399549257));
#3604 = CARTESIAN_POINT('', (82.7835646625667, 39.2551029045909, 36.8680740141015));
#3605 = CARTESIAN_POINT('', (82.7830897110584, 39.2897161089515, 36.8599080732773));
#3606 = CARTESIAN_POINT('', (82.782429746278, 39.3242729616943, 36.8478624605592));
#3607 = CARTESIAN_POINT('', (82.7815955920994, 39.3587767971346, 36.8323413263352));
#3608 = CARTESIAN_POINT('', (82.7799272837422, 39.4277844680153, 36.8012990578873));
#3609 = CARTESIAN_POINT('', (82.7775563806776, 39.4965783182803, 36.7563566723434));
#3610 = CARTESIAN_POINT('', (82.7746462298329, 39.5652080540515, 36.7007214808879));
#3611 = CARTESIAN_POINT('', (82.7688259281433, 39.7024675255938, 36.5894510979771));
#3612 = CARTESIAN_POINT('', (82.7608109620005, 39.8390592345481, 36.435422199035));
#3613 = CARTESIAN_POINT('', (82.7527385398536, 39.9756300190074, 36.2640131632997));
#3614 = CARTESIAN_POINT('', (82.7365936955598, 40.2487715879259, 35.9211950918292));
#3615 = CARTESIAN_POINT('', (82.7217723375438, 40.5222955619173, 35.5083325325513));
#3616 = CARTESIAN_POINT('', (82.7207843891258, 40.8, 35.23));
#3617 = CARTESIAN_POINT('', (82.8153995289891, 39.1903055555555, 36.9));
#3618 = CARTESIAN_POINT('', (82.8150965189439, 39.2249042363887, 36.9000001463482));
#3619 = CARTESIAN_POINT('', (82.8161348610609, 39.2321801888264, 36.8674736566214));
#3620 = CARTESIAN_POINT('', (82.8153144944377, 39.266629351114, 36.859363833388));
#3621 = CARTESIAN_POINT('', (82.8144941278146, 39.3010785134016, 36.8512540101546));
#3622 = CARTESIAN_POINT('', (82.8134174542115, 39.3354536894725, 36.8392923212862));
#3623 = CARTESIAN_POINT('', (82.8120995777143, 39.3697593323228, 36.823881308061));
#3624 = CARTESIAN_POINT('', (82.80946382472, 39.4383706180233, 36.7930592816106));
#3625 = CARTESIAN_POINT('', (82.8058552530083, 39.5067015246034, 36.7484428142267));
#3626 = CARTESIAN_POINT('', (82.8015000186994, 39.5748172203755, 36.6932146462303));
#3627 = CARTESIAN_POINT('', (82.7927895500816, 39.7110486119197, 36.5827583102376));
#3628 = CARTESIAN_POINT('', (82.7810407383654, 39.846404659273, 36.4298736190277));
#3629 = CARTESIAN_POINT('', (82.7692022811807, 39.9817263537418, 36.2596158791464));
#3630 = CARTESIAN_POINT('', (82.7455253668113, 40.2523697426794, 35.919100399384));
#3631 = CARTESIAN_POINT('', (82.7236211728937, 40.5234736062146, 35.5083321709077));
#3632 = CARTESIAN_POINT('', (82.7207843891258, 40.8, 35.23));
#3633 = CARTESIAN_POINT('', (82.8469379089435, 39.2104074074074, 36.9));
#3634 = CARTESIAN_POINT('', (82.8464335418011, 39.2448777933713, 36.9000001922305));
#3635 = CARTESIAN_POINT('', (82.8482301080467, 39.2438706774224, 36.8587073583172));
#3636 = CARTESIAN_POINT('', (82.8470643263088, 39.2781557976371, 36.8506536526745));
#3637 = CARTESIAN_POINT('', (82.8458985445708, 39.3124409178518, 36.8425999470319));
#3638 = CARTESIAN_POINT('', (82.8444051621449, 39.3466344172507, 36.8307221820131));
#3639 = CARTESIAN_POINT('', (82.8426035633292, 39.3807418675109, 36.8154212897867));
#3640 = CARTESIAN_POINT('', (82.8390003656976, 39.4489567680312, 36.7848195053339));
#3641 = CARTESIAN_POINT('', (82.8341541253389, 39.5168247309265, 36.74052895611));
#3642 = CARTESIAN_POINT('', (82.8283538075659, 39.5844263866996, 36.6857078115727));
#3643 = CARTESIAN_POINT('', (82.8167531720198, 39.7196296982456, 36.5760655224981));
#3644 = CARTESIAN_POINT('', (82.8012705147304, 39.8537500839979, 36.4243250390204));
#3645 = CARTESIAN_POINT('', (82.7856660225079, 39.9878226884762, 36.2552185949931));
#3646 = CARTESIAN_POINT('', (82.7544570380628, 40.255967897433, 35.9170057069387));
#3647 = CARTESIAN_POINT('', (82.7254700082435, 40.5246516505119, 35.5083318092642));
#3648 = CARTESIAN_POINT('', (82.7207843891258, 40.8, 35.23));
#3649 = CARTESIAN_POINT('', (82.878476288898, 39.2305092592593, 36.9));
#3650 = CARTESIAN_POINT('', (82.877670870518, 39.2647878045289, 36.9000002351887));
#3651 = CARTESIAN_POINT('', (82.880602724062, 39.2563641185003, 36.8505672234394));
#3652 = CARTESIAN_POINT('', (82.8790199488735, 39.2904355657165, 36.8425656267947));
#3653 = CARTESIAN_POINT('', (82.8774371736849, 39.3245070129328, 36.8345640301499));
#3654 = CARTESIAN_POINT('', (82.8754694861749, 39.3584761303087, 36.822764194041));
#3655 = CARTESIAN_POINT('', (82.8731397825813, 39.3923492337462, 36.807565556909));
#3656 = CARTESIAN_POINT('', (82.8684803753943, 39.460095440621, 36.777168282645));
#3657 = CARTESIAN_POINT('', (82.862361034295, 39.5274545961525, 36.7331803713904));
#3658 = CARTESIAN_POINT('', (82.8551211272878, 39.5945166405983, 36.6787371770057));
#3659 = CARTESIAN_POINT('', (82.8406413132732, 39.72864072949, 36.5698507882361));
#3660 = CARTESIAN_POINT('', (82.8216025781706, 39.8615570300237, 36.4191727839225));
#3661 = CARTESIAN_POINT('', (82.8024095773419, 39.9944114604913, 36.2511354004451));
#3662 = CARTESIAN_POINT('', (82.7640235756847, 40.2601203214263, 35.9150606334902));
#3663 = CARTESIAN_POINT('', (82.7281810274236, 40.5263792571627, 35.5083314734524));
#3664 = CARTESIAN_POINT('', (82.7207843891258, 40.8, 35.23));
#3665 = CARTESIAN_POINT('', (82.9100146688524, 39.2506111111111, 36.9));
#3666 = CARTESIAN_POINT('', (82.9088142753633, 39.2846379476262, 36.9000002751527));
#3667 = CARTESIAN_POINT('', (82.9131566561273, 39.2695992900846, 36.843053252135));
#3668 = CARTESIAN_POINT('', (82.91108934088, 39.3034100031069, 36.8350997559339));
#3669 = CARTESIAN_POINT('', (82.9090220256327, 39.3372207161292, 36.8271462597327));
#3670 = CARTESIAN_POINT('', (82.9065255593708, 39.3709247364261, 36.8154183576691));
#3671 = CARTESIAN_POINT('', (82.9036255850669, 39.4045287515685, 36.8003141097507));
#3672 = CARTESIAN_POINT('', (82.8978256364591, 39.4717367818533, 36.770105613914));
#3673 = CARTESIAN_POINT('', (82.8903985070917, 39.5385417409272, 36.7263970605023));
#3674 = CARTESIAN_POINT('', (82.8817224256445, 39.6050372773439, 36.6723027430039));
#3675 = CARTESIAN_POINT('', (82.8643702627501, 39.7380283501772, 36.5641141080069));
#3676 = CARTESIAN_POINT('', (82.8419373501568, 39.8697620282794, 36.4144168541788));
#3677 = CARTESIAN_POINT('', (82.8193218029346, 40.0014218299621, 36.2473662959242));
#3678 = CARTESIAN_POINT('', (82.7740907084902, 40.2647414333276, 35.9132651794151));
#3679 = CARTESIAN_POINT('', (82.7316310596426, 40.5285779198835, 35.5083311634723));
#3680 = CARTESIAN_POINT('', (82.7207843891258, 40.8, 35.23));
#3681 = CARTESIAN_POINT('', (82.9730914287613, 39.2908148148148, 36.9));
#3682 = CARTESIAN_POINT('', (82.9711010850539, 39.3243382338209, 36.9000003550806));
#3683 = CARTESIAN_POINT('', (82.9782645202579, 39.2960696332533, 36.8280253095263));
#3684 = CARTESIAN_POINT('', (82.9752281248931, 39.3293588778877, 36.8201680142122));
#3685 = CARTESIAN_POINT('', (82.9721917295282, 39.3626481225221, 36.8123107188981));
#3686 = CARTESIAN_POINT('', (82.9686377057629, 39.3958219486607, 36.8007266849253));
#3687 = CARTESIAN_POINT('', (82.9645971900382, 39.4288877872132, 36.7858112154342));
#3688 = CARTESIAN_POINT('', (82.9565161585888, 39.495019464318, 36.7559802764521));
#3689 = CARTESIAN_POINT('', (82.946473452685, 39.5607160304767, 36.7128304387261));
#3690 = CARTESIAN_POINT('', (82.9349250223579, 39.626078550835, 36.6594338750003));
#3691 = CARTESIAN_POINT('', (82.9118281617038, 39.7568035915516, 36.5526407475486));
#3692 = CARTESIAN_POINT('', (82.8826068941293, 39.8861720247907, 36.4049049946914));
#3693 = CARTESIAN_POINT('', (82.8531462541198, 40.0154425689039, 36.2398280868826));
#3694 = CARTESIAN_POINT('', (82.794224974101, 40.2739836571301, 35.9096742712648));
#3695 = CARTESIAN_POINT('', (82.7385311240807, 40.532975245325, 35.508330543512));
#3696 = CARTESIAN_POINT('', (82.7207843891258, 40.8, 35.23));
#3697 = CARTESIAN_POINT('', (83.0361681886702, 39.3310185185185, 36.9));
#3698 = CARTESIAN_POINT('', (83.0330090094896, 39.3637970147547, 36.9000004230313));
#3699 = CARTESIAN_POINT('', (83.0440916677732, 39.325503086535, 36.8155020212112));
#3700 = CARTESIAN_POINT('', (83.0398135761517, 39.35808106941, 36.8077248925668));
#3701 = CARTESIAN_POINT('', (83.03553548453, 39.3906590522851, 36.7999477639224));
#3702 = CARTESIAN_POINT('', (83.0307039402258, 39.423138505754, 36.7884836185827));
#3703 = CARTESIAN_POINT('', (83.0253524749453, 39.4555260900198, 36.7737254639959));
#3704 = CARTESIAN_POINT('', (83.0146495443841, 39.5203012585512, 36.7442091548224));
#3705 = CARTESIAN_POINT('', (83.001850318868, 39.5847064777177, 36.701524912276));
#3706 = CARTESIAN_POINT('', (82.9874420026751, 39.6488276328272, 36.6487098092578));
#3707 = CARTESIAN_POINT('', (82.9586253702893, 39.7770699430462, 36.5430796032214));
#3708 = CARTESIAN_POINT('', (82.9232649439079, 39.9041599990802, 36.3969784366206));
#3709 = CARTESIAN_POINT('', (82.8876262497296, 40.0311374995481, 36.2335462379498));
#3710 = CARTESIAN_POINT('', (82.816348861373, 40.2850925004838, 35.9066818406081));
#3711 = CARTESIAN_POINT('', (82.7483872406747, 40.5392567950466, 35.5083300268784));
#3712 = CARTESIAN_POINT('', (82.7207843891258, 40.8, 35.23));
#3713 = CARTESIAN_POINT('', (83.0992449485791, 39.3712222222222, 36.9));
#3714 = CARTESIAN_POINT('', (83.0946261385161, 39.4030704365518, 36.9000004784422));
#3715 = CARTESIAN_POINT('', (83.1099482892713, 39.3574599816357, 36.8054833883651));
#3716 = CARTESIAN_POINT('', (83.1042200761864, 39.3891778233972, 36.7977703924812));
#3717 = CARTESIAN_POINT('', (83.0984918631016, 39.4208956651586, 36.7900573965972));
#3718 = CARTESIAN_POINT('', (83.0922150034666, 39.4525498186507, 36.7786891610369));
#3719 = CARTESIAN_POINT('', (83.0854228419163, 39.4841449877074, 36.7640568580205));
#3720 = CARTESIAN_POINT('', (83.0718385188158, 39.5473353258208, 36.7347922519878));
#3721 = CARTESIAN_POINT('', (83.0561766124306, 39.6102884133518, 36.6924804846277));
#3722 = CARTESIAN_POINT('', (83.0389199607873, 39.6730592725335, 36.6401305495744));
#3723 = CARTESIAN_POINT('', (83.0044066575005, 39.7986009908967, 36.5354306794677));
#3724 = CARTESIAN_POINT('', (82.9634083651383, 39.9234052666167, 36.3906371835236));
#3725 = CARTESIAN_POINT('', (82.922124213959, 40.0481002473298, 36.2285207525018));
#3726 = CARTESIAN_POINT('', (82.8395559116006, 40.2974902087559, 35.9042878904582));
#3727 = CARTESIAN_POINT('', (82.7602140430953, 40.5467945187804, 35.5083296135715));
#3728 = CARTESIAN_POINT('', (82.7207843891258, 40.8, 35.23));
#3729 = CARTESIAN_POINT('', (83.2253984683969, 39.4516296296296, 36.9));
#3730 = CARTESIAN_POINT('', (83.2178603965692, 39.481617280146, 36.9000005892639));
#3731 = CARTESIAN_POINT('', (83.2416615322672, 39.4213737718373, 36.7854461226729));
#3732 = CARTESIAN_POINT('', (83.233033076256, 39.4513713313714, 36.7778613923098));
#3733 = CARTESIAN_POINT('', (83.2244046202446, 39.4813688909056, 36.7702766619467));
#3734 = CARTESIAN_POINT('', (83.215237129948, 39.5113724444441, 36.7591002459452));
#3735 = CARTESIAN_POINT('', (83.2055635758584, 39.5413827830828, 36.7447196460697));
#3736 = CARTESIAN_POINT('', (83.1862164676792, 39.60140346036, 36.7159584463187));
#3737 = CARTESIAN_POINT('', (83.1648291995559, 39.66145228462, 36.6743916293312));
#3738 = CARTESIAN_POINT('', (83.1418758770116, 39.7215225519459, 36.6229720302075));
#3739 = CARTESIAN_POINT('', (83.0959692319229, 39.8416630865978, 36.5201328319601));
#3740 = CARTESIAN_POINT('', (83.0436952075989, 39.9618958016897, 36.3779546773296));
#3741 = CARTESIAN_POINT('', (82.9911201424179, 40.0820257428931, 36.2184697816058));
#3742 = CARTESIAN_POINT('', (82.8859700120558, 40.3222856252999, 35.8994999901583));
#3743 = CARTESIAN_POINT('', (82.7838676479363, 40.5618699662481, 35.5083287869578));
#3744 = CARTESIAN_POINT('', (82.7207843891258, 40.8, 35.23));
#3745 = CARTESIAN_POINT('', (83.3515519882147, 39.532037037037, 36.9));
#3746 = CARTESIAN_POINT('', (83.3399108931376, 39.5594095700867, 36.9000006499262));
#3747 = CARTESIAN_POINT('', (83.3734540839781, 39.4953567347396, 36.7754274788567));
#3748 = CARTESIAN_POINT('', (83.361076008158, 39.523028503083, 36.7679068783776));
#3749 = CARTESIAN_POINT('', (83.3486979323379, 39.5507002714265, 36.7603862778984));
#3750 = CARTESIAN_POINT('', (83.3359552874666, 39.5785210101587, 36.7493057660406));
#3751 = CARTESIAN_POINT('', (83.322870099378, 39.6064827012721, 36.7350510159704));
#3752 = CARTESIAN_POINT('', (83.2966997232008, 39.662406083499, 36.70654151583));
#3753 = CARTESIAN_POINT('', (83.2691482996666, 39.7188984879035, 36.6653471692422));
#3754 = CARTESIAN_POINT('', (83.2405367904395, 39.7758275217425, 36.6143927350767));
#3755 = CARTESIAN_POINT('', (83.1833137719853, 39.8896855894205, 36.5124838667459));
#3756 = CARTESIAN_POINT('', (83.1217794769279, 40.0053236900017, 36.371613391031));
#3757 = CARTESIAN_POINT('', (83.0600644662652, 40.1209438043642, 36.2134442646491));
#3758 = CARTESIAN_POINT('', (82.9366344449397, 40.3521840330891, 35.8971060118853));
#3759 = CARTESIAN_POINT('', (82.8154039960834, 40.5819701097649, 35.5083283736509));
#3760 = CARTESIAN_POINT('', (82.7207843891258, 40.8, 35.23));
#3761 = CARTESIAN_POINT('', (83.4777055080325, 39.6124444444445, 36.9));
#3762 = CARTESIAN_POINT('', (83.4619359947648, 39.6371856204635, 36.9000006559279));
#3763 = CARTESIAN_POINT('', (83.5006580587694, 39.5764336710452, 36.7754274663194));
#3764 = CARTESIAN_POINT('', (83.4845400657374, 39.6017216986121, 36.7679068625529));
#3765 = CARTESIAN_POINT('', (83.4684220727055, 39.6270097261789, 36.7603862587863));
#3766 = CARTESIAN_POINT('', (83.452131257525, 39.6525689374093, 36.7493057404878));
#3767 = CARTESIAN_POINT('', (83.4356775739767, 39.6783836243096, 36.7350509884003));
#3768 = CARTESIAN_POINT('', (83.4027702068799, 39.7300129981103, 36.7065414842254));
#3769 = CARTESIAN_POINT('', (83.3692059716629, 39.7826729687964, 36.6653471321669));
#3770 = CARTESIAN_POINT('', (83.3351375770982, 39.8361239050194, 36.6143926945655));
#3771 = CARTESIAN_POINT('', (83.2670007879687, 39.9430257774652, 36.5124838193627));
#3772 = CARTESIAN_POINT('', (83.1968116327296, 40.0531474709694, 36.3716133530863));
#3773 = CARTESIAN_POINT('', (83.1265784657251, 40.1633383057932, 36.2134442286391));
#3774 = CARTESIAN_POINT('', (82.9861121317161, 40.383719975441, 35.8971059797448));
#3775 = CARTESIAN_POINT('', (82.8469401569007, 40.6020705471888, 35.5083283736509));
#3776 = CARTESIAN_POINT('', (82.7207843891258, 40.8, 35.23));
#3777 = CARTESIAN_POINT('', (83.6038590278502, 39.6928518518519, 36.9));
#3778 = CARTESIAN_POINT('', (83.583961096392, 39.7149616708402, 36.9000006619295));
#3779 = CARTESIAN_POINT('', (83.6278620335606, 39.6575106073508, 36.7754274537821));
#3780 = CARTESIAN_POINT('', (83.6080041233169, 39.680414894141, 36.7679068467282));
#3781 = CARTESIAN_POINT('', (83.5881462130732, 39.7033191809313, 36.7603862396742));
#3782 = CARTESIAN_POINT('', (83.5683072275835, 39.7266168646599, 36.7493057149349));
#3783 = CARTESIAN_POINT('', (83.5484850485753, 39.7502845473471, 36.7350509608302));
#3784 = CARTESIAN_POINT('', (83.5088406905591, 39.7976199127215, 36.7065414526207));
#3785 = CARTESIAN_POINT('', (83.4692636436591, 39.8464474496894, 36.6653470950917));
#3786 = CARTESIAN_POINT('', (83.4297383637567, 39.8964202882962, 36.6143926540543));
#3787 = CARTESIAN_POINT('', (83.350687803952, 39.9963659655099, 36.5124837719794));
#3788 = CARTESIAN_POINT('', (83.2718437885312, 40.100971251937, 36.3716133151417));
#3789 = CARTESIAN_POINT('', (83.193092465185, 40.2057328072223, 36.2134441926292));
#3790 = CARTESIAN_POINT('', (83.0355898184926, 40.4152559177928, 35.8971059476042));
#3791 = CARTESIAN_POINT('', (82.878476317718, 40.6221709846127, 35.5083283736509));
#3792 = CARTESIAN_POINT('', (82.7207843891258, 40.8, 35.23));
#3793 = CARTESIAN_POINT('', (83.730012547668, 39.7732592592593, 36.9));
#3794 = CARTESIAN_POINT('', (83.706011646789, 39.7927538882152, 36.9000006132705));
#3795 = CARTESIAN_POINT('', (83.7505727633902, 39.7457422793637, 36.7854460725238));
#3796 = CARTESIAN_POINT('', (83.7270233671398, 39.7662295604776, 36.777861329011));
#3797 = CARTESIAN_POINT('', (83.7034739708893, 39.7867168415914, 36.7702765854983));
#3798 = CARTESIAN_POINT('', (83.6801467683244, 39.8076952987529, 36.7591001437337));
#3799 = CARTESIAN_POINT('', (83.6570270375502, 39.8291353428778, 36.7447195357892));
#3800 = CARTESIAN_POINT('', (83.6107875760017, 39.8720154311276, 36.7159583199001));
#3801 = CARTESIAN_POINT('', (83.5653840161982, 39.9167568000259, 36.6743914810304));
#3802 = CARTESIAN_POINT('', (83.5206222186949, 39.9629268293483, 36.6229718681626));
#3803 = CARTESIAN_POINT('', (83.4310986236883, 40.0552668879932, 36.5201326424271));
#3804 = CARTESIAN_POINT('', (83.3441797367822, 40.1534177714958, 36.3779545255509));
#3805 = CARTESIAN_POINT('', (83.2574812025233, 40.2517981879825, 36.2184696375659));
#3806 = CARTESIAN_POINT('', (83.0840841340054, 40.4485590209561, 35.899499861596));
#3807 = CARTESIAN_POINT('', (82.9100122912055, 40.6422717159437, 35.5083287869578));
#3808 = CARTESIAN_POINT('', (82.7207843891258, 40.8, 35.23));
#3809 = CARTESIAN_POINT('', (83.8561660674858, 39.8536666666667, 36.9));
#3810 = CARTESIAN_POINT('', (83.8292460126586, 39.871300586736, 36.9000005054496));
#3811 = CARTESIAN_POINT('', (83.8641223629218, 39.838153487895, 36.8054833319473));
#3812 = CARTESIAN_POINT('', (83.8377889914701, 39.8567380578543, 36.79777032127));
#3813 = CARTESIAN_POINT('', (83.8114556200185, 39.8753226278135, 36.7900573105927));
#3814 = CARTESIAN_POINT('', (83.7854116618941, 39.8943776615373, 36.7786890460489));
#3815 = CARTESIAN_POINT('', (83.7596387031332, 39.9138748932015, 36.7640567339549));
#3816 = CARTESIAN_POINT('', (83.7080927856114, 39.9528693565298, 36.7347921097669));
#3817 = CARTESIAN_POINT('', (83.6576391491938, 39.9936469657688, 36.6924803177893));
#3818 = CARTESIAN_POINT('', (83.6080240190128, 40.0357932516623, 36.6401303672739));
#3819 = CARTESIAN_POINT('', (83.5087937586509, 40.1200858234492, 36.535430466243));
#3820 = CARTESIAN_POINT('', (83.4129699382, 40.209945569467, 36.3906370127726));
#3821 = CARTESIAN_POINT('', (83.3173659589181, 40.3000183224712, 36.2285205904569));
#3822 = CARTESIAN_POINT('', (83.1261580003542, 40.4801638284797, 35.9042877458256));
#3823 = CARTESIAN_POINT('', (82.9336651467275, 40.6573483390398, 35.5083296135715));
#3824 = CARTESIAN_POINT('', (82.7207843891258, 40.8, 35.23));
#3825 = CARTESIAN_POINT('', (83.9192428273947, 39.8938703703704, 36.9));
#3826 = CARTESIAN_POINT('', (83.8908631955934, 39.9105739359964, 36.9000004515392));
#3827 = CARTESIAN_POINT('', (83.9208971626876, 39.8843590921606, 36.8155019616591));
#3828 = CARTESIAN_POINT('', (83.8931718036353, 39.9019923065426, 36.8077248173995));
#3829 = CARTESIAN_POINT('', (83.8654464445831, 39.9196255209245, 36.7999476731399));
#3830 = CARTESIAN_POINT('', (83.838044108679, 39.9377188429294, 36.7884834972065));
#3831 = CARTESIAN_POINT('', (83.8109445359248, 39.9562446683633, 36.7737253330378));
#3832 = CARTESIAN_POINT('', (83.7567453904163, 39.9932963192309, 36.7442090047003));
#3833 = CARTESIAN_POINT('', (83.7037667156916, 40.0320920486402, 36.7015247361688));
#3834 = CARTESIAN_POINT('', (83.6517249191718, 40.0722264628192, 36.6487096168295));
#3835 = CARTESIAN_POINT('', (83.5476413261323, 40.1524952911772, 36.543079378151));
#3836 = CARTESIAN_POINT('', (83.447365038909, 40.2382094684526, 36.3969782563834));
#3837 = CARTESIAN_POINT('', (83.3473083371156, 40.3241283897155, 36.2335460669024));
#3838 = CARTESIAN_POINT('', (83.1471949335287, 40.4959662322414, 35.9066816879404));
#3839 = CARTESIAN_POINT('', (82.9454915744885, 40.6648866505879, 35.5083300268784));
#3840 = CARTESIAN_POINT('', (82.7207843891258, 40.8, 35.23));
#3841 = CARTESIAN_POINT('', (83.9823195873036, 39.9340740740741, 36.9));
#3842 = CARTESIAN_POINT('', (83.9527711872981, 39.950032626199, 36.9000003828382));
#3843 = CARTESIAN_POINT('', (83.9753720328197, 39.9316034317854, 36.8280252515413));
#3844 = CARTESIAN_POINT('', (83.9464776447505, 39.9484113662825, 36.820167941023));
#3845 = CARTESIAN_POINT('', (83.9175832566812, 39.9652193007797, 36.8123106305047));
#3846 = CARTESIAN_POINT('', (83.8890120721017, 39.9824477353984, 36.8007265667432));
#3847 = CARTESIAN_POINT('', (83.8607441525734, 40.0000715677359, 36.7858110879224));
#3848 = CARTESIAN_POINT('', (83.8042083135169, 40.0353192324109, 36.7559801302806));
#3849 = CARTESIAN_POINT('', (83.7488951723025, 40.0721614295439, 36.7128302672533));
#3850 = CARTESIAN_POINT('', (83.6945205762628, 40.1102275087182, 36.6594336876359));
#3851 = CARTESIAN_POINT('', (83.5857713841836, 40.1863596670669, 36.5526405284011));
#3852 = CARTESIAN_POINT('', (83.4808376872222, 40.2674707316318, 36.4049048191974));
#3853 = CARTESIAN_POINT('', (83.3760938494879, 40.3487574693267, 36.2398279203365));
#3854 = CARTESIAN_POINT('', (83.1666061740193, 40.5113309447164, 35.9096741226147));
#3855 = CARTESIAN_POINT('', (82.9553472227582, 40.6711689350772, 35.5083305435119));
#3856 = CARTESIAN_POINT('', (82.7207843891258, 40.8, 35.23));
#3857 = CARTESIAN_POINT('', (84.0453963472124, 39.9742777777778, 36.9));
#3858 = CARTESIAN_POINT('', (84.0150580778679, 39.9897328036127, 36.9000002987842));
#3859 = CARTESIAN_POINT('', (84.0268571643836, 39.9794468387466, 36.8430532027694));
#3860 = CARTESIAN_POINT('', (83.9970808970036, 39.9955964831786, 36.8350996936241));
#3861 = CARTESIAN_POINT('', (83.9673046296236, 40.0117461276107, 36.8271461844788));
#3862 = CARTESIAN_POINT('', (83.9378062938782, 40.0282397504737, 36.8154182570546));
#3863 = CARTESIAN_POINT('', (83.9085689563529, 40.0450569197024, 36.8003140011933));
#3864 = CARTESIAN_POINT('', (83.8500942813023, 40.0786912581599, 36.7701054894707));
#3865 = CARTESIAN_POINT('', (83.7926720274061, 40.113630440103, 36.7263969145187));
#3866 = CARTESIAN_POINT('', (83.7360575861604, 40.149571139548, 36.672302583491));
#3867 = CARTESIAN_POINT('', (83.622828703669, 40.2214525384381, 36.5641139214354));
#3868 = CARTESIAN_POINT('', (83.5128847505305, 40.2974086754855, 36.4144167047717));
#3869 = CARTESIAN_POINT('', (83.4030849217264, 40.373499187607, 36.247366154135));
#3870 = CARTESIAN_POINT('', (83.1834852641179, 40.5256802118499, 35.9132650528616));
#3871 = CARTESIAN_POINT('', (82.962246725207, 40.6755671422401, 35.5083311634722));
#3872 = CARTESIAN_POINT('', (82.7207843891258, 40.8, 35.23));
#3873 = CARTESIAN_POINT('', (84.0769347271669, 39.9943796296296, 36.9));
#3874 = CARTESIAN_POINT('', (84.0462015231528, 40.0095828923195, 36.9000002567572));
#3875 = CARTESIAN_POINT('', (84.0525997301656, 40.0033685422272, 36.8505671783835));
#3876 = CARTESIAN_POINT('', (84.0223825231302, 40.0191890416267, 36.8425655699247));
#3877 = CARTESIAN_POINT('', (83.9921653160949, 40.0350095410262, 36.8345639614659));
#3878 = CARTESIAN_POINT('', (83.9622034047664, 40.0511357580114, 36.8227641022103));
#3879 = CARTESIAN_POINT('', (83.9324813582426, 40.0675495956857, 36.8075654578288));
#3880 = CARTESIAN_POINT('', (83.873037265195, 40.1003772710343, 36.7771681690658));
#3881 = CARTESIAN_POINT('', (83.8145604549579, 40.1343649453825, 36.7331802381514));
#3882 = CARTESIAN_POINT('', (83.7568260911091, 40.1692429549629, 36.6787370314185));
#3883 = CARTESIAN_POINT('', (83.6413573634116, 40.2389989741238, 36.5698506179526));
#3884 = CARTESIAN_POINT('', (83.5289082821847, 40.3123776474123, 36.4191726475589));
#3885 = CARTESIAN_POINT('', (83.4165804578456, 40.3858700467471, 36.2511352710343));
#3886 = CARTESIAN_POINT('', (83.1919248091672, 40.5328548454167, 35.915060517985));
#3887 = CARTESIAN_POINT('', (82.9656964764314, 40.6777662458215, 35.5083314734524));
#3888 = CARTESIAN_POINT('', (82.7207843891258, 40.8, 35.23));
#3889 = CARTESIAN_POINT('', (84.1084731071213, 40.0144814814815, 36.9));
#3890 = CARTESIAN_POINT('', (84.0774388955929, 40.0294928444897, 36.9000002108919));
#3891 = CARTESIAN_POINT('', (84.0775933658784, 40.0274390594055, 36.858707319334));
#3892 = CARTESIAN_POINT('', (84.047006399097, 40.0429717740158, 36.8506536034696));
#3893 = CARTESIAN_POINT('', (84.0164194323156, 40.0585044886261, 36.8425998876052));
#3894 = CARTESIAN_POINT('', (83.986053852613, 40.0742954890148, 36.8307221025596));
#3895 = CARTESIAN_POINT('', (83.9558963931187, 40.0903295496336, 36.8154212040609));
#3896 = CARTESIAN_POINT('', (83.89558147413, 40.122397670871, 36.7848194070632));
#3897 = CARTESIAN_POINT('', (83.8361058976809, 40.1554461174125, 36.7405288408294));
#3898 = CARTESIAN_POINT('', (83.7772745507221, 40.1892469853198, 36.6857076856082));
#3899 = CARTESIAN_POINT('', (83.6596118568047, 40.2568487211346, 36.5760653751658));
#3900 = CARTESIAN_POINT('', (83.54456983466, 40.3275122311321, 36.4243249210362));
#3901 = CARTESIAN_POINT('', (83.4296225985648, 40.3982660155183, 36.2552184830246));
#3902 = CARTESIAN_POINT('', (83.1997281263742, 40.5397735842907, 35.9170056070016));
#3903 = CARTESIAN_POINT('', (82.9684071912006, 40.6794943300713, 35.5083318092642));
#3904 = CARTESIAN_POINT('', (82.7207843891258, 40.8, 35.23));
#3905 = CARTESIAN_POINT('', (84.1400114870758, 40.0345833333333, 36.9));
#3906 = CARTESIAN_POINT('', (84.1087759656241, 40.0494663380184, 36.9000001611179));
#3907 = CARTESIAN_POINT('', (84.1017420188567, 40.0515971685501, 36.8674736257679));
#3908 = CARTESIAN_POINT('', (84.0708605040935, 40.0668860284437, 36.8593637944444));
#3909 = CARTESIAN_POINT('', (84.0399789893303, 40.0821748883373, 36.8512539631209));
#3910 = CARTESIAN_POINT('', (84.0092727711649, 40.09766485179, 36.8392922584021));
#3911 = CARTESIAN_POINT('', (83.9787314113462, 40.1133441026835, 36.8238812402126));
#3912 = CARTESIAN_POINT('', (83.9176486917087, 40.1447026044705, 36.7930592038336));
#3913 = CARTESIAN_POINT('', (83.8572308838571, 40.1768245776681, 36.748442722987));
#3914 = CARTESIAN_POINT('', (83.7973234139085, 40.209532526769, 36.6932145465348));
#3915 = CARTESIAN_POINT('', (83.6775084740114, 40.2749484249708, 36.5827581936304));
#3916 = CARTESIAN_POINT('', (83.5597698305988, 40.3427489584846, 36.4298735256482));
#3917 = CARTESIAN_POINT('', (83.4421002021397, 40.4106162548765, 36.2596157905281));
#3918 = CARTESIAN_POINT('', (83.2067609452214, 40.5463508476604, 35.919100320288));
#3919 = CARTESIAN_POINT('', (82.9702556987233, 40.680672888706, 35.5083321709078));
#3920 = CARTESIAN_POINT('', (82.7207843891258, 40.8, 35.23));
#3921 = CARTESIAN_POINT('', (84.1715498670302, 40.0546851851852, 36.9));
#3922 = CARTESIAN_POINT('', (84.1401130356553, 40.069439831547, 36.900000111344));
#3923 = CARTESIAN_POINT('', (84.1258906718349, 40.0757552776947, 36.8762399322018));
#3924 = CARTESIAN_POINT('', (84.09471460909, 40.0908002828716, 36.8680739854192));
#3925 = CARTESIAN_POINT('', (84.063538546345, 40.1058452880485, 36.8599080386366));
#3926 = CARTESIAN_POINT('', (84.0324916897169, 40.1210342145651, 36.8478624142446));
#3927 = CARTESIAN_POINT('', (84.0015664295738, 40.1363586557334, 36.8323412763644));
#3928 = CARTESIAN_POINT('', (83.9397159092873, 40.1670075380701, 36.8012990006039));
#3929 = CARTESIAN_POINT('', (83.8783558700334, 40.1982030379237, 36.7563566051446));
#3930 = CARTESIAN_POINT('', (83.817372277095, 40.2298180682181, 36.7007214074614));
#3931 = CARTESIAN_POINT('', (83.6954050912182, 40.293048128807, 36.5894510120949));
#3932 = CARTESIAN_POINT('', (83.5749698265375, 40.3579856858371, 36.4354221302603));
#3933 = CARTESIAN_POINT('', (83.4545778057145, 40.4229664942348, 36.2640130980317));
#3934 = CARTESIAN_POINT('', (83.2137937640686, 40.5529281110301, 35.9211950335744));
#3935 = CARTESIAN_POINT('', (82.9721042062461, 40.6818514473408, 35.5083325325513));
#3936 = CARTESIAN_POINT('', (82.7207843891258, 40.8, 35.23));
#3937 = CARTESIAN_POINT('', (84.2030882469846, 40.074787037037, 36.9));
#3938 = CARTESIAN_POINT('', (84.171550137382, 40.0894770793898, 36.8652083909948));
#3939 = CARTESIAN_POINT('', (84.1491949685243, 40.1000013780975, 36.8203980291191));
#3940 = CARTESIAN_POINT('', (84.1177998240554, 40.1148466208427, 36.7856704939801));
#3941 = CARTESIAN_POINT('', (84.0864046795865, 40.1296918635879, 36.7509429588411));
#3942 = CARTESIAN_POINT('', (84.0550804310528, 40.1446140709172, 36.7162471995385));
#3943 = CARTESIAN_POINT('', (84.0238229659446, 40.159608786151, 36.6815813836858));
#3944 = CARTESIAN_POINT('', (83.961308035728, 40.1895982166185, 36.6122497519803));
#3945 = CARTESIAN_POINT('', (83.8990625295782, 40.2198801439979, 36.5430388917819));
#3946 = CARTESIAN_POINT('', (83.8370237990592, 40.2503865582109, 36.4739207251249));
#3947 = CARTESIAN_POINT('', (83.7129463380213, 40.3113993866367, 36.3356843918108));
#3948 = CARTESIAN_POINT('', (83.5897106046701, 40.3733260475125, 36.1978253993404));
#3949 = CARTESIAN_POINT('', (83.4664928767712, 40.4352722819146, 36.0599745010483));
#3950 = CARTESIAN_POINT('', (83.2200574209735, 40.5591647507186, 35.784272704464));
#3951 = CARTESIAN_POINT('', (82.9730905065225, 40.6824804803604, 35.5083329200265));
#3952 = CARTESIAN_POINT('', (82.7207843891258, 40.8, 35.23));
#3953 = CARTESIAN_POINT('', (84.2346266269391, 40.0948888888889, 36.9));
#3954 = CARTESIAN_POINT('', (84.2030882469846, 40.1095787037037, 36.8652083333333));
#3955 = CARTESIAN_POINT('', (84.1715498670302, 40.1242685185185, 36.8304166666667));
#3956 = CARTESIAN_POINT('', (84.1400114870758, 40.1389583333333, 36.795625));
#3957 = CARTESIAN_POINT('', (84.1084731071213, 40.1536481481482, 36.7608333333333));
#3958 = CARTESIAN_POINT('', (84.0769347271669, 40.168337962963, 36.7260416666667));
#3959 = CARTESIAN_POINT('', (84.0453963472124, 40.1830277777778, 36.69125));
#3960 = CARTESIAN_POINT('', (83.9823195873035, 40.2124074074074, 36.6216666666667));
#3961 = CARTESIAN_POINT('', (83.9192428273946, 40.241787037037, 36.5520833333333));
#3962 = CARTESIAN_POINT('', (83.8561660674858, 40.2711666666667, 36.4825));
#3963 = CARTESIAN_POINT('', (83.730012547668, 40.3299259259259, 36.3433333333333));
#3964 = CARTESIAN_POINT('', (83.6038590278502, 40.3886851851852, 36.2041666666667));
#3965 = CARTESIAN_POINT('', (83.4777055080324, 40.4474444444445, 36.065));
#3966 = CARTESIAN_POINT('', (83.2253984683969, 40.564962962963, 35.7866666666667));
#3967 = CARTESIAN_POINT('', (82.9730914287613, 40.6824814814815, 35.5083333333333));
#3968 = CARTESIAN_POINT('', (82.7207843891258, 40.8, 35.23));
#3969 = ADVANCED_FACE('', (#3970), #3980, .T.);
#3970 = FACE_OUTER_BOUND('', #3971, .T.);
#3971 = EDGE_LOOP('', (#3972, #3973, #3978, #3979));
#3972 = ORIENTED_EDGE('', *, *, #1215, .T.);
#3973 = ORIENTED_EDGE('', *, *, #3974, .T.);
#3974 = EDGE_CURVE('', #1216, #2934, #3975, .T.);
#3975 = B_SPLINE_CURVE_WITH_KNOTS('', 1, (#3976, #3977), .UNSPECIFIED., .F., .U., (2, 2), (0., 1.), .UNSPECIFIED.);
#3976 = CARTESIAN_POINT('', (63.1, 40.8, 35.23));
#3977 = CARTESIAN_POINT('', (63.1, 39.13, 36.9));
#3978 = ORIENTED_EDGE('', *, *, #2933, .F.);
#3979 = ORIENTED_EDGE('', *, *, #3562, .F.);
#3980 = B_SPLINE_SURFACE_WITH_KNOTS('', 1, 1, ((#3981, #3982), (#3983, #3984)), .UNSPECIFIED., .F., .F., .U., (2, 2), (2, 2), (0., 19.6207843891258), (0., 1.), .UNSPECIFIED.);
#3981 = CARTESIAN_POINT('', (82.7207843891258, 40.8, 35.23));
#3982 = CARTESIAN_POINT('', (82.7207843891258, 39.13, 36.9));
#3983 = CARTESIAN_POINT('', (63.1, 40.8, 35.23));
#3984 = CARTESIAN_POINT('', (63.1, 39.13, 36.9));
#3985 = ADVANCED_FACE('', (#3986), #4067, .T.);
#3986 = FACE_OUTER_BOUND('', #3987, .T.);
#3987 = EDGE_LOOP('', (#3988, #3989, #3990, #4062));
#3988 = ORIENTED_EDGE('', *, *, #2942, .F.);
#3989 = ORIENTED_EDGE('', *, *, #3974, .F.);
#3990 = ORIENTED_EDGE('', *, *, #3991, .T.);
#3991 = EDGE_CURVE('', #1216, #3992, #3994, .T.);
#3992 = VERTEX_POINT('', #3993);
#3993 = CARTESIAN_POINT('', (59.1, 44.8, 35.23));
#3994 = B_SPLINE_CURVE_WITH_KNOTS('', 3, (#3995, #3996, #3997, #3998, #3999, #4000, #4001, #4002, #4003, #4004, #4005, #4006, #4007, #4008, #4009, #4010, #4011, #4012, #4013, #4014, #4015, #4016, #4017, #4018, #4019, #4020, #4021, #4022, #4023, #4024, #4025, #4026, #4027, #4028, #4029, #4030, #4031, #4032, #4033, #4034, #4035, #4036, #4037, #4038, #4039, #4040, #4041, #4042, #4043, #4044, #4045, #4046, #4047, #4048, #4049, #4050, #4051, #4052, #4053, #4054, #4055, #4056, #4057, #4058, #4059, #4060, #4061), .UNSPECIFIED., .F., .U., (4, 3, 3, 3, 3, 3, 3, 3, 3, 3, 3, 3, 3, 3, 3, 3, 3, 3, 3, 3, 3, 3, 4), (0., 0.437893890380859, 0.875787780761719, 1.31368167114258, 1.75157556152344, 2.1894694519043, 2.62736334228516, 3.06525723266602, 3.50315112304688, 3.94104501342774, 4.37893890380859, 4.81683279418945, 5.25472668457031, 5.69262057495117, 6.13051446533203, 6.56840835571289, 7.00630224609375, 7.44419613647461, 7.88209002685547, 8.31998391723633, 8.53893086242676, 8.75787780761719, 8.89767409058968), .UNSPECIFIED.);
#3995 = CARTESIAN_POINT('', (63.1, 40.8, 35.23));
#3996 = CARTESIAN_POINT('', (62.9970267159598, 40.8, 35.23));
#3997 = CARTESIAN_POINT('', (62.8937458822543, 40.803994152139, 35.23));
#3998 = CARTESIAN_POINT('', (62.7910801478794, 40.8119467750586, 35.23));
#3999 = CARTESIAN_POINT('', (62.6884144135046, 40.8198993979781, 35.23));
#4000 = CARTESIAN_POINT('', (62.5857505162432, 40.8318579957766, 35.23));
#4001 = CARTESIAN_POINT('', (62.4840055937511, 40.8477157375171, 35.23));
#4002 = CARTESIAN_POINT('', (62.3822606712591, 40.8635734792575, 35.23));
#4003 = CARTESIAN_POINT('', (62.2808269616853, 40.8834250893767, 35.23));
#4004 = CARTESIAN_POINT('', (62.1806106129272, 40.9070932255013, 35.23));
#4005 = CARTESIAN_POINT('', (62.0803942641691, 40.9307613616259, 35.23));
#4006 = CARTESIAN_POINT('', (61.9807966451388, 40.9583874027053, 35.23));
#4007 = CARTESIAN_POINT('', (61.8827075012026, 40.9897245542649, 35.23));
#4008 = CARTESIAN_POINT('', (61.7846183572663, 41.0210617058246, 35.23));
#4009 = CARTESIAN_POINT('', (61.687451763955, 41.0562971568149, 35.23));
#4010 = CARTESIAN_POINT('', (61.5920757493097, 41.0951161348593, 35.23));
#4011 = CARTESIAN_POINT('', (61.4966997346645, 41.1339351129036, 35.23));
#4012 = CARTESIAN_POINT('', (61.4025445807888, 41.1765694988013, 35.23));
#4013 = CARTESIAN_POINT('', (61.3104514133311, 41.222638422531, 35.23));
#4014 = CARTESIAN_POINT('', (61.2183582458733, 41.2687073462607, 35.23));
#4015 = CARTESIAN_POINT('', (61.1277769566553, 41.3184859953569, 35.23));
#4016 = CARTESIAN_POINT('', (61.039516744563, 41.3715296772374, 35.23));
#4017 = CARTESIAN_POINT('', (60.9512565324707, 41.4245733591179, 35.23));
#4018 = CARTESIAN_POINT('', (60.8647901850539, 41.4811989242507, 35.23));
#4019 = CARTESIAN_POINT('', (60.7808901407773, 41.5409005138143, 35.23));
#4020 = CARTESIAN_POINT('', (60.6969900965008, 41.6006021033778, 35.23));
#4021 = CARTESIAN_POINT('', (60.6151551878863, 41.6637363381026, 35.23));
#4022 = CARTESIAN_POINT('', (60.5361164789037, 41.7297392146186, 35.23));
#4023 = CARTESIAN_POINT('', (60.4570777699211, 41.7957420911345, 35.23));
#4024 = CARTESIAN_POINT('', (60.3803631317317, 41.865007870201, 35.23));
#4025 = CARTESIAN_POINT('', (60.3066578868816, 41.9369177729099, 35.23));
#4026 = CARTESIAN_POINT('', (60.2329526420314, 42.0088276756188, 35.23));
#4027 = CARTESIAN_POINT('', (60.1618165205301, 42.0838112476861, 35.23));
#4028 = CARTESIAN_POINT('', (60.0938850098029, 42.1611986308719, 35.23));
#4029 = CARTESIAN_POINT('', (60.0259534990757, 42.2385860140576, 35.23));
#4030 = CARTESIAN_POINT('', (59.9608208178836, 42.3188394731915, 35.23));
#4031 = CARTESIAN_POINT('', (59.8990688225183, 42.4012420720244, 35.23));
#4032 = CARTESIAN_POINT('', (59.837316827153, 42.4836446708574, 35.23));
#4033 = CARTESIAN_POINT('', (59.7785766490156, 42.5686886320458, 35.23));
#4034 = CARTESIAN_POINT('', (59.7233730376113, 42.6556142238697, 35.23));
#4035 = CARTESIAN_POINT('', (59.668169426207, 42.7425398156937, 35.23));
#4036 = CARTESIAN_POINT('', (59.6161726289719, 42.8318662783994, 35.23));
#4037 = CARTESIAN_POINT('', (59.5678471540925, 42.9227956229681, 35.23));
#4038 = CARTESIAN_POINT('', (59.5195216792131, 43.0137249675368, 35.23));
#4039 = CARTESIAN_POINT('', (59.4745788599005, 43.1068003501815, 35.23));
#4040 = CARTESIAN_POINT('', (59.433420188335, 43.2011902912822, 35.23));
#4041 = CARTESIAN_POINT('', (59.3922615167695, 43.2955802323828, 35.23));
#4042 = CARTESIAN_POINT('', (59.3546411362557, 43.3918485596365, 35.23));
#4043 = CARTESIAN_POINT('', (59.3208951246995, 43.489135269572, 35.23));
#4044 = CARTESIAN_POINT('', (59.2871491131434, 43.5864219795074, 35.23));
#4045 = CARTESIAN_POINT('', (59.2570758925403, 43.6853082033446, 35.23));
#4046 = CARTESIAN_POINT('', (59.230944118998, 43.7849105508951, 35.23));
#4047 = CARTESIAN_POINT('', (59.2048123454558, 43.8845128984455, 35.23));
#4048 = CARTESIAN_POINT('', (59.1824659237643, 43.9854263331299, 35.23));
#4049 = CARTESIAN_POINT('', (59.1641044834462, 44.0867493548745, 35.23));
#4050 = CARTESIAN_POINT('', (59.1457430431281, 44.1880723766192, 35.23));
#4051 = CARTESIAN_POINT('', (59.1312569041849, 44.2904102270985, 35.23));
#4052 = CARTESIAN_POINT('', (59.1207754770895, 44.3928486813628, 35.23));
#4053 = CARTESIAN_POINT('', (59.1155347635419, 44.444067908495, 35.23));
#4054 = CARTESIAN_POINT('', (59.1112713663512, 44.4955418560515, 35.23));
#4055 = CARTESIAN_POINT('', (59.1080138753249, 44.5469253461891, 35.23));
#4056 = CARTESIAN_POINT('', (59.1047563842986, 44.5983088363267, 35.23));
#4057 = CARTESIAN_POINT('', (59.1024853229975, 44.649909089361, 35.23));
#4058 = CARTESIAN_POINT('', (59.1012159208742, 44.7013800804604, 35.23));
#4059 = CARTESIAN_POINT('', (59.1004054153963, 44.7342439929044, 35.23));
#4060 = CARTESIAN_POINT('', (59.1, 44.7671260945391, 35.23));
#4061 = CARTESIAN_POINT('', (59.1, 44.8, 35.23));
#4062 = ORIENTED_EDGE('', *, *, #4063, .T.);
#4063 = EDGE_CURVE('', #3992, #2943, #4064, .T.);
#4064 = B_SPLINE_CURVE_WITH_KNOTS('', 1, (#4065, #4066), .UNSPECIFIED., .F., .U., (2, 2), (0., 1.), .UNSPECIFIED.);
#4065 = CARTESIAN_POINT('', (59.1, 44.8, 35.23));
#4066 = CARTESIAN_POINT('', (57.43, 44.8, 36.9));
#4067 = B_SPLINE_SURFACE_WITH_KNOTS('', 1, 3, ((#4068, #4069, #4070, #4071, #4072, #4073, #4074, #4075, #4076, #4077, #4078, #4079, #4080, #4081, #4082, #4083, #4084, #4085, #4086, #4087, #4088, #4089, #4090, #4091, #4092, #4093, #4094, #4095, #4096, #4097, #4098, #4099, #4100, #4101, #4102, #4103, #4104, #4105, #4106, #4107, #4108, #4109, #4110, #4111, #4112, #4113, #4114, #4115, #4116, #4117, #4118, #4119, #4120, #4121, #4122, #4123, #4124, #4125, #4126, #4127, #4128, #4129, #4130, #4131, #4132, #4133, #4134), (#4135, #4136, #4137, #4138, #4139, #4140, #4141, #4142, #4143, #4144, #4145, #4146, #4147, #4148, #4149, #4150, #4151, #4152, #4153, #4154, #4155, #4156, #4157, #4158, #4159, #4160, #4161, #4162, #4163, #4164, #4165, #4166, #4167, #4168, #4169, #4170, #4171, #4172, #4173, #4174, #4175, #4176, #4177, #4178, #4179, #4180, #4181, #4182, #4183, #4184, #4185, #4186, #4187, #4188, #4189, #4190, #4191, #4192, #4193, #4194, #4195, #4196, #4197, #4198, #4199, #4200, #4201)), .UNSPECIFIED., .F., .F., .U., (2, 2), (4, 3, 3, 3, 3, 3, 3, 3, 3, 3, 3, 3, 3, 3, 3, 3, 3, 3, 3, 3, 3, 3, 4), (0., 1.), (0., 0.437893890380859, 0.875787780761719, 1.31368167114258, 1.75157556152344, 2.1894694519043, 2.62736334228516, 3.06525723266602, 3.50315112304688, 3.94104501342774, 4.37893890380859, 4.81683279418945, 5.25472668457031, 5.69262057495117, 6.13051446533203, 6.56840835571289, 7.00630224609375, 7.44419613647461, 7.88209002685547, 8.31998391723633, 8.53893086242676, 8.75787780761719, 8.89767409058968), .UNSPECIFIED.);
#4068 = CARTESIAN_POINT('', (63.1, 39.13, 36.9));
#4069 = CARTESIAN_POINT('', (62.954035369873, 39.13, 36.9));
#4070 = CARTESIAN_POINT('', (62.8076347880954, 39.135661710657, 36.9));
#4071 = CARTESIAN_POINT('', (62.6621061096191, 39.1469345536454, 36.9));
#4072 = CARTESIAN_POINT('', (62.5165774311428, 39.1582073966338, 36.9));
#4073 = CARTESIAN_POINT('', (62.3710513567747, 39.1751587090133, 36.9));
#4074 = CARTESIAN_POINT('', (62.2268279291422, 39.1976370579304, 36.9));
#4075 = CARTESIAN_POINT('', (62.0826045015098, 39.2201154068475, 36.9));
#4076 = CARTESIAN_POINT('', (61.9388222181889, 39.2482550641914, 36.9));
#4077 = CARTESIAN_POINT('', (61.7967655438243, 39.2818046471481, 36.9));
#4078 = CARTESIAN_POINT('', (61.6547088694597, 39.3153542301048, 36.9));
#4079 = CARTESIAN_POINT('', (61.5135292444843, 39.3545141433347, 36.9));
#4080 = CARTESIAN_POINT('', (61.3744878829546, 39.3989345556705, 36.9));
#4081 = CARTESIAN_POINT('', (61.235446521425, 39.4433549680064, 36.9));
#4082 = CARTESIAN_POINT('', (61.0977128754062, 39.4933012197851, 36.9));
#4083 = CARTESIAN_POINT('', (60.9625173746465, 39.548327121163, 36.9));
#4084 = CARTESIAN_POINT('', (60.8273218738869, 39.6033530225409, 36.9));
#4085 = CARTESIAN_POINT('', (60.6938569432682, 39.6637872645509, 36.9));
#4086 = CARTESIAN_POINT('', (60.5633148783968, 39.7290899639378, 36.9));
#4087 = CARTESIAN_POINT('', (60.4327728135254, 39.7943926633246, 36.9));
#4088 = CARTESIAN_POINT('', (60.3043738360589, 39.8649538984184, 36.9));
#4089 = CARTESIAN_POINT('', (60.1792649854181, 39.940143317484, 36.9));
#4090 = CARTESIAN_POINT('', (60.0541561347773, 40.0153327365497, 36.9));
#4091 = CARTESIAN_POINT('', (59.9315900873139, 40.0955994751254, 36.9));
#4092 = CARTESIAN_POINT('', (59.8126617745519, 40.1802264783317, 36.9));
#4093 = CARTESIAN_POINT('', (59.6937334617899, 40.264853481538, 36.9));
#4094 = CARTESIAN_POINT('', (59.5777324788289, 40.3543462592605, 36.9));
#4095 = CARTESIAN_POINT('', (59.465695108846, 40.4479053367218, 36.9));
#4096 = CARTESIAN_POINT('', (59.3536577388632, 40.5414644141832, 36.9));
#4097 = CARTESIAN_POINT('', (59.2449147392297, 40.63964865601, 36.9));
#4098 = CARTESIAN_POINT('', (59.1404375546546, 40.7415809430998, 36.9));
#4099 = CARTESIAN_POINT('', (59.0359603700796, 40.8435132301897, 36.9));
#4100 = CARTESIAN_POINT('', (58.9351249178515, 40.9498024435951, 36.9));
#4101 = CARTESIAN_POINT('', (58.8388320013956, 41.0594990592609, 36.9));
#4102 = CARTESIAN_POINT('', (58.7425390849398, 41.1691956749267, 36.9));
#4103 = CARTESIAN_POINT('', (58.65021350935, 41.2829549532489, 36.9));
#4104 = CARTESIAN_POINT('', (58.5626800559197, 41.3997606370946, 36.9));
#4105 = CARTESIAN_POINT('', (58.4751466024894, 41.5165663209404, 36.9));
#4106 = CARTESIAN_POINT('', (58.3918823999797, 41.6371161359249, 36.9));
#4107 = CARTESIAN_POINT('', (58.3136312808141, 41.7603331623353, 36.9));
#4108 = CARTESIAN_POINT('', (58.2353801616485, 41.8835501887458, 36.9));
#4109 = CARTESIAN_POINT('', (58.1616747015677, 42.0101704496311, 36.9));
#4110 = CARTESIAN_POINT('', (58.0931733409262, 42.1390627955573, 36.9));
#4111 = CARTESIAN_POINT('', (58.0246719802846, 42.2679551414835, 36.9));
#4112 = CARTESIAN_POINT('', (57.9609655339089, 42.3998894963823, 36.9));
#4113 = CARTESIAN_POINT('', (57.9026231169648, 42.5336872378924, 36.9));
#4114 = CARTESIAN_POINT('', (57.8442807000207, 42.6674849794026, 36.9));
#4115 = CARTESIAN_POINT('', (57.7909538106424, 42.8039453332847, 36.9));
#4116 = CARTESIAN_POINT('', (57.7431188392616, 42.9418492446182, 36.9));
#4117 = CARTESIAN_POINT('', (57.6952838678807, 43.0797531559518, 36.9));
#4118 = CARTESIAN_POINT('', (57.6526550776758, 43.219924378241, 36.9));
#4119 = CARTESIAN_POINT('', (57.6156132886797, 43.3611107058937, 36.9));
#4120 = CARTESIAN_POINT('', (57.5785714996836, 43.5022970335465, 36.9));
#4121 = CARTESIAN_POINT('', (57.5468954469358, 43.6453418272116, 36.9));
#4122 = CARTESIAN_POINT('', (57.520868105285, 43.7889672105347, 36.9));
#4123 = CARTESIAN_POINT('', (57.4948407636341, 43.9325925938577, 36.9));
#4124 = CARTESIAN_POINT('', (57.4743066616819, 44.0776564969122, 36.9));
#4125 = CARTESIAN_POINT('', (57.4594492387743, 44.2228630058319, 36.9));
#4126 = CARTESIAN_POINT('', (57.4520205273204, 44.2954662602917, 36.9));
#4127 = CARTESIAN_POINT('', (57.4459771618028, 44.368430580953, 36.9));
#4128 = CARTESIAN_POINT('', (57.4413596682731, 44.441266678223, 36.9));
#4129 = CARTESIAN_POINT('', (57.4367421747433, 44.5141027754931, 36.9));
#4130 = CARTESIAN_POINT('', (57.4335229453487, 44.5872461341694, 36.9));
#4131 = CARTESIAN_POINT('', (57.4317235678389, 44.6602062640527, 36.9));
#4132 = CARTESIAN_POINT('', (57.430574676324, 44.706790859942, 36.9));
#4133 = CARTESIAN_POINT('', (57.43, 44.7534012390092, 36.9));
#4134 = CARTESIAN_POINT('', (57.43, 44.8, 36.9));
#4135 = CARTESIAN_POINT('', (63.1, 40.8, 35.23));
#4136 = CARTESIAN_POINT('', (62.9970267159598, 40.8, 35.23));
#4137 = CARTESIAN_POINT('', (62.8937458822543, 40.803994152139, 35.23));
#4138 = CARTESIAN_POINT('', (62.7910801478794, 40.8119467750586, 35.23));
#4139 = CARTESIAN_POINT('', (62.6884144135046, 40.8198993979781, 35.23));
#4140 = CARTESIAN_POINT('', (62.5857505162432, 40.8318579957766, 35.23));
#4141 = CARTESIAN_POINT('', (62.4840055937511, 40.8477157375171, 35.23));
#4142 = CARTESIAN_POINT('', (62.3822606712591, 40.8635734792575, 35.23));
#4143 = CARTESIAN_POINT('', (62.2808269616853, 40.8834250893767, 35.23));
#4144 = CARTESIAN_POINT('', (62.1806106129272, 40.9070932255013, 35.23));
#4145 = CARTESIAN_POINT('', (62.0803942641691, 40.9307613616259, 35.23));
#4146 = CARTESIAN_POINT('', (61.9807966451388, 40.9583874027053, 35.23));
#4147 = CARTESIAN_POINT('', (61.8827075012026, 40.9897245542649, 35.23));
#4148 = CARTESIAN_POINT('', (61.7846183572663, 41.0210617058246, 35.23));
#4149 = CARTESIAN_POINT('', (61.687451763955, 41.0562971568149, 35.23));
#4150 = CARTESIAN_POINT('', (61.5920757493097, 41.0951161348593, 35.23));
#4151 = CARTESIAN_POINT('', (61.4966997346645, 41.1339351129036, 35.23));
#4152 = CARTESIAN_POINT('', (61.4025445807888, 41.1765694988013, 35.23));
#4153 = CARTESIAN_POINT('', (61.3104514133311, 41.222638422531, 35.23));
#4154 = CARTESIAN_POINT('', (61.2183582458733, 41.2687073462607, 35.23));
#4155 = CARTESIAN_POINT('', (61.1277769566553, 41.3184859953569, 35.23));
#4156 = CARTESIAN_POINT('', (61.039516744563, 41.3715296772374, 35.23));
#4157 = CARTESIAN_POINT('', (60.9512565324707, 41.4245733591179, 35.23));
#4158 = CARTESIAN_POINT('', (60.8647901850539, 41.4811989242507, 35.23));
#4159 = CARTESIAN_POINT('', (60.7808901407773, 41.5409005138143, 35.23));
#4160 = CARTESIAN_POINT('', (60.6969900965008, 41.6006021033778, 35.23));
#4161 = CARTESIAN_POINT('', (60.6151551878863, 41.6637363381026, 35.23));
#4162 = CARTESIAN_POINT('', (60.5361164789037, 41.7297392146186, 35.23));
#4163 = CARTESIAN_POINT('', (60.4570777699211, 41.7957420911345, 35.23));
#4164 = CARTESIAN_POINT('', (60.3803631317317, 41.865007870201, 35.23));
#4165 = CARTESIAN_POINT('', (60.3066578868816, 41.9369177729099, 35.23));
#4166 = CARTESIAN_POINT('', (60.2329526420314, 42.0088276756188, 35.23));
#4167 = CARTESIAN_POINT('', (60.1618165205301, 42.0838112476861, 35.23));
#4168 = CARTESIAN_POINT('', (60.0938850098029, 42.1611986308719, 35.23));
#4169 = CARTESIAN_POINT('', (60.0259534990757, 42.2385860140576, 35.23));
#4170 = CARTESIAN_POINT('', (59.9608208178836, 42.3188394731915, 35.23));
#4171 = CARTESIAN_POINT('', (59.8990688225183, 42.4012420720244, 35.23));
#4172 = CARTESIAN_POINT('', (59.837316827153, 42.4836446708574, 35.23));
#4173 = CARTESIAN_POINT('', (59.7785766490156, 42.5686886320458, 35.23));
#4174 = CARTESIAN_POINT('', (59.7233730376113, 42.6556142238697, 35.23));
#4175 = CARTESIAN_POINT('', (59.668169426207, 42.7425398156937, 35.23));
#4176 = CARTESIAN_POINT('', (59.6161726289719, 42.8318662783994, 35.23));
#4177 = CARTESIAN_POINT('', (59.5678471540925, 42.9227956229681, 35.23));
#4178 = CARTESIAN_POINT('', (59.5195216792131, 43.0137249675368, 35.23));
#4179 = CARTESIAN_POINT('', (59.4745788599005, 43.1068003501815, 35.23));
#4180 = CARTESIAN_POINT('', (59.433420188335, 43.2011902912822, 35.23));
#4181 = CARTESIAN_POINT('', (59.3922615167695, 43.2955802323828, 35.23));
#4182 = CARTESIAN_POINT('', (59.3546411362557, 43.3918485596365, 35.23));
#4183 = CARTESIAN_POINT('', (59.3208951246995, 43.489135269572, 35.23));
#4184 = CARTESIAN_POINT('', (59.2871491131434, 43.5864219795074, 35.23));
#4185 = CARTESIAN_POINT('', (59.2570758925403, 43.6853082033446, 35.23));
#4186 = CARTESIAN_POINT('', (59.230944118998, 43.7849105508951, 35.23));
#4187 = CARTESIAN_POINT('', (59.2048123454558, 43.8845128984455, 35.23));
#4188 = CARTESIAN_POINT('', (59.1824659237643, 43.9854263331299, 35.23));
#4189 = CARTESIAN_POINT('', (59.1641044834462, 44.0867493548745, 35.23));
#4190 = CARTESIAN_POINT('', (59.1457430431281, 44.1880723766192, 35.23));
#4191 = CARTESIAN_POINT('', (59.1312569041849, 44.2904102270985, 35.23));
#4192 = CARTESIAN_POINT('', (59.1207754770895, 44.3928486813628, 35.23));
#4193 = CARTESIAN_POINT('', (59.1155347635419, 44.444067908495, 35.23));
#4194 = CARTESIAN_POINT('', (59.1112713663512, 44.4955418560515, 35.23));
#4195 = CARTESIAN_POINT('', (59.1080138753249, 44.5469253461891, 35.23));
#4196 = CARTESIAN_POINT('', (59.1047563842986, 44.5983088363267, 35.23));
#4197 = CARTESIAN_POINT('', (59.1024853229975, 44.649909089361, 35.23));
#4198 = CARTESIAN_POINT('', (59.1012159208742, 44.7013800804604, 35.23));
#4199 = CARTESIAN_POINT('', (59.1004054153963, 44.7342439929044, 35.23));
#4200 = CARTESIAN_POINT('', (59.1, 44.7671260945391, 35.23));
#4201 = CARTESIAN_POINT('', (59.1, 44.8, 35.23));
#4202 = ADVANCED_FACE('', (#4203), #4213, .T.);
#4203 = FACE_OUTER_BOUND('', #4204, .T.);
#4204 = EDGE_LOOP('', (#4205, #4206, #4211, #4212));
#4205 = ORIENTED_EDGE('', *, *, #1267, .T.);
#4206 = ORIENTED_EDGE('', *, *, #4207, .T.);
#4207 = EDGE_CURVE('', #1268, #3992, #4208, .T.);
#4208 = B_SPLINE_CURVE_WITH_KNOTS('', 1, (#4209, #4210), .UNSPECIFIED., .F., .U., (2, 2), (0.043717277486911, 0.956282722513089), .UNSPECIFIED.);
#4209 = CARTESIAN_POINT('', (59.1, 44.8, 0.37));
#4210 = CARTESIAN_POINT('', (59.1, 44.8, 35.23));
#4211 = ORIENTED_EDGE('', *, *, #3991, .F.);
#4212 = ORIENTED_EDGE('', *, *, #1234, .F.);
#4213 = (
   BOUNDED_SURFACE ()
   B_SPLINE_SURFACE (1, 2, ((#4214, #4215, #4216), (#4217, #4218, #4219)), .UNSPECIFIED., .F., .F., .U.)
   B_SPLINE_SURFACE_WITH_KNOTS ((2, 2), (3, 3), (1.77, 36.63), (12.5663706143592, 18.8495559215387), .UNSPECIFIED.)
   GEOMETRIC_REPRESENTATION_ITEM ()
   RATIONAL_B_SPLINE_SURFACE (((1., 0.707106781186546, 1.), (1., 0.707106781186546, 1.)))
   REPRESENTATION_ITEM ('')
   SURFACE ()
);
#4214 = CARTESIAN_POINT('', (59.1, 44.8, 0.369999999999997));
#4215 = CARTESIAN_POINT('', (59.1, 40.8, 0.369999999999997));
#4216 = CARTESIAN_POINT('', (63.1, 40.8, 0.369999999999997));
#4217 = CARTESIAN_POINT('', (59.1, 44.8, 35.23));
#4218 = CARTESIAN_POINT('', (59.1, 40.8, 35.23));
#4219 = CARTESIAN_POINT('', (63.1, 40.8, 35.23));
#4220 = ADVANCED_FACE('', (#4221), #4239, .T.);
#4221 = FACE_OUTER_BOUND('', #4222, .T.);
#4222 = EDGE_LOOP('', (#4223, #4224, #4231, #4238));
#4223 = ORIENTED_EDGE('', *, *, #1492, .T.);
#4224 = ORIENTED_EDGE('', *, *, #4225, .T.);
#4225 = EDGE_CURVE('', #1486, #4226, #4228, .T.);
#4226 = VERTEX_POINT('', #4227);
#4227 = CARTESIAN_POINT('', (59.1, 63.2, 35.23));
#4228 = B_SPLINE_CURVE_WITH_KNOTS('', 1, (#4229, #4230), .UNSPECIFIED., .F., .U., (2, 2), (0.043717277486911, 0.956282722513089), .UNSPECIFIED.);
#4229 = CARTESIAN_POINT('', (59.1, 63.2, 0.37));
#4230 = CARTESIAN_POINT('', (59.1, 63.2, 35.23));
#4231 = ORIENTED_EDGE('', *, *, #4232, .F.);
#4232 = EDGE_CURVE('', #3992, #4226, #4233, .T.);
#4233 = B_SPLINE_CURVE_WITH_KNOTS('', 3, (#4234, #4235, #4236, #4237), .UNSPECIFIED., .F., .U., (4, 4), (0., 18.4), .UNSPECIFIED.);
#4234 = CARTESIAN_POINT('', (59.1, 44.8, 35.23));
#4235 = CARTESIAN_POINT('', (59.1, 50.9333333333333, 35.23));
#4236 = CARTESIAN_POINT('', (59.1, 57.0666666666667, 35.23));
#4237 = CARTESIAN_POINT('', (59.1, 63.2, 35.23));
#4238 = ORIENTED_EDGE('', *, *, #4207, .F.);
#4239 = B_SPLINE_SURFACE_WITH_KNOTS('', 1, 1, ((#4240, #4241), (#4242, #4243)), .UNSPECIFIED., .F., .F., .U., (2, 2), (2, 2), (0.544554455445544, 1.), (0.043717277486911, 0.956282722513089), .UNSPECIFIED.);
#4240 = CARTESIAN_POINT('', (59.1, 44.8, 0.37));
#4241 = CARTESIAN_POINT('', (59.1, 44.8, 35.23));
#4242 = CARTESIAN_POINT('', (59.1, 63.2, 0.37));
#4243 = CARTESIAN_POINT('', (59.1, 63.2, 35.23));
#4244 = ADVANCED_FACE('', (#4245), #4317, .T.);
#4245 = FACE_OUTER_BOUND('', #4246, .T.);
#4246 = EDGE_LOOP('', (#4247, #4248, #4255, #4316));
#4247 = ORIENTED_EDGE('', *, *, #1516, .T.);
#4248 = ORIENTED_EDGE('', *, *, #4249, .T.);
#4249 = EDGE_CURVE('', #1510, #4250, #4252, .T.);
#4250 = VERTEX_POINT('', #4251);
#4251 = CARTESIAN_POINT('', (56.4, 65.9, 35.23));
#4252 = B_SPLINE_CURVE_WITH_KNOTS('', 1, (#4253, #4254), .UNSPECIFIED., .F., .U., (2, 2), (0.043717277486911, 0.956282722513089), .UNSPECIFIED.);
#4253 = CARTESIAN_POINT('', (56.4, 65.9, 0.37));
#4254 = CARTESIAN_POINT('', (56.4, 65.9, 35.23));
#4255 = ORIENTED_EDGE('', *, *, #4256, .F.);
#4256 = EDGE_CURVE('', #4226, #4250, #4257, .T.);
#4257 = B_SPLINE_CURVE_WITH_KNOTS('', 3, (#4258, #4259, #4260, #4261, #4262, #4263, #4264, #4265, #4266, #4267, #4268, #4269, #4270, #4271, #4272, #4273, #4274, #4275, #4276, #4277, #4278, #4279, #4280, #4281, #4282, #4283, #4284, #4285, #4286, #4287, #4288, #4289, #4290, #4291, #4292, #4293, #4294, #4295, #4296, #4297, #4298, #4299, #4300, #4301, #4302, #4303, #4304, #4305, #4306, #4307, #4308, #4309, #4310, #4311, #4312, #4313, #4314, #4315), .UNSPECIFIED., .F., .U., (4, 3, 3, 3, 3, 3, 3, 3, 3, 3, 3, 3, 3, 3, 3, 3, 3, 3, 3, 4), (0., 0.08649755859375, 0.1729951171875, 0.25949267578125, 0.345990234375, 0.43248779296875, 0.5189853515625, 0.60548291015625, 0.69198046875, 0.77847802734375, 0.8649755859375, 0.95147314453125, 1.037970703125, 1.12446826171875, 1.2109658203125, 1.29746337890625, 1.3839609375, 1.47045849609375, 1.5569560546875, 1.6160540762158), .UNSPECIFIED.);
#4258 = CARTESIAN_POINT('', (59.1, 63.2, 35.23));
#4259 = CARTESIAN_POINT('', (59.1, 63.2755803910042, 35.23));
#4260 = CARTESIAN_POINT('', (59.0968096017588, 63.3514277628635, 35.23));
#4261 = CARTESIAN_POINT('', (59.0904624956429, 63.4267411730128, 35.23));
#4262 = CARTESIAN_POINT('', (59.0841153895269, 63.502054583162, 35.23));
#4263 = CARTESIAN_POINT('', (59.0745667343864, 63.5773661071401, 35.23));
#4264 = CARTESIAN_POINT('', (59.0619173633043, 63.6518804608955, 35.23));
#4265 = CARTESIAN_POINT('', (59.0492679922222, 63.7263948146509, 35.23));
#4266 = CARTESIAN_POINT('', (59.0334285396935, 63.8006384285343, 35.23));
#4267 = CARTESIAN_POINT('', (59.0145662691503, 63.873827295545, 35.23));
#4268 = CARTESIAN_POINT('', (58.9957039986071, 63.9470161625557, 35.23));
#4269 = CARTESIAN_POINT('', (58.9736856515402, 64.0196673487218, 35.23));
#4270 = CARTESIAN_POINT('', (58.9487437400451, 64.0910136629597, 35.23));
#4271 = CARTESIAN_POINT('', (58.9238018285501, 64.1623599771976, 35.23));
#4272 = CARTESIAN_POINT('', (58.8957601425606, 64.2329054682353, 35.23));
#4273 = CARTESIAN_POINT('', (58.86491480018, 64.3019051809722, 35.23));
#4274 = CARTESIAN_POINT('', (58.8340694577995, 64.3709048937092, 35.23));
#4275 = CARTESIAN_POINT('', (58.8002025422965, 64.4388462985608, 35.23));
#4276 = CARTESIAN_POINT('', (58.7636716857618, 64.5050119393814, 35.23));
#4277 = CARTESIAN_POINT('', (58.7271408292271, 64.571177580202, 35.23));
#4278 = CARTESIAN_POINT('', (58.6876879478064, 64.6360349052045, 35.23));
#4279 = CARTESIAN_POINT('', (58.6457296609719, 64.6988990258957, 35.23));
#4280 = CARTESIAN_POINT('', (58.6037713741374, 64.7617631465868, 35.23));
#4281 = CARTESIAN_POINT('', (58.5590112542274, 64.8230781865406, 35.23));
#4282 = CARTESIAN_POINT('', (58.511921964755, 64.8821966635282, 35.23));
#4283 = CARTESIAN_POINT('', (58.4648326752826, 64.9413151405159, 35.23));
#4284 = CARTESIAN_POINT('', (58.4150815389859, 64.9986547158203, 35.23));
#4285 = CARTESIAN_POINT('', (58.3631939241374, 65.0536098878216, 35.23));
#4286 = CARTESIAN_POINT('', (58.311306309289, 65.1085650598228, 35.23));
#4287 = CARTESIAN_POINT('', (58.2569156393311, 65.1615240768117, 35.23));
#4288 = CARTESIAN_POINT('', (58.2005962756641, 65.211927695536, 35.23));
#4289 = CARTESIAN_POINT('', (58.1442769119971, 65.2623313142602, 35.23));
#4290 = CARTESIAN_POINT('', (58.0856309685644, 65.3105356271148, 35.23));
#4291 = CARTESIAN_POINT('', (58.0252777421355, 65.3560316001671, 35.23));
#4292 = CARTESIAN_POINT('', (57.9649245157065, 65.4015275732193, 35.23));
#4293 = CARTESIAN_POINT('', (57.9024376217184, 65.4446366272405, 35.23));
#4294 = CARTESIAN_POINT('', (57.8384769170905, 65.4849035338495, 35.23));
#4295 = CARTESIAN_POINT('', (57.7745162124626, 65.5251704404585, 35.23));
#4296 = CARTESIAN_POINT('', (57.7086298264549, 65.5628796780236, 35.23));
#4297 = CARTESIAN_POINT('', (57.6415135143681, 65.597633039821, 35.23));
#4298 = CARTESIAN_POINT('', (57.5743972022813, 65.6323864016184, 35.23));
#4299 = CARTESIAN_POINT('', (57.5055767995827, 65.6644294138256, 35.23));
#4300 = CARTESIAN_POINT('', (57.4357790445696, 65.6934237046339, 35.23));
#4301 = CARTESIAN_POINT('', (57.3659812895565, 65.7224179954423, 35.23));
#4302 = CARTESIAN_POINT('', (57.2947130737898, 65.7485684042407, 35.23));
#4303 = CARTESIAN_POINT('', (57.2227269842892, 65.7715987846712, 35.23));
#4304 = CARTESIAN_POINT('', (57.1507408947886, 65.7946291651017, 35.23));
#4305 = CARTESIAN_POINT('', (57.0775283629304, 65.8147022226114, 35.23));
#4306 = CARTESIAN_POINT('', (57.0038625075663, 65.8316059872169, 35.23));
#4307 = CARTESIAN_POINT('', (56.9301966522023, 65.8485097518223, 35.23));
#4308 = CARTESIAN_POINT('', (56.8555570374684, 65.8623636455446, 35.23));
#4309 = CARTESIAN_POINT('', (56.7807318521049, 65.8730213723038, 35.23));
#4310 = CARTESIAN_POINT('', (56.7059066667414, 65.883679099063, 35.23));
#4311 = CARTESIAN_POINT('', (56.6303672844289, 65.8912159537594, 35.23));
#4312 = CARTESIAN_POINT('', (56.5549113953855, 65.8955523477721, 35.23));
#4313 = CARTESIAN_POINT('', (56.5033574113469, 65.8985151170211, 35.23));
#4314 = CARTESIAN_POINT('', (56.4516390479373, 65.9, 35.23));
#4315 = CARTESIAN_POINT('', (56.4, 65.9, 35.23));
#4316 = ORIENTED_EDGE('', *, *, #4225, .F.);
#4317 = (
   BOUNDED_SURFACE ()
   B_SPLINE_SURFACE (2, 1, ((#4318, #4319), (#4320, #4321), (#4322, #4323)), .UNSPECIFIED., .F., .F., .U.)
   B_SPLINE_SURFACE_WITH_KNOTS ((3, 3), (2, 2), (0., 4.24115008234624), (1.67, 36.53), .UNSPECIFIED.)
   GEOMETRIC_REPRESENTATION_ITEM ()
   RATIONAL_B_SPLINE_SURFACE (((1., 1.), (0.707106781186548, 0.707106781186548), (1., 1.)))
   REPRESENTATION_ITEM ('')
   SURFACE ()
);
#4318 = CARTESIAN_POINT('', (59.1, 63.2, 0.369999999999999));
#4319 = CARTESIAN_POINT('', (59.1, 63.2, 35.23));
#4320 = CARTESIAN_POINT('', (59.1, 65.9, 0.369999999999999));
#4321 = CARTESIAN_POINT('', (59.1, 65.9, 35.23));
#4322 = CARTESIAN_POINT('', (56.4, 65.9, 0.369999999999999));
#4323 = CARTESIAN_POINT('', (56.4, 65.9, 35.23));
#4324 = ADVANCED_FACE('', (#4325), #4343, .T.);
#4325 = FACE_OUTER_BOUND('', #4326, .T.);
#4326 = EDGE_LOOP('', (#4327, #4336, #4337, #4338));
#4327 = ORIENTED_EDGE('', *, *, #4328, .F.);
#4328 = EDGE_CURVE('', #4250, #4329, #4331, .T.);
#4329 = VERTEX_POINT('', #4330);
#4330 = CARTESIAN_POINT('', (1.4, 65.9, 35.23));
#4331 = B_SPLINE_CURVE_WITH_KNOTS('', 3, (#4332, #4333, #4334, #4335), .UNSPECIFIED., .F., .U., (4, 4), (0., 55.), .UNSPECIFIED.);
#4332 = CARTESIAN_POINT('', (56.4, 65.9, 35.23));
#4333 = CARTESIAN_POINT('', (38.0666666666667, 65.9, 35.23));
#4334 = CARTESIAN_POINT('', (19.7333333333333, 65.9, 35.23));
#4335 = CARTESIAN_POINT('', (1.4, 65.9, 35.23));
#4336 = ORIENTED_EDGE('', *, *, #4249, .F.);
#4337 = ORIENTED_EDGE('', *, *, #1706, .T.);
#4338 = ORIENTED_EDGE('', *, *, #4339, .T.);
#4339 = EDGE_CURVE('', #1700, #4329, #4340, .T.);
#4340 = B_SPLINE_CURVE_WITH_KNOTS('', 1, (#4341, #4342), .UNSPECIFIED., .F., .U., (2, 2), (0.043717277486911, 0.956282722513089), .UNSPECIFIED.);
#4341 = CARTESIAN_POINT('', (1.4, 65.9, 0.37));
#4342 = CARTESIAN_POINT('', (1.4, 65.9, 35.23));
#4343 = B_SPLINE_SURFACE_WITH_KNOTS('', 1, 1, ((#4344, #4345), (#4346, #4347)), .UNSPECIFIED., .F., .F., .U., (2, 2), (2, 2), (0., 1.), (0.043717277486911, 0.956282722513089), .UNSPECIFIED.);
#4344 = CARTESIAN_POINT('', (56.4, 65.9, 0.37));
#4345 = CARTESIAN_POINT('', (56.4, 65.9, 35.23));
#4346 = CARTESIAN_POINT('', (1.4, 65.9, 0.37));
#4347 = CARTESIAN_POINT('', (1.4, 65.9, 35.23));
#4348 = ADVANCED_FACE('', (#4349), #4421, .T.);
#4349 = FACE_OUTER_BOUND('', #4350, .T.);
#4350 = EDGE_LOOP('', (#4351, #4352, #4359, #4420));
#4351 = ORIENTED_EDGE('', *, *, #1730, .T.);
#4352 = ORIENTED_EDGE('', *, *, #4353, .T.);
#4353 = EDGE_CURVE('', #1724, #4354, #4356, .T.);
#4354 = VERTEX_POINT('', #4355);
#4355 = CARTESIAN_POINT('', (-1.3, 63.2, 35.23));
#4356 = B_SPLINE_CURVE_WITH_KNOTS('', 1, (#4357, #4358), .UNSPECIFIED., .F., .U., (2, 2), (0.043717277486911, 0.956282722513089), .UNSPECIFIED.);
#4357 = CARTESIAN_POINT('', (-1.3, 63.2, 0.37));
#4358 = CARTESIAN_POINT('', (-1.3, 63.2, 35.23));
#4359 = ORIENTED_EDGE('', *, *, #4360, .F.);
#4360 = EDGE_CURVE('', #4329, #4354, #4361, .T.);
#4361 = B_SPLINE_CURVE_WITH_KNOTS('', 3, (#4362, #4363, #4364, #4365, #4366, #4367, #4368, #4369, #4370, #4371, #4372, #4373, #4374, #4375, #4376, #4377, #4378, #4379, #4380, #4381, #4382, #4383, #4384, #4385, #4386, #4387, #4388, #4389, #4390, #4391, #4392, #4393, #4394, #4395, #4396, #4397, #4398, #4399, #4400, #4401, #4402, #4403, #4404, #4405, #4406, #4407, #4408, #4409, #4410, #4411, #4412, #4413, #4414, #4415, #4416, #4417, #4418, #4419), .UNSPECIFIED., .F., .U., (4, 3, 3, 3, 3, 3, 3, 3, 3, 3, 3, 3, 3, 3, 3, 3, 3, 3, 3, 4), (0., 0.08649755859375, 0.1729951171875, 0.25949267578125, 0.345990234375, 0.43248779296875, 0.5189853515625, 0.60548291015625, 0.69198046875, 0.77847802734375, 0.8649755859375, 0.95147314453125, 1.037970703125, 1.12446826171875, 1.2109658203125, 1.29746337890625, 1.3839609375, 1.47045849609375, 1.5569560546875, 1.61605407621575), .UNSPECIFIED.);
#4362 = CARTESIAN_POINT('', (1.4, 65.9, 35.23));
#4363 = CARTESIAN_POINT('', (1.32441960899575, 65.9, 35.23));
#4364 = CARTESIAN_POINT('', (1.24857223713644, 65.8968096017588, 35.23));
#4365 = CARTESIAN_POINT('', (1.1732588269872, 65.8904624956429, 35.23));
#4366 = CARTESIAN_POINT('', (1.09794541683796, 65.8841153895269, 35.23));
#4367 = CARTESIAN_POINT('', (1.02263389285986, 65.8745667343864, 35.23));
#4368 = CARTESIAN_POINT('', (0.94811953910448, 65.8619173633043, 35.23));
#4369 = CARTESIAN_POINT('', (0.873605185349097, 65.8492679922222, 35.23));
#4370 = CARTESIAN_POINT('', (0.799361571465585, 65.8334285396935, 35.23));
#4371 = CARTESIAN_POINT('', (0.726172704454883, 65.8145662691503, 35.23));
#4372 = CARTESIAN_POINT('', (0.65298383744418, 65.7957039986071, 35.23));
#4373 = CARTESIAN_POINT('', (0.580332651278125, 65.7736856515401, 35.23));
#4374 = CARTESIAN_POINT('', (0.50898633704026, 65.7487437400451, 35.23));
#4375 = CARTESIAN_POINT('', (0.437640022802395, 65.7238018285501, 35.23));
#4376 = CARTESIAN_POINT('', (0.36709453176462, 65.6957601425605, 35.23));
#4377 = CARTESIAN_POINT('', (0.298094819027672, 65.66491480018, 35.23));
#4378 = CARTESIAN_POINT('', (0.229095106290725, 65.6340694577994, 35.23));
#4379 = CARTESIAN_POINT('', (0.161153701439146, 65.6002025422965, 35.23));
#4380 = CARTESIAN_POINT('', (0.094988060618574, 65.5636716857618, 35.23));
#4381 = CARTESIAN_POINT('', (0.0288224197980024, 65.5271408292271, 35.23));
#4382 = CARTESIAN_POINT('', (-0.0360349052045771, 65.4876879478064, 35.23));
#4383 = CARTESIAN_POINT('', (-0.0988990258957221, 65.4457296609719, 35.23));
#4384 = CARTESIAN_POINT('', (-0.161763146586867, 65.4037713741374, 35.23));
#4385 = CARTESIAN_POINT('', (-0.223078186540652, 65.3590112542273, 35.23));
#4386 = CARTESIAN_POINT('', (-0.282196663528295, 65.3119219647549, 35.23));
#4387 = CARTESIAN_POINT('', (-0.341315140515937, 65.2648326752825, 35.23));
#4388 = CARTESIAN_POINT('', (-0.398654715820308, 65.2150815389859, 35.23));
#4389 = CARTESIAN_POINT('', (-0.453609887821592, 65.1631939241374, 35.23));
#4390 = CARTESIAN_POINT('', (-0.508565059822876, 65.1113063092889, 35.23));
#4391 = CARTESIAN_POINT('', (-0.561524076811711, 65.0569156393311, 35.23));
#4392 = CARTESIAN_POINT('', (-0.611927695535963, 65.0005962756641, 35.23));
#4393 = CARTESIAN_POINT('', (-0.662331314260216, 64.9442769119971, 35.23));
#4394 = CARTESIAN_POINT('', (-0.710535627114837, 64.8856309685644, 35.23));
#4395 = CARTESIAN_POINT('', (-0.756031600167095, 64.8252777421355, 35.23));
#4396 = CARTESIAN_POINT('', (-0.801527573219353, 64.7649245157065, 35.23));
#4397 = CARTESIAN_POINT('', (-0.844636627240527, 64.7024376217183, 35.23));
#4398 = CARTESIAN_POINT('', (-0.884903533849519, 64.6384769170904, 35.23));
#4399 = CARTESIAN_POINT('', (-0.925170440458512, 64.5745162124625, 35.23));
#4400 = CARTESIAN_POINT('', (-0.96287967802363, 64.5086298264549, 35.23));
#4401 = CARTESIAN_POINT('', (-0.997633039821035, 64.4415135143681, 35.23));
#4402 = CARTESIAN_POINT('', (-1.03238640161844, 64.3743972022813, 35.23));
#4403 = CARTESIAN_POINT('', (-1.06442941382562, 64.3055767995827, 35.23));
#4404 = CARTESIAN_POINT('', (-1.09342370463398, 64.2357790445695, 35.23));
#4405 = CARTESIAN_POINT('', (-1.12241799544234, 64.1659812895564, 35.23));
#4406 = CARTESIAN_POINT('', (-1.14856840424072, 64.0947130737897, 35.23));
#4407 = CARTESIAN_POINT('', (-1.17159878467121, 64.0227269842892, 35.23));
#4408 = CARTESIAN_POINT('', (-1.1946291651017, 63.9507408947886, 35.23));
#4409 = CARTESIAN_POINT('', (-1.21470222261145, 63.8775283629303, 35.23));
#4410 = CARTESIAN_POINT('', (-1.23160598721689, 63.8038625075663, 35.23));
#4411 = CARTESIAN_POINT('', (-1.24850975182232, 63.7301966522022, 35.23));
#4412 = CARTESIAN_POINT('', (-1.26236364554458, 63.6555570374683, 35.23));
#4413 = CARTESIAN_POINT('', (-1.27302137230379, 63.5807318521048, 35.23));
#4414 = CARTESIAN_POINT('', (-1.28367909906299, 63.5059066667413, 35.23));
#4415 = CARTESIAN_POINT('', (-1.29121595375943, 63.4303672844288, 35.23));
#4416 = CARTESIAN_POINT('', (-1.29555234777211, 63.3549113953855, 35.23));
#4417 = CARTESIAN_POINT('', (-1.29851511702113, 63.3033574113469, 35.23));
#4418 = CARTESIAN_POINT('', (-1.3, 63.2516390479373, 35.23));
#4419 = CARTESIAN_POINT('', (-1.3, 63.2, 35.23));
#4420 = ORIENTED_EDGE('', *, *, #4339, .F.);
#4421 = (
   BOUNDED_SURFACE ()
   B_SPLINE_SURFACE (2, 1, ((#4422, #4423), (#4424, #4425), (#4426, #4427)), .UNSPECIFIED., .F., .F., .U.)
   B_SPLINE_SURFACE_WITH_KNOTS ((3, 3), (2, 2), (4.24115008234623, 8.48230016469246), (1.67, 36.53), .UNSPECIFIED.)
   GEOMETRIC_REPRESENTATION_ITEM ()
   RATIONAL_B_SPLINE_SURFACE (((1., 1.), (0.707106781186548, 0.707106781186548), (1., 1.)))
   REPRESENTATION_ITEM ('')
   SURFACE ()
);
#4422 = CARTESIAN_POINT('', (1.40000000000001, 65.9, 0.369999999999999));
#4423 = CARTESIAN_POINT('', (1.40000000000001, 65.9, 35.23));
#4424 = CARTESIAN_POINT('', (-1.3, 65.9, 0.369999999999999));
#4425 = CARTESIAN_POINT('', (-1.3, 65.9, 35.23));
#4426 = CARTESIAN_POINT('', (-1.3, 63.2, 0.369999999999999));
#4427 = CARTESIAN_POINT('', (-1.3, 63.2, 35.23));
#4428 = ADVANCED_FACE('', (#4429), #4461, .T.);
#4429 = FACE_OUTER_BOUND('', #4430, .T.);
#4430 = EDGE_LOOP('', (#4431, #4432, #4439, #4446, #4453, #4460));
#4431 = ORIENTED_EDGE('', *, *, #1920, .T.);
#4432 = ORIENTED_EDGE('', *, *, #4433, .T.);
#4433 = EDGE_CURVE('', #1914, #4434, #4436, .T.);
#4434 = VERTEX_POINT('', #4435);
#4435 = CARTESIAN_POINT('', (-1.3, 1.4, 27.9));
#4436 = B_SPLINE_CURVE_WITH_KNOTS('', 1, (#4437, #4438), .UNSPECIFIED., .F., .U., (2, 2), (0.0571917808219178, 1.), .UNSPECIFIED.);
#4437 = CARTESIAN_POINT('', (-1.3, 1.4, 0.37));
#4438 = CARTESIAN_POINT('', (-1.3, 1.4, 27.9));
#4439 = ORIENTED_EDGE('', *, *, #4440, .F.);
#4440 = EDGE_CURVE('', #4441, #4434, #4443, .T.);
#4441 = VERTEX_POINT('', #4442);
#4442 = CARTESIAN_POINT('', (-1.3, 22.8, 27.9));
#4443 = B_SPLINE_CURVE_WITH_KNOTS('', 1, (#4444, #4445), .UNSPECIFIED., .F., .U., (2, 2), (0.0775862068965519, 1.), .UNSPECIFIED.);
#4444 = CARTESIAN_POINT('', (-1.3, 22.8, 27.9));
#4445 = CARTESIAN_POINT('', (-1.3, 1.4, 27.9));
#4446 = ORIENTED_EDGE('', *, *, #4447, .T.);
#4447 = EDGE_CURVE('', #4441, #4448, #4450, .T.);
#4448 = VERTEX_POINT('', #4449);
#4449 = CARTESIAN_POINT('', (-1.3, 22.8, 35.23));
#4450 = B_SPLINE_CURVE_WITH_KNOTS('', 1, (#4451, #4452), .UNSPECIFIED., .F., .U., (2, 2), (0.764397905759162, 0.956282722513089), .UNSPECIFIED.);
#4451 = CARTESIAN_POINT('', (-1.3, 22.8, 27.9));
#4452 = CARTESIAN_POINT('', (-1.3, 22.8, 35.23));
#4453 = ORIENTED_EDGE('', *, *, #4454, .F.);
#4454 = EDGE_CURVE('', #4354, #4448, #4455, .T.);
#4455 = B_SPLINE_CURVE_WITH_KNOTS('', 3, (#4456, #4457, #4458, #4459), .UNSPECIFIED., .F., .U., (4, 4), (0., 40.4), .UNSPECIFIED.);
#4456 = CARTESIAN_POINT('', (-1.3, 63.2, 35.23));
#4457 = CARTESIAN_POINT('', (-1.3, 49.7333333333333, 35.23));
#4458 = CARTESIAN_POINT('', (-1.3, 36.2666666666667, 35.23));
#4459 = CARTESIAN_POINT('', (-1.3, 22.8, 35.23));
#4460 = ORIENTED_EDGE('', *, *, #4353, .F.);
#4461 = B_SPLINE_SURFACE_WITH_KNOTS('', 1, 1, ((#4462, #4463), (#4464, #4465)), .UNSPECIFIED., .F., .F., .U., (2, 2), (2, 2), (-1.66379310344828, 1.), (0.0571917808219178, 1.25102739726027), .UNSPECIFIED.);
#4462 = CARTESIAN_POINT('', (-1.3, 63.2, 0.37));
#4463 = CARTESIAN_POINT('', (-1.3, 63.2, 35.23));
#4464 = CARTESIAN_POINT('', (-1.3, 1.4, 0.37));
#4465 = CARTESIAN_POINT('', (-1.3, 1.4, 35.23));
#4466 = ADVANCED_FACE('', (#4467), #4478, .T.);
#4467 = FACE_OUTER_BOUND('', #4468, .T.);
#4468 = EDGE_LOOP('', (#4469, #4470, #4471, #4477));
#4469 = ORIENTED_EDGE('', *, *, #1944, .T.);
#4470 = ORIENTED_EDGE('', *, *, #2435, .T.);
#4471 = ORIENTED_EDGE('', *, *, #4472, .F.);
#4472 = EDGE_CURVE('', #4434, #2429, #4473, .T.);
#4473 = (
   BOUNDED_CURVE ()
   B_SPLINE_CURVE (2, (#4474, #4475, #4476), .UNSPECIFIED., .F., .U.)
   B_SPLINE_CURVE_WITH_KNOTS ((3, 3), (0.5, 0.75), .UNSPECIFIED.)
   CURVE ()
   GEOMETRIC_REPRESENTATION_ITEM ()
   RATIONAL_B_SPLINE_CURVE ((1., 0.707106781186548, 1.))
   REPRESENTATION_ITEM ('')
);
#4474 = CARTESIAN_POINT('', (-1.3, 1.4, 27.9));
#4475 = CARTESIAN_POINT('', (-1.3, -1.3, 27.9));
#4476 = CARTESIAN_POINT('', (1.4, -1.3, 27.9));
#4477 = ORIENTED_EDGE('', *, *, #4433, .F.);
#4478 = (
   BOUNDED_SURFACE ()
   B_SPLINE_SURFACE (2, 1, ((#4479, #4480), (#4481, #4482), (#4483, #4484)), .UNSPECIFIED., .F., .F., .U.)
   B_SPLINE_SURFACE_WITH_KNOTS ((3, 3), (2, 2), (8.48230016469244, 12.7234502470387), (1.67, 29.2), .UNSPECIFIED.)
   GEOMETRIC_REPRESENTATION_ITEM ()
   RATIONAL_B_SPLINE_SURFACE (((1., 1.), (0.707106781186548, 0.707106781186548), (1., 1.)))
   REPRESENTATION_ITEM ('')
   SURFACE ()
);
#4479 = CARTESIAN_POINT('', (-1.3, 1.4, 0.37));
#4480 = CARTESIAN_POINT('', (-1.3, 1.4, 27.9));
#4481 = CARTESIAN_POINT('', (-1.3, -1.3, 0.37));
#4482 = CARTESIAN_POINT('', (-1.3, -1.3, 27.9));
#4483 = CARTESIAN_POINT('', (1.4, -1.3, 0.37));
#4484 = CARTESIAN_POINT('', (1.4, -1.3, 27.9));
#4485 = ADVANCED_FACE('', (#4486), #4527, .T.);
#4486 = FACE_OUTER_BOUND('', #4487, .T.);
#4487 = EDGE_LOOP('', (#4488, #4498, #4505, #4511, #4512, #4513, #4514, #4522));
#4488 = ORIENTED_EDGE('', *, *, #4489, .T.);
#4489 = EDGE_CURVE('', #4490, #4492, #4494, .T.);
#4490 = VERTEX_POINT('', #4491);
#4491 = CARTESIAN_POINT('', (46.1, 16.1, 27.9));
#4492 = VERTEX_POINT('', #4493);
#4493 = CARTESIAN_POINT('', (42.1, 20.1, 27.9));
#4494 = (
   BOUNDED_CURVE ()
   B_SPLINE_CURVE (2, (#4495, #4496, #4497), .UNSPECIFIED., .F., .U.)
   B_SPLINE_CURVE_WITH_KNOTS ((3, 3), (0., 0.25), .UNSPECIFIED.)
   CURVE ()
   GEOMETRIC_REPRESENTATION_ITEM ()
   RATIONAL_B_SPLINE_CURVE ((1., 0.707106781186548, 1.))
   REPRESENTATION_ITEM ('')
);
#4495 = CARTESIAN_POINT('', (46.1, 16.1, 27.9));
#4496 = CARTESIAN_POINT('', (46.1, 20.1, 27.9));
#4497 = CARTESIAN_POINT('', (42.1, 20.1, 27.9));
#4498 = ORIENTED_EDGE('', *, *, #4499, .F.);
#4499 = EDGE_CURVE('', #4500, #4492, #4502, .T.);
#4500 = VERTEX_POINT('', #4501);
#4501 = CARTESIAN_POINT('', (1.4, 20.1, 27.9));
#4502 = B_SPLINE_CURVE_WITH_KNOTS('', 1, (#4503, #4504), .UNSPECIFIED., .F., .U., (2, 2), (0., 0.74), .UNSPECIFIED.);
#4503 = CARTESIAN_POINT('', (1.4, 20.1, 27.9));
#4504 = CARTESIAN_POINT('', (42.1, 20.1, 27.9));
#4505 = ORIENTED_EDGE('', *, *, #4506, .F.);
#4506 = EDGE_CURVE('', #4441, #4500, #4507, .T.);
#4507 = (
   BOUNDED_CURVE ()
   B_SPLINE_CURVE (2, (#4508, #4509, #4510), .UNSPECIFIED., .F., .U.)
   B_SPLINE_CURVE_WITH_KNOTS ((3, 3), (0., 0.5), .UNSPECIFIED.)
   CURVE ()
   GEOMETRIC_REPRESENTATION_ITEM ()
   RATIONAL_B_SPLINE_CURVE ((1., 0.707106781186548, 1.))
   REPRESENTATION_ITEM ('')
);
#4508 = CARTESIAN_POINT('', (-1.3, 22.8, 27.9));
#4509 = CARTESIAN_POINT('', (-1.3, 20.1, 27.9));
#4510 = CARTESIAN_POINT('', (1.4, 20.1, 27.9));
#4511 = ORIENTED_EDGE('', *, *, #4440, .T.);
#4512 = ORIENTED_EDGE('', *, *, #4472, .T.);
#4513 = ORIENTED_EDGE('', *, *, #2428, .T.);
#4514 = ORIENTED_EDGE('', *, *, #4515, .F.);
#4515 = EDGE_CURVE('', #4516, #2422, #4518, .T.);
#4516 = VERTEX_POINT('', #4517);
#4517 = CARTESIAN_POINT('', (46.1, 1.4, 27.9));
#4518 = (
   BOUNDED_CURVE ()
   B_SPLINE_CURVE (2, (#4519, #4520, #4521), .UNSPECIFIED., .F., .U.)
   B_SPLINE_CURVE_WITH_KNOTS ((3, 3), (0.5, 1.), .UNSPECIFIED.)
   CURVE ()
   GEOMETRIC_REPRESENTATION_ITEM ()
   RATIONAL_B_SPLINE_CURVE ((1., 0.707106781186548, 1.))
   REPRESENTATION_ITEM ('')
);
#4519 = CARTESIAN_POINT('', (46.1, 1.4, 27.9));
#4520 = CARTESIAN_POINT('', (46.1, -1.3, 27.9));
#4521 = CARTESIAN_POINT('', (48.8, -1.3, 27.9));
#4522 = ORIENTED_EDGE('', *, *, #4523, .F.);
#4523 = EDGE_CURVE('', #4490, #4516, #4524, .T.);
#4524 = B_SPLINE_CURVE_WITH_KNOTS('', 1, (#4525, #4526), .UNSPECIFIED., .F., .U., (2, 2), (0.313084112149532, 1.), .UNSPECIFIED.);
#4525 = CARTESIAN_POINT('', (46.1, 16.1, 27.9));
#4526 = CARTESIAN_POINT('', (46.1, 1.4, 27.9));
#4527 = B_SPLINE_SURFACE_WITH_KNOTS('', 1, 1, ((#4528, #4529), (#4530, #4531)), .UNSPECIFIED., .F., .F., .U., (2, 2), (2, 2), (0.277670883384144, 0.652365408589887), (0.159509954273619, 0.938439236962737), .UNSPECIFIED.);
#4528 = CARTESIAN_POINT('', (48.8, -1.3, 27.9));
#4529 = CARTESIAN_POINT('', (-1.3, -1.3, 27.9));
#4530 = CARTESIAN_POINT('', (48.8, 22.8, 27.9));
#4531 = CARTESIAN_POINT('', (-1.3, 22.8, 27.9));
#4532 = ADVANCED_FACE('', (#4533), #4557, .T.);
#4533 = FACE_OUTER_BOUND('', #4534, .T.);
#4534 = EDGE_LOOP('', (#4535, #4546, #4551, #4552));
#4535 = ORIENTED_EDGE('', *, *, #4536, .F.);
#4536 = EDGE_CURVE('', #4537, #4539, #4541, .T.);
#4537 = VERTEX_POINT('', #4538);
#4538 = CARTESIAN_POINT('', (1.4, 20.1, 35.23));
#4539 = VERTEX_POINT('', #4540);
#4540 = CARTESIAN_POINT('', (42.1, 20.1, 35.23));
#4541 = B_SPLINE_CURVE_WITH_KNOTS('', 3, (#4542, #4543, #4544, #4545), .UNSPECIFIED., .F., .U., (4, 4), (0., 40.7), .UNSPECIFIED.);
#4542 = CARTESIAN_POINT('', (1.4, 20.1, 35.23));
#4543 = CARTESIAN_POINT('', (14.9666666666667, 20.1, 35.23));
#4544 = CARTESIAN_POINT('', (28.5333333333333, 20.1, 35.23));
#4545 = CARTESIAN_POINT('', (42.1, 20.1, 35.23));
#4546 = ORIENTED_EDGE('', *, *, #4547, .F.);
#4547 = EDGE_CURVE('', #4500, #4537, #4548, .T.);
#4548 = B_SPLINE_CURVE_WITH_KNOTS('', 1, (#4549, #4550), .UNSPECIFIED., .F., .U., (2, 2), (0.764397905759162, 0.956282722513089), .UNSPECIFIED.);
#4549 = CARTESIAN_POINT('', (1.4, 20.1, 27.9));
#4550 = CARTESIAN_POINT('', (1.4, 20.1, 35.23));
#4551 = ORIENTED_EDGE('', *, *, #4499, .T.);
#4552 = ORIENTED_EDGE('', *, *, #4553, .T.);
#4553 = EDGE_CURVE('', #4492, #4539, #4554, .T.);
#4554 = B_SPLINE_CURVE_WITH_KNOTS('', 1, (#4555, #4556), .UNSPECIFIED., .F., .U., (2, 2), (0.764397905759162, 0.956282722513089), .UNSPECIFIED.);
#4555 = CARTESIAN_POINT('', (42.1, 20.1, 27.9));
#4556 = CARTESIAN_POINT('', (42.1, 20.1, 35.23));
#4557 = B_SPLINE_SURFACE_WITH_KNOTS('', 1, 1, ((#4558, #4559), (#4560, #4561)), .UNSPECIFIED., .F., .F., .U., (2, 2), (2, 2), (0., 0.74), (0.764397905759162, 0.956282722513089), .UNSPECIFIED.);
#4558 = CARTESIAN_POINT('', (1.4, 20.1, 27.9));
#4559 = CARTESIAN_POINT('', (1.4, 20.1, 35.23));
#4560 = CARTESIAN_POINT('', (42.1, 20.1, 27.9));
#4561 = CARTESIAN_POINT('', (42.1, 20.1, 35.23));
#4562 = ADVANCED_FACE('', (#4563), #4629, .T.);
#4563 = FACE_OUTER_BOUND('', #4564, .T.);
#4564 = EDGE_LOOP('', (#4565, #4626, #4627, #4628));
#4565 = ORIENTED_EDGE('', *, *, #4566, .F.);
#4566 = EDGE_CURVE('', #4448, #4537, #4567, .T.);
#4567 = B_SPLINE_CURVE_WITH_KNOTS('', 3, (#4568, #4569, #4570, #4571, #4572, #4573, #4574, #4575, #4576, #4577, #4578, #4579, #4580, #4581, #4582, #4583, #4584, #4585, #4586, #4587, #4588, #4589, #4590, #4591, #4592, #4593, #4594, #4595, #4596, #4597, #4598, #4599, #4600, #4601, #4602, #4603, #4604, #4605, #4606, #4607, #4608, #4609, #4610, #4611, #4612, #4613, #4614, #4615, #4616, #4617, #4618, #4619, #4620, #4621, #4622, #4623, #4624, #4625), .UNSPECIFIED., .F., .U., (4, 3, 3, 3, 3, 3, 3, 3, 3, 3, 3, 3, 3, 3, 3, 3, 3, 3, 3, 4), (0., 0.08649755859375, 0.1729951171875, 0.25949267578125, 0.345990234375, 0.43248779296875, 0.5189853515625, 0.60548291015625, 0.69198046875, 0.77847802734375, 0.8649755859375, 0.95147314453125, 1.037970703125, 1.12446826171875, 1.2109658203125, 1.29746337890625, 1.3839609375, 1.47045849609375, 1.5569560546875, 1.61605407621577), .UNSPECIFIED.);
#4568 = CARTESIAN_POINT('', (-1.3, 22.8, 35.23));
#4569 = CARTESIAN_POINT('', (-1.3, 22.7244196089957, 35.23));
#4570 = CARTESIAN_POINT('', (-1.29680960175881, 22.6485722371365, 35.23));
#4571 = CARTESIAN_POINT('', (-1.29046249564286, 22.5732588269872, 35.23));
#4572 = CARTESIAN_POINT('', (-1.28411538952691, 22.497945416838, 35.23));
#4573 = CARTESIAN_POINT('', (-1.27456673438639, 22.4226338928599, 35.23));
#4574 = CARTESIAN_POINT('', (-1.2619173633043, 22.3481195391045, 35.23));
#4575 = CARTESIAN_POINT('', (-1.2492679922222, 22.2736051853492, 35.23));
#4576 = CARTESIAN_POINT('', (-1.23342853969348, 22.1993615714656, 35.23));
#4577 = CARTESIAN_POINT('', (-1.21456626915028, 22.1261727044549, 35.23));
#4578 = CARTESIAN_POINT('', (-1.19570399860708, 22.0529838374442, 35.23));
#4579 = CARTESIAN_POINT('', (-1.17368565154015, 21.9803326512782, 35.23));
#4580 = CARTESIAN_POINT('', (-1.14874374004511, 21.9089863370403, 35.23));
#4581 = CARTESIAN_POINT('', (-1.12380182855006, 21.8376400228024, 35.23));
#4582 = CARTESIAN_POINT('', (-1.09576014256056, 21.7670945317647, 35.23));
#4583 = CARTESIAN_POINT('', (-1.06491480018001, 21.6980948190277, 35.23));
#4584 = CARTESIAN_POINT('', (-1.03406945779945, 21.6290951062908, 35.23));
#4585 = CARTESIAN_POINT('', (-1.00020254229648, 21.5611537014392, 35.23));
#4586 = CARTESIAN_POINT('', (-0.963671685761797, 21.4949880606186, 35.23));
#4587 = CARTESIAN_POINT('', (-0.927140829227109, 21.428822419798, 35.23));
#4588 = CARTESIAN_POINT('', (-0.887687947806355, 21.3639650947954, 35.23));
#4589 = CARTESIAN_POINT('', (-0.845729660971879, 21.3011009741043, 35.23));
#4590 = CARTESIAN_POINT('', (-0.803771374137404, 21.2382368534131, 35.23));
#4591 = CARTESIAN_POINT('', (-0.759011254227351, 21.1769218134594, 35.23));
#4592 = CARTESIAN_POINT('', (-0.711921964754941, 21.1178033364717, 35.23));
#4593 = CARTESIAN_POINT('', (-0.664832675282531, 21.0586848594841, 35.23));
#4594 = CARTESIAN_POINT('', (-0.615081538985896, 21.0013452841797, 35.23));
#4595 = CARTESIAN_POINT('', (-0.563193924137416, 20.9463901121784, 35.23));
#4596 = CARTESIAN_POINT('', (-0.511306309288937, 20.8914349401771, 35.23));
#4597 = CARTESIAN_POINT('', (-0.456915639331057, 20.8384759231883, 35.23));
#4598 = CARTESIAN_POINT('', (-0.400596275664063, 20.788072304464, 35.23));
#4599 = CARTESIAN_POINT('', (-0.344276911997069, 20.7376686857398, 35.23));
#4600 = CARTESIAN_POINT('', (-0.285630968564398, 20.6894643728852, 35.23));
#4601 = CARTESIAN_POINT('', (-0.225277742135457, 20.6439683998329, 35.23));
#4602 = CARTESIAN_POINT('', (-0.164924515706515, 20.5984724267806, 35.23));
#4603 = CARTESIAN_POINT('', (-0.102437621718317, 20.5553633727595, 35.23));
#4604 = CARTESIAN_POINT('', (-0.0384769170904153, 20.5150964661505, 35.23));
#4605 = CARTESIAN_POINT('', (0.0254837875374863, 20.4748295595415, 35.23));
#4606 = CARTESIAN_POINT('', (0.0913701735451412, 20.4371203219764, 35.23));
#4607 = CARTESIAN_POINT('', (0.158486485631948, 20.402366960179, 35.23));
#4608 = CARTESIAN_POINT('', (0.225602797718754, 20.3676135983815, 35.23));
#4609 = CARTESIAN_POINT('', (0.294423200417265, 20.3355705861744, 35.23));
#4610 = CARTESIAN_POINT('', (0.364220955430411, 20.306576295366, 35.23));
#4611 = CARTESIAN_POINT('', (0.434018710443557, 20.2775820045577, 35.23));
#4612 = CARTESIAN_POINT('', (0.505286926210256, 20.2514315957593, 35.23));
#4613 = CARTESIAN_POINT('', (0.577273015710811, 20.2284012153288, 35.23));
#4614 = CARTESIAN_POINT('', (0.649259105211365, 20.2053708348983, 35.23));
#4615 = CARTESIAN_POINT('', (0.722471637069647, 20.1852977773885, 35.23));
#4616 = CARTESIAN_POINT('', (0.796137492433711, 20.1683940127831, 35.23));
#4617 = CARTESIAN_POINT('', (0.869803347797774, 20.1514902481777, 35.23));
#4618 = CARTESIAN_POINT('', (0.944442962531627, 20.1376363544554, 35.23));
#4619 = CARTESIAN_POINT('', (1.01926814789512, 20.1269786276962, 35.23));
#4620 = CARTESIAN_POINT('', (1.09409333325861, 20.116320900937, 35.23));
#4621 = CARTESIAN_POINT('', (1.16963271557118, 20.1087840462406, 35.23));
#4622 = CARTESIAN_POINT('', (1.24508860461453, 20.1044476522279, 35.23));
#4623 = CARTESIAN_POINT('', (1.29664258865311, 20.1014848829789, 35.23));
#4624 = CARTESIAN_POINT('', (1.34836095206267, 20.1, 35.23));
#4625 = CARTESIAN_POINT('', (1.4, 20.1, 35.23));
#4626 = ORIENTED_EDGE('', *, *, #4447, .F.);
#4627 = ORIENTED_EDGE('', *, *, #4506, .T.);
#4628 = ORIENTED_EDGE('', *, *, #4547, .T.);
#4629 = (
   BOUNDED_SURFACE ()
   B_SPLINE_SURFACE (2, 1, ((#4630, #4631), (#4632, #4633), (#4634, #4635)), .UNSPECIFIED., .F., .F., .U.)
   B_SPLINE_SURFACE_WITH_KNOTS ((3, 3), (2, 2), (8.48230016469244, 12.7234502470387), (29.2, 36.53), .UNSPECIFIED.)
   GEOMETRIC_REPRESENTATION_ITEM ()
   RATIONAL_B_SPLINE_SURFACE (((1., 1.), (0.707106781186546, 0.707106781186546), (1., 1.)))
   REPRESENTATION_ITEM ('')
   SURFACE ()
);
#4630 = CARTESIAN_POINT('', (-1.3, 22.8, 27.9));
#4631 = CARTESIAN_POINT('', (-1.3, 22.8, 35.23));
#4632 = CARTESIAN_POINT('', (-1.3, 20.1, 27.9));
#4633 = CARTESIAN_POINT('', (-1.3, 20.1, 35.23));
#4634 = CARTESIAN_POINT('', (1.40000000000001, 20.1, 27.9));
#4635 = CARTESIAN_POINT('', (1.40000000000001, 20.1, 35.23));
#4636 = ADVANCED_FACE('', (#4637), #4651, .T.);
#4637 = FACE_OUTER_BOUND('', #4638, .T.);
#4638 = EDGE_LOOP('', (#4639, #4640, #4645, #4646));
#4639 = ORIENTED_EDGE('', *, *, #4566, .T.);
#4640 = ORIENTED_EDGE('', *, *, #4641, .T.);
#4641 = EDGE_CURVE('', #4537, #3168, #4642, .T.);
#4642 = B_SPLINE_CURVE_WITH_KNOTS('', 1, (#4643, #4644), .UNSPECIFIED., .F., .U., (2, 2), (0., 1.), .UNSPECIFIED.);
#4643 = CARTESIAN_POINT('', (1.4, 20.1, 35.23));
#4644 = CARTESIAN_POINT('', (1.40000000000001, 21.77, 36.9));
#4645 = ORIENTED_EDGE('', *, *, #3167, .F.);
#4646 = ORIENTED_EDGE('', *, *, #4647, .F.);
#4647 = EDGE_CURVE('', #4448, #3159, #4648, .T.);
#4648 = B_SPLINE_CURVE_WITH_KNOTS('', 1, (#4649, #4650), .UNSPECIFIED., .F., .U., (2, 2), (0., 1.), .UNSPECIFIED.);
#4649 = CARTESIAN_POINT('', (-1.3, 22.8, 35.23));
#4650 = CARTESIAN_POINT('', (0.370000000000005, 22.8, 36.9));
#4651 = B_SPLINE_SURFACE_WITH_KNOTS('', 3, 1, ((#4652, #4653), (#4654, #4655), (#4656, #4657), (#4658, #4659), (#4660, #4661), (#4662, #4663), (#4664, #4665), (#4666, #4667), (#4668, #4669), (#4670, #4671), (#4672, #4673), (#4674, #4675), (#4676, #4677), (#4678, #4679), (#4680, #4681), (#4682, #4683), (#4684, #4685), (#4686, #4687), (#4688, #4689), (#4690, #4691), (#4692, #4693), (#4694, #4695), (#4696, #4697), (#4698, #4699), (#4700, #4701), (#4702, #4703), (#4704, #4705), (#4706, #4707), (#4708, #4709), (#4710, #4711), (#4712, #4713), (#4714, #4715), (#4716, #4717), (#4718, #4719), (#4720, #4721), (#4722, #4723), (#4724, #4725), (#4726, #4727), (#4728, #4729), (#4730, #4731), (#4732, #4733), (#4734, #4735), (#4736, #4737), (#4738, #4739), (#4740, #4741), (#4742, #4743), (#4744, #4745), (#4746, #4747), (#4748, #4749), (#4750, #4751), (#4752, #4753), (#4754, #4755), (#4756, #4757), (#4758, #4759), (#4760, #4761), (#4762, #4763), (#4764, #4765), (#4766, #4767)), .UNSPECIFIED., .F., .F., .U., (4, 3, 3, 3, 3, 3, 3, 3, 3, 3, 3, 3, 3, 3, 3, 3, 3, 3, 3, 4), (2, 2), (0., 0.08649755859375, 0.1729951171875, 0.25949267578125, 0.345990234375, 0.43248779296875, 0.5189853515625, 0.60548291015625, 0.69198046875, 0.77847802734375, 0.8649755859375, 0.95147314453125, 1.037970703125, 1.12446826171875, 1.2109658203125, 1.29746337890625, 1.3839609375, 1.47045849609375, 1.5569560546875, 1.61605407621577), (0., 1.), .UNSPECIFIED.);
#4652 = CARTESIAN_POINT('', (-1.3, 22.8, 35.23));
#4653 = CARTESIAN_POINT('', (0.370000000000005, 22.8, 36.9));
#4654 = CARTESIAN_POINT('', (-1.3, 22.7244196089957, 35.23));
#4655 = CARTESIAN_POINT('', (0.370000000000005, 22.7711674804687, 36.9));
#4656 = CARTESIAN_POINT('', (-1.29680960175881, 22.6485722371365, 35.23));
#4657 = CARTESIAN_POINT('', (0.371217077847537, 22.7422331126854, 36.9));
#4658 = CARTESIAN_POINT('', (-1.29046249564286, 22.5732588269872, 35.23));
#4659 = CARTESIAN_POINT('', (0.373638381291769, 22.7135024414063, 36.9));
#4660 = CARTESIAN_POINT('', (-1.28411538952691, 22.497945416838, 35.23));
#4661 = CARTESIAN_POINT('', (0.376059684736002, 22.6847717701271, 36.9));
#4662 = CARTESIAN_POINT('', (-1.27456673438639, 22.4226338928599, 35.23));
#4663 = CARTESIAN_POINT('', (0.379702319845176, 22.6560418183873, 36.9));
#4664 = CARTESIAN_POINT('', (-1.2619173633043, 22.3481195391045, 35.23));
#4665 = CARTESIAN_POINT('', (0.384527820665383, 22.6276159723251, 36.9));
#4666 = CARTESIAN_POINT('', (-1.2492679922222, 22.2736051853492, 35.23));
#4667 = CARTESIAN_POINT('', (0.38935332148559, 22.5991901262628, 36.9));
#4668 = CARTESIAN_POINT('', (-1.23342853969348, 22.1993615714656, 35.23));
#4669 = CARTESIAN_POINT('', (0.395395779302109, 22.570867562448, 36.9));
#4670 = CARTESIAN_POINT('', (-1.21456626915028, 22.1261727044549, 35.23));
#4671 = CARTESIAN_POINT('', (0.402591386213032, 22.5429473650328, 36.9));
#4672 = CARTESIAN_POINT('', (-1.19570399860708, 22.0529838374442, 35.23));
#4673 = CARTESIAN_POINT('', (0.409786993123956, 22.5150271676176, 36.9));
#4674 = CARTESIAN_POINT('', (-1.17368565154015, 21.9803326512782, 35.23));
#4675 = CARTESIAN_POINT('', (0.418186584782817, 22.4873120854876, 36.9));
#4676 = CARTESIAN_POINT('', (-1.14874374004511, 21.9089863370403, 35.23));
#4677 = CARTESIAN_POINT('', (0.427701462130926, 22.4600947878339, 36.9));
#4678 = CARTESIAN_POINT('', (-1.12380182855006, 21.8376400228024, 35.23));
#4679 = CARTESIAN_POINT('', (0.437216339479036, 22.4328774901802, 36.9));
#4680 = CARTESIAN_POINT('', (-1.09576014256056, 21.7670945317647, 35.23));
#4681 = CARTESIAN_POINT('', (0.44791372339357, 22.4059656917473, 36.9));
#4682 = CARTESIAN_POINT('', (-1.06491480018001, 21.6980948190277, 35.23));
#4683 = CARTESIAN_POINT('', (0.459680650301706, 22.3796435791106, 36.9));
#4684 = CARTESIAN_POINT('', (-1.03406945779945, 21.6290951062908, 35.23));
#4685 = CARTESIAN_POINT('', (0.471447577209843, 22.3533214664739, 36.9));
#4686 = CARTESIAN_POINT('', (-1.00020254229648, 21.5611537014392, 35.23));
#4687 = CARTESIAN_POINT('', (0.484367178309111, 22.3274030786972, 36.9));
#4688 = CARTESIAN_POINT('', (-0.963671685761797, 21.4949880606186, 35.23));
#4689 = CARTESIAN_POINT('', (0.498303023579751, 22.3021621120138, 36.9));
#4690 = CARTESIAN_POINT('', (-0.927140829227109, 21.428822419798, 35.23));
#4691 = CARTESIAN_POINT('', (0.512238868850392, 22.2769211453304, 36.9));
#4692 = CARTESIAN_POINT('', (-0.887687947806355, 21.3639650947954, 35.23));
#4693 = CARTESIAN_POINT('', (0.527289412503491, 22.2521792769034, 36.9));
#4694 = CARTESIAN_POINT('', (-0.845729660971879, 21.3011009741043, 35.23));
#4695 = CARTESIAN_POINT('', (0.543295721925531, 22.2281977790101, 36.9));
#4696 = CARTESIAN_POINT('', (-0.803771374137404, 21.2382368534131, 35.23));
#4697 = CARTESIAN_POINT('', (0.559302031347572, 22.2042162811169, 36.9));
#4698 = CARTESIAN_POINT('', (-0.759011254227351, 21.1769218134594, 35.23));
#4699 = CARTESIAN_POINT('', (0.576377188202169, 22.1808257288382, 36.9));
#4700 = CARTESIAN_POINT('', (-0.711921964754941, 21.1178033364717, 35.23));
#4701 = CARTESIAN_POINT('', (0.594340880112014, 22.158273124654, 36.9));
#4702 = CARTESIAN_POINT('', (-0.664832675282531, 21.0586848594841, 35.23));
#4703 = CARTESIAN_POINT('', (0.61230457202186, 22.1357205204699, 36.9));
#4704 = CARTESIAN_POINT('', (-0.615081538985896, 21.0013452841797, 35.23));
#4705 = CARTESIAN_POINT('', (0.631283709201684, 22.1138465343352, 36.9));
#4706 = CARTESIAN_POINT('', (-0.563193924137416, 20.9463901121784, 35.23));
#4707 = CARTESIAN_POINT('', (0.651077873384622, 22.0928821539051, 36.9));
#4708 = CARTESIAN_POINT('', (-0.511306309288937, 20.8914349401771, 35.23));
#4709 = CARTESIAN_POINT('', (0.670872037567561, 22.071917773475, 36.9));
#4710 = CARTESIAN_POINT('', (-0.456915639331057, 20.8384759231883, 35.23));
#4711 = CARTESIAN_POINT('', (0.691621070921862, 22.0517148892163, 36.9));
#4712 = CARTESIAN_POINT('', (-0.400596275664063, 20.788072304464, 35.23));
#4713 = CARTESIAN_POINT('', (0.713105865209641, 22.0324868420733, 36.9));
#4714 = CARTESIAN_POINT('', (-0.344276911997069, 20.7376686857398, 35.23));
#4715 = CARTESIAN_POINT('', (0.734590659497421, 22.0132587949304, 36.9));
#4716 = CARTESIAN_POINT('', (-0.285630968564398, 20.6894643728852, 35.23));
#4717 = CARTESIAN_POINT('', (0.756963000881, 21.9948697422488, 36.9));
#4718 = CARTESIAN_POINT('', (-0.225277742135457, 20.6439683998329, 35.23));
#4719 = CARTESIAN_POINT('', (0.7799866391113, 21.9775138710474, 36.9));
#4720 = CARTESIAN_POINT('', (-0.164924515706515, 20.5984724267806, 35.23));
#4721 = CARTESIAN_POINT('', (0.8030102773416, 21.9601579998459, 36.9));
#4722 = CARTESIAN_POINT('', (-0.102437621718317, 20.5553633727595, 35.23));
#4723 = CARTESIAN_POINT('', (0.826847870233384, 21.9437126940527, 36.9));
#4724 = CARTESIAN_POINT('', (-0.0384769170904153, 20.5150964661505, 35.23));
#4725 = CARTESIAN_POINT('', (0.851247694591436, 21.9283516148648, 36.9));
#4726 = CARTESIAN_POINT('', (0.0254837875374863, 20.4748295595415, 35.23));
#4727 = CARTESIAN_POINT('', (0.875647518949487, 21.9129905356769, 36.9));
#4728 = CARTESIAN_POINT('', (0.0913701735451412, 20.4371203219764, 35.23));
#4729 = CARTESIAN_POINT('', (0.900781955093133, 21.8986051598651, 36.9));
#4730 = CARTESIAN_POINT('', (0.158486485631948, 20.402366960179, 35.23));
#4731 = CARTESIAN_POINT('', (0.926385585259581, 21.8853473959201, 36.9));
#4732 = CARTESIAN_POINT('', (0.225602797718754, 20.3676135983815, 35.23));
#4733 = CARTESIAN_POINT('', (0.951989215426029, 21.8720896319752, 36.9));
#4734 = CARTESIAN_POINT('', (0.294423200417265, 20.3355705861744, 35.23));
#4735 = CARTESIAN_POINT('', (0.97824292460363, 21.8598658162073, 36.9));
#4736 = CARTESIAN_POINT('', (0.364220955430411, 20.306576295366, 35.23));
#4737 = CARTESIAN_POINT('', (1.00486947559013, 21.8488050311952, 36.9));
#4738 = CARTESIAN_POINT('', (0.434018710443557, 20.2775820045577, 35.23));
#4739 = CARTESIAN_POINT('', (1.03149602657662, 21.8377442461831, 36.9));
#4740 = CARTESIAN_POINT('', (0.505286926210256, 20.2514315957593, 35.23));
#4741 = CARTESIAN_POINT('', (1.05868353110985, 21.8277683494934, 36.9));
#4742 = CARTESIAN_POINT('', (0.577273015710811, 20.2284012153288, 35.23));
#4743 = CARTESIAN_POINT('', (1.08614489117858, 21.8189826858476, 36.9));
#4744 = CARTESIAN_POINT('', (0.649259105211365, 20.2053708348983, 35.23));
#4745 = CARTESIAN_POINT('', (1.11360625124731, 21.8101970222019, 36.9));
#4746 = CARTESIAN_POINT('', (0.722471637069647, 20.1852977773885, 35.23));
#4747 = CARTESIAN_POINT('', (1.14153547636361, 21.8025395224852, 36.9));
#4748 = CARTESIAN_POINT('', (0.796137492433711, 20.1683940127831, 35.23));
#4749 = CARTESIAN_POINT('', (1.16963763600249, 21.7960910493209, 36.9));
#4750 = CARTESIAN_POINT('', (0.869803347797774, 20.1514902481777, 35.23));
#4751 = CARTESIAN_POINT('', (1.19773979564137, 21.7896425761567, 36.9));
#4752 = CARTESIAN_POINT('', (0.944442962531627, 20.1376363544554, 35.23));
#4753 = CARTESIAN_POINT('', (1.22621342644726, 21.7843575722552, 36.9));
#4754 = CARTESIAN_POINT('', (1.01926814789512, 20.1269786276962, 35.23));
#4755 = CARTESIAN_POINT('', (1.25475784901185, 21.7802918468618, 36.9));
#4756 = CARTESIAN_POINT('', (1.09409333325861, 20.116320900937, 35.23));
#4757 = CARTESIAN_POINT('', (1.28330227157644, 21.7762261214685, 36.9));
#4758 = CARTESIAN_POINT('', (1.16963271557118, 20.1087840462406, 35.23));
#4759 = CARTESIAN_POINT('', (1.31211914705126, 21.7733509509732, 36.9));
#4760 = CARTESIAN_POINT('', (1.24508860461453, 20.1044476522279, 35.23));
#4761 = CARTESIAN_POINT('', (1.34090417139002, 21.7716966969609, 36.9));
#4762 = CARTESIAN_POINT('', (1.29664258865311, 20.1014848829789, 35.23));
#4763 = CARTESIAN_POINT('', (1.36057106159733, 21.7705664553585, 36.9));
#4764 = CARTESIAN_POINT('', (1.34836095206267, 20.1, 35.23));
#4765 = CARTESIAN_POINT('', (1.38030065949057, 21.77, 36.9));
#4766 = CARTESIAN_POINT('', (1.4, 20.1, 35.23));
#4767 = CARTESIAN_POINT('', (1.39999999999999, 21.77, 36.9));
#4768 = ADVANCED_FACE('', (#4769), #4779, .T.);
#4769 = FACE_OUTER_BOUND('', #4770, .T.);
#4770 = EDGE_LOOP('', (#4771, #4772, #4777, #4778));
#4771 = ORIENTED_EDGE('', *, *, #4536, .T.);
#4772 = ORIENTED_EDGE('', *, *, #4773, .T.);
#4773 = EDGE_CURVE('', #4539, #3231, #4774, .T.);
#4774 = B_SPLINE_CURVE_WITH_KNOTS('', 1, (#4775, #4776), .UNSPECIFIED., .F., .U., (2, 2), (0., 1.), .UNSPECIFIED.);
#4775 = CARTESIAN_POINT('', (42.1, 20.1, 35.23));
#4776 = CARTESIAN_POINT('', (42.1, 21.77, 36.9));
#4777 = ORIENTED_EDGE('', *, *, #3230, .F.);
#4778 = ORIENTED_EDGE('', *, *, #4641, .F.);
#4779 = B_SPLINE_SURFACE_WITH_KNOTS('', 1, 1, ((#4780, #4781), (#4782, #4783)), .UNSPECIFIED., .F., .F., .U., (2, 2), (2, 2), (0., 40.7), (0., 1.), .UNSPECIFIED.);
#4780 = CARTESIAN_POINT('', (1.4, 20.1, 35.23));
#4781 = CARTESIAN_POINT('', (1.40000000000001, 21.77, 36.9));
#4782 = CARTESIAN_POINT('', (42.1, 20.1, 35.23));
#4783 = CARTESIAN_POINT('', (42.1, 21.77, 36.9));
#4784 = ADVANCED_FACE('', (#4785), #4866, .T.);
#4785 = FACE_OUTER_BOUND('', #4786, .T.);
#4786 = EDGE_LOOP('', (#4787, #4788, #4789, #4861));
#4787 = ORIENTED_EDGE('', *, *, #3239, .F.);
#4788 = ORIENTED_EDGE('', *, *, #4773, .F.);
#4789 = ORIENTED_EDGE('', *, *, #4790, .T.);
#4790 = EDGE_CURVE('', #4539, #4791, #4793, .T.);
#4791 = VERTEX_POINT('', #4792);
#4792 = CARTESIAN_POINT('', (46.1, 16.1, 35.23));
#4793 = B_SPLINE_CURVE_WITH_KNOTS('', 3, (#4794, #4795, #4796, #4797, #4798, #4799, #4800, #4801, #4802, #4803, #4804, #4805, #4806, #4807, #4808, #4809, #4810, #4811, #4812, #4813, #4814, #4815, #4816, #4817, #4818, #4819, #4820, #4821, #4822, #4823, #4824, #4825, #4826, #4827, #4828, #4829, #4830, #4831, #4832, #4833, #4834, #4835, #4836, #4837, #4838, #4839, #4840, #4841, #4842, #4843, #4844, #4845, #4846, #4847, #4848, #4849, #4850, #4851, #4852, #4853, #4854, #4855, #4856, #4857, #4858, #4859, #4860), .UNSPECIFIED., .F., .U., (4, 3, 3, 3, 3, 3, 3, 3, 3, 3, 3, 3, 3, 3, 3, 3, 3, 3, 3, 3, 3, 3, 4), (0., 0.437893890380859, 0.875787780761719, 1.31368167114258, 1.75157556152344, 2.1894694519043, 2.62736334228516, 3.06525723266602, 3.50315112304688, 3.94104501342774, 4.37893890380859, 4.81683279418945, 5.25472668457031, 5.69262057495117, 6.13051446533203, 6.56840835571289, 7.00630224609375, 7.44419613647461, 7.88209002685547, 8.31998391723633, 8.53893086242676, 8.75787780761719, 8.89767409058972), .UNSPECIFIED.);
#4794 = CARTESIAN_POINT('', (42.1, 20.1, 35.23));
#4795 = CARTESIAN_POINT('', (42.2029732840402, 20.1, 35.23));
#4796 = CARTESIAN_POINT('', (42.3062541177457, 20.096005847861, 35.23));
#4797 = CARTESIAN_POINT('', (42.4089198521205, 20.0880532249414, 35.23));
#4798 = CARTESIAN_POINT('', (42.5115855864954, 20.0801006020219, 35.23));
#4799 = CARTESIAN_POINT('', (42.6142494837568, 20.0681420042234, 35.23));
#4800 = CARTESIAN_POINT('', (42.7159944062489, 20.0522842624829, 35.23));
#4801 = CARTESIAN_POINT('', (42.8177393287409, 20.0364265207425, 35.23));
#4802 = CARTESIAN_POINT('', (42.9191730383147, 20.0165749106234, 35.23));
#4803 = CARTESIAN_POINT('', (43.0193893870728, 19.9929067744987, 35.23));
#4804 = CARTESIAN_POINT('', (43.1196057358309, 19.9692386383741, 35.23));
#4805 = CARTESIAN_POINT('', (43.2192033548612, 19.9416125972947, 35.23));
#4806 = CARTESIAN_POINT('', (43.3172924987974, 19.9102754457351, 35.23));
#4807 = CARTESIAN_POINT('', (43.4153816427337, 19.8789382941754, 35.23));
#4808 = CARTESIAN_POINT('', (43.512548236045, 19.8437028431851, 35.23));
#4809 = CARTESIAN_POINT('', (43.6079242506903, 19.8048838651407, 35.23));
#4810 = CARTESIAN_POINT('', (43.7033002653355, 19.7660648870964, 35.23));
#4811 = CARTESIAN_POINT('', (43.7974554192112, 19.7234305011986, 35.23));
#4812 = CARTESIAN_POINT('', (43.889548586669, 19.677361577469, 35.23));
#4813 = CARTESIAN_POINT('', (43.9816417541267, 19.6312926537393, 35.23));
#4814 = CARTESIAN_POINT('', (44.0722230433447, 19.5815140046431, 35.23));
#4815 = CARTESIAN_POINT('', (44.160483255437, 19.5284703227626, 35.23));
#4816 = CARTESIAN_POINT('', (44.2487434675293, 19.4754266408821, 35.23));
#4817 = CARTESIAN_POINT('', (44.3352098149461, 19.4188010757493, 35.23));
#4818 = CARTESIAN_POINT('', (44.4191098592227, 19.3590994861857, 35.23));
#4819 = CARTESIAN_POINT('', (44.5030099034992, 19.2993978966222, 35.23));
#4820 = CARTESIAN_POINT('', (44.5848448121137, 19.2362636618974, 35.23));
#4821 = CARTESIAN_POINT('', (44.6638835210963, 19.1702607853814, 35.23));
#4822 = CARTESIAN_POINT('', (44.7429222300789, 19.1042579088655, 35.23));
#4823 = CARTESIAN_POINT('', (44.8196368682683, 19.034992129799, 35.23));
#4824 = CARTESIAN_POINT('', (44.8933421131184, 18.9630822270901, 35.23));
#4825 = CARTESIAN_POINT('', (44.9670473579686, 18.8911723243812, 35.23));
#4826 = CARTESIAN_POINT('', (45.0381834794699, 18.8161887523139, 35.23));
#4827 = CARTESIAN_POINT('', (45.1061149901971, 18.7388013691281, 35.23));
#4828 = CARTESIAN_POINT('', (45.1740465009243, 18.6614139859424, 35.23));
#4829 = CARTESIAN_POINT('', (45.2391791821164, 18.5811605268085, 35.23));
#4830 = CARTESIAN_POINT('', (45.3009311774817, 18.4987579279756, 35.23));
#4831 = CARTESIAN_POINT('', (45.362683172847, 18.4163553291426, 35.23));
#4832 = CARTESIAN_POINT('', (45.4214233509844, 18.3313113679542, 35.23));
#4833 = CARTESIAN_POINT('', (45.4766269623887, 18.2443857761303, 35.23));
#4834 = CARTESIAN_POINT('', (45.531830573793, 18.1574601843063, 35.23));
#4835 = CARTESIAN_POINT('', (45.5838273710281, 18.0681337216006, 35.23));
#4836 = CARTESIAN_POINT('', (45.6321528459075, 17.9772043770319, 35.23));
#4837 = CARTESIAN_POINT('', (45.6804783207869, 17.8862750324632, 35.23));
#4838 = CARTESIAN_POINT('', (45.7254211400995, 17.7931996498185, 35.23));
#4839 = CARTESIAN_POINT('', (45.766579811665, 17.6988097087179, 35.23));
#4840 = CARTESIAN_POINT('', (45.8077384832305, 17.6044197676172, 35.23));
#4841 = CARTESIAN_POINT('', (45.8453588637443, 17.5081514403636, 35.23));
#4842 = CARTESIAN_POINT('', (45.8791048753005, 17.4108647304281, 35.23));
#4843 = CARTESIAN_POINT('', (45.9128508868566, 17.3135780204926, 35.23));
#4844 = CARTESIAN_POINT('', (45.9429241074597, 17.2146917966554, 35.23));
#4845 = CARTESIAN_POINT('', (45.969055881002, 17.115089449105, 35.23));
#4846 = CARTESIAN_POINT('', (45.9951876545442, 17.0154871015545, 35.23));
#4847 = CARTESIAN_POINT('', (46.0175340762357, 16.9145736668701, 35.23));
#4848 = CARTESIAN_POINT('', (46.0358955165538, 16.8132506451255, 35.23));
#4849 = CARTESIAN_POINT('', (46.0542569568719, 16.7119276233808, 35.23));
#4850 = CARTESIAN_POINT('', (46.0687430958151, 16.6095897729015, 35.23));
#4851 = CARTESIAN_POINT('', (46.0792245229105, 16.5071513186372, 35.23));
#4852 = CARTESIAN_POINT('', (46.0844652364581, 16.455932091505, 35.23));
#4853 = CARTESIAN_POINT('', (46.0887286336488, 16.4044581439485, 35.23));
#4854 = CARTESIAN_POINT('', (46.0919861246751, 16.3530746538109, 35.23));
#4855 = CARTESIAN_POINT('', (46.0952436157014, 16.3016911636733, 35.23));
#4856 = CARTESIAN_POINT('', (46.0975146770025, 16.250090910639, 35.23));
#4857 = CARTESIAN_POINT('', (46.0987840791258, 16.1986199195396, 35.23));
#4858 = CARTESIAN_POINT('', (46.0995945846037, 16.1657560070957, 35.23));
#4859 = CARTESIAN_POINT('', (46.1, 16.1328739054609, 35.23));
#4860 = CARTESIAN_POINT('', (46.1, 16.1, 35.23));
#4861 = ORIENTED_EDGE('', *, *, #4862, .T.);
#4862 = EDGE_CURVE('', #4791, #3240, #4863, .T.);
#4863 = B_SPLINE_CURVE_WITH_KNOTS('', 1, (#4864, #4865), .UNSPECIFIED., .F., .U., (2, 2), (0., 1.), .UNSPECIFIED.);
#4864 = CARTESIAN_POINT('', (46.1, 16.1, 35.23));
#4865 = CARTESIAN_POINT('', (47.77, 16.1, 36.9));
#4866 = B_SPLINE_SURFACE_WITH_KNOTS('', 1, 3, ((#4867, #4868, #4869, #4870, #4871, #4872, #4873, #4874, #4875, #4876, #4877, #4878, #4879, #4880, #4881, #4882, #4883, #4884, #4885, #4886, #4887, #4888, #4889, #4890, #4891, #4892, #4893, #4894, #4895, #4896, #4897, #4898, #4899, #4900, #4901, #4902, #4903, #4904, #4905, #4906, #4907, #4908, #4909, #4910, #4911, #4912, #4913, #4914, #4915, #4916, #4917, #4918, #4919, #4920, #4921, #4922, #4923, #4924, #4925, #4926, #4927, #4928, #4929, #4930, #4931, #4932, #4933), (#4934, #4935, #4936, #4937, #4938, #4939, #4940, #4941, #4942, #4943, #4944, #4945, #4946, #4947, #4948, #4949, #4950, #4951, #4952, #4953, #4954, #4955, #4956, #4957, #4958, #4959, #4960, #4961, #4962, #4963, #4964, #4965, #4966, #4967, #4968, #4969, #4970, #4971, #4972, #4973, #4974, #4975, #4976, #4977, #4978, #4979, #4980, #4981, #4982, #4983, #4984, #4985, #4986, #4987, #4988, #4989, #4990, #4991, #4992, #4993, #4994, #4995, #4996, #4997, #4998, #4999, #5000)), .UNSPECIFIED., .F., .F., .U., (2, 2), (4, 3, 3, 3, 3, 3, 3, 3, 3, 3, 3, 3, 3, 3, 3, 3, 3, 3, 3, 3, 3, 3, 4), (0., 1.), (0., 0.437893890380859, 0.875787780761719, 1.31368167114258, 1.75157556152344, 2.1894694519043, 2.62736334228516, 3.06525723266602, 3.50315112304688, 3.94104501342774, 4.37893890380859, 4.81683279418945, 5.25472668457031, 5.69262057495117, 6.13051446533203, 6.56840835571289, 7.00630224609375, 7.44419613647461, 7.88209002685547, 8.31998391723633, 8.53893086242676, 8.75787780761719, 8.89767409058972), .UNSPECIFIED.);
#4867 = CARTESIAN_POINT('', (42.1, 21.77, 36.9));
#4868 = CARTESIAN_POINT('', (42.245964630127, 21.77, 36.9));
#4869 = CARTESIAN_POINT('', (42.3923652119046, 21.764338289343, 36.9));
#4870 = CARTESIAN_POINT('', (42.5378938903809, 21.7530654463546, 36.9));
#4871 = CARTESIAN_POINT('', (42.6834225688572, 21.7417926033662, 36.9));
#4872 = CARTESIAN_POINT('', (42.8289486432253, 21.7248412909867, 36.9));
#4873 = CARTESIAN_POINT('', (42.9731720708578, 21.7023629420696, 36.9));
#4874 = CARTESIAN_POINT('', (43.1173954984902, 21.6798845931525, 36.9));
#4875 = CARTESIAN_POINT('', (43.2611777818111, 21.6517449358086, 36.9));
#4876 = CARTESIAN_POINT('', (43.4032344561757, 21.6181953528519, 36.9));
#4877 = CARTESIAN_POINT('', (43.5452911305403, 21.5846457698953, 36.9));
#4878 = CARTESIAN_POINT('', (43.6864707555157, 21.5454858566653, 36.9));
#4879 = CARTESIAN_POINT('', (43.8255121170454, 21.5010654443294, 36.9));
#4880 = CARTESIAN_POINT('', (43.964553478575, 21.4566450319936, 36.9));
#4881 = CARTESIAN_POINT('', (44.1022871245938, 21.4066987802149, 36.9));
#4882 = CARTESIAN_POINT('', (44.2374826253535, 21.351672878837, 36.9));
#4883 = CARTESIAN_POINT('', (44.3726781261131, 21.2966469774591, 36.9));
#4884 = CARTESIAN_POINT('', (44.5061430567318, 21.2362127354491, 36.9));
#4885 = CARTESIAN_POINT('', (44.6366851216032, 21.1709100360622, 36.9));
#4886 = CARTESIAN_POINT('', (44.7672271864746, 21.1056073366754, 36.9));
#4887 = CARTESIAN_POINT('', (44.8956261639411, 21.0350461015816, 36.9));
#4888 = CARTESIAN_POINT('', (45.0207350145819, 20.959856682516, 36.9));
#4889 = CARTESIAN_POINT('', (45.1458438652227, 20.8846672634503, 36.9));
#4890 = CARTESIAN_POINT('', (45.2684099126861, 20.8044005248746, 36.9));
#4891 = CARTESIAN_POINT('', (45.3873382254482, 20.7197735216683, 36.9));
#4892 = CARTESIAN_POINT('', (45.5062665382102, 20.635146518462, 36.9));
#4893 = CARTESIAN_POINT('', (45.6222675211711, 20.5456537407395, 36.9));
#4894 = CARTESIAN_POINT('', (45.734304891154, 20.4520946632782, 36.9));
#4895 = CARTESIAN_POINT('', (45.8463422611368, 20.3585355858168, 36.9));
#4896 = CARTESIAN_POINT('', (45.9550852607703, 20.26035134399, 36.9));
#4897 = CARTESIAN_POINT('', (46.0595624453454, 20.1584190569002, 36.9));
#4898 = CARTESIAN_POINT('', (46.1640396299205, 20.0564867698103, 36.9));
#4899 = CARTESIAN_POINT('', (46.2648750821485, 19.9501975564049, 36.9));
#4900 = CARTESIAN_POINT('', (46.3611679986044, 19.8405009407391, 36.9));
#4901 = CARTESIAN_POINT('', (46.4574609150602, 19.7308043250733, 36.9));
#4902 = CARTESIAN_POINT('', (46.54978649065, 19.6170450467511, 36.9));
#4903 = CARTESIAN_POINT('', (46.6373199440803, 19.5002393629054, 36.9));
#4904 = CARTESIAN_POINT('', (46.7248533975106, 19.3834336790596, 36.9));
#4905 = CARTESIAN_POINT('', (46.8081176000204, 19.2628838640751, 36.9));
#4906 = CARTESIAN_POINT('', (46.8863687191859, 19.1396668376647, 36.9));
#4907 = CARTESIAN_POINT('', (46.9646198383515, 19.0164498112542, 36.9));
#4908 = CARTESIAN_POINT('', (47.0383252984323, 18.8898295503689, 36.9));
#4909 = CARTESIAN_POINT('', (47.1068266590738, 18.7609372044427, 36.9));
#4910 = CARTESIAN_POINT('', (47.1753280197154, 18.6320448585165, 36.9));
#4911 = CARTESIAN_POINT('', (47.2390344660911, 18.5001105036177, 36.9));
#4912 = CARTESIAN_POINT('', (47.2973768830352, 18.3663127621076, 36.9));
#4913 = CARTESIAN_POINT('', (47.3557192999793, 18.2325150205974, 36.9));
#4914 = CARTESIAN_POINT('', (47.4090461893576, 18.0960546667153, 36.9));
#4915 = CARTESIAN_POINT('', (47.4568811607384, 17.9581507553818, 36.9));
#4916 = CARTESIAN_POINT('', (47.5047161321193, 17.8202468440482, 36.9));
#4917 = CARTESIAN_POINT('', (47.5473449223242, 17.680075621759, 36.9));
#4918 = CARTESIAN_POINT('', (47.5843867113203, 17.5388892941063, 36.9));
#4919 = CARTESIAN_POINT('', (47.6214285003164, 17.3977029664535, 36.9));
#4920 = CARTESIAN_POINT('', (47.6531045530642, 17.2546581727884, 36.9));
#4921 = CARTESIAN_POINT('', (47.679131894715, 17.1110327894653, 36.9));
#4922 = CARTESIAN_POINT('', (47.7051592363659, 16.9674074061423, 36.9));
#4923 = CARTESIAN_POINT('', (47.7256933383181, 16.8223435030878, 36.9));
#4924 = CARTESIAN_POINT('', (47.7405507612257, 16.6771369941681, 36.9));
#4925 = CARTESIAN_POINT('', (47.7479794726796, 16.6045337397083, 36.9));
#4926 = CARTESIAN_POINT('', (47.7540228381972, 16.531569419047, 36.9));
#4927 = CARTESIAN_POINT('', (47.758640331727, 16.458733321777, 36.9));
#4928 = CARTESIAN_POINT('', (47.7632578252567, 16.385897224507, 36.9));
#4929 = CARTESIAN_POINT('', (47.7664770546513, 16.3127538658307, 36.9));
#4930 = CARTESIAN_POINT('', (47.7682764321611, 16.2397937359473, 36.9));
#4931 = CARTESIAN_POINT('', (47.769425323676, 16.193209140058, 36.9));
#4932 = CARTESIAN_POINT('', (47.77, 16.1465987609908, 36.9));
#4933 = CARTESIAN_POINT('', (47.77, 16.1, 36.9));
#4934 = CARTESIAN_POINT('', (42.1, 20.1, 35.23));
#4935 = CARTESIAN_POINT('', (42.2029732840402, 20.1, 35.23));
#4936 = CARTESIAN_POINT('', (42.3062541177457, 20.096005847861, 35.23));
#4937 = CARTESIAN_POINT('', (42.4089198521205, 20.0880532249414, 35.23));
#4938 = CARTESIAN_POINT('', (42.5115855864954, 20.0801006020219, 35.23));
#4939 = CARTESIAN_POINT('', (42.6142494837568, 20.0681420042234, 35.23));
#4940 = CARTESIAN_POINT('', (42.7159944062489, 20.0522842624829, 35.23));
#4941 = CARTESIAN_POINT('', (42.8177393287409, 20.0364265207425, 35.23));
#4942 = CARTESIAN_POINT('', (42.9191730383147, 20.0165749106234, 35.23));
#4943 = CARTESIAN_POINT('', (43.0193893870728, 19.9929067744987, 35.23));
#4944 = CARTESIAN_POINT('', (43.1196057358309, 19.9692386383741, 35.23));
#4945 = CARTESIAN_POINT('', (43.2192033548612, 19.9416125972947, 35.23));
#4946 = CARTESIAN_POINT('', (43.3172924987974, 19.9102754457351, 35.23));
#4947 = CARTESIAN_POINT('', (43.4153816427337, 19.8789382941754, 35.23));
#4948 = CARTESIAN_POINT('', (43.512548236045, 19.8437028431851, 35.23));
#4949 = CARTESIAN_POINT('', (43.6079242506903, 19.8048838651407, 35.23));
#4950 = CARTESIAN_POINT('', (43.7033002653355, 19.7660648870964, 35.23));
#4951 = CARTESIAN_POINT('', (43.7974554192112, 19.7234305011986, 35.23));
#4952 = CARTESIAN_POINT('', (43.889548586669, 19.677361577469, 35.23));
#4953 = CARTESIAN_POINT('', (43.9816417541267, 19.6312926537393, 35.23));
#4954 = CARTESIAN_POINT('', (44.0722230433447, 19.5815140046431, 35.23));
#4955 = CARTESIAN_POINT('', (44.160483255437, 19.5284703227626, 35.23));
#4956 = CARTESIAN_POINT('', (44.2487434675293, 19.4754266408821, 35.23));
#4957 = CARTESIAN_POINT('', (44.3352098149461, 19.4188010757493, 35.23));
#4958 = CARTESIAN_POINT('', (44.4191098592227, 19.3590994861857, 35.23));
#4959 = CARTESIAN_POINT('', (44.5030099034992, 19.2993978966222, 35.23));
#4960 = CARTESIAN_POINT('', (44.5848448121137, 19.2362636618974, 35.23));
#4961 = CARTESIAN_POINT('', (44.6638835210963, 19.1702607853814, 35.23));
#4962 = CARTESIAN_POINT('', (44.7429222300789, 19.1042579088655, 35.23));
#4963 = CARTESIAN_POINT('', (44.8196368682683, 19.034992129799, 35.23));
#4964 = CARTESIAN_POINT('', (44.8933421131184, 18.9630822270901, 35.23));
#4965 = CARTESIAN_POINT('', (44.9670473579686, 18.8911723243812, 35.23));
#4966 = CARTESIAN_POINT('', (45.0381834794699, 18.8161887523139, 35.23));
#4967 = CARTESIAN_POINT('', (45.1061149901971, 18.7388013691281, 35.23));
#4968 = CARTESIAN_POINT('', (45.1740465009243, 18.6614139859424, 35.23));
#4969 = CARTESIAN_POINT('', (45.2391791821164, 18.5811605268085, 35.23));
#4970 = CARTESIAN_POINT('', (45.3009311774817, 18.4987579279756, 35.23));
#4971 = CARTESIAN_POINT('', (45.362683172847, 18.4163553291426, 35.23));
#4972 = CARTESIAN_POINT('', (45.4214233509844, 18.3313113679542, 35.23));
#4973 = CARTESIAN_POINT('', (45.4766269623887, 18.2443857761303, 35.23));
#4974 = CARTESIAN_POINT('', (45.531830573793, 18.1574601843063, 35.23));
#4975 = CARTESIAN_POINT('', (45.5838273710281, 18.0681337216006, 35.23));
#4976 = CARTESIAN_POINT('', (45.6321528459075, 17.9772043770319, 35.23));
#4977 = CARTESIAN_POINT('', (45.6804783207869, 17.8862750324632, 35.23));
#4978 = CARTESIAN_POINT('', (45.7254211400995, 17.7931996498185, 35.23));
#4979 = CARTESIAN_POINT('', (45.766579811665, 17.6988097087179, 35.23));
#4980 = CARTESIAN_POINT('', (45.8077384832305, 17.6044197676172, 35.23));
#4981 = CARTESIAN_POINT('', (45.8453588637443, 17.5081514403636, 35.23));
#4982 = CARTESIAN_POINT('', (45.8791048753005, 17.4108647304281, 35.23));
#4983 = CARTESIAN_POINT('', (45.9128508868566, 17.3135780204926, 35.23));
#4984 = CARTESIAN_POINT('', (45.9429241074597, 17.2146917966554, 35.23));
#4985 = CARTESIAN_POINT('', (45.969055881002, 17.115089449105, 35.23));
#4986 = CARTESIAN_POINT('', (45.9951876545442, 17.0154871015545, 35.23));
#4987 = CARTESIAN_POINT('', (46.0175340762357, 16.9145736668701, 35.23));
#4988 = CARTESIAN_POINT('', (46.0358955165538, 16.8132506451255, 35.23));
#4989 = CARTESIAN_POINT('', (46.0542569568719, 16.7119276233808, 35.23));
#4990 = CARTESIAN_POINT('', (46.0687430958151, 16.6095897729015, 35.23));
#4991 = CARTESIAN_POINT('', (46.0792245229105, 16.5071513186372, 35.23));
#4992 = CARTESIAN_POINT('', (46.0844652364581, 16.455932091505, 35.23));
#4993 = CARTESIAN_POINT('', (46.0887286336488, 16.4044581439485, 35.23));
#4994 = CARTESIAN_POINT('', (46.0919861246751, 16.3530746538109, 35.23));
#4995 = CARTESIAN_POINT('', (46.0952436157014, 16.3016911636733, 35.23));
#4996 = CARTESIAN_POINT('', (46.0975146770025, 16.250090910639, 35.23));
#4997 = CARTESIAN_POINT('', (46.0987840791258, 16.1986199195396, 35.23));
#4998 = CARTESIAN_POINT('', (46.0995945846037, 16.1657560070957, 35.23));
#4999 = CARTESIAN_POINT('', (46.1, 16.1328739054609, 35.23));
#5000 = CARTESIAN_POINT('', (46.1, 16.1, 35.23));
#5001 = ADVANCED_FACE('', (#5002), #5012, .T.);
#5002 = FACE_OUTER_BOUND('', #5003, .T.);
#5003 = EDGE_LOOP('', (#5004, #5005, #5006, #5007));
#5004 = ORIENTED_EDGE('', *, *, #4790, .F.);
#5005 = ORIENTED_EDGE('', *, *, #4553, .F.);
#5006 = ORIENTED_EDGE('', *, *, #4489, .F.);
#5007 = ORIENTED_EDGE('', *, *, #5008, .T.);
#5008 = EDGE_CURVE('', #4490, #4791, #5009, .T.);
#5009 = B_SPLINE_CURVE_WITH_KNOTS('', 1, (#5010, #5011), .UNSPECIFIED., .F., .U., (2, 2), (0.764397905759162, 0.956282722513089), .UNSPECIFIED.);
#5010 = CARTESIAN_POINT('', (46.1, 16.1, 27.9));
#5011 = CARTESIAN_POINT('', (46.1, 16.1, 35.23));
#5012 = (
   BOUNDED_SURFACE ()
   B_SPLINE_SURFACE (1, 2, ((#5013, #5014, #5015), (#5016, #5017, #5018)), .UNSPECIFIED., .F., .F., .U.)
   B_SPLINE_SURFACE_WITH_KNOTS ((2, 2), (3, 3), (29.3, 36.63), (0., 6.28318530717959), .UNSPECIFIED.)
   GEOMETRIC_REPRESENTATION_ITEM ()
   RATIONAL_B_SPLINE_SURFACE (((1., 0.707106781186548, 1.), (1., 0.707106781186548, 1.)))
   REPRESENTATION_ITEM ('')
   SURFACE ()
);
#5013 = CARTESIAN_POINT('', (46.1, 16.1, 27.9));
#5014 = CARTESIAN_POINT('', (46.1, 20.1, 27.9));
#5015 = CARTESIAN_POINT('', (42.1, 20.1, 27.9));
#5016 = CARTESIAN_POINT('', (46.1, 16.1, 35.23));
#5017 = CARTESIAN_POINT('', (46.1, 20.1, 35.23));
#5018 = CARTESIAN_POINT('', (42.1, 20.1, 35.23));
#5019 = ADVANCED_FACE('', (#5020), #5038, .T.);
#5020 = FACE_OUTER_BOUND('', #5021, .T.);
#5021 = EDGE_LOOP('', (#5022, #5031, #5032, #5033));
#5022 = ORIENTED_EDGE('', *, *, #5023, .F.);
#5023 = EDGE_CURVE('', #4791, #5024, #5026, .T.);
#5024 = VERTEX_POINT('', #5025);
#5025 = CARTESIAN_POINT('', (46.1, 1.4, 35.23));
#5026 = B_SPLINE_CURVE_WITH_KNOTS('', 3, (#5027, #5028, #5029, #5030), .UNSPECIFIED., .F., .U., (4, 4), (0., 14.7), .UNSPECIFIED.);
#5027 = CARTESIAN_POINT('', (46.1, 16.1, 35.23));
#5028 = CARTESIAN_POINT('', (46.1, 11.2, 35.23));
#5029 = CARTESIAN_POINT('', (46.1, 6.3, 35.23));
#5030 = CARTESIAN_POINT('', (46.1, 1.4, 35.23));
#5031 = ORIENTED_EDGE('', *, *, #5008, .F.);
#5032 = ORIENTED_EDGE('', *, *, #4523, .T.);
#5033 = ORIENTED_EDGE('', *, *, #5034, .T.);
#5034 = EDGE_CURVE('', #4516, #5024, #5035, .T.);
#5035 = B_SPLINE_CURVE_WITH_KNOTS('', 1, (#5036, #5037), .UNSPECIFIED., .F., .U., (2, 2), (0.764397905759162, 0.956282722513089), .UNSPECIFIED.);
#5036 = CARTESIAN_POINT('', (46.1, 1.4, 27.9));
#5037 = CARTESIAN_POINT('', (46.1, 1.4, 35.23));
#5038 = B_SPLINE_SURFACE_WITH_KNOTS('', 1, 1, ((#5039, #5040), (#5041, #5042)), .UNSPECIFIED., .F., .F., .U., (2, 2), (2, 2), (0.599455040871935, 1.), (0.764397905759162, 0.956282722513089), .UNSPECIFIED.);
#5039 = CARTESIAN_POINT('', (46.1, 16.1, 27.9));
#5040 = CARTESIAN_POINT('', (46.1, 16.1, 35.23));
#5041 = CARTESIAN_POINT('', (46.1, 1.4, 27.9));
#5042 = CARTESIAN_POINT('', (46.1, 1.4, 35.23));
#5043 = ADVANCED_FACE('', (#5044), #5110, .T.);
#5044 = FACE_OUTER_BOUND('', #5045, .T.);
#5045 = EDGE_LOOP('', (#5046, #5107, #5108, #5109));
#5046 = ORIENTED_EDGE('', *, *, #5047, .F.);
#5047 = EDGE_CURVE('', #5024, #2398, #5048, .T.);
#5048 = B_SPLINE_CURVE_WITH_KNOTS('', 3, (#5049, #5050, #5051, #5052, #5053, #5054, #5055, #5056, #5057, #5058, #5059, #5060, #5061, #5062, #5063, #5064, #5065, #5066, #5067, #5068, #5069, #5070, #5071, #5072, #5073, #5074, #5075, #5076, #5077, #5078, #5079, #5080, #5081, #5082, #5083, #5084, #5085, #5086, #5087, #5088, #5089, #5090, #5091, #5092, #5093, #5094, #5095, #5096, #5097, #5098, #5099, #5100, #5101, #5102, #5103, #5104, #5105, #5106), .UNSPECIFIED., .F., .U., (4, 3, 3, 3, 3, 3, 3, 3, 3, 3, 3, 3, 3, 3, 3, 3, 3, 3, 3, 4), (0., 0.08649755859375, 0.1729951171875, 0.25949267578125, 0.345990234375, 0.43248779296875, 0.5189853515625, 0.60548291015625, 0.69198046875, 0.77847802734375, 0.8649755859375, 0.95147314453125, 1.037970703125, 1.12446826171875, 1.2109658203125, 1.29746337890625, 1.3839609375, 1.47045849609375, 1.5569560546875, 1.61605407621576), .UNSPECIFIED.);
#5049 = CARTESIAN_POINT('', (46.1, 1.4, 35.23));
#5050 = CARTESIAN_POINT('', (46.1, 1.32441960899575, 35.23));
#5051 = CARTESIAN_POINT('', (46.1031903982412, 1.24857223713648, 35.23));
#5052 = CARTESIAN_POINT('', (46.1095375043571, 1.17325882698724, 35.23));
#5053 = CARTESIAN_POINT('', (46.1158846104731, 1.09794541683799, 35.23));
#5054 = CARTESIAN_POINT('', (46.1254332656136, 1.02263389285992, 35.23));
#5055 = CARTESIAN_POINT('', (46.1380826366957, 0.948119539104534, 35.23));
#5056 = CARTESIAN_POINT('', (46.1507320077778, 0.873605185349151, 35.23));
#5057 = CARTESIAN_POINT('', (46.1665714603065, 0.799361571465665, 35.23));
#5058 = CARTESIAN_POINT('', (46.1854337308497, 0.726172704454963, 35.23));
#5059 = CARTESIAN_POINT('', (46.2042960013929, 0.652983837444261, 35.23));
#5060 = CARTESIAN_POINT('', (46.2263143484598, 0.580332651278205, 35.23));
#5061 = CARTESIAN_POINT('', (46.2512562599549, 0.508986337040338, 35.23));
#5062 = CARTESIAN_POINT('', (46.2761981714499, 0.437640022802472, 35.23));
#5063 = CARTESIAN_POINT('', (46.3042398574394, 0.367094531764714, 35.23));
#5064 = CARTESIAN_POINT('', (46.33508519982, 0.298094819027765, 35.23));
#5065 = CARTESIAN_POINT('', (46.3659305422005, 0.229095106290816, 35.23));
#5066 = CARTESIAN_POINT('', (46.3997974577035, 0.161153701439237, 35.23));
#5067 = CARTESIAN_POINT('', (46.4363283142382, 0.0949880606186644, 35.23));
#5068 = CARTESIAN_POINT('', (46.4728591707729, 0.0288224197980913, 35.23));
#5069 = CARTESIAN_POINT('', (46.5123120521936, -0.0360349052045075, 35.23));
#5070 = CARTESIAN_POINT('', (46.5542703390281, -0.0988990258956532, 35.23));
#5071 = CARTESIAN_POINT('', (46.5962286258626, -0.161763146586799, 35.23));
#5072 = CARTESIAN_POINT('', (46.6409887457726, -0.223078186540556, 35.23));
#5073 = CARTESIAN_POINT('', (46.688078035245, -0.282196663528201, 35.23));
#5074 = CARTESIAN_POINT('', (46.7351673247174, -0.341315140515846, 35.23));
#5075 = CARTESIAN_POINT('', (46.7849184610141, -0.398654715820254, 35.23));
#5076 = CARTESIAN_POINT('', (46.8368060758625, -0.453609887821539, 35.23));
#5077 = CARTESIAN_POINT('', (46.888693690711, -0.508565059822825, 35.23));
#5078 = CARTESIAN_POINT('', (46.9430843606689, -0.561524076811705, 35.23));
#5079 = CARTESIAN_POINT('', (46.9994037243359, -0.611927695535958, 35.23));
#5080 = CARTESIAN_POINT('', (47.0557230880029, -0.662331314260212, 35.23));
#5081 = CARTESIAN_POINT('', (47.1143690314356, -0.710535627114819, 35.23));
#5082 = CARTESIAN_POINT('', (47.1747222578645, -0.756031600167078, 35.23));
#5083 = CARTESIAN_POINT('', (47.2350754842935, -0.801527573219337, 35.23));
#5084 = CARTESIAN_POINT('', (47.2975623782817, -0.844636627240517, 35.23));
#5085 = CARTESIAN_POINT('', (47.3615230829096, -0.88490353384951, 35.23));
#5086 = CARTESIAN_POINT('', (47.4254837875375, -0.925170440458503, 35.23));
#5087 = CARTESIAN_POINT('', (47.4913701735451, -0.962879678023632, 35.23));
#5088 = CARTESIAN_POINT('', (47.5584864856319, -0.997633039821037, 35.23));
#5089 = CARTESIAN_POINT('', (47.6256027977187, -1.03238640161844, 35.23));
#5090 = CARTESIAN_POINT('', (47.6944232004173, -1.06442941382559, 35.23));
#5091 = CARTESIAN_POINT('', (47.7642209554304, -1.09342370463395, 35.23));
#5092 = CARTESIAN_POINT('', (47.8340187104436, -1.12241799544231, 35.23));
#5093 = CARTESIAN_POINT('', (47.9052869262102, -1.14856840424071, 35.23));
#5094 = CARTESIAN_POINT('', (47.9772730157108, -1.1715987846712, 35.23));
#5095 = CARTESIAN_POINT('', (48.0492591052114, -1.19462916510169, 35.23));
#5096 = CARTESIAN_POINT('', (48.1224716370697, -1.21470222261146, 35.23));
#5097 = CARTESIAN_POINT('', (48.1961374924337, -1.23160598721689, 35.23));
#5098 = CARTESIAN_POINT('', (48.2698033477978, -1.24850975182232, 35.23));
#5099 = CARTESIAN_POINT('', (48.3444429625317, -1.26236364554458, 35.23));
#5100 = CARTESIAN_POINT('', (48.4192681478952, -1.27302137230379, 35.23));
#5101 = CARTESIAN_POINT('', (48.4940933332587, -1.28367909906299, 35.23));
#5102 = CARTESIAN_POINT('', (48.5696327155712, -1.29121595375943, 35.23));
#5103 = CARTESIAN_POINT('', (48.6450886046146, -1.29555234777211, 35.23));
#5104 = CARTESIAN_POINT('', (48.6966425886531, -1.29851511702113, 35.23));
#5105 = CARTESIAN_POINT('', (48.7483609520627, -1.3, 35.23));
#5106 = CARTESIAN_POINT('', (48.8, -1.3, 35.23));
#5107 = ORIENTED_EDGE('', *, *, #5034, .F.);
#5108 = ORIENTED_EDGE('', *, *, #4515, .T.);
#5109 = ORIENTED_EDGE('', *, *, #2421, .T.);
#5110 = (
   BOUNDED_SURFACE ()
   B_SPLINE_SURFACE (2, 1, ((#5111, #5112), (#5113, #5114), (#5115, #5116)), .UNSPECIFIED., .F., .F., .U.)
   B_SPLINE_SURFACE_WITH_KNOTS ((3, 3), (2, 2), (8.48230016469245, 12.7234502470387), (29.2, 36.53), .UNSPECIFIED.)
   GEOMETRIC_REPRESENTATION_ITEM ()
   RATIONAL_B_SPLINE_SURFACE (((1., 1.), (0.707106781186548, 0.707106781186548), (1., 1.)))
   REPRESENTATION_ITEM ('')
   SURFACE ()
);
#5111 = CARTESIAN_POINT('', (46.1, 1.4, 27.9));
#5112 = CARTESIAN_POINT('', (46.1, 1.4, 35.23));
#5113 = CARTESIAN_POINT('', (46.1, -1.3, 27.9));
#5114 = CARTESIAN_POINT('', (46.1, -1.3, 35.23));
#5115 = CARTESIAN_POINT('', (48.8, -1.3, 27.9));
#5116 = CARTESIAN_POINT('', (48.8, -1.3, 35.23));
#5117 = ADVANCED_FACE('', (#5118), #5128, .T.);
#5118 = FACE_OUTER_BOUND('', #5119, .T.);
#5119 = EDGE_LOOP('', (#5120, #5121, #5122, #5123));
#5120 = ORIENTED_EDGE('', *, *, #5047, .T.);
#5121 = ORIENTED_EDGE('', *, *, #2493, .T.);
#5122 = ORIENTED_EDGE('', *, *, #3320, .F.);
#5123 = ORIENTED_EDGE('', *, *, #5124, .F.);
#5124 = EDGE_CURVE('', #5024, #3312, #5125, .T.);
#5125 = B_SPLINE_CURVE_WITH_KNOTS('', 1, (#5126, #5127), .UNSPECIFIED., .F., .U., (2, 2), (0., 1.), .UNSPECIFIED.);
#5126 = CARTESIAN_POINT('', (46.1, 1.4, 35.23));
#5127 = CARTESIAN_POINT('', (47.77, 1.40000000000001, 36.9));
#5128 = B_SPLINE_SURFACE_WITH_KNOTS('', 3, 1, ((#5129, #5130), (#5131, #5132), (#5133, #5134), (#5135, #5136), (#5137, #5138), (#5139, #5140), (#5141, #5142), (#5143, #5144), (#5145, #5146), (#5147, #5148), (#5149, #5150), (#5151, #5152), (#5153, #5154), (#5155, #5156), (#5157, #5158), (#5159, #5160), (#5161, #5162), (#5163, #5164), (#5165, #5166), (#5167, #5168), (#5169, #5170), (#5171, #5172), (#5173, #5174), (#5175, #5176), (#5177, #5178), (#5179, #5180), (#5181, #5182), (#5183, #5184), (#5185, #5186), (#5187, #5188), (#5189, #5190), (#5191, #5192), (#5193, #5194), (#5195, #5196), (#5197, #5198), (#5199, #5200), (#5201, #5202), (#5203, #5204), (#5205, #5206), (#5207, #5208), (#5209, #5210), (#5211, #5212), (#5213, #5214), (#5215, #5216), (#5217, #5218), (#5219, #5220), (#5221, #5222), (#5223, #5224), (#5225, #5226), (#5227, #5228), (#5229, #5230), (#5231, #5232), (#5233, #5234), (#5235, #5236), (#5237, #5238), (#5239, #5240), (#5241, #5242), (#5243, #5244)), .UNSPECIFIED., .F., .F., .U., (4, 3, 3, 3, 3, 3, 3, 3, 3, 3, 3, 3, 3, 3, 3, 3, 3, 3, 3, 4), (2, 2), (0., 0.08649755859375, 0.1729951171875, 0.25949267578125, 0.345990234375, 0.43248779296875, 0.5189853515625, 0.60548291015625, 0.69198046875, 0.77847802734375, 0.8649755859375, 0.95147314453125, 1.037970703125, 1.12446826171875, 1.2109658203125, 1.29746337890625, 1.3839609375, 1.47045849609375, 1.5569560546875, 1.61605407621576), (0., 1.), .UNSPECIFIED.);
#5129 = CARTESIAN_POINT('', (46.1, 1.4, 35.23));
#5130 = CARTESIAN_POINT('', (47.77, 1.40000000000001, 36.9));
#5131 = CARTESIAN_POINT('', (46.1, 1.32441960899575, 35.23));
#5132 = CARTESIAN_POINT('', (47.77, 1.37116748046876, 36.9));
#5133 = CARTESIAN_POINT('', (46.1031903982412, 1.24857223713648, 35.23));
#5134 = CARTESIAN_POINT('', (47.7712170778475, 1.34223311268541, 36.9));
#5135 = CARTESIAN_POINT('', (46.1095375043571, 1.17325882698724, 35.23));
#5136 = CARTESIAN_POINT('', (47.7736383812918, 1.31350244140626, 36.9));
#5137 = CARTESIAN_POINT('', (46.1158846104731, 1.09794541683799, 35.23));
#5138 = CARTESIAN_POINT('', (47.776059684736, 1.2847717701271, 36.9));
#5139 = CARTESIAN_POINT('', (46.1254332656136, 1.02263389285992, 35.23));
#5140 = CARTESIAN_POINT('', (47.7797023198452, 1.2560418183873, 36.9));
#5141 = CARTESIAN_POINT('', (46.1380826366957, 0.948119539104534, 35.23));
#5142 = CARTESIAN_POINT('', (47.7845278206654, 1.22761597232507, 36.9));
#5143 = CARTESIAN_POINT('', (46.1507320077778, 0.873605185349151, 35.23));
#5144 = CARTESIAN_POINT('', (47.7893533214856, 1.19919012626283, 36.9));
#5145 = CARTESIAN_POINT('', (46.1665714603065, 0.799361571465665, 35.23));
#5146 = CARTESIAN_POINT('', (47.7953957793021, 1.17086756244801, 36.9));
#5147 = CARTESIAN_POINT('', (46.1854337308497, 0.726172704454963, 35.23));
#5148 = CARTESIAN_POINT('', (47.802591386213, 1.14294736503282, 36.9));
#5149 = CARTESIAN_POINT('', (46.2042960013929, 0.652983837444261, 35.23));
#5150 = CARTESIAN_POINT('', (47.809786993124, 1.11502716761762, 36.9));
#5151 = CARTESIAN_POINT('', (46.2263143484598, 0.580332651278205, 35.23));
#5152 = CARTESIAN_POINT('', (47.8181865847828, 1.08731208548762, 36.9));
#5153 = CARTESIAN_POINT('', (46.2512562599549, 0.508986337040338, 35.23));
#5154 = CARTESIAN_POINT('', (47.8277014621309, 1.06009478783391, 36.9));
#5155 = CARTESIAN_POINT('', (46.2761981714499, 0.437640022802472, 35.23));
#5156 = CARTESIAN_POINT('', (47.837216339479, 1.03287749018021, 36.9));
#5157 = CARTESIAN_POINT('', (46.3042398574394, 0.367094531764714, 35.23));
#5158 = CARTESIAN_POINT('', (47.8479137233936, 1.00596569174728, 36.9));
#5159 = CARTESIAN_POINT('', (46.33508519982, 0.298094819027765, 35.23));
#5160 = CARTESIAN_POINT('', (47.8596806503017, 0.97964357911059, 36.9));
#5161 = CARTESIAN_POINT('', (46.3659305422005, 0.229095106290816, 35.23));
#5162 = CARTESIAN_POINT('', (47.8714475772098, 0.953321466473902, 36.9));
#5163 = CARTESIAN_POINT('', (46.3997974577035, 0.161153701439237, 35.23));
#5164 = CARTESIAN_POINT('', (47.8843671783091, 0.927403078697191, 36.9));
#5165 = CARTESIAN_POINT('', (46.4363283142382, 0.0949880606186644, 35.23));
#5166 = CARTESIAN_POINT('', (47.8983030235797, 0.902162112013787, 36.9));
#5167 = CARTESIAN_POINT('', (46.4728591707729, 0.0288224197980913, 35.23));
#5168 = CARTESIAN_POINT('', (47.9122388688504, 0.876921145330383, 36.9));
#5169 = CARTESIAN_POINT('', (46.5123120521936, -0.0360349052045075, 35.23));
#5170 = CARTESIAN_POINT('', (47.9272894125035, 0.852179276903464, 36.9));
#5171 = CARTESIAN_POINT('', (46.5542703390281, -0.0988990258956532, 35.23));
#5172 = CARTESIAN_POINT('', (47.9432957219255, 0.828197779010175, 36.9));
#5173 = CARTESIAN_POINT('', (46.5962286258626, -0.161763146586799, 35.23));
#5174 = CARTESIAN_POINT('', (47.9593020313476, 0.804216281116886, 36.9));
#5175 = CARTESIAN_POINT('', (46.6409887457726, -0.223078186540556, 35.23));
#5176 = CARTESIAN_POINT('', (47.9763771882021, 0.780825728838233, 36.9));
#5177 = CARTESIAN_POINT('', (46.688078035245, -0.282196663528201, 35.23));
#5178 = CARTESIAN_POINT('', (47.994340880112, 0.758273124654057, 36.9));
#5179 = CARTESIAN_POINT('', (46.7351673247174, -0.341315140515846, 35.23));
#5180 = CARTESIAN_POINT('', (48.0123045720218, 0.735720520469881, 36.9));
#5181 = CARTESIAN_POINT('', (46.7849184610141, -0.398654715820254, 35.23));
#5182 = CARTESIAN_POINT('', (48.0312837092017, 0.713846534335234, 36.9));
#5183 = CARTESIAN_POINT('', (46.8368060758625, -0.453609887821539, 35.23));
#5184 = CARTESIAN_POINT('', (48.0510778733846, 0.692882153905114, 36.9));
#5185 = CARTESIAN_POINT('', (46.888693690711, -0.508565059822825, 35.23));
#5186 = CARTESIAN_POINT('', (48.0708720375675, 0.671917773474993, 36.9));
#5187 = CARTESIAN_POINT('', (46.9430843606689, -0.561524076811705, 35.23));
#5188 = CARTESIAN_POINT('', (48.0916210709218, 0.651714889216272, 36.9));
#5189 = CARTESIAN_POINT('', (46.9994037243359, -0.611927695535958, 35.23));
#5190 = CARTESIAN_POINT('', (48.1131058652096, 0.632486842073316, 36.9));
#5191 = CARTESIAN_POINT('', (47.0557230880029, -0.662331314260212, 35.23));
#5192 = CARTESIAN_POINT('', (48.1345906594974, 0.61325879493036, 36.9));
#5193 = CARTESIAN_POINT('', (47.1143690314356, -0.710535627114819, 35.23));
#5194 = CARTESIAN_POINT('', (48.156963000881, 0.59486974224879, 36.9));
#5195 = CARTESIAN_POINT('', (47.1747222578645, -0.756031600167078, 35.23));
#5196 = CARTESIAN_POINT('', (48.1799866391113, 0.577513871047373, 36.9));
#5197 = CARTESIAN_POINT('', (47.2350754842935, -0.801527573219337, 35.23));
#5198 = CARTESIAN_POINT('', (48.2030102773416, 0.560157999845955, 36.9));
#5199 = CARTESIAN_POINT('', (47.2975623782817, -0.844636627240517, 35.23));
#5200 = CARTESIAN_POINT('', (48.2268478702334, 0.543712694052689, 36.9));
#5201 = CARTESIAN_POINT('', (47.3615230829096, -0.88490353384951, 35.23));
#5202 = CARTESIAN_POINT('', (48.2512476945914, 0.528351614864814, 36.9));
#5203 = CARTESIAN_POINT('', (47.4254837875375, -0.925170440458503, 35.23));
#5204 = CARTESIAN_POINT('', (48.2756475189495, 0.512990535676939, 36.9));
#5205 = CARTESIAN_POINT('', (47.4913701735451, -0.962879678023632, 35.23));
#5206 = CARTESIAN_POINT('', (48.3007819550931, 0.498605159865055, 36.9));
#5207 = CARTESIAN_POINT('', (47.5584864856319, -0.997633039821037, 35.23));
#5208 = CARTESIAN_POINT('', (48.3263855852596, 0.485347395920119, 36.9));
#5209 = CARTESIAN_POINT('', (47.6256027977187, -1.03238640161844, 35.23));
#5210 = CARTESIAN_POINT('', (48.351989215426, 0.472089631975183, 36.9));
#5211 = CARTESIAN_POINT('', (47.6944232004173, -1.06442941382559, 35.23));
#5212 = CARTESIAN_POINT('', (48.3782429246036, 0.459865816207271, 36.9));
#5213 = CARTESIAN_POINT('', (47.7642209554304, -1.09342370463395, 35.23));
#5214 = CARTESIAN_POINT('', (48.4048694755901, 0.448805031195192, 36.9));
#5215 = CARTESIAN_POINT('', (47.8340187104436, -1.12241799544231, 35.23));
#5216 = CARTESIAN_POINT('', (48.4314960265766, 0.437744246183114, 36.9));
#5217 = CARTESIAN_POINT('', (47.9052869262102, -1.14856840424071, 35.23));
#5218 = CARTESIAN_POINT('', (48.4586835311098, 0.427768349493351, 36.9));
#5219 = CARTESIAN_POINT('', (47.9772730157108, -1.1715987846712, 35.23));
#5220 = CARTESIAN_POINT('', (48.4861448911786, 0.418982685847645, 36.9));
#5221 = CARTESIAN_POINT('', (48.0492591052114, -1.19462916510169, 35.23));
#5222 = CARTESIAN_POINT('', (48.5136062512473, 0.41019702220194, 36.9));
#5223 = CARTESIAN_POINT('', (48.1224716370697, -1.21470222261146, 35.23));
#5224 = CARTESIAN_POINT('', (48.5415354763636, 0.402539522485242, 36.9));
#5225 = CARTESIAN_POINT('', (48.1961374924337, -1.23160598721689, 35.23));
#5226 = CARTESIAN_POINT('', (48.5696376360025, 0.396091049320948, 36.9));
#5227 = CARTESIAN_POINT('', (48.2698033477978, -1.24850975182232, 35.23));
#5228 = CARTESIAN_POINT('', (48.5977397956414, 0.389642576156653, 36.9));
#5229 = CARTESIAN_POINT('', (48.3444429625317, -1.26236364554458, 35.23));
#5230 = CARTESIAN_POINT('', (48.6262134264473, 0.384357572255171, 36.9));
#5231 = CARTESIAN_POINT('', (48.4192681478952, -1.27302137230379, 35.23));
#5232 = CARTESIAN_POINT('', (48.6547578490119, 0.380291846861844, 36.9));
#5233 = CARTESIAN_POINT('', (48.4940933332587, -1.28367909906299, 35.23));
#5234 = CARTESIAN_POINT('', (48.6833022715765, 0.376226121468518, 36.9));
#5235 = CARTESIAN_POINT('', (48.5696327155712, -1.29121595375943, 35.23));
#5236 = CARTESIAN_POINT('', (48.7121191470513, 0.373350950973174, 36.9));
#5237 = CARTESIAN_POINT('', (48.6450886046146, -1.29555234777211, 35.23));
#5238 = CARTESIAN_POINT('', (48.74090417139, 0.371696696960928, 36.9));
#5239 = CARTESIAN_POINT('', (48.6966425886531, -1.29851511702113, 35.23));
#5240 = CARTESIAN_POINT('', (48.7605710615973, 0.370566455358525, 36.9));
#5241 = CARTESIAN_POINT('', (48.7483609520627, -1.3, 35.23));
#5242 = CARTESIAN_POINT('', (48.7803006594906, 0.369999999999997, 36.9));
#5243 = CARTESIAN_POINT('', (48.8, -1.3, 35.23));
#5244 = CARTESIAN_POINT('', (48.8, 0.369999999999997, 36.9));
#5245 = ADVANCED_FACE('', (#5246), #5252, .T.);
#5246 = FACE_OUTER_BOUND('', #5247, .T.);
#5247 = EDGE_LOOP('', (#5248, #5249, #5250, #5251));
#5248 = ORIENTED_EDGE('', *, *, #5023, .T.);
#5249 = ORIENTED_EDGE('', *, *, #5124, .T.);
#5250 = ORIENTED_EDGE('', *, *, #3311, .F.);
#5251 = ORIENTED_EDGE('', *, *, #4862, .F.);
#5252 = B_SPLINE_SURFACE_WITH_KNOTS('', 1, 1, ((#5253, #5254), (#5255, #5256)), .UNSPECIFIED., .F., .F., .U., (2, 2), (2, 2), (0., 14.7), (0., 1.), .UNSPECIFIED.);
#5253 = CARTESIAN_POINT('', (46.1, 16.1, 35.23));
#5254 = CARTESIAN_POINT('', (47.77, 16.1, 36.9));
#5255 = CARTESIAN_POINT('', (46.1, 1.4, 35.23));
#5256 = CARTESIAN_POINT('', (47.77, 1.4, 36.9));
#5257 = ADVANCED_FACE('', (#5258), #5268, .T.);
#5258 = FACE_OUTER_BOUND('', #5259, .T.);
#5259 = EDGE_LOOP('', (#5260, #5261, #5262, #5263));
#5260 = ORIENTED_EDGE('', *, *, #4454, .T.);
#5261 = ORIENTED_EDGE('', *, *, #4647, .T.);
#5262 = ORIENTED_EDGE('', *, *, #3158, .F.);
#5263 = ORIENTED_EDGE('', *, *, #5264, .F.);
#5264 = EDGE_CURVE('', #4354, #3096, #5265, .T.);
#5265 = B_SPLINE_CURVE_WITH_KNOTS('', 1, (#5266, #5267), .UNSPECIFIED., .F., .U., (2, 2), (0., 1.), .UNSPECIFIED.);
#5266 = CARTESIAN_POINT('', (-1.3, 63.2, 35.23));
#5267 = CARTESIAN_POINT('', (0.370000000000005, 63.2, 36.9));
#5268 = B_SPLINE_SURFACE_WITH_KNOTS('', 1, 1, ((#5269, #5270), (#5271, #5272)), .UNSPECIFIED., .F., .F., .U., (2, 2), (2, 2), (0., 40.4), (0., 1.), .UNSPECIFIED.);
#5269 = CARTESIAN_POINT('', (-1.3, 63.2, 35.23));
#5270 = CARTESIAN_POINT('', (0.370000000000005, 63.2, 36.9));
#5271 = CARTESIAN_POINT('', (-1.3, 22.8, 35.23));
#5272 = CARTESIAN_POINT('', (0.370000000000005, 22.8, 36.9));
#5273 = ADVANCED_FACE('', (#5274), #5284, .T.);
#5274 = FACE_OUTER_BOUND('', #5275, .T.);
#5275 = EDGE_LOOP('', (#5276, #5277, #5278, #5279));
#5276 = ORIENTED_EDGE('', *, *, #4360, .T.);
#5277 = ORIENTED_EDGE('', *, *, #5264, .T.);
#5278 = ORIENTED_EDGE('', *, *, #3095, .F.);
#5279 = ORIENTED_EDGE('', *, *, #5280, .F.);
#5280 = EDGE_CURVE('', #4329, #3087, #5281, .T.);
#5281 = B_SPLINE_CURVE_WITH_KNOTS('', 1, (#5282, #5283), .UNSPECIFIED., .F., .U., (2, 2), (0., 1.), .UNSPECIFIED.);
#5282 = CARTESIAN_POINT('', (1.4, 65.9, 35.23));
#5283 = CARTESIAN_POINT('', (1.40000000000001, 64.23, 36.9));
#5284 = B_SPLINE_SURFACE_WITH_KNOTS('', 3, 1, ((#5285, #5286), (#5287, #5288), (#5289, #5290), (#5291, #5292), (#5293, #5294), (#5295, #5296), (#5297, #5298), (#5299, #5300), (#5301, #5302), (#5303, #5304), (#5305, #5306), (#5307, #5308), (#5309, #5310), (#5311, #5312), (#5313, #5314), (#5315, #5316), (#5317, #5318), (#5319, #5320), (#5321, #5322), (#5323, #5324), (#5325, #5326), (#5327, #5328), (#5329, #5330), (#5331, #5332), (#5333, #5334), (#5335, #5336), (#5337, #5338), (#5339, #5340), (#5341, #5342), (#5343, #5344), (#5345, #5346), (#5347, #5348), (#5349, #5350), (#5351, #5352), (#5353, #5354), (#5355, #5356), (#5357, #5358), (#5359, #5360), (#5361, #5362), (#5363, #5364), (#5365, #5366), (#5367, #5368), (#5369, #5370), (#5371, #5372), (#5373, #5374), (#5375, #5376), (#5377, #5378), (#5379, #5380), (#5381, #5382), (#5383, #5384), (#5385, #5386), (#5387, #5388), (#5389, #5390), (#5391, #5392), (#5393, #5394), (#5395, #5396), (#5397, #5398), (#5399, #5400)), .UNSPECIFIED., .F., .F., .U., (4, 3, 3, 3, 3, 3, 3, 3, 3, 3, 3, 3, 3, 3, 3, 3, 3, 3, 3, 4), (2, 2), (0., 0.08649755859375, 0.1729951171875, 0.25949267578125, 0.345990234375, 0.43248779296875, 0.5189853515625, 0.60548291015625, 0.69198046875, 0.77847802734375, 0.8649755859375, 0.95147314453125, 1.037970703125, 1.12446826171875, 1.2109658203125, 1.29746337890625, 1.3839609375, 1.47045849609375, 1.5569560546875, 1.61605407621575), (0., 1.), .UNSPECIFIED.);
#5285 = CARTESIAN_POINT('', (1.4, 65.9, 35.23));
#5286 = CARTESIAN_POINT('', (1.40000000000001, 64.23, 36.9));
#5287 = CARTESIAN_POINT('', (1.32441960899575, 65.9, 35.23));
#5288 = CARTESIAN_POINT('', (1.37116748046876, 64.23, 36.9));
#5289 = CARTESIAN_POINT('', (1.24857223713644, 65.8968096017588, 35.23));
#5290 = CARTESIAN_POINT('', (1.3422331126854, 64.2287829221525, 36.9));
#5291 = CARTESIAN_POINT('', (1.1732588269872, 65.8904624956429, 35.23));
#5292 = CARTESIAN_POINT('', (1.31350244140624, 64.2263616187082, 36.9));
#5293 = CARTESIAN_POINT('', (1.09794541683796, 65.8841153895269, 35.23));
#5294 = CARTESIAN_POINT('', (1.28477177012709, 64.223940315264, 36.9));
#5295 = CARTESIAN_POINT('', (1.02263389285986, 65.8745667343864, 35.23));
#5296 = CARTESIAN_POINT('', (1.25604181838728, 64.2202976801548, 36.9));
#5297 = CARTESIAN_POINT('', (0.94811953910448, 65.8619173633043, 35.23));
#5298 = CARTESIAN_POINT('', (1.22761597232504, 64.2154721793346, 36.9));
#5299 = CARTESIAN_POINT('', (0.873605185349097, 65.8492679922222, 35.23));
#5300 = CARTESIAN_POINT('', (1.1991901262628, 64.2106466785144, 36.9));
#5301 = CARTESIAN_POINT('', (0.799361571465585, 65.8334285396935, 35.23));
#5302 = CARTESIAN_POINT('', (1.17086756244798, 64.2046042206979, 36.9));
#5303 = CARTESIAN_POINT('', (0.726172704454883, 65.8145662691503, 35.23));
#5304 = CARTESIAN_POINT('', (1.14294736503278, 64.197408613787, 36.9));
#5305 = CARTESIAN_POINT('', (0.65298383744418, 65.7957039986071, 35.23));
#5306 = CARTESIAN_POINT('', (1.11502716761759, 64.190213006876, 36.9));
#5307 = CARTESIAN_POINT('', (0.580332651278125, 65.7736856515401, 35.23));
#5308 = CARTESIAN_POINT('', (1.08731208548758, 64.1818134152172, 36.9));
#5309 = CARTESIAN_POINT('', (0.50898633704026, 65.7487437400451, 35.23));
#5310 = CARTESIAN_POINT('', (1.06009478783388, 64.1722985378691, 36.9));
#5311 = CARTESIAN_POINT('', (0.437640022802395, 65.7238018285501, 35.23));
#5312 = CARTESIAN_POINT('', (1.03287749018017, 64.162783660521, 36.9));
#5313 = CARTESIAN_POINT('', (0.36709453176462, 65.6957601425605, 35.23));
#5314 = CARTESIAN_POINT('', (1.00596569174725, 64.1520862766064, 36.9));
#5315 = CARTESIAN_POINT('', (0.298094819027672, 65.66491480018, 35.23));
#5316 = CARTESIAN_POINT('', (0.979643579110558, 64.1403193496983, 36.9));
#5317 = CARTESIAN_POINT('', (0.229095106290725, 65.6340694577994, 35.23));
#5318 = CARTESIAN_POINT('', (0.95332146647387, 64.1285524227902, 36.9));
#5319 = CARTESIAN_POINT('', (0.161153701439146, 65.6002025422965, 35.23));
#5320 = CARTESIAN_POINT('', (0.927403078697159, 64.1156328216909, 36.9));
#5321 = CARTESIAN_POINT('', (0.094988060618574, 65.5636716857618, 35.23));
#5322 = CARTESIAN_POINT('', (0.902162112013755, 64.1016969764202, 36.9));
#5323 = CARTESIAN_POINT('', (0.0288224197980024, 65.5271408292271, 35.23));
#5324 = CARTESIAN_POINT('', (0.876921145330352, 64.0877611311496, 36.9));
#5325 = CARTESIAN_POINT('', (-0.0360349052045771, 65.4876879478064, 35.23));
#5326 = CARTESIAN_POINT('', (0.852179276903442, 64.0727105874965, 36.9));
#5327 = CARTESIAN_POINT('', (-0.0988990258957221, 65.4457296609719, 35.23));
#5328 = CARTESIAN_POINT('', (0.828197779010154, 64.0567042780744, 36.9));
#5329 = CARTESIAN_POINT('', (-0.161763146586867, 65.4037713741374, 35.23));
#5330 = CARTESIAN_POINT('', (0.804216281116865, 64.0406979686524, 36.9));
#5331 = CARTESIAN_POINT('', (-0.223078186540652, 65.3590112542273, 35.23));
#5332 = CARTESIAN_POINT('', (0.7808257288382, 64.0236228117978, 36.9));
#5333 = CARTESIAN_POINT('', (-0.282196663528295, 65.3119219647549, 35.23));
#5334 = CARTESIAN_POINT('', (0.758273124654025, 64.005659119888, 36.9));
#5335 = CARTESIAN_POINT('', (-0.341315140515937, 65.2648326752825, 35.23));
#5336 = CARTESIAN_POINT('', (0.73572052046985, 63.9876954279782, 36.9));
#5337 = CARTESIAN_POINT('', (-0.398654715820308, 65.2150815389859, 35.23));
#5338 = CARTESIAN_POINT('', (0.713846534335222, 63.9687162907983, 36.9));
#5339 = CARTESIAN_POINT('', (-0.453609887821592, 65.1631939241374, 35.23));
#5340 = CARTESIAN_POINT('', (0.692882153905103, 63.9489221266154, 36.9));
#5341 = CARTESIAN_POINT('', (-0.508565059822876, 65.1113063092889, 35.23));
#5342 = CARTESIAN_POINT('', (0.671917773474983, 63.9291279624324, 36.9));
#5343 = CARTESIAN_POINT('', (-0.561524076811711, 65.0569156393311, 35.23));
#5344 = CARTESIAN_POINT('', (0.65171488921629, 63.9083789290781, 36.9));
#5345 = CARTESIAN_POINT('', (-0.611927695535963, 65.0005962756641, 35.23));
#5346 = CARTESIAN_POINT('', (0.632486842073334, 63.8868941347904, 36.9));
#5347 = CARTESIAN_POINT('', (-0.662331314260216, 64.9442769119971, 35.23));
#5348 = CARTESIAN_POINT('', (0.613258794930378, 63.8654093405026, 36.9));
#5349 = CARTESIAN_POINT('', (-0.710535627114837, 64.8856309685644, 35.23));
#5350 = CARTESIAN_POINT('', (0.594869742248776, 63.843036999119, 36.9));
#5351 = CARTESIAN_POINT('', (-0.756031600167095, 64.8252777421355, 35.23));
#5352 = CARTESIAN_POINT('', (0.577513871047358, 63.8200133608887, 36.9));
#5353 = CARTESIAN_POINT('', (-0.801527573219353, 64.7649245157065, 35.23));
#5354 = CARTESIAN_POINT('', (0.560157999845941, 63.7969897226584, 36.9));
#5355 = CARTESIAN_POINT('', (-0.844636627240527, 64.7024376217183, 35.23));
#5356 = CARTESIAN_POINT('', (0.543712694052692, 63.7731521297666, 36.9));
#5357 = CARTESIAN_POINT('', (-0.884903533849519, 64.6384769170904, 35.23));
#5358 = CARTESIAN_POINT('', (0.528351614864818, 63.7487523054086, 36.9));
#5359 = CARTESIAN_POINT('', (-0.925170440458512, 64.5745162124625, 35.23));
#5360 = CARTESIAN_POINT('', (0.512990535676943, 63.7243524810505, 36.9));
#5361 = CARTESIAN_POINT('', (-0.96287967802363, 64.5086298264549, 35.23));
#5362 = CARTESIAN_POINT('', (0.498605159865052, 63.6992180449068, 36.9));
#5363 = CARTESIAN_POINT('', (-0.997633039821035, 64.4415135143681, 35.23));
#5364 = CARTESIAN_POINT('', (0.485347395920115, 63.6736144147404, 36.9));
#5365 = CARTESIAN_POINT('', (-1.03238640161844, 64.3743972022813, 35.23));
#5366 = CARTESIAN_POINT('', (0.472089631975179, 63.6480107845739, 36.9));
#5367 = CARTESIAN_POINT('', (-1.06442941382562, 64.3055767995827, 35.23));
#5368 = CARTESIAN_POINT('', (0.459865816207256, 63.6217570753964, 36.9));
#5369 = CARTESIAN_POINT('', (-1.09342370463398, 64.2357790445695, 35.23));
#5370 = CARTESIAN_POINT('', (0.448805031195178, 63.5951305244099, 36.9));
#5371 = CARTESIAN_POINT('', (-1.12241799544234, 64.1659812895564, 35.23));
#5372 = CARTESIAN_POINT('', (0.4377442461831, 63.5685039734234, 36.9));
#5373 = CARTESIAN_POINT('', (-1.14856840424072, 64.0947130737897, 35.23));
#5374 = CARTESIAN_POINT('', (0.427768349493343, 63.5413164688901, 36.9));
#5375 = CARTESIAN_POINT('', (-1.17159878467121, 64.0227269842892, 35.23));
#5376 = CARTESIAN_POINT('', (0.418982685847638, 63.5138551088214, 36.9));
#5377 = CARTESIAN_POINT('', (-1.1946291651017, 63.9507408947886, 35.23));
#5378 = CARTESIAN_POINT('', (0.410197022201933, 63.4863937487527, 36.9));
#5379 = CARTESIAN_POINT('', (-1.21470222261145, 63.8775283629303, 35.23));
#5380 = CARTESIAN_POINT('', (0.402539522485238, 63.4584645236364, 36.9));
#5381 = CARTESIAN_POINT('', (-1.23160598721689, 63.8038625075663, 35.23));
#5382 = CARTESIAN_POINT('', (0.396091049320944, 63.4303623639975, 36.9));
#5383 = CARTESIAN_POINT('', (-1.24850975182232, 63.7301966522022, 35.23));
#5384 = CARTESIAN_POINT('', (0.38964257615665, 63.4022602043586, 36.9));
#5385 = CARTESIAN_POINT('', (-1.26236364554458, 63.6555570374683, 35.23));
#5386 = CARTESIAN_POINT('', (0.384357572255164, 63.3737865735527, 36.9));
#5387 = CARTESIAN_POINT('', (-1.27302137230379, 63.5807318521048, 35.23));
#5388 = CARTESIAN_POINT('', (0.380291846861837, 63.3452421509881, 36.9));
#5389 = CARTESIAN_POINT('', (-1.28367909906299, 63.5059066667413, 35.23));
#5390 = CARTESIAN_POINT('', (0.376226121468511, 63.3166977284235, 36.9));
#5391 = CARTESIAN_POINT('', (-1.29121595375943, 63.4303672844288, 35.23));
#5392 = CARTESIAN_POINT('', (0.373350950973171, 63.2878808529487, 36.9));
#5393 = CARTESIAN_POINT('', (-1.29555234777211, 63.3549113953855, 35.23));
#5394 = CARTESIAN_POINT('', (0.371696696960925, 63.25909582861, 36.9));
#5395 = CARTESIAN_POINT('', (-1.29851511702113, 63.3033574113469, 35.23));
#5396 = CARTESIAN_POINT('', (0.370566455358522, 63.2394289384027, 36.9));
#5397 = CARTESIAN_POINT('', (-1.3, 63.2516390479373, 35.23));
#5398 = CARTESIAN_POINT('', (0.370000000000005, 63.2196993405094, 36.9));
#5399 = CARTESIAN_POINT('', (-1.3, 63.2, 35.23));
#5400 = CARTESIAN_POINT('', (0.370000000000005, 63.2, 36.9));
#5401 = ADVANCED_FACE('', (#5402), #5412, .T.);
#5402 = FACE_OUTER_BOUND('', #5403, .T.);
#5403 = EDGE_LOOP('', (#5404, #5405, #5406, #5407));
#5404 = ORIENTED_EDGE('', *, *, #4328, .T.);
#5405 = ORIENTED_EDGE('', *, *, #5280, .T.);
#5406 = ORIENTED_EDGE('', *, *, #3086, .F.);
#5407 = ORIENTED_EDGE('', *, *, #5408, .F.);
#5408 = EDGE_CURVE('', #4250, #3024, #5409, .T.);
#5409 = B_SPLINE_CURVE_WITH_KNOTS('', 1, (#5410, #5411), .UNSPECIFIED., .F., .U., (2, 2), (0., 1.), .UNSPECIFIED.);
#5410 = CARTESIAN_POINT('', (56.4, 65.9, 35.23));
#5411 = CARTESIAN_POINT('', (56.4, 64.23, 36.9));
#5412 = B_SPLINE_SURFACE_WITH_KNOTS('', 1, 1, ((#5413, #5414), (#5415, #5416)), .UNSPECIFIED., .F., .F., .U., (2, 2), (2, 2), (0., 55.), (0., 1.), .UNSPECIFIED.);
#5413 = CARTESIAN_POINT('', (56.4, 65.9, 35.23));
#5414 = CARTESIAN_POINT('', (56.4, 64.23, 36.9));
#5415 = CARTESIAN_POINT('', (1.39999999999998, 65.9, 35.23));
#5416 = CARTESIAN_POINT('', (1.39999999999998, 64.23, 36.9));
#5417 = ADVANCED_FACE('', (#5418), #5428, .T.);
#5418 = FACE_OUTER_BOUND('', #5419, .T.);
#5419 = EDGE_LOOP('', (#5420, #5421, #5422, #5423));
#5420 = ORIENTED_EDGE('', *, *, #4256, .T.);
#5421 = ORIENTED_EDGE('', *, *, #5408, .T.);
#5422 = ORIENTED_EDGE('', *, *, #3023, .F.);
#5423 = ORIENTED_EDGE('', *, *, #5424, .F.);
#5424 = EDGE_CURVE('', #4226, #3015, #5425, .T.);
#5425 = B_SPLINE_CURVE_WITH_KNOTS('', 1, (#5426, #5427), .UNSPECIFIED., .F., .U., (2, 2), (0., 1.), .UNSPECIFIED.);
#5426 = CARTESIAN_POINT('', (59.1, 63.2, 35.23));
#5427 = CARTESIAN_POINT('', (57.43, 63.2, 36.9));
#5428 = B_SPLINE_SURFACE_WITH_KNOTS('', 3, 1, ((#5429, #5430), (#5431, #5432), (#5433, #5434), (#5435, #5436), (#5437, #5438), (#5439, #5440), (#5441, #5442), (#5443, #5444), (#5445, #5446), (#5447, #5448), (#5449, #5450), (#5451, #5452), (#5453, #5454), (#5455, #5456), (#5457, #5458), (#5459, #5460), (#5461, #5462), (#5463, #5464), (#5465, #5466), (#5467, #5468), (#5469, #5470), (#5471, #5472), (#5473, #5474), (#5475, #5476), (#5477, #5478), (#5479, #5480), (#5481, #5482), (#5483, #5484), (#5485, #5486), (#5487, #5488), (#5489, #5490), (#5491, #5492), (#5493, #5494), (#5495, #5496), (#5497, #5498), (#5499, #5500), (#5501, #5502), (#5503, #5504), (#5505, #5506), (#5507, #5508), (#5509, #5510), (#5511, #5512), (#5513, #5514), (#5515, #5516), (#5517, #5518), (#5519, #5520), (#5521, #5522), (#5523, #5524), (#5525, #5526), (#5527, #5528), (#5529, #5530), (#5531, #5532), (#5533, #5534), (#5535, #5536), (#5537, #5538), (#5539, #5540), (#5541, #5542), (#5543, #5544)), .UNSPECIFIED., .F., .F., .U., (4, 3, 3, 3, 3, 3, 3, 3, 3, 3, 3, 3, 3, 3, 3, 3, 3, 3, 3, 4), (2, 2), (0., 0.08649755859375, 0.1729951171875, 0.25949267578125, 0.345990234375, 0.43248779296875, 0.5189853515625, 0.60548291015625, 0.69198046875, 0.77847802734375, 0.8649755859375, 0.95147314453125, 1.037970703125, 1.12446826171875, 1.2109658203125, 1.29746337890625, 1.3839609375, 1.47045849609375, 1.5569560546875, 1.6160540762158), (0., 1.), .UNSPECIFIED.);
#5429 = CARTESIAN_POINT('', (59.1, 63.2, 35.23));
#5430 = CARTESIAN_POINT('', (57.43, 63.2, 36.9));
#5431 = CARTESIAN_POINT('', (59.1, 63.2755803910042, 35.23));
#5432 = CARTESIAN_POINT('', (57.43, 63.2288325195313, 36.9));
#5433 = CARTESIAN_POINT('', (59.0968096017588, 63.3514277628635, 35.23));
#5434 = CARTESIAN_POINT('', (57.4287829221525, 63.2577668873146, 36.9));
#5435 = CARTESIAN_POINT('', (59.0904624956429, 63.4267411730128, 35.23));
#5436 = CARTESIAN_POINT('', (57.4263616187082, 63.2864975585938, 36.9));
#5437 = CARTESIAN_POINT('', (59.0841153895269, 63.502054583162, 35.23));
#5438 = CARTESIAN_POINT('', (57.423940315264, 63.3152282298729, 36.9));
#5439 = CARTESIAN_POINT('', (59.0745667343864, 63.5773661071401, 35.23));
#5440 = CARTESIAN_POINT('', (57.4202976801548, 63.3439581816127, 36.9));
#5441 = CARTESIAN_POINT('', (59.0619173633043, 63.6518804608955, 35.23));
#5442 = CARTESIAN_POINT('', (57.4154721793346, 63.3723840276749, 36.9));
#5443 = CARTESIAN_POINT('', (59.0492679922222, 63.7263948146509, 35.23));
#5444 = CARTESIAN_POINT('', (57.4106466785144, 63.4008098737372, 36.9));
#5445 = CARTESIAN_POINT('', (59.0334285396935, 63.8006384285343, 35.23));
#5446 = CARTESIAN_POINT('', (57.4046042206979, 63.429132437552, 36.9));
#5447 = CARTESIAN_POINT('', (59.0145662691503, 63.873827295545, 35.23));
#5448 = CARTESIAN_POINT('', (57.397408613787, 63.4570526349672, 36.9));
#5449 = CARTESIAN_POINT('', (58.9957039986071, 63.9470161625557, 35.23));
#5450 = CARTESIAN_POINT('', (57.3902130068761, 63.4849728323824, 36.9));
#5451 = CARTESIAN_POINT('', (58.9736856515402, 64.0196673487218, 35.23));
#5452 = CARTESIAN_POINT('', (57.3818134152172, 63.5126879145124, 36.9));
#5453 = CARTESIAN_POINT('', (58.9487437400451, 64.0910136629597, 35.23));
#5454 = CARTESIAN_POINT('', (57.3722985378691, 63.5399052121661, 36.9));
#5455 = CARTESIAN_POINT('', (58.9238018285501, 64.1623599771976, 35.23));
#5456 = CARTESIAN_POINT('', (57.362783660521, 63.5671225098198, 36.9));
#5457 = CARTESIAN_POINT('', (58.8957601425606, 64.2329054682353, 35.23));
#5458 = CARTESIAN_POINT('', (57.3520862766065, 63.5940343082527, 36.9));
#5459 = CARTESIAN_POINT('', (58.86491480018, 64.3019051809722, 35.23));
#5460 = CARTESIAN_POINT('', (57.3403193496983, 63.6203564208894, 36.9));
#5461 = CARTESIAN_POINT('', (58.8340694577995, 64.3709048937092, 35.23));
#5462 = CARTESIAN_POINT('', (57.3285524227902, 63.6466785335261, 36.9));
#5463 = CARTESIAN_POINT('', (58.8002025422965, 64.4388462985608, 35.23));
#5464 = CARTESIAN_POINT('', (57.3156328216909, 63.6725969213028, 36.9));
#5465 = CARTESIAN_POINT('', (58.7636716857618, 64.5050119393814, 35.23));
#5466 = CARTESIAN_POINT('', (57.3016969764202, 63.6978378879862, 36.9));
#5467 = CARTESIAN_POINT('', (58.7271408292271, 64.571177580202, 35.23));
#5468 = CARTESIAN_POINT('', (57.2877611311496, 63.7230788546696, 36.9));
#5469 = CARTESIAN_POINT('', (58.6876879478064, 64.6360349052045, 35.23));
#5470 = CARTESIAN_POINT('', (57.2727105874965, 63.7478207230965, 36.9));
#5471 = CARTESIAN_POINT('', (58.6457296609719, 64.6988990258957, 35.23));
#5472 = CARTESIAN_POINT('', (57.2567042780745, 63.7718022209898, 36.9));
#5473 = CARTESIAN_POINT('', (58.6037713741374, 64.7617631465868, 35.23));
#5474 = CARTESIAN_POINT('', (57.2406979686524, 63.7957837188831, 36.9));
#5475 = CARTESIAN_POINT('', (58.5590112542274, 64.8230781865406, 35.23));
#5476 = CARTESIAN_POINT('', (57.2236228117979, 63.8191742711618, 36.9));
#5477 = CARTESIAN_POINT('', (58.511921964755, 64.8821966635282, 35.23));
#5478 = CARTESIAN_POINT('', (57.205659119888, 63.841726875346, 36.9));
#5479 = CARTESIAN_POINT('', (58.4648326752826, 64.9413151405159, 35.23));
#5480 = CARTESIAN_POINT('', (57.1876954279782, 63.8642794795301, 36.9));
#5481 = CARTESIAN_POINT('', (58.4150815389859, 64.9986547158203, 35.23));
#5482 = CARTESIAN_POINT('', (57.1687162907984, 63.8861534656648, 36.9));
#5483 = CARTESIAN_POINT('', (58.3631939241374, 65.0536098878216, 35.23));
#5484 = CARTESIAN_POINT('', (57.1489221266154, 63.9071178460949, 36.9));
#5485 = CARTESIAN_POINT('', (58.311306309289, 65.1085650598228, 35.23));
#5486 = CARTESIAN_POINT('', (57.1291279624325, 63.928082226525, 36.9));
#5487 = CARTESIAN_POINT('', (58.2569156393311, 65.1615240768117, 35.23));
#5488 = CARTESIAN_POINT('', (57.1083789290782, 63.9482851107837, 36.9));
#5489 = CARTESIAN_POINT('', (58.2005962756641, 65.211927695536, 35.23));
#5490 = CARTESIAN_POINT('', (57.0868941347904, 63.9675131579267, 36.9));
#5491 = CARTESIAN_POINT('', (58.1442769119971, 65.2623313142602, 35.23));
#5492 = CARTESIAN_POINT('', (57.0654093405026, 63.9867412050696, 36.9));
#5493 = CARTESIAN_POINT('', (58.0856309685644, 65.3105356271148, 35.23));
#5494 = CARTESIAN_POINT('', (57.043036999119, 64.0051302577512, 36.9));
#5495 = CARTESIAN_POINT('', (58.0252777421355, 65.3560316001671, 35.23));
#5496 = CARTESIAN_POINT('', (57.0200133608887, 64.0224861289526, 36.9));
#5497 = CARTESIAN_POINT('', (57.9649245157065, 65.4015275732193, 35.23));
#5498 = CARTESIAN_POINT('', (56.9969897226584, 64.0398420001541, 36.9));
#5499 = CARTESIAN_POINT('', (57.9024376217184, 65.4446366272405, 35.23));
#5500 = CARTESIAN_POINT('', (56.9731521297667, 64.0562873059473, 36.9));
#5501 = CARTESIAN_POINT('', (57.8384769170905, 65.4849035338495, 35.23));
#5502 = CARTESIAN_POINT('', (56.9487523054086, 64.0716483851352, 36.9));
#5503 = CARTESIAN_POINT('', (57.7745162124626, 65.5251704404585, 35.23));
#5504 = CARTESIAN_POINT('', (56.9243524810506, 64.0870094643231, 36.9));
#5505 = CARTESIAN_POINT('', (57.7086298264549, 65.5628796780236, 35.23));
#5506 = CARTESIAN_POINT('', (56.8992180449069, 64.1013948401349, 36.9));
#5507 = CARTESIAN_POINT('', (57.6415135143681, 65.597633039821, 35.23));
#5508 = CARTESIAN_POINT('', (56.8736144147404, 64.1146526040799, 36.9));
#5509 = CARTESIAN_POINT('', (57.5743972022813, 65.6323864016184, 35.23));
#5510 = CARTESIAN_POINT('', (56.848010784574, 64.1279103680248, 36.9));
#5511 = CARTESIAN_POINT('', (57.5055767995827, 65.6644294138256, 35.23));
#5512 = CARTESIAN_POINT('', (56.8217570753964, 64.1401341837928, 36.9));
#5513 = CARTESIAN_POINT('', (57.4357790445696, 65.6934237046339, 35.23));
#5514 = CARTESIAN_POINT('', (56.7951305244099, 64.1511949688048, 36.9));
#5515 = CARTESIAN_POINT('', (57.3659812895565, 65.7224179954423, 35.23));
#5516 = CARTESIAN_POINT('', (56.7685039734234, 64.1622557538169, 36.9));
#5517 = CARTESIAN_POINT('', (57.2947130737898, 65.7485684042407, 35.23));
#5518 = CARTESIAN_POINT('', (56.7413164688902, 64.1722316505066, 36.9));
#5519 = CARTESIAN_POINT('', (57.2227269842892, 65.7715987846712, 35.23));
#5520 = CARTESIAN_POINT('', (56.7138551088214, 64.1810173141524, 36.9));
#5521 = CARTESIAN_POINT('', (57.1507408947886, 65.7946291651017, 35.23));
#5522 = CARTESIAN_POINT('', (56.6863937487527, 64.1898029777981, 36.9));
#5523 = CARTESIAN_POINT('', (57.0775283629304, 65.8147022226114, 35.23));
#5524 = CARTESIAN_POINT('', (56.6584645236364, 64.1974604775148, 36.9));
#5525 = CARTESIAN_POINT('', (57.0038625075663, 65.8316059872169, 35.23));
#5526 = CARTESIAN_POINT('', (56.6303623639975, 64.2039089506791, 36.9));
#5527 = CARTESIAN_POINT('', (56.9301966522023, 65.8485097518223, 35.23));
#5528 = CARTESIAN_POINT('', (56.6022602043586, 64.2103574238434, 36.9));
#5529 = CARTESIAN_POINT('', (56.8555570374684, 65.8623636455446, 35.23));
#5530 = CARTESIAN_POINT('', (56.5737865735528, 64.2156424277448, 36.9));
#5531 = CARTESIAN_POINT('', (56.7807318521049, 65.8730213723038, 35.23));
#5532 = CARTESIAN_POINT('', (56.5452421509882, 64.2197081531382, 36.9));
#5533 = CARTESIAN_POINT('', (56.7059066667414, 65.883679099063, 35.23));
#5534 = CARTESIAN_POINT('', (56.5166977284236, 64.2237738785315, 36.9));
#5535 = CARTESIAN_POINT('', (56.6303672844289, 65.8912159537594, 35.23));
#5536 = CARTESIAN_POINT('', (56.4878808529488, 64.2266490490268, 36.9));
#5537 = CARTESIAN_POINT('', (56.5549113953855, 65.8955523477721, 35.23));
#5538 = CARTESIAN_POINT('', (56.45909582861, 64.2283033030391, 36.9));
#5539 = CARTESIAN_POINT('', (56.5033574113469, 65.8985151170211, 35.23));
#5540 = CARTESIAN_POINT('', (56.4394289384027, 64.2294335446415, 36.9));
#5541 = CARTESIAN_POINT('', (56.4516390479373, 65.9, 35.23));
#5542 = CARTESIAN_POINT('', (56.4196993405094, 64.23, 36.9));
#5543 = CARTESIAN_POINT('', (56.4, 65.9, 35.23));
#5544 = CARTESIAN_POINT('', (56.4, 64.23, 36.9));
#5545 = ADVANCED_FACE('', (#5546), #5552, .T.);
#5546 = FACE_OUTER_BOUND('', #5547, .T.);
#5547 = EDGE_LOOP('', (#5548, #5549, #5550, #5551));
#5548 = ORIENTED_EDGE('', *, *, #4232, .T.);
#5549 = ORIENTED_EDGE('', *, *, #5424, .T.);
#5550 = ORIENTED_EDGE('', *, *, #3014, .F.);
#5551 = ORIENTED_EDGE('', *, *, #4063, .F.);
#5552 = B_SPLINE_SURFACE_WITH_KNOTS('', 1, 1, ((#5553, #5554), (#5555, #5556)), .UNSPECIFIED., .F., .F., .U., (2, 2), (2, 2), (0., 18.4), (0., 1.), .UNSPECIFIED.);
#5553 = CARTESIAN_POINT('', (59.1, 44.8, 35.23));
#5554 = CARTESIAN_POINT('', (57.43, 44.8, 36.9));
#5555 = CARTESIAN_POINT('', (59.1, 63.2, 35.23));
#5556 = CARTESIAN_POINT('', (57.43, 63.2, 36.9));
#5557 = ADVANCED_FACE('', (#5558), #5567, .T.);
#5558 = FACE_OUTER_BOUND('', #5559, .T.);
#5559 = EDGE_LOOP('', (#5560, #5561, #5566));
#5560 = ORIENTED_EDGE('', *, *, #1254, .F.);
#5561 = ORIENTED_EDGE('', *, *, #5562, .F.);
#5562 = EDGE_CURVE('', #783, #1032, #5563, .T.);
#5563 = B_SPLINE_CURVE_WITH_KNOTS('', 1, (#5564, #5565), .UNSPECIFIED., .F., .U., (2, 2), (0., 1.), .UNSPECIFIED.);
#5564 = CARTESIAN_POINT('', (84.2346266269391, 40.0948888888889, -1.3));
#5565 = CARTESIAN_POINT('', (82.7207843891258, 40.8, 0.37));
#5566 = ORIENTED_EDGE('', *, *, #782, .F.);
#5567 = B_SPLINE_SURFACE_WITH_KNOTS('', 3, 3, ((#5568, #5569, #5570, #5571, #5572, #5573, #5574, #5575, #5576, #5577, #5578, #5579, #5580, #5581, #5582, #5583, #5584, #5585, #5586, #5587, #5588, #5589, #5590, #5591, #5592), (#5593, #5594, #5595, #5596, #5597, #5598, #5599, #5600, #5601, #5602, #5603, #5604, #5605, #5606, #5607, #5608, #5609, #5610, #5611, #5612, #5613, #5614, #5615, #5616, #5617), (#5618, #5619, #5620, #5621, #5622, #5623, #5624, #5625, #5626, #5627, #5628, #5629, #5630, #5631, #5632, #5633, #5634, #5635, #5636, #5637, #5638, #5639, #5640, #5641, #5642), (#5643, #5644, #5645, #5646, #5647, #5648, #5649, #5650, #5651, #5652, #5653, #5654, #5655, #5656, #5657, #5658, #5659, #5660, #5661, #5662, #5663, #5664, #5665, #5666, #5667), (#5668, #5669, #5670, #5671, #5672, #5673, #5674, #5675, #5676, #5677, #5678, #5679, #5680, #5681, #5682, #5683, #5684, #5685, #5686, #5687, #5688, #5689, #5690, #5691, #5692), (#5693, #5694, #5695, #5696, #5697, #5698, #5699, #5700, #5701, #5702, #5703, #5704, #5705, #5706, #5707, #5708, #5709, #5710, #5711, #5712, #5713, #5714, #5715, #5716, #5717), (#5718, #5719, #5720, #5721, #5722, #5723, #5724, #5725, #5726, #5727, #5728, #5729, #5730, #5731, #5732, #5733, #5734, #5735, #5736, #5737, #5738, #5739, #5740, #5741, #5742), (#5743, #5744, #5745, #5746, #5747, #5748, #5749, #5750, #5751, #5752, #5753, #5754, #5755, #5756, #5757, #5758, #5759, #5760, #5761, #5762, #5763, #5764, #5765, #5766, #5767), (#5768, #5769, #5770, #5771, #5772, #5773, #5774, #5775, #5776, #5777, #5778, #5779, #5780, #5781, #5782, #5783, #5784, #5785, #5786, #5787, #5788, #5789, #5790, #5791, #5792), (#5793, #5794, #5795, #5796, #5797, #5798, #5799, #5800, #5801, #5802, #5803, #5804, #5805, #5806, #5807, #5808, #5809, #5810, #5811, #5812, #5813, #5814, #5815, #5816, #5817), (#5818, #5819, #5820, #5821, #5822, #5823, #5824, #5825, #5826, #5827, #5828, #5829, #5830, #5831, #5832, #5833, #5834, #5835, #5836, #5837, #5838, #5839, #5840, #5841, #5842), (#5843, #5844, #5845, #5846, #5847, #5848, #5849, #5850, #5851, #5852, #5853, #5854, #5855, #5856, #5857, #5858, #5859, #5860, #5861, #5862, #5863, #5864, #5865, #5866, #5867), (#5868, #5869, #5870, #5871, #5872, #5873, #5874, #5875, #5876, #5877, #5878, #5879, #5880, #5881, #5882, #5883, #5884, #5885, #5886, #5887, #5888, #5889, #5890, #5891, #5892), (#5893, #5894, #5895, #5896, #5897, #5898, #5899, #5900, #5901, #5902, #5903, #5904, #5905, #5906, #5907, #5908, #5909, #5910, #5911, #5912, #5913, #5914, #5915, #5916, #5917), (#5918, #5919, #5920, #5921, #5922, #5923, #5924, #5925, #5926, #5927, #5928, #5929, #5930, #5931, #5932, #5933, #5934, #5935, #5936, #5937, #5938, #5939, #5940, #5941, #5942), (#5943, #5944, #5945, #5946, #5947, #5948, #5949, #5950, #5951, #5952, #5953, #5954, #5955, #5956, #5957, #5958, #5959, #5960, #5961, #5962, #5963, #5964, #5965, #5966, #5967)), .UNSPECIFIED., .F., .F., .U., (4, 3, 3, 3, 3, 4), (4, 3, 3, 3, 3, 3, 3, 3, 4), (0., 0.0625, 0.125, 0.25, 0.5, 1.), (0., 0.0625, 0.125, 0.25, 0.5, 0.75, 0.875, 0.9375, 1.), .UNSPECIFIED.);
#5568 = CARTESIAN_POINT('', (82.7207843891258, 39.13, -1.3));
#5569 = CARTESIAN_POINT('', (82.7523227690802, 39.1501018518519, -1.3));
#5570 = CARTESIAN_POINT('', (82.7838611490347, 39.1702037037037, -1.3));
#5571 = CARTESIAN_POINT('', (82.8153995289891, 39.1903055555556, -1.3));
#5572 = CARTESIAN_POINT('', (82.8469379089435, 39.2104074074074, -1.3));
#5573 = CARTESIAN_POINT('', (82.878476288898, 39.2305092592593, -1.3));
#5574 = CARTESIAN_POINT('', (82.9100146688524, 39.2506111111111, -1.3));
#5575 = CARTESIAN_POINT('', (82.9730914287613, 39.2908148148148, -1.3));
#5576 = CARTESIAN_POINT('', (83.0361681886702, 39.3310185185185, -1.3));
#5577 = CARTESIAN_POINT('', (83.0992449485791, 39.3712222222222, -1.3));
#5578 = CARTESIAN_POINT('', (83.2253984683969, 39.4516296296296, -1.3));
#5579 = CARTESIAN_POINT('', (83.3515519882147, 39.532037037037, -1.3));
#5580 = CARTESIAN_POINT('', (83.4777055080325, 39.6124444444445, -1.3));
#5581 = CARTESIAN_POINT('', (83.6038590278502, 39.6928518518519, -1.3));
#5582 = CARTESIAN_POINT('', (83.730012547668, 39.7732592592593, -1.3));
#5583 = CARTESIAN_POINT('', (83.8561660674858, 39.8536666666667, -1.3));
#5584 = CARTESIAN_POINT('', (83.9192428273947, 39.8938703703704, -1.3));
#5585 = CARTESIAN_POINT('', (83.9823195873036, 39.9340740740741, -1.3));
#5586 = CARTESIAN_POINT('', (84.0453963472124, 39.9742777777778, -1.3));
#5587 = CARTESIAN_POINT('', (84.0769347271669, 39.9943796296296, -1.3));
#5588 = CARTESIAN_POINT('', (84.1084731071213, 40.0144814814815, -1.3));
#5589 = CARTESIAN_POINT('', (84.1400114870758, 40.0345833333333, -1.3));
#5590 = CARTESIAN_POINT('', (84.1715498670302, 40.0546851851852, -1.3));
#5591 = CARTESIAN_POINT('', (84.2030882469846, 40.074787037037, -1.3));
#5592 = CARTESIAN_POINT('', (84.2346266269391, 40.0948888888889, -1.3));
#5593 = CARTESIAN_POINT('', (82.7207843891258, 39.1647916666667, -1.26520833333333));
#5594 = CARTESIAN_POINT('', (82.7523224448308, 39.1848933635162, -1.26520838500279));
#5595 = CARTESIAN_POINT('', (82.7837594967998, 39.2049306795153, -1.30000009988551));
#5596 = CARTESIAN_POINT('', (82.8150965209369, 39.2249042366735, -1.30000014469017));
#5597 = CARTESIAN_POINT('', (82.8464335450741, 39.2448777938318, -1.30000018949482));
#5598 = CARTESIAN_POINT('', (82.8776708756425, 39.2647878052399, -1.30000023088808));
#5599 = CARTESIAN_POINT('', (82.9088142827788, 39.2846379486453, -1.30000026891195));
#5600 = CARTESIAN_POINT('', (82.9711010970515, 39.324338235456, -1.3000003449597));
#5601 = CARTESIAN_POINT('', (83.0330090278276, 39.3637970172358, -1.30000040752991));
#5602 = CARTESIAN_POINT('', (83.0946261638973, 39.4030704399698, -1.30000045695869));
#5603 = CARTESIAN_POINT('', (83.2178604360366, 39.4816172854376, -1.30000055581624));
#5604 = CARTESIAN_POINT('', (83.3399109495016, 39.5594095776147, -1.30000060210806));
#5605 = CARTESIAN_POINT('', (83.4619360623901, 39.6371856294768, -1.30000059852297));
#5606 = CARTESIAN_POINT('', (83.5839611752785, 39.7149616813389, -1.30000059493787));
#5607 = CARTESIAN_POINT('', (83.7060117313014, 39.7927538994289, -1.30000054147586));
#5608 = CARTESIAN_POINT('', (83.8292460887154, 39.8713005968381, -1.30000044082576));
#5609 = CARTESIAN_POINT('', (83.8908632674224, 39.9105739455426, -1.30000039050071));
#5610 = CARTESIAN_POINT('', (83.952771251379, 39.9500326347039, -1.30000032837864));
#5611 = CARTESIAN_POINT('', (84.0150581296246, 39.9897328104803, -1.30000025479564));
#5612 = CARTESIAN_POINT('', (84.0462015687474, 40.0095828983685, -1.30000021800414));
#5613 = CARTESIAN_POINT('', (84.0774389338813, 40.0294928495639, -1.30000017834742));
#5614 = CARTESIAN_POINT('', (84.1087759953304, 40.0494663419586, -1.30000013586747));
#5615 = CARTESIAN_POINT('', (84.1401130567795, 40.0694398343532, -1.30000009338753));
#5616 = CARTESIAN_POINT('', (84.1715501486481, 40.0894770808836, -1.2652083814177));
#5617 = CARTESIAN_POINT('', (84.2030882469846, 40.1095787037037, -1.26520833333333));
#5618 = CARTESIAN_POINT('', (82.7207843891258, 39.1995833333333, -1.23041666666667));
#5619 = CARTESIAN_POINT('', (82.7522211093851, 39.2096017645893, -1.22039804167686));
#5620 = CARTESIAN_POINT('', (82.7840396130986, 39.2204897001324, -1.27623995580989));
#5621 = CARTESIAN_POINT('', (82.8161348582878, 39.2321801885033, -1.26747365905435));
#5622 = CARTESIAN_POINT('', (82.848230103477, 39.2438706768742, -1.2587073622988));
#5623 = CARTESIAN_POINT('', (82.8806027168855, 39.2563641176181, -1.25056722965467));
#5624 = CARTESIAN_POINT('', (82.9131566457207, 39.2695992887842, -1.24305326111051));
#5625 = CARTESIAN_POINT('', (82.9782645033912, 39.2960696311166, -1.22802532402221));
#5626 = CARTESIAN_POINT('', (83.0440916419534, 39.3255030832254, -1.21550204333382));
#5627 = CARTESIAN_POINT('', (83.1099482534994, 39.357459977016, -1.20548341895387));
#5628 = CARTESIAN_POINT('', (83.2416614765914, 39.4213737645973, -1.18544617019397));
#5629 = CARTESIAN_POINT('', (83.3734540044031, 39.4953567243302, -1.17542754666783));
#5630 = CARTESIAN_POINT('', (83.5006579632548, 39.5764336585109, -1.17542754764361));
#5631 = CARTESIAN_POINT('', (83.6278619221064, 39.6575105926916, -1.17542754861939));
#5632 = CARTESIAN_POINT('', (83.750572643956, 39.7457422635881, -1.1854461740971));
#5633 = CARTESIAN_POINT('', (83.8641222554218, 39.8381534737133, -1.20548342334488));
#5634 = CARTESIAN_POINT('', (83.9208970611546, 39.8843590787759, -1.21550204796878));
#5635 = CARTESIAN_POINT('', (83.9753719422324, 39.9316034198211, -1.22802532853519));
#5636 = CARTESIAN_POINT('', (84.0268570912149, 39.9794468290795, -1.24305326495265));
#5637 = CARTESIAN_POINT('', (84.0525996657061, 40.0033685337087, -1.25056723316138));
#5638 = CARTESIAN_POINT('', (84.0775933117465, 40.0274390522413, -1.25870736533287));
#5639 = CARTESIAN_POINT('', (84.1017419768572, 40.0515971629978, -1.26747366145568));
#5640 = CARTESIAN_POINT('', (84.1258906419681, 40.0757552737543, -1.2762399575785));
#5641 = CARTESIAN_POINT('', (84.149194952595, 40.1000013759906, -1.22039804265264));
#5642 = CARTESIAN_POINT('', (84.1715498670302, 40.1242685185185, -1.23041666666667));
#5643 = CARTESIAN_POINT('', (82.7207843891258, 39.234375, -1.195625));
#5644 = CARTESIAN_POINT('', (82.7520197400184, 39.2443292177418, -1.18567050977936));
#5645 = CARTESIAN_POINT('', (82.7835646606863, 39.2551029043031, -1.26807401563207));
#5646 = CARTESIAN_POINT('', (82.8153144891826, 39.2666293503631, -1.25936383775985));
#5647 = CARTESIAN_POINT('', (82.8470643176788, 39.278155796423, -1.25065365988763));
#5648 = CARTESIAN_POINT('', (82.8790199353618, 39.2904355638418, -1.24256563813422));
#5649 = CARTESIAN_POINT('', (82.9110893213274, 39.30341000042, -1.23509977238886));
#5650 = CARTESIAN_POINT('', (82.9752280932587, 39.3293588735764, -1.22016804089814));
#5651 = CARTESIAN_POINT('', (83.0398135277993, 39.3580810628679, -1.20772493343959));
#5652 = CARTESIAN_POINT('', (83.1042200092634, 39.389177814385, -1.19777044912701));
#5653 = CARTESIAN_POINT('', (83.2330329721916, 39.4513713174192, -1.17786148050185));
#5654 = CARTESIAN_POINT('', (83.3610758595418, 39.5230284832339, -1.16790700446054));
#5655 = CARTESIAN_POINT('', (83.4845398874285, 39.6017216748464, -1.16790701391342));
#5656 = CARTESIAN_POINT('', (83.6080039153153, 39.6804148664589, -1.16790702336631));
#5657 = CARTESIAN_POINT('', (83.7270231443044, 39.7662295308087, -1.17786151831339));
#5658 = CARTESIAN_POINT('', (83.8377887909297, 39.856738031218, -1.197770491665));
#5659 = CARTESIAN_POINT('', (83.8931716142424, 39.9019922814226, -1.2077249783408));
#5660 = CARTESIAN_POINT('', (83.9464774757872, 39.9484113438576, -1.22016808461774));
#5661 = CARTESIAN_POINT('', (83.9970807605359, 39.9955964650706, -1.2350998096096));
#5662 = CARTESIAN_POINT('', (84.0223824029102, 40.0191890256772, -1.24256567210553));
#5663 = CARTESIAN_POINT('', (84.0470062981412, 40.0429717606112, -1.25065368928019));
#5664 = CARTESIAN_POINT('', (84.0708604257663, 40.0668860180546, -1.25936386102281));
#5665 = CARTESIAN_POINT('', (84.0947145533915, 40.0908002754979, -1.26807403276543));
#5666 = CARTESIAN_POINT('', (84.1177997943499, 40.114846616904, -1.18567051923225));
#5667 = CARTESIAN_POINT('', (84.1400114870758, 40.1389583333333, -1.195625));
#5668 = CARTESIAN_POINT('', (82.7207843891258, 39.2691666666667, -1.16083333333333));
#5669 = CARTESIAN_POINT('', (82.7518183706518, 39.2790566708943, -1.15094297788187));
#5670 = CARTESIAN_POINT('', (82.7830897082739, 39.2897161084738, -1.25990807545425));
#5671 = CARTESIAN_POINT('', (82.8144941200773, 39.3010785122228, -1.25125401646535));
#5672 = CARTESIAN_POINT('', (82.8458985318807, 39.3124409159718, -1.24259995747645));
#5673 = CARTESIAN_POINT('', (82.877437153838, 39.3245070100656, -1.23456404661378));
#5674 = CARTESIAN_POINT('', (82.9090219969341, 39.3372207120558, -1.22714628366721));
#5675 = CARTESIAN_POINT('', (82.9721916831263, 39.3626481160361, -1.21231075777408));
#5676 = CARTESIAN_POINT('', (83.0355354136453, 39.3906590425104, -1.19994782354537));
#5677 = CARTESIAN_POINT('', (83.0984917650274, 39.420895651754, -1.19005747930015));
#5678 = CARTESIAN_POINT('', (83.2244044677918, 39.4813688702412, -1.17027679080972));
#5679 = CARTESIAN_POINT('', (83.3486977146805, 39.5507002421376, -1.16038646225324));
#5680 = CARTESIAN_POINT('', (83.4684218116023, 39.6270096911819, -1.16038648018323));
#5681 = CARTESIAN_POINT('', (83.5881459085241, 39.7033191402263, -1.16038649811322));
#5682 = CARTESIAN_POINT('', (83.7034736446529, 39.7867167980293, -1.17027686252968));
#5683 = CARTESIAN_POINT('', (83.8114553264378, 39.8753225887226, -1.19005755998511));
#5684 = CARTESIAN_POINT('', (83.8654461673303, 39.9196254840693, -1.19994790871283));
#5685 = CARTESIAN_POINT('', (83.917583009342, 39.965219267894, -1.21231084070029));
#5686 = CARTESIAN_POINT('', (83.9673044298569, 40.0117461010618, -1.22714635426655));
#5687 = CARTESIAN_POINT('', (83.9921651401143, 40.0350095176456, -1.23456411104969));
#5688 = CARTESIAN_POINT('', (84.016419284536, 40.0585044689812, -1.24260001322752));
#5689 = CARTESIAN_POINT('', (84.0399788746754, 40.0821748731113, -1.25125406058994));
#5690 = CARTESIAN_POINT('', (84.0635384648149, 40.1058452772414, -1.25990810795236));
#5691 = CARTESIAN_POINT('', (84.0864046361049, 40.1296918578175, -1.15094299581186));
#5692 = CARTESIAN_POINT('', (84.1084731071213, 40.1536481481482, -1.16083333333333));
#5693 = CARTESIAN_POINT('', (82.7207843891258, 39.3039583333333, -1.12604166666667));
#5694 = CARTESIAN_POINT('', (82.7515173016902, 39.3137523568009, -1.11624722504275));
#5695 = CARTESIAN_POINT('', (82.7824297438479, 39.3242729612965, -1.24786246248751));
#5696 = CARTESIAN_POINT('', (82.8134174474536, 39.335453688469, -1.23929232683782));
#5697 = CARTESIAN_POINT('', (82.8444051510593, 39.3466344156415, -1.23072219118814));
#5698 = CARTESIAN_POINT('', (82.8754694688347, 39.3584761278422, -1.22276420848567));
#5699 = CARTESIAN_POINT('', (82.9065255342944, 39.3709247329093, -1.21541837865065));
#5700 = CARTESIAN_POINT('', (82.9686376652139, 39.3958219430435, -1.2007267189806));
#5701 = CARTESIAN_POINT('', (83.0307038782775, 39.4231384972647, -1.18848367078031));
#5702 = CARTESIAN_POINT('', (83.0922149177524, 39.4525498069872, -1.17868923341151));
#5703 = CARTESIAN_POINT('', (83.2152369967023, 39.511372426432, -1.15910035867392));
#5704 = CARTESIAN_POINT('', (83.3359550972239, 39.5785209845897, -1.14930592726228));
#5705 = CARTESIAN_POINT('', (83.4521310293036, 39.6525689068316, -1.14930593407046));
#5706 = CARTESIAN_POINT('', (83.5683069613834, 39.7266168290734, -1.14930594087865));
#5707 = CARTESIAN_POINT('', (83.6801464831642, 39.8076952606278, -1.15910038590666));
#5708 = CARTESIAN_POINT('', (83.7854114052762, 39.8943776273343, -1.17868926404835));
#5709 = CARTESIAN_POINT('', (83.8380438663322, 39.9377188106875, -1.18848370311919));
#5710 = CARTESIAN_POINT('', (83.8890118559016, 39.9824477066156, -1.20072675046846));
#5711 = CARTESIAN_POINT('', (83.9378061192609, 40.028239727235, -1.21541840545788));
#5712 = CARTESIAN_POINT('', (83.9622032509405, 40.0511357375446, -1.22276423295259));
#5713 = CARTESIAN_POINT('', (83.9860537234375, 40.074295471812, -1.23072221235734));
#5714 = CARTESIAN_POINT('', (84.009272670944, 40.0976648384602, -1.23929234359234));
#5715 = CARTESIAN_POINT('', (84.0324916184505, 40.1210342051084, -1.24786247482735));
#5716 = CARTESIAN_POINT('', (84.0550803930451, 40.1446140658647, -1.11624723185094));
#5717 = CARTESIAN_POINT('', (84.0769347271669, 40.168337962963, -1.12604166666667));
#5718 = CARTESIAN_POINT('', (82.7207843891258, 39.33875, -1.09125));
#5719 = CARTESIAN_POINT('', (82.7511223045779, 39.3484181140696, -1.08158141121165));
#5720 = CARTESIAN_POINT('', (82.7815955888233, 39.3587767966331, -1.23234132900189));
#5721 = CARTESIAN_POINT('', (82.8120995685586, 39.3697593310144, -1.22388131567772));
#5722 = CARTESIAN_POINT('', (82.842603548294, 39.3807418653957, -1.21542130235355));
#5723 = CARTESIAN_POINT('', (82.873139759041, 39.39234923048, -1.20756557666496));
#5724 = CARTESIAN_POINT('', (82.903625551002, 39.4045287468873, -1.20031413841897));
#5725 = CARTESIAN_POINT('', (82.9645971349242, 39.4288877797019, -1.18581126192699));
#5726 = CARTESIAN_POINT('', (83.0253523907047, 39.4555260786219, -1.17372553520539));
#5727 = CARTESIAN_POINT('', (83.0854227253215, 39.4841449720062, -1.16405695671018));
#5728 = CARTESIAN_POINT('', (83.2055633945552, 39.5413827587749, -1.14471979971977));
#5729 = CARTESIAN_POINT('', (83.3228698404556, 39.6064826666905, -1.13505123563497));
#5730 = CARTESIAN_POINT('', (83.435677263323, 39.6783835829046, -1.135051252104));
#5731 = CARTESIAN_POINT('', (83.5484846861902, 39.7502844991188, -1.13505126857303));
#5732 = CARTESIAN_POINT('', (83.6570266493215, 39.829135291188, -1.14471986559589));
#5733 = CARTESIAN_POINT('', (83.7596383537474, 39.9138748467952, -1.16405703082081));
#5734 = CARTESIAN_POINT('', (83.8109442059603, 39.9562446245988, -1.17372561343328));
#5735 = CARTESIAN_POINT('', (83.8607438582019, 40.0000715286666, -1.18581133809625));
#5736 = CARTESIAN_POINT('', (83.9085687185957, 40.0450568881543, -1.20031420326577));
#5737 = CARTESIAN_POINT('', (83.9324811487926, 40.0675495678982, -1.20756563585054));
#5738 = CARTESIAN_POINT('', (83.9558962172313, 40.0903295262798, -1.21542135356193));
#5739 = CARTESIAN_POINT('', (83.9787312748829, 40.1133440845833, -1.22388135620697));
#5740 = CARTESIAN_POINT('', (84.0015663325346, 40.1363586428867, -1.23234135885201));
#5741 = CARTESIAN_POINT('', (84.0238229141911, 40.1596087792889, -1.08158142768068));
#5742 = CARTESIAN_POINT('', (84.0453963472124, 40.1830277777778, -1.09125));
#5743 = CARTESIAN_POINT('', (82.7207843891258, 39.4083333333333, -1.02166666666667));
#5744 = CARTESIAN_POINT('', (82.7503323103532, 39.4177496286072, -1.01224978354945));
#5745 = CARTESIAN_POINT('', (82.7799272787742, 39.4277844673065, -1.20129906203065));
#5746 = CARTESIAN_POINT('', (82.8094638107687, 39.4383706161052, -1.19305929335751));
#5747 = CARTESIAN_POINT('', (82.8390003427632, 39.448956764904, -1.18481952468436));
#5748 = CARTESIAN_POINT('', (82.8684803394535, 39.4600954357556, -1.17716831302354));
#5749 = CARTESIAN_POINT('', (82.8978255844173, 39.4717367748432, -1.17010565795562));
#5750 = CARTESIAN_POINT('', (82.9565160743448, 39.4950194530186, -1.15598034781978));
#5751 = CARTESIAN_POINT('', (83.0146494155592, 39.5203012413364, -1.14420926405554));
#5752 = CARTESIAN_POINT('', (83.0718383404598, 39.5473353020444, -1.13479240330753));
#5753 = CARTESIAN_POINT('', (83.1862161902609, 39.6014034234606, -1.11595868181149));
#5754 = CARTESIAN_POINT('', (83.2966993269192, 39.6624060308921, -1.10654185238035));
#5755 = CARTESIAN_POINT('', (83.4027697313615, 39.7300129350508, -1.10654188817107));
#5756 = CARTESIAN_POINT('', (83.5088401358038, 39.7976198392095, -1.10654192396179));
#5757 = CARTESIAN_POINT('', (83.6107869816362, 39.8720153523083, -1.11595882497436));
#5758 = CARTESIAN_POINT('', (83.7080922506898, 39.952869285717, -1.13479256436575));
#5759 = CARTESIAN_POINT('', (83.7567448852167, 39.9932962524213, -1.14420943406144));
#5760 = CARTESIAN_POINT('', (83.8042078628028, 40.0353191727684, -1.15598051335184));
#5761 = CARTESIAN_POINT('', (83.8500939172655, 40.0786912099929, -1.17010579888157));
#5762 = CARTESIAN_POINT('', (83.8730369444969, 40.1003772286051, -1.17716844164643));
#5763 = CARTESIAN_POINT('', (83.8955812048187, 40.1223976352155, -1.18481963597112));
#5764 = CARTESIAN_POINT('', (83.9176484827607, 40.1447025768295, -1.19305938143622));
#5765 = CARTESIAN_POINT('', (83.9397157607026, 40.1670075184435, -1.20129912690133));
#5766 = CARTESIAN_POINT('', (83.961307956483, 40.1895982061373, -1.01224981934017));
#5767 = CARTESIAN_POINT('', (83.9823195873035, 40.2124074074074, -1.02166666666667));
#5768 = CARTESIAN_POINT('', (82.7207843891258, 39.4779166666667, -0.952083333333333));
#5769 = CARTESIAN_POINT('', (82.7491634140329, 39.4869604123629, -0.943038928800447));
#5770 = CARTESIAN_POINT('', (82.7775563758933, 39.4965783175663, -1.15635667628589));
#5771 = CARTESIAN_POINT('', (82.8058552395825, 39.5067015227115, -1.14844282546435));
#5772 = CARTESIAN_POINT('', (82.8341541032717, 39.5168247278567, -1.14052897464281));
#5773 = CARTESIAN_POINT('', (82.8623609997178, 39.5274545913969, -1.13318040051428));
#5774 = CARTESIAN_POINT('', (82.8903984570288, 39.5385417340957, -1.12639710275344));
#5775 = CARTESIAN_POINT('', (82.9464733716509, 39.5607160194933, -1.11283050723178));
#5776 = CARTESIAN_POINT('', (83.00185019496, 39.5847064610221, -1.10152501718089));
#5777 = CARTESIAN_POINT('', (83.0561764408895, 39.6102883903264, -1.09248062999825));
#5778 = CARTESIAN_POINT('', (83.1648289327485, 39.6614522489351, -1.07439185563298));
#5779 = CARTESIAN_POINT('', (83.2691479185557, 39.7188984370889, -1.06534749274069));
#5780 = CARTESIAN_POINT('', (83.3692055143572, 39.7826729079248, -1.06534752050109));
#5781 = CARTESIAN_POINT('', (83.4692631101587, 39.8464473787608, -1.06534754826149));
#5782 = CARTESIAN_POINT('', (83.5653834446118, 39.91675672399, -1.07439196667457));
#5783 = CARTESIAN_POINT('', (83.6576386347764, 39.9936468974868, -1.09248075492005));
#5784 = CARTESIAN_POINT('', (83.7037662298587, 40.0320919842351, -1.10152514904278));
#5785 = CARTESIAN_POINT('', (83.7488947388677, 40.0721613720467, -1.11283063562362));
#5786 = CARTESIAN_POINT('', (83.7926716773265, 40.1136303936719, -1.12639721206001));
#5787 = CARTESIAN_POINT('', (83.8145601465558, 40.1343649044844, -1.13318050027821));
#5788 = CARTESIAN_POINT('', (83.8361056386956, 40.1554460830409, -1.14052906096029));
#5789 = CARTESIAN_POINT('', (83.8572306829209, 40.1768245510264, -1.14844289378095));
#5790 = CARTESIAN_POINT('', (83.8783557271461, 40.198203019012, -1.15635672660161));
#5791 = CARTESIAN_POINT('', (83.899062453372, 40.2198801338968, -0.943038956560845));
#5792 = CARTESIAN_POINT('', (83.9192428273946, 40.241787037037, -0.952083333333333));
#5793 = CARTESIAN_POINT('', (82.7207843891258, 39.5475, -0.8825));
#5794 = CARTESIAN_POINT('', (82.7477037155124, 39.5560785368831, -0.873920765571016));
#5795 = CARTESIAN_POINT('', (82.774646225019, 39.5652080533145, -1.1007214848063));
#5796 = CARTESIAN_POINT('', (82.8015000052462, 39.574817218453, -1.09321465742228));
#5797 = CARTESIAN_POINT('', (82.8283537854733, 39.5844263835915, -1.08570783003826));
#5798 = CARTESIAN_POINT('', (82.8551210926978, 39.5945166357991, -1.07873720603492));
#5799 = CARTESIAN_POINT('', (82.8817223755899, 39.6050372704654, -1.07230278512869));
#5800 = CARTESIAN_POINT('', (82.9349249413741, 39.626078539798, -1.05943394331621));
#5801 = CARTESIAN_POINT('', (82.9874418788931, 39.6488276160793, -1.04870991389214));
#5802 = CARTESIAN_POINT('', (83.0389197894643, 39.6730592494623, -1.04013069458778));
#5803 = CARTESIAN_POINT('', (83.1418756106068, 39.7215225162282, -1.02297225597906));
#5804 = CARTESIAN_POINT('', (83.2405364099821, 39.7758274709286, -1.01439305784917));
#5805 = CARTESIAN_POINT('', (83.3351371206273, 39.8361238441793, -1.01439308204857));
#5806 = CARTESIAN_POINT('', (83.4297378312724, 39.8964202174301, -1.01439310624796));
#5807 = CARTESIAN_POINT('', (83.5206216482364, 39.9629267533959, -1.02297235277664));
#5808 = CARTESIAN_POINT('', (83.6080235056295, 40.0357931834734, -1.04013080348507));
#5809 = CARTESIAN_POINT('', (83.651724434326, 40.0722263985121, -1.04871002883928));
#5810 = CARTESIAN_POINT('', (83.6945201437169, 40.1102274513102, -1.05943405523842));
#5811 = CARTESIAN_POINT('', (83.736057236803, 40.1495710931915, -1.07230288041381));
#5812 = CARTESIAN_POINT('', (83.7568257833459, 40.1692429141322, -1.0787372930015));
#5813 = CARTESIAN_POINT('', (83.7772742922753, 40.1892469510042, -1.08570790528326));
#5814 = CARTESIAN_POINT('', (83.7973232133911, 40.2095325001727, -1.09321471697548));
#5815 = CARTESIAN_POINT('', (83.8173721345068, 40.2298180493413, -1.10072152866771));
#5816 = CARTESIAN_POINT('', (83.8370237230133, 40.2503865481278, -0.873920789770412));
#5817 = CARTESIAN_POINT('', (83.8561660674858, 40.2711666666667, -0.8825));
#5818 = CARTESIAN_POINT('', (82.7207843891258, 39.6866666666667, -0.743333333333333));
#5819 = CARTESIAN_POINT('', (82.7447843184714, 39.6943147859236, -0.735684439112153));
#5820 = CARTESIAN_POINT('', (82.7688259232705, 39.7024675248111, -0.989451101847133));
#5821 = CARTESIAN_POINT('', (82.7927895365735, 39.7110486099361, -0.982758321338148));
#5822 = CARTESIAN_POINT('', (82.8167531498765, 39.719629695061, -0.976065540829163));
#5823 = CARTESIAN_POINT('', (82.8406412786578, 39.7286407246036, -0.969850817076213));
#5824 = CARTESIAN_POINT('', (82.8643702127121, 39.7380283432049, -0.964114149879173));
#5825 = CARTESIAN_POINT('', (82.9118280808207, 39.7568035804074, -0.952640815485092));
#5826 = CARTESIAN_POINT('', (82.9586252467592, 39.7770699261938, -0.94307970731465));
#5827 = CARTESIAN_POINT('', (83.0044064866139, 39.7986009677341, -0.93543082376684));
#5828 = CARTESIAN_POINT('', (83.0959689663234, 39.8416630508147, -0.920133056671219));
#5829 = CARTESIAN_POINT('', (83.1833133928349, 39.8896855386082, -0.912484188066127));
#5830 = CARTESIAN_POINT('', (83.2670003331675, 39.9430257166884, -0.91248420514352));
#5831 = CARTESIAN_POINT('', (83.3506872735, 39.9963658947687, -0.912484222220913));
#5832 = CARTESIAN_POINT('', (83.4310980554856, 40.0552668122077, -0.92013312498079));
#5833 = CARTESIAN_POINT('', (83.5087932473357, 40.1200857554467, -0.935430900615107));
#5834 = CARTESIAN_POINT('', (83.5476408432608, 40.1524952270662, -0.943079788432265));
#5835 = CARTESIAN_POINT('', (83.5857709534154, 40.1863596098372, -0.952640894468034));
#5836 = CARTESIAN_POINT('', (83.6228283557559, 40.2214524922308, -0.964114217121407));
#5837 = CARTESIAN_POINT('', (83.6413570569262, 40.2389989334277, -0.969850878448093));
#5838 = CARTESIAN_POINT('', (83.6596115994347, 40.2568486869307, -0.976065593929181));
#5839 = CARTESIAN_POINT('', (83.6775082743315, 40.2749483984653, -0.982758363364544));
#5840 = CARTESIAN_POINT('', (83.6954049492282, 40.2930481099999, -0.989451132799907));
#5841 = CARTESIAN_POINT('', (83.7129462622958, 40.3113993765898, -0.735684456189545));
#5842 = CARTESIAN_POINT('', (83.730012547668, 40.3299259259259, -0.743333333333333));
#5843 = CARTESIAN_POINT('', (82.7207843891258, 39.8258333333333, -0.604166666666667));
#5844 = CARTESIAN_POINT('', (82.7406811328152, 39.832173839387, -0.597825437174252));
#5845 = CARTESIAN_POINT('', (82.7608109566397, 39.8390592336592, -0.83542220329995));
#5846 = CARTESIAN_POINT('', (82.781040723428, 39.846404657043, -0.829873631315147));
#5847 = CARTESIAN_POINT('', (82.8012704902163, 39.8537500804267, -0.824325059330344));
#5848 = CARTESIAN_POINT('', (82.821602539811, 39.8615570245568, -0.819172815901706));
#5849 = CARTESIAN_POINT('', (82.8419372946687, 39.8697620204916, -0.81441690063395));
#5850 = CARTESIAN_POINT('', (82.8826068043841, 39.8861720123611, -0.804905070098439));
#5851 = CARTESIAN_POINT('', (82.9232648067738, 39.904159980308, -0.796978552206459));
#5852 = CARTESIAN_POINT('', (82.9634081753704, 39.9234052408371, -0.790637343795754));
#5853 = CARTESIAN_POINT('', (83.0436949125634, 39.9618957618953, -0.777954926974345));
#5854 = CARTESIAN_POINT('', (83.1217790556455, 40.0053236335329, -0.771613748078034));
#5855 = CARTESIAN_POINT('', (83.1968111273179, 40.0531474034525, -0.771613781808771));
#5856 = CARTESIAN_POINT('', (83.2718431989902, 40.1009711733721, -0.771613815539507));
#5857 = CARTESIAN_POINT('', (83.3441791052296, 40.1534176873743, -0.77795506189729));
#5858 = CARTESIAN_POINT('', (83.4129693698504, 40.2099454939713, -0.790637495584068));
#5859 = CARTESIAN_POINT('', (83.4473645021609, 40.2382093972697, -0.796978712427457));
#5860 = CARTESIAN_POINT('', (83.4808372083791, 40.267470668105, -0.804905226103095));
#5861 = CARTESIAN_POINT('', (83.5128843637834, 40.297408624196, -0.814417033448725));
#5862 = CARTESIAN_POINT('', (83.5289079414855, 40.3123776022415, -0.819172937121539));
#5863 = CARTESIAN_POINT('', (83.5445695485565, 40.3275121931748, -0.824325164211852));
#5864 = CARTESIAN_POINT('', (83.5597696086245, 40.3427489290661, -0.829873714324381));
#5865 = CARTESIAN_POINT('', (83.5749696686924, 40.3579856649574, -0.83542226443691));
#5866 = CARTESIAN_POINT('', (83.5897105204878, 40.3733260363621, -0.597825470904988));
#5867 = CARTESIAN_POINT('', (83.6038590278502, 40.3886851851852, -0.604166666666667));
#5868 = CARTESIAN_POINT('', (82.7207843891258, 39.965, -0.465));
#5869 = CARTESIAN_POINT('', (82.7365526064251, 39.9700248429588, -0.45997453700042));
#5870 = CARTESIAN_POINT('', (82.7527385355746, 39.9756300183523, -0.664013166782724));
#5871 = CARTESIAN_POINT('', (82.7692022692223, 39.9817263520329, -0.659615889094836));
#5872 = CARTESIAN_POINT('', (82.78566600287, 39.9878226857135, -0.655218611406948));
#5873 = CARTESIAN_POINT('', (82.8024095465953, 39.9944114562253, -0.651135426248868));
#5874 = CARTESIAN_POINT('', (82.8193217584416, 40.0014218238479, -0.647366333368518));
#5875 = CARTESIAN_POINT('', (82.8531461821342, 40.0154425590932, -0.639828147607818));
#5876 = CARTESIAN_POINT('', (82.8876261397012, 40.0311374846611, -0.633546330958041));
#5877 = CARTESIAN_POINT('', (82.922124061672, 40.0481002268221, -0.628520881402569));
#5878 = CARTESIAN_POINT('', (82.9911199056137, 40.0820257111441, -0.618469982291625));
#5879 = CARTESIAN_POINT('', (83.0600641280808, 40.1209437591963, -0.613444551557905));
#5880 = CARTESIAN_POINT('', (83.1265780599732, 40.1633382517132, -0.613444573068478));
#5881 = CARTESIAN_POINT('', (83.1930919918657, 40.2057327442301, -0.613444594579052));
#5882 = CARTESIAN_POINT('', (83.2574806954491, 40.2517981204693, -0.618470068333919));
#5883 = CARTESIAN_POINT('', (83.3173655025774, 40.3000182618589, -0.628520978200149));
#5884 = CARTESIAN_POINT('', (83.3473079061416, 40.3241283325537, -0.633546433133264));
#5885 = CARTESIAN_POINT('', (83.3760934650027, 40.3487574182973, -0.63982824709422));
#5886 = CARTESIAN_POINT('', (83.4030846111864, 40.3734991464012, -0.6473664180664));
#5887 = CARTESIAN_POINT('', (83.4165801842783, 40.3858700104531, -0.651135503552491));
#5888 = CARTESIAN_POINT('', (83.4296223688343, 40.3982659850155, -0.655218678291387));
#5889 = CARTESIAN_POINT('', (83.4421000239019, 40.4106162312354, -0.659615942031013));
#5890 = CARTESIAN_POINT('', (83.4545776789695, 40.4229664774554, -0.664013205770638));
#5891 = CARTESIAN_POINT('', (83.4664928091748, 40.4352722729518, -0.459974558510993));
#5892 = CARTESIAN_POINT('', (83.4777055080324, 40.4474444444445, -0.465));
#5893 = CARTESIAN_POINT('', (82.7207843891258, 40.2433333333333, -0.186666666666667));
#5894 = CARTESIAN_POINT('', (82.7282955536448, 40.2457268501024, -0.184272736652757));
#5895 = CARTESIAN_POINT('', (82.7365936934443, 40.2487715877385, -0.321195093748273));
#5896 = CARTESIAN_POINT('', (82.7455253608109, 40.2523697420128, -0.319100404654215));
#5897 = CARTESIAN_POINT('', (82.7544570281775, 40.2559678962871, -0.317005715560158));
#5898 = CARTESIAN_POINT('', (82.7640235601641, 40.2601203195622, -0.315060646943193));
#5899 = CARTESIAN_POINT('', (82.7740906859875, 40.2647414305606, -0.313265198837654));
#5900 = CARTESIAN_POINT('', (82.7942249376345, 40.2739836525575, -0.309674302626577));
#5901 = CARTESIAN_POINT('', (82.8163488055559, 40.2850924933673, -0.306681888461203));
#5902 = CARTESIAN_POINT('', (82.8395558342753, 40.297490198792, -0.304287956616197));
#5903 = CARTESIAN_POINT('', (82.8859698917141, 40.3222856096416, -0.299500092926186));
#5904 = CARTESIAN_POINT('', (82.9366342729515, 40.3521840105232, -0.297106158517647));
#5905 = CARTESIAN_POINT('', (82.986111925284, 40.3837199482347, -0.297106155587894));
#5906 = CARTESIAN_POINT('', (83.0355895776166, 40.4152558859462, -0.297106152658141));
#5907 = CARTESIAN_POINT('', (83.0840838758881, 40.4485589866592, -0.299500081207175));
#5908 = CARTESIAN_POINT('', (83.1261577680314, 40.4801637976341, -0.30428794343231));
#5909 = CARTESIAN_POINT('', (83.1471947141031, 40.4959662031216, -0.306681874544877));
#5910 = CARTESIAN_POINT('', (83.1666059782497, 40.511330918682, -0.30967428907647));
#5911 = CARTESIAN_POINT('', (83.1834851059925, 40.5256801908115, -0.313265187301753));
#5912 = CARTESIAN_POINT('', (83.1919246698638, 40.5328548268762, -0.315060636414394));
#5913 = CARTESIAN_POINT('', (83.1997280093898, 40.5397735686968, -0.317005706450457));
#5914 = CARTESIAN_POINT('', (83.2067608544567, 40.5463508355741, -0.319100397444277));
#5915 = CARTESIAN_POINT('', (83.2137936995236, 40.5529281024513, -0.321195088438096));
#5916 = CARTESIAN_POINT('', (83.2200573865489, 40.5591647461312, -0.184272733723004));
#5917 = CARTESIAN_POINT('', (83.2253984683969, 40.564962962963, -0.186666666666667));
#5918 = CARTESIAN_POINT('', (82.7207843891258, 40.5216666666667, 0.0916666666666666));
#5919 = CARTESIAN_POINT('', (82.7207856860241, 40.5216670799735, 0.091667079973536));
#5920 = CARTESIAN_POINT('', (82.7217723375438, 40.5222955619173, 0.0916674674487262));
#5921 = CARTESIAN_POINT('', (82.7236211728937, 40.5234736062146, 0.0916678290922369));
#5922 = CARTESIAN_POINT('', (82.7254700082435, 40.5246516505119, 0.0916681907357478));
#5923 = CARTESIAN_POINT('', (82.7281810274236, 40.5263792571627, 0.0916685265475793));
#5924 = CARTESIAN_POINT('', (82.7316310596426, 40.5285779198835, 0.0916688365277315));
#5925 = CARTESIAN_POINT('', (82.7385311240807, 40.532975245325, 0.0916694564880358));
#5926 = CARTESIAN_POINT('', (82.7483872406747, 40.5392567950466, 0.0916699731216229));
#5927 = CARTESIAN_POINT('', (82.7602140430953, 40.5467945187804, 0.0916703864284926));
#5928 = CARTESIAN_POINT('', (82.7838676479363, 40.5618699662481, 0.091671213042232));
#5929 = CARTESIAN_POINT('', (82.8154039960834, 40.5819701097649, 0.0916716263491021));
#5930 = CARTESIAN_POINT('', (82.8469401569007, 40.6020705471888, 0.0916716263491026));
#5931 = CARTESIAN_POINT('', (82.878476317718, 40.6221709846127, 0.0916716263491031));
#5932 = CARTESIAN_POINT('', (82.9100122912055, 40.6422717159437, 0.0916712130422339));
#5933 = CARTESIAN_POINT('', (82.9336651467276, 40.6573483390398, 0.0916703864284946));
#5934 = CARTESIAN_POINT('', (82.9454915744886, 40.6648866505879, 0.0916699731216251));
#5935 = CARTESIAN_POINT('', (82.9553472227582, 40.6711689350772, 0.091669456488038));
#5936 = CARTESIAN_POINT('', (82.962246725207, 40.6755671422401, 0.0916688365277333));
#5937 = CARTESIAN_POINT('', (82.9656964764314, 40.6777662458215, 0.091668526547581));
#5938 = CARTESIAN_POINT('', (82.9684071912006, 40.6794943300713, 0.0916681907357493));
#5939 = CARTESIAN_POINT('', (82.9702556987233, 40.680672888706, 0.0916678290922382));
#5940 = CARTESIAN_POINT('', (82.9721042062461, 40.6818514473408, 0.091667467448727));
#5941 = CARTESIAN_POINT('', (82.9730905065225, 40.6824804803604, 0.0916670799735365));
#5942 = CARTESIAN_POINT('', (82.9730914287613, 40.6824814814815, 0.0916666666666666));
#5943 = CARTESIAN_POINT('', (82.7207843891258, 40.8, 0.37));
#5944 = CARTESIAN_POINT('', (82.7207843891258, 40.8, 0.37));
#5945 = CARTESIAN_POINT('', (82.7207843891258, 40.8, 0.37));
#5946 = CARTESIAN_POINT('', (82.7207843891258, 40.8, 0.37));
#5947 = CARTESIAN_POINT('', (82.7207843891258, 40.8, 0.37));
#5948 = CARTESIAN_POINT('', (82.7207843891258, 40.8, 0.37));
#5949 = CARTESIAN_POINT('', (82.7207843891258, 40.8, 0.37));
#5950 = CARTESIAN_POINT('', (82.7207843891258, 40.8, 0.37));
#5951 = CARTESIAN_POINT('', (82.7207843891258, 40.8, 0.37));
#5952 = CARTESIAN_POINT('', (82.7207843891258, 40.8, 0.37));
#5953 = CARTESIAN_POINT('', (82.7207843891258, 40.8, 0.37));
#5954 = CARTESIAN_POINT('', (82.7207843891258, 40.8, 0.37));
#5955 = CARTESIAN_POINT('', (82.7207843891258, 40.8, 0.37));
#5956 = CARTESIAN_POINT('', (82.7207843891258, 40.8, 0.37));
#5957 = CARTESIAN_POINT('', (82.7207843891258, 40.8, 0.37));
#5958 = CARTESIAN_POINT('', (82.7207843891258, 40.8, 0.37));
#5959 = CARTESIAN_POINT('', (82.7207843891258, 40.8, 0.37));
#5960 = CARTESIAN_POINT('', (82.7207843891258, 40.8, 0.37));
#5961 = CARTESIAN_POINT('', (82.7207843891258, 40.8, 0.37));
#5962 = CARTESIAN_POINT('', (82.7207843891258, 40.8, 0.37));
#5963 = CARTESIAN_POINT('', (82.7207843891258, 40.8, 0.37));
#5964 = CARTESIAN_POINT('', (82.7207843891258, 40.8, 0.37));
#5965 = CARTESIAN_POINT('', (82.7207843891258, 40.8, 0.37));
#5966 = CARTESIAN_POINT('', (82.7207843891258, 40.8, 0.37));
#5967 = CARTESIAN_POINT('', (82.7207843891258, 40.8, 0.37));
#5968 = ADVANCED_FACE('', (#5969), #5975, .T.);
#5969 = FACE_OUTER_BOUND('', #5970, .T.);
#5970 = EDGE_LOOP('', (#5971, #5972, #5973, #5974));
#5971 = ORIENTED_EDGE('', *, *, #789, .T.);
#5972 = ORIENTED_EDGE('', *, *, #5562, .T.);
#5973 = ORIENTED_EDGE('', *, *, #1031, .F.);
#5974 = ORIENTED_EDGE('', *, *, #134, .T.);
#5975 = B_SPLINE_SURFACE_WITH_KNOTS('', 3, 1, ((#5976, #5977), (#5978, #5979), (#5980, #5981), (#5982, #5983), (#5984, #5985), (#5986, #5987), (#5988, #5989), (#5990, #5991), (#5992, #5993), (#5994, #5995), (#5996, #5997), (#5998, #5999), (#6000, #6001), (#6002, #6003), (#6004, #6005), (#6006, #6007), (#6008, #6009), (#6010, #6011), (#6012, #6013), (#6014, #6015), (#6016, #6017), (#6018, #6019), (#6020, #6021), (#6022, #6023), (#6024, #6025), (#6026, #6027), (#6028, #6029), (#6030, #6031), (#6032, #6033), (#6034, #6035), (#6036, #6037), (#6038, #6039), (#6040, #6041), (#6042, #6043), (#6044, #6045), (#6046, #6047), (#6048, #6049), (#6050, #6051), (#6052, #6053), (#6054, #6055), (#6056, #6057), (#6058, #6059), (#6060, #6061), (#6062, #6063), (#6064, #6065), (#6066, #6067), (#6068, #6069), (#6070, #6071), (#6072, #6073), (#6074, #6075), (#6076, #6077), (#6078, #6079), (#6080, #6081), (#6082, #6083), (#6084, #6085), (#6086, #6087), (#6088, #6089), (#6090, #6091), (#6092, #6093), (#6094, #6095), (#6096, #6097), (#6098, #6099), (#6100, #6101), (#6102, #6103), (#6104, #6105), (#6106, #6107), (#6108, #6109), (#6110, #6111), (#6112, #6113), (#6114, #6115), (#6116, #6117), (#6118, #6119), (#6120, #6121), (#6122, #6123), (#6124, #6125), (#6126, #6127), (#6128, #6129), (#6130, #6131), (#6132, #6133)), .UNSPECIFIED., .F., .F., .U., (4, 3, 3, 3, 3, 3, 3, 3, 3, 3, 3, 3, 3, 3, 3, 3, 3, 3, 3, 3, 3, 3, 3, 3, 3, 3, 4), (2, 2), (0., 0.194619506835938, 0.389239013671875, 0.583858520507813, 0.77847802734375, 0.973097534179688, 1.07040728759766, 1.16771704101563, 1.20616040039062, 1.30347015380859, 1.40077990722656, 1.5953994140625, 1.79001892089844, 1.98463842773438, 2.17925793457031, 2.37387744140625, 2.56849694824219, 2.76311645507813, 2.95773596191406, 3.15235546875, 3.34697497558594, 3.54159448242188, 3.73621398925781, 3.93083349609375, 4.12545300292969, 4.32007250976562, 4.4105820779513), (0., 1.), .UNSPECIFIED.);
#5976 = CARTESIAN_POINT('', (87.9664151263224, 41.4784444444444, -1.3));
#5977 = CARTESIAN_POINT('', (88.6547236990992, 43., 0.37));
#5978 = CARTESIAN_POINT('', (87.9073084612833, 41.5051826230841, -1.3));
#5979 = CARTESIAN_POINT('', (88.5607378359628, 43.042516538473, 0.37));
#5980 = CARTESIAN_POINT('', (87.84713920004, 41.5299444906288, -1.3));
#5981 = CARTESIAN_POINT('', (88.465062332219, 43.0818905328019, 0.37));
#5982 = CARTESIAN_POINT('', (87.7863336797968, 41.5525545936132, -1.3));
#5983 = CARTESIAN_POINT('', (88.3683751092176, 43.1178429933779, 0.37));
#5984 = CARTESIAN_POINT('', (87.7255281595537, 41.5751646965976, -1.3));
#5985 = CARTESIAN_POINT('', (88.2716878862161, 43.1537954539538, 0.37));
#5986 = CARTESIAN_POINT('', (87.6637984699677, 41.5957300924481, -1.3));
#5987 = CARTESIAN_POINT('', (88.1735311359911, 43.1864966134334, 0.37));
#5988 = CARTESIAN_POINT('', (87.6015820048634, 41.614105062351, -1.3));
#5989 = CARTESIAN_POINT('', (88.0746003610902, 43.2157147634556, 0.37));
#5990 = CARTESIAN_POINT('', (87.5393655397591, 41.6324800322538, -1.3));
#5991 = CARTESIAN_POINT('', (87.9756695861894, 43.2449329134778, 0.37));
#5992 = CARTESIAN_POINT('', (87.4763677080576, 41.6487515805445, -1.3));
#5993 = CARTESIAN_POINT('', (87.8754963555687, 43.2708064001591, 0.37));
#5994 = CARTESIAN_POINT('', (87.4130348891709, 41.6628044130302, -1.3));
#5995 = CARTESIAN_POINT('', (87.7747904598125, 43.2931518935109, 0.37));
#5996 = CARTESIAN_POINT('', (87.3497020702842, 41.6768572455159, -1.3));
#5997 = CARTESIAN_POINT('', (87.6740845640562, 43.3154973868628, 0.37));
#5998 = CARTESIAN_POINT('', (87.2857343872681, 41.6887579014813, -1.3));
#5999 = CARTESIAN_POINT('', (87.572369167034, 43.3344206914013, 0.37));
#6000 = CARTESIAN_POINT('', (87.2215850915432, 41.6984220572652, -1.3));
#6001 = CARTESIAN_POINT('', (87.4703649865528, 43.3497877235666, 0.37));
#6002 = CARTESIAN_POINT('', (87.1574357958184, 41.7080862130492, -1.3));
#6003 = CARTESIAN_POINT('', (87.3683608060716, 43.3651547557319, 0.37));
#6004 = CARTESIAN_POINT('', (87.0928011444738, 41.7155596278261, -1.3));
#6005 = CARTESIAN_POINT('', (87.2655848587039, 43.3770382774619, 0.37));
#6006 = CARTESIAN_POINT('', (87.028139114822, 41.7207893477338, -1.3));
#6007 = CARTESIAN_POINT('', (87.1627653769254, 43.3853540865024, 0.37));
#6008 = CARTESIAN_POINT('', (86.9958080999961, 41.7234042076877, -1.3));
#6009 = CARTESIAN_POINT('', (87.1113556360362, 43.3895119910227, 0.37));
#6010 = CARTESIAN_POINT('', (86.9633553831883, 41.7254675986101, -1.3));
#6011 = CARTESIAN_POINT('', (87.0597523760945, 43.3927930013235, 0.37));
#6012 = CARTESIAN_POINT('', (86.9309535442849, 41.7269685476211, -1.3));
#6013 = CARTESIAN_POINT('', (87.0082300174142, 43.3951796693622, 0.37));
#6014 = CARTESIAN_POINT('', (86.8985517053816, 41.7284694966322, -1.3));
#6015 = CARTESIAN_POINT('', (86.956707658734, 43.397566337401, 0.37));
#6016 = CARTESIAN_POINT('', (86.8660472100846, 41.7294151158946, -1.3));
#6017 = CARTESIAN_POINT('', (86.9050220655056, 43.3990699722704, 0.37));
#6018 = CARTESIAN_POINT('', (86.8336129136323, 41.7298003767117, -1.3));
#6019 = CARTESIAN_POINT('', (86.8534480958818, 43.39968257781, 0.37));
#6020 = CARTESIAN_POINT('', (86.8207993644166, 41.729952578516, -1.3));
#6021 = CARTESIAN_POINT('', (86.833073194302, 43.3999245948133, 0.37));
#6022 = CARTESIAN_POINT('', (86.8079835989816, 41.730017751244, -1.3));
#6023 = CARTESIAN_POINT('', (86.8126947686986, 43.4000282263597, 0.37));
#6024 = CARTESIAN_POINT('', (86.7951691645265, 41.7299958768572, -1.3));
#6025 = CARTESIAN_POINT('', (86.7923184594944, 43.3999934437658, 0.37));
#6026 = CARTESIAN_POINT('', (86.762732627312, 41.7299405073155, -1.3));
#6027 = CARTESIAN_POINT('', (86.7407409268212, 43.399905400325, 0.37));
#6028 = CARTESIAN_POINT('', (86.7302201957867, 41.7293255222643, -1.3));
#6029 = CARTESIAN_POINT('', (86.6890427141484, 43.3989275089008, 0.37));
#6030 = CARTESIAN_POINT('', (86.6978047673929, 41.7281541921247, -1.3));
#6031 = CARTESIAN_POINT('', (86.6374987467377, 43.3970649698095, 0.37));
#6032 = CARTESIAN_POINT('', (86.665389338999, 41.726982861985, -1.3));
#6033 = CARTESIAN_POINT('', (86.585954779327, 43.3952024307183, 0.37));
#6034 = CARTESIAN_POINT('', (86.6329173150455, 41.7252496364748, -1.3));
#6035 = CARTESIAN_POINT('', (86.534320818977, 43.3924464184227, 0.37));
#6036 = CARTESIAN_POINT('', (86.6005613780919, 41.7229637326915, -1.3));
#6037 = CARTESIAN_POINT('', (86.4828714492628, 43.3888115890854, 0.37));
#6038 = CARTESIAN_POINT('', (86.5358495041847, 41.718391925125, -1.3));
#6039 = CARTESIAN_POINT('', (86.3799727098343, 43.3815419304107, 0.37));
#6040 = CARTESIAN_POINT('', (86.4711421877851, 41.7115762602843, -1.3));
#6041 = CARTESIAN_POINT('', (86.2770812173261, 43.3707043008054, 0.37));
#6042 = CARTESIAN_POINT('', (86.4068979210833, 41.702565031458, -1.3));
#6043 = CARTESIAN_POINT('', (86.174926022924, 43.3563754917177, 0.37));
#6044 = CARTESIAN_POINT('', (86.3426536543815, 41.6935538026318, -1.3));
#6045 = CARTESIAN_POINT('', (86.0727708285219, 43.34204668263, 0.37));
#6046 = CARTESIAN_POINT('', (86.2785682447849, 41.6823043422139, -1.3));
#6047 = CARTESIAN_POINT('', (85.9708682337569, 43.3241588480433, 0.37));
#6048 = CARTESIAN_POINT('', (86.2150957778813, 41.6688963597339, -1.3));
#6049 = CARTESIAN_POINT('', (85.8699402828502, 43.3028387345592, 0.37));
#6050 = CARTESIAN_POINT('', (86.1516233109778, 41.655488377254, -1.3));
#6051 = CARTESIAN_POINT('', (85.7690123319434, 43.2815186210752, 0.37));
#6052 = CARTESIAN_POINT('', (86.0884632485984, 41.6398583867518, -1.3));
#6053 = CARTESIAN_POINT('', (85.6685811373473, 43.2566652792872, 0.37));
#6054 = CARTESIAN_POINT('', (86.0260631196619, 41.6221171365782, -1.3));
#6055 = CARTESIAN_POINT('', (85.5693583174837, 43.2284548108134, 0.37));
#6056 = CARTESIAN_POINT('', (85.9636629907255, 41.6043758864046, -1.3));
#6057 = CARTESIAN_POINT('', (85.47013549762, 43.2002443423395, 0.37));
#6058 = CARTESIAN_POINT('', (85.9017273345164, 41.5844393728475, -1.3));
#6059 = CARTESIAN_POINT('', (85.3716512386303, 43.1685431723724, 0.37));
#6060 = CARTESIAN_POINT('', (85.8406950042626, 41.5624488586925, -1.3));
#6061 = CARTESIAN_POINT('', (85.2746033636684, 43.1335759237161, 0.37));
#6062 = CARTESIAN_POINT('', (85.7796626740088, 41.5404583445376, -1.3));
#6063 = CARTESIAN_POINT('', (85.1775554887066, 43.0986086750598, 0.37));
#6064 = CARTESIAN_POINT('', (85.7192446854362, 41.5163097060729, -1.3));
#6065 = CARTESIAN_POINT('', (85.0814844821424, 43.0602097799745, 0.37));
#6066 = CARTESIAN_POINT('', (85.6598691381392, 41.4901740516484, -1.3));
#6067 = CARTESIAN_POINT('', (84.9870710677126, 43.0186513188755, 0.37));
#6068 = CARTESIAN_POINT('', (85.6004935908423, 41.4640383972239, -1.3));
#6069 = CARTESIAN_POINT('', (84.8926576532828, 42.9770928577766, 0.37));
#6070 = CARTESIAN_POINT('', (85.5418793453108, 41.4357919761474, -1.3));
#6071 = CARTESIAN_POINT('', (84.7994547893634, 42.9321780539446, 0.37));
#6072 = CARTESIAN_POINT('', (85.484441720481, 41.4056349321457, -1.3));
#6073 = CARTESIAN_POINT('', (84.7081228770899, 42.8842251571222, 0.37));
#6074 = CARTESIAN_POINT('', (85.4270040956512, 41.3754778881441, -1.3));
#6075 = CARTESIAN_POINT('', (84.6167909648163, 42.8362722602998, 0.37));
#6076 = CARTESIAN_POINT('', (85.3704711279547, 41.3432674294964, -1.3));
#6077 = CARTESIAN_POINT('', (84.5268975532849, 42.7850542165137, 0.37));
#6078 = CARTESIAN_POINT('', (85.3152433891604, 41.3092317876386, -1.3));
#6079 = CARTESIAN_POINT('', (84.4390795940713, 42.7309339379412, 0.37));
#6080 = CARTESIAN_POINT('', (85.2600156503661, 41.2751961457807, -1.3));
#6081 = CARTESIAN_POINT('', (84.3512616348577, 42.6768136593686, 0.37));
#6082 = CARTESIAN_POINT('', (85.205831640578, 41.239174164073, -1.3));
#6083 = CARTESIAN_POINT('', (84.2651033154067, 42.6195348898688, 0.37));
#6084 = CARTESIAN_POINT('', (85.1530752877151, 41.2014210809987, -1.3));
#6085 = CARTESIAN_POINT('', (84.1812151218085, 42.5595034856871, 0.37));
#6086 = CARTESIAN_POINT('', (85.1003189348523, 41.1636679979244, -1.3));
#6087 = CARTESIAN_POINT('', (84.0973269282103, 42.4994720815053, 0.37));
#6088 = CARTESIAN_POINT('', (85.0487404408768, 41.1240050549917, -1.3));
#6089 = CARTESIAN_POINT('', (84.0153116551044, 42.4364037976899, 0.37));
#6090 = CARTESIAN_POINT('', (84.9987052719831, 41.0827132891928, -1.3));
#6091 = CARTESIAN_POINT('', (83.935750432482, 42.3707455128507, 0.37));
#6092 = CARTESIAN_POINT('', (84.9486701030895, 41.0414215233938, -1.3));
#6093 = CARTESIAN_POINT('', (83.8561892098596, 42.3050872280114, 0.37));
#6094 = CARTESIAN_POINT('', (84.8999413458761, 40.9983054207951, -1.3));
#6095 = CARTESIAN_POINT('', (83.7787053202978, 42.2365280542678, 0.37));
#6096 = CARTESIAN_POINT('', (84.8528642743533, 40.9536704862052, -1.3));
#6097 = CARTESIAN_POINT('', (83.7038477860742, 42.1655537766514, 0.37));
#6098 = CARTESIAN_POINT('', (84.8057872028305, 40.9090355516154, -1.3));
#6099 = CARTESIAN_POINT('', (83.6289902518506, 42.094579499035, 0.37));
#6100 = CARTESIAN_POINT('', (84.7601389100031, 40.8626704414052, -1.3));
#6101 = CARTESIAN_POINT('', (83.5564046272133, 42.0208540587714, 0.37));
#6102 = CARTESIAN_POINT('', (84.7162428428462, 40.8149036816536, -1.3));
#6103 = CARTESIAN_POINT('', (83.4866052271406, 41.9448998471523, 0.37));
#6104 = CARTESIAN_POINT('', (84.6723467756893, 40.767136921902, -1.3));
#6105 = CARTESIAN_POINT('', (83.4168058270678, 41.8689456355331, 0.37));
#6106 = CARTESIAN_POINT('', (84.629995089065, 40.7177423399831, -1.3));
#6107 = CARTESIAN_POINT('', (83.3494621557571, 41.7904030141073, 0.37));
#6108 = CARTESIAN_POINT('', (84.5894878714122, 40.6670699276956, -1.3));
#6109 = CARTESIAN_POINT('', (83.2850513856377, 41.7098285069365, 0.37));
#6110 = CARTESIAN_POINT('', (84.5489806537593, 40.6163975154081, -1.3));
#6111 = CARTESIAN_POINT('', (83.2206406155183, 41.6292539997656, 0.37));
#6112 = CARTESIAN_POINT('', (84.5101261059307, 40.5642073420428, -1.3));
#6113 = CARTESIAN_POINT('', (83.1588577656143, 41.5462660915875, 0.37));
#6114 = CARTESIAN_POINT('', (84.4731995369291, 40.5108692079287, -1.3));
#6115 = CARTESIAN_POINT('', (83.1001406064243, 41.461452804127, 0.37));
#6116 = CARTESIAN_POINT('', (84.4362729679274, 40.4575310738146, -1.3));
#6117 = CARTESIAN_POINT('', (83.0414234472344, 41.3766395166664, 0.37));
#6118 = CARTESIAN_POINT('', (84.4010995327533, 40.4027924262161, -1.3));
#6119 = CARTESIAN_POINT('', (82.9854939566748, 41.2895992643012, 0.37));
#6120 = CARTESIAN_POINT('', (84.3679284574021, 40.3470411230111, -1.3));
#6121 = CARTESIAN_POINT('', (82.932748430498, 41.2009487821732, 0.37));
#6122 = CARTESIAN_POINT('', (84.3347573820509, 40.2912898198062, -1.3));
#6123 = CARTESIAN_POINT('', (82.8800029043212, 41.1122983000452, 0.37));
#6124 = CARTESIAN_POINT('', (84.3034316035513, 40.2342618820541, -1.3));
#6125 = CARTESIAN_POINT('', (82.8301915957529, 41.0216178336549, 0.37));
#6126 = CARTESIAN_POINT('', (84.2741730848218, 40.176361388699, -1.3));
#6127 = CARTESIAN_POINT('', (82.7836674493633, 40.9295499113587, 0.37));
#6128 = CARTESIAN_POINT('', (84.2605661451116, 40.1494342387102, -1.3));
#6129 = CARTESIAN_POINT('', (82.7620309727923, 40.8867328884084, 0.37));
#6130 = CARTESIAN_POINT('', (84.2473650106097, 40.1222376328501, -1.3));
#6131 = CARTESIAN_POINT('', (82.7410397695207, 40.8434874020585, 0.37));
#6132 = CARTESIAN_POINT('', (84.2346266269391, 40.0948888888889, -1.3));
#6133 = CARTESIAN_POINT('', (82.7207843891258, 40.8, 0.37));
#6134 = ORIENTED_CLOSED_SHELL('', (), #6135, .F.);
#6135 = CLOSED_SHELL('', (#6136, #6172, #6200, #6228, #6256, #6284, #6320, #6358, #6386, #6412, #6434, #6450, #6466, #6525, #6549, #6573, #6589, #6607, #6629, #6660, #6688, #6716, #6744, #6772, #6800, #6826, #6848, #6864, #6880, #6902, #6922, #6944, #6966, #6988, #7004, #7016, #7032, #7048, #7064));
#6136 = ADVANCED_FACE('', (#6137), #6167, .T.);
#6137 = FACE_OUTER_BOUND('', #6138, .T.);
#6138 = EDGE_LOOP('', (#6139, #6148, #6155, #6162));
#6139 = ORIENTED_EDGE('', *, *, #6140, .F.);
#6140 = EDGE_CURVE('', #6141, #6143, #6145, .T.);
#6141 = VERTEX_POINT('', #6142);
#6142 = CARTESIAN_POINT('', (1.6, 2.1, 2.1));
#6143 = VERTEX_POINT('', #6144);
#6144 = CARTESIAN_POINT('', (1.6, 2.1, 24.5));
#6145 = B_SPLINE_CURVE_WITH_KNOTS('', 1, (#6146, #6147), .UNSPECIFIED., .F., .U., (2, 2), (0., 1.), .UNSPECIFIED.);
#6146 = CARTESIAN_POINT('', (1.6, 2.1, 2.1));
#6147 = CARTESIAN_POINT('', (1.6, 2.1, 24.5));
#6148 = ORIENTED_EDGE('', *, *, #6149, .T.);
#6149 = EDGE_CURVE('', #6141, #6150, #6152, .T.);
#6150 = VERTEX_POINT('', #6151);
#6151 = CARTESIAN_POINT('', (2.1, 1.6, 2.1));
#6152 = B_SPLINE_CURVE_WITH_KNOTS('', 1, (#6153, #6154), .UNSPECIFIED., .F., .U., (2, 2), (0., 1.), .UNSPECIFIED.);
#6153 = CARTESIAN_POINT('', (1.6, 2.1, 2.1));
#6154 = CARTESIAN_POINT('', (2.1, 1.6, 2.1));
#6155 = ORIENTED_EDGE('', *, *, #6156, .T.);
#6156 = EDGE_CURVE('', #6150, #6157, #6159, .T.);
#6157 = VERTEX_POINT('', #6158);
#6158 = CARTESIAN_POINT('', (2.1, 1.6, 24.5));
#6159 = B_SPLINE_CURVE_WITH_KNOTS('', 1, (#6160, #6161), .UNSPECIFIED., .F., .U., (2, 2), (0., 1.), .UNSPECIFIED.);
#6160 = CARTESIAN_POINT('', (2.1, 1.6, 2.1));
#6161 = CARTESIAN_POINT('', (2.1, 1.6, 24.5));
#6162 = ORIENTED_EDGE('', *, *, #6163, .F.);
#6163 = EDGE_CURVE('', #6143, #6157, #6164, .T.);
#6164 = B_SPLINE_CURVE_WITH_KNOTS('', 1, (#6165, #6166), .UNSPECIFIED., .F., .U., (2, 2), (0., 1.), .UNSPECIFIED.);
#6165 = CARTESIAN_POINT('', (1.6, 2.1, 24.5));
#6166 = CARTESIAN_POINT('', (2.1, 1.6, 24.5));
#6167 = B_SPLINE_SURFACE_WITH_KNOTS('', 1, 1, ((#6168, #6169), (#6170, #6171)), .UNSPECIFIED., .F., .F., .U., (2, 2), (2, 2), (0., 1.), (0., 1.), .UNSPECIFIED.);
#6168 = CARTESIAN_POINT('', (1.6, 2.1, 2.1));
#6169 = CARTESIAN_POINT('', (1.6, 2.1, 24.5));
#6170 = CARTESIAN_POINT('', (2.1, 1.6, 2.1));
#6171 = CARTESIAN_POINT('', (2.1, 1.6, 24.5));
#6172 = ADVANCED_FACE('', (#6173), #6195, .T.);
#6173 = FACE_OUTER_BOUND('', #6174, .T.);
#6174 = EDGE_LOOP('', (#6175, #6184, #6189, #6190));
#6175 = ORIENTED_EDGE('', *, *, #6176, .T.);
#6176 = EDGE_CURVE('', #6177, #6179, #6181, .T.);
#6177 = VERTEX_POINT('', #6178);
#6178 = CARTESIAN_POINT('', (2.1, 2.30710678118654, 1.6));
#6179 = VERTEX_POINT('', #6180);
#6180 = CARTESIAN_POINT('', (2.30710678118655, 2.1, 1.6));
#6181 = B_SPLINE_CURVE_WITH_KNOTS('', 1, (#6182, #6183), .UNSPECIFIED., .F., .U., (2, 2), (0., 1.), .UNSPECIFIED.);
#6182 = CARTESIAN_POINT('', (2.1, 2.30710678118655, 1.6));
#6183 = CARTESIAN_POINT('', (2.30710678118655, 2.1, 1.6));
#6184 = ORIENTED_EDGE('', *, *, #6185, .T.);
#6185 = EDGE_CURVE('', #6179, #6150, #6186, .T.);
#6186 = B_SPLINE_CURVE_WITH_KNOTS('', 1, (#6187, #6188), .UNSPECIFIED., .F., .U., (2, 2), (0., 1.), .UNSPECIFIED.);
#6187 = CARTESIAN_POINT('', (2.30710678118655, 2.1, 1.6));
#6188 = CARTESIAN_POINT('', (2.1, 1.6, 2.1));
#6189 = ORIENTED_EDGE('', *, *, #6149, .F.);
#6190 = ORIENTED_EDGE('', *, *, #6191, .F.);
#6191 = EDGE_CURVE('', #6177, #6141, #6192, .T.);
#6192 = B_SPLINE_CURVE_WITH_KNOTS('', 1, (#6193, #6194), .UNSPECIFIED., .F., .U., (2, 2), (0., 1.), .UNSPECIFIED.);
#6193 = CARTESIAN_POINT('', (2.1, 2.30710678118655, 1.6));
#6194 = CARTESIAN_POINT('', (1.6, 2.1, 2.1));
#6195 = B_SPLINE_SURFACE_WITH_KNOTS('', 1, 1, ((#6196, #6197), (#6198, #6199)), .UNSPECIFIED., .F., .F., .U., (2, 2), (2, 2), (0., 1.), (0., 1.), .UNSPECIFIED.);
#6196 = CARTESIAN_POINT('', (2.1, 2.30710678118655, 1.6));
#6197 = CARTESIAN_POINT('', (1.6, 2.1, 2.1));
#6198 = CARTESIAN_POINT('', (2.30710678118655, 2.1, 1.6));
#6199 = CARTESIAN_POINT('', (2.1, 1.6, 2.1));
#6200 = ADVANCED_FACE('', (#6201), #6223, .T.);
#6201 = FACE_OUTER_BOUND('', #6202, .T.);
#6202 = EDGE_LOOP('', (#6203, #6210, #6217, #6222));
#6203 = ORIENTED_EDGE('', *, *, #6204, .T.);
#6204 = EDGE_CURVE('', #6179, #6205, #6207, .T.);
#6205 = VERTEX_POINT('', #6206);
#6206 = CARTESIAN_POINT('', (52.7928932188134, 2.1, 1.6));
#6207 = B_SPLINE_CURVE_WITH_KNOTS('', 1, (#6208, #6209), .UNSPECIFIED., .F., .U., (2, 2), (0., 1.), .UNSPECIFIED.);
#6208 = CARTESIAN_POINT('', (2.30710678118655, 2.1, 1.6));
#6209 = CARTESIAN_POINT('', (52.7928932188134, 2.1, 1.6));
#6210 = ORIENTED_EDGE('', *, *, #6211, .T.);
#6211 = EDGE_CURVE('', #6205, #6212, #6214, .T.);
#6212 = VERTEX_POINT('', #6213);
#6213 = CARTESIAN_POINT('', (53., 1.6, 2.1));
#6214 = B_SPLINE_CURVE_WITH_KNOTS('', 1, (#6215, #6216), .UNSPECIFIED., .F., .U., (2, 2), (0., 1.), .UNSPECIFIED.);
#6215 = CARTESIAN_POINT('', (52.7928932188134, 2.1, 1.6));
#6216 = CARTESIAN_POINT('', (53., 1.6, 2.1));
#6217 = ORIENTED_EDGE('', *, *, #6218, .F.);
#6218 = EDGE_CURVE('', #6150, #6212, #6219, .T.);
#6219 = B_SPLINE_CURVE_WITH_KNOTS('', 1, (#6220, #6221), .UNSPECIFIED., .F., .U., (2, 2), (0., 1.), .UNSPECIFIED.);
#6220 = CARTESIAN_POINT('', (2.1, 1.6, 2.1));
#6221 = CARTESIAN_POINT('', (53., 1.6, 2.1));
#6222 = ORIENTED_EDGE('', *, *, #6185, .F.);
#6223 = B_SPLINE_SURFACE_WITH_KNOTS('', 1, 1, ((#6224, #6225), (#6226, #6227)), .UNSPECIFIED., .F., .F., .U., (2, 2), (2, 2), (0., 1.), (0., 1.), .UNSPECIFIED.);
#6224 = CARTESIAN_POINT('', (2.30710678118655, 2.1, 1.6));
#6225 = CARTESIAN_POINT('', (2.1, 1.6, 2.1));
#6226 = CARTESIAN_POINT('', (52.7928932188134, 2.1, 1.6));
#6227 = CARTESIAN_POINT('', (53., 1.6, 2.1));
#6228 = ADVANCED_FACE('', (#6229), #6251, .T.);
#6229 = FACE_OUTER_BOUND('', #6230, .T.);
#6230 = EDGE_LOOP('', (#6231, #6238, #6245, #6250));
#6231 = ORIENTED_EDGE('', *, *, #6232, .T.);
#6232 = EDGE_CURVE('', #6205, #6233, #6235, .T.);
#6233 = VERTEX_POINT('', #6234);
#6234 = CARTESIAN_POINT('', (53., 2.30710678118655, 1.6));
#6235 = B_SPLINE_CURVE_WITH_KNOTS('', 1, (#6236, #6237), .UNSPECIFIED., .F., .U., (2, 2), (0., 1.), .UNSPECIFIED.);
#6236 = CARTESIAN_POINT('', (52.7928932188134, 2.1, 1.6));
#6237 = CARTESIAN_POINT('', (53., 2.30710678118655, 1.6));
#6238 = ORIENTED_EDGE('', *, *, #6239, .T.);
#6239 = EDGE_CURVE('', #6233, #6240, #6242, .T.);
#6240 = VERTEX_POINT('', #6241);
#6241 = CARTESIAN_POINT('', (53.5, 2.1, 2.1));
#6242 = B_SPLINE_CURVE_WITH_KNOTS('', 1, (#6243, #6244), .UNSPECIFIED., .F., .U., (2, 2), (0., 1.), .UNSPECIFIED.);
#6243 = CARTESIAN_POINT('', (53., 2.30710678118655, 1.6));
#6244 = CARTESIAN_POINT('', (53.5, 2.1, 2.1));
#6245 = ORIENTED_EDGE('', *, *, #6246, .F.);
#6246 = EDGE_CURVE('', #6212, #6240, #6247, .T.);
#6247 = B_SPLINE_CURVE_WITH_KNOTS('', 1, (#6248, #6249), .UNSPECIFIED., .F., .U., (2, 2), (0., 1.), .UNSPECIFIED.);
#6248 = CARTESIAN_POINT('', (53., 1.6, 2.1));
#6249 = CARTESIAN_POINT('', (53.5, 2.1, 2.1));
#6250 = ORIENTED_EDGE('', *, *, #6211, .F.);
#6251 = B_SPLINE_SURFACE_WITH_KNOTS('', 1, 1, ((#6252, #6253), (#6254, #6255)), .UNSPECIFIED., .F., .F., .U., (2, 2), (2, 2), (0., 1.), (0., 1.), .UNSPECIFIED.);
#6252 = CARTESIAN_POINT('', (52.7928932188134, 2.1, 1.6));
#6253 = CARTESIAN_POINT('', (53., 1.6, 2.1));
#6254 = CARTESIAN_POINT('', (53., 2.30710678118655, 1.6));
#6255 = CARTESIAN_POINT('', (53.5, 2.1, 2.1));
#6256 = ADVANCED_FACE('', (#6257), #6279, .T.);
#6257 = FACE_OUTER_BOUND('', #6258, .T.);
#6258 = EDGE_LOOP('', (#6259, #6260, #6267, #6274));
#6259 = ORIENTED_EDGE('', *, *, #6191, .T.);
#6260 = ORIENTED_EDGE('', *, *, #6261, .F.);
#6261 = EDGE_CURVE('', #6262, #6141, #6264, .T.);
#6262 = VERTEX_POINT('', #6263);
#6263 = CARTESIAN_POINT('', (1.6, 61.9, 2.1));
#6264 = B_SPLINE_CURVE_WITH_KNOTS('', 1, (#6265, #6266), .UNSPECIFIED., .F., .U., (2, 2), (0., 1.55729166666667), .UNSPECIFIED.);
#6265 = CARTESIAN_POINT('', (1.6, 61.9, 2.1));
#6266 = CARTESIAN_POINT('', (1.6, 2.10000000000001, 2.1));
#6267 = ORIENTED_EDGE('', *, *, #6268, .F.);
#6268 = EDGE_CURVE('', #6269, #6262, #6271, .T.);
#6269 = VERTEX_POINT('', #6270);
#6270 = CARTESIAN_POINT('', (2.1, 61.6928932188134, 1.6));
#6271 = B_SPLINE_CURVE_WITH_KNOTS('', 1, (#6272, #6273), .UNSPECIFIED., .F., .U., (2, 2), (0., 1.), .UNSPECIFIED.);
#6272 = CARTESIAN_POINT('', (2.1, 61.6928932188134, 1.6));
#6273 = CARTESIAN_POINT('', (1.6, 61.9, 2.1));
#6274 = ORIENTED_EDGE('', *, *, #6275, .T.);
#6275 = EDGE_CURVE('', #6269, #6177, #6276, .T.);
#6276 = B_SPLINE_CURVE_WITH_KNOTS('', 1, (#6277, #6278), .UNSPECIFIED., .F., .U., (2, 2), (0., 1.), .UNSPECIFIED.);
#6277 = CARTESIAN_POINT('', (2.1, 61.6928932188134, 1.6));
#6278 = CARTESIAN_POINT('', (2.1, 2.30710678118654, 1.6));
#6279 = B_SPLINE_SURFACE_WITH_KNOTS('', 1, 1, ((#6280, #6281), (#6282, #6283)), .UNSPECIFIED., .F., .F., .U., (2, 2), (2, 2), (-1.62934330852845, 1.), (0., 1.), .UNSPECIFIED.);
#6280 = CARTESIAN_POINT('', (2.1, 61.6928932188134, 1.6));
#6281 = CARTESIAN_POINT('', (1.6, 62.5748960961543, 2.1));
#6282 = CARTESIAN_POINT('', (2.1, 2.30710678118654, 1.6));
#6283 = CARTESIAN_POINT('', (1.6, 2.1, 2.1));
#6284 = ADVANCED_FACE('', (#6285), #6315, .T.);
#6285 = FACE_OUTER_BOUND('', #6286, .T.);
#6286 = EDGE_LOOP('', (#6287, #6288, #6289, #6296, #6303, #6310));
#6287 = ORIENTED_EDGE('', *, *, #6261, .T.);
#6288 = ORIENTED_EDGE('', *, *, #6140, .T.);
#6289 = ORIENTED_EDGE('', *, *, #6290, .F.);
#6290 = EDGE_CURVE('', #6291, #6143, #6293, .T.);
#6291 = VERTEX_POINT('', #6292);
#6292 = CARTESIAN_POINT('', (1.6, 23.5, 24.5));
#6293 = B_SPLINE_CURVE_WITH_KNOTS('', 1, (#6294, #6295), .UNSPECIFIED., .F., .U., (2, 2), (0.0695652173913044, 1.), .UNSPECIFIED.);
#6294 = CARTESIAN_POINT('', (1.6, 23.5, 24.5));
#6295 = CARTESIAN_POINT('', (1.6, 2.1, 24.5));
#6296 = ORIENTED_EDGE('', *, *, #6297, .T.);
#6297 = EDGE_CURVE('', #6291, #6298, #6300, .T.);
#6298 = VERTEX_POINT('', #6299);
#6299 = CARTESIAN_POINT('', (1.6, 23.5, 33.5));
#6300 = B_SPLINE_CURVE_WITH_KNOTS('', 1, (#6301, #6302), .UNSPECIFIED., .F., .U., (2, 2), (0.713375796178344, 1.), .UNSPECIFIED.);
#6301 = CARTESIAN_POINT('', (1.6, 23.5, 24.5));
#6302 = CARTESIAN_POINT('', (1.6, 23.5, 33.5));
#6303 = ORIENTED_EDGE('', *, *, #6304, .F.);
#6304 = EDGE_CURVE('', #6305, #6298, #6307, .T.);
#6305 = VERTEX_POINT('', #6306);
#6306 = CARTESIAN_POINT('', (1.6, 61.9, 33.5));
#6307 = B_SPLINE_CURVE_WITH_KNOTS('', 1, (#6308, #6309), .UNSPECIFIED., .F., .U., (2, 2), (0., 1.), .UNSPECIFIED.);
#6308 = CARTESIAN_POINT('', (1.6, 61.9, 33.5));
#6309 = CARTESIAN_POINT('', (1.6, 23.5, 33.5));
#6310 = ORIENTED_EDGE('', *, *, #6311, .F.);
#6311 = EDGE_CURVE('', #6262, #6305, #6312, .T.);
#6312 = B_SPLINE_CURVE_WITH_KNOTS('', 1, (#6313, #6314), .UNSPECIFIED., .F., .U., (2, 2), (0., 1.), .UNSPECIFIED.);
#6313 = CARTESIAN_POINT('', (1.6, 61.9, 2.1));
#6314 = CARTESIAN_POINT('', (1.6, 61.9, 33.5));
#6315 = B_SPLINE_SURFACE_WITH_KNOTS('', 1, 1, ((#6316, #6317), (#6318, #6319)), .UNSPECIFIED., .F., .F., .U., (2, 2), (2, 2), (-1.6, 1.), (0., 1.40178571428571), .UNSPECIFIED.);
#6316 = CARTESIAN_POINT('', (1.6, 61.9, 2.1));
#6317 = CARTESIAN_POINT('', (1.6, 61.9, 33.5));
#6318 = CARTESIAN_POINT('', (1.6, 2.1, 2.1));
#6319 = CARTESIAN_POINT('', (1.6, 2.1, 33.5));
#6320 = ADVANCED_FACE('', (#6321), #6353, .T.);
#6321 = FACE_OUTER_BOUND('', #6322, .T.);
#6322 = EDGE_LOOP('', (#6323, #6334, #6341, #6348));
#6323 = ORIENTED_EDGE('', *, *, #6324, .T.);
#6324 = EDGE_CURVE('', #6325, #6327, #6329, .T.);
#6325 = VERTEX_POINT('', #6326);
#6326 = CARTESIAN_POINT('', (53.5, 23., 24.5));
#6327 = VERTEX_POINT('', #6328);
#6328 = CARTESIAN_POINT('', (53., 23., 25.));
#6329 = B_SPLINE_CURVE_WITH_KNOTS('', 3, (#6330, #6331, #6332, #6333), .UNSPECIFIED., .F., .U., (4, 4), (0., 0.707106781186545), .UNSPECIFIED.);
#6330 = CARTESIAN_POINT('', (53.5, 23., 24.5));
#6331 = CARTESIAN_POINT('', (53.3333333333333, 23., 24.6666666666667));
#6332 = CARTESIAN_POINT('', (53.1666666666667, 23., 24.8333333333333));
#6333 = CARTESIAN_POINT('', (53., 23., 25.));
#6334 = ORIENTED_EDGE('', *, *, #6335, .F.);
#6335 = EDGE_CURVE('', #6336, #6327, #6338, .T.);
#6336 = VERTEX_POINT('', #6337);
#6337 = CARTESIAN_POINT('', (53., 2.30710678118655, 25.));
#6338 = B_SPLINE_CURVE_WITH_KNOTS('', 1, (#6339, #6340), .UNSPECIFIED., .F., .U., (2, 2), (0., 0.916190953808897), .UNSPECIFIED.);
#6339 = CARTESIAN_POINT('', (53., 2.30710678118655, 25.));
#6340 = CARTESIAN_POINT('', (53., 23., 25.));
#6341 = ORIENTED_EDGE('', *, *, #6342, .T.);
#6342 = EDGE_CURVE('', #6336, #6343, #6345, .T.);
#6343 = VERTEX_POINT('', #6344);
#6344 = CARTESIAN_POINT('', (53.5, 2.1, 24.5));
#6345 = B_SPLINE_CURVE_WITH_KNOTS('', 1, (#6346, #6347), .UNSPECIFIED., .F., .U., (2, 2), (0., 1.), .UNSPECIFIED.);
#6346 = CARTESIAN_POINT('', (53., 2.30710678118655, 25.));
#6347 = CARTESIAN_POINT('', (53.5, 2.1, 24.5));
#6348 = ORIENTED_EDGE('', *, *, #6349, .T.);
#6349 = EDGE_CURVE('', #6343, #6325, #6350, .T.);
#6350 = B_SPLINE_CURVE_WITH_KNOTS('', 1, (#6351, #6352), .UNSPECIFIED., .F., .U., (2, 2), (0., 0.908695652173913), .UNSPECIFIED.);
#6351 = CARTESIAN_POINT('', (53.5, 2.1, 24.5));
#6352 = CARTESIAN_POINT('', (53.5, 23., 24.5));
#6353 = B_SPLINE_SURFACE_WITH_KNOTS('', 1, 1, ((#6354, #6355), (#6356, #6357)), .UNSPECIFIED., .F., .F., .U., (2, 2), (2, 2), (0., 1.), (0., 1.), .UNSPECIFIED.);
#6354 = CARTESIAN_POINT('', (53., 2.30710678118655, 25.));
#6355 = CARTESIAN_POINT('', (53., 24.8928932188135, 25.));
#6356 = CARTESIAN_POINT('', (53.5, 2.1, 24.5));
#6357 = CARTESIAN_POINT('', (53.5, 25.1, 24.5));
#6358 = ADVANCED_FACE('', (#6359), #6381, .T.);
#6359 = FACE_OUTER_BOUND('', #6360, .T.);
#6360 = EDGE_LOOP('', (#6361, #6368, #6375, #6380));
#6361 = ORIENTED_EDGE('', *, *, #6362, .F.);
#6362 = EDGE_CURVE('', #6363, #6336, #6365, .T.);
#6363 = VERTEX_POINT('', #6364);
#6364 = CARTESIAN_POINT('', (52.7928932188134, 2.1, 25.));
#6365 = B_SPLINE_CURVE_WITH_KNOTS('', 1, (#6366, #6367), .UNSPECIFIED., .F., .U., (2, 2), (0., 1.), .UNSPECIFIED.);
#6366 = CARTESIAN_POINT('', (52.7928932188134, 2.1, 25.));
#6367 = CARTESIAN_POINT('', (53., 2.30710678118655, 25.));
#6368 = ORIENTED_EDGE('', *, *, #6369, .T.);
#6369 = EDGE_CURVE('', #6363, #6370, #6372, .T.);
#6370 = VERTEX_POINT('', #6371);
#6371 = CARTESIAN_POINT('', (53., 1.6, 24.5));
#6372 = B_SPLINE_CURVE_WITH_KNOTS('', 1, (#6373, #6374), .UNSPECIFIED., .F., .U., (2, 2), (0., 1.), .UNSPECIFIED.);
#6373 = CARTESIAN_POINT('', (52.7928932188134, 2.1, 25.));
#6374 = CARTESIAN_POINT('', (53., 1.6, 24.5));
#6375 = ORIENTED_EDGE('', *, *, #6376, .T.);
#6376 = EDGE_CURVE('', #6370, #6343, #6377, .T.);
#6377 = B_SPLINE_CURVE_WITH_KNOTS('', 1, (#6378, #6379), .UNSPECIFIED., .F., .U., (2, 2), (0., 1.), .UNSPECIFIED.);
#6378 = CARTESIAN_POINT('', (53., 1.6, 24.5));
#6379 = CARTESIAN_POINT('', (53.5, 2.1, 24.5));
#6380 = ORIENTED_EDGE('', *, *, #6342, .F.);
#6381 = B_SPLINE_SURFACE_WITH_KNOTS('', 1, 1, ((#6382, #6383), (#6384, #6385)), .UNSPECIFIED., .F., .F., .U., (2, 2), (2, 2), (0., 1.), (0., 1.), .UNSPECIFIED.);
#6382 = CARTESIAN_POINT('', (52.7928932188134, 2.1, 25.));
#6383 = CARTESIAN_POINT('', (53., 2.30710678118655, 25.));
#6384 = CARTESIAN_POINT('', (53., 1.6, 24.5));
#6385 = CARTESIAN_POINT('', (53.5, 2.1, 24.5));
#6386 = ADVANCED_FACE('', (#6387), #6407, .T.);
#6387 = FACE_OUTER_BOUND('', #6388, .T.);
#6388 = EDGE_LOOP('', (#6389, #6396, #6401, #6406));
#6389 = ORIENTED_EDGE('', *, *, #6390, .F.);
#6390 = EDGE_CURVE('', #6391, #6363, #6393, .T.);
#6391 = VERTEX_POINT('', #6392);
#6392 = CARTESIAN_POINT('', (2.30710678118655, 2.1, 25.));
#6393 = B_SPLINE_CURVE_WITH_KNOTS('', 1, (#6394, #6395), .UNSPECIFIED., .F., .U., (2, 2), (0., 1.), .UNSPECIFIED.);
#6394 = CARTESIAN_POINT('', (2.30710678118655, 2.1, 25.));
#6395 = CARTESIAN_POINT('', (52.7928932188134, 2.1, 25.));
#6396 = ORIENTED_EDGE('', *, *, #6397, .T.);
#6397 = EDGE_CURVE('', #6391, #6157, #6398, .T.);
#6398 = B_SPLINE_CURVE_WITH_KNOTS('', 1, (#6399, #6400), .UNSPECIFIED., .F., .U., (2, 2), (0., 1.), .UNSPECIFIED.);
#6399 = CARTESIAN_POINT('', (2.30710678118655, 2.1, 25.));
#6400 = CARTESIAN_POINT('', (2.1, 1.6, 24.5));
#6401 = ORIENTED_EDGE('', *, *, #6402, .T.);
#6402 = EDGE_CURVE('', #6157, #6370, #6403, .T.);
#6403 = B_SPLINE_CURVE_WITH_KNOTS('', 1, (#6404, #6405), .UNSPECIFIED., .F., .U., (2, 2), (0., 1.), .UNSPECIFIED.);
#6404 = CARTESIAN_POINT('', (2.1, 1.6, 24.5));
#6405 = CARTESIAN_POINT('', (53., 1.6, 24.5));
#6406 = ORIENTED_EDGE('', *, *, #6369, .F.);
#6407 = B_SPLINE_SURFACE_WITH_KNOTS('', 1, 1, ((#6408, #6409), (#6410, #6411)), .UNSPECIFIED., .F., .F., .U., (2, 2), (2, 2), (0., 1.), (0., 1.), .UNSPECIFIED.);
#6408 = CARTESIAN_POINT('', (2.30710678118655, 2.1, 25.));
#6409 = CARTESIAN_POINT('', (52.7928932188134, 2.1, 25.));
#6410 = CARTESIAN_POINT('', (2.1, 1.6, 24.5));
#6411 = CARTESIAN_POINT('', (53., 1.6, 24.5));
#6412 = ADVANCED_FACE('', (#6413), #6429, .T.);
#6413 = FACE_OUTER_BOUND('', #6414, .T.);
#6414 = EDGE_LOOP('', (#6415, #6422, #6427, #6428));
#6415 = ORIENTED_EDGE('', *, *, #6416, .F.);
#6416 = EDGE_CURVE('', #6417, #6391, #6419, .T.);
#6417 = VERTEX_POINT('', #6418);
#6418 = CARTESIAN_POINT('', (2.1, 2.30710678118654, 25.));
#6419 = B_SPLINE_CURVE_WITH_KNOTS('', 1, (#6420, #6421), .UNSPECIFIED., .F., .U., (2, 2), (0., 1.), .UNSPECIFIED.);
#6420 = CARTESIAN_POINT('', (2.1, 2.30710678118655, 25.));
#6421 = CARTESIAN_POINT('', (2.30710678118655, 2.1, 25.));
#6422 = ORIENTED_EDGE('', *, *, #6423, .T.);
#6423 = EDGE_CURVE('', #6417, #6143, #6424, .T.);
#6424 = B_SPLINE_CURVE_WITH_KNOTS('', 1, (#6425, #6426), .UNSPECIFIED., .F., .U., (2, 2), (0., 1.), .UNSPECIFIED.);
#6425 = CARTESIAN_POINT('', (2.1, 2.30710678118655, 25.));
#6426 = CARTESIAN_POINT('', (1.6, 2.1, 24.5));
#6427 = ORIENTED_EDGE('', *, *, #6163, .T.);
#6428 = ORIENTED_EDGE('', *, *, #6397, .F.);
#6429 = B_SPLINE_SURFACE_WITH_KNOTS('', 1, 1, ((#6430, #6431), (#6432, #6433)), .UNSPECIFIED., .F., .F., .U., (2, 2), (2, 2), (0., 1.), (0., 1.), .UNSPECIFIED.);
#6430 = CARTESIAN_POINT('', (2.1, 2.30710678118655, 25.));
#6431 = CARTESIAN_POINT('', (2.30710678118655, 2.1, 25.));
#6432 = CARTESIAN_POINT('', (1.6, 2.1, 24.5));
#6433 = CARTESIAN_POINT('', (2.1, 1.6, 24.5));
#6434 = ADVANCED_FACE('', (#6435), #6445, .T.);
#6435 = FACE_OUTER_BOUND('', #6436, .T.);
#6436 = EDGE_LOOP('', (#6437, #6438, #6439, #6444));
#6437 = ORIENTED_EDGE('', *, *, #6156, .F.);
#6438 = ORIENTED_EDGE('', *, *, #6218, .T.);
#6439 = ORIENTED_EDGE('', *, *, #6440, .T.);
#6440 = EDGE_CURVE('', #6212, #6370, #6441, .T.);
#6441 = B_SPLINE_CURVE_WITH_KNOTS('', 1, (#6442, #6443), .UNSPECIFIED., .F., .U., (2, 2), (0., 1.), .UNSPECIFIED.);
#6442 = CARTESIAN_POINT('', (53., 1.6, 2.1));
#6443 = CARTESIAN_POINT('', (53., 1.6, 24.5));
#6444 = ORIENTED_EDGE('', *, *, #6402, .F.);
#6445 = B_SPLINE_SURFACE_WITH_KNOTS('', 1, 1, ((#6446, #6447), (#6448, #6449)), .UNSPECIFIED., .F., .F., .U., (2, 2), (2, 2), (0., 1.), (0., 1.), .UNSPECIFIED.);
#6446 = CARTESIAN_POINT('', (2.1, 1.6, 2.1));
#6447 = CARTESIAN_POINT('', (2.1, 1.6, 24.5));
#6448 = CARTESIAN_POINT('', (53., 1.6, 2.1));
#6449 = CARTESIAN_POINT('', (53., 1.6, 24.5));
#6450 = ADVANCED_FACE('', (#6451), #6461, .T.);
#6451 = FACE_OUTER_BOUND('', #6452, .T.);
#6452 = EDGE_LOOP('', (#6453, #6454, #6455, #6460));
#6453 = ORIENTED_EDGE('', *, *, #6440, .F.);
#6454 = ORIENTED_EDGE('', *, *, #6246, .T.);
#6455 = ORIENTED_EDGE('', *, *, #6456, .T.);
#6456 = EDGE_CURVE('', #6240, #6343, #6457, .T.);
#6457 = B_SPLINE_CURVE_WITH_KNOTS('', 1, (#6458, #6459), .UNSPECIFIED., .F., .U., (2, 2), (0., 1.), .UNSPECIFIED.);
#6458 = CARTESIAN_POINT('', (53.5, 2.1, 2.1));
#6459 = CARTESIAN_POINT('', (53.5, 2.1, 24.5));
#6460 = ORIENTED_EDGE('', *, *, #6376, .F.);
#6461 = B_SPLINE_SURFACE_WITH_KNOTS('', 1, 1, ((#6462, #6463), (#6464, #6465)), .UNSPECIFIED., .F., .F., .U., (2, 2), (2, 2), (0., 1.), (0., 1.), .UNSPECIFIED.);
#6462 = CARTESIAN_POINT('', (53., 1.6, 2.1));
#6463 = CARTESIAN_POINT('', (53., 1.6, 24.5));
#6464 = CARTESIAN_POINT('', (53.5, 2.1, 2.1));
#6465 = CARTESIAN_POINT('', (53.5, 2.1, 24.5));
#6466 = ADVANCED_FACE('', (#6467), #6520, .T.);
#6467 = FACE_OUTER_BOUND('', #6468, .T.);
#6468 = EDGE_LOOP('', (#6469, #6478, #6483, #6484, #6485, #6486, #6487, #6494, #6501, #6508, #6515));
#6469 = ORIENTED_EDGE('', *, *, #6470, .F.);
#6470 = EDGE_CURVE('', #6471, #6473, #6475, .T.);
#6471 = VERTEX_POINT('', #6472);
#6472 = CARTESIAN_POINT('', (53., 23.5, 1.6));
#6473 = VERTEX_POINT('', #6474);
#6474 = CARTESIAN_POINT('', (54.4928932188135, 23.5, 1.6));
#6475 = B_SPLINE_CURVE_WITH_KNOTS('', 1, (#6476, #6477), .UNSPECIFIED., .F., .U., (2, 2), (0.971392723560892, 1.), .UNSPECIFIED.);
#6476 = CARTESIAN_POINT('', (53., 23.5, 1.6));
#6477 = CARTESIAN_POINT('', (54.4928932188135, 23.5, 1.6));
#6478 = ORIENTED_EDGE('', *, *, #6479, .F.);
#6479 = EDGE_CURVE('', #6233, #6471, #6480, .T.);
#6480 = B_SPLINE_CURVE_WITH_KNOTS('', 1, (#6481, #6482), .UNSPECIFIED., .F., .U., (2, 2), (0., 0.93832877050086), .UNSPECIFIED.);
#6481 = CARTESIAN_POINT('', (53., 2.30710678118655, 1.6));
#6482 = CARTESIAN_POINT('', (53., 23.5, 1.6));
#6483 = ORIENTED_EDGE('', *, *, #6232, .F.);
#6484 = ORIENTED_EDGE('', *, *, #6204, .F.);
#6485 = ORIENTED_EDGE('', *, *, #6176, .F.);
#6486 = ORIENTED_EDGE('', *, *, #6275, .F.);
#6487 = ORIENTED_EDGE('', *, *, #6488, .F.);
#6488 = EDGE_CURVE('', #6489, #6269, #6491, .T.);
#6489 = VERTEX_POINT('', #6490);
#6490 = CARTESIAN_POINT('', (2.30710678118655, 61.9, 1.6));
#6491 = B_SPLINE_CURVE_WITH_KNOTS('', 1, (#6492, #6493), .UNSPECIFIED., .F., .U., (2, 2), (0., 1.), .UNSPECIFIED.);
#6492 = CARTESIAN_POINT('', (2.30710678118655, 61.9, 1.6));
#6493 = CARTESIAN_POINT('', (2.1, 61.6928932188134, 1.6));
#6494 = ORIENTED_EDGE('', *, *, #6495, .F.);
#6495 = EDGE_CURVE('', #6496, #6489, #6498, .T.);
#6496 = VERTEX_POINT('', #6497);
#6497 = CARTESIAN_POINT('', (54.4928932188134, 61.9, 1.6));
#6498 = B_SPLINE_CURVE_WITH_KNOTS('', 1, (#6499, #6500), .UNSPECIFIED., .F., .U., (2, 2), (0., 1.), .UNSPECIFIED.);
#6499 = CARTESIAN_POINT('', (54.4928932188134, 61.9, 1.6));
#6500 = CARTESIAN_POINT('', (2.30710678118655, 61.9, 1.6));
#6501 = ORIENTED_EDGE('', *, *, #6502, .F.);
#6502 = EDGE_CURVE('', #6503, #6496, #6505, .T.);
#6503 = VERTEX_POINT('', #6504);
#6504 = CARTESIAN_POINT('', (54.7, 61.6928932188134, 1.6));
#6505 = B_SPLINE_CURVE_WITH_KNOTS('', 1, (#6506, #6507), .UNSPECIFIED., .F., .U., (2, 2), (0., 1.), .UNSPECIFIED.);
#6506 = CARTESIAN_POINT('', (54.7, 61.6928932188134, 1.6));
#6507 = CARTESIAN_POINT('', (54.4928932188134, 61.9, 1.6));
#6508 = ORIENTED_EDGE('', *, *, #6509, .F.);
#6509 = EDGE_CURVE('', #6510, #6503, #6512, .T.);
#6510 = VERTEX_POINT('', #6511);
#6511 = CARTESIAN_POINT('', (54.7, 23.7071067811865, 1.6));
#6512 = B_SPLINE_CURVE_WITH_KNOTS('', 1, (#6513, #6514), .UNSPECIFIED., .F., .U., (2, 2), (0., 1.), .UNSPECIFIED.);
#6513 = CARTESIAN_POINT('', (54.7, 23.7071067811865, 1.6));
#6514 = CARTESIAN_POINT('', (54.7, 61.6928932188134, 1.6));
#6515 = ORIENTED_EDGE('', *, *, #6516, .F.);
#6516 = EDGE_CURVE('', #6473, #6510, #6517, .T.);
#6517 = B_SPLINE_CURVE_WITH_KNOTS('', 1, (#6518, #6519), .UNSPECIFIED., .F., .U., (2, 2), (0., 1.), .UNSPECIFIED.);
#6518 = CARTESIAN_POINT('', (54.4928932188135, 23.5, 1.6));
#6519 = CARTESIAN_POINT('', (54.7, 23.7071067811865, 1.6));
#6520 = B_SPLINE_SURFACE_WITH_KNOTS('', 1, 1, ((#6521, #6522), (#6523, #6524)), .UNSPECIFIED., .F., .F., .U., (2, 2), (2, 2), (0.0581111168867617, 0.914219965938561), (0.31282791323012, 1.2861227644335), .UNSPECIFIED.);
#6521 = CARTESIAN_POINT('', (54.7, 2.1, 1.6));
#6522 = CARTESIAN_POINT('', (54.7, 61.9, 1.6));
#6523 = CARTESIAN_POINT('', (2.09999999999998, 2.1, 1.6));
#6524 = CARTESIAN_POINT('', (2.09999999999998, 61.9, 1.6));
#6525 = ADVANCED_FACE('', (#6526), #6544, .T.);
#6526 = FACE_OUTER_BOUND('', #6527, .T.);
#6527 = EDGE_LOOP('', (#6528, #6537, #6538, #6539));
#6528 = ORIENTED_EDGE('', *, *, #6529, .F.);
#6529 = EDGE_CURVE('', #6291, #6530, #6532, .T.);
#6530 = VERTEX_POINT('', #6531);
#6531 = CARTESIAN_POINT('', (2.1, 23., 25.));
#6532 = B_SPLINE_CURVE_WITH_KNOTS('', 3, (#6533, #6534, #6535, #6536), .UNSPECIFIED., .F., .U., (4, 4), (0., 0.866025403784439), .UNSPECIFIED.);
#6533 = CARTESIAN_POINT('', (1.6, 23.5, 24.5));
#6534 = CARTESIAN_POINT('', (1.76666666666667, 23.3333333333333, 24.6666666666667));
#6535 = CARTESIAN_POINT('', (1.93333333333333, 23.1666666666667, 24.8333333333333));
#6536 = CARTESIAN_POINT('', (2.1, 23., 25.));
#6537 = ORIENTED_EDGE('', *, *, #6290, .T.);
#6538 = ORIENTED_EDGE('', *, *, #6423, .F.);
#6539 = ORIENTED_EDGE('', *, *, #6540, .F.);
#6540 = EDGE_CURVE('', #6530, #6417, #6541, .T.);
#6541 = B_SPLINE_CURVE_WITH_KNOTS('', 1, (#6542, #6543), .UNSPECIFIED., .F., .U., (2, 2), (0.0838090461911027, 1.), .UNSPECIFIED.);
#6542 = CARTESIAN_POINT('', (2.1, 23., 25.));
#6543 = CARTESIAN_POINT('', (2.1, 2.30710678118654, 25.));
#6544 = B_SPLINE_SURFACE_WITH_KNOTS('', 1, 1, ((#6545, #6546), (#6547, #6548)), .UNSPECIFIED., .F., .F., .U., (2, 2), (2, 2), (0., 1.), (0., 1.), .UNSPECIFIED.);
#6545 = CARTESIAN_POINT('', (2.1, 24.8928932188135, 25.));
#6546 = CARTESIAN_POINT('', (2.1, 2.30710678118654, 25.));
#6547 = CARTESIAN_POINT('', (1.6, 25.1, 24.5));
#6548 = CARTESIAN_POINT('', (1.6, 2.1, 24.5));
#6549 = ADVANCED_FACE('', (#6550), #6568, .T.);
#6550 = FACE_OUTER_BOUND('', #6551, .T.);
#6551 = EDGE_LOOP('', (#6552, #6561, #6566, #6567));
#6552 = ORIENTED_EDGE('', *, *, #6553, .F.);
#6553 = EDGE_CURVE('', #6554, #6471, #6556, .T.);
#6554 = VERTEX_POINT('', #6555);
#6555 = CARTESIAN_POINT('', (53.5, 23., 2.1));
#6556 = B_SPLINE_CURVE_WITH_KNOTS('', 3, (#6557, #6558, #6559, #6560), .UNSPECIFIED., .F., .U., (4, 4), (0., 0.866025403784439), .UNSPECIFIED.);
#6557 = CARTESIAN_POINT('', (53.5, 23., 2.1));
#6558 = CARTESIAN_POINT('', (53.3333333333333, 23.1666666666667, 1.93333333333333));
#6559 = CARTESIAN_POINT('', (53.1666666666667, 23.3333333333333, 1.76666666666667));
#6560 = CARTESIAN_POINT('', (53., 23.5, 1.6));
#6561 = ORIENTED_EDGE('', *, *, #6562, .F.);
#6562 = EDGE_CURVE('', #6240, #6554, #6563, .T.);
#6563 = B_SPLINE_CURVE_WITH_KNOTS('', 1, (#6564, #6565), .UNSPECIFIED., .F., .U., (2, 2), (0., 0.908695652173913), .UNSPECIFIED.);
#6564 = CARTESIAN_POINT('', (53.5, 2.1, 2.1));
#6565 = CARTESIAN_POINT('', (53.5, 23., 2.1));
#6566 = ORIENTED_EDGE('', *, *, #6239, .F.);
#6567 = ORIENTED_EDGE('', *, *, #6479, .T.);
#6568 = B_SPLINE_SURFACE_WITH_KNOTS('', 1, 1, ((#6569, #6570), (#6571, #6572)), .UNSPECIFIED., .F., .F., .U., (2, 2), (2, 2), (0., 1.), (0., 1.), .UNSPECIFIED.);
#6569 = CARTESIAN_POINT('', (53., 2.30710678118655, 1.6));
#6570 = CARTESIAN_POINT('', (53.5, 2.1, 2.1));
#6571 = CARTESIAN_POINT('', (53., 24.8928932188135, 1.6));
#6572 = CARTESIAN_POINT('', (53.5, 25.1, 2.1));
#6573 = ADVANCED_FACE('', (#6574), #6584, .T.);
#6574 = FACE_OUTER_BOUND('', #6575, .T.);
#6575 = EDGE_LOOP('', (#6576, #6581, #6582, #6583));
#6576 = ORIENTED_EDGE('', *, *, #6577, .F.);
#6577 = EDGE_CURVE('', #6325, #6554, #6578, .T.);
#6578 = B_SPLINE_CURVE_WITH_KNOTS('', 1, (#6579, #6580), .UNSPECIFIED., .F., .U., (2, 2), (0., 1.), .UNSPECIFIED.);
#6579 = CARTESIAN_POINT('', (53.5, 23., 24.5));
#6580 = CARTESIAN_POINT('', (53.5, 23., 2.1));
#6581 = ORIENTED_EDGE('', *, *, #6349, .F.);
#6582 = ORIENTED_EDGE('', *, *, #6456, .F.);
#6583 = ORIENTED_EDGE('', *, *, #6562, .T.);
#6584 = B_SPLINE_SURFACE_WITH_KNOTS('', 1, 1, ((#6585, #6586), (#6587, #6588)), .UNSPECIFIED., .F., .F., .U., (2, 2), (2, 2), (0., 1.), (0., 1.), .UNSPECIFIED.);
#6585 = CARTESIAN_POINT('', (53.5, 2.1, 2.1));
#6586 = CARTESIAN_POINT('', (53.5, 2.1, 24.5));
#6587 = CARTESIAN_POINT('', (53.5, 25.1, 2.1));
#6588 = CARTESIAN_POINT('', (53.5, 25.1, 24.5));
#6589 = ADVANCED_FACE('', (#6590), #6602, .T.);
#6590 = FACE_OUTER_BOUND('', #6591, .T.);
#6591 = EDGE_LOOP('', (#6592, #6597, #6598, #6599, #6600, #6601));
#6592 = ORIENTED_EDGE('', *, *, #6593, .F.);
#6593 = EDGE_CURVE('', #6530, #6327, #6594, .T.);
#6594 = B_SPLINE_CURVE_WITH_KNOTS('', 1, (#6595, #6596), .UNSPECIFIED., .F., .U., (2, 2), (0., 1.), .UNSPECIFIED.);
#6595 = CARTESIAN_POINT('', (2.1, 23., 25.));
#6596 = CARTESIAN_POINT('', (53., 23., 25.));
#6597 = ORIENTED_EDGE('', *, *, #6540, .T.);
#6598 = ORIENTED_EDGE('', *, *, #6416, .T.);
#6599 = ORIENTED_EDGE('', *, *, #6390, .T.);
#6600 = ORIENTED_EDGE('', *, *, #6362, .T.);
#6601 = ORIENTED_EDGE('', *, *, #6335, .T.);
#6602 = B_SPLINE_SURFACE_WITH_KNOTS('', 1, 1, ((#6603, #6604), (#6605, #6606)), .UNSPECIFIED., .F., .F., .U., (2, 2), (2, 2), (0.31282791323012, 0.68717208676988), (0.0857800340614394, 0.914219965938561), .UNSPECIFIED.);
#6603 = CARTESIAN_POINT('', (53., 2.1, 25.));
#6604 = CARTESIAN_POINT('', (2.1, 2.1, 25.));
#6605 = CARTESIAN_POINT('', (53., 25.1, 25.));
#6606 = CARTESIAN_POINT('', (2.1, 25.1, 25.));
#6607 = ADVANCED_FACE('', (#6608), #6624, .T.);
#6608 = FACE_OUTER_BOUND('', #6609, .T.);
#6609 = EDGE_LOOP('', (#6610, #6611, #6618, #6623));
#6610 = ORIENTED_EDGE('', *, *, #6529, .T.);
#6611 = ORIENTED_EDGE('', *, *, #6612, .T.);
#6612 = EDGE_CURVE('', #6530, #6613, #6615, .T.);
#6613 = VERTEX_POINT('', #6614);
#6614 = CARTESIAN_POINT('', (2.1, 23., 33.5));
#6615 = B_SPLINE_CURVE_WITH_KNOTS('', 1, (#6616, #6617), .UNSPECIFIED., .F., .U., (2, 2), (0.729299363057325, 1.), .UNSPECIFIED.);
#6616 = CARTESIAN_POINT('', (2.1, 23., 25.));
#6617 = CARTESIAN_POINT('', (2.1, 23., 33.5));
#6618 = ORIENTED_EDGE('', *, *, #6619, .F.);
#6619 = EDGE_CURVE('', #6298, #6613, #6620, .T.);
#6620 = B_SPLINE_CURVE_WITH_KNOTS('', 1, (#6621, #6622), .UNSPECIFIED., .F., .U., (2, 2), (0., 1.), .UNSPECIFIED.);
#6621 = CARTESIAN_POINT('', (1.6, 23.5, 33.5));
#6622 = CARTESIAN_POINT('', (2.1, 23., 33.5));
#6623 = ORIENTED_EDGE('', *, *, #6297, .F.);
#6624 = B_SPLINE_SURFACE_WITH_KNOTS('', 1, 1, ((#6625, #6626), (#6627, #6628)), .UNSPECIFIED., .F., .F., .U., (2, 2), (2, 2), (0., 1.), (0., 1.), .UNSPECIFIED.);
#6625 = CARTESIAN_POINT('', (1.6, 23.5, 2.1));
#6626 = CARTESIAN_POINT('', (1.6, 23.5, 33.5));
#6627 = CARTESIAN_POINT('', (2.1, 23., 2.1));
#6628 = CARTESIAN_POINT('', (2.1, 23., 33.5));
#6629 = ADVANCED_FACE('', (#6630), #6655, .T.);
#6630 = FACE_OUTER_BOUND('', #6631, .T.);
#6631 = EDGE_LOOP('', (#6632, #6633, #6634, #6635, #6642, #6649, #6654));
#6632 = ORIENTED_EDGE('', *, *, #6593, .T.);
#6633 = ORIENTED_EDGE('', *, *, #6324, .F.);
#6634 = ORIENTED_EDGE('', *, *, #6577, .T.);
#6635 = ORIENTED_EDGE('', *, *, #6636, .T.);
#6636 = EDGE_CURVE('', #6554, #6637, #6639, .T.);
#6637 = VERTEX_POINT('', #6638);
#6638 = CARTESIAN_POINT('', (54.7, 23., 2.1));
#6639 = B_SPLINE_CURVE_WITH_KNOTS('', 1, (#6640, #6641), .UNSPECIFIED., .F., .U., (2, 2), (0.977186311787072, 1.), .UNSPECIFIED.);
#6640 = CARTESIAN_POINT('', (53.5, 23., 2.1));
#6641 = CARTESIAN_POINT('', (54.7, 23., 2.1));
#6642 = ORIENTED_EDGE('', *, *, #6643, .T.);
#6643 = EDGE_CURVE('', #6637, #6644, #6646, .T.);
#6644 = VERTEX_POINT('', #6645);
#6645 = CARTESIAN_POINT('', (54.7, 23., 33.5));
#6646 = B_SPLINE_CURVE_WITH_KNOTS('', 1, (#6647, #6648), .UNSPECIFIED., .F., .U., (2, 2), (0., 1.), .UNSPECIFIED.);
#6647 = CARTESIAN_POINT('', (54.7, 23., 2.1));
#6648 = CARTESIAN_POINT('', (54.7, 23., 33.5));
#6649 = ORIENTED_EDGE('', *, *, #6650, .F.);
#6650 = EDGE_CURVE('', #6613, #6644, #6651, .T.);
#6651 = B_SPLINE_CURVE_WITH_KNOTS('', 1, (#6652, #6653), .UNSPECIFIED., .F., .U., (2, 2), (0., 1.), .UNSPECIFIED.);
#6652 = CARTESIAN_POINT('', (2.1, 23., 33.5));
#6653 = CARTESIAN_POINT('', (54.7, 23., 33.5));
#6654 = ORIENTED_EDGE('', *, *, #6612, .F.);
#6655 = B_SPLINE_SURFACE_WITH_KNOTS('', 1, 1, ((#6656, #6657), (#6658, #6659)), .UNSPECIFIED., .F., .F., .U., (2, 2), (2, 2), (0., 1.), (0., 1.), .UNSPECIFIED.);
#6656 = CARTESIAN_POINT('', (2.1, 23., 2.1));
#6657 = CARTESIAN_POINT('', (2.1, 23., 33.5));
#6658 = CARTESIAN_POINT('', (54.7, 23., 2.1));
#6659 = CARTESIAN_POINT('', (54.7, 23., 33.5));
#6660 = ADVANCED_FACE('', (#6661), #6683, .T.);
#6661 = FACE_OUTER_BOUND('', #6662, .T.);
#6662 = EDGE_LOOP('', (#6663, #6672, #6677, #6678));
#6663 = ORIENTED_EDGE('', *, *, #6664, .F.);
#6664 = EDGE_CURVE('', #6665, #6667, #6669, .T.);
#6665 = VERTEX_POINT('', #6666);
#6666 = CARTESIAN_POINT('', (2.1, 61.6928932188134, 34.));
#6667 = VERTEX_POINT('', #6668);
#6668 = CARTESIAN_POINT('', (2.1, 23.7071067811865, 34.));
#6669 = B_SPLINE_CURVE_WITH_KNOTS('', 1, (#6670, #6671), .UNSPECIFIED., .F., .U., (2, 2), (0., 1.), .UNSPECIFIED.);
#6670 = CARTESIAN_POINT('', (2.1, 61.6928932188134, 34.));
#6671 = CARTESIAN_POINT('', (2.1, 23.7071067811865, 34.));
#6672 = ORIENTED_EDGE('', *, *, #6673, .T.);
#6673 = EDGE_CURVE('', #6665, #6305, #6674, .T.);
#6674 = B_SPLINE_CURVE_WITH_KNOTS('', 1, (#6675, #6676), .UNSPECIFIED., .F., .U., (2, 2), (0., 1.), .UNSPECIFIED.);
#6675 = CARTESIAN_POINT('', (2.1, 61.6928932188134, 34.));
#6676 = CARTESIAN_POINT('', (1.6, 61.9, 33.5));
#6677 = ORIENTED_EDGE('', *, *, #6304, .T.);
#6678 = ORIENTED_EDGE('', *, *, #6679, .F.);
#6679 = EDGE_CURVE('', #6667, #6298, #6680, .T.);
#6680 = B_SPLINE_CURVE_WITH_KNOTS('', 1, (#6681, #6682), .UNSPECIFIED., .F., .U., (2, 2), (0., 1.), .UNSPECIFIED.);
#6681 = CARTESIAN_POINT('', (2.1, 23.7071067811865, 34.));
#6682 = CARTESIAN_POINT('', (1.6, 23.5, 33.5));
#6683 = B_SPLINE_SURFACE_WITH_KNOTS('', 1, 1, ((#6684, #6685), (#6686, #6687)), .UNSPECIFIED., .F., .F., .U., (2, 2), (2, 2), (0., 1.), (0., 1.), .UNSPECIFIED.);
#6684 = CARTESIAN_POINT('', (2.1, 61.6928932188134, 34.));
#6685 = CARTESIAN_POINT('', (2.1, 23.7071067811865, 34.));
#6686 = CARTESIAN_POINT('', (1.6, 61.9, 33.5));
#6687 = CARTESIAN_POINT('', (1.6, 23.5, 33.5));
#6688 = ADVANCED_FACE('', (#6689), #6711, .T.);
#6689 = FACE_OUTER_BOUND('', #6690, .T.);
#6690 = EDGE_LOOP('', (#6691, #6698, #6705, #6710));
#6691 = ORIENTED_EDGE('', *, *, #6692, .F.);
#6692 = EDGE_CURVE('', #6693, #6665, #6695, .T.);
#6693 = VERTEX_POINT('', #6694);
#6694 = CARTESIAN_POINT('', (2.30710678118655, 61.9, 34.));
#6695 = B_SPLINE_CURVE_WITH_KNOTS('', 1, (#6696, #6697), .UNSPECIFIED., .F., .U., (2, 2), (0., 1.), .UNSPECIFIED.);
#6696 = CARTESIAN_POINT('', (2.30710678118655, 61.9, 34.));
#6697 = CARTESIAN_POINT('', (2.1, 61.6928932188134, 34.));
#6698 = ORIENTED_EDGE('', *, *, #6699, .T.);
#6699 = EDGE_CURVE('', #6693, #6700, #6702, .T.);
#6700 = VERTEX_POINT('', #6701);
#6701 = CARTESIAN_POINT('', (2.1, 62.4, 33.5));
#6702 = B_SPLINE_CURVE_WITH_KNOTS('', 1, (#6703, #6704), .UNSPECIFIED., .F., .U., (2, 2), (0., 1.), .UNSPECIFIED.);
#6703 = CARTESIAN_POINT('', (2.30710678118655, 61.9, 34.));
#6704 = CARTESIAN_POINT('', (2.1, 62.4, 33.5));
#6705 = ORIENTED_EDGE('', *, *, #6706, .T.);
#6706 = EDGE_CURVE('', #6700, #6305, #6707, .T.);
#6707 = B_SPLINE_CURVE_WITH_KNOTS('', 1, (#6708, #6709), .UNSPECIFIED., .F., .U., (2, 2), (0., 1.), .UNSPECIFIED.);
#6708 = CARTESIAN_POINT('', (2.1, 62.4, 33.5));
#6709 = CARTESIAN_POINT('', (1.6, 61.9, 33.5));
#6710 = ORIENTED_EDGE('', *, *, #6673, .F.);
#6711 = B_SPLINE_SURFACE_WITH_KNOTS('', 1, 1, ((#6712, #6713), (#6714, #6715)), .UNSPECIFIED., .F., .F., .U., (2, 2), (2, 2), (0., 1.), (0., 1.), .UNSPECIFIED.);
#6712 = CARTESIAN_POINT('', (2.30710678118655, 61.9, 34.));
#6713 = CARTESIAN_POINT('', (2.1, 61.6928932188134, 34.));
#6714 = CARTESIAN_POINT('', (2.1, 62.4, 33.5));
#6715 = CARTESIAN_POINT('', (1.6, 61.9, 33.5));
#6716 = ADVANCED_FACE('', (#6717), #6739, .T.);
#6717 = FACE_OUTER_BOUND('', #6718, .T.);
#6718 = EDGE_LOOP('', (#6719, #6726, #6733, #6738));
#6719 = ORIENTED_EDGE('', *, *, #6720, .F.);
#6720 = EDGE_CURVE('', #6721, #6693, #6723, .T.);
#6721 = VERTEX_POINT('', #6722);
#6722 = CARTESIAN_POINT('', (54.4928932188134, 61.9, 34.));
#6723 = B_SPLINE_CURVE_WITH_KNOTS('', 1, (#6724, #6725), .UNSPECIFIED., .F., .U., (2, 2), (0., 1.), .UNSPECIFIED.);
#6724 = CARTESIAN_POINT('', (54.4928932188134, 61.9, 34.));
#6725 = CARTESIAN_POINT('', (2.30710678118655, 61.9, 34.));
#6726 = ORIENTED_EDGE('', *, *, #6727, .T.);
#6727 = EDGE_CURVE('', #6721, #6728, #6730, .T.);
#6728 = VERTEX_POINT('', #6729);
#6729 = CARTESIAN_POINT('', (54.7, 62.4, 33.5));
#6730 = B_SPLINE_CURVE_WITH_KNOTS('', 1, (#6731, #6732), .UNSPECIFIED., .F., .U., (2, 2), (0., 1.), .UNSPECIFIED.);
#6731 = CARTESIAN_POINT('', (54.4928932188134, 61.9, 34.));
#6732 = CARTESIAN_POINT('', (54.7, 62.4, 33.5));
#6733 = ORIENTED_EDGE('', *, *, #6734, .T.);
#6734 = EDGE_CURVE('', #6728, #6700, #6735, .T.);
#6735 = B_SPLINE_CURVE_WITH_KNOTS('', 1, (#6736, #6737), .UNSPECIFIED., .F., .U., (2, 2), (0., 1.), .UNSPECIFIED.);
#6736 = CARTESIAN_POINT('', (54.7, 62.4, 33.5));
#6737 = CARTESIAN_POINT('', (2.1, 62.4, 33.5));
#6738 = ORIENTED_EDGE('', *, *, #6699, .F.);
#6739 = B_SPLINE_SURFACE_WITH_KNOTS('', 1, 1, ((#6740, #6741), (#6742, #6743)), .UNSPECIFIED., .F., .F., .U., (2, 2), (2, 2), (0., 1.), (0., 1.), .UNSPECIFIED.);
#6740 = CARTESIAN_POINT('', (54.4928932188134, 61.9, 34.));
#6741 = CARTESIAN_POINT('', (2.30710678118655, 61.9, 34.));
#6742 = CARTESIAN_POINT('', (54.7, 62.4, 33.5));
#6743 = CARTESIAN_POINT('', (2.1, 62.4, 33.5));
#6744 = ADVANCED_FACE('', (#6745), #6767, .T.);
#6745 = FACE_OUTER_BOUND('', #6746, .T.);
#6746 = EDGE_LOOP('', (#6747, #6754, #6761, #6766));
#6747 = ORIENTED_EDGE('', *, *, #6748, .F.);
#6748 = EDGE_CURVE('', #6749, #6721, #6751, .T.);
#6749 = VERTEX_POINT('', #6750);
#6750 = CARTESIAN_POINT('', (54.7, 61.6928932188134, 34.));
#6751 = B_SPLINE_CURVE_WITH_KNOTS('', 1, (#6752, #6753), .UNSPECIFIED., .F., .U., (2, 2), (0., 1.), .UNSPECIFIED.);
#6752 = CARTESIAN_POINT('', (54.7, 61.6928932188134, 34.));
#6753 = CARTESIAN_POINT('', (54.4928932188134, 61.9, 34.));
#6754 = ORIENTED_EDGE('', *, *, #6755, .T.);
#6755 = EDGE_CURVE('', #6749, #6756, #6758, .T.);
#6756 = VERTEX_POINT('', #6757);
#6757 = CARTESIAN_POINT('', (55.2, 61.9, 33.5));
#6758 = B_SPLINE_CURVE_WITH_KNOTS('', 1, (#6759, #6760), .UNSPECIFIED., .F., .U., (2, 2), (0., 1.), .UNSPECIFIED.);
#6759 = CARTESIAN_POINT('', (54.7, 61.6928932188134, 34.));
#6760 = CARTESIAN_POINT('', (55.2, 61.9, 33.5));
#6761 = ORIENTED_EDGE('', *, *, #6762, .T.);
#6762 = EDGE_CURVE('', #6756, #6728, #6763, .T.);
#6763 = B_SPLINE_CURVE_WITH_KNOTS('', 1, (#6764, #6765), .UNSPECIFIED., .F., .U., (2, 2), (0., 1.), .UNSPECIFIED.);
#6764 = CARTESIAN_POINT('', (55.2, 61.9, 33.5));
#6765 = CARTESIAN_POINT('', (54.7, 62.4, 33.5));
#6766 = ORIENTED_EDGE('', *, *, #6727, .F.);
#6767 = B_SPLINE_SURFACE_WITH_KNOTS('', 1, 1, ((#6768, #6769), (#6770, #6771)), .UNSPECIFIED., .F., .F., .U., (2, 2), (2, 2), (0., 1.), (0., 1.), .UNSPECIFIED.);
#6768 = CARTESIAN_POINT('', (54.7, 61.6928932188134, 34.));
#6769 = CARTESIAN_POINT('', (54.4928932188134, 61.9, 34.));
#6770 = CARTESIAN_POINT('', (55.2, 61.9, 33.5));
#6771 = CARTESIAN_POINT('', (54.7, 62.4, 33.5));
#6772 = ADVANCED_FACE('', (#6773), #6795, .T.);
#6773 = FACE_OUTER_BOUND('', #6774, .T.);
#6774 = EDGE_LOOP('', (#6775, #6782, #6789, #6794));
#6775 = ORIENTED_EDGE('', *, *, #6776, .F.);
#6776 = EDGE_CURVE('', #6777, #6749, #6779, .T.);
#6777 = VERTEX_POINT('', #6778);
#6778 = CARTESIAN_POINT('', (54.7, 23.7071067811865, 34.));
#6779 = B_SPLINE_CURVE_WITH_KNOTS('', 1, (#6780, #6781), .UNSPECIFIED., .F., .U., (2, 2), (0., 1.), .UNSPECIFIED.);
#6780 = CARTESIAN_POINT('', (54.7, 23.7071067811865, 34.));
#6781 = CARTESIAN_POINT('', (54.7, 61.6928932188134, 34.));
#6782 = ORIENTED_EDGE('', *, *, #6783, .T.);
#6783 = EDGE_CURVE('', #6777, #6784, #6786, .T.);
#6784 = VERTEX_POINT('', #6785);
#6785 = CARTESIAN_POINT('', (55.2, 23.5, 33.5));
#6786 = B_SPLINE_CURVE_WITH_KNOTS('', 1, (#6787, #6788), .UNSPECIFIED., .F., .U., (2, 2), (0., 1.), .UNSPECIFIED.);
#6787 = CARTESIAN_POINT('', (54.7, 23.7071067811865, 34.));
#6788 = CARTESIAN_POINT('', (55.2, 23.5, 33.5));
#6789 = ORIENTED_EDGE('', *, *, #6790, .T.);
#6790 = EDGE_CURVE('', #6784, #6756, #6791, .T.);
#6791 = B_SPLINE_CURVE_WITH_KNOTS('', 1, (#6792, #6793), .UNSPECIFIED., .F., .U., (2, 2), (0., 1.), .UNSPECIFIED.);
#6792 = CARTESIAN_POINT('', (55.2, 23.5, 33.5));
#6793 = CARTESIAN_POINT('', (55.2, 61.9, 33.5));
#6794 = ORIENTED_EDGE('', *, *, #6755, .F.);
#6795 = B_SPLINE_SURFACE_WITH_KNOTS('', 1, 1, ((#6796, #6797), (#6798, #6799)), .UNSPECIFIED., .F., .F., .U., (2, 2), (2, 2), (0., 1.), (0., 1.), .UNSPECIFIED.);
#6796 = CARTESIAN_POINT('', (54.7, 23.7071067811865, 34.));
#6797 = CARTESIAN_POINT('', (54.7, 61.6928932188134, 34.));
#6798 = CARTESIAN_POINT('', (55.2, 23.5, 33.5));
#6799 = CARTESIAN_POINT('', (55.2, 61.9, 33.5));
#6800 = ADVANCED_FACE('', (#6801), #6821, .T.);
#6801 = FACE_OUTER_BOUND('', #6802, .T.);
#6802 = EDGE_LOOP('', (#6803, #6810, #6815, #6820));
#6803 = ORIENTED_EDGE('', *, *, #6804, .F.);
#6804 = EDGE_CURVE('', #6805, #6777, #6807, .T.);
#6805 = VERTEX_POINT('', #6806);
#6806 = CARTESIAN_POINT('', (54.4928932188135, 23.5, 34.));
#6807 = B_SPLINE_CURVE_WITH_KNOTS('', 1, (#6808, #6809), .UNSPECIFIED., .F., .U., (2, 2), (0., 1.), .UNSPECIFIED.);
#6808 = CARTESIAN_POINT('', (54.4928932188135, 23.5, 34.));
#6809 = CARTESIAN_POINT('', (54.7, 23.7071067811865, 34.));
#6810 = ORIENTED_EDGE('', *, *, #6811, .T.);
#6811 = EDGE_CURVE('', #6805, #6644, #6812, .T.);
#6812 = B_SPLINE_CURVE_WITH_KNOTS('', 1, (#6813, #6814), .UNSPECIFIED., .F., .U., (2, 2), (0., 1.), .UNSPECIFIED.);
#6813 = CARTESIAN_POINT('', (54.4928932188135, 23.5, 34.));
#6814 = CARTESIAN_POINT('', (54.7, 23., 33.5));
#6815 = ORIENTED_EDGE('', *, *, #6816, .T.);
#6816 = EDGE_CURVE('', #6644, #6784, #6817, .T.);
#6817 = B_SPLINE_CURVE_WITH_KNOTS('', 1, (#6818, #6819), .UNSPECIFIED., .F., .U., (2, 2), (0., 1.), .UNSPECIFIED.);
#6818 = CARTESIAN_POINT('', (54.7, 23., 33.5));
#6819 = CARTESIAN_POINT('', (55.2, 23.5, 33.5));
#6820 = ORIENTED_EDGE('', *, *, #6783, .F.);
#6821 = B_SPLINE_SURFACE_WITH_KNOTS('', 1, 1, ((#6822, #6823), (#6824, #6825)), .UNSPECIFIED., .F., .F., .U., (2, 2), (2, 2), (0., 1.), (0., 1.), .UNSPECIFIED.);
#6822 = CARTESIAN_POINT('', (54.4928932188135, 23.5, 34.));
#6823 = CARTESIAN_POINT('', (54.7, 23.7071067811865, 34.));
#6824 = CARTESIAN_POINT('', (54.7, 23., 33.5));
#6825 = CARTESIAN_POINT('', (55.2, 23.5, 33.5));
#6826 = ADVANCED_FACE('', (#6827), #6843, .T.);
#6827 = FACE_OUTER_BOUND('', #6828, .T.);
#6828 = EDGE_LOOP('', (#6829, #6836, #6841, #6842));
#6829 = ORIENTED_EDGE('', *, *, #6830, .F.);
#6830 = EDGE_CURVE('', #6831, #6805, #6833, .T.);
#6831 = VERTEX_POINT('', #6832);
#6832 = CARTESIAN_POINT('', (2.30710678118655, 23.5, 34.));
#6833 = B_SPLINE_CURVE_WITH_KNOTS('', 1, (#6834, #6835), .UNSPECIFIED., .F., .U., (2, 2), (0., 1.), .UNSPECIFIED.);
#6834 = CARTESIAN_POINT('', (2.30710678118655, 23.5, 34.));
#6835 = CARTESIAN_POINT('', (54.4928932188135, 23.5, 34.));
#6836 = ORIENTED_EDGE('', *, *, #6837, .T.);
#6837 = EDGE_CURVE('', #6831, #6613, #6838, .T.);
#6838 = B_SPLINE_CURVE_WITH_KNOTS('', 1, (#6839, #6840), .UNSPECIFIED., .F., .U., (2, 2), (0., 1.), .UNSPECIFIED.);
#6839 = CARTESIAN_POINT('', (2.30710678118655, 23.5, 34.));
#6840 = CARTESIAN_POINT('', (2.1, 23., 33.5));
#6841 = ORIENTED_EDGE('', *, *, #6650, .T.);
#6842 = ORIENTED_EDGE('', *, *, #6811, .F.);
#6843 = B_SPLINE_SURFACE_WITH_KNOTS('', 1, 1, ((#6844, #6845), (#6846, #6847)), .UNSPECIFIED., .F., .F., .U., (2, 2), (2, 2), (0., 1.), (0., 1.), .UNSPECIFIED.);
#6844 = CARTESIAN_POINT('', (2.30710678118655, 23.5, 34.));
#6845 = CARTESIAN_POINT('', (54.4928932188135, 23.5, 34.));
#6846 = CARTESIAN_POINT('', (2.1, 23., 33.5));
#6847 = CARTESIAN_POINT('', (54.7, 23., 33.5));
#6848 = ADVANCED_FACE('', (#6849), #6859, .T.);
#6849 = FACE_OUTER_BOUND('', #6850, .T.);
#6850 = EDGE_LOOP('', (#6851, #6856, #6857, #6858));
#6851 = ORIENTED_EDGE('', *, *, #6852, .F.);
#6852 = EDGE_CURVE('', #6667, #6831, #6853, .T.);
#6853 = B_SPLINE_CURVE_WITH_KNOTS('', 1, (#6854, #6855), .UNSPECIFIED., .F., .U., (2, 2), (0., 1.), .UNSPECIFIED.);
#6854 = CARTESIAN_POINT('', (2.1, 23.7071067811865, 34.));
#6855 = CARTESIAN_POINT('', (2.30710678118655, 23.5, 34.));
#6856 = ORIENTED_EDGE('', *, *, #6679, .T.);
#6857 = ORIENTED_EDGE('', *, *, #6619, .T.);
#6858 = ORIENTED_EDGE('', *, *, #6837, .F.);
#6859 = B_SPLINE_SURFACE_WITH_KNOTS('', 1, 1, ((#6860, #6861), (#6862, #6863)), .UNSPECIFIED., .F., .F., .U., (2, 2), (2, 2), (0., 1.), (0., 1.), .UNSPECIFIED.);
#6860 = CARTESIAN_POINT('', (2.1, 23.7071067811865, 34.));
#6861 = CARTESIAN_POINT('', (2.30710678118655, 23.5, 34.));
#6862 = CARTESIAN_POINT('', (1.6, 23.5, 33.5));
#6863 = CARTESIAN_POINT('', (2.1, 23., 33.5));
#6864 = ADVANCED_FACE('', (#6865), #6875, .T.);
#6865 = FACE_OUTER_BOUND('', #6866, .T.);
#6866 = EDGE_LOOP('', (#6867, #6868, #6869, #6870, #6871, #6872, #6873, #6874));
#6867 = ORIENTED_EDGE('', *, *, #6720, .T.);
#6868 = ORIENTED_EDGE('', *, *, #6692, .T.);
#6869 = ORIENTED_EDGE('', *, *, #6664, .T.);
#6870 = ORIENTED_EDGE('', *, *, #6852, .T.);
#6871 = ORIENTED_EDGE('', *, *, #6830, .T.);
#6872 = ORIENTED_EDGE('', *, *, #6804, .T.);
#6873 = ORIENTED_EDGE('', *, *, #6776, .T.);
#6874 = ORIENTED_EDGE('', *, *, #6748, .T.);
#6875 = B_SPLINE_SURFACE_WITH_KNOTS('', 1, 1, ((#6876, #6877), (#6878, #6879)), .UNSPECIFIED., .F., .F., .U., (2, 2), (2, 2), (0.23198566498393, 0.768014335016071), (0.132876197347778, 0.867123802652221), .UNSPECIFIED.);
#6876 = CARTESIAN_POINT('', (54.7, 23.5, 34.));
#6877 = CARTESIAN_POINT('', (2.1, 23.5, 34.));
#6878 = CARTESIAN_POINT('', (54.7, 61.9, 34.));
#6879 = CARTESIAN_POINT('', (2.1, 61.9, 34.));
#6880 = ADVANCED_FACE('', (#6881), #6897, .T.);
#6881 = FACE_OUTER_BOUND('', #6882, .T.);
#6882 = EDGE_LOOP('', (#6883, #6884, #6891, #6896));
#6883 = ORIENTED_EDGE('', *, *, #6643, .F.);
#6884 = ORIENTED_EDGE('', *, *, #6885, .T.);
#6885 = EDGE_CURVE('', #6637, #6886, #6888, .T.);
#6886 = VERTEX_POINT('', #6887);
#6887 = CARTESIAN_POINT('', (55.2, 23.5, 2.1));
#6888 = B_SPLINE_CURVE_WITH_KNOTS('', 1, (#6889, #6890), .UNSPECIFIED., .F., .U., (2, 2), (0., 1.), .UNSPECIFIED.);
#6889 = CARTESIAN_POINT('', (54.7, 23., 2.1));
#6890 = CARTESIAN_POINT('', (55.2, 23.5, 2.1));
#6891 = ORIENTED_EDGE('', *, *, #6892, .T.);
#6892 = EDGE_CURVE('', #6886, #6784, #6893, .T.);
#6893 = B_SPLINE_CURVE_WITH_KNOTS('', 1, (#6894, #6895), .UNSPECIFIED., .F., .U., (2, 2), (0., 1.), .UNSPECIFIED.);
#6894 = CARTESIAN_POINT('', (55.2, 23.5, 2.1));
#6895 = CARTESIAN_POINT('', (55.2, 23.5, 33.5));
#6896 = ORIENTED_EDGE('', *, *, #6816, .F.);
#6897 = B_SPLINE_SURFACE_WITH_KNOTS('', 1, 1, ((#6898, #6899), (#6900, #6901)), .UNSPECIFIED., .F., .F., .U., (2, 2), (2, 2), (0., 1.), (0., 1.), .UNSPECIFIED.);
#6898 = CARTESIAN_POINT('', (54.7, 23., 2.1));
#6899 = CARTESIAN_POINT('', (54.7, 23., 33.5));
#6900 = CARTESIAN_POINT('', (55.2, 23.5, 2.1));
#6901 = CARTESIAN_POINT('', (55.2, 23.5, 33.5));
#6902 = ADVANCED_FACE('', (#6903), #6917, .T.);
#6903 = FACE_OUTER_BOUND('', #6904, .T.);
#6904 = EDGE_LOOP('', (#6905, #6906, #6911, #6912));
#6905 = ORIENTED_EDGE('', *, *, #6516, .T.);
#6906 = ORIENTED_EDGE('', *, *, #6907, .T.);
#6907 = EDGE_CURVE('', #6510, #6886, #6908, .T.);
#6908 = B_SPLINE_CURVE_WITH_KNOTS('', 1, (#6909, #6910), .UNSPECIFIED., .F., .U., (2, 2), (0., 1.), .UNSPECIFIED.);
#6909 = CARTESIAN_POINT('', (54.7, 23.7071067811865, 1.6));
#6910 = CARTESIAN_POINT('', (55.2, 23.5, 2.1));
#6911 = ORIENTED_EDGE('', *, *, #6885, .F.);
#6912 = ORIENTED_EDGE('', *, *, #6913, .F.);
#6913 = EDGE_CURVE('', #6473, #6637, #6914, .T.);
#6914 = B_SPLINE_CURVE_WITH_KNOTS('', 1, (#6915, #6916), .UNSPECIFIED., .F., .U., (2, 2), (0., 1.), .UNSPECIFIED.);
#6915 = CARTESIAN_POINT('', (54.4928932188135, 23.5, 1.6));
#6916 = CARTESIAN_POINT('', (54.7, 23., 2.1));
#6917 = B_SPLINE_SURFACE_WITH_KNOTS('', 1, 1, ((#6918, #6919), (#6920, #6921)), .UNSPECIFIED., .F., .F., .U., (2, 2), (2, 2), (0., 1.), (0., 1.), .UNSPECIFIED.);
#6918 = CARTESIAN_POINT('', (54.4928932188135, 23.5, 1.6));
#6919 = CARTESIAN_POINT('', (54.7, 23., 2.1));
#6920 = CARTESIAN_POINT('', (54.7, 23.7071067811865, 1.6));
#6921 = CARTESIAN_POINT('', (55.2, 23.5, 2.1));
#6922 = ADVANCED_FACE('', (#6923), #6939, .T.);
#6923 = FACE_OUTER_BOUND('', #6924, .T.);
#6924 = EDGE_LOOP('', (#6925, #6926, #6933, #6938));
#6925 = ORIENTED_EDGE('', *, *, #6509, .T.);
#6926 = ORIENTED_EDGE('', *, *, #6927, .T.);
#6927 = EDGE_CURVE('', #6503, #6928, #6930, .T.);
#6928 = VERTEX_POINT('', #6929);
#6929 = CARTESIAN_POINT('', (55.2, 61.9, 2.1));
#6930 = B_SPLINE_CURVE_WITH_KNOTS('', 1, (#6931, #6932), .UNSPECIFIED., .F., .U., (2, 2), (0., 1.), .UNSPECIFIED.);
#6931 = CARTESIAN_POINT('', (54.7, 61.6928932188134, 1.6));
#6932 = CARTESIAN_POINT('', (55.2, 61.9, 2.1));
#6933 = ORIENTED_EDGE('', *, *, #6934, .F.);
#6934 = EDGE_CURVE('', #6886, #6928, #6935, .T.);
#6935 = B_SPLINE_CURVE_WITH_KNOTS('', 1, (#6936, #6937), .UNSPECIFIED., .F., .U., (2, 2), (0., 1.), .UNSPECIFIED.);
#6936 = CARTESIAN_POINT('', (55.2, 23.5, 2.1));
#6937 = CARTESIAN_POINT('', (55.2, 61.9, 2.1));
#6938 = ORIENTED_EDGE('', *, *, #6907, .F.);
#6939 = B_SPLINE_SURFACE_WITH_KNOTS('', 1, 1, ((#6940, #6941), (#6942, #6943)), .UNSPECIFIED., .F., .F., .U., (2, 2), (2, 2), (0., 1.), (0., 1.), .UNSPECIFIED.);
#6940 = CARTESIAN_POINT('', (54.7, 23.7071067811865, 1.6));
#6941 = CARTESIAN_POINT('', (55.2, 23.5, 2.1));
#6942 = CARTESIAN_POINT('', (54.7, 61.6928932188134, 1.6));
#6943 = CARTESIAN_POINT('', (55.2, 61.9, 2.1));
#6944 = ADVANCED_FACE('', (#6945), #6961, .T.);
#6945 = FACE_OUTER_BOUND('', #6946, .T.);
#6946 = EDGE_LOOP('', (#6947, #6948, #6955, #6960));
#6947 = ORIENTED_EDGE('', *, *, #6502, .T.);
#6948 = ORIENTED_EDGE('', *, *, #6949, .T.);
#6949 = EDGE_CURVE('', #6496, #6950, #6952, .T.);
#6950 = VERTEX_POINT('', #6951);
#6951 = CARTESIAN_POINT('', (54.7, 62.4, 2.1));
#6952 = B_SPLINE_CURVE_WITH_KNOTS('', 1, (#6953, #6954), .UNSPECIFIED., .F., .U., (2, 2), (0., 1.), .UNSPECIFIED.);
#6953 = CARTESIAN_POINT('', (54.4928932188134, 61.9, 1.6));
#6954 = CARTESIAN_POINT('', (54.7, 62.4, 2.1));
#6955 = ORIENTED_EDGE('', *, *, #6956, .F.);
#6956 = EDGE_CURVE('', #6928, #6950, #6957, .T.);
#6957 = B_SPLINE_CURVE_WITH_KNOTS('', 1, (#6958, #6959), .UNSPECIFIED., .F., .U., (2, 2), (0., 1.), .UNSPECIFIED.);
#6958 = CARTESIAN_POINT('', (55.2, 61.9, 2.1));
#6959 = CARTESIAN_POINT('', (54.7, 62.4, 2.1));
#6960 = ORIENTED_EDGE('', *, *, #6927, .F.);
#6961 = B_SPLINE_SURFACE_WITH_KNOTS('', 1, 1, ((#6962, #6963), (#6964, #6965)), .UNSPECIFIED., .F., .F., .U., (2, 2), (2, 2), (0., 1.), (0., 1.), .UNSPECIFIED.);
#6962 = CARTESIAN_POINT('', (54.7, 61.6928932188134, 1.6));
#6963 = CARTESIAN_POINT('', (55.2, 61.9, 2.1));
#6964 = CARTESIAN_POINT('', (54.4928932188134, 61.9, 1.6));
#6965 = CARTESIAN_POINT('', (54.7, 62.4, 2.1));
#6966 = ADVANCED_FACE('', (#6967), #6983, .T.);
#6967 = FACE_OUTER_BOUND('', #6968, .T.);
#6968 = EDGE_LOOP('', (#6969, #6970, #6977, #6982));
#6969 = ORIENTED_EDGE('', *, *, #6495, .T.);
#6970 = ORIENTED_EDGE('', *, *, #6971, .T.);
#6971 = EDGE_CURVE('', #6489, #6972, #6974, .T.);
#6972 = VERTEX_POINT('', #6973);
#6973 = CARTESIAN_POINT('', (2.1, 62.4, 2.1));
#6974 = B_SPLINE_CURVE_WITH_KNOTS('', 1, (#6975, #6976), .UNSPECIFIED., .F., .U., (2, 2), (0., 1.), .UNSPECIFIED.);
#6975 = CARTESIAN_POINT('', (2.30710678118655, 61.9, 1.6));
#6976 = CARTESIAN_POINT('', (2.1, 62.4, 2.1));
#6977 = ORIENTED_EDGE('', *, *, #6978, .F.);
#6978 = EDGE_CURVE('', #6950, #6972, #6979, .T.);
#6979 = B_SPLINE_CURVE_WITH_KNOTS('', 1, (#6980, #6981), .UNSPECIFIED., .F., .U., (2, 2), (0., 1.), .UNSPECIFIED.);
#6980 = CARTESIAN_POINT('', (54.7, 62.4, 2.1));
#6981 = CARTESIAN_POINT('', (2.1, 62.4, 2.1));
#6982 = ORIENTED_EDGE('', *, *, #6949, .F.);
#6983 = B_SPLINE_SURFACE_WITH_KNOTS('', 1, 1, ((#6984, #6985), (#6986, #6987)), .UNSPECIFIED., .F., .F., .U., (2, 2), (2, 2), (0., 1.), (0., 1.), .UNSPECIFIED.);
#6984 = CARTESIAN_POINT('', (54.4928932188134, 61.9, 1.6));
#6985 = CARTESIAN_POINT('', (54.7, 62.4, 2.1));
#6986 = CARTESIAN_POINT('', (2.30710678118655, 61.9, 1.6));
#6987 = CARTESIAN_POINT('', (2.1, 62.4, 2.1));
#6988 = ADVANCED_FACE('', (#6989), #6999, .T.);
#6989 = FACE_OUTER_BOUND('', #6990, .T.);
#6990 = EDGE_LOOP('', (#6991, #6992, #6993, #6998));
#6991 = ORIENTED_EDGE('', *, *, #6488, .T.);
#6992 = ORIENTED_EDGE('', *, *, #6268, .T.);
#6993 = ORIENTED_EDGE('', *, *, #6994, .F.);
#6994 = EDGE_CURVE('', #6972, #6262, #6995, .T.);
#6995 = B_SPLINE_CURVE_WITH_KNOTS('', 1, (#6996, #6997), .UNSPECIFIED., .F., .U., (2, 2), (0., 1.), .UNSPECIFIED.);
#6996 = CARTESIAN_POINT('', (2.1, 62.4, 2.1));
#6997 = CARTESIAN_POINT('', (1.6, 61.9, 2.1));
#6998 = ORIENTED_EDGE('', *, *, #6971, .F.);
#6999 = B_SPLINE_SURFACE_WITH_KNOTS('', 1, 1, ((#7000, #7001), (#7002, #7003)), .UNSPECIFIED., .F., .F., .U., (2, 2), (2, 2), (0., 1.), (0., 1.), .UNSPECIFIED.);
#7000 = CARTESIAN_POINT('', (2.30710678118655, 61.9, 1.6));
#7001 = CARTESIAN_POINT('', (2.1, 62.4, 2.1));
#7002 = CARTESIAN_POINT('', (2.1, 61.6928932188134, 1.6));
#7003 = CARTESIAN_POINT('', (1.6, 61.9, 2.1));
#7004 = ADVANCED_FACE('', (#7005), #7011, .T.);
#7005 = FACE_OUTER_BOUND('', #7006, .T.);
#7006 = EDGE_LOOP('', (#7007, #7008, #7009, #7010));
#7007 = ORIENTED_EDGE('', *, *, #6553, .T.);
#7008 = ORIENTED_EDGE('', *, *, #6470, .T.);
#7009 = ORIENTED_EDGE('', *, *, #6913, .T.);
#7010 = ORIENTED_EDGE('', *, *, #6636, .F.);
#7011 = B_SPLINE_SURFACE_WITH_KNOTS('', 1, 1, ((#7012, #7013), (#7014, #7015)), .UNSPECIFIED., .F., .F., .U., (2, 2), (2, 2), (0., 1.), (0., 1.), .UNSPECIFIED.);
#7012 = CARTESIAN_POINT('', (2.30710678118655, 23.5, 1.6));
#7013 = CARTESIAN_POINT('', (2.1, 23., 2.1));
#7014 = CARTESIAN_POINT('', (54.4928932188135, 23.5, 1.6));
#7015 = CARTESIAN_POINT('', (54.7, 23., 2.1));
#7016 = ADVANCED_FACE('', (#7017), #7027, .T.);
#7017 = FACE_OUTER_BOUND('', #7018, .T.);
#7018 = EDGE_LOOP('', (#7019, #7024, #7025, #7026));
#7019 = ORIENTED_EDGE('', *, *, #7020, .F.);
#7020 = EDGE_CURVE('', #6972, #6700, #7021, .T.);
#7021 = B_SPLINE_CURVE_WITH_KNOTS('', 1, (#7022, #7023), .UNSPECIFIED., .F., .U., (2, 2), (0., 1.), .UNSPECIFIED.);
#7022 = CARTESIAN_POINT('', (2.1, 62.4, 2.1));
#7023 = CARTESIAN_POINT('', (2.1, 62.4, 33.5));
#7024 = ORIENTED_EDGE('', *, *, #6994, .T.);
#7025 = ORIENTED_EDGE('', *, *, #6311, .T.);
#7026 = ORIENTED_EDGE('', *, *, #6706, .F.);
#7027 = B_SPLINE_SURFACE_WITH_KNOTS('', 1, 1, ((#7028, #7029), (#7030, #7031)), .UNSPECIFIED., .F., .F., .U., (2, 2), (2, 2), (0., 1.), (0., 1.), .UNSPECIFIED.);
#7028 = CARTESIAN_POINT('', (2.1, 62.4, 2.1));
#7029 = CARTESIAN_POINT('', (2.1, 62.4, 33.5));
#7030 = CARTESIAN_POINT('', (1.6, 61.9, 2.1));
#7031 = CARTESIAN_POINT('', (1.6, 61.9, 33.5));
#7032 = ADVANCED_FACE('', (#7033), #7043, .T.);
#7033 = FACE_OUTER_BOUND('', #7034, .T.);
#7034 = EDGE_LOOP('', (#7035, #7040, #7041, #7042));
#7035 = ORIENTED_EDGE('', *, *, #7036, .F.);
#7036 = EDGE_CURVE('', #6950, #6728, #7037, .T.);
#7037 = B_SPLINE_CURVE_WITH_KNOTS('', 1, (#7038, #7039), .UNSPECIFIED., .F., .U., (2, 2), (0., 1.), .UNSPECIFIED.);
#7038 = CARTESIAN_POINT('', (54.7, 62.4, 2.1));
#7039 = CARTESIAN_POINT('', (54.7, 62.4, 33.5));
#7040 = ORIENTED_EDGE('', *, *, #6978, .T.);
#7041 = ORIENTED_EDGE('', *, *, #7020, .T.);
#7042 = ORIENTED_EDGE('', *, *, #6734, .F.);
#7043 = B_SPLINE_SURFACE_WITH_KNOTS('', 1, 1, ((#7044, #7045), (#7046, #7047)), .UNSPECIFIED., .F., .F., .U., (2, 2), (2, 2), (0., 1.), (0., 1.), .UNSPECIFIED.);
#7044 = CARTESIAN_POINT('', (54.7, 62.4, 2.1));
#7045 = CARTESIAN_POINT('', (54.7, 62.4, 33.5));
#7046 = CARTESIAN_POINT('', (2.1, 62.4, 2.1));
#7047 = CARTESIAN_POINT('', (2.1, 62.4, 33.5));
#7048 = ADVANCED_FACE('', (#7049), #7059, .T.);
#7049 = FACE_OUTER_BOUND('', #7050, .T.);
#7050 = EDGE_LOOP('', (#7051, #7056, #7057, #7058));
#7051 = ORIENTED_EDGE('', *, *, #7052, .F.);
#7052 = EDGE_CURVE('', #6928, #6756, #7053, .T.);
#7053 = B_SPLINE_CURVE_WITH_KNOTS('', 1, (#7054, #7055), .UNSPECIFIED., .F., .U., (2, 2), (0., 1.), .UNSPECIFIED.);
#7054 = CARTESIAN_POINT('', (55.2, 61.9, 2.1));
#7055 = CARTESIAN_POINT('', (55.2, 61.9, 33.5));
#7056 = ORIENTED_EDGE('', *, *, #6956, .T.);
#7057 = ORIENTED_EDGE('', *, *, #7036, .T.);
#7058 = ORIENTED_EDGE('', *, *, #6762, .F.);
#7059 = B_SPLINE_SURFACE_WITH_KNOTS('', 1, 1, ((#7060, #7061), (#7062, #7063)), .UNSPECIFIED., .F., .F., .U., (2, 2), (2, 2), (0., 1.), (0., 1.), .UNSPECIFIED.);
#7060 = CARTESIAN_POINT('', (55.2, 61.9, 2.1));
#7061 = CARTESIAN_POINT('', (55.2, 61.9, 33.5));
#7062 = CARTESIAN_POINT('', (54.7, 62.4, 2.1));
#7063 = CARTESIAN_POINT('', (54.7, 62.4, 33.5));
#7064 = ADVANCED_FACE('', (#7065), #7071, .T.);
#7065 = FACE_OUTER_BOUND('', #7066, .T.);
#7066 = EDGE_LOOP('', (#7067, #7068, #7069, #7070));
#7067 = ORIENTED_EDGE('', *, *, #6892, .F.);
#7068 = ORIENTED_EDGE('', *, *, #6934, .T.);
#7069 = ORIENTED_EDGE('', *, *, #7052, .T.);
#7070 = ORIENTED_EDGE('', *, *, #6790, .F.);
#7071 = B_SPLINE_SURFACE_WITH_KNOTS('', 1, 1, ((#7072, #7073), (#7074, #7075)), .UNSPECIFIED., .F., .F., .U., (2, 2), (2, 2), (0., 1.), (0., 1.), .UNSPECIFIED.);
#7072 = CARTESIAN_POINT('', (55.2, 23.5, 2.1));
#7073 = CARTESIAN_POINT('', (55.2, 23.5, 33.5));
#7074 = CARTESIAN_POINT('', (55.2, 61.9, 2.1));
#7075 = CARTESIAN_POINT('', (55.2, 61.9, 33.5));
#7076 = DRAUGHTING_MODEL('', (#7084), #7085);
#7077 = PRESENTATION_STYLE_ASSIGNMENT((#7078));
#7078 = SURFACE_STYLE_USAGE(.POSITIVE., #7079);
#7079 = SURFACE_SIDE_STYLE('', (#7080));
#7080 = SURFACE_STYLE_FILL_AREA(#7081);
#7081 = FILL_AREA_STYLE('', (#7082));
#7082 = FILL_AREA_STYLE_COLOUR('', #7083);
#7083 = COLOUR_RGB('', 0.2, 0.231372549019608, 0.270588235294118);
#7084 = STYLED_ITEM('', (#7077), #1);
#7085 = (
   GEOMETRIC_REPRESENTATION_CONTEXT (3)
   GLOBAL_UNCERTAINTY_ASSIGNED_CONTEXT ((#7087))
   GLOBAL_UNIT_ASSIGNED_CONTEXT ((#7086, #7088, #7089))
   REPRESENTATION_CONTEXT ('', '3D')
);
#7086 = (
   LENGTH_UNIT ()
   NAMED_UNIT (*)
   SI_UNIT (.MILLI., .METRE.)
);
#7087 = UNCERTAINTY_MEASURE_WITH_UNIT(LENGTH_MEASURE(1.E-6), #7086, 'DISTANCE_ACCURACY_VALUE', '');
#7088 = (
   NAMED_UNIT (*)
   SI_UNIT ($, .STERADIAN.)
   SOLID_ANGLE_UNIT ()
);
#7089 = (
   NAMED_UNIT (*)
   PLANE_ANGLE_UNIT ()
   SI_UNIT ($, .RADIAN.)
);
#7090 = SHAPE_REPRESENTATION('', (#7103), #7085);
#7091 = PRODUCT_DEFINITION_SHAPE('', '', #7092);
#7092 = PRODUCT_DEFINITION('', '', #7095, #7099);
#7093 = APPLICATION_CONTEXT('configuration controlled 3D designs of mechanical parts and assemblies');
#7094 = APPLICATION_PROTOCOL_DEFINITION('International Standard', 'automotive_design', 2002, #7093);
#7095 = PRODUCT_DEFINITION_FORMATION_WITH_SPECIFIED_SOURCE('', '', #7096, .NOT_KNOWN.);
#7096 = PRODUCT('Base', 'Base', '', (#7097));
#7097 = PRODUCT_CONTEXT('', #7093, 'mechanical');
#7098 = PRODUCT_RELATED_PRODUCT_CATEGORY('detail', '', (#7096));
#7099 = PRODUCT_DEFINITION_CONTEXT('part definition', #7093, 'design');
#7100 = SHAPE_DEFINITION_REPRESENTATION(#7091, #7090);
#7101 = SHAPE_REPRESENTATION_RELATIONSHIP('', '', #7090, #7102);
#7102 = ADVANCED_BREP_SHAPE_REPRESENTATION('', (#1), #7085);
#7103 = AXIS2_PLACEMENT_3D('', #7104, #7105, #7106);
#7104 = CARTESIAN_POINT('', (0., 0., 0.));
#7105 = DIRECTION('', (0., 0., 1.));
#7106 = DIRECTION('', (1., 0., 0.));
ENDSEC;
END-ISO-10303-21;
