[0;32m[2026-09-16 12:55:32.438][INFO] STARTING CLASSCAD...
[0m[0;32m[2026-09-16 12:55:32.439][INFO] Current working directory  : /Users/dev/dev/awv/classcad
[0m[0;32m[2026-09-16 12:55:32.439][INFO] Config file: /Users/dev/dev/awv/classcad/.classcad.ini
[0m[0;32m[2026-09-16 12:55:32.439][INFO] Config file: /Users/dev/dev/awv/classcad/.classcad.ini
[0m[0;32m[2026-09-16 12:55:32.439][INFO] Config file: /Users/dev/dev/awv/classcad/.classcad.user.ini
[0m[0;32m[2026-09-16 12:55:32.439][INFO] Config file: /Users/dev/dev/awv/classcad-ai/workspace/training/2026-09-16_12-50-53_pvs-cavity-boolean/worker.ini
[0m[0;32m[2026-09-16 12:55:32.439][INFO] Ensure CompressionService is loaded
[0m[0;32m[2026-09-16 12:55:32.439][INFO] Ensure JWTService is loaded
[0m[0;32m[2026-09-16 12:55:32.439][INFO] Run the command 'worker'
[0m[0;32m[2026-09-16 12:55:32.439][INFO] Current working directory  : /Users/dev/dev/awv/classcad
[0m[0;32m[2026-09-16 12:55:32.439][INFO] Executable | file name     : classcad-cli
[0m[0;32m[2026-09-16 12:55:32.439][INFO] Executable | file path     : /Users/dev/dev/awv/classcad/runtime/output/arm64-osx-clang/release/classcad-cli
[0m[0;32m[2026-09-16 12:55:32.439][INFO] Executable | directory     : /Users/dev/dev/awv/classcad/runtime/output/arm64-osx-clang/release
[0m[0;32m[2026-09-16 12:55:32.439][INFO] Config | verbose file name : /Users/dev/dev/awv/classcad-ai/workspace/training/2026-09-16_12-50-53_pvs-cavity-boolean/files/worker.log
[0m[0;32m[2026-09-16 12:55:32.439][INFO] Config | verbose level     : 16583
[0m[0;32m[2026-09-16 12:55:32.439][INFO] Config | log level         : debug
[0m[0;32m[2026-09-16 12:55:32.439][INFO] Config | data path         : ./data
[0m[0;32m[2026-09-16 12:55:32.439][INFO] Config | class path        : 
[0m[0;32m[2026-09-16 12:55:32.439][INFO] Config | classes system    : ./cclasses/Source;System;Common.*;BaseModeling.*;CAD;Sheet;
[0m[0;32m[2026-09-16 12:55:32.439][INFO] Config | classes user      : ./cclasses/Source/Tests;*;
[0m[0;32m[2026-09-16 12:55:32.439][INFO] Config | classes user      : ./standalone/t3d/Source;T3D.*;T3DSolidEditor.*;T3DSolidEditor;T3DTesting;GTC.*;ISO_Tool.*;ISOChecker.*;
[0m[0;32m[2026-09-16 12:55:32.439][INFO] Config | classes user      : ./cclasses/Source/FeatureModeler;*;
[0m[0;32m[2026-09-16 12:55:32.477][VERB] libSMLibService.dylib is loaded
[0m[0;32m[2026-09-16 12:55:32.478][VERB] libSMLibExpressService.dylib is loaded
[0m[0;32m[2026-09-16 12:55:32.480][VERB] libBrepSimplificationService.dylib is loaded
[0m[0;32m[2026-09-16 12:55:32.481][VERB] libECXMLService.dylib is loaded
[0m[0;32m[2026-09-16 12:55:32.481][VERB] libJWTService.dylib is loaded
[0m[0;32m[2026-09-16 12:55:32.481][VERB] libGenericService.dylib is loaded
[0m[0;32m[2026-09-16 12:55:32.482][VERB] libLGSService.dylib is loaded
[0m[0;32m[2026-09-16 12:55:32.483][VERB] libLGS3DService.dylib is loaded
[0m[0;32m[2026-09-16 12:55:32.486][VERB] libIDEConnectionService.dylib is loaded
[0m[[0;32m[2026-09-16 12:55:32.486][VERB] libRapidXmlService.dylib is loaded
[0m2026-09-16 12:55:32] [info] asio listen error: system:48 (Address already in use)
[0;32m[2026-09-16 12:55:32.486][VERB] libNetworkService.dylib is loaded
[0m[0;32m[2026-09-16 12:55:32.487][VERB] libTestService.dylib is loaded
[0m[0;31m[2026-09-16 12:55:32.488][ERROR] The Service-DLL DxfService could not be loaded.
ErrorCode: dlopen(DxfServiced.dylib, 0x0001): tried: 'DxfServiced.dylib' (no such file), '/System/Volumes/Preboot/Cryptexes/OSDxfServiced.dylib' (no such file), '/Users/dev/dev/awv/classcad/runtime/output/arm64-osx-clang/release/DxfServiced.dylib' (no such file), '/Users/dev/dev/awv/classcad/runtime/output/arm64-osx-clang/release/DxfServiced.dylib' (no such file), '/usr/lib/DxfServiced.dylib' (no such file, not in dyld cache), 'DxfServiced.dylib' (no such file)
The service functions of this DLL are therefore not available.
[0m[0;32m[2026-09-16 12:55:32.488][VERB] libCryptoRtService.dylib is loaded
[0m[0;31m[2026-09-16 12:55:32.489][ERROR] The Service-DLL CryptoDevService could not be loaded.
ErrorCode: dlopen(CryptoDevServiced.dylib, 0x0001): tried: 'CryptoDevServiced.dylib' (no such file), '/System/Volumes/Preboot/Cryptexes/OSCryptoDevServiced.dylib' (no such file), '/Users/dev/dev/awv/classcad/runtime/output/arm64-osx-clang/release/CryptoDevServiced.dylib' (no such file), '/Users/dev/dev/awv/classcad/runtime/output/arm64-osx-clang/release/CryptoDevServiced.dylib' (no such file), '/usr/lib/CryptoDevServiced.dylib' (no such file, not in dyld cache), 'CryptoDevServiced.dylib' (no such file)
The service functions of this DLL are therefore not available.
[0m[0;33m[2026-09-16 12:55:32.499][WARN] Path does not exist '/Users/dev/dev/awv/classcad/standalone/t3d/Source'. It is defined for class path 't3d'.
[0m[0;32m[2026-09-16 12:55:32.500][INFO] Load classes for 'system' from '/Users/dev/dev/awv/classcad/cclasses/Source'
[0m[0;32m[2026-09-16 12:55:32.584][INFO] Load classes for 'tests' from '/Users/dev/dev/awv/classcad/cclasses/Source/Tests'
[0m[0;32m[2026-09-16 12:55:32.644][INFO] Load classes for 't3d' from '/Users/dev/dev/awv/classcad/standalone/t3d/Source'
[0m[0;33m[2026-09-16 12:55:32.644][WARN] Tried to load from invalid class path 't3d'
[0m[0;32m[2026-09-16 12:55:32.644][INFO] Load classes for 'fm' from '/Users/dev/dev/awv/classcad/cclasses/Source/FeatureModeler'
[0m[0;32m[2026-09-16 12:55:32.656][VERB] 0x75c989c180 Create Zeichnung
[0m[0;32m[2026-09-16 12:55:32.656][VERB] 0x75c989c180 SetZeichnung
[0m[0;32m[2026-09-16 12:55:32.656][VERB] Grundklasse::InitApplication was successful.
[0m[0;32m[2026-09-16 12:55:32.656][VERB] [info] Initializing BaseModelerApp
[0m[0;32m[2026-09-16 12:55:32.656][VERB] Change application string/text encoding to UTF-8
[0m[0;32m[2026-09-16 12:55:32.657][VERB] [info] Developer mode is active
[0m[0;32m[2026-09-16 12:55:32.657][VERB] [info] Initializing BuerliDemoApp
[0m[0;32m[2026-09-16 12:55:32.657][VERB] API v0/common already registered!
[0m[0;32m[2026-09-16 12:55:32.657][VERB] API v0/basemodeler already registered!
[0m[0;32m[2026-09-16 12:55:32.658][VERB] Registered API's:
[0m[0;32m[2026-09-16 12:55:32.658][VERB]   v0
[0m[0;32m[2026-09-16 12:55:32.658][VERB]     assemblybuilder
[0m[0;32m[2026-09-16 12:55:32.658][VERB]     basemodeler
[0m[0;32m[2026-09-16 12:55:32.658][VERB]     common
[0m[0;32m[2026-09-16 12:55:32.658][VERB]     developer
[0m[0;32m[2026-09-16 12:55:32.658][VERB]     drawing2d
[0m[0;32m[2026-09-16 12:55:32.658][VERB]     feature
[0m[0;32m[2026-09-16 12:55:32.658][VERB]     geometry
[0m[0;32m[2026-09-16 12:55:32.658][VERB]     geometryformatconverter
[0m[0;32m[2026-09-16 12:55:32.658][VERB]     network
[0m[0;32m[2026-09-16 12:55:32.658][VERB]     sketcher
[0m[0;32m[2026-09-16 12:55:32.658][VERB]     solid
[0m[0;32m[2026-09-16 12:55:32.658][VERB]     tooling
[0m[0;32m[2026-09-16 12:55:32.658][VERB]   v1
[0m[0;32m[2026-09-16 12:55:32.658][VERB]     assembly
[0m[0;32m[2026-09-16 12:55:32.658][VERB]     brep
[0m[0;32m[2026-09-16 12:55:32.658][VERB]     common
[0m[0;32m[2026-09-16 12:55:32.658][VERB]     curve
[0m[0;32m[2026-09-16 12:55:32.658][VERB]     drawing2d
[0m[0;32m[2026-09-16 12:55:32.658][VERB]     part
[0m[0;32m[2026-09-16 12:55:32.658][VERB]     script
[0m[0;32m[2026-09-16 12:55:32.658][VERB]     sketch
[0m[0;32m[2026-09-16 12:55:32.658][VERB]     solid
[0m[0;32m[2026-09-16 12:55:32.658][VERB]     utils
[0m[0;32m[2026-09-16 12:55:32.658][VERB] 0x75c989d680 Create Zeichnung
[0m[0;32m[2026-09-16 12:55:32.658][VERB] 0x75c989d680 SetZeichnung
[0m[0;32m[2026-09-16 12:55:32.658][INFO] WorkerCommandCompletion: 824 completion candidates built
[0m[0;32m[2026-09-16 12:55:32.659][INFO] Server start listen on 0.0.0.0:19094 for http and ws connections
[0m[0;32m[2026-09-16 12:55:32.659][INFO] Server start listen on 0.0.0.0:19095 for https and wss connections
[0m[0;32m[2026-09-16 12:55:33.663][INFO] Worker is ready
[0m

[0;32m[2026-09-16 12:55:35.518][INFO] GET /
[0m[0;32m[2026-09-16 12:55:35.518][VERB] 0x75c989d800 Create Zeichnung
[0m[0;32m[2026-09-16 12:55:35.518][INFO] WS handleNewConnection: created main session="c3e84136-dc53-4f45-bcff-b5322c100d1e"
[0m[0;32m[2026-09-16 12:55:35.523][VERB] 0x75c989d800 SetZeichnung
[0m[0;32m[2026-09-16 12:55:35.523][VERB] COMMANDCALL: _C.SafeAPI.Execute(["v1.part.create",[{"name":"Base"}]])
[0m[0;32m[2026-09-16 12:55:35.536][VERB] RETURN: {"result":"$4"}
[0m[2026-09-16 12:55:35.536][DEBUG] Build graphic in: 0ms
[0;32m[2026-09-16 12:55:35.545][VERB] COMMANDCALL: _C.SafeAPI.Execute(["v1.part.expression",[{"toCreate":[{"value":23.8,"name":"seam"},{"value":3,"name":"rear_roof_raise"},{"value":4,"name":"pocket_corner_blend_r"},{"value":4.5,"name":"rear_pillar_envelope_r"},{"value":1.3,"name":"skin_growth"},{"value":1.67,"name":"outer_chamfer"} ...
[0m[0;32m[2026-09-16 12:55:35.573][VERB] RETURN: {"result":1}
[0m[2026-09-16 12:55:35.574][DEBUG] Build graphic in: 0ms
[0;32m[2026-09-16 12:55:35.574][VERB] COMMANDCALL: _C.SafeAPI.Execute(["v1.part.getWorkGeometry",[{"name":"XAxis","id":4}]])
[0m[0;32m[2026-09-16 12:55:35.575][VERB] RETURN: {"result":"$26"}
[0m[0;32m[2026-09-16 12:55:35.576][VERB] COMMANDCALL: _C.SafeAPI.Execute(["v1.part.getWorkGeometry",[{"name":"YAxis","id":4}]])
[0m[0;32m[2026-09-16 12:55:35.576][VERB] RETURN: {"result":"$30"}
[0m[0;32m[2026-09-16 12:55:35.577][VERB] COMMANDCALL: _C.SafeAPI.Execute(["v1.part.getWorkGeometry",[{"name":"ZAxis","id":4}]])
[0m[0;32m[2026-09-16 12:55:35.577][VERB] RETURN: {"result":"$34"}
[0m[0;32m[2026-09-16 12:55:35.579][VERB] COMMANDCALL: _C.SafeAPI.Execute(["v1.part.getWorkGeometry",[{"name":"Top","id":4}]])
[0m[0;32m[2026-09-16 12:55:35.579][VERB] RETURN: {"result":"$38"}
[0m[0;32m[2026-09-16 12:55:35.580][VERB] COMMANDCALL: _C.SafeAPI.Execute(["v1.part.getWorkGeometry",[{"name":"Front","id":4}]])
[0m[0;32m[2026-09-16 12:55:35.580][VERB] RETURN: {"result":"$42"}
[0m[0;32m[2026-09-16 12:55:35.581][VERB] COMMANDCALL: _C.SafeAPI.Execute(["v1.part.getWorkGeometry",[{"name":"Right","id":4}]])
[0m[0;32m[2026-09-16 12:55:35.582][VERB] RETURN: {"result":"$46"}
[0m[0;32m[2026-09-16 12:55:35.583][VERB] COMMANDCALL: _C.SafeAPI.Execute(["v1.part.workPlane",[{"type":"PLANE","references":[38],"name":"F3_makeBox_cad_primitives_py_8_plane","offset":"@expr.d4_plane_offset","id":4}]])
[0m[0;32m[2026-09-16 12:55:35.588][VERB] RETURN: {"result":"$56"}
[0m[2026-09-16 12:55:35.588][DEBUG] Build graphic in: 0ms
[0;32m[2026-09-16 12:55:35.589][VERB] COMMANDCALL: _C.SafeAPI.Execute(["v1.sketch.create",[{"planeId":56,"name":"F3_makeBox_cad_primitives_py_8_profile","id":4}]])
[0m[0;32m[2026-09-16 12:55:35.592][VERB] RETURN: {"result":"$62"}
[0m[2026-09-16 12:55:35.593][DEBUG] Build graphic in: 0ms
[0;32m[2026-09-16 12:55:35.593][VERB] COMMANDCALL: _C.SafeAPI.Execute(["v1.sketch.rectangle",[{"startPos":[1.4,-1.3,0],"id":62,"genFixation":0,"endPos":[52.4,27.3,0]}]])
[0m[0;32m[2026-09-16 12:55:35.601][VERB] RETURN: {"result":["$68","$72","$78","$84"]}
[0m[2026-09-16 12:55:35.602][DEBUG] Build graphic in: 0ms
[0;32m[2026-09-16 12:55:35.603][VERB] COMMANDCALL: _C.SafeAPI.Execute(["v1.sketch.getPoints",[{"id":68}]])
[0m[0;32m[2026-09-16 12:55:35.603][VERB] RETURN: {"result":{"endId":"$70","startId":"$69"}}
[0m[0;32m[2026-09-16 12:55:35.605][VERB] COMMANDCALL: _C.SafeAPI.Execute(["v1.sketch.point",[{"pos":[-1000,-1000,0],"id":62}]])
[0m[0;32m[2026-09-16 12:55:35.607][VERB] RETURN: {"result":"$100"}
[0m[2026-09-16 12:55:35.608][DEBUG] Build graphic in: 0ms
[0;32m[2026-09-16 12:55:35.609][VERB] COMMANDCALL: _C.SafeAPI.Execute(["v1.sketch.constraint",[{"type":"FIXATION","id":62,"geomIds":[100]}]])
[0m[0;32m[2026-09-16 12:55:35.611][VERB] RETURN: {"result":"$102"}
[0m[2026-09-16 12:55:35.612][DEBUG] Build graphic in: 0ms
[0;32m[2026-09-16 12:55:35.612][VERB] COMMANDCALL: _C.SafeAPI.Execute(["v1.sketch.dimension",[{"type":"HORIZONTAL_DISTANCE","value":"@expr.d5_position_x","name":"position_x","id":62,"geomIds":[100,69]}]])
[0m[0;32m[2026-09-16 12:55:35.621][VERB] RETURN: {"result":"$106"}
[0m[2026-09-16 12:55:35.623][DEBUG] Build graphic in: 0ms
[0;32m[2026-09-16 12:55:35.623][VERB] COMMANDCALL: _C.SafeAPI.Execute(["v1.sketch.dimension",[{"type":"VERTICAL_DISTANCE","value":"@expr.d6_position_y","name":"position_y","id":62,"geomIds":[100,69]}]])
[0m[0;32m[2026-09-16 12:55:35.629][VERB] RETURN: {"result":"$110"}
[0m[2026-09-16 12:55:35.631][DEBUG] Build graphic in: 0ms
[0;32m[2026-09-16 12:55:35.631][VERB] COMMANDCALL: _C.SafeAPI.Execute(["v1.sketch.dimension",[{"type":"OFFSET","value":"@expr.d7_width","name":"width","id":62,"geomIds":[68]}]])
[0m[0;32m[2026-09-16 12:55:35.638][VERB] RETURN: {"result":"$114"}
[0m[2026-09-16 12:55:35.640][DEBUG] Build graphic in: 1ms
[0;32m[2026-09-16 12:55:35.640][VERB] COMMANDCALL: _C.SafeAPI.Execute(["v1.sketch.dimension",[{"type":"OFFSET","value":"@expr.d8_depth","name":"depth","id":62,"geomIds":[72]}]])
[0m[0;32m[2026-09-16 12:55:35.647][VERB] RETURN: {"result":"$118"}
[0m[2026-09-16 12:55:35.649][DEBUG] Build graphic in: 0ms
[0;32m[2026-09-16 12:55:35.651][VERB] COMMANDCALL: _C.SafeAPI.Execute(["v1.part.extrusion",[{"references":[68,72,78,84],"name":"F3_makeBox_cad_primitives_py_8","taperAngle":0,"limit2":"@expr.d9_height","id":4}]])
[0m[0;32m[2026-09-16 12:55:35.657][VERB] RETURN: {"result":"$122"}
[0m[2026-09-16 12:55:35.659][DEBUG] Build graphic in: 1ms
[0;32m[2026-09-16 12:55:35.659][VERB] COMMANDCALL: _C.SafeAPI.Execute(["v1.part.workPlane",[{"type":"PLANE","references":[38],"name":"F10_makeBox_cad_primitives_py_8_plane","offset":"@expr.d11_plane_offset","id":4}]])
[0m[0;32m[2026-09-16 12:55:35.663][VERB] RETURN: {"result":"$165"}
[0m[2026-09-16 12:55:35.664][DEBUG] Build graphic in: 0ms
[0;32m[2026-09-16 12:55:35.665][VERB] COMMANDCALL: _C.SafeAPI.Execute(["v1.sketch.create",[{"planeId":165,"name":"F10_makeBox_cad_primitives_py_8_profile","id":4}]])
[0m[0;32m[2026-09-16 12:55:35.667][VERB] RETURN: {"result":"$171"}
[0m[2026-09-16 12:55:35.668][DEBUG] Build graphic in: 0ms
[0;32m[2026-09-16 12:55:35.669][VERB] COMMANDCALL: _C.SafeAPI.Execute(["v1.sketch.rectangle",[{"startPos":[-1.3,1.4,0],"id":171,"genFixation":0,"endPos":[55.1,24.6,0]}]])
[0m[0;32m[2026-09-16 12:55:35.675][VERB] RETURN: {"result":["$177","$181","$187","$193"]}
[0m[2026-09-16 12:55:35.677][DEBUG] Build graphic in: 0ms
[0;32m[2026-09-16 12:55:35.677][VERB] COMMANDCALL: _C.SafeAPI.Execute(["v1.sketch.getPoints",[{"id":177}]])
[0m[0;32m[2026-09-16 12:55:35.678][VERB] RETURN: {"result":{"endId":"$179","startId":"$178"}}
[0m[0;32m[2026-09-16 12:55:35.680][VERB] COMMANDCALL: _C.SafeAPI.Execute(["v1.sketch.point",[{"pos":[-1000,-1000,0],"id":171}]])
[0m[0;32m[2026-09-16 12:55:35.682][VERB] RETURN: {"result":"$209"}
[0m[2026-09-16 12:55:35.684][DEBUG] Build graphic in: 0ms
[0;32m[2026-09-16 12:55:35.684][VERB] COMMANDCALL: _C.SafeAPI.Execute(["v1.sketch.constraint",[{"type":"FIXATION","id":171,"geomIds":[209]}]])
[0m[0;32m[2026-09-16 12:55:35.686][VERB] RETURN: {"result":"$211"}
[0m[2026-09-16 12:55:35.687][DEBUG] Build graphic in: 0ms
[0;32m[2026-09-16 12:55:35.688][VERB] COMMANDCALL: _C.SafeAPI.Execute(["v1.sketch.dimension",[{"type":"HORIZONTAL_DISTANCE","value":"@expr.d12_position_x","name":"position_x","id":171,"geomIds":[209,178]}]])
[0m[0;32m[2026-09-16 12:55:35.693][VERB] RETURN: {"result":"$215"}
[0m[2026-09-16 12:55:35.695][DEBUG] Build graphic in: 0ms
[0;32m[2026-09-16 12:55:35.696][VERB] COMMANDCALL: _C.SafeAPI.Execute(["v1.sketch.dimension",[{"type":"VERTICAL_DISTANCE","value":"@expr.d13_position_y","name":"position_y","id":171,"geomIds":[209,178]}]])
[0m[0;32m[2026-09-16 12:55:35.702][VERB] RETURN: {"result":"$219"}
[0m[2026-09-16 12:55:35.703][DEBUG] Build graphic in: 0ms
[0;32m[2026-09-16 12:55:35.704][VERB] COMMANDCALL: _C.SafeAPI.Execute(["v1.sketch.dimension",[{"type":"OFFSET","value":"@expr.d14_width","name":"width","id":171,"geomIds":[177]}]])
[0m[0;32m[2026-09-16 12:55:35.711][VERB] RETURN: {"result":"$223"}
[0m[2026-09-16 12:55:35.713][DEBUG] Build graphic in: 0ms
[0;32m[2026-09-16 12:55:35.714][VERB] COMMANDCALL: _C.SafeAPI.Execute(["v1.sketch.dimension",[{"type":"OFFSET","value":"@expr.d15_depth","name":"depth","id":171,"geomIds":[181]}]])
[0m[0;32m[2026-09-16 12:55:35.722][VERB] RETURN: {"result":"$227"}
[0m[2026-09-16 12:55:35.724][DEBUG] Build graphic in: 0ms
[0;32m[2026-09-16 12:55:35.725][VERB] COMMANDCALL: _C.SafeAPI.Execute(["v1.part.extrusion",[{"references":[177,181,187,193],"name":"F10_makeBox_cad_primitives_py_8","taperAngle":0,"limit2":"@expr.d16_height","id":4}]])
[0m[0;32m[2026-09-16 12:55:35.730][VERB] RETURN: {"result":"$231"}
[0m[2026-09-16 12:55:35.732][DEBUG] Build graphic in: 1ms
[0;32m[2026-09-16 12:55:35.733][VERB] COMMANDCALL: _C.SafeAPI.Execute(["v1.part.workPlane",[{"type":"PLANE","references":[38],"name":"F17_makeCylinder_cad_primitives_py_12_plane","offset":"@expr.d18_plane_offset","id":4}]])
[0m[0;32m[2026-09-16 12:55:35.736][VERB] RETURN: {"result":"$274"}
[0m[2026-09-16 12:55:35.738][DEBUG] Build graphic in: 0ms
[0;32m[2026-09-16 12:55:35.739][VERB] COMMANDCALL: _C.SafeAPI.Execute(["v1.sketch.create",[{"planeId":274,"name":"F17_makeCylinder_cad_primitives_py_12_profile","id":4}]])
[0m[0;32m[2026-09-16 12:55:35.741][VERB] RETURN: {"result":"$280"}
[0m[2026-09-16 12:55:35.743][DEBUG] Build graphic in: 0ms
[0;32m[2026-09-16 12:55:35.743][VERB] COMMANDCALL: _C.SafeAPI.Execute(["v1.sketch.circle",[{"radius":2.7,"id":280,"genFixation":0,"centerPos":[1.4,1.4,0]}]])
[0m[0;32m[2026-09-16 12:55:35.745][VERB] RETURN: {"result":"$286"}
[0m[2026-09-16 12:55:35.747][DEBUG] Build graphic in: 0ms
[0;32m[2026-09-16 12:55:35.748][VERB] COMMANDCALL: _C.SafeAPI.Execute(["v1.sketch.getPoints",[{"id":286}]])
[0m[0;32m[2026-09-16 12:55:35.748][VERB] RETURN: {"result":{"centerId":"$287"}}
[0m[0;32m[2026-09-16 12:55:35.750][VERB] COMMANDCALL: _C.SafeAPI.Execute(["v1.sketch.point",[{"pos":[-1000,-1000,0],"id":280}]])
[0m[0;32m[2026-09-16 12:55:35.751][VERB] RETURN: {"result":"$289"}
[0m[2026-09-16 12:55:35.753][DEBUG] Build graphic in: 0ms
[0;32m[2026-09-16 12:55:35.754][VERB] COMMANDCALL: _C.SafeAPI.Execute(["v1.sketch.constraint",[{"type":"FIXATION","id":280,"geomIds":[289]}]])
[0m[0;32m[2026-09-16 12:55:35.755][VERB] RETURN: {"result":"$291"}
[0m[2026-09-16 12:55:35.757][DEBUG] Build graphic in: 0ms
[0;32m[2026-09-16 12:55:35.758][VERB] COMMANDCALL: _C.SafeAPI.Execute(["v1.sketch.dimension",[{"type":"HORIZONTAL_DISTANCE","value":"@expr.d19_position_x","name":"position_x","id":280,"geomIds":[289,287]}]])
[0m[0;32m[2026-09-16 12:55:35.762][VERB] RETURN: {"result":"$295"}
[0m[2026-09-16 12:55:35.764][DEBUG] Build graphic in: 0ms
[0;32m[2026-09-16 12:55:35.765][VERB] COMMANDCALL: _C.SafeAPI.Execute(["v1.sketch.dimension",[{"type":"VERTICAL_DISTANCE","value":"@expr.d20_position_y","name":"position_y","id":280,"geomIds":[289,287]}]])
[0m[0;32m[2026-09-16 12:55:35.770][VERB] RETURN: {"result":"$299"}
[0m[2026-09-16 12:55:35.772][DEBUG] Build graphic in: 0ms
[0;32m[2026-09-16 12:55:35.773][VERB] COMMANDCALL: _C.SafeAPI.Execute(["v1.sketch.dimension",[{"type":"RADIUS","value":"@expr.d21_radius","name":"radius","id":280,"geomIds":[286]}]])
[0m[0;32m[2026-09-16 12:55:35.778][VERB] RETURN: {"result":"$303"}
[0m[2026-09-16 12:55:35.780][DEBUG] Build graphic in: 0ms
[0;32m[2026-09-16 12:55:35.781][VERB] COMMANDCALL: _C.SafeAPI.Execute(["v1.part.extrusion",[{"references":[286],"name":"F17_makeCylinder_cad_primitives_py_12","taperAngle":0,"limit2":"@expr.d22_height","id":4}]])
[0m[0;32m[2026-09-16 12:55:35.786][VERB] RETURN: {"result":"$307"}
[0m[2026-09-16 12:55:35.790][DEBUG] Build graphic in: 1ms
[0;32m[2026-09-16 12:55:35.791][VERB] COMMANDCALL: _C.SafeAPI.Execute(["v1.part.workPlane",[{"type":"PLANE","references":[38],"name":"F23_makeCylinder_cad_primitives_py_12_plane","offset":"@expr.d24_plane_offset","id":4}]])
[0m[0;32m[2026-09-16 12:55:35.794][VERB] RETURN: {"result":"$329"}
[0m[2026-09-16 12:55:35.797][DEBUG] Build graphic in: 0ms
[0;32m[2026-09-16 12:55:35.798][VERB] COMMANDCALL: _C.SafeAPI.Execute(["v1.sketch.create",[{"planeId":329,"name":"F23_makeCylinder_cad_primitives_py_12_profile","id":4}]])
[0m[0;32m[2026-09-16 12:55:35.800][VERB] RETURN: {"result":"$335"}
[0m[2026-09-16 12:55:35.802][DEBUG] Build graphic in: 0ms
[0;32m[2026-09-16 12:55:35.803][VERB] COMMANDCALL: _C.SafeAPI.Execute(["v1.sketch.circle",[{"radius":2.7,"id":335,"genFixation":0,"centerPos":[1.4,24.6,0]}]])
[0m[0;32m[2026-09-16 12:55:35.804][VERB] RETURN: {"result":"$341"}
[0m[2026-09-16 12:55:35.806][DEBUG] Build graphic in: 0ms
[0;32m[2026-09-16 12:55:35.807][VERB] COMMANDCALL: _C.SafeAPI.Execute(["v1.sketch.getPoints",[{"id":341}]])
[0m[0;32m[2026-09-16 12:55:35.807][VERB] RETURN: {"result":{"centerId":"$342"}}
[0m[0;32m[2026-09-16 12:55:35.810][VERB] COMMANDCALL: _C.SafeAPI.Execute(["v1.sketch.point",[{"pos":[-1000,-1000,0],"id":335}]])
[0m[0;32m[2026-09-16 12:55:35.811][VERB] RETURN: {"result":"$344"}
[0m[2026-09-16 12:55:35.814][DEBUG] Build graphic in: 0ms
[0;32m[2026-09-16 12:55:35.815][VERB] COMMANDCALL: _C.SafeAPI.Execute(["v1.sketch.constraint",[{"type":"FIXATION","id":335,"geomIds":[344]}]])
[0m[0;32m[2026-09-16 12:55:35.816][VERB] RETURN: {"result":"$346"}
[0m[2026-09-16 12:55:35.818][DEBUG] Build graphic in: 0ms
[0;32m[2026-09-16 12:55:35.819][VERB] COMMANDCALL: _C.SafeAPI.Execute(["v1.sketch.dimension",[{"type":"HORIZONTAL_DISTANCE","value":"@expr.d25_position_x","name":"position_x","id":335,"geomIds":[344,342]}]])
[0m[0;32m[2026-09-16 12:55:35.823][VERB] RETURN: {"result":"$350"}
[0m[2026-09-16 12:55:35.825][DEBUG] Build graphic in: 0ms
[0;32m[2026-09-16 12:55:35.826][VERB] COMMANDCALL: _C.SafeAPI.Execute(["v1.sketch.dimension",[{"type":"VERTICAL_DISTANCE","value":"@expr.d26_position_y","name":"position_y","id":335,"geomIds":[344,342]}]])
[0m[0;32m[2026-09-16 12:55:35.831][VERB] RETURN: {"result":"$354"}
[0m[2026-09-16 12:55:35.834][DEBUG] Build graphic in: 0ms
[0;32m[2026-09-16 12:55:35.835][VERB] COMMANDCALL: _C.SafeAPI.Execute(["v1.sketch.dimension",[{"type":"RADIUS","value":"@expr.d27_radius","name":"radius","id":335,"geomIds":[341]}]])
[0m[0;32m[2026-09-16 12:55:35.840][VERB] RETURN: {"result":"$358"}
[0m[2026-09-16 12:55:35.842][DEBUG] Build graphic in: 0ms
[0;32m[2026-09-16 12:55:35.843][VERB] COMMANDCALL: _C.SafeAPI.Execute(["v1.part.extrusion",[{"references":[341],"name":"F23_makeCylinder_cad_primitives_py_12","taperAngle":0,"limit2":"@expr.d28_height","id":4}]])
[0m[0;32m[2026-09-16 12:55:35.848][VERB] RETURN: {"result":"$362"}
[0m[2026-09-16 12:55:35.852][DEBUG] Build graphic in: 1ms
[0;32m[2026-09-16 12:55:35.853][VERB] COMMANDCALL: _C.SafeAPI.Execute(["v1.part.workPlane",[{"type":"PLANE","references":[38],"name":"F29_makeCylinder_cad_primitives_py_12_plane","offset":"@expr.d30_plane_offset","id":4}]])
[0m[0;32m[2026-09-16 12:55:35.856][VERB] RETURN: {"result":"$384"}
[0m[2026-09-16 12:55:35.859][DEBUG] Build graphic in: 0ms
[0;32m[2026-09-16 12:55:35.860][VERB] COMMANDCALL: _C.SafeAPI.Execute(["v1.sketch.create",[{"planeId":384,"name":"F29_makeCylinder_cad_primitives_py_12_profile","id":4}]])
[0m[0;32m[2026-09-16 12:55:35.862][VERB] RETURN: {"result":"$390"}
[0m[2026-09-16 12:55:35.865][DEBUG] Build graphic in: 0ms
[0;32m[2026-09-16 12:55:35.866][VERB] COMMANDCALL: _C.SafeAPI.Execute(["v1.sketch.circle",[{"radius":2.7,"id":390,"genFixation":0,"centerPos":[52.4,1.4,0]}]])
[0m[0;32m[2026-09-16 12:55:35.867][VERB] RETURN: {"result":"$396"}
[0m[2026-09-16 12:55:35.869][DEBUG] Build graphic in: 0ms
[0;32m[2026-09-16 12:55:35.870][VERB] COMMANDCALL: _C.SafeAPI.Execute(["v1.sketch.getPoints",[{"id":396}]])
[0m[0;32m[2026-09-16 12:55:35.870][VERB] RETURN: {"result":{"centerId":"$397"}}
[0m[0;32m[2026-09-16 12:55:35.874][VERB] COMMANDCALL: _C.SafeAPI.Execute(["v1.sketch.point",[{"pos":[-1000,-1000,0],"id":390}]])
[0m[0;32m[2026-09-16 12:55:35.875][VERB] RETURN: {"result":"$399"}
[0m[2026-09-16 12:55:35.877][DEBUG] Build graphic in: 0ms
[0;32m[2026-09-16 12:55:35.878][VERB] COMMANDCALL: _C.SafeAPI.Execute(["v1.sketch.constraint",[{"type":"FIXATION","id":390,"geomIds":[399]}]])
[0m[0;32m[2026-09-16 12:55:35.879][VERB] RETURN: {"result":"$401"}
[0m[2026-09-16 12:55:35.882][DEBUG] Build graphic in: 0ms
[0;32m[2026-09-16 12:55:35.883][VERB] COMMANDCALL: _C.SafeAPI.Execute(["v1.sketch.dimension",[{"type":"HORIZONTAL_DISTANCE","value":"@expr.d31_position_x","name":"position_x","id":390,"geomIds":[399,397]}]])
[0m[0;32m[2026-09-16 12:55:35.887][VERB] RETURN: {"result":"$405"}
[0m[2026-09-16 12:55:35.890][DEBUG] Build graphic in: 0ms
[0;32m[2026-09-16 12:55:35.891][VERB] COMMANDCALL: _C.SafeAPI.Execute(["v1.sketch.dimension",[{"type":"VERTICAL_DISTANCE","value":"@expr.d32_position_y","name":"position_y","id":390,"geomIds":[399,397]}]])
[0m[0;32m[2026-09-16 12:55:35.895][VERB] RETURN: {"result":"$409"}
[0m[2026-09-16 12:55:35.898][DEBUG] Build graphic in: 0ms
[0;32m[2026-09-16 12:55:35.899][VERB] COMMANDCALL: _C.SafeAPI.Execute(["v1.sketch.dimension",[{"type":"RADIUS","value":"@expr.d33_radius","name":"radius","id":390,"geomIds":[396]}]])
[0m[0;32m[2026-09-16 12:55:35.904][VERB] RETURN: {"result":"$413"}
[0m[2026-09-16 12:55:35.907][DEBUG] Build graphic in: 0ms
[0;32m[2026-09-16 12:55:35.908][VERB] COMMANDCALL: _C.SafeAPI.Execute(["v1.part.extrusion",[{"references":[396],"name":"F29_makeCylinder_cad_primitives_py_12","taperAngle":0,"limit2":"@expr.d34_height","id":4}]])
[0m[0;32m[2026-09-16 12:55:35.913][VERB] RETURN: {"result":"$417"}
[0m[2026-09-16 12:55:35.917][DEBUG] Build graphic in: 1ms
[0;32m[2026-09-16 12:55:35.918][VERB] COMMANDCALL: _C.SafeAPI.Execute(["v1.part.workPlane",[{"type":"PLANE","references":[38],"name":"F35_makeCylinder_cad_primitives_py_12_plane","offset":"@expr.d36_plane_offset","id":4}]])
[0m[0;32m[2026-09-16 12:55:35.921][VERB] RETURN: {"result":"$439"}
[0m[2026-09-16 12:55:35.924][DEBUG] Build graphic in: 0ms
[0;32m[2026-09-16 12:55:35.925][VERB] COMMANDCALL: _C.SafeAPI.Execute(["v1.sketch.create",[{"planeId":439,"name":"F35_makeCylinder_cad_primitives_py_12_profile","id":4}]])
[0m[0;32m[2026-09-16 12:55:35.927][VERB] RETURN: {"result":"$445"}
[0m[2026-09-16 12:55:35.930][DEBUG] Build graphic in: 0ms
[0;32m[2026-09-16 12:55:35.931][VERB] COMMANDCALL: _C.SafeAPI.Execute(["v1.sketch.circle",[{"radius":2.7,"id":445,"genFixation":0,"centerPos":[52.4,24.6,0]}]])
[0m[0;32m[2026-09-16 12:55:35.932][VERB] RETURN: {"result":"$451"}
[0m[2026-09-16 12:55:35.935][DEBUG] Build graphic in: 0ms
[0;32m[2026-09-16 12:55:35.936][VERB] COMMANDCALL: _C.SafeAPI.Execute(["v1.sketch.getPoints",[{"id":451}]])
[0m[0;32m[2026-09-16 12:55:35.936][VERB] RETURN: {"result":{"centerId":"$452"}}
[0m[0;32m[2026-09-16 12:55:35.940][VERB] COMMANDCALL: _C.SafeAPI.Execute(["v1.sketch.point",[{"pos":[-1000,-1000,0],"id":445}]])
[0m[0;32m[2026-09-16 12:55:35.941][VERB] RETURN: {"result":"$454"}
[0m[2026-09-16 12:55:35.944][DEBUG] Build graphic in: 0ms
[0;32m[2026-09-16 12:55:35.945][VERB] COMMANDCALL: _C.SafeAPI.Execute(["v1.sketch.constraint",[{"type":"FIXATION","id":445,"geomIds":[454]}]])
[0m[0;32m[2026-09-16 12:55:35.946][VERB] RETURN: {"result":"$456"}
[0m[2026-09-16 12:55:35.949][DEBUG] Build graphic in: 0ms
[0;32m[2026-09-16 12:55:35.950][VERB] COMMANDCALL: _C.SafeAPI.Execute(["v1.sketch.dimension",[{"type":"HORIZONTAL_DISTANCE","value":"@expr.d37_position_x","name":"position_x","id":445,"geomIds":[454,452]}]])
[0m[0;32m[2026-09-16 12:55:35.954][VERB] RETURN: {"result":"$460"}
[0m[2026-09-16 12:55:35.957][DEBUG] Build graphic in: 0ms
[0;32m[2026-09-16 12:55:35.958][VERB] COMMANDCALL: _C.SafeAPI.Execute(["v1.sketch.dimension",[{"type":"VERTICAL_DISTANCE","value":"@expr.d38_position_y","name":"position_y","id":445,"geomIds":[454,452]}]])
[0m[0;32m[2026-09-16 12:55:35.963][VERB] RETURN: {"result":"$464"}
[0m[2026-09-16 12:55:35.966][DEBUG] Build graphic in: 1ms
[0;32m[2026-09-16 12:55:35.967][VERB] COMMANDCALL: _C.SafeAPI.Execute(["v1.sketch.dimension",[{"type":"RADIUS","value":"@expr.d39_radius","name":"radius","id":445,"geomIds":[451]}]])
[0m[0;32m[2026-09-16 12:55:35.971][VERB] RETURN: {"result":"$468"}
[0m[2026-09-16 12:55:35.975][DEBUG] Build graphic in: 0ms
[0;32m[2026-09-16 12:55:35.976][VERB] COMMANDCALL: _C.SafeAPI.Execute(["v1.part.extrusion",[{"references":[451],"name":"F35_makeCylinder_cad_primitives_py_12","taperAngle":0,"limit2":"@expr.d40_height","id":4}]])
[0m[0;32m[2026-09-16 12:55:35.981][VERB] RETURN: {"result":"$472"}
[0m[2026-09-16 12:55:35.985][DEBUG] Build graphic in: 1ms
[0;32m[2026-09-16 12:55:35.986][VERB] COMMANDCALL: _C.SafeAPI.Execute(["v1.part.workPlane",[{"type":"PLANE","references":[38],"name":"F41_makeBox_cad_primitives_py_8_plane","offset":"@expr.d42_plane_offset","id":4}]])
[0m[0;32m[2026-09-16 12:55:35.989][VERB] RETURN: {"result":"$494"}
[0m[2026-09-16 12:55:35.992][DEBUG] Build graphic in: 0ms
[0;32m[2026-09-16 12:55:35.994][VERB] COMMANDCALL: _C.SafeAPI.Execute(["v1.sketch.create",[{"planeId":494,"name":"F41_makeBox_cad_primitives_py_8_profile","id":4}]])
[0m[0;32m[2026-09-16 12:55:35.996][VERB] RETURN: {"result":"$500"}
[0m[2026-09-16 12:55:35.999][DEBUG] Build graphic in: 0ms
[0;32m[2026-09-16 12:55:36.000][VERB] COMMANDCALL: _C.SafeAPI.Execute(["v1.sketch.rectangle",[{"startPos":[1.4,20.1,0],"id":500,"genFixation":0,"endPos":[56.4,65.9,0]}]])
[0m[0;32m[2026-09-16 12:55:36.006][VERB] RETURN: {"result":["$506","$510","$516","$522"]}
[0m[2026-09-16 12:55:36.009][DEBUG] Build graphic in: 0ms
[0;32m[2026-09-16 12:55:36.010][VERB] COMMANDCALL: _C.SafeAPI.Execute(["v1.sketch.getPoints",[{"id":506}]])
[0m[0;32m[2026-09-16 12:55:36.010][VERB] RETURN: {"result":{"endId":"$508","startId":"$507"}}
[0m[0;32m[2026-09-16 12:55:36.015][VERB] COMMANDCALL: _C.SafeAPI.Execute(["v1.sketch.point",[{"pos":[-1000,-1000,0],"id":500}]])
[0m[0;32m[2026-09-16 12:55:36.017][VERB] RETURN: {"result":"$538"}
[0m[2026-09-16 12:55:36.020][DEBUG] Build graphic in: 0ms
[0;32m[2026-09-16 12:55:36.021][VERB] COMMANDCALL: _C.SafeAPI.Execute(["v1.sketch.constraint",[{"type":"FIXATION","id":500,"geomIds":[538]}]])
[0m[0;32m[2026-09-16 12:55:36.023][VERB] RETURN: {"result":"$540"}
[0m[2026-09-16 12:55:36.026][DEBUG] Build graphic in: 0ms
[0;32m[2026-09-16 12:55:36.027][VERB] COMMANDCALL: _C.SafeAPI.Execute(["v1.sketch.dimension",[{"type":"HORIZONTAL_DISTANCE","value":"@expr.d43_position_x","name":"position_x","id":500,"geomIds":[538,507]}]])
[0m[0;32m[2026-09-16 12:55:36.032][VERB] RETURN: {"result":"$544"}
[0m[2026-09-16 12:55:36.036][DEBUG] Build graphic in: 0ms
[0;32m[2026-09-16 12:55:36.037][VERB] COMMANDCALL: _C.SafeAPI.Execute(["v1.sketch.dimension",[{"type":"VERTICAL_DISTANCE","value":"@expr.d44_position_y","name":"position_y","id":500,"geomIds":[538,507]}]])
[0m[0;32m[2026-09-16 12:55:36.043][VERB] RETURN: {"result":"$548"}
[0m[2026-09-16 12:55:36.047][DEBUG] Build graphic in: 0ms
[0;32m[2026-09-16 12:55:36.048][VERB] COMMANDCALL: _C.SafeAPI.Execute(["v1.sketch.dimension",[{"type":"OFFSET","value":"@expr.d45_width","name":"width","id":500,"geomIds":[506]}]])
[0m[0;32m[2026-09-16 12:55:36.055][VERB] RETURN: {"result":"$552"}
[0m[2026-09-16 12:55:36.058][DEBUG] Build graphic in: 0ms
[0;32m[2026-09-16 12:55:36.060][VERB] COMMANDCALL: _C.SafeAPI.Execute(["v1.sketch.dimension",[{"type":"OFFSET","value":"@expr.d46_depth","name":"depth","id":500,"geomIds":[510]}]])
[0m[0;32m[2026-09-16 12:55:36.067][VERB] RETURN: {"result":"$556"}
[0m[2026-09-16 12:55:36.071][DEBUG] Build graphic in: 0ms
[0;32m[2026-09-16 12:55:36.073][VERB] COMMANDCALL: _C.SafeAPI.Execute(["v1.part.extrusion",[{"references":[506,510,516,522],"name":"F41_makeBox_cad_primitives_py_8","taperAngle":0,"limit2":"@expr.d47_height","id":4}]])
[0m[0;32m[2026-09-16 12:55:36.077][VERB] RETURN: {"result":"$560"}
[0m[2026-09-16 12:55:36.081][DEBUG] Build graphic in: 0ms
[0;32m[2026-09-16 12:55:36.083][VERB] COMMANDCALL: _C.SafeAPI.Execute(["v1.part.workPlane",[{"type":"PLANE","references":[38],"name":"F48_makeBox_cad_primitives_py_8_plane","offset":"@expr.d49_plane_offset","id":4}]])
[0m[0;32m[2026-09-16 12:55:36.086][VERB] RETURN: {"result":"$603"}
[0m[2026-09-16 12:55:36.089][DEBUG] Build graphic in: 0ms
[0;32m[2026-09-16 12:55:36.090][VERB] COMMANDCALL: _C.SafeAPI.Execute(["v1.sketch.create",[{"planeId":603,"name":"F48_makeBox_cad_primitives_py_8_profile","id":4}]])
[0m[0;32m[2026-09-16 12:55:36.092][VERB] RETURN: {"result":"$609"}
[0m[2026-09-16 12:55:36.096][DEBUG] Build graphic in: 0ms
[0;32m[2026-09-16 12:55:36.097][VERB] COMMANDCALL: _C.SafeAPI.Execute(["v1.sketch.rectangle",[{"startPos":[-1.3,22.8,0],"id":609,"genFixation":0,"endPos":[59.1,63.2,0]}]])
[0m[0;32m[2026-09-16 12:55:36.103][VERB] RETURN: {"result":["$615","$619","$625","$631"]}
[0m[2026-09-16 12:55:36.107][DEBUG] Build graphic in: 0ms
[0;32m[2026-09-16 12:55:36.109][VERB] COMMANDCALL: _C.SafeAPI.Execute(["v1.sketch.getPoints",[{"id":615}]])
[0m[0;32m[2026-09-16 12:55:36.109][VERB] RETURN: {"result":{"endId":"$617","startId":"$616"}}
[0m[0;32m[2026-09-16 12:55:36.114][VERB] COMMANDCALL: _C.SafeAPI.Execute(["v1.sketch.point",[{"pos":[-1000,-1000,0],"id":609}]])
[0m[0;32m[2026-09-16 12:55:36.116][VERB] RETURN: {"result":"$647"}
[0m[2026-09-16 12:55:36.120][DEBUG] Build graphic in: 0ms
[0;32m[2026-09-16 12:55:36.121][VERB] COMMANDCALL: _C.SafeAPI.Execute(["v1.sketch.constraint",[{"type":"FIXATION","id":609,"geomIds":[647]}]])
[0m[0;32m[2026-09-16 12:55:36.123][VERB] RETURN: {"result":"$649"}
[0m[2026-09-16 12:55:36.126][DEBUG] Build graphic in: 0ms
[0;32m[2026-09-16 12:55:36.127][VERB] COMMANDCALL: _C.SafeAPI.Execute(["v1.sketch.dimension",[{"type":"HORIZONTAL_DISTANCE","value":"@expr.d50_position_x","name":"position_x","id":609,"geomIds":[647,616]}]])
[0m[0;32m[2026-09-16 12:55:36.133][VERB] RETURN: {"result":"$653"}
[0m[2026-09-16 12:55:36.137][DEBUG] Build graphic in: 0ms
[0;32m[2026-09-16 12:55:36.139][VERB] COMMANDCALL: _C.SafeAPI.Execute(["v1.sketch.dimension",[{"type":"VERTICAL_DISTANCE","value":"@expr.d51_position_y","name":"position_y","id":609,"geomIds":[647,616]}]])
[0m[0;32m[2026-09-16 12:55:36.145][VERB] RETURN: {"result":"$657"}
[0m[2026-09-16 12:55:36.149][DEBUG] Build graphic in: 0ms
[0;32m[2026-09-16 12:55:36.150][VERB] COMMANDCALL: _C.SafeAPI.Execute(["v1.sketch.dimension",[{"type":"OFFSET","value":"@expr.d52_width","name":"width","id":609,"geomIds":[615]}]])
[0m[0;32m[2026-09-16 12:55:36.157][VERB] RETURN: {"result":"$661"}
[0m[2026-09-16 12:55:36.161][DEBUG] Build graphic in: 0ms
[0;32m[2026-09-16 12:55:36.163][VERB] COMMANDCALL: _C.SafeAPI.Execute(["v1.sketch.dimension",[{"type":"OFFSET","value":"@expr.d53_depth","name":"depth","id":609,"geomIds":[619]}]])
[0m[0;32m[2026-09-16 12:55:36.170][VERB] RETURN: {"result":"$665"}
[0m[2026-09-16 12:55:36.175][DEBUG] Build graphic in: 1ms
[0;32m[2026-09-16 12:55:36.176][VERB] COMMANDCALL: _C.SafeAPI.Execute(["v1.part.extrusion",[{"references":[615,619,625,631],"name":"F48_makeBox_cad_primitives_py_8","taperAngle":0,"limit2":"@expr.d54_height","id":4}]])
[0m[0;32m[2026-09-16 12:55:36.181][VERB] RETURN: {"result":"$669"}
[0m[2026-09-16 12:55:36.185][DEBUG] Build graphic in: 0ms
[0;32m[2026-09-16 12:55:36.187][VERB] COMMANDCALL: _C.SafeAPI.Execute(["v1.part.workPlane",[{"type":"PLANE","references":[38],"name":"F55_makeCylinder_cad_primitives_py_12_plane","offset":"@expr.d56_plane_offset","id":4}]])
[0m[0;32m[2026-09-16 12:55:36.190][VERB] RETURN: {"result":"$712"}
[0m[2026-09-16 12:55:36.194][DEBUG] Build graphic in: 0ms
[0;32m[2026-09-16 12:55:36.196][VERB] COMMANDCALL: _C.SafeAPI.Execute(["v1.sketch.create",[{"planeId":712,"name":"F55_makeCylinder_cad_primitives_py_12_profile","id":4}]])
[0m[0;32m[2026-09-16 12:55:36.198][VERB] RETURN: {"result":"$718"}
[0m[2026-09-16 12:55:36.202][DEBUG] Build graphic in: 0ms
[0;32m[2026-09-16 12:55:36.204][VERB] COMMANDCALL: _C.SafeAPI.Execute(["v1.sketch.circle",[{"radius":2.7,"id":718,"genFixation":0,"centerPos":[1.4,22.8,0]}]])
[0m[0;32m[2026-09-16 12:55:36.205][VERB] RETURN: {"result":"$724"}
[0m[2026-09-16 12:55:36.209][DEBUG] Build graphic in: 0ms
[0;32m[2026-09-16 12:55:36.211][VERB] COMMANDCALL: _C.SafeAPI.Execute(["v1.sketch.getPoints",[{"id":724}]])
[0m[0;32m[2026-09-16 12:55:36.211][VERB] RETURN: {"result":{"centerId":"$725"}}
[0m[0;32m[2026-09-16 12:55:36.217][VERB] COMMANDCALL: _C.SafeAPI.Execute(["v1.sketch.point",[{"pos":[-1000,-1000,0],"id":718}]])
[0m[0;32m[2026-09-16 12:55:36.218][VERB] RETURN: {"result":"$727"}
[0m[2026-09-16 12:55:36.222][DEBUG] Build graphic in: 0ms
[0;32m[2026-09-16 12:55:36.223][VERB] COMMANDCALL: _C.SafeAPI.Execute(["v1.sketch.constraint",[{"type":"FIXATION","id":718,"geomIds":[727]}]])
[0m[0;32m[2026-09-16 12:55:36.224][VERB] RETURN: {"result":"$729"}
[0m[2026-09-16 12:55:36.229][DEBUG] Build graphic in: 0ms
[0;32m[2026-09-16 12:55:36.230][VERB] COMMANDCALL: _C.SafeAPI.Execute(["v1.sketch.dimension",[{"type":"HORIZONTAL_DISTANCE","value":"@expr.d57_position_x","name":"position_x","id":718,"geomIds":[727,725]}]])
[0m[0;32m[2026-09-16 12:55:36.234][VERB] RETURN: {"result":"$733"}
[0m[2026-09-16 12:55:36.239][DEBUG] Build graphic in: 0ms
[0;32m[2026-09-16 12:55:36.240][VERB] COMMANDCALL: _C.SafeAPI.Execute(["v1.sketch.dimension",[{"type":"VERTICAL_DISTANCE","value":"@expr.d58_position_y","name":"position_y","id":718,"geomIds":[727,725]}]])
[0m[0;32m[2026-09-16 12:55:36.245][VERB] RETURN: {"result":"$737"}
[0m[2026-09-16 12:55:36.250][DEBUG] Build graphic in: 0ms
[0;32m[2026-09-16 12:55:36.251][VERB] COMMANDCALL: _C.SafeAPI.Execute(["v1.sketch.dimension",[{"type":"RADIUS","value":"@expr.d59_radius","name":"radius","id":718,"geomIds":[724]}]])
[0m[0;32m[2026-09-16 12:55:36.256][VERB] RETURN: {"result":"$741"}
[0m[2026-09-16 12:55:36.261][DEBUG] Build graphic in: 0ms
[0;32m[2026-09-16 12:55:36.263][VERB] COMMANDCALL: _C.SafeAPI.Execute(["v1.part.extrusion",[{"references":[724],"name":"F55_makeCylinder_cad_primitives_py_12","taperAngle":0,"limit2":"@expr.d60_height","id":4}]])
[0m[0;32m[2026-09-16 12:55:36.268][VERB] RETURN: {"result":"$745"}
[0m[2026-09-16 12:55:36.273][DEBUG] Build graphic in: 1ms
[0;32m[2026-09-16 12:55:36.275][VERB] COMMANDCALL: _C.SafeAPI.Execute(["v1.part.workPlane",[{"type":"PLANE","references":[38],"name":"F61_makeCylinder_cad_primitives_py_12_plane","offset":"@expr.d62_plane_offset","id":4}]])
[0m[0;32m[2026-09-16 12:55:36.278][VERB] RETURN: {"result":"$767"}
[0m[2026-09-16 12:55:36.283][DEBUG] Build graphic in: 0ms
[0;32m[2026-09-16 12:55:36.285][VERB] COMMANDCALL: _C.SafeAPI.Execute(["v1.sketch.create",[{"planeId":767,"name":"F61_makeCylinder_cad_primitives_py_12_profile","id":4}]])
[0m[0;32m[2026-09-16 12:55:36.287][VERB] RETURN: {"result":"$773"}
[0m[2026-09-16 12:55:36.291][DEBUG] Build graphic in: 0ms
[0;32m[2026-09-16 12:55:36.293][VERB] COMMANDCALL: _C.SafeAPI.Execute(["v1.sketch.circle",[{"radius":2.7,"id":773,"genFixation":0,"centerPos":[1.4,63.2,0]}]])
[0m[0;32m[2026-09-16 12:55:36.294][VERB] RETURN: {"result":"$779"}
[0m[2026-09-16 12:55:36.299][DEBUG] Build graphic in: 0ms
[0;32m[2026-09-16 12:55:36.300][VERB] COMMANDCALL: _C.SafeAPI.Execute(["v1.sketch.getPoints",[{"id":779}]])
[0m[0;32m[2026-09-16 12:55:36.301][VERB] RETURN: {"result":{"centerId":"$780"}}
[0m[0;32m[2026-09-16 12:55:36.307][VERB] COMMANDCALL: _C.SafeAPI.Execute(["v1.sketch.point",[{"pos":[-1000,-1000,0],"id":773}]])
[0m[0;32m[2026-09-16 12:55:36.308][VERB] RETURN: {"result":"$782"}
[0m[2026-09-16 12:55:36.312][DEBUG] Build graphic in: 0ms
[0;32m[2026-09-16 12:55:36.314][VERB] COMMANDCALL: _C.SafeAPI.Execute(["v1.sketch.constraint",[{"type":"FIXATION","id":773,"geomIds":[782]}]])
[0m[0;32m[2026-09-16 12:55:36.315][VERB] RETURN: {"result":"$784"}
[0m[2026-09-16 12:55:36.319][DEBUG] Build graphic in: 0ms
[0;32m[2026-09-16 12:55:36.321][VERB] COMMANDCALL: _C.SafeAPI.Execute(["v1.sketch.dimension",[{"type":"HORIZONTAL_DISTANCE","value":"@expr.d63_position_x","name":"position_x","id":773,"geomIds":[782,780]}]])
[0m[0;32m[2026-09-16 12:55:36.325][VERB] RETURN: {"result":"$788"}
[0m[2026-09-16 12:55:36.330][DEBUG] Build graphic in: 0ms
[0;32m[2026-09-16 12:55:36.331][VERB] COMMANDCALL: _C.SafeAPI.Execute(["v1.sketch.dimension",[{"type":"VERTICAL_DISTANCE","value":"@expr.d64_position_y","name":"position_y","id":773,"geomIds":[782,780]}]])
[0m[0;32m[2026-09-16 12:55:36.336][VERB] RETURN: {"result":"$792"}
[0m[2026-09-16 12:55:36.341][DEBUG] Build graphic in: 0ms
[0;32m[2026-09-16 12:55:36.343][VERB] COMMANDCALL: _C.SafeAPI.Execute(["v1.sketch.dimension",[{"type":"RADIUS","value":"@expr.d65_radius","name":"radius","id":773,"geomIds":[779]}]])
[0m[0;32m[2026-09-16 12:55:36.348][VERB] RETURN: {"result":"$796"}
[0m[2026-09-16 12:55:36.353][DEBUG] Build graphic in: 0ms
[0;32m[2026-09-16 12:55:36.355][VERB] COMMANDCALL: _C.SafeAPI.Execute(["v1.part.extrusion",[{"references":[779],"name":"F61_makeCylinder_cad_primitives_py_12","taperAngle":0,"limit2":"@expr.d66_height","id":4}]])
[0m[0;32m[2026-09-16 12:55:36.360][VERB] RETURN: {"result":"$800"}
[0m[2026-09-16 12:55:36.366][DEBUG] Build graphic in: 1ms
[0;32m[2026-09-16 12:55:36.368][VERB] COMMANDCALL: _C.SafeAPI.Execute(["v1.part.workPlane",[{"type":"PLANE","references":[38],"name":"F67_makeCylinder_cad_primitives_py_12_plane","offset":"@expr.d68_plane_offset","id":4}]])
[0m[0;32m[2026-09-16 12:55:36.371][VERB] RETURN: {"result":"$822"}
[0m[2026-09-16 12:55:36.376][DEBUG] Build graphic in: 0ms
[0;32m[2026-09-16 12:55:36.378][VERB] COMMANDCALL: _C.SafeAPI.Execute(["v1.sketch.create",[{"planeId":822,"name":"F67_makeCylinder_cad_primitives_py_12_profile","id":4}]])
[0m[0;32m[2026-09-16 12:55:36.380][VERB] RETURN: {"result":"$828"}
[0m[2026-09-16 12:55:36.385][DEBUG] Build graphic in: 0ms
[0;32m[2026-09-16 12:55:36.387][VERB] COMMANDCALL: _C.SafeAPI.Execute(["v1.sketch.circle",[{"radius":2.7,"id":828,"genFixation":0,"centerPos":[56.4,22.8,0]}]])
[0m[0;32m[2026-09-16 12:55:36.388][VERB] RETURN: {"result":"$834"}
[0m[2026-09-16 12:55:36.393][DEBUG] Build graphic in: 0ms
[0;32m[2026-09-16 12:55:36.394][VERB] COMMANDCALL: _C.SafeAPI.Execute(["v1.sketch.getPoints",[{"id":834}]])
[0m[0;32m[2026-09-16 12:55:36.394][VERB] RETURN: {"result":{"centerId":"$835"}}
[0m[0;32m[2026-09-16 12:55:36.401][VERB] COMMANDCALL: _C.SafeAPI.Execute(["v1.sketch.point",[{"pos":[-1000,-1000,0],"id":828}]])
[0m[0;32m[2026-09-16 12:55:36.402][VERB] RETURN: {"result":"$837"}
[0m[2026-09-16 12:55:36.407][DEBUG] Build graphic in: 0ms
[0;32m[2026-09-16 12:55:36.408][VERB] COMMANDCALL: _C.SafeAPI.Execute(["v1.sketch.constraint",[{"type":"FIXATION","id":828,"geomIds":[837]}]])
[0m[0;32m[2026-09-16 12:55:36.409][VERB] RETURN: {"result":"$839"}
[0m[2026-09-16 12:55:36.414][DEBUG] Build graphic in: 0ms
[0;32m[2026-09-16 12:55:36.416][VERB] COMMANDCALL: _C.SafeAPI.Execute(["v1.sketch.dimension",[{"type":"HORIZONTAL_DISTANCE","value":"@expr.d69_position_x","name":"position_x","id":828,"geomIds":[837,835]}]])
[0m[0;32m[2026-09-16 12:55:36.420][VERB] RETURN: {"result":"$843"}
[0m[2026-09-16 12:55:36.425][DEBUG] Build graphic in: 0ms
[0;32m[2026-09-16 12:55:36.426][VERB] COMMANDCALL: _C.SafeAPI.Execute(["v1.sketch.dimension",[{"type":"VERTICAL_DISTANCE","value":"@expr.d70_position_y","name":"position_y","id":828,"geomIds":[837,835]}]])
[0m[0;32m[2026-09-16 12:55:36.432][VERB] RETURN: {"result":"$847"}
[0m[2026-09-16 12:55:36.437][DEBUG] Build graphic in: 0ms
[0;32m[2026-09-16 12:55:36.438][VERB] COMMANDCALL: _C.SafeAPI.Execute(["v1.sketch.dimension",[{"type":"RADIUS","value":"@expr.d71_radius","name":"radius","id":828,"geomIds":[834]}]])
[0m[0;32m[2026-09-16 12:55:36.443][VERB] RETURN: {"result":"$851"}
[0m[2026-09-16 12:55:36.448][DEBUG] Build graphic in: 0ms
[0;32m[2026-09-16 12:55:36.450][VERB] COMMANDCALL: _C.SafeAPI.Execute(["v1.part.extrusion",[{"references":[834],"name":"F67_makeCylinder_cad_primitives_py_12","taperAngle":0,"limit2":"@expr.d72_height","id":4}]])
[0m[0;32m[2026-09-16 12:55:36.455][VERB] RETURN: {"result":"$855"}
[0m[2026-09-16 12:55:36.461][DEBUG] Build graphic in: 1ms
[0;32m[2026-09-16 12:55:36.463][VERB] COMMANDCALL: _C.SafeAPI.Execute(["v1.part.workPlane",[{"type":"PLANE","references":[38],"name":"F73_makeCylinder_cad_primitives_py_12_plane","offset":"@expr.d74_plane_offset","id":4}]])
[0m[0;32m[2026-09-16 12:55:36.467][VERB] RETURN: {"result":"$877"}
[0m[2026-09-16 12:55:36.472][DEBUG] Build graphic in: 0ms
[0;32m[2026-09-16 12:55:36.474][VERB] COMMANDCALL: _C.SafeAPI.Execute(["v1.sketch.create",[{"planeId":877,"name":"F73_makeCylinder_cad_primitives_py_12_profile","id":4}]])
[0m[0;32m[2026-09-16 12:55:36.476][VERB] RETURN: {"result":"$883"}
[0m[2026-09-16 12:55:36.481][DEBUG] Build graphic in: 0ms
[0;32m[2026-09-16 12:55:36.483][VERB] COMMANDCALL: _C.SafeAPI.Execute(["v1.sketch.circle",[{"radius":2.7,"id":883,"genFixation":0,"centerPos":[56.4,63.2,0]}]])
[0m[0;32m[2026-09-16 12:55:36.484][VERB] RETURN: {"result":"$889"}
[0m[2026-09-16 12:55:36.489][DEBUG] Build graphic in: 0ms
[0;32m[2026-09-16 12:55:36.491][VERB] COMMANDCALL: _C.SafeAPI.Execute(["v1.sketch.getPoints",[{"id":889}]])
[0m[0;32m[2026-09-16 12:55:36.491][VERB] RETURN: {"result":{"centerId":"$890"}}
[0m[0;32m[2026-09-16 12:55:36.498][VERB] COMMANDCALL: _C.SafeAPI.Execute(["v1.sketch.point",[{"pos":[-1000,-1000,0],"id":883}]])
[0m[0;32m[2026-09-16 12:55:36.499][VERB] RETURN: {"result":"$892"}
[0m[2026-09-16 12:55:36.504][DEBUG] Build graphic in: 0ms
[0;32m[2026-09-16 12:55:36.506][VERB] COMMANDCALL: _C.SafeAPI.Execute(["v1.sketch.constraint",[{"type":"FIXATION","id":883,"geomIds":[892]}]])
[0m[0;32m[2026-09-16 12:55:36.507][VERB] RETURN: {"result":"$894"}
[0m[2026-09-16 12:55:36.513][DEBUG] Build graphic in: 0ms
[0;32m[2026-09-16 12:55:36.515][VERB] COMMANDCALL: _C.SafeAPI.Execute(["v1.sketch.dimension",[{"type":"HORIZONTAL_DISTANCE","value":"@expr.d75_position_x","name":"position_x","id":883,"geomIds":[892,890]}]])
[0m[0;32m[2026-09-16 12:55:36.519][VERB] RETURN: {"result":"$898"}
[0m[2026-09-16 12:55:36.525][DEBUG] Build graphic in: 0ms
[0;32m[2026-09-16 12:55:36.527][VERB] COMMANDCALL: _C.SafeAPI.Execute(["v1.sketch.dimension",[{"type":"VERTICAL_DISTANCE","value":"@expr.d76_position_y","name":"position_y","id":883,"geomIds":[892,890]}]])
[0m[0;32m[2026-09-16 12:55:36.532][VERB] RETURN: {"result":"$902"}
[0m[2026-09-16 12:55:36.537][DEBUG] Build graphic in: 0ms
[0;32m[2026-09-16 12:55:36.539][VERB] COMMANDCALL: _C.SafeAPI.Execute(["v1.sketch.dimension",[{"type":"RADIUS","value":"@expr.d77_radius","name":"radius","id":883,"geomIds":[889]}]])
[0m[0;32m[2026-09-16 12:55:36.544][VERB] RETURN: {"result":"$906"}
[0m[2026-09-16 12:55:36.549][DEBUG] Build graphic in: 0ms
[0;32m[2026-09-16 12:55:36.551][VERB] COMMANDCALL: _C.SafeAPI.Execute(["v1.part.extrusion",[{"references":[889],"name":"F73_makeCylinder_cad_primitives_py_12","taperAngle":0,"limit2":"@expr.d78_height","id":4}]])
[0m[0;32m[2026-09-16 12:55:36.556][VERB] RETURN: {"result":"$910"}
[0m[2026-09-16 12:55:36.563][DEBUG] Build graphic in: 1ms
[0;32m[2026-09-16 12:55:36.565][VERB] COMMANDCALL: _C.SafeAPI.Execute(["v1.part.workPlane",[{"type":"PLANE","references":[38],"name":"F79_makeBox_cad_primitives_py_8_plane","offset":"@expr.d80_plane_offset","id":4}]])
[0m[0;32m[2026-09-16 12:55:36.568][VERB] RETURN: {"result":"$932"}
[0m[2026-09-16 12:55:36.574][DEBUG] Build graphic in: 0ms
[0;32m[2026-09-16 12:55:36.576][VERB] COMMANDCALL: _C.SafeAPI.Execute(["v1.sketch.create",[{"planeId":932,"name":"F79_makeBox_cad_primitives_py_8_profile","id":4}]])
[0m[0;32m[2026-09-16 12:55:36.578][VERB] RETURN: {"result":"$938"}
[0m[2026-09-16 12:55:36.583][DEBUG] Build graphic in: 0ms
[0;32m[2026-09-16 12:55:36.585][VERB] COMMANDCALL: _C.SafeAPI.Execute(["v1.sketch.rectangle",[{"startPos":[48.8,-1.3,0],"id":938,"genFixation":0,"endPos":[89.8,40.8,0]}]])
[0m[0;32m[2026-09-16 12:55:36.592][VERB] RETURN: {"result":["$944","$948","$954","$960"]}
[0m[2026-09-16 12:55:36.598][DEBUG] Build graphic in: 0ms
[0;32m[2026-09-16 12:55:36.599][VERB] COMMANDCALL: _C.SafeAPI.Execute(["v1.sketch.getPoints",[{"id":944}]])
[0m[0;32m[2026-09-16 12:55:36.600][VERB] RETURN: {"result":{"endId":"$946","startId":"$945"}}
[0m[0;32m[2026-09-16 12:55:36.607][VERB] COMMANDCALL: _C.SafeAPI.Execute(["v1.sketch.point",[{"pos":[-1000,-1000,0],"id":938}]])
[0m[0;32m[2026-09-16 12:55:36.609][VERB] RETURN: {"result":"$976"}
[0m[2026-09-16 12:55:36.614][DEBUG] Build graphic in: 0ms
[0;32m[2026-09-16 12:55:36.616][VERB] COMMANDCALL: _C.SafeAPI.Execute(["v1.sketch.constraint",[{"type":"FIXATION","id":938,"geomIds":[976]}]])
[0m[0;32m[2026-09-16 12:55:36.617][VERB] RETURN: {"result":"$978"}
[0m[2026-09-16 12:55:36.623][DEBUG] Build graphic in: 0ms
[0;32m[2026-09-16 12:55:36.625][VERB] COMMANDCALL: _C.SafeAPI.Execute(["v1.sketch.dimension",[{"type":"HORIZONTAL_DISTANCE","value":"@expr.d81_position_x","name":"position_x","id":938,"geomIds":[976,945]}]])
[0m[0;32m[2026-09-16 12:55:36.630][VERB] RETURN: {"result":"$982"}
[0m[2026-09-16 12:55:36.636][DEBUG] Build graphic in: 0ms
[0;32m[2026-09-16 12:55:36.638][VERB] COMMANDCALL: _C.SafeAPI.Execute(["v1.sketch.dimension",[{"type":"VERTICAL_DISTANCE","value":"@expr.d82_position_y","name":"position_y","id":938,"geomIds":[976,945]}]])
[0m[0;32m[2026-09-16 12:55:36.644][VERB] RETURN: {"result":"$986"}
[0m[2026-09-16 12:55:36.650][DEBUG] Build graphic in: 0ms
[0;32m[2026-09-16 12:55:36.652][VERB] COMMANDCALL: _C.SafeAPI.Execute(["v1.sketch.dimension",[{"type":"OFFSET","value":"@expr.d83_width","name":"width","id":938,"geomIds":[944]}]])
[0m[0;32m[2026-09-16 12:55:36.659][VERB] RETURN: {"result":"$990"}
[0m[2026-09-16 12:55:36.665][DEBUG] Build graphic in: 0ms
[0;32m[2026-09-16 12:55:36.667][VERB] COMMANDCALL: _C.SafeAPI.Execute(["v1.sketch.dimension",[{"type":"OFFSET","value":"@expr.d84_depth","name":"depth","id":938,"geomIds":[948]}]])
[0m[0;32m[2026-09-16 12:55:36.675][VERB] RETURN: {"result":"$994"}
[0m[2026-09-16 12:55:36.681][DEBUG] Build graphic in: 0ms
[0;32m[2026-09-16 12:55:36.683][VERB] COMMANDCALL: _C.SafeAPI.Execute(["v1.part.extrusion",[{"references":[944,948,954,960],"name":"F79_makeBox_cad_primitives_py_8","taperAngle":0,"limit2":"@expr.d85_height","id":4}]])
[0m[0;32m[2026-09-16 12:55:36.688][VERB] RETURN: {"result":"$998"}
[0m[2026-09-16 12:55:36.694][DEBUG] Build graphic in: 1ms
[0;32m[2026-09-16 12:55:36.696][VERB] COMMANDCALL: _C.SafeAPI.Execute(["v1.part.workPlane",[{"type":"PLANE","references":[38],"name":"F86_makeBox_cad_primitives_py_8_plane","offset":"@expr.d87_plane_offset","id":4}]])
[0m[0;32m[2026-09-16 12:55:36.699][VERB] RETURN: {"result":"$1041"}
[0m[2026-09-16 12:55:36.705][DEBUG] Build graphic in: 0ms
[0;32m[2026-09-16 12:55:36.707][VERB] COMMANDCALL: _C.SafeAPI.Execute(["v1.sketch.create",[{"planeId":1041,"name":"F86_makeBox_cad_primitives_py_8_profile","id":4}]])
[0m[0;32m[2026-09-16 12:55:36.709][VERB] RETURN: {"result":"$1047"}
[0m[2026-09-16 12:55:36.715][DEBUG] Build graphic in: 0ms
[0;32m[2026-09-16 12:55:36.717][VERB] COMMANDCALL: _C.SafeAPI.Execute(["v1.sketch.rectangle",[{"startPos":[46.1,1.4,0],"id":1047,"genFixation":0,"endPos":[92.5,38.1,0]}]])
[0m[0;32m[2026-09-16 12:55:36.723][VERB] RETURN: {"result":["$1053","$1057","$1063","$1069"]}
[0m[2026-09-16 12:55:36.730][DEBUG] Build graphic in: 0ms
[0;32m[2026-09-16 12:55:36.732][VERB] COMMANDCALL: _C.SafeAPI.Execute(["v1.sketch.getPoints",[{"id":1053}]])
[0m[0;32m[2026-09-16 12:55:36.732][VERB] RETURN: {"result":{"endId":"$1055","startId":"$1054"}}
[0m[0;32m[2026-09-16 12:55:36.740][VERB] COMMANDCALL: _C.SafeAPI.Execute(["v1.sketch.point",[{"pos":[-1000,-1000,0],"id":1047}]])
[0m[0;32m[2026-09-16 12:55:36.742][VERB] RETURN: {"result":"$1085"}
[0m[2026-09-16 12:55:36.748][DEBUG] Build graphic in: 0ms
[0;32m[2026-09-16 12:55:36.749][VERB] COMMANDCALL: _C.SafeAPI.Execute(["v1.sketch.constraint",[{"type":"FIXATION","id":1047,"geomIds":[1085]}]])
[0m[0;32m[2026-09-16 12:55:36.751][VERB] RETURN: {"result":"$1087"}
[0m[2026-09-16 12:55:36.757][DEBUG] Build graphic in: 0ms
[0;32m[2026-09-16 12:55:36.759][VERB] COMMANDCALL: _C.SafeAPI.Execute(["v1.sketch.dimension",[{"type":"HORIZONTAL_DISTANCE","value":"@expr.d88_position_x","name":"position_x","id":1047,"geomIds":[1085,1054]}]])
[0m[0;32m[2026-09-16 12:55:36.764][VERB] RETURN: {"result":"$1091"}
[0m[2026-09-16 12:55:36.771][DEBUG] Build graphic in: 0ms
[0;32m[2026-09-16 12:55:36.773][VERB] COMMANDCALL: _C.SafeAPI.Execute(["v1.sketch.dimension",[{"type":"VERTICAL_DISTANCE","value":"@expr.d89_position_y","name":"position_y","id":1047,"geomIds":[1085,1054]}]])
[0m[0;32m[2026-09-16 12:55:36.779][VERB] RETURN: {"result":"$1095"}
[0m[2026-09-16 12:55:36.786][DEBUG] Build graphic in: 0ms
[0;32m[2026-09-16 12:55:36.788][VERB] COMMANDCALL: _C.SafeAPI.Execute(["v1.sketch.dimension",[{"type":"OFFSET","value":"@expr.d90_width","name":"width","id":1047,"geomIds":[1053]}]])
[0m[0;32m[2026-09-16 12:55:36.795][VERB] RETURN: {"result":"$1099"}
[0m[2026-09-16 12:55:36.802][DEBUG] Build graphic in: 0ms
[0;32m[2026-09-16 12:55:36.804][VERB] COMMANDCALL: _C.SafeAPI.Execute(["v1.sketch.dimension",[{"type":"OFFSET","value":"@expr.d91_depth","name":"depth","id":1047,"geomIds":[1057]}]])
[0m[0;32m[2026-09-16 12:55:36.812][VERB] RETURN: {"result":"$1103"}
[0m[2026-09-16 12:55:36.819][DEBUG] Build graphic in: 0ms
[0;32m[2026-09-16 12:55:36.821][VERB] COMMANDCALL: _C.SafeAPI.Execute(["v1.part.extrusion",[{"references":[1053,1057,1063,1069],"name":"F86_makeBox_cad_primitives_py_8","taperAngle":0,"limit2":"@expr.d92_height","id":4}]])
[0m[0;32m[2026-09-16 12:55:36.825][VERB] RETURN: {"result":"$1107"}
[0m[2026-09-16 12:55:36.832][DEBUG] Build graphic in: 0ms
[0;32m[2026-09-16 12:55:36.834][VERB] COMMANDCALL: _C.SafeAPI.Execute(["v1.part.workPlane",[{"type":"PLANE","references":[38],"name":"F93_makeCylinder_cad_primitives_py_12_plane","offset":"@expr.d94_plane_offset","id":4}]])
[0m[0;32m[2026-09-16 12:55:36.838][VERB] RETURN: {"result":"$1150"}
[0m[2026-09-16 12:55:36.844][DEBUG] Build graphic in: 0ms
[0;32m[2026-09-16 12:55:36.847][VERB] COMMANDCALL: _C.SafeAPI.Execute(["v1.sketch.create",[{"planeId":1150,"name":"F93_makeCylinder_cad_primitives_py_12_profile","id":4}]])
[0m[0;32m[2026-09-16 12:55:36.849][VERB] RETURN: {"result":"$1156"}
[0m[2026-09-16 12:55:36.855][DEBUG] Build graphic in: 0ms
[0;32m[2026-09-16 12:55:36.857][VERB] COMMANDCALL: _C.SafeAPI.Execute(["v1.sketch.circle",[{"radius":2.7,"id":1156,"genFixation":0,"centerPos":[48.8,1.4,0]}]])
[0m[0;32m[2026-09-16 12:55:36.858][VERB] RETURN: {"result":"$1162"}
[0m[2026-09-16 12:55:36.865][DEBUG] Build graphic in: 0ms
[0;32m[2026-09-16 12:55:36.867][VERB] COMMANDCALL: _C.SafeAPI.Execute(["v1.sketch.getPoints",[{"id":1162}]])
[0m[0;32m[2026-09-16 12:55:36.867][VERB] RETURN: {"result":{"centerId":"$1163"}}
[0m[0;32m[2026-09-16 12:55:36.876][VERB] COMMANDCALL: _C.SafeAPI.Execute(["v1.sketch.point",[{"pos":[-1000,-1000,0],"id":1156}]])
[0m[0;32m[2026-09-16 12:55:36.877][VERB] RETURN: {"result":"$1165"}
[0m[2026-09-16 12:55:36.883][DEBUG] Build graphic in: 0ms
[0;32m[2026-09-16 12:55:36.885][VERB] COMMANDCALL: _C.SafeAPI.Execute(["v1.sketch.constraint",[{"type":"FIXATION","id":1156,"geomIds":[1165]}]])
[0m[0;32m[2026-09-16 12:55:36.886][VERB] RETURN: {"result":"$1167"}
[0m[2026-09-16 12:55:36.893][DEBUG] Build graphic in: 0ms
[0;32m[2026-09-16 12:55:36.895][VERB] COMMANDCALL: _C.SafeAPI.Execute(["v1.sketch.dimension",[{"type":"HORIZONTAL_DISTANCE","value":"@expr.d95_position_x","name":"position_x","id":1156,"geomIds":[1165,1163]}]])
[0m[0;32m[2026-09-16 12:55:36.900][VERB] RETURN: {"result":"$1171"}
[0m[2026-09-16 12:55:36.906][DEBUG] Build graphic in: 0ms
[0;32m[2026-09-16 12:55:36.908][VERB] COMMANDCALL: _C.SafeAPI.Execute(["v1.sketch.dimension",[{"type":"VERTICAL_DISTANCE","value":"@expr.d96_position_y","name":"position_y","id":1156,"geomIds":[1165,1163]}]])
[0m[0;32m[2026-09-16 12:55:36.913][VERB] RETURN: {"result":"$1175"}
[0m[2026-09-16 12:55:36.920][DEBUG] Build graphic in: 0ms
[0;32m[2026-09-16 12:55:36.922][VERB] COMMANDCALL: _C.SafeAPI.Execute(["v1.sketch.dimension",[{"type":"RADIUS","value":"@expr.d97_radius","name":"radius","id":1156,"geomIds":[1162]}]])
[0m[0;32m[2026-09-16 12:55:36.928][VERB] RETURN: {"result":"$1179"}
[0m[2026-09-16 12:55:36.935][DEBUG] Build graphic in: 1ms
[0;32m[2026-09-16 12:55:36.937][VERB] COMMANDCALL: _C.SafeAPI.Execute(["v1.part.extrusion",[{"references":[1162],"name":"F93_makeCylinder_cad_primitives_py_12","taperAngle":0,"limit2":"@expr.d98_height","id":4}]])
[0m[0;32m[2026-09-16 12:55:36.942][VERB] RETURN: {"result":"$1183"}
[0m[2026-09-16 12:55:36.950][DEBUG] Build graphic in: 1ms
[0;32m[2026-09-16 12:55:36.953][VERB] COMMANDCALL: _C.SafeAPI.Execute(["v1.part.workPlane",[{"type":"PLANE","references":[38],"name":"F99_makeCylinder_cad_primitives_py_12_plane","offset":"@expr.d100_plane_offset","id":4}]])
[0m[0;32m[2026-09-16 12:55:36.956][VERB] RETURN: {"result":"$1205"}
[0m[2026-09-16 12:55:36.963][DEBUG] Build graphic in: 0ms
[0;32m[2026-09-16 12:55:36.965][VERB] COMMANDCALL: _C.SafeAPI.Execute(["v1.sketch.create",[{"planeId":1205,"name":"F99_makeCylinder_cad_primitives_py_12_profile","id":4}]])
[0m[0;32m[2026-09-16 12:55:36.967][VERB] RETURN: {"result":"$1211"}
[0m[2026-09-16 12:55:36.974][DEBUG] Build graphic in: 0ms
[0;32m[2026-09-16 12:55:36.976][VERB] COMMANDCALL: _C.SafeAPI.Execute(["v1.sketch.circle",[{"radius":2.7,"id":1211,"genFixation":0,"centerPos":[48.8,38.1,0]}]])
[0m[0;32m[2026-09-16 12:55:36.978][VERB] RETURN: {"result":"$1217"}
[0m[2026-09-16 12:55:36.985][DEBUG] Build graphic in: 1ms
[0;32m[2026-09-16 12:55:36.987][VERB] COMMANDCALL: _C.SafeAPI.Execute(["v1.sketch.getPoints",[{"id":1217}]])
[0m[0;32m[2026-09-16 12:55:36.987][VERB] RETURN: {"result":{"centerId":"$1218"}}
[0m[0;32m[2026-09-16 12:55:36.997][VERB] COMMANDCALL: _C.SafeAPI.Execute(["v1.sketch.point",[{"pos":[-1000,-1000,0],"id":1211}]])
[0m[0;32m[2026-09-16 12:55:36.998][VERB] RETURN: {"result":"$1220"}
[0m[2026-09-16 12:55:37.005][DEBUG] Build graphic in: 0ms
[0;32m[2026-09-16 12:55:37.007][VERB] COMMANDCALL: _C.SafeAPI.Execute(["v1.sketch.constraint",[{"type":"FIXATION","id":1211,"geomIds":[1220]}]])
[0m[0;32m[2026-09-16 12:55:37.008][VERB] RETURN: {"result":"$1222"}
[0m[2026-09-16 12:55:37.014][DEBUG] Build graphic in: 0ms
[0;32m[2026-09-16 12:55:37.016][VERB] COMMANDCALL: _C.SafeAPI.Execute(["v1.sketch.dimension",[{"type":"HORIZONTAL_DISTANCE","value":"@expr.d101_position_x","name":"position_x","id":1211,"geomIds":[1220,1218]}]])
[0m[0;32m[2026-09-16 12:55:37.021][VERB] RETURN: {"result":"$1226"}
[0m[2026-09-16 12:55:37.028][DEBUG] Build graphic in: 0ms
[0;32m[2026-09-16 12:55:37.030][VERB] COMMANDCALL: _C.SafeAPI.Execute(["v1.sketch.dimension",[{"type":"VERTICAL_DISTANCE","value":"@expr.d102_position_y","name":"position_y","id":1211,"geomIds":[1220,1218]}]])
[0m[0;32m[2026-09-16 12:55:37.035][VERB] RETURN: {"result":"$1230"}
[0m[2026-09-16 12:55:37.042][DEBUG] Build graphic in: 0ms
[0;32m[2026-09-16 12:55:37.044][VERB] COMMANDCALL: _C.SafeAPI.Execute(["v1.sketch.dimension",[{"type":"RADIUS","value":"@expr.d103_radius","name":"radius","id":1211,"geomIds":[1217]}]])
[0m[0;32m[2026-09-16 12:55:37.049][VERB] RETURN: {"result":"$1234"}
[0m[2026-09-16 12:55:37.056][DEBUG] Build graphic in: 0ms
[0;32m[2026-09-16 12:55:37.059][VERB] COMMANDCALL: _C.SafeAPI.Execute(["v1.part.extrusion",[{"references":[1217],"name":"F99_makeCylinder_cad_primitives_py_12","taperAngle":0,"limit2":"@expr.d104_height","id":4}]])
[0m[0;32m[2026-09-16 12:55:37.064][VERB] RETURN: {"result":"$1238"}
[0m[2026-09-16 12:55:37.072][DEBUG] Build graphic in: 1ms
[0;32m[2026-09-16 12:55:37.075][VERB] COMMANDCALL: _C.SafeAPI.Execute(["v1.part.workPlane",[{"type":"PLANE","references":[38],"name":"F105_makeCylinder_cad_primitives_py_12_plane","offset":"@expr.d106_plane_offset","id":4}]])
[0m[0;32m[2026-09-16 12:55:37.078][VERB] RETURN: {"result":"$1260"}
[0m[2026-09-16 12:55:37.085][DEBUG] Build graphic in: 0ms
[0;32m[2026-09-16 12:55:37.088][VERB] COMMANDCALL: _C.SafeAPI.Execute(["v1.sketch.create",[{"planeId":1260,"name":"F105_makeCylinder_cad_primitives_py_12_profile","id":4}]])
[0m[0;32m[2026-09-16 12:55:37.089][VERB] RETURN: {"result":"$1266"}
[0m[2026-09-16 12:55:37.096][DEBUG] Build graphic in: 0ms
[0;32m[2026-09-16 12:55:37.099][VERB] COMMANDCALL: _C.SafeAPI.Execute(["v1.sketch.circle",[{"radius":2.7,"id":1266,"genFixation":0,"centerPos":[89.8,1.4,0]}]])
[0m[0;32m[2026-09-16 12:55:37.100][VERB] RETURN: {"result":"$1272"}
[0m[2026-09-16 12:55:37.107][DEBUG] Build graphic in: 0ms
[0;32m[2026-09-16 12:55:37.109][VERB] COMMANDCALL: _C.SafeAPI.Execute(["v1.sketch.getPoints",[{"id":1272}]])
[0m[0;32m[2026-09-16 12:55:37.109][VERB] RETURN: {"result":{"centerId":"$1273"}}
[0m[0;32m[2026-09-16 12:55:37.118][VERB] COMMANDCALL: _C.SafeAPI.Execute(["v1.sketch.point",[{"pos":[-1000,-1000,0],"id":1266}]])
[0m[0;32m[2026-09-16 12:55:37.119][VERB] RETURN: {"result":"$1275"}
[0m[2026-09-16 12:55:37.126][DEBUG] Build graphic in: 0ms
[0;32m[2026-09-16 12:55:37.128][VERB] COMMANDCALL: _C.SafeAPI.Execute(["v1.sketch.constraint",[{"type":"FIXATION","id":1266,"geomIds":[1275]}]])
[0m[0;32m[2026-09-16 12:55:37.129][VERB] RETURN: {"result":"$1277"}
[0m[2026-09-16 12:55:37.136][DEBUG] Build graphic in: 0ms
[0;32m[2026-09-16 12:55:37.139][VERB] COMMANDCALL: _C.SafeAPI.Execute(["v1.sketch.dimension",[{"type":"HORIZONTAL_DISTANCE","value":"@expr.d107_position_x","name":"position_x","id":1266,"geomIds":[1275,1273]}]])
[0m[0;32m[2026-09-16 12:55:37.143][VERB] RETURN: {"result":"$1281"}
[0m[2026-09-16 12:55:37.150][DEBUG] Build graphic in: 0ms
[0;32m[2026-09-16 12:55:37.152][VERB] COMMANDCALL: _C.SafeAPI.Execute(["v1.sketch.dimension",[{"type":"VERTICAL_DISTANCE","value":"@expr.d108_position_y","name":"position_y","id":1266,"geomIds":[1275,1273]}]])
[0m[0;32m[2026-09-16 12:55:37.157][VERB] RETURN: {"result":"$1285"}
[0m[2026-09-16 12:55:37.165][DEBUG] Build graphic in: 0ms
[0;32m[2026-09-16 12:55:37.167][VERB] COMMANDCALL: _C.SafeAPI.Execute(["v1.sketch.dimension",[{"type":"RADIUS","value":"@expr.d109_radius","name":"radius","id":1266,"geomIds":[1272]}]])
[0m[0;32m[2026-09-16 12:55:37.172][VERB] RETURN: {"result":"$1289"}
[0m[2026-09-16 12:55:37.180][DEBUG] Build graphic in: 1ms
[0;32m[2026-09-16 12:55:37.182][VERB] COMMANDCALL: _C.SafeAPI.Execute(["v1.part.extrusion",[{"references":[1272],"name":"F105_makeCylinder_cad_primitives_py_12","taperAngle":0,"limit2":"@expr.d110_height","id":4}]])
[0m[0;32m[2026-09-16 12:55:37.187][VERB] RETURN: {"result":"$1293"}
[0m[2026-09-16 12:55:37.196][DEBUG] Build graphic in: 2ms
[0;32m[2026-09-16 12:55:37.198][VERB] COMMANDCALL: _C.SafeAPI.Execute(["v1.part.workPlane",[{"type":"PLANE","references":[38],"name":"F111_makeCylinder_cad_primitives_py_12_plane","offset":"@expr.d112_plane_offset","id":4}]])
[0m[0;32m[2026-09-16 12:55:37.201][VERB] RETURN: {"result":"$1315"}
[0m[2026-09-16 12:55:37.209][DEBUG] Build graphic in: 0ms
[0;32m[2026-09-16 12:55:37.211][VERB] COMMANDCALL: _C.SafeAPI.Execute(["v1.sketch.create",[{"planeId":1315,"name":"F111_makeCylinder_cad_primitives_py_12_profile","id":4}]])
[0m[0;32m[2026-09-16 12:55:37.213][VERB] RETURN: {"result":"$1321"}
[0m[2026-09-16 12:55:37.220][DEBUG] Build graphic in: 0ms
[0;32m[2026-09-16 12:55:37.223][VERB] COMMANDCALL: _C.SafeAPI.Execute(["v1.sketch.circle",[{"radius":2.7,"id":1321,"genFixation":0,"centerPos":[89.8,38.1,0]}]])
[0m[0;32m[2026-09-16 12:55:37.224][VERB] RETURN: {"result":"$1327"}
[0m[2026-09-16 12:55:37.231][DEBUG] Build graphic in: 0ms
[0;32m[2026-09-16 12:55:37.233][VERB] COMMANDCALL: _C.SafeAPI.Execute(["v1.sketch.getPoints",[{"id":1327}]])
[0m[0;32m[2026-09-16 12:55:37.233][VERB] RETURN: {"result":{"centerId":"$1328"}}
[0m[0;32m[2026-09-16 12:55:37.243][VERB] COMMANDCALL: _C.SafeAPI.Execute(["v1.sketch.point",[{"pos":[-1000,-1000,0],"id":1321}]])
[0m[0;32m[2026-09-16 12:55:37.244][VERB] RETURN: {"result":"$1330"}
[0m[2026-09-16 12:55:37.251][DEBUG] Build graphic in: 0ms
[0;32m[2026-09-16 12:55:37.253][VERB] COMMANDCALL: _C.SafeAPI.Execute(["v1.sketch.constraint",[{"type":"FIXATION","id":1321,"geomIds":[1330]}]])
[0m[0;32m[2026-09-16 12:55:37.254][VERB] RETURN: {"result":"$1332"}
[0m[2026-09-16 12:55:37.261][DEBUG] Build graphic in: 0ms
[0;32m[2026-09-16 12:55:37.264][VERB] COMMANDCALL: _C.SafeAPI.Execute(["v1.sketch.dimension",[{"type":"HORIZONTAL_DISTANCE","value":"@expr.d113_position_x","name":"position_x","id":1321,"geomIds":[1330,1328]}]])
[0m[0;32m[2026-09-16 12:55:37.268][VERB] RETURN: {"result":"$1336"}
[0m[2026-09-16 12:55:37.276][DEBUG] Build graphic in: 0ms
[0;32m[2026-09-16 12:55:37.278][VERB] COMMANDCALL: _C.SafeAPI.Execute(["v1.sketch.dimension",[{"type":"VERTICAL_DISTANCE","value":"@expr.d114_position_y","name":"position_y","id":1321,"geomIds":[1330,1328]}]])
[0m[0;32m[2026-09-16 12:55:37.283][VERB] RETURN: {"result":"$1340"}
[0m[2026-09-16 12:55:37.290][DEBUG] Build graphic in: 0ms
[0;32m[2026-09-16 12:55:37.292][VERB] COMMANDCALL: _C.SafeAPI.Execute(["v1.sketch.dimension",[{"type":"RADIUS","value":"@expr.d115_radius","name":"radius","id":1321,"geomIds":[1327]}]])
[0m[0;32m[2026-09-16 12:55:37.297][VERB] RETURN: {"result":"$1344"}
[0m[2026-09-16 12:55:37.305][DEBUG] Build graphic in: 0ms
[0;32m[2026-09-16 12:55:37.308][VERB] COMMANDCALL: _C.SafeAPI.Execute(["v1.part.extrusion",[{"references":[1327],"name":"F111_makeCylinder_cad_primitives_py_12","taperAngle":0,"limit2":"@expr.d116_height","id":4}]])
[0m[0;32m[2026-09-16 12:55:37.313][VERB] RETURN: {"result":"$1348"}
[0m[2026-09-16 12:55:37.321][DEBUG] Build graphic in: 1ms
[0;32m[2026-09-16 12:55:37.324][VERB] COMMANDCALL: _C.SafeAPI.Execute(["v1.part.workPlane",[{"type":"PLANE","references":[38],"name":"F117_makeBox_shell_skin_py_38_plane","offset":"@expr.d118_plane_offset","id":4}]])
[0m[0;32m[2026-09-16 12:55:37.327][VERB] RETURN: {"result":"$1370"}
[0m[2026-09-16 12:55:37.335][DEBUG] Build graphic in: 0ms
[0;32m[2026-09-16 12:55:37.337][VERB] COMMANDCALL: _C.SafeAPI.Execute(["v1.sketch.create",[{"planeId":1370,"name":"F117_makeBox_shell_skin_py_38_profile","id":4}]])
[0m[0;32m[2026-09-16 12:55:37.339][VERB] RETURN: {"result":"$1376"}
[0m[2026-09-16 12:55:37.347][DEBUG] Build graphic in: 0ms
[0;32m[2026-09-16 12:55:37.349][VERB] COMMANDCALL: _C.SafeAPI.Execute(["v1.sketch.rectangle",[{"startPos":[89.8,-1.3,0],"id":1376,"genFixation":0,"endPos":[92.5,40.8,0]}]])
[0m[0;32m[2026-09-16 12:55:37.356][VERB] RETURN: {"result":["$1382","$1386","$1392","$1398"]}
[0m[2026-09-16 12:55:37.363][DEBUG] Build graphic in: 0ms
[0;32m[2026-09-16 12:55:37.366][VERB] COMMANDCALL: _C.SafeAPI.Execute(["v1.sketch.getPoints",[{"id":1382}]])
[0m[0;32m[2026-09-16 12:55:37.366][VERB] RETURN: {"result":{"endId":"$1384","startId":"$1383"}}
[0m[0;32m[2026-09-16 12:55:37.376][VERB] COMMANDCALL: _C.SafeAPI.Execute(["v1.sketch.point",[{"pos":[-1000,-1000,0],"id":1376}]])
[0m[0;32m[2026-09-16 12:55:37.378][VERB] RETURN: {"result":"$1414"}
[0m[2026-09-16 12:55:37.387][DEBUG] Build graphic in: 0ms
[0;32m[2026-09-16 12:55:37.389][VERB] COMMANDCALL: _C.SafeAPI.Execute(["v1.sketch.constraint",[{"type":"FIXATION","id":1376,"geomIds":[1414]}]])
[0m[0;32m[2026-09-16 12:55:37.391][VERB] RETURN: {"result":"$1416"}
[0m[2026-09-16 12:55:37.399][DEBUG] Build graphic in: 0ms
[0;32m[2026-09-16 12:55:37.402][VERB] COMMANDCALL: _C.SafeAPI.Execute(["v1.sketch.dimension",[{"type":"HORIZONTAL_DISTANCE","value":"@expr.d119_position_x","name":"position_x","id":1376,"geomIds":[1414,1383]}]])
[0m[0;32m[2026-09-16 12:55:37.407][VERB] RETURN: {"result":"$1420"}
[0m[2026-09-16 12:55:37.416][DEBUG] Build graphic in: 0ms
[0;32m[2026-09-16 12:55:37.418][VERB] COMMANDCALL: _C.SafeAPI.Execute(["v1.sketch.dimension",[{"type":"VERTICAL_DISTANCE","value":"@expr.d120_position_y","name":"position_y","id":1376,"geomIds":[1414,1383]}]])
[0m[0;32m[2026-09-16 12:55:37.424][VERB] RETURN: {"result":"$1424"}
[0m[2026-09-16 12:55:37.433][DEBUG] Build graphic in: 0ms
[0;32m[2026-09-16 12:55:37.436][VERB] COMMANDCALL: _C.SafeAPI.Execute(["v1.sketch.dimension",[{"type":"OFFSET","value":"@expr.d121_width","name":"width","id":1376,"geomIds":[1382]}]])
[0m[0;32m[2026-09-16 12:55:37.442][VERB] RETURN: {"result":"$1428"}
[0m[2026-09-16 12:55:37.451][DEBUG] Build graphic in: 0ms
[0;32m[2026-09-16 12:55:37.454][VERB] COMMANDCALL: _C.SafeAPI.Execute(["v1.sketch.dimension",[{"type":"OFFSET","value":"@expr.d122_depth","name":"depth","id":1376,"geomIds":[1386]}]])
[0m[0;32m[2026-09-16 12:55:37.462][VERB] RETURN: {"result":"$1432"}
[0m[2026-09-16 12:55:37.470][DEBUG] Build graphic in: 0ms
[0;32m[2026-09-16 12:55:37.473][VERB] COMMANDCALL: _C.SafeAPI.Execute(["v1.part.extrusion",[{"references":[1382,1386,1392,1398],"name":"F117_makeBox_shell_skin_py_38","taperAngle":0,"limit2":"@expr.d123_height","id":4}]])
[0m[0;32m[2026-09-16 12:55:37.478][VERB] RETURN: {"result":"$1436"}
[0m[2026-09-16 12:55:37.487][DEBUG] Build graphic in: 0ms
[0;32m[2026-09-16 12:55:37.490][VERB] COMMANDCALL: _C.SafeAPI.Execute(["v1.part.workPlane",[{"type":"PLANE","references":[38],"name":"F124_makeBox_cad_primitives_py_8_plane","offset":"@expr.d125_plane_offset","id":4}]])
[0m[0;32m[2026-09-16 12:55:37.494][VERB] RETURN: {"result":"$1479"}
[0m[2026-09-16 12:55:37.503][DEBUG] Build graphic in: 0ms
[0;32m[2026-09-16 12:55:37.505][VERB] COMMANDCALL: _C.SafeAPI.Execute(["v1.sketch.create",[{"planeId":1479,"name":"F124_makeBox_cad_primitives_py_8_profile","id":4}]])
[0m[0;32m[2026-09-16 12:55:37.507][VERB] RETURN: {"result":"$1485"}
[0m[2026-09-16 12:55:37.516][DEBUG] Build graphic in: 0ms
[0;32m[2026-09-16 12:55:37.519][VERB] COMMANDCALL: _C.SafeAPI.Execute(["v1.sketch.rectangle",[{"startPos":[88.05,-7,0],"id":1485,"genFixation":0,"endPos":[92.5,5,0]}]])
[0m[0;32m[2026-09-16 12:55:37.525][VERB] RETURN: {"result":["$1491","$1495","$1501","$1507"]}
[0m[2026-09-16 12:55:37.534][DEBUG] Build graphic in: 0ms
[0;32m[2026-09-16 12:55:37.537][VERB] COMMANDCALL: _C.SafeAPI.Execute(["v1.sketch.getPoints",[{"id":1491}]])
[0m[0;32m[2026-09-16 12:55:37.537][VERB] RETURN: {"result":{"endId":"$1493","startId":"$1492"}}
[0m[0;32m[2026-09-16 12:55:37.548][VERB] COMMANDCALL: _C.SafeAPI.Execute(["v1.sketch.point",[{"pos":[-1000,-1000,0],"id":1485}]])
[0m[0;32m[2026-09-16 12:55:37.550][VERB] RETURN: {"result":"$1523"}
[0m[2026-09-16 12:55:37.559][DEBUG] Build graphic in: 0ms
[0;32m[2026-09-16 12:55:37.562][VERB] COMMANDCALL: _C.SafeAPI.Execute(["v1.sketch.constraint",[{"type":"FIXATION","id":1485,"geomIds":[1523]}]])
[0m[0;32m[2026-09-16 12:55:37.563][VERB] RETURN: {"result":"$1525"}
[0m[2026-09-16 12:55:37.572][DEBUG] Build graphic in: 0ms
[0;32m[2026-09-16 12:55:37.575][VERB] COMMANDCALL: _C.SafeAPI.Execute(["v1.sketch.dimension",[{"type":"HORIZONTAL_DISTANCE","value":"@expr.d126_position_x","name":"position_x","id":1485,"geomIds":[1523,1492]}]])
[0m[0;32m[2026-09-16 12:55:37.581][VERB] RETURN: {"result":"$1529"}
[0m[2026-09-16 12:55:37.591][DEBUG] Build graphic in: 0ms
[0;32m[2026-09-16 12:55:37.593][VERB] COMMANDCALL: _C.SafeAPI.Execute(["v1.sketch.dimension",[{"type":"VERTICAL_DISTANCE","value":"@expr.d127_position_y","name":"position_y","id":1485,"geomIds":[1523,1492]}]])
[0m[0;32m[2026-09-16 12:55:37.600][VERB] RETURN: {"result":"$1533"}
[0m[2026-09-16 12:55:37.609][DEBUG] Build graphic in: 0ms
[0;32m[2026-09-16 12:55:37.612][VERB] COMMANDCALL: _C.SafeAPI.Execute(["v1.sketch.dimension",[{"type":"OFFSET","value":"@expr.d128_width","name":"width","id":1485,"geomIds":[1491]}]])
[0m[0;32m[2026-09-16 12:55:37.619][VERB] RETURN: {"result":"$1537"}
[0m[2026-09-16 12:55:37.629][DEBUG] Build graphic in: 0ms
[0;32m[2026-09-16 12:55:37.631][VERB] COMMANDCALL: _C.SafeAPI.Execute(["v1.sketch.dimension",[{"type":"OFFSET","value":"@expr.d129_depth","name":"depth","id":1485,"geomIds":[1495]}]])
[0m[0;32m[2026-09-16 12:55:37.639][VERB] RETURN: {"result":"$1541"}
[0m[2026-09-16 12:55:37.648][DEBUG] Build graphic in: 0ms
[0;32m[2026-09-16 12:55:37.651][VERB] COMMANDCALL: _C.SafeAPI.Execute(["v1.part.extrusion",[{"references":[1491,1495,1501,1507],"name":"F124_makeBox_cad_primitives_py_8","taperAngle":0,"limit2":"@expr.d130_height","id":4}]])
[0m[0;32m[2026-09-16 12:55:37.656][VERB] RETURN: {"result":"$1545"}
[0m[2026-09-16 12:55:37.666][DEBUG] Build graphic in: 1ms
[0;32m[2026-09-16 12:55:37.669][VERB] COMMANDCALL: _C.SafeAPI.Execute(["v1.part.workPlane",[{"type":"PLANE","references":[38],"name":"F132_makeBox_cad_primitives_py_8_plane","offset":"@expr.d133_plane_offset","id":4}]])
[0m[0;32m[2026-09-16 12:55:37.672][VERB] RETURN: {"result":"$1588"}
[0m[2026-09-16 12:55:37.681][DEBUG] Build graphic in: 0ms
[0;32m[2026-09-16 12:55:37.684][VERB] COMMANDCALL: _C.SafeAPI.Execute(["v1.sketch.create",[{"planeId":1588,"name":"F132_makeBox_cad_primitives_py_8_profile","id":4}]])
[0m[0;32m[2026-09-16 12:55:37.686][VERB] RETURN: {"result":"$1594"}
[0m[2026-09-16 12:55:37.695][DEBUG] Build graphic in: 0ms
[0;32m[2026-09-16 12:55:37.698][VERB] COMMANDCALL: _C.SafeAPI.Execute(["v1.sketch.rectangle",[{"startPos":[85.35,-4,0],"id":1594,"genFixation":0,"endPos":[88.05,-1.3,0]}]])
[0m[0;32m[2026-09-16 12:55:37.704][VERB] RETURN: {"result":["$1600","$1604","$1610","$1616"]}
[0m[2026-09-16 12:55:37.714][DEBUG] Build graphic in: 0ms
[0;32m[2026-09-16 12:55:37.716][VERB] COMMANDCALL: _C.SafeAPI.Execute(["v1.sketch.getPoints",[{"id":1600}]])
[0m[0;32m[2026-09-16 12:55:37.717][VERB] RETURN: {"result":{"endId":"$1602","startId":"$1601"}}
[0m[0;32m[2026-09-16 12:55:37.729][VERB] COMMANDCALL: _C.SafeAPI.Execute(["v1.sketch.point",[{"pos":[-1000,-1000,0],"id":1594}]])
[0m[0;32m[2026-09-16 12:55:37.731][VERB] RETURN: {"result":"$1632"}
[0m[2026-09-16 12:55:37.740][DEBUG] Build graphic in: 0ms
[0;32m[2026-09-16 12:55:37.743][VERB] COMMANDCALL: _C.SafeAPI.Execute(["v1.sketch.constraint",[{"type":"FIXATION","id":1594,"geomIds":[1632]}]])
[0m[0;32m[2026-09-16 12:55:37.745][VERB] RETURN: {"result":"$1634"}
[0m[2026-09-16 12:55:37.754][DEBUG] Build graphic in: 0ms
[0;32m[2026-09-16 12:55:37.757][VERB] COMMANDCALL: _C.SafeAPI.Execute(["v1.sketch.dimension",[{"type":"HORIZONTAL_DISTANCE","value":"@expr.d134_position_x","name":"position_x","id":1594,"geomIds":[1632,1601]}]])
[0m[0;32m[2026-09-16 12:55:37.762][VERB] RETURN: {"result":"$1638"}
[0m[2026-09-16 12:55:37.772][DEBUG] Build graphic in: 0ms
[0;32m[2026-09-16 12:55:37.775][VERB] COMMANDCALL: _C.SafeAPI.Execute(["v1.sketch.dimension",[{"type":"VERTICAL_DISTANCE","value":"@expr.d135_position_y","name":"position_y","id":1594,"geomIds":[1632,1601]}]])
[0m[0;32m[2026-09-16 12:55:37.781][VERB] RETURN: {"result":"$1642"}
[0m[2026-09-16 12:55:37.791][DEBUG] Build graphic in: 1ms
[0;32m[2026-09-16 12:55:37.793][VERB] COMMANDCALL: _C.SafeAPI.Execute(["v1.sketch.dimension",[{"type":"OFFSET","value":"@expr.d136_width","name":"width","id":1594,"geomIds":[1600]}]])
[0m[0;32m[2026-09-16 12:55:37.801][VERB] RETURN: {"result":"$1646"}
[0m[2026-09-16 12:55:37.810][DEBUG] Build graphic in: 0ms
[0;32m[2026-09-16 12:55:37.813][VERB] COMMANDCALL: _C.SafeAPI.Execute(["v1.sketch.dimension",[{"type":"OFFSET","value":"@expr.d137_depth","name":"depth","id":1594,"geomIds":[1604]}]])
[0m[0;32m[2026-09-16 12:55:37.821][VERB] RETURN: {"result":"$1650"}
[0m[2026-09-16 12:55:37.831][DEBUG] Build graphic in: 0ms
[0;32m[2026-09-16 12:55:37.834][VERB] COMMANDCALL: _C.SafeAPI.Execute(["v1.part.extrusion",[{"references":[1600,1604,1610,1616],"name":"F132_makeBox_cad_primitives_py_8","taperAngle":0,"limit2":"@expr.d138_height","id":4}]])
[0m[0;32m[2026-09-16 12:55:37.839][VERB] RETURN: {"result":"$1654"}
[0m[2026-09-16 12:55:37.849][DEBUG] Build graphic in: 1ms
[0;32m[2026-09-16 12:55:37.852][VERB] COMMANDCALL: _C.SafeAPI.Execute(["v1.part.workPlane",[{"type":"PLANE","references":[38],"name":"F139_makeCylinder_cad_primitives_py_12_plane","offset":"@expr.d140_plane_offset","id":4}]])
[0m[0;32m[2026-09-16 12:55:37.855][VERB] RETURN: {"result":"$1697"}
[0m[2026-09-16 12:55:37.865][DEBUG] Build graphic in: 0ms
[0;32m[2026-09-16 12:55:37.868][VERB] COMMANDCALL: _C.SafeAPI.Execute(["v1.sketch.create",[{"planeId":1697,"name":"F139_makeCylinder_cad_primitives_py_12_profile","id":4}]])
[0m[0;32m[2026-09-16 12:55:37.870][VERB] RETURN: {"result":"$1703"}
[0m[2026-09-16 12:55:37.880][DEBUG] Build graphic in: 0ms
[0;32m[2026-09-16 12:55:37.883][VERB] COMMANDCALL: _C.SafeAPI.Execute(["v1.sketch.circle",[{"radius":2.7,"id":1703,"genFixation":0,"centerPos":[85.35,-4,0]}]])
[0m[0;32m[2026-09-16 12:55:37.884][VERB] RETURN: {"result":"$1709"}
[0m[2026-09-16 12:55:37.894][DEBUG] Build graphic in: 0ms
[0;32m[2026-09-16 12:55:37.897][VERB] COMMANDCALL: _C.SafeAPI.Execute(["v1.sketch.getPoints",[{"id":1709}]])
[0m[0;32m[2026-09-16 12:55:37.897][VERB] RETURN: {"result":{"centerId":"$1710"}}
[0m[0;32m[2026-09-16 12:55:37.909][VERB] COMMANDCALL: _C.SafeAPI.Execute(["v1.sketch.point",[{"pos":[-1000,-1000,0],"id":1703}]])
[0m[0;32m[2026-09-16 12:55:37.910][VERB] RETURN: {"result":"$1712"}
[0m[2026-09-16 12:55:37.921][DEBUG] Build graphic in: 0ms
[0;32m[2026-09-16 12:55:37.923][VERB] COMMANDCALL: _C.SafeAPI.Execute(["v1.sketch.constraint",[{"type":"FIXATION","id":1703,"geomIds":[1712]}]])
[0m[0;32m[2026-09-16 12:55:37.924][VERB] RETURN: {"result":"$1714"}
[0m[2026-09-16 12:55:37.934][DEBUG] Build graphic in: 0ms
[0;32m[2026-09-16 12:55:37.937][VERB] COMMANDCALL: _C.SafeAPI.Execute(["v1.sketch.dimension",[{"type":"HORIZONTAL_DISTANCE","value":"@expr.d141_position_x","name":"position_x","id":1703,"geomIds":[1712,1710]}]])
[0m[0;32m[2026-09-16 12:55:37.941][VERB] RETURN: {"result":"$1718"}
[0m[2026-09-16 12:55:37.951][DEBUG] Build graphic in: 0ms
[0;32m[2026-09-16 12:55:37.954][VERB] COMMANDCALL: _C.SafeAPI.Execute(["v1.sketch.dimension",[{"type":"VERTICAL_DISTANCE","value":"@expr.d142_position_y","name":"position_y","id":1703,"geomIds":[1712,1710]}]])
[0m[0;32m[2026-09-16 12:55:37.959][VERB] RETURN: {"result":"$1722"}
[0m[2026-09-16 12:55:37.969][DEBUG] Build graphic in: 0ms
[0;32m[2026-09-16 12:55:37.973][VERB] COMMANDCALL: _C.SafeAPI.Execute(["v1.sketch.dimension",[{"type":"RADIUS","value":"@expr.d143_radius","name":"radius","id":1703,"geomIds":[1709]}]])
[0m[0;32m[2026-09-16 12:55:37.978][VERB] RETURN: {"result":"$1726"}
[0m[2026-09-16 12:55:37.988][DEBUG] Build graphic in: 0ms
[0;32m[2026-09-16 12:55:37.991][VERB] COMMANDCALL: _C.SafeAPI.Execute(["v1.part.extrusion",[{"references":[1709],"name":"F139_makeCylinder_cad_primitives_py_12","taperAngle":0,"limit2":"@expr.d144_height","id":4}]])
[0m[0;32m[2026-09-16 12:55:37.997][VERB] RETURN: {"result":"$1730"}
[0m[2026-09-16 12:55:38.008][DEBUG] Build graphic in: 1ms
[0;32m[2026-09-16 12:55:38.011][VERB] COMMANDCALL: _C.SafeAPI.Execute(["v1.part.boolean",[{"type":"SUBTRACTION","tools":[1730],"target":1654,"name":"F131_cut_housing_shell_py_25","id":4}]])
[0m[0;32m[2026-09-16 12:55:38.017][VERB] RETURN: {"result":"$1752"}
[0m[2026-09-16 12:55:38.028][DEBUG] Build graphic in: 0ms
[0;32m[2026-09-16 12:55:38.031][VERB] COMMANDCALL: _C.SafeAPI.Execute(["v1.part.workPlane",[{"type":"PLANE","references":[38],"name":"F145_makeBox_cad_primitives_py_8_plane","offset":"@expr.d146_plane_offset","id":4}]])
[0m[0;32m[2026-09-16 12:55:38.035][VERB] RETURN: {"result":"$1770"}
[0m[2026-09-16 12:55:38.045][DEBUG] Build graphic in: 0ms
[0;32m[2026-09-16 12:55:38.048][VERB] COMMANDCALL: _C.SafeAPI.Execute(["v1.sketch.create",[{"planeId":1770,"name":"F145_makeBox_cad_primitives_py_8_profile","id":4}]])
[0m[0;32m[2026-09-16 12:55:38.050][VERB] RETURN: {"result":"$1776"}
[0m[2026-09-16 12:55:38.061][DEBUG] Build graphic in: 0ms
[0;32m[2026-09-16 12:55:38.064][VERB] COMMANDCALL: _C.SafeAPI.Execute(["v1.sketch.rectangle",[{"startPos":[88.05,30,0],"id":1776,"genFixation":0,"endPos":[92.5,41.3,0]}]])
[0m[0;32m[2026-09-16 12:55:38.070][VERB] RETURN: {"result":["$1782","$1786","$1792","$1798"]}
[0m[2026-09-16 12:55:38.081][DEBUG] Build graphic in: 0ms
[0;32m[2026-09-16 12:55:38.083][VERB] COMMANDCALL: _C.SafeAPI.Execute(["v1.sketch.getPoints",[{"id":1782}]])
[0m[0;32m[2026-09-16 12:55:38.084][VERB] RETURN: {"result":{"endId":"$1784","startId":"$1783"}}
[0m[0;32m[2026-09-16 12:55:38.097][VERB] COMMANDCALL: _C.SafeAPI.Execute(["v1.sketch.point",[{"pos":[-1000,-1000,0],"id":1776}]])
[0m[0;32m[2026-09-16 12:55:38.099][VERB] RETURN: {"result":"$1814"}
[0m[2026-09-16 12:55:38.109][DEBUG] Build graphic in: 0ms
[0;32m[2026-09-16 12:55:38.112][VERB] COMMANDCALL: _C.SafeAPI.Execute(["v1.sketch.constraint",[{"type":"FIXATION","id":1776,"geomIds":[1814]}]])
[0m[0;32m[2026-09-16 12:55:38.114][VERB] RETURN: {"result":"$1816"}
[0m[2026-09-16 12:55:38.124][DEBUG] Build graphic in: 0ms
[0;32m[2026-09-16 12:55:38.127][VERB] COMMANDCALL: _C.SafeAPI.Execute(["v1.sketch.dimension",[{"type":"HORIZONTAL_DISTANCE","value":"@expr.d147_position_x","name":"position_x","id":1776,"geomIds":[1814,1783]}]])
[0m[0;32m[2026-09-16 12:55:38.133][VERB] RETURN: {"result":"$1820"}
[0m[2026-09-16 12:55:38.144][DEBUG] Build graphic in: 0ms
[0;32m[2026-09-16 12:55:38.147][VERB] COMMANDCALL: _C.SafeAPI.Execute(["v1.sketch.dimension",[{"type":"VERTICAL_DISTANCE","value":"@expr.d148_position_y","name":"position_y","id":1776,"geomIds":[1814,1783]}]])
[0m[0;32m[2026-09-16 12:55:38.153][VERB] RETURN: {"result":"$1824"}
[0m[2026-09-16 12:55:38.164][DEBUG] Build graphic in: 0ms
[0;32m[2026-09-16 12:55:38.167][VERB] COMMANDCALL: _C.SafeAPI.Execute(["v1.sketch.dimension",[{"type":"OFFSET","value":"@expr.d149_width","name":"width","id":1776,"geomIds":[1782]}]])
[0m[0;32m[2026-09-16 12:55:38.174][VERB] RETURN: {"result":"$1828"}
[0m[2026-09-16 12:55:38.185][DEBUG] Build graphic in: 1ms
[0;32m[2026-09-16 12:55:38.188][VERB] COMMANDCALL: _C.SafeAPI.Execute(["v1.sketch.dimension",[{"type":"OFFSET","value":"@expr.d150_depth","name":"depth","id":1776,"geomIds":[1786]}]])
[0m[0;32m[2026-09-16 12:55:38.195][VERB] RETURN: {"result":"$1832"}
[0m[2026-09-16 12:55:38.206][DEBUG] Build graphic in: 0ms
[0;32m[2026-09-16 12:55:38.209][VERB] COMMANDCALL: _C.SafeAPI.Execute(["v1.part.extrusion",[{"references":[1782,1786,1792,1798],"name":"F145_makeBox_cad_primitives_py_8","taperAngle":0,"limit2":"@expr.d151_height","id":4}]])
[0m[0;32m[2026-09-16 12:55:38.215][VERB] RETURN: {"result":"$1836"}
[0m[2026-09-16 12:55:38.226][DEBUG] Build graphic in: 1ms
[0;32m[2026-09-16 12:55:38.229][VERB] COMMANDCALL: _C.SafeAPI.Execute(["v1.part.workPlane",[{"type":"PLANE","references":[38],"name":"F152_makeBox_cad_primitives_py_8_plane","offset":"@expr.d153_plane_offset","id":4}]])
[0m[0;32m[2026-09-16 12:55:38.233][VERB] RETURN: {"result":"$1879"}
[0m[2026-09-16 12:55:38.243][DEBUG] Build graphic in: 0ms
[0;32m[2026-09-16 12:55:38.246][VERB] COMMANDCALL: _C.SafeAPI.Execute(["v1.sketch.create",[{"planeId":1879,"name":"F152_makeBox_cad_primitives_py_8_profile","id":4}]])
[0m[0;32m[2026-09-16 12:55:38.248][VERB] RETURN: {"result":"$1885"}
[0m[2026-09-16 12:55:38.259][DEBUG] Build graphic in: 0ms
[0;32m[2026-09-16 12:55:38.262][VERB] COMMANDCALL: _C.SafeAPI.Execute(["v1.sketch.rectangle",[{"startPos":[88.05,30,0],"id":1885,"genFixation":0,"endPos":[92.5,38,0]}]])
[0m[0;32m[2026-09-16 12:55:38.268][VERB] RETURN: {"result":["$1891","$1895","$1901","$1907"]}
[0m[2026-09-16 12:55:38.279][DEBUG] Build graphic in: 0ms
[0;32m[2026-09-16 12:55:38.282][VERB] COMMANDCALL: _C.SafeAPI.Execute(["v1.sketch.getPoints",[{"id":1891}]])
[0m[0;32m[2026-09-16 12:55:38.282][VERB] RETURN: {"result":{"endId":"$1893","startId":"$1892"}}
[0m[0;32m[2026-09-16 12:55:38.296][VERB] COMMANDCALL: _C.SafeAPI.Execute(["v1.sketch.point",[{"pos":[-1000,-1000,0],"id":1885}]])
[0m[0;32m[2026-09-16 12:55:38.298][VERB] RETURN: {"result":"$1923"}
[0m[2026-09-16 12:55:38.309][DEBUG] Build graphic in: 0ms
[0;32m[2026-09-16 12:55:38.312][VERB] COMMANDCALL: _C.SafeAPI.Execute(["v1.sketch.constraint",[{"type":"FIXATION","id":1885,"geomIds":[1923]}]])
[0m[0;32m[2026-09-16 12:55:38.314][VERB] RETURN: {"result":"$1925"}
[0m[2026-09-16 12:55:38.324][DEBUG] Build graphic in: 0ms
[0;32m[2026-09-16 12:55:38.327][VERB] COMMANDCALL: _C.SafeAPI.Execute(["v1.sketch.dimension",[{"type":"HORIZONTAL_DISTANCE","value":"@expr.d154_position_x","name":"position_x","id":1885,"geomIds":[1923,1892]}]])
[0m[0;32m[2026-09-16 12:55:38.333][VERB] RETURN: {"result":"$1929"}
[0m[2026-09-16 12:55:38.344][DEBUG] Build graphic in: 0ms
[0;32m[2026-09-16 12:55:38.347][VERB] COMMANDCALL: _C.SafeAPI.Execute(["v1.sketch.dimension",[{"type":"VERTICAL_DISTANCE","value":"@expr.d155_position_y","name":"position_y","id":1885,"geomIds":[1923,1892]}]])
[0m[0;32m[2026-09-16 12:55:38.353][VERB] RETURN: {"result":"$1933"}
[0m[2026-09-16 12:55:38.364][DEBUG] Build graphic in: 0ms
[0;32m[2026-09-16 12:55:38.367][VERB] COMMANDCALL: _C.SafeAPI.Execute(["v1.sketch.dimension",[{"type":"OFFSET","value":"@expr.d156_width","name":"width","id":1885,"geomIds":[1891]}]])
[0m[0;32m[2026-09-16 12:55:38.375][VERB] RETURN: {"result":"$1937"}
[0m[2026-09-16 12:55:38.386][DEBUG] Build graphic in: 0ms
[0;32m[2026-09-16 12:55:38.389][VERB] COMMANDCALL: _C.SafeAPI.Execute(["v1.sketch.dimension",[{"type":"OFFSET","value":"@expr.d157_depth","name":"depth","id":1885,"geomIds":[1895]}]])
[0m[0;32m[2026-09-16 12:55:38.397][VERB] RETURN: {"result":"$1941"}
[0m[2026-09-16 12:55:38.408][DEBUG] Build graphic in: 0ms
[0;32m[2026-09-16 12:55:38.412][VERB] COMMANDCALL: _C.SafeAPI.Execute(["v1.part.extrusion",[{"references":[1891,1895,1901,1907],"name":"F152_makeBox_cad_primitives_py_8","taperAngle":0,"limit2":"@expr.d158_height","id":4}]])
[0m[0;32m[2026-09-16 12:55:38.417][VERB] RETURN: {"result":"$1945"}
[0m[2026-09-16 12:55:38.428][DEBUG] Build graphic in: 0ms
[0;32m[2026-09-16 12:55:38.431][VERB] COMMANDCALL: _C.SafeAPI.Execute(["v1.part.workPlane",[{"type":"PLANE","references":[38],"name":"F160_makeBox_cad_primitives_py_8_plane","offset":"@expr.d161_plane_offset","id":4}]])
[0m[0;32m[2026-09-16 12:55:38.435][VERB] RETURN: {"result":"$1988"}
[0m[2026-09-16 12:55:38.446][DEBUG] Build graphic in: 0ms
[0;32m[2026-09-16 12:55:38.449][VERB] COMMANDCALL: _C.SafeAPI.Execute(["v1.sketch.create",[{"planeId":1988,"name":"F160_makeBox_cad_primitives_py_8_profile","id":4}]])
[0m[0;32m[2026-09-16 12:55:38.451][VERB] RETURN: {"result":"$1994"}
[0m[2026-09-16 12:55:38.462][DEBUG] Build graphic in: 0ms
[0;32m[2026-09-16 12:55:38.466][VERB] COMMANDCALL: _C.SafeAPI.Execute(["v1.sketch.rectangle",[{"startPos":[59.1,40.8,0],"id":1994,"genFixation":0,"endPos":[63.1,44.8,0]}]])
[0m[0;32m[2026-09-16 12:55:38.472][VERB] RETURN: {"result":["$2000","$2004","$2010","$2016"]}
[0m[2026-09-16 12:55:38.483][DEBUG] Build graphic in: 0ms
[0;32m[2026-09-16 12:55:38.487][VERB] COMMANDCALL: _C.SafeAPI.Execute(["v1.sketch.getPoints",[{"id":2000}]])
[0m[0;32m[2026-09-16 12:55:38.487][VERB] RETURN: {"result":{"endId":"$2002","startId":"$2001"}}
[0m[0;32m[2026-09-16 12:55:38.501][VERB] COMMANDCALL: _C.SafeAPI.Execute(["v1.sketch.point",[{"pos":[-1000,-1000,0],"id":1994}]])
[0m[0;32m[2026-09-16 12:55:38.503][VERB] RETURN: {"result":"$2032"}
[0m[2026-09-16 12:55:38.514][DEBUG] Build graphic in: 0ms
[0;32m[2026-09-16 12:55:38.518][VERB] COMMANDCALL: _C.SafeAPI.Execute(["v1.sketch.constraint",[{"type":"FIXATION","id":1994,"geomIds":[2032]}]])
[0m[0;32m[2026-09-16 12:55:38.519][VERB] RETURN: {"result":"$2034"}
[0m[2026-09-16 12:55:38.531][DEBUG] Build graphic in: 0ms
[0;32m[2026-09-16 12:55:38.534][VERB] COMMANDCALL: _C.SafeAPI.Execute(["v1.sketch.dimension",[{"type":"HORIZONTAL_DISTANCE","value":"@expr.d162_position_x","name":"position_x","id":1994,"geomIds":[2032,2001]}]])
[0m[0;32m[2026-09-16 12:55:38.539][VERB] RETURN: {"result":"$2038"}
[0m[2026-09-16 12:55:38.551][DEBUG] Build graphic in: 0ms
[0;32m[2026-09-16 12:55:38.555][VERB] COMMANDCALL: _C.SafeAPI.Execute(["v1.sketch.dimension",[{"type":"VERTICAL_DISTANCE","value":"@expr.d163_position_y","name":"position_y","id":1994,"geomIds":[2032,2001]}]])
[0m[0;32m[2026-09-16 12:55:38.561][VERB] RETURN: {"result":"$2042"}
[0m[2026-09-16 12:55:38.573][DEBUG] Build graphic in: 0ms
[0;32m[2026-09-16 12:55:38.576][VERB] COMMANDCALL: _C.SafeAPI.Execute(["v1.sketch.dimension",[{"type":"OFFSET","value":"@expr.d164_width","name":"width","id":1994,"geomIds":[2000]}]])
[0m[0;32m[2026-09-16 12:55:38.583][VERB] RETURN: {"result":"$2046"}
[0m[2026-09-16 12:55:38.595][DEBUG] Build graphic in: 0ms
[0;32m[2026-09-16 12:55:38.598][VERB] COMMANDCALL: _C.SafeAPI.Execute(["v1.sketch.dimension",[{"type":"OFFSET","value":"@expr.d165_depth","name":"depth","id":1994,"geomIds":[2004]}]])
[0m[0;32m[2026-09-16 12:55:38.606][VERB] RETURN: {"result":"$2050"}
[0m[2026-09-16 12:55:38.618][DEBUG] Build graphic in: 0ms
[0;32m[2026-09-16 12:55:38.622][VERB] COMMANDCALL: _C.SafeAPI.Execute(["v1.part.extrusion",[{"references":[2000,2004,2010,2016],"name":"F160_makeBox_cad_primitives_py_8","taperAngle":0,"limit2":"@expr.d166_height","id":4}]])
[0m[0;32m[2026-09-16 12:55:38.626][VERB] RETURN: {"result":"$2054"}
[0m[2026-09-16 12:55:38.638][DEBUG] Build graphic in: 0ms
[0;32m[2026-09-16 12:55:38.642][VERB] COMMANDCALL: _C.SafeAPI.Execute(["v1.part.workPlane",[{"type":"PLANE","references":[38],"name":"F167_makeCylinder_cad_primitives_py_12_plane","offset":"@expr.d168_plane_offset","id":4}]])
[0m[0;32m[2026-09-16 12:55:38.646][VERB] RETURN: {"result":"$2097"}
[0m[2026-09-16 12:55:38.657][DEBUG] Build graphic in: 0ms
[0;32m[2026-09-16 12:55:38.660][VERB] COMMANDCALL: _C.SafeAPI.Execute(["v1.sketch.create",[{"planeId":2097,"name":"F167_makeCylinder_cad_primitives_py_12_profile","id":4}]])
[0m[0;32m[2026-09-16 12:55:38.663][VERB] RETURN: {"result":"$2103"}
[0m[2026-09-16 12:55:38.674][DEBUG] Build graphic in: 0ms
[0;32m[2026-09-16 12:55:38.678][VERB] COMMANDCALL: _C.SafeAPI.Execute(["v1.sketch.circle",[{"radius":4,"id":2103,"genFixation":0,"centerPos":[63.1,44.8,0]}]])
[0m[0;32m[2026-09-16 12:55:38.679][VERB] RETURN: {"result":"$2109"}
[0m[2026-09-16 12:55:38.691][DEBUG] Build graphic in: 0ms
[0;32m[2026-09-16 12:55:38.694][VERB] COMMANDCALL: _C.SafeAPI.Execute(["v1.sketch.getPoints",[{"id":2109}]])
[0m[0;32m[2026-09-16 12:55:38.694][VERB] RETURN: {"result":{"centerId":"$2110"}}
[0m[0;32m[2026-09-16 12:55:38.709][VERB] COMMANDCALL: _C.SafeAPI.Execute(["v1.sketch.point",[{"pos":[-1000,-1000,0],"id":2103}]])
[0m[0;32m[2026-09-16 12:55:38.710][VERB] RETURN: {"result":"$2112"}
[0m[2026-09-16 12:55:38.722][DEBUG] Build graphic in: 0ms
[0;32m[2026-09-16 12:55:38.725][VERB] COMMANDCALL: _C.SafeAPI.Execute(["v1.sketch.constraint",[{"type":"FIXATION","id":2103,"geomIds":[2112]}]])
[0m[0;32m[2026-09-16 12:55:38.726][VERB] RETURN: {"result":"$2114"}
[0m[2026-09-16 12:55:38.738][DEBUG] Build graphic in: 0ms
[0;32m[2026-09-16 12:55:38.741][VERB] COMMANDCALL: _C.SafeAPI.Execute(["v1.sketch.dimension",[{"type":"HORIZONTAL_DISTANCE","value":"@expr.d169_position_x","name":"position_x","id":2103,"geomIds":[2112,2110]}]])
[0m[0;32m[2026-09-16 12:55:38.746][VERB] RETURN: {"result":"$2118"}
[0m[2026-09-16 12:55:38.758][DEBUG] Build graphic in: 0ms
[0;32m[2026-09-16 12:55:38.761][VERB] COMMANDCALL: _C.SafeAPI.Execute(["v1.sketch.dimension",[{"type":"VERTICAL_DISTANCE","value":"@expr.d170_position_y","name":"position_y","id":2103,"geomIds":[2112,2110]}]])
[0m[0;32m[2026-09-16 12:55:38.767][VERB] RETURN: {"result":"$2122"}
[0m[2026-09-16 12:55:38.779][DEBUG] Build graphic in: 0ms
[0;32m[2026-09-16 12:55:38.782][VERB] COMMANDCALL: _C.SafeAPI.Execute(["v1.sketch.dimension",[{"type":"RADIUS","value":"@expr.d171_radius","name":"radius","id":2103,"geomIds":[2109]}]])
[0m[0;32m[2026-09-16 12:55:38.787][VERB] RETURN: {"result":"$2126"}
[0m[2026-09-16 12:55:38.800][DEBUG] Build graphic in: 0ms
[0;32m[2026-09-16 12:55:38.803][VERB] COMMANDCALL: _C.SafeAPI.Execute(["v1.part.extrusion",[{"references":[2109],"name":"F167_makeCylinder_cad_primitives_py_12","taperAngle":0,"limit2":"@expr.d172_height","id":4}]])
[0m[0;32m[2026-09-16 12:55:38.809][VERB] RETURN: {"result":"$2130"}
[0m[2026-09-16 12:55:38.823][DEBUG] Build graphic in: 2ms
[0;32m[2026-09-16 12:55:38.827][VERB] COMMANDCALL: _C.SafeAPI.Execute(["v1.part.boolean",[{"type":"SUBTRACTION","tools":[2130],"target":2054,"name":"F159_cut_housing_shell_py_39","id":4}]])
[0m[0;32m[2026-09-16 12:55:38.832][VERB] RETURN: {"result":"$2152"}
[0m[2026-09-16 12:55:38.844][DEBUG] Build graphic in: 0ms
[0;32m[2026-09-16 12:55:38.848][VERB] COMMANDCALL: _C.SafeAPI.Execute(["v1.part.workPlane",[{"type":"PLANE","references":[38],"name":"F174_makeBox_cad_primitives_py_8_plane","offset":"@expr.d175_plane_offset","id":4}]])
[0m[0;32m[2026-09-16 12:55:38.852][VERB] RETURN: {"result":"$2170"}
[0m[2026-09-16 12:55:38.864][DEBUG] Build graphic in: 0ms
[0;32m[2026-09-16 12:55:38.867][VERB] COMMANDCALL: _C.SafeAPI.Execute(["v1.sketch.create",[{"planeId":2170,"name":"F174_makeBox_cad_primitives_py_8_profile","id":4}]])
[0m[0;32m[2026-09-16 12:55:38.869][VERB] RETURN: {"result":"$2176"}
[0m[2026-09-16 12:55:38.881][DEBUG] Build graphic in: 0ms
[0;32m[2026-09-16 12:55:38.885][VERB] COMMANDCALL: _C.SafeAPI.Execute(["v1.sketch.rectangle",[{"startPos":[42.1,16.1,0],"id":2176,"genFixation":0,"endPos":[46.1,20.1,0]}]])
[0m[0;32m[2026-09-16 12:55:38.891][VERB] RETURN: {"result":["$2182","$2186","$2192","$2198"]}
[0m[2026-09-16 12:55:38.904][DEBUG] Build graphic in: 0ms
[0;32m[2026-09-16 12:55:38.908][VERB] COMMANDCALL: _C.SafeAPI.Execute(["v1.sketch.getPoints",[{"id":2182}]])
[0m[0;32m[2026-09-16 12:55:38.908][VERB] RETURN: {"result":{"endId":"$2184","startId":"$2183"}}
[0m[0;32m[2026-09-16 12:55:38.924][VERB] COMMANDCALL: _C.SafeAPI.Execute(["v1.sketch.point",[{"pos":[-1000,-1000,0],"id":2176}]])
[0m[0;32m[2026-09-16 12:55:38.926][VERB] RETURN: {"result":"$2214"}
[0m[2026-09-16 12:55:38.938][DEBUG] Build graphic in: 0ms
[0;32m[2026-09-16 12:55:38.942][VERB] COMMANDCALL: _C.SafeAPI.Execute(["v1.sketch.constraint",[{"type":"FIXATION","id":2176,"geomIds":[2214]}]])
[0m[0;32m[2026-09-16 12:55:38.943][VERB] RETURN: {"result":"$2216"}
[0m[2026-09-16 12:55:38.956][DEBUG] Build graphic in: 0ms
[0;32m[2026-09-16 12:55:38.959][VERB] COMMANDCALL: _C.SafeAPI.Execute(["v1.sketch.dimension",[{"type":"HORIZONTAL_DISTANCE","value":"@expr.d176_position_x","name":"position_x","id":2176,"geomIds":[2214,2183]}]])
[0m[0;32m[2026-09-16 12:55:38.965][VERB] RETURN: {"result":"$2220"}
[0m[2026-09-16 12:55:38.977][DEBUG] Build graphic in: 0ms
[0;32m[2026-09-16 12:55:38.981][VERB] COMMANDCALL: _C.SafeAPI.Execute(["v1.sketch.dimension",[{"type":"VERTICAL_DISTANCE","value":"@expr.d177_position_y","name":"position_y","id":2176,"geomIds":[2214,2183]}]])
[0m[0;32m[2026-09-16 12:55:38.987][VERB] RETURN: {"result":"$2224"}
[0m[2026-09-16 12:55:39.000][DEBUG] Build graphic in: 0ms
[0;32m[2026-09-16 12:55:39.003][VERB] COMMANDCALL: _C.SafeAPI.Execute(["v1.sketch.dimension",[{"type":"OFFSET","value":"@expr.d178_width","name":"width","id":2176,"geomIds":[2182]}]])
[0m[0;32m[2026-09-16 12:55:39.010][VERB] RETURN: {"result":"$2228"}
[0m[2026-09-16 12:55:39.023][DEBUG] Build graphic in: 0ms
[0;32m[2026-09-16 12:55:39.026][VERB] COMMANDCALL: _C.SafeAPI.Execute(["v1.sketch.dimension",[{"type":"OFFSET","value":"@expr.d179_depth","name":"depth","id":2176,"geomIds":[2186]}]])
[0m[0;32m[2026-09-16 12:55:39.034][VERB] RETURN: {"result":"$2232"}
[0m[2026-09-16 12:55:39.047][DEBUG] Build graphic in: 0ms
[0;32m[2026-09-16 12:55:39.051][VERB] COMMANDCALL: _C.SafeAPI.Execute(["v1.part.extrusion",[{"references":[2182,2186,2192,2198],"name":"F174_makeBox_cad_primitives_py_8","taperAngle":0,"limit2":"@expr.d180_height","id":4}]])
[0m[0;32m[2026-09-16 12:55:39.056][VERB] RETURN: {"result":"$2236"}
[0m[2026-09-16 12:55:39.069][DEBUG] Build graphic in: 0ms
[0;32m[2026-09-16 12:55:39.073][VERB] COMMANDCALL: _C.SafeAPI.Execute(["v1.part.workPlane",[{"type":"PLANE","references":[38],"name":"F181_makeCylinder_cad_primitives_py_12_plane","offset":"@expr.d182_plane_offset","id":4}]])
[0m[0;32m[2026-09-16 12:55:39.076][VERB] RETURN: {"result":"$2279"}
[0m[2026-09-16 12:55:39.089][DEBUG] Build graphic in: 0ms
[0;32m[2026-09-16 12:55:39.093][VERB] COMMANDCALL: _C.SafeAPI.Execute(["v1.sketch.create",[{"planeId":2279,"name":"F181_makeCylinder_cad_primitives_py_12_profile","id":4}]])
[0m[0;32m[2026-09-16 12:55:39.095][VERB] RETURN: {"result":"$2285"}
[0m[2026-09-16 12:55:39.108][DEBUG] Build graphic in: 0ms
[0;32m[2026-09-16 12:55:39.111][VERB] COMMANDCALL: _C.SafeAPI.Execute(["v1.sketch.circle",[{"radius":4,"id":2285,"genFixation":0,"centerPos":[42.1,16.1,0]}]])
[0m[0;32m[2026-09-16 12:55:39.112][VERB] RETURN: {"result":"$2291"}
[0m[2026-09-16 12:55:39.125][DEBUG] Build graphic in: 0ms
[0;32m[2026-09-16 12:55:39.129][VERB] COMMANDCALL: _C.SafeAPI.Execute(["v1.sketch.getPoints",[{"id":2291}]])
[0m[0;32m[2026-09-16 12:55:39.129][VERB] RETURN: {"result":{"centerId":"$2292"}}
[0m[0;32m[2026-09-16 12:55:39.145][VERB] COMMANDCALL: _C.SafeAPI.Execute(["v1.sketch.point",[{"pos":[-1000,-1000,0],"id":2285}]])
[0m[0;32m[2026-09-16 12:55:39.146][VERB] RETURN: {"result":"$2294"}
[0m[2026-09-16 12:55:39.159][DEBUG] Build graphic in: 0ms
[0;32m[2026-09-16 12:55:39.163][VERB] COMMANDCALL: _C.SafeAPI.Execute(["v1.sketch.constraint",[{"type":"FIXATION","id":2285,"geomIds":[2294]}]])
[0m[0;32m[2026-09-16 12:55:39.164][VERB] RETURN: {"result":"$2296"}
[0m[2026-09-16 12:55:39.176][DEBUG] Build graphic in: 0ms
[0;32m[2026-09-16 12:55:39.180][VERB] COMMANDCALL: _C.SafeAPI.Execute(["v1.sketch.dimension",[{"type":"HORIZONTAL_DISTANCE","value":"@expr.d183_position_x","name":"position_x","id":2285,"geomIds":[2294,2292]}]])
[0m[0;32m[2026-09-16 12:55:39.184][VERB] RETURN: {"result":"$2300"}
[0m[2026-09-16 12:55:39.197][DEBUG] Build graphic in: 0ms
[0;32m[2026-09-16 12:55:39.201][VERB] COMMANDCALL: _C.SafeAPI.Execute(["v1.sketch.dimension",[{"type":"VERTICAL_DISTANCE","value":"@expr.d184_position_y","name":"position_y","id":2285,"geomIds":[2294,2292]}]])
[0m[0;32m[2026-09-16 12:55:39.206][VERB] RETURN: {"result":"$2304"}
[0m[2026-09-16 12:55:39.219][DEBUG] Build graphic in: 0ms
[0;32m[2026-09-16 12:55:39.222][VERB] COMMANDCALL: _C.SafeAPI.Execute(["v1.sketch.dimension",[{"type":"RADIUS","value":"@expr.d185_radius","name":"radius","id":2285,"geomIds":[2291]}]])
[0m[0;32m[2026-09-16 12:55:39.228][VERB] RETURN: {"result":"$2308"}
[0m[2026-09-16 12:55:39.240][DEBUG] Build graphic in: 0ms
[0;32m[2026-09-16 12:55:39.244][VERB] COMMANDCALL: _C.SafeAPI.Execute(["v1.part.extrusion",[{"references":[2291],"name":"F181_makeCylinder_cad_primitives_py_12","taperAngle":0,"limit2":"@expr.d186_height","id":4}]])
[0m[0;32m[2026-09-16 12:55:39.250][VERB] RETURN: {"result":"$2312"}
[0m[2026-09-16 12:55:39.265][DEBUG] Build graphic in: 2ms
[0;32m[2026-09-16 12:55:39.269][VERB] COMMANDCALL: _C.SafeAPI.Execute(["v1.part.boolean",[{"type":"SUBTRACTION","tools":[2312],"target":2236,"name":"F173_cut_housing_shell_py_48","id":4}]])
[0m[0;32m[2026-09-16 12:55:39.274][VERB] RETURN: {"result":"$2334"}
[0m[2026-09-16 12:55:39.287][DEBUG] Build graphic in: 0ms
[0;32m[2026-09-16 12:55:39.291][VERB] COMMANDCALL: _C.SafeAPI.Execute(["v1.part.workPlane",[{"type":"PLANE","references":[38],"name":"F187_makeCylinder_cad_primitives_py_12_plane","offset":"@expr.d188_plane_offset","id":4}]])
[0m[0;32m[2026-09-16 12:55:39.295][VERB] RETURN: {"result":"$2352"}
[0m[2026-09-16 12:55:39.308][DEBUG] Build graphic in: 0ms
[0;32m[2026-09-16 12:55:39.311][VERB] COMMANDCALL: _C.SafeAPI.Execute(["v1.sketch.create",[{"planeId":2352,"name":"F187_makeCylinder_cad_primitives_py_12_profile","id":4}]])
[0m[0;32m[2026-09-16 12:55:39.314][VERB] RETURN: {"result":"$2358"}
[0m[2026-09-16 12:55:39.326][DEBUG] Build graphic in: 0ms
[0;32m[2026-09-16 12:55:39.330][VERB] COMMANDCALL: _C.SafeAPI.Execute(["v1.sketch.circle",[{"radius":4.5,"id":2358,"genFixation":0,"centerPos":[86.8,38.9,0]}]])
[0m[0;32m[2026-09-16 12:55:39.331][VERB] RETURN: {"result":"$2364"}
[0m[2026-09-16 12:55:39.344][DEBUG] Build graphic in: 0ms
[0;32m[2026-09-16 12:55:39.348][VERB] COMMANDCALL: _C.SafeAPI.Execute(["v1.sketch.getPoints",[{"id":2364}]])
[0m[0;32m[2026-09-16 12:55:39.348][VERB] RETURN: {"result":{"centerId":"$2365"}}
[0m[0;32m[2026-09-16 12:55:39.365][VERB] COMMANDCALL: _C.SafeAPI.Execute(["v1.sketch.point",[{"pos":[-1000,-1000,0],"id":2358}]])
[0m[0;32m[2026-09-16 12:55:39.366][VERB] RETURN: {"result":"$2367"}
[0m[2026-09-16 12:55:39.379][DEBUG] Build graphic in: 0ms
[0;32m[2026-09-16 12:55:39.383][VERB] COMMANDCALL: _C.SafeAPI.Execute(["v1.sketch.constraint",[{"type":"FIXATION","id":2358,"geomIds":[2367]}]])
[0m[0;32m[2026-09-16 12:55:39.384][VERB] RETURN: {"result":"$2369"}
[0m[2026-09-16 12:55:39.397][DEBUG] Build graphic in: 0ms
[0;32m[2026-09-16 12:55:39.401][VERB] COMMANDCALL: _C.SafeAPI.Execute(["v1.sketch.dimension",[{"type":"HORIZONTAL_DISTANCE","value":"@expr.d189_position_x","name":"position_x","id":2358,"geomIds":[2367,2365]}]])
[0m[0;32m[2026-09-16 12:55:39.405][VERB] RETURN: {"result":"$2373"}
[0m[2026-09-16 12:55:39.419][DEBUG] Build graphic in: 1ms
[0;32m[2026-09-16 12:55:39.422][VERB] COMMANDCALL: _C.SafeAPI.Execute(["v1.sketch.dimension",[{"type":"VERTICAL_DISTANCE","value":"@expr.d190_position_y","name":"position_y","id":2358,"geomIds":[2367,2365]}]])
[0m[0;32m[2026-09-16 12:55:39.427][VERB] RETURN: {"result":"$2377"}
[0m[2026-09-16 12:55:39.441][DEBUG] Build graphic in: 0ms
[0;32m[2026-09-16 12:55:39.444][VERB] COMMANDCALL: _C.SafeAPI.Execute(["v1.sketch.dimension",[{"type":"RADIUS","value":"@expr.d191_radius","name":"radius","id":2358,"geomIds":[2364]}]])
[0m[0;32m[2026-09-16 12:55:39.450][VERB] RETURN: {"result":"$2381"}
[0m[2026-09-16 12:55:39.463][DEBUG] Build graphic in: 0ms
[0;32m[2026-09-16 12:55:39.467][VERB] COMMANDCALL: _C.SafeAPI.Execute(["v1.part.extrusion",[{"references":[2364],"name":"F187_makeCylinder_cad_primitives_py_12","taperAngle":0,"limit2":"@expr.d192_height","id":4}]])
[0m[0;32m[2026-09-16 12:55:39.473][VERB] RETURN: {"result":"$2385"}
[0m[2026-09-16 12:55:39.489][DEBUG] Build graphic in: 3ms
[0;32m[2026-09-16 12:55:39.492][VERB] COMMANDCALL: _C.SafeAPI.Execute(["v1.part.workPlane",[{"type":"PLANE","references":[38],"name":"F193_makeBox_cad_primitives_py_8_plane","offset":"@expr.d194_plane_offset","id":4}]])
[0m[0;32m[2026-09-16 12:55:39.496][VERB] RETURN: {"result":"$2407"}
[0m[2026-09-16 12:55:39.509][DEBUG] Build graphic in: 0ms
[0;32m[2026-09-16 12:55:39.514][VERB] COMMANDCALL: _C.SafeAPI.Execute(["v1.sketch.create",[{"planeId":2407,"name":"F193_makeBox_cad_primitives_py_8_profile","id":4}]])
[0m[0;32m[2026-09-16 12:55:39.516][VERB] RETURN: {"result":"$2413"}
[0m[2026-09-16 12:55:39.529][DEBUG] Build graphic in: 0ms
[0;32m[2026-09-16 12:55:39.533][VERB] COMMANDCALL: _C.SafeAPI.Execute(["v1.sketch.rectangle",[{"startPos":[86.8,30,0],"id":2413,"genFixation":0,"endPos":[92.5,43,0]}]])
[0m[0;32m[2026-09-16 12:55:39.539][VERB] RETURN: {"result":["$2419","$2423","$2429","$2435"]}
[0m[2026-09-16 12:55:39.553][DEBUG] Build graphic in: 0ms
[0;32m[2026-09-16 12:55:39.557][VERB] COMMANDCALL: _C.SafeAPI.Execute(["v1.sketch.getPoints",[{"id":2419}]])
[0m[0;32m[2026-09-16 12:55:39.557][VERB] RETURN: {"result":{"endId":"$2421","startId":"$2420"}}
[0m[0;32m[2026-09-16 12:55:39.574][VERB] COMMANDCALL: _C.SafeAPI.Execute(["v1.sketch.point",[{"pos":[-1000,-1000,0],"id":2413}]])
[0m[0;32m[2026-09-16 12:55:39.576][VERB] RETURN: {"result":"$2451"}
[0m[2026-09-16 12:55:39.590][DEBUG] Build graphic in: 0ms
[0;32m[2026-09-16 12:55:39.593][VERB] COMMANDCALL: _C.SafeAPI.Execute(["v1.sketch.constraint",[{"type":"FIXATION","id":2413,"geomIds":[2451]}]])
[0m[0;32m[2026-09-16 12:55:39.595][VERB] RETURN: {"result":"$2453"}
[0m[2026-09-16 12:55:39.609][DEBUG] Build graphic in: 0ms
[0;32m[2026-09-16 12:55:39.613][VERB] COMMANDCALL: _C.SafeAPI.Execute(["v1.sketch.dimension",[{"type":"HORIZONTAL_DISTANCE","value":"@expr.d195_position_x","name":"position_x","id":2413,"geomIds":[2451,2420]}]])
[0m[0;32m[2026-09-16 12:55:39.619][VERB] RETURN: {"result":"$2457"}
[0m[2026-09-16 12:55:39.632][DEBUG] Build graphic in: 0ms
[0;32m[2026-09-16 12:55:39.636][VERB] COMMANDCALL: _C.SafeAPI.Execute(["v1.sketch.dimension",[{"type":"VERTICAL_DISTANCE","value":"@expr.d196_position_y","name":"position_y","id":2413,"geomIds":[2451,2420]}]])
[0m[0;32m[2026-09-16 12:55:39.643][VERB] RETURN: {"result":"$2461"}
[0m[2026-09-16 12:55:39.656][DEBUG] Build graphic in: 0ms
[0;32m[2026-09-16 12:55:39.661][VERB] COMMANDCALL: _C.SafeAPI.Execute(["v1.sketch.dimension",[{"type":"OFFSET","value":"@expr.d197_width","name":"width","id":2413,"geomIds":[2419]}]])
[0m[0;32m[2026-09-16 12:55:39.668][VERB] RETURN: {"result":"$2465"}
[0m[2026-09-16 12:55:39.682][DEBUG] Build graphic in: 1ms
[0;32m[2026-09-16 12:55:39.685][VERB] COMMANDCALL: _C.SafeAPI.Execute(["v1.sketch.dimension",[{"type":"OFFSET","value":"@expr.d198_depth","name":"depth","id":2413,"geomIds":[2423]}]])
[0m[0;32m[2026-09-16 12:55:39.693][VERB] RETURN: {"result":"$2469"}
[0m[2026-09-16 12:55:39.708][DEBUG] Build graphic in: 0ms
[0;32m[2026-09-16 12:55:39.712][VERB] COMMANDCALL: _C.SafeAPI.Execute(["v1.part.extrusion",[{"references":[2419,2423,2429,2435],"name":"F193_makeBox_cad_primitives_py_8","taperAngle":0,"limit2":"@expr.d199_height","id":4}]])
[0m[0;32m[2026-09-16 12:55:39.717][VERB] RETURN: {"result":"$2473"}
[0m[2026-09-16 12:55:39.732][DEBUG] Build graphic in: 1ms
[0;32m[2026-09-16 12:55:39.736][VERB] COMMANDCALL: _C.SafeAPI.Execute(["v1.part.boolean",[{"type":"UNION","tools":[231,307,362,417,472,560,669,745,800,855,910,998,1107,1183,1238,1293,1348,1436,1545,1752,1836,1945,2152,2334,2385,2473],"target":122,"name":"F2_union_cad_primitives_py_17","id":4}]])
[0m[0;32m[2026-09-16 12:55:39.780][VERB] RETURN: {"result":"$2516"}
[0m[2026-09-16 12:55:39.800][DEBUG] Build graphic in: 6ms
[0;32m[2026-09-16 12:55:39.804][VERB] COMMANDCALL: _C.SafeAPI.Execute(["v1.common.setDatabaseSettings",[{"isSketchGraphicEnabled":1,"isGraphicEnabled":1,"isCCGraphicEnabled":1,"doCurveTessellation":1}]])
[0m[0;32m[2026-09-16 12:55:39.806][VERB] RETURN: {"result":null}
[0m[2026-09-16 12:55:39.825][DEBUG] Build graphic in: 6ms
[2026-09-16 12:55:39.847][DEBUG] Build graphic in: 5ms
[0;32m[2026-09-16 12:55:39.862][VERB] COMMANDCALL: _C.SafeAPI.Execute(["v1.part.chamfer",[{"references":[2823,3034,2933,3097,2625,3098,2780,2794,2793,2705,2781,2670,2680,2814,2813,3084,3083,3077,3073,3121,3120,3155,3154,3022,3090,2994,3032,3150,3151,3152,3153],"name":"F1_chamfer_shell_skin_py_17","id":4,"distance1":"@expr.d200_cham ...
[0m[0;32m[2026-09-16 12:55:40.040][VERB] RETURN: {"result":"$3169"}
[0m[2026-09-16 12:55:40.076][DEBUG] Build graphic in: 21ms
[0;32m[2026-09-16 12:55:40.082][VERB] COMMANDCALL: _C.SafeAPI.Execute(["v1.sketch.create",[{"planeId":38,"name":"F201_chamfer_shell_skin_py_17_middle_profile","id":4}]])
[0m[0;32m[2026-09-16 12:55:40.084][VERB] RETURN: {"result":"$3508"}
[0m[2026-09-16 12:55:40.098][DEBUG] Build graphic in: 0ms
[0;32m[2026-09-16 12:55:40.102][VERB] COMMANDCALL: _C.SafeAPI.Execute(["v1.sketch.point",[{"pos":[-1000,-1000,0],"id":3508}]])
[0m[0;32m[2026-09-16 12:55:40.103][VERB] RETURN: {"result":"$3514"}
[0m[2026-09-16 12:55:40.117][DEBUG] Build graphic in: 0ms
[0;32m[2026-09-16 12:55:40.122][VERB] COMMANDCALL: _C.SafeAPI.Execute(["v1.sketch.constraint",[{"type":"FIXATION","id":3508,"geomIds":[3514]}]])
[0m[0;32m[2026-09-16 12:55:40.123][VERB] RETURN: {"result":"$3516"}
[0m[2026-09-16 12:55:40.137][DEBUG] Build graphic in: 0ms
[0;32m[2026-09-16 12:55:40.141][VERB] COMMANDCALL: _C.SafeAPI.Execute(["v1.sketch.line",[{"startPos":[2.1,1.6,0],"genIncidence":0,"genTangency":0,"genFixation":0,"genVertAndHoriz":0,"id":3508,"endPos":[53,1.6,0]}]])
[0m[0;32m[2026-09-16 12:55:40.142][VERB] RETURN: {"result":"$3518"}
[0m[2026-09-16 12:55:40.157][DEBUG] Build graphic in: 0ms
[0;32m[2026-09-16 12:55:40.161][VERB] COMMANDCALL: _C.SafeAPI.Execute(["v1.sketch.getPoints",[{"id":3518}]])
[0m[0;32m[2026-09-16 12:55:40.161][VERB] RETURN: {"result":{"endId":"$3520","startId":"$3519"}}
[0m[0;32m[2026-09-16 12:55:40.180][VERB] COMMANDCALL: _C.SafeAPI.Execute(["v1.sketch.dimension",[{"type":"HORIZONTAL_DISTANCE","value":"@expr.d202_x","name":"x","id":3508,"geomIds":[3514,3519]}]])
[0m[0;32m[2026-09-16 12:55:40.185][VERB] RETURN: {"result":"$3524"}
[0m[2026-09-16 12:55:40.200][DEBUG] Build graphic in: 0ms
[0;32m[2026-09-16 12:55:40.204][VERB] COMMANDCALL: _C.SafeAPI.Execute(["v1.sketch.dimension",[{"type":"VERTICAL_DISTANCE","value":"@expr.d203_y","name":"y","id":3508,"geomIds":[3514,3519]}]])
[0m[0;32m[2026-09-16 12:55:40.209][VERB] RETURN: {"result":"$3528"}
[0m[2026-09-16 12:55:40.224][DEBUG] Build graphic in: 0ms
[0;32m[2026-09-16 12:55:40.228][VERB] COMMANDCALL: _C.SafeAPI.Execute(["v1.sketch.dimension",[{"type":"HORIZONTAL_DISTANCE","value":"@expr.d204_x","name":"x","id":3508,"geomIds":[3514,3520]}]])
[0m[0;32m[2026-09-16 12:55:40.234][VERB] RETURN: {"result":"$3532"}
[0m[2026-09-16 12:55:40.249][DEBUG] Build graphic in: 0ms
[0;32m[2026-09-16 12:55:40.253][VERB] COMMANDCALL: _C.SafeAPI.Execute(["v1.sketch.dimension",[{"type":"VERTICAL_DISTANCE","value":"@expr.d205_y","name":"y","id":3508,"geomIds":[3514,3520]}]])
[0m[0;32m[2026-09-16 12:55:40.260][VERB] RETURN: {"result":"$3536"}
[0m[2026-09-16 12:55:40.274][DEBUG] Build graphic in: 0ms
[0;32m[2026-09-16 12:55:40.279][VERB] COMMANDCALL: _C.SafeAPI.Execute(["v1.sketch.line",[{"startPos":[53,1.6,0],"genIncidence":0,"genTangency":0,"genFixation":0,"genVertAndHoriz":0,"id":3508,"endPos":[53.5,2.1,0]}]])
[0m[0;32m[2026-09-16 12:55:40.282][VERB] RETURN: {"result":"$3538"}
[0m[2026-09-16 12:55:40.296][DEBUG] Build graphic in: 0ms
[0;32m[2026-09-16 12:55:40.300][VERB] COMMANDCALL: _C.SafeAPI.Execute(["v1.sketch.getPoints",[{"id":3538}]])
[0m[0;32m[2026-09-16 12:55:40.301][VERB] RETURN: {"result":{"endId":"$3540","startId":"$3539"}}
[0m[0;32m[2026-09-16 12:55:40.319][VERB] COMMANDCALL: _C.SafeAPI.Execute(["v1.sketch.dimension",[{"type":"HORIZONTAL_DISTANCE","value":"@expr.d206_x","name":"x","id":3508,"geomIds":[3514,3539]}]])
[0m[0;32m[2026-09-16 12:55:40.327][VERB] RETURN: {"result":"$3544"}
[0m[2026-09-16 12:55:40.341][DEBUG] Build graphic in: 0ms
[0;32m[2026-09-16 12:55:40.346][VERB] COMMANDCALL: _C.SafeAPI.Execute(["v1.sketch.dimension",[{"type":"VERTICAL_DISTANCE","value":"@expr.d207_y","name":"y","id":3508,"geomIds":[3514,3539]}]])
[0m[0;32m[2026-09-16 12:55:40.354][VERB] RETURN: {"result":"$3548"}
[0m[2026-09-16 12:55:40.369][DEBUG] Build graphic in: 0ms
[0;32m[2026-09-16 12:55:40.373][VERB] COMMANDCALL: _C.SafeAPI.Execute(["v1.sketch.dimension",[{"type":"HORIZONTAL_DISTANCE","value":"@expr.d208_x","name":"x","id":3508,"geomIds":[3514,3540]}]])
[0m[0;32m[2026-09-16 12:55:40.382][VERB] RETURN: {"result":"$3552"}
[0m[2026-09-16 12:55:40.397][DEBUG] Build graphic in: 0ms
[0;32m[2026-09-16 12:55:40.402][VERB] COMMANDCALL: _C.SafeAPI.Execute(["v1.sketch.dimension",[{"type":"VERTICAL_DISTANCE","value":"@expr.d209_y","name":"y","id":3508,"geomIds":[3514,3540]}]])
[0m[0;32m[2026-09-16 12:55:40.411][VERB] RETURN: {"result":"$3556"}
[0m[2026-09-16 12:55:40.427][DEBUG] Build graphic in: 0ms
[0;32m[2026-09-16 12:55:40.431][VERB] COMMANDCALL: _C.SafeAPI.Execute(["v1.sketch.line",[{"startPos":[53.5,2.1,0],"genIncidence":0,"genTangency":0,"genFixation":0,"genVertAndHoriz":0,"id":3508,"endPos":[53.5,25.1,0]}]])
[0m[0;32m[2026-09-16 12:55:40.436][VERB] RETURN: {"result":"$3558"}
[0m[2026-09-16 12:55:40.451][DEBUG] Build graphic in: 0ms
[0;32m[2026-09-16 12:55:40.455][VERB] COMMANDCALL: _C.SafeAPI.Execute(["v1.sketch.getPoints",[{"id":3558}]])
[0m[0;32m[2026-09-16 12:55:40.455][VERB] RETURN: {"result":{"endId":"$3560","startId":"$3559"}}
[0m[0;32m[2026-09-16 12:55:40.474][VERB] COMMANDCALL: _C.SafeAPI.Execute(["v1.sketch.dimension",[{"type":"HORIZONTAL_DISTANCE","value":"@expr.d210_x","name":"x","id":3508,"geomIds":[3514,3559]}]])
[0m[0;32m[2026-09-16 12:55:40.484][VERB] RETURN: {"result":"$3564"}
[0m[2026-09-16 12:55:40.499][DEBUG] Build graphic in: 0ms
[0;32m[2026-09-16 12:55:40.504][VERB] COMMANDCALL: _C.SafeAPI.Execute(["v1.sketch.dimension",[{"type":"VERTICAL_DISTANCE","value":"@expr.d211_y","name":"y","id":3508,"geomIds":[3514,3559]}]])
[0m[0;32m[2026-09-16 12:55:40.515][VERB] RETURN: {"result":"$3568"}
[0m[2026-09-16 12:55:40.530][DEBUG] Build graphic in: 0ms
[0;32m[2026-09-16 12:55:40.535][VERB] COMMANDCALL: _C.SafeAPI.Execute(["v1.sketch.dimension",[{"type":"HORIZONTAL_DISTANCE","value":"@expr.d212_x","name":"x","id":3508,"geomIds":[3514,3560]}]])
[0m[0;32m[2026-09-16 12:55:40.547][VERB] RETURN: {"result":"$3572"}
[0m[2026-09-16 12:55:40.562][DEBUG] Build graphic in: 0ms
[0;32m[2026-09-16 12:55:40.566][VERB] COMMANDCALL: _C.SafeAPI.Execute(["v1.sketch.dimension",[{"type":"VERTICAL_DISTANCE","value":"@expr.d213_y","name":"y","id":3508,"geomIds":[3514,3560]}]])
[0m[0;32m[2026-09-16 12:55:40.579][VERB] RETURN: {"result":"$3576"}
[0m[2026-09-16 12:55:40.594][DEBUG] Build graphic in: 0ms
[0;32m[2026-09-16 12:55:40.598][VERB] COMMANDCALL: _C.SafeAPI.Execute(["v1.sketch.line",[{"startPos":[53.5,25.1,0],"genIncidence":0,"genTangency":0,"genFixation":0,"genVertAndHoriz":0,"id":3508,"endPos":[53,25.6,0]}]])
[0m[0;32m[2026-09-16 12:55:40.605][VERB] RETURN: {"result":"$3578"}
[0m[2026-09-16 12:55:40.620][DEBUG] Build graphic in: 0ms
[0;32m[2026-09-16 12:55:40.625][VERB] COMMANDCALL: _C.SafeAPI.Execute(["v1.sketch.getPoints",[{"id":3578}]])
[0m[0;32m[2026-09-16 12:55:40.625][VERB] RETURN: {"result":{"endId":"$3580","startId":"$3579"}}
[0m[0;32m[2026-09-16 12:55:40.644][VERB] COMMANDCALL: _C.SafeAPI.Execute(["v1.sketch.dimension",[{"type":"HORIZONTAL_DISTANCE","value":"@expr.d214_x","name":"x","id":3508,"geomIds":[3514,3579]}]])
[0m[0;32m[2026-09-16 12:55:40.657][VERB] RETURN: {"result":"$3584"}
[0m[2026-09-16 12:55:40.673][DEBUG] Build graphic in: 0ms
[0;32m[2026-09-16 12:55:40.677][VERB] COMMANDCALL: _C.SafeAPI.Execute(["v1.sketch.dimension",[{"type":"VERTICAL_DISTANCE","value":"@expr.d215_y","name":"y","id":3508,"geomIds":[3514,3579]}]])
[0m[0;32m[2026-09-16 12:55:40.691][VERB] RETURN: {"result":"$3588"}
[0m[2026-09-16 12:55:40.707][DEBUG] Build graphic in: 0ms
[0;32m[2026-09-16 12:55:40.711][VERB] COMMANDCALL: _C.SafeAPI.Execute(["v1.sketch.dimension",[{"type":"HORIZONTAL_DISTANCE","value":"@expr.d216_x","name":"x","id":3508,"geomIds":[3514,3580]}]])
[0m[0;32m[2026-09-16 12:55:40.726][VERB] RETURN: {"result":"$3592"}
[0m[2026-09-16 12:55:40.741][DEBUG] Build graphic in: 0ms
[0;32m[2026-09-16 12:55:40.746][VERB] COMMANDCALL: _C.SafeAPI.Execute(["v1.sketch.dimension",[{"type":"VERTICAL_DISTANCE","value":"@expr.d217_y","name":"y","id":3508,"geomIds":[3514,3580]}]])
[0m[0;32m[2026-09-16 12:55:40.761][VERB] RETURN: {"result":"$3596"}
[0m[2026-09-16 12:55:40.777][DEBUG] Build graphic in: 0ms
[0;32m[2026-09-16 12:55:40.782][VERB] COMMANDCALL: _C.SafeAPI.Execute(["v1.sketch.line",[{"startPos":[53,25.6,0],"genIncidence":0,"genTangency":0,"genFixation":0,"genVertAndHoriz":0,"id":3508,"endPos":[2.1,25.6,0]}]])
[0m[0;32m[2026-09-16 12:55:40.789][VERB] RETURN: {"result":"$3598"}
[0m[2026-09-16 12:55:40.805][DEBUG] Build graphic in: 0ms
[0;32m[2026-09-16 12:55:40.809][VERB] COMMANDCALL: _C.SafeAPI.Execute(["v1.sketch.getPoints",[{"id":3598}]])
[0m[0;32m[2026-09-16 12:55:40.809][VERB] RETURN: {"result":{"endId":"$3600","startId":"$3599"}}
[0m[0;32m[2026-09-16 12:55:40.829][VERB] COMMANDCALL: _C.SafeAPI.Execute(["v1.sketch.dimension",[{"type":"HORIZONTAL_DISTANCE","value":"@expr.d218_x","name":"x","id":3508,"geomIds":[3514,3599]}]])
[0m[0;32m[2026-09-16 12:55:40.845][VERB] RETURN: {"result":"$3604"}
[0m[2026-09-16 12:55:40.861][DEBUG] Build graphic in: 0ms
[0;32m[2026-09-16 12:55:40.866][VERB] COMMANDCALL: _C.SafeAPI.Execute(["v1.sketch.dimension",[{"type":"VERTICAL_DISTANCE","value":"@expr.d219_y","name":"y","id":3508,"geomIds":[3514,3599]}]])
[0m[0;32m[2026-09-16 12:55:40.883][VERB] RETURN: {"result":"$3608"}
[0m[2026-09-16 12:55:40.899][DEBUG] Build graphic in: 1ms
[0;32m[2026-09-16 12:55:40.903][VERB] COMMANDCALL: _C.SafeAPI.Execute(["v1.sketch.dimension",[{"type":"HORIZONTAL_DISTANCE","value":"@expr.d220_x","name":"x","id":3508,"geomIds":[3514,3600]}]])
[0m[0;32m[2026-09-16 12:55:40.921][VERB] RETURN: {"result":"$3612"}
[0m[2026-09-16 12:55:40.937][DEBUG] Build graphic in: 1ms
[0;32m[2026-09-16 12:55:40.941][VERB] COMMANDCALL: _C.SafeAPI.Execute(["v1.sketch.dimension",[{"type":"VERTICAL_DISTANCE","value":"@expr.d221_y","name":"y","id":3508,"geomIds":[3514,3600]}]])
[0m[0;32m[2026-09-16 12:55:40.959][VERB] RETURN: {"result":"$3616"}
[0m[2026-09-16 12:55:40.975][DEBUG] Build graphic in: 0ms
[0;32m[2026-09-16 12:55:40.980][VERB] COMMANDCALL: _C.SafeAPI.Execute(["v1.sketch.line",[{"startPos":[2.1,25.6,0],"genIncidence":0,"genTangency":0,"genFixation":0,"genVertAndHoriz":0,"id":3508,"endPos":[1.6,25.1,0]}]])
[0m[0;32m[2026-09-16 12:55:40.989][VERB] RETURN: {"result":"$3618"}
[0m[2026-09-16 12:55:41.005][DEBUG] Build graphic in: 0ms
[0;32m[2026-09-16 12:55:41.010][VERB] COMMANDCALL: _C.SafeAPI.Execute(["v1.sketch.getPoints",[{"id":3618}]])
[0m[0;32m[2026-09-16 12:55:41.010][VERB] RETURN: {"result":{"endId":"$3620","startId":"$3619"}}
[0m[0;32m[2026-09-16 12:55:41.030][VERB] COMMANDCALL: _C.SafeAPI.Execute(["v1.sketch.dimension",[{"type":"HORIZONTAL_DISTANCE","value":"@expr.d222_x","name":"x","id":3508,"geomIds":[3514,3619]}]])
[0m[0;32m[2026-09-16 12:55:41.050][VERB] RETURN: {"result":"$3624"}
[0m[2026-09-16 12:55:41.066][DEBUG] Build graphic in: 1ms
[0;32m[2026-09-16 12:55:41.070][VERB] COMMANDCALL: _C.SafeAPI.Execute(["v1.sketch.dimension",[{"type":"VERTICAL_DISTANCE","value":"@expr.d223_y","name":"y","id":3508,"geomIds":[3514,3619]}]])
[0m[0;32m[2026-09-16 12:55:41.090][VERB] RETURN: {"result":"$3628"}
[0m[2026-09-16 12:55:41.108][DEBUG] Build graphic in: 0ms
[0;32m[2026-09-16 12:55:41.113][VERB] COMMANDCALL: _C.SafeAPI.Execute(["v1.sketch.dimension",[{"type":"HORIZONTAL_DISTANCE","value":"@expr.d224_x","name":"x","id":3508,"geomIds":[3514,3620]}]])
[0m[0;32m[2026-09-16 12:55:41.134][VERB] RETURN: {"result":"$3632"}
[0m[2026-09-16 12:55:41.150][DEBUG] Build graphic in: 0ms
[0;32m[2026-09-16 12:55:41.155][VERB] COMMANDCALL: _C.SafeAPI.Execute(["v1.sketch.dimension",[{"type":"VERTICAL_DISTANCE","value":"@expr.d225_y","name":"y","id":3508,"geomIds":[3514,3620]}]])
[0m[0;32m[2026-09-16 12:55:41.177][VERB] RETURN: {"result":"$3636"}
[0m[2026-09-16 12:55:41.193][DEBUG] Build graphic in: 0ms
[0;32m[2026-09-16 12:55:41.198][VERB] COMMANDCALL: _C.SafeAPI.Execute(["v1.sketch.line",[{"startPos":[1.6,25.1,0],"genIncidence":0,"genTangency":0,"genFixation":0,"genVertAndHoriz":0,"id":3508,"endPos":[1.6,2.1,0]}]])
[0m[0;32m[2026-09-16 12:55:41.208][VERB] RETURN: {"result":"$3638"}
[0m[2026-09-16 12:55:41.224][DEBUG] Build graphic in: 0ms
[0;32m[2026-09-16 12:55:41.229][VERB] COMMANDCALL: _C.SafeAPI.Execute(["v1.sketch.getPoints",[{"id":3638}]])
[0m[0;32m[2026-09-16 12:55:41.229][VERB] RETURN: {"result":{"endId":"$3640","startId":"$3639"}}
[0m[0;32m[2026-09-16 12:55:41.249][VERB] COMMANDCALL: _C.SafeAPI.Execute(["v1.sketch.dimension",[{"type":"HORIZONTAL_DISTANCE","value":"@expr.d226_x","name":"x","id":3508,"geomIds":[3514,3639]}]])
[0m[0;32m[2026-09-16 12:55:41.272][VERB] RETURN: {"result":"$3644"}
[0m[2026-09-16 12:55:41.288][DEBUG] Build graphic in: 0ms
[0;32m[2026-09-16 12:55:41.293][VERB] COMMANDCALL: _C.SafeAPI.Execute(["v1.sketch.dimension",[{"type":"VERTICAL_DISTANCE","value":"@expr.d227_y","name":"y","id":3508,"geomIds":[3514,3639]}]])
[0m[0;32m[2026-09-16 12:55:41.316][VERB] RETURN: {"result":"$3648"}
[0m[2026-09-16 12:55:41.333][DEBUG] Build graphic in: 1ms
[0;32m[2026-09-16 12:55:41.337][VERB] COMMANDCALL: _C.SafeAPI.Execute(["v1.sketch.dimension",[{"type":"HORIZONTAL_DISTANCE","value":"@expr.d228_x","name":"x","id":3508,"geomIds":[3514,3640]}]])
[0m[0;32m[2026-09-16 12:55:41.361][VERB] RETURN: {"result":"$3652"}
[0m[2026-09-16 12:55:41.378][DEBUG] Build graphic in: 1ms
[0;32m[2026-09-16 12:55:41.383][VERB] COMMANDCALL: _C.SafeAPI.Execute(["v1.sketch.dimension",[{"type":"VERTICAL_DISTANCE","value":"@expr.d229_y","name":"y","id":3508,"geomIds":[3514,3640]}]])
[0m[0;32m[2026-09-16 12:55:41.407][VERB] RETURN: {"result":"$3656"}
[0m[2026-09-16 12:55:41.424][DEBUG] Build graphic in: 1ms
[0;32m[2026-09-16 12:55:41.428][VERB] COMMANDCALL: _C.SafeAPI.Execute(["v1.sketch.line",[{"startPos":[1.6,2.1,0],"genIncidence":0,"genTangency":0,"genFixation":0,"genVertAndHoriz":0,"id":3508,"endPos":[2.1,1.6,0]}]])
[0m[0;32m[2026-09-16 12:55:41.441][VERB] RETURN: {"result":"$3658"}
[0m[2026-09-16 12:55:41.457][DEBUG] Build graphic in: 0ms
[0;32m[2026-09-16 12:55:41.461][VERB] COMMANDCALL: _C.SafeAPI.Execute(["v1.sketch.getPoints",[{"id":3658}]])
[0m[0;32m[2026-09-16 12:55:41.462][VERB] RETURN: {"result":{"endId":"$3660","startId":"$3659"}}
[0m[0;32m[2026-09-16 12:55:41.482][VERB] COMMANDCALL: _C.SafeAPI.Execute(["v1.sketch.dimension",[{"type":"HORIZONTAL_DISTANCE","value":"@expr.d230_x","name":"x","id":3508,"geomIds":[3514,3659]}]])
[0m[0;32m[2026-09-16 12:55:41.507][VERB] RETURN: {"result":"$3664"}
[0m[2026-09-16 12:55:41.524][DEBUG] Build graphic in: 0ms
[0;32m[2026-09-16 12:55:41.529][VERB] COMMANDCALL: _C.SafeAPI.Execute(["v1.sketch.dimension",[{"type":"VERTICAL_DISTANCE","value":"@expr.d231_y","name":"y","id":3508,"geomIds":[3514,3659]}]])
[0m[0;32m[2026-09-16 12:55:41.555][VERB] RETURN: {"result":"$3668"}
[0m[2026-09-16 12:55:41.572][DEBUG] Build graphic in: 1ms
[0;32m[2026-09-16 12:55:41.576][VERB] COMMANDCALL: _C.SafeAPI.Execute(["v1.sketch.dimension",[{"type":"HORIZONTAL_DISTANCE","value":"@expr.d232_x","name":"x","id":3508,"geomIds":[3514,3660]}]])
[0m[0;32m[2026-09-16 12:55:41.603][VERB] RETURN: {"result":"$3672"}
[0m[2026-09-16 12:55:41.620][DEBUG] Build graphic in: 1ms
[0;32m[2026-09-16 12:55:41.624][VERB] COMMANDCALL: _C.SafeAPI.Execute(["v1.sketch.dimension",[{"type":"VERTICAL_DISTANCE","value":"@expr.d233_y","name":"y","id":3508,"geomIds":[3514,3660]}]])
[0m[0;32m[2026-09-16 12:55:41.652][VERB] RETURN: {"result":"$3676"}
[0m[2026-09-16 12:55:41.669][DEBUG] Build graphic in: 0ms
[0;32m[2026-09-16 12:55:41.674][VERB] COMMANDCALL: _C.SafeAPI.Execute(["v1.part.extrusion",[{"references":[3518,3538,3558,3578,3598,3618,3638,3658],"name":"F201_chamfer_shell_skin_py_17_middle","taperAngle":0,"limit2":"@expr.d234_height","id":4}]])
[0m[0;32m[2026-09-16 12:55:41.681][VERB] RETURN: {"result":"$3680"}
[0m[2026-09-16 12:55:41.697][DEBUG] Build graphic in: 0ms
[0;32m[2026-09-16 12:55:41.702][VERB] COMMANDCALL: _C.SafeAPI.Execute(["v1.part.translation",[{"references":[34],"name":"F201_chamfer_shell_skin_py_17_middle_2","id":4,"targets":[3680],"distance":"@expr.d235_position"}]])
[0m[0;32m[2026-09-16 12:55:41.707][VERB] RETURN: {"result":"$3751"}
[0m[2026-09-16 12:55:41.724][DEBUG] Build graphic in: 1ms
[0;32m[2026-09-16 12:55:41.729][VERB] COMMANDCALL: _C.SafeAPI.Execute(["v1.part.extrusion",[{"references":[3518,3538,3558,3578,3598,3618,3638,3658],"name":"F201_chamfer_shell_skin_py_17_bottom","taperAngle":0.78539816339745,"limit2":"@expr.d236_bevel_height","id":4}]])
[0m[0;32m[2026-09-16 12:55:41.737][VERB] RETURN: {"result":"$3762"}
[0m[2026-09-16 12:55:41.754][DEBUG] Build graphic in: 0ms
[0;32m[2026-09-16 12:55:41.759][VERB] COMMANDCALL: _C.SafeAPI.Execute(["v1.part.translation",[{"references":[34],"name":"F201_chamfer_shell_skin_py_17_bottom_2","id":4,"targets":[3762],"distance":"@expr.d237_position"}]])
[0m[0;32m[2026-09-16 12:55:41.763][VERB] RETURN: {"result":"$3825"}
[0m[2026-09-16 12:55:41.781][DEBUG] Build graphic in: 0ms
[0;32m[2026-09-16 12:55:41.786][VERB] COMMANDCALL: _C.SafeAPI.Execute(["v1.part.extrusion",[{"references":[3518,3538,3558,3578,3598,3618,3638,3658],"name":"F201_chamfer_shell_skin_py_17_top","taperAngle":0.78539816339745,"limit2":"@expr.d238_bevel_height","id":4}]])
[0m[0;32m[2026-09-16 12:55:41.795][VERB] RETURN: {"result":"$3836"}
[0m[2026-09-16 12:55:41.813][DEBUG] Build graphic in: 1ms
[0;32m[2026-09-16 12:55:41.817][VERB] COMMANDCALL: _C.SafeAPI.Execute(["v1.part.translation",[{"references":[34],"name":"F201_chamfer_shell_skin_py_17_top_2","id":4,"targets":[3836],"distance":"@expr.d239_position"}]])
[0m[0;32m[2026-09-16 12:55:41.822][VERB] RETURN: {"result":"$3899"}
[0m[2026-09-16 12:55:41.840][DEBUG] Build graphic in: 1ms
[0;32m[2026-09-16 12:55:41.845][VERB] COMMANDCALL: _C.SafeAPI.Execute(["v1.part.boolean",[{"type":"UNION","tools":[3825,3899],"target":3751,"name":"F201_chamfer_shell_skin_py_17","id":4}]])
[0m[0;32m[2026-09-16 12:55:41.868][VERB] RETURN: {"result":"$3910"}
[0m[2026-09-16 12:55:41.887][DEBUG] Build graphic in: 2ms
[0;32m[2026-09-16 12:55:41.892][VERB] COMMANDCALL: _C.SafeAPI.Execute(["v1.part.boolean",[{"type":"SUBTRACTION","tools":[3910],"target":3169,"name":"F0_cut_housing_shell_py_58_tool_0","id":4}]])
[0m[0;32m[2026-09-16 12:55:41.950][VERB] RETURN: {"result":"$3989"}
[0m[2026-09-16 12:55:41.990][DEBUG] Build graphic in: 23ms
[0;32m[2026-09-16 12:55:41.995][VERB] COMMANDCALL: _C.SafeAPI.Execute(["v1.sketch.create",[{"planeId":38,"name":"F240_chamfer_shell_skin_py_17_middle_profile","id":4}]])
[0m[0;32m[2026-09-16 12:55:41.997][VERB] RETURN: {"result":"$4157"}
[0m[2026-09-16 12:55:42.015][DEBUG] Build graphic in: 0ms
[0;32m[2026-09-16 12:55:42.020][VERB] COMMANDCALL: _C.SafeAPI.Execute(["v1.sketch.point",[{"pos":[-1000,-1000,0],"id":4157}]])
[0m[0;32m[2026-09-16 12:55:42.021][VERB] RETURN: {"result":"$4163"}
[0m[2026-09-16 12:55:42.038][DEBUG] Build graphic in: 0ms
[0;32m[2026-09-16 12:55:42.043][VERB] COMMANDCALL: _C.SafeAPI.Execute(["v1.sketch.constraint",[{"type":"FIXATION","id":4157,"geomIds":[4163]}]])
[0m[0;32m[2026-09-16 12:55:42.044][VERB] RETURN: {"result":"$4165"}
[0m[2026-09-16 12:55:42.062][DEBUG] Build graphic in: 0ms
[0;32m[2026-09-16 12:55:42.066][VERB] COMMANDCALL: _C.SafeAPI.Execute(["v1.sketch.line",[{"startPos":[2.1,23,0],"genIncidence":0,"genTangency":0,"genFixation":0,"genVertAndHoriz":0,"id":4157,"endPos":[54.7,23,0]}]])
[0m[0;32m[2026-09-16 12:55:42.068][VERB] RETURN: {"result":"$4167"}
[0m[2026-09-16 12:55:42.085][DEBUG] Build graphic in: 0ms
[0;32m[2026-09-16 12:55:42.090][VERB] COMMANDCALL: _C.SafeAPI.Execute(["v1.sketch.getPoints",[{"id":4167}]])
[0m[0;32m[2026-09-16 12:55:42.090][VERB] RETURN: {"result":{"endId":"$4169","startId":"$4168"}}
[0m[0;32m[2026-09-16 12:55:42.112][VERB] COMMANDCALL: _C.SafeAPI.Execute(["v1.sketch.dimension",[{"type":"HORIZONTAL_DISTANCE","value":"@expr.d241_x","name":"x","id":4157,"geomIds":[4163,4168]}]])
[0m[0;32m[2026-09-16 12:55:42.117][VERB] RETURN: {"result":"$4173"}
[0m[2026-09-16 12:55:42.134][DEBUG] Build graphic in: 0ms
[0;32m[2026-09-16 12:55:42.139][VERB] COMMANDCALL: _C.SafeAPI.Execute(["v1.sketch.dimension",[{"type":"VERTICAL_DISTANCE","value":"@expr.d242_y","name":"y","id":4157,"geomIds":[4163,4168]}]])
[0m[0;32m[2026-09-16 12:55:42.144][VERB] RETURN: {"result":"$4177"}
[0m[2026-09-16 12:55:42.162][DEBUG] Build graphic in: 0ms
[0;32m[2026-09-16 12:55:42.167][VERB] COMMANDCALL: _C.SafeAPI.Execute(["v1.sketch.dimension",[{"type":"HORIZONTAL_DISTANCE","value":"@expr.d243_x","name":"x","id":4157,"geomIds":[4163,4169]}]])
[0m[0;32m[2026-09-16 12:55:42.173][VERB] RETURN: {"result":"$4181"}
[0m[2026-09-16 12:55:42.191][DEBUG] Build graphic in: 0ms
[0;32m[2026-09-16 12:55:42.196][VERB] COMMANDCALL: _C.SafeAPI.Execute(["v1.sketch.dimension",[{"type":"VERTICAL_DISTANCE","value":"@expr.d244_y","name":"y","id":4157,"geomIds":[4163,4169]}]])
[0m[0;32m[2026-09-16 12:55:42.203][VERB] RETURN: {"result":"$4185"}
[0m[2026-09-16 12:55:42.221][DEBUG] Build graphic in: 0ms
[0;32m[2026-09-16 12:55:42.226][VERB] COMMANDCALL: _C.SafeAPI.Execute(["v1.sketch.line",[{"startPos":[54.7,23,0],"genIncidence":0,"genTangency":0,"genFixation":0,"genVertAndHoriz":0,"id":4157,"endPos":[55.2,23.5,0]}]])
[0m[0;32m[2026-09-16 12:55:42.229][VERB] RETURN: {"result":"$4187"}
[0m[2026-09-16 12:55:42.248][DEBUG] Build graphic in: 0ms
[0;32m[2026-09-16 12:55:42.252][VERB] COMMANDCALL: _C.SafeAPI.Execute(["v1.sketch.getPoints",[{"id":4187}]])
[0m[0;32m[2026-09-16 12:55:42.253][VERB] RETURN: {"result":{"endId":"$4189","startId":"$4188"}}
[0m[0;32m[2026-09-16 12:55:42.275][VERB] COMMANDCALL: _C.SafeAPI.Execute(["v1.sketch.dimension",[{"type":"HORIZONTAL_DISTANCE","value":"@expr.d245_x","name":"x","id":4157,"geomIds":[4163,4188]}]])
[0m[0;32m[2026-09-16 12:55:42.283][VERB] RETURN: {"result":"$4193"}
[0m[2026-09-16 12:55:42.301][DEBUG] Build graphic in: 0ms
[0;32m[2026-09-16 12:55:42.306][VERB] COMMANDCALL: _C.SafeAPI.Execute(["v1.sketch.dimension",[{"type":"VERTICAL_DISTANCE","value":"@expr.d246_y","name":"y","id":4157,"geomIds":[4163,4188]}]])
[0m[0;32m[2026-09-16 12:55:42.314][VERB] RETURN: {"result":"$4197"}
[0m[2026-09-16 12:55:42.332][DEBUG] Build graphic in: 0ms
[0;32m[2026-09-16 12:55:42.337][VERB] COMMANDCALL: _C.SafeAPI.Execute(["v1.sketch.dimension",[{"type":"HORIZONTAL_DISTANCE","value":"@expr.d247_x","name":"x","id":4157,"geomIds":[4163,4189]}]])
[0m[0;32m[2026-09-16 12:55:42.346][VERB] RETURN: {"result":"$4201"}
[0m[2026-09-16 12:55:42.364][DEBUG] Build graphic in: 0ms
[0;32m[2026-09-16 12:55:42.369][VERB] COMMANDCALL: _C.SafeAPI.Execute(["v1.sketch.dimension",[{"type":"VERTICAL_DISTANCE","value":"@expr.d248_y","name":"y","id":4157,"geomIds":[4163,4189]}]])
[0m[0;32m[2026-09-16 12:55:42.378][VERB] RETURN: {"result":"$4205"}
[0m[2026-09-16 12:55:42.397][DEBUG] Build graphic in: 0ms
[0;32m[2026-09-16 12:55:42.402][VERB] COMMANDCALL: _C.SafeAPI.Execute(["v1.sketch.line",[{"startPos":[55.2,23.5,0],"genIncidence":0,"genTangency":0,"genFixation":0,"genVertAndHoriz":0,"id":4157,"endPos":[55.2,61.9,0]}]])
[0m[0;32m[2026-09-16 12:55:42.406][VERB] RETURN: {"result":"$4207"}
[0m[2026-09-16 12:55:42.425][DEBUG] Build graphic in: 0ms
[0;32m[2026-09-16 12:55:42.430][VERB] COMMANDCALL: _C.SafeAPI.Execute(["v1.sketch.getPoints",[{"id":4207}]])
[0m[0;32m[2026-09-16 12:55:42.430][VERB] RETURN: {"result":{"endId":"$4209","startId":"$4208"}}
[0m[0;32m[2026-09-16 12:55:42.453][VERB] COMMANDCALL: _C.SafeAPI.Execute(["v1.sketch.dimension",[{"type":"HORIZONTAL_DISTANCE","value":"@expr.d249_x","name":"x","id":4157,"geomIds":[4163,4208]}]])
[0m[0;32m[2026-09-16 12:55:42.463][VERB] RETURN: {"result":"$4213"}
[0m[2026-09-16 12:55:42.482][DEBUG] Build graphic in: 0ms
[0;32m[2026-09-16 12:55:42.486][VERB] COMMANDCALL: _C.SafeAPI.Execute(["v1.sketch.dimension",[{"type":"VERTICAL_DISTANCE","value":"@expr.d250_y","name":"y","id":4157,"geomIds":[4163,4208]}]])
[0m[0;32m[2026-09-16 12:55:42.498][VERB] RETURN: {"result":"$4217"}
[0m[2026-09-16 12:55:42.517][DEBUG] Build graphic in: 0ms
[0;32m[2026-09-16 12:55:42.522][VERB] COMMANDCALL: _C.SafeAPI.Execute(["v1.sketch.dimension",[{"type":"HORIZONTAL_DISTANCE","value":"@expr.d251_x","name":"x","id":4157,"geomIds":[4163,4209]}]])
[0m[0;32m[2026-09-16 12:55:42.534][VERB] RETURN: {"result":"$4221"}
[0m[2026-09-16 12:55:42.553][DEBUG] Build graphic in: 1ms
[0;32m[2026-09-16 12:55:42.557][VERB] COMMANDCALL: _C.SafeAPI.Execute(["v1.sketch.dimension",[{"type":"VERTICAL_DISTANCE","value":"@expr.d252_y","name":"y","id":4157,"geomIds":[4163,4209]}]])
[0m[0;32m[2026-09-16 12:55:42.570][VERB] RETURN: {"result":"$4225"}
[0m[2026-09-16 12:55:42.589][DEBUG] Build graphic in: 0ms
[0;32m[2026-09-16 12:55:42.594][VERB] COMMANDCALL: _C.SafeAPI.Execute(["v1.sketch.line",[{"startPos":[55.2,61.9,0],"genIncidence":0,"genTangency":0,"genFixation":0,"genVertAndHoriz":0,"id":4157,"endPos":[54.7,62.4,0]}]])
[0m[0;32m[2026-09-16 12:55:42.600][VERB] RETURN: {"result":"$4227"}
[0m[2026-09-16 12:55:42.619][DEBUG] Build graphic in: 0ms
[0;32m[2026-09-16 12:55:42.624][VERB] COMMANDCALL: _C.SafeAPI.Execute(["v1.sketch.getPoints",[{"id":4227}]])
[0m[0;32m[2026-09-16 12:55:42.624][VERB] RETURN: {"result":{"endId":"$4229","startId":"$4228"}}
[0m[0;32m[2026-09-16 12:55:42.648][VERB] COMMANDCALL: _C.SafeAPI.Execute(["v1.sketch.dimension",[{"type":"HORIZONTAL_DISTANCE","value":"@expr.d253_x","name":"x","id":4157,"geomIds":[4163,4228]}]])
[0m[0;32m[2026-09-16 12:55:42.662][VERB] RETURN: {"result":"$4233"}
[0m[2026-09-16 12:55:42.681][DEBUG] Build graphic in: 0ms
[0;32m[2026-09-16 12:55:42.686][VERB] COMMANDCALL: _C.SafeAPI.Execute(["v1.sketch.dimension",[{"type":"VERTICAL_DISTANCE","value":"@expr.d254_y","name":"y","id":4157,"geomIds":[4163,4228]}]])
[0m[0;32m[2026-09-16 12:55:42.700][VERB] RETURN: {"result":"$4237"}
[0m[2026-09-16 12:55:42.719][DEBUG] Build graphic in: 0ms
[0;32m[2026-09-16 12:55:42.724][VERB] COMMANDCALL: _C.SafeAPI.Execute(["v1.sketch.dimension",[{"type":"HORIZONTAL_DISTANCE","value":"@expr.d255_x","name":"x","id":4157,"geomIds":[4163,4229]}]])
[0m[0;32m[2026-09-16 12:55:42.739][VERB] RETURN: {"result":"$4241"}
[0m[2026-09-16 12:55:42.758][DEBUG] Build graphic in: 0ms
[0;32m[2026-09-16 12:55:42.763][VERB] COMMANDCALL: _C.SafeAPI.Execute(["v1.sketch.dimension",[{"type":"VERTICAL_DISTANCE","value":"@expr.d256_y","name":"y","id":4157,"geomIds":[4163,4229]}]])
[0m[0;32m[2026-09-16 12:55:42.778][VERB] RETURN: {"result":"$4245"}
[0m[2026-09-16 12:55:42.797][DEBUG] Build graphic in: 0ms
[0;32m[2026-09-16 12:55:42.802][VERB] COMMANDCALL: _C.SafeAPI.Execute(["v1.sketch.line",[{"startPos":[54.7,62.4,0],"genIncidence":0,"genTangency":0,"genFixation":0,"genVertAndHoriz":0,"id":4157,"endPos":[2.1,62.4,0]}]])
[0m[0;32m[2026-09-16 12:55:42.809][VERB] RETURN: {"result":"$4247"}
[0m[2026-09-16 12:55:42.828][DEBUG] Build graphic in: 0ms
[0;32m[2026-09-16 12:55:42.833][VERB] COMMANDCALL: _C.SafeAPI.Execute(["v1.sketch.getPoints",[{"id":4247}]])
[0m[0;32m[2026-09-16 12:55:42.834][VERB] RETURN: {"result":{"endId":"$4249","startId":"$4248"}}
[0m[0;32m[2026-09-16 12:55:42.857][VERB] COMMANDCALL: _C.SafeAPI.Execute(["v1.sketch.dimension",[{"type":"HORIZONTAL_DISTANCE","value":"@expr.d257_x","name":"x","id":4157,"geomIds":[4163,4248]}]])
[0m[0;32m[2026-09-16 12:55:42.873][VERB] RETURN: {"result":"$4253"}
[0m[2026-09-16 12:55:42.893][DEBUG] Build graphic in: 1ms
[0;32m[2026-09-16 12:55:42.898][VERB] COMMANDCALL: _C.SafeAPI.Execute(["v1.sketch.dimension",[{"type":"VERTICAL_DISTANCE","value":"@expr.d258_y","name":"y","id":4157,"geomIds":[4163,4248]}]])
[0m[0;32m[2026-09-16 12:55:42.915][VERB] RETURN: {"result":"$4257"}
[0m[2026-09-16 12:55:42.934][DEBUG] Build graphic in: 0ms
[0;32m[2026-09-16 12:55:42.940][VERB] COMMANDCALL: _C.SafeAPI.Execute(["v1.sketch.dimension",[{"type":"HORIZONTAL_DISTANCE","value":"@expr.d259_x","name":"x","id":4157,"geomIds":[4163,4249]}]])
[0m[0;32m[2026-09-16 12:55:42.958][VERB] RETURN: {"result":"$4261"}
[0m[2026-09-16 12:55:42.978][DEBUG] Build graphic in: 1ms
[0;32m[2026-09-16 12:55:42.983][VERB] COMMANDCALL: _C.SafeAPI.Execute(["v1.sketch.dimension",[{"type":"VERTICAL_DISTANCE","value":"@expr.d260_y","name":"y","id":4157,"geomIds":[4163,4249]}]])
[0m[0;32m[2026-09-16 12:55:43.001][VERB] RETURN: {"result":"$4265"}
[0m[2026-09-16 12:55:43.020][DEBUG] Build graphic in: 0ms
[0;32m[2026-09-16 12:55:43.025][VERB] COMMANDCALL: _C.SafeAPI.Execute(["v1.sketch.line",[{"startPos":[2.1,62.4,0],"genIncidence":0,"genTangency":0,"genFixation":0,"genVertAndHoriz":0,"id":4157,"endPos":[1.6,61.9,0]}]])
[0m[0;32m[2026-09-16 12:55:43.034][VERB] RETURN: {"result":"$4267"}
[0m[2026-09-16 12:55:43.053][DEBUG] Build graphic in: 0ms
[0;32m[2026-09-16 12:55:43.058][VERB] COMMANDCALL: _C.SafeAPI.Execute(["v1.sketch.getPoints",[{"id":4267}]])
[0m[0;32m[2026-09-16 12:55:43.058][VERB] RETURN: {"result":{"endId":"$4269","startId":"$4268"}}
[0m[0;32m[2026-09-16 12:55:43.082][VERB] COMMANDCALL: _C.SafeAPI.Execute(["v1.sketch.dimension",[{"type":"HORIZONTAL_DISTANCE","value":"@expr.d261_x","name":"x","id":4157,"geomIds":[4163,4268]}]])
[0m[0;32m[2026-09-16 12:55:43.102][VERB] RETURN: {"result":"$4273"}
[0m[2026-09-16 12:55:43.122][DEBUG] Build graphic in: 1ms
[0;32m[2026-09-16 12:55:43.127][VERB] COMMANDCALL: _C.SafeAPI.Execute(["v1.sketch.dimension",[{"type":"VERTICAL_DISTANCE","value":"@expr.d262_y","name":"y","id":4157,"geomIds":[4163,4268]}]])
[0m[0;32m[2026-09-16 12:55:43.147][VERB] RETURN: {"result":"$4277"}
[0m[2026-09-16 12:55:43.166][DEBUG] Build graphic in: 0ms
[0;32m[2026-09-16 12:55:43.171][VERB] COMMANDCALL: _C.SafeAPI.Execute(["v1.sketch.dimension",[{"type":"HORIZONTAL_DISTANCE","value":"@expr.d263_x","name":"x","id":4157,"geomIds":[4163,4269]}]])
[0m[0;32m[2026-09-16 12:55:43.192][VERB] RETURN: {"result":"$4281"}
[0m[2026-09-16 12:55:43.212][DEBUG] Build graphic in: 1ms
[0;32m[2026-09-16 12:55:43.217][VERB] COMMANDCALL: _C.SafeAPI.Execute(["v1.sketch.dimension",[{"type":"VERTICAL_DISTANCE","value":"@expr.d264_y","name":"y","id":4157,"geomIds":[4163,4269]}]])
[0m[0;32m[2026-09-16 12:55:43.238][VERB] RETURN: {"result":"$4285"}
[0m[2026-09-16 12:55:43.258][DEBUG] Build graphic in: 0ms
[0;32m[2026-09-16 12:55:43.263][VERB] COMMANDCALL: _C.SafeAPI.Execute(["v1.sketch.line",[{"startPos":[1.6,61.9,0],"genIncidence":0,"genTangency":0,"genFixation":0,"genVertAndHoriz":0,"id":4157,"endPos":[1.6,23.5,0]}]])
[0m[0;32m[2026-09-16 12:55:43.274][VERB] RETURN: {"result":"$4287"}
[0m[2026-09-16 12:55:43.294][DEBUG] Build graphic in: 1ms
[0;32m[2026-09-16 12:55:43.299][VERB] COMMANDCALL: _C.SafeAPI.Execute(["v1.sketch.getPoints",[{"id":4287}]])
[0m[0;32m[2026-09-16 12:55:43.299][VERB] RETURN: {"result":{"endId":"$4289","startId":"$4288"}}
[0m[0;32m[2026-09-16 12:55:43.323][VERB] COMMANDCALL: _C.SafeAPI.Execute(["v1.sketch.dimension",[{"type":"HORIZONTAL_DISTANCE","value":"@expr.d265_x","name":"x","id":4157,"geomIds":[4163,4288]}]])
[0m[0;32m[2026-09-16 12:55:43.346][VERB] RETURN: {"result":"$4293"}
[0m[2026-09-16 12:55:43.366][DEBUG] Build graphic in: 0ms
[0;32m[2026-09-16 12:55:43.371][VERB] COMMANDCALL: _C.SafeAPI.Execute(["v1.sketch.dimension",[{"type":"VERTICAL_DISTANCE","value":"@expr.d266_y","name":"y","id":4157,"geomIds":[4163,4288]}]])
[0m[0;32m[2026-09-16 12:55:43.395][VERB] RETURN: {"result":"$4297"}
[0m[2026-09-16 12:55:43.415][DEBUG] Build graphic in: 1ms
[0;32m[2026-09-16 12:55:43.420][VERB] COMMANDCALL: _C.SafeAPI.Execute(["v1.sketch.dimension",[{"type":"HORIZONTAL_DISTANCE","value":"@expr.d267_x","name":"x","id":4157,"geomIds":[4163,4289]}]])
[0m[0;32m[2026-09-16 12:55:43.444][VERB] RETURN: {"result":"$4301"}
[0m[2026-09-16 12:55:43.464][DEBUG] Build graphic in: 0ms
[0;32m[2026-09-16 12:55:43.469][VERB] COMMANDCALL: _C.SafeAPI.Execute(["v1.sketch.dimension",[{"type":"VERTICAL_DISTANCE","value":"@expr.d268_y","name":"y","id":4157,"geomIds":[4163,4289]}]])
[0m[0;32m[2026-09-16 12:55:43.494][VERB] RETURN: {"result":"$4305"}
[0m[2026-09-16 12:55:43.515][DEBUG] Build graphic in: 1ms
[0;32m[2026-09-16 12:55:43.520][VERB] COMMANDCALL: _C.SafeAPI.Execute(["v1.sketch.line",[{"startPos":[1.6,23.5,0],"genIncidence":0,"genTangency":0,"genFixation":0,"genVertAndHoriz":0,"id":4157,"endPos":[2.1,23,0]}]])
[0m[0;32m[2026-09-16 12:55:43.533][VERB] RETURN: {"result":"$4307"}
[0m[2026-09-16 12:55:43.552][DEBUG] Build graphic in: 0ms
[0;32m[2026-09-16 12:55:43.558][VERB] COMMANDCALL: _C.SafeAPI.Execute(["v1.sketch.getPoints",[{"id":4307}]])
[0m[0;32m[2026-09-16 12:55:43.558][VERB] RETURN: {"result":{"endId":"$4309","startId":"$4308"}}
[0m[0;32m[2026-09-16 12:55:43.583][VERB] COMMANDCALL: _C.SafeAPI.Execute(["v1.sketch.dimension",[{"type":"HORIZONTAL_DISTANCE","value":"@expr.d269_x","name":"x","id":4157,"geomIds":[4163,4308]}]])
[0m[0;32m[2026-09-16 12:55:43.609][VERB] RETURN: {"result":"$4313"}
[0m[2026-09-16 12:55:43.629][DEBUG] Build graphic in: 0ms
[0;32m[2026-09-16 12:55:43.634][VERB] COMMANDCALL: _C.SafeAPI.Execute(["v1.sketch.dimension",[{"type":"VERTICAL_DISTANCE","value":"@expr.d270_y","name":"y","id":4157,"geomIds":[4163,4308]}]])
[0m[0;32m[2026-09-16 12:55:43.661][VERB] RETURN: {"result":"$4317"}
[0m[2026-09-16 12:55:43.681][DEBUG] Build graphic in: 1ms
[0;32m[2026-09-16 12:55:43.686][VERB] COMMANDCALL: _C.SafeAPI.Execute(["v1.sketch.dimension",[{"type":"HORIZONTAL_DISTANCE","value":"@expr.d271_x","name":"x","id":4157,"geomIds":[4163,4309]}]])
[0m[0;32m[2026-09-16 12:55:43.713][VERB] RETURN: {"result":"$4321"}
[0m[2026-09-16 12:55:43.734][DEBUG] Build graphic in: 1ms
[0;32m[2026-09-16 12:55:43.739][VERB] COMMANDCALL: _C.SafeAPI.Execute(["v1.sketch.dimension",[{"type":"VERTICAL_DISTANCE","value":"@expr.d272_y","name":"y","id":4157,"geomIds":[4163,4309]}]])
[0m[0;32m[2026-09-16 12:55:43.766][VERB] RETURN: {"result":"$4325"}
[0m[2026-09-16 12:55:43.787][DEBUG] Build graphic in: 1ms
[0;32m[2026-09-16 12:55:43.792][VERB] COMMANDCALL: _C.SafeAPI.Execute(["v1.part.extrusion",[{"references":[4167,4187,4207,4227,4247,4267,4287,4307],"name":"F240_chamfer_shell_skin_py_17_middle","taperAngle":0,"limit2":"@expr.d273_height","id":4}]])
[0m[0;32m[2026-09-16 12:55:43.798][VERB] RETURN: {"result":"$4329"}
[0m[2026-09-16 12:55:43.819][DEBUG] Build graphic in: 1ms
[0;32m[2026-09-16 12:55:43.824][VERB] COMMANDCALL: _C.SafeAPI.Execute(["v1.part.translation",[{"references":[34],"name":"F240_chamfer_shell_skin_py_17_middle_2","id":4,"targets":[4329],"distance":"@expr.d274_position"}]])
[0m[0;32m[2026-09-16 12:55:43.828][VERB] RETURN: {"result":"$4400"}
[0m[2026-09-16 12:55:43.849][DEBUG] Build graphic in: 1ms
[0;32m[2026-09-16 12:55:43.854][VERB] COMMANDCALL: _C.SafeAPI.Execute(["v1.part.extrusion",[{"references":[4167,4187,4207,4227,4247,4267,4287,4307],"name":"F240_chamfer_shell_skin_py_17_bottom","taperAngle":0.78539816339745,"limit2":"@expr.d275_bevel_height","id":4}]])
[0m[0;32m[2026-09-16 12:55:43.864][VERB] RETURN: {"result":"$4411"}
[0m[2026-09-16 12:55:43.884][DEBUG] Build graphic in: 1ms
[0;32m[2026-09-16 12:55:43.889][VERB] COMMANDCALL: _C.SafeAPI.Execute(["v1.part.translation",[{"references":[34],"name":"F240_chamfer_shell_skin_py_17_bottom_2","id":4,"targets":[4411],"distance":"@expr.d276_position"}]])
[0m[0;32m[2026-09-16 12:55:43.894][VERB] RETURN: {"result":"$4474"}
[0m[2026-09-16 12:55:43.914][DEBUG] Build graphic in: 1ms
[0;32m[2026-09-16 12:55:43.919][VERB] COMMANDCALL: _C.SafeAPI.Execute(["v1.part.extrusion",[{"references":[4167,4187,4207,4227,4247,4267,4287,4307],"name":"F240_chamfer_shell_skin_py_17_top","taperAngle":0.78539816339745,"limit2":"@expr.d277_bevel_height","id":4}]])
[0m[0;32m[2026-09-16 12:55:43.928][VERB] RETURN: {"result":"$4485"}
[0m[2026-09-16 12:55:43.949][DEBUG] Build graphic in: 1ms
[0;32m[2026-09-16 12:55:43.954][VERB] COMMANDCALL: _C.SafeAPI.Execute(["v1.part.translation",[{"references":[34],"name":"F240_chamfer_shell_skin_py_17_top_2","id":4,"targets":[4485],"distance":"@expr.d278_position"}]])
[0m[0;32m[2026-09-16 12:55:43.959][VERB] RETURN: {"result":"$4548"}
[0m[2026-09-16 12:55:43.979][DEBUG] Build graphic in: 0ms
[0;32m[2026-09-16 12:55:43.985][VERB] COMMANDCALL: _C.SafeAPI.Execute(["v1.part.boolean",[{"type":"UNION","tools":[4474,4548],"target":4400,"name":"F240_chamfer_shell_skin_py_17","id":4}]])
[0m[0;32m[2026-09-16 12:55:44.008][VERB] RETURN: {"result":"$4559"}
[0m[2026-09-16 12:55:44.030][DEBUG] Build graphic in: 1ms
[0;32m[2026-09-16 12:55:44.036][VERB] COMMANDCALL: _C.SafeAPI.Execute(["v1.part.boolean",[{"type":"SUBTRACTION","tools":[4559],"target":3989,"name":"F0_cut_housing_shell_py_58_tool_1","id":4}]])
[0m[0;32m[2026-09-16 12:55:44.121][VERB] RETURN: {"result":"$4638"}
[0m[2026-09-16 12:55:44.166][DEBUG] Build graphic in: 24ms
[0;32m[2026-09-16 12:55:44.172][VERB] COMMANDCALL: _C.SafeAPI.Execute(["v1.common.setAppearance",[{"target":4638,"color":[51,58.65,68.85]}]])
[0m[0;32m[2026-09-16 12:55:44.173][VERB] RETURN: {"result":null}
[0m[2026-09-16 12:55:44.217][DEBUG] Build graphic in: 24ms
[0;32m[2026-09-16 12:55:44.223][VERB] COMMANDCALL: _C.SafeAPI.Execute(["v1.assembly.calculateMassProperties",[{"id":4}]])
[0m[0;32m[2026-09-16 12:55:44.250][VERB] RETURN: {"result":{"volume":105847.3687935,"cog":{"z":17.608893587217,"y":25.936439549704,"x":54.663530179315}}}
[0m[0;32m[2026-09-16 12:55:44.276][VERB] COMMANDCALL: _C.SafeAPI.Execute(["v1.common.save",[{"format":"OFB","file":"/Users/dev/dev/awv/classcad-ai/workspace/training/2026-09-16_12-50-53_pvs-cavity-boolean/files/02-uninstrumented-result.ofb"}]])
[0m[0;32m[2026-09-16 12:55:44.279][VERB] GetStateId with StateId=e23617ad-dc51-479b-9434-81cea35a2f82
[0m[0;32m[2026-09-16 12:55:44.300][VERB] RETURN: {"maxLevel":31,"messages":[{"message":"GetStateId with StateId=e23617ad-dc51-479b-9434-81cea35a2f82\n","code":0,"level":31,"api":"v1.common.save","levelStr":"INFO"}],"result":{"success":1}}
[0m[0;32m[2026-09-16 12:55:44.328][VERB] COMMANDCALL: _C.SafeAPI.Execute(["v1.common.setDatabaseSettings",[{"isSketchGraphicEnabled":1,"isGraphicEnabled":1,"isCCGraphicEnabled":1,"doCurveTessellation":1}]])
[0m[0;32m[2026-09-16 12:55:44.329][VERB] RETURN: {"result":null}
[0m[2026-09-16 12:55:44.368][DEBUG] Build graphic in: 19ms
[2026-09-16 12:55:44.407][DEBUG] Build graphic in: 12ms
[0;32m[2026-09-16 12:55:44.433][VERB] COMMANDCALL: _C.SafeAPI.Execute(["v1.sketch.getGeometry",[{"id":62}]])
[0m[0;32m[2026-09-16 12:55:44.434][VERB] RETURN: {"result":{"circles":[],"lines":["$68","$72","$78","$84"],"arcs":[],"points":["$100"]}}
[0m[0;32m[2026-09-16 12:55:44.460][VERB] COMMANDCALL: _C.SafeAPI.Execute(["v1.sketch.getPositions",[{"id":68}]])
[0m[0;32m[2026-09-16 12:55:44.461][VERB] RETURN: {"result":{"endPos":{"z":-1.3,"y":-1.3,"x":52.4},"startPos":{"z":-1.3,"y":-1.3,"x":1.4}}}
[0m[0;32m[2026-09-16 12:55:44.486][VERB] COMMANDCALL: _C.SafeAPI.Execute(["v1.sketch.getPoints",[{"id":68}]])
[0m[0;32m[2026-09-16 12:55:44.487][VERB] RETURN: {"result":{"endId":"$70","startId":"$69"}}
[0m[0;32m[2026-09-16 12:55:44.512][VERB] COMMANDCALL: _C.SafeAPI.Execute(["v1.sketch.getPositions",[{"id":72}]])
[0m[0;32m[2026-09-16 12:55:44.512][VERB] RETURN: {"result":{"endPos":{"z":-1.3,"y":27.3,"x":52.4},"startPos":{"z":-1.3,"y":-1.3,"x":52.4}}}
[0m[0;32m[2026-09-16 12:55:44.537][VERB] COMMANDCALL: _C.SafeAPI.Execute(["v1.sketch.getPoints",[{"id":72}]])
[0m[0;32m[2026-09-16 12:55:44.538][VERB] RETURN: {"result":{"endId":"$74","startId":"$73"}}
[0m[0;32m[2026-09-16 12:55:44.563][VERB] COMMANDCALL: _C.SafeAPI.Execute(["v1.sketch.getPositions",[{"id":78}]])
[0m[0;32m[2026-09-16 12:55:44.563][VERB] RETURN: {"result":{"endPos":{"z":-1.3,"y":27.3,"x":1.4},"startPos":{"z":-1.3,"y":27.3,"x":52.4}}}
[0m[0;32m[2026-09-16 12:55:44.588][VERB] COMMANDCALL: _C.SafeAPI.Execute(["v1.sketch.getPoints",[{"id":78}]])
[0m[0;32m[2026-09-16 12:55:44.589][VERB] RETURN: {"result":{"endId":"$80","startId":"$79"}}
[0m[0;32m[2026-09-16 12:55:44.614][VERB] COMMANDCALL: _C.SafeAPI.Execute(["v1.sketch.getPositions",[{"id":84}]])
[0m[0;32m[2026-09-16 12:55:44.614][VERB] RETURN: {"result":{"endPos":{"z":-1.3,"y":-1.3,"x":1.4},"startPos":{"z":-1.3,"y":27.3,"x":1.4}}}
[0m[0;32m[2026-09-16 12:55:44.640][VERB] COMMANDCALL: _C.SafeAPI.Execute(["v1.sketch.getPoints",[{"id":84}]])
[0m[0;32m[2026-09-16 12:55:44.640][VERB] RETURN: {"result":{"endId":"$86","startId":"$85"}}
[0m[0;32m[2026-09-16 12:55:44.665][VERB] COMMANDCALL: _C.SafeAPI.Execute(["v1.sketch.getPositions",[{"id":100}]])
[0m[0;32m[2026-09-16 12:55:44.665][VERB] RETURN: {"result":{"pos":{"z":-1.3,"y":-1000,"x":-1000}}}
[0m[0;32m[2026-09-16 12:55:44.693][VERB] COMMANDCALL: _C.SafeAPI.Execute(["v1.sketch.getGeometry",[{"id":171}]])
[0m[0;32m[2026-09-16 12:55:44.693][VERB] RETURN: {"result":{"circles":[],"lines":["$177","$181","$187","$193"],"arcs":[],"points":["$209"]}}
[0m[0;32m[2026-09-16 12:55:44.719][VERB] COMMANDCALL: _C.SafeAPI.Execute(["v1.sketch.getPositions",[{"id":177}]])
[0m[0;32m[2026-09-16 12:55:44.719][VERB] RETURN: {"result":{"endPos":{"z":-1.3,"y":1.4,"x":55.1},"startPos":{"z":-1.3,"y":1.4,"x":-1.3}}}
[0m[0;32m[2026-09-16 12:55:44.745][VERB] COMMANDCALL: _C.SafeAPI.Execute(["v1.sketch.getPoints",[{"id":177}]])
[0m[0;32m[2026-09-16 12:55:44.745][VERB] RETURN: {"result":{"endId":"$179","startId":"$178"}}
[0m[0;32m[2026-09-16 12:55:44.770][VERB] COMMANDCALL: _C.SafeAPI.Execute(["v1.sketch.getPositions",[{"id":181}]])
[0m[0;32m[2026-09-16 12:55:44.770][VERB] RETURN: {"result":{"endPos":{"z":-1.3,"y":24.6,"x":55.1},"startPos":{"z":-1.3,"y":1.4,"x":55.1}}}
[0m[0;32m[2026-09-16 12:55:44.795][VERB] COMMANDCALL: _C.SafeAPI.Execute(["v1.sketch.getPoints",[{"id":181}]])
[0m[0;32m[2026-09-16 12:55:44.795][VERB] RETURN: {"result":{"endId":"$183","startId":"$182"}}
[0m[0;32m[2026-09-16 12:55:44.819][VERB] COMMANDCALL: _C.SafeAPI.Execute(["v1.sketch.getPositions",[{"id":187}]])
[0m[0;32m[2026-09-16 12:55:44.820][VERB] RETURN: {"result":{"endPos":{"z":-1.3,"y":24.6,"x":-1.3},"startPos":{"z":-1.3,"y":24.6,"x":55.1}}}
[0m[0;32m[2026-09-16 12:55:44.844][VERB] COMMANDCALL: _C.SafeAPI.Execute(["v1.sketch.getPoints",[{"id":187}]])
[0m[0;32m[2026-09-16 12:55:44.844][VERB] RETURN: {"result":{"endId":"$189","startId":"$188"}}
[0m[0;32m[2026-09-16 12:55:44.869][VERB] COMMANDCALL: _C.SafeAPI.Execute(["v1.sketch.getPositions",[{"id":193}]])
[0m[0;32m[2026-09-16 12:55:44.869][VERB] RETURN: {"result":{"endPos":{"z":-1.3,"y":1.4,"x":-1.3},"startPos":{"z":-1.3,"y":24.6,"x":-1.3}}}
[0m[0;32m[2026-09-16 12:55:44.894][VERB] COMMANDCALL: _C.SafeAPI.Execute(["v1.sketch.getPoints",[{"id":193}]])
[0m[0;32m[2026-09-16 12:55:44.894][VERB] RETURN: {"result":{"endId":"$195","startId":"$194"}}
[0m[0;32m[2026-09-16 12:55:44.920][VERB] COMMANDCALL: _C.SafeAPI.Execute(["v1.sketch.getPositions",[{"id":209}]])
[0m[0;32m[2026-09-16 12:55:44.920][VERB] RETURN: {"result":{"pos":{"z":-1.3,"y":-1000,"x":-1000}}}
[0m[0;32m[2026-09-16 12:55:44.947][VERB] COMMANDCALL: _C.SafeAPI.Execute(["v1.sketch.getGeometry",[{"id":280}]])
[0m[0;32m[2026-09-16 12:55:44.948][VERB] RETURN: {"result":{"circles":["$286"],"lines":[],"arcs":[],"points":["$289"]}}
[0m[0;32m[2026-09-16 12:55:44.973][VERB] COMMANDCALL: _C.SafeAPI.Execute(["v1.sketch.getPoints",[{"id":286}]])
[0m[0;32m[2026-09-16 12:55:44.973][VERB] RETURN: {"result":{"centerId":"$287"}}
[0m[0;32m[2026-09-16 12:55:44.999][VERB] COMMANDCALL: _C.SafeAPI.Execute(["v1.sketch.getPositions",[{"id":287}]])
[0m[0;32m[2026-09-16 12:55:44.999][VERB] RETURN: {"result":{"pos":{"z":-1.3,"y":1.4,"x":1.4}}}
[0m[0;32m[2026-09-16 12:55:45.023][VERB] COMMANDCALL: _C.SafeAPI.Execute(["v1.sketch.getPositions",[{"id":289}]])
[0m[0;32m[2026-09-16 12:55:45.024][VERB] RETURN: {"result":{"pos":{"z":-1.3,"y":-1000,"x":-1000}}}
[0m[0;32m[2026-09-16 12:55:45.050][VERB] COMMANDCALL: _C.SafeAPI.Execute(["v1.sketch.getGeometry",[{"id":335}]])
[0m[0;32m[2026-09-16 12:55:45.050][VERB] RETURN: {"result":{"circles":["$341"],"lines":[],"arcs":[],"points":["$344"]}}
[0m[0;32m[2026-09-16 12:55:45.075][VERB] COMMANDCALL: _C.SafeAPI.Execute(["v1.sketch.getPoints",[{"id":341}]])
[0m[0;32m[2026-09-16 12:55:45.075][VERB] RETURN: {"result":{"centerId":"$342"}}
[0m[0;32m[2026-09-16 12:55:45.100][VERB] COMMANDCALL: _C.SafeAPI.Execute(["v1.sketch.getPositions",[{"id":342}]])
[0m[0;32m[2026-09-16 12:55:45.100][VERB] RETURN: {"result":{"pos":{"z":-1.3,"y":24.6,"x":1.4}}}
[0m[0;32m[2026-09-16 12:55:45.125][VERB] COMMANDCALL: _C.SafeAPI.Execute(["v1.sketch.getPositions",[{"id":344}]])
[0m[0;32m[2026-09-16 12:55:45.125][VERB] RETURN: {"result":{"pos":{"z":-1.3,"y":-1000,"x":-1000}}}
[0m[0;32m[2026-09-16 12:55:45.150][VERB] COMMANDCALL: _C.SafeAPI.Execute(["v1.sketch.getGeometry",[{"id":390}]])
[0m[0;32m[2026-09-16 12:55:45.151][VERB] RETURN: {"result":{"circles":["$396"],"lines":[],"arcs":[],"points":["$399"]}}
[0m[0;32m[2026-09-16 12:55:45.175][VERB] COMMANDCALL: _C.SafeAPI.Execute(["v1.sketch.getPoints",[{"id":396}]])
[0m[0;32m[2026-09-16 12:55:45.176][VERB] RETURN: {"result":{"centerId":"$397"}}
[0m[0;32m[2026-09-16 12:55:45.200][VERB] COMMANDCALL: _C.SafeAPI.Execute(["v1.sketch.getPositions",[{"id":397}]])
[0m[0;32m[2026-09-16 12:55:45.201][VERB] RETURN: {"result":{"pos":{"z":-1.3,"y":1.4,"x":52.4}}}
[0m[0;32m[2026-09-16 12:55:45.226][VERB] COMMANDCALL: _C.SafeAPI.Execute(["v1.sketch.getPositions",[{"id":399}]])
[0m[0;32m[2026-09-16 12:55:45.226][VERB] RETURN: {"result":{"pos":{"z":-1.3,"y":-1000,"x":-1000}}}
[0m[0;32m[2026-09-16 12:55:45.251][VERB] COMMANDCALL: _C.SafeAPI.Execute(["v1.sketch.getGeometry",[{"id":445}]])
[0m[0;32m[2026-09-16 12:55:45.251][VERB] RETURN: {"result":{"circles":["$451"],"lines":[],"arcs":[],"points":["$454"]}}
[0m[0;32m[2026-09-16 12:55:45.276][VERB] COMMANDCALL: _C.SafeAPI.Execute(["v1.sketch.getPoints",[{"id":451}]])
[0m[0;32m[2026-09-16 12:55:45.276][VERB] RETURN: {"result":{"centerId":"$452"}}
[0m[0;32m[2026-09-16 12:55:45.301][VERB] COMMANDCALL: _C.SafeAPI.Execute(["v1.sketch.getPositions",[{"id":452}]])
[0m[0;32m[2026-09-16 12:55:45.302][VERB] RETURN: {"result":{"pos":{"z":-1.3,"y":24.6,"x":52.4}}}
[0m[0;32m[2026-09-16 12:55:45.327][VERB] COMMANDCALL: _C.SafeAPI.Execute(["v1.sketch.getPositions",[{"id":454}]])
[0m[0;32m[2026-09-16 12:55:45.327][VERB] RETURN: {"result":{"pos":{"z":-1.3,"y":-1000,"x":-1000}}}
[0m[0;32m[2026-09-16 12:55:45.353][VERB] COMMANDCALL: _C.SafeAPI.Execute(["v1.sketch.getGeometry",[{"id":500}]])
[0m[0;32m[2026-09-16 12:55:45.353][VERB] RETURN: {"result":{"circles":[],"lines":["$506","$510","$516","$522"],"arcs":[],"points":["$538"]}}
[0m[0;32m[2026-09-16 12:55:45.378][VERB] COMMANDCALL: _C.SafeAPI.Execute(["v1.sketch.getPositions",[{"id":506}]])
[0m[0;32m[2026-09-16 12:55:45.378][VERB] RETURN: {"result":{"endPos":{"z":-1.3,"y":20.1,"x":56.4},"startPos":{"z":-1.3,"y":20.1,"x":1.4}}}
[0m[0;32m[2026-09-16 12:55:45.403][VERB] COMMANDCALL: _C.SafeAPI.Execute(["v1.sketch.getPoints",[{"id":506}]])
[0m[0;32m[2026-09-16 12:55:45.403][VERB] RETURN: {"result":{"endId":"$508","startId":"$507"}}
[0m[0;32m[2026-09-16 12:55:45.428][VERB] COMMANDCALL: _C.SafeAPI.Execute(["v1.sketch.getPositions",[{"id":510}]])
[0m[0;32m[2026-09-16 12:55:45.428][VERB] RETURN: {"result":{"endPos":{"z":-1.3,"y":65.9,"x":56.4},"startPos":{"z":-1.3,"y":20.1,"x":56.4}}}
[0m[0;32m[2026-09-16 12:55:45.453][VERB] COMMANDCALL: _C.SafeAPI.Execute(["v1.sketch.getPoints",[{"id":510}]])
[0m[0;32m[2026-09-16 12:55:45.454][VERB] RETURN: {"result":{"endId":"$512","startId":"$511"}}
[0m[0;32m[2026-09-16 12:55:45.478][VERB] COMMANDCALL: _C.SafeAPI.Execute(["v1.sketch.getPositions",[{"id":516}]])
[0m[0;32m[2026-09-16 12:55:45.479][VERB] RETURN: {"result":{"endPos":{"z":-1.3,"y":65.9,"x":1.4},"startPos":{"z":-1.3,"y":65.9,"x":56.4}}}
[0m[0;32m[2026-09-16 12:55:45.504][VERB] COMMANDCALL: _C.SafeAPI.Execute(["v1.sketch.getPoints",[{"id":516}]])
[0m[0;32m[2026-09-16 12:55:45.504][VERB] RETURN: {"result":{"endId":"$518","startId":"$517"}}
[0m[0;32m[2026-09-16 12:55:45.529][VERB] COMMANDCALL: _C.SafeAPI.Execute(["v1.sketch.getPositions",[{"id":522}]])
[0m[0;32m[2026-09-16 12:55:45.529][VERB] RETURN: {"result":{"endPos":{"z":-1.3,"y":20.1,"x":1.4},"startPos":{"z":-1.3,"y":65.9,"x":1.4}}}
[0m[0;32m[2026-09-16 12:55:45.554][VERB] COMMANDCALL: _C.SafeAPI.Execute(["v1.sketch.getPoints",[{"id":522}]])
[0m[0;32m[2026-09-16 12:55:45.554][VERB] RETURN: {"result":{"endId":"$524","startId":"$523"}}
[0m[0;32m[2026-09-16 12:55:45.579][VERB] COMMANDCALL: _C.SafeAPI.Execute(["v1.sketch.getPositions",[{"id":538}]])
[0m[0;32m[2026-09-16 12:55:45.579][VERB] RETURN: {"result":{"pos":{"z":-1.3,"y":-1000,"x":-1000}}}
[0m[0;32m[2026-09-16 12:55:45.605][VERB] COMMANDCALL: _C.SafeAPI.Execute(["v1.sketch.getGeometry",[{"id":609}]])
[0m[0;32m[2026-09-16 12:55:45.605][VERB] RETURN: {"result":{"circles":[],"lines":["$615","$619","$625","$631"],"arcs":[],"points":["$647"]}}
[0m[0;32m[2026-09-16 12:55:45.630][VERB] COMMANDCALL: _C.SafeAPI.Execute(["v1.sketch.getPositions",[{"id":615}]])
[0m[0;32m[2026-09-16 12:55:45.630][VERB] RETURN: {"result":{"endPos":{"z":-1.3,"y":22.8,"x":59.1},"startPos":{"z":-1.3,"y":22.8,"x":-1.3}}}
[0m[0;32m[2026-09-16 12:55:45.655][VERB] COMMANDCALL: _C.SafeAPI.Execute(["v1.sketch.getPoints",[{"id":615}]])
[0m[0;32m[2026-09-16 12:55:45.656][VERB] RETURN: {"result":{"endId":"$617","startId":"$616"}}
[0m[0;32m[2026-09-16 12:55:45.680][VERB] COMMANDCALL: _C.SafeAPI.Execute(["v1.sketch.getPositions",[{"id":619}]])
[0m[0;32m[2026-09-16 12:55:45.681][VERB] RETURN: {"result":{"endPos":{"z":-1.3,"y":63.2,"x":59.1},"startPos":{"z":-1.3,"y":22.8,"x":59.1}}}
[0m[0;32m[2026-09-16 12:55:45.706][VERB] COMMANDCALL: _C.SafeAPI.Execute(["v1.sketch.getPoints",[{"id":619}]])
[0m[0;32m[2026-09-16 12:55:45.706][VERB] RETURN: {"result":{"endId":"$621","startId":"$620"}}
[0m[0;32m[2026-09-16 12:55:45.731][VERB] COMMANDCALL: _C.SafeAPI.Execute(["v1.sketch.getPositions",[{"id":625}]])
[0m[0;32m[2026-09-16 12:55:45.731][VERB] RETURN: {"result":{"endPos":{"z":-1.3,"y":63.2,"x":-1.3},"startPos":{"z":-1.3,"y":63.2,"x":59.1}}}
[0m[0;32m[2026-09-16 12:55:45.756][VERB] COMMANDCALL: _C.SafeAPI.Execute(["v1.sketch.getPoints",[{"id":625}]])
[0m[0;32m[2026-09-16 12:55:45.756][VERB] RETURN: {"result":{"endId":"$627","startId":"$626"}}
[0m[0;32m[2026-09-16 12:55:45.781][VERB] COMMANDCALL: _C.SafeAPI.Execute(["v1.sketch.getPositions",[{"id":631}]])
[0m[0;32m[2026-09-16 12:55:45.781][VERB] RETURN: {"result":{"endPos":{"z":-1.3,"y":22.8,"x":-1.3},"startPos":{"z":-1.3,"y":63.2,"x":-1.3}}}
[0m[0;32m[2026-09-16 12:55:45.806][VERB] COMMANDCALL: _C.SafeAPI.Execute(["v1.sketch.getPoints",[{"id":631}]])
[0m[0;32m[2026-09-16 12:55:45.806][VERB] RETURN: {"result":{"endId":"$633","startId":"$632"}}
[0m[0;32m[2026-09-16 12:55:45.830][VERB] COMMANDCALL: _C.SafeAPI.Execute(["v1.sketch.getPositions",[{"id":647}]])
[0m[0;32m[2026-09-16 12:55:45.831][VERB] RETURN: {"result":{"pos":{"z":-1.3,"y":-1000,"x":-1000}}}
[0m[0;32m[2026-09-16 12:55:45.856][VERB] COMMANDCALL: _C.SafeAPI.Execute(["v1.sketch.getGeometry",[{"id":718}]])
[0m[0;32m[2026-09-16 12:55:45.856][VERB] RETURN: {"result":{"circles":["$724"],"lines":[],"arcs":[],"points":["$727"]}}
[0m[0;32m[2026-09-16 12:55:45.881][VERB] COMMANDCALL: _C.SafeAPI.Execute(["v1.sketch.getPoints",[{"id":724}]])
[0m[0;32m[2026-09-16 12:55:45.881][VERB] RETURN: {"result":{"centerId":"$725"}}
[0m[0;32m[2026-09-16 12:55:45.906][VERB] COMMANDCALL: _C.SafeAPI.Execute(["v1.sketch.getPositions",[{"id":725}]])
[0m[0;32m[2026-09-16 12:55:45.907][VERB] RETURN: {"result":{"pos":{"z":-1.3,"y":22.8,"x":1.4}}}
[0m[0;32m[2026-09-16 12:55:45.931][VERB] COMMANDCALL: _C.SafeAPI.Execute(["v1.sketch.getPositions",[{"id":727}]])
[0m[0;32m[2026-09-16 12:55:45.932][VERB] RETURN: {"result":{"pos":{"z":-1.3,"y":-1000,"x":-1000}}}
[0m[0;32m[2026-09-16 12:55:45.957][VERB] COMMANDCALL: _C.SafeAPI.Execute(["v1.sketch.getGeometry",[{"id":773}]])
[0m[0;32m[2026-09-16 12:55:45.957][VERB] RETURN: {"result":{"circles":["$779"],"lines":[],"arcs":[],"points":["$782"]}}
[0m[0;32m[2026-09-16 12:55:45.983][VERB] COMMANDCALL: _C.SafeAPI.Execute(["v1.sketch.getPoints",[{"id":779}]])
[0m[0;32m[2026-09-16 12:55:45.983][VERB] RETURN: {"result":{"centerId":"$780"}}
[0m[0;32m[2026-09-16 12:55:46.008][VERB] COMMANDCALL: _C.SafeAPI.Execute(["v1.sketch.getPositions",[{"id":780}]])
[0m[0;32m[2026-09-16 12:55:46.008][VERB] RETURN: {"result":{"pos":{"z":-1.3,"y":63.2,"x":1.4}}}
[0m[0;32m[2026-09-16 12:55:46.033][VERB] COMMANDCALL: _C.SafeAPI.Execute(["v1.sketch.getPositions",[{"id":782}]])
[0m[0;32m[2026-09-16 12:55:46.034][VERB] RETURN: {"result":{"pos":{"z":-1.3,"y":-1000,"x":-1000}}}
[0m[0;32m[2026-09-16 12:55:46.058][VERB] COMMANDCALL: _C.SafeAPI.Execute(["v1.sketch.getGeometry",[{"id":828}]])
[0m[0;32m[2026-09-16 12:55:46.059][VERB] RETURN: {"result":{"circles":["$834"],"lines":[],"arcs":[],"points":["$837"]}}
[0m[0;32m[2026-09-16 12:55:46.084][VERB] COMMANDCALL: _C.SafeAPI.Execute(["v1.sketch.getPoints",[{"id":834}]])
[0m[0;32m[2026-09-16 12:55:46.084][VERB] RETURN: {"result":{"centerId":"$835"}}
[0m[0;32m[2026-09-16 12:55:46.109][VERB] COMMANDCALL: _C.SafeAPI.Execute(["v1.sketch.getPositions",[{"id":835}]])
[0m[0;32m[2026-09-16 12:55:46.109][VERB] RETURN: {"result":{"pos":{"z":-1.3,"y":22.8,"x":56.4}}}
[0m[0;32m[2026-09-16 12:55:46.134][VERB] COMMANDCALL: _C.SafeAPI.Execute(["v1.sketch.getPositions",[{"id":837}]])
[0m[0;32m[2026-09-16 12:55:46.134][VERB] RETURN: {"result":{"pos":{"z":-1.3,"y":-1000,"x":-1000}}}
[0m[0;32m[2026-09-16 12:55:46.159][VERB] COMMANDCALL: _C.SafeAPI.Execute(["v1.sketch.getGeometry",[{"id":883}]])
[0m[0;32m[2026-09-16 12:55:46.159][VERB] RETURN: {"result":{"circles":["$889"],"lines":[],"arcs":[],"points":["$892"]}}
[0m[0;32m[2026-09-16 12:55:46.185][VERB] COMMANDCALL: _C.SafeAPI.Execute(["v1.sketch.getPoints",[{"id":889}]])
[0m[0;32m[2026-09-16 12:55:46.185][VERB] RETURN: {"result":{"centerId":"$890"}}
[0m[0;32m[2026-09-16 12:55:46.209][VERB] COMMANDCALL: _C.SafeAPI.Execute(["v1.sketch.getPositions",[{"id":890}]])
[0m[0;32m[2026-09-16 12:55:46.209][VERB] RETURN: {"result":{"pos":{"z":-1.3,"y":63.2,"x":56.4}}}
[0m[0;32m[2026-09-16 12:55:46.234][VERB] COMMANDCALL: _C.SafeAPI.Execute(["v1.sketch.getPositions",[{"id":892}]])
[0m[0;32m[2026-09-16 12:55:46.234][VERB] RETURN: {"result":{"pos":{"z":-1.3,"y":-1000,"x":-1000}}}
[0m[0;32m[2026-09-16 12:55:46.260][VERB] COMMANDCALL: _C.SafeAPI.Execute(["v1.sketch.getGeometry",[{"id":938}]])
[0m[0;32m[2026-09-16 12:55:46.261][VERB] RETURN: {"result":{"circles":[],"lines":["$944","$948","$954","$960"],"arcs":[],"points":["$976"]}}
[0m[0;32m[2026-09-16 12:55:46.286][VERB] COMMANDCALL: _C.SafeAPI.Execute(["v1.sketch.getPositions",[{"id":944}]])
[0m[0;32m[2026-09-16 12:55:46.286][VERB] RETURN: {"result":{"endPos":{"z":-1.3,"y":-1.3,"x":89.8},"startPos":{"z":-1.3,"y":-1.3,"x":48.8}}}
[0m[0;32m[2026-09-16 12:55:46.311][VERB] COMMANDCALL: _C.SafeAPI.Execute(["v1.sketch.getPoints",[{"id":944}]])
[0m[0;32m[2026-09-16 12:55:46.311][VERB] RETURN: {"result":{"endId":"$946","startId":"$945"}}
[0m[0;32m[2026-09-16 12:55:46.336][VERB] COMMANDCALL: _C.SafeAPI.Execute(["v1.sketch.getPositions",[{"id":948}]])
[0m[0;32m[2026-09-16 12:55:46.336][VERB] RETURN: {"result":{"endPos":{"z":-1.3,"y":40.8,"x":89.8},"startPos":{"z":-1.3,"y":-1.3,"x":89.8}}}
[0m[0;32m[2026-09-16 12:55:46.361][VERB] COMMANDCALL: _C.SafeAPI.Execute(["v1.sketch.getPoints",[{"id":948}]])
[0m[0;32m[2026-09-16 12:55:46.362][VERB] RETURN: {"result":{"endId":"$950","startId":"$949"}}
[0m[0;32m[2026-09-16 12:55:46.386][VERB] COMMANDCALL: _C.SafeAPI.Execute(["v1.sketch.getPositions",[{"id":954}]])
[0m[0;32m[2026-09-16 12:55:46.386][VERB] RETURN: {"result":{"endPos":{"z":-1.3,"y":40.8,"x":48.8},"startPos":{"z":-1.3,"y":40.8,"x":89.8}}}
[0m[0;32m[2026-09-16 12:55:46.412][VERB] COMMANDCALL: _C.SafeAPI.Execute(["v1.sketch.getPoints",[{"id":954}]])
[0m[0;32m[2026-09-16 12:55:46.412][VERB] RETURN: {"result":{"endId":"$956","startId":"$955"}}
[0m[0;32m[2026-09-16 12:55:46.437][VERB] COMMANDCALL: _C.SafeAPI.Execute(["v1.sketch.getPositions",[{"id":960}]])
[0m[0;32m[2026-09-16 12:55:46.437][VERB] RETURN: {"result":{"endPos":{"z":-1.3,"y":-1.3,"x":48.8},"startPos":{"z":-1.3,"y":40.8,"x":48.8}}}
[0m[0;32m[2026-09-16 12:55:46.462][VERB] COMMANDCALL: _C.SafeAPI.Execute(["v1.sketch.getPoints",[{"id":960}]])
[0m[0;32m[2026-09-16 12:55:46.462][VERB] RETURN: {"result":{"endId":"$962","startId":"$961"}}
[0m[0;32m[2026-09-16 12:55:46.488][VERB] COMMANDCALL: _C.SafeAPI.Execute(["v1.sketch.getPositions",[{"id":976}]])
[0m[0;32m[2026-09-16 12:55:46.488][VERB] RETURN: {"result":{"pos":{"z":-1.3,"y":-1000,"x":-1000}}}
[0m[0;32m[2026-09-16 12:55:46.514][VERB] COMMANDCALL: _C.SafeAPI.Execute(["v1.sketch.getGeometry",[{"id":1047}]])
[0m[0;32m[2026-09-16 12:55:46.514][VERB] RETURN: {"result":{"circles":[],"lines":["$1053","$1057","$1063","$1069"],"arcs":[],"points":["$1085"]}}
[0m[0;32m[2026-09-16 12:55:46.538][VERB] COMMANDCALL: _C.SafeAPI.Execute(["v1.sketch.getPositions",[{"id":1053}]])
[0m[0;32m[2026-09-16 12:55:46.539][VERB] RETURN: {"result":{"endPos":{"z":-1.3,"y":1.4,"x":92.5},"startPos":{"z":-1.3,"y":1.4,"x":46.1}}}
[0m[0;32m[2026-09-16 12:55:46.564][VERB] COMMANDCALL: _C.SafeAPI.Execute(["v1.sketch.getPoints",[{"id":1053}]])
[0m[0;32m[2026-09-16 12:55:46.564][VERB] RETURN: {"result":{"endId":"$1055","startId":"$1054"}}
[0m[0;32m[2026-09-16 12:55:46.589][VERB] COMMANDCALL: _C.SafeAPI.Execute(["v1.sketch.getPositions",[{"id":1057}]])
[0m[0;32m[2026-09-16 12:55:46.589][VERB] RETURN: {"result":{"endPos":{"z":-1.3,"y":38.1,"x":92.5},"startPos":{"z":-1.3,"y":1.4,"x":92.5}}}
[0m[0;32m[2026-09-16 12:55:46.614][VERB] COMMANDCALL: _C.SafeAPI.Execute(["v1.sketch.getPoints",[{"id":1057}]])
[0m[0;32m[2026-09-16 12:55:46.614][VERB] RETURN: {"result":{"endId":"$1059","startId":"$1058"}}
[0m[0;32m[2026-09-16 12:55:46.639][VERB] COMMANDCALL: _C.SafeAPI.Execute(["v1.sketch.getPositions",[{"id":1063}]])
[0m[0;32m[2026-09-16 12:55:46.639][VERB] RETURN: {"result":{"endPos":{"z":-1.3,"y":38.1,"x":46.1},"startPos":{"z":-1.3,"y":38.1,"x":92.5}}}
[0m[0;32m[2026-09-16 12:55:46.664][VERB] COMMANDCALL: _C.SafeAPI.Execute(["v1.sketch.getPoints",[{"id":1063}]])
[0m[0;32m[2026-09-16 12:55:46.664][VERB] RETURN: {"result":{"endId":"$1065","startId":"$1064"}}
[0m[0;32m[2026-09-16 12:55:46.689][VERB] COMMANDCALL: _C.SafeAPI.Execute(["v1.sketch.getPositions",[{"id":1069}]])
[0m[0;32m[2026-09-16 12:55:46.689][VERB] RETURN: {"result":{"endPos":{"z":-1.3,"y":1.4,"x":46.1},"startPos":{"z":-1.3,"y":38.1,"x":46.1}}}
[0m[0;32m[2026-09-16 12:55:46.714][VERB] COMMANDCALL: _C.SafeAPI.Execute(["v1.sketch.getPoints",[{"id":1069}]])
[0m[0;32m[2026-09-16 12:55:46.714][VERB] RETURN: {"result":{"endId":"$1071","startId":"$1070"}}
[0m[0;32m[2026-09-16 12:55:46.739][VERB] COMMANDCALL: _C.SafeAPI.Execute(["v1.sketch.getPositions",[{"id":1085}]])
[0m[0;32m[2026-09-16 12:55:46.739][VERB] RETURN: {"result":{"pos":{"z":-1.3,"y":-1000,"x":-1000}}}
[0m[0;32m[2026-09-16 12:55:46.764][VERB] COMMANDCALL: _C.SafeAPI.Execute(["v1.sketch.getGeometry",[{"id":1156}]])
[0m[0;32m[2026-09-16 12:55:46.764][VERB] RETURN: {"result":{"circles":["$1162"],"lines":[],"arcs":[],"points":["$1165"]}}
[0m[0;32m[2026-09-16 12:55:46.790][VERB] COMMANDCALL: _C.SafeAPI.Execute(["v1.sketch.getPoints",[{"id":1162}]])
[0m[0;32m[2026-09-16 12:55:46.790][VERB] RETURN: {"result":{"centerId":"$1163"}}
[0m[0;32m[2026-09-16 12:55:46.816][VERB] COMMANDCALL: _C.SafeAPI.Execute(["v1.sketch.getPositions",[{"id":1163}]])
[0m[0;32m[2026-09-16 12:55:46.816][VERB] RETURN: {"result":{"pos":{"z":-1.3,"y":1.4,"x":48.8}}}
[0m[0;32m[2026-09-16 12:55:46.841][VERB] COMMANDCALL: _C.SafeAPI.Execute(["v1.sketch.getPositions",[{"id":1165}]])
[0m[0;32m[2026-09-16 12:55:46.841][VERB] RETURN: {"result":{"pos":{"z":-1.3,"y":-1000,"x":-1000}}}
[0m[0;32m[2026-09-16 12:55:46.867][VERB] COMMANDCALL: _C.SafeAPI.Execute(["v1.sketch.getGeometry",[{"id":1211}]])
[0m[0;32m[2026-09-16 12:55:46.867][VERB] RETURN: {"result":{"circles":["$1217"],"lines":[],"arcs":[],"points":["$1220"]}}
[0m[0;32m[2026-09-16 12:55:46.893][VERB] COMMANDCALL: _C.SafeAPI.Execute(["v1.sketch.getPoints",[{"id":1217}]])
[0m[0;32m[2026-09-16 12:55:46.893][VERB] RETURN: {"result":{"centerId":"$1218"}}
[0m[0;32m[2026-09-16 12:55:46.919][VERB] COMMANDCALL: _C.SafeAPI.Execute(["v1.sketch.getPositions",[{"id":1218}]])
[0m[0;32m[2026-09-16 12:55:46.919][VERB] RETURN: {"result":{"pos":{"z":-1.3,"y":38.1,"x":48.8}}}
[0m[0;32m[2026-09-16 12:55:46.944][VERB] COMMANDCALL: _C.SafeAPI.Execute(["v1.sketch.getPositions",[{"id":1220}]])
[0m[0;32m[2026-09-16 12:55:46.944][VERB] RETURN: {"result":{"pos":{"z":-1.3,"y":-1000,"x":-1000}}}
[0m[0;32m[2026-09-16 12:55:46.970][VERB] COMMANDCALL: _C.SafeAPI.Execute(["v1.sketch.getGeometry",[{"id":1266}]])
[0m[0;32m[2026-09-16 12:55:46.970][VERB] RETURN: {"result":{"circles":["$1272"],"lines":[],"arcs":[],"points":["$1275"]}}
[0m[0;32m[2026-09-16 12:55:46.995][VERB] COMMANDCALL: _C.SafeAPI.Execute(["v1.sketch.getPoints",[{"id":1272}]])
[0m[0;32m[2026-09-16 12:55:46.996][VERB] RETURN: {"result":{"centerId":"$1273"}}
[0m[0;32m[2026-09-16 12:55:47.021][VERB] COMMANDCALL: _C.SafeAPI.Execute(["v1.sketch.getPositions",[{"id":1273}]])
[0m[0;32m[2026-09-16 12:55:47.021][VERB] RETURN: {"result":{"pos":{"z":-1.3,"y":1.4,"x":89.8}}}
[0m[0;32m[2026-09-16 12:55:47.046][VERB] COMMANDCALL: _C.SafeAPI.Execute(["v1.sketch.getPositions",[{"id":1275}]])
[0m[0;32m[2026-09-16 12:55:47.046][VERB] RETURN: {"result":{"pos":{"z":-1.3,"y":-1000,"x":-1000}}}
[0m[0;32m[2026-09-16 12:55:47.071][VERB] COMMANDCALL: _C.SafeAPI.Execute(["v1.sketch.getGeometry",[{"id":1321}]])
[0m[0;32m[2026-09-16 12:55:47.071][VERB] RETURN: {"result":{"circles":["$1327"],"lines":[],"arcs":[],"points":["$1330"]}}
[0m[0;32m[2026-09-16 12:55:47.096][VERB] COMMANDCALL: _C.SafeAPI.Execute(["v1.sketch.getPoints",[{"id":1327}]])
[0m[0;32m[2026-09-16 12:55:47.096][VERB] RETURN: {"result":{"centerId":"$1328"}}
[0m[0;32m[2026-09-16 12:55:47.121][VERB] COMMANDCALL: _C.SafeAPI.Execute(["v1.sketch.getPositions",[{"id":1328}]])
[0m[0;32m[2026-09-16 12:55:47.121][VERB] RETURN: {"result":{"pos":{"z":-1.3,"y":38.1,"x":89.8}}}
[0m[0;32m[2026-09-16 12:55:47.146][VERB] COMMANDCALL: _C.SafeAPI.Execute(["v1.sketch.getPositions",[{"id":1330}]])
[0m[0;32m[2026-09-16 12:55:47.146][VERB] RETURN: {"result":{"pos":{"z":-1.3,"y":-1000,"x":-1000}}}
[0m[0;32m[2026-09-16 12:55:47.172][VERB] COMMANDCALL: _C.SafeAPI.Execute(["v1.sketch.getGeometry",[{"id":1376}]])
[0m[0;32m[2026-09-16 12:55:47.172][VERB] RETURN: {"result":{"circles":[],"lines":["$1382","$1386","$1392","$1398"],"arcs":[],"points":["$1414"]}}
[0m[0;32m[2026-09-16 12:55:47.197][VERB] COMMANDCALL: _C.SafeAPI.Execute(["v1.sketch.getPositions",[{"id":1382}]])
[0m[0;32m[2026-09-16 12:55:47.198][VERB] RETURN: {"result":{"endPos":{"z":-1.3,"y":-1.3,"x":92.5},"startPos":{"z":-1.3,"y":-1.3,"x":89.8}}}
[0m[0;32m[2026-09-16 12:55:47.222][VERB] COMMANDCALL: _C.SafeAPI.Execute(["v1.sketch.getPoints",[{"id":1382}]])
[0m[0;32m[2026-09-16 12:55:47.222][VERB] RETURN: {"result":{"endId":"$1384","startId":"$1383"}}
[0m[0;32m[2026-09-16 12:55:47.247][VERB] COMMANDCALL: _C.SafeAPI.Execute(["v1.sketch.getPositions",[{"id":1386}]])
[0m[0;32m[2026-09-16 12:55:47.248][VERB] RETURN: {"result":{"endPos":{"z":-1.3,"y":40.8,"x":92.5},"startPos":{"z":-1.3,"y":-1.3,"x":92.5}}}
[0m[0;32m[2026-09-16 12:55:47.273][VERB] COMMANDCALL: _C.SafeAPI.Execute(["v1.sketch.getPoints",[{"id":1386}]])
[0m[0;32m[2026-09-16 12:55:47.273][VERB] RETURN: {"result":{"endId":"$1388","startId":"$1387"}}
[0m[0;32m[2026-09-16 12:55:47.298][VERB] COMMANDCALL: _C.SafeAPI.Execute(["v1.sketch.getPositions",[{"id":1392}]])
[0m[0;32m[2026-09-16 12:55:47.298][VERB] RETURN: {"result":{"endPos":{"z":-1.3,"y":40.8,"x":89.8},"startPos":{"z":-1.3,"y":40.8,"x":92.5}}}
[0m[0;32m[2026-09-16 12:55:47.323][VERB] COMMANDCALL: _C.SafeAPI.Execute(["v1.sketch.getPoints",[{"id":1392}]])
[0m[0;32m[2026-09-16 12:55:47.323][VERB] RETURN: {"result":{"endId":"$1394","startId":"$1393"}}
[0m[0;32m[2026-09-16 12:55:47.348][VERB] COMMANDCALL: _C.SafeAPI.Execute(["v1.sketch.getPositions",[{"id":1398}]])
[0m[0;32m[2026-09-16 12:55:47.348][VERB] RETURN: {"result":{"endPos":{"z":-1.3,"y":-1.3,"x":89.8},"startPos":{"z":-1.3,"y":40.8,"x":89.8}}}
[0m[0;32m[2026-09-16 12:55:47.373][VERB] COMMANDCALL: _C.SafeAPI.Execute(["v1.sketch.getPoints",[{"id":1398}]])
[0m[0;32m[2026-09-16 12:55:47.373][VERB] RETURN: {"result":{"endId":"$1400","startId":"$1399"}}
[0m[0;32m[2026-09-16 12:55:47.398][VERB] COMMANDCALL: _C.SafeAPI.Execute(["v1.sketch.getPositions",[{"id":1414}]])
[0m[0;32m[2026-09-16 12:55:47.398][VERB] RETURN: {"result":{"pos":{"z":-1.3,"y":-1000,"x":-1000}}}
[0m[0;32m[2026-09-16 12:55:47.424][VERB] COMMANDCALL: _C.SafeAPI.Execute(["v1.sketch.getGeometry",[{"id":1485}]])
[0m[0;32m[2026-09-16 12:55:47.424][VERB] RETURN: {"result":{"circles":[],"lines":["$1491","$1495","$1501","$1507"],"arcs":[],"points":["$1523"]}}
[0m[0;32m[2026-09-16 12:55:47.451][VERB] COMMANDCALL: _C.SafeAPI.Execute(["v1.sketch.getPositions",[{"id":1491}]])
[0m[0;32m[2026-09-16 12:55:47.451][VERB] RETURN: {"result":{"endPos":{"z":-1.3,"y":-7,"x":92.5},"startPos":{"z":-1.3,"y":-7,"x":88.05}}}
[0m[0;32m[2026-09-16 12:55:47.476][VERB] COMMANDCALL: _C.SafeAPI.Execute(["v1.sketch.getPoints",[{"id":1491}]])
[0m[0;32m[2026-09-16 12:55:47.476][VERB] RETURN: {"result":{"endId":"$1493","startId":"$1492"}}
[0m[0;32m[2026-09-16 12:55:47.501][VERB] COMMANDCALL: _C.SafeAPI.Execute(["v1.sketch.getPositions",[{"id":1495}]])
[0m[0;32m[2026-09-16 12:55:47.501][VERB] RETURN: {"result":{"endPos":{"z":-1.3,"y":5,"x":92.5},"startPos":{"z":-1.3,"y":-7,"x":92.5}}}
[0m[0;32m[2026-09-16 12:55:47.527][VERB] COMMANDCALL: _C.SafeAPI.Execute(["v1.sketch.getPoints",[{"id":1495}]])
[0m[0;32m[2026-09-16 12:55:47.527][VERB] RETURN: {"result":{"endId":"$1497","startId":"$1496"}}
[0m[0;32m[2026-09-16 12:55:47.553][VERB] COMMANDCALL: _C.SafeAPI.Execute(["v1.sketch.getPositions",[{"id":1501}]])
[0m[0;32m[2026-09-16 12:55:47.553][VERB] RETURN: {"result":{"endPos":{"z":-1.3,"y":5,"x":88.05},"startPos":{"z":-1.3,"y":5,"x":92.5}}}
[0m[0;32m[2026-09-16 12:55:47.578][VERB] COMMANDCALL: _C.SafeAPI.Execute(["v1.sketch.getPoints",[{"id":1501}]])
[0m[0;32m[2026-09-16 12:55:47.578][VERB] RETURN: {"result":{"endId":"$1503","startId":"$1502"}}
[0m[0;32m[2026-09-16 12:55:47.603][VERB] COMMANDCALL: _C.SafeAPI.Execute(["v1.sketch.getPositions",[{"id":1507}]])
[0m[0;32m[2026-09-16 12:55:47.604][VERB] RETURN: {"result":{"endPos":{"z":-1.3,"y":-7,"x":88.05},"startPos":{"z":-1.3,"y":5,"x":88.05}}}
[0m[0;32m[2026-09-16 12:55:47.629][VERB] COMMANDCALL: _C.SafeAPI.Execute(["v1.sketch.getPoints",[{"id":1507}]])
[0m[0;32m[2026-09-16 12:55:47.629][VERB] RETURN: {"result":{"endId":"$1509","startId":"$1508"}}
[0m[0;32m[2026-09-16 12:55:47.655][VERB] COMMANDCALL: _C.SafeAPI.Execute(["v1.sketch.getPositions",[{"id":1523}]])
[0m[0;32m[2026-09-16 12:55:47.655][VERB] RETURN: {"result":{"pos":{"z":-1.3,"y":-1000,"x":-1000}}}
[0m[0;32m[2026-09-16 12:55:47.681][VERB] COMMANDCALL: _C.SafeAPI.Execute(["v1.sketch.getGeometry",[{"id":1594}]])
[0m[0;32m[2026-09-16 12:55:47.681][VERB] RETURN: {"result":{"circles":[],"lines":["$1600","$1604","$1610","$1616"],"arcs":[],"points":["$1632"]}}
[0m[0;32m[2026-09-16 12:55:47.706][VERB] COMMANDCALL: _C.SafeAPI.Execute(["v1.sketch.getPositions",[{"id":1600}]])
[0m[0;32m[2026-09-16 12:55:47.706][VERB] RETURN: {"result":{"endPos":{"z":-1.3,"y":-4,"x":88.05},"startPos":{"z":-1.3,"y":-4,"x":85.35}}}
[0m[0;32m[2026-09-16 12:55:47.732][VERB] COMMANDCALL: _C.SafeAPI.Execute(["v1.sketch.getPoints",[{"id":1600}]])
[0m[0;32m[2026-09-16 12:55:47.732][VERB] RETURN: {"result":{"endId":"$1602","startId":"$1601"}}
[0m[0;32m[2026-09-16 12:55:47.757][VERB] COMMANDCALL: _C.SafeAPI.Execute(["v1.sketch.getPositions",[{"id":1604}]])
[0m[0;32m[2026-09-16 12:55:47.758][VERB] RETURN: {"result":{"endPos":{"z":-1.3,"y":-1.3,"x":88.05},"startPos":{"z":-1.3,"y":-4,"x":88.05}}}
[0m[0;32m[2026-09-16 12:55:47.783][VERB] COMMANDCALL: _C.SafeAPI.Execute(["v1.sketch.getPoints",[{"id":1604}]])
[0m[0;32m[2026-09-16 12:55:47.783][VERB] RETURN: {"result":{"endId":"$1606","startId":"$1605"}}
[0m[0;32m[2026-09-16 12:55:47.808][VERB] COMMANDCALL: _C.SafeAPI.Execute(["v1.sketch.getPositions",[{"id":1610}]])
[0m[0;32m[2026-09-16 12:55:47.809][VERB] RETURN: {"result":{"endPos":{"z":-1.3,"y":-1.3,"x":85.35},"startPos":{"z":-1.3,"y":-1.3,"x":88.05}}}
[0m[0;32m[2026-09-16 12:55:47.833][VERB] COMMANDCALL: _C.SafeAPI.Execute(["v1.sketch.getPoints",[{"id":1610}]])
[0m[0;32m[2026-09-16 12:55:47.833][VERB] RETURN: {"result":{"endId":"$1612","startId":"$1611"}}
[0m[0;32m[2026-09-16 12:55:47.858][VERB] COMMANDCALL: _C.SafeAPI.Execute(["v1.sketch.getPositions",[{"id":1616}]])
[0m[0;32m[2026-09-16 12:55:47.858][VERB] RETURN: {"result":{"endPos":{"z":-1.3,"y":-4,"x":85.35},"startPos":{"z":-1.3,"y":-1.3,"x":85.35}}}
[0m[0;32m[2026-09-16 12:55:47.883][VERB] COMMANDCALL: _C.SafeAPI.Execute(["v1.sketch.getPoints",[{"id":1616}]])
[0m[0;32m[2026-09-16 12:55:47.884][VERB] RETURN: {"result":{"endId":"$1618","startId":"$1617"}}
[0m[0;32m[2026-09-16 12:55:47.908][VERB] COMMANDCALL: _C.SafeAPI.Execute(["v1.sketch.getPositions",[{"id":1632}]])
[0m[0;32m[2026-09-16 12:55:47.909][VERB] RETURN: {"result":{"pos":{"z":-1.3,"y":-1000,"x":-1000}}}
[0m[0;32m[2026-09-16 12:55:47.934][VERB] COMMANDCALL: _C.SafeAPI.Execute(["v1.sketch.getGeometry",[{"id":1703}]])
[0m[0;32m[2026-09-16 12:55:47.934][VERB] RETURN: {"result":{"circles":["$1709"],"lines":[],"arcs":[],"points":["$1712"]}}
[0m[0;32m[2026-09-16 12:55:47.959][VERB] COMMANDCALL: _C.SafeAPI.Execute(["v1.sketch.getPoints",[{"id":1709}]])
[0m[0;32m[2026-09-16 12:55:47.960][VERB] RETURN: {"result":{"centerId":"$1710"}}
[0m[0;32m[2026-09-16 12:55:47.985][VERB] COMMANDCALL: _C.SafeAPI.Execute(["v1.sketch.getPositions",[{"id":1710}]])
[0m[0;32m[2026-09-16 12:55:47.985][VERB] RETURN: {"result":{"pos":{"z":-1.4,"y":-4,"x":85.35}}}
[0m[0;32m[2026-09-16 12:55:48.010][VERB] COMMANDCALL: _C.SafeAPI.Execute(["v1.sketch.getPositions",[{"id":1712}]])
[0m[0;32m[2026-09-16 12:55:48.010][VERB] RETURN: {"result":{"pos":{"z":-1.4,"y":-1000,"x":-1000}}}
[0m[0;32m[2026-09-16 12:55:48.036][VERB] COMMANDCALL: _C.SafeAPI.Execute(["v1.sketch.getGeometry",[{"id":1776}]])
[0m[0;32m[2026-09-16 12:55:48.036][VERB] RETURN: {"result":{"circles":[],"lines":["$1782","$1786","$1792","$1798"],"arcs":[],"points":["$1814"]}}
[0m[0;32m[2026-09-16 12:55:48.062][VERB] COMMANDCALL: _C.SafeAPI.Execute(["v1.sketch.getPositions",[{"id":1782}]])
[0m[0;32m[2026-09-16 12:55:48.062][VERB] RETURN: {"result":{"endPos":{"z":-1.3,"y":30,"x":92.5},"startPos":{"z":-1.3,"y":30,"x":88.05}}}
[0m[0;32m[2026-09-16 12:55:48.087][VERB] COMMANDCALL: _C.SafeAPI.Execute(["v1.sketch.getPoints",[{"id":1782}]])
[0m[0;32m[2026-09-16 12:55:48.088][VERB] RETURN: {"result":{"endId":"$1784","startId":"$1783"}}
[0m[0;32m[2026-09-16 12:55:48.112][VERB] COMMANDCALL: _C.SafeAPI.Execute(["v1.sketch.getPositions",[{"id":1786}]])
[0m[0;32m[2026-09-16 12:55:48.112][VERB] RETURN: {"result":{"endPos":{"z":-1.3,"y":41.3,"x":92.5},"startPos":{"z":-1.3,"y":30,"x":92.5}}}
[0m[0;32m[2026-09-16 12:55:48.137][VERB] COMMANDCALL: _C.SafeAPI.Execute(["v1.sketch.getPoints",[{"id":1786}]])
[0m[0;32m[2026-09-16 12:55:48.137][VERB] RETURN: {"result":{"endId":"$1788","startId":"$1787"}}
[0m[0;32m[2026-09-16 12:55:48.163][VERB] COMMANDCALL: _C.SafeAPI.Execute(["v1.sketch.getPositions",[{"id":1792}]])
[0m[0;32m[2026-09-16 12:55:48.163][VERB] RETURN: {"result":{"endPos":{"z":-1.3,"y":41.3,"x":88.05},"startPos":{"z":-1.3,"y":41.3,"x":92.5}}}
[0m[0;32m[2026-09-16 12:55:48.188][VERB] COMMANDCALL: _C.SafeAPI.Execute(["v1.sketch.getPoints",[{"id":1792}]])
[0m[0;32m[2026-09-16 12:55:48.188][VERB] RETURN: {"result":{"endId":"$1794","startId":"$1793"}}
[0m[0;32m[2026-09-16 12:55:48.213][VERB] COMMANDCALL: _C.SafeAPI.Execute(["v1.sketch.getPositions",[{"id":1798}]])
[0m[0;32m[2026-09-16 12:55:48.213][VERB] RETURN: {"result":{"endPos":{"z":-1.3,"y":30,"x":88.05},"startPos":{"z":-1.3,"y":41.3,"x":88.05}}}
[0m[0;32m[2026-09-16 12:55:48.238][VERB] COMMANDCALL: _C.SafeAPI.Execute(["v1.sketch.getPoints",[{"id":1798}]])
[0m[0;32m[2026-09-16 12:55:48.238][VERB] RETURN: {"result":{"endId":"$1800","startId":"$1799"}}
[0m[0;32m[2026-09-16 12:55:48.263][VERB] COMMANDCALL: _C.SafeAPI.Execute(["v1.sketch.getPositions",[{"id":1814}]])
[0m[0;32m[2026-09-16 12:55:48.263][VERB] RETURN: {"result":{"pos":{"z":-1.3,"y":-1000,"x":-1000}}}
[0m[0;32m[2026-09-16 12:55:48.289][VERB] COMMANDCALL: _C.SafeAPI.Execute(["v1.sketch.getGeometry",[{"id":1885}]])
[0m[0;32m[2026-09-16 12:55:48.289][VERB] RETURN: {"result":{"circles":[],"lines":["$1891","$1895","$1901","$1907"],"arcs":[],"points":["$1923"]}}
[0m[0;32m[2026-09-16 12:55:48.314][VERB] COMMANDCALL: _C.SafeAPI.Execute(["v1.sketch.getPositions",[{"id":1891}]])
[0m[0;32m[2026-09-16 12:55:48.315][VERB] RETURN: {"result":{"endPos":{"z":16.5,"y":30,"x":92.5},"startPos":{"z":16.5,"y":30,"x":88.05}}}
[0m[0;32m[2026-09-16 12:55:48.340][VERB] COMMANDCALL: _C.SafeAPI.Execute(["v1.sketch.getPoints",[{"id":1891}]])
[0m[0;32m[2026-09-16 12:55:48.340][VERB] RETURN: {"result":{"endId":"$1893","startId":"$1892"}}
[0m[0;32m[2026-09-16 12:55:48.365][VERB] COMMANDCALL: _C.SafeAPI.Execute(["v1.sketch.getPositions",[{"id":1895}]])
[0m[0;32m[2026-09-16 12:55:48.365][VERB] RETURN: {"result":{"endPos":{"z":16.5,"y":38,"x":92.5},"startPos":{"z":16.5,"y":30,"x":92.5}}}
[0m[0;32m[2026-09-16 12:55:48.390][VERB] COMMANDCALL: _C.SafeAPI.Execute(["v1.sketch.getPoints",[{"id":1895}]])
[0m[0;32m[2026-09-16 12:55:48.390][VERB] RETURN: {"result":{"endId":"$1897","startId":"$1896"}}
[0m[0;32m[2026-09-16 12:55:48.415][VERB] COMMANDCALL: _C.SafeAPI.Execute(["v1.sketch.getPositions",[{"id":1901}]])
[0m[0;32m[2026-09-16 12:55:48.415][VERB] RETURN: {"result":{"endPos":{"z":16.5,"y":38,"x":88.05},"startPos":{"z":16.5,"y":38,"x":92.5}}}
[0m[0;32m[2026-09-16 12:55:48.440][VERB] COMMANDCALL: _C.SafeAPI.Execute(["v1.sketch.getPoints",[{"id":1901}]])
[0m[0;32m[2026-09-16 12:55:48.441][VERB] RETURN: {"result":{"endId":"$1903","startId":"$1902"}}
[0m[0;32m[2026-09-16 12:55:48.466][VERB] COMMANDCALL: _C.SafeAPI.Execute(["v1.sketch.getPositions",[{"id":1907}]])
[0m[0;32m[2026-09-16 12:55:48.466][VERB] RETURN: {"result":{"endPos":{"z":16.5,"y":30,"x":88.05},"startPos":{"z":16.5,"y":38,"x":88.05}}}
[0m[0;32m[2026-09-16 12:55:48.490][VERB] COMMANDCALL: _C.SafeAPI.Execute(["v1.sketch.getPoints",[{"id":1907}]])
[0m[0;32m[2026-09-16 12:55:48.491][VERB] RETURN: {"result":{"endId":"$1909","startId":"$1908"}}
[0m[0;32m[2026-09-16 12:55:48.517][VERB] COMMANDCALL: _C.SafeAPI.Execute(["v1.sketch.getPositions",[{"id":1923}]])
[0m[0;32m[2026-09-16 12:55:48.517][VERB] RETURN: {"result":{"pos":{"z":16.5,"y":-1000,"x":-1000}}}
[0m[0;32m[2026-09-16 12:55:48.542][VERB] COMMANDCALL: _C.SafeAPI.Execute(["v1.sketch.getGeometry",[{"id":1994}]])
[0m[0;32m[2026-09-16 12:55:48.543][VERB] RETURN: {"result":{"circles":[],"lines":["$2000","$2004","$2010","$2016"],"arcs":[],"points":["$2032"]}}
[0m[0;32m[2026-09-16 12:55:48.568][VERB] COMMANDCALL: _C.SafeAPI.Execute(["v1.sketch.getPositions",[{"id":2000}]])
[0m[0;32m[2026-09-16 12:55:48.568][VERB] RETURN: {"result":{"endPos":{"z":-1.3,"y":40.8,"x":63.1},"startPos":{"z":-1.3,"y":40.8,"x":59.1}}}
[0m[0;32m[2026-09-16 12:55:48.593][VERB] COMMANDCALL: _C.SafeAPI.Execute(["v1.sketch.getPoints",[{"id":2000}]])
[0m[0;32m[2026-09-16 12:55:48.593][VERB] RETURN: {"result":{"endId":"$2002","startId":"$2001"}}
[0m[0;32m[2026-09-16 12:55:48.619][VERB] COMMANDCALL: _C.SafeAPI.Execute(["v1.sketch.getPositions",[{"id":2004}]])
[0m[0;32m[2026-09-16 12:55:48.619][VERB] RETURN: {"result":{"endPos":{"z":-1.3,"y":44.8,"x":63.1},"startPos":{"z":-1.3,"y":40.8,"x":63.1}}}
[0m[0;32m[2026-09-16 12:55:48.644][VERB] COMMANDCALL: _C.SafeAPI.Execute(["v1.sketch.getPoints",[{"id":2004}]])
[0m[0;32m[2026-09-16 12:55:48.644][VERB] RETURN: {"result":{"endId":"$2006","startId":"$2005"}}
[0m[0;32m[2026-09-16 12:55:48.669][VERB] COMMANDCALL: _C.SafeAPI.Execute(["v1.sketch.getPositions",[{"id":2010}]])
[0m[0;32m[2026-09-16 12:55:48.669][VERB] RETURN: {"result":{"endPos":{"z":-1.3,"y":44.8,"x":59.1},"startPos":{"z":-1.3,"y":44.8,"x":63.1}}}
[0m[0;32m[2026-09-16 12:55:48.694][VERB] COMMANDCALL: _C.SafeAPI.Execute(["v1.sketch.getPoints",[{"id":2010}]])
[0m[0;32m[2026-09-16 12:55:48.694][VERB] RETURN: {"result":{"endId":"$2012","startId":"$2011"}}
[0m[0;32m[2026-09-16 12:55:48.719][VERB] COMMANDCALL: _C.SafeAPI.Execute(["v1.sketch.getPositions",[{"id":2016}]])
[0m[0;32m[2026-09-16 12:55:48.719][VERB] RETURN: {"result":{"endPos":{"z":-1.3,"y":40.8,"x":59.1},"startPos":{"z":-1.3,"y":44.8,"x":59.1}}}
[0m[0;32m[2026-09-16 12:55:48.744][VERB] COMMANDCALL: _C.SafeAPI.Execute(["v1.sketch.getPoints",[{"id":2016}]])
[0m[0;32m[2026-09-16 12:55:48.744][VERB] RETURN: {"result":{"endId":"$2018","startId":"$2017"}}
[0m[0;32m[2026-09-16 12:55:48.769][VERB] COMMANDCALL: _C.SafeAPI.Execute(["v1.sketch.getPositions",[{"id":2032}]])
[0m[0;32m[2026-09-16 12:55:48.769][VERB] RETURN: {"result":{"pos":{"z":-1.3,"y":-1000,"x":-1000}}}
[0m[0;32m[2026-09-16 12:55:48.794][VERB] COMMANDCALL: _C.SafeAPI.Execute(["v1.sketch.getGeometry",[{"id":2103}]])
[0m[0;32m[2026-09-16 12:55:48.795][VERB] RETURN: {"result":{"circles":["$2109"],"lines":[],"arcs":[],"points":["$2112"]}}
[0m[0;32m[2026-09-16 12:55:48.819][VERB] COMMANDCALL: _C.SafeAPI.Execute(["v1.sketch.getPoints",[{"id":2109}]])
[0m[0;32m[2026-09-16 12:55:48.819][VERB] RETURN: {"result":{"centerId":"$2110"}}
[0m[0;32m[2026-09-16 12:55:48.844][VERB] COMMANDCALL: _C.SafeAPI.Execute(["v1.sketch.getPositions",[{"id":2110}]])
[0m[0;32m[2026-09-16 12:55:48.845][VERB] RETURN: {"result":{"pos":{"z":-1.4,"y":44.8,"x":63.1}}}
[0m[0;32m[2026-09-16 12:55:48.870][VERB] COMMANDCALL: _C.SafeAPI.Execute(["v1.sketch.getPositions",[{"id":2112}]])
[0m[0;32m[2026-09-16 12:55:48.870][VERB] RETURN: {"result":{"pos":{"z":-1.4,"y":-1000,"x":-1000}}}
[0m[0;32m[2026-09-16 12:55:48.895][VERB] COMMANDCALL: _C.SafeAPI.Execute(["v1.sketch.getGeometry",[{"id":2176}]])
[0m[0;32m[2026-09-16 12:55:48.896][VERB] RETURN: {"result":{"circles":[],"lines":["$2182","$2186","$2192","$2198"],"arcs":[],"points":["$2214"]}}
[0m[0;32m[2026-09-16 12:55:48.921][VERB] COMMANDCALL: _C.SafeAPI.Execute(["v1.sketch.getPositions",[{"id":2182}]])
[0m[0;32m[2026-09-16 12:55:48.921][VERB] RETURN: {"result":{"endPos":{"z":-1.3,"y":16.1,"x":46.1},"startPos":{"z":-1.3,"y":16.1,"x":42.1}}}
[0m[0;32m[2026-09-16 12:55:48.946][VERB] COMMANDCALL: _C.SafeAPI.Execute(["v1.sketch.getPoints",[{"id":2182}]])
[0m[0;32m[2026-09-16 12:55:48.946][VERB] RETURN: {"result":{"endId":"$2184","startId":"$2183"}}
[0m[0;32m[2026-09-16 12:55:48.971][VERB] COMMANDCALL: _C.SafeAPI.Execute(["v1.sketch.getPositions",[{"id":2186}]])
[0m[0;32m[2026-09-16 12:55:48.972][VERB] RETURN: {"result":{"endPos":{"z":-1.3,"y":20.1,"x":46.1},"startPos":{"z":-1.3,"y":16.1,"x":46.1}}}
[0m[0;32m[2026-09-16 12:55:48.996][VERB] COMMANDCALL: _C.SafeAPI.Execute(["v1.sketch.getPoints",[{"id":2186}]])
[0m[0;32m[2026-09-16 12:55:48.996][VERB] RETURN: {"result":{"endId":"$2188","startId":"$2187"}}
[0m[0;32m[2026-09-16 12:55:49.021][VERB] COMMANDCALL: _C.SafeAPI.Execute(["v1.sketch.getPositions",[{"id":2192}]])
[0m[0;32m[2026-09-16 12:55:49.021][VERB] RETURN: {"result":{"endPos":{"z":-1.3,"y":20.1,"x":42.1},"startPos":{"z":-1.3,"y":20.1,"x":46.1}}}
[0m[0;32m[2026-09-16 12:55:49.046][VERB] COMMANDCALL: _C.SafeAPI.Execute(["v1.sketch.getPoints",[{"id":2192}]])
[0m[0;32m[2026-09-16 12:55:49.046][VERB] RETURN: {"result":{"endId":"$2194","startId":"$2193"}}
[0m[0;32m[2026-09-16 12:55:49.072][VERB] COMMANDCALL: _C.SafeAPI.Execute(["v1.sketch.getPositions",[{"id":2198}]])
[0m[0;32m[2026-09-16 12:55:49.072][VERB] RETURN: {"result":{"endPos":{"z":-1.3,"y":16.1,"x":42.1},"startPos":{"z":-1.3,"y":20.1,"x":42.1}}}
[0m[0;32m[2026-09-16 12:55:49.097][VERB] COMMANDCALL: _C.SafeAPI.Execute(["v1.sketch.getPoints",[{"id":2198}]])
[0m[0;32m[2026-09-16 12:55:49.097][VERB] RETURN: {"result":{"endId":"$2200","startId":"$2199"}}
[0m[0;32m[2026-09-16 12:55:49.122][VERB] COMMANDCALL: _C.SafeAPI.Execute(["v1.sketch.getPositions",[{"id":2214}]])
[0m[0;32m[2026-09-16 12:55:49.122][VERB] RETURN: {"result":{"pos":{"z":-1.3,"y":-1000,"x":-1000}}}
[0m[0;32m[2026-09-16 12:55:49.147][VERB] COMMANDCALL: _C.SafeAPI.Execute(["v1.sketch.getGeometry",[{"id":2285}]])
[0m[0;32m[2026-09-16 12:55:49.148][VERB] RETURN: {"result":{"circles":["$2291"],"lines":[],"arcs":[],"points":["$2294"]}}
[0m[0;32m[2026-09-16 12:55:49.172][VERB] COMMANDCALL: _C.SafeAPI.Execute(["v1.sketch.getPoints",[{"id":2291}]])
[0m[0;32m[2026-09-16 12:55:49.172][VERB] RETURN: {"result":{"centerId":"$2292"}}
[0m[0;32m[2026-09-16 12:55:49.197][VERB] COMMANDCALL: _C.SafeAPI.Execute(["v1.sketch.getPositions",[{"id":2292}]])
[0m[0;32m[2026-09-16 12:55:49.198][VERB] RETURN: {"result":{"pos":{"z":-1.4,"y":16.1,"x":42.1}}}
[0m[0;32m[2026-09-16 12:55:49.222][VERB] COMMANDCALL: _C.SafeAPI.Execute(["v1.sketch.getPositions",[{"id":2294}]])
[0m[0;32m[2026-09-16 12:55:49.222][VERB] RETURN: {"result":{"pos":{"z":-1.4,"y":-1000,"x":-1000}}}
[0m[0;32m[2026-09-16 12:55:49.247][VERB] COMMANDCALL: _C.SafeAPI.Execute(["v1.sketch.getGeometry",[{"id":2358}]])
[0m[0;32m[2026-09-16 12:55:49.248][VERB] RETURN: {"result":{"circles":["$2364"],"lines":[],"arcs":[],"points":["$2367"]}}
[0m[0;32m[2026-09-16 12:55:49.273][VERB] COMMANDCALL: _C.SafeAPI.Execute(["v1.sketch.getPoints",[{"id":2364}]])
[0m[0;32m[2026-09-16 12:55:49.273][VERB] RETURN: {"result":{"centerId":"$2365"}}
[0m[0;32m[2026-09-16 12:55:49.298][VERB] COMMANDCALL: _C.SafeAPI.Execute(["v1.sketch.getPositions",[{"id":2365}]])
[0m[0;32m[2026-09-16 12:55:49.298][VERB] RETURN: {"result":{"pos":{"z":-1.3,"y":38.9,"x":86.8}}}
[0m[0;32m[2026-09-16 12:55:49.323][VERB] COMMANDCALL: _C.SafeAPI.Execute(["v1.sketch.getPositions",[{"id":2367}]])
[0m[0;32m[2026-09-16 12:55:49.323][VERB] RETURN: {"result":{"pos":{"z":-1.3,"y":-1000,"x":-1000}}}
[0m[0;32m[2026-09-16 12:55:49.348][VERB] COMMANDCALL: _C.SafeAPI.Execute(["v1.sketch.getGeometry",[{"id":2413}]])
[0m[0;32m[2026-09-16 12:55:49.348][VERB] RETURN: {"result":{"circles":[],"lines":["$2419","$2423","$2429","$2435"],"arcs":[],"points":["$2451"]}}
[0m[0;32m[2026-09-16 12:55:49.373][VERB] COMMANDCALL: _C.SafeAPI.Execute(["v1.sketch.getPositions",[{"id":2419}]])
[0m[0;32m[2026-09-16 12:55:49.373][VERB] RETURN: {"result":{"endPos":{"z":-1.3,"y":30,"x":92.5},"startPos":{"z":-1.3,"y":30,"x":86.8}}}
[0m[0;32m[2026-09-16 12:55:49.399][VERB] COMMANDCALL: _C.SafeAPI.Execute(["v1.sketch.getPoints",[{"id":2419}]])
[0m[0;32m[2026-09-16 12:55:49.399][VERB] RETURN: {"result":{"endId":"$2421","startId":"$2420"}}
[0m[0;32m[2026-09-16 12:55:49.424][VERB] COMMANDCALL: _C.SafeAPI.Execute(["v1.sketch.getPositions",[{"id":2423}]])
[0m[0;32m[2026-09-16 12:55:49.425][VERB] RETURN: {"result":{"endPos":{"z":-1.3,"y":43,"x":92.5},"startPos":{"z":-1.3,"y":30,"x":92.5}}}
[0m[0;32m[2026-09-16 12:55:49.450][VERB] COMMANDCALL: _C.SafeAPI.Execute(["v1.sketch.getPoints",[{"id":2423}]])
[0m[0;32m[2026-09-16 12:55:49.451][VERB] RETURN: {"result":{"endId":"$2425","startId":"$2424"}}
[0m[0;32m[2026-09-16 12:55:49.476][VERB] COMMANDCALL: _C.SafeAPI.Execute(["v1.sketch.getPositions",[{"id":2429}]])
[0m[0;32m[2026-09-16 12:55:49.477][VERB] RETURN: {"result":{"endPos":{"z":-1.3,"y":43,"x":86.8},"startPos":{"z":-1.3,"y":43,"x":92.5}}}
[0m[0;32m[2026-09-16 12:55:49.502][VERB] COMMANDCALL: _C.SafeAPI.Execute(["v1.sketch.getPoints",[{"id":2429}]])
[0m[0;32m[2026-09-16 12:55:49.502][VERB] RETURN: {"result":{"endId":"$2431","startId":"$2430"}}
[0m[0;32m[2026-09-16 12:55:49.529][VERB] COMMANDCALL: _C.SafeAPI.Execute(["v1.sketch.getPositions",[{"id":2435}]])
[0m[0;32m[2026-09-16 12:55:49.529][VERB] RETURN: {"result":{"endPos":{"z":-1.3,"y":30,"x":86.8},"startPos":{"z":-1.3,"y":43,"x":86.8}}}
[0m[0;32m[2026-09-16 12:55:49.555][VERB] COMMANDCALL: _C.SafeAPI.Execute(["v1.sketch.getPoints",[{"id":2435}]])
[0m[0;32m[2026-09-16 12:55:49.555][VERB] RETURN: {"result":{"endId":"$2437","startId":"$2436"}}
[0m[0;32m[2026-09-16 12:55:49.580][VERB] COMMANDCALL: _C.SafeAPI.Execute(["v1.sketch.getPositions",[{"id":2451}]])
[0m[0;32m[2026-09-16 12:55:49.580][VERB] RETURN: {"result":{"pos":{"z":-1.3,"y":-1000,"x":-1000}}}
[0m[0;32m[2026-09-16 12:55:49.607][VERB] COMMANDCALL: _C.SafeAPI.Execute(["v1.sketch.getGeometry",[{"id":3508}]])
[0m[0;32m[2026-09-16 12:55:49.607][VERB] RETURN: {"result":{"circles":[],"lines":["$3518","$3538","$3558","$3578","$3598","$3618","$3638","$3658"],"arcs":[],"points":["$3514"]}}
[0m[0;32m[2026-09-16 12:55:49.633][VERB] COMMANDCALL: _C.SafeAPI.Execute(["v1.sketch.getPositions",[{"id":3518}]])
[0m[0;32m[2026-09-16 12:55:49.633][VERB] RETURN: {"result":{"endPos":{"z":0,"y":1.6,"x":53},"startPos":{"z":0,"y":1.6,"x":2.1}}}
[0m[0;32m[2026-09-16 12:55:49.658][VERB] COMMANDCALL: _C.SafeAPI.Execute(["v1.sketch.getPoints",[{"id":3518}]])
[0m[0;32m[2026-09-16 12:55:49.659][VERB] RETURN: {"result":{"endId":"$3520","startId":"$3519"}}
[0m[0;32m[2026-09-16 12:55:49.684][VERB] COMMANDCALL: _C.SafeAPI.Execute(["v1.sketch.getPositions",[{"id":3538}]])
[0m[0;32m[2026-09-16 12:55:49.685][VERB] RETURN: {"result":{"endPos":{"z":0,"y":2.1,"x":53.5},"startPos":{"z":0,"y":1.6,"x":53}}}
[0m[0;32m[2026-09-16 12:55:49.711][VERB] COMMANDCALL: _C.SafeAPI.Execute(["v1.sketch.getPoints",[{"id":3538}]])
[0m[0;32m[2026-09-16 12:55:49.711][VERB] RETURN: {"result":{"endId":"$3540","startId":"$3539"}}
[0m[0;32m[2026-09-16 12:55:49.738][VERB] COMMANDCALL: _C.SafeAPI.Execute(["v1.sketch.getPositions",[{"id":3558}]])
[0m[0;32m[2026-09-16 12:55:49.739][VERB] RETURN: {"result":{"endPos":{"z":0,"y":25.1,"x":53.5},"startPos":{"z":0,"y":2.1,"x":53.5}}}
[0m[0;32m[2026-09-16 12:55:49.764][VERB] COMMANDCALL: _C.SafeAPI.Execute(["v1.sketch.getPoints",[{"id":3558}]])
[0m[0;32m[2026-09-16 12:55:49.764][VERB] RETURN: {"result":{"endId":"$3560","startId":"$3559"}}
[0m[0;32m[2026-09-16 12:55:49.789][VERB] COMMANDCALL: _C.SafeAPI.Execute(["v1.sketch.getPositions",[{"id":3578}]])
[0m[0;32m[2026-09-16 12:55:49.789][VERB] RETURN: {"result":{"endPos":{"z":0,"y":25.6,"x":53},"startPos":{"z":0,"y":25.1,"x":53.5}}}
[0m[0;32m[2026-09-16 12:55:49.814][VERB] COMMANDCALL: _C.SafeAPI.Execute(["v1.sketch.getPoints",[{"id":3578}]])
[0m[0;32m[2026-09-16 12:55:49.814][VERB] RETURN: {"result":{"endId":"$3580","startId":"$3579"}}
[0m[0;32m[2026-09-16 12:55:49.841][VERB] COMMANDCALL: _C.SafeAPI.Execute(["v1.sketch.getPositions",[{"id":3598}]])
[0m[0;32m[2026-09-16 12:55:49.841][VERB] RETURN: {"result":{"endPos":{"z":0,"y":25.6,"x":2.1},"startPos":{"z":0,"y":25.6,"x":53}}}
[0m[0;32m[2026-09-16 12:55:49.866][VERB] COMMANDCALL: _C.SafeAPI.Execute(["v1.sketch.getPoints",[{"id":3598}]])
[0m[0;32m[2026-09-16 12:55:49.866][VERB] RETURN: {"result":{"endId":"$3600","startId":"$3599"}}
[0m[0;32m[2026-09-16 12:55:49.891][VERB] COMMANDCALL: _C.SafeAPI.Execute(["v1.sketch.getPositions",[{"id":3618}]])
[0m[0;32m[2026-09-16 12:55:49.891][VERB] RETURN: {"result":{"endPos":{"z":0,"y":25.1,"x":1.6},"startPos":{"z":0,"y":25.6,"x":2.1}}}
[0m[0;32m[2026-09-16 12:55:49.917][VERB] COMMANDCALL: _C.SafeAPI.Execute(["v1.sketch.getPoints",[{"id":3618}]])
[0m[0;32m[2026-09-16 12:55:49.917][VERB] RETURN: {"result":{"endId":"$3620","startId":"$3619"}}
[0m[0;32m[2026-09-16 12:55:49.941][VERB] COMMANDCALL: _C.SafeAPI.Execute(["v1.sketch.getPositions",[{"id":3638}]])
[0m[0;32m[2026-09-16 12:55:49.942][VERB] RETURN: {"result":{"endPos":{"z":0,"y":2.1,"x":1.6},"startPos":{"z":0,"y":25.1,"x":1.6}}}
[0m[0;32m[2026-09-16 12:55:49.966][VERB] COMMANDCALL: _C.SafeAPI.Execute(["v1.sketch.getPoints",[{"id":3638}]])
[0m[0;32m[2026-09-16 12:55:49.967][VERB] RETURN: {"result":{"endId":"$3640","startId":"$3639"}}
[0m[0;32m[2026-09-16 12:55:49.992][VERB] COMMANDCALL: _C.SafeAPI.Execute(["v1.sketch.getPositions",[{"id":3658}]])
[0m[0;32m[2026-09-16 12:55:49.992][VERB] RETURN: {"result":{"endPos":{"z":0,"y":1.6,"x":2.1},"startPos":{"z":0,"y":2.1,"x":1.6}}}
[0m[0;32m[2026-09-16 12:55:50.018][VERB] COMMANDCALL: _C.SafeAPI.Execute(["v1.sketch.getPoints",[{"id":3658}]])
[0m[0;32m[2026-09-16 12:55:50.018][VERB] RETURN: {"result":{"endId":"$3660","startId":"$3659"}}
[0m[0;32m[2026-09-16 12:55:50.043][VERB] COMMANDCALL: _C.SafeAPI.Execute(["v1.sketch.getPositions",[{"id":3514}]])
[0m[0;32m[2026-09-16 12:55:50.043][VERB] RETURN: {"result":{"pos":{"z":0,"y":-1000,"x":-1000}}}
[0m[0;32m[2026-09-16 12:55:50.070][VERB] COMMANDCALL: _C.SafeAPI.Execute(["v1.sketch.getGeometry",[{"id":4157}]])
[0m[0;32m[2026-09-16 12:55:50.071][VERB] RETURN: {"result":{"circles":[],"lines":["$4167","$4187","$4207","$4227","$4247","$4267","$4287","$4307"],"arcs":[],"points":["$4163"]}}
[0m[0;32m[2026-09-16 12:55:50.095][VERB] COMMANDCALL: _C.SafeAPI.Execute(["v1.sketch.getPositions",[{"id":4167}]])
[0m[0;32m[2026-09-16 12:55:50.096][VERB] RETURN: {"result":{"endPos":{"z":0,"y":23,"x":54.7},"startPos":{"z":0,"y":23,"x":2.1}}}
[0m[0;32m[2026-09-16 12:55:50.121][VERB] COMMANDCALL: _C.SafeAPI.Execute(["v1.sketch.getPoints",[{"id":4167}]])
[0m[0;32m[2026-09-16 12:55:50.122][VERB] RETURN: {"result":{"endId":"$4169","startId":"$4168"}}
[0m[0;32m[2026-09-16 12:55:50.146][VERB] COMMANDCALL: _C.SafeAPI.Execute(["v1.sketch.getPositions",[{"id":4187}]])
[0m[0;32m[2026-09-16 12:55:50.147][VERB] RETURN: {"result":{"endPos":{"z":0,"y":23.5,"x":55.2},"startPos":{"z":0,"y":23,"x":54.7}}}
[0m[0;32m[2026-09-16 12:55:50.171][VERB] COMMANDCALL: _C.SafeAPI.Execute(["v1.sketch.getPoints",[{"id":4187}]])
[0m[0;32m[2026-09-16 12:55:50.171][VERB] RETURN: {"result":{"endId":"$4189","startId":"$4188"}}
[0m[0;32m[2026-09-16 12:55:50.196][VERB] COMMANDCALL: _C.SafeAPI.Execute(["v1.sketch.getPositions",[{"id":4207}]])
[0m[0;32m[2026-09-16 12:55:50.197][VERB] RETURN: {"result":{"endPos":{"z":0,"y":61.9,"x":55.2},"startPos":{"z":0,"y":23.5,"x":55.2}}}
[0m[0;32m[2026-09-16 12:55:50.222][VERB] COMMANDCALL: _C.SafeAPI.Execute(["v1.sketch.getPoints",[{"id":4207}]])
[0m[0;32m[2026-09-16 12:55:50.222][VERB] RETURN: {"result":{"endId":"$4209","startId":"$4208"}}
[0m[0;32m[2026-09-16 12:55:50.247][VERB] COMMANDCALL: _C.SafeAPI.Execute(["v1.sketch.getPositions",[{"id":4227}]])
[0m[0;32m[2026-09-16 12:55:50.248][VERB] RETURN: {"result":{"endPos":{"z":0,"y":62.4,"x":54.7},"startPos":{"z":0,"y":61.9,"x":55.2}}}
[0m[0;32m[2026-09-16 12:55:50.273][VERB] COMMANDCALL: _C.SafeAPI.Execute(["v1.sketch.getPoints",[{"id":4227}]])
[0m[0;32m[2026-09-16 12:55:50.273][VERB] RETURN: {"result":{"endId":"$4229","startId":"$4228"}}
[0m[0;32m[2026-09-16 12:55:50.298][VERB] COMMANDCALL: _C.SafeAPI.Execute(["v1.sketch.getPositions",[{"id":4247}]])
[0m[0;32m[2026-09-16 12:55:50.298][VERB] RETURN: {"result":{"endPos":{"z":0,"y":62.4,"x":2.1},"startPos":{"z":0,"y":62.4,"x":54.7}}}
[0m[0;32m[2026-09-16 12:55:50.323][VERB] COMMANDCALL: _C.SafeAPI.Execute(["v1.sketch.getPoints",[{"id":4247}]])
[0m[0;32m[2026-09-16 12:55:50.323][VERB] RETURN: {"result":{"endId":"$4249","startId":"$4248"}}
[0m[0;32m[2026-09-16 12:55:50.348][VERB] COMMANDCALL: _C.SafeAPI.Execute(["v1.sketch.getPositions",[{"id":4267}]])
[0m[0;32m[2026-09-16 12:55:50.348][VERB] RETURN: {"result":{"endPos":{"z":0,"y":61.9,"x":1.6},"startPos":{"z":0,"y":62.4,"x":2.1}}}
[0m[0;32m[2026-09-16 12:55:50.373][VERB] COMMANDCALL: _C.SafeAPI.Execute(["v1.sketch.getPoints",[{"id":4267}]])
[0m[0;32m[2026-09-16 12:55:50.373][VERB] RETURN: {"result":{"endId":"$4269","startId":"$4268"}}
[0m[0;32m[2026-09-16 12:55:50.398][VERB] COMMANDCALL: _C.SafeAPI.Execute(["v1.sketch.getPositions",[{"id":4287}]])
[0m[0;32m[2026-09-16 12:55:50.399][VERB] RETURN: {"result":{"endPos":{"z":0,"y":23.5,"x":1.6},"startPos":{"z":0,"y":61.9,"x":1.6}}}
[0m[0;32m[2026-09-16 12:55:50.424][VERB] COMMANDCALL: _C.SafeAPI.Execute(["v1.sketch.getPoints",[{"id":4287}]])
[0m[0;32m[2026-09-16 12:55:50.424][VERB] RETURN: {"result":{"endId":"$4289","startId":"$4288"}}
[0m[0;32m[2026-09-16 12:55:50.449][VERB] COMMANDCALL: _C.SafeAPI.Execute(["v1.sketch.getPositions",[{"id":4307}]])
[0m[0;32m[2026-09-16 12:55:50.449][VERB] RETURN: {"result":{"endPos":{"z":0,"y":23,"x":2.1},"startPos":{"z":0,"y":23.5,"x":1.6}}}
[0m[0;32m[2026-09-16 12:55:50.474][VERB] COMMANDCALL: _C.SafeAPI.Execute(["v1.sketch.getPoints",[{"id":4307}]])
[0m[0;32m[2026-09-16 12:55:50.474][VERB] RETURN: {"result":{"endId":"$4309","startId":"$4308"}}
[0m[0;32m[2026-09-16 12:55:50.499][VERB] COMMANDCALL: _C.SafeAPI.Execute(["v1.sketch.getPositions",[{"id":4163}]])
[0m[0;32m[2026-09-16 12:55:50.499][VERB] RETURN: {"result":{"pos":{"z":0,"y":-1000,"x":-1000}}}
[0m[0;32m[2026-09-16 12:55:51.144][VERB] COMMANDCALL: _C.SafeAPI.Execute(["v1.common.save",[{"stp":{"version":2},"format":"STP","encoding":"base64"}]])
[0m[0;31m[2026-09-16 12:55:51.145][ERROR] [Evaluation error in CommonAPI_v1.save::PROC:[CCVM::ldm: objId not found]] 
[0m[0;32m[2026-09-16 12:55:51.174][VERB] RETURN: {"maxLevel":51,"messages":[{"message":"[Evaluation error in CommonAPI_v1.save::PROC:[CCVM::ldm: objId not found]] ","code":0,"level":51,"api":"v1.common.save","levelStr":"ERROR"}],"result":{"content":"SVNPLTEwMzAzLTIxOwpIRUFERVI7CkZJTEVfREVTQ1JJUFRJT04oKCdTVEVQJyksICcxJyk7CkZJTEVfTkFNRS ...
[0m[0;32m[2026-09-16 12:55:51.201][VERB] COMMANDCALL: _C.SafeAPI.Execute(["v1.common.save",[{"format":"OFB","encoding":"base64"}]])
[0m[0;32m[2026-09-16 12:55:51.203][VERB] GetStateId with StateId=eab9f8cf-f739-4819-81ed-c334d160703b
[0m[0;32m[2026-09-16 12:55:51.258][VERB] RETURN: {"maxLevel":31,"messages":[{"message":"GetStateId with StateId=eab9f8cf-f739-4819-81ed-c334d160703b\n","code":0,"level":31,"api":"v1.common.save","levelStr":"INFO"}],"result":{"content":"AQJjbGFzc2NhZAIBClZlcnNpb249MTEKQXBwbGljYXRpb25DbGFzcz1CdWVybGlEZW1vQXBwCkFwcGxpY2F0aW9uRXhlYz1jbGFz ...
[0m[0;32m[2026-09-16 12:55:51.291][VERB] COMMANDCALL: _C.SafeAPI.Execute(["v1.common.clear",[{}]])
[0m[0;32m[2026-09-16 12:55:51.300][VERB] RETURN: {"result":null}
[0m[2026-09-16 12:55:51.300][DEBUG] Build graphic in: 0ms
[0;32m[2026-09-16 12:55:51.302][VERB] 0x0 SetZeichnung
[0m[0;32m[2026-09-16 12:55:51.302][VERB] 0x75c989d800 Delete Zeichnung
[0m
