[0;32m[2026-09-16 12:56:50.052][INFO] STARTING CLASSCAD...
[0m[0;32m[2026-09-16 12:56:50.053][INFO] Current working directory  : /Users/dev/dev/awv/classcad
[0m[0;32m[2026-09-16 12:56:50.053][INFO] Config file: /Users/dev/dev/awv/classcad/.classcad.ini
[0m[0;32m[2026-09-16 12:56:50.053][INFO] Config file: /Users/dev/dev/awv/classcad/.classcad.ini
[0m[0;32m[2026-09-16 12:56:50.053][INFO] Config file: /Users/dev/dev/awv/classcad/.classcad.user.ini
[0m[0;32m[2026-09-16 12:56:50.053][INFO] Config file: /Users/dev/dev/awv/classcad-ai/workspace/training/2026-09-16_12-50-53_pvs-cavity-boolean/worker.ini
[0m[0;32m[2026-09-16 12:56:50.053][INFO] Ensure CompressionService is loaded
[0m[0;32m[2026-09-16 12:56:50.053][INFO] Ensure JWTService is loaded
[0m[0;32m[2026-09-16 12:56:50.053][INFO] Run the command 'worker'
[0m[0;32m[2026-09-16 12:56:50.053][INFO] Current working directory  : /Users/dev/dev/awv/classcad
[0m[0;32m[2026-09-16 12:56:50.053][INFO] Executable | file name     : classcad-cli
[0m[0;32m[2026-09-16 12:56:50.053][INFO] Executable | file path     : /Users/dev/dev/awv/classcad/runtime/output/arm64-osx-clang/release/classcad-cli
[0m[0;32m[2026-09-16 12:56:50.053][INFO] Executable | directory     : /Users/dev/dev/awv/classcad/runtime/output/arm64-osx-clang/release
[0m[0;32m[2026-09-16 12:56:50.053][INFO] Config | verbose file name : /Users/dev/dev/awv/classcad-ai/workspace/training/2026-09-16_12-50-53_pvs-cavity-boolean/files/worker.log
[0m[0;32m[2026-09-16 12:56:50.053][INFO] Config | verbose level     : 16583
[0m[0;32m[2026-09-16 12:56:50.053][INFO] Config | log level         : debug
[0m[0;32m[2026-09-16 12:56:50.053][INFO] Config | data path         : ./data
[0m[0;32m[2026-09-16 12:56:50.053][INFO] Config | class path        : 
[0m[0;32m[2026-09-16 12:56:50.053][INFO] Config | classes system    : ./cclasses/Source;System;Common.*;BaseModeling.*;CAD;Sheet;
[0m[0;32m[2026-09-16 12:56:50.053][INFO] Config | classes user      : ./cclasses/Source/Tests;*;
[0m[0;32m[2026-09-16 12:56:50.053][INFO] Config | classes user      : ./standalone/t3d/Source;T3D.*;T3DSolidEditor.*;T3DSolidEditor;T3DTesting;GTC.*;ISO_Tool.*;ISOChecker.*;
[0m[0;32m[2026-09-16 12:56:50.053][INFO] Config | classes user      : ./cclasses/Source/FeatureModeler;*;
[0m[0;32m[2026-09-16 12:56:50.091][VERB] libSMLibService.dylib is loaded
[0m[0;32m[2026-09-16 12:56:50.092][VERB] libSMLibExpressService.dylib is loaded
[0m[0;32m[2026-09-16 12:56:50.093][VERB] libBrepSimplificationService.dylib is loaded
[0m[0;32m[2026-09-16 12:56:50.094][VERB] libECXMLService.dylib is loaded
[0m[0;32m[2026-09-16 12:56:50.094][VERB] libJWTService.dylib is loaded
[0m[0;32m[2026-09-16 12:56:50.095][VERB] libGenericService.dylib is loaded
[0m[0;32m[2026-09-16 12:56:50.096][VERB] libLGSService.dylib is loaded
[0m[0;32m[2026-09-16 12:56:50.097][VERB] libLGS3DService.dylib is loaded
[0m[0;32m[2026-09-16 12:56:50.100][VERB] libIDEConnectionService.dylib is loaded
[0m[2026-09-16 12:56:50] [[0;32m[2026-09-16 12:56:50.100][VERB] libRapidXmlService.dylib is loaded
[0minfo] asio listen error: system:48 (Address already in use)
[0;32m[2026-09-16 12:56:50.100][VERB] libNetworkService.dylib is loaded
[0m[0;32m[2026-09-16 12:56:50.101][VERB] libTestService.dylib is loaded
[0m[0;31m[2026-09-16 12:56:50.101][ERROR] The Service-DLL DxfService could not be loaded.
ErrorCode: dlopen(DxfServiced.dylib, 0x0001): tried: 'DxfServiced.dylib' (no such file), '/System/Volumes/Preboot/Cryptexes/OSDxfServiced.dylib' (no such file), '/Users/dev/dev/awv/classcad/runtime/output/arm64-osx-clang/release/DxfServiced.dylib' (no such file), '/Users/dev/dev/awv/classcad/runtime/output/arm64-osx-clang/release/DxfServiced.dylib' (no such file), '/usr/lib/DxfServiced.dylib' (no such file, not in dyld cache), 'DxfServiced.dylib' (no such file)
The service functions of this DLL are therefore not available.
[0m[0;32m[2026-09-16 12:56:50.102][VERB] libCryptoRtService.dylib is loaded
[0m[0;31m[2026-09-16 12:56:50.102][ERROR] The Service-DLL CryptoDevService could not be loaded.
ErrorCode: dlopen(CryptoDevServiced.dylib, 0x0001): tried: 'CryptoDevServiced.dylib' (no such file), '/System/Volumes/Preboot/Cryptexes/OSCryptoDevServiced.dylib' (no such file), '/Users/dev/dev/awv/classcad/runtime/output/arm64-osx-clang/release/CryptoDevServiced.dylib' (no such file), '/Users/dev/dev/awv/classcad/runtime/output/arm64-osx-clang/release/CryptoDevServiced.dylib' (no such file), '/usr/lib/CryptoDevServiced.dylib' (no such file, not in dyld cache), 'CryptoDevServiced.dylib' (no such file)
The service functions of this DLL are therefore not available.
[0m[0;33m[2026-09-16 12:56:50.113][WARN] Path does not exist '/Users/dev/dev/awv/classcad/standalone/t3d/Source'. It is defined for class path 't3d'.
[0m[0;32m[2026-09-16 12:56:50.114][INFO] Load classes for 'system' from '/Users/dev/dev/awv/classcad/cclasses/Source'
[0m[0;32m[2026-09-16 12:56:50.236][INFO] Load classes for 'tests' from '/Users/dev/dev/awv/classcad/cclasses/Source/Tests'
[0m[0;32m[2026-09-16 12:56:50.315][INFO] Load classes for 't3d' from '/Users/dev/dev/awv/classcad/standalone/t3d/Source'
[0m[0;33m[2026-09-16 12:56:50.315][WARN] Tried to load from invalid class path 't3d'
[0m[0;32m[2026-09-16 12:56:50.315][INFO] Load classes for 'fm' from '/Users/dev/dev/awv/classcad/cclasses/Source/FeatureModeler'
[0m[0;32m[2026-09-16 12:56:50.329][VERB] 0x7514c78180 Create Zeichnung
[0m[0;32m[2026-09-16 12:56:50.329][VERB] 0x7514c78180 SetZeichnung
[0m[0;32m[2026-09-16 12:56:50.329][VERB] Grundklasse::InitApplication was successful.
[0m[0;32m[2026-09-16 12:56:50.329][VERB] [info] Initializing BaseModelerApp
[0m[0;32m[2026-09-16 12:56:50.329][VERB] Change application string/text encoding to UTF-8
[0m[0;32m[2026-09-16 12:56:50.330][VERB] [info] Developer mode is active
[0m[0;32m[2026-09-16 12:56:50.330][VERB] [info] Initializing BuerliDemoApp
[0m[0;32m[2026-09-16 12:56:50.330][VERB] API v0/common already registered!
[0m[0;32m[2026-09-16 12:56:50.330][VERB] API v0/basemodeler already registered!
[0m[0;32m[2026-09-16 12:56:50.331][VERB] Registered API's:
[0m[0;32m[2026-09-16 12:56:50.331][VERB]   v0
[0m[0;32m[2026-09-16 12:56:50.331][VERB]     assemblybuilder
[0m[0;32m[2026-09-16 12:56:50.331][VERB]     basemodeler
[0m[0;32m[2026-09-16 12:56:50.331][VERB]     common
[0m[0;32m[2026-09-16 12:56:50.331][VERB]     developer
[0m[0;32m[2026-09-16 12:56:50.331][VERB]     drawing2d
[0m[0;32m[2026-09-16 12:56:50.331][VERB]     feature
[0m[0;32m[2026-09-16 12:56:50.331][VERB]     geometry
[0m[0;32m[2026-09-16 12:56:50.331][VERB]     geometryformatconverter
[0m[0;32m[2026-09-16 12:56:50.331][VERB]     network
[0m[0;32m[2026-09-16 12:56:50.331][VERB]     sketcher
[0m[0;32m[2026-09-16 12:56:50.331][VERB]     solid
[0m[0;32m[2026-09-16 12:56:50.331][VERB]     tooling
[0m[0;32m[2026-09-16 12:56:50.331][VERB]   v1
[0m[0;32m[2026-09-16 12:56:50.331][VERB]     assembly
[0m[0;32m[2026-09-16 12:56:50.331][VERB]     brep
[0m[0;32m[2026-09-16 12:56:50.331][VERB]     common
[0m[0;32m[2026-09-16 12:56:50.331][VERB]     curve
[0m[0;32m[2026-09-16 12:56:50.331][VERB]     drawing2d
[0m[0;32m[2026-09-16 12:56:50.331][VERB]     part
[0m[0;32m[2026-09-16 12:56:50.331][VERB]     script
[0m[0;32m[2026-09-16 12:56:50.331][VERB]     sketch
[0m[0;32m[2026-09-16 12:56:50.331][VERB]     solid
[0m[0;32m[2026-09-16 12:56:50.331][VERB]     utils
[0m[0;32m[2026-09-16 12:56:50.331][VERB] 0x7514c78a80 Create Zeichnung
[0m[0;32m[2026-09-16 12:56:50.331][VERB] 0x7514c78a80 SetZeichnung
[0m[0;32m[2026-09-16 12:56:50.332][INFO] WorkerCommandCompletion: 824 completion candidates built
[0m[0;32m[2026-09-16 12:56:50.332][INFO] Server start listen on 0.0.0.0:19094 for http and ws connections
[0m[0;32m[2026-09-16 12:56:50.332][INFO] Server start listen on 0.0.0.0:19095 for https and wss connections
[0m[0;32m[2026-09-16 12:56:51.334][INFO] Worker is ready
[0m

[0;32m[2026-09-16 12:56:53.137][INFO] GET /
[0m[0;32m[2026-09-16 12:56:53.137][VERB] 0x7514c78d80 Create Zeichnung
[0m[0;32m[2026-09-16 12:56:53.137][INFO] WS handleNewConnection: created main session="a4043d79-20e8-43c3-ba5e-99e1aa4a6909"
[0m[0;32m[2026-09-16 12:56:53.144][VERB] 0x7514c78d80 SetZeichnung
[0m[0;32m[2026-09-16 12:56:53.144][VERB] COMMANDCALL: _C.SafeAPI.Execute(["v1.part.create",[{"name":"Base"}]])
[0m[0;32m[2026-09-16 12:56:53.157][VERB] RETURN: {"result":"$4"}
[0m[2026-09-16 12:56:53.158][DEBUG] Build graphic in: 0ms
[0;32m[2026-09-16 12:56:53.186][VERB] COMMANDCALL: _C.SafeAPI.Execute(["v1.part.expression",[{"toCreate":[{"value":22,"name":"display_1"},{"value":11,"name":"eye_offset_y"},{"value":8,"name":"eye_offset_z"},{"value":11,"name":"diopter_width"},{"value":1.6,"name":"hub_2"},{"value":2.54,"name":"perf_pitch"},{"value":4.22,"name":"perf ...
[0m[0;32m[2026-09-16 12:56:53.350][VERB] RETURN: {"result":1}
[0m[2026-09-16 12:56:53.354][DEBUG] Build graphic in: 0ms
[0;32m[2026-09-16 12:56:53.356][VERB] COMMANDCALL: _C.SafeAPI.Execute(["v1.part.getWorkGeometry",[{"name":"XAxis","id":4}]])
[0m[0;32m[2026-09-16 12:56:53.357][VERB] RETURN: {"result":"$26"}
[0m[0;32m[2026-09-16 12:56:53.362][VERB] COMMANDCALL: _C.SafeAPI.Execute(["v1.part.getWorkGeometry",[{"name":"YAxis","id":4}]])
[0m[0;32m[2026-09-16 12:56:53.362][VERB] RETURN: {"result":"$30"}
[0m[0;32m[2026-09-16 12:56:53.367][VERB] COMMANDCALL: _C.SafeAPI.Execute(["v1.part.getWorkGeometry",[{"name":"ZAxis","id":4}]])
[0m[0;32m[2026-09-16 12:56:53.367][VERB] RETURN: {"result":"$34"}
[0m[0;32m[2026-09-16 12:56:53.372][VERB] COMMANDCALL: _C.SafeAPI.Execute(["v1.part.getWorkGeometry",[{"name":"Top","id":4}]])
[0m[0;32m[2026-09-16 12:56:53.372][VERB] RETURN: {"result":"$38"}
[0m[0;32m[2026-09-16 12:56:53.377][VERB] COMMANDCALL: _C.SafeAPI.Execute(["v1.part.getWorkGeometry",[{"name":"Front","id":4}]])
[0m[0;32m[2026-09-16 12:56:53.377][VERB] RETURN: {"result":"$42"}
[0m[0;32m[2026-09-16 12:56:53.382][VERB] COMMANDCALL: _C.SafeAPI.Execute(["v1.part.getWorkGeometry",[{"name":"Right","id":4}]])
[0m[0;32m[2026-09-16 12:56:53.382][VERB] RETURN: {"result":"$46"}
[0m[0;32m[2026-09-16 12:56:53.387][VERB] COMMANDCALL: _C.SafeAPI.Execute(["v1.part.workPlane",[{"type":"PLANE","references":[38],"name":"F66_makeBox_cad_primitives_py_8_plane","offset":"@expr.d67_plane_offset","id":4}]])
[0m[0;32m[2026-09-16 12:56:53.392][VERB] RETURN: {"result":"$56"}
[0m[2026-09-16 12:56:53.395][DEBUG] Build graphic in: 0ms
[0;32m[2026-09-16 12:56:53.397][VERB] COMMANDCALL: _C.SafeAPI.Execute(["v1.sketch.create",[{"planeId":56,"name":"F66_makeBox_cad_primitives_py_8_profile","id":4}]])
[0m[0;32m[2026-09-16 12:56:53.400][VERB] RETURN: {"result":"$62"}
[0m[2026-09-16 12:56:53.403][DEBUG] Build graphic in: 0ms
[0;32m[2026-09-16 12:56:53.405][VERB] COMMANDCALL: _C.SafeAPI.Execute(["v1.sketch.rectangle",[{"startPos":[1.4,-1.3,0],"id":62,"genFixation":0,"endPos":[52.4,27.3,0]}]])
[0m[0;32m[2026-09-16 12:56:53.413][VERB] RETURN: {"result":["$68","$72","$78","$84"]}
[0m[2026-09-16 12:56:53.417][DEBUG] Build graphic in: 0ms
[0;32m[2026-09-16 12:56:53.419][VERB] COMMANDCALL: _C.SafeAPI.Execute(["v1.sketch.getPoints",[{"id":68}]])
[0m[0;32m[2026-09-16 12:56:53.419][VERB] RETURN: {"result":{"endId":"$70","startId":"$69"}}
[0m[0;32m[2026-09-16 12:56:53.425][VERB] COMMANDCALL: _C.SafeAPI.Execute(["v1.sketch.point",[{"pos":[-1000,-1000,0],"id":62}]])
[0m[0;32m[2026-09-16 12:56:53.427][VERB] RETURN: {"result":"$100"}
[0m[2026-09-16 12:56:53.431][DEBUG] Build graphic in: 0ms
[0;32m[2026-09-16 12:56:53.433][VERB] COMMANDCALL: _C.SafeAPI.Execute(["v1.sketch.constraint",[{"type":"FIXATION","id":62,"geomIds":[100]}]])
[0m[0;32m[2026-09-16 12:56:53.435][VERB] RETURN: {"result":"$102"}
[0m[2026-09-16 12:56:53.439][DEBUG] Build graphic in: 0ms
[0;32m[2026-09-16 12:56:53.441][VERB] COMMANDCALL: _C.SafeAPI.Execute(["v1.sketch.dimension",[{"type":"HORIZONTAL_DISTANCE","value":"@expr.d68_position_x","name":"position_x","id":62,"geomIds":[100,69]}]])
[0m[0;32m[2026-09-16 12:56:53.449][VERB] RETURN: {"result":"$106"}
[0m[2026-09-16 12:56:53.454][DEBUG] Build graphic in: 0ms
[0;32m[2026-09-16 12:56:53.455][VERB] COMMANDCALL: _C.SafeAPI.Execute(["v1.sketch.dimension",[{"type":"VERTICAL_DISTANCE","value":"@expr.d69_position_y","name":"position_y","id":62,"geomIds":[100,69]}]])
[0m[0;32m[2026-09-16 12:56:53.461][VERB] RETURN: {"result":"$110"}
[0m[2026-09-16 12:56:53.466][DEBUG] Build graphic in: 1ms
[0;32m[2026-09-16 12:56:53.467][VERB] COMMANDCALL: _C.SafeAPI.Execute(["v1.sketch.dimension",[{"type":"OFFSET","value":"@expr.d70_width","name":"width","id":62,"geomIds":[68]}]])
[0m[0;32m[2026-09-16 12:56:53.474][VERB] RETURN: {"result":"$114"}
[0m[2026-09-16 12:56:53.479][DEBUG] Build graphic in: 1ms
[0;32m[2026-09-16 12:56:53.480][VERB] COMMANDCALL: _C.SafeAPI.Execute(["v1.sketch.dimension",[{"type":"OFFSET","value":"@expr.d71_depth","name":"depth","id":62,"geomIds":[72]}]])
[0m[0;32m[2026-09-16 12:56:53.488][VERB] RETURN: {"result":"$118"}
[0m[2026-09-16 12:56:53.492][DEBUG] Build graphic in: 0ms
[0;32m[2026-09-16 12:56:53.496][VERB] COMMANDCALL: _C.SafeAPI.Execute(["v1.part.extrusion",[{"references":[68,72,78,84],"name":"F66_makeBox_cad_primitives_py_8","taperAngle":0,"limit2":"@expr.d72_height","id":4}]])
[0m[0;32m[2026-09-16 12:56:53.502][VERB] RETURN: {"result":"$122"}
[0m[2026-09-16 12:56:53.507][DEBUG] Build graphic in: 1ms
[0;32m[2026-09-16 12:56:53.508][VERB] COMMANDCALL: _C.SafeAPI.Execute(["v1.part.workPlane",[{"type":"PLANE","references":[38],"name":"F73_makeBox_cad_primitives_py_8_plane","offset":"@expr.d74_plane_offset","id":4}]])
[0m[0;32m[2026-09-16 12:56:53.511][VERB] RETURN: {"result":"$165"}
[0m[2026-09-16 12:56:53.516][DEBUG] Build graphic in: 0ms
[0;32m[2026-09-16 12:56:53.518][VERB] COMMANDCALL: _C.SafeAPI.Execute(["v1.sketch.create",[{"planeId":165,"name":"F73_makeBox_cad_primitives_py_8_profile","id":4}]])
[0m[0;32m[2026-09-16 12:56:53.520][VERB] RETURN: {"result":"$171"}
[0m[2026-09-16 12:56:53.524][DEBUG] Build graphic in: 0ms
[0;32m[2026-09-16 12:56:53.526][VERB] COMMANDCALL: _C.SafeAPI.Execute(["v1.sketch.rectangle",[{"startPos":[-1.3,1.4,0],"id":171,"genFixation":0,"endPos":[55.1,24.6,0]}]])
[0m[0;32m[2026-09-16 12:56:53.532][VERB] RETURN: {"result":["$177","$181","$187","$193"]}
[0m[2026-09-16 12:56:53.537][DEBUG] Build graphic in: 0ms
[0;32m[2026-09-16 12:56:53.539][VERB] COMMANDCALL: _C.SafeAPI.Execute(["v1.sketch.getPoints",[{"id":177}]])
[0m[0;32m[2026-09-16 12:56:53.539][VERB] RETURN: {"result":{"endId":"$179","startId":"$178"}}
[0m[0;32m[2026-09-16 12:56:53.545][VERB] COMMANDCALL: _C.SafeAPI.Execute(["v1.sketch.point",[{"pos":[-1000,-1000,0],"id":171}]])
[0m[0;32m[2026-09-16 12:56:53.547][VERB] RETURN: {"result":"$209"}
[0m[2026-09-16 12:56:53.552][DEBUG] Build graphic in: 0ms
[0;32m[2026-09-16 12:56:53.553][VERB] COMMANDCALL: _C.SafeAPI.Execute(["v1.sketch.constraint",[{"type":"FIXATION","id":171,"geomIds":[209]}]])
[0m[0;32m[2026-09-16 12:56:53.555][VERB] RETURN: {"result":"$211"}
[0m[2026-09-16 12:56:53.560][DEBUG] Build graphic in: 0ms
[0;32m[2026-09-16 12:56:53.561][VERB] COMMANDCALL: _C.SafeAPI.Execute(["v1.sketch.dimension",[{"type":"HORIZONTAL_DISTANCE","value":"@expr.d75_position_x","name":"position_x","id":171,"geomIds":[209,178]}]])
[0m[0;32m[2026-09-16 12:56:53.567][VERB] RETURN: {"result":"$215"}
[0m[2026-09-16 12:56:53.572][DEBUG] Build graphic in: 0ms
[0;32m[2026-09-16 12:56:53.573][VERB] COMMANDCALL: _C.SafeAPI.Execute(["v1.sketch.dimension",[{"type":"VERTICAL_DISTANCE","value":"@expr.d76_position_y","name":"position_y","id":171,"geomIds":[209,178]}]])
[0m[0;32m[2026-09-16 12:56:53.579][VERB] RETURN: {"result":"$219"}
[0m[2026-09-16 12:56:53.585][DEBUG] Build graphic in: 0ms
[0;32m[2026-09-16 12:56:53.586][VERB] COMMANDCALL: _C.SafeAPI.Execute(["v1.sketch.dimension",[{"type":"OFFSET","value":"@expr.d77_width","name":"width","id":171,"geomIds":[177]}]])
[0m[0;32m[2026-09-16 12:56:53.593][VERB] RETURN: {"result":"$223"}
[0m[2026-09-16 12:56:53.598][DEBUG] Build graphic in: 0ms
[0;32m[2026-09-16 12:56:53.600][VERB] COMMANDCALL: _C.SafeAPI.Execute(["v1.sketch.dimension",[{"type":"OFFSET","value":"@expr.d78_depth","name":"depth","id":171,"geomIds":[181]}]])
[0m[0;32m[2026-09-16 12:56:53.607][VERB] RETURN: {"result":"$227"}
[0m[2026-09-16 12:56:53.612][DEBUG] Build graphic in: 0ms
[0;32m[2026-09-16 12:56:53.614][VERB] COMMANDCALL: _C.SafeAPI.Execute(["v1.part.extrusion",[{"references":[177,181,187,193],"name":"F73_makeBox_cad_primitives_py_8","taperAngle":0,"limit2":"@expr.d79_height","id":4}]])
[0m[0;32m[2026-09-16 12:56:53.619][VERB] RETURN: {"result":"$231"}
[0m[2026-09-16 12:56:53.624][DEBUG] Build graphic in: 0ms
[0;32m[2026-09-16 12:56:53.626][VERB] COMMANDCALL: _C.SafeAPI.Execute(["v1.part.workPlane",[{"type":"PLANE","references":[38],"name":"F80_makeCylinder_cad_primitives_py_12_plane","offset":"@expr.d81_plane_offset","id":4}]])
[0m[0;32m[2026-09-16 12:56:53.629][VERB] RETURN: {"result":"$274"}
[0m[2026-09-16 12:56:53.634][DEBUG] Build graphic in: 0ms
[0;32m[2026-09-16 12:56:53.636][VERB] COMMANDCALL: _C.SafeAPI.Execute(["v1.sketch.create",[{"planeId":274,"name":"F80_makeCylinder_cad_primitives_py_12_profile","id":4}]])
[0m[0;32m[2026-09-16 12:56:53.638][VERB] RETURN: {"result":"$280"}
[0m[2026-09-16 12:56:53.643][DEBUG] Build graphic in: 0ms
[0;32m[2026-09-16 12:56:53.645][VERB] COMMANDCALL: _C.SafeAPI.Execute(["v1.sketch.circle",[{"radius":2.7,"id":280,"genFixation":0,"centerPos":[1.4,1.4,0]}]])
[0m[0;32m[2026-09-16 12:56:53.647][VERB] RETURN: {"result":"$286"}
[0m[2026-09-16 12:56:53.652][DEBUG] Build graphic in: 0ms
[0;32m[2026-09-16 12:56:53.653][VERB] COMMANDCALL: _C.SafeAPI.Execute(["v1.sketch.getPoints",[{"id":286}]])
[0m[0;32m[2026-09-16 12:56:53.653][VERB] RETURN: {"result":{"centerId":"$287"}}
[0m[0;32m[2026-09-16 12:56:53.660][VERB] COMMANDCALL: _C.SafeAPI.Execute(["v1.sketch.point",[{"pos":[-1000,-1000,0],"id":280}]])
[0m[0;32m[2026-09-16 12:56:53.661][VERB] RETURN: {"result":"$289"}
[0m[2026-09-16 12:56:53.666][DEBUG] Build graphic in: 0ms
[0;32m[2026-09-16 12:56:53.668][VERB] COMMANDCALL: _C.SafeAPI.Execute(["v1.sketch.constraint",[{"type":"FIXATION","id":280,"geomIds":[289]}]])
[0m[0;32m[2026-09-16 12:56:53.669][VERB] RETURN: {"result":"$291"}
[0m[2026-09-16 12:56:53.674][DEBUG] Build graphic in: 0ms
[0;32m[2026-09-16 12:56:53.676][VERB] COMMANDCALL: _C.SafeAPI.Execute(["v1.sketch.dimension",[{"type":"HORIZONTAL_DISTANCE","value":"@expr.d82_position_x","name":"position_x","id":280,"geomIds":[289,287]}]])
[0m[0;32m[2026-09-16 12:56:53.680][VERB] RETURN: {"result":"$295"}
[0m[2026-09-16 12:56:53.686][DEBUG] Build graphic in: 0ms
[0;32m[2026-09-16 12:56:53.688][VERB] COMMANDCALL: _C.SafeAPI.Execute(["v1.sketch.dimension",[{"type":"VERTICAL_DISTANCE","value":"@expr.d83_position_y","name":"position_y","id":280,"geomIds":[289,287]}]])
[0m[0;32m[2026-09-16 12:56:53.692][VERB] RETURN: {"result":"$299"}
[0m[2026-09-16 12:56:53.698][DEBUG] Build graphic in: 0ms
[0;32m[2026-09-16 12:56:53.699][VERB] COMMANDCALL: _C.SafeAPI.Execute(["v1.sketch.dimension",[{"type":"RADIUS","value":"@expr.d84_radius","name":"radius","id":280,"geomIds":[286]}]])
[0m[0;32m[2026-09-16 12:56:53.705][VERB] RETURN: {"result":"$303"}
[0m[2026-09-16 12:56:53.710][DEBUG] Build graphic in: 0ms
[0;32m[2026-09-16 12:56:53.712][VERB] COMMANDCALL: _C.SafeAPI.Execute(["v1.part.extrusion",[{"references":[286],"name":"F80_makeCylinder_cad_primitives_py_12","taperAngle":0,"limit2":"@expr.d85_height","id":4}]])
[0m[0;32m[2026-09-16 12:56:53.718][VERB] RETURN: {"result":"$307"}
[0m[2026-09-16 12:56:53.724][DEBUG] Build graphic in: 1ms
[0;32m[2026-09-16 12:56:53.727][VERB] COMMANDCALL: _C.SafeAPI.Execute(["v1.part.workPlane",[{"type":"PLANE","references":[38],"name":"F86_makeCylinder_cad_primitives_py_12_plane","offset":"@expr.d87_plane_offset","id":4}]])
[0m[0;32m[2026-09-16 12:56:53.730][VERB] RETURN: {"result":"$329"}
[0m[2026-09-16 12:56:53.735][DEBUG] Build graphic in: 0ms
[0;32m[2026-09-16 12:56:53.738][VERB] COMMANDCALL: _C.SafeAPI.Execute(["v1.sketch.create",[{"planeId":329,"name":"F86_makeCylinder_cad_primitives_py_12_profile","id":4}]])
[0m[0;32m[2026-09-16 12:56:53.740][VERB] RETURN: {"result":"$335"}
[0m[2026-09-16 12:56:53.745][DEBUG] Build graphic in: 0ms
[0;32m[2026-09-16 12:56:53.747][VERB] COMMANDCALL: _C.SafeAPI.Execute(["v1.sketch.circle",[{"radius":2.7,"id":335,"genFixation":0,"centerPos":[1.4,24.6,0]}]])
[0m[0;32m[2026-09-16 12:56:53.748][VERB] RETURN: {"result":"$341"}
[0m[2026-09-16 12:56:53.754][DEBUG] Build graphic in: 0ms
[0;32m[2026-09-16 12:56:53.756][VERB] COMMANDCALL: _C.SafeAPI.Execute(["v1.sketch.getPoints",[{"id":341}]])
[0m[0;32m[2026-09-16 12:56:53.756][VERB] RETURN: {"result":{"centerId":"$342"}}
[0m[0;32m[2026-09-16 12:56:53.763][VERB] COMMANDCALL: _C.SafeAPI.Execute(["v1.sketch.point",[{"pos":[-1000,-1000,0],"id":335}]])
[0m[0;32m[2026-09-16 12:56:53.764][VERB] RETURN: {"result":"$344"}
[0m[2026-09-16 12:56:53.769][DEBUG] Build graphic in: 0ms
[0;32m[2026-09-16 12:56:53.771][VERB] COMMANDCALL: _C.SafeAPI.Execute(["v1.sketch.constraint",[{"type":"FIXATION","id":335,"geomIds":[344]}]])
[0m[0;32m[2026-09-16 12:56:53.772][VERB] RETURN: {"result":"$346"}
[0m[2026-09-16 12:56:53.778][DEBUG] Build graphic in: 0ms
[0;32m[2026-09-16 12:56:53.779][VERB] COMMANDCALL: _C.SafeAPI.Execute(["v1.sketch.dimension",[{"type":"HORIZONTAL_DISTANCE","value":"@expr.d88_position_x","name":"position_x","id":335,"geomIds":[344,342]}]])
[0m[0;32m[2026-09-16 12:56:53.784][VERB] RETURN: {"result":"$350"}
[0m[2026-09-16 12:56:53.790][DEBUG] Build graphic in: 0ms
[0;32m[2026-09-16 12:56:53.791][VERB] COMMANDCALL: _C.SafeAPI.Execute(["v1.sketch.dimension",[{"type":"VERTICAL_DISTANCE","value":"@expr.d89_position_y","name":"position_y","id":335,"geomIds":[344,342]}]])
[0m[0;32m[2026-09-16 12:56:53.796][VERB] RETURN: {"result":"$354"}
[0m[2026-09-16 12:56:53.802][DEBUG] Build graphic in: 0ms
[0;32m[2026-09-16 12:56:53.804][VERB] COMMANDCALL: _C.SafeAPI.Execute(["v1.sketch.dimension",[{"type":"RADIUS","value":"@expr.d90_radius","name":"radius","id":335,"geomIds":[341]}]])
[0m[0;32m[2026-09-16 12:56:53.809][VERB] RETURN: {"result":"$358"}
[0m[2026-09-16 12:56:53.815][DEBUG] Build graphic in: 0ms
[0;32m[2026-09-16 12:56:53.817][VERB] COMMANDCALL: _C.SafeAPI.Execute(["v1.part.extrusion",[{"references":[341],"name":"F86_makeCylinder_cad_primitives_py_12","taperAngle":0,"limit2":"@expr.d91_height","id":4}]])
[0m[0;32m[2026-09-16 12:56:53.822][VERB] RETURN: {"result":"$362"}
[0m[2026-09-16 12:56:53.829][DEBUG] Build graphic in: 1ms
[0;32m[2026-09-16 12:56:53.831][VERB] COMMANDCALL: _C.SafeAPI.Execute(["v1.part.workPlane",[{"type":"PLANE","references":[38],"name":"F92_makeCylinder_cad_primitives_py_12_plane","offset":"@expr.d93_plane_offset","id":4}]])
[0m[0;32m[2026-09-16 12:56:53.835][VERB] RETURN: {"result":"$384"}
[0m[2026-09-16 12:56:53.841][DEBUG] Build graphic in: 0ms
[0;32m[2026-09-16 12:56:53.842][VERB] COMMANDCALL: _C.SafeAPI.Execute(["v1.sketch.create",[{"planeId":384,"name":"F92_makeCylinder_cad_primitives_py_12_profile","id":4}]])
[0m[0;32m[2026-09-16 12:56:53.844][VERB] RETURN: {"result":"$390"}
[0m[2026-09-16 12:56:53.850][DEBUG] Build graphic in: 0ms
[0;32m[2026-09-16 12:56:53.852][VERB] COMMANDCALL: _C.SafeAPI.Execute(["v1.sketch.circle",[{"radius":2.7,"id":390,"genFixation":0,"centerPos":[52.4,1.4,0]}]])
[0m[0;32m[2026-09-16 12:56:53.854][VERB] RETURN: {"result":"$396"}
[0m[2026-09-16 12:56:53.860][DEBUG] Build graphic in: 1ms
[0;32m[2026-09-16 12:56:53.861][VERB] COMMANDCALL: _C.SafeAPI.Execute(["v1.sketch.getPoints",[{"id":396}]])
[0m[0;32m[2026-09-16 12:56:53.862][VERB] RETURN: {"result":{"centerId":"$397"}}
[0m[0;32m[2026-09-16 12:56:53.869][VERB] COMMANDCALL: _C.SafeAPI.Execute(["v1.sketch.point",[{"pos":[-1000,-1000,0],"id":390}]])
[0m[0;32m[2026-09-16 12:56:53.871][VERB] RETURN: {"result":"$399"}
[0m[2026-09-16 12:56:53.877][DEBUG] Build graphic in: 0ms
[0;32m[2026-09-16 12:56:53.879][VERB] COMMANDCALL: _C.SafeAPI.Execute(["v1.sketch.constraint",[{"type":"FIXATION","id":390,"geomIds":[399]}]])
[0m[0;32m[2026-09-16 12:56:53.880][VERB] RETURN: {"result":"$401"}
[0m[2026-09-16 12:56:53.886][DEBUG] Build graphic in: 0ms
[0;32m[2026-09-16 12:56:53.888][VERB] COMMANDCALL: _C.SafeAPI.Execute(["v1.sketch.dimension",[{"type":"HORIZONTAL_DISTANCE","value":"@expr.d94_position_x","name":"position_x","id":390,"geomIds":[399,397]}]])
[0m[0;32m[2026-09-16 12:56:53.892][VERB] RETURN: {"result":"$405"}
[0m[2026-09-16 12:56:53.899][DEBUG] Build graphic in: 0ms
[0;32m[2026-09-16 12:56:53.900][VERB] COMMANDCALL: _C.SafeAPI.Execute(["v1.sketch.dimension",[{"type":"VERTICAL_DISTANCE","value":"@expr.d95_position_y","name":"position_y","id":390,"geomIds":[399,397]}]])
[0m[0;32m[2026-09-16 12:56:53.906][VERB] RETURN: {"result":"$409"}
[0m[2026-09-16 12:56:53.912][DEBUG] Build graphic in: 0ms
[0;32m[2026-09-16 12:56:53.914][VERB] COMMANDCALL: _C.SafeAPI.Execute(["v1.sketch.dimension",[{"type":"RADIUS","value":"@expr.d96_radius","name":"radius","id":390,"geomIds":[396]}]])
[0m[0;32m[2026-09-16 12:56:53.919][VERB] RETURN: {"result":"$413"}
[0m[2026-09-16 12:56:53.925][DEBUG] Build graphic in: 0ms
[0;32m[2026-09-16 12:56:53.927][VERB] COMMANDCALL: _C.SafeAPI.Execute(["v1.part.extrusion",[{"references":[396],"name":"F92_makeCylinder_cad_primitives_py_12","taperAngle":0,"limit2":"@expr.d97_height","id":4}]])
[0m[0;32m[2026-09-16 12:56:53.932][VERB] RETURN: {"result":"$417"}
[0m[2026-09-16 12:56:53.940][DEBUG] Build graphic in: 1ms
[0;32m[2026-09-16 12:56:53.942][VERB] COMMANDCALL: _C.SafeAPI.Execute(["v1.part.workPlane",[{"type":"PLANE","references":[38],"name":"F98_makeCylinder_cad_primitives_py_12_plane","offset":"@expr.d99_plane_offset","id":4}]])
[0m[0;32m[2026-09-16 12:56:53.945][VERB] RETURN: {"result":"$439"}
[0m[2026-09-16 12:56:53.951][DEBUG] Build graphic in: 0ms
[0;32m[2026-09-16 12:56:53.953][VERB] COMMANDCALL: _C.SafeAPI.Execute(["v1.sketch.create",[{"planeId":439,"name":"F98_makeCylinder_cad_primitives_py_12_profile","id":4}]])
[0m[0;32m[2026-09-16 12:56:53.955][VERB] RETURN: {"result":"$445"}
[0m[2026-09-16 12:56:53.961][DEBUG] Build graphic in: 0ms
[0;32m[2026-09-16 12:56:53.963][VERB] COMMANDCALL: _C.SafeAPI.Execute(["v1.sketch.circle",[{"radius":2.7,"id":445,"genFixation":0,"centerPos":[52.4,24.6,0]}]])
[0m[0;32m[2026-09-16 12:56:53.965][VERB] RETURN: {"result":"$451"}
[0m[2026-09-16 12:56:53.971][DEBUG] Build graphic in: 0ms
[0;32m[2026-09-16 12:56:53.973][VERB] COMMANDCALL: _C.SafeAPI.Execute(["v1.sketch.getPoints",[{"id":451}]])
[0m[0;32m[2026-09-16 12:56:53.973][VERB] RETURN: {"result":{"centerId":"$452"}}
[0m[0;32m[2026-09-16 12:56:53.981][VERB] COMMANDCALL: _C.SafeAPI.Execute(["v1.sketch.point",[{"pos":[-1000,-1000,0],"id":445}]])
[0m[0;32m[2026-09-16 12:56:53.982][VERB] RETURN: {"result":"$454"}
[0m[2026-09-16 12:56:53.988][DEBUG] Build graphic in: 0ms
[0;32m[2026-09-16 12:56:53.990][VERB] COMMANDCALL: _C.SafeAPI.Execute(["v1.sketch.constraint",[{"type":"FIXATION","id":445,"geomIds":[454]}]])
[0m[0;32m[2026-09-16 12:56:53.991][VERB] RETURN: {"result":"$456"}
[0m[2026-09-16 12:56:53.997][DEBUG] Build graphic in: 0ms
[0;32m[2026-09-16 12:56:53.999][VERB] COMMANDCALL: _C.SafeAPI.Execute(["v1.sketch.dimension",[{"type":"HORIZONTAL_DISTANCE","value":"@expr.d100_position_x","name":"position_x","id":445,"geomIds":[454,452]}]])
[0m[0;32m[2026-09-16 12:56:54.004][VERB] RETURN: {"result":"$460"}
[0m[2026-09-16 12:56:54.010][DEBUG] Build graphic in: 0ms
[0;32m[2026-09-16 12:56:54.012][VERB] COMMANDCALL: _C.SafeAPI.Execute(["v1.sketch.dimension",[{"type":"VERTICAL_DISTANCE","value":"@expr.d101_position_y","name":"position_y","id":445,"geomIds":[454,452]}]])
[0m[0;32m[2026-09-16 12:56:54.017][VERB] RETURN: {"result":"$464"}
[0m[2026-09-16 12:56:54.024][DEBUG] Build graphic in: 0ms
[0;32m[2026-09-16 12:56:54.026][VERB] COMMANDCALL: _C.SafeAPI.Execute(["v1.sketch.dimension",[{"type":"RADIUS","value":"@expr.d102_radius","name":"radius","id":445,"geomIds":[451]}]])
[0m[0;32m[2026-09-16 12:56:54.031][VERB] RETURN: {"result":"$468"}
[0m[2026-09-16 12:56:54.037][DEBUG] Build graphic in: 0ms
[0;32m[2026-09-16 12:56:54.040][VERB] COMMANDCALL: _C.SafeAPI.Execute(["v1.part.extrusion",[{"references":[451],"name":"F98_makeCylinder_cad_primitives_py_12","taperAngle":0,"limit2":"@expr.d103_height","id":4}]])
[0m[0;32m[2026-09-16 12:56:54.044][VERB] RETURN: {"result":"$472"}
[0m[2026-09-16 12:56:54.052][DEBUG] Build graphic in: 1ms
[0;32m[2026-09-16 12:56:54.054][VERB] COMMANDCALL: _C.SafeAPI.Execute(["v1.part.workPlane",[{"type":"PLANE","references":[38],"name":"F104_makeBox_cad_primitives_py_8_plane","offset":"@expr.d105_plane_offset","id":4}]])
[0m[0;32m[2026-09-16 12:56:54.057][VERB] RETURN: {"result":"$494"}
[0m[2026-09-16 12:56:54.064][DEBUG] Build graphic in: 0ms
[0;32m[2026-09-16 12:56:54.066][VERB] COMMANDCALL: _C.SafeAPI.Execute(["v1.sketch.create",[{"planeId":494,"name":"F104_makeBox_cad_primitives_py_8_profile","id":4}]])
[0m[0;32m[2026-09-16 12:56:54.068][VERB] RETURN: {"result":"$500"}
[0m[2026-09-16 12:56:54.074][DEBUG] Build graphic in: 0ms
[0;32m[2026-09-16 12:56:54.076][VERB] COMMANDCALL: _C.SafeAPI.Execute(["v1.sketch.rectangle",[{"startPos":[1.4,20.1,0],"id":500,"genFixation":0,"endPos":[56.4,65.9,0]}]])
[0m[0;32m[2026-09-16 12:56:54.083][VERB] RETURN: {"result":["$506","$510","$516","$522"]}
[0m[2026-09-16 12:56:54.090][DEBUG] Build graphic in: 0ms
[0;32m[2026-09-16 12:56:54.092][VERB] COMMANDCALL: _C.SafeAPI.Execute(["v1.sketch.getPoints",[{"id":506}]])
[0m[0;32m[2026-09-16 12:56:54.092][VERB] RETURN: {"result":{"endId":"$508","startId":"$507"}}
[0m[0;32m[2026-09-16 12:56:54.101][VERB] COMMANDCALL: _C.SafeAPI.Execute(["v1.sketch.point",[{"pos":[-1000,-1000,0],"id":500}]])
[0m[0;32m[2026-09-16 12:56:54.102][VERB] RETURN: {"result":"$538"}
[0m[2026-09-16 12:56:54.109][DEBUG] Build graphic in: 0ms
[0;32m[2026-09-16 12:56:54.111][VERB] COMMANDCALL: _C.SafeAPI.Execute(["v1.sketch.constraint",[{"type":"FIXATION","id":500,"geomIds":[538]}]])
[0m[0;32m[2026-09-16 12:56:54.113][VERB] RETURN: {"result":"$540"}
[0m[2026-09-16 12:56:54.120][DEBUG] Build graphic in: 0ms
[0;32m[2026-09-16 12:56:54.122][VERB] COMMANDCALL: _C.SafeAPI.Execute(["v1.sketch.dimension",[{"type":"HORIZONTAL_DISTANCE","value":"@expr.d106_position_x","name":"position_x","id":500,"geomIds":[538,507]}]])
[0m[0;32m[2026-09-16 12:56:54.127][VERB] RETURN: {"result":"$544"}
[0m[2026-09-16 12:56:54.134][DEBUG] Build graphic in: 0ms
[0;32m[2026-09-16 12:56:54.137][VERB] COMMANDCALL: _C.SafeAPI.Execute(["v1.sketch.dimension",[{"type":"VERTICAL_DISTANCE","value":"@expr.d107_position_y","name":"position_y","id":500,"geomIds":[538,507]}]])
[0m[0;32m[2026-09-16 12:56:54.143][VERB] RETURN: {"result":"$548"}
[0m[2026-09-16 12:56:54.150][DEBUG] Build graphic in: 0ms
[0;32m[2026-09-16 12:56:54.152][VERB] COMMANDCALL: _C.SafeAPI.Execute(["v1.sketch.dimension",[{"type":"OFFSET","value":"@expr.d108_width","name":"width","id":500,"geomIds":[506]}]])
[0m[0;32m[2026-09-16 12:56:54.159][VERB] RETURN: {"result":"$552"}
[0m[2026-09-16 12:56:54.166][DEBUG] Build graphic in: 0ms
[0;32m[2026-09-16 12:56:54.168][VERB] COMMANDCALL: _C.SafeAPI.Execute(["v1.sketch.dimension",[{"type":"OFFSET","value":"@expr.d109_depth","name":"depth","id":500,"geomIds":[510]}]])
[0m[0;32m[2026-09-16 12:56:54.176][VERB] RETURN: {"result":"$556"}
[0m[2026-09-16 12:56:54.183][DEBUG] Build graphic in: 0ms
[0;32m[2026-09-16 12:56:54.185][VERB] COMMANDCALL: _C.SafeAPI.Execute(["v1.part.extrusion",[{"references":[506,510,516,522],"name":"F104_makeBox_cad_primitives_py_8","taperAngle":0,"limit2":"@expr.d110_height","id":4}]])
[0m[0;32m[2026-09-16 12:56:54.190][VERB] RETURN: {"result":"$560"}
[0m[2026-09-16 12:56:54.197][DEBUG] Build graphic in: 0ms
[0;32m[2026-09-16 12:56:54.200][VERB] COMMANDCALL: _C.SafeAPI.Execute(["v1.part.workPlane",[{"type":"PLANE","references":[38],"name":"F111_makeBox_cad_primitives_py_8_plane","offset":"@expr.d112_plane_offset","id":4}]])
[0m[0;32m[2026-09-16 12:56:54.203][VERB] RETURN: {"result":"$603"}
[0m[2026-09-16 12:56:54.210][DEBUG] Build graphic in: 0ms
[0;32m[2026-09-16 12:56:54.212][VERB] COMMANDCALL: _C.SafeAPI.Execute(["v1.sketch.create",[{"planeId":603,"name":"F111_makeBox_cad_primitives_py_8_profile","id":4}]])
[0m[0;32m[2026-09-16 12:56:54.214][VERB] RETURN: {"result":"$609"}
[0m[2026-09-16 12:56:54.221][DEBUG] Build graphic in: 0ms
[0;32m[2026-09-16 12:56:54.223][VERB] COMMANDCALL: _C.SafeAPI.Execute(["v1.sketch.rectangle",[{"startPos":[-1.3,22.8,0],"id":609,"genFixation":0,"endPos":[59.1,63.2,0]}]])
[0m[0;32m[2026-09-16 12:56:54.229][VERB] RETURN: {"result":["$615","$619","$625","$631"]}
[0m[2026-09-16 12:56:54.237][DEBUG] Build graphic in: 0ms
[0;32m[2026-09-16 12:56:54.239][VERB] COMMANDCALL: _C.SafeAPI.Execute(["v1.sketch.getPoints",[{"id":615}]])
[0m[0;32m[2026-09-16 12:56:54.239][VERB] RETURN: {"result":{"endId":"$617","startId":"$616"}}
[0m[0;32m[2026-09-16 12:56:54.248][VERB] COMMANDCALL: _C.SafeAPI.Execute(["v1.sketch.point",[{"pos":[-1000,-1000,0],"id":609}]])
[0m[0;32m[2026-09-16 12:56:54.250][VERB] RETURN: {"result":"$647"}
[0m[2026-09-16 12:56:54.258][DEBUG] Build graphic in: 0ms
[0;32m[2026-09-16 12:56:54.260][VERB] COMMANDCALL: _C.SafeAPI.Execute(["v1.sketch.constraint",[{"type":"FIXATION","id":609,"geomIds":[647]}]])
[0m[0;32m[2026-09-16 12:56:54.261][VERB] RETURN: {"result":"$649"}
[0m[2026-09-16 12:56:54.268][DEBUG] Build graphic in: 0ms
[0;32m[2026-09-16 12:56:54.271][VERB] COMMANDCALL: _C.SafeAPI.Execute(["v1.sketch.dimension",[{"type":"HORIZONTAL_DISTANCE","value":"@expr.d113_position_x","name":"position_x","id":609,"geomIds":[647,616]}]])
[0m[0;32m[2026-09-16 12:56:54.276][VERB] RETURN: {"result":"$653"}
[0m[2026-09-16 12:56:54.284][DEBUG] Build graphic in: 0ms
[0;32m[2026-09-16 12:56:54.286][VERB] COMMANDCALL: _C.SafeAPI.Execute(["v1.sketch.dimension",[{"type":"VERTICAL_DISTANCE","value":"@expr.d114_position_y","name":"position_y","id":609,"geomIds":[647,616]}]])
[0m[0;32m[2026-09-16 12:56:54.292][VERB] RETURN: {"result":"$657"}
[0m[2026-09-16 12:56:54.300][DEBUG] Build graphic in: 0ms
[0;32m[2026-09-16 12:56:54.302][VERB] COMMANDCALL: _C.SafeAPI.Execute(["v1.sketch.dimension",[{"type":"OFFSET","value":"@expr.d115_width","name":"width","id":609,"geomIds":[615]}]])
[0m[0;32m[2026-09-16 12:56:54.309][VERB] RETURN: {"result":"$661"}
[0m[2026-09-16 12:56:54.316][DEBUG] Build graphic in: 0ms
[0;32m[2026-09-16 12:56:54.319][VERB] COMMANDCALL: _C.SafeAPI.Execute(["v1.sketch.dimension",[{"type":"OFFSET","value":"@expr.d116_depth","name":"depth","id":609,"geomIds":[619]}]])
[0m[0;32m[2026-09-16 12:56:54.326][VERB] RETURN: {"result":"$665"}
[0m[2026-09-16 12:56:54.334][DEBUG] Build graphic in: 0ms
[0;32m[2026-09-16 12:56:54.337][VERB] COMMANDCALL: _C.SafeAPI.Execute(["v1.part.extrusion",[{"references":[615,619,625,631],"name":"F111_makeBox_cad_primitives_py_8","taperAngle":0,"limit2":"@expr.d117_height","id":4}]])
[0m[0;32m[2026-09-16 12:56:54.341][VERB] RETURN: {"result":"$669"}
[0m[2026-09-16 12:56:54.349][DEBUG] Build graphic in: 0ms
[0;32m[2026-09-16 12:56:54.351][VERB] COMMANDCALL: _C.SafeAPI.Execute(["v1.part.workPlane",[{"type":"PLANE","references":[38],"name":"F118_makeCylinder_cad_primitives_py_12_plane","offset":"@expr.d119_plane_offset","id":4}]])
[0m[0;32m[2026-09-16 12:56:54.355][VERB] RETURN: {"result":"$712"}
[0m[2026-09-16 12:56:54.363][DEBUG] Build graphic in: 0ms
[0;32m[2026-09-16 12:56:54.365][VERB] COMMANDCALL: _C.SafeAPI.Execute(["v1.sketch.create",[{"planeId":712,"name":"F118_makeCylinder_cad_primitives_py_12_profile","id":4}]])
[0m[0;32m[2026-09-16 12:56:54.367][VERB] RETURN: {"result":"$718"}
[0m[2026-09-16 12:56:54.375][DEBUG] Build graphic in: 0ms
[0;32m[2026-09-16 12:56:54.377][VERB] COMMANDCALL: _C.SafeAPI.Execute(["v1.sketch.circle",[{"radius":2.7,"id":718,"genFixation":0,"centerPos":[1.4,22.8,0]}]])
[0m[0;32m[2026-09-16 12:56:54.378][VERB] RETURN: {"result":"$724"}
[0m[2026-09-16 12:56:54.387][DEBUG] Build graphic in: 0ms
[0;32m[2026-09-16 12:56:54.389][VERB] COMMANDCALL: _C.SafeAPI.Execute(["v1.sketch.getPoints",[{"id":724}]])
[0m[0;32m[2026-09-16 12:56:54.389][VERB] RETURN: {"result":{"centerId":"$725"}}
[0m[0;32m[2026-09-16 12:56:54.400][VERB] COMMANDCALL: _C.SafeAPI.Execute(["v1.sketch.point",[{"pos":[-1000,-1000,0],"id":718}]])
[0m[0;32m[2026-09-16 12:56:54.401][VERB] RETURN: {"result":"$727"}
[0m[2026-09-16 12:56:54.409][DEBUG] Build graphic in: 0ms
[0;32m[2026-09-16 12:56:54.411][VERB] COMMANDCALL: _C.SafeAPI.Execute(["v1.sketch.constraint",[{"type":"FIXATION","id":718,"geomIds":[727]}]])
[0m[0;32m[2026-09-16 12:56:54.412][VERB] RETURN: {"result":"$729"}
[0m[2026-09-16 12:56:54.420][DEBUG] Build graphic in: 0ms
[0;32m[2026-09-16 12:56:54.423][VERB] COMMANDCALL: _C.SafeAPI.Execute(["v1.sketch.dimension",[{"type":"HORIZONTAL_DISTANCE","value":"@expr.d120_position_x","name":"position_x","id":718,"geomIds":[727,725]}]])
[0m[0;32m[2026-09-16 12:56:54.427][VERB] RETURN: {"result":"$733"}
[0m[2026-09-16 12:56:54.435][DEBUG] Build graphic in: 0ms
[0;32m[2026-09-16 12:56:54.438][VERB] COMMANDCALL: _C.SafeAPI.Execute(["v1.sketch.dimension",[{"type":"VERTICAL_DISTANCE","value":"@expr.d121_position_y","name":"position_y","id":718,"geomIds":[727,725]}]])
[0m[0;32m[2026-09-16 12:56:54.442][VERB] RETURN: {"result":"$737"}
[0m[2026-09-16 12:56:54.451][DEBUG] Build graphic in: 0ms
[0;32m[2026-09-16 12:56:54.453][VERB] COMMANDCALL: _C.SafeAPI.Execute(["v1.sketch.dimension",[{"type":"RADIUS","value":"@expr.d122_radius","name":"radius","id":718,"geomIds":[724]}]])
[0m[0;32m[2026-09-16 12:56:54.458][VERB] RETURN: {"result":"$741"}
[0m[2026-09-16 12:56:54.467][DEBUG] Build graphic in: 0ms
[0;32m[2026-09-16 12:56:54.469][VERB] COMMANDCALL: _C.SafeAPI.Execute(["v1.part.extrusion",[{"references":[724],"name":"F118_makeCylinder_cad_primitives_py_12","taperAngle":0,"limit2":"@expr.d123_height","id":4}]])
[0m[0;32m[2026-09-16 12:56:54.474][VERB] RETURN: {"result":"$745"}
[0m[2026-09-16 12:56:54.484][DEBUG] Build graphic in: 1ms
[0;32m[2026-09-16 12:56:54.486][VERB] COMMANDCALL: _C.SafeAPI.Execute(["v1.part.workPlane",[{"type":"PLANE","references":[38],"name":"F124_makeCylinder_cad_primitives_py_12_plane","offset":"@expr.d125_plane_offset","id":4}]])
[0m[0;32m[2026-09-16 12:56:54.490][VERB] RETURN: {"result":"$767"}
[0m[2026-09-16 12:56:54.498][DEBUG] Build graphic in: 0ms
[0;32m[2026-09-16 12:56:54.501][VERB] COMMANDCALL: _C.SafeAPI.Execute(["v1.sketch.create",[{"planeId":767,"name":"F124_makeCylinder_cad_primitives_py_12_profile","id":4}]])
[0m[0;32m[2026-09-16 12:56:54.503][VERB] RETURN: {"result":"$773"}
[0m[2026-09-16 12:56:54.511][DEBUG] Build graphic in: 0ms
[0;32m[2026-09-16 12:56:54.514][VERB] COMMANDCALL: _C.SafeAPI.Execute(["v1.sketch.circle",[{"radius":2.7,"id":773,"genFixation":0,"centerPos":[1.4,63.2,0]}]])
[0m[0;32m[2026-09-16 12:56:54.515][VERB] RETURN: {"result":"$779"}
[0m[2026-09-16 12:56:54.523][DEBUG] Build graphic in: 0ms
[0;32m[2026-09-16 12:56:54.525][VERB] COMMANDCALL: _C.SafeAPI.Execute(["v1.sketch.getPoints",[{"id":779}]])
[0m[0;32m[2026-09-16 12:56:54.526][VERB] RETURN: {"result":{"centerId":"$780"}}
[0m[0;32m[2026-09-16 12:56:54.536][VERB] COMMANDCALL: _C.SafeAPI.Execute(["v1.sketch.point",[{"pos":[-1000,-1000,0],"id":773}]])
[0m[0;32m[2026-09-16 12:56:54.537][VERB] RETURN: {"result":"$782"}
[0m[2026-09-16 12:56:54.545][DEBUG] Build graphic in: 0ms
[0;32m[2026-09-16 12:56:54.547][VERB] COMMANDCALL: _C.SafeAPI.Execute(["v1.sketch.constraint",[{"type":"FIXATION","id":773,"geomIds":[782]}]])
[0m[0;32m[2026-09-16 12:56:54.549][VERB] RETURN: {"result":"$784"}
[0m[2026-09-16 12:56:54.557][DEBUG] Build graphic in: 0ms
[0;32m[2026-09-16 12:56:54.559][VERB] COMMANDCALL: _C.SafeAPI.Execute(["v1.sketch.dimension",[{"type":"HORIZONTAL_DISTANCE","value":"@expr.d126_position_x","name":"position_x","id":773,"geomIds":[782,780]}]])
[0m[0;32m[2026-09-16 12:56:54.564][VERB] RETURN: {"result":"$788"}
[0m[2026-09-16 12:56:54.572][DEBUG] Build graphic in: 0ms
[0;32m[2026-09-16 12:56:54.575][VERB] COMMANDCALL: _C.SafeAPI.Execute(["v1.sketch.dimension",[{"type":"VERTICAL_DISTANCE","value":"@expr.d127_position_y","name":"position_y","id":773,"geomIds":[782,780]}]])
[0m[0;32m[2026-09-16 12:56:54.580][VERB] RETURN: {"result":"$792"}
[0m[2026-09-16 12:56:54.589][DEBUG] Build graphic in: 1ms
[0;32m[2026-09-16 12:56:54.591][VERB] COMMANDCALL: _C.SafeAPI.Execute(["v1.sketch.dimension",[{"type":"RADIUS","value":"@expr.d128_radius","name":"radius","id":773,"geomIds":[779]}]])
[0m[0;32m[2026-09-16 12:56:54.596][VERB] RETURN: {"result":"$796"}
[0m[2026-09-16 12:56:54.605][DEBUG] Build graphic in: 0ms
[0;32m[2026-09-16 12:56:54.608][VERB] COMMANDCALL: _C.SafeAPI.Execute(["v1.part.extrusion",[{"references":[779],"name":"F124_makeCylinder_cad_primitives_py_12","taperAngle":0,"limit2":"@expr.d129_height","id":4}]])
[0m[0;32m[2026-09-16 12:56:54.613][VERB] RETURN: {"result":"$800"}
[0m[2026-09-16 12:56:54.622][DEBUG] Build graphic in: 1ms
[0;32m[2026-09-16 12:56:54.625][VERB] COMMANDCALL: _C.SafeAPI.Execute(["v1.part.workPlane",[{"type":"PLANE","references":[38],"name":"F130_makeCylinder_cad_primitives_py_12_plane","offset":"@expr.d131_plane_offset","id":4}]])
[0m[0;32m[2026-09-16 12:56:54.628][VERB] RETURN: {"result":"$822"}
[0m[2026-09-16 12:56:54.637][DEBUG] Build graphic in: 0ms
[0;32m[2026-09-16 12:56:54.640][VERB] COMMANDCALL: _C.SafeAPI.Execute(["v1.sketch.create",[{"planeId":822,"name":"F130_makeCylinder_cad_primitives_py_12_profile","id":4}]])
[0m[0;32m[2026-09-16 12:56:54.642][VERB] RETURN: {"result":"$828"}
[0m[2026-09-16 12:56:54.651][DEBUG] Build graphic in: 0ms
[0;32m[2026-09-16 12:56:54.653][VERB] COMMANDCALL: _C.SafeAPI.Execute(["v1.sketch.circle",[{"radius":2.7,"id":828,"genFixation":0,"centerPos":[56.4,22.8,0]}]])
[0m[0;32m[2026-09-16 12:56:54.655][VERB] RETURN: {"result":"$834"}
[0m[2026-09-16 12:56:54.663][DEBUG] Build graphic in: 0ms
[0;32m[2026-09-16 12:56:54.666][VERB] COMMANDCALL: _C.SafeAPI.Execute(["v1.sketch.getPoints",[{"id":834}]])
[0m[0;32m[2026-09-16 12:56:54.666][VERB] RETURN: {"result":{"centerId":"$835"}}
[0m[0;32m[2026-09-16 12:56:54.676][VERB] COMMANDCALL: _C.SafeAPI.Execute(["v1.sketch.point",[{"pos":[-1000,-1000,0],"id":828}]])
[0m[0;32m[2026-09-16 12:56:54.678][VERB] RETURN: {"result":"$837"}
[0m[2026-09-16 12:56:54.686][DEBUG] Build graphic in: 0ms
[0;32m[2026-09-16 12:56:54.689][VERB] COMMANDCALL: _C.SafeAPI.Execute(["v1.sketch.constraint",[{"type":"FIXATION","id":828,"geomIds":[837]}]])
[0m[0;32m[2026-09-16 12:56:54.690][VERB] RETURN: {"result":"$839"}
[0m[2026-09-16 12:56:54.698][DEBUG] Build graphic in: 0ms
[0;32m[2026-09-16 12:56:54.700][VERB] COMMANDCALL: _C.SafeAPI.Execute(["v1.sketch.dimension",[{"type":"HORIZONTAL_DISTANCE","value":"@expr.d132_position_x","name":"position_x","id":828,"geomIds":[837,835]}]])
[0m[0;32m[2026-09-16 12:56:54.705][VERB] RETURN: {"result":"$843"}
[0m[2026-09-16 12:56:54.713][DEBUG] Build graphic in: 0ms
[0;32m[2026-09-16 12:56:54.716][VERB] COMMANDCALL: _C.SafeAPI.Execute(["v1.sketch.dimension",[{"type":"VERTICAL_DISTANCE","value":"@expr.d133_position_y","name":"position_y","id":828,"geomIds":[837,835]}]])
[0m[0;32m[2026-09-16 12:56:54.721][VERB] RETURN: {"result":"$847"}
[0m[2026-09-16 12:56:54.730][DEBUG] Build graphic in: 0ms
[0;32m[2026-09-16 12:56:54.732][VERB] COMMANDCALL: _C.SafeAPI.Execute(["v1.sketch.dimension",[{"type":"RADIUS","value":"@expr.d134_radius","name":"radius","id":828,"geomIds":[834]}]])
[0m[0;32m[2026-09-16 12:56:54.737][VERB] RETURN: {"result":"$851"}
[0m[2026-09-16 12:56:54.746][DEBUG] Build graphic in: 0ms
[0;32m[2026-09-16 12:56:54.749][VERB] COMMANDCALL: _C.SafeAPI.Execute(["v1.part.extrusion",[{"references":[834],"name":"F130_makeCylinder_cad_primitives_py_12","taperAngle":0,"limit2":"@expr.d135_height","id":4}]])
[0m[0;32m[2026-09-16 12:56:54.754][VERB] RETURN: {"result":"$855"}
[0m[2026-09-16 12:56:54.764][DEBUG] Build graphic in: 2ms
[0;32m[2026-09-16 12:56:54.767][VERB] COMMANDCALL: _C.SafeAPI.Execute(["v1.part.workPlane",[{"type":"PLANE","references":[38],"name":"F136_makeCylinder_cad_primitives_py_12_plane","offset":"@expr.d137_plane_offset","id":4}]])
[0m[0;32m[2026-09-16 12:56:54.770][VERB] RETURN: {"result":"$877"}
[0m[2026-09-16 12:56:54.779][DEBUG] Build graphic in: 0ms
[0;32m[2026-09-16 12:56:54.782][VERB] COMMANDCALL: _C.SafeAPI.Execute(["v1.sketch.create",[{"planeId":877,"name":"F136_makeCylinder_cad_primitives_py_12_profile","id":4}]])
[0m[0;32m[2026-09-16 12:56:54.784][VERB] RETURN: {"result":"$883"}
[0m[2026-09-16 12:56:54.792][DEBUG] Build graphic in: 0ms
[0;32m[2026-09-16 12:56:54.795][VERB] COMMANDCALL: _C.SafeAPI.Execute(["v1.sketch.circle",[{"radius":2.7,"id":883,"genFixation":0,"centerPos":[56.4,63.2,0]}]])
[0m[0;32m[2026-09-16 12:56:54.796][VERB] RETURN: {"result":"$889"}
[0m[2026-09-16 12:56:54.805][DEBUG] Build graphic in: 0ms
[0;32m[2026-09-16 12:56:54.807][VERB] COMMANDCALL: _C.SafeAPI.Execute(["v1.sketch.getPoints",[{"id":889}]])
[0m[0;32m[2026-09-16 12:56:54.808][VERB] RETURN: {"result":{"centerId":"$890"}}
[0m[0;32m[2026-09-16 12:56:54.819][VERB] COMMANDCALL: _C.SafeAPI.Execute(["v1.sketch.point",[{"pos":[-1000,-1000,0],"id":883}]])
[0m[0;32m[2026-09-16 12:56:54.820][VERB] RETURN: {"result":"$892"}
[0m[2026-09-16 12:56:54.829][DEBUG] Build graphic in: 0ms
[0;32m[2026-09-16 12:56:54.831][VERB] COMMANDCALL: _C.SafeAPI.Execute(["v1.sketch.constraint",[{"type":"FIXATION","id":883,"geomIds":[892]}]])
[0m[0;32m[2026-09-16 12:56:54.833][VERB] RETURN: {"result":"$894"}
[0m[2026-09-16 12:56:54.841][DEBUG] Build graphic in: 0ms
[0;32m[2026-09-16 12:56:54.844][VERB] COMMANDCALL: _C.SafeAPI.Execute(["v1.sketch.dimension",[{"type":"HORIZONTAL_DISTANCE","value":"@expr.d138_position_x","name":"position_x","id":883,"geomIds":[892,890]}]])
[0m[0;32m[2026-09-16 12:56:54.848][VERB] RETURN: {"result":"$898"}
[0m[2026-09-16 12:56:54.858][DEBUG] Build graphic in: 1ms
[0;32m[2026-09-16 12:56:54.860][VERB] COMMANDCALL: _C.SafeAPI.Execute(["v1.sketch.dimension",[{"type":"VERTICAL_DISTANCE","value":"@expr.d139_position_y","name":"position_y","id":883,"geomIds":[892,890]}]])
[0m[0;32m[2026-09-16 12:56:54.865][VERB] RETURN: {"result":"$902"}
[0m[2026-09-16 12:56:54.874][DEBUG] Build graphic in: 0ms
[0;32m[2026-09-16 12:56:54.877][VERB] COMMANDCALL: _C.SafeAPI.Execute(["v1.sketch.dimension",[{"type":"RADIUS","value":"@expr.d140_radius","name":"radius","id":883,"geomIds":[889]}]])
[0m[0;32m[2026-09-16 12:56:54.882][VERB] RETURN: {"result":"$906"}
[0m[2026-09-16 12:56:54.891][DEBUG] Build graphic in: 0ms
[0;32m[2026-09-16 12:56:54.894][VERB] COMMANDCALL: _C.SafeAPI.Execute(["v1.part.extrusion",[{"references":[889],"name":"F136_makeCylinder_cad_primitives_py_12","taperAngle":0,"limit2":"@expr.d141_height","id":4}]])
[0m[0;32m[2026-09-16 12:56:54.899][VERB] RETURN: {"result":"$910"}
[0m[2026-09-16 12:56:54.909][DEBUG] Build graphic in: 1ms
[0;32m[2026-09-16 12:56:54.912][VERB] COMMANDCALL: _C.SafeAPI.Execute(["v1.part.workPlane",[{"type":"PLANE","references":[38],"name":"F142_makeBox_cad_primitives_py_8_plane","offset":"@expr.d143_plane_offset","id":4}]])
[0m[0;32m[2026-09-16 12:56:54.916][VERB] RETURN: {"result":"$932"}
[0m[2026-09-16 12:56:54.925][DEBUG] Build graphic in: 0ms
[0;32m[2026-09-16 12:56:54.927][VERB] COMMANDCALL: _C.SafeAPI.Execute(["v1.sketch.create",[{"planeId":932,"name":"F142_makeBox_cad_primitives_py_8_profile","id":4}]])
[0m[0;32m[2026-09-16 12:56:54.929][VERB] RETURN: {"result":"$938"}
[0m[2026-09-16 12:56:54.938][DEBUG] Build graphic in: 0ms
[0;32m[2026-09-16 12:56:54.941][VERB] COMMANDCALL: _C.SafeAPI.Execute(["v1.sketch.rectangle",[{"startPos":[48.8,-1.3,0],"id":938,"genFixation":0,"endPos":[89.8,40.8,0]}]])
[0m[0;32m[2026-09-16 12:56:54.947][VERB] RETURN: {"result":["$944","$948","$954","$960"]}
[0m[2026-09-16 12:56:54.957][DEBUG] Build graphic in: 0ms
[0;32m[2026-09-16 12:56:54.959][VERB] COMMANDCALL: _C.SafeAPI.Execute(["v1.sketch.getPoints",[{"id":944}]])
[0m[0;32m[2026-09-16 12:56:54.960][VERB] RETURN: {"result":{"endId":"$946","startId":"$945"}}
[0m[0;32m[2026-09-16 12:56:54.971][VERB] COMMANDCALL: _C.SafeAPI.Execute(["v1.sketch.point",[{"pos":[-1000,-1000,0],"id":938}]])
[0m[0;32m[2026-09-16 12:56:54.973][VERB] RETURN: {"result":"$976"}
[0m[2026-09-16 12:56:54.983][DEBUG] Build graphic in: 0ms
[0;32m[2026-09-16 12:56:54.985][VERB] COMMANDCALL: _C.SafeAPI.Execute(["v1.sketch.constraint",[{"type":"FIXATION","id":938,"geomIds":[976]}]])
[0m[0;32m[2026-09-16 12:56:54.987][VERB] RETURN: {"result":"$978"}
[0m[2026-09-16 12:56:54.997][DEBUG] Build graphic in: 0ms
[0;32m[2026-09-16 12:56:54.999][VERB] COMMANDCALL: _C.SafeAPI.Execute(["v1.sketch.dimension",[{"type":"HORIZONTAL_DISTANCE","value":"@expr.d144_position_x","name":"position_x","id":938,"geomIds":[976,945]}]])
[0m[0;32m[2026-09-16 12:56:55.005][VERB] RETURN: {"result":"$982"}
[0m[2026-09-16 12:56:55.015][DEBUG] Build graphic in: 0ms
[0;32m[2026-09-16 12:56:55.017][VERB] COMMANDCALL: _C.SafeAPI.Execute(["v1.sketch.dimension",[{"type":"VERTICAL_DISTANCE","value":"@expr.d145_position_y","name":"position_y","id":938,"geomIds":[976,945]}]])
[0m[0;32m[2026-09-16 12:56:55.023][VERB] RETURN: {"result":"$986"}
[0m[2026-09-16 12:56:55.033][DEBUG] Build graphic in: 0ms
[0;32m[2026-09-16 12:56:55.036][VERB] COMMANDCALL: _C.SafeAPI.Execute(["v1.sketch.dimension",[{"type":"OFFSET","value":"@expr.d146_width","name":"width","id":938,"geomIds":[944]}]])
[0m[0;32m[2026-09-16 12:56:55.043][VERB] RETURN: {"result":"$990"}
[0m[2026-09-16 12:56:55.053][DEBUG] Build graphic in: 0ms
[0;32m[2026-09-16 12:56:55.056][VERB] COMMANDCALL: _C.SafeAPI.Execute(["v1.sketch.dimension",[{"type":"OFFSET","value":"@expr.d147_depth","name":"depth","id":938,"geomIds":[948]}]])
[0m[0;32m[2026-09-16 12:56:55.064][VERB] RETURN: {"result":"$994"}
[0m[2026-09-16 12:56:55.073][DEBUG] Build graphic in: 0ms
[0;32m[2026-09-16 12:56:55.076][VERB] COMMANDCALL: _C.SafeAPI.Execute(["v1.part.extrusion",[{"references":[944,948,954,960],"name":"F142_makeBox_cad_primitives_py_8","taperAngle":0,"limit2":"@expr.d148_height","id":4}]])
[0m[0;32m[2026-09-16 12:56:55.081][VERB] RETURN: {"result":"$998"}
[0m[2026-09-16 12:56:55.091][DEBUG] Build graphic in: 1ms
[0;32m[2026-09-16 12:56:55.094][VERB] COMMANDCALL: _C.SafeAPI.Execute(["v1.part.workPlane",[{"type":"PLANE","references":[38],"name":"F149_makeBox_cad_primitives_py_8_plane","offset":"@expr.d150_plane_offset","id":4}]])
[0m[0;32m[2026-09-16 12:56:55.097][VERB] RETURN: {"result":"$1041"}
[0m[2026-09-16 12:56:55.107][DEBUG] Build graphic in: 0ms
[0;32m[2026-09-16 12:56:55.110][VERB] COMMANDCALL: _C.SafeAPI.Execute(["v1.sketch.create",[{"planeId":1041,"name":"F149_makeBox_cad_primitives_py_8_profile","id":4}]])
[0m[0;32m[2026-09-16 12:56:55.112][VERB] RETURN: {"result":"$1047"}
[0m[2026-09-16 12:56:55.122][DEBUG] Build graphic in: 0ms
[0;32m[2026-09-16 12:56:55.124][VERB] COMMANDCALL: _C.SafeAPI.Execute(["v1.sketch.rectangle",[{"startPos":[46.1,1.4,0],"id":1047,"genFixation":0,"endPos":[92.5,38.1,0]}]])
[0m[0;32m[2026-09-16 12:56:55.131][VERB] RETURN: {"result":["$1053","$1057","$1063","$1069"]}
[0m[2026-09-16 12:56:55.141][DEBUG] Build graphic in: 0ms
[0;32m[2026-09-16 12:56:55.143][VERB] COMMANDCALL: _C.SafeAPI.Execute(["v1.sketch.getPoints",[{"id":1053}]])
[0m[0;32m[2026-09-16 12:56:55.144][VERB] RETURN: {"result":{"endId":"$1055","startId":"$1054"}}
[0m[0;32m[2026-09-16 12:56:55.156][VERB] COMMANDCALL: _C.SafeAPI.Execute(["v1.sketch.point",[{"pos":[-1000,-1000,0],"id":1047}]])
[0m[0;32m[2026-09-16 12:56:55.158][VERB] RETURN: {"result":"$1085"}
[0m[2026-09-16 12:56:55.168][DEBUG] Build graphic in: 0ms
[0;32m[2026-09-16 12:56:55.171][VERB] COMMANDCALL: _C.SafeAPI.Execute(["v1.sketch.constraint",[{"type":"FIXATION","id":1047,"geomIds":[1085]}]])
[0m[0;32m[2026-09-16 12:56:55.173][VERB] RETURN: {"result":"$1087"}
[0m[2026-09-16 12:56:55.182][DEBUG] Build graphic in: 0ms
[0;32m[2026-09-16 12:56:55.185][VERB] COMMANDCALL: _C.SafeAPI.Execute(["v1.sketch.dimension",[{"type":"HORIZONTAL_DISTANCE","value":"@expr.d151_position_x","name":"position_x","id":1047,"geomIds":[1085,1054]}]])
[0m[0;32m[2026-09-16 12:56:55.191][VERB] RETURN: {"result":"$1091"}
[0m[2026-09-16 12:56:55.201][DEBUG] Build graphic in: 0ms
[0;32m[2026-09-16 12:56:55.204][VERB] COMMANDCALL: _C.SafeAPI.Execute(["v1.sketch.dimension",[{"type":"VERTICAL_DISTANCE","value":"@expr.d152_position_y","name":"position_y","id":1047,"geomIds":[1085,1054]}]])
[0m[0;32m[2026-09-16 12:56:55.210][VERB] RETURN: {"result":"$1095"}
[0m[2026-09-16 12:56:55.220][DEBUG] Build graphic in: 0ms
[0;32m[2026-09-16 12:56:55.223][VERB] COMMANDCALL: _C.SafeAPI.Execute(["v1.sketch.dimension",[{"type":"OFFSET","value":"@expr.d153_width","name":"width","id":1047,"geomIds":[1053]}]])
[0m[0;32m[2026-09-16 12:56:55.230][VERB] RETURN: {"result":"$1099"}
[0m[2026-09-16 12:56:55.240][DEBUG] Build graphic in: 0ms
[0;32m[2026-09-16 12:56:55.243][VERB] COMMANDCALL: _C.SafeAPI.Execute(["v1.sketch.dimension",[{"type":"OFFSET","value":"@expr.d154_depth","name":"depth","id":1047,"geomIds":[1057]}]])
[0m[0;32m[2026-09-16 12:56:55.251][VERB] RETURN: {"result":"$1103"}
[0m[2026-09-16 12:56:55.261][DEBUG] Build graphic in: 0ms
[0;32m[2026-09-16 12:56:55.264][VERB] COMMANDCALL: _C.SafeAPI.Execute(["v1.part.extrusion",[{"references":[1053,1057,1063,1069],"name":"F149_makeBox_cad_primitives_py_8","taperAngle":0,"limit2":"@expr.d155_height","id":4}]])
[0m[0;32m[2026-09-16 12:56:55.269][VERB] RETURN: {"result":"$1107"}
[0m[2026-09-16 12:56:55.280][DEBUG] Build graphic in: 1ms
[0;32m[2026-09-16 12:56:55.283][VERB] COMMANDCALL: _C.SafeAPI.Execute(["v1.part.workPlane",[{"type":"PLANE","references":[38],"name":"F156_makeCylinder_cad_primitives_py_12_plane","offset":"@expr.d157_plane_offset","id":4}]])
[0m[0;32m[2026-09-16 12:56:55.286][VERB] RETURN: {"result":"$1150"}
[0m[2026-09-16 12:56:55.296][DEBUG] Build graphic in: 0ms
[0;32m[2026-09-16 12:56:55.299][VERB] COMMANDCALL: _C.SafeAPI.Execute(["v1.sketch.create",[{"planeId":1150,"name":"F156_makeCylinder_cad_primitives_py_12_profile","id":4}]])
[0m[0;32m[2026-09-16 12:56:55.301][VERB] RETURN: {"result":"$1156"}
[0m[2026-09-16 12:56:55.311][DEBUG] Build graphic in: 0ms
[0;32m[2026-09-16 12:56:55.314][VERB] COMMANDCALL: _C.SafeAPI.Execute(["v1.sketch.circle",[{"radius":2.7,"id":1156,"genFixation":0,"centerPos":[48.8,1.4,0]}]])
[0m[0;32m[2026-09-16 12:56:55.316][VERB] RETURN: {"result":"$1162"}
[0m[2026-09-16 12:56:55.326][DEBUG] Build graphic in: 0ms
[0;32m[2026-09-16 12:56:55.329][VERB] COMMANDCALL: _C.SafeAPI.Execute(["v1.sketch.getPoints",[{"id":1162}]])
[0m[0;32m[2026-09-16 12:56:55.329][VERB] RETURN: {"result":{"centerId":"$1163"}}
[0m[0;32m[2026-09-16 12:56:55.342][VERB] COMMANDCALL: _C.SafeAPI.Execute(["v1.sketch.point",[{"pos":[-1000,-1000,0],"id":1156}]])
[0m[0;32m[2026-09-16 12:56:55.343][VERB] RETURN: {"result":"$1165"}
[0m[2026-09-16 12:56:55.353][DEBUG] Build graphic in: 0ms
[0;32m[2026-09-16 12:56:55.357][VERB] COMMANDCALL: _C.SafeAPI.Execute(["v1.sketch.constraint",[{"type":"FIXATION","id":1156,"geomIds":[1165]}]])
[0m[0;32m[2026-09-16 12:56:55.358][VERB] RETURN: {"result":"$1167"}
[0m[2026-09-16 12:56:55.368][DEBUG] Build graphic in: 0ms
[0;32m[2026-09-16 12:56:55.371][VERB] COMMANDCALL: _C.SafeAPI.Execute(["v1.sketch.dimension",[{"type":"HORIZONTAL_DISTANCE","value":"@expr.d158_position_x","name":"position_x","id":1156,"geomIds":[1165,1163]}]])
[0m[0;32m[2026-09-16 12:56:55.376][VERB] RETURN: {"result":"$1171"}
[0m[2026-09-16 12:56:55.386][DEBUG] Build graphic in: 0ms
[0;32m[2026-09-16 12:56:55.389][VERB] COMMANDCALL: _C.SafeAPI.Execute(["v1.sketch.dimension",[{"type":"VERTICAL_DISTANCE","value":"@expr.d159_position_y","name":"position_y","id":1156,"geomIds":[1165,1163]}]])
[0m[0;32m[2026-09-16 12:56:55.394][VERB] RETURN: {"result":"$1175"}
[0m[2026-09-16 12:56:55.405][DEBUG] Build graphic in: 0ms
[0;32m[2026-09-16 12:56:55.408][VERB] COMMANDCALL: _C.SafeAPI.Execute(["v1.sketch.dimension",[{"type":"RADIUS","value":"@expr.d160_radius","name":"radius","id":1156,"geomIds":[1162]}]])
[0m[0;32m[2026-09-16 12:56:55.413][VERB] RETURN: {"result":"$1179"}
[0m[2026-09-16 12:56:55.423][DEBUG] Build graphic in: 0ms
[0;32m[2026-09-16 12:56:55.426][VERB] COMMANDCALL: _C.SafeAPI.Execute(["v1.part.extrusion",[{"references":[1162],"name":"F156_makeCylinder_cad_primitives_py_12","taperAngle":0,"limit2":"@expr.d161_height","id":4}]])
[0m[0;32m[2026-09-16 12:56:55.432][VERB] RETURN: {"result":"$1183"}
[0m[2026-09-16 12:56:55.443][DEBUG] Build graphic in: 1ms
[0;32m[2026-09-16 12:56:55.446][VERB] COMMANDCALL: _C.SafeAPI.Execute(["v1.part.workPlane",[{"type":"PLANE","references":[38],"name":"F162_makeCylinder_cad_primitives_py_12_plane","offset":"@expr.d163_plane_offset","id":4}]])
[0m[0;32m[2026-09-16 12:56:55.450][VERB] RETURN: {"result":"$1205"}
[0m[2026-09-16 12:56:55.461][DEBUG] Build graphic in: 0ms
[0;32m[2026-09-16 12:56:55.464][VERB] COMMANDCALL: _C.SafeAPI.Execute(["v1.sketch.create",[{"planeId":1205,"name":"F162_makeCylinder_cad_primitives_py_12_profile","id":4}]])
[0m[0;32m[2026-09-16 12:56:55.466][VERB] RETURN: {"result":"$1211"}
[0m[2026-09-16 12:56:55.476][DEBUG] Build graphic in: 0ms
[0;32m[2026-09-16 12:56:55.480][VERB] COMMANDCALL: _C.SafeAPI.Execute(["v1.sketch.circle",[{"radius":2.7,"id":1211,"genFixation":0,"centerPos":[48.8,38.1,0]}]])
[0m[0;32m[2026-09-16 12:56:55.481][VERB] RETURN: {"result":"$1217"}
[0m[2026-09-16 12:56:55.491][DEBUG] Build graphic in: 0ms
[0;32m[2026-09-16 12:56:55.494][VERB] COMMANDCALL: _C.SafeAPI.Execute(["v1.sketch.getPoints",[{"id":1217}]])
[0m[0;32m[2026-09-16 12:56:55.494][VERB] RETURN: {"result":{"centerId":"$1218"}}
[0m[0;32m[2026-09-16 12:56:55.508][VERB] COMMANDCALL: _C.SafeAPI.Execute(["v1.sketch.point",[{"pos":[-1000,-1000,0],"id":1211}]])
[0m[0;32m[2026-09-16 12:56:55.509][VERB] RETURN: {"result":"$1220"}
[0m[2026-09-16 12:56:55.519][DEBUG] Build graphic in: 0ms
[0;32m[2026-09-16 12:56:55.522][VERB] COMMANDCALL: _C.SafeAPI.Execute(["v1.sketch.constraint",[{"type":"FIXATION","id":1211,"geomIds":[1220]}]])
[0m[0;32m[2026-09-16 12:56:55.523][VERB] RETURN: {"result":"$1222"}
[0m[2026-09-16 12:56:55.534][DEBUG] Build graphic in: 0ms
[0;32m[2026-09-16 12:56:55.537][VERB] COMMANDCALL: _C.SafeAPI.Execute(["v1.sketch.dimension",[{"type":"HORIZONTAL_DISTANCE","value":"@expr.d164_position_x","name":"position_x","id":1211,"geomIds":[1220,1218]}]])
[0m[0;32m[2026-09-16 12:56:55.542][VERB] RETURN: {"result":"$1226"}
[0m[2026-09-16 12:56:55.552][DEBUG] Build graphic in: 0ms
[0;32m[2026-09-16 12:56:55.555][VERB] COMMANDCALL: _C.SafeAPI.Execute(["v1.sketch.dimension",[{"type":"VERTICAL_DISTANCE","value":"@expr.d165_position_y","name":"position_y","id":1211,"geomIds":[1220,1218]}]])
[0m[0;32m[2026-09-16 12:56:55.561][VERB] RETURN: {"result":"$1230"}
[0m[2026-09-16 12:56:55.572][DEBUG] Build graphic in: 1ms
[0;32m[2026-09-16 12:56:55.575][VERB] COMMANDCALL: _C.SafeAPI.Execute(["v1.sketch.dimension",[{"type":"RADIUS","value":"@expr.d166_radius","name":"radius","id":1211,"geomIds":[1217]}]])
[0m[0;32m[2026-09-16 12:56:55.580][VERB] RETURN: {"result":"$1234"}
[0m[2026-09-16 12:56:55.590][DEBUG] Build graphic in: 0ms
[0;32m[2026-09-16 12:56:55.593][VERB] COMMANDCALL: _C.SafeAPI.Execute(["v1.part.extrusion",[{"references":[1217],"name":"F162_makeCylinder_cad_primitives_py_12","taperAngle":0,"limit2":"@expr.d167_height","id":4}]])
[0m[0;32m[2026-09-16 12:56:55.599][VERB] RETURN: {"result":"$1238"}
[0m[2026-09-16 12:56:55.611][DEBUG] Build graphic in: 2ms
[0;32m[2026-09-16 12:56:55.614][VERB] COMMANDCALL: _C.SafeAPI.Execute(["v1.part.workPlane",[{"type":"PLANE","references":[38],"name":"F168_makeCylinder_cad_primitives_py_12_plane","offset":"@expr.d169_plane_offset","id":4}]])
[0m[0;32m[2026-09-16 12:56:55.617][VERB] RETURN: {"result":"$1260"}
[0m[2026-09-16 12:56:55.628][DEBUG] Build graphic in: 0ms
[0;32m[2026-09-16 12:56:55.633][VERB] COMMANDCALL: _C.SafeAPI.Execute(["v1.sketch.create",[{"planeId":1260,"name":"F168_makeCylinder_cad_primitives_py_12_profile","id":4}]])
[0m[0;32m[2026-09-16 12:56:55.635][VERB] RETURN: {"result":"$1266"}
[0m[2026-09-16 12:56:55.647][DEBUG] Build graphic in: 0ms
[0;32m[2026-09-16 12:56:55.650][VERB] COMMANDCALL: _C.SafeAPI.Execute(["v1.sketch.circle",[{"radius":2.7,"id":1266,"genFixation":0,"centerPos":[89.8,1.4,0]}]])
[0m[0;32m[2026-09-16 12:56:55.652][VERB] RETURN: {"result":"$1272"}
[0m[2026-09-16 12:56:55.662][DEBUG] Build graphic in: 0ms
[0;32m[2026-09-16 12:56:55.665][VERB] COMMANDCALL: _C.SafeAPI.Execute(["v1.sketch.getPoints",[{"id":1272}]])
[0m[0;32m[2026-09-16 12:56:55.666][VERB] RETURN: {"result":{"centerId":"$1273"}}
[0m[0;32m[2026-09-16 12:56:55.679][VERB] COMMANDCALL: _C.SafeAPI.Execute(["v1.sketch.point",[{"pos":[-1000,-1000,0],"id":1266}]])
[0m[0;32m[2026-09-16 12:56:55.680][VERB] RETURN: {"result":"$1275"}
[0m[2026-09-16 12:56:55.691][DEBUG] Build graphic in: 0ms
[0;32m[2026-09-16 12:56:55.694][VERB] COMMANDCALL: _C.SafeAPI.Execute(["v1.sketch.constraint",[{"type":"FIXATION","id":1266,"geomIds":[1275]}]])
[0m[0;32m[2026-09-16 12:56:55.695][VERB] RETURN: {"result":"$1277"}
[0m[2026-09-16 12:56:55.706][DEBUG] Build graphic in: 0ms
[0;32m[2026-09-16 12:56:55.709][VERB] COMMANDCALL: _C.SafeAPI.Execute(["v1.sketch.dimension",[{"type":"HORIZONTAL_DISTANCE","value":"@expr.d170_position_x","name":"position_x","id":1266,"geomIds":[1275,1273]}]])
[0m[0;32m[2026-09-16 12:56:55.713][VERB] RETURN: {"result":"$1281"}
[0m[2026-09-16 12:56:55.724][DEBUG] Build graphic in: 0ms
[0;32m[2026-09-16 12:56:55.727][VERB] COMMANDCALL: _C.SafeAPI.Execute(["v1.sketch.dimension",[{"type":"VERTICAL_DISTANCE","value":"@expr.d171_position_y","name":"position_y","id":1266,"geomIds":[1275,1273]}]])
[0m[0;32m[2026-09-16 12:56:55.733][VERB] RETURN: {"result":"$1285"}
[0m[2026-09-16 12:56:55.744][DEBUG] Build graphic in: 0ms
[0;32m[2026-09-16 12:56:55.747][VERB] COMMANDCALL: _C.SafeAPI.Execute(["v1.sketch.dimension",[{"type":"RADIUS","value":"@expr.d172_radius","name":"radius","id":1266,"geomIds":[1272]}]])
[0m[0;32m[2026-09-16 12:56:55.752][VERB] RETURN: {"result":"$1289"}
[0m[2026-09-16 12:56:55.763][DEBUG] Build graphic in: 0ms
[0;32m[2026-09-16 12:56:55.766][VERB] COMMANDCALL: _C.SafeAPI.Execute(["v1.part.extrusion",[{"references":[1272],"name":"F168_makeCylinder_cad_primitives_py_12","taperAngle":0,"limit2":"@expr.d173_height","id":4}]])
[0m[0;32m[2026-09-16 12:56:55.771][VERB] RETURN: {"result":"$1293"}
[0m[2026-09-16 12:56:55.784][DEBUG] Build graphic in: 2ms
[0;32m[2026-09-16 12:56:55.787][VERB] COMMANDCALL: _C.SafeAPI.Execute(["v1.part.workPlane",[{"type":"PLANE","references":[38],"name":"F174_makeCylinder_cad_primitives_py_12_plane","offset":"@expr.d175_plane_offset","id":4}]])
[0m[0;32m[2026-09-16 12:56:55.790][VERB] RETURN: {"result":"$1315"}
[0m[2026-09-16 12:56:55.801][DEBUG] Build graphic in: 0ms
[0;32m[2026-09-16 12:56:55.805][VERB] COMMANDCALL: _C.SafeAPI.Execute(["v1.sketch.create",[{"planeId":1315,"name":"F174_makeCylinder_cad_primitives_py_12_profile","id":4}]])
[0m[0;32m[2026-09-16 12:56:55.807][VERB] RETURN: {"result":"$1321"}
[0m[2026-09-16 12:56:55.818][DEBUG] Build graphic in: 0ms
[0;32m[2026-09-16 12:56:55.821][VERB] COMMANDCALL: _C.SafeAPI.Execute(["v1.sketch.circle",[{"radius":2.7,"id":1321,"genFixation":0,"centerPos":[89.8,38.1,0]}]])
[0m[0;32m[2026-09-16 12:56:55.822][VERB] RETURN: {"result":"$1327"}
[0m[2026-09-16 12:56:55.833][DEBUG] Build graphic in: 0ms
[0;32m[2026-09-16 12:56:55.836][VERB] COMMANDCALL: _C.SafeAPI.Execute(["v1.sketch.getPoints",[{"id":1327}]])
[0m[0;32m[2026-09-16 12:56:55.836][VERB] RETURN: {"result":{"centerId":"$1328"}}
[0m[0;32m[2026-09-16 12:56:55.850][VERB] COMMANDCALL: _C.SafeAPI.Execute(["v1.sketch.point",[{"pos":[-1000,-1000,0],"id":1321}]])
[0m[0;32m[2026-09-16 12:56:55.851][VERB] RETURN: {"result":"$1330"}
[0m[2026-09-16 12:56:55.863][DEBUG] Build graphic in: 1ms
[0;32m[2026-09-16 12:56:55.866][VERB] COMMANDCALL: _C.SafeAPI.Execute(["v1.sketch.constraint",[{"type":"FIXATION","id":1321,"geomIds":[1330]}]])
[0m[0;32m[2026-09-16 12:56:55.867][VERB] RETURN: {"result":"$1332"}
[0m[2026-09-16 12:56:55.878][DEBUG] Build graphic in: 0ms
[0;32m[2026-09-16 12:56:55.881][VERB] COMMANDCALL: _C.SafeAPI.Execute(["v1.sketch.dimension",[{"type":"HORIZONTAL_DISTANCE","value":"@expr.d176_position_x","name":"position_x","id":1321,"geomIds":[1330,1328]}]])
[0m[0;32m[2026-09-16 12:56:55.886][VERB] RETURN: {"result":"$1336"}
[0m[2026-09-16 12:56:55.897][DEBUG] Build graphic in: 0ms
[0;32m[2026-09-16 12:56:55.900][VERB] COMMANDCALL: _C.SafeAPI.Execute(["v1.sketch.dimension",[{"type":"VERTICAL_DISTANCE","value":"@expr.d177_position_y","name":"position_y","id":1321,"geomIds":[1330,1328]}]])
[0m[0;32m[2026-09-16 12:56:55.905][VERB] RETURN: {"result":"$1340"}
[0m[2026-09-16 12:56:55.916][DEBUG] Build graphic in: 0ms
[0;32m[2026-09-16 12:56:55.920][VERB] COMMANDCALL: _C.SafeAPI.Execute(["v1.sketch.dimension",[{"type":"RADIUS","value":"@expr.d178_radius","name":"radius","id":1321,"geomIds":[1327]}]])
[0m[0;32m[2026-09-16 12:56:55.925][VERB] RETURN: {"result":"$1344"}
[0m[2026-09-16 12:56:55.936][DEBUG] Build graphic in: 0ms
[0;32m[2026-09-16 12:56:55.940][VERB] COMMANDCALL: _C.SafeAPI.Execute(["v1.part.extrusion",[{"references":[1327],"name":"F174_makeCylinder_cad_primitives_py_12","taperAngle":0,"limit2":"@expr.d179_height","id":4}]])
[0m[0;32m[2026-09-16 12:56:55.945][VERB] RETURN: {"result":"$1348"}
[0m[2026-09-16 12:56:55.958][DEBUG] Build graphic in: 1ms
[0;32m[2026-09-16 12:56:55.961][VERB] COMMANDCALL: _C.SafeAPI.Execute(["v1.part.workPlane",[{"type":"PLANE","references":[38],"name":"F180_makeBox_shell_skin_py_38_plane","offset":"@expr.d181_plane_offset","id":4}]])
[0m[0;32m[2026-09-16 12:56:55.965][VERB] RETURN: {"result":"$1370"}
[0m[2026-09-16 12:56:55.976][DEBUG] Build graphic in: 0ms
[0;32m[2026-09-16 12:56:55.979][VERB] COMMANDCALL: _C.SafeAPI.Execute(["v1.sketch.create",[{"planeId":1370,"name":"F180_makeBox_shell_skin_py_38_profile","id":4}]])
[0m[0;32m[2026-09-16 12:56:55.981][VERB] RETURN: {"result":"$1376"}
[0m[2026-09-16 12:56:55.992][DEBUG] Build graphic in: 0ms
[0;32m[2026-09-16 12:56:55.996][VERB] COMMANDCALL: _C.SafeAPI.Execute(["v1.sketch.rectangle",[{"startPos":[89.8,-1.3,0],"id":1376,"genFixation":0,"endPos":[92.5,40.8,0]}]])
[0m[0;32m[2026-09-16 12:56:56.002][VERB] RETURN: {"result":["$1382","$1386","$1392","$1398"]}
[0m[2026-09-16 12:56:56.014][DEBUG] Build graphic in: 0ms
[0;32m[2026-09-16 12:56:56.017][VERB] COMMANDCALL: _C.SafeAPI.Execute(["v1.sketch.getPoints",[{"id":1382}]])
[0m[0;32m[2026-09-16 12:56:56.017][VERB] RETURN: {"result":{"endId":"$1384","startId":"$1383"}}
[0m[0;32m[2026-09-16 12:56:56.032][VERB] COMMANDCALL: _C.SafeAPI.Execute(["v1.sketch.point",[{"pos":[-1000,-1000,0],"id":1376}]])
[0m[0;32m[2026-09-16 12:56:56.034][VERB] RETURN: {"result":"$1414"}
[0m[2026-09-16 12:56:56.045][DEBUG] Build graphic in: 0ms
[0;32m[2026-09-16 12:56:56.048][VERB] COMMANDCALL: _C.SafeAPI.Execute(["v1.sketch.constraint",[{"type":"FIXATION","id":1376,"geomIds":[1414]}]])
[0m[0;32m[2026-09-16 12:56:56.050][VERB] RETURN: {"result":"$1416"}
[0m[2026-09-16 12:56:56.063][DEBUG] Build graphic in: 1ms
[0;32m[2026-09-16 12:56:56.066][VERB] COMMANDCALL: _C.SafeAPI.Execute(["v1.sketch.dimension",[{"type":"HORIZONTAL_DISTANCE","value":"@expr.d182_position_x","name":"position_x","id":1376,"geomIds":[1414,1383]}]])
[0m[0;32m[2026-09-16 12:56:56.071][VERB] RETURN: {"result":"$1420"}
[0m[2026-09-16 12:56:56.084][DEBUG] Build graphic in: 0ms
[0;32m[2026-09-16 12:56:56.088][VERB] COMMANDCALL: _C.SafeAPI.Execute(["v1.sketch.dimension",[{"type":"VERTICAL_DISTANCE","value":"@expr.d183_position_y","name":"position_y","id":1376,"geomIds":[1414,1383]}]])
[0m[0;32m[2026-09-16 12:56:56.094][VERB] RETURN: {"result":"$1424"}
[0m[2026-09-16 12:56:56.106][DEBUG] Build graphic in: 0ms
[0;32m[2026-09-16 12:56:56.109][VERB] COMMANDCALL: _C.SafeAPI.Execute(["v1.sketch.dimension",[{"type":"OFFSET","value":"@expr.d184_width","name":"width","id":1376,"geomIds":[1382]}]])
[0m[0;32m[2026-09-16 12:56:56.117][VERB] RETURN: {"result":"$1428"}
[0m[2026-09-16 12:56:56.129][DEBUG] Build graphic in: 0ms
[0;32m[2026-09-16 12:56:56.132][VERB] COMMANDCALL: _C.SafeAPI.Execute(["v1.sketch.dimension",[{"type":"OFFSET","value":"@expr.d185_depth","name":"depth","id":1376,"geomIds":[1386]}]])
[0m[0;32m[2026-09-16 12:56:56.140][VERB] RETURN: {"result":"$1432"}
[0m[2026-09-16 12:56:56.153][DEBUG] Build graphic in: 0ms
[0;32m[2026-09-16 12:56:56.156][VERB] COMMANDCALL: _C.SafeAPI.Execute(["v1.part.extrusion",[{"references":[1382,1386,1392,1398],"name":"F180_makeBox_shell_skin_py_38","taperAngle":0,"limit2":"@expr.d186_height","id":4}]])
[0m[0;32m[2026-09-16 12:56:56.161][VERB] RETURN: {"result":"$1436"}
[0m[2026-09-16 12:56:56.174][DEBUG] Build graphic in: 0ms
[0;32m[2026-09-16 12:56:56.178][VERB] COMMANDCALL: _C.SafeAPI.Execute(["v1.part.workPlane",[{"type":"PLANE","references":[38],"name":"F187_makeBox_cad_primitives_py_8_plane","offset":"@expr.d188_plane_offset","id":4}]])
[0m[0;32m[2026-09-16 12:56:56.181][VERB] RETURN: {"result":"$1479"}
[0m[2026-09-16 12:56:56.194][DEBUG] Build graphic in: 0ms
[0;32m[2026-09-16 12:56:56.197][VERB] COMMANDCALL: _C.SafeAPI.Execute(["v1.sketch.create",[{"planeId":1479,"name":"F187_makeBox_cad_primitives_py_8_profile","id":4}]])
[0m[0;32m[2026-09-16 12:56:56.199][VERB] RETURN: {"result":"$1485"}
[0m[2026-09-16 12:56:56.212][DEBUG] Build graphic in: 0ms
[0;32m[2026-09-16 12:56:56.215][VERB] COMMANDCALL: _C.SafeAPI.Execute(["v1.sketch.rectangle",[{"startPos":[88.05,-7,0],"id":1485,"genFixation":0,"endPos":[92.5,5,0]}]])
[0m[0;32m[2026-09-16 12:56:56.222][VERB] RETURN: {"result":["$1491","$1495","$1501","$1507"]}
[0m[2026-09-16 12:56:56.235][DEBUG] Build graphic in: 0ms
[0;32m[2026-09-16 12:56:56.238][VERB] COMMANDCALL: _C.SafeAPI.Execute(["v1.sketch.getPoints",[{"id":1491}]])
[0m[0;32m[2026-09-16 12:56:56.238][VERB] RETURN: {"result":{"endId":"$1493","startId":"$1492"}}
[0m[0;32m[2026-09-16 12:56:56.255][VERB] COMMANDCALL: _C.SafeAPI.Execute(["v1.sketch.point",[{"pos":[-1000,-1000,0],"id":1485}]])
[0m[0;32m[2026-09-16 12:56:56.257][VERB] RETURN: {"result":"$1523"}
[0m[2026-09-16 12:56:56.269][DEBUG] Build graphic in: 0ms
[0;32m[2026-09-16 12:56:56.273][VERB] COMMANDCALL: _C.SafeAPI.Execute(["v1.sketch.constraint",[{"type":"FIXATION","id":1485,"geomIds":[1523]}]])
[0m[0;32m[2026-09-16 12:56:56.274][VERB] RETURN: {"result":"$1525"}
[0m[2026-09-16 12:56:56.287][DEBUG] Build graphic in: 0ms
[0;32m[2026-09-16 12:56:56.290][VERB] COMMANDCALL: _C.SafeAPI.Execute(["v1.sketch.dimension",[{"type":"HORIZONTAL_DISTANCE","value":"@expr.d189_position_x","name":"position_x","id":1485,"geomIds":[1523,1492]}]])
[0m[0;32m[2026-09-16 12:56:56.296][VERB] RETURN: {"result":"$1529"}
[0m[2026-09-16 12:56:56.309][DEBUG] Build graphic in: 0ms
[0;32m[2026-09-16 12:56:56.313][VERB] COMMANDCALL: _C.SafeAPI.Execute(["v1.sketch.dimension",[{"type":"VERTICAL_DISTANCE","value":"@expr.d190_position_y","name":"position_y","id":1485,"geomIds":[1523,1492]}]])
[0m[0;32m[2026-09-16 12:56:56.319][VERB] RETURN: {"result":"$1533"}
[0m[2026-09-16 12:56:56.332][DEBUG] Build graphic in: 0ms
[0;32m[2026-09-16 12:56:56.335][VERB] COMMANDCALL: _C.SafeAPI.Execute(["v1.sketch.dimension",[{"type":"OFFSET","value":"@expr.d191_width","name":"width","id":1485,"geomIds":[1491]}]])
[0m[0;32m[2026-09-16 12:56:56.342][VERB] RETURN: {"result":"$1537"}
[0m[2026-09-16 12:56:56.356][DEBUG] Build graphic in: 0ms
[0;32m[2026-09-16 12:56:56.359][VERB] COMMANDCALL: _C.SafeAPI.Execute(["v1.sketch.dimension",[{"type":"OFFSET","value":"@expr.d192_depth","name":"depth","id":1485,"geomIds":[1495]}]])
[0m[0;32m[2026-09-16 12:56:56.367][VERB] RETURN: {"result":"$1541"}
[0m[2026-09-16 12:56:56.381][DEBUG] Build graphic in: 1ms
[0;32m[2026-09-16 12:56:56.384][VERB] COMMANDCALL: _C.SafeAPI.Execute(["v1.part.extrusion",[{"references":[1491,1495,1501,1507],"name":"F187_makeBox_cad_primitives_py_8","taperAngle":0,"limit2":"@expr.d193_height","id":4}]])
[0m[0;32m[2026-09-16 12:56:56.389][VERB] RETURN: {"result":"$1545"}
[0m[2026-09-16 12:56:56.403][DEBUG] Build graphic in: 1ms
[0;32m[2026-09-16 12:56:56.406][VERB] COMMANDCALL: _C.SafeAPI.Execute(["v1.part.workPlane",[{"type":"PLANE","references":[38],"name":"F195_makeBox_cad_primitives_py_8_plane","offset":"@expr.d196_plane_offset","id":4}]])
[0m[0;32m[2026-09-16 12:56:56.410][VERB] RETURN: {"result":"$1588"}
[0m[2026-09-16 12:56:56.423][DEBUG] Build graphic in: 0ms
[0;32m[2026-09-16 12:56:56.427][VERB] COMMANDCALL: _C.SafeAPI.Execute(["v1.sketch.create",[{"planeId":1588,"name":"F195_makeBox_cad_primitives_py_8_profile","id":4}]])
[0m[0;32m[2026-09-16 12:56:56.429][VERB] RETURN: {"result":"$1594"}
[0m[2026-09-16 12:56:56.442][DEBUG] Build graphic in: 0ms
[0;32m[2026-09-16 12:56:56.446][VERB] COMMANDCALL: _C.SafeAPI.Execute(["v1.sketch.rectangle",[{"startPos":[85.35,-4,0],"id":1594,"genFixation":0,"endPos":[88.05,-1.3,0]}]])
[0m[0;32m[2026-09-16 12:56:56.452][VERB] RETURN: {"result":["$1600","$1604","$1610","$1616"]}
[0m[2026-09-16 12:56:56.466][DEBUG] Build graphic in: 0ms
[0;32m[2026-09-16 12:56:56.469][VERB] COMMANDCALL: _C.SafeAPI.Execute(["v1.sketch.getPoints",[{"id":1600}]])
[0m[0;32m[2026-09-16 12:56:56.470][VERB] RETURN: {"result":{"endId":"$1602","startId":"$1601"}}
[0m[0;32m[2026-09-16 12:56:56.486][VERB] COMMANDCALL: _C.SafeAPI.Execute(["v1.sketch.point",[{"pos":[-1000,-1000,0],"id":1594}]])
[0m[0;32m[2026-09-16 12:56:56.489][VERB] RETURN: {"result":"$1632"}
[0m[2026-09-16 12:56:56.502][DEBUG] Build graphic in: 0ms
[0;32m[2026-09-16 12:56:56.505][VERB] COMMANDCALL: _C.SafeAPI.Execute(["v1.sketch.constraint",[{"type":"FIXATION","id":1594,"geomIds":[1632]}]])
[0m[0;32m[2026-09-16 12:56:56.507][VERB] RETURN: {"result":"$1634"}
[0m[2026-09-16 12:56:56.520][DEBUG] Build graphic in: 0ms
[0;32m[2026-09-16 12:56:56.524][VERB] COMMANDCALL: _C.SafeAPI.Execute(["v1.sketch.dimension",[{"type":"HORIZONTAL_DISTANCE","value":"@expr.d197_position_x","name":"position_x","id":1594,"geomIds":[1632,1601]}]])
[0m[0;32m[2026-09-16 12:56:56.530][VERB] RETURN: {"result":"$1638"}
[0m[2026-09-16 12:56:56.543][DEBUG] Build graphic in: 0ms
[0;32m[2026-09-16 12:56:56.547][VERB] COMMANDCALL: _C.SafeAPI.Execute(["v1.sketch.dimension",[{"type":"VERTICAL_DISTANCE","value":"@expr.d198_position_y","name":"position_y","id":1594,"geomIds":[1632,1601]}]])
[0m[0;32m[2026-09-16 12:56:56.553][VERB] RETURN: {"result":"$1642"}
[0m[2026-09-16 12:56:56.567][DEBUG] Build graphic in: 0ms
[0;32m[2026-09-16 12:56:56.571][VERB] COMMANDCALL: _C.SafeAPI.Execute(["v1.sketch.dimension",[{"type":"OFFSET","value":"@expr.d199_width","name":"width","id":1594,"geomIds":[1600]}]])
[0m[0;32m[2026-09-16 12:56:56.578][VERB] RETURN: {"result":"$1646"}
[0m[2026-09-16 12:56:56.592][DEBUG] Build graphic in: 0ms
[0;32m[2026-09-16 12:56:56.596][VERB] COMMANDCALL: _C.SafeAPI.Execute(["v1.sketch.dimension",[{"type":"OFFSET","value":"@expr.d200_depth","name":"depth","id":1594,"geomIds":[1604]}]])
[0m[0;32m[2026-09-16 12:56:56.604][VERB] RETURN: {"result":"$1650"}
[0m[2026-09-16 12:56:56.618][DEBUG] Build graphic in: 0ms
[0;32m[2026-09-16 12:56:56.622][VERB] COMMANDCALL: _C.SafeAPI.Execute(["v1.part.extrusion",[{"references":[1600,1604,1610,1616],"name":"F195_makeBox_cad_primitives_py_8","taperAngle":0,"limit2":"@expr.d201_height","id":4}]])
[0m[0;32m[2026-09-16 12:56:56.627][VERB] RETURN: {"result":"$1654"}
[0m[2026-09-16 12:56:56.641][DEBUG] Build graphic in: 0ms
[0;32m[2026-09-16 12:56:56.645][VERB] COMMANDCALL: _C.SafeAPI.Execute(["v1.part.workPlane",[{"type":"PLANE","references":[38],"name":"F202_makeCylinder_cad_primitives_py_12_plane","offset":"@expr.d203_plane_offset","id":4}]])
[0m[0;32m[2026-09-16 12:56:56.648][VERB] RETURN: {"result":"$1697"}
[0m[2026-09-16 12:56:56.662][DEBUG] Build graphic in: 0ms
[0;32m[2026-09-16 12:56:56.666][VERB] COMMANDCALL: _C.SafeAPI.Execute(["v1.sketch.create",[{"planeId":1697,"name":"F202_makeCylinder_cad_primitives_py_12_profile","id":4}]])
[0m[0;32m[2026-09-16 12:56:56.668][VERB] RETURN: {"result":"$1703"}
[0m[2026-09-16 12:56:56.682][DEBUG] Build graphic in: 0ms
[0;32m[2026-09-16 12:56:56.686][VERB] COMMANDCALL: _C.SafeAPI.Execute(["v1.sketch.circle",[{"radius":2.7,"id":1703,"genFixation":0,"centerPos":[85.35,-4,0]}]])
[0m[0;32m[2026-09-16 12:56:56.687][VERB] RETURN: {"result":"$1709"}
[0m[2026-09-16 12:56:56.701][DEBUG] Build graphic in: 0ms
[0;32m[2026-09-16 12:56:56.705][VERB] COMMANDCALL: _C.SafeAPI.Execute(["v1.sketch.getPoints",[{"id":1709}]])
[0m[0;32m[2026-09-16 12:56:56.705][VERB] RETURN: {"result":{"centerId":"$1710"}}
[0m[0;32m[2026-09-16 12:56:56.722][VERB] COMMANDCALL: _C.SafeAPI.Execute(["v1.sketch.point",[{"pos":[-1000,-1000,0],"id":1703}]])
[0m[0;32m[2026-09-16 12:56:56.724][VERB] RETURN: {"result":"$1712"}
[0m[2026-09-16 12:56:56.737][DEBUG] Build graphic in: 0ms
[0;32m[2026-09-16 12:56:56.740][VERB] COMMANDCALL: _C.SafeAPI.Execute(["v1.sketch.constraint",[{"type":"FIXATION","id":1703,"geomIds":[1712]}]])
[0m[0;32m[2026-09-16 12:56:56.741][VERB] RETURN: {"result":"$1714"}
[0m[2026-09-16 12:56:56.756][DEBUG] Build graphic in: 0ms
[0;32m[2026-09-16 12:56:56.759][VERB] COMMANDCALL: _C.SafeAPI.Execute(["v1.sketch.dimension",[{"type":"HORIZONTAL_DISTANCE","value":"@expr.d204_position_x","name":"position_x","id":1703,"geomIds":[1712,1710]}]])
[0m[0;32m[2026-09-16 12:56:56.764][VERB] RETURN: {"result":"$1718"}
[0m[2026-09-16 12:56:56.778][DEBUG] Build graphic in: 0ms
[0;32m[2026-09-16 12:56:56.782][VERB] COMMANDCALL: _C.SafeAPI.Execute(["v1.sketch.dimension",[{"type":"VERTICAL_DISTANCE","value":"@expr.d205_position_y","name":"position_y","id":1703,"geomIds":[1712,1710]}]])
[0m[0;32m[2026-09-16 12:56:56.787][VERB] RETURN: {"result":"$1722"}
[0m[2026-09-16 12:56:56.801][DEBUG] Build graphic in: 0ms
[0;32m[2026-09-16 12:56:56.805][VERB] COMMANDCALL: _C.SafeAPI.Execute(["v1.sketch.dimension",[{"type":"RADIUS","value":"@expr.d206_radius","name":"radius","id":1703,"geomIds":[1709]}]])
[0m[0;32m[2026-09-16 12:56:56.810][VERB] RETURN: {"result":"$1726"}
[0m[2026-09-16 12:56:56.823][DEBUG] Build graphic in: 0ms
[0;32m[2026-09-16 12:56:56.827][VERB] COMMANDCALL: _C.SafeAPI.Execute(["v1.part.extrusion",[{"references":[1709],"name":"F202_makeCylinder_cad_primitives_py_12","taperAngle":0,"limit2":"@expr.d207_height","id":4}]])
[0m[0;32m[2026-09-16 12:56:56.833][VERB] RETURN: {"result":"$1730"}
[0m[2026-09-16 12:56:56.848][DEBUG] Build graphic in: 1ms
[0;32m[2026-09-16 12:56:56.852][VERB] COMMANDCALL: _C.SafeAPI.Execute(["v1.part.boolean",[{"type":"SUBTRACTION","tools":[1730],"target":1654,"name":"F194_cut_housing_shell_py_25","id":4}]])
[0m[0;32m[2026-09-16 12:56:56.858][VERB] RETURN: {"result":"$1752"}
[0m[2026-09-16 12:56:56.873][DEBUG] Build graphic in: 0ms
[0;32m[2026-09-16 12:56:56.877][VERB] COMMANDCALL: _C.SafeAPI.Execute(["v1.part.workPlane",[{"type":"PLANE","references":[38],"name":"F208_makeBox_cad_primitives_py_8_plane","offset":"@expr.d209_plane_offset","id":4}]])
[0m[0;32m[2026-09-16 12:56:56.881][VERB] RETURN: {"result":"$1770"}
[0m[2026-09-16 12:56:56.894][DEBUG] Build graphic in: 0ms
[0;32m[2026-09-16 12:56:56.898][VERB] COMMANDCALL: _C.SafeAPI.Execute(["v1.sketch.create",[{"planeId":1770,"name":"F208_makeBox_cad_primitives_py_8_profile","id":4}]])
[0m[0;32m[2026-09-16 12:56:56.900][VERB] RETURN: {"result":"$1776"}
[0m[2026-09-16 12:56:56.914][DEBUG] Build graphic in: 0ms
[0;32m[2026-09-16 12:56:56.918][VERB] COMMANDCALL: _C.SafeAPI.Execute(["v1.sketch.rectangle",[{"startPos":[88.05,30,0],"id":1776,"genFixation":0,"endPos":[92.5,41.3,0]}]])
[0m[0;32m[2026-09-16 12:56:56.924][VERB] RETURN: {"result":["$1782","$1786","$1792","$1798"]}
[0m[2026-09-16 12:56:56.938][DEBUG] Build graphic in: 0ms
[0;32m[2026-09-16 12:56:56.942][VERB] COMMANDCALL: _C.SafeAPI.Execute(["v1.sketch.getPoints",[{"id":1782}]])
[0m[0;32m[2026-09-16 12:56:56.942][VERB] RETURN: {"result":{"endId":"$1784","startId":"$1783"}}
[0m[0;32m[2026-09-16 12:56:56.960][VERB] COMMANDCALL: _C.SafeAPI.Execute(["v1.sketch.point",[{"pos":[-1000,-1000,0],"id":1776}]])
[0m[0;32m[2026-09-16 12:56:56.963][VERB] RETURN: {"result":"$1814"}
[0m[2026-09-16 12:56:56.976][DEBUG] Build graphic in: 0ms
[0;32m[2026-09-16 12:56:56.981][VERB] COMMANDCALL: _C.SafeAPI.Execute(["v1.sketch.constraint",[{"type":"FIXATION","id":1776,"geomIds":[1814]}]])
[0m[0;32m[2026-09-16 12:56:56.982][VERB] RETURN: {"result":"$1816"}
[0m[2026-09-16 12:56:56.997][DEBUG] Build graphic in: 0ms
[0;32m[2026-09-16 12:56:57.001][VERB] COMMANDCALL: _C.SafeAPI.Execute(["v1.sketch.dimension",[{"type":"HORIZONTAL_DISTANCE","value":"@expr.d210_position_x","name":"position_x","id":1776,"geomIds":[1814,1783]}]])
[0m[0;32m[2026-09-16 12:56:57.006][VERB] RETURN: {"result":"$1820"}
[0m[2026-09-16 12:56:57.021][DEBUG] Build graphic in: 0ms
[0;32m[2026-09-16 12:56:57.025][VERB] COMMANDCALL: _C.SafeAPI.Execute(["v1.sketch.dimension",[{"type":"VERTICAL_DISTANCE","value":"@expr.d211_position_y","name":"position_y","id":1776,"geomIds":[1814,1783]}]])
[0m[0;32m[2026-09-16 12:56:57.031][VERB] RETURN: {"result":"$1824"}
[0m[2026-09-16 12:56:57.045][DEBUG] Build graphic in: 0ms
[0;32m[2026-09-16 12:56:57.049][VERB] COMMANDCALL: _C.SafeAPI.Execute(["v1.sketch.dimension",[{"type":"OFFSET","value":"@expr.d212_width","name":"width","id":1776,"geomIds":[1782]}]])
[0m[0;32m[2026-09-16 12:56:57.056][VERB] RETURN: {"result":"$1828"}
[0m[2026-09-16 12:56:57.071][DEBUG] Build graphic in: 0ms
[0;32m[2026-09-16 12:56:57.075][VERB] COMMANDCALL: _C.SafeAPI.Execute(["v1.sketch.dimension",[{"type":"OFFSET","value":"@expr.d213_depth","name":"depth","id":1776,"geomIds":[1786]}]])
[0m[0;32m[2026-09-16 12:56:57.083][VERB] RETURN: {"result":"$1832"}
[0m[2026-09-16 12:56:57.098][DEBUG] Build graphic in: 0ms
[0;32m[2026-09-16 12:56:57.102][VERB] COMMANDCALL: _C.SafeAPI.Execute(["v1.part.extrusion",[{"references":[1782,1786,1792,1798],"name":"F208_makeBox_cad_primitives_py_8","taperAngle":0,"limit2":"@expr.d214_height","id":4}]])
[0m[0;32m[2026-09-16 12:56:57.107][VERB] RETURN: {"result":"$1836"}
[0m[2026-09-16 12:56:57.122][DEBUG] Build graphic in: 1ms
[0;32m[2026-09-16 12:56:57.126][VERB] COMMANDCALL: _C.SafeAPI.Execute(["v1.part.workPlane",[{"type":"PLANE","references":[38],"name":"F215_makeBox_cad_primitives_py_8_plane","offset":"@expr.d216_plane_offset","id":4}]])
[0m[0;32m[2026-09-16 12:56:57.129][VERB] RETURN: {"result":"$1879"}
[0m[2026-09-16 12:56:57.144][DEBUG] Build graphic in: 0ms
[0;32m[2026-09-16 12:56:57.148][VERB] COMMANDCALL: _C.SafeAPI.Execute(["v1.sketch.create",[{"planeId":1879,"name":"F215_makeBox_cad_primitives_py_8_profile","id":4}]])
[0m[0;32m[2026-09-16 12:56:57.150][VERB] RETURN: {"result":"$1885"}
[0m[2026-09-16 12:56:57.165][DEBUG] Build graphic in: 0ms
[0;32m[2026-09-16 12:56:57.169][VERB] COMMANDCALL: _C.SafeAPI.Execute(["v1.sketch.rectangle",[{"startPos":[88.05,30,0],"id":1885,"genFixation":0,"endPos":[92.5,38,0]}]])
[0m[0;32m[2026-09-16 12:56:57.175][VERB] RETURN: {"result":["$1891","$1895","$1901","$1907"]}
[0m[2026-09-16 12:56:57.190][DEBUG] Build graphic in: 0ms
[0;32m[2026-09-16 12:56:57.194][VERB] COMMANDCALL: _C.SafeAPI.Execute(["v1.sketch.getPoints",[{"id":1891}]])
[0m[0;32m[2026-09-16 12:56:57.194][VERB] RETURN: {"result":{"endId":"$1893","startId":"$1892"}}
[0m[0;32m[2026-09-16 12:56:57.213][VERB] COMMANDCALL: _C.SafeAPI.Execute(["v1.sketch.point",[{"pos":[-1000,-1000,0],"id":1885}]])
[0m[0;32m[2026-09-16 12:56:57.215][VERB] RETURN: {"result":"$1923"}
[0m[2026-09-16 12:56:57.230][DEBUG] Build graphic in: 0ms
[0;32m[2026-09-16 12:56:57.234][VERB] COMMANDCALL: _C.SafeAPI.Execute(["v1.sketch.constraint",[{"type":"FIXATION","id":1885,"geomIds":[1923]}]])
[0m[0;32m[2026-09-16 12:56:57.236][VERB] RETURN: {"result":"$1925"}
[0m[2026-09-16 12:56:57.250][DEBUG] Build graphic in: 0ms
[0;32m[2026-09-16 12:56:57.255][VERB] COMMANDCALL: _C.SafeAPI.Execute(["v1.sketch.dimension",[{"type":"HORIZONTAL_DISTANCE","value":"@expr.d217_position_x","name":"position_x","id":1885,"geomIds":[1923,1892]}]])
[0m[0;32m[2026-09-16 12:56:57.260][VERB] RETURN: {"result":"$1929"}
[0m[2026-09-16 12:56:57.276][DEBUG] Build graphic in: 0ms
[0;32m[2026-09-16 12:56:57.280][VERB] COMMANDCALL: _C.SafeAPI.Execute(["v1.sketch.dimension",[{"type":"VERTICAL_DISTANCE","value":"@expr.d218_position_y","name":"position_y","id":1885,"geomIds":[1923,1892]}]])
[0m[0;32m[2026-09-16 12:56:57.286][VERB] RETURN: {"result":"$1933"}
[0m[2026-09-16 12:56:57.301][DEBUG] Build graphic in: 0ms
[0;32m[2026-09-16 12:56:57.305][VERB] COMMANDCALL: _C.SafeAPI.Execute(["v1.sketch.dimension",[{"type":"OFFSET","value":"@expr.d219_width","name":"width","id":1885,"geomIds":[1891]}]])
[0m[0;32m[2026-09-16 12:56:57.312][VERB] RETURN: {"result":"$1937"}
[0m[2026-09-16 12:56:57.327][DEBUG] Build graphic in: 0ms
[0;32m[2026-09-16 12:56:57.332][VERB] COMMANDCALL: _C.SafeAPI.Execute(["v1.sketch.dimension",[{"type":"OFFSET","value":"@expr.d220_depth","name":"depth","id":1885,"geomIds":[1895]}]])
[0m[0;32m[2026-09-16 12:56:57.339][VERB] RETURN: {"result":"$1941"}
[0m[2026-09-16 12:56:57.355][DEBUG] Build graphic in: 0ms
[0;32m[2026-09-16 12:56:57.359][VERB] COMMANDCALL: _C.SafeAPI.Execute(["v1.part.extrusion",[{"references":[1891,1895,1901,1907],"name":"F215_makeBox_cad_primitives_py_8","taperAngle":0,"limit2":"@expr.d221_height","id":4}]])
[0m[0;32m[2026-09-16 12:56:57.364][VERB] RETURN: {"result":"$1945"}
[0m[2026-09-16 12:56:57.379][DEBUG] Build graphic in: 0ms
[0;32m[2026-09-16 12:56:57.384][VERB] COMMANDCALL: _C.SafeAPI.Execute(["v1.part.workPlane",[{"type":"PLANE","references":[38],"name":"F223_makeBox_cad_primitives_py_8_plane","offset":"@expr.d224_plane_offset","id":4}]])
[0m[0;32m[2026-09-16 12:56:57.387][VERB] RETURN: {"result":"$1988"}
[0m[2026-09-16 12:56:57.402][DEBUG] Build graphic in: 0ms
[0;32m[2026-09-16 12:56:57.406][VERB] COMMANDCALL: _C.SafeAPI.Execute(["v1.sketch.create",[{"planeId":1988,"name":"F223_makeBox_cad_primitives_py_8_profile","id":4}]])
[0m[0;32m[2026-09-16 12:56:57.408][VERB] RETURN: {"result":"$1994"}
[0m[2026-09-16 12:56:57.424][DEBUG] Build graphic in: 0ms
[0;32m[2026-09-16 12:56:57.428][VERB] COMMANDCALL: _C.SafeAPI.Execute(["v1.sketch.rectangle",[{"startPos":[59.1,40.8,0],"id":1994,"genFixation":0,"endPos":[63.1,44.8,0]}]])
[0m[0;32m[2026-09-16 12:56:57.434][VERB] RETURN: {"result":["$2000","$2004","$2010","$2016"]}
[0m[2026-09-16 12:56:57.450][DEBUG] Build graphic in: 0ms
[0;32m[2026-09-16 12:56:57.454][VERB] COMMANDCALL: _C.SafeAPI.Execute(["v1.sketch.getPoints",[{"id":2000}]])
[0m[0;32m[2026-09-16 12:56:57.454][VERB] RETURN: {"result":{"endId":"$2002","startId":"$2001"}}
[0m[0;32m[2026-09-16 12:56:57.474][VERB] COMMANDCALL: _C.SafeAPI.Execute(["v1.sketch.point",[{"pos":[-1000,-1000,0],"id":1994}]])
[0m[0;32m[2026-09-16 12:56:57.476][VERB] RETURN: {"result":"$2032"}
[0m[2026-09-16 12:56:57.492][DEBUG] Build graphic in: 0ms
[0;32m[2026-09-16 12:56:57.496][VERB] COMMANDCALL: _C.SafeAPI.Execute(["v1.sketch.constraint",[{"type":"FIXATION","id":1994,"geomIds":[2032]}]])
[0m[0;32m[2026-09-16 12:56:57.498][VERB] RETURN: {"result":"$2034"}
[0m[2026-09-16 12:56:57.513][DEBUG] Build graphic in: 0ms
[0;32m[2026-09-16 12:56:57.517][VERB] COMMANDCALL: _C.SafeAPI.Execute(["v1.sketch.dimension",[{"type":"HORIZONTAL_DISTANCE","value":"@expr.d225_position_x","name":"position_x","id":1994,"geomIds":[2032,2001]}]])
[0m[0;32m[2026-09-16 12:56:57.522][VERB] RETURN: {"result":"$2038"}
[0m[2026-09-16 12:56:57.538][DEBUG] Build graphic in: 0ms
[0;32m[2026-09-16 12:56:57.542][VERB] COMMANDCALL: _C.SafeAPI.Execute(["v1.sketch.dimension",[{"type":"VERTICAL_DISTANCE","value":"@expr.d226_position_y","name":"position_y","id":1994,"geomIds":[2032,2001]}]])
[0m[0;32m[2026-09-16 12:56:57.548][VERB] RETURN: {"result":"$2042"}
[0m[2026-09-16 12:56:57.563][DEBUG] Build graphic in: 0ms
[0;32m[2026-09-16 12:56:57.567][VERB] COMMANDCALL: _C.SafeAPI.Execute(["v1.sketch.dimension",[{"type":"OFFSET","value":"@expr.d227_width","name":"width","id":1994,"geomIds":[2000]}]])
[0m[0;32m[2026-09-16 12:56:57.575][VERB] RETURN: {"result":"$2046"}
[0m[2026-09-16 12:56:57.591][DEBUG] Build graphic in: 0ms
[0;32m[2026-09-16 12:56:57.595][VERB] COMMANDCALL: _C.SafeAPI.Execute(["v1.sketch.dimension",[{"type":"OFFSET","value":"@expr.d228_depth","name":"depth","id":1994,"geomIds":[2004]}]])
[0m[0;32m[2026-09-16 12:56:57.603][VERB] RETURN: {"result":"$2050"}
[0m[2026-09-16 12:56:57.619][DEBUG] Build graphic in: 0ms
[0;32m[2026-09-16 12:56:57.624][VERB] COMMANDCALL: _C.SafeAPI.Execute(["v1.part.extrusion",[{"references":[2000,2004,2010,2016],"name":"F223_makeBox_cad_primitives_py_8","taperAngle":0,"limit2":"@expr.d229_height","id":4}]])
[0m[0;32m[2026-09-16 12:56:57.629][VERB] RETURN: {"result":"$2054"}
[0m[2026-09-16 12:56:57.645][DEBUG] Build graphic in: 0ms
[0;32m[2026-09-16 12:56:57.649][VERB] COMMANDCALL: _C.SafeAPI.Execute(["v1.part.workPlane",[{"type":"PLANE","references":[38],"name":"F230_makeCylinder_cad_primitives_py_12_plane","offset":"@expr.d231_plane_offset","id":4}]])
[0m[0;32m[2026-09-16 12:56:57.653][VERB] RETURN: {"result":"$2097"}
[0m[2026-09-16 12:56:57.669][DEBUG] Build graphic in: 0ms
[0;32m[2026-09-16 12:56:57.674][VERB] COMMANDCALL: _C.SafeAPI.Execute(["v1.sketch.create",[{"planeId":2097,"name":"F230_makeCylinder_cad_primitives_py_12_profile","id":4}]])
[0m[0;32m[2026-09-16 12:56:57.676][VERB] RETURN: {"result":"$2103"}
[0m[2026-09-16 12:56:57.692][DEBUG] Build graphic in: 0ms
[0;32m[2026-09-16 12:56:57.696][VERB] COMMANDCALL: _C.SafeAPI.Execute(["v1.sketch.circle",[{"radius":4,"id":2103,"genFixation":0,"centerPos":[63.1,44.8,0]}]])
[0m[0;32m[2026-09-16 12:56:57.698][VERB] RETURN: {"result":"$2109"}
[0m[2026-09-16 12:56:57.714][DEBUG] Build graphic in: 0ms
[0;32m[2026-09-16 12:56:57.718][VERB] COMMANDCALL: _C.SafeAPI.Execute(["v1.sketch.getPoints",[{"id":2109}]])
[0m[0;32m[2026-09-16 12:56:57.718][VERB] RETURN: {"result":{"centerId":"$2110"}}
[0m[0;32m[2026-09-16 12:56:57.738][VERB] COMMANDCALL: _C.SafeAPI.Execute(["v1.sketch.point",[{"pos":[-1000,-1000,0],"id":2103}]])
[0m[0;32m[2026-09-16 12:56:57.739][VERB] RETURN: {"result":"$2112"}
[0m[2026-09-16 12:56:57.755][DEBUG] Build graphic in: 0ms
[0;32m[2026-09-16 12:56:57.760][VERB] COMMANDCALL: _C.SafeAPI.Execute(["v1.sketch.constraint",[{"type":"FIXATION","id":2103,"geomIds":[2112]}]])
[0m[0;32m[2026-09-16 12:56:57.761][VERB] RETURN: {"result":"$2114"}
[0m[2026-09-16 12:56:57.777][DEBUG] Build graphic in: 0ms
[0;32m[2026-09-16 12:56:57.781][VERB] COMMANDCALL: _C.SafeAPI.Execute(["v1.sketch.dimension",[{"type":"HORIZONTAL_DISTANCE","value":"@expr.d232_position_x","name":"position_x","id":2103,"geomIds":[2112,2110]}]])
[0m[0;32m[2026-09-16 12:56:57.786][VERB] RETURN: {"result":"$2118"}
[0m[2026-09-16 12:56:57.802][DEBUG] Build graphic in: 0ms
[0;32m[2026-09-16 12:56:57.806][VERB] COMMANDCALL: _C.SafeAPI.Execute(["v1.sketch.dimension",[{"type":"VERTICAL_DISTANCE","value":"@expr.d233_position_y","name":"position_y","id":2103,"geomIds":[2112,2110]}]])
[0m[0;32m[2026-09-16 12:56:57.812][VERB] RETURN: {"result":"$2122"}
[0m[2026-09-16 12:56:57.828][DEBUG] Build graphic in: 0ms
[0;32m[2026-09-16 12:56:57.833][VERB] COMMANDCALL: _C.SafeAPI.Execute(["v1.sketch.dimension",[{"type":"RADIUS","value":"@expr.d234_radius","name":"radius","id":2103,"geomIds":[2109]}]])
[0m[0;32m[2026-09-16 12:56:57.838][VERB] RETURN: {"result":"$2126"}
[0m[2026-09-16 12:56:57.854][DEBUG] Build graphic in: 0ms
[0;32m[2026-09-16 12:56:57.859][VERB] COMMANDCALL: _C.SafeAPI.Execute(["v1.part.extrusion",[{"references":[2109],"name":"F230_makeCylinder_cad_primitives_py_12","taperAngle":0,"limit2":"@expr.d235_height","id":4}]])
[0m[0;32m[2026-09-16 12:56:57.864][VERB] RETURN: {"result":"$2130"}
[0m[2026-09-16 12:56:57.882][DEBUG] Build graphic in: 2ms
[0;32m[2026-09-16 12:56:57.887][VERB] COMMANDCALL: _C.SafeAPI.Execute(["v1.part.boolean",[{"type":"SUBTRACTION","tools":[2130],"target":2054,"name":"F222_cut_housing_shell_py_39","id":4}]])
[0m[0;32m[2026-09-16 12:56:57.892][VERB] RETURN: {"result":"$2152"}
[0m[2026-09-16 12:56:57.909][DEBUG] Build graphic in: 1ms
[0;32m[2026-09-16 12:56:57.914][VERB] COMMANDCALL: _C.SafeAPI.Execute(["v1.part.workPlane",[{"type":"PLANE","references":[38],"name":"F237_makeBox_cad_primitives_py_8_plane","offset":"@expr.d238_plane_offset","id":4}]])
[0m[0;32m[2026-09-16 12:56:57.918][VERB] RETURN: {"result":"$2170"}
[0m[2026-09-16 12:56:57.934][DEBUG] Build graphic in: 0ms
[0;32m[2026-09-16 12:56:57.939][VERB] COMMANDCALL: _C.SafeAPI.Execute(["v1.sketch.create",[{"planeId":2170,"name":"F237_makeBox_cad_primitives_py_8_profile","id":4}]])
[0m[0;32m[2026-09-16 12:56:57.941][VERB] RETURN: {"result":"$2176"}
[0m[2026-09-16 12:56:57.957][DEBUG] Build graphic in: 0ms
[0;32m[2026-09-16 12:56:57.961][VERB] COMMANDCALL: _C.SafeAPI.Execute(["v1.sketch.rectangle",[{"startPos":[42.1,16.1,0],"id":2176,"genFixation":0,"endPos":[46.1,20.1,0]}]])
[0m[0;32m[2026-09-16 12:56:57.968][VERB] RETURN: {"result":["$2182","$2186","$2192","$2198"]}
[0m[2026-09-16 12:56:57.985][DEBUG] Build graphic in: 0ms
[0;32m[2026-09-16 12:56:57.989][VERB] COMMANDCALL: _C.SafeAPI.Execute(["v1.sketch.getPoints",[{"id":2182}]])
[0m[0;32m[2026-09-16 12:56:57.989][VERB] RETURN: {"result":{"endId":"$2184","startId":"$2183"}}
[0m[0;32m[2026-09-16 12:56:58.010][VERB] COMMANDCALL: _C.SafeAPI.Execute(["v1.sketch.point",[{"pos":[-1000,-1000,0],"id":2176}]])
[0m[0;32m[2026-09-16 12:56:58.012][VERB] RETURN: {"result":"$2214"}
[0m[2026-09-16 12:56:58.030][DEBUG] Build graphic in: 1ms
[0;32m[2026-09-16 12:56:58.034][VERB] COMMANDCALL: _C.SafeAPI.Execute(["v1.sketch.constraint",[{"type":"FIXATION","id":2176,"geomIds":[2214]}]])
[0m[0;32m[2026-09-16 12:56:58.035][VERB] RETURN: {"result":"$2216"}
[0m[2026-09-16 12:56:58.052][DEBUG] Build graphic in: 0ms
[0;32m[2026-09-16 12:56:58.056][VERB] COMMANDCALL: _C.SafeAPI.Execute(["v1.sketch.dimension",[{"type":"HORIZONTAL_DISTANCE","value":"@expr.d239_position_x","name":"position_x","id":2176,"geomIds":[2214,2183]}]])
[0m[0;32m[2026-09-16 12:56:58.062][VERB] RETURN: {"result":"$2220"}
[0m[2026-09-16 12:56:58.079][DEBUG] Build graphic in: 0ms
[0;32m[2026-09-16 12:56:58.083][VERB] COMMANDCALL: _C.SafeAPI.Execute(["v1.sketch.dimension",[{"type":"VERTICAL_DISTANCE","value":"@expr.d240_position_y","name":"position_y","id":2176,"geomIds":[2214,2183]}]])
[0m[0;32m[2026-09-16 12:56:58.089][VERB] RETURN: {"result":"$2224"}
[0m[2026-09-16 12:56:58.106][DEBUG] Build graphic in: 0ms
[0;32m[2026-09-16 12:56:58.111][VERB] COMMANDCALL: _C.SafeAPI.Execute(["v1.sketch.dimension",[{"type":"OFFSET","value":"@expr.d241_width","name":"width","id":2176,"geomIds":[2182]}]])
[0m[0;32m[2026-09-16 12:56:58.118][VERB] RETURN: {"result":"$2228"}
[0m[2026-09-16 12:56:58.135][DEBUG] Build graphic in: 1ms
[0;32m[2026-09-16 12:56:58.139][VERB] COMMANDCALL: _C.SafeAPI.Execute(["v1.sketch.dimension",[{"type":"OFFSET","value":"@expr.d242_depth","name":"depth","id":2176,"geomIds":[2186]}]])
[0m[0;32m[2026-09-16 12:56:58.147][VERB] RETURN: {"result":"$2232"}
[0m[2026-09-16 12:56:58.163][DEBUG] Build graphic in: 0ms
[0;32m[2026-09-16 12:56:58.168][VERB] COMMANDCALL: _C.SafeAPI.Execute(["v1.part.extrusion",[{"references":[2182,2186,2192,2198],"name":"F237_makeBox_cad_primitives_py_8","taperAngle":0,"limit2":"@expr.d243_height","id":4}]])
[0m[0;32m[2026-09-16 12:56:58.173][VERB] RETURN: {"result":"$2236"}
[0m[2026-09-16 12:56:58.190][DEBUG] Build graphic in: 0ms
[0;32m[2026-09-16 12:56:58.195][VERB] COMMANDCALL: _C.SafeAPI.Execute(["v1.part.workPlane",[{"type":"PLANE","references":[38],"name":"F244_makeCylinder_cad_primitives_py_12_plane","offset":"@expr.d245_plane_offset","id":4}]])
[0m[0;32m[2026-09-16 12:56:58.199][VERB] RETURN: {"result":"$2279"}
[0m[2026-09-16 12:56:58.216][DEBUG] Build graphic in: 0ms
[0;32m[2026-09-16 12:56:58.221][VERB] COMMANDCALL: _C.SafeAPI.Execute(["v1.sketch.create",[{"planeId":2279,"name":"F244_makeCylinder_cad_primitives_py_12_profile","id":4}]])
[0m[0;32m[2026-09-16 12:56:58.223][VERB] RETURN: {"result":"$2285"}
[0m[2026-09-16 12:56:58.240][DEBUG] Build graphic in: 0ms
[0;32m[2026-09-16 12:56:58.244][VERB] COMMANDCALL: _C.SafeAPI.Execute(["v1.sketch.circle",[{"radius":4,"id":2285,"genFixation":0,"centerPos":[42.1,16.1,0]}]])
[0m[0;32m[2026-09-16 12:56:58.246][VERB] RETURN: {"result":"$2291"}
[0m[2026-09-16 12:56:58.262][DEBUG] Build graphic in: 0ms
[0;32m[2026-09-16 12:56:58.267][VERB] COMMANDCALL: _C.SafeAPI.Execute(["v1.sketch.getPoints",[{"id":2291}]])
[0m[0;32m[2026-09-16 12:56:58.267][VERB] RETURN: {"result":{"centerId":"$2292"}}
[0m[0;32m[2026-09-16 12:56:58.288][VERB] COMMANDCALL: _C.SafeAPI.Execute(["v1.sketch.point",[{"pos":[-1000,-1000,0],"id":2285}]])
[0m[0;32m[2026-09-16 12:56:58.289][VERB] RETURN: {"result":"$2294"}
[0m[2026-09-16 12:56:58.305][DEBUG] Build graphic in: 0ms
[0;32m[2026-09-16 12:56:58.310][VERB] COMMANDCALL: _C.SafeAPI.Execute(["v1.sketch.constraint",[{"type":"FIXATION","id":2285,"geomIds":[2294]}]])
[0m[0;32m[2026-09-16 12:56:58.311][VERB] RETURN: {"result":"$2296"}
[0m[2026-09-16 12:56:58.327][DEBUG] Build graphic in: 0ms
[0;32m[2026-09-16 12:56:58.332][VERB] COMMANDCALL: _C.SafeAPI.Execute(["v1.sketch.dimension",[{"type":"HORIZONTAL_DISTANCE","value":"@expr.d246_position_x","name":"position_x","id":2285,"geomIds":[2294,2292]}]])
[0m[0;32m[2026-09-16 12:56:58.336][VERB] RETURN: {"result":"$2300"}
[0m[2026-09-16 12:56:58.353][DEBUG] Build graphic in: 0ms
[0;32m[2026-09-16 12:56:58.358][VERB] COMMANDCALL: _C.SafeAPI.Execute(["v1.sketch.dimension",[{"type":"VERTICAL_DISTANCE","value":"@expr.d247_position_y","name":"position_y","id":2285,"geomIds":[2294,2292]}]])
[0m[0;32m[2026-09-16 12:56:58.363][VERB] RETURN: {"result":"$2304"}
[0m[2026-09-16 12:56:58.380][DEBUG] Build graphic in: 0ms
[0;32m[2026-09-16 12:56:58.384][VERB] COMMANDCALL: _C.SafeAPI.Execute(["v1.sketch.dimension",[{"type":"RADIUS","value":"@expr.d248_radius","name":"radius","id":2285,"geomIds":[2291]}]])
[0m[0;32m[2026-09-16 12:56:58.390][VERB] RETURN: {"result":"$2308"}
[0m[2026-09-16 12:56:58.406][DEBUG] Build graphic in: 0ms
[0;32m[2026-09-16 12:56:58.411][VERB] COMMANDCALL: _C.SafeAPI.Execute(["v1.part.extrusion",[{"references":[2291],"name":"F244_makeCylinder_cad_primitives_py_12","taperAngle":0,"limit2":"@expr.d249_height","id":4}]])
[0m[0;32m[2026-09-16 12:56:58.417][VERB] RETURN: {"result":"$2312"}
[0m[2026-09-16 12:56:58.436][DEBUG] Build graphic in: 2ms
[0;32m[2026-09-16 12:56:58.441][VERB] COMMANDCALL: _C.SafeAPI.Execute(["v1.part.boolean",[{"type":"SUBTRACTION","tools":[2312],"target":2236,"name":"F236_cut_housing_shell_py_48","id":4}]])
[0m[0;32m[2026-09-16 12:56:58.446][VERB] RETURN: {"result":"$2334"}
[0m[2026-09-16 12:56:58.463][DEBUG] Build graphic in: 1ms
[0;32m[2026-09-16 12:56:58.467][VERB] COMMANDCALL: _C.SafeAPI.Execute(["v1.part.workPlane",[{"type":"PLANE","references":[38],"name":"F250_makeCylinder_cad_primitives_py_12_plane","offset":"@expr.d251_plane_offset","id":4}]])
[0m[0;32m[2026-09-16 12:56:58.471][VERB] RETURN: {"result":"$2352"}
[0m[2026-09-16 12:56:58.488][DEBUG] Build graphic in: 0ms
[0;32m[2026-09-16 12:56:58.492][VERB] COMMANDCALL: _C.SafeAPI.Execute(["v1.sketch.create",[{"planeId":2352,"name":"F250_makeCylinder_cad_primitives_py_12_profile","id":4}]])
[0m[0;32m[2026-09-16 12:56:58.494][VERB] RETURN: {"result":"$2358"}
[0m[2026-09-16 12:56:58.511][DEBUG] Build graphic in: 0ms
[0;32m[2026-09-16 12:56:58.516][VERB] COMMANDCALL: _C.SafeAPI.Execute(["v1.sketch.circle",[{"radius":4.5,"id":2358,"genFixation":0,"centerPos":[86.8,38.9,0]}]])
[0m[0;32m[2026-09-16 12:56:58.517][VERB] RETURN: {"result":"$2364"}
[0m[2026-09-16 12:56:58.534][DEBUG] Build graphic in: 0ms
[0;32m[2026-09-16 12:56:58.539][VERB] COMMANDCALL: _C.SafeAPI.Execute(["v1.sketch.getPoints",[{"id":2364}]])
[0m[0;32m[2026-09-16 12:56:58.539][VERB] RETURN: {"result":{"centerId":"$2365"}}
[0m[0;32m[2026-09-16 12:56:58.561][VERB] COMMANDCALL: _C.SafeAPI.Execute(["v1.sketch.point",[{"pos":[-1000,-1000,0],"id":2358}]])
[0m[0;32m[2026-09-16 12:56:58.562][VERB] RETURN: {"result":"$2367"}
[0m[2026-09-16 12:56:58.580][DEBUG] Build graphic in: 0ms
[0;32m[2026-09-16 12:56:58.584][VERB] COMMANDCALL: _C.SafeAPI.Execute(["v1.sketch.constraint",[{"type":"FIXATION","id":2358,"geomIds":[2367]}]])
[0m[0;32m[2026-09-16 12:56:58.585][VERB] RETURN: {"result":"$2369"}
[0m[2026-09-16 12:56:58.602][DEBUG] Build graphic in: 0ms
[0;32m[2026-09-16 12:56:58.606][VERB] COMMANDCALL: _C.SafeAPI.Execute(["v1.sketch.dimension",[{"type":"HORIZONTAL_DISTANCE","value":"@expr.d252_position_x","name":"position_x","id":2358,"geomIds":[2367,2365]}]])
[0m[0;32m[2026-09-16 12:56:58.611][VERB] RETURN: {"result":"$2373"}
[0m[2026-09-16 12:56:58.628][DEBUG] Build graphic in: 0ms
[0;32m[2026-09-16 12:56:58.632][VERB] COMMANDCALL: _C.SafeAPI.Execute(["v1.sketch.dimension",[{"type":"VERTICAL_DISTANCE","value":"@expr.d253_position_y","name":"position_y","id":2358,"geomIds":[2367,2365]}]])
[0m[0;32m[2026-09-16 12:56:58.637][VERB] RETURN: {"result":"$2377"}
[0m[2026-09-16 12:56:58.654][DEBUG] Build graphic in: 0ms
[0;32m[2026-09-16 12:56:58.659][VERB] COMMANDCALL: _C.SafeAPI.Execute(["v1.sketch.dimension",[{"type":"RADIUS","value":"@expr.d254_radius","name":"radius","id":2358,"geomIds":[2364]}]])
[0m[0;32m[2026-09-16 12:56:58.664][VERB] RETURN: {"result":"$2381"}
[0m[2026-09-16 12:56:58.681][DEBUG] Build graphic in: 0ms
[0;32m[2026-09-16 12:56:58.686][VERB] COMMANDCALL: _C.SafeAPI.Execute(["v1.part.extrusion",[{"references":[2364],"name":"F250_makeCylinder_cad_primitives_py_12","taperAngle":0,"limit2":"@expr.d255_height","id":4}]])
[0m[0;32m[2026-09-16 12:56:58.692][VERB] RETURN: {"result":"$2385"}
[0m[2026-09-16 12:56:58.712][DEBUG] Build graphic in: 3ms
[0;32m[2026-09-16 12:56:58.716][VERB] COMMANDCALL: _C.SafeAPI.Execute(["v1.part.workPlane",[{"type":"PLANE","references":[38],"name":"F256_makeBox_cad_primitives_py_8_plane","offset":"@expr.d257_plane_offset","id":4}]])
[0m[0;32m[2026-09-16 12:56:58.720][VERB] RETURN: {"result":"$2407"}
[0m[2026-09-16 12:56:58.738][DEBUG] Build graphic in: 0ms
[0;32m[2026-09-16 12:56:58.742][VERB] COMMANDCALL: _C.SafeAPI.Execute(["v1.sketch.create",[{"planeId":2407,"name":"F256_makeBox_cad_primitives_py_8_profile","id":4}]])
[0m[0;32m[2026-09-16 12:56:58.744][VERB] RETURN: {"result":"$2413"}
[0m[2026-09-16 12:56:58.762][DEBUG] Build graphic in: 0ms
[0;32m[2026-09-16 12:56:58.766][VERB] COMMANDCALL: _C.SafeAPI.Execute(["v1.sketch.rectangle",[{"startPos":[86.8,30,0],"id":2413,"genFixation":0,"endPos":[92.5,43,0]}]])
[0m[0;32m[2026-09-16 12:56:58.773][VERB] RETURN: {"result":["$2419","$2423","$2429","$2435"]}
[0m[2026-09-16 12:56:58.790][DEBUG] Build graphic in: 0ms
[0;32m[2026-09-16 12:56:58.795][VERB] COMMANDCALL: _C.SafeAPI.Execute(["v1.sketch.getPoints",[{"id":2419}]])
[0m[0;32m[2026-09-16 12:56:58.795][VERB] RETURN: {"result":{"endId":"$2421","startId":"$2420"}}
[0m[0;32m[2026-09-16 12:56:58.818][VERB] COMMANDCALL: _C.SafeAPI.Execute(["v1.sketch.point",[{"pos":[-1000,-1000,0],"id":2413}]])
[0m[0;32m[2026-09-16 12:56:58.820][VERB] RETURN: {"result":"$2451"}
[0m[2026-09-16 12:56:58.837][DEBUG] Build graphic in: 0ms
[0;32m[2026-09-16 12:56:58.841][VERB] COMMANDCALL: _C.SafeAPI.Execute(["v1.sketch.constraint",[{"type":"FIXATION","id":2413,"geomIds":[2451]}]])
[0m[0;32m[2026-09-16 12:56:58.843][VERB] RETURN: {"result":"$2453"}
[0m[2026-09-16 12:56:58.860][DEBUG] Build graphic in: 0ms
[0;32m[2026-09-16 12:56:58.865][VERB] COMMANDCALL: _C.SafeAPI.Execute(["v1.sketch.dimension",[{"type":"HORIZONTAL_DISTANCE","value":"@expr.d258_position_x","name":"position_x","id":2413,"geomIds":[2451,2420]}]])
[0m[0;32m[2026-09-16 12:56:58.871][VERB] RETURN: {"result":"$2457"}
[0m[2026-09-16 12:56:58.889][DEBUG] Build graphic in: 0ms
[0;32m[2026-09-16 12:56:58.893][VERB] COMMANDCALL: _C.SafeAPI.Execute(["v1.sketch.dimension",[{"type":"VERTICAL_DISTANCE","value":"@expr.d259_position_y","name":"position_y","id":2413,"geomIds":[2451,2420]}]])
[0m[0;32m[2026-09-16 12:56:58.900][VERB] RETURN: {"result":"$2461"}
[0m[2026-09-16 12:56:58.917][DEBUG] Build graphic in: 0ms
[0;32m[2026-09-16 12:56:58.922][VERB] COMMANDCALL: _C.SafeAPI.Execute(["v1.sketch.dimension",[{"type":"OFFSET","value":"@expr.d260_width","name":"width","id":2413,"geomIds":[2419]}]])
[0m[0;32m[2026-09-16 12:56:58.929][VERB] RETURN: {"result":"$2465"}
[0m[2026-09-16 12:56:58.947][DEBUG] Build graphic in: 0ms
[0;32m[2026-09-16 12:56:58.952][VERB] COMMANDCALL: _C.SafeAPI.Execute(["v1.sketch.dimension",[{"type":"OFFSET","value":"@expr.d261_depth","name":"depth","id":2413,"geomIds":[2423]}]])
[0m[0;32m[2026-09-16 12:56:58.960][VERB] RETURN: {"result":"$2469"}
[0m[2026-09-16 12:56:58.978][DEBUG] Build graphic in: 0ms
[0;32m[2026-09-16 12:56:58.983][VERB] COMMANDCALL: _C.SafeAPI.Execute(["v1.part.extrusion",[{"references":[2419,2423,2429,2435],"name":"F256_makeBox_cad_primitives_py_8","taperAngle":0,"limit2":"@expr.d262_height","id":4}]])
[0m[0;32m[2026-09-16 12:56:58.989][VERB] RETURN: {"result":"$2473"}
[0m[2026-09-16 12:56:59.007][DEBUG] Build graphic in: 1ms
[0;32m[2026-09-16 12:56:59.012][VERB] COMMANDCALL: _C.SafeAPI.Execute(["v1.part.boolean",[{"type":"UNION","tools":[231,307,362,417,472,560,669,745,800,855,910,998,1107,1183,1238,1293,1348,1436,1545,1752,1836,1945,2152,2334,2385,2473],"target":122,"name":"F65_union_cad_primitives_py_17","id":4}]])
[0m[0;32m[2026-09-16 12:56:59.056][VERB] RETURN: {"result":"$2516"}
[0m[2026-09-16 12:56:59.080][DEBUG] Build graphic in: 6ms
[0;32m[2026-09-16 12:56:59.085][VERB] COMMANDCALL: _C.SafeAPI.Execute(["v1.common.setDatabaseSettings",[{"isSketchGraphicEnabled":1,"isGraphicEnabled":1,"isCCGraphicEnabled":1,"doCurveTessellation":1}]])
[0m[0;32m[2026-09-16 12:56:59.086][VERB] RETURN: {"result":null}
[0m[2026-09-16 12:56:59.111][DEBUG] Build graphic in: 5ms
[2026-09-16 12:56:59.139][DEBUG] Build graphic in: 5ms
[0;32m[2026-09-16 12:56:59.156][VERB] COMMANDCALL: _C.SafeAPI.Execute(["v1.part.chamfer",[{"references":[2823,3034,2933,3097,2625,3098,2780,2794,2793,2705,2781,2670,2680,2814,2813,3084,3083,3077,3073,3121,3120,3155,3154,3022,3090,2994,3032,3150,3151,3152,3153],"name":"F64_chamfer_shell_skin_py_17","id":4,"distance1":"@expr.d263_cha ...
[0m[0;32m[2026-09-16 12:56:59.334][VERB] RETURN: {"result":"$3169"}
[0m[2026-09-16 12:56:59.374][DEBUG] Build graphic in: 22ms
[0;32m[2026-09-16 12:56:59.380][VERB] COMMANDCALL: _C.SafeAPI.Execute(["v1.sketch.create",[{"planeId":38,"name":"F264_chamfer_shell_skin_py_17_middle_profile","id":4}]])
[0m[0;32m[2026-09-16 12:56:59.382][VERB] RETURN: {"result":"$3508"}
[0m[2026-09-16 12:56:59.401][DEBUG] Build graphic in: 0ms
[0;32m[2026-09-16 12:56:59.406][VERB] COMMANDCALL: _C.SafeAPI.Execute(["v1.sketch.point",[{"pos":[-1000,-1000,0],"id":3508}]])
[0m[0;32m[2026-09-16 12:56:59.407][VERB] RETURN: {"result":"$3514"}
[0m[2026-09-16 12:56:59.425][DEBUG] Build graphic in: 0ms
[0;32m[2026-09-16 12:56:59.430][VERB] COMMANDCALL: _C.SafeAPI.Execute(["v1.sketch.constraint",[{"type":"FIXATION","id":3508,"geomIds":[3514]}]])
[0m[0;32m[2026-09-16 12:56:59.431][VERB] RETURN: {"result":"$3516"}
[0m[2026-09-16 12:56:59.450][DEBUG] Build graphic in: 0ms
[0;32m[2026-09-16 12:56:59.455][VERB] COMMANDCALL: _C.SafeAPI.Execute(["v1.sketch.line",[{"startPos":[2.1,1.6,0],"genIncidence":0,"genTangency":0,"genFixation":0,"genVertAndHoriz":0,"id":3508,"endPos":[53,1.6,0]}]])
[0m[0;32m[2026-09-16 12:56:59.457][VERB] RETURN: {"result":"$3518"}
[0m[2026-09-16 12:56:59.475][DEBUG] Build graphic in: 0ms
[0;32m[2026-09-16 12:56:59.480][VERB] COMMANDCALL: _C.SafeAPI.Execute(["v1.sketch.getPoints",[{"id":3518}]])
[0m[0;32m[2026-09-16 12:56:59.480][VERB] RETURN: {"result":{"endId":"$3520","startId":"$3519"}}
[0m[0;32m[2026-09-16 12:56:59.504][VERB] COMMANDCALL: _C.SafeAPI.Execute(["v1.sketch.dimension",[{"type":"HORIZONTAL_DISTANCE","value":"@expr.d265_x","name":"x","id":3508,"geomIds":[3514,3519]}]])
[0m[0;32m[2026-09-16 12:56:59.508][VERB] RETURN: {"result":"$3524"}
[0m[2026-09-16 12:56:59.527][DEBUG] Build graphic in: 0ms
[0;32m[2026-09-16 12:56:59.532][VERB] COMMANDCALL: _C.SafeAPI.Execute(["v1.sketch.dimension",[{"type":"VERTICAL_DISTANCE","value":"@expr.d266_y","name":"y","id":3508,"geomIds":[3514,3519]}]])
[0m[0;32m[2026-09-16 12:56:59.538][VERB] RETURN: {"result":"$3528"}
[0m[2026-09-16 12:56:59.556][DEBUG] Build graphic in: 0ms
[0;32m[2026-09-16 12:56:59.561][VERB] COMMANDCALL: _C.SafeAPI.Execute(["v1.sketch.dimension",[{"type":"HORIZONTAL_DISTANCE","value":"@expr.d267_x","name":"x","id":3508,"geomIds":[3514,3520]}]])
[0m[0;32m[2026-09-16 12:56:59.567][VERB] RETURN: {"result":"$3532"}
[0m[2026-09-16 12:56:59.586][DEBUG] Build graphic in: 0ms
[0;32m[2026-09-16 12:56:59.591][VERB] COMMANDCALL: _C.SafeAPI.Execute(["v1.sketch.dimension",[{"type":"VERTICAL_DISTANCE","value":"@expr.d268_y","name":"y","id":3508,"geomIds":[3514,3520]}]])
[0m[0;32m[2026-09-16 12:56:59.597][VERB] RETURN: {"result":"$3536"}
[0m[2026-09-16 12:56:59.616][DEBUG] Build graphic in: 0ms
[0;32m[2026-09-16 12:56:59.621][VERB] COMMANDCALL: _C.SafeAPI.Execute(["v1.sketch.line",[{"startPos":[53,1.6,0],"genIncidence":0,"genTangency":0,"genFixation":0,"genVertAndHoriz":0,"id":3508,"endPos":[53.5,2.1,0]}]])
[0m[0;32m[2026-09-16 12:56:59.624][VERB] RETURN: {"result":"$3538"}
[0m[2026-09-16 12:56:59.643][DEBUG] Build graphic in: 0ms
[0;32m[2026-09-16 12:56:59.648][VERB] COMMANDCALL: _C.SafeAPI.Execute(["v1.sketch.getPoints",[{"id":3538}]])
[0m[0;32m[2026-09-16 12:56:59.648][VERB] RETURN: {"result":{"endId":"$3540","startId":"$3539"}}
[0m[0;32m[2026-09-16 12:56:59.672][VERB] COMMANDCALL: _C.SafeAPI.Execute(["v1.sketch.dimension",[{"type":"HORIZONTAL_DISTANCE","value":"@expr.d269_x","name":"x","id":3508,"geomIds":[3514,3539]}]])
[0m[0;32m[2026-09-16 12:56:59.679][VERB] RETURN: {"result":"$3544"}
[0m[2026-09-16 12:56:59.698][DEBUG] Build graphic in: 0ms
[0;32m[2026-09-16 12:56:59.703][VERB] COMMANDCALL: _C.SafeAPI.Execute(["v1.sketch.dimension",[{"type":"VERTICAL_DISTANCE","value":"@expr.d270_y","name":"y","id":3508,"geomIds":[3514,3539]}]])
[0m[0;32m[2026-09-16 12:56:59.711][VERB] RETURN: {"result":"$3548"}
[0m[2026-09-16 12:56:59.730][DEBUG] Build graphic in: 0ms
[0;32m[2026-09-16 12:56:59.735][VERB] COMMANDCALL: _C.SafeAPI.Execute(["v1.sketch.dimension",[{"type":"HORIZONTAL_DISTANCE","value":"@expr.d271_x","name":"x","id":3508,"geomIds":[3514,3540]}]])
[0m[0;32m[2026-09-16 12:56:59.744][VERB] RETURN: {"result":"$3552"}
[0m[2026-09-16 12:56:59.764][DEBUG] Build graphic in: 1ms
[0;32m[2026-09-16 12:56:59.768][VERB] COMMANDCALL: _C.SafeAPI.Execute(["v1.sketch.dimension",[{"type":"VERTICAL_DISTANCE","value":"@expr.d272_y","name":"y","id":3508,"geomIds":[3514,3540]}]])
[0m[0;32m[2026-09-16 12:56:59.778][VERB] RETURN: {"result":"$3556"}
[0m[2026-09-16 12:56:59.798][DEBUG] Build graphic in: 0ms
[0;32m[2026-09-16 12:56:59.803][VERB] COMMANDCALL: _C.SafeAPI.Execute(["v1.sketch.line",[{"startPos":[53.5,2.1,0],"genIncidence":0,"genTangency":0,"genFixation":0,"genVertAndHoriz":0,"id":3508,"endPos":[53.5,25.1,0]}]])
[0m[0;32m[2026-09-16 12:56:59.808][VERB] RETURN: {"result":"$3558"}
[0m[2026-09-16 12:56:59.827][DEBUG] Build graphic in: 0ms
[0;32m[2026-09-16 12:56:59.832][VERB] COMMANDCALL: _C.SafeAPI.Execute(["v1.sketch.getPoints",[{"id":3558}]])
[0m[0;32m[2026-09-16 12:56:59.832][VERB] RETURN: {"result":{"endId":"$3560","startId":"$3559"}}
[0m[0;32m[2026-09-16 12:56:59.856][VERB] COMMANDCALL: _C.SafeAPI.Execute(["v1.sketch.dimension",[{"type":"HORIZONTAL_DISTANCE","value":"@expr.d273_x","name":"x","id":3508,"geomIds":[3514,3559]}]])
[0m[0;32m[2026-09-16 12:56:59.867][VERB] RETURN: {"result":"$3564"}
[0m[2026-09-16 12:56:59.885][DEBUG] Build graphic in: 0ms
[0;32m[2026-09-16 12:56:59.891][VERB] COMMANDCALL: _C.SafeAPI.Execute(["v1.sketch.dimension",[{"type":"VERTICAL_DISTANCE","value":"@expr.d274_y","name":"y","id":3508,"geomIds":[3514,3559]}]])
[0m[0;32m[2026-09-16 12:56:59.902][VERB] RETURN: {"result":"$3568"}
[0m[2026-09-16 12:56:59.922][DEBUG] Build graphic in: 0ms
[0;32m[2026-09-16 12:56:59.927][VERB] COMMANDCALL: _C.SafeAPI.Execute(["v1.sketch.dimension",[{"type":"HORIZONTAL_DISTANCE","value":"@expr.d275_x","name":"x","id":3508,"geomIds":[3514,3560]}]])
[0m[0;32m[2026-09-16 12:56:59.942][VERB] RETURN: {"result":"$3572"}
[0m[2026-09-16 12:56:59.963][DEBUG] Build graphic in: 0ms
[0;32m[2026-09-16 12:56:59.968][VERB] COMMANDCALL: _C.SafeAPI.Execute(["v1.sketch.dimension",[{"type":"VERTICAL_DISTANCE","value":"@expr.d276_y","name":"y","id":3508,"geomIds":[3514,3560]}]])
[0m[0;32m[2026-09-16 12:56:59.981][VERB] RETURN: {"result":"$3576"}
[0m[2026-09-16 12:57:00.001][DEBUG] Build graphic in: 0ms
[0;32m[2026-09-16 12:57:00.006][VERB] COMMANDCALL: _C.SafeAPI.Execute(["v1.sketch.line",[{"startPos":[53.5,25.1,0],"genIncidence":0,"genTangency":0,"genFixation":0,"genVertAndHoriz":0,"id":3508,"endPos":[53,25.6,0]}]])
[0m[0;32m[2026-09-16 12:57:00.012][VERB] RETURN: {"result":"$3578"}
[0m[2026-09-16 12:57:00.032][DEBUG] Build graphic in: 1ms
[0;32m[2026-09-16 12:57:00.037][VERB] COMMANDCALL: _C.SafeAPI.Execute(["v1.sketch.getPoints",[{"id":3578}]])
[0m[0;32m[2026-09-16 12:57:00.037][VERB] RETURN: {"result":{"endId":"$3580","startId":"$3579"}}
[0m[0;32m[2026-09-16 12:57:00.061][VERB] COMMANDCALL: _C.SafeAPI.Execute(["v1.sketch.dimension",[{"type":"HORIZONTAL_DISTANCE","value":"@expr.d277_x","name":"x","id":3508,"geomIds":[3514,3579]}]])
[0m[0;32m[2026-09-16 12:57:00.075][VERB] RETURN: {"result":"$3584"}
[0m[2026-09-16 12:57:00.095][DEBUG] Build graphic in: 1ms
[0;32m[2026-09-16 12:57:00.100][VERB] COMMANDCALL: _C.SafeAPI.Execute(["v1.sketch.dimension",[{"type":"VERTICAL_DISTANCE","value":"@expr.d278_y","name":"y","id":3508,"geomIds":[3514,3579]}]])
[0m[0;32m[2026-09-16 12:57:00.114][VERB] RETURN: {"result":"$3588"}
[0m[2026-09-16 12:57:00.134][DEBUG] Build graphic in: 0ms
[0;32m[2026-09-16 12:57:00.139][VERB] COMMANDCALL: _C.SafeAPI.Execute(["v1.sketch.dimension",[{"type":"HORIZONTAL_DISTANCE","value":"@expr.d279_x","name":"x","id":3508,"geomIds":[3514,3580]}]])
[0m[0;32m[2026-09-16 12:57:00.155][VERB] RETURN: {"result":"$3592"}
[0m[2026-09-16 12:57:00.174][DEBUG] Build graphic in: 0ms
[0;32m[2026-09-16 12:57:00.180][VERB] COMMANDCALL: _C.SafeAPI.Execute(["v1.sketch.dimension",[{"type":"VERTICAL_DISTANCE","value":"@expr.d280_y","name":"y","id":3508,"geomIds":[3514,3580]}]])
[0m[0;32m[2026-09-16 12:57:00.196][VERB] RETURN: {"result":"$3596"}
[0m[2026-09-16 12:57:00.215][DEBUG] Build graphic in: 0ms
[0;32m[2026-09-16 12:57:00.220][VERB] COMMANDCALL: _C.SafeAPI.Execute(["v1.sketch.line",[{"startPos":[53,25.6,0],"genIncidence":0,"genTangency":0,"genFixation":0,"genVertAndHoriz":0,"id":3508,"endPos":[2.1,25.6,0]}]])
[0m[0;32m[2026-09-16 12:57:00.228][VERB] RETURN: {"result":"$3598"}
[0m[2026-09-16 12:57:00.248][DEBUG] Build graphic in: 0ms
[0;32m[2026-09-16 12:57:00.254][VERB] COMMANDCALL: _C.SafeAPI.Execute(["v1.sketch.getPoints",[{"id":3598}]])
[0m[0;32m[2026-09-16 12:57:00.254][VERB] RETURN: {"result":{"endId":"$3600","startId":"$3599"}}
[0m[0;32m[2026-09-16 12:57:00.278][VERB] COMMANDCALL: _C.SafeAPI.Execute(["v1.sketch.dimension",[{"type":"HORIZONTAL_DISTANCE","value":"@expr.d281_x","name":"x","id":3508,"geomIds":[3514,3599]}]])
[0m[0;32m[2026-09-16 12:57:00.295][VERB] RETURN: {"result":"$3604"}
[0m[2026-09-16 12:57:00.315][DEBUG] Build graphic in: 0ms
[0;32m[2026-09-16 12:57:00.321][VERB] COMMANDCALL: _C.SafeAPI.Execute(["v1.sketch.dimension",[{"type":"VERTICAL_DISTANCE","value":"@expr.d282_y","name":"y","id":3508,"geomIds":[3514,3599]}]])
[0m[0;32m[2026-09-16 12:57:00.338][VERB] RETURN: {"result":"$3608"}
[0m[2026-09-16 12:57:00.358][DEBUG] Build graphic in: 1ms
[0;32m[2026-09-16 12:57:00.363][VERB] COMMANDCALL: _C.SafeAPI.Execute(["v1.sketch.dimension",[{"type":"HORIZONTAL_DISTANCE","value":"@expr.d283_x","name":"x","id":3508,"geomIds":[3514,3600]}]])
[0m[0;32m[2026-09-16 12:57:00.381][VERB] RETURN: {"result":"$3612"}
[0m[2026-09-16 12:57:00.401][DEBUG] Build graphic in: 0ms
[0;32m[2026-09-16 12:57:00.406][VERB] COMMANDCALL: _C.SafeAPI.Execute(["v1.sketch.dimension",[{"type":"VERTICAL_DISTANCE","value":"@expr.d284_y","name":"y","id":3508,"geomIds":[3514,3600]}]])
[0m[0;32m[2026-09-16 12:57:00.425][VERB] RETURN: {"result":"$3616"}
[0m[2026-09-16 12:57:00.446][DEBUG] Build graphic in: 1ms
[0;32m[2026-09-16 12:57:00.451][VERB] COMMANDCALL: _C.SafeAPI.Execute(["v1.sketch.line",[{"startPos":[2.1,25.6,0],"genIncidence":0,"genTangency":0,"genFixation":0,"genVertAndHoriz":0,"id":3508,"endPos":[1.6,25.1,0]}]])
[0m[0;32m[2026-09-16 12:57:00.461][VERB] RETURN: {"result":"$3618"}
[0m[2026-09-16 12:57:00.481][DEBUG] Build graphic in: 0ms
[0;32m[2026-09-16 12:57:00.486][VERB] COMMANDCALL: _C.SafeAPI.Execute(["v1.sketch.getPoints",[{"id":3618}]])
[0m[0;32m[2026-09-16 12:57:00.486][VERB] RETURN: {"result":{"endId":"$3620","startId":"$3619"}}
[0m[0;32m[2026-09-16 12:57:00.512][VERB] COMMANDCALL: _C.SafeAPI.Execute(["v1.sketch.dimension",[{"type":"HORIZONTAL_DISTANCE","value":"@expr.d285_x","name":"x","id":3508,"geomIds":[3514,3619]}]])
[0m[0;32m[2026-09-16 12:57:00.532][VERB] RETURN: {"result":"$3624"}
[0m[2026-09-16 12:57:00.552][DEBUG] Build graphic in: 0ms
[0;32m[2026-09-16 12:57:00.557][VERB] COMMANDCALL: _C.SafeAPI.Execute(["v1.sketch.dimension",[{"type":"VERTICAL_DISTANCE","value":"@expr.d286_y","name":"y","id":3508,"geomIds":[3514,3619]}]])
[0m[0;32m[2026-09-16 12:57:00.578][VERB] RETURN: {"result":"$3628"}
[0m[2026-09-16 12:57:00.598][DEBUG] Build graphic in: 0ms
[0;32m[2026-09-16 12:57:00.604][VERB] COMMANDCALL: _C.SafeAPI.Execute(["v1.sketch.dimension",[{"type":"HORIZONTAL_DISTANCE","value":"@expr.d287_x","name":"x","id":3508,"geomIds":[3514,3620]}]])
[0m[0;32m[2026-09-16 12:57:00.625][VERB] RETURN: {"result":"$3632"}
[0m[2026-09-16 12:57:00.645][DEBUG] Build graphic in: 0ms
[0;32m[2026-09-16 12:57:00.651][VERB] COMMANDCALL: _C.SafeAPI.Execute(["v1.sketch.dimension",[{"type":"VERTICAL_DISTANCE","value":"@expr.d288_y","name":"y","id":3508,"geomIds":[3514,3620]}]])
[0m[0;32m[2026-09-16 12:57:00.673][VERB] RETURN: {"result":"$3636"}
[0m[2026-09-16 12:57:00.693][DEBUG] Build graphic in: 0ms
[0;32m[2026-09-16 12:57:00.699][VERB] COMMANDCALL: _C.SafeAPI.Execute(["v1.sketch.line",[{"startPos":[1.6,25.1,0],"genIncidence":0,"genTangency":0,"genFixation":0,"genVertAndHoriz":0,"id":3508,"endPos":[1.6,2.1,0]}]])
[0m[0;32m[2026-09-16 12:57:00.711][VERB] RETURN: {"result":"$3638"}
[0m[2026-09-16 12:57:00.731][DEBUG] Build graphic in: 1ms
[0;32m[2026-09-16 12:57:00.736][VERB] COMMANDCALL: _C.SafeAPI.Execute(["v1.sketch.getPoints",[{"id":3638}]])
[0m[0;32m[2026-09-16 12:57:00.736][VERB] RETURN: {"result":{"endId":"$3640","startId":"$3639"}}
[0m[0;32m[2026-09-16 12:57:00.761][VERB] COMMANDCALL: _C.SafeAPI.Execute(["v1.sketch.dimension",[{"type":"HORIZONTAL_DISTANCE","value":"@expr.d289_x","name":"x","id":3508,"geomIds":[3514,3639]}]])
[0m[0;32m[2026-09-16 12:57:00.784][VERB] RETURN: {"result":"$3644"}
[0m[2026-09-16 12:57:00.804][DEBUG] Build graphic in: 1ms
[0;32m[2026-09-16 12:57:00.809][VERB] COMMANDCALL: _C.SafeAPI.Execute(["v1.sketch.dimension",[{"type":"VERTICAL_DISTANCE","value":"@expr.d290_y","name":"y","id":3508,"geomIds":[3514,3639]}]])
[0m[0;32m[2026-09-16 12:57:00.833][VERB] RETURN: {"result":"$3648"}
[0m[2026-09-16 12:57:00.853][DEBUG] Build graphic in: 0ms
[0;32m[2026-09-16 12:57:00.859][VERB] COMMANDCALL: _C.SafeAPI.Execute(["v1.sketch.dimension",[{"type":"HORIZONTAL_DISTANCE","value":"@expr.d291_x","name":"x","id":3508,"geomIds":[3514,3640]}]])
[0m[0;32m[2026-09-16 12:57:00.884][VERB] RETURN: {"result":"$3652"}
[0m[2026-09-16 12:57:00.904][DEBUG] Build graphic in: 0ms
[0;32m[2026-09-16 12:57:00.910][VERB] COMMANDCALL: _C.SafeAPI.Execute(["v1.sketch.dimension",[{"type":"VERTICAL_DISTANCE","value":"@expr.d292_y","name":"y","id":3508,"geomIds":[3514,3640]}]])
[0m[0;32m[2026-09-16 12:57:00.935][VERB] RETURN: {"result":"$3656"}
[0m[2026-09-16 12:57:00.955][DEBUG] Build graphic in: 1ms
[0;32m[2026-09-16 12:57:00.960][VERB] COMMANDCALL: _C.SafeAPI.Execute(["v1.sketch.line",[{"startPos":[1.6,2.1,0],"genIncidence":0,"genTangency":0,"genFixation":0,"genVertAndHoriz":0,"id":3508,"endPos":[2.1,1.6,0]}]])
[0m[0;32m[2026-09-16 12:57:00.973][VERB] RETURN: {"result":"$3658"}
[0m[2026-09-16 12:57:00.993][DEBUG] Build graphic in: 1ms
[0;32m[2026-09-16 12:57:00.998][VERB] COMMANDCALL: _C.SafeAPI.Execute(["v1.sketch.getPoints",[{"id":3658}]])
[0m[0;32m[2026-09-16 12:57:00.998][VERB] RETURN: {"result":{"endId":"$3660","startId":"$3659"}}
[0m[0;32m[2026-09-16 12:57:01.023][VERB] COMMANDCALL: _C.SafeAPI.Execute(["v1.sketch.dimension",[{"type":"HORIZONTAL_DISTANCE","value":"@expr.d293_x","name":"x","id":3508,"geomIds":[3514,3659]}]])
[0m[0;32m[2026-09-16 12:57:01.050][VERB] RETURN: {"result":"$3664"}
[0m[2026-09-16 12:57:01.070][DEBUG] Build graphic in: 0ms
[0;32m[2026-09-16 12:57:01.076][VERB] COMMANDCALL: _C.SafeAPI.Execute(["v1.sketch.dimension",[{"type":"VERTICAL_DISTANCE","value":"@expr.d294_y","name":"y","id":3508,"geomIds":[3514,3659]}]])
[0m[0;32m[2026-09-16 12:57:01.103][VERB] RETURN: {"result":"$3668"}
[0m[2026-09-16 12:57:01.123][DEBUG] Build graphic in: 0ms
[0;32m[2026-09-16 12:57:01.129][VERB] COMMANDCALL: _C.SafeAPI.Execute(["v1.sketch.dimension",[{"type":"HORIZONTAL_DISTANCE","value":"@expr.d295_x","name":"x","id":3508,"geomIds":[3514,3660]}]])
[0m[0;32m[2026-09-16 12:57:01.156][VERB] RETURN: {"result":"$3672"}
[0m[2026-09-16 12:57:01.177][DEBUG] Build graphic in: 1ms
[0;32m[2026-09-16 12:57:01.182][VERB] COMMANDCALL: _C.SafeAPI.Execute(["v1.sketch.dimension",[{"type":"VERTICAL_DISTANCE","value":"@expr.d296_y","name":"y","id":3508,"geomIds":[3514,3660]}]])
[0m[0;32m[2026-09-16 12:57:01.210][VERB] RETURN: {"result":"$3676"}
[0m[2026-09-16 12:57:01.231][DEBUG] Build graphic in: 0ms
[0;32m[2026-09-16 12:57:01.237][VERB] COMMANDCALL: _C.SafeAPI.Execute(["v1.part.extrusion",[{"references":[3518,3538,3558,3578,3598,3618,3638,3658],"name":"F264_chamfer_shell_skin_py_17_middle","taperAngle":0,"limit2":"@expr.d297_height","id":4}]])
[0m[0;32m[2026-09-16 12:57:01.243][VERB] RETURN: {"result":"$3680"}
[0m[2026-09-16 12:57:01.264][DEBUG] Build graphic in: 1ms
[0;32m[2026-09-16 12:57:01.269][VERB] COMMANDCALL: _C.SafeAPI.Execute(["v1.part.translation",[{"references":[34],"name":"F264_chamfer_shell_skin_py_17_middle_2","id":4,"targets":[3680],"distance":"@expr.d298_position"}]])
[0m[0;32m[2026-09-16 12:57:01.275][VERB] RETURN: {"result":"$3751"}
[0m[2026-09-16 12:57:01.295][DEBUG] Build graphic in: 0ms
[0;32m[2026-09-16 12:57:01.301][VERB] COMMANDCALL: _C.SafeAPI.Execute(["v1.part.extrusion",[{"references":[3518,3538,3558,3578,3598,3618,3638,3658],"name":"F264_chamfer_shell_skin_py_17_bottom","taperAngle":0.78539816339745,"limit2":"@expr.d299_bevel_height","id":4}]])
[0m[0;32m[2026-09-16 12:57:01.309][VERB] RETURN: {"result":"$3762"}
[0m[2026-09-16 12:57:01.330][DEBUG] Build graphic in: 1ms
[0;32m[2026-09-16 12:57:01.335][VERB] COMMANDCALL: _C.SafeAPI.Execute(["v1.part.translation",[{"references":[34],"name":"F264_chamfer_shell_skin_py_17_bottom_2","id":4,"targets":[3762],"distance":"@expr.d300_position"}]])
[0m[0;32m[2026-09-16 12:57:01.340][VERB] RETURN: {"result":"$3825"}
[0m[2026-09-16 12:57:01.362][DEBUG] Build graphic in: 1ms
[0;32m[2026-09-16 12:57:01.368][VERB] COMMANDCALL: _C.SafeAPI.Execute(["v1.part.extrusion",[{"references":[3518,3538,3558,3578,3598,3618,3638,3658],"name":"F264_chamfer_shell_skin_py_17_top","taperAngle":0.78539816339745,"limit2":"@expr.d301_bevel_height","id":4}]])
[0m[0;32m[2026-09-16 12:57:01.376][VERB] RETURN: {"result":"$3836"}
[0m[2026-09-16 12:57:01.398][DEBUG] Build graphic in: 0ms
[0;32m[2026-09-16 12:57:01.404][VERB] COMMANDCALL: _C.SafeAPI.Execute(["v1.part.translation",[{"references":[34],"name":"F264_chamfer_shell_skin_py_17_top_2","id":4,"targets":[3836],"distance":"@expr.d302_position"}]])
[0m[0;32m[2026-09-16 12:57:01.409][VERB] RETURN: {"result":"$3899"}
[0m[2026-09-16 12:57:01.433][DEBUG] Build graphic in: 1ms
[0;32m[2026-09-16 12:57:01.439][VERB] COMMANDCALL: _C.SafeAPI.Execute(["v1.part.boolean",[{"type":"UNION","tools":[3825,3899],"target":3751,"name":"F264_chamfer_shell_skin_py_17","id":4}]])
[0m[0;32m[2026-09-16 12:57:01.463][VERB] RETURN: {"result":"$3910"}
[0m[2026-09-16 12:57:01.487][DEBUG] Build graphic in: 2ms
[0;32m[2026-09-16 12:57:01.493][VERB] COMMANDCALL: _C.SafeAPI.Execute(["v1.part.boolean",[{"type":"SUBTRACTION","tools":[3910],"target":3169,"name":"F63_cut_housing_shell_py_58_tool_0","id":4}]])
[0m[0;32m[2026-09-16 12:57:01.551][VERB] RETURN: {"result":"$3989"}
[0m[2026-09-16 12:57:01.597][DEBUG] Build graphic in: 24ms
[0;32m[2026-09-16 12:57:01.603][VERB] COMMANDCALL: _C.SafeAPI.Execute(["v1.sketch.create",[{"planeId":38,"name":"F303_chamfer_shell_skin_py_17_middle_profile","id":4}]])
[0m[0;32m[2026-09-16 12:57:01.606][VERB] RETURN: {"result":"$4157"}
[0m[2026-09-16 12:57:01.629][DEBUG] Build graphic in: 0ms
[0;32m[2026-09-16 12:57:01.634][VERB] COMMANDCALL: _C.SafeAPI.Execute(["v1.sketch.point",[{"pos":[-1000,-1000,0],"id":4157}]])
[0m[0;32m[2026-09-16 12:57:01.636][VERB] RETURN: {"result":"$4163"}
[0m[2026-09-16 12:57:01.658][DEBUG] Build graphic in: 0ms
[0;32m[2026-09-16 12:57:01.664][VERB] COMMANDCALL: _C.SafeAPI.Execute(["v1.sketch.constraint",[{"type":"FIXATION","id":4157,"geomIds":[4163]}]])
[0m[0;32m[2026-09-16 12:57:01.665][VERB] RETURN: {"result":"$4165"}
[0m[2026-09-16 12:57:01.687][DEBUG] Build graphic in: 0ms
[0;32m[2026-09-16 12:57:01.693][VERB] COMMANDCALL: _C.SafeAPI.Execute(["v1.sketch.line",[{"startPos":[2.1,23,0],"genIncidence":0,"genTangency":0,"genFixation":0,"genVertAndHoriz":0,"id":4157,"endPos":[54.7,23,0]}]])
[0m[0;32m[2026-09-16 12:57:01.694][VERB] RETURN: {"result":"$4167"}
[0m[2026-09-16 12:57:01.716][DEBUG] Build graphic in: 0ms
[0;32m[2026-09-16 12:57:01.722][VERB] COMMANDCALL: _C.SafeAPI.Execute(["v1.sketch.getPoints",[{"id":4167}]])
[0m[0;32m[2026-09-16 12:57:01.722][VERB] RETURN: {"result":{"endId":"$4169","startId":"$4168"}}
[0m[0;32m[2026-09-16 12:57:01.749][VERB] COMMANDCALL: _C.SafeAPI.Execute(["v1.sketch.dimension",[{"type":"HORIZONTAL_DISTANCE","value":"@expr.d304_x","name":"x","id":4157,"geomIds":[4163,4168]}]])
[0m[0;32m[2026-09-16 12:57:01.753][VERB] RETURN: {"result":"$4173"}
[0m[2026-09-16 12:57:01.775][DEBUG] Build graphic in: 0ms
[0;32m[2026-09-16 12:57:01.781][VERB] COMMANDCALL: _C.SafeAPI.Execute(["v1.sketch.dimension",[{"type":"VERTICAL_DISTANCE","value":"@expr.d305_y","name":"y","id":4157,"geomIds":[4163,4168]}]])
[0m[0;32m[2026-09-16 12:57:01.786][VERB] RETURN: {"result":"$4177"}
[0m[2026-09-16 12:57:01.808][DEBUG] Build graphic in: 0ms
[0;32m[2026-09-16 12:57:01.813][VERB] COMMANDCALL: _C.SafeAPI.Execute(["v1.sketch.dimension",[{"type":"HORIZONTAL_DISTANCE","value":"@expr.d306_x","name":"x","id":4157,"geomIds":[4163,4169]}]])
[0m[0;32m[2026-09-16 12:57:01.819][VERB] RETURN: {"result":"$4181"}
[0m[2026-09-16 12:57:01.842][DEBUG] Build graphic in: 0ms
[0;32m[2026-09-16 12:57:01.848][VERB] COMMANDCALL: _C.SafeAPI.Execute(["v1.sketch.dimension",[{"type":"VERTICAL_DISTANCE","value":"@expr.d307_y","name":"y","id":4157,"geomIds":[4163,4169]}]])
[0m[0;32m[2026-09-16 12:57:01.854][VERB] RETURN: {"result":"$4185"}
[0m[2026-09-16 12:57:01.877][DEBUG] Build graphic in: 0ms
[0;32m[2026-09-16 12:57:01.883][VERB] COMMANDCALL: _C.SafeAPI.Execute(["v1.sketch.line",[{"startPos":[54.7,23,0],"genIncidence":0,"genTangency":0,"genFixation":0,"genVertAndHoriz":0,"id":4157,"endPos":[55.2,23.5,0]}]])
[0m[0;32m[2026-09-16 12:57:01.886][VERB] RETURN: {"result":"$4187"}
[0m[2026-09-16 12:57:01.908][DEBUG] Build graphic in: 0ms
[0;32m[2026-09-16 12:57:01.913][VERB] COMMANDCALL: _C.SafeAPI.Execute(["v1.sketch.getPoints",[{"id":4187}]])
[0m[0;32m[2026-09-16 12:57:01.914][VERB] RETURN: {"result":{"endId":"$4189","startId":"$4188"}}
[0m[0;32m[2026-09-16 12:57:01.942][VERB] COMMANDCALL: _C.SafeAPI.Execute(["v1.sketch.dimension",[{"type":"HORIZONTAL_DISTANCE","value":"@expr.d308_x","name":"x","id":4157,"geomIds":[4163,4188]}]])
[0m[0;32m[2026-09-16 12:57:01.949][VERB] RETURN: {"result":"$4193"}
[0m[2026-09-16 12:57:01.972][DEBUG] Build graphic in: 0ms
[0;32m[2026-09-16 12:57:01.977][VERB] COMMANDCALL: _C.SafeAPI.Execute(["v1.sketch.dimension",[{"type":"VERTICAL_DISTANCE","value":"@expr.d309_y","name":"y","id":4157,"geomIds":[4163,4188]}]])
[0m[0;32m[2026-09-16 12:57:01.986][VERB] RETURN: {"result":"$4197"}
[0m[2026-09-16 12:57:02.008][DEBUG] Build graphic in: 0ms
[0;32m[2026-09-16 12:57:02.014][VERB] COMMANDCALL: _C.SafeAPI.Execute(["v1.sketch.dimension",[{"type":"HORIZONTAL_DISTANCE","value":"@expr.d310_x","name":"x","id":4157,"geomIds":[4163,4189]}]])
[0m[0;32m[2026-09-16 12:57:02.023][VERB] RETURN: {"result":"$4201"}
[0m[2026-09-16 12:57:02.046][DEBUG] Build graphic in: 0ms
[0;32m[2026-09-16 12:57:02.052][VERB] COMMANDCALL: _C.SafeAPI.Execute(["v1.sketch.dimension",[{"type":"VERTICAL_DISTANCE","value":"@expr.d311_y","name":"y","id":4157,"geomIds":[4163,4189]}]])
[0m[0;32m[2026-09-16 12:57:02.061][VERB] RETURN: {"result":"$4205"}
[0m[2026-09-16 12:57:02.084][DEBUG] Build graphic in: 0ms
[0;32m[2026-09-16 12:57:02.090][VERB] COMMANDCALL: _C.SafeAPI.Execute(["v1.sketch.line",[{"startPos":[55.2,23.5,0],"genIncidence":0,"genTangency":0,"genFixation":0,"genVertAndHoriz":0,"id":4157,"endPos":[55.2,61.9,0]}]])
[0m[0;32m[2026-09-16 12:57:02.095][VERB] RETURN: {"result":"$4207"}
[0m[2026-09-16 12:57:02.118][DEBUG] Build graphic in: 0ms
[0;32m[2026-09-16 12:57:02.124][VERB] COMMANDCALL: _C.SafeAPI.Execute(["v1.sketch.getPoints",[{"id":4207}]])
[0m[0;32m[2026-09-16 12:57:02.124][VERB] RETURN: {"result":{"endId":"$4209","startId":"$4208"}}
[0m[0;32m[2026-09-16 12:57:02.152][VERB] COMMANDCALL: _C.SafeAPI.Execute(["v1.sketch.dimension",[{"type":"HORIZONTAL_DISTANCE","value":"@expr.d312_x","name":"x","id":4157,"geomIds":[4163,4208]}]])
[0m[0;32m[2026-09-16 12:57:02.162][VERB] RETURN: {"result":"$4213"}
[0m[2026-09-16 12:57:02.185][DEBUG] Build graphic in: 0ms
[0;32m[2026-09-16 12:57:02.190][VERB] COMMANDCALL: _C.SafeAPI.Execute(["v1.sketch.dimension",[{"type":"VERTICAL_DISTANCE","value":"@expr.d313_y","name":"y","id":4157,"geomIds":[4163,4208]}]])
[0m[0;32m[2026-09-16 12:57:02.202][VERB] RETURN: {"result":"$4217"}
[0m[2026-09-16 12:57:02.225][DEBUG] Build graphic in: 0ms
[0;32m[2026-09-16 12:57:02.231][VERB] COMMANDCALL: _C.SafeAPI.Execute(["v1.sketch.dimension",[{"type":"HORIZONTAL_DISTANCE","value":"@expr.d314_x","name":"x","id":4157,"geomIds":[4163,4209]}]])
[0m[0;32m[2026-09-16 12:57:02.243][VERB] RETURN: {"result":"$4221"}
[0m[2026-09-16 12:57:02.266][DEBUG] Build graphic in: 0ms
[0;32m[2026-09-16 12:57:02.272][VERB] COMMANDCALL: _C.SafeAPI.Execute(["v1.sketch.dimension",[{"type":"VERTICAL_DISTANCE","value":"@expr.d315_y","name":"y","id":4157,"geomIds":[4163,4209]}]])
[0m[0;32m[2026-09-16 12:57:02.285][VERB] RETURN: {"result":"$4225"}
[0m[2026-09-16 12:57:02.308][DEBUG] Build graphic in: 0ms
[0;32m[2026-09-16 12:57:02.314][VERB] COMMANDCALL: _C.SafeAPI.Execute(["v1.sketch.line",[{"startPos":[55.2,61.9,0],"genIncidence":0,"genTangency":0,"genFixation":0,"genVertAndHoriz":0,"id":4157,"endPos":[54.7,62.4,0]}]])
[0m[0;32m[2026-09-16 12:57:02.320][VERB] RETURN: {"result":"$4227"}
[0m[2026-09-16 12:57:02.343][DEBUG] Build graphic in: 0ms
[0;32m[2026-09-16 12:57:02.349][VERB] COMMANDCALL: _C.SafeAPI.Execute(["v1.sketch.getPoints",[{"id":4227}]])
[0m[0;32m[2026-09-16 12:57:02.349][VERB] RETURN: {"result":{"endId":"$4229","startId":"$4228"}}
[0m[0;32m[2026-09-16 12:57:02.378][VERB] COMMANDCALL: _C.SafeAPI.Execute(["v1.sketch.dimension",[{"type":"HORIZONTAL_DISTANCE","value":"@expr.d316_x","name":"x","id":4157,"geomIds":[4163,4228]}]])
[0m[0;32m[2026-09-16 12:57:02.391][VERB] RETURN: {"result":"$4233"}
[0m[2026-09-16 12:57:02.414][DEBUG] Build graphic in: 0ms
[0;32m[2026-09-16 12:57:02.420][VERB] COMMANDCALL: _C.SafeAPI.Execute(["v1.sketch.dimension",[{"type":"VERTICAL_DISTANCE","value":"@expr.d317_y","name":"y","id":4157,"geomIds":[4163,4228]}]])
[0m[0;32m[2026-09-16 12:57:02.434][VERB] RETURN: {"result":"$4237"}
[0m[2026-09-16 12:57:02.457][DEBUG] Build graphic in: 0ms
[0;32m[2026-09-16 12:57:02.463][VERB] COMMANDCALL: _C.SafeAPI.Execute(["v1.sketch.dimension",[{"type":"HORIZONTAL_DISTANCE","value":"@expr.d318_x","name":"x","id":4157,"geomIds":[4163,4229]}]])
[0m[0;32m[2026-09-16 12:57:02.478][VERB] RETURN: {"result":"$4241"}
[0m[2026-09-16 12:57:02.501][DEBUG] Build graphic in: 0ms
[0;32m[2026-09-16 12:57:02.507][VERB] COMMANDCALL: _C.SafeAPI.Execute(["v1.sketch.dimension",[{"type":"VERTICAL_DISTANCE","value":"@expr.d319_y","name":"y","id":4157,"geomIds":[4163,4229]}]])
[0m[0;32m[2026-09-16 12:57:02.523][VERB] RETURN: {"result":"$4245"}
[0m[2026-09-16 12:57:02.546][DEBUG] Build graphic in: 0ms
[0;32m[2026-09-16 12:57:02.552][VERB] COMMANDCALL: _C.SafeAPI.Execute(["v1.sketch.line",[{"startPos":[54.7,62.4,0],"genIncidence":0,"genTangency":0,"genFixation":0,"genVertAndHoriz":0,"id":4157,"endPos":[2.1,62.4,0]}]])
[0m[0;32m[2026-09-16 12:57:02.560][VERB] RETURN: {"result":"$4247"}
[0m[2026-09-16 12:57:02.583][DEBUG] Build graphic in: 0ms
[0;32m[2026-09-16 12:57:02.589][VERB] COMMANDCALL: _C.SafeAPI.Execute(["v1.sketch.getPoints",[{"id":4247}]])
[0m[0;32m[2026-09-16 12:57:02.589][VERB] RETURN: {"result":{"endId":"$4249","startId":"$4248"}}
[0m[0;32m[2026-09-16 12:57:02.618][VERB] COMMANDCALL: _C.SafeAPI.Execute(["v1.sketch.dimension",[{"type":"HORIZONTAL_DISTANCE","value":"@expr.d320_x","name":"x","id":4157,"geomIds":[4163,4248]}]])
[0m[0;32m[2026-09-16 12:57:02.634][VERB] RETURN: {"result":"$4253"}
[0m[2026-09-16 12:57:02.658][DEBUG] Build graphic in: 1ms
[0;32m[2026-09-16 12:57:02.663][VERB] COMMANDCALL: _C.SafeAPI.Execute(["v1.sketch.dimension",[{"type":"VERTICAL_DISTANCE","value":"@expr.d321_y","name":"y","id":4157,"geomIds":[4163,4248]}]])
[0m[0;32m[2026-09-16 12:57:02.681][VERB] RETURN: {"result":"$4257"}
[0m[2026-09-16 12:57:02.704][DEBUG] Build graphic in: 0ms
[0;32m[2026-09-16 12:57:02.710][VERB] COMMANDCALL: _C.SafeAPI.Execute(["v1.sketch.dimension",[{"type":"HORIZONTAL_DISTANCE","value":"@expr.d322_x","name":"x","id":4157,"geomIds":[4163,4249]}]])
[0m[0;32m[2026-09-16 12:57:02.728][VERB] RETURN: {"result":"$4261"}
[0m[2026-09-16 12:57:02.752][DEBUG] Build graphic in: 1ms
[0;32m[2026-09-16 12:57:02.758][VERB] COMMANDCALL: _C.SafeAPI.Execute(["v1.sketch.dimension",[{"type":"VERTICAL_DISTANCE","value":"@expr.d323_y","name":"y","id":4157,"geomIds":[4163,4249]}]])
[0m[0;32m[2026-09-16 12:57:02.776][VERB] RETURN: {"result":"$4265"}
[0m[2026-09-16 12:57:02.801][DEBUG] Build graphic in: 1ms
[0;32m[2026-09-16 12:57:02.806][VERB] COMMANDCALL: _C.SafeAPI.Execute(["v1.sketch.line",[{"startPos":[2.1,62.4,0],"genIncidence":0,"genTangency":0,"genFixation":0,"genVertAndHoriz":0,"id":4157,"endPos":[1.6,61.9,0]}]])
[0m[0;32m[2026-09-16 12:57:02.816][VERB] RETURN: {"result":"$4267"}
[0m[2026-09-16 12:57:02.840][DEBUG] Build graphic in: 1ms
[0;32m[2026-09-16 12:57:02.845][VERB] COMMANDCALL: _C.SafeAPI.Execute(["v1.sketch.getPoints",[{"id":4267}]])
[0m[0;32m[2026-09-16 12:57:02.846][VERB] RETURN: {"result":{"endId":"$4269","startId":"$4268"}}
[0m[0;32m[2026-09-16 12:57:02.875][VERB] COMMANDCALL: _C.SafeAPI.Execute(["v1.sketch.dimension",[{"type":"HORIZONTAL_DISTANCE","value":"@expr.d324_x","name":"x","id":4157,"geomIds":[4163,4268]}]])
[0m[0;32m[2026-09-16 12:57:02.895][VERB] RETURN: {"result":"$4273"}
[0m[2026-09-16 12:57:02.919][DEBUG] Build graphic in: 0ms
[0;32m[2026-09-16 12:57:02.926][VERB] COMMANDCALL: _C.SafeAPI.Execute(["v1.sketch.dimension",[{"type":"VERTICAL_DISTANCE","value":"@expr.d325_y","name":"y","id":4157,"geomIds":[4163,4268]}]])
[0m[0;32m[2026-09-16 12:57:02.946][VERB] RETURN: {"result":"$4277"}
[0m[2026-09-16 12:57:02.970][DEBUG] Build graphic in: 0ms
[0;32m[2026-09-16 12:57:02.976][VERB] COMMANDCALL: _C.SafeAPI.Execute(["v1.sketch.dimension",[{"type":"HORIZONTAL_DISTANCE","value":"@expr.d326_x","name":"x","id":4157,"geomIds":[4163,4269]}]])
[0m[0;32m[2026-09-16 12:57:02.998][VERB] RETURN: {"result":"$4281"}
[0m[2026-09-16 12:57:03.022][DEBUG] Build graphic in: 1ms
[0;32m[2026-09-16 12:57:03.028][VERB] COMMANDCALL: _C.SafeAPI.Execute(["v1.sketch.dimension",[{"type":"VERTICAL_DISTANCE","value":"@expr.d327_y","name":"y","id":4157,"geomIds":[4163,4269]}]])
[0m[0;32m[2026-09-16 12:57:03.050][VERB] RETURN: {"result":"$4285"}
[0m[2026-09-16 12:57:03.074][DEBUG] Build graphic in: 0ms
[0;32m[2026-09-16 12:57:03.081][VERB] COMMANDCALL: _C.SafeAPI.Execute(["v1.sketch.line",[{"startPos":[1.6,61.9,0],"genIncidence":0,"genTangency":0,"genFixation":0,"genVertAndHoriz":0,"id":4157,"endPos":[1.6,23.5,0]}]])
[0m[0;32m[2026-09-16 12:57:03.092][VERB] RETURN: {"result":"$4287"}
[0m[2026-09-16 12:57:03.116][DEBUG] Build graphic in: 0ms
[0;32m[2026-09-16 12:57:03.122][VERB] COMMANDCALL: _C.SafeAPI.Execute(["v1.sketch.getPoints",[{"id":4287}]])
[0m[0;32m[2026-09-16 12:57:03.123][VERB] RETURN: {"result":{"endId":"$4289","startId":"$4288"}}
[0m[0;32m[2026-09-16 12:57:03.151][VERB] COMMANDCALL: _C.SafeAPI.Execute(["v1.sketch.dimension",[{"type":"HORIZONTAL_DISTANCE","value":"@expr.d328_x","name":"x","id":4157,"geomIds":[4163,4288]}]])
[0m[0;32m[2026-09-16 12:57:03.174][VERB] RETURN: {"result":"$4293"}
[0m[2026-09-16 12:57:03.199][DEBUG] Build graphic in: 1ms
[0;32m[2026-09-16 12:57:03.205][VERB] COMMANDCALL: _C.SafeAPI.Execute(["v1.sketch.dimension",[{"type":"VERTICAL_DISTANCE","value":"@expr.d329_y","name":"y","id":4157,"geomIds":[4163,4288]}]])
[0m[0;32m[2026-09-16 12:57:03.228][VERB] RETURN: {"result":"$4297"}
[0m[2026-09-16 12:57:03.252][DEBUG] Build graphic in: 0ms
[0;32m[2026-09-16 12:57:03.258][VERB] COMMANDCALL: _C.SafeAPI.Execute(["v1.sketch.dimension",[{"type":"HORIZONTAL_DISTANCE","value":"@expr.d330_x","name":"x","id":4157,"geomIds":[4163,4289]}]])
[0m[0;32m[2026-09-16 12:57:03.283][VERB] RETURN: {"result":"$4301"}
[0m[2026-09-16 12:57:03.306][DEBUG] Build graphic in: 0ms
[0;32m[2026-09-16 12:57:03.313][VERB] COMMANDCALL: _C.SafeAPI.Execute(["v1.sketch.dimension",[{"type":"VERTICAL_DISTANCE","value":"@expr.d331_y","name":"y","id":4157,"geomIds":[4163,4289]}]])
[0m[0;32m[2026-09-16 12:57:03.338][VERB] RETURN: {"result":"$4305"}
[0m[2026-09-16 12:57:03.362][DEBUG] Build graphic in: 0ms
[0;32m[2026-09-16 12:57:03.369][VERB] COMMANDCALL: _C.SafeAPI.Execute(["v1.sketch.line",[{"startPos":[1.6,23.5,0],"genIncidence":0,"genTangency":0,"genFixation":0,"genVertAndHoriz":0,"id":4157,"endPos":[2.1,23,0]}]])
[0m[0;32m[2026-09-16 12:57:03.381][VERB] RETURN: {"result":"$4307"}
[0m[2026-09-16 12:57:03.406][DEBUG] Build graphic in: 1ms
[0;32m[2026-09-16 12:57:03.412][VERB] COMMANDCALL: _C.SafeAPI.Execute(["v1.sketch.getPoints",[{"id":4307}]])
[0m[0;32m[2026-09-16 12:57:03.412][VERB] RETURN: {"result":{"endId":"$4309","startId":"$4308"}}
[0m[0;32m[2026-09-16 12:57:03.441][VERB] COMMANDCALL: _C.SafeAPI.Execute(["v1.sketch.dimension",[{"type":"HORIZONTAL_DISTANCE","value":"@expr.d332_x","name":"x","id":4157,"geomIds":[4163,4308]}]])
[0m[0;32m[2026-09-16 12:57:03.468][VERB] RETURN: {"result":"$4313"}
[0m[2026-09-16 12:57:03.492][DEBUG] Build graphic in: 0ms
[0;32m[2026-09-16 12:57:03.498][VERB] COMMANDCALL: _C.SafeAPI.Execute(["v1.sketch.dimension",[{"type":"VERTICAL_DISTANCE","value":"@expr.d333_y","name":"y","id":4157,"geomIds":[4163,4308]}]])
[0m[0;32m[2026-09-16 12:57:03.524][VERB] RETURN: {"result":"$4317"}
[0m[2026-09-16 12:57:03.548][DEBUG] Build graphic in: 0ms
[0;32m[2026-09-16 12:57:03.554][VERB] COMMANDCALL: _C.SafeAPI.Execute(["v1.sketch.dimension",[{"type":"HORIZONTAL_DISTANCE","value":"@expr.d334_x","name":"x","id":4157,"geomIds":[4163,4309]}]])
[0m[0;32m[2026-09-16 12:57:03.581][VERB] RETURN: {"result":"$4321"}
[0m[2026-09-16 12:57:03.606][DEBUG] Build graphic in: 1ms
[0;32m[2026-09-16 12:57:03.612][VERB] COMMANDCALL: _C.SafeAPI.Execute(["v1.sketch.dimension",[{"type":"VERTICAL_DISTANCE","value":"@expr.d335_y","name":"y","id":4157,"geomIds":[4163,4309]}]])
[0m[0;32m[2026-09-16 12:57:03.640][VERB] RETURN: {"result":"$4325"}
[0m[2026-09-16 12:57:03.664][DEBUG] Build graphic in: 1ms
[0;32m[2026-09-16 12:57:03.670][VERB] COMMANDCALL: _C.SafeAPI.Execute(["v1.part.extrusion",[{"references":[4167,4187,4207,4227,4247,4267,4287,4307],"name":"F303_chamfer_shell_skin_py_17_middle","taperAngle":0,"limit2":"@expr.d336_height","id":4}]])
[0m[0;32m[2026-09-16 12:57:03.676][VERB] RETURN: {"result":"$4329"}
[0m[2026-09-16 12:57:03.701][DEBUG] Build graphic in: 1ms
[0;32m[2026-09-16 12:57:03.707][VERB] COMMANDCALL: _C.SafeAPI.Execute(["v1.part.translation",[{"references":[34],"name":"F303_chamfer_shell_skin_py_17_middle_2","id":4,"targets":[4329],"distance":"@expr.d337_position"}]])
[0m[0;32m[2026-09-16 12:57:03.712][VERB] RETURN: {"result":"$4400"}
[0m[2026-09-16 12:57:03.736][DEBUG] Build graphic in: 1ms
[0;32m[2026-09-16 12:57:03.742][VERB] COMMANDCALL: _C.SafeAPI.Execute(["v1.part.extrusion",[{"references":[4167,4187,4207,4227,4247,4267,4287,4307],"name":"F303_chamfer_shell_skin_py_17_bottom","taperAngle":0.78539816339745,"limit2":"@expr.d338_bevel_height","id":4}]])
[0m[0;32m[2026-09-16 12:57:03.751][VERB] RETURN: {"result":"$4411"}
[0m[2026-09-16 12:57:03.774][DEBUG] Build graphic in: 0ms
[0;32m[2026-09-16 12:57:03.781][VERB] COMMANDCALL: _C.SafeAPI.Execute(["v1.part.translation",[{"references":[34],"name":"F303_chamfer_shell_skin_py_17_bottom_2","id":4,"targets":[4411],"distance":"@expr.d339_position"}]])
[0m[0;32m[2026-09-16 12:57:03.785][VERB] RETURN: {"result":"$4474"}
[0m[2026-09-16 12:57:03.809][DEBUG] Build graphic in: 0ms
[0;32m[2026-09-16 12:57:03.816][VERB] COMMANDCALL: _C.SafeAPI.Execute(["v1.part.extrusion",[{"references":[4167,4187,4207,4227,4247,4267,4287,4307],"name":"F303_chamfer_shell_skin_py_17_top","taperAngle":0.78539816339745,"limit2":"@expr.d340_bevel_height","id":4}]])
[0m[0;32m[2026-09-16 12:57:03.824][VERB] RETURN: {"result":"$4485"}
[0m[2026-09-16 12:57:03.849][DEBUG] Build graphic in: 0ms
[0;32m[2026-09-16 12:57:03.856][VERB] COMMANDCALL: _C.SafeAPI.Execute(["v1.part.translation",[{"references":[34],"name":"F303_chamfer_shell_skin_py_17_top_2","id":4,"targets":[4485],"distance":"@expr.d341_position"}]])
[0m[0;32m[2026-09-16 12:57:03.860][VERB] RETURN: {"result":"$4548"}
[0m[2026-09-16 12:57:03.885][DEBUG] Build graphic in: 1ms
[0;32m[2026-09-16 12:57:03.891][VERB] COMMANDCALL: _C.SafeAPI.Execute(["v1.part.boolean",[{"type":"UNION","tools":[4474,4548],"target":4400,"name":"F303_chamfer_shell_skin_py_17","id":4}]])
[0m[0;32m[2026-09-16 12:57:03.914][VERB] RETURN: {"result":"$4559"}
[0m[2026-09-16 12:57:03.939][DEBUG] Build graphic in: 1ms
[0;32m[2026-09-16 12:57:03.946][VERB] COMMANDCALL: _C.SafeAPI.Execute(["v1.part.boolean",[{"type":"SUBTRACTION","tools":[4559],"target":3989,"name":"F63_cut_housing_shell_py_58_tool_1","id":4}]])
[0m[0;32m[2026-09-16 12:57:04.032][VERB] RETURN: {"result":"$4638"}
[0m[2026-09-16 12:57:04.082][DEBUG] Build graphic in: 25ms
[0;32m[2026-09-16 12:57:04.089][VERB] COMMANDCALL: _C.SafeAPI.Execute(["v1.sketch.create",[{"planeId":38,"name":"F342_chamfer_shell_skin_py_17_middle_profile","id":4}]])
[0m[0;32m[2026-09-16 12:57:04.091][VERB] RETURN: {"result":"$4787"}
[0m[2026-09-16 12:57:04.115][DEBUG] Build graphic in: 0ms
[0;32m[2026-09-16 12:57:04.121][VERB] COMMANDCALL: _C.SafeAPI.Execute(["v1.sketch.point",[{"pos":[-1000,-1000,0],"id":4787}]])
[0m[0;32m[2026-09-16 12:57:04.122][VERB] RETURN: {"result":"$4793"}
[0m[2026-09-16 12:57:04.146][DEBUG] Build graphic in: 0ms
[0;32m[2026-09-16 12:57:04.152][VERB] COMMANDCALL: _C.SafeAPI.Execute(["v1.sketch.constraint",[{"type":"FIXATION","id":4787,"geomIds":[4793]}]])
[0m[0;32m[2026-09-16 12:57:04.153][VERB] RETURN: {"result":"$4795"}
[0m[2026-09-16 12:57:04.177][DEBUG] Build graphic in: 0ms
[0;32m[2026-09-16 12:57:04.183][VERB] COMMANDCALL: _C.SafeAPI.Execute(["v1.sketch.line",[{"startPos":[49.5,1.6,0],"genIncidence":0,"genTangency":0,"genFixation":0,"genVertAndHoriz":0,"id":4787,"endPos":[88.1,1.6,0]}]])
[0m[0;32m[2026-09-16 12:57:04.184][VERB] RETURN: {"result":"$4797"}
[0m[2026-09-16 12:57:04.209][DEBUG] Build graphic in: 0ms
[0;32m[2026-09-16 12:57:04.215][VERB] COMMANDCALL: _C.SafeAPI.Execute(["v1.sketch.getPoints",[{"id":4797}]])
[0m[0;32m[2026-09-16 12:57:04.216][VERB] RETURN: {"result":{"endId":"$4799","startId":"$4798"}}
[0m[0;32m[2026-09-16 12:57:04.245][VERB] COMMANDCALL: _C.SafeAPI.Execute(["v1.sketch.dimension",[{"type":"HORIZONTAL_DISTANCE","value":"@expr.d343_x","name":"x","id":4787,"geomIds":[4793,4798]}]])
[0m[0;32m[2026-09-16 12:57:04.250][VERB] RETURN: {"result":"$4803"}
[0m[2026-09-16 12:57:04.275][DEBUG] Build graphic in: 0ms
[0;32m[2026-09-16 12:57:04.281][VERB] COMMANDCALL: _C.SafeAPI.Execute(["v1.sketch.dimension",[{"type":"VERTICAL_DISTANCE","value":"@expr.d344_y","name":"y","id":4787,"geomIds":[4793,4798]}]])
[0m[0;32m[2026-09-16 12:57:04.286][VERB] RETURN: {"result":"$4807"}
[0m[2026-09-16 12:57:04.310][DEBUG] Build graphic in: 0ms
[0;32m[2026-09-16 12:57:04.317][VERB] COMMANDCALL: _C.SafeAPI.Execute(["v1.sketch.dimension",[{"type":"HORIZONTAL_DISTANCE","value":"@expr.d345_x","name":"x","id":4787,"geomIds":[4793,4799]}]])
[0m[0;32m[2026-09-16 12:57:04.323][VERB] RETURN: {"result":"$4811"}
[0m[2026-09-16 12:57:04.347][DEBUG] Build graphic in: 0ms
[0;32m[2026-09-16 12:57:04.353][VERB] COMMANDCALL: _C.SafeAPI.Execute(["v1.sketch.dimension",[{"type":"VERTICAL_DISTANCE","value":"@expr.d346_y","name":"y","id":4787,"geomIds":[4793,4799]}]])
[0m[0;32m[2026-09-16 12:57:04.360][VERB] RETURN: {"result":"$4815"}
[0m[2026-09-16 12:57:04.385][DEBUG] Build graphic in: 0ms
[0;32m[2026-09-16 12:57:04.391][VERB] COMMANDCALL: _C.SafeAPI.Execute(["v1.sketch.line",[{"startPos":[88.1,1.6,0],"genIncidence":0,"genTangency":0,"genFixation":0,"genVertAndHoriz":0,"id":4787,"endPos":[88.6,2.1,0]}]])
[0m[0;32m[2026-09-16 12:57:04.395][VERB] RETURN: {"result":"$4817"}
[0m[2026-09-16 12:57:04.419][DEBUG] Build graphic in: 0ms
[0;32m[2026-09-16 12:57:04.425][VERB] COMMANDCALL: _C.SafeAPI.Execute(["v1.sketch.getPoints",[{"id":4817}]])
[0m[0;32m[2026-09-16 12:57:04.425][VERB] RETURN: {"result":{"endId":"$4819","startId":"$4818"}}
[0m[0;32m[2026-09-16 12:57:04.456][VERB] COMMANDCALL: _C.SafeAPI.Execute(["v1.sketch.dimension",[{"type":"HORIZONTAL_DISTANCE","value":"@expr.d347_x","name":"x","id":4787,"geomIds":[4793,4818]}]])
[0m[0;32m[2026-09-16 12:57:04.464][VERB] RETURN: {"result":"$4823"}
[0m[2026-09-16 12:57:04.489][DEBUG] Build graphic in: 0ms
[0;32m[2026-09-16 12:57:04.495][VERB] COMMANDCALL: _C.SafeAPI.Execute(["v1.sketch.dimension",[{"type":"VERTICAL_DISTANCE","value":"@expr.d348_y","name":"y","id":4787,"geomIds":[4793,4818]}]])
[0m[0;32m[2026-09-16 12:57:04.504][VERB] RETURN: {"result":"$4827"}
[0m[2026-09-16 12:57:04.529][DEBUG] Build graphic in: 0ms
[0;32m[2026-09-16 12:57:04.535][VERB] COMMANDCALL: _C.SafeAPI.Execute(["v1.sketch.dimension",[{"type":"HORIZONTAL_DISTANCE","value":"@expr.d349_x","name":"x","id":4787,"geomIds":[4793,4819]}]])
[0m[0;32m[2026-09-16 12:57:04.544][VERB] RETURN: {"result":"$4831"}
[0m[2026-09-16 12:57:04.569][DEBUG] Build graphic in: 0ms
[0;32m[2026-09-16 12:57:04.575][VERB] COMMANDCALL: _C.SafeAPI.Execute(["v1.sketch.dimension",[{"type":"VERTICAL_DISTANCE","value":"@expr.d350_y","name":"y","id":4787,"geomIds":[4793,4819]}]])
[0m[0;32m[2026-09-16 12:57:04.585][VERB] RETURN: {"result":"$4835"}
[0m[2026-09-16 12:57:04.610][DEBUG] Build graphic in: 0ms
[0;32m[2026-09-16 12:57:04.616][VERB] COMMANDCALL: _C.SafeAPI.Execute(["v1.sketch.line",[{"startPos":[88.6,2.1,0],"genIncidence":0,"genTangency":0,"genFixation":0,"genVertAndHoriz":0,"id":4787,"endPos":[88.6,37.4,0]}]])
[0m[0;32m[2026-09-16 12:57:04.621][VERB] RETURN: {"result":"$4837"}
[0m[2026-09-16 12:57:04.646][DEBUG] Build graphic in: 0ms
[0;32m[2026-09-16 12:57:04.652][VERB] COMMANDCALL: _C.SafeAPI.Execute(["v1.sketch.getPoints",[{"id":4837}]])
[0m[0;32m[2026-09-16 12:57:04.652][VERB] RETURN: {"result":{"endId":"$4839","startId":"$4838"}}
[0m[0;32m[2026-09-16 12:57:04.683][VERB] COMMANDCALL: _C.SafeAPI.Execute(["v1.sketch.dimension",[{"type":"HORIZONTAL_DISTANCE","value":"@expr.d351_x","name":"x","id":4787,"geomIds":[4793,4838]}]])
[0m[0;32m[2026-09-16 12:57:04.693][VERB] RETURN: {"result":"$4843"}
[0m[2026-09-16 12:57:04.718][DEBUG] Build graphic in: 0ms
[0;32m[2026-09-16 12:57:04.725][VERB] COMMANDCALL: _C.SafeAPI.Execute(["v1.sketch.dimension",[{"type":"VERTICAL_DISTANCE","value":"@expr.d352_y","name":"y","id":4787,"geomIds":[4793,4838]}]])
[0m[0;32m[2026-09-16 12:57:04.736][VERB] RETURN: {"result":"$4847"}
[0m[2026-09-16 12:57:04.761][DEBUG] Build graphic in: 0ms
[0;32m[2026-09-16 12:57:04.767][VERB] COMMANDCALL: _C.SafeAPI.Execute(["v1.sketch.dimension",[{"type":"HORIZONTAL_DISTANCE","value":"@expr.d353_x","name":"x","id":4787,"geomIds":[4793,4839]}]])
[0m[0;32m[2026-09-16 12:57:04.779][VERB] RETURN: {"result":"$4851"}
[0m[2026-09-16 12:57:04.804][DEBUG] Build graphic in: 0ms
[0;32m[2026-09-16 12:57:04.810][VERB] COMMANDCALL: _C.SafeAPI.Execute(["v1.sketch.dimension",[{"type":"VERTICAL_DISTANCE","value":"@expr.d354_y","name":"y","id":4787,"geomIds":[4793,4839]}]])
[0m[0;32m[2026-09-16 12:57:04.823][VERB] RETURN: {"result":"$4855"}
[0m[2026-09-16 12:57:04.848][DEBUG] Build graphic in: 0ms
[0;32m[2026-09-16 12:57:04.854][VERB] COMMANDCALL: _C.SafeAPI.Execute(["v1.sketch.line",[{"startPos":[88.6,37.4,0],"genIncidence":0,"genTangency":0,"genFixation":0,"genVertAndHoriz":0,"id":4787,"endPos":[88.1,37.9,0]}]])
[0m[0;32m[2026-09-16 12:57:04.860][VERB] RETURN: {"result":"$4857"}
[0m[2026-09-16 12:57:04.886][DEBUG] Build graphic in: 1ms
[0;32m[2026-09-16 12:57:04.892][VERB] COMMANDCALL: _C.SafeAPI.Execute(["v1.sketch.getPoints",[{"id":4857}]])
[0m[0;32m[2026-09-16 12:57:04.892][VERB] RETURN: {"result":{"endId":"$4859","startId":"$4858"}}
[0m[0;32m[2026-09-16 12:57:04.923][VERB] COMMANDCALL: _C.SafeAPI.Execute(["v1.sketch.dimension",[{"type":"HORIZONTAL_DISTANCE","value":"@expr.d355_x","name":"x","id":4787,"geomIds":[4793,4858]}]])
[0m[0;32m[2026-09-16 12:57:04.936][VERB] RETURN: {"result":"$4863"}
[0m[2026-09-16 12:57:04.961][DEBUG] Build graphic in: 0ms
[0;32m[2026-09-16 12:57:04.967][VERB] COMMANDCALL: _C.SafeAPI.Execute(["v1.sketch.dimension",[{"type":"VERTICAL_DISTANCE","value":"@expr.d356_y","name":"y","id":4787,"geomIds":[4793,4858]}]])
[0m[0;32m[2026-09-16 12:57:04.982][VERB] RETURN: {"result":"$4867"}
[0m[2026-09-16 12:57:05.007][DEBUG] Build graphic in: 0ms
[0;32m[2026-09-16 12:57:05.014][VERB] COMMANDCALL: _C.SafeAPI.Execute(["v1.sketch.dimension",[{"type":"HORIZONTAL_DISTANCE","value":"@expr.d357_x","name":"x","id":4787,"geomIds":[4793,4859]}]])
[0m[0;32m[2026-09-16 12:57:05.028][VERB] RETURN: {"result":"$4871"}
[0m[2026-09-16 12:57:05.054][DEBUG] Build graphic in: 0ms
[0;32m[2026-09-16 12:57:05.061][VERB] COMMANDCALL: _C.SafeAPI.Execute(["v1.sketch.dimension",[{"type":"VERTICAL_DISTANCE","value":"@expr.d358_y","name":"y","id":4787,"geomIds":[4793,4859]}]])
[0m[0;32m[2026-09-16 12:57:05.077][VERB] RETURN: {"result":"$4875"}
[0m[2026-09-16 12:57:05.103][DEBUG] Build graphic in: 1ms
[0;32m[2026-09-16 12:57:05.109][VERB] COMMANDCALL: _C.SafeAPI.Execute(["v1.sketch.line",[{"startPos":[88.1,37.9,0],"genIncidence":0,"genTangency":0,"genFixation":0,"genVertAndHoriz":0,"id":4787,"endPos":[49.5,37.9,0]}]])
[0m[0;32m[2026-09-16 12:57:05.117][VERB] RETURN: {"result":"$4877"}
[0m[2026-09-16 12:57:05.143][DEBUG] Build graphic in: 0ms
[0;32m[2026-09-16 12:57:05.150][VERB] COMMANDCALL: _C.SafeAPI.Execute(["v1.sketch.getPoints",[{"id":4877}]])
[0m[0;32m[2026-09-16 12:57:05.150][VERB] RETURN: {"result":{"endId":"$4879","startId":"$4878"}}
[0m[0;32m[2026-09-16 12:57:05.182][VERB] COMMANDCALL: _C.SafeAPI.Execute(["v1.sketch.dimension",[{"type":"HORIZONTAL_DISTANCE","value":"@expr.d359_x","name":"x","id":4787,"geomIds":[4793,4878]}]])
[0m[0;32m[2026-09-16 12:57:05.198][VERB] RETURN: {"result":"$4883"}
[0m[2026-09-16 12:57:05.224][DEBUG] Build graphic in: 0ms
[0;32m[2026-09-16 12:57:05.231][VERB] COMMANDCALL: _C.SafeAPI.Execute(["v1.sketch.dimension",[{"type":"VERTICAL_DISTANCE","value":"@expr.d360_y","name":"y","id":4787,"geomIds":[4793,4878]}]])
[0m[0;32m[2026-09-16 12:57:05.248][VERB] RETURN: {"result":"$4887"}
[0m[2026-09-16 12:57:05.274][DEBUG] Build graphic in: 0ms
[0;32m[2026-09-16 12:57:05.281][VERB] COMMANDCALL: _C.SafeAPI.Execute(["v1.sketch.dimension",[{"type":"HORIZONTAL_DISTANCE","value":"@expr.d361_x","name":"x","id":4787,"geomIds":[4793,4879]}]])
[0m[0;32m[2026-09-16 12:57:05.299][VERB] RETURN: {"result":"$4891"}
[0m[2026-09-16 12:57:05.325][DEBUG] Build graphic in: 0ms
[0;32m[2026-09-16 12:57:05.331][VERB] COMMANDCALL: _C.SafeAPI.Execute(["v1.sketch.dimension",[{"type":"VERTICAL_DISTANCE","value":"@expr.d362_y","name":"y","id":4787,"geomIds":[4793,4879]}]])
[0m[0;32m[2026-09-16 12:57:05.350][VERB] RETURN: {"result":"$4895"}
[0m[2026-09-16 12:57:05.376][DEBUG] Build graphic in: 0ms
[0;32m[2026-09-16 12:57:05.383][VERB] COMMANDCALL: _C.SafeAPI.Execute(["v1.sketch.line",[{"startPos":[49.5,37.9,0],"genIncidence":0,"genTangency":0,"genFixation":0,"genVertAndHoriz":0,"id":4787,"endPos":[49,37.4,0]}]])
[0m[0;32m[2026-09-16 12:57:05.392][VERB] RETURN: {"result":"$4897"}
[0m[2026-09-16 12:57:05.417][DEBUG] Build graphic in: 0ms
[0;32m[2026-09-16 12:57:05.424][VERB] COMMANDCALL: _C.SafeAPI.Execute(["v1.sketch.getPoints",[{"id":4897}]])
[0m[0;32m[2026-09-16 12:57:05.424][VERB] RETURN: {"result":{"endId":"$4899","startId":"$4898"}}
[0m[0;32m[2026-09-16 12:57:05.456][VERB] COMMANDCALL: _C.SafeAPI.Execute(["v1.sketch.dimension",[{"type":"HORIZONTAL_DISTANCE","value":"@expr.d363_x","name":"x","id":4787,"geomIds":[4793,4898]}]])
[0m[0;32m[2026-09-16 12:57:05.475][VERB] RETURN: {"result":"$4903"}
[0m[2026-09-16 12:57:05.501][DEBUG] Build graphic in: 0ms
[0;32m[2026-09-16 12:57:05.508][VERB] COMMANDCALL: _C.SafeAPI.Execute(["v1.sketch.dimension",[{"type":"VERTICAL_DISTANCE","value":"@expr.d364_y","name":"y","id":4787,"geomIds":[4793,4898]}]])
[0m[0;32m[2026-09-16 12:57:05.528][VERB] RETURN: {"result":"$4907"}
[0m[2026-09-16 12:57:05.554][DEBUG] Build graphic in: 0ms
[0;32m[2026-09-16 12:57:05.561][VERB] COMMANDCALL: _C.SafeAPI.Execute(["v1.sketch.dimension",[{"type":"HORIZONTAL_DISTANCE","value":"@expr.d365_x","name":"x","id":4787,"geomIds":[4793,4899]}]])
[0m[0;32m[2026-09-16 12:57:05.582][VERB] RETURN: {"result":"$4911"}
[0m[2026-09-16 12:57:05.608][DEBUG] Build graphic in: 0ms
[0;32m[2026-09-16 12:57:05.615][VERB] COMMANDCALL: _C.SafeAPI.Execute(["v1.sketch.dimension",[{"type":"VERTICAL_DISTANCE","value":"@expr.d366_y","name":"y","id":4787,"geomIds":[4793,4899]}]])
[0m[0;32m[2026-09-16 12:57:05.637][VERB] RETURN: {"result":"$4915"}
[0m[2026-09-16 12:57:05.664][DEBUG] Build graphic in: 1ms
[0;32m[2026-09-16 12:57:05.670][VERB] COMMANDCALL: _C.SafeAPI.Execute(["v1.sketch.line",[{"startPos":[49,37.4,0],"genIncidence":0,"genTangency":0,"genFixation":0,"genVertAndHoriz":0,"id":4787,"endPos":[49,2.1,0]}]])
[0m[0;32m[2026-09-16 12:57:05.683][VERB] RETURN: {"result":"$4917"}
[0m[2026-09-16 12:57:05.709][DEBUG] Build graphic in: 1ms
[0;32m[2026-09-16 12:57:05.715][VERB] COMMANDCALL: _C.SafeAPI.Execute(["v1.sketch.getPoints",[{"id":4917}]])
[0m[0;32m[2026-09-16 12:57:05.715][VERB] RETURN: {"result":{"endId":"$4919","startId":"$4918"}}
[0m[0;32m[2026-09-16 12:57:05.747][VERB] COMMANDCALL: _C.SafeAPI.Execute(["v1.sketch.dimension",[{"type":"HORIZONTAL_DISTANCE","value":"@expr.d367_x","name":"x","id":4787,"geomIds":[4793,4918]}]])
[0m[0;32m[2026-09-16 12:57:05.770][VERB] RETURN: {"result":"$4923"}
[0m[2026-09-16 12:57:05.797][DEBUG] Build graphic in: 0ms
[0;32m[2026-09-16 12:57:05.804][VERB] COMMANDCALL: _C.SafeAPI.Execute(["v1.sketch.dimension",[{"type":"VERTICAL_DISTANCE","value":"@expr.d368_y","name":"y","id":4787,"geomIds":[4793,4918]}]])
[0m[0;32m[2026-09-16 12:57:05.827][VERB] RETURN: {"result":"$4927"}
[0m[2026-09-16 12:57:05.853][DEBUG] Build graphic in: 1ms
[0;32m[2026-09-16 12:57:05.860][VERB] COMMANDCALL: _C.SafeAPI.Execute(["v1.sketch.dimension",[{"type":"HORIZONTAL_DISTANCE","value":"@expr.d369_x","name":"x","id":4787,"geomIds":[4793,4919]}]])
[0m[0;32m[2026-09-16 12:57:05.884][VERB] RETURN: {"result":"$4931"}
[0m[2026-09-16 12:57:05.910][DEBUG] Build graphic in: 0ms
[0;32m[2026-09-16 12:57:05.917][VERB] COMMANDCALL: _C.SafeAPI.Execute(["v1.sketch.dimension",[{"type":"VERTICAL_DISTANCE","value":"@expr.d370_y","name":"y","id":4787,"geomIds":[4793,4919]}]])
[0m[0;32m[2026-09-16 12:57:05.942][VERB] RETURN: {"result":"$4935"}
[0m[2026-09-16 12:57:05.969][DEBUG] Build graphic in: 1ms
[0;32m[2026-09-16 12:57:05.975][VERB] COMMANDCALL: _C.SafeAPI.Execute(["v1.sketch.line",[{"startPos":[49,2.1,0],"genIncidence":0,"genTangency":0,"genFixation":0,"genVertAndHoriz":0,"id":4787,"endPos":[49.5,1.6,0]}]])
[0m[0;32m[2026-09-16 12:57:05.988][VERB] RETURN: {"result":"$4937"}
[0m[2026-09-16 12:57:06.015][DEBUG] Build graphic in: 1ms
[0;32m[2026-09-16 12:57:06.021][VERB] COMMANDCALL: _C.SafeAPI.Execute(["v1.sketch.getPoints",[{"id":4937}]])
[0m[0;32m[2026-09-16 12:57:06.022][VERB] RETURN: {"result":{"endId":"$4939","startId":"$4938"}}
[0m[0;32m[2026-09-16 12:57:06.054][VERB] COMMANDCALL: _C.SafeAPI.Execute(["v1.sketch.dimension",[{"type":"HORIZONTAL_DISTANCE","value":"@expr.d371_x","name":"x","id":4787,"geomIds":[4793,4938]}]])
[0m[0;32m[2026-09-16 12:57:06.080][VERB] RETURN: {"result":"$4943"}
[0m[2026-09-16 12:57:06.106][DEBUG] Build graphic in: 1ms
[0;32m[2026-09-16 12:57:06.113][VERB] COMMANDCALL: _C.SafeAPI.Execute(["v1.sketch.dimension",[{"type":"VERTICAL_DISTANCE","value":"@expr.d372_y","name":"y","id":4787,"geomIds":[4793,4938]}]])
[0m[0;32m[2026-09-16 12:57:06.139][VERB] RETURN: {"result":"$4947"}
[0m[2026-09-16 12:57:06.166][DEBUG] Build graphic in: 1ms
[0;32m[2026-09-16 12:57:06.173][VERB] COMMANDCALL: _C.SafeAPI.Execute(["v1.sketch.dimension",[{"type":"HORIZONTAL_DISTANCE","value":"@expr.d373_x","name":"x","id":4787,"geomIds":[4793,4939]}]])
[0m[0;32m[2026-09-16 12:57:06.200][VERB] RETURN: {"result":"$4951"}
[0m[2026-09-16 12:57:06.227][DEBUG] Build graphic in: 0ms
[0;32m[2026-09-16 12:57:06.234][VERB] COMMANDCALL: _C.SafeAPI.Execute(["v1.sketch.dimension",[{"type":"VERTICAL_DISTANCE","value":"@expr.d374_y","name":"y","id":4787,"geomIds":[4793,4939]}]])
[0m[0;32m[2026-09-16 12:57:06.263][VERB] RETURN: {"result":"$4955"}
[0m[2026-09-16 12:57:06.290][DEBUG] Build graphic in: 1ms
[0;32m[2026-09-16 12:57:06.297][VERB] COMMANDCALL: _C.SafeAPI.Execute(["v1.part.extrusion",[{"references":[4797,4817,4837,4857,4877,4897,4917,4937],"name":"F342_chamfer_shell_skin_py_17_middle","taperAngle":0,"limit2":"@expr.d375_height","id":4}]])
[0m[0;32m[2026-09-16 12:57:06.303][VERB] RETURN: {"result":"$4959"}
[0m[2026-09-16 12:57:06.329][DEBUG] Build graphic in: 1ms
[0;32m[2026-09-16 12:57:06.335][VERB] COMMANDCALL: _C.SafeAPI.Execute(["v1.part.translation",[{"references":[34],"name":"F342_chamfer_shell_skin_py_17_middle_2","id":4,"targets":[4959],"distance":"@expr.d376_position"}]])
[0m[0;32m[2026-09-16 12:57:06.340][VERB] RETURN: {"result":"$5030"}
[0m[2026-09-16 12:57:06.367][DEBUG] Build graphic in: 1ms
[0;32m[2026-09-16 12:57:06.373][VERB] COMMANDCALL: _C.SafeAPI.Execute(["v1.part.extrusion",[{"references":[4797,4817,4837,4857,4877,4897,4917,4937],"name":"F342_chamfer_shell_skin_py_17_bottom","taperAngle":0.78539816339745,"limit2":"@expr.d377_bevel_height","id":4}]])
[0m[0;32m[2026-09-16 12:57:06.382][VERB] RETURN: {"result":"$5041"}
[0m[2026-09-16 12:57:06.408][DEBUG] Build graphic in: 0ms
[0;32m[2026-09-16 12:57:06.415][VERB] COMMANDCALL: _C.SafeAPI.Execute(["v1.part.translation",[{"references":[34],"name":"F342_chamfer_shell_skin_py_17_bottom_2","id":4,"targets":[5041],"distance":"@expr.d378_position"}]])
[0m[0;32m[2026-09-16 12:57:06.419][VERB] RETURN: {"result":"$5104"}
[0m[2026-09-16 12:57:06.446][DEBUG] Build graphic in: 1ms
[0;32m[2026-09-16 12:57:06.452][VERB] COMMANDCALL: _C.SafeAPI.Execute(["v1.part.extrusion",[{"references":[4797,4817,4837,4857,4877,4897,4917,4937],"name":"F342_chamfer_shell_skin_py_17_top","taperAngle":0.78539816339745,"limit2":"@expr.d379_bevel_height","id":4}]])
[0m[0;32m[2026-09-16 12:57:06.462][VERB] RETURN: {"result":"$5115"}
[0m[2026-09-16 12:57:06.488][DEBUG] Build graphic in: 0ms
[0;32m[2026-09-16 12:57:06.495][VERB] COMMANDCALL: _C.SafeAPI.Execute(["v1.part.translation",[{"references":[34],"name":"F342_chamfer_shell_skin_py_17_top_2","id":4,"targets":[5115],"distance":"@expr.d380_position"}]])
[0m[0;32m[2026-09-16 12:57:06.500][VERB] RETURN: {"result":"$5178"}
[0m[2026-09-16 12:57:06.525][DEBUG] Build graphic in: 0ms
[0;32m[2026-09-16 12:57:06.532][VERB] COMMANDCALL: _C.SafeAPI.Execute(["v1.part.boolean",[{"type":"UNION","tools":[5104,5178],"target":5030,"name":"F342_chamfer_shell_skin_py_17","id":4}]])
[0m[0;32m[2026-09-16 12:57:06.555][VERB] RETURN: {"result":"$5189"}
[0m[2026-09-16 12:57:06.583][DEBUG] Build graphic in: 1ms
[0;32m[2026-09-16 12:57:06.590][VERB] COMMANDCALL: _C.SafeAPI.Execute(["v1.part.boolean",[{"type":"SUBTRACTION","tools":[5189],"target":4638,"name":"F63_cut_housing_shell_py_58_tool_2","id":4}]])
[0m[0;32m[2026-09-16 12:57:06.690][VERB] RETURN: {"result":"$5268"}
[0m[2026-09-16 12:57:06.741][DEBUG] Build graphic in: 25ms
[0;32m[2026-09-16 12:57:06.748][VERB] COMMANDCALL: _C.SafeAPI.Execute(["v1.part.workPlane",[{"type":"PLANE","references":[38],"name":"F383_makeBox_cad_primitives_py_8_plane","offset":"@expr.d384_plane_offset","id":4}]])
[0m[0;32m[2026-09-16 12:57:06.753][VERB] RETURN: {"result":"$5413"}
[0m[2026-09-16 12:57:06.779][DEBUG] Build graphic in: 0ms
[0;32m[2026-09-16 12:57:06.785][VERB] COMMANDCALL: _C.SafeAPI.Execute(["v1.sketch.create",[{"planeId":5413,"name":"F383_makeBox_cad_primitives_py_8_profile","id":4}]])
[0m[0;32m[2026-09-16 12:57:06.788][VERB] RETURN: {"result":"$5419"}
[0m[2026-09-16 12:57:06.815][DEBUG] Build graphic in: 0ms
[0;32m[2026-09-16 12:57:06.821][VERB] COMMANDCALL: _C.SafeAPI.Execute(["v1.sketch.rectangle",[{"startPos":[88.05,-7,0],"id":5419,"genFixation":0,"endPos":[92.5,5,0]}]])
[0m[0;32m[2026-09-16 12:57:06.828][VERB] RETURN: {"result":["$5425","$5429","$5435","$5441"]}
[0m[2026-09-16 12:57:06.855][DEBUG] Build graphic in: 0ms
[0;32m[2026-09-16 12:57:06.862][VERB] COMMANDCALL: _C.SafeAPI.Execute(["v1.sketch.getPoints",[{"id":5425}]])
[0m[0;32m[2026-09-16 12:57:06.862][VERB] RETURN: {"result":{"endId":"$5427","startId":"$5426"}}
[0m[0;32m[2026-09-16 12:57:06.894][VERB] COMMANDCALL: _C.SafeAPI.Execute(["v1.sketch.point",[{"pos":[-1000,-1000,0],"id":5419}]])
[0m[0;32m[2026-09-16 12:57:06.897][VERB] RETURN: {"result":"$5457"}
[0m[2026-09-16 12:57:06.923][DEBUG] Build graphic in: 0ms
[0;32m[2026-09-16 12:57:06.930][VERB] COMMANDCALL: _C.SafeAPI.Execute(["v1.sketch.constraint",[{"type":"FIXATION","id":5419,"geomIds":[5457]}]])
[0m[0;32m[2026-09-16 12:57:06.932][VERB] RETURN: {"result":"$5459"}
[0m[2026-09-16 12:57:06.958][DEBUG] Build graphic in: 0ms
[0;32m[2026-09-16 12:57:06.965][VERB] COMMANDCALL: _C.SafeAPI.Execute(["v1.sketch.dimension",[{"type":"HORIZONTAL_DISTANCE","value":"@expr.d385_position_x","name":"position_x","id":5419,"geomIds":[5457,5426]}]])
[0m[0;32m[2026-09-16 12:57:06.971][VERB] RETURN: {"result":"$5463"}
[0m[2026-09-16 12:57:06.998][DEBUG] Build graphic in: 0ms
[0;32m[2026-09-16 12:57:07.005][VERB] COMMANDCALL: _C.SafeAPI.Execute(["v1.sketch.dimension",[{"type":"VERTICAL_DISTANCE","value":"@expr.d386_position_y","name":"position_y","id":5419,"geomIds":[5457,5426]}]])
[0m[0;32m[2026-09-16 12:57:07.011][VERB] RETURN: {"result":"$5467"}
[0m[2026-09-16 12:57:07.039][DEBUG] Build graphic in: 0ms
[0;32m[2026-09-16 12:57:07.045][VERB] COMMANDCALL: _C.SafeAPI.Execute(["v1.sketch.dimension",[{"type":"OFFSET","value":"@expr.d387_width","name":"width","id":5419,"geomIds":[5425]}]])
[0m[0;32m[2026-09-16 12:57:07.053][VERB] RETURN: {"result":"$5471"}
[0m[2026-09-16 12:57:07.080][DEBUG] Build graphic in: 0ms
[0;32m[2026-09-16 12:57:07.087][VERB] COMMANDCALL: _C.SafeAPI.Execute(["v1.sketch.dimension",[{"type":"OFFSET","value":"@expr.d388_depth","name":"depth","id":5419,"geomIds":[5429]}]])
[0m[0;32m[2026-09-16 12:57:07.095][VERB] RETURN: {"result":"$5475"}
[0m[2026-09-16 12:57:07.122][DEBUG] Build graphic in: 0ms
[0;32m[2026-09-16 12:57:07.129][VERB] COMMANDCALL: _C.SafeAPI.Execute(["v1.part.extrusion",[{"references":[5425,5429,5435,5441],"name":"F383_makeBox_cad_primitives_py_8","taperAngle":0,"limit2":"@expr.d389_height","id":4}]])
[0m[0;32m[2026-09-16 12:57:07.135][VERB] RETURN: {"result":"$5479"}
[0m[2026-09-16 12:57:07.162][DEBUG] Build graphic in: 0ms
[0;32m[2026-09-16 12:57:07.169][VERB] COMMANDCALL: _C.SafeAPI.Execute(["v1.part.workPlane",[{"type":"PLANE","references":[38],"name":"F391_makeBox_cad_primitives_py_8_plane","offset":"@expr.d392_plane_offset","id":4}]])
[0m[0;32m[2026-09-16 12:57:07.173][VERB] RETURN: {"result":"$5522"}
[0m[2026-09-16 12:57:07.200][DEBUG] Build graphic in: 0ms
[0;32m[2026-09-16 12:57:07.206][VERB] COMMANDCALL: _C.SafeAPI.Execute(["v1.sketch.create",[{"planeId":5522,"name":"F391_makeBox_cad_primitives_py_8_profile","id":4}]])
[0m[0;32m[2026-09-16 12:57:07.208][VERB] RETURN: {"result":"$5528"}
[0m[2026-09-16 12:57:07.235][DEBUG] Build graphic in: 0ms
[0;32m[2026-09-16 12:57:07.242][VERB] COMMANDCALL: _C.SafeAPI.Execute(["v1.sketch.rectangle",[{"startPos":[85.35,-4,0],"id":5528,"genFixation":0,"endPos":[88.05,-1.3,0]}]])
[0m[0;32m[2026-09-16 12:57:07.249][VERB] RETURN: {"result":["$5534","$5538","$5544","$5550"]}
[0m[2026-09-16 12:57:07.275][DEBUG] Build graphic in: 0ms
[0;32m[2026-09-16 12:57:07.282][VERB] COMMANDCALL: _C.SafeAPI.Execute(["v1.sketch.getPoints",[{"id":5534}]])
[0m[0;32m[2026-09-16 12:57:07.282][VERB] RETURN: {"result":{"endId":"$5536","startId":"$5535"}}
[0m[0;32m[2026-09-16 12:57:07.317][VERB] COMMANDCALL: _C.SafeAPI.Execute(["v1.sketch.point",[{"pos":[-1000,-1000,0],"id":5528}]])
[0m[0;32m[2026-09-16 12:57:07.319][VERB] RETURN: {"result":"$5566"}
[0m[2026-09-16 12:57:07.346][DEBUG] Build graphic in: 0ms
[0;32m[2026-09-16 12:57:07.353][VERB] COMMANDCALL: _C.SafeAPI.Execute(["v1.sketch.constraint",[{"type":"FIXATION","id":5528,"geomIds":[5566]}]])
[0m[0;32m[2026-09-16 12:57:07.354][VERB] RETURN: {"result":"$5568"}
[0m[2026-09-16 12:57:07.381][DEBUG] Build graphic in: 0ms
[0;32m[2026-09-16 12:57:07.388][VERB] COMMANDCALL: _C.SafeAPI.Execute(["v1.sketch.dimension",[{"type":"HORIZONTAL_DISTANCE","value":"@expr.d393_position_x","name":"position_x","id":5528,"geomIds":[5566,5535]}]])
[0m[0;32m[2026-09-16 12:57:07.394][VERB] RETURN: {"result":"$5572"}
[0m[2026-09-16 12:57:07.422][DEBUG] Build graphic in: 1ms
[0;32m[2026-09-16 12:57:07.428][VERB] COMMANDCALL: _C.SafeAPI.Execute(["v1.sketch.dimension",[{"type":"VERTICAL_DISTANCE","value":"@expr.d394_position_y","name":"position_y","id":5528,"geomIds":[5566,5535]}]])
[0m[0;32m[2026-09-16 12:57:07.435][VERB] RETURN: {"result":"$5576"}
[0m[2026-09-16 12:57:07.462][DEBUG] Build graphic in: 0ms
[0;32m[2026-09-16 12:57:07.469][VERB] COMMANDCALL: _C.SafeAPI.Execute(["v1.sketch.dimension",[{"type":"OFFSET","value":"@expr.d395_width","name":"width","id":5528,"geomIds":[5534]}]])
[0m[0;32m[2026-09-16 12:57:07.476][VERB] RETURN: {"result":"$5580"}
[0m[2026-09-16 12:57:07.504][DEBUG] Build graphic in: 0ms
[0;32m[2026-09-16 12:57:07.511][VERB] COMMANDCALL: _C.SafeAPI.Execute(["v1.sketch.dimension",[{"type":"OFFSET","value":"@expr.d396_depth","name":"depth","id":5528,"geomIds":[5538]}]])
[0m[0;32m[2026-09-16 12:57:07.519][VERB] RETURN: {"result":"$5584"}
[0m[2026-09-16 12:57:07.547][DEBUG] Build graphic in: 0ms
[0;32m[2026-09-16 12:57:07.554][VERB] COMMANDCALL: _C.SafeAPI.Execute(["v1.part.extrusion",[{"references":[5534,5538,5544,5550],"name":"F391_makeBox_cad_primitives_py_8","taperAngle":0,"limit2":"@expr.d397_height","id":4}]])
[0m[0;32m[2026-09-16 12:57:07.559][VERB] RETURN: {"result":"$5588"}
[0m[2026-09-16 12:57:07.587][DEBUG] Build graphic in: 0ms
[0;32m[2026-09-16 12:57:07.594][VERB] COMMANDCALL: _C.SafeAPI.Execute(["v1.part.workPlane",[{"type":"PLANE","references":[38],"name":"F398_makeCylinder_cad_primitives_py_12_plane","offset":"@expr.d399_plane_offset","id":4}]])
[0m[0;32m[2026-09-16 12:57:07.598][VERB] RETURN: {"result":"$5631"}
[0m[2026-09-16 12:57:07.625][DEBUG] Build graphic in: 0ms
[0;32m[2026-09-16 12:57:07.632][VERB] COMMANDCALL: _C.SafeAPI.Execute(["v1.sketch.create",[{"planeId":5631,"name":"F398_makeCylinder_cad_primitives_py_12_profile","id":4}]])
[0m[0;32m[2026-09-16 12:57:07.634][VERB] RETURN: {"result":"$5637"}
[0m[2026-09-16 12:57:07.662][DEBUG] Build graphic in: 0ms
[0;32m[2026-09-16 12:57:07.669][VERB] COMMANDCALL: _C.SafeAPI.Execute(["v1.sketch.circle",[{"radius":2.7,"id":5637,"genFixation":0,"centerPos":[85.35,-4,0]}]])
[0m[0;32m[2026-09-16 12:57:07.670][VERB] RETURN: {"result":"$5643"}
[0m[2026-09-16 12:57:07.698][DEBUG] Build graphic in: 0ms
[0;32m[2026-09-16 12:57:07.705][VERB] COMMANDCALL: _C.SafeAPI.Execute(["v1.sketch.getPoints",[{"id":5643}]])
[0m[0;32m[2026-09-16 12:57:07.706][VERB] RETURN: {"result":{"centerId":"$5644"}}
[0m[0;32m[2026-09-16 12:57:07.740][VERB] COMMANDCALL: _C.SafeAPI.Execute(["v1.sketch.point",[{"pos":[-1000,-1000,0],"id":5637}]])
[0m[0;32m[2026-09-16 12:57:07.741][VERB] RETURN: {"result":"$5646"}
[0m[2026-09-16 12:57:07.769][DEBUG] Build graphic in: 0ms
[0;32m[2026-09-16 12:57:07.776][VERB] COMMANDCALL: _C.SafeAPI.Execute(["v1.sketch.constraint",[{"type":"FIXATION","id":5637,"geomIds":[5646]}]])
[0m[0;32m[2026-09-16 12:57:07.777][VERB] RETURN: {"result":"$5648"}
[0m[2026-09-16 12:57:07.805][DEBUG] Build graphic in: 0ms
[0;32m[2026-09-16 12:57:07.812][VERB] COMMANDCALL: _C.SafeAPI.Execute(["v1.sketch.dimension",[{"type":"HORIZONTAL_DISTANCE","value":"@expr.d400_position_x","name":"position_x","id":5637,"geomIds":[5646,5644]}]])
[0m[0;32m[2026-09-16 12:57:07.817][VERB] RETURN: {"result":"$5652"}
[0m[2026-09-16 12:57:07.845][DEBUG] Build graphic in: 0ms
[0;32m[2026-09-16 12:57:07.852][VERB] COMMANDCALL: _C.SafeAPI.Execute(["v1.sketch.dimension",[{"type":"VERTICAL_DISTANCE","value":"@expr.d401_position_y","name":"position_y","id":5637,"geomIds":[5646,5644]}]])
[0m[0;32m[2026-09-16 12:57:07.857][VERB] RETURN: {"result":"$5656"}
[0m[2026-09-16 12:57:07.885][DEBUG] Build graphic in: 0ms
[0;32m[2026-09-16 12:57:07.892][VERB] COMMANDCALL: _C.SafeAPI.Execute(["v1.sketch.dimension",[{"type":"RADIUS","value":"@expr.d402_radius","name":"radius","id":5637,"geomIds":[5643]}]])
[0m[0;32m[2026-09-16 12:57:07.898][VERB] RETURN: {"result":"$5660"}
[0m[2026-09-16 12:57:07.926][DEBUG] Build graphic in: 0ms
[0;32m[2026-09-16 12:57:07.933][VERB] COMMANDCALL: _C.SafeAPI.Execute(["v1.part.extrusion",[{"references":[5643],"name":"F398_makeCylinder_cad_primitives_py_12","taperAngle":0,"limit2":"@expr.d403_height","id":4}]])
[0m[0;32m[2026-09-16 12:57:07.939][VERB] RETURN: {"result":"$5664"}
[0m[2026-09-16 12:57:07.968][DEBUG] Build graphic in: 1ms
[0;32m[2026-09-16 12:57:07.976][VERB] COMMANDCALL: _C.SafeAPI.Execute(["v1.part.boolean",[{"type":"SUBTRACTION","tools":[5664],"target":5588,"name":"F390_cut_housing_shell_py_25","id":4}]])
[0m[0;32m[2026-09-16 12:57:07.982][VERB] RETURN: {"result":"$5686"}
[0m[2026-09-16 12:57:08.011][DEBUG] Build graphic in: 1ms
[0;32m[2026-09-16 12:57:08.018][VERB] COMMANDCALL: _C.SafeAPI.Execute(["v1.part.workPlane",[{"type":"PLANE","references":[38],"name":"F404_makeBox_cad_primitives_py_8_plane","offset":"@expr.d405_plane_offset","id":4}]])
[0m[0;32m[2026-09-16 12:57:08.023][VERB] RETURN: {"result":"$5704"}
[0m[2026-09-16 12:57:08.051][DEBUG] Build graphic in: 0ms
[0;32m[2026-09-16 12:57:08.058][VERB] COMMANDCALL: _C.SafeAPI.Execute(["v1.sketch.create",[{"planeId":5704,"name":"F404_makeBox_cad_primitives_py_8_profile","id":4}]])
[0m[0;32m[2026-09-16 12:57:08.060][VERB] RETURN: {"result":"$5710"}
[0m[2026-09-16 12:57:08.089][DEBUG] Build graphic in: 0ms
[0;32m[2026-09-16 12:57:08.096][VERB] COMMANDCALL: _C.SafeAPI.Execute(["v1.sketch.rectangle",[{"startPos":[88.05,30,0],"id":5710,"genFixation":0,"endPos":[92.5,41.3,0]}]])
[0m[0;32m[2026-09-16 12:57:08.102][VERB] RETURN: {"result":["$5716","$5720","$5726","$5732"]}
[0m[2026-09-16 12:57:08.131][DEBUG] Build graphic in: 0ms
[0;32m[2026-09-16 12:57:08.138][VERB] COMMANDCALL: _C.SafeAPI.Execute(["v1.sketch.getPoints",[{"id":5716}]])
[0m[0;32m[2026-09-16 12:57:08.138][VERB] RETURN: {"result":{"endId":"$5718","startId":"$5717"}}
[0m[0;32m[2026-09-16 12:57:08.173][VERB] COMMANDCALL: _C.SafeAPI.Execute(["v1.sketch.point",[{"pos":[-1000,-1000,0],"id":5710}]])
[0m[0;32m[2026-09-16 12:57:08.175][VERB] RETURN: {"result":"$5748"}
[0m[2026-09-16 12:57:08.204][DEBUG] Build graphic in: 0ms
[0;32m[2026-09-16 12:57:08.211][VERB] COMMANDCALL: _C.SafeAPI.Execute(["v1.sketch.constraint",[{"type":"FIXATION","id":5710,"geomIds":[5748]}]])
[0m[0;32m[2026-09-16 12:57:08.213][VERB] RETURN: {"result":"$5750"}
[0m[2026-09-16 12:57:08.241][DEBUG] Build graphic in: 0ms
[0;32m[2026-09-16 12:57:08.248][VERB] COMMANDCALL: _C.SafeAPI.Execute(["v1.sketch.dimension",[{"type":"HORIZONTAL_DISTANCE","value":"@expr.d406_position_x","name":"position_x","id":5710,"geomIds":[5748,5717]}]])
[0m[0;32m[2026-09-16 12:57:08.254][VERB] RETURN: {"result":"$5754"}
[0m[2026-09-16 12:57:08.283][DEBUG] Build graphic in: 0ms
[0;32m[2026-09-16 12:57:08.290][VERB] COMMANDCALL: _C.SafeAPI.Execute(["v1.sketch.dimension",[{"type":"VERTICAL_DISTANCE","value":"@expr.d407_position_y","name":"position_y","id":5710,"geomIds":[5748,5717]}]])
[0m[0;32m[2026-09-16 12:57:08.297][VERB] RETURN: {"result":"$5758"}
[0m[2026-09-16 12:57:08.325][DEBUG] Build graphic in: 0ms
[0;32m[2026-09-16 12:57:08.332][VERB] COMMANDCALL: _C.SafeAPI.Execute(["v1.sketch.dimension",[{"type":"OFFSET","value":"@expr.d408_width","name":"width","id":5710,"geomIds":[5716]}]])
[0m[0;32m[2026-09-16 12:57:08.340][VERB] RETURN: {"result":"$5762"}
[0m[2026-09-16 12:57:08.368][DEBUG] Build graphic in: 0ms
[0;32m[2026-09-16 12:57:08.375][VERB] COMMANDCALL: _C.SafeAPI.Execute(["v1.sketch.dimension",[{"type":"OFFSET","value":"@expr.d409_depth","name":"depth","id":5710,"geomIds":[5720]}]])
[0m[0;32m[2026-09-16 12:57:08.383][VERB] RETURN: {"result":"$5766"}
[0m[2026-09-16 12:57:08.412][DEBUG] Build graphic in: 0ms
[0;32m[2026-09-16 12:57:08.419][VERB] COMMANDCALL: _C.SafeAPI.Execute(["v1.part.extrusion",[{"references":[5716,5720,5726,5732],"name":"F404_makeBox_cad_primitives_py_8","taperAngle":0,"limit2":"@expr.d410_height","id":4}]])
[0m[0;32m[2026-09-16 12:57:08.425][VERB] RETURN: {"result":"$5770"}
[0m[2026-09-16 12:57:08.454][DEBUG] Build graphic in: 1ms
[0;32m[2026-09-16 12:57:08.461][VERB] COMMANDCALL: _C.SafeAPI.Execute(["v1.part.workPlane",[{"type":"PLANE","references":[38],"name":"F411_makeBox_cad_primitives_py_8_plane","offset":"@expr.d412_plane_offset","id":4}]])
[0m[0;32m[2026-09-16 12:57:08.465][VERB] RETURN: {"result":"$5813"}
[0m[2026-09-16 12:57:08.494][DEBUG] Build graphic in: 0ms
[0;32m[2026-09-16 12:57:08.501][VERB] COMMANDCALL: _C.SafeAPI.Execute(["v1.sketch.create",[{"planeId":5813,"name":"F411_makeBox_cad_primitives_py_8_profile","id":4}]])
[0m[0;32m[2026-09-16 12:57:08.503][VERB] RETURN: {"result":"$5819"}
[0m[2026-09-16 12:57:08.531][DEBUG] Build graphic in: 0ms
[0;32m[2026-09-16 12:57:08.538][VERB] COMMANDCALL: _C.SafeAPI.Execute(["v1.sketch.rectangle",[{"startPos":[88.05,30,0],"id":5819,"genFixation":0,"endPos":[92.5,38,0]}]])
[0m[0;32m[2026-09-16 12:57:08.545][VERB] RETURN: {"result":["$5825","$5829","$5835","$5841"]}
[0m[2026-09-16 12:57:08.574][DEBUG] Build graphic in: 0ms
[0;32m[2026-09-16 12:57:08.581][VERB] COMMANDCALL: _C.SafeAPI.Execute(["v1.sketch.getPoints",[{"id":5825}]])
[0m[0;32m[2026-09-16 12:57:08.581][VERB] RETURN: {"result":{"endId":"$5827","startId":"$5826"}}
[0m[0;32m[2026-09-16 12:57:08.617][VERB] COMMANDCALL: _C.SafeAPI.Execute(["v1.sketch.point",[{"pos":[-1000,-1000,0],"id":5819}]])
[0m[0;32m[2026-09-16 12:57:08.620][VERB] RETURN: {"result":"$5857"}
[0m[2026-09-16 12:57:08.649][DEBUG] Build graphic in: 0ms
[0;32m[2026-09-16 12:57:08.656][VERB] COMMANDCALL: _C.SafeAPI.Execute(["v1.sketch.constraint",[{"type":"FIXATION","id":5819,"geomIds":[5857]}]])
[0m[0;32m[2026-09-16 12:57:08.658][VERB] RETURN: {"result":"$5859"}
[0m[2026-09-16 12:57:08.686][DEBUG] Build graphic in: 0ms
[0;32m[2026-09-16 12:57:08.693][VERB] COMMANDCALL: _C.SafeAPI.Execute(["v1.sketch.dimension",[{"type":"HORIZONTAL_DISTANCE","value":"@expr.d413_position_x","name":"position_x","id":5819,"geomIds":[5857,5826]}]])
[0m[0;32m[2026-09-16 12:57:08.699][VERB] RETURN: {"result":"$5863"}
[0m[2026-09-16 12:57:08.728][DEBUG] Build graphic in: 0ms
[0;32m[2026-09-16 12:57:08.735][VERB] COMMANDCALL: _C.SafeAPI.Execute(["v1.sketch.dimension",[{"type":"VERTICAL_DISTANCE","value":"@expr.d414_position_y","name":"position_y","id":5819,"geomIds":[5857,5826]}]])
[0m[0;32m[2026-09-16 12:57:08.741][VERB] RETURN: {"result":"$5867"}
[0m[2026-09-16 12:57:08.771][DEBUG] Build graphic in: 0ms
[0;32m[2026-09-16 12:57:08.778][VERB] COMMANDCALL: _C.SafeAPI.Execute(["v1.sketch.dimension",[{"type":"OFFSET","value":"@expr.d415_width","name":"width","id":5819,"geomIds":[5825]}]])
[0m[0;32m[2026-09-16 12:57:08.786][VERB] RETURN: {"result":"$5871"}
[0m[2026-09-16 12:57:08.815][DEBUG] Build graphic in: 0ms
[0;32m[2026-09-16 12:57:08.822][VERB] COMMANDCALL: _C.SafeAPI.Execute(["v1.sketch.dimension",[{"type":"OFFSET","value":"@expr.d416_depth","name":"depth","id":5819,"geomIds":[5829]}]])
[0m[0;32m[2026-09-16 12:57:08.830][VERB] RETURN: {"result":"$5875"}
[0m[2026-09-16 12:57:08.860][DEBUG] Build graphic in: 1ms
[0;32m[2026-09-16 12:57:08.867][VERB] COMMANDCALL: _C.SafeAPI.Execute(["v1.part.extrusion",[{"references":[5825,5829,5835,5841],"name":"F411_makeBox_cad_primitives_py_8","taperAngle":0,"limit2":"@expr.d417_height","id":4}]])
[0m[0;32m[2026-09-16 12:57:08.873][VERB] RETURN: {"result":"$5879"}
[0m[2026-09-16 12:57:08.903][DEBUG] Build graphic in: 0ms
[0;32m[2026-09-16 12:57:08.910][VERB] COMMANDCALL: _C.SafeAPI.Execute(["v1.part.boolean",[{"type":"UNION","tools":[5686,5770,5879],"target":5479,"name":"F382_union_cad_primitives_py_17","id":4}]])
[0m[0;32m[2026-09-16 12:57:08.916][VERB] RETURN: {"result":"$5922"}
[0m[2026-09-16 12:57:08.947][DEBUG] Build graphic in: 1ms
[0;32m[2026-09-16 12:57:08.955][VERB] COMMANDCALL: _C.SafeAPI.Execute(["v1.part.workPlane",[{"type":"PLANE","references":[38],"name":"F420_makeBox_cad_primitives_py_8_plane","offset":"@expr.d421_plane_offset","id":4}]])
[0m[0;32m[2026-09-16 12:57:08.959][VERB] RETURN: {"result":"$6011"}
[0m[2026-09-16 12:57:08.988][DEBUG] Build graphic in: 0ms
[0;32m[2026-09-16 12:57:08.995][VERB] COMMANDCALL: _C.SafeAPI.Execute(["v1.sketch.create",[{"planeId":6011,"name":"F420_makeBox_cad_primitives_py_8_profile","id":4}]])
[0m[0;32m[2026-09-16 12:57:08.997][VERB] RETURN: {"result":"$6017"}
[0m[2026-09-16 12:57:09.027][DEBUG] Build graphic in: 0ms
[0;32m[2026-09-16 12:57:09.035][VERB] COMMANDCALL: _C.SafeAPI.Execute(["v1.sketch.rectangle",[{"startPos":[1.4,-1.3,0],"id":6017,"genFixation":0,"endPos":[52.4,27.3,0]}]])
[0m[0;32m[2026-09-16 12:57:09.041][VERB] RETURN: {"result":["$6023","$6027","$6033","$6039"]}
[0m[2026-09-16 12:57:09.071][DEBUG] Build graphic in: 0ms
[0;32m[2026-09-16 12:57:09.078][VERB] COMMANDCALL: _C.SafeAPI.Execute(["v1.sketch.getPoints",[{"id":6023}]])
[0m[0;32m[2026-09-16 12:57:09.078][VERB] RETURN: {"result":{"endId":"$6025","startId":"$6024"}}
[0m[0;32m[2026-09-16 12:57:09.115][VERB] COMMANDCALL: _C.SafeAPI.Execute(["v1.sketch.point",[{"pos":[-1000,-1000,0],"id":6017}]])
[0m[0;32m[2026-09-16 12:57:09.117][VERB] RETURN: {"result":"$6055"}
[0m[2026-09-16 12:57:09.147][DEBUG] Build graphic in: 0ms
[0;32m[2026-09-16 12:57:09.154][VERB] COMMANDCALL: _C.SafeAPI.Execute(["v1.sketch.constraint",[{"type":"FIXATION","id":6017,"geomIds":[6055]}]])
[0m[0;32m[2026-09-16 12:57:09.156][VERB] RETURN: {"result":"$6057"}
[0m[2026-09-16 12:57:09.186][DEBUG] Build graphic in: 0ms
[0;32m[2026-09-16 12:57:09.193][VERB] COMMANDCALL: _C.SafeAPI.Execute(["v1.sketch.dimension",[{"type":"HORIZONTAL_DISTANCE","value":"@expr.d422_position_x","name":"position_x","id":6017,"geomIds":[6055,6024]}]])
[0m[0;32m[2026-09-16 12:57:09.199][VERB] RETURN: {"result":"$6061"}
[0m[2026-09-16 12:57:09.230][DEBUG] Build graphic in: 0ms
[0;32m[2026-09-16 12:57:09.237][VERB] COMMANDCALL: _C.SafeAPI.Execute(["v1.sketch.dimension",[{"type":"VERTICAL_DISTANCE","value":"@expr.d423_position_y","name":"position_y","id":6017,"geomIds":[6055,6024]}]])
[0m[0;32m[2026-09-16 12:57:09.243][VERB] RETURN: {"result":"$6065"}
[0m[2026-09-16 12:57:09.273][DEBUG] Build graphic in: 0ms
[0;32m[2026-09-16 12:57:09.281][VERB] COMMANDCALL: _C.SafeAPI.Execute(["v1.sketch.dimension",[{"type":"OFFSET","value":"@expr.d424_width","name":"width","id":6017,"geomIds":[6023]}]])
[0m[0;32m[2026-09-16 12:57:09.288][VERB] RETURN: {"result":"$6069"}
[0m[2026-09-16 12:57:09.318][DEBUG] Build graphic in: 1ms
[0;32m[2026-09-16 12:57:09.325][VERB] COMMANDCALL: _C.SafeAPI.Execute(["v1.sketch.dimension",[{"type":"OFFSET","value":"@expr.d425_depth","name":"depth","id":6017,"geomIds":[6027]}]])
[0m[0;32m[2026-09-16 12:57:09.334][VERB] RETURN: {"result":"$6073"}
[0m[2026-09-16 12:57:09.364][DEBUG] Build graphic in: 0ms
[0;32m[2026-09-16 12:57:09.372][VERB] COMMANDCALL: _C.SafeAPI.Execute(["v1.part.extrusion",[{"references":[6023,6027,6033,6039],"name":"F420_makeBox_cad_primitives_py_8","taperAngle":0,"limit2":"@expr.d426_height","id":4}]])
[0m[0;32m[2026-09-16 12:57:09.378][VERB] RETURN: {"result":"$6077"}
[0m[2026-09-16 12:57:09.409][DEBUG] Build graphic in: 1ms
[0;32m[2026-09-16 12:57:09.416][VERB] COMMANDCALL: _C.SafeAPI.Execute(["v1.part.workPlane",[{"type":"PLANE","references":[38],"name":"F427_makeBox_cad_primitives_py_8_plane","offset":"@expr.d428_plane_offset","id":4}]])
[0m[0;32m[2026-09-16 12:57:09.421][VERB] RETURN: {"result":"$6120"}
[0m[2026-09-16 12:57:09.451][DEBUG] Build graphic in: 0ms
[0;32m[2026-09-16 12:57:09.458][VERB] COMMANDCALL: _C.SafeAPI.Execute(["v1.sketch.create",[{"planeId":6120,"name":"F427_makeBox_cad_primitives_py_8_profile","id":4}]])
[0m[0;32m[2026-09-16 12:57:09.460][VERB] RETURN: {"result":"$6126"}
[0m[2026-09-16 12:57:09.491][DEBUG] Build graphic in: 0ms
[0;32m[2026-09-16 12:57:09.498][VERB] COMMANDCALL: _C.SafeAPI.Execute(["v1.sketch.rectangle",[{"startPos":[-1.3,1.4,0],"id":6126,"genFixation":0,"endPos":[55.1,24.6,0]}]])
[0m[0;32m[2026-09-16 12:57:09.504][VERB] RETURN: {"result":["$6132","$6136","$6142","$6148"]}
[0m[2026-09-16 12:57:09.534][DEBUG] Build graphic in: 0ms
[0;32m[2026-09-16 12:57:09.541][VERB] COMMANDCALL: _C.SafeAPI.Execute(["v1.sketch.getPoints",[{"id":6132}]])
[0m[0;32m[2026-09-16 12:57:09.542][VERB] RETURN: {"result":{"endId":"$6134","startId":"$6133"}}
[0m[0;32m[2026-09-16 12:57:09.579][VERB] COMMANDCALL: _C.SafeAPI.Execute(["v1.sketch.point",[{"pos":[-1000,-1000,0],"id":6126}]])
[0m[0;32m[2026-09-16 12:57:09.581][VERB] RETURN: {"result":"$6164"}
[0m[2026-09-16 12:57:09.612][DEBUG] Build graphic in: 0ms
[0;32m[2026-09-16 12:57:09.619][VERB] COMMANDCALL: _C.SafeAPI.Execute(["v1.sketch.constraint",[{"type":"FIXATION","id":6126,"geomIds":[6164]}]])
[0m[0;32m[2026-09-16 12:57:09.621][VERB] RETURN: {"result":"$6166"}
[0m[2026-09-16 12:57:09.651][DEBUG] Build graphic in: 0ms
[0;32m[2026-09-16 12:57:09.658][VERB] COMMANDCALL: _C.SafeAPI.Execute(["v1.sketch.dimension",[{"type":"HORIZONTAL_DISTANCE","value":"@expr.d429_position_x","name":"position_x","id":6126,"geomIds":[6164,6133]}]])
[0m[0;32m[2026-09-16 12:57:09.664][VERB] RETURN: {"result":"$6170"}
[0m[2026-09-16 12:57:09.694][DEBUG] Build graphic in: 0ms
[0;32m[2026-09-16 12:57:09.701][VERB] COMMANDCALL: _C.SafeAPI.Execute(["v1.sketch.dimension",[{"type":"VERTICAL_DISTANCE","value":"@expr.d430_position_y","name":"position_y","id":6126,"geomIds":[6164,6133]}]])
[0m[0;32m[2026-09-16 12:57:09.708][VERB] RETURN: {"result":"$6174"}
[0m[2026-09-16 12:57:09.738][DEBUG] Build graphic in: 0ms
[0;32m[2026-09-16 12:57:09.746][VERB] COMMANDCALL: _C.SafeAPI.Execute(["v1.sketch.dimension",[{"type":"OFFSET","value":"@expr.d431_width","name":"width","id":6126,"geomIds":[6132]}]])
[0m[0;32m[2026-09-16 12:57:09.753][VERB] RETURN: {"result":"$6178"}
[0m[2026-09-16 12:57:09.784][DEBUG] Build graphic in: 1ms
[0;32m[2026-09-16 12:57:09.791][VERB] COMMANDCALL: _C.SafeAPI.Execute(["v1.sketch.dimension",[{"type":"OFFSET","value":"@expr.d432_depth","name":"depth","id":6126,"geomIds":[6136]}]])
[0m[0;32m[2026-09-16 12:57:09.799][VERB] RETURN: {"result":"$6182"}
[0m[2026-09-16 12:57:09.830][DEBUG] Build graphic in: 0ms
[0;32m[2026-09-16 12:57:09.838][VERB] COMMANDCALL: _C.SafeAPI.Execute(["v1.part.extrusion",[{"references":[6132,6136,6142,6148],"name":"F427_makeBox_cad_primitives_py_8","taperAngle":0,"limit2":"@expr.d433_height","id":4}]])
[0m[0;32m[2026-09-16 12:57:09.844][VERB] RETURN: {"result":"$6186"}
[0m[2026-09-16 12:57:09.876][DEBUG] Build graphic in: 0ms
[0;32m[2026-09-16 12:57:09.884][VERB] COMMANDCALL: _C.SafeAPI.Execute(["v1.part.workPlane",[{"type":"PLANE","references":[38],"name":"F434_makeCylinder_cad_primitives_py_12_plane","offset":"@expr.d435_plane_offset","id":4}]])
[0m[0;32m[2026-09-16 12:57:09.888][VERB] RETURN: {"result":"$6229"}
[0m[2026-09-16 12:57:09.918][DEBUG] Build graphic in: 0ms
[0;32m[2026-09-16 12:57:09.926][VERB] COMMANDCALL: _C.SafeAPI.Execute(["v1.sketch.create",[{"planeId":6229,"name":"F434_makeCylinder_cad_primitives_py_12_profile","id":4}]])
[0m[0;32m[2026-09-16 12:57:09.928][VERB] RETURN: {"result":"$6235"}
[0m[2026-09-16 12:57:09.959][DEBUG] Build graphic in: 0ms
[0;32m[2026-09-16 12:57:09.966][VERB] COMMANDCALL: _C.SafeAPI.Execute(["v1.sketch.circle",[{"radius":2.7,"id":6235,"genFixation":0,"centerPos":[1.4,1.4,0]}]])
[0m[0;32m[2026-09-16 12:57:09.967][VERB] RETURN: {"result":"$6241"}
[0m[2026-09-16 12:57:09.998][DEBUG] Build graphic in: 0ms
[0;32m[2026-09-16 12:57:10.005][VERB] COMMANDCALL: _C.SafeAPI.Execute(["v1.sketch.getPoints",[{"id":6241}]])
[0m[0;32m[2026-09-16 12:57:10.005][VERB] RETURN: {"result":{"centerId":"$6242"}}
[0m[0;32m[2026-09-16 12:57:10.043][VERB] COMMANDCALL: _C.SafeAPI.Execute(["v1.sketch.point",[{"pos":[-1000,-1000,0],"id":6235}]])
[0m[0;32m[2026-09-16 12:57:10.044][VERB] RETURN: {"result":"$6244"}
[0m[2026-09-16 12:57:10.075][DEBUG] Build graphic in: 0ms
[0;32m[2026-09-16 12:57:10.083][VERB] COMMANDCALL: _C.SafeAPI.Execute(["v1.sketch.constraint",[{"type":"FIXATION","id":6235,"geomIds":[6244]}]])
[0m[0;32m[2026-09-16 12:57:10.084][VERB] RETURN: {"result":"$6246"}
[0m[2026-09-16 12:57:10.115][DEBUG] Build graphic in: 0ms
[0;32m[2026-09-16 12:57:10.123][VERB] COMMANDCALL: _C.SafeAPI.Execute(["v1.sketch.dimension",[{"type":"HORIZONTAL_DISTANCE","value":"@expr.d436_position_x","name":"position_x","id":6235,"geomIds":[6244,6242]}]])
[0m[0;32m[2026-09-16 12:57:10.127][VERB] RETURN: {"result":"$6250"}
[0m[2026-09-16 12:57:10.158][DEBUG] Build graphic in: 0ms
[0;32m[2026-09-16 12:57:10.165][VERB] COMMANDCALL: _C.SafeAPI.Execute(["v1.sketch.dimension",[{"type":"VERTICAL_DISTANCE","value":"@expr.d437_position_y","name":"position_y","id":6235,"geomIds":[6244,6242]}]])
[0m[0;32m[2026-09-16 12:57:10.170][VERB] RETURN: {"result":"$6254"}
[0m[2026-09-16 12:57:10.201][DEBUG] Build graphic in: 0ms
[0;32m[2026-09-16 12:57:10.208][VERB] COMMANDCALL: _C.SafeAPI.Execute(["v1.sketch.dimension",[{"type":"RADIUS","value":"@expr.d438_radius","name":"radius","id":6235,"geomIds":[6241]}]])
[0m[0;32m[2026-09-16 12:57:10.214][VERB] RETURN: {"result":"$6258"}
[0m[2026-09-16 12:57:10.245][DEBUG] Build graphic in: 0ms
[0;32m[2026-09-16 12:57:10.253][VERB] COMMANDCALL: _C.SafeAPI.Execute(["v1.part.extrusion",[{"references":[6241],"name":"F434_makeCylinder_cad_primitives_py_12","taperAngle":0,"limit2":"@expr.d439_height","id":4}]])
[0m[0;32m[2026-09-16 12:57:10.259][VERB] RETURN: {"result":"$6262"}
[0m[2026-09-16 12:57:10.292][DEBUG] Build graphic in: 1ms
[0;32m[2026-09-16 12:57:10.300][VERB] COMMANDCALL: _C.SafeAPI.Execute(["v1.part.workPlane",[{"type":"PLANE","references":[38],"name":"F440_makeCylinder_cad_primitives_py_12_plane","offset":"@expr.d441_plane_offset","id":4}]])
[0m[0;32m[2026-09-16 12:57:10.304][VERB] RETURN: {"result":"$6284"}
[0m[2026-09-16 12:57:10.336][DEBUG] Build graphic in: 0ms
[0;32m[2026-09-16 12:57:10.343][VERB] COMMANDCALL: _C.SafeAPI.Execute(["v1.sketch.create",[{"planeId":6284,"name":"F440_makeCylinder_cad_primitives_py_12_profile","id":4}]])
[0m[0;32m[2026-09-16 12:57:10.346][VERB] RETURN: {"result":"$6290"}
[0m[2026-09-16 12:57:10.376][DEBUG] Build graphic in: 0ms
[0;32m[2026-09-16 12:57:10.384][VERB] COMMANDCALL: _C.SafeAPI.Execute(["v1.sketch.circle",[{"radius":2.7,"id":6290,"genFixation":0,"centerPos":[1.4,24.6,0]}]])
[0m[0;32m[2026-09-16 12:57:10.385][VERB] RETURN: {"result":"$6296"}
[0m[2026-09-16 12:57:10.416][DEBUG] Build graphic in: 0ms
[0;32m[2026-09-16 12:57:10.424][VERB] COMMANDCALL: _C.SafeAPI.Execute(["v1.sketch.getPoints",[{"id":6296}]])
[0m[0;32m[2026-09-16 12:57:10.424][VERB] RETURN: {"result":{"centerId":"$6297"}}
[0m[0;32m[2026-09-16 12:57:10.461][VERB] COMMANDCALL: _C.SafeAPI.Execute(["v1.sketch.point",[{"pos":[-1000,-1000,0],"id":6290}]])
[0m[0;32m[2026-09-16 12:57:10.463][VERB] RETURN: {"result":"$6299"}
[0m[2026-09-16 12:57:10.493][DEBUG] Build graphic in: 0ms
[0;32m[2026-09-16 12:57:10.501][VERB] COMMANDCALL: _C.SafeAPI.Execute(["v1.sketch.constraint",[{"type":"FIXATION","id":6290,"geomIds":[6299]}]])
[0m[0;32m[2026-09-16 12:57:10.502][VERB] RETURN: {"result":"$6301"}
[0m[2026-09-16 12:57:10.533][DEBUG] Build graphic in: 0ms
[0;32m[2026-09-16 12:57:10.541][VERB] COMMANDCALL: _C.SafeAPI.Execute(["v1.sketch.dimension",[{"type":"HORIZONTAL_DISTANCE","value":"@expr.d442_position_x","name":"position_x","id":6290,"geomIds":[6299,6297]}]])
[0m[0;32m[2026-09-16 12:57:10.545][VERB] RETURN: {"result":"$6305"}
[0m[2026-09-16 12:57:10.576][DEBUG] Build graphic in: 0ms
[0;32m[2026-09-16 12:57:10.584][VERB] COMMANDCALL: _C.SafeAPI.Execute(["v1.sketch.dimension",[{"type":"VERTICAL_DISTANCE","value":"@expr.d443_position_y","name":"position_y","id":6290,"geomIds":[6299,6297]}]])
[0m[0;32m[2026-09-16 12:57:10.589][VERB] RETURN: {"result":"$6309"}
[0m[2026-09-16 12:57:10.620][DEBUG] Build graphic in: 0ms
[0;32m[2026-09-16 12:57:10.628][VERB] COMMANDCALL: _C.SafeAPI.Execute(["v1.sketch.dimension",[{"type":"RADIUS","value":"@expr.d444_radius","name":"radius","id":6290,"geomIds":[6296]}]])
[0m[0;32m[2026-09-16 12:57:10.633][VERB] RETURN: {"result":"$6313"}
[0m[2026-09-16 12:57:10.664][DEBUG] Build graphic in: 0ms
[0;32m[2026-09-16 12:57:10.673][VERB] COMMANDCALL: _C.SafeAPI.Execute(["v1.part.extrusion",[{"references":[6296],"name":"F440_makeCylinder_cad_primitives_py_12","taperAngle":0,"limit2":"@expr.d445_height","id":4}]])
[0m[0;32m[2026-09-16 12:57:10.679][VERB] RETURN: {"result":"$6317"}
[0m[2026-09-16 12:57:10.712][DEBUG] Build graphic in: 1ms
[0;32m[2026-09-16 12:57:10.720][VERB] COMMANDCALL: _C.SafeAPI.Execute(["v1.part.workPlane",[{"type":"PLANE","references":[38],"name":"F446_makeCylinder_cad_primitives_py_12_plane","offset":"@expr.d447_plane_offset","id":4}]])
[0m[0;32m[2026-09-16 12:57:10.724][VERB] RETURN: {"result":"$6339"}
[0m[2026-09-16 12:57:10.756][DEBUG] Build graphic in: 0ms
[0;32m[2026-09-16 12:57:10.764][VERB] COMMANDCALL: _C.SafeAPI.Execute(["v1.sketch.create",[{"planeId":6339,"name":"F446_makeCylinder_cad_primitives_py_12_profile","id":4}]])
[0m[0;32m[2026-09-16 12:57:10.766][VERB] RETURN: {"result":"$6345"}
[0m[2026-09-16 12:57:10.797][DEBUG] Build graphic in: 0ms
[0;32m[2026-09-16 12:57:10.805][VERB] COMMANDCALL: _C.SafeAPI.Execute(["v1.sketch.circle",[{"radius":2.7,"id":6345,"genFixation":0,"centerPos":[52.4,1.4,0]}]])
[0m[0;32m[2026-09-16 12:57:10.806][VERB] RETURN: {"result":"$6351"}
[0m[2026-09-16 12:57:10.837][DEBUG] Build graphic in: 0ms
[0;32m[2026-09-16 12:57:10.845][VERB] COMMANDCALL: _C.SafeAPI.Execute(["v1.sketch.getPoints",[{"id":6351}]])
[0m[0;32m[2026-09-16 12:57:10.845][VERB] RETURN: {"result":{"centerId":"$6352"}}
[0m[0;32m[2026-09-16 12:57:10.885][VERB] COMMANDCALL: _C.SafeAPI.Execute(["v1.sketch.point",[{"pos":[-1000,-1000,0],"id":6345}]])
[0m[0;32m[2026-09-16 12:57:10.886][VERB] RETURN: {"result":"$6354"}
[0m[2026-09-16 12:57:10.917][DEBUG] Build graphic in: 0ms
[0;32m[2026-09-16 12:57:10.924][VERB] COMMANDCALL: _C.SafeAPI.Execute(["v1.sketch.constraint",[{"type":"FIXATION","id":6345,"geomIds":[6354]}]])
[0m[0;32m[2026-09-16 12:57:10.926][VERB] RETURN: {"result":"$6356"}
[0m[2026-09-16 12:57:10.957][DEBUG] Build graphic in: 0ms
[0;32m[2026-09-16 12:57:10.964][VERB] COMMANDCALL: _C.SafeAPI.Execute(["v1.sketch.dimension",[{"type":"HORIZONTAL_DISTANCE","value":"@expr.d448_position_x","name":"position_x","id":6345,"geomIds":[6354,6352]}]])
[0m[0;32m[2026-09-16 12:57:10.969][VERB] RETURN: {"result":"$6360"}
[0m[2026-09-16 12:57:11.000][DEBUG] Build graphic in: 0ms
[0;32m[2026-09-16 12:57:11.007][VERB] COMMANDCALL: _C.SafeAPI.Execute(["v1.sketch.dimension",[{"type":"VERTICAL_DISTANCE","value":"@expr.d449_position_y","name":"position_y","id":6345,"geomIds":[6354,6352]}]])
[0m[0;32m[2026-09-16 12:57:11.013][VERB] RETURN: {"result":"$6364"}
[0m[2026-09-16 12:57:11.044][DEBUG] Build graphic in: 0ms
[0;32m[2026-09-16 12:57:11.051][VERB] COMMANDCALL: _C.SafeAPI.Execute(["v1.sketch.dimension",[{"type":"RADIUS","value":"@expr.d450_radius","name":"radius","id":6345,"geomIds":[6351]}]])
[0m[0;32m[2026-09-16 12:57:11.057][VERB] RETURN: {"result":"$6368"}
[0m[2026-09-16 12:57:11.088][DEBUG] Build graphic in: 0ms
[0;32m[2026-09-16 12:57:11.096][VERB] COMMANDCALL: _C.SafeAPI.Execute(["v1.part.extrusion",[{"references":[6351],"name":"F446_makeCylinder_cad_primitives_py_12","taperAngle":0,"limit2":"@expr.d451_height","id":4}]])
[0m[0;32m[2026-09-16 12:57:11.102][VERB] RETURN: {"result":"$6372"}
[0m[2026-09-16 12:57:11.135][DEBUG] Build graphic in: 2ms
[0;32m[2026-09-16 12:57:11.142][VERB] COMMANDCALL: _C.SafeAPI.Execute(["v1.part.workPlane",[{"type":"PLANE","references":[38],"name":"F452_makeCylinder_cad_primitives_py_12_plane","offset":"@expr.d453_plane_offset","id":4}]])
[0m[0;32m[2026-09-16 12:57:11.147][VERB] RETURN: {"result":"$6394"}
[0m[2026-09-16 12:57:11.177][DEBUG] Build graphic in: 0ms
[0;32m[2026-09-16 12:57:11.185][VERB] COMMANDCALL: _C.SafeAPI.Execute(["v1.sketch.create",[{"planeId":6394,"name":"F452_makeCylinder_cad_primitives_py_12_profile","id":4}]])
[0m[0;32m[2026-09-16 12:57:11.187][VERB] RETURN: {"result":"$6400"}
[0m[2026-09-16 12:57:11.219][DEBUG] Build graphic in: 0ms
[0;32m[2026-09-16 12:57:11.226][VERB] COMMANDCALL: _C.SafeAPI.Execute(["v1.sketch.circle",[{"radius":2.7,"id":6400,"genFixation":0,"centerPos":[52.4,24.6,0]}]])
[0m[0;32m[2026-09-16 12:57:11.228][VERB] RETURN: {"result":"$6406"}
[0m[2026-09-16 12:57:11.260][DEBUG] Build graphic in: 0ms
[0;32m[2026-09-16 12:57:11.268][VERB] COMMANDCALL: _C.SafeAPI.Execute(["v1.sketch.getPoints",[{"id":6406}]])
[0m[0;32m[2026-09-16 12:57:11.268][VERB] RETURN: {"result":{"centerId":"$6407"}}
[0m[0;32m[2026-09-16 12:57:11.307][VERB] COMMANDCALL: _C.SafeAPI.Execute(["v1.sketch.point",[{"pos":[-1000,-1000,0],"id":6400}]])
[0m[0;32m[2026-09-16 12:57:11.309][VERB] RETURN: {"result":"$6409"}
[0m[2026-09-16 12:57:11.341][DEBUG] Build graphic in: 0ms
[0;32m[2026-09-16 12:57:11.348][VERB] COMMANDCALL: _C.SafeAPI.Execute(["v1.sketch.constraint",[{"type":"FIXATION","id":6400,"geomIds":[6409]}]])
[0m[0;32m[2026-09-16 12:57:11.350][VERB] RETURN: {"result":"$6411"}
[0m[2026-09-16 12:57:11.381][DEBUG] Build graphic in: 0ms
[0;32m[2026-09-16 12:57:11.389][VERB] COMMANDCALL: _C.SafeAPI.Execute(["v1.sketch.dimension",[{"type":"HORIZONTAL_DISTANCE","value":"@expr.d454_position_x","name":"position_x","id":6400,"geomIds":[6409,6407]}]])
[0m[0;32m[2026-09-16 12:57:11.394][VERB] RETURN: {"result":"$6415"}
[0m[2026-09-16 12:57:11.426][DEBUG] Build graphic in: 0ms
[0;32m[2026-09-16 12:57:11.434][VERB] COMMANDCALL: _C.SafeAPI.Execute(["v1.sketch.dimension",[{"type":"VERTICAL_DISTANCE","value":"@expr.d455_position_y","name":"position_y","id":6400,"geomIds":[6409,6407]}]])
[0m[0;32m[2026-09-16 12:57:11.439][VERB] RETURN: {"result":"$6419"}
[0m[2026-09-16 12:57:11.472][DEBUG] Build graphic in: 0ms
[0;32m[2026-09-16 12:57:11.479][VERB] COMMANDCALL: _C.SafeAPI.Execute(["v1.sketch.dimension",[{"type":"RADIUS","value":"@expr.d456_radius","name":"radius","id":6400,"geomIds":[6406]}]])
[0m[0;32m[2026-09-16 12:57:11.485][VERB] RETURN: {"result":"$6423"}
[0m[2026-09-16 12:57:11.516][DEBUG] Build graphic in: 0ms
[0;32m[2026-09-16 12:57:11.524][VERB] COMMANDCALL: _C.SafeAPI.Execute(["v1.part.extrusion",[{"references":[6406],"name":"F452_makeCylinder_cad_primitives_py_12","taperAngle":0,"limit2":"@expr.d457_height","id":4}]])
[0m[0;32m[2026-09-16 12:57:11.531][VERB] RETURN: {"result":"$6427"}
[0m[2026-09-16 12:57:11.563][DEBUG] Build graphic in: 1ms
[0;32m[2026-09-16 12:57:11.571][VERB] COMMANDCALL: _C.SafeAPI.Execute(["v1.part.workPlane",[{"type":"PLANE","references":[38],"name":"F458_makeBox_cad_primitives_py_8_plane","offset":"@expr.d459_plane_offset","id":4}]])
[0m[0;32m[2026-09-16 12:57:11.575][VERB] RETURN: {"result":"$6449"}
[0m[2026-09-16 12:57:11.607][DEBUG] Build graphic in: 0ms
[0;32m[2026-09-16 12:57:11.615][VERB] COMMANDCALL: _C.SafeAPI.Execute(["v1.sketch.create",[{"planeId":6449,"name":"F458_makeBox_cad_primitives_py_8_profile","id":4}]])
[0m[0;32m[2026-09-16 12:57:11.617][VERB] RETURN: {"result":"$6455"}
[0m[2026-09-16 12:57:11.649][DEBUG] Build graphic in: 0ms
[0;32m[2026-09-16 12:57:11.657][VERB] COMMANDCALL: _C.SafeAPI.Execute(["v1.sketch.rectangle",[{"startPos":[1.4,20.1,0],"id":6455,"genFixation":0,"endPos":[56.4,65.9,0]}]])
[0m[0;32m[2026-09-16 12:57:11.664][VERB] RETURN: {"result":["$6461","$6465","$6471","$6477"]}
[0m[2026-09-16 12:57:11.696][DEBUG] Build graphic in: 0ms
[0;32m[2026-09-16 12:57:11.704][VERB] COMMANDCALL: _C.SafeAPI.Execute(["v1.sketch.getPoints",[{"id":6461}]])
[0m[0;32m[2026-09-16 12:57:11.704][VERB] RETURN: {"result":{"endId":"$6463","startId":"$6462"}}
[0m[0;32m[2026-09-16 12:57:11.743][VERB] COMMANDCALL: _C.SafeAPI.Execute(["v1.sketch.point",[{"pos":[-1000,-1000,0],"id":6455}]])
[0m[0;32m[2026-09-16 12:57:11.745][VERB] RETURN: {"result":"$6493"}
[0m[2026-09-16 12:57:11.778][DEBUG] Build graphic in: 0ms
[0;32m[2026-09-16 12:57:11.785][VERB] COMMANDCALL: _C.SafeAPI.Execute(["v1.sketch.constraint",[{"type":"FIXATION","id":6455,"geomIds":[6493]}]])
[0m[0;32m[2026-09-16 12:57:11.787][VERB] RETURN: {"result":"$6495"}
[0m[2026-09-16 12:57:11.820][DEBUG] Build graphic in: 0ms
[0;32m[2026-09-16 12:57:11.828][VERB] COMMANDCALL: _C.SafeAPI.Execute(["v1.sketch.dimension",[{"type":"HORIZONTAL_DISTANCE","value":"@expr.d460_position_x","name":"position_x","id":6455,"geomIds":[6493,6462]}]])
[0m[0;32m[2026-09-16 12:57:11.833][VERB] RETURN: {"result":"$6499"}
[0m[2026-09-16 12:57:11.866][DEBUG] Build graphic in: 0ms
[0;32m[2026-09-16 12:57:11.874][VERB] COMMANDCALL: _C.SafeAPI.Execute(["v1.sketch.dimension",[{"type":"VERTICAL_DISTANCE","value":"@expr.d461_position_y","name":"position_y","id":6455,"geomIds":[6493,6462]}]])
[0m[0;32m[2026-09-16 12:57:11.881][VERB] RETURN: {"result":"$6503"}
[0m[2026-09-16 12:57:11.914][DEBUG] Build graphic in: 1ms
[0;32m[2026-09-16 12:57:11.921][VERB] COMMANDCALL: _C.SafeAPI.Execute(["v1.sketch.dimension",[{"type":"OFFSET","value":"@expr.d462_width","name":"width","id":6455,"geomIds":[6461]}]])
[0m[0;32m[2026-09-16 12:57:11.929][VERB] RETURN: {"result":"$6507"}
[0m[2026-09-16 12:57:11.961][DEBUG] Build graphic in: 0ms
[0;32m[2026-09-16 12:57:11.968][VERB] COMMANDCALL: _C.SafeAPI.Execute(["v1.sketch.dimension",[{"type":"OFFSET","value":"@expr.d463_depth","name":"depth","id":6455,"geomIds":[6465]}]])
[0m[0;32m[2026-09-16 12:57:11.977][VERB] RETURN: {"result":"$6511"}
[0m[2026-09-16 12:57:12.010][DEBUG] Build graphic in: 1ms
[0;32m[2026-09-16 12:57:12.018][VERB] COMMANDCALL: _C.SafeAPI.Execute(["v1.part.extrusion",[{"references":[6461,6465,6471,6477],"name":"F458_makeBox_cad_primitives_py_8","taperAngle":0,"limit2":"@expr.d464_height","id":4}]])
[0m[0;32m[2026-09-16 12:57:12.023][VERB] RETURN: {"result":"$6515"}
[0m[2026-09-16 12:57:12.056][DEBUG] Build graphic in: 0ms
[0;32m[2026-09-16 12:57:12.065][VERB] COMMANDCALL: _C.SafeAPI.Execute(["v1.part.workPlane",[{"type":"PLANE","references":[38],"name":"F465_makeBox_cad_primitives_py_8_plane","offset":"@expr.d466_plane_offset","id":4}]])
[0m[0;32m[2026-09-16 12:57:12.069][VERB] RETURN: {"result":"$6558"}
[0m[2026-09-16 12:57:12.101][DEBUG] Build graphic in: 0ms
[0;32m[2026-09-16 12:57:12.109][VERB] COMMANDCALL: _C.SafeAPI.Execute(["v1.sketch.create",[{"planeId":6558,"name":"F465_makeBox_cad_primitives_py_8_profile","id":4}]])
[0m[0;32m[2026-09-16 12:57:12.112][VERB] RETURN: {"result":"$6564"}
[0m[2026-09-16 12:57:12.144][DEBUG] Build graphic in: 0ms
[0;32m[2026-09-16 12:57:12.152][VERB] COMMANDCALL: _C.SafeAPI.Execute(["v1.sketch.rectangle",[{"startPos":[-1.3,22.8,0],"id":6564,"genFixation":0,"endPos":[59.1,63.2,0]}]])
[0m[0;32m[2026-09-16 12:57:12.159][VERB] RETURN: {"result":["$6570","$6574","$6580","$6586"]}
[0m[2026-09-16 12:57:12.192][DEBUG] Build graphic in: 0ms
[0;32m[2026-09-16 12:57:12.200][VERB] COMMANDCALL: _C.SafeAPI.Execute(["v1.sketch.getPoints",[{"id":6570}]])
[0m[0;32m[2026-09-16 12:57:12.200][VERB] RETURN: {"result":{"endId":"$6572","startId":"$6571"}}
[0m[0;32m[2026-09-16 12:57:12.240][VERB] COMMANDCALL: _C.SafeAPI.Execute(["v1.sketch.point",[{"pos":[-1000,-1000,0],"id":6564}]])
[0m[0;32m[2026-09-16 12:57:12.242][VERB] RETURN: {"result":"$6602"}
[0m[2026-09-16 12:57:12.275][DEBUG] Build graphic in: 0ms
[0;32m[2026-09-16 12:57:12.283][VERB] COMMANDCALL: _C.SafeAPI.Execute(["v1.sketch.constraint",[{"type":"FIXATION","id":6564,"geomIds":[6602]}]])
[0m[0;32m[2026-09-16 12:57:12.285][VERB] RETURN: {"result":"$6604"}
[0m[2026-09-16 12:57:12.318][DEBUG] Build graphic in: 0ms
[0;32m[2026-09-16 12:57:12.326][VERB] COMMANDCALL: _C.SafeAPI.Execute(["v1.sketch.dimension",[{"type":"HORIZONTAL_DISTANCE","value":"@expr.d467_position_x","name":"position_x","id":6564,"geomIds":[6602,6571]}]])
[0m[0;32m[2026-09-16 12:57:12.332][VERB] RETURN: {"result":"$6608"}
[0m[2026-09-16 12:57:12.365][DEBUG] Build graphic in: 0ms
[0;32m[2026-09-16 12:57:12.373][VERB] COMMANDCALL: _C.SafeAPI.Execute(["v1.sketch.dimension",[{"type":"VERTICAL_DISTANCE","value":"@expr.d468_position_y","name":"position_y","id":6564,"geomIds":[6602,6571]}]])
[0m[0;32m[2026-09-16 12:57:12.379][VERB] RETURN: {"result":"$6612"}
[0m[2026-09-16 12:57:12.412][DEBUG] Build graphic in: 0ms
[0;32m[2026-09-16 12:57:12.420][VERB] COMMANDCALL: _C.SafeAPI.Execute(["v1.sketch.dimension",[{"type":"OFFSET","value":"@expr.d469_width","name":"width","id":6564,"geomIds":[6570]}]])
[0m[0;32m[2026-09-16 12:57:12.427][VERB] RETURN: {"result":"$6616"}
[0m[2026-09-16 12:57:12.461][DEBUG] Build graphic in: 0ms
[0;32m[2026-09-16 12:57:12.469][VERB] COMMANDCALL: _C.SafeAPI.Execute(["v1.sketch.dimension",[{"type":"OFFSET","value":"@expr.d470_depth","name":"depth","id":6564,"geomIds":[6574]}]])
[0m[0;32m[2026-09-16 12:57:12.477][VERB] RETURN: {"result":"$6620"}
[0m[2026-09-16 12:57:12.511][DEBUG] Build graphic in: 0ms
[0;32m[2026-09-16 12:57:12.519][VERB] COMMANDCALL: _C.SafeAPI.Execute(["v1.part.extrusion",[{"references":[6570,6574,6580,6586],"name":"F465_makeBox_cad_primitives_py_8","taperAngle":0,"limit2":"@expr.d471_height","id":4}]])
[0m[0;32m[2026-09-16 12:57:12.525][VERB] RETURN: {"result":"$6624"}
[0m[2026-09-16 12:57:12.559][DEBUG] Build graphic in: 0ms
[0;32m[2026-09-16 12:57:12.568][VERB] COMMANDCALL: _C.SafeAPI.Execute(["v1.part.workPlane",[{"type":"PLANE","references":[38],"name":"F472_makeCylinder_cad_primitives_py_12_plane","offset":"@expr.d473_plane_offset","id":4}]])
[0m[0;32m[2026-09-16 12:57:12.573][VERB] RETURN: {"result":"$6667"}
[0m[2026-09-16 12:57:12.607][DEBUG] Build graphic in: 0ms
[0;32m[2026-09-16 12:57:12.615][VERB] COMMANDCALL: _C.SafeAPI.Execute(["v1.sketch.create",[{"planeId":6667,"name":"F472_makeCylinder_cad_primitives_py_12_profile","id":4}]])
[0m[0;32m[2026-09-16 12:57:12.617][VERB] RETURN: {"result":"$6673"}
[0m[2026-09-16 12:57:12.651][DEBUG] Build graphic in: 0ms
[0;32m[2026-09-16 12:57:12.659][VERB] COMMANDCALL: _C.SafeAPI.Execute(["v1.sketch.circle",[{"radius":2.7,"id":6673,"genFixation":0,"centerPos":[1.4,22.8,0]}]])
[0m[0;32m[2026-09-16 12:57:12.661][VERB] RETURN: {"result":"$6679"}
[0m[2026-09-16 12:57:12.694][DEBUG] Build graphic in: 0ms
[0;32m[2026-09-16 12:57:12.702][VERB] COMMANDCALL: _C.SafeAPI.Execute(["v1.sketch.getPoints",[{"id":6679}]])
[0m[0;32m[2026-09-16 12:57:12.703][VERB] RETURN: {"result":{"centerId":"$6680"}}
[0m[0;32m[2026-09-16 12:57:12.743][VERB] COMMANDCALL: _C.SafeAPI.Execute(["v1.sketch.point",[{"pos":[-1000,-1000,0],"id":6673}]])
[0m[0;32m[2026-09-16 12:57:12.745][VERB] RETURN: {"result":"$6682"}
[0m[2026-09-16 12:57:12.779][DEBUG] Build graphic in: 1ms
[0;32m[2026-09-16 12:57:12.787][VERB] COMMANDCALL: _C.SafeAPI.Execute(["v1.sketch.constraint",[{"type":"FIXATION","id":6673,"geomIds":[6682]}]])
[0m[0;32m[2026-09-16 12:57:12.788][VERB] RETURN: {"result":"$6684"}
[0m[2026-09-16 12:57:12.821][DEBUG] Build graphic in: 0ms
[0;32m[2026-09-16 12:57:12.829][VERB] COMMANDCALL: _C.SafeAPI.Execute(["v1.sketch.dimension",[{"type":"HORIZONTAL_DISTANCE","value":"@expr.d474_position_x","name":"position_x","id":6673,"geomIds":[6682,6680]}]])
[0m[0;32m[2026-09-16 12:57:12.833][VERB] RETURN: {"result":"$6688"}
[0m[2026-09-16 12:57:12.867][DEBUG] Build graphic in: 0ms
[0;32m[2026-09-16 12:57:12.875][VERB] COMMANDCALL: _C.SafeAPI.Execute(["v1.sketch.dimension",[{"type":"VERTICAL_DISTANCE","value":"@expr.d475_position_y","name":"position_y","id":6673,"geomIds":[6682,6680]}]])
[0m[0;32m[2026-09-16 12:57:12.880][VERB] RETURN: {"result":"$6692"}
[0m[2026-09-16 12:57:12.914][DEBUG] Build graphic in: 0ms
[0;32m[2026-09-16 12:57:12.922][VERB] COMMANDCALL: _C.SafeAPI.Execute(["v1.sketch.dimension",[{"type":"RADIUS","value":"@expr.d476_radius","name":"radius","id":6673,"geomIds":[6679]}]])
[0m[0;32m[2026-09-16 12:57:12.928][VERB] RETURN: {"result":"$6696"}
[0m[2026-09-16 12:57:12.962][DEBUG] Build graphic in: 0ms
[0;32m[2026-09-16 12:57:12.970][VERB] COMMANDCALL: _C.SafeAPI.Execute(["v1.part.extrusion",[{"references":[6679],"name":"F472_makeCylinder_cad_primitives_py_12","taperAngle":0,"limit2":"@expr.d477_height","id":4}]])
[0m[0;32m[2026-09-16 12:57:12.977][VERB] RETURN: {"result":"$6700"}
[0m[2026-09-16 12:57:13.012][DEBUG] Build graphic in: 1ms
[0;32m[2026-09-16 12:57:13.021][VERB] COMMANDCALL: _C.SafeAPI.Execute(["v1.part.workPlane",[{"type":"PLANE","references":[38],"name":"F478_makeCylinder_cad_primitives_py_12_plane","offset":"@expr.d479_plane_offset","id":4}]])
[0m[0;32m[2026-09-16 12:57:13.025][VERB] RETURN: {"result":"$6722"}
[0m[2026-09-16 12:57:13.058][DEBUG] Build graphic in: 0ms
[0;32m[2026-09-16 12:57:13.067][VERB] COMMANDCALL: _C.SafeAPI.Execute(["v1.sketch.create",[{"planeId":6722,"name":"F478_makeCylinder_cad_primitives_py_12_profile","id":4}]])
[0m[0;32m[2026-09-16 12:57:13.070][VERB] RETURN: {"result":"$6728"}
[0m[2026-09-16 12:57:13.104][DEBUG] Build graphic in: 0ms
[0;32m[2026-09-16 12:57:13.112][VERB] COMMANDCALL: _C.SafeAPI.Execute(["v1.sketch.circle",[{"radius":2.7,"id":6728,"genFixation":0,"centerPos":[1.4,63.2,0]}]])
[0m[0;32m[2026-09-16 12:57:13.114][VERB] RETURN: {"result":"$6734"}
[0m[2026-09-16 12:57:13.147][DEBUG] Build graphic in: 0ms
[0;32m[2026-09-16 12:57:13.155][VERB] COMMANDCALL: _C.SafeAPI.Execute(["v1.sketch.getPoints",[{"id":6734}]])
[0m[0;32m[2026-09-16 12:57:13.156][VERB] RETURN: {"result":{"centerId":"$6735"}}
[0m[0;32m[2026-09-16 12:57:13.197][VERB] COMMANDCALL: _C.SafeAPI.Execute(["v1.sketch.point",[{"pos":[-1000,-1000,0],"id":6728}]])
[0m[0;32m[2026-09-16 12:57:13.198][VERB] RETURN: {"result":"$6737"}
[0m[2026-09-16 12:57:13.232][DEBUG] Build graphic in: 0ms
[0;32m[2026-09-16 12:57:13.240][VERB] COMMANDCALL: _C.SafeAPI.Execute(["v1.sketch.constraint",[{"type":"FIXATION","id":6728,"geomIds":[6737]}]])
[0m[0;32m[2026-09-16 12:57:13.241][VERB] RETURN: {"result":"$6739"}
[0m[2026-09-16 12:57:13.275][DEBUG] Build graphic in: 0ms
[0;32m[2026-09-16 12:57:13.283][VERB] COMMANDCALL: _C.SafeAPI.Execute(["v1.sketch.dimension",[{"type":"HORIZONTAL_DISTANCE","value":"@expr.d480_position_x","name":"position_x","id":6728,"geomIds":[6737,6735]}]])
[0m[0;32m[2026-09-16 12:57:13.288][VERB] RETURN: {"result":"$6743"}
[0m[2026-09-16 12:57:13.321][DEBUG] Build graphic in: 0ms
[0;32m[2026-09-16 12:57:13.329][VERB] COMMANDCALL: _C.SafeAPI.Execute(["v1.sketch.dimension",[{"type":"VERTICAL_DISTANCE","value":"@expr.d481_position_y","name":"position_y","id":6728,"geomIds":[6737,6735]}]])
[0m[0;32m[2026-09-16 12:57:13.335][VERB] RETURN: {"result":"$6747"}
[0m[2026-09-16 12:57:13.369][DEBUG] Build graphic in: 1ms
[0;32m[2026-09-16 12:57:13.377][VERB] COMMANDCALL: _C.SafeAPI.Execute(["v1.sketch.dimension",[{"type":"RADIUS","value":"@expr.d482_radius","name":"radius","id":6728,"geomIds":[6734]}]])
[0m[0;32m[2026-09-16 12:57:13.382][VERB] RETURN: {"result":"$6751"}
[0m[2026-09-16 12:57:13.417][DEBUG] Build graphic in: 0ms
[0;32m[2026-09-16 12:57:13.426][VERB] COMMANDCALL: _C.SafeAPI.Execute(["v1.part.extrusion",[{"references":[6734],"name":"F478_makeCylinder_cad_primitives_py_12","taperAngle":0,"limit2":"@expr.d483_height","id":4}]])
[0m[0;32m[2026-09-16 12:57:13.432][VERB] RETURN: {"result":"$6755"}
[0m[2026-09-16 12:57:13.466][DEBUG] Build graphic in: 1ms
[0;32m[2026-09-16 12:57:13.475][VERB] COMMANDCALL: _C.SafeAPI.Execute(["v1.part.workPlane",[{"type":"PLANE","references":[38],"name":"F484_makeCylinder_cad_primitives_py_12_plane","offset":"@expr.d485_plane_offset","id":4}]])
[0m[0;32m[2026-09-16 12:57:13.479][VERB] RETURN: {"result":"$6777"}
[0m[2026-09-16 12:57:13.512][DEBUG] Build graphic in: 0ms
[0;32m[2026-09-16 12:57:13.521][VERB] COMMANDCALL: _C.SafeAPI.Execute(["v1.sketch.create",[{"planeId":6777,"name":"F484_makeCylinder_cad_primitives_py_12_profile","id":4}]])
[0m[0;32m[2026-09-16 12:57:13.523][VERB] RETURN: {"result":"$6783"}
[0m[2026-09-16 12:57:13.557][DEBUG] Build graphic in: 0ms
[0;32m[2026-09-16 12:57:13.566][VERB] COMMANDCALL: _C.SafeAPI.Execute(["v1.sketch.circle",[{"radius":2.7,"id":6783,"genFixation":0,"centerPos":[56.4,22.8,0]}]])
[0m[0;32m[2026-09-16 12:57:13.567][VERB] RETURN: {"result":"$6789"}
[0m[2026-09-16 12:57:13.601][DEBUG] Build graphic in: 0ms
[0;32m[2026-09-16 12:57:13.609][VERB] COMMANDCALL: _C.SafeAPI.Execute(["v1.sketch.getPoints",[{"id":6789}]])
[0m[0;32m[2026-09-16 12:57:13.609][VERB] RETURN: {"result":{"centerId":"$6790"}}
[0m[0;32m[2026-09-16 12:57:13.651][VERB] COMMANDCALL: _C.SafeAPI.Execute(["v1.sketch.point",[{"pos":[-1000,-1000,0],"id":6783}]])
[0m[0;32m[2026-09-16 12:57:13.652][VERB] RETURN: {"result":"$6792"}
[0m[2026-09-16 12:57:13.685][DEBUG] Build graphic in: 0ms
[0;32m[2026-09-16 12:57:13.693][VERB] COMMANDCALL: _C.SafeAPI.Execute(["v1.sketch.constraint",[{"type":"FIXATION","id":6783,"geomIds":[6792]}]])
[0m[0;32m[2026-09-16 12:57:13.695][VERB] RETURN: {"result":"$6794"}
[0m[2026-09-16 12:57:13.728][DEBUG] Build graphic in: 0ms
[0;32m[2026-09-16 12:57:13.736][VERB] COMMANDCALL: _C.SafeAPI.Execute(["v1.sketch.dimension",[{"type":"HORIZONTAL_DISTANCE","value":"@expr.d486_position_x","name":"position_x","id":6783,"geomIds":[6792,6790]}]])
[0m[0;32m[2026-09-16 12:57:13.741][VERB] RETURN: {"result":"$6798"}
[0m[2026-09-16 12:57:13.775][DEBUG] Build graphic in: 0ms
[0;32m[2026-09-16 12:57:13.783][VERB] COMMANDCALL: _C.SafeAPI.Execute(["v1.sketch.dimension",[{"type":"VERTICAL_DISTANCE","value":"@expr.d487_position_y","name":"position_y","id":6783,"geomIds":[6792,6790]}]])
[0m[0;32m[2026-09-16 12:57:13.788][VERB] RETURN: {"result":"$6802"}
[0m[2026-09-16 12:57:13.822][DEBUG] Build graphic in: 0ms
[0;32m[2026-09-16 12:57:13.831][VERB] COMMANDCALL: _C.SafeAPI.Execute(["v1.sketch.dimension",[{"type":"RADIUS","value":"@expr.d488_radius","name":"radius","id":6783,"geomIds":[6789]}]])
[0m[0;32m[2026-09-16 12:57:13.836][VERB] RETURN: {"result":"$6806"}
[0m[2026-09-16 12:57:13.871][DEBUG] Build graphic in: 0ms
[0;32m[2026-09-16 12:57:13.879][VERB] COMMANDCALL: _C.SafeAPI.Execute(["v1.part.extrusion",[{"references":[6789],"name":"F484_makeCylinder_cad_primitives_py_12","taperAngle":0,"limit2":"@expr.d489_height","id":4}]])
[0m[0;32m[2026-09-16 12:57:13.886][VERB] RETURN: {"result":"$6810"}
[0m[2026-09-16 12:57:13.920][DEBUG] Build graphic in: 1ms
[0;32m[2026-09-16 12:57:13.929][VERB] COMMANDCALL: _C.SafeAPI.Execute(["v1.part.workPlane",[{"type":"PLANE","references":[38],"name":"F490_makeCylinder_cad_primitives_py_12_plane","offset":"@expr.d491_plane_offset","id":4}]])
[0m[0;32m[2026-09-16 12:57:13.933][VERB] RETURN: {"result":"$6832"}
[0m[2026-09-16 12:57:13.968][DEBUG] Build graphic in: 1ms
[0;32m[2026-09-16 12:57:13.976][VERB] COMMANDCALL: _C.SafeAPI.Execute(["v1.sketch.create",[{"planeId":6832,"name":"F490_makeCylinder_cad_primitives_py_12_profile","id":4}]])
[0m[0;32m[2026-09-16 12:57:13.978][VERB] RETURN: {"result":"$6838"}
[0m[2026-09-16 12:57:14.013][DEBUG] Build graphic in: 0ms
[0;32m[2026-09-16 12:57:14.021][VERB] COMMANDCALL: _C.SafeAPI.Execute(["v1.sketch.circle",[{"radius":2.7,"id":6838,"genFixation":0,"centerPos":[56.4,63.2,0]}]])
[0m[0;32m[2026-09-16 12:57:14.022][VERB] RETURN: {"result":"$6844"}
[0m[2026-09-16 12:57:14.056][DEBUG] Build graphic in: 0ms
[0;32m[2026-09-16 12:57:14.065][VERB] COMMANDCALL: _C.SafeAPI.Execute(["v1.sketch.getPoints",[{"id":6844}]])
[0m[0;32m[2026-09-16 12:57:14.065][VERB] RETURN: {"result":{"centerId":"$6845"}}
[0m[0;32m[2026-09-16 12:57:14.107][VERB] COMMANDCALL: _C.SafeAPI.Execute(["v1.sketch.point",[{"pos":[-1000,-1000,0],"id":6838}]])
[0m[0;32m[2026-09-16 12:57:14.108][VERB] RETURN: {"result":"$6847"}
[0m[2026-09-16 12:57:14.143][DEBUG] Build graphic in: 0ms
[0;32m[2026-09-16 12:57:14.151][VERB] COMMANDCALL: _C.SafeAPI.Execute(["v1.sketch.constraint",[{"type":"FIXATION","id":6838,"geomIds":[6847]}]])
[0m[0;32m[2026-09-16 12:57:14.152][VERB] RETURN: {"result":"$6849"}
[0m[2026-09-16 12:57:14.187][DEBUG] Build graphic in: 0ms
[0;32m[2026-09-16 12:57:14.195][VERB] COMMANDCALL: _C.SafeAPI.Execute(["v1.sketch.dimension",[{"type":"HORIZONTAL_DISTANCE","value":"@expr.d492_position_x","name":"position_x","id":6838,"geomIds":[6847,6845]}]])
[0m[0;32m[2026-09-16 12:57:14.200][VERB] RETURN: {"result":"$6853"}
[0m[2026-09-16 12:57:14.233][DEBUG] Build graphic in: 0ms
[0;32m[2026-09-16 12:57:14.242][VERB] COMMANDCALL: _C.SafeAPI.Execute(["v1.sketch.dimension",[{"type":"VERTICAL_DISTANCE","value":"@expr.d493_position_y","name":"position_y","id":6838,"geomIds":[6847,6845]}]])
[0m[0;32m[2026-09-16 12:57:14.247][VERB] RETURN: {"result":"$6857"}
[0m[2026-09-16 12:57:14.282][DEBUG] Build graphic in: 0ms
[0;32m[2026-09-16 12:57:14.290][VERB] COMMANDCALL: _C.SafeAPI.Execute(["v1.sketch.dimension",[{"type":"RADIUS","value":"@expr.d494_radius","name":"radius","id":6838,"geomIds":[6844]}]])
[0m[0;32m[2026-09-16 12:57:14.296][VERB] RETURN: {"result":"$6861"}
[0m[2026-09-16 12:57:14.331][DEBUG] Build graphic in: 0ms
[0;32m[2026-09-16 12:57:14.339][VERB] COMMANDCALL: _C.SafeAPI.Execute(["v1.part.extrusion",[{"references":[6844],"name":"F490_makeCylinder_cad_primitives_py_12","taperAngle":0,"limit2":"@expr.d495_height","id":4}]])
[0m[0;32m[2026-09-16 12:57:14.345][VERB] RETURN: {"result":"$6865"}
[0m[2026-09-16 12:57:14.381][DEBUG] Build graphic in: 1ms
[0;32m[2026-09-16 12:57:14.390][VERB] COMMANDCALL: _C.SafeAPI.Execute(["v1.part.workPlane",[{"type":"PLANE","references":[38],"name":"F496_makeBox_cad_primitives_py_8_plane","offset":"@expr.d497_plane_offset","id":4}]])
[0m[0;32m[2026-09-16 12:57:14.394][VERB] RETURN: {"result":"$6887"}
[0m[2026-09-16 12:57:14.429][DEBUG] Build graphic in: 0ms
[0;32m[2026-09-16 12:57:14.437][VERB] COMMANDCALL: _C.SafeAPI.Execute(["v1.sketch.create",[{"planeId":6887,"name":"F496_makeBox_cad_primitives_py_8_profile","id":4}]])
[0m[0;32m[2026-09-16 12:57:14.439][VERB] RETURN: {"result":"$6893"}
[0m[2026-09-16 12:57:14.474][DEBUG] Build graphic in: 0ms
[0;32m[2026-09-16 12:57:14.483][VERB] COMMANDCALL: _C.SafeAPI.Execute(["v1.sketch.rectangle",[{"startPos":[48.8,-1.3,0],"id":6893,"genFixation":0,"endPos":[89.8,40.8,0]}]])
[0m[0;32m[2026-09-16 12:57:14.489][VERB] RETURN: {"result":["$6899","$6903","$6909","$6915"]}
[0m[2026-09-16 12:57:14.524][DEBUG] Build graphic in: 0ms
[0;32m[2026-09-16 12:57:14.532][VERB] COMMANDCALL: _C.SafeAPI.Execute(["v1.sketch.getPoints",[{"id":6899}]])
[0m[0;32m[2026-09-16 12:57:14.532][VERB] RETURN: {"result":{"endId":"$6901","startId":"$6900"}}
[0m[0;32m[2026-09-16 12:57:14.576][VERB] COMMANDCALL: _C.SafeAPI.Execute(["v1.sketch.point",[{"pos":[-1000,-1000,0],"id":6893}]])
[0m[0;32m[2026-09-16 12:57:14.579][VERB] RETURN: {"result":"$6931"}
[0m[2026-09-16 12:57:14.613][DEBUG] Build graphic in: 0ms
[0;32m[2026-09-16 12:57:14.622][VERB] COMMANDCALL: _C.SafeAPI.Execute(["v1.sketch.constraint",[{"type":"FIXATION","id":6893,"geomIds":[6931]}]])
[0m[0;32m[2026-09-16 12:57:14.623][VERB] RETURN: {"result":"$6933"}
[0m[2026-09-16 12:57:14.657][DEBUG] Build graphic in: 0ms
[0;32m[2026-09-16 12:57:14.665][VERB] COMMANDCALL: _C.SafeAPI.Execute(["v1.sketch.dimension",[{"type":"HORIZONTAL_DISTANCE","value":"@expr.d498_position_x","name":"position_x","id":6893,"geomIds":[6931,6900]}]])
[0m[0;32m[2026-09-16 12:57:14.671][VERB] RETURN: {"result":"$6937"}
[0m[2026-09-16 12:57:14.706][DEBUG] Build graphic in: 0ms
[0;32m[2026-09-16 12:57:14.714][VERB] COMMANDCALL: _C.SafeAPI.Execute(["v1.sketch.dimension",[{"type":"VERTICAL_DISTANCE","value":"@expr.d499_position_y","name":"position_y","id":6893,"geomIds":[6931,6900]}]])
[0m[0;32m[2026-09-16 12:57:14.721][VERB] RETURN: {"result":"$6941"}
[0m[2026-09-16 12:57:14.756][DEBUG] Build graphic in: 0ms
[0;32m[2026-09-16 12:57:14.765][VERB] COMMANDCALL: _C.SafeAPI.Execute(["v1.sketch.dimension",[{"type":"OFFSET","value":"@expr.d500_width","name":"width","id":6893,"geomIds":[6899]}]])
[0m[0;32m[2026-09-16 12:57:14.772][VERB] RETURN: {"result":"$6945"}
[0m[2026-09-16 12:57:14.808][DEBUG] Build graphic in: 1ms
[0;32m[2026-09-16 12:57:14.816][VERB] COMMANDCALL: _C.SafeAPI.Execute(["v1.sketch.dimension",[{"type":"OFFSET","value":"@expr.d501_depth","name":"depth","id":6893,"geomIds":[6903]}]])
[0m[0;32m[2026-09-16 12:57:14.825][VERB] RETURN: {"result":"$6949"}
[0m[2026-09-16 12:57:14.859][DEBUG] Build graphic in: 0ms
[0;32m[2026-09-16 12:57:14.868][VERB] COMMANDCALL: _C.SafeAPI.Execute(["v1.part.extrusion",[{"references":[6899,6903,6909,6915],"name":"F496_makeBox_cad_primitives_py_8","taperAngle":0,"limit2":"@expr.d502_height","id":4}]])
[0m[0;32m[2026-09-16 12:57:14.874][VERB] RETURN: {"result":"$6953"}
[0m[2026-09-16 12:57:14.910][DEBUG] Build graphic in: 0ms
[0;32m[2026-09-16 12:57:14.919][VERB] COMMANDCALL: _C.SafeAPI.Execute(["v1.part.workPlane",[{"type":"PLANE","references":[38],"name":"F503_makeBox_cad_primitives_py_8_plane","offset":"@expr.d504_plane_offset","id":4}]])
[0m[0;32m[2026-09-16 12:57:14.924][VERB] RETURN: {"result":"$6996"}
[0m[2026-09-16 12:57:14.958][DEBUG] Build graphic in: 0ms
[0;32m[2026-09-16 12:57:14.966][VERB] COMMANDCALL: _C.SafeAPI.Execute(["v1.sketch.create",[{"planeId":6996,"name":"F503_makeBox_cad_primitives_py_8_profile","id":4}]])
[0m[0;32m[2026-09-16 12:57:14.969][VERB] RETURN: {"result":"$7002"}
[0m[2026-09-16 12:57:15.004][DEBUG] Build graphic in: 0ms
[0;32m[2026-09-16 12:57:15.013][VERB] COMMANDCALL: _C.SafeAPI.Execute(["v1.sketch.rectangle",[{"startPos":[46.1,1.4,0],"id":7002,"genFixation":0,"endPos":[92.5,38.1,0]}]])
[0m[0;32m[2026-09-16 12:57:15.019][VERB] RETURN: {"result":["$7008","$7012","$7018","$7024"]}
[0m[2026-09-16 12:57:15.055][DEBUG] Build graphic in: 0ms
[0;32m[2026-09-16 12:57:15.064][VERB] COMMANDCALL: _C.SafeAPI.Execute(["v1.sketch.getPoints",[{"id":7008}]])
[0m[0;32m[2026-09-16 12:57:15.064][VERB] RETURN: {"result":{"endId":"$7010","startId":"$7009"}}
[0m[0;32m[2026-09-16 12:57:15.108][VERB] COMMANDCALL: _C.SafeAPI.Execute(["v1.sketch.point",[{"pos":[-1000,-1000,0],"id":7002}]])
[0m[0;32m[2026-09-16 12:57:15.110][VERB] RETURN: {"result":"$7040"}
[0m[2026-09-16 12:57:15.146][DEBUG] Build graphic in: 0ms
[0;32m[2026-09-16 12:57:15.154][VERB] COMMANDCALL: _C.SafeAPI.Execute(["v1.sketch.constraint",[{"type":"FIXATION","id":7002,"geomIds":[7040]}]])
[0m[0;32m[2026-09-16 12:57:15.156][VERB] RETURN: {"result":"$7042"}
[0m[2026-09-16 12:57:15.191][DEBUG] Build graphic in: 0ms
[0;32m[2026-09-16 12:57:15.199][VERB] COMMANDCALL: _C.SafeAPI.Execute(["v1.sketch.dimension",[{"type":"HORIZONTAL_DISTANCE","value":"@expr.d505_position_x","name":"position_x","id":7002,"geomIds":[7040,7009]}]])
[0m[0;32m[2026-09-16 12:57:15.205][VERB] RETURN: {"result":"$7046"}
[0m[2026-09-16 12:57:15.240][DEBUG] Build graphic in: 0ms
[0;32m[2026-09-16 12:57:15.249][VERB] COMMANDCALL: _C.SafeAPI.Execute(["v1.sketch.dimension",[{"type":"VERTICAL_DISTANCE","value":"@expr.d506_position_y","name":"position_y","id":7002,"geomIds":[7040,7009]}]])
[0m[0;32m[2026-09-16 12:57:15.255][VERB] RETURN: {"result":"$7050"}
[0m[2026-09-16 12:57:15.291][DEBUG] Build graphic in: 0ms
[0;32m[2026-09-16 12:57:15.300][VERB] COMMANDCALL: _C.SafeAPI.Execute(["v1.sketch.dimension",[{"type":"OFFSET","value":"@expr.d507_width","name":"width","id":7002,"geomIds":[7008]}]])
[0m[0;32m[2026-09-16 12:57:15.307][VERB] RETURN: {"result":"$7054"}
[0m[2026-09-16 12:57:15.343][DEBUG] Build graphic in: 0ms
[0;32m[2026-09-16 12:57:15.352][VERB] COMMANDCALL: _C.SafeAPI.Execute(["v1.sketch.dimension",[{"type":"OFFSET","value":"@expr.d508_depth","name":"depth","id":7002,"geomIds":[7012]}]])
[0m[0;32m[2026-09-16 12:57:15.360][VERB] RETURN: {"result":"$7058"}
[0m[2026-09-16 12:57:15.396][DEBUG] Build graphic in: 0ms
[0;32m[2026-09-16 12:57:15.405][VERB] COMMANDCALL: _C.SafeAPI.Execute(["v1.part.extrusion",[{"references":[7008,7012,7018,7024],"name":"F503_makeBox_cad_primitives_py_8","taperAngle":0,"limit2":"@expr.d509_height","id":4}]])
[0m[0;32m[2026-09-16 12:57:15.411][VERB] RETURN: {"result":"$7062"}
[0m[2026-09-16 12:57:15.447][DEBUG] Build graphic in: 0ms
[0;32m[2026-09-16 12:57:15.456][VERB] COMMANDCALL: _C.SafeAPI.Execute(["v1.part.workPlane",[{"type":"PLANE","references":[38],"name":"F510_makeCylinder_cad_primitives_py_12_plane","offset":"@expr.d511_plane_offset","id":4}]])
[0m[0;32m[2026-09-16 12:57:15.460][VERB] RETURN: {"result":"$7105"}
[0m[2026-09-16 12:57:15.495][DEBUG] Build graphic in: 0ms
[0;32m[2026-09-16 12:57:15.504][VERB] COMMANDCALL: _C.SafeAPI.Execute(["v1.sketch.create",[{"planeId":7105,"name":"F510_makeCylinder_cad_primitives_py_12_profile","id":4}]])
[0m[0;32m[2026-09-16 12:57:15.506][VERB] RETURN: {"result":"$7111"}
[0m[2026-09-16 12:57:15.542][DEBUG] Build graphic in: 0ms
[0;32m[2026-09-16 12:57:15.551][VERB] COMMANDCALL: _C.SafeAPI.Execute(["v1.sketch.circle",[{"radius":2.7,"id":7111,"genFixation":0,"centerPos":[48.8,1.4,0]}]])
[0m[0;32m[2026-09-16 12:57:15.552][VERB] RETURN: {"result":"$7117"}
[0m[2026-09-16 12:57:15.588][DEBUG] Build graphic in: 0ms
[0;32m[2026-09-16 12:57:15.597][VERB] COMMANDCALL: _C.SafeAPI.Execute(["v1.sketch.getPoints",[{"id":7117}]])
[0m[0;32m[2026-09-16 12:57:15.597][VERB] RETURN: {"result":{"centerId":"$7118"}}
[0m[0;32m[2026-09-16 12:57:15.642][VERB] COMMANDCALL: _C.SafeAPI.Execute(["v1.sketch.point",[{"pos":[-1000,-1000,0],"id":7111}]])
[0m[0;32m[2026-09-16 12:57:15.643][VERB] RETURN: {"result":"$7120"}
[0m[2026-09-16 12:57:15.679][DEBUG] Build graphic in: 0ms
[0;32m[2026-09-16 12:57:15.687][VERB] COMMANDCALL: _C.SafeAPI.Execute(["v1.sketch.constraint",[{"type":"FIXATION","id":7111,"geomIds":[7120]}]])
[0m[0;32m[2026-09-16 12:57:15.689][VERB] RETURN: {"result":"$7122"}
[0m[2026-09-16 12:57:15.726][DEBUG] Build graphic in: 0ms
[0;32m[2026-09-16 12:57:15.734][VERB] COMMANDCALL: _C.SafeAPI.Execute(["v1.sketch.dimension",[{"type":"HORIZONTAL_DISTANCE","value":"@expr.d512_position_x","name":"position_x","id":7111,"geomIds":[7120,7118]}]])
[0m[0;32m[2026-09-16 12:57:15.739][VERB] RETURN: {"result":"$7126"}
[0m[2026-09-16 12:57:15.775][DEBUG] Build graphic in: 0ms
[0;32m[2026-09-16 12:57:15.784][VERB] COMMANDCALL: _C.SafeAPI.Execute(["v1.sketch.dimension",[{"type":"VERTICAL_DISTANCE","value":"@expr.d513_position_y","name":"position_y","id":7111,"geomIds":[7120,7118]}]])
[0m[0;32m[2026-09-16 12:57:15.789][VERB] RETURN: {"result":"$7130"}
[0m[2026-09-16 12:57:15.825][DEBUG] Build graphic in: 0ms
[0;32m[2026-09-16 12:57:15.834][VERB] COMMANDCALL: _C.SafeAPI.Execute(["v1.sketch.dimension",[{"type":"RADIUS","value":"@expr.d514_radius","name":"radius","id":7111,"geomIds":[7117]}]])
[0m[0;32m[2026-09-16 12:57:15.839][VERB] RETURN: {"result":"$7134"}
[0m[2026-09-16 12:57:15.875][DEBUG] Build graphic in: 0ms
[0;32m[2026-09-16 12:57:15.884][VERB] COMMANDCALL: _C.SafeAPI.Execute(["v1.part.extrusion",[{"references":[7117],"name":"F510_makeCylinder_cad_primitives_py_12","taperAngle":0,"limit2":"@expr.d515_height","id":4}]])
[0m[0;32m[2026-09-16 12:57:15.890][VERB] RETURN: {"result":"$7138"}
[0m[2026-09-16 12:57:15.928][DEBUG] Build graphic in: 2ms
[0;32m[2026-09-16 12:57:15.937][VERB] COMMANDCALL: _C.SafeAPI.Execute(["v1.part.workPlane",[{"type":"PLANE","references":[38],"name":"F516_makeCylinder_cad_primitives_py_12_plane","offset":"@expr.d517_plane_offset","id":4}]])
[0m[0;32m[2026-09-16 12:57:15.941][VERB] RETURN: {"result":"$7160"}
[0m[2026-09-16 12:57:15.977][DEBUG] Build graphic in: 0ms
[0;32m[2026-09-16 12:57:15.986][VERB] COMMANDCALL: _C.SafeAPI.Execute(["v1.sketch.create",[{"planeId":7160,"name":"F516_makeCylinder_cad_primitives_py_12_profile","id":4}]])
[0m[0;32m[2026-09-16 12:57:15.989][VERB] RETURN: {"result":"$7166"}
[0m[2026-09-16 12:57:16.024][DEBUG] Build graphic in: 0ms
[0;32m[2026-09-16 12:57:16.033][VERB] COMMANDCALL: _C.SafeAPI.Execute(["v1.sketch.circle",[{"radius":2.7,"id":7166,"genFixation":0,"centerPos":[48.8,38.1,0]}]])
[0m[0;32m[2026-09-16 12:57:16.034][VERB] RETURN: {"result":"$7172"}
[0m[2026-09-16 12:57:16.071][DEBUG] Build graphic in: 0ms
[0;32m[2026-09-16 12:57:16.080][VERB] COMMANDCALL: _C.SafeAPI.Execute(["v1.sketch.getPoints",[{"id":7172}]])
[0m[0;32m[2026-09-16 12:57:16.080][VERB] RETURN: {"result":{"centerId":"$7173"}}
[0m[0;32m[2026-09-16 12:57:16.125][VERB] COMMANDCALL: _C.SafeAPI.Execute(["v1.sketch.point",[{"pos":[-1000,-1000,0],"id":7166}]])
[0m[0;32m[2026-09-16 12:57:16.126][VERB] RETURN: {"result":"$7175"}
[0m[2026-09-16 12:57:16.163][DEBUG] Build graphic in: 0ms
[0;32m[2026-09-16 12:57:16.171][VERB] COMMANDCALL: _C.SafeAPI.Execute(["v1.sketch.constraint",[{"type":"FIXATION","id":7166,"geomIds":[7175]}]])
[0m[0;32m[2026-09-16 12:57:16.173][VERB] RETURN: {"result":"$7177"}
[0m[2026-09-16 12:57:16.209][DEBUG] Build graphic in: 0ms
[0;32m[2026-09-16 12:57:16.218][VERB] COMMANDCALL: _C.SafeAPI.Execute(["v1.sketch.dimension",[{"type":"HORIZONTAL_DISTANCE","value":"@expr.d518_position_x","name":"position_x","id":7166,"geomIds":[7175,7173]}]])
[0m[0;32m[2026-09-16 12:57:16.222][VERB] RETURN: {"result":"$7181"}
[0m[2026-09-16 12:57:16.259][DEBUG] Build graphic in: 1ms
[0;32m[2026-09-16 12:57:16.267][VERB] COMMANDCALL: _C.SafeAPI.Execute(["v1.sketch.dimension",[{"type":"VERTICAL_DISTANCE","value":"@expr.d519_position_y","name":"position_y","id":7166,"geomIds":[7175,7173]}]])
[0m[0;32m[2026-09-16 12:57:16.273][VERB] RETURN: {"result":"$7185"}
[0m[2026-09-16 12:57:16.309][DEBUG] Build graphic in: 0ms
[0;32m[2026-09-16 12:57:16.318][VERB] COMMANDCALL: _C.SafeAPI.Execute(["v1.sketch.dimension",[{"type":"RADIUS","value":"@expr.d520_radius","name":"radius","id":7166,"geomIds":[7172]}]])
[0m[0;32m[2026-09-16 12:57:16.323][VERB] RETURN: {"result":"$7189"}
[0m[2026-09-16 12:57:16.360][DEBUG] Build graphic in: 0ms
[0;32m[2026-09-16 12:57:16.369][VERB] COMMANDCALL: _C.SafeAPI.Execute(["v1.part.extrusion",[{"references":[7172],"name":"F516_makeCylinder_cad_primitives_py_12","taperAngle":0,"limit2":"@expr.d521_height","id":4}]])
[0m[0;32m[2026-09-16 12:57:16.375][VERB] RETURN: {"result":"$7193"}
[0m[2026-09-16 12:57:16.412][DEBUG] Build graphic in: 1ms
[0;32m[2026-09-16 12:57:16.421][VERB] COMMANDCALL: _C.SafeAPI.Execute(["v1.part.workPlane",[{"type":"PLANE","references":[38],"name":"F522_makeCylinder_cad_primitives_py_12_plane","offset":"@expr.d523_plane_offset","id":4}]])
[0m[0;32m[2026-09-16 12:57:16.426][VERB] RETURN: {"result":"$7215"}
[0m[2026-09-16 12:57:16.462][DEBUG] Build graphic in: 0ms
[0;32m[2026-09-16 12:57:16.471][VERB] COMMANDCALL: _C.SafeAPI.Execute(["v1.sketch.create",[{"planeId":7215,"name":"F522_makeCylinder_cad_primitives_py_12_profile","id":4}]])
[0m[0;32m[2026-09-16 12:57:16.473][VERB] RETURN: {"result":"$7221"}
[0m[2026-09-16 12:57:16.510][DEBUG] Build graphic in: 0ms
[0;32m[2026-09-16 12:57:16.518][VERB] COMMANDCALL: _C.SafeAPI.Execute(["v1.sketch.circle",[{"radius":2.7,"id":7221,"genFixation":0,"centerPos":[89.8,1.4,0]}]])
[0m[0;32m[2026-09-16 12:57:16.520][VERB] RETURN: {"result":"$7227"}
[0m[2026-09-16 12:57:16.556][DEBUG] Build graphic in: 0ms
[0;32m[2026-09-16 12:57:16.565][VERB] COMMANDCALL: _C.SafeAPI.Execute(["v1.sketch.getPoints",[{"id":7227}]])
[0m[0;32m[2026-09-16 12:57:16.565][VERB] RETURN: {"result":{"centerId":"$7228"}}
[0m[0;32m[2026-09-16 12:57:16.611][VERB] COMMANDCALL: _C.SafeAPI.Execute(["v1.sketch.point",[{"pos":[-1000,-1000,0],"id":7221}]])
[0m[0;32m[2026-09-16 12:57:16.612][VERB] RETURN: {"result":"$7230"}
[0m[2026-09-16 12:57:16.649][DEBUG] Build graphic in: 0ms
[0;32m[2026-09-16 12:57:16.658][VERB] COMMANDCALL: _C.SafeAPI.Execute(["v1.sketch.constraint",[{"type":"FIXATION","id":7221,"geomIds":[7230]}]])
[0m[0;32m[2026-09-16 12:57:16.659][VERB] RETURN: {"result":"$7232"}
[0m[2026-09-16 12:57:16.697][DEBUG] Build graphic in: 1ms
[0;32m[2026-09-16 12:57:16.706][VERB] COMMANDCALL: _C.SafeAPI.Execute(["v1.sketch.dimension",[{"type":"HORIZONTAL_DISTANCE","value":"@expr.d524_position_x","name":"position_x","id":7221,"geomIds":[7230,7228]}]])
[0m[0;32m[2026-09-16 12:57:16.710][VERB] RETURN: {"result":"$7236"}
[0m[2026-09-16 12:57:16.746][DEBUG] Build graphic in: 0ms
[0;32m[2026-09-16 12:57:16.755][VERB] COMMANDCALL: _C.SafeAPI.Execute(["v1.sketch.dimension",[{"type":"VERTICAL_DISTANCE","value":"@expr.d525_position_y","name":"position_y","id":7221,"geomIds":[7230,7228]}]])
[0m[0;32m[2026-09-16 12:57:16.760][VERB] RETURN: {"result":"$7240"}
[0m[2026-09-16 12:57:16.797][DEBUG] Build graphic in: 0ms
[0;32m[2026-09-16 12:57:16.806][VERB] COMMANDCALL: _C.SafeAPI.Execute(["v1.sketch.dimension",[{"type":"RADIUS","value":"@expr.d526_radius","name":"radius","id":7221,"geomIds":[7227]}]])
[0m[0;32m[2026-09-16 12:57:16.811][VERB] RETURN: {"result":"$7244"}
[0m[2026-09-16 12:57:16.848][DEBUG] Build graphic in: 0ms
[0;32m[2026-09-16 12:57:16.857][VERB] COMMANDCALL: _C.SafeAPI.Execute(["v1.part.extrusion",[{"references":[7227],"name":"F522_makeCylinder_cad_primitives_py_12","taperAngle":0,"limit2":"@expr.d527_height","id":4}]])
[0m[0;32m[2026-09-16 12:57:16.863][VERB] RETURN: {"result":"$7248"}
[0m[2026-09-16 12:57:16.901][DEBUG] Build graphic in: 1ms
[0;32m[2026-09-16 12:57:16.910][VERB] COMMANDCALL: _C.SafeAPI.Execute(["v1.part.workPlane",[{"type":"PLANE","references":[38],"name":"F528_makeCylinder_cad_primitives_py_12_plane","offset":"@expr.d529_plane_offset","id":4}]])
[0m[0;32m[2026-09-16 12:57:16.915][VERB] RETURN: {"result":"$7270"}
[0m[2026-09-16 12:57:16.951][DEBUG] Build graphic in: 0ms
[0;32m[2026-09-16 12:57:16.961][VERB] COMMANDCALL: _C.SafeAPI.Execute(["v1.sketch.create",[{"planeId":7270,"name":"F528_makeCylinder_cad_primitives_py_12_profile","id":4}]])
[0m[0;32m[2026-09-16 12:57:16.963][VERB] RETURN: {"result":"$7276"}
[0m[2026-09-16 12:57:16.999][DEBUG] Build graphic in: 0ms
[0;32m[2026-09-16 12:57:17.008][VERB] COMMANDCALL: _C.SafeAPI.Execute(["v1.sketch.circle",[{"radius":2.7,"id":7276,"genFixation":0,"centerPos":[89.8,38.1,0]}]])
[0m[0;32m[2026-09-16 12:57:17.009][VERB] RETURN: {"result":"$7282"}
[0m[2026-09-16 12:57:17.047][DEBUG] Build graphic in: 0ms
[0;32m[2026-09-16 12:57:17.056][VERB] COMMANDCALL: _C.SafeAPI.Execute(["v1.sketch.getPoints",[{"id":7282}]])
[0m[0;32m[2026-09-16 12:57:17.056][VERB] RETURN: {"result":{"centerId":"$7283"}}
[0m[0;32m[2026-09-16 12:57:17.102][VERB] COMMANDCALL: _C.SafeAPI.Execute(["v1.sketch.point",[{"pos":[-1000,-1000,0],"id":7276}]])
[0m[0;32m[2026-09-16 12:57:17.103][VERB] RETURN: {"result":"$7285"}
[0m[2026-09-16 12:57:17.140][DEBUG] Build graphic in: 0ms
[0;32m[2026-09-16 12:57:17.149][VERB] COMMANDCALL: _C.SafeAPI.Execute(["v1.sketch.constraint",[{"type":"FIXATION","id":7276,"geomIds":[7285]}]])
[0m[0;32m[2026-09-16 12:57:17.150][VERB] RETURN: {"result":"$7287"}
[0m[2026-09-16 12:57:17.188][DEBUG] Build graphic in: 0ms
[0;32m[2026-09-16 12:57:17.197][VERB] COMMANDCALL: _C.SafeAPI.Execute(["v1.sketch.dimension",[{"type":"HORIZONTAL_DISTANCE","value":"@expr.d530_position_x","name":"position_x","id":7276,"geomIds":[7285,7283]}]])
[0m[0;32m[2026-09-16 12:57:17.201][VERB] RETURN: {"result":"$7291"}
[0m[2026-09-16 12:57:17.239][DEBUG] Build graphic in: 0ms
[0;32m[2026-09-16 12:57:17.248][VERB] COMMANDCALL: _C.SafeAPI.Execute(["v1.sketch.dimension",[{"type":"VERTICAL_DISTANCE","value":"@expr.d531_position_y","name":"position_y","id":7276,"geomIds":[7285,7283]}]])
[0m[0;32m[2026-09-16 12:57:17.253][VERB] RETURN: {"result":"$7295"}
[0m[2026-09-16 12:57:17.290][DEBUG] Build graphic in: 0ms
[0;32m[2026-09-16 12:57:17.299][VERB] COMMANDCALL: _C.SafeAPI.Execute(["v1.sketch.dimension",[{"type":"RADIUS","value":"@expr.d532_radius","name":"radius","id":7276,"geomIds":[7282]}]])
[0m[0;32m[2026-09-16 12:57:17.305][VERB] RETURN: {"result":"$7299"}
[0m[2026-09-16 12:57:17.342][DEBUG] Build graphic in: 0ms
[0;32m[2026-09-16 12:57:17.351][VERB] COMMANDCALL: _C.SafeAPI.Execute(["v1.part.extrusion",[{"references":[7282],"name":"F528_makeCylinder_cad_primitives_py_12","taperAngle":0,"limit2":"@expr.d533_height","id":4}]])
[0m[0;32m[2026-09-16 12:57:17.357][VERB] RETURN: {"result":"$7303"}
[0m[2026-09-16 12:57:17.396][DEBUG] Build graphic in: 1ms
[0;32m[2026-09-16 12:57:17.405][VERB] COMMANDCALL: _C.SafeAPI.Execute(["v1.part.workPlane",[{"type":"PLANE","references":[38],"name":"F534_makeBox_shell_skin_py_38_plane","offset":"@expr.d535_plane_offset","id":4}]])
[0m[0;32m[2026-09-16 12:57:17.410][VERB] RETURN: {"result":"$7325"}
[0m[2026-09-16 12:57:17.447][DEBUG] Build graphic in: 0ms
[0;32m[2026-09-16 12:57:17.456][VERB] COMMANDCALL: _C.SafeAPI.Execute(["v1.sketch.create",[{"planeId":7325,"name":"F534_makeBox_shell_skin_py_38_profile","id":4}]])
[0m[0;32m[2026-09-16 12:57:17.458][VERB] RETURN: {"result":"$7331"}
[0m[2026-09-16 12:57:17.495][DEBUG] Build graphic in: 0ms
[0;32m[2026-09-16 12:57:17.504][VERB] COMMANDCALL: _C.SafeAPI.Execute(["v1.sketch.rectangle",[{"startPos":[89.8,-1.3,0],"id":7331,"genFixation":0,"endPos":[92.5,40.8,0]}]])
[0m[0;32m[2026-09-16 12:57:17.510][VERB] RETURN: {"result":["$7337","$7341","$7347","$7353"]}
[0m[2026-09-16 12:57:17.548][DEBUG] Build graphic in: 0ms
[0;32m[2026-09-16 12:57:17.557][VERB] COMMANDCALL: _C.SafeAPI.Execute(["v1.sketch.getPoints",[{"id":7337}]])
[0m[0;32m[2026-09-16 12:57:17.557][VERB] RETURN: {"result":{"endId":"$7339","startId":"$7338"}}
[0m[0;32m[2026-09-16 12:57:17.605][VERB] COMMANDCALL: _C.SafeAPI.Execute(["v1.sketch.point",[{"pos":[-1000,-1000,0],"id":7331}]])
[0m[0;32m[2026-09-16 12:57:17.607][VERB] RETURN: {"result":"$7369"}
[0m[2026-09-16 12:57:17.645][DEBUG] Build graphic in: 0ms
[0;32m[2026-09-16 12:57:17.654][VERB] COMMANDCALL: _C.SafeAPI.Execute(["v1.sketch.constraint",[{"type":"FIXATION","id":7331,"geomIds":[7369]}]])
[0m[0;32m[2026-09-16 12:57:17.656][VERB] RETURN: {"result":"$7371"}
[0m[2026-09-16 12:57:17.693][DEBUG] Build graphic in: 0ms
[0;32m[2026-09-16 12:57:17.702][VERB] COMMANDCALL: _C.SafeAPI.Execute(["v1.sketch.dimension",[{"type":"HORIZONTAL_DISTANCE","value":"@expr.d536_position_x","name":"position_x","id":7331,"geomIds":[7369,7338]}]])
[0m[0;32m[2026-09-16 12:57:17.707][VERB] RETURN: {"result":"$7375"}
[0m[2026-09-16 12:57:17.746][DEBUG] Build graphic in: 0ms
[0;32m[2026-09-16 12:57:17.755][VERB] COMMANDCALL: _C.SafeAPI.Execute(["v1.sketch.dimension",[{"type":"VERTICAL_DISTANCE","value":"@expr.d537_position_y","name":"position_y","id":7331,"geomIds":[7369,7338]}]])
[0m[0;32m[2026-09-16 12:57:17.761][VERB] RETURN: {"result":"$7379"}
[0m[2026-09-16 12:57:17.798][DEBUG] Build graphic in: 0ms
[0;32m[2026-09-16 12:57:17.808][VERB] COMMANDCALL: _C.SafeAPI.Execute(["v1.sketch.dimension",[{"type":"OFFSET","value":"@expr.d538_width","name":"width","id":7331,"geomIds":[7337]}]])
[0m[0;32m[2026-09-16 12:57:17.815][VERB] RETURN: {"result":"$7383"}
[0m[2026-09-16 12:57:17.853][DEBUG] Build graphic in: 0ms
[0;32m[2026-09-16 12:57:17.862][VERB] COMMANDCALL: _C.SafeAPI.Execute(["v1.sketch.dimension",[{"type":"OFFSET","value":"@expr.d539_depth","name":"depth","id":7331,"geomIds":[7341]}]])
[0m[0;32m[2026-09-16 12:57:17.870][VERB] RETURN: {"result":"$7387"}
[0m[2026-09-16 12:57:17.908][DEBUG] Build graphic in: 0ms
[0;32m[2026-09-16 12:57:17.917][VERB] COMMANDCALL: _C.SafeAPI.Execute(["v1.part.extrusion",[{"references":[7337,7341,7347,7353],"name":"F534_makeBox_shell_skin_py_38","taperAngle":0,"limit2":"@expr.d540_height","id":4}]])
[0m[0;32m[2026-09-16 12:57:17.923][VERB] RETURN: {"result":"$7391"}
[0m[2026-09-16 12:57:17.962][DEBUG] Build graphic in: 1ms
[0;32m[2026-09-16 12:57:17.971][VERB] COMMANDCALL: _C.SafeAPI.Execute(["v1.part.workPlane",[{"type":"PLANE","references":[38],"name":"F541_makeBox_cad_primitives_py_8_plane","offset":"@expr.d542_plane_offset","id":4}]])
[0m[0;32m[2026-09-16 12:57:17.975][VERB] RETURN: {"result":"$7434"}
[0m[2026-09-16 12:57:18.013][DEBUG] Build graphic in: 0ms
[0;32m[2026-09-16 12:57:18.023][VERB] COMMANDCALL: _C.SafeAPI.Execute(["v1.sketch.create",[{"planeId":7434,"name":"F541_makeBox_cad_primitives_py_8_profile","id":4}]])
[0m[0;32m[2026-09-16 12:57:18.025][VERB] RETURN: {"result":"$7440"}
[0m[2026-09-16 12:57:18.063][DEBUG] Build graphic in: 0ms
[0;32m[2026-09-16 12:57:18.072][VERB] COMMANDCALL: _C.SafeAPI.Execute(["v1.sketch.rectangle",[{"startPos":[88.05,-7,0],"id":7440,"genFixation":0,"endPos":[92.5,5,0]}]])
[0m[0;32m[2026-09-16 12:57:18.079][VERB] RETURN: {"result":["$7446","$7450","$7456","$7462"]}
[0m[2026-09-16 12:57:18.117][DEBUG] Build graphic in: 0ms
[0;32m[2026-09-16 12:57:18.126][VERB] COMMANDCALL: _C.SafeAPI.Execute(["v1.sketch.getPoints",[{"id":7446}]])
[0m[0;32m[2026-09-16 12:57:18.127][VERB] RETURN: {"result":{"endId":"$7448","startId":"$7447"}}
[0m[0;32m[2026-09-16 12:57:18.174][VERB] COMMANDCALL: _C.SafeAPI.Execute(["v1.sketch.point",[{"pos":[-1000,-1000,0],"id":7440}]])
[0m[0;32m[2026-09-16 12:57:18.177][VERB] RETURN: {"result":"$7478"}
[0m[2026-09-16 12:57:18.214][DEBUG] Build graphic in: 0ms
[0;32m[2026-09-16 12:57:18.223][VERB] COMMANDCALL: _C.SafeAPI.Execute(["v1.sketch.constraint",[{"type":"FIXATION","id":7440,"geomIds":[7478]}]])
[0m[0;32m[2026-09-16 12:57:18.225][VERB] RETURN: {"result":"$7480"}
[0m[2026-09-16 12:57:18.264][DEBUG] Build graphic in: 0ms
[0;32m[2026-09-16 12:57:18.273][VERB] COMMANDCALL: _C.SafeAPI.Execute(["v1.sketch.dimension",[{"type":"HORIZONTAL_DISTANCE","value":"@expr.d543_position_x","name":"position_x","id":7440,"geomIds":[7478,7447]}]])
[0m[0;32m[2026-09-16 12:57:18.280][VERB] RETURN: {"result":"$7484"}
[0m[2026-09-16 12:57:18.319][DEBUG] Build graphic in: 0ms
[0;32m[2026-09-16 12:57:18.328][VERB] COMMANDCALL: _C.SafeAPI.Execute(["v1.sketch.dimension",[{"type":"VERTICAL_DISTANCE","value":"@expr.d544_position_y","name":"position_y","id":7440,"geomIds":[7478,7447]}]])
[0m[0;32m[2026-09-16 12:57:18.334][VERB] RETURN: {"result":"$7488"}
[0m[2026-09-16 12:57:18.373][DEBUG] Build graphic in: 0ms
[0;32m[2026-09-16 12:57:18.382][VERB] COMMANDCALL: _C.SafeAPI.Execute(["v1.sketch.dimension",[{"type":"OFFSET","value":"@expr.d545_width","name":"width","id":7440,"geomIds":[7446]}]])
[0m[0;32m[2026-09-16 12:57:18.390][VERB] RETURN: {"result":"$7492"}
[0m[2026-09-16 12:57:18.429][DEBUG] Build graphic in: 1ms
[0;32m[2026-09-16 12:57:18.438][VERB] COMMANDCALL: _C.SafeAPI.Execute(["v1.sketch.dimension",[{"type":"OFFSET","value":"@expr.d546_depth","name":"depth","id":7440,"geomIds":[7450]}]])
[0m[0;32m[2026-09-16 12:57:18.446][VERB] RETURN: {"result":"$7496"}
[0m[2026-09-16 12:57:18.486][DEBUG] Build graphic in: 0ms
[0;32m[2026-09-16 12:57:18.495][VERB] COMMANDCALL: _C.SafeAPI.Execute(["v1.part.extrusion",[{"references":[7446,7450,7456,7462],"name":"F541_makeBox_cad_primitives_py_8","taperAngle":0,"limit2":"@expr.d547_height","id":4}]])
[0m[0;32m[2026-09-16 12:57:18.501][VERB] RETURN: {"result":"$7500"}
[0m[2026-09-16 12:57:18.540][DEBUG] Build graphic in: 1ms
[0;32m[2026-09-16 12:57:18.549][VERB] COMMANDCALL: _C.SafeAPI.Execute(["v1.part.workPlane",[{"type":"PLANE","references":[38],"name":"F549_makeBox_cad_primitives_py_8_plane","offset":"@expr.d550_plane_offset","id":4}]])
[0m[0;32m[2026-09-16 12:57:18.554][VERB] RETURN: {"result":"$7543"}
[0m[2026-09-16 12:57:18.592][DEBUG] Build graphic in: 0ms
[0;32m[2026-09-16 12:57:18.602][VERB] COMMANDCALL: _C.SafeAPI.Execute(["v1.sketch.create",[{"planeId":7543,"name":"F549_makeBox_cad_primitives_py_8_profile","id":4}]])
[0m[0;32m[2026-09-16 12:57:18.604][VERB] RETURN: {"result":"$7549"}
[0m[2026-09-16 12:57:18.642][DEBUG] Build graphic in: 0ms
[0;32m[2026-09-16 12:57:18.652][VERB] COMMANDCALL: _C.SafeAPI.Execute(["v1.sketch.rectangle",[{"startPos":[85.35,-4,0],"id":7549,"genFixation":0,"endPos":[88.05,-1.3,0]}]])
[0m[0;32m[2026-09-16 12:57:18.658][VERB] RETURN: {"result":["$7555","$7559","$7565","$7571"]}
[0m[2026-09-16 12:57:18.698][DEBUG] Build graphic in: 0ms
[0;32m[2026-09-16 12:57:18.708][VERB] COMMANDCALL: _C.SafeAPI.Execute(["v1.sketch.getPoints",[{"id":7555}]])
[0m[0;32m[2026-09-16 12:57:18.708][VERB] RETURN: {"result":{"endId":"$7557","startId":"$7556"}}
[0m[0;32m[2026-09-16 12:57:18.755][VERB] COMMANDCALL: _C.SafeAPI.Execute(["v1.sketch.point",[{"pos":[-1000,-1000,0],"id":7549}]])
[0m[0;32m[2026-09-16 12:57:18.758][VERB] RETURN: {"result":"$7587"}
[0m[2026-09-16 12:57:18.797][DEBUG] Build graphic in: 0ms
[0;32m[2026-09-16 12:57:18.807][VERB] COMMANDCALL: _C.SafeAPI.Execute(["v1.sketch.constraint",[{"type":"FIXATION","id":7549,"geomIds":[7587]}]])
[0m[0;32m[2026-09-16 12:57:18.809][VERB] RETURN: {"result":"$7589"}
[0m[2026-09-16 12:57:18.848][DEBUG] Build graphic in: 0ms
[0;32m[2026-09-16 12:57:18.858][VERB] COMMANDCALL: _C.SafeAPI.Execute(["v1.sketch.dimension",[{"type":"HORIZONTAL_DISTANCE","value":"@expr.d551_position_x","name":"position_x","id":7549,"geomIds":[7587,7556]}]])
[0m[0;32m[2026-09-16 12:57:18.864][VERB] RETURN: {"result":"$7593"}
[0m[2026-09-16 12:57:18.903][DEBUG] Build graphic in: 0ms
[0;32m[2026-09-16 12:57:18.913][VERB] COMMANDCALL: _C.SafeAPI.Execute(["v1.sketch.dimension",[{"type":"VERTICAL_DISTANCE","value":"@expr.d552_position_y","name":"position_y","id":7549,"geomIds":[7587,7556]}]])
[0m[0;32m[2026-09-16 12:57:18.919][VERB] RETURN: {"result":"$7597"}
[0m[2026-09-16 12:57:18.959][DEBUG] Build graphic in: 1ms
[0;32m[2026-09-16 12:57:18.968][VERB] COMMANDCALL: _C.SafeAPI.Execute(["v1.sketch.dimension",[{"type":"OFFSET","value":"@expr.d553_width","name":"width","id":7549,"geomIds":[7555]}]])
[0m[0;32m[2026-09-16 12:57:18.975][VERB] RETURN: {"result":"$7601"}
[0m[2026-09-16 12:57:19.015][DEBUG] Build graphic in: 0ms
[0;32m[2026-09-16 12:57:19.025][VERB] COMMANDCALL: _C.SafeAPI.Execute(["v1.sketch.dimension",[{"type":"OFFSET","value":"@expr.d554_depth","name":"depth","id":7549,"geomIds":[7559]}]])
[0m[0;32m[2026-09-16 12:57:19.033][VERB] RETURN: {"result":"$7605"}
[0m[2026-09-16 12:57:19.073][DEBUG] Build graphic in: 0ms
[0;32m[2026-09-16 12:57:19.083][VERB] COMMANDCALL: _C.SafeAPI.Execute(["v1.part.extrusion",[{"references":[7555,7559,7565,7571],"name":"F549_makeBox_cad_primitives_py_8","taperAngle":0,"limit2":"@expr.d555_height","id":4}]])
[0m[0;32m[2026-09-16 12:57:19.089][VERB] RETURN: {"result":"$7609"}
[0m[2026-09-16 12:57:19.129][DEBUG] Build graphic in: 1ms
[0;32m[2026-09-16 12:57:19.139][VERB] COMMANDCALL: _C.SafeAPI.Execute(["v1.part.workPlane",[{"type":"PLANE","references":[38],"name":"F556_makeCylinder_cad_primitives_py_12_plane","offset":"@expr.d557_plane_offset","id":4}]])
[0m[0;32m[2026-09-16 12:57:19.143][VERB] RETURN: {"result":"$7652"}
[0m[2026-09-16 12:57:19.182][DEBUG] Build graphic in: 0ms
[0;32m[2026-09-16 12:57:19.192][VERB] COMMANDCALL: _C.SafeAPI.Execute(["v1.sketch.create",[{"planeId":7652,"name":"F556_makeCylinder_cad_primitives_py_12_profile","id":4}]])
[0m[0;32m[2026-09-16 12:57:19.194][VERB] RETURN: {"result":"$7658"}
[0m[2026-09-16 12:57:19.234][DEBUG] Build graphic in: 0ms
[0;32m[2026-09-16 12:57:19.243][VERB] COMMANDCALL: _C.SafeAPI.Execute(["v1.sketch.circle",[{"radius":2.7,"id":7658,"genFixation":0,"centerPos":[85.35,-4,0]}]])
[0m[0;32m[2026-09-16 12:57:19.245][VERB] RETURN: {"result":"$7664"}
[0m[2026-09-16 12:57:19.285][DEBUG] Build graphic in: 0ms
[0;32m[2026-09-16 12:57:19.294][VERB] COMMANDCALL: _C.SafeAPI.Execute(["v1.sketch.getPoints",[{"id":7664}]])
[0m[0;32m[2026-09-16 12:57:19.294][VERB] RETURN: {"result":{"centerId":"$7665"}}
[0m[0;32m[2026-09-16 12:57:19.343][VERB] COMMANDCALL: _C.SafeAPI.Execute(["v1.sketch.point",[{"pos":[-1000,-1000,0],"id":7658}]])
[0m[0;32m[2026-09-16 12:57:19.344][VERB] RETURN: {"result":"$7667"}
[0m[2026-09-16 12:57:19.384][DEBUG] Build graphic in: 0ms
[0;32m[2026-09-16 12:57:19.393][VERB] COMMANDCALL: _C.SafeAPI.Execute(["v1.sketch.constraint",[{"type":"FIXATION","id":7658,"geomIds":[7667]}]])
[0m[0;32m[2026-09-16 12:57:19.394][VERB] RETURN: {"result":"$7669"}
[0m[2026-09-16 12:57:19.436][DEBUG] Build graphic in: 0ms
[0;32m[2026-09-16 12:57:19.445][VERB] COMMANDCALL: _C.SafeAPI.Execute(["v1.sketch.dimension",[{"type":"HORIZONTAL_DISTANCE","value":"@expr.d558_position_x","name":"position_x","id":7658,"geomIds":[7667,7665]}]])
[0m[0;32m[2026-09-16 12:57:19.450][VERB] RETURN: {"result":"$7673"}
[0m[2026-09-16 12:57:19.493][DEBUG] Build graphic in: 0ms
[0;32m[2026-09-16 12:57:19.502][VERB] COMMANDCALL: _C.SafeAPI.Execute(["v1.sketch.dimension",[{"type":"VERTICAL_DISTANCE","value":"@expr.d559_position_y","name":"position_y","id":7658,"geomIds":[7667,7665]}]])
[0m[0;32m[2026-09-16 12:57:19.507][VERB] RETURN: {"result":"$7677"}
[0m[2026-09-16 12:57:19.550][DEBUG] Build graphic in: 0ms
[0;32m[2026-09-16 12:57:19.559][VERB] COMMANDCALL: _C.SafeAPI.Execute(["v1.sketch.dimension",[{"type":"RADIUS","value":"@expr.d560_radius","name":"radius","id":7658,"geomIds":[7664]}]])
[0m[0;32m[2026-09-16 12:57:19.565][VERB] RETURN: {"result":"$7681"}
[0m[2026-09-16 12:57:19.608][DEBUG] Build graphic in: 1ms
[0;32m[2026-09-16 12:57:19.617][VERB] COMMANDCALL: _C.SafeAPI.Execute(["v1.part.extrusion",[{"references":[7664],"name":"F556_makeCylinder_cad_primitives_py_12","taperAngle":0,"limit2":"@expr.d561_height","id":4}]])
[0m[0;32m[2026-09-16 12:57:19.624][VERB] RETURN: {"result":"$7685"}
[0m[2026-09-16 12:57:19.667][DEBUG] Build graphic in: 1ms
[0;32m[2026-09-16 12:57:19.677][VERB] COMMANDCALL: _C.SafeAPI.Execute(["v1.part.boolean",[{"type":"SUBTRACTION","tools":[7685],"target":7609,"name":"F548_cut_housing_shell_py_25","id":4}]])
[0m[0;32m[2026-09-16 12:57:19.683][VERB] RETURN: {"result":"$7707"}
[0m[2026-09-16 12:57:19.727][DEBUG] Build graphic in: 1ms
[0;32m[2026-09-16 12:57:19.736][VERB] COMMANDCALL: _C.SafeAPI.Execute(["v1.part.workPlane",[{"type":"PLANE","references":[38],"name":"F562_makeBox_cad_primitives_py_8_plane","offset":"@expr.d563_plane_offset","id":4}]])
[0m[0;32m[2026-09-16 12:57:19.741][VERB] RETURN: {"result":"$7725"}
[0m[2026-09-16 12:57:19.784][DEBUG] Build graphic in: 0ms
[0;32m[2026-09-16 12:57:19.793][VERB] COMMANDCALL: _C.SafeAPI.Execute(["v1.sketch.create",[{"planeId":7725,"name":"F562_makeBox_cad_primitives_py_8_profile","id":4}]])
[0m[0;32m[2026-09-16 12:57:19.795][VERB] RETURN: {"result":"$7731"}
[0m[2026-09-16 12:57:19.838][DEBUG] Build graphic in: 0ms
[0;32m[2026-09-16 12:57:19.847][VERB] COMMANDCALL: _C.SafeAPI.Execute(["v1.sketch.rectangle",[{"startPos":[88.05,30,0],"id":7731,"genFixation":0,"endPos":[92.5,41.3,0]}]])
[0m[0;32m[2026-09-16 12:57:19.854][VERB] RETURN: {"result":["$7737","$7741","$7747","$7753"]}
[0m[2026-09-16 12:57:19.897][DEBUG] Build graphic in: 0ms
[0;32m[2026-09-16 12:57:19.907][VERB] COMMANDCALL: _C.SafeAPI.Execute(["v1.sketch.getPoints",[{"id":7737}]])
[0m[0;32m[2026-09-16 12:57:19.907][VERB] RETURN: {"result":{"endId":"$7739","startId":"$7738"}}
[0m[0;32m[2026-09-16 12:57:19.961][VERB] COMMANDCALL: _C.SafeAPI.Execute(["v1.sketch.point",[{"pos":[-1000,-1000,0],"id":7731}]])
[0m[0;32m[2026-09-16 12:57:19.963][VERB] RETURN: {"result":"$7769"}
[0m[2026-09-16 12:57:20.006][DEBUG] Build graphic in: 0ms
[0;32m[2026-09-16 12:57:20.018][VERB] COMMANDCALL: _C.SafeAPI.Execute(["v1.sketch.constraint",[{"type":"FIXATION","id":7731,"geomIds":[7769]}]])
[0m[0;32m[2026-09-16 12:57:20.021][VERB] RETURN: {"result":"$7771"}
[0m[2026-09-16 12:57:20.064][DEBUG] Build graphic in: 0ms
[0;32m[2026-09-16 12:57:20.074][VERB] COMMANDCALL: _C.SafeAPI.Execute(["v1.sketch.dimension",[{"type":"HORIZONTAL_DISTANCE","value":"@expr.d564_position_x","name":"position_x","id":7731,"geomIds":[7769,7738]}]])
[0m[0;32m[2026-09-16 12:57:20.079][VERB] RETURN: {"result":"$7775"}
[0m[2026-09-16 12:57:20.122][DEBUG] Build graphic in: 1ms
[0;32m[2026-09-16 12:57:20.131][VERB] COMMANDCALL: _C.SafeAPI.Execute(["v1.sketch.dimension",[{"type":"VERTICAL_DISTANCE","value":"@expr.d565_position_y","name":"position_y","id":7731,"geomIds":[7769,7738]}]])
[0m[0;32m[2026-09-16 12:57:20.138][VERB] RETURN: {"result":"$7779"}
[0m[2026-09-16 12:57:20.182][DEBUG] Build graphic in: 0ms
[0;32m[2026-09-16 12:57:20.191][VERB] COMMANDCALL: _C.SafeAPI.Execute(["v1.sketch.dimension",[{"type":"OFFSET","value":"@expr.d566_width","name":"width","id":7731,"geomIds":[7737]}]])
[0m[0;32m[2026-09-16 12:57:20.199][VERB] RETURN: {"result":"$7783"}
[0m[2026-09-16 12:57:20.241][DEBUG] Build graphic in: 0ms
[0;32m[2026-09-16 12:57:20.251][VERB] COMMANDCALL: _C.SafeAPI.Execute(["v1.sketch.dimension",[{"type":"OFFSET","value":"@expr.d567_depth","name":"depth","id":7731,"geomIds":[7741]}]])
[0m[0;32m[2026-09-16 12:57:20.259][VERB] RETURN: {"result":"$7787"}
[0m[2026-09-16 12:57:20.302][DEBUG] Build graphic in: 0ms
[0;32m[2026-09-16 12:57:20.312][VERB] COMMANDCALL: _C.SafeAPI.Execute(["v1.part.extrusion",[{"references":[7737,7741,7747,7753],"name":"F562_makeBox_cad_primitives_py_8","taperAngle":0,"limit2":"@expr.d568_height","id":4}]])
[0m[0;32m[2026-09-16 12:57:20.319][VERB] RETURN: {"result":"$7791"}
[0m[2026-09-16 12:57:20.363][DEBUG] Build graphic in: 1ms
[0;32m[2026-09-16 12:57:20.373][VERB] COMMANDCALL: _C.SafeAPI.Execute(["v1.part.workPlane",[{"type":"PLANE","references":[38],"name":"F569_makeBox_cad_primitives_py_8_plane","offset":"@expr.d570_plane_offset","id":4}]])
[0m[0;32m[2026-09-16 12:57:20.377][VERB] RETURN: {"result":"$7834"}
[0m[2026-09-16 12:57:20.420][DEBUG] Build graphic in: 0ms
[0;32m[2026-09-16 12:57:20.430][VERB] COMMANDCALL: _C.SafeAPI.Execute(["v1.sketch.create",[{"planeId":7834,"name":"F569_makeBox_cad_primitives_py_8_profile","id":4}]])
[0m[0;32m[2026-09-16 12:57:20.432][VERB] RETURN: {"result":"$7840"}
[0m[2026-09-16 12:57:20.476][DEBUG] Build graphic in: 0ms
[0;32m[2026-09-16 12:57:20.486][VERB] COMMANDCALL: _C.SafeAPI.Execute(["v1.sketch.rectangle",[{"startPos":[88.05,30,0],"id":7840,"genFixation":0,"endPos":[92.5,38,0]}]])
[0m[0;32m[2026-09-16 12:57:20.492][VERB] RETURN: {"result":["$7846","$7850","$7856","$7862"]}
[0m[2026-09-16 12:57:20.536][DEBUG] Build graphic in: 1ms
[0;32m[2026-09-16 12:57:20.545][VERB] COMMANDCALL: _C.SafeAPI.Execute(["v1.sketch.getPoints",[{"id":7846}]])
[0m[0;32m[2026-09-16 12:57:20.545][VERB] RETURN: {"result":{"endId":"$7848","startId":"$7847"}}
[0m[0;32m[2026-09-16 12:57:20.599][VERB] COMMANDCALL: _C.SafeAPI.Execute(["v1.sketch.point",[{"pos":[-1000,-1000,0],"id":7840}]])
[0m[0;32m[2026-09-16 12:57:20.601][VERB] RETURN: {"result":"$7878"}
[0m[2026-09-16 12:57:20.645][DEBUG] Build graphic in: 0ms
[0;32m[2026-09-16 12:57:20.655][VERB] COMMANDCALL: _C.SafeAPI.Execute(["v1.sketch.constraint",[{"type":"FIXATION","id":7840,"geomIds":[7878]}]])
[0m[0;32m[2026-09-16 12:57:20.657][VERB] RETURN: {"result":"$7880"}
[0m[2026-09-16 12:57:20.701][DEBUG] Build graphic in: 0ms
[0;32m[2026-09-16 12:57:20.711][VERB] COMMANDCALL: _C.SafeAPI.Execute(["v1.sketch.dimension",[{"type":"HORIZONTAL_DISTANCE","value":"@expr.d571_position_x","name":"position_x","id":7840,"geomIds":[7878,7847]}]])
[0m[0;32m[2026-09-16 12:57:20.717][VERB] RETURN: {"result":"$7884"}
[0m[2026-09-16 12:57:20.761][DEBUG] Build graphic in: 0ms
[0;32m[2026-09-16 12:57:20.771][VERB] COMMANDCALL: _C.SafeAPI.Execute(["v1.sketch.dimension",[{"type":"VERTICAL_DISTANCE","value":"@expr.d572_position_y","name":"position_y","id":7840,"geomIds":[7878,7847]}]])
[0m[0;32m[2026-09-16 12:57:20.778][VERB] RETURN: {"result":"$7888"}
[0m[2026-09-16 12:57:20.822][DEBUG] Build graphic in: 0ms
[0;32m[2026-09-16 12:57:20.831][VERB] COMMANDCALL: _C.SafeAPI.Execute(["v1.sketch.dimension",[{"type":"OFFSET","value":"@expr.d573_width","name":"width","id":7840,"geomIds":[7846]}]])
[0m[0;32m[2026-09-16 12:57:20.839][VERB] RETURN: {"result":"$7892"}
[0m[2026-09-16 12:57:20.883][DEBUG] Build graphic in: 0ms
[0;32m[2026-09-16 12:57:20.893][VERB] COMMANDCALL: _C.SafeAPI.Execute(["v1.sketch.dimension",[{"type":"OFFSET","value":"@expr.d574_depth","name":"depth","id":7840,"geomIds":[7850]}]])
[0m[0;32m[2026-09-16 12:57:20.901][VERB] RETURN: {"result":"$7896"}
[0m[2026-09-16 12:57:20.948][DEBUG] Build graphic in: 0ms
[0;32m[2026-09-16 12:57:20.959][VERB] COMMANDCALL: _C.SafeAPI.Execute(["v1.part.extrusion",[{"references":[7846,7850,7856,7862],"name":"F569_makeBox_cad_primitives_py_8","taperAngle":0,"limit2":"@expr.d575_height","id":4}]])
[0m[0;32m[2026-09-16 12:57:20.966][VERB] RETURN: {"result":"$7900"}
[0m[2026-09-16 12:57:21.011][DEBUG] Build graphic in: 1ms
[0;32m[2026-09-16 12:57:21.021][VERB] COMMANDCALL: _C.SafeAPI.Execute(["v1.part.workPlane",[{"type":"PLANE","references":[38],"name":"F577_makeBox_cad_primitives_py_8_plane","offset":"@expr.d578_plane_offset","id":4}]])
[0m[0;32m[2026-09-16 12:57:21.026][VERB] RETURN: {"result":"$7943"}
[0m[2026-09-16 12:57:21.071][DEBUG] Build graphic in: 0ms
[0;32m[2026-09-16 12:57:21.080][VERB] COMMANDCALL: _C.SafeAPI.Execute(["v1.sketch.create",[{"planeId":7943,"name":"F577_makeBox_cad_primitives_py_8_profile","id":4}]])
[0m[0;32m[2026-09-16 12:57:21.083][VERB] RETURN: {"result":"$7949"}
[0m[2026-09-16 12:57:21.125][DEBUG] Build graphic in: 0ms
[0;32m[2026-09-16 12:57:21.135][VERB] COMMANDCALL: _C.SafeAPI.Execute(["v1.sketch.rectangle",[{"startPos":[59.1,40.8,0],"id":7949,"genFixation":0,"endPos":[63.1,44.8,0]}]])
[0m[0;32m[2026-09-16 12:57:21.142][VERB] RETURN: {"result":["$7955","$7959","$7965","$7971"]}
[0m[2026-09-16 12:57:21.186][DEBUG] Build graphic in: 0ms
[0;32m[2026-09-16 12:57:21.195][VERB] COMMANDCALL: _C.SafeAPI.Execute(["v1.sketch.getPoints",[{"id":7955}]])
[0m[0;32m[2026-09-16 12:57:21.196][VERB] RETURN: {"result":{"endId":"$7957","startId":"$7956"}}
[0m[0;32m[2026-09-16 12:57:21.249][VERB] COMMANDCALL: _C.SafeAPI.Execute(["v1.sketch.point",[{"pos":[-1000,-1000,0],"id":7949}]])
[0m[0;32m[2026-09-16 12:57:21.251][VERB] RETURN: {"result":"$7987"}
[0m[2026-09-16 12:57:21.296][DEBUG] Build graphic in: 0ms
[0;32m[2026-09-16 12:57:21.306][VERB] COMMANDCALL: _C.SafeAPI.Execute(["v1.sketch.constraint",[{"type":"FIXATION","id":7949,"geomIds":[7987]}]])
[0m[0;32m[2026-09-16 12:57:21.307][VERB] RETURN: {"result":"$7989"}
[0m[2026-09-16 12:57:21.353][DEBUG] Build graphic in: 0ms
[0;32m[2026-09-16 12:57:21.362][VERB] COMMANDCALL: _C.SafeAPI.Execute(["v1.sketch.dimension",[{"type":"HORIZONTAL_DISTANCE","value":"@expr.d579_position_x","name":"position_x","id":7949,"geomIds":[7987,7956]}]])
[0m[0;32m[2026-09-16 12:57:21.368][VERB] RETURN: {"result":"$7993"}
[0m[2026-09-16 12:57:21.413][DEBUG] Build graphic in: 0ms
[0;32m[2026-09-16 12:57:21.423][VERB] COMMANDCALL: _C.SafeAPI.Execute(["v1.sketch.dimension",[{"type":"VERTICAL_DISTANCE","value":"@expr.d580_position_y","name":"position_y","id":7949,"geomIds":[7987,7956]}]])
[0m[0;32m[2026-09-16 12:57:21.430][VERB] RETURN: {"result":"$7997"}
[0m[2026-09-16 12:57:21.473][DEBUG] Build graphic in: 0ms
[0;32m[2026-09-16 12:57:21.483][VERB] COMMANDCALL: _C.SafeAPI.Execute(["v1.sketch.dimension",[{"type":"OFFSET","value":"@expr.d581_width","name":"width","id":7949,"geomIds":[7955]}]])
[0m[0;32m[2026-09-16 12:57:21.490][VERB] RETURN: {"result":"$8001"}
[0m[2026-09-16 12:57:21.535][DEBUG] Build graphic in: 0ms
[0;32m[2026-09-16 12:57:21.545][VERB] COMMANDCALL: _C.SafeAPI.Execute(["v1.sketch.dimension",[{"type":"OFFSET","value":"@expr.d582_depth","name":"depth","id":7949,"geomIds":[7959]}]])
[0m[0;32m[2026-09-16 12:57:21.553][VERB] RETURN: {"result":"$8005"}
[0m[2026-09-16 12:57:21.598][DEBUG] Build graphic in: 0ms
[0;32m[2026-09-16 12:57:21.608][VERB] COMMANDCALL: _C.SafeAPI.Execute(["v1.part.extrusion",[{"references":[7955,7959,7965,7971],"name":"F577_makeBox_cad_primitives_py_8","taperAngle":0,"limit2":"@expr.d583_height","id":4}]])
[0m[0;32m[2026-09-16 12:57:21.615][VERB] RETURN: {"result":"$8009"}
[0m[2026-09-16 12:57:21.659][DEBUG] Build graphic in: 1ms
[0;32m[2026-09-16 12:57:21.669][VERB] COMMANDCALL: _C.SafeAPI.Execute(["v1.part.workPlane",[{"type":"PLANE","references":[38],"name":"F584_makeCylinder_cad_primitives_py_12_plane","offset":"@expr.d585_plane_offset","id":4}]])
[0m[0;32m[2026-09-16 12:57:21.673][VERB] RETURN: {"result":"$8052"}
[0m[2026-09-16 12:57:21.718][DEBUG] Build graphic in: 0ms
[0;32m[2026-09-16 12:57:21.728][VERB] COMMANDCALL: _C.SafeAPI.Execute(["v1.sketch.create",[{"planeId":8052,"name":"F584_makeCylinder_cad_primitives_py_12_profile","id":4}]])
[0m[0;32m[2026-09-16 12:57:21.730][VERB] RETURN: {"result":"$8058"}
[0m[2026-09-16 12:57:21.775][DEBUG] Build graphic in: 0ms
[0;32m[2026-09-16 12:57:21.785][VERB] COMMANDCALL: _C.SafeAPI.Execute(["v1.sketch.circle",[{"radius":4,"id":8058,"genFixation":0,"centerPos":[63.1,44.8,0]}]])
[0m[0;32m[2026-09-16 12:57:21.787][VERB] RETURN: {"result":"$8064"}
[0m[2026-09-16 12:57:21.831][DEBUG] Build graphic in: 0ms
[0;32m[2026-09-16 12:57:21.841][VERB] COMMANDCALL: _C.SafeAPI.Execute(["v1.sketch.getPoints",[{"id":8064}]])
[0m[0;32m[2026-09-16 12:57:21.841][VERB] RETURN: {"result":{"centerId":"$8065"}}
[0m[0;32m[2026-09-16 12:57:21.896][VERB] COMMANDCALL: _C.SafeAPI.Execute(["v1.sketch.point",[{"pos":[-1000,-1000,0],"id":8058}]])
[0m[0;32m[2026-09-16 12:57:21.897][VERB] RETURN: {"result":"$8067"}
[0m[2026-09-16 12:57:21.942][DEBUG] Build graphic in: 1ms
[0;32m[2026-09-16 12:57:21.951][VERB] COMMANDCALL: _C.SafeAPI.Execute(["v1.sketch.constraint",[{"type":"FIXATION","id":8058,"geomIds":[8067]}]])
[0m[0;32m[2026-09-16 12:57:21.953][VERB] RETURN: {"result":"$8069"}
[0m[2026-09-16 12:57:21.998][DEBUG] Build graphic in: 0ms
[0;32m[2026-09-16 12:57:22.008][VERB] COMMANDCALL: _C.SafeAPI.Execute(["v1.sketch.dimension",[{"type":"HORIZONTAL_DISTANCE","value":"@expr.d586_position_x","name":"position_x","id":8058,"geomIds":[8067,8065]}]])
[0m[0;32m[2026-09-16 12:57:22.012][VERB] RETURN: {"result":"$8073"}
[0m[2026-09-16 12:57:22.058][DEBUG] Build graphic in: 0ms
[0;32m[2026-09-16 12:57:22.068][VERB] COMMANDCALL: _C.SafeAPI.Execute(["v1.sketch.dimension",[{"type":"VERTICAL_DISTANCE","value":"@expr.d587_position_y","name":"position_y","id":8058,"geomIds":[8067,8065]}]])
[0m[0;32m[2026-09-16 12:57:22.074][VERB] RETURN: {"result":"$8077"}
[0m[2026-09-16 12:57:22.119][DEBUG] Build graphic in: 1ms
[0;32m[2026-09-16 12:57:22.129][VERB] COMMANDCALL: _C.SafeAPI.Execute(["v1.sketch.dimension",[{"type":"RADIUS","value":"@expr.d588_radius","name":"radius","id":8058,"geomIds":[8064]}]])
[0m[0;32m[2026-09-16 12:57:22.134][VERB] RETURN: {"result":"$8081"}
[0m[2026-09-16 12:57:22.180][DEBUG] Build graphic in: 0ms
[0;32m[2026-09-16 12:57:22.190][VERB] COMMANDCALL: _C.SafeAPI.Execute(["v1.part.extrusion",[{"references":[8064],"name":"F584_makeCylinder_cad_primitives_py_12","taperAngle":0,"limit2":"@expr.d589_height","id":4}]])
[0m[0;32m[2026-09-16 12:57:22.197][VERB] RETURN: {"result":"$8085"}
[0m[2026-09-16 12:57:22.243][DEBUG] Build graphic in: 1ms
[0;32m[2026-09-16 12:57:22.254][VERB] COMMANDCALL: _C.SafeAPI.Execute(["v1.part.boolean",[{"type":"SUBTRACTION","tools":[8085],"target":8009,"name":"F576_cut_housing_shell_py_39","id":4}]])
[0m[0;32m[2026-09-16 12:57:22.260][VERB] RETURN: {"result":"$8107"}
[0m[2026-09-16 12:57:22.306][DEBUG] Build graphic in: 1ms
[0;32m[2026-09-16 12:57:22.316][VERB] COMMANDCALL: _C.SafeAPI.Execute(["v1.part.workPlane",[{"type":"PLANE","references":[38],"name":"F591_makeBox_cad_primitives_py_8_plane","offset":"@expr.d592_plane_offset","id":4}]])
[0m[0;32m[2026-09-16 12:57:22.321][VERB] RETURN: {"result":"$8125"}
[0m[2026-09-16 12:57:22.365][DEBUG] Build graphic in: 0ms
[0;32m[2026-09-16 12:57:22.375][VERB] COMMANDCALL: _C.SafeAPI.Execute(["v1.sketch.create",[{"planeId":8125,"name":"F591_makeBox_cad_primitives_py_8_profile","id":4}]])
[0m[0;32m[2026-09-16 12:57:22.377][VERB] RETURN: {"result":"$8131"}
[0m[2026-09-16 12:57:22.423][DEBUG] Build graphic in: 0ms
[0;32m[2026-09-16 12:57:22.433][VERB] COMMANDCALL: _C.SafeAPI.Execute(["v1.sketch.rectangle",[{"startPos":[42.1,16.1,0],"id":8131,"genFixation":0,"endPos":[46.1,20.1,0]}]])
[0m[0;32m[2026-09-16 12:57:22.439][VERB] RETURN: {"result":["$8137","$8141","$8147","$8153"]}
[0m[2026-09-16 12:57:22.485][DEBUG] Build graphic in: 0ms
[0;32m[2026-09-16 12:57:22.495][VERB] COMMANDCALL: _C.SafeAPI.Execute(["v1.sketch.getPoints",[{"id":8137}]])
[0m[0;32m[2026-09-16 12:57:22.495][VERB] RETURN: {"result":{"endId":"$8139","startId":"$8138"}}
[0m[0;32m[2026-09-16 12:57:22.551][VERB] COMMANDCALL: _C.SafeAPI.Execute(["v1.sketch.point",[{"pos":[-1000,-1000,0],"id":8131}]])
[0m[0;32m[2026-09-16 12:57:22.553][VERB] RETURN: {"result":"$8169"}
[0m[2026-09-16 12:57:22.599][DEBUG] Build graphic in: 0ms
[0;32m[2026-09-16 12:57:22.609][VERB] COMMANDCALL: _C.SafeAPI.Execute(["v1.sketch.constraint",[{"type":"FIXATION","id":8131,"geomIds":[8169]}]])
[0m[0;32m[2026-09-16 12:57:22.610][VERB] RETURN: {"result":"$8171"}
[0m[2026-09-16 12:57:22.657][DEBUG] Build graphic in: 0ms
[0;32m[2026-09-16 12:57:22.667][VERB] COMMANDCALL: _C.SafeAPI.Execute(["v1.sketch.dimension",[{"type":"HORIZONTAL_DISTANCE","value":"@expr.d593_position_x","name":"position_x","id":8131,"geomIds":[8169,8138]}]])
[0m[0;32m[2026-09-16 12:57:22.673][VERB] RETURN: {"result":"$8175"}
[0m[2026-09-16 12:57:22.718][DEBUG] Build graphic in: 0ms
[0;32m[2026-09-16 12:57:22.728][VERB] COMMANDCALL: _C.SafeAPI.Execute(["v1.sketch.dimension",[{"type":"VERTICAL_DISTANCE","value":"@expr.d594_position_y","name":"position_y","id":8131,"geomIds":[8169,8138]}]])
[0m[0;32m[2026-09-16 12:57:22.735][VERB] RETURN: {"result":"$8179"}
[0m[2026-09-16 12:57:22.781][DEBUG] Build graphic in: 0ms
[0;32m[2026-09-16 12:57:22.791][VERB] COMMANDCALL: _C.SafeAPI.Execute(["v1.sketch.dimension",[{"type":"OFFSET","value":"@expr.d595_width","name":"width","id":8131,"geomIds":[8137]}]])
[0m[0;32m[2026-09-16 12:57:22.799][VERB] RETURN: {"result":"$8183"}
[0m[2026-09-16 12:57:22.844][DEBUG] Build graphic in: 0ms
[0;32m[2026-09-16 12:57:22.855][VERB] COMMANDCALL: _C.SafeAPI.Execute(["v1.sketch.dimension",[{"type":"OFFSET","value":"@expr.d596_depth","name":"depth","id":8131,"geomIds":[8141]}]])
[0m[0;32m[2026-09-16 12:57:22.863][VERB] RETURN: {"result":"$8187"}
[0m[2026-09-16 12:57:22.908][DEBUG] Build graphic in: 0ms
[0;32m[2026-09-16 12:57:22.919][VERB] COMMANDCALL: _C.SafeAPI.Execute(["v1.part.extrusion",[{"references":[8137,8141,8147,8153],"name":"F591_makeBox_cad_primitives_py_8","taperAngle":0,"limit2":"@expr.d597_height","id":4}]])
[0m[0;32m[2026-09-16 12:57:22.925][VERB] RETURN: {"result":"$8191"}
[0m[2026-09-16 12:57:22.970][DEBUG] Build graphic in: 0ms
[0;32m[2026-09-16 12:57:22.981][VERB] COMMANDCALL: _C.SafeAPI.Execute(["v1.part.workPlane",[{"type":"PLANE","references":[38],"name":"F598_makeCylinder_cad_primitives_py_12_plane","offset":"@expr.d599_plane_offset","id":4}]])
[0m[0;32m[2026-09-16 12:57:22.985][VERB] RETURN: {"result":"$8234"}
[0m[2026-09-16 12:57:23.031][DEBUG] Build graphic in: 0ms
[0;32m[2026-09-16 12:57:23.041][VERB] COMMANDCALL: _C.SafeAPI.Execute(["v1.sketch.create",[{"planeId":8234,"name":"F598_makeCylinder_cad_primitives_py_12_profile","id":4}]])
[0m[0;32m[2026-09-16 12:57:23.043][VERB] RETURN: {"result":"$8240"}
[0m[2026-09-16 12:57:23.090][DEBUG] Build graphic in: 0ms
[0;32m[2026-09-16 12:57:23.100][VERB] COMMANDCALL: _C.SafeAPI.Execute(["v1.sketch.circle",[{"radius":4,"id":8240,"genFixation":0,"centerPos":[42.1,16.1,0]}]])
[0m[0;32m[2026-09-16 12:57:23.101][VERB] RETURN: {"result":"$8246"}
[0m[2026-09-16 12:57:23.147][DEBUG] Build graphic in: 0ms
[0;32m[2026-09-16 12:57:23.157][VERB] COMMANDCALL: _C.SafeAPI.Execute(["v1.sketch.getPoints",[{"id":8246}]])
[0m[0;32m[2026-09-16 12:57:23.158][VERB] RETURN: {"result":{"centerId":"$8247"}}
[0m[0;32m[2026-09-16 12:57:23.214][VERB] COMMANDCALL: _C.SafeAPI.Execute(["v1.sketch.point",[{"pos":[-1000,-1000,0],"id":8240}]])
[0m[0;32m[2026-09-16 12:57:23.215][VERB] RETURN: {"result":"$8249"}
[0m[2026-09-16 12:57:23.261][DEBUG] Build graphic in: 0ms
[0;32m[2026-09-16 12:57:23.271][VERB] COMMANDCALL: _C.SafeAPI.Execute(["v1.sketch.constraint",[{"type":"FIXATION","id":8240,"geomIds":[8249]}]])
[0m[0;32m[2026-09-16 12:57:23.273][VERB] RETURN: {"result":"$8251"}
[0m[2026-09-16 12:57:23.320][DEBUG] Build graphic in: 0ms
[0;32m[2026-09-16 12:57:23.331][VERB] COMMANDCALL: _C.SafeAPI.Execute(["v1.sketch.dimension",[{"type":"HORIZONTAL_DISTANCE","value":"@expr.d600_position_x","name":"position_x","id":8240,"geomIds":[8249,8247]}]])
[0m[0;32m[2026-09-16 12:57:23.336][VERB] RETURN: {"result":"$8255"}
[0m[2026-09-16 12:57:23.382][DEBUG] Build graphic in: 0ms
[0;32m[2026-09-16 12:57:23.392][VERB] COMMANDCALL: _C.SafeAPI.Execute(["v1.sketch.dimension",[{"type":"VERTICAL_DISTANCE","value":"@expr.d601_position_y","name":"position_y","id":8240,"geomIds":[8249,8247]}]])
[0m[0;32m[2026-09-16 12:57:23.398][VERB] RETURN: {"result":"$8259"}
[0m[2026-09-16 12:57:23.443][DEBUG] Build graphic in: 0ms
[0;32m[2026-09-16 12:57:23.454][VERB] COMMANDCALL: _C.SafeAPI.Execute(["v1.sketch.dimension",[{"type":"RADIUS","value":"@expr.d602_radius","name":"radius","id":8240,"geomIds":[8246]}]])
[0m[0;32m[2026-09-16 12:57:23.460][VERB] RETURN: {"result":"$8263"}
[0m[2026-09-16 12:57:23.506][DEBUG] Build graphic in: 0ms
[0;32m[2026-09-16 12:57:23.517][VERB] COMMANDCALL: _C.SafeAPI.Execute(["v1.part.extrusion",[{"references":[8246],"name":"F598_makeCylinder_cad_primitives_py_12","taperAngle":0,"limit2":"@expr.d603_height","id":4}]])
[0m[0;32m[2026-09-16 12:57:23.524][VERB] RETURN: {"result":"$8267"}
[0m[2026-09-16 12:57:23.573][DEBUG] Build graphic in: 2ms
[0;32m[2026-09-16 12:57:23.584][VERB] COMMANDCALL: _C.SafeAPI.Execute(["v1.part.boolean",[{"type":"SUBTRACTION","tools":[8267],"target":8191,"name":"F590_cut_housing_shell_py_48","id":4}]])
[0m[0;32m[2026-09-16 12:57:23.590][VERB] RETURN: {"result":"$8289"}
[0m[2026-09-16 12:57:23.638][DEBUG] Build graphic in: 1ms
[0;32m[2026-09-16 12:57:23.648][VERB] COMMANDCALL: _C.SafeAPI.Execute(["v1.part.workPlane",[{"type":"PLANE","references":[38],"name":"F604_makeCylinder_cad_primitives_py_12_plane","offset":"@expr.d605_plane_offset","id":4}]])
[0m[0;32m[2026-09-16 12:57:23.653][VERB] RETURN: {"result":"$8307"}
[0m[2026-09-16 12:57:23.699][DEBUG] Build graphic in: 0ms
[0;32m[2026-09-16 12:57:23.710][VERB] COMMANDCALL: _C.SafeAPI.Execute(["v1.sketch.create",[{"planeId":8307,"name":"F604_makeCylinder_cad_primitives_py_12_profile","id":4}]])
[0m[0;32m[2026-09-16 12:57:23.713][VERB] RETURN: {"result":"$8313"}
[0m[2026-09-16 12:57:23.758][DEBUG] Build graphic in: 0ms
[0;32m[2026-09-16 12:57:23.768][VERB] COMMANDCALL: _C.SafeAPI.Execute(["v1.sketch.circle",[{"radius":4.5,"id":8313,"genFixation":0,"centerPos":[86.8,38.9,0]}]])
[0m[0;32m[2026-09-16 12:57:23.770][VERB] RETURN: {"result":"$8319"}
[0m[2026-09-16 12:57:23.815][DEBUG] Build graphic in: 0ms
[0;32m[2026-09-16 12:57:23.825][VERB] COMMANDCALL: _C.SafeAPI.Execute(["v1.sketch.getPoints",[{"id":8319}]])
[0m[0;32m[2026-09-16 12:57:23.825][VERB] RETURN: {"result":{"centerId":"$8320"}}
[0m[0;32m[2026-09-16 12:57:23.881][VERB] COMMANDCALL: _C.SafeAPI.Execute(["v1.sketch.point",[{"pos":[-1000,-1000,0],"id":8313}]])
[0m[0;32m[2026-09-16 12:57:23.883][VERB] RETURN: {"result":"$8322"}
[0m[2026-09-16 12:57:23.929][DEBUG] Build graphic in: 0ms
[0;32m[2026-09-16 12:57:23.939][VERB] COMMANDCALL: _C.SafeAPI.Execute(["v1.sketch.constraint",[{"type":"FIXATION","id":8313,"geomIds":[8322]}]])
[0m[0;32m[2026-09-16 12:57:23.941][VERB] RETURN: {"result":"$8324"}
[0m[2026-09-16 12:57:23.987][DEBUG] Build graphic in: 0ms
[0;32m[2026-09-16 12:57:23.997][VERB] COMMANDCALL: _C.SafeAPI.Execute(["v1.sketch.dimension",[{"type":"HORIZONTAL_DISTANCE","value":"@expr.d606_position_x","name":"position_x","id":8313,"geomIds":[8322,8320]}]])
[0m[0;32m[2026-09-16 12:57:24.002][VERB] RETURN: {"result":"$8328"}
[0m[2026-09-16 12:57:24.049][DEBUG] Build graphic in: 0ms
[0;32m[2026-09-16 12:57:24.060][VERB] COMMANDCALL: _C.SafeAPI.Execute(["v1.sketch.dimension",[{"type":"VERTICAL_DISTANCE","value":"@expr.d607_position_y","name":"position_y","id":8313,"geomIds":[8322,8320]}]])
[0m[0;32m[2026-09-16 12:57:24.066][VERB] RETURN: {"result":"$8332"}
[0m[2026-09-16 12:57:24.113][DEBUG] Build graphic in: 0ms
[0;32m[2026-09-16 12:57:24.123][VERB] COMMANDCALL: _C.SafeAPI.Execute(["v1.sketch.dimension",[{"type":"RADIUS","value":"@expr.d608_radius","name":"radius","id":8313,"geomIds":[8319]}]])
[0m[0;32m[2026-09-16 12:57:24.129][VERB] RETURN: {"result":"$8336"}
[0m[2026-09-16 12:57:24.175][DEBUG] Build graphic in: 0ms
[0;32m[2026-09-16 12:57:24.185][VERB] COMMANDCALL: _C.SafeAPI.Execute(["v1.part.extrusion",[{"references":[8319],"name":"F604_makeCylinder_cad_primitives_py_12","taperAngle":0,"limit2":"@expr.d609_height","id":4}]])
[0m[0;32m[2026-09-16 12:57:24.193][VERB] RETURN: {"result":"$8340"}
[0m[2026-09-16 12:57:24.242][DEBUG] Build graphic in: 3ms
[0;32m[2026-09-16 12:57:24.252][VERB] COMMANDCALL: _C.SafeAPI.Execute(["v1.part.workPlane",[{"type":"PLANE","references":[38],"name":"F610_makeBox_cad_primitives_py_8_plane","offset":"@expr.d611_plane_offset","id":4}]])
[0m[0;32m[2026-09-16 12:57:24.257][VERB] RETURN: {"result":"$8362"}
[0m[2026-09-16 12:57:24.303][DEBUG] Build graphic in: 0ms
[0;32m[2026-09-16 12:57:24.313][VERB] COMMANDCALL: _C.SafeAPI.Execute(["v1.sketch.create",[{"planeId":8362,"name":"F610_makeBox_cad_primitives_py_8_profile","id":4}]])
[0m[0;32m[2026-09-16 12:57:24.315][VERB] RETURN: {"result":"$8368"}
[0m[2026-09-16 12:57:24.362][DEBUG] Build graphic in: 0ms
[0;32m[2026-09-16 12:57:24.372][VERB] COMMANDCALL: _C.SafeAPI.Execute(["v1.sketch.rectangle",[{"startPos":[86.8,30,0],"id":8368,"genFixation":0,"endPos":[92.5,43,0]}]])
[0m[0;32m[2026-09-16 12:57:24.379][VERB] RETURN: {"result":["$8374","$8378","$8384","$8390"]}
[0m[2026-09-16 12:57:24.425][DEBUG] Build graphic in: 0ms
[0;32m[2026-09-16 12:57:24.435][VERB] COMMANDCALL: _C.SafeAPI.Execute(["v1.sketch.getPoints",[{"id":8374}]])
[0m[0;32m[2026-09-16 12:57:24.436][VERB] RETURN: {"result":{"endId":"$8376","startId":"$8375"}}
[0m[0;32m[2026-09-16 12:57:24.493][VERB] COMMANDCALL: _C.SafeAPI.Execute(["v1.sketch.point",[{"pos":[-1000,-1000,0],"id":8368}]])
[0m[0;32m[2026-09-16 12:57:24.496][VERB] RETURN: {"result":"$8406"}
[0m[2026-09-16 12:57:24.542][DEBUG] Build graphic in: 0ms
[0;32m[2026-09-16 12:57:24.553][VERB] COMMANDCALL: _C.SafeAPI.Execute(["v1.sketch.constraint",[{"type":"FIXATION","id":8368,"geomIds":[8406]}]])
[0m[0;32m[2026-09-16 12:57:24.555][VERB] RETURN: {"result":"$8408"}
[0m[2026-09-16 12:57:24.601][DEBUG] Build graphic in: 0ms
[0;32m[2026-09-16 12:57:24.612][VERB] COMMANDCALL: _C.SafeAPI.Execute(["v1.sketch.dimension",[{"type":"HORIZONTAL_DISTANCE","value":"@expr.d612_position_x","name":"position_x","id":8368,"geomIds":[8406,8375]}]])
[0m[0;32m[2026-09-16 12:57:24.618][VERB] RETURN: {"result":"$8412"}
[0m[2026-09-16 12:57:24.666][DEBUG] Build graphic in: 0ms
[0;32m[2026-09-16 12:57:24.676][VERB] COMMANDCALL: _C.SafeAPI.Execute(["v1.sketch.dimension",[{"type":"VERTICAL_DISTANCE","value":"@expr.d613_position_y","name":"position_y","id":8368,"geomIds":[8406,8375]}]])
[0m[0;32m[2026-09-16 12:57:24.683][VERB] RETURN: {"result":"$8416"}
[0m[2026-09-16 12:57:24.731][DEBUG] Build graphic in: 0ms
[0;32m[2026-09-16 12:57:24.742][VERB] COMMANDCALL: _C.SafeAPI.Execute(["v1.sketch.dimension",[{"type":"OFFSET","value":"@expr.d614_width","name":"width","id":8368,"geomIds":[8374]}]])
[0m[0;32m[2026-09-16 12:57:24.749][VERB] RETURN: {"result":"$8420"}
[0m[2026-09-16 12:57:24.796][DEBUG] Build graphic in: 0ms
[0;32m[2026-09-16 12:57:24.807][VERB] COMMANDCALL: _C.SafeAPI.Execute(["v1.sketch.dimension",[{"type":"OFFSET","value":"@expr.d615_depth","name":"depth","id":8368,"geomIds":[8378]}]])
[0m[0;32m[2026-09-16 12:57:24.816][VERB] RETURN: {"result":"$8424"}
[0m[2026-09-16 12:57:24.863][DEBUG] Build graphic in: 0ms
[0;32m[2026-09-16 12:57:24.874][VERB] COMMANDCALL: _C.SafeAPI.Execute(["v1.part.extrusion",[{"references":[8374,8378,8384,8390],"name":"F610_makeBox_cad_primitives_py_8","taperAngle":0,"limit2":"@expr.d616_height","id":4}]])
[0m[0;32m[2026-09-16 12:57:24.880][VERB] RETURN: {"result":"$8428"}
[0m[2026-09-16 12:57:24.927][DEBUG] Build graphic in: 0ms
[0;32m[2026-09-16 12:57:24.938][VERB] COMMANDCALL: _C.SafeAPI.Execute(["v1.part.boolean",[{"type":"UNION","tools":[6186,6262,6317,6372,6427,6515,6624,6700,6755,6810,6865,6953,7062,7138,7193,7248,7303,7391,7500,7707,7791,7900,8107,8289,8340,8428],"target":6077,"name":"F419_union_cad_primitives_py_17","id":4}]])
[0m[0;32m[2026-09-16 12:57:24.983][VERB] RETURN: {"result":"$8471"}
[0m[2026-09-16 12:57:25.036][DEBUG] Build graphic in: 6ms
[2026-09-16 12:57:25.118][DEBUG] Build graphic in: 21ms
[0;32m[2026-09-16 12:57:25.145][VERB] COMMANDCALL: _C.SafeAPI.Execute(["v1.part.chamfer",[{"references":[8778,8989,8888,9052,8580,9053,8735,8749,8748,8660,8736,8625,8635,8769,8768,9039,9038,9032,9028,9076,9075,9110,9109,8977,9045,8949,8987,9105,9106,9107,9108],"name":"F418_chamfer_shell_skin_py_17","id":4,"distance1":"@expr.d617_ch ...
[0m[0;32m[2026-09-16 12:57:25.335][VERB] RETURN: {"result":"$9124"}
[0m[2026-09-16 12:57:25.406][DEBUG] Build graphic in: 22ms
[0;32m[2026-09-16 12:57:25.417][VERB] COMMANDCALL: _C.SafeAPI.Execute(["v1.part.boolean",[{"type":"INTERSECTION","tools":[9124],"target":5922,"name":"F381_common_housing_shell_py_61","id":4}]])
[0m[0;32m[2026-09-16 12:57:25.453][VERB] [What to do in that case?] 
Function: CADH_IntersectSolidNew
File: /Users/dev/dev/awv/classcad/runtime/Source/BaseSystemSTL/c/CADH_Service.cpp,     Line: 2754
[0m[0;31m[2026-09-16 12:57:25.453][ERROR] [Evaluation error in Intersection.CreateCCOperation::PROC:[What to do in that case?] 
Function: CADH_IntersectSolidNew
File: /Users/dev/dev/awv/classcad/runtime/Source/BaseSystemSTL/c/CADH_Service.cpp,     Line: 2754] 
[0m[0;32m[2026-09-16 12:57:25.455][VERB] RETURN: {"maxLevel":51,"messages":[{"message":"[Evaluation error in Intersection.CreateCCOperation::PROC:[What to do in that case?] \nFunction: CADH_IntersectSolidNew\nFile: /Users/dev/dev/awv/classcad/runtime/Source/BaseSystemSTL/c/CADH_Service.cpp,     Line: 2754] ","code":0,"level":51,"api": ...
[0m[2026-09-16 12:57:25.524][DEBUG] Build graphic in: 22ms
[0;32m[2026-09-16 12:57:25.540][VERB] COMMANDCALL: _C.SafeAPI.Execute(["v1.common.clear",[{}]])
[0m[0;32m[2026-09-16 12:57:25.565][VERB] RETURN: {"result":null}
[0m[2026-09-16 12:57:25.566][DEBUG] Build graphic in: 0ms
[0;32m[2026-09-16 12:57:25.567][VERB] 0x0 SetZeichnung
[0m[0;32m[2026-09-16 12:57:25.567][VERB] 0x7514c78d80 Delete Zeichnung
[0m
libc++abi: terminating due to uncaught exception of type std::__1::system_error: condition_variable wait failed: Invalid argument
[0;32m[2026-09-16 12:57:25.621][VERB] 0x7514c78180 Delete Zeichnung
[0m[0;32m[2026-09-16 12:57:25.621][VERB] 0x7514c78a80 Delete Zeichnung
[0m[0;32m[2026-09-16 12:57:25.621][INFO] Server stop listen on 0.0.0.0:19094
[0m[0;32m[2026-09-16 12:57:25.621][INFO] Server stop listen on 0.0.0.0:19095
[0m[0;32m[2026-09-16 12:57:25.621][INFO] Server down
[0m