[0;32m[2026-09-16 13:01:29.434][INFO] STARTING CLASSCAD...
[0m[0;32m[2026-09-16 13:01:29.434][INFO] Current working directory  : /Users/dev/dev/awv/classcad
[0m[0;32m[2026-09-16 13:01:29.434][INFO] Config file: /Users/dev/dev/awv/classcad/.classcad.ini
[0m[0;32m[2026-09-16 13:01:29.434][INFO] Config file: /Users/dev/dev/awv/classcad/.classcad.ini
[0m[0;32m[2026-09-16 13:01:29.434][INFO] Config file: /Users/dev/dev/awv/classcad/.classcad.user.ini
[0m[0;32m[2026-09-16 13:01:29.434][INFO] Config file: /Users/dev/dev/awv/classcad-ai/workspace/training/2026-09-16_12-50-53_pvs-cavity-boolean/worker.ini
[0m[0;32m[2026-09-16 13:01:29.434][INFO] Ensure CompressionService is loaded
[0m[0;32m[2026-09-16 13:01:29.434][INFO] Ensure JWTService is loaded
[0m[0;32m[2026-09-16 13:01:29.434][INFO] Run the command 'worker'
[0m[0;32m[2026-09-16 13:01:29.434][INFO] Current working directory  : /Users/dev/dev/awv/classcad
[0m[0;32m[2026-09-16 13:01:29.434][INFO] Executable | file name     : classcad-cli
[0m[0;32m[2026-09-16 13:01:29.434][INFO] Executable | file path     : /Users/dev/dev/awv/classcad/runtime/output/arm64-osx-clang/release/classcad-cli
[0m[0;32m[2026-09-16 13:01:29.434][INFO] Executable | directory     : /Users/dev/dev/awv/classcad/runtime/output/arm64-osx-clang/release
[0m[0;32m[2026-09-16 13:01:29.434][INFO] Config | verbose file name : /Users/dev/dev/awv/classcad-ai/workspace/training/2026-09-16_12-50-53_pvs-cavity-boolean/files/worker.log
[0m[0;32m[2026-09-16 13:01:29.434][INFO] Config | verbose level     : 16583
[0m[0;32m[2026-09-16 13:01:29.434][INFO] Config | log level         : debug
[0m[0;32m[2026-09-16 13:01:29.434][INFO] Config | data path         : ./data
[0m[0;32m[2026-09-16 13:01:29.434][INFO] Config | class path        : 
[0m[0;32m[2026-09-16 13:01:29.434][INFO] Config | classes system    : ./cclasses/Source;System;Common.*;BaseModeling.*;CAD;Sheet;
[0m[0;32m[2026-09-16 13:01:29.434][INFO] Config | classes user      : ./cclasses/Source/Tests;*;
[0m[0;32m[2026-09-16 13:01:29.434][INFO] Config | classes user      : ./standalone/t3d/Source;T3D.*;T3DSolidEditor.*;T3DSolidEditor;T3DTesting;GTC.*;ISO_Tool.*;ISOChecker.*;
[0m[0;32m[2026-09-16 13:01:29.434][INFO] Config | classes user      : ./cclasses/Source/FeatureModeler;*;
[0m[0;32m[2026-09-16 13:01:29.473][VERB] libSMLibService.dylib is loaded
[0m[0;32m[2026-09-16 13:01:29.474][VERB] libSMLibExpressService.dylib is loaded
[0m[0;32m[2026-09-16 13:01:29.475][VERB] libBrepSimplificationService.dylib is loaded
[0m[0;32m[2026-09-16 13:01:29.477][VERB] libECXMLService.dylib is loaded
[0m[0;32m[2026-09-16 13:01:29.477][VERB] libJWTService.dylib is loaded
[0m[0;32m[2026-09-16 13:01:29.477][VERB] libGenericService.dylib is loaded
[0m[0;32m[2026-09-16 13:01:29.478][VERB] libLGSService.dylib is loaded
[0m[0;32m[2026-09-16 13:01:29.479][VERB] libLGS3DService.dylib is loaded
[0m[0;32m[2026-09-16 13:01:29.482][VERB] libIDEConnectionService.dylib is loaded
[0m[2026-09-16 13:01:29] [info] asio listen error: system:48 (Address already in use)
[0;32m[2026-09-16 13:01:29.482][VERB] libRapidXmlService.dylib is loaded
[0m[0;32m[2026-09-16 13:01:29.482][VERB] libNetworkService.dylib is loaded
[0m[0;32m[2026-09-16 13:01:29.483][VERB] libTestService.dylib is loaded
[0m[0;31m[2026-09-16 13:01:29.484][ERROR] The Service-DLL DxfService could not be loaded.
ErrorCode: dlopen(DxfServiced.dylib, 0x0001): tried: 'DxfServiced.dylib' (no such file), '/System/Volumes/Preboot/Cryptexes/OSDxfServiced.dylib' (no such file), '/Users/dev/dev/awv/classcad/runtime/output/arm64-osx-clang/release/DxfServiced.dylib' (no such file), '/Users/dev/dev/awv/classcad/runtime/output/arm64-osx-clang/release/DxfServiced.dylib' (no such file), '/usr/lib/DxfServiced.dylib' (no such file, not in dyld cache), 'DxfServiced.dylib' (no such file)
The service functions of this DLL are therefore not available.
[0m[0;32m[2026-09-16 13:01:29.484][VERB] libCryptoRtService.dylib is loaded
[0m[0;31m[2026-09-16 13:01:29.485][ERROR] The Service-DLL CryptoDevService could not be loaded.
ErrorCode: dlopen(CryptoDevServiced.dylib, 0x0001): tried: 'CryptoDevServiced.dylib' (no such file), '/System/Volumes/Preboot/Cryptexes/OSCryptoDevServiced.dylib' (no such file), '/Users/dev/dev/awv/classcad/runtime/output/arm64-osx-clang/release/CryptoDevServiced.dylib' (no such file), '/Users/dev/dev/awv/classcad/runtime/output/arm64-osx-clang/release/CryptoDevServiced.dylib' (no such file), '/usr/lib/CryptoDevServiced.dylib' (no such file, not in dyld cache), 'CryptoDevServiced.dylib' (no such file)
The service functions of this DLL are therefore not available.
[0m[0;33m[2026-09-16 13:01:29.496][WARN] Path does not exist '/Users/dev/dev/awv/classcad/standalone/t3d/Source'. It is defined for class path 't3d'.
[0m[0;32m[2026-09-16 13:01:29.496][INFO] Load classes for 'system' from '/Users/dev/dev/awv/classcad/cclasses/Source'
[0m[0;32m[2026-09-16 13:01:29.619][INFO] Load classes for 'tests' from '/Users/dev/dev/awv/classcad/cclasses/Source/Tests'
[0m[0;32m[2026-09-16 13:01:29.698][INFO] Load classes for 't3d' from '/Users/dev/dev/awv/classcad/standalone/t3d/Source'
[0m[0;33m[2026-09-16 13:01:29.698][WARN] Tried to load from invalid class path 't3d'
[0m[0;32m[2026-09-16 13:01:29.698][INFO] Load classes for 'fm' from '/Users/dev/dev/awv/classcad/cclasses/Source/FeatureModeler'
[0m[0;32m[2026-09-16 13:01:29.712][VERB] 0x7b1445bd80 Create Zeichnung
[0m[0;32m[2026-09-16 13:01:29.712][VERB] 0x7b1445bd80 SetZeichnung
[0m[0;32m[2026-09-16 13:01:29.713][VERB] Grundklasse::InitApplication was successful.
[0m[0;32m[2026-09-16 13:01:29.713][VERB] [info] Initializing BaseModelerApp
[0m[0;32m[2026-09-16 13:01:29.713][VERB] Change application string/text encoding to UTF-8
[0m[0;32m[2026-09-16 13:01:29.713][VERB] [info] Developer mode is active
[0m[0;32m[2026-09-16 13:01:29.713][VERB] [info] Initializing BuerliDemoApp
[0m[0;32m[2026-09-16 13:01:29.713][VERB] API v0/common already registered!
[0m[0;32m[2026-09-16 13:01:29.714][VERB] API v0/basemodeler already registered!
[0m[0;32m[2026-09-16 13:01:29.714][VERB] Registered API's:
[0m[0;32m[2026-09-16 13:01:29.714][VERB]   v0
[0m[0;32m[2026-09-16 13:01:29.715][VERB]     assemblybuilder
[0m[0;32m[2026-09-16 13:01:29.715][VERB]     basemodeler
[0m[0;32m[2026-09-16 13:01:29.715][VERB]     common
[0m[0;32m[2026-09-16 13:01:29.715][VERB]     developer
[0m[0;32m[2026-09-16 13:01:29.715][VERB]     drawing2d
[0m[0;32m[2026-09-16 13:01:29.715][VERB]     feature
[0m[0;32m[2026-09-16 13:01:29.715][VERB]     geometry
[0m[0;32m[2026-09-16 13:01:29.715][VERB]     geometryformatconverter
[0m[0;32m[2026-09-16 13:01:29.715][VERB]     network
[0m[0;32m[2026-09-16 13:01:29.715][VERB]     sketcher
[0m[0;32m[2026-09-16 13:01:29.715][VERB]     solid
[0m[0;32m[2026-09-16 13:01:29.715][VERB]     tooling
[0m[0;32m[2026-09-16 13:01:29.715][VERB]   v1
[0m[0;32m[2026-09-16 13:01:29.715][VERB]     assembly
[0m[0;32m[2026-09-16 13:01:29.715][VERB]     brep
[0m[0;32m[2026-09-16 13:01:29.715][VERB]     common
[0m[0;32m[2026-09-16 13:01:29.715][VERB]     curve
[0m[0;32m[2026-09-16 13:01:29.715][VERB]     drawing2d
[0m[0;32m[2026-09-16 13:01:29.715][VERB]     part
[0m[0;32m[2026-09-16 13:01:29.715][VERB]     script
[0m[0;32m[2026-09-16 13:01:29.715][VERB]     sketch
[0m[0;32m[2026-09-16 13:01:29.715][VERB]     solid
[0m[0;32m[2026-09-16 13:01:29.715][VERB]     utils
[0m[0;32m[2026-09-16 13:01:29.715][VERB] 0x7b140fc000 Create Zeichnung
[0m[0;32m[2026-09-16 13:01:29.715][VERB] 0x7b140fc000 SetZeichnung
[0m[0;32m[2026-09-16 13:01:29.715][INFO] WorkerCommandCompletion: 824 completion candidates built
[0m[0;32m[2026-09-16 13:01:29.715][INFO] Server start listen on 0.0.0.0:19094 for http and ws connections
[0m[0;32m[2026-09-16 13:01:29.715][INFO] Server start listen on 0.0.0.0:19095 for https and wss connections
[0m[0;32m[2026-09-16 13:01:30.719][INFO] Worker is ready
[0m

[0;32m[2026-09-16 13:01:32.514][INFO] GET /
[0m[0;32m[2026-09-16 13:01:32.514][VERB] 0x7b140fc300 Create Zeichnung
[0m[0;32m[2026-09-16 13:01:32.514][INFO] WS handleNewConnection: created main session="1a5a8329-68ba-4e8b-87cf-8b9bf048f3a5"
[0m[0;32m[2026-09-16 13:01:32.516][INFO] GET /
[0m[0;32m[2026-09-16 13:01:32.516][VERB] 0x7b140fc480 Create Zeichnung
[0m[0;32m[2026-09-16 13:01:32.516][INFO] WS handleNewConnection: created main session="9626b2ff-73ff-43c1-bad3-fb64c67c6a83"
[0m[0;32m[2026-09-16 13:01:32.520][VERB] 0x7b140fc480 SetZeichnung
[0m[0;32m[2026-09-16 13:01:32.520][VERB] COMMANDCALL: _C.SafeAPI.Execute(["v1.part.create",[{"name":"Base"}]])
[0m[0;32m[2026-09-16 13:01:32.533][VERB] RETURN: {"result":"$4"}
[0m[0;32m[2026-09-16 13:01:32.542][VERB] COMMANDCALL: _C.SafeAPI.Execute(["v1.part.expression",[{"toCreate":[{"value":23.8,"name":"seam"},{"value":3,"name":"rear_roof_raise"},{"value":4,"name":"pocket_corner_blend_r"},{"value":4.5,"name":"rear_pillar_envelope_r"},{"value":1.3,"name":"skin_growth"},{"value":1.67,"name":"outer_chamfer"} ...
[0m[0;32m[2026-09-16 13:01:32.570][VERB] RETURN: {"result":1}
[0m[0;32m[2026-09-16 13:01:32.571][VERB] COMMANDCALL: _C.SafeAPI.Execute(["v1.part.getWorkGeometry",[{"name":"XAxis","id":4}]])
[0m[0;32m[2026-09-16 13:01:32.572][VERB] RETURN: {"result":"$26"}
[0m[0;32m[2026-09-16 13:01:32.573][VERB] COMMANDCALL: _C.SafeAPI.Execute(["v1.part.getWorkGeometry",[{"name":"YAxis","id":4}]])
[0m[0;32m[2026-09-16 13:01:32.573][VERB] RETURN: {"result":"$30"}
[0m[0;32m[2026-09-16 13:01:32.574][VERB] COMMANDCALL: _C.SafeAPI.Execute(["v1.part.getWorkGeometry",[{"name":"ZAxis","id":4}]])
[0m[0;32m[2026-09-16 13:01:32.574][VERB] RETURN: {"result":"$34"}
[0m[0;32m[2026-09-16 13:01:32.575][VERB] COMMANDCALL: _C.SafeAPI.Execute(["v1.part.getWorkGeometry",[{"name":"Top","id":4}]])
[0m[0;32m[2026-09-16 13:01:32.576][VERB] RETURN: {"result":"$38"}
[0m[0;32m[2026-09-16 13:01:32.577][VERB] COMMANDCALL: _C.SafeAPI.Execute(["v1.part.getWorkGeometry",[{"name":"Front","id":4}]])
[0m[0;32m[2026-09-16 13:01:32.577][VERB] RETURN: {"result":"$42"}
[0m[0;32m[2026-09-16 13:01:32.578][VERB] COMMANDCALL: _C.SafeAPI.Execute(["v1.part.getWorkGeometry",[{"name":"Right","id":4}]])
[0m[0;32m[2026-09-16 13:01:32.578][VERB] RETURN: {"result":"$46"}
[0m[0;32m[2026-09-16 13:01:32.580][VERB] COMMANDCALL: _C.SafeAPI.Execute(["v1.part.workPlane",[{"type":"PLANE","references":[38],"name":"F3_makeBox_cad_primitives_py_8_plane","offset":"@expr.d4_plane_offset","id":4}]])
[0m[0;32m[2026-09-16 13:01:32.584][VERB] RETURN: {"result":"$56"}
[0m[0;32m[2026-09-16 13:01:32.585][VERB] COMMANDCALL: _C.SafeAPI.Execute(["v1.sketch.create",[{"planeId":56,"name":"F3_makeBox_cad_primitives_py_8_profile","id":4}]])
[0m[0;32m[2026-09-16 13:01:32.588][VERB] RETURN: {"result":"$62"}
[0m[0;32m[2026-09-16 13:01:32.589][VERB] COMMANDCALL: _C.SafeAPI.Execute(["v1.sketch.rectangle",[{"startPos":[1.4,-1.3,0],"id":62,"genFixation":0,"endPos":[52.4,27.3,0]}]])
[0m[0;32m[2026-09-16 13:01:32.597][VERB] RETURN: {"result":["$68","$72","$78","$84"]}
[0m[0;32m[2026-09-16 13:01:32.599][VERB] COMMANDCALL: _C.SafeAPI.Execute(["v1.sketch.getPoints",[{"id":68}]])
[0m[0;32m[2026-09-16 13:01:32.599][VERB] RETURN: {"result":{"endId":"$70","startId":"$69"}}
[0m[0;32m[2026-09-16 13:01:32.601][VERB] COMMANDCALL: _C.SafeAPI.Execute(["v1.sketch.point",[{"pos":[-1000,-1000,0],"id":62}]])
[0m[0;32m[2026-09-16 13:01:32.603][VERB] RETURN: {"result":"$100"}
[0m[0;32m[2026-09-16 13:01:32.605][VERB] COMMANDCALL: _C.SafeAPI.Execute(["v1.sketch.constraint",[{"type":"FIXATION","id":62,"geomIds":[100]}]])
[0m[0;32m[2026-09-16 13:01:32.607][VERB] RETURN: {"result":"$102"}
[0m[0;32m[2026-09-16 13:01:32.609][VERB] COMMANDCALL: _C.SafeAPI.Execute(["v1.sketch.dimension",[{"type":"HORIZONTAL_DISTANCE","value":"@expr.d5_position_x","name":"position_x","id":62,"geomIds":[100,69]}]])
[0m[0;32m[2026-09-16 13:01:32.618][VERB] RETURN: {"result":"$106"}
[0m[0;32m[2026-09-16 13:01:32.620][VERB] COMMANDCALL: _C.SafeAPI.Execute(["v1.sketch.dimension",[{"type":"VERTICAL_DISTANCE","value":"@expr.d6_position_y","name":"position_y","id":62,"geomIds":[100,69]}]])
[0m[0;32m[2026-09-16 13:01:32.626][VERB] RETURN: {"result":"$110"}
[0m[0;32m[2026-09-16 13:01:32.628][VERB] COMMANDCALL: _C.SafeAPI.Execute(["v1.sketch.dimension",[{"type":"OFFSET","value":"@expr.d7_width","name":"width","id":62,"geomIds":[68]}]])
[0m[0;32m[2026-09-16 13:01:32.635][VERB] RETURN: {"result":"$114"}
[0m[0;32m[2026-09-16 13:01:32.638][VERB] COMMANDCALL: _C.SafeAPI.Execute(["v1.sketch.dimension",[{"type":"OFFSET","value":"@expr.d8_depth","name":"depth","id":62,"geomIds":[72]}]])
[0m[0;32m[2026-09-16 13:01:32.645][VERB] RETURN: {"result":"$118"}
[0m[0;32m[2026-09-16 13:01:32.650][VERB] COMMANDCALL: _C.SafeAPI.Execute(["v1.part.extrusion",[{"references":[68,72,78,84],"name":"F3_makeBox_cad_primitives_py_8","taperAngle":0,"limit2":"@expr.d9_height","id":4}]])
[0m[0;32m[2026-09-16 13:01:32.656][VERB] RETURN: {"result":"$122"}
[0m[0;32m[2026-09-16 13:01:32.659][VERB] COMMANDCALL: _C.SafeAPI.Execute(["v1.part.workPlane",[{"type":"PLANE","references":[38],"name":"F10_makeBox_cad_primitives_py_8_plane","offset":"@expr.d11_plane_offset","id":4}]])
[0m[0;32m[2026-09-16 13:01:32.662][VERB] RETURN: {"result":"$165"}
[0m[0;32m[2026-09-16 13:01:32.664][VERB] COMMANDCALL: _C.SafeAPI.Execute(["v1.sketch.create",[{"planeId":165,"name":"F10_makeBox_cad_primitives_py_8_profile","id":4}]])
[0m[0;32m[2026-09-16 13:01:32.666][VERB] RETURN: {"result":"$171"}
[0m[0;32m[2026-09-16 13:01:32.669][VERB] COMMANDCALL: _C.SafeAPI.Execute(["v1.sketch.rectangle",[{"startPos":[-1.3,1.4,0],"id":171,"genFixation":0,"endPos":[55.1,24.6,0]}]])
[0m[0;32m[2026-09-16 13:01:32.675][VERB] RETURN: {"result":["$177","$181","$187","$193"]}
[0m[0;32m[2026-09-16 13:01:32.678][VERB] COMMANDCALL: _C.SafeAPI.Execute(["v1.sketch.getPoints",[{"id":177}]])
[0m[0;32m[2026-09-16 13:01:32.678][VERB] RETURN: {"result":{"endId":"$179","startId":"$178"}}
[0m[0;32m[2026-09-16 13:01:32.681][VERB] COMMANDCALL: _C.SafeAPI.Execute(["v1.sketch.point",[{"pos":[-1000,-1000,0],"id":171}]])
[0m[0;32m[2026-09-16 13:01:32.683][VERB] RETURN: {"result":"$209"}
[0m[0;32m[2026-09-16 13:01:32.685][VERB] COMMANDCALL: _C.SafeAPI.Execute(["v1.sketch.constraint",[{"type":"FIXATION","id":171,"geomIds":[209]}]])
[0m[0;32m[2026-09-16 13:01:32.687][VERB] RETURN: {"result":"$211"}
[0m[0;32m[2026-09-16 13:01:32.689][VERB] COMMANDCALL: _C.SafeAPI.Execute(["v1.sketch.dimension",[{"type":"HORIZONTAL_DISTANCE","value":"@expr.d12_position_x","name":"position_x","id":171,"geomIds":[209,178]}]])
[0m[0;32m[2026-09-16 13:01:32.695][VERB] RETURN: {"result":"$215"}
[0m[0;32m[2026-09-16 13:01:32.697][VERB] COMMANDCALL: _C.SafeAPI.Execute(["v1.sketch.dimension",[{"type":"VERTICAL_DISTANCE","value":"@expr.d13_position_y","name":"position_y","id":171,"geomIds":[209,178]}]])
[0m[0;32m[2026-09-16 13:01:32.703][VERB] RETURN: {"result":"$219"}
[0m[0;32m[2026-09-16 13:01:32.706][VERB] COMMANDCALL: _C.SafeAPI.Execute(["v1.sketch.dimension",[{"type":"OFFSET","value":"@expr.d14_width","name":"width","id":171,"geomIds":[177]}]])
[0m[0;32m[2026-09-16 13:01:32.712][VERB] RETURN: {"result":"$223"}
[0m[0;32m[2026-09-16 13:01:32.715][VERB] COMMANDCALL: _C.SafeAPI.Execute(["v1.sketch.dimension",[{"type":"OFFSET","value":"@expr.d15_depth","name":"depth","id":171,"geomIds":[181]}]])
[0m[0;32m[2026-09-16 13:01:32.723][VERB] RETURN: {"result":"$227"}
[0m[0;32m[2026-09-16 13:01:32.726][VERB] COMMANDCALL: _C.SafeAPI.Execute(["v1.part.extrusion",[{"references":[177,181,187,193],"name":"F10_makeBox_cad_primitives_py_8","taperAngle":0,"limit2":"@expr.d16_height","id":4}]])
[0m[0;32m[2026-09-16 13:01:32.730][VERB] RETURN: {"result":"$231"}
[0m[0;32m[2026-09-16 13:01:32.733][VERB] COMMANDCALL: _C.SafeAPI.Execute(["v1.part.workPlane",[{"type":"PLANE","references":[38],"name":"F17_makeCylinder_cad_primitives_py_12_plane","offset":"@expr.d18_plane_offset","id":4}]])
[0m[0;32m[2026-09-16 13:01:32.736][VERB] RETURN: {"result":"$274"}
[0m[0;32m[2026-09-16 13:01:32.739][VERB] COMMANDCALL: _C.SafeAPI.Execute(["v1.sketch.create",[{"planeId":274,"name":"F17_makeCylinder_cad_primitives_py_12_profile","id":4}]])
[0m[0;32m[2026-09-16 13:01:32.741][VERB] RETURN: {"result":"$280"}
[0m[0;32m[2026-09-16 13:01:32.744][VERB] COMMANDCALL: _C.SafeAPI.Execute(["v1.sketch.circle",[{"radius":2.7,"id":280,"genFixation":0,"centerPos":[1.4,1.4,0]}]])
[0m[0;32m[2026-09-16 13:01:32.746][VERB] RETURN: {"result":"$286"}
[0m[0;32m[2026-09-16 13:01:32.748][VERB] COMMANDCALL: _C.SafeAPI.Execute(["v1.sketch.getPoints",[{"id":286}]])
[0m[0;32m[2026-09-16 13:01:32.749][VERB] RETURN: {"result":{"centerId":"$287"}}
[0m[0;32m[2026-09-16 13:01:32.751][VERB] COMMANDCALL: _C.SafeAPI.Execute(["v1.sketch.point",[{"pos":[-1000,-1000,0],"id":280}]])
[0m[0;32m[2026-09-16 13:01:32.752][VERB] RETURN: {"result":"$289"}
[0m[0;32m[2026-09-16 13:01:32.755][VERB] COMMANDCALL: _C.SafeAPI.Execute(["v1.sketch.constraint",[{"type":"FIXATION","id":280,"geomIds":[289]}]])
[0m[0;32m[2026-09-16 13:01:32.756][VERB] RETURN: {"result":"$291"}
[0m[0;32m[2026-09-16 13:01:32.758][VERB] COMMANDCALL: _C.SafeAPI.Execute(["v1.sketch.dimension",[{"type":"HORIZONTAL_DISTANCE","value":"@expr.d19_position_x","name":"position_x","id":280,"geomIds":[289,287]}]])
[0m[0;32m[2026-09-16 13:01:32.763][VERB] RETURN: {"result":"$295"}
[0m[0;32m[2026-09-16 13:01:32.766][VERB] COMMANDCALL: _C.SafeAPI.Execute(["v1.sketch.dimension",[{"type":"VERTICAL_DISTANCE","value":"@expr.d20_position_y","name":"position_y","id":280,"geomIds":[289,287]}]])
[0m[0;32m[2026-09-16 13:01:32.771][VERB] RETURN: {"result":"$299"}
[0m[0;32m[2026-09-16 13:01:32.774][VERB] COMMANDCALL: _C.SafeAPI.Execute(["v1.sketch.dimension",[{"type":"RADIUS","value":"@expr.d21_radius","name":"radius","id":280,"geomIds":[286]}]])
[0m[0;32m[2026-09-16 13:01:32.780][VERB] RETURN: {"result":"$303"}
[0m[0;32m[2026-09-16 13:01:32.783][VERB] COMMANDCALL: _C.SafeAPI.Execute(["v1.part.extrusion",[{"references":[286],"name":"F17_makeCylinder_cad_primitives_py_12","taperAngle":0,"limit2":"@expr.d22_height","id":4}]])
[0m[0;32m[2026-09-16 13:01:32.789][VERB] RETURN: {"result":"$307"}
[0m[0;32m[2026-09-16 13:01:32.793][VERB] COMMANDCALL: _C.SafeAPI.Execute(["v1.part.workPlane",[{"type":"PLANE","references":[38],"name":"F23_makeCylinder_cad_primitives_py_12_plane","offset":"@expr.d24_plane_offset","id":4}]])
[0m[0;32m[2026-09-16 13:01:32.796][VERB] RETURN: {"result":"$329"}
[0m[0;32m[2026-09-16 13:01:32.799][VERB] COMMANDCALL: _C.SafeAPI.Execute(["v1.sketch.create",[{"planeId":329,"name":"F23_makeCylinder_cad_primitives_py_12_profile","id":4}]])
[0m[0;32m[2026-09-16 13:01:32.802][VERB] RETURN: {"result":"$335"}
[0m[0;32m[2026-09-16 13:01:32.805][VERB] COMMANDCALL: _C.SafeAPI.Execute(["v1.sketch.circle",[{"radius":2.7,"id":335,"genFixation":0,"centerPos":[1.4,24.6,0]}]])
[0m[0;32m[2026-09-16 13:01:32.806][VERB] RETURN: {"result":"$341"}
[0m[0;32m[2026-09-16 13:01:32.809][VERB] COMMANDCALL: _C.SafeAPI.Execute(["v1.sketch.getPoints",[{"id":341}]])
[0m[0;32m[2026-09-16 13:01:32.810][VERB] RETURN: {"result":{"centerId":"$342"}}
[0m[0;32m[2026-09-16 13:01:32.813][VERB] COMMANDCALL: _C.SafeAPI.Execute(["v1.sketch.point",[{"pos":[-1000,-1000,0],"id":335}]])
[0m[0;32m[2026-09-16 13:01:32.814][VERB] RETURN: {"result":"$344"}
[0m[0;32m[2026-09-16 13:01:32.817][VERB] COMMANDCALL: _C.SafeAPI.Execute(["v1.sketch.constraint",[{"type":"FIXATION","id":335,"geomIds":[344]}]])
[0m[0;32m[2026-09-16 13:01:32.818][VERB] RETURN: {"result":"$346"}
[0m[0;32m[2026-09-16 13:01:32.821][VERB] COMMANDCALL: _C.SafeAPI.Execute(["v1.sketch.dimension",[{"type":"HORIZONTAL_DISTANCE","value":"@expr.d25_position_x","name":"position_x","id":335,"geomIds":[344,342]}]])
[0m[0;32m[2026-09-16 13:01:32.826][VERB] RETURN: {"result":"$350"}
[0m[0;32m[2026-09-16 13:01:32.829][VERB] COMMANDCALL: _C.SafeAPI.Execute(["v1.sketch.dimension",[{"type":"VERTICAL_DISTANCE","value":"@expr.d26_position_y","name":"position_y","id":335,"geomIds":[344,342]}]])
[0m[0;32m[2026-09-16 13:01:32.834][VERB] RETURN: {"result":"$354"}
[0m[0;32m[2026-09-16 13:01:32.838][VERB] COMMANDCALL: _C.SafeAPI.Execute(["v1.sketch.dimension",[{"type":"RADIUS","value":"@expr.d27_radius","name":"radius","id":335,"geomIds":[341]}]])
[0m[0;32m[2026-09-16 13:01:32.843][VERB] RETURN: {"result":"$358"}
[0m[0;32m[2026-09-16 13:01:32.847][VERB] COMMANDCALL: _C.SafeAPI.Execute(["v1.part.extrusion",[{"references":[341],"name":"F23_makeCylinder_cad_primitives_py_12","taperAngle":0,"limit2":"@expr.d28_height","id":4}]])
[0m[0;32m[2026-09-16 13:01:32.853][VERB] RETURN: {"result":"$362"}
[0m[0;32m[2026-09-16 13:01:32.857][VERB] COMMANDCALL: _C.SafeAPI.Execute(["v1.part.workPlane",[{"type":"PLANE","references":[38],"name":"F29_makeCylinder_cad_primitives_py_12_plane","offset":"@expr.d30_plane_offset","id":4}]])
[0m[0;32m[2026-09-16 13:01:32.860][VERB] RETURN: {"result":"$384"}
[0m[0;32m[2026-09-16 13:01:32.864][VERB] COMMANDCALL: _C.SafeAPI.Execute(["v1.sketch.create",[{"planeId":384,"name":"F29_makeCylinder_cad_primitives_py_12_profile","id":4}]])
[0m[0;32m[2026-09-16 13:01:32.866][VERB] RETURN: {"result":"$390"}
[0m[0;32m[2026-09-16 13:01:32.870][VERB] COMMANDCALL: _C.SafeAPI.Execute(["v1.sketch.circle",[{"radius":2.7,"id":390,"genFixation":0,"centerPos":[52.4,1.4,0]}]])
[0m[0;32m[2026-09-16 13:01:32.871][VERB] RETURN: {"result":"$396"}
[0m[0;32m[2026-09-16 13:01:32.875][VERB] COMMANDCALL: _C.SafeAPI.Execute(["v1.sketch.getPoints",[{"id":396}]])
[0m[0;32m[2026-09-16 13:01:32.875][VERB] RETURN: {"result":{"centerId":"$397"}}
[0m[0;32m[2026-09-16 13:01:32.878][VERB] COMMANDCALL: _C.SafeAPI.Execute(["v1.sketch.point",[{"pos":[-1000,-1000,0],"id":390}]])
[0m[0;32m[2026-09-16 13:01:32.879][VERB] RETURN: {"result":"$399"}
[0m[0;32m[2026-09-16 13:01:32.883][VERB] COMMANDCALL: _C.SafeAPI.Execute(["v1.sketch.constraint",[{"type":"FIXATION","id":390,"geomIds":[399]}]])
[0m[0;32m[2026-09-16 13:01:32.884][VERB] RETURN: {"result":"$401"}
[0m[0;32m[2026-09-16 13:01:32.887][VERB] COMMANDCALL: _C.SafeAPI.Execute(["v1.sketch.dimension",[{"type":"HORIZONTAL_DISTANCE","value":"@expr.d31_position_x","name":"position_x","id":390,"geomIds":[399,397]}]])
[0m[0;32m[2026-09-16 13:01:32.892][VERB] RETURN: {"result":"$405"}
[0m[0;32m[2026-09-16 13:01:32.896][VERB] COMMANDCALL: _C.SafeAPI.Execute(["v1.sketch.dimension",[{"type":"VERTICAL_DISTANCE","value":"@expr.d32_position_y","name":"position_y","id":390,"geomIds":[399,397]}]])
[0m[0;32m[2026-09-16 13:01:32.900][VERB] RETURN: {"result":"$409"}
[0m[0;32m[2026-09-16 13:01:32.905][VERB] COMMANDCALL: _C.SafeAPI.Execute(["v1.sketch.dimension",[{"type":"RADIUS","value":"@expr.d33_radius","name":"radius","id":390,"geomIds":[396]}]])
[0m[0;32m[2026-09-16 13:01:32.910][VERB] RETURN: {"result":"$413"}
[0m[0;32m[2026-09-16 13:01:32.914][VERB] COMMANDCALL: _C.SafeAPI.Execute(["v1.part.extrusion",[{"references":[396],"name":"F29_makeCylinder_cad_primitives_py_12","taperAngle":0,"limit2":"@expr.d34_height","id":4}]])
[0m[0;32m[2026-09-16 13:01:32.919][VERB] RETURN: {"result":"$417"}
[0m[0;32m[2026-09-16 13:01:32.923][VERB] COMMANDCALL: _C.SafeAPI.Execute(["v1.part.workPlane",[{"type":"PLANE","references":[38],"name":"F35_makeCylinder_cad_primitives_py_12_plane","offset":"@expr.d36_plane_offset","id":4}]])
[0m[0;32m[2026-09-16 13:01:32.926][VERB] RETURN: {"result":"$439"}
[0m[0;32m[2026-09-16 13:01:32.930][VERB] COMMANDCALL: _C.SafeAPI.Execute(["v1.sketch.create",[{"planeId":439,"name":"F35_makeCylinder_cad_primitives_py_12_profile","id":4}]])
[0m[0;32m[2026-09-16 13:01:32.932][VERB] RETURN: {"result":"$445"}
[0m[0;32m[2026-09-16 13:01:32.936][VERB] COMMANDCALL: _C.SafeAPI.Execute(["v1.sketch.circle",[{"radius":2.7,"id":445,"genFixation":0,"centerPos":[52.4,24.6,0]}]])
[0m[0;32m[2026-09-16 13:01:32.938][VERB] RETURN: {"result":"$451"}
[0m[0;32m[2026-09-16 13:01:32.942][VERB] COMMANDCALL: _C.SafeAPI.Execute(["v1.sketch.getPoints",[{"id":451}]])
[0m[0;32m[2026-09-16 13:01:32.943][VERB] RETURN: {"result":{"centerId":"$452"}}
[0m[0;32m[2026-09-16 13:01:32.947][VERB] COMMANDCALL: _C.SafeAPI.Execute(["v1.sketch.point",[{"pos":[-1000,-1000,0],"id":445}]])
[0m[0;32m[2026-09-16 13:01:32.948][VERB] RETURN: {"result":"$454"}
[0m[0;32m[2026-09-16 13:01:32.952][VERB] COMMANDCALL: _C.SafeAPI.Execute(["v1.sketch.constraint",[{"type":"FIXATION","id":445,"geomIds":[454]}]])
[0m[0;32m[2026-09-16 13:01:32.953][VERB] RETURN: {"result":"$456"}
[0m[0;32m[2026-09-16 13:01:32.957][VERB] COMMANDCALL: _C.SafeAPI.Execute(["v1.sketch.dimension",[{"type":"HORIZONTAL_DISTANCE","value":"@expr.d37_position_x","name":"position_x","id":445,"geomIds":[454,452]}]])
[0m[0;32m[2026-09-16 13:01:32.962][VERB] RETURN: {"result":"$460"}
[0m[0;32m[2026-09-16 13:01:32.966][VERB] COMMANDCALL: _C.SafeAPI.Execute(["v1.sketch.dimension",[{"type":"VERTICAL_DISTANCE","value":"@expr.d38_position_y","name":"position_y","id":445,"geomIds":[454,452]}]])
[0m[0;32m[2026-09-16 13:01:32.972][VERB] RETURN: {"result":"$464"}
[0m[0;32m[2026-09-16 13:01:32.976][VERB] COMMANDCALL: _C.SafeAPI.Execute(["v1.sketch.dimension",[{"type":"RADIUS","value":"@expr.d39_radius","name":"radius","id":445,"geomIds":[451]}]])
[0m[0;32m[2026-09-16 13:01:32.982][VERB] RETURN: {"result":"$468"}
[0m[0;32m[2026-09-16 13:01:32.986][VERB] COMMANDCALL: _C.SafeAPI.Execute(["v1.part.extrusion",[{"references":[451],"name":"F35_makeCylinder_cad_primitives_py_12","taperAngle":0,"limit2":"@expr.d40_height","id":4}]])
[0m[0;32m[2026-09-16 13:01:32.992][VERB] RETURN: {"result":"$472"}
[0m[0;32m[2026-09-16 13:01:32.996][VERB] COMMANDCALL: _C.SafeAPI.Execute(["v1.part.workPlane",[{"type":"PLANE","references":[38],"name":"F41_makeBox_cad_primitives_py_8_plane","offset":"@expr.d42_plane_offset","id":4}]])
[0m[0;32m[2026-09-16 13:01:33.000][VERB] RETURN: {"result":"$494"}
[0m[0;32m[2026-09-16 13:01:33.004][VERB] COMMANDCALL: _C.SafeAPI.Execute(["v1.sketch.create",[{"planeId":494,"name":"F41_makeBox_cad_primitives_py_8_profile","id":4}]])
[0m[0;32m[2026-09-16 13:01:33.006][VERB] RETURN: {"result":"$500"}
[0m[0;32m[2026-09-16 13:01:33.011][VERB] COMMANDCALL: _C.SafeAPI.Execute(["v1.sketch.rectangle",[{"startPos":[1.4,20.1,0],"id":500,"genFixation":0,"endPos":[56.4,65.9,0]}]])
[0m[0;32m[2026-09-16 13:01:33.018][VERB] RETURN: {"result":["$506","$510","$516","$522"]}
[0m[0;32m[2026-09-16 13:01:33.022][VERB] COMMANDCALL: _C.SafeAPI.Execute(["v1.sketch.getPoints",[{"id":506}]])
[0m[0;32m[2026-09-16 13:01:33.023][VERB] RETURN: {"result":{"endId":"$508","startId":"$507"}}
[0m[0;32m[2026-09-16 13:01:33.027][VERB] COMMANDCALL: _C.SafeAPI.Execute(["v1.sketch.point",[{"pos":[-1000,-1000,0],"id":500}]])
[0m[0;32m[2026-09-16 13:01:33.029][VERB] RETURN: {"result":"$538"}
[0m[0;32m[2026-09-16 13:01:33.034][VERB] COMMANDCALL: _C.SafeAPI.Execute(["v1.sketch.constraint",[{"type":"FIXATION","id":500,"geomIds":[538]}]])
[0m[0;32m[2026-09-16 13:01:33.035][VERB] RETURN: {"result":"$540"}
[0m[0;32m[2026-09-16 13:01:33.040][VERB] COMMANDCALL: _C.SafeAPI.Execute(["v1.sketch.dimension",[{"type":"HORIZONTAL_DISTANCE","value":"@expr.d43_position_x","name":"position_x","id":500,"geomIds":[538,507]}]])
[0m[0;32m[2026-09-16 13:01:33.045][VERB] RETURN: {"result":"$544"}
[0m[0;32m[2026-09-16 13:01:33.050][VERB] COMMANDCALL: _C.SafeAPI.Execute(["v1.sketch.dimension",[{"type":"VERTICAL_DISTANCE","value":"@expr.d44_position_y","name":"position_y","id":500,"geomIds":[538,507]}]])
[0m[0;32m[2026-09-16 13:01:33.057][VERB] RETURN: {"result":"$548"}
[0m[0;32m[2026-09-16 13:01:33.062][VERB] COMMANDCALL: _C.SafeAPI.Execute(["v1.sketch.dimension",[{"type":"OFFSET","value":"@expr.d45_width","name":"width","id":500,"geomIds":[506]}]])
[0m[0;32m[2026-09-16 13:01:33.069][VERB] RETURN: {"result":"$552"}
[0m[0;32m[2026-09-16 13:01:33.074][VERB] COMMANDCALL: _C.SafeAPI.Execute(["v1.sketch.dimension",[{"type":"OFFSET","value":"@expr.d46_depth","name":"depth","id":500,"geomIds":[510]}]])
[0m[0;32m[2026-09-16 13:01:33.082][VERB] RETURN: {"result":"$556"}
[0m[0;32m[2026-09-16 13:01:33.087][VERB] COMMANDCALL: _C.SafeAPI.Execute(["v1.part.extrusion",[{"references":[506,510,516,522],"name":"F41_makeBox_cad_primitives_py_8","taperAngle":0,"limit2":"@expr.d47_height","id":4}]])
[0m[0;32m[2026-09-16 13:01:33.092][VERB] RETURN: {"result":"$560"}
[0m[0;32m[2026-09-16 13:01:33.097][VERB] COMMANDCALL: _C.SafeAPI.Execute(["v1.part.workPlane",[{"type":"PLANE","references":[38],"name":"F48_makeBox_cad_primitives_py_8_plane","offset":"@expr.d49_plane_offset","id":4}]])
[0m[0;32m[2026-09-16 13:01:33.101][VERB] RETURN: {"result":"$603"}
[0m[0;32m[2026-09-16 13:01:33.106][VERB] COMMANDCALL: _C.SafeAPI.Execute(["v1.sketch.create",[{"planeId":603,"name":"F48_makeBox_cad_primitives_py_8_profile","id":4}]])
[0m[0;32m[2026-09-16 13:01:33.108][VERB] RETURN: {"result":"$609"}
[0m[0;32m[2026-09-16 13:01:33.113][VERB] COMMANDCALL: _C.SafeAPI.Execute(["v1.sketch.rectangle",[{"startPos":[-1.3,22.8,0],"id":609,"genFixation":0,"endPos":[59.1,63.2,0]}]])
[0m[0;32m[2026-09-16 13:01:33.119][VERB] RETURN: {"result":["$615","$619","$625","$631"]}
[0m[0;32m[2026-09-16 13:01:33.125][VERB] COMMANDCALL: _C.SafeAPI.Execute(["v1.sketch.getPoints",[{"id":615}]])
[0m[0;32m[2026-09-16 13:01:33.125][VERB] RETURN: {"result":{"endId":"$617","startId":"$616"}}
[0m[0;32m[2026-09-16 13:01:33.130][VERB] COMMANDCALL: _C.SafeAPI.Execute(["v1.sketch.point",[{"pos":[-1000,-1000,0],"id":609}]])
[0m[0;32m[2026-09-16 13:01:33.132][VERB] RETURN: {"result":"$647"}
[0m[0;32m[2026-09-16 13:01:33.137][VERB] COMMANDCALL: _C.SafeAPI.Execute(["v1.sketch.constraint",[{"type":"FIXATION","id":609,"geomIds":[647]}]])
[0m[0;32m[2026-09-16 13:01:33.139][VERB] RETURN: {"result":"$649"}
[0m[0;32m[2026-09-16 13:01:33.144][VERB] COMMANDCALL: _C.SafeAPI.Execute(["v1.sketch.dimension",[{"type":"HORIZONTAL_DISTANCE","value":"@expr.d50_position_x","name":"position_x","id":609,"geomIds":[647,616]}]])
[0m[0;32m[2026-09-16 13:01:33.149][VERB] RETURN: {"result":"$653"}
[0m[0;32m[2026-09-16 13:01:33.155][VERB] COMMANDCALL: _C.SafeAPI.Execute(["v1.sketch.dimension",[{"type":"VERTICAL_DISTANCE","value":"@expr.d51_position_y","name":"position_y","id":609,"geomIds":[647,616]}]])
[0m[0;32m[2026-09-16 13:01:33.161][VERB] RETURN: {"result":"$657"}
[0m[0;32m[2026-09-16 13:01:33.166][VERB] COMMANDCALL: _C.SafeAPI.Execute(["v1.sketch.dimension",[{"type":"OFFSET","value":"@expr.d52_width","name":"width","id":609,"geomIds":[615]}]])
[0m[0;32m[2026-09-16 13:01:33.173][VERB] RETURN: {"result":"$661"}
[0m[0;32m[2026-09-16 13:01:33.179][VERB] COMMANDCALL: _C.SafeAPI.Execute(["v1.sketch.dimension",[{"type":"OFFSET","value":"@expr.d53_depth","name":"depth","id":609,"geomIds":[619]}]])
[0m[0;32m[2026-09-16 13:01:33.186][VERB] RETURN: {"result":"$665"}
[0m[0;32m[2026-09-16 13:01:33.192][VERB] COMMANDCALL: _C.SafeAPI.Execute(["v1.part.extrusion",[{"references":[615,619,625,631],"name":"F48_makeBox_cad_primitives_py_8","taperAngle":0,"limit2":"@expr.d54_height","id":4}]])
[0m[0;32m[2026-09-16 13:01:33.197][VERB] RETURN: {"result":"$669"}
[0m[0;32m[2026-09-16 13:01:33.203][VERB] COMMANDCALL: _C.SafeAPI.Execute(["v1.part.workPlane",[{"type":"PLANE","references":[38],"name":"F55_makeCylinder_cad_primitives_py_12_plane","offset":"@expr.d56_plane_offset","id":4}]])
[0m[0;32m[2026-09-16 13:01:33.206][VERB] RETURN: {"result":"$712"}
[0m[0;32m[2026-09-16 13:01:33.212][VERB] COMMANDCALL: _C.SafeAPI.Execute(["v1.sketch.create",[{"planeId":712,"name":"F55_makeCylinder_cad_primitives_py_12_profile","id":4}]])
[0m[0;32m[2026-09-16 13:01:33.214][VERB] RETURN: {"result":"$718"}
[0m[0;32m[2026-09-16 13:01:33.220][VERB] COMMANDCALL: _C.SafeAPI.Execute(["v1.sketch.circle",[{"radius":2.7,"id":718,"genFixation":0,"centerPos":[1.4,22.8,0]}]])
[0m[0;32m[2026-09-16 13:01:33.222][VERB] RETURN: {"result":"$724"}
[0m[0;32m[2026-09-16 13:01:33.227][VERB] COMMANDCALL: _C.SafeAPI.Execute(["v1.sketch.getPoints",[{"id":724}]])
[0m[0;32m[2026-09-16 13:01:33.228][VERB] RETURN: {"result":{"centerId":"$725"}}
[0m[0;32m[2026-09-16 13:01:33.233][VERB] COMMANDCALL: _C.SafeAPI.Execute(["v1.sketch.point",[{"pos":[-1000,-1000,0],"id":718}]])
[0m[0;32m[2026-09-16 13:01:33.234][VERB] RETURN: {"result":"$727"}
[0m[0;32m[2026-09-16 13:01:33.240][VERB] COMMANDCALL: _C.SafeAPI.Execute(["v1.sketch.constraint",[{"type":"FIXATION","id":718,"geomIds":[727]}]])
[0m[0;32m[2026-09-16 13:01:33.241][VERB] RETURN: {"result":"$729"}
[0m[0;32m[2026-09-16 13:01:33.247][VERB] COMMANDCALL: _C.SafeAPI.Execute(["v1.sketch.dimension",[{"type":"HORIZONTAL_DISTANCE","value":"@expr.d57_position_x","name":"position_x","id":718,"geomIds":[727,725]}]])
[0m[0;32m[2026-09-16 13:01:33.251][VERB] RETURN: {"result":"$733"}
[0m[0;32m[2026-09-16 13:01:33.258][VERB] COMMANDCALL: _C.SafeAPI.Execute(["v1.sketch.dimension",[{"type":"VERTICAL_DISTANCE","value":"@expr.d58_position_y","name":"position_y","id":718,"geomIds":[727,725]}]])
[0m[0;32m[2026-09-16 13:01:33.263][VERB] RETURN: {"result":"$737"}
[0m[0;32m[2026-09-16 13:01:33.269][VERB] COMMANDCALL: _C.SafeAPI.Execute(["v1.sketch.dimension",[{"type":"RADIUS","value":"@expr.d59_radius","name":"radius","id":718,"geomIds":[724]}]])
[0m[0;32m[2026-09-16 13:01:33.274][VERB] RETURN: {"result":"$741"}
[0m[0;32m[2026-09-16 13:01:33.280][VERB] COMMANDCALL: _C.SafeAPI.Execute(["v1.part.extrusion",[{"references":[724],"name":"F55_makeCylinder_cad_primitives_py_12","taperAngle":0,"limit2":"@expr.d60_height","id":4}]])
[0m[0;32m[2026-09-16 13:01:33.285][VERB] RETURN: {"result":"$745"}
[0m[0;32m[2026-09-16 13:01:33.291][VERB] COMMANDCALL: _C.SafeAPI.Execute(["v1.part.workPlane",[{"type":"PLANE","references":[38],"name":"F61_makeCylinder_cad_primitives_py_12_plane","offset":"@expr.d62_plane_offset","id":4}]])
[0m[0;32m[2026-09-16 13:01:33.294][VERB] RETURN: {"result":"$767"}
[0m[0;32m[2026-09-16 13:01:33.301][VERB] COMMANDCALL: _C.SafeAPI.Execute(["v1.sketch.create",[{"planeId":767,"name":"F61_makeCylinder_cad_primitives_py_12_profile","id":4}]])
[0m[0;32m[2026-09-16 13:01:33.303][VERB] RETURN: {"result":"$773"}
[0m[0;32m[2026-09-16 13:01:33.309][VERB] COMMANDCALL: _C.SafeAPI.Execute(["v1.sketch.circle",[{"radius":2.7,"id":773,"genFixation":0,"centerPos":[1.4,63.2,0]}]])
[0m[0;32m[2026-09-16 13:01:33.310][VERB] RETURN: {"result":"$779"}
[0m[0;32m[2026-09-16 13:01:33.317][VERB] COMMANDCALL: _C.SafeAPI.Execute(["v1.sketch.getPoints",[{"id":779}]])
[0m[0;32m[2026-09-16 13:01:33.317][VERB] RETURN: {"result":{"centerId":"$780"}}
[0m[0;32m[2026-09-16 13:01:33.323][VERB] COMMANDCALL: _C.SafeAPI.Execute(["v1.sketch.point",[{"pos":[-1000,-1000,0],"id":773}]])
[0m[0;32m[2026-09-16 13:01:33.324][VERB] RETURN: {"result":"$782"}
[0m[0;32m[2026-09-16 13:01:33.330][VERB] COMMANDCALL: _C.SafeAPI.Execute(["v1.sketch.constraint",[{"type":"FIXATION","id":773,"geomIds":[782]}]])
[0m[0;32m[2026-09-16 13:01:33.331][VERB] RETURN: {"result":"$784"}
[0m[0;32m[2026-09-16 13:01:33.337][VERB] COMMANDCALL: _C.SafeAPI.Execute(["v1.sketch.dimension",[{"type":"HORIZONTAL_DISTANCE","value":"@expr.d63_position_x","name":"position_x","id":773,"geomIds":[782,780]}]])
[0m[0;32m[2026-09-16 13:01:33.341][VERB] RETURN: {"result":"$788"}
[0m[0;32m[2026-09-16 13:01:33.348][VERB] COMMANDCALL: _C.SafeAPI.Execute(["v1.sketch.dimension",[{"type":"VERTICAL_DISTANCE","value":"@expr.d64_position_y","name":"position_y","id":773,"geomIds":[782,780]}]])
[0m[0;32m[2026-09-16 13:01:33.353][VERB] RETURN: {"result":"$792"}
[0m[0;32m[2026-09-16 13:01:33.359][VERB] COMMANDCALL: _C.SafeAPI.Execute(["v1.sketch.dimension",[{"type":"RADIUS","value":"@expr.d65_radius","name":"radius","id":773,"geomIds":[779]}]])
[0m[0;32m[2026-09-16 13:01:33.365][VERB] RETURN: {"result":"$796"}
[0m[0;32m[2026-09-16 13:01:33.372][VERB] COMMANDCALL: _C.SafeAPI.Execute(["v1.part.extrusion",[{"references":[779],"name":"F61_makeCylinder_cad_primitives_py_12","taperAngle":0,"limit2":"@expr.d66_height","id":4}]])
[0m[0;32m[2026-09-16 13:01:33.377][VERB] RETURN: {"result":"$800"}
[0m[0;32m[2026-09-16 13:01:33.383][VERB] COMMANDCALL: _C.SafeAPI.Execute(["v1.part.workPlane",[{"type":"PLANE","references":[38],"name":"F67_makeCylinder_cad_primitives_py_12_plane","offset":"@expr.d68_plane_offset","id":4}]])
[0m[0;32m[2026-09-16 13:01:33.387][VERB] RETURN: {"result":"$822"}
[0m[0;32m[2026-09-16 13:01:33.394][VERB] COMMANDCALL: _C.SafeAPI.Execute(["v1.sketch.create",[{"planeId":822,"name":"F67_makeCylinder_cad_primitives_py_12_profile","id":4}]])
[0m[0;32m[2026-09-16 13:01:33.396][VERB] RETURN: {"result":"$828"}
[0m[0;32m[2026-09-16 13:01:33.402][VERB] COMMANDCALL: _C.SafeAPI.Execute(["v1.sketch.circle",[{"radius":2.7,"id":828,"genFixation":0,"centerPos":[56.4,22.8,0]}]])
[0m[0;32m[2026-09-16 13:01:33.404][VERB] RETURN: {"result":"$834"}
[0m[0;32m[2026-09-16 13:01:33.410][VERB] COMMANDCALL: _C.SafeAPI.Execute(["v1.sketch.getPoints",[{"id":834}]])
[0m[0;32m[2026-09-16 13:01:33.410][VERB] RETURN: {"result":{"centerId":"$835"}}
[0m[0;32m[2026-09-16 13:01:33.417][VERB] COMMANDCALL: _C.SafeAPI.Execute(["v1.sketch.point",[{"pos":[-1000,-1000,0],"id":828}]])
[0m[0;32m[2026-09-16 13:01:33.418][VERB] RETURN: {"result":"$837"}
[0m[0;32m[2026-09-16 13:01:33.424][VERB] COMMANDCALL: _C.SafeAPI.Execute(["v1.sketch.constraint",[{"type":"FIXATION","id":828,"geomIds":[837]}]])
[0m[0;32m[2026-09-16 13:01:33.425][VERB] RETURN: {"result":"$839"}
[0m[0;32m[2026-09-16 13:01:33.432][VERB] COMMANDCALL: _C.SafeAPI.Execute(["v1.sketch.dimension",[{"type":"HORIZONTAL_DISTANCE","value":"@expr.d69_position_x","name":"position_x","id":828,"geomIds":[837,835]}]])
[0m[0;32m[2026-09-16 13:01:33.436][VERB] RETURN: {"result":"$843"}
[0m[0;32m[2026-09-16 13:01:33.443][VERB] COMMANDCALL: _C.SafeAPI.Execute(["v1.sketch.dimension",[{"type":"VERTICAL_DISTANCE","value":"@expr.d70_position_y","name":"position_y","id":828,"geomIds":[837,835]}]])
[0m[0;32m[2026-09-16 13:01:33.448][VERB] RETURN: {"result":"$847"}
[0m[0;32m[2026-09-16 13:01:33.455][VERB] COMMANDCALL: _C.SafeAPI.Execute(["v1.sketch.dimension",[{"type":"RADIUS","value":"@expr.d71_radius","name":"radius","id":828,"geomIds":[834]}]])
[0m[0;32m[2026-09-16 13:01:33.460][VERB] RETURN: {"result":"$851"}
[0m[0;32m[2026-09-16 13:01:33.468][VERB] COMMANDCALL: _C.SafeAPI.Execute(["v1.part.extrusion",[{"references":[834],"name":"F67_makeCylinder_cad_primitives_py_12","taperAngle":0,"limit2":"@expr.d72_height","id":4}]])
[0m[0;32m[2026-09-16 13:01:33.473][VERB] RETURN: {"result":"$855"}
[0m[0;32m[2026-09-16 13:01:33.480][VERB] COMMANDCALL: _C.SafeAPI.Execute(["v1.part.workPlane",[{"type":"PLANE","references":[38],"name":"F73_makeCylinder_cad_primitives_py_12_plane","offset":"@expr.d74_plane_offset","id":4}]])
[0m[0;32m[2026-09-16 13:01:33.483][VERB] RETURN: {"result":"$877"}
[0m[0;32m[2026-09-16 13:01:33.491][VERB] COMMANDCALL: _C.SafeAPI.Execute(["v1.sketch.create",[{"planeId":877,"name":"F73_makeCylinder_cad_primitives_py_12_profile","id":4}]])
[0m[0;32m[2026-09-16 13:01:33.493][VERB] RETURN: {"result":"$883"}
[0m[0;32m[2026-09-16 13:01:33.500][VERB] COMMANDCALL: _C.SafeAPI.Execute(["v1.sketch.circle",[{"radius":2.7,"id":883,"genFixation":0,"centerPos":[56.4,63.2,0]}]])
[0m[0;32m[2026-09-16 13:01:33.501][VERB] RETURN: {"result":"$889"}
[0m[0;32m[2026-09-16 13:01:33.508][VERB] COMMANDCALL: _C.SafeAPI.Execute(["v1.sketch.getPoints",[{"id":889}]])
[0m[0;32m[2026-09-16 13:01:33.508][VERB] RETURN: {"result":{"centerId":"$890"}}
[0m[0;32m[2026-09-16 13:01:33.515][VERB] COMMANDCALL: _C.SafeAPI.Execute(["v1.sketch.point",[{"pos":[-1000,-1000,0],"id":883}]])
[0m[0;32m[2026-09-16 13:01:33.516][VERB] RETURN: {"result":"$892"}
[0m[0;32m[2026-09-16 13:01:33.523][VERB] COMMANDCALL: _C.SafeAPI.Execute(["v1.sketch.constraint",[{"type":"FIXATION","id":883,"geomIds":[892]}]])
[0m[0;32m[2026-09-16 13:01:33.524][VERB] RETURN: {"result":"$894"}
[0m[0;32m[2026-09-16 13:01:33.531][VERB] COMMANDCALL: _C.SafeAPI.Execute(["v1.sketch.dimension",[{"type":"HORIZONTAL_DISTANCE","value":"@expr.d75_position_x","name":"position_x","id":883,"geomIds":[892,890]}]])
[0m[0;32m[2026-09-16 13:01:33.535][VERB] RETURN: {"result":"$898"}
[0m[0;32m[2026-09-16 13:01:33.543][VERB] COMMANDCALL: _C.SafeAPI.Execute(["v1.sketch.dimension",[{"type":"VERTICAL_DISTANCE","value":"@expr.d76_position_y","name":"position_y","id":883,"geomIds":[892,890]}]])
[0m[0;32m[2026-09-16 13:01:33.548][VERB] RETURN: {"result":"$902"}
[0m[0;32m[2026-09-16 13:01:33.555][VERB] COMMANDCALL: _C.SafeAPI.Execute(["v1.sketch.dimension",[{"type":"RADIUS","value":"@expr.d77_radius","name":"radius","id":883,"geomIds":[889]}]])
[0m[0;32m[2026-09-16 13:01:33.560][VERB] RETURN: {"result":"$906"}
[0m[0;32m[2026-09-16 13:01:33.568][VERB] COMMANDCALL: _C.SafeAPI.Execute(["v1.part.extrusion",[{"references":[889],"name":"F73_makeCylinder_cad_primitives_py_12","taperAngle":0,"limit2":"@expr.d78_height","id":4}]])
[0m[0;32m[2026-09-16 13:01:33.573][VERB] RETURN: {"result":"$910"}
[0m[0;32m[2026-09-16 13:01:33.581][VERB] COMMANDCALL: _C.SafeAPI.Execute(["v1.part.workPlane",[{"type":"PLANE","references":[38],"name":"F79_makeBox_cad_primitives_py_8_plane","offset":"@expr.d80_plane_offset","id":4}]])
[0m[0;32m[2026-09-16 13:01:33.584][VERB] RETURN: {"result":"$932"}
[0m[0;32m[2026-09-16 13:01:33.592][VERB] COMMANDCALL: _C.SafeAPI.Execute(["v1.sketch.create",[{"planeId":932,"name":"F79_makeBox_cad_primitives_py_8_profile","id":4}]])
[0m[0;32m[2026-09-16 13:01:33.594][VERB] RETURN: {"result":"$938"}
[0m[0;32m[2026-09-16 13:01:33.601][VERB] COMMANDCALL: _C.SafeAPI.Execute(["v1.sketch.rectangle",[{"startPos":[48.8,-1.3,0],"id":938,"genFixation":0,"endPos":[89.8,40.8,0]}]])
[0m[0;32m[2026-09-16 13:01:33.608][VERB] RETURN: {"result":["$944","$948","$954","$960"]}
[0m[0;32m[2026-09-16 13:01:33.616][VERB] COMMANDCALL: _C.SafeAPI.Execute(["v1.sketch.getPoints",[{"id":944}]])
[0m[0;32m[2026-09-16 13:01:33.616][VERB] RETURN: {"result":{"endId":"$946","startId":"$945"}}
[0m[0;32m[2026-09-16 13:01:33.623][VERB] COMMANDCALL: _C.SafeAPI.Execute(["v1.sketch.point",[{"pos":[-1000,-1000,0],"id":938}]])
[0m[0;32m[2026-09-16 13:01:33.625][VERB] RETURN: {"result":"$976"}
[0m[0;32m[2026-09-16 13:01:33.633][VERB] COMMANDCALL: _C.SafeAPI.Execute(["v1.sketch.constraint",[{"type":"FIXATION","id":938,"geomIds":[976]}]])
[0m[0;32m[2026-09-16 13:01:33.634][VERB] RETURN: {"result":"$978"}
[0m[0;32m[2026-09-16 13:01:33.642][VERB] COMMANDCALL: _C.SafeAPI.Execute(["v1.sketch.dimension",[{"type":"HORIZONTAL_DISTANCE","value":"@expr.d81_position_x","name":"position_x","id":938,"geomIds":[976,945]}]])
[0m[0;32m[2026-09-16 13:01:33.648][VERB] RETURN: {"result":"$982"}
[0m[0;32m[2026-09-16 13:01:33.656][VERB] COMMANDCALL: _C.SafeAPI.Execute(["v1.sketch.dimension",[{"type":"VERTICAL_DISTANCE","value":"@expr.d82_position_y","name":"position_y","id":938,"geomIds":[976,945]}]])
[0m[0;32m[2026-09-16 13:01:33.662][VERB] RETURN: {"result":"$986"}
[0m[0;32m[2026-09-16 13:01:33.670][VERB] COMMANDCALL: _C.SafeAPI.Execute(["v1.sketch.dimension",[{"type":"OFFSET","value":"@expr.d83_width","name":"width","id":938,"geomIds":[944]}]])
[0m[0;32m[2026-09-16 13:01:33.676][VERB] RETURN: {"result":"$990"}
[0m[0;32m[2026-09-16 13:01:33.684][VERB] COMMANDCALL: _C.SafeAPI.Execute(["v1.sketch.dimension",[{"type":"OFFSET","value":"@expr.d84_depth","name":"depth","id":938,"geomIds":[948]}]])
[0m[0;32m[2026-09-16 13:01:33.692][VERB] RETURN: {"result":"$994"}
[0m[0;32m[2026-09-16 13:01:33.701][VERB] COMMANDCALL: _C.SafeAPI.Execute(["v1.part.extrusion",[{"references":[944,948,954,960],"name":"F79_makeBox_cad_primitives_py_8","taperAngle":0,"limit2":"@expr.d85_height","id":4}]])
[0m[0;32m[2026-09-16 13:01:33.705][VERB] RETURN: {"result":"$998"}
[0m[0;32m[2026-09-16 13:01:33.713][VERB] COMMANDCALL: _C.SafeAPI.Execute(["v1.part.workPlane",[{"type":"PLANE","references":[38],"name":"F86_makeBox_cad_primitives_py_8_plane","offset":"@expr.d87_plane_offset","id":4}]])
[0m[0;32m[2026-09-16 13:01:33.717][VERB] RETURN: {"result":"$1041"}
[0m[0;32m[2026-09-16 13:01:33.725][VERB] COMMANDCALL: _C.SafeAPI.Execute(["v1.sketch.create",[{"planeId":1041,"name":"F86_makeBox_cad_primitives_py_8_profile","id":4}]])
[0m[0;32m[2026-09-16 13:01:33.727][VERB] RETURN: {"result":"$1047"}
[0m[0;32m[2026-09-16 13:01:33.735][VERB] COMMANDCALL: _C.SafeAPI.Execute(["v1.sketch.rectangle",[{"startPos":[46.1,1.4,0],"id":1047,"genFixation":0,"endPos":[92.5,38.1,0]}]])
[0m[0;32m[2026-09-16 13:01:33.742][VERB] RETURN: {"result":["$1053","$1057","$1063","$1069"]}
[0m[0;32m[2026-09-16 13:01:33.751][VERB] COMMANDCALL: _C.SafeAPI.Execute(["v1.sketch.getPoints",[{"id":1053}]])
[0m[0;32m[2026-09-16 13:01:33.751][VERB] RETURN: {"result":{"endId":"$1055","startId":"$1054"}}
[0m[0;32m[2026-09-16 13:01:33.759][VERB] COMMANDCALL: _C.SafeAPI.Execute(["v1.sketch.point",[{"pos":[-1000,-1000,0],"id":1047}]])
[0m[0;32m[2026-09-16 13:01:33.761][VERB] RETURN: {"result":"$1085"}
[0m[0;32m[2026-09-16 13:01:33.770][VERB] COMMANDCALL: _C.SafeAPI.Execute(["v1.sketch.constraint",[{"type":"FIXATION","id":1047,"geomIds":[1085]}]])
[0m[0;32m[2026-09-16 13:01:33.771][VERB] RETURN: {"result":"$1087"}
[0m[0;32m[2026-09-16 13:01:33.780][VERB] COMMANDCALL: _C.SafeAPI.Execute(["v1.sketch.dimension",[{"type":"HORIZONTAL_DISTANCE","value":"@expr.d88_position_x","name":"position_x","id":1047,"geomIds":[1085,1054]}]])
[0m[0;32m[2026-09-16 13:01:33.785][VERB] RETURN: {"result":"$1091"}
[0m[0;32m[2026-09-16 13:01:33.794][VERB] COMMANDCALL: _C.SafeAPI.Execute(["v1.sketch.dimension",[{"type":"VERTICAL_DISTANCE","value":"@expr.d89_position_y","name":"position_y","id":1047,"geomIds":[1085,1054]}]])
[0m[0;32m[2026-09-16 13:01:33.800][VERB] RETURN: {"result":"$1095"}
[0m[0;32m[2026-09-16 13:01:33.809][VERB] COMMANDCALL: _C.SafeAPI.Execute(["v1.sketch.dimension",[{"type":"OFFSET","value":"@expr.d90_width","name":"width","id":1047,"geomIds":[1053]}]])
[0m[0;32m[2026-09-16 13:01:33.816][VERB] RETURN: {"result":"$1099"}
[0m[0;32m[2026-09-16 13:01:33.825][VERB] COMMANDCALL: _C.SafeAPI.Execute(["v1.sketch.dimension",[{"type":"OFFSET","value":"@expr.d91_depth","name":"depth","id":1047,"geomIds":[1057]}]])
[0m[0;32m[2026-09-16 13:01:33.833][VERB] RETURN: {"result":"$1103"}
[0m[0;32m[2026-09-16 13:01:33.841][VERB] COMMANDCALL: _C.SafeAPI.Execute(["v1.part.extrusion",[{"references":[1053,1057,1063,1069],"name":"F86_makeBox_cad_primitives_py_8","taperAngle":0,"limit2":"@expr.d92_height","id":4}]])
[0m[0;32m[2026-09-16 13:01:33.846][VERB] RETURN: {"result":"$1107"}
[0m[0;32m[2026-09-16 13:01:33.855][VERB] COMMANDCALL: _C.SafeAPI.Execute(["v1.part.workPlane",[{"type":"PLANE","references":[38],"name":"F93_makeCylinder_cad_primitives_py_12_plane","offset":"@expr.d94_plane_offset","id":4}]])
[0m[0;32m[2026-09-16 13:01:33.858][VERB] RETURN: {"result":"$1150"}
[0m[0;32m[2026-09-16 13:01:33.867][VERB] COMMANDCALL: _C.SafeAPI.Execute(["v1.sketch.create",[{"planeId":1150,"name":"F93_makeCylinder_cad_primitives_py_12_profile","id":4}]])
[0m[0;32m[2026-09-16 13:01:33.869][VERB] RETURN: {"result":"$1156"}
[0m[0;32m[2026-09-16 13:01:33.878][VERB] COMMANDCALL: _C.SafeAPI.Execute(["v1.sketch.circle",[{"radius":2.7,"id":1156,"genFixation":0,"centerPos":[48.8,1.4,0]}]])
[0m[0;32m[2026-09-16 13:01:33.879][VERB] RETURN: {"result":"$1162"}
[0m[0;32m[2026-09-16 13:01:33.888][VERB] COMMANDCALL: _C.SafeAPI.Execute(["v1.sketch.getPoints",[{"id":1162}]])
[0m[0;32m[2026-09-16 13:01:33.888][VERB] RETURN: {"result":{"centerId":"$1163"}}
[0m[0;32m[2026-09-16 13:01:33.896][VERB] COMMANDCALL: _C.SafeAPI.Execute(["v1.sketch.point",[{"pos":[-1000,-1000,0],"id":1156}]])
[0m[0;32m[2026-09-16 13:01:33.897][VERB] RETURN: {"result":"$1165"}
[0m[0;32m[2026-09-16 13:01:33.906][VERB] COMMANDCALL: _C.SafeAPI.Execute(["v1.sketch.constraint",[{"type":"FIXATION","id":1156,"geomIds":[1165]}]])
[0m[0;32m[2026-09-16 13:01:33.907][VERB] RETURN: {"result":"$1167"}
[0m[0;32m[2026-09-16 13:01:33.916][VERB] COMMANDCALL: _C.SafeAPI.Execute(["v1.sketch.dimension",[{"type":"HORIZONTAL_DISTANCE","value":"@expr.d95_position_x","name":"position_x","id":1156,"geomIds":[1165,1163]}]])
[0m[0;32m[2026-09-16 13:01:33.920][VERB] RETURN: {"result":"$1171"}
[0m[0;32m[2026-09-16 13:01:33.929][VERB] COMMANDCALL: _C.SafeAPI.Execute(["v1.sketch.dimension",[{"type":"VERTICAL_DISTANCE","value":"@expr.d96_position_y","name":"position_y","id":1156,"geomIds":[1165,1163]}]])
[0m[0;32m[2026-09-16 13:01:33.934][VERB] RETURN: {"result":"$1175"}
[0m[0;32m[2026-09-16 13:01:33.943][VERB] COMMANDCALL: _C.SafeAPI.Execute(["v1.sketch.dimension",[{"type":"RADIUS","value":"@expr.d97_radius","name":"radius","id":1156,"geomIds":[1162]}]])
[0m[0;32m[2026-09-16 13:01:33.948][VERB] RETURN: {"result":"$1179"}
[0m[0;32m[2026-09-16 13:01:33.957][VERB] COMMANDCALL: _C.SafeAPI.Execute(["v1.part.extrusion",[{"references":[1162],"name":"F93_makeCylinder_cad_primitives_py_12","taperAngle":0,"limit2":"@expr.d98_height","id":4}]])
[0m[0;32m[2026-09-16 13:01:33.962][VERB] RETURN: {"result":"$1183"}
[0m[0;32m[2026-09-16 13:01:33.972][VERB] COMMANDCALL: _C.SafeAPI.Execute(["v1.part.workPlane",[{"type":"PLANE","references":[38],"name":"F99_makeCylinder_cad_primitives_py_12_plane","offset":"@expr.d100_plane_offset","id":4}]])
[0m[0;32m[2026-09-16 13:01:33.975][VERB] RETURN: {"result":"$1205"}
[0m[0;32m[2026-09-16 13:01:33.984][VERB] COMMANDCALL: _C.SafeAPI.Execute(["v1.sketch.create",[{"planeId":1205,"name":"F99_makeCylinder_cad_primitives_py_12_profile","id":4}]])
[0m[0;32m[2026-09-16 13:01:33.986][VERB] RETURN: {"result":"$1211"}
[0m[0;32m[2026-09-16 13:01:33.996][VERB] COMMANDCALL: _C.SafeAPI.Execute(["v1.sketch.circle",[{"radius":2.7,"id":1211,"genFixation":0,"centerPos":[48.8,38.1,0]}]])
[0m[0;32m[2026-09-16 13:01:33.997][VERB] RETURN: {"result":"$1217"}
[0m[0;32m[2026-09-16 13:01:34.006][VERB] COMMANDCALL: _C.SafeAPI.Execute(["v1.sketch.getPoints",[{"id":1217}]])
[0m[0;32m[2026-09-16 13:01:34.006][VERB] RETURN: {"result":{"centerId":"$1218"}}
[0m[0;32m[2026-09-16 13:01:34.016][VERB] COMMANDCALL: _C.SafeAPI.Execute(["v1.sketch.point",[{"pos":[-1000,-1000,0],"id":1211}]])
[0m[0;32m[2026-09-16 13:01:34.017][VERB] RETURN: {"result":"$1220"}
[0m[0;32m[2026-09-16 13:01:34.025][VERB] COMMANDCALL: _C.SafeAPI.Execute(["v1.sketch.constraint",[{"type":"FIXATION","id":1211,"geomIds":[1220]}]])
[0m[0;32m[2026-09-16 13:01:34.026][VERB] RETURN: {"result":"$1222"}
[0m[0;32m[2026-09-16 13:01:34.036][VERB] COMMANDCALL: _C.SafeAPI.Execute(["v1.sketch.dimension",[{"type":"HORIZONTAL_DISTANCE","value":"@expr.d101_position_x","name":"position_x","id":1211,"geomIds":[1220,1218]}]])
[0m[0;32m[2026-09-16 13:01:34.040][VERB] RETURN: {"result":"$1226"}
[0m[0;32m[2026-09-16 13:01:34.049][VERB] COMMANDCALL: _C.SafeAPI.Execute(["v1.sketch.dimension",[{"type":"VERTICAL_DISTANCE","value":"@expr.d102_position_y","name":"position_y","id":1211,"geomIds":[1220,1218]}]])
[0m[0;32m[2026-09-16 13:01:34.054][VERB] RETURN: {"result":"$1230"}
[0m[0;32m[2026-09-16 13:01:34.063][VERB] COMMANDCALL: _C.SafeAPI.Execute(["v1.sketch.dimension",[{"type":"RADIUS","value":"@expr.d103_radius","name":"radius","id":1211,"geomIds":[1217]}]])
[0m[0;32m[2026-09-16 13:01:34.068][VERB] RETURN: {"result":"$1234"}
[0m[0;32m[2026-09-16 13:01:34.078][VERB] COMMANDCALL: _C.SafeAPI.Execute(["v1.part.extrusion",[{"references":[1217],"name":"F99_makeCylinder_cad_primitives_py_12","taperAngle":0,"limit2":"@expr.d104_height","id":4}]])
[0m[0;32m[2026-09-16 13:01:34.083][VERB] RETURN: {"result":"$1238"}
[0m[0;32m[2026-09-16 13:01:34.092][VERB] COMMANDCALL: _C.SafeAPI.Execute(["v1.part.workPlane",[{"type":"PLANE","references":[38],"name":"F105_makeCylinder_cad_primitives_py_12_plane","offset":"@expr.d106_plane_offset","id":4}]])
[0m[0;32m[2026-09-16 13:01:34.096][VERB] RETURN: {"result":"$1260"}
[0m[0;32m[2026-09-16 13:01:34.105][VERB] COMMANDCALL: _C.SafeAPI.Execute(["v1.sketch.create",[{"planeId":1260,"name":"F105_makeCylinder_cad_primitives_py_12_profile","id":4}]])
[0m[0;32m[2026-09-16 13:01:34.107][VERB] RETURN: {"result":"$1266"}
[0m[0;32m[2026-09-16 13:01:34.117][VERB] COMMANDCALL: _C.SafeAPI.Execute(["v1.sketch.circle",[{"radius":2.7,"id":1266,"genFixation":0,"centerPos":[89.8,1.4,0]}]])
[0m[0;32m[2026-09-16 13:01:34.118][VERB] RETURN: {"result":"$1272"}
[0m[0;32m[2026-09-16 13:01:34.127][VERB] COMMANDCALL: _C.SafeAPI.Execute(["v1.sketch.getPoints",[{"id":1272}]])
[0m[0;32m[2026-09-16 13:01:34.127][VERB] RETURN: {"result":{"centerId":"$1273"}}
[0m[0;32m[2026-09-16 13:01:34.136][VERB] COMMANDCALL: _C.SafeAPI.Execute(["v1.sketch.point",[{"pos":[-1000,-1000,0],"id":1266}]])
[0m[0;32m[2026-09-16 13:01:34.138][VERB] RETURN: {"result":"$1275"}
[0m[0;32m[2026-09-16 13:01:34.147][VERB] COMMANDCALL: _C.SafeAPI.Execute(["v1.sketch.constraint",[{"type":"FIXATION","id":1266,"geomIds":[1275]}]])
[0m[0;32m[2026-09-16 13:01:34.148][VERB] RETURN: {"result":"$1277"}
[0m[0;32m[2026-09-16 13:01:34.157][VERB] COMMANDCALL: _C.SafeAPI.Execute(["v1.sketch.dimension",[{"type":"HORIZONTAL_DISTANCE","value":"@expr.d107_position_x","name":"position_x","id":1266,"geomIds":[1275,1273]}]])
[0m[0;32m[2026-09-16 13:01:34.161][VERB] RETURN: {"result":"$1281"}
[0m[0;32m[2026-09-16 13:01:34.171][VERB] COMMANDCALL: _C.SafeAPI.Execute(["v1.sketch.dimension",[{"type":"VERTICAL_DISTANCE","value":"@expr.d108_position_y","name":"position_y","id":1266,"geomIds":[1275,1273]}]])
[0m[0;32m[2026-09-16 13:01:34.176][VERB] RETURN: {"result":"$1285"}
[0m[0;32m[2026-09-16 13:01:34.185][VERB] COMMANDCALL: _C.SafeAPI.Execute(["v1.sketch.dimension",[{"type":"RADIUS","value":"@expr.d109_radius","name":"radius","id":1266,"geomIds":[1272]}]])
[0m[0;32m[2026-09-16 13:01:34.191][VERB] RETURN: {"result":"$1289"}
[0m[0;32m[2026-09-16 13:01:34.200][VERB] COMMANDCALL: _C.SafeAPI.Execute(["v1.part.extrusion",[{"references":[1272],"name":"F105_makeCylinder_cad_primitives_py_12","taperAngle":0,"limit2":"@expr.d110_height","id":4}]])
[0m[0;32m[2026-09-16 13:01:34.206][VERB] RETURN: {"result":"$1293"}
[0m[0;32m[2026-09-16 13:01:34.216][VERB] COMMANDCALL: _C.SafeAPI.Execute(["v1.part.workPlane",[{"type":"PLANE","references":[38],"name":"F111_makeCylinder_cad_primitives_py_12_plane","offset":"@expr.d112_plane_offset","id":4}]])
[0m[0;32m[2026-09-16 13:01:34.219][VERB] RETURN: {"result":"$1315"}
[0m[0;32m[2026-09-16 13:01:34.229][VERB] COMMANDCALL: _C.SafeAPI.Execute(["v1.sketch.create",[{"planeId":1315,"name":"F111_makeCylinder_cad_primitives_py_12_profile","id":4}]])
[0m[0;32m[2026-09-16 13:01:34.231][VERB] RETURN: {"result":"$1321"}
[0m[0;32m[2026-09-16 13:01:34.241][VERB] COMMANDCALL: _C.SafeAPI.Execute(["v1.sketch.circle",[{"radius":2.7,"id":1321,"genFixation":0,"centerPos":[89.8,38.1,0]}]])
[0m[0;32m[2026-09-16 13:01:34.242][VERB] RETURN: {"result":"$1327"}
[0m[0;32m[2026-09-16 13:01:34.252][VERB] COMMANDCALL: _C.SafeAPI.Execute(["v1.sketch.getPoints",[{"id":1327}]])
[0m[0;32m[2026-09-16 13:01:34.252][VERB] RETURN: {"result":{"centerId":"$1328"}}
[0m[0;32m[2026-09-16 13:01:34.262][VERB] COMMANDCALL: _C.SafeAPI.Execute(["v1.sketch.point",[{"pos":[-1000,-1000,0],"id":1321}]])
[0m[0;32m[2026-09-16 13:01:34.263][VERB] RETURN: {"result":"$1330"}
[0m[0;32m[2026-09-16 13:01:34.273][VERB] COMMANDCALL: _C.SafeAPI.Execute(["v1.sketch.constraint",[{"type":"FIXATION","id":1321,"geomIds":[1330]}]])
[0m[0;32m[2026-09-16 13:01:34.274][VERB] RETURN: {"result":"$1332"}
[0m[0;32m[2026-09-16 13:01:34.283][VERB] COMMANDCALL: _C.SafeAPI.Execute(["v1.sketch.dimension",[{"type":"HORIZONTAL_DISTANCE","value":"@expr.d113_position_x","name":"position_x","id":1321,"geomIds":[1330,1328]}]])
[0m[0;32m[2026-09-16 13:01:34.288][VERB] RETURN: {"result":"$1336"}
[0m[0;32m[2026-09-16 13:01:34.298][VERB] COMMANDCALL: _C.SafeAPI.Execute(["v1.sketch.dimension",[{"type":"VERTICAL_DISTANCE","value":"@expr.d114_position_y","name":"position_y","id":1321,"geomIds":[1330,1328]}]])
[0m[0;32m[2026-09-16 13:01:34.303][VERB] RETURN: {"result":"$1340"}
[0m[0;32m[2026-09-16 13:01:34.313][VERB] COMMANDCALL: _C.SafeAPI.Execute(["v1.sketch.dimension",[{"type":"RADIUS","value":"@expr.d115_radius","name":"radius","id":1321,"geomIds":[1327]}]])
[0m[0;32m[2026-09-16 13:01:34.318][VERB] RETURN: {"result":"$1344"}
[0m[0;32m[2026-09-16 13:01:34.328][VERB] COMMANDCALL: _C.SafeAPI.Execute(["v1.part.extrusion",[{"references":[1327],"name":"F111_makeCylinder_cad_primitives_py_12","taperAngle":0,"limit2":"@expr.d116_height","id":4}]])
[0m[0;32m[2026-09-16 13:01:34.333][VERB] RETURN: {"result":"$1348"}
[0m[0;32m[2026-09-16 13:01:34.343][VERB] COMMANDCALL: _C.SafeAPI.Execute(["v1.part.workPlane",[{"type":"PLANE","references":[38],"name":"F117_makeBox_shell_skin_py_38_plane","offset":"@expr.d118_plane_offset","id":4}]])
[0m[0;32m[2026-09-16 13:01:34.347][VERB] RETURN: {"result":"$1370"}
[0m[0;32m[2026-09-16 13:01:34.357][VERB] COMMANDCALL: _C.SafeAPI.Execute(["v1.sketch.create",[{"planeId":1370,"name":"F117_makeBox_shell_skin_py_38_profile","id":4}]])
[0m[0;32m[2026-09-16 13:01:34.359][VERB] RETURN: {"result":"$1376"}
[0m[0;32m[2026-09-16 13:01:34.369][VERB] COMMANDCALL: _C.SafeAPI.Execute(["v1.sketch.rectangle",[{"startPos":[89.8,-1.3,0],"id":1376,"genFixation":0,"endPos":[92.5,40.8,0]}]])
[0m[0;32m[2026-09-16 13:01:34.375][VERB] RETURN: {"result":["$1382","$1386","$1392","$1398"]}
[0m[0;32m[2026-09-16 13:01:34.386][VERB] COMMANDCALL: _C.SafeAPI.Execute(["v1.sketch.getPoints",[{"id":1382}]])
[0m[0;32m[2026-09-16 13:01:34.386][VERB] RETURN: {"result":{"endId":"$1384","startId":"$1383"}}
[0m[0;32m[2026-09-16 13:01:34.396][VERB] COMMANDCALL: _C.SafeAPI.Execute(["v1.sketch.point",[{"pos":[-1000,-1000,0],"id":1376}]])
[0m[0;32m[2026-09-16 13:01:34.399][VERB] RETURN: {"result":"$1414"}
[0m[0;32m[2026-09-16 13:01:34.409][VERB] COMMANDCALL: _C.SafeAPI.Execute(["v1.sketch.constraint",[{"type":"FIXATION","id":1376,"geomIds":[1414]}]])
[0m[0;32m[2026-09-16 13:01:34.411][VERB] RETURN: {"result":"$1416"}
[0m[0;32m[2026-09-16 13:01:34.422][VERB] COMMANDCALL: _C.SafeAPI.Execute(["v1.sketch.dimension",[{"type":"HORIZONTAL_DISTANCE","value":"@expr.d119_position_x","name":"position_x","id":1376,"geomIds":[1414,1383]}]])
[0m[0;32m[2026-09-16 13:01:34.428][VERB] RETURN: {"result":"$1420"}
[0m[0;32m[2026-09-16 13:01:34.439][VERB] COMMANDCALL: _C.SafeAPI.Execute(["v1.sketch.dimension",[{"type":"VERTICAL_DISTANCE","value":"@expr.d120_position_y","name":"position_y","id":1376,"geomIds":[1414,1383]}]])
[0m[0;32m[2026-09-16 13:01:34.445][VERB] RETURN: {"result":"$1424"}
[0m[0;32m[2026-09-16 13:01:34.456][VERB] COMMANDCALL: _C.SafeAPI.Execute(["v1.sketch.dimension",[{"type":"OFFSET","value":"@expr.d121_width","name":"width","id":1376,"geomIds":[1382]}]])
[0m[0;32m[2026-09-16 13:01:34.463][VERB] RETURN: {"result":"$1428"}
[0m[0;32m[2026-09-16 13:01:34.474][VERB] COMMANDCALL: _C.SafeAPI.Execute(["v1.sketch.dimension",[{"type":"OFFSET","value":"@expr.d122_depth","name":"depth","id":1376,"geomIds":[1386]}]])
[0m[0;32m[2026-09-16 13:01:34.482][VERB] RETURN: {"result":"$1432"}
[0m[0;32m[2026-09-16 13:01:34.494][VERB] COMMANDCALL: _C.SafeAPI.Execute(["v1.part.extrusion",[{"references":[1382,1386,1392,1398],"name":"F117_makeBox_shell_skin_py_38","taperAngle":0,"limit2":"@expr.d123_height","id":4}]])
[0m[0;32m[2026-09-16 13:01:34.499][VERB] RETURN: {"result":"$1436"}
[0m[0;32m[2026-09-16 13:01:34.510][VERB] COMMANDCALL: _C.SafeAPI.Execute(["v1.part.workPlane",[{"type":"PLANE","references":[38],"name":"F124_makeBox_cad_primitives_py_8_plane","offset":"@expr.d125_plane_offset","id":4}]])
[0m[0;32m[2026-09-16 13:01:34.514][VERB] RETURN: {"result":"$1479"}
[0m[0;32m[2026-09-16 13:01:34.525][VERB] COMMANDCALL: _C.SafeAPI.Execute(["v1.sketch.create",[{"planeId":1479,"name":"F124_makeBox_cad_primitives_py_8_profile","id":4}]])
[0m[0;32m[2026-09-16 13:01:34.527][VERB] RETURN: {"result":"$1485"}
[0m[0;32m[2026-09-16 13:01:34.539][VERB] COMMANDCALL: _C.SafeAPI.Execute(["v1.sketch.rectangle",[{"startPos":[88.05,-7,0],"id":1485,"genFixation":0,"endPos":[92.5,5,0]}]])
[0m[0;32m[2026-09-16 13:01:34.545][VERB] RETURN: {"result":["$1491","$1495","$1501","$1507"]}
[0m[0;32m[2026-09-16 13:01:34.557][VERB] COMMANDCALL: _C.SafeAPI.Execute(["v1.sketch.getPoints",[{"id":1491}]])
[0m[0;32m[2026-09-16 13:01:34.558][VERB] RETURN: {"result":{"endId":"$1493","startId":"$1492"}}
[0m[0;32m[2026-09-16 13:01:34.569][VERB] COMMANDCALL: _C.SafeAPI.Execute(["v1.sketch.point",[{"pos":[-1000,-1000,0],"id":1485}]])
[0m[0;32m[2026-09-16 13:01:34.571][VERB] RETURN: {"result":"$1523"}
[0m[0;32m[2026-09-16 13:01:34.583][VERB] COMMANDCALL: _C.SafeAPI.Execute(["v1.sketch.constraint",[{"type":"FIXATION","id":1485,"geomIds":[1523]}]])
[0m[0;32m[2026-09-16 13:01:34.584][VERB] RETURN: {"result":"$1525"}
[0m[0;32m[2026-09-16 13:01:34.596][VERB] COMMANDCALL: _C.SafeAPI.Execute(["v1.sketch.dimension",[{"type":"HORIZONTAL_DISTANCE","value":"@expr.d126_position_x","name":"position_x","id":1485,"geomIds":[1523,1492]}]])
[0m[0;32m[2026-09-16 13:01:34.601][VERB] RETURN: {"result":"$1529"}
[0m[0;32m[2026-09-16 13:01:34.614][VERB] COMMANDCALL: _C.SafeAPI.Execute(["v1.sketch.dimension",[{"type":"VERTICAL_DISTANCE","value":"@expr.d127_position_y","name":"position_y","id":1485,"geomIds":[1523,1492]}]])
[0m[0;32m[2026-09-16 13:01:34.620][VERB] RETURN: {"result":"$1533"}
[0m[0;32m[2026-09-16 13:01:34.632][VERB] COMMANDCALL: _C.SafeAPI.Execute(["v1.sketch.dimension",[{"type":"OFFSET","value":"@expr.d128_width","name":"width","id":1485,"geomIds":[1491]}]])
[0m[0;32m[2026-09-16 13:01:34.639][VERB] RETURN: {"result":"$1537"}
[0m[0;32m[2026-09-16 13:01:34.651][VERB] COMMANDCALL: _C.SafeAPI.Execute(["v1.sketch.dimension",[{"type":"OFFSET","value":"@expr.d129_depth","name":"depth","id":1485,"geomIds":[1495]}]])
[0m[0;32m[2026-09-16 13:01:34.659][VERB] RETURN: {"result":"$1541"}
[0m[0;32m[2026-09-16 13:01:34.671][VERB] COMMANDCALL: _C.SafeAPI.Execute(["v1.part.extrusion",[{"references":[1491,1495,1501,1507],"name":"F124_makeBox_cad_primitives_py_8","taperAngle":0,"limit2":"@expr.d130_height","id":4}]])
[0m[0;32m[2026-09-16 13:01:34.676][VERB] RETURN: {"result":"$1545"}
[0m[0;32m[2026-09-16 13:01:34.688][VERB] COMMANDCALL: _C.SafeAPI.Execute(["v1.part.workPlane",[{"type":"PLANE","references":[38],"name":"F132_makeBox_cad_primitives_py_8_plane","offset":"@expr.d133_plane_offset","id":4}]])
[0m[0;32m[2026-09-16 13:01:34.692][VERB] RETURN: {"result":"$1588"}
[0m[0;32m[2026-09-16 13:01:34.704][VERB] COMMANDCALL: _C.SafeAPI.Execute(["v1.sketch.create",[{"planeId":1588,"name":"F132_makeBox_cad_primitives_py_8_profile","id":4}]])
[0m[0;32m[2026-09-16 13:01:34.706][VERB] RETURN: {"result":"$1594"}
[0m[0;32m[2026-09-16 13:01:34.718][VERB] COMMANDCALL: _C.SafeAPI.Execute(["v1.sketch.rectangle",[{"startPos":[85.35,-4,0],"id":1594,"genFixation":0,"endPos":[88.05,-1.3,0]}]])
[0m[0;32m[2026-09-16 13:01:34.725][VERB] RETURN: {"result":["$1600","$1604","$1610","$1616"]}
[0m[0;32m[2026-09-16 13:01:34.738][VERB] COMMANDCALL: _C.SafeAPI.Execute(["v1.sketch.getPoints",[{"id":1600}]])
[0m[0;32m[2026-09-16 13:01:34.739][VERB] RETURN: {"result":{"endId":"$1602","startId":"$1601"}}
[0m[0;32m[2026-09-16 13:01:34.751][VERB] COMMANDCALL: _C.SafeAPI.Execute(["v1.sketch.point",[{"pos":[-1000,-1000,0],"id":1594}]])
[0m[0;32m[2026-09-16 13:01:34.753][VERB] RETURN: {"result":"$1632"}
[0m[0;32m[2026-09-16 13:01:34.766][VERB] COMMANDCALL: _C.SafeAPI.Execute(["v1.sketch.constraint",[{"type":"FIXATION","id":1594,"geomIds":[1632]}]])
[0m[0;32m[2026-09-16 13:01:34.768][VERB] RETURN: {"result":"$1634"}
[0m[0;32m[2026-09-16 13:01:34.781][VERB] COMMANDCALL: _C.SafeAPI.Execute(["v1.sketch.dimension",[{"type":"HORIZONTAL_DISTANCE","value":"@expr.d134_position_x","name":"position_x","id":1594,"geomIds":[1632,1601]}]])
[0m[0;32m[2026-09-16 13:01:34.786][VERB] RETURN: {"result":"$1638"}
[0m[0;32m[2026-09-16 13:01:34.799][VERB] COMMANDCALL: _C.SafeAPI.Execute(["v1.sketch.dimension",[{"type":"VERTICAL_DISTANCE","value":"@expr.d135_position_y","name":"position_y","id":1594,"geomIds":[1632,1601]}]])
[0m[0;32m[2026-09-16 13:01:34.806][VERB] RETURN: {"result":"$1642"}
[0m[0;32m[2026-09-16 13:01:34.819][VERB] COMMANDCALL: _C.SafeAPI.Execute(["v1.sketch.dimension",[{"type":"OFFSET","value":"@expr.d136_width","name":"width","id":1594,"geomIds":[1600]}]])
[0m[0;32m[2026-09-16 13:01:34.826][VERB] RETURN: {"result":"$1646"}
[0m[0;32m[2026-09-16 13:01:34.840][VERB] COMMANDCALL: _C.SafeAPI.Execute(["v1.sketch.dimension",[{"type":"OFFSET","value":"@expr.d137_depth","name":"depth","id":1594,"geomIds":[1604]}]])
[0m[0;32m[2026-09-16 13:01:34.848][VERB] RETURN: {"result":"$1650"}
[0m[0;32m[2026-09-16 13:01:34.862][VERB] COMMANDCALL: _C.SafeAPI.Execute(["v1.part.extrusion",[{"references":[1600,1604,1610,1616],"name":"F132_makeBox_cad_primitives_py_8","taperAngle":0,"limit2":"@expr.d138_height","id":4}]])
[0m[0;32m[2026-09-16 13:01:34.867][VERB] RETURN: {"result":"$1654"}
[0m[0;32m[2026-09-16 13:01:34.881][VERB] COMMANDCALL: _C.SafeAPI.Execute(["v1.part.workPlane",[{"type":"PLANE","references":[38],"name":"F139_makeCylinder_cad_primitives_py_12_plane","offset":"@expr.d140_plane_offset","id":4}]])
[0m[0;32m[2026-09-16 13:01:34.885][VERB] RETURN: {"result":"$1697"}
[0m[0;32m[2026-09-16 13:01:34.898][VERB] COMMANDCALL: _C.SafeAPI.Execute(["v1.sketch.create",[{"planeId":1697,"name":"F139_makeCylinder_cad_primitives_py_12_profile","id":4}]])
[0m[0;32m[2026-09-16 13:01:34.901][VERB] RETURN: {"result":"$1703"}
[0m[0;32m[2026-09-16 13:01:34.914][VERB] COMMANDCALL: _C.SafeAPI.Execute(["v1.sketch.circle",[{"radius":2.7,"id":1703,"genFixation":0,"centerPos":[85.35,-4,0]}]])
[0m[0;32m[2026-09-16 13:01:34.915][VERB] RETURN: {"result":"$1709"}
[0m[0;32m[2026-09-16 13:01:34.928][VERB] COMMANDCALL: _C.SafeAPI.Execute(["v1.sketch.getPoints",[{"id":1709}]])
[0m[0;32m[2026-09-16 13:01:34.928][VERB] RETURN: {"result":{"centerId":"$1710"}}
[0m[0;32m[2026-09-16 13:01:34.941][VERB] COMMANDCALL: _C.SafeAPI.Execute(["v1.sketch.point",[{"pos":[-1000,-1000,0],"id":1703}]])
[0m[0;32m[2026-09-16 13:01:34.943][VERB] RETURN: {"result":"$1712"}
[0m[0;32m[2026-09-16 13:01:34.956][VERB] COMMANDCALL: _C.SafeAPI.Execute(["v1.sketch.constraint",[{"type":"FIXATION","id":1703,"geomIds":[1712]}]])
[0m[0;32m[2026-09-16 13:01:34.957][VERB] RETURN: {"result":"$1714"}
[0m[0;32m[2026-09-16 13:01:34.970][VERB] COMMANDCALL: _C.SafeAPI.Execute(["v1.sketch.dimension",[{"type":"HORIZONTAL_DISTANCE","value":"@expr.d141_position_x","name":"position_x","id":1703,"geomIds":[1712,1710]}]])
[0m[0;32m[2026-09-16 13:01:34.975][VERB] RETURN: {"result":"$1718"}
[0m[0;32m[2026-09-16 13:01:34.989][VERB] COMMANDCALL: _C.SafeAPI.Execute(["v1.sketch.dimension",[{"type":"VERTICAL_DISTANCE","value":"@expr.d142_position_y","name":"position_y","id":1703,"geomIds":[1712,1710]}]])
[0m[0;32m[2026-09-16 13:01:34.994][VERB] RETURN: {"result":"$1722"}
[0m[0;32m[2026-09-16 13:01:35.008][VERB] COMMANDCALL: _C.SafeAPI.Execute(["v1.sketch.dimension",[{"type":"RADIUS","value":"@expr.d143_radius","name":"radius","id":1703,"geomIds":[1709]}]])
[0m[0;32m[2026-09-16 13:01:35.013][VERB] RETURN: {"result":"$1726"}
[0m[0;32m[2026-09-16 13:01:35.027][VERB] COMMANDCALL: _C.SafeAPI.Execute(["v1.part.extrusion",[{"references":[1709],"name":"F139_makeCylinder_cad_primitives_py_12","taperAngle":0,"limit2":"@expr.d144_height","id":4}]])
[0m[0;32m[2026-09-16 13:01:35.032][VERB] RETURN: {"result":"$1730"}
[0m[0;32m[2026-09-16 13:01:35.046][VERB] COMMANDCALL: _C.SafeAPI.Execute(["v1.part.boolean",[{"type":"SUBTRACTION","tools":[1730],"target":1654,"name":"F131_cut_housing_shell_py_25","id":4}]])
[0m[0;32m[2026-09-16 13:01:35.053][VERB] RETURN: {"result":"$1752"}
[0m[0;32m[2026-09-16 13:01:35.067][VERB] COMMANDCALL: _C.SafeAPI.Execute(["v1.part.workPlane",[{"type":"PLANE","references":[38],"name":"F145_makeBox_cad_primitives_py_8_plane","offset":"@expr.d146_plane_offset","id":4}]])
[0m[0;32m[2026-09-16 13:01:35.072][VERB] RETURN: {"result":"$1770"}
[0m[0;32m[2026-09-16 13:01:35.085][VERB] COMMANDCALL: _C.SafeAPI.Execute(["v1.sketch.create",[{"planeId":1770,"name":"F145_makeBox_cad_primitives_py_8_profile","id":4}]])
[0m[0;32m[2026-09-16 13:01:35.087][VERB] RETURN: {"result":"$1776"}
[0m[0;32m[2026-09-16 13:01:35.100][VERB] COMMANDCALL: _C.SafeAPI.Execute(["v1.sketch.rectangle",[{"startPos":[88.05,30,0],"id":1776,"genFixation":0,"endPos":[92.5,41.3,0]}]])
[0m[0;32m[2026-09-16 13:01:35.107][VERB] RETURN: {"result":["$1782","$1786","$1792","$1798"]}
[0m[0;32m[2026-09-16 13:01:35.122][VERB] COMMANDCALL: _C.SafeAPI.Execute(["v1.sketch.getPoints",[{"id":1782}]])
[0m[0;32m[2026-09-16 13:01:35.122][VERB] RETURN: {"result":{"endId":"$1784","startId":"$1783"}}
[0m[0;32m[2026-09-16 13:01:35.137][VERB] COMMANDCALL: _C.SafeAPI.Execute(["v1.sketch.point",[{"pos":[-1000,-1000,0],"id":1776}]])
[0m[0;32m[2026-09-16 13:01:35.139][VERB] RETURN: {"result":"$1814"}
[0m[0;32m[2026-09-16 13:01:35.154][VERB] COMMANDCALL: _C.SafeAPI.Execute(["v1.sketch.constraint",[{"type":"FIXATION","id":1776,"geomIds":[1814]}]])
[0m[0;32m[2026-09-16 13:01:35.156][VERB] RETURN: {"result":"$1816"}
[0m[0;32m[2026-09-16 13:01:35.170][VERB] COMMANDCALL: _C.SafeAPI.Execute(["v1.sketch.dimension",[{"type":"HORIZONTAL_DISTANCE","value":"@expr.d147_position_x","name":"position_x","id":1776,"geomIds":[1814,1783]}]])
[0m[0;32m[2026-09-16 13:01:35.176][VERB] RETURN: {"result":"$1820"}
[0m[0;32m[2026-09-16 13:01:35.191][VERB] COMMANDCALL: _C.SafeAPI.Execute(["v1.sketch.dimension",[{"type":"VERTICAL_DISTANCE","value":"@expr.d148_position_y","name":"position_y","id":1776,"geomIds":[1814,1783]}]])
[0m[0;32m[2026-09-16 13:01:35.198][VERB] RETURN: {"result":"$1824"}
[0m[0;32m[2026-09-16 13:01:35.212][VERB] COMMANDCALL: _C.SafeAPI.Execute(["v1.sketch.dimension",[{"type":"OFFSET","value":"@expr.d149_width","name":"width","id":1776,"geomIds":[1782]}]])
[0m[0;32m[2026-09-16 13:01:35.221][VERB] RETURN: {"result":"$1828"}
[0m[0;32m[2026-09-16 13:01:35.235][VERB] COMMANDCALL: _C.SafeAPI.Execute(["v1.sketch.dimension",[{"type":"OFFSET","value":"@expr.d150_depth","name":"depth","id":1776,"geomIds":[1786]}]])
[0m[0;32m[2026-09-16 13:01:35.244][VERB] RETURN: {"result":"$1832"}
[0m[0;32m[2026-09-16 13:01:35.259][VERB] COMMANDCALL: _C.SafeAPI.Execute(["v1.part.extrusion",[{"references":[1782,1786,1792,1798],"name":"F145_makeBox_cad_primitives_py_8","taperAngle":0,"limit2":"@expr.d151_height","id":4}]])
[0m[0;32m[2026-09-16 13:01:35.264][VERB] RETURN: {"result":"$1836"}
[0m[0;32m[2026-09-16 13:01:35.279][VERB] COMMANDCALL: _C.SafeAPI.Execute(["v1.part.workPlane",[{"type":"PLANE","references":[38],"name":"F152_makeBox_cad_primitives_py_8_plane","offset":"@expr.d153_plane_offset","id":4}]])
[0m[0;32m[2026-09-16 13:01:35.282][VERB] RETURN: {"result":"$1879"}
[0m[0;32m[2026-09-16 13:01:35.296][VERB] COMMANDCALL: _C.SafeAPI.Execute(["v1.sketch.create",[{"planeId":1879,"name":"F152_makeBox_cad_primitives_py_8_profile","id":4}]])
[0m[0;32m[2026-09-16 13:01:35.299][VERB] RETURN: {"result":"$1885"}
[0m[0;32m[2026-09-16 13:01:35.314][VERB] COMMANDCALL: _C.SafeAPI.Execute(["v1.sketch.rectangle",[{"startPos":[88.05,30,0],"id":1885,"genFixation":0,"endPos":[92.5,38,0]}]])
[0m[0;32m[2026-09-16 13:01:35.320][VERB] RETURN: {"result":["$1891","$1895","$1901","$1907"]}
[0m[0;32m[2026-09-16 13:01:35.335][VERB] COMMANDCALL: _C.SafeAPI.Execute(["v1.sketch.getPoints",[{"id":1891}]])
[0m[0;32m[2026-09-16 13:01:35.336][VERB] RETURN: {"result":{"endId":"$1893","startId":"$1892"}}
[0m[0;32m[2026-09-16 13:01:35.350][VERB] COMMANDCALL: _C.SafeAPI.Execute(["v1.sketch.point",[{"pos":[-1000,-1000,0],"id":1885}]])
[0m[0;32m[2026-09-16 13:01:35.353][VERB] RETURN: {"result":"$1923"}
[0m[0;32m[2026-09-16 13:01:35.367][VERB] COMMANDCALL: _C.SafeAPI.Execute(["v1.sketch.constraint",[{"type":"FIXATION","id":1885,"geomIds":[1923]}]])
[0m[0;32m[2026-09-16 13:01:35.369][VERB] RETURN: {"result":"$1925"}
[0m[0;32m[2026-09-16 13:01:35.384][VERB] COMMANDCALL: _C.SafeAPI.Execute(["v1.sketch.dimension",[{"type":"HORIZONTAL_DISTANCE","value":"@expr.d154_position_x","name":"position_x","id":1885,"geomIds":[1923,1892]}]])
[0m[0;32m[2026-09-16 13:01:35.390][VERB] RETURN: {"result":"$1929"}
[0m[0;32m[2026-09-16 13:01:35.405][VERB] COMMANDCALL: _C.SafeAPI.Execute(["v1.sketch.dimension",[{"type":"VERTICAL_DISTANCE","value":"@expr.d155_position_y","name":"position_y","id":1885,"geomIds":[1923,1892]}]])
[0m[0;32m[2026-09-16 13:01:35.412][VERB] RETURN: {"result":"$1933"}
[0m[0;32m[2026-09-16 13:01:35.426][VERB] COMMANDCALL: _C.SafeAPI.Execute(["v1.sketch.dimension",[{"type":"OFFSET","value":"@expr.d156_width","name":"width","id":1885,"geomIds":[1891]}]])
[0m[0;32m[2026-09-16 13:01:35.434][VERB] RETURN: {"result":"$1937"}
[0m[0;32m[2026-09-16 13:01:35.449][VERB] COMMANDCALL: _C.SafeAPI.Execute(["v1.sketch.dimension",[{"type":"OFFSET","value":"@expr.d157_depth","name":"depth","id":1885,"geomIds":[1895]}]])
[0m[0;32m[2026-09-16 13:01:35.458][VERB] RETURN: {"result":"$1941"}
[0m[0;32m[2026-09-16 13:01:35.473][VERB] COMMANDCALL: _C.SafeAPI.Execute(["v1.part.extrusion",[{"references":[1891,1895,1901,1907],"name":"F152_makeBox_cad_primitives_py_8","taperAngle":0,"limit2":"@expr.d158_height","id":4}]])
[0m[0;32m[2026-09-16 13:01:35.478][VERB] RETURN: {"result":"$1945"}
[0m[0;32m[2026-09-16 13:01:35.493][VERB] COMMANDCALL: _C.SafeAPI.Execute(["v1.part.workPlane",[{"type":"PLANE","references":[38],"name":"F160_makeBox_cad_primitives_py_8_plane","offset":"@expr.d161_plane_offset","id":4}]])
[0m[0;32m[2026-09-16 13:01:35.497][VERB] RETURN: {"result":"$1988"}
[0m[0;32m[2026-09-16 13:01:35.512][VERB] COMMANDCALL: _C.SafeAPI.Execute(["v1.sketch.create",[{"planeId":1988,"name":"F160_makeBox_cad_primitives_py_8_profile","id":4}]])
[0m[0;32m[2026-09-16 13:01:35.514][VERB] RETURN: {"result":"$1994"}
[0m[0;32m[2026-09-16 13:01:35.530][VERB] COMMANDCALL: _C.SafeAPI.Execute(["v1.sketch.rectangle",[{"startPos":[59.1,40.8,0],"id":1994,"genFixation":0,"endPos":[63.1,44.8,0]}]])
[0m[0;32m[2026-09-16 13:01:35.537][VERB] RETURN: {"result":["$2000","$2004","$2010","$2016"]}
[0m[0;32m[2026-09-16 13:01:35.552][VERB] COMMANDCALL: _C.SafeAPI.Execute(["v1.sketch.getPoints",[{"id":2000}]])
[0m[0;32m[2026-09-16 13:01:35.552][VERB] RETURN: {"result":{"endId":"$2002","startId":"$2001"}}
[0m[0;32m[2026-09-16 13:01:35.568][VERB] COMMANDCALL: _C.SafeAPI.Execute(["v1.sketch.point",[{"pos":[-1000,-1000,0],"id":1994}]])
[0m[0;32m[2026-09-16 13:01:35.570][VERB] RETURN: {"result":"$2032"}
[0m[0;32m[2026-09-16 13:01:35.586][VERB] COMMANDCALL: _C.SafeAPI.Execute(["v1.sketch.constraint",[{"type":"FIXATION","id":1994,"geomIds":[2032]}]])
[0m[0;32m[2026-09-16 13:01:35.587][VERB] RETURN: {"result":"$2034"}
[0m[0;32m[2026-09-16 13:01:35.602][VERB] COMMANDCALL: _C.SafeAPI.Execute(["v1.sketch.dimension",[{"type":"HORIZONTAL_DISTANCE","value":"@expr.d162_position_x","name":"position_x","id":1994,"geomIds":[2032,2001]}]])
[0m[0;32m[2026-09-16 13:01:35.608][VERB] RETURN: {"result":"$2038"}
[0m[0;32m[2026-09-16 13:01:35.624][VERB] COMMANDCALL: _C.SafeAPI.Execute(["v1.sketch.dimension",[{"type":"VERTICAL_DISTANCE","value":"@expr.d163_position_y","name":"position_y","id":1994,"geomIds":[2032,2001]}]])
[0m[0;32m[2026-09-16 13:01:35.631][VERB] RETURN: {"result":"$2042"}
[0m[0;32m[2026-09-16 13:01:35.646][VERB] COMMANDCALL: _C.SafeAPI.Execute(["v1.sketch.dimension",[{"type":"OFFSET","value":"@expr.d164_width","name":"width","id":1994,"geomIds":[2000]}]])
[0m[0;32m[2026-09-16 13:01:35.653][VERB] RETURN: {"result":"$2046"}
[0m[0;32m[2026-09-16 13:01:35.668][VERB] COMMANDCALL: _C.SafeAPI.Execute(["v1.sketch.dimension",[{"type":"OFFSET","value":"@expr.d165_depth","name":"depth","id":1994,"geomIds":[2004]}]])
[0m[0;32m[2026-09-16 13:01:35.676][VERB] RETURN: {"result":"$2050"}
[0m[0;32m[2026-09-16 13:01:35.692][VERB] COMMANDCALL: _C.SafeAPI.Execute(["v1.part.extrusion",[{"references":[2000,2004,2010,2016],"name":"F160_makeBox_cad_primitives_py_8","taperAngle":0,"limit2":"@expr.d166_height","id":4}]])
[0m[0;32m[2026-09-16 13:01:35.697][VERB] RETURN: {"result":"$2054"}
[0m[0;32m[2026-09-16 13:01:35.713][VERB] COMMANDCALL: _C.SafeAPI.Execute(["v1.part.workPlane",[{"type":"PLANE","references":[38],"name":"F167_makeCylinder_cad_primitives_py_12_plane","offset":"@expr.d168_plane_offset","id":4}]])
[0m[0;32m[2026-09-16 13:01:35.716][VERB] RETURN: {"result":"$2097"}
[0m[0;32m[2026-09-16 13:01:35.732][VERB] COMMANDCALL: _C.SafeAPI.Execute(["v1.sketch.create",[{"planeId":2097,"name":"F167_makeCylinder_cad_primitives_py_12_profile","id":4}]])
[0m[0;32m[2026-09-16 13:01:35.734][VERB] RETURN: {"result":"$2103"}
[0m[0;32m[2026-09-16 13:01:35.751][VERB] COMMANDCALL: _C.SafeAPI.Execute(["v1.sketch.circle",[{"radius":4,"id":2103,"genFixation":0,"centerPos":[63.1,44.8,0]}]])
[0m[0;32m[2026-09-16 13:01:35.752][VERB] RETURN: {"result":"$2109"}
[0m[0;32m[2026-09-16 13:01:35.768][VERB] COMMANDCALL: _C.SafeAPI.Execute(["v1.sketch.getPoints",[{"id":2109}]])
[0m[0;32m[2026-09-16 13:01:35.769][VERB] RETURN: {"result":{"centerId":"$2110"}}
[0m[0;32m[2026-09-16 13:01:35.785][VERB] COMMANDCALL: _C.SafeAPI.Execute(["v1.sketch.point",[{"pos":[-1000,-1000,0],"id":2103}]])
[0m[0;32m[2026-09-16 13:01:35.786][VERB] RETURN: {"result":"$2112"}
[0m[0;32m[2026-09-16 13:01:35.803][VERB] COMMANDCALL: _C.SafeAPI.Execute(["v1.sketch.constraint",[{"type":"FIXATION","id":2103,"geomIds":[2112]}]])
[0m[0;32m[2026-09-16 13:01:35.804][VERB] RETURN: {"result":"$2114"}
[0m[0;32m[2026-09-16 13:01:35.819][VERB] COMMANDCALL: _C.SafeAPI.Execute(["v1.sketch.dimension",[{"type":"HORIZONTAL_DISTANCE","value":"@expr.d169_position_x","name":"position_x","id":2103,"geomIds":[2112,2110]}]])
[0m[0;32m[2026-09-16 13:01:35.824][VERB] RETURN: {"result":"$2118"}
[0m[0;32m[2026-09-16 13:01:35.840][VERB] COMMANDCALL: _C.SafeAPI.Execute(["v1.sketch.dimension",[{"type":"VERTICAL_DISTANCE","value":"@expr.d170_position_y","name":"position_y","id":2103,"geomIds":[2112,2110]}]])
[0m[0;32m[2026-09-16 13:01:35.845][VERB] RETURN: {"result":"$2122"}
[0m[0;32m[2026-09-16 13:01:35.861][VERB] COMMANDCALL: _C.SafeAPI.Execute(["v1.sketch.dimension",[{"type":"RADIUS","value":"@expr.d171_radius","name":"radius","id":2103,"geomIds":[2109]}]])
[0m[0;32m[2026-09-16 13:01:35.867][VERB] RETURN: {"result":"$2126"}
[0m[0;32m[2026-09-16 13:01:35.883][VERB] COMMANDCALL: _C.SafeAPI.Execute(["v1.part.extrusion",[{"references":[2109],"name":"F167_makeCylinder_cad_primitives_py_12","taperAngle":0,"limit2":"@expr.d172_height","id":4}]])
[0m[0;32m[2026-09-16 13:01:35.888][VERB] RETURN: {"result":"$2130"}
[0m[0;32m[2026-09-16 13:01:35.904][VERB] COMMANDCALL: _C.SafeAPI.Execute(["v1.part.boolean",[{"type":"SUBTRACTION","tools":[2130],"target":2054,"name":"F159_cut_housing_shell_py_39","id":4}]])
[0m[0;32m[2026-09-16 13:01:35.909][VERB] RETURN: {"result":"$2152"}
[0m[0;32m[2026-09-16 13:01:35.924][VERB] COMMANDCALL: _C.SafeAPI.Execute(["v1.part.workPlane",[{"type":"PLANE","references":[38],"name":"F174_makeBox_cad_primitives_py_8_plane","offset":"@expr.d175_plane_offset","id":4}]])
[0m[0;32m[2026-09-16 13:01:35.928][VERB] RETURN: {"result":"$2170"}
[0m[0;32m[2026-09-16 13:01:35.944][VERB] COMMANDCALL: _C.SafeAPI.Execute(["v1.sketch.create",[{"planeId":2170,"name":"F174_makeBox_cad_primitives_py_8_profile","id":4}]])
[0m[0;32m[2026-09-16 13:01:35.946][VERB] RETURN: {"result":"$2176"}
[0m[0;32m[2026-09-16 13:01:35.962][VERB] COMMANDCALL: _C.SafeAPI.Execute(["v1.sketch.rectangle",[{"startPos":[42.1,16.1,0],"id":2176,"genFixation":0,"endPos":[46.1,20.1,0]}]])
[0m[0;32m[2026-09-16 13:01:35.968][VERB] RETURN: {"result":["$2182","$2186","$2192","$2198"]}
[0m[0;32m[2026-09-16 13:01:35.984][VERB] COMMANDCALL: _C.SafeAPI.Execute(["v1.sketch.getPoints",[{"id":2182}]])
[0m[0;32m[2026-09-16 13:01:35.984][VERB] RETURN: {"result":{"endId":"$2184","startId":"$2183"}}
[0m[0;32m[2026-09-16 13:01:36.000][VERB] COMMANDCALL: _C.SafeAPI.Execute(["v1.sketch.point",[{"pos":[-1000,-1000,0],"id":2176}]])
[0m[0;32m[2026-09-16 13:01:36.002][VERB] RETURN: {"result":"$2214"}
[0m[0;32m[2026-09-16 13:01:36.018][VERB] COMMANDCALL: _C.SafeAPI.Execute(["v1.sketch.constraint",[{"type":"FIXATION","id":2176,"geomIds":[2214]}]])
[0m[0;32m[2026-09-16 13:01:36.019][VERB] RETURN: {"result":"$2216"}
[0m[0;32m[2026-09-16 13:01:36.036][VERB] COMMANDCALL: _C.SafeAPI.Execute(["v1.sketch.dimension",[{"type":"HORIZONTAL_DISTANCE","value":"@expr.d176_position_x","name":"position_x","id":2176,"geomIds":[2214,2183]}]])
[0m[0;32m[2026-09-16 13:01:36.041][VERB] RETURN: {"result":"$2220"}
[0m[0;32m[2026-09-16 13:01:36.058][VERB] COMMANDCALL: _C.SafeAPI.Execute(["v1.sketch.dimension",[{"type":"VERTICAL_DISTANCE","value":"@expr.d177_position_y","name":"position_y","id":2176,"geomIds":[2214,2183]}]])
[0m[0;32m[2026-09-16 13:01:36.065][VERB] RETURN: {"result":"$2224"}
[0m[0;32m[2026-09-16 13:01:36.083][VERB] COMMANDCALL: _C.SafeAPI.Execute(["v1.sketch.dimension",[{"type":"OFFSET","value":"@expr.d178_width","name":"width","id":2176,"geomIds":[2182]}]])
[0m[0;32m[2026-09-16 13:01:36.092][VERB] RETURN: {"result":"$2228"}
[0m[0;32m[2026-09-16 13:01:36.109][VERB] COMMANDCALL: _C.SafeAPI.Execute(["v1.sketch.dimension",[{"type":"OFFSET","value":"@expr.d179_depth","name":"depth","id":2176,"geomIds":[2186]}]])
[0m[0;32m[2026-09-16 13:01:36.117][VERB] RETURN: {"result":"$2232"}
[0m[0;32m[2026-09-16 13:01:36.134][VERB] COMMANDCALL: _C.SafeAPI.Execute(["v1.part.extrusion",[{"references":[2182,2186,2192,2198],"name":"F174_makeBox_cad_primitives_py_8","taperAngle":0,"limit2":"@expr.d180_height","id":4}]])
[0m[0;32m[2026-09-16 13:01:36.140][VERB] RETURN: {"result":"$2236"}
[0m[0;32m[2026-09-16 13:01:36.157][VERB] COMMANDCALL: _C.SafeAPI.Execute(["v1.part.workPlane",[{"type":"PLANE","references":[38],"name":"F181_makeCylinder_cad_primitives_py_12_plane","offset":"@expr.d182_plane_offset","id":4}]])
[0m[0;32m[2026-09-16 13:01:36.160][VERB] RETURN: {"result":"$2279"}
[0m[0;32m[2026-09-16 13:01:36.177][VERB] COMMANDCALL: _C.SafeAPI.Execute(["v1.sketch.create",[{"planeId":2279,"name":"F181_makeCylinder_cad_primitives_py_12_profile","id":4}]])
[0m[0;32m[2026-09-16 13:01:36.179][VERB] RETURN: {"result":"$2285"}
[0m[0;32m[2026-09-16 13:01:36.196][VERB] COMMANDCALL: _C.SafeAPI.Execute(["v1.sketch.circle",[{"radius":4,"id":2285,"genFixation":0,"centerPos":[42.1,16.1,0]}]])
[0m[0;32m[2026-09-16 13:01:36.197][VERB] RETURN: {"result":"$2291"}
[0m[0;32m[2026-09-16 13:01:36.213][VERB] COMMANDCALL: _C.SafeAPI.Execute(["v1.sketch.getPoints",[{"id":2291}]])
[0m[0;32m[2026-09-16 13:01:36.214][VERB] RETURN: {"result":{"centerId":"$2292"}}
[0m[0;32m[2026-09-16 13:01:36.230][VERB] COMMANDCALL: _C.SafeAPI.Execute(["v1.sketch.point",[{"pos":[-1000,-1000,0],"id":2285}]])
[0m[0;32m[2026-09-16 13:01:36.232][VERB] RETURN: {"result":"$2294"}
[0m[0;32m[2026-09-16 13:01:36.248][VERB] COMMANDCALL: _C.SafeAPI.Execute(["v1.sketch.constraint",[{"type":"FIXATION","id":2285,"geomIds":[2294]}]])
[0m[0;32m[2026-09-16 13:01:36.249][VERB] RETURN: {"result":"$2296"}
[0m[0;32m[2026-09-16 13:01:36.266][VERB] COMMANDCALL: _C.SafeAPI.Execute(["v1.sketch.dimension",[{"type":"HORIZONTAL_DISTANCE","value":"@expr.d183_position_x","name":"position_x","id":2285,"geomIds":[2294,2292]}]])
[0m[0;32m[2026-09-16 13:01:36.270][VERB] RETURN: {"result":"$2300"}
[0m[0;32m[2026-09-16 13:01:36.287][VERB] COMMANDCALL: _C.SafeAPI.Execute(["v1.sketch.dimension",[{"type":"VERTICAL_DISTANCE","value":"@expr.d184_position_y","name":"position_y","id":2285,"geomIds":[2294,2292]}]])
[0m[0;32m[2026-09-16 13:01:36.293][VERB] RETURN: {"result":"$2304"}
[0m[0;32m[2026-09-16 13:01:36.309][VERB] COMMANDCALL: _C.SafeAPI.Execute(["v1.sketch.dimension",[{"type":"RADIUS","value":"@expr.d185_radius","name":"radius","id":2285,"geomIds":[2291]}]])
[0m[0;32m[2026-09-16 13:01:36.315][VERB] RETURN: {"result":"$2308"}
[0m[0;32m[2026-09-16 13:01:36.332][VERB] COMMANDCALL: _C.SafeAPI.Execute(["v1.part.extrusion",[{"references":[2291],"name":"F181_makeCylinder_cad_primitives_py_12","taperAngle":0,"limit2":"@expr.d186_height","id":4}]])
[0m[0;32m[2026-09-16 13:01:36.338][VERB] RETURN: {"result":"$2312"}
[0m[0;32m[2026-09-16 13:01:36.355][VERB] COMMANDCALL: _C.SafeAPI.Execute(["v1.part.boolean",[{"type":"SUBTRACTION","tools":[2312],"target":2236,"name":"F173_cut_housing_shell_py_48","id":4}]])
[0m[0;32m[2026-09-16 13:01:36.360][VERB] RETURN: {"result":"$2334"}
[0m[0;32m[2026-09-16 13:01:36.377][VERB] COMMANDCALL: _C.SafeAPI.Execute(["v1.part.workPlane",[{"type":"PLANE","references":[38],"name":"F187_makeCylinder_cad_primitives_py_12_plane","offset":"@expr.d188_plane_offset","id":4}]])
[0m[0;32m[2026-09-16 13:01:36.381][VERB] RETURN: {"result":"$2352"}
[0m[0;32m[2026-09-16 13:01:36.398][VERB] COMMANDCALL: _C.SafeAPI.Execute(["v1.sketch.create",[{"planeId":2352,"name":"F187_makeCylinder_cad_primitives_py_12_profile","id":4}]])
[0m[0;32m[2026-09-16 13:01:36.400][VERB] RETURN: {"result":"$2358"}
[0m[0;32m[2026-09-16 13:01:36.417][VERB] COMMANDCALL: _C.SafeAPI.Execute(["v1.sketch.circle",[{"radius":4.5,"id":2358,"genFixation":0,"centerPos":[86.8,38.9,0]}]])
[0m[0;32m[2026-09-16 13:01:36.418][VERB] RETURN: {"result":"$2364"}
[0m[0;32m[2026-09-16 13:01:36.435][VERB] COMMANDCALL: _C.SafeAPI.Execute(["v1.sketch.getPoints",[{"id":2364}]])
[0m[0;32m[2026-09-16 13:01:36.435][VERB] RETURN: {"result":{"centerId":"$2365"}}
[0m[0;32m[2026-09-16 13:01:36.452][VERB] COMMANDCALL: _C.SafeAPI.Execute(["v1.sketch.point",[{"pos":[-1000,-1000,0],"id":2358}]])
[0m[0;32m[2026-09-16 13:01:36.453][VERB] RETURN: {"result":"$2367"}
[0m[0;32m[2026-09-16 13:01:36.470][VERB] COMMANDCALL: _C.SafeAPI.Execute(["v1.sketch.constraint",[{"type":"FIXATION","id":2358,"geomIds":[2367]}]])
[0m[0;32m[2026-09-16 13:01:36.471][VERB] RETURN: {"result":"$2369"}
[0m[0;32m[2026-09-16 13:01:36.488][VERB] COMMANDCALL: _C.SafeAPI.Execute(["v1.sketch.dimension",[{"type":"HORIZONTAL_DISTANCE","value":"@expr.d189_position_x","name":"position_x","id":2358,"geomIds":[2367,2365]}]])
[0m[0;32m[2026-09-16 13:01:36.493][VERB] RETURN: {"result":"$2373"}
[0m[0;32m[2026-09-16 13:01:36.510][VERB] COMMANDCALL: _C.SafeAPI.Execute(["v1.sketch.dimension",[{"type":"VERTICAL_DISTANCE","value":"@expr.d190_position_y","name":"position_y","id":2358,"geomIds":[2367,2365]}]])
[0m[0;32m[2026-09-16 13:01:36.515][VERB] RETURN: {"result":"$2377"}
[0m[0;32m[2026-09-16 13:01:36.532][VERB] COMMANDCALL: _C.SafeAPI.Execute(["v1.sketch.dimension",[{"type":"RADIUS","value":"@expr.d191_radius","name":"radius","id":2358,"geomIds":[2364]}]])
[0m[0;32m[2026-09-16 13:01:36.537][VERB] RETURN: {"result":"$2381"}
[0m[0;32m[2026-09-16 13:01:36.555][VERB] COMMANDCALL: _C.SafeAPI.Execute(["v1.part.extrusion",[{"references":[2364],"name":"F187_makeCylinder_cad_primitives_py_12","taperAngle":0,"limit2":"@expr.d192_height","id":4}]])
[0m[0;32m[2026-09-16 13:01:36.560][VERB] RETURN: {"result":"$2385"}
[0m[0;32m[2026-09-16 13:01:36.578][VERB] COMMANDCALL: _C.SafeAPI.Execute(["v1.part.workPlane",[{"type":"PLANE","references":[38],"name":"F193_makeBox_cad_primitives_py_8_plane","offset":"@expr.d194_plane_offset","id":4}]])
[0m[0;32m[2026-09-16 13:01:36.582][VERB] RETURN: {"result":"$2407"}
[0m[0;32m[2026-09-16 13:01:36.599][VERB] COMMANDCALL: _C.SafeAPI.Execute(["v1.sketch.create",[{"planeId":2407,"name":"F193_makeBox_cad_primitives_py_8_profile","id":4}]])
[0m[0;32m[2026-09-16 13:01:36.601][VERB] RETURN: {"result":"$2413"}
[0m[0;32m[2026-09-16 13:01:36.618][VERB] COMMANDCALL: _C.SafeAPI.Execute(["v1.sketch.rectangle",[{"startPos":[86.8,30,0],"id":2413,"genFixation":0,"endPos":[92.5,43,0]}]])
[0m[0;32m[2026-09-16 13:01:36.624][VERB] RETURN: {"result":["$2419","$2423","$2429","$2435"]}
[0m[0;32m[2026-09-16 13:01:36.642][VERB] COMMANDCALL: _C.SafeAPI.Execute(["v1.sketch.getPoints",[{"id":2419}]])
[0m[0;32m[2026-09-16 13:01:36.642][VERB] RETURN: {"result":{"endId":"$2421","startId":"$2420"}}
[0m[0;32m[2026-09-16 13:01:36.660][VERB] COMMANDCALL: _C.SafeAPI.Execute(["v1.sketch.point",[{"pos":[-1000,-1000,0],"id":2413}]])
[0m[0;32m[2026-09-16 13:01:36.662][VERB] RETURN: {"result":"$2451"}
[0m[0;32m[2026-09-16 13:01:36.679][VERB] COMMANDCALL: _C.SafeAPI.Execute(["v1.sketch.constraint",[{"type":"FIXATION","id":2413,"geomIds":[2451]}]])
[0m[0;32m[2026-09-16 13:01:36.681][VERB] RETURN: {"result":"$2453"}
[0m[0;32m[2026-09-16 13:01:36.698][VERB] COMMANDCALL: _C.SafeAPI.Execute(["v1.sketch.dimension",[{"type":"HORIZONTAL_DISTANCE","value":"@expr.d195_position_x","name":"position_x","id":2413,"geomIds":[2451,2420]}]])
[0m[0;32m[2026-09-16 13:01:36.704][VERB] RETURN: {"result":"$2457"}
[0m[0;32m[2026-09-16 13:01:36.722][VERB] COMMANDCALL: _C.SafeAPI.Execute(["v1.sketch.dimension",[{"type":"VERTICAL_DISTANCE","value":"@expr.d196_position_y","name":"position_y","id":2413,"geomIds":[2451,2420]}]])
[0m[0;32m[2026-09-16 13:01:36.729][VERB] RETURN: {"result":"$2461"}
[0m[0;32m[2026-09-16 13:01:36.747][VERB] COMMANDCALL: _C.SafeAPI.Execute(["v1.sketch.dimension",[{"type":"OFFSET","value":"@expr.d197_width","name":"width","id":2413,"geomIds":[2419]}]])
[0m[0;32m[2026-09-16 13:01:36.754][VERB] RETURN: {"result":"$2465"}
[0m[0;32m[2026-09-16 13:01:36.772][VERB] COMMANDCALL: _C.SafeAPI.Execute(["v1.sketch.dimension",[{"type":"OFFSET","value":"@expr.d198_depth","name":"depth","id":2413,"geomIds":[2423]}]])
[0m[0;32m[2026-09-16 13:01:36.781][VERB] RETURN: {"result":"$2469"}
[0m[0;32m[2026-09-16 13:01:36.799][VERB] COMMANDCALL: _C.SafeAPI.Execute(["v1.part.extrusion",[{"references":[2419,2423,2429,2435],"name":"F193_makeBox_cad_primitives_py_8","taperAngle":0,"limit2":"@expr.d199_height","id":4}]])
[0m[0;32m[2026-09-16 13:01:36.804][VERB] RETURN: {"result":"$2473"}
[0m[0;32m[2026-09-16 13:01:36.822][VERB] COMMANDCALL: _C.SafeAPI.Execute(["v1.part.boolean",[{"type":"UNION","tools":[231,307,362,417,472,560,669,745,800,855,910,998,1107,1183,1238,1293,1348,1436,1545,1752,1836,1945,2152,2334,2385,2473],"target":122,"name":"F2_union_cad_primitives_py_17","id":4}]])
[0m[0;32m[2026-09-16 13:01:36.866][VERB] RETURN: {"result":"$2516"}
[0m[0;32m[2026-09-16 13:01:36.885][VERB] COMMANDCALL: _C.SafeAPI.Execute(["v1.common.setDatabaseSettings",[{"isSketchGraphicEnabled":1,"isGraphicEnabled":1,"isCCGraphicEnabled":1,"doCurveTessellation":1}]])
[0m[0;32m[2026-09-16 13:01:36.886][VERB] RETURN: {"result":null}
[0m[2026-09-16 13:01:36.948][DEBUG] Build graphic in: 30ms
[0;32m[2026-09-16 13:01:36.963][VERB] COMMANDCALL: _C.SafeAPI.Execute(["v1.part.chamfer",[{"references":[2823,3034,2933,3097,2625,3098,2780,2794,2793,2705,2781,2670,2680,2814,2813,3084,3083,3077,3073,3121,3120,3155,3154,3022,3090,2994,3032,3150,3151,3152,3153],"name":"F1_chamfer_shell_skin_py_17","id":4,"distance1":"@expr.d200_cham ...
[0m[0;32m[2026-09-16 13:01:37.145][VERB] RETURN: {"result":"$3169"}
[0m[0;32m[2026-09-16 13:01:37.165][VERB] COMMANDCALL: _C.SafeAPI.Execute(["v1.sketch.create",[{"planeId":38,"name":"F201_chamfer_shell_skin_py_17_middle_profile","id":4}]])
[0m[0;32m[2026-09-16 13:01:37.167][VERB] RETURN: {"result":"$3508"}
[0m[0;32m[2026-09-16 13:01:37.185][VERB] COMMANDCALL: _C.SafeAPI.Execute(["v1.sketch.point",[{"pos":[-1000,-1000,0],"id":3508}]])
[0m[0;32m[2026-09-16 13:01:37.186][VERB] RETURN: {"result":"$3514"}
[0m[0;32m[2026-09-16 13:01:37.205][VERB] COMMANDCALL: _C.SafeAPI.Execute(["v1.sketch.constraint",[{"type":"FIXATION","id":3508,"geomIds":[3514]}]])
[0m[0;32m[2026-09-16 13:01:37.206][VERB] RETURN: {"result":"$3516"}
[0m[0;32m[2026-09-16 13:01:37.225][VERB] COMMANDCALL: _C.SafeAPI.Execute(["v1.sketch.line",[{"startPos":[2.1,1.6,0],"genIncidence":0,"genTangency":0,"genFixation":0,"genVertAndHoriz":0,"id":3508,"endPos":[53,1.6,0]}]])
[0m[0;32m[2026-09-16 13:01:37.226][VERB] RETURN: {"result":"$3518"}
[0m[0;32m[2026-09-16 13:01:37.245][VERB] COMMANDCALL: _C.SafeAPI.Execute(["v1.sketch.getPoints",[{"id":3518}]])
[0m[0;32m[2026-09-16 13:01:37.245][VERB] RETURN: {"result":{"endId":"$3520","startId":"$3519"}}
[0m[0;32m[2026-09-16 13:01:37.264][VERB] COMMANDCALL: _C.SafeAPI.Execute(["v1.sketch.dimension",[{"type":"HORIZONTAL_DISTANCE","value":"@expr.d202_x","name":"x","id":3508,"geomIds":[3514,3519]}]])
[0m[0;32m[2026-09-16 13:01:37.268][VERB] RETURN: {"result":"$3524"}
[0m[0;32m[2026-09-16 13:01:37.287][VERB] COMMANDCALL: _C.SafeAPI.Execute(["v1.sketch.dimension",[{"type":"VERTICAL_DISTANCE","value":"@expr.d203_y","name":"y","id":3508,"geomIds":[3514,3519]}]])
[0m[0;32m[2026-09-16 13:01:37.292][VERB] RETURN: {"result":"$3528"}
[0m[0;32m[2026-09-16 13:01:37.311][VERB] COMMANDCALL: _C.SafeAPI.Execute(["v1.sketch.dimension",[{"type":"HORIZONTAL_DISTANCE","value":"@expr.d204_x","name":"x","id":3508,"geomIds":[3514,3520]}]])
[0m[0;32m[2026-09-16 13:01:37.318][VERB] RETURN: {"result":"$3532"}
[0m[0;32m[2026-09-16 13:01:37.336][VERB] COMMANDCALL: _C.SafeAPI.Execute(["v1.sketch.dimension",[{"type":"VERTICAL_DISTANCE","value":"@expr.d205_y","name":"y","id":3508,"geomIds":[3514,3520]}]])
[0m[0;32m[2026-09-16 13:01:37.343][VERB] RETURN: {"result":"$3536"}
[0m[0;32m[2026-09-16 13:01:37.363][VERB] COMMANDCALL: _C.SafeAPI.Execute(["v1.sketch.line",[{"startPos":[53,1.6,0],"genIncidence":0,"genTangency":0,"genFixation":0,"genVertAndHoriz":0,"id":3508,"endPos":[53.5,2.1,0]}]])
[0m[0;32m[2026-09-16 13:01:37.366][VERB] RETURN: {"result":"$3538"}
[0m[0;32m[2026-09-16 13:01:37.385][VERB] COMMANDCALL: _C.SafeAPI.Execute(["v1.sketch.getPoints",[{"id":3538}]])
[0m[0;32m[2026-09-16 13:01:37.385][VERB] RETURN: {"result":{"endId":"$3540","startId":"$3539"}}
[0m[0;32m[2026-09-16 13:01:37.404][VERB] COMMANDCALL: _C.SafeAPI.Execute(["v1.sketch.dimension",[{"type":"HORIZONTAL_DISTANCE","value":"@expr.d206_x","name":"x","id":3508,"geomIds":[3514,3539]}]])
[0m[0;32m[2026-09-16 13:01:37.411][VERB] RETURN: {"result":"$3544"}
[0m[0;32m[2026-09-16 13:01:37.431][VERB] COMMANDCALL: _C.SafeAPI.Execute(["v1.sketch.dimension",[{"type":"VERTICAL_DISTANCE","value":"@expr.d207_y","name":"y","id":3508,"geomIds":[3514,3539]}]])
[0m[0;32m[2026-09-16 13:01:37.439][VERB] RETURN: {"result":"$3548"}
[0m[0;32m[2026-09-16 13:01:37.458][VERB] COMMANDCALL: _C.SafeAPI.Execute(["v1.sketch.dimension",[{"type":"HORIZONTAL_DISTANCE","value":"@expr.d208_x","name":"x","id":3508,"geomIds":[3514,3540]}]])
[0m[0;32m[2026-09-16 13:01:37.467][VERB] RETURN: {"result":"$3552"}
[0m[0;32m[2026-09-16 13:01:37.487][VERB] COMMANDCALL: _C.SafeAPI.Execute(["v1.sketch.dimension",[{"type":"VERTICAL_DISTANCE","value":"@expr.d209_y","name":"y","id":3508,"geomIds":[3514,3540]}]])
[0m[0;32m[2026-09-16 13:01:37.497][VERB] RETURN: {"result":"$3556"}
[0m[0;32m[2026-09-16 13:01:37.516][VERB] COMMANDCALL: _C.SafeAPI.Execute(["v1.sketch.line",[{"startPos":[53.5,2.1,0],"genIncidence":0,"genTangency":0,"genFixation":0,"genVertAndHoriz":0,"id":3508,"endPos":[53.5,25.1,0]}]])
[0m[0;32m[2026-09-16 13:01:37.521][VERB] RETURN: {"result":"$3558"}
[0m[0;32m[2026-09-16 13:01:37.541][VERB] COMMANDCALL: _C.SafeAPI.Execute(["v1.sketch.getPoints",[{"id":3558}]])
[0m[0;32m[2026-09-16 13:01:37.541][VERB] RETURN: {"result":{"endId":"$3560","startId":"$3559"}}
[0m[0;32m[2026-09-16 13:01:37.560][VERB] COMMANDCALL: _C.SafeAPI.Execute(["v1.sketch.dimension",[{"type":"HORIZONTAL_DISTANCE","value":"@expr.d210_x","name":"x","id":3508,"geomIds":[3514,3559]}]])
[0m[0;32m[2026-09-16 13:01:37.571][VERB] RETURN: {"result":"$3564"}
[0m[0;32m[2026-09-16 13:01:37.590][VERB] COMMANDCALL: _C.SafeAPI.Execute(["v1.sketch.dimension",[{"type":"VERTICAL_DISTANCE","value":"@expr.d211_y","name":"y","id":3508,"geomIds":[3514,3559]}]])
[0m[0;32m[2026-09-16 13:01:37.601][VERB] RETURN: {"result":"$3568"}
[0m[0;32m[2026-09-16 13:01:37.621][VERB] COMMANDCALL: _C.SafeAPI.Execute(["v1.sketch.dimension",[{"type":"HORIZONTAL_DISTANCE","value":"@expr.d212_x","name":"x","id":3508,"geomIds":[3514,3560]}]])
[0m[0;32m[2026-09-16 13:01:37.633][VERB] RETURN: {"result":"$3572"}
[0m[0;32m[2026-09-16 13:01:37.653][VERB] COMMANDCALL: _C.SafeAPI.Execute(["v1.sketch.dimension",[{"type":"VERTICAL_DISTANCE","value":"@expr.d213_y","name":"y","id":3508,"geomIds":[3514,3560]}]])
[0m[0;32m[2026-09-16 13:01:37.666][VERB] RETURN: {"result":"$3576"}
[0m[0;32m[2026-09-16 13:01:37.685][VERB] COMMANDCALL: _C.SafeAPI.Execute(["v1.sketch.line",[{"startPos":[53.5,25.1,0],"genIncidence":0,"genTangency":0,"genFixation":0,"genVertAndHoriz":0,"id":3508,"endPos":[53,25.6,0]}]])
[0m[0;32m[2026-09-16 13:01:37.691][VERB] RETURN: {"result":"$3578"}
[0m[0;32m[2026-09-16 13:01:37.711][VERB] COMMANDCALL: _C.SafeAPI.Execute(["v1.sketch.getPoints",[{"id":3578}]])
[0m[0;32m[2026-09-16 13:01:37.711][VERB] RETURN: {"result":{"endId":"$3580","startId":"$3579"}}
[0m[0;32m[2026-09-16 13:01:37.731][VERB] COMMANDCALL: _C.SafeAPI.Execute(["v1.sketch.dimension",[{"type":"HORIZONTAL_DISTANCE","value":"@expr.d214_x","name":"x","id":3508,"geomIds":[3514,3579]}]])
[0m[0;32m[2026-09-16 13:01:37.745][VERB] RETURN: {"result":"$3584"}
[0m[0;32m[2026-09-16 13:01:37.764][VERB] COMMANDCALL: _C.SafeAPI.Execute(["v1.sketch.dimension",[{"type":"VERTICAL_DISTANCE","value":"@expr.d215_y","name":"y","id":3508,"geomIds":[3514,3579]}]])
[0m[0;32m[2026-09-16 13:01:37.779][VERB] RETURN: {"result":"$3588"}
[0m[0;32m[2026-09-16 13:01:37.798][VERB] COMMANDCALL: _C.SafeAPI.Execute(["v1.sketch.dimension",[{"type":"HORIZONTAL_DISTANCE","value":"@expr.d216_x","name":"x","id":3508,"geomIds":[3514,3580]}]])
[0m[0;32m[2026-09-16 13:01:37.813][VERB] RETURN: {"result":"$3592"}
[0m[0;32m[2026-09-16 13:01:37.833][VERB] COMMANDCALL: _C.SafeAPI.Execute(["v1.sketch.dimension",[{"type":"VERTICAL_DISTANCE","value":"@expr.d217_y","name":"y","id":3508,"geomIds":[3514,3580]}]])
[0m[0;32m[2026-09-16 13:01:37.849][VERB] RETURN: {"result":"$3596"}
[0m[0;32m[2026-09-16 13:01:37.869][VERB] COMMANDCALL: _C.SafeAPI.Execute(["v1.sketch.line",[{"startPos":[53,25.6,0],"genIncidence":0,"genTangency":0,"genFixation":0,"genVertAndHoriz":0,"id":3508,"endPos":[2.1,25.6,0]}]])
[0m[0;32m[2026-09-16 13:01:37.877][VERB] RETURN: {"result":"$3598"}
[0m[0;32m[2026-09-16 13:01:37.897][VERB] COMMANDCALL: _C.SafeAPI.Execute(["v1.sketch.getPoints",[{"id":3598}]])
[0m[0;32m[2026-09-16 13:01:37.897][VERB] RETURN: {"result":{"endId":"$3600","startId":"$3599"}}
[0m[0;32m[2026-09-16 13:01:37.917][VERB] COMMANDCALL: _C.SafeAPI.Execute(["v1.sketch.dimension",[{"type":"HORIZONTAL_DISTANCE","value":"@expr.d218_x","name":"x","id":3508,"geomIds":[3514,3599]}]])
[0m[0;32m[2026-09-16 13:01:37.933][VERB] RETURN: {"result":"$3604"}
[0m[0;32m[2026-09-16 13:01:37.953][VERB] COMMANDCALL: _C.SafeAPI.Execute(["v1.sketch.dimension",[{"type":"VERTICAL_DISTANCE","value":"@expr.d219_y","name":"y","id":3508,"geomIds":[3514,3599]}]])
[0m[0;32m[2026-09-16 13:01:37.970][VERB] RETURN: {"result":"$3608"}
[0m[0;32m[2026-09-16 13:01:37.991][VERB] COMMANDCALL: _C.SafeAPI.Execute(["v1.sketch.dimension",[{"type":"HORIZONTAL_DISTANCE","value":"@expr.d220_x","name":"x","id":3508,"geomIds":[3514,3600]}]])
[0m[0;32m[2026-09-16 13:01:38.009][VERB] RETURN: {"result":"$3612"}
[0m[0;32m[2026-09-16 13:01:38.029][VERB] COMMANDCALL: _C.SafeAPI.Execute(["v1.sketch.dimension",[{"type":"VERTICAL_DISTANCE","value":"@expr.d221_y","name":"y","id":3508,"geomIds":[3514,3600]}]])
[0m[0;32m[2026-09-16 13:01:38.047][VERB] RETURN: {"result":"$3616"}
[0m[0;32m[2026-09-16 13:01:38.067][VERB] COMMANDCALL: _C.SafeAPI.Execute(["v1.sketch.line",[{"startPos":[2.1,25.6,0],"genIncidence":0,"genTangency":0,"genFixation":0,"genVertAndHoriz":0,"id":3508,"endPos":[1.6,25.1,0]}]])
[0m[0;32m[2026-09-16 13:01:38.077][VERB] RETURN: {"result":"$3618"}
[0m[0;32m[2026-09-16 13:01:38.097][VERB] COMMANDCALL: _C.SafeAPI.Execute(["v1.sketch.getPoints",[{"id":3618}]])
[0m[0;32m[2026-09-16 13:01:38.097][VERB] RETURN: {"result":{"endId":"$3620","startId":"$3619"}}
[0m[0;32m[2026-09-16 13:01:38.117][VERB] COMMANDCALL: _C.SafeAPI.Execute(["v1.sketch.dimension",[{"type":"HORIZONTAL_DISTANCE","value":"@expr.d222_x","name":"x","id":3508,"geomIds":[3514,3619]}]])
[0m[0;32m[2026-09-16 13:01:38.137][VERB] RETURN: {"result":"$3624"}
[0m[0;32m[2026-09-16 13:01:38.157][VERB] COMMANDCALL: _C.SafeAPI.Execute(["v1.sketch.dimension",[{"type":"VERTICAL_DISTANCE","value":"@expr.d223_y","name":"y","id":3508,"geomIds":[3514,3619]}]])
[0m[0;32m[2026-09-16 13:01:38.178][VERB] RETURN: {"result":"$3628"}
[0m[0;32m[2026-09-16 13:01:38.198][VERB] COMMANDCALL: _C.SafeAPI.Execute(["v1.sketch.dimension",[{"type":"HORIZONTAL_DISTANCE","value":"@expr.d224_x","name":"x","id":3508,"geomIds":[3514,3620]}]])
[0m[0;32m[2026-09-16 13:01:38.219][VERB] RETURN: {"result":"$3632"}
[0m[0;32m[2026-09-16 13:01:38.240][VERB] COMMANDCALL: _C.SafeAPI.Execute(["v1.sketch.dimension",[{"type":"VERTICAL_DISTANCE","value":"@expr.d225_y","name":"y","id":3508,"geomIds":[3514,3620]}]])
[0m[0;32m[2026-09-16 13:01:38.262][VERB] RETURN: {"result":"$3636"}
[0m[0;32m[2026-09-16 13:01:38.282][VERB] COMMANDCALL: _C.SafeAPI.Execute(["v1.sketch.line",[{"startPos":[1.6,25.1,0],"genIncidence":0,"genTangency":0,"genFixation":0,"genVertAndHoriz":0,"id":3508,"endPos":[1.6,2.1,0]}]])
[0m[0;32m[2026-09-16 13:01:38.293][VERB] RETURN: {"result":"$3638"}
[0m[0;32m[2026-09-16 13:01:38.314][VERB] COMMANDCALL: _C.SafeAPI.Execute(["v1.sketch.getPoints",[{"id":3638}]])
[0m[0;32m[2026-09-16 13:01:38.314][VERB] RETURN: {"result":{"endId":"$3640","startId":"$3639"}}
[0m[0;32m[2026-09-16 13:01:38.334][VERB] COMMANDCALL: _C.SafeAPI.Execute(["v1.sketch.dimension",[{"type":"HORIZONTAL_DISTANCE","value":"@expr.d226_x","name":"x","id":3508,"geomIds":[3514,3639]}]])
[0m[0;32m[2026-09-16 13:01:38.357][VERB] RETURN: {"result":"$3644"}
[0m[0;32m[2026-09-16 13:01:38.377][VERB] COMMANDCALL: _C.SafeAPI.Execute(["v1.sketch.dimension",[{"type":"VERTICAL_DISTANCE","value":"@expr.d227_y","name":"y","id":3508,"geomIds":[3514,3639]}]])
[0m[0;32m[2026-09-16 13:01:38.401][VERB] RETURN: {"result":"$3648"}
[0m[0;32m[2026-09-16 13:01:38.421][VERB] COMMANDCALL: _C.SafeAPI.Execute(["v1.sketch.dimension",[{"type":"HORIZONTAL_DISTANCE","value":"@expr.d228_x","name":"x","id":3508,"geomIds":[3514,3640]}]])
[0m[0;32m[2026-09-16 13:01:38.446][VERB] RETURN: {"result":"$3652"}
[0m[0;32m[2026-09-16 13:01:38.466][VERB] COMMANDCALL: _C.SafeAPI.Execute(["v1.sketch.dimension",[{"type":"VERTICAL_DISTANCE","value":"@expr.d229_y","name":"y","id":3508,"geomIds":[3514,3640]}]])
[0m[0;32m[2026-09-16 13:01:38.491][VERB] RETURN: {"result":"$3656"}
[0m[0;32m[2026-09-16 13:01:38.512][VERB] COMMANDCALL: _C.SafeAPI.Execute(["v1.sketch.line",[{"startPos":[1.6,2.1,0],"genIncidence":0,"genTangency":0,"genFixation":0,"genVertAndHoriz":0,"id":3508,"endPos":[2.1,1.6,0]}]])
[0m[0;32m[2026-09-16 13:01:38.524][VERB] RETURN: {"result":"$3658"}
[0m[0;32m[2026-09-16 13:01:38.546][VERB] COMMANDCALL: _C.SafeAPI.Execute(["v1.sketch.getPoints",[{"id":3658}]])
[0m[0;32m[2026-09-16 13:01:38.546][VERB] RETURN: {"result":{"endId":"$3660","startId":"$3659"}}
[0m[0;32m[2026-09-16 13:01:38.567][VERB] COMMANDCALL: _C.SafeAPI.Execute(["v1.sketch.dimension",[{"type":"HORIZONTAL_DISTANCE","value":"@expr.d230_x","name":"x","id":3508,"geomIds":[3514,3659]}]])
[0m[0;32m[2026-09-16 13:01:38.592][VERB] RETURN: {"result":"$3664"}
[0m[0;32m[2026-09-16 13:01:38.613][VERB] COMMANDCALL: _C.SafeAPI.Execute(["v1.sketch.dimension",[{"type":"VERTICAL_DISTANCE","value":"@expr.d231_y","name":"y","id":3508,"geomIds":[3514,3659]}]])
[0m[0;32m[2026-09-16 13:01:38.639][VERB] RETURN: {"result":"$3668"}
[0m[0;32m[2026-09-16 13:01:38.660][VERB] COMMANDCALL: _C.SafeAPI.Execute(["v1.sketch.dimension",[{"type":"HORIZONTAL_DISTANCE","value":"@expr.d232_x","name":"x","id":3508,"geomIds":[3514,3660]}]])
[0m[0;32m[2026-09-16 13:01:38.687][VERB] RETURN: {"result":"$3672"}
[0m[0;32m[2026-09-16 13:01:38.708][VERB] COMMANDCALL: _C.SafeAPI.Execute(["v1.sketch.dimension",[{"type":"VERTICAL_DISTANCE","value":"@expr.d233_y","name":"y","id":3508,"geomIds":[3514,3660]}]])
[0m[0;32m[2026-09-16 13:01:38.735][VERB] RETURN: {"result":"$3676"}
[0m[0;32m[2026-09-16 13:01:38.756][VERB] COMMANDCALL: _C.SafeAPI.Execute(["v1.part.extrusion",[{"references":[3518,3538,3558,3578,3598,3618,3638,3658],"name":"F201_chamfer_shell_skin_py_17_middle","taperAngle":0,"limit2":"@expr.d234_height","id":4}]])
[0m[0;32m[2026-09-16 13:01:38.762][VERB] RETURN: {"result":"$3680"}
[0m[0;32m[2026-09-16 13:01:38.782][VERB] COMMANDCALL: _C.SafeAPI.Execute(["v1.part.translation",[{"references":[34],"name":"F201_chamfer_shell_skin_py_17_middle_2","id":4,"targets":[3680],"distance":"@expr.d235_position"}]])
[0m[0;32m[2026-09-16 13:01:38.788][VERB] RETURN: {"result":"$3751"}
[0m[0;32m[2026-09-16 13:01:38.809][VERB] COMMANDCALL: _C.SafeAPI.Execute(["v1.part.extrusion",[{"references":[3518,3538,3558,3578,3598,3618,3638,3658],"name":"F201_chamfer_shell_skin_py_17_bottom","taperAngle":0.78539816339745,"limit2":"@expr.d236_bevel_height","id":4}]])
[0m[0;32m[2026-09-16 13:01:38.818][VERB] RETURN: {"result":"$3762"}
[0m[0;32m[2026-09-16 13:01:38.839][VERB] COMMANDCALL: _C.SafeAPI.Execute(["v1.part.translation",[{"references":[34],"name":"F201_chamfer_shell_skin_py_17_bottom_2","id":4,"targets":[3762],"distance":"@expr.d237_position"}]])
[0m[0;32m[2026-09-16 13:01:38.843][VERB] RETURN: {"result":"$3825"}
[0m[0;32m[2026-09-16 13:01:38.866][VERB] COMMANDCALL: _C.SafeAPI.Execute(["v1.part.extrusion",[{"references":[3518,3538,3558,3578,3598,3618,3638,3658],"name":"F201_chamfer_shell_skin_py_17_top","taperAngle":0.78539816339745,"limit2":"@expr.d238_bevel_height","id":4}]])
[0m[0;32m[2026-09-16 13:01:38.875][VERB] RETURN: {"result":"$3836"}
[0m[0;32m[2026-09-16 13:01:38.898][VERB] COMMANDCALL: _C.SafeAPI.Execute(["v1.part.translation",[{"references":[34],"name":"F201_chamfer_shell_skin_py_17_top_2","id":4,"targets":[3836],"distance":"@expr.d239_position"}]])
[0m[0;32m[2026-09-16 13:01:38.902][VERB] RETURN: {"result":"$3899"}
[0m[0;32m[2026-09-16 13:01:38.924][VERB] COMMANDCALL: _C.SafeAPI.Execute(["v1.part.boolean",[{"type":"UNION","tools":[3825,3899],"target":3751,"name":"F201_chamfer_shell_skin_py_17","id":4}]])
[0m[0;32m[2026-09-16 13:01:38.948][VERB] RETURN: {"result":"$3910"}
[0m[0;32m[2026-09-16 13:01:38.971][VERB] COMMANDCALL: _C.SafeAPI.Execute(["v1.part.boolean",[{"type":"SUBTRACTION","tools":[3910],"target":3169,"name":"F0_cut_housing_shell_py_58_tool_0","id":4}]])
[0m[0;32m[2026-09-16 13:01:39.029][VERB] RETURN: {"result":"$3989"}
[0m[0;32m[2026-09-16 13:01:39.052][VERB] COMMANDCALL: _C.SafeAPI.Execute(["v1.sketch.create",[{"planeId":38,"name":"F240_chamfer_shell_skin_py_17_middle_profile","id":4}]])
[0m[0;32m[2026-09-16 13:01:39.054][VERB] RETURN: {"result":"$4157"}
[0m[0;32m[2026-09-16 13:01:39.077][VERB] COMMANDCALL: _C.SafeAPI.Execute(["v1.sketch.point",[{"pos":[-1000,-1000,0],"id":4157}]])
[0m[0;32m[2026-09-16 13:01:39.078][VERB] RETURN: {"result":"$4163"}
[0m[0;32m[2026-09-16 13:01:39.101][VERB] COMMANDCALL: _C.SafeAPI.Execute(["v1.sketch.constraint",[{"type":"FIXATION","id":4157,"geomIds":[4163]}]])
[0m[0;32m[2026-09-16 13:01:39.102][VERB] RETURN: {"result":"$4165"}
[0m[0;32m[2026-09-16 13:01:39.125][VERB] COMMANDCALL: _C.SafeAPI.Execute(["v1.sketch.line",[{"startPos":[2.1,23,0],"genIncidence":0,"genTangency":0,"genFixation":0,"genVertAndHoriz":0,"id":4157,"endPos":[54.7,23,0]}]])
[0m[0;32m[2026-09-16 13:01:39.126][VERB] RETURN: {"result":"$4167"}
[0m[0;32m[2026-09-16 13:01:39.149][VERB] COMMANDCALL: _C.SafeAPI.Execute(["v1.sketch.getPoints",[{"id":4167}]])
[0m[0;32m[2026-09-16 13:01:39.149][VERB] RETURN: {"result":{"endId":"$4169","startId":"$4168"}}
[0m[0;32m[2026-09-16 13:01:39.171][VERB] COMMANDCALL: _C.SafeAPI.Execute(["v1.sketch.dimension",[{"type":"HORIZONTAL_DISTANCE","value":"@expr.d241_x","name":"x","id":4157,"geomIds":[4163,4168]}]])
[0m[0;32m[2026-09-16 13:01:39.175][VERB] RETURN: {"result":"$4173"}
[0m[0;32m[2026-09-16 13:01:39.198][VERB] COMMANDCALL: _C.SafeAPI.Execute(["v1.sketch.dimension",[{"type":"VERTICAL_DISTANCE","value":"@expr.d242_y","name":"y","id":4157,"geomIds":[4163,4168]}]])
[0m[0;32m[2026-09-16 13:01:39.203][VERB] RETURN: {"result":"$4177"}
[0m[0;32m[2026-09-16 13:01:39.226][VERB] COMMANDCALL: _C.SafeAPI.Execute(["v1.sketch.dimension",[{"type":"HORIZONTAL_DISTANCE","value":"@expr.d243_x","name":"x","id":4157,"geomIds":[4163,4169]}]])
[0m[0;32m[2026-09-16 13:01:39.232][VERB] RETURN: {"result":"$4181"}
[0m[0;32m[2026-09-16 13:01:39.255][VERB] COMMANDCALL: _C.SafeAPI.Execute(["v1.sketch.dimension",[{"type":"VERTICAL_DISTANCE","value":"@expr.d244_y","name":"y","id":4157,"geomIds":[4163,4169]}]])
[0m[0;32m[2026-09-16 13:01:39.262][VERB] RETURN: {"result":"$4185"}
[0m[0;32m[2026-09-16 13:01:39.284][VERB] COMMANDCALL: _C.SafeAPI.Execute(["v1.sketch.line",[{"startPos":[54.7,23,0],"genIncidence":0,"genTangency":0,"genFixation":0,"genVertAndHoriz":0,"id":4157,"endPos":[55.2,23.5,0]}]])
[0m[0;32m[2026-09-16 13:01:39.288][VERB] RETURN: {"result":"$4187"}
[0m[0;32m[2026-09-16 13:01:39.310][VERB] COMMANDCALL: _C.SafeAPI.Execute(["v1.sketch.getPoints",[{"id":4187}]])
[0m[0;32m[2026-09-16 13:01:39.310][VERB] RETURN: {"result":{"endId":"$4189","startId":"$4188"}}
[0m[0;32m[2026-09-16 13:01:39.333][VERB] COMMANDCALL: _C.SafeAPI.Execute(["v1.sketch.dimension",[{"type":"HORIZONTAL_DISTANCE","value":"@expr.d245_x","name":"x","id":4157,"geomIds":[4163,4188]}]])
[0m[0;32m[2026-09-16 13:01:39.341][VERB] RETURN: {"result":"$4193"}
[0m[0;32m[2026-09-16 13:01:39.365][VERB] COMMANDCALL: _C.SafeAPI.Execute(["v1.sketch.dimension",[{"type":"VERTICAL_DISTANCE","value":"@expr.d246_y","name":"y","id":4157,"geomIds":[4163,4188]}]])
[0m[0;32m[2026-09-16 13:01:39.373][VERB] RETURN: {"result":"$4197"}
[0m[0;32m[2026-09-16 13:01:39.396][VERB] COMMANDCALL: _C.SafeAPI.Execute(["v1.sketch.dimension",[{"type":"HORIZONTAL_DISTANCE","value":"@expr.d247_x","name":"x","id":4157,"geomIds":[4163,4189]}]])
[0m[0;32m[2026-09-16 13:01:39.405][VERB] RETURN: {"result":"$4201"}
[0m[0;32m[2026-09-16 13:01:39.428][VERB] COMMANDCALL: _C.SafeAPI.Execute(["v1.sketch.dimension",[{"type":"VERTICAL_DISTANCE","value":"@expr.d248_y","name":"y","id":4157,"geomIds":[4163,4189]}]])
[0m[0;32m[2026-09-16 13:01:39.438][VERB] RETURN: {"result":"$4205"}
[0m[0;32m[2026-09-16 13:01:39.462][VERB] COMMANDCALL: _C.SafeAPI.Execute(["v1.sketch.line",[{"startPos":[55.2,23.5,0],"genIncidence":0,"genTangency":0,"genFixation":0,"genVertAndHoriz":0,"id":4157,"endPos":[55.2,61.9,0]}]])
[0m[0;32m[2026-09-16 13:01:39.467][VERB] RETURN: {"result":"$4207"}
[0m[0;32m[2026-09-16 13:01:39.490][VERB] COMMANDCALL: _C.SafeAPI.Execute(["v1.sketch.getPoints",[{"id":4207}]])
[0m[0;32m[2026-09-16 13:01:39.490][VERB] RETURN: {"result":{"endId":"$4209","startId":"$4208"}}
[0m[0;32m[2026-09-16 13:01:39.513][VERB] COMMANDCALL: _C.SafeAPI.Execute(["v1.sketch.dimension",[{"type":"HORIZONTAL_DISTANCE","value":"@expr.d249_x","name":"x","id":4157,"geomIds":[4163,4208]}]])
[0m[0;32m[2026-09-16 13:01:39.524][VERB] RETURN: {"result":"$4213"}
[0m[0;32m[2026-09-16 13:01:39.548][VERB] COMMANDCALL: _C.SafeAPI.Execute(["v1.sketch.dimension",[{"type":"VERTICAL_DISTANCE","value":"@expr.d250_y","name":"y","id":4157,"geomIds":[4163,4208]}]])
[0m[0;32m[2026-09-16 13:01:39.560][VERB] RETURN: {"result":"$4217"}
[0m[0;32m[2026-09-16 13:01:39.583][VERB] COMMANDCALL: _C.SafeAPI.Execute(["v1.sketch.dimension",[{"type":"HORIZONTAL_DISTANCE","value":"@expr.d251_x","name":"x","id":4157,"geomIds":[4163,4209]}]])
[0m[0;32m[2026-09-16 13:01:39.595][VERB] RETURN: {"result":"$4221"}
[0m[0;32m[2026-09-16 13:01:39.619][VERB] COMMANDCALL: _C.SafeAPI.Execute(["v1.sketch.dimension",[{"type":"VERTICAL_DISTANCE","value":"@expr.d252_y","name":"y","id":4157,"geomIds":[4163,4209]}]])
[0m[0;32m[2026-09-16 13:01:39.632][VERB] RETURN: {"result":"$4225"}
[0m[0;32m[2026-09-16 13:01:39.655][VERB] COMMANDCALL: _C.SafeAPI.Execute(["v1.sketch.line",[{"startPos":[55.2,61.9,0],"genIncidence":0,"genTangency":0,"genFixation":0,"genVertAndHoriz":0,"id":4157,"endPos":[54.7,62.4,0]}]])
[0m[0;32m[2026-09-16 13:01:39.661][VERB] RETURN: {"result":"$4227"}
[0m[0;32m[2026-09-16 13:01:39.684][VERB] COMMANDCALL: _C.SafeAPI.Execute(["v1.sketch.getPoints",[{"id":4227}]])
[0m[0;32m[2026-09-16 13:01:39.684][VERB] RETURN: {"result":{"endId":"$4229","startId":"$4228"}}
[0m[0;32m[2026-09-16 13:01:39.707][VERB] COMMANDCALL: _C.SafeAPI.Execute(["v1.sketch.dimension",[{"type":"HORIZONTAL_DISTANCE","value":"@expr.d253_x","name":"x","id":4157,"geomIds":[4163,4228]}]])
[0m[0;32m[2026-09-16 13:01:39.721][VERB] RETURN: {"result":"$4233"}
[0m[0;32m[2026-09-16 13:01:39.744][VERB] COMMANDCALL: _C.SafeAPI.Execute(["v1.sketch.dimension",[{"type":"VERTICAL_DISTANCE","value":"@expr.d254_y","name":"y","id":4157,"geomIds":[4163,4228]}]])
[0m[0;32m[2026-09-16 13:01:39.758][VERB] RETURN: {"result":"$4237"}
[0m[0;32m[2026-09-16 13:01:39.782][VERB] COMMANDCALL: _C.SafeAPI.Execute(["v1.sketch.dimension",[{"type":"HORIZONTAL_DISTANCE","value":"@expr.d255_x","name":"x","id":4157,"geomIds":[4163,4229]}]])
[0m[0;32m[2026-09-16 13:01:39.798][VERB] RETURN: {"result":"$4241"}
[0m[0;32m[2026-09-16 13:01:39.821][VERB] COMMANDCALL: _C.SafeAPI.Execute(["v1.sketch.dimension",[{"type":"VERTICAL_DISTANCE","value":"@expr.d256_y","name":"y","id":4157,"geomIds":[4163,4229]}]])
[0m[0;32m[2026-09-16 13:01:39.837][VERB] RETURN: {"result":"$4245"}
[0m[0;32m[2026-09-16 13:01:39.861][VERB] COMMANDCALL: _C.SafeAPI.Execute(["v1.sketch.line",[{"startPos":[54.7,62.4,0],"genIncidence":0,"genTangency":0,"genFixation":0,"genVertAndHoriz":0,"id":4157,"endPos":[2.1,62.4,0]}]])
[0m[0;32m[2026-09-16 13:01:39.869][VERB] RETURN: {"result":"$4247"}
[0m[0;32m[2026-09-16 13:01:39.892][VERB] COMMANDCALL: _C.SafeAPI.Execute(["v1.sketch.getPoints",[{"id":4247}]])
[0m[0;32m[2026-09-16 13:01:39.893][VERB] RETURN: {"result":{"endId":"$4249","startId":"$4248"}}
[0m[0;32m[2026-09-16 13:01:39.916][VERB] COMMANDCALL: _C.SafeAPI.Execute(["v1.sketch.dimension",[{"type":"HORIZONTAL_DISTANCE","value":"@expr.d257_x","name":"x","id":4157,"geomIds":[4163,4248]}]])
[0m[0;32m[2026-09-16 13:01:39.933][VERB] RETURN: {"result":"$4253"}
[0m[0;32m[2026-09-16 13:01:39.958][VERB] COMMANDCALL: _C.SafeAPI.Execute(["v1.sketch.dimension",[{"type":"VERTICAL_DISTANCE","value":"@expr.d258_y","name":"y","id":4157,"geomIds":[4163,4248]}]])
[0m[0;32m[2026-09-16 13:01:39.975][VERB] RETURN: {"result":"$4257"}
[0m[0;32m[2026-09-16 13:01:39.999][VERB] COMMANDCALL: _C.SafeAPI.Execute(["v1.sketch.dimension",[{"type":"HORIZONTAL_DISTANCE","value":"@expr.d259_x","name":"x","id":4157,"geomIds":[4163,4249]}]])
[0m[0;32m[2026-09-16 13:01:40.017][VERB] RETURN: {"result":"$4261"}
[0m[0;32m[2026-09-16 13:01:40.041][VERB] COMMANDCALL: _C.SafeAPI.Execute(["v1.sketch.dimension",[{"type":"VERTICAL_DISTANCE","value":"@expr.d260_y","name":"y","id":4157,"geomIds":[4163,4249]}]])
[0m[0;32m[2026-09-16 13:01:40.059][VERB] RETURN: {"result":"$4265"}
[0m[0;32m[2026-09-16 13:01:40.084][VERB] COMMANDCALL: _C.SafeAPI.Execute(["v1.sketch.line",[{"startPos":[2.1,62.4,0],"genIncidence":0,"genTangency":0,"genFixation":0,"genVertAndHoriz":0,"id":4157,"endPos":[1.6,61.9,0]}]])
[0m[0;32m[2026-09-16 13:01:40.093][VERB] RETURN: {"result":"$4267"}
[0m[0;32m[2026-09-16 13:01:40.117][VERB] COMMANDCALL: _C.SafeAPI.Execute(["v1.sketch.getPoints",[{"id":4267}]])
[0m[0;32m[2026-09-16 13:01:40.118][VERB] RETURN: {"result":{"endId":"$4269","startId":"$4268"}}
[0m[0;32m[2026-09-16 13:01:40.142][VERB] COMMANDCALL: _C.SafeAPI.Execute(["v1.sketch.dimension",[{"type":"HORIZONTAL_DISTANCE","value":"@expr.d261_x","name":"x","id":4157,"geomIds":[4163,4268]}]])
[0m[0;32m[2026-09-16 13:01:40.162][VERB] RETURN: {"result":"$4273"}
[0m[0;32m[2026-09-16 13:01:40.187][VERB] COMMANDCALL: _C.SafeAPI.Execute(["v1.sketch.dimension",[{"type":"VERTICAL_DISTANCE","value":"@expr.d262_y","name":"y","id":4157,"geomIds":[4163,4268]}]])
[0m[0;32m[2026-09-16 13:01:40.207][VERB] RETURN: {"result":"$4277"}
[0m[0;32m[2026-09-16 13:01:40.232][VERB] COMMANDCALL: _C.SafeAPI.Execute(["v1.sketch.dimension",[{"type":"HORIZONTAL_DISTANCE","value":"@expr.d263_x","name":"x","id":4157,"geomIds":[4163,4269]}]])
[0m[0;32m[2026-09-16 13:01:40.253][VERB] RETURN: {"result":"$4281"}
[0m[0;32m[2026-09-16 13:01:40.277][VERB] COMMANDCALL: _C.SafeAPI.Execute(["v1.sketch.dimension",[{"type":"VERTICAL_DISTANCE","value":"@expr.d264_y","name":"y","id":4157,"geomIds":[4163,4269]}]])
[0m[0;32m[2026-09-16 13:01:40.299][VERB] RETURN: {"result":"$4285"}
[0m[0;32m[2026-09-16 13:01:40.323][VERB] COMMANDCALL: _C.SafeAPI.Execute(["v1.sketch.line",[{"startPos":[1.6,61.9,0],"genIncidence":0,"genTangency":0,"genFixation":0,"genVertAndHoriz":0,"id":4157,"endPos":[1.6,23.5,0]}]])
[0m[0;32m[2026-09-16 13:01:40.334][VERB] RETURN: {"result":"$4287"}
[0m[0;32m[2026-09-16 13:01:40.358][VERB] COMMANDCALL: _C.SafeAPI.Execute(["v1.sketch.getPoints",[{"id":4287}]])
[0m[0;32m[2026-09-16 13:01:40.358][VERB] RETURN: {"result":{"endId":"$4289","startId":"$4288"}}
[0m[0;32m[2026-09-16 13:01:40.382][VERB] COMMANDCALL: _C.SafeAPI.Execute(["v1.sketch.dimension",[{"type":"HORIZONTAL_DISTANCE","value":"@expr.d265_x","name":"x","id":4157,"geomIds":[4163,4288]}]])
[0m[0;32m[2026-09-16 13:01:40.405][VERB] RETURN: {"result":"$4293"}
[0m[0;32m[2026-09-16 13:01:40.430][VERB] COMMANDCALL: _C.SafeAPI.Execute(["v1.sketch.dimension",[{"type":"VERTICAL_DISTANCE","value":"@expr.d266_y","name":"y","id":4157,"geomIds":[4163,4288]}]])
[0m[0;32m[2026-09-16 13:01:40.453][VERB] RETURN: {"result":"$4297"}
[0m[0;32m[2026-09-16 13:01:40.477][VERB] COMMANDCALL: _C.SafeAPI.Execute(["v1.sketch.dimension",[{"type":"HORIZONTAL_DISTANCE","value":"@expr.d267_x","name":"x","id":4157,"geomIds":[4163,4289]}]])
[0m[0;32m[2026-09-16 13:01:40.502][VERB] RETURN: {"result":"$4301"}
[0m[0;32m[2026-09-16 13:01:40.526][VERB] COMMANDCALL: _C.SafeAPI.Execute(["v1.sketch.dimension",[{"type":"VERTICAL_DISTANCE","value":"@expr.d268_y","name":"y","id":4157,"geomIds":[4163,4289]}]])
[0m[0;32m[2026-09-16 13:01:40.551][VERB] RETURN: {"result":"$4305"}
[0m[0;32m[2026-09-16 13:01:40.577][VERB] COMMANDCALL: _C.SafeAPI.Execute(["v1.sketch.line",[{"startPos":[1.6,23.5,0],"genIncidence":0,"genTangency":0,"genFixation":0,"genVertAndHoriz":0,"id":4157,"endPos":[2.1,23,0]}]])
[0m[0;32m[2026-09-16 13:01:40.589][VERB] RETURN: {"result":"$4307"}
[0m[0;32m[2026-09-16 13:01:40.614][VERB] COMMANDCALL: _C.SafeAPI.Execute(["v1.sketch.getPoints",[{"id":4307}]])
[0m[0;32m[2026-09-16 13:01:40.614][VERB] RETURN: {"result":{"endId":"$4309","startId":"$4308"}}
[0m[0;32m[2026-09-16 13:01:40.639][VERB] COMMANDCALL: _C.SafeAPI.Execute(["v1.sketch.dimension",[{"type":"HORIZONTAL_DISTANCE","value":"@expr.d269_x","name":"x","id":4157,"geomIds":[4163,4308]}]])
[0m[0;32m[2026-09-16 13:01:40.664][VERB] RETURN: {"result":"$4313"}
[0m[0;32m[2026-09-16 13:01:40.689][VERB] COMMANDCALL: _C.SafeAPI.Execute(["v1.sketch.dimension",[{"type":"VERTICAL_DISTANCE","value":"@expr.d270_y","name":"y","id":4157,"geomIds":[4163,4308]}]])
[0m[0;32m[2026-09-16 13:01:40.716][VERB] RETURN: {"result":"$4317"}
[0m[0;32m[2026-09-16 13:01:40.742][VERB] COMMANDCALL: _C.SafeAPI.Execute(["v1.sketch.dimension",[{"type":"HORIZONTAL_DISTANCE","value":"@expr.d271_x","name":"x","id":4157,"geomIds":[4163,4309]}]])
[0m[0;32m[2026-09-16 13:01:40.769][VERB] RETURN: {"result":"$4321"}
[0m[0;32m[2026-09-16 13:01:40.795][VERB] COMMANDCALL: _C.SafeAPI.Execute(["v1.sketch.dimension",[{"type":"VERTICAL_DISTANCE","value":"@expr.d272_y","name":"y","id":4157,"geomIds":[4163,4309]}]])
[0m[0;32m[2026-09-16 13:01:40.823][VERB] RETURN: {"result":"$4325"}
[0m[0;32m[2026-09-16 13:01:40.849][VERB] COMMANDCALL: _C.SafeAPI.Execute(["v1.part.extrusion",[{"references":[4167,4187,4207,4227,4247,4267,4287,4307],"name":"F240_chamfer_shell_skin_py_17_middle","taperAngle":0,"limit2":"@expr.d273_height","id":4}]])
[0m[0;32m[2026-09-16 13:01:40.855][VERB] RETURN: {"result":"$4329"}
[0m[0;32m[2026-09-16 13:01:40.881][VERB] COMMANDCALL: _C.SafeAPI.Execute(["v1.part.translation",[{"references":[34],"name":"F240_chamfer_shell_skin_py_17_middle_2","id":4,"targets":[4329],"distance":"@expr.d274_position"}]])
[0m[0;32m[2026-09-16 13:01:40.886][VERB] RETURN: {"result":"$4400"}
[0m[0;32m[2026-09-16 13:01:40.910][VERB] COMMANDCALL: _C.SafeAPI.Execute(["v1.part.extrusion",[{"references":[4167,4187,4207,4227,4247,4267,4287,4307],"name":"F240_chamfer_shell_skin_py_17_bottom","taperAngle":0.78539816339745,"limit2":"@expr.d275_bevel_height","id":4}]])
[0m[0;32m[2026-09-16 13:01:40.919][VERB] RETURN: {"result":"$4411"}
[0m[0;32m[2026-09-16 13:01:40.945][VERB] COMMANDCALL: _C.SafeAPI.Execute(["v1.part.translation",[{"references":[34],"name":"F240_chamfer_shell_skin_py_17_bottom_2","id":4,"targets":[4411],"distance":"@expr.d276_position"}]])
[0m[0;32m[2026-09-16 13:01:40.950][VERB] RETURN: {"result":"$4474"}
[0m[0;32m[2026-09-16 13:01:40.977][VERB] COMMANDCALL: _C.SafeAPI.Execute(["v1.part.extrusion",[{"references":[4167,4187,4207,4227,4247,4267,4287,4307],"name":"F240_chamfer_shell_skin_py_17_top","taperAngle":0.78539816339745,"limit2":"@expr.d277_bevel_height","id":4}]])
[0m[0;32m[2026-09-16 13:01:40.986][VERB] RETURN: {"result":"$4485"}
[0m[0;32m[2026-09-16 13:01:41.013][VERB] COMMANDCALL: _C.SafeAPI.Execute(["v1.part.translation",[{"references":[34],"name":"F240_chamfer_shell_skin_py_17_top_2","id":4,"targets":[4485],"distance":"@expr.d278_position"}]])
[0m[0;32m[2026-09-16 13:01:41.017][VERB] RETURN: {"result":"$4548"}
[0m[0;32m[2026-09-16 13:01:41.044][VERB] COMMANDCALL: _C.SafeAPI.Execute(["v1.part.boolean",[{"type":"UNION","tools":[4474,4548],"target":4400,"name":"F240_chamfer_shell_skin_py_17","id":4}]])
[0m[0;32m[2026-09-16 13:01:41.069][VERB] RETURN: {"result":"$4559"}
[0m[0;32m[2026-09-16 13:01:41.096][VERB] COMMANDCALL: _C.SafeAPI.Execute(["v1.part.boolean",[{"type":"SUBTRACTION","tools":[4559],"target":3989,"name":"F0_cut_housing_shell_py_58_tool_1","id":4}]])
[0m[0;32m[2026-09-16 13:01:41.187][VERB] RETURN: {"result":"$4638"}
[0m[0;32m[2026-09-16 13:01:41.214][VERB] COMMANDCALL: _C.SafeAPI.Execute(["v1.common.setAppearance",[{"target":4638,"color":[51,58.65,68.85]}]])
[0m[0;32m[2026-09-16 13:01:41.215][VERB] RETURN: {"result":null}
[0m[0;32m[2026-09-16 13:01:41.241][VERB] COMMANDCALL: _C.SafeAPI.Execute(["v1.assembly.calculateMassProperties",[{"id":4}]])
[0m[0;32m[2026-09-16 13:01:41.269][VERB] RETURN: {"result":{"volume":105847.3687935,"cog":{"z":17.608893587217,"y":25.936439549704,"x":54.663530179315}}}
[0m[0;32m[2026-09-16 13:01:41.296][VERB] COMMANDCALL: _C.SafeAPI.Execute(["v1.common.save",[{"format":"OFB","file":"/Users/dev/dev/awv/classcad-ai/workspace/training/2026-09-16_12-50-53_pvs-cavity-boolean/files/06-structure-only-result.ofb"}]])
[0m[0;32m[2026-09-16 13:01:41.300][VERB] GetStateId with StateId=574dd688-fdb4-44dd-8df8-c8da3b9c0253
[0m[0;32m[2026-09-16 13:01:41.321][VERB] RETURN: {"maxLevel":31,"messages":[{"message":"GetStateId with StateId=574dd688-fdb4-44dd-8df8-c8da3b9c0253\n","code":0,"level":31,"api":"v1.common.save","levelStr":"INFO"}],"result":{"success":1}}
[0m[0;32m[2026-09-16 13:01:41.348][VERB] COMMANDCALL: _C.SafeAPI.Execute(["v1.common.setDatabaseSettings",[{"isSketchGraphicEnabled":1,"isGraphicEnabled":1,"isCCGraphicEnabled":1,"doCurveTessellation":1}]])
[0m[0;32m[2026-09-16 13:01:41.349][VERB] RETURN: {"result":null}
[0m[2026-09-16 13:01:41.473][DEBUG] Build graphic in: 76ms
[0;32m[2026-09-16 13:01:41.505][VERB] 0x7b140fc300 SetZeichnung
[0m[0;32m[2026-09-16 13:01:41.506][VERB] COMMANDCALL: _C.SafeAPI.Execute(["v1.common.clear",[{}]])
[0m[0;32m[2026-09-16 13:01:41.506][VERB] RETURN: {"result":null}
[0m[0;32m[2026-09-16 13:01:41.514][VERB] 0x7b140fc480 Delete Zeichnung
[0m[0;32m[2026-09-16 13:01:41.515][VERB] 0x0 SetZeichnung
[0m[0;32m[2026-09-16 13:01:41.515][VERB] 0x7b140fc300 Delete Zeichnung
[0m
libc++abi: terminating due to uncaught exception of type std::__1::system_error: condition_variable wait failed: Invalid argument
[0;32m[2026-09-16 13:01:41.537][VERB] 0x7b1445bd80 Delete Zeichnung
[0m[0;32m[2026-09-16 13:01:41.537][VERB] 0x7b140fc000 Delete Zeichnung
[0m[0;32m[2026-09-16 13:01:41.537][INFO] Server stop listen on 0.0.0.0:19094
[0m[0;32m[2026-09-16 13:01:41.537][INFO] Server stop listen on 0.0.0.0:19095
[0m[0;32m[2026-09-16 13:01:41.537][INFO] Server down
[0m