[0;32m[2026-09-16 13:06:31.398][INFO] STARTING CLASSCAD...
[0m[0;32m[2026-09-16 13:06:31.399][INFO] Current working directory  : /Users/dev/dev/awv/classcad
[0m[0;32m[2026-09-16 13:06:31.399][INFO] Config file: /Users/dev/dev/awv/classcad/.classcad.ini
[0m[0;32m[2026-09-16 13:06:31.399][INFO] Config file: /Users/dev/dev/awv/classcad/.classcad.ini
[0m[0;32m[2026-09-16 13:06:31.399][INFO] Config file: /Users/dev/dev/awv/classcad/.classcad.user.ini
[0m[0;32m[2026-09-16 13:06:31.399][INFO] Config file: /Users/dev/dev/awv/classcad-ai/workspace/training/2026-09-16_12-50-53_pvs-cavity-boolean/worker.ini
[0m[0;32m[2026-09-16 13:06:31.399][INFO] Ensure CompressionService is loaded
[0m[0;32m[2026-09-16 13:06:31.399][INFO] Ensure JWTService is loaded
[0m[0;32m[2026-09-16 13:06:31.399][INFO] Run the command 'worker'
[0m[0;32m[2026-09-16 13:06:31.399][INFO] Current working directory  : /Users/dev/dev/awv/classcad
[0m[0;32m[2026-09-16 13:06:31.399][INFO] Executable | file name     : classcad-cli
[0m[0;32m[2026-09-16 13:06:31.399][INFO] Executable | file path     : /Users/dev/dev/awv/classcad/runtime/output/arm64-osx-clang/release/classcad-cli
[0m[0;32m[2026-09-16 13:06:31.399][INFO] Executable | directory     : /Users/dev/dev/awv/classcad/runtime/output/arm64-osx-clang/release
[0m[0;32m[2026-09-16 13:06:31.399][INFO] Config | verbose file name : /Users/dev/dev/awv/classcad-ai/workspace/training/2026-09-16_12-50-53_pvs-cavity-boolean/files/worker.log
[0m[0;32m[2026-09-16 13:06:31.399][INFO] Config | verbose level     : 16583
[0m[0;32m[2026-09-16 13:06:31.399][INFO] Config | log level         : debug
[0m[0;32m[2026-09-16 13:06:31.399][INFO] Config | data path         : ./data
[0m[0;32m[2026-09-16 13:06:31.399][INFO] Config | class path        : 
[0m[0;32m[2026-09-16 13:06:31.399][INFO] Config | classes system    : ./cclasses/Source;System;Common.*;BaseModeling.*;CAD;Sheet;
[0m[0;32m[2026-09-16 13:06:31.399][INFO] Config | classes user      : ./cclasses/Source/Tests;*;
[0m[0;32m[2026-09-16 13:06:31.399][INFO] Config | classes user      : ./standalone/t3d/Source;T3D.*;T3DSolidEditor.*;T3DSolidEditor;T3DTesting;GTC.*;ISO_Tool.*;ISOChecker.*;
[0m[0;32m[2026-09-16 13:06:31.399][INFO] Config | classes user      : ./cclasses/Source/FeatureModeler;*;
[0m[0;32m[2026-09-16 13:06:31.436][VERB] libSMLibService.dylib is loaded
[0m[0;32m[2026-09-16 13:06:31.437][VERB] libSMLibExpressService.dylib is loaded
[0m[0;32m[2026-09-16 13:06:31.438][VERB] libBrepSimplificationService.dylib is loaded
[0m[0;32m[2026-09-16 13:06:31.439][VERB] libECXMLService.dylib is loaded
[0m[0;32m[2026-09-16 13:06:31.439][VERB] libJWTService.dylib is loaded
[0m[0;32m[2026-09-16 13:06:31.440][VERB] libGenericService.dylib is loaded
[0m[0;32m[2026-09-16 13:06:31.441][VERB] libLGSService.dylib is loaded
[0m[0;32m[2026-09-16 13:06:31.442][VERB] libLGS3DService.dylib is loaded
[0m[0;32m[2026-09-16 13:06:31.444][VERB] libIDEConnectionService.dylib is loaded
[0m[2026-09-16 13:06:31] [info] asio listen error: system:48 (Address already in use)
[0;32m[2026-09-16 13:06:31.444][VERB] libRapidXmlService.dylib is loaded
[0m[0;32m[2026-09-16 13:06:31.444][VERB] libNetworkService.dylib is loaded
[0m[0;32m[2026-09-16 13:06:31.445][VERB] libTestService.dylib is loaded
[0m[0;31m[2026-09-16 13:06:31.446][ERROR] The Service-DLL DxfService could not be loaded.
ErrorCode: dlopen(DxfServiced.dylib, 0x0001): tried: 'DxfServiced.dylib' (no such file), '/System/Volumes/Preboot/Cryptexes/OSDxfServiced.dylib' (no such file), '/Users/dev/dev/awv/classcad/runtime/output/arm64-osx-clang/release/DxfServiced.dylib' (no such file), '/Users/dev/dev/awv/classcad/runtime/output/arm64-osx-clang/release/DxfServiced.dylib' (no such file), '/usr/lib/DxfServiced.dylib' (no such file, not in dyld cache), 'DxfServiced.dylib' (no such file)
The service functions of this DLL are therefore not available.
[0m[0;32m[2026-09-16 13:06:31.446][VERB] libCryptoRtService.dylib is loaded
[0m[0;31m[2026-09-16 13:06:31.447][ERROR] The Service-DLL CryptoDevService could not be loaded.
ErrorCode: dlopen(CryptoDevServiced.dylib, 0x0001): tried: 'CryptoDevServiced.dylib' (no such file), '/System/Volumes/Preboot/Cryptexes/OSCryptoDevServiced.dylib' (no such file), '/Users/dev/dev/awv/classcad/runtime/output/arm64-osx-clang/release/CryptoDevServiced.dylib' (no such file), '/Users/dev/dev/awv/classcad/runtime/output/arm64-osx-clang/release/CryptoDevServiced.dylib' (no such file), '/usr/lib/CryptoDevServiced.dylib' (no such file, not in dyld cache), 'CryptoDevServiced.dylib' (no such file)
The service functions of this DLL are therefore not available.
[0m[0;33m[2026-09-16 13:06:31.457][WARN] Path does not exist '/Users/dev/dev/awv/classcad/standalone/t3d/Source'. It is defined for class path 't3d'.
[0m[0;32m[2026-09-16 13:06:31.458][INFO] Load classes for 'system' from '/Users/dev/dev/awv/classcad/cclasses/Source'
[0m[0;32m[2026-09-16 13:06:31.542][INFO] Load classes for 'tests' from '/Users/dev/dev/awv/classcad/cclasses/Source/Tests'
[0m[0;32m[2026-09-16 13:06:31.601][INFO] Load classes for 't3d' from '/Users/dev/dev/awv/classcad/standalone/t3d/Source'
[0m[0;33m[2026-09-16 13:06:31.601][WARN] Tried to load from invalid class path 't3d'
[0m[0;32m[2026-09-16 13:06:31.601][INFO] Load classes for 'fm' from '/Users/dev/dev/awv/classcad/cclasses/Source/FeatureModeler'
[0m[0;32m[2026-09-16 13:06:31.612][VERB] 0x7a0f8bc180 Create Zeichnung
[0m[0;32m[2026-09-16 13:06:31.612][VERB] 0x7a0f8bc180 SetZeichnung
[0m[0;32m[2026-09-16 13:06:31.613][VERB] Grundklasse::InitApplication was successful.
[0m[0;32m[2026-09-16 13:06:31.613][VERB] [info] Initializing BaseModelerApp
[0m[0;32m[2026-09-16 13:06:31.613][VERB] Change application string/text encoding to UTF-8
[0m[0;32m[2026-09-16 13:06:31.613][VERB] [info] Developer mode is active
[0m[0;32m[2026-09-16 13:06:31.613][VERB] [info] Initializing BuerliDemoApp
[0m[0;32m[2026-09-16 13:06:31.613][VERB] API v0/common already registered!
[0m[0;32m[2026-09-16 13:06:31.614][VERB] API v0/basemodeler already registered!
[0m[0;32m[2026-09-16 13:06:31.614][VERB] Registered API's:
[0m[0;32m[2026-09-16 13:06:31.615][VERB]   v0
[0m[0;32m[2026-09-16 13:06:31.615][VERB]     assemblybuilder
[0m[0;32m[2026-09-16 13:06:31.615][VERB]     basemodeler
[0m[0;32m[2026-09-16 13:06:31.615][VERB]     common
[0m[0;32m[2026-09-16 13:06:31.615][VERB]     developer
[0m[0;32m[2026-09-16 13:06:31.615][VERB]     drawing2d
[0m[0;32m[2026-09-16 13:06:31.615][VERB]     feature
[0m[0;32m[2026-09-16 13:06:31.615][VERB]     geometry
[0m[0;32m[2026-09-16 13:06:31.615][VERB]     geometryformatconverter
[0m[0;32m[2026-09-16 13:06:31.615][VERB]     network
[0m[0;32m[2026-09-16 13:06:31.615][VERB]     sketcher
[0m[0;32m[2026-09-16 13:06:31.615][VERB]     solid
[0m[0;32m[2026-09-16 13:06:31.615][VERB]     tooling
[0m[0;32m[2026-09-16 13:06:31.615][VERB]   v1
[0m[0;32m[2026-09-16 13:06:31.615][VERB]     assembly
[0m[0;32m[2026-09-16 13:06:31.615][VERB]     brep
[0m[0;32m[2026-09-16 13:06:31.615][VERB]     common
[0m[0;32m[2026-09-16 13:06:31.615][VERB]     curve
[0m[0;32m[2026-09-16 13:06:31.615][VERB]     drawing2d
[0m[0;32m[2026-09-16 13:06:31.615][VERB]     part
[0m[0;32m[2026-09-16 13:06:31.615][VERB]     script
[0m[0;32m[2026-09-16 13:06:31.615][VERB]     sketch
[0m[0;32m[2026-09-16 13:06:31.615][VERB]     solid
[0m[0;32m[2026-09-16 13:06:31.615][VERB]     utils
[0m[0;32m[2026-09-16 13:06:31.615][VERB] 0x7a0f8bd980 Create Zeichnung
[0m[0;32m[2026-09-16 13:06:31.615][VERB] 0x7a0f8bd980 SetZeichnung
[0m[0;32m[2026-09-16 13:06:31.615][INFO] WorkerCommandCompletion: 824 completion candidates built
[0m[0;32m[2026-09-16 13:06:31.615][INFO] Server start listen on 0.0.0.0:19094 for http and ws connections
[0m[0;32m[2026-09-16 13:06:31.615][INFO] Server start listen on 0.0.0.0:19095 for https and wss connections
[0m[0;32m[2026-09-16 13:06:32.617][INFO] Worker is ready
[0m

[0;32m[2026-09-16 13:06:34.460][INFO] GET /
[0m[0;32m[2026-09-16 13:06:34.461][VERB] 0x7a0f8bdc80 Create Zeichnung
[0m[0;32m[2026-09-16 13:06:34.461][INFO] WS handleNewConnection: created main session="ed167413-3a27-47ad-9a93-a366b86ce8ab"
[0m[0;32m[2026-09-16 13:06:34.463][INFO] GET /
[0m[0;32m[2026-09-16 13:06:34.463][VERB] 0x7a0f8bde00 Create Zeichnung
[0m[0;32m[2026-09-16 13:06:34.463][INFO] WS handleNewConnection: created main session="4639d60e-2a75-4e00-a9d7-7dbe373139f1"
[0m[0;32m[2026-09-16 13:06:34.467][VERB] 0x7a0f8bde00 SetZeichnung
[0m[0;32m[2026-09-16 13:06:34.467][VERB] COMMANDCALL: _C.SafeAPI.Execute(["v1.part.create",[{"name":"Base"}]])
[0m[0;32m[2026-09-16 13:06:34.480][VERB] RETURN: {"result":"$4"}
[0m[0;32m[2026-09-16 13:06:34.488][VERB] COMMANDCALL: _C.SafeAPI.Execute(["v1.part.expression",[{"toCreate":[{"value":23.8,"name":"seam"},{"value":3,"name":"rear_roof_raise"},{"value":4,"name":"pocket_corner_blend_r"},{"value":4.5,"name":"rear_pillar_envelope_r"},{"value":1.3,"name":"skin_growth"},{"value":1.67,"name":"outer_chamfer"} ...
[0m[0;32m[2026-09-16 13:06:34.516][VERB] RETURN: {"result":1}
[0m[0;32m[2026-09-16 13:06:34.516][VERB] COMMANDCALL: _C.SafeAPI.Execute(["v1.part.getWorkGeometry",[{"name":"XAxis","id":4}]])
[0m[0;32m[2026-09-16 13:06:34.516][VERB] RETURN: {"result":"$26"}
[0m[0;32m[2026-09-16 13:06:34.517][VERB] COMMANDCALL: _C.SafeAPI.Execute(["v1.part.getWorkGeometry",[{"name":"YAxis","id":4}]])
[0m[0;32m[2026-09-16 13:06:34.517][VERB] RETURN: {"result":"$30"}
[0m[0;32m[2026-09-16 13:06:34.517][VERB] COMMANDCALL: _C.SafeAPI.Execute(["v1.part.getWorkGeometry",[{"name":"ZAxis","id":4}]])
[0m[0;32m[2026-09-16 13:06:34.517][VERB] RETURN: {"result":"$34"}
[0m[0;32m[2026-09-16 13:06:34.518][VERB] COMMANDCALL: _C.SafeAPI.Execute(["v1.part.getWorkGeometry",[{"name":"Top","id":4}]])
[0m[0;32m[2026-09-16 13:06:34.518][VERB] RETURN: {"result":"$38"}
[0m[0;32m[2026-09-16 13:06:34.518][VERB] COMMANDCALL: _C.SafeAPI.Execute(["v1.part.getWorkGeometry",[{"name":"Front","id":4}]])
[0m[0;32m[2026-09-16 13:06:34.518][VERB] RETURN: {"result":"$42"}
[0m[0;32m[2026-09-16 13:06:34.518][VERB] COMMANDCALL: _C.SafeAPI.Execute(["v1.part.getWorkGeometry",[{"name":"Right","id":4}]])
[0m[0;32m[2026-09-16 13:06:34.518][VERB] RETURN: {"result":"$46"}
[0m[0;32m[2026-09-16 13:06:34.519][VERB] COMMANDCALL: _C.SafeAPI.Execute(["v1.part.workPlane",[{"type":"PLANE","references":[38],"name":"F3_makeBox_cad_primitives_py_8_plane","offset":"@expr.d4_plane_offset","id":4}]])
[0m[0;32m[2026-09-16 13:06:34.523][VERB] RETURN: {"result":"$56"}
[0m[0;32m[2026-09-16 13:06:34.524][VERB] COMMANDCALL: _C.SafeAPI.Execute(["v1.sketch.create",[{"planeId":56,"name":"F3_makeBox_cad_primitives_py_8_profile","id":4}]])
[0m[0;32m[2026-09-16 13:06:34.526][VERB] RETURN: {"result":"$62"}
[0m[0;32m[2026-09-16 13:06:34.527][VERB] COMMANDCALL: _C.SafeAPI.Execute(["v1.sketch.rectangle",[{"startPos":[1.4,-1.3,0],"id":62,"genFixation":0,"endPos":[52.4,27.3,0]}]])
[0m[0;32m[2026-09-16 13:06:34.535][VERB] RETURN: {"result":["$68","$72","$78","$84"]}
[0m[0;32m[2026-09-16 13:06:34.536][VERB] COMMANDCALL: _C.SafeAPI.Execute(["v1.sketch.getPoints",[{"id":68}]])
[0m[0;32m[2026-09-16 13:06:34.536][VERB] RETURN: {"result":{"endId":"$70","startId":"$69"}}
[0m[0;32m[2026-09-16 13:06:34.536][VERB] COMMANDCALL: _C.SafeAPI.Execute(["v1.sketch.point",[{"pos":[-1000,-1000,0],"id":62}]])
[0m[0;32m[2026-09-16 13:06:34.539][VERB] RETURN: {"result":"$100"}
[0m[0;32m[2026-09-16 13:06:34.539][VERB] COMMANDCALL: _C.SafeAPI.Execute(["v1.sketch.constraint",[{"type":"FIXATION","id":62,"geomIds":[100]}]])
[0m[0;32m[2026-09-16 13:06:34.542][VERB] RETURN: {"result":"$102"}
[0m[0;32m[2026-09-16 13:06:34.543][VERB] COMMANDCALL: _C.SafeAPI.Execute(["v1.sketch.dimension",[{"type":"HORIZONTAL_DISTANCE","value":"@expr.d5_position_x","name":"position_x","id":62,"geomIds":[100,69]}]])
[0m[0;32m[2026-09-16 13:06:34.552][VERB] RETURN: {"result":"$106"}
[0m[0;32m[2026-09-16 13:06:34.553][VERB] COMMANDCALL: _C.SafeAPI.Execute(["v1.sketch.dimension",[{"type":"VERTICAL_DISTANCE","value":"@expr.d6_position_y","name":"position_y","id":62,"geomIds":[100,69]}]])
[0m[0;32m[2026-09-16 13:06:34.559][VERB] RETURN: {"result":"$110"}
[0m[0;32m[2026-09-16 13:06:34.560][VERB] COMMANDCALL: _C.SafeAPI.Execute(["v1.sketch.dimension",[{"type":"OFFSET","value":"@expr.d7_width","name":"width","id":62,"geomIds":[68]}]])
[0m[0;32m[2026-09-16 13:06:34.567][VERB] RETURN: {"result":"$114"}
[0m[0;32m[2026-09-16 13:06:34.567][VERB] COMMANDCALL: _C.SafeAPI.Execute(["v1.sketch.dimension",[{"type":"OFFSET","value":"@expr.d8_depth","name":"depth","id":62,"geomIds":[72]}]])
[0m[0;32m[2026-09-16 13:06:34.575][VERB] RETURN: {"result":"$118"}
[0m[0;32m[2026-09-16 13:06:34.577][VERB] COMMANDCALL: _C.SafeAPI.Execute(["v1.part.extrusion",[{"references":[68,72,78,84],"name":"F3_makeBox_cad_primitives_py_8","taperAngle":0,"limit2":"@expr.d9_height","id":4}]])
[0m[0;32m[2026-09-16 13:06:34.583][VERB] RETURN: {"result":"$122"}
[0m[0;32m[2026-09-16 13:06:34.584][VERB] COMMANDCALL: _C.SafeAPI.Execute(["v1.part.workPlane",[{"type":"PLANE","references":[38],"name":"F10_makeBox_cad_primitives_py_8_plane","offset":"@expr.d11_plane_offset","id":4}]])
[0m[0;32m[2026-09-16 13:06:34.587][VERB] RETURN: {"result":"$165"}
[0m[0;32m[2026-09-16 13:06:34.588][VERB] COMMANDCALL: _C.SafeAPI.Execute(["v1.sketch.create",[{"planeId":165,"name":"F10_makeBox_cad_primitives_py_8_profile","id":4}]])
[0m[0;32m[2026-09-16 13:06:34.590][VERB] RETURN: {"result":"$171"}
[0m[0;32m[2026-09-16 13:06:34.590][VERB] COMMANDCALL: _C.SafeAPI.Execute(["v1.sketch.rectangle",[{"startPos":[-1.3,1.4,0],"id":171,"genFixation":0,"endPos":[55.1,24.6,0]}]])
[0m[0;32m[2026-09-16 13:06:34.597][VERB] RETURN: {"result":["$177","$181","$187","$193"]}
[0m[0;32m[2026-09-16 13:06:34.597][VERB] COMMANDCALL: _C.SafeAPI.Execute(["v1.sketch.getPoints",[{"id":177}]])
[0m[0;32m[2026-09-16 13:06:34.597][VERB] RETURN: {"result":{"endId":"$179","startId":"$178"}}
[0m[0;32m[2026-09-16 13:06:34.597][VERB] COMMANDCALL: _C.SafeAPI.Execute(["v1.sketch.point",[{"pos":[-1000,-1000,0],"id":171}]])
[0m[0;32m[2026-09-16 13:06:34.599][VERB] RETURN: {"result":"$209"}
[0m[0;32m[2026-09-16 13:06:34.599][VERB] COMMANDCALL: _C.SafeAPI.Execute(["v1.sketch.constraint",[{"type":"FIXATION","id":171,"geomIds":[209]}]])
[0m[0;32m[2026-09-16 13:06:34.601][VERB] RETURN: {"result":"$211"}
[0m[0;32m[2026-09-16 13:06:34.601][VERB] COMMANDCALL: _C.SafeAPI.Execute(["v1.sketch.dimension",[{"type":"HORIZONTAL_DISTANCE","value":"@expr.d12_position_x","name":"position_x","id":171,"geomIds":[209,178]}]])
[0m[0;32m[2026-09-16 13:06:34.606][VERB] RETURN: {"result":"$215"}
[0m[0;32m[2026-09-16 13:06:34.606][VERB] COMMANDCALL: _C.SafeAPI.Execute(["v1.sketch.dimension",[{"type":"VERTICAL_DISTANCE","value":"@expr.d13_position_y","name":"position_y","id":171,"geomIds":[209,178]}]])
[0m[0;32m[2026-09-16 13:06:34.612][VERB] RETURN: {"result":"$219"}
[0m[0;32m[2026-09-16 13:06:34.613][VERB] COMMANDCALL: _C.SafeAPI.Execute(["v1.sketch.dimension",[{"type":"OFFSET","value":"@expr.d14_width","name":"width","id":171,"geomIds":[177]}]])
[0m[0;32m[2026-09-16 13:06:34.619][VERB] RETURN: {"result":"$223"}
[0m[0;32m[2026-09-16 13:06:34.620][VERB] COMMANDCALL: _C.SafeAPI.Execute(["v1.sketch.dimension",[{"type":"OFFSET","value":"@expr.d15_depth","name":"depth","id":171,"geomIds":[181]}]])
[0m[0;32m[2026-09-16 13:06:34.627][VERB] RETURN: {"result":"$227"}
[0m[0;32m[2026-09-16 13:06:34.628][VERB] COMMANDCALL: _C.SafeAPI.Execute(["v1.part.extrusion",[{"references":[177,181,187,193],"name":"F10_makeBox_cad_primitives_py_8","taperAngle":0,"limit2":"@expr.d16_height","id":4}]])
[0m[0;32m[2026-09-16 13:06:34.633][VERB] RETURN: {"result":"$231"}
[0m[0;32m[2026-09-16 13:06:34.633][VERB] COMMANDCALL: _C.SafeAPI.Execute(["v1.part.workPlane",[{"type":"PLANE","references":[38],"name":"F17_makeCylinder_cad_primitives_py_12_plane","offset":"@expr.d18_plane_offset","id":4}]])
[0m[0;32m[2026-09-16 13:06:34.636][VERB] RETURN: {"result":"$274"}
[0m[0;32m[2026-09-16 13:06:34.636][VERB] COMMANDCALL: _C.SafeAPI.Execute(["v1.sketch.create",[{"planeId":274,"name":"F17_makeCylinder_cad_primitives_py_12_profile","id":4}]])
[0m[0;32m[2026-09-16 13:06:34.639][VERB] RETURN: {"result":"$280"}
[0m[0;32m[2026-09-16 13:06:34.639][VERB] COMMANDCALL: _C.SafeAPI.Execute(["v1.sketch.circle",[{"radius":2.7,"id":280,"genFixation":0,"centerPos":[1.4,1.4,0]}]])
[0m[0;32m[2026-09-16 13:06:34.640][VERB] RETURN: {"result":"$286"}
[0m[0;32m[2026-09-16 13:06:34.641][VERB] COMMANDCALL: _C.SafeAPI.Execute(["v1.sketch.getPoints",[{"id":286}]])
[0m[0;32m[2026-09-16 13:06:34.641][VERB] RETURN: {"result":{"centerId":"$287"}}
[0m[0;32m[2026-09-16 13:06:34.641][VERB] COMMANDCALL: _C.SafeAPI.Execute(["v1.sketch.point",[{"pos":[-1000,-1000,0],"id":280}]])
[0m[0;32m[2026-09-16 13:06:34.642][VERB] RETURN: {"result":"$289"}
[0m[0;32m[2026-09-16 13:06:34.642][VERB] COMMANDCALL: _C.SafeAPI.Execute(["v1.sketch.constraint",[{"type":"FIXATION","id":280,"geomIds":[289]}]])
[0m[0;32m[2026-09-16 13:06:34.643][VERB] RETURN: {"result":"$291"}
[0m[0;32m[2026-09-16 13:06:34.643][VERB] COMMANDCALL: _C.SafeAPI.Execute(["v1.sketch.dimension",[{"type":"HORIZONTAL_DISTANCE","value":"@expr.d19_position_x","name":"position_x","id":280,"geomIds":[289,287]}]])
[0m[0;32m[2026-09-16 13:06:34.647][VERB] RETURN: {"result":"$295"}
[0m[0;32m[2026-09-16 13:06:34.648][VERB] COMMANDCALL: _C.SafeAPI.Execute(["v1.sketch.dimension",[{"type":"VERTICAL_DISTANCE","value":"@expr.d20_position_y","name":"position_y","id":280,"geomIds":[289,287]}]])
[0m[0;32m[2026-09-16 13:06:34.652][VERB] RETURN: {"result":"$299"}
[0m[0;32m[2026-09-16 13:06:34.652][VERB] COMMANDCALL: _C.SafeAPI.Execute(["v1.sketch.dimension",[{"type":"RADIUS","value":"@expr.d21_radius","name":"radius","id":280,"geomIds":[286]}]])
[0m[0;32m[2026-09-16 13:06:34.658][VERB] RETURN: {"result":"$303"}
[0m[0;32m[2026-09-16 13:06:34.658][VERB] COMMANDCALL: _C.SafeAPI.Execute(["v1.part.extrusion",[{"references":[286],"name":"F17_makeCylinder_cad_primitives_py_12","taperAngle":0,"limit2":"@expr.d22_height","id":4}]])
[0m[0;32m[2026-09-16 13:06:34.664][VERB] RETURN: {"result":"$307"}
[0m[0;32m[2026-09-16 13:06:34.664][VERB] COMMANDCALL: _C.SafeAPI.Execute(["v1.part.workPlane",[{"type":"PLANE","references":[38],"name":"F23_makeCylinder_cad_primitives_py_12_plane","offset":"@expr.d24_plane_offset","id":4}]])
[0m[0;32m[2026-09-16 13:06:34.667][VERB] RETURN: {"result":"$329"}
[0m[0;32m[2026-09-16 13:06:34.667][VERB] COMMANDCALL: _C.SafeAPI.Execute(["v1.sketch.create",[{"planeId":329,"name":"F23_makeCylinder_cad_primitives_py_12_profile","id":4}]])
[0m[0;32m[2026-09-16 13:06:34.669][VERB] RETURN: {"result":"$335"}
[0m[0;32m[2026-09-16 13:06:34.670][VERB] COMMANDCALL: _C.SafeAPI.Execute(["v1.sketch.circle",[{"radius":2.7,"id":335,"genFixation":0,"centerPos":[1.4,24.6,0]}]])
[0m[0;32m[2026-09-16 13:06:34.671][VERB] RETURN: {"result":"$341"}
[0m[0;32m[2026-09-16 13:06:34.671][VERB] COMMANDCALL: _C.SafeAPI.Execute(["v1.sketch.getPoints",[{"id":341}]])
[0m[0;32m[2026-09-16 13:06:34.671][VERB] RETURN: {"result":{"centerId":"$342"}}
[0m[0;32m[2026-09-16 13:06:34.671][VERB] COMMANDCALL: _C.SafeAPI.Execute(["v1.sketch.point",[{"pos":[-1000,-1000,0],"id":335}]])
[0m[0;32m[2026-09-16 13:06:34.672][VERB] RETURN: {"result":"$344"}
[0m[0;32m[2026-09-16 13:06:34.672][VERB] COMMANDCALL: _C.SafeAPI.Execute(["v1.sketch.constraint",[{"type":"FIXATION","id":335,"geomIds":[344]}]])
[0m[0;32m[2026-09-16 13:06:34.673][VERB] RETURN: {"result":"$346"}
[0m[0;32m[2026-09-16 13:06:34.674][VERB] COMMANDCALL: _C.SafeAPI.Execute(["v1.sketch.dimension",[{"type":"HORIZONTAL_DISTANCE","value":"@expr.d25_position_x","name":"position_x","id":335,"geomIds":[344,342]}]])
[0m[0;32m[2026-09-16 13:06:34.678][VERB] RETURN: {"result":"$350"}
[0m[0;32m[2026-09-16 13:06:34.678][VERB] COMMANDCALL: _C.SafeAPI.Execute(["v1.sketch.dimension",[{"type":"VERTICAL_DISTANCE","value":"@expr.d26_position_y","name":"position_y","id":335,"geomIds":[344,342]}]])
[0m[0;32m[2026-09-16 13:06:34.683][VERB] RETURN: {"result":"$354"}
[0m[0;32m[2026-09-16 13:06:34.683][VERB] COMMANDCALL: _C.SafeAPI.Execute(["v1.sketch.dimension",[{"type":"RADIUS","value":"@expr.d27_radius","name":"radius","id":335,"geomIds":[341]}]])
[0m[0;32m[2026-09-16 13:06:34.688][VERB] RETURN: {"result":"$358"}
[0m[0;32m[2026-09-16 13:06:34.688][VERB] COMMANDCALL: _C.SafeAPI.Execute(["v1.part.extrusion",[{"references":[341],"name":"F23_makeCylinder_cad_primitives_py_12","taperAngle":0,"limit2":"@expr.d28_height","id":4}]])
[0m[0;32m[2026-09-16 13:06:34.693][VERB] RETURN: {"result":"$362"}
[0m[0;32m[2026-09-16 13:06:34.694][VERB] COMMANDCALL: _C.SafeAPI.Execute(["v1.part.workPlane",[{"type":"PLANE","references":[38],"name":"F29_makeCylinder_cad_primitives_py_12_plane","offset":"@expr.d30_plane_offset","id":4}]])
[0m[0;32m[2026-09-16 13:06:34.697][VERB] RETURN: {"result":"$384"}
[0m[0;32m[2026-09-16 13:06:34.698][VERB] COMMANDCALL: _C.SafeAPI.Execute(["v1.sketch.create",[{"planeId":384,"name":"F29_makeCylinder_cad_primitives_py_12_profile","id":4}]])
[0m[0;32m[2026-09-16 13:06:34.700][VERB] RETURN: {"result":"$390"}
[0m[0;32m[2026-09-16 13:06:34.700][VERB] COMMANDCALL: _C.SafeAPI.Execute(["v1.sketch.circle",[{"radius":2.7,"id":390,"genFixation":0,"centerPos":[52.4,1.4,0]}]])
[0m[0;32m[2026-09-16 13:06:34.701][VERB] RETURN: {"result":"$396"}
[0m[0;32m[2026-09-16 13:06:34.701][VERB] COMMANDCALL: _C.SafeAPI.Execute(["v1.sketch.getPoints",[{"id":396}]])
[0m[0;32m[2026-09-16 13:06:34.701][VERB] RETURN: {"result":{"centerId":"$397"}}
[0m[0;32m[2026-09-16 13:06:34.701][VERB] COMMANDCALL: _C.SafeAPI.Execute(["v1.sketch.point",[{"pos":[-1000,-1000,0],"id":390}]])
[0m[0;32m[2026-09-16 13:06:34.702][VERB] RETURN: {"result":"$399"}
[0m[0;32m[2026-09-16 13:06:34.702][VERB] COMMANDCALL: _C.SafeAPI.Execute(["v1.sketch.constraint",[{"type":"FIXATION","id":390,"geomIds":[399]}]])
[0m[0;32m[2026-09-16 13:06:34.703][VERB] RETURN: {"result":"$401"}
[0m[0;32m[2026-09-16 13:06:34.703][VERB] COMMANDCALL: _C.SafeAPI.Execute(["v1.sketch.dimension",[{"type":"HORIZONTAL_DISTANCE","value":"@expr.d31_position_x","name":"position_x","id":390,"geomIds":[399,397]}]])
[0m[0;32m[2026-09-16 13:06:34.708][VERB] RETURN: {"result":"$405"}
[0m[0;32m[2026-09-16 13:06:34.708][VERB] COMMANDCALL: _C.SafeAPI.Execute(["v1.sketch.dimension",[{"type":"VERTICAL_DISTANCE","value":"@expr.d32_position_y","name":"position_y","id":390,"geomIds":[399,397]}]])
[0m[0;32m[2026-09-16 13:06:34.713][VERB] RETURN: {"result":"$409"}
[0m[0;32m[2026-09-16 13:06:34.713][VERB] COMMANDCALL: _C.SafeAPI.Execute(["v1.sketch.dimension",[{"type":"RADIUS","value":"@expr.d33_radius","name":"radius","id":390,"geomIds":[396]}]])
[0m[0;32m[2026-09-16 13:06:34.718][VERB] RETURN: {"result":"$413"}
[0m[0;32m[2026-09-16 13:06:34.718][VERB] COMMANDCALL: _C.SafeAPI.Execute(["v1.part.extrusion",[{"references":[396],"name":"F29_makeCylinder_cad_primitives_py_12","taperAngle":0,"limit2":"@expr.d34_height","id":4}]])
[0m[0;32m[2026-09-16 13:06:34.723][VERB] RETURN: {"result":"$417"}
[0m[0;32m[2026-09-16 13:06:34.724][VERB] COMMANDCALL: _C.SafeAPI.Execute(["v1.part.workPlane",[{"type":"PLANE","references":[38],"name":"F35_makeCylinder_cad_primitives_py_12_plane","offset":"@expr.d36_plane_offset","id":4}]])
[0m[0;32m[2026-09-16 13:06:34.727][VERB] RETURN: {"result":"$439"}
[0m[0;32m[2026-09-16 13:06:34.727][VERB] COMMANDCALL: _C.SafeAPI.Execute(["v1.sketch.create",[{"planeId":439,"name":"F35_makeCylinder_cad_primitives_py_12_profile","id":4}]])
[0m[0;32m[2026-09-16 13:06:34.729][VERB] RETURN: {"result":"$445"}
[0m[0;32m[2026-09-16 13:06:34.729][VERB] COMMANDCALL: _C.SafeAPI.Execute(["v1.sketch.circle",[{"radius":2.7,"id":445,"genFixation":0,"centerPos":[52.4,24.6,0]}]])
[0m[0;32m[2026-09-16 13:06:34.730][VERB] RETURN: {"result":"$451"}
[0m[0;32m[2026-09-16 13:06:34.731][VERB] COMMANDCALL: _C.SafeAPI.Execute(["v1.sketch.getPoints",[{"id":451}]])
[0m[0;32m[2026-09-16 13:06:34.731][VERB] RETURN: {"result":{"centerId":"$452"}}
[0m[0;32m[2026-09-16 13:06:34.731][VERB] COMMANDCALL: _C.SafeAPI.Execute(["v1.sketch.point",[{"pos":[-1000,-1000,0],"id":445}]])
[0m[0;32m[2026-09-16 13:06:34.732][VERB] RETURN: {"result":"$454"}
[0m[0;32m[2026-09-16 13:06:34.732][VERB] COMMANDCALL: _C.SafeAPI.Execute(["v1.sketch.constraint",[{"type":"FIXATION","id":445,"geomIds":[454]}]])
[0m[0;32m[2026-09-16 13:06:34.733][VERB] RETURN: {"result":"$456"}
[0m[0;32m[2026-09-16 13:06:34.733][VERB] COMMANDCALL: _C.SafeAPI.Execute(["v1.sketch.dimension",[{"type":"HORIZONTAL_DISTANCE","value":"@expr.d37_position_x","name":"position_x","id":445,"geomIds":[454,452]}]])
[0m[0;32m[2026-09-16 13:06:34.737][VERB] RETURN: {"result":"$460"}
[0m[0;32m[2026-09-16 13:06:34.737][VERB] COMMANDCALL: _C.SafeAPI.Execute(["v1.sketch.dimension",[{"type":"VERTICAL_DISTANCE","value":"@expr.d38_position_y","name":"position_y","id":445,"geomIds":[454,452]}]])
[0m[0;32m[2026-09-16 13:06:34.743][VERB] RETURN: {"result":"$464"}
[0m[0;32m[2026-09-16 13:06:34.743][VERB] COMMANDCALL: _C.SafeAPI.Execute(["v1.sketch.dimension",[{"type":"RADIUS","value":"@expr.d39_radius","name":"radius","id":445,"geomIds":[451]}]])
[0m[0;32m[2026-09-16 13:06:34.748][VERB] RETURN: {"result":"$468"}
[0m[0;32m[2026-09-16 13:06:34.749][VERB] COMMANDCALL: _C.SafeAPI.Execute(["v1.part.extrusion",[{"references":[451],"name":"F35_makeCylinder_cad_primitives_py_12","taperAngle":0,"limit2":"@expr.d40_height","id":4}]])
[0m[0;32m[2026-09-16 13:06:34.753][VERB] RETURN: {"result":"$472"}
[0m[0;32m[2026-09-16 13:06:34.754][VERB] COMMANDCALL: _C.SafeAPI.Execute(["v1.part.workPlane",[{"type":"PLANE","references":[38],"name":"F41_makeBox_cad_primitives_py_8_plane","offset":"@expr.d42_plane_offset","id":4}]])
[0m[0;32m[2026-09-16 13:06:34.757][VERB] RETURN: {"result":"$494"}
[0m[0;32m[2026-09-16 13:06:34.757][VERB] COMMANDCALL: _C.SafeAPI.Execute(["v1.sketch.create",[{"planeId":494,"name":"F41_makeBox_cad_primitives_py_8_profile","id":4}]])
[0m[0;32m[2026-09-16 13:06:34.759][VERB] RETURN: {"result":"$500"}
[0m[0;32m[2026-09-16 13:06:34.759][VERB] COMMANDCALL: _C.SafeAPI.Execute(["v1.sketch.rectangle",[{"startPos":[1.4,20.1,0],"id":500,"genFixation":0,"endPos":[56.4,65.9,0]}]])
[0m[0;32m[2026-09-16 13:06:34.766][VERB] RETURN: {"result":["$506","$510","$516","$522"]}
[0m[0;32m[2026-09-16 13:06:34.766][VERB] COMMANDCALL: _C.SafeAPI.Execute(["v1.sketch.getPoints",[{"id":506}]])
[0m[0;32m[2026-09-16 13:06:34.766][VERB] RETURN: {"result":{"endId":"$508","startId":"$507"}}
[0m[0;32m[2026-09-16 13:06:34.766][VERB] COMMANDCALL: _C.SafeAPI.Execute(["v1.sketch.point",[{"pos":[-1000,-1000,0],"id":500}]])
[0m[0;32m[2026-09-16 13:06:34.768][VERB] RETURN: {"result":"$538"}
[0m[0;32m[2026-09-16 13:06:34.768][VERB] COMMANDCALL: _C.SafeAPI.Execute(["v1.sketch.constraint",[{"type":"FIXATION","id":500,"geomIds":[538]}]])
[0m[0;32m[2026-09-16 13:06:34.770][VERB] RETURN: {"result":"$540"}
[0m[0;32m[2026-09-16 13:06:34.770][VERB] COMMANDCALL: _C.SafeAPI.Execute(["v1.sketch.dimension",[{"type":"HORIZONTAL_DISTANCE","value":"@expr.d43_position_x","name":"position_x","id":500,"geomIds":[538,507]}]])
[0m[0;32m[2026-09-16 13:06:34.775][VERB] RETURN: {"result":"$544"}
[0m[0;32m[2026-09-16 13:06:34.775][VERB] COMMANDCALL: _C.SafeAPI.Execute(["v1.sketch.dimension",[{"type":"VERTICAL_DISTANCE","value":"@expr.d44_position_y","name":"position_y","id":500,"geomIds":[538,507]}]])
[0m[0;32m[2026-09-16 13:06:34.781][VERB] RETURN: {"result":"$548"}
[0m[0;32m[2026-09-16 13:06:34.781][VERB] COMMANDCALL: _C.SafeAPI.Execute(["v1.sketch.dimension",[{"type":"OFFSET","value":"@expr.d45_width","name":"width","id":500,"geomIds":[506]}]])
[0m[0;32m[2026-09-16 13:06:34.788][VERB] RETURN: {"result":"$552"}
[0m[0;32m[2026-09-16 13:06:34.788][VERB] COMMANDCALL: _C.SafeAPI.Execute(["v1.sketch.dimension",[{"type":"OFFSET","value":"@expr.d46_depth","name":"depth","id":500,"geomIds":[510]}]])
[0m[0;32m[2026-09-16 13:06:34.796][VERB] RETURN: {"result":"$556"}
[0m[0;32m[2026-09-16 13:06:34.796][VERB] COMMANDCALL: _C.SafeAPI.Execute(["v1.part.extrusion",[{"references":[506,510,516,522],"name":"F41_makeBox_cad_primitives_py_8","taperAngle":0,"limit2":"@expr.d47_height","id":4}]])
[0m[0;32m[2026-09-16 13:06:34.801][VERB] RETURN: {"result":"$560"}
[0m[0;32m[2026-09-16 13:06:34.801][VERB] COMMANDCALL: _C.SafeAPI.Execute(["v1.part.workPlane",[{"type":"PLANE","references":[38],"name":"F48_makeBox_cad_primitives_py_8_plane","offset":"@expr.d49_plane_offset","id":4}]])
[0m[0;32m[2026-09-16 13:06:34.805][VERB] RETURN: {"result":"$603"}
[0m[0;32m[2026-09-16 13:06:34.805][VERB] COMMANDCALL: _C.SafeAPI.Execute(["v1.sketch.create",[{"planeId":603,"name":"F48_makeBox_cad_primitives_py_8_profile","id":4}]])
[0m[0;32m[2026-09-16 13:06:34.807][VERB] RETURN: {"result":"$609"}
[0m[0;32m[2026-09-16 13:06:34.807][VERB] COMMANDCALL: _C.SafeAPI.Execute(["v1.sketch.rectangle",[{"startPos":[-1.3,22.8,0],"id":609,"genFixation":0,"endPos":[59.1,63.2,0]}]])
[0m[0;32m[2026-09-16 13:06:34.814][VERB] RETURN: {"result":["$615","$619","$625","$631"]}
[0m[0;32m[2026-09-16 13:06:34.814][VERB] COMMANDCALL: _C.SafeAPI.Execute(["v1.sketch.getPoints",[{"id":615}]])
[0m[0;32m[2026-09-16 13:06:34.814][VERB] RETURN: {"result":{"endId":"$617","startId":"$616"}}
[0m[0;32m[2026-09-16 13:06:34.814][VERB] COMMANDCALL: _C.SafeAPI.Execute(["v1.sketch.point",[{"pos":[-1000,-1000,0],"id":609}]])
[0m[0;32m[2026-09-16 13:06:34.816][VERB] RETURN: {"result":"$647"}
[0m[0;32m[2026-09-16 13:06:34.816][VERB] COMMANDCALL: _C.SafeAPI.Execute(["v1.sketch.constraint",[{"type":"FIXATION","id":609,"geomIds":[647]}]])
[0m[0;32m[2026-09-16 13:06:34.818][VERB] RETURN: {"result":"$649"}
[0m[0;32m[2026-09-16 13:06:34.818][VERB] COMMANDCALL: _C.SafeAPI.Execute(["v1.sketch.dimension",[{"type":"HORIZONTAL_DISTANCE","value":"@expr.d50_position_x","name":"position_x","id":609,"geomIds":[647,616]}]])
[0m[0;32m[2026-09-16 13:06:34.823][VERB] RETURN: {"result":"$653"}
[0m[0;32m[2026-09-16 13:06:34.823][VERB] COMMANDCALL: _C.SafeAPI.Execute(["v1.sketch.dimension",[{"type":"VERTICAL_DISTANCE","value":"@expr.d51_position_y","name":"position_y","id":609,"geomIds":[647,616]}]])
[0m[0;32m[2026-09-16 13:06:34.829][VERB] RETURN: {"result":"$657"}
[0m[0;32m[2026-09-16 13:06:34.829][VERB] COMMANDCALL: _C.SafeAPI.Execute(["v1.sketch.dimension",[{"type":"OFFSET","value":"@expr.d52_width","name":"width","id":609,"geomIds":[615]}]])
[0m[0;32m[2026-09-16 13:06:34.836][VERB] RETURN: {"result":"$661"}
[0m[0;32m[2026-09-16 13:06:34.836][VERB] COMMANDCALL: _C.SafeAPI.Execute(["v1.sketch.dimension",[{"type":"OFFSET","value":"@expr.d53_depth","name":"depth","id":609,"geomIds":[619]}]])
[0m[0;32m[2026-09-16 13:06:34.844][VERB] RETURN: {"result":"$665"}
[0m[0;32m[2026-09-16 13:06:34.844][VERB] COMMANDCALL: _C.SafeAPI.Execute(["v1.part.extrusion",[{"references":[615,619,625,631],"name":"F48_makeBox_cad_primitives_py_8","taperAngle":0,"limit2":"@expr.d54_height","id":4}]])
[0m[0;32m[2026-09-16 13:06:34.849][VERB] RETURN: {"result":"$669"}
[0m[0;32m[2026-09-16 13:06:34.849][VERB] COMMANDCALL: _C.SafeAPI.Execute(["v1.part.workPlane",[{"type":"PLANE","references":[38],"name":"F55_makeCylinder_cad_primitives_py_12_plane","offset":"@expr.d56_plane_offset","id":4}]])
[0m[0;32m[2026-09-16 13:06:34.852][VERB] RETURN: {"result":"$712"}
[0m[0;32m[2026-09-16 13:06:34.852][VERB] COMMANDCALL: _C.SafeAPI.Execute(["v1.sketch.create",[{"planeId":712,"name":"F55_makeCylinder_cad_primitives_py_12_profile","id":4}]])
[0m[0;32m[2026-09-16 13:06:34.854][VERB] RETURN: {"result":"$718"}
[0m[0;32m[2026-09-16 13:06:34.854][VERB] COMMANDCALL: _C.SafeAPI.Execute(["v1.sketch.circle",[{"radius":2.7,"id":718,"genFixation":0,"centerPos":[1.4,22.8,0]}]])
[0m[0;32m[2026-09-16 13:06:34.855][VERB] RETURN: {"result":"$724"}
[0m[0;32m[2026-09-16 13:06:34.856][VERB] COMMANDCALL: _C.SafeAPI.Execute(["v1.sketch.getPoints",[{"id":724}]])
[0m[0;32m[2026-09-16 13:06:34.856][VERB] RETURN: {"result":{"centerId":"$725"}}
[0m[0;32m[2026-09-16 13:06:34.856][VERB] COMMANDCALL: _C.SafeAPI.Execute(["v1.sketch.point",[{"pos":[-1000,-1000,0],"id":718}]])
[0m[0;32m[2026-09-16 13:06:34.857][VERB] RETURN: {"result":"$727"}
[0m[0;32m[2026-09-16 13:06:34.857][VERB] COMMANDCALL: _C.SafeAPI.Execute(["v1.sketch.constraint",[{"type":"FIXATION","id":718,"geomIds":[727]}]])
[0m[0;32m[2026-09-16 13:06:34.858][VERB] RETURN: {"result":"$729"}
[0m[0;32m[2026-09-16 13:06:34.858][VERB] COMMANDCALL: _C.SafeAPI.Execute(["v1.sketch.dimension",[{"type":"HORIZONTAL_DISTANCE","value":"@expr.d57_position_x","name":"position_x","id":718,"geomIds":[727,725]}]])
[0m[0;32m[2026-09-16 13:06:34.862][VERB] RETURN: {"result":"$733"}
[0m[0;32m[2026-09-16 13:06:34.862][VERB] COMMANDCALL: _C.SafeAPI.Execute(["v1.sketch.dimension",[{"type":"VERTICAL_DISTANCE","value":"@expr.d58_position_y","name":"position_y","id":718,"geomIds":[727,725]}]])
[0m[0;32m[2026-09-16 13:06:34.867][VERB] RETURN: {"result":"$737"}
[0m[0;32m[2026-09-16 13:06:34.867][VERB] COMMANDCALL: _C.SafeAPI.Execute(["v1.sketch.dimension",[{"type":"RADIUS","value":"@expr.d59_radius","name":"radius","id":718,"geomIds":[724]}]])
[0m[0;32m[2026-09-16 13:06:34.871][VERB] RETURN: {"result":"$741"}
[0m[0;32m[2026-09-16 13:06:34.872][VERB] COMMANDCALL: _C.SafeAPI.Execute(["v1.part.extrusion",[{"references":[724],"name":"F55_makeCylinder_cad_primitives_py_12","taperAngle":0,"limit2":"@expr.d60_height","id":4}]])
[0m[0;32m[2026-09-16 13:06:34.877][VERB] RETURN: {"result":"$745"}
[0m[0;32m[2026-09-16 13:06:34.877][VERB] COMMANDCALL: _C.SafeAPI.Execute(["v1.part.workPlane",[{"type":"PLANE","references":[38],"name":"F61_makeCylinder_cad_primitives_py_12_plane","offset":"@expr.d62_plane_offset","id":4}]])
[0m[0;32m[2026-09-16 13:06:34.880][VERB] RETURN: {"result":"$767"}
[0m[0;32m[2026-09-16 13:06:34.880][VERB] COMMANDCALL: _C.SafeAPI.Execute(["v1.sketch.create",[{"planeId":767,"name":"F61_makeCylinder_cad_primitives_py_12_profile","id":4}]])
[0m[0;32m[2026-09-16 13:06:34.882][VERB] RETURN: {"result":"$773"}
[0m[0;32m[2026-09-16 13:06:34.882][VERB] COMMANDCALL: _C.SafeAPI.Execute(["v1.sketch.circle",[{"radius":2.7,"id":773,"genFixation":0,"centerPos":[1.4,63.2,0]}]])
[0m[0;32m[2026-09-16 13:06:34.883][VERB] RETURN: {"result":"$779"}
[0m[0;32m[2026-09-16 13:06:34.883][VERB] COMMANDCALL: _C.SafeAPI.Execute(["v1.sketch.getPoints",[{"id":779}]])
[0m[0;32m[2026-09-16 13:06:34.884][VERB] RETURN: {"result":{"centerId":"$780"}}
[0m[0;32m[2026-09-16 13:06:34.884][VERB] COMMANDCALL: _C.SafeAPI.Execute(["v1.sketch.point",[{"pos":[-1000,-1000,0],"id":773}]])
[0m[0;32m[2026-09-16 13:06:34.885][VERB] RETURN: {"result":"$782"}
[0m[0;32m[2026-09-16 13:06:34.885][VERB] COMMANDCALL: _C.SafeAPI.Execute(["v1.sketch.constraint",[{"type":"FIXATION","id":773,"geomIds":[782]}]])
[0m[0;32m[2026-09-16 13:06:34.886][VERB] RETURN: {"result":"$784"}
[0m[0;32m[2026-09-16 13:06:34.886][VERB] COMMANDCALL: _C.SafeAPI.Execute(["v1.sketch.dimension",[{"type":"HORIZONTAL_DISTANCE","value":"@expr.d63_position_x","name":"position_x","id":773,"geomIds":[782,780]}]])
[0m[0;32m[2026-09-16 13:06:34.890][VERB] RETURN: {"result":"$788"}
[0m[0;32m[2026-09-16 13:06:34.890][VERB] COMMANDCALL: _C.SafeAPI.Execute(["v1.sketch.dimension",[{"type":"VERTICAL_DISTANCE","value":"@expr.d64_position_y","name":"position_y","id":773,"geomIds":[782,780]}]])
[0m[0;32m[2026-09-16 13:06:34.895][VERB] RETURN: {"result":"$792"}
[0m[0;32m[2026-09-16 13:06:34.895][VERB] COMMANDCALL: _C.SafeAPI.Execute(["v1.sketch.dimension",[{"type":"RADIUS","value":"@expr.d65_radius","name":"radius","id":773,"geomIds":[779]}]])
[0m[0;32m[2026-09-16 13:06:34.899][VERB] RETURN: {"result":"$796"}
[0m[0;32m[2026-09-16 13:06:34.900][VERB] COMMANDCALL: _C.SafeAPI.Execute(["v1.part.extrusion",[{"references":[779],"name":"F61_makeCylinder_cad_primitives_py_12","taperAngle":0,"limit2":"@expr.d66_height","id":4}]])
[0m[0;32m[2026-09-16 13:06:34.905][VERB] RETURN: {"result":"$800"}
[0m[0;32m[2026-09-16 13:06:34.905][VERB] COMMANDCALL: _C.SafeAPI.Execute(["v1.part.workPlane",[{"type":"PLANE","references":[38],"name":"F67_makeCylinder_cad_primitives_py_12_plane","offset":"@expr.d68_plane_offset","id":4}]])
[0m[0;32m[2026-09-16 13:06:34.908][VERB] RETURN: {"result":"$822"}
[0m[0;32m[2026-09-16 13:06:34.908][VERB] COMMANDCALL: _C.SafeAPI.Execute(["v1.sketch.create",[{"planeId":822,"name":"F67_makeCylinder_cad_primitives_py_12_profile","id":4}]])
[0m[0;32m[2026-09-16 13:06:34.910][VERB] RETURN: {"result":"$828"}
[0m[0;32m[2026-09-16 13:06:34.910][VERB] COMMANDCALL: _C.SafeAPI.Execute(["v1.sketch.circle",[{"radius":2.7,"id":828,"genFixation":0,"centerPos":[56.4,22.8,0]}]])
[0m[0;32m[2026-09-16 13:06:34.911][VERB] RETURN: {"result":"$834"}
[0m[0;32m[2026-09-16 13:06:34.911][VERB] COMMANDCALL: _C.SafeAPI.Execute(["v1.sketch.getPoints",[{"id":834}]])
[0m[0;32m[2026-09-16 13:06:34.912][VERB] RETURN: {"result":{"centerId":"$835"}}
[0m[0;32m[2026-09-16 13:06:34.912][VERB] COMMANDCALL: _C.SafeAPI.Execute(["v1.sketch.point",[{"pos":[-1000,-1000,0],"id":828}]])
[0m[0;32m[2026-09-16 13:06:34.913][VERB] RETURN: {"result":"$837"}
[0m[0;32m[2026-09-16 13:06:34.913][VERB] COMMANDCALL: _C.SafeAPI.Execute(["v1.sketch.constraint",[{"type":"FIXATION","id":828,"geomIds":[837]}]])
[0m[0;32m[2026-09-16 13:06:34.914][VERB] RETURN: {"result":"$839"}
[0m[0;32m[2026-09-16 13:06:34.914][VERB] COMMANDCALL: _C.SafeAPI.Execute(["v1.sketch.dimension",[{"type":"HORIZONTAL_DISTANCE","value":"@expr.d69_position_x","name":"position_x","id":828,"geomIds":[837,835]}]])
[0m[0;32m[2026-09-16 13:06:34.918][VERB] RETURN: {"result":"$843"}
[0m[0;32m[2026-09-16 13:06:34.918][VERB] COMMANDCALL: _C.SafeAPI.Execute(["v1.sketch.dimension",[{"type":"VERTICAL_DISTANCE","value":"@expr.d70_position_y","name":"position_y","id":828,"geomIds":[837,835]}]])
[0m[0;32m[2026-09-16 13:06:34.922][VERB] RETURN: {"result":"$847"}
[0m[0;32m[2026-09-16 13:06:34.923][VERB] COMMANDCALL: _C.SafeAPI.Execute(["v1.sketch.dimension",[{"type":"RADIUS","value":"@expr.d71_radius","name":"radius","id":828,"geomIds":[834]}]])
[0m[0;32m[2026-09-16 13:06:34.927][VERB] RETURN: {"result":"$851"}
[0m[0;32m[2026-09-16 13:06:34.928][VERB] COMMANDCALL: _C.SafeAPI.Execute(["v1.part.extrusion",[{"references":[834],"name":"F67_makeCylinder_cad_primitives_py_12","taperAngle":0,"limit2":"@expr.d72_height","id":4}]])
[0m[0;32m[2026-09-16 13:06:34.932][VERB] RETURN: {"result":"$855"}
[0m[0;32m[2026-09-16 13:06:34.932][VERB] COMMANDCALL: _C.SafeAPI.Execute(["v1.part.workPlane",[{"type":"PLANE","references":[38],"name":"F73_makeCylinder_cad_primitives_py_12_plane","offset":"@expr.d74_plane_offset","id":4}]])
[0m[0;32m[2026-09-16 13:06:34.935][VERB] RETURN: {"result":"$877"}
[0m[0;32m[2026-09-16 13:06:34.936][VERB] COMMANDCALL: _C.SafeAPI.Execute(["v1.sketch.create",[{"planeId":877,"name":"F73_makeCylinder_cad_primitives_py_12_profile","id":4}]])
[0m[0;32m[2026-09-16 13:06:34.938][VERB] RETURN: {"result":"$883"}
[0m[0;32m[2026-09-16 13:06:34.938][VERB] COMMANDCALL: _C.SafeAPI.Execute(["v1.sketch.circle",[{"radius":2.7,"id":883,"genFixation":0,"centerPos":[56.4,63.2,0]}]])
[0m[0;32m[2026-09-16 13:06:34.939][VERB] RETURN: {"result":"$889"}
[0m[0;32m[2026-09-16 13:06:34.939][VERB] COMMANDCALL: _C.SafeAPI.Execute(["v1.sketch.getPoints",[{"id":889}]])
[0m[0;32m[2026-09-16 13:06:34.939][VERB] RETURN: {"result":{"centerId":"$890"}}
[0m[0;32m[2026-09-16 13:06:34.939][VERB] COMMANDCALL: _C.SafeAPI.Execute(["v1.sketch.point",[{"pos":[-1000,-1000,0],"id":883}]])
[0m[0;32m[2026-09-16 13:06:34.940][VERB] RETURN: {"result":"$892"}
[0m[0;32m[2026-09-16 13:06:34.940][VERB] COMMANDCALL: _C.SafeAPI.Execute(["v1.sketch.constraint",[{"type":"FIXATION","id":883,"geomIds":[892]}]])
[0m[0;32m[2026-09-16 13:06:34.941][VERB] RETURN: {"result":"$894"}
[0m[0;32m[2026-09-16 13:06:34.941][VERB] COMMANDCALL: _C.SafeAPI.Execute(["v1.sketch.dimension",[{"type":"HORIZONTAL_DISTANCE","value":"@expr.d75_position_x","name":"position_x","id":883,"geomIds":[892,890]}]])
[0m[0;32m[2026-09-16 13:06:34.945][VERB] RETURN: {"result":"$898"}
[0m[0;32m[2026-09-16 13:06:34.945][VERB] COMMANDCALL: _C.SafeAPI.Execute(["v1.sketch.dimension",[{"type":"VERTICAL_DISTANCE","value":"@expr.d76_position_y","name":"position_y","id":883,"geomIds":[892,890]}]])
[0m[0;32m[2026-09-16 13:06:34.950][VERB] RETURN: {"result":"$902"}
[0m[0;32m[2026-09-16 13:06:34.950][VERB] COMMANDCALL: _C.SafeAPI.Execute(["v1.sketch.dimension",[{"type":"RADIUS","value":"@expr.d77_radius","name":"radius","id":883,"geomIds":[889]}]])
[0m[0;32m[2026-09-16 13:06:34.955][VERB] RETURN: {"result":"$906"}
[0m[0;32m[2026-09-16 13:06:34.956][VERB] COMMANDCALL: _C.SafeAPI.Execute(["v1.part.extrusion",[{"references":[889],"name":"F73_makeCylinder_cad_primitives_py_12","taperAngle":0,"limit2":"@expr.d78_height","id":4}]])
[0m[0;32m[2026-09-16 13:06:34.961][VERB] RETURN: {"result":"$910"}
[0m[0;32m[2026-09-16 13:06:34.961][VERB] COMMANDCALL: _C.SafeAPI.Execute(["v1.part.workPlane",[{"type":"PLANE","references":[38],"name":"F79_makeBox_cad_primitives_py_8_plane","offset":"@expr.d80_plane_offset","id":4}]])
[0m[0;32m[2026-09-16 13:06:34.964][VERB] RETURN: {"result":"$932"}
[0m[0;32m[2026-09-16 13:06:34.964][VERB] COMMANDCALL: _C.SafeAPI.Execute(["v1.sketch.create",[{"planeId":932,"name":"F79_makeBox_cad_primitives_py_8_profile","id":4}]])
[0m[0;32m[2026-09-16 13:06:34.966][VERB] RETURN: {"result":"$938"}
[0m[0;32m[2026-09-16 13:06:34.966][VERB] COMMANDCALL: _C.SafeAPI.Execute(["v1.sketch.rectangle",[{"startPos":[48.8,-1.3,0],"id":938,"genFixation":0,"endPos":[89.8,40.8,0]}]])
[0m[0;32m[2026-09-16 13:06:34.973][VERB] RETURN: {"result":["$944","$948","$954","$960"]}
[0m[0;32m[2026-09-16 13:06:34.973][VERB] COMMANDCALL: _C.SafeAPI.Execute(["v1.sketch.getPoints",[{"id":944}]])
[0m[0;32m[2026-09-16 13:06:34.973][VERB] RETURN: {"result":{"endId":"$946","startId":"$945"}}
[0m[0;32m[2026-09-16 13:06:34.973][VERB] COMMANDCALL: _C.SafeAPI.Execute(["v1.sketch.point",[{"pos":[-1000,-1000,0],"id":938}]])
[0m[0;32m[2026-09-16 13:06:34.975][VERB] RETURN: {"result":"$976"}
[0m[0;32m[2026-09-16 13:06:34.975][VERB] COMMANDCALL: _C.SafeAPI.Execute(["v1.sketch.constraint",[{"type":"FIXATION","id":938,"geomIds":[976]}]])
[0m[0;32m[2026-09-16 13:06:34.977][VERB] RETURN: {"result":"$978"}
[0m[0;32m[2026-09-16 13:06:34.977][VERB] COMMANDCALL: _C.SafeAPI.Execute(["v1.sketch.dimension",[{"type":"HORIZONTAL_DISTANCE","value":"@expr.d81_position_x","name":"position_x","id":938,"geomIds":[976,945]}]])
[0m[0;32m[2026-09-16 13:06:34.982][VERB] RETURN: {"result":"$982"}
[0m[0;32m[2026-09-16 13:06:34.982][VERB] COMMANDCALL: _C.SafeAPI.Execute(["v1.sketch.dimension",[{"type":"VERTICAL_DISTANCE","value":"@expr.d82_position_y","name":"position_y","id":938,"geomIds":[976,945]}]])
[0m[0;32m[2026-09-16 13:06:34.987][VERB] RETURN: {"result":"$986"}
[0m[0;32m[2026-09-16 13:06:34.988][VERB] COMMANDCALL: _C.SafeAPI.Execute(["v1.sketch.dimension",[{"type":"OFFSET","value":"@expr.d83_width","name":"width","id":938,"geomIds":[944]}]])
[0m[0;32m[2026-09-16 13:06:34.994][VERB] RETURN: {"result":"$990"}
[0m[0;32m[2026-09-16 13:06:34.994][VERB] COMMANDCALL: _C.SafeAPI.Execute(["v1.sketch.dimension",[{"type":"OFFSET","value":"@expr.d84_depth","name":"depth","id":938,"geomIds":[948]}]])
[0m[0;32m[2026-09-16 13:06:35.001][VERB] RETURN: {"result":"$994"}
[0m[0;32m[2026-09-16 13:06:35.002][VERB] COMMANDCALL: _C.SafeAPI.Execute(["v1.part.extrusion",[{"references":[944,948,954,960],"name":"F79_makeBox_cad_primitives_py_8","taperAngle":0,"limit2":"@expr.d85_height","id":4}]])
[0m[0;32m[2026-09-16 13:06:35.006][VERB] RETURN: {"result":"$998"}
[0m[0;32m[2026-09-16 13:06:35.006][VERB] COMMANDCALL: _C.SafeAPI.Execute(["v1.part.workPlane",[{"type":"PLANE","references":[38],"name":"F86_makeBox_cad_primitives_py_8_plane","offset":"@expr.d87_plane_offset","id":4}]])
[0m[0;32m[2026-09-16 13:06:35.009][VERB] RETURN: {"result":"$1041"}
[0m[0;32m[2026-09-16 13:06:35.010][VERB] COMMANDCALL: _C.SafeAPI.Execute(["v1.sketch.create",[{"planeId":1041,"name":"F86_makeBox_cad_primitives_py_8_profile","id":4}]])
[0m[0;32m[2026-09-16 13:06:35.012][VERB] RETURN: {"result":"$1047"}
[0m[0;32m[2026-09-16 13:06:35.012][VERB] COMMANDCALL: _C.SafeAPI.Execute(["v1.sketch.rectangle",[{"startPos":[46.1,1.4,0],"id":1047,"genFixation":0,"endPos":[92.5,38.1,0]}]])
[0m[0;32m[2026-09-16 13:06:35.018][VERB] RETURN: {"result":["$1053","$1057","$1063","$1069"]}
[0m[0;32m[2026-09-16 13:06:35.018][VERB] COMMANDCALL: _C.SafeAPI.Execute(["v1.sketch.getPoints",[{"id":1053}]])
[0m[0;32m[2026-09-16 13:06:35.018][VERB] RETURN: {"result":{"endId":"$1055","startId":"$1054"}}
[0m[0;32m[2026-09-16 13:06:35.019][VERB] COMMANDCALL: _C.SafeAPI.Execute(["v1.sketch.point",[{"pos":[-1000,-1000,0],"id":1047}]])
[0m[0;32m[2026-09-16 13:06:35.020][VERB] RETURN: {"result":"$1085"}
[0m[0;32m[2026-09-16 13:06:35.020][VERB] COMMANDCALL: _C.SafeAPI.Execute(["v1.sketch.constraint",[{"type":"FIXATION","id":1047,"geomIds":[1085]}]])
[0m[0;32m[2026-09-16 13:06:35.022][VERB] RETURN: {"result":"$1087"}
[0m[0;32m[2026-09-16 13:06:35.022][VERB] COMMANDCALL: _C.SafeAPI.Execute(["v1.sketch.dimension",[{"type":"HORIZONTAL_DISTANCE","value":"@expr.d88_position_x","name":"position_x","id":1047,"geomIds":[1085,1054]}]])
[0m[0;32m[2026-09-16 13:06:35.027][VERB] RETURN: {"result":"$1091"}
[0m[0;32m[2026-09-16 13:06:35.027][VERB] COMMANDCALL: _C.SafeAPI.Execute(["v1.sketch.dimension",[{"type":"VERTICAL_DISTANCE","value":"@expr.d89_position_y","name":"position_y","id":1047,"geomIds":[1085,1054]}]])
[0m[0;32m[2026-09-16 13:06:35.033][VERB] RETURN: {"result":"$1095"}
[0m[0;32m[2026-09-16 13:06:35.033][VERB] COMMANDCALL: _C.SafeAPI.Execute(["v1.sketch.dimension",[{"type":"OFFSET","value":"@expr.d90_width","name":"width","id":1047,"geomIds":[1053]}]])
[0m[0;32m[2026-09-16 13:06:35.039][VERB] RETURN: {"result":"$1099"}
[0m[0;32m[2026-09-16 13:06:35.039][VERB] COMMANDCALL: _C.SafeAPI.Execute(["v1.sketch.dimension",[{"type":"OFFSET","value":"@expr.d91_depth","name":"depth","id":1047,"geomIds":[1057]}]])
[0m[0;32m[2026-09-16 13:06:35.046][VERB] RETURN: {"result":"$1103"}
[0m[0;32m[2026-09-16 13:06:35.047][VERB] COMMANDCALL: _C.SafeAPI.Execute(["v1.part.extrusion",[{"references":[1053,1057,1063,1069],"name":"F86_makeBox_cad_primitives_py_8","taperAngle":0,"limit2":"@expr.d92_height","id":4}]])
[0m[0;32m[2026-09-16 13:06:35.051][VERB] RETURN: {"result":"$1107"}
[0m[0;32m[2026-09-16 13:06:35.051][VERB] COMMANDCALL: _C.SafeAPI.Execute(["v1.part.workPlane",[{"type":"PLANE","references":[38],"name":"F93_makeCylinder_cad_primitives_py_12_plane","offset":"@expr.d94_plane_offset","id":4}]])
[0m[0;32m[2026-09-16 13:06:35.055][VERB] RETURN: {"result":"$1150"}
[0m[0;32m[2026-09-16 13:06:35.055][VERB] COMMANDCALL: _C.SafeAPI.Execute(["v1.sketch.create",[{"planeId":1150,"name":"F93_makeCylinder_cad_primitives_py_12_profile","id":4}]])
[0m[0;32m[2026-09-16 13:06:35.057][VERB] RETURN: {"result":"$1156"}
[0m[0;32m[2026-09-16 13:06:35.057][VERB] COMMANDCALL: _C.SafeAPI.Execute(["v1.sketch.circle",[{"radius":2.7,"id":1156,"genFixation":0,"centerPos":[48.8,1.4,0]}]])
[0m[0;32m[2026-09-16 13:06:35.058][VERB] RETURN: {"result":"$1162"}
[0m[0;32m[2026-09-16 13:06:35.058][VERB] COMMANDCALL: _C.SafeAPI.Execute(["v1.sketch.getPoints",[{"id":1162}]])
[0m[0;32m[2026-09-16 13:06:35.058][VERB] RETURN: {"result":{"centerId":"$1163"}}
[0m[0;32m[2026-09-16 13:06:35.058][VERB] COMMANDCALL: _C.SafeAPI.Execute(["v1.sketch.point",[{"pos":[-1000,-1000,0],"id":1156}]])
[0m[0;32m[2026-09-16 13:06:35.059][VERB] RETURN: {"result":"$1165"}
[0m[0;32m[2026-09-16 13:06:35.059][VERB] COMMANDCALL: _C.SafeAPI.Execute(["v1.sketch.constraint",[{"type":"FIXATION","id":1156,"geomIds":[1165]}]])
[0m[0;32m[2026-09-16 13:06:35.060][VERB] RETURN: {"result":"$1167"}
[0m[0;32m[2026-09-16 13:06:35.060][VERB] COMMANDCALL: _C.SafeAPI.Execute(["v1.sketch.dimension",[{"type":"HORIZONTAL_DISTANCE","value":"@expr.d95_position_x","name":"position_x","id":1156,"geomIds":[1165,1163]}]])
[0m[0;32m[2026-09-16 13:06:35.064][VERB] RETURN: {"result":"$1171"}
[0m[0;32m[2026-09-16 13:06:35.065][VERB] COMMANDCALL: _C.SafeAPI.Execute(["v1.sketch.dimension",[{"type":"VERTICAL_DISTANCE","value":"@expr.d96_position_y","name":"position_y","id":1156,"geomIds":[1165,1163]}]])
[0m[0;32m[2026-09-16 13:06:35.069][VERB] RETURN: {"result":"$1175"}
[0m[0;32m[2026-09-16 13:06:35.069][VERB] COMMANDCALL: _C.SafeAPI.Execute(["v1.sketch.dimension",[{"type":"RADIUS","value":"@expr.d97_radius","name":"radius","id":1156,"geomIds":[1162]}]])
[0m[0;32m[2026-09-16 13:06:35.074][VERB] RETURN: {"result":"$1179"}
[0m[0;32m[2026-09-16 13:06:35.074][VERB] COMMANDCALL: _C.SafeAPI.Execute(["v1.part.extrusion",[{"references":[1162],"name":"F93_makeCylinder_cad_primitives_py_12","taperAngle":0,"limit2":"@expr.d98_height","id":4}]])
[0m[0;32m[2026-09-16 13:06:35.079][VERB] RETURN: {"result":"$1183"}
[0m[0;32m[2026-09-16 13:06:35.079][VERB] COMMANDCALL: _C.SafeAPI.Execute(["v1.part.workPlane",[{"type":"PLANE","references":[38],"name":"F99_makeCylinder_cad_primitives_py_12_plane","offset":"@expr.d100_plane_offset","id":4}]])
[0m[0;32m[2026-09-16 13:06:35.082][VERB] RETURN: {"result":"$1205"}
[0m[0;32m[2026-09-16 13:06:35.083][VERB] COMMANDCALL: _C.SafeAPI.Execute(["v1.sketch.create",[{"planeId":1205,"name":"F99_makeCylinder_cad_primitives_py_12_profile","id":4}]])
[0m[0;32m[2026-09-16 13:06:35.085][VERB] RETURN: {"result":"$1211"}
[0m[0;32m[2026-09-16 13:06:35.085][VERB] COMMANDCALL: _C.SafeAPI.Execute(["v1.sketch.circle",[{"radius":2.7,"id":1211,"genFixation":0,"centerPos":[48.8,38.1,0]}]])
[0m[0;32m[2026-09-16 13:06:35.086][VERB] RETURN: {"result":"$1217"}
[0m[0;32m[2026-09-16 13:06:35.086][VERB] COMMANDCALL: _C.SafeAPI.Execute(["v1.sketch.getPoints",[{"id":1217}]])
[0m[0;32m[2026-09-16 13:06:35.086][VERB] RETURN: {"result":{"centerId":"$1218"}}
[0m[0;32m[2026-09-16 13:06:35.086][VERB] COMMANDCALL: _C.SafeAPI.Execute(["v1.sketch.point",[{"pos":[-1000,-1000,0],"id":1211}]])
[0m[0;32m[2026-09-16 13:06:35.087][VERB] RETURN: {"result":"$1220"}
[0m[0;32m[2026-09-16 13:06:35.087][VERB] COMMANDCALL: _C.SafeAPI.Execute(["v1.sketch.constraint",[{"type":"FIXATION","id":1211,"geomIds":[1220]}]])
[0m[0;32m[2026-09-16 13:06:35.088][VERB] RETURN: {"result":"$1222"}
[0m[0;32m[2026-09-16 13:06:35.088][VERB] COMMANDCALL: _C.SafeAPI.Execute(["v1.sketch.dimension",[{"type":"HORIZONTAL_DISTANCE","value":"@expr.d101_position_x","name":"position_x","id":1211,"geomIds":[1220,1218]}]])
[0m[0;32m[2026-09-16 13:06:35.092][VERB] RETURN: {"result":"$1226"}
[0m[0;32m[2026-09-16 13:06:35.092][VERB] COMMANDCALL: _C.SafeAPI.Execute(["v1.sketch.dimension",[{"type":"VERTICAL_DISTANCE","value":"@expr.d102_position_y","name":"position_y","id":1211,"geomIds":[1220,1218]}]])
[0m[0;32m[2026-09-16 13:06:35.097][VERB] RETURN: {"result":"$1230"}
[0m[0;32m[2026-09-16 13:06:35.097][VERB] COMMANDCALL: _C.SafeAPI.Execute(["v1.sketch.dimension",[{"type":"RADIUS","value":"@expr.d103_radius","name":"radius","id":1211,"geomIds":[1217]}]])
[0m[0;32m[2026-09-16 13:06:35.102][VERB] RETURN: {"result":"$1234"}
[0m[0;32m[2026-09-16 13:06:35.102][VERB] COMMANDCALL: _C.SafeAPI.Execute(["v1.part.extrusion",[{"references":[1217],"name":"F99_makeCylinder_cad_primitives_py_12","taperAngle":0,"limit2":"@expr.d104_height","id":4}]])
[0m[0;32m[2026-09-16 13:06:35.107][VERB] RETURN: {"result":"$1238"}
[0m[0;32m[2026-09-16 13:06:35.107][VERB] COMMANDCALL: _C.SafeAPI.Execute(["v1.part.workPlane",[{"type":"PLANE","references":[38],"name":"F105_makeCylinder_cad_primitives_py_12_plane","offset":"@expr.d106_plane_offset","id":4}]])
[0m[0;32m[2026-09-16 13:06:35.110][VERB] RETURN: {"result":"$1260"}
[0m[0;32m[2026-09-16 13:06:35.110][VERB] COMMANDCALL: _C.SafeAPI.Execute(["v1.sketch.create",[{"planeId":1260,"name":"F105_makeCylinder_cad_primitives_py_12_profile","id":4}]])
[0m[0;32m[2026-09-16 13:06:35.112][VERB] RETURN: {"result":"$1266"}
[0m[0;32m[2026-09-16 13:06:35.113][VERB] COMMANDCALL: _C.SafeAPI.Execute(["v1.sketch.circle",[{"radius":2.7,"id":1266,"genFixation":0,"centerPos":[89.8,1.4,0]}]])
[0m[0;32m[2026-09-16 13:06:35.114][VERB] RETURN: {"result":"$1272"}
[0m[0;32m[2026-09-16 13:06:35.114][VERB] COMMANDCALL: _C.SafeAPI.Execute(["v1.sketch.getPoints",[{"id":1272}]])
[0m[0;32m[2026-09-16 13:06:35.114][VERB] RETURN: {"result":{"centerId":"$1273"}}
[0m[0;32m[2026-09-16 13:06:35.114][VERB] COMMANDCALL: _C.SafeAPI.Execute(["v1.sketch.point",[{"pos":[-1000,-1000,0],"id":1266}]])
[0m[0;32m[2026-09-16 13:06:35.115][VERB] RETURN: {"result":"$1275"}
[0m[0;32m[2026-09-16 13:06:35.115][VERB] COMMANDCALL: _C.SafeAPI.Execute(["v1.sketch.constraint",[{"type":"FIXATION","id":1266,"geomIds":[1275]}]])
[0m[0;32m[2026-09-16 13:06:35.116][VERB] RETURN: {"result":"$1277"}
[0m[0;32m[2026-09-16 13:06:35.116][VERB] COMMANDCALL: _C.SafeAPI.Execute(["v1.sketch.dimension",[{"type":"HORIZONTAL_DISTANCE","value":"@expr.d107_position_x","name":"position_x","id":1266,"geomIds":[1275,1273]}]])
[0m[0;32m[2026-09-16 13:06:35.120][VERB] RETURN: {"result":"$1281"}
[0m[0;32m[2026-09-16 13:06:35.120][VERB] COMMANDCALL: _C.SafeAPI.Execute(["v1.sketch.dimension",[{"type":"VERTICAL_DISTANCE","value":"@expr.d108_position_y","name":"position_y","id":1266,"geomIds":[1275,1273]}]])
[0m[0;32m[2026-09-16 13:06:35.125][VERB] RETURN: {"result":"$1285"}
[0m[0;32m[2026-09-16 13:06:35.125][VERB] COMMANDCALL: _C.SafeAPI.Execute(["v1.sketch.dimension",[{"type":"RADIUS","value":"@expr.d109_radius","name":"radius","id":1266,"geomIds":[1272]}]])
[0m[0;32m[2026-09-16 13:06:35.129][VERB] RETURN: {"result":"$1289"}
[0m[0;32m[2026-09-16 13:06:35.130][VERB] COMMANDCALL: _C.SafeAPI.Execute(["v1.part.extrusion",[{"references":[1272],"name":"F105_makeCylinder_cad_primitives_py_12","taperAngle":0,"limit2":"@expr.d110_height","id":4}]])
[0m[0;32m[2026-09-16 13:06:35.134][VERB] RETURN: {"result":"$1293"}
[0m[0;32m[2026-09-16 13:06:35.134][VERB] COMMANDCALL: _C.SafeAPI.Execute(["v1.part.workPlane",[{"type":"PLANE","references":[38],"name":"F111_makeCylinder_cad_primitives_py_12_plane","offset":"@expr.d112_plane_offset","id":4}]])
[0m[0;32m[2026-09-16 13:06:35.138][VERB] RETURN: {"result":"$1315"}
[0m[0;32m[2026-09-16 13:06:35.138][VERB] COMMANDCALL: _C.SafeAPI.Execute(["v1.sketch.create",[{"planeId":1315,"name":"F111_makeCylinder_cad_primitives_py_12_profile","id":4}]])
[0m[0;32m[2026-09-16 13:06:35.140][VERB] RETURN: {"result":"$1321"}
[0m[0;32m[2026-09-16 13:06:35.140][VERB] COMMANDCALL: _C.SafeAPI.Execute(["v1.sketch.circle",[{"radius":2.7,"id":1321,"genFixation":0,"centerPos":[89.8,38.1,0]}]])
[0m[0;32m[2026-09-16 13:06:35.141][VERB] RETURN: {"result":"$1327"}
[0m[0;32m[2026-09-16 13:06:35.141][VERB] COMMANDCALL: _C.SafeAPI.Execute(["v1.sketch.getPoints",[{"id":1327}]])
[0m[0;32m[2026-09-16 13:06:35.141][VERB] RETURN: {"result":{"centerId":"$1328"}}
[0m[0;32m[2026-09-16 13:06:35.141][VERB] COMMANDCALL: _C.SafeAPI.Execute(["v1.sketch.point",[{"pos":[-1000,-1000,0],"id":1321}]])
[0m[0;32m[2026-09-16 13:06:35.142][VERB] RETURN: {"result":"$1330"}
[0m[0;32m[2026-09-16 13:06:35.142][VERB] COMMANDCALL: _C.SafeAPI.Execute(["v1.sketch.constraint",[{"type":"FIXATION","id":1321,"geomIds":[1330]}]])
[0m[0;32m[2026-09-16 13:06:35.143][VERB] RETURN: {"result":"$1332"}
[0m[0;32m[2026-09-16 13:06:35.143][VERB] COMMANDCALL: _C.SafeAPI.Execute(["v1.sketch.dimension",[{"type":"HORIZONTAL_DISTANCE","value":"@expr.d113_position_x","name":"position_x","id":1321,"geomIds":[1330,1328]}]])
[0m[0;32m[2026-09-16 13:06:35.147][VERB] RETURN: {"result":"$1336"}
[0m[0;32m[2026-09-16 13:06:35.147][VERB] COMMANDCALL: _C.SafeAPI.Execute(["v1.sketch.dimension",[{"type":"VERTICAL_DISTANCE","value":"@expr.d114_position_y","name":"position_y","id":1321,"geomIds":[1330,1328]}]])
[0m[0;32m[2026-09-16 13:06:35.152][VERB] RETURN: {"result":"$1340"}
[0m[0;32m[2026-09-16 13:06:35.152][VERB] COMMANDCALL: _C.SafeAPI.Execute(["v1.sketch.dimension",[{"type":"RADIUS","value":"@expr.d115_radius","name":"radius","id":1321,"geomIds":[1327]}]])
[0m[0;32m[2026-09-16 13:06:35.157][VERB] RETURN: {"result":"$1344"}
[0m[0;32m[2026-09-16 13:06:35.157][VERB] COMMANDCALL: _C.SafeAPI.Execute(["v1.part.extrusion",[{"references":[1327],"name":"F111_makeCylinder_cad_primitives_py_12","taperAngle":0,"limit2":"@expr.d116_height","id":4}]])
[0m[0;32m[2026-09-16 13:06:35.162][VERB] RETURN: {"result":"$1348"}
[0m[0;32m[2026-09-16 13:06:35.162][VERB] COMMANDCALL: _C.SafeAPI.Execute(["v1.part.workPlane",[{"type":"PLANE","references":[38],"name":"F117_makeBox_shell_skin_py_38_plane","offset":"@expr.d118_plane_offset","id":4}]])
[0m[0;32m[2026-09-16 13:06:35.165][VERB] RETURN: {"result":"$1370"}
[0m[0;32m[2026-09-16 13:06:35.165][VERB] COMMANDCALL: _C.SafeAPI.Execute(["v1.sketch.create",[{"planeId":1370,"name":"F117_makeBox_shell_skin_py_38_profile","id":4}]])
[0m[0;32m[2026-09-16 13:06:35.167][VERB] RETURN: {"result":"$1376"}
[0m[0;32m[2026-09-16 13:06:35.168][VERB] COMMANDCALL: _C.SafeAPI.Execute(["v1.sketch.rectangle",[{"startPos":[89.8,-1.3,0],"id":1376,"genFixation":0,"endPos":[92.5,40.8,0]}]])
[0m[0;32m[2026-09-16 13:06:35.174][VERB] RETURN: {"result":["$1382","$1386","$1392","$1398"]}
[0m[0;32m[2026-09-16 13:06:35.174][VERB] COMMANDCALL: _C.SafeAPI.Execute(["v1.sketch.getPoints",[{"id":1382}]])
[0m[0;32m[2026-09-16 13:06:35.175][VERB] RETURN: {"result":{"endId":"$1384","startId":"$1383"}}
[0m[0;32m[2026-09-16 13:06:35.175][VERB] COMMANDCALL: _C.SafeAPI.Execute(["v1.sketch.point",[{"pos":[-1000,-1000,0],"id":1376}]])
[0m[0;32m[2026-09-16 13:06:35.176][VERB] RETURN: {"result":"$1414"}
[0m[0;32m[2026-09-16 13:06:35.177][VERB] COMMANDCALL: _C.SafeAPI.Execute(["v1.sketch.constraint",[{"type":"FIXATION","id":1376,"geomIds":[1414]}]])
[0m[0;32m[2026-09-16 13:06:35.178][VERB] RETURN: {"result":"$1416"}
[0m[0;32m[2026-09-16 13:06:35.178][VERB] COMMANDCALL: _C.SafeAPI.Execute(["v1.sketch.dimension",[{"type":"HORIZONTAL_DISTANCE","value":"@expr.d119_position_x","name":"position_x","id":1376,"geomIds":[1414,1383]}]])
[0m[0;32m[2026-09-16 13:06:35.183][VERB] RETURN: {"result":"$1420"}
[0m[0;32m[2026-09-16 13:06:35.184][VERB] COMMANDCALL: _C.SafeAPI.Execute(["v1.sketch.dimension",[{"type":"VERTICAL_DISTANCE","value":"@expr.d120_position_y","name":"position_y","id":1376,"geomIds":[1414,1383]}]])
[0m[0;32m[2026-09-16 13:06:35.190][VERB] RETURN: {"result":"$1424"}
[0m[0;32m[2026-09-16 13:06:35.190][VERB] COMMANDCALL: _C.SafeAPI.Execute(["v1.sketch.dimension",[{"type":"OFFSET","value":"@expr.d121_width","name":"width","id":1376,"geomIds":[1382]}]])
[0m[0;32m[2026-09-16 13:06:35.197][VERB] RETURN: {"result":"$1428"}
[0m[0;32m[2026-09-16 13:06:35.197][VERB] COMMANDCALL: _C.SafeAPI.Execute(["v1.sketch.dimension",[{"type":"OFFSET","value":"@expr.d122_depth","name":"depth","id":1376,"geomIds":[1386]}]])
[0m[0;32m[2026-09-16 13:06:35.205][VERB] RETURN: {"result":"$1432"}
[0m[0;32m[2026-09-16 13:06:35.205][VERB] COMMANDCALL: _C.SafeAPI.Execute(["v1.part.extrusion",[{"references":[1382,1386,1392,1398],"name":"F117_makeBox_shell_skin_py_38","taperAngle":0,"limit2":"@expr.d123_height","id":4}]])
[0m[0;32m[2026-09-16 13:06:35.210][VERB] RETURN: {"result":"$1436"}
[0m[0;32m[2026-09-16 13:06:35.210][VERB] COMMANDCALL: _C.SafeAPI.Execute(["v1.part.workPlane",[{"type":"PLANE","references":[38],"name":"F124_makeBox_cad_primitives_py_8_plane","offset":"@expr.d125_plane_offset","id":4}]])
[0m[0;32m[2026-09-16 13:06:35.214][VERB] RETURN: {"result":"$1479"}
[0m[0;32m[2026-09-16 13:06:35.214][VERB] COMMANDCALL: _C.SafeAPI.Execute(["v1.sketch.create",[{"planeId":1479,"name":"F124_makeBox_cad_primitives_py_8_profile","id":4}]])
[0m[0;32m[2026-09-16 13:06:35.216][VERB] RETURN: {"result":"$1485"}
[0m[0;32m[2026-09-16 13:06:35.216][VERB] COMMANDCALL: _C.SafeAPI.Execute(["v1.sketch.rectangle",[{"startPos":[88.05,-7,0],"id":1485,"genFixation":0,"endPos":[92.5,5,0]}]])
[0m[0;32m[2026-09-16 13:06:35.223][VERB] RETURN: {"result":["$1491","$1495","$1501","$1507"]}
[0m[0;32m[2026-09-16 13:06:35.223][VERB] COMMANDCALL: _C.SafeAPI.Execute(["v1.sketch.getPoints",[{"id":1491}]])
[0m[0;32m[2026-09-16 13:06:35.223][VERB] RETURN: {"result":{"endId":"$1493","startId":"$1492"}}
[0m[0;32m[2026-09-16 13:06:35.223][VERB] COMMANDCALL: _C.SafeAPI.Execute(["v1.sketch.point",[{"pos":[-1000,-1000,0],"id":1485}]])
[0m[0;32m[2026-09-16 13:06:35.225][VERB] RETURN: {"result":"$1523"}
[0m[0;32m[2026-09-16 13:06:35.225][VERB] COMMANDCALL: _C.SafeAPI.Execute(["v1.sketch.constraint",[{"type":"FIXATION","id":1485,"geomIds":[1523]}]])
[0m[0;32m[2026-09-16 13:06:35.226][VERB] RETURN: {"result":"$1525"}
[0m[0;32m[2026-09-16 13:06:35.226][VERB] COMMANDCALL: _C.SafeAPI.Execute(["v1.sketch.dimension",[{"type":"HORIZONTAL_DISTANCE","value":"@expr.d126_position_x","name":"position_x","id":1485,"geomIds":[1523,1492]}]])
[0m[0;32m[2026-09-16 13:06:35.232][VERB] RETURN: {"result":"$1529"}
[0m[0;32m[2026-09-16 13:06:35.232][VERB] COMMANDCALL: _C.SafeAPI.Execute(["v1.sketch.dimension",[{"type":"VERTICAL_DISTANCE","value":"@expr.d127_position_y","name":"position_y","id":1485,"geomIds":[1523,1492]}]])
[0m[0;32m[2026-09-16 13:06:35.237][VERB] RETURN: {"result":"$1533"}
[0m[0;32m[2026-09-16 13:06:35.238][VERB] COMMANDCALL: _C.SafeAPI.Execute(["v1.sketch.dimension",[{"type":"OFFSET","value":"@expr.d128_width","name":"width","id":1485,"geomIds":[1491]}]])
[0m[0;32m[2026-09-16 13:06:35.244][VERB] RETURN: {"result":"$1537"}
[0m[0;32m[2026-09-16 13:06:35.244][VERB] COMMANDCALL: _C.SafeAPI.Execute(["v1.sketch.dimension",[{"type":"OFFSET","value":"@expr.d129_depth","name":"depth","id":1485,"geomIds":[1495]}]])
[0m[0;32m[2026-09-16 13:06:35.252][VERB] RETURN: {"result":"$1541"}
[0m[0;32m[2026-09-16 13:06:35.252][VERB] COMMANDCALL: _C.SafeAPI.Execute(["v1.part.extrusion",[{"references":[1491,1495,1501,1507],"name":"F124_makeBox_cad_primitives_py_8","taperAngle":0,"limit2":"@expr.d130_height","id":4}]])
[0m[0;32m[2026-09-16 13:06:35.257][VERB] RETURN: {"result":"$1545"}
[0m[0;32m[2026-09-16 13:06:35.257][VERB] COMMANDCALL: _C.SafeAPI.Execute(["v1.part.workPlane",[{"type":"PLANE","references":[38],"name":"F132_makeBox_cad_primitives_py_8_plane","offset":"@expr.d133_plane_offset","id":4}]])
[0m[0;32m[2026-09-16 13:06:35.260][VERB] RETURN: {"result":"$1588"}
[0m[0;32m[2026-09-16 13:06:35.261][VERB] COMMANDCALL: _C.SafeAPI.Execute(["v1.sketch.create",[{"planeId":1588,"name":"F132_makeBox_cad_primitives_py_8_profile","id":4}]])
[0m[0;32m[2026-09-16 13:06:35.263][VERB] RETURN: {"result":"$1594"}
[0m[0;32m[2026-09-16 13:06:35.263][VERB] COMMANDCALL: _C.SafeAPI.Execute(["v1.sketch.rectangle",[{"startPos":[85.35,-4,0],"id":1594,"genFixation":0,"endPos":[88.05,-1.3,0]}]])
[0m[0;32m[2026-09-16 13:06:35.269][VERB] RETURN: {"result":["$1600","$1604","$1610","$1616"]}
[0m[0;32m[2026-09-16 13:06:35.269][VERB] COMMANDCALL: _C.SafeAPI.Execute(["v1.sketch.getPoints",[{"id":1600}]])
[0m[0;32m[2026-09-16 13:06:35.269][VERB] RETURN: {"result":{"endId":"$1602","startId":"$1601"}}
[0m[0;32m[2026-09-16 13:06:35.269][VERB] COMMANDCALL: _C.SafeAPI.Execute(["v1.sketch.point",[{"pos":[-1000,-1000,0],"id":1594}]])
[0m[0;32m[2026-09-16 13:06:35.271][VERB] RETURN: {"result":"$1632"}
[0m[0;32m[2026-09-16 13:06:35.272][VERB] COMMANDCALL: _C.SafeAPI.Execute(["v1.sketch.constraint",[{"type":"FIXATION","id":1594,"geomIds":[1632]}]])
[0m[0;32m[2026-09-16 13:06:35.273][VERB] RETURN: {"result":"$1634"}
[0m[0;32m[2026-09-16 13:06:35.273][VERB] COMMANDCALL: _C.SafeAPI.Execute(["v1.sketch.dimension",[{"type":"HORIZONTAL_DISTANCE","value":"@expr.d134_position_x","name":"position_x","id":1594,"geomIds":[1632,1601]}]])
[0m[0;32m[2026-09-16 13:06:35.278][VERB] RETURN: {"result":"$1638"}
[0m[0;32m[2026-09-16 13:06:35.278][VERB] COMMANDCALL: _C.SafeAPI.Execute(["v1.sketch.dimension",[{"type":"VERTICAL_DISTANCE","value":"@expr.d135_position_y","name":"position_y","id":1594,"geomIds":[1632,1601]}]])
[0m[0;32m[2026-09-16 13:06:35.284][VERB] RETURN: {"result":"$1642"}
[0m[0;32m[2026-09-16 13:06:35.284][VERB] COMMANDCALL: _C.SafeAPI.Execute(["v1.sketch.dimension",[{"type":"OFFSET","value":"@expr.d136_width","name":"width","id":1594,"geomIds":[1600]}]])
[0m[0;32m[2026-09-16 13:06:35.291][VERB] RETURN: {"result":"$1646"}
[0m[0;32m[2026-09-16 13:06:35.291][VERB] COMMANDCALL: _C.SafeAPI.Execute(["v1.sketch.dimension",[{"type":"OFFSET","value":"@expr.d137_depth","name":"depth","id":1594,"geomIds":[1604]}]])
[0m[0;32m[2026-09-16 13:06:35.298][VERB] RETURN: {"result":"$1650"}
[0m[0;32m[2026-09-16 13:06:35.299][VERB] COMMANDCALL: _C.SafeAPI.Execute(["v1.part.extrusion",[{"references":[1600,1604,1610,1616],"name":"F132_makeBox_cad_primitives_py_8","taperAngle":0,"limit2":"@expr.d138_height","id":4}]])
[0m[0;32m[2026-09-16 13:06:35.303][VERB] RETURN: {"result":"$1654"}
[0m[0;32m[2026-09-16 13:06:35.303][VERB] COMMANDCALL: _C.SafeAPI.Execute(["v1.part.workPlane",[{"type":"PLANE","references":[38],"name":"F139_makeCylinder_cad_primitives_py_12_plane","offset":"@expr.d140_plane_offset","id":4}]])
[0m[0;32m[2026-09-16 13:06:35.307][VERB] RETURN: {"result":"$1697"}
[0m[0;32m[2026-09-16 13:06:35.307][VERB] COMMANDCALL: _C.SafeAPI.Execute(["v1.sketch.create",[{"planeId":1697,"name":"F139_makeCylinder_cad_primitives_py_12_profile","id":4}]])
[0m[0;32m[2026-09-16 13:06:35.309][VERB] RETURN: {"result":"$1703"}
[0m[0;32m[2026-09-16 13:06:35.309][VERB] COMMANDCALL: _C.SafeAPI.Execute(["v1.sketch.circle",[{"radius":2.7,"id":1703,"genFixation":0,"centerPos":[85.35,-4,0]}]])
[0m[0;32m[2026-09-16 13:06:35.310][VERB] RETURN: {"result":"$1709"}
[0m[0;32m[2026-09-16 13:06:35.310][VERB] COMMANDCALL: _C.SafeAPI.Execute(["v1.sketch.getPoints",[{"id":1709}]])
[0m[0;32m[2026-09-16 13:06:35.310][VERB] RETURN: {"result":{"centerId":"$1710"}}
[0m[0;32m[2026-09-16 13:06:35.310][VERB] COMMANDCALL: _C.SafeAPI.Execute(["v1.sketch.point",[{"pos":[-1000,-1000,0],"id":1703}]])
[0m[0;32m[2026-09-16 13:06:35.311][VERB] RETURN: {"result":"$1712"}
[0m[0;32m[2026-09-16 13:06:35.311][VERB] COMMANDCALL: _C.SafeAPI.Execute(["v1.sketch.constraint",[{"type":"FIXATION","id":1703,"geomIds":[1712]}]])
[0m[0;32m[2026-09-16 13:06:35.312][VERB] RETURN: {"result":"$1714"}
[0m[0;32m[2026-09-16 13:06:35.312][VERB] COMMANDCALL: _C.SafeAPI.Execute(["v1.sketch.dimension",[{"type":"HORIZONTAL_DISTANCE","value":"@expr.d141_position_x","name":"position_x","id":1703,"geomIds":[1712,1710]}]])
[0m[0;32m[2026-09-16 13:06:35.317][VERB] RETURN: {"result":"$1718"}
[0m[0;32m[2026-09-16 13:06:35.317][VERB] COMMANDCALL: _C.SafeAPI.Execute(["v1.sketch.dimension",[{"type":"VERTICAL_DISTANCE","value":"@expr.d142_position_y","name":"position_y","id":1703,"geomIds":[1712,1710]}]])
[0m[0;32m[2026-09-16 13:06:35.321][VERB] RETURN: {"result":"$1722"}
[0m[0;32m[2026-09-16 13:06:35.321][VERB] COMMANDCALL: _C.SafeAPI.Execute(["v1.sketch.dimension",[{"type":"RADIUS","value":"@expr.d143_radius","name":"radius","id":1703,"geomIds":[1709]}]])
[0m[0;32m[2026-09-16 13:06:35.326][VERB] RETURN: {"result":"$1726"}
[0m[0;32m[2026-09-16 13:06:35.326][VERB] COMMANDCALL: _C.SafeAPI.Execute(["v1.part.extrusion",[{"references":[1709],"name":"F139_makeCylinder_cad_primitives_py_12","taperAngle":0,"limit2":"@expr.d144_height","id":4}]])
[0m[0;32m[2026-09-16 13:06:35.331][VERB] RETURN: {"result":"$1730"}
[0m[0;32m[2026-09-16 13:06:35.332][VERB] COMMANDCALL: _C.SafeAPI.Execute(["v1.part.boolean",[{"type":"SUBTRACTION","tools":[1730],"target":1654,"name":"F131_cut_housing_shell_py_25","id":4}]])
[0m[0;32m[2026-09-16 13:06:35.338][VERB] RETURN: {"result":"$1752"}
[0m[0;32m[2026-09-16 13:06:35.338][VERB] COMMANDCALL: _C.SafeAPI.Execute(["v1.part.workPlane",[{"type":"PLANE","references":[38],"name":"F145_makeBox_cad_primitives_py_8_plane","offset":"@expr.d146_plane_offset","id":4}]])
[0m[0;32m[2026-09-16 13:06:35.341][VERB] RETURN: {"result":"$1770"}
[0m[0;32m[2026-09-16 13:06:35.341][VERB] COMMANDCALL: _C.SafeAPI.Execute(["v1.sketch.create",[{"planeId":1770,"name":"F145_makeBox_cad_primitives_py_8_profile","id":4}]])
[0m[0;32m[2026-09-16 13:06:35.343][VERB] RETURN: {"result":"$1776"}
[0m[0;32m[2026-09-16 13:06:35.344][VERB] COMMANDCALL: _C.SafeAPI.Execute(["v1.sketch.rectangle",[{"startPos":[88.05,30,0],"id":1776,"genFixation":0,"endPos":[92.5,41.3,0]}]])
[0m[0;32m[2026-09-16 13:06:35.350][VERB] RETURN: {"result":["$1782","$1786","$1792","$1798"]}
[0m[0;32m[2026-09-16 13:06:35.350][VERB] COMMANDCALL: _C.SafeAPI.Execute(["v1.sketch.getPoints",[{"id":1782}]])
[0m[0;32m[2026-09-16 13:06:35.350][VERB] RETURN: {"result":{"endId":"$1784","startId":"$1783"}}
[0m[0;32m[2026-09-16 13:06:35.350][VERB] COMMANDCALL: _C.SafeAPI.Execute(["v1.sketch.point",[{"pos":[-1000,-1000,0],"id":1776}]])
[0m[0;32m[2026-09-16 13:06:35.352][VERB] RETURN: {"result":"$1814"}
[0m[0;32m[2026-09-16 13:06:35.352][VERB] COMMANDCALL: _C.SafeAPI.Execute(["v1.sketch.constraint",[{"type":"FIXATION","id":1776,"geomIds":[1814]}]])
[0m[0;32m[2026-09-16 13:06:35.354][VERB] RETURN: {"result":"$1816"}
[0m[0;32m[2026-09-16 13:06:35.354][VERB] COMMANDCALL: _C.SafeAPI.Execute(["v1.sketch.dimension",[{"type":"HORIZONTAL_DISTANCE","value":"@expr.d147_position_x","name":"position_x","id":1776,"geomIds":[1814,1783]}]])
[0m[0;32m[2026-09-16 13:06:35.359][VERB] RETURN: {"result":"$1820"}
[0m[0;32m[2026-09-16 13:06:35.359][VERB] COMMANDCALL: _C.SafeAPI.Execute(["v1.sketch.dimension",[{"type":"VERTICAL_DISTANCE","value":"@expr.d148_position_y","name":"position_y","id":1776,"geomIds":[1814,1783]}]])
[0m[0;32m[2026-09-16 13:06:35.365][VERB] RETURN: {"result":"$1824"}
[0m[0;32m[2026-09-16 13:06:35.365][VERB] COMMANDCALL: _C.SafeAPI.Execute(["v1.sketch.dimension",[{"type":"OFFSET","value":"@expr.d149_width","name":"width","id":1776,"geomIds":[1782]}]])
[0m[0;32m[2026-09-16 13:06:35.371][VERB] RETURN: {"result":"$1828"}
[0m[0;32m[2026-09-16 13:06:35.372][VERB] COMMANDCALL: _C.SafeAPI.Execute(["v1.sketch.dimension",[{"type":"OFFSET","value":"@expr.d150_depth","name":"depth","id":1776,"geomIds":[1786]}]])
[0m[0;32m[2026-09-16 13:06:35.379][VERB] RETURN: {"result":"$1832"}
[0m[0;32m[2026-09-16 13:06:35.379][VERB] COMMANDCALL: _C.SafeAPI.Execute(["v1.part.extrusion",[{"references":[1782,1786,1792,1798],"name":"F145_makeBox_cad_primitives_py_8","taperAngle":0,"limit2":"@expr.d151_height","id":4}]])
[0m[0;32m[2026-09-16 13:06:35.384][VERB] RETURN: {"result":"$1836"}
[0m[0;32m[2026-09-16 13:06:35.384][VERB] COMMANDCALL: _C.SafeAPI.Execute(["v1.part.workPlane",[{"type":"PLANE","references":[38],"name":"F152_makeBox_cad_primitives_py_8_plane","offset":"@expr.d153_plane_offset","id":4}]])
[0m[0;32m[2026-09-16 13:06:35.387][VERB] RETURN: {"result":"$1879"}
[0m[0;32m[2026-09-16 13:06:35.388][VERB] COMMANDCALL: _C.SafeAPI.Execute(["v1.sketch.create",[{"planeId":1879,"name":"F152_makeBox_cad_primitives_py_8_profile","id":4}]])
[0m[0;32m[2026-09-16 13:06:35.390][VERB] RETURN: {"result":"$1885"}
[0m[0;32m[2026-09-16 13:06:35.390][VERB] COMMANDCALL: _C.SafeAPI.Execute(["v1.sketch.rectangle",[{"startPos":[88.05,30,0],"id":1885,"genFixation":0,"endPos":[92.5,38,0]}]])
[0m[0;32m[2026-09-16 13:06:35.396][VERB] RETURN: {"result":["$1891","$1895","$1901","$1907"]}
[0m[0;32m[2026-09-16 13:06:35.396][VERB] COMMANDCALL: _C.SafeAPI.Execute(["v1.sketch.getPoints",[{"id":1891}]])
[0m[0;32m[2026-09-16 13:06:35.396][VERB] RETURN: {"result":{"endId":"$1893","startId":"$1892"}}
[0m[0;32m[2026-09-16 13:06:35.396][VERB] COMMANDCALL: _C.SafeAPI.Execute(["v1.sketch.point",[{"pos":[-1000,-1000,0],"id":1885}]])
[0m[0;32m[2026-09-16 13:06:35.398][VERB] RETURN: {"result":"$1923"}
[0m[0;32m[2026-09-16 13:06:35.398][VERB] COMMANDCALL: _C.SafeAPI.Execute(["v1.sketch.constraint",[{"type":"FIXATION","id":1885,"geomIds":[1923]}]])
[0m[0;32m[2026-09-16 13:06:35.400][VERB] RETURN: {"result":"$1925"}
[0m[0;32m[2026-09-16 13:06:35.400][VERB] COMMANDCALL: _C.SafeAPI.Execute(["v1.sketch.dimension",[{"type":"HORIZONTAL_DISTANCE","value":"@expr.d154_position_x","name":"position_x","id":1885,"geomIds":[1923,1892]}]])
[0m[0;32m[2026-09-16 13:06:35.405][VERB] RETURN: {"result":"$1929"}
[0m[0;32m[2026-09-16 13:06:35.405][VERB] COMMANDCALL: _C.SafeAPI.Execute(["v1.sketch.dimension",[{"type":"VERTICAL_DISTANCE","value":"@expr.d155_position_y","name":"position_y","id":1885,"geomIds":[1923,1892]}]])
[0m[0;32m[2026-09-16 13:06:35.411][VERB] RETURN: {"result":"$1933"}
[0m[0;32m[2026-09-16 13:06:35.411][VERB] COMMANDCALL: _C.SafeAPI.Execute(["v1.sketch.dimension",[{"type":"OFFSET","value":"@expr.d156_width","name":"width","id":1885,"geomIds":[1891]}]])
[0m[0;32m[2026-09-16 13:06:35.417][VERB] RETURN: {"result":"$1937"}
[0m[0;32m[2026-09-16 13:06:35.418][VERB] COMMANDCALL: _C.SafeAPI.Execute(["v1.sketch.dimension",[{"type":"OFFSET","value":"@expr.d157_depth","name":"depth","id":1885,"geomIds":[1895]}]])
[0m[0;32m[2026-09-16 13:06:35.425][VERB] RETURN: {"result":"$1941"}
[0m[0;32m[2026-09-16 13:06:35.425][VERB] COMMANDCALL: _C.SafeAPI.Execute(["v1.part.extrusion",[{"references":[1891,1895,1901,1907],"name":"F152_makeBox_cad_primitives_py_8","taperAngle":0,"limit2":"@expr.d158_height","id":4}]])
[0m[0;32m[2026-09-16 13:06:35.429][VERB] RETURN: {"result":"$1945"}
[0m[0;32m[2026-09-16 13:06:35.430][VERB] COMMANDCALL: _C.SafeAPI.Execute(["v1.part.workPlane",[{"type":"PLANE","references":[38],"name":"F160_makeBox_cad_primitives_py_8_plane","offset":"@expr.d161_plane_offset","id":4}]])
[0m[0;32m[2026-09-16 13:06:35.433][VERB] RETURN: {"result":"$1988"}
[0m[0;32m[2026-09-16 13:06:35.433][VERB] COMMANDCALL: _C.SafeAPI.Execute(["v1.sketch.create",[{"planeId":1988,"name":"F160_makeBox_cad_primitives_py_8_profile","id":4}]])
[0m[0;32m[2026-09-16 13:06:35.435][VERB] RETURN: {"result":"$1994"}
[0m[0;32m[2026-09-16 13:06:35.435][VERB] COMMANDCALL: _C.SafeAPI.Execute(["v1.sketch.rectangle",[{"startPos":[59.1,40.8,0],"id":1994,"genFixation":0,"endPos":[63.1,44.8,0]}]])
[0m[0;32m[2026-09-16 13:06:35.442][VERB] RETURN: {"result":["$2000","$2004","$2010","$2016"]}
[0m[0;32m[2026-09-16 13:06:35.442][VERB] COMMANDCALL: _C.SafeAPI.Execute(["v1.sketch.getPoints",[{"id":2000}]])
[0m[0;32m[2026-09-16 13:06:35.442][VERB] RETURN: {"result":{"endId":"$2002","startId":"$2001"}}
[0m[0;32m[2026-09-16 13:06:35.442][VERB] COMMANDCALL: _C.SafeAPI.Execute(["v1.sketch.point",[{"pos":[-1000,-1000,0],"id":1994}]])
[0m[0;32m[2026-09-16 13:06:35.444][VERB] RETURN: {"result":"$2032"}
[0m[0;32m[2026-09-16 13:06:35.444][VERB] COMMANDCALL: _C.SafeAPI.Execute(["v1.sketch.constraint",[{"type":"FIXATION","id":1994,"geomIds":[2032]}]])
[0m[0;32m[2026-09-16 13:06:35.445][VERB] RETURN: {"result":"$2034"}
[0m[0;32m[2026-09-16 13:06:35.445][VERB] COMMANDCALL: _C.SafeAPI.Execute(["v1.sketch.dimension",[{"type":"HORIZONTAL_DISTANCE","value":"@expr.d162_position_x","name":"position_x","id":1994,"geomIds":[2032,2001]}]])
[0m[0;32m[2026-09-16 13:06:35.450][VERB] RETURN: {"result":"$2038"}
[0m[0;32m[2026-09-16 13:06:35.450][VERB] COMMANDCALL: _C.SafeAPI.Execute(["v1.sketch.dimension",[{"type":"VERTICAL_DISTANCE","value":"@expr.d163_position_y","name":"position_y","id":1994,"geomIds":[2032,2001]}]])
[0m[0;32m[2026-09-16 13:06:35.456][VERB] RETURN: {"result":"$2042"}
[0m[0;32m[2026-09-16 13:06:35.456][VERB] COMMANDCALL: _C.SafeAPI.Execute(["v1.sketch.dimension",[{"type":"OFFSET","value":"@expr.d164_width","name":"width","id":1994,"geomIds":[2000]}]])
[0m[0;32m[2026-09-16 13:06:35.463][VERB] RETURN: {"result":"$2046"}
[0m[0;32m[2026-09-16 13:06:35.463][VERB] COMMANDCALL: _C.SafeAPI.Execute(["v1.sketch.dimension",[{"type":"OFFSET","value":"@expr.d165_depth","name":"depth","id":1994,"geomIds":[2004]}]])
[0m[0;32m[2026-09-16 13:06:35.470][VERB] RETURN: {"result":"$2050"}
[0m[0;32m[2026-09-16 13:06:35.470][VERB] COMMANDCALL: _C.SafeAPI.Execute(["v1.part.extrusion",[{"references":[2000,2004,2010,2016],"name":"F160_makeBox_cad_primitives_py_8","taperAngle":0,"limit2":"@expr.d166_height","id":4}]])
[0m[0;32m[2026-09-16 13:06:35.475][VERB] RETURN: {"result":"$2054"}
[0m[0;32m[2026-09-16 13:06:35.476][VERB] COMMANDCALL: _C.SafeAPI.Execute(["v1.part.workPlane",[{"type":"PLANE","references":[38],"name":"F167_makeCylinder_cad_primitives_py_12_plane","offset":"@expr.d168_plane_offset","id":4}]])
[0m[0;32m[2026-09-16 13:06:35.479][VERB] RETURN: {"result":"$2097"}
[0m[0;32m[2026-09-16 13:06:35.480][VERB] COMMANDCALL: _C.SafeAPI.Execute(["v1.sketch.create",[{"planeId":2097,"name":"F167_makeCylinder_cad_primitives_py_12_profile","id":4}]])
[0m[0;32m[2026-09-16 13:06:35.482][VERB] RETURN: {"result":"$2103"}
[0m[0;32m[2026-09-16 13:06:35.482][VERB] COMMANDCALL: _C.SafeAPI.Execute(["v1.sketch.circle",[{"radius":4,"id":2103,"genFixation":0,"centerPos":[63.1,44.8,0]}]])
[0m[0;32m[2026-09-16 13:06:35.483][VERB] RETURN: {"result":"$2109"}
[0m[0;32m[2026-09-16 13:06:35.483][VERB] COMMANDCALL: _C.SafeAPI.Execute(["v1.sketch.getPoints",[{"id":2109}]])
[0m[0;32m[2026-09-16 13:06:35.483][VERB] RETURN: {"result":{"centerId":"$2110"}}
[0m[0;32m[2026-09-16 13:06:35.483][VERB] COMMANDCALL: _C.SafeAPI.Execute(["v1.sketch.point",[{"pos":[-1000,-1000,0],"id":2103}]])
[0m[0;32m[2026-09-16 13:06:35.484][VERB] RETURN: {"result":"$2112"}
[0m[0;32m[2026-09-16 13:06:35.484][VERB] COMMANDCALL: _C.SafeAPI.Execute(["v1.sketch.constraint",[{"type":"FIXATION","id":2103,"geomIds":[2112]}]])
[0m[0;32m[2026-09-16 13:06:35.485][VERB] RETURN: {"result":"$2114"}
[0m[0;32m[2026-09-16 13:06:35.485][VERB] COMMANDCALL: _C.SafeAPI.Execute(["v1.sketch.dimension",[{"type":"HORIZONTAL_DISTANCE","value":"@expr.d169_position_x","name":"position_x","id":2103,"geomIds":[2112,2110]}]])
[0m[0;32m[2026-09-16 13:06:35.490][VERB] RETURN: {"result":"$2118"}
[0m[0;32m[2026-09-16 13:06:35.490][VERB] COMMANDCALL: _C.SafeAPI.Execute(["v1.sketch.dimension",[{"type":"VERTICAL_DISTANCE","value":"@expr.d170_position_y","name":"position_y","id":2103,"geomIds":[2112,2110]}]])
[0m[0;32m[2026-09-16 13:06:35.495][VERB] RETURN: {"result":"$2122"}
[0m[0;32m[2026-09-16 13:06:35.495][VERB] COMMANDCALL: _C.SafeAPI.Execute(["v1.sketch.dimension",[{"type":"RADIUS","value":"@expr.d171_radius","name":"radius","id":2103,"geomIds":[2109]}]])
[0m[0;32m[2026-09-16 13:06:35.500][VERB] RETURN: {"result":"$2126"}
[0m[0;32m[2026-09-16 13:06:35.500][VERB] COMMANDCALL: _C.SafeAPI.Execute(["v1.part.extrusion",[{"references":[2109],"name":"F167_makeCylinder_cad_primitives_py_12","taperAngle":0,"limit2":"@expr.d172_height","id":4}]])
[0m[0;32m[2026-09-16 13:06:35.505][VERB] RETURN: {"result":"$2130"}
[0m[0;32m[2026-09-16 13:06:35.506][VERB] COMMANDCALL: _C.SafeAPI.Execute(["v1.part.boolean",[{"type":"SUBTRACTION","tools":[2130],"target":2054,"name":"F159_cut_housing_shell_py_39","id":4}]])
[0m[0;32m[2026-09-16 13:06:35.510][VERB] RETURN: {"result":"$2152"}
[0m[0;32m[2026-09-16 13:06:35.511][VERB] COMMANDCALL: _C.SafeAPI.Execute(["v1.part.workPlane",[{"type":"PLANE","references":[38],"name":"F174_makeBox_cad_primitives_py_8_plane","offset":"@expr.d175_plane_offset","id":4}]])
[0m[0;32m[2026-09-16 13:06:35.514][VERB] RETURN: {"result":"$2170"}
[0m[0;32m[2026-09-16 13:06:35.514][VERB] COMMANDCALL: _C.SafeAPI.Execute(["v1.sketch.create",[{"planeId":2170,"name":"F174_makeBox_cad_primitives_py_8_profile","id":4}]])
[0m[0;32m[2026-09-16 13:06:35.516][VERB] RETURN: {"result":"$2176"}
[0m[0;32m[2026-09-16 13:06:35.516][VERB] COMMANDCALL: _C.SafeAPI.Execute(["v1.sketch.rectangle",[{"startPos":[42.1,16.1,0],"id":2176,"genFixation":0,"endPos":[46.1,20.1,0]}]])
[0m[0;32m[2026-09-16 13:06:35.523][VERB] RETURN: {"result":["$2182","$2186","$2192","$2198"]}
[0m[0;32m[2026-09-16 13:06:35.523][VERB] COMMANDCALL: _C.SafeAPI.Execute(["v1.sketch.getPoints",[{"id":2182}]])
[0m[0;32m[2026-09-16 13:06:35.523][VERB] RETURN: {"result":{"endId":"$2184","startId":"$2183"}}
[0m[0;32m[2026-09-16 13:06:35.523][VERB] COMMANDCALL: _C.SafeAPI.Execute(["v1.sketch.point",[{"pos":[-1000,-1000,0],"id":2176}]])
[0m[0;32m[2026-09-16 13:06:35.525][VERB] RETURN: {"result":"$2214"}
[0m[0;32m[2026-09-16 13:06:35.525][VERB] COMMANDCALL: _C.SafeAPI.Execute(["v1.sketch.constraint",[{"type":"FIXATION","id":2176,"geomIds":[2214]}]])
[0m[0;32m[2026-09-16 13:06:35.526][VERB] RETURN: {"result":"$2216"}
[0m[0;32m[2026-09-16 13:06:35.527][VERB] COMMANDCALL: _C.SafeAPI.Execute(["v1.sketch.dimension",[{"type":"HORIZONTAL_DISTANCE","value":"@expr.d176_position_x","name":"position_x","id":2176,"geomIds":[2214,2183]}]])
[0m[0;32m[2026-09-16 13:06:35.532][VERB] RETURN: {"result":"$2220"}
[0m[0;32m[2026-09-16 13:06:35.532][VERB] COMMANDCALL: _C.SafeAPI.Execute(["v1.sketch.dimension",[{"type":"VERTICAL_DISTANCE","value":"@expr.d177_position_y","name":"position_y","id":2176,"geomIds":[2214,2183]}]])
[0m[0;32m[2026-09-16 13:06:35.537][VERB] RETURN: {"result":"$2224"}
[0m[0;32m[2026-09-16 13:06:35.538][VERB] COMMANDCALL: _C.SafeAPI.Execute(["v1.sketch.dimension",[{"type":"OFFSET","value":"@expr.d178_width","name":"width","id":2176,"geomIds":[2182]}]])
[0m[0;32m[2026-09-16 13:06:35.544][VERB] RETURN: {"result":"$2228"}
[0m[0;32m[2026-09-16 13:06:35.544][VERB] COMMANDCALL: _C.SafeAPI.Execute(["v1.sketch.dimension",[{"type":"OFFSET","value":"@expr.d179_depth","name":"depth","id":2176,"geomIds":[2186]}]])
[0m[0;32m[2026-09-16 13:06:35.552][VERB] RETURN: {"result":"$2232"}
[0m[0;32m[2026-09-16 13:06:35.552][VERB] COMMANDCALL: _C.SafeAPI.Execute(["v1.part.extrusion",[{"references":[2182,2186,2192,2198],"name":"F174_makeBox_cad_primitives_py_8","taperAngle":0,"limit2":"@expr.d180_height","id":4}]])
[0m[0;32m[2026-09-16 13:06:35.557][VERB] RETURN: {"result":"$2236"}
[0m[0;32m[2026-09-16 13:06:35.557][VERB] COMMANDCALL: _C.SafeAPI.Execute(["v1.part.workPlane",[{"type":"PLANE","references":[38],"name":"F181_makeCylinder_cad_primitives_py_12_plane","offset":"@expr.d182_plane_offset","id":4}]])
[0m[0;32m[2026-09-16 13:06:35.561][VERB] RETURN: {"result":"$2279"}
[0m[0;32m[2026-09-16 13:06:35.561][VERB] COMMANDCALL: _C.SafeAPI.Execute(["v1.sketch.create",[{"planeId":2279,"name":"F181_makeCylinder_cad_primitives_py_12_profile","id":4}]])
[0m[0;32m[2026-09-16 13:06:35.563][VERB] RETURN: {"result":"$2285"}
[0m[0;32m[2026-09-16 13:06:35.563][VERB] COMMANDCALL: _C.SafeAPI.Execute(["v1.sketch.circle",[{"radius":4,"id":2285,"genFixation":0,"centerPos":[42.1,16.1,0]}]])
[0m[0;32m[2026-09-16 13:06:35.564][VERB] RETURN: {"result":"$2291"}
[0m[0;32m[2026-09-16 13:06:35.564][VERB] COMMANDCALL: _C.SafeAPI.Execute(["v1.sketch.getPoints",[{"id":2291}]])
[0m[0;32m[2026-09-16 13:06:35.564][VERB] RETURN: {"result":{"centerId":"$2292"}}
[0m[0;32m[2026-09-16 13:06:35.564][VERB] COMMANDCALL: _C.SafeAPI.Execute(["v1.sketch.point",[{"pos":[-1000,-1000,0],"id":2285}]])
[0m[0;32m[2026-09-16 13:06:35.565][VERB] RETURN: {"result":"$2294"}
[0m[0;32m[2026-09-16 13:06:35.565][VERB] COMMANDCALL: _C.SafeAPI.Execute(["v1.sketch.constraint",[{"type":"FIXATION","id":2285,"geomIds":[2294]}]])
[0m[0;32m[2026-09-16 13:06:35.566][VERB] RETURN: {"result":"$2296"}
[0m[0;32m[2026-09-16 13:06:35.566][VERB] COMMANDCALL: _C.SafeAPI.Execute(["v1.sketch.dimension",[{"type":"HORIZONTAL_DISTANCE","value":"@expr.d183_position_x","name":"position_x","id":2285,"geomIds":[2294,2292]}]])
[0m[0;32m[2026-09-16 13:06:35.571][VERB] RETURN: {"result":"$2300"}
[0m[0;32m[2026-09-16 13:06:35.571][VERB] COMMANDCALL: _C.SafeAPI.Execute(["v1.sketch.dimension",[{"type":"VERTICAL_DISTANCE","value":"@expr.d184_position_y","name":"position_y","id":2285,"geomIds":[2294,2292]}]])
[0m[0;32m[2026-09-16 13:06:35.576][VERB] RETURN: {"result":"$2304"}
[0m[0;32m[2026-09-16 13:06:35.576][VERB] COMMANDCALL: _C.SafeAPI.Execute(["v1.sketch.dimension",[{"type":"RADIUS","value":"@expr.d185_radius","name":"radius","id":2285,"geomIds":[2291]}]])
[0m[0;32m[2026-09-16 13:06:35.581][VERB] RETURN: {"result":"$2308"}
[0m[0;32m[2026-09-16 13:06:35.581][VERB] COMMANDCALL: _C.SafeAPI.Execute(["v1.part.extrusion",[{"references":[2291],"name":"F181_makeCylinder_cad_primitives_py_12","taperAngle":0,"limit2":"@expr.d186_height","id":4}]])
[0m[0;32m[2026-09-16 13:06:35.586][VERB] RETURN: {"result":"$2312"}
[0m[0;32m[2026-09-16 13:06:35.587][VERB] COMMANDCALL: _C.SafeAPI.Execute(["v1.part.boolean",[{"type":"SUBTRACTION","tools":[2312],"target":2236,"name":"F173_cut_housing_shell_py_48","id":4}]])
[0m[0;32m[2026-09-16 13:06:35.592][VERB] RETURN: {"result":"$2334"}
[0m[0;32m[2026-09-16 13:06:35.592][VERB] COMMANDCALL: _C.SafeAPI.Execute(["v1.part.workPlane",[{"type":"PLANE","references":[38],"name":"F187_makeCylinder_cad_primitives_py_12_plane","offset":"@expr.d188_plane_offset","id":4}]])
[0m[0;32m[2026-09-16 13:06:35.596][VERB] RETURN: {"result":"$2352"}
[0m[0;32m[2026-09-16 13:06:35.596][VERB] COMMANDCALL: _C.SafeAPI.Execute(["v1.sketch.create",[{"planeId":2352,"name":"F187_makeCylinder_cad_primitives_py_12_profile","id":4}]])
[0m[0;32m[2026-09-16 13:06:35.598][VERB] RETURN: {"result":"$2358"}
[0m[0;32m[2026-09-16 13:06:35.598][VERB] COMMANDCALL: _C.SafeAPI.Execute(["v1.sketch.circle",[{"radius":4.5,"id":2358,"genFixation":0,"centerPos":[86.8,38.9,0]}]])
[0m[0;32m[2026-09-16 13:06:35.599][VERB] RETURN: {"result":"$2364"}
[0m[0;32m[2026-09-16 13:06:35.599][VERB] COMMANDCALL: _C.SafeAPI.Execute(["v1.sketch.getPoints",[{"id":2364}]])
[0m[0;32m[2026-09-16 13:06:35.600][VERB] RETURN: {"result":{"centerId":"$2365"}}
[0m[0;32m[2026-09-16 13:06:35.600][VERB] COMMANDCALL: _C.SafeAPI.Execute(["v1.sketch.point",[{"pos":[-1000,-1000,0],"id":2358}]])
[0m[0;32m[2026-09-16 13:06:35.601][VERB] RETURN: {"result":"$2367"}
[0m[0;32m[2026-09-16 13:06:35.601][VERB] COMMANDCALL: _C.SafeAPI.Execute(["v1.sketch.constraint",[{"type":"FIXATION","id":2358,"geomIds":[2367]}]])
[0m[0;32m[2026-09-16 13:06:35.602][VERB] RETURN: {"result":"$2369"}
[0m[0;32m[2026-09-16 13:06:35.602][VERB] COMMANDCALL: _C.SafeAPI.Execute(["v1.sketch.dimension",[{"type":"HORIZONTAL_DISTANCE","value":"@expr.d189_position_x","name":"position_x","id":2358,"geomIds":[2367,2365]}]])
[0m[0;32m[2026-09-16 13:06:35.606][VERB] RETURN: {"result":"$2373"}
[0m[0;32m[2026-09-16 13:06:35.606][VERB] COMMANDCALL: _C.SafeAPI.Execute(["v1.sketch.dimension",[{"type":"VERTICAL_DISTANCE","value":"@expr.d190_position_y","name":"position_y","id":2358,"geomIds":[2367,2365]}]])
[0m[0;32m[2026-09-16 13:06:35.611][VERB] RETURN: {"result":"$2377"}
[0m[0;32m[2026-09-16 13:06:35.611][VERB] COMMANDCALL: _C.SafeAPI.Execute(["v1.sketch.dimension",[{"type":"RADIUS","value":"@expr.d191_radius","name":"radius","id":2358,"geomIds":[2364]}]])
[0m[0;32m[2026-09-16 13:06:35.616][VERB] RETURN: {"result":"$2381"}
[0m[0;32m[2026-09-16 13:06:35.616][VERB] COMMANDCALL: _C.SafeAPI.Execute(["v1.part.extrusion",[{"references":[2364],"name":"F187_makeCylinder_cad_primitives_py_12","taperAngle":0,"limit2":"@expr.d192_height","id":4}]])
[0m[0;32m[2026-09-16 13:06:35.622][VERB] RETURN: {"result":"$2385"}
[0m[0;32m[2026-09-16 13:06:35.622][VERB] COMMANDCALL: _C.SafeAPI.Execute(["v1.part.workPlane",[{"type":"PLANE","references":[38],"name":"F193_makeBox_cad_primitives_py_8_plane","offset":"@expr.d194_plane_offset","id":4}]])
[0m[0;32m[2026-09-16 13:06:35.626][VERB] RETURN: {"result":"$2407"}
[0m[0;32m[2026-09-16 13:06:35.626][VERB] COMMANDCALL: _C.SafeAPI.Execute(["v1.sketch.create",[{"planeId":2407,"name":"F193_makeBox_cad_primitives_py_8_profile","id":4}]])
[0m[0;32m[2026-09-16 13:06:35.628][VERB] RETURN: {"result":"$2413"}
[0m[0;32m[2026-09-16 13:06:35.628][VERB] COMMANDCALL: _C.SafeAPI.Execute(["v1.sketch.rectangle",[{"startPos":[86.8,30,0],"id":2413,"genFixation":0,"endPos":[92.5,43,0]}]])
[0m[0;32m[2026-09-16 13:06:35.634][VERB] RETURN: {"result":["$2419","$2423","$2429","$2435"]}
[0m[0;32m[2026-09-16 13:06:35.635][VERB] COMMANDCALL: _C.SafeAPI.Execute(["v1.sketch.getPoints",[{"id":2419}]])
[0m[0;32m[2026-09-16 13:06:35.635][VERB] RETURN: {"result":{"endId":"$2421","startId":"$2420"}}
[0m[0;32m[2026-09-16 13:06:35.635][VERB] COMMANDCALL: _C.SafeAPI.Execute(["v1.sketch.point",[{"pos":[-1000,-1000,0],"id":2413}]])
[0m[0;32m[2026-09-16 13:06:35.637][VERB] RETURN: {"result":"$2451"}
[0m[0;32m[2026-09-16 13:06:35.637][VERB] COMMANDCALL: _C.SafeAPI.Execute(["v1.sketch.constraint",[{"type":"FIXATION","id":2413,"geomIds":[2451]}]])
[0m[0;32m[2026-09-16 13:06:35.638][VERB] RETURN: {"result":"$2453"}
[0m[0;32m[2026-09-16 13:06:35.638][VERB] COMMANDCALL: _C.SafeAPI.Execute(["v1.sketch.dimension",[{"type":"HORIZONTAL_DISTANCE","value":"@expr.d195_position_x","name":"position_x","id":2413,"geomIds":[2451,2420]}]])
[0m[0;32m[2026-09-16 13:06:35.643][VERB] RETURN: {"result":"$2457"}
[0m[0;32m[2026-09-16 13:06:35.644][VERB] COMMANDCALL: _C.SafeAPI.Execute(["v1.sketch.dimension",[{"type":"VERTICAL_DISTANCE","value":"@expr.d196_position_y","name":"position_y","id":2413,"geomIds":[2451,2420]}]])
[0m[0;32m[2026-09-16 13:06:35.649][VERB] RETURN: {"result":"$2461"}
[0m[0;32m[2026-09-16 13:06:35.649][VERB] COMMANDCALL: _C.SafeAPI.Execute(["v1.sketch.dimension",[{"type":"OFFSET","value":"@expr.d197_width","name":"width","id":2413,"geomIds":[2419]}]])
[0m[0;32m[2026-09-16 13:06:35.656][VERB] RETURN: {"result":"$2465"}
[0m[0;32m[2026-09-16 13:06:35.656][VERB] COMMANDCALL: _C.SafeAPI.Execute(["v1.sketch.dimension",[{"type":"OFFSET","value":"@expr.d198_depth","name":"depth","id":2413,"geomIds":[2423]}]])
[0m[0;32m[2026-09-16 13:06:35.664][VERB] RETURN: {"result":"$2469"}
[0m[0;32m[2026-09-16 13:06:35.664][VERB] COMMANDCALL: _C.SafeAPI.Execute(["v1.part.extrusion",[{"references":[2419,2423,2429,2435],"name":"F193_makeBox_cad_primitives_py_8","taperAngle":0,"limit2":"@expr.d199_height","id":4}]])
[0m[0;32m[2026-09-16 13:06:35.669][VERB] RETURN: {"result":"$2473"}
[0m[0;32m[2026-09-16 13:06:35.670][VERB] COMMANDCALL: _C.SafeAPI.Execute(["v1.part.boolean",[{"type":"UNION","tools":[231,307,362,417,472,560,669,745,800,855,910,998,1107,1183,1238,1293,1348,1436,1545,1752,1836,1945,2152,2334,2385,2473],"target":122,"name":"F2_union_cad_primitives_py_17","id":4}]])
[0m[0;32m[2026-09-16 13:06:35.711][VERB] RETURN: {"result":"$2516"}
[0m[0;32m[2026-09-16 13:06:35.712][VERB] COMMANDCALL: _C.SafeAPI.Execute(["v1.common.setDatabaseSettings",[{"isSketchGraphicEnabled":1,"isGraphicEnabled":1,"isCCGraphicEnabled":1,"doCurveTessellation":1}]])
[0m[0;32m[2026-09-16 13:06:35.713][VERB] RETURN: {"result":null}
[0m[2026-09-16 13:06:35.755][DEBUG] Build graphic in: 28ms
[0;32m[2026-09-16 13:06:35.769][VERB] COMMANDCALL: _C.SafeAPI.Execute(["v1.part.chamfer",[{"references":[2823,3034,2933,3097,2625,3098,2780,2794,2793,2705,2781,2670,2680,2814,2813,3084,3083,3077,3073,3121,3120,3155,3154,3022,3090,2994,3032,3150,3151,3152,3153],"name":"F1_chamfer_shell_skin_py_17","id":4,"distance1":"@expr.d200_cham ...
[0m[0;32m[2026-09-16 13:06:35.944][VERB] RETURN: {"result":"$3169"}
[0m[0;32m[2026-09-16 13:06:35.945][VERB] COMMANDCALL: _C.SafeAPI.Execute(["v1.sketch.create",[{"planeId":38,"name":"F202_extrude_shell_skin_py_69_profile","id":4}]])
[0m[0;32m[2026-09-16 13:06:35.947][VERB] RETURN: {"result":"$3508"}
[0m[0;32m[2026-09-16 13:06:35.948][VERB] COMMANDCALL: _C.SafeAPI.Execute(["v1.sketch.point",[{"pos":[-1000,-1000,0],"id":3508}]])
[0m[0;32m[2026-09-16 13:06:35.949][VERB] RETURN: {"result":"$3514"}
[0m[0;32m[2026-09-16 13:06:35.949][VERB] COMMANDCALL: _C.SafeAPI.Execute(["v1.sketch.constraint",[{"type":"FIXATION","id":3508,"geomIds":[3514]}]])
[0m[0;32m[2026-09-16 13:06:35.950][VERB] RETURN: {"result":"$3516"}
[0m[0;32m[2026-09-16 13:06:35.950][VERB] COMMANDCALL: _C.SafeAPI.Execute(["v1.sketch.line",[{"startPos":[2.1,1.6,0],"genIncidence":0,"genTangency":0,"genFixation":0,"genVertAndHoriz":0,"id":3508,"endPos":[53,1.6,0]}]])
[0m[0;32m[2026-09-16 13:06:35.951][VERB] RETURN: {"result":"$3518"}
[0m[0;32m[2026-09-16 13:06:35.951][VERB] COMMANDCALL: _C.SafeAPI.Execute(["v1.sketch.getPoints",[{"id":3518}]])
[0m[0;32m[2026-09-16 13:06:35.952][VERB] RETURN: {"result":{"endId":"$3520","startId":"$3519"}}
[0m[0;32m[2026-09-16 13:06:35.952][VERB] COMMANDCALL: _C.SafeAPI.Execute(["v1.sketch.dimension",[{"type":"HORIZONTAL_DISTANCE","value":"@expr.d203_x","name":"x","id":3508,"geomIds":[3514,3519]}]])
[0m[0;32m[2026-09-16 13:06:35.956][VERB] RETURN: {"result":"$3524"}
[0m[0;32m[2026-09-16 13:06:35.956][VERB] COMMANDCALL: _C.SafeAPI.Execute(["v1.sketch.dimension",[{"type":"VERTICAL_DISTANCE","value":"@expr.d204_y","name":"y","id":3508,"geomIds":[3514,3519]}]])
[0m[0;32m[2026-09-16 13:06:35.961][VERB] RETURN: {"result":"$3528"}
[0m[0;32m[2026-09-16 13:06:35.961][VERB] COMMANDCALL: _C.SafeAPI.Execute(["v1.sketch.dimension",[{"type":"HORIZONTAL_DISTANCE","value":"@expr.d205_x","name":"x","id":3508,"geomIds":[3514,3520]}]])
[0m[0;32m[2026-09-16 13:06:35.966][VERB] RETURN: {"result":"$3532"}
[0m[0;32m[2026-09-16 13:06:35.966][VERB] COMMANDCALL: _C.SafeAPI.Execute(["v1.sketch.dimension",[{"type":"VERTICAL_DISTANCE","value":"@expr.d206_y","name":"y","id":3508,"geomIds":[3514,3520]}]])
[0m[0;32m[2026-09-16 13:06:35.972][VERB] RETURN: {"result":"$3536"}
[0m[0;32m[2026-09-16 13:06:35.973][VERB] COMMANDCALL: _C.SafeAPI.Execute(["v1.sketch.line",[{"startPos":[53,1.6,0],"genIncidence":0,"genTangency":0,"genFixation":0,"genVertAndHoriz":0,"id":3508,"endPos":[53.5,2.1,0]}]])
[0m[0;32m[2026-09-16 13:06:35.975][VERB] RETURN: {"result":"$3538"}
[0m[0;32m[2026-09-16 13:06:35.975][VERB] COMMANDCALL: _C.SafeAPI.Execute(["v1.sketch.getPoints",[{"id":3538}]])
[0m[0;32m[2026-09-16 13:06:35.976][VERB] RETURN: {"result":{"endId":"$3540","startId":"$3539"}}
[0m[0;32m[2026-09-16 13:06:35.976][VERB] COMMANDCALL: _C.SafeAPI.Execute(["v1.sketch.dimension",[{"type":"HORIZONTAL_DISTANCE","value":"@expr.d207_x","name":"x","id":3508,"geomIds":[3514,3539]}]])
[0m[0;32m[2026-09-16 13:06:35.983][VERB] RETURN: {"result":"$3544"}
[0m[0;32m[2026-09-16 13:06:35.983][VERB] COMMANDCALL: _C.SafeAPI.Execute(["v1.sketch.dimension",[{"type":"VERTICAL_DISTANCE","value":"@expr.d208_y","name":"y","id":3508,"geomIds":[3514,3539]}]])
[0m[0;32m[2026-09-16 13:06:35.990][VERB] RETURN: {"result":"$3548"}
[0m[0;32m[2026-09-16 13:06:35.991][VERB] COMMANDCALL: _C.SafeAPI.Execute(["v1.sketch.dimension",[{"type":"HORIZONTAL_DISTANCE","value":"@expr.d209_x","name":"x","id":3508,"geomIds":[3514,3540]}]])
[0m[0;32m[2026-09-16 13:06:35.999][VERB] RETURN: {"result":"$3552"}
[0m[0;32m[2026-09-16 13:06:35.999][VERB] COMMANDCALL: _C.SafeAPI.Execute(["v1.sketch.dimension",[{"type":"VERTICAL_DISTANCE","value":"@expr.d210_y","name":"y","id":3508,"geomIds":[3514,3540]}]])
[0m[0;32m[2026-09-16 13:06:36.008][VERB] RETURN: {"result":"$3556"}
[0m[0;32m[2026-09-16 13:06:36.008][VERB] COMMANDCALL: _C.SafeAPI.Execute(["v1.sketch.line",[{"startPos":[53.5,2.1,0],"genIncidence":0,"genTangency":0,"genFixation":0,"genVertAndHoriz":0,"id":3508,"endPos":[53.5,25.1,0]}]])
[0m[0;32m[2026-09-16 13:06:36.012][VERB] RETURN: {"result":"$3558"}
[0m[0;32m[2026-09-16 13:06:36.012][VERB] COMMANDCALL: _C.SafeAPI.Execute(["v1.sketch.getPoints",[{"id":3558}]])
[0m[0;32m[2026-09-16 13:06:36.012][VERB] RETURN: {"result":{"endId":"$3560","startId":"$3559"}}
[0m[0;32m[2026-09-16 13:06:36.013][VERB] COMMANDCALL: _C.SafeAPI.Execute(["v1.sketch.dimension",[{"type":"HORIZONTAL_DISTANCE","value":"@expr.d211_x","name":"x","id":3508,"geomIds":[3514,3559]}]])
[0m[0;32m[2026-09-16 13:06:36.022][VERB] RETURN: {"result":"$3564"}
[0m[0;32m[2026-09-16 13:06:36.023][VERB] COMMANDCALL: _C.SafeAPI.Execute(["v1.sketch.dimension",[{"type":"VERTICAL_DISTANCE","value":"@expr.d212_y","name":"y","id":3508,"geomIds":[3514,3559]}]])
[0m[0;32m[2026-09-16 13:06:36.033][VERB] RETURN: {"result":"$3568"}
[0m[0;32m[2026-09-16 13:06:36.033][VERB] COMMANDCALL: _C.SafeAPI.Execute(["v1.sketch.dimension",[{"type":"HORIZONTAL_DISTANCE","value":"@expr.d213_x","name":"x","id":3508,"geomIds":[3514,3560]}]])
[0m[0;32m[2026-09-16 13:06:36.044][VERB] RETURN: {"result":"$3572"}
[0m[0;32m[2026-09-16 13:06:36.045][VERB] COMMANDCALL: _C.SafeAPI.Execute(["v1.sketch.dimension",[{"type":"VERTICAL_DISTANCE","value":"@expr.d214_y","name":"y","id":3508,"geomIds":[3514,3560]}]])
[0m[0;32m[2026-09-16 13:06:36.056][VERB] RETURN: {"result":"$3576"}
[0m[0;32m[2026-09-16 13:06:36.056][VERB] COMMANDCALL: _C.SafeAPI.Execute(["v1.sketch.line",[{"startPos":[53.5,25.1,0],"genIncidence":0,"genTangency":0,"genFixation":0,"genVertAndHoriz":0,"id":3508,"endPos":[53,25.6,0]}]])
[0m[0;32m[2026-09-16 13:06:36.062][VERB] RETURN: {"result":"$3578"}
[0m[0;32m[2026-09-16 13:06:36.062][VERB] COMMANDCALL: _C.SafeAPI.Execute(["v1.sketch.getPoints",[{"id":3578}]])
[0m[0;32m[2026-09-16 13:06:36.062][VERB] RETURN: {"result":{"endId":"$3580","startId":"$3579"}}
[0m[0;32m[2026-09-16 13:06:36.062][VERB] COMMANDCALL: _C.SafeAPI.Execute(["v1.sketch.dimension",[{"type":"HORIZONTAL_DISTANCE","value":"@expr.d215_x","name":"x","id":3508,"geomIds":[3514,3579]}]])
[0m[0;32m[2026-09-16 13:06:36.075][VERB] RETURN: {"result":"$3584"}
[0m[0;32m[2026-09-16 13:06:36.075][VERB] COMMANDCALL: _C.SafeAPI.Execute(["v1.sketch.dimension",[{"type":"VERTICAL_DISTANCE","value":"@expr.d216_y","name":"y","id":3508,"geomIds":[3514,3579]}]])
[0m[0;32m[2026-09-16 13:06:36.088][VERB] RETURN: {"result":"$3588"}
[0m[0;32m[2026-09-16 13:06:36.088][VERB] COMMANDCALL: _C.SafeAPI.Execute(["v1.sketch.dimension",[{"type":"HORIZONTAL_DISTANCE","value":"@expr.d217_x","name":"x","id":3508,"geomIds":[3514,3580]}]])
[0m[0;32m[2026-09-16 13:06:36.103][VERB] RETURN: {"result":"$3592"}
[0m[0;32m[2026-09-16 13:06:36.103][VERB] COMMANDCALL: _C.SafeAPI.Execute(["v1.sketch.dimension",[{"type":"VERTICAL_DISTANCE","value":"@expr.d218_y","name":"y","id":3508,"geomIds":[3514,3580]}]])
[0m[0;32m[2026-09-16 13:06:36.118][VERB] RETURN: {"result":"$3596"}
[0m[0;32m[2026-09-16 13:06:36.118][VERB] COMMANDCALL: _C.SafeAPI.Execute(["v1.sketch.line",[{"startPos":[53,25.6,0],"genIncidence":0,"genTangency":0,"genFixation":0,"genVertAndHoriz":0,"id":3508,"endPos":[2.1,25.6,0]}]])
[0m[0;32m[2026-09-16 13:06:36.125][VERB] RETURN: {"result":"$3598"}
[0m[0;32m[2026-09-16 13:06:36.125][VERB] COMMANDCALL: _C.SafeAPI.Execute(["v1.sketch.getPoints",[{"id":3598}]])
[0m[0;32m[2026-09-16 13:06:36.125][VERB] RETURN: {"result":{"endId":"$3600","startId":"$3599"}}
[0m[0;32m[2026-09-16 13:06:36.126][VERB] COMMANDCALL: _C.SafeAPI.Execute(["v1.sketch.dimension",[{"type":"HORIZONTAL_DISTANCE","value":"@expr.d219_x","name":"x","id":3508,"geomIds":[3514,3599]}]])
[0m[0;32m[2026-09-16 13:06:36.141][VERB] RETURN: {"result":"$3604"}
[0m[0;32m[2026-09-16 13:06:36.141][VERB] COMMANDCALL: _C.SafeAPI.Execute(["v1.sketch.dimension",[{"type":"VERTICAL_DISTANCE","value":"@expr.d220_y","name":"y","id":3508,"geomIds":[3514,3599]}]])
[0m[0;32m[2026-09-16 13:06:36.158][VERB] RETURN: {"result":"$3608"}
[0m[0;32m[2026-09-16 13:06:36.158][VERB] COMMANDCALL: _C.SafeAPI.Execute(["v1.sketch.dimension",[{"type":"HORIZONTAL_DISTANCE","value":"@expr.d221_x","name":"x","id":3508,"geomIds":[3514,3600]}]])
[0m[0;32m[2026-09-16 13:06:36.175][VERB] RETURN: {"result":"$3612"}
[0m[0;32m[2026-09-16 13:06:36.175][VERB] COMMANDCALL: _C.SafeAPI.Execute(["v1.sketch.dimension",[{"type":"VERTICAL_DISTANCE","value":"@expr.d222_y","name":"y","id":3508,"geomIds":[3514,3600]}]])
[0m[0;32m[2026-09-16 13:06:36.193][VERB] RETURN: {"result":"$3616"}
[0m[0;32m[2026-09-16 13:06:36.193][VERB] COMMANDCALL: _C.SafeAPI.Execute(["v1.sketch.line",[{"startPos":[2.1,25.6,0],"genIncidence":0,"genTangency":0,"genFixation":0,"genVertAndHoriz":0,"id":3508,"endPos":[1.6,25.1,0]}]])
[0m[0;32m[2026-09-16 13:06:36.202][VERB] RETURN: {"result":"$3618"}
[0m[0;32m[2026-09-16 13:06:36.203][VERB] COMMANDCALL: _C.SafeAPI.Execute(["v1.sketch.getPoints",[{"id":3618}]])
[0m[0;32m[2026-09-16 13:06:36.203][VERB] RETURN: {"result":{"endId":"$3620","startId":"$3619"}}
[0m[0;32m[2026-09-16 13:06:36.203][VERB] COMMANDCALL: _C.SafeAPI.Execute(["v1.sketch.dimension",[{"type":"HORIZONTAL_DISTANCE","value":"@expr.d223_x","name":"x","id":3508,"geomIds":[3514,3619]}]])
[0m[0;32m[2026-09-16 13:06:36.222][VERB] RETURN: {"result":"$3624"}
[0m[0;32m[2026-09-16 13:06:36.222][VERB] COMMANDCALL: _C.SafeAPI.Execute(["v1.sketch.dimension",[{"type":"VERTICAL_DISTANCE","value":"@expr.d224_y","name":"y","id":3508,"geomIds":[3514,3619]}]])
[0m[0;32m[2026-09-16 13:06:36.241][VERB] RETURN: {"result":"$3628"}
[0m[0;32m[2026-09-16 13:06:36.241][VERB] COMMANDCALL: _C.SafeAPI.Execute(["v1.sketch.dimension",[{"type":"HORIZONTAL_DISTANCE","value":"@expr.d225_x","name":"x","id":3508,"geomIds":[3514,3620]}]])
[0m[0;32m[2026-09-16 13:06:36.262][VERB] RETURN: {"result":"$3632"}
[0m[0;32m[2026-09-16 13:06:36.262][VERB] COMMANDCALL: _C.SafeAPI.Execute(["v1.sketch.dimension",[{"type":"VERTICAL_DISTANCE","value":"@expr.d226_y","name":"y","id":3508,"geomIds":[3514,3620]}]])
[0m[0;32m[2026-09-16 13:06:36.283][VERB] RETURN: {"result":"$3636"}
[0m[0;32m[2026-09-16 13:06:36.283][VERB] COMMANDCALL: _C.SafeAPI.Execute(["v1.sketch.line",[{"startPos":[1.6,25.1,0],"genIncidence":0,"genTangency":0,"genFixation":0,"genVertAndHoriz":0,"id":3508,"endPos":[1.6,2.1,0]}]])
[0m[0;32m[2026-09-16 13:06:36.293][VERB] RETURN: {"result":"$3638"}
[0m[0;32m[2026-09-16 13:06:36.293][VERB] COMMANDCALL: _C.SafeAPI.Execute(["v1.sketch.getPoints",[{"id":3638}]])
[0m[0;32m[2026-09-16 13:06:36.293][VERB] RETURN: {"result":{"endId":"$3640","startId":"$3639"}}
[0m[0;32m[2026-09-16 13:06:36.293][VERB] COMMANDCALL: _C.SafeAPI.Execute(["v1.sketch.dimension",[{"type":"HORIZONTAL_DISTANCE","value":"@expr.d227_x","name":"x","id":3508,"geomIds":[3514,3639]}]])
[0m[0;32m[2026-09-16 13:06:36.315][VERB] RETURN: {"result":"$3644"}
[0m[0;32m[2026-09-16 13:06:36.315][VERB] COMMANDCALL: _C.SafeAPI.Execute(["v1.sketch.dimension",[{"type":"VERTICAL_DISTANCE","value":"@expr.d228_y","name":"y","id":3508,"geomIds":[3514,3639]}]])
[0m[0;32m[2026-09-16 13:06:36.337][VERB] RETURN: {"result":"$3648"}
[0m[0;32m[2026-09-16 13:06:36.338][VERB] COMMANDCALL: _C.SafeAPI.Execute(["v1.sketch.dimension",[{"type":"HORIZONTAL_DISTANCE","value":"@expr.d229_x","name":"x","id":3508,"geomIds":[3514,3640]}]])
[0m[0;32m[2026-09-16 13:06:36.360][VERB] RETURN: {"result":"$3652"}
[0m[0;32m[2026-09-16 13:06:36.361][VERB] COMMANDCALL: _C.SafeAPI.Execute(["v1.sketch.dimension",[{"type":"VERTICAL_DISTANCE","value":"@expr.d230_y","name":"y","id":3508,"geomIds":[3514,3640]}]])
[0m[0;32m[2026-09-16 13:06:36.384][VERB] RETURN: {"result":"$3656"}
[0m[0;32m[2026-09-16 13:06:36.384][VERB] COMMANDCALL: _C.SafeAPI.Execute(["v1.sketch.line",[{"startPos":[1.6,2.1,0],"genIncidence":0,"genTangency":0,"genFixation":0,"genVertAndHoriz":0,"id":3508,"endPos":[2.1,1.6,0]}]])
[0m[0;32m[2026-09-16 13:06:36.396][VERB] RETURN: {"result":"$3658"}
[0m[0;32m[2026-09-16 13:06:36.396][VERB] COMMANDCALL: _C.SafeAPI.Execute(["v1.sketch.getPoints",[{"id":3658}]])
[0m[0;32m[2026-09-16 13:06:36.396][VERB] RETURN: {"result":{"endId":"$3660","startId":"$3659"}}
[0m[0;32m[2026-09-16 13:06:36.396][VERB] COMMANDCALL: _C.SafeAPI.Execute(["v1.sketch.dimension",[{"type":"HORIZONTAL_DISTANCE","value":"@expr.d231_x","name":"x","id":3508,"geomIds":[3514,3659]}]])
[0m[0;32m[2026-09-16 13:06:36.420][VERB] RETURN: {"result":"$3664"}
[0m[0;32m[2026-09-16 13:06:36.420][VERB] COMMANDCALL: _C.SafeAPI.Execute(["v1.sketch.dimension",[{"type":"VERTICAL_DISTANCE","value":"@expr.d232_y","name":"y","id":3508,"geomIds":[3514,3659]}]])
[0m[0;32m[2026-09-16 13:06:36.445][VERB] RETURN: {"result":"$3668"}
[0m[0;32m[2026-09-16 13:06:36.446][VERB] COMMANDCALL: _C.SafeAPI.Execute(["v1.sketch.dimension",[{"type":"HORIZONTAL_DISTANCE","value":"@expr.d233_x","name":"x","id":3508,"geomIds":[3514,3660]}]])
[0m[0;32m[2026-09-16 13:06:36.471][VERB] RETURN: {"result":"$3672"}
[0m[0;32m[2026-09-16 13:06:36.472][VERB] COMMANDCALL: _C.SafeAPI.Execute(["v1.sketch.dimension",[{"type":"VERTICAL_DISTANCE","value":"@expr.d234_y","name":"y","id":3508,"geomIds":[3514,3660]}]])
[0m[0;32m[2026-09-16 13:06:36.499][VERB] RETURN: {"result":"$3676"}
[0m[0;32m[2026-09-16 13:06:36.499][VERB] COMMANDCALL: _C.SafeAPI.Execute(["v1.part.extrusion",[{"references":[3518,3538,3558,3578,3598,3618,3638,3658],"name":"F202_extrude_shell_skin_py_69","taperAngle":0,"limit2":"@expr.d235_height","id":4}]])
[0m[0;32m[2026-09-16 13:06:36.505][VERB] RETURN: {"result":"$3680"}
[0m[0;32m[2026-09-16 13:06:36.505][VERB] COMMANDCALL: _C.SafeAPI.Execute(["v1.part.translation",[{"references":[34],"name":"F202_extrude_shell_skin_py_69_2","id":4,"targets":[3680],"distance":"@expr.d236_position"}]])
[0m[0;32m[2026-09-16 13:06:36.509][VERB] RETURN: {"result":"$3751"}
[0m[2026-09-16 13:06:36.553][DEBUG] Build graphic in: 26ms
[0;32m[2026-09-16 13:06:36.561][VERB] COMMANDCALL: _C.SafeAPI.Execute(["v1.part.chamfer",[{"references":[3695,3736,3696,3738,3697,3739,3698,3740,3699,3741,3700,3742,3701,3743,3702,3744],"name":"F201_chamfer_shell_skin_py_17","id":4,"distance1":"@expr.d237_chamfer"}]])
[0m[0;32m[2026-09-16 13:06:36.633][VERB] RETURN: {"result":"$3762"}
[0m[0;32m[2026-09-16 13:06:36.634][VERB] COMMANDCALL: _C.SafeAPI.Execute(["v1.part.boolean",[{"type":"SUBTRACTION","tools":[3762],"target":3169,"name":"F0_cut_housing_shell_py_58_tool_0","id":4}]])
[0m[0;32m[2026-09-16 13:06:36.652][VERB] RETURN: {"result":"$3939"}
[0m[0;32m[2026-09-16 13:06:36.652][VERB] COMMANDCALL: _C.SafeAPI.Execute(["v1.sketch.create",[{"planeId":38,"name":"F239_extrude_shell_skin_py_69_profile","id":4}]])
[0m[0;32m[2026-09-16 13:06:36.654][VERB] RETURN: {"result":"$4125"}
[0m[0;32m[2026-09-16 13:06:36.654][VERB] COMMANDCALL: _C.SafeAPI.Execute(["v1.sketch.point",[{"pos":[-1000,-1000,0],"id":4125}]])
[0m[0;32m[2026-09-16 13:06:36.655][VERB] RETURN: {"result":"$4131"}
[0m[0;32m[2026-09-16 13:06:36.655][VERB] COMMANDCALL: _C.SafeAPI.Execute(["v1.sketch.constraint",[{"type":"FIXATION","id":4125,"geomIds":[4131]}]])
[0m[0;32m[2026-09-16 13:06:36.656][VERB] RETURN: {"result":"$4133"}
[0m[0;32m[2026-09-16 13:06:36.656][VERB] COMMANDCALL: _C.SafeAPI.Execute(["v1.sketch.line",[{"startPos":[2.1,23,0],"genIncidence":0,"genTangency":0,"genFixation":0,"genVertAndHoriz":0,"id":4125,"endPos":[54.7,23,0]}]])
[0m[0;32m[2026-09-16 13:06:36.658][VERB] RETURN: {"result":"$4135"}
[0m[0;32m[2026-09-16 13:06:36.658][VERB] COMMANDCALL: _C.SafeAPI.Execute(["v1.sketch.getPoints",[{"id":4135}]])
[0m[0;32m[2026-09-16 13:06:36.658][VERB] RETURN: {"result":{"endId":"$4137","startId":"$4136"}}
[0m[0;32m[2026-09-16 13:06:36.658][VERB] COMMANDCALL: _C.SafeAPI.Execute(["v1.sketch.dimension",[{"type":"HORIZONTAL_DISTANCE","value":"@expr.d240_x","name":"x","id":4125,"geomIds":[4131,4136]}]])
[0m[0;32m[2026-09-16 13:06:36.662][VERB] RETURN: {"result":"$4141"}
[0m[0;32m[2026-09-16 13:06:36.662][VERB] COMMANDCALL: _C.SafeAPI.Execute(["v1.sketch.dimension",[{"type":"VERTICAL_DISTANCE","value":"@expr.d241_y","name":"y","id":4125,"geomIds":[4131,4136]}]])
[0m[0;32m[2026-09-16 13:06:36.667][VERB] RETURN: {"result":"$4145"}
[0m[0;32m[2026-09-16 13:06:36.667][VERB] COMMANDCALL: _C.SafeAPI.Execute(["v1.sketch.dimension",[{"type":"HORIZONTAL_DISTANCE","value":"@expr.d242_x","name":"x","id":4125,"geomIds":[4131,4137]}]])
[0m[0;32m[2026-09-16 13:06:36.673][VERB] RETURN: {"result":"$4149"}
[0m[0;32m[2026-09-16 13:06:36.673][VERB] COMMANDCALL: _C.SafeAPI.Execute(["v1.sketch.dimension",[{"type":"VERTICAL_DISTANCE","value":"@expr.d243_y","name":"y","id":4125,"geomIds":[4131,4137]}]])
[0m[0;32m[2026-09-16 13:06:36.680][VERB] RETURN: {"result":"$4153"}
[0m[0;32m[2026-09-16 13:06:36.680][VERB] COMMANDCALL: _C.SafeAPI.Execute(["v1.sketch.line",[{"startPos":[54.7,23,0],"genIncidence":0,"genTangency":0,"genFixation":0,"genVertAndHoriz":0,"id":4125,"endPos":[55.2,23.5,0]}]])
[0m[0;32m[2026-09-16 13:06:36.683][VERB] RETURN: {"result":"$4155"}
[0m[0;32m[2026-09-16 13:06:36.683][VERB] COMMANDCALL: _C.SafeAPI.Execute(["v1.sketch.getPoints",[{"id":4155}]])
[0m[0;32m[2026-09-16 13:06:36.683][VERB] RETURN: {"result":{"endId":"$4157","startId":"$4156"}}
[0m[0;32m[2026-09-16 13:06:36.683][VERB] COMMANDCALL: _C.SafeAPI.Execute(["v1.sketch.dimension",[{"type":"HORIZONTAL_DISTANCE","value":"@expr.d244_x","name":"x","id":4125,"geomIds":[4131,4156]}]])
[0m[0;32m[2026-09-16 13:06:36.690][VERB] RETURN: {"result":"$4161"}
[0m[0;32m[2026-09-16 13:06:36.690][VERB] COMMANDCALL: _C.SafeAPI.Execute(["v1.sketch.dimension",[{"type":"VERTICAL_DISTANCE","value":"@expr.d245_y","name":"y","id":4125,"geomIds":[4131,4156]}]])
[0m[0;32m[2026-09-16 13:06:36.698][VERB] RETURN: {"result":"$4165"}
[0m[0;32m[2026-09-16 13:06:36.698][VERB] COMMANDCALL: _C.SafeAPI.Execute(["v1.sketch.dimension",[{"type":"HORIZONTAL_DISTANCE","value":"@expr.d246_x","name":"x","id":4125,"geomIds":[4131,4157]}]])
[0m[0;32m[2026-09-16 13:06:36.706][VERB] RETURN: {"result":"$4169"}
[0m[0;32m[2026-09-16 13:06:36.706][VERB] COMMANDCALL: _C.SafeAPI.Execute(["v1.sketch.dimension",[{"type":"VERTICAL_DISTANCE","value":"@expr.d247_y","name":"y","id":4125,"geomIds":[4131,4157]}]])
[0m[0;32m[2026-09-16 13:06:36.716][VERB] RETURN: {"result":"$4173"}
[0m[0;32m[2026-09-16 13:06:36.716][VERB] COMMANDCALL: _C.SafeAPI.Execute(["v1.sketch.line",[{"startPos":[55.2,23.5,0],"genIncidence":0,"genTangency":0,"genFixation":0,"genVertAndHoriz":0,"id":4125,"endPos":[55.2,61.9,0]}]])
[0m[0;32m[2026-09-16 13:06:36.720][VERB] RETURN: {"result":"$4175"}
[0m[0;32m[2026-09-16 13:06:36.720][VERB] COMMANDCALL: _C.SafeAPI.Execute(["v1.sketch.getPoints",[{"id":4175}]])
[0m[0;32m[2026-09-16 13:06:36.720][VERB] RETURN: {"result":{"endId":"$4177","startId":"$4176"}}
[0m[0;32m[2026-09-16 13:06:36.720][VERB] COMMANDCALL: _C.SafeAPI.Execute(["v1.sketch.dimension",[{"type":"HORIZONTAL_DISTANCE","value":"@expr.d248_x","name":"x","id":4125,"geomIds":[4131,4176]}]])
[0m[0;32m[2026-09-16 13:06:36.730][VERB] RETURN: {"result":"$4181"}
[0m[0;32m[2026-09-16 13:06:36.730][VERB] COMMANDCALL: _C.SafeAPI.Execute(["v1.sketch.dimension",[{"type":"VERTICAL_DISTANCE","value":"@expr.d249_y","name":"y","id":4125,"geomIds":[4131,4176]}]])
[0m[0;32m[2026-09-16 13:06:36.741][VERB] RETURN: {"result":"$4185"}
[0m[0;32m[2026-09-16 13:06:36.741][VERB] COMMANDCALL: _C.SafeAPI.Execute(["v1.sketch.dimension",[{"type":"HORIZONTAL_DISTANCE","value":"@expr.d250_x","name":"x","id":4125,"geomIds":[4131,4177]}]])
[0m[0;32m[2026-09-16 13:06:36.752][VERB] RETURN: {"result":"$4189"}
[0m[0;32m[2026-09-16 13:06:36.752][VERB] COMMANDCALL: _C.SafeAPI.Execute(["v1.sketch.dimension",[{"type":"VERTICAL_DISTANCE","value":"@expr.d251_y","name":"y","id":4125,"geomIds":[4131,4177]}]])
[0m[0;32m[2026-09-16 13:06:36.764][VERB] RETURN: {"result":"$4193"}
[0m[0;32m[2026-09-16 13:06:36.764][VERB] COMMANDCALL: _C.SafeAPI.Execute(["v1.sketch.line",[{"startPos":[55.2,61.9,0],"genIncidence":0,"genTangency":0,"genFixation":0,"genVertAndHoriz":0,"id":4125,"endPos":[54.7,62.4,0]}]])
[0m[0;32m[2026-09-16 13:06:36.770][VERB] RETURN: {"result":"$4195"}
[0m[0;32m[2026-09-16 13:06:36.770][VERB] COMMANDCALL: _C.SafeAPI.Execute(["v1.sketch.getPoints",[{"id":4195}]])
[0m[0;32m[2026-09-16 13:06:36.770][VERB] RETURN: {"result":{"endId":"$4197","startId":"$4196"}}
[0m[0;32m[2026-09-16 13:06:36.770][VERB] COMMANDCALL: _C.SafeAPI.Execute(["v1.sketch.dimension",[{"type":"HORIZONTAL_DISTANCE","value":"@expr.d252_x","name":"x","id":4125,"geomIds":[4131,4196]}]])
[0m[0;32m[2026-09-16 13:06:36.783][VERB] RETURN: {"result":"$4201"}
[0m[0;32m[2026-09-16 13:06:36.783][VERB] COMMANDCALL: _C.SafeAPI.Execute(["v1.sketch.dimension",[{"type":"VERTICAL_DISTANCE","value":"@expr.d253_y","name":"y","id":4125,"geomIds":[4131,4196]}]])
[0m[0;32m[2026-09-16 13:06:36.796][VERB] RETURN: {"result":"$4205"}
[0m[0;32m[2026-09-16 13:06:36.796][VERB] COMMANDCALL: _C.SafeAPI.Execute(["v1.sketch.dimension",[{"type":"HORIZONTAL_DISTANCE","value":"@expr.d254_x","name":"x","id":4125,"geomIds":[4131,4197]}]])
[0m[0;32m[2026-09-16 13:06:36.811][VERB] RETURN: {"result":"$4209"}
[0m[0;32m[2026-09-16 13:06:36.811][VERB] COMMANDCALL: _C.SafeAPI.Execute(["v1.sketch.dimension",[{"type":"VERTICAL_DISTANCE","value":"@expr.d255_y","name":"y","id":4125,"geomIds":[4131,4197]}]])
[0m[0;32m[2026-09-16 13:06:36.825][VERB] RETURN: {"result":"$4213"}
[0m[0;32m[2026-09-16 13:06:36.826][VERB] COMMANDCALL: _C.SafeAPI.Execute(["v1.sketch.line",[{"startPos":[54.7,62.4,0],"genIncidence":0,"genTangency":0,"genFixation":0,"genVertAndHoriz":0,"id":4125,"endPos":[2.1,62.4,0]}]])
[0m[0;32m[2026-09-16 13:06:36.833][VERB] RETURN: {"result":"$4215"}
[0m[0;32m[2026-09-16 13:06:36.833][VERB] COMMANDCALL: _C.SafeAPI.Execute(["v1.sketch.getPoints",[{"id":4215}]])
[0m[0;32m[2026-09-16 13:06:36.833][VERB] RETURN: {"result":{"endId":"$4217","startId":"$4216"}}
[0m[0;32m[2026-09-16 13:06:36.833][VERB] COMMANDCALL: _C.SafeAPI.Execute(["v1.sketch.dimension",[{"type":"HORIZONTAL_DISTANCE","value":"@expr.d256_x","name":"x","id":4125,"geomIds":[4131,4216]}]])
[0m[0;32m[2026-09-16 13:06:36.849][VERB] RETURN: {"result":"$4221"}
[0m[0;32m[2026-09-16 13:06:36.849][VERB] COMMANDCALL: _C.SafeAPI.Execute(["v1.sketch.dimension",[{"type":"VERTICAL_DISTANCE","value":"@expr.d257_y","name":"y","id":4125,"geomIds":[4131,4216]}]])
[0m[0;32m[2026-09-16 13:06:36.865][VERB] RETURN: {"result":"$4225"}
[0m[0;32m[2026-09-16 13:06:36.866][VERB] COMMANDCALL: _C.SafeAPI.Execute(["v1.sketch.dimension",[{"type":"HORIZONTAL_DISTANCE","value":"@expr.d258_x","name":"x","id":4125,"geomIds":[4131,4217]}]])
[0m[0;32m[2026-09-16 13:06:36.883][VERB] RETURN: {"result":"$4229"}
[0m[0;32m[2026-09-16 13:06:36.883][VERB] COMMANDCALL: _C.SafeAPI.Execute(["v1.sketch.dimension",[{"type":"VERTICAL_DISTANCE","value":"@expr.d259_y","name":"y","id":4125,"geomIds":[4131,4217]}]])
[0m[0;32m[2026-09-16 13:06:36.900][VERB] RETURN: {"result":"$4233"}
[0m[0;32m[2026-09-16 13:06:36.900][VERB] COMMANDCALL: _C.SafeAPI.Execute(["v1.sketch.line",[{"startPos":[2.1,62.4,0],"genIncidence":0,"genTangency":0,"genFixation":0,"genVertAndHoriz":0,"id":4125,"endPos":[1.6,61.9,0]}]])
[0m[0;32m[2026-09-16 13:06:36.909][VERB] RETURN: {"result":"$4235"}
[0m[0;32m[2026-09-16 13:06:36.909][VERB] COMMANDCALL: _C.SafeAPI.Execute(["v1.sketch.getPoints",[{"id":4235}]])
[0m[0;32m[2026-09-16 13:06:36.909][VERB] RETURN: {"result":{"endId":"$4237","startId":"$4236"}}
[0m[0;32m[2026-09-16 13:06:36.909][VERB] COMMANDCALL: _C.SafeAPI.Execute(["v1.sketch.dimension",[{"type":"HORIZONTAL_DISTANCE","value":"@expr.d260_x","name":"x","id":4125,"geomIds":[4131,4236]}]])
[0m[0;32m[2026-09-16 13:06:36.927][VERB] RETURN: {"result":"$4241"}
[0m[0;32m[2026-09-16 13:06:36.927][VERB] COMMANDCALL: _C.SafeAPI.Execute(["v1.sketch.dimension",[{"type":"VERTICAL_DISTANCE","value":"@expr.d261_y","name":"y","id":4125,"geomIds":[4131,4236]}]])
[0m[0;32m[2026-09-16 13:06:36.947][VERB] RETURN: {"result":"$4245"}
[0m[0;32m[2026-09-16 13:06:36.947][VERB] COMMANDCALL: _C.SafeAPI.Execute(["v1.sketch.dimension",[{"type":"HORIZONTAL_DISTANCE","value":"@expr.d262_x","name":"x","id":4125,"geomIds":[4131,4237]}]])
[0m[0;32m[2026-09-16 13:06:36.966][VERB] RETURN: {"result":"$4249"}
[0m[0;32m[2026-09-16 13:06:36.966][VERB] COMMANDCALL: _C.SafeAPI.Execute(["v1.sketch.dimension",[{"type":"VERTICAL_DISTANCE","value":"@expr.d263_y","name":"y","id":4125,"geomIds":[4131,4237]}]])
[0m[0;32m[2026-09-16 13:06:36.987][VERB] RETURN: {"result":"$4253"}
[0m[0;32m[2026-09-16 13:06:36.987][VERB] COMMANDCALL: _C.SafeAPI.Execute(["v1.sketch.line",[{"startPos":[1.6,61.9,0],"genIncidence":0,"genTangency":0,"genFixation":0,"genVertAndHoriz":0,"id":4125,"endPos":[1.6,23.5,0]}]])
[0m[0;32m[2026-09-16 13:06:36.997][VERB] RETURN: {"result":"$4255"}
[0m[0;32m[2026-09-16 13:06:36.997][VERB] COMMANDCALL: _C.SafeAPI.Execute(["v1.sketch.getPoints",[{"id":4255}]])
[0m[0;32m[2026-09-16 13:06:36.997][VERB] RETURN: {"result":{"endId":"$4257","startId":"$4256"}}
[0m[0;32m[2026-09-16 13:06:36.997][VERB] COMMANDCALL: _C.SafeAPI.Execute(["v1.sketch.dimension",[{"type":"HORIZONTAL_DISTANCE","value":"@expr.d264_x","name":"x","id":4125,"geomIds":[4131,4256]}]])
[0m[0;32m[2026-09-16 13:06:37.019][VERB] RETURN: {"result":"$4261"}
[0m[0;32m[2026-09-16 13:06:37.019][VERB] COMMANDCALL: _C.SafeAPI.Execute(["v1.sketch.dimension",[{"type":"VERTICAL_DISTANCE","value":"@expr.d265_y","name":"y","id":4125,"geomIds":[4131,4256]}]])
[0m[0;32m[2026-09-16 13:06:37.041][VERB] RETURN: {"result":"$4265"}
[0m[0;32m[2026-09-16 13:06:37.041][VERB] COMMANDCALL: _C.SafeAPI.Execute(["v1.sketch.dimension",[{"type":"HORIZONTAL_DISTANCE","value":"@expr.d266_x","name":"x","id":4125,"geomIds":[4131,4257]}]])
[0m[0;32m[2026-09-16 13:06:37.064][VERB] RETURN: {"result":"$4269"}
[0m[0;32m[2026-09-16 13:06:37.065][VERB] COMMANDCALL: _C.SafeAPI.Execute(["v1.sketch.dimension",[{"type":"VERTICAL_DISTANCE","value":"@expr.d267_y","name":"y","id":4125,"geomIds":[4131,4257]}]])
[0m[0;32m[2026-09-16 13:06:37.088][VERB] RETURN: {"result":"$4273"}
[0m[0;32m[2026-09-16 13:06:37.088][VERB] COMMANDCALL: _C.SafeAPI.Execute(["v1.sketch.line",[{"startPos":[1.6,23.5,0],"genIncidence":0,"genTangency":0,"genFixation":0,"genVertAndHoriz":0,"id":4125,"endPos":[2.1,23,0]}]])
[0m[0;32m[2026-09-16 13:06:37.100][VERB] RETURN: {"result":"$4275"}
[0m[0;32m[2026-09-16 13:06:37.100][VERB] COMMANDCALL: _C.SafeAPI.Execute(["v1.sketch.getPoints",[{"id":4275}]])
[0m[0;32m[2026-09-16 13:06:37.100][VERB] RETURN: {"result":{"endId":"$4277","startId":"$4276"}}
[0m[0;32m[2026-09-16 13:06:37.100][VERB] COMMANDCALL: _C.SafeAPI.Execute(["v1.sketch.dimension",[{"type":"HORIZONTAL_DISTANCE","value":"@expr.d268_x","name":"x","id":4125,"geomIds":[4131,4276]}]])
[0m[0;32m[2026-09-16 13:06:37.124][VERB] RETURN: {"result":"$4281"}
[0m[0;32m[2026-09-16 13:06:37.125][VERB] COMMANDCALL: _C.SafeAPI.Execute(["v1.sketch.dimension",[{"type":"VERTICAL_DISTANCE","value":"@expr.d269_y","name":"y","id":4125,"geomIds":[4131,4276]}]])
[0m[0;32m[2026-09-16 13:06:37.150][VERB] RETURN: {"result":"$4285"}
[0m[0;32m[2026-09-16 13:06:37.150][VERB] COMMANDCALL: _C.SafeAPI.Execute(["v1.sketch.dimension",[{"type":"HORIZONTAL_DISTANCE","value":"@expr.d270_x","name":"x","id":4125,"geomIds":[4131,4277]}]])
[0m[0;32m[2026-09-16 13:06:37.176][VERB] RETURN: {"result":"$4289"}
[0m[0;32m[2026-09-16 13:06:37.176][VERB] COMMANDCALL: _C.SafeAPI.Execute(["v1.sketch.dimension",[{"type":"VERTICAL_DISTANCE","value":"@expr.d271_y","name":"y","id":4125,"geomIds":[4131,4277]}]])
[0m[0;32m[2026-09-16 13:06:37.202][VERB] RETURN: {"result":"$4293"}
[0m[0;32m[2026-09-16 13:06:37.203][VERB] COMMANDCALL: _C.SafeAPI.Execute(["v1.part.extrusion",[{"references":[4135,4155,4175,4195,4215,4235,4255,4275],"name":"F239_extrude_shell_skin_py_69","taperAngle":0,"limit2":"@expr.d272_height","id":4}]])
[0m[0;32m[2026-09-16 13:06:37.208][VERB] RETURN: {"result":"$4297"}
[0m[0;32m[2026-09-16 13:06:37.209][VERB] COMMANDCALL: _C.SafeAPI.Execute(["v1.part.translation",[{"references":[34],"name":"F239_extrude_shell_skin_py_69_2","id":4,"targets":[4297],"distance":"@expr.d273_position"}]])
[0m[0;32m[2026-09-16 13:06:37.212][VERB] RETURN: {"result":"$4368"}
[0m[2026-09-16 13:06:37.263][DEBUG] Build graphic in: 30ms
[0;32m[2026-09-16 13:06:37.272][VERB] COMMANDCALL: _C.SafeAPI.Execute(["v1.part.chamfer",[{"references":[4312,4353,4313,4355,4314,4356,4315,4357,4316,4358,4317,4359,4318,4360,4319,4361],"name":"F238_chamfer_shell_skin_py_17","id":4,"distance1":"@expr.d274_chamfer"}]])
[0m[0;32m[2026-09-16 13:06:37.345][VERB] RETURN: {"result":"$4379"}
[0m[0;32m[2026-09-16 13:06:37.346][VERB] COMMANDCALL: _C.SafeAPI.Execute(["v1.part.boolean",[{"type":"SUBTRACTION","tools":[4379],"target":3939,"name":"F0_cut_housing_shell_py_58_tool_1","id":4}]])
[0m[0;32m[2026-09-16 13:06:37.366][VERB] [What to do in that case?] 
Function: CADH_SubSolidNew
File: /Users/dev/dev/awv/classcad/runtime/Source/BaseSystemSTL/c/CADH_Service.cpp,     Line: 2754
[0m[0;31m[2026-09-16 13:06:37.366][ERROR] [Evaluation error in Subtraction.CreateCCOperation::PROC:[What to do in that case?] 
Function: CADH_SubSolidNew
File: /Users/dev/dev/awv/classcad/runtime/Source/BaseSystemSTL/c/CADH_Service.cpp,     Line: 2754] 
[0m[0;32m[2026-09-16 13:06:37.367][VERB] RETURN: {"maxLevel":51,"messages":[{"message":"[Evaluation error in Subtraction.CreateCCOperation::PROC:[What to do in that case?] \nFunction: CADH_SubSolidNew\nFile: /Users/dev/dev/awv/classcad/runtime/Source/BaseSystemSTL/c/CADH_Service.cpp,     Line: 2754] ","code":0,"level":51,"api":"v1.par ...
[0m[0;32m[2026-09-16 13:06:37.368][VERB] 0x7a0f8bdc80 SetZeichnung
[0m[0;32m[2026-09-16 13:06:37.368][VERB] COMMANDCALL: _C.SafeAPI.Execute(["v1.common.clear",[{}]])
[0m[0;32m[2026-09-16 13:06:37.368][VERB] RETURN: {"result":null}
[0m[0;32m[2026-09-16 13:06:37.376][VERB] 0x7a0f8bde00 Delete Zeichnung
[0m[0;32m[2026-09-16 13:06:37.376][VERB] 0x0 SetZeichnung
[0m[0;32m[2026-09-16 13:06:37.376][VERB] 0x7a0f8bdc80 Delete Zeichnung
[0m
libc++abi: terminating due to uncaught exception of type std::__1::system_error: condition_variable wait failed: Invalid argument
[0;32m[2026-09-16 13:06:37.396][VERB] 0x7a0f8bc180 Delete Zeichnung
[0m[0;32m[2026-09-16 13:06:37.396][VERB] 0x7a0f8bd980 Delete Zeichnung
[0m[0;32m[2026-09-16 13:06:37.396][INFO] Server stop listen on 0.0.0.0:19094
[0m[0;32m[2026-09-16 13:06:37.396][INFO] Server stop listen on 0.0.0.0:19095
[0m[0;32m[2026-09-16 13:06:37.396][INFO] Server down
[0m