[0;32m[2026-09-16 13:19:24.375][INFO] STARTING CLASSCAD...
[0m[0;32m[2026-09-16 13:19:24.375][INFO] Current working directory  : /Users/dev/dev/awv/classcad
[0m[0;32m[2026-09-16 13:19:24.375][INFO] Config file: /Users/dev/dev/awv/classcad/.classcad.ini
[0m[0;32m[2026-09-16 13:19:24.375][INFO] Config file: /Users/dev/dev/awv/classcad/.classcad.ini
[0m[0;32m[2026-09-16 13:19:24.375][INFO] Config file: /Users/dev/dev/awv/classcad/.classcad.user.ini
[0m[0;32m[2026-09-16 13:19:24.375][INFO] Config file: /Users/dev/dev/awv/classcad-ai/workspace/training/2026-09-16_12-50-53_pvs-cavity-boolean/worker.ini
[0m[0;32m[2026-09-16 13:19:24.375][INFO] Ensure CompressionService is loaded
[0m[0;32m[2026-09-16 13:19:24.375][INFO] Ensure JWTService is loaded
[0m[0;32m[2026-09-16 13:19:24.375][INFO] Run the command 'worker'
[0m[0;32m[2026-09-16 13:19:24.375][INFO] Current working directory  : /Users/dev/dev/awv/classcad
[0m[0;32m[2026-09-16 13:19:24.375][INFO] Executable | file name     : classcad-cli
[0m[0;32m[2026-09-16 13:19:24.375][INFO] Executable | file path     : /Users/dev/dev/awv/classcad/runtime/output/arm64-osx-clang/release/classcad-cli
[0m[0;32m[2026-09-16 13:19:24.375][INFO] Executable | directory     : /Users/dev/dev/awv/classcad/runtime/output/arm64-osx-clang/release
[0m[0;32m[2026-09-16 13:19:24.375][INFO] Config | verbose file name : /Users/dev/dev/awv/classcad-ai/workspace/training/2026-09-16_12-50-53_pvs-cavity-boolean/files/worker.log
[0m[0;32m[2026-09-16 13:19:24.376][INFO] Config | verbose level     : 16583
[0m[0;32m[2026-09-16 13:19:24.376][INFO] Config | log level         : debug
[0m[0;32m[2026-09-16 13:19:24.376][INFO] Config | data path         : ./data
[0m[0;32m[2026-09-16 13:19:24.376][INFO] Config | class path        : 
[0m[0;32m[2026-09-16 13:19:24.376][INFO] Config | classes system    : ./cclasses/Source;System;Common.*;BaseModeling.*;CAD;Sheet;
[0m[0;32m[2026-09-16 13:19:24.376][INFO] Config | classes user      : ./cclasses/Source/Tests;*;
[0m[0;32m[2026-09-16 13:19:24.376][INFO] Config | classes user      : ./standalone/t3d/Source;T3D.*;T3DSolidEditor.*;T3DSolidEditor;T3DTesting;GTC.*;ISO_Tool.*;ISOChecker.*;
[0m[0;32m[2026-09-16 13:19:24.376][INFO] Config | classes user      : ./cclasses/Source/FeatureModeler;*;
[0m[0;32m[2026-09-16 13:19:24.812][VERB] libSMLibService.dylib is loaded
[0m[0;32m[2026-09-16 13:19:24.813][VERB] libSMLibExpressService.dylib is loaded
[0m[0;32m[2026-09-16 13:19:24.815][VERB] libBrepSimplificationService.dylib is loaded
[0m[0;32m[2026-09-16 13:19:24.816][VERB] libECXMLService.dylib is loaded
[0m[0;32m[2026-09-16 13:19:24.816][VERB] libJWTService.dylib is loaded
[0m[0;32m[2026-09-16 13:19:24.817][VERB] libGenericService.dylib is loaded
[0m[0;32m[2026-09-16 13:19:24.818][VERB] libLGSService.dylib is loaded
[0m[0;32m[2026-09-16 13:19:24.820][VERB] libLGS3DService.dylib is loaded
[0m[0;32m[2026-09-16 13:19:24.823][VERB] libIDEConnectionService.dylib is loaded
[0m[2026-09-16 13:19:24] [info] asio listen error: system:48 (Address already in use)
[0;32m[2026-09-16 13:19:24.823][VERB] libRapidXmlService.dylib is loaded
[0m[0;32m[2026-09-16 13:19:24.823][VERB] libNetworkService.dylib is loaded
[0m[0;32m[2026-09-16 13:19:24.824][VERB] libTestService.dylib is loaded
[0m[0;31m[2026-09-16 13:19:24.825][ERROR] The Service-DLL DxfService could not be loaded.
ErrorCode: dlopen(DxfServiced.dylib, 0x0001): tried: 'DxfServiced.dylib' (no such file), '/System/Volumes/Preboot/Cryptexes/OSDxfServiced.dylib' (no such file), '/Users/dev/dev/awv/classcad/runtime/output/arm64-osx-clang/release/DxfServiced.dylib' (no such file), '/Users/dev/dev/awv/classcad/runtime/output/arm64-osx-clang/release/DxfServiced.dylib' (no such file), '/usr/lib/DxfServiced.dylib' (no such file, not in dyld cache), 'DxfServiced.dylib' (no such file)
The service functions of this DLL are therefore not available.
[0m[0;32m[2026-09-16 13:19:24.826][VERB] libCryptoRtService.dylib is loaded
[0m[0;31m[2026-09-16 13:19:24.826][ERROR] The Service-DLL CryptoDevService could not be loaded.
ErrorCode: dlopen(CryptoDevServiced.dylib, 0x0001): tried: 'CryptoDevServiced.dylib' (no such file), '/System/Volumes/Preboot/Cryptexes/OSCryptoDevServiced.dylib' (no such file), '/Users/dev/dev/awv/classcad/runtime/output/arm64-osx-clang/release/CryptoDevServiced.dylib' (no such file), '/Users/dev/dev/awv/classcad/runtime/output/arm64-osx-clang/release/CryptoDevServiced.dylib' (no such file), '/usr/lib/CryptoDevServiced.dylib' (no such file, not in dyld cache), 'CryptoDevServiced.dylib' (no such file)
The service functions of this DLL are therefore not available.
[0m[0;33m[2026-09-16 13:19:24.839][WARN] Path does not exist '/Users/dev/dev/awv/classcad/standalone/t3d/Source'. It is defined for class path 't3d'.
[0m[0;32m[2026-09-16 13:19:24.840][INFO] Load classes for 'system' from '/Users/dev/dev/awv/classcad/cclasses/Source'
[0m[0;32m[2026-09-16 13:19:24.973][INFO] Load classes for 'tests' from '/Users/dev/dev/awv/classcad/cclasses/Source/Tests'
[0m[0;32m[2026-09-16 13:19:25.055][INFO] Load classes for 't3d' from '/Users/dev/dev/awv/classcad/standalone/t3d/Source'
[0m[0;33m[2026-09-16 13:19:25.055][WARN] Tried to load from invalid class path 't3d'
[0m[0;32m[2026-09-16 13:19:25.055][INFO] Load classes for 'fm' from '/Users/dev/dev/awv/classcad/cclasses/Source/FeatureModeler'
[0m[0;32m[2026-09-16 13:19:25.070][VERB] 0x7a89043000 Create Zeichnung
[0m[0;32m[2026-09-16 13:19:25.070][VERB] 0x7a89043000 SetZeichnung
[0m[0;32m[2026-09-16 13:19:25.072][VERB] Grundklasse::InitApplication was successful.
[0m[0;32m[2026-09-16 13:19:25.073][VERB] [info] Initializing BaseModelerApp
[0m[0;32m[2026-09-16 13:19:25.073][VERB] Change application string/text encoding to UTF-8
[0m[0;32m[2026-09-16 13:19:25.073][VERB] [info] Developer mode is active
[0m[0;32m[2026-09-16 13:19:25.074][VERB] [info] Initializing BuerliDemoApp
[0m[0;32m[2026-09-16 13:19:25.074][VERB] API v0/common already registered!
[0m[0;32m[2026-09-16 13:19:25.074][VERB] API v0/basemodeler already registered!
[0m[0;32m[2026-09-16 13:19:25.075][VERB] Registered API's:
[0m[0;32m[2026-09-16 13:19:25.075][VERB]   v0
[0m[0;32m[2026-09-16 13:19:25.075][VERB]     assemblybuilder
[0m[0;32m[2026-09-16 13:19:25.075][VERB]     basemodeler
[0m[0;32m[2026-09-16 13:19:25.075][VERB]     common
[0m[0;32m[2026-09-16 13:19:25.075][VERB]     developer
[0m[0;32m[2026-09-16 13:19:25.075][VERB]     drawing2d
[0m[0;32m[2026-09-16 13:19:25.075][VERB]     feature
[0m[0;32m[2026-09-16 13:19:25.075][VERB]     geometry
[0m[0;32m[2026-09-16 13:19:25.075][VERB]     geometryformatconverter
[0m[0;32m[2026-09-16 13:19:25.075][VERB]     network
[0m[0;32m[2026-09-16 13:19:25.075][VERB]     sketcher
[0m[0;32m[2026-09-16 13:19:25.075][VERB]     solid
[0m[0;32m[2026-09-16 13:19:25.075][VERB]     tooling
[0m[0;32m[2026-09-16 13:19:25.075][VERB]   v1
[0m[0;32m[2026-09-16 13:19:25.075][VERB]     assembly
[0m[0;32m[2026-09-16 13:19:25.075][VERB]     brep
[0m[0;32m[2026-09-16 13:19:25.075][VERB]     common
[0m[0;32m[2026-09-16 13:19:25.075][VERB]     curve
[0m[0;32m[2026-09-16 13:19:25.075][VERB]     drawing2d
[0m[0;32m[2026-09-16 13:19:25.075][VERB]     part
[0m[0;32m[2026-09-16 13:19:25.075][VERB]     script
[0m[0;32m[2026-09-16 13:19:25.075][VERB]     sketch
[0m[0;32m[2026-09-16 13:19:25.075][VERB]     solid
[0m[0;32m[2026-09-16 13:19:25.075][VERB]     utils
[0m[0;32m[2026-09-16 13:19:25.076][VERB] 0x7a89043780 Create Zeichnung
[0m[0;32m[2026-09-16 13:19:25.076][VERB] 0x7a89043780 SetZeichnung
[0m[0;32m[2026-09-16 13:19:25.076][INFO] WorkerCommandCompletion: 824 completion candidates built
[0m[0;32m[2026-09-16 13:19:25.078][INFO] Server start listen on 0.0.0.0:19094 for http and ws connections
[0m[0;32m[2026-09-16 13:19:25.078][INFO] Server start listen on 0.0.0.0:19095 for https and wss connections
[0m[0;32m[2026-09-16 13:19:26.080][INFO] Worker is ready
[0m

[0;32m[2026-09-16 13:19:27.483][INFO] GET /
[0m[0;32m[2026-09-16 13:19:27.483][VERB] 0x7a89043c00 Create Zeichnung
[0m[0;32m[2026-09-16 13:19:27.484][INFO] WS handleNewConnection: created main session="d5678ff0-f98a-4276-bf02-b2f163c9cb07"
[0m[0;32m[2026-09-16 13:19:27.486][INFO] GET /
[0m[0;32m[2026-09-16 13:19:27.486][VERB] 0x7a89043d80 Create Zeichnung
[0m[0;32m[2026-09-16 13:19:27.486][INFO] WS handleNewConnection: created main session="3baf30f2-734e-4f95-8ac0-8363438bccd8"
[0m[0;32m[2026-09-16 13:19:27.493][VERB] 0x7a89043d80 SetZeichnung
[0m[0;32m[2026-09-16 13:19:27.493][VERB] COMMANDCALL: _C.SafeAPI.Execute(["v1.part.create",[{"name":"Base"}]])
[0m[0;32m[2026-09-16 13:19:27.510][VERB] RETURN: {"result":"$4"}
[0m[0;32m[2026-09-16 13:19:27.519][VERB] COMMANDCALL: _C.SafeAPI.Execute(["v1.part.expression",[{"toCreate":[{"value":23.8,"name":"seam"},{"value":3,"name":"rear_roof_raise"},{"value":4,"name":"pocket_corner_blend_r"},{"value":4.5,"name":"rear_pillar_envelope_r"},{"value":1.3,"name":"skin_growth"},{"value":1.67,"name":"outer_chamfer"} ...
[0m[0;32m[2026-09-16 13:19:27.552][VERB] RETURN: {"result":1}
[0m[0;32m[2026-09-16 13:19:27.552][VERB] COMMANDCALL: _C.SafeAPI.Execute(["v1.part.getWorkGeometry",[{"name":"XAxis","id":4}]])
[0m[0;32m[2026-09-16 13:19:27.553][VERB] RETURN: {"result":"$26"}
[0m[0;32m[2026-09-16 13:19:27.553][VERB] COMMANDCALL: _C.SafeAPI.Execute(["v1.part.getWorkGeometry",[{"name":"YAxis","id":4}]])
[0m[0;32m[2026-09-16 13:19:27.553][VERB] RETURN: {"result":"$30"}
[0m[0;32m[2026-09-16 13:19:27.553][VERB] COMMANDCALL: _C.SafeAPI.Execute(["v1.part.getWorkGeometry",[{"name":"ZAxis","id":4}]])
[0m[0;32m[2026-09-16 13:19:27.553][VERB] RETURN: {"result":"$34"}
[0m[0;32m[2026-09-16 13:19:27.554][VERB] COMMANDCALL: _C.SafeAPI.Execute(["v1.part.getWorkGeometry",[{"name":"Top","id":4}]])
[0m[0;32m[2026-09-16 13:19:27.554][VERB] RETURN: {"result":"$38"}
[0m[0;32m[2026-09-16 13:19:27.554][VERB] COMMANDCALL: _C.SafeAPI.Execute(["v1.part.getWorkGeometry",[{"name":"Front","id":4}]])
[0m[0;32m[2026-09-16 13:19:27.555][VERB] RETURN: {"result":"$42"}
[0m[0;32m[2026-09-16 13:19:27.555][VERB] COMMANDCALL: _C.SafeAPI.Execute(["v1.part.getWorkGeometry",[{"name":"Right","id":4}]])
[0m[0;32m[2026-09-16 13:19:27.555][VERB] RETURN: {"result":"$46"}
[0m[0;32m[2026-09-16 13:19:27.556][VERB] COMMANDCALL: _C.SafeAPI.Execute(["v1.part.workPlane",[{"type":"PLANE","references":[38],"name":"F3_makeBox_cad_primitives_py_8_plane","offset":"@expr.d4_plane_offset","id":4}]])
[0m[0;32m[2026-09-16 13:19:27.561][VERB] RETURN: {"result":"$56"}
[0m[0;32m[2026-09-16 13:19:27.561][VERB] COMMANDCALL: _C.SafeAPI.Execute(["v1.sketch.create",[{"planeId":56,"name":"F3_makeBox_cad_primitives_py_8_profile","id":4}]])
[0m[0;32m[2026-09-16 13:19:27.564][VERB] RETURN: {"result":"$62"}
[0m[0;32m[2026-09-16 13:19:27.565][VERB] COMMANDCALL: _C.SafeAPI.Execute(["v1.sketch.rectangle",[{"startPos":[1.4,-1.3,0],"id":62,"genFixation":0,"endPos":[52.4,27.3,0]}]])
[0m[0;32m[2026-09-16 13:19:27.576][VERB] RETURN: {"result":["$68","$72","$78","$84"]}
[0m[0;32m[2026-09-16 13:19:27.577][VERB] COMMANDCALL: _C.SafeAPI.Execute(["v1.sketch.getPoints",[{"id":68}]])
[0m[0;32m[2026-09-16 13:19:27.578][VERB] RETURN: {"result":{"endId":"$70","startId":"$69"}}
[0m[0;32m[2026-09-16 13:19:27.578][VERB] COMMANDCALL: _C.SafeAPI.Execute(["v1.sketch.point",[{"pos":[-1000,-1000,0],"id":62}]])
[0m[0;32m[2026-09-16 13:19:27.581][VERB] RETURN: {"result":"$100"}
[0m[0;32m[2026-09-16 13:19:27.582][VERB] COMMANDCALL: _C.SafeAPI.Execute(["v1.sketch.constraint",[{"type":"FIXATION","id":62,"geomIds":[100]}]])
[0m[0;32m[2026-09-16 13:19:27.585][VERB] RETURN: {"result":"$102"}
[0m[0;32m[2026-09-16 13:19:27.585][VERB] COMMANDCALL: _C.SafeAPI.Execute(["v1.sketch.dimension",[{"type":"HORIZONTAL_DISTANCE","value":"@expr.d5_position_x","name":"position_x","id":62,"geomIds":[100,69]}]])
[0m[0;32m[2026-09-16 13:19:27.595][VERB] RETURN: {"result":"$106"}
[0m[0;32m[2026-09-16 13:19:27.596][VERB] COMMANDCALL: _C.SafeAPI.Execute(["v1.sketch.dimension",[{"type":"VERTICAL_DISTANCE","value":"@expr.d6_position_y","name":"position_y","id":62,"geomIds":[100,69]}]])
[0m[0;32m[2026-09-16 13:19:27.602][VERB] RETURN: {"result":"$110"}
[0m[0;32m[2026-09-16 13:19:27.602][VERB] COMMANDCALL: _C.SafeAPI.Execute(["v1.sketch.dimension",[{"type":"OFFSET","value":"@expr.d7_width","name":"width","id":62,"geomIds":[68]}]])
[0m[0;32m[2026-09-16 13:19:27.609][VERB] RETURN: {"result":"$114"}
[0m[0;32m[2026-09-16 13:19:27.610][VERB] COMMANDCALL: _C.SafeAPI.Execute(["v1.sketch.dimension",[{"type":"OFFSET","value":"@expr.d8_depth","name":"depth","id":62,"geomIds":[72]}]])
[0m[0;32m[2026-09-16 13:19:27.618][VERB] RETURN: {"result":"$118"}
[0m[0;32m[2026-09-16 13:19:27.619][VERB] COMMANDCALL: _C.SafeAPI.Execute(["v1.part.extrusion",[{"references":[68,72,78,84],"name":"F3_makeBox_cad_primitives_py_8","taperAngle":0,"limit2":"@expr.d9_height","id":4}]])
[0m[0;32m[2026-09-16 13:19:27.630][VERB] RETURN: {"result":"$122"}
[0m[0;32m[2026-09-16 13:19:27.631][VERB] COMMANDCALL: _C.SafeAPI.Execute(["v1.part.workPlane",[{"type":"PLANE","references":[38],"name":"F10_makeBox_cad_primitives_py_8_plane","offset":"@expr.d11_plane_offset","id":4}]])
[0m[0;32m[2026-09-16 13:19:27.635][VERB] RETURN: {"result":"$165"}
[0m[0;32m[2026-09-16 13:19:27.636][VERB] COMMANDCALL: _C.SafeAPI.Execute(["v1.sketch.create",[{"planeId":165,"name":"F10_makeBox_cad_primitives_py_8_profile","id":4}]])
[0m[0;32m[2026-09-16 13:19:27.638][VERB] RETURN: {"result":"$171"}
[0m[0;32m[2026-09-16 13:19:27.638][VERB] COMMANDCALL: _C.SafeAPI.Execute(["v1.sketch.rectangle",[{"startPos":[-1.3,1.4,0],"id":171,"genFixation":0,"endPos":[55.1,24.6,0]}]])
[0m[0;32m[2026-09-16 13:19:27.644][VERB] RETURN: {"result":["$177","$181","$187","$193"]}
[0m[0;32m[2026-09-16 13:19:27.645][VERB] COMMANDCALL: _C.SafeAPI.Execute(["v1.sketch.getPoints",[{"id":177}]])
[0m[0;32m[2026-09-16 13:19:27.645][VERB] RETURN: {"result":{"endId":"$179","startId":"$178"}}
[0m[0;32m[2026-09-16 13:19:27.645][VERB] COMMANDCALL: _C.SafeAPI.Execute(["v1.sketch.point",[{"pos":[-1000,-1000,0],"id":171}]])
[0m[0;32m[2026-09-16 13:19:27.647][VERB] RETURN: {"result":"$209"}
[0m[0;32m[2026-09-16 13:19:27.648][VERB] COMMANDCALL: _C.SafeAPI.Execute(["v1.sketch.constraint",[{"type":"FIXATION","id":171,"geomIds":[209]}]])
[0m[0;32m[2026-09-16 13:19:27.649][VERB] RETURN: {"result":"$211"}
[0m[0;32m[2026-09-16 13:19:27.650][VERB] COMMANDCALL: _C.SafeAPI.Execute(["v1.sketch.dimension",[{"type":"HORIZONTAL_DISTANCE","value":"@expr.d12_position_x","name":"position_x","id":171,"geomIds":[209,178]}]])
[0m[0;32m[2026-09-16 13:19:27.655][VERB] RETURN: {"result":"$215"}
[0m[0;32m[2026-09-16 13:19:27.655][VERB] COMMANDCALL: _C.SafeAPI.Execute(["v1.sketch.dimension",[{"type":"VERTICAL_DISTANCE","value":"@expr.d13_position_y","name":"position_y","id":171,"geomIds":[209,178]}]])
[0m[0;32m[2026-09-16 13:19:27.661][VERB] RETURN: {"result":"$219"}
[0m[0;32m[2026-09-16 13:19:27.662][VERB] COMMANDCALL: _C.SafeAPI.Execute(["v1.sketch.dimension",[{"type":"OFFSET","value":"@expr.d14_width","name":"width","id":171,"geomIds":[177]}]])
[0m[0;32m[2026-09-16 13:19:27.668][VERB] RETURN: {"result":"$223"}
[0m[0;32m[2026-09-16 13:19:27.669][VERB] COMMANDCALL: _C.SafeAPI.Execute(["v1.sketch.dimension",[{"type":"OFFSET","value":"@expr.d15_depth","name":"depth","id":171,"geomIds":[181]}]])
[0m[0;32m[2026-09-16 13:19:27.676][VERB] RETURN: {"result":"$227"}
[0m[0;32m[2026-09-16 13:19:27.677][VERB] COMMANDCALL: _C.SafeAPI.Execute(["v1.part.extrusion",[{"references":[177,181,187,193],"name":"F10_makeBox_cad_primitives_py_8","taperAngle":0,"limit2":"@expr.d16_height","id":4}]])
[0m[0;32m[2026-09-16 13:19:27.682][VERB] RETURN: {"result":"$231"}
[0m[0;32m[2026-09-16 13:19:27.682][VERB] COMMANDCALL: _C.SafeAPI.Execute(["v1.part.workPlane",[{"type":"PLANE","references":[38],"name":"F17_makeCylinder_cad_primitives_py_12_plane","offset":"@expr.d18_plane_offset","id":4}]])
[0m[0;32m[2026-09-16 13:19:27.686][VERB] RETURN: {"result":"$274"}
[0m[0;32m[2026-09-16 13:19:27.686][VERB] COMMANDCALL: _C.SafeAPI.Execute(["v1.sketch.create",[{"planeId":274,"name":"F17_makeCylinder_cad_primitives_py_12_profile","id":4}]])
[0m[0;32m[2026-09-16 13:19:27.688][VERB] RETURN: {"result":"$280"}
[0m[0;32m[2026-09-16 13:19:27.689][VERB] COMMANDCALL: _C.SafeAPI.Execute(["v1.sketch.circle",[{"radius":2.7,"id":280,"genFixation":0,"centerPos":[1.4,1.4,0]}]])
[0m[0;32m[2026-09-16 13:19:27.690][VERB] RETURN: {"result":"$286"}
[0m[0;32m[2026-09-16 13:19:27.691][VERB] COMMANDCALL: _C.SafeAPI.Execute(["v1.sketch.getPoints",[{"id":286}]])
[0m[0;32m[2026-09-16 13:19:27.691][VERB] RETURN: {"result":{"centerId":"$287"}}
[0m[0;32m[2026-09-16 13:19:27.691][VERB] COMMANDCALL: _C.SafeAPI.Execute(["v1.sketch.point",[{"pos":[-1000,-1000,0],"id":280}]])
[0m[0;32m[2026-09-16 13:19:27.692][VERB] RETURN: {"result":"$289"}
[0m[0;32m[2026-09-16 13:19:27.692][VERB] COMMANDCALL: _C.SafeAPI.Execute(["v1.sketch.constraint",[{"type":"FIXATION","id":280,"geomIds":[289]}]])
[0m[0;32m[2026-09-16 13:19:27.693][VERB] RETURN: {"result":"$291"}
[0m[0;32m[2026-09-16 13:19:27.693][VERB] COMMANDCALL: _C.SafeAPI.Execute(["v1.sketch.dimension",[{"type":"HORIZONTAL_DISTANCE","value":"@expr.d19_position_x","name":"position_x","id":280,"geomIds":[289,287]}]])
[0m[0;32m[2026-09-16 13:19:27.698][VERB] RETURN: {"result":"$295"}
[0m[0;32m[2026-09-16 13:19:27.699][VERB] COMMANDCALL: _C.SafeAPI.Execute(["v1.sketch.dimension",[{"type":"VERTICAL_DISTANCE","value":"@expr.d20_position_y","name":"position_y","id":280,"geomIds":[289,287]}]])
[0m[0;32m[2026-09-16 13:19:27.703][VERB] RETURN: {"result":"$299"}
[0m[0;32m[2026-09-16 13:19:27.704][VERB] COMMANDCALL: _C.SafeAPI.Execute(["v1.sketch.dimension",[{"type":"RADIUS","value":"@expr.d21_radius","name":"radius","id":280,"geomIds":[286]}]])
[0m[0;32m[2026-09-16 13:19:27.709][VERB] RETURN: {"result":"$303"}
[0m[0;32m[2026-09-16 13:19:27.710][VERB] COMMANDCALL: _C.SafeAPI.Execute(["v1.part.extrusion",[{"references":[286],"name":"F17_makeCylinder_cad_primitives_py_12","taperAngle":0,"limit2":"@expr.d22_height","id":4}]])
[0m[0;32m[2026-09-16 13:19:27.717][VERB] RETURN: {"result":"$307"}
[0m[0;32m[2026-09-16 13:19:27.717][VERB] COMMANDCALL: _C.SafeAPI.Execute(["v1.part.workPlane",[{"type":"PLANE","references":[38],"name":"F23_makeCylinder_cad_primitives_py_12_plane","offset":"@expr.d24_plane_offset","id":4}]])
[0m[0;32m[2026-09-16 13:19:27.721][VERB] RETURN: {"result":"$329"}
[0m[0;32m[2026-09-16 13:19:27.721][VERB] COMMANDCALL: _C.SafeAPI.Execute(["v1.sketch.create",[{"planeId":329,"name":"F23_makeCylinder_cad_primitives_py_12_profile","id":4}]])
[0m[0;32m[2026-09-16 13:19:27.723][VERB] RETURN: {"result":"$335"}
[0m[0;32m[2026-09-16 13:19:27.724][VERB] COMMANDCALL: _C.SafeAPI.Execute(["v1.sketch.circle",[{"radius":2.7,"id":335,"genFixation":0,"centerPos":[1.4,24.6,0]}]])
[0m[0;32m[2026-09-16 13:19:27.725][VERB] RETURN: {"result":"$341"}
[0m[0;32m[2026-09-16 13:19:27.726][VERB] COMMANDCALL: _C.SafeAPI.Execute(["v1.sketch.getPoints",[{"id":341}]])
[0m[0;32m[2026-09-16 13:19:27.726][VERB] RETURN: {"result":{"centerId":"$342"}}
[0m[0;32m[2026-09-16 13:19:27.726][VERB] COMMANDCALL: _C.SafeAPI.Execute(["v1.sketch.point",[{"pos":[-1000,-1000,0],"id":335}]])
[0m[0;32m[2026-09-16 13:19:27.727][VERB] RETURN: {"result":"$344"}
[0m[0;32m[2026-09-16 13:19:27.728][VERB] COMMANDCALL: _C.SafeAPI.Execute(["v1.sketch.constraint",[{"type":"FIXATION","id":335,"geomIds":[344]}]])
[0m[0;32m[2026-09-16 13:19:27.729][VERB] RETURN: {"result":"$346"}
[0m[0;32m[2026-09-16 13:19:27.729][VERB] COMMANDCALL: _C.SafeAPI.Execute(["v1.sketch.dimension",[{"type":"HORIZONTAL_DISTANCE","value":"@expr.d25_position_x","name":"position_x","id":335,"geomIds":[344,342]}]])
[0m[0;32m[2026-09-16 13:19:27.734][VERB] RETURN: {"result":"$350"}
[0m[0;32m[2026-09-16 13:19:27.735][VERB] COMMANDCALL: _C.SafeAPI.Execute(["v1.sketch.dimension",[{"type":"VERTICAL_DISTANCE","value":"@expr.d26_position_y","name":"position_y","id":335,"geomIds":[344,342]}]])
[0m[0;32m[2026-09-16 13:19:27.740][VERB] RETURN: {"result":"$354"}
[0m[0;32m[2026-09-16 13:19:27.741][VERB] COMMANDCALL: _C.SafeAPI.Execute(["v1.sketch.dimension",[{"type":"RADIUS","value":"@expr.d27_radius","name":"radius","id":335,"geomIds":[341]}]])
[0m[0;32m[2026-09-16 13:19:27.746][VERB] RETURN: {"result":"$358"}
[0m[0;32m[2026-09-16 13:19:27.746][VERB] COMMANDCALL: _C.SafeAPI.Execute(["v1.part.extrusion",[{"references":[341],"name":"F23_makeCylinder_cad_primitives_py_12","taperAngle":0,"limit2":"@expr.d28_height","id":4}]])
[0m[0;32m[2026-09-16 13:19:27.751][VERB] RETURN: {"result":"$362"}
[0m[0;32m[2026-09-16 13:19:27.752][VERB] COMMANDCALL: _C.SafeAPI.Execute(["v1.part.workPlane",[{"type":"PLANE","references":[38],"name":"F29_makeCylinder_cad_primitives_py_12_plane","offset":"@expr.d30_plane_offset","id":4}]])
[0m[0;32m[2026-09-16 13:19:27.755][VERB] RETURN: {"result":"$384"}
[0m[0;32m[2026-09-16 13:19:27.756][VERB] COMMANDCALL: _C.SafeAPI.Execute(["v1.sketch.create",[{"planeId":384,"name":"F29_makeCylinder_cad_primitives_py_12_profile","id":4}]])
[0m[0;32m[2026-09-16 13:19:27.758][VERB] RETURN: {"result":"$390"}
[0m[0;32m[2026-09-16 13:19:27.758][VERB] COMMANDCALL: _C.SafeAPI.Execute(["v1.sketch.circle",[{"radius":2.7,"id":390,"genFixation":0,"centerPos":[52.4,1.4,0]}]])
[0m[0;32m[2026-09-16 13:19:27.760][VERB] RETURN: {"result":"$396"}
[0m[0;32m[2026-09-16 13:19:27.760][VERB] COMMANDCALL: _C.SafeAPI.Execute(["v1.sketch.getPoints",[{"id":396}]])
[0m[0;32m[2026-09-16 13:19:27.760][VERB] RETURN: {"result":{"centerId":"$397"}}
[0m[0;32m[2026-09-16 13:19:27.760][VERB] COMMANDCALL: _C.SafeAPI.Execute(["v1.sketch.point",[{"pos":[-1000,-1000,0],"id":390}]])
[0m[0;32m[2026-09-16 13:19:27.761][VERB] RETURN: {"result":"$399"}
[0m[0;32m[2026-09-16 13:19:27.762][VERB] COMMANDCALL: _C.SafeAPI.Execute(["v1.sketch.constraint",[{"type":"FIXATION","id":390,"geomIds":[399]}]])
[0m[0;32m[2026-09-16 13:19:27.763][VERB] RETURN: {"result":"$401"}
[0m[0;32m[2026-09-16 13:19:27.763][VERB] COMMANDCALL: _C.SafeAPI.Execute(["v1.sketch.dimension",[{"type":"HORIZONTAL_DISTANCE","value":"@expr.d31_position_x","name":"position_x","id":390,"geomIds":[399,397]}]])
[0m[0;32m[2026-09-16 13:19:27.767][VERB] RETURN: {"result":"$405"}
[0m[0;32m[2026-09-16 13:19:27.768][VERB] COMMANDCALL: _C.SafeAPI.Execute(["v1.sketch.dimension",[{"type":"VERTICAL_DISTANCE","value":"@expr.d32_position_y","name":"position_y","id":390,"geomIds":[399,397]}]])
[0m[0;32m[2026-09-16 13:19:27.772][VERB] RETURN: {"result":"$409"}
[0m[0;32m[2026-09-16 13:19:27.773][VERB] COMMANDCALL: _C.SafeAPI.Execute(["v1.sketch.dimension",[{"type":"RADIUS","value":"@expr.d33_radius","name":"radius","id":390,"geomIds":[396]}]])
[0m[0;32m[2026-09-16 13:19:27.782][VERB] RETURN: {"result":"$413"}
[0m[0;32m[2026-09-16 13:19:27.783][VERB] COMMANDCALL: _C.SafeAPI.Execute(["v1.part.extrusion",[{"references":[396],"name":"F29_makeCylinder_cad_primitives_py_12","taperAngle":0,"limit2":"@expr.d34_height","id":4}]])
[0m[0;32m[2026-09-16 13:19:27.789][VERB] RETURN: {"result":"$417"}
[0m[0;32m[2026-09-16 13:19:27.790][VERB] COMMANDCALL: _C.SafeAPI.Execute(["v1.part.workPlane",[{"type":"PLANE","references":[38],"name":"F35_makeCylinder_cad_primitives_py_12_plane","offset":"@expr.d36_plane_offset","id":4}]])
[0m[0;32m[2026-09-16 13:19:27.794][VERB] RETURN: {"result":"$439"}
[0m[0;32m[2026-09-16 13:19:27.794][VERB] COMMANDCALL: _C.SafeAPI.Execute(["v1.sketch.create",[{"planeId":439,"name":"F35_makeCylinder_cad_primitives_py_12_profile","id":4}]])
[0m[0;32m[2026-09-16 13:19:27.797][VERB] RETURN: {"result":"$445"}
[0m[0;32m[2026-09-16 13:19:27.797][VERB] COMMANDCALL: _C.SafeAPI.Execute(["v1.sketch.circle",[{"radius":2.7,"id":445,"genFixation":0,"centerPos":[52.4,24.6,0]}]])
[0m[0;32m[2026-09-16 13:19:27.798][VERB] RETURN: {"result":"$451"}
[0m[0;32m[2026-09-16 13:19:27.798][VERB] COMMANDCALL: _C.SafeAPI.Execute(["v1.sketch.getPoints",[{"id":451}]])
[0m[0;32m[2026-09-16 13:19:27.799][VERB] RETURN: {"result":{"centerId":"$452"}}
[0m[0;32m[2026-09-16 13:19:27.799][VERB] COMMANDCALL: _C.SafeAPI.Execute(["v1.sketch.point",[{"pos":[-1000,-1000,0],"id":445}]])
[0m[0;32m[2026-09-16 13:19:27.800][VERB] RETURN: {"result":"$454"}
[0m[0;32m[2026-09-16 13:19:27.800][VERB] COMMANDCALL: _C.SafeAPI.Execute(["v1.sketch.constraint",[{"type":"FIXATION","id":445,"geomIds":[454]}]])
[0m[0;32m[2026-09-16 13:19:27.801][VERB] RETURN: {"result":"$456"}
[0m[0;32m[2026-09-16 13:19:27.801][VERB] COMMANDCALL: _C.SafeAPI.Execute(["v1.sketch.dimension",[{"type":"HORIZONTAL_DISTANCE","value":"@expr.d37_position_x","name":"position_x","id":445,"geomIds":[454,452]}]])
[0m[0;32m[2026-09-16 13:19:27.806][VERB] RETURN: {"result":"$460"}
[0m[0;32m[2026-09-16 13:19:27.806][VERB] COMMANDCALL: _C.SafeAPI.Execute(["v1.sketch.dimension",[{"type":"VERTICAL_DISTANCE","value":"@expr.d38_position_y","name":"position_y","id":445,"geomIds":[454,452]}]])
[0m[0;32m[2026-09-16 13:19:27.811][VERB] RETURN: {"result":"$464"}
[0m[0;32m[2026-09-16 13:19:27.812][VERB] COMMANDCALL: _C.SafeAPI.Execute(["v1.sketch.dimension",[{"type":"RADIUS","value":"@expr.d39_radius","name":"radius","id":445,"geomIds":[451]}]])
[0m[0;32m[2026-09-16 13:19:27.817][VERB] RETURN: {"result":"$468"}
[0m[0;32m[2026-09-16 13:19:27.817][VERB] COMMANDCALL: _C.SafeAPI.Execute(["v1.part.extrusion",[{"references":[451],"name":"F35_makeCylinder_cad_primitives_py_12","taperAngle":0,"limit2":"@expr.d40_height","id":4}]])
[0m[0;32m[2026-09-16 13:19:27.822][VERB] RETURN: {"result":"$472"}
[0m[0;32m[2026-09-16 13:19:27.823][VERB] COMMANDCALL: _C.SafeAPI.Execute(["v1.part.workPlane",[{"type":"PLANE","references":[38],"name":"F41_makeBox_cad_primitives_py_8_plane","offset":"@expr.d42_plane_offset","id":4}]])
[0m[0;32m[2026-09-16 13:19:27.826][VERB] RETURN: {"result":"$494"}
[0m[0;32m[2026-09-16 13:19:27.827][VERB] COMMANDCALL: _C.SafeAPI.Execute(["v1.sketch.create",[{"planeId":494,"name":"F41_makeBox_cad_primitives_py_8_profile","id":4}]])
[0m[0;32m[2026-09-16 13:19:27.829][VERB] RETURN: {"result":"$500"}
[0m[0;32m[2026-09-16 13:19:27.829][VERB] COMMANDCALL: _C.SafeAPI.Execute(["v1.sketch.rectangle",[{"startPos":[1.4,20.1,0],"id":500,"genFixation":0,"endPos":[56.4,65.9,0]}]])
[0m[0;32m[2026-09-16 13:19:27.836][VERB] RETURN: {"result":["$506","$510","$516","$522"]}
[0m[0;32m[2026-09-16 13:19:27.836][VERB] COMMANDCALL: _C.SafeAPI.Execute(["v1.sketch.getPoints",[{"id":506}]])
[0m[0;32m[2026-09-16 13:19:27.836][VERB] RETURN: {"result":{"endId":"$508","startId":"$507"}}
[0m[0;32m[2026-09-16 13:19:27.837][VERB] COMMANDCALL: _C.SafeAPI.Execute(["v1.sketch.point",[{"pos":[-1000,-1000,0],"id":500}]])
[0m[0;32m[2026-09-16 13:19:27.839][VERB] RETURN: {"result":"$538"}
[0m[0;32m[2026-09-16 13:19:27.839][VERB] COMMANDCALL: _C.SafeAPI.Execute(["v1.sketch.constraint",[{"type":"FIXATION","id":500,"geomIds":[538]}]])
[0m[0;32m[2026-09-16 13:19:27.840][VERB] RETURN: {"result":"$540"}
[0m[0;32m[2026-09-16 13:19:27.841][VERB] COMMANDCALL: _C.SafeAPI.Execute(["v1.sketch.dimension",[{"type":"HORIZONTAL_DISTANCE","value":"@expr.d43_position_x","name":"position_x","id":500,"geomIds":[538,507]}]])
[0m[0;32m[2026-09-16 13:19:27.846][VERB] RETURN: {"result":"$544"}
[0m[0;32m[2026-09-16 13:19:27.847][VERB] COMMANDCALL: _C.SafeAPI.Execute(["v1.sketch.dimension",[{"type":"VERTICAL_DISTANCE","value":"@expr.d44_position_y","name":"position_y","id":500,"geomIds":[538,507]}]])
[0m[0;32m[2026-09-16 13:19:27.853][VERB] RETURN: {"result":"$548"}
[0m[0;32m[2026-09-16 13:19:27.853][VERB] COMMANDCALL: _C.SafeAPI.Execute(["v1.sketch.dimension",[{"type":"OFFSET","value":"@expr.d45_width","name":"width","id":500,"geomIds":[506]}]])
[0m[0;32m[2026-09-16 13:19:27.860][VERB] RETURN: {"result":"$552"}
[0m[0;32m[2026-09-16 13:19:27.860][VERB] COMMANDCALL: _C.SafeAPI.Execute(["v1.sketch.dimension",[{"type":"OFFSET","value":"@expr.d46_depth","name":"depth","id":500,"geomIds":[510]}]])
[0m[0;32m[2026-09-16 13:19:27.868][VERB] RETURN: {"result":"$556"}
[0m[0;32m[2026-09-16 13:19:27.868][VERB] COMMANDCALL: _C.SafeAPI.Execute(["v1.part.extrusion",[{"references":[506,510,516,522],"name":"F41_makeBox_cad_primitives_py_8","taperAngle":0,"limit2":"@expr.d47_height","id":4}]])
[0m[0;32m[2026-09-16 13:19:27.874][VERB] RETURN: {"result":"$560"}
[0m[0;32m[2026-09-16 13:19:27.874][VERB] COMMANDCALL: _C.SafeAPI.Execute(["v1.part.workPlane",[{"type":"PLANE","references":[38],"name":"F48_makeBox_cad_primitives_py_8_plane","offset":"@expr.d49_plane_offset","id":4}]])
[0m[0;32m[2026-09-16 13:19:27.878][VERB] RETURN: {"result":"$603"}
[0m[0;32m[2026-09-16 13:19:27.878][VERB] COMMANDCALL: _C.SafeAPI.Execute(["v1.sketch.create",[{"planeId":603,"name":"F48_makeBox_cad_primitives_py_8_profile","id":4}]])
[0m[0;32m[2026-09-16 13:19:27.880][VERB] RETURN: {"result":"$609"}
[0m[0;32m[2026-09-16 13:19:27.880][VERB] COMMANDCALL: _C.SafeAPI.Execute(["v1.sketch.rectangle",[{"startPos":[-1.3,22.8,0],"id":609,"genFixation":0,"endPos":[59.1,63.2,0]}]])
[0m[0;32m[2026-09-16 13:19:27.887][VERB] RETURN: {"result":["$615","$619","$625","$631"]}
[0m[0;32m[2026-09-16 13:19:27.887][VERB] COMMANDCALL: _C.SafeAPI.Execute(["v1.sketch.getPoints",[{"id":615}]])
[0m[0;32m[2026-09-16 13:19:27.887][VERB] RETURN: {"result":{"endId":"$617","startId":"$616"}}
[0m[0;32m[2026-09-16 13:19:27.887][VERB] COMMANDCALL: _C.SafeAPI.Execute(["v1.sketch.point",[{"pos":[-1000,-1000,0],"id":609}]])
[0m[0;32m[2026-09-16 13:19:27.889][VERB] RETURN: {"result":"$647"}
[0m[0;32m[2026-09-16 13:19:27.890][VERB] COMMANDCALL: _C.SafeAPI.Execute(["v1.sketch.constraint",[{"type":"FIXATION","id":609,"geomIds":[647]}]])
[0m[0;32m[2026-09-16 13:19:27.891][VERB] RETURN: {"result":"$649"}
[0m[0;32m[2026-09-16 13:19:27.892][VERB] COMMANDCALL: _C.SafeAPI.Execute(["v1.sketch.dimension",[{"type":"HORIZONTAL_DISTANCE","value":"@expr.d50_position_x","name":"position_x","id":609,"geomIds":[647,616]}]])
[0m[0;32m[2026-09-16 13:19:27.897][VERB] RETURN: {"result":"$653"}
[0m[0;32m[2026-09-16 13:19:27.897][VERB] COMMANDCALL: _C.SafeAPI.Execute(["v1.sketch.dimension",[{"type":"VERTICAL_DISTANCE","value":"@expr.d51_position_y","name":"position_y","id":609,"geomIds":[647,616]}]])
[0m[0;32m[2026-09-16 13:19:27.904][VERB] RETURN: {"result":"$657"}
[0m[0;32m[2026-09-16 13:19:27.904][VERB] COMMANDCALL: _C.SafeAPI.Execute(["v1.sketch.dimension",[{"type":"OFFSET","value":"@expr.d52_width","name":"width","id":609,"geomIds":[615]}]])
[0m[0;32m[2026-09-16 13:19:27.911][VERB] RETURN: {"result":"$661"}
[0m[0;32m[2026-09-16 13:19:27.912][VERB] COMMANDCALL: _C.SafeAPI.Execute(["v1.sketch.dimension",[{"type":"OFFSET","value":"@expr.d53_depth","name":"depth","id":609,"geomIds":[619]}]])
[0m[0;32m[2026-09-16 13:19:27.920][VERB] RETURN: {"result":"$665"}
[0m[0;32m[2026-09-16 13:19:27.920][VERB] COMMANDCALL: _C.SafeAPI.Execute(["v1.part.extrusion",[{"references":[615,619,625,631],"name":"F48_makeBox_cad_primitives_py_8","taperAngle":0,"limit2":"@expr.d54_height","id":4}]])
[0m[0;32m[2026-09-16 13:19:27.925][VERB] RETURN: {"result":"$669"}
[0m[0;32m[2026-09-16 13:19:27.926][VERB] COMMANDCALL: _C.SafeAPI.Execute(["v1.part.workPlane",[{"type":"PLANE","references":[38],"name":"F55_makeCylinder_cad_primitives_py_12_plane","offset":"@expr.d56_plane_offset","id":4}]])
[0m[0;32m[2026-09-16 13:19:27.929][VERB] RETURN: {"result":"$712"}
[0m[0;32m[2026-09-16 13:19:27.930][VERB] COMMANDCALL: _C.SafeAPI.Execute(["v1.sketch.create",[{"planeId":712,"name":"F55_makeCylinder_cad_primitives_py_12_profile","id":4}]])
[0m[0;32m[2026-09-16 13:19:27.932][VERB] RETURN: {"result":"$718"}
[0m[0;32m[2026-09-16 13:19:27.932][VERB] COMMANDCALL: _C.SafeAPI.Execute(["v1.sketch.circle",[{"radius":2.7,"id":718,"genFixation":0,"centerPos":[1.4,22.8,0]}]])
[0m[0;32m[2026-09-16 13:19:27.934][VERB] RETURN: {"result":"$724"}
[0m[0;32m[2026-09-16 13:19:27.934][VERB] COMMANDCALL: _C.SafeAPI.Execute(["v1.sketch.getPoints",[{"id":724}]])
[0m[0;32m[2026-09-16 13:19:27.934][VERB] RETURN: {"result":{"centerId":"$725"}}
[0m[0;32m[2026-09-16 13:19:27.934][VERB] COMMANDCALL: _C.SafeAPI.Execute(["v1.sketch.point",[{"pos":[-1000,-1000,0],"id":718}]])
[0m[0;32m[2026-09-16 13:19:27.936][VERB] RETURN: {"result":"$727"}
[0m[0;32m[2026-09-16 13:19:27.936][VERB] COMMANDCALL: _C.SafeAPI.Execute(["v1.sketch.constraint",[{"type":"FIXATION","id":718,"geomIds":[727]}]])
[0m[0;32m[2026-09-16 13:19:27.937][VERB] RETURN: {"result":"$729"}
[0m[0;32m[2026-09-16 13:19:27.937][VERB] COMMANDCALL: _C.SafeAPI.Execute(["v1.sketch.dimension",[{"type":"HORIZONTAL_DISTANCE","value":"@expr.d57_position_x","name":"position_x","id":718,"geomIds":[727,725]}]])
[0m[0;32m[2026-09-16 13:19:27.942][VERB] RETURN: {"result":"$733"}
[0m[0;32m[2026-09-16 13:19:27.942][VERB] COMMANDCALL: _C.SafeAPI.Execute(["v1.sketch.dimension",[{"type":"VERTICAL_DISTANCE","value":"@expr.d58_position_y","name":"position_y","id":718,"geomIds":[727,725]}]])
[0m[0;32m[2026-09-16 13:19:27.947][VERB] RETURN: {"result":"$737"}
[0m[0;32m[2026-09-16 13:19:27.948][VERB] COMMANDCALL: _C.SafeAPI.Execute(["v1.sketch.dimension",[{"type":"RADIUS","value":"@expr.d59_radius","name":"radius","id":718,"geomIds":[724]}]])
[0m[0;32m[2026-09-16 13:19:27.953][VERB] RETURN: {"result":"$741"}
[0m[0;32m[2026-09-16 13:19:27.954][VERB] COMMANDCALL: _C.SafeAPI.Execute(["v1.part.extrusion",[{"references":[724],"name":"F55_makeCylinder_cad_primitives_py_12","taperAngle":0,"limit2":"@expr.d60_height","id":4}]])
[0m[0;32m[2026-09-16 13:19:27.958][VERB] RETURN: {"result":"$745"}
[0m[0;32m[2026-09-16 13:19:27.959][VERB] COMMANDCALL: _C.SafeAPI.Execute(["v1.part.workPlane",[{"type":"PLANE","references":[38],"name":"F61_makeCylinder_cad_primitives_py_12_plane","offset":"@expr.d62_plane_offset","id":4}]])
[0m[0;32m[2026-09-16 13:19:27.963][VERB] RETURN: {"result":"$767"}
[0m[0;32m[2026-09-16 13:19:27.963][VERB] COMMANDCALL: _C.SafeAPI.Execute(["v1.sketch.create",[{"planeId":767,"name":"F61_makeCylinder_cad_primitives_py_12_profile","id":4}]])
[0m[0;32m[2026-09-16 13:19:27.965][VERB] RETURN: {"result":"$773"}
[0m[0;32m[2026-09-16 13:19:27.965][VERB] COMMANDCALL: _C.SafeAPI.Execute(["v1.sketch.circle",[{"radius":2.7,"id":773,"genFixation":0,"centerPos":[1.4,63.2,0]}]])
[0m[0;32m[2026-09-16 13:19:27.966][VERB] RETURN: {"result":"$779"}
[0m[0;32m[2026-09-16 13:19:27.967][VERB] COMMANDCALL: _C.SafeAPI.Execute(["v1.sketch.getPoints",[{"id":779}]])
[0m[0;32m[2026-09-16 13:19:27.967][VERB] RETURN: {"result":{"centerId":"$780"}}
[0m[0;32m[2026-09-16 13:19:27.967][VERB] COMMANDCALL: _C.SafeAPI.Execute(["v1.sketch.point",[{"pos":[-1000,-1000,0],"id":773}]])
[0m[0;32m[2026-09-16 13:19:27.968][VERB] RETURN: {"result":"$782"}
[0m[0;32m[2026-09-16 13:19:27.968][VERB] COMMANDCALL: _C.SafeAPI.Execute(["v1.sketch.constraint",[{"type":"FIXATION","id":773,"geomIds":[782]}]])
[0m[0;32m[2026-09-16 13:19:27.969][VERB] RETURN: {"result":"$784"}
[0m[0;32m[2026-09-16 13:19:27.969][VERB] COMMANDCALL: _C.SafeAPI.Execute(["v1.sketch.dimension",[{"type":"HORIZONTAL_DISTANCE","value":"@expr.d63_position_x","name":"position_x","id":773,"geomIds":[782,780]}]])
[0m[0;32m[2026-09-16 13:19:27.974][VERB] RETURN: {"result":"$788"}
[0m[0;32m[2026-09-16 13:19:27.974][VERB] COMMANDCALL: _C.SafeAPI.Execute(["v1.sketch.dimension",[{"type":"VERTICAL_DISTANCE","value":"@expr.d64_position_y","name":"position_y","id":773,"geomIds":[782,780]}]])
[0m[0;32m[2026-09-16 13:19:27.979][VERB] RETURN: {"result":"$792"}
[0m[0;32m[2026-09-16 13:19:27.979][VERB] COMMANDCALL: _C.SafeAPI.Execute(["v1.sketch.dimension",[{"type":"RADIUS","value":"@expr.d65_radius","name":"radius","id":773,"geomIds":[779]}]])
[0m[0;32m[2026-09-16 13:19:27.985][VERB] RETURN: {"result":"$796"}
[0m[0;32m[2026-09-16 13:19:27.986][VERB] COMMANDCALL: _C.SafeAPI.Execute(["v1.part.extrusion",[{"references":[779],"name":"F61_makeCylinder_cad_primitives_py_12","taperAngle":0,"limit2":"@expr.d66_height","id":4}]])
[0m[0;32m[2026-09-16 13:19:27.991][VERB] RETURN: {"result":"$800"}
[0m[0;32m[2026-09-16 13:19:27.991][VERB] COMMANDCALL: _C.SafeAPI.Execute(["v1.part.workPlane",[{"type":"PLANE","references":[38],"name":"F67_makeCylinder_cad_primitives_py_12_plane","offset":"@expr.d68_plane_offset","id":4}]])
[0m[0;32m[2026-09-16 13:19:27.995][VERB] RETURN: {"result":"$822"}
[0m[0;32m[2026-09-16 13:19:27.995][VERB] COMMANDCALL: _C.SafeAPI.Execute(["v1.sketch.create",[{"planeId":822,"name":"F67_makeCylinder_cad_primitives_py_12_profile","id":4}]])
[0m[0;32m[2026-09-16 13:19:27.997][VERB] RETURN: {"result":"$828"}
[0m[0;32m[2026-09-16 13:19:27.997][VERB] COMMANDCALL: _C.SafeAPI.Execute(["v1.sketch.circle",[{"radius":2.7,"id":828,"genFixation":0,"centerPos":[56.4,22.8,0]}]])
[0m[0;32m[2026-09-16 13:19:27.999][VERB] RETURN: {"result":"$834"}
[0m[0;32m[2026-09-16 13:19:27.999][VERB] COMMANDCALL: _C.SafeAPI.Execute(["v1.sketch.getPoints",[{"id":834}]])
[0m[0;32m[2026-09-16 13:19:27.999][VERB] RETURN: {"result":{"centerId":"$835"}}
[0m[0;32m[2026-09-16 13:19:27.999][VERB] COMMANDCALL: _C.SafeAPI.Execute(["v1.sketch.point",[{"pos":[-1000,-1000,0],"id":828}]])
[0m[0;32m[2026-09-16 13:19:28.000][VERB] RETURN: {"result":"$837"}
[0m[0;32m[2026-09-16 13:19:28.000][VERB] COMMANDCALL: _C.SafeAPI.Execute(["v1.sketch.constraint",[{"type":"FIXATION","id":828,"geomIds":[837]}]])
[0m[0;32m[2026-09-16 13:19:28.001][VERB] RETURN: {"result":"$839"}
[0m[0;32m[2026-09-16 13:19:28.002][VERB] COMMANDCALL: _C.SafeAPI.Execute(["v1.sketch.dimension",[{"type":"HORIZONTAL_DISTANCE","value":"@expr.d69_position_x","name":"position_x","id":828,"geomIds":[837,835]}]])
[0m[0;32m[2026-09-16 13:19:28.006][VERB] RETURN: {"result":"$843"}
[0m[0;32m[2026-09-16 13:19:28.006][VERB] COMMANDCALL: _C.SafeAPI.Execute(["v1.sketch.dimension",[{"type":"VERTICAL_DISTANCE","value":"@expr.d70_position_y","name":"position_y","id":828,"geomIds":[837,835]}]])
[0m[0;32m[2026-09-16 13:19:28.012][VERB] RETURN: {"result":"$847"}
[0m[0;32m[2026-09-16 13:19:28.012][VERB] COMMANDCALL: _C.SafeAPI.Execute(["v1.sketch.dimension",[{"type":"RADIUS","value":"@expr.d71_radius","name":"radius","id":828,"geomIds":[834]}]])
[0m[0;32m[2026-09-16 13:19:28.018][VERB] RETURN: {"result":"$851"}
[0m[0;32m[2026-09-16 13:19:28.018][VERB] COMMANDCALL: _C.SafeAPI.Execute(["v1.part.extrusion",[{"references":[834],"name":"F67_makeCylinder_cad_primitives_py_12","taperAngle":0,"limit2":"@expr.d72_height","id":4}]])
[0m[0;32m[2026-09-16 13:19:28.024][VERB] RETURN: {"result":"$855"}
[0m[0;32m[2026-09-16 13:19:28.024][VERB] COMMANDCALL: _C.SafeAPI.Execute(["v1.part.workPlane",[{"type":"PLANE","references":[38],"name":"F73_makeCylinder_cad_primitives_py_12_plane","offset":"@expr.d74_plane_offset","id":4}]])
[0m[0;32m[2026-09-16 13:19:28.028][VERB] RETURN: {"result":"$877"}
[0m[0;32m[2026-09-16 13:19:28.028][VERB] COMMANDCALL: _C.SafeAPI.Execute(["v1.sketch.create",[{"planeId":877,"name":"F73_makeCylinder_cad_primitives_py_12_profile","id":4}]])
[0m[0;32m[2026-09-16 13:19:28.030][VERB] RETURN: {"result":"$883"}
[0m[0;32m[2026-09-16 13:19:28.030][VERB] COMMANDCALL: _C.SafeAPI.Execute(["v1.sketch.circle",[{"radius":2.7,"id":883,"genFixation":0,"centerPos":[56.4,63.2,0]}]])
[0m[0;32m[2026-09-16 13:19:28.031][VERB] RETURN: {"result":"$889"}
[0m[0;32m[2026-09-16 13:19:28.032][VERB] COMMANDCALL: _C.SafeAPI.Execute(["v1.sketch.getPoints",[{"id":889}]])
[0m[0;32m[2026-09-16 13:19:28.032][VERB] RETURN: {"result":{"centerId":"$890"}}
[0m[0;32m[2026-09-16 13:19:28.032][VERB] COMMANDCALL: _C.SafeAPI.Execute(["v1.sketch.point",[{"pos":[-1000,-1000,0],"id":883}]])
[0m[0;32m[2026-09-16 13:19:28.033][VERB] RETURN: {"result":"$892"}
[0m[0;32m[2026-09-16 13:19:28.034][VERB] COMMANDCALL: _C.SafeAPI.Execute(["v1.sketch.constraint",[{"type":"FIXATION","id":883,"geomIds":[892]}]])
[0m[0;32m[2026-09-16 13:19:28.035][VERB] RETURN: {"result":"$894"}
[0m[0;32m[2026-09-16 13:19:28.035][VERB] COMMANDCALL: _C.SafeAPI.Execute(["v1.sketch.dimension",[{"type":"HORIZONTAL_DISTANCE","value":"@expr.d75_position_x","name":"position_x","id":883,"geomIds":[892,890]}]])
[0m[0;32m[2026-09-16 13:19:28.040][VERB] RETURN: {"result":"$898"}
[0m[0;32m[2026-09-16 13:19:28.040][VERB] COMMANDCALL: _C.SafeAPI.Execute(["v1.sketch.dimension",[{"type":"VERTICAL_DISTANCE","value":"@expr.d76_position_y","name":"position_y","id":883,"geomIds":[892,890]}]])
[0m[0;32m[2026-09-16 13:19:28.045][VERB] RETURN: {"result":"$902"}
[0m[0;32m[2026-09-16 13:19:28.045][VERB] COMMANDCALL: _C.SafeAPI.Execute(["v1.sketch.dimension",[{"type":"RADIUS","value":"@expr.d77_radius","name":"radius","id":883,"geomIds":[889]}]])
[0m[0;32m[2026-09-16 13:19:28.051][VERB] RETURN: {"result":"$906"}
[0m[0;32m[2026-09-16 13:19:28.051][VERB] COMMANDCALL: _C.SafeAPI.Execute(["v1.part.extrusion",[{"references":[889],"name":"F73_makeCylinder_cad_primitives_py_12","taperAngle":0,"limit2":"@expr.d78_height","id":4}]])
[0m[0;32m[2026-09-16 13:19:28.056][VERB] RETURN: {"result":"$910"}
[0m[0;32m[2026-09-16 13:19:28.057][VERB] COMMANDCALL: _C.SafeAPI.Execute(["v1.part.workPlane",[{"type":"PLANE","references":[38],"name":"F79_makeBox_cad_primitives_py_8_plane","offset":"@expr.d80_plane_offset","id":4}]])
[0m[0;32m[2026-09-16 13:19:28.060][VERB] RETURN: {"result":"$932"}
[0m[0;32m[2026-09-16 13:19:28.061][VERB] COMMANDCALL: _C.SafeAPI.Execute(["v1.sketch.create",[{"planeId":932,"name":"F79_makeBox_cad_primitives_py_8_profile","id":4}]])
[0m[0;32m[2026-09-16 13:19:28.063][VERB] RETURN: {"result":"$938"}
[0m[0;32m[2026-09-16 13:19:28.063][VERB] COMMANDCALL: _C.SafeAPI.Execute(["v1.sketch.rectangle",[{"startPos":[48.8,-1.3,0],"id":938,"genFixation":0,"endPos":[89.8,40.8,0]}]])
[0m[0;32m[2026-09-16 13:19:28.070][VERB] RETURN: {"result":["$944","$948","$954","$960"]}
[0m[0;32m[2026-09-16 13:19:28.071][VERB] COMMANDCALL: _C.SafeAPI.Execute(["v1.sketch.getPoints",[{"id":944}]])
[0m[0;32m[2026-09-16 13:19:28.071][VERB] RETURN: {"result":{"endId":"$946","startId":"$945"}}
[0m[0;32m[2026-09-16 13:19:28.071][VERB] COMMANDCALL: _C.SafeAPI.Execute(["v1.sketch.point",[{"pos":[-1000,-1000,0],"id":938}]])
[0m[0;32m[2026-09-16 13:19:28.073][VERB] RETURN: {"result":"$976"}
[0m[0;32m[2026-09-16 13:19:28.074][VERB] COMMANDCALL: _C.SafeAPI.Execute(["v1.sketch.constraint",[{"type":"FIXATION","id":938,"geomIds":[976]}]])
[0m[0;32m[2026-09-16 13:19:28.075][VERB] RETURN: {"result":"$978"}
[0m[0;32m[2026-09-16 13:19:28.076][VERB] COMMANDCALL: _C.SafeAPI.Execute(["v1.sketch.dimension",[{"type":"HORIZONTAL_DISTANCE","value":"@expr.d81_position_x","name":"position_x","id":938,"geomIds":[976,945]}]])
[0m[0;32m[2026-09-16 13:19:28.081][VERB] RETURN: {"result":"$982"}
[0m[0;32m[2026-09-16 13:19:28.081][VERB] COMMANDCALL: _C.SafeAPI.Execute(["v1.sketch.dimension",[{"type":"VERTICAL_DISTANCE","value":"@expr.d82_position_y","name":"position_y","id":938,"geomIds":[976,945]}]])
[0m[0;32m[2026-09-16 13:19:28.087][VERB] RETURN: {"result":"$986"}
[0m[0;32m[2026-09-16 13:19:28.088][VERB] COMMANDCALL: _C.SafeAPI.Execute(["v1.sketch.dimension",[{"type":"OFFSET","value":"@expr.d83_width","name":"width","id":938,"geomIds":[944]}]])
[0m[0;32m[2026-09-16 13:19:28.095][VERB] RETURN: {"result":"$990"}
[0m[0;32m[2026-09-16 13:19:28.096][VERB] COMMANDCALL: _C.SafeAPI.Execute(["v1.sketch.dimension",[{"type":"OFFSET","value":"@expr.d84_depth","name":"depth","id":938,"geomIds":[948]}]])
[0m[0;32m[2026-09-16 13:19:28.105][VERB] RETURN: {"result":"$994"}
[0m[0;32m[2026-09-16 13:19:28.105][VERB] COMMANDCALL: _C.SafeAPI.Execute(["v1.part.extrusion",[{"references":[944,948,954,960],"name":"F79_makeBox_cad_primitives_py_8","taperAngle":0,"limit2":"@expr.d85_height","id":4}]])
[0m[0;32m[2026-09-16 13:19:28.110][VERB] RETURN: {"result":"$998"}
[0m[0;32m[2026-09-16 13:19:28.111][VERB] COMMANDCALL: _C.SafeAPI.Execute(["v1.part.workPlane",[{"type":"PLANE","references":[38],"name":"F86_makeBox_cad_primitives_py_8_plane","offset":"@expr.d87_plane_offset","id":4}]])
[0m[0;32m[2026-09-16 13:19:28.114][VERB] RETURN: {"result":"$1041"}
[0m[0;32m[2026-09-16 13:19:28.114][VERB] COMMANDCALL: _C.SafeAPI.Execute(["v1.sketch.create",[{"planeId":1041,"name":"F86_makeBox_cad_primitives_py_8_profile","id":4}]])
[0m[0;32m[2026-09-16 13:19:28.116][VERB] RETURN: {"result":"$1047"}
[0m[0;32m[2026-09-16 13:19:28.117][VERB] COMMANDCALL: _C.SafeAPI.Execute(["v1.sketch.rectangle",[{"startPos":[46.1,1.4,0],"id":1047,"genFixation":0,"endPos":[92.5,38.1,0]}]])
[0m[0;32m[2026-09-16 13:19:28.124][VERB] RETURN: {"result":["$1053","$1057","$1063","$1069"]}
[0m[0;32m[2026-09-16 13:19:28.125][VERB] COMMANDCALL: _C.SafeAPI.Execute(["v1.sketch.getPoints",[{"id":1053}]])
[0m[0;32m[2026-09-16 13:19:28.125][VERB] RETURN: {"result":{"endId":"$1055","startId":"$1054"}}
[0m[0;32m[2026-09-16 13:19:28.125][VERB] COMMANDCALL: _C.SafeAPI.Execute(["v1.sketch.point",[{"pos":[-1000,-1000,0],"id":1047}]])
[0m[0;32m[2026-09-16 13:19:28.127][VERB] RETURN: {"result":"$1085"}
[0m[0;32m[2026-09-16 13:19:28.127][VERB] COMMANDCALL: _C.SafeAPI.Execute(["v1.sketch.constraint",[{"type":"FIXATION","id":1047,"geomIds":[1085]}]])
[0m[0;32m[2026-09-16 13:19:28.129][VERB] RETURN: {"result":"$1087"}
[0m[0;32m[2026-09-16 13:19:28.129][VERB] COMMANDCALL: _C.SafeAPI.Execute(["v1.sketch.dimension",[{"type":"HORIZONTAL_DISTANCE","value":"@expr.d88_position_x","name":"position_x","id":1047,"geomIds":[1085,1054]}]])
[0m[0;32m[2026-09-16 13:19:28.135][VERB] RETURN: {"result":"$1091"}
[0m[0;32m[2026-09-16 13:19:28.135][VERB] COMMANDCALL: _C.SafeAPI.Execute(["v1.sketch.dimension",[{"type":"VERTICAL_DISTANCE","value":"@expr.d89_position_y","name":"position_y","id":1047,"geomIds":[1085,1054]}]])
[0m[0;32m[2026-09-16 13:19:28.142][VERB] RETURN: {"result":"$1095"}
[0m[0;32m[2026-09-16 13:19:28.142][VERB] COMMANDCALL: _C.SafeAPI.Execute(["v1.sketch.dimension",[{"type":"OFFSET","value":"@expr.d90_width","name":"width","id":1047,"geomIds":[1053]}]])
[0m[0;32m[2026-09-16 13:19:28.150][VERB] RETURN: {"result":"$1099"}
[0m[0;32m[2026-09-16 13:19:28.151][VERB] COMMANDCALL: _C.SafeAPI.Execute(["v1.sketch.dimension",[{"type":"OFFSET","value":"@expr.d91_depth","name":"depth","id":1047,"geomIds":[1057]}]])
[0m[0;32m[2026-09-16 13:19:28.159][VERB] RETURN: {"result":"$1103"}
[0m[0;32m[2026-09-16 13:19:28.160][VERB] COMMANDCALL: _C.SafeAPI.Execute(["v1.part.extrusion",[{"references":[1053,1057,1063,1069],"name":"F86_makeBox_cad_primitives_py_8","taperAngle":0,"limit2":"@expr.d92_height","id":4}]])
[0m[0;32m[2026-09-16 13:19:28.165][VERB] RETURN: {"result":"$1107"}
[0m[0;32m[2026-09-16 13:19:28.165][VERB] COMMANDCALL: _C.SafeAPI.Execute(["v1.part.workPlane",[{"type":"PLANE","references":[38],"name":"F93_makeCylinder_cad_primitives_py_12_plane","offset":"@expr.d94_plane_offset","id":4}]])
[0m[0;32m[2026-09-16 13:19:28.169][VERB] RETURN: {"result":"$1150"}
[0m[0;32m[2026-09-16 13:19:28.169][VERB] COMMANDCALL: _C.SafeAPI.Execute(["v1.sketch.create",[{"planeId":1150,"name":"F93_makeCylinder_cad_primitives_py_12_profile","id":4}]])
[0m[0;32m[2026-09-16 13:19:28.172][VERB] RETURN: {"result":"$1156"}
[0m[0;32m[2026-09-16 13:19:28.172][VERB] COMMANDCALL: _C.SafeAPI.Execute(["v1.sketch.circle",[{"radius":2.7,"id":1156,"genFixation":0,"centerPos":[48.8,1.4,0]}]])
[0m[0;32m[2026-09-16 13:19:28.173][VERB] RETURN: {"result":"$1162"}
[0m[0;32m[2026-09-16 13:19:28.174][VERB] COMMANDCALL: _C.SafeAPI.Execute(["v1.sketch.getPoints",[{"id":1162}]])
[0m[0;32m[2026-09-16 13:19:28.174][VERB] RETURN: {"result":{"centerId":"$1163"}}
[0m[0;32m[2026-09-16 13:19:28.174][VERB] COMMANDCALL: _C.SafeAPI.Execute(["v1.sketch.point",[{"pos":[-1000,-1000,0],"id":1156}]])
[0m[0;32m[2026-09-16 13:19:28.175][VERB] RETURN: {"result":"$1165"}
[0m[0;32m[2026-09-16 13:19:28.175][VERB] COMMANDCALL: _C.SafeAPI.Execute(["v1.sketch.constraint",[{"type":"FIXATION","id":1156,"geomIds":[1165]}]])
[0m[0;32m[2026-09-16 13:19:28.176][VERB] RETURN: {"result":"$1167"}
[0m[0;32m[2026-09-16 13:19:28.176][VERB] COMMANDCALL: _C.SafeAPI.Execute(["v1.sketch.dimension",[{"type":"HORIZONTAL_DISTANCE","value":"@expr.d95_position_x","name":"position_x","id":1156,"geomIds":[1165,1163]}]])
[0m[0;32m[2026-09-16 13:19:28.181][VERB] RETURN: {"result":"$1171"}
[0m[0;32m[2026-09-16 13:19:28.182][VERB] COMMANDCALL: _C.SafeAPI.Execute(["v1.sketch.dimension",[{"type":"VERTICAL_DISTANCE","value":"@expr.d96_position_y","name":"position_y","id":1156,"geomIds":[1165,1163]}]])
[0m[0;32m[2026-09-16 13:19:28.187][VERB] RETURN: {"result":"$1175"}
[0m[0;32m[2026-09-16 13:19:28.188][VERB] COMMANDCALL: _C.SafeAPI.Execute(["v1.sketch.dimension",[{"type":"RADIUS","value":"@expr.d97_radius","name":"radius","id":1156,"geomIds":[1162]}]])
[0m[0;32m[2026-09-16 13:19:28.194][VERB] RETURN: {"result":"$1179"}
[0m[0;32m[2026-09-16 13:19:28.195][VERB] COMMANDCALL: _C.SafeAPI.Execute(["v1.part.extrusion",[{"references":[1162],"name":"F93_makeCylinder_cad_primitives_py_12","taperAngle":0,"limit2":"@expr.d98_height","id":4}]])
[0m[0;32m[2026-09-16 13:19:28.200][VERB] RETURN: {"result":"$1183"}
[0m[0;32m[2026-09-16 13:19:28.200][VERB] COMMANDCALL: _C.SafeAPI.Execute(["v1.part.workPlane",[{"type":"PLANE","references":[38],"name":"F99_makeCylinder_cad_primitives_py_12_plane","offset":"@expr.d100_plane_offset","id":4}]])
[0m[0;32m[2026-09-16 13:19:28.204][VERB] RETURN: {"result":"$1205"}
[0m[0;32m[2026-09-16 13:19:28.204][VERB] COMMANDCALL: _C.SafeAPI.Execute(["v1.sketch.create",[{"planeId":1205,"name":"F99_makeCylinder_cad_primitives_py_12_profile","id":4}]])
[0m[0;32m[2026-09-16 13:19:28.207][VERB] RETURN: {"result":"$1211"}
[0m[0;32m[2026-09-16 13:19:28.207][VERB] COMMANDCALL: _C.SafeAPI.Execute(["v1.sketch.circle",[{"radius":2.7,"id":1211,"genFixation":0,"centerPos":[48.8,38.1,0]}]])
[0m[0;32m[2026-09-16 13:19:28.208][VERB] RETURN: {"result":"$1217"}
[0m[0;32m[2026-09-16 13:19:28.209][VERB] COMMANDCALL: _C.SafeAPI.Execute(["v1.sketch.getPoints",[{"id":1217}]])
[0m[0;32m[2026-09-16 13:19:28.209][VERB] RETURN: {"result":{"centerId":"$1218"}}
[0m[0;32m[2026-09-16 13:19:28.209][VERB] COMMANDCALL: _C.SafeAPI.Execute(["v1.sketch.point",[{"pos":[-1000,-1000,0],"id":1211}]])
[0m[0;32m[2026-09-16 13:19:28.210][VERB] RETURN: {"result":"$1220"}
[0m[0;32m[2026-09-16 13:19:28.210][VERB] COMMANDCALL: _C.SafeAPI.Execute(["v1.sketch.constraint",[{"type":"FIXATION","id":1211,"geomIds":[1220]}]])
[0m[0;32m[2026-09-16 13:19:28.211][VERB] RETURN: {"result":"$1222"}
[0m[0;32m[2026-09-16 13:19:28.211][VERB] COMMANDCALL: _C.SafeAPI.Execute(["v1.sketch.dimension",[{"type":"HORIZONTAL_DISTANCE","value":"@expr.d101_position_x","name":"position_x","id":1211,"geomIds":[1220,1218]}]])
[0m[0;32m[2026-09-16 13:19:28.217][VERB] RETURN: {"result":"$1226"}
[0m[0;32m[2026-09-16 13:19:28.217][VERB] COMMANDCALL: _C.SafeAPI.Execute(["v1.sketch.dimension",[{"type":"VERTICAL_DISTANCE","value":"@expr.d102_position_y","name":"position_y","id":1211,"geomIds":[1220,1218]}]])
[0m[0;32m[2026-09-16 13:19:28.223][VERB] RETURN: {"result":"$1230"}
[0m[0;32m[2026-09-16 13:19:28.224][VERB] COMMANDCALL: _C.SafeAPI.Execute(["v1.sketch.dimension",[{"type":"RADIUS","value":"@expr.d103_radius","name":"radius","id":1211,"geomIds":[1217]}]])
[0m[0;32m[2026-09-16 13:19:28.229][VERB] RETURN: {"result":"$1234"}
[0m[0;32m[2026-09-16 13:19:28.230][VERB] COMMANDCALL: _C.SafeAPI.Execute(["v1.part.extrusion",[{"references":[1217],"name":"F99_makeCylinder_cad_primitives_py_12","taperAngle":0,"limit2":"@expr.d104_height","id":4}]])
[0m[0;32m[2026-09-16 13:19:28.235][VERB] RETURN: {"result":"$1238"}
[0m[0;32m[2026-09-16 13:19:28.236][VERB] COMMANDCALL: _C.SafeAPI.Execute(["v1.part.workPlane",[{"type":"PLANE","references":[38],"name":"F105_makeCylinder_cad_primitives_py_12_plane","offset":"@expr.d106_plane_offset","id":4}]])
[0m[0;32m[2026-09-16 13:19:28.240][VERB] RETURN: {"result":"$1260"}
[0m[0;32m[2026-09-16 13:19:28.240][VERB] COMMANDCALL: _C.SafeAPI.Execute(["v1.sketch.create",[{"planeId":1260,"name":"F105_makeCylinder_cad_primitives_py_12_profile","id":4}]])
[0m[0;32m[2026-09-16 13:19:28.242][VERB] RETURN: {"result":"$1266"}
[0m[0;32m[2026-09-16 13:19:28.242][VERB] COMMANDCALL: _C.SafeAPI.Execute(["v1.sketch.circle",[{"radius":2.7,"id":1266,"genFixation":0,"centerPos":[89.8,1.4,0]}]])
[0m[0;32m[2026-09-16 13:19:28.243][VERB] RETURN: {"result":"$1272"}
[0m[0;32m[2026-09-16 13:19:28.244][VERB] COMMANDCALL: _C.SafeAPI.Execute(["v1.sketch.getPoints",[{"id":1272}]])
[0m[0;32m[2026-09-16 13:19:28.244][VERB] RETURN: {"result":{"centerId":"$1273"}}
[0m[0;32m[2026-09-16 13:19:28.244][VERB] COMMANDCALL: _C.SafeAPI.Execute(["v1.sketch.point",[{"pos":[-1000,-1000,0],"id":1266}]])
[0m[0;32m[2026-09-16 13:19:28.245][VERB] RETURN: {"result":"$1275"}
[0m[0;32m[2026-09-16 13:19:28.245][VERB] COMMANDCALL: _C.SafeAPI.Execute(["v1.sketch.constraint",[{"type":"FIXATION","id":1266,"geomIds":[1275]}]])
[0m[0;32m[2026-09-16 13:19:28.246][VERB] RETURN: {"result":"$1277"}
[0m[0;32m[2026-09-16 13:19:28.246][VERB] COMMANDCALL: _C.SafeAPI.Execute(["v1.sketch.dimension",[{"type":"HORIZONTAL_DISTANCE","value":"@expr.d107_position_x","name":"position_x","id":1266,"geomIds":[1275,1273]}]])
[0m[0;32m[2026-09-16 13:19:28.251][VERB] RETURN: {"result":"$1281"}
[0m[0;32m[2026-09-16 13:19:28.251][VERB] COMMANDCALL: _C.SafeAPI.Execute(["v1.sketch.dimension",[{"type":"VERTICAL_DISTANCE","value":"@expr.d108_position_y","name":"position_y","id":1266,"geomIds":[1275,1273]}]])
[0m[0;32m[2026-09-16 13:19:28.256][VERB] RETURN: {"result":"$1285"}
[0m[0;32m[2026-09-16 13:19:28.256][VERB] COMMANDCALL: _C.SafeAPI.Execute(["v1.sketch.dimension",[{"type":"RADIUS","value":"@expr.d109_radius","name":"radius","id":1266,"geomIds":[1272]}]])
[0m[0;32m[2026-09-16 13:19:28.261][VERB] RETURN: {"result":"$1289"}
[0m[0;32m[2026-09-16 13:19:28.262][VERB] COMMANDCALL: _C.SafeAPI.Execute(["v1.part.extrusion",[{"references":[1272],"name":"F105_makeCylinder_cad_primitives_py_12","taperAngle":0,"limit2":"@expr.d110_height","id":4}]])
[0m[0;32m[2026-09-16 13:19:28.267][VERB] RETURN: {"result":"$1293"}
[0m[0;32m[2026-09-16 13:19:28.268][VERB] COMMANDCALL: _C.SafeAPI.Execute(["v1.part.workPlane",[{"type":"PLANE","references":[38],"name":"F111_makeCylinder_cad_primitives_py_12_plane","offset":"@expr.d112_plane_offset","id":4}]])
[0m[0;32m[2026-09-16 13:19:28.271][VERB] RETURN: {"result":"$1315"}
[0m[0;32m[2026-09-16 13:19:28.272][VERB] COMMANDCALL: _C.SafeAPI.Execute(["v1.sketch.create",[{"planeId":1315,"name":"F111_makeCylinder_cad_primitives_py_12_profile","id":4}]])
[0m[0;32m[2026-09-16 13:19:28.274][VERB] RETURN: {"result":"$1321"}
[0m[0;32m[2026-09-16 13:19:28.274][VERB] COMMANDCALL: _C.SafeAPI.Execute(["v1.sketch.circle",[{"radius":2.7,"id":1321,"genFixation":0,"centerPos":[89.8,38.1,0]}]])
[0m[0;32m[2026-09-16 13:19:28.275][VERB] RETURN: {"result":"$1327"}
[0m[0;32m[2026-09-16 13:19:28.276][VERB] COMMANDCALL: _C.SafeAPI.Execute(["v1.sketch.getPoints",[{"id":1327}]])
[0m[0;32m[2026-09-16 13:19:28.276][VERB] RETURN: {"result":{"centerId":"$1328"}}
[0m[0;32m[2026-09-16 13:19:28.276][VERB] COMMANDCALL: _C.SafeAPI.Execute(["v1.sketch.point",[{"pos":[-1000,-1000,0],"id":1321}]])
[0m[0;32m[2026-09-16 13:19:28.277][VERB] RETURN: {"result":"$1330"}
[0m[0;32m[2026-09-16 13:19:28.277][VERB] COMMANDCALL: _C.SafeAPI.Execute(["v1.sketch.constraint",[{"type":"FIXATION","id":1321,"geomIds":[1330]}]])
[0m[0;32m[2026-09-16 13:19:28.278][VERB] RETURN: {"result":"$1332"}
[0m[0;32m[2026-09-16 13:19:28.278][VERB] COMMANDCALL: _C.SafeAPI.Execute(["v1.sketch.dimension",[{"type":"HORIZONTAL_DISTANCE","value":"@expr.d113_position_x","name":"position_x","id":1321,"geomIds":[1330,1328]}]])
[0m[0;32m[2026-09-16 13:19:28.283][VERB] RETURN: {"result":"$1336"}
[0m[0;32m[2026-09-16 13:19:28.283][VERB] COMMANDCALL: _C.SafeAPI.Execute(["v1.sketch.dimension",[{"type":"VERTICAL_DISTANCE","value":"@expr.d114_position_y","name":"position_y","id":1321,"geomIds":[1330,1328]}]])
[0m[0;32m[2026-09-16 13:19:28.289][VERB] RETURN: {"result":"$1340"}
[0m[0;32m[2026-09-16 13:19:28.289][VERB] COMMANDCALL: _C.SafeAPI.Execute(["v1.sketch.dimension",[{"type":"RADIUS","value":"@expr.d115_radius","name":"radius","id":1321,"geomIds":[1327]}]])
[0m[0;32m[2026-09-16 13:19:28.294][VERB] RETURN: {"result":"$1344"}
[0m[0;32m[2026-09-16 13:19:28.295][VERB] COMMANDCALL: _C.SafeAPI.Execute(["v1.part.extrusion",[{"references":[1327],"name":"F111_makeCylinder_cad_primitives_py_12","taperAngle":0,"limit2":"@expr.d116_height","id":4}]])
[0m[0;32m[2026-09-16 13:19:28.300][VERB] RETURN: {"result":"$1348"}
[0m[0;32m[2026-09-16 13:19:28.301][VERB] COMMANDCALL: _C.SafeAPI.Execute(["v1.part.workPlane",[{"type":"PLANE","references":[38],"name":"F117_makeBox_shell_skin_py_38_plane","offset":"@expr.d118_plane_offset","id":4}]])
[0m[0;32m[2026-09-16 13:19:28.305][VERB] RETURN: {"result":"$1370"}
[0m[0;32m[2026-09-16 13:19:28.305][VERB] COMMANDCALL: _C.SafeAPI.Execute(["v1.sketch.create",[{"planeId":1370,"name":"F117_makeBox_shell_skin_py_38_profile","id":4}]])
[0m[0;32m[2026-09-16 13:19:28.307][VERB] RETURN: {"result":"$1376"}
[0m[0;32m[2026-09-16 13:19:28.307][VERB] COMMANDCALL: _C.SafeAPI.Execute(["v1.sketch.rectangle",[{"startPos":[89.8,-1.3,0],"id":1376,"genFixation":0,"endPos":[92.5,40.8,0]}]])
[0m[0;32m[2026-09-16 13:19:28.314][VERB] RETURN: {"result":["$1382","$1386","$1392","$1398"]}
[0m[0;32m[2026-09-16 13:19:28.314][VERB] COMMANDCALL: _C.SafeAPI.Execute(["v1.sketch.getPoints",[{"id":1382}]])
[0m[0;32m[2026-09-16 13:19:28.314][VERB] RETURN: {"result":{"endId":"$1384","startId":"$1383"}}
[0m[0;32m[2026-09-16 13:19:28.314][VERB] COMMANDCALL: _C.SafeAPI.Execute(["v1.sketch.point",[{"pos":[-1000,-1000,0],"id":1376}]])
[0m[0;32m[2026-09-16 13:19:28.316][VERB] RETURN: {"result":"$1414"}
[0m[0;32m[2026-09-16 13:19:28.317][VERB] COMMANDCALL: _C.SafeAPI.Execute(["v1.sketch.constraint",[{"type":"FIXATION","id":1376,"geomIds":[1414]}]])
[0m[0;32m[2026-09-16 13:19:28.318][VERB] RETURN: {"result":"$1416"}
[0m[0;32m[2026-09-16 13:19:28.318][VERB] COMMANDCALL: _C.SafeAPI.Execute(["v1.sketch.dimension",[{"type":"HORIZONTAL_DISTANCE","value":"@expr.d119_position_x","name":"position_x","id":1376,"geomIds":[1414,1383]}]])
[0m[0;32m[2026-09-16 13:19:28.324][VERB] RETURN: {"result":"$1420"}
[0m[0;32m[2026-09-16 13:19:28.324][VERB] COMMANDCALL: _C.SafeAPI.Execute(["v1.sketch.dimension",[{"type":"VERTICAL_DISTANCE","value":"@expr.d120_position_y","name":"position_y","id":1376,"geomIds":[1414,1383]}]])
[0m[0;32m[2026-09-16 13:19:28.330][VERB] RETURN: {"result":"$1424"}
[0m[0;32m[2026-09-16 13:19:28.330][VERB] COMMANDCALL: _C.SafeAPI.Execute(["v1.sketch.dimension",[{"type":"OFFSET","value":"@expr.d121_width","name":"width","id":1376,"geomIds":[1382]}]])
[0m[0;32m[2026-09-16 13:19:28.338][VERB] RETURN: {"result":"$1428"}
[0m[0;32m[2026-09-16 13:19:28.338][VERB] COMMANDCALL: _C.SafeAPI.Execute(["v1.sketch.dimension",[{"type":"OFFSET","value":"@expr.d122_depth","name":"depth","id":1376,"geomIds":[1386]}]])
[0m[0;32m[2026-09-16 13:19:28.346][VERB] RETURN: {"result":"$1432"}
[0m[0;32m[2026-09-16 13:19:28.347][VERB] COMMANDCALL: _C.SafeAPI.Execute(["v1.part.extrusion",[{"references":[1382,1386,1392,1398],"name":"F117_makeBox_shell_skin_py_38","taperAngle":0,"limit2":"@expr.d123_height","id":4}]])
[0m[0;32m[2026-09-16 13:19:28.352][VERB] RETURN: {"result":"$1436"}
[0m[0;32m[2026-09-16 13:19:28.352][VERB] COMMANDCALL: _C.SafeAPI.Execute(["v1.part.workPlane",[{"type":"PLANE","references":[38],"name":"F124_makeBox_cad_primitives_py_8_plane","offset":"@expr.d125_plane_offset","id":4}]])
[0m[0;32m[2026-09-16 13:19:28.356][VERB] RETURN: {"result":"$1479"}
[0m[0;32m[2026-09-16 13:19:28.356][VERB] COMMANDCALL: _C.SafeAPI.Execute(["v1.sketch.create",[{"planeId":1479,"name":"F124_makeBox_cad_primitives_py_8_profile","id":4}]])
[0m[0;32m[2026-09-16 13:19:28.359][VERB] RETURN: {"result":"$1485"}
[0m[0;32m[2026-09-16 13:19:28.359][VERB] COMMANDCALL: _C.SafeAPI.Execute(["v1.sketch.rectangle",[{"startPos":[88.05,-7,0],"id":1485,"genFixation":0,"endPos":[92.5,5,0]}]])
[0m[0;32m[2026-09-16 13:19:28.366][VERB] RETURN: {"result":["$1491","$1495","$1501","$1507"]}
[0m[0;32m[2026-09-16 13:19:28.366][VERB] COMMANDCALL: _C.SafeAPI.Execute(["v1.sketch.getPoints",[{"id":1491}]])
[0m[0;32m[2026-09-16 13:19:28.366][VERB] RETURN: {"result":{"endId":"$1493","startId":"$1492"}}
[0m[0;32m[2026-09-16 13:19:28.366][VERB] COMMANDCALL: _C.SafeAPI.Execute(["v1.sketch.point",[{"pos":[-1000,-1000,0],"id":1485}]])
[0m[0;32m[2026-09-16 13:19:28.368][VERB] RETURN: {"result":"$1523"}
[0m[0;32m[2026-09-16 13:19:28.368][VERB] COMMANDCALL: _C.SafeAPI.Execute(["v1.sketch.constraint",[{"type":"FIXATION","id":1485,"geomIds":[1523]}]])
[0m[0;32m[2026-09-16 13:19:28.370][VERB] RETURN: {"result":"$1525"}
[0m[0;32m[2026-09-16 13:19:28.370][VERB] COMMANDCALL: _C.SafeAPI.Execute(["v1.sketch.dimension",[{"type":"HORIZONTAL_DISTANCE","value":"@expr.d126_position_x","name":"position_x","id":1485,"geomIds":[1523,1492]}]])
[0m[0;32m[2026-09-16 13:19:28.376][VERB] RETURN: {"result":"$1529"}
[0m[0;32m[2026-09-16 13:19:28.376][VERB] COMMANDCALL: _C.SafeAPI.Execute(["v1.sketch.dimension",[{"type":"VERTICAL_DISTANCE","value":"@expr.d127_position_y","name":"position_y","id":1485,"geomIds":[1523,1492]}]])
[0m[0;32m[2026-09-16 13:19:28.382][VERB] RETURN: {"result":"$1533"}
[0m[0;32m[2026-09-16 13:19:28.383][VERB] COMMANDCALL: _C.SafeAPI.Execute(["v1.sketch.dimension",[{"type":"OFFSET","value":"@expr.d128_width","name":"width","id":1485,"geomIds":[1491]}]])
[0m[0;32m[2026-09-16 13:19:28.390][VERB] RETURN: {"result":"$1537"}
[0m[0;32m[2026-09-16 13:19:28.390][VERB] COMMANDCALL: _C.SafeAPI.Execute(["v1.sketch.dimension",[{"type":"OFFSET","value":"@expr.d129_depth","name":"depth","id":1485,"geomIds":[1495]}]])
[0m[0;32m[2026-09-16 13:19:28.397][VERB] RETURN: {"result":"$1541"}
[0m[0;32m[2026-09-16 13:19:28.398][VERB] COMMANDCALL: _C.SafeAPI.Execute(["v1.part.extrusion",[{"references":[1491,1495,1501,1507],"name":"F124_makeBox_cad_primitives_py_8","taperAngle":0,"limit2":"@expr.d130_height","id":4}]])
[0m[0;32m[2026-09-16 13:19:28.403][VERB] RETURN: {"result":"$1545"}
[0m[0;32m[2026-09-16 13:19:28.403][VERB] COMMANDCALL: _C.SafeAPI.Execute(["v1.part.workPlane",[{"type":"PLANE","references":[38],"name":"F132_makeBox_cad_primitives_py_8_plane","offset":"@expr.d133_plane_offset","id":4}]])
[0m[0;32m[2026-09-16 13:19:28.407][VERB] RETURN: {"result":"$1588"}
[0m[0;32m[2026-09-16 13:19:28.407][VERB] COMMANDCALL: _C.SafeAPI.Execute(["v1.sketch.create",[{"planeId":1588,"name":"F132_makeBox_cad_primitives_py_8_profile","id":4}]])
[0m[0;32m[2026-09-16 13:19:28.410][VERB] RETURN: {"result":"$1594"}
[0m[0;32m[2026-09-16 13:19:28.410][VERB] COMMANDCALL: _C.SafeAPI.Execute(["v1.sketch.rectangle",[{"startPos":[85.35,-4,0],"id":1594,"genFixation":0,"endPos":[88.05,-1.3,0]}]])
[0m[0;32m[2026-09-16 13:19:28.417][VERB] RETURN: {"result":["$1600","$1604","$1610","$1616"]}
[0m[0;32m[2026-09-16 13:19:28.417][VERB] COMMANDCALL: _C.SafeAPI.Execute(["v1.sketch.getPoints",[{"id":1600}]])
[0m[0;32m[2026-09-16 13:19:28.417][VERB] RETURN: {"result":{"endId":"$1602","startId":"$1601"}}
[0m[0;32m[2026-09-16 13:19:28.417][VERB] COMMANDCALL: _C.SafeAPI.Execute(["v1.sketch.point",[{"pos":[-1000,-1000,0],"id":1594}]])
[0m[0;32m[2026-09-16 13:19:28.419][VERB] RETURN: {"result":"$1632"}
[0m[0;32m[2026-09-16 13:19:28.419][VERB] COMMANDCALL: _C.SafeAPI.Execute(["v1.sketch.constraint",[{"type":"FIXATION","id":1594,"geomIds":[1632]}]])
[0m[0;32m[2026-09-16 13:19:28.421][VERB] RETURN: {"result":"$1634"}
[0m[0;32m[2026-09-16 13:19:28.421][VERB] COMMANDCALL: _C.SafeAPI.Execute(["v1.sketch.dimension",[{"type":"HORIZONTAL_DISTANCE","value":"@expr.d134_position_x","name":"position_x","id":1594,"geomIds":[1632,1601]}]])
[0m[0;32m[2026-09-16 13:19:28.427][VERB] RETURN: {"result":"$1638"}
[0m[0;32m[2026-09-16 13:19:28.427][VERB] COMMANDCALL: _C.SafeAPI.Execute(["v1.sketch.dimension",[{"type":"VERTICAL_DISTANCE","value":"@expr.d135_position_y","name":"position_y","id":1594,"geomIds":[1632,1601]}]])
[0m[0;32m[2026-09-16 13:19:28.433][VERB] RETURN: {"result":"$1642"}
[0m[0;32m[2026-09-16 13:19:28.433][VERB] COMMANDCALL: _C.SafeAPI.Execute(["v1.sketch.dimension",[{"type":"OFFSET","value":"@expr.d136_width","name":"width","id":1594,"geomIds":[1600]}]])
[0m[0;32m[2026-09-16 13:19:28.440][VERB] RETURN: {"result":"$1646"}
[0m[0;32m[2026-09-16 13:19:28.440][VERB] COMMANDCALL: _C.SafeAPI.Execute(["v1.sketch.dimension",[{"type":"OFFSET","value":"@expr.d137_depth","name":"depth","id":1594,"geomIds":[1604]}]])
[0m[0;32m[2026-09-16 13:19:28.448][VERB] RETURN: {"result":"$1650"}PVS_DELETE_PE 0x7a8b6b5040
PVS_DELETE_PE 0x7a8b6b5400
PVS_DELETE_PE 0x7a8b6b5680
PVS_DELETE_PE 0x7a8b6b57c0

[0m[0;32m[2026-09-16 13:19:28.449][VERB] COMMANDCALL: _C.SafeAPI.Execute(["v1.part.extrusion",[{"references":[1600,1604,1610,1616],"name":"F132_makeBox_cad_primitives_py_8","taperAngle":0,"limit2":"@expr.d138_height","id":4}]])
[0m[0;32m[2026-09-16 13:19:28.454][VERB] RETURN: {"result":"$1654"}
[0m[0;32m[2026-09-16 13:19:28.454][VERB] COMMANDCALL: _C.SafeAPI.Execute(["v1.part.workPlane",[{"type":"PLANE","references":[38],"name":"F139_makeCylinder_cad_primitives_py_12_plane","offset":"@expr.d140_plane_offset","id":4}]])
[0m[0;32m[2026-09-16 13:19:28.458][VERB] RETURN: {"result":"$1697"}
[0m[0;32m[2026-09-16 13:19:28.458][VERB] COMMANDCALL: _C.SafeAPI.Execute(["v1.sketch.create",[{"planeId":1697,"name":"F139_makeCylinder_cad_primitives_py_12_profile","id":4}]])
[0m[0;32m[2026-09-16 13:19:28.460][VERB] RETURN: {"result":"$1703"}
[0m[0;32m[2026-09-16 13:19:28.460][VERB] COMMANDCALL: _C.SafeAPI.Execute(["v1.sketch.circle",[{"radius":2.7,"id":1703,"genFixation":0,"centerPos":[85.35,-4,0]}]])
[0m[0;32m[2026-09-16 13:19:28.461][VERB] RETURN: {"result":"$1709"}
[0m[0;32m[2026-09-16 13:19:28.461][VERB] COMMANDCALL: _C.SafeAPI.Execute(["v1.sketch.getPoints",[{"id":1709}]])
[0m[0;32m[2026-09-16 13:19:28.462][VERB] RETURN: {"result":{"centerId":"$1710"}}
[0m[0;32m[2026-09-16 13:19:28.462][VERB] COMMANDCALL: _C.SafeAPI.Execute(["v1.sketch.point",[{"pos":[-1000,-1000,0],"id":1703}]])
[0m[0;32m[2026-09-16 13:19:28.463][VERB] RETURN: {"result":"$1712"}
[0m[0;32m[2026-09-16 13:19:28.463][VERB] COMMANDCALL: _C.SafeAPI.Execute(["v1.sketch.constraint",[{"type":"FIXATION","id":1703,"geomIds":[1712]}]])
[0m[0;32m[2026-09-16 13:19:28.464][VERB] RETURN: {"result":"$1714"}
[0m[0;32m[2026-09-16 13:19:28.464][VERB] COMMANDCALL: _C.SafeAPI.Execute(["v1.sketch.dimension",[{"type":"HORIZONTAL_DISTANCE","value":"@expr.d141_position_x","name":"position_x","id":1703,"geomIds":[1712,1710]}]])
[0m[0;32m[2026-09-16 13:19:28.468][VERB] RETURN: {"result":"$1718"}
[0m[0;32m[2026-09-16 13:19:28.468][VERB] COMMANDCALL: _C.SafeAPI.Execute(["v1.sketch.dimension",[{"type":"VERTICAL_DISTANCE","value":"@expr.d142_position_y","name":"position_y","id":1703,"geomIds":[1712,1710]}]])
[0m[0;32m[2026-09-16 13:19:28.473][VERB] RETURN: {"result":"$1722"}
[0m[0;32m[2026-09-16 13:19:28.474][VERB] COMMANDCALL: _C.SafeAPI.Execute(["v1.sketch.dimension",[{"type":"RADIUS","value":"@expr.d143_radius","name":"radius","id":1703,"geomIds":[1709]}]])
[0m[0;32m[2026-09-16 13:19:28.478][VERB] RETURN: {"result":"$1726"}
[0m[0;32m[2026-09-16 13:19:28.479][VERB] COMMANDCALL: _C.SafeAPI.Execute(["v1.part.extrusion",[{"references":[1709],"name":"F139_makeCylinder_cad_primitives_py_12","taperAngle":0,"limit2":"@expr.d144_height","id":4}]])
[0m[0;32m[2026-09-16 13:19:28.484][VERB] RETURN: {"result":"$1730"}
[0m[0;32m[2026-09-16 13:19:28.485][VERB] COMMANDCALL: _C.SafeAPI.Execute(["v1.part.boolean",[{"type":"SUBTRACTION","tools":[1730],"target":1654,"name":"F131_cut_housing_shell_py_25","id":4}]])
[0m[0;32m[2026-09-16 13:19:28.492][VERB] RETURN: {"result":"$1752"}
[0m[0;32m[2026-09-16 13:19:28.492][VERB] COMMANDCALL: _C.SafeAPI.Execute(["v1.part.workPlane",[{"type":"PLANE","references":[38],"name":"F145_makeBox_cad_primitives_py_8_plane","offset":"@expr.d146_plane_offset","id":4}]])
[0m[0;32m[2026-09-16 13:19:28.496][VERB] RETURN: {"result":"$1770"}
[0m[0;32m[2026-09-16 13:19:28.496][VERB] COMMANDCALL: _C.SafeAPI.Execute(["v1.sketch.create",[{"planeId":1770,"name":"F145_makeBox_cad_primitives_py_8_profile","id":4}]])
[0m[0;32m[2026-09-16 13:19:28.498][VERB] RETURN: {"result":"$1776"}
[0m[0;32m[2026-09-16 13:19:28.498][VERB] COMMANDCALL: _C.SafeAPI.Execute(["v1.sketch.rectangle",[{"startPos":[88.05,30,0],"id":1776,"genFixation":0,"endPos":[92.5,41.3,0]}]])
[0m[0;32m[2026-09-16 13:19:28.505][VERB] RETURN: {"result":["$1782","$1786","$1792","$1798"]}
[0m[0;32m[2026-09-16 13:19:28.505][VERB] COMMANDCALL: _C.SafeAPI.Execute(["v1.sketch.getPoints",[{"id":1782}]])
[0m[0;32m[2026-09-16 13:19:28.505][VERB] RETURN: {"result":{"endId":"$1784","startId":"$1783"}}
[0m[0;32m[2026-09-16 13:19:28.505][VERB] COMMANDCALL: _C.SafeAPI.Execute(["v1.sketch.point",[{"pos":[-1000,-1000,0],"id":1776}]])
[0m[0;32m[2026-09-16 13:19:28.507][VERB] RETURN: {"result":"$1814"}
[0m[0;32m[2026-09-16 13:19:28.507][VERB] COMMANDCALL: _C.SafeAPI.Execute(["v1.sketch.constraint",[{"type":"FIXATION","id":1776,"geomIds":[1814]}]])
[0m[0;32m[2026-09-16 13:19:28.509][VERB] RETURN: {"result":"$1816"}
[0m[0;32m[2026-09-16 13:19:28.509][VERB] COMMANDCALL: _C.SafeAPI.Execute(["v1.sketch.dimension",[{"type":"HORIZONTAL_DISTANCE","value":"@expr.d147_position_x","name":"position_x","id":1776,"geomIds":[1814,1783]}]])
[0m[0;32m[2026-09-16 13:19:28.514][VERB] RETURN: {"result":"$1820"}
[0m[0;32m[2026-09-16 13:19:28.514][VERB] COMMANDCALL: _C.SafeAPI.Execute(["v1.sketch.dimension",[{"type":"VERTICAL_DISTANCE","value":"@expr.d148_position_y","name":"position_y","id":1776,"geomIds":[1814,1783]}]])
[0m[0;32m[2026-09-16 13:19:28.520][VERB] RETURN: {"result":"$1824"}
[0m[0;32m[2026-09-16 13:19:28.521][VERB] COMMANDCALL: _C.SafeAPI.Execute(["v1.sketch.dimension",[{"type":"OFFSET","value":"@expr.d149_width","name":"width","id":1776,"geomIds":[1782]}]])
[0m[0;32m[2026-09-16 13:19:28.527][VERB] RETURN: {"result":"$1828"}
[0m[0;32m[2026-09-16 13:19:28.528][VERB] COMMANDCALL: _C.SafeAPI.Execute(["v1.sketch.dimension",[{"type":"OFFSET","value":"@expr.d150_depth","name":"depth","id":1776,"geomIds":[1786]}]])
[0m[0;32m[2026-09-16 13:19:28.535][VERB] RETURN: {"result":"$1832"}
[0m[0;32m[2026-09-16 13:19:28.536][VERB] COMMANDCALL: _C.SafeAPI.Execute(["v1.part.extrusion",[{"references":[1782,1786,1792,1798],"name":"F145_makeBox_cad_primitives_py_8","taperAngle":0,"limit2":"@expr.d151_height","id":4}]])
[0m[0;32m[2026-09-16 13:19:28.540][VERB] RETURN: {"result":"$1836"}
[0m[0;32m[2026-09-16 13:19:28.541][VERB] COMMANDCALL: _C.SafeAPI.Execute(["v1.part.workPlane",[{"type":"PLANE","references":[38],"name":"F152_makeBox_cad_primitives_py_8_plane","offset":"@expr.d153_plane_offset","id":4}]])
[0m[0;32m[2026-09-16 13:19:28.544][VERB] RETURN: {"result":"$1879"}
[0m[0;32m[2026-09-16 13:19:28.544][VERB] COMMANDCALL: _C.SafeAPI.Execute(["v1.sketch.create",[{"planeId":1879,"name":"F152_makeBox_cad_primitives_py_8_profile","id":4}]])
[0m[0;32m[2026-09-16 13:19:28.546][VERB] RETURN: {"result":"$1885"}
[0m[0;32m[2026-09-16 13:19:28.547][VERB] COMMANDCALL: _C.SafeAPI.Execute(["v1.sketch.rectangle",[{"startPos":[88.05,30,0],"id":1885,"genFixation":0,"endPos":[92.5,38,0]}]])
[0m[0;32m[2026-09-16 13:19:28.553][VERB] RETURN: {"result":["$1891","$1895","$1901","$1907"]}
[0m[0;32m[2026-09-16 13:19:28.553][VERB] COMMANDCALL: _C.SafeAPI.Execute(["v1.sketch.getPoints",[{"id":1891}]])
[0m[0;32m[2026-09-16 13:19:28.553][VERB] RETURN: {"result":{"endId":"$1893","startId":"$1892"}}
[0m[0;32m[2026-09-16 13:19:28.554][VERB] COMMANDCALL: _C.SafeAPI.Execute(["v1.sketch.point",[{"pos":[-1000,-1000,0],"id":1885}]])
[0m[0;32m[2026-09-16 13:19:28.555][VERB] RETURN: {"result":"$1923"}
[0m[0;32m[2026-09-16 13:19:28.556][VERB] COMMANDCALL: _C.SafeAPI.Execute(["v1.sketch.constraint",[{"type":"FIXATION","id":1885,"geomIds":[1923]}]])
[0m[0;32m[2026-09-16 13:19:28.557][VERB] RETURN: {"result":"$1925"}
[0m[0;32m[2026-09-16 13:19:28.557][VERB] COMMANDCALL: _C.SafeAPI.Execute(["v1.sketch.dimension",[{"type":"HORIZONTAL_DISTANCE","value":"@expr.d154_position_x","name":"position_x","id":1885,"geomIds":[1923,1892]}]])
[0m[0;32m[2026-09-16 13:19:28.562][VERB] RETURN: {"result":"$1929"}
[0m[0;32m[2026-09-16 13:19:28.563][VERB] COMMANDCALL: _C.SafeAPI.Execute(["v1.sketch.dimension",[{"type":"VERTICAL_DISTANCE","value":"@expr.d155_position_y","name":"position_y","id":1885,"geomIds":[1923,1892]}]])
[0m[0;32m[2026-09-16 13:19:28.569][VERB] RETURN: {"result":"$1933"}
[0m[0;32m[2026-09-16 13:19:28.569][VERB] COMMANDCALL: _C.SafeAPI.Execute(["v1.sketch.dimension",[{"type":"OFFSET","value":"@expr.d156_width","name":"width","id":1885,"geomIds":[1891]}]])
[0m[0;32m[2026-09-16 13:19:28.576][VERB] RETURN: {"result":"$1937"}
[0m[0;32m[2026-09-16 13:19:28.576][VERB] COMMANDCALL: _C.SafeAPI.Execute(["v1.sketch.dimension",[{"type":"OFFSET","value":"@expr.d157_depth","name":"depth","id":1885,"geomIds":[1895]}]])
[0m[0;32m[2026-09-16 13:19:28.584][VERB] RETURN: {"result":"$1941"}
[0m[0;32m[2026-09-16 13:19:28.584][VERB] COMMANDCALL: _C.SafeAPI.Execute(["v1.part.extrusion",[{"references":[1891,1895,1901,1907],"name":"F152_makeBox_cad_primitives_py_8","taperAngle":0,"limit2":"@expr.d158_height","id":4}]])
[0m[0;32m[2026-09-16 13:19:28.589][VERB] RETURN: {"result":"$1945"}
[0m[0;32m[2026-09-16 13:19:28.589][VERB] COMMANDCALL: _C.SafeAPI.Execute(["v1.part.workPlane",[{"type":"PLANE","references":[38],"name":"F160_makeBox_cad_primitives_py_8_plane","offset":"@expr.d161_plane_offset","id":4}]])
[0m[0;32m[2026-09-16 13:19:28.593][VERB] RETURN: {"result":"$1988"}
[0m[0;32m[2026-09-16 13:19:28.593][VERB] COMMANDCALL: _C.SafeAPI.Execute(["v1.sketch.create",[{"planeId":1988,"name":"F160_makeBox_cad_primitives_py_8_profile","id":4}]])
[0m[0;32m[2026-09-16 13:19:28.595][VERB] RETURN: {"result":"$1994"}
[0m[0;32m[2026-09-16 13:19:28.595][VERB] COMMANDCALL: _C.SafeAPI.Execute(["v1.sketch.rectangle",[{"startPos":[59.1,40.8,0],"id":1994,"genFixation":0,"endPos":[63.1,44.8,0]}]])
[0m[0;32m[2026-09-16 13:19:28.602][VERB] RETURN: {"result":["$2000","$2004","$2010","$2016"]}
[0m[0;32m[2026-09-16 13:19:28.602][VERB] COMMANDCALL: _C.SafeAPI.Execute(["v1.sketch.getPoints",[{"id":2000}]])
[0m[0;32m[2026-09-16 13:19:28.602][VERB] RETURN: {"result":{"endId":"$2002","startId":"$2001"}}
[0m[0;32m[2026-09-16 13:19:28.602][VERB] COMMANDCALL: _C.SafeAPI.Execute(["v1.sketch.point",[{"pos":[-1000,-1000,0],"id":1994}]])
[0m[0;32m[2026-09-16 13:19:28.604][VERB] RETURN: {"result":"$2032"}
[0m[0;32m[2026-09-16 13:19:28.604][VERB] COMMANDCALL: _C.SafeAPI.Execute(["v1.sketch.constraint",[{"type":"FIXATION","id":1994,"geomIds":[2032]}]])
[0m[0;32m[2026-09-16 13:19:28.606][VERB] RETURN: {"result":"$2034"}
[0m[0;32m[2026-09-16 13:19:28.606][VERB] COMMANDCALL: _C.SafeAPI.Execute(["v1.sketch.dimension",[{"type":"HORIZONTAL_DISTANCE","value":"@expr.d162_position_x","name":"position_x","id":1994,"geomIds":[2032,2001]}]])
[0m[0;32m[2026-09-16 13:19:28.611][VERB] RETURN: {"result":"$2038"}
[0m[0;32m[2026-09-16 13:19:28.612][VERB] COMMANDCALL: _C.SafeAPI.Execute(["v1.sketch.dimension",[{"type":"VERTICAL_DISTANCE","value":"@expr.d163_position_y","name":"position_y","id":1994,"geomIds":[2032,2001]}]])
[0m[0;32m[2026-09-16 13:19:28.617][VERB] RETURN: {"result":"$2042"}
[0m[0;32m[2026-09-16 13:19:28.618][VERB] COMMANDCALL: _C.SafeAPI.Execute(["v1.sketch.dimension",[{"type":"OFFSET","value":"@expr.d164_width","name":"width","id":1994,"geomIds":[2000]}]])
[0m[0;32m[2026-09-16 13:19:28.625][VERB] RETURN: {"result":"$2046"}
[0m[0;32m[2026-09-16 13:19:28.625][VERB] COMMANDCALL: _C.SafeAPI.Execute(["v1.sketch.dimension",[{"type":"OFFSET","value":"@expr.d165_depth","name":"depth","id":1994,"geomIds":[2004]}]])
[0m[0;32m[2026-09-16 13:19:28.632][VERB] RETURN: {"result":"$2050"}
[0m[0;32m[2026-09-16 13:19:28.633][VERB] COMMANDCALL: _C.SafeAPI.Execute(["v1.part.extrusion",[{"references":[2000,2004,2010,2016],"name":"F160_makeBox_cad_primitives_py_8","taperAngle":0,"limit2":"@expr.d166_height","id":4}]])
[0m[0;32m[2026-09-16 13:19:28.638][VERB] RETURN: {"result":"$2054"}
[0m[0;32m[2026-09-16 13:19:28.638][VERB] COMMANDCALL: _C.SafeAPI.Execute(["v1.part.workPlane",[{"type":"PLANE","references":[38],"name":"F167_makeCylinder_cad_primitives_py_12_plane","offset":"@expr.d168_plane_offset","id":4}]])
[0m[0;32m[2026-09-16 13:19:28.641][VERB] RETURN: {"result":"$2097"}
[0m[0;32m[2026-09-16 13:19:28.642][VERB] COMMANDCALL: _C.SafeAPI.Execute(["v1.sketch.create",[{"planeId":2097,"name":"F167_makeCylinder_cad_primitives_py_12_profile","id":4}]])
[0m[0;32m[2026-09-16 13:19:28.644][VERB] RETURN: {"result":"$2103"}
[0m[0;32m[2026-09-16 13:19:28.644][VERB] COMMANDCALL: _C.SafeAPI.Execute(["v1.sketch.circle",[{"radius":4,"id":2103,"genFixation":0,"centePVS_DELETE_PE 0x7a8b85c000
PVS_DELETE_PE 0x7a8b85c3c0
PVS_DELETE_PE 0x7a8b85c640
PVS_DELETE_PE 0x7a8b85c780
rPos":[63.1,44.8,0]}]])
[0m[0;32m[2026-09-16 13:19:28.645][VERB] RETURN: {"result":"$2109"}
[0m[0;32m[2026-09-16 13:19:28.645][VERB] COMMANDCALL: _C.SafeAPI.Execute(["v1.sketch.getPoints",[{"id":2109}]])
[0m[0;32m[2026-09-16 13:19:28.645][VERB] RETURN: {"result":{"centerId":"$2110"}}
[0m[0;32m[2026-09-16 13:19:28.645][VERB] COMMANDCALL: _C.SafeAPI.Execute(["v1.sketch.point",[{"pos":[-1000,-1000,0],"id":2103}]])
[0m[0;32m[2026-09-16 13:19:28.646][VERB] RETURN: {"result":"$2112"}
[0m[0;32m[2026-09-16 13:19:28.646][VERB] COMMANDCALL: _C.SafeAPI.Execute(["v1.sketch.constraint",[{"type":"FIXATION","id":2103,"geomIds":[2112]}]])
[0m[0;32m[2026-09-16 13:19:28.647][VERB] RETURN: {"result":"$2114"}
[0m[0;32m[2026-09-16 13:19:28.648][VERB] COMMANDCALL: _C.SafeAPI.Execute(["v1.sketch.dimension",[{"type":"HORIZONTAL_DISTANCE","value":"@expr.d169_position_x","name":"position_x","id":2103,"geomIds":[2112,2110]}]])
[0m[0;32m[2026-09-16 13:19:28.652][VERB] RETURN: {"result":"$2118"}
[0m[0;32m[2026-09-16 13:19:28.652][VERB] COMMANDCALL: _C.SafeAPI.Execute(["v1.sketch.dimension",[{"type":"VERTICAL_DISTANCE","value":"@expr.d170_position_y","name":"position_y","id":2103,"geomIds":[2112,2110]}]])
[0m[0;32m[2026-09-16 13:19:28.657][VERB] RETURN: {"result":"$2122"}
[0m[0;32m[2026-09-16 13:19:28.657][VERB] COMMANDCALL: _C.SafeAPI.Execute(["v1.sketch.dimension",[{"type":"RADIUS","value":"@expr.d171_radius","name":"radius","id":2103,"geomIds":[2109]}]])
[0m[0;32m[2026-09-16 13:19:28.662][VERB] RETURN: {"result":"$2126"}
[0m[0;32m[2026-09-16 13:19:28.662][VERB] COMMANDCALL: _C.SafeAPI.Execute(["v1.part.extrusion",[{"references":[2109],"name":"F167_makeCylinder_cad_primitives_py_12","taperAngle":0,"limit2":"@expr.d172_height","id":4}]])
[0m[0;32m[2026-09-16 13:19:28.667][VERB] RETURN: {"result":"$2130"}
[0m[0;32m[2026-09-16 13:19:28.668][VERB] COMMANDCALL: _C.SafeAPI.Execute(["v1.part.boolean",[{"type":"SUBTRACTION","tools":[2130],"target":2054,"name":"F159_cut_housing_shell_py_39","id":4}]])
[0m[0;32m[2026-09-16 13:19:28.672][VERB] RETURN: {"result":"$2152"}
[0m[0;32m[2026-09-16 13:19:28.673][VERB] COMMANDCALL: _C.SafeAPI.Execute(["v1.part.workPlane",[{"type":"PLANE","references":[38],"name":"F174_makeBox_cad_primitives_py_8_plane","offset":"@expr.d175_plane_offset","id":4}]])
[0m[0;32m[2026-09-16 13:19:28.676][VERB] RETURN: {"result":"$2170"}
[0m[0;32m[2026-09-16 13:19:28.676][VERB] COMMANDCALL: _C.SafeAPI.Execute(["v1.sketch.create",[{"planeId":2170,"name":"F174_makeBox_cad_primitives_py_8_profile","id":4}]])
[0m[0;32m[2026-09-16 13:19:28.678][VERB] RETURN: {"result":"$2176"}
[0m[0;32m[2026-09-16 13:19:28.678][VERB] COMMANDCALL: _C.SafeAPI.Execute(["v1.sketch.rectangle",[{"startPos":[42.1,16.1,0],"id":2176,"genFixation":0,"endPos":[46.1,20.1,0]}]])
[0m[0;32m[2026-09-16 13:19:28.685][VERB] RETURN: {"result":["$2182","$2186","$2192","$2198"]}
[0m[0;32m[2026-09-16 13:19:28.685][VERB] COMMANDCALL: _C.SafeAPI.Execute(["v1.sketch.getPoints",[{"id":2182}]])
[0m[0;32m[2026-09-16 13:19:28.685][VERB] RETURN: {"result":{"endId":"$2184","startId":"$2183"}}
[0m[0;32m[2026-09-16 13:19:28.685][VERB] COMMANDCALL: _C.SafeAPI.Execute(["v1.sketch.point",[{"pos":[-1000,-1000,0],"id":2176}]])
[0m[0;32m[2026-09-16 13:19:28.687][VERB] RETURN: {"result":"$2214"}
[0m[0;32m[2026-09-16 13:19:28.687][VERB] COMMANDCALL: _C.SafeAPI.Execute(["v1.sketch.constraint",[{"type":"FIXATION","id":2176,"geomIds":[2214]}]])
[0m[0;32m[2026-09-16 13:19:28.689][VERB] RETURN: {"result":"$2216"}
[0m[0;32m[2026-09-16 13:19:28.689][VERB] COMMANDCALL: _C.SafeAPI.Execute(["v1.sketch.dimension",[{"type":"HORIZONTAL_DISTANCE","value":"@expr.d176_position_x","name":"position_x","id":2176,"geomIds":[2214,2183]}]])
[0m[0;32m[2026-09-16 13:19:28.694][VERB] RETURN: {"result":"$2220"}
[0m[0;32m[2026-09-16 13:19:28.695][VERB] COMMANDCALL: _C.SafeAPI.Execute(["v1.sketch.dimension",[{"type":"VERTICAL_DISTANCE","value":"@expr.d177_position_y","name":"position_y","id":2176,"geomIds":[2214,2183]}]])
[0m[0;32m[2026-09-16 13:19:28.701][VERB] RETPVS_DELETE_PE 0x7a8b905680
PVS_DELETE_PE 0x7a8b905a40
PVS_DELETE_PE 0x7a8b905cc0
PVS_DELETE_PE 0x7a8b905e00
URN: {"result":"$2224"}
[0m[0;32m[2026-09-16 13:19:28.701][VERB] COMMANDCALL: _C.SafeAPI.Execute(["v1.sketch.dimension",[{"type":"OFFSET","value":"@expr.d178_width","name":"width","id":2176,"geomIds":[2182]}]])
[0m[0;32m[2026-09-16 13:19:28.708][VERB] RETURN: {"result":"$2228"}
[0m[0;32m[2026-09-16 13:19:28.708][VERB] COMMANDCALL: _C.SafeAPI.Execute(["v1.sketch.dimension",[{"type":"OFFSET","value":"@expr.d179_depth","name":"depth","id":2176,"geomIds":[2186]}]])
[0m[0;32m[2026-09-16 13:19:28.716][VERB] RETURN: {"result":"$2232"}
[0m[0;32m[2026-09-16 13:19:28.716][VERB] COMMANDCALL: _C.SafeAPI.Execute(["v1.part.extrusion",[{"references":[2182,2186,2192,2198],"name":"F174_makeBox_cad_primitives_py_8","taperAngle":0,"limit2":"@expr.d180_height","id":4}]])
[0m[0;32m[2026-09-16 13:19:28.721][VERB] RETURN: {"result":"$2236"}
[0m[0;32m[2026-09-16 13:19:28.721][VERB] COMMANDCALL: _C.SafeAPI.Execute(["v1.part.workPlane",[{"type":"PLANE","references":[38],"name":"F181_makeCylinder_cad_primitives_py_12_plane","offset":"@expr.d182_plane_offset","id":4}]])
[0m[0;32m[2026-09-16 13:19:28.725][VERB] RETURN: {"result":"$2279"}
[0m[0;32m[2026-09-16 13:19:28.725][VERB] COMMANDCALL: _C.SafeAPI.Execute(["v1.sketch.create",[{"planeId":2279,"name":"F181_makeCylinder_cad_primitives_py_12_profile","id":4}]])
[0m[0;32m[2026-09-16 13:19:28.727][VERB] RETURN: {"result":"$2285"}
[0m[0;32m[2026-09-16 13:19:28.727][VERB] COMMANDCALL: _C.SafeAPI.Execute(["v1.sketch.circle",[{"radius":4,"id":2285,"genFixation":0,"centerPos":[42.1,16.1,0]}]])
[0m[0;32m[2026-09-16 13:19:28.728][VERB] RETURN: {"result":"$2291"}
[0m[0;32m[2026-09-16 13:19:28.729][VERB] COMMANDCALL: _C.SafeAPI.Execute(["v1.sketch.getPoints",[{"id":2291}]])
[0m[0;32m[2026-09-16 13:19:28.729][VERB] RETURN: {"result":{"centerId":"$2292"}}
[0m[0;32m[2026-09-16 13:19:28.729][VERB] COMMANDCALL: _C.SafeAPI.Execute(["v1.sketch.point",[{"pos":[-1000,-1000,0],"id":2285}]])
[0m[0;32m[2026-09-16 13:19:28.730][VERB] RETURN: {"result":"$2294"}
[0m[0;32m[2026-09-16 13:19:28.730][VERB] COMMANDCALL: _C.SafeAPI.Execute(["v1.sketch.constraint",[{"type":"FIXATION","id":2285,"geomIds":[2294]}]])
[0m[0;32m[2026-09-16 13:19:28.731][VERB] RETURN: {"result":"$2296"}
[0m[0;32m[2026-09-16 13:19:28.731][VERB] COMMANDCALL: _C.SafeAPI.Execute(["v1.sketch.dimension",[{"type":"HORIZONTAL_DISTANCE","value":"@expr.d183_position_x","name":"position_x","id":2285,"geomIds":[2294,2292]}]])
[0m[0;32m[2026-09-16 13:19:28.735][VERB] RETURN: {"result":"$2300"}
[0m[0;32m[2026-09-16 13:19:28.736][VERB] COMMANDCALL: _C.SafeAPI.Execute(["v1.sketch.dimension",[{"type":"VERTICAL_DISTANCE","value":"@expr.d184_position_y","name":"position_y","id":2285,"geomIds":[2294,2292]}]])
[0m[0;32m[2026-09-16 13:19:28.740][VERB] RETURN: {"result":"$2304"}
[0m[0;32m[2026-09-16 13:19:28.741][VERB] COMMANDCALL: _C.SafeAPI.Execute(["v1.sketch.dimension",[{"type":"RADIUS","value":"@expr.d185_radius","name":"radius","id":2285,"geomIds":[2291]}]])
[0m[0;32m[2026-09-16 13:19:28.746][VERB] RETURN: {"result":"$2308"}
[0m[0;32m[2026-09-16 13:19:28.746][VERB] COMMANDCALL: _C.SafeAPI.Execute(["v1.part.extrusion",[{"references":[2291],"name":"F181_makeCylinder_cad_primitives_py_12","taperAngle":0,"limit2":"@expr.d186_height","id":4}]])
[0m[0;32m[2026-09-16 13:19:28.752][VERB] RETURN: {"result":"$2312"}
[0m[0;32m[2026-09-16 13:19:28.752][VERB] COMMANDCALL: _C.SafeAPI.Execute(["v1.part.boolean",[{"type":"SUBTRACTION","tools":[2312],"target":2236,"name":"F173_cut_housing_shell_py_48","id":4}]])
[0m[0;32m[2026-09-16 13:19:28.757][VERB] RETURN: {"result":"$2334"}
[0m[0;32m[2026-09-16 13:19:28.757][VERB] COMMANDCALL: _C.SafeAPI.Execute(["v1.part.workPlane",[{"type":"PLANE","references":[38],"name":"F187_makeCylinder_cad_primitives_py_12_plane","offset":"@expr.d188_plane_offset","id":4}]])
[0m[0;32m[2026-09-16 13:19:28.761][VERB] RETURN: {"result":"$2352"}
[0m[0;32m[2026-09-16 13:19:28.761][VERB] COMMANDCALL: _C.SafeAPI.Execute(["v1.sketch.create",[{"planeId":2352,"name":"F187_makeCylinder_cad_primitives_py_12_profile","id":4}]])
[0m[0;32m[2026-09-16 13:19:28.763][VERB] RETURN: {"result":"$2358"}
[0m[0;32m[2026-09-16 13:19:28.764][VERB] COMMANDCALL: _C.SafeAPI.Execute(["v1.sketch.circle",[{"radius":4.5,"id":2358,"genFixation":0,"centerPos":[86.8,38.9,0]}]])
[0m[0;32m[2026-09-16 13:19:28.765][VERB] RETURN: {"result":"$2364"}
[0m[0;32m[2026-09-16 13:19:28.765][VERB] COMMANDCALL: _C.SafeAPI.Execute(["v1.sketch.getPoints",[{"id":2364}]])
[0m[0;32m[2026-09-16 13:19:28.765][VERB] RETURN: {"result":{"centerId":"$2365"}}
[0m[0;32m[2026-09-16 13:19:28.765][VERB] COMMANDCALL: _C.SafeAPI.Execute(["v1.sketch.point",[{"pos":[-1000,-1000,0],"id":2358}]])
[0m[0;32m[2026-09-16 13:19:28.766][VERB] RETURN: {"result":"$2367"}
[0m[0;32m[2026-09-16 13:19:28.766][VERB] COMMANDCALL: _C.SafeAPI.Execute(["v1.sketch.constraint",[{"type":"FIXATION","id":2358,"geomIds":[2367]}]])
[0m[0;32m[2026-09-16 13:19:28.767][VERB] RETURN: {"result":"$2369"}
[0m[0;32m[2026-09-16 13:19:28.767][VERB] COMMANDCALL: _C.SafeAPI.Execute(["v1.sketch.dimension",[{"type":"HORIZONTAL_DISTANCE","value":"@expr.d189_position_x","name":"position_x","id":2358,"geomIds":[2367,2365]}]])
[0m[0;32m[2026-09-16 13:19:28.772][VERB] RETURN: {"result":"$2373"}
[0m[0;32m[2026-09-16 13:19:28.772][VERB] COMMANDCALL: _C.SafeAPI.Execute(["v1.sketch.dimension",[{"type":"VERTICAL_DISTANCE","value":"@expr.d190_position_y","name":"position_y","id":2358,"geomIds":[2367,2365]}]])
[0m[0;32m[2026-09-16 13:19:28.777][VERB] RETURN: {"result":"$2377"}
[0m[0;32m[2026-09-16 13:19:28.778][VERB] COMMANDCALL: _C.SafeAPI.Execute(["v1.sketch.dimension",[{"type":"RADIUS","value":"@expr.d191_radius","name":"radius","id":2358,"geomIds":[2364]}]])
[0m[0;32m[2026-09-16 13:19:28.783][VERB] RETURN: {"result":"$2381"}
[0m[0;32m[2026-09-16 13:19:28.783][VERB] COMMANDCALL: _C.SafeAPI.Execute(["v1.part.extrusion",[{"references":[2364],"name":"F187_makeCylinder_cad_primitives_py_12","taperAngle":0,"limit2":"@expr.d192_height","id":4}]])
[0m[0;32m[2026-09-16 13:19:28.789][VERB] RETURN: {"result":"$2385"}
[0m[0;32m[2026-09-16 13:19:28.789][VERB] COMMANDCALL: _C.SafeAPI.Execute(["v1.part.workPlane",[{"type":"PLANE","references":[38],"name":"F193_makeBox_cad_primitives_py_8_plane","offset":"@expr.d194_plane_offset","id":4}]])
[0m[0;32m[2026-09-16 13:19:28.793][VERB] RETURN: {"result":"$2407"}
[0m[0;32m[2026-09-16 13:19:28.793][VERB] COMMANDCALL: _C.SafeAPI.Execute(["v1.sketch.create",[{"planeId":2407,"name":"F193_makeBox_cad_primitives_py_8_profile","id":4}]])
[0m[0;32m[2026-09-16 13:19:28.795][VERB] RETURN: {"result":"$2413"}
[0m[0;32m[2026-09-16 13:19:28.795][VERB] COMMANDCALL: _C.SafeAPI.Execute(["v1.sketch.rectangle",[{"startPos":[86.8,30,0],"id":2413,"genFixation":0,"endPos":[92.5,43,0]}]])
[0m[0;32m[2026-09-16 13:19:28.802][VERB] RETURN: {"result":["$2419","$2423","$2429","$2435"]}
[0m[0;32m[2026-09-16 13:19:28.802][VERB] COMMANDCALL: _C.SafeAPI.Execute(["v1.sketch.getPoints",[{"id":2419}]])
[0m[0;32m[2026-09-16 13:19:28.802][VERB] RETURN: {"result":{"endId":"$2421","startId":"$2420"}}
[0m[0;32m[2026-09-16 13:19:28.803][VERB] COMMANDCALL: _C.SafeAPI.Execute(["v1.sketch.point",[{"pos":[-1000,-1000,0],"id":2413}]])
[0m[0;32m[2026-09-16 13:19:28.805][VERB] RETURN: {"result":"$2451"}
[0m[0;32m[2026-09-16 13:19:28.805][VERB] COMMANDCALL: _C.SafeAPI.Execute(["v1.sketch.constraint",[{"type":"FIXATION","id":2413,"geomIds":[2451]}]])
[0m[0;32m[2026-09-16 13:19:28.806][VERB] RETURN: {"result":"$2453"}
[0m[0;32m[2026-09-16 13:19:28.806][VERB] COMMANDCALL: _C.SafeAPI.Execute(["v1.sketch.dimension",[{"type":"HORIZONTAL_DISTANCE","value":"@expr.d195_position_x","name":"position_x","id":2413,"geomIds":[2451,2420]}]])
[0m[0;32m[2026-09-16 13:19:28.812][VERB] RETURN: {"result":"$2457"}
[0m[0;32m[2026-09-16 13:19:28.812][VERB] COMMANDCALL: _C.SafeAPI.Execute(["v1.sketch.dimension",[{"type":"VERTICAL_DISTANCE","value":"@expr.d196_position_y","name":"position_y","id":2413,"geomIds":[2451,2420]}]])
[0m[0;32m[2026-09-16 13:19:28.818][VERB] RETURN: {"result":"$2461"}
[0m[0;32m[202PVS_DELETE_PE 0x7a8ba8bd40
PVS_DELETE_PE 0x7a8ba90140
PVS_DELETE_PE 0x7a8ba90280
PVS_DELETE_PE 0x7a8ba903c0
PVS_DELETE_PE 0x7a8ba90780
PVS_DELETE_PE 0x7a8ba90b40
PVS_DELETE_PE 0x7a8ba90c80
PVS_DELETE_PE 0x7a8ba90dc0
PVS_DELETE_PE 0x7a8ba90f00
PVS_DELETE_PE 0x7a8ba91040
PVS_DELETE_PE 0x7a8ba91180
PVS_DELETE_PE 0x7a8ba912c0
PVS_DELETE_PE 0x7a8bab0f00
PVS_DELETE_PE 0x7a8bab1540
PVS_DELETE_PE 0x7a8bab1680
PVS_DELETE_PE 0x7a8bab1900
PVS_DELETE_PE 0x7a8bab1a40
PVS_DELETE_PE 0x7a8bab1f40
PVS_DELETE_PE 0x7a8bab2080
PVS_DELETE_PE 0x7a8bab2300
PVS_DELETE_PE 0x7a8bab2440
PVS_DELETE_PE 0x7a8bab1040
PVS_DELETE_PE 0x7a8bab3980
PVS_DELETE_PE 0x7a8bab35c0
PVS_DELETE_PE 0x7a8bab30c0
PVS_DELETE_PE 0x7a8bab2e40
PVS_DELETE_PE 0x7a8bab2d00
PVS_DELETE_PE 0x7a8bab2a80
PVS_DELETE_PE 0x7a8bab26c0
PVS_DELETE_PE 0x7a8bab3ac0
PVS_DELETE_PE 0x7a8bab3480
PVS_DELETE_PE 0x7a8bab3840
PVS_DELETE_PE 0x7a8bab1900
PVS_DELETE_PE 0x7a8bab2080
PVS_DELETE_PE 0x7a8bab2300
PVS_DELETE_PE 0x7a8bab1040
PVS_DELETE_PE 0x7a8bab1400
PVS_DELETE_PE 0x7a8bab17c0
PVS_DELETE_PE 0x7a8bab1b80
PVS_DELETE_PE 0x7a8bab1cc0
PVS_DELETE_PE 0x7a8b9ee300
PVS_DELETE_PE 0x7a8b9ee080
PVS_DELETE_PE 0x7a8b9ede00
PVS_DELETE_PE 0x7a8b9ed7c0
PVS_DELETE_PE 0x7a8b9ef480
PVS_DELETE_PE 0x7a8b9ef0c0
PVS_DELETE_PE 0x7a8b9eef80
PVS_DELETE_PE 0x7a8b9eee40
PVS_DELETE_PE 0x7a8bab3ac0
PVS_DELETE_PE 0x7a8bab2a80
PVS_DELETE_PE 0x7a8bab2940
PVS_DELETE_PE 0x7a8bab0500
PVS_DELETE_PE 0x7a8bab30c0
PVS_DELETE_PE 0x7a8bab0640
PVS_DELETE_PE 0x7a8bab12c0
PVS_DELETE_PE 0x7a8bab1180
PVS_DELETE_PE 0x7a8bab2440
PVS_DELETE_PE 0x7a8b9070c0
PVS_DELETE_PE 0x7a8b907840
PVS_DELETE_PE 0x7a8b907200
PVS_DELETE_PE 0x7a8ba8b980
PVS_DELETE_PE 0x7a8ba02580
PVS_DELETE_PE 0x7a8ba02440
PVS_DELETE_PE 0x7a8ba021c0
PVS_DELETE_PE 0x7a8ba01f40
PVS_DELETE_PE 0x7a8ba01e00
PVS_DELETE_PE 0x7a8ba01b80
PVS_DELETE_PE 0x7a8ba01900
PVS_DELETE_PE 0x7a8ba01680
PVS_DELETE_PE 0x7a8ba01540
PVS_DELETE_PE 0x7a8ba012c0
PVS_DELETE_PE 0x7a8ba01040
PVS_DELETE_PE 0x7a8ba00f00
PVS_DELETE_PE 0x7a8ba00dc0
PVS_DELETE_PE 0x7a8ba00c80
PVS_DELETE_PE 0x7a8b9f6300
PVS_DELETE_PE 0x7a8b9f6580
PVS_DELETE_PE 0x7a8b9f5e00
PVS_DELETE_PE 0x7a8b9f6800
PVS_DELETE_PE 0x7a8b9f6bc0
PVS_DELETE_PE 0x7a8b9f6e40
PVS_DELETE_PE 0x7a8b9f6f80
PVS_DELETE_PE 0x7a8b9f7480
PVS_DELETE_PE 0x7a8b9f75c0
PVS_DELETE_PE 0x7a8b9f7700
PVS_DELETE_PE 0x7a8ba00280
PVS_DELETE_PE 0x7a8ba03340
PVS_DELETE_PE 0x7a8ba03200
PVS_DELETE_PE 0x7a8ba02a80
PVS_DELETE_PE 0x7a8ba026c0
PVS_DELETE_PE 0x7a8ba00f00
PVS_DELETE_PE 0x7a8ba01a40
PVS_DELETE_PE 0x7a8ba00dc0
PVS_DELETE_PE 0x7a8ba02080
PVS_DELETE_PE 0x7a8ba02800
PVS_DELETE_PE 0x7a8ba93840
PVS_DELETE_PE 0x7a8ba91180
PVS_DELETE_PE 0x7a8ba91900
PVS_DELETE_PE 0x7a8ba92300
PVS_DELETE_PE 0x7a8ba90280
PVS_DELETE_PE 0x7a8ba91400
PVS_DELETE_PE 0x7a8ba91540
PVS_DELETE_PE 0x7a8ba912c0
PVS_DELETE_PE 0x7a8ba908c0
PVS_DELETE_PE 0x7a8ba930c0
PVS_DELETE_PE 0x7a8ba93d40
PVS_DELETE_PE 0x7a8ba93980
PVS_DELETE_PE 0x7a8ba93200
PVS_DELETE_PE 0x7a8ba92f80
PVS_DELETE_PE 0x7a8ba92e40
PVS_DELETE_PE 0x7a8ba90000
PVS_DELETE_PE 0x7a8ba021c0
PVS_DELETE_PE 0x7a8ba00780
PVS_DELETE_PE 0x7a8ba008c0
PVS_DELETE_PE 0x7a8ba00a00
PVS_DELETE_PE 0x7a8ba02bc0
PVS_DELETE_PE 0x7a8ba02d00
PVS_DELETE_PE 0x7a8ba030c0
PVS_DELETE_PE 0x7a8ba15900
PVS_DELETE_PE 0x7a8ba15b80
PVS_DELETE_PE 0x7a8ba15e00
PVS_DELETE_PE 0x7a8ba14c80
PVS_DELETE_PE 0x7a8ba148c0
PVS_DELETE_PE 0x7a8ba14640
PVS_DELETE_PE 0x7a8ba143c0
PVS_DELETE_PE 0x7a8ba14140
PVS_DELETE_PE 0x7a8ba14000
PVS_DELETE_PE 0x7a8ba16f80
PVS_DELETE_PE 0x7a8ba16d00
PVS_DELETE_PE 0x7a8ba16bc0
PVS_DELETE_PE 0x7a8bab12c0
PVS_DELETE_PE 0x7a8bab03c0
PVS_DELETE_PE 0x7a8bab3200
PVS_DELETE_PE 0x7a8bab0140
PVS_DELETE_PE 0x7a8bab1b80
PVS_DELETE_PE 0x7a8bab0280
PVS_DELETE_PE 0x7a8bab2f80
PVS_DELETE_PE 0x7a8bab08c0
PVS_DELETE_PE 0x7a8bab1540
PVS_DELETE_PE 0x7a8bab1cc0
PVS_DELETE_PE 0x7a8bab1e00
PVS_DELETE_PE 0x7a8bab2080
PVS_DELETE_PE 0x7a8bab1900
PVS_DELETE_PE 0x7a8bab1680
PVS_DELETE_PE 0x7a8bab1400
PVS_DELETE_PE 0x7a8bab26c0
PVS_DELETE_PE 0x7a8ba8bc00
PVS_DELETE_PE 0x7a8b8d9180
PVS_DELETE_PE 0x7a8ba2f5c0
PVS_DELETE_PE 0x7a8ba2f480
PVS_DELETE_PE 0x7a8ba2f0c0
PVS_DELETE_PE 0x7a8ba2ef80
PVS_DELETE_PE 0x7a8ba2e940
PVS_DELETE_PE 0x7a8ba2e800
PVS_DELETE_PE 0x7a8ba2e6c0
PVS_DELETE_PE 0x7a8ba2ee40
PVS_DELETE_PE 0x7a8b9f7980
PVS_DELETE_PE 0x7a8b9f4500
PVS_DELETE_PE 0x7a8b9f7d40
PVS_DELETE_PE 0x7a8b9f7e80
PVS_DELETE_PE 0x7a8b9f6580
PVS_DELETE_PE 0x7a8b9f70c0
PVS_DELETE_PE 0x7a8b9f7840
PVS_DELETE_PE 0x7a8b9f7980
PVS_DELETE_PE 0x7a8b9f4a00
PVS_DELETE_PE 0x7a8b9f5180
PVS_DELETE_PE 0x7a8b9f6f80
PVS_DELETE_PE 0x7a8b9f5cc0
PVS_DELETE_PE 0x7a8b9f4000
PVS_DELETE_PE 0x7a8b9f5900
PVS_DELETE_PE 0x7a8b9f4b40
PVS_DELETE_PE 0x7a8b9f7480
PVS_DELETE_PE 0x7a8b9f7980
PVS_DELETE_PE 0x7a8b9f7840
PVS_DELETE_PE 0x7a8bab0280
PVS_DELETE_PE 0x7a8bab3ac0
PVS_DELETE_PE 0x7a8bab3480
PVS_DELETE_PE 0x7a8bab2e40
PVS_DELETE_PE 0x7a8bab0780
PVS_DELETE_PE 0x7a8bab12c0
PVS_DELETE_PE 0x7a8bab30c0
PVS_DELETE_PE 0x7a8bab1e00
PVS_DELETE_PE 0x7a8bab2080
PVS_DELETE_PE 0x7a8bab1680
PVS_DELETE_PE 0x7a8bab1900
PVS_DELETE_PE 0x7a8bab1400
PVS_DELETE_PE 0x7a8b904a00
PVS_DELETE_PE 0x7a8b907e80
PVS_DELETE_PE 0x7a8b906800
PVS_DELETE_PE 0x7a8b904b40
PVS_DELETE_PE 0x7a8b9070c0
PVS_DELETE_PE 0x7a8ba4c140
PVS_DELETE_PE 0x7a8ba4c000
PVS_DELETE_PE 0x7a8ba93d40
PVS_DELETE_PE 0x7a8ba91cc0
PVS_DELETE_PE 0x7a8baa6580
PVS_DELETE_PE 0x7a8baa6080
PVS_DELETE_PE 0x7a8baa5f40
PVS_DELETE_PE 0x7a8baa66c0
PVS_DELETE_PE 0x7a8baa6800
PVS_DELETE_PE 0x7a8baa4780
PVS_DELETE_PE 0x7a8baa6d00
PVS_DELETE_PE 0x7a8b9f6300
PVS_DELETE_PE 0x7a8b9f52c0
PVS_DELETE_PE 0x7a8b9f7840
PVS_DELETE_PE 0x7a8b9f4140
PVS_DELETE_PE 0x7a8b9f6080
PVS_DELETE_PE 0x7a8b9f6e40
PVS_DELETE_PE 0x7a8b9f6f80
PVS_DELETE_PE 0x7a8b9f7e80
PVS_DELETE_PE 0x7a8b9f7480
PVS_DELETE_PE 0x7a8bab3700
PVS_DELETE_PE 0x7a8bab2300
PVS_DELETE_PE 0x7a8bab0640
PVS_DELETE_PE 0x7a8bab2940
PVS_DELETE_PE 0x7a8ba8be80
PVS_DELETE_PE 0x7a8b904a00
PVS_DELETE_PE 0x7a8bab2080
PVS_DELETE_PE 0x7a8bab1180
PVS_DELETE_PE 0x7a8bab0780
PVS_DELETE_PE 0x7a8bab03c0
PVS_DELETE_PE 0x7a8bab3480
PVS_DELETE_PE 0x7a8ba55040
PVS_DELETE_PE 0x7a8ba55900
PVS_DELETE_PE 0x7a8ba55a40
PVS_DELETE_PE 0x7a8ba56300
PVS_DELETE_PE 0x7a8ba56580
PVS_DELETE_PE 0x7a8ba56800
PVS_DELETE_PE 0x7a8ba56940
PVS_DELETE_PE 0x7a8ba575c0
PVS_DELETE_PE 0x7a8ba57e80
PVS_DELETE_PE 0x7a8ba57c00
PVS_DELETE_PE 0x7a8ba57980
PVS_DELETE_PE 0x7a8ba56d00
PVS_DELETE_PE 0x7a8ba54b40
PVS_DELETE_PE 0x7a8ba54500
PVS_DELETE_PE 0x7a8ba57ac0
PVS_DELETE_PE 0x7a8ba57d40
PVS_DELETE_PE 0x7a8ba54640
PVS_DELETE_PE 0x7a8ba57700
PVS_DELETE_PE 0x7a8ba566c0
PVS_DELETE_PE 0x7a8ba56a80
PVS_DELETE_PE 0x7a8ba56800
PVS_DELETE_PE 0x7a8ba570c0
PVS_DELETE_PE 0x7a8ba54780
PVS_DELETE_PE 0x7a8ba543c0
PVS_DELETE_PE 0x7a8ba57200
PVS_DELETE_PE 0x7a8ba56800
PVS_DELETE_PE 0x7a8ba57d40
PVS_DELETE_PE 0x7a8ba57480
PVS_DELETE_PE 0x7a8ba55e00
PVS_DELETE_PE 0x7a8ba552c0
PVS_DELETE_PE 0x7a8ba54500
PVS_DELETE_PE 0x7a8b904a00
PVS_DELETE_PE 0x7a8ba912c0
PVS_DELETE_PE 0x7a8ba91900
PVS_DELETE_PE 0x7a8ba91f40
PVS_DELETE_PE 0x7a8ba90140
PVS_DELETE_PE 0x7a8ba91400
PVS_DELETE_PE 0x7a8ba90280
PVS_DELETE_PE 0x7a8ba91540
PVS_DELETE_PE 0x7a8b9f4500
6-09-16 13:19:28.819][VERB] COMMANDCALL: _C.SafeAPI.Execute(["v1.sketch.dimension",[{"type":"OFFSET","value":"@expr.d197_width","name":"width","id":2413,"geomIds":[2419]}]])
[0m[0;32m[2026-09-16 13:19:28.826][VERB] RETURN: {"result":"$2465"}
[0m[0;32m[2026-09-16 13:19:28.826][VERB] COMMANDCALL: _C.SafeAPI.Execute(["v1.sketch.dimension",[{"type":"OFFSET","value":"@expr.d198_depth","name":"depth","id":2413,"geomIds":[2423]}]])
[0m[0;32m[2026-09-16 13:19:28.833][VERB] RETURN: {"result":"$2469"}
[0m[0;32m[2026-09-16 13:19:28.834][VERB] COMMANDCALL: _C.SafeAPI.Execute(["v1.part.extrusion",[{"references":[2419,2423,2429,2435],"name":"F193_makeBox_cad_primitives_py_8","taperAngle":0,"limit2":"@expr.d199_height","id":4}]])
[0m[0;32m[2026-09-16 13:19:28.839][VERB] RETURN: {"result":"$2473"}
[0m[0;32m[2026-09-16 13:19:28.839][VERB] COMMANDCALL: _C.SafeAPI.Execute(["v1.part.boolean",[{"type":"UNION","tools":[231,307,362,417,472,560,669,745,800,855,910,998,1107,1183,1238,1293,1348,1436,1545,1752,1836,1945,2152,2334,2385,2473],"target":122,"name":"F2_union_cad_primitives_py_17","id":4}]])
[0m[0;32m[2026-09-16 13:19:28.882][VERB] RETURN: {"result":"$2516"}
[0m[0;32m[2026-09-16 13:19:28.883][VERB] COMMANDCALL: _C.SafeAPI.Execute(["v1.common.setDatabaseSettings",[{"isSketchGraphicEnabled":1,"isGraphicEnabled":1,"isCCGraphicEnabled":1,"doCurveTessellation":1}]])
[0m[0;32m[2026-09-16 13:19:28.884][VERB] RETURN: {"result":null}
[0m[2026-09-16 13:19:28.931][DEBUG] Build graphic in: 31ms
[0;32m[2026-09-16 13:19:28.948][VERB] COMMANDCALL: _C.SafeAPI.Execute(["v1.part.chamfer",[{"references":[2823,3034,2933,3097,2625,3098,2780,2794,2793,2705,2781,2670,2680,2814,2813,3084,3083,3077,3073,3121,3120,3155,3154,3022,3090,2994,3032,3150,3151,3152,3153],"name":"F1_chamfer_shell_skin_py_17","id":4,"distance1":"@expr.d200_cham ...
[0m[0;32m[2026-09-16 13:19:29.126][VERB] RETURN: {"result":"$3169"}
[0m[0;32m[2026-09-16 13:19:29.127][VERB] COMMANDCALL: _C.SafeAPI.Execute(["v1.sketch.create",[{"planeId":38,"name":"F201_chamfer_shell_skin_py_17_middle_profile","id":4}]])
[0m[0;32m[2026-09-16 13:19:29.129][VERB] RETURN: {"result":"$3508"}
[0m[0;32m[2026-09-16 13:19:29.129][VERB] COMMANDCALL: _C.SafeAPI.Execute(["v1.sketch.point",[{"pos":[-1000,-1000,0],"id":3508}]])
[0m[0;32m[2026-09-16 13:19:29.130][VERB] RETURN: {"result":"$3514"}
[0m[0;32m[2026-09-16 13:19:29.130][VERB] COMMANDCALL: _C.SafeAPI.Execute(["v1.sketch.constraint",[{"type":"FIXATION","id":3508,"geomIds":[3514]}]])
[0m[0;32m[2026-09-16 13:19:29.131][VERB] RETURN: {"result":"$3516"}
[0m[0;32m[2026-09-16 13:19:29.131][VERB] COMMANDCALL: _C.SafeAPI.Execute(["v1.sketch.line",[{"startPos":[2.1,1.6,0],"genIncidence":0,"genTangency":0,"genFixation":0,"genVertAndHoriz":0,"id":3508,"endPos":[53,1.6,0]}]])
[0m[0;32m[2026-09-16 13:19:29.133][VERB] RETURN: {"result":"$3518"}
[0m[0;32m[2026-09-16 13:19:29.133][VERB] COMMANDCALL: _C.SafeAPI.Execute(["v1.sketch.getPoints",[{"id":3518}]])
[0m[0;32m[2026-09-16 13:19:29.133][VERB] RETURN: {"result":{"endId":"$3520","startId":"$3519"}}
[0m[0;32m[2026-09-16 13:19:29.133][VERB] COMMANDCALL: _C.SafeAPI.Execute(["v1.sketch.dimension",[{"type":"HORIZONTAL_DISTANCE","value":"@expr.d202_x","name":"x","id":3508,"geomIds":[3514,3519]}]])
[0m[0;32m[2026-09-16 13:19:29.138][VERB] RETURN: {"result":"$3524"}
[0m[0;32m[2026-09-16 13:19:29.138][VERB] COMMANDCALL: _C.SafeAPI.Execute(["v1.sketch.dimension",[{"type":"VERTICAL_DISTANCE","value":"@expr.d203_y","name":"y","id":3508,"geomIds":[3514,3519]}]])
[0m[0;32m[2026-09-16 13:19:29.143][VERB] RETURN: {"result":"$3528"}
[0m[0;32m[2026-09-16 13:19:29.143][VERB] COMMANDCALL: _C.SafeAPI.Execute(["v1.sketch.dimension",[{"type":"HORIZONTAL_DISTANCE","value":"@expr.d204_x","name":"x","id":3508,"geomIds":[3514,3520]}]])
[0m[0;32m[2026-09-16 13:19:29.149][VERB] RETURN: {"result":"$3532"}
[0m[0;32m[2026-09-16 13:19:29.149][VERB] COMMANDCALL: _C.SafeAPI.Execute(["v1.sketch.dimension",[{"type":"VERTICAL_DISTANCE","value":"@expr.d205_y","name":"y","id":3508,"geomIds":[3514,3520]}]])
[0m[0;32m[2026-09-16 13:19:29.155][VERB] RETURN: {"result":"$3536"}
[0m[0;32m[2026-09-16 13:19:29.156][VERB] COMMANDCALL: _C.SafeAPI.Execute(["v1.sketch.line",[{"startPos":[53,1.6,0],"genIncidence":0,"genTangency":0,"genFixation":0,"genVertAndHoriz":0,"id":3508,"endPos":[53.5,2.1,0]}]])
[0m[0;32m[2026-09-16 13:19:29.159][VERB] RETURN: {"result":"$3538"}
[0m[0;32m[2026-09-16 13:19:29.159][VERB] COMMANDCALL: _C.SafeAPI.Execute(["v1.sketch.getPoints",[{"id":3538}]])
[0m[0;32m[2026-09-16 13:19:29.159][VERB] RETURN: {"result":{"endId":"$3540","startId":"$3539"}}
[0m[0;32m[2026-09-16 13:19:29.159][VERB] COMMANDCALL: _C.SafeAPI.Execute(["v1.sketch.dimension",[{"type":"HORIZONTAL_DISTANCE","value":"@expr.d206_x","name":"x","id":3508,"geomIds":[3514,3539]}]])
[0m[0;32m[2026-09-16 13:19:29.166][VERB] RETURN: {"result":"$3544"}
[0m[0;32m[2026-09-16 13:19:29.167][VERB] COMMANDCALL: _C.SafeAPI.Execute(["v1.sketch.dimension",[{"type":"VERTICAL_DISTANCE","value":"@expr.d207_y","name":"y","id":3508,"geomIds":[3514,3539]}]])
[0m[0;32m[2026-09-16 13:19:29.175][VERB] RETURN: {"result":"$3548"}
[0m[0;32m[2026-09-16 13:19:29.175][VERB] COMMANDCALL: _C.SafeAPI.Execute(["v1.sketch.dimension",[{"type":"HORIZONTAL_DISTANCE","value":"@expr.d208_x","name":"x","id":3508,"geomIds":[3514,3540]}]])
[0m[0;32m[2026-09-16 13:19:29.184][VERB] RETURN: {"result":"$3552"}
[0m[0;32m[2026-09-16 13:19:29.184][VERB] COMMANDCALL: _C.SafeAPI.Execute(["v1.sketch.dimension",[{"type":"VERTICAL_DISTANCE","value":"@expr.d209_y","name":"y","id":3508,"geomIds":[3514,3540]}]])
[0m[0;32m[2026-09-16 13:19:29.193][VERB] RETURN: {"result":"$3556"}
[0m[0;32m[2026-09-16 13:19:29.194][VERB] COMMANDCALL: _C.SafeAPI.Execute(["v1.sketch.line",[{"startPos":[53.5,2.1,0],"genIncidence":0,"genTangency":0,"genFixation":0,"genVertAndHoriz":0,"id":3508,"endPos":[53.5,25.1,0]}]])
[0m[0;32m[2026-09-16 13:19:29.198][VERB] RETURN: {"result":"$3558"}
[0m[0;32m[2026-09-16 13:19:29.198][VERB] COMMANDCALL: _C.SafeAPI.Execute(["v1.sketch.getPoints",[{"id":3558}]])
[0m[0;32m[2026-09-16 13:19:29.198][VERB] RETURN: {"result":{"endId":"$3560","startId":"$3559"}}
[0m[0;32m[2026-09-16 13:19:29.199][VERB] COMMANDCALL: _C.SafeAPI.Execute(["v1.sketch.dimension",[{"type":"HORIZONTAL_DISTANCE","value":"@expr.d210_x","name":"x","id":3508,"geomIds":[3514,3559]}]])
[0m[0;32m[2026-09-16 13:19:29.209][VERB] RETURN: {"result":"$3564"}
[0m[0;32m[2026-09-16 13:19:29.209][VERB] COMMANDCALL: _C.SafeAPI.Execute(["v1.sketch.dimension",[{"type":"VERTICAL_DISTANCE","value":"@expr.d211_y","name":"y","id":3508,"geomIds":[3514,3559]}]])
[0m[0;32m[2026-09-16 13:19:29.220][VERB] RETURN: {"result":"$3568"}
[0m[0;32m[2026-09-16 13:19:29.221][VERB] COMMANDCALL: _C.SafeAPI.Execute(["v1.sketch.dimension",[{"type":"HORIZONTAL_DISTANCE","value":"@expr.d212_x","name":"x","id":3508,"geomIds":[3514,3560]}]])
[0m[0;32m[2026-09-16 13:19:29.232][VERB] RETURN: {"result":"$3572"}
[0m[0;32m[2026-09-16 13:19:29.233][VERB] COMMANDCALL: _C.SafeAPI.Execute(["v1.sketch.dimension",[{"type":"VERTICAL_DISTANCE","value":"@expr.d213_y","name":"y","id":3508,"geomIds":[3514,3560]}]])
[0m[0;32m[2026-09-16 13:19:29.245][VERB] RETURN: {"result":"$3576"}
[0m[0;32m[2026-09-16 13:19:29.245][VERB] COMMANDCALL: _C.SafeAPI.Execute(["v1.sketch.line",[{"startPos":[53.5,25.1,0],"genIncidence":0,"genTangency":0,"genFixation":0,"genVertAndHoriz":0,"id":3508,"endPos":[53,25.6,0]}]])
[0m[0;32m[2026-09-16 13:19:29.251][VERB] RETURN: {"result":"$3578"}
[0m[0;32m[2026-09-16 13:19:29.251][VERB] COMMANDCALL: _C.SafeAPI.Execute(["v1.sketch.getPoints",[{"id":3578}]])
[0m[0;32m[2026-09-16 13:19:29.252][VERB] RETURN: {"result":{"endId":"$3580","startId":"$3579"}}
[0m[0;32m[2026-09-16 13:19:29.252][VERB] COMMANDCALL: _C.SafeAPI.Execute(["v1.sketch.dimension",[{"type":"HORIZONTAL_DISTANCE","value":"@expr.d214_x","name":"x","id":3508,"geomIds":[3514,3579]}]])
[0m[0;32m[2026-09-16 13:19:29.264][VERB] RETURN: {"result":"$3584"}
[0m[0;32m[2026-09-16 13:19:29.265][VERB] COMMANDCALL: _C.SafeAPI.Execute(["v1.sketch.dimension",[{"type":"VERTICAL_DISTANCE","value":"@expr.d215_y","name":"y","id":3508,"geomIds":[3514,3579]}]])
[0m[0;32m[2026-09-16 13:19:29.278][VERB] RETURN: {"result":"$3588"}
[0m[0;32m[2026-09-16 13:19:29.279][VERB] COMMANDCALL: _C.SafeAPI.Execute(["v1.sketch.dimension",[{"type":"HORIZONTAL_DISTANCE","value":"@expr.d216_x","name":"x","id":3508,"geomIds":[3514,3580]}]])
[0m[0;32m[2026-09-16 13:19:29.293][VERB] RETURN: {"result":"$3592"}
[0m[0;32m[2026-09-16 13:19:29.293][VERB] COMMANDCALL: _C.SafeAPI.Execute(["v1.sketch.dimension",[{"type":"VERTICAL_DISTANCE","value":"@expr.d217_y","name":"y","id":3508,"geomIds":[3514,3580]}]])
[0m[0;32m[2026-09-16 13:19:29.309][VERB] RETURN: {"result":"$3596"}
[0m[0;32m[2026-09-16 13:19:29.309][VERB] COMMANDCALL: _C.SafeAPI.Execute(["v1.sketch.line",[{"startPos":[53,25.6,0],"genIncidence":0,"genTangency":0,"genFixation":0,"genVertAndHoriz":0,"id":3508,"endPos":[2.1,25.6,0]}]])
[0m[0;32m[2026-09-16 13:19:29.316][VERB] RETURN: {"result":"$3598"}
[0m[0;32m[2026-09-16 13:19:29.317][VERB] COMMANDCALL: _C.SafeAPI.Execute(["v1.sketch.getPoints",[{"id":3598}]])
[0m[0;32m[2026-09-16 13:19:29.317][VERB] RETURN: {"result":{"endId":"$3600","startId":"$3599"}}
[0m[0;32m[2026-09-16 13:19:29.317][VERB] COMMANDCALL: _C.SafeAPI.Execute(["v1.sketch.dimension",[{"type":"HORIZONTAL_DISTANCE","value":"@expr.d218_x","name":"x","id":3508,"geomIds":[3514,3599]}]])
[0m[0;32m[2026-09-16 13:19:29.333][VERB] RETURN: {"result":"$3604"}
[0m[0;32m[2026-09-16 13:19:29.333][VERB] COMMANDCALL: _C.SafeAPI.Execute(["v1.sketch.dimension",[{"type":"VERTICAL_DISTANCE","value":"@expr.d219_y","name":"y","id":3508,"geomIds":[3514,3599]}]])
[0m[0;32m[2026-09-16 13:19:29.350][VERB] RETURN: {"result":"$3608"}
[0m[0;32m[2026-09-16 13:19:29.350][VERB] COMMANDCALL: _C.SafeAPI.Execute(["v1.sketch.dimension",[{"type":"HORIZONTAL_DISTANCE","value":"@expr.d220_x","name":"x","id":3508,"geomIds":[3514,3600]}]])
[0m[0;32m[2026-09-16 13:19:29.368][VERB] RETURN: {"result":"$3612"}
[0m[0;32m[2026-09-16 13:19:29.368][VERB] COMMANDCALL: _C.SafeAPI.Execute(["v1.sketch.dimension",[{"type":"VERTICAL_DISTANCE","value":"@expr.d221_y","name":"y","id":3508,"geomIds":[3514,3600]}]])
[0m[0;32m[2026-09-16 13:19:29.386][VERB] RETURN: {"result":"$3616"}
[0m[0;32m[2026-09-16 13:19:29.386][VERB] COMMANDCALL: _C.SafeAPI.Execute(["v1.sketch.line",[{"startPos":[2.1,25.6,0],"genIncidence":0,"genTangency":0,"genFixation":0,"genVertAndHoriz":0,"id":3508,"endPos":[1.6,25.1,0]}]])
[0m[0;32m[2026-09-16 13:19:29.396][VERB] RETURN: {"result":"$3618"}
[0m[0;32m[2026-09-16 13:19:29.396][VERB] COMMANDCALL: _C.SafeAPI.Execute(["v1.sketch.getPoints",[{"id":3618}]])
[0m[0;32m[2026-09-16 13:19:29.396][VERB] RETURN: {"result":{"endId":"$3620","startId":"$3619"}}
[0m[0;32m[2026-09-16 13:19:29.397][VERB] COMMANDCALL: _C.SafeAPI.Execute(["v1.sketch.dimension",[{"type":"HORIZONTAL_DISTANCE","value":"@expr.d222_x","name":"x","id":3508,"geomIds":[3514,3619]}]])
[0m[0;32m[2026-09-16 13:19:29.416][VERB] RETURN: {"result":"$3624"}
[0m[0;32m[2026-09-16 13:19:29.416][VERB] COMMANDCALL: _C.SafeAPI.Execute(["v1.sketch.dimension",[{"type":"VERTICAL_DISTANCE","value":"@expr.d223_y","name":"y","id":3508,"geomIds":[3514,3619]}]])
[0m[0;32m[2026-09-16 13:19:29.436][VERB] RETURN: {"result":"$3628"}
[0m[0;32m[2026-09-16 13:19:29.436][VERB] COMMANDCALL: _C.SafeAPI.Execute(["v1.sketch.dimension",[{"type":"HORIZONTAL_DISTANCE","value":"@expr.d224_x","name":"x","id":3508,"geomIds":[3514,3620]}]])
[0m[0;32m[2026-09-16 13:19:29.457][VERB] RETURN: {"result":"$3632"}
[0m[0;32m[2026-09-16 13:19:29.457][VERB] COMMANDCALL: _C.SafeAPI.Execute(["v1.sketch.dimension",[{"type":"VERTICAL_DISTANCE","value":"@expr.d225_y","name":"y","id":3508,"geomIds":[3514,3620]}]])
[0m[0;32m[2026-09-16 13:19:29.478][VERB] RETURN: {"result":"$3636"}
[0m[0;32m[2026-09-16 13:19:29.480][VERB] COMMANDCALL: _C.SafeAPI.Execute(["v1.sketch.line",[{"startPos":[1.6,25.1,0],"genIncidence":0,"genTangency":0,"genFixation":0,"genVertAndHoriz":0,"id":3508,"endPos":[1.6,2.1,0]}]])
[0m[0;32m[2026-09-16 13:19:29.491][VERB] RETURN: {"result":"$3638"}
[0m[0;32m[2026-09-16 13:19:29.491][VERB] COMMANDCALL: _C.SafeAPI.Execute(["v1.sketch.getPoints",[{"id":3638}]])
[0m[0;32m[2026-09-16 13:19:29.491][VERB] RETURN: {"result":{"endId":"$3640","startId":"$3639"}}
[0m[0;32m[2026-09-16 13:19:29.491][VERB] COMMANDCALL: _C.SafeAPI.Execute(["v1.sketch.dimension",[{"type":"HORIZONTAL_DISTANCE","value":"@expr.d226_x","name":"x","id":3508,"geomIds":[3514,3639]}]])
[0m[0;32m[2026-09-16 13:19:29.513][VERB] RETURN: {"result":"$3644"}
[0m[0;32m[2026-09-16 13:19:29.514][VERB] COMMANDCALL: _C.SafeAPI.Execute(["v1.sketch.dimension",[{"type":"VERTICAL_DISTANCE","value":"@expr.d227_y","name":"y","id":3508,"geomIds":[3514,3639]}]])
[0m[0;32m[2026-09-16 13:19:29.536][VERB] RETURN: {"result":"$3648"}
[0m[0;32m[2026-09-16 13:19:29.537][VERB] COMMANDCALL: _C.SafeAPI.Execute(["v1.sketch.dimension",[{"type":"HORIZONTAL_DISTANCE","value":"@expr.d228_x","name":"x","id":3508,"geomIds":[3514,3640]}]])
[0m[0;32m[2026-09-16 13:19:29.560][VERB] RETURN: {"result":"$3652"}
[0m[0;32m[2026-09-16 13:19:29.560][VERB] COMMANDCALL: _C.SafeAPI.Execute(["v1.sketch.dimension",[{"type":"VERTICAL_DISTANCE","value":"@expr.d229_y","name":"y","id":3508,"geomIds":[3514,3640]}]])
[0m[0;32m[2026-09-16 13:19:29.584][VERB] RETURN: {"result":"$3656"}
[0m[0;32m[2026-09-16 13:19:29.585][VERB] COMMANDCALL: _C.SafeAPI.Execute(["v1.sketch.line",[{"startPos":[1.6,2.1,0],"genIncidence":0,"genTangency":0,"genFixation":0,"genVertAndHoriz":0,"id":3508,"endPos":[2.1,1.6,0]}]])
[0m[0;32m[2026-09-16 13:19:29.597][VERB] RETURN: {"result":"$3658"}
[0m[0;32m[2026-09-16 13:19:29.597][VERB] COMMANDCALL: _C.SafeAPI.Execute(["v1.sketch.getPoints",[{"id":3658}]])
[0m[0;32m[2026-09-16 13:19:29.597][VERB] RETURN: {"result":{"endId":"$3660","startId":"$3659"}}
[0m[0;32m[2026-09-16 13:19:29.598][VERB] COMMANDCALL: _C.SafeAPI.Execute(["v1.sketch.dimension",[{"type":"HORIZONTAL_DISTANCE","value":"@expr.d230_x","name":"x","id":3508,"geomIds":[3514,3659]}]])
[0m[0;32m[2026-09-16 13:19:29.622][VERB] RETURN: {"result":"$3664"}
[0m[0;32m[2026-09-16 13:19:29.623][VERB] COMMANDCALL: _C.SafeAPI.Execute(["v1.sketch.dimension",[{"type":"VERTICAL_DISTANCE","value":"@expr.d231_y","name":"y","id":3508,"geomIds":[3514,3659]}]])
[0m[0;32m[2026-09-16 13:19:29.648][VERB] RETURN: {"result":"$3668"}
[0m[0;32m[2026-09-16 13:19:29.649][VERB] COMMANDCALL: _C.SafeAPI.Execute(["v1.sketch.dimension",[{"type":"HORIZONTAL_DISTANCE","value":"@expr.d232_x","name":"x","id":3508,"geomIds":[3514,3660]}]])
[0m[0;32m[2026-09-16 13:19:29.675][VERB] RETURN: {"result":"$3672"}
[0m[0;32m[2026-09-16 13:19:29.675][VERB] COMMANDCALL: _C.SafeAPI.Execute(["v1.sketch.dimension",[{"type":"VERTICAL_DISTANCE","value":"@expr.d233_y","name":"y","id":3508,"geomIds":[3514,3660]}]])
[0m[0;32m[2026-09-16 13:19:29.702][VERB] RETURN: {"result":"$3676"}
[0m[0;32m[2026-09-16 13:19:29.703][VERB] COMMANDCALL: _C.SafeAPI.Execute(["v1.part.extrusion",[{"references":[3518,3538,3558,3578,3598,3618,3638,3658],"name":"F201_chamfer_shell_skin_py_17_middle","taperAngle":0,"limit2":"@expr.d234_height","id":4}]])
[0m[0;32m[2026-09-16 13:19:29.709][VERB] RETURN: {"result":"$3680"}
[0m[0;32m[2026-09-16 13:19:29.709][VERB] COMMANDCALL: _C.SafeAPI.Execute(["v1.part.translation",[{"references":[34],"name":"F201_chamfer_shell_skin_py_17_middle_2","id":4,"targets":[3680],"distance":"@expr.d235_position"}]])
[0m[0;32m[2026-09-16 13:19:29.714][VERB] RETURN: {"result":"$3751"}
[0m[0;32m[2026-09-16 13:19:29.714][VERB] COMMANDCALL: _C.SafeAPI.Execute(["v1.part.extrusion",[{"references":[3518,3538,3558,3578,3598,3618,3638,3658],"name":"F201_chamfer_shell_skin_py_17_bottom","taperAngle":0.78539816339745,"limit2":"@expr.d236_bevel_height","id":4}]])
[0m[0;32m[2026-09-16 13:19:29.723][VERB] RETURN: {"result":"$3762"}
[0m[0;32m[2026-09-16 13:19:29.723][VERB] COMMANDCALL: _C.SafeAPI.Execute(["v1.part.translation",[{"references":[34],"name":"F201_chamfer_shell_skin_py_17_bottom_2","id":4,"targets":[3762],"distance":"@expr.d237_poPVS_DELETE_PE 0x7a8c543d40
PVS_DELETE_PE 0x7a8c550000
PVS_DELETE_PE 0x7a8c550280
PVS_DELETE_PE 0x7a8c550500
PVS_DELETE_PE 0x7a8c550780
PVS_DELETE_PE 0x7a8c550a00
PVS_DELETE_PE 0x7a8c550c80
PVS_DELETE_PE 0x7a8c550dc0
PVS_DELETE_PE 0x7a8c56ed00
PVS_DELETE_PE 0x7a8c56ef80
PVS_DELETE_PE 0x7a8c56f200
PVS_DELETE_PE 0x7a8c56f480
PVS_DELETE_PE 0x7a8c56f700
PVS_DELETE_PE 0x7a8c56f980
PVS_DELETE_PE 0x7a8c56fc00
PVS_DELETE_PE 0x7a8c56fd40
sition"}]])
[0m[0;32m[2026-09-16 13:19:29.727][VERB] RETURN: {"result":"$3825"}
[0m[0;32m[2026-09-16 13:19:29.728][VERB] COMMANDCALL: _C.SafeAPI.Execute(["v1.part.extrusion",[{"references":[3518,3538,3558,3578,3598,3618,3638,3658],"name":"F201_chamfer_shell_skin_py_17_top","taperAngle":0.78539816339745,"limit2":"@expr.d238_bevel_height","id":4}]])
[0m[0;32m[2026-09-16 13:19:29.736][VERB] RETURN: {"result":"$3836"}
[0m[0;32m[2026-09-16 13:19:29.736][VERB] COMMANDCALL: _C.SafeAPI.Execute(["v1.part.translation",[{"references":[34],"name":"F201_chamfer_shell_skin_py_17_top_2","id":4,"targets":[3836],"distance":"@expr.d239_position"}]])
[0m[0;32m[2026-09-16 13:19:29.740][VERB] RETURN: {"result":"$3899"}
[0m[0;32m[2026-09-16 13:19:29.740][VERB] COMMANDCALL: _C.SafeAPI.Execute(["v1.part.boolean",[{"type":"UNION","tools":[3825,3899],"target":3751,"name":"F201_chamfer_shell_skin_py_17","id":4}]])
[0m[0;32m[2026-09-16 13:19:29.763][VERB] RETURN: {"result":"$3910"}
[0m[0;32m[2026-09-16 13:19:29.764][VERB] COMMANDCALL: _C.SafeAPI.Execute(["v1.part.boolean",[{"type":"SUBTRACTION","tools":[3910],"target":3169,"name":"F0_cut_housing_shell_py_58_tool_0","id":4}]])
[0m[0;32m[2026-09-16 13:19:29.820][VERB] RETURN: {"result":"$3989"}
[0m[0;32m[2026-09-16 13:19:29.821][VERB] COMMANDCALL: _C.SafeAPI.Execute(["v1.sketch.create",[{"planeId":38,"name":"F240_chamfer_shell_skin_py_17_middle_profile","id":4}]])
[0m[0;32m[2026-09-16 13:19:29.823][VERB] RETURN: {"result":"$4157"}
[0m[0;32m[2026-09-16 13:19:29.823][VERB] COMMANDCALL: _C.SafeAPI.Execute(["v1.sketch.point",[{"pos":[-1000,-1000,0],"id":4157}]])
[0m[0;32m[2026-09-16 13:19:29.824][VERB] RETURN: {"result":"$4163"}
[0m[0;32m[2026-09-16 13:19:29.824][VERB] COMMANDCALL: _C.SafeAPI.Execute(["v1.sketch.constraint",[{"type":"FIXATION","id":4157,"geomIds":[4163]}]])
[0m[0;32m[2026-09-16 13:19:29.825][VERB] RETURN: {"result":"$4165"}
[0m[0;32m[2026-09-16 13:19:29.825][VERB] COMMANDCALL: _C.SafeAPI.Execute(["v1.sketch.line",[{"startPos":[2.1,23,0],"genIncidence":0,"genTangency":0,"genFixation":0,"genVertAndHoriz":0,"id":4157,"endPos":[54.7,23,0]}]])
[0m[0;32m[2026-09-16 13:19:29.826][VERB] RETURN: {"result":"$4167"}
[0m[0;32m[2026-09-16 13:19:29.827][VERB] COMMANDCALL: _C.SafeAPI.Execute(["v1.sketch.getPoints",[{"id":4167}]])
[0m[0;32m[2026-09-16 13:19:29.827][VERB] RETURN: {"result":{"endId":"$4169","startId":"$4168"}}
[0m[0;32m[2026-09-16 13:19:29.827][VERB] COMMANDCALL: _C.SafeAPI.Execute(["v1.sketch.dimension",[{"type":"HORIZONTAL_DISTANCE","value":"@expr.d241_x","name":"x","id":4157,"geomIds":[4163,4168]}]])
[0m[0;32m[2026-09-16 13:19:29.831][VERB] RETURN: {"result":"$4173"}
[0m[0;32m[2026-09-16 13:19:29.831][VERB] COMMANDCALL: _C.SafeAPI.Execute(["v1.sketch.dimension",[{"type":"VERTICAL_DISTANCE","value":"@expr.d242_y","name":"y","id":4157,"geomIds":[4163,4168]}]])
[0m[0;32m[2026-09-16 13:19:29.836][VERB] RETURN: {"result":"$4177"}
[0m[0;32m[2026-09-16 13:19:29.836][VERB] COMMANDCALL: _C.SafeAPI.Execute(["v1.sketch.dimension",[{"type":"HORIZONTAL_DISTANCE","value":"@expr.d243_x","name":"x","id":4157,"geomIds":[4163,4169]}]])
[0m[0;32m[2026-09-16 13:19:29.842][VERB] RETURN: {"result":"$4181"}
[0m[0;32m[2026-09-16 13:19:29.842][VERB] COMMANDCALL: _C.SafeAPI.Execute(["v1.sketch.dimension",[{"type":"VERTICAL_DISTANCE","value":"@expr.d244_y","name":"y","id":4157,"geomIds":[4163,4169]}]])
[0m[0;32m[2026-09-16 13:19:29.848][VERB] RETURN: {"result":"$4185"}
[0m[0;32m[2026-09-16 13:19:29.849][VERB] COMMANDCALL: _C.SafeAPI.Execute(["v1.sketch.line",[{"startPos":[54.7,23,0],"genIncidence":0,"genTangency":0,"genFixation":0,"genVertAndHoriz":0,"id":4157,"endPos":[55.2,23.5,0]}]])
[0m[0;32m[2026-09-16 13:19:29.852][VERB] RETURN: {"result":"$4187"}
[0m[0;32m[2026-09-16 13:19:29.852][VERB] COMMANDCALL: _C.SafeAPI.Execute(["v1.sketch.getPoints",[{"id":4187}]])
[0m[0;32m[2026-09-16 13:19:29.852][VERB] RETURN: {"result":{"endId":"$4189","startId":"$4188"}}
[0m[0;32m[2026-09-16 13:19:29.852][VERB] COMMANDCALL: _C.SafeAPI.Execute(["v1.sketch.dimension",[{"type":"HORIZONTAL_DISTANCE","value":"@expr.d245_x","name":"x","id":4157,"geomIds":[4163,4188]}]])
[0m[0;32m[2026-09-16 13:19:29.859][VERB] RETURN: {"result":"$4193"}
[0m[0;32m[2026-09-16 13:19:29.859][VERB] COMMANDCALL: _C.SafeAPI.Execute(["v1.sketch.dimension",[{"type":"VERTICAL_DISTANCE","value":"@expr.d246_y","name":"y","id":4157,"geomIds":[4163,4188]}]])
[0m[0;32m[2026-09-16 13:19:29.867][VERB] RETURN: {"result":"$4197"}
[0m[0;32m[2026-09-16 13:19:29.867][VERB] COMMANDCALL: _C.SafeAPI.Execute(["v1.sketch.dimension",[{"type":"HORIZONTAL_DISTANCE","value":"@expr.d247_x","name":"x","id":4157,"geomIds":[4163,4189]}]])
[0m[0;32m[2026-09-16 13:19:29.876][VERB] RETURN: {"result":"$4201"}
[0m[0;32m[2026-09-16 13:19:29.876][VERB] COMMANDCALL: _C.SafeAPI.Execute(["v1.sketch.dimension",[{"type":"VERTICAL_DISTANCE","value":"@expr.d248_y","name":"y","id":4157,"geomIds":[4163,4189]}]])
[0m[0;32m[2026-09-16 13:19:29.885][VERB] RETURN: {"result":"$4205"}
[0m[0;32m[2026-09-16 13:19:29.885][VERB] COMMANDCALL: _C.SafeAPI.Execute(["v1.sketch.line",[{"startPos":[55.2,23.5,0],"genIncidence":0,"genTangency":0,"genFixation":0,"genVertAndHoriz":0,"id":4157,"endPos":[55.2,61.9,0]}]])
[0m[0;32m[2026-09-16 13:19:29.890][VERB] RETURN: {"result":"$4207"}
[0m[0;32m[2026-09-16 13:19:29.890][VERB] COMMANDCALL: _C.SafeAPI.Execute(["v1.sketch.getPoints",[{"id":4207}]])
[0m[0;32m[2026-09-16 13:19:29.890][VERB] RETURN: {"result":{"endId":"$4209","startId":"$4208"}}
[0m[0;32m[2026-09-16 13:19:29.890][VERB] COMMANDCALL: _C.SafeAPI.Execute(["v1.sketch.dimension",[{"type":"HORIZONTAL_DISTANCE","value":"@expr.d249_x","name":"x","id":4157,"geomIds":[4163,4208]}]])
[0m[0;32m[2026-09-16 13:19:29.900][VERB] RETURN: {"result":"$4213"}
[0m[0;32m[2026-09-16 13:19:29.901][VERB] COMMANDCALL: _C.SafeAPI.Execute(["v1.sketch.dimension",[{"type":"VERTICAL_DISTANCE","value":"@expr.d250_y","name":"y","id":4157,"geomIds":[4163,4208]}]])
[0m[0;32m[2026-09-16 13:19:29.911][VERB] RETURN: {"result":"$4217"}
[0m[0;32m[2026-09-16 13:19:29.912][VERB] COMMANDCALL: _C.SafeAPI.Execute(["v1.sketch.dimension",[{"type":"HORIZONTAL_DISTANCE","value":"@expr.d251_x","name":"x","id":4157,"geomIds":[4163,4209]}]])
[0m[0;32m[2026-09-16 13:19:29.923][VERB] RETURN: {"result":"$4221"}
[0m[0;32m[2026-09-16 13:19:29.923][VERB] COMMANDCALL: _C.SafeAPI.Execute(["v1.sketch.dimension",[{"type":"VERTICAL_DISTANCE","value":"@expr.d252_y","name":"y","id":4157,"geomIds":[4163,4209]}]])
[0m[0;32m[2026-09-16 13:19:29.935][VERB] RETURN: {"result":"$4225"}
[0m[0;32m[2026-09-16 13:19:29.936][VERB] COMMANDCALL: _C.SafeAPI.Execute(["v1.sketch.line",[{"startPos":[55.2,61.9,0],"genIncidence":0,"genTangency":0,"genFixation":0,"genVertAndHoriz":0,"id":4157,"endPos":[54.7,62.4,0]}]])
[0m[0;32m[2026-09-16 13:19:29.942][VERB] RETURN: {"result":"$4227"}
[0m[0;32m[2026-09-16 13:19:29.942][VERB] COMMANDCALL: _C.SafeAPI.Execute(["v1.sketch.getPoints",[{"id":4227}]])
[0m[0;32m[2026-09-16 13:19:29.942][VERB] RETURN: {"result":{"endId":"$4229","startId":"$4228"}}
[0m[0;32m[2026-09-16 13:19:29.942][VERB] COMMANDCALL: _C.SafeAPI.Execute(["v1.sketch.dimension",[{"type":"HORIZONTAL_DISTANCE","value":"@expr.d253_x","name":"x","id":4157,"geomIds":[4163,4228]}]])
[0m[0;32m[2026-09-16 13:19:29.955][VERB] RETURN: {"result":"$4233"}
[0m[0;32m[2026-09-16 13:19:29.956][VERB] COMMANDCALL: _C.SafeAPI.Execute(["v1.sketch.dimension",[{"type":"VERTICAL_DISTANCE","value":"@expr.d254_y","name":"y","id":4157,"geomIds":[4163,4228]}]])
[0m[0;32m[2026-09-16 13:19:29.969][VERB] RETURN: {"result":"$4237"}
[0m[0;32m[2026-09-16 13:19:29.970][VERB] COMMANDCALL: _C.SafeAPI.Execute(["v1.sketch.dimension",[{"type":"HORIZONTAL_DISTANCE","value":"@expr.d255_x","name":"x","id":4157,"geomIds":[4163,4229]}]])
[0m[0;32m[2026-09-16 13:19:29.984][VERB] RETURN: {"result":"$4241"}
[0m[0;32m[2026-09-16 13:19:29.984][VERB] COMMANDCALL: _C.SafeAPI.Execute(["v1.sketch.dimension",[{"type":"VERTICAL_DISTANCE","value":"@expr.d256_y","name":"y","id":4157,"geomIds":[4163,4229]}]])
[0m[0;32m[2026-09-16 13:19:30.000][VERB] RETURN: {"result":"$4245"}
[0m[0;32m[2026-09-16 13:19:30.000][VERB] COMMANDCALL: _C.SafeAPI.Execute(["v1.sketch.line",[{"startPos":[54.7,62.4,0],"genIncidence":0,"genTangency":0,"genFixation":0,"genVertAndHoriz":0,"id":4157,"endPos":[2.1,62.4,0]}]])
[0m[0;32m[2026-09-16 13:19:30.007][VERB] RETURN: {"result":"$4247"}
[0m[0;32m[2026-09-16 13:19:30.007][VERB] COMMANDCALL: _C.SafeAPI.Execute(["v1.sketch.getPoints",[{"id":4247}]])
[0m[0;32m[2026-09-16 13:19:30.008][VERB] RETURN: {"result":{"endId":"$4249","startId":"$4248"}}
[0m[0;32m[2026-09-16 13:19:30.008][VERB] COMMANDCALL: _C.SafeAPI.Execute(["v1.sketch.dimension",[{"type":"HORIZONTAL_DISTANCE","value":"@expr.d257_x","name":"x","id":4157,"geomIds":[4163,4248]}]])
[0m[0;32m[2026-09-16 13:19:30.024][VERB] RETURN: {"result":"$4253"}
[0m[0;32m[2026-09-16 13:19:30.024][VERB] COMMANDCALL: _C.SafeAPI.Execute(["v1.sketch.dimension",[{"type":"VERTICAL_DISTANCE","value":"@expr.d258_y","name":"y","id":4157,"geomIds":[4163,4248]}]])
[0m[0;32m[2026-09-16 13:19:30.040][VERB] RETURN: {"result":"$4257"}
[0m[0;32m[2026-09-16 13:19:30.041][VERB] COMMANDCALL: _C.SafeAPI.Execute(["v1.sketch.dimension",[{"type":"HORIZONTAL_DISTANCE","value":"@expr.d259_x","name":"x","id":4157,"geomIds":[4163,4249]}]])
[0m[0;32m[2026-09-16 13:19:30.058][VERB] RETURN: {"result":"$4261"}
[0m[0;32m[2026-09-16 13:19:30.058][VERB] COMMANDCALL: _C.SafeAPI.Execute(["v1.sketch.dimension",[{"type":"VERTICAL_DISTANCE","value":"@expr.d260_y","name":"y","id":4157,"geomIds":[4163,4249]}]])
[0m[0;32m[2026-09-16 13:19:30.077][VERB] RETURN: {"result":"$4265"}
[0m[0;32m[2026-09-16 13:19:30.077][VERB] COMMANDCALL: _C.SafeAPI.Execute(["v1.sketch.line",[{"startPos":[2.1,62.4,0],"genIncidence":0,"genTangency":0,"genFixation":0,"genVertAndHoriz":0,"id":4157,"endPos":[1.6,61.9,0]}]])
[0m[0;32m[2026-09-16 13:19:30.086][VERB] RETURN: {"result":"$4267"}
[0m[0;32m[2026-09-16 13:19:30.086][VERB] COMMANDCALL: _C.SafeAPI.Execute(["v1.sketch.getPoints",[{"id":4267}]])
[0m[0;32m[2026-09-16 13:19:30.086][VERB] RETURN: {"result":{"endId":"$4269","startId":"$4268"}}
[0m[0;32m[2026-09-16 13:19:30.087][VERB] COMMANDCALL: _C.SafeAPI.Execute(["v1.sketch.dimension",[{"type":"HORIZONTAL_DISTANCE","value":"@expr.d261_x","name":"x","id":4157,"geomIds":[4163,4268]}]])
[0m[0;32m[2026-09-16 13:19:30.105][VERB] RETURN: {"result":"$4273"}
[0m[0;32m[2026-09-16 13:19:30.106][VERB] COMMANDCALL: _C.SafeAPI.Execute(["v1.sketch.dimension",[{"type":"VERTICAL_DISTANCE","value":"@expr.d262_y","name":"y","id":4157,"geomIds":[4163,4268]}]])
[0m[0;32m[2026-09-16 13:19:30.125][VERB] RETURN: {"result":"$4277"}
[0m[0;32m[2026-09-16 13:19:30.126][VERB] COMMANDCALL: _C.SafeAPI.Execute(["v1.sketch.dimension",[{"type":"HORIZONTAL_DISTANCE","value":"@expr.d263_x","name":"x","id":4157,"geomIds":[4163,4269]}]])
[0m[0;32m[2026-09-16 13:19:30.146][VERB] RETURN: {"result":"$4281"}
[0m[0;32m[2026-09-16 13:19:30.146][VERB] COMMANDCALL: _C.SafeAPI.Execute(["v1.sketch.dimension",[{"type":"VERTICAL_DISTANCE","value":"@expr.d264_y","name":"y","id":4157,"geomIds":[4163,4269]}]])
[0m[0;32m[2026-09-16 13:19:30.167][VERB] RETURN: {"result":"$4285"}
[0m[0;32m[2026-09-16 13:19:30.167][VERB] COMMANDCALL: _C.SafeAPI.Execute(["v1.sketch.line",[{"startPos":[1.6,61.9,0],"genIncidence":0,"genTangency":0,"genFixation":0,"genVertAndHoriz":0,"id":4157,"endPos":[1.6,23.5,0]}]])
[0m[0;32m[2026-09-16 13:19:30.178][VERB] RETURN: {"result":"$4287"}
[0m[0;32m[2026-09-16 13:19:30.178][VERB] COMMANDCALL: _C.SafeAPI.Execute(["v1.sketch.getPoints",[{"id":4287}]])
[0m[0;32m[2026-09-16 13:19:30.178][VERB] RETURN: {"result":{"endId":"$4289","startId":"$4288"}}
[0m[0;32m[2026-09-16 13:19:30.178][VERB] COMMANDCALL: _C.SafeAPI.Execute(["v1.sketch.dimension",[{"type":"HORIZONTAL_DISTANCE","value":"@expr.d265_x","name":"x","id":4157,"geomIds":[4163,4288]}]])
[0m[0;32m[2026-09-16 13:19:30.200][VERB] RETURN: {"result":"$4293"}
[0m[0;32m[2026-09-16 13:19:30.200][VERB] COMMANDCALL: _C.SafeAPI.Execute(["v1.sketch.dimension",[{"type":"VERTICAL_DISTANCE","value":"@expr.d266_y","name":"y","id":4157,"geomIds":[4163,4288]}]])
[0m[0;32m[2026-09-16 13:19:30.223][VERB] RETURN: {"result":"$4297"}
[0m[0;32m[2026-09-16 13:19:30.223][VERB] COMMANDCALL: _C.SafeAPI.Execute(["v1.sketch.dimension",[{"type":"HORIZONTAL_DISTANCE","value":"@expr.d267_x","name":"x","id":4157,"geomIds":[4163,4289]}]])
[0m[0;32m[2026-09-16 13:19:30.247][VERB] RETURN: {"result":"$4301"}
[0m[0;32m[2026-09-16 13:19:30.247][VERB] COMMANDCALL: _C.SafeAPI.Execute(["v1.sketch.dimension",[{"type":"VERTICAL_DISTANCE","value":"@expr.d268_y","name":"y","id":4157,"geomIds":[4163,4289]}]])
[0m[0;32m[2026-09-16 13:19:30.271][VERB] RETURN: {"result":"$4305"}
[0m[0;32m[2026-09-16 13:19:30.271][VERB] COMMANDCALL: _C.SafeAPI.Execute(["v1.sketch.line",[{"startPos":[1.6,23.5,0],"genIncidence":0,"genTangency":0,"genFixation":0,"genVertAndHoriz":0,"id":4157,"endPos":[2.1,23,0]}]])
[0m[0;32m[2026-09-16 13:19:30.283][VERB] RETURN: {"result":"$4307"}
[0m[0;32m[2026-09-16 13:19:30.284][VERB] COMMANDCALL: _C.SafeAPI.Execute(["v1.sketch.getPoints",[{"id":4307}]])
[0m[0;32m[2026-09-16 13:19:30.284][VERB] RETURN: {"result":{"endId":"$4309","startId":"$4308"}}
[0m[0;32m[2026-09-16 13:19:30.284][VERB] COMMANDCALL: _C.SafeAPI.Execute(["v1.sketch.dimension",[{"type":"HORIZONTAL_DISTANCE","value":"@expr.d269_x","name":"x","id":4157,"geomIds":[4163,4308]}]])
[0m[0;32m[2026-09-16 13:19:30.309][VERB] RETURN: {"result":"$4313"}
[0m[0;32m[2026-09-16 13:19:30.309][VERB] COMMANDCALL: _C.SafeAPI.Execute(["v1.sketch.dimension",[{"type":"VERTICAL_DISTANCE","value":"@expr.d270_y","name":"y","id":4157,"geomIds":[4163,4308]}]])
[0m[0;32m[2026-09-16 13:19:30.335][VERB] RETURN: {"result":"$4317"}
[0m[0;32m[2026-09-16 13:19:30.335][VERB] COMMANDCALL: _C.SafeAPI.Execute(["v1.sketch.dimension",[{"type":"HORIZONTAL_DISTANCE","value":"@expr.d271_x","name":"x","id":4157,"geomIds":[4163,4309]}]])
[0m[0;32m[2026-09-16 13:19:30.362][VERB] RETURN: {"result":"$4321"}
[0m[0;32m[2026-09-16 13:19:30.362][VERB] COMMANDCALL: _C.SafeAPI.Execute(["v1.sketch.dimension",[{"type":"VERTICAL_DISTANCE","value":"@expr.d272_y","name":"y","id":4157,"geomIds":[4163,4309]}]])
[0m[0;32m[2026-09-16 13:19:30.389][VERB] RETURN: {"result":"$4325"}
[0m[0;32m[2026-09-16 13:19:30.390][VERB] COMMANDCALL: _C.SafeAPI.Execute(["v1.part.extrusion",[{"references":[4167,4187,4207,4227,4247,4267,4287,4307],"name":"F240_chamfer_shell_skin_py_17_middle","taperAngle":0,"limit2":"@expr.d273_height","id":4}]])
[0m[0;32m[2026-09-16 13:19:30.395][VERB] RETURN: {"result":"$4329"}
[0m[0;32m[2026-09-16 13:19:30.396][VERB] COMMANDCALL: _C.SafeAPI.Execute(["v1.part.translation",[{"references":[34],"name":"F240_chamfer_shell_skin_py_17_middle_2","id":4,"targets":[4329],"distance":"@expr.d274_position"}]])
[0m[0;32m[2026-09-16 13:19:30.400][VERB] RETURN: {"result":"$4400"}
[0m[0;32m[2026-09-16 13:19:30.400][VERB] COMMANDCALL: _C.SafeAPI.Execute(["v1.part.extrusion",[{"references":[4167,4187,4207,4227,4247,4267,4287,4307],"name":"F240_chamfer_shell_skin_py_17_bottom","taperAngle":0.78539816339745,"limit2":"@expr.d275_bevel_height","id":4}]])
[0m[0;32m[2026-09-16 13:19:30.409][VERB] RETURN: {"result":"$4411"}
[0m[0;32m[2026-09-16 13:19:30.409][VERB] COMMANDCALL: _C.SafeAPI.Execute(["v1.part.translation",[{"references":[34],"name":"F240_chamfer_shell_skin_py_17_bottom_2","id":4,"targets":[4411],"distance":"@expr.d276_position"}]])
[0m[0;32m[2026-09-16 13:19:30.413][VERB] RETURN: {"result":"$4474"}
[0m[0;32m[2026-09-16 13:19:30.413][VERB] COMMANDCALL: _C.SafeAPI.Execute(["v1.part.extrusion",[{"references":[4167,4187,4207,4227,4247,4267,4287,4307],"name":"F240_chamfer_shell_skin_py_17_top","taperAngle":0.78539816339745,"limit2":"@expr.d277_bevel_height","id":4}]])
[0m[0;32m[2026-09-16 13:19:30.422][VERB] RETURN: {"result":"$4485"}
[0m[0;32m[2026-09-16 13:19:30.422][VERB] COMMANDCALL: _C.SafeAPI.Execute(["v1.part.translation",[{"references":[34],"name":"F240_chamfer_shell_skin_py_17_top_2","id":4,"targets":[4485],"distance":"@expr.d278_position"}]])
[0m[0;32mPVS_DELETE_PE 0x7a8c8f9e00
PVS_DELETE_PE 0x7a8c8fa080
PVS_DELETE_PE 0x7a8c8fa300
PVS_DELETE_PE 0x7a8c8fa580
PVS_DELETE_PE 0x7a8c8fa800
PVS_DELETE_PE 0x7a8c8faa80
PVS_DELETE_PE 0x7a8c8fad00
PVS_DELETE_PE 0x7a8c8fae40
PVS_DELETE_PE 0x7a8ca54dc0
PVS_DELETE_PE 0x7a8ca55040
PVS_DELETE_PE 0x7a8ca552c0
PVS_DELETE_PE 0x7a8ca55540
PVS_DELETE_PE 0x7a8ca557c0
PVS_DELETE_PE 0x7a8ca55a40
PVS_DELETE_PE 0x7a8ca55cc0
PVS_DELETE_PE 0x7a8ca55e00
PVS_DELETE_PE 0x7a8cad21c0
PVS_DELETE_PE 0x7a8cad35c0
PVS_STALE_PE 0x7a8cad21c0 pf=0x7a83713800 index=3
PVS_STALE_PE 0x7a8cad21c0 pf=0x7a83713800 index=3
PVS_DELETE_PE 0x7a8cad1040
PVS_DELETE_PE 0x7a8cad1540
PVS_DELETE_PE 0x7a8cad1680
PVS_DELETE_PE 0x7a8cad1900
PVS_DELETE_PE 0x7a8cad1b80
PVS_DELETE_PE 0x7a8cad1cc0
PVS_DELETE_PE 0x7a8cad1f40
PVS_DELETE_PE 0x7a8cad2300
PVS_DELETE_PE 0x7a8cad2580
PVS_DELETE_PE 0x7a8cad2800
PVS_DELETE_PE 0x7a8cad2a80
PVS_DELETE_PE 0x7a8cad2e40
PVS_DELETE_PE 0x7a8cad2f80
PVS_DELETE_PE 0x7a8cad3200
PVS_DELETE_PE 0x7a8cad3340
PVS_DELETE_PE 0x7a8cad3700
PVS_DELETE_PE 0x7a8cad3840
PVS_DELETE_PE 0x7a8cad3480
[2026-09-16 13:19:30.426][VERB] RETURN: {"result":"$4548"}
[0m[0;32m[2026-09-16 13:19:30.426][VERB] COMMANDCALL: _C.SafeAPI.Execute(["v1.part.boolean",[{"type":"UNION","tools":[4474,4548],"target":4400,"name":"F240_chamfer_shell_skin_py_17","id":4}]])
[0m[0;32m[2026-09-16 13:19:30.449][VERB] RETURN: {"result":"$4559"}
[0m[0;32m[2026-09-16 13:19:30.449][VERB] COMMANDCALL: _C.SafeAPI.Execute(["v1.part.boolean",[{"type":"SUBTRACTION","tools":[4559],"target":3989,"name":"F0_cut_housing_shell_py_58_tool_1","id":4}]])
[0m[0;32m[2026-09-16 13:19:30.533][VERB] RETURN: {"result":"$4638"}
[0m[0;32m[2026-09-16 13:19:30.534][VERB] COMMANDCALL: _C.SafeAPI.Execute(["v1.common.setAppearance",[{"target":4638,"color":[51,58.65,68.85]}]])
[0m[0;32m[2026-09-16 13:19:30.535][VERB] RETURN: {"result":null}
[0m[0;32m[2026-09-16 13:19:30.535][VERB] COMMANDCALL: _C.SafeAPI.Execute(["v1.assembly.calculateMassProperties",[{"id":4}]])
[0m[0;32m[2026-09-16 13:19:30.562][VERB] RETURN: {"result":{"volume":105847.3676728,"cog":{"z":17.608893587217,"y":25.936439549704,"x":54.663530179315}}}
[0m[0;32m[2026-09-16 13:19:30.562][VERB] COMMANDCALL: _C.SafeAPI.Execute(["v1.common.save",[{"format":"OFB","file":"/Users/dev/dev/awv/classcad-ai/workspace/training/2026-09-16_12-50-53_pvs-cavity-boolean/files/14-debug-result.ofb"}]])
[0m[0;32m[2026-09-16 13:19:30.566][VERB] GetStateId with StateId=5a2c4a1a-e5eb-43ff-b6ff-d939bea724a3
[0m[0;32m[2026-09-16 13:19:30.586][VERB] RETURN: {"maxLevel":31,"messages":[{"message":"GetStateId with StateId=5a2c4a1a-e5eb-43ff-b6ff-d939bea724a3\n","code":0,"level":31,"api":"v1.common.save","levelStr":"INFO"}],"result":{"success":1}}
[0m[0;32m[2026-09-16 13:19:30.587][VERB] COMMANDCALL: _C.SafeAPI.Execute(["v1.common.setDatabaseSettings",[{"isSketchGraphicEnabled":1,"isGraphicEnabled":1,"isCCGraphicEnabled":1,"doCurveTessellation":1}]])
[0m[0;32m[2026-09-16 13:19:30.588][VERB] RETURN: {"result":null}
[0m[2026-09-16 13:19:30.683][DEBUG] Build graphic in: 74ms
[0;32m[2026-09-16 13:19:30.715][VERB] 0x7a89043c00 SetZeichnung
[0m[0;32m[2026-09-16 13:19:30.715][VERB] COMMANDCALL: _C.SafeAPI.Execute(["v1.common.clear",[{}]])
[0m[0;32m[2026-09-16 13:19:30.715][VERB] RETURN: {"result":null}
[0m[0;32m[2026-09-16 13:19:30.724][VERB] 0x7a89043d80 Delete Zeichnung
[0m[0;32m[2026-09-16 13:19:30.724][VERB] 0x0 SetZeichnung
[0m[0;32m[2026-09-16 13:19:30.724][VERB] 0x7a89043c00 Delete Zeichnung
[0m
