[0;32m[2026-09-16 13:22:12.943][INFO] STARTING CLASSCAD...
[0m[0;32m[2026-09-16 13:22:12.943][INFO] Current working directory  : /Users/dev/dev/awv/classcad
[0m[0;32m[2026-09-16 13:22:12.943][INFO] Config file: /Users/dev/dev/awv/classcad/.classcad.ini
[0m[0;32m[2026-09-16 13:22:12.943][INFO] Config file: /Users/dev/dev/awv/classcad/.classcad.ini
[0m[0;32m[2026-09-16 13:22:12.943][INFO] Config file: /Users/dev/dev/awv/classcad/.classcad.user.ini
[0m[0;32m[2026-09-16 13:22:12.943][INFO] Config file: /Users/dev/dev/awv/classcad-ai/workspace/training/2026-09-16_12-50-53_pvs-cavity-boolean/worker.ini
[0m[0;32m[2026-09-16 13:22:12.943][INFO] Ensure CompressionService is loaded
[0m[0;32m[2026-09-16 13:22:12.943][INFO] Ensure JWTService is loaded
[0m[0;32m[2026-09-16 13:22:12.943][INFO] Run the command 'worker'
[0m[0;32m[2026-09-16 13:22:12.943][INFO] Current working directory  : /Users/dev/dev/awv/classcad
[0m[0;32m[2026-09-16 13:22:12.943][INFO] Executable | file name     : classcad-cli
[0m[0;32m[2026-09-16 13:22:12.943][INFO] Executable | file path     : /Users/dev/dev/awv/classcad/runtime/output/arm64-osx-clang/release/classcad-cli
[0m[0;32m[2026-09-16 13:22:12.943][INFO] Executable | directory     : /Users/dev/dev/awv/classcad/runtime/output/arm64-osx-clang/release
[0m[0;32m[2026-09-16 13:22:12.943][INFO] Config | verbose file name : /Users/dev/dev/awv/classcad-ai/workspace/training/2026-09-16_12-50-53_pvs-cavity-boolean/files/worker.log
[0m[0;32m[2026-09-16 13:22:12.943][INFO] Config | verbose level     : 16583
[0m[0;32m[2026-09-16 13:22:12.943][INFO] Config | log level         : debug
[0m[0;32m[2026-09-16 13:22:12.943][INFO] Config | data path         : ./data
[0m[0;32m[2026-09-16 13:22:12.943][INFO] Config | class path        : 
[0m[0;32m[2026-09-16 13:22:12.943][INFO] Config | classes system    : ./cclasses/Source;System;Common.*;BaseModeling.*;CAD;Sheet;
[0m[0;32m[2026-09-16 13:22:12.943][INFO] Config | classes user      : ./cclasses/Source/Tests;*;
[0m[0;32m[2026-09-16 13:22:12.943][INFO] Config | classes user      : ./standalone/t3d/Source;T3D.*;T3DSolidEditor.*;T3DSolidEditor;T3DTesting;GTC.*;ISO_Tool.*;ISOChecker.*;
[0m[0;32m[2026-09-16 13:22:12.943][INFO] Config | classes user      : ./cclasses/Source/FeatureModeler;*;
[0m[0;32m[2026-09-16 13:22:13.410][VERB] libSMLibService.dylib is loaded
[0m[0;32m[2026-09-16 13:22:13.412][VERB] libSMLibExpressService.dylib is loaded
[0m[0;32m[2026-09-16 13:22:13.413][VERB] libBrepSimplificationService.dylib is loaded
[0m[0;32m[2026-09-16 13:22:13.415][VERB] libECXMLService.dylib is loaded
[0m[0;32m[2026-09-16 13:22:13.415][VERB] libJWTService.dylib is loaded
[0m[0;32m[2026-09-16 13:22:13.416][VERB] libGenericService.dylib is loaded
[0m[0;32m[2026-09-16 13:22:13.417][VERB] libLGSService.dylib is loaded
[0m[0;32m[2026-09-16 13:22:13.419][VERB] libLGS3DService.dylib is loaded
[0m[0;32m[2026-09-16 13:22:13.422][VERB] libIDEConnectionService.dylib is loaded
[0m[2026-09-16 13:22:13] [info] asio listen error: system:48 (Address already in use)
[0;32m[2026-09-16 13:22:13.422][VERB] libRapidXmlService.dylib is loaded
[0m[0;32m[2026-09-16 13:22:13.422][VERB] libNetworkService.dylib is loaded
[0m[0;32m[2026-09-16 13:22:13.423][VERB] libTestService.dylib is loaded
[0m[0;31m[2026-09-16 13:22:13.424][ERROR] The Service-DLL DxfService could not be loaded.
ErrorCode: dlopen(DxfServiced.dylib, 0x0001): tried: 'DxfServiced.dylib' (no such file), '/System/Volumes/Preboot/Cryptexes/OSDxfServiced.dylib' (no such file), '/Users/dev/dev/awv/classcad/runtime/output/arm64-osx-clang/release/DxfServiced.dylib' (no such file), '/Users/dev/dev/awv/classcad/runtime/output/arm64-osx-clang/release/DxfServiced.dylib' (no such file), '/usr/lib/DxfServiced.dylib' (no such file, not in dyld cache), 'DxfServiced.dylib' (no such file)
The service functions of this DLL are therefore not available.
[0m[0;32m[2026-09-16 13:22:13.424][VERB] libCryptoRtService.dylib is loaded
[0m[0;31m[2026-09-16 13:22:13.425][ERROR] The Service-DLL CryptoDevService could not be loaded.
ErrorCode: dlopen(CryptoDevServiced.dylib, 0x0001): tried: 'CryptoDevServiced.dylib' (no such file), '/System/Volumes/Preboot/Cryptexes/OSCryptoDevServiced.dylib' (no such file), '/Users/dev/dev/awv/classcad/runtime/output/arm64-osx-clang/release/CryptoDevServiced.dylib' (no such file), '/Users/dev/dev/awv/classcad/runtime/output/arm64-osx-clang/release/CryptoDevServiced.dylib' (no such file), '/usr/lib/CryptoDevServiced.dylib' (no such file, not in dyld cache), 'CryptoDevServiced.dylib' (no such file)
The service functions of this DLL are therefore not available.
[0m[0;33m[2026-09-16 13:22:13.437][WARN] Path does not exist '/Users/dev/dev/awv/classcad/standalone/t3d/Source'. It is defined for class path 't3d'.
[0m[0;32m[2026-09-16 13:22:13.437][INFO] Load classes for 'system' from '/Users/dev/dev/awv/classcad/cclasses/Source'
[0m[0;32m[2026-09-16 13:22:13.561][INFO] Load classes for 'tests' from '/Users/dev/dev/awv/classcad/cclasses/Source/Tests'
[0m[0;32m[2026-09-16 13:22:13.641][INFO] Load classes for 't3d' from '/Users/dev/dev/awv/classcad/standalone/t3d/Source'
[0m[0;33m[2026-09-16 13:22:13.641][WARN] Tried to load from invalid class path 't3d'
[0m[0;32m[2026-09-16 13:22:13.641][INFO] Load classes for 'fm' from '/Users/dev/dev/awv/classcad/cclasses/Source/FeatureModeler'
[0m[0;32m[2026-09-16 13:22:13.655][VERB] 0x7cdd037180 Create Zeichnung
[0m[0;32m[2026-09-16 13:22:13.655][VERB] 0x7cdd037180 SetZeichnung
[0m[0;32m[2026-09-16 13:22:13.656][VERB] Grundklasse::InitApplication was successful.
[0m[0;32m[2026-09-16 13:22:13.656][VERB] [info] Initializing BaseModelerApp
[0m[0;32m[2026-09-16 13:22:13.656][VERB] Change application string/text encoding to UTF-8
[0m[0;32m[2026-09-16 13:22:13.656][VERB] [info] Developer mode is active
[0m[0;32m[2026-09-16 13:22:13.656][VERB] [info] Initializing BuerliDemoApp
[0m[0;32m[2026-09-16 13:22:13.656][VERB] API v0/common already registered!
[0m[0;32m[2026-09-16 13:22:13.656][VERB] API v0/basemodeler already registered!
[0m[0;32m[2026-09-16 13:22:13.657][VERB] Registered API's:
[0m[0;32m[2026-09-16 13:22:13.657][VERB]   v0
[0m[0;32m[2026-09-16 13:22:13.657][VERB]     assemblybuilder
[0m[0;32m[2026-09-16 13:22:13.657][VERB]     basemodeler
[0m[0;32m[2026-09-16 13:22:13.657][VERB]     common
[0m[0;32m[2026-09-16 13:22:13.657][VERB]     developer
[0m[0;32m[2026-09-16 13:22:13.657][VERB]     drawing2d
[0m[0;32m[2026-09-16 13:22:13.657][VERB]     feature
[0m[0;32m[2026-09-16 13:22:13.657][VERB]     geometry
[0m[0;32m[2026-09-16 13:22:13.657][VERB]     geometryformatconverter
[0m[0;32m[2026-09-16 13:22:13.657][VERB]     network
[0m[0;32m[2026-09-16 13:22:13.657][VERB]     sketcher
[0m[0;32m[2026-09-16 13:22:13.657][VERB]     solid
[0m[0;32m[2026-09-16 13:22:13.657][VERB]     tooling
[0m[0;32m[2026-09-16 13:22:13.657][VERB]   v1
[0m[0;32m[2026-09-16 13:22:13.657][VERB]     assembly
[0m[0;32m[2026-09-16 13:22:13.657][VERB]     brep
[0m[0;32m[2026-09-16 13:22:13.657][VERB]     common
[0m[0;32m[2026-09-16 13:22:13.657][VERB]     curve
[0m[0;32m[2026-09-16 13:22:13.657][VERB]     drawing2d
[0m[0;32m[2026-09-16 13:22:13.657][VERB]     part
[0m[0;32m[2026-09-16 13:22:13.657][VERB]     script
[0m[0;32m[2026-09-16 13:22:13.657][VERB]     sketch
[0m[0;32m[2026-09-16 13:22:13.657][VERB]     solid
[0m[0;32m[2026-09-16 13:22:13.657][VERB]     utils
[0m[0;32m[2026-09-16 13:22:13.658][VERB] 0x7cdd037900 Create Zeichnung
[0m[0;32m[2026-09-16 13:22:13.658][VERB] 0x7cdd037900 SetZeichnung
[0m[0;32m[2026-09-16 13:22:13.658][INFO] WorkerCommandCompletion: 824 completion candidates built
[0m[0;32m[2026-09-16 13:22:13.658][INFO] Server start listen on 0.0.0.0:19094 for http and ws connections
[0m[0;32m[2026-09-16 13:22:13.658][INFO] Server start listen on 0.0.0.0:19095 for https and wss connections
[0m[0;32m[2026-09-16 13:22:14.661][INFO] Worker is ready
[0m

[0;32m[2026-09-16 13:22:16.029][INFO] GET /
[0m[0;32m[2026-09-16 13:22:16.029][VERB] 0x7cdd037a80 Create Zeichnung
[0m[0;32m[2026-09-16 13:22:16.029][INFO] WS handleNewConnection: created main session="fdb31aa7-c5e7-437c-b1cf-9c4787a5ce87"
[0m[0;32m[2026-09-16 13:22:16.031][INFO] GET /
[0m[0;32m[2026-09-16 13:22:16.031][VERB] 0x7cdd037c00 Create Zeichnung
[0m[0;32m[2026-09-16 13:22:16.031][INFO] WS handleNewConnection: created main session="f2e3045c-a6cd-4ed9-80c0-0ceae21f9b24"
[0m[0;32m[2026-09-16 13:22:16.035][VERB] 0x7cdd037c00 SetZeichnung
[0m[0;32m[2026-09-16 13:22:16.035][VERB] COMMANDCALL: _C.SafeAPI.Execute(["v1.part.create",[{"name":"Base"}]])
[0m[0;32m[2026-09-16 13:22:16.048][VERB] RETURN: {"result":"$4"}
[0m[0;32m[2026-09-16 13:22:16.056][VERB] COMMANDCALL: _C.SafeAPI.Execute(["v1.part.expression",[{"toCreate":[{"value":23.8,"name":"seam"},{"value":3,"name":"rear_roof_raise"},{"value":4,"name":"pocket_corner_blend_r"},{"value":4.5,"name":"rear_pillar_envelope_r"},{"value":1.3,"name":"skin_growth"},{"value":1.67,"name":"outer_chamfer"} ...
[0m[0;32m[2026-09-16 13:22:16.084][VERB] RETURN: {"result":1}
[0m[0;32m[2026-09-16 13:22:16.084][VERB] COMMANDCALL: _C.SafeAPI.Execute(["v1.part.getWorkGeometry",[{"name":"XAxis","id":4}]])
[0m[0;32m[2026-09-16 13:22:16.085][VERB] RETURN: {"result":"$26"}
[0m[0;32m[2026-09-16 13:22:16.085][VERB] COMMANDCALL: _C.SafeAPI.Execute(["v1.part.getWorkGeometry",[{"name":"YAxis","id":4}]])
[0m[0;32m[2026-09-16 13:22:16.085][VERB] RETURN: {"result":"$30"}
[0m[0;32m[2026-09-16 13:22:16.085][VERB] COMMANDCALL: _C.SafeAPI.Execute(["v1.part.getWorkGeometry",[{"name":"ZAxis","id":4}]])
[0m[0;32m[2026-09-16 13:22:16.086][VERB] RETURN: {"result":"$34"}
[0m[0;32m[2026-09-16 13:22:16.086][VERB] COMMANDCALL: _C.SafeAPI.Execute(["v1.part.getWorkGeometry",[{"name":"Top","id":4}]])
[0m[0;32m[2026-09-16 13:22:16.086][VERB] RETURN: {"result":"$38"}
[0m[0;32m[2026-09-16 13:22:16.086][VERB] COMMANDCALL: _C.SafeAPI.Execute(["v1.part.getWorkGeometry",[{"name":"Front","id":4}]])
[0m[0;32m[2026-09-16 13:22:16.087][VERB] RETURN: {"result":"$42"}
[0m[0;32m[2026-09-16 13:22:16.087][VERB] COMMANDCALL: _C.SafeAPI.Execute(["v1.part.getWorkGeometry",[{"name":"Right","id":4}]])
[0m[0;32m[2026-09-16 13:22:16.087][VERB] RETURN: {"result":"$46"}
[0m[0;32m[2026-09-16 13:22:16.087][VERB] COMMANDCALL: _C.SafeAPI.Execute(["v1.part.workPlane",[{"type":"PLANE","references":[38],"name":"F3_makeBox_cad_primitives_py_8_plane","offset":"@expr.d4_plane_offset","id":4}]])
[0m[0;32m[2026-09-16 13:22:16.092][VERB] RETURN: {"result":"$56"}
[0m[0;32m[2026-09-16 13:22:16.092][VERB] COMMANDCALL: _C.SafeAPI.Execute(["v1.sketch.create",[{"planeId":56,"name":"F3_makeBox_cad_primitives_py_8_profile","id":4}]])
[0m[0;32m[2026-09-16 13:22:16.095][VERB] RETURN: {"result":"$62"}
[0m[0;32m[2026-09-16 13:22:16.095][VERB] COMMANDCALL: _C.SafeAPI.Execute(["v1.sketch.rectangle",[{"startPos":[1.4,-1.3,0],"id":62,"genFixation":0,"endPos":[52.4,27.3,0]}]])
[0m[0;32m[2026-09-16 13:22:16.103][VERB] RETURN: {"result":["$68","$72","$78","$84"]}
[0m[0;32m[2026-09-16 13:22:16.103][VERB] COMMANDCALL: _C.SafeAPI.Execute(["v1.sketch.getPoints",[{"id":68}]])
[0m[0;32m[2026-09-16 13:22:16.103][VERB] RETURN: {"result":{"endId":"$70","startId":"$69"}}
[0m[0;32m[2026-09-16 13:22:16.104][VERB] COMMANDCALL: _C.SafeAPI.Execute(["v1.sketch.point",[{"pos":[-1000,-1000,0],"id":62}]])
[0m[0;32m[2026-09-16 13:22:16.106][VERB] RETURN: {"result":"$100"}
[0m[0;32m[2026-09-16 13:22:16.106][VERB] COMMANDCALL: _C.SafeAPI.Execute(["v1.sketch.constraint",[{"type":"FIXATION","id":62,"geomIds":[100]}]])
[0m[0;32m[2026-09-16 13:22:16.108][VERB] RETURN: {"result":"$102"}
[0m[0;32m[2026-09-16 13:22:16.108][VERB] COMMANDCALL: _C.SafeAPI.Execute(["v1.sketch.dimension",[{"type":"HORIZONTAL_DISTANCE","value":"@expr.d5_position_x","name":"position_x","id":62,"geomIds":[100,69]}]])
[0m[0;32m[2026-09-16 13:22:16.116][VERB] RETURN: {"result":"$106"}
[0m[0;32m[2026-09-16 13:22:16.117][VERB] COMMANDCALL: _C.SafeAPI.Execute(["v1.sketch.dimension",[{"type":"VERTICAL_DISTANCE","value":"@expr.d6_position_y","name":"position_y","id":62,"geomIds":[100,69]}]])
[0m[0;32m[2026-09-16 13:22:16.123][VERB] RETURN: {"result":"$110"}
[0m[0;32m[2026-09-16 13:22:16.123][VERB] COMMANDCALL: _C.SafeAPI.Execute(["v1.sketch.dimension",[{"type":"OFFSET","value":"@expr.d7_width","name":"width","id":62,"geomIds":[68]}]])
[0m[0;32m[2026-09-16 13:22:16.129][VERB] RETURN: {"result":"$114"}
[0m[0;32m[2026-09-16 13:22:16.129][VERB] COMMANDCALL: _C.SafeAPI.Execute(["v1.sketch.dimension",[{"type":"OFFSET","value":"@expr.d8_depth","name":"depth","id":62,"geomIds":[72]}]])
[0m[0;32m[2026-09-16 13:22:16.137][VERB] RETURN: {"result":"$118"}
[0m[0;32m[2026-09-16 13:22:16.139][VERB] COMMANDCALL: _C.SafeAPI.Execute(["v1.part.extrusion",[{"references":[68,72,78,84],"name":"F3_makeBox_cad_primitives_py_8","taperAngle":0,"limit2":"@expr.d9_height","id":4}]])
[0m[0;32m[2026-09-16 13:22:16.146][VERB] RETURN: {"result":"$122"}
[0m[0;32m[2026-09-16 13:22:16.146][VERB] COMMANDCALL: _C.SafeAPI.Execute(["v1.part.workPlane",[{"type":"PLANE","references":[38],"name":"F10_makeBox_cad_primitives_py_8_plane","offset":"@expr.d11_plane_offset","id":4}]])
[0m[0;32m[2026-09-16 13:22:16.149][VERB] RETURN: {"result":"$165"}
[0m[0;32m[2026-09-16 13:22:16.149][VERB] COMMANDCALL: _C.SafeAPI.Execute(["v1.sketch.create",[{"planeId":165,"name":"F10_makeBox_cad_primitives_py_8_profile","id":4}]])
[0m[0;32m[2026-09-16 13:22:16.151][VERB] RETURN: {"result":"$171"}
[0m[0;32m[2026-09-16 13:22:16.152][VERB] COMMANDCALL: _C.SafeAPI.Execute(["v1.sketch.rectangle",[{"startPos":[-1.3,1.4,0],"id":171,"genFixation":0,"endPos":[55.1,24.6,0]}]])
[0m[0;32m[2026-09-16 13:22:16.158][VERB] RETURN: {"result":["$177","$181","$187","$193"]}
[0m[0;32m[2026-09-16 13:22:16.158][VERB] COMMANDCALL: _C.SafeAPI.Execute(["v1.sketch.getPoints",[{"id":177}]])
[0m[0;32m[2026-09-16 13:22:16.158][VERB] RETURN: {"result":{"endId":"$179","startId":"$178"}}
[0m[0;32m[2026-09-16 13:22:16.158][VERB] COMMANDCALL: _C.SafeAPI.Execute(["v1.sketch.point",[{"pos":[-1000,-1000,0],"id":171}]])
[0m[0;32m[2026-09-16 13:22:16.160][VERB] RETURN: {"result":"$209"}
[0m[0;32m[2026-09-16 13:22:16.160][VERB] COMMANDCALL: _C.SafeAPI.Execute(["v1.sketch.constraint",[{"type":"FIXATION","id":171,"geomIds":[209]}]])
[0m[0;32m[2026-09-16 13:22:16.162][VERB] RETURN: {"result":"$211"}
[0m[0;32m[2026-09-16 13:22:16.162][VERB] COMMANDCALL: _C.SafeAPI.Execute(["v1.sketch.dimension",[{"type":"HORIZONTAL_DISTANCE","value":"@expr.d12_position_x","name":"position_x","id":171,"geomIds":[209,178]}]])
[0m[0;32m[2026-09-16 13:22:16.167][VERB] RETURN: {"result":"$215"}
[0m[0;32m[2026-09-16 13:22:16.167][VERB] COMMANDCALL: _C.SafeAPI.Execute(["v1.sketch.dimension",[{"type":"VERTICAL_DISTANCE","value":"@expr.d13_position_y","name":"position_y","id":171,"geomIds":[209,178]}]])
[0m[0;32m[2026-09-16 13:22:16.173][VERB] RETURN: {"result":"$219"}
[0m[0;32m[2026-09-16 13:22:16.173][VERB] COMMANDCALL: _C.SafeAPI.Execute(["v1.sketch.dimension",[{"type":"OFFSET","value":"@expr.d14_width","name":"width","id":171,"geomIds":[177]}]])
[0m[0;32m[2026-09-16 13:22:16.180][VERB] RETURN: {"result":"$223"}
[0m[0;32m[2026-09-16 13:22:16.180][VERB] COMMANDCALL: _C.SafeAPI.Execute(["v1.sketch.dimension",[{"type":"OFFSET","value":"@expr.d15_depth","name":"depth","id":171,"geomIds":[181]}]])
[0m[0;32m[2026-09-16 13:22:16.187][VERB] RETURN: {"result":"$227"}
[0m[0;32m[2026-09-16 13:22:16.187][VERB] COMMANDCALL: _C.SafeAPI.Execute(["v1.part.extrusion",[{"references":[177,181,187,193],"name":"F10_makeBox_cad_primitives_py_8","taperAngle":0,"limit2":"@expr.d16_height","id":4}]])
[0m[0;32m[2026-09-16 13:22:16.191][VERB] RETURN: {"result":"$231"}
[0m[0;32m[2026-09-16 13:22:16.192][VERB] COMMANDCALL: _C.SafeAPI.Execute(["v1.part.workPlane",[{"type":"PLANE","references":[38],"name":"F17_makeCylinder_cad_primitives_py_12_plane","offset":"@expr.d18_plane_offset","id":4}]])
[0m[0;32m[2026-09-16 13:22:16.195][VERB] RETURN: {"result":"$274"}
[0m[0;32m[2026-09-16 13:22:16.195][VERB] COMMANDCALL: _C.SafeAPI.Execute(["v1.sketch.create",[{"planeId":274,"name":"F17_makeCylinder_cad_primitives_py_12_profile","id":4}]])
[0m[0;32m[2026-09-16 13:22:16.197][VERB] RETURN: {"result":"$280"}
[0m[0;32m[2026-09-16 13:22:16.197][VERB] COMMANDCALL: _C.SafeAPI.Execute(["v1.sketch.circle",[{"radius":2.7,"id":280,"genFixation":0,"centerPos":[1.4,1.4,0]}]])
[0m[0;32m[2026-09-16 13:22:16.198][VERB] RETURN: {"result":"$286"}
[0m[0;32m[2026-09-16 13:22:16.198][VERB] COMMANDCALL: _C.SafeAPI.Execute(["v1.sketch.getPoints",[{"id":286}]])
[0m[0;32m[2026-09-16 13:22:16.199][VERB] RETURN: {"result":{"centerId":"$287"}}
[0m[0;32m[2026-09-16 13:22:16.199][VERB] COMMANDCALL: _C.SafeAPI.Execute(["v1.sketch.point",[{"pos":[-1000,-1000,0],"id":280}]])
[0m[0;32m[2026-09-16 13:22:16.200][VERB] RETURN: {"result":"$289"}
[0m[0;32m[2026-09-16 13:22:16.200][VERB] COMMANDCALL: _C.SafeAPI.Execute(["v1.sketch.constraint",[{"type":"FIXATION","id":280,"geomIds":[289]}]])
[0m[0;32m[2026-09-16 13:22:16.201][VERB] RETURN: {"result":"$291"}
[0m[0;32m[2026-09-16 13:22:16.201][VERB] COMMANDCALL: _C.SafeAPI.Execute(["v1.sketch.dimension",[{"type":"HORIZONTAL_DISTANCE","value":"@expr.d19_position_x","name":"position_x","id":280,"geomIds":[289,287]}]])
[0m[0;32m[2026-09-16 13:22:16.205][VERB] RETURN: {"result":"$295"}
[0m[0;32m[2026-09-16 13:22:16.205][VERB] COMMANDCALL: _C.SafeAPI.Execute(["v1.sketch.dimension",[{"type":"VERTICAL_DISTANCE","value":"@expr.d20_position_y","name":"position_y","id":280,"geomIds":[289,287]}]])
[0m[0;32m[2026-09-16 13:22:16.210][VERB] RETURN: {"result":"$299"}
[0m[0;32m[2026-09-16 13:22:16.210][VERB] COMMANDCALL: _C.SafeAPI.Execute(["v1.sketch.dimension",[{"type":"RADIUS","value":"@expr.d21_radius","name":"radius","id":280,"geomIds":[286]}]])
[0m[0;32m[2026-09-16 13:22:16.215][VERB] RETURN: {"result":"$303"}
[0m[0;32m[2026-09-16 13:22:16.215][VERB] COMMANDCALL: _C.SafeAPI.Execute(["v1.part.extrusion",[{"references":[286],"name":"F17_makeCylinder_cad_primitives_py_12","taperAngle":0,"limit2":"@expr.d22_height","id":4}]])
[0m[0;32m[2026-09-16 13:22:16.221][VERB] RETURN: {"result":"$307"}
[0m[0;32m[2026-09-16 13:22:16.221][VERB] COMMANDCALL: _C.SafeAPI.Execute(["v1.part.workPlane",[{"type":"PLANE","references":[38],"name":"F23_makeCylinder_cad_primitives_py_12_plane","offset":"@expr.d24_plane_offset","id":4}]])
[0m[0;32m[2026-09-16 13:22:16.224][VERB] RETURN: {"result":"$329"}
[0m[0;32m[2026-09-16 13:22:16.224][VERB] COMMANDCALL: _C.SafeAPI.Execute(["v1.sketch.create",[{"planeId":329,"name":"F23_makeCylinder_cad_primitives_py_12_profile","id":4}]])
[0m[0;32m[2026-09-16 13:22:16.226][VERB] RETURN: {"result":"$335"}
[0m[0;32m[2026-09-16 13:22:16.226][VERB] COMMANDCALL: _C.SafeAPI.Execute(["v1.sketch.circle",[{"radius":2.7,"id":335,"genFixation":0,"centerPos":[1.4,24.6,0]}]])
[0m[0;32m[2026-09-16 13:22:16.227][VERB] RETURN: {"result":"$341"}
[0m[0;32m[2026-09-16 13:22:16.228][VERB] COMMANDCALL: _C.SafeAPI.Execute(["v1.sketch.getPoints",[{"id":341}]])
[0m[0;32m[2026-09-16 13:22:16.228][VERB] RETURN: {"result":{"centerId":"$342"}}
[0m[0;32m[2026-09-16 13:22:16.228][VERB] COMMANDCALL: _C.SafeAPI.Execute(["v1.sketch.point",[{"pos":[-1000,-1000,0],"id":335}]])
[0m[0;32m[2026-09-16 13:22:16.229][VERB] RETURN: {"result":"$344"}
[0m[0;32m[2026-09-16 13:22:16.229][VERB] COMMANDCALL: _C.SafeAPI.Execute(["v1.sketch.constraint",[{"type":"FIXATION","id":335,"geomIds":[344]}]])
[0m[0;32m[2026-09-16 13:22:16.230][VERB] RETURN: {"result":"$346"}
[0m[0;32m[2026-09-16 13:22:16.230][VERB] COMMANDCALL: _C.SafeAPI.Execute(["v1.sketch.dimension",[{"type":"HORIZONTAL_DISTANCE","value":"@expr.d25_position_x","name":"position_x","id":335,"geomIds":[344,342]}]])
[0m[0;32m[2026-09-16 13:22:16.234][VERB] RETURN: {"result":"$350"}
[0m[0;32m[2026-09-16 13:22:16.234][VERB] COMMANDCALL: _C.SafeAPI.Execute(["v1.sketch.dimension",[{"type":"VERTICAL_DISTANCE","value":"@expr.d26_position_y","name":"position_y","id":335,"geomIds":[344,342]}]])
[0m[0;32m[2026-09-16 13:22:16.239][VERB] RETURN: {"result":"$354"}
[0m[0;32m[2026-09-16 13:22:16.239][VERB] COMMANDCALL: _C.SafeAPI.Execute(["v1.sketch.dimension",[{"type":"RADIUS","value":"@expr.d27_radius","name":"radius","id":335,"geomIds":[341]}]])
[0m[0;32m[2026-09-16 13:22:16.244][VERB] RETURN: {"result":"$358"}
[0m[0;32m[2026-09-16 13:22:16.244][VERB] COMMANDCALL: _C.SafeAPI.Execute(["v1.part.extrusion",[{"references":[341],"name":"F23_makeCylinder_cad_primitives_py_12","taperAngle":0,"limit2":"@expr.d28_height","id":4}]])
[0m[0;32m[2026-09-16 13:22:16.249][VERB] RETURN: {"result":"$362"}
[0m[0;32m[2026-09-16 13:22:16.249][VERB] COMMANDCALL: _C.SafeAPI.Execute(["v1.part.workPlane",[{"type":"PLANE","references":[38],"name":"F29_makeCylinder_cad_primitives_py_12_plane","offset":"@expr.d30_plane_offset","id":4}]])
[0m[0;32m[2026-09-16 13:22:16.252][VERB] RETURN: {"result":"$384"}
[0m[0;32m[2026-09-16 13:22:16.252][VERB] COMMANDCALL: _C.SafeAPI.Execute(["v1.sketch.create",[{"planeId":384,"name":"F29_makeCylinder_cad_primitives_py_12_profile","id":4}]])
[0m[0;32m[2026-09-16 13:22:16.254][VERB] RETURN: {"result":"$390"}
[0m[0;32m[2026-09-16 13:22:16.255][VERB] COMMANDCALL: _C.SafeAPI.Execute(["v1.sketch.circle",[{"radius":2.7,"id":390,"genFixation":0,"centerPos":[52.4,1.4,0]}]])
[0m[0;32m[2026-09-16 13:22:16.256][VERB] RETURN: {"result":"$396"}
[0m[0;32m[2026-09-16 13:22:16.256][VERB] COMMANDCALL: _C.SafeAPI.Execute(["v1.sketch.getPoints",[{"id":396}]])
[0m[0;32m[2026-09-16 13:22:16.256][VERB] RETURN: {"result":{"centerId":"$397"}}
[0m[0;32m[2026-09-16 13:22:16.256][VERB] COMMANDCALL: _C.SafeAPI.Execute(["v1.sketch.point",[{"pos":[-1000,-1000,0],"id":390}]])
[0m[0;32m[2026-09-16 13:22:16.257][VERB] RETURN: {"result":"$399"}
[0m[0;32m[2026-09-16 13:22:16.257][VERB] COMMANDCALL: _C.SafeAPI.Execute(["v1.sketch.constraint",[{"type":"FIXATION","id":390,"geomIds":[399]}]])
[0m[0;32m[2026-09-16 13:22:16.258][VERB] RETURN: {"result":"$401"}
[0m[0;32m[2026-09-16 13:22:16.258][VERB] COMMANDCALL: _C.SafeAPI.Execute(["v1.sketch.dimension",[{"type":"HORIZONTAL_DISTANCE","value":"@expr.d31_position_x","name":"position_x","id":390,"geomIds":[399,397]}]])
[0m[0;32m[2026-09-16 13:22:16.262][VERB] RETURN: {"result":"$405"}
[0m[0;32m[2026-09-16 13:22:16.263][VERB] COMMANDCALL: _C.SafeAPI.Execute(["v1.sketch.dimension",[{"type":"VERTICAL_DISTANCE","value":"@expr.d32_position_y","name":"position_y","id":390,"geomIds":[399,397]}]])
[0m[0;32m[2026-09-16 13:22:16.267][VERB] RETURN: {"result":"$409"}
[0m[0;32m[2026-09-16 13:22:16.267][VERB] COMMANDCALL: _C.SafeAPI.Execute(["v1.sketch.dimension",[{"type":"RADIUS","value":"@expr.d33_radius","name":"radius","id":390,"geomIds":[396]}]])
[0m[0;32m[2026-09-16 13:22:16.272][VERB] RETURN: {"result":"$413"}
[0m[0;32m[2026-09-16 13:22:16.272][VERB] COMMANDCALL: _C.SafeAPI.Execute(["v1.part.extrusion",[{"references":[396],"name":"F29_makeCylinder_cad_primitives_py_12","taperAngle":0,"limit2":"@expr.d34_height","id":4}]])
[0m[0;32m[2026-09-16 13:22:16.277][VERB] RETURN: {"result":"$417"}
[0m[0;32m[2026-09-16 13:22:16.277][VERB] COMMANDCALL: _C.SafeAPI.Execute(["v1.part.workPlane",[{"type":"PLANE","references":[38],"name":"F35_makeCylinder_cad_primitives_py_12_plane","offset":"@expr.d36_plane_offset","id":4}]])
[0m[0;32m[2026-09-16 13:22:16.280][VERB] RETURN: {"result":"$439"}
[0m[0;32m[2026-09-16 13:22:16.280][VERB] COMMANDCALL: _C.SafeAPI.Execute(["v1.sketch.create",[{"planeId":439,"name":"F35_makeCylinder_cad_primitives_py_12_profile","id":4}]])
[0m[0;32m[2026-09-16 13:22:16.282][VERB] RETURN: {"result":"$445"}
[0m[0;32m[2026-09-16 13:22:16.282][VERB] COMMANDCALL: _C.SafeAPI.Execute(["v1.sketch.circle",[{"radius":2.7,"id":445,"genFixation":0,"centerPos":[52.4,24.6,0]}]])
[0m[0;32m[2026-09-16 13:22:16.284][VERB] RETURN: {"result":"$451"}
[0m[0;32m[2026-09-16 13:22:16.284][VERB] COMMANDCALL: _C.SafeAPI.Execute(["v1.sketch.getPoints",[{"id":451}]])
[0m[0;32m[2026-09-16 13:22:16.284][VERB] RETURN: {"result":{"centerId":"$452"}}
[0m[0;32m[2026-09-16 13:22:16.284][VERB] COMMANDCALL: _C.SafeAPI.Execute(["v1.sketch.point",[{"pos":[-1000,-1000,0],"id":445}]])
[0m[0;32m[2026-09-16 13:22:16.285][VERB] RETURN: {"result":"$454"}
[0m[0;32m[2026-09-16 13:22:16.285][VERB] COMMANDCALL: _C.SafeAPI.Execute(["v1.sketch.constraint",[{"type":"FIXATION","id":445,"geomIds":[454]}]])
[0m[0;32m[2026-09-16 13:22:16.286][VERB] RETURN: {"result":"$456"}
[0m[0;32m[2026-09-16 13:22:16.286][VERB] COMMANDCALL: _C.SafeAPI.Execute(["v1.sketch.dimension",[{"type":"HORIZONTAL_DISTANCE","value":"@expr.d37_position_x","name":"position_x","id":445,"geomIds":[454,452]}]])
[0m[0;32m[2026-09-16 13:22:16.290][VERB] RETURN: {"result":"$460"}
[0m[0;32m[2026-09-16 13:22:16.290][VERB] COMMANDCALL: _C.SafeAPI.Execute(["v1.sketch.dimension",[{"type":"VERTICAL_DISTANCE","value":"@expr.d38_position_y","name":"position_y","id":445,"geomIds":[454,452]}]])
[0m[0;32m[2026-09-16 13:22:16.295][VERB] RETURN: {"result":"$464"}
[0m[0;32m[2026-09-16 13:22:16.295][VERB] COMMANDCALL: _C.SafeAPI.Execute(["v1.sketch.dimension",[{"type":"RADIUS","value":"@expr.d39_radius","name":"radius","id":445,"geomIds":[451]}]])
[0m[0;32m[2026-09-16 13:22:16.300][VERB] RETURN: {"result":"$468"}
[0m[0;32m[2026-09-16 13:22:16.300][VERB] COMMANDCALL: _C.SafeAPI.Execute(["v1.part.extrusion",[{"references":[451],"name":"F35_makeCylinder_cad_primitives_py_12","taperAngle":0,"limit2":"@expr.d40_height","id":4}]])
[0m[0;32m[2026-09-16 13:22:16.305][VERB] RETURN: {"result":"$472"}
[0m[0;32m[2026-09-16 13:22:16.305][VERB] COMMANDCALL: _C.SafeAPI.Execute(["v1.part.workPlane",[{"type":"PLANE","references":[38],"name":"F41_makeBox_cad_primitives_py_8_plane","offset":"@expr.d42_plane_offset","id":4}]])
[0m[0;32m[2026-09-16 13:22:16.308][VERB] RETURN: {"result":"$494"}
[0m[0;32m[2026-09-16 13:22:16.308][VERB] COMMANDCALL: _C.SafeAPI.Execute(["v1.sketch.create",[{"planeId":494,"name":"F41_makeBox_cad_primitives_py_8_profile","id":4}]])
[0m[0;32m[2026-09-16 13:22:16.310][VERB] RETURN: {"result":"$500"}
[0m[0;32m[2026-09-16 13:22:16.310][VERB] COMMANDCALL: _C.SafeAPI.Execute(["v1.sketch.rectangle",[{"startPos":[1.4,20.1,0],"id":500,"genFixation":0,"endPos":[56.4,65.9,0]}]])
[0m[0;32m[2026-09-16 13:22:16.316][VERB] RETURN: {"result":["$506","$510","$516","$522"]}
[0m[0;32m[2026-09-16 13:22:16.317][VERB] COMMANDCALL: _C.SafeAPI.Execute(["v1.sketch.getPoints",[{"id":506}]])
[0m[0;32m[2026-09-16 13:22:16.317][VERB] RETURN: {"result":{"endId":"$508","startId":"$507"}}
[0m[0;32m[2026-09-16 13:22:16.317][VERB] COMMANDCALL: _C.SafeAPI.Execute(["v1.sketch.point",[{"pos":[-1000,-1000,0],"id":500}]])
[0m[0;32m[2026-09-16 13:22:16.319][VERB] RETURN: {"result":"$538"}
[0m[0;32m[2026-09-16 13:22:16.319][VERB] COMMANDCALL: _C.SafeAPI.Execute(["v1.sketch.constraint",[{"type":"FIXATION","id":500,"geomIds":[538]}]])
[0m[0;32m[2026-09-16 13:22:16.320][VERB] RETURN: {"result":"$540"}
[0m[0;32m[2026-09-16 13:22:16.320][VERB] COMMANDCALL: _C.SafeAPI.Execute(["v1.sketch.dimension",[{"type":"HORIZONTAL_DISTANCE","value":"@expr.d43_position_x","name":"position_x","id":500,"geomIds":[538,507]}]])
[0m[0;32m[2026-09-16 13:22:16.325][VERB] RETURN: {"result":"$544"}
[0m[0;32m[2026-09-16 13:22:16.326][VERB] COMMANDCALL: _C.SafeAPI.Execute(["v1.sketch.dimension",[{"type":"VERTICAL_DISTANCE","value":"@expr.d44_position_y","name":"position_y","id":500,"geomIds":[538,507]}]])
[0m[0;32m[2026-09-16 13:22:16.331][VERB] RETURN: {"result":"$548"}
[0m[0;32m[2026-09-16 13:22:16.332][VERB] COMMANDCALL: _C.SafeAPI.Execute(["v1.sketch.dimension",[{"type":"OFFSET","value":"@expr.d45_width","name":"width","id":500,"geomIds":[506]}]])
[0m[0;32m[2026-09-16 13:22:16.338][VERB] RETURN: {"result":"$552"}
[0m[0;32m[2026-09-16 13:22:16.338][VERB] COMMANDCALL: _C.SafeAPI.Execute(["v1.sketch.dimension",[{"type":"OFFSET","value":"@expr.d46_depth","name":"depth","id":500,"geomIds":[510]}]])
[0m[0;32m[2026-09-16 13:22:16.346][VERB] RETURN: {"result":"$556"}
[0m[0;32m[2026-09-16 13:22:16.346][VERB] COMMANDCALL: _C.SafeAPI.Execute(["v1.part.extrusion",[{"references":[506,510,516,522],"name":"F41_makeBox_cad_primitives_py_8","taperAngle":0,"limit2":"@expr.d47_height","id":4}]])
[0m[0;32m[2026-09-16 13:22:16.351][VERB] RETURN: {"result":"$560"}
[0m[0;32m[2026-09-16 13:22:16.351][VERB] COMMANDCALL: _C.SafeAPI.Execute(["v1.part.workPlane",[{"type":"PLANE","references":[38],"name":"F48_makeBox_cad_primitives_py_8_plane","offset":"@expr.d49_plane_offset","id":4}]])
[0m[0;32m[2026-09-16 13:22:16.354][VERB] RETURN: {"result":"$603"}
[0m[0;32m[2026-09-16 13:22:16.355][VERB] COMMANDCALL: _C.SafeAPI.Execute(["v1.sketch.create",[{"planeId":603,"name":"F48_makeBox_cad_primitives_py_8_profile","id":4}]])
[0m[0;32m[2026-09-16 13:22:16.357][VERB] RETURN: {"result":"$609"}
[0m[0;32m[2026-09-16 13:22:16.357][VERB] COMMANDCALL: _C.SafeAPI.Execute(["v1.sketch.rectangle",[{"startPos":[-1.3,22.8,0],"id":609,"genFixation":0,"endPos":[59.1,63.2,0]}]])
[0m[0;32m[2026-09-16 13:22:16.363][VERB] RETURN: {"result":["$615","$619","$625","$631"]}
[0m[0;32m[2026-09-16 13:22:16.363][VERB] COMMANDCALL: _C.SafeAPI.Execute(["v1.sketch.getPoints",[{"id":615}]])
[0m[0;32m[2026-09-16 13:22:16.363][VERB] RETURN: {"result":{"endId":"$617","startId":"$616"}}
[0m[0;32m[2026-09-16 13:22:16.364][VERB] COMMANDCALL: _C.SafeAPI.Execute(["v1.sketch.point",[{"pos":[-1000,-1000,0],"id":609}]])
[0m[0;32m[2026-09-16 13:22:16.365][VERB] RETURN: {"result":"$647"}
[0m[0;32m[2026-09-16 13:22:16.365][VERB] COMMANDCALL: _C.SafeAPI.Execute(["v1.sketch.constraint",[{"type":"FIXATION","id":609,"geomIds":[647]}]])
[0m[0;32m[2026-09-16 13:22:16.367][VERB] RETURN: {"result":"$649"}
[0m[0;32m[2026-09-16 13:22:16.367][VERB] COMMANDCALL: _C.SafeAPI.Execute(["v1.sketch.dimension",[{"type":"HORIZONTAL_DISTANCE","value":"@expr.d50_position_x","name":"position_x","id":609,"geomIds":[647,616]}]])
[0m[0;32m[2026-09-16 13:22:16.372][VERB] RETURN: {"result":"$653"}
[0m[0;32m[2026-09-16 13:22:16.372][VERB] COMMANDCALL: _C.SafeAPI.Execute(["v1.sketch.dimension",[{"type":"VERTICAL_DISTANCE","value":"@expr.d51_position_y","name":"position_y","id":609,"geomIds":[647,616]}]])
[0m[0;32m[2026-09-16 13:22:16.378][VERB] RETURN: {"result":"$657"}
[0m[0;32m[2026-09-16 13:22:16.378][VERB] COMMANDCALL: _C.SafeAPI.Execute(["v1.sketch.dimension",[{"type":"OFFSET","value":"@expr.d52_width","name":"width","id":609,"geomIds":[615]}]])
[0m[0;32m[2026-09-16 13:22:16.385][VERB] RETURN: {"result":"$661"}
[0m[0;32m[2026-09-16 13:22:16.385][VERB] COMMANDCALL: _C.SafeAPI.Execute(["v1.sketch.dimension",[{"type":"OFFSET","value":"@expr.d53_depth","name":"depth","id":609,"geomIds":[619]}]])
[0m[0;32m[2026-09-16 13:22:16.392][VERB] RETURN: {"result":"$665"}
[0m[0;32m[2026-09-16 13:22:16.393][VERB] COMMANDCALL: _C.SafeAPI.Execute(["v1.part.extrusion",[{"references":[615,619,625,631],"name":"F48_makeBox_cad_primitives_py_8","taperAngle":0,"limit2":"@expr.d54_height","id":4}]])
[0m[0;32m[2026-09-16 13:22:16.397][VERB] RETURN: {"result":"$669"}
[0m[0;32m[2026-09-16 13:22:16.397][VERB] COMMANDCALL: _C.SafeAPI.Execute(["v1.part.workPlane",[{"type":"PLANE","references":[38],"name":"F55_makeCylinder_cad_primitives_py_12_plane","offset":"@expr.d56_plane_offset","id":4}]])
[0m[0;32m[2026-09-16 13:22:16.401][VERB] RETURN: {"result":"$712"}
[0m[0;32m[2026-09-16 13:22:16.401][VERB] COMMANDCALL: _C.SafeAPI.Execute(["v1.sketch.create",[{"planeId":712,"name":"F55_makeCylinder_cad_primitives_py_12_profile","id":4}]])
[0m[0;32m[2026-09-16 13:22:16.403][VERB] RETURN: {"result":"$718"}
[0m[0;32m[2026-09-16 13:22:16.403][VERB] COMMANDCALL: _C.SafeAPI.Execute(["v1.sketch.circle",[{"radius":2.7,"id":718,"genFixation":0,"centerPos":[1.4,22.8,0]}]])
[0m[0;32m[2026-09-16 13:22:16.404][VERB] RETURN: {"result":"$724"}
[0m[0;32m[2026-09-16 13:22:16.404][VERB] COMMANDCALL: _C.SafeAPI.Execute(["v1.sketch.getPoints",[{"id":724}]])
[0m[0;32m[2026-09-16 13:22:16.404][VERB] RETURN: {"result":{"centerId":"$725"}}
[0m[0;32m[2026-09-16 13:22:16.405][VERB] COMMANDCALL: _C.SafeAPI.Execute(["v1.sketch.point",[{"pos":[-1000,-1000,0],"id":718}]])
[0m[0;32m[2026-09-16 13:22:16.405][VERB] RETURN: {"result":"$727"}
[0m[0;32m[2026-09-16 13:22:16.406][VERB] COMMANDCALL: _C.SafeAPI.Execute(["v1.sketch.constraint",[{"type":"FIXATION","id":718,"geomIds":[727]}]])
[0m[0;32m[2026-09-16 13:22:16.406][VERB] RETURN: {"result":"$729"}
[0m[0;32m[2026-09-16 13:22:16.407][VERB] COMMANDCALL: _C.SafeAPI.Execute(["v1.sketch.dimension",[{"type":"HORIZONTAL_DISTANCE","value":"@expr.d57_position_x","name":"position_x","id":718,"geomIds":[727,725]}]])
[0m[0;32m[2026-09-16 13:22:16.411][VERB] RETURN: {"result":"$733"}
[0m[0;32m[2026-09-16 13:22:16.411][VERB] COMMANDCALL: _C.SafeAPI.Execute(["v1.sketch.dimension",[{"type":"VERTICAL_DISTANCE","value":"@expr.d58_position_y","name":"position_y","id":718,"geomIds":[727,725]}]])
[0m[0;32m[2026-09-16 13:22:16.416][VERB] RETURN: {"result":"$737"}
[0m[0;32m[2026-09-16 13:22:16.416][VERB] COMMANDCALL: _C.SafeAPI.Execute(["v1.sketch.dimension",[{"type":"RADIUS","value":"@expr.d59_radius","name":"radius","id":718,"geomIds":[724]}]])
[0m[0;32m[2026-09-16 13:22:16.420][VERB] RETURN: {"result":"$741"}
[0m[0;32m[2026-09-16 13:22:16.421][VERB] COMMANDCALL: _C.SafeAPI.Execute(["v1.part.extrusion",[{"references":[724],"name":"F55_makeCylinder_cad_primitives_py_12","taperAngle":0,"limit2":"@expr.d60_height","id":4}]])
[0m[0;32m[2026-09-16 13:22:16.426][VERB] RETURN: {"result":"$745"}
[0m[0;32m[2026-09-16 13:22:16.426][VERB] COMMANDCALL: _C.SafeAPI.Execute(["v1.part.workPlane",[{"type":"PLANE","references":[38],"name":"F61_makeCylinder_cad_primitives_py_12_plane","offset":"@expr.d62_plane_offset","id":4}]])
[0m[0;32m[2026-09-16 13:22:16.429][VERB] RETURN: {"result":"$767"}
[0m[0;32m[2026-09-16 13:22:16.429][VERB] COMMANDCALL: _C.SafeAPI.Execute(["v1.sketch.create",[{"planeId":767,"name":"F61_makeCylinder_cad_primitives_py_12_profile","id":4}]])
[0m[0;32m[2026-09-16 13:22:16.431][VERB] RETURN: {"result":"$773"}
[0m[0;32m[2026-09-16 13:22:16.431][VERB] COMMANDCALL: _C.SafeAPI.Execute(["v1.sketch.circle",[{"radius":2.7,"id":773,"genFixation":0,"centerPos":[1.4,63.2,0]}]])
[0m[0;32m[2026-09-16 13:22:16.432][VERB] RETURN: {"result":"$779"}
[0m[0;32m[2026-09-16 13:22:16.433][VERB] COMMANDCALL: _C.SafeAPI.Execute(["v1.sketch.getPoints",[{"id":779}]])
[0m[0;32m[2026-09-16 13:22:16.433][VERB] RETURN: {"result":{"centerId":"$780"}}
[0m[0;32m[2026-09-16 13:22:16.433][VERB] COMMANDCALL: _C.SafeAPI.Execute(["v1.sketch.point",[{"pos":[-1000,-1000,0],"id":773}]])
[0m[0;32m[2026-09-16 13:22:16.434][VERB] RETURN: {"result":"$782"}
[0m[0;32m[2026-09-16 13:22:16.434][VERB] COMMANDCALL: _C.SafeAPI.Execute(["v1.sketch.constraint",[{"type":"FIXATION","id":773,"geomIds":[782]}]])
[0m[0;32m[2026-09-16 13:22:16.435][VERB] RETURN: {"result":"$784"}
[0m[0;32m[2026-09-16 13:22:16.435][VERB] COMMANDCALL: _C.SafeAPI.Execute(["v1.sketch.dimension",[{"type":"HORIZONTAL_DISTANCE","value":"@expr.d63_position_x","name":"position_x","id":773,"geomIds":[782,780]}]])
[0m[0;32m[2026-09-16 13:22:16.439][VERB] RETURN: {"result":"$788"}
[0m[0;32m[2026-09-16 13:22:16.439][VERB] COMMANDCALL: _C.SafeAPI.Execute(["v1.sketch.dimension",[{"type":"VERTICAL_DISTANCE","value":"@expr.d64_position_y","name":"position_y","id":773,"geomIds":[782,780]}]])
[0m[0;32m[2026-09-16 13:22:16.444][VERB] RETURN: {"result":"$792"}
[0m[0;32m[2026-09-16 13:22:16.444][VERB] COMMANDCALL: _C.SafeAPI.Execute(["v1.sketch.dimension",[{"type":"RADIUS","value":"@expr.d65_radius","name":"radius","id":773,"geomIds":[779]}]])
[0m[0;32m[2026-09-16 13:22:16.449][VERB] RETURN: {"result":"$796"}
[0m[0;32m[2026-09-16 13:22:16.449][VERB] COMMANDCALL: _C.SafeAPI.Execute(["v1.part.extrusion",[{"references":[779],"name":"F61_makeCylinder_cad_primitives_py_12","taperAngle":0,"limit2":"@expr.d66_height","id":4}]])
[0m[0;32m[2026-09-16 13:22:16.454][VERB] RETURN: {"result":"$800"}
[0m[0;32m[2026-09-16 13:22:16.454][VERB] COMMANDCALL: _C.SafeAPI.Execute(["v1.part.workPlane",[{"type":"PLANE","references":[38],"name":"F67_makeCylinder_cad_primitives_py_12_plane","offset":"@expr.d68_plane_offset","id":4}]])
[0m[0;32m[2026-09-16 13:22:16.457][VERB] RETURN: {"result":"$822"}
[0m[0;32m[2026-09-16 13:22:16.457][VERB] COMMANDCALL: _C.SafeAPI.Execute(["v1.sketch.create",[{"planeId":822,"name":"F67_makeCylinder_cad_primitives_py_12_profile","id":4}]])
[0m[0;32m[2026-09-16 13:22:16.459][VERB] RETURN: {"result":"$828"}
[0m[0;32m[2026-09-16 13:22:16.459][VERB] COMMANDCALL: _C.SafeAPI.Execute(["v1.sketch.circle",[{"radius":2.7,"id":828,"genFixation":0,"centerPos":[56.4,22.8,0]}]])
[0m[0;32m[2026-09-16 13:22:16.461][VERB] RETURN: {"result":"$834"}
[0m[0;32m[2026-09-16 13:22:16.461][VERB] COMMANDCALL: _C.SafeAPI.Execute(["v1.sketch.getPoints",[{"id":834}]])
[0m[0;32m[2026-09-16 13:22:16.461][VERB] RETURN: {"result":{"centerId":"$835"}}
[0m[0;32m[2026-09-16 13:22:16.461][VERB] COMMANDCALL: _C.SafeAPI.Execute(["v1.sketch.point",[{"pos":[-1000,-1000,0],"id":828}]])
[0m[0;32m[2026-09-16 13:22:16.462][VERB] RETURN: {"result":"$837"}
[0m[0;32m[2026-09-16 13:22:16.462][VERB] COMMANDCALL: _C.SafeAPI.Execute(["v1.sketch.constraint",[{"type":"FIXATION","id":828,"geomIds":[837]}]])
[0m[0;32m[2026-09-16 13:22:16.463][VERB] RETURN: {"result":"$839"}
[0m[0;32m[2026-09-16 13:22:16.463][VERB] COMMANDCALL: _C.SafeAPI.Execute(["v1.sketch.dimension",[{"type":"HORIZONTAL_DISTANCE","value":"@expr.d69_position_x","name":"position_x","id":828,"geomIds":[837,835]}]])
[0m[0;32m[2026-09-16 13:22:16.467][VERB] RETURN: {"result":"$843"}
[0m[0;32m[2026-09-16 13:22:16.467][VERB] COMMANDCALL: _C.SafeAPI.Execute(["v1.sketch.dimension",[{"type":"VERTICAL_DISTANCE","value":"@expr.d70_position_y","name":"position_y","id":828,"geomIds":[837,835]}]])
[0m[0;32m[2026-09-16 13:22:16.472][VERB] RETURN: {"result":"$847"}
[0m[0;32m[2026-09-16 13:22:16.472][VERB] COMMANDCALL: _C.SafeAPI.Execute(["v1.sketch.dimension",[{"type":"RADIUS","value":"@expr.d71_radius","name":"radius","id":828,"geomIds":[834]}]])
[0m[0;32m[2026-09-16 13:22:16.477][VERB] RETURN: {"result":"$851"}
[0m[0;32m[2026-09-16 13:22:16.477][VERB] COMMANDCALL: _C.SafeAPI.Execute(["v1.part.extrusion",[{"references":[834],"name":"F67_makeCylinder_cad_primitives_py_12","taperAngle":0,"limit2":"@expr.d72_height","id":4}]])
[0m[0;32m[2026-09-16 13:22:16.482][VERB] RETURN: {"result":"$855"}
[0m[0;32m[2026-09-16 13:22:16.482][VERB] COMMANDCALL: _C.SafeAPI.Execute(["v1.part.workPlane",[{"type":"PLANE","references":[38],"name":"F73_makeCylinder_cad_primitives_py_12_plane","offset":"@expr.d74_plane_offset","id":4}]])
[0m[0;32m[2026-09-16 13:22:16.485][VERB] RETURN: {"result":"$877"}
[0m[0;32m[2026-09-16 13:22:16.486][VERB] COMMANDCALL: _C.SafeAPI.Execute(["v1.sketch.create",[{"planeId":877,"name":"F73_makeCylinder_cad_primitives_py_12_profile","id":4}]])
[0m[0;32m[2026-09-16 13:22:16.488][VERB] RETURN: {"result":"$883"}
[0m[0;32m[2026-09-16 13:22:16.488][VERB] COMMANDCALL: _C.SafeAPI.Execute(["v1.sketch.circle",[{"radius":2.7,"id":883,"genFixation":0,"centerPos":[56.4,63.2,0]}]])
[0m[0;32m[2026-09-16 13:22:16.489][VERB] RETURN: {"result":"$889"}
[0m[0;32m[2026-09-16 13:22:16.489][VERB] COMMANDCALL: _C.SafeAPI.Execute(["v1.sketch.getPoints",[{"id":889}]])
[0m[0;32m[2026-09-16 13:22:16.489][VERB] RETURN: {"result":{"centerId":"$890"}}
[0m[0;32m[2026-09-16 13:22:16.489][VERB] COMMANDCALL: _C.SafeAPI.Execute(["v1.sketch.point",[{"pos":[-1000,-1000,0],"id":883}]])
[0m[0;32m[2026-09-16 13:22:16.490][VERB] RETURN: {"result":"$892"}
[0m[0;32m[2026-09-16 13:22:16.490][VERB] COMMANDCALL: _C.SafeAPI.Execute(["v1.sketch.constraint",[{"type":"FIXATION","id":883,"geomIds":[892]}]])
[0m[0;32m[2026-09-16 13:22:16.491][VERB] RETURN: {"result":"$894"}
[0m[0;32m[2026-09-16 13:22:16.491][VERB] COMMANDCALL: _C.SafeAPI.Execute(["v1.sketch.dimension",[{"type":"HORIZONTAL_DISTANCE","value":"@expr.d75_position_x","name":"position_x","id":883,"geomIds":[892,890]}]])
[0m[0;32m[2026-09-16 13:22:16.495][VERB] RETURN: {"result":"$898"}
[0m[0;32m[2026-09-16 13:22:16.496][VERB] COMMANDCALL: _C.SafeAPI.Execute(["v1.sketch.dimension",[{"type":"VERTICAL_DISTANCE","value":"@expr.d76_position_y","name":"position_y","id":883,"geomIds":[892,890]}]])
[0m[0;32m[2026-09-16 13:22:16.500][VERB] RETURN: {"result":"$902"}
[0m[0;32m[2026-09-16 13:22:16.500][VERB] COMMANDCALL: _C.SafeAPI.Execute(["v1.sketch.dimension",[{"type":"RADIUS","value":"@expr.d77_radius","name":"radius","id":883,"geomIds":[889]}]])
[0m[0;32m[2026-09-16 13:22:16.505][VERB] RETURN: {"result":"$906"}
[0m[0;32m[2026-09-16 13:22:16.505][VERB] COMMANDCALL: _C.SafeAPI.Execute(["v1.part.extrusion",[{"references":[889],"name":"F73_makeCylinder_cad_primitives_py_12","taperAngle":0,"limit2":"@expr.d78_height","id":4}]])
[0m[0;32m[2026-09-16 13:22:16.510][VERB] RETURN: {"result":"$910"}
[0m[0;32m[2026-09-16 13:22:16.510][VERB] COMMANDCALL: _C.SafeAPI.Execute(["v1.part.workPlane",[{"type":"PLANE","references":[38],"name":"F79_makeBox_cad_primitives_py_8_plane","offset":"@expr.d80_plane_offset","id":4}]])
[0m[0;32m[2026-09-16 13:22:16.514][VERB] RETURN: {"result":"$932"}
[0m[0;32m[2026-09-16 13:22:16.514][VERB] COMMANDCALL: _C.SafeAPI.Execute(["v1.sketch.create",[{"planeId":932,"name":"F79_makeBox_cad_primitives_py_8_profile","id":4}]])
[0m[0;32m[2026-09-16 13:22:16.516][VERB] RETURN: {"result":"$938"}
[0m[0;32m[2026-09-16 13:22:16.516][VERB] COMMANDCALL: _C.SafeAPI.Execute(["v1.sketch.rectangle",[{"startPos":[48.8,-1.3,0],"id":938,"genFixation":0,"endPos":[89.8,40.8,0]}]])
[0m[0;32m[2026-09-16 13:22:16.522][VERB] RETURN: {"result":["$944","$948","$954","$960"]}
[0m[0;32m[2026-09-16 13:22:16.522][VERB] COMMANDCALL: _C.SafeAPI.Execute(["v1.sketch.getPoints",[{"id":944}]])
[0m[0;32m[2026-09-16 13:22:16.523][VERB] RETURN: {"result":{"endId":"$946","startId":"$945"}}
[0m[0;32m[2026-09-16 13:22:16.523][VERB] COMMANDCALL: _C.SafeAPI.Execute(["v1.sketch.point",[{"pos":[-1000,-1000,0],"id":938}]])
[0m[0;32m[2026-09-16 13:22:16.524][VERB] RETURN: {"result":"$976"}
[0m[0;32m[2026-09-16 13:22:16.525][VERB] COMMANDCALL: _C.SafeAPI.Execute(["v1.sketch.constraint",[{"type":"FIXATION","id":938,"geomIds":[976]}]])
[0m[0;32m[2026-09-16 13:22:16.526][VERB] RETURN: {"result":"$978"}
[0m[0;32m[2026-09-16 13:22:16.526][VERB] COMMANDCALL: _C.SafeAPI.Execute(["v1.sketch.dimension",[{"type":"HORIZONTAL_DISTANCE","value":"@expr.d81_position_x","name":"position_x","id":938,"geomIds":[976,945]}]])
[0m[0;32m[2026-09-16 13:22:16.531][VERB] RETURN: {"result":"$982"}
[0m[0;32m[2026-09-16 13:22:16.531][VERB] COMMANDCALL: _C.SafeAPI.Execute(["v1.sketch.dimension",[{"type":"VERTICAL_DISTANCE","value":"@expr.d82_position_y","name":"position_y","id":938,"geomIds":[976,945]}]])
[0m[0;32m[2026-09-16 13:22:16.537][VERB] RETURN: {"result":"$986"}
[0m[0;32m[2026-09-16 13:22:16.537][VERB] COMMANDCALL: _C.SafeAPI.Execute(["v1.sketch.dimension",[{"type":"OFFSET","value":"@expr.d83_width","name":"width","id":938,"geomIds":[944]}]])
[0m[0;32m[2026-09-16 13:22:16.544][VERB] RETURN: {"result":"$990"}
[0m[0;32m[2026-09-16 13:22:16.544][VERB] COMMANDCALL: _C.SafeAPI.Execute(["v1.sketch.dimension",[{"type":"OFFSET","value":"@expr.d84_depth","name":"depth","id":938,"geomIds":[948]}]])
[0m[0;32m[2026-09-16 13:22:16.551][VERB] RETURN: {"result":"$994"}
[0m[0;32m[2026-09-16 13:22:16.551][VERB] COMMANDCALL: _C.SafeAPI.Execute(["v1.part.extrusion",[{"references":[944,948,954,960],"name":"F79_makeBox_cad_primitives_py_8","taperAngle":0,"limit2":"@expr.d85_height","id":4}]])
[0m[0;32m[2026-09-16 13:22:16.556][VERB] RETURN: {"result":"$998"}
[0m[0;32m[2026-09-16 13:22:16.556][VERB] COMMANDCALL: _C.SafeAPI.Execute(["v1.part.workPlane",[{"type":"PLANE","references":[38],"name":"F86_makeBox_cad_primitives_py_8_plane","offset":"@expr.d87_plane_offset","id":4}]])
[0m[0;32m[2026-09-16 13:22:16.560][VERB] RETURN: {"result":"$1041"}
[0m[0;32m[2026-09-16 13:22:16.560][VERB] COMMANDCALL: _C.SafeAPI.Execute(["v1.sketch.create",[{"planeId":1041,"name":"F86_makeBox_cad_primitives_py_8_profile","id":4}]])
[0m[0;32m[2026-09-16 13:22:16.562][VERB] RETURN: {"result":"$1047"}
[0m[0;32m[2026-09-16 13:22:16.562][VERB] COMMANDCALL: _C.SafeAPI.Execute(["v1.sketch.rectangle",[{"startPos":[46.1,1.4,0],"id":1047,"genFixation":0,"endPos":[92.5,38.1,0]}]])
[0m[0;32m[2026-09-16 13:22:16.568][VERB] RETURN: {"result":["$1053","$1057","$1063","$1069"]}
[0m[0;32m[2026-09-16 13:22:16.568][VERB] COMMANDCALL: _C.SafeAPI.Execute(["v1.sketch.getPoints",[{"id":1053}]])
[0m[0;32m[2026-09-16 13:22:16.568][VERB] RETURN: {"result":{"endId":"$1055","startId":"$1054"}}
[0m[0;32m[2026-09-16 13:22:16.569][VERB] COMMANDCALL: _C.SafeAPI.Execute(["v1.sketch.point",[{"pos":[-1000,-1000,0],"id":1047}]])
[0m[0;32m[2026-09-16 13:22:16.570][VERB] RETURN: {"result":"$1085"}
[0m[0;32m[2026-09-16 13:22:16.571][VERB] COMMANDCALL: _C.SafeAPI.Execute(["v1.sketch.constraint",[{"type":"FIXATION","id":1047,"geomIds":[1085]}]])
[0m[0;32m[2026-09-16 13:22:16.572][VERB] RETURN: {"result":"$1087"}
[0m[0;32m[2026-09-16 13:22:16.572][VERB] COMMANDCALL: _C.SafeAPI.Execute(["v1.sketch.dimension",[{"type":"HORIZONTAL_DISTANCE","value":"@expr.d88_position_x","name":"position_x","id":1047,"geomIds":[1085,1054]}]])
[0m[0;32m[2026-09-16 13:22:16.577][VERB] RETURN: {"result":"$1091"}
[0m[0;32m[2026-09-16 13:22:16.577][VERB] COMMANDCALL: _C.SafeAPI.Execute(["v1.sketch.dimension",[{"type":"VERTICAL_DISTANCE","value":"@expr.d89_position_y","name":"position_y","id":1047,"geomIds":[1085,1054]}]])
[0m[0;32m[2026-09-16 13:22:16.583][VERB] RETURN: {"result":"$1095"}
[0m[0;32m[2026-09-16 13:22:16.583][VERB] COMMANDCALL: _C.SafeAPI.Execute(["v1.sketch.dimension",[{"type":"OFFSET","value":"@expr.d90_width","name":"width","id":1047,"geomIds":[1053]}]])
[0m[0;32m[2026-09-16 13:22:16.590][VERB] RETURN: {"result":"$1099"}
[0m[0;32m[2026-09-16 13:22:16.590][VERB] COMMANDCALL: _C.SafeAPI.Execute(["v1.sketch.dimension",[{"type":"OFFSET","value":"@expr.d91_depth","name":"depth","id":1047,"geomIds":[1057]}]])
[0m[0;32m[2026-09-16 13:22:16.597][VERB] RETURN: {"result":"$1103"}
[0m[0;32m[2026-09-16 13:22:16.598][VERB] COMMANDCALL: _C.SafeAPI.Execute(["v1.part.extrusion",[{"references":[1053,1057,1063,1069],"name":"F86_makeBox_cad_primitives_py_8","taperAngle":0,"limit2":"@expr.d92_height","id":4}]])
[0m[0;32m[2026-09-16 13:22:16.602][VERB] RETURN: {"result":"$1107"}
[0m[0;32m[2026-09-16 13:22:16.603][VERB] COMMANDCALL: _C.SafeAPI.Execute(["v1.part.workPlane",[{"type":"PLANE","references":[38],"name":"F93_makeCylinder_cad_primitives_py_12_plane","offset":"@expr.d94_plane_offset","id":4}]])
[0m[0;32m[2026-09-16 13:22:16.606][VERB] RETURN: {"result":"$1150"}
[0m[0;32m[2026-09-16 13:22:16.606][VERB] COMMANDCALL: _C.SafeAPI.Execute(["v1.sketch.create",[{"planeId":1150,"name":"F93_makeCylinder_cad_primitives_py_12_profile","id":4}]])
[0m[0;32m[2026-09-16 13:22:16.608][VERB] RETURN: {"result":"$1156"}
[0m[0;32m[2026-09-16 13:22:16.608][VERB] COMMANDCALL: _C.SafeAPI.Execute(["v1.sketch.circle",[{"radius":2.7,"id":1156,"genFixation":0,"centerPos":[48.8,1.4,0]}]])
[0m[0;32m[2026-09-16 13:22:16.609][VERB] RETURN: {"result":"$1162"}
[0m[0;32m[2026-09-16 13:22:16.609][VERB] COMMANDCALL: _C.SafeAPI.Execute(["v1.sketch.getPoints",[{"id":1162}]])
[0m[0;32m[2026-09-16 13:22:16.610][VERB] RETURN: {"result":{"centerId":"$1163"}}
[0m[0;32m[2026-09-16 13:22:16.610][VERB] COMMANDCALL: _C.SafeAPI.Execute(["v1.sketch.point",[{"pos":[-1000,-1000,0],"id":1156}]])
[0m[0;32m[2026-09-16 13:22:16.611][VERB] RETURN: {"result":"$1165"}
[0m[0;32m[2026-09-16 13:22:16.611][VERB] COMMANDCALL: _C.SafeAPI.Execute(["v1.sketch.constraint",[{"type":"FIXATION","id":1156,"geomIds":[1165]}]])
[0m[0;32m[2026-09-16 13:22:16.612][VERB] RETURN: {"result":"$1167"}
[0m[0;32m[2026-09-16 13:22:16.612][VERB] COMMANDCALL: _C.SafeAPI.Execute(["v1.sketch.dimension",[{"type":"HORIZONTAL_DISTANCE","value":"@expr.d95_position_x","name":"position_x","id":1156,"geomIds":[1165,1163]}]])
[0m[0;32m[2026-09-16 13:22:16.616][VERB] RETURN: {"result":"$1171"}
[0m[0;32m[2026-09-16 13:22:16.616][VERB] COMMANDCALL: _C.SafeAPI.Execute(["v1.sketch.dimension",[{"type":"VERTICAL_DISTANCE","value":"@expr.d96_position_y","name":"position_y","id":1156,"geomIds":[1165,1163]}]])
[0m[0;32m[2026-09-16 13:22:16.621][VERB] RETURN: {"result":"$1175"}
[0m[0;32m[2026-09-16 13:22:16.621][VERB] COMMANDCALL: _C.SafeAPI.Execute(["v1.sketch.dimension",[{"type":"RADIUS","value":"@expr.d97_radius","name":"radius","id":1156,"geomIds":[1162]}]])
[0m[0;32m[2026-09-16 13:22:16.626][VERB] RETURN: {"result":"$1179"}
[0m[0;32m[2026-09-16 13:22:16.626][VERB] COMMANDCALL: _C.SafeAPI.Execute(["v1.part.extrusion",[{"references":[1162],"name":"F93_makeCylinder_cad_primitives_py_12","taperAngle":0,"limit2":"@expr.d98_height","id":4}]])
[0m[0;32m[2026-09-16 13:22:16.631][VERB] RETURN: {"result":"$1183"}
[0m[0;32m[2026-09-16 13:22:16.631][VERB] COMMANDCALL: _C.SafeAPI.Execute(["v1.part.workPlane",[{"type":"PLANE","references":[38],"name":"F99_makeCylinder_cad_primitives_py_12_plane","offset":"@expr.d100_plane_offset","id":4}]])
[0m[0;32m[2026-09-16 13:22:16.635][VERB] RETURN: {"result":"$1205"}
[0m[0;32m[2026-09-16 13:22:16.635][VERB] COMMANDCALL: _C.SafeAPI.Execute(["v1.sketch.create",[{"planeId":1205,"name":"F99_makeCylinder_cad_primitives_py_12_profile","id":4}]])
[0m[0;32m[2026-09-16 13:22:16.637][VERB] RETURN: {"result":"$1211"}
[0m[0;32m[2026-09-16 13:22:16.637][VERB] COMMANDCALL: _C.SafeAPI.Execute(["v1.sketch.circle",[{"radius":2.7,"id":1211,"genFixation":0,"centerPos":[48.8,38.1,0]}]])
[0m[0;32m[2026-09-16 13:22:16.638][VERB] RETURN: {"result":"$1217"}
[0m[0;32m[2026-09-16 13:22:16.638][VERB] COMMANDCALL: _C.SafeAPI.Execute(["v1.sketch.getPoints",[{"id":1217}]])
[0m[0;32m[2026-09-16 13:22:16.638][VERB] RETURN: {"result":{"centerId":"$1218"}}
[0m[0;32m[2026-09-16 13:22:16.638][VERB] COMMANDCALL: _C.SafeAPI.Execute(["v1.sketch.point",[{"pos":[-1000,-1000,0],"id":1211}]])
[0m[0;32m[2026-09-16 13:22:16.639][VERB] RETURN: {"result":"$1220"}
[0m[0;32m[2026-09-16 13:22:16.639][VERB] COMMANDCALL: _C.SafeAPI.Execute(["v1.sketch.constraint",[{"type":"FIXATION","id":1211,"geomIds":[1220]}]])
[0m[0;32m[2026-09-16 13:22:16.640][VERB] RETURN: {"result":"$1222"}
[0m[0;32m[2026-09-16 13:22:16.640][VERB] COMMANDCALL: _C.SafeAPI.Execute(["v1.sketch.dimension",[{"type":"HORIZONTAL_DISTANCE","value":"@expr.d101_position_x","name":"position_x","id":1211,"geomIds":[1220,1218]}]])
[0m[0;32m[2026-09-16 13:22:16.644][VERB] RETURN: {"result":"$1226"}
[0m[0;32m[2026-09-16 13:22:16.645][VERB] COMMANDCALL: _C.SafeAPI.Execute(["v1.sketch.dimension",[{"type":"VERTICAL_DISTANCE","value":"@expr.d102_position_y","name":"position_y","id":1211,"geomIds":[1220,1218]}]])
[0m[0;32m[2026-09-16 13:22:16.649][VERB] RETURN: {"result":"$1230"}
[0m[0;32m[2026-09-16 13:22:16.649][VERB] COMMANDCALL: _C.SafeAPI.Execute(["v1.sketch.dimension",[{"type":"RADIUS","value":"@expr.d103_radius","name":"radius","id":1211,"geomIds":[1217]}]])
[0m[0;32m[2026-09-16 13:22:16.654][VERB] RETURN: {"result":"$1234"}
[0m[0;32m[2026-09-16 13:22:16.654][VERB] COMMANDCALL: _C.SafeAPI.Execute(["v1.part.extrusion",[{"references":[1217],"name":"F99_makeCylinder_cad_primitives_py_12","taperAngle":0,"limit2":"@expr.d104_height","id":4}]])
[0m[0;32m[2026-09-16 13:22:16.659][VERB] RETURN: {"result":"$1238"}
[0m[0;32m[2026-09-16 13:22:16.659][VERB] COMMANDCALL: _C.SafeAPI.Execute(["v1.part.workPlane",[{"type":"PLANE","references":[38],"name":"F105_makeCylinder_cad_primitives_py_12_plane","offset":"@expr.d106_plane_offset","id":4}]])
[0m[0;32m[2026-09-16 13:22:16.663][VERB] RETURN: {"result":"$1260"}
[0m[0;32m[2026-09-16 13:22:16.663][VERB] COMMANDCALL: _C.SafeAPI.Execute(["v1.sketch.create",[{"planeId":1260,"name":"F105_makeCylinder_cad_primitives_py_12_profile","id":4}]])
[0m[0;32m[2026-09-16 13:22:16.665][VERB] RETURN: {"result":"$1266"}
[0m[0;32m[2026-09-16 13:22:16.665][VERB] COMMANDCALL: _C.SafeAPI.Execute(["v1.sketch.circle",[{"radius":2.7,"id":1266,"genFixation":0,"centerPos":[89.8,1.4,0]}]])
[0m[0;32m[2026-09-16 13:22:16.666][VERB] RETURN: {"result":"$1272"}
[0m[0;32m[2026-09-16 13:22:16.666][VERB] COMMANDCALL: _C.SafeAPI.Execute(["v1.sketch.getPoints",[{"id":1272}]])
[0m[0;32m[2026-09-16 13:22:16.666][VERB] RETURN: {"result":{"centerId":"$1273"}}
[0m[0;32m[2026-09-16 13:22:16.666][VERB] COMMANDCALL: _C.SafeAPI.Execute(["v1.sketch.point",[{"pos":[-1000,-1000,0],"id":1266}]])
[0m[0;32m[2026-09-16 13:22:16.667][VERB] RETURN: {"result":"$1275"}
[0m[0;32m[2026-09-16 13:22:16.667][VERB] COMMANDCALL: _C.SafeAPI.Execute(["v1.sketch.constraint",[{"type":"FIXATION","id":1266,"geomIds":[1275]}]])
[0m[0;32m[2026-09-16 13:22:16.668][VERB] RETURN: {"result":"$1277"}
[0m[0;32m[2026-09-16 13:22:16.668][VERB] COMMANDCALL: _C.SafeAPI.Execute(["v1.sketch.dimension",[{"type":"HORIZONTAL_DISTANCE","value":"@expr.d107_position_x","name":"position_x","id":1266,"geomIds":[1275,1273]}]])
[0m[0;32m[2026-09-16 13:22:16.672][VERB] RETURN: {"result":"$1281"}
[0m[0;32m[2026-09-16 13:22:16.672][VERB] COMMANDCALL: _C.SafeAPI.Execute(["v1.sketch.dimension",[{"type":"VERTICAL_DISTANCE","value":"@expr.d108_position_y","name":"position_y","id":1266,"geomIds":[1275,1273]}]])
[0m[0;32m[2026-09-16 13:22:16.677][VERB] RETURN: {"result":"$1285"}
[0m[0;32m[2026-09-16 13:22:16.677][VERB] COMMANDCALL: _C.SafeAPI.Execute(["v1.sketch.dimension",[{"type":"RADIUS","value":"@expr.d109_radius","name":"radius","id":1266,"geomIds":[1272]}]])
[0m[0;32m[2026-09-16 13:22:16.682][VERB] RETURN: {"result":"$1289"}
[0m[0;32m[2026-09-16 13:22:16.682][VERB] COMMANDCALL: _C.SafeAPI.Execute(["v1.part.extrusion",[{"references":[1272],"name":"F105_makeCylinder_cad_primitives_py_12","taperAngle":0,"limit2":"@expr.d110_height","id":4}]])
[0m[0;32m[2026-09-16 13:22:16.687][VERB] RETURN: {"result":"$1293"}
[0m[0;32m[2026-09-16 13:22:16.687][VERB] COMMANDCALL: _C.SafeAPI.Execute(["v1.part.workPlane",[{"type":"PLANE","references":[38],"name":"F111_makeCylinder_cad_primitives_py_12_plane","offset":"@expr.d112_plane_offset","id":4}]])
[0m[0;32m[2026-09-16 13:22:16.691][VERB] RETURN: {"result":"$1315"}
[0m[0;32m[2026-09-16 13:22:16.691][VERB] COMMANDCALL: _C.SafeAPI.Execute(["v1.sketch.create",[{"planeId":1315,"name":"F111_makeCylinder_cad_primitives_py_12_profile","id":4}]])
[0m[0;32m[2026-09-16 13:22:16.693][VERB] RETURN: {"result":"$1321"}
[0m[0;32m[2026-09-16 13:22:16.693][VERB] COMMANDCALL: _C.SafeAPI.Execute(["v1.sketch.circle",[{"radius":2.7,"id":1321,"genFixation":0,"centerPos":[89.8,38.1,0]}]])
[0m[0;32m[2026-09-16 13:22:16.694][VERB] RETURN: {"result":"$1327"}
[0m[0;32m[2026-09-16 13:22:16.694][VERB] COMMANDCALL: _C.SafeAPI.Execute(["v1.sketch.getPoints",[{"id":1327}]])
[0m[0;32m[2026-09-16 13:22:16.694][VERB] RETURN: {"result":{"centerId":"$1328"}}
[0m[0;32m[2026-09-16 13:22:16.695][VERB] COMMANDCALL: _C.SafeAPI.Execute(["v1.sketch.point",[{"pos":[-1000,-1000,0],"id":1321}]])
[0m[0;32m[2026-09-16 13:22:16.696][VERB] RETURN: {"result":"$1330"}
[0m[0;32m[2026-09-16 13:22:16.696][VERB] COMMANDCALL: _C.SafeAPI.Execute(["v1.sketch.constraint",[{"type":"FIXATION","id":1321,"geomIds":[1330]}]])
[0m[0;32m[2026-09-16 13:22:16.697][VERB] RETURN: {"result":"$1332"}
[0m[0;32m[2026-09-16 13:22:16.697][VERB] COMMANDCALL: _C.SafeAPI.Execute(["v1.sketch.dimension",[{"type":"HORIZONTAL_DISTANCE","value":"@expr.d113_position_x","name":"position_x","id":1321,"geomIds":[1330,1328]}]])
[0m[0;32m[2026-09-16 13:22:16.701][VERB] RETURN: {"result":"$1336"}
[0m[0;32m[2026-09-16 13:22:16.701][VERB] COMMANDCALL: _C.SafeAPI.Execute(["v1.sketch.dimension",[{"type":"VERTICAL_DISTANCE","value":"@expr.d114_position_y","name":"position_y","id":1321,"geomIds":[1330,1328]}]])
[0m[0;32m[2026-09-16 13:22:16.706][VERB] RETURN: {"result":"$1340"}
[0m[0;32m[2026-09-16 13:22:16.706][VERB] COMMANDCALL: _C.SafeAPI.Execute(["v1.sketch.dimension",[{"type":"RADIUS","value":"@expr.d115_radius","name":"radius","id":1321,"geomIds":[1327]}]])
[0m[0;32m[2026-09-16 13:22:16.711][VERB] RETURN: {"result":"$1344"}
[0m[0;32m[2026-09-16 13:22:16.712][VERB] COMMANDCALL: _C.SafeAPI.Execute(["v1.part.extrusion",[{"references":[1327],"name":"F111_makeCylinder_cad_primitives_py_12","taperAngle":0,"limit2":"@expr.d116_height","id":4}]])
[0m[0;32m[2026-09-16 13:22:16.716][VERB] RETURN: {"result":"$1348"}
[0m[0;32m[2026-09-16 13:22:16.717][VERB] COMMANDCALL: _C.SafeAPI.Execute(["v1.part.workPlane",[{"type":"PLANE","references":[38],"name":"F117_makeBox_shell_skin_py_38_plane","offset":"@expr.d118_plane_offset","id":4}]])
[0m[0;32m[2026-09-16 13:22:16.720][VERB] RETURN: {"result":"$1370"}
[0m[0;32m[2026-09-16 13:22:16.720][VERB] COMMANDCALL: _C.SafeAPI.Execute(["v1.sketch.create",[{"planeId":1370,"name":"F117_makeBox_shell_skin_py_38_profile","id":4}]])
[0m[0;32m[2026-09-16 13:22:16.722][VERB] RETURN: {"result":"$1376"}
[0m[0;32m[2026-09-16 13:22:16.722][VERB] COMMANDCALL: _C.SafeAPI.Execute(["v1.sketch.rectangle",[{"startPos":[89.8,-1.3,0],"id":1376,"genFixation":0,"endPos":[92.5,40.8,0]}]])
[0m[0;32m[2026-09-16 13:22:16.728][VERB] RETURN: {"result":["$1382","$1386","$1392","$1398"]}
[0m[0;32m[2026-09-16 13:22:16.729][VERB] COMMANDCALL: _C.SafeAPI.Execute(["v1.sketch.getPoints",[{"id":1382}]])
[0m[0;32m[2026-09-16 13:22:16.729][VERB] RETURN: {"result":{"endId":"$1384","startId":"$1383"}}
[0m[0;32m[2026-09-16 13:22:16.729][VERB] COMMANDCALL: _C.SafeAPI.Execute(["v1.sketch.point",[{"pos":[-1000,-1000,0],"id":1376}]])
[0m[0;32m[2026-09-16 13:22:16.731][VERB] RETURN: {"result":"$1414"}
[0m[0;32m[2026-09-16 13:22:16.731][VERB] COMMANDCALL: _C.SafeAPI.Execute(["v1.sketch.constraint",[{"type":"FIXATION","id":1376,"geomIds":[1414]}]])
[0m[0;32m[2026-09-16 13:22:16.732][VERB] RETURN: {"result":"$1416"}
[0m[0;32m[2026-09-16 13:22:16.732][VERB] COMMANDCALL: _C.SafeAPI.Execute(["v1.sketch.dimension",[{"type":"HORIZONTAL_DISTANCE","value":"@expr.d119_position_x","name":"position_x","id":1376,"geomIds":[1414,1383]}]])
[0m[0;32m[2026-09-16 13:22:16.738][VERB] RETURN: {"result":"$1420"}
[0m[0;32m[2026-09-16 13:22:16.738][VERB] COMMANDCALL: _C.SafeAPI.Execute(["v1.sketch.dimension",[{"type":"VERTICAL_DISTANCE","value":"@expr.d120_position_y","name":"position_y","id":1376,"geomIds":[1414,1383]}]])
[0m[0;32m[2026-09-16 13:22:16.745][VERB] RETURN: {"result":"$1424"}
[0m[0;32m[2026-09-16 13:22:16.745][VERB] COMMANDCALL: _C.SafeAPI.Execute(["v1.sketch.dimension",[{"type":"OFFSET","value":"@expr.d121_width","name":"width","id":1376,"geomIds":[1382]}]])
[0m[0;32m[2026-09-16 13:22:16.752][VERB] RETURN: {"result":"$1428"}
[0m[0;32m[2026-09-16 13:22:16.752][VERB] COMMANDCALL: _C.SafeAPI.Execute(["v1.sketch.dimension",[{"type":"OFFSET","value":"@expr.d122_depth","name":"depth","id":1376,"geomIds":[1386]}]])
[0m[0;32m[2026-09-16 13:22:16.760][VERB] RETURN: {"result":"$1432"}
[0m[0;32m[2026-09-16 13:22:16.761][VERB] COMMANDCALL: _C.SafeAPI.Execute(["v1.part.extrusion",[{"references":[1382,1386,1392,1398],"name":"F117_makeBox_shell_skin_py_38","taperAngle":0,"limit2":"@expr.d123_height","id":4}]])
[0m[0;32m[2026-09-16 13:22:16.766][VERB] RETURN: {"result":"$1436"}
[0m[0;32m[2026-09-16 13:22:16.766][VERB] COMMANDCALL: _C.SafeAPI.Execute(["v1.part.workPlane",[{"type":"PLANE","references":[38],"name":"F124_makeBox_cad_primitives_py_8_plane","offset":"@expr.d125_plane_offset","id":4}]])
[0m[0;32m[2026-09-16 13:22:16.769][VERB] RETURN: {"result":"$1479"}
[0m[0;32m[2026-09-16 13:22:16.770][VERB] COMMANDCALL: _C.SafeAPI.Execute(["v1.sketch.create",[{"planeId":1479,"name":"F124_makeBox_cad_primitives_py_8_profile","id":4}]])
[0m[0;32m[2026-09-16 13:22:16.772][VERB] RETURN: {"result":"$1485"}
[0m[0;32m[2026-09-16 13:22:16.772][VERB] COMMANDCALL: _C.SafeAPI.Execute(["v1.sketch.rectangle",[{"startPos":[88.05,-7,0],"id":1485,"genFixation":0,"endPos":[92.5,5,0]}]])
[0m[0;32m[2026-09-16 13:22:16.778][VERB] RETURN: {"result":["$1491","$1495","$1501","$1507"]}
[0m[0;32m[2026-09-16 13:22:16.778][VERB] COMMANDCALL: _C.SafeAPI.Execute(["v1.sketch.getPoints",[{"id":1491}]])
[0m[0;32m[2026-09-16 13:22:16.778][VERB] RETURN: {"result":{"endId":"$1493","startId":"$1492"}}
[0m[0;32m[2026-09-16 13:22:16.778][VERB] COMMANDCALL: _C.SafeAPI.Execute(["v1.sketch.point",[{"pos":[-1000,-1000,0],"id":1485}]])
[0m[0;32m[2026-09-16 13:22:16.780][VERB] RETURN: {"result":"$1523"}
[0m[0;32m[2026-09-16 13:22:16.780][VERB] COMMANDCALL: _C.SafeAPI.Execute(["v1.sketch.constraint",[{"type":"FIXATION","id":1485,"geomIds":[1523]}]])
[0m[0;32m[2026-09-16 13:22:16.782][VERB] RETURN: {"result":"$1525"}
[0m[0;32m[2026-09-16 13:22:16.782][VERB] COMMANDCALL: _C.SafeAPI.Execute(["v1.sketch.dimension",[{"type":"HORIZONTAL_DISTANCE","value":"@expr.d126_position_x","name":"position_x","id":1485,"geomIds":[1523,1492]}]])
[0m[0;32m[2026-09-16 13:22:16.787][VERB] RETURN: {"result":"$1529"}
[0m[0;32m[2026-09-16 13:22:16.787][VERB] COMMANDCALL: _C.SafeAPI.Execute(["v1.sketch.dimension",[{"type":"VERTICAL_DISTANCE","value":"@expr.d127_position_y","name":"position_y","id":1485,"geomIds":[1523,1492]}]])
[0m[0;32m[2026-09-16 13:22:16.793][VERB] RETURN: {"result":"$1533"}
[0m[0;32m[2026-09-16 13:22:16.793][VERB] COMMANDCALL: _C.SafeAPI.Execute(["v1.sketch.dimension",[{"type":"OFFSET","value":"@expr.d128_width","name":"width","id":1485,"geomIds":[1491]}]])
[0m[0;32m[2026-09-16 13:22:16.800][VERB] RETURN: {"result":"$1537"}
[0m[0;32m[2026-09-16 13:22:16.800][VERB] COMMANDCALL: _C.SafeAPI.Execute(["v1.sketch.dimension",[{"type":"OFFSET","value":"@expr.d129_depth","name":"depth","id":1485,"geomIds":[1495]}]])
[0m[0;32m[2026-09-16 13:22:16.808][VERB] RETURN: {"result":"$1541"}
[0m[0;32m[2026-09-16 13:22:16.808][VERB] COMMANDCALL: _C.SafeAPI.Execute(["v1.part.extrusion",[{"references":[1491,1495,1501,1507],"name":"F124_makeBox_cad_primitives_py_8","taperAngle":0,"limit2":"@expr.d130_height","id":4}]])
[0m[0;32m[2026-09-16 13:22:16.813][VERB] RETURN: {"result":"$1545"}
[0m[0;32m[2026-09-16 13:22:16.813][VERB] COMMANDCALL: _C.SafeAPI.Execute(["v1.part.workPlane",[{"type":"PLANE","references":[38],"name":"F132_makeBox_cad_primitives_py_8_plane","offset":"@expr.d133_plane_offset","id":4}]])
[0m[0;32m[2026-09-16 13:22:16.816][VERB] RETURN: {"result":"$1588"}
[0m[0;32m[2026-09-16 13:22:16.816][VERB] COMMANDCALL: _C.SafeAPI.Execute(["v1.sketch.create",[{"planeId":1588,"name":"F132_makeBox_cad_primitives_py_8_profile","id":4}]])
[0m[0;32m[2026-09-16 13:22:16.818][VERB] RETURN: {"result":"$1594"}
[0m[0;32m[2026-09-16 13:22:16.818][VERB] COMMANDCALL: _C.SafeAPI.Execute(["v1.sketch.rectangle",[{"startPos":[85.35,-4,0],"id":1594,"genFixation":0,"endPos":[88.05,-1.3,0]}]])
[0m[0;32m[2026-09-16 13:22:16.825][VERB] RETURN: {"result":["$1600","$1604","$1610","$1616"]}
[0m[0;32m[2026-09-16 13:22:16.825][VERB] COMMANDCALL: _C.SafeAPI.Execute(["v1.sketch.getPoints",[{"id":1600}]])
[0m[0;32m[2026-09-16 13:22:16.825][VERB] RETURN: {"result":{"endId":"$1602","startId":"$1601"}}
[0m[0;32m[2026-09-16 13:22:16.825][VERB] COMMANDCALL: _C.SafeAPI.Execute(["v1.sketch.point",[{"pos":[-1000,-1000,0],"id":1594}]])
[0m[0;32m[2026-09-16 13:22:16.827][VERB] RETURN: {"result":"$1632"}
[0m[0;32m[2026-09-16 13:22:16.827][VERB] COMMANDCALL: _C.SafeAPI.Execute(["v1.sketch.constraint",[{"type":"FIXATION","id":1594,"geomIds":[1632]}]])
[0m[0;32m[2026-09-16 13:22:16.829][VERB] RETURN: {"result":"$1634"}
[0m[0;32m[2026-09-16 13:22:16.829][VERB] COMMANDCALL: _C.SafeAPI.Execute(["v1.sketch.dimension",[{"type":"HORIZONTAL_DISTANCE","value":"@expr.d134_position_x","name":"position_x","id":1594,"geomIds":[1632,1601]}]])
[0m[0;32m[2026-09-16 13:22:16.834][VERB] RETURN: {"result":"$1638"}
[0m[0;32m[2026-09-16 13:22:16.834][VERB] COMMANDCALL: _C.SafeAPI.Execute(["v1.sketch.dimension",[{"type":"VERTICAL_DISTANCE","value":"@expr.d135_position_y","name":"position_y","id":1594,"geomIds":[1632,1601]}]])
[0m[0;32m[2026-09-16 13:22:16.839][VERB] RETURN: {"result":"$1642"}
[0m[0;32m[2026-09-16 13:22:16.840][VERB] COMMANDCALL: _C.SafeAPI.Execute(["v1.sketch.dimension",[{"type":"OFFSET","value":"@expr.d136_width","name":"width","id":1594,"geomIds":[1600]}]])
[0m[0;32m[2026-09-16 13:22:16.846][VERB] RETURN: {"result":"$1646"}
[0m[0;32m[2026-09-16 13:22:16.846][VERB] COMMANDCALL: _C.SafeAPI.Execute(["v1.sketch.dimension",[{"type":"OFFSET","value":"@expr.d137_depth","name":"depth","id":1594,"geomIds":[1604]}]])
[0m[0;32m[2026-09-16 13:22:16.854][VERB] RETURN: {"result":"$1650"}PVS_DELETE_PE 0x7cda39bd40
PVS_DELETE_PE 0x7cda39c140
PVS_DELETE_PE 0x7cda39c3c0
PVS_DELETE_PE 0x7cda39c500

[0m[0;32m[2026-09-16 13:22:16.854][VERB] COMMANDCALL: _C.SafeAPI.Execute(["v1.part.extrusion",[{"references":[1600,1604,1610,1616],"name":"F132_makeBox_cad_primitives_py_8","taperAngle":0,"limit2":"@expr.d138_height","id":4}]])
[0m[0;32m[2026-09-16 13:22:16.859][VERB] RETURN: {"result":"$1654"}
[0m[0;32m[2026-09-16 13:22:16.859][VERB] COMMANDCALL: _C.SafeAPI.Execute(["v1.part.workPlane",[{"type":"PLANE","references":[38],"name":"F139_makeCylinder_cad_primitives_py_12_plane","offset":"@expr.d140_plane_offset","id":4}]])
[0m[0;32m[2026-09-16 13:22:16.862][VERB] RETURN: {"result":"$1697"}
[0m[0;32m[2026-09-16 13:22:16.863][VERB] COMMANDCALL: _C.SafeAPI.Execute(["v1.sketch.create",[{"planeId":1697,"name":"F139_makeCylinder_cad_primitives_py_12_profile","id":4}]])
[0m[0;32m[2026-09-16 13:22:16.864][VERB] RETURN: {"result":"$1703"}
[0m[0;32m[2026-09-16 13:22:16.865][VERB] COMMANDCALL: _C.SafeAPI.Execute(["v1.sketch.circle",[{"radius":2.7,"id":1703,"genFixation":0,"centerPos":[85.35,-4,0]}]])
[0m[0;32m[2026-09-16 13:22:16.866][VERB] RETURN: {"result":"$1709"}
[0m[0;32m[2026-09-16 13:22:16.866][VERB] COMMANDCALL: _C.SafeAPI.Execute(["v1.sketch.getPoints",[{"id":1709}]])
[0m[0;32m[2026-09-16 13:22:16.866][VERB] RETURN: {"result":{"centerId":"$1710"}}
[0m[0;32m[2026-09-16 13:22:16.866][VERB] COMMANDCALL: _C.SafeAPI.Execute(["v1.sketch.point",[{"pos":[-1000,-1000,0],"id":1703}]])
[0m[0;32m[2026-09-16 13:22:16.867][VERB] RETURN: {"result":"$1712"}
[0m[0;32m[2026-09-16 13:22:16.867][VERB] COMMANDCALL: _C.SafeAPI.Execute(["v1.sketch.constraint",[{"type":"FIXATION","id":1703,"geomIds":[1712]}]])
[0m[0;32m[2026-09-16 13:22:16.868][VERB] RETURN: {"result":"$1714"}
[0m[0;32m[2026-09-16 13:22:16.868][VERB] COMMANDCALL: _C.SafeAPI.Execute(["v1.sketch.dimension",[{"type":"HORIZONTAL_DISTANCE","value":"@expr.d141_position_x","name":"position_x","id":1703,"geomIds":[1712,1710]}]])
[0m[0;32m[2026-09-16 13:22:16.872][VERB] RETURN: {"result":"$1718"}
[0m[0;32m[2026-09-16 13:22:16.872][VERB] COMMANDCALL: _C.SafeAPI.Execute(["v1.sketch.dimension",[{"type":"VERTICAL_DISTANCE","value":"@expr.d142_position_y","name":"position_y","id":1703,"geomIds":[1712,1710]}]])
[0m[0;32m[2026-09-16 13:22:16.877][VERB] RETURN: {"result":"$1722"}
[0m[0;32m[2026-09-16 13:22:16.877][VERB] COMMANDCALL: _C.SafeAPI.Execute(["v1.sketch.dimension",[{"type":"RADIUS","value":"@expr.d143_radius","name":"radius","id":1703,"geomIds":[1709]}]])
[0m[0;32m[2026-09-16 13:22:16.882][VERB] RETURN: {"result":"$1726"}
[0m[0;32m[2026-09-16 13:22:16.882][VERB] COMMANDCALL: _C.SafeAPI.Execute(["v1.part.extrusion",[{"references":[1709],"name":"F139_makeCylinder_cad_primitives_py_12","taperAngle":0,"limit2":"@expr.d144_height","id":4}]])
[0m[0;32m[2026-09-16 13:22:16.888][VERB] RETURN: {"result":"$1730"}
[0m[0;32m[2026-09-16 13:22:16.888][VERB] COMMANDCALL: _C.SafeAPI.Execute(["v1.part.boolean",[{"type":"SUBTRACTION","tools":[1730],"target":1654,"name":"F131_cut_housing_shell_py_25","id":4}]])
[0m[0;32m[2026-09-16 13:22:16.895][VERB] RETURN: {"result":"$1752"}
[0m[0;32m[2026-09-16 13:22:16.895][VERB] COMMANDCALL: _C.SafeAPI.Execute(["v1.part.workPlane",[{"type":"PLANE","references":[38],"name":"F145_makeBox_cad_primitives_py_8_plane","offset":"@expr.d146_plane_offset","id":4}]])
[0m[0;32m[2026-09-16 13:22:16.898][VERB] RETURN: {"result":"$1770"}
[0m[0;32m[2026-09-16 13:22:16.899][VERB] COMMANDCALL: _C.SafeAPI.Execute(["v1.sketch.create",[{"planeId":1770,"name":"F145_makeBox_cad_primitives_py_8_profile","id":4}]])
[0m[0;32m[2026-09-16 13:22:16.901][VERB] RETURN: {"result":"$1776"}
[0m[0;32m[2026-09-16 13:22:16.901][VERB] COMMANDCALL: _C.SafeAPI.Execute(["v1.sketch.rectangle",[{"startPos":[88.05,30,0],"id":1776,"genFixation":0,"endPos":[92.5,41.3,0]}]])
[0m[0;32m[2026-09-16 13:22:16.907][VERB] RETURN: {"result":["$1782","$1786","$1792","$1798"]}
[0m[0;32m[2026-09-16 13:22:16.907][VERB] COMMANDCALL: _C.SafeAPI.Execute(["v1.sketch.getPoints",[{"id":1782}]])
[0m[0;32m[2026-09-16 13:22:16.907][VERB] RETURN: {"result":{"endId":"$1784","startId":"$1783"}}
[0m[0;32m[2026-09-16 13:22:16.908][VERB] COMMANDCALL: _C.SafeAPI.Execute(["v1.sketch.point",[{"pos":[-1000,-1000,0],"id":1776}]])
[0m[0;32m[2026-09-16 13:22:16.909][VERB] RETURN: {"result":"$1814"}
[0m[0;32m[2026-09-16 13:22:16.910][VERB] COMMANDCALL: _C.SafeAPI.Execute(["v1.sketch.constraint",[{"type":"FIXATION","id":1776,"geomIds":[1814]}]])
[0m[0;32m[2026-09-16 13:22:16.911][VERB] RETURN: {"result":"$1816"}
[0m[0;32m[2026-09-16 13:22:16.911][VERB] COMMANDCALL: _C.SafeAPI.Execute(["v1.sketch.dimension",[{"type":"HORIZONTAL_DISTANCE","value":"@expr.d147_position_x","name":"position_x","id":1776,"geomIds":[1814,1783]}]])
[0m[0;32m[2026-09-16 13:22:16.916][VERB] RETURN: {"result":"$1820"}
[0m[0;32m[2026-09-16 13:22:16.917][VERB] COMMANDCALL: _C.SafeAPI.Execute(["v1.sketch.dimension",[{"type":"VERTICAL_DISTANCE","value":"@expr.d148_position_y","name":"position_y","id":1776,"geomIds":[1814,1783]}]])
[0m[0;32m[2026-09-16 13:22:16.922][VERB] RETURN: {"result":"$1824"}
[0m[0;32m[2026-09-16 13:22:16.923][VERB] COMMANDCALL: _C.SafeAPI.Execute(["v1.sketch.dimension",[{"type":"OFFSET","value":"@expr.d149_width","name":"width","id":1776,"geomIds":[1782]}]])
[0m[0;32m[2026-09-16 13:22:16.929][VERB] RETURN: {"result":"$1828"}
[0m[0;32m[2026-09-16 13:22:16.930][VERB] COMMANDCALL: _C.SafeAPI.Execute(["v1.sketch.dimension",[{"type":"OFFSET","value":"@expr.d150_depth","name":"depth","id":1776,"geomIds":[1786]}]])
[0m[0;32m[2026-09-16 13:22:16.937][VERB] RETURN: {"result":"$1832"}
[0m[0;32m[2026-09-16 13:22:16.938][VERB] COMMANDCALL: _C.SafeAPI.Execute(["v1.part.extrusion",[{"references":[1782,1786,1792,1798],"name":"F145_makeBox_cad_primitives_py_8","taperAngle":0,"limit2":"@expr.d151_height","id":4}]])
[0m[0;32m[2026-09-16 13:22:16.942][VERB] RETURN: {"result":"$1836"}
[0m[0;32m[2026-09-16 13:22:16.942][VERB] COMMANDCALL: _C.SafeAPI.Execute(["v1.part.workPlane",[{"type":"PLANE","references":[38],"name":"F152_makeBox_cad_primitives_py_8_plane","offset":"@expr.d153_plane_offset","id":4}]])
[0m[0;32m[2026-09-16 13:22:16.946][VERB] RETURN: {"result":"$1879"}
[0m[0;32m[2026-09-16 13:22:16.946][VERB] COMMANDCALL: _C.SafeAPI.Execute(["v1.sketch.create",[{"planeId":1879,"name":"F152_makeBox_cad_primitives_py_8_profile","id":4}]])
[0m[0;32m[2026-09-16 13:22:16.948][VERB] RETURN: {"result":"$1885"}
[0m[0;32m[2026-09-16 13:22:16.948][VERB] COMMANDCALL: _C.SafeAPI.Execute(["v1.sketch.rectangle",[{"startPos":[88.05,30,0],"id":1885,"genFixation":0,"endPos":[92.5,38,0]}]])
[0m[0;32m[2026-09-16 13:22:16.954][VERB] RETURN: {"result":["$1891","$1895","$1901","$1907"]}
[0m[0;32m[2026-09-16 13:22:16.955][VERB] COMMANDCALL: _C.SafeAPI.Execute(["v1.sketch.getPoints",[{"id":1891}]])
[0m[0;32m[2026-09-16 13:22:16.955][VERB] RETURN: {"result":{"endId":"$1893","startId":"$1892"}}
[0m[0;32m[2026-09-16 13:22:16.955][VERB] COMMANDCALL: _C.SafeAPI.Execute(["v1.sketch.point",[{"pos":[-1000,-1000,0],"id":1885}]])
[0m[0;32m[2026-09-16 13:22:16.957][VERB] RETURN: {"result":"$1923"}
[0m[0;32m[2026-09-16 13:22:16.957][VERB] COMMANDCALL: _C.SafeAPI.Execute(["v1.sketch.constraint",[{"type":"FIXATION","id":1885,"geomIds":[1923]}]])
[0m[0;32m[2026-09-16 13:22:16.958][VERB] RETURN: {"result":"$1925"}
[0m[0;32m[2026-09-16 13:22:16.958][VERB] COMMANDCALL: _C.SafeAPI.Execute(["v1.sketch.dimension",[{"type":"HORIZONTAL_DISTANCE","value":"@expr.d154_position_x","name":"position_x","id":1885,"geomIds":[1923,1892]}]])
[0m[0;32m[2026-09-16 13:22:16.964][VERB] RETURN: {"result":"$1929"}
[0m[0;32m[2026-09-16 13:22:16.964][VERB] COMMANDCALL: _C.SafeAPI.Execute(["v1.sketch.dimension",[{"type":"VERTICAL_DISTANCE","value":"@expr.d155_position_y","name":"position_y","id":1885,"geomIds":[1923,1892]}]])
[0m[0;32m[2026-09-16 13:22:16.969][VERB] RETURN: {"result":"$1933"}
[0m[0;32m[2026-09-16 13:22:16.970][VERB] COMMANDCALL: _C.SafeAPI.Execute(["v1.sketch.dimension",[{"type":"OFFSET","value":"@expr.d156_width","name":"width","id":1885,"geomIds":[1891]}]])
[0m[0;32m[2026-09-16 13:22:16.976][VERB] RETURN: {"result":"$1937"}
[0m[0;32m[2026-09-16 13:22:16.977][VERB] COMMANDCALL: _C.SafeAPI.Execute(["v1.sketch.dimension",[{"type":"OFFSET","value":"@expr.d157_depth","name":"depth","id":1885,"geomIds":[1895]}]])
[0m[0;32m[2026-09-16 13:22:16.984][VERB] RETURN: {"result":"$1941"}
[0m[0;32m[2026-09-16 13:22:16.984][VERB] COMMANDCALL: _C.SafeAPI.Execute(["v1.part.extrusion",[{"references":[1891,1895,1901,1907],"name":"F152_makeBox_cad_primitives_py_8","taperAngle":0,"limit2":"@expr.d158_height","id":4}]])
[0m[0;32m[2026-09-16 13:22:16.989][VERB] RETURN: {"result":"$1945"}
[0m[0;32m[2026-09-16 13:22:16.989][VERB] COMMANDCALL: _C.SafeAPI.Execute(["v1.part.workPlane",[{"type":"PLANE","references":[38],"name":"F160_makeBox_cad_primitives_py_8_plane","offset":"@expr.d161_plane_offset","id":4}]])
[0m[0;32m[2026-09-16 13:22:16.993][VERB] RETURN: {"result":"$1988"}
[0m[0;32m[2026-09-16 13:22:16.993][VERB] COMMANDCALL: _C.SafeAPI.Execute(["v1.sketch.create",[{"planeId":1988,"name":"F160_makeBox_cad_primitives_py_8_profile","id":4}]])
[0m[0;32m[2026-09-16 13:22:16.995][VERB] RETURN: {"result":"$1994"}
[0m[0;32m[2026-09-16 13:22:16.995][VERB] COMMANDCALL: _C.SafeAPI.Execute(["v1.sketch.rectangle",[{"startPos":[59.1,40.8,0],"id":1994,"genFixation":0,"endPos":[63.1,44.8,0]}]])
[0m[0;32m[2026-09-16 13:22:17.001][VERB] RETURN: {"result":["$2000","$2004","$2010","$2016"]}
[0m[0;32m[2026-09-16 13:22:17.001][VERB] COMMANDCALL: _C.SafeAPI.Execute(["v1.sketch.getPoints",[{"id":2000}]])
[0m[0;32m[2026-09-16 13:22:17.002][VERB] RETURN: {"result":{"endId":"$2002","startId":"$2001"}}
[0m[0;32m[2026-09-16 13:22:17.002][VERB] COMMANDCALL: _C.SafeAPI.Execute(["v1.sketch.point",[{"pos":[-1000,-1000,0],"id":1994}]])
[0m[0;32m[2026-09-16 13:22:17.004][VERB] RETURN: {"result":"$2032"}
[0m[0;32m[2026-09-16 13:22:17.004][VERB] COMMANDCALL: _C.SafeAPI.Execute(["v1.sketch.constraint",[{"type":"FIXATION","id":1994,"geomIds":[2032]}]])
[0m[0;32m[2026-09-16 13:22:17.005][VERB] RETURN: {"result":"$2034"}
[0m[0;32m[2026-09-16 13:22:17.005][VERB] COMMANDCALL: _C.SafeAPI.Execute(["v1.sketch.dimension",[{"type":"HORIZONTAL_DISTANCE","value":"@expr.d162_position_x","name":"position_x","id":1994,"geomIds":[2032,2001]}]])
[0m[0;32m[2026-09-16 13:22:17.010][VERB] RETURN: {"result":"$2038"}
[0m[0;32m[2026-09-16 13:22:17.011][VERB] COMMANDCALL: _C.SafeAPI.Execute(["v1.sketch.dimension",[{"type":"VERTICAL_DISTANCE","value":"@expr.d163_position_y","name":"position_y","id":1994,"geomIds":[2032,2001]}]])
[0m[0;32m[2026-09-16 13:22:17.017][VERB] RETURN: {"result":"$2042"}
[0m[0;32m[2026-09-16 13:22:17.017][VERB] COMMANDCALL: _C.SafeAPI.Execute(["v1.sketch.dimension",[{"type":"OFFSET","value":"@expr.d164_width","name":"width","id":1994,"geomIds":[2000]}]])
[0m[0;32m[2026-09-16 13:22:17.024][VERB] RETURN: {"result":"$2046"}
[0m[0;32m[2026-09-16 13:22:17.024][VERB] COMMANDCALL: _C.SafeAPI.Execute(["v1.sketch.dimension",[{"type":"OFFSET","value":"@expr.d165_depth","name":"depth","id":1994,"geomIds":[2004]}]])
[0m[0;32m[2026-09-16 13:22:17.032][VERB] RETURN: {"result":"$2050"}
[0m[0;32m[2026-09-16 13:22:17.032][VERB] COMMANDCALL: _C.SafeAPI.Execute(["v1.part.extrusion",[{"references":[2000,2004,2010,2016],"name":"F160_makeBox_cad_primitives_py_8","taperAngle":0,"limit2":"@expr.d166_height","id":4}]])
[0m[0;32m[2026-09-16 13:22:17.037][VERB] RETURN: {"result":"$2054"}
[0m[0;32m[2026-09-16 13:22:17.037][VERB] COMMANDCALL: _C.SafeAPI.Execute(["v1.part.workPlane",[{"type":"PLANE","references":[38],"name":"F167_makeCylinder_cad_primitives_py_12_plane","offset":"@expr.d168_plane_offset","id":4}]])
[0m[0;32m[2026-09-16 13:22:17.041][VERB] RETURN: {"result":"$2097"}
[0m[0;32m[2026-09-16 13:22:17.041][VERB] COMMANDCALL: _C.SafeAPI.Execute(["v1.sketch.create",[{"planeId":2097,"name":"F167_makeCylinder_cad_primitives_py_12_profile","id":4}]])
[0m[0;32m[2026-09-16 13:22:17.043][VERB] RETURN: {"result":"$2103"}
[0m[0;32m[2026-09-16 13:22:17.043][VERB] COMMANDCALL: _C.SafeAPI.Execute(["v1.sketch.circle",[{"radius":4,"id":2103,"genFixation":0,"centePVS_DELETE_PE 0x7cd99a7200
PVS_DELETE_PE 0x7cd99a75c0
PVS_DELETE_PE 0x7cd99a7840
PVS_DELETE_PE 0x7cd99a7980
rPos":[63.1,44.8,0]}]])
[0m[0;32m[2026-09-16 13:22:17.044][VERB] RETURN: {"result":"$2109"}
[0m[0;32m[2026-09-16 13:22:17.044][VERB] COMMANDCALL: _C.SafeAPI.Execute(["v1.sketch.getPoints",[{"id":2109}]])
[0m[0;32m[2026-09-16 13:22:17.044][VERB] RETURN: {"result":{"centerId":"$2110"}}
[0m[0;32m[2026-09-16 13:22:17.044][VERB] COMMANDCALL: _C.SafeAPI.Execute(["v1.sketch.point",[{"pos":[-1000,-1000,0],"id":2103}]])
[0m[0;32m[2026-09-16 13:22:17.045][VERB] RETURN: {"result":"$2112"}
[0m[0;32m[2026-09-16 13:22:17.046][VERB] COMMANDCALL: _C.SafeAPI.Execute(["v1.sketch.constraint",[{"type":"FIXATION","id":2103,"geomIds":[2112]}]])
[0m[0;32m[2026-09-16 13:22:17.046][VERB] RETURN: {"result":"$2114"}
[0m[0;32m[2026-09-16 13:22:17.047][VERB] COMMANDCALL: _C.SafeAPI.Execute(["v1.sketch.dimension",[{"type":"HORIZONTAL_DISTANCE","value":"@expr.d169_position_x","name":"position_x","id":2103,"geomIds":[2112,2110]}]])
[0m[0;32m[2026-09-16 13:22:17.051][VERB] RETURN: {"result":"$2118"}
[0m[0;32m[2026-09-16 13:22:17.051][VERB] COMMANDCALL: _C.SafeAPI.Execute(["v1.sketch.dimension",[{"type":"VERTICAL_DISTANCE","value":"@expr.d170_position_y","name":"position_y","id":2103,"geomIds":[2112,2110]}]])
[0m[0;32m[2026-09-16 13:22:17.056][VERB] RETURN: {"result":"$2122"}
[0m[0;32m[2026-09-16 13:22:17.056][VERB] COMMANDCALL: _C.SafeAPI.Execute(["v1.sketch.dimension",[{"type":"RADIUS","value":"@expr.d171_radius","name":"radius","id":2103,"geomIds":[2109]}]])
[0m[0;32m[2026-09-16 13:22:17.061][VERB] RETURN: {"result":"$2126"}
[0m[0;32m[2026-09-16 13:22:17.061][VERB] COMMANDCALL: _C.SafeAPI.Execute(["v1.part.extrusion",[{"references":[2109],"name":"F167_makeCylinder_cad_primitives_py_12","taperAngle":0,"limit2":"@expr.d172_height","id":4}]])
[0m[0;32m[2026-09-16 13:22:17.066][VERB] RETURN: {"result":"$2130"}
[0m[0;32m[2026-09-16 13:22:17.066][VERB] COMMANDCALL: _C.SafeAPI.Execute(["v1.part.boolean",[{"type":"SUBTRACTION","tools":[2130],"target":2054,"name":"F159_cut_housing_shell_py_39","id":4}]])
[0m[0;32m[2026-09-16 13:22:17.071][VERB] RETURN: {"result":"$2152"}
[0m[0;32m[2026-09-16 13:22:17.071][VERB] COMMANDCALL: _C.SafeAPI.Execute(["v1.part.workPlane",[{"type":"PLANE","references":[38],"name":"F174_makeBox_cad_primitives_py_8_plane","offset":"@expr.d175_plane_offset","id":4}]])
[0m[0;32m[2026-09-16 13:22:17.075][VERB] RETURN: {"result":"$2170"}
[0m[0;32m[2026-09-16 13:22:17.075][VERB] COMMANDCALL: _C.SafeAPI.Execute(["v1.sketch.create",[{"planeId":2170,"name":"F174_makeBox_cad_primitives_py_8_profile","id":4}]])
[0m[0;32m[2026-09-16 13:22:17.077][VERB] RETURN: {"result":"$2176"}
[0m[0;32m[2026-09-16 13:22:17.077][VERB] COMMANDCALL: _C.SafeAPI.Execute(["v1.sketch.rectangle",[{"startPos":[42.1,16.1,0],"id":2176,"genFixation":0,"endPos":[46.1,20.1,0]}]])
[0m[0;32m[2026-09-16 13:22:17.083][VERB] RETURN: {"result":["$2182","$2186","$2192","$2198"]}
[0m[0;32m[2026-09-16 13:22:17.083][VERB] COMMANDCALL: _C.SafeAPI.Execute(["v1.sketch.getPoints",[{"id":2182}]])
[0m[0;32m[2026-09-16 13:22:17.084][VERB] RETURN: {"result":{"endId":"$2184","startId":"$2183"}}
[0m[0;32m[2026-09-16 13:22:17.084][VERB] COMMANDCALL: _C.SafeAPI.Execute(["v1.sketch.point",[{"pos":[-1000,-1000,0],"id":2176}]])
[0m[0;32m[2026-09-16 13:22:17.086][VERB] RETURN: {"result":"$2214"}
[0m[0;32m[2026-09-16 13:22:17.086][VERB] COMMANDCALL: _C.SafeAPI.Execute(["v1.sketch.constraint",[{"type":"FIXATION","id":2176,"geomIds":[2214]}]])
[0m[0;32m[2026-09-16 13:22:17.087][VERB] RETURN: {"result":"$2216"}
[0m[0;32m[2026-09-16 13:22:17.087][VERB] COMMANDCALL: _C.SafeAPI.Execute(["v1.sketch.dimension",[{"type":"HORIZONTAL_DISTANCE","value":"@expr.d176_position_x","name":"position_x","id":2176,"geomIds":[2214,2183]}]])
[0m[0;32m[2026-09-16 13:22:17.092][VERB] RETURN: {"result":"$2220"}
[0m[0;32m[2026-09-16 13:22:17.093][VERB] COMMANDCALL: _C.SafeAPI.Execute(["v1.sketch.dimension",[{"type":"VERTICAL_DISTANCE","value":"@expr.d177_position_y","name":"position_y","id":2176,"geomIds":[2214,2183]}]])
[0m[0;32m[2026-09-16 13:22:17.098][VERB] RETPVS_DELETE_PE 0x7cd9aa0640
PVS_DELETE_PE 0x7cd9aa0a00
PVS_DELETE_PE 0x7cd9aa0c80
PVS_DELETE_PE 0x7cd9aa0dc0
URN: {"result":"$2224"}
[0m[0;32m[2026-09-16 13:22:17.099][VERB] COMMANDCALL: _C.SafeAPI.Execute(["v1.sketch.dimension",[{"type":"OFFSET","value":"@expr.d178_width","name":"width","id":2176,"geomIds":[2182]}]])
[0m[0;32m[2026-09-16 13:22:17.105][VERB] RETURN: {"result":"$2228"}
[0m[0;32m[2026-09-16 13:22:17.106][VERB] COMMANDCALL: _C.SafeAPI.Execute(["v1.sketch.dimension",[{"type":"OFFSET","value":"@expr.d179_depth","name":"depth","id":2176,"geomIds":[2186]}]])
[0m[0;32m[2026-09-16 13:22:17.113][VERB] RETURN: {"result":"$2232"}
[0m[0;32m[2026-09-16 13:22:17.113][VERB] COMMANDCALL: _C.SafeAPI.Execute(["v1.part.extrusion",[{"references":[2182,2186,2192,2198],"name":"F174_makeBox_cad_primitives_py_8","taperAngle":0,"limit2":"@expr.d180_height","id":4}]])
[0m[0;32m[2026-09-16 13:22:17.118][VERB] RETURN: {"result":"$2236"}
[0m[0;32m[2026-09-16 13:22:17.118][VERB] COMMANDCALL: _C.SafeAPI.Execute(["v1.part.workPlane",[{"type":"PLANE","references":[38],"name":"F181_makeCylinder_cad_primitives_py_12_plane","offset":"@expr.d182_plane_offset","id":4}]])
[0m[0;32m[2026-09-16 13:22:17.122][VERB] RETURN: {"result":"$2279"}
[0m[0;32m[2026-09-16 13:22:17.122][VERB] COMMANDCALL: _C.SafeAPI.Execute(["v1.sketch.create",[{"planeId":2279,"name":"F181_makeCylinder_cad_primitives_py_12_profile","id":4}]])
[0m[0;32m[2026-09-16 13:22:17.124][VERB] RETURN: {"result":"$2285"}
[0m[0;32m[2026-09-16 13:22:17.124][VERB] COMMANDCALL: _C.SafeAPI.Execute(["v1.sketch.circle",[{"radius":4,"id":2285,"genFixation":0,"centerPos":[42.1,16.1,0]}]])
[0m[0;32m[2026-09-16 13:22:17.125][VERB] RETURN: {"result":"$2291"}
[0m[0;32m[2026-09-16 13:22:17.125][VERB] COMMANDCALL: _C.SafeAPI.Execute(["v1.sketch.getPoints",[{"id":2291}]])
[0m[0;32m[2026-09-16 13:22:17.125][VERB] RETURN: {"result":{"centerId":"$2292"}}
[0m[0;32m[2026-09-16 13:22:17.125][VERB] COMMANDCALL: _C.SafeAPI.Execute(["v1.sketch.point",[{"pos":[-1000,-1000,0],"id":2285}]])
[0m[0;32m[2026-09-16 13:22:17.126][VERB] RETURN: {"result":"$2294"}
[0m[0;32m[2026-09-16 13:22:17.126][VERB] COMMANDCALL: _C.SafeAPI.Execute(["v1.sketch.constraint",[{"type":"FIXATION","id":2285,"geomIds":[2294]}]])
[0m[0;32m[2026-09-16 13:22:17.127][VERB] RETURN: {"result":"$2296"}
[0m[0;32m[2026-09-16 13:22:17.127][VERB] COMMANDCALL: _C.SafeAPI.Execute(["v1.sketch.dimension",[{"type":"HORIZONTAL_DISTANCE","value":"@expr.d183_position_x","name":"position_x","id":2285,"geomIds":[2294,2292]}]])
[0m[0;32m[2026-09-16 13:22:17.131][VERB] RETURN: {"result":"$2300"}
[0m[0;32m[2026-09-16 13:22:17.132][VERB] COMMANDCALL: _C.SafeAPI.Execute(["v1.sketch.dimension",[{"type":"VERTICAL_DISTANCE","value":"@expr.d184_position_y","name":"position_y","id":2285,"geomIds":[2294,2292]}]])
[0m[0;32m[2026-09-16 13:22:17.136][VERB] RETURN: {"result":"$2304"}
[0m[0;32m[2026-09-16 13:22:17.136][VERB] COMMANDCALL: _C.SafeAPI.Execute(["v1.sketch.dimension",[{"type":"RADIUS","value":"@expr.d185_radius","name":"radius","id":2285,"geomIds":[2291]}]])
[0m[0;32m[2026-09-16 13:22:17.141][VERB] RETURN: {"result":"$2308"}
[0m[0;32m[2026-09-16 13:22:17.142][VERB] COMMANDCALL: _C.SafeAPI.Execute(["v1.part.extrusion",[{"references":[2291],"name":"F181_makeCylinder_cad_primitives_py_12","taperAngle":0,"limit2":"@expr.d186_height","id":4}]])
[0m[0;32m[2026-09-16 13:22:17.147][VERB] RETURN: {"result":"$2312"}
[0m[0;32m[2026-09-16 13:22:17.147][VERB] COMMANDCALL: _C.SafeAPI.Execute(["v1.part.boolean",[{"type":"SUBTRACTION","tools":[2312],"target":2236,"name":"F173_cut_housing_shell_py_48","id":4}]])
[0m[0;32m[2026-09-16 13:22:17.152][VERB] RETURN: {"result":"$2334"}
[0m[0;32m[2026-09-16 13:22:17.152][VERB] COMMANDCALL: _C.SafeAPI.Execute(["v1.part.workPlane",[{"type":"PLANE","references":[38],"name":"F187_makeCylinder_cad_primitives_py_12_plane","offset":"@expr.d188_plane_offset","id":4}]])
[0m[0;32m[2026-09-16 13:22:17.156][VERB] RETURN: {"result":"$2352"}
[0m[0;32m[2026-09-16 13:22:17.156][VERB] COMMANDCALL: _C.SafeAPI.Execute(["v1.sketch.create",[{"planeId":2352,"name":"F187_makeCylinder_cad_primitives_py_12_profile","id":4}]])
[0m[0;32m[2026-09-16 13:22:17.158][VERB] RETURN: {"result":"$2358"}
[0m[0;32m[2026-09-16 13:22:17.158][VERB] COMMANDCALL: _C.SafeAPI.Execute(["v1.sketch.circle",[{"radius":4.5,"id":2358,"genFixation":0,"centerPos":[86.8,38.9,0]}]])
[0m[0;32m[2026-09-16 13:22:17.159][VERB] RETURN: {"result":"$2364"}
[0m[0;32m[2026-09-16 13:22:17.159][VERB] COMMANDCALL: _C.SafeAPI.Execute(["v1.sketch.getPoints",[{"id":2364}]])
[0m[0;32m[2026-09-16 13:22:17.159][VERB] RETURN: {"result":{"centerId":"$2365"}}
[0m[0;32m[2026-09-16 13:22:17.159][VERB] COMMANDCALL: _C.SafeAPI.Execute(["v1.sketch.point",[{"pos":[-1000,-1000,0],"id":2358}]])
[0m[0;32m[2026-09-16 13:22:17.160][VERB] RETURN: {"result":"$2367"}
[0m[0;32m[2026-09-16 13:22:17.160][VERB] COMMANDCALL: _C.SafeAPI.Execute(["v1.sketch.constraint",[{"type":"FIXATION","id":2358,"geomIds":[2367]}]])
[0m[0;32m[2026-09-16 13:22:17.161][VERB] RETURN: {"result":"$2369"}
[0m[0;32m[2026-09-16 13:22:17.161][VERB] COMMANDCALL: _C.SafeAPI.Execute(["v1.sketch.dimension",[{"type":"HORIZONTAL_DISTANCE","value":"@expr.d189_position_x","name":"position_x","id":2358,"geomIds":[2367,2365]}]])
[0m[0;32m[2026-09-16 13:22:17.165][VERB] RETURN: {"result":"$2373"}
[0m[0;32m[2026-09-16 13:22:17.166][VERB] COMMANDCALL: _C.SafeAPI.Execute(["v1.sketch.dimension",[{"type":"VERTICAL_DISTANCE","value":"@expr.d190_position_y","name":"position_y","id":2358,"geomIds":[2367,2365]}]])
[0m[0;32m[2026-09-16 13:22:17.170][VERB] RETURN: {"result":"$2377"}
[0m[0;32m[2026-09-16 13:22:17.170][VERB] COMMANDCALL: _C.SafeAPI.Execute(["v1.sketch.dimension",[{"type":"RADIUS","value":"@expr.d191_radius","name":"radius","id":2358,"geomIds":[2364]}]])
[0m[0;32m[2026-09-16 13:22:17.175][VERB] RETURN: {"result":"$2381"}
[0m[0;32m[2026-09-16 13:22:17.176][VERB] COMMANDCALL: _C.SafeAPI.Execute(["v1.part.extrusion",[{"references":[2364],"name":"F187_makeCylinder_cad_primitives_py_12","taperAngle":0,"limit2":"@expr.d192_height","id":4}]])
[0m[0;32m[2026-09-16 13:22:17.181][VERB] RETURN: {"result":"$2385"}
[0m[0;32m[2026-09-16 13:22:17.181][VERB] COMMANDCALL: _C.SafeAPI.Execute(["v1.part.workPlane",[{"type":"PLANE","references":[38],"name":"F193_makeBox_cad_primitives_py_8_plane","offset":"@expr.d194_plane_offset","id":4}]])
[0m[0;32m[2026-09-16 13:22:17.185][VERB] RETURN: {"result":"$2407"}
[0m[0;32m[2026-09-16 13:22:17.185][VERB] COMMANDCALL: _C.SafeAPI.Execute(["v1.sketch.create",[{"planeId":2407,"name":"F193_makeBox_cad_primitives_py_8_profile","id":4}]])
[0m[0;32m[2026-09-16 13:22:17.187][VERB] RETURN: {"result":"$2413"}
[0m[0;32m[2026-09-16 13:22:17.187][VERB] COMMANDCALL: _C.SafeAPI.Execute(["v1.sketch.rectangle",[{"startPos":[86.8,30,0],"id":2413,"genFixation":0,"endPos":[92.5,43,0]}]])
[0m[0;32m[2026-09-16 13:22:17.193][VERB] RETURN: {"result":["$2419","$2423","$2429","$2435"]}
[0m[0;32m[2026-09-16 13:22:17.193][VERB] COMMANDCALL: _C.SafeAPI.Execute(["v1.sketch.getPoints",[{"id":2419}]])
[0m[0;32m[2026-09-16 13:22:17.194][VERB] RETURN: {"result":{"endId":"$2421","startId":"$2420"}}
[0m[0;32m[2026-09-16 13:22:17.194][VERB] COMMANDCALL: _C.SafeAPI.Execute(["v1.sketch.point",[{"pos":[-1000,-1000,0],"id":2413}]])
[0m[0;32m[2026-09-16 13:22:17.196][VERB] RETURN: {"result":"$2451"}
[0m[0;32m[2026-09-16 13:22:17.196][VERB] COMMANDCALL: _C.SafeAPI.Execute(["v1.sketch.constraint",[{"type":"FIXATION","id":2413,"geomIds":[2451]}]])
[0m[0;32m[2026-09-16 13:22:17.197][VERB] RETURN: {"result":"$2453"}
[0m[0;32m[2026-09-16 13:22:17.197][VERB] COMMANDCALL: _C.SafeAPI.Execute(["v1.sketch.dimension",[{"type":"HORIZONTAL_DISTANCE","value":"@expr.d195_position_x","name":"position_x","id":2413,"geomIds":[2451,2420]}]])
[0m[0;32m[2026-09-16 13:22:17.202][VERB] RETURN: {"result":"$2457"}
[0m[0;32m[2026-09-16 13:22:17.203][VERB] COMMANDCALL: _C.SafeAPI.Execute(["v1.sketch.dimension",[{"type":"VERTICAL_DISTANCE","value":"@expr.d196_position_y","name":"position_y","id":2413,"geomIds":[2451,2420]}]])
[0m[0;32m[2026-09-16 13:22:17.208][VERB] RETURN: {"result":"$2461"}
[0m[0;32m[202PVS_DELETE_PE 0x7cd9406f80
PVS_DELETE_PE 0x7cd9407340
PVS_DELETE_PE 0x7cd9407480
PVS_DELETE_PE 0x7cd94075c0
PVS_DELETE_PE 0x7cd9407980
PVS_DELETE_PE 0x7cd9407d40
PVS_DELETE_PE 0x7cd9407e80
PVS_DELETE_PE 0x7cd940c000
PVS_DELETE_PE 0x7cd940c140
PVS_DELETE_PE 0x7cd940c280
PVS_DELETE_PE 0x7cd940c3c0
PVS_DELETE_PE 0x7cd940c500
PVS_DELETE_PE 0x7cd94221c0
PVS_DELETE_PE 0x7cd9b94dc0
PVS_DELETE_PE 0x7cd9b94c80
PVS_DELETE_PE 0x7cd9b948c0
PVS_DELETE_PE 0x7cd9b94780
PVS_DELETE_PE 0x7cd9b94280
PVS_DELETE_PE 0x7cd9b94140
PVS_DELETE_PE 0x7cd9423ac0
PVS_DELETE_PE 0x7cd9b93e80
PVS_DELETE_PE 0x7cd9b93d40
PVS_DELETE_PE 0x7cd9b95b80
PVS_DELETE_PE 0x7cd9b957c0
PVS_DELETE_PE 0x7cd9b95400
PVS_DELETE_PE 0x7cd9b95180
PVS_DELETE_PE 0x7cd9b95040
PVS_DELETE_PE 0x7cd9b94a00
PVS_DELETE_PE 0x7cd9b94500
PVS_DELETE_PE 0x7cd9b943c0
PVS_DELETE_PE 0x7cd9b94dc0
PVS_DELETE_PE 0x7cd9b95a40
PVS_DELETE_PE 0x7cd9b970c0
PVS_DELETE_PE 0x7cd9b96e40
PVS_DELETE_PE 0x7cd9b96bc0
PVS_DELETE_PE 0x7cd9b96a80
PVS_DELETE_PE 0x7cd9b96800
PVS_DELETE_PE 0x7cd9b96580
PVS_DELETE_PE 0x7cd9b96440
PVS_DELETE_PE 0x7cd9b96300
PVS_DELETE_PE 0x7cd9b92800
PVS_DELETE_PE 0x7cd9b92bc0
PVS_DELETE_PE 0x7cd9b92f80
PVS_DELETE_PE 0x7cd9b917c0
PVS_DELETE_PE 0x7cd9b91e00
PVS_DELETE_PE 0x7cd9b91cc0
PVS_DELETE_PE 0x7cd9b935c0
PVS_DELETE_PE 0x7cd9b93340
PVS_DELETE_PE 0x7cd9b94f00
PVS_DELETE_PE 0x7cd9b97c00
PVS_DELETE_PE 0x7cd9b97e80
PVS_DELETE_PE 0x7cd9b97ac0
PVS_DELETE_PE 0x7cd9b975c0
PVS_DELETE_PE 0x7cd9b97340
PVS_DELETE_PE 0x7cd9b952c0
PVS_DELETE_PE 0x7cd9b966c0
PVS_DELETE_PE 0x7cd9b96940
PVS_DELETE_PE 0x7cd9b84f00
PVS_DELETE_PE 0x7cd9b87d40
PVS_DELETE_PE 0x7cd9b85cc0
PVS_DELETE_PE 0x7cd9b86580
PVS_DELETE_PE 0x7cd9b861c0
PVS_DELETE_PE 0x7cd9b84a00
PVS_DELETE_PE 0x7cd9b86bc0
PVS_DELETE_PE 0x7cd9ba97c0
PVS_DELETE_PE 0x7cd9ba9680
PVS_DELETE_PE 0x7cd9ba9400
PVS_DELETE_PE 0x7cd9ba9180
PVS_DELETE_PE 0x7cd9ba8f00
PVS_DELETE_PE 0x7cd9ba8dc0
PVS_DELETE_PE 0x7cd9ba8b40
PVS_DELETE_PE 0x7cd9ba88c0
PVS_DELETE_PE 0x7cd9ba8780
PVS_DELETE_PE 0x7cd9ba8640
PVS_DELETE_PE 0x7cd9ba8500
PVS_DELETE_PE 0x7cd94117c0
PVS_DELETE_PE 0x7cd9411a40
PVS_DELETE_PE 0x7cd94112c0
PVS_DELETE_PE 0x7cd9411cc0
PVS_DELETE_PE 0x7cd9412080
PVS_DELETE_PE 0x7cd9412300
PVS_DELETE_PE 0x7cd9412440
PVS_DELETE_PE 0x7cd9412580
PVS_DELETE_PE 0x7cd9412a80
PVS_DELETE_PE 0x7cd9412bc0
PVS_DELETE_PE 0x7cd9baa580
PVS_DELETE_PE 0x7cd9babd40
PVS_DELETE_PE 0x7cd9baa6c0
PVS_DELETE_PE 0x7cd9bab700
PVS_DELETE_PE 0x7cd9bab840
PVS_DELETE_PE 0x7cd9bab200
PVS_DELETE_PE 0x7cd9bab5c0
PVS_DELETE_PE 0x7cd9ba9900
PVS_DELETE_PE 0x7cd9ba9e00
PVS_DELETE_PE 0x7cd9ba88c0
PVS_DELETE_PE 0x7cd9ba8c80
PVS_DELETE_PE 0x7cd9ba8280
PVS_DELETE_PE 0x7cd9ba8b40
PVS_DELETE_PE 0x7cd9baa440
PVS_DELETE_PE 0x7cd9babc00
PVS_DELETE_PE 0x7cd9babac0
PVS_DELETE_PE 0x7cd9baa080
PVS_DELETE_PE 0x7cd9bab5c0
PVS_DELETE_PE 0x7cd9b86a80
PVS_DELETE_PE 0x7cd9bb5040
PVS_DELETE_PE 0x7cd9bb4f00
PVS_DELETE_PE 0x7cd9bb4c80
PVS_DELETE_PE 0x7cd9bb4a00
PVS_DELETE_PE 0x7cd9bb4780
PVS_DELETE_PE 0x7cd9bb4640
PVS_DELETE_PE 0x7cd9bb4500
PVS_DELETE_PE 0x7cd9bab700
PVS_DELETE_PE 0x7cd9bab200
PVS_DELETE_PE 0x7cd9baa440
PVS_DELETE_PE 0x7cd9ba8140
PVS_DELETE_PE 0x7cd9ba9a40
PVS_DELETE_PE 0x7cd9ba8b40
PVS_DELETE_PE 0x7cd9babac0
PVS_DELETE_PE 0x7cd9ba9680
PVS_DELETE_PE 0x7cd9ba9400
PVS_DELETE_PE 0x7cd9ba8dc0
PVS_DELETE_PE 0x7cd9a98a00
PVS_DELETE_PE 0x7cd9a99680
PVS_DELETE_PE 0x7cd9a99180
PVS_DELETE_PE 0x7cd9bb4140
PVS_DELETE_PE 0x7cd9bb43c0
PVS_DELETE_PE 0x7cd9bb61c0
PVS_DELETE_PE 0x7cd9bb6080
PVS_DELETE_PE 0x7cd9bb5e00
PVS_DELETE_PE 0x7cd9bb5cc0
PVS_DELETE_PE 0x7cd9b91a40
PVS_DELETE_PE 0x7cd9b912c0
PVS_DELETE_PE 0x7cd9b90b40
PVS_DELETE_PE 0x7cd9b90dc0
PVS_DELETE_PE 0x7cd9b91040
PVS_DELETE_PE 0x7cd9b93480
PVS_DELETE_PE 0x7cd9b92f80
PVS_DELETE_PE 0x7cd9b91e00
PVS_DELETE_PE 0x7cd9b917c0
PVS_DELETE_PE 0x7cd9b91cc0
PVS_DELETE_PE 0x7cd9b90500
PVS_DELETE_PE 0x7cd9b91b80
PVS_DELETE_PE 0x7cd9b90140
PVS_DELETE_PE 0x7cd9b90280
PVS_DELETE_PE 0x7cd9b93ac0
PVS_DELETE_PE 0x7cd9b93840
PVS_DELETE_PE 0x7cd9bca6c0
PVS_DELETE_PE 0x7cd9bca440
PVS_DELETE_PE 0x7cd9bca1c0
PVS_DELETE_PE 0x7cd9bca080
PVS_DELETE_PE 0x7cd9bc9a40
PVS_DELETE_PE 0x7cd9bc9900
PVS_DELETE_PE 0x7cd9bc9680
PVS_DELETE_PE 0x7cd9bc9540
PVS_DELETE_PE 0x7cd9bc92c0
PVS_DELETE_PE 0x7cd9bc9f40
PVS_DELETE_PE 0x7cd9bbfac0
PVS_DELETE_PE 0x7cd9bbfd40
PVS_DELETE_PE 0x7cd9bbd2c0
PVS_DELETE_PE 0x7cd9bbd400
PVS_DELETE_PE 0x7cd9bbfe80
PVS_DELETE_PE 0x7cd9bbf840
PVS_DELETE_PE 0x7cd9bbf980
PVS_DELETE_PE 0x7cd9bbfac0
PVS_DELETE_PE 0x7cd9bbc8c0
PVS_DELETE_PE 0x7cd9bbc780
PVS_DELETE_PE 0x7cd9bbda40
PVS_DELETE_PE 0x7cd9bbc500
PVS_DELETE_PE 0x7cd9bbe940
PVS_DELETE_PE 0x7cd9bbe6c0
PVS_DELETE_PE 0x7cd9bbe080
PVS_DELETE_PE 0x7cd9bbed00
PVS_DELETE_PE 0x7cd9bbebc0
PVS_DELETE_PE 0x7cd9bbc640
PVS_DELETE_PE 0x7cd9b92940
PVS_DELETE_PE 0x7cd9b92300
PVS_DELETE_PE 0x7cd9b90140
PVS_DELETE_PE 0x7cd9b93980
PVS_DELETE_PE 0x7cd9b90f00
PVS_DELETE_PE 0x7cd9b92d00
PVS_DELETE_PE 0x7cd9b930c0
PVS_DELETE_PE 0x7cd9b93840
PVS_DELETE_PE 0x7cd9b93480
PVS_DELETE_PE 0x7cd9b92f80
PVS_DELETE_PE 0x7cd9b917c0
PVS_DELETE_PE 0x7cd9b91e00
PVS_DELETE_PE 0x7cd940ed00
PVS_DELETE_PE 0x7cd940d2c0
PVS_DELETE_PE 0x7cd940fe80
PVS_DELETE_PE 0x7cd940de00
PVS_DELETE_PE 0x7cd940e300
PVS_DELETE_PE 0x7cd940cf00
PVS_DELETE_PE 0x7cd9bdb340
PVS_DELETE_PE 0x7cd9bdb0c0
PVS_DELETE_PE 0x7cd9bdaf80
PVS_DELETE_PE 0x7cd9b92580
PVS_DELETE_PE 0x7cd9b93340
PVS_DELETE_PE 0x7cd9b917c0
PVS_DELETE_PE 0x7cd9b92940
PVS_DELETE_PE 0x7cd9b92300
PVS_DELETE_PE 0x7cd9b93480
PVS_DELETE_PE 0x7cd9b93840
PVS_DELETE_PE 0x7cd9be3ac0
PVS_DELETE_PE 0x7cd9be3840
PVS_DELETE_PE 0x7cd9be1680
PVS_DELETE_PE 0x7cd9be35c0
PVS_DELETE_PE 0x7cd9be1900
PVS_DELETE_PE 0x7cd9be1cc0
PVS_DELETE_PE 0x7cd9be2a80
PVS_DELETE_PE 0x7cd9be2940
PVS_DELETE_PE 0x7cd9be2800
PVS_DELETE_PE 0x7cd9bbfe80
PVS_DELETE_PE 0x7cd9bbd2c0
PVS_DELETE_PE 0x7cd9bbc280
PVS_DELETE_PE 0x7cd9bbd540
PVS_DELETE_PE 0x7cd9bf2d00
PVS_DELETE_PE 0x7cd9bf2a80
PVS_DELETE_PE 0x7cd9bf2800
PVS_DELETE_PE 0x7cd9bf2580
PVS_DELETE_PE 0x7cd9bf2440
PVS_DELETE_PE 0x7cd9bf21c0
PVS_DELETE_PE 0x7cd9bf2080
PVS_DELETE_PE 0x7cd9bbcdc0
PVS_DELETE_PE 0x7cd9bbda40
PVS_DELETE_PE 0x7cd9bbcb40
PVS_DELETE_PE 0x7cd9bbd180
PVS_DELETE_PE 0x7cd9bbd7c0
PVS_DELETE_PE 0x7cd9bbd540
PVS_DELETE_PE 0x7cd9bbc280
PVS_DELETE_PE 0x7cd9bbfe80
PVS_DELETE_PE 0x7cd9bfa1c0
PVS_DELETE_PE 0x7cd9bfa080
PVS_DELETE_PE 0x7cd9bf9f40
PVS_DELETE_PE 0x7cd9bf8500
PVS_DELETE_PE 0x7cd9bf8c80
PVS_DELETE_PE 0x7cd9bf8f00
PVS_DELETE_PE 0x7cd9bf9b80
PVS_DELETE_PE 0x7cd9bf9cc0
PVS_DELETE_PE 0x7cd9bfbd40
PVS_DELETE_PE 0x7cd9bfbac0
PVS_DELETE_PE 0x7cd9bfb980
PVS_DELETE_PE 0x7cd9bfb840
PVS_DELETE_PE 0x7cd9bfb5c0
PVS_DELETE_PE 0x7cd9bfb340
PVS_DELETE_PE 0x7cd9bfb200
PVS_DELETE_PE 0x7cd9bfa300
PVS_DELETE_PE 0x7cd9bfa440
PVS_DELETE_PE 0x7cd9bfaa80
PVS_DELETE_PE 0x7cd9bfabc0
PVS_DELETE_PE 0x7cd9bf8b40
PVS_DELETE_PE 0x7cd9bf8280
PVS_DELETE_PE 0x7cd9bf9540
PVS_DELETE_PE 0x7cd9bfb5c0
PVS_DELETE_PE 0x7cd9bf9180
PVS_DELETE_PE 0x7cd9bf9f40
PVS_DELETE_PE 0x7cd9bfbd40
PVS_DELETE_PE 0x7cd9bf9cc0
PVS_DELETE_PE 0x7cd9bf9b80
PVS_DELETE_PE 0x7cd9bf8f00
PVS_DELETE_PE 0x7cd9bf8500
PVS_DELETE_PE 0x7cd940df40
PVS_DELETE_PE 0x7cd940e1c0
6-09-16 13:22:17.209][VERB] COMMANDCALL: _C.SafeAPI.Execute(["v1.sketch.dimension",[{"type":"OFFSET","value":"@expr.d197_width","name":"width","id":2413,"geomIds":[2419]}]])
[0m[0;32m[2026-09-16 13:22:17.215][VERB] RETURN: {"result":"$2465"}
[0m[0;32m[2026-09-16 13:22:17.215][VERB] COMMANDCALL: _C.SafeAPI.Execute(["v1.sketch.dimension",[{"type":"OFFSET","value":"@expr.d198_depth","name":"depth","id":2413,"geomIds":[2423]}]])
[0m[0;32m[2026-09-16 13:22:17.223][VERB] RETURN: {"result":"$2469"}
[0m[0;32m[2026-09-16 13:22:17.223][VERB] COMMANDCALL: _C.SafeAPI.Execute(["v1.part.extrusion",[{"references":[2419,2423,2429,2435],"name":"F193_makeBox_cad_primitives_py_8","taperAngle":0,"limit2":"@expr.d199_height","id":4}]])
[0m[0;32m[2026-09-16 13:22:17.228][VERB] RETURN: {"result":"$2473"}
[0m[0;32m[2026-09-16 13:22:17.228][VERB] COMMANDCALL: _C.SafeAPI.Execute(["v1.part.boolean",[{"type":"UNION","tools":[231,307,362,417,472,560,669,745,800,855,910,998,1107,1183,1238,1293,1348,1436,1545,1752,1836,1945,2152,2334,2385,2473],"target":122,"name":"F2_union_cad_primitives_py_17","id":4}]])
[0m[0;32m[2026-09-16 13:22:17.271][VERB] RETURN: {"result":"$2516"}
[0m[0;32m[2026-09-16 13:22:17.271][VERB] COMMANDCALL: _C.SafeAPI.Execute(["v1.common.setDatabaseSettings",[{"isSketchGraphicEnabled":1,"isGraphicEnabled":1,"isCCGraphicEnabled":1,"doCurveTessellation":1}]])
[0m[0;32m[2026-09-16 13:22:17.272][VERB] RETURN: {"result":null}
[0m[2026-09-16 13:22:17.315][DEBUG] Build graphic in: 28ms
[0;32m[2026-09-16 13:22:17.331][VERB] COMMANDCALL: _C.SafeAPI.Execute(["v1.part.chamfer",[{"references":[2823,3034,2933,3097,2625,3098,2780,2794,2793,2705,2781,2670,2680,2814,2813,3084,3083,3077,3073,3121,3120,3155,3154,3022,3090,2994,3032,3150,3151,3152,3153],"name":"F1_chamfer_shell_skin_py_17","id":4,"distance1":"@expr.d200_cham ...
[0m[0;32m[2026-09-16 13:22:17.508][VERB] RETURN: {"result":"$3169"}
[0m[0;32m[2026-09-16 13:22:17.509][VERB] COMMANDCALL: _C.SafeAPI.Execute(["v1.sketch.create",[{"planeId":38,"name":"F201_chamfer_shell_skin_py_17_middle_profile","id":4}]])
[0m[0;32m[2026-09-16 13:22:17.511][VERB] RETURN: {"result":"$3508"}
[0m[0;32m[2026-09-16 13:22:17.511][VERB] COMMANDCALL: _C.SafeAPI.Execute(["v1.sketch.point",[{"pos":[-1000,-1000,0],"id":3508}]])
[0m[0;32m[2026-09-16 13:22:17.512][VERB] RETURN: {"result":"$3514"}
[0m[0;32m[2026-09-16 13:22:17.512][VERB] COMMANDCALL: _C.SafeAPI.Execute(["v1.sketch.constraint",[{"type":"FIXATION","id":3508,"geomIds":[3514]}]])
[0m[0;32m[2026-09-16 13:22:17.513][VERB] RETURN: {"result":"$3516"}
[0m[0;32m[2026-09-16 13:22:17.513][VERB] COMMANDCALL: _C.SafeAPI.Execute(["v1.sketch.line",[{"startPos":[2.1,1.6,0],"genIncidence":0,"genTangency":0,"genFixation":0,"genVertAndHoriz":0,"id":3508,"endPos":[53,1.6,0]}]])
[0m[0;32m[2026-09-16 13:22:17.515][VERB] RETURN: {"result":"$3518"}
[0m[0;32m[2026-09-16 13:22:17.515][VERB] COMMANDCALL: _C.SafeAPI.Execute(["v1.sketch.getPoints",[{"id":3518}]])
[0m[0;32m[2026-09-16 13:22:17.515][VERB] RETURN: {"result":{"endId":"$3520","startId":"$3519"}}
[0m[0;32m[2026-09-16 13:22:17.515][VERB] COMMANDCALL: _C.SafeAPI.Execute(["v1.sketch.dimension",[{"type":"HORIZONTAL_DISTANCE","value":"@expr.d202_x","name":"x","id":3508,"geomIds":[3514,3519]}]])
[0m[0;32m[2026-09-16 13:22:17.519][VERB] RETURN: {"result":"$3524"}
[0m[0;32m[2026-09-16 13:22:17.520][VERB] COMMANDCALL: _C.SafeAPI.Execute(["v1.sketch.dimension",[{"type":"VERTICAL_DISTANCE","value":"@expr.d203_y","name":"y","id":3508,"geomIds":[3514,3519]}]])
[0m[0;32m[2026-09-16 13:22:17.524][VERB] RETURN: {"result":"$3528"}
[0m[0;32m[2026-09-16 13:22:17.525][VERB] COMMANDCALL: _C.SafeAPI.Execute(["v1.sketch.dimension",[{"type":"HORIZONTAL_DISTANCE","value":"@expr.d204_x","name":"x","id":3508,"geomIds":[3514,3520]}]])
[0m[0;32m[2026-09-16 13:22:17.530][VERB] RETURN: {"result":"$3532"}
[0m[0;32m[2026-09-16 13:22:17.531][VERB] COMMANDCALL: _C.SafeAPI.Execute(["v1.sketch.dimension",[{"type":"VERTICAL_DISTANCE","value":"@expr.d205_y","name":"y","id":3508,"geomIds":[3514,3520]}]])
[0m[0;32m[2026-09-16 13:22:17.537][VERB] RETURN: {"result":"$3536"}
[0m[0;32m[2026-09-16 13:22:17.537][VERB] COMMANDCALL: _C.SafeAPI.Execute(["v1.sketch.line",[{"startPos":[53,1.6,0],"genIncidence":0,"genTangency":0,"genFixation":0,"genVertAndHoriz":0,"id":3508,"endPos":[53.5,2.1,0]}]])
[0m[0;32m[2026-09-16 13:22:17.540][VERB] RETURN: {"result":"$3538"}
[0m[0;32m[2026-09-16 13:22:17.540][VERB] COMMANDCALL: _C.SafeAPI.Execute(["v1.sketch.getPoints",[{"id":3538}]])
[0m[0;32m[2026-09-16 13:22:17.540][VERB] RETURN: {"result":{"endId":"$3540","startId":"$3539"}}
[0m[0;32m[2026-09-16 13:22:17.540][VERB] COMMANDCALL: _C.SafeAPI.Execute(["v1.sketch.dimension",[{"type":"HORIZONTAL_DISTANCE","value":"@expr.d206_x","name":"x","id":3508,"geomIds":[3514,3539]}]])
[0m[0;32m[2026-09-16 13:22:17.547][VERB] RETURN: {"result":"$3544"}
[0m[0;32m[2026-09-16 13:22:17.547][VERB] COMMANDCALL: _C.SafeAPI.Execute(["v1.sketch.dimension",[{"type":"VERTICAL_DISTANCE","value":"@expr.d207_y","name":"y","id":3508,"geomIds":[3514,3539]}]])
[0m[0;32m[2026-09-16 13:22:17.555][VERB] RETURN: {"result":"$3548"}
[0m[0;32m[2026-09-16 13:22:17.556][VERB] COMMANDCALL: _C.SafeAPI.Execute(["v1.sketch.dimension",[{"type":"HORIZONTAL_DISTANCE","value":"@expr.d208_x","name":"x","id":3508,"geomIds":[3514,3540]}]])
[0m[0;32m[2026-09-16 13:22:17.564][VERB] RETURN: {"result":"$3552"}
[0m[0;32m[2026-09-16 13:22:17.564][VERB] COMMANDCALL: _C.SafeAPI.Execute(["v1.sketch.dimension",[{"type":"VERTICAL_DISTANCE","value":"@expr.d209_y","name":"y","id":3508,"geomIds":[3514,3540]}]])
[0m[0;32m[2026-09-16 13:22:17.573][VERB] RETURN: {"result":"$3556"}
[0m[0;32m[2026-09-16 13:22:17.574][VERB] COMMANDCALL: _C.SafeAPI.Execute(["v1.sketch.line",[{"startPos":[53.5,2.1,0],"genIncidence":0,"genTangency":0,"genFixation":0,"genVertAndHoriz":0,"id":3508,"endPos":[53.5,25.1,0]}]])
[0m[0;32m[2026-09-16 13:22:17.578][VERB] RETURN: {"result":"$3558"}
[0m[0;32m[2026-09-16 13:22:17.578][VERB] COMMANDCALL: _C.SafeAPI.Execute(["v1.sketch.getPoints",[{"id":3558}]])
[0m[0;32m[2026-09-16 13:22:17.578][VERB] RETURN: {"result":{"endId":"$3560","startId":"$3559"}}
[0m[0;32m[2026-09-16 13:22:17.579][VERB] COMMANDCALL: _C.SafeAPI.Execute(["v1.sketch.dimension",[{"type":"HORIZONTAL_DISTANCE","value":"@expr.d210_x","name":"x","id":3508,"geomIds":[3514,3559]}]])
[0m[0;32m[2026-09-16 13:22:17.588][VERB] RETURN: {"result":"$3564"}
[0m[0;32m[2026-09-16 13:22:17.589][VERB] COMMANDCALL: _C.SafeAPI.Execute(["v1.sketch.dimension",[{"type":"VERTICAL_DISTANCE","value":"@expr.d211_y","name":"y","id":3508,"geomIds":[3514,3559]}]])
[0m[0;32m[2026-09-16 13:22:17.599][VERB] RETURN: {"result":"$3568"}
[0m[0;32m[2026-09-16 13:22:17.600][VERB] COMMANDCALL: _C.SafeAPI.Execute(["v1.sketch.dimension",[{"type":"HORIZONTAL_DISTANCE","value":"@expr.d212_x","name":"x","id":3508,"geomIds":[3514,3560]}]])
[0m[0;32m[2026-09-16 13:22:17.611][VERB] RETURN: {"result":"$3572"}
[0m[0;32m[2026-09-16 13:22:17.611][VERB] COMMANDCALL: _C.SafeAPI.Execute(["v1.sketch.dimension",[{"type":"VERTICAL_DISTANCE","value":"@expr.d213_y","name":"y","id":3508,"geomIds":[3514,3560]}]])
[0m[0;32m[2026-09-16 13:22:17.623][VERB] RETURN: {"result":"$3576"}
[0m[0;32m[2026-09-16 13:22:17.623][VERB] COMMANDCALL: _C.SafeAPI.Execute(["v1.sketch.line",[{"startPos":[53.5,25.1,0],"genIncidence":0,"genTangency":0,"genFixation":0,"genVertAndHoriz":0,"id":3508,"endPos":[53,25.6,0]}]])
[0m[0;32m[2026-09-16 13:22:17.629][VERB] RETURN: {"result":"$3578"}
[0m[0;32m[2026-09-16 13:22:17.629][VERB] COMMANDCALL: _C.SafeAPI.Execute(["v1.sketch.getPoints",[{"id":3578}]])
[0m[0;32m[2026-09-16 13:22:17.629][VERB] RETURN: {"result":{"endId":"$3580","startId":"$3579"}}
[0m[0;32m[2026-09-16 13:22:17.630][VERB] COMMANDCALL: _C.SafeAPI.Execute(["v1.sketch.dimension",[{"type":"HORIZONTAL_DISTANCE","value":"@expr.d214_x","name":"x","id":3508,"geomIds":[3514,3579]}]])
[0m[0;32m[2026-09-16 13:22:17.642][VERB] RETURN: {"result":"$3584"}
[0m[0;32m[2026-09-16 13:22:17.643][VERB] COMMANDCALL: _C.SafeAPI.Execute(["v1.sketch.dimension",[{"type":"VERTICAL_DISTANCE","value":"@expr.d215_y","name":"y","id":3508,"geomIds":[3514,3579]}]])
[0m[0;32m[2026-09-16 13:22:17.656][VERB] RETURN: {"result":"$3588"}
[0m[0;32m[2026-09-16 13:22:17.656][VERB] COMMANDCALL: _C.SafeAPI.Execute(["v1.sketch.dimension",[{"type":"HORIZONTAL_DISTANCE","value":"@expr.d216_x","name":"x","id":3508,"geomIds":[3514,3580]}]])
[0m[0;32m[2026-09-16 13:22:17.670][VERB] RETURN: {"result":"$3592"}
[0m[0;32m[2026-09-16 13:22:17.670][VERB] COMMANDCALL: _C.SafeAPI.Execute(["v1.sketch.dimension",[{"type":"VERTICAL_DISTANCE","value":"@expr.d217_y","name":"y","id":3508,"geomIds":[3514,3580]}]])
[0m[0;32m[2026-09-16 13:22:17.685][VERB] RETURN: {"result":"$3596"}
[0m[0;32m[2026-09-16 13:22:17.686][VERB] COMMANDCALL: _C.SafeAPI.Execute(["v1.sketch.line",[{"startPos":[53,25.6,0],"genIncidence":0,"genTangency":0,"genFixation":0,"genVertAndHoriz":0,"id":3508,"endPos":[2.1,25.6,0]}]])
[0m[0;32m[2026-09-16 13:22:17.693][VERB] RETURN: {"result":"$3598"}
[0m[0;32m[2026-09-16 13:22:17.693][VERB] COMMANDCALL: _C.SafeAPI.Execute(["v1.sketch.getPoints",[{"id":3598}]])
[0m[0;32m[2026-09-16 13:22:17.693][VERB] RETURN: {"result":{"endId":"$3600","startId":"$3599"}}
[0m[0;32m[2026-09-16 13:22:17.693][VERB] COMMANDCALL: _C.SafeAPI.Execute(["v1.sketch.dimension",[{"type":"HORIZONTAL_DISTANCE","value":"@expr.d218_x","name":"x","id":3508,"geomIds":[3514,3599]}]])
[0m[0;32m[2026-09-16 13:22:17.710][VERB] RETURN: {"result":"$3604"}
[0m[0;32m[2026-09-16 13:22:17.710][VERB] COMMANDCALL: _C.SafeAPI.Execute(["v1.sketch.dimension",[{"type":"VERTICAL_DISTANCE","value":"@expr.d219_y","name":"y","id":3508,"geomIds":[3514,3599]}]])
[0m[0;32m[2026-09-16 13:22:17.727][VERB] RETURN: {"result":"$3608"}
[0m[0;32m[2026-09-16 13:22:17.727][VERB] COMMANDCALL: _C.SafeAPI.Execute(["v1.sketch.dimension",[{"type":"HORIZONTAL_DISTANCE","value":"@expr.d220_x","name":"x","id":3508,"geomIds":[3514,3600]}]])
[0m[0;32m[2026-09-16 13:22:17.744][VERB] RETURN: {"result":"$3612"}
[0m[0;32m[2026-09-16 13:22:17.745][VERB] COMMANDCALL: _C.SafeAPI.Execute(["v1.sketch.dimension",[{"type":"VERTICAL_DISTANCE","value":"@expr.d221_y","name":"y","id":3508,"geomIds":[3514,3600]}]])
[0m[0;32m[2026-09-16 13:22:17.762][VERB] RETURN: {"result":"$3616"}
[0m[0;32m[2026-09-16 13:22:17.763][VERB] COMMANDCALL: _C.SafeAPI.Execute(["v1.sketch.line",[{"startPos":[2.1,25.6,0],"genIncidence":0,"genTangency":0,"genFixation":0,"genVertAndHoriz":0,"id":3508,"endPos":[1.6,25.1,0]}]])
[0m[0;32m[2026-09-16 13:22:17.772][VERB] RETURN: {"result":"$3618"}
[0m[0;32m[2026-09-16 13:22:17.772][VERB] COMMANDCALL: _C.SafeAPI.Execute(["v1.sketch.getPoints",[{"id":3618}]])
[0m[0;32m[2026-09-16 13:22:17.772][VERB] RETURN: {"result":{"endId":"$3620","startId":"$3619"}}
[0m[0;32m[2026-09-16 13:22:17.772][VERB] COMMANDCALL: _C.SafeAPI.Execute(["v1.sketch.dimension",[{"type":"HORIZONTAL_DISTANCE","value":"@expr.d222_x","name":"x","id":3508,"geomIds":[3514,3619]}]])
[0m[0;32m[2026-09-16 13:22:17.791][VERB] RETURN: {"result":"$3624"}
[0m[0;32m[2026-09-16 13:22:17.792][VERB] COMMANDCALL: _C.SafeAPI.Execute(["v1.sketch.dimension",[{"type":"VERTICAL_DISTANCE","value":"@expr.d223_y","name":"y","id":3508,"geomIds":[3514,3619]}]])
[0m[0;32m[2026-09-16 13:22:17.811][VERB] RETURN: {"result":"$3628"}
[0m[0;32m[2026-09-16 13:22:17.812][VERB] COMMANDCALL: _C.SafeAPI.Execute(["v1.sketch.dimension",[{"type":"HORIZONTAL_DISTANCE","value":"@expr.d224_x","name":"x","id":3508,"geomIds":[3514,3620]}]])
[0m[0;32m[2026-09-16 13:22:17.832][VERB] RETURN: {"result":"$3632"}
[0m[0;32m[2026-09-16 13:22:17.832][VERB] COMMANDCALL: _C.SafeAPI.Execute(["v1.sketch.dimension",[{"type":"VERTICAL_DISTANCE","value":"@expr.d225_y","name":"y","id":3508,"geomIds":[3514,3620]}]])
[0m[0;32m[2026-09-16 13:22:17.854][VERB] RETURN: {"result":"$3636"}
[0m[0;32m[2026-09-16 13:22:17.854][VERB] COMMANDCALL: _C.SafeAPI.Execute(["v1.sketch.line",[{"startPos":[1.6,25.1,0],"genIncidence":0,"genTangency":0,"genFixation":0,"genVertAndHoriz":0,"id":3508,"endPos":[1.6,2.1,0]}]])
[0m[0;32m[2026-09-16 13:22:17.864][VERB] RETURN: {"result":"$3638"}
[0m[0;32m[2026-09-16 13:22:17.864][VERB] COMMANDCALL: _C.SafeAPI.Execute(["v1.sketch.getPoints",[{"id":3638}]])
[0m[0;32m[2026-09-16 13:22:17.865][VERB] RETURN: {"result":{"endId":"$3640","startId":"$3639"}}
[0m[0;32m[2026-09-16 13:22:17.865][VERB] COMMANDCALL: _C.SafeAPI.Execute(["v1.sketch.dimension",[{"type":"HORIZONTAL_DISTANCE","value":"@expr.d226_x","name":"x","id":3508,"geomIds":[3514,3639]}]])
[0m[0;32m[2026-09-16 13:22:17.887][VERB] RETURN: {"result":"$3644"}
[0m[0;32m[2026-09-16 13:22:17.887][VERB] COMMANDCALL: _C.SafeAPI.Execute(["v1.sketch.dimension",[{"type":"VERTICAL_DISTANCE","value":"@expr.d227_y","name":"y","id":3508,"geomIds":[3514,3639]}]])
[0m[0;32m[2026-09-16 13:22:17.910][VERB] RETURN: {"result":"$3648"}
[0m[0;32m[2026-09-16 13:22:17.910][VERB] COMMANDCALL: _C.SafeAPI.Execute(["v1.sketch.dimension",[{"type":"HORIZONTAL_DISTANCE","value":"@expr.d228_x","name":"x","id":3508,"geomIds":[3514,3640]}]])
[0m[0;32m[2026-09-16 13:22:17.934][VERB] RETURN: {"result":"$3652"}
[0m[0;32m[2026-09-16 13:22:17.934][VERB] COMMANDCALL: _C.SafeAPI.Execute(["v1.sketch.dimension",[{"type":"VERTICAL_DISTANCE","value":"@expr.d229_y","name":"y","id":3508,"geomIds":[3514,3640]}]])
[0m[0;32m[2026-09-16 13:22:17.958][VERB] RETURN: {"result":"$3656"}
[0m[0;32m[2026-09-16 13:22:17.958][VERB] COMMANDCALL: _C.SafeAPI.Execute(["v1.sketch.line",[{"startPos":[1.6,2.1,0],"genIncidence":0,"genTangency":0,"genFixation":0,"genVertAndHoriz":0,"id":3508,"endPos":[2.1,1.6,0]}]])
[0m[0;32m[2026-09-16 13:22:17.970][VERB] RETURN: {"result":"$3658"}
[0m[0;32m[2026-09-16 13:22:17.971][VERB] COMMANDCALL: _C.SafeAPI.Execute(["v1.sketch.getPoints",[{"id":3658}]])
[0m[0;32m[2026-09-16 13:22:17.971][VERB] RETURN: {"result":{"endId":"$3660","startId":"$3659"}}
[0m[0;32m[2026-09-16 13:22:17.971][VERB] COMMANDCALL: _C.SafeAPI.Execute(["v1.sketch.dimension",[{"type":"HORIZONTAL_DISTANCE","value":"@expr.d230_x","name":"x","id":3508,"geomIds":[3514,3659]}]])
[0m[0;32m[2026-09-16 13:22:17.996][VERB] RETURN: {"result":"$3664"}
[0m[0;32m[2026-09-16 13:22:17.996][VERB] COMMANDCALL: _C.SafeAPI.Execute(["v1.sketch.dimension",[{"type":"VERTICAL_DISTANCE","value":"@expr.d231_y","name":"y","id":3508,"geomIds":[3514,3659]}]])
[0m[0;32m[2026-09-16 13:22:18.021][VERB] RETURN: {"result":"$3668"}
[0m[0;32m[2026-09-16 13:22:18.021][VERB] COMMANDCALL: _C.SafeAPI.Execute(["v1.sketch.dimension",[{"type":"HORIZONTAL_DISTANCE","value":"@expr.d232_x","name":"x","id":3508,"geomIds":[3514,3660]}]])
[0m[0;32m[2026-09-16 13:22:18.047][VERB] RETURN: {"result":"$3672"}
[0m[0;32m[2026-09-16 13:22:18.048][VERB] COMMANDCALL: _C.SafeAPI.Execute(["v1.sketch.dimension",[{"type":"VERTICAL_DISTANCE","value":"@expr.d233_y","name":"y","id":3508,"geomIds":[3514,3660]}]])
[0m[0;32m[2026-09-16 13:22:18.075][VERB] RETURN: {"result":"$3676"}
[0m[0;32m[2026-09-16 13:22:18.075][VERB] COMMANDCALL: _C.SafeAPI.Execute(["v1.part.extrusion",[{"references":[3518,3538,3558,3578,3598,3618,3638,3658],"name":"F201_chamfer_shell_skin_py_17_middle","taperAngle":0,"limit2":"@expr.d234_height","id":4}]])
[0m[0;32m[2026-09-16 13:22:18.081][VERB] RETURN: {"result":"$3680"}
[0m[0;32m[2026-09-16 13:22:18.081][VERB] COMMANDCALL: _C.SafeAPI.Execute(["v1.part.translation",[{"references":[34],"name":"F201_chamfer_shell_skin_py_17_middle_2","id":4,"targets":[3680],"distance":"@expr.d235_position"}]])
[0m[0;32m[2026-09-16 13:22:18.086][VERB] RETURN: {"result":"$3751"}
[0m[0;32m[2026-09-16 13:22:18.086][VERB] COMMANDCALL: _C.SafeAPI.Execute(["v1.part.extrusion",[{"references":[3518,3538,3558,3578,3598,3618,3638,3658],"name":"F201_chamfer_shell_skin_py_17_bottom","taperAngle":0.78539816339745,"limit2":"@expr.d236_bevel_height","id":4}]])
[0m[0;32m[2026-09-16 13:22:18.094][VERB] RETURN: {"result":"$3762"}
[0m[0;32m[2026-09-16 13:22:18.095][VERB] COMMANDCALL: _C.SafeAPI.Execute(["v1.part.translation",[{"references":[34],"name":"F201_chamfer_shell_skin_py_17_bottom_2","id":4,"targets":[3762],"distance":"@expr.d237_poPVS_DELETE_PE 0x7cd837b980
PVS_DELETE_PE 0x7cd837bc00
PVS_DELETE_PE 0x7cd837be80
PVS_DELETE_PE 0x7cd8380140
PVS_DELETE_PE 0x7cd83803c0
PVS_DELETE_PE 0x7cd8380640
PVS_DELETE_PE 0x7cd83808c0
PVS_DELETE_PE 0x7cd8380a00
PVS_DELETE_PE 0x7cd8392940
PVS_DELETE_PE 0x7cd8392bc0
PVS_DELETE_PE 0x7cd8392e40
PVS_DELETE_PE 0x7cd83930c0
PVS_DELETE_PE 0x7cd8393340
PVS_DELETE_PE 0x7cd83935c0
PVS_DELETE_PE 0x7cd8393840
PVS_DELETE_PE 0x7cd8393980
sition"}]])
[0m[0;32m[2026-09-16 13:22:18.099][VERB] RETURN: {"result":"$3825"}
[0m[0;32m[2026-09-16 13:22:18.099][VERB] COMMANDCALL: _C.SafeAPI.Execute(["v1.part.extrusion",[{"references":[3518,3538,3558,3578,3598,3618,3638,3658],"name":"F201_chamfer_shell_skin_py_17_top","taperAngle":0.78539816339745,"limit2":"@expr.d238_bevel_height","id":4}]])
[0m[0;32m[2026-09-16 13:22:18.107][VERB] RETURN: {"result":"$3836"}
[0m[0;32m[2026-09-16 13:22:18.108][VERB] COMMANDCALL: _C.SafeAPI.Execute(["v1.part.translation",[{"references":[34],"name":"F201_chamfer_shell_skin_py_17_top_2","id":4,"targets":[3836],"distance":"@expr.d239_position"}]])
[0m[0;32m[2026-09-16 13:22:18.112][VERB] RETURN: {"result":"$3899"}
[0m[0;32m[2026-09-16 13:22:18.112][VERB] COMMANDCALL: _C.SafeAPI.Execute(["v1.part.boolean",[{"type":"UNION","tools":[3825,3899],"target":3751,"name":"F201_chamfer_shell_skin_py_17","id":4}]])
[0m[0;32m[2026-09-16 13:22:18.134][VERB] RETURN: {"result":"$3910"}
[0m[0;32m[2026-09-16 13:22:18.135][VERB] COMMANDCALL: _C.SafeAPI.Execute(["v1.part.boolean",[{"type":"SUBTRACTION","tools":[3910],"target":3169,"name":"F0_cut_housing_shell_py_58_tool_0","id":4}]])
[0m[0;32m[2026-09-16 13:22:18.191][VERB] RETURN: {"result":"$3989"}
[0m[0;32m[2026-09-16 13:22:18.192][VERB] COMMANDCALL: _C.SafeAPI.Execute(["v1.sketch.create",[{"planeId":38,"name":"F240_chamfer_shell_skin_py_17_middle_profile","id":4}]])
[0m[0;32m[2026-09-16 13:22:18.194][VERB] RETURN: {"result":"$4157"}
[0m[0;32m[2026-09-16 13:22:18.194][VERB] COMMANDCALL: _C.SafeAPI.Execute(["v1.sketch.point",[{"pos":[-1000,-1000,0],"id":4157}]])
[0m[0;32m[2026-09-16 13:22:18.195][VERB] RETURN: {"result":"$4163"}
[0m[0;32m[2026-09-16 13:22:18.195][VERB] COMMANDCALL: _C.SafeAPI.Execute(["v1.sketch.constraint",[{"type":"FIXATION","id":4157,"geomIds":[4163]}]])
[0m[0;32m[2026-09-16 13:22:18.196][VERB] RETURN: {"result":"$4165"}
[0m[0;32m[2026-09-16 13:22:18.197][VERB] COMMANDCALL: _C.SafeAPI.Execute(["v1.sketch.line",[{"startPos":[2.1,23,0],"genIncidence":0,"genTangency":0,"genFixation":0,"genVertAndHoriz":0,"id":4157,"endPos":[54.7,23,0]}]])
[0m[0;32m[2026-09-16 13:22:18.198][VERB] RETURN: {"result":"$4167"}
[0m[0;32m[2026-09-16 13:22:18.198][VERB] COMMANDCALL: _C.SafeAPI.Execute(["v1.sketch.getPoints",[{"id":4167}]])
[0m[0;32m[2026-09-16 13:22:18.198][VERB] RETURN: {"result":{"endId":"$4169","startId":"$4168"}}
[0m[0;32m[2026-09-16 13:22:18.198][VERB] COMMANDCALL: _C.SafeAPI.Execute(["v1.sketch.dimension",[{"type":"HORIZONTAL_DISTANCE","value":"@expr.d241_x","name":"x","id":4157,"geomIds":[4163,4168]}]])
[0m[0;32m[2026-09-16 13:22:18.202][VERB] RETURN: {"result":"$4173"}
[0m[0;32m[2026-09-16 13:22:18.202][VERB] COMMANDCALL: _C.SafeAPI.Execute(["v1.sketch.dimension",[{"type":"VERTICAL_DISTANCE","value":"@expr.d242_y","name":"y","id":4157,"geomIds":[4163,4168]}]])
[0m[0;32m[2026-09-16 13:22:18.207][VERB] RETURN: {"result":"$4177"}
[0m[0;32m[2026-09-16 13:22:18.208][VERB] COMMANDCALL: _C.SafeAPI.Execute(["v1.sketch.dimension",[{"type":"HORIZONTAL_DISTANCE","value":"@expr.d243_x","name":"x","id":4157,"geomIds":[4163,4169]}]])
[0m[0;32m[2026-09-16 13:22:18.214][VERB] RETURN: {"result":"$4181"}
[0m[0;32m[2026-09-16 13:22:18.214][VERB] COMMANDCALL: _C.SafeAPI.Execute(["v1.sketch.dimension",[{"type":"VERTICAL_DISTANCE","value":"@expr.d244_y","name":"y","id":4157,"geomIds":[4163,4169]}]])
[0m[0;32m[2026-09-16 13:22:18.220][VERB] RETURN: {"result":"$4185"}
[0m[0;32m[2026-09-16 13:22:18.220][VERB] COMMANDCALL: _C.SafeAPI.Execute(["v1.sketch.line",[{"startPos":[54.7,23,0],"genIncidence":0,"genTangency":0,"genFixation":0,"genVertAndHoriz":0,"id":4157,"endPos":[55.2,23.5,0]}]])
[0m[0;32m[2026-09-16 13:22:18.223][VERB] RETURN: {"result":"$4187"}
[0m[0;32m[2026-09-16 13:22:18.223][VERB] COMMANDCALL: _C.SafeAPI.Execute(["v1.sketch.getPoints",[{"id":4187}]])
[0m[0;32m[2026-09-16 13:22:18.223][VERB] RETURN: {"result":{"endId":"$4189","startId":"$4188"}}
[0m[0;32m[2026-09-16 13:22:18.224][VERB] COMMANDCALL: _C.SafeAPI.Execute(["v1.sketch.dimension",[{"type":"HORIZONTAL_DISTANCE","value":"@expr.d245_x","name":"x","id":4157,"geomIds":[4163,4188]}]])
[0m[0;32m[2026-09-16 13:22:18.231][VERB] RETURN: {"result":"$4193"}
[0m[0;32m[2026-09-16 13:22:18.231][VERB] COMMANDCALL: _C.SafeAPI.Execute(["v1.sketch.dimension",[{"type":"VERTICAL_DISTANCE","value":"@expr.d246_y","name":"y","id":4157,"geomIds":[4163,4188]}]])
[0m[0;32m[2026-09-16 13:22:18.239][VERB] RETURN: {"result":"$4197"}
[0m[0;32m[2026-09-16 13:22:18.239][VERB] COMMANDCALL: _C.SafeAPI.Execute(["v1.sketch.dimension",[{"type":"HORIZONTAL_DISTANCE","value":"@expr.d247_x","name":"x","id":4157,"geomIds":[4163,4189]}]])
[0m[0;32m[2026-09-16 13:22:18.248][VERB] RETURN: {"result":"$4201"}
[0m[0;32m[2026-09-16 13:22:18.248][VERB] COMMANDCALL: _C.SafeAPI.Execute(["v1.sketch.dimension",[{"type":"VERTICAL_DISTANCE","value":"@expr.d248_y","name":"y","id":4157,"geomIds":[4163,4189]}]])
[0m[0;32m[2026-09-16 13:22:18.257][VERB] RETURN: {"result":"$4205"}
[0m[0;32m[2026-09-16 13:22:18.257][VERB] COMMANDCALL: _C.SafeAPI.Execute(["v1.sketch.line",[{"startPos":[55.2,23.5,0],"genIncidence":0,"genTangency":0,"genFixation":0,"genVertAndHoriz":0,"id":4157,"endPos":[55.2,61.9,0]}]])
[0m[0;32m[2026-09-16 13:22:18.262][VERB] RETURN: {"result":"$4207"}
[0m[0;32m[2026-09-16 13:22:18.262][VERB] COMMANDCALL: _C.SafeAPI.Execute(["v1.sketch.getPoints",[{"id":4207}]])
[0m[0;32m[2026-09-16 13:22:18.262][VERB] RETURN: {"result":{"endId":"$4209","startId":"$4208"}}
[0m[0;32m[2026-09-16 13:22:18.262][VERB] COMMANDCALL: _C.SafeAPI.Execute(["v1.sketch.dimension",[{"type":"HORIZONTAL_DISTANCE","value":"@expr.d249_x","name":"x","id":4157,"geomIds":[4163,4208]}]])
[0m[0;32m[2026-09-16 13:22:18.272][VERB] RETURN: {"result":"$4213"}
[0m[0;32m[2026-09-16 13:22:18.272][VERB] COMMANDCALL: _C.SafeAPI.Execute(["v1.sketch.dimension",[{"type":"VERTICAL_DISTANCE","value":"@expr.d250_y","name":"y","id":4157,"geomIds":[4163,4208]}]])
[0m[0;32m[2026-09-16 13:22:18.283][VERB] RETURN: {"result":"$4217"}
[0m[0;32m[2026-09-16 13:22:18.283][VERB] COMMANDCALL: _C.SafeAPI.Execute(["v1.sketch.dimension",[{"type":"HORIZONTAL_DISTANCE","value":"@expr.d251_x","name":"x","id":4157,"geomIds":[4163,4209]}]])
[0m[0;32m[2026-09-16 13:22:18.295][VERB] RETURN: {"result":"$4221"}
[0m[0;32m[2026-09-16 13:22:18.295][VERB] COMMANDCALL: _C.SafeAPI.Execute(["v1.sketch.dimension",[{"type":"VERTICAL_DISTANCE","value":"@expr.d252_y","name":"y","id":4157,"geomIds":[4163,4209]}]])
[0m[0;32m[2026-09-16 13:22:18.308][VERB] RETURN: {"result":"$4225"}
[0m[0;32m[2026-09-16 13:22:18.308][VERB] COMMANDCALL: _C.SafeAPI.Execute(["v1.sketch.line",[{"startPos":[55.2,61.9,0],"genIncidence":0,"genTangency":0,"genFixation":0,"genVertAndHoriz":0,"id":4157,"endPos":[54.7,62.4,0]}]])
[0m[0;32m[2026-09-16 13:22:18.314][VERB] RETURN: {"result":"$4227"}
[0m[0;32m[2026-09-16 13:22:18.314][VERB] COMMANDCALL: _C.SafeAPI.Execute(["v1.sketch.getPoints",[{"id":4227}]])
[0m[0;32m[2026-09-16 13:22:18.314][VERB] RETURN: {"result":{"endId":"$4229","startId":"$4228"}}
[0m[0;32m[2026-09-16 13:22:18.315][VERB] COMMANDCALL: _C.SafeAPI.Execute(["v1.sketch.dimension",[{"type":"HORIZONTAL_DISTANCE","value":"@expr.d253_x","name":"x","id":4157,"geomIds":[4163,4228]}]])
[0m[0;32m[2026-09-16 13:22:18.328][VERB] RETURN: {"result":"$4233"}
[0m[0;32m[2026-09-16 13:22:18.328][VERB] COMMANDCALL: _C.SafeAPI.Execute(["v1.sketch.dimension",[{"type":"VERTICAL_DISTANCE","value":"@expr.d254_y","name":"y","id":4157,"geomIds":[4163,4228]}]])
[0m[0;32m[2026-09-16 13:22:18.342][VERB] RETURN: {"result":"$4237"}
[0m[0;32m[2026-09-16 13:22:18.342][VERB] COMMANDCALL: _C.SafeAPI.Execute(["v1.sketch.dimension",[{"type":"HORIZONTAL_DISTANCE","value":"@expr.d255_x","name":"x","id":4157,"geomIds":[4163,4229]}]])
[0m[0;32m[2026-09-16 13:22:18.356][VERB] RETURN: {"result":"$4241"}
[0m[0;32m[2026-09-16 13:22:18.356][VERB] COMMANDCALL: _C.SafeAPI.Execute(["v1.sketch.dimension",[{"type":"VERTICAL_DISTANCE","value":"@expr.d256_y","name":"y","id":4157,"geomIds":[4163,4229]}]])
[0m[0;32m[2026-09-16 13:22:18.371][VERB] RETURN: {"result":"$4245"}
[0m[0;32m[2026-09-16 13:22:18.372][VERB] COMMANDCALL: _C.SafeAPI.Execute(["v1.sketch.line",[{"startPos":[54.7,62.4,0],"genIncidence":0,"genTangency":0,"genFixation":0,"genVertAndHoriz":0,"id":4157,"endPos":[2.1,62.4,0]}]])
[0m[0;32m[2026-09-16 13:22:18.379][VERB] RETURN: {"result":"$4247"}
[0m[0;32m[2026-09-16 13:22:18.379][VERB] COMMANDCALL: _C.SafeAPI.Execute(["v1.sketch.getPoints",[{"id":4247}]])
[0m[0;32m[2026-09-16 13:22:18.379][VERB] RETURN: {"result":{"endId":"$4249","startId":"$4248"}}
[0m[0;32m[2026-09-16 13:22:18.380][VERB] COMMANDCALL: _C.SafeAPI.Execute(["v1.sketch.dimension",[{"type":"HORIZONTAL_DISTANCE","value":"@expr.d257_x","name":"x","id":4157,"geomIds":[4163,4248]}]])
[0m[0;32m[2026-09-16 13:22:18.395][VERB] RETURN: {"result":"$4253"}
[0m[0;32m[2026-09-16 13:22:18.396][VERB] COMMANDCALL: _C.SafeAPI.Execute(["v1.sketch.dimension",[{"type":"VERTICAL_DISTANCE","value":"@expr.d258_y","name":"y","id":4157,"geomIds":[4163,4248]}]])
[0m[0;32m[2026-09-16 13:22:18.412][VERB] RETURN: {"result":"$4257"}
[0m[0;32m[2026-09-16 13:22:18.412][VERB] COMMANDCALL: _C.SafeAPI.Execute(["v1.sketch.dimension",[{"type":"HORIZONTAL_DISTANCE","value":"@expr.d259_x","name":"x","id":4157,"geomIds":[4163,4249]}]])
[0m[0;32m[2026-09-16 13:22:18.430][VERB] RETURN: {"result":"$4261"}
[0m[0;32m[2026-09-16 13:22:18.430][VERB] COMMANDCALL: _C.SafeAPI.Execute(["v1.sketch.dimension",[{"type":"VERTICAL_DISTANCE","value":"@expr.d260_y","name":"y","id":4157,"geomIds":[4163,4249]}]])
[0m[0;32m[2026-09-16 13:22:18.448][VERB] RETURN: {"result":"$4265"}
[0m[0;32m[2026-09-16 13:22:18.449][VERB] COMMANDCALL: _C.SafeAPI.Execute(["v1.sketch.line",[{"startPos":[2.1,62.4,0],"genIncidence":0,"genTangency":0,"genFixation":0,"genVertAndHoriz":0,"id":4157,"endPos":[1.6,61.9,0]}]])
[0m[0;32m[2026-09-16 13:22:18.458][VERB] RETURN: {"result":"$4267"}
[0m[0;32m[2026-09-16 13:22:18.458][VERB] COMMANDCALL: _C.SafeAPI.Execute(["v1.sketch.getPoints",[{"id":4267}]])
[0m[0;32m[2026-09-16 13:22:18.458][VERB] RETURN: {"result":{"endId":"$4269","startId":"$4268"}}
[0m[0;32m[2026-09-16 13:22:18.458][VERB] COMMANDCALL: _C.SafeAPI.Execute(["v1.sketch.dimension",[{"type":"HORIZONTAL_DISTANCE","value":"@expr.d261_x","name":"x","id":4157,"geomIds":[4163,4268]}]])
[0m[0;32m[2026-09-16 13:22:18.477][VERB] RETURN: {"result":"$4273"}
[0m[0;32m[2026-09-16 13:22:18.477][VERB] COMMANDCALL: _C.SafeAPI.Execute(["v1.sketch.dimension",[{"type":"VERTICAL_DISTANCE","value":"@expr.d262_y","name":"y","id":4157,"geomIds":[4163,4268]}]])
[0m[0;32m[2026-09-16 13:22:18.497][VERB] RETURN: {"result":"$4277"}
[0m[0;32m[2026-09-16 13:22:18.497][VERB] COMMANDCALL: _C.SafeAPI.Execute(["v1.sketch.dimension",[{"type":"HORIZONTAL_DISTANCE","value":"@expr.d263_x","name":"x","id":4157,"geomIds":[4163,4269]}]])
[0m[0;32m[2026-09-16 13:22:18.517][VERB] RETURN: {"result":"$4281"}
[0m[0;32m[2026-09-16 13:22:18.518][VERB] COMMANDCALL: _C.SafeAPI.Execute(["v1.sketch.dimension",[{"type":"VERTICAL_DISTANCE","value":"@expr.d264_y","name":"y","id":4157,"geomIds":[4163,4269]}]])
[0m[0;32m[2026-09-16 13:22:18.538][VERB] RETURN: {"result":"$4285"}
[0m[0;32m[2026-09-16 13:22:18.539][VERB] COMMANDCALL: _C.SafeAPI.Execute(["v1.sketch.line",[{"startPos":[1.6,61.9,0],"genIncidence":0,"genTangency":0,"genFixation":0,"genVertAndHoriz":0,"id":4157,"endPos":[1.6,23.5,0]}]])
[0m[0;32m[2026-09-16 13:22:18.549][VERB] RETURN: {"result":"$4287"}
[0m[0;32m[2026-09-16 13:22:18.549][VERB] COMMANDCALL: _C.SafeAPI.Execute(["v1.sketch.getPoints",[{"id":4287}]])
[0m[0;32m[2026-09-16 13:22:18.549][VERB] RETURN: {"result":{"endId":"$4289","startId":"$4288"}}
[0m[0;32m[2026-09-16 13:22:18.550][VERB] COMMANDCALL: _C.SafeAPI.Execute(["v1.sketch.dimension",[{"type":"HORIZONTAL_DISTANCE","value":"@expr.d265_x","name":"x","id":4157,"geomIds":[4163,4288]}]])
[0m[0;32m[2026-09-16 13:22:18.572][VERB] RETURN: {"result":"$4293"}
[0m[0;32m[2026-09-16 13:22:18.572][VERB] COMMANDCALL: _C.SafeAPI.Execute(["v1.sketch.dimension",[{"type":"VERTICAL_DISTANCE","value":"@expr.d266_y","name":"y","id":4157,"geomIds":[4163,4288]}]])
[0m[0;32m[2026-09-16 13:22:18.595][VERB] RETURN: {"result":"$4297"}
[0m[0;32m[2026-09-16 13:22:18.595][VERB] COMMANDCALL: _C.SafeAPI.Execute(["v1.sketch.dimension",[{"type":"HORIZONTAL_DISTANCE","value":"@expr.d267_x","name":"x","id":4157,"geomIds":[4163,4289]}]])
[0m[0;32m[2026-09-16 13:22:18.618][VERB] RETURN: {"result":"$4301"}
[0m[0;32m[2026-09-16 13:22:18.619][VERB] COMMANDCALL: _C.SafeAPI.Execute(["v1.sketch.dimension",[{"type":"VERTICAL_DISTANCE","value":"@expr.d268_y","name":"y","id":4157,"geomIds":[4163,4289]}]])
[0m[0;32m[2026-09-16 13:22:18.643][VERB] RETURN: {"result":"$4305"}
[0m[0;32m[2026-09-16 13:22:18.643][VERB] COMMANDCALL: _C.SafeAPI.Execute(["v1.sketch.line",[{"startPos":[1.6,23.5,0],"genIncidence":0,"genTangency":0,"genFixation":0,"genVertAndHoriz":0,"id":4157,"endPos":[2.1,23,0]}]])
[0m[0;32m[2026-09-16 13:22:18.655][VERB] RETURN: {"result":"$4307"}
[0m[0;32m[2026-09-16 13:22:18.655][VERB] COMMANDCALL: _C.SafeAPI.Execute(["v1.sketch.getPoints",[{"id":4307}]])
[0m[0;32m[2026-09-16 13:22:18.656][VERB] RETURN: {"result":{"endId":"$4309","startId":"$4308"}}
[0m[0;32m[2026-09-16 13:22:18.656][VERB] COMMANDCALL: _C.SafeAPI.Execute(["v1.sketch.dimension",[{"type":"HORIZONTAL_DISTANCE","value":"@expr.d269_x","name":"x","id":4157,"geomIds":[4163,4308]}]])
[0m[0;32m[2026-09-16 13:22:18.681][VERB] RETURN: {"result":"$4313"}
[0m[0;32m[2026-09-16 13:22:18.681][VERB] COMMANDCALL: _C.SafeAPI.Execute(["v1.sketch.dimension",[{"type":"VERTICAL_DISTANCE","value":"@expr.d270_y","name":"y","id":4157,"geomIds":[4163,4308]}]])
[0m[0;32m[2026-09-16 13:22:18.706][VERB] RETURN: {"result":"$4317"}
[0m[0;32m[2026-09-16 13:22:18.706][VERB] COMMANDCALL: _C.SafeAPI.Execute(["v1.sketch.dimension",[{"type":"HORIZONTAL_DISTANCE","value":"@expr.d271_x","name":"x","id":4157,"geomIds":[4163,4309]}]])
[0m[0;32m[2026-09-16 13:22:18.733][VERB] RETURN: {"result":"$4321"}
[0m[0;32m[2026-09-16 13:22:18.733][VERB] COMMANDCALL: _C.SafeAPI.Execute(["v1.sketch.dimension",[{"type":"VERTICAL_DISTANCE","value":"@expr.d272_y","name":"y","id":4157,"geomIds":[4163,4309]}]])
[0m[0;32m[2026-09-16 13:22:18.761][VERB] RETURN: {"result":"$4325"}
[0m[0;32m[2026-09-16 13:22:18.761][VERB] COMMANDCALL: _C.SafeAPI.Execute(["v1.part.extrusion",[{"references":[4167,4187,4207,4227,4247,4267,4287,4307],"name":"F240_chamfer_shell_skin_py_17_middle","taperAngle":0,"limit2":"@expr.d273_height","id":4}]])
[0m[0;32m[2026-09-16 13:22:18.767][VERB] RETURN: {"result":"$4329"}
[0m[0;32m[2026-09-16 13:22:18.768][VERB] COMMANDCALL: _C.SafeAPI.Execute(["v1.part.translation",[{"references":[34],"name":"F240_chamfer_shell_skin_py_17_middle_2","id":4,"targets":[4329],"distance":"@expr.d274_position"}]])
[0m[0;32m[2026-09-16 13:22:18.772][VERB] RETURN: {"result":"$4400"}
[0m[0;32m[2026-09-16 13:22:18.773][VERB] COMMANDCALL: _C.SafeAPI.Execute(["v1.part.extrusion",[{"references":[4167,4187,4207,4227,4247,4267,4287,4307],"name":"F240_chamfer_shell_skin_py_17_bottom","taperAngle":0.78539816339745,"limit2":"@expr.d275_bevel_height","id":4}]])
[0m[0;32m[2026-09-16 13:22:18.782][VERB] RETURN: {"result":"$4411"}
[0m[0;32m[2026-09-16 13:22:18.782][VERB] COMMANDCALL: _C.SafeAPI.Execute(["v1.part.translation",[{"references":[34],"name":"F240_chamfer_shell_skin_py_17_bottom_2","id":4,"targets":[4411],"distance":"@expr.d276_position"}]])
[0m[0;32m[2026-09-16 13:22:18.787][VERB] RETURN: {"result":"$4474"}
[0m[0;32m[2026-09-16 13:22:18.787][VERB] COMMANDCALL: _C.SafeAPI.Execute(["v1.part.extrusion",[{"references":[4167,4187,4207,4227,4247,4267,4287,4307],"name":"F240_chamfer_shell_skin_py_17_top","taperAngle":0.78539816339745,"limit2":"@expr.d277_bevel_height","id":4}]])
[0m[0;32m[2026-09-16 13:22:18.796][VERB] RETURN: {"result":"$4485"}
[0m[0;32m[2026-09-16 13:22:18.796][VERB] COMMANDCALL: _C.SafeAPI.Execute(["v1.part.translation",[{"references":[34],"name":"F240_chamfer_shell_skin_py_17_top_2","id":4,"targets":[4485],"distance":"@expr.d278_position"}]])
[0m[0;32mPVS_DELETE_PE 0x7cd9fde440
PVS_DELETE_PE 0x7cd9fde6c0
PVS_DELETE_PE 0x7cd9fde940
PVS_DELETE_PE 0x7cd9fdebc0
PVS_DELETE_PE 0x7cd9fdee40
PVS_DELETE_PE 0x7cd9fdf0c0
PVS_DELETE_PE 0x7cd9fdf340
PVS_DELETE_PE 0x7cd9fdf480
PVS_DELETE_PE 0x7cd9ff5400
PVS_DELETE_PE 0x7cd9ff5680
PVS_DELETE_PE 0x7cd9ff5900
PVS_DELETE_PE 0x7cd9ff5b80
PVS_DELETE_PE 0x7cd9ff5e00
PVS_DELETE_PE 0x7cd9ff6080
PVS_DELETE_PE 0x7cd9ff6300
PVS_DELETE_PE 0x7cd9ff6440
PVS_OVERLAP_OWNER pe=0x7cd790e800 pf=0x7cdfda56c0
PVS_OVERLAP_OWNER pe=0x7cd790e800 pf=0x7ce0500fc0
PVS_REFRESHED_OWNER pf=0x7cdfda56c0
PVS_REFRESHED_OWNER pf=0x7ce0500fc0
PVS_EMPTY_PE 0x7cd790e800
PVS_DELETE_PE 0x7cd790e800
PVS_EMPTY_PE 0x7cd790fc00
PVS_DELETE_PE 0x7cd790fc00
PVS_EMPTY_PE 0x7cd790fac0
PVS_DELETE_PE 0x7cd790d680
PVS_DELETE_PE 0x7cd790db80
PVS_DELETE_PE 0x7cd790dcc0
PVS_DELETE_PE 0x7cd790df40
PVS_DELETE_PE 0x7cd790e1c0
PVS_DELETE_PE 0x7cd790e300
PVS_DELETE_PE 0x7cd790e580
PVS_DELETE_PE 0x7cd790e940
PVS_DELETE_PE 0x7cd790ebc0
PVS_DELETE_PE 0x7cd790ee40
PVS_DELETE_PE 0x7cd790f0c0
PVS_DELETE_PE 0x7cd790f480
PVS_DELETE_PE 0x7cd790f5c0
PVS_DELETE_PE 0x7cd790f840
PVS_DELETE_PE 0x7cd790f980
PVS_DELETE_PE 0x7cd790fd40
PVS_DELETE_PE 0x7cd790fe80
PVS_DELETE_PE 0x7cd790fac0
[2026-09-16 13:22:18.801][VERB] RETURN: {"result":"$4548"}
[0m[0;32m[2026-09-16 13:22:18.801][VERB] COMMANDCALL: _C.SafeAPI.Execute(["v1.part.boolean",[{"type":"UNION","tools":[4474,4548],"target":4400,"name":"F240_chamfer_shell_skin_py_17","id":4}]])
[0m[0;32m[2026-09-16 13:22:18.826][VERB] RETURN: {"result":"$4559"}
[0m[0;32m[2026-09-16 13:22:18.826][VERB] COMMANDCALL: _C.SafeAPI.Execute(["v1.part.boolean",[{"type":"SUBTRACTION","tools":[4559],"target":3989,"name":"F0_cut_housing_shell_py_58_tool_1","id":4}]])
[0m[0;32m[2026-09-16 13:22:18.917][VERB] RETURN: {"result":"$4638"}
[0m[0;32m[2026-09-16 13:22:18.918][VERB] COMMANDCALL: _C.SafeAPI.Execute(["v1.common.setAppearance",[{"target":4638,"color":[51,58.65,68.85]}]])
[0m[0;32m[2026-09-16 13:22:18.918][VERB] RETURN: {"result":null}
[0m[0;32m[2026-09-16 13:22:18.919][VERB] COMMANDCALL: _C.SafeAPI.Execute(["v1.assembly.calculateMassProperties",[{"id":4}]])
[0m[0;32m[2026-09-16 13:22:18.945][VERB] RETURN: {"result":{"volume":105847.3687935,"cog":{"z":17.608893587217,"y":25.936439549704,"x":54.663530179315}}}
[0m[0;32m[2026-09-16 13:22:18.945][VERB] COMMANDCALL: _C.SafeAPI.Execute(["v1.common.save",[{"format":"OFB","file":"/Users/dev/dev/awv/classcad-ai/workspace/training/2026-09-16_12-50-53_pvs-cavity-boolean/files/18-candidate-result.ofb"}]])
[0m[0;32m[2026-09-16 13:22:18.949][VERB] GetStateId with StateId=27212c4a-cc80-49f3-b498-a81e4547821d
[0m[0;32m[2026-09-16 13:22:18.969][VERB] RETURN: {"maxLevel":31,"messages":[{"message":"GetStateId with StateId=27212c4a-cc80-49f3-b498-a81e4547821d\n","code":0,"level":31,"api":"v1.common.save","levelStr":"INFO"}],"result":{"success":1}}
[0m[0;32m[2026-09-16 13:22:18.969][VERB] COMMANDCALL: _C.SafeAPI.Execute(["v1.common.setDatabaseSettings",[{"isSketchGraphicEnabled":1,"isGraphicEnabled":1,"isCCGraphicEnabled":1,"doCurveTessellation":1}]])
[0m[0;32m[2026-09-16 13:22:18.970][VERB] RETURN: {"result":null}
[0m[2026-09-16 13:22:19.066][DEBUG] Build graphic in: 75ms
[0;32m[2026-09-16 13:22:19.098][VERB] 0x7cdd037a80 SetZeichnung
[0m[0;32m[2026-09-16 13:22:19.098][VERB] COMMANDCALL: _C.SafeAPI.Execute(["v1.common.clear",[{}]])
[0m[0;32m[2026-09-16 13:22:19.099][VERB] RETURN: {"result":null}
[0m[0;32m[2026-09-16 13:22:19.107][VERB] 0x7cdd037c00 Delete Zeichnung
[0m[0;32m[2026-09-16 13:22:19.107][VERB] 0x0 SetZeichnung
[0m[0;32m[2026-09-16 13:22:19.107][VERB] 0x7cdd037a80 Delete Zeichnung
[0m
