[0;32m[2026-09-16 14:08:51.758][INFO] STARTING CLASSCAD...
[0m[0;32m[2026-09-16 14:08:51.759][INFO] Current working directory  : /Users/dev/dev/awv/classcad
[0m[0;32m[2026-09-16 14:08:51.759][INFO] Config file: /Users/dev/dev/awv/classcad/.classcad.ini
[0m[0;32m[2026-09-16 14:08:51.759][INFO] Config file: /Users/dev/dev/awv/classcad/.classcad.ini
[0m[0;32m[2026-09-16 14:08:51.759][INFO] Config file: /Users/dev/dev/awv/classcad/.classcad.user.ini
[0m[0;32m[2026-09-16 14:08:51.759][INFO] Config file: /Users/dev/dev/awv/classcad-ai/workspace/training/2026-09-16_12-50-53_pvs-cavity-boolean/worker-smlib9.ini
[0m[0;32m[2026-09-16 14:08:51.759][INFO] Ensure CompressionService is loaded
[0m[0;32m[2026-09-16 14:08:51.759][INFO] Ensure JWTService is loaded
[0m[0;32m[2026-09-16 14:08:51.759][INFO] Run the command 'worker'
[0m[0;32m[2026-09-16 14:08:51.759][INFO] Current working directory  : /Users/dev/dev/awv/classcad
[0m[0;32m[2026-09-16 14:08:51.759][INFO] Executable | file name     : classcad-cli
[0m[0;32m[2026-09-16 14:08:51.759][INFO] Executable | file path     : /Users/dev/dev/awv/classcad/runtime/output/arm64-osx-clang/release/classcad-cli
[0m[0;32m[2026-09-16 14:08:51.759][INFO] Executable | directory     : /Users/dev/dev/awv/classcad/runtime/output/arm64-osx-clang/release
[0m[0;32m[2026-09-16 14:08:51.759][INFO] Config | verbose file name : /Users/dev/dev/awv/classcad-ai/workspace/training/2026-09-16_12-50-53_pvs-cavity-boolean/files/worker.log
[0m[0;32m[2026-09-16 14:08:51.759][INFO] Config | verbose level     : 16583
[0m[0;32m[2026-09-16 14:08:51.759][INFO] Config | log level         : debug
[0m[0;32m[2026-09-16 14:08:51.759][INFO] Config | data path         : ./data
[0m[0;32m[2026-09-16 14:08:51.759][INFO] Config | class path        : 
[0m[0;32m[2026-09-16 14:08:51.759][INFO] Config | classes system    : ./cclasses/Source;System;Common.*;BaseModeling.*;CAD;Sheet;
[0m[0;32m[2026-09-16 14:08:51.759][INFO] Config | classes user      : ./cclasses/Source/Tests;*;
[0m[0;32m[2026-09-16 14:08:51.759][INFO] Config | classes user      : ./standalone/t3d/Source;T3D.*;T3DSolidEditor.*;T3DSolidEditor;T3DTesting;GTC.*;ISO_Tool.*;ISOChecker.*;
[0m[0;32m[2026-09-16 14:08:51.759][INFO] Config | classes user      : ./cclasses/Source/FeatureModeler;*;
[0m[0;32m[2026-09-16 14:08:51.795][VERB] libSMLibService_9.x.dylib is loaded
[0m[0;32m[2026-09-16 14:08:51.796][VERB] libSMLibExpressService_9.x.dylib is loaded
[0m[0;32m[2026-09-16 14:08:51.797][VERB] libBrepSimplificationService_9.x.dylib is loaded
[0m[0;32m[2026-09-16 14:08:51.798][VERB] libECXMLService.dylib is loaded
[0m[0;32m[2026-09-16 14:08:51.798][VERB] libJWTService.dylib is loaded
[0m[0;32m[2026-09-16 14:08:51.798][VERB] libGenericService.dylib is loaded
[0m[0;32m[2026-09-16 14:08:51.800][VERB] libLGSService.dylib is loaded
[0m[0;32m[2026-09-16 14:08:51.801][VERB] libLGS3DService.dylib is loaded
[0m[0;32m[2026-09-16 14:08:51.803][VERB] libIDEConnectionService.dylib is loaded
[0m[2026-09-16 14:08:51] [info] asio listen error: system:48 (Address already in use)
[0;32m[2026-09-16 14:08:51.803][VERB] libRapidXmlService.dylib is loaded
[0m[0;32m[2026-09-16 14:08:51.803][VERB] libNetworkService.dylib is loaded
[0m[0;32m[2026-09-16 14:08:51.804][VERB] libTestService.dylib is loaded
[0m[0;31m[2026-09-16 14:08:51.805][ERROR] The Service-DLL DxfService could not be loaded.
ErrorCode: dlopen(DxfServiced.dylib, 0x0001): tried: '/tmp/pvs-smlib9-bin/Release/DxfServiced.dylib' (no such file), '/Users/dev/dev/awv/classcad/runtime/output/arm64-osx-clang/release/DxfServiced.dylib' (no such file), 'DxfServiced.dylib' (no such file), '/System/Volumes/Preboot/Cryptexes/OSDxfServiced.dylib' (no such file), '/Users/dev/dev/awv/classcad/runtime/output/arm64-osx-clang/release/DxfServiced.dylib' (no such file), '/Users/dev/dev/awv/classcad/runtime/output/arm64-osx-clang/release/DxfServiced.dylib' (no such file), '/usr/lib/DxfServiced.dylib' (no such file, not in dyld cache), 'DxfServiced.dylib' (no such file)
The service functions of this DLL are therefore not available.
[0m[0;32m[2026-09-16 14:08:51.805][VERB] libCryptoRtService.dylib is loaded
[0m[0;31m[2026-09-16 14:08:51.806][ERROR] The Service-DLL CryptoDevService could not be loaded.
ErrorCode: dlopen(CryptoDevServiced.dylib, 0x0001): tried: '/tmp/pvs-smlib9-bin/Release/CryptoDevServiced.dylib' (no such file), '/Users/dev/dev/awv/classcad/runtime/output/arm64-osx-clang/release/CryptoDevServiced.dylib' (no such file), 'CryptoDevServiced.dylib' (no such file), '/System/Volumes/Preboot/Cryptexes/OSCryptoDevServiced.dylib' (no such file), '/Users/dev/dev/awv/classcad/runtime/output/arm64-osx-clang/release/CryptoDevServiced.dylib' (no such file), '/Users/dev/dev/awv/classcad/runtime/output/arm64-osx-clang/release/CryptoDevServiced.dylib' (no such file), '/usr/lib/CryptoDevServiced.dylib' (no such file, not in dyld cache), 'CryptoDevServiced.dylib' (no such file)
The service functions of this DLL are therefore not available.
[0m[0;33m[2026-09-16 14:08:51.816][WARN] Path does not exist '/Users/dev/dev/awv/classcad/standalone/t3d/Source'. It is defined for class path 't3d'.
[0m[0;32m[2026-09-16 14:08:51.817][INFO] Load classes for 'system' from '/Users/dev/dev/awv/classcad/cclasses/Source'
[0m[0;32m[2026-09-16 14:08:51.899][INFO] Load classes for 'tests' from '/Users/dev/dev/awv/classcad/cclasses/Source/Tests'
[0m[0;32m[2026-09-16 14:08:51.959][INFO] Load classes for 't3d' from '/Users/dev/dev/awv/classcad/standalone/t3d/Source'
[0m[0;33m[2026-09-16 14:08:51.959][WARN] Tried to load from invalid class path 't3d'
[0m[0;32m[2026-09-16 14:08:51.959][INFO] Load classes for 'fm' from '/Users/dev/dev/awv/classcad/cclasses/Source/FeatureModeler'
[0m[0;32m[2026-09-16 14:08:51.969][VERB] 0x7936e43900 Create Zeichnung
[0m[0;32m[2026-09-16 14:08:51.969][VERB] 0x7936e43900 SetZeichnung
[0m[0;32m[2026-09-16 14:08:51.970][VERB] Grundklasse::InitApplication was successful.
[0m[0;32m[2026-09-16 14:08:51.970][VERB] [info] Initializing BaseModelerApp
[0m[0;32m[2026-09-16 14:08:51.970][VERB] Change application string/text encoding to UTF-8
[0m[0;32m[2026-09-16 14:08:51.970][VERB] [info] Developer mode is active
[0m[0;32m[2026-09-16 14:08:51.970][VERB] [info] Initializing BuerliDemoApp
[0m[0;32m[2026-09-16 14:08:51.971][VERB] API v0/common already registered!
[0m[0;32m[2026-09-16 14:08:51.971][VERB] API v0/basemodeler already registered!
[0m[0;32m[2026-09-16 14:08:51.972][VERB] Registered API's:
[0m[0;32m[2026-09-16 14:08:51.972][VERB]   v0
[0m[0;32m[2026-09-16 14:08:51.972][VERB]     assemblybuilder
[0m[0;32m[2026-09-16 14:08:51.972][VERB]     basemodeler
[0m[0;32m[2026-09-16 14:08:51.972][VERB]     common
[0m[0;32m[2026-09-16 14:08:51.972][VERB]     developer
[0m[0;32m[2026-09-16 14:08:51.972][VERB]     drawing2d
[0m[0;32m[2026-09-16 14:08:51.972][VERB]     feature
[0m[0;32m[2026-09-16 14:08:51.972][VERB]     geometry
[0m[0;32m[2026-09-16 14:08:51.972][VERB]     geometryformatconverter
[0m[0;32m[2026-09-16 14:08:51.972][VERB]     network
[0m[0;32m[2026-09-16 14:08:51.972][VERB]     sketcher
[0m[0;32m[2026-09-16 14:08:51.972][VERB]     solid
[0m[0;32m[2026-09-16 14:08:51.972][VERB]     tooling
[0m[0;32m[2026-09-16 14:08:51.972][VERB]   v1
[0m[0;32m[2026-09-16 14:08:51.972][VERB]     assembly
[0m[0;32m[2026-09-16 14:08:51.972][VERB]     brep
[0m[0;32m[2026-09-16 14:08:51.972][VERB]     common
[0m[0;32m[2026-09-16 14:08:51.972][VERB]     curve
[0m[0;32m[2026-09-16 14:08:51.972][VERB]     drawing2d
[0m[0;32m[2026-09-16 14:08:51.972][VERB]     part
[0m[0;32m[2026-09-16 14:08:51.972][VERB]     script
[0m[0;32m[2026-09-16 14:08:51.972][VERB]     sketch
[0m[0;32m[2026-09-16 14:08:51.972][VERB]     solid
[0m[0;32m[2026-09-16 14:08:51.972][VERB]     utils
[0m[0;32m[2026-09-16 14:08:51.972][VERB] 0x7936e43c00 Create Zeichnung
[0m[0;32m[2026-09-16 14:08:51.972][VERB] 0x7936e43c00 SetZeichnung
[0m[0;32m[2026-09-16 14:08:51.972][INFO] WorkerCommandCompletion: 824 completion candidates built
[0m[0;32m[2026-09-16 14:08:51.972][INFO] Server start listen on 0.0.0.0:19094 for http and ws connections
[0m[0;32m[2026-09-16 14:08:51.972][INFO] Server start listen on 0.0.0.0:19095 for https and wss connections
[0m[0;32m[2026-09-16 14:08:52.129][INFO] GET /
[0m[0;32m[2026-09-16 14:08:52.130][VERB] 0x7936e43d80 Create Zeichnung
[0m[0;32m[2026-09-16 14:08:52.130][INFO] WS handleNewConnection: created main session="078336d5-18ba-4c91-85df-8aae1ed2fdcb"
[0m[0;32m[2026-09-16 14:08:52.131][INFO] GET /
[0m[0;32m[2026-09-16 14:08:52.131][VERB] 0x7936e43600 Create Zeichnung
[0m[0;32m[2026-09-16 14:08:52.131][INFO] WS handleNewConnection: created main session="b033df12-2bfd-4669-a9ec-973933cc5e86"
[0m[0;32m[2026-09-16 14:08:52.136][VERB] 0x7936e43600 SetZeichnung
[0m[0;32m[2026-09-16 14:08:52.136][VERB] COMMANDCALL: _C.SafeAPI.Execute(["v1.part.create",[{"name":"Base"}]])
[0m[0;32m[2026-09-16 14:08:52.149][VERB] RETURN: {"result":"$4"}
[0m[0;32m[2026-09-16 14:08:52.157][VERB] COMMANDCALL: _C.SafeAPI.Execute(["v1.part.expression",[{"toCreate":[{"value":23.8,"name":"seam"},{"value":3,"name":"rear_roof_raise"},{"value":4,"name":"pocket_corner_blend_r"},{"value":4.5,"name":"rear_pillar_envelope_r"},{"value":1.3,"name":"skin_growth"},{"value":1.67,"name":"outer_chamfer"} ...
[0m[0;32m[2026-09-16 14:08:52.184][VERB] RETURN: {"result":1}
[0m[0;32m[2026-09-16 14:08:52.184][VERB] COMMANDCALL: _C.SafeAPI.Execute(["v1.part.getWorkGeometry",[{"name":"XAxis","id":4}]])
[0m[0;32m[2026-09-16 14:08:52.185][VERB] RETURN: {"result":"$26"}
[0m[0;32m[2026-09-16 14:08:52.185][VERB] COMMANDCALL: _C.SafeAPI.Execute(["v1.part.getWorkGeometry",[{"name":"YAxis","id":4}]])
[0m[0;32m[2026-09-16 14:08:52.185][VERB] RETURN: {"result":"$30"}
[0m[0;32m[2026-09-16 14:08:52.185][VERB] COMMANDCALL: _C.SafeAPI.Execute(["v1.part.getWorkGeometry",[{"name":"ZAxis","id":4}]])
[0m[0;32m[2026-09-16 14:08:52.186][VERB] RETURN: {"result":"$34"}
[0m[0;32m[2026-09-16 14:08:52.186][VERB] COMMANDCALL: _C.SafeAPI.Execute(["v1.part.getWorkGeometry",[{"name":"Top","id":4}]])
[0m[0;32m[2026-09-16 14:08:52.186][VERB] RETURN: {"result":"$38"}
[0m[0;32m[2026-09-16 14:08:52.186][VERB] COMMANDCALL: _C.SafeAPI.Execute(["v1.part.getWorkGeometry",[{"name":"Front","id":4}]])
[0m[0;32m[2026-09-16 14:08:52.186][VERB] RETURN: {"result":"$42"}
[0m[0;32m[2026-09-16 14:08:52.186][VERB] COMMANDCALL: _C.SafeAPI.Execute(["v1.part.getWorkGeometry",[{"name":"Right","id":4}]])
[0m[0;32m[2026-09-16 14:08:52.187][VERB] RETURN: {"result":"$46"}
[0m[0;32m[2026-09-16 14:08:52.187][VERB] COMMANDCALL: _C.SafeAPI.Execute(["v1.part.workPlane",[{"type":"PLANE","references":[38],"name":"F3_makeBox_cad_primitives_py_8_plane","offset":"@expr.d4_plane_offset","id":4}]])
[0m[0;32m[2026-09-16 14:08:52.191][VERB] RETURN: {"result":"$56"}
[0m[0;32m[2026-09-16 14:08:52.191][VERB] COMMANDCALL: _C.SafeAPI.Execute(["v1.sketch.create",[{"planeId":56,"name":"F3_makeBox_cad_primitives_py_8_profile","id":4}]])
[0m[0;32m[2026-09-16 14:08:52.194][VERB] RETURN: {"result":"$62"}
[0m[0;32m[2026-09-16 14:08:52.194][VERB] COMMANDCALL: _C.SafeAPI.Execute(["v1.sketch.rectangle",[{"startPos":[1.4,-1.3,0],"id":62,"genFixation":0,"endPos":[52.4,27.3,0]}]])
[0m[0;32m[2026-09-16 14:08:52.202][VERB] RETURN: {"result":["$68","$72","$78","$84"]}
[0m[0;32m[2026-09-16 14:08:52.202][VERB] COMMANDCALL: _C.SafeAPI.Execute(["v1.sketch.getPoints",[{"id":68}]])
[0m[0;32m[2026-09-16 14:08:52.202][VERB] RETURN: {"result":{"endId":"$70","startId":"$69"}}
[0m[0;32m[2026-09-16 14:08:52.203][VERB] COMMANDCALL: _C.SafeAPI.Execute(["v1.sketch.point",[{"pos":[-1000,-1000,0],"id":62}]])
[0m[0;32m[2026-09-16 14:08:52.205][VERB] RETURN: {"result":"$100"}
[0m[0;32m[2026-09-16 14:08:52.205][VERB] COMMANDCALL: _C.SafeAPI.Execute(["v1.sketch.constraint",[{"type":"FIXATION","id":62,"geomIds":[100]}]])
[0m[0;32m[2026-09-16 14:08:52.207][VERB] RETURN: {"result":"$102"}
[0m[0;32m[2026-09-16 14:08:52.207][VERB] COMMANDCALL: _C.SafeAPI.Execute(["v1.sketch.dimension",[{"type":"HORIZONTAL_DISTANCE","value":"@expr.d5_position_x","name":"position_x","id":62,"geomIds":[100,69]}]])
[0m[0;32m[2026-09-16 14:08:52.215][VERB] RETURN: {"result":"$106"}
[0m[0;32m[2026-09-16 14:08:52.215][VERB] COMMANDCALL: _C.SafeAPI.Execute(["v1.sketch.dimension",[{"type":"VERTICAL_DISTANCE","value":"@expr.d6_position_y","name":"position_y","id":62,"geomIds":[100,69]}]])
[0m[0;32m[2026-09-16 14:08:52.221][VERB] RETURN: {"result":"$110"}
[0m[0;32m[2026-09-16 14:08:52.221][VERB] COMMANDCALL: _C.SafeAPI.Execute(["v1.sketch.dimension",[{"type":"OFFSET","value":"@expr.d7_width","name":"width","id":62,"geomIds":[68]}]])
[0m[0;32m[2026-09-16 14:08:52.228][VERB] RETURN: {"result":"$114"}
[0m[0;32m[2026-09-16 14:08:52.228][VERB] COMMANDCALL: _C.SafeAPI.Execute(["v1.sketch.dimension",[{"type":"OFFSET","value":"@expr.d8_depth","name":"depth","id":62,"geomIds":[72]}]])
[0m[0;32m[2026-09-16 14:08:52.235][VERB] RETURN: {"result":"$118"}
[0m[0;32m[2026-09-16 14:08:52.236][VERB] COMMANDCALL: _C.SafeAPI.Execute(["v1.part.extrusion",[{"references":[68,72,78,84],"name":"F3_makeBox_cad_primitives_py_8","taperAngle":0,"limit2":"@expr.d9_height","id":4}]])
[0m[0;32m[2026-09-16 14:08:52.242][VERB] RETURN: {"result":"$122"}
[0m[0;32m[2026-09-16 14:08:52.242][VERB] COMMANDCALL: _C.SafeAPI.Execute(["v1.part.workPlane",[{"type":"PLANE","references":[38],"name":"F10_makeBox_cad_primitives_py_8_plane","offset":"@expr.d11_plane_offset","id":4}]])
[0m[0;32m[2026-09-16 14:08:52.245][VERB] RETURN: {"result":"$165"}
[0m[0;32m[2026-09-16 14:08:52.245][VERB] COMMANDCALL: _C.SafeAPI.Execute(["v1.sketch.create",[{"planeId":165,"name":"F10_makeBox_cad_primitives_py_8_profile","id":4}]])
[0m[0;32m[2026-09-16 14:08:52.247][VERB] RETURN: {"result":"$171"}
[0m[0;32m[2026-09-16 14:08:52.247][VERB] COMMANDCALL: _C.SafeAPI.Execute(["v1.sketch.rectangle",[{"startPos":[-1.3,1.4,0],"id":171,"genFixation":0,"endPos":[55.1,24.6,0]}]])
[0m[0;32m[2026-09-16 14:08:52.253][VERB] RETURN: {"result":["$177","$181","$187","$193"]}
[0m[0;32m[2026-09-16 14:08:52.253][VERB] COMMANDCALL: _C.SafeAPI.Execute(["v1.sketch.getPoints",[{"id":177}]])
[0m[0;32m[2026-09-16 14:08:52.254][VERB] RETURN: {"result":{"endId":"$179","startId":"$178"}}
[0m[0;32m[2026-09-16 14:08:52.254][VERB] COMMANDCALL: _C.SafeAPI.Execute(["v1.sketch.point",[{"pos":[-1000,-1000,0],"id":171}]])
[0m[0;32m[2026-09-16 14:08:52.256][VERB] RETURN: {"result":"$209"}
[0m[0;32m[2026-09-16 14:08:52.256][VERB] COMMANDCALL: _C.SafeAPI.Execute(["v1.sketch.constraint",[{"type":"FIXATION","id":171,"geomIds":[209]}]])
[0m[0;32m[2026-09-16 14:08:52.257][VERB] RETURN: {"result":"$211"}
[0m[0;32m[2026-09-16 14:08:52.257][VERB] COMMANDCALL: _C.SafeAPI.Execute(["v1.sketch.dimension",[{"type":"HORIZONTAL_DISTANCE","value":"@expr.d12_position_x","name":"position_x","id":171,"geomIds":[209,178]}]])
[0m[0;32m[2026-09-16 14:08:52.262][VERB] RETURN: {"result":"$215"}
[0m[0;32m[2026-09-16 14:08:52.262][VERB] COMMANDCALL: _C.SafeAPI.Execute(["v1.sketch.dimension",[{"type":"VERTICAL_DISTANCE","value":"@expr.d13_position_y","name":"position_y","id":171,"geomIds":[209,178]}]])
[0m[0;32m[2026-09-16 14:08:52.268][VERB] RETURN: {"result":"$219"}
[0m[0;32m[2026-09-16 14:08:52.268][VERB] COMMANDCALL: _C.SafeAPI.Execute(["v1.sketch.dimension",[{"type":"OFFSET","value":"@expr.d14_width","name":"width","id":171,"geomIds":[177]}]])
[0m[0;32m[2026-09-16 14:08:52.275][VERB] RETURN: {"result":"$223"}
[0m[0;32m[2026-09-16 14:08:52.275][VERB] COMMANDCALL: _C.SafeAPI.Execute(["v1.sketch.dimension",[{"type":"OFFSET","value":"@expr.d15_depth","name":"depth","id":171,"geomIds":[181]}]])
[0m[0;32m[2026-09-16 14:08:52.282][VERB] RETURN: {"result":"$227"}
[0m[0;32m[2026-09-16 14:08:52.282][VERB] COMMANDCALL: _C.SafeAPI.Execute(["v1.part.extrusion",[{"references":[177,181,187,193],"name":"F10_makeBox_cad_primitives_py_8","taperAngle":0,"limit2":"@expr.d16_height","id":4}]])
[0m[0;32m[2026-09-16 14:08:52.287][VERB] RETURN: {"result":"$231"}
[0m[0;32m[2026-09-16 14:08:52.287][VERB] COMMANDCALL: _C.SafeAPI.Execute(["v1.part.workPlane",[{"type":"PLANE","references":[38],"name":"F17_makeCylinder_cad_primitives_py_12_plane","offset":"@expr.d18_plane_offset","id":4}]])
[0m[0;32m[2026-09-16 14:08:52.290][VERB] RETURN: {"result":"$274"}
[0m[0;32m[2026-09-16 14:08:52.290][VERB] COMMANDCALL: _C.SafeAPI.Execute(["v1.sketch.create",[{"planeId":274,"name":"F17_makeCylinder_cad_primitives_py_12_profile","id":4}]])
[0m[0;32m[2026-09-16 14:08:52.292][VERB] RETURN: {"result":"$280"}
[0m[0;32m[2026-09-16 14:08:52.292][VERB] COMMANDCALL: _C.SafeAPI.Execute(["v1.sketch.circle",[{"radius":2.7,"id":280,"genFixation":0,"centerPos":[1.4,1.4,0]}]])
[0m[0;32m[2026-09-16 14:08:52.293][VERB] RETURN: {"result":"$286"}
[0m[0;32m[2026-09-16 14:08:52.294][VERB] COMMANDCALL: _C.SafeAPI.Execute(["v1.sketch.getPoints",[{"id":286}]])
[0m[0;32m[2026-09-16 14:08:52.294][VERB] RETURN: {"result":{"centerId":"$287"}}
[0m[0;32m[2026-09-16 14:08:52.294][VERB] COMMANDCALL: _C.SafeAPI.Execute(["v1.sketch.point",[{"pos":[-1000,-1000,0],"id":280}]])
[0m[0;32m[2026-09-16 14:08:52.295][VERB] RETURN: {"result":"$289"}
[0m[0;32m[2026-09-16 14:08:52.295][VERB] COMMANDCALL: _C.SafeAPI.Execute(["v1.sketch.constraint",[{"type":"FIXATION","id":280,"geomIds":[289]}]])
[0m[0;32m[2026-09-16 14:08:52.296][VERB] RETURN: {"result":"$291"}
[0m[0;32m[2026-09-16 14:08:52.296][VERB] COMMANDCALL: _C.SafeAPI.Execute(["v1.sketch.dimension",[{"type":"HORIZONTAL_DISTANCE","value":"@expr.d19_position_x","name":"position_x","id":280,"geomIds":[289,287]}]])
[0m[0;32m[2026-09-16 14:08:52.300][VERB] RETURN: {"result":"$295"}
[0m[0;32m[2026-09-16 14:08:52.300][VERB] COMMANDCALL: _C.SafeAPI.Execute(["v1.sketch.dimension",[{"type":"VERTICAL_DISTANCE","value":"@expr.d20_position_y","name":"position_y","id":280,"geomIds":[289,287]}]])
[0m[0;32m[2026-09-16 14:08:52.305][VERB] RETURN: {"result":"$299"}
[0m[0;32m[2026-09-16 14:08:52.305][VERB] COMMANDCALL: _C.SafeAPI.Execute(["v1.sketch.dimension",[{"type":"RADIUS","value":"@expr.d21_radius","name":"radius","id":280,"geomIds":[286]}]])
[0m[0;32m[2026-09-16 14:08:52.311][VERB] RETURN: {"result":"$303"}
[0m[0;32m[2026-09-16 14:08:52.311][VERB] COMMANDCALL: _C.SafeAPI.Execute(["v1.part.extrusion",[{"references":[286],"name":"F17_makeCylinder_cad_primitives_py_12","taperAngle":0,"limit2":"@expr.d22_height","id":4}]])
[0m[0;32m[2026-09-16 14:08:52.316][VERB] RETURN: {"result":"$307"}
[0m[0;32m[2026-09-16 14:08:52.316][VERB] COMMANDCALL: _C.SafeAPI.Execute(["v1.part.workPlane",[{"type":"PLANE","references":[38],"name":"F23_makeCylinder_cad_primitives_py_12_plane","offset":"@expr.d24_plane_offset","id":4}]])
[0m[0;32m[2026-09-16 14:08:52.319][VERB] RETURN: {"result":"$329"}
[0m[0;32m[2026-09-16 14:08:52.319][VERB] COMMANDCALL: _C.SafeAPI.Execute(["v1.sketch.create",[{"planeId":329,"name":"F23_makeCylinder_cad_primitives_py_12_profile","id":4}]])
[0m[0;32m[2026-09-16 14:08:52.321][VERB] RETURN: {"result":"$335"}
[0m[0;32m[2026-09-16 14:08:52.321][VERB] COMMANDCALL: _C.SafeAPI.Execute(["v1.sketch.circle",[{"radius":2.7,"id":335,"genFixation":0,"centerPos":[1.4,24.6,0]}]])
[0m[0;32m[2026-09-16 14:08:52.322][VERB] RETURN: {"result":"$341"}
[0m[0;32m[2026-09-16 14:08:52.322][VERB] COMMANDCALL: _C.SafeAPI.Execute(["v1.sketch.getPoints",[{"id":341}]])
[0m[0;32m[2026-09-16 14:08:52.323][VERB] RETURN: {"result":{"centerId":"$342"}}
[0m[0;32m[2026-09-16 14:08:52.323][VERB] COMMANDCALL: _C.SafeAPI.Execute(["v1.sketch.point",[{"pos":[-1000,-1000,0],"id":335}]])
[0m[0;32m[2026-09-16 14:08:52.323][VERB] RETURN: {"result":"$344"}
[0m[0;32m[2026-09-16 14:08:52.324][VERB] COMMANDCALL: _C.SafeAPI.Execute(["v1.sketch.constraint",[{"type":"FIXATION","id":335,"geomIds":[344]}]])
[0m[0;32m[2026-09-16 14:08:52.325][VERB] RETURN: {"result":"$346"}
[0m[0;32m[2026-09-16 14:08:52.325][VERB] COMMANDCALL: _C.SafeAPI.Execute(["v1.sketch.dimension",[{"type":"HORIZONTAL_DISTANCE","value":"@expr.d25_position_x","name":"position_x","id":335,"geomIds":[344,342]}]])
[0m[0;32m[2026-09-16 14:08:52.329][VERB] RETURN: {"result":"$350"}
[0m[0;32m[2026-09-16 14:08:52.329][VERB] COMMANDCALL: _C.SafeAPI.Execute(["v1.sketch.dimension",[{"type":"VERTICAL_DISTANCE","value":"@expr.d26_position_y","name":"position_y","id":335,"geomIds":[344,342]}]])
[0m[0;32m[2026-09-16 14:08:52.334][VERB] RETURN: {"result":"$354"}
[0m[0;32m[2026-09-16 14:08:52.334][VERB] COMMANDCALL: _C.SafeAPI.Execute(["v1.sketch.dimension",[{"type":"RADIUS","value":"@expr.d27_radius","name":"radius","id":335,"geomIds":[341]}]])
[0m[0;32m[2026-09-16 14:08:52.339][VERB] RETURN: {"result":"$358"}
[0m[0;32m[2026-09-16 14:08:52.339][VERB] COMMANDCALL: _C.SafeAPI.Execute(["v1.part.extrusion",[{"references":[341],"name":"F23_makeCylinder_cad_primitives_py_12","taperAngle":0,"limit2":"@expr.d28_height","id":4}]])
[0m[0;32m[2026-09-16 14:08:52.344][VERB] RETURN: {"result":"$362"}
[0m[0;32m[2026-09-16 14:08:52.344][VERB] COMMANDCALL: _C.SafeAPI.Execute(["v1.part.workPlane",[{"type":"PLANE","references":[38],"name":"F29_makeCylinder_cad_primitives_py_12_plane","offset":"@expr.d30_plane_offset","id":4}]])
[0m[0;32m[2026-09-16 14:08:52.347][VERB] RETURN: {"result":"$384"}
[0m[0;32m[2026-09-16 14:08:52.347][VERB] COMMANDCALL: _C.SafeAPI.Execute(["v1.sketch.create",[{"planeId":384,"name":"F29_makeCylinder_cad_primitives_py_12_profile","id":4}]])
[0m[0;32m[2026-09-16 14:08:52.349][VERB] RETURN: {"result":"$390"}
[0m[0;32m[2026-09-16 14:08:52.350][VERB] COMMANDCALL: _C.SafeAPI.Execute(["v1.sketch.circle",[{"radius":2.7,"id":390,"genFixation":0,"centerPos":[52.4,1.4,0]}]])
[0m[0;32m[2026-09-16 14:08:52.351][VERB] RETURN: {"result":"$396"}
[0m[0;32m[2026-09-16 14:08:52.351][VERB] COMMANDCALL: _C.SafeAPI.Execute(["v1.sketch.getPoints",[{"id":396}]])
[0m[0;32m[2026-09-16 14:08:52.351][VERB] RETURN: {"result":{"centerId":"$397"}}
[0m[0;32m[2026-09-16 14:08:52.351][VERB] COMMANDCALL: _C.SafeAPI.Execute(["v1.sketch.point",[{"pos":[-1000,-1000,0],"id":390}]])
[0m[0;32m[2026-09-16 14:08:52.352][VERB] RETURN: {"result":"$399"}
[0m[0;32m[2026-09-16 14:08:52.352][VERB] COMMANDCALL: _C.SafeAPI.Execute(["v1.sketch.constraint",[{"type":"FIXATION","id":390,"geomIds":[399]}]])
[0m[0;32m[2026-09-16 14:08:52.353][VERB] RETURN: {"result":"$401"}
[0m[0;32m[2026-09-16 14:08:52.353][VERB] COMMANDCALL: _C.SafeAPI.Execute(["v1.sketch.dimension",[{"type":"HORIZONTAL_DISTANCE","value":"@expr.d31_position_x","name":"position_x","id":390,"geomIds":[399,397]}]])
[0m[0;32m[2026-09-16 14:08:52.357][VERB] RETURN: {"result":"$405"}
[0m[0;32m[2026-09-16 14:08:52.357][VERB] COMMANDCALL: _C.SafeAPI.Execute(["v1.sketch.dimension",[{"type":"VERTICAL_DISTANCE","value":"@expr.d32_position_y","name":"position_y","id":390,"geomIds":[399,397]}]])
[0m[0;32m[2026-09-16 14:08:52.362][VERB] RETURN: {"result":"$409"}
[0m[0;32m[2026-09-16 14:08:52.362][VERB] COMMANDCALL: _C.SafeAPI.Execute(["v1.sketch.dimension",[{"type":"RADIUS","value":"@expr.d33_radius","name":"radius","id":390,"geomIds":[396]}]])
[0m[0;32m[2026-09-16 14:08:52.367][VERB] RETURN: {"result":"$413"}
[0m[0;32m[2026-09-16 14:08:52.367][VERB] COMMANDCALL: _C.SafeAPI.Execute(["v1.part.extrusion",[{"references":[396],"name":"F29_makeCylinder_cad_primitives_py_12","taperAngle":0,"limit2":"@expr.d34_height","id":4}]])
[0m[0;32m[2026-09-16 14:08:52.371][VERB] RETURN: {"result":"$417"}
[0m[0;32m[2026-09-16 14:08:52.372][VERB] COMMANDCALL: _C.SafeAPI.Execute(["v1.part.workPlane",[{"type":"PLANE","references":[38],"name":"F35_makeCylinder_cad_primitives_py_12_plane","offset":"@expr.d36_plane_offset","id":4}]])
[0m[0;32m[2026-09-16 14:08:52.375][VERB] RETURN: {"result":"$439"}
[0m[0;32m[2026-09-16 14:08:52.375][VERB] COMMANDCALL: _C.SafeAPI.Execute(["v1.sketch.create",[{"planeId":439,"name":"F35_makeCylinder_cad_primitives_py_12_profile","id":4}]])
[0m[0;32m[2026-09-16 14:08:52.377][VERB] RETURN: {"result":"$445"}
[0m[0;32m[2026-09-16 14:08:52.377][VERB] COMMANDCALL: _C.SafeAPI.Execute(["v1.sketch.circle",[{"radius":2.7,"id":445,"genFixation":0,"centerPos":[52.4,24.6,0]}]])
[0m[0;32m[2026-09-16 14:08:52.378][VERB] RETURN: {"result":"$451"}
[0m[0;32m[2026-09-16 14:08:52.378][VERB] COMMANDCALL: _C.SafeAPI.Execute(["v1.sketch.getPoints",[{"id":451}]])
[0m[0;32m[2026-09-16 14:08:52.378][VERB] RETURN: {"result":{"centerId":"$452"}}
[0m[0;32m[2026-09-16 14:08:52.378][VERB] COMMANDCALL: _C.SafeAPI.Execute(["v1.sketch.point",[{"pos":[-1000,-1000,0],"id":445}]])
[0m[0;32m[2026-09-16 14:08:52.379][VERB] RETURN: {"result":"$454"}
[0m[0;32m[2026-09-16 14:08:52.379][VERB] COMMANDCALL: _C.SafeAPI.Execute(["v1.sketch.constraint",[{"type":"FIXATION","id":445,"geomIds":[454]}]])
[0m[0;32m[2026-09-16 14:08:52.380][VERB] RETURN: {"result":"$456"}
[0m[0;32m[2026-09-16 14:08:52.380][VERB] COMMANDCALL: _C.SafeAPI.Execute(["v1.sketch.dimension",[{"type":"HORIZONTAL_DISTANCE","value":"@expr.d37_position_x","name":"position_x","id":445,"geomIds":[454,452]}]])
[0m[0;32m[2026-09-16 14:08:52.385][VERB] RETURN: {"result":"$460"}
[0m[0;32m[2026-09-16 14:08:52.385][VERB] COMMANDCALL: _C.SafeAPI.Execute(["v1.sketch.dimension",[{"type":"VERTICAL_DISTANCE","value":"@expr.d38_position_y","name":"position_y","id":445,"geomIds":[454,452]}]])
[0m[0;32m[2026-09-16 14:08:52.389][VERB] RETURN: {"result":"$464"}
[0m[0;32m[2026-09-16 14:08:52.390][VERB] COMMANDCALL: _C.SafeAPI.Execute(["v1.sketch.dimension",[{"type":"RADIUS","value":"@expr.d39_radius","name":"radius","id":445,"geomIds":[451]}]])
[0m[0;32m[2026-09-16 14:08:52.394][VERB] RETURN: {"result":"$468"}
[0m[0;32m[2026-09-16 14:08:52.395][VERB] COMMANDCALL: _C.SafeAPI.Execute(["v1.part.extrusion",[{"references":[451],"name":"F35_makeCylinder_cad_primitives_py_12","taperAngle":0,"limit2":"@expr.d40_height","id":4}]])
[0m[0;32m[2026-09-16 14:08:52.399][VERB] RETURN: {"result":"$472"}
[0m[0;32m[2026-09-16 14:08:52.399][VERB] COMMANDCALL: _C.SafeAPI.Execute(["v1.part.workPlane",[{"type":"PLANE","references":[38],"name":"F41_makeBox_cad_primitives_py_8_plane","offset":"@expr.d42_plane_offset","id":4}]])
[0m[0;32m[2026-09-16 14:08:52.402][VERB] RETURN: {"result":"$494"}
[0m[0;32m[2026-09-16 14:08:52.403][VERB] COMMANDCALL: _C.SafeAPI.Execute(["v1.sketch.create",[{"planeId":494,"name":"F41_makeBox_cad_primitives_py_8_profile","id":4}]])
[0m[0;32m[2026-09-16 14:08:52.405][VERB] RETURN: {"result":"$500"}
[0m[0;32m[2026-09-16 14:08:52.405][VERB] COMMANDCALL: _C.SafeAPI.Execute(["v1.sketch.rectangle",[{"startPos":[1.4,20.1,0],"id":500,"genFixation":0,"endPos":[56.4,65.9,0]}]])
[0m[0;32m[2026-09-16 14:08:52.411][VERB] RETURN: {"result":["$506","$510","$516","$522"]}
[0m[0;32m[2026-09-16 14:08:52.411][VERB] COMMANDCALL: _C.SafeAPI.Execute(["v1.sketch.getPoints",[{"id":506}]])
[0m[0;32m[2026-09-16 14:08:52.411][VERB] RETURN: {"result":{"endId":"$508","startId":"$507"}}
[0m[0;32m[2026-09-16 14:08:52.411][VERB] COMMANDCALL: _C.SafeAPI.Execute(["v1.sketch.point",[{"pos":[-1000,-1000,0],"id":500}]])
[0m[0;32m[2026-09-16 14:08:52.413][VERB] RETURN: {"result":"$538"}
[0m[0;32m[2026-09-16 14:08:52.413][VERB] COMMANDCALL: _C.SafeAPI.Execute(["v1.sketch.constraint",[{"type":"FIXATION","id":500,"geomIds":[538]}]])
[0m[0;32m[2026-09-16 14:08:52.415][VERB] RETURN: {"result":"$540"}
[0m[0;32m[2026-09-16 14:08:52.415][VERB] COMMANDCALL: _C.SafeAPI.Execute(["v1.sketch.dimension",[{"type":"HORIZONTAL_DISTANCE","value":"@expr.d43_position_x","name":"position_x","id":500,"geomIds":[538,507]}]])
[0m[0;32m[2026-09-16 14:08:52.420][VERB] RETURN: {"result":"$544"}
[0m[0;32m[2026-09-16 14:08:52.420][VERB] COMMANDCALL: _C.SafeAPI.Execute(["v1.sketch.dimension",[{"type":"VERTICAL_DISTANCE","value":"@expr.d44_position_y","name":"position_y","id":500,"geomIds":[538,507]}]])
[0m[0;32m[2026-09-16 14:08:52.426][VERB] RETURN: {"result":"$548"}
[0m[0;32m[2026-09-16 14:08:52.426][VERB] COMMANDCALL: _C.SafeAPI.Execute(["v1.sketch.dimension",[{"type":"OFFSET","value":"@expr.d45_width","name":"width","id":500,"geomIds":[506]}]])
[0m[0;32m[2026-09-16 14:08:52.432][VERB] RETURN: {"result":"$552"}
[0m[0;32m[2026-09-16 14:08:52.433][VERB] COMMANDCALL: _C.SafeAPI.Execute(["v1.sketch.dimension",[{"type":"OFFSET","value":"@expr.d46_depth","name":"depth","id":500,"geomIds":[510]}]])
[0m[0;32m[2026-09-16 14:08:52.440][VERB] RETURN: {"result":"$556"}
[0m[0;32m[2026-09-16 14:08:52.440][VERB] COMMANDCALL: _C.SafeAPI.Execute(["v1.part.extrusion",[{"references":[506,510,516,522],"name":"F41_makeBox_cad_primitives_py_8","taperAngle":0,"limit2":"@expr.d47_height","id":4}]])
[0m[0;32m[2026-09-16 14:08:52.444][VERB] RETURN: {"result":"$560"}
[0m[0;32m[2026-09-16 14:08:52.445][VERB] COMMANDCALL: _C.SafeAPI.Execute(["v1.part.workPlane",[{"type":"PLANE","references":[38],"name":"F48_makeBox_cad_primitives_py_8_plane","offset":"@expr.d49_plane_offset","id":4}]])
[0m[0;32m[2026-09-16 14:08:52.448][VERB] RETURN: {"result":"$603"}
[0m[0;32m[2026-09-16 14:08:52.448][VERB] COMMANDCALL: _C.SafeAPI.Execute(["v1.sketch.create",[{"planeId":603,"name":"F48_makeBox_cad_primitives_py_8_profile","id":4}]])
[0m[0;32m[2026-09-16 14:08:52.450][VERB] RETURN: {"result":"$609"}
[0m[0;32m[2026-09-16 14:08:52.450][VERB] COMMANDCALL: _C.SafeAPI.Execute(["v1.sketch.rectangle",[{"startPos":[-1.3,22.8,0],"id":609,"genFixation":0,"endPos":[59.1,63.2,0]}]])
[0m[0;32m[2026-09-16 14:08:52.456][VERB] RETURN: {"result":["$615","$619","$625","$631"]}
[0m[0;32m[2026-09-16 14:08:52.457][VERB] COMMANDCALL: _C.SafeAPI.Execute(["v1.sketch.getPoints",[{"id":615}]])
[0m[0;32m[2026-09-16 14:08:52.457][VERB] RETURN: {"result":{"endId":"$617","startId":"$616"}}
[0m[0;32m[2026-09-16 14:08:52.457][VERB] COMMANDCALL: _C.SafeAPI.Execute(["v1.sketch.point",[{"pos":[-1000,-1000,0],"id":609}]])
[0m[0;32m[2026-09-16 14:08:52.459][VERB] RETURN: {"result":"$647"}
[0m[0;32m[2026-09-16 14:08:52.459][VERB] COMMANDCALL: _C.SafeAPI.Execute(["v1.sketch.constraint",[{"type":"FIXATION","id":609,"geomIds":[647]}]])
[0m[0;32m[2026-09-16 14:08:52.460][VERB] RETURN: {"result":"$649"}
[0m[0;32m[2026-09-16 14:08:52.460][VERB] COMMANDCALL: _C.SafeAPI.Execute(["v1.sketch.dimension",[{"type":"HORIZONTAL_DISTANCE","value":"@expr.d50_position_x","name":"position_x","id":609,"geomIds":[647,616]}]])
[0m[0;32m[2026-09-16 14:08:52.465][VERB] RETURN: {"result":"$653"}
[0m[0;32m[2026-09-16 14:08:52.465][VERB] COMMANDCALL: _C.SafeAPI.Execute(["v1.sketch.dimension",[{"type":"VERTICAL_DISTANCE","value":"@expr.d51_position_y","name":"position_y","id":609,"geomIds":[647,616]}]])
[0m[0;32m[2026-09-16 14:08:52.471][VERB] RETURN: {"result":"$657"}
[0m[0;32m[2026-09-16 14:08:52.471][VERB] COMMANDCALL: _C.SafeAPI.Execute(["v1.sketch.dimension",[{"type":"OFFSET","value":"@expr.d52_width","name":"width","id":609,"geomIds":[615]}]])
[0m[0;32m[2026-09-16 14:08:52.478][VERB] RETURN: {"result":"$661"}
[0m[0;32m[2026-09-16 14:08:52.478][VERB] COMMANDCALL: _C.SafeAPI.Execute(["v1.sketch.dimension",[{"type":"OFFSET","value":"@expr.d53_depth","name":"depth","id":609,"geomIds":[619]}]])
[0m[0;32m[2026-09-16 14:08:52.485][VERB] RETURN: {"result":"$665"}
[0m[0;32m[2026-09-16 14:08:52.485][VERB] COMMANDCALL: _C.SafeAPI.Execute(["v1.part.extrusion",[{"references":[615,619,625,631],"name":"F48_makeBox_cad_primitives_py_8","taperAngle":0,"limit2":"@expr.d54_height","id":4}]])
[0m[0;32m[2026-09-16 14:08:52.490][VERB] RETURN: {"result":"$669"}
[0m[0;32m[2026-09-16 14:08:52.490][VERB] COMMANDCALL: _C.SafeAPI.Execute(["v1.part.workPlane",[{"type":"PLANE","references":[38],"name":"F55_makeCylinder_cad_primitives_py_12_plane","offset":"@expr.d56_plane_offset","id":4}]])
[0m[0;32m[2026-09-16 14:08:52.493][VERB] RETURN: {"result":"$712"}
[0m[0;32m[2026-09-16 14:08:52.493][VERB] COMMANDCALL: _C.SafeAPI.Execute(["v1.sketch.create",[{"planeId":712,"name":"F55_makeCylinder_cad_primitives_py_12_profile","id":4}]])
[0m[0;32m[2026-09-16 14:08:52.495][VERB] RETURN: {"result":"$718"}
[0m[0;32m[2026-09-16 14:08:52.495][VERB] COMMANDCALL: _C.SafeAPI.Execute(["v1.sketch.circle",[{"radius":2.7,"id":718,"genFixation":0,"centerPos":[1.4,22.8,0]}]])
[0m[0;32m[2026-09-16 14:08:52.496][VERB] RETURN: {"result":"$724"}
[0m[0;32m[2026-09-16 14:08:52.496][VERB] COMMANDCALL: _C.SafeAPI.Execute(["v1.sketch.getPoints",[{"id":724}]])
[0m[0;32m[2026-09-16 14:08:52.497][VERB] RETURN: {"result":{"centerId":"$725"}}
[0m[0;32m[2026-09-16 14:08:52.497][VERB] COMMANDCALL: _C.SafeAPI.Execute(["v1.sketch.point",[{"pos":[-1000,-1000,0],"id":718}]])
[0m[0;32m[2026-09-16 14:08:52.498][VERB] RETURN: {"result":"$727"}
[0m[0;32m[2026-09-16 14:08:52.498][VERB] COMMANDCALL: _C.SafeAPI.Execute(["v1.sketch.constraint",[{"type":"FIXATION","id":718,"geomIds":[727]}]])
[0m[0;32m[2026-09-16 14:08:52.499][VERB] RETURN: {"result":"$729"}
[0m[0;32m[2026-09-16 14:08:52.499][VERB] COMMANDCALL: _C.SafeAPI.Execute(["v1.sketch.dimension",[{"type":"HORIZONTAL_DISTANCE","value":"@expr.d57_position_x","name":"position_x","id":718,"geomIds":[727,725]}]])
[0m[0;32m[2026-09-16 14:08:52.503][VERB] RETURN: {"result":"$733"}
[0m[0;32m[2026-09-16 14:08:52.503][VERB] COMMANDCALL: _C.SafeAPI.Execute(["v1.sketch.dimension",[{"type":"VERTICAL_DISTANCE","value":"@expr.d58_position_y","name":"position_y","id":718,"geomIds":[727,725]}]])
[0m[0;32m[2026-09-16 14:08:52.508][VERB] RETURN: {"result":"$737"}
[0m[0;32m[2026-09-16 14:08:52.508][VERB] COMMANDCALL: _C.SafeAPI.Execute(["v1.sketch.dimension",[{"type":"RADIUS","value":"@expr.d59_radius","name":"radius","id":718,"geomIds":[724]}]])
[0m[0;32m[2026-09-16 14:08:52.512][VERB] RETURN: {"result":"$741"}
[0m[0;32m[2026-09-16 14:08:52.513][VERB] COMMANDCALL: _C.SafeAPI.Execute(["v1.part.extrusion",[{"references":[724],"name":"F55_makeCylinder_cad_primitives_py_12","taperAngle":0,"limit2":"@expr.d60_height","id":4}]])
[0m[0;32m[2026-09-16 14:08:52.517][VERB] RETURN: {"result":"$745"}
[0m[0;32m[2026-09-16 14:08:52.517][VERB] COMMANDCALL: _C.SafeAPI.Execute(["v1.part.workPlane",[{"type":"PLANE","references":[38],"name":"F61_makeCylinder_cad_primitives_py_12_plane","offset":"@expr.d62_plane_offset","id":4}]])
[0m[0;32m[2026-09-16 14:08:52.520][VERB] RETURN: {"result":"$767"}
[0m[0;32m[2026-09-16 14:08:52.520][VERB] COMMANDCALL: _C.SafeAPI.Execute(["v1.sketch.create",[{"planeId":767,"name":"F61_makeCylinder_cad_primitives_py_12_profile","id":4}]])
[0m[0;32m[2026-09-16 14:08:52.522][VERB] RETURN: {"result":"$773"}
[0m[0;32m[2026-09-16 14:08:52.523][VERB] COMMANDCALL: _C.SafeAPI.Execute(["v1.sketch.circle",[{"radius":2.7,"id":773,"genFixation":0,"centerPos":[1.4,63.2,0]}]])
[0m[0;32m[2026-09-16 14:08:52.524][VERB] RETURN: {"result":"$779"}
[0m[0;32m[2026-09-16 14:08:52.524][VERB] COMMANDCALL: _C.SafeAPI.Execute(["v1.sketch.getPoints",[{"id":779}]])
[0m[0;32m[2026-09-16 14:08:52.524][VERB] RETURN: {"result":{"centerId":"$780"}}
[0m[0;32m[2026-09-16 14:08:52.524][VERB] COMMANDCALL: _C.SafeAPI.Execute(["v1.sketch.point",[{"pos":[-1000,-1000,0],"id":773}]])
[0m[0;32m[2026-09-16 14:08:52.525][VERB] RETURN: {"result":"$782"}
[0m[0;32m[2026-09-16 14:08:52.525][VERB] COMMANDCALL: _C.SafeAPI.Execute(["v1.sketch.constraint",[{"type":"FIXATION","id":773,"geomIds":[782]}]])
[0m[0;32m[2026-09-16 14:08:52.526][VERB] RETURN: {"result":"$784"}
[0m[0;32m[2026-09-16 14:08:52.526][VERB] COMMANDCALL: _C.SafeAPI.Execute(["v1.sketch.dimension",[{"type":"HORIZONTAL_DISTANCE","value":"@expr.d63_position_x","name":"position_x","id":773,"geomIds":[782,780]}]])
[0m[0;32m[2026-09-16 14:08:52.530][VERB] RETURN: {"result":"$788"}
[0m[0;32m[2026-09-16 14:08:52.530][VERB] COMMANDCALL: _C.SafeAPI.Execute(["v1.sketch.dimension",[{"type":"VERTICAL_DISTANCE","value":"@expr.d64_position_y","name":"position_y","id":773,"geomIds":[782,780]}]])
[0m[0;32m[2026-09-16 14:08:52.535][VERB] RETURN: {"result":"$792"}
[0m[0;32m[2026-09-16 14:08:52.535][VERB] COMMANDCALL: _C.SafeAPI.Execute(["v1.sketch.dimension",[{"type":"RADIUS","value":"@expr.d65_radius","name":"radius","id":773,"geomIds":[779]}]])
[0m[0;32m[2026-09-16 14:08:52.540][VERB] RETURN: {"result":"$796"}
[0m[0;32m[2026-09-16 14:08:52.540][VERB] COMMANDCALL: _C.SafeAPI.Execute(["v1.part.extrusion",[{"references":[779],"name":"F61_makeCylinder_cad_primitives_py_12","taperAngle":0,"limit2":"@expr.d66_height","id":4}]])
[0m[0;32m[2026-09-16 14:08:52.545][VERB] RETURN: {"result":"$800"}
[0m[0;32m[2026-09-16 14:08:52.545][VERB] COMMANDCALL: _C.SafeAPI.Execute(["v1.part.workPlane",[{"type":"PLANE","references":[38],"name":"F67_makeCylinder_cad_primitives_py_12_plane","offset":"@expr.d68_plane_offset","id":4}]])
[0m[0;32m[2026-09-16 14:08:52.548][VERB] RETURN: {"result":"$822"}
[0m[0;32m[2026-09-16 14:08:52.548][VERB] COMMANDCALL: _C.SafeAPI.Execute(["v1.sketch.create",[{"planeId":822,"name":"F67_makeCylinder_cad_primitives_py_12_profile","id":4}]])
[0m[0;32m[2026-09-16 14:08:52.550][VERB] RETURN: {"result":"$828"}
[0m[0;32m[2026-09-16 14:08:52.550][VERB] COMMANDCALL: _C.SafeAPI.Execute(["v1.sketch.circle",[{"radius":2.7,"id":828,"genFixation":0,"centerPos":[56.4,22.8,0]}]])
[0m[0;32m[2026-09-16 14:08:52.551][VERB] RETURN: {"result":"$834"}
[0m[0;32m[2026-09-16 14:08:52.552][VERB] COMMANDCALL: _C.SafeAPI.Execute(["v1.sketch.getPoints",[{"id":834}]])
[0m[0;32m[2026-09-16 14:08:52.552][VERB] RETURN: {"result":{"centerId":"$835"}}
[0m[0;32m[2026-09-16 14:08:52.552][VERB] COMMANDCALL: _C.SafeAPI.Execute(["v1.sketch.point",[{"pos":[-1000,-1000,0],"id":828}]])
[0m[0;32m[2026-09-16 14:08:52.553][VERB] RETURN: {"result":"$837"}
[0m[0;32m[2026-09-16 14:08:52.553][VERB] COMMANDCALL: _C.SafeAPI.Execute(["v1.sketch.constraint",[{"type":"FIXATION","id":828,"geomIds":[837]}]])
[0m[0;32m[2026-09-16 14:08:52.554][VERB] RETURN: {"result":"$839"}
[0m[0;32m[2026-09-16 14:08:52.554][VERB] COMMANDCALL: _C.SafeAPI.Execute(["v1.sketch.dimension",[{"type":"HORIZONTAL_DISTANCE","value":"@expr.d69_position_x","name":"position_x","id":828,"geomIds":[837,835]}]])
[0m[0;32m[2026-09-16 14:08:52.558][VERB] RETURN: {"result":"$843"}
[0m[0;32m[2026-09-16 14:08:52.558][VERB] COMMANDCALL: _C.SafeAPI.Execute(["v1.sketch.dimension",[{"type":"VERTICAL_DISTANCE","value":"@expr.d70_position_y","name":"position_y","id":828,"geomIds":[837,835]}]])
[0m[0;32m[2026-09-16 14:08:52.563][VERB] RETURN: {"result":"$847"}
[0m[0;32m[2026-09-16 14:08:52.563][VERB] COMMANDCALL: _C.SafeAPI.Execute(["v1.sketch.dimension",[{"type":"RADIUS","value":"@expr.d71_radius","name":"radius","id":828,"geomIds":[834]}]])
[0m[0;32m[2026-09-16 14:08:52.567][VERB] RETURN: {"result":"$851"}
[0m[0;32m[2026-09-16 14:08:52.568][VERB] COMMANDCALL: _C.SafeAPI.Execute(["v1.part.extrusion",[{"references":[834],"name":"F67_makeCylinder_cad_primitives_py_12","taperAngle":0,"limit2":"@expr.d72_height","id":4}]])
[0m[0;32m[2026-09-16 14:08:52.572][VERB] RETURN: {"result":"$855"}
[0m[0;32m[2026-09-16 14:08:52.573][VERB] COMMANDCALL: _C.SafeAPI.Execute(["v1.part.workPlane",[{"type":"PLANE","references":[38],"name":"F73_makeCylinder_cad_primitives_py_12_plane","offset":"@expr.d74_plane_offset","id":4}]])
[0m[0;32m[2026-09-16 14:08:52.576][VERB] RETURN: {"result":"$877"}
[0m[0;32m[2026-09-16 14:08:52.576][VERB] COMMANDCALL: _C.SafeAPI.Execute(["v1.sketch.create",[{"planeId":877,"name":"F73_makeCylinder_cad_primitives_py_12_profile","id":4}]])
[0m[0;32m[2026-09-16 14:08:52.578][VERB] RETURN: {"result":"$883"}
[0m[0;32m[2026-09-16 14:08:52.578][VERB] COMMANDCALL: _C.SafeAPI.Execute(["v1.sketch.circle",[{"radius":2.7,"id":883,"genFixation":0,"centerPos":[56.4,63.2,0]}]])
[0m[0;32m[2026-09-16 14:08:52.579][VERB] RETURN: {"result":"$889"}
[0m[0;32m[2026-09-16 14:08:52.579][VERB] COMMANDCALL: _C.SafeAPI.Execute(["v1.sketch.getPoints",[{"id":889}]])
[0m[0;32m[2026-09-16 14:08:52.579][VERB] RETURN: {"result":{"centerId":"$890"}}
[0m[0;32m[2026-09-16 14:08:52.580][VERB] COMMANDCALL: _C.SafeAPI.Execute(["v1.sketch.point",[{"pos":[-1000,-1000,0],"id":883}]])
[0m[0;32m[2026-09-16 14:08:52.580][VERB] RETURN: {"result":"$892"}
[0m[0;32m[2026-09-16 14:08:52.581][VERB] COMMANDCALL: _C.SafeAPI.Execute(["v1.sketch.constraint",[{"type":"FIXATION","id":883,"geomIds":[892]}]])
[0m[0;32m[2026-09-16 14:08:52.581][VERB] RETURN: {"result":"$894"}
[0m[0;32m[2026-09-16 14:08:52.582][VERB] COMMANDCALL: _C.SafeAPI.Execute(["v1.sketch.dimension",[{"type":"HORIZONTAL_DISTANCE","value":"@expr.d75_position_x","name":"position_x","id":883,"geomIds":[892,890]}]])
[0m[0;32m[2026-09-16 14:08:52.586][VERB] RETURN: {"result":"$898"}
[0m[0;32m[2026-09-16 14:08:52.586][VERB] COMMANDCALL: _C.SafeAPI.Execute(["v1.sketch.dimension",[{"type":"VERTICAL_DISTANCE","value":"@expr.d76_position_y","name":"position_y","id":883,"geomIds":[892,890]}]])
[0m[0;32m[2026-09-16 14:08:52.591][VERB] RETURN: {"result":"$902"}
[0m[0;32m[2026-09-16 14:08:52.591][VERB] COMMANDCALL: _C.SafeAPI.Execute(["v1.sketch.dimension",[{"type":"RADIUS","value":"@expr.d77_radius","name":"radius","id":883,"geomIds":[889]}]])
[0m[0;32m[2026-09-16 14:08:52.595][VERB] RETURN: {"result":"$906"}
[0m[0;32m[2026-09-16 14:08:52.596][VERB] COMMANDCALL: _C.SafeAPI.Execute(["v1.part.extrusion",[{"references":[889],"name":"F73_makeCylinder_cad_primitives_py_12","taperAngle":0,"limit2":"@expr.d78_height","id":4}]])
[0m[0;32m[2026-09-16 14:08:52.600][VERB] RETURN: {"result":"$910"}
[0m[0;32m[2026-09-16 14:08:52.600][VERB] COMMANDCALL: _C.SafeAPI.Execute(["v1.part.workPlane",[{"type":"PLANE","references":[38],"name":"F79_makeBox_cad_primitives_py_8_plane","offset":"@expr.d80_plane_offset","id":4}]])
[0m[0;32m[2026-09-16 14:08:52.604][VERB] RETURN: {"result":"$932"}
[0m[0;32m[2026-09-16 14:08:52.604][VERB] COMMANDCALL: _C.SafeAPI.Execute(["v1.sketch.create",[{"planeId":932,"name":"F79_makeBox_cad_primitives_py_8_profile","id":4}]])
[0m[0;32m[2026-09-16 14:08:52.606][VERB] RETURN: {"result":"$938"}
[0m[0;32m[2026-09-16 14:08:52.606][VERB] COMMANDCALL: _C.SafeAPI.Execute(["v1.sketch.rectangle",[{"startPos":[48.8,-1.3,0],"id":938,"genFixation":0,"endPos":[89.8,40.8,0]}]])
[0m[0;32m[2026-09-16 14:08:52.612][VERB] RETURN: {"result":["$944","$948","$954","$960"]}
[0m[0;32m[2026-09-16 14:08:52.612][VERB] COMMANDCALL: _C.SafeAPI.Execute(["v1.sketch.getPoints",[{"id":944}]])
[0m[0;32m[2026-09-16 14:08:52.613][VERB] RETURN: {"result":{"endId":"$946","startId":"$945"}}
[0m[0;32m[2026-09-16 14:08:52.613][VERB] COMMANDCALL: _C.SafeAPI.Execute(["v1.sketch.point",[{"pos":[-1000,-1000,0],"id":938}]])
[0m[0;32m[2026-09-16 14:08:52.614][VERB] RETURN: {"result":"$976"}
[0m[0;32m[2026-09-16 14:08:52.615][VERB] COMMANDCALL: _C.SafeAPI.Execute(["v1.sketch.constraint",[{"type":"FIXATION","id":938,"geomIds":[976]}]])
[0m[0;32m[2026-09-16 14:08:52.616][VERB] RETURN: {"result":"$978"}
[0m[0;32m[2026-09-16 14:08:52.616][VERB] COMMANDCALL: _C.SafeAPI.Execute(["v1.sketch.dimension",[{"type":"HORIZONTAL_DISTANCE","value":"@expr.d81_position_x","name":"position_x","id":938,"geomIds":[976,945]}]])
[0m[0;32m[2026-09-16 14:08:52.621][VERB] RETURN: {"result":"$982"}
[0m[0;32m[2026-09-16 14:08:52.621][VERB] COMMANDCALL: _C.SafeAPI.Execute(["v1.sketch.dimension",[{"type":"VERTICAL_DISTANCE","value":"@expr.d82_position_y","name":"position_y","id":938,"geomIds":[976,945]}]])
[0m[0;32m[2026-09-16 14:08:52.627][VERB] RETURN: {"result":"$986"}
[0m[0;32m[2026-09-16 14:08:52.627][VERB] COMMANDCALL: _C.SafeAPI.Execute(["v1.sketch.dimension",[{"type":"OFFSET","value":"@expr.d83_width","name":"width","id":938,"geomIds":[944]}]])
[0m[0;32m[2026-09-16 14:08:52.634][VERB] RETURN: {"result":"$990"}
[0m[0;32m[2026-09-16 14:08:52.634][VERB] COMMANDCALL: _C.SafeAPI.Execute(["v1.sketch.dimension",[{"type":"OFFSET","value":"@expr.d84_depth","name":"depth","id":938,"geomIds":[948]}]])
[0m[0;32m[2026-09-16 14:08:52.641][VERB] RETURN: {"result":"$994"}
[0m[0;32m[2026-09-16 14:08:52.641][VERB] COMMANDCALL: _C.SafeAPI.Execute(["v1.part.extrusion",[{"references":[944,948,954,960],"name":"F79_makeBox_cad_primitives_py_8","taperAngle":0,"limit2":"@expr.d85_height","id":4}]])
[0m[0;32m[2026-09-16 14:08:52.646][VERB] RETURN: {"result":"$998"}
[0m[0;32m[2026-09-16 14:08:52.646][VERB] COMMANDCALL: _C.SafeAPI.Execute(["v1.part.workPlane",[{"type":"PLANE","references":[38],"name":"F86_makeBox_cad_primitives_py_8_plane","offset":"@expr.d87_plane_offset","id":4}]])
[0m[0;32m[2026-09-16 14:08:52.649][VERB] RETURN: {"result":"$1041"}
[0m[0;32m[2026-09-16 14:08:52.649][VERB] COMMANDCALL: _C.SafeAPI.Execute(["v1.sketch.create",[{"planeId":1041,"name":"F86_makeBox_cad_primitives_py_8_profile","id":4}]])
[0m[0;32m[2026-09-16 14:08:52.651][VERB] RETURN: {"result":"$1047"}
[0m[0;32m[2026-09-16 14:08:52.651][VERB] COMMANDCALL: _C.SafeAPI.Execute(["v1.sketch.rectangle",[{"startPos":[46.1,1.4,0],"id":1047,"genFixation":0,"endPos":[92.5,38.1,0]}]])
[0m[0;32m[2026-09-16 14:08:52.657][VERB] RETURN: {"result":["$1053","$1057","$1063","$1069"]}
[0m[0;32m[2026-09-16 14:08:52.658][VERB] COMMANDCALL: _C.SafeAPI.Execute(["v1.sketch.getPoints",[{"id":1053}]])
[0m[0;32m[2026-09-16 14:08:52.658][VERB] RETURN: {"result":{"endId":"$1055","startId":"$1054"}}
[0m[0;32m[2026-09-16 14:08:52.658][VERB] COMMANDCALL: _C.SafeAPI.Execute(["v1.sketch.point",[{"pos":[-1000,-1000,0],"id":1047}]])
[0m[0;32m[2026-09-16 14:08:52.660][VERB] RETURN: {"result":"$1085"}
[0m[0;32m[2026-09-16 14:08:52.660][VERB] COMMANDCALL: _C.SafeAPI.Execute(["v1.sketch.constraint",[{"type":"FIXATION","id":1047,"geomIds":[1085]}]])
[0m[0;32m[2026-09-16 14:08:52.661][VERB] RETURN: {"result":"$1087"}
[0m[0;32m[2026-09-16 14:08:52.661][VERB] COMMANDCALL: _C.SafeAPI.Execute(["v1.sketch.dimension",[{"type":"HORIZONTAL_DISTANCE","value":"@expr.d88_position_x","name":"position_x","id":1047,"geomIds":[1085,1054]}]])
[0m[0;32m[2026-09-16 14:08:52.666][VERB] RETURN: {"result":"$1091"}
[0m[0;32m[2026-09-16 14:08:52.666][VERB] COMMANDCALL: _C.SafeAPI.Execute(["v1.sketch.dimension",[{"type":"VERTICAL_DISTANCE","value":"@expr.d89_position_y","name":"position_y","id":1047,"geomIds":[1085,1054]}]])
[0m[0;32m[2026-09-16 14:08:52.672][VERB] RETURN: {"result":"$1095"}
[0m[0;32m[2026-09-16 14:08:52.672][VERB] COMMANDCALL: _C.SafeAPI.Execute(["v1.sketch.dimension",[{"type":"OFFSET","value":"@expr.d90_width","name":"width","id":1047,"geomIds":[1053]}]])
[0m[0;32m[2026-09-16 14:08:52.679][VERB] RETURN: {"result":"$1099"}
[0m[0;32m[2026-09-16 14:08:52.679][VERB] COMMANDCALL: _C.SafeAPI.Execute(["v1.sketch.dimension",[{"type":"OFFSET","value":"@expr.d91_depth","name":"depth","id":1047,"geomIds":[1057]}]])
[0m[0;32m[2026-09-16 14:08:52.686][VERB] RETURN: {"result":"$1103"}
[0m[0;32m[2026-09-16 14:08:52.686][VERB] COMMANDCALL: _C.SafeAPI.Execute(["v1.part.extrusion",[{"references":[1053,1057,1063,1069],"name":"F86_makeBox_cad_primitives_py_8","taperAngle":0,"limit2":"@expr.d92_height","id":4}]])
[0m[0;32m[2026-09-16 14:08:52.691][VERB] RETURN: {"result":"$1107"}
[0m[0;32m[2026-09-16 14:08:52.691][VERB] COMMANDCALL: _C.SafeAPI.Execute(["v1.part.workPlane",[{"type":"PLANE","references":[38],"name":"F93_makeCylinder_cad_primitives_py_12_plane","offset":"@expr.d94_plane_offset","id":4}]])
[0m[0;32m[2026-09-16 14:08:52.694][VERB] RETURN: {"result":"$1150"}
[0m[0;32m[2026-09-16 14:08:52.694][VERB] COMMANDCALL: _C.SafeAPI.Execute(["v1.sketch.create",[{"planeId":1150,"name":"F93_makeCylinder_cad_primitives_py_12_profile","id":4}]])
[0m[0;32m[2026-09-16 14:08:52.696][VERB] RETURN: {"result":"$1156"}
[0m[0;32m[2026-09-16 14:08:52.696][VERB] COMMANDCALL: _C.SafeAPI.Execute(["v1.sketch.circle",[{"radius":2.7,"id":1156,"genFixation":0,"centerPos":[48.8,1.4,0]}]])
[0m[0;32m[2026-09-16 14:08:52.697][VERB] RETURN: {"result":"$1162"}
[0m[0;32m[2026-09-16 14:08:52.698][VERB] COMMANDCALL: _C.SafeAPI.Execute(["v1.sketch.getPoints",[{"id":1162}]])
[0m[0;32m[2026-09-16 14:08:52.698][VERB] RETURN: {"result":{"centerId":"$1163"}}
[0m[0;32m[2026-09-16 14:08:52.698][VERB] COMMANDCALL: _C.SafeAPI.Execute(["v1.sketch.point",[{"pos":[-1000,-1000,0],"id":1156}]])
[0m[0;32m[2026-09-16 14:08:52.699][VERB] RETURN: {"result":"$1165"}
[0m[0;32m[2026-09-16 14:08:52.699][VERB] COMMANDCALL: _C.SafeAPI.Execute(["v1.sketch.constraint",[{"type":"FIXATION","id":1156,"geomIds":[1165]}]])
[0m[0;32m[2026-09-16 14:08:52.700][VERB] RETURN: {"result":"$1167"}
[0m[0;32m[2026-09-16 14:08:52.700][VERB] COMMANDCALL: _C.SafeAPI.Execute(["v1.sketch.dimension",[{"type":"HORIZONTAL_DISTANCE","value":"@expr.d95_position_x","name":"position_x","id":1156,"geomIds":[1165,1163]}]])
[0m[0;32m[2026-09-16 14:08:52.704][VERB] RETURN: {"result":"$1171"}
[0m[0;32m[2026-09-16 14:08:52.704][VERB] COMMANDCALL: _C.SafeAPI.Execute(["v1.sketch.dimension",[{"type":"VERTICAL_DISTANCE","value":"@expr.d96_position_y","name":"position_y","id":1156,"geomIds":[1165,1163]}]])
[0m[0;32m[2026-09-16 14:08:52.709][VERB] RETURN: {"result":"$1175"}
[0m[0;32m[2026-09-16 14:08:52.709][VERB] COMMANDCALL: _C.SafeAPI.Execute(["v1.sketch.dimension",[{"type":"RADIUS","value":"@expr.d97_radius","name":"radius","id":1156,"geomIds":[1162]}]])
[0m[0;32m[2026-09-16 14:08:52.714][VERB] RETURN: {"result":"$1179"}
[0m[0;32m[2026-09-16 14:08:52.714][VERB] COMMANDCALL: _C.SafeAPI.Execute(["v1.part.extrusion",[{"references":[1162],"name":"F93_makeCylinder_cad_primitives_py_12","taperAngle":0,"limit2":"@expr.d98_height","id":4}]])
[0m[0;32m[2026-09-16 14:08:52.719][VERB] RETURN: {"result":"$1183"}
[0m[0;32m[2026-09-16 14:08:52.719][VERB] COMMANDCALL: _C.SafeAPI.Execute(["v1.part.workPlane",[{"type":"PLANE","references":[38],"name":"F99_makeCylinder_cad_primitives_py_12_plane","offset":"@expr.d100_plane_offset","id":4}]])
[0m[0;32m[2026-09-16 14:08:52.722][VERB] RETURN: {"result":"$1205"}
[0m[0;32m[2026-09-16 14:08:52.722][VERB] COMMANDCALL: _C.SafeAPI.Execute(["v1.sketch.create",[{"planeId":1205,"name":"F99_makeCylinder_cad_primitives_py_12_profile","id":4}]])
[0m[0;32m[2026-09-16 14:08:52.724][VERB] RETURN: {"result":"$1211"}
[0m[0;32m[2026-09-16 14:08:52.724][VERB] COMMANDCALL: _C.SafeAPI.Execute(["v1.sketch.circle",[{"radius":2.7,"id":1211,"genFixation":0,"centerPos":[48.8,38.1,0]}]])
[0m[0;32m[2026-09-16 14:08:52.725][VERB] RETURN: {"result":"$1217"}
[0m[0;32m[2026-09-16 14:08:52.726][VERB] COMMANDCALL: _C.SafeAPI.Execute(["v1.sketch.getPoints",[{"id":1217}]])
[0m[0;32m[2026-09-16 14:08:52.726][VERB] RETURN: {"result":{"centerId":"$1218"}}
[0m[0;32m[2026-09-16 14:08:52.726][VERB] COMMANDCALL: _C.SafeAPI.Execute(["v1.sketch.point",[{"pos":[-1000,-1000,0],"id":1211}]])
[0m[0;32m[2026-09-16 14:08:52.727][VERB] RETURN: {"result":"$1220"}
[0m[0;32m[2026-09-16 14:08:52.727][VERB] COMMANDCALL: _C.SafeAPI.Execute(["v1.sketch.constraint",[{"type":"FIXATION","id":1211,"geomIds":[1220]}]])
[0m[0;32m[2026-09-16 14:08:52.728][VERB] RETURN: {"result":"$1222"}
[0m[0;32m[2026-09-16 14:08:52.728][VERB] COMMANDCALL: _C.SafeAPI.Execute(["v1.sketch.dimension",[{"type":"HORIZONTAL_DISTANCE","value":"@expr.d101_position_x","name":"position_x","id":1211,"geomIds":[1220,1218]}]])
[0m[0;32m[2026-09-16 14:08:52.732][VERB] RETURN: {"result":"$1226"}
[0m[0;32m[2026-09-16 14:08:52.732][VERB] COMMANDCALL: _C.SafeAPI.Execute(["v1.sketch.dimension",[{"type":"VERTICAL_DISTANCE","value":"@expr.d102_position_y","name":"position_y","id":1211,"geomIds":[1220,1218]}]])
[0m[0;32m[2026-09-16 14:08:52.737][VERB] RETURN: {"result":"$1230"}
[0m[0;32m[2026-09-16 14:08:52.737][VERB] COMMANDCALL: _C.SafeAPI.Execute(["v1.sketch.dimension",[{"type":"RADIUS","value":"@expr.d103_radius","name":"radius","id":1211,"geomIds":[1217]}]])
[0m[0;32m[2026-09-16 14:08:52.742][VERB] RETURN: {"result":"$1234"}
[0m[0;32m[2026-09-16 14:08:52.742][VERB] COMMANDCALL: _C.SafeAPI.Execute(["v1.part.extrusion",[{"references":[1217],"name":"F99_makeCylinder_cad_primitives_py_12","taperAngle":0,"limit2":"@expr.d104_height","id":4}]])
[0m[0;32m[2026-09-16 14:08:52.747][VERB] RETURN: {"result":"$1238"}
[0m[0;32m[2026-09-16 14:08:52.747][VERB] COMMANDCALL: _C.SafeAPI.Execute(["v1.part.workPlane",[{"type":"PLANE","references":[38],"name":"F105_makeCylinder_cad_primitives_py_12_plane","offset":"@expr.d106_plane_offset","id":4}]])
[0m[0;32m[2026-09-16 14:08:52.751][VERB] RETURN: {"result":"$1260"}
[0m[0;32m[2026-09-16 14:08:52.751][VERB] COMMANDCALL: _C.SafeAPI.Execute(["v1.sketch.create",[{"planeId":1260,"name":"F105_makeCylinder_cad_primitives_py_12_profile","id":4}]])
[0m[0;32m[2026-09-16 14:08:52.753][VERB] RETURN: {"result":"$1266"}
[0m[0;32m[2026-09-16 14:08:52.753][VERB] COMMANDCALL: _C.SafeAPI.Execute(["v1.sketch.circle",[{"radius":2.7,"id":1266,"genFixation":0,"centerPos":[89.8,1.4,0]}]])
[0m[0;32m[2026-09-16 14:08:52.754][VERB] RETURN: {"result":"$1272"}
[0m[0;32m[2026-09-16 14:08:52.754][VERB] COMMANDCALL: _C.SafeAPI.Execute(["v1.sketch.getPoints",[{"id":1272}]])
[0m[0;32m[2026-09-16 14:08:52.755][VERB] RETURN: {"result":{"centerId":"$1273"}}
[0m[0;32m[2026-09-16 14:08:52.755][VERB] COMMANDCALL: _C.SafeAPI.Execute(["v1.sketch.point",[{"pos":[-1000,-1000,0],"id":1266}]])
[0m[0;32m[2026-09-16 14:08:52.756][VERB] RETURN: {"result":"$1275"}
[0m[0;32m[2026-09-16 14:08:52.756][VERB] COMMANDCALL: _C.SafeAPI.Execute(["v1.sketch.constraint",[{"type":"FIXATION","id":1266,"geomIds":[1275]}]])
[0m[0;32m[2026-09-16 14:08:52.757][VERB] RETURN: {"result":"$1277"}
[0m[0;32m[2026-09-16 14:08:52.757][VERB] COMMANDCALL: _C.SafeAPI.Execute(["v1.sketch.dimension",[{"type":"HORIZONTAL_DISTANCE","value":"@expr.d107_position_x","name":"position_x","id":1266,"geomIds":[1275,1273]}]])
[0m[0;32m[2026-09-16 14:08:52.761][VERB] RETURN: {"result":"$1281"}
[0m[0;32m[2026-09-16 14:08:52.761][VERB] COMMANDCALL: _C.SafeAPI.Execute(["v1.sketch.dimension",[{"type":"VERTICAL_DISTANCE","value":"@expr.d108_position_y","name":"position_y","id":1266,"geomIds":[1275,1273]}]])
[0m[0;32m[2026-09-16 14:08:52.766][VERB] RETURN: {"result":"$1285"}
[0m[0;32m[2026-09-16 14:08:52.766][VERB] COMMANDCALL: _C.SafeAPI.Execute(["v1.sketch.dimension",[{"type":"RADIUS","value":"@expr.d109_radius","name":"radius","id":1266,"geomIds":[1272]}]])
[0m[0;32m[2026-09-16 14:08:52.771][VERB] RETURN: {"result":"$1289"}
[0m[0;32m[2026-09-16 14:08:52.771][VERB] COMMANDCALL: _C.SafeAPI.Execute(["v1.part.extrusion",[{"references":[1272],"name":"F105_makeCylinder_cad_primitives_py_12","taperAngle":0,"limit2":"@expr.d110_height","id":4}]])
[0m[0;32m[2026-09-16 14:08:52.776][VERB] RETURN: {"result":"$1293"}
[0m[0;32m[2026-09-16 14:08:52.777][VERB] COMMANDCALL: _C.SafeAPI.Execute(["v1.part.workPlane",[{"type":"PLANE","references":[38],"name":"F111_makeCylinder_cad_primitives_py_12_plane","offset":"@expr.d112_plane_offset","id":4}]])
[0m[0;32m[2026-09-16 14:08:52.780][VERB] RETURN: {"result":"$1315"}
[0m[0;32m[2026-09-16 14:08:52.781][VERB] COMMANDCALL: _C.SafeAPI.Execute(["v1.sketch.create",[{"planeId":1315,"name":"F111_makeCylinder_cad_primitives_py_12_profile","id":4}]])
[0m[0;32m[2026-09-16 14:08:52.783][VERB] RETURN: {"result":"$1321"}
[0m[0;32m[2026-09-16 14:08:52.783][VERB] COMMANDCALL: _C.SafeAPI.Execute(["v1.sketch.circle",[{"radius":2.7,"id":1321,"genFixation":0,"centerPos":[89.8,38.1,0]}]])
[0m[0;32m[2026-09-16 14:08:52.784][VERB] RETURN: {"result":"$1327"}
[0m[0;32m[2026-09-16 14:08:52.784][VERB] COMMANDCALL: _C.SafeAPI.Execute(["v1.sketch.getPoints",[{"id":1327}]])
[0m[0;32m[2026-09-16 14:08:52.784][VERB] RETURN: {"result":{"centerId":"$1328"}}
[0m[0;32m[2026-09-16 14:08:52.785][VERB] COMMANDCALL: _C.SafeAPI.Execute(["v1.sketch.point",[{"pos":[-1000,-1000,0],"id":1321}]])
[0m[0;32m[2026-09-16 14:08:52.785][VERB] RETURN: {"result":"$1330"}
[0m[0;32m[2026-09-16 14:08:52.786][VERB] COMMANDCALL: _C.SafeAPI.Execute(["v1.sketch.constraint",[{"type":"FIXATION","id":1321,"geomIds":[1330]}]])
[0m[0;32m[2026-09-16 14:08:52.787][VERB] RETURN: {"result":"$1332"}
[0m[0;32m[2026-09-16 14:08:52.787][VERB] COMMANDCALL: _C.SafeAPI.Execute(["v1.sketch.dimension",[{"type":"HORIZONTAL_DISTANCE","value":"@expr.d113_position_x","name":"position_x","id":1321,"geomIds":[1330,1328]}]])
[0m[0;32m[2026-09-16 14:08:52.791][VERB] RETURN: {"result":"$1336"}
[0m[0;32m[2026-09-16 14:08:52.792][VERB] COMMANDCALL: _C.SafeAPI.Execute(["v1.sketch.dimension",[{"type":"VERTICAL_DISTANCE","value":"@expr.d114_position_y","name":"position_y","id":1321,"geomIds":[1330,1328]}]])
[0m[0;32m[2026-09-16 14:08:52.796][VERB] RETURN: {"result":"$1340"}
[0m[0;32m[2026-09-16 14:08:52.797][VERB] COMMANDCALL: _C.SafeAPI.Execute(["v1.sketch.dimension",[{"type":"RADIUS","value":"@expr.d115_radius","name":"radius","id":1321,"geomIds":[1327]}]])
[0m[0;32m[2026-09-16 14:08:52.802][VERB] RETURN: {"result":"$1344"}
[0m[0;32m[2026-09-16 14:08:52.802][VERB] COMMANDCALL: _C.SafeAPI.Execute(["v1.part.extrusion",[{"references":[1327],"name":"F111_makeCylinder_cad_primitives_py_12","taperAngle":0,"limit2":"@expr.d116_height","id":4}]])
[0m[0;32m[2026-09-16 14:08:52.808][VERB] RETURN: {"result":"$1348"}
[0m[0;32m[2026-09-16 14:08:52.808][VERB] COMMANDCALL: _C.SafeAPI.Execute(["v1.part.workPlane",[{"type":"PLANE","references":[38],"name":"F117_makeBox_shell_skin_py_38_plane","offset":"@expr.d118_plane_offset","id":4}]])
[0m[0;32m[2026-09-16 14:08:52.812][VERB] RETURN: {"result":"$1370"}
[0m[0;32m[2026-09-16 14:08:52.812][VERB] COMMANDCALL: _C.SafeAPI.Execute(["v1.sketch.create",[{"planeId":1370,"name":"F117_makeBox_shell_skin_py_38_profile","id":4}]])
[0m[0;32m[2026-09-16 14:08:52.814][VERB] RETURN: {"result":"$1376"}
[0m[0;32m[2026-09-16 14:08:52.814][VERB] COMMANDCALL: _C.SafeAPI.Execute(["v1.sketch.rectangle",[{"startPos":[89.8,-1.3,0],"id":1376,"genFixation":0,"endPos":[92.5,40.8,0]}]])
[0m[0;32m[2026-09-16 14:08:52.820][VERB] RETURN: {"result":["$1382","$1386","$1392","$1398"]}
[0m[0;32m[2026-09-16 14:08:52.820][VERB] COMMANDCALL: _C.SafeAPI.Execute(["v1.sketch.getPoints",[{"id":1382}]])
[0m[0;32m[2026-09-16 14:08:52.821][VERB] RETURN: {"result":{"endId":"$1384","startId":"$1383"}}
[0m[0;32m[2026-09-16 14:08:52.821][VERB] COMMANDCALL: _C.SafeAPI.Execute(["v1.sketch.point",[{"pos":[-1000,-1000,0],"id":1376}]])
[0m[0;32m[2026-09-16 14:08:52.822][VERB] RETURN: {"result":"$1414"}
[0m[0;32m[2026-09-16 14:08:52.823][VERB] COMMANDCALL: _C.SafeAPI.Execute(["v1.sketch.constraint",[{"type":"FIXATION","id":1376,"geomIds":[1414]}]])
[0m[0;32m[2026-09-16 14:08:52.824][VERB] RETURN: {"result":"$1416"}
[0m[0;32m[2026-09-16 14:08:52.824][VERB] COMMANDCALL: _C.SafeAPI.Execute(["v1.sketch.dimension",[{"type":"HORIZONTAL_DISTANCE","value":"@expr.d119_position_x","name":"position_x","id":1376,"geomIds":[1414,1383]}]])
[0m[0;32m[2026-09-16 14:08:52.829][VERB] RETURN: {"result":"$1420"}
[0m[0;32m[2026-09-16 14:08:52.829][VERB] COMMANDCALL: _C.SafeAPI.Execute(["v1.sketch.dimension",[{"type":"VERTICAL_DISTANCE","value":"@expr.d120_position_y","name":"position_y","id":1376,"geomIds":[1414,1383]}]])
[0m[0;32m[2026-09-16 14:08:52.835][VERB] RETURN: {"result":"$1424"}
[0m[0;32m[2026-09-16 14:08:52.835][VERB] COMMANDCALL: _C.SafeAPI.Execute(["v1.sketch.dimension",[{"type":"OFFSET","value":"@expr.d121_width","name":"width","id":1376,"geomIds":[1382]}]])
[0m[0;32m[2026-09-16 14:08:52.843][VERB] RETURN: {"result":"$1428"}
[0m[0;32m[2026-09-16 14:08:52.843][VERB] COMMANDCALL: _C.SafeAPI.Execute(["v1.sketch.dimension",[{"type":"OFFSET","value":"@expr.d122_depth","name":"depth","id":1376,"geomIds":[1386]}]])
[0m[0;32m[2026-09-16 14:08:52.851][VERB] RETURN: {"result":"$1432"}
[0m[0;32m[2026-09-16 14:08:52.852][VERB] COMMANDCALL: _C.SafeAPI.Execute(["v1.part.extrusion",[{"references":[1382,1386,1392,1398],"name":"F117_makeBox_shell_skin_py_38","taperAngle":0,"limit2":"@expr.d123_height","id":4}]])
[0m[0;32m[2026-09-16 14:08:52.856][VERB] RETURN: {"result":"$1436"}
[0m[0;32m[2026-09-16 14:08:52.857][VERB] COMMANDCALL: _C.SafeAPI.Execute(["v1.part.workPlane",[{"type":"PLANE","references":[38],"name":"F124_makeBox_cad_primitives_py_8_plane","offset":"@expr.d125_plane_offset","id":4}]])
[0m[0;32m[2026-09-16 14:08:52.860][VERB] RETURN: {"result":"$1479"}
[0m[0;32m[2026-09-16 14:08:52.860][VERB] COMMANDCALL: _C.SafeAPI.Execute(["v1.sketch.create",[{"planeId":1479,"name":"F124_makeBox_cad_primitives_py_8_profile","id":4}]])
[0m[0;32m[2026-09-16 14:08:52.862][VERB] RETURN: {"result":"$1485"}
[0m[0;32m[2026-09-16 14:08:52.862][VERB] COMMANDCALL: _C.SafeAPI.Execute(["v1.sketch.rectangle",[{"startPos":[88.05,-7,0],"id":1485,"genFixation":0,"endPos":[92.5,5,0]}]])
[0m[0;32m[2026-09-16 14:08:52.869][VERB] RETURN: {"result":["$1491","$1495","$1501","$1507"]}
[0m[0;32m[2026-09-16 14:08:52.869][VERB] COMMANDCALL: _C.SafeAPI.Execute(["v1.sketch.getPoints",[{"id":1491}]])
[0m[0;32m[2026-09-16 14:08:52.869][VERB] RETURN: {"result":{"endId":"$1493","startId":"$1492"}}
[0m[0;32m[2026-09-16 14:08:52.869][VERB] COMMANDCALL: _C.SafeAPI.Execute(["v1.sketch.point",[{"pos":[-1000,-1000,0],"id":1485}]])
[0m[0;32m[2026-09-16 14:08:52.871][VERB] RETURN: {"result":"$1523"}
[0m[0;32m[2026-09-16 14:08:52.871][VERB] COMMANDCALL: _C.SafeAPI.Execute(["v1.sketch.constraint",[{"type":"FIXATION","id":1485,"geomIds":[1523]}]])
[0m[0;32m[2026-09-16 14:08:52.872][VERB] RETURN: {"result":"$1525"}
[0m[0;32m[2026-09-16 14:08:52.873][VERB] COMMANDCALL: _C.SafeAPI.Execute(["v1.sketch.dimension",[{"type":"HORIZONTAL_DISTANCE","value":"@expr.d126_position_x","name":"position_x","id":1485,"geomIds":[1523,1492]}]])
[0m[0;32m[2026-09-16 14:08:52.878][VERB] RETURN: {"result":"$1529"}
[0m[0;32m[2026-09-16 14:08:52.879][VERB] COMMANDCALL: _C.SafeAPI.Execute(["v1.sketch.dimension",[{"type":"VERTICAL_DISTANCE","value":"@expr.d127_position_y","name":"position_y","id":1485,"geomIds":[1523,1492]}]])
[0m[0;32m[2026-09-16 14:08:52.885][VERB] RETURN: {"result":"$1533"}
[0m[0;32m[2026-09-16 14:08:52.885][VERB] COMMANDCALL: _C.SafeAPI.Execute(["v1.sketch.dimension",[{"type":"OFFSET","value":"@expr.d128_width","name":"width","id":1485,"geomIds":[1491]}]])
[0m[0;32m[2026-09-16 14:08:52.891][VERB] RETURN: {"result":"$1537"}
[0m[0;32m[2026-09-16 14:08:52.892][VERB] COMMANDCALL: _C.SafeAPI.Execute(["v1.sketch.dimension",[{"type":"OFFSET","value":"@expr.d129_depth","name":"depth","id":1485,"geomIds":[1495]}]])
[0m[0;32m[2026-09-16 14:08:52.899][VERB] RETURN: {"result":"$1541"}
[0m[0;32m[2026-09-16 14:08:52.899][VERB] COMMANDCALL: _C.SafeAPI.Execute(["v1.part.extrusion",[{"references":[1491,1495,1501,1507],"name":"F124_makeBox_cad_primitives_py_8","taperAngle":0,"limit2":"@expr.d130_height","id":4}]])
[0m[0;32m[2026-09-16 14:08:52.904][VERB] RETURN: {"result":"$1545"}
[0m[0;32m[2026-09-16 14:08:52.904][VERB] COMMANDCALL: _C.SafeAPI.Execute(["v1.part.workPlane",[{"type":"PLANE","references":[38],"name":"F132_makeBox_cad_primitives_py_8_plane","offset":"@expr.d133_plane_offset","id":4}]])
[0m[0;32m[2026-09-16 14:08:52.907][VERB] RETURN: {"result":"$1588"}
[0m[0;32m[2026-09-16 14:08:52.907][VERB] COMMANDCALL: _C.SafeAPI.Execute(["v1.sketch.create",[{"planeId":1588,"name":"F132_makeBox_cad_primitives_py_8_profile","id":4}]])
[0m[0;32m[2026-09-16 14:08:52.909][VERB] RETURN: {"result":"$1594"}
[0m[0;32m[2026-09-16 14:08:52.910][VERB] COMMANDCALL: _C.SafeAPI.Execute(["v1.sketch.rectangle",[{"startPos":[85.35,-4,0],"id":1594,"genFixation":0,"endPos":[88.05,-1.3,0]}]])
[0m[0;32m[2026-09-16 14:08:52.916][VERB] RETURN: {"result":["$1600","$1604","$1610","$1616"]}
[0m[0;32m[2026-09-16 14:08:52.916][VERB] COMMANDCALL: _C.SafeAPI.Execute(["v1.sketch.getPoints",[{"id":1600}]])
[0m[0;32m[2026-09-16 14:08:52.916][VERB] RETURN: {"result":{"endId":"$1602","startId":"$1601"}}
[0m[0;32m[2026-09-16 14:08:52.916][VERB] COMMANDCALL: _C.SafeAPI.Execute(["v1.sketch.point",[{"pos":[-1000,-1000,0],"id":1594}]])
[0m[0;32m[2026-09-16 14:08:52.918][VERB] RETURN: {"result":"$1632"}
[0m[0;32m[2026-09-16 14:08:52.918][VERB] COMMANDCALL: _C.SafeAPI.Execute(["v1.sketch.constraint",[{"type":"FIXATION","id":1594,"geomIds":[1632]}]])
[0m[0;32m[2026-09-16 14:08:52.920][VERB] RETURN: {"result":"$1634"}
[0m[0;32m[2026-09-16 14:08:52.920][VERB] COMMANDCALL: _C.SafeAPI.Execute(["v1.sketch.dimension",[{"type":"HORIZONTAL_DISTANCE","value":"@expr.d134_position_x","name":"position_x","id":1594,"geomIds":[1632,1601]}]])
[0m[0;32m[2026-09-16 14:08:52.925][VERB] RETURN: {"result":"$1638"}
[0m[0;32m[2026-09-16 14:08:52.925][VERB] COMMANDCALL: _C.SafeAPI.Execute(["v1.sketch.dimension",[{"type":"VERTICAL_DISTANCE","value":"@expr.d135_position_y","name":"position_y","id":1594,"geomIds":[1632,1601]}]])
[0m[0;32m[2026-09-16 14:08:52.931][VERB] RETURN: {"result":"$1642"}
[0m[0;32m[2026-09-16 14:08:52.931][VERB] COMMANDCALL: _C.SafeAPI.Execute(["v1.sketch.dimension",[{"type":"OFFSET","value":"@expr.d136_width","name":"width","id":1594,"geomIds":[1600]}]])
[0m[0;32m[2026-09-16 14:08:52.938][VERB] RETURN: {"result":"$1646"}
[0m[0;32m[2026-09-16 14:08:52.938][VERB] COMMANDCALL: _C.SafeAPI.Execute(["v1.sketch.dimension",[{"type":"OFFSET","value":"@expr.d137_depth","name":"depth","id":1594,"geomIds":[1604]}]])
[0m[0;32m[2026-09-16 14:08:52.945][VERB] RETURN: {"result":"$1650"}
[0m[0;32m[2026-09-16 14:08:52.946][VERB] COMMANDCALL: _C.SafeAPI.Execute(["v1.part.extrusion",[{"references":[1600,1604,1610,1616],"name":"F132_makeBox_cad_primitives_py_8","taperAngle":0,"limit2":"@expr.d138_height","id":4}]])
[0m[0;32m[2026-09-16 14:08:52.950][VERB] RETURN: {"result":"$1654"}
[0m[0;32m[2026-09-16 14:08:52.950][VERB] COMMANDCALL: _C.SafeAPI.Execute(["v1.part.workPlane",[{"type":"PLANE","references":[38],"name":"F139_makeCylinder_cad_primitives_py_12_plane","offset":"@expr.d140_plane_offset","id":4}]])
[0m[0;32m[2026-09-16 14:08:52.954][VERB] RETURN: {"result":"$1697"}
[0m[0;32m[2026-09-16 14:08:52.954][VERB] COMMANDCALL: _C.SafeAPI.Execute(["v1.sketch.create",[{"planeId":1697,"name":"F139_makeCylinder_cad_primitives_py_12_profile","id":4}]])
[0m[0;32m[2026-09-16 14:08:52.956][VERB] RETURN: {"result":"$1703"}
[0m[0;32m[2026-09-16 14:08:52.956][VERB] COMMANDCALL: _C.SafeAPI.Execute(["v1.sketch.circle",[{"radius":2.7,"id":1703,"genFixation":0,"centerPos":[85.35,-4,0]}]])
[0m[0;32m[2026-09-16 14:08:52.957][VERB] RETURN: {"result":"$1709"}
[0m[0;32m[2026-09-16 14:08:52.957][VERB] COMMANDCALL: _C.SafeAPI.Execute(["v1.sketch.getPoints",[{"id":1709}]])
[0m[0;32m[2026-09-16 14:08:52.957][VERB] RETURN: {"result":{"centerId":"$1710"}}
[0m[0;32m[2026-09-16 14:08:52.957][VERB] COMMANDCALL: _C.SafeAPI.Execute(["v1.sketch.point",[{"pos":[-1000,-1000,0],"id":1703}]])
[0m[0;32m[2026-09-16 14:08:52.958][VERB] RETURN: {"result":"$1712"}
[0m[0;32m[2026-09-16 14:08:52.958][VERB] COMMANDCALL: _C.SafeAPI.Execute(["v1.sketch.constraint",[{"type":"FIXATION","id":1703,"geomIds":[1712]}]])
[0m[0;32m[2026-09-16 14:08:52.959][VERB] RETURN: {"result":"$1714"}
[0m[0;32m[2026-09-16 14:08:52.960][VERB] COMMANDCALL: _C.SafeAPI.Execute(["v1.sketch.dimension",[{"type":"HORIZONTAL_DISTANCE","value":"@expr.d141_position_x","name":"position_x","id":1703,"geomIds":[1712,1710]}]])
[0m[0;32m[2026-09-16 14:08:52.964][VERB] RETURN: {"result":"$1718"}
[0m[0;32m[2026-09-16 14:08:52.964][VERB] COMMANDCALL: _C.SafeAPI.Execute(["v1.sketch.dimension",[{"type":"VERTICAL_DISTANCE","value":"@expr.d142_position_y","name":"position_y","id":1703,"geomIds":[1712,1710]}]])
[0m[0;32m[2026-09-16 14:08:52.968][VERB] RETURN: {"result":"$1722"}
[0m[0;32m[2026-09-16 14:08:52.969][VERB] COMMANDCALL: _C.SafeAPI.Execute(["v1.sketch.dimension",[{"type":"RADIUS","value":"@expr.d143_radius","name":"radius","id":1703,"geomIds":[1709]}]])
[0m[0;32m[2026-09-16 14:08:52.973][VERB] RETURN: {"result":"$1726"}
[0m[0;32m[2026-09-16 14:08:52.974][INFO] Worker is ready
[0m[0;32m[2026-09-16 14:08:52.974][VERB] COMMANDCALL: _C.SafeAPI.Execute(["v1.part.extrusion",[{"references":[1709],"name":"F139_makeCylinder_cad_primitives_py_12","taperAngle":0,"limit2":"@expr.d144_height","id":4}]])
[0m

[0;32m[2026-09-16 14:08:52.979][VERB] RETURN: {"result":"$1730"}
[0m[0;32m[2026-09-16 14:08:52.979][VERB] COMMANDCALL: _C.SafeAPI.Execute(["v1.part.boolean",[{"type":"SUBTRACTION","tools":[1730],"target":1654,"name":"F131_cut_housing_shell_py_25","id":4}]])
[0m[0;32m[2026-09-16 14:08:52.985][VERB] RETURN: {"result":"$1752"}
[0m[0;32m[2026-09-16 14:08:52.986][VERB] COMMANDCALL: _C.SafeAPI.Execute(["v1.part.workPlane",[{"type":"PLANE","references":[38],"name":"F145_makeBox_cad_primitives_py_8_plane","offset":"@expr.d146_plane_offset","id":4}]])
[0m[0;32m[2026-09-16 14:08:52.989][VERB] RETURN: {"result":"$1770"}
[0m[0;32m[2026-09-16 14:08:52.989][VERB] COMMANDCALL: _C.SafeAPI.Execute(["v1.sketch.create",[{"planeId":1770,"name":"F145_makeBox_cad_primitives_py_8_profile","id":4}]])
[0m[0;32m[2026-09-16 14:08:52.991][VERB] RETURN: {"result":"$1776"}
[0m[0;32m[2026-09-16 14:08:52.991][VERB] COMMANDCALL: _C.SafeAPI.Execute(["v1.sketch.rectangle",[{"startPos":[88.05,30,0],"id":1776,"genFixation":0,"endPos":[92.5,41.3,0]}]])
[0m[0;32m[2026-09-16 14:08:52.997][VERB] RETURN: {"result":["$1782","$1786","$1792","$1798"]}
[0m[0;32m[2026-09-16 14:08:52.997][VERB] COMMANDCALL: _C.SafeAPI.Execute(["v1.sketch.getPoints",[{"id":1782}]])
[0m[0;32m[2026-09-16 14:08:52.998][VERB] RETURN: {"result":{"endId":"$1784","startId":"$1783"}}
[0m[0;32m[2026-09-16 14:08:52.998][VERB] COMMANDCALL: _C.SafeAPI.Execute(["v1.sketch.point",[{"pos":[-1000,-1000,0],"id":1776}]])
[0m[0;32m[2026-09-16 14:08:52.999][VERB] RETURN: {"result":"$1814"}
[0m[0;32m[2026-09-16 14:08:53.000][VERB] COMMANDCALL: _C.SafeAPI.Execute(["v1.sketch.constraint",[{"type":"FIXATION","id":1776,"geomIds":[1814]}]])
[0m[0;32m[2026-09-16 14:08:53.001][VERB] RETURN: {"result":"$1816"}
[0m[0;32m[2026-09-16 14:08:53.001][VERB] COMMANDCALL: _C.SafeAPI.Execute(["v1.sketch.dimension",[{"type":"HORIZONTAL_DISTANCE","value":"@expr.d147_position_x","name":"position_x","id":1776,"geomIds":[1814,1783]}]])
[0m[0;32m[2026-09-16 14:08:53.006][VERB] RETURN: {"result":"$1820"}
[0m[0;32m[2026-09-16 14:08:53.006][VERB] COMMANDCALL: _C.SafeAPI.Execute(["v1.sketch.dimension",[{"type":"VERTICAL_DISTANCE","value":"@expr.d148_position_y","name":"position_y","id":1776,"geomIds":[1814,1783]}]])
[0m[0;32m[2026-09-16 14:08:53.012][VERB] RETURN: {"result":"$1824"}
[0m[0;32m[2026-09-16 14:08:53.012][VERB] COMMANDCALL: _C.SafeAPI.Execute(["v1.sketch.dimension",[{"type":"OFFSET","value":"@expr.d149_width","name":"width","id":1776,"geomIds":[1782]}]])
[0m[0;32m[2026-09-16 14:08:53.019][VERB] RETURN: {"result":"$1828"}
[0m[0;32m[2026-09-16 14:08:53.019][VERB] COMMANDCALL: _C.SafeAPI.Execute(["v1.sketch.dimension",[{"type":"OFFSET","value":"@expr.d150_depth","name":"depth","id":1776,"geomIds":[1786]}]])
[0m[0;32m[2026-09-16 14:08:53.026][VERB] RETURN: {"result":"$1832"}
[0m[0;32m[2026-09-16 14:08:53.026][VERB] COMMANDCALL: _C.SafeAPI.Execute(["v1.part.extrusion",[{"references":[1782,1786,1792,1798],"name":"F145_makeBox_cad_primitives_py_8","taperAngle":0,"limit2":"@expr.d151_height","id":4}]])
[0m[0;32m[2026-09-16 14:08:53.031][VERB] RETURN: {"result":"$1836"}
[0m[0;32m[2026-09-16 14:08:53.032][VERB] COMMANDCALL: _C.SafeAPI.Execute(["v1.part.workPlane",[{"type":"PLANE","references":[38],"name":"F152_makeBox_cad_primitives_py_8_plane","offset":"@expr.d153_plane_offset","id":4}]])
[0m[0;32m[2026-09-16 14:08:53.035][VERB] RETURN: {"result":"$1879"}
[0m[0;32m[2026-09-16 14:08:53.035][VERB] COMMANDCALL: _C.SafeAPI.Execute(["v1.sketch.create",[{"planeId":1879,"name":"F152_makeBox_cad_primitives_py_8_profile","id":4}]])
[0m[0;32m[2026-09-16 14:08:53.037][VERB] RETURN: {"result":"$1885"}
[0m[0;32m[2026-09-16 14:08:53.037][VERB] COMMANDCALL: _C.SafeAPI.Execute(["v1.sketch.rectangle",[{"startPos":[88.05,30,0],"id":1885,"genFixation":0,"endPos":[92.5,38,0]}]])
[0m[0;32m[2026-09-16 14:08:53.044][VERB] RETURN: {"result":["$1891","$1895","$1901","$1907"]}
[0m[0;32m[2026-09-16 14:08:53.044][VERB] COMMANDCALL: _C.SafeAPI.Execute(["v1.sketch.getPoints",[{"id":1891}]])
[0m[0;32m[2026-09-16 14:08:53.044][VERB] RETURN: {"result":{"endId":"$1893","startId":"$1892"}}
[0m[0;32m[2026-09-16 14:08:53.044][VERB] COMMANDCALL: _C.SafeAPI.Execute(["v1.sketch.point",[{"pos":[-1000,-1000,0],"id":1885}]])
[0m[0;32m[2026-09-16 14:08:53.046][VERB] RETURN: {"result":"$1923"}
[0m[0;32m[2026-09-16 14:08:53.046][VERB] COMMANDCALL: _C.SafeAPI.Execute(["v1.sketch.constraint",[{"type":"FIXATION","id":1885,"geomIds":[1923]}]])
[0m[0;32m[2026-09-16 14:08:53.048][VERB] RETURN: {"result":"$1925"}
[0m[0;32m[2026-09-16 14:08:53.048][VERB] COMMANDCALL: _C.SafeAPI.Execute(["v1.sketch.dimension",[{"type":"HORIZONTAL_DISTANCE","value":"@expr.d154_position_x","name":"position_x","id":1885,"geomIds":[1923,1892]}]])
[0m[0;32m[2026-09-16 14:08:53.053][VERB] RETURN: {"result":"$1929"}
[0m[0;32m[2026-09-16 14:08:53.053][VERB] COMMANDCALL: _C.SafeAPI.Execute(["v1.sketch.dimension",[{"type":"VERTICAL_DISTANCE","value":"@expr.d155_position_y","name":"position_y","id":1885,"geomIds":[1923,1892]}]])
[0m[0;32m[2026-09-16 14:08:53.059][VERB] RETURN: {"result":"$1933"}
[0m[0;32m[2026-09-16 14:08:53.059][VERB] COMMANDCALL: _C.SafeAPI.Execute(["v1.sketch.dimension",[{"type":"OFFSET","value":"@expr.d156_width","name":"width","id":1885,"geomIds":[1891]}]])
[0m[0;32m[2026-09-16 14:08:53.065][VERB] RETURN: {"result":"$1937"}
[0m[0;32m[2026-09-16 14:08:53.065][VERB] COMMANDCALL: _C.SafeAPI.Execute(["v1.sketch.dimension",[{"type":"OFFSET","value":"@expr.d157_depth","name":"depth","id":1885,"geomIds":[1895]}]])
[0m[0;32m[2026-09-16 14:08:53.073][VERB] RETURN: {"result":"$1941"}
[0m[0;32m[2026-09-16 14:08:53.073][VERB] COMMANDCALL: _C.SafeAPI.Execute(["v1.part.extrusion",[{"references":[1891,1895,1901,1907],"name":"F152_makeBox_cad_primitives_py_8","taperAngle":0,"limit2":"@expr.d158_height","id":4}]])
[0m[0;32m[2026-09-16 14:08:53.078][VERB] RETURN: {"result":"$1945"}
[0m[0;32m[2026-09-16 14:08:53.078][VERB] COMMANDCALL: _C.SafeAPI.Execute(["v1.part.workPlane",[{"type":"PLANE","references":[38],"name":"F160_makeBox_cad_primitives_py_8_plane","offset":"@expr.d161_plane_offset","id":4}]])
[0m[0;32m[2026-09-16 14:08:53.081][VERB] RETURN: {"result":"$1988"}
[0m[0;32m[2026-09-16 14:08:53.081][VERB] COMMANDCALL: _C.SafeAPI.Execute(["v1.sketch.create",[{"planeId":1988,"name":"F160_makeBox_cad_primitives_py_8_profile","id":4}]])
[0m[0;32m[2026-09-16 14:08:53.083][VERB] RETURN: {"result":"$1994"}
[0m[0;32m[2026-09-16 14:08:53.083][VERB] COMMANDCALL: _C.SafeAPI.Execute(["v1.sketch.rectangle",[{"startPos":[59.1,40.8,0],"id":1994,"genFixation":0,"endPos":[63.1,44.8,0]}]])
[0m[0;32m[2026-09-16 14:08:53.090][VERB] RETURN: {"result":["$2000","$2004","$2010","$2016"]}
[0m[0;32m[2026-09-16 14:08:53.090][VERB] COMMANDCALL: _C.SafeAPI.Execute(["v1.sketch.getPoints",[{"id":2000}]])
[0m[0;32m[2026-09-16 14:08:53.090][VERB] RETURN: {"result":{"endId":"$2002","startId":"$2001"}}
[0m[0;32m[2026-09-16 14:08:53.090][VERB] COMMANDCALL: _C.SafeAPI.Execute(["v1.sketch.point",[{"pos":[-1000,-1000,0],"id":1994}]])
[0m[0;32m[2026-09-16 14:08:53.092][VERB] RETURN: {"result":"$2032"}
[0m[0;32m[2026-09-16 14:08:53.092][VERB] COMMANDCALL: _C.SafeAPI.Execute(["v1.sketch.constraint",[{"type":"FIXATION","id":1994,"geomIds":[2032]}]])
[0m[0;32m[2026-09-16 14:08:53.093][VERB] RETURN: {"result":"$2034"}
[0m[0;32m[2026-09-16 14:08:53.094][VERB] COMMANDCALL: _C.SafeAPI.Execute(["v1.sketch.dimension",[{"type":"HORIZONTAL_DISTANCE","value":"@expr.d162_position_x","name":"position_x","id":1994,"geomIds":[2032,2001]}]])
[0m[0;32m[2026-09-16 14:08:53.099][VERB] RETURN: {"result":"$2038"}
[0m[0;32m[2026-09-16 14:08:53.099][VERB] COMMANDCALL: _C.SafeAPI.Execute(["v1.sketch.dimension",[{"type":"VERTICAL_DISTANCE","value":"@expr.d163_position_y","name":"position_y","id":1994,"geomIds":[2032,2001]}]])
[0m[0;32m[2026-09-16 14:08:53.105][VERB] RETURN: {"result":"$2042"}
[0m[0;32m[2026-09-16 14:08:53.105][VERB] COMMANDCALL: _C.SafeAPI.Execute(["v1.sketch.dimension",[{"type":"OFFSET","value":"@expr.d164_width","name":"width","id":1994,"geomIds":[2000]}]])
[0m[0;32m[2026-09-16 14:08:53.111][VERB] RETURN: {"result":"$2046"}
[0m[0;32m[2026-09-16 14:08:53.111][VERB] COMMANDCALL: _C.SafeAPI.Execute(["v1.sketch.dimension",[{"type":"OFFSET","value":"@expr.d165_depth","name":"depth","id":1994,"geomIds":[2004]}]])
[0m[0;32m[2026-09-16 14:08:53.119][VERB] RETURN: {"result":"$2050"}
[0m[0;32m[2026-09-16 14:08:53.119][VERB] COMMANDCALL: _C.SafeAPI.Execute(["v1.part.extrusion",[{"references":[2000,2004,2010,2016],"name":"F160_makeBox_cad_primitives_py_8","taperAngle":0,"limit2":"@expr.d166_height","id":4}]])
[0m[0;32m[2026-09-16 14:08:53.124][VERB] RETURN: {"result":"$2054"}
[0m[0;32m[2026-09-16 14:08:53.124][VERB] COMMANDCALL: _C.SafeAPI.Execute(["v1.part.workPlane",[{"type":"PLANE","references":[38],"name":"F167_makeCylinder_cad_primitives_py_12_plane","offset":"@expr.d168_plane_offset","id":4}]])
[0m[0;32m[2026-09-16 14:08:53.127][VERB] RETURN: {"result":"$2097"}
[0m[0;32m[2026-09-16 14:08:53.128][VERB] COMMANDCALL: _C.SafeAPI.Execute(["v1.sketch.create",[{"planeId":2097,"name":"F167_makeCylinder_cad_primitives_py_12_profile","id":4}]])
[0m[0;32m[2026-09-16 14:08:53.130][VERB] RETURN: {"result":"$2103"}
[0m[0;32m[2026-09-16 14:08:53.130][VERB] COMMANDCALL: _C.SafeAPI.Execute(["v1.sketch.circle",[{"radius":4,"id":2103,"genFixation":0,"centerPos":[63.1,44.8,0]}]])
[0m[0;32m[2026-09-16 14:08:53.131][VERB] RETURN: {"result":"$2109"}
[0m[0;32m[2026-09-16 14:08:53.131][VERB] COMMANDCALL: _C.SafeAPI.Execute(["v1.sketch.getPoints",[{"id":2109}]])
[0m[0;32m[2026-09-16 14:08:53.131][VERB] RETURN: {"result":{"centerId":"$2110"}}
[0m[0;32m[2026-09-16 14:08:53.131][VERB] COMMANDCALL: _C.SafeAPI.Execute(["v1.sketch.point",[{"pos":[-1000,-1000,0],"id":2103}]])
[0m[0;32m[2026-09-16 14:08:53.132][VERB] RETURN: {"result":"$2112"}
[0m[0;32m[2026-09-16 14:08:53.132][VERB] COMMANDCALL: _C.SafeAPI.Execute(["v1.sketch.constraint",[{"type":"FIXATION","id":2103,"geomIds":[2112]}]])
[0m[0;32m[2026-09-16 14:08:53.133][VERB] RETURN: {"result":"$2114"}
[0m[0;32m[2026-09-16 14:08:53.133][VERB] COMMANDCALL: _C.SafeAPI.Execute(["v1.sketch.dimension",[{"type":"HORIZONTAL_DISTANCE","value":"@expr.d169_position_x","name":"position_x","id":2103,"geomIds":[2112,2110]}]])
[0m[0;32m[2026-09-16 14:08:53.137][VERB] RETURN: {"result":"$2118"}
[0m[0;32m[2026-09-16 14:08:53.137][VERB] COMMANDCALL: _C.SafeAPI.Execute(["v1.sketch.dimension",[{"type":"VERTICAL_DISTANCE","value":"@expr.d170_position_y","name":"position_y","id":2103,"geomIds":[2112,2110]}]])
[0m[0;32m[2026-09-16 14:08:53.142][VERB] RETURN: {"result":"$2122"}
[0m[0;32m[2026-09-16 14:08:53.142][VERB] COMMANDCALL: _C.SafeAPI.Execute(["v1.sketch.dimension",[{"type":"RADIUS","value":"@expr.d171_radius","name":"radius","id":2103,"geomIds":[2109]}]])
[0m[0;32m[2026-09-16 14:08:53.147][VERB] RETURN: {"result":"$2126"}
[0m[0;32m[2026-09-16 14:08:53.148][VERB] COMMANDCALL: _C.SafeAPI.Execute(["v1.part.extrusion",[{"references":[2109],"name":"F167_makeCylinder_cad_primitives_py_12","taperAngle":0,"limit2":"@expr.d172_height","id":4}]])
[0m[0;32m[2026-09-16 14:08:53.153][VERB] RETURN: {"result":"$2130"}
[0m[0;32m[2026-09-16 14:08:53.153][VERB] COMMANDCALL: _C.SafeAPI.Execute(["v1.part.boolean",[{"type":"SUBTRACTION","tools":[2130],"target":2054,"name":"F159_cut_housing_shell_py_39","id":4}]])
[0m[0;32m[2026-09-16 14:08:53.158][VERB] RETURN: {"result":"$2152"}
[0m[0;32m[2026-09-16 14:08:53.159][VERB] COMMANDCALL: _C.SafeAPI.Execute(["v1.part.workPlane",[{"type":"PLANE","references":[38],"name":"F174_makeBox_cad_primitives_py_8_plane","offset":"@expr.d175_plane_offset","id":4}]])
[0m[0;32m[2026-09-16 14:08:53.162][VERB] RETURN: {"result":"$2170"}
[0m[0;32m[2026-09-16 14:08:53.162][VERB] COMMANDCALL: _C.SafeAPI.Execute(["v1.sketch.create",[{"planeId":2170,"name":"F174_makeBox_cad_primitives_py_8_profile","id":4}]])
[0m[0;32m[2026-09-16 14:08:53.164][VERB] RETURN: {"result":"$2176"}
[0m[0;32m[2026-09-16 14:08:53.165][VERB] COMMANDCALL: _C.SafeAPI.Execute(["v1.sketch.rectangle",[{"startPos":[42.1,16.1,0],"id":2176,"genFixation":0,"endPos":[46.1,20.1,0]}]])
[0m[0;32m[2026-09-16 14:08:53.171][VERB] RETURN: {"result":["$2182","$2186","$2192","$2198"]}
[0m[0;32m[2026-09-16 14:08:53.171][VERB] COMMANDCALL: _C.SafeAPI.Execute(["v1.sketch.getPoints",[{"id":2182}]])
[0m[0;32m[2026-09-16 14:08:53.171][VERB] RETURN: {"result":{"endId":"$2184","startId":"$2183"}}
[0m[0;32m[2026-09-16 14:08:53.171][VERB] COMMANDCALL: _C.SafeAPI.Execute(["v1.sketch.point",[{"pos":[-1000,-1000,0],"id":2176}]])
[0m[0;32m[2026-09-16 14:08:53.173][VERB] RETURN: {"result":"$2214"}
[0m[0;32m[2026-09-16 14:08:53.173][VERB] COMMANDCALL: _C.SafeAPI.Execute(["v1.sketch.constraint",[{"type":"FIXATION","id":2176,"geomIds":[2214]}]])
[0m[0;32m[2026-09-16 14:08:53.175][VERB] RETURN: {"result":"$2216"}
[0m[0;32m[2026-09-16 14:08:53.175][VERB] COMMANDCALL: _C.SafeAPI.Execute(["v1.sketch.dimension",[{"type":"HORIZONTAL_DISTANCE","value":"@expr.d176_position_x","name":"position_x","id":2176,"geomIds":[2214,2183]}]])
[0m[0;32m[2026-09-16 14:08:53.180][VERB] RETURN: {"result":"$2220"}
[0m[0;32m[2026-09-16 14:08:53.180][VERB] COMMANDCALL: _C.SafeAPI.Execute(["v1.sketch.dimension",[{"type":"VERTICAL_DISTANCE","value":"@expr.d177_position_y","name":"position_y","id":2176,"geomIds":[2214,2183]}]])
[0m[0;32m[2026-09-16 14:08:53.186][VERB] RETURN: {"result":"$2224"}
[0m[0;32m[2026-09-16 14:08:53.186][VERB] COMMANDCALL: _C.SafeAPI.Execute(["v1.sketch.dimension",[{"type":"OFFSET","value":"@expr.d178_width","name":"width","id":2176,"geomIds":[2182]}]])
[0m[0;32m[2026-09-16 14:08:53.192][VERB] RETURN: {"result":"$2228"}
[0m[0;32m[2026-09-16 14:08:53.193][VERB] COMMANDCALL: _C.SafeAPI.Execute(["v1.sketch.dimension",[{"type":"OFFSET","value":"@expr.d179_depth","name":"depth","id":2176,"geomIds":[2186]}]])
[0m[0;32m[2026-09-16 14:08:53.200][VERB] RETURN: {"result":"$2232"}
[0m[0;32m[2026-09-16 14:08:53.200][VERB] COMMANDCALL: _C.SafeAPI.Execute(["v1.part.extrusion",[{"references":[2182,2186,2192,2198],"name":"F174_makeBox_cad_primitives_py_8","taperAngle":0,"limit2":"@expr.d180_height","id":4}]])
[0m[0;32m[2026-09-16 14:08:53.205][VERB] RETURN: {"result":"$2236"}
[0m[0;32m[2026-09-16 14:08:53.205][VERB] COMMANDCALL: _C.SafeAPI.Execute(["v1.part.workPlane",[{"type":"PLANE","references":[38],"name":"F181_makeCylinder_cad_primitives_py_12_plane","offset":"@expr.d182_plane_offset","id":4}]])
[0m[0;32m[2026-09-16 14:08:53.209][VERB] RETURN: {"result":"$2279"}
[0m[0;32m[2026-09-16 14:08:53.209][VERB] COMMANDCALL: _C.SafeAPI.Execute(["v1.sketch.create",[{"planeId":2279,"name":"F181_makeCylinder_cad_primitives_py_12_profile","id":4}]])
[0m[0;32m[2026-09-16 14:08:53.211][VERB] RETURN: {"result":"$2285"}
[0m[0;32m[2026-09-16 14:08:53.211][VERB] COMMANDCALL: _C.SafeAPI.Execute(["v1.sketch.circle",[{"radius":4,"id":2285,"genFixation":0,"centerPos":[42.1,16.1,0]}]])
[0m[0;32m[2026-09-16 14:08:53.212][VERB] RETURN: {"result":"$2291"}
[0m[0;32m[2026-09-16 14:08:53.212][VERB] COMMANDCALL: _C.SafeAPI.Execute(["v1.sketch.getPoints",[{"id":2291}]])
[0m[0;32m[2026-09-16 14:08:53.212][VERB] RETURN: {"result":{"centerId":"$2292"}}
[0m[0;32m[2026-09-16 14:08:53.212][VERB] COMMANDCALL: _C.SafeAPI.Execute(["v1.sketch.point",[{"pos":[-1000,-1000,0],"id":2285}]])
[0m[0;32m[2026-09-16 14:08:53.213][VERB] RETURN: {"result":"$2294"}
[0m[0;32m[2026-09-16 14:08:53.213][VERB] COMMANDCALL: _C.SafeAPI.Execute(["v1.sketch.constraint",[{"type":"FIXATION","id":2285,"geomIds":[2294]}]])
[0m[0;32m[2026-09-16 14:08:53.214][VERB] RETURN: {"result":"$2296"}
[0m[0;32m[2026-09-16 14:08:53.214][VERB] COMMANDCALL: _C.SafeAPI.Execute(["v1.sketch.dimension",[{"type":"HORIZONTAL_DISTANCE","value":"@expr.d183_position_x","name":"position_x","id":2285,"geomIds":[2294,2292]}]])
[0m[0;32m[2026-09-16 14:08:53.219][VERB] RETURN: {"result":"$2300"}
[0m[0;32m[2026-09-16 14:08:53.219][VERB] COMMANDCALL: _C.SafeAPI.Execute(["v1.sketch.dimension",[{"type":"VERTICAL_DISTANCE","value":"@expr.d184_position_y","name":"position_y","id":2285,"geomIds":[2294,2292]}]])
[0m[0;32m[2026-09-16 14:08:53.223][VERB] RETURN: {"result":"$2304"}
[0m[0;32m[2026-09-16 14:08:53.223][VERB] COMMANDCALL: _C.SafeAPI.Execute(["v1.sketch.dimension",[{"type":"RADIUS","value":"@expr.d185_radius","name":"radius","id":2285,"geomIds":[2291]}]])
[0m[0;32m[2026-09-16 14:08:53.228][VERB] RETURN: {"result":"$2308"}
[0m[0;32m[2026-09-16 14:08:53.229][VERB] COMMANDCALL: _C.SafeAPI.Execute(["v1.part.extrusion",[{"references":[2291],"name":"F181_makeCylinder_cad_primitives_py_12","taperAngle":0,"limit2":"@expr.d186_height","id":4}]])
[0m[0;32m[2026-09-16 14:08:53.234][VERB] RETURN: {"result":"$2312"}
[0m[0;32m[2026-09-16 14:08:53.234][VERB] COMMANDCALL: _C.SafeAPI.Execute(["v1.part.boolean",[{"type":"SUBTRACTION","tools":[2312],"target":2236,"name":"F173_cut_housing_shell_py_48","id":4}]])
[0m[0;32m[2026-09-16 14:08:53.239][VERB] RETURN: {"result":"$2334"}
[0m[0;32m[2026-09-16 14:08:53.240][VERB] COMMANDCALL: _C.SafeAPI.Execute(["v1.part.workPlane",[{"type":"PLANE","references":[38],"name":"F187_makeCylinder_cad_primitives_py_12_plane","offset":"@expr.d188_plane_offset","id":4}]])
[0m[0;32m[2026-09-16 14:08:53.243][VERB] RETURN: {"result":"$2352"}
[0m[0;32m[2026-09-16 14:08:53.243][VERB] COMMANDCALL: _C.SafeAPI.Execute(["v1.sketch.create",[{"planeId":2352,"name":"F187_makeCylinder_cad_primitives_py_12_profile","id":4}]])
[0m[0;32m[2026-09-16 14:08:53.245][VERB] RETURN: {"result":"$2358"}
[0m[0;32m[2026-09-16 14:08:53.245][VERB] COMMANDCALL: _C.SafeAPI.Execute(["v1.sketch.circle",[{"radius":4.5,"id":2358,"genFixation":0,"centerPos":[86.8,38.9,0]}]])
[0m[0;32m[2026-09-16 14:08:53.246][VERB] RETURN: {"result":"$2364"}
[0m[0;32m[2026-09-16 14:08:53.247][VERB] COMMANDCALL: _C.SafeAPI.Execute(["v1.sketch.getPoints",[{"id":2364}]])
[0m[0;32m[2026-09-16 14:08:53.247][VERB] RETURN: {"result":{"centerId":"$2365"}}
[0m[0;32m[2026-09-16 14:08:53.247][VERB] COMMANDCALL: _C.SafeAPI.Execute(["v1.sketch.point",[{"pos":[-1000,-1000,0],"id":2358}]])
[0m[0;32m[2026-09-16 14:08:53.248][VERB] RETURN: {"result":"$2367"}
[0m[0;32m[2026-09-16 14:08:53.248][VERB] COMMANDCALL: _C.SafeAPI.Execute(["v1.sketch.constraint",[{"type":"FIXATION","id":2358,"geomIds":[2367]}]])
[0m[0;32m[2026-09-16 14:08:53.249][VERB] RETURN: {"result":"$2369"}
[0m[0;32m[2026-09-16 14:08:53.249][VERB] COMMANDCALL: _C.SafeAPI.Execute(["v1.sketch.dimension",[{"type":"HORIZONTAL_DISTANCE","value":"@expr.d189_position_x","name":"position_x","id":2358,"geomIds":[2367,2365]}]])
[0m[0;32m[2026-09-16 14:08:53.253][VERB] RETURN: {"result":"$2373"}
[0m[0;32m[2026-09-16 14:08:53.253][VERB] COMMANDCALL: _C.SafeAPI.Execute(["v1.sketch.dimension",[{"type":"VERTICAL_DISTANCE","value":"@expr.d190_position_y","name":"position_y","id":2358,"geomIds":[2367,2365]}]])
[0m[0;32m[2026-09-16 14:08:53.258][VERB] RETURN: {"result":"$2377"}
[0m[0;32m[2026-09-16 14:08:53.258][VERB] COMMANDCALL: _C.SafeAPI.Execute(["v1.sketch.dimension",[{"type":"RADIUS","value":"@expr.d191_radius","name":"radius","id":2358,"geomIds":[2364]}]])
[0m[0;32m[2026-09-16 14:08:53.263][VERB] RETURN: {"result":"$2381"}
[0m[0;32m[2026-09-16 14:08:53.263][VERB] COMMANDCALL: _C.SafeAPI.Execute(["v1.part.extrusion",[{"references":[2364],"name":"F187_makeCylinder_cad_primitives_py_12","taperAngle":0,"limit2":"@expr.d192_height","id":4}]])
[0m[0;32m[2026-09-16 14:08:53.268][VERB] RETURN: {"result":"$2385"}
[0m[0;32m[2026-09-16 14:08:53.268][VERB] COMMANDCALL: _C.SafeAPI.Execute(["v1.part.workPlane",[{"type":"PLANE","references":[38],"name":"F193_makeBox_cad_primitives_py_8_plane","offset":"@expr.d194_plane_offset","id":4}]])
[0m[0;32m[2026-09-16 14:08:53.272][VERB] RETURN: {"result":"$2407"}
[0m[0;32m[2026-09-16 14:08:53.272][VERB] COMMANDCALL: _C.SafeAPI.Execute(["v1.sketch.create",[{"planeId":2407,"name":"F193_makeBox_cad_primitives_py_8_profile","id":4}]])
[0m[0;32m[2026-09-16 14:08:53.274][VERB] RETURN: {"result":"$2413"}
[0m[0;32m[2026-09-16 14:08:53.274][VERB] COMMANDCALL: _C.SafeAPI.Execute(["v1.sketch.rectangle",[{"startPos":[86.8,30,0],"id":2413,"genFixation":0,"endPos":[92.5,43,0]}]])
[0m[0;32m[2026-09-16 14:08:53.281][VERB] RETURN: {"result":["$2419","$2423","$2429","$2435"]}
[0m[0;32m[2026-09-16 14:08:53.281][VERB] COMMANDCALL: _C.SafeAPI.Execute(["v1.sketch.getPoints",[{"id":2419}]])
[0m[0;32m[2026-09-16 14:08:53.281][VERB] RETURN: {"result":{"endId":"$2421","startId":"$2420"}}
[0m[0;32m[2026-09-16 14:08:53.281][VERB] COMMANDCALL: _C.SafeAPI.Execute(["v1.sketch.point",[{"pos":[-1000,-1000,0],"id":2413}]])
[0m[0;32m[2026-09-16 14:08:53.283][VERB] RETURN: {"result":"$2451"}
[0m[0;32m[2026-09-16 14:08:53.283][VERB] COMMANDCALL: _C.SafeAPI.Execute(["v1.sketch.constraint",[{"type":"FIXATION","id":2413,"geomIds":[2451]}]])
[0m[0;32m[2026-09-16 14:08:53.284][VERB] RETURN: {"result":"$2453"}
[0m[0;32m[2026-09-16 14:08:53.285][VERB] COMMANDCALL: _C.SafeAPI.Execute(["v1.sketch.dimension",[{"type":"HORIZONTAL_DISTANCE","value":"@expr.d195_position_x","name":"position_x","id":2413,"geomIds":[2451,2420]}]])
[0m[0;32m[2026-09-16 14:08:53.290][VERB] RETURN: {"result":"$2457"}
[0m[0;32m[2026-09-16 14:08:53.290][VERB] COMMANDCALL: _C.SafeAPI.Execute(["v1.sketch.dimension",[{"type":"VERTICAL_DISTANCE","value":"@expr.d196_position_y","name":"position_y","id":2413,"geomIds":[2451,2420]}]])
[0m[0;32m[2026-09-16 14:08:53.296][VERB] RETURN: {"result":"$2461"}
[0m[0;32m[2026-09-16 14:08:53.296][VERB] COMMANDCALL: _C.SafeAPI.Execute(["v1.sketch.dimension",[{"type":"OFFSET","value":"@expr.d197_width","name":"width","id":2413,"geomIds":[2419]}]])
[0m[0;32m[2026-09-16 14:08:53.303][VERB] RETURN: {"result":"$2465"}
[0m[0;32m[2026-09-16 14:08:53.303][VERB] COMMANDCALL: _C.SafeAPI.Execute(["v1.sketch.dimension",[{"type":"OFFSET","value":"@expr.d198_depth","name":"depth","id":2413,"geomIds":[2423]}]])
[0m[0;32m[2026-09-16 14:08:53.310][VERB] RETURN: {"result":"$2469"}
[0m[0;32m[2026-09-16 14:08:53.311][VERB] COMMANDCALL: _C.SafeAPI.Execute(["v1.part.extrusion",[{"references":[2419,2423,2429,2435],"name":"F193_makeBox_cad_primitives_py_8","taperAngle":0,"limit2":"@expr.d199_height","id":4}]])
[0m[0;32m[2026-09-16 14:08:53.316][VERB] RETURN: {"result":"$2473"}
[0m[0;32m[2026-09-16 14:08:53.316][VERB] COMMANDCALL: _C.SafeAPI.Execute(["v1.part.boolean",[{"type":"UNION","tools":[231,307,362,417,472,560,669,745,800,855,910,998,1107,1183,1238,1293,1348,1436,1545,1752,1836,1945,2152,2334,2385,2473],"target":122,"name":"F2_union_cad_primitives_py_17","id":4}]])
[0m[0;32m[2026-09-16 14:08:53.356][VERB] RETURN: {"result":"$2516"}
[0m[0;32m[2026-09-16 14:08:53.357][VERB] COMMANDCALL: _C.SafeAPI.Execute(["v1.common.setDatabaseSettings",[{"isSketchGraphicEnabled":1,"isGraphicEnabled":1,"isCCGraphicEnabled":1,"doCurveTessellation":1}]])
[0m[0;32m[2026-09-16 14:08:53.357][VERB] RETURN: {"result":null}
[0m[2026-09-16 14:08:53.400][DEBUG] Build graphic in: 28ms
[0;32m[2026-09-16 14:08:53.414][VERB] COMMANDCALL: _C.SafeAPI.Execute(["v1.part.chamfer",[{"references":[2823,3034,2933,3097,2625,3098,2780,2794,2793,2705,2781,2670,2680,2814,2813,3084,3083,3077,3073,3121,3120,3155,3154,3022,3090,2994,3032,3150,3151,3152,3153],"name":"F1_chamfer_shell_skin_py_17","id":4,"distance1":"@expr.d200_cham ...
[0m[0;32m[2026-09-16 14:08:53.782][VERB] RETURN: {"result":"$3169"}
[0m[0;32m[2026-09-16 14:08:53.783][VERB] COMMANDCALL: _C.SafeAPI.Execute(["v1.sketch.create",[{"planeId":38,"name":"F201_chamfer_shell_skin_py_17_middle_profile","id":4}]])
[0m[0;32m[2026-09-16 14:08:53.785][VERB] RETURN: {"result":"$3553"}
[0m[0;32m[2026-09-16 14:08:53.785][VERB] COMMANDCALL: _C.SafeAPI.Execute(["v1.sketch.point",[{"pos":[-1000,-1000,0],"id":3553}]])
[0m[0;32m[2026-09-16 14:08:53.786][VERB] RETURN: {"result":"$3559"}
[0m[0;32m[2026-09-16 14:08:53.786][VERB] COMMANDCALL: _C.SafeAPI.Execute(["v1.sketch.constraint",[{"type":"FIXATION","id":3553,"geomIds":[3559]}]])
[0m[0;32m[2026-09-16 14:08:53.787][VERB] RETURN: {"result":"$3561"}
[0m[0;32m[2026-09-16 14:08:53.787][VERB] COMMANDCALL: _C.SafeAPI.Execute(["v1.sketch.line",[{"startPos":[2.1,1.6,0],"genIncidence":0,"genTangency":0,"genFixation":0,"genVertAndHoriz":0,"id":3553,"endPos":[53,1.6,0]}]])
[0m[0;32m[2026-09-16 14:08:53.789][VERB] RETURN: {"result":"$3563"}
[0m[0;32m[2026-09-16 14:08:53.789][VERB] COMMANDCALL: _C.SafeAPI.Execute(["v1.sketch.getPoints",[{"id":3563}]])
[0m[0;32m[2026-09-16 14:08:53.789][VERB] RETURN: {"result":{"endId":"$3565","startId":"$3564"}}
[0m[0;32m[2026-09-16 14:08:53.789][VERB] COMMANDCALL: _C.SafeAPI.Execute(["v1.sketch.dimension",[{"type":"HORIZONTAL_DISTANCE","value":"@expr.d202_x","name":"x","id":3553,"geomIds":[3559,3564]}]])
[0m[0;32m[2026-09-16 14:08:53.793][VERB] RETURN: {"result":"$3569"}
[0m[0;32m[2026-09-16 14:08:53.794][VERB] COMMANDCALL: _C.SafeAPI.Execute(["v1.sketch.dimension",[{"type":"VERTICAL_DISTANCE","value":"@expr.d203_y","name":"y","id":3553,"geomIds":[3559,3564]}]])
[0m[0;32m[2026-09-16 14:08:53.798][VERB] RETURN: {"result":"$3573"}
[0m[0;32m[2026-09-16 14:08:53.799][VERB] COMMANDCALL: _C.SafeAPI.Execute(["v1.sketch.dimension",[{"type":"HORIZONTAL_DISTANCE","value":"@expr.d204_x","name":"x","id":3553,"geomIds":[3559,3565]}]])
[0m[0;32m[2026-09-16 14:08:53.804][VERB] RETURN: {"result":"$3577"}
[0m[0;32m[2026-09-16 14:08:53.804][VERB] COMMANDCALL: _C.SafeAPI.Execute(["v1.sketch.dimension",[{"type":"VERTICAL_DISTANCE","value":"@expr.d205_y","name":"y","id":3553,"geomIds":[3559,3565]}]])
[0m[0;32m[2026-09-16 14:08:53.810][VERB] RETURN: {"result":"$3581"}
[0m[0;32m[2026-09-16 14:08:53.810][VERB] COMMANDCALL: _C.SafeAPI.Execute(["v1.sketch.line",[{"startPos":[53,1.6,0],"genIncidence":0,"genTangency":0,"genFixation":0,"genVertAndHoriz":0,"id":3553,"endPos":[53.5,2.1,0]}]])
[0m[0;32m[2026-09-16 14:08:53.813][VERB] RETURN: {"result":"$3583"}
[0m[0;32m[2026-09-16 14:08:53.813][VERB] COMMANDCALL: _C.SafeAPI.Execute(["v1.sketch.getPoints",[{"id":3583}]])
[0m[0;32m[2026-09-16 14:08:53.813][VERB] RETURN: {"result":{"endId":"$3585","startId":"$3584"}}
[0m[0;32m[2026-09-16 14:08:53.814][VERB] COMMANDCALL: _C.SafeAPI.Execute(["v1.sketch.dimension",[{"type":"HORIZONTAL_DISTANCE","value":"@expr.d206_x","name":"x","id":3553,"geomIds":[3559,3584]}]])
[0m[0;32m[2026-09-16 14:08:53.821][VERB] RETURN: {"result":"$3589"}
[0m[0;32m[2026-09-16 14:08:53.821][VERB] COMMANDCALL: _C.SafeAPI.Execute(["v1.sketch.dimension",[{"type":"VERTICAL_DISTANCE","value":"@expr.d207_y","name":"y","id":3553,"geomIds":[3559,3584]}]])
[0m[0;32m[2026-09-16 14:08:53.829][VERB] RETURN: {"result":"$3593"}
[0m[0;32m[2026-09-16 14:08:53.829][VERB] COMMANDCALL: _C.SafeAPI.Execute(["v1.sketch.dimension",[{"type":"HORIZONTAL_DISTANCE","value":"@expr.d208_x","name":"x","id":3553,"geomIds":[3559,3585]}]])
[0m[0;32m[2026-09-16 14:08:53.837][VERB] RETURN: {"result":"$3597"}
[0m[0;32m[2026-09-16 14:08:53.837][VERB] COMMANDCALL: _C.SafeAPI.Execute(["v1.sketch.dimension",[{"type":"VERTICAL_DISTANCE","value":"@expr.d209_y","name":"y","id":3553,"geomIds":[3559,3585]}]])
[0m[0;32m[2026-09-16 14:08:53.846][VERB] RETURN: {"result":"$3601"}
[0m[0;32m[2026-09-16 14:08:53.847][VERB] COMMANDCALL: _C.SafeAPI.Execute(["v1.sketch.line",[{"startPos":[53.5,2.1,0],"genIncidence":0,"genTangency":0,"genFixation":0,"genVertAndHoriz":0,"id":3553,"endPos":[53.5,25.1,0]}]])
[0m[0;32m[2026-09-16 14:08:53.851][VERB] RETURN: {"result":"$3603"}
[0m[0;32m[2026-09-16 14:08:53.851][VERB] COMMANDCALL: _C.SafeAPI.Execute(["v1.sketch.getPoints",[{"id":3603}]])
[0m[0;32m[2026-09-16 14:08:53.851][VERB] RETURN: {"result":{"endId":"$3605","startId":"$3604"}}
[0m[0;32m[2026-09-16 14:08:53.851][VERB] COMMANDCALL: _C.SafeAPI.Execute(["v1.sketch.dimension",[{"type":"HORIZONTAL_DISTANCE","value":"@expr.d210_x","name":"x","id":3553,"geomIds":[3559,3604]}]])
[0m[0;32m[2026-09-16 14:08:53.861][VERB] RETURN: {"result":"$3609"}
[0m[0;32m[2026-09-16 14:08:53.862][VERB] COMMANDCALL: _C.SafeAPI.Execute(["v1.sketch.dimension",[{"type":"VERTICAL_DISTANCE","value":"@expr.d211_y","name":"y","id":3553,"geomIds":[3559,3604]}]])
[0m[0;32m[2026-09-16 14:08:53.872][VERB] RETURN: {"result":"$3613"}
[0m[0;32m[2026-09-16 14:08:53.872][VERB] COMMANDCALL: _C.SafeAPI.Execute(["v1.sketch.dimension",[{"type":"HORIZONTAL_DISTANCE","value":"@expr.d212_x","name":"x","id":3553,"geomIds":[3559,3605]}]])
[0m[0;32m[2026-09-16 14:08:53.884][VERB] RETURN: {"result":"$3617"}
[0m[0;32m[2026-09-16 14:08:53.884][VERB] COMMANDCALL: _C.SafeAPI.Execute(["v1.sketch.dimension",[{"type":"VERTICAL_DISTANCE","value":"@expr.d213_y","name":"y","id":3553,"geomIds":[3559,3605]}]])
[0m[0;32m[2026-09-16 14:08:53.896][VERB] RETURN: {"result":"$3621"}
[0m[0;32m[2026-09-16 14:08:53.896][VERB] COMMANDCALL: _C.SafeAPI.Execute(["v1.sketch.line",[{"startPos":[53.5,25.1,0],"genIncidence":0,"genTangency":0,"genFixation":0,"genVertAndHoriz":0,"id":3553,"endPos":[53,25.6,0]}]])
[0m[0;32m[2026-09-16 14:08:53.902][VERB] RETURN: {"result":"$3623"}
[0m[0;32m[2026-09-16 14:08:53.902][VERB] COMMANDCALL: _C.SafeAPI.Execute(["v1.sketch.getPoints",[{"id":3623}]])
[0m[0;32m[2026-09-16 14:08:53.902][VERB] RETURN: {"result":{"endId":"$3625","startId":"$3624"}}
[0m[0;32m[2026-09-16 14:08:53.902][VERB] COMMANDCALL: _C.SafeAPI.Execute(["v1.sketch.dimension",[{"type":"HORIZONTAL_DISTANCE","value":"@expr.d214_x","name":"x","id":3553,"geomIds":[3559,3624]}]])
[0m[0;32m[2026-09-16 14:08:53.915][VERB] RETURN: {"result":"$3629"}
[0m[0;32m[2026-09-16 14:08:53.915][VERB] COMMANDCALL: _C.SafeAPI.Execute(["v1.sketch.dimension",[{"type":"VERTICAL_DISTANCE","value":"@expr.d215_y","name":"y","id":3553,"geomIds":[3559,3624]}]])
[0m[0;32m[2026-09-16 14:08:53.929][VERB] RETURN: {"result":"$3633"}
[0m[0;32m[2026-09-16 14:08:53.929][VERB] COMMANDCALL: _C.SafeAPI.Execute(["v1.sketch.dimension",[{"type":"HORIZONTAL_DISTANCE","value":"@expr.d216_x","name":"x","id":3553,"geomIds":[3559,3625]}]])
[0m[0;32m[2026-09-16 14:08:53.943][VERB] RETURN: {"result":"$3637"}
[0m[0;32m[2026-09-16 14:08:53.943][VERB] COMMANDCALL: _C.SafeAPI.Execute(["v1.sketch.dimension",[{"type":"VERTICAL_DISTANCE","value":"@expr.d217_y","name":"y","id":3553,"geomIds":[3559,3625]}]])
[0m[0;32m[2026-09-16 14:08:53.958][VERB] RETURN: {"result":"$3641"}
[0m[0;32m[2026-09-16 14:08:53.958][VERB] COMMANDCALL: _C.SafeAPI.Execute(["v1.sketch.line",[{"startPos":[53,25.6,0],"genIncidence":0,"genTangency":0,"genFixation":0,"genVertAndHoriz":0,"id":3553,"endPos":[2.1,25.6,0]}]])
[0m[0;32m[2026-09-16 14:08:53.966][VERB] RETURN: {"result":"$3643"}
[0m[0;32m[2026-09-16 14:08:53.966][VERB] COMMANDCALL: _C.SafeAPI.Execute(["v1.sketch.getPoints",[{"id":3643}]])
[0m[0;32m[2026-09-16 14:08:53.966][VERB] RETURN: {"result":{"endId":"$3645","startId":"$3644"}}
[0m[0;32m[2026-09-16 14:08:53.966][VERB] COMMANDCALL: _C.SafeAPI.Execute(["v1.sketch.dimension",[{"type":"HORIZONTAL_DISTANCE","value":"@expr.d218_x","name":"x","id":3553,"geomIds":[3559,3644]}]])
[0m[0;32m[2026-09-16 14:08:53.982][VERB] RETURN: {"result":"$3649"}
[0m[0;32m[2026-09-16 14:08:53.982][VERB] COMMANDCALL: _C.SafeAPI.Execute(["v1.sketch.dimension",[{"type":"VERTICAL_DISTANCE","value":"@expr.d219_y","name":"y","id":3553,"geomIds":[3559,3644]}]])
[0m[0;32m[2026-09-16 14:08:53.998][VERB] RETURN: {"result":"$3653"}
[0m[0;32m[2026-09-16 14:08:53.998][VERB] COMMANDCALL: _C.SafeAPI.Execute(["v1.sketch.dimension",[{"type":"HORIZONTAL_DISTANCE","value":"@expr.d220_x","name":"x","id":3553,"geomIds":[3559,3645]}]])
[0m[0;32m[2026-09-16 14:08:54.015][VERB] RETURN: {"result":"$3657"}
[0m[0;32m[2026-09-16 14:08:54.016][VERB] COMMANDCALL: _C.SafeAPI.Execute(["v1.sketch.dimension",[{"type":"VERTICAL_DISTANCE","value":"@expr.d221_y","name":"y","id":3553,"geomIds":[3559,3645]}]])
[0m[0;32m[2026-09-16 14:08:54.033][VERB] RETURN: {"result":"$3661"}
[0m[0;32m[2026-09-16 14:08:54.033][VERB] COMMANDCALL: _C.SafeAPI.Execute(["v1.sketch.line",[{"startPos":[2.1,25.6,0],"genIncidence":0,"genTangency":0,"genFixation":0,"genVertAndHoriz":0,"id":3553,"endPos":[1.6,25.1,0]}]])
[0m[0;32m[2026-09-16 14:08:54.042][VERB] RETURN: {"result":"$3663"}
[0m[0;32m[2026-09-16 14:08:54.042][VERB] COMMANDCALL: _C.SafeAPI.Execute(["v1.sketch.getPoints",[{"id":3663}]])
[0m[0;32m[2026-09-16 14:08:54.043][VERB] RETURN: {"result":{"endId":"$3665","startId":"$3664"}}
[0m[0;32m[2026-09-16 14:08:54.043][VERB] COMMANDCALL: _C.SafeAPI.Execute(["v1.sketch.dimension",[{"type":"HORIZONTAL_DISTANCE","value":"@expr.d222_x","name":"x","id":3553,"geomIds":[3559,3664]}]])
[0m[0;32m[2026-09-16 14:08:54.062][VERB] RETURN: {"result":"$3669"}
[0m[0;32m[2026-09-16 14:08:54.062][VERB] COMMANDCALL: _C.SafeAPI.Execute(["v1.sketch.dimension",[{"type":"VERTICAL_DISTANCE","value":"@expr.d223_y","name":"y","id":3553,"geomIds":[3559,3664]}]])
[0m[0;32m[2026-09-16 14:08:54.081][VERB] RETURN: {"result":"$3673"}
[0m[0;32m[2026-09-16 14:08:54.082][VERB] COMMANDCALL: _C.SafeAPI.Execute(["v1.sketch.dimension",[{"type":"HORIZONTAL_DISTANCE","value":"@expr.d224_x","name":"x","id":3553,"geomIds":[3559,3665]}]])
[0m[0;32m[2026-09-16 14:08:54.102][VERB] RETURN: {"result":"$3677"}
[0m[0;32m[2026-09-16 14:08:54.102][VERB] COMMANDCALL: _C.SafeAPI.Execute(["v1.sketch.dimension",[{"type":"VERTICAL_DISTANCE","value":"@expr.d225_y","name":"y","id":3553,"geomIds":[3559,3665]}]])
[0m[0;32m[2026-09-16 14:08:54.122][VERB] RETURN: {"result":"$3681"}
[0m[0;32m[2026-09-16 14:08:54.123][VERB] COMMANDCALL: _C.SafeAPI.Execute(["v1.sketch.line",[{"startPos":[1.6,25.1,0],"genIncidence":0,"genTangency":0,"genFixation":0,"genVertAndHoriz":0,"id":3553,"endPos":[1.6,2.1,0]}]])
[0m[0;32m[2026-09-16 14:08:54.133][VERB] RETURN: {"result":"$3683"}
[0m[0;32m[2026-09-16 14:08:54.133][VERB] COMMANDCALL: _C.SafeAPI.Execute(["v1.sketch.getPoints",[{"id":3683}]])
[0m[0;32m[2026-09-16 14:08:54.133][VERB] RETURN: {"result":{"endId":"$3685","startId":"$3684"}}
[0m[0;32m[2026-09-16 14:08:54.134][VERB] COMMANDCALL: _C.SafeAPI.Execute(["v1.sketch.dimension",[{"type":"HORIZONTAL_DISTANCE","value":"@expr.d226_x","name":"x","id":3553,"geomIds":[3559,3684]}]])
[0m[0;32m[2026-09-16 14:08:54.155][VERB] RETURN: {"result":"$3689"}
[0m[0;32m[2026-09-16 14:08:54.155][VERB] COMMANDCALL: _C.SafeAPI.Execute(["v1.sketch.dimension",[{"type":"VERTICAL_DISTANCE","value":"@expr.d227_y","name":"y","id":3553,"geomIds":[3559,3684]}]])
[0m[0;32m[2026-09-16 14:08:54.178][VERB] RETURN: {"result":"$3693"}
[0m[0;32m[2026-09-16 14:08:54.178][VERB] COMMANDCALL: _C.SafeAPI.Execute(["v1.sketch.dimension",[{"type":"HORIZONTAL_DISTANCE","value":"@expr.d228_x","name":"x","id":3553,"geomIds":[3559,3685]}]])
[0m[0;32m[2026-09-16 14:08:54.201][VERB] RETURN: {"result":"$3697"}
[0m[0;32m[2026-09-16 14:08:54.201][VERB] COMMANDCALL: _C.SafeAPI.Execute(["v1.sketch.dimension",[{"type":"VERTICAL_DISTANCE","value":"@expr.d229_y","name":"y","id":3553,"geomIds":[3559,3685]}]])
[0m[0;32m[2026-09-16 14:08:54.225][VERB] RETURN: {"result":"$3701"}
[0m[0;32m[2026-09-16 14:08:54.225][VERB] COMMANDCALL: _C.SafeAPI.Execute(["v1.sketch.line",[{"startPos":[1.6,2.1,0],"genIncidence":0,"genTangency":0,"genFixation":0,"genVertAndHoriz":0,"id":3553,"endPos":[2.1,1.6,0]}]])
[0m[0;32m[2026-09-16 14:08:54.237][VERB] RETURN: {"result":"$3703"}
[0m[0;32m[2026-09-16 14:08:54.237][VERB] COMMANDCALL: _C.SafeAPI.Execute(["v1.sketch.getPoints",[{"id":3703}]])
[0m[0;32m[2026-09-16 14:08:54.237][VERB] RETURN: {"result":{"endId":"$3705","startId":"$3704"}}
[0m[0;32m[2026-09-16 14:08:54.238][VERB] COMMANDCALL: _C.SafeAPI.Execute(["v1.sketch.dimension",[{"type":"HORIZONTAL_DISTANCE","value":"@expr.d230_x","name":"x","id":3553,"geomIds":[3559,3704]}]])
[0m[0;32m[2026-09-16 14:08:54.262][VERB] RETURN: {"result":"$3709"}
[0m[0;32m[2026-09-16 14:08:54.263][VERB] COMMANDCALL: _C.SafeAPI.Execute(["v1.sketch.dimension",[{"type":"VERTICAL_DISTANCE","value":"@expr.d231_y","name":"y","id":3553,"geomIds":[3559,3704]}]])
[0m[0;32m[2026-09-16 14:08:54.288][VERB] RETURN: {"result":"$3713"}
[0m[0;32m[2026-09-16 14:08:54.288][VERB] COMMANDCALL: _C.SafeAPI.Execute(["v1.sketch.dimension",[{"type":"HORIZONTAL_DISTANCE","value":"@expr.d232_x","name":"x","id":3553,"geomIds":[3559,3705]}]])
[0m[0;32m[2026-09-16 14:08:54.314][VERB] RETURN: {"result":"$3717"}
[0m[0;32m[2026-09-16 14:08:54.315][VERB] COMMANDCALL: _C.SafeAPI.Execute(["v1.sketch.dimension",[{"type":"VERTICAL_DISTANCE","value":"@expr.d233_y","name":"y","id":3553,"geomIds":[3559,3705]}]])
[0m[0;32m[2026-09-16 14:08:54.342][VERB] RETURN: {"result":"$3721"}
[0m[0;32m[2026-09-16 14:08:54.342][VERB] COMMANDCALL: _C.SafeAPI.Execute(["v1.part.extrusion",[{"references":[3563,3583,3603,3623,3643,3663,3683,3703],"name":"F201_chamfer_shell_skin_py_17_middle","taperAngle":0,"limit2":"@expr.d234_height","id":4}]])
[0m[0;32m[2026-09-16 14:08:54.348][VERB] RETURN: {"result":"$3725"}
[0m[0;32m[2026-09-16 14:08:54.348][VERB] COMMANDCALL: _C.SafeAPI.Execute(["v1.part.translation",[{"references":[34],"name":"F201_chamfer_shell_skin_py_17_middle_2","id":4,"targets":[3725],"distance":"@expr.d235_position"}]])
[0m[0;32m[2026-09-16 14:08:54.352][VERB] RETURN: {"result":"$3796"}
[0m[0;32m[2026-09-16 14:08:54.353][VERB] COMMANDCALL: _C.SafeAPI.Execute(["v1.part.extrusion",[{"references":[3563,3583,3603,3623,3643,3663,3683,3703],"name":"F201_chamfer_shell_skin_py_17_bottom","taperAngle":0.78539816339745,"limit2":"@expr.d236_bevel_height","id":4}]])
[0m[0;32m[2026-09-16 14:08:54.360][VERB] RETURN: {"result":"$3807"}
[0m[0;32m[2026-09-16 14:08:54.361][VERB] COMMANDCALL: _C.SafeAPI.Execute(["v1.part.translation",[{"references":[34],"name":"F201_chamfer_shell_skin_py_17_bottom_2","id":4,"targets":[3807],"distance":"@expr.d237_position"}]])
[0m[0;32m[2026-09-16 14:08:54.365][VERB] RETURN: {"result":"$3870"}
[0m[0;32m[2026-09-16 14:08:54.365][VERB] COMMANDCALL: _C.SafeAPI.Execute(["v1.part.extrusion",[{"references":[3563,3583,3603,3623,3643,3663,3683,3703],"name":"F201_chamfer_shell_skin_py_17_top","taperAngle":0.78539816339745,"limit2":"@expr.d238_bevel_height","id":4}]])
[0m[0;32m[2026-09-16 14:08:54.373][VERB] RETURN: {"result":"$3881"}
[0m[0;32m[2026-09-16 14:08:54.373][VERB] COMMANDCALL: _C.SafeAPI.Execute(["v1.part.translation",[{"references":[34],"name":"F201_chamfer_shell_skin_py_17_top_2","id":4,"targets":[3881],"distance":"@expr.d239_position"}]])
[0m[0;32m[2026-09-16 14:08:54.377][VERB] RETURN: {"result":"$3944"}
[0m[0;32m[2026-09-16 14:08:54.377][VERB] COMMANDCALL: _C.SafeAPI.Execute(["v1.part.boolean",[{"type":"UNION","tools":[3870,3944],"target":3796,"name":"F201_chamfer_shell_skin_py_17","id":4}]])
[0m[0;32m[2026-09-16 14:08:54.388][VERB] RETURN: {"result":"$3955"}
[0m[0;32m[2026-09-16 14:08:54.389][VERB] COMMANDCALL: _C.SafeAPI.Execute(["v1.part.boolean",[{"type":"SUBTRACTION","tools":[3955],"target":3169,"name":"F0_cut_housing_shell_py_58_tool_0","id":4}]])
[0m[0;32m[2026-09-16 14:08:54.407][VERB] RETURN: {"result":"$4034"}
[0m[0;32m[2026-09-16 14:08:54.408][VERB] COMMANDCALL: _C.SafeAPI.Execute(["v1.sketch.create",[{"planeId":38,"name":"F240_chamfer_shell_skin_py_17_middle_profile","id":4}]])
[0m[0;32m[2026-09-16 14:08:54.410][VERB] RETURN: {"result":"$4202"}
[0m[0;32m[2026-09-16 14:08:54.410][VERB] COMMANDCALL: _C.SafeAPI.Execute(["v1.sketch.point",[{"pos":[-1000,-1000,0],"id":4202}]])
[0m[0;32m[2026-09-16 14:08:54.411][VERB] RETURN: {"result":"$4208"}
[0m[0;32m[2026-09-16 14:08:54.411][VERB] COMMANDCALL: _C.SafeAPI.Execute(["v1.sketch.constraint",[{"type":"FIXATION","id":4202,"geomIds":[4208]}]])
[0m[0;32m[2026-09-16 14:08:54.412][VERB] RETURN: {"result":"$4210"}
[0m[0;32m[2026-09-16 14:08:54.412][VERB] COMMANDCALL: _C.SafeAPI.Execute(["v1.sketch.line",[{"startPos":[2.1,23,0],"genIncidence":0,"genTangency":0,"genFixation":0,"genVertAndHoriz":0,"id":4202,"endPos":[54.7,23,0]}]])
[0m[0;32m[2026-09-16 14:08:54.413][VERB] RETURN: {"result":"$4212"}
[0m[0;32m[2026-09-16 14:08:54.413][VERB] COMMANDCALL: _C.SafeAPI.Execute(["v1.sketch.getPoints",[{"id":4212}]])
[0m[0;32m[2026-09-16 14:08:54.414][VERB] RETURN: {"result":{"endId":"$4214","startId":"$4213"}}
[0m[0;32m[2026-09-16 14:08:54.414][VERB] COMMANDCALL: _C.SafeAPI.Execute(["v1.sketch.dimension",[{"type":"HORIZONTAL_DISTANCE","value":"@expr.d241_x","name":"x","id":4202,"geomIds":[4208,4213]}]])
[0m[0;32m[2026-09-16 14:08:54.418][VERB] RETURN: {"result":"$4218"}
[0m[0;32m[2026-09-16 14:08:54.418][VERB] COMMANDCALL: _C.SafeAPI.Execute(["v1.sketch.dimension",[{"type":"VERTICAL_DISTANCE","value":"@expr.d242_y","name":"y","id":4202,"geomIds":[4208,4213]}]])
[0m[0;32m[2026-09-16 14:08:54.423][VERB] RETURN: {"result":"$4222"}
[0m[0;32m[2026-09-16 14:08:54.423][VERB] COMMANDCALL: _C.SafeAPI.Execute(["v1.sketch.dimension",[{"type":"HORIZONTAL_DISTANCE","value":"@expr.d243_x","name":"x","id":4202,"geomIds":[4208,4214]}]])
[0m[0;32m[2026-09-16 14:08:54.428][VERB] RETURN: {"result":"$4226"}
[0m[0;32m[2026-09-16 14:08:54.429][VERB] COMMANDCALL: _C.SafeAPI.Execute(["v1.sketch.dimension",[{"type":"VERTICAL_DISTANCE","value":"@expr.d244_y","name":"y","id":4202,"geomIds":[4208,4214]}]])
[0m[0;32m[2026-09-16 14:08:54.435][VERB] RETURN: {"result":"$4230"}
[0m[0;32m[2026-09-16 14:08:54.435][VERB] COMMANDCALL: _C.SafeAPI.Execute(["v1.sketch.line",[{"startPos":[54.7,23,0],"genIncidence":0,"genTangency":0,"genFixation":0,"genVertAndHoriz":0,"id":4202,"endPos":[55.2,23.5,0]}]])
[0m[0;32m[2026-09-16 14:08:54.438][VERB] RETURN: {"result":"$4232"}
[0m[0;32m[2026-09-16 14:08:54.438][VERB] COMMANDCALL: _C.SafeAPI.Execute(["v1.sketch.getPoints",[{"id":4232}]])
[0m[0;32m[2026-09-16 14:08:54.438][VERB] RETURN: {"result":{"endId":"$4234","startId":"$4233"}}
[0m[0;32m[2026-09-16 14:08:54.438][VERB] COMMANDCALL: _C.SafeAPI.Execute(["v1.sketch.dimension",[{"type":"HORIZONTAL_DISTANCE","value":"@expr.d245_x","name":"x","id":4202,"geomIds":[4208,4233]}]])
[0m[0;32m[2026-09-16 14:08:54.445][VERB] RETURN: {"result":"$4238"}
[0m[0;32m[2026-09-16 14:08:54.445][VERB] COMMANDCALL: _C.SafeAPI.Execute(["v1.sketch.dimension",[{"type":"VERTICAL_DISTANCE","value":"@expr.d246_y","name":"y","id":4202,"geomIds":[4208,4233]}]])
[0m[0;32m[2026-09-16 14:08:54.453][VERB] RETURN: {"result":"$4242"}
[0m[0;32m[2026-09-16 14:08:54.453][VERB] COMMANDCALL: _C.SafeAPI.Execute(["v1.sketch.dimension",[{"type":"HORIZONTAL_DISTANCE","value":"@expr.d247_x","name":"x","id":4202,"geomIds":[4208,4234]}]])
[0m[0;32m[2026-09-16 14:08:54.462][VERB] RETURN: {"result":"$4246"}
[0m[0;32m[2026-09-16 14:08:54.462][VERB] COMMANDCALL: _C.SafeAPI.Execute(["v1.sketch.dimension",[{"type":"VERTICAL_DISTANCE","value":"@expr.d248_y","name":"y","id":4202,"geomIds":[4208,4234]}]])
[0m[0;32m[2026-09-16 14:08:54.471][VERB] RETURN: {"result":"$4250"}
[0m[0;32m[2026-09-16 14:08:54.471][VERB] COMMANDCALL: _C.SafeAPI.Execute(["v1.sketch.line",[{"startPos":[55.2,23.5,0],"genIncidence":0,"genTangency":0,"genFixation":0,"genVertAndHoriz":0,"id":4202,"endPos":[55.2,61.9,0]}]])
[0m[0;32m[2026-09-16 14:08:54.476][VERB] RETURN: {"result":"$4252"}
[0m[0;32m[2026-09-16 14:08:54.476][VERB] COMMANDCALL: _C.SafeAPI.Execute(["v1.sketch.getPoints",[{"id":4252}]])
[0m[0;32m[2026-09-16 14:08:54.476][VERB] RETURN: {"result":{"endId":"$4254","startId":"$4253"}}
[0m[0;32m[2026-09-16 14:08:54.476][VERB] COMMANDCALL: _C.SafeAPI.Execute(["v1.sketch.dimension",[{"type":"HORIZONTAL_DISTANCE","value":"@expr.d249_x","name":"x","id":4202,"geomIds":[4208,4253]}]])
[0m[0;32m[2026-09-16 14:08:54.486][VERB] RETURN: {"result":"$4258"}
[0m[0;32m[2026-09-16 14:08:54.486][VERB] COMMANDCALL: _C.SafeAPI.Execute(["v1.sketch.dimension",[{"type":"VERTICAL_DISTANCE","value":"@expr.d250_y","name":"y","id":4202,"geomIds":[4208,4253]}]])
[0m[0;32m[2026-09-16 14:08:54.497][VERB] RETURN: {"result":"$4262"}
[0m[0;32m[2026-09-16 14:08:54.497][VERB] COMMANDCALL: _C.SafeAPI.Execute(["v1.sketch.dimension",[{"type":"HORIZONTAL_DISTANCE","value":"@expr.d251_x","name":"x","id":4202,"geomIds":[4208,4254]}]])
[0m[0;32m[2026-09-16 14:08:54.509][VERB] RETURN: {"result":"$4266"}
[0m[0;32m[2026-09-16 14:08:54.509][VERB] COMMANDCALL: _C.SafeAPI.Execute(["v1.sketch.dimension",[{"type":"VERTICAL_DISTANCE","value":"@expr.d252_y","name":"y","id":4202,"geomIds":[4208,4254]}]])
[0m[0;32m[2026-09-16 14:08:54.521][VERB] RETURN: {"result":"$4270"}
[0m[0;32m[2026-09-16 14:08:54.522][VERB] COMMANDCALL: _C.SafeAPI.Execute(["v1.sketch.line",[{"startPos":[55.2,61.9,0],"genIncidence":0,"genTangency":0,"genFixation":0,"genVertAndHoriz":0,"id":4202,"endPos":[54.7,62.4,0]}]])
[0m[0;32m[2026-09-16 14:08:54.527][VERB] RETURN: {"result":"$4272"}
[0m[0;32m[2026-09-16 14:08:54.527][VERB] COMMANDCALL: _C.SafeAPI.Execute(["v1.sketch.getPoints",[{"id":4272}]])
[0m[0;32m[2026-09-16 14:08:54.528][VERB] RETURN: {"result":{"endId":"$4274","startId":"$4273"}}
[0m[0;32m[2026-09-16 14:08:54.528][VERB] COMMANDCALL: _C.SafeAPI.Execute(["v1.sketch.dimension",[{"type":"HORIZONTAL_DISTANCE","value":"@expr.d253_x","name":"x","id":4202,"geomIds":[4208,4273]}]])
[0m[0;32m[2026-09-16 14:08:54.540][VERB] RETURN: {"result":"$4278"}
[0m[0;32m[2026-09-16 14:08:54.540][VERB] COMMANDCALL: _C.SafeAPI.Execute(["v1.sketch.dimension",[{"type":"VERTICAL_DISTANCE","value":"@expr.d254_y","name":"y","id":4202,"geomIds":[4208,4273]}]])
[0m[0;32m[2026-09-16 14:08:54.554][VERB] RETURN: {"result":"$4282"}
[0m[0;32m[2026-09-16 14:08:54.554][VERB] COMMANDCALL: _C.SafeAPI.Execute(["v1.sketch.dimension",[{"type":"HORIZONTAL_DISTANCE","value":"@expr.d255_x","name":"x","id":4202,"geomIds":[4208,4274]}]])
[0m[0;32m[2026-09-16 14:08:54.568][VERB] RETURN: {"result":"$4286"}
[0m[0;32m[2026-09-16 14:08:54.569][VERB] COMMANDCALL: _C.SafeAPI.Execute(["v1.sketch.dimension",[{"type":"VERTICAL_DISTANCE","value":"@expr.d256_y","name":"y","id":4202,"geomIds":[4208,4274]}]])
[0m[0;32m[2026-09-16 14:08:54.583][VERB] RETURN: {"result":"$4290"}
[0m[0;32m[2026-09-16 14:08:54.584][VERB] COMMANDCALL: _C.SafeAPI.Execute(["v1.sketch.line",[{"startPos":[54.7,62.4,0],"genIncidence":0,"genTangency":0,"genFixation":0,"genVertAndHoriz":0,"id":4202,"endPos":[2.1,62.4,0]}]])
[0m[0;32m[2026-09-16 14:08:54.591][VERB] RETURN: {"result":"$4292"}
[0m[0;32m[2026-09-16 14:08:54.591][VERB] COMMANDCALL: _C.SafeAPI.Execute(["v1.sketch.getPoints",[{"id":4292}]])
[0m[0;32m[2026-09-16 14:08:54.591][VERB] RETURN: {"result":{"endId":"$4294","startId":"$4293"}}
[0m[0;32m[2026-09-16 14:08:54.592][VERB] COMMANDCALL: _C.SafeAPI.Execute(["v1.sketch.dimension",[{"type":"HORIZONTAL_DISTANCE","value":"@expr.d257_x","name":"x","id":4202,"geomIds":[4208,4293]}]])
[0m[0;32m[2026-09-16 14:08:54.607][VERB] RETURN: {"result":"$4298"}
[0m[0;32m[2026-09-16 14:08:54.607][VERB] COMMANDCALL: _C.SafeAPI.Execute(["v1.sketch.dimension",[{"type":"VERTICAL_DISTANCE","value":"@expr.d258_y","name":"y","id":4202,"geomIds":[4208,4293]}]])
[0m[0;32m[2026-09-16 14:08:54.624][VERB] RETURN: {"result":"$4302"}
[0m[0;32m[2026-09-16 14:08:54.624][VERB] COMMANDCALL: _C.SafeAPI.Execute(["v1.sketch.dimension",[{"type":"HORIZONTAL_DISTANCE","value":"@expr.d259_x","name":"x","id":4202,"geomIds":[4208,4294]}]])
[0m[0;32m[2026-09-16 14:08:54.641][VERB] RETURN: {"result":"$4306"}
[0m[0;32m[2026-09-16 14:08:54.641][VERB] COMMANDCALL: _C.SafeAPI.Execute(["v1.sketch.dimension",[{"type":"VERTICAL_DISTANCE","value":"@expr.d260_y","name":"y","id":4202,"geomIds":[4208,4294]}]])
[0m[0;32m[2026-09-16 14:08:54.660][VERB] RETURN: {"result":"$4310"}
[0m[0;32m[2026-09-16 14:08:54.660][VERB] COMMANDCALL: _C.SafeAPI.Execute(["v1.sketch.line",[{"startPos":[2.1,62.4,0],"genIncidence":0,"genTangency":0,"genFixation":0,"genVertAndHoriz":0,"id":4202,"endPos":[1.6,61.9,0]}]])
[0m[0;32m[2026-09-16 14:08:54.669][VERB] RETURN: {"result":"$4312"}
[0m[0;32m[2026-09-16 14:08:54.669][VERB] COMMANDCALL: _C.SafeAPI.Execute(["v1.sketch.getPoints",[{"id":4312}]])
[0m[0;32m[2026-09-16 14:08:54.669][VERB] RETURN: {"result":{"endId":"$4314","startId":"$4313"}}
[0m[0;32m[2026-09-16 14:08:54.670][VERB] COMMANDCALL: _C.SafeAPI.Execute(["v1.sketch.dimension",[{"type":"HORIZONTAL_DISTANCE","value":"@expr.d261_x","name":"x","id":4202,"geomIds":[4208,4313]}]])
[0m[0;32m[2026-09-16 14:08:54.688][VERB] RETURN: {"result":"$4318"}
[0m[0;32m[2026-09-16 14:08:54.689][VERB] COMMANDCALL: _C.SafeAPI.Execute(["v1.sketch.dimension",[{"type":"VERTICAL_DISTANCE","value":"@expr.d262_y","name":"y","id":4202,"geomIds":[4208,4313]}]])
[0m[0;32m[2026-09-16 14:08:54.708][VERB] RETURN: {"result":"$4322"}
[0m[0;32m[2026-09-16 14:08:54.708][VERB] COMMANDCALL: _C.SafeAPI.Execute(["v1.sketch.dimension",[{"type":"HORIZONTAL_DISTANCE","value":"@expr.d263_x","name":"x","id":4202,"geomIds":[4208,4314]}]])
[0m[0;32m[2026-09-16 14:08:54.729][VERB] RETURN: {"result":"$4326"}
[0m[0;32m[2026-09-16 14:08:54.729][VERB] COMMANDCALL: _C.SafeAPI.Execute(["v1.sketch.dimension",[{"type":"VERTICAL_DISTANCE","value":"@expr.d264_y","name":"y","id":4202,"geomIds":[4208,4314]}]])
[0m[0;32m[2026-09-16 14:08:54.751][VERB] RETURN: {"result":"$4330"}
[0m[0;32m[2026-09-16 14:08:54.752][VERB] COMMANDCALL: _C.SafeAPI.Execute(["v1.sketch.line",[{"startPos":[1.6,61.9,0],"genIncidence":0,"genTangency":0,"genFixation":0,"genVertAndHoriz":0,"id":4202,"endPos":[1.6,23.5,0]}]])
[0m[0;32m[2026-09-16 14:08:54.763][VERB] RETURN: {"result":"$4332"}
[0m[0;32m[2026-09-16 14:08:54.763][VERB] COMMANDCALL: _C.SafeAPI.Execute(["v1.sketch.getPoints",[{"id":4332}]])
[0m[0;32m[2026-09-16 14:08:54.763][VERB] RETURN: {"result":{"endId":"$4334","startId":"$4333"}}
[0m[0;32m[2026-09-16 14:08:54.764][VERB] COMMANDCALL: _C.SafeAPI.Execute(["v1.sketch.dimension",[{"type":"HORIZONTAL_DISTANCE","value":"@expr.d265_x","name":"x","id":4202,"geomIds":[4208,4333]}]])
[0m[0;32m[2026-09-16 14:08:54.786][VERB] RETURN: {"result":"$4338"}
[0m[0;32m[2026-09-16 14:08:54.787][VERB] COMMANDCALL: _C.SafeAPI.Execute(["v1.sketch.dimension",[{"type":"VERTICAL_DISTANCE","value":"@expr.d266_y","name":"y","id":4202,"geomIds":[4208,4333]}]])
[0m[0;32m[2026-09-16 14:08:54.810][VERB] RETURN: {"result":"$4342"}
[0m[0;32m[2026-09-16 14:08:54.810][VERB] COMMANDCALL: _C.SafeAPI.Execute(["v1.sketch.dimension",[{"type":"HORIZONTAL_DISTANCE","value":"@expr.d267_x","name":"x","id":4202,"geomIds":[4208,4334]}]])
[0m[0;32m[2026-09-16 14:08:54.835][VERB] RETURN: {"result":"$4346"}
[0m[0;32m[2026-09-16 14:08:54.836][VERB] COMMANDCALL: _C.SafeAPI.Execute(["v1.sketch.dimension",[{"type":"VERTICAL_DISTANCE","value":"@expr.d268_y","name":"y","id":4202,"geomIds":[4208,4334]}]])
[0m[0;32m[2026-09-16 14:08:54.860][VERB] RETURN: {"result":"$4350"}
[0m[0;32m[2026-09-16 14:08:54.860][VERB] COMMANDCALL: _C.SafeAPI.Execute(["v1.sketch.line",[{"startPos":[1.6,23.5,0],"genIncidence":0,"genTangency":0,"genFixation":0,"genVertAndHoriz":0,"id":4202,"endPos":[2.1,23,0]}]])
[0m[0;32m[2026-09-16 14:08:54.873][VERB] RETURN: {"result":"$4352"}
[0m[0;32m[2026-09-16 14:08:54.873][VERB] COMMANDCALL: _C.SafeAPI.Execute(["v1.sketch.getPoints",[{"id":4352}]])
[0m[0;32m[2026-09-16 14:08:54.873][VERB] RETURN: {"result":{"endId":"$4354","startId":"$4353"}}
[0m[0;32m[2026-09-16 14:08:54.873][VERB] COMMANDCALL: _C.SafeAPI.Execute(["v1.sketch.dimension",[{"type":"HORIZONTAL_DISTANCE","value":"@expr.d269_x","name":"x","id":4202,"geomIds":[4208,4353]}]])
[0m[0;32m[2026-09-16 14:08:54.900][VERB] RETURN: {"result":"$4358"}
[0m[0;32m[2026-09-16 14:08:54.900][VERB] COMMANDCALL: _C.SafeAPI.Execute(["v1.sketch.dimension",[{"type":"VERTICAL_DISTANCE","value":"@expr.d270_y","name":"y","id":4202,"geomIds":[4208,4353]}]])
[0m[0;32m[2026-09-16 14:08:54.926][VERB] RETURN: {"result":"$4362"}
[0m[0;32m[2026-09-16 14:08:54.927][VERB] COMMANDCALL: _C.SafeAPI.Execute(["v1.sketch.dimension",[{"type":"HORIZONTAL_DISTANCE","value":"@expr.d271_x","name":"x","id":4202,"geomIds":[4208,4354]}]])
[0m[0;32m[2026-09-16 14:08:54.953][VERB] RETURN: {"result":"$4366"}
[0m[0;32m[2026-09-16 14:08:54.953][VERB] COMMANDCALL: _C.SafeAPI.Execute(["v1.sketch.dimension",[{"type":"VERTICAL_DISTANCE","value":"@expr.d272_y","name":"y","id":4202,"geomIds":[4208,4354]}]])
[0m[0;32m[2026-09-16 14:08:54.980][VERB] RETURN: {"result":"$4370"}
[0m[0;32m[2026-09-16 14:08:54.981][VERB] COMMANDCALL: _C.SafeAPI.Execute(["v1.part.extrusion",[{"references":[4212,4232,4252,4272,4292,4312,4332,4352],"name":"F240_chamfer_shell_skin_py_17_middle","taperAngle":0,"limit2":"@expr.d273_height","id":4}]])
[0m[0;32m[2026-09-16 14:08:54.986][VERB] RETURN: {"result":"$4374"}
[0m[0;32m[2026-09-16 14:08:54.987][VERB] COMMANDCALL: _C.SafeAPI.Execute(["v1.part.translation",[{"references":[34],"name":"F240_chamfer_shell_skin_py_17_middle_2","id":4,"targets":[4374],"distance":"@expr.d274_position"}]])
[0m[0;32m[2026-09-16 14:08:54.991][VERB] RETURN: {"result":"$4445"}
[0m[0;32m[2026-09-16 14:08:54.991][VERB] COMMANDCALL: _C.SafeAPI.Execute(["v1.part.extrusion",[{"references":[4212,4232,4252,4272,4292,4312,4332,4352],"name":"F240_chamfer_shell_skin_py_17_bottom","taperAngle":0.78539816339745,"limit2":"@expr.d275_bevel_height","id":4}]])
[0m[0;32m[2026-09-16 14:08:54.999][VERB] RETURN: {"result":"$4456"}
[0m[0;32m[2026-09-16 14:08:54.999][VERB] COMMANDCALL: _C.SafeAPI.Execute(["v1.part.translation",[{"references":[34],"name":"F240_chamfer_shell_skin_py_17_bottom_2","id":4,"targets":[4456],"distance":"@expr.d276_position"}]])
[0m[0;32m[2026-09-16 14:08:55.003][VERB] RETURN: {"result":"$4519"}
[0m[0;32m[2026-09-16 14:08:55.004][VERB] COMMANDCALL: _C.SafeAPI.Execute(["v1.part.extrusion",[{"references":[4212,4232,4252,4272,4292,4312,4332,4352],"name":"F240_chamfer_shell_skin_py_17_top","taperAngle":0.78539816339745,"limit2":"@expr.d277_bevel_height","id":4}]])
[0m[0;32m[2026-09-16 14:08:55.011][VERB] RETURN: {"result":"$4530"}
[0m[0;32m[2026-09-16 14:08:55.011][VERB] COMMANDCALL: _C.SafeAPI.Execute(["v1.part.translation",[{"references":[34],"name":"F240_chamfer_shell_skin_py_17_top_2","id":4,"targets":[4530],"distance":"@expr.d278_position"}]])
[0m[0;32m[2026-09-16 14:08:55.015][VERB] RETURN: {"result":"$4593"}
[0m[0;32m[2026-09-16 14:08:55.016][VERB] COMMANDCALL: _C.SafeAPI.Execute(["v1.part.boolean",[{"type":"UNION","tools":[4519,4593],"target":4445,"name":"F240_chamfer_shell_skin_py_17","id":4}]])
[0m[0;32m[2026-09-16 14:08:55.026][VERB] RETURN: {"result":"$4604"}
[0m[0;32m[2026-09-16 14:08:55.027][VERB] COMMANDCALL: _C.SafeAPI.Execute(["v1.part.boolean",[{"type":"SUBTRACTION","tools":[4604],"target":4034,"name":"F0_cut_housing_shell_py_58_tool_1","id":4}]])
[0m[0;32m[2026-09-16 14:08:55.052][VERB] RETURN: {"result":"$4683"}
[0m[0;32m[2026-09-16 14:08:55.053][VERB] COMMANDCALL: _C.SafeAPI.Execute(["v1.common.setAppearance",[{"target":4683,"color":[51,58.65,68.85]}]])
[0m[0;32m[2026-09-16 14:08:55.053][VERB] RETURN: {"result":null}
[0m[0;32m[2026-09-16 14:08:55.054][VERB] COMMANDCALL: _C.SafeAPI.Execute(["v1.assembly.calculateMassProperties",[{"id":4}]])
[0m[0;32m[2026-09-16 14:08:55.094][VERB] RETURN: {"result":{"volume":105847.58549882,"cog":{"z":17.609205157803,"y":25.936435766468,"x":54.662822174922}}}
[0m[0;32m[2026-09-16 14:08:55.094][VERB] COMMANDCALL: _C.SafeAPI.Execute(["v1.common.save",[{"format":"OFB","file":"/Users/dev/dev/awv/classcad-ai/workspace/training/2026-09-16_12-50-53_pvs-cavity-boolean/files/22-smlib9-result.ofb"}]])
[0m[0;32m[2026-09-16 14:08:55.098][VERB] GetStateId with StateId=3deaab6a-1938-4c0f-9138-229356cc4125
[0m[0;32m[2026-09-16 14:08:55.118][VERB] RETURN: {"maxLevel":31,"messages":[{"message":"GetStateId with StateId=3deaab6a-1938-4c0f-9138-229356cc4125\n","code":0,"level":31,"api":"v1.common.save","levelStr":"INFO"}],"result":{"success":1}}
[0m[0;32m[2026-09-16 14:08:55.119][VERB] COMMANDCALL: _C.SafeAPI.Execute(["v1.common.setDatabaseSettings",[{"isSketchGraphicEnabled":1,"isGraphicEnabled":1,"isCCGraphicEnabled":1,"doCurveTessellation":1}]])
[0m[0;32m[2026-09-16 14:08:55.119][VERB] RETURN: {"result":null}
[0m[2026-09-16 14:08:55.189][DEBUG] Build graphic in: 49ms
[0;32m[2026-09-16 14:08:55.220][VERB] 0x7936e43d80 SetZeichnung
[0m[0;32m[2026-09-16 14:08:55.220][VERB] COMMANDCALL: _C.SafeAPI.Execute(["v1.common.clear",[{}]])
[0m[0;32m[2026-09-16 14:08:55.221][VERB] RETURN: {"result":null}
[0m[0;32m[2026-09-16 14:08:55.228][VERB] 0x7936e43600 Delete Zeichnung
[0m[0;32m[2026-09-16 14:08:55.228][VERB] 0x0 SetZeichnung
[0m[0;32m[2026-09-16 14:08:55.228][VERB] 0x7936e43d80 Delete Zeichnung
[0m
