[0;32m[2026-09-16 14:08:55.343][INFO] STARTING CLASSCAD...
[0m[0;32m[2026-09-16 14:08:55.343][INFO] Current working directory  : /Users/dev/dev/awv/classcad
[0m[0;32m[2026-09-16 14:08:55.343][INFO] Config file: /Users/dev/dev/awv/classcad/.classcad.ini
[0m[0;32m[2026-09-16 14:08:55.343][INFO] Config file: /Users/dev/dev/awv/classcad/.classcad.ini
[0m[0;32m[2026-09-16 14:08:55.343][INFO] Config file: /Users/dev/dev/awv/classcad/.classcad.user.ini
[0m[0;32m[2026-09-16 14:08:55.343][INFO] Config file: /Users/dev/dev/awv/classcad-ai/workspace/training/2026-09-16_12-50-53_pvs-cavity-boolean/worker-smlib9.ini
[0m[0;32m[2026-09-16 14:08:55.343][INFO] Ensure CompressionService is loaded
[0m[0;32m[2026-09-16 14:08:55.343][INFO] Ensure JWTService is loaded
[0m[0;32m[2026-09-16 14:08:55.343][INFO] Run the command 'worker'
[0m[0;32m[2026-09-16 14:08:55.343][INFO] Current working directory  : /Users/dev/dev/awv/classcad
[0m[0;32m[2026-09-16 14:08:55.343][INFO] Executable | file name     : classcad-cli
[0m[0;32m[2026-09-16 14:08:55.343][INFO] Executable | file path     : /Users/dev/dev/awv/classcad/runtime/output/arm64-osx-clang/release/classcad-cli
[0m[0;32m[2026-09-16 14:08:55.343][INFO] Executable | directory     : /Users/dev/dev/awv/classcad/runtime/output/arm64-osx-clang/release
[0m[0;32m[2026-09-16 14:08:55.343][INFO] Config | verbose file name : /Users/dev/dev/awv/classcad-ai/workspace/training/2026-09-16_12-50-53_pvs-cavity-boolean/files/worker.log
[0m[0;32m[2026-09-16 14:08:55.343][INFO] Config | verbose level     : 16583
[0m[0;32m[2026-09-16 14:08:55.343][INFO] Config | log level         : debug
[0m[0;32m[2026-09-16 14:08:55.343][INFO] Config | data path         : ./data
[0m[0;32m[2026-09-16 14:08:55.343][INFO] Config | class path        : 
[0m[0;32m[2026-09-16 14:08:55.343][INFO] Config | classes system    : ./cclasses/Source;System;Common.*;BaseModeling.*;CAD;Sheet;
[0m[0;32m[2026-09-16 14:08:55.343][INFO] Config | classes user      : ./cclasses/Source/Tests;*;
[0m[0;32m[2026-09-16 14:08:55.343][INFO] Config | classes user      : ./standalone/t3d/Source;T3D.*;T3DSolidEditor.*;T3DSolidEditor;T3DTesting;GTC.*;ISO_Tool.*;ISOChecker.*;
[0m[0;32m[2026-09-16 14:08:55.343][INFO] Config | classes user      : ./cclasses/Source/FeatureModeler;*;
[0m[0;32m[2026-09-16 14:08:55.383][VERB] libSMLibService_9.x.dylib is loaded
[0m[0;32m[2026-09-16 14:08:55.384][VERB] libSMLibExpressService_9.x.dylib is loaded
[0m[0;32m[2026-09-16 14:08:55.385][VERB] libBrepSimplificationService_9.x.dylib is loaded
[0m[0;32m[2026-09-16 14:08:55.386][VERB] libECXMLService.dylib is loaded
[0m[0;32m[2026-09-16 14:08:55.386][VERB] libJWTService.dylib is loaded
[0m[0;32m[2026-09-16 14:08:55.387][VERB] libGenericService.dylib is loaded
[0m[0;32m[2026-09-16 14:08:55.388][VERB] libLGSService.dylib is loaded
[0m[0;32m[2026-09-16 14:08:55.389][VERB] libLGS3DService.dylib is loaded
[0m[0;32m[2026-09-16 14:08:55.392][VERB] libIDEConnectionService.dylib is loaded
[0m[2026-09-16 14:08:55] [info] asio listen error: system:48 (Address already in use)
[0;32m[2026-09-16 14:08:55.392][VERB] libRapidXmlService.dylib is loaded
[0m[0;32m[2026-09-16 14:08:55.392][VERB] libNetworkService.dylib is loaded
[0m[0;32m[2026-09-16 14:08:55.393][VERB] libTestService.dylib is loaded
[0m[0;31m[2026-09-16 14:08:55.394][ERROR] The Service-DLL DxfService could not be loaded.
ErrorCode: dlopen(DxfServiced.dylib, 0x0001): tried: '/tmp/pvs-smlib9-bin/Release/DxfServiced.dylib' (no such file), '/Users/dev/dev/awv/classcad/runtime/output/arm64-osx-clang/release/DxfServiced.dylib' (no such file), 'DxfServiced.dylib' (no such file), '/System/Volumes/Preboot/Cryptexes/OSDxfServiced.dylib' (no such file), '/Users/dev/dev/awv/classcad/runtime/output/arm64-osx-clang/release/DxfServiced.dylib' (no such file), '/Users/dev/dev/awv/classcad/runtime/output/arm64-osx-clang/release/DxfServiced.dylib' (no such file), '/usr/lib/DxfServiced.dylib' (no such file, not in dyld cache), 'DxfServiced.dylib' (no such file)
The service functions of this DLL are therefore not available.
[0m[0;32m[2026-09-16 14:08:55.394][VERB] libCryptoRtService.dylib is loaded
[0m[0;31m[2026-09-16 14:08:55.394][ERROR] The Service-DLL CryptoDevService could not be loaded.
ErrorCode: dlopen(CryptoDevServiced.dylib, 0x0001): tried: '/tmp/pvs-smlib9-bin/Release/CryptoDevServiced.dylib' (no such file), '/Users/dev/dev/awv/classcad/runtime/output/arm64-osx-clang/release/CryptoDevServiced.dylib' (no such file), 'CryptoDevServiced.dylib' (no such file), '/System/Volumes/Preboot/Cryptexes/OSCryptoDevServiced.dylib' (no such file), '/Users/dev/dev/awv/classcad/runtime/output/arm64-osx-clang/release/CryptoDevServiced.dylib' (no such file), '/Users/dev/dev/awv/classcad/runtime/output/arm64-osx-clang/release/CryptoDevServiced.dylib' (no such file), '/usr/lib/CryptoDevServiced.dylib' (no such file, not in dyld cache), 'CryptoDevServiced.dylib' (no such file)
The service functions of this DLL are therefore not available.
[0m[0;33m[2026-09-16 14:08:55.405][WARN] Path does not exist '/Users/dev/dev/awv/classcad/standalone/t3d/Source'. It is defined for class path 't3d'.
[0m[0;32m[2026-09-16 14:08:55.405][INFO] Load classes for 'system' from '/Users/dev/dev/awv/classcad/cclasses/Source'
[0m[0;32m[2026-09-16 14:08:55.491][INFO] Load classes for 'tests' from '/Users/dev/dev/awv/classcad/cclasses/Source/Tests'
[0m[0;32m[2026-09-16 14:08:55.553][INFO] Load classes for 't3d' from '/Users/dev/dev/awv/classcad/standalone/t3d/Source'
[0m[0;33m[2026-09-16 14:08:55.553][WARN] Tried to load from invalid class path 't3d'
[0m[0;32m[2026-09-16 14:08:55.553][INFO] Load classes for 'fm' from '/Users/dev/dev/awv/classcad/cclasses/Source/FeatureModeler'
[0m[0;32m[2026-09-16 14:08:55.565][VERB] 0x7655825c80 Create Zeichnung
[0m[0;32m[2026-09-16 14:08:55.565][VERB] 0x7655825c80 SetZeichnung
[0m[0;32m[2026-09-16 14:08:55.565][VERB] Grundklasse::InitApplication was successful.
[0m[0;32m[2026-09-16 14:08:55.565][VERB] [info] Initializing BaseModelerApp
[0m[0;32m[2026-09-16 14:08:55.565][VERB] Change application string/text encoding to UTF-8
[0m[0;32m[2026-09-16 14:08:55.566][VERB] [info] Developer mode is active
[0m[0;32m[2026-09-16 14:08:55.566][VERB] [info] Initializing BuerliDemoApp
[0m[0;32m[2026-09-16 14:08:55.566][VERB] API v0/common already registered!
[0m[0;32m[2026-09-16 14:08:55.566][VERB] API v0/basemodeler already registered!
[0m[0;32m[2026-09-16 14:08:55.567][VERB] Registered API's:
[0m[0;32m[2026-09-16 14:08:55.567][VERB]   v0
[0m[0;32m[2026-09-16 14:08:55.567][VERB]     assemblybuilder
[0m[0;32m[2026-09-16 14:08:55.567][VERB]     basemodeler
[0m[0;32m[2026-09-16 14:08:55.567][VERB]     common
[0m[0;32m[2026-09-16 14:08:55.567][VERB]     developer
[0m[0;32m[2026-09-16 14:08:55.567][VERB]     drawing2d
[0m[0;32m[2026-09-16 14:08:55.567][VERB]     feature
[0m[0;32m[2026-09-16 14:08:55.567][VERB]     geometry
[0m[0;32m[2026-09-16 14:08:55.567][VERB]     geometryformatconverter
[0m[0;32m[2026-09-16 14:08:55.567][VERB]     network
[0m[0;32m[2026-09-16 14:08:55.567][VERB]     sketcher
[0m[0;32m[2026-09-16 14:08:55.567][VERB]     solid
[0m[0;32m[2026-09-16 14:08:55.567][VERB]     tooling
[0m[0;32m[2026-09-16 14:08:55.567][VERB]   v1
[0m[0;32m[2026-09-16 14:08:55.567][VERB]     assembly
[0m[0;32m[2026-09-16 14:08:55.567][VERB]     brep
[0m[0;32m[2026-09-16 14:08:55.567][VERB]     common
[0m[0;32m[2026-09-16 14:08:55.567][VERB]     curve
[0m[0;32m[2026-09-16 14:08:55.567][VERB]     drawing2d
[0m[0;32m[2026-09-16 14:08:55.567][VERB]     part
[0m[0;32m[2026-09-16 14:08:55.567][VERB]     script
[0m[0;32m[2026-09-16 14:08:55.567][VERB]     sketch
[0m[0;32m[2026-09-16 14:08:55.567][VERB]     solid
[0m[0;32m[2026-09-16 14:08:55.567][VERB]     utils
[0m[0;32m[2026-09-16 14:08:55.567][VERB] 0x7655825f80 Create Zeichnung
[0m[0;32m[2026-09-16 14:08:55.567][VERB] 0x7655825f80 SetZeichnung
[0m[0;32m[2026-09-16 14:08:55.567][INFO] WorkerCommandCompletion: 824 completion candidates built
[0m[0;32m[2026-09-16 14:08:55.568][INFO] Server start listen on 0.0.0.0:19094 for http and ws connections
[0m[0;32m[2026-09-16 14:08:55.568][INFO] Server start listen on 0.0.0.0:19095 for https and wss connections
[0m[0;32m[2026-09-16 14:08:55.708][INFO] GET /
[0m[0;32m[2026-09-16 14:08:55.708][VERB] 0x7655825980 Create Zeichnung
[0m[0;32m[2026-09-16 14:08:55.708][INFO] WS handleNewConnection: created main session="46350e45-a439-469a-be1b-c7cdd156deb2"
[0m[0;32m[2026-09-16 14:08:55.710][INFO] GET /
[0m[0;32m[2026-09-16 14:08:55.710][VERB] 0x7655825800 Create Zeichnung
[0m[0;32m[2026-09-16 14:08:55.710][INFO] WS handleNewConnection: created main session="f779fea5-9681-4e7f-9426-f8d421b638b9"
[0m[0;32m[2026-09-16 14:08:55.715][VERB] 0x7655825800 SetZeichnung
[0m[0;32m[2026-09-16 14:08:55.715][VERB] COMMANDCALL: _C.SafeAPI.Execute(["v1.part.create",[{"name":"Base"}]])
[0m[0;32m[2026-09-16 14:08:55.728][VERB] RETURN: {"result":"$4"}
[0m[0;32m[2026-09-16 14:08:55.736][VERB] COMMANDCALL: _C.SafeAPI.Execute(["v1.part.expression",[{"toCreate":[{"value":23.8,"name":"seam"},{"value":3,"name":"rear_roof_raise"},{"value":4,"name":"pocket_corner_blend_r"},{"value":4.5,"name":"rear_pillar_envelope_r"},{"value":1.3,"name":"skin_growth"},{"value":1.67,"name":"outer_chamfer"} ...
[0m[0;32m[2026-09-16 14:08:55.765][VERB] RETURN: {"result":1}
[0m[0;32m[2026-09-16 14:08:55.766][VERB] COMMANDCALL: _C.SafeAPI.Execute(["v1.part.getWorkGeometry",[{"name":"XAxis","id":4}]])
[0m[0;32m[2026-09-16 14:08:55.766][VERB] RETURN: {"result":"$26"}
[0m[0;32m[2026-09-16 14:08:55.767][VERB] COMMANDCALL: _C.SafeAPI.Execute(["v1.part.getWorkGeometry",[{"name":"YAxis","id":4}]])
[0m[0;32m[2026-09-16 14:08:55.767][VERB] RETURN: {"result":"$30"}
[0m[0;32m[2026-09-16 14:08:55.767][VERB] COMMANDCALL: _C.SafeAPI.Execute(["v1.part.getWorkGeometry",[{"name":"ZAxis","id":4}]])
[0m[0;32m[2026-09-16 14:08:55.767][VERB] RETURN: {"result":"$34"}
[0m[0;32m[2026-09-16 14:08:55.767][VERB] COMMANDCALL: _C.SafeAPI.Execute(["v1.part.getWorkGeometry",[{"name":"Top","id":4}]])
[0m[0;32m[2026-09-16 14:08:55.768][VERB] RETURN: {"result":"$38"}
[0m[0;32m[2026-09-16 14:08:55.768][VERB] COMMANDCALL: _C.SafeAPI.Execute(["v1.part.getWorkGeometry",[{"name":"Front","id":4}]])
[0m[0;32m[2026-09-16 14:08:55.768][VERB] RETURN: {"result":"$42"}
[0m[0;32m[2026-09-16 14:08:55.768][VERB] COMMANDCALL: _C.SafeAPI.Execute(["v1.part.getWorkGeometry",[{"name":"Right","id":4}]])
[0m[0;32m[2026-09-16 14:08:55.768][VERB] RETURN: {"result":"$46"}
[0m[0;32m[2026-09-16 14:08:55.769][VERB] COMMANDCALL: _C.SafeAPI.Execute(["v1.part.workPlane",[{"type":"PLANE","references":[38],"name":"F3_makeBox_cad_primitives_py_8_plane","offset":"@expr.d4_plane_offset","id":4}]])
[0m[0;32m[2026-09-16 14:08:55.773][VERB] RETURN: {"result":"$56"}
[0m[0;32m[2026-09-16 14:08:55.773][VERB] COMMANDCALL: _C.SafeAPI.Execute(["v1.sketch.create",[{"planeId":56,"name":"F3_makeBox_cad_primitives_py_8_profile","id":4}]])
[0m[0;32m[2026-09-16 14:08:55.776][VERB] RETURN: {"result":"$62"}
[0m[0;32m[2026-09-16 14:08:55.776][VERB] COMMANDCALL: _C.SafeAPI.Execute(["v1.sketch.rectangle",[{"startPos":[1.4,-1.3,0],"id":62,"genFixation":0,"endPos":[52.4,27.3,0]}]])
[0m[0;32m[2026-09-16 14:08:55.784][VERB] RETURN: {"result":["$68","$72","$78","$84"]}
[0m[0;32m[2026-09-16 14:08:55.785][VERB] COMMANDCALL: _C.SafeAPI.Execute(["v1.sketch.getPoints",[{"id":68}]])
[0m[0;32m[2026-09-16 14:08:55.785][VERB] RETURN: {"result":{"endId":"$70","startId":"$69"}}
[0m[0;32m[2026-09-16 14:08:55.785][VERB] COMMANDCALL: _C.SafeAPI.Execute(["v1.sketch.point",[{"pos":[-1000,-1000,0],"id":62}]])
[0m[0;32m[2026-09-16 14:08:55.787][VERB] RETURN: {"result":"$100"}
[0m[0;32m[2026-09-16 14:08:55.787][VERB] COMMANDCALL: _C.SafeAPI.Execute(["v1.sketch.constraint",[{"type":"FIXATION","id":62,"geomIds":[100]}]])
[0m[0;32m[2026-09-16 14:08:55.789][VERB] RETURN: {"result":"$102"}
[0m[0;32m[2026-09-16 14:08:55.790][VERB] COMMANDCALL: _C.SafeAPI.Execute(["v1.sketch.dimension",[{"type":"HORIZONTAL_DISTANCE","value":"@expr.d5_position_x","name":"position_x","id":62,"geomIds":[100,69]}]])
[0m[0;32m[2026-09-16 14:08:55.798][VERB] RETURN: {"result":"$106"}
[0m[0;32m[2026-09-16 14:08:55.798][VERB] COMMANDCALL: _C.SafeAPI.Execute(["v1.sketch.dimension",[{"type":"VERTICAL_DISTANCE","value":"@expr.d6_position_y","name":"position_y","id":62,"geomIds":[100,69]}]])
[0m[0;32m[2026-09-16 14:08:55.804][VERB] RETURN: {"result":"$110"}
[0m[0;32m[2026-09-16 14:08:55.804][VERB] COMMANDCALL: _C.SafeAPI.Execute(["v1.sketch.dimension",[{"type":"OFFSET","value":"@expr.d7_width","name":"width","id":62,"geomIds":[68]}]])
[0m[0;32m[2026-09-16 14:08:55.811][VERB] RETURN: {"result":"$114"}
[0m[0;32m[2026-09-16 14:08:55.811][VERB] COMMANDCALL: _C.SafeAPI.Execute(["v1.sketch.dimension",[{"type":"OFFSET","value":"@expr.d8_depth","name":"depth","id":62,"geomIds":[72]}]])
[0m[0;32m[2026-09-16 14:08:55.818][VERB] RETURN: {"result":"$118"}
[0m[0;32m[2026-09-16 14:08:55.819][VERB] COMMANDCALL: _C.SafeAPI.Execute(["v1.part.extrusion",[{"references":[68,72,78,84],"name":"F3_makeBox_cad_primitives_py_8","taperAngle":0,"limit2":"@expr.d9_height","id":4}]])
[0m[0;32m[2026-09-16 14:08:55.825][VERB] RETURN: {"result":"$122"}
[0m[0;32m[2026-09-16 14:08:55.825][VERB] COMMANDCALL: _C.SafeAPI.Execute(["v1.part.workPlane",[{"type":"PLANE","references":[38],"name":"F10_makeBox_cad_primitives_py_8_plane","offset":"@expr.d11_plane_offset","id":4}]])
[0m[0;32m[2026-09-16 14:08:55.828][VERB] RETURN: {"result":"$165"}
[0m[0;32m[2026-09-16 14:08:55.829][VERB] COMMANDCALL: _C.SafeAPI.Execute(["v1.sketch.create",[{"planeId":165,"name":"F10_makeBox_cad_primitives_py_8_profile","id":4}]])
[0m[0;32m[2026-09-16 14:08:55.830][VERB] RETURN: {"result":"$171"}
[0m[0;32m[2026-09-16 14:08:55.831][VERB] COMMANDCALL: _C.SafeAPI.Execute(["v1.sketch.rectangle",[{"startPos":[-1.3,1.4,0],"id":171,"genFixation":0,"endPos":[55.1,24.6,0]}]])
[0m[0;32m[2026-09-16 14:08:55.837][VERB] RETURN: {"result":["$177","$181","$187","$193"]}
[0m[0;32m[2026-09-16 14:08:55.837][VERB] COMMANDCALL: _C.SafeAPI.Execute(["v1.sketch.getPoints",[{"id":177}]])
[0m[0;32m[2026-09-16 14:08:55.837][VERB] RETURN: {"result":{"endId":"$179","startId":"$178"}}
[0m[0;32m[2026-09-16 14:08:55.837][VERB] COMMANDCALL: _C.SafeAPI.Execute(["v1.sketch.point",[{"pos":[-1000,-1000,0],"id":171}]])
[0m[0;32m[2026-09-16 14:08:55.839][VERB] RETURN: {"result":"$209"}
[0m[0;32m[2026-09-16 14:08:55.839][VERB] COMMANDCALL: _C.SafeAPI.Execute(["v1.sketch.constraint",[{"type":"FIXATION","id":171,"geomIds":[209]}]])
[0m[0;32m[2026-09-16 14:08:55.841][VERB] RETURN: {"result":"$211"}
[0m[0;32m[2026-09-16 14:08:55.841][VERB] COMMANDCALL: _C.SafeAPI.Execute(["v1.sketch.dimension",[{"type":"HORIZONTAL_DISTANCE","value":"@expr.d12_position_x","name":"position_x","id":171,"geomIds":[209,178]}]])
[0m[0;32m[2026-09-16 14:08:55.846][VERB] RETURN: {"result":"$215"}
[0m[0;32m[2026-09-16 14:08:55.846][VERB] COMMANDCALL: _C.SafeAPI.Execute(["v1.sketch.dimension",[{"type":"VERTICAL_DISTANCE","value":"@expr.d13_position_y","name":"position_y","id":171,"geomIds":[209,178]}]])
[0m[0;32m[2026-09-16 14:08:55.853][VERB] RETURN: {"result":"$219"}
[0m[0;32m[2026-09-16 14:08:55.853][VERB] COMMANDCALL: _C.SafeAPI.Execute(["v1.sketch.dimension",[{"type":"OFFSET","value":"@expr.d14_width","name":"width","id":171,"geomIds":[177]}]])
[0m[0;32m[2026-09-16 14:08:55.872][VERB] RETURN: {"result":"$223"}
[0m[0;32m[2026-09-16 14:08:55.873][VERB] COMMANDCALL: _C.SafeAPI.Execute(["v1.sketch.dimension",[{"type":"OFFSET","value":"@expr.d15_depth","name":"depth","id":171,"geomIds":[181]}]])
[0m[0;32m[2026-09-16 14:08:55.885][VERB] RETURN: {"result":"$227"}
[0m[0;32m[2026-09-16 14:08:55.886][VERB] COMMANDCALL: _C.SafeAPI.Execute(["v1.part.extrusion",[{"references":[177,181,187,193],"name":"F10_makeBox_cad_primitives_py_8","taperAngle":0,"limit2":"@expr.d16_height","id":4}]])
[0m[0;32m[2026-09-16 14:08:55.891][VERB] RETURN: {"result":"$231"}
[0m[0;32m[2026-09-16 14:08:55.892][VERB] COMMANDCALL: _C.SafeAPI.Execute(["v1.part.workPlane",[{"type":"PLANE","references":[38],"name":"F17_makeCylinder_cad_primitives_py_12_plane","offset":"@expr.d18_plane_offset","id":4}]])
[0m[0;32m[2026-09-16 14:08:55.897][VERB] RETURN: {"result":"$274"}
[0m[0;32m[2026-09-16 14:08:55.898][VERB] COMMANDCALL: _C.SafeAPI.Execute(["v1.sketch.create",[{"planeId":274,"name":"F17_makeCylinder_cad_primitives_py_12_profile","id":4}]])
[0m[0;32m[2026-09-16 14:08:55.901][VERB] RETURN: {"result":"$280"}
[0m[0;32m[2026-09-16 14:08:55.902][VERB] COMMANDCALL: _C.SafeAPI.Execute(["v1.sketch.circle",[{"radius":2.7,"id":280,"genFixation":0,"centerPos":[1.4,1.4,0]}]])
[0m[0;32m[2026-09-16 14:08:55.904][VERB] RETURN: {"result":"$286"}
[0m[0;32m[2026-09-16 14:08:55.905][VERB] COMMANDCALL: _C.SafeAPI.Execute(["v1.sketch.getPoints",[{"id":286}]])
[0m[0;32m[2026-09-16 14:08:55.906][VERB] RETURN: {"result":{"centerId":"$287"}}
[0m[0;32m[2026-09-16 14:08:55.906][VERB] COMMANDCALL: _C.SafeAPI.Execute(["v1.sketch.point",[{"pos":[-1000,-1000,0],"id":280}]])
[0m[0;32m[2026-09-16 14:08:55.907][VERB] RETURN: {"result":"$289"}
[0m[0;32m[2026-09-16 14:08:55.908][VERB] COMMANDCALL: _C.SafeAPI.Execute(["v1.sketch.constraint",[{"type":"FIXATION","id":280,"geomIds":[289]}]])
[0m[0;32m[2026-09-16 14:08:55.912][VERB] RETURN: {"result":"$291"}
[0m[0;32m[2026-09-16 14:08:55.916][VERB] COMMANDCALL: _C.SafeAPI.Execute(["v1.sketch.dimension",[{"type":"HORIZONTAL_DISTANCE","value":"@expr.d19_position_x","name":"position_x","id":280,"geomIds":[289,287]}]])
[0m[0;32m[2026-09-16 14:08:55.924][VERB] RETURN: {"result":"$295"}
[0m[0;32m[2026-09-16 14:08:55.924][VERB] COMMANDCALL: _C.SafeAPI.Execute(["v1.sketch.dimension",[{"type":"VERTICAL_DISTANCE","value":"@expr.d20_position_y","name":"position_y","id":280,"geomIds":[289,287]}]])
[0m[0;32m[2026-09-16 14:08:55.929][VERB] RETURN: {"result":"$299"}
[0m[0;32m[2026-09-16 14:08:55.930][VERB] COMMANDCALL: _C.SafeAPI.Execute(["v1.sketch.dimension",[{"type":"RADIUS","value":"@expr.d21_radius","name":"radius","id":280,"geomIds":[286]}]])
[0m[0;32m[2026-09-16 14:08:55.937][VERB] RETURN: {"result":"$303"}
[0m[0;32m[2026-09-16 14:08:55.938][VERB] COMMANDCALL: _C.SafeAPI.Execute(["v1.part.extrusion",[{"references":[286],"name":"F17_makeCylinder_cad_primitives_py_12","taperAngle":0,"limit2":"@expr.d22_height","id":4}]])
[0m[0;32m[2026-09-16 14:08:55.943][VERB] RETURN: {"result":"$307"}
[0m[0;32m[2026-09-16 14:08:55.944][VERB] COMMANDCALL: _C.SafeAPI.Execute(["v1.part.workPlane",[{"type":"PLANE","references":[38],"name":"F23_makeCylinder_cad_primitives_py_12_plane","offset":"@expr.d24_plane_offset","id":4}]])
[0m[0;32m[2026-09-16 14:08:55.947][VERB] RETURN: {"result":"$329"}
[0m[0;32m[2026-09-16 14:08:55.948][VERB] COMMANDCALL: _C.SafeAPI.Execute(["v1.sketch.create",[{"planeId":329,"name":"F23_makeCylinder_cad_primitives_py_12_profile","id":4}]])
[0m[0;32m[2026-09-16 14:08:55.950][VERB] RETURN: {"result":"$335"}
[0m[0;32m[2026-09-16 14:08:55.950][VERB] COMMANDCALL: _C.SafeAPI.Execute(["v1.sketch.circle",[{"radius":2.7,"id":335,"genFixation":0,"centerPos":[1.4,24.6,0]}]])
[0m[0;32m[2026-09-16 14:08:55.952][VERB] RETURN: {"result":"$341"}
[0m[0;32m[2026-09-16 14:08:55.952][VERB] COMMANDCALL: _C.SafeAPI.Execute(["v1.sketch.getPoints",[{"id":341}]])
[0m[0;32m[2026-09-16 14:08:55.952][VERB] RETURN: {"result":{"centerId":"$342"}}
[0m[0;32m[2026-09-16 14:08:55.952][VERB] COMMANDCALL: _C.SafeAPI.Execute(["v1.sketch.point",[{"pos":[-1000,-1000,0],"id":335}]])
[0m[0;32m[2026-09-16 14:08:55.954][VERB] RETURN: {"result":"$344"}
[0m[0;32m[2026-09-16 14:08:55.954][VERB] COMMANDCALL: _C.SafeAPI.Execute(["v1.sketch.constraint",[{"type":"FIXATION","id":335,"geomIds":[344]}]])
[0m[0;32m[2026-09-16 14:08:55.955][VERB] RETURN: {"result":"$346"}
[0m[0;32m[2026-09-16 14:08:55.955][VERB] COMMANDCALL: _C.SafeAPI.Execute(["v1.sketch.dimension",[{"type":"HORIZONTAL_DISTANCE","value":"@expr.d25_position_x","name":"position_x","id":335,"geomIds":[344,342]}]])
[0m[0;32m[2026-09-16 14:08:55.959][VERB] RETURN: {"result":"$350"}
[0m[0;32m[2026-09-16 14:08:55.960][VERB] COMMANDCALL: _C.SafeAPI.Execute(["v1.sketch.dimension",[{"type":"VERTICAL_DISTANCE","value":"@expr.d26_position_y","name":"position_y","id":335,"geomIds":[344,342]}]])
[0m[0;32m[2026-09-16 14:08:55.965][VERB] RETURN: {"result":"$354"}
[0m[0;32m[2026-09-16 14:08:55.966][VERB] COMMANDCALL: _C.SafeAPI.Execute(["v1.sketch.dimension",[{"type":"RADIUS","value":"@expr.d27_radius","name":"radius","id":335,"geomIds":[341]}]])
[0m[0;32m[2026-09-16 14:08:55.971][VERB] RETURN: {"result":"$358"}
[0m[0;32m[2026-09-16 14:08:55.971][VERB] COMMANDCALL: _C.SafeAPI.Execute(["v1.part.extrusion",[{"references":[341],"name":"F23_makeCylinder_cad_primitives_py_12","taperAngle":0,"limit2":"@expr.d28_height","id":4}]])
[0m[0;32m[2026-09-16 14:08:55.976][VERB] RETURN: {"result":"$362"}
[0m[0;32m[2026-09-16 14:08:55.977][VERB] COMMANDCALL: _C.SafeAPI.Execute(["v1.part.workPlane",[{"type":"PLANE","references":[38],"name":"F29_makeCylinder_cad_primitives_py_12_plane","offset":"@expr.d30_plane_offset","id":4}]])
[0m[0;32m[2026-09-16 14:08:55.981][VERB] RETURN: {"result":"$384"}
[0m[0;32m[2026-09-16 14:08:55.981][VERB] COMMANDCALL: _C.SafeAPI.Execute(["v1.sketch.create",[{"planeId":384,"name":"F29_makeCylinder_cad_primitives_py_12_profile","id":4}]])
[0m[0;32m[2026-09-16 14:08:55.984][VERB] RETURN: {"result":"$390"}
[0m[0;32m[2026-09-16 14:08:55.984][VERB] COMMANDCALL: _C.SafeAPI.Execute(["v1.sketch.circle",[{"radius":2.7,"id":390,"genFixation":0,"centerPos":[52.4,1.4,0]}]])
[0m[0;32m[2026-09-16 14:08:55.986][VERB] RETURN: {"result":"$396"}
[0m[0;32m[2026-09-16 14:08:55.986][VERB] COMMANDCALL: _C.SafeAPI.Execute(["v1.sketch.getPoints",[{"id":396}]])
[0m[0;32m[2026-09-16 14:08:55.986][VERB] RETURN: {"result":{"centerId":"$397"}}
[0m[0;32m[2026-09-16 14:08:55.986][VERB] COMMANDCALL: _C.SafeAPI.Execute(["v1.sketch.point",[{"pos":[-1000,-1000,0],"id":390}]])
[0m[0;32m[2026-09-16 14:08:55.988][VERB] RETURN: {"result":"$399"}
[0m[0;32m[2026-09-16 14:08:55.988][VERB] COMMANDCALL: _C.SafeAPI.Execute(["v1.sketch.constraint",[{"type":"FIXATION","id":390,"geomIds":[399]}]])
[0m[0;32m[2026-09-16 14:08:55.989][VERB] RETURN: {"result":"$401"}
[0m[0;32m[2026-09-16 14:08:55.989][VERB] COMMANDCALL: _C.SafeAPI.Execute(["v1.sketch.dimension",[{"type":"HORIZONTAL_DISTANCE","value":"@expr.d31_position_x","name":"position_x","id":390,"geomIds":[399,397]}]])
[0m[0;32m[2026-09-16 14:08:55.994][VERB] RETURN: {"result":"$405"}
[0m[0;32m[2026-09-16 14:08:55.994][VERB] COMMANDCALL: _C.SafeAPI.Execute(["v1.sketch.dimension",[{"type":"VERTICAL_DISTANCE","value":"@expr.d32_position_y","name":"position_y","id":390,"geomIds":[399,397]}]])
[0m[0;32m[2026-09-16 14:08:55.999][VERB] RETURN: {"result":"$409"}
[0m[0;32m[2026-09-16 14:08:56.000][VERB] COMMANDCALL: _C.SafeAPI.Execute(["v1.sketch.dimension",[{"type":"RADIUS","value":"@expr.d33_radius","name":"radius","id":390,"geomIds":[396]}]])
[0m[0;32m[2026-09-16 14:08:56.004][VERB] RETURN: {"result":"$413"}
[0m[0;32m[2026-09-16 14:08:56.005][VERB] COMMANDCALL: _C.SafeAPI.Execute(["v1.part.extrusion",[{"references":[396],"name":"F29_makeCylinder_cad_primitives_py_12","taperAngle":0,"limit2":"@expr.d34_height","id":4}]])
[0m[0;32m[2026-09-16 14:08:56.010][VERB] RETURN: {"result":"$417"}
[0m[0;32m[2026-09-16 14:08:56.011][VERB] COMMANDCALL: _C.SafeAPI.Execute(["v1.part.workPlane",[{"type":"PLANE","references":[38],"name":"F35_makeCylinder_cad_primitives_py_12_plane","offset":"@expr.d36_plane_offset","id":4}]])
[0m[0;32m[2026-09-16 14:08:56.014][VERB] RETURN: {"result":"$439"}
[0m[0;32m[2026-09-16 14:08:56.014][VERB] COMMANDCALL: _C.SafeAPI.Execute(["v1.sketch.create",[{"planeId":439,"name":"F35_makeCylinder_cad_primitives_py_12_profile","id":4}]])
[0m[0;32m[2026-09-16 14:08:56.017][VERB] RETURN: {"result":"$445"}
[0m[0;32m[2026-09-16 14:08:56.017][VERB] COMMANDCALL: _C.SafeAPI.Execute(["v1.sketch.circle",[{"radius":2.7,"id":445,"genFixation":0,"centerPos":[52.4,24.6,0]}]])
[0m[0;32m[2026-09-16 14:08:56.018][VERB] RETURN: {"result":"$451"}
[0m[0;32m[2026-09-16 14:08:56.018][VERB] COMMANDCALL: _C.SafeAPI.Execute(["v1.sketch.getPoints",[{"id":451}]])
[0m[0;32m[2026-09-16 14:08:56.018][VERB] RETURN: {"result":{"centerId":"$452"}}
[0m[0;32m[2026-09-16 14:08:56.019][VERB] COMMANDCALL: _C.SafeAPI.Execute(["v1.sketch.point",[{"pos":[-1000,-1000,0],"id":445}]])
[0m[0;32m[2026-09-16 14:08:56.020][VERB] RETURN: {"result":"$454"}
[0m[0;32m[2026-09-16 14:08:56.020][VERB] COMMANDCALL: _C.SafeAPI.Execute(["v1.sketch.constraint",[{"type":"FIXATION","id":445,"geomIds":[454]}]])
[0m[0;32m[2026-09-16 14:08:56.021][VERB] RETURN: {"result":"$456"}
[0m[0;32m[2026-09-16 14:08:56.021][VERB] COMMANDCALL: _C.SafeAPI.Execute(["v1.sketch.dimension",[{"type":"HORIZONTAL_DISTANCE","value":"@expr.d37_position_x","name":"position_x","id":445,"geomIds":[454,452]}]])
[0m[0;32m[2026-09-16 14:08:56.026][VERB] RETURN: {"result":"$460"}
[0m[0;32m[2026-09-16 14:08:56.026][VERB] COMMANDCALL: _C.SafeAPI.Execute(["v1.sketch.dimension",[{"type":"VERTICAL_DISTANCE","value":"@expr.d38_position_y","name":"position_y","id":445,"geomIds":[454,452]}]])
[0m[0;32m[2026-09-16 14:08:56.031][VERB] RETURN: {"result":"$464"}
[0m[0;32m[2026-09-16 14:08:56.032][VERB] COMMANDCALL: _C.SafeAPI.Execute(["v1.sketch.dimension",[{"type":"RADIUS","value":"@expr.d39_radius","name":"radius","id":445,"geomIds":[451]}]])
[0m[0;32m[2026-09-16 14:08:56.037][VERB] RETURN: {"result":"$468"}
[0m[0;32m[2026-09-16 14:08:56.037][VERB] COMMANDCALL: _C.SafeAPI.Execute(["v1.part.extrusion",[{"references":[451],"name":"F35_makeCylinder_cad_primitives_py_12","taperAngle":0,"limit2":"@expr.d40_height","id":4}]])
[0m[0;32m[2026-09-16 14:08:56.043][VERB] RETURN: {"result":"$472"}
[0m[0;32m[2026-09-16 14:08:56.043][VERB] COMMANDCALL: _C.SafeAPI.Execute(["v1.part.workPlane",[{"type":"PLANE","references":[38],"name":"F41_makeBox_cad_primitives_py_8_plane","offset":"@expr.d42_plane_offset","id":4}]])
[0m[0;32m[2026-09-16 14:08:56.047][VERB] RETURN: {"result":"$494"}
[0m[0;32m[2026-09-16 14:08:56.048][VERB] COMMANDCALL: _C.SafeAPI.Execute(["v1.sketch.create",[{"planeId":494,"name":"F41_makeBox_cad_primitives_py_8_profile","id":4}]])
[0m[0;32m[2026-09-16 14:08:56.050][VERB] RETURN: {"result":"$500"}
[0m[0;32m[2026-09-16 14:08:56.050][VERB] COMMANDCALL: _C.SafeAPI.Execute(["v1.sketch.rectangle",[{"startPos":[1.4,20.1,0],"id":500,"genFixation":0,"endPos":[56.4,65.9,0]}]])
[0m[0;32m[2026-09-16 14:08:56.056][VERB] RETURN: {"result":["$506","$510","$516","$522"]}
[0m[0;32m[2026-09-16 14:08:56.057][VERB] COMMANDCALL: _C.SafeAPI.Execute(["v1.sketch.getPoints",[{"id":506}]])
[0m[0;32m[2026-09-16 14:08:56.057][VERB] RETURN: {"result":{"endId":"$508","startId":"$507"}}
[0m[0;32m[2026-09-16 14:08:56.057][VERB] COMMANDCALL: _C.SafeAPI.Execute(["v1.sketch.point",[{"pos":[-1000,-1000,0],"id":500}]])
[0m[0;32m[2026-09-16 14:08:56.059][VERB] RETURN: {"result":"$538"}
[0m[0;32m[2026-09-16 14:08:56.059][VERB] COMMANDCALL: _C.SafeAPI.Execute(["v1.sketch.constraint",[{"type":"FIXATION","id":500,"geomIds":[538]}]])
[0m[0;32m[2026-09-16 14:08:56.061][VERB] RETURN: {"result":"$540"}
[0m[0;32m[2026-09-16 14:08:56.062][VERB] COMMANDCALL: _C.SafeAPI.Execute(["v1.sketch.dimension",[{"type":"HORIZONTAL_DISTANCE","value":"@expr.d43_position_x","name":"position_x","id":500,"geomIds":[538,507]}]])
[0m[0;32m[2026-09-16 14:08:56.067][VERB] RETURN: {"result":"$544"}
[0m[0;32m[2026-09-16 14:08:56.068][VERB] COMMANDCALL: _C.SafeAPI.Execute(["v1.sketch.dimension",[{"type":"VERTICAL_DISTANCE","value":"@expr.d44_position_y","name":"position_y","id":500,"geomIds":[538,507]}]])
[0m[0;32m[2026-09-16 14:08:56.074][VERB] RETURN: {"result":"$548"}
[0m[0;32m[2026-09-16 14:08:56.074][VERB] COMMANDCALL: _C.SafeAPI.Execute(["v1.sketch.dimension",[{"type":"OFFSET","value":"@expr.d45_width","name":"width","id":500,"geomIds":[506]}]])
[0m[0;32m[2026-09-16 14:08:56.081][VERB] RETURN: {"result":"$552"}
[0m[0;32m[2026-09-16 14:08:56.082][VERB] COMMANDCALL: _C.SafeAPI.Execute(["v1.sketch.dimension",[{"type":"OFFSET","value":"@expr.d46_depth","name":"depth","id":500,"geomIds":[510]}]])
[0m[0;32m[2026-09-16 14:08:56.089][VERB] RETURN: {"result":"$556"}
[0m[0;32m[2026-09-16 14:08:56.090][VERB] COMMANDCALL: _C.SafeAPI.Execute(["v1.part.extrusion",[{"references":[506,510,516,522],"name":"F41_makeBox_cad_primitives_py_8","taperAngle":0,"limit2":"@expr.d47_height","id":4}]])
[0m[0;32m[2026-09-16 14:08:56.095][VERB] RETURN: {"result":"$560"}
[0m[0;32m[2026-09-16 14:08:56.095][VERB] COMMANDCALL: _C.SafeAPI.Execute(["v1.part.workPlane",[{"type":"PLANE","references":[38],"name":"F48_makeBox_cad_primitives_py_8_plane","offset":"@expr.d49_plane_offset","id":4}]])
[0m[0;32m[2026-09-16 14:08:56.098][VERB] RETURN: {"result":"$603"}
[0m[0;32m[2026-09-16 14:08:56.099][VERB] COMMANDCALL: _C.SafeAPI.Execute(["v1.sketch.create",[{"planeId":603,"name":"F48_makeBox_cad_primitives_py_8_profile","id":4}]])
[0m[0;32m[2026-09-16 14:08:56.101][VERB] RETURN: {"result":"$609"}
[0m[0;32m[2026-09-16 14:08:56.101][VERB] COMMANDCALL: _C.SafeAPI.Execute(["v1.sketch.rectangle",[{"startPos":[-1.3,22.8,0],"id":609,"genFixation":0,"endPos":[59.1,63.2,0]}]])
[0m[0;32m[2026-09-16 14:08:56.107][VERB] RETURN: {"result":["$615","$619","$625","$631"]}
[0m[0;32m[2026-09-16 14:08:56.107][VERB] COMMANDCALL: _C.SafeAPI.Execute(["v1.sketch.getPoints",[{"id":615}]])
[0m[0;32m[2026-09-16 14:08:56.107][VERB] RETURN: {"result":{"endId":"$617","startId":"$616"}}
[0m[0;32m[2026-09-16 14:08:56.108][VERB] COMMANDCALL: _C.SafeAPI.Execute(["v1.sketch.point",[{"pos":[-1000,-1000,0],"id":609}]])
[0m[0;32m[2026-09-16 14:08:56.110][VERB] RETURN: {"result":"$647"}
[0m[0;32m[2026-09-16 14:08:56.111][VERB] COMMANDCALL: _C.SafeAPI.Execute(["v1.sketch.constraint",[{"type":"FIXATION","id":609,"geomIds":[647]}]])
[0m[0;32m[2026-09-16 14:08:56.112][VERB] RETURN: {"result":"$649"}
[0m[0;32m[2026-09-16 14:08:56.112][VERB] COMMANDCALL: _C.SafeAPI.Execute(["v1.sketch.dimension",[{"type":"HORIZONTAL_DISTANCE","value":"@expr.d50_position_x","name":"position_x","id":609,"geomIds":[647,616]}]])
[0m[0;32m[2026-09-16 14:08:56.118][VERB] RETURN: {"result":"$653"}
[0m[0;32m[2026-09-16 14:08:56.119][VERB] COMMANDCALL: _C.SafeAPI.Execute(["v1.sketch.dimension",[{"type":"VERTICAL_DISTANCE","value":"@expr.d51_position_y","name":"position_y","id":609,"geomIds":[647,616]}]])
[0m[0;32m[2026-09-16 14:08:56.125][VERB] RETURN: {"result":"$657"}
[0m[0;32m[2026-09-16 14:08:56.125][VERB] COMMANDCALL: _C.SafeAPI.Execute(["v1.sketch.dimension",[{"type":"OFFSET","value":"@expr.d52_width","name":"width","id":609,"geomIds":[615]}]])
[0m[0;32m[2026-09-16 14:08:56.133][VERB] RETURN: {"result":"$661"}
[0m[0;32m[2026-09-16 14:08:56.133][VERB] COMMANDCALL: _C.SafeAPI.Execute(["v1.sketch.dimension",[{"type":"OFFSET","value":"@expr.d53_depth","name":"depth","id":609,"geomIds":[619]}]])
[0m[0;32m[2026-09-16 14:08:56.141][VERB] RETURN: {"result":"$665"}
[0m[0;32m[2026-09-16 14:08:56.142][VERB] COMMANDCALL: _C.SafeAPI.Execute(["v1.part.extrusion",[{"references":[615,619,625,631],"name":"F48_makeBox_cad_primitives_py_8","taperAngle":0,"limit2":"@expr.d54_height","id":4}]])
[0m[0;32m[2026-09-16 14:08:56.147][VERB] RETURN: {"result":"$669"}
[0m[0;32m[2026-09-16 14:08:56.147][VERB] COMMANDCALL: _C.SafeAPI.Execute(["v1.part.workPlane",[{"type":"PLANE","references":[38],"name":"F55_makeCylinder_cad_primitives_py_12_plane","offset":"@expr.d56_plane_offset","id":4}]])
[0m[0;32m[2026-09-16 14:08:56.151][VERB] RETURN: {"result":"$712"}
[0m[0;32m[2026-09-16 14:08:56.151][VERB] COMMANDCALL: _C.SafeAPI.Execute(["v1.sketch.create",[{"planeId":712,"name":"F55_makeCylinder_cad_primitives_py_12_profile","id":4}]])
[0m[0;32m[2026-09-16 14:08:56.154][VERB] RETURN: {"result":"$718"}
[0m[0;32m[2026-09-16 14:08:56.154][VERB] COMMANDCALL: _C.SafeAPI.Execute(["v1.sketch.circle",[{"radius":2.7,"id":718,"genFixation":0,"centerPos":[1.4,22.8,0]}]])
[0m[0;32m[2026-09-16 14:08:56.156][VERB] RETURN: {"result":"$724"}
[0m[0;32m[2026-09-16 14:08:56.156][VERB] COMMANDCALL: _C.SafeAPI.Execute(["v1.sketch.getPoints",[{"id":724}]])
[0m[0;32m[2026-09-16 14:08:56.156][VERB] RETURN: {"result":{"centerId":"$725"}}
[0m[0;32m[2026-09-16 14:08:56.156][VERB] COMMANDCALL: _C.SafeAPI.Execute(["v1.sketch.point",[{"pos":[-1000,-1000,0],"id":718}]])
[0m[0;32m[2026-09-16 14:08:56.158][VERB] RETURN: {"result":"$727"}
[0m[0;32m[2026-09-16 14:08:56.158][VERB] COMMANDCALL: _C.SafeAPI.Execute(["v1.sketch.constraint",[{"type":"FIXATION","id":718,"geomIds":[727]}]])
[0m[0;32m[2026-09-16 14:08:56.159][VERB] RETURN: {"result":"$729"}
[0m[0;32m[2026-09-16 14:08:56.159][VERB] COMMANDCALL: _C.SafeAPI.Execute(["v1.sketch.dimension",[{"type":"HORIZONTAL_DISTANCE","value":"@expr.d57_position_x","name":"position_x","id":718,"geomIds":[727,725]}]])
[0m[0;32m[2026-09-16 14:08:56.164][VERB] RETURN: {"result":"$733"}
[0m[0;32m[2026-09-16 14:08:56.164][VERB] COMMANDCALL: _C.SafeAPI.Execute(["v1.sketch.dimension",[{"type":"VERTICAL_DISTANCE","value":"@expr.d58_position_y","name":"position_y","id":718,"geomIds":[727,725]}]])
[0m[0;32m[2026-09-16 14:08:56.170][VERB] RETURN: {"result":"$737"}
[0m[0;32m[2026-09-16 14:08:56.170][VERB] COMMANDCALL: _C.SafeAPI.Execute(["v1.sketch.dimension",[{"type":"RADIUS","value":"@expr.d59_radius","name":"radius","id":718,"geomIds":[724]}]])
[0m[0;32m[2026-09-16 14:08:56.175][VERB] RETURN: {"result":"$741"}
[0m[0;32m[2026-09-16 14:08:56.175][VERB] COMMANDCALL: _C.SafeAPI.Execute(["v1.part.extrusion",[{"references":[724],"name":"F55_makeCylinder_cad_primitives_py_12","taperAngle":0,"limit2":"@expr.d60_height","id":4}]])
[0m[0;32m[2026-09-16 14:08:56.181][VERB] RETURN: {"result":"$745"}
[0m[0;32m[2026-09-16 14:08:56.181][VERB] COMMANDCALL: _C.SafeAPI.Execute(["v1.part.workPlane",[{"type":"PLANE","references":[38],"name":"F61_makeCylinder_cad_primitives_py_12_plane","offset":"@expr.d62_plane_offset","id":4}]])
[0m[0;32m[2026-09-16 14:08:56.185][VERB] RETURN: {"result":"$767"}
[0m[0;32m[2026-09-16 14:08:56.185][VERB] COMMANDCALL: _C.SafeAPI.Execute(["v1.sketch.create",[{"planeId":767,"name":"F61_makeCylinder_cad_primitives_py_12_profile","id":4}]])
[0m[0;32m[2026-09-16 14:08:56.187][VERB] RETURN: {"result":"$773"}
[0m[0;32m[2026-09-16 14:08:56.188][VERB] COMMANDCALL: _C.SafeAPI.Execute(["v1.sketch.circle",[{"radius":2.7,"id":773,"genFixation":0,"centerPos":[1.4,63.2,0]}]])
[0m[0;32m[2026-09-16 14:08:56.189][VERB] RETURN: {"result":"$779"}
[0m[0;32m[2026-09-16 14:08:56.189][VERB] COMMANDCALL: _C.SafeAPI.Execute(["v1.sketch.getPoints",[{"id":779}]])
[0m[0;32m[2026-09-16 14:08:56.189][VERB] RETURN: {"result":{"centerId":"$780"}}
[0m[0;32m[2026-09-16 14:08:56.189][VERB] COMMANDCALL: _C.SafeAPI.Execute(["v1.sketch.point",[{"pos":[-1000,-1000,0],"id":773}]])
[0m[0;32m[2026-09-16 14:08:56.190][VERB] RETURN: {"result":"$782"}
[0m[0;32m[2026-09-16 14:08:56.191][VERB] COMMANDCALL: _C.SafeAPI.Execute(["v1.sketch.constraint",[{"type":"FIXATION","id":773,"geomIds":[782]}]])
[0m[0;32m[2026-09-16 14:08:56.192][VERB] RETURN: {"result":"$784"}
[0m[0;32m[2026-09-16 14:08:56.192][VERB] COMMANDCALL: _C.SafeAPI.Execute(["v1.sketch.dimension",[{"type":"HORIZONTAL_DISTANCE","value":"@expr.d63_position_x","name":"position_x","id":773,"geomIds":[782,780]}]])
[0m[0;32m[2026-09-16 14:08:56.196][VERB] RETURN: {"result":"$788"}
[0m[0;32m[2026-09-16 14:08:56.197][VERB] COMMANDCALL: _C.SafeAPI.Execute(["v1.sketch.dimension",[{"type":"VERTICAL_DISTANCE","value":"@expr.d64_position_y","name":"position_y","id":773,"geomIds":[782,780]}]])
[0m[0;32m[2026-09-16 14:08:56.202][VERB] RETURN: {"result":"$792"}
[0m[0;32m[2026-09-16 14:08:56.202][VERB] COMMANDCALL: _C.SafeAPI.Execute(["v1.sketch.dimension",[{"type":"RADIUS","value":"@expr.d65_radius","name":"radius","id":773,"geomIds":[779]}]])
[0m[0;32m[2026-09-16 14:08:56.208][VERB] RETURN: {"result":"$796"}
[0m[0;32m[2026-09-16 14:08:56.208][VERB] COMMANDCALL: _C.SafeAPI.Execute(["v1.part.extrusion",[{"references":[779],"name":"F61_makeCylinder_cad_primitives_py_12","taperAngle":0,"limit2":"@expr.d66_height","id":4}]])
[0m[0;32m[2026-09-16 14:08:56.214][VERB] RETURN: {"result":"$800"}
[0m[0;32m[2026-09-16 14:08:56.214][VERB] COMMANDCALL: _C.SafeAPI.Execute(["v1.part.workPlane",[{"type":"PLANE","references":[38],"name":"F67_makeCylinder_cad_primitives_py_12_plane","offset":"@expr.d68_plane_offset","id":4}]])
[0m[0;32m[2026-09-16 14:08:56.218][VERB] RETURN: {"result":"$822"}
[0m[0;32m[2026-09-16 14:08:56.218][VERB] COMMANDCALL: _C.SafeAPI.Execute(["v1.sketch.create",[{"planeId":822,"name":"F67_makeCylinder_cad_primitives_py_12_profile","id":4}]])
[0m[0;32m[2026-09-16 14:08:56.220][VERB] RETURN: {"result":"$828"}
[0m[0;32m[2026-09-16 14:08:56.220][VERB] COMMANDCALL: _C.SafeAPI.Execute(["v1.sketch.circle",[{"radius":2.7,"id":828,"genFixation":0,"centerPos":[56.4,22.8,0]}]])
[0m[0;32m[2026-09-16 14:08:56.222][VERB] RETURN: {"result":"$834"}
[0m[0;32m[2026-09-16 14:08:56.222][VERB] COMMANDCALL: _C.SafeAPI.Execute(["v1.sketch.getPoints",[{"id":834}]])
[0m[0;32m[2026-09-16 14:08:56.222][VERB] RETURN: {"result":{"centerId":"$835"}}
[0m[0;32m[2026-09-16 14:08:56.222][VERB] COMMANDCALL: _C.SafeAPI.Execute(["v1.sketch.point",[{"pos":[-1000,-1000,0],"id":828}]])
[0m[0;32m[2026-09-16 14:08:56.223][VERB] RETURN: {"result":"$837"}
[0m[0;32m[2026-09-16 14:08:56.223][VERB] COMMANDCALL: _C.SafeAPI.Execute(["v1.sketch.constraint",[{"type":"FIXATION","id":828,"geomIds":[837]}]])
[0m[0;32m[2026-09-16 14:08:56.224][VERB] RETURN: {"result":"$839"}
[0m[0;32m[2026-09-16 14:08:56.224][VERB] COMMANDCALL: _C.SafeAPI.Execute(["v1.sketch.dimension",[{"type":"HORIZONTAL_DISTANCE","value":"@expr.d69_position_x","name":"position_x","id":828,"geomIds":[837,835]}]])
[0m[0;32m[2026-09-16 14:08:56.229][VERB] RETURN: {"result":"$843"}
[0m[0;32m[2026-09-16 14:08:56.229][VERB] COMMANDCALL: _C.SafeAPI.Execute(["v1.sketch.dimension",[{"type":"VERTICAL_DISTANCE","value":"@expr.d70_position_y","name":"position_y","id":828,"geomIds":[837,835]}]])
[0m[0;32m[2026-09-16 14:08:56.234][VERB] RETURN: {"result":"$847"}
[0m[0;32m[2026-09-16 14:08:56.235][VERB] COMMANDCALL: _C.SafeAPI.Execute(["v1.sketch.dimension",[{"type":"RADIUS","value":"@expr.d71_radius","name":"radius","id":828,"geomIds":[834]}]])
[0m[0;32m[2026-09-16 14:08:56.240][VERB] RETURN: {"result":"$851"}
[0m[0;32m[2026-09-16 14:08:56.241][VERB] COMMANDCALL: _C.SafeAPI.Execute(["v1.part.extrusion",[{"references":[834],"name":"F67_makeCylinder_cad_primitives_py_12","taperAngle":0,"limit2":"@expr.d72_height","id":4}]])
[0m[0;32m[2026-09-16 14:08:56.246][VERB] RETURN: {"result":"$855"}
[0m[0;32m[2026-09-16 14:08:56.246][VERB] COMMANDCALL: _C.SafeAPI.Execute(["v1.part.workPlane",[{"type":"PLANE","references":[38],"name":"F73_makeCylinder_cad_primitives_py_12_plane","offset":"@expr.d74_plane_offset","id":4}]])
[0m[0;32m[2026-09-16 14:08:56.250][VERB] RETURN: {"result":"$877"}
[0m[0;32m[2026-09-16 14:08:56.250][VERB] COMMANDCALL: _C.SafeAPI.Execute(["v1.sketch.create",[{"planeId":877,"name":"F73_makeCylinder_cad_primitives_py_12_profile","id":4}]])
[0m[0;32m[2026-09-16 14:08:56.252][VERB] RETURN: {"result":"$883"}
[0m[0;32m[2026-09-16 14:08:56.253][VERB] COMMANDCALL: _C.SafeAPI.Execute(["v1.sketch.circle",[{"radius":2.7,"id":883,"genFixation":0,"centerPos":[56.4,63.2,0]}]])
[0m[0;32m[2026-09-16 14:08:56.254][VERB] RETURN: {"result":"$889"}
[0m[0;32m[2026-09-16 14:08:56.254][VERB] COMMANDCALL: _C.SafeAPI.Execute(["v1.sketch.getPoints",[{"id":889}]])
[0m[0;32m[2026-09-16 14:08:56.254][VERB] RETURN: {"result":{"centerId":"$890"}}
[0m[0;32m[2026-09-16 14:08:56.254][VERB] COMMANDCALL: _C.SafeAPI.Execute(["v1.sketch.point",[{"pos":[-1000,-1000,0],"id":883}]])
[0m[0;32m[2026-09-16 14:08:56.255][VERB] RETURN: {"result":"$892"}
[0m[0;32m[2026-09-16 14:08:56.256][VERB] COMMANDCALL: _C.SafeAPI.Execute(["v1.sketch.constraint",[{"type":"FIXATION","id":883,"geomIds":[892]}]])
[0m[0;32m[2026-09-16 14:08:56.256][VERB] RETURN: {"result":"$894"}
[0m[0;32m[2026-09-16 14:08:56.257][VERB] COMMANDCALL: _C.SafeAPI.Execute(["v1.sketch.dimension",[{"type":"HORIZONTAL_DISTANCE","value":"@expr.d75_position_x","name":"position_x","id":883,"geomIds":[892,890]}]])
[0m[0;32m[2026-09-16 14:08:56.261][VERB] RETURN: {"result":"$898"}
[0m[0;32m[2026-09-16 14:08:56.261][VERB] COMMANDCALL: _C.SafeAPI.Execute(["v1.sketch.dimension",[{"type":"VERTICAL_DISTANCE","value":"@expr.d76_position_y","name":"position_y","id":883,"geomIds":[892,890]}]])
[0m[0;32m[2026-09-16 14:08:56.267][VERB] RETURN: {"result":"$902"}
[0m[0;32m[2026-09-16 14:08:56.267][VERB] COMMANDCALL: _C.SafeAPI.Execute(["v1.sketch.dimension",[{"type":"RADIUS","value":"@expr.d77_radius","name":"radius","id":883,"geomIds":[889]}]])
[0m[0;32m[2026-09-16 14:08:56.272][VERB] RETURN: {"result":"$906"}
[0m[0;32m[2026-09-16 14:08:56.273][VERB] COMMANDCALL: _C.SafeAPI.Execute(["v1.part.extrusion",[{"references":[889],"name":"F73_makeCylinder_cad_primitives_py_12","taperAngle":0,"limit2":"@expr.d78_height","id":4}]])
[0m[0;32m[2026-09-16 14:08:56.278][VERB] RETURN: {"result":"$910"}
[0m[0;32m[2026-09-16 14:08:56.279][VERB] COMMANDCALL: _C.SafeAPI.Execute(["v1.part.workPlane",[{"type":"PLANE","references":[38],"name":"F79_makeBox_cad_primitives_py_8_plane","offset":"@expr.d80_plane_offset","id":4}]])
[0m[0;32m[2026-09-16 14:08:56.282][VERB] RETURN: {"result":"$932"}
[0m[0;32m[2026-09-16 14:08:56.282][VERB] COMMANDCALL: _C.SafeAPI.Execute(["v1.sketch.create",[{"planeId":932,"name":"F79_makeBox_cad_primitives_py_8_profile","id":4}]])
[0m[0;32m[2026-09-16 14:08:56.285][VERB] RETURN: {"result":"$938"}
[0m[0;32m[2026-09-16 14:08:56.285][VERB] COMMANDCALL: _C.SafeAPI.Execute(["v1.sketch.rectangle",[{"startPos":[48.8,-1.3,0],"id":938,"genFixation":0,"endPos":[89.8,40.8,0]}]])
[0m[0;32m[2026-09-16 14:08:56.292][VERB] RETURN: {"result":["$944","$948","$954","$960"]}
[0m[0;32m[2026-09-16 14:08:56.292][VERB] COMMANDCALL: _C.SafeAPI.Execute(["v1.sketch.getPoints",[{"id":944}]])
[0m[0;32m[2026-09-16 14:08:56.292][VERB] RETURN: {"result":{"endId":"$946","startId":"$945"}}
[0m[0;32m[2026-09-16 14:08:56.292][VERB] COMMANDCALL: _C.SafeAPI.Execute(["v1.sketch.point",[{"pos":[-1000,-1000,0],"id":938}]])
[0m[0;32m[2026-09-16 14:08:56.294][VERB] RETURN: {"result":"$976"}
[0m[0;32m[2026-09-16 14:08:56.294][VERB] COMMANDCALL: _C.SafeAPI.Execute(["v1.sketch.constraint",[{"type":"FIXATION","id":938,"geomIds":[976]}]])
[0m[0;32m[2026-09-16 14:08:56.296][VERB] RETURN: {"result":"$978"}
[0m[0;32m[2026-09-16 14:08:56.296][VERB] COMMANDCALL: _C.SafeAPI.Execute(["v1.sketch.dimension",[{"type":"HORIZONTAL_DISTANCE","value":"@expr.d81_position_x","name":"position_x","id":938,"geomIds":[976,945]}]])
[0m[0;32m[2026-09-16 14:08:56.302][VERB] RETURN: {"result":"$982"}
[0m[0;32m[2026-09-16 14:08:56.302][VERB] COMMANDCALL: _C.SafeAPI.Execute(["v1.sketch.dimension",[{"type":"VERTICAL_DISTANCE","value":"@expr.d82_position_y","name":"position_y","id":938,"geomIds":[976,945]}]])
[0m[0;32m[2026-09-16 14:08:56.308][VERB] RETURN: {"result":"$986"}
[0m[0;32m[2026-09-16 14:08:56.309][VERB] COMMANDCALL: _C.SafeAPI.Execute(["v1.sketch.dimension",[{"type":"OFFSET","value":"@expr.d83_width","name":"width","id":938,"geomIds":[944]}]])
[0m[0;32m[2026-09-16 14:08:56.316][VERB] RETURN: {"result":"$990"}
[0m[0;32m[2026-09-16 14:08:56.316][VERB] COMMANDCALL: _C.SafeAPI.Execute(["v1.sketch.dimension",[{"type":"OFFSET","value":"@expr.d84_depth","name":"depth","id":938,"geomIds":[948]}]])
[0m[0;32m[2026-09-16 14:08:56.324][VERB] RETURN: {"result":"$994"}
[0m[0;32m[2026-09-16 14:08:56.324][VERB] COMMANDCALL: _C.SafeAPI.Execute(["v1.part.extrusion",[{"references":[944,948,954,960],"name":"F79_makeBox_cad_primitives_py_8","taperAngle":0,"limit2":"@expr.d85_height","id":4}]])
[0m[0;32m[2026-09-16 14:08:56.329][VERB] RETURN: {"result":"$998"}
[0m[0;32m[2026-09-16 14:08:56.330][VERB] COMMANDCALL: _C.SafeAPI.Execute(["v1.part.workPlane",[{"type":"PLANE","references":[38],"name":"F86_makeBox_cad_primitives_py_8_plane","offset":"@expr.d87_plane_offset","id":4}]])
[0m[0;32m[2026-09-16 14:08:56.333][VERB] RETURN: {"result":"$1041"}
[0m[0;32m[2026-09-16 14:08:56.333][VERB] COMMANDCALL: _C.SafeAPI.Execute(["v1.sketch.create",[{"planeId":1041,"name":"F86_makeBox_cad_primitives_py_8_profile","id":4}]])
[0m[0;32m[2026-09-16 14:08:56.335][VERB] RETURN: {"result":"$1047"}
[0m[0;32m[2026-09-16 14:08:56.336][VERB] COMMANDCALL: _C.SafeAPI.Execute(["v1.sketch.rectangle",[{"startPos":[46.1,1.4,0],"id":1047,"genFixation":0,"endPos":[92.5,38.1,0]}]])
[0m[0;32m[2026-09-16 14:08:56.343][VERB] RETURN: {"result":["$1053","$1057","$1063","$1069"]}
[0m[0;32m[2026-09-16 14:08:56.343][VERB] COMMANDCALL: _C.SafeAPI.Execute(["v1.sketch.getPoints",[{"id":1053}]])
[0m[0;32m[2026-09-16 14:08:56.343][VERB] RETURN: {"result":{"endId":"$1055","startId":"$1054"}}
[0m[0;32m[2026-09-16 14:08:56.343][VERB] COMMANDCALL: _C.SafeAPI.Execute(["v1.sketch.point",[{"pos":[-1000,-1000,0],"id":1047}]])
[0m[0;32m[2026-09-16 14:08:56.346][VERB] RETURN: {"result":"$1085"}
[0m[0;32m[2026-09-16 14:08:56.346][VERB] COMMANDCALL: _C.SafeAPI.Execute(["v1.sketch.constraint",[{"type":"FIXATION","id":1047,"geomIds":[1085]}]])
[0m[0;32m[2026-09-16 14:08:56.348][VERB] RETURN: {"result":"$1087"}
[0m[0;32m[2026-09-16 14:08:56.348][VERB] COMMANDCALL: _C.SafeAPI.Execute(["v1.sketch.dimension",[{"type":"HORIZONTAL_DISTANCE","value":"@expr.d88_position_x","name":"position_x","id":1047,"geomIds":[1085,1054]}]])
[0m[0;32m[2026-09-16 14:08:56.354][VERB] RETURN: {"result":"$1091"}
[0m[0;32m[2026-09-16 14:08:56.355][VERB] COMMANDCALL: _C.SafeAPI.Execute(["v1.sketch.dimension",[{"type":"VERTICAL_DISTANCE","value":"@expr.d89_position_y","name":"position_y","id":1047,"geomIds":[1085,1054]}]])
[0m[0;32m[2026-09-16 14:08:56.361][VERB] RETURN: {"result":"$1095"}
[0m[0;32m[2026-09-16 14:08:56.361][VERB] COMMANDCALL: _C.SafeAPI.Execute(["v1.sketch.dimension",[{"type":"OFFSET","value":"@expr.d90_width","name":"width","id":1047,"geomIds":[1053]}]])
[0m[0;32m[2026-09-16 14:08:56.368][VERB] RETURN: {"result":"$1099"}
[0m[0;32m[2026-09-16 14:08:56.369][VERB] COMMANDCALL: _C.SafeAPI.Execute(["v1.sketch.dimension",[{"type":"OFFSET","value":"@expr.d91_depth","name":"depth","id":1047,"geomIds":[1057]}]])
[0m[0;32m[2026-09-16 14:08:56.377][VERB] RETURN: {"result":"$1103"}
[0m[0;32m[2026-09-16 14:08:56.377][VERB] COMMANDCALL: _C.SafeAPI.Execute(["v1.part.extrusion",[{"references":[1053,1057,1063,1069],"name":"F86_makeBox_cad_primitives_py_8","taperAngle":0,"limit2":"@expr.d92_height","id":4}]])
[0m[0;32m[2026-09-16 14:08:56.382][VERB] RETURN: {"result":"$1107"}
[0m[0;32m[2026-09-16 14:08:56.382][VERB] COMMANDCALL: _C.SafeAPI.Execute(["v1.part.workPlane",[{"type":"PLANE","references":[38],"name":"F93_makeCylinder_cad_primitives_py_12_plane","offset":"@expr.d94_plane_offset","id":4}]])
[0m[0;32m[2026-09-16 14:08:56.386][VERB] RETURN: {"result":"$1150"}
[0m[0;32m[2026-09-16 14:08:56.386][VERB] COMMANDCALL: _C.SafeAPI.Execute(["v1.sketch.create",[{"planeId":1150,"name":"F93_makeCylinder_cad_primitives_py_12_profile","id":4}]])
[0m[0;32m[2026-09-16 14:08:56.388][VERB] RETURN: {"result":"$1156"}
[0m[0;32m[2026-09-16 14:08:56.389][VERB] COMMANDCALL: _C.SafeAPI.Execute(["v1.sketch.circle",[{"radius":2.7,"id":1156,"genFixation":0,"centerPos":[48.8,1.4,0]}]])
[0m[0;32m[2026-09-16 14:08:56.390][VERB] RETURN: {"result":"$1162"}
[0m[0;32m[2026-09-16 14:08:56.390][VERB] COMMANDCALL: _C.SafeAPI.Execute(["v1.sketch.getPoints",[{"id":1162}]])
[0m[0;32m[2026-09-16 14:08:56.390][VERB] RETURN: {"result":{"centerId":"$1163"}}
[0m[0;32m[2026-09-16 14:08:56.390][VERB] COMMANDCALL: _C.SafeAPI.Execute(["v1.sketch.point",[{"pos":[-1000,-1000,0],"id":1156}]])
[0m[0;32m[2026-09-16 14:08:56.391][VERB] RETURN: {"result":"$1165"}
[0m[0;32m[2026-09-16 14:08:56.391][VERB] COMMANDCALL: _C.SafeAPI.Execute(["v1.sketch.constraint",[{"type":"FIXATION","id":1156,"geomIds":[1165]}]])
[0m[0;32m[2026-09-16 14:08:56.393][VERB] RETURN: {"result":"$1167"}
[0m[0;32m[2026-09-16 14:08:56.393][VERB] COMMANDCALL: _C.SafeAPI.Execute(["v1.sketch.dimension",[{"type":"HORIZONTAL_DISTANCE","value":"@expr.d95_position_x","name":"position_x","id":1156,"geomIds":[1165,1163]}]])
[0m[0;32m[2026-09-16 14:08:56.397][VERB] RETURN: {"result":"$1171"}
[0m[0;32m[2026-09-16 14:08:56.398][VERB] COMMANDCALL: _C.SafeAPI.Execute(["v1.sketch.dimension",[{"type":"VERTICAL_DISTANCE","value":"@expr.d96_position_y","name":"position_y","id":1156,"geomIds":[1165,1163]}]])
[0m[0;32m[2026-09-16 14:08:56.403][VERB] RETURN: {"result":"$1175"}
[0m[0;32m[2026-09-16 14:08:56.404][VERB] COMMANDCALL: _C.SafeAPI.Execute(["v1.sketch.dimension",[{"type":"RADIUS","value":"@expr.d97_radius","name":"radius","id":1156,"geomIds":[1162]}]])
[0m[0;32m[2026-09-16 14:08:56.409][VERB] RETURN: {"result":"$1179"}
[0m[0;32m[2026-09-16 14:08:56.410][VERB] COMMANDCALL: _C.SafeAPI.Execute(["v1.part.extrusion",[{"references":[1162],"name":"F93_makeCylinder_cad_primitives_py_12","taperAngle":0,"limit2":"@expr.d98_height","id":4}]])
[0m[0;32m[2026-09-16 14:08:56.415][VERB] RETURN: {"result":"$1183"}
[0m[0;32m[2026-09-16 14:08:56.416][VERB] COMMANDCALL: _C.SafeAPI.Execute(["v1.part.workPlane",[{"type":"PLANE","references":[38],"name":"F99_makeCylinder_cad_primitives_py_12_plane","offset":"@expr.d100_plane_offset","id":4}]])
[0m[0;32m[2026-09-16 14:08:56.420][VERB] RETURN: {"result":"$1205"}
[0m[0;32m[2026-09-16 14:08:56.420][VERB] COMMANDCALL: _C.SafeAPI.Execute(["v1.sketch.create",[{"planeId":1205,"name":"F99_makeCylinder_cad_primitives_py_12_profile","id":4}]])
[0m[0;32m[2026-09-16 14:08:56.422][VERB] RETURN: {"result":"$1211"}
[0m[0;32m[2026-09-16 14:08:56.422][VERB] COMMANDCALL: _C.SafeAPI.Execute(["v1.sketch.circle",[{"radius":2.7,"id":1211,"genFixation":0,"centerPos":[48.8,38.1,0]}]])
[0m[0;32m[2026-09-16 14:08:56.423][VERB] RETURN: {"result":"$1217"}
[0m[0;32m[2026-09-16 14:08:56.423][VERB] COMMANDCALL: _C.SafeAPI.Execute(["v1.sketch.getPoints",[{"id":1217}]])
[0m[0;32m[2026-09-16 14:08:56.423][VERB] RETURN: {"result":{"centerId":"$1218"}}
[0m[0;32m[2026-09-16 14:08:56.423][VERB] COMMANDCALL: _C.SafeAPI.Execute(["v1.sketch.point",[{"pos":[-1000,-1000,0],"id":1211}]])
[0m[0;32m[2026-09-16 14:08:56.424][VERB] RETURN: {"result":"$1220"}
[0m[0;32m[2026-09-16 14:08:56.425][VERB] COMMANDCALL: _C.SafeAPI.Execute(["v1.sketch.constraint",[{"type":"FIXATION","id":1211,"geomIds":[1220]}]])
[0m[0;32m[2026-09-16 14:08:56.426][VERB] RETURN: {"result":"$1222"}
[0m[0;32m[2026-09-16 14:08:56.426][VERB] COMMANDCALL: _C.SafeAPI.Execute(["v1.sketch.dimension",[{"type":"HORIZONTAL_DISTANCE","value":"@expr.d101_position_x","name":"position_x","id":1211,"geomIds":[1220,1218]}]])
[0m[0;32m[2026-09-16 14:08:56.430][VERB] RETURN: {"result":"$1226"}
[0m[0;32m[2026-09-16 14:08:56.431][VERB] COMMANDCALL: _C.SafeAPI.Execute(["v1.sketch.dimension",[{"type":"VERTICAL_DISTANCE","value":"@expr.d102_position_y","name":"position_y","id":1211,"geomIds":[1220,1218]}]])
[0m[0;32m[2026-09-16 14:08:56.436][VERB] RETURN: {"result":"$1230"}
[0m[0;32m[2026-09-16 14:08:56.436][VERB] COMMANDCALL: _C.SafeAPI.Execute(["v1.sketch.dimension",[{"type":"RADIUS","value":"@expr.d103_radius","name":"radius","id":1211,"geomIds":[1217]}]])
[0m[0;32m[2026-09-16 14:08:56.441][VERB] RETURN: {"result":"$1234"}
[0m[0;32m[2026-09-16 14:08:56.441][VERB] COMMANDCALL: _C.SafeAPI.Execute(["v1.part.extrusion",[{"references":[1217],"name":"F99_makeCylinder_cad_primitives_py_12","taperAngle":0,"limit2":"@expr.d104_height","id":4}]])
[0m[0;32m[2026-09-16 14:08:56.447][VERB] RETURN: {"result":"$1238"}
[0m[0;32m[2026-09-16 14:08:56.447][VERB] COMMANDCALL: _C.SafeAPI.Execute(["v1.part.workPlane",[{"type":"PLANE","references":[38],"name":"F105_makeCylinder_cad_primitives_py_12_plane","offset":"@expr.d106_plane_offset","id":4}]])
[0m[0;32m[2026-09-16 14:08:56.451][VERB] RETURN: {"result":"$1260"}
[0m[0;32m[2026-09-16 14:08:56.451][VERB] COMMANDCALL: _C.SafeAPI.Execute(["v1.sketch.create",[{"planeId":1260,"name":"F105_makeCylinder_cad_primitives_py_12_profile","id":4}]])
[0m[0;32m[2026-09-16 14:08:56.453][VERB] RETURN: {"result":"$1266"}
[0m[0;32m[2026-09-16 14:08:56.453][VERB] COMMANDCALL: _C.SafeAPI.Execute(["v1.sketch.circle",[{"radius":2.7,"id":1266,"genFixation":0,"centerPos":[89.8,1.4,0]}]])
[0m[0;32m[2026-09-16 14:08:56.454][VERB] RETURN: {"result":"$1272"}
[0m[0;32m[2026-09-16 14:08:56.454][VERB] COMMANDCALL: _C.SafeAPI.Execute(["v1.sketch.getPoints",[{"id":1272}]])
[0m[0;32m[2026-09-16 14:08:56.455][VERB] RETURN: {"result":{"centerId":"$1273"}}
[0m[0;32m[2026-09-16 14:08:56.455][VERB] COMMANDCALL: _C.SafeAPI.Execute(["v1.sketch.point",[{"pos":[-1000,-1000,0],"id":1266}]])
[0m[0;32m[2026-09-16 14:08:56.456][VERB] RETURN: {"result":"$1275"}
[0m[0;32m[2026-09-16 14:08:56.456][VERB] COMMANDCALL: _C.SafeAPI.Execute(["v1.sketch.constraint",[{"type":"FIXATION","id":1266,"geomIds":[1275]}]])
[0m[0;32m[2026-09-16 14:08:56.457][VERB] RETURN: {"result":"$1277"}
[0m[0;32m[2026-09-16 14:08:56.457][VERB] COMMANDCALL: _C.SafeAPI.Execute(["v1.sketch.dimension",[{"type":"HORIZONTAL_DISTANCE","value":"@expr.d107_position_x","name":"position_x","id":1266,"geomIds":[1275,1273]}]])
[0m[0;32m[2026-09-16 14:08:56.461][VERB] RETURN: {"result":"$1281"}
[0m[0;32m[2026-09-16 14:08:56.461][VERB] COMMANDCALL: _C.SafeAPI.Execute(["v1.sketch.dimension",[{"type":"VERTICAL_DISTANCE","value":"@expr.d108_position_y","name":"position_y","id":1266,"geomIds":[1275,1273]}]])
[0m[0;32m[2026-09-16 14:08:56.466][VERB] RETURN: {"result":"$1285"}
[0m[0;32m[2026-09-16 14:08:56.466][VERB] COMMANDCALL: _C.SafeAPI.Execute(["v1.sketch.dimension",[{"type":"RADIUS","value":"@expr.d109_radius","name":"radius","id":1266,"geomIds":[1272]}]])
[0m[0;32m[2026-09-16 14:08:56.472][VERB] RETURN: {"result":"$1289"}
[0m[0;32m[2026-09-16 14:08:56.472][VERB] COMMANDCALL: _C.SafeAPI.Execute(["v1.part.extrusion",[{"references":[1272],"name":"F105_makeCylinder_cad_primitives_py_12","taperAngle":0,"limit2":"@expr.d110_height","id":4}]])
[0m[0;32m[2026-09-16 14:08:56.477][VERB] RETURN: {"result":"$1293"}
[0m[0;32m[2026-09-16 14:08:56.477][VERB] COMMANDCALL: _C.SafeAPI.Execute(["v1.part.workPlane",[{"type":"PLANE","references":[38],"name":"F111_makeCylinder_cad_primitives_py_12_plane","offset":"@expr.d112_plane_offset","id":4}]])
[0m[0;32m[2026-09-16 14:08:56.481][VERB] RETURN: {"result":"$1315"}
[0m[0;32m[2026-09-16 14:08:56.481][VERB] COMMANDCALL: _C.SafeAPI.Execute(["v1.sketch.create",[{"planeId":1315,"name":"F111_makeCylinder_cad_primitives_py_12_profile","id":4}]])
[0m[0;32m[2026-09-16 14:08:56.483][VERB] RETURN: {"result":"$1321"}
[0m[0;32m[2026-09-16 14:08:56.483][VERB] COMMANDCALL: _C.SafeAPI.Execute(["v1.sketch.circle",[{"radius":2.7,"id":1321,"genFixation":0,"centerPos":[89.8,38.1,0]}]])
[0m[0;32m[2026-09-16 14:08:56.485][VERB] RETURN: {"result":"$1327"}
[0m[0;32m[2026-09-16 14:08:56.485][VERB] COMMANDCALL: _C.SafeAPI.Execute(["v1.sketch.getPoints",[{"id":1327}]])
[0m[0;32m[2026-09-16 14:08:56.485][VERB] RETURN: {"result":{"centerId":"$1328"}}
[0m[0;32m[2026-09-16 14:08:56.485][VERB] COMMANDCALL: _C.SafeAPI.Execute(["v1.sketch.point",[{"pos":[-1000,-1000,0],"id":1321}]])
[0m[0;32m[2026-09-16 14:08:56.486][VERB] RETURN: {"result":"$1330"}
[0m[0;32m[2026-09-16 14:08:56.486][VERB] COMMANDCALL: _C.SafeAPI.Execute(["v1.sketch.constraint",[{"type":"FIXATION","id":1321,"geomIds":[1330]}]])
[0m[0;32m[2026-09-16 14:08:56.487][VERB] RETURN: {"result":"$1332"}
[0m[0;32m[2026-09-16 14:08:56.487][VERB] COMMANDCALL: _C.SafeAPI.Execute(["v1.sketch.dimension",[{"type":"HORIZONTAL_DISTANCE","value":"@expr.d113_position_x","name":"position_x","id":1321,"geomIds":[1330,1328]}]])
[0m[0;32m[2026-09-16 14:08:56.491][VERB] RETURN: {"result":"$1336"}
[0m[0;32m[2026-09-16 14:08:56.492][VERB] COMMANDCALL: _C.SafeAPI.Execute(["v1.sketch.dimension",[{"type":"VERTICAL_DISTANCE","value":"@expr.d114_position_y","name":"position_y","id":1321,"geomIds":[1330,1328]}]])
[0m[0;32m[2026-09-16 14:08:56.496][VERB] RETURN: {"result":"$1340"}
[0m[0;32m[2026-09-16 14:08:56.497][VERB] COMMANDCALL: _C.SafeAPI.Execute(["v1.sketch.dimension",[{"type":"RADIUS","value":"@expr.d115_radius","name":"radius","id":1321,"geomIds":[1327]}]])
[0m[0;32m[2026-09-16 14:08:56.502][VERB] RETURN: {"result":"$1344"}
[0m[0;32m[2026-09-16 14:08:56.502][VERB] COMMANDCALL: _C.SafeAPI.Execute(["v1.part.extrusion",[{"references":[1327],"name":"F111_makeCylinder_cad_primitives_py_12","taperAngle":0,"limit2":"@expr.d116_height","id":4}]])
[0m[0;32m[2026-09-16 14:08:56.507][VERB] RETURN: {"result":"$1348"}
[0m[0;32m[2026-09-16 14:08:56.508][VERB] COMMANDCALL: _C.SafeAPI.Execute(["v1.part.workPlane",[{"type":"PLANE","references":[38],"name":"F117_makeBox_shell_skin_py_38_plane","offset":"@expr.d118_plane_offset","id":4}]])
[0m[0;32m[2026-09-16 14:08:56.511][VERB] RETURN: {"result":"$1370"}
[0m[0;32m[2026-09-16 14:08:56.511][VERB] COMMANDCALL: _C.SafeAPI.Execute(["v1.sketch.create",[{"planeId":1370,"name":"F117_makeBox_shell_skin_py_38_profile","id":4}]])
[0m[0;32m[2026-09-16 14:08:56.513][VERB] RETURN: {"result":"$1376"}
[0m[0;32m[2026-09-16 14:08:56.513][VERB] COMMANDCALL: _C.SafeAPI.Execute(["v1.sketch.rectangle",[{"startPos":[89.8,-1.3,0],"id":1376,"genFixation":0,"endPos":[92.5,40.8,0]}]])
[0m[0;32m[2026-09-16 14:08:56.520][VERB] RETURN: {"result":["$1382","$1386","$1392","$1398"]}
[0m[0;32m[2026-09-16 14:08:56.520][VERB] COMMANDCALL: _C.SafeAPI.Execute(["v1.sketch.getPoints",[{"id":1382}]])
[0m[0;32m[2026-09-16 14:08:56.520][VERB] RETURN: {"result":{"endId":"$1384","startId":"$1383"}}
[0m[0;32m[2026-09-16 14:08:56.520][VERB] COMMANDCALL: _C.SafeAPI.Execute(["v1.sketch.point",[{"pos":[-1000,-1000,0],"id":1376}]])
[0m[0;32m[2026-09-16 14:08:56.522][VERB] RETURN: {"result":"$1414"}
[0m[0;32m[2026-09-16 14:08:56.522][VERB] COMMANDCALL: _C.SafeAPI.Execute(["v1.sketch.constraint",[{"type":"FIXATION","id":1376,"geomIds":[1414]}]])
[0m[0;32m[2026-09-16 14:08:56.523][VERB] RETURN: {"result":"$1416"}
[0m[0;32m[2026-09-16 14:08:56.524][VERB] COMMANDCALL: _C.SafeAPI.Execute(["v1.sketch.dimension",[{"type":"HORIZONTAL_DISTANCE","value":"@expr.d119_position_x","name":"position_x","id":1376,"geomIds":[1414,1383]}]])
[0m[0;32m[2026-09-16 14:08:56.529][VERB] RETURN: {"result":"$1420"}
[0m[0;32m[2026-09-16 14:08:56.529][VERB] COMMANDCALL: _C.SafeAPI.Execute(["v1.sketch.dimension",[{"type":"VERTICAL_DISTANCE","value":"@expr.d120_position_y","name":"position_y","id":1376,"geomIds":[1414,1383]}]])
[0m[0;32m[2026-09-16 14:08:56.535][VERB] RETURN: {"result":"$1424"}
[0m[0;32m[2026-09-16 14:08:56.535][VERB] COMMANDCALL: _C.SafeAPI.Execute(["v1.sketch.dimension",[{"type":"OFFSET","value":"@expr.d121_width","name":"width","id":1376,"geomIds":[1382]}]])
[0m[0;32m[2026-09-16 14:08:56.542][VERB] RETURN: {"result":"$1428"}
[0m[0;32m[2026-09-16 14:08:56.542][VERB] COMMANDCALL: _C.SafeAPI.Execute(["v1.sketch.dimension",[{"type":"OFFSET","value":"@expr.d122_depth","name":"depth","id":1376,"geomIds":[1386]}]])
[0m[0;32m[2026-09-16 14:08:56.550][VERB] RETURN: {"result":"$1432"}
[0m[0;32m[2026-09-16 14:08:56.550][VERB] COMMANDCALL: _C.SafeAPI.Execute(["v1.part.extrusion",[{"references":[1382,1386,1392,1398],"name":"F117_makeBox_shell_skin_py_38","taperAngle":0,"limit2":"@expr.d123_height","id":4}]])
[0m[0;32m[2026-09-16 14:08:56.555][VERB] RETURN: {"result":"$1436"}
[0m[0;32m[2026-09-16 14:08:56.555][VERB] COMMANDCALL: _C.SafeAPI.Execute(["v1.part.workPlane",[{"type":"PLANE","references":[38],"name":"F124_makeBox_cad_primitives_py_8_plane","offset":"@expr.d125_plane_offset","id":4}]])
[0m[0;32m[2026-09-16 14:08:56.559][VERB] RETURN: {"result":"$1479"}
[0m[0;32m[2026-09-16 14:08:56.559][VERB] COMMANDCALL: _C.SafeAPI.Execute(["v1.sketch.create",[{"planeId":1479,"name":"F124_makeBox_cad_primitives_py_8_profile","id":4}]])
[0m[0;32m[2026-09-16 14:08:56.561][VERB] RETURN: {"result":"$1485"}
[0m[0;32m[2026-09-16 14:08:56.561][VERB] COMMANDCALL: _C.SafeAPI.Execute(["v1.sketch.rectangle",[{"startPos":[88.05,-7,0],"id":1485,"genFixation":0,"endPos":[92.5,5,0]}]])
[0m[0;32m[2026-09-16 14:08:56.567][VERB] RETURN: {"result":["$1491","$1495","$1501","$1507"]}
[0m[0;32m[2026-09-16 14:08:56.568][VERB] COMMANDCALL: _C.SafeAPI.Execute(["v1.sketch.getPoints",[{"id":1491}]])
[0m[0;32m[2026-09-16 14:08:56.568][VERB] RETURN: {"result":{"endId":"$1493","startId":"$1492"}}
[0m[0;32m[2026-09-16 14:08:56.568][VERB] COMMANDCALL: _C.SafeAPI.Execute(["v1.sketch.point",[{"pos":[-1000,-1000,0],"id":1485}]])
[0m[0;32m[2026-09-16 14:08:56.569][INFO] Worker is ready
[0m

[0;32m[2026-09-16 14:08:56.570][VERB] RETURN: {"result":"$1523"}
[0m[0;32m[2026-09-16 14:08:56.570][VERB] COMMANDCALL: _C.SafeAPI.Execute(["v1.sketch.constraint",[{"type":"FIXATION","id":1485,"geomIds":[1523]}]])
[0m[0;32m[2026-09-16 14:08:56.571][VERB] RETURN: {"result":"$1525"}
[0m[0;32m[2026-09-16 14:08:56.572][VERB] COMMANDCALL: _C.SafeAPI.Execute(["v1.sketch.dimension",[{"type":"HORIZONTAL_DISTANCE","value":"@expr.d126_position_x","name":"position_x","id":1485,"geomIds":[1523,1492]}]])
[0m[0;32m[2026-09-16 14:08:56.577][VERB] RETURN: {"result":"$1529"}
[0m[0;32m[2026-09-16 14:08:56.577][VERB] COMMANDCALL: _C.SafeAPI.Execute(["v1.sketch.dimension",[{"type":"VERTICAL_DISTANCE","value":"@expr.d127_position_y","name":"position_y","id":1485,"geomIds":[1523,1492]}]])
[0m[0;32m[2026-09-16 14:08:56.583][VERB] RETURN: {"result":"$1533"}
[0m[0;32m[2026-09-16 14:08:56.583][VERB] COMMANDCALL: _C.SafeAPI.Execute(["v1.sketch.dimension",[{"type":"OFFSET","value":"@expr.d128_width","name":"width","id":1485,"geomIds":[1491]}]])
[0m[0;32m[2026-09-16 14:08:56.590][VERB] RETURN: {"result":"$1537"}
[0m[0;32m[2026-09-16 14:08:56.590][VERB] COMMANDCALL: _C.SafeAPI.Execute(["v1.sketch.dimension",[{"type":"OFFSET","value":"@expr.d129_depth","name":"depth","id":1485,"geomIds":[1495]}]])
[0m[0;32m[2026-09-16 14:08:56.598][VERB] RETURN: {"result":"$1541"}
[0m[0;32m[2026-09-16 14:08:56.598][VERB] COMMANDCALL: _C.SafeAPI.Execute(["v1.part.extrusion",[{"references":[1491,1495,1501,1507],"name":"F124_makeBox_cad_primitives_py_8","taperAngle":0,"limit2":"@expr.d130_height","id":4}]])
[0m[0;32m[2026-09-16 14:08:56.603][VERB] RETURN: {"result":"$1545"}
[0m[0;32m[2026-09-16 14:08:56.603][VERB] COMMANDCALL: _C.SafeAPI.Execute(["v1.part.workPlane",[{"type":"PLANE","references":[38],"name":"F132_makeBox_cad_primitives_py_8_plane","offset":"@expr.d133_plane_offset","id":4}]])
[0m[0;32m[2026-09-16 14:08:56.607][VERB] RETURN: {"result":"$1588"}
[0m[0;32m[2026-09-16 14:08:56.607][VERB] COMMANDCALL: _C.SafeAPI.Execute(["v1.sketch.create",[{"planeId":1588,"name":"F132_makeBox_cad_primitives_py_8_profile","id":4}]])
[0m[0;32m[2026-09-16 14:08:56.609][VERB] RETURN: {"result":"$1594"}
[0m[0;32m[2026-09-16 14:08:56.609][VERB] COMMANDCALL: _C.SafeAPI.Execute(["v1.sketch.rectangle",[{"startPos":[85.35,-4,0],"id":1594,"genFixation":0,"endPos":[88.05,-1.3,0]}]])
[0m[0;32m[2026-09-16 14:08:56.615][VERB] RETURN: {"result":["$1600","$1604","$1610","$1616"]}
[0m[0;32m[2026-09-16 14:08:56.616][VERB] COMMANDCALL: _C.SafeAPI.Execute(["v1.sketch.getPoints",[{"id":1600}]])
[0m[0;32m[2026-09-16 14:08:56.616][VERB] RETURN: {"result":{"endId":"$1602","startId":"$1601"}}
[0m[0;32m[2026-09-16 14:08:56.616][VERB] COMMANDCALL: _C.SafeAPI.Execute(["v1.sketch.point",[{"pos":[-1000,-1000,0],"id":1594}]])
[0m[0;32m[2026-09-16 14:08:56.618][VERB] RETURN: {"result":"$1632"}
[0m[0;32m[2026-09-16 14:08:56.618][VERB] COMMANDCALL: _C.SafeAPI.Execute(["v1.sketch.constraint",[{"type":"FIXATION","id":1594,"geomIds":[1632]}]])
[0m[0;32m[2026-09-16 14:08:56.619][VERB] RETURN: {"result":"$1634"}
[0m[0;32m[2026-09-16 14:08:56.620][VERB] COMMANDCALL: _C.SafeAPI.Execute(["v1.sketch.dimension",[{"type":"HORIZONTAL_DISTANCE","value":"@expr.d134_position_x","name":"position_x","id":1594,"geomIds":[1632,1601]}]])
[0m[0;32m[2026-09-16 14:08:56.625][VERB] RETURN: {"result":"$1638"}
[0m[0;32m[2026-09-16 14:08:56.625][VERB] COMMANDCALL: _C.SafeAPI.Execute(["v1.sketch.dimension",[{"type":"VERTICAL_DISTANCE","value":"@expr.d135_position_y","name":"position_y","id":1594,"geomIds":[1632,1601]}]])
[0m[0;32m[2026-09-16 14:08:56.631][VERB] RETURN: {"result":"$1642"}
[0m[0;32m[2026-09-16 14:08:56.631][VERB] COMMANDCALL: _C.SafeAPI.Execute(["v1.sketch.dimension",[{"type":"OFFSET","value":"@expr.d136_width","name":"width","id":1594,"geomIds":[1600]}]])
[0m[0;32m[2026-09-16 14:08:56.638][VERB] RETURN: {"result":"$1646"}
[0m[0;32m[2026-09-16 14:08:56.639][VERB] COMMANDCALL: _C.SafeAPI.Execute(["v1.sketch.dimension",[{"type":"OFFSET","value":"@expr.d137_depth","name":"depth","id":1594,"geomIds":[1604]}]])
[0m[0;32m[2026-09-16 14:08:56.646][VERB] RETURN: {"result":"$1650"}
[0m[0;32m[2026-09-16 14:08:56.647][VERB] COMMANDCALL: _C.SafeAPI.Execute(["v1.part.extrusion",[{"references":[1600,1604,1610,1616],"name":"F132_makeBox_cad_primitives_py_8","taperAngle":0,"limit2":"@expr.d138_height","id":4}]])
[0m[0;32m[2026-09-16 14:08:56.652][VERB] RETURN: {"result":"$1654"}
[0m[0;32m[2026-09-16 14:08:56.652][VERB] COMMANDCALL: _C.SafeAPI.Execute(["v1.part.workPlane",[{"type":"PLANE","references":[38],"name":"F139_makeCylinder_cad_primitives_py_12_plane","offset":"@expr.d140_plane_offset","id":4}]])
[0m[0;32m[2026-09-16 14:08:56.656][VERB] RETURN: {"result":"$1697"}
[0m[0;32m[2026-09-16 14:08:56.656][VERB] COMMANDCALL: _C.SafeAPI.Execute(["v1.sketch.create",[{"planeId":1697,"name":"F139_makeCylinder_cad_primitives_py_12_profile","id":4}]])
[0m[0;32m[2026-09-16 14:08:56.658][VERB] RETURN: {"result":"$1703"}
[0m[0;32m[2026-09-16 14:08:56.658][VERB] COMMANDCALL: _C.SafeAPI.Execute(["v1.sketch.circle",[{"radius":2.7,"id":1703,"genFixation":0,"centerPos":[85.35,-4,0]}]])
[0m[0;32m[2026-09-16 14:08:56.659][VERB] RETURN: {"result":"$1709"}
[0m[0;32m[2026-09-16 14:08:56.659][VERB] COMMANDCALL: _C.SafeAPI.Execute(["v1.sketch.getPoints",[{"id":1709}]])
[0m[0;32m[2026-09-16 14:08:56.660][VERB] RETURN: {"result":{"centerId":"$1710"}}
[0m[0;32m[2026-09-16 14:08:56.660][VERB] COMMANDCALL: _C.SafeAPI.Execute(["v1.sketch.point",[{"pos":[-1000,-1000,0],"id":1703}]])
[0m[0;32m[2026-09-16 14:08:56.661][VERB] RETURN: {"result":"$1712"}
[0m[0;32m[2026-09-16 14:08:56.661][VERB] COMMANDCALL: _C.SafeAPI.Execute(["v1.sketch.constraint",[{"type":"FIXATION","id":1703,"geomIds":[1712]}]])
[0m[0;32m[2026-09-16 14:08:56.662][VERB] RETURN: {"result":"$1714"}
[0m[0;32m[2026-09-16 14:08:56.662][VERB] COMMANDCALL: _C.SafeAPI.Execute(["v1.sketch.dimension",[{"type":"HORIZONTAL_DISTANCE","value":"@expr.d141_position_x","name":"position_x","id":1703,"geomIds":[1712,1710]}]])
[0m[0;32m[2026-09-16 14:08:56.667][VERB] RETURN: {"result":"$1718"}
[0m[0;32m[2026-09-16 14:08:56.667][VERB] COMMANDCALL: _C.SafeAPI.Execute(["v1.sketch.dimension",[{"type":"VERTICAL_DISTANCE","value":"@expr.d142_position_y","name":"position_y","id":1703,"geomIds":[1712,1710]}]])
[0m[0;32m[2026-09-16 14:08:56.672][VERB] RETURN: {"result":"$1722"}
[0m[0;32m[2026-09-16 14:08:56.672][VERB] COMMANDCALL: _C.SafeAPI.Execute(["v1.sketch.dimension",[{"type":"RADIUS","value":"@expr.d143_radius","name":"radius","id":1703,"geomIds":[1709]}]])
[0m[0;32m[2026-09-16 14:08:56.677][VERB] RETURN: {"result":"$1726"}
[0m[0;32m[2026-09-16 14:08:56.678][VERB] COMMANDCALL: _C.SafeAPI.Execute(["v1.part.extrusion",[{"references":[1709],"name":"F139_makeCylinder_cad_primitives_py_12","taperAngle":0,"limit2":"@expr.d144_height","id":4}]])
[0m[0;32m[2026-09-16 14:08:56.683][VERB] RETURN: {"result":"$1730"}
[0m[0;32m[2026-09-16 14:08:56.684][VERB] COMMANDCALL: _C.SafeAPI.Execute(["v1.part.boolean",[{"type":"SUBTRACTION","tools":[1730],"target":1654,"name":"F131_cut_housing_shell_py_25","id":4}]])
[0m[0;32m[2026-09-16 14:08:56.691][VERB] RETURN: {"result":"$1752"}
[0m[0;32m[2026-09-16 14:08:56.691][VERB] COMMANDCALL: _C.SafeAPI.Execute(["v1.part.workPlane",[{"type":"PLANE","references":[38],"name":"F145_makeBox_cad_primitives_py_8_plane","offset":"@expr.d146_plane_offset","id":4}]])
[0m[0;32m[2026-09-16 14:08:56.694][VERB] RETURN: {"result":"$1770"}
[0m[0;32m[2026-09-16 14:08:56.695][VERB] COMMANDCALL: _C.SafeAPI.Execute(["v1.sketch.create",[{"planeId":1770,"name":"F145_makeBox_cad_primitives_py_8_profile","id":4}]])
[0m[0;32m[2026-09-16 14:08:56.697][VERB] RETURN: {"result":"$1776"}
[0m[0;32m[2026-09-16 14:08:56.697][VERB] COMMANDCALL: _C.SafeAPI.Execute(["v1.sketch.rectangle",[{"startPos":[88.05,30,0],"id":1776,"genFixation":0,"endPos":[92.5,41.3,0]}]])
[0m[0;32m[2026-09-16 14:08:56.704][VERB] RETURN: {"result":["$1782","$1786","$1792","$1798"]}
[0m[0;32m[2026-09-16 14:08:56.704][VERB] COMMANDCALL: _C.SafeAPI.Execute(["v1.sketch.getPoints",[{"id":1782}]])
[0m[0;32m[2026-09-16 14:08:56.704][VERB] RETURN: {"result":{"endId":"$1784","startId":"$1783"}}
[0m[0;32m[2026-09-16 14:08:56.704][VERB] COMMANDCALL: _C.SafeAPI.Execute(["v1.sketch.point",[{"pos":[-1000,-1000,0],"id":1776}]])
[0m[0;32m[2026-09-16 14:08:56.706][VERB] RETURN: {"result":"$1814"}
[0m[0;32m[2026-09-16 14:08:56.706][VERB] COMMANDCALL: _C.SafeAPI.Execute(["v1.sketch.constraint",[{"type":"FIXATION","id":1776,"geomIds":[1814]}]])
[0m[0;32m[2026-09-16 14:08:56.708][VERB] RETURN: {"result":"$1816"}
[0m[0;32m[2026-09-16 14:08:56.708][VERB] COMMANDCALL: _C.SafeAPI.Execute(["v1.sketch.dimension",[{"type":"HORIZONTAL_DISTANCE","value":"@expr.d147_position_x","name":"position_x","id":1776,"geomIds":[1814,1783]}]])
[0m[0;32m[2026-09-16 14:08:56.713][VERB] RETURN: {"result":"$1820"}
[0m[0;32m[2026-09-16 14:08:56.713][VERB] COMMANDCALL: _C.SafeAPI.Execute(["v1.sketch.dimension",[{"type":"VERTICAL_DISTANCE","value":"@expr.d148_position_y","name":"position_y","id":1776,"geomIds":[1814,1783]}]])
[0m[0;32m[2026-09-16 14:08:56.720][VERB] RETURN: {"result":"$1824"}
[0m[0;32m[2026-09-16 14:08:56.720][VERB] COMMANDCALL: _C.SafeAPI.Execute(["v1.sketch.dimension",[{"type":"OFFSET","value":"@expr.d149_width","name":"width","id":1776,"geomIds":[1782]}]])
[0m[0;32m[2026-09-16 14:08:56.727][VERB] RETURN: {"result":"$1828"}
[0m[0;32m[2026-09-16 14:08:56.727][VERB] COMMANDCALL: _C.SafeAPI.Execute(["v1.sketch.dimension",[{"type":"OFFSET","value":"@expr.d150_depth","name":"depth","id":1776,"geomIds":[1786]}]])
[0m[0;32m[2026-09-16 14:08:56.735][VERB] RETURN: {"result":"$1832"}
[0m[0;32m[2026-09-16 14:08:56.735][VERB] COMMANDCALL: _C.SafeAPI.Execute(["v1.part.extrusion",[{"references":[1782,1786,1792,1798],"name":"F145_makeBox_cad_primitives_py_8","taperAngle":0,"limit2":"@expr.d151_height","id":4}]])
[0m[0;32m[2026-09-16 14:08:56.740][VERB] RETURN: {"result":"$1836"}
[0m[0;32m[2026-09-16 14:08:56.740][VERB] COMMANDCALL: _C.SafeAPI.Execute(["v1.part.workPlane",[{"type":"PLANE","references":[38],"name":"F152_makeBox_cad_primitives_py_8_plane","offset":"@expr.d153_plane_offset","id":4}]])
[0m[0;32m[2026-09-16 14:08:56.744][VERB] RETURN: {"result":"$1879"}
[0m[0;32m[2026-09-16 14:08:56.744][VERB] COMMANDCALL: _C.SafeAPI.Execute(["v1.sketch.create",[{"planeId":1879,"name":"F152_makeBox_cad_primitives_py_8_profile","id":4}]])
[0m[0;32m[2026-09-16 14:08:56.746][VERB] RETURN: {"result":"$1885"}
[0m[0;32m[2026-09-16 14:08:56.746][VERB] COMMANDCALL: _C.SafeAPI.Execute(["v1.sketch.rectangle",[{"startPos":[88.05,30,0],"id":1885,"genFixation":0,"endPos":[92.5,38,0]}]])
[0m[0;32m[2026-09-16 14:08:56.753][VERB] RETURN: {"result":["$1891","$1895","$1901","$1907"]}
[0m[0;32m[2026-09-16 14:08:56.753][VERB] COMMANDCALL: _C.SafeAPI.Execute(["v1.sketch.getPoints",[{"id":1891}]])
[0m[0;32m[2026-09-16 14:08:56.753][VERB] RETURN: {"result":{"endId":"$1893","startId":"$1892"}}
[0m[0;32m[2026-09-16 14:08:56.754][VERB] COMMANDCALL: _C.SafeAPI.Execute(["v1.sketch.point",[{"pos":[-1000,-1000,0],"id":1885}]])
[0m[0;32m[2026-09-16 14:08:56.755][VERB] RETURN: {"result":"$1923"}
[0m[0;32m[2026-09-16 14:08:56.756][VERB] COMMANDCALL: _C.SafeAPI.Execute(["v1.sketch.constraint",[{"type":"FIXATION","id":1885,"geomIds":[1923]}]])
[0m[0;32m[2026-09-16 14:08:56.757][VERB] RETURN: {"result":"$1925"}
[0m[0;32m[2026-09-16 14:08:56.757][VERB] COMMANDCALL: _C.SafeAPI.Execute(["v1.sketch.dimension",[{"type":"HORIZONTAL_DISTANCE","value":"@expr.d154_position_x","name":"position_x","id":1885,"geomIds":[1923,1892]}]])
[0m[0;32m[2026-09-16 14:08:56.762][VERB] RETURN: {"result":"$1929"}
[0m[0;32m[2026-09-16 14:08:56.763][VERB] COMMANDCALL: _C.SafeAPI.Execute(["v1.sketch.dimension",[{"type":"VERTICAL_DISTANCE","value":"@expr.d155_position_y","name":"position_y","id":1885,"geomIds":[1923,1892]}]])
[0m[0;32m[2026-09-16 14:08:56.769][VERB] RETURN: {"result":"$1933"}
[0m[0;32m[2026-09-16 14:08:56.769][VERB] COMMANDCALL: _C.SafeAPI.Execute(["v1.sketch.dimension",[{"type":"OFFSET","value":"@expr.d156_width","name":"width","id":1885,"geomIds":[1891]}]])
[0m[0;32m[2026-09-16 14:08:56.776][VERB] RETURN: {"result":"$1937"}
[0m[0;32m[2026-09-16 14:08:56.776][VERB] COMMANDCALL: _C.SafeAPI.Execute(["v1.sketch.dimension",[{"type":"OFFSET","value":"@expr.d157_depth","name":"depth","id":1885,"geomIds":[1895]}]])
[0m[0;32m[2026-09-16 14:08:56.783][VERB] RETURN: {"result":"$1941"}
[0m[0;32m[2026-09-16 14:08:56.784][VERB] COMMANDCALL: _C.SafeAPI.Execute(["v1.part.extrusion",[{"references":[1891,1895,1901,1907],"name":"F152_makeBox_cad_primitives_py_8","taperAngle":0,"limit2":"@expr.d158_height","id":4}]])
[0m[0;32m[2026-09-16 14:08:56.789][VERB] RETURN: {"result":"$1945"}
[0m[0;32m[2026-09-16 14:08:56.789][VERB] COMMANDCALL: _C.SafeAPI.Execute(["v1.part.workPlane",[{"type":"PLANE","references":[38],"name":"F160_makeBox_cad_primitives_py_8_plane","offset":"@expr.d161_plane_offset","id":4}]])
[0m[0;32m[2026-09-16 14:08:56.793][VERB] RETURN: {"result":"$1988"}
[0m[0;32m[2026-09-16 14:08:56.793][VERB] COMMANDCALL: _C.SafeAPI.Execute(["v1.sketch.create",[{"planeId":1988,"name":"F160_makeBox_cad_primitives_py_8_profile","id":4}]])
[0m[0;32m[2026-09-16 14:08:56.795][VERB] RETURN: {"result":"$1994"}
[0m[0;32m[2026-09-16 14:08:56.795][VERB] COMMANDCALL: _C.SafeAPI.Execute(["v1.sketch.rectangle",[{"startPos":[59.1,40.8,0],"id":1994,"genFixation":0,"endPos":[63.1,44.8,0]}]])
[0m[0;32m[2026-09-16 14:08:56.802][VERB] RETURN: {"result":["$2000","$2004","$2010","$2016"]}
[0m[0;32m[2026-09-16 14:08:56.802][VERB] COMMANDCALL: _C.SafeAPI.Execute(["v1.sketch.getPoints",[{"id":2000}]])
[0m[0;32m[2026-09-16 14:08:56.802][VERB] RETURN: {"result":{"endId":"$2002","startId":"$2001"}}
[0m[0;32m[2026-09-16 14:08:56.802][VERB] COMMANDCALL: _C.SafeAPI.Execute(["v1.sketch.point",[{"pos":[-1000,-1000,0],"id":1994}]])
[0m[0;32m[2026-09-16 14:08:56.804][VERB] RETURN: {"result":"$2032"}
[0m[0;32m[2026-09-16 14:08:56.804][VERB] COMMANDCALL: _C.SafeAPI.Execute(["v1.sketch.constraint",[{"type":"FIXATION","id":1994,"geomIds":[2032]}]])
[0m[0;32m[2026-09-16 14:08:56.806][VERB] RETURN: {"result":"$2034"}
[0m[0;32m[2026-09-16 14:08:56.806][VERB] COMMANDCALL: _C.SafeAPI.Execute(["v1.sketch.dimension",[{"type":"HORIZONTAL_DISTANCE","value":"@expr.d162_position_x","name":"position_x","id":1994,"geomIds":[2032,2001]}]])
[0m[0;32m[2026-09-16 14:08:56.811][VERB] RETURN: {"result":"$2038"}
[0m[0;32m[2026-09-16 14:08:56.811][VERB] COMMANDCALL: _C.SafeAPI.Execute(["v1.sketch.dimension",[{"type":"VERTICAL_DISTANCE","value":"@expr.d163_position_y","name":"position_y","id":1994,"geomIds":[2032,2001]}]])
[0m[0;32m[2026-09-16 14:08:56.817][VERB] RETURN: {"result":"$2042"}
[0m[0;32m[2026-09-16 14:08:56.818][VERB] COMMANDCALL: _C.SafeAPI.Execute(["v1.sketch.dimension",[{"type":"OFFSET","value":"@expr.d164_width","name":"width","id":1994,"geomIds":[2000]}]])
[0m[0;32m[2026-09-16 14:08:56.824][VERB] RETURN: {"result":"$2046"}
[0m[0;32m[2026-09-16 14:08:56.825][VERB] COMMANDCALL: _C.SafeAPI.Execute(["v1.sketch.dimension",[{"type":"OFFSET","value":"@expr.d165_depth","name":"depth","id":1994,"geomIds":[2004]}]])
[0m[0;32m[2026-09-16 14:08:56.832][VERB] RETURN: {"result":"$2050"}
[0m[0;32m[2026-09-16 14:08:56.833][VERB] COMMANDCALL: _C.SafeAPI.Execute(["v1.part.extrusion",[{"references":[2000,2004,2010,2016],"name":"F160_makeBox_cad_primitives_py_8","taperAngle":0,"limit2":"@expr.d166_height","id":4}]])
[0m[0;32m[2026-09-16 14:08:56.837][VERB] RETURN: {"result":"$2054"}
[0m[0;32m[2026-09-16 14:08:56.838][VERB] COMMANDCALL: _C.SafeAPI.Execute(["v1.part.workPlane",[{"type":"PLANE","references":[38],"name":"F167_makeCylinder_cad_primitives_py_12_plane","offset":"@expr.d168_plane_offset","id":4}]])
[0m[0;32m[2026-09-16 14:08:56.841][VERB] RETURN: {"result":"$2097"}
[0m[0;32m[2026-09-16 14:08:56.842][VERB] COMMANDCALL: _C.SafeAPI.Execute(["v1.sketch.create",[{"planeId":2097,"name":"F167_makeCylinder_cad_primitives_py_12_profile","id":4}]])
[0m[0;32m[2026-09-16 14:08:56.844][VERB] RETURN: {"result":"$2103"}
[0m[0;32m[2026-09-16 14:08:56.844][VERB] COMMANDCALL: _C.SafeAPI.Execute(["v1.sketch.circle",[{"radius":4,"id":2103,"genFixation":0,"centerPos":[63.1,44.8,0]}]])
[0m[0;32m[2026-09-16 14:08:56.845][VERB] RETURN: {"result":"$2109"}
[0m[0;32m[2026-09-16 14:08:56.845][VERB] COMMANDCALL: _C.SafeAPI.Execute(["v1.sketch.getPoints",[{"id":2109}]])
[0m[0;32m[2026-09-16 14:08:56.845][VERB] RETURN: {"result":{"centerId":"$2110"}}
[0m[0;32m[2026-09-16 14:08:56.846][VERB] COMMANDCALL: _C.SafeAPI.Execute(["v1.sketch.point",[{"pos":[-1000,-1000,0],"id":2103}]])
[0m[0;32m[2026-09-16 14:08:56.846][VERB] RETURN: {"result":"$2112"}
[0m[0;32m[2026-09-16 14:08:56.847][VERB] COMMANDCALL: _C.SafeAPI.Execute(["v1.sketch.constraint",[{"type":"FIXATION","id":2103,"geomIds":[2112]}]])
[0m[0;32m[2026-09-16 14:08:56.848][VERB] RETURN: {"result":"$2114"}
[0m[0;32m[2026-09-16 14:08:56.848][VERB] COMMANDCALL: _C.SafeAPI.Execute(["v1.sketch.dimension",[{"type":"HORIZONTAL_DISTANCE","value":"@expr.d169_position_x","name":"position_x","id":2103,"geomIds":[2112,2110]}]])
[0m[0;32m[2026-09-16 14:08:56.852][VERB] RETURN: {"result":"$2118"}
[0m[0;32m[2026-09-16 14:08:56.852][VERB] COMMANDCALL: _C.SafeAPI.Execute(["v1.sketch.dimension",[{"type":"VERTICAL_DISTANCE","value":"@expr.d170_position_y","name":"position_y","id":2103,"geomIds":[2112,2110]}]])
[0m[0;32m[2026-09-16 14:08:56.857][VERB] RETURN: {"result":"$2122"}
[0m[0;32m[2026-09-16 14:08:56.857][VERB] COMMANDCALL: _C.SafeAPI.Execute(["v1.sketch.dimension",[{"type":"RADIUS","value":"@expr.d171_radius","name":"radius","id":2103,"geomIds":[2109]}]])
[0m[0;32m[2026-09-16 14:08:56.862][VERB] RETURN: {"result":"$2126"}
[0m[0;32m[2026-09-16 14:08:56.862][VERB] COMMANDCALL: _C.SafeAPI.Execute(["v1.part.extrusion",[{"references":[2109],"name":"F167_makeCylinder_cad_primitives_py_12","taperAngle":0,"limit2":"@expr.d172_height","id":4}]])
[0m[0;32m[2026-09-16 14:08:56.868][VERB] RETURN: {"result":"$2130"}
[0m[0;32m[2026-09-16 14:08:56.868][VERB] COMMANDCALL: _C.SafeAPI.Execute(["v1.part.boolean",[{"type":"SUBTRACTION","tools":[2130],"target":2054,"name":"F159_cut_housing_shell_py_39","id":4}]])
[0m[0;32m[2026-09-16 14:08:56.874][VERB] RETURN: {"result":"$2152"}
[0m[0;32m[2026-09-16 14:08:56.874][VERB] COMMANDCALL: _C.SafeAPI.Execute(["v1.part.workPlane",[{"type":"PLANE","references":[38],"name":"F174_makeBox_cad_primitives_py_8_plane","offset":"@expr.d175_plane_offset","id":4}]])
[0m[0;32m[2026-09-16 14:08:56.877][VERB] RETURN: {"result":"$2170"}
[0m[0;32m[2026-09-16 14:08:56.878][VERB] COMMANDCALL: _C.SafeAPI.Execute(["v1.sketch.create",[{"planeId":2170,"name":"F174_makeBox_cad_primitives_py_8_profile","id":4}]])
[0m[0;32m[2026-09-16 14:08:56.880][VERB] RETURN: {"result":"$2176"}
[0m[0;32m[2026-09-16 14:08:56.880][VERB] COMMANDCALL: _C.SafeAPI.Execute(["v1.sketch.rectangle",[{"startPos":[42.1,16.1,0],"id":2176,"genFixation":0,"endPos":[46.1,20.1,0]}]])
[0m[0;32m[2026-09-16 14:08:56.886][VERB] RETURN: {"result":["$2182","$2186","$2192","$2198"]}
[0m[0;32m[2026-09-16 14:08:56.887][VERB] COMMANDCALL: _C.SafeAPI.Execute(["v1.sketch.getPoints",[{"id":2182}]])
[0m[0;32m[2026-09-16 14:08:56.887][VERB] RETURN: {"result":{"endId":"$2184","startId":"$2183"}}
[0m[0;32m[2026-09-16 14:08:56.887][VERB] COMMANDCALL: _C.SafeAPI.Execute(["v1.sketch.point",[{"pos":[-1000,-1000,0],"id":2176}]])
[0m[0;32m[2026-09-16 14:08:56.889][VERB] RETURN: {"result":"$2214"}
[0m[0;32m[2026-09-16 14:08:56.889][VERB] COMMANDCALL: _C.SafeAPI.Execute(["v1.sketch.constraint",[{"type":"FIXATION","id":2176,"geomIds":[2214]}]])
[0m[0;32m[2026-09-16 14:08:56.890][VERB] RETURN: {"result":"$2216"}
[0m[0;32m[2026-09-16 14:08:56.890][VERB] COMMANDCALL: _C.SafeAPI.Execute(["v1.sketch.dimension",[{"type":"HORIZONTAL_DISTANCE","value":"@expr.d176_position_x","name":"position_x","id":2176,"geomIds":[2214,2183]}]])
[0m[0;32m[2026-09-16 14:08:56.896][VERB] RETURN: {"result":"$2220"}
[0m[0;32m[2026-09-16 14:08:56.896][VERB] COMMANDCALL: _C.SafeAPI.Execute(["v1.sketch.dimension",[{"type":"VERTICAL_DISTANCE","value":"@expr.d177_position_y","name":"position_y","id":2176,"geomIds":[2214,2183]}]])
[0m[0;32m[2026-09-16 14:08:56.902][VERB] RETURN: {"result":"$2224"}
[0m[0;32m[2026-09-16 14:08:56.902][VERB] COMMANDCALL: _C.SafeAPI.Execute(["v1.sketch.dimension",[{"type":"OFFSET","value":"@expr.d178_width","name":"width","id":2176,"geomIds":[2182]}]])
[0m[0;32m[2026-09-16 14:08:56.909][VERB] RETURN: {"result":"$2228"}
[0m[0;32m[2026-09-16 14:08:56.909][VERB] COMMANDCALL: _C.SafeAPI.Execute(["v1.sketch.dimension",[{"type":"OFFSET","value":"@expr.d179_depth","name":"depth","id":2176,"geomIds":[2186]}]])
[0m[0;32m[2026-09-16 14:08:56.917][VERB] RETURN: {"result":"$2232"}
[0m[0;32m[2026-09-16 14:08:56.917][VERB] COMMANDCALL: _C.SafeAPI.Execute(["v1.part.extrusion",[{"references":[2182,2186,2192,2198],"name":"F174_makeBox_cad_primitives_py_8","taperAngle":0,"limit2":"@expr.d180_height","id":4}]])
[0m[0;32m[2026-09-16 14:08:56.922][VERB] RETURN: {"result":"$2236"}
[0m[0;32m[2026-09-16 14:08:56.923][VERB] COMMANDCALL: _C.SafeAPI.Execute(["v1.part.workPlane",[{"type":"PLANE","references":[38],"name":"F181_makeCylinder_cad_primitives_py_12_plane","offset":"@expr.d182_plane_offset","id":4}]])
[0m[0;32m[2026-09-16 14:08:56.926][VERB] RETURN: {"result":"$2279"}
[0m[0;32m[2026-09-16 14:08:56.926][VERB] COMMANDCALL: _C.SafeAPI.Execute(["v1.sketch.create",[{"planeId":2279,"name":"F181_makeCylinder_cad_primitives_py_12_profile","id":4}]])
[0m[0;32m[2026-09-16 14:08:56.928][VERB] RETURN: {"result":"$2285"}
[0m[0;32m[2026-09-16 14:08:56.928][VERB] COMMANDCALL: _C.SafeAPI.Execute(["v1.sketch.circle",[{"radius":4,"id":2285,"genFixation":0,"centerPos":[42.1,16.1,0]}]])
[0m[0;32m[2026-09-16 14:08:56.929][VERB] RETURN: {"result":"$2291"}
[0m[0;32m[2026-09-16 14:08:56.930][VERB] COMMANDCALL: _C.SafeAPI.Execute(["v1.sketch.getPoints",[{"id":2291}]])
[0m[0;32m[2026-09-16 14:08:56.930][VERB] RETURN: {"result":{"centerId":"$2292"}}
[0m[0;32m[2026-09-16 14:08:56.930][VERB] COMMANDCALL: _C.SafeAPI.Execute(["v1.sketch.point",[{"pos":[-1000,-1000,0],"id":2285}]])
[0m[0;32m[2026-09-16 14:08:56.931][VERB] RETURN: {"result":"$2294"}
[0m[0;32m[2026-09-16 14:08:56.931][VERB] COMMANDCALL: _C.SafeAPI.Execute(["v1.sketch.constraint",[{"type":"FIXATION","id":2285,"geomIds":[2294]}]])
[0m[0;32m[2026-09-16 14:08:56.932][VERB] RETURN: {"result":"$2296"}
[0m[0;32m[2026-09-16 14:08:56.932][VERB] COMMANDCALL: _C.SafeAPI.Execute(["v1.sketch.dimension",[{"type":"HORIZONTAL_DISTANCE","value":"@expr.d183_position_x","name":"position_x","id":2285,"geomIds":[2294,2292]}]])
[0m[0;32m[2026-09-16 14:08:56.936][VERB] RETURN: {"result":"$2300"}
[0m[0;32m[2026-09-16 14:08:56.937][VERB] COMMANDCALL: _C.SafeAPI.Execute(["v1.sketch.dimension",[{"type":"VERTICAL_DISTANCE","value":"@expr.d184_position_y","name":"position_y","id":2285,"geomIds":[2294,2292]}]])
[0m[0;32m[2026-09-16 14:08:56.941][VERB] RETURN: {"result":"$2304"}
[0m[0;32m[2026-09-16 14:08:56.941][VERB] COMMANDCALL: _C.SafeAPI.Execute(["v1.sketch.dimension",[{"type":"RADIUS","value":"@expr.d185_radius","name":"radius","id":2285,"geomIds":[2291]}]])
[0m[0;32m[2026-09-16 14:08:56.946][VERB] RETURN: {"result":"$2308"}
[0m[0;32m[2026-09-16 14:08:56.947][VERB] COMMANDCALL: _C.SafeAPI.Execute(["v1.part.extrusion",[{"references":[2291],"name":"F181_makeCylinder_cad_primitives_py_12","taperAngle":0,"limit2":"@expr.d186_height","id":4}]])
[0m[0;32m[2026-09-16 14:08:56.952][VERB] RETURN: {"result":"$2312"}
[0m[0;32m[2026-09-16 14:08:56.953][VERB] COMMANDCALL: _C.SafeAPI.Execute(["v1.part.boolean",[{"type":"SUBTRACTION","tools":[2312],"target":2236,"name":"F173_cut_housing_shell_py_48","id":4}]])
[0m[0;32m[2026-09-16 14:08:56.958][VERB] RETURN: {"result":"$2334"}
[0m[0;32m[2026-09-16 14:08:56.958][VERB] COMMANDCALL: _C.SafeAPI.Execute(["v1.part.workPlane",[{"type":"PLANE","references":[38],"name":"F187_makeCylinder_cad_primitives_py_12_plane","offset":"@expr.d188_plane_offset","id":4}]])
[0m[0;32m[2026-09-16 14:08:56.962][VERB] RETURN: {"result":"$2352"}
[0m[0;32m[2026-09-16 14:08:56.962][VERB] COMMANDCALL: _C.SafeAPI.Execute(["v1.sketch.create",[{"planeId":2352,"name":"F187_makeCylinder_cad_primitives_py_12_profile","id":4}]])
[0m[0;32m[2026-09-16 14:08:56.964][VERB] RETURN: {"result":"$2358"}
[0m[0;32m[2026-09-16 14:08:56.964][VERB] COMMANDCALL: _C.SafeAPI.Execute(["v1.sketch.circle",[{"radius":4.5,"id":2358,"genFixation":0,"centerPos":[86.8,38.9,0]}]])
[0m[0;32m[2026-09-16 14:08:56.965][VERB] RETURN: {"result":"$2364"}
[0m[0;32m[2026-09-16 14:08:56.965][VERB] COMMANDCALL: _C.SafeAPI.Execute(["v1.sketch.getPoints",[{"id":2364}]])
[0m[0;32m[2026-09-16 14:08:56.966][VERB] RETURN: {"result":{"centerId":"$2365"}}
[0m[0;32m[2026-09-16 14:08:56.966][VERB] COMMANDCALL: _C.SafeAPI.Execute(["v1.sketch.point",[{"pos":[-1000,-1000,0],"id":2358}]])
[0m[0;32m[2026-09-16 14:08:56.967][VERB] RETURN: {"result":"$2367"}
[0m[0;32m[2026-09-16 14:08:56.967][VERB] COMMANDCALL: _C.SafeAPI.Execute(["v1.sketch.constraint",[{"type":"FIXATION","id":2358,"geomIds":[2367]}]])
[0m[0;32m[2026-09-16 14:08:56.968][VERB] RETURN: {"result":"$2369"}
[0m[0;32m[2026-09-16 14:08:56.968][VERB] COMMANDCALL: _C.SafeAPI.Execute(["v1.sketch.dimension",[{"type":"HORIZONTAL_DISTANCE","value":"@expr.d189_position_x","name":"position_x","id":2358,"geomIds":[2367,2365]}]])
[0m[0;32m[2026-09-16 14:08:56.972][VERB] RETURN: {"result":"$2373"}
[0m[0;32m[2026-09-16 14:08:56.973][VERB] COMMANDCALL: _C.SafeAPI.Execute(["v1.sketch.dimension",[{"type":"VERTICAL_DISTANCE","value":"@expr.d190_position_y","name":"position_y","id":2358,"geomIds":[2367,2365]}]])
[0m[0;32m[2026-09-16 14:08:56.977][VERB] RETURN: {"result":"$2377"}
[0m[0;32m[2026-09-16 14:08:56.977][VERB] COMMANDCALL: _C.SafeAPI.Execute(["v1.sketch.dimension",[{"type":"RADIUS","value":"@expr.d191_radius","name":"radius","id":2358,"geomIds":[2364]}]])
[0m[0;32m[2026-09-16 14:08:56.982][VERB] RETURN: {"result":"$2381"}
[0m[0;32m[2026-09-16 14:08:56.983][VERB] COMMANDCALL: _C.SafeAPI.Execute(["v1.part.extrusion",[{"references":[2364],"name":"F187_makeCylinder_cad_primitives_py_12","taperAngle":0,"limit2":"@expr.d192_height","id":4}]])
[0m[0;32m[2026-09-16 14:08:56.988][VERB] RETURN: {"result":"$2385"}
[0m[0;32m[2026-09-16 14:08:56.988][VERB] COMMANDCALL: _C.SafeAPI.Execute(["v1.part.workPlane",[{"type":"PLANE","references":[38],"name":"F193_makeBox_cad_primitives_py_8_plane","offset":"@expr.d194_plane_offset","id":4}]])
[0m[0;32m[2026-09-16 14:08:56.994][VERB] RETURN: {"result":"$2407"}
[0m[0;32m[2026-09-16 14:08:56.994][VERB] COMMANDCALL: _C.SafeAPI.Execute(["v1.sketch.create",[{"planeId":2407,"name":"F193_makeBox_cad_primitives_py_8_profile","id":4}]])
[0m[0;32m[2026-09-16 14:08:56.996][VERB] RETURN: {"result":"$2413"}
[0m[0;32m[2026-09-16 14:08:56.996][VERB] COMMANDCALL: _C.SafeAPI.Execute(["v1.sketch.rectangle",[{"startPos":[86.8,30,0],"id":2413,"genFixation":0,"endPos":[92.5,43,0]}]])
[0m[0;32m[2026-09-16 14:08:57.003][VERB] RETURN: {"result":["$2419","$2423","$2429","$2435"]}
[0m[0;32m[2026-09-16 14:08:57.004][VERB] COMMANDCALL: _C.SafeAPI.Execute(["v1.sketch.getPoints",[{"id":2419}]])
[0m[0;32m[2026-09-16 14:08:57.004][VERB] RETURN: {"result":{"endId":"$2421","startId":"$2420"}}
[0m[0;32m[2026-09-16 14:08:57.004][VERB] COMMANDCALL: _C.SafeAPI.Execute(["v1.sketch.point",[{"pos":[-1000,-1000,0],"id":2413}]])
[0m[0;32m[2026-09-16 14:08:57.006][VERB] RETURN: {"result":"$2451"}
[0m[0;32m[2026-09-16 14:08:57.006][VERB] COMMANDCALL: _C.SafeAPI.Execute(["v1.sketch.constraint",[{"type":"FIXATION","id":2413,"geomIds":[2451]}]])
[0m[0;32m[2026-09-16 14:08:57.008][VERB] RETURN: {"result":"$2453"}
[0m[0;32m[2026-09-16 14:08:57.008][VERB] COMMANDCALL: _C.SafeAPI.Execute(["v1.sketch.dimension",[{"type":"HORIZONTAL_DISTANCE","value":"@expr.d195_position_x","name":"position_x","id":2413,"geomIds":[2451,2420]}]])
[0m[0;32m[2026-09-16 14:08:57.013][VERB] RETURN: {"result":"$2457"}
[0m[0;32m[2026-09-16 14:08:57.013][VERB] COMMANDCALL: _C.SafeAPI.Execute(["v1.sketch.dimension",[{"type":"VERTICAL_DISTANCE","value":"@expr.d196_position_y","name":"position_y","id":2413,"geomIds":[2451,2420]}]])
[0m[0;32m[2026-09-16 14:08:57.020][VERB] RETURN: {"result":"$2461"}
[0m[0;32m[2026-09-16 14:08:57.020][VERB] COMMANDCALL: _C.SafeAPI.Execute(["v1.sketch.dimension",[{"type":"OFFSET","value":"@expr.d197_width","name":"width","id":2413,"geomIds":[2419]}]])
[0m[0;32m[2026-09-16 14:08:57.027][VERB] RETURN: {"result":"$2465"}
[0m[0;32m[2026-09-16 14:08:57.027][VERB] COMMANDCALL: _C.SafeAPI.Execute(["v1.sketch.dimension",[{"type":"OFFSET","value":"@expr.d198_depth","name":"depth","id":2413,"geomIds":[2423]}]])
[0m[0;32m[2026-09-16 14:08:57.035][VERB] RETURN: {"result":"$2469"}
[0m[0;32m[2026-09-16 14:08:57.036][VERB] COMMANDCALL: _C.SafeAPI.Execute(["v1.part.extrusion",[{"references":[2419,2423,2429,2435],"name":"F193_makeBox_cad_primitives_py_8","taperAngle":0,"limit2":"@expr.d199_height","id":4}]])
[0m[0;32m[2026-09-16 14:08:57.041][VERB] RETURN: {"result":"$2473"}
[0m[0;32m[2026-09-16 14:08:57.041][VERB] COMMANDCALL: _C.SafeAPI.Execute(["v1.part.boolean",[{"type":"UNION","tools":[231,307,362,417,472,560,669,745,800,855,910,998,1107,1183,1238,1293,1348,1436,1545,1752,1836,1945,2152,2334,2385,2473],"target":122,"name":"F2_union_cad_primitives_py_17","id":4}]])
[0m[0;32m[2026-09-16 14:08:57.083][VERB] RETURN: {"result":"$2516"}
[0m[0;32m[2026-09-16 14:08:57.084][VERB] COMMANDCALL: _C.SafeAPI.Execute(["v1.common.setDatabaseSettings",[{"isSketchGraphicEnabled":1,"isGraphicEnabled":1,"isCCGraphicEnabled":1,"doCurveTessellation":1}]])
[0m[0;32m[2026-09-16 14:08:57.085][VERB] RETURN: {"result":null}
[0m[2026-09-16 14:08:57.128][DEBUG] Build graphic in: 28ms
[0;32m[2026-09-16 14:08:57.144][VERB] COMMANDCALL: _C.SafeAPI.Execute(["v1.part.chamfer",[{"references":[2823,3034,2933,3097,2625,3098,2780,2794,2793,2705,2781,2670,2680,2814,2813,3084,3083,3077,3073,3121,3120,3155,3154,3022,3090,2994,3032,3150,3151,3152,3153],"name":"F1_chamfer_shell_skin_py_17","id":4,"distance1":"@expr.d200_cham ...
[0m[0;32m[2026-09-16 14:08:57.519][VERB] RETURN: {"result":"$3169"}
[0m[0;32m[2026-09-16 14:08:57.520][VERB] COMMANDCALL: _C.SafeAPI.Execute(["v1.sketch.create",[{"planeId":38,"name":"F201_chamfer_shell_skin_py_17_middle_profile","id":4}]])
[0m[0;32m[2026-09-16 14:08:57.521][VERB] RETURN: {"result":"$3553"}
[0m[0;32m[2026-09-16 14:08:57.522][VERB] COMMANDCALL: _C.SafeAPI.Execute(["v1.sketch.point",[{"pos":[-1000,-1000,0],"id":3553}]])
[0m[0;32m[2026-09-16 14:08:57.523][VERB] RETURN: {"result":"$3559"}
[0m[0;32m[2026-09-16 14:08:57.523][VERB] COMMANDCALL: _C.SafeAPI.Execute(["v1.sketch.constraint",[{"type":"FIXATION","id":3553,"geomIds":[3559]}]])
[0m[0;32m[2026-09-16 14:08:57.524][VERB] RETURN: {"result":"$3561"}
[0m[0;32m[2026-09-16 14:08:57.524][VERB] COMMANDCALL: _C.SafeAPI.Execute(["v1.sketch.line",[{"startPos":[2.1,1.6,0],"genIncidence":0,"genTangency":0,"genFixation":0,"genVertAndHoriz":0,"id":3553,"endPos":[53,1.6,0]}]])
[0m[0;32m[2026-09-16 14:08:57.525][VERB] RETURN: {"result":"$3563"}
[0m[0;32m[2026-09-16 14:08:57.526][VERB] COMMANDCALL: _C.SafeAPI.Execute(["v1.sketch.getPoints",[{"id":3563}]])
[0m[0;32m[2026-09-16 14:08:57.526][VERB] RETURN: {"result":{"endId":"$3565","startId":"$3564"}}
[0m[0;32m[2026-09-16 14:08:57.526][VERB] COMMANDCALL: _C.SafeAPI.Execute(["v1.sketch.dimension",[{"type":"HORIZONTAL_DISTANCE","value":"@expr.d202_x","name":"x","id":3553,"geomIds":[3559,3564]}]])
[0m[0;32m[2026-09-16 14:08:57.531][VERB] RETURN: {"result":"$3569"}
[0m[0;32m[2026-09-16 14:08:57.531][VERB] COMMANDCALL: _C.SafeAPI.Execute(["v1.sketch.dimension",[{"type":"VERTICAL_DISTANCE","value":"@expr.d203_y","name":"y","id":3553,"geomIds":[3559,3564]}]])
[0m[0;32m[2026-09-16 14:08:57.536][VERB] RETURN: {"result":"$3573"}
[0m[0;32m[2026-09-16 14:08:57.536][VERB] COMMANDCALL: _C.SafeAPI.Execute(["v1.sketch.dimension",[{"type":"HORIZONTAL_DISTANCE","value":"@expr.d204_x","name":"x","id":3553,"geomIds":[3559,3565]}]])
[0m[0;32m[2026-09-16 14:08:57.542][VERB] RETURN: {"result":"$3577"}
[0m[0;32m[2026-09-16 14:08:57.542][VERB] COMMANDCALL: _C.SafeAPI.Execute(["v1.sketch.dimension",[{"type":"VERTICAL_DISTANCE","value":"@expr.d205_y","name":"y","id":3553,"geomIds":[3559,3565]}]])
[0m[0;32m[2026-09-16 14:08:57.548][VERB] RETURN: {"result":"$3581"}
[0m[0;32m[2026-09-16 14:08:57.549][VERB] COMMANDCALL: _C.SafeAPI.Execute(["v1.sketch.line",[{"startPos":[53,1.6,0],"genIncidence":0,"genTangency":0,"genFixation":0,"genVertAndHoriz":0,"id":3553,"endPos":[53.5,2.1,0]}]])
[0m[0;32m[2026-09-16 14:08:57.552][VERB] RETURN: {"result":"$3583"}
[0m[0;32m[2026-09-16 14:08:57.552][VERB] COMMANDCALL: _C.SafeAPI.Execute(["v1.sketch.getPoints",[{"id":3583}]])
[0m[0;32m[2026-09-16 14:08:57.552][VERB] RETURN: {"result":{"endId":"$3585","startId":"$3584"}}
[0m[0;32m[2026-09-16 14:08:57.552][VERB] COMMANDCALL: _C.SafeAPI.Execute(["v1.sketch.dimension",[{"type":"HORIZONTAL_DISTANCE","value":"@expr.d206_x","name":"x","id":3553,"geomIds":[3559,3584]}]])
[0m[0;32m[2026-09-16 14:08:57.560][VERB] RETURN: {"result":"$3589"}
[0m[0;32m[2026-09-16 14:08:57.560][VERB] COMMANDCALL: _C.SafeAPI.Execute(["v1.sketch.dimension",[{"type":"VERTICAL_DISTANCE","value":"@expr.d207_y","name":"y","id":3553,"geomIds":[3559,3584]}]])
[0m[0;32m[2026-09-16 14:08:57.568][VERB] RETURN: {"result":"$3593"}
[0m[0;32m[2026-09-16 14:08:57.568][VERB] COMMANDCALL: _C.SafeAPI.Execute(["v1.sketch.dimension",[{"type":"HORIZONTAL_DISTANCE","value":"@expr.d208_x","name":"x","id":3553,"geomIds":[3559,3585]}]])
[0m[0;32m[2026-09-16 14:08:57.577][VERB] RETURN: {"result":"$3597"}
[0m[0;32m[2026-09-16 14:08:57.577][VERB] COMMANDCALL: _C.SafeAPI.Execute(["v1.sketch.dimension",[{"type":"VERTICAL_DISTANCE","value":"@expr.d209_y","name":"y","id":3553,"geomIds":[3559,3585]}]])
[0m[0;32m[2026-09-16 14:08:57.587][VERB] RETURN: {"result":"$3601"}
[0m[0;32m[2026-09-16 14:08:57.587][VERB] COMMANDCALL: _C.SafeAPI.Execute(["v1.sketch.line",[{"startPos":[53.5,2.1,0],"genIncidence":0,"genTangency":0,"genFixation":0,"genVertAndHoriz":0,"id":3553,"endPos":[53.5,25.1,0]}]])
[0m[0;32m[2026-09-16 14:08:57.591][VERB] RETURN: {"result":"$3603"}
[0m[0;32m[2026-09-16 14:08:57.592][VERB] COMMANDCALL: _C.SafeAPI.Execute(["v1.sketch.getPoints",[{"id":3603}]])
[0m[0;32m[2026-09-16 14:08:57.592][VERB] RETURN: {"result":{"endId":"$3605","startId":"$3604"}}
[0m[0;32m[2026-09-16 14:08:57.592][VERB] COMMANDCALL: _C.SafeAPI.Execute(["v1.sketch.dimension",[{"type":"HORIZONTAL_DISTANCE","value":"@expr.d210_x","name":"x","id":3553,"geomIds":[3559,3604]}]])
[0m[0;32m[2026-09-16 14:08:57.602][VERB] RETURN: {"result":"$3609"}
[0m[0;32m[2026-09-16 14:08:57.603][VERB] COMMANDCALL: _C.SafeAPI.Execute(["v1.sketch.dimension",[{"type":"VERTICAL_DISTANCE","value":"@expr.d211_y","name":"y","id":3553,"geomIds":[3559,3604]}]])
[0m[0;32m[2026-09-16 14:08:57.614][VERB] RETURN: {"result":"$3613"}
[0m[0;32m[2026-09-16 14:08:57.614][VERB] COMMANDCALL: _C.SafeAPI.Execute(["v1.sketch.dimension",[{"type":"HORIZONTAL_DISTANCE","value":"@expr.d212_x","name":"x","id":3553,"geomIds":[3559,3605]}]])
[0m[0;32m[2026-09-16 14:08:57.626][VERB] RETURN: {"result":"$3617"}
[0m[0;32m[2026-09-16 14:08:57.626][VERB] COMMANDCALL: _C.SafeAPI.Execute(["v1.sketch.dimension",[{"type":"VERTICAL_DISTANCE","value":"@expr.d213_y","name":"y","id":3553,"geomIds":[3559,3605]}]])
[0m[0;32m[2026-09-16 14:08:57.639][VERB] RETURN: {"result":"$3621"}
[0m[0;32m[2026-09-16 14:08:57.639][VERB] COMMANDCALL: _C.SafeAPI.Execute(["v1.sketch.line",[{"startPos":[53.5,25.1,0],"genIncidence":0,"genTangency":0,"genFixation":0,"genVertAndHoriz":0,"id":3553,"endPos":[53,25.6,0]}]])
[0m[0;32m[2026-09-16 14:08:57.645][VERB] RETURN: {"result":"$3623"}
[0m[0;32m[2026-09-16 14:08:57.645][VERB] COMMANDCALL: _C.SafeAPI.Execute(["v1.sketch.getPoints",[{"id":3623}]])
[0m[0;32m[2026-09-16 14:08:57.645][VERB] RETURN: {"result":{"endId":"$3625","startId":"$3624"}}
[0m[0;32m[2026-09-16 14:08:57.645][VERB] COMMANDCALL: _C.SafeAPI.Execute(["v1.sketch.dimension",[{"type":"HORIZONTAL_DISTANCE","value":"@expr.d214_x","name":"x","id":3553,"geomIds":[3559,3624]}]])
[0m[0;32m[2026-09-16 14:08:57.659][VERB] RETURN: {"result":"$3629"}
[0m[0;32m[2026-09-16 14:08:57.659][VERB] COMMANDCALL: _C.SafeAPI.Execute(["v1.sketch.dimension",[{"type":"VERTICAL_DISTANCE","value":"@expr.d215_y","name":"y","id":3553,"geomIds":[3559,3624]}]])
[0m[0;32m[2026-09-16 14:08:57.673][VERB] RETURN: {"result":"$3633"}
[0m[0;32m[2026-09-16 14:08:57.673][VERB] COMMANDCALL: _C.SafeAPI.Execute(["v1.sketch.dimension",[{"type":"HORIZONTAL_DISTANCE","value":"@expr.d216_x","name":"x","id":3553,"geomIds":[3559,3625]}]])
[0m[0;32m[2026-09-16 14:08:57.688][VERB] RETURN: {"result":"$3637"}
[0m[0;32m[2026-09-16 14:08:57.688][VERB] COMMANDCALL: _C.SafeAPI.Execute(["v1.sketch.dimension",[{"type":"VERTICAL_DISTANCE","value":"@expr.d217_y","name":"y","id":3553,"geomIds":[3559,3625]}]])
[0m[0;32m[2026-09-16 14:08:57.704][VERB] RETURN: {"result":"$3641"}
[0m[0;32m[2026-09-16 14:08:57.704][VERB] COMMANDCALL: _C.SafeAPI.Execute(["v1.sketch.line",[{"startPos":[53,25.6,0],"genIncidence":0,"genTangency":0,"genFixation":0,"genVertAndHoriz":0,"id":3553,"endPos":[2.1,25.6,0]}]])
[0m[0;32m[2026-09-16 14:08:57.712][VERB] RETURN: {"result":"$3643"}
[0m[0;32m[2026-09-16 14:08:57.712][VERB] COMMANDCALL: _C.SafeAPI.Execute(["v1.sketch.getPoints",[{"id":3643}]])
[0m[0;32m[2026-09-16 14:08:57.712][VERB] RETURN: {"result":{"endId":"$3645","startId":"$3644"}}
[0m[0;32m[2026-09-16 14:08:57.712][VERB] COMMANDCALL: _C.SafeAPI.Execute(["v1.sketch.dimension",[{"type":"HORIZONTAL_DISTANCE","value":"@expr.d218_x","name":"x","id":3553,"geomIds":[3559,3644]}]])
[0m[0;32m[2026-09-16 14:08:57.729][VERB] RETURN: {"result":"$3649"}
[0m[0;32m[2026-09-16 14:08:57.729][VERB] COMMANDCALL: _C.SafeAPI.Execute(["v1.sketch.dimension",[{"type":"VERTICAL_DISTANCE","value":"@expr.d219_y","name":"y","id":3553,"geomIds":[3559,3644]}]])
[0m[0;32m[2026-09-16 14:08:57.746][VERB] RETURN: {"result":"$3653"}
[0m[0;32m[2026-09-16 14:08:57.747][VERB] COMMANDCALL: _C.SafeAPI.Execute(["v1.sketch.dimension",[{"type":"HORIZONTAL_DISTANCE","value":"@expr.d220_x","name":"x","id":3553,"geomIds":[3559,3645]}]])
[0m[0;32m[2026-09-16 14:08:57.764][VERB] RETURN: {"result":"$3657"}
[0m[0;32m[2026-09-16 14:08:57.765][VERB] COMMANDCALL: _C.SafeAPI.Execute(["v1.sketch.dimension",[{"type":"VERTICAL_DISTANCE","value":"@expr.d221_y","name":"y","id":3553,"geomIds":[3559,3645]}]])
[0m[0;32m[2026-09-16 14:08:57.783][VERB] RETURN: {"result":"$3661"}
[0m[0;32m[2026-09-16 14:08:57.783][VERB] COMMANDCALL: _C.SafeAPI.Execute(["v1.sketch.line",[{"startPos":[2.1,25.6,0],"genIncidence":0,"genTangency":0,"genFixation":0,"genVertAndHoriz":0,"id":3553,"endPos":[1.6,25.1,0]}]])
[0m[0;32m[2026-09-16 14:08:57.793][VERB] RETURN: {"result":"$3663"}
[0m[0;32m[2026-09-16 14:08:57.793][VERB] COMMANDCALL: _C.SafeAPI.Execute(["v1.sketch.getPoints",[{"id":3663}]])
[0m[0;32m[2026-09-16 14:08:57.793][VERB] RETURN: {"result":{"endId":"$3665","startId":"$3664"}}
[0m[0;32m[2026-09-16 14:08:57.793][VERB] COMMANDCALL: _C.SafeAPI.Execute(["v1.sketch.dimension",[{"type":"HORIZONTAL_DISTANCE","value":"@expr.d222_x","name":"x","id":3553,"geomIds":[3559,3664]}]])
[0m[0;32m[2026-09-16 14:08:57.812][VERB] RETURN: {"result":"$3669"}
[0m[0;32m[2026-09-16 14:08:57.813][VERB] COMMANDCALL: _C.SafeAPI.Execute(["v1.sketch.dimension",[{"type":"VERTICAL_DISTANCE","value":"@expr.d223_y","name":"y","id":3553,"geomIds":[3559,3664]}]])
[0m[0;32m[2026-09-16 14:08:57.832][VERB] RETURN: {"result":"$3673"}
[0m[0;32m[2026-09-16 14:08:57.833][VERB] COMMANDCALL: _C.SafeAPI.Execute(["v1.sketch.dimension",[{"type":"HORIZONTAL_DISTANCE","value":"@expr.d224_x","name":"x","id":3553,"geomIds":[3559,3665]}]])
[0m[0;32m[2026-09-16 14:08:57.854][VERB] RETURN: {"result":"$3677"}
[0m[0;32m[2026-09-16 14:08:57.854][VERB] COMMANDCALL: _C.SafeAPI.Execute(["v1.sketch.dimension",[{"type":"VERTICAL_DISTANCE","value":"@expr.d225_y","name":"y","id":3553,"geomIds":[3559,3665]}]])
[0m[0;32m[2026-09-16 14:08:57.876][VERB] RETURN: {"result":"$3681"}
[0m[0;32m[2026-09-16 14:08:57.876][VERB] COMMANDCALL: _C.SafeAPI.Execute(["v1.sketch.line",[{"startPos":[1.6,25.1,0],"genIncidence":0,"genTangency":0,"genFixation":0,"genVertAndHoriz":0,"id":3553,"endPos":[1.6,2.1,0]}]])
[0m[0;32m[2026-09-16 14:08:57.887][VERB] RETURN: {"result":"$3683"}
[0m[0;32m[2026-09-16 14:08:57.888][VERB] COMMANDCALL: _C.SafeAPI.Execute(["v1.sketch.getPoints",[{"id":3683}]])
[0m[0;32m[2026-09-16 14:08:57.888][VERB] RETURN: {"result":{"endId":"$3685","startId":"$3684"}}
[0m[0;32m[2026-09-16 14:08:57.888][VERB] COMMANDCALL: _C.SafeAPI.Execute(["v1.sketch.dimension",[{"type":"HORIZONTAL_DISTANCE","value":"@expr.d226_x","name":"x","id":3553,"geomIds":[3559,3684]}]])
[0m[0;32m[2026-09-16 14:08:57.911][VERB] RETURN: {"result":"$3689"}
[0m[0;32m[2026-09-16 14:08:57.911][VERB] COMMANDCALL: _C.SafeAPI.Execute(["v1.sketch.dimension",[{"type":"VERTICAL_DISTANCE","value":"@expr.d227_y","name":"y","id":3553,"geomIds":[3559,3684]}]])
[0m[0;32m[2026-09-16 14:08:57.934][VERB] RETURN: {"result":"$3693"}
[0m[0;32m[2026-09-16 14:08:57.934][VERB] COMMANDCALL: _C.SafeAPI.Execute(["v1.sketch.dimension",[{"type":"HORIZONTAL_DISTANCE","value":"@expr.d228_x","name":"x","id":3553,"geomIds":[3559,3685]}]])
[0m[0;32m[2026-09-16 14:08:57.958][VERB] RETURN: {"result":"$3697"}
[0m[0;32m[2026-09-16 14:08:57.958][VERB] COMMANDCALL: _C.SafeAPI.Execute(["v1.sketch.dimension",[{"type":"VERTICAL_DISTANCE","value":"@expr.d229_y","name":"y","id":3553,"geomIds":[3559,3685]}]])
[0m[0;32m[2026-09-16 14:08:57.983][VERB] RETURN: {"result":"$3701"}
[0m[0;32m[2026-09-16 14:08:57.983][VERB] COMMANDCALL: _C.SafeAPI.Execute(["v1.sketch.line",[{"startPos":[1.6,2.1,0],"genIncidence":0,"genTangency":0,"genFixation":0,"genVertAndHoriz":0,"id":3553,"endPos":[2.1,1.6,0]}]])
[0m[0;32m[2026-09-16 14:08:57.996][VERB] RETURN: {"result":"$3703"}
[0m[0;32m[2026-09-16 14:08:57.996][VERB] COMMANDCALL: _C.SafeAPI.Execute(["v1.sketch.getPoints",[{"id":3703}]])
[0m[0;32m[2026-09-16 14:08:57.996][VERB] RETURN: {"result":{"endId":"$3705","startId":"$3704"}}
[0m[0;32m[2026-09-16 14:08:57.997][VERB] COMMANDCALL: _C.SafeAPI.Execute(["v1.sketch.dimension",[{"type":"HORIZONTAL_DISTANCE","value":"@expr.d230_x","name":"x","id":3553,"geomIds":[3559,3704]}]])
[0m[0;32m[2026-09-16 14:08:58.022][VERB] RETURN: {"result":"$3709"}
[0m[0;32m[2026-09-16 14:08:58.023][VERB] COMMANDCALL: _C.SafeAPI.Execute(["v1.sketch.dimension",[{"type":"VERTICAL_DISTANCE","value":"@expr.d231_y","name":"y","id":3553,"geomIds":[3559,3704]}]])
[0m[0;32m[2026-09-16 14:08:58.049][VERB] RETURN: {"result":"$3713"}
[0m[0;32m[2026-09-16 14:08:58.050][VERB] COMMANDCALL: _C.SafeAPI.Execute(["v1.sketch.dimension",[{"type":"HORIZONTAL_DISTANCE","value":"@expr.d232_x","name":"x","id":3553,"geomIds":[3559,3705]}]])
[0m[0;32m[2026-09-16 14:08:58.076][VERB] RETURN: {"result":"$3717"}
[0m[0;32m[2026-09-16 14:08:58.077][VERB] COMMANDCALL: _C.SafeAPI.Execute(["v1.sketch.dimension",[{"type":"VERTICAL_DISTANCE","value":"@expr.d233_y","name":"y","id":3553,"geomIds":[3559,3705]}]])
[0m[0;32m[2026-09-16 14:08:58.104][VERB] RETURN: {"result":"$3721"}
[0m[0;32m[2026-09-16 14:08:58.105][VERB] COMMANDCALL: _C.SafeAPI.Execute(["v1.part.extrusion",[{"references":[3563,3583,3603,3623,3643,3663,3683,3703],"name":"F201_chamfer_shell_skin_py_17_middle","taperAngle":0,"limit2":"@expr.d234_height","id":4}]])
[0m[0;32m[2026-09-16 14:08:58.111][VERB] RETURN: {"result":"$3725"}
[0m[0;32m[2026-09-16 14:08:58.111][VERB] COMMANDCALL: _C.SafeAPI.Execute(["v1.part.translation",[{"references":[34],"name":"F201_chamfer_shell_skin_py_17_middle_2","id":4,"targets":[3725],"distance":"@expr.d235_position"}]])
[0m[0;32m[2026-09-16 14:08:58.116][VERB] RETURN: {"result":"$3796"}
[0m[0;32m[2026-09-16 14:08:58.116][VERB] COMMANDCALL: _C.SafeAPI.Execute(["v1.part.extrusion",[{"references":[3563,3583,3603,3623,3643,3663,3683,3703],"name":"F201_chamfer_shell_skin_py_17_bottom","taperAngle":0.78539816339745,"limit2":"@expr.d236_bevel_height","id":4}]])
[0m[0;32m[2026-09-16 14:08:58.124][VERB] RETURN: {"result":"$3807"}
[0m[0;32m[2026-09-16 14:08:58.124][VERB] COMMANDCALL: _C.SafeAPI.Execute(["v1.part.translation",[{"references":[34],"name":"F201_chamfer_shell_skin_py_17_bottom_2","id":4,"targets":[3807],"distance":"@expr.d237_position"}]])
[0m[0;32m[2026-09-16 14:08:58.129][VERB] RETURN: {"result":"$3870"}
[0m[0;32m[2026-09-16 14:08:58.129][VERB] COMMANDCALL: _C.SafeAPI.Execute(["v1.part.extrusion",[{"references":[3563,3583,3603,3623,3643,3663,3683,3703],"name":"F201_chamfer_shell_skin_py_17_top","taperAngle":0.78539816339745,"limit2":"@expr.d238_bevel_height","id":4}]])
[0m[0;32m[2026-09-16 14:08:58.137][VERB] RETURN: {"result":"$3881"}
[0m[0;32m[2026-09-16 14:08:58.137][VERB] COMMANDCALL: _C.SafeAPI.Execute(["v1.part.translation",[{"references":[34],"name":"F201_chamfer_shell_skin_py_17_top_2","id":4,"targets":[3881],"distance":"@expr.d239_position"}]])
[0m[0;32m[2026-09-16 14:08:58.141][VERB] RETURN: {"result":"$3944"}
[0m[0;32m[2026-09-16 14:08:58.142][VERB] COMMANDCALL: _C.SafeAPI.Execute(["v1.part.boolean",[{"type":"UNION","tools":[3870,3944],"target":3796,"name":"F201_chamfer_shell_skin_py_17","id":4}]])
[0m[0;32m[2026-09-16 14:08:58.153][VERB] RETURN: {"result":"$3955"}
[0m[0;32m[2026-09-16 14:08:58.154][VERB] COMMANDCALL: _C.SafeAPI.Execute(["v1.part.boolean",[{"type":"SUBTRACTION","tools":[3955],"target":3169,"name":"F0_cut_housing_shell_py_58_tool_0","id":4}]])
[0m[0;32m[2026-09-16 14:08:58.173][VERB] RETURN: {"result":"$4034"}
[0m[0;32m[2026-09-16 14:08:58.174][VERB] COMMANDCALL: _C.SafeAPI.Execute(["v1.sketch.create",[{"planeId":38,"name":"F240_chamfer_shell_skin_py_17_middle_profile","id":4}]])
[0m[0;32m[2026-09-16 14:08:58.176][VERB] RETURN: {"result":"$4202"}
[0m[0;32m[2026-09-16 14:08:58.176][VERB] COMMANDCALL: _C.SafeAPI.Execute(["v1.sketch.point",[{"pos":[-1000,-1000,0],"id":4202}]])
[0m[0;32m[2026-09-16 14:08:58.177][VERB] RETURN: {"result":"$4208"}
[0m[0;32m[2026-09-16 14:08:58.177][VERB] COMMANDCALL: _C.SafeAPI.Execute(["v1.sketch.constraint",[{"type":"FIXATION","id":4202,"geomIds":[4208]}]])
[0m[0;32m[2026-09-16 14:08:58.178][VERB] RETURN: {"result":"$4210"}
[0m[0;32m[2026-09-16 14:08:58.178][VERB] COMMANDCALL: _C.SafeAPI.Execute(["v1.sketch.line",[{"startPos":[2.1,23,0],"genIncidence":0,"genTangency":0,"genFixation":0,"genVertAndHoriz":0,"id":4202,"endPos":[54.7,23,0]}]])
[0m[0;32m[2026-09-16 14:08:58.179][VERB] RETURN: {"result":"$4212"}
[0m[0;32m[2026-09-16 14:08:58.180][VERB] COMMANDCALL: _C.SafeAPI.Execute(["v1.sketch.getPoints",[{"id":4212}]])
[0m[0;32m[2026-09-16 14:08:58.180][VERB] RETURN: {"result":{"endId":"$4214","startId":"$4213"}}
[0m[0;32m[2026-09-16 14:08:58.180][VERB] COMMANDCALL: _C.SafeAPI.Execute(["v1.sketch.dimension",[{"type":"HORIZONTAL_DISTANCE","value":"@expr.d241_x","name":"x","id":4202,"geomIds":[4208,4213]}]])
[0m[0;32m[2026-09-16 14:08:58.185][VERB] RETURN: {"result":"$4218"}
[0m[0;32m[2026-09-16 14:08:58.185][VERB] COMMANDCALL: _C.SafeAPI.Execute(["v1.sketch.dimension",[{"type":"VERTICAL_DISTANCE","value":"@expr.d242_y","name":"y","id":4202,"geomIds":[4208,4213]}]])
[0m[0;32m[2026-09-16 14:08:58.190][VERB] RETURN: {"result":"$4222"}
[0m[0;32m[2026-09-16 14:08:58.190][VERB] COMMANDCALL: _C.SafeAPI.Execute(["v1.sketch.dimension",[{"type":"HORIZONTAL_DISTANCE","value":"@expr.d243_x","name":"x","id":4202,"geomIds":[4208,4214]}]])
[0m[0;32m[2026-09-16 14:08:58.196][VERB] RETURN: {"result":"$4226"}
[0m[0;32m[2026-09-16 14:08:58.196][VERB] COMMANDCALL: _C.SafeAPI.Execute(["v1.sketch.dimension",[{"type":"VERTICAL_DISTANCE","value":"@expr.d244_y","name":"y","id":4202,"geomIds":[4208,4214]}]])
[0m[0;32m[2026-09-16 14:08:58.203][VERB] RETURN: {"result":"$4230"}
[0m[0;32m[2026-09-16 14:08:58.203][VERB] COMMANDCALL: _C.SafeAPI.Execute(["v1.sketch.line",[{"startPos":[54.7,23,0],"genIncidence":0,"genTangency":0,"genFixation":0,"genVertAndHoriz":0,"id":4202,"endPos":[55.2,23.5,0]}]])
[0m[0;32m[2026-09-16 14:08:58.206][VERB] RETURN: {"result":"$4232"}
[0m[0;32m[2026-09-16 14:08:58.206][VERB] COMMANDCALL: _C.SafeAPI.Execute(["v1.sketch.getPoints",[{"id":4232}]])
[0m[0;32m[2026-09-16 14:08:58.206][VERB] RETURN: {"result":{"endId":"$4234","startId":"$4233"}}
[0m[0;32m[2026-09-16 14:08:58.206][VERB] COMMANDCALL: _C.SafeAPI.Execute(["v1.sketch.dimension",[{"type":"HORIZONTAL_DISTANCE","value":"@expr.d245_x","name":"x","id":4202,"geomIds":[4208,4233]}]])
[0m[0;32m[2026-09-16 14:08:58.213][VERB] RETURN: {"result":"$4238"}
[0m[0;32m[2026-09-16 14:08:58.214][VERB] COMMANDCALL: _C.SafeAPI.Execute(["v1.sketch.dimension",[{"type":"VERTICAL_DISTANCE","value":"@expr.d246_y","name":"y","id":4202,"geomIds":[4208,4233]}]])
[0m[0;32m[2026-09-16 14:08:58.222][VERB] RETURN: {"result":"$4242"}
[0m[0;32m[2026-09-16 14:08:58.222][VERB] COMMANDCALL: _C.SafeAPI.Execute(["v1.sketch.dimension",[{"type":"HORIZONTAL_DISTANCE","value":"@expr.d247_x","name":"x","id":4202,"geomIds":[4208,4234]}]])
[0m[0;32m[2026-09-16 14:08:58.231][VERB] RETURN: {"result":"$4246"}
[0m[0;32m[2026-09-16 14:08:58.231][VERB] COMMANDCALL: _C.SafeAPI.Execute(["v1.sketch.dimension",[{"type":"VERTICAL_DISTANCE","value":"@expr.d248_y","name":"y","id":4202,"geomIds":[4208,4234]}]])
[0m[0;32m[2026-09-16 14:08:58.240][VERB] RETURN: {"result":"$4250"}
[0m[0;32m[2026-09-16 14:08:58.241][VERB] COMMANDCALL: _C.SafeAPI.Execute(["v1.sketch.line",[{"startPos":[55.2,23.5,0],"genIncidence":0,"genTangency":0,"genFixation":0,"genVertAndHoriz":0,"id":4202,"endPos":[55.2,61.9,0]}]])
[0m[0;32m[2026-09-16 14:08:58.245][VERB] RETURN: {"result":"$4252"}
[0m[0;32m[2026-09-16 14:08:58.245][VERB] COMMANDCALL: _C.SafeAPI.Execute(["v1.sketch.getPoints",[{"id":4252}]])
[0m[0;32m[2026-09-16 14:08:58.245][VERB] RETURN: {"result":{"endId":"$4254","startId":"$4253"}}
[0m[0;32m[2026-09-16 14:08:58.246][VERB] COMMANDCALL: _C.SafeAPI.Execute(["v1.sketch.dimension",[{"type":"HORIZONTAL_DISTANCE","value":"@expr.d249_x","name":"x","id":4202,"geomIds":[4208,4253]}]])
[0m[0;32m[2026-09-16 14:08:58.256][VERB] RETURN: {"result":"$4258"}
[0m[0;32m[2026-09-16 14:08:58.256][VERB] COMMANDCALL: _C.SafeAPI.Execute(["v1.sketch.dimension",[{"type":"VERTICAL_DISTANCE","value":"@expr.d250_y","name":"y","id":4202,"geomIds":[4208,4253]}]])
[0m[0;32m[2026-09-16 14:08:58.268][VERB] RETURN: {"result":"$4262"}
[0m[0;32m[2026-09-16 14:08:58.268][VERB] COMMANDCALL: _C.SafeAPI.Execute(["v1.sketch.dimension",[{"type":"HORIZONTAL_DISTANCE","value":"@expr.d251_x","name":"x","id":4202,"geomIds":[4208,4254]}]])
[0m[0;32m[2026-09-16 14:08:58.280][VERB] RETURN: {"result":"$4266"}
[0m[0;32m[2026-09-16 14:08:58.280][VERB] COMMANDCALL: _C.SafeAPI.Execute(["v1.sketch.dimension",[{"type":"VERTICAL_DISTANCE","value":"@expr.d252_y","name":"y","id":4202,"geomIds":[4208,4254]}]])
[0m[0;32m[2026-09-16 14:08:58.293][VERB] RETURN: {"result":"$4270"}
[0m[0;32m[2026-09-16 14:08:58.293][VERB] COMMANDCALL: _C.SafeAPI.Execute(["v1.sketch.line",[{"startPos":[55.2,61.9,0],"genIncidence":0,"genTangency":0,"genFixation":0,"genVertAndHoriz":0,"id":4202,"endPos":[54.7,62.4,0]}]])
[0m[0;32m[2026-09-16 14:08:58.299][VERB] RETURN: {"result":"$4272"}
[0m[0;32m[2026-09-16 14:08:58.299][VERB] COMMANDCALL: _C.SafeAPI.Execute(["v1.sketch.getPoints",[{"id":4272}]])
[0m[0;32m[2026-09-16 14:08:58.299][VERB] RETURN: {"result":{"endId":"$4274","startId":"$4273"}}
[0m[0;32m[2026-09-16 14:08:58.299][VERB] COMMANDCALL: _C.SafeAPI.Execute(["v1.sketch.dimension",[{"type":"HORIZONTAL_DISTANCE","value":"@expr.d253_x","name":"x","id":4202,"geomIds":[4208,4273]}]])
[0m[0;32m[2026-09-16 14:08:58.313][VERB] RETURN: {"result":"$4278"}
[0m[0;32m[2026-09-16 14:08:58.313][VERB] COMMANDCALL: _C.SafeAPI.Execute(["v1.sketch.dimension",[{"type":"VERTICAL_DISTANCE","value":"@expr.d254_y","name":"y","id":4202,"geomIds":[4208,4273]}]])
[0m[0;32m[2026-09-16 14:08:58.327][VERB] RETURN: {"result":"$4282"}
[0m[0;32m[2026-09-16 14:08:58.327][VERB] COMMANDCALL: _C.SafeAPI.Execute(["v1.sketch.dimension",[{"type":"HORIZONTAL_DISTANCE","value":"@expr.d255_x","name":"x","id":4202,"geomIds":[4208,4274]}]])
[0m[0;32m[2026-09-16 14:08:58.342][VERB] RETURN: {"result":"$4286"}
[0m[0;32m[2026-09-16 14:08:58.342][VERB] COMMANDCALL: _C.SafeAPI.Execute(["v1.sketch.dimension",[{"type":"VERTICAL_DISTANCE","value":"@expr.d256_y","name":"y","id":4202,"geomIds":[4208,4274]}]])
[0m[0;32m[2026-09-16 14:08:58.358][VERB] RETURN: {"result":"$4290"}
[0m[0;32m[2026-09-16 14:08:58.358][VERB] COMMANDCALL: _C.SafeAPI.Execute(["v1.sketch.line",[{"startPos":[54.7,62.4,0],"genIncidence":0,"genTangency":0,"genFixation":0,"genVertAndHoriz":0,"id":4202,"endPos":[2.1,62.4,0]}]])
[0m[0;32m[2026-09-16 14:08:58.366][VERB] RETURN: {"result":"$4292"}
[0m[0;32m[2026-09-16 14:08:58.366][VERB] COMMANDCALL: _C.SafeAPI.Execute(["v1.sketch.getPoints",[{"id":4292}]])
[0m[0;32m[2026-09-16 14:08:58.366][VERB] RETURN: {"result":{"endId":"$4294","startId":"$4293"}}
[0m[0;32m[2026-09-16 14:08:58.366][VERB] COMMANDCALL: _C.SafeAPI.Execute(["v1.sketch.dimension",[{"type":"HORIZONTAL_DISTANCE","value":"@expr.d257_x","name":"x","id":4202,"geomIds":[4208,4293]}]])
[0m[0;32m[2026-09-16 14:08:58.383][VERB] RETURN: {"result":"$4298"}
[0m[0;32m[2026-09-16 14:08:58.383][VERB] COMMANDCALL: _C.SafeAPI.Execute(["v1.sketch.dimension",[{"type":"VERTICAL_DISTANCE","value":"@expr.d258_y","name":"y","id":4202,"geomIds":[4208,4293]}]])
[0m[0;32m[2026-09-16 14:08:58.400][VERB] RETURN: {"result":"$4302"}
[0m[0;32m[2026-09-16 14:08:58.401][VERB] COMMANDCALL: _C.SafeAPI.Execute(["v1.sketch.dimension",[{"type":"HORIZONTAL_DISTANCE","value":"@expr.d259_x","name":"x","id":4202,"geomIds":[4208,4294]}]])
[0m[0;32m[2026-09-16 14:08:58.418][VERB] RETURN: {"result":"$4306"}
[0m[0;32m[2026-09-16 14:08:58.419][VERB] COMMANDCALL: _C.SafeAPI.Execute(["v1.sketch.dimension",[{"type":"VERTICAL_DISTANCE","value":"@expr.d260_y","name":"y","id":4202,"geomIds":[4208,4294]}]])
[0m[0;32m[2026-09-16 14:08:58.437][VERB] RETURN: {"result":"$4310"}
[0m[0;32m[2026-09-16 14:08:58.437][VERB] COMMANDCALL: _C.SafeAPI.Execute(["v1.sketch.line",[{"startPos":[2.1,62.4,0],"genIncidence":0,"genTangency":0,"genFixation":0,"genVertAndHoriz":0,"id":4202,"endPos":[1.6,61.9,0]}]])
[0m[0;32m[2026-09-16 14:08:58.446][VERB] RETURN: {"result":"$4312"}
[0m[0;32m[2026-09-16 14:08:58.447][VERB] COMMANDCALL: _C.SafeAPI.Execute(["v1.sketch.getPoints",[{"id":4312}]])
[0m[0;32m[2026-09-16 14:08:58.447][VERB] RETURN: {"result":{"endId":"$4314","startId":"$4313"}}
[0m[0;32m[2026-09-16 14:08:58.447][VERB] COMMANDCALL: _C.SafeAPI.Execute(["v1.sketch.dimension",[{"type":"HORIZONTAL_DISTANCE","value":"@expr.d261_x","name":"x","id":4202,"geomIds":[4208,4313]}]])
[0m[0;32m[2026-09-16 14:08:58.466][VERB] RETURN: {"result":"$4318"}
[0m[0;32m[2026-09-16 14:08:58.466][VERB] COMMANDCALL: _C.SafeAPI.Execute(["v1.sketch.dimension",[{"type":"VERTICAL_DISTANCE","value":"@expr.d262_y","name":"y","id":4202,"geomIds":[4208,4313]}]])
[0m[0;32m[2026-09-16 14:08:58.487][VERB] RETURN: {"result":"$4322"}
[0m[0;32m[2026-09-16 14:08:58.487][VERB] COMMANDCALL: _C.SafeAPI.Execute(["v1.sketch.dimension",[{"type":"HORIZONTAL_DISTANCE","value":"@expr.d263_x","name":"x","id":4202,"geomIds":[4208,4314]}]])
[0m[0;32m[2026-09-16 14:08:58.508][VERB] RETURN: {"result":"$4326"}
[0m[0;32m[2026-09-16 14:08:58.508][VERB] COMMANDCALL: _C.SafeAPI.Execute(["v1.sketch.dimension",[{"type":"VERTICAL_DISTANCE","value":"@expr.d264_y","name":"y","id":4202,"geomIds":[4208,4314]}]])
[0m[0;32m[2026-09-16 14:08:58.531][VERB] RETURN: {"result":"$4330"}
[0m[0;32m[2026-09-16 14:08:58.531][VERB] COMMANDCALL: _C.SafeAPI.Execute(["v1.sketch.line",[{"startPos":[1.6,61.9,0],"genIncidence":0,"genTangency":0,"genFixation":0,"genVertAndHoriz":0,"id":4202,"endPos":[1.6,23.5,0]}]])
[0m[0;32m[2026-09-16 14:08:58.542][VERB] RETURN: {"result":"$4332"}
[0m[0;32m[2026-09-16 14:08:58.542][VERB] COMMANDCALL: _C.SafeAPI.Execute(["v1.sketch.getPoints",[{"id":4332}]])
[0m[0;32m[2026-09-16 14:08:58.542][VERB] RETURN: {"result":{"endId":"$4334","startId":"$4333"}}
[0m[0;32m[2026-09-16 14:08:58.543][VERB] COMMANDCALL: _C.SafeAPI.Execute(["v1.sketch.dimension",[{"type":"HORIZONTAL_DISTANCE","value":"@expr.d265_x","name":"x","id":4202,"geomIds":[4208,4333]}]])
[0m[0;32m[2026-09-16 14:08:58.565][VERB] RETURN: {"result":"$4338"}
[0m[0;32m[2026-09-16 14:08:58.566][VERB] COMMANDCALL: _C.SafeAPI.Execute(["v1.sketch.dimension",[{"type":"VERTICAL_DISTANCE","value":"@expr.d266_y","name":"y","id":4202,"geomIds":[4208,4333]}]])
[0m[0;32m[2026-09-16 14:08:58.589][VERB] RETURN: {"result":"$4342"}
[0m[0;32m[2026-09-16 14:08:58.589][VERB] COMMANDCALL: _C.SafeAPI.Execute(["v1.sketch.dimension",[{"type":"HORIZONTAL_DISTANCE","value":"@expr.d267_x","name":"x","id":4202,"geomIds":[4208,4334]}]])
[0m[0;32m[2026-09-16 14:08:58.614][VERB] RETURN: {"result":"$4346"}
[0m[0;32m[2026-09-16 14:08:58.614][VERB] COMMANDCALL: _C.SafeAPI.Execute(["v1.sketch.dimension",[{"type":"VERTICAL_DISTANCE","value":"@expr.d268_y","name":"y","id":4202,"geomIds":[4208,4334]}]])
[0m[0;32m[2026-09-16 14:08:58.639][VERB] RETURN: {"result":"$4350"}
[0m[0;32m[2026-09-16 14:08:58.639][VERB] COMMANDCALL: _C.SafeAPI.Execute(["v1.sketch.line",[{"startPos":[1.6,23.5,0],"genIncidence":0,"genTangency":0,"genFixation":0,"genVertAndHoriz":0,"id":4202,"endPos":[2.1,23,0]}]])
[0m[0;32m[2026-09-16 14:08:58.652][VERB] RETURN: {"result":"$4352"}
[0m[0;32m[2026-09-16 14:08:58.652][VERB] COMMANDCALL: _C.SafeAPI.Execute(["v1.sketch.getPoints",[{"id":4352}]])
[0m[0;32m[2026-09-16 14:08:58.652][VERB] RETURN: {"result":{"endId":"$4354","startId":"$4353"}}
[0m[0;32m[2026-09-16 14:08:58.652][VERB] COMMANDCALL: _C.SafeAPI.Execute(["v1.sketch.dimension",[{"type":"HORIZONTAL_DISTANCE","value":"@expr.d269_x","name":"x","id":4202,"geomIds":[4208,4353]}]])
[0m[0;32m[2026-09-16 14:08:58.677][VERB] RETURN: {"result":"$4358"}
[0m[0;32m[2026-09-16 14:08:58.678][VERB] COMMANDCALL: _C.SafeAPI.Execute(["v1.sketch.dimension",[{"type":"VERTICAL_DISTANCE","value":"@expr.d270_y","name":"y","id":4202,"geomIds":[4208,4353]}]])
[0m[0;32m[2026-09-16 14:08:58.704][VERB] RETURN: {"result":"$4362"}
[0m[0;32m[2026-09-16 14:08:58.704][VERB] COMMANDCALL: _C.SafeAPI.Execute(["v1.sketch.dimension",[{"type":"HORIZONTAL_DISTANCE","value":"@expr.d271_x","name":"x","id":4202,"geomIds":[4208,4354]}]])
[0m[0;32m[2026-09-16 14:08:58.730][VERB] RETURN: {"result":"$4366"}
[0m[0;32m[2026-09-16 14:08:58.731][VERB] COMMANDCALL: _C.SafeAPI.Execute(["v1.sketch.dimension",[{"type":"VERTICAL_DISTANCE","value":"@expr.d272_y","name":"y","id":4202,"geomIds":[4208,4354]}]])
[0m[0;32m[2026-09-16 14:08:58.758][VERB] RETURN: {"result":"$4370"}
[0m[0;32m[2026-09-16 14:08:58.759][VERB] COMMANDCALL: _C.SafeAPI.Execute(["v1.part.extrusion",[{"references":[4212,4232,4252,4272,4292,4312,4332,4352],"name":"F240_chamfer_shell_skin_py_17_middle","taperAngle":0,"limit2":"@expr.d273_height","id":4}]])
[0m[0;32m[2026-09-16 14:08:58.765][VERB] RETURN: {"result":"$4374"}
[0m[0;32m[2026-09-16 14:08:58.765][VERB] COMMANDCALL: _C.SafeAPI.Execute(["v1.part.translation",[{"references":[34],"name":"F240_chamfer_shell_skin_py_17_middle_2","id":4,"targets":[4374],"distance":"@expr.d274_position"}]])
[0m[0;32m[2026-09-16 14:08:58.770][VERB] RETURN: {"result":"$4445"}
[0m[0;32m[2026-09-16 14:08:58.770][VERB] COMMANDCALL: _C.SafeAPI.Execute(["v1.part.extrusion",[{"references":[4212,4232,4252,4272,4292,4312,4332,4352],"name":"F240_chamfer_shell_skin_py_17_bottom","taperAngle":0.78539816339745,"limit2":"@expr.d275_bevel_height","id":4}]])
[0m[0;32m[2026-09-16 14:08:58.778][VERB] RETURN: {"result":"$4456"}
[0m[0;32m[2026-09-16 14:08:58.778][VERB] COMMANDCALL: _C.SafeAPI.Execute(["v1.part.translation",[{"references":[34],"name":"F240_chamfer_shell_skin_py_17_bottom_2","id":4,"targets":[4456],"distance":"@expr.d276_position"}]])
[0m[0;32m[2026-09-16 14:08:58.782][VERB] RETURN: {"result":"$4519"}
[0m[0;32m[2026-09-16 14:08:58.783][VERB] COMMANDCALL: _C.SafeAPI.Execute(["v1.part.extrusion",[{"references":[4212,4232,4252,4272,4292,4312,4332,4352],"name":"F240_chamfer_shell_skin_py_17_top","taperAngle":0.78539816339745,"limit2":"@expr.d277_bevel_height","id":4}]])
[0m[0;32m[2026-09-16 14:08:58.791][VERB] RETURN: {"result":"$4530"}
[0m[0;32m[2026-09-16 14:08:58.791][VERB] COMMANDCALL: _C.SafeAPI.Execute(["v1.part.translation",[{"references":[34],"name":"F240_chamfer_shell_skin_py_17_top_2","id":4,"targets":[4530],"distance":"@expr.d278_position"}]])
[0m[0;32m[2026-09-16 14:08:58.795][VERB] RETURN: {"result":"$4593"}
[0m[0;32m[2026-09-16 14:08:58.796][VERB] COMMANDCALL: _C.SafeAPI.Execute(["v1.part.boolean",[{"type":"UNION","tools":[4519,4593],"target":4445,"name":"F240_chamfer_shell_skin_py_17","id":4}]])
[0m[0;32m[2026-09-16 14:08:58.807][VERB] RETURN: {"result":"$4604"}
[0m[0;32m[2026-09-16 14:08:58.807][VERB] COMMANDCALL: _C.SafeAPI.Execute(["v1.part.boolean",[{"type":"SUBTRACTION","tools":[4604],"target":4034,"name":"F0_cut_housing_shell_py_58_tool_1","id":4}]])
[0m[0;32m[2026-09-16 14:08:58.833][VERB] RETURN: {"result":"$4683"}
[0m[0;32m[2026-09-16 14:08:58.833][VERB] COMMANDCALL: _C.SafeAPI.Execute(["v1.common.setAppearance",[{"target":4683,"color":[51,58.65,68.85]}]])
[0m[0;32m[2026-09-16 14:08:58.834][VERB] RETURN: {"result":null}
[0m[0;32m[2026-09-16 14:08:58.835][VERB] COMMANDCALL: _C.SafeAPI.Execute(["v1.assembly.calculateMassProperties",[{"id":4}]])
[0m[0;32m[2026-09-16 14:08:58.874][VERB] RETURN: {"result":{"volume":105847.36174992,"cog":{"z":17.609205163473,"y":25.936435771021,"x":54.662822184925}}}
[0m[0;32m[2026-09-16 14:08:58.874][VERB] COMMANDCALL: _C.SafeAPI.Execute(["v1.common.save",[{"format":"OFB","file":"/Users/dev/dev/awv/classcad-ai/workspace/training/2026-09-16_12-50-53_pvs-cavity-boolean/files/23-smlib9-result.ofb"}]])
[0m[0;32m[2026-09-16 14:08:58.878][VERB] GetStateId with StateId=2d0df1ce-8233-4d93-ad7f-c122b4e75874
[0m[0;32m[2026-09-16 14:08:58.898][VERB] RETURN: {"maxLevel":31,"messages":[{"message":"GetStateId with StateId=2d0df1ce-8233-4d93-ad7f-c122b4e75874\n","code":0,"level":31,"api":"v1.common.save","levelStr":"INFO"}],"result":{"success":1}}
[0m[0;32m[2026-09-16 14:08:58.899][VERB] COMMANDCALL: _C.SafeAPI.Execute(["v1.common.setDatabaseSettings",[{"isSketchGraphicEnabled":1,"isGraphicEnabled":1,"isCCGraphicEnabled":1,"doCurveTessellation":1}]])
[0m[0;32m[2026-09-16 14:08:58.899][VERB] RETURN: {"result":null}
[0m[2026-09-16 14:08:58.971][DEBUG] Build graphic in: 50ms
[0;32m[2026-09-16 14:08:59.004][VERB] 0x7655825980 SetZeichnung
[0m[0;32m[2026-09-16 14:08:59.004][VERB] COMMANDCALL: _C.SafeAPI.Execute(["v1.common.clear",[{}]])
[0m[0;32m[2026-09-16 14:08:59.005][VERB] RETURN: {"result":null}
[0m[0;32m[2026-09-16 14:08:59.012][VERB] 0x7655825800 Delete Zeichnung
[0m[0;32m[2026-09-16 14:08:59.013][VERB] 0x0 SetZeichnung
[0m[0;32m[2026-09-16 14:08:59.013][VERB] 0x7655825980 Delete Zeichnung
[0m
