[0;32m[2026-09-16 14:14:13.686][INFO] STARTING CLASSCAD...
[0m[0;32m[2026-09-16 14:14:13.686][INFO] Current working directory  : /Users/dev/dev/awv/classcad
[0m[0;32m[2026-09-16 14:14:13.686][INFO] Config file: /Users/dev/dev/awv/classcad/.classcad.ini
[0m[0;32m[2026-09-16 14:14:13.686][INFO] Config file: /Users/dev/dev/awv/classcad/.classcad.ini
[0m[0;32m[2026-09-16 14:14:13.686][INFO] Config file: /Users/dev/dev/awv/classcad/.classcad.user.ini
[0m[0;32m[2026-09-16 14:14:13.686][INFO] Config file: /Users/dev/dev/awv/classcad-ai/workspace/training/2026-09-16_12-50-53_pvs-cavity-boolean/worker-smlib9.ini
[0m[0;32m[2026-09-16 14:14:13.686][INFO] Ensure CompressionService is loaded
[0m[0;32m[2026-09-16 14:14:13.686][INFO] Ensure JWTService is loaded
[0m[0;32m[2026-09-16 14:14:13.686][INFO] Run the command 'worker'
[0m[0;32m[2026-09-16 14:14:13.686][INFO] Current working directory  : /Users/dev/dev/awv/classcad
[0m[0;32m[2026-09-16 14:14:13.686][INFO] Executable | file name     : classcad-cli
[0m[0;32m[2026-09-16 14:14:13.686][INFO] Executable | file path     : /Users/dev/dev/awv/classcad/runtime/output/arm64-osx-clang/release/classcad-cli
[0m[0;32m[2026-09-16 14:14:13.686][INFO] Executable | directory     : /Users/dev/dev/awv/classcad/runtime/output/arm64-osx-clang/release
[0m[0;32m[2026-09-16 14:14:13.687][INFO] Config | verbose file name : /Users/dev/dev/awv/classcad-ai/workspace/training/2026-09-16_12-50-53_pvs-cavity-boolean/files/worker.log
[0m[0;32m[2026-09-16 14:14:13.687][INFO] Config | verbose level     : 16583
[0m[0;32m[2026-09-16 14:14:13.687][INFO] Config | log level         : debug
[0m[0;32m[2026-09-16 14:14:13.687][INFO] Config | data path         : ./data
[0m[0;32m[2026-09-16 14:14:13.687][INFO] Config | class path        : 
[0m[0;32m[2026-09-16 14:14:13.687][INFO] Config | classes system    : ./cclasses/Source;System;Common.*;BaseModeling.*;CAD;Sheet;
[0m[0;32m[2026-09-16 14:14:13.687][INFO] Config | classes user      : ./cclasses/Source/Tests;*;
[0m[0;32m[2026-09-16 14:14:13.687][INFO] Config | classes user      : ./standalone/t3d/Source;T3D.*;T3DSolidEditor.*;T3DSolidEditor;T3DTesting;GTC.*;ISO_Tool.*;ISOChecker.*;
[0m[0;32m[2026-09-16 14:14:13.687][INFO] Config | classes user      : ./cclasses/Source/FeatureModeler;*;
[0m[0;32m[2026-09-16 14:14:13.723][VERB] libSMLibService_9.x.dylib is loaded
[0m[0;32m[2026-09-16 14:14:13.724][VERB] libSMLibExpressService_9.x.dylib is loaded
[0m[0;32m[2026-09-16 14:14:13.725][VERB] libBrepSimplificationService_9.x.dylib is loaded
[0m[0;32m[2026-09-16 14:14:13.727][VERB] libECXMLService.dylib is loaded
[0m[0;32m[2026-09-16 14:14:13.727][VERB] libJWTService.dylib is loaded
[0m[0;32m[2026-09-16 14:14:13.727][VERB] libGenericService.dylib is loaded
[0m[0;32m[2026-09-16 14:14:13.728][VERB] libLGSService.dylib is loaded
[0m[0;32m[2026-09-16 14:14:13.730][VERB] libLGS3DService.dylib is loaded
[0m[0;32m[2026-09-16 14:14:13.732][VERB] libIDEConnectionService.dylib is loaded
[0m[2026-09-16 14:14:13] [info] asio listen error: system:48 (Address already in use)
[0;32m[2026-09-16 14:14:13.732][VERB] libRapidXmlService.dylib is loaded
[0m[0;32m[2026-09-16 14:14:13.732][VERB] libNetworkService.dylib is loaded
[0m[0;32m[2026-09-16 14:14:13.734][VERB] libTestService.dylib is loaded
[0m[0;31m[2026-09-16 14:14:13.734][ERROR] The Service-DLL DxfService could not be loaded.
ErrorCode: dlopen(DxfServiced.dylib, 0x0001): tried: 'DxfServiced.dylib' (no such file), '/System/Volumes/Preboot/Cryptexes/OSDxfServiced.dylib' (no such file), '/Users/dev/dev/awv/classcad/runtime/output/arm64-osx-clang/release/DxfServiced.dylib' (no such file), '/Users/dev/dev/awv/classcad/runtime/output/arm64-osx-clang/release/DxfServiced.dylib' (no such file), '/usr/lib/DxfServiced.dylib' (no such file, not in dyld cache), 'DxfServiced.dylib' (no such file)
The service functions of this DLL are therefore not available.
[0m[0;32m[2026-09-16 14:14:13.735][VERB] libCryptoRtService.dylib is loaded
[0m[0;31m[2026-09-16 14:14:13.735][ERROR] The Service-DLL CryptoDevService could not be loaded.
ErrorCode: dlopen(CryptoDevServiced.dylib, 0x0001): tried: 'CryptoDevServiced.dylib' (no such file), '/System/Volumes/Preboot/Cryptexes/OSCryptoDevServiced.dylib' (no such file), '/Users/dev/dev/awv/classcad/runtime/output/arm64-osx-clang/release/CryptoDevServiced.dylib' (no such file), '/Users/dev/dev/awv/classcad/runtime/output/arm64-osx-clang/release/CryptoDevServiced.dylib' (no such file), '/usr/lib/CryptoDevServiced.dylib' (no such file, not in dyld cache), 'CryptoDevServiced.dylib' (no such file)
The service functions of this DLL are therefore not available.
[0m[0;33m[2026-09-16 14:14:13.746][WARN] Path does not exist '/Users/dev/dev/awv/classcad/standalone/t3d/Source'. It is defined for class path 't3d'.
[0m[0;32m[2026-09-16 14:14:13.747][INFO] Load classes for 'system' from '/Users/dev/dev/awv/classcad/cclasses/Source'
[0m[0;32m[2026-09-16 14:14:13.872][INFO] Load classes for 'tests' from '/Users/dev/dev/awv/classcad/cclasses/Source/Tests'
[0m[0;32m[2026-09-16 14:14:13.954][INFO] Load classes for 't3d' from '/Users/dev/dev/awv/classcad/standalone/t3d/Source'
[0m[0;33m[2026-09-16 14:14:13.954][WARN] Tried to load from invalid class path 't3d'
[0m[0;32m[2026-09-16 14:14:13.954][INFO] Load classes for 'fm' from '/Users/dev/dev/awv/classcad/cclasses/Source/FeatureModeler'
[0m[0;32m[2026-09-16 14:14:13.969][VERB] 0x74fec33300 Create Zeichnung
[0m[0;32m[2026-09-16 14:14:13.969][VERB] 0x74fec33300 SetZeichnung
[0m[0;32m[2026-09-16 14:14:13.969][VERB] Grundklasse::InitApplication was successful.
[0m[0;32m[2026-09-16 14:14:13.970][VERB] [info] Initializing BaseModelerApp
[0m[0;32m[2026-09-16 14:14:13.970][VERB] Change application string/text encoding to UTF-8
[0m[0;32m[2026-09-16 14:14:13.970][VERB] [info] Developer mode is active
[0m[0;32m[2026-09-16 14:14:13.970][VERB] [info] Initializing BuerliDemoApp
[0m[0;32m[2026-09-16 14:14:13.970][VERB] API v0/common already registered!
[0m[0;32m[2026-09-16 14:14:13.970][VERB] API v0/basemodeler already registered!
[0m[0;32m[2026-09-16 14:14:13.971][VERB] Registered API's:
[0m[0;32m[2026-09-16 14:14:13.971][VERB]   v0
[0m[0;32m[2026-09-16 14:14:13.971][VERB]     assemblybuilder
[0m[0;32m[2026-09-16 14:14:13.971][VERB]     basemodeler
[0m[0;32m[2026-09-16 14:14:13.971][VERB]     common
[0m[0;32m[2026-09-16 14:14:13.971][VERB]     developer
[0m[0;32m[2026-09-16 14:14:13.971][VERB]     drawing2d
[0m[0;32m[2026-09-16 14:14:13.971][VERB]     feature
[0m[0;32m[2026-09-16 14:14:13.971][VERB]     geometry
[0m[0;32m[2026-09-16 14:14:13.971][VERB]     geometryformatconverter
[0m[0;32m[2026-09-16 14:14:13.971][VERB]     network
[0m[0;32m[2026-09-16 14:14:13.971][VERB]     sketcher
[0m[0;32m[2026-09-16 14:14:13.971][VERB]     solid
[0m[0;32m[2026-09-16 14:14:13.971][VERB]     tooling
[0m[0;32m[2026-09-16 14:14:13.971][VERB]   v1
[0m[0;32m[2026-09-16 14:14:13.971][VERB]     assembly
[0m[0;32m[2026-09-16 14:14:13.971][VERB]     brep
[0m[0;32m[2026-09-16 14:14:13.971][VERB]     common
[0m[0;32m[2026-09-16 14:14:13.971][VERB]     curve
[0m[0;32m[2026-09-16 14:14:13.971][VERB]     drawing2d
[0m[0;32m[2026-09-16 14:14:13.971][VERB]     part
[0m[0;32m[2026-09-16 14:14:13.971][VERB]     script
[0m[0;32m[2026-09-16 14:14:13.971][VERB]     sketch
[0m[0;32m[2026-09-16 14:14:13.971][VERB]     solid
[0m[0;32m[2026-09-16 14:14:13.971][VERB]     utils
[0m[0;32m[2026-09-16 14:14:13.972][VERB] 0x74fec33780 Create Zeichnung
[0m[0;32m[2026-09-16 14:14:13.972][VERB] 0x74fec33780 SetZeichnung
[0m[0;32m[2026-09-16 14:14:13.972][INFO] WorkerCommandCompletion: 824 completion candidates built
[0m[0;32m[2026-09-16 14:14:13.972][INFO] Server start listen on 0.0.0.0:19094 for http and ws connections
[0m[0;32m[2026-09-16 14:14:13.972][INFO] Server start listen on 0.0.0.0:19095 for https and wss connections
[0m[0;32m[2026-09-16 14:14:14.061][INFO] GET /
[0m[0;32m[2026-09-16 14:14:14.061][VERB] 0x74fec33480 Create Zeichnung
[0m[0;32m[2026-09-16 14:14:14.061][INFO] WS handleNewConnection: created main session="3e0a3f5c-c75f-44bc-99f4-6bc49d349d55"
[0m[0;32m[2026-09-16 14:14:14.062][INFO] GET /
[0m[0;32m[2026-09-16 14:14:14.062][VERB] 0x74fec32b80 Create Zeichnung
[0m[0;32m[2026-09-16 14:14:14.062][INFO] WS handleNewConnection: created main session="54750435-2d5c-429c-91a9-d543a7127119"
[0m[0;32m[2026-09-16 14:14:14.069][VERB] 0x74fec32b80 SetZeichnung
[0m[0;32m[2026-09-16 14:14:14.069][VERB] COMMANDCALL: _C.SafeAPI.Execute(["v1.part.create",[{"name":"Base"}]])
[0m[0;32m[2026-09-16 14:14:14.082][VERB] RETURN: {"result":"$4"}
[0m[0;32m[2026-09-16 14:14:14.110][VERB] COMMANDCALL: _C.SafeAPI.Execute(["v1.part.expression",[{"toCreate":[{"value":22,"name":"display_1"},{"value":11,"name":"eye_offset_y"},{"value":8,"name":"eye_offset_z"},{"value":11,"name":"diopter_width"},{"value":1.6,"name":"hub_2"},{"value":2.54,"name":"perf_pitch"},{"value":4.22,"name":"perf ...
[0m[0;32m[2026-09-16 14:14:14.274][VERB] RETURN: {"result":1}
[0m[0;32m[2026-09-16 14:14:14.274][VERB] COMMANDCALL: _C.SafeAPI.Execute(["v1.part.getWorkGeometry",[{"name":"XAxis","id":4}]])
[0m[0;32m[2026-09-16 14:14:14.275][VERB] RETURN: {"result":"$26"}
[0m[0;32m[2026-09-16 14:14:14.275][VERB] COMMANDCALL: _C.SafeAPI.Execute(["v1.part.getWorkGeometry",[{"name":"YAxis","id":4}]])
[0m[0;32m[2026-09-16 14:14:14.276][VERB] RETURN: {"result":"$30"}
[0m[0;32m[2026-09-16 14:14:14.276][VERB] COMMANDCALL: _C.SafeAPI.Execute(["v1.part.getWorkGeometry",[{"name":"ZAxis","id":4}]])
[0m[0;32m[2026-09-16 14:14:14.276][VERB] RETURN: {"result":"$34"}
[0m[0;32m[2026-09-16 14:14:14.276][VERB] COMMANDCALL: _C.SafeAPI.Execute(["v1.part.getWorkGeometry",[{"name":"Top","id":4}]])
[0m[0;32m[2026-09-16 14:14:14.276][VERB] RETURN: {"result":"$38"}
[0m[0;32m[2026-09-16 14:14:14.277][VERB] COMMANDCALL: _C.SafeAPI.Execute(["v1.part.getWorkGeometry",[{"name":"Front","id":4}]])
[0m[0;32m[2026-09-16 14:14:14.277][VERB] RETURN: {"result":"$42"}
[0m[0;32m[2026-09-16 14:14:14.277][VERB] COMMANDCALL: _C.SafeAPI.Execute(["v1.part.getWorkGeometry",[{"name":"Right","id":4}]])
[0m[0;32m[2026-09-16 14:14:14.277][VERB] RETURN: {"result":"$46"}
[0m[0;32m[2026-09-16 14:14:14.278][VERB] COMMANDCALL: _C.SafeAPI.Execute(["v1.part.workPlane",[{"type":"PLANE","references":[38],"name":"F66_makeBox_cad_primitives_py_8_plane","offset":"@expr.d67_plane_offset","id":4}]])
[0m[0;32m[2026-09-16 14:14:14.282][VERB] RETURN: {"result":"$56"}
[0m[0;32m[2026-09-16 14:14:14.283][VERB] COMMANDCALL: _C.SafeAPI.Execute(["v1.sketch.create",[{"planeId":56,"name":"F66_makeBox_cad_primitives_py_8_profile","id":4}]])
[0m[0;32m[2026-09-16 14:14:14.285][VERB] RETURN: {"result":"$62"}
[0m[0;32m[2026-09-16 14:14:14.286][VERB] COMMANDCALL: _C.SafeAPI.Execute(["v1.sketch.rectangle",[{"startPos":[1.4,-1.3,0],"id":62,"genFixation":0,"endPos":[52.4,27.3,0]}]])
[0m[0;32m[2026-09-16 14:14:14.294][VERB] RETURN: {"result":["$68","$72","$78","$84"]}
[0m[0;32m[2026-09-16 14:14:14.294][VERB] COMMANDCALL: _C.SafeAPI.Execute(["v1.sketch.getPoints",[{"id":68}]])
[0m[0;32m[2026-09-16 14:14:14.295][VERB] RETURN: {"result":{"endId":"$70","startId":"$69"}}
[0m[0;32m[2026-09-16 14:14:14.295][VERB] COMMANDCALL: _C.SafeAPI.Execute(["v1.sketch.point",[{"pos":[-1000,-1000,0],"id":62}]])
[0m[0;32m[2026-09-16 14:14:14.297][VERB] RETURN: {"result":"$100"}
[0m[0;32m[2026-09-16 14:14:14.297][VERB] COMMANDCALL: _C.SafeAPI.Execute(["v1.sketch.constraint",[{"type":"FIXATION","id":62,"geomIds":[100]}]])
[0m[0;32m[2026-09-16 14:14:14.299][VERB] RETURN: {"result":"$102"}
[0m[0;32m[2026-09-16 14:14:14.300][VERB] COMMANDCALL: _C.SafeAPI.Execute(["v1.sketch.dimension",[{"type":"HORIZONTAL_DISTANCE","value":"@expr.d68_position_x","name":"position_x","id":62,"geomIds":[100,69]}]])
[0m[0;32m[2026-09-16 14:14:14.308][VERB] RETURN: {"result":"$106"}
[0m[0;32m[2026-09-16 14:14:14.308][VERB] COMMANDCALL: _C.SafeAPI.Execute(["v1.sketch.dimension",[{"type":"VERTICAL_DISTANCE","value":"@expr.d69_position_y","name":"position_y","id":62,"geomIds":[100,69]}]])
[0m[0;32m[2026-09-16 14:14:14.314][VERB] RETURN: {"result":"$110"}
[0m[0;32m[2026-09-16 14:14:14.314][VERB] COMMANDCALL: _C.SafeAPI.Execute(["v1.sketch.dimension",[{"type":"OFFSET","value":"@expr.d70_width","name":"width","id":62,"geomIds":[68]}]])
[0m[0;32m[2026-09-16 14:14:14.321][VERB] RETURN: {"result":"$114"}
[0m[0;32m[2026-09-16 14:14:14.321][VERB] COMMANDCALL: _C.SafeAPI.Execute(["v1.sketch.dimension",[{"type":"OFFSET","value":"@expr.d71_depth","name":"depth","id":62,"geomIds":[72]}]])
[0m[0;32m[2026-09-16 14:14:14.328][VERB] RETURN: {"result":"$118"}
[0m[0;32m[2026-09-16 14:14:14.330][VERB] COMMANDCALL: _C.SafeAPI.Execute(["v1.part.extrusion",[{"references":[68,72,78,84],"name":"F66_makeBox_cad_primitives_py_8","taperAngle":0,"limit2":"@expr.d72_height","id":4}]])
[0m[0;32m[2026-09-16 14:14:14.338][VERB] RETURN: {"result":"$122"}
[0m[0;32m[2026-09-16 14:14:14.338][VERB] COMMANDCALL: _C.SafeAPI.Execute(["v1.part.workPlane",[{"type":"PLANE","references":[38],"name":"F73_makeBox_cad_primitives_py_8_plane","offset":"@expr.d74_plane_offset","id":4}]])
[0m[0;32m[2026-09-16 14:14:14.341][VERB] RETURN: {"result":"$165"}
[0m[0;32m[2026-09-16 14:14:14.341][VERB] COMMANDCALL: _C.SafeAPI.Execute(["v1.sketch.create",[{"planeId":165,"name":"F73_makeBox_cad_primitives_py_8_profile","id":4}]])
[0m[0;32m[2026-09-16 14:14:14.343][VERB] RETURN: {"result":"$171"}
[0m[0;32m[2026-09-16 14:14:14.343][VERB] COMMANDCALL: _C.SafeAPI.Execute(["v1.sketch.rectangle",[{"startPos":[-1.3,1.4,0],"id":171,"genFixation":0,"endPos":[55.1,24.6,0]}]])
[0m[0;32m[2026-09-16 14:14:14.349][VERB] RETURN: {"result":["$177","$181","$187","$193"]}
[0m[0;32m[2026-09-16 14:14:14.350][VERB] COMMANDCALL: _C.SafeAPI.Execute(["v1.sketch.getPoints",[{"id":177}]])
[0m[0;32m[2026-09-16 14:14:14.350][VERB] RETURN: {"result":{"endId":"$179","startId":"$178"}}
[0m[0;32m[2026-09-16 14:14:14.350][VERB] COMMANDCALL: _C.SafeAPI.Execute(["v1.sketch.point",[{"pos":[-1000,-1000,0],"id":171}]])
[0m[0;32m[2026-09-16 14:14:14.352][VERB] RETURN: {"result":"$209"}
[0m[0;32m[2026-09-16 14:14:14.352][VERB] COMMANDCALL: _C.SafeAPI.Execute(["v1.sketch.constraint",[{"type":"FIXATION","id":171,"geomIds":[209]}]])
[0m[0;32m[2026-09-16 14:14:14.353][VERB] RETURN: {"result":"$211"}
[0m[0;32m[2026-09-16 14:14:14.354][VERB] COMMANDCALL: _C.SafeAPI.Execute(["v1.sketch.dimension",[{"type":"HORIZONTAL_DISTANCE","value":"@expr.d75_position_x","name":"position_x","id":171,"geomIds":[209,178]}]])
[0m[0;32m[2026-09-16 14:14:14.359][VERB] RETURN: {"result":"$215"}
[0m[0;32m[2026-09-16 14:14:14.359][VERB] COMMANDCALL: _C.SafeAPI.Execute(["v1.sketch.dimension",[{"type":"VERTICAL_DISTANCE","value":"@expr.d76_position_y","name":"position_y","id":171,"geomIds":[209,178]}]])
[0m[0;32m[2026-09-16 14:14:14.364][VERB] RETURN: {"result":"$219"}
[0m[0;32m[2026-09-16 14:14:14.365][VERB] COMMANDCALL: _C.SafeAPI.Execute(["v1.sketch.dimension",[{"type":"OFFSET","value":"@expr.d77_width","name":"width","id":171,"geomIds":[177]}]])
[0m[0;32m[2026-09-16 14:14:14.371][VERB] RETURN: {"result":"$223"}
[0m[0;32m[2026-09-16 14:14:14.371][VERB] COMMANDCALL: _C.SafeAPI.Execute(["v1.sketch.dimension",[{"type":"OFFSET","value":"@expr.d78_depth","name":"depth","id":171,"geomIds":[181]}]])
[0m[0;32m[2026-09-16 14:14:14.378][VERB] RETURN: {"result":"$227"}
[0m[0;32m[2026-09-16 14:14:14.379][VERB] COMMANDCALL: _C.SafeAPI.Execute(["v1.part.extrusion",[{"references":[177,181,187,193],"name":"F73_makeBox_cad_primitives_py_8","taperAngle":0,"limit2":"@expr.d79_height","id":4}]])
[0m[0;32m[2026-09-16 14:14:14.383][VERB] RETURN: {"result":"$231"}
[0m[0;32m[2026-09-16 14:14:14.383][VERB] COMMANDCALL: _C.SafeAPI.Execute(["v1.part.workPlane",[{"type":"PLANE","references":[38],"name":"F80_makeCylinder_cad_primitives_py_12_plane","offset":"@expr.d81_plane_offset","id":4}]])
[0m[0;32m[2026-09-16 14:14:14.387][VERB] RETURN: {"result":"$274"}
[0m[0;32m[2026-09-16 14:14:14.387][VERB] COMMANDCALL: _C.SafeAPI.Execute(["v1.sketch.create",[{"planeId":274,"name":"F80_makeCylinder_cad_primitives_py_12_profile","id":4}]])
[0m[0;32m[2026-09-16 14:14:14.389][VERB] RETURN: {"result":"$280"}
[0m[0;32m[2026-09-16 14:14:14.389][VERB] COMMANDCALL: _C.SafeAPI.Execute(["v1.sketch.circle",[{"radius":2.7,"id":280,"genFixation":0,"centerPos":[1.4,1.4,0]}]])
[0m[0;32m[2026-09-16 14:14:14.391][VERB] RETURN: {"result":"$286"}
[0m[0;32m[2026-09-16 14:14:14.391][VERB] COMMANDCALL: _C.SafeAPI.Execute(["v1.sketch.getPoints",[{"id":286}]])
[0m[0;32m[2026-09-16 14:14:14.391][VERB] RETURN: {"result":{"centerId":"$287"}}
[0m[0;32m[2026-09-16 14:14:14.391][VERB] COMMANDCALL: _C.SafeAPI.Execute(["v1.sketch.point",[{"pos":[-1000,-1000,0],"id":280}]])
[0m[0;32m[2026-09-16 14:14:14.392][VERB] RETURN: {"result":"$289"}
[0m[0;32m[2026-09-16 14:14:14.392][VERB] COMMANDCALL: _C.SafeAPI.Execute(["v1.sketch.constraint",[{"type":"FIXATION","id":280,"geomIds":[289]}]])
[0m[0;32m[2026-09-16 14:14:14.393][VERB] RETURN: {"result":"$291"}
[0m[0;32m[2026-09-16 14:14:14.393][VERB] COMMANDCALL: _C.SafeAPI.Execute(["v1.sketch.dimension",[{"type":"HORIZONTAL_DISTANCE","value":"@expr.d82_position_x","name":"position_x","id":280,"geomIds":[289,287]}]])
[0m[0;32m[2026-09-16 14:14:14.398][VERB] RETURN: {"result":"$295"}
[0m[0;32m[2026-09-16 14:14:14.398][VERB] COMMANDCALL: _C.SafeAPI.Execute(["v1.sketch.dimension",[{"type":"VERTICAL_DISTANCE","value":"@expr.d83_position_y","name":"position_y","id":280,"geomIds":[289,287]}]])
[0m[0;32m[2026-09-16 14:14:14.402][VERB] RETURN: {"result":"$299"}
[0m[0;32m[2026-09-16 14:14:14.403][VERB] COMMANDCALL: _C.SafeAPI.Execute(["v1.sketch.dimension",[{"type":"RADIUS","value":"@expr.d84_radius","name":"radius","id":280,"geomIds":[286]}]])
[0m[0;32m[2026-09-16 14:14:14.408][VERB] RETURN: {"result":"$303"}
[0m[0;32m[2026-09-16 14:14:14.408][VERB] COMMANDCALL: _C.SafeAPI.Execute(["v1.part.extrusion",[{"references":[286],"name":"F80_makeCylinder_cad_primitives_py_12","taperAngle":0,"limit2":"@expr.d85_height","id":4}]])
[0m[0;32m[2026-09-16 14:14:14.413][VERB] RETURN: {"result":"$307"}
[0m[0;32m[2026-09-16 14:14:14.414][VERB] COMMANDCALL: _C.SafeAPI.Execute(["v1.part.workPlane",[{"type":"PLANE","references":[38],"name":"F86_makeCylinder_cad_primitives_py_12_plane","offset":"@expr.d87_plane_offset","id":4}]])
[0m[0;32m[2026-09-16 14:14:14.417][VERB] RETURN: {"result":"$329"}
[0m[0;32m[2026-09-16 14:14:14.417][VERB] COMMANDCALL: _C.SafeAPI.Execute(["v1.sketch.create",[{"planeId":329,"name":"F86_makeCylinder_cad_primitives_py_12_profile","id":4}]])
[0m[0;32m[2026-09-16 14:14:14.419][VERB] RETURN: {"result":"$335"}
[0m[0;32m[2026-09-16 14:14:14.419][VERB] COMMANDCALL: _C.SafeAPI.Execute(["v1.sketch.circle",[{"radius":2.7,"id":335,"genFixation":0,"centerPos":[1.4,24.6,0]}]])
[0m[0;32m[2026-09-16 14:14:14.420][VERB] RETURN: {"result":"$341"}
[0m[0;32m[2026-09-16 14:14:14.420][VERB] COMMANDCALL: _C.SafeAPI.Execute(["v1.sketch.getPoints",[{"id":341}]])
[0m[0;32m[2026-09-16 14:14:14.421][VERB] RETURN: {"result":{"centerId":"$342"}}
[0m[0;32m[2026-09-16 14:14:14.421][VERB] COMMANDCALL: _C.SafeAPI.Execute(["v1.sketch.point",[{"pos":[-1000,-1000,0],"id":335}]])
[0m[0;32m[2026-09-16 14:14:14.421][VERB] RETURN: {"result":"$344"}
[0m[0;32m[2026-09-16 14:14:14.422][VERB] COMMANDCALL: _C.SafeAPI.Execute(["v1.sketch.constraint",[{"type":"FIXATION","id":335,"geomIds":[344]}]])
[0m[0;32m[2026-09-16 14:14:14.422][VERB] RETURN: {"result":"$346"}
[0m[0;32m[2026-09-16 14:14:14.423][VERB] COMMANDCALL: _C.SafeAPI.Execute(["v1.sketch.dimension",[{"type":"HORIZONTAL_DISTANCE","value":"@expr.d88_position_x","name":"position_x","id":335,"geomIds":[344,342]}]])
[0m[0;32m[2026-09-16 14:14:14.426][VERB] RETURN: {"result":"$350"}
[0m[0;32m[2026-09-16 14:14:14.427][VERB] COMMANDCALL: _C.SafeAPI.Execute(["v1.sketch.dimension",[{"type":"VERTICAL_DISTANCE","value":"@expr.d89_position_y","name":"position_y","id":335,"geomIds":[344,342]}]])
[0m[0;32m[2026-09-16 14:14:14.431][VERB] RETURN: {"result":"$354"}
[0m[0;32m[2026-09-16 14:14:14.431][VERB] COMMANDCALL: _C.SafeAPI.Execute(["v1.sketch.dimension",[{"type":"RADIUS","value":"@expr.d90_radius","name":"radius","id":335,"geomIds":[341]}]])
[0m[0;32m[2026-09-16 14:14:14.436][VERB] RETURN: {"result":"$358"}
[0m[0;32m[2026-09-16 14:14:14.437][VERB] COMMANDCALL: _C.SafeAPI.Execute(["v1.part.extrusion",[{"references":[341],"name":"F86_makeCylinder_cad_primitives_py_12","taperAngle":0,"limit2":"@expr.d91_height","id":4}]])
[0m[0;32m[2026-09-16 14:14:14.442][VERB] RETURN: {"result":"$362"}
[0m[0;32m[2026-09-16 14:14:14.442][VERB] COMMANDCALL: _C.SafeAPI.Execute(["v1.part.workPlane",[{"type":"PLANE","references":[38],"name":"F92_makeCylinder_cad_primitives_py_12_plane","offset":"@expr.d93_plane_offset","id":4}]])
[0m[0;32m[2026-09-16 14:14:14.445][VERB] RETURN: {"result":"$384"}
[0m[0;32m[2026-09-16 14:14:14.445][VERB] COMMANDCALL: _C.SafeAPI.Execute(["v1.sketch.create",[{"planeId":384,"name":"F92_makeCylinder_cad_primitives_py_12_profile","id":4}]])
[0m[0;32m[2026-09-16 14:14:14.447][VERB] RETURN: {"result":"$390"}
[0m[0;32m[2026-09-16 14:14:14.447][VERB] COMMANDCALL: _C.SafeAPI.Execute(["v1.sketch.circle",[{"radius":2.7,"id":390,"genFixation":0,"centerPos":[52.4,1.4,0]}]])
[0m[0;32m[2026-09-16 14:14:14.449][VERB] RETURN: {"result":"$396"}
[0m[0;32m[2026-09-16 14:14:14.449][VERB] COMMANDCALL: _C.SafeAPI.Execute(["v1.sketch.getPoints",[{"id":396}]])
[0m[0;32m[2026-09-16 14:14:14.449][VERB] RETURN: {"result":{"centerId":"$397"}}
[0m[0;32m[2026-09-16 14:14:14.449][VERB] COMMANDCALL: _C.SafeAPI.Execute(["v1.sketch.point",[{"pos":[-1000,-1000,0],"id":390}]])
[0m[0;32m[2026-09-16 14:14:14.450][VERB] RETURN: {"result":"$399"}
[0m[0;32m[2026-09-16 14:14:14.450][VERB] COMMANDCALL: _C.SafeAPI.Execute(["v1.sketch.constraint",[{"type":"FIXATION","id":390,"geomIds":[399]}]])
[0m[0;32m[2026-09-16 14:14:14.451][VERB] RETURN: {"result":"$401"}
[0m[0;32m[2026-09-16 14:14:14.451][VERB] COMMANDCALL: _C.SafeAPI.Execute(["v1.sketch.dimension",[{"type":"HORIZONTAL_DISTANCE","value":"@expr.d94_position_x","name":"position_x","id":390,"geomIds":[399,397]}]])
[0m[0;32m[2026-09-16 14:14:14.455][VERB] RETURN: {"result":"$405"}
[0m[0;32m[2026-09-16 14:14:14.455][VERB] COMMANDCALL: _C.SafeAPI.Execute(["v1.sketch.dimension",[{"type":"VERTICAL_DISTANCE","value":"@expr.d95_position_y","name":"position_y","id":390,"geomIds":[399,397]}]])
[0m[0;32m[2026-09-16 14:14:14.460][VERB] RETURN: {"result":"$409"}
[0m[0;32m[2026-09-16 14:14:14.460][VERB] COMMANDCALL: _C.SafeAPI.Execute(["v1.sketch.dimension",[{"type":"RADIUS","value":"@expr.d96_radius","name":"radius","id":390,"geomIds":[396]}]])
[0m[0;32m[2026-09-16 14:14:14.465][VERB] RETURN: {"result":"$413"}
[0m[0;32m[2026-09-16 14:14:14.465][VERB] COMMANDCALL: _C.SafeAPI.Execute(["v1.part.extrusion",[{"references":[396],"name":"F92_makeCylinder_cad_primitives_py_12","taperAngle":0,"limit2":"@expr.d97_height","id":4}]])
[0m[0;32m[2026-09-16 14:14:14.470][VERB] RETURN: {"result":"$417"}
[0m[0;32m[2026-09-16 14:14:14.471][VERB] COMMANDCALL: _C.SafeAPI.Execute(["v1.part.workPlane",[{"type":"PLANE","references":[38],"name":"F98_makeCylinder_cad_primitives_py_12_plane","offset":"@expr.d99_plane_offset","id":4}]])
[0m[0;32m[2026-09-16 14:14:14.474][VERB] RETURN: {"result":"$439"}
[0m[0;32m[2026-09-16 14:14:14.474][VERB] COMMANDCALL: _C.SafeAPI.Execute(["v1.sketch.create",[{"planeId":439,"name":"F98_makeCylinder_cad_primitives_py_12_profile","id":4}]])
[0m[0;32m[2026-09-16 14:14:14.476][VERB] RETURN: {"result":"$445"}
[0m[0;32m[2026-09-16 14:14:14.476][VERB] COMMANDCALL: _C.SafeAPI.Execute(["v1.sketch.circle",[{"radius":2.7,"id":445,"genFixation":0,"centerPos":[52.4,24.6,0]}]])
[0m[0;32m[2026-09-16 14:14:14.477][VERB] RETURN: {"result":"$451"}
[0m[0;32m[2026-09-16 14:14:14.477][VERB] COMMANDCALL: _C.SafeAPI.Execute(["v1.sketch.getPoints",[{"id":451}]])
[0m[0;32m[2026-09-16 14:14:14.477][VERB] RETURN: {"result":{"centerId":"$452"}}
[0m[0;32m[2026-09-16 14:14:14.478][VERB] COMMANDCALL: _C.SafeAPI.Execute(["v1.sketch.point",[{"pos":[-1000,-1000,0],"id":445}]])
[0m[0;32m[2026-09-16 14:14:14.478][VERB] RETURN: {"result":"$454"}
[0m[0;32m[2026-09-16 14:14:14.478][VERB] COMMANDCALL: _C.SafeAPI.Execute(["v1.sketch.constraint",[{"type":"FIXATION","id":445,"geomIds":[454]}]])
[0m[0;32m[2026-09-16 14:14:14.479][VERB] RETURN: {"result":"$456"}
[0m[0;32m[2026-09-16 14:14:14.479][VERB] COMMANDCALL: _C.SafeAPI.Execute(["v1.sketch.dimension",[{"type":"HORIZONTAL_DISTANCE","value":"@expr.d100_position_x","name":"position_x","id":445,"geomIds":[454,452]}]])
[0m[0;32m[2026-09-16 14:14:14.484][VERB] RETURN: {"result":"$460"}
[0m[0;32m[2026-09-16 14:14:14.484][VERB] COMMANDCALL: _C.SafeAPI.Execute(["v1.sketch.dimension",[{"type":"VERTICAL_DISTANCE","value":"@expr.d101_position_y","name":"position_y","id":445,"geomIds":[454,452]}]])
[0m[0;32m[2026-09-16 14:14:14.489][VERB] RETURN: {"result":"$464"}
[0m[0;32m[2026-09-16 14:14:14.489][VERB] COMMANDCALL: _C.SafeAPI.Execute(["v1.sketch.dimension",[{"type":"RADIUS","value":"@expr.d102_radius","name":"radius","id":445,"geomIds":[451]}]])
[0m[0;32m[2026-09-16 14:14:14.493][VERB] RETURN: {"result":"$468"}
[0m[0;32m[2026-09-16 14:14:14.494][VERB] COMMANDCALL: _C.SafeAPI.Execute(["v1.part.extrusion",[{"references":[451],"name":"F98_makeCylinder_cad_primitives_py_12","taperAngle":0,"limit2":"@expr.d103_height","id":4}]])
[0m[0;32m[2026-09-16 14:14:14.498][VERB] RETURN: {"result":"$472"}
[0m[0;32m[2026-09-16 14:14:14.499][VERB] COMMANDCALL: _C.SafeAPI.Execute(["v1.part.workPlane",[{"type":"PLANE","references":[38],"name":"F104_makeBox_cad_primitives_py_8_plane","offset":"@expr.d105_plane_offset","id":4}]])
[0m[0;32m[2026-09-16 14:14:14.502][VERB] RETURN: {"result":"$494"}
[0m[0;32m[2026-09-16 14:14:14.502][VERB] COMMANDCALL: _C.SafeAPI.Execute(["v1.sketch.create",[{"planeId":494,"name":"F104_makeBox_cad_primitives_py_8_profile","id":4}]])
[0m[0;32m[2026-09-16 14:14:14.504][VERB] RETURN: {"result":"$500"}
[0m[0;32m[2026-09-16 14:14:14.504][VERB] COMMANDCALL: _C.SafeAPI.Execute(["v1.sketch.rectangle",[{"startPos":[1.4,20.1,0],"id":500,"genFixation":0,"endPos":[56.4,65.9,0]}]])
[0m[0;32m[2026-09-16 14:14:14.511][VERB] RETURN: {"result":["$506","$510","$516","$522"]}
[0m[0;32m[2026-09-16 14:14:14.511][VERB] COMMANDCALL: _C.SafeAPI.Execute(["v1.sketch.getPoints",[{"id":506}]])
[0m[0;32m[2026-09-16 14:14:14.511][VERB] RETURN: {"result":{"endId":"$508","startId":"$507"}}
[0m[0;32m[2026-09-16 14:14:14.511][VERB] COMMANDCALL: _C.SafeAPI.Execute(["v1.sketch.point",[{"pos":[-1000,-1000,0],"id":500}]])
[0m[0;32m[2026-09-16 14:14:14.513][VERB] RETURN: {"result":"$538"}
[0m[0;32m[2026-09-16 14:14:14.513][VERB] COMMANDCALL: _C.SafeAPI.Execute(["v1.sketch.constraint",[{"type":"FIXATION","id":500,"geomIds":[538]}]])
[0m[0;32m[2026-09-16 14:14:14.514][VERB] RETURN: {"result":"$540"}
[0m[0;32m[2026-09-16 14:14:14.514][VERB] COMMANDCALL: _C.SafeAPI.Execute(["v1.sketch.dimension",[{"type":"HORIZONTAL_DISTANCE","value":"@expr.d106_position_x","name":"position_x","id":500,"geomIds":[538,507]}]])
[0m[0;32m[2026-09-16 14:14:14.520][VERB] RETURN: {"result":"$544"}
[0m[0;32m[2026-09-16 14:14:14.520][VERB] COMMANDCALL: _C.SafeAPI.Execute(["v1.sketch.dimension",[{"type":"VERTICAL_DISTANCE","value":"@expr.d107_position_y","name":"position_y","id":500,"geomIds":[538,507]}]])
[0m[0;32m[2026-09-16 14:14:14.526][VERB] RETURN: {"result":"$548"}
[0m[0;32m[2026-09-16 14:14:14.526][VERB] COMMANDCALL: _C.SafeAPI.Execute(["v1.sketch.dimension",[{"type":"OFFSET","value":"@expr.d108_width","name":"width","id":500,"geomIds":[506]}]])
[0m[0;32m[2026-09-16 14:14:14.532][VERB] RETURN: {"result":"$552"}
[0m[0;32m[2026-09-16 14:14:14.532][VERB] COMMANDCALL: _C.SafeAPI.Execute(["v1.sketch.dimension",[{"type":"OFFSET","value":"@expr.d109_depth","name":"depth","id":500,"geomIds":[510]}]])
[0m[0;32m[2026-09-16 14:14:14.540][VERB] RETURN: {"result":"$556"}
[0m[0;32m[2026-09-16 14:14:14.540][VERB] COMMANDCALL: _C.SafeAPI.Execute(["v1.part.extrusion",[{"references":[506,510,516,522],"name":"F104_makeBox_cad_primitives_py_8","taperAngle":0,"limit2":"@expr.d110_height","id":4}]])
[0m[0;32m[2026-09-16 14:14:14.544][VERB] RETURN: {"result":"$560"}
[0m[0;32m[2026-09-16 14:14:14.545][VERB] COMMANDCALL: _C.SafeAPI.Execute(["v1.part.workPlane",[{"type":"PLANE","references":[38],"name":"F111_makeBox_cad_primitives_py_8_plane","offset":"@expr.d112_plane_offset","id":4}]])
[0m[0;32m[2026-09-16 14:14:14.548][VERB] RETURN: {"result":"$603"}
[0m[0;32m[2026-09-16 14:14:14.548][VERB] COMMANDCALL: _C.SafeAPI.Execute(["v1.sketch.create",[{"planeId":603,"name":"F111_makeBox_cad_primitives_py_8_profile","id":4}]])
[0m[0;32m[2026-09-16 14:14:14.550][VERB] RETURN: {"result":"$609"}
[0m[0;32m[2026-09-16 14:14:14.550][VERB] COMMANDCALL: _C.SafeAPI.Execute(["v1.sketch.rectangle",[{"startPos":[-1.3,22.8,0],"id":609,"genFixation":0,"endPos":[59.1,63.2,0]}]])
[0m[0;32m[2026-09-16 14:14:14.556][VERB] RETURN: {"result":["$615","$619","$625","$631"]}
[0m[0;32m[2026-09-16 14:14:14.557][VERB] COMMANDCALL: _C.SafeAPI.Execute(["v1.sketch.getPoints",[{"id":615}]])
[0m[0;32m[2026-09-16 14:14:14.557][VERB] RETURN: {"result":{"endId":"$617","startId":"$616"}}
[0m[0;32m[2026-09-16 14:14:14.557][VERB] COMMANDCALL: _C.SafeAPI.Execute(["v1.sketch.point",[{"pos":[-1000,-1000,0],"id":609}]])
[0m[0;32m[2026-09-16 14:14:14.559][VERB] RETURN: {"result":"$647"}
[0m[0;32m[2026-09-16 14:14:14.559][VERB] COMMANDCALL: _C.SafeAPI.Execute(["v1.sketch.constraint",[{"type":"FIXATION","id":609,"geomIds":[647]}]])
[0m[0;32m[2026-09-16 14:14:14.560][VERB] RETURN: {"result":"$649"}
[0m[0;32m[2026-09-16 14:14:14.560][VERB] COMMANDCALL: _C.SafeAPI.Execute(["v1.sketch.dimension",[{"type":"HORIZONTAL_DISTANCE","value":"@expr.d113_position_x","name":"position_x","id":609,"geomIds":[647,616]}]])
[0m[0;32m[2026-09-16 14:14:14.565][VERB] RETURN: {"result":"$653"}
[0m[0;32m[2026-09-16 14:14:14.565][VERB] COMMANDCALL: _C.SafeAPI.Execute(["v1.sketch.dimension",[{"type":"VERTICAL_DISTANCE","value":"@expr.d114_position_y","name":"position_y","id":609,"geomIds":[647,616]}]])
[0m[0;32m[2026-09-16 14:14:14.571][VERB] RETURN: {"result":"$657"}
[0m[0;32m[2026-09-16 14:14:14.571][VERB] COMMANDCALL: _C.SafeAPI.Execute(["v1.sketch.dimension",[{"type":"OFFSET","value":"@expr.d115_width","name":"width","id":609,"geomIds":[615]}]])
[0m[0;32m[2026-09-16 14:14:14.578][VERB] RETURN: {"result":"$661"}
[0m[0;32m[2026-09-16 14:14:14.578][VERB] COMMANDCALL: _C.SafeAPI.Execute(["v1.sketch.dimension",[{"type":"OFFSET","value":"@expr.d116_depth","name":"depth","id":609,"geomIds":[619]}]])
[0m[0;32m[2026-09-16 14:14:14.585][VERB] RETURN: {"result":"$665"}
[0m[0;32m[2026-09-16 14:14:14.585][VERB] COMMANDCALL: _C.SafeAPI.Execute(["v1.part.extrusion",[{"references":[615,619,625,631],"name":"F111_makeBox_cad_primitives_py_8","taperAngle":0,"limit2":"@expr.d117_height","id":4}]])
[0m[0;32m[2026-09-16 14:14:14.590][VERB] RETURN: {"result":"$669"}
[0m[0;32m[2026-09-16 14:14:14.590][VERB] COMMANDCALL: _C.SafeAPI.Execute(["v1.part.workPlane",[{"type":"PLANE","references":[38],"name":"F118_makeCylinder_cad_primitives_py_12_plane","offset":"@expr.d119_plane_offset","id":4}]])
[0m[0;32m[2026-09-16 14:14:14.593][VERB] RETURN: {"result":"$712"}
[0m[0;32m[2026-09-16 14:14:14.593][VERB] COMMANDCALL: _C.SafeAPI.Execute(["v1.sketch.create",[{"planeId":712,"name":"F118_makeCylinder_cad_primitives_py_12_profile","id":4}]])
[0m[0;32m[2026-09-16 14:14:14.595][VERB] RETURN: {"result":"$718"}
[0m[0;32m[2026-09-16 14:14:14.596][VERB] COMMANDCALL: _C.SafeAPI.Execute(["v1.sketch.circle",[{"radius":2.7,"id":718,"genFixation":0,"centerPos":[1.4,22.8,0]}]])
[0m[0;32m[2026-09-16 14:14:14.597][VERB] RETURN: {"result":"$724"}
[0m[0;32m[2026-09-16 14:14:14.597][VERB] COMMANDCALL: _C.SafeAPI.Execute(["v1.sketch.getPoints",[{"id":724}]])
[0m[0;32m[2026-09-16 14:14:14.597][VERB] RETURN: {"result":{"centerId":"$725"}}
[0m[0;32m[2026-09-16 14:14:14.597][VERB] COMMANDCALL: _C.SafeAPI.Execute(["v1.sketch.point",[{"pos":[-1000,-1000,0],"id":718}]])
[0m[0;32m[2026-09-16 14:14:14.598][VERB] RETURN: {"result":"$727"}
[0m[0;32m[2026-09-16 14:14:14.598][VERB] COMMANDCALL: _C.SafeAPI.Execute(["v1.sketch.constraint",[{"type":"FIXATION","id":718,"geomIds":[727]}]])
[0m[0;32m[2026-09-16 14:14:14.599][VERB] RETURN: {"result":"$729"}
[0m[0;32m[2026-09-16 14:14:14.599][VERB] COMMANDCALL: _C.SafeAPI.Execute(["v1.sketch.dimension",[{"type":"HORIZONTAL_DISTANCE","value":"@expr.d120_position_x","name":"position_x","id":718,"geomIds":[727,725]}]])
[0m[0;32m[2026-09-16 14:14:14.603][VERB] RETURN: {"result":"$733"}
[0m[0;32m[2026-09-16 14:14:14.603][VERB] COMMANDCALL: _C.SafeAPI.Execute(["v1.sketch.dimension",[{"type":"VERTICAL_DISTANCE","value":"@expr.d121_position_y","name":"position_y","id":718,"geomIds":[727,725]}]])
[0m[0;32m[2026-09-16 14:14:14.608][VERB] RETURN: {"result":"$737"}
[0m[0;32m[2026-09-16 14:14:14.608][VERB] COMMANDCALL: _C.SafeAPI.Execute(["v1.sketch.dimension",[{"type":"RADIUS","value":"@expr.d122_radius","name":"radius","id":718,"geomIds":[724]}]])
[0m[0;32m[2026-09-16 14:14:14.613][VERB] RETURN: {"result":"$741"}
[0m[0;32m[2026-09-16 14:14:14.614][VERB] COMMANDCALL: _C.SafeAPI.Execute(["v1.part.extrusion",[{"references":[724],"name":"F118_makeCylinder_cad_primitives_py_12","taperAngle":0,"limit2":"@expr.d123_height","id":4}]])
[0m[0;32m[2026-09-16 14:14:14.618][VERB] RETURN: {"result":"$745"}
[0m[0;32m[2026-09-16 14:14:14.619][VERB] COMMANDCALL: _C.SafeAPI.Execute(["v1.part.workPlane",[{"type":"PLANE","references":[38],"name":"F124_makeCylinder_cad_primitives_py_12_plane","offset":"@expr.d125_plane_offset","id":4}]])
[0m[0;32m[2026-09-16 14:14:14.622][VERB] RETURN: {"result":"$767"}
[0m[0;32m[2026-09-16 14:14:14.622][VERB] COMMANDCALL: _C.SafeAPI.Execute(["v1.sketch.create",[{"planeId":767,"name":"F124_makeCylinder_cad_primitives_py_12_profile","id":4}]])
[0m[0;32m[2026-09-16 14:14:14.624][VERB] RETURN: {"result":"$773"}
[0m[0;32m[2026-09-16 14:14:14.624][VERB] COMMANDCALL: _C.SafeAPI.Execute(["v1.sketch.circle",[{"radius":2.7,"id":773,"genFixation":0,"centerPos":[1.4,63.2,0]}]])
[0m[0;32m[2026-09-16 14:14:14.625][VERB] RETURN: {"result":"$779"}
[0m[0;32m[2026-09-16 14:14:14.626][VERB] COMMANDCALL: _C.SafeAPI.Execute(["v1.sketch.getPoints",[{"id":779}]])
[0m[0;32m[2026-09-16 14:14:14.626][VERB] RETURN: {"result":{"centerId":"$780"}}
[0m[0;32m[2026-09-16 14:14:14.626][VERB] COMMANDCALL: _C.SafeAPI.Execute(["v1.sketch.point",[{"pos":[-1000,-1000,0],"id":773}]])
[0m[0;32m[2026-09-16 14:14:14.627][VERB] RETURN: {"result":"$782"}
[0m[0;32m[2026-09-16 14:14:14.627][VERB] COMMANDCALL: _C.SafeAPI.Execute(["v1.sketch.constraint",[{"type":"FIXATION","id":773,"geomIds":[782]}]])
[0m[0;32m[2026-09-16 14:14:14.628][VERB] RETURN: {"result":"$784"}
[0m[0;32m[2026-09-16 14:14:14.628][VERB] COMMANDCALL: _C.SafeAPI.Execute(["v1.sketch.dimension",[{"type":"HORIZONTAL_DISTANCE","value":"@expr.d126_position_x","name":"position_x","id":773,"geomIds":[782,780]}]])
[0m[0;32m[2026-09-16 14:14:14.633][VERB] RETURN: {"result":"$788"}
[0m[0;32m[2026-09-16 14:14:14.633][VERB] COMMANDCALL: _C.SafeAPI.Execute(["v1.sketch.dimension",[{"type":"VERTICAL_DISTANCE","value":"@expr.d127_position_y","name":"position_y","id":773,"geomIds":[782,780]}]])
[0m[0;32m[2026-09-16 14:14:14.639][VERB] RETURN: {"result":"$792"}
[0m[0;32m[2026-09-16 14:14:14.639][VERB] COMMANDCALL: _C.SafeAPI.Execute(["v1.sketch.dimension",[{"type":"RADIUS","value":"@expr.d128_radius","name":"radius","id":773,"geomIds":[779]}]])
[0m[0;32m[2026-09-16 14:14:14.644][VERB] RETURN: {"result":"$796"}
[0m[0;32m[2026-09-16 14:14:14.644][VERB] COMMANDCALL: _C.SafeAPI.Execute(["v1.part.extrusion",[{"references":[779],"name":"F124_makeCylinder_cad_primitives_py_12","taperAngle":0,"limit2":"@expr.d129_height","id":4}]])
[0m[0;32m[2026-09-16 14:14:14.649][VERB] RETURN: {"result":"$800"}
[0m[0;32m[2026-09-16 14:14:14.650][VERB] COMMANDCALL: _C.SafeAPI.Execute(["v1.part.workPlane",[{"type":"PLANE","references":[38],"name":"F130_makeCylinder_cad_primitives_py_12_plane","offset":"@expr.d131_plane_offset","id":4}]])
[0m[0;32m[2026-09-16 14:14:14.653][VERB] RETURN: {"result":"$822"}
[0m[0;32m[2026-09-16 14:14:14.654][VERB] COMMANDCALL: _C.SafeAPI.Execute(["v1.sketch.create",[{"planeId":822,"name":"F130_makeCylinder_cad_primitives_py_12_profile","id":4}]])
[0m[0;32m[2026-09-16 14:14:14.656][VERB] RETURN: {"result":"$828"}
[0m[0;32m[2026-09-16 14:14:14.656][VERB] COMMANDCALL: _C.SafeAPI.Execute(["v1.sketch.circle",[{"radius":2.7,"id":828,"genFixation":0,"centerPos":[56.4,22.8,0]}]])
[0m[0;32m[2026-09-16 14:14:14.657][VERB] RETURN: {"result":"$834"}
[0m[0;32m[2026-09-16 14:14:14.657][VERB] COMMANDCALL: _C.SafeAPI.Execute(["v1.sketch.getPoints",[{"id":834}]])
[0m[0;32m[2026-09-16 14:14:14.657][VERB] RETURN: {"result":{"centerId":"$835"}}
[0m[0;32m[2026-09-16 14:14:14.657][VERB] COMMANDCALL: _C.SafeAPI.Execute(["v1.sketch.point",[{"pos":[-1000,-1000,0],"id":828}]])
[0m[0;32m[2026-09-16 14:14:14.658][VERB] RETURN: {"result":"$837"}
[0m[0;32m[2026-09-16 14:14:14.658][VERB] COMMANDCALL: _C.SafeAPI.Execute(["v1.sketch.constraint",[{"type":"FIXATION","id":828,"geomIds":[837]}]])
[0m[0;32m[2026-09-16 14:14:14.659][VERB] RETURN: {"result":"$839"}
[0m[0;32m[2026-09-16 14:14:14.659][VERB] COMMANDCALL: _C.SafeAPI.Execute(["v1.sketch.dimension",[{"type":"HORIZONTAL_DISTANCE","value":"@expr.d132_position_x","name":"position_x","id":828,"geomIds":[837,835]}]])
[0m[0;32m[2026-09-16 14:14:14.664][VERB] RETURN: {"result":"$843"}
[0m[0;32m[2026-09-16 14:14:14.664][VERB] COMMANDCALL: _C.SafeAPI.Execute(["v1.sketch.dimension",[{"type":"VERTICAL_DISTANCE","value":"@expr.d133_position_y","name":"position_y","id":828,"geomIds":[837,835]}]])
[0m[0;32m[2026-09-16 14:14:14.669][VERB] RETURN: {"result":"$847"}
[0m[0;32m[2026-09-16 14:14:14.669][VERB] COMMANDCALL: _C.SafeAPI.Execute(["v1.sketch.dimension",[{"type":"RADIUS","value":"@expr.d134_radius","name":"radius","id":828,"geomIds":[834]}]])
[0m[0;32m[2026-09-16 14:14:14.674][VERB] RETURN: {"result":"$851"}
[0m[0;32m[2026-09-16 14:14:14.675][VERB] COMMANDCALL: _C.SafeAPI.Execute(["v1.part.extrusion",[{"references":[834],"name":"F130_makeCylinder_cad_primitives_py_12","taperAngle":0,"limit2":"@expr.d135_height","id":4}]])
[0m[0;32m[2026-09-16 14:14:14.680][VERB] RETURN: {"result":"$855"}
[0m[0;32m[2026-09-16 14:14:14.681][VERB] COMMANDCALL: _C.SafeAPI.Execute(["v1.part.workPlane",[{"type":"PLANE","references":[38],"name":"F136_makeCylinder_cad_primitives_py_12_plane","offset":"@expr.d137_plane_offset","id":4}]])
[0m[0;32m[2026-09-16 14:14:14.684][VERB] RETURN: {"result":"$877"}
[0m[0;32m[2026-09-16 14:14:14.684][VERB] COMMANDCALL: _C.SafeAPI.Execute(["v1.sketch.create",[{"planeId":877,"name":"F136_makeCylinder_cad_primitives_py_12_profile","id":4}]])
[0m[0;32m[2026-09-16 14:14:14.686][VERB] RETURN: {"result":"$883"}
[0m[0;32m[2026-09-16 14:14:14.686][VERB] COMMANDCALL: _C.SafeAPI.Execute(["v1.sketch.circle",[{"radius":2.7,"id":883,"genFixation":0,"centerPos":[56.4,63.2,0]}]])
[0m[0;32m[2026-09-16 14:14:14.687][VERB] RETURN: {"result":"$889"}
[0m[0;32m[2026-09-16 14:14:14.687][VERB] COMMANDCALL: _C.SafeAPI.Execute(["v1.sketch.getPoints",[{"id":889}]])
[0m[0;32m[2026-09-16 14:14:14.688][VERB] RETURN: {"result":{"centerId":"$890"}}
[0m[0;32m[2026-09-16 14:14:14.688][VERB] COMMANDCALL: _C.SafeAPI.Execute(["v1.sketch.point",[{"pos":[-1000,-1000,0],"id":883}]])
[0m[0;32m[2026-09-16 14:14:14.689][VERB] RETURN: {"result":"$892"}
[0m[0;32m[2026-09-16 14:14:14.689][VERB] COMMANDCALL: _C.SafeAPI.Execute(["v1.sketch.constraint",[{"type":"FIXATION","id":883,"geomIds":[892]}]])
[0m[0;32m[2026-09-16 14:14:14.690][VERB] RETURN: {"result":"$894"}
[0m[0;32m[2026-09-16 14:14:14.690][VERB] COMMANDCALL: _C.SafeAPI.Execute(["v1.sketch.dimension",[{"type":"HORIZONTAL_DISTANCE","value":"@expr.d138_position_x","name":"position_x","id":883,"geomIds":[892,890]}]])
[0m[0;32m[2026-09-16 14:14:14.694][VERB] RETURN: {"result":"$898"}
[0m[0;32m[2026-09-16 14:14:14.694][VERB] COMMANDCALL: _C.SafeAPI.Execute(["v1.sketch.dimension",[{"type":"VERTICAL_DISTANCE","value":"@expr.d139_position_y","name":"position_y","id":883,"geomIds":[892,890]}]])
[0m[0;32m[2026-09-16 14:14:14.699][VERB] RETURN: {"result":"$902"}
[0m[0;32m[2026-09-16 14:14:14.699][VERB] COMMANDCALL: _C.SafeAPI.Execute(["v1.sketch.dimension",[{"type":"RADIUS","value":"@expr.d140_radius","name":"radius","id":883,"geomIds":[889]}]])
[0m[0;32m[2026-09-16 14:14:14.704][VERB] RETURN: {"result":"$906"}
[0m[0;32m[2026-09-16 14:14:14.705][VERB] COMMANDCALL: _C.SafeAPI.Execute(["v1.part.extrusion",[{"references":[889],"name":"F136_makeCylinder_cad_primitives_py_12","taperAngle":0,"limit2":"@expr.d141_height","id":4}]])
[0m[0;32m[2026-09-16 14:14:14.710][VERB] RETURN: {"result":"$910"}
[0m[0;32m[2026-09-16 14:14:14.710][VERB] COMMANDCALL: _C.SafeAPI.Execute(["v1.part.workPlane",[{"type":"PLANE","references":[38],"name":"F142_makeBox_cad_primitives_py_8_plane","offset":"@expr.d143_plane_offset","id":4}]])
[0m[0;32m[2026-09-16 14:14:14.714][VERB] RETURN: {"result":"$932"}
[0m[0;32m[2026-09-16 14:14:14.714][VERB] COMMANDCALL: _C.SafeAPI.Execute(["v1.sketch.create",[{"planeId":932,"name":"F142_makeBox_cad_primitives_py_8_profile","id":4}]])
[0m[0;32m[2026-09-16 14:14:14.716][VERB] RETURN: {"result":"$938"}
[0m[0;32m[2026-09-16 14:14:14.716][VERB] COMMANDCALL: _C.SafeAPI.Execute(["v1.sketch.rectangle",[{"startPos":[48.8,-1.3,0],"id":938,"genFixation":0,"endPos":[89.8,40.8,0]}]])
[0m[0;32m[2026-09-16 14:14:14.723][VERB] RETURN: {"result":["$944","$948","$954","$960"]}
[0m[0;32m[2026-09-16 14:14:14.723][VERB] COMMANDCALL: _C.SafeAPI.Execute(["v1.sketch.getPoints",[{"id":944}]])
[0m[0;32m[2026-09-16 14:14:14.723][VERB] RETURN: {"result":{"endId":"$946","startId":"$945"}}
[0m[0;32m[2026-09-16 14:14:14.723][VERB] COMMANDCALL: _C.SafeAPI.Execute(["v1.sketch.point",[{"pos":[-1000,-1000,0],"id":938}]])
[0m[0;32m[2026-09-16 14:14:14.725][VERB] RETURN: {"result":"$976"}
[0m[0;32m[2026-09-16 14:14:14.725][VERB] COMMANDCALL: _C.SafeAPI.Execute(["v1.sketch.constraint",[{"type":"FIXATION","id":938,"geomIds":[976]}]])
[0m[0;32m[2026-09-16 14:14:14.726][VERB] RETURN: {"result":"$978"}
[0m[0;32m[2026-09-16 14:14:14.727][VERB] COMMANDCALL: _C.SafeAPI.Execute(["v1.sketch.dimension",[{"type":"HORIZONTAL_DISTANCE","value":"@expr.d144_position_x","name":"position_x","id":938,"geomIds":[976,945]}]])
[0m[0;32m[2026-09-16 14:14:14.732][VERB] RETURN: {"result":"$982"}
[0m[0;32m[2026-09-16 14:14:14.732][VERB] COMMANDCALL: _C.SafeAPI.Execute(["v1.sketch.dimension",[{"type":"VERTICAL_DISTANCE","value":"@expr.d145_position_y","name":"position_y","id":938,"geomIds":[976,945]}]])
[0m[0;32m[2026-09-16 14:14:14.738][VERB] RETURN: {"result":"$986"}
[0m[0;32m[2026-09-16 14:14:14.738][VERB] COMMANDCALL: _C.SafeAPI.Execute(["v1.sketch.dimension",[{"type":"OFFSET","value":"@expr.d146_width","name":"width","id":938,"geomIds":[944]}]])
[0m[0;32m[2026-09-16 14:14:14.745][VERB] RETURN: {"result":"$990"}
[0m[0;32m[2026-09-16 14:14:14.745][VERB] COMMANDCALL: _C.SafeAPI.Execute(["v1.sketch.dimension",[{"type":"OFFSET","value":"@expr.d147_depth","name":"depth","id":938,"geomIds":[948]}]])
[0m[0;32m[2026-09-16 14:14:14.753][VERB] RETURN: {"result":"$994"}
[0m[0;32m[2026-09-16 14:14:14.753][VERB] COMMANDCALL: _C.SafeAPI.Execute(["v1.part.extrusion",[{"references":[944,948,954,960],"name":"F142_makeBox_cad_primitives_py_8","taperAngle":0,"limit2":"@expr.d148_height","id":4}]])
[0m[0;32m[2026-09-16 14:14:14.759][VERB] RETURN: {"result":"$998"}
[0m[0;32m[2026-09-16 14:14:14.760][VERB] COMMANDCALL: _C.SafeAPI.Execute(["v1.part.workPlane",[{"type":"PLANE","references":[38],"name":"F149_makeBox_cad_primitives_py_8_plane","offset":"@expr.d150_plane_offset","id":4}]])
[0m[0;32m[2026-09-16 14:14:14.763][VERB] RETURN: {"result":"$1041"}
[0m[0;32m[2026-09-16 14:14:14.764][VERB] COMMANDCALL: _C.SafeAPI.Execute(["v1.sketch.create",[{"planeId":1041,"name":"F149_makeBox_cad_primitives_py_8_profile","id":4}]])
[0m[0;32m[2026-09-16 14:14:14.766][VERB] RETURN: {"result":"$1047"}
[0m[0;32m[2026-09-16 14:14:14.767][VERB] COMMANDCALL: _C.SafeAPI.Execute(["v1.sketch.rectangle",[{"startPos":[46.1,1.4,0],"id":1047,"genFixation":0,"endPos":[92.5,38.1,0]}]])
[0m[0;32m[2026-09-16 14:14:14.773][VERB] RETURN: {"result":["$1053","$1057","$1063","$1069"]}
[0m[0;32m[2026-09-16 14:14:14.774][VERB] COMMANDCALL: _C.SafeAPI.Execute(["v1.sketch.getPoints",[{"id":1053}]])
[0m[0;32m[2026-09-16 14:14:14.774][VERB] RETURN: {"result":{"endId":"$1055","startId":"$1054"}}
[0m[0;32m[2026-09-16 14:14:14.774][VERB] COMMANDCALL: _C.SafeAPI.Execute(["v1.sketch.point",[{"pos":[-1000,-1000,0],"id":1047}]])
[0m[0;32m[2026-09-16 14:14:14.776][VERB] RETURN: {"result":"$1085"}
[0m[0;32m[2026-09-16 14:14:14.776][VERB] COMMANDCALL: _C.SafeAPI.Execute(["v1.sketch.constraint",[{"type":"FIXATION","id":1047,"geomIds":[1085]}]])
[0m[0;32m[2026-09-16 14:14:14.778][VERB] RETURN: {"result":"$1087"}
[0m[0;32m[2026-09-16 14:14:14.778][VERB] COMMANDCALL: _C.SafeAPI.Execute(["v1.sketch.dimension",[{"type":"HORIZONTAL_DISTANCE","value":"@expr.d151_position_x","name":"position_x","id":1047,"geomIds":[1085,1054]}]])
[0m[0;32m[2026-09-16 14:14:14.784][VERB] RETURN: {"result":"$1091"}
[0m[0;32m[2026-09-16 14:14:14.784][VERB] COMMANDCALL: _C.SafeAPI.Execute(["v1.sketch.dimension",[{"type":"VERTICAL_DISTANCE","value":"@expr.d152_position_y","name":"position_y","id":1047,"geomIds":[1085,1054]}]])
[0m[0;32m[2026-09-16 14:14:14.791][VERB] RETURN: {"result":"$1095"}
[0m[0;32m[2026-09-16 14:14:14.791][VERB] COMMANDCALL: _C.SafeAPI.Execute(["v1.sketch.dimension",[{"type":"OFFSET","value":"@expr.d153_width","name":"width","id":1047,"geomIds":[1053]}]])
[0m[0;32m[2026-09-16 14:14:14.798][VERB] RETURN: {"result":"$1099"}
[0m[0;32m[2026-09-16 14:14:14.798][VERB] COMMANDCALL: _C.SafeAPI.Execute(["v1.sketch.dimension",[{"type":"OFFSET","value":"@expr.d154_depth","name":"depth","id":1047,"geomIds":[1057]}]])
[0m[0;32m[2026-09-16 14:14:14.806][VERB] RETURN: {"result":"$1103"}
[0m[0;32m[2026-09-16 14:14:14.807][VERB] COMMANDCALL: _C.SafeAPI.Execute(["v1.part.extrusion",[{"references":[1053,1057,1063,1069],"name":"F149_makeBox_cad_primitives_py_8","taperAngle":0,"limit2":"@expr.d155_height","id":4}]])
[0m[0;32m[2026-09-16 14:14:14.812][VERB] RETURN: {"result":"$1107"}
[0m[0;32m[2026-09-16 14:14:14.812][VERB] COMMANDCALL: _C.SafeAPI.Execute(["v1.part.workPlane",[{"type":"PLANE","references":[38],"name":"F156_makeCylinder_cad_primitives_py_12_plane","offset":"@expr.d157_plane_offset","id":4}]])
[0m[0;32m[2026-09-16 14:14:14.815][VERB] RETURN: {"result":"$1150"}
[0m[0;32m[2026-09-16 14:14:14.816][VERB] COMMANDCALL: _C.SafeAPI.Execute(["v1.sketch.create",[{"planeId":1150,"name":"F156_makeCylinder_cad_primitives_py_12_profile","id":4}]])
[0m[0;32m[2026-09-16 14:14:14.818][VERB] RETURN: {"result":"$1156"}
[0m[0;32m[2026-09-16 14:14:14.818][VERB] COMMANDCALL: _C.SafeAPI.Execute(["v1.sketch.circle",[{"radius":2.7,"id":1156,"genFixation":0,"centerPos":[48.8,1.4,0]}]])
[0m[0;32m[2026-09-16 14:14:14.819][VERB] RETURN: {"result":"$1162"}
[0m[0;32m[2026-09-16 14:14:14.819][VERB] COMMANDCALL: _C.SafeAPI.Execute(["v1.sketch.getPoints",[{"id":1162}]])
[0m[0;32m[2026-09-16 14:14:14.819][VERB] RETURN: {"result":{"centerId":"$1163"}}
[0m[0;32m[2026-09-16 14:14:14.820][VERB] COMMANDCALL: _C.SafeAPI.Execute(["v1.sketch.point",[{"pos":[-1000,-1000,0],"id":1156}]])
[0m[0;32m[2026-09-16 14:14:14.820][VERB] RETURN: {"result":"$1165"}
[0m[0;32m[2026-09-16 14:14:14.821][VERB] COMMANDCALL: _C.SafeAPI.Execute(["v1.sketch.constraint",[{"type":"FIXATION","id":1156,"geomIds":[1165]}]])
[0m[0;32m[2026-09-16 14:14:14.821][VERB] RETURN: {"result":"$1167"}
[0m[0;32m[2026-09-16 14:14:14.822][VERB] COMMANDCALL: _C.SafeAPI.Execute(["v1.sketch.dimension",[{"type":"HORIZONTAL_DISTANCE","value":"@expr.d158_position_x","name":"position_x","id":1156,"geomIds":[1165,1163]}]])
[0m[0;32m[2026-09-16 14:14:14.826][VERB] RETURN: {"result":"$1171"}
[0m[0;32m[2026-09-16 14:14:14.826][VERB] COMMANDCALL: _C.SafeAPI.Execute(["v1.sketch.dimension",[{"type":"VERTICAL_DISTANCE","value":"@expr.d159_position_y","name":"position_y","id":1156,"geomIds":[1165,1163]}]])
[0m[0;32m[2026-09-16 14:14:14.831][VERB] RETURN: {"result":"$1175"}
[0m[0;32m[2026-09-16 14:14:14.831][VERB] COMMANDCALL: _C.SafeAPI.Execute(["v1.sketch.dimension",[{"type":"RADIUS","value":"@expr.d160_radius","name":"radius","id":1156,"geomIds":[1162]}]])
[0m[0;32m[2026-09-16 14:14:14.837][VERB] RETURN: {"result":"$1179"}
[0m[0;32m[2026-09-16 14:14:14.837][VERB] COMMANDCALL: _C.SafeAPI.Execute(["v1.part.extrusion",[{"references":[1162],"name":"F156_makeCylinder_cad_primitives_py_12","taperAngle":0,"limit2":"@expr.d161_height","id":4}]])
[0m[0;32m[2026-09-16 14:14:14.843][VERB] RETURN: {"result":"$1183"}
[0m[0;32m[2026-09-16 14:14:14.843][VERB] COMMANDCALL: _C.SafeAPI.Execute(["v1.part.workPlane",[{"type":"PLANE","references":[38],"name":"F162_makeCylinder_cad_primitives_py_12_plane","offset":"@expr.d163_plane_offset","id":4}]])
[0m[0;32m[2026-09-16 14:14:14.847][VERB] RETURN: {"result":"$1205"}
[0m[0;32m[2026-09-16 14:14:14.847][VERB] COMMANDCALL: _C.SafeAPI.Execute(["v1.sketch.create",[{"planeId":1205,"name":"F162_makeCylinder_cad_primitives_py_12_profile","id":4}]])
[0m[0;32m[2026-09-16 14:14:14.849][VERB] RETURN: {"result":"$1211"}
[0m[0;32m[2026-09-16 14:14:14.850][VERB] COMMANDCALL: _C.SafeAPI.Execute(["v1.sketch.circle",[{"radius":2.7,"id":1211,"genFixation":0,"centerPos":[48.8,38.1,0]}]])
[0m[0;32m[2026-09-16 14:14:14.851][VERB] RETURN: {"result":"$1217"}
[0m[0;32m[2026-09-16 14:14:14.851][VERB] COMMANDCALL: _C.SafeAPI.Execute(["v1.sketch.getPoints",[{"id":1217}]])
[0m[0;32m[2026-09-16 14:14:14.851][VERB] RETURN: {"result":{"centerId":"$1218"}}
[0m[0;32m[2026-09-16 14:14:14.851][VERB] COMMANDCALL: _C.SafeAPI.Execute(["v1.sketch.point",[{"pos":[-1000,-1000,0],"id":1211}]])
[0m[0;32m[2026-09-16 14:14:14.852][VERB] RETURN: {"result":"$1220"}
[0m[0;32m[2026-09-16 14:14:14.853][VERB] COMMANDCALL: _C.SafeAPI.Execute(["v1.sketch.constraint",[{"type":"FIXATION","id":1211,"geomIds":[1220]}]])
[0m[0;32m[2026-09-16 14:14:14.854][VERB] RETURN: {"result":"$1222"}
[0m[0;32m[2026-09-16 14:14:14.854][VERB] COMMANDCALL: _C.SafeAPI.Execute(["v1.sketch.dimension",[{"type":"HORIZONTAL_DISTANCE","value":"@expr.d164_position_x","name":"position_x","id":1211,"geomIds":[1220,1218]}]])
[0m[0;32m[2026-09-16 14:14:14.858][VERB] RETURN: {"result":"$1226"}
[0m[0;32m[2026-09-16 14:14:14.858][VERB] COMMANDCALL: _C.SafeAPI.Execute(["v1.sketch.dimension",[{"type":"VERTICAL_DISTANCE","value":"@expr.d165_position_y","name":"position_y","id":1211,"geomIds":[1220,1218]}]])
[0m[0;32m[2026-09-16 14:14:14.863][VERB] RETURN: {"result":"$1230"}
[0m[0;32m[2026-09-16 14:14:14.863][VERB] COMMANDCALL: _C.SafeAPI.Execute(["v1.sketch.dimension",[{"type":"RADIUS","value":"@expr.d166_radius","name":"radius","id":1211,"geomIds":[1217]}]])
[0m[0;32m[2026-09-16 14:14:14.868][VERB] RETURN: {"result":"$1234"}
[0m[0;32m[2026-09-16 14:14:14.869][VERB] COMMANDCALL: _C.SafeAPI.Execute(["v1.part.extrusion",[{"references":[1217],"name":"F162_makeCylinder_cad_primitives_py_12","taperAngle":0,"limit2":"@expr.d167_height","id":4}]])
[0m[0;32m[2026-09-16 14:14:14.874][VERB] RETURN: {"result":"$1238"}
[0m[0;32m[2026-09-16 14:14:14.874][VERB] COMMANDCALL: _C.SafeAPI.Execute(["v1.part.workPlane",[{"type":"PLANE","references":[38],"name":"F168_makeCylinder_cad_primitives_py_12_plane","offset":"@expr.d169_plane_offset","id":4}]])
[0m[0;32m[2026-09-16 14:14:14.878][VERB] RETURN: {"result":"$1260"}
[0m[0;32m[2026-09-16 14:14:14.879][VERB] COMMANDCALL: _C.SafeAPI.Execute(["v1.sketch.create",[{"planeId":1260,"name":"F168_makeCylinder_cad_primitives_py_12_profile","id":4}]])
[0m[0;32m[2026-09-16 14:14:14.881][VERB] RETURN: {"result":"$1266"}
[0m[0;32m[2026-09-16 14:14:14.881][VERB] COMMANDCALL: _C.SafeAPI.Execute(["v1.sketch.circle",[{"radius":2.7,"id":1266,"genFixation":0,"centerPos":[89.8,1.4,0]}]])
[0m[0;32m[2026-09-16 14:14:14.882][VERB] RETURN: {"result":"$1272"}
[0m[0;32m[2026-09-16 14:14:14.882][VERB] COMMANDCALL: _C.SafeAPI.Execute(["v1.sketch.getPoints",[{"id":1272}]])
[0m[0;32m[2026-09-16 14:14:14.882][VERB] RETURN: {"result":{"centerId":"$1273"}}
[0m[0;32m[2026-09-16 14:14:14.882][VERB] COMMANDCALL: _C.SafeAPI.Execute(["v1.sketch.point",[{"pos":[-1000,-1000,0],"id":1266}]])
[0m[0;32m[2026-09-16 14:14:14.883][VERB] RETURN: {"result":"$1275"}
[0m[0;32m[2026-09-16 14:14:14.883][VERB] COMMANDCALL: _C.SafeAPI.Execute(["v1.sketch.constraint",[{"type":"FIXATION","id":1266,"geomIds":[1275]}]])
[0m[0;32m[2026-09-16 14:14:14.885][VERB] RETURN: {"result":"$1277"}
[0m[0;32m[2026-09-16 14:14:14.885][VERB] COMMANDCALL: _C.SafeAPI.Execute(["v1.sketch.dimension",[{"type":"HORIZONTAL_DISTANCE","value":"@expr.d170_position_x","name":"position_x","id":1266,"geomIds":[1275,1273]}]])
[0m[0;32m[2026-09-16 14:14:14.889][VERB] RETURN: {"result":"$1281"}
[0m[0;32m[2026-09-16 14:14:14.890][VERB] COMMANDCALL: _C.SafeAPI.Execute(["v1.sketch.dimension",[{"type":"VERTICAL_DISTANCE","value":"@expr.d171_position_y","name":"position_y","id":1266,"geomIds":[1275,1273]}]])
[0m[0;32m[2026-09-16 14:14:14.894][VERB] RETURN: {"result":"$1285"}
[0m[0;32m[2026-09-16 14:14:14.895][VERB] COMMANDCALL: _C.SafeAPI.Execute(["v1.sketch.dimension",[{"type":"RADIUS","value":"@expr.d172_radius","name":"radius","id":1266,"geomIds":[1272]}]])
[0m[0;32m[2026-09-16 14:14:14.900][VERB] RETURN: {"result":"$1289"}
[0m[0;32m[2026-09-16 14:14:14.901][VERB] COMMANDCALL: _C.SafeAPI.Execute(["v1.part.extrusion",[{"references":[1272],"name":"F168_makeCylinder_cad_primitives_py_12","taperAngle":0,"limit2":"@expr.d173_height","id":4}]])
[0m[0;32m[2026-09-16 14:14:14.906][VERB] RETURN: {"result":"$1293"}
[0m[0;32m[2026-09-16 14:14:14.906][VERB] COMMANDCALL: _C.SafeAPI.Execute(["v1.part.workPlane",[{"type":"PLANE","references":[38],"name":"F174_makeCylinder_cad_primitives_py_12_plane","offset":"@expr.d175_plane_offset","id":4}]])
[0m[0;32m[2026-09-16 14:14:14.909][VERB] RETURN: {"result":"$1315"}
[0m[0;32m[2026-09-16 14:14:14.910][VERB] COMMANDCALL: _C.SafeAPI.Execute(["v1.sketch.create",[{"planeId":1315,"name":"F174_makeCylinder_cad_primitives_py_12_profile","id":4}]])
[0m[0;32m[2026-09-16 14:14:14.912][VERB] RETURN: {"result":"$1321"}
[0m[0;32m[2026-09-16 14:14:14.912][VERB] COMMANDCALL: _C.SafeAPI.Execute(["v1.sketch.circle",[{"radius":2.7,"id":1321,"genFixation":0,"centerPos":[89.8,38.1,0]}]])
[0m[0;32m[2026-09-16 14:14:14.913][VERB] RETURN: {"result":"$1327"}
[0m[0;32m[2026-09-16 14:14:14.913][VERB] COMMANDCALL: _C.SafeAPI.Execute(["v1.sketch.getPoints",[{"id":1327}]])
[0m[0;32m[2026-09-16 14:14:14.914][VERB] RETURN: {"result":{"centerId":"$1328"}}
[0m[0;32m[2026-09-16 14:14:14.914][VERB] COMMANDCALL: _C.SafeAPI.Execute(["v1.sketch.point",[{"pos":[-1000,-1000,0],"id":1321}]])
[0m[0;32m[2026-09-16 14:14:14.915][VERB] RETURN: {"result":"$1330"}
[0m[0;32m[2026-09-16 14:14:14.915][VERB] COMMANDCALL: _C.SafeAPI.Execute(["v1.sketch.constraint",[{"type":"FIXATION","id":1321,"geomIds":[1330]}]])
[0m[0;32m[2026-09-16 14:14:14.916][VERB] RETURN: {"result":"$1332"}
[0m[0;32m[2026-09-16 14:14:14.916][VERB] COMMANDCALL: _C.SafeAPI.Execute(["v1.sketch.dimension",[{"type":"HORIZONTAL_DISTANCE","value":"@expr.d176_position_x","name":"position_x","id":1321,"geomIds":[1330,1328]}]])
[0m[0;32m[2026-09-16 14:14:14.921][VERB] RETURN: {"result":"$1336"}
[0m[0;32m[2026-09-16 14:14:14.921][VERB] COMMANDCALL: _C.SafeAPI.Execute(["v1.sketch.dimension",[{"type":"VERTICAL_DISTANCE","value":"@expr.d177_position_y","name":"position_y","id":1321,"geomIds":[1330,1328]}]])
[0m[0;32m[2026-09-16 14:14:14.926][VERB] RETURN: {"result":"$1340"}
[0m[0;32m[2026-09-16 14:14:14.927][VERB] COMMANDCALL: _C.SafeAPI.Execute(["v1.sketch.dimension",[{"type":"RADIUS","value":"@expr.d178_radius","name":"radius","id":1321,"geomIds":[1327]}]])
[0m[0;32m[2026-09-16 14:14:14.932][VERB] RETURN: {"result":"$1344"}
[0m[0;32m[2026-09-16 14:14:14.932][VERB] COMMANDCALL: _C.SafeAPI.Execute(["v1.part.extrusion",[{"references":[1327],"name":"F174_makeCylinder_cad_primitives_py_12","taperAngle":0,"limit2":"@expr.d179_height","id":4}]])
[0m[0;32m[2026-09-16 14:14:14.938][VERB] RETURN: {"result":"$1348"}
[0m[0;32m[2026-09-16 14:14:14.938][VERB] COMMANDCALL: _C.SafeAPI.Execute(["v1.part.workPlane",[{"type":"PLANE","references":[38],"name":"F180_makeBox_shell_skin_py_38_plane","offset":"@expr.d181_plane_offset","id":4}]])
[0m[0;32m[2026-09-16 14:14:14.942][VERB] RETURN: {"result":"$1370"}
[0m[0;32m[2026-09-16 14:14:14.942][VERB] COMMANDCALL: _C.SafeAPI.Execute(["v1.sketch.create",[{"planeId":1370,"name":"F180_makeBox_shell_skin_py_38_profile","id":4}]])
[0m[0;32m[2026-09-16 14:14:14.944][VERB] RETURN: {"result":"$1376"}
[0m[0;32m[2026-09-16 14:14:14.944][VERB] COMMANDCALL: _C.SafeAPI.Execute(["v1.sketch.rectangle",[{"startPos":[89.8,-1.3,0],"id":1376,"genFixation":0,"endPos":[92.5,40.8,0]}]])
[0m[0;32m[2026-09-16 14:14:14.951][VERB] RETURN: {"result":["$1382","$1386","$1392","$1398"]}
[0m[0;32m[2026-09-16 14:14:14.951][VERB] COMMANDCALL: _C.SafeAPI.Execute(["v1.sketch.getPoints",[{"id":1382}]])
[0m[0;32m[2026-09-16 14:14:14.951][VERB] RETURN: {"result":{"endId":"$1384","startId":"$1383"}}
[0m[0;32m[2026-09-16 14:14:14.951][VERB] COMMANDCALL: _C.SafeAPI.Execute(["v1.sketch.point",[{"pos":[-1000,-1000,0],"id":1376}]])
[0m[0;32m[2026-09-16 14:14:14.954][VERB] RETURN: {"result":"$1414"}
[0m[0;32m[2026-09-16 14:14:14.954][VERB] COMMANDCALL: _C.SafeAPI.Execute(["v1.sketch.constraint",[{"type":"FIXATION","id":1376,"geomIds":[1414]}]])
[0m[0;32m[2026-09-16 14:14:14.955][VERB] RETURN: {"result":"$1416"}
[0m[0;32m[2026-09-16 14:14:14.956][VERB] COMMANDCALL: _C.SafeAPI.Execute(["v1.sketch.dimension",[{"type":"HORIZONTAL_DISTANCE","value":"@expr.d182_position_x","name":"position_x","id":1376,"geomIds":[1414,1383]}]])
[0m[0;32m[2026-09-16 14:14:14.961][VERB] RETURN: {"result":"$1420"}
[0m[0;32m[2026-09-16 14:14:14.962][VERB] COMMANDCALL: _C.SafeAPI.Execute(["v1.sketch.dimension",[{"type":"VERTICAL_DISTANCE","value":"@expr.d183_position_y","name":"position_y","id":1376,"geomIds":[1414,1383]}]])
[0m[0;32m[2026-09-16 14:14:14.968][VERB] RETURN: {"result":"$1424"}
[0m[0;32m[2026-09-16 14:14:14.968][VERB] COMMANDCALL: _C.SafeAPI.Execute(["v1.sketch.dimension",[{"type":"OFFSET","value":"@expr.d184_width","name":"width","id":1376,"geomIds":[1382]}]])
[0m[0;32m[2026-09-16 14:14:14.974][INFO] Worker is ready
[0m

[0;32m[2026-09-16 14:14:14.975][VERB] RETURN: {"result":"$1428"}
[0m[0;32m[2026-09-16 14:14:14.975][VERB] COMMANDCALL: _C.SafeAPI.Execute(["v1.sketch.dimension",[{"type":"OFFSET","value":"@expr.d185_depth","name":"depth","id":1376,"geomIds":[1386]}]])
[0m[0;32m[2026-09-16 14:14:14.983][VERB] RETURN: {"result":"$1432"}
[0m[0;32m[2026-09-16 14:14:14.983][VERB] COMMANDCALL: _C.SafeAPI.Execute(["v1.part.extrusion",[{"references":[1382,1386,1392,1398],"name":"F180_makeBox_shell_skin_py_38","taperAngle":0,"limit2":"@expr.d186_height","id":4}]])
[0m[0;32m[2026-09-16 14:14:14.988][VERB] RETURN: {"result":"$1436"}
[0m[0;32m[2026-09-16 14:14:14.988][VERB] COMMANDCALL: _C.SafeAPI.Execute(["v1.part.workPlane",[{"type":"PLANE","references":[38],"name":"F187_makeBox_cad_primitives_py_8_plane","offset":"@expr.d188_plane_offset","id":4}]])
[0m[0;32m[2026-09-16 14:14:14.991][VERB] RETURN: {"result":"$1479"}
[0m[0;32m[2026-09-16 14:14:14.992][VERB] COMMANDCALL: _C.SafeAPI.Execute(["v1.sketch.create",[{"planeId":1479,"name":"F187_makeBox_cad_primitives_py_8_profile","id":4}]])
[0m[0;32m[2026-09-16 14:14:14.994][VERB] RETURN: {"result":"$1485"}
[0m[0;32m[2026-09-16 14:14:14.994][VERB] COMMANDCALL: _C.SafeAPI.Execute(["v1.sketch.rectangle",[{"startPos":[88.05,-7,0],"id":1485,"genFixation":0,"endPos":[92.5,5,0]}]])
[0m[0;32m[2026-09-16 14:14:15.000][VERB] RETURN: {"result":["$1491","$1495","$1501","$1507"]}
[0m[0;32m[2026-09-16 14:14:15.000][VERB] COMMANDCALL: _C.SafeAPI.Execute(["v1.sketch.getPoints",[{"id":1491}]])
[0m[0;32m[2026-09-16 14:14:15.000][VERB] RETURN: {"result":{"endId":"$1493","startId":"$1492"}}
[0m[0;32m[2026-09-16 14:14:15.001][VERB] COMMANDCALL: _C.SafeAPI.Execute(["v1.sketch.point",[{"pos":[-1000,-1000,0],"id":1485}]])
[0m[0;32m[2026-09-16 14:14:15.002][VERB] RETURN: {"result":"$1523"}
[0m[0;32m[2026-09-16 14:14:15.002][VERB] COMMANDCALL: _C.SafeAPI.Execute(["v1.sketch.constraint",[{"type":"FIXATION","id":1485,"geomIds":[1523]}]])
[0m[0;32m[2026-09-16 14:14:15.004][VERB] RETURN: {"result":"$1525"}
[0m[0;32m[2026-09-16 14:14:15.004][VERB] COMMANDCALL: _C.SafeAPI.Execute(["v1.sketch.dimension",[{"type":"HORIZONTAL_DISTANCE","value":"@expr.d189_position_x","name":"position_x","id":1485,"geomIds":[1523,1492]}]])
[0m[0;32m[2026-09-16 14:14:15.009][VERB] RETURN: {"result":"$1529"}
[0m[0;32m[2026-09-16 14:14:15.009][VERB] COMMANDCALL: _C.SafeAPI.Execute(["v1.sketch.dimension",[{"type":"VERTICAL_DISTANCE","value":"@expr.d190_position_y","name":"position_y","id":1485,"geomIds":[1523,1492]}]])
[0m[0;32m[2026-09-16 14:14:15.015][VERB] RETURN: {"result":"$1533"}
[0m[0;32m[2026-09-16 14:14:15.015][VERB] COMMANDCALL: _C.SafeAPI.Execute(["v1.sketch.dimension",[{"type":"OFFSET","value":"@expr.d191_width","name":"width","id":1485,"geomIds":[1491]}]])
[0m[0;32m[2026-09-16 14:14:15.022][VERB] RETURN: {"result":"$1537"}
[0m[0;32m[2026-09-16 14:14:15.022][VERB] COMMANDCALL: _C.SafeAPI.Execute(["v1.sketch.dimension",[{"type":"OFFSET","value":"@expr.d192_depth","name":"depth","id":1485,"geomIds":[1495]}]])
[0m[0;32m[2026-09-16 14:14:15.029][VERB] RETURN: {"result":"$1541"}
[0m[0;32m[2026-09-16 14:14:15.030][VERB] COMMANDCALL: _C.SafeAPI.Execute(["v1.part.extrusion",[{"references":[1491,1495,1501,1507],"name":"F187_makeBox_cad_primitives_py_8","taperAngle":0,"limit2":"@expr.d193_height","id":4}]])
[0m[0;32m[2026-09-16 14:14:15.034][VERB] RETURN: {"result":"$1545"}
[0m[0;32m[2026-09-16 14:14:15.035][VERB] COMMANDCALL: _C.SafeAPI.Execute(["v1.part.workPlane",[{"type":"PLANE","references":[38],"name":"F195_makeBox_cad_primitives_py_8_plane","offset":"@expr.d196_plane_offset","id":4}]])
[0m[0;32m[2026-09-16 14:14:15.038][VERB] RETURN: {"result":"$1588"}
[0m[0;32m[2026-09-16 14:14:15.038][VERB] COMMANDCALL: _C.SafeAPI.Execute(["v1.sketch.create",[{"planeId":1588,"name":"F195_makeBox_cad_primitives_py_8_profile","id":4}]])
[0m[0;32m[2026-09-16 14:14:15.040][VERB] RETURN: {"result":"$1594"}
[0m[0;32m[2026-09-16 14:14:15.040][VERB] COMMANDCALL: _C.SafeAPI.Execute(["v1.sketch.rectangle",[{"startPos":[85.35,-4,0],"id":1594,"genFixation":0,"endPos":[88.05,-1.3,0]}]])
[0m[0;32m[2026-09-16 14:14:15.047][VERB] RETURN: {"result":["$1600","$1604","$1610","$1616"]}
[0m[0;32m[2026-09-16 14:14:15.047][VERB] COMMANDCALL: _C.SafeAPI.Execute(["v1.sketch.getPoints",[{"id":1600}]])
[0m[0;32m[2026-09-16 14:14:15.047][VERB] RETURN: {"result":{"endId":"$1602","startId":"$1601"}}
[0m[0;32m[2026-09-16 14:14:15.047][VERB] COMMANDCALL: _C.SafeAPI.Execute(["v1.sketch.point",[{"pos":[-1000,-1000,0],"id":1594}]])
[0m[0;32m[2026-09-16 14:14:15.049][VERB] RETURN: {"result":"$1632"}
[0m[0;32m[2026-09-16 14:14:15.049][VERB] COMMANDCALL: _C.SafeAPI.Execute(["v1.sketch.constraint",[{"type":"FIXATION","id":1594,"geomIds":[1632]}]])
[0m[0;32m[2026-09-16 14:14:15.051][VERB] RETURN: {"result":"$1634"}
[0m[0;32m[2026-09-16 14:14:15.051][VERB] COMMANDCALL: _C.SafeAPI.Execute(["v1.sketch.dimension",[{"type":"HORIZONTAL_DISTANCE","value":"@expr.d197_position_x","name":"position_x","id":1594,"geomIds":[1632,1601]}]])
[0m[0;32m[2026-09-16 14:14:15.056][VERB] RETURN: {"result":"$1638"}
[0m[0;32m[2026-09-16 14:14:15.057][VERB] COMMANDCALL: _C.SafeAPI.Execute(["v1.sketch.dimension",[{"type":"VERTICAL_DISTANCE","value":"@expr.d198_position_y","name":"position_y","id":1594,"geomIds":[1632,1601]}]])
[0m[0;32m[2026-09-16 14:14:15.062][VERB] RETURN: {"result":"$1642"}
[0m[0;32m[2026-09-16 14:14:15.063][VERB] COMMANDCALL: _C.SafeAPI.Execute(["v1.sketch.dimension",[{"type":"OFFSET","value":"@expr.d199_width","name":"width","id":1594,"geomIds":[1600]}]])
[0m[0;32m[2026-09-16 14:14:15.070][VERB] RETURN: {"result":"$1646"}
[0m[0;32m[2026-09-16 14:14:15.070][VERB] COMMANDCALL: _C.SafeAPI.Execute(["v1.sketch.dimension",[{"type":"OFFSET","value":"@expr.d200_depth","name":"depth","id":1594,"geomIds":[1604]}]])
[0m[0;32m[2026-09-16 14:14:15.077][VERB] RETURN: {"result":"$1650"}
[0m[0;32m[2026-09-16 14:14:15.077][VERB] COMMANDCALL: _C.SafeAPI.Execute(["v1.part.extrusion",[{"references":[1600,1604,1610,1616],"name":"F195_makeBox_cad_primitives_py_8","taperAngle":0,"limit2":"@expr.d201_height","id":4}]])
[0m[0;32m[2026-09-16 14:14:15.082][VERB] RETURN: {"result":"$1654"}
[0m[0;32m[2026-09-16 14:14:15.082][VERB] COMMANDCALL: _C.SafeAPI.Execute(["v1.part.workPlane",[{"type":"PLANE","references":[38],"name":"F202_makeCylinder_cad_primitives_py_12_plane","offset":"@expr.d203_plane_offset","id":4}]])
[0m[0;32m[2026-09-16 14:14:15.086][VERB] RETURN: {"result":"$1697"}
[0m[0;32m[2026-09-16 14:14:15.086][VERB] COMMANDCALL: _C.SafeAPI.Execute(["v1.sketch.create",[{"planeId":1697,"name":"F202_makeCylinder_cad_primitives_py_12_profile","id":4}]])
[0m[0;32m[2026-09-16 14:14:15.088][VERB] RETURN: {"result":"$1703"}
[0m[0;32m[2026-09-16 14:14:15.088][VERB] COMMANDCALL: _C.SafeAPI.Execute(["v1.sketch.circle",[{"radius":2.7,"id":1703,"genFixation":0,"centerPos":[85.35,-4,0]}]])
[0m[0;32m[2026-09-16 14:14:15.089][VERB] RETURN: {"result":"$1709"}
[0m[0;32m[2026-09-16 14:14:15.089][VERB] COMMANDCALL: _C.SafeAPI.Execute(["v1.sketch.getPoints",[{"id":1709}]])
[0m[0;32m[2026-09-16 14:14:15.089][VERB] RETURN: {"result":{"centerId":"$1710"}}
[0m[0;32m[2026-09-16 14:14:15.090][VERB] COMMANDCALL: _C.SafeAPI.Execute(["v1.sketch.point",[{"pos":[-1000,-1000,0],"id":1703}]])
[0m[0;32m[2026-09-16 14:14:15.090][VERB] RETURN: {"result":"$1712"}
[0m[0;32m[2026-09-16 14:14:15.091][VERB] COMMANDCALL: _C.SafeAPI.Execute(["v1.sketch.constraint",[{"type":"FIXATION","id":1703,"geomIds":[1712]}]])
[0m[0;32m[2026-09-16 14:14:15.091][VERB] RETURN: {"result":"$1714"}
[0m[0;32m[2026-09-16 14:14:15.092][VERB] COMMANDCALL: _C.SafeAPI.Execute(["v1.sketch.dimension",[{"type":"HORIZONTAL_DISTANCE","value":"@expr.d204_position_x","name":"position_x","id":1703,"geomIds":[1712,1710]}]])
[0m[0;32m[2026-09-16 14:14:15.096][VERB] RETURN: {"result":"$1718"}
[0m[0;32m[2026-09-16 14:14:15.096][VERB] COMMANDCALL: _C.SafeAPI.Execute(["v1.sketch.dimension",[{"type":"VERTICAL_DISTANCE","value":"@expr.d205_position_y","name":"position_y","id":1703,"geomIds":[1712,1710]}]])
[0m[0;32m[2026-09-16 14:14:15.101][VERB] RETURN: {"result":"$1722"}
[0m[0;32m[2026-09-16 14:14:15.101][VERB] COMMANDCALL: _C.SafeAPI.Execute(["v1.sketch.dimension",[{"type":"RADIUS","value":"@expr.d206_radius","name":"radius","id":1703,"geomIds":[1709]}]])
[0m[0;32m[2026-09-16 14:14:15.106][VERB] RETURN: {"result":"$1726"}
[0m[0;32m[2026-09-16 14:14:15.106][VERB] COMMANDCALL: _C.SafeAPI.Execute(["v1.part.extrusion",[{"references":[1709],"name":"F202_makeCylinder_cad_primitives_py_12","taperAngle":0,"limit2":"@expr.d207_height","id":4}]])
[0m[0;32m[2026-09-16 14:14:15.111][VERB] RETURN: {"result":"$1730"}
[0m[0;32m[2026-09-16 14:14:15.112][VERB] COMMANDCALL: _C.SafeAPI.Execute(["v1.part.boolean",[{"type":"SUBTRACTION","tools":[1730],"target":1654,"name":"F194_cut_housing_shell_py_25","id":4}]])
[0m[0;32m[2026-09-16 14:14:15.119][VERB] RETURN: {"result":"$1752"}
[0m[0;32m[2026-09-16 14:14:15.119][VERB] COMMANDCALL: _C.SafeAPI.Execute(["v1.part.workPlane",[{"type":"PLANE","references":[38],"name":"F208_makeBox_cad_primitives_py_8_plane","offset":"@expr.d209_plane_offset","id":4}]])
[0m[0;32m[2026-09-16 14:14:15.122][VERB] RETURN: {"result":"$1770"}
[0m[0;32m[2026-09-16 14:14:15.123][VERB] COMMANDCALL: _C.SafeAPI.Execute(["v1.sketch.create",[{"planeId":1770,"name":"F208_makeBox_cad_primitives_py_8_profile","id":4}]])
[0m[0;32m[2026-09-16 14:14:15.125][VERB] RETURN: {"result":"$1776"}
[0m[0;32m[2026-09-16 14:14:15.125][VERB] COMMANDCALL: _C.SafeAPI.Execute(["v1.sketch.rectangle",[{"startPos":[88.05,30,0],"id":1776,"genFixation":0,"endPos":[92.5,41.3,0]}]])
[0m[0;32m[2026-09-16 14:14:15.131][VERB] RETURN: {"result":["$1782","$1786","$1792","$1798"]}
[0m[0;32m[2026-09-16 14:14:15.131][VERB] COMMANDCALL: _C.SafeAPI.Execute(["v1.sketch.getPoints",[{"id":1782}]])
[0m[0;32m[2026-09-16 14:14:15.131][VERB] RETURN: {"result":{"endId":"$1784","startId":"$1783"}}
[0m[0;32m[2026-09-16 14:14:15.131][VERB] COMMANDCALL: _C.SafeAPI.Execute(["v1.sketch.point",[{"pos":[-1000,-1000,0],"id":1776}]])
[0m[0;32m[2026-09-16 14:14:15.133][VERB] RETURN: {"result":"$1814"}
[0m[0;32m[2026-09-16 14:14:15.134][VERB] COMMANDCALL: _C.SafeAPI.Execute(["v1.sketch.constraint",[{"type":"FIXATION","id":1776,"geomIds":[1814]}]])
[0m[0;32m[2026-09-16 14:14:15.135][VERB] RETURN: {"result":"$1816"}
[0m[0;32m[2026-09-16 14:14:15.135][VERB] COMMANDCALL: _C.SafeAPI.Execute(["v1.sketch.dimension",[{"type":"HORIZONTAL_DISTANCE","value":"@expr.d210_position_x","name":"position_x","id":1776,"geomIds":[1814,1783]}]])
[0m[0;32m[2026-09-16 14:14:15.140][VERB] RETURN: {"result":"$1820"}
[0m[0;32m[2026-09-16 14:14:15.141][VERB] COMMANDCALL: _C.SafeAPI.Execute(["v1.sketch.dimension",[{"type":"VERTICAL_DISTANCE","value":"@expr.d211_position_y","name":"position_y","id":1776,"geomIds":[1814,1783]}]])
[0m[0;32m[2026-09-16 14:14:15.146][VERB] RETURN: {"result":"$1824"}
[0m[0;32m[2026-09-16 14:14:15.146][VERB] COMMANDCALL: _C.SafeAPI.Execute(["v1.sketch.dimension",[{"type":"OFFSET","value":"@expr.d212_width","name":"width","id":1776,"geomIds":[1782]}]])
[0m[0;32m[2026-09-16 14:14:15.153][VERB] RETURN: {"result":"$1828"}
[0m[0;32m[2026-09-16 14:14:15.153][VERB] COMMANDCALL: _C.SafeAPI.Execute(["v1.sketch.dimension",[{"type":"OFFSET","value":"@expr.d213_depth","name":"depth","id":1776,"geomIds":[1786]}]])
[0m[0;32m[2026-09-16 14:14:15.161][VERB] RETURN: {"result":"$1832"}
[0m[0;32m[2026-09-16 14:14:15.161][VERB] COMMANDCALL: _C.SafeAPI.Execute(["v1.part.extrusion",[{"references":[1782,1786,1792,1798],"name":"F208_makeBox_cad_primitives_py_8","taperAngle":0,"limit2":"@expr.d214_height","id":4}]])
[0m[0;32m[2026-09-16 14:14:15.166][VERB] RETURN: {"result":"$1836"}
[0m[0;32m[2026-09-16 14:14:15.166][VERB] COMMANDCALL: _C.SafeAPI.Execute(["v1.part.workPlane",[{"type":"PLANE","references":[38],"name":"F215_makeBox_cad_primitives_py_8_plane","offset":"@expr.d216_plane_offset","id":4}]])
[0m[0;32m[2026-09-16 14:14:15.169][VERB] RETURN: {"result":"$1879"}
[0m[0;32m[2026-09-16 14:14:15.170][VERB] COMMANDCALL: _C.SafeAPI.Execute(["v1.sketch.create",[{"planeId":1879,"name":"F215_makeBox_cad_primitives_py_8_profile","id":4}]])
[0m[0;32m[2026-09-16 14:14:15.172][VERB] RETURN: {"result":"$1885"}
[0m[0;32m[2026-09-16 14:14:15.172][VERB] COMMANDCALL: _C.SafeAPI.Execute(["v1.sketch.rectangle",[{"startPos":[88.05,30,0],"id":1885,"genFixation":0,"endPos":[92.5,38,0]}]])
[0m[0;32m[2026-09-16 14:14:15.178][VERB] RETURN: {"result":["$1891","$1895","$1901","$1907"]}
[0m[0;32m[2026-09-16 14:14:15.178][VERB] COMMANDCALL: _C.SafeAPI.Execute(["v1.sketch.getPoints",[{"id":1891}]])
[0m[0;32m[2026-09-16 14:14:15.178][VERB] RETURN: {"result":{"endId":"$1893","startId":"$1892"}}
[0m[0;32m[2026-09-16 14:14:15.178][VERB] COMMANDCALL: _C.SafeAPI.Execute(["v1.sketch.point",[{"pos":[-1000,-1000,0],"id":1885}]])
[0m[0;32m[2026-09-16 14:14:15.180][VERB] RETURN: {"result":"$1923"}
[0m[0;32m[2026-09-16 14:14:15.180][VERB] COMMANDCALL: _C.SafeAPI.Execute(["v1.sketch.constraint",[{"type":"FIXATION","id":1885,"geomIds":[1923]}]])
[0m[0;32m[2026-09-16 14:14:15.182][VERB] RETURN: {"result":"$1925"}
[0m[0;32m[2026-09-16 14:14:15.182][VERB] COMMANDCALL: _C.SafeAPI.Execute(["v1.sketch.dimension",[{"type":"HORIZONTAL_DISTANCE","value":"@expr.d217_position_x","name":"position_x","id":1885,"geomIds":[1923,1892]}]])
[0m[0;32m[2026-09-16 14:14:15.187][VERB] RETURN: {"result":"$1929"}
[0m[0;32m[2026-09-16 14:14:15.187][VERB] COMMANDCALL: _C.SafeAPI.Execute(["v1.sketch.dimension",[{"type":"VERTICAL_DISTANCE","value":"@expr.d218_position_y","name":"position_y","id":1885,"geomIds":[1923,1892]}]])
[0m[0;32m[2026-09-16 14:14:15.193][VERB] RETURN: {"result":"$1933"}
[0m[0;32m[2026-09-16 14:14:15.193][VERB] COMMANDCALL: _C.SafeAPI.Execute(["v1.sketch.dimension",[{"type":"OFFSET","value":"@expr.d219_width","name":"width","id":1885,"geomIds":[1891]}]])
[0m[0;32m[2026-09-16 14:14:15.200][VERB] RETURN: {"result":"$1937"}
[0m[0;32m[2026-09-16 14:14:15.200][VERB] COMMANDCALL: _C.SafeAPI.Execute(["v1.sketch.dimension",[{"type":"OFFSET","value":"@expr.d220_depth","name":"depth","id":1885,"geomIds":[1895]}]])
[0m[0;32m[2026-09-16 14:14:15.208][VERB] RETURN: {"result":"$1941"}
[0m[0;32m[2026-09-16 14:14:15.208][VERB] COMMANDCALL: _C.SafeAPI.Execute(["v1.part.extrusion",[{"references":[1891,1895,1901,1907],"name":"F215_makeBox_cad_primitives_py_8","taperAngle":0,"limit2":"@expr.d221_height","id":4}]])
[0m[0;32m[2026-09-16 14:14:15.212][VERB] RETURN: {"result":"$1945"}
[0m[0;32m[2026-09-16 14:14:15.213][VERB] COMMANDCALL: _C.SafeAPI.Execute(["v1.part.workPlane",[{"type":"PLANE","references":[38],"name":"F223_makeBox_cad_primitives_py_8_plane","offset":"@expr.d224_plane_offset","id":4}]])
[0m[0;32m[2026-09-16 14:14:15.216][VERB] RETURN: {"result":"$1988"}
[0m[0;32m[2026-09-16 14:14:15.216][VERB] COMMANDCALL: _C.SafeAPI.Execute(["v1.sketch.create",[{"planeId":1988,"name":"F223_makeBox_cad_primitives_py_8_profile","id":4}]])
[0m[0;32m[2026-09-16 14:14:15.218][VERB] RETURN: {"result":"$1994"}
[0m[0;32m[2026-09-16 14:14:15.218][VERB] COMMANDCALL: _C.SafeAPI.Execute(["v1.sketch.rectangle",[{"startPos":[59.1,40.8,0],"id":1994,"genFixation":0,"endPos":[63.1,44.8,0]}]])
[0m[0;32m[2026-09-16 14:14:15.225][VERB] RETURN: {"result":["$2000","$2004","$2010","$2016"]}
[0m[0;32m[2026-09-16 14:14:15.225][VERB] COMMANDCALL: _C.SafeAPI.Execute(["v1.sketch.getPoints",[{"id":2000}]])
[0m[0;32m[2026-09-16 14:14:15.225][VERB] RETURN: {"result":{"endId":"$2002","startId":"$2001"}}
[0m[0;32m[2026-09-16 14:14:15.225][VERB] COMMANDCALL: _C.SafeAPI.Execute(["v1.sketch.point",[{"pos":[-1000,-1000,0],"id":1994}]])
[0m[0;32m[2026-09-16 14:14:15.227][VERB] RETURN: {"result":"$2032"}
[0m[0;32m[2026-09-16 14:14:15.227][VERB] COMMANDCALL: _C.SafeAPI.Execute(["v1.sketch.constraint",[{"type":"FIXATION","id":1994,"geomIds":[2032]}]])
[0m[0;32m[2026-09-16 14:14:15.228][VERB] RETURN: {"result":"$2034"}
[0m[0;32m[2026-09-16 14:14:15.229][VERB] COMMANDCALL: _C.SafeAPI.Execute(["v1.sketch.dimension",[{"type":"HORIZONTAL_DISTANCE","value":"@expr.d225_position_x","name":"position_x","id":1994,"geomIds":[2032,2001]}]])
[0m[0;32m[2026-09-16 14:14:15.234][VERB] RETURN: {"result":"$2038"}
[0m[0;32m[2026-09-16 14:14:15.234][VERB] COMMANDCALL: _C.SafeAPI.Execute(["v1.sketch.dimension",[{"type":"VERTICAL_DISTANCE","value":"@expr.d226_position_y","name":"position_y","id":1994,"geomIds":[2032,2001]}]])
[0m[0;32m[2026-09-16 14:14:15.239][VERB] RETURN: {"result":"$2042"}
[0m[0;32m[2026-09-16 14:14:15.240][VERB] COMMANDCALL: _C.SafeAPI.Execute(["v1.sketch.dimension",[{"type":"OFFSET","value":"@expr.d227_width","name":"width","id":1994,"geomIds":[2000]}]])
[0m[0;32m[2026-09-16 14:14:15.246][VERB] RETURN: {"result":"$2046"}
[0m[0;32m[2026-09-16 14:14:15.246][VERB] COMMANDCALL: _C.SafeAPI.Execute(["v1.sketch.dimension",[{"type":"OFFSET","value":"@expr.d228_depth","name":"depth","id":1994,"geomIds":[2004]}]])
[0m[0;32m[2026-09-16 14:14:15.253][VERB] RETURN: {"result":"$2050"}
[0m[0;32m[2026-09-16 14:14:15.254][VERB] COMMANDCALL: _C.SafeAPI.Execute(["v1.part.extrusion",[{"references":[2000,2004,2010,2016],"name":"F223_makeBox_cad_primitives_py_8","taperAngle":0,"limit2":"@expr.d229_height","id":4}]])
[0m[0;32m[2026-09-16 14:14:15.258][VERB] RETURN: {"result":"$2054"}
[0m[0;32m[2026-09-16 14:14:15.259][VERB] COMMANDCALL: _C.SafeAPI.Execute(["v1.part.workPlane",[{"type":"PLANE","references":[38],"name":"F230_makeCylinder_cad_primitives_py_12_plane","offset":"@expr.d231_plane_offset","id":4}]])
[0m[0;32m[2026-09-16 14:14:15.262][VERB] RETURN: {"result":"$2097"}
[0m[0;32m[2026-09-16 14:14:15.262][VERB] COMMANDCALL: _C.SafeAPI.Execute(["v1.sketch.create",[{"planeId":2097,"name":"F230_makeCylinder_cad_primitives_py_12_profile","id":4}]])
[0m[0;32m[2026-09-16 14:14:15.264][VERB] RETURN: {"result":"$2103"}
[0m[0;32m[2026-09-16 14:14:15.264][VERB] COMMANDCALL: _C.SafeAPI.Execute(["v1.sketch.circle",[{"radius":4,"id":2103,"genFixation":0,"centerPos":[63.1,44.8,0]}]])
[0m[0;32m[2026-09-16 14:14:15.265][VERB] RETURN: {"result":"$2109"}
[0m[0;32m[2026-09-16 14:14:15.266][VERB] COMMANDCALL: _C.SafeAPI.Execute(["v1.sketch.getPoints",[{"id":2109}]])
[0m[0;32m[2026-09-16 14:14:15.266][VERB] RETURN: {"result":{"centerId":"$2110"}}
[0m[0;32m[2026-09-16 14:14:15.266][VERB] COMMANDCALL: _C.SafeAPI.Execute(["v1.sketch.point",[{"pos":[-1000,-1000,0],"id":2103}]])
[0m[0;32m[2026-09-16 14:14:15.267][VERB] RETURN: {"result":"$2112"}
[0m[0;32m[2026-09-16 14:14:15.267][VERB] COMMANDCALL: _C.SafeAPI.Execute(["v1.sketch.constraint",[{"type":"FIXATION","id":2103,"geomIds":[2112]}]])
[0m[0;32m[2026-09-16 14:14:15.268][VERB] RETURN: {"result":"$2114"}
[0m[0;32m[2026-09-16 14:14:15.268][VERB] COMMANDCALL: _C.SafeAPI.Execute(["v1.sketch.dimension",[{"type":"HORIZONTAL_DISTANCE","value":"@expr.d232_position_x","name":"position_x","id":2103,"geomIds":[2112,2110]}]])
[0m[0;32m[2026-09-16 14:14:15.272][VERB] RETURN: {"result":"$2118"}
[0m[0;32m[2026-09-16 14:14:15.272][VERB] COMMANDCALL: _C.SafeAPI.Execute(["v1.sketch.dimension",[{"type":"VERTICAL_DISTANCE","value":"@expr.d233_position_y","name":"position_y","id":2103,"geomIds":[2112,2110]}]])
[0m[0;32m[2026-09-16 14:14:15.277][VERB] RETURN: {"result":"$2122"}
[0m[0;32m[2026-09-16 14:14:15.277][VERB] COMMANDCALL: _C.SafeAPI.Execute(["v1.sketch.dimension",[{"type":"RADIUS","value":"@expr.d234_radius","name":"radius","id":2103,"geomIds":[2109]}]])
[0m[0;32m[2026-09-16 14:14:15.282][VERB] RETURN: {"result":"$2126"}
[0m[0;32m[2026-09-16 14:14:15.282][VERB] COMMANDCALL: _C.SafeAPI.Execute(["v1.part.extrusion",[{"references":[2109],"name":"F230_makeCylinder_cad_primitives_py_12","taperAngle":0,"limit2":"@expr.d235_height","id":4}]])
[0m[0;32m[2026-09-16 14:14:15.287][VERB] RETURN: {"result":"$2130"}
[0m[0;32m[2026-09-16 14:14:15.287][VERB] COMMANDCALL: _C.SafeAPI.Execute(["v1.part.boolean",[{"type":"SUBTRACTION","tools":[2130],"target":2054,"name":"F222_cut_housing_shell_py_39","id":4}]])
[0m[0;32m[2026-09-16 14:14:15.292][VERB] RETURN: {"result":"$2152"}
[0m[0;32m[2026-09-16 14:14:15.293][VERB] COMMANDCALL: _C.SafeAPI.Execute(["v1.part.workPlane",[{"type":"PLANE","references":[38],"name":"F237_makeBox_cad_primitives_py_8_plane","offset":"@expr.d238_plane_offset","id":4}]])
[0m[0;32m[2026-09-16 14:14:15.296][VERB] RETURN: {"result":"$2170"}
[0m[0;32m[2026-09-16 14:14:15.296][VERB] COMMANDCALL: _C.SafeAPI.Execute(["v1.sketch.create",[{"planeId":2170,"name":"F237_makeBox_cad_primitives_py_8_profile","id":4}]])
[0m[0;32m[2026-09-16 14:14:15.298][VERB] RETURN: {"result":"$2176"}
[0m[0;32m[2026-09-16 14:14:15.298][VERB] COMMANDCALL: _C.SafeAPI.Execute(["v1.sketch.rectangle",[{"startPos":[42.1,16.1,0],"id":2176,"genFixation":0,"endPos":[46.1,20.1,0]}]])
[0m[0;32m[2026-09-16 14:14:15.305][VERB] RETURN: {"result":["$2182","$2186","$2192","$2198"]}
[0m[0;32m[2026-09-16 14:14:15.305][VERB] COMMANDCALL: _C.SafeAPI.Execute(["v1.sketch.getPoints",[{"id":2182}]])
[0m[0;32m[2026-09-16 14:14:15.305][VERB] RETURN: {"result":{"endId":"$2184","startId":"$2183"}}
[0m[0;32m[2026-09-16 14:14:15.305][VERB] COMMANDCALL: _C.SafeAPI.Execute(["v1.sketch.point",[{"pos":[-1000,-1000,0],"id":2176}]])
[0m[0;32m[2026-09-16 14:14:15.307][VERB] RETURN: {"result":"$2214"}
[0m[0;32m[2026-09-16 14:14:15.307][VERB] COMMANDCALL: _C.SafeAPI.Execute(["v1.sketch.constraint",[{"type":"FIXATION","id":2176,"geomIds":[2214]}]])
[0m[0;32m[2026-09-16 14:14:15.308][VERB] RETURN: {"result":"$2216"}
[0m[0;32m[2026-09-16 14:14:15.308][VERB] COMMANDCALL: _C.SafeAPI.Execute(["v1.sketch.dimension",[{"type":"HORIZONTAL_DISTANCE","value":"@expr.d239_position_x","name":"position_x","id":2176,"geomIds":[2214,2183]}]])
[0m[0;32m[2026-09-16 14:14:15.314][VERB] RETURN: {"result":"$2220"}
[0m[0;32m[2026-09-16 14:14:15.314][VERB] COMMANDCALL: _C.SafeAPI.Execute(["v1.sketch.dimension",[{"type":"VERTICAL_DISTANCE","value":"@expr.d240_position_y","name":"position_y","id":2176,"geomIds":[2214,2183]}]])
[0m[0;32m[2026-09-16 14:14:15.320][VERB] RETURN: {"result":"$2224"}
[0m[0;32m[2026-09-16 14:14:15.320][VERB] COMMANDCALL: _C.SafeAPI.Execute(["v1.sketch.dimension",[{"type":"OFFSET","value":"@expr.d241_width","name":"width","id":2176,"geomIds":[2182]}]])
[0m[0;32m[2026-09-16 14:14:15.327][VERB] RETURN: {"result":"$2228"}
[0m[0;32m[2026-09-16 14:14:15.327][VERB] COMMANDCALL: _C.SafeAPI.Execute(["v1.sketch.dimension",[{"type":"OFFSET","value":"@expr.d242_depth","name":"depth","id":2176,"geomIds":[2186]}]])
[0m[0;32m[2026-09-16 14:14:15.335][VERB] RETURN: {"result":"$2232"}
[0m[0;32m[2026-09-16 14:14:15.335][VERB] COMMANDCALL: _C.SafeAPI.Execute(["v1.part.extrusion",[{"references":[2182,2186,2192,2198],"name":"F237_makeBox_cad_primitives_py_8","taperAngle":0,"limit2":"@expr.d243_height","id":4}]])
[0m[0;32m[2026-09-16 14:14:15.340][VERB] RETURN: {"result":"$2236"}
[0m[0;32m[2026-09-16 14:14:15.340][VERB] COMMANDCALL: _C.SafeAPI.Execute(["v1.part.workPlane",[{"type":"PLANE","references":[38],"name":"F244_makeCylinder_cad_primitives_py_12_plane","offset":"@expr.d245_plane_offset","id":4}]])
[0m[0;32m[2026-09-16 14:14:15.344][VERB] RETURN: {"result":"$2279"}
[0m[0;32m[2026-09-16 14:14:15.344][VERB] COMMANDCALL: _C.SafeAPI.Execute(["v1.sketch.create",[{"planeId":2279,"name":"F244_makeCylinder_cad_primitives_py_12_profile","id":4}]])
[0m[0;32m[2026-09-16 14:14:15.346][VERB] RETURN: {"result":"$2285"}
[0m[0;32m[2026-09-16 14:14:15.346][VERB] COMMANDCALL: _C.SafeAPI.Execute(["v1.sketch.circle",[{"radius":4,"id":2285,"genFixation":0,"centerPos":[42.1,16.1,0]}]])
[0m[0;32m[2026-09-16 14:14:15.347][VERB] RETURN: {"result":"$2291"}
[0m[0;32m[2026-09-16 14:14:15.347][VERB] COMMANDCALL: _C.SafeAPI.Execute(["v1.sketch.getPoints",[{"id":2291}]])
[0m[0;32m[2026-09-16 14:14:15.347][VERB] RETURN: {"result":{"centerId":"$2292"}}
[0m[0;32m[2026-09-16 14:14:15.347][VERB] COMMANDCALL: _C.SafeAPI.Execute(["v1.sketch.point",[{"pos":[-1000,-1000,0],"id":2285}]])
[0m[0;32m[2026-09-16 14:14:15.348][VERB] RETURN: {"result":"$2294"}
[0m[0;32m[2026-09-16 14:14:15.348][VERB] COMMANDCALL: _C.SafeAPI.Execute(["v1.sketch.constraint",[{"type":"FIXATION","id":2285,"geomIds":[2294]}]])
[0m[0;32m[2026-09-16 14:14:15.349][VERB] RETURN: {"result":"$2296"}
[0m[0;32m[2026-09-16 14:14:15.349][VERB] COMMANDCALL: _C.SafeAPI.Execute(["v1.sketch.dimension",[{"type":"HORIZONTAL_DISTANCE","value":"@expr.d246_position_x","name":"position_x","id":2285,"geomIds":[2294,2292]}]])
[0m[0;32m[2026-09-16 14:14:15.354][VERB] RETURN: {"result":"$2300"}
[0m[0;32m[2026-09-16 14:14:15.354][VERB] COMMANDCALL: _C.SafeAPI.Execute(["v1.sketch.dimension",[{"type":"VERTICAL_DISTANCE","value":"@expr.d247_position_y","name":"position_y","id":2285,"geomIds":[2294,2292]}]])
[0m[0;32m[2026-09-16 14:14:15.359][VERB] RETURN: {"result":"$2304"}
[0m[0;32m[2026-09-16 14:14:15.359][VERB] COMMANDCALL: _C.SafeAPI.Execute(["v1.sketch.dimension",[{"type":"RADIUS","value":"@expr.d248_radius","name":"radius","id":2285,"geomIds":[2291]}]])
[0m[0;32m[2026-09-16 14:14:15.364][VERB] RETURN: {"result":"$2308"}
[0m[0;32m[2026-09-16 14:14:15.364][VERB] COMMANDCALL: _C.SafeAPI.Execute(["v1.part.extrusion",[{"references":[2291],"name":"F244_makeCylinder_cad_primitives_py_12","taperAngle":0,"limit2":"@expr.d249_height","id":4}]])
[0m[0;32m[2026-09-16 14:14:15.369][VERB] RETURN: {"result":"$2312"}
[0m[0;32m[2026-09-16 14:14:15.370][VERB] COMMANDCALL: _C.SafeAPI.Execute(["v1.part.boolean",[{"type":"SUBTRACTION","tools":[2312],"target":2236,"name":"F236_cut_housing_shell_py_48","id":4}]])
[0m[0;32m[2026-09-16 14:14:15.375][VERB] RETURN: {"result":"$2334"}
[0m[0;32m[2026-09-16 14:14:15.375][VERB] COMMANDCALL: _C.SafeAPI.Execute(["v1.part.workPlane",[{"type":"PLANE","references":[38],"name":"F250_makeCylinder_cad_primitives_py_12_plane","offset":"@expr.d251_plane_offset","id":4}]])
[0m[0;32m[2026-09-16 14:14:15.379][VERB] RETURN: {"result":"$2352"}
[0m[0;32m[2026-09-16 14:14:15.379][VERB] COMMANDCALL: _C.SafeAPI.Execute(["v1.sketch.create",[{"planeId":2352,"name":"F250_makeCylinder_cad_primitives_py_12_profile","id":4}]])
[0m[0;32m[2026-09-16 14:14:15.381][VERB] RETURN: {"result":"$2358"}
[0m[0;32m[2026-09-16 14:14:15.381][VERB] COMMANDCALL: _C.SafeAPI.Execute(["v1.sketch.circle",[{"radius":4.5,"id":2358,"genFixation":0,"centerPos":[86.8,38.9,0]}]])
[0m[0;32m[2026-09-16 14:14:15.382][VERB] RETURN: {"result":"$2364"}
[0m[0;32m[2026-09-16 14:14:15.382][VERB] COMMANDCALL: _C.SafeAPI.Execute(["v1.sketch.getPoints",[{"id":2364}]])
[0m[0;32m[2026-09-16 14:14:15.382][VERB] RETURN: {"result":{"centerId":"$2365"}}
[0m[0;32m[2026-09-16 14:14:15.382][VERB] COMMANDCALL: _C.SafeAPI.Execute(["v1.sketch.point",[{"pos":[-1000,-1000,0],"id":2358}]])
[0m[0;32m[2026-09-16 14:14:15.383][VERB] RETURN: {"result":"$2367"}
[0m[0;32m[2026-09-16 14:14:15.384][VERB] COMMANDCALL: _C.SafeAPI.Execute(["v1.sketch.constraint",[{"type":"FIXATION","id":2358,"geomIds":[2367]}]])
[0m[0;32m[2026-09-16 14:14:15.385][VERB] RETURN: {"result":"$2369"}
[0m[0;32m[2026-09-16 14:14:15.385][VERB] COMMANDCALL: _C.SafeAPI.Execute(["v1.sketch.dimension",[{"type":"HORIZONTAL_DISTANCE","value":"@expr.d252_position_x","name":"position_x","id":2358,"geomIds":[2367,2365]}]])
[0m[0;32m[2026-09-16 14:14:15.389][VERB] RETURN: {"result":"$2373"}
[0m[0;32m[2026-09-16 14:14:15.389][VERB] COMMANDCALL: _C.SafeAPI.Execute(["v1.sketch.dimension",[{"type":"VERTICAL_DISTANCE","value":"@expr.d253_position_y","name":"position_y","id":2358,"geomIds":[2367,2365]}]])
[0m[0;32m[2026-09-16 14:14:15.394][VERB] RETURN: {"result":"$2377"}
[0m[0;32m[2026-09-16 14:14:15.394][VERB] COMMANDCALL: _C.SafeAPI.Execute(["v1.sketch.dimension",[{"type":"RADIUS","value":"@expr.d254_radius","name":"radius","id":2358,"geomIds":[2364]}]])
[0m[0;32m[2026-09-16 14:14:15.399][VERB] RETURN: {"result":"$2381"}
[0m[0;32m[2026-09-16 14:14:15.399][VERB] COMMANDCALL: _C.SafeAPI.Execute(["v1.part.extrusion",[{"references":[2364],"name":"F250_makeCylinder_cad_primitives_py_12","taperAngle":0,"limit2":"@expr.d255_height","id":4}]])
[0m[0;32m[2026-09-16 14:14:15.405][VERB] RETURN: {"result":"$2385"}
[0m[0;32m[2026-09-16 14:14:15.405][VERB] COMMANDCALL: _C.SafeAPI.Execute(["v1.part.workPlane",[{"type":"PLANE","references":[38],"name":"F256_makeBox_cad_primitives_py_8_plane","offset":"@expr.d257_plane_offset","id":4}]])
[0m[0;32m[2026-09-16 14:14:15.409][VERB] RETURN: {"result":"$2407"}
[0m[0;32m[2026-09-16 14:14:15.409][VERB] COMMANDCALL: _C.SafeAPI.Execute(["v1.sketch.create",[{"planeId":2407,"name":"F256_makeBox_cad_primitives_py_8_profile","id":4}]])
[0m[0;32m[2026-09-16 14:14:15.411][VERB] RETURN: {"result":"$2413"}
[0m[0;32m[2026-09-16 14:14:15.411][VERB] COMMANDCALL: _C.SafeAPI.Execute(["v1.sketch.rectangle",[{"startPos":[86.8,30,0],"id":2413,"genFixation":0,"endPos":[92.5,43,0]}]])
[0m[0;32m[2026-09-16 14:14:15.417][VERB] RETURN: {"result":["$2419","$2423","$2429","$2435"]}
[0m[0;32m[2026-09-16 14:14:15.417][VERB] COMMANDCALL: _C.SafeAPI.Execute(["v1.sketch.getPoints",[{"id":2419}]])
[0m[0;32m[2026-09-16 14:14:15.418][VERB] RETURN: {"result":{"endId":"$2421","startId":"$2420"}}
[0m[0;32m[2026-09-16 14:14:15.418][VERB] COMMANDCALL: _C.SafeAPI.Execute(["v1.sketch.point",[{"pos":[-1000,-1000,0],"id":2413}]])
[0m[0;32m[2026-09-16 14:14:15.419][VERB] RETURN: {"result":"$2451"}
[0m[0;32m[2026-09-16 14:14:15.420][VERB] COMMANDCALL: _C.SafeAPI.Execute(["v1.sketch.constraint",[{"type":"FIXATION","id":2413,"geomIds":[2451]}]])
[0m[0;32m[2026-09-16 14:14:15.421][VERB] RETURN: {"result":"$2453"}
[0m[0;32m[2026-09-16 14:14:15.421][VERB] COMMANDCALL: _C.SafeAPI.Execute(["v1.sketch.dimension",[{"type":"HORIZONTAL_DISTANCE","value":"@expr.d258_position_x","name":"position_x","id":2413,"geomIds":[2451,2420]}]])
[0m[0;32m[2026-09-16 14:14:15.426][VERB] RETURN: {"result":"$2457"}
[0m[0;32m[2026-09-16 14:14:15.426][VERB] COMMANDCALL: _C.SafeAPI.Execute(["v1.sketch.dimension",[{"type":"VERTICAL_DISTANCE","value":"@expr.d259_position_y","name":"position_y","id":2413,"geomIds":[2451,2420]}]])
[0m[0;32m[2026-09-16 14:14:15.432][VERB] RETURN: {"result":"$2461"}
[0m[0;32m[2026-09-16 14:14:15.432][VERB] COMMANDCALL: _C.SafeAPI.Execute(["v1.sketch.dimension",[{"type":"OFFSET","value":"@expr.d260_width","name":"width","id":2413,"geomIds":[2419]}]])
[0m[0;32m[2026-09-16 14:14:15.439][VERB] RETURN: {"result":"$2465"}
[0m[0;32m[2026-09-16 14:14:15.439][VERB] COMMANDCALL: _C.SafeAPI.Execute(["v1.sketch.dimension",[{"type":"OFFSET","value":"@expr.d261_depth","name":"depth","id":2413,"geomIds":[2423]}]])
[0m[0;32m[2026-09-16 14:14:15.447][VERB] RETURN: {"result":"$2469"}
[0m[0;32m[2026-09-16 14:14:15.447][VERB] COMMANDCALL: _C.SafeAPI.Execute(["v1.part.extrusion",[{"references":[2419,2423,2429,2435],"name":"F256_makeBox_cad_primitives_py_8","taperAngle":0,"limit2":"@expr.d262_height","id":4}]])
[0m[0;32m[2026-09-16 14:14:15.452][VERB] RETURN: {"result":"$2473"}
[0m[0;32m[2026-09-16 14:14:15.452][VERB] COMMANDCALL: _C.SafeAPI.Execute(["v1.part.boolean",[{"type":"UNION","tools":[231,307,362,417,472,560,669,745,800,855,910,998,1107,1183,1238,1293,1348,1436,1545,1752,1836,1945,2152,2334,2385,2473],"target":122,"name":"F65_union_cad_primitives_py_17","id":4}]])
[0m[0;32m[2026-09-16 14:14:15.493][VERB] RETURN: {"result":"$2516"}
[0m[0;32m[2026-09-16 14:14:15.493][VERB] COMMANDCALL: _C.SafeAPI.Execute(["v1.common.setDatabaseSettings",[{"isSketchGraphicEnabled":1,"isGraphicEnabled":1,"isCCGraphicEnabled":1,"doCurveTessellation":1}]])
[0m[0;32m[2026-09-16 14:14:15.494][VERB] RETURN: {"result":null}
[0m[2026-09-16 14:14:15.541][DEBUG] Build graphic in: 28ms
[0;32m[2026-09-16 14:14:15.567][VERB] COMMANDCALL: _C.SafeAPI.Execute(["v1.part.chamfer",[{"references":[2823,3034,2933,3097,2625,3098,2780,2794,2793,2705,2781,2670,2680,2814,2813,3084,3083,3077,3073,3121,3120,3155,3154,3022,3090,2994,3032,3150,3151,3152,3153],"name":"F64_chamfer_shell_skin_py_17","id":4,"distance1":"@expr.d263_cha ...
[0m[0;32m[2026-09-16 14:14:15.937][VERB] RETURN: {"result":"$3169"}
[0m[0;32m[2026-09-16 14:14:15.938][VERB] COMMANDCALL: _C.SafeAPI.Execute(["v1.sketch.create",[{"planeId":38,"name":"F264_chamfer_shell_skin_py_17_middle_profile","id":4}]])
[0m[0;32m[2026-09-16 14:14:15.940][VERB] RETURN: {"result":"$3553"}
[0m[0;32m[2026-09-16 14:14:15.940][VERB] COMMANDCALL: _C.SafeAPI.Execute(["v1.sketch.point",[{"pos":[-1000,-1000,0],"id":3553}]])
[0m[0;32m[2026-09-16 14:14:15.941][VERB] RETURN: {"result":"$3559"}
[0m[0;32m[2026-09-16 14:14:15.941][VERB] COMMANDCALL: _C.SafeAPI.Execute(["v1.sketch.constraint",[{"type":"FIXATION","id":3553,"geomIds":[3559]}]])
[0m[0;32m[2026-09-16 14:14:15.942][VERB] RETURN: {"result":"$3561"}
[0m[0;32m[2026-09-16 14:14:15.942][VERB] COMMANDCALL: _C.SafeAPI.Execute(["v1.sketch.line",[{"startPos":[2.1,1.6,0],"genIncidence":0,"genTangency":0,"genFixation":0,"genVertAndHoriz":0,"id":3553,"endPos":[53,1.6,0]}]])
[0m[0;32m[2026-09-16 14:14:15.944][VERB] RETURN: {"result":"$3563"}
[0m[0;32m[2026-09-16 14:14:15.944][VERB] COMMANDCALL: _C.SafeAPI.Execute(["v1.sketch.getPoints",[{"id":3563}]])
[0m[0;32m[2026-09-16 14:14:15.944][VERB] RETURN: {"result":{"endId":"$3565","startId":"$3564"}}
[0m[0;32m[2026-09-16 14:14:15.944][VERB] COMMANDCALL: _C.SafeAPI.Execute(["v1.sketch.dimension",[{"type":"HORIZONTAL_DISTANCE","value":"@expr.d265_x","name":"x","id":3553,"geomIds":[3559,3564]}]])
[0m[0;32m[2026-09-16 14:14:15.949][VERB] RETURN: {"result":"$3569"}
[0m[0;32m[2026-09-16 14:14:15.949][VERB] COMMANDCALL: _C.SafeAPI.Execute(["v1.sketch.dimension",[{"type":"VERTICAL_DISTANCE","value":"@expr.d266_y","name":"y","id":3553,"geomIds":[3559,3564]}]])
[0m[0;32m[2026-09-16 14:14:15.954][VERB] RETURN: {"result":"$3573"}
[0m[0;32m[2026-09-16 14:14:15.954][VERB] COMMANDCALL: _C.SafeAPI.Execute(["v1.sketch.dimension",[{"type":"HORIZONTAL_DISTANCE","value":"@expr.d267_x","name":"x","id":3553,"geomIds":[3559,3565]}]])
[0m[0;32m[2026-09-16 14:14:15.960][VERB] RETURN: {"result":"$3577"}
[0m[0;32m[2026-09-16 14:14:15.960][VERB] COMMANDCALL: _C.SafeAPI.Execute(["v1.sketch.dimension",[{"type":"VERTICAL_DISTANCE","value":"@expr.d268_y","name":"y","id":3553,"geomIds":[3559,3565]}]])
[0m[0;32m[2026-09-16 14:14:15.967][VERB] RETURN: {"result":"$3581"}
[0m[0;32m[2026-09-16 14:14:15.967][VERB] COMMANDCALL: _C.SafeAPI.Execute(["v1.sketch.line",[{"startPos":[53,1.6,0],"genIncidence":0,"genTangency":0,"genFixation":0,"genVertAndHoriz":0,"id":3553,"endPos":[53.5,2.1,0]}]])
[0m[0;32m[2026-09-16 14:14:15.970][VERB] RETURN: {"result":"$3583"}
[0m[0;32m[2026-09-16 14:14:15.970][VERB] COMMANDCALL: _C.SafeAPI.Execute(["v1.sketch.getPoints",[{"id":3583}]])
[0m[0;32m[2026-09-16 14:14:15.970][VERB] RETURN: {"result":{"endId":"$3585","startId":"$3584"}}
[0m[0;32m[2026-09-16 14:14:15.970][VERB] COMMANDCALL: _C.SafeAPI.Execute(["v1.sketch.dimension",[{"type":"HORIZONTAL_DISTANCE","value":"@expr.d269_x","name":"x","id":3553,"geomIds":[3559,3584]}]])
[0m[0;32m[2026-09-16 14:14:15.977][VERB] RETURN: {"result":"$3589"}
[0m[0;32m[2026-09-16 14:14:15.978][VERB] COMMANDCALL: _C.SafeAPI.Execute(["v1.sketch.dimension",[{"type":"VERTICAL_DISTANCE","value":"@expr.d270_y","name":"y","id":3553,"geomIds":[3559,3584]}]])
[0m[0;32m[2026-09-16 14:14:15.986][VERB] RETURN: {"result":"$3593"}
[0m[0;32m[2026-09-16 14:14:15.986][VERB] COMMANDCALL: _C.SafeAPI.Execute(["v1.sketch.dimension",[{"type":"HORIZONTAL_DISTANCE","value":"@expr.d271_x","name":"x","id":3553,"geomIds":[3559,3585]}]])
[0m[0;32m[2026-09-16 14:14:15.994][VERB] RETURN: {"result":"$3597"}
[0m[0;32m[2026-09-16 14:14:15.994][VERB] COMMANDCALL: _C.SafeAPI.Execute(["v1.sketch.dimension",[{"type":"VERTICAL_DISTANCE","value":"@expr.d272_y","name":"y","id":3553,"geomIds":[3559,3585]}]])
[0m[0;32m[2026-09-16 14:14:16.004][VERB] RETURN: {"result":"$3601"}
[0m[0;32m[2026-09-16 14:14:16.004][VERB] COMMANDCALL: _C.SafeAPI.Execute(["v1.sketch.line",[{"startPos":[53.5,2.1,0],"genIncidence":0,"genTangency":0,"genFixation":0,"genVertAndHoriz":0,"id":3553,"endPos":[53.5,25.1,0]}]])
[0m[0;32m[2026-09-16 14:14:16.008][VERB] RETURN: {"result":"$3603"}
[0m[0;32m[2026-09-16 14:14:16.008][VERB] COMMANDCALL: _C.SafeAPI.Execute(["v1.sketch.getPoints",[{"id":3603}]])
[0m[0;32m[2026-09-16 14:14:16.009][VERB] RETURN: {"result":{"endId":"$3605","startId":"$3604"}}
[0m[0;32m[2026-09-16 14:14:16.009][VERB] COMMANDCALL: _C.SafeAPI.Execute(["v1.sketch.dimension",[{"type":"HORIZONTAL_DISTANCE","value":"@expr.d273_x","name":"x","id":3553,"geomIds":[3559,3604]}]])
[0m[0;32m[2026-09-16 14:14:16.019][VERB] RETURN: {"result":"$3609"}
[0m[0;32m[2026-09-16 14:14:16.019][VERB] COMMANDCALL: _C.SafeAPI.Execute(["v1.sketch.dimension",[{"type":"VERTICAL_DISTANCE","value":"@expr.d274_y","name":"y","id":3553,"geomIds":[3559,3604]}]])
[0m[0;32m[2026-09-16 14:14:16.030][VERB] RETURN: {"result":"$3613"}
[0m[0;32m[2026-09-16 14:14:16.030][VERB] COMMANDCALL: _C.SafeAPI.Execute(["v1.sketch.dimension",[{"type":"HORIZONTAL_DISTANCE","value":"@expr.d275_x","name":"x","id":3553,"geomIds":[3559,3605]}]])
[0m[0;32m[2026-09-16 14:14:16.042][VERB] RETURN: {"result":"$3617"}
[0m[0;32m[2026-09-16 14:14:16.042][VERB] COMMANDCALL: _C.SafeAPI.Execute(["v1.sketch.dimension",[{"type":"VERTICAL_DISTANCE","value":"@expr.d276_y","name":"y","id":3553,"geomIds":[3559,3605]}]])
[0m[0;32m[2026-09-16 14:14:16.054][VERB] RETURN: {"result":"$3621"}
[0m[0;32m[2026-09-16 14:14:16.054][VERB] COMMANDCALL: _C.SafeAPI.Execute(["v1.sketch.line",[{"startPos":[53.5,25.1,0],"genIncidence":0,"genTangency":0,"genFixation":0,"genVertAndHoriz":0,"id":3553,"endPos":[53,25.6,0]}]])
[0m[0;32m[2026-09-16 14:14:16.060][VERB] RETURN: {"result":"$3623"}
[0m[0;32m[2026-09-16 14:14:16.060][VERB] COMMANDCALL: _C.SafeAPI.Execute(["v1.sketch.getPoints",[{"id":3623}]])
[0m[0;32m[2026-09-16 14:14:16.060][VERB] RETURN: {"result":{"endId":"$3625","startId":"$3624"}}
[0m[0;32m[2026-09-16 14:14:16.060][VERB] COMMANDCALL: _C.SafeAPI.Execute(["v1.sketch.dimension",[{"type":"HORIZONTAL_DISTANCE","value":"@expr.d277_x","name":"x","id":3553,"geomIds":[3559,3624]}]])
[0m[0;32m[2026-09-16 14:14:16.073][VERB] RETURN: {"result":"$3629"}
[0m[0;32m[2026-09-16 14:14:16.074][VERB] COMMANDCALL: _C.SafeAPI.Execute(["v1.sketch.dimension",[{"type":"VERTICAL_DISTANCE","value":"@expr.d278_y","name":"y","id":3553,"geomIds":[3559,3624]}]])
[0m[0;32m[2026-09-16 14:14:16.087][VERB] RETURN: {"result":"$3633"}
[0m[0;32m[2026-09-16 14:14:16.087][VERB] COMMANDCALL: _C.SafeAPI.Execute(["v1.sketch.dimension",[{"type":"HORIZONTAL_DISTANCE","value":"@expr.d279_x","name":"x","id":3553,"geomIds":[3559,3625]}]])
[0m[0;32m[2026-09-16 14:14:16.101][VERB] RETURN: {"result":"$3637"}
[0m[0;32m[2026-09-16 14:14:16.102][VERB] COMMANDCALL: _C.SafeAPI.Execute(["v1.sketch.dimension",[{"type":"VERTICAL_DISTANCE","value":"@expr.d280_y","name":"y","id":3553,"geomIds":[3559,3625]}]])
[0m[0;32m[2026-09-16 14:14:16.117][VERB] RETURN: {"result":"$3641"}
[0m[0;32m[2026-09-16 14:14:16.117][VERB] COMMANDCALL: _C.SafeAPI.Execute(["v1.sketch.line",[{"startPos":[53,25.6,0],"genIncidence":0,"genTangency":0,"genFixation":0,"genVertAndHoriz":0,"id":3553,"endPos":[2.1,25.6,0]}]])
[0m[0;32m[2026-09-16 14:14:16.125][VERB] RETURN: {"result":"$3643"}
[0m[0;32m[2026-09-16 14:14:16.125][VERB] COMMANDCALL: _C.SafeAPI.Execute(["v1.sketch.getPoints",[{"id":3643}]])
[0m[0;32m[2026-09-16 14:14:16.125][VERB] RETURN: {"result":{"endId":"$3645","startId":"$3644"}}
[0m[0;32m[2026-09-16 14:14:16.125][VERB] COMMANDCALL: _C.SafeAPI.Execute(["v1.sketch.dimension",[{"type":"HORIZONTAL_DISTANCE","value":"@expr.d281_x","name":"x","id":3553,"geomIds":[3559,3644]}]])
[0m[0;32m[2026-09-16 14:14:16.142][VERB] RETURN: {"result":"$3649"}
[0m[0;32m[2026-09-16 14:14:16.142][VERB] COMMANDCALL: _C.SafeAPI.Execute(["v1.sketch.dimension",[{"type":"VERTICAL_DISTANCE","value":"@expr.d282_y","name":"y","id":3553,"geomIds":[3559,3644]}]])
[0m[0;32m[2026-09-16 14:14:16.159][VERB] RETURN: {"result":"$3653"}
[0m[0;32m[2026-09-16 14:14:16.160][VERB] COMMANDCALL: _C.SafeAPI.Execute(["v1.sketch.dimension",[{"type":"HORIZONTAL_DISTANCE","value":"@expr.d283_x","name":"x","id":3553,"geomIds":[3559,3645]}]])
[0m[0;32m[2026-09-16 14:14:16.177][VERB] RETURN: {"result":"$3657"}
[0m[0;32m[2026-09-16 14:14:16.177][VERB] COMMANDCALL: _C.SafeAPI.Execute(["v1.sketch.dimension",[{"type":"VERTICAL_DISTANCE","value":"@expr.d284_y","name":"y","id":3553,"geomIds":[3559,3645]}]])
[0m[0;32m[2026-09-16 14:14:16.196][VERB] RETURN: {"result":"$3661"}
[0m[0;32m[2026-09-16 14:14:16.196][VERB] COMMANDCALL: _C.SafeAPI.Execute(["v1.sketch.line",[{"startPos":[2.1,25.6,0],"genIncidence":0,"genTangency":0,"genFixation":0,"genVertAndHoriz":0,"id":3553,"endPos":[1.6,25.1,0]}]])
[0m[0;32m[2026-09-16 14:14:16.205][VERB] RETURN: {"result":"$3663"}
[0m[0;32m[2026-09-16 14:14:16.205][VERB] COMMANDCALL: _C.SafeAPI.Execute(["v1.sketch.getPoints",[{"id":3663}]])
[0m[0;32m[2026-09-16 14:14:16.205][VERB] RETURN: {"result":{"endId":"$3665","startId":"$3664"}}
[0m[0;32m[2026-09-16 14:14:16.206][VERB] COMMANDCALL: _C.SafeAPI.Execute(["v1.sketch.dimension",[{"type":"HORIZONTAL_DISTANCE","value":"@expr.d285_x","name":"x","id":3553,"geomIds":[3559,3664]}]])
[0m[0;32m[2026-09-16 14:14:16.225][VERB] RETURN: {"result":"$3669"}
[0m[0;32m[2026-09-16 14:14:16.225][VERB] COMMANDCALL: _C.SafeAPI.Execute(["v1.sketch.dimension",[{"type":"VERTICAL_DISTANCE","value":"@expr.d286_y","name":"y","id":3553,"geomIds":[3559,3664]}]])
[0m[0;32m[2026-09-16 14:14:16.245][VERB] RETURN: {"result":"$3673"}
[0m[0;32m[2026-09-16 14:14:16.245][VERB] COMMANDCALL: _C.SafeAPI.Execute(["v1.sketch.dimension",[{"type":"HORIZONTAL_DISTANCE","value":"@expr.d287_x","name":"x","id":3553,"geomIds":[3559,3665]}]])
[0m[0;32m[2026-09-16 14:14:16.266][VERB] RETURN: {"result":"$3677"}
[0m[0;32m[2026-09-16 14:14:16.266][VERB] COMMANDCALL: _C.SafeAPI.Execute(["v1.sketch.dimension",[{"type":"VERTICAL_DISTANCE","value":"@expr.d288_y","name":"y","id":3553,"geomIds":[3559,3665]}]])
[0m[0;32m[2026-09-16 14:14:16.287][VERB] RETURN: {"result":"$3681"}
[0m[0;32m[2026-09-16 14:14:16.288][VERB] COMMANDCALL: _C.SafeAPI.Execute(["v1.sketch.line",[{"startPos":[1.6,25.1,0],"genIncidence":0,"genTangency":0,"genFixation":0,"genVertAndHoriz":0,"id":3553,"endPos":[1.6,2.1,0]}]])
[0m[0;32m[2026-09-16 14:14:16.298][VERB] RETURN: {"result":"$3683"}
[0m[0;32m[2026-09-16 14:14:16.299][VERB] COMMANDCALL: _C.SafeAPI.Execute(["v1.sketch.getPoints",[{"id":3683}]])
[0m[0;32m[2026-09-16 14:14:16.299][VERB] RETURN: {"result":{"endId":"$3685","startId":"$3684"}}
[0m[0;32m[2026-09-16 14:14:16.299][VERB] COMMANDCALL: _C.SafeAPI.Execute(["v1.sketch.dimension",[{"type":"HORIZONTAL_DISTANCE","value":"@expr.d289_x","name":"x","id":3553,"geomIds":[3559,3684]}]])
[0m[0;32m[2026-09-16 14:14:16.321][VERB] RETURN: {"result":"$3689"}
[0m[0;32m[2026-09-16 14:14:16.321][VERB] COMMANDCALL: _C.SafeAPI.Execute(["v1.sketch.dimension",[{"type":"VERTICAL_DISTANCE","value":"@expr.d290_y","name":"y","id":3553,"geomIds":[3559,3684]}]])
[0m[0;32m[2026-09-16 14:14:16.344][VERB] RETURN: {"result":"$3693"}
[0m[0;32m[2026-09-16 14:14:16.344][VERB] COMMANDCALL: _C.SafeAPI.Execute(["v1.sketch.dimension",[{"type":"HORIZONTAL_DISTANCE","value":"@expr.d291_x","name":"x","id":3553,"geomIds":[3559,3685]}]])
[0m[0;32m[2026-09-16 14:14:16.367][VERB] RETURN: {"result":"$3697"}
[0m[0;32m[2026-09-16 14:14:16.368][VERB] COMMANDCALL: _C.SafeAPI.Execute(["v1.sketch.dimension",[{"type":"VERTICAL_DISTANCE","value":"@expr.d292_y","name":"y","id":3553,"geomIds":[3559,3685]}]])
[0m[0;32m[2026-09-16 14:14:16.392][VERB] RETURN: {"result":"$3701"}
[0m[0;32m[2026-09-16 14:14:16.392][VERB] COMMANDCALL: _C.SafeAPI.Execute(["v1.sketch.line",[{"startPos":[1.6,2.1,0],"genIncidence":0,"genTangency":0,"genFixation":0,"genVertAndHoriz":0,"id":3553,"endPos":[2.1,1.6,0]}]])
[0m[0;32m[2026-09-16 14:14:16.404][VERB] RETURN: {"result":"$3703"}
[0m[0;32m[2026-09-16 14:14:16.404][VERB] COMMANDCALL: _C.SafeAPI.Execute(["v1.sketch.getPoints",[{"id":3703}]])
[0m[0;32m[2026-09-16 14:14:16.404][VERB] RETURN: {"result":{"endId":"$3705","startId":"$3704"}}
[0m[0;32m[2026-09-16 14:14:16.405][VERB] COMMANDCALL: _C.SafeAPI.Execute(["v1.sketch.dimension",[{"type":"HORIZONTAL_DISTANCE","value":"@expr.d293_x","name":"x","id":3553,"geomIds":[3559,3704]}]])
[0m[0;32m[2026-09-16 14:14:16.430][VERB] RETURN: {"result":"$3709"}
[0m[0;32m[2026-09-16 14:14:16.430][VERB] COMMANDCALL: _C.SafeAPI.Execute(["v1.sketch.dimension",[{"type":"VERTICAL_DISTANCE","value":"@expr.d294_y","name":"y","id":3553,"geomIds":[3559,3704]}]])
[0m[0;32m[2026-09-16 14:14:16.456][VERB] RETURN: {"result":"$3713"}
[0m[0;32m[2026-09-16 14:14:16.456][VERB] COMMANDCALL: _C.SafeAPI.Execute(["v1.sketch.dimension",[{"type":"HORIZONTAL_DISTANCE","value":"@expr.d295_x","name":"x","id":3553,"geomIds":[3559,3705]}]])
[0m[0;32m[2026-09-16 14:14:16.483][VERB] RETURN: {"result":"$3717"}
[0m[0;32m[2026-09-16 14:14:16.483][VERB] COMMANDCALL: _C.SafeAPI.Execute(["v1.sketch.dimension",[{"type":"VERTICAL_DISTANCE","value":"@expr.d296_y","name":"y","id":3553,"geomIds":[3559,3705]}]])
[0m[0;32m[2026-09-16 14:14:16.510][VERB] RETURN: {"result":"$3721"}
[0m[0;32m[2026-09-16 14:14:16.510][VERB] COMMANDCALL: _C.SafeAPI.Execute(["v1.part.extrusion",[{"references":[3563,3583,3603,3623,3643,3663,3683,3703],"name":"F264_chamfer_shell_skin_py_17_middle","taperAngle":0,"limit2":"@expr.d297_height","id":4}]])
[0m[0;32m[2026-09-16 14:14:16.516][VERB] RETURN: {"result":"$3725"}
[0m[0;32m[2026-09-16 14:14:16.516][VERB] COMMANDCALL: _C.SafeAPI.Execute(["v1.part.translation",[{"references":[34],"name":"F264_chamfer_shell_skin_py_17_middle_2","id":4,"targets":[3725],"distance":"@expr.d298_position"}]])
[0m[0;32m[2026-09-16 14:14:16.521][VERB] RETURN: {"result":"$3796"}
[0m[0;32m[2026-09-16 14:14:16.521][VERB] COMMANDCALL: _C.SafeAPI.Execute(["v1.part.extrusion",[{"references":[3563,3583,3603,3623,3643,3663,3683,3703],"name":"F264_chamfer_shell_skin_py_17_bottom","taperAngle":0.78539816339745,"limit2":"@expr.d299_bevel_height","id":4}]])
[0m[0;32m[2026-09-16 14:14:16.529][VERB] RETURN: {"result":"$3807"}
[0m[0;32m[2026-09-16 14:14:16.529][VERB] COMMANDCALL: _C.SafeAPI.Execute(["v1.part.translation",[{"references":[34],"name":"F264_chamfer_shell_skin_py_17_bottom_2","id":4,"targets":[3807],"distance":"@expr.d300_position"}]])
[0m[0;32m[2026-09-16 14:14:16.533][VERB] RETURN: {"result":"$3870"}
[0m[0;32m[2026-09-16 14:14:16.533][VERB] COMMANDCALL: _C.SafeAPI.Execute(["v1.part.extrusion",[{"references":[3563,3583,3603,3623,3643,3663,3683,3703],"name":"F264_chamfer_shell_skin_py_17_top","taperAngle":0.78539816339745,"limit2":"@expr.d301_bevel_height","id":4}]])
[0m[0;32m[2026-09-16 14:14:16.540][VERB] RETURN: {"result":"$3881"}
[0m[0;32m[2026-09-16 14:14:16.541][VERB] COMMANDCALL: _C.SafeAPI.Execute(["v1.part.translation",[{"references":[34],"name":"F264_chamfer_shell_skin_py_17_top_2","id":4,"targets":[3881],"distance":"@expr.d302_position"}]])
[0m[0;32m[2026-09-16 14:14:16.545][VERB] RETURN: {"result":"$3944"}
[0m[0;32m[2026-09-16 14:14:16.545][VERB] COMMANDCALL: _C.SafeAPI.Execute(["v1.part.boolean",[{"type":"UNION","tools":[3870,3944],"target":3796,"name":"F264_chamfer_shell_skin_py_17","id":4}]])
[0m[0;32m[2026-09-16 14:14:16.556][VERB] RETURN: {"result":"$3955"}
[0m[0;32m[2026-09-16 14:14:16.557][VERB] COMMANDCALL: _C.SafeAPI.Execute(["v1.part.boolean",[{"type":"SUBTRACTION","tools":[3955],"target":3169,"name":"F63_cut_housing_shell_py_58_tool_0","id":4}]])
[0m[0;32m[2026-09-16 14:14:16.576][VERB] RETURN: {"result":"$4034"}
[0m[0;32m[2026-09-16 14:14:16.576][VERB] COMMANDCALL: _C.SafeAPI.Execute(["v1.sketch.create",[{"planeId":38,"name":"F303_chamfer_shell_skin_py_17_middle_profile","id":4}]])
[0m[0;32m[2026-09-16 14:14:16.578][VERB] RETURN: {"result":"$4202"}
[0m[0;32m[2026-09-16 14:14:16.578][VERB] COMMANDCALL: _C.SafeAPI.Execute(["v1.sketch.point",[{"pos":[-1000,-1000,0],"id":4202}]])
[0m[0;32m[2026-09-16 14:14:16.579][VERB] RETURN: {"result":"$4208"}
[0m[0;32m[2026-09-16 14:14:16.579][VERB] COMMANDCALL: _C.SafeAPI.Execute(["v1.sketch.constraint",[{"type":"FIXATION","id":4202,"geomIds":[4208]}]])
[0m[0;32m[2026-09-16 14:14:16.580][VERB] RETURN: {"result":"$4210"}
[0m[0;32m[2026-09-16 14:14:16.580][VERB] COMMANDCALL: _C.SafeAPI.Execute(["v1.sketch.line",[{"startPos":[2.1,23,0],"genIncidence":0,"genTangency":0,"genFixation":0,"genVertAndHoriz":0,"id":4202,"endPos":[54.7,23,0]}]])
[0m[0;32m[2026-09-16 14:14:16.582][VERB] RETURN: {"result":"$4212"}
[0m[0;32m[2026-09-16 14:14:16.582][VERB] COMMANDCALL: _C.SafeAPI.Execute(["v1.sketch.getPoints",[{"id":4212}]])
[0m[0;32m[2026-09-16 14:14:16.582][VERB] RETURN: {"result":{"endId":"$4214","startId":"$4213"}}
[0m[0;32m[2026-09-16 14:14:16.582][VERB] COMMANDCALL: _C.SafeAPI.Execute(["v1.sketch.dimension",[{"type":"HORIZONTAL_DISTANCE","value":"@expr.d304_x","name":"x","id":4202,"geomIds":[4208,4213]}]])
[0m[0;32m[2026-09-16 14:14:16.586][VERB] RETURN: {"result":"$4218"}
[0m[0;32m[2026-09-16 14:14:16.586][VERB] COMMANDCALL: _C.SafeAPI.Execute(["v1.sketch.dimension",[{"type":"VERTICAL_DISTANCE","value":"@expr.d305_y","name":"y","id":4202,"geomIds":[4208,4213]}]])
[0m[0;32m[2026-09-16 14:14:16.591][VERB] RETURN: {"result":"$4222"}
[0m[0;32m[2026-09-16 14:14:16.592][VERB] COMMANDCALL: _C.SafeAPI.Execute(["v1.sketch.dimension",[{"type":"HORIZONTAL_DISTANCE","value":"@expr.d306_x","name":"x","id":4202,"geomIds":[4208,4214]}]])
[0m[0;32m[2026-09-16 14:14:16.597][VERB] RETURN: {"result":"$4226"}
[0m[0;32m[2026-09-16 14:14:16.597][VERB] COMMANDCALL: _C.SafeAPI.Execute(["v1.sketch.dimension",[{"type":"VERTICAL_DISTANCE","value":"@expr.d307_y","name":"y","id":4202,"geomIds":[4208,4214]}]])
[0m[0;32m[2026-09-16 14:14:16.603][VERB] RETURN: {"result":"$4230"}
[0m[0;32m[2026-09-16 14:14:16.604][VERB] COMMANDCALL: _C.SafeAPI.Execute(["v1.sketch.line",[{"startPos":[54.7,23,0],"genIncidence":0,"genTangency":0,"genFixation":0,"genVertAndHoriz":0,"id":4202,"endPos":[55.2,23.5,0]}]])
[0m[0;32m[2026-09-16 14:14:16.606][VERB] RETURN: {"result":"$4232"}
[0m[0;32m[2026-09-16 14:14:16.606][VERB] COMMANDCALL: _C.SafeAPI.Execute(["v1.sketch.getPoints",[{"id":4232}]])
[0m[0;32m[2026-09-16 14:14:16.607][VERB] RETURN: {"result":{"endId":"$4234","startId":"$4233"}}
[0m[0;32m[2026-09-16 14:14:16.607][VERB] COMMANDCALL: _C.SafeAPI.Execute(["v1.sketch.dimension",[{"type":"HORIZONTAL_DISTANCE","value":"@expr.d308_x","name":"x","id":4202,"geomIds":[4208,4233]}]])
[0m[0;32m[2026-09-16 14:14:16.614][VERB] RETURN: {"result":"$4238"}
[0m[0;32m[2026-09-16 14:14:16.614][VERB] COMMANDCALL: _C.SafeAPI.Execute(["v1.sketch.dimension",[{"type":"VERTICAL_DISTANCE","value":"@expr.d309_y","name":"y","id":4202,"geomIds":[4208,4233]}]])
[0m[0;32m[2026-09-16 14:14:16.622][VERB] RETURN: {"result":"$4242"}
[0m[0;32m[2026-09-16 14:14:16.622][VERB] COMMANDCALL: _C.SafeAPI.Execute(["v1.sketch.dimension",[{"type":"HORIZONTAL_DISTANCE","value":"@expr.d310_x","name":"x","id":4202,"geomIds":[4208,4234]}]])
[0m[0;32m[2026-09-16 14:14:16.630][VERB] RETURN: {"result":"$4246"}
[0m[0;32m[2026-09-16 14:14:16.630][VERB] COMMANDCALL: _C.SafeAPI.Execute(["v1.sketch.dimension",[{"type":"VERTICAL_DISTANCE","value":"@expr.d311_y","name":"y","id":4202,"geomIds":[4208,4234]}]])
[0m[0;32m[2026-09-16 14:14:16.640][VERB] RETURN: {"result":"$4250"}
[0m[0;32m[2026-09-16 14:14:16.640][VERB] COMMANDCALL: _C.SafeAPI.Execute(["v1.sketch.line",[{"startPos":[55.2,23.5,0],"genIncidence":0,"genTangency":0,"genFixation":0,"genVertAndHoriz":0,"id":4202,"endPos":[55.2,61.9,0]}]])
[0m[0;32m[2026-09-16 14:14:16.644][VERB] RETURN: {"result":"$4252"}
[0m[0;32m[2026-09-16 14:14:16.644][VERB] COMMANDCALL: _C.SafeAPI.Execute(["v1.sketch.getPoints",[{"id":4252}]])
[0m[0;32m[2026-09-16 14:14:16.644][VERB] RETURN: {"result":{"endId":"$4254","startId":"$4253"}}
[0m[0;32m[2026-09-16 14:14:16.644][VERB] COMMANDCALL: _C.SafeAPI.Execute(["v1.sketch.dimension",[{"type":"HORIZONTAL_DISTANCE","value":"@expr.d312_x","name":"x","id":4202,"geomIds":[4208,4253]}]])
[0m[0;32m[2026-09-16 14:14:16.654][VERB] RETURN: {"result":"$4258"}
[0m[0;32m[2026-09-16 14:14:16.654][VERB] COMMANDCALL: _C.SafeAPI.Execute(["v1.sketch.dimension",[{"type":"VERTICAL_DISTANCE","value":"@expr.d313_y","name":"y","id":4202,"geomIds":[4208,4253]}]])
[0m[0;32m[2026-09-16 14:14:16.665][VERB] RETURN: {"result":"$4262"}
[0m[0;32m[2026-09-16 14:14:16.665][VERB] COMMANDCALL: _C.SafeAPI.Execute(["v1.sketch.dimension",[{"type":"HORIZONTAL_DISTANCE","value":"@expr.d314_x","name":"x","id":4202,"geomIds":[4208,4254]}]])
[0m[0;32m[2026-09-16 14:14:16.677][VERB] RETURN: {"result":"$4266"}
[0m[0;32m[2026-09-16 14:14:16.677][VERB] COMMANDCALL: _C.SafeAPI.Execute(["v1.sketch.dimension",[{"type":"VERTICAL_DISTANCE","value":"@expr.d315_y","name":"y","id":4202,"geomIds":[4208,4254]}]])
[0m[0;32m[2026-09-16 14:14:16.689][VERB] RETURN: {"result":"$4270"}
[0m[0;32m[2026-09-16 14:14:16.689][VERB] COMMANDCALL: _C.SafeAPI.Execute(["v1.sketch.line",[{"startPos":[55.2,61.9,0],"genIncidence":0,"genTangency":0,"genFixation":0,"genVertAndHoriz":0,"id":4202,"endPos":[54.7,62.4,0]}]])
[0m[0;32m[2026-09-16 14:14:16.695][VERB] RETURN: {"result":"$4272"}
[0m[0;32m[2026-09-16 14:14:16.695][VERB] COMMANDCALL: _C.SafeAPI.Execute(["v1.sketch.getPoints",[{"id":4272}]])
[0m[0;32m[2026-09-16 14:14:16.695][VERB] RETURN: {"result":{"endId":"$4274","startId":"$4273"}}
[0m[0;32m[2026-09-16 14:14:16.695][VERB] COMMANDCALL: _C.SafeAPI.Execute(["v1.sketch.dimension",[{"type":"HORIZONTAL_DISTANCE","value":"@expr.d316_x","name":"x","id":4202,"geomIds":[4208,4273]}]])
[0m[0;32m[2026-09-16 14:14:16.709][VERB] RETURN: {"result":"$4278"}
[0m[0;32m[2026-09-16 14:14:16.709][VERB] COMMANDCALL: _C.SafeAPI.Execute(["v1.sketch.dimension",[{"type":"VERTICAL_DISTANCE","value":"@expr.d317_y","name":"y","id":4202,"geomIds":[4208,4273]}]])
[0m[0;32m[2026-09-16 14:14:16.723][VERB] RETURN: {"result":"$4282"}
[0m[0;32m[2026-09-16 14:14:16.723][VERB] COMMANDCALL: _C.SafeAPI.Execute(["v1.sketch.dimension",[{"type":"HORIZONTAL_DISTANCE","value":"@expr.d318_x","name":"x","id":4202,"geomIds":[4208,4274]}]])
[0m[0;32m[2026-09-16 14:14:16.737][VERB] RETURN: {"result":"$4286"}
[0m[0;32m[2026-09-16 14:14:16.737][VERB] COMMANDCALL: _C.SafeAPI.Execute(["v1.sketch.dimension",[{"type":"VERTICAL_DISTANCE","value":"@expr.d319_y","name":"y","id":4202,"geomIds":[4208,4274]}]])
[0m[0;32m[2026-09-16 14:14:16.752][VERB] RETURN: {"result":"$4290"}
[0m[0;32m[2026-09-16 14:14:16.753][VERB] COMMANDCALL: _C.SafeAPI.Execute(["v1.sketch.line",[{"startPos":[54.7,62.4,0],"genIncidence":0,"genTangency":0,"genFixation":0,"genVertAndHoriz":0,"id":4202,"endPos":[2.1,62.4,0]}]])
[0m[0;32m[2026-09-16 14:14:16.760][VERB] RETURN: {"result":"$4292"}
[0m[0;32m[2026-09-16 14:14:16.760][VERB] COMMANDCALL: _C.SafeAPI.Execute(["v1.sketch.getPoints",[{"id":4292}]])
[0m[0;32m[2026-09-16 14:14:16.760][VERB] RETURN: {"result":{"endId":"$4294","startId":"$4293"}}
[0m[0;32m[2026-09-16 14:14:16.760][VERB] COMMANDCALL: _C.SafeAPI.Execute(["v1.sketch.dimension",[{"type":"HORIZONTAL_DISTANCE","value":"@expr.d320_x","name":"x","id":4202,"geomIds":[4208,4293]}]])
[0m[0;32m[2026-09-16 14:14:16.776][VERB] RETURN: {"result":"$4298"}
[0m[0;32m[2026-09-16 14:14:16.776][VERB] COMMANDCALL: _C.SafeAPI.Execute(["v1.sketch.dimension",[{"type":"VERTICAL_DISTANCE","value":"@expr.d321_y","name":"y","id":4202,"geomIds":[4208,4293]}]])
[0m[0;32m[2026-09-16 14:14:16.793][VERB] RETURN: {"result":"$4302"}
[0m[0;32m[2026-09-16 14:14:16.793][VERB] COMMANDCALL: _C.SafeAPI.Execute(["v1.sketch.dimension",[{"type":"HORIZONTAL_DISTANCE","value":"@expr.d322_x","name":"x","id":4202,"geomIds":[4208,4294]}]])
[0m[0;32m[2026-09-16 14:14:16.811][VERB] RETURN: {"result":"$4306"}
[0m[0;32m[2026-09-16 14:14:16.811][VERB] COMMANDCALL: _C.SafeAPI.Execute(["v1.sketch.dimension",[{"type":"VERTICAL_DISTANCE","value":"@expr.d323_y","name":"y","id":4202,"geomIds":[4208,4294]}]])
[0m[0;32m[2026-09-16 14:14:16.829][VERB] RETURN: {"result":"$4310"}
[0m[0;32m[2026-09-16 14:14:16.829][VERB] COMMANDCALL: _C.SafeAPI.Execute(["v1.sketch.line",[{"startPos":[2.1,62.4,0],"genIncidence":0,"genTangency":0,"genFixation":0,"genVertAndHoriz":0,"id":4202,"endPos":[1.6,61.9,0]}]])
[0m[0;32m[2026-09-16 14:14:16.838][VERB] RETURN: {"result":"$4312"}
[0m[0;32m[2026-09-16 14:14:16.838][VERB] COMMANDCALL: _C.SafeAPI.Execute(["v1.sketch.getPoints",[{"id":4312}]])
[0m[0;32m[2026-09-16 14:14:16.838][VERB] RETURN: {"result":{"endId":"$4314","startId":"$4313"}}
[0m[0;32m[2026-09-16 14:14:16.838][VERB] COMMANDCALL: _C.SafeAPI.Execute(["v1.sketch.dimension",[{"type":"HORIZONTAL_DISTANCE","value":"@expr.d324_x","name":"x","id":4202,"geomIds":[4208,4313]}]])
[0m[0;32m[2026-09-16 14:14:16.857][VERB] RETURN: {"result":"$4318"}
[0m[0;32m[2026-09-16 14:14:16.857][VERB] COMMANDCALL: _C.SafeAPI.Execute(["v1.sketch.dimension",[{"type":"VERTICAL_DISTANCE","value":"@expr.d325_y","name":"y","id":4202,"geomIds":[4208,4313]}]])
[0m[0;32m[2026-09-16 14:14:16.877][VERB] RETURN: {"result":"$4322"}
[0m[0;32m[2026-09-16 14:14:16.877][VERB] COMMANDCALL: _C.SafeAPI.Execute(["v1.sketch.dimension",[{"type":"HORIZONTAL_DISTANCE","value":"@expr.d326_x","name":"x","id":4202,"geomIds":[4208,4314]}]])
[0m[0;32m[2026-09-16 14:14:16.897][VERB] RETURN: {"result":"$4326"}
[0m[0;32m[2026-09-16 14:14:16.897][VERB] COMMANDCALL: _C.SafeAPI.Execute(["v1.sketch.dimension",[{"type":"VERTICAL_DISTANCE","value":"@expr.d327_y","name":"y","id":4202,"geomIds":[4208,4314]}]])
[0m[0;32m[2026-09-16 14:14:16.918][VERB] RETURN: {"result":"$4330"}
[0m[0;32m[2026-09-16 14:14:16.919][VERB] COMMANDCALL: _C.SafeAPI.Execute(["v1.sketch.line",[{"startPos":[1.6,61.9,0],"genIncidence":0,"genTangency":0,"genFixation":0,"genVertAndHoriz":0,"id":4202,"endPos":[1.6,23.5,0]}]])
[0m[0;32m[2026-09-16 14:14:16.929][VERB] RETURN: {"result":"$4332"}
[0m[0;32m[2026-09-16 14:14:16.929][VERB] COMMANDCALL: _C.SafeAPI.Execute(["v1.sketch.getPoints",[{"id":4332}]])
[0m[0;32m[2026-09-16 14:14:16.929][VERB] RETURN: {"result":{"endId":"$4334","startId":"$4333"}}
[0m[0;32m[2026-09-16 14:14:16.929][VERB] COMMANDCALL: _C.SafeAPI.Execute(["v1.sketch.dimension",[{"type":"HORIZONTAL_DISTANCE","value":"@expr.d328_x","name":"x","id":4202,"geomIds":[4208,4333]}]])
[0m[0;32m[2026-09-16 14:14:16.951][VERB] RETURN: {"result":"$4338"}
[0m[0;32m[2026-09-16 14:14:16.951][VERB] COMMANDCALL: _C.SafeAPI.Execute(["v1.sketch.dimension",[{"type":"VERTICAL_DISTANCE","value":"@expr.d329_y","name":"y","id":4202,"geomIds":[4208,4333]}]])
[0m[0;32m[2026-09-16 14:14:16.973][VERB] RETURN: {"result":"$4342"}
[0m[0;32m[2026-09-16 14:14:16.973][VERB] COMMANDCALL: _C.SafeAPI.Execute(["v1.sketch.dimension",[{"type":"HORIZONTAL_DISTANCE","value":"@expr.d330_x","name":"x","id":4202,"geomIds":[4208,4334]}]])
[0m[0;32m[2026-09-16 14:14:16.996][VERB] RETURN: {"result":"$4346"}
[0m[0;32m[2026-09-16 14:14:16.997][VERB] COMMANDCALL: _C.SafeAPI.Execute(["v1.sketch.dimension",[{"type":"VERTICAL_DISTANCE","value":"@expr.d331_y","name":"y","id":4202,"geomIds":[4208,4334]}]])
[0m[0;32m[2026-09-16 14:14:17.021][VERB] RETURN: {"result":"$4350"}
[0m[0;32m[2026-09-16 14:14:17.022][VERB] COMMANDCALL: _C.SafeAPI.Execute(["v1.sketch.line",[{"startPos":[1.6,23.5,0],"genIncidence":0,"genTangency":0,"genFixation":0,"genVertAndHoriz":0,"id":4202,"endPos":[2.1,23,0]}]])
[0m[0;32m[2026-09-16 14:14:17.034][VERB] RETURN: {"result":"$4352"}
[0m[0;32m[2026-09-16 14:14:17.034][VERB] COMMANDCALL: _C.SafeAPI.Execute(["v1.sketch.getPoints",[{"id":4352}]])
[0m[0;32m[2026-09-16 14:14:17.034][VERB] RETURN: {"result":{"endId":"$4354","startId":"$4353"}}
[0m[0;32m[2026-09-16 14:14:17.035][VERB] COMMANDCALL: _C.SafeAPI.Execute(["v1.sketch.dimension",[{"type":"HORIZONTAL_DISTANCE","value":"@expr.d332_x","name":"x","id":4202,"geomIds":[4208,4353]}]])
[0m[0;32m[2026-09-16 14:14:17.060][VERB] RETURN: {"result":"$4358"}
[0m[0;32m[2026-09-16 14:14:17.060][VERB] COMMANDCALL: _C.SafeAPI.Execute(["v1.sketch.dimension",[{"type":"VERTICAL_DISTANCE","value":"@expr.d333_y","name":"y","id":4202,"geomIds":[4208,4353]}]])
[0m[0;32m[2026-09-16 14:14:17.085][VERB] RETURN: {"result":"$4362"}
[0m[0;32m[2026-09-16 14:14:17.086][VERB] COMMANDCALL: _C.SafeAPI.Execute(["v1.sketch.dimension",[{"type":"HORIZONTAL_DISTANCE","value":"@expr.d334_x","name":"x","id":4202,"geomIds":[4208,4354]}]])
[0m[0;32m[2026-09-16 14:14:17.112][VERB] RETURN: {"result":"$4366"}
[0m[0;32m[2026-09-16 14:14:17.112][VERB] COMMANDCALL: _C.SafeAPI.Execute(["v1.sketch.dimension",[{"type":"VERTICAL_DISTANCE","value":"@expr.d335_y","name":"y","id":4202,"geomIds":[4208,4354]}]])
[0m[0;32m[2026-09-16 14:14:17.139][VERB] RETURN: {"result":"$4370"}
[0m[0;32m[2026-09-16 14:14:17.140][VERB] COMMANDCALL: _C.SafeAPI.Execute(["v1.part.extrusion",[{"references":[4212,4232,4252,4272,4292,4312,4332,4352],"name":"F303_chamfer_shell_skin_py_17_middle","taperAngle":0,"limit2":"@expr.d336_height","id":4}]])
[0m[0;32m[2026-09-16 14:14:17.146][VERB] RETURN: {"result":"$4374"}
[0m[0;32m[2026-09-16 14:14:17.146][VERB] COMMANDCALL: _C.SafeAPI.Execute(["v1.part.translation",[{"references":[34],"name":"F303_chamfer_shell_skin_py_17_middle_2","id":4,"targets":[4374],"distance":"@expr.d337_position"}]])
[0m[0;32m[2026-09-16 14:14:17.150][VERB] RETURN: {"result":"$4445"}
[0m[0;32m[2026-09-16 14:14:17.150][VERB] COMMANDCALL: _C.SafeAPI.Execute(["v1.part.extrusion",[{"references":[4212,4232,4252,4272,4292,4312,4332,4352],"name":"F303_chamfer_shell_skin_py_17_bottom","taperAngle":0.78539816339745,"limit2":"@expr.d338_bevel_height","id":4}]])
[0m[0;32m[2026-09-16 14:14:17.158][VERB] RETURN: {"result":"$4456"}
[0m[0;32m[2026-09-16 14:14:17.158][VERB] COMMANDCALL: _C.SafeAPI.Execute(["v1.part.translation",[{"references":[34],"name":"F303_chamfer_shell_skin_py_17_bottom_2","id":4,"targets":[4456],"distance":"@expr.d339_position"}]])
[0m[0;32m[2026-09-16 14:14:17.162][VERB] RETURN: {"result":"$4519"}
[0m[0;32m[2026-09-16 14:14:17.162][VERB] COMMANDCALL: _C.SafeAPI.Execute(["v1.part.extrusion",[{"references":[4212,4232,4252,4272,4292,4312,4332,4352],"name":"F303_chamfer_shell_skin_py_17_top","taperAngle":0.78539816339745,"limit2":"@expr.d340_bevel_height","id":4}]])
[0m[0;32m[2026-09-16 14:14:17.170][VERB] RETURN: {"result":"$4530"}
[0m[0;32m[2026-09-16 14:14:17.170][VERB] COMMANDCALL: _C.SafeAPI.Execute(["v1.part.translation",[{"references":[34],"name":"F303_chamfer_shell_skin_py_17_top_2","id":4,"targets":[4530],"distance":"@expr.d341_position"}]])
[0m[0;32m[2026-09-16 14:14:17.174][VERB] RETURN: {"result":"$4593"}
[0m[0;32m[2026-09-16 14:14:17.174][VERB] COMMANDCALL: _C.SafeAPI.Execute(["v1.part.boolean",[{"type":"UNION","tools":[4519,4593],"target":4445,"name":"F303_chamfer_shell_skin_py_17","id":4}]])
[0m[0;32m[2026-09-16 14:14:17.185][VERB] RETURN: {"result":"$4604"}
[0m[0;32m[2026-09-16 14:14:17.185][VERB] COMMANDCALL: _C.SafeAPI.Execute(["v1.part.boolean",[{"type":"SUBTRACTION","tools":[4604],"target":4034,"name":"F63_cut_housing_shell_py_58_tool_1","id":4}]])
[0m[0;32m[2026-09-16 14:14:17.210][VERB] RETURN: {"result":"$4683"}
[0m[0;32m[2026-09-16 14:14:17.211][VERB] COMMANDCALL: _C.SafeAPI.Execute(["v1.sketch.create",[{"planeId":38,"name":"F342_chamfer_shell_skin_py_17_middle_profile","id":4}]])
[0m[0;32m[2026-09-16 14:14:17.213][VERB] RETURN: {"result":"$4832"}
[0m[0;32m[2026-09-16 14:14:17.213][VERB] COMMANDCALL: _C.SafeAPI.Execute(["v1.sketch.point",[{"pos":[-1000,-1000,0],"id":4832}]])
[0m[0;32m[2026-09-16 14:14:17.214][VERB] RETURN: {"result":"$4838"}
[0m[0;32m[2026-09-16 14:14:17.214][VERB] COMMANDCALL: _C.SafeAPI.Execute(["v1.sketch.constraint",[{"type":"FIXATION","id":4832,"geomIds":[4838]}]])
[0m[0;32m[2026-09-16 14:14:17.215][VERB] RETURN: {"result":"$4840"}
[0m[0;32m[2026-09-16 14:14:17.215][VERB] COMMANDCALL: _C.SafeAPI.Execute(["v1.sketch.line",[{"startPos":[49.5,1.6,0],"genIncidence":0,"genTangency":0,"genFixation":0,"genVertAndHoriz":0,"id":4832,"endPos":[88.1,1.6,0]}]])
[0m[0;32m[2026-09-16 14:14:17.216][VERB] RETURN: {"result":"$4842"}
[0m[0;32m[2026-09-16 14:14:17.216][VERB] COMMANDCALL: _C.SafeAPI.Execute(["v1.sketch.getPoints",[{"id":4842}]])
[0m[0;32m[2026-09-16 14:14:17.216][VERB] RETURN: {"result":{"endId":"$4844","startId":"$4843"}}
[0m[0;32m[2026-09-16 14:14:17.217][VERB] COMMANDCALL: _C.SafeAPI.Execute(["v1.sketch.dimension",[{"type":"HORIZONTAL_DISTANCE","value":"@expr.d343_x","name":"x","id":4832,"geomIds":[4838,4843]}]])
[0m[0;32m[2026-09-16 14:14:17.221][VERB] RETURN: {"result":"$4848"}
[0m[0;32m[2026-09-16 14:14:17.221][VERB] COMMANDCALL: _C.SafeAPI.Execute(["v1.sketch.dimension",[{"type":"VERTICAL_DISTANCE","value":"@expr.d344_y","name":"y","id":4832,"geomIds":[4838,4843]}]])
[0m[0;32m[2026-09-16 14:14:17.226][VERB] RETURN: {"result":"$4852"}
[0m[0;32m[2026-09-16 14:14:17.226][VERB] COMMANDCALL: _C.SafeAPI.Execute(["v1.sketch.dimension",[{"type":"HORIZONTAL_DISTANCE","value":"@expr.d345_x","name":"x","id":4832,"geomIds":[4838,4844]}]])
[0m[0;32m[2026-09-16 14:14:17.232][VERB] RETURN: {"result":"$4856"}
[0m[0;32m[2026-09-16 14:14:17.232][VERB] COMMANDCALL: _C.SafeAPI.Execute(["v1.sketch.dimension",[{"type":"VERTICAL_DISTANCE","value":"@expr.d346_y","name":"y","id":4832,"geomIds":[4838,4844]}]])
[0m[0;32m[2026-09-16 14:14:17.238][VERB] RETURN: {"result":"$4860"}
[0m[0;32m[2026-09-16 14:14:17.238][VERB] COMMANDCALL: _C.SafeAPI.Execute(["v1.sketch.line",[{"startPos":[88.1,1.6,0],"genIncidence":0,"genTangency":0,"genFixation":0,"genVertAndHoriz":0,"id":4832,"endPos":[88.6,2.1,0]}]])
[0m[0;32m[2026-09-16 14:14:17.241][VERB] RETURN: {"result":"$4862"}
[0m[0;32m[2026-09-16 14:14:17.241][VERB] COMMANDCALL: _C.SafeAPI.Execute(["v1.sketch.getPoints",[{"id":4862}]])
[0m[0;32m[2026-09-16 14:14:17.241][VERB] RETURN: {"result":{"endId":"$4864","startId":"$4863"}}
[0m[0;32m[2026-09-16 14:14:17.241][VERB] COMMANDCALL: _C.SafeAPI.Execute(["v1.sketch.dimension",[{"type":"HORIZONTAL_DISTANCE","value":"@expr.d347_x","name":"x","id":4832,"geomIds":[4838,4863]}]])
[0m[0;32m[2026-09-16 14:14:17.248][VERB] RETURN: {"result":"$4868"}
[0m[0;32m[2026-09-16 14:14:17.248][VERB] COMMANDCALL: _C.SafeAPI.Execute(["v1.sketch.dimension",[{"type":"VERTICAL_DISTANCE","value":"@expr.d348_y","name":"y","id":4832,"geomIds":[4838,4863]}]])
[0m[0;32m[2026-09-16 14:14:17.256][VERB] RETURN: {"result":"$4872"}
[0m[0;32m[2026-09-16 14:14:17.256][VERB] COMMANDCALL: _C.SafeAPI.Execute(["v1.sketch.dimension",[{"type":"HORIZONTAL_DISTANCE","value":"@expr.d349_x","name":"x","id":4832,"geomIds":[4838,4864]}]])
[0m[0;32m[2026-09-16 14:14:17.265][VERB] RETURN: {"result":"$4876"}
[0m[0;32m[2026-09-16 14:14:17.265][VERB] COMMANDCALL: _C.SafeAPI.Execute(["v1.sketch.dimension",[{"type":"VERTICAL_DISTANCE","value":"@expr.d350_y","name":"y","id":4832,"geomIds":[4838,4864]}]])
[0m[0;32m[2026-09-16 14:14:17.275][VERB] RETURN: {"result":"$4880"}
[0m[0;32m[2026-09-16 14:14:17.275][VERB] COMMANDCALL: _C.SafeAPI.Execute(["v1.sketch.line",[{"startPos":[88.6,2.1,0],"genIncidence":0,"genTangency":0,"genFixation":0,"genVertAndHoriz":0,"id":4832,"endPos":[88.6,37.4,0]}]])
[0m[0;32m[2026-09-16 14:14:17.279][VERB] RETURN: {"result":"$4882"}
[0m[0;32m[2026-09-16 14:14:17.279][VERB] COMMANDCALL: _C.SafeAPI.Execute(["v1.sketch.getPoints",[{"id":4882}]])
[0m[0;32m[2026-09-16 14:14:17.279][VERB] RETURN: {"result":{"endId":"$4884","startId":"$4883"}}
[0m[0;32m[2026-09-16 14:14:17.280][VERB] COMMANDCALL: _C.SafeAPI.Execute(["v1.sketch.dimension",[{"type":"HORIZONTAL_DISTANCE","value":"@expr.d351_x","name":"x","id":4832,"geomIds":[4838,4883]}]])
[0m[0;32m[2026-09-16 14:14:17.290][VERB] RETURN: {"result":"$4888"}
[0m[0;32m[2026-09-16 14:14:17.290][VERB] COMMANDCALL: _C.SafeAPI.Execute(["v1.sketch.dimension",[{"type":"VERTICAL_DISTANCE","value":"@expr.d352_y","name":"y","id":4832,"geomIds":[4838,4883]}]])
[0m[0;32m[2026-09-16 14:14:17.301][VERB] RETURN: {"result":"$4892"}
[0m[0;32m[2026-09-16 14:14:17.301][VERB] COMMANDCALL: _C.SafeAPI.Execute(["v1.sketch.dimension",[{"type":"HORIZONTAL_DISTANCE","value":"@expr.d353_x","name":"x","id":4832,"geomIds":[4838,4884]}]])
[0m[0;32m[2026-09-16 14:14:17.313][VERB] RETURN: {"result":"$4896"}
[0m[0;32m[2026-09-16 14:14:17.313][VERB] COMMANDCALL: _C.SafeAPI.Execute(["v1.sketch.dimension",[{"type":"VERTICAL_DISTANCE","value":"@expr.d354_y","name":"y","id":4832,"geomIds":[4838,4884]}]])
[0m[0;32m[2026-09-16 14:14:17.325][VERB] RETURN: {"result":"$4900"}
[0m[0;32m[2026-09-16 14:14:17.326][VERB] COMMANDCALL: _C.SafeAPI.Execute(["v1.sketch.line",[{"startPos":[88.6,37.4,0],"genIncidence":0,"genTangency":0,"genFixation":0,"genVertAndHoriz":0,"id":4832,"endPos":[88.1,37.9,0]}]])
[0m[0;32m[2026-09-16 14:14:17.331][VERB] RETURN: {"result":"$4902"}
[0m[0;32m[2026-09-16 14:14:17.332][VERB] COMMANDCALL: _C.SafeAPI.Execute(["v1.sketch.getPoints",[{"id":4902}]])
[0m[0;32m[2026-09-16 14:14:17.332][VERB] RETURN: {"result":{"endId":"$4904","startId":"$4903"}}
[0m[0;32m[2026-09-16 14:14:17.332][VERB] COMMANDCALL: _C.SafeAPI.Execute(["v1.sketch.dimension",[{"type":"HORIZONTAL_DISTANCE","value":"@expr.d355_x","name":"x","id":4832,"geomIds":[4838,4903]}]])
[0m[0;32m[2026-09-16 14:14:17.345][VERB] RETURN: {"result":"$4908"}
[0m[0;32m[2026-09-16 14:14:17.346][VERB] COMMANDCALL: _C.SafeAPI.Execute(["v1.sketch.dimension",[{"type":"VERTICAL_DISTANCE","value":"@expr.d356_y","name":"y","id":4832,"geomIds":[4838,4903]}]])
[0m[0;32m[2026-09-16 14:14:17.360][VERB] RETURN: {"result":"$4912"}
[0m[0;32m[2026-09-16 14:14:17.360][VERB] COMMANDCALL: _C.SafeAPI.Execute(["v1.sketch.dimension",[{"type":"HORIZONTAL_DISTANCE","value":"@expr.d357_x","name":"x","id":4832,"geomIds":[4838,4904]}]])
[0m[0;32m[2026-09-16 14:14:17.374][VERB] RETURN: {"result":"$4916"}
[0m[0;32m[2026-09-16 14:14:17.375][VERB] COMMANDCALL: _C.SafeAPI.Execute(["v1.sketch.dimension",[{"type":"VERTICAL_DISTANCE","value":"@expr.d358_y","name":"y","id":4832,"geomIds":[4838,4904]}]])
[0m[0;32m[2026-09-16 14:14:17.389][VERB] RETURN: {"result":"$4920"}
[0m[0;32m[2026-09-16 14:14:17.390][VERB] COMMANDCALL: _C.SafeAPI.Execute(["v1.sketch.line",[{"startPos":[88.1,37.9,0],"genIncidence":0,"genTangency":0,"genFixation":0,"genVertAndHoriz":0,"id":4832,"endPos":[49.5,37.9,0]}]])
[0m[0;32m[2026-09-16 14:14:17.397][VERB] RETURN: {"result":"$4922"}
[0m[0;32m[2026-09-16 14:14:17.397][VERB] COMMANDCALL: _C.SafeAPI.Execute(["v1.sketch.getPoints",[{"id":4922}]])
[0m[0;32m[2026-09-16 14:14:17.397][VERB] RETURN: {"result":{"endId":"$4924","startId":"$4923"}}
[0m[0;32m[2026-09-16 14:14:17.397][VERB] COMMANDCALL: _C.SafeAPI.Execute(["v1.sketch.dimension",[{"type":"HORIZONTAL_DISTANCE","value":"@expr.d359_x","name":"x","id":4832,"geomIds":[4838,4923]}]])
[0m[0;32m[2026-09-16 14:14:17.414][VERB] RETURN: {"result":"$4928"}
[0m[0;32m[2026-09-16 14:14:17.414][VERB] COMMANDCALL: _C.SafeAPI.Execute(["v1.sketch.dimension",[{"type":"VERTICAL_DISTANCE","value":"@expr.d360_y","name":"y","id":4832,"geomIds":[4838,4923]}]])
[0m[0;32m[2026-09-16 14:14:17.430][VERB] RETURN: {"result":"$4932"}
[0m[0;32m[2026-09-16 14:14:17.431][VERB] COMMANDCALL: _C.SafeAPI.Execute(["v1.sketch.dimension",[{"type":"HORIZONTAL_DISTANCE","value":"@expr.d361_x","name":"x","id":4832,"geomIds":[4838,4924]}]])
[0m[0;32m[2026-09-16 14:14:17.448][VERB] RETURN: {"result":"$4936"}
[0m[0;32m[2026-09-16 14:14:17.448][VERB] COMMANDCALL: _C.SafeAPI.Execute(["v1.sketch.dimension",[{"type":"VERTICAL_DISTANCE","value":"@expr.d362_y","name":"y","id":4832,"geomIds":[4838,4924]}]])
[0m[0;32m[2026-09-16 14:14:17.466][VERB] RETURN: {"result":"$4940"}
[0m[0;32m[2026-09-16 14:14:17.466][VERB] COMMANDCALL: _C.SafeAPI.Execute(["v1.sketch.line",[{"startPos":[49.5,37.9,0],"genIncidence":0,"genTangency":0,"genFixation":0,"genVertAndHoriz":0,"id":4832,"endPos":[49,37.4,0]}]])
[0m[0;32m[2026-09-16 14:14:17.475][VERB] RETURN: {"result":"$4942"}
[0m[0;32m[2026-09-16 14:14:17.476][VERB] COMMANDCALL: _C.SafeAPI.Execute(["v1.sketch.getPoints",[{"id":4942}]])
[0m[0;32m[2026-09-16 14:14:17.476][VERB] RETURN: {"result":{"endId":"$4944","startId":"$4943"}}
[0m[0;32m[2026-09-16 14:14:17.476][VERB] COMMANDCALL: _C.SafeAPI.Execute(["v1.sketch.dimension",[{"type":"HORIZONTAL_DISTANCE","value":"@expr.d363_x","name":"x","id":4832,"geomIds":[4838,4943]}]])
[0m[0;32m[2026-09-16 14:14:17.495][VERB] RETURN: {"result":"$4948"}
[0m[0;32m[2026-09-16 14:14:17.495][VERB] COMMANDCALL: _C.SafeAPI.Execute(["v1.sketch.dimension",[{"type":"VERTICAL_DISTANCE","value":"@expr.d364_y","name":"y","id":4832,"geomIds":[4838,4943]}]])
[0m[0;32m[2026-09-16 14:14:17.514][VERB] RETURN: {"result":"$4952"}
[0m[0;32m[2026-09-16 14:14:17.515][VERB] COMMANDCALL: _C.SafeAPI.Execute(["v1.sketch.dimension",[{"type":"HORIZONTAL_DISTANCE","value":"@expr.d365_x","name":"x","id":4832,"geomIds":[4838,4944]}]])
[0m[0;32m[2026-09-16 14:14:17.535][VERB] RETURN: {"result":"$4956"}
[0m[0;32m[2026-09-16 14:14:17.535][VERB] COMMANDCALL: _C.SafeAPI.Execute(["v1.sketch.dimension",[{"type":"VERTICAL_DISTANCE","value":"@expr.d366_y","name":"y","id":4832,"geomIds":[4838,4944]}]])
[0m[0;32m[2026-09-16 14:14:17.556][VERB] RETURN: {"result":"$4960"}
[0m[0;32m[2026-09-16 14:14:17.556][VERB] COMMANDCALL: _C.SafeAPI.Execute(["v1.sketch.line",[{"startPos":[49,37.4,0],"genIncidence":0,"genTangency":0,"genFixation":0,"genVertAndHoriz":0,"id":4832,"endPos":[49,2.1,0]}]])
[0m[0;32m[2026-09-16 14:14:17.567][VERB] RETURN: {"result":"$4962"}
[0m[0;32m[2026-09-16 14:14:17.567][VERB] COMMANDCALL: _C.SafeAPI.Execute(["v1.sketch.getPoints",[{"id":4962}]])
[0m[0;32m[2026-09-16 14:14:17.567][VERB] RETURN: {"result":{"endId":"$4964","startId":"$4963"}}
[0m[0;32m[2026-09-16 14:14:17.567][VERB] COMMANDCALL: _C.SafeAPI.Execute(["v1.sketch.dimension",[{"type":"HORIZONTAL_DISTANCE","value":"@expr.d367_x","name":"x","id":4832,"geomIds":[4838,4963]}]])
[0m[0;32m[2026-09-16 14:14:17.589][VERB] RETURN: {"result":"$4968"}
[0m[0;32m[2026-09-16 14:14:17.589][VERB] COMMANDCALL: _C.SafeAPI.Execute(["v1.sketch.dimension",[{"type":"VERTICAL_DISTANCE","value":"@expr.d368_y","name":"y","id":4832,"geomIds":[4838,4963]}]])
[0m[0;32m[2026-09-16 14:14:17.612][VERB] RETURN: {"result":"$4972"}
[0m[0;32m[2026-09-16 14:14:17.612][VERB] COMMANDCALL: _C.SafeAPI.Execute(["v1.sketch.dimension",[{"type":"HORIZONTAL_DISTANCE","value":"@expr.d369_x","name":"x","id":4832,"geomIds":[4838,4964]}]])
[0m[0;32m[2026-09-16 14:14:17.635][VERB] RETURN: {"result":"$4976"}
[0m[0;32m[2026-09-16 14:14:17.636][VERB] COMMANDCALL: _C.SafeAPI.Execute(["v1.sketch.dimension",[{"type":"VERTICAL_DISTANCE","value":"@expr.d370_y","name":"y","id":4832,"geomIds":[4838,4964]}]])
[0m[0;32m[2026-09-16 14:14:17.659][VERB] RETURN: {"result":"$4980"}
[0m[0;32m[2026-09-16 14:14:17.660][VERB] COMMANDCALL: _C.SafeAPI.Execute(["v1.sketch.line",[{"startPos":[49,2.1,0],"genIncidence":0,"genTangency":0,"genFixation":0,"genVertAndHoriz":0,"id":4832,"endPos":[49.5,1.6,0]}]])
[0m[0;32m[2026-09-16 14:14:17.671][VERB] RETURN: {"result":"$4982"}
[0m[0;32m[2026-09-16 14:14:17.672][VERB] COMMANDCALL: _C.SafeAPI.Execute(["v1.sketch.getPoints",[{"id":4982}]])
[0m[0;32m[2026-09-16 14:14:17.672][VERB] RETURN: {"result":{"endId":"$4984","startId":"$4983"}}
[0m[0;32m[2026-09-16 14:14:17.672][VERB] COMMANDCALL: _C.SafeAPI.Execute(["v1.sketch.dimension",[{"type":"HORIZONTAL_DISTANCE","value":"@expr.d371_x","name":"x","id":4832,"geomIds":[4838,4983]}]])
[0m[0;32m[2026-09-16 14:14:17.698][VERB] RETURN: {"result":"$4988"}
[0m[0;32m[2026-09-16 14:14:17.698][VERB] COMMANDCALL: _C.SafeAPI.Execute(["v1.sketch.dimension",[{"type":"VERTICAL_DISTANCE","value":"@expr.d372_y","name":"y","id":4832,"geomIds":[4838,4983]}]])
[0m[0;32m[2026-09-16 14:14:17.724][VERB] RETURN: {"result":"$4992"}
[0m[0;32m[2026-09-16 14:14:17.724][VERB] COMMANDCALL: _C.SafeAPI.Execute(["v1.sketch.dimension",[{"type":"HORIZONTAL_DISTANCE","value":"@expr.d373_x","name":"x","id":4832,"geomIds":[4838,4984]}]])
[0m[0;32m[2026-09-16 14:14:17.751][VERB] RETURN: {"result":"$4996"}
[0m[0;32m[2026-09-16 14:14:17.751][VERB] COMMANDCALL: _C.SafeAPI.Execute(["v1.sketch.dimension",[{"type":"VERTICAL_DISTANCE","value":"@expr.d374_y","name":"y","id":4832,"geomIds":[4838,4984]}]])
[0m[0;32m[2026-09-16 14:14:17.779][VERB] RETURN: {"result":"$5000"}
[0m[0;32m[2026-09-16 14:14:17.780][VERB] COMMANDCALL: _C.SafeAPI.Execute(["v1.part.extrusion",[{"references":[4842,4862,4882,4902,4922,4942,4962,4982],"name":"F342_chamfer_shell_skin_py_17_middle","taperAngle":0,"limit2":"@expr.d375_height","id":4}]])
[0m[0;32m[2026-09-16 14:14:17.786][VERB] RETURN: {"result":"$5004"}
[0m[0;32m[2026-09-16 14:14:17.786][VERB] COMMANDCALL: _C.SafeAPI.Execute(["v1.part.translation",[{"references":[34],"name":"F342_chamfer_shell_skin_py_17_middle_2","id":4,"targets":[5004],"distance":"@expr.d376_position"}]])
[0m[0;32m[2026-09-16 14:14:17.790][VERB] RETURN: {"result":"$5075"}
[0m[0;32m[2026-09-16 14:14:17.791][VERB] COMMANDCALL: _C.SafeAPI.Execute(["v1.part.extrusion",[{"references":[4842,4862,4882,4902,4922,4942,4962,4982],"name":"F342_chamfer_shell_skin_py_17_bottom","taperAngle":0.78539816339745,"limit2":"@expr.d377_bevel_height","id":4}]])
[0m[0;32m[2026-09-16 14:14:17.798][VERB] RETURN: {"result":"$5086"}
[0m[0;32m[2026-09-16 14:14:17.799][VERB] COMMANDCALL: _C.SafeAPI.Execute(["v1.part.translation",[{"references":[34],"name":"F342_chamfer_shell_skin_py_17_bottom_2","id":4,"targets":[5086],"distance":"@expr.d378_position"}]])
[0m[0;32m[2026-09-16 14:14:17.803][VERB] RETURN: {"result":"$5149"}
[0m[0;32m[2026-09-16 14:14:17.803][VERB] COMMANDCALL: _C.SafeAPI.Execute(["v1.part.extrusion",[{"references":[4842,4862,4882,4902,4922,4942,4962,4982],"name":"F342_chamfer_shell_skin_py_17_top","taperAngle":0.78539816339745,"limit2":"@expr.d379_bevel_height","id":4}]])
[0m[0;32m[2026-09-16 14:14:17.811][VERB] RETURN: {"result":"$5160"}
[0m[0;32m[2026-09-16 14:14:17.811][VERB] COMMANDCALL: _C.SafeAPI.Execute(["v1.part.translation",[{"references":[34],"name":"F342_chamfer_shell_skin_py_17_top_2","id":4,"targets":[5160],"distance":"@expr.d380_position"}]])
[0m[0;32m[2026-09-16 14:14:17.815][VERB] RETURN: {"result":"$5223"}
[0m[0;32m[2026-09-16 14:14:17.815][VERB] COMMANDCALL: _C.SafeAPI.Execute(["v1.part.boolean",[{"type":"UNION","tools":[5149,5223],"target":5075,"name":"F342_chamfer_shell_skin_py_17","id":4}]])
[0m[0;32m[2026-09-16 14:14:17.826][VERB] RETURN: {"result":"$5234"}
[0m[0;32m[2026-09-16 14:14:17.827][VERB] COMMANDCALL: _C.SafeAPI.Execute(["v1.part.boolean",[{"type":"SUBTRACTION","tools":[5234],"target":4683,"name":"F63_cut_housing_shell_py_58_tool_2","id":4}]])
[0m[0;32m[2026-09-16 14:14:17.855][VERB] RETURN: {"result":"$5313"}
[0m[0;32m[2026-09-16 14:14:17.856][VERB] COMMANDCALL: _C.SafeAPI.Execute(["v1.part.workPlane",[{"type":"PLANE","references":[38],"name":"F383_makeBox_cad_primitives_py_8_plane","offset":"@expr.d384_plane_offset","id":4}]])
[0m[0;32m[2026-09-16 14:14:17.860][VERB] RETURN: {"result":"$5458"}
[0m[0;32m[2026-09-16 14:14:17.860][VERB] COMMANDCALL: _C.SafeAPI.Execute(["v1.sketch.create",[{"planeId":5458,"name":"F383_makeBox_cad_primitives_py_8_profile","id":4}]])
[0m[0;32m[2026-09-16 14:14:17.862][VERB] RETURN: {"result":"$5464"}
[0m[0;32m[2026-09-16 14:14:17.862][VERB] COMMANDCALL: _C.SafeAPI.Execute(["v1.sketch.rectangle",[{"startPos":[88.05,-7,0],"id":5464,"genFixation":0,"endPos":[92.5,5,0]}]])
[0m[0;32m[2026-09-16 14:14:17.868][VERB] RETURN: {"result":["$5470","$5474","$5480","$5486"]}
[0m[0;32m[2026-09-16 14:14:17.869][VERB] COMMANDCALL: _C.SafeAPI.Execute(["v1.sketch.getPoints",[{"id":5470}]])
[0m[0;32m[2026-09-16 14:14:17.869][VERB] RETURN: {"result":{"endId":"$5472","startId":"$5471"}}
[0m[0;32m[2026-09-16 14:14:17.869][VERB] COMMANDCALL: _C.SafeAPI.Execute(["v1.sketch.point",[{"pos":[-1000,-1000,0],"id":5464}]])
[0m[0;32m[2026-09-16 14:14:17.871][VERB] RETURN: {"result":"$5502"}
[0m[0;32m[2026-09-16 14:14:17.871][VERB] COMMANDCALL: _C.SafeAPI.Execute(["v1.sketch.constraint",[{"type":"FIXATION","id":5464,"geomIds":[5502]}]])
[0m[0;32m[2026-09-16 14:14:17.872][VERB] RETURN: {"result":"$5504"}
[0m[0;32m[2026-09-16 14:14:17.872][VERB] COMMANDCALL: _C.SafeAPI.Execute(["v1.sketch.dimension",[{"type":"HORIZONTAL_DISTANCE","value":"@expr.d385_position_x","name":"position_x","id":5464,"geomIds":[5502,5471]}]])
[0m[0;32m[2026-09-16 14:14:17.878][VERB] RETURN: {"result":"$5508"}
[0m[0;32m[2026-09-16 14:14:17.878][VERB] COMMANDCALL: _C.SafeAPI.Execute(["v1.sketch.dimension",[{"type":"VERTICAL_DISTANCE","value":"@expr.d386_position_y","name":"position_y","id":5464,"geomIds":[5502,5471]}]])
[0m[0;32m[2026-09-16 14:14:17.884][VERB] RETURN: {"result":"$5512"}
[0m[0;32m[2026-09-16 14:14:17.885][VERB] COMMANDCALL: _C.SafeAPI.Execute(["v1.sketch.dimension",[{"type":"OFFSET","value":"@expr.d387_width","name":"width","id":5464,"geomIds":[5470]}]])
[0m[0;32m[2026-09-16 14:14:17.891][VERB] RETURN: {"result":"$5516"}
[0m[0;32m[2026-09-16 14:14:17.892][VERB] COMMANDCALL: _C.SafeAPI.Execute(["v1.sketch.dimension",[{"type":"OFFSET","value":"@expr.d388_depth","name":"depth","id":5464,"geomIds":[5474]}]])
[0m[0;32m[2026-09-16 14:14:17.899][VERB] RETURN: {"result":"$5520"}
[0m[0;32m[2026-09-16 14:14:17.899][VERB] COMMANDCALL: _C.SafeAPI.Execute(["v1.part.extrusion",[{"references":[5470,5474,5480,5486],"name":"F383_makeBox_cad_primitives_py_8","taperAngle":0,"limit2":"@expr.d389_height","id":4}]])
[0m[0;32m[2026-09-16 14:14:17.905][VERB] RETURN: {"result":"$5524"}
[0m[0;32m[2026-09-16 14:14:17.905][VERB] COMMANDCALL: _C.SafeAPI.Execute(["v1.part.workPlane",[{"type":"PLANE","references":[38],"name":"F391_makeBox_cad_primitives_py_8_plane","offset":"@expr.d392_plane_offset","id":4}]])
[0m[0;32m[2026-09-16 14:14:17.909][VERB] RETURN: {"result":"$5567"}
[0m[0;32m[2026-09-16 14:14:17.909][VERB] COMMANDCALL: _C.SafeAPI.Execute(["v1.sketch.create",[{"planeId":5567,"name":"F391_makeBox_cad_primitives_py_8_profile","id":4}]])
[0m[0;32m[2026-09-16 14:14:17.911][VERB] RETURN: {"result":"$5573"}
[0m[0;32m[2026-09-16 14:14:17.911][VERB] COMMANDCALL: _C.SafeAPI.Execute(["v1.sketch.rectangle",[{"startPos":[85.35,-4,0],"id":5573,"genFixation":0,"endPos":[88.05,-1.3,0]}]])
[0m[0;32m[2026-09-16 14:14:17.917][VERB] RETURN: {"result":["$5579","$5583","$5589","$5595"]}
[0m[0;32m[2026-09-16 14:14:17.918][VERB] COMMANDCALL: _C.SafeAPI.Execute(["v1.sketch.getPoints",[{"id":5579}]])
[0m[0;32m[2026-09-16 14:14:17.918][VERB] RETURN: {"result":{"endId":"$5581","startId":"$5580"}}
[0m[0;32m[2026-09-16 14:14:17.918][VERB] COMMANDCALL: _C.SafeAPI.Execute(["v1.sketch.point",[{"pos":[-1000,-1000,0],"id":5573}]])
[0m[0;32m[2026-09-16 14:14:17.920][VERB] RETURN: {"result":"$5611"}
[0m[0;32m[2026-09-16 14:14:17.920][VERB] COMMANDCALL: _C.SafeAPI.Execute(["v1.sketch.constraint",[{"type":"FIXATION","id":5573,"geomIds":[5611]}]])
[0m[0;32m[2026-09-16 14:14:17.921][VERB] RETURN: {"result":"$5613"}
[0m[0;32m[2026-09-16 14:14:17.922][VERB] COMMANDCALL: _C.SafeAPI.Execute(["v1.sketch.dimension",[{"type":"HORIZONTAL_DISTANCE","value":"@expr.d393_position_x","name":"position_x","id":5573,"geomIds":[5611,5580]}]])
[0m[0;32m[2026-09-16 14:14:17.927][VERB] RETURN: {"result":"$5617"}
[0m[0;32m[2026-09-16 14:14:17.927][VERB] COMMANDCALL: _C.SafeAPI.Execute(["v1.sketch.dimension",[{"type":"VERTICAL_DISTANCE","value":"@expr.d394_position_y","name":"position_y","id":5573,"geomIds":[5611,5580]}]])
[0m[0;32m[2026-09-16 14:14:17.933][VERB] RETURN: {"result":"$5621"}
[0m[0;32m[2026-09-16 14:14:17.934][VERB] COMMANDCALL: _C.SafeAPI.Execute(["v1.sketch.dimension",[{"type":"OFFSET","value":"@expr.d395_width","name":"width","id":5573,"geomIds":[5579]}]])
[0m[0;32m[2026-09-16 14:14:17.941][VERB] RETURN: {"result":"$5625"}
[0m[0;32m[2026-09-16 14:14:17.941][VERB] COMMANDCALL: _C.SafeAPI.Execute(["v1.sketch.dimension",[{"type":"OFFSET","value":"@expr.d396_depth","name":"depth","id":5573,"geomIds":[5583]}]])
[0m[0;32m[2026-09-16 14:14:17.949][VERB] RETURN: {"result":"$5629"}
[0m[0;32m[2026-09-16 14:14:17.949][VERB] COMMANDCALL: _C.SafeAPI.Execute(["v1.part.extrusion",[{"references":[5579,5583,5589,5595],"name":"F391_makeBox_cad_primitives_py_8","taperAngle":0,"limit2":"@expr.d397_height","id":4}]])
[0m[0;32m[2026-09-16 14:14:17.955][VERB] RETURN: {"result":"$5633"}
[0m[0;32m[2026-09-16 14:14:17.955][VERB] COMMANDCALL: _C.SafeAPI.Execute(["v1.part.workPlane",[{"type":"PLANE","references":[38],"name":"F398_makeCylinder_cad_primitives_py_12_plane","offset":"@expr.d399_plane_offset","id":4}]])
[0m[0;32m[2026-09-16 14:14:17.959][VERB] RETURN: {"result":"$5676"}
[0m[0;32m[2026-09-16 14:14:17.959][VERB] COMMANDCALL: _C.SafeAPI.Execute(["v1.sketch.create",[{"planeId":5676,"name":"F398_makeCylinder_cad_primitives_py_12_profile","id":4}]])
[0m[0;32m[2026-09-16 14:14:17.961][VERB] RETURN: {"result":"$5682"}
[0m[0;32m[2026-09-16 14:14:17.961][VERB] COMMANDCALL: _C.SafeAPI.Execute(["v1.sketch.circle",[{"radius":2.7,"id":5682,"genFixation":0,"centerPos":[85.35,-4,0]}]])
[0m[0;32m[2026-09-16 14:14:17.963][VERB] RETURN: {"result":"$5688"}
[0m[0;32m[2026-09-16 14:14:17.963][VERB] COMMANDCALL: _C.SafeAPI.Execute(["v1.sketch.getPoints",[{"id":5688}]])
[0m[0;32m[2026-09-16 14:14:17.963][VERB] RETURN: {"result":{"centerId":"$5689"}}
[0m[0;32m[2026-09-16 14:14:17.963][VERB] COMMANDCALL: _C.SafeAPI.Execute(["v1.sketch.point",[{"pos":[-1000,-1000,0],"id":5682}]])
[0m[0;32m[2026-09-16 14:14:17.964][VERB] RETURN: {"result":"$5691"}
[0m[0;32m[2026-09-16 14:14:17.964][VERB] COMMANDCALL: _C.SafeAPI.Execute(["v1.sketch.constraint",[{"type":"FIXATION","id":5682,"geomIds":[5691]}]])
[0m[0;32m[2026-09-16 14:14:17.965][VERB] RETURN: {"result":"$5693"}
[0m[0;32m[2026-09-16 14:14:17.965][VERB] COMMANDCALL: _C.SafeAPI.Execute(["v1.sketch.dimension",[{"type":"HORIZONTAL_DISTANCE","value":"@expr.d400_position_x","name":"position_x","id":5682,"geomIds":[5691,5689]}]])
[0m[0;32m[2026-09-16 14:14:17.970][VERB] RETURN: {"result":"$5697"}
[0m[0;32m[2026-09-16 14:14:17.970][VERB] COMMANDCALL: _C.SafeAPI.Execute(["v1.sketch.dimension",[{"type":"VERTICAL_DISTANCE","value":"@expr.d401_position_y","name":"position_y","id":5682,"geomIds":[5691,5689]}]])
[0m[0;32m[2026-09-16 14:14:17.975][VERB] RETURN: {"result":"$5701"}
[0m[0;32m[2026-09-16 14:14:17.975][VERB] COMMANDCALL: _C.SafeAPI.Execute(["v1.sketch.dimension",[{"type":"RADIUS","value":"@expr.d402_radius","name":"radius","id":5682,"geomIds":[5688]}]])
[0m[0;32m[2026-09-16 14:14:17.980][VERB] RETURN: {"result":"$5705"}
[0m[0;32m[2026-09-16 14:14:17.980][VERB] COMMANDCALL: _C.SafeAPI.Execute(["v1.part.extrusion",[{"references":[5688],"name":"F398_makeCylinder_cad_primitives_py_12","taperAngle":0,"limit2":"@expr.d403_height","id":4}]])
[0m[0;32m[2026-09-16 14:14:17.986][VERB] RETURN: {"result":"$5709"}
[0m[0;32m[2026-09-16 14:14:17.986][VERB] COMMANDCALL: _C.SafeAPI.Execute(["v1.part.boolean",[{"type":"SUBTRACTION","tools":[5709],"target":5633,"name":"F390_cut_housing_shell_py_25","id":4}]])
[0m[0;32m[2026-09-16 14:14:17.992][VERB] RETURN: {"result":"$5731"}
[0m[0;32m[2026-09-16 14:14:17.993][VERB] COMMANDCALL: _C.SafeAPI.Execute(["v1.part.workPlane",[{"type":"PLANE","references":[38],"name":"F404_makeBox_cad_primitives_py_8_plane","offset":"@expr.d405_plane_offset","id":4}]])
[0m[0;32m[2026-09-16 14:14:17.996][VERB] RETURN: {"result":"$5749"}
[0m[0;32m[2026-09-16 14:14:17.997][VERB] COMMANDCALL: _C.SafeAPI.Execute(["v1.sketch.create",[{"planeId":5749,"name":"F404_makeBox_cad_primitives_py_8_profile","id":4}]])
[0m[0;32m[2026-09-16 14:14:17.999][VERB] RETURN: {"result":"$5755"}
[0m[0;32m[2026-09-16 14:14:17.999][VERB] COMMANDCALL: _C.SafeAPI.Execute(["v1.sketch.rectangle",[{"startPos":[88.05,30,0],"id":5755,"genFixation":0,"endPos":[92.5,41.3,0]}]])
[0m[0;32m[2026-09-16 14:14:18.005][VERB] RETURN: {"result":["$5761","$5765","$5771","$5777"]}
[0m[0;32m[2026-09-16 14:14:18.006][VERB] COMMANDCALL: _C.SafeAPI.Execute(["v1.sketch.getPoints",[{"id":5761}]])
[0m[0;32m[2026-09-16 14:14:18.006][VERB] RETURN: {"result":{"endId":"$5763","startId":"$5762"}}
[0m[0;32m[2026-09-16 14:14:18.006][VERB] COMMANDCALL: _C.SafeAPI.Execute(["v1.sketch.point",[{"pos":[-1000,-1000,0],"id":5755}]])
[0m[0;32m[2026-09-16 14:14:18.008][VERB] RETURN: {"result":"$5793"}
[0m[0;32m[2026-09-16 14:14:18.008][VERB] COMMANDCALL: _C.SafeAPI.Execute(["v1.sketch.constraint",[{"type":"FIXATION","id":5755,"geomIds":[5793]}]])
[0m[0;32m[2026-09-16 14:14:18.009][VERB] RETURN: {"result":"$5795"}
[0m[0;32m[2026-09-16 14:14:18.009][VERB] COMMANDCALL: _C.SafeAPI.Execute(["v1.sketch.dimension",[{"type":"HORIZONTAL_DISTANCE","value":"@expr.d406_position_x","name":"position_x","id":5755,"geomIds":[5793,5762]}]])
[0m[0;32m[2026-09-16 14:14:18.015][VERB] RETURN: {"result":"$5799"}
[0m[0;32m[2026-09-16 14:14:18.015][VERB] COMMANDCALL: _C.SafeAPI.Execute(["v1.sketch.dimension",[{"type":"VERTICAL_DISTANCE","value":"@expr.d407_position_y","name":"position_y","id":5755,"geomIds":[5793,5762]}]])
[0m[0;32m[2026-09-16 14:14:18.021][VERB] RETURN: {"result":"$5803"}
[0m[0;32m[2026-09-16 14:14:18.021][VERB] COMMANDCALL: _C.SafeAPI.Execute(["v1.sketch.dimension",[{"type":"OFFSET","value":"@expr.d408_width","name":"width","id":5755,"geomIds":[5761]}]])
[0m[0;32m[2026-09-16 14:14:18.028][VERB] RETURN: {"result":"$5807"}
[0m[0;32m[2026-09-16 14:14:18.028][VERB] COMMANDCALL: _C.SafeAPI.Execute(["v1.sketch.dimension",[{"type":"OFFSET","value":"@expr.d409_depth","name":"depth","id":5755,"geomIds":[5765]}]])
[0m[0;32m[2026-09-16 14:14:18.036][VERB] RETURN: {"result":"$5811"}
[0m[0;32m[2026-09-16 14:14:18.036][VERB] COMMANDCALL: _C.SafeAPI.Execute(["v1.part.extrusion",[{"references":[5761,5765,5771,5777],"name":"F404_makeBox_cad_primitives_py_8","taperAngle":0,"limit2":"@expr.d410_height","id":4}]])
[0m[0;32m[2026-09-16 14:14:18.042][VERB] RETURN: {"result":"$5815"}
[0m[0;32m[2026-09-16 14:14:18.042][VERB] COMMANDCALL: _C.SafeAPI.Execute(["v1.part.workPlane",[{"type":"PLANE","references":[38],"name":"F411_makeBox_cad_primitives_py_8_plane","offset":"@expr.d412_plane_offset","id":4}]])
[0m[0;32m[2026-09-16 14:14:18.045][VERB] RETURN: {"result":"$5858"}
[0m[0;32m[2026-09-16 14:14:18.046][VERB] COMMANDCALL: _C.SafeAPI.Execute(["v1.sketch.create",[{"planeId":5858,"name":"F411_makeBox_cad_primitives_py_8_profile","id":4}]])
[0m[0;32m[2026-09-16 14:14:18.048][VERB] RETURN: {"result":"$5864"}
[0m[0;32m[2026-09-16 14:14:18.048][VERB] COMMANDCALL: _C.SafeAPI.Execute(["v1.sketch.rectangle",[{"startPos":[88.05,30,0],"id":5864,"genFixation":0,"endPos":[92.5,38,0]}]])
[0m[0;32m[2026-09-16 14:14:18.054][VERB] RETURN: {"result":["$5870","$5874","$5880","$5886"]}
[0m[0;32m[2026-09-16 14:14:18.054][VERB] COMMANDCALL: _C.SafeAPI.Execute(["v1.sketch.getPoints",[{"id":5870}]])
[0m[0;32m[2026-09-16 14:14:18.055][VERB] RETURN: {"result":{"endId":"$5872","startId":"$5871"}}
[0m[0;32m[2026-09-16 14:14:18.055][VERB] COMMANDCALL: _C.SafeAPI.Execute(["v1.sketch.point",[{"pos":[-1000,-1000,0],"id":5864}]])
[0m[0;32m[2026-09-16 14:14:18.056][VERB] RETURN: {"result":"$5902"}
[0m[0;32m[2026-09-16 14:14:18.057][VERB] COMMANDCALL: _C.SafeAPI.Execute(["v1.sketch.constraint",[{"type":"FIXATION","id":5864,"geomIds":[5902]}]])
[0m[0;32m[2026-09-16 14:14:18.058][VERB] RETURN: {"result":"$5904"}
[0m[0;32m[2026-09-16 14:14:18.058][VERB] COMMANDCALL: _C.SafeAPI.Execute(["v1.sketch.dimension",[{"type":"HORIZONTAL_DISTANCE","value":"@expr.d413_position_x","name":"position_x","id":5864,"geomIds":[5902,5871]}]])
[0m[0;32m[2026-09-16 14:14:18.063][VERB] RETURN: {"result":"$5908"}
[0m[0;32m[2026-09-16 14:14:18.064][VERB] COMMANDCALL: _C.SafeAPI.Execute(["v1.sketch.dimension",[{"type":"VERTICAL_DISTANCE","value":"@expr.d414_position_y","name":"position_y","id":5864,"geomIds":[5902,5871]}]])
[0m[0;32m[2026-09-16 14:14:18.069][VERB] RETURN: {"result":"$5912"}
[0m[0;32m[2026-09-16 14:14:18.070][VERB] COMMANDCALL: _C.SafeAPI.Execute(["v1.sketch.dimension",[{"type":"OFFSET","value":"@expr.d415_width","name":"width","id":5864,"geomIds":[5870]}]])
[0m[0;32m[2026-09-16 14:14:18.076][VERB] RETURN: {"result":"$5916"}
[0m[0;32m[2026-09-16 14:14:18.076][VERB] COMMANDCALL: _C.SafeAPI.Execute(["v1.sketch.dimension",[{"type":"OFFSET","value":"@expr.d416_depth","name":"depth","id":5864,"geomIds":[5874]}]])
[0m[0;32m[2026-09-16 14:14:18.084][VERB] RETURN: {"result":"$5920"}
[0m[0;32m[2026-09-16 14:14:18.084][VERB] COMMANDCALL: _C.SafeAPI.Execute(["v1.part.extrusion",[{"references":[5870,5874,5880,5886],"name":"F411_makeBox_cad_primitives_py_8","taperAngle":0,"limit2":"@expr.d417_height","id":4}]])
[0m[0;32m[2026-09-16 14:14:18.089][VERB] RETURN: {"result":"$5924"}
[0m[0;32m[2026-09-16 14:14:18.090][VERB] COMMANDCALL: _C.SafeAPI.Execute(["v1.part.boolean",[{"type":"UNION","tools":[5731,5815,5924],"target":5524,"name":"F382_union_cad_primitives_py_17","id":4}]])
[0m[0;32m[2026-09-16 14:14:18.095][VERB] RETURN: {"result":"$5967"}
[0m[0;32m[2026-09-16 14:14:18.095][VERB] COMMANDCALL: _C.SafeAPI.Execute(["v1.part.workPlane",[{"type":"PLANE","references":[38],"name":"F420_makeBox_cad_primitives_py_8_plane","offset":"@expr.d421_plane_offset","id":4}]])
[0m[0;32m[2026-09-16 14:14:18.099][VERB] RETURN: {"result":"$6056"}
[0m[0;32m[2026-09-16 14:14:18.099][VERB] COMMANDCALL: _C.SafeAPI.Execute(["v1.sketch.create",[{"planeId":6056,"name":"F420_makeBox_cad_primitives_py_8_profile","id":4}]])
[0m[0;32m[2026-09-16 14:14:18.101][VERB] RETURN: {"result":"$6062"}
[0m[0;32m[2026-09-16 14:14:18.102][VERB] COMMANDCALL: _C.SafeAPI.Execute(["v1.sketch.rectangle",[{"startPos":[1.4,-1.3,0],"id":6062,"genFixation":0,"endPos":[52.4,27.3,0]}]])
[0m[0;32m[2026-09-16 14:14:18.108][VERB] RETURN: {"result":["$6068","$6072","$6078","$6084"]}
[0m[0;32m[2026-09-16 14:14:18.108][VERB] COMMANDCALL: _C.SafeAPI.Execute(["v1.sketch.getPoints",[{"id":6068}]])
[0m[0;32m[2026-09-16 14:14:18.108][VERB] RETURN: {"result":{"endId":"$6070","startId":"$6069"}}
[0m[0;32m[2026-09-16 14:14:18.108][VERB] COMMANDCALL: _C.SafeAPI.Execute(["v1.sketch.point",[{"pos":[-1000,-1000,0],"id":6062}]])
[0m[0;32m[2026-09-16 14:14:18.110][VERB] RETURN: {"result":"$6100"}
[0m[0;32m[2026-09-16 14:14:18.110][VERB] COMMANDCALL: _C.SafeAPI.Execute(["v1.sketch.constraint",[{"type":"FIXATION","id":6062,"geomIds":[6100]}]])
[0m[0;32m[2026-09-16 14:14:18.111][VERB] RETURN: {"result":"$6102"}
[0m[0;32m[2026-09-16 14:14:18.112][VERB] COMMANDCALL: _C.SafeAPI.Execute(["v1.sketch.dimension",[{"type":"HORIZONTAL_DISTANCE","value":"@expr.d422_position_x","name":"position_x","id":6062,"geomIds":[6100,6069]}]])
[0m[0;32m[2026-09-16 14:14:18.117][VERB] RETURN: {"result":"$6106"}
[0m[0;32m[2026-09-16 14:14:18.117][VERB] COMMANDCALL: _C.SafeAPI.Execute(["v1.sketch.dimension",[{"type":"VERTICAL_DISTANCE","value":"@expr.d423_position_y","name":"position_y","id":6062,"geomIds":[6100,6069]}]])
[0m[0;32m[2026-09-16 14:14:18.123][VERB] RETURN: {"result":"$6110"}
[0m[0;32m[2026-09-16 14:14:18.123][VERB] COMMANDCALL: _C.SafeAPI.Execute(["v1.sketch.dimension",[{"type":"OFFSET","value":"@expr.d424_width","name":"width","id":6062,"geomIds":[6068]}]])
[0m[0;32m[2026-09-16 14:14:18.130][VERB] RETURN: {"result":"$6114"}
[0m[0;32m[2026-09-16 14:14:18.130][VERB] COMMANDCALL: _C.SafeAPI.Execute(["v1.sketch.dimension",[{"type":"OFFSET","value":"@expr.d425_depth","name":"depth","id":6062,"geomIds":[6072]}]])
[0m[0;32m[2026-09-16 14:14:18.138][VERB] RETURN: {"result":"$6118"}
[0m[0;32m[2026-09-16 14:14:18.138][VERB] COMMANDCALL: _C.SafeAPI.Execute(["v1.part.extrusion",[{"references":[6068,6072,6078,6084],"name":"F420_makeBox_cad_primitives_py_8","taperAngle":0,"limit2":"@expr.d426_height","id":4}]])
[0m[0;32m[2026-09-16 14:14:18.143][VERB] RETURN: {"result":"$6122"}
[0m[0;32m[2026-09-16 14:14:18.143][VERB] COMMANDCALL: _C.SafeAPI.Execute(["v1.part.workPlane",[{"type":"PLANE","references":[38],"name":"F427_makeBox_cad_primitives_py_8_plane","offset":"@expr.d428_plane_offset","id":4}]])
[0m[0;32m[2026-09-16 14:14:18.147][VERB] RETURN: {"result":"$6165"}
[0m[0;32m[2026-09-16 14:14:18.147][VERB] COMMANDCALL: _C.SafeAPI.Execute(["v1.sketch.create",[{"planeId":6165,"name":"F427_makeBox_cad_primitives_py_8_profile","id":4}]])
[0m[0;32m[2026-09-16 14:14:18.149][VERB] RETURN: {"result":"$6171"}
[0m[0;32m[2026-09-16 14:14:18.149][VERB] COMMANDCALL: _C.SafeAPI.Execute(["v1.sketch.rectangle",[{"startPos":[-1.3,1.4,0],"id":6171,"genFixation":0,"endPos":[55.1,24.6,0]}]])
[0m[0;32m[2026-09-16 14:14:18.156][VERB] RETURN: {"result":["$6177","$6181","$6187","$6193"]}
[0m[0;32m[2026-09-16 14:14:18.156][VERB] COMMANDCALL: _C.SafeAPI.Execute(["v1.sketch.getPoints",[{"id":6177}]])
[0m[0;32m[2026-09-16 14:14:18.156][VERB] RETURN: {"result":{"endId":"$6179","startId":"$6178"}}
[0m[0;32m[2026-09-16 14:14:18.156][VERB] COMMANDCALL: _C.SafeAPI.Execute(["v1.sketch.point",[{"pos":[-1000,-1000,0],"id":6171}]])
[0m[0;32m[2026-09-16 14:14:18.158][VERB] RETURN: {"result":"$6209"}
[0m[0;32m[2026-09-16 14:14:18.158][VERB] COMMANDCALL: _C.SafeAPI.Execute(["v1.sketch.constraint",[{"type":"FIXATION","id":6171,"geomIds":[6209]}]])
[0m[0;32m[2026-09-16 14:14:18.159][VERB] RETURN: {"result":"$6211"}
[0m[0;32m[2026-09-16 14:14:18.160][VERB] COMMANDCALL: _C.SafeAPI.Execute(["v1.sketch.dimension",[{"type":"HORIZONTAL_DISTANCE","value":"@expr.d429_position_x","name":"position_x","id":6171,"geomIds":[6209,6178]}]])
[0m[0;32m[2026-09-16 14:14:18.165][VERB] RETURN: {"result":"$6215"}
[0m[0;32m[2026-09-16 14:14:18.165][VERB] COMMANDCALL: _C.SafeAPI.Execute(["v1.sketch.dimension",[{"type":"VERTICAL_DISTANCE","value":"@expr.d430_position_y","name":"position_y","id":6171,"geomIds":[6209,6178]}]])
[0m[0;32m[2026-09-16 14:14:18.171][VERB] RETURN: {"result":"$6219"}
[0m[0;32m[2026-09-16 14:14:18.171][VERB] COMMANDCALL: _C.SafeAPI.Execute(["v1.sketch.dimension",[{"type":"OFFSET","value":"@expr.d431_width","name":"width","id":6171,"geomIds":[6177]}]])
[0m[0;32m[2026-09-16 14:14:18.178][VERB] RETURN: {"result":"$6223"}
[0m[0;32m[2026-09-16 14:14:18.178][VERB] COMMANDCALL: _C.SafeAPI.Execute(["v1.sketch.dimension",[{"type":"OFFSET","value":"@expr.d432_depth","name":"depth","id":6171,"geomIds":[6181]}]])
[0m[0;32m[2026-09-16 14:14:18.186][VERB] RETURN: {"result":"$6227"}
[0m[0;32m[2026-09-16 14:14:18.186][VERB] COMMANDCALL: _C.SafeAPI.Execute(["v1.part.extrusion",[{"references":[6177,6181,6187,6193],"name":"F427_makeBox_cad_primitives_py_8","taperAngle":0,"limit2":"@expr.d433_height","id":4}]])
[0m[0;32m[2026-09-16 14:14:18.191][VERB] RETURN: {"result":"$6231"}
[0m[0;32m[2026-09-16 14:14:18.192][VERB] COMMANDCALL: _C.SafeAPI.Execute(["v1.part.workPlane",[{"type":"PLANE","references":[38],"name":"F434_makeCylinder_cad_primitives_py_12_plane","offset":"@expr.d435_plane_offset","id":4}]])
[0m[0;32m[2026-09-16 14:14:18.195][VERB] RETURN: {"result":"$6274"}
[0m[0;32m[2026-09-16 14:14:18.195][VERB] COMMANDCALL: _C.SafeAPI.Execute(["v1.sketch.create",[{"planeId":6274,"name":"F434_makeCylinder_cad_primitives_py_12_profile","id":4}]])
[0m[0;32m[2026-09-16 14:14:18.197][VERB] RETURN: {"result":"$6280"}
[0m[0;32m[2026-09-16 14:14:18.198][VERB] COMMANDCALL: _C.SafeAPI.Execute(["v1.sketch.circle",[{"radius":2.7,"id":6280,"genFixation":0,"centerPos":[1.4,1.4,0]}]])
[0m[0;32m[2026-09-16 14:14:18.199][VERB] RETURN: {"result":"$6286"}
[0m[0;32m[2026-09-16 14:14:18.199][VERB] COMMANDCALL: _C.SafeAPI.Execute(["v1.sketch.getPoints",[{"id":6286}]])
[0m[0;32m[2026-09-16 14:14:18.199][VERB] RETURN: {"result":{"centerId":"$6287"}}
[0m[0;32m[2026-09-16 14:14:18.199][VERB] COMMANDCALL: _C.SafeAPI.Execute(["v1.sketch.point",[{"pos":[-1000,-1000,0],"id":6280}]])
[0m[0;32m[2026-09-16 14:14:18.200][VERB] RETURN: {"result":"$6289"}
[0m[0;32m[2026-09-16 14:14:18.200][VERB] COMMANDCALL: _C.SafeAPI.Execute(["v1.sketch.constraint",[{"type":"FIXATION","id":6280,"geomIds":[6289]}]])
[0m[0;32m[2026-09-16 14:14:18.201][VERB] RETURN: {"result":"$6291"}
[0m[0;32m[2026-09-16 14:14:18.201][VERB] COMMANDCALL: _C.SafeAPI.Execute(["v1.sketch.dimension",[{"type":"HORIZONTAL_DISTANCE","value":"@expr.d436_position_x","name":"position_x","id":6280,"geomIds":[6289,6287]}]])
[0m[0;32m[2026-09-16 14:14:18.206][VERB] RETURN: {"result":"$6295"}
[0m[0;32m[2026-09-16 14:14:18.206][VERB] COMMANDCALL: _C.SafeAPI.Execute(["v1.sketch.dimension",[{"type":"VERTICAL_DISTANCE","value":"@expr.d437_position_y","name":"position_y","id":6280,"geomIds":[6289,6287]}]])
[0m[0;32m[2026-09-16 14:14:18.210][VERB] RETURN: {"result":"$6299"}
[0m[0;32m[2026-09-16 14:14:18.210][VERB] COMMANDCALL: _C.SafeAPI.Execute(["v1.sketch.dimension",[{"type":"RADIUS","value":"@expr.d438_radius","name":"radius","id":6280,"geomIds":[6286]}]])
[0m[0;32m[2026-09-16 14:14:18.215][VERB] RETURN: {"result":"$6303"}
[0m[0;32m[2026-09-16 14:14:18.216][VERB] COMMANDCALL: _C.SafeAPI.Execute(["v1.part.extrusion",[{"references":[6286],"name":"F434_makeCylinder_cad_primitives_py_12","taperAngle":0,"limit2":"@expr.d439_height","id":4}]])
[0m[0;32m[2026-09-16 14:14:18.222][VERB] RETURN: {"result":"$6307"}
[0m[0;32m[2026-09-16 14:14:18.222][VERB] COMMANDCALL: _C.SafeAPI.Execute(["v1.part.workPlane",[{"type":"PLANE","references":[38],"name":"F440_makeCylinder_cad_primitives_py_12_plane","offset":"@expr.d441_plane_offset","id":4}]])
[0m[0;32m[2026-09-16 14:14:18.226][VERB] RETURN: {"result":"$6329"}
[0m[0;32m[2026-09-16 14:14:18.226][VERB] COMMANDCALL: _C.SafeAPI.Execute(["v1.sketch.create",[{"planeId":6329,"name":"F440_makeCylinder_cad_primitives_py_12_profile","id":4}]])
[0m[0;32m[2026-09-16 14:14:18.228][VERB] RETURN: {"result":"$6335"}
[0m[0;32m[2026-09-16 14:14:18.228][VERB] COMMANDCALL: _C.SafeAPI.Execute(["v1.sketch.circle",[{"radius":2.7,"id":6335,"genFixation":0,"centerPos":[1.4,24.6,0]}]])
[0m[0;32m[2026-09-16 14:14:18.229][VERB] RETURN: {"result":"$6341"}
[0m[0;32m[2026-09-16 14:14:18.229][VERB] COMMANDCALL: _C.SafeAPI.Execute(["v1.sketch.getPoints",[{"id":6341}]])
[0m[0;32m[2026-09-16 14:14:18.229][VERB] RETURN: {"result":{"centerId":"$6342"}}
[0m[0;32m[2026-09-16 14:14:18.229][VERB] COMMANDCALL: _C.SafeAPI.Execute(["v1.sketch.point",[{"pos":[-1000,-1000,0],"id":6335}]])
[0m[0;32m[2026-09-16 14:14:18.230][VERB] RETURN: {"result":"$6344"}
[0m[0;32m[2026-09-16 14:14:18.230][VERB] COMMANDCALL: _C.SafeAPI.Execute(["v1.sketch.constraint",[{"type":"FIXATION","id":6335,"geomIds":[6344]}]])
[0m[0;32m[2026-09-16 14:14:18.231][VERB] RETURN: {"result":"$6346"}
[0m[0;32m[2026-09-16 14:14:18.231][VERB] COMMANDCALL: _C.SafeAPI.Execute(["v1.sketch.dimension",[{"type":"HORIZONTAL_DISTANCE","value":"@expr.d442_position_x","name":"position_x","id":6335,"geomIds":[6344,6342]}]])
[0m[0;32m[2026-09-16 14:14:18.236][VERB] RETURN: {"result":"$6350"}
[0m[0;32m[2026-09-16 14:14:18.236][VERB] COMMANDCALL: _C.SafeAPI.Execute(["v1.sketch.dimension",[{"type":"VERTICAL_DISTANCE","value":"@expr.d443_position_y","name":"position_y","id":6335,"geomIds":[6344,6342]}]])
[0m[0;32m[2026-09-16 14:14:18.241][VERB] RETURN: {"result":"$6354"}
[0m[0;32m[2026-09-16 14:14:18.241][VERB] COMMANDCALL: _C.SafeAPI.Execute(["v1.sketch.dimension",[{"type":"RADIUS","value":"@expr.d444_radius","name":"radius","id":6335,"geomIds":[6341]}]])
[0m[0;32m[2026-09-16 14:14:18.246][VERB] RETURN: {"result":"$6358"}
[0m[0;32m[2026-09-16 14:14:18.246][VERB] COMMANDCALL: _C.SafeAPI.Execute(["v1.part.extrusion",[{"references":[6341],"name":"F440_makeCylinder_cad_primitives_py_12","taperAngle":0,"limit2":"@expr.d445_height","id":4}]])
[0m[0;32m[2026-09-16 14:14:18.252][VERB] RETURN: {"result":"$6362"}
[0m[0;32m[2026-09-16 14:14:18.253][VERB] COMMANDCALL: _C.SafeAPI.Execute(["v1.part.workPlane",[{"type":"PLANE","references":[38],"name":"F446_makeCylinder_cad_primitives_py_12_plane","offset":"@expr.d447_plane_offset","id":4}]])
[0m[0;32m[2026-09-16 14:14:18.257][VERB] RETURN: {"result":"$6384"}
[0m[0;32m[2026-09-16 14:14:18.257][VERB] COMMANDCALL: _C.SafeAPI.Execute(["v1.sketch.create",[{"planeId":6384,"name":"F446_makeCylinder_cad_primitives_py_12_profile","id":4}]])
[0m[0;32m[2026-09-16 14:14:18.259][VERB] RETURN: {"result":"$6390"}
[0m[0;32m[2026-09-16 14:14:18.259][VERB] COMMANDCALL: _C.SafeAPI.Execute(["v1.sketch.circle",[{"radius":2.7,"id":6390,"genFixation":0,"centerPos":[52.4,1.4,0]}]])
[0m[0;32m[2026-09-16 14:14:18.260][VERB] RETURN: {"result":"$6396"}
[0m[0;32m[2026-09-16 14:14:18.260][VERB] COMMANDCALL: _C.SafeAPI.Execute(["v1.sketch.getPoints",[{"id":6396}]])
[0m[0;32m[2026-09-16 14:14:18.261][VERB] RETURN: {"result":{"centerId":"$6397"}}
[0m[0;32m[2026-09-16 14:14:18.261][VERB] COMMANDCALL: _C.SafeAPI.Execute(["v1.sketch.point",[{"pos":[-1000,-1000,0],"id":6390}]])
[0m[0;32m[2026-09-16 14:14:18.262][VERB] RETURN: {"result":"$6399"}
[0m[0;32m[2026-09-16 14:14:18.262][VERB] COMMANDCALL: _C.SafeAPI.Execute(["v1.sketch.constraint",[{"type":"FIXATION","id":6390,"geomIds":[6399]}]])
[0m[0;32m[2026-09-16 14:14:18.263][VERB] RETURN: {"result":"$6401"}
[0m[0;32m[2026-09-16 14:14:18.263][VERB] COMMANDCALL: _C.SafeAPI.Execute(["v1.sketch.dimension",[{"type":"HORIZONTAL_DISTANCE","value":"@expr.d448_position_x","name":"position_x","id":6390,"geomIds":[6399,6397]}]])
[0m[0;32m[2026-09-16 14:14:18.267][VERB] RETURN: {"result":"$6405"}
[0m[0;32m[2026-09-16 14:14:18.267][VERB] COMMANDCALL: _C.SafeAPI.Execute(["v1.sketch.dimension",[{"type":"VERTICAL_DISTANCE","value":"@expr.d449_position_y","name":"position_y","id":6390,"geomIds":[6399,6397]}]])
[0m[0;32m[2026-09-16 14:14:18.272][VERB] RETURN: {"result":"$6409"}
[0m[0;32m[2026-09-16 14:14:18.273][VERB] COMMANDCALL: _C.SafeAPI.Execute(["v1.sketch.dimension",[{"type":"RADIUS","value":"@expr.d450_radius","name":"radius","id":6390,"geomIds":[6396]}]])
[0m[0;32m[2026-09-16 14:14:18.277][VERB] RETURN: {"result":"$6413"}
[0m[0;32m[2026-09-16 14:14:18.278][VERB] COMMANDCALL: _C.SafeAPI.Execute(["v1.part.extrusion",[{"references":[6396],"name":"F446_makeCylinder_cad_primitives_py_12","taperAngle":0,"limit2":"@expr.d451_height","id":4}]])
[0m[0;32m[2026-09-16 14:14:18.283][VERB] RETURN: {"result":"$6417"}
[0m[0;32m[2026-09-16 14:14:18.283][VERB] COMMANDCALL: _C.SafeAPI.Execute(["v1.part.workPlane",[{"type":"PLANE","references":[38],"name":"F452_makeCylinder_cad_primitives_py_12_plane","offset":"@expr.d453_plane_offset","id":4}]])
[0m[0;32m[2026-09-16 14:14:18.288][VERB] RETURN: {"result":"$6439"}
[0m[0;32m[2026-09-16 14:14:18.288][VERB] COMMANDCALL: _C.SafeAPI.Execute(["v1.sketch.create",[{"planeId":6439,"name":"F452_makeCylinder_cad_primitives_py_12_profile","id":4}]])
[0m[0;32m[2026-09-16 14:14:18.290][VERB] RETURN: {"result":"$6445"}
[0m[0;32m[2026-09-16 14:14:18.290][VERB] COMMANDCALL: _C.SafeAPI.Execute(["v1.sketch.circle",[{"radius":2.7,"id":6445,"genFixation":0,"centerPos":[52.4,24.6,0]}]])
[0m[0;32m[2026-09-16 14:14:18.291][VERB] RETURN: {"result":"$6451"}
[0m[0;32m[2026-09-16 14:14:18.291][VERB] COMMANDCALL: _C.SafeAPI.Execute(["v1.sketch.getPoints",[{"id":6451}]])
[0m[0;32m[2026-09-16 14:14:18.291][VERB] RETURN: {"result":{"centerId":"$6452"}}
[0m[0;32m[2026-09-16 14:14:18.291][VERB] COMMANDCALL: _C.SafeAPI.Execute(["v1.sketch.point",[{"pos":[-1000,-1000,0],"id":6445}]])
[0m[0;32m[2026-09-16 14:14:18.292][VERB] RETURN: {"result":"$6454"}
[0m[0;32m[2026-09-16 14:14:18.293][VERB] COMMANDCALL: _C.SafeAPI.Execute(["v1.sketch.constraint",[{"type":"FIXATION","id":6445,"geomIds":[6454]}]])
[0m[0;32m[2026-09-16 14:14:18.293][VERB] RETURN: {"result":"$6456"}
[0m[0;32m[2026-09-16 14:14:18.294][VERB] COMMANDCALL: _C.SafeAPI.Execute(["v1.sketch.dimension",[{"type":"HORIZONTAL_DISTANCE","value":"@expr.d454_position_x","name":"position_x","id":6445,"geomIds":[6454,6452]}]])
[0m[0;32m[2026-09-16 14:14:18.298][VERB] RETURN: {"result":"$6460"}
[0m[0;32m[2026-09-16 14:14:18.298][VERB] COMMANDCALL: _C.SafeAPI.Execute(["v1.sketch.dimension",[{"type":"VERTICAL_DISTANCE","value":"@expr.d455_position_y","name":"position_y","id":6445,"geomIds":[6454,6452]}]])
[0m[0;32m[2026-09-16 14:14:18.303][VERB] RETURN: {"result":"$6464"}
[0m[0;32m[2026-09-16 14:14:18.303][VERB] COMMANDCALL: _C.SafeAPI.Execute(["v1.sketch.dimension",[{"type":"RADIUS","value":"@expr.d456_radius","name":"radius","id":6445,"geomIds":[6451]}]])
[0m[0;32m[2026-09-16 14:14:18.308][VERB] RETURN: {"result":"$6468"}
[0m[0;32m[2026-09-16 14:14:18.308][VERB] COMMANDCALL: _C.SafeAPI.Execute(["v1.part.extrusion",[{"references":[6451],"name":"F452_makeCylinder_cad_primitives_py_12","taperAngle":0,"limit2":"@expr.d457_height","id":4}]])
[0m[0;32m[2026-09-16 14:14:18.314][VERB] RETURN: {"result":"$6472"}
[0m[0;32m[2026-09-16 14:14:18.314][VERB] COMMANDCALL: _C.SafeAPI.Execute(["v1.part.workPlane",[{"type":"PLANE","references":[38],"name":"F458_makeBox_cad_primitives_py_8_plane","offset":"@expr.d459_plane_offset","id":4}]])
[0m[0;32m[2026-09-16 14:14:18.318][VERB] RETURN: {"result":"$6494"}
[0m[0;32m[2026-09-16 14:14:18.318][VERB] COMMANDCALL: _C.SafeAPI.Execute(["v1.sketch.create",[{"planeId":6494,"name":"F458_makeBox_cad_primitives_py_8_profile","id":4}]])
[0m[0;32m[2026-09-16 14:14:18.321][VERB] RETURN: {"result":"$6500"}
[0m[0;32m[2026-09-16 14:14:18.321][VERB] COMMANDCALL: _C.SafeAPI.Execute(["v1.sketch.rectangle",[{"startPos":[1.4,20.1,0],"id":6500,"genFixation":0,"endPos":[56.4,65.9,0]}]])
[0m[0;32m[2026-09-16 14:14:18.327][VERB] RETURN: {"result":["$6506","$6510","$6516","$6522"]}
[0m[0;32m[2026-09-16 14:14:18.327][VERB] COMMANDCALL: _C.SafeAPI.Execute(["v1.sketch.getPoints",[{"id":6506}]])
[0m[0;32m[2026-09-16 14:14:18.327][VERB] RETURN: {"result":{"endId":"$6508","startId":"$6507"}}
[0m[0;32m[2026-09-16 14:14:18.327][VERB] COMMANDCALL: _C.SafeAPI.Execute(["v1.sketch.point",[{"pos":[-1000,-1000,0],"id":6500}]])
[0m[0;32m[2026-09-16 14:14:18.329][VERB] RETURN: {"result":"$6538"}
[0m[0;32m[2026-09-16 14:14:18.329][VERB] COMMANDCALL: _C.SafeAPI.Execute(["v1.sketch.constraint",[{"type":"FIXATION","id":6500,"geomIds":[6538]}]])
[0m[0;32m[2026-09-16 14:14:18.331][VERB] RETURN: {"result":"$6540"}
[0m[0;32m[2026-09-16 14:14:18.331][VERB] COMMANDCALL: _C.SafeAPI.Execute(["v1.sketch.dimension",[{"type":"HORIZONTAL_DISTANCE","value":"@expr.d460_position_x","name":"position_x","id":6500,"geomIds":[6538,6507]}]])
[0m[0;32m[2026-09-16 14:14:18.336][VERB] RETURN: {"result":"$6544"}
[0m[0;32m[2026-09-16 14:14:18.337][VERB] COMMANDCALL: _C.SafeAPI.Execute(["v1.sketch.dimension",[{"type":"VERTICAL_DISTANCE","value":"@expr.d461_position_y","name":"position_y","id":6500,"geomIds":[6538,6507]}]])
[0m[0;32m[2026-09-16 14:14:18.342][VERB] RETURN: {"result":"$6548"}
[0m[0;32m[2026-09-16 14:14:18.343][VERB] COMMANDCALL: _C.SafeAPI.Execute(["v1.sketch.dimension",[{"type":"OFFSET","value":"@expr.d462_width","name":"width","id":6500,"geomIds":[6506]}]])
[0m[0;32m[2026-09-16 14:14:18.349][VERB] RETURN: {"result":"$6552"}
[0m[0;32m[2026-09-16 14:14:18.349][VERB] COMMANDCALL: _C.SafeAPI.Execute(["v1.sketch.dimension",[{"type":"OFFSET","value":"@expr.d463_depth","name":"depth","id":6500,"geomIds":[6510]}]])
[0m[0;32m[2026-09-16 14:14:18.357][VERB] RETURN: {"result":"$6556"}
[0m[0;32m[2026-09-16 14:14:18.357][VERB] COMMANDCALL: _C.SafeAPI.Execute(["v1.part.extrusion",[{"references":[6506,6510,6516,6522],"name":"F458_makeBox_cad_primitives_py_8","taperAngle":0,"limit2":"@expr.d464_height","id":4}]])
[0m[0;32m[2026-09-16 14:14:18.363][VERB] RETURN: {"result":"$6560"}
[0m[0;32m[2026-09-16 14:14:18.363][VERB] COMMANDCALL: _C.SafeAPI.Execute(["v1.part.workPlane",[{"type":"PLANE","references":[38],"name":"F465_makeBox_cad_primitives_py_8_plane","offset":"@expr.d466_plane_offset","id":4}]])
[0m[0;32m[2026-09-16 14:14:18.367][VERB] RETURN: {"result":"$6603"}
[0m[0;32m[2026-09-16 14:14:18.368][VERB] COMMANDCALL: _C.SafeAPI.Execute(["v1.sketch.create",[{"planeId":6603,"name":"F465_makeBox_cad_primitives_py_8_profile","id":4}]])
[0m[0;32m[2026-09-16 14:14:18.370][VERB] RETURN: {"result":"$6609"}
[0m[0;32m[2026-09-16 14:14:18.370][VERB] COMMANDCALL: _C.SafeAPI.Execute(["v1.sketch.rectangle",[{"startPos":[-1.3,22.8,0],"id":6609,"genFixation":0,"endPos":[59.1,63.2,0]}]])
[0m[0;32m[2026-09-16 14:14:18.377][VERB] RETURN: {"result":["$6615","$6619","$6625","$6631"]}
[0m[0;32m[2026-09-16 14:14:18.377][VERB] COMMANDCALL: _C.SafeAPI.Execute(["v1.sketch.getPoints",[{"id":6615}]])
[0m[0;32m[2026-09-16 14:14:18.377][VERB] RETURN: {"result":{"endId":"$6617","startId":"$6616"}}
[0m[0;32m[2026-09-16 14:14:18.377][VERB] COMMANDCALL: _C.SafeAPI.Execute(["v1.sketch.point",[{"pos":[-1000,-1000,0],"id":6609}]])
[0m[0;32m[2026-09-16 14:14:18.379][VERB] RETURN: {"result":"$6647"}
[0m[0;32m[2026-09-16 14:14:18.379][VERB] COMMANDCALL: _C.SafeAPI.Execute(["v1.sketch.constraint",[{"type":"FIXATION","id":6609,"geomIds":[6647]}]])
[0m[0;32m[2026-09-16 14:14:18.380][VERB] RETURN: {"result":"$6649"}
[0m[0;32m[2026-09-16 14:14:18.381][VERB] COMMANDCALL: _C.SafeAPI.Execute(["v1.sketch.dimension",[{"type":"HORIZONTAL_DISTANCE","value":"@expr.d467_position_x","name":"position_x","id":6609,"geomIds":[6647,6616]}]])
[0m[0;32m[2026-09-16 14:14:18.386][VERB] RETURN: {"result":"$6653"}
[0m[0;32m[2026-09-16 14:14:18.387][VERB] COMMANDCALL: _C.SafeAPI.Execute(["v1.sketch.dimension",[{"type":"VERTICAL_DISTANCE","value":"@expr.d468_position_y","name":"position_y","id":6609,"geomIds":[6647,6616]}]])
[0m[0;32m[2026-09-16 14:14:18.393][VERB] RETURN: {"result":"$6657"}
[0m[0;32m[2026-09-16 14:14:18.393][VERB] COMMANDCALL: _C.SafeAPI.Execute(["v1.sketch.dimension",[{"type":"OFFSET","value":"@expr.d469_width","name":"width","id":6609,"geomIds":[6615]}]])
[0m[0;32m[2026-09-16 14:14:18.400][VERB] RETURN: {"result":"$6661"}
[0m[0;32m[2026-09-16 14:14:18.400][VERB] COMMANDCALL: _C.SafeAPI.Execute(["v1.sketch.dimension",[{"type":"OFFSET","value":"@expr.d470_depth","name":"depth","id":6609,"geomIds":[6619]}]])
[0m[0;32m[2026-09-16 14:14:18.407][VERB] RETURN: {"result":"$6665"}
[0m[0;32m[2026-09-16 14:14:18.408][VERB] COMMANDCALL: _C.SafeAPI.Execute(["v1.part.extrusion",[{"references":[6615,6619,6625,6631],"name":"F465_makeBox_cad_primitives_py_8","taperAngle":0,"limit2":"@expr.d471_height","id":4}]])
[0m[0;32m[2026-09-16 14:14:18.413][VERB] RETURN: {"result":"$6669"}
[0m[0;32m[2026-09-16 14:14:18.413][VERB] COMMANDCALL: _C.SafeAPI.Execute(["v1.part.workPlane",[{"type":"PLANE","references":[38],"name":"F472_makeCylinder_cad_primitives_py_12_plane","offset":"@expr.d473_plane_offset","id":4}]])
[0m[0;32m[2026-09-16 14:14:18.417][VERB] RETURN: {"result":"$6712"}
[0m[0;32m[2026-09-16 14:14:18.418][VERB] COMMANDCALL: _C.SafeAPI.Execute(["v1.sketch.create",[{"planeId":6712,"name":"F472_makeCylinder_cad_primitives_py_12_profile","id":4}]])
[0m[0;32m[2026-09-16 14:14:18.420][VERB] RETURN: {"result":"$6718"}
[0m[0;32m[2026-09-16 14:14:18.420][VERB] COMMANDCALL: _C.SafeAPI.Execute(["v1.sketch.circle",[{"radius":2.7,"id":6718,"genFixation":0,"centerPos":[1.4,22.8,0]}]])
[0m[0;32m[2026-09-16 14:14:18.421][VERB] RETURN: {"result":"$6724"}
[0m[0;32m[2026-09-16 14:14:18.421][VERB] COMMANDCALL: _C.SafeAPI.Execute(["v1.sketch.getPoints",[{"id":6724}]])
[0m[0;32m[2026-09-16 14:14:18.421][VERB] RETURN: {"result":{"centerId":"$6725"}}
[0m[0;32m[2026-09-16 14:14:18.421][VERB] COMMANDCALL: _C.SafeAPI.Execute(["v1.sketch.point",[{"pos":[-1000,-1000,0],"id":6718}]])
[0m[0;32m[2026-09-16 14:14:18.422][VERB] RETURN: {"result":"$6727"}
[0m[0;32m[2026-09-16 14:14:18.422][VERB] COMMANDCALL: _C.SafeAPI.Execute(["v1.sketch.constraint",[{"type":"FIXATION","id":6718,"geomIds":[6727]}]])
[0m[0;32m[2026-09-16 14:14:18.423][VERB] RETURN: {"result":"$6729"}
[0m[0;32m[2026-09-16 14:14:18.423][VERB] COMMANDCALL: _C.SafeAPI.Execute(["v1.sketch.dimension",[{"type":"HORIZONTAL_DISTANCE","value":"@expr.d474_position_x","name":"position_x","id":6718,"geomIds":[6727,6725]}]])
[0m[0;32m[2026-09-16 14:14:18.428][VERB] RETURN: {"result":"$6733"}
[0m[0;32m[2026-09-16 14:14:18.428][VERB] COMMANDCALL: _C.SafeAPI.Execute(["v1.sketch.dimension",[{"type":"VERTICAL_DISTANCE","value":"@expr.d475_position_y","name":"position_y","id":6718,"geomIds":[6727,6725]}]])
[0m[0;32m[2026-09-16 14:14:18.433][VERB] RETURN: {"result":"$6737"}
[0m[0;32m[2026-09-16 14:14:18.433][VERB] COMMANDCALL: _C.SafeAPI.Execute(["v1.sketch.dimension",[{"type":"RADIUS","value":"@expr.d476_radius","name":"radius","id":6718,"geomIds":[6724]}]])
[0m[0;32m[2026-09-16 14:14:18.438][VERB] RETURN: {"result":"$6741"}
[0m[0;32m[2026-09-16 14:14:18.438][VERB] COMMANDCALL: _C.SafeAPI.Execute(["v1.part.extrusion",[{"references":[6724],"name":"F472_makeCylinder_cad_primitives_py_12","taperAngle":0,"limit2":"@expr.d477_height","id":4}]])
[0m[0;32m[2026-09-16 14:14:18.444][VERB] RETURN: {"result":"$6745"}
[0m[0;32m[2026-09-16 14:14:18.444][VERB] COMMANDCALL: _C.SafeAPI.Execute(["v1.part.workPlane",[{"type":"PLANE","references":[38],"name":"F478_makeCylinder_cad_primitives_py_12_plane","offset":"@expr.d479_plane_offset","id":4}]])
[0m[0;32m[2026-09-16 14:14:18.448][VERB] RETURN: {"result":"$6767"}
[0m[0;32m[2026-09-16 14:14:18.448][VERB] COMMANDCALL: _C.SafeAPI.Execute(["v1.sketch.create",[{"planeId":6767,"name":"F478_makeCylinder_cad_primitives_py_12_profile","id":4}]])
[0m[0;32m[2026-09-16 14:14:18.450][VERB] RETURN: {"result":"$6773"}
[0m[0;32m[2026-09-16 14:14:18.450][VERB] COMMANDCALL: _C.SafeAPI.Execute(["v1.sketch.circle",[{"radius":2.7,"id":6773,"genFixation":0,"centerPos":[1.4,63.2,0]}]])
[0m[0;32m[2026-09-16 14:14:18.452][VERB] RETURN: {"result":"$6779"}
[0m[0;32m[2026-09-16 14:14:18.452][VERB] COMMANDCALL: _C.SafeAPI.Execute(["v1.sketch.getPoints",[{"id":6779}]])
[0m[0;32m[2026-09-16 14:14:18.452][VERB] RETURN: {"result":{"centerId":"$6780"}}
[0m[0;32m[2026-09-16 14:14:18.452][VERB] COMMANDCALL: _C.SafeAPI.Execute(["v1.sketch.point",[{"pos":[-1000,-1000,0],"id":6773}]])
[0m[0;32m[2026-09-16 14:14:18.453][VERB] RETURN: {"result":"$6782"}
[0m[0;32m[2026-09-16 14:14:18.453][VERB] COMMANDCALL: _C.SafeAPI.Execute(["v1.sketch.constraint",[{"type":"FIXATION","id":6773,"geomIds":[6782]}]])
[0m[0;32m[2026-09-16 14:14:18.454][VERB] RETURN: {"result":"$6784"}
[0m[0;32m[2026-09-16 14:14:18.454][VERB] COMMANDCALL: _C.SafeAPI.Execute(["v1.sketch.dimension",[{"type":"HORIZONTAL_DISTANCE","value":"@expr.d480_position_x","name":"position_x","id":6773,"geomIds":[6782,6780]}]])
[0m[0;32m[2026-09-16 14:14:18.458][VERB] RETURN: {"result":"$6788"}
[0m[0;32m[2026-09-16 14:14:18.459][VERB] COMMANDCALL: _C.SafeAPI.Execute(["v1.sketch.dimension",[{"type":"VERTICAL_DISTANCE","value":"@expr.d481_position_y","name":"position_y","id":6773,"geomIds":[6782,6780]}]])
[0m[0;32m[2026-09-16 14:14:18.463][VERB] RETURN: {"result":"$6792"}
[0m[0;32m[2026-09-16 14:14:18.464][VERB] COMMANDCALL: _C.SafeAPI.Execute(["v1.sketch.dimension",[{"type":"RADIUS","value":"@expr.d482_radius","name":"radius","id":6773,"geomIds":[6779]}]])
[0m[0;32m[2026-09-16 14:14:18.468][VERB] RETURN: {"result":"$6796"}
[0m[0;32m[2026-09-16 14:14:18.469][VERB] COMMANDCALL: _C.SafeAPI.Execute(["v1.part.extrusion",[{"references":[6779],"name":"F478_makeCylinder_cad_primitives_py_12","taperAngle":0,"limit2":"@expr.d483_height","id":4}]])
[0m[0;32m[2026-09-16 14:14:18.475][VERB] RETURN: {"result":"$6800"}
[0m[0;32m[2026-09-16 14:14:18.475][VERB] COMMANDCALL: _C.SafeAPI.Execute(["v1.part.workPlane",[{"type":"PLANE","references":[38],"name":"F484_makeCylinder_cad_primitives_py_12_plane","offset":"@expr.d485_plane_offset","id":4}]])
[0m[0;32m[2026-09-16 14:14:18.479][VERB] RETURN: {"result":"$6822"}
[0m[0;32m[2026-09-16 14:14:18.479][VERB] COMMANDCALL: _C.SafeAPI.Execute(["v1.sketch.create",[{"planeId":6822,"name":"F484_makeCylinder_cad_primitives_py_12_profile","id":4}]])
[0m[0;32m[2026-09-16 14:14:18.481][VERB] RETURN: {"result":"$6828"}
[0m[0;32m[2026-09-16 14:14:18.481][VERB] COMMANDCALL: _C.SafeAPI.Execute(["v1.sketch.circle",[{"radius":2.7,"id":6828,"genFixation":0,"centerPos":[56.4,22.8,0]}]])
[0m[0;32m[2026-09-16 14:14:18.482][VERB] RETURN: {"result":"$6834"}
[0m[0;32m[2026-09-16 14:14:18.482][VERB] COMMANDCALL: _C.SafeAPI.Execute(["v1.sketch.getPoints",[{"id":6834}]])
[0m[0;32m[2026-09-16 14:14:18.482][VERB] RETURN: {"result":{"centerId":"$6835"}}
[0m[0;32m[2026-09-16 14:14:18.483][VERB] COMMANDCALL: _C.SafeAPI.Execute(["v1.sketch.point",[{"pos":[-1000,-1000,0],"id":6828}]])
[0m[0;32m[2026-09-16 14:14:18.484][VERB] RETURN: {"result":"$6837"}
[0m[0;32m[2026-09-16 14:14:18.484][VERB] COMMANDCALL: _C.SafeAPI.Execute(["v1.sketch.constraint",[{"type":"FIXATION","id":6828,"geomIds":[6837]}]])
[0m[0;32m[2026-09-16 14:14:18.485][VERB] RETURN: {"result":"$6839"}
[0m[0;32m[2026-09-16 14:14:18.485][VERB] COMMANDCALL: _C.SafeAPI.Execute(["v1.sketch.dimension",[{"type":"HORIZONTAL_DISTANCE","value":"@expr.d486_position_x","name":"position_x","id":6828,"geomIds":[6837,6835]}]])
[0m[0;32m[2026-09-16 14:14:18.489][VERB] RETURN: {"result":"$6843"}
[0m[0;32m[2026-09-16 14:14:18.489][VERB] COMMANDCALL: _C.SafeAPI.Execute(["v1.sketch.dimension",[{"type":"VERTICAL_DISTANCE","value":"@expr.d487_position_y","name":"position_y","id":6828,"geomIds":[6837,6835]}]])
[0m[0;32m[2026-09-16 14:14:18.494][VERB] RETURN: {"result":"$6847"}
[0m[0;32m[2026-09-16 14:14:18.494][VERB] COMMANDCALL: _C.SafeAPI.Execute(["v1.sketch.dimension",[{"type":"RADIUS","value":"@expr.d488_radius","name":"radius","id":6828,"geomIds":[6834]}]])
[0m[0;32m[2026-09-16 14:14:18.499][VERB] RETURN: {"result":"$6851"}
[0m[0;32m[2026-09-16 14:14:18.499][VERB] COMMANDCALL: _C.SafeAPI.Execute(["v1.part.extrusion",[{"references":[6834],"name":"F484_makeCylinder_cad_primitives_py_12","taperAngle":0,"limit2":"@expr.d489_height","id":4}]])
[0m[0;32m[2026-09-16 14:14:18.505][VERB] RETURN: {"result":"$6855"}
[0m[0;32m[2026-09-16 14:14:18.506][VERB] COMMANDCALL: _C.SafeAPI.Execute(["v1.part.workPlane",[{"type":"PLANE","references":[38],"name":"F490_makeCylinder_cad_primitives_py_12_plane","offset":"@expr.d491_plane_offset","id":4}]])
[0m[0;32m[2026-09-16 14:14:18.509][VERB] RETURN: {"result":"$6877"}
[0m[0;32m[2026-09-16 14:14:18.510][VERB] COMMANDCALL: _C.SafeAPI.Execute(["v1.sketch.create",[{"planeId":6877,"name":"F490_makeCylinder_cad_primitives_py_12_profile","id":4}]])
[0m[0;32m[2026-09-16 14:14:18.512][VERB] RETURN: {"result":"$6883"}
[0m[0;32m[2026-09-16 14:14:18.512][VERB] COMMANDCALL: _C.SafeAPI.Execute(["v1.sketch.circle",[{"radius":2.7,"id":6883,"genFixation":0,"centerPos":[56.4,63.2,0]}]])
[0m[0;32m[2026-09-16 14:14:18.513][VERB] RETURN: {"result":"$6889"}
[0m[0;32m[2026-09-16 14:14:18.513][VERB] COMMANDCALL: _C.SafeAPI.Execute(["v1.sketch.getPoints",[{"id":6889}]])
[0m[0;32m[2026-09-16 14:14:18.513][VERB] RETURN: {"result":{"centerId":"$6890"}}
[0m[0;32m[2026-09-16 14:14:18.513][VERB] COMMANDCALL: _C.SafeAPI.Execute(["v1.sketch.point",[{"pos":[-1000,-1000,0],"id":6883}]])
[0m[0;32m[2026-09-16 14:14:18.514][VERB] RETURN: {"result":"$6892"}
[0m[0;32m[2026-09-16 14:14:18.514][VERB] COMMANDCALL: _C.SafeAPI.Execute(["v1.sketch.constraint",[{"type":"FIXATION","id":6883,"geomIds":[6892]}]])
[0m[0;32m[2026-09-16 14:14:18.515][VERB] RETURN: {"result":"$6894"}
[0m[0;32m[2026-09-16 14:14:18.515][VERB] COMMANDCALL: _C.SafeAPI.Execute(["v1.sketch.dimension",[{"type":"HORIZONTAL_DISTANCE","value":"@expr.d492_position_x","name":"position_x","id":6883,"geomIds":[6892,6890]}]])
[0m[0;32m[2026-09-16 14:14:18.520][VERB] RETURN: {"result":"$6898"}
[0m[0;32m[2026-09-16 14:14:18.520][VERB] COMMANDCALL: _C.SafeAPI.Execute(["v1.sketch.dimension",[{"type":"VERTICAL_DISTANCE","value":"@expr.d493_position_y","name":"position_y","id":6883,"geomIds":[6892,6890]}]])
[0m[0;32m[2026-09-16 14:14:18.525][VERB] RETURN: {"result":"$6902"}
[0m[0;32m[2026-09-16 14:14:18.525][VERB] COMMANDCALL: _C.SafeAPI.Execute(["v1.sketch.dimension",[{"type":"RADIUS","value":"@expr.d494_radius","name":"radius","id":6883,"geomIds":[6889]}]])
[0m[0;32m[2026-09-16 14:14:18.530][VERB] RETURN: {"result":"$6906"}
[0m[0;32m[2026-09-16 14:14:18.530][VERB] COMMANDCALL: _C.SafeAPI.Execute(["v1.part.extrusion",[{"references":[6889],"name":"F490_makeCylinder_cad_primitives_py_12","taperAngle":0,"limit2":"@expr.d495_height","id":4}]])
[0m[0;32m[2026-09-16 14:14:18.536][VERB] RETURN: {"result":"$6910"}
[0m[0;32m[2026-09-16 14:14:18.536][VERB] COMMANDCALL: _C.SafeAPI.Execute(["v1.part.workPlane",[{"type":"PLANE","references":[38],"name":"F496_makeBox_cad_primitives_py_8_plane","offset":"@expr.d497_plane_offset","id":4}]])
[0m[0;32m[2026-09-16 14:14:18.540][VERB] RETURN: {"result":"$6932"}
[0m[0;32m[2026-09-16 14:14:18.540][VERB] COMMANDCALL: _C.SafeAPI.Execute(["v1.sketch.create",[{"planeId":6932,"name":"F496_makeBox_cad_primitives_py_8_profile","id":4}]])
[0m[0;32m[2026-09-16 14:14:18.542][VERB] RETURN: {"result":"$6938"}
[0m[0;32m[2026-09-16 14:14:18.542][VERB] COMMANDCALL: _C.SafeAPI.Execute(["v1.sketch.rectangle",[{"startPos":[48.8,-1.3,0],"id":6938,"genFixation":0,"endPos":[89.8,40.8,0]}]])
[0m[0;32m[2026-09-16 14:14:18.549][VERB] RETURN: {"result":["$6944","$6948","$6954","$6960"]}
[0m[0;32m[2026-09-16 14:14:18.549][VERB] COMMANDCALL: _C.SafeAPI.Execute(["v1.sketch.getPoints",[{"id":6944}]])
[0m[0;32m[2026-09-16 14:14:18.549][VERB] RETURN: {"result":{"endId":"$6946","startId":"$6945"}}
[0m[0;32m[2026-09-16 14:14:18.549][VERB] COMMANDCALL: _C.SafeAPI.Execute(["v1.sketch.point",[{"pos":[-1000,-1000,0],"id":6938}]])
[0m[0;32m[2026-09-16 14:14:18.551][VERB] RETURN: {"result":"$6976"}
[0m[0;32m[2026-09-16 14:14:18.551][VERB] COMMANDCALL: _C.SafeAPI.Execute(["v1.sketch.constraint",[{"type":"FIXATION","id":6938,"geomIds":[6976]}]])
[0m[0;32m[2026-09-16 14:14:18.553][VERB] RETURN: {"result":"$6978"}
[0m[0;32m[2026-09-16 14:14:18.553][VERB] COMMANDCALL: _C.SafeAPI.Execute(["v1.sketch.dimension",[{"type":"HORIZONTAL_DISTANCE","value":"@expr.d498_position_x","name":"position_x","id":6938,"geomIds":[6976,6945]}]])
[0m[0;32m[2026-09-16 14:14:18.558][VERB] RETURN: {"result":"$6982"}
[0m[0;32m[2026-09-16 14:14:18.558][VERB] COMMANDCALL: _C.SafeAPI.Execute(["v1.sketch.dimension",[{"type":"VERTICAL_DISTANCE","value":"@expr.d499_position_y","name":"position_y","id":6938,"geomIds":[6976,6945]}]])
[0m[0;32m[2026-09-16 14:14:18.564][VERB] RETURN: {"result":"$6986"}
[0m[0;32m[2026-09-16 14:14:18.564][VERB] COMMANDCALL: _C.SafeAPI.Execute(["v1.sketch.dimension",[{"type":"OFFSET","value":"@expr.d500_width","name":"width","id":6938,"geomIds":[6944]}]])
[0m[0;32m[2026-09-16 14:14:18.571][VERB] RETURN: {"result":"$6990"}
[0m[0;32m[2026-09-16 14:14:18.571][VERB] COMMANDCALL: _C.SafeAPI.Execute(["v1.sketch.dimension",[{"type":"OFFSET","value":"@expr.d501_depth","name":"depth","id":6938,"geomIds":[6948]}]])
[0m[0;32m[2026-09-16 14:14:18.578][VERB] RETURN: {"result":"$6994"}
[0m[0;32m[2026-09-16 14:14:18.579][VERB] COMMANDCALL: _C.SafeAPI.Execute(["v1.part.extrusion",[{"references":[6944,6948,6954,6960],"name":"F496_makeBox_cad_primitives_py_8","taperAngle":0,"limit2":"@expr.d502_height","id":4}]])
[0m[0;32m[2026-09-16 14:14:18.584][VERB] RETURN: {"result":"$6998"}
[0m[0;32m[2026-09-16 14:14:18.585][VERB] COMMANDCALL: _C.SafeAPI.Execute(["v1.part.workPlane",[{"type":"PLANE","references":[38],"name":"F503_makeBox_cad_primitives_py_8_plane","offset":"@expr.d504_plane_offset","id":4}]])
[0m[0;32m[2026-09-16 14:14:18.588][VERB] RETURN: {"result":"$7041"}
[0m[0;32m[2026-09-16 14:14:18.589][VERB] COMMANDCALL: _C.SafeAPI.Execute(["v1.sketch.create",[{"planeId":7041,"name":"F503_makeBox_cad_primitives_py_8_profile","id":4}]])
[0m[0;32m[2026-09-16 14:14:18.591][VERB] RETURN: {"result":"$7047"}
[0m[0;32m[2026-09-16 14:14:18.591][VERB] COMMANDCALL: _C.SafeAPI.Execute(["v1.sketch.rectangle",[{"startPos":[46.1,1.4,0],"id":7047,"genFixation":0,"endPos":[92.5,38.1,0]}]])
[0m[0;32m[2026-09-16 14:14:18.597][VERB] RETURN: {"result":["$7053","$7057","$7063","$7069"]}
[0m[0;32m[2026-09-16 14:14:18.597][VERB] COMMANDCALL: _C.SafeAPI.Execute(["v1.sketch.getPoints",[{"id":7053}]])
[0m[0;32m[2026-09-16 14:14:18.597][VERB] RETURN: {"result":{"endId":"$7055","startId":"$7054"}}
[0m[0;32m[2026-09-16 14:14:18.597][VERB] COMMANDCALL: _C.SafeAPI.Execute(["v1.sketch.point",[{"pos":[-1000,-1000,0],"id":7047}]])
[0m[0;32m[2026-09-16 14:14:18.599][VERB] RETURN: {"result":"$7085"}
[0m[0;32m[2026-09-16 14:14:18.599][VERB] COMMANDCALL: _C.SafeAPI.Execute(["v1.sketch.constraint",[{"type":"FIXATION","id":7047,"geomIds":[7085]}]])
[0m[0;32m[2026-09-16 14:14:18.601][VERB] RETURN: {"result":"$7087"}
[0m[0;32m[2026-09-16 14:14:18.601][VERB] COMMANDCALL: _C.SafeAPI.Execute(["v1.sketch.dimension",[{"type":"HORIZONTAL_DISTANCE","value":"@expr.d505_position_x","name":"position_x","id":7047,"geomIds":[7085,7054]}]])
[0m[0;32m[2026-09-16 14:14:18.606][VERB] RETURN: {"result":"$7091"}
[0m[0;32m[2026-09-16 14:14:18.607][VERB] COMMANDCALL: _C.SafeAPI.Execute(["v1.sketch.dimension",[{"type":"VERTICAL_DISTANCE","value":"@expr.d506_position_y","name":"position_y","id":7047,"geomIds":[7085,7054]}]])
[0m[0;32m[2026-09-16 14:14:18.612][VERB] RETURN: {"result":"$7095"}
[0m[0;32m[2026-09-16 14:14:18.613][VERB] COMMANDCALL: _C.SafeAPI.Execute(["v1.sketch.dimension",[{"type":"OFFSET","value":"@expr.d507_width","name":"width","id":7047,"geomIds":[7053]}]])
[0m[0;32m[2026-09-16 14:14:18.619][VERB] RETURN: {"result":"$7099"}
[0m[0;32m[2026-09-16 14:14:18.619][VERB] COMMANDCALL: _C.SafeAPI.Execute(["v1.sketch.dimension",[{"type":"OFFSET","value":"@expr.d508_depth","name":"depth","id":7047,"geomIds":[7057]}]])
[0m[0;32m[2026-09-16 14:14:18.627][VERB] RETURN: {"result":"$7103"}
[0m[0;32m[2026-09-16 14:14:18.627][VERB] COMMANDCALL: _C.SafeAPI.Execute(["v1.part.extrusion",[{"references":[7053,7057,7063,7069],"name":"F503_makeBox_cad_primitives_py_8","taperAngle":0,"limit2":"@expr.d509_height","id":4}]])
[0m[0;32m[2026-09-16 14:14:18.633][VERB] RETURN: {"result":"$7107"}
[0m[0;32m[2026-09-16 14:14:18.633][VERB] COMMANDCALL: _C.SafeAPI.Execute(["v1.part.workPlane",[{"type":"PLANE","references":[38],"name":"F510_makeCylinder_cad_primitives_py_12_plane","offset":"@expr.d511_plane_offset","id":4}]])
[0m[0;32m[2026-09-16 14:14:18.637][VERB] RETURN: {"result":"$7150"}
[0m[0;32m[2026-09-16 14:14:18.637][VERB] COMMANDCALL: _C.SafeAPI.Execute(["v1.sketch.create",[{"planeId":7150,"name":"F510_makeCylinder_cad_primitives_py_12_profile","id":4}]])
[0m[0;32m[2026-09-16 14:14:18.639][VERB] RETURN: {"result":"$7156"}
[0m[0;32m[2026-09-16 14:14:18.639][VERB] COMMANDCALL: _C.SafeAPI.Execute(["v1.sketch.circle",[{"radius":2.7,"id":7156,"genFixation":0,"centerPos":[48.8,1.4,0]}]])
[0m[0;32m[2026-09-16 14:14:18.640][VERB] RETURN: {"result":"$7162"}
[0m[0;32m[2026-09-16 14:14:18.641][VERB] COMMANDCALL: _C.SafeAPI.Execute(["v1.sketch.getPoints",[{"id":7162}]])
[0m[0;32m[2026-09-16 14:14:18.641][VERB] RETURN: {"result":{"centerId":"$7163"}}
[0m[0;32m[2026-09-16 14:14:18.641][VERB] COMMANDCALL: _C.SafeAPI.Execute(["v1.sketch.point",[{"pos":[-1000,-1000,0],"id":7156}]])
[0m[0;32m[2026-09-16 14:14:18.642][VERB] RETURN: {"result":"$7165"}
[0m[0;32m[2026-09-16 14:14:18.642][VERB] COMMANDCALL: _C.SafeAPI.Execute(["v1.sketch.constraint",[{"type":"FIXATION","id":7156,"geomIds":[7165]}]])
[0m[0;32m[2026-09-16 14:14:18.643][VERB] RETURN: {"result":"$7167"}
[0m[0;32m[2026-09-16 14:14:18.643][VERB] COMMANDCALL: _C.SafeAPI.Execute(["v1.sketch.dimension",[{"type":"HORIZONTAL_DISTANCE","value":"@expr.d512_position_x","name":"position_x","id":7156,"geomIds":[7165,7163]}]])
[0m[0;32m[2026-09-16 14:14:18.647][VERB] RETURN: {"result":"$7171"}
[0m[0;32m[2026-09-16 14:14:18.647][VERB] COMMANDCALL: _C.SafeAPI.Execute(["v1.sketch.dimension",[{"type":"VERTICAL_DISTANCE","value":"@expr.d513_position_y","name":"position_y","id":7156,"geomIds":[7165,7163]}]])
[0m[0;32m[2026-09-16 14:14:18.652][VERB] RETURN: {"result":"$7175"}
[0m[0;32m[2026-09-16 14:14:18.652][VERB] COMMANDCALL: _C.SafeAPI.Execute(["v1.sketch.dimension",[{"type":"RADIUS","value":"@expr.d514_radius","name":"radius","id":7156,"geomIds":[7162]}]])
[0m[0;32m[2026-09-16 14:14:18.657][VERB] RETURN: {"result":"$7179"}
[0m[0;32m[2026-09-16 14:14:18.657][VERB] COMMANDCALL: _C.SafeAPI.Execute(["v1.part.extrusion",[{"references":[7162],"name":"F510_makeCylinder_cad_primitives_py_12","taperAngle":0,"limit2":"@expr.d515_height","id":4}]])
[0m[0;32m[2026-09-16 14:14:18.663][VERB] RETURN: {"result":"$7183"}
[0m[0;32m[2026-09-16 14:14:18.663][VERB] COMMANDCALL: _C.SafeAPI.Execute(["v1.part.workPlane",[{"type":"PLANE","references":[38],"name":"F516_makeCylinder_cad_primitives_py_12_plane","offset":"@expr.d517_plane_offset","id":4}]])
[0m[0;32m[2026-09-16 14:14:18.668][VERB] RETURN: {"result":"$7205"}
[0m[0;32m[2026-09-16 14:14:18.668][VERB] COMMANDCALL: _C.SafeAPI.Execute(["v1.sketch.create",[{"planeId":7205,"name":"F516_makeCylinder_cad_primitives_py_12_profile","id":4}]])
[0m[0;32m[2026-09-16 14:14:18.670][VERB] RETURN: {"result":"$7211"}
[0m[0;32m[2026-09-16 14:14:18.670][VERB] COMMANDCALL: _C.SafeAPI.Execute(["v1.sketch.circle",[{"radius":2.7,"id":7211,"genFixation":0,"centerPos":[48.8,38.1,0]}]])
[0m[0;32m[2026-09-16 14:14:18.671][VERB] RETURN: {"result":"$7217"}
[0m[0;32m[2026-09-16 14:14:18.671][VERB] COMMANDCALL: _C.SafeAPI.Execute(["v1.sketch.getPoints",[{"id":7217}]])
[0m[0;32m[2026-09-16 14:14:18.672][VERB] RETURN: {"result":{"centerId":"$7218"}}
[0m[0;32m[2026-09-16 14:14:18.672][VERB] COMMANDCALL: _C.SafeAPI.Execute(["v1.sketch.point",[{"pos":[-1000,-1000,0],"id":7211}]])
[0m[0;32m[2026-09-16 14:14:18.673][VERB] RETURN: {"result":"$7220"}
[0m[0;32m[2026-09-16 14:14:18.673][VERB] COMMANDCALL: _C.SafeAPI.Execute(["v1.sketch.constraint",[{"type":"FIXATION","id":7211,"geomIds":[7220]}]])
[0m[0;32m[2026-09-16 14:14:18.674][VERB] RETURN: {"result":"$7222"}
[0m[0;32m[2026-09-16 14:14:18.674][VERB] COMMANDCALL: _C.SafeAPI.Execute(["v1.sketch.dimension",[{"type":"HORIZONTAL_DISTANCE","value":"@expr.d518_position_x","name":"position_x","id":7211,"geomIds":[7220,7218]}]])
[0m[0;32m[2026-09-16 14:14:18.678][VERB] RETURN: {"result":"$7226"}
[0m[0;32m[2026-09-16 14:14:18.678][VERB] COMMANDCALL: _C.SafeAPI.Execute(["v1.sketch.dimension",[{"type":"VERTICAL_DISTANCE","value":"@expr.d519_position_y","name":"position_y","id":7211,"geomIds":[7220,7218]}]])
[0m[0;32m[2026-09-16 14:14:18.683][VERB] RETURN: {"result":"$7230"}
[0m[0;32m[2026-09-16 14:14:18.683][VERB] COMMANDCALL: _C.SafeAPI.Execute(["v1.sketch.dimension",[{"type":"RADIUS","value":"@expr.d520_radius","name":"radius","id":7211,"geomIds":[7217]}]])
[0m[0;32m[2026-09-16 14:14:18.688][VERB] RETURN: {"result":"$7234"}
[0m[0;32m[2026-09-16 14:14:18.689][VERB] COMMANDCALL: _C.SafeAPI.Execute(["v1.part.extrusion",[{"references":[7217],"name":"F516_makeCylinder_cad_primitives_py_12","taperAngle":0,"limit2":"@expr.d521_height","id":4}]])
[0m[0;32m[2026-09-16 14:14:18.695][VERB] RETURN: {"result":"$7238"}
[0m[0;32m[2026-09-16 14:14:18.695][VERB] COMMANDCALL: _C.SafeAPI.Execute(["v1.part.workPlane",[{"type":"PLANE","references":[38],"name":"F522_makeCylinder_cad_primitives_py_12_plane","offset":"@expr.d523_plane_offset","id":4}]])
[0m[0;32m[2026-09-16 14:14:18.699][VERB] RETURN: {"result":"$7260"}
[0m[0;32m[2026-09-16 14:14:18.699][VERB] COMMANDCALL: _C.SafeAPI.Execute(["v1.sketch.create",[{"planeId":7260,"name":"F522_makeCylinder_cad_primitives_py_12_profile","id":4}]])
[0m[0;32m[2026-09-16 14:14:18.701][VERB] RETURN: {"result":"$7266"}
[0m[0;32m[2026-09-16 14:14:18.701][VERB] COMMANDCALL: _C.SafeAPI.Execute(["v1.sketch.circle",[{"radius":2.7,"id":7266,"genFixation":0,"centerPos":[89.8,1.4,0]}]])
[0m[0;32m[2026-09-16 14:14:18.703][VERB] RETURN: {"result":"$7272"}
[0m[0;32m[2026-09-16 14:14:18.703][VERB] COMMANDCALL: _C.SafeAPI.Execute(["v1.sketch.getPoints",[{"id":7272}]])
[0m[0;32m[2026-09-16 14:14:18.703][VERB] RETURN: {"result":{"centerId":"$7273"}}
[0m[0;32m[2026-09-16 14:14:18.703][VERB] COMMANDCALL: _C.SafeAPI.Execute(["v1.sketch.point",[{"pos":[-1000,-1000,0],"id":7266}]])
[0m[0;32m[2026-09-16 14:14:18.704][VERB] RETURN: {"result":"$7275"}
[0m[0;32m[2026-09-16 14:14:18.704][VERB] COMMANDCALL: _C.SafeAPI.Execute(["v1.sketch.constraint",[{"type":"FIXATION","id":7266,"geomIds":[7275]}]])
[0m[0;32m[2026-09-16 14:14:18.705][VERB] RETURN: {"result":"$7277"}
[0m[0;32m[2026-09-16 14:14:18.705][VERB] COMMANDCALL: _C.SafeAPI.Execute(["v1.sketch.dimension",[{"type":"HORIZONTAL_DISTANCE","value":"@expr.d524_position_x","name":"position_x","id":7266,"geomIds":[7275,7273]}]])
[0m[0;32m[2026-09-16 14:14:18.709][VERB] RETURN: {"result":"$7281"}
[0m[0;32m[2026-09-16 14:14:18.710][VERB] COMMANDCALL: _C.SafeAPI.Execute(["v1.sketch.dimension",[{"type":"VERTICAL_DISTANCE","value":"@expr.d525_position_y","name":"position_y","id":7266,"geomIds":[7275,7273]}]])
[0m[0;32m[2026-09-16 14:14:18.715][VERB] RETURN: {"result":"$7285"}
[0m[0;32m[2026-09-16 14:14:18.715][VERB] COMMANDCALL: _C.SafeAPI.Execute(["v1.sketch.dimension",[{"type":"RADIUS","value":"@expr.d526_radius","name":"radius","id":7266,"geomIds":[7272]}]])
[0m[0;32m[2026-09-16 14:14:18.720][VERB] RETURN: {"result":"$7289"}
[0m[0;32m[2026-09-16 14:14:18.720][VERB] COMMANDCALL: _C.SafeAPI.Execute(["v1.part.extrusion",[{"references":[7272],"name":"F522_makeCylinder_cad_primitives_py_12","taperAngle":0,"limit2":"@expr.d527_height","id":4}]])
[0m[0;32m[2026-09-16 14:14:18.726][VERB] RETURN: {"result":"$7293"}
[0m[0;32m[2026-09-16 14:14:18.726][VERB] COMMANDCALL: _C.SafeAPI.Execute(["v1.part.workPlane",[{"type":"PLANE","references":[38],"name":"F528_makeCylinder_cad_primitives_py_12_plane","offset":"@expr.d529_plane_offset","id":4}]])
[0m[0;32m[2026-09-16 14:14:18.730][VERB] RETURN: {"result":"$7315"}
[0m[0;32m[2026-09-16 14:14:18.731][VERB] COMMANDCALL: _C.SafeAPI.Execute(["v1.sketch.create",[{"planeId":7315,"name":"F528_makeCylinder_cad_primitives_py_12_profile","id":4}]])
[0m[0;32m[2026-09-16 14:14:18.733][VERB] RETURN: {"result":"$7321"}
[0m[0;32m[2026-09-16 14:14:18.733][VERB] COMMANDCALL: _C.SafeAPI.Execute(["v1.sketch.circle",[{"radius":2.7,"id":7321,"genFixation":0,"centerPos":[89.8,38.1,0]}]])
[0m[0;32m[2026-09-16 14:14:18.734][VERB] RETURN: {"result":"$7327"}
[0m[0;32m[2026-09-16 14:14:18.734][VERB] COMMANDCALL: _C.SafeAPI.Execute(["v1.sketch.getPoints",[{"id":7327}]])
[0m[0;32m[2026-09-16 14:14:18.734][VERB] RETURN: {"result":{"centerId":"$7328"}}
[0m[0;32m[2026-09-16 14:14:18.734][VERB] COMMANDCALL: _C.SafeAPI.Execute(["v1.sketch.point",[{"pos":[-1000,-1000,0],"id":7321}]])
[0m[0;32m[2026-09-16 14:14:18.735][VERB] RETURN: {"result":"$7330"}
[0m[0;32m[2026-09-16 14:14:18.735][VERB] COMMANDCALL: _C.SafeAPI.Execute(["v1.sketch.constraint",[{"type":"FIXATION","id":7321,"geomIds":[7330]}]])
[0m[0;32m[2026-09-16 14:14:18.736][VERB] RETURN: {"result":"$7332"}
[0m[0;32m[2026-09-16 14:14:18.736][VERB] COMMANDCALL: _C.SafeAPI.Execute(["v1.sketch.dimension",[{"type":"HORIZONTAL_DISTANCE","value":"@expr.d530_position_x","name":"position_x","id":7321,"geomIds":[7330,7328]}]])
[0m[0;32m[2026-09-16 14:14:18.741][VERB] RETURN: {"result":"$7336"}
[0m[0;32m[2026-09-16 14:14:18.741][VERB] COMMANDCALL: _C.SafeAPI.Execute(["v1.sketch.dimension",[{"type":"VERTICAL_DISTANCE","value":"@expr.d531_position_y","name":"position_y","id":7321,"geomIds":[7330,7328]}]])
[0m[0;32m[2026-09-16 14:14:18.746][VERB] RETURN: {"result":"$7340"}
[0m[0;32m[2026-09-16 14:14:18.746][VERB] COMMANDCALL: _C.SafeAPI.Execute(["v1.sketch.dimension",[{"type":"RADIUS","value":"@expr.d532_radius","name":"radius","id":7321,"geomIds":[7327]}]])
[0m[0;32m[2026-09-16 14:14:18.751][VERB] RETURN: {"result":"$7344"}
[0m[0;32m[2026-09-16 14:14:18.751][VERB] COMMANDCALL: _C.SafeAPI.Execute(["v1.part.extrusion",[{"references":[7327],"name":"F528_makeCylinder_cad_primitives_py_12","taperAngle":0,"limit2":"@expr.d533_height","id":4}]])
[0m[0;32m[2026-09-16 14:14:18.757][VERB] RETURN: {"result":"$7348"}
[0m[0;32m[2026-09-16 14:14:18.758][VERB] COMMANDCALL: _C.SafeAPI.Execute(["v1.part.workPlane",[{"type":"PLANE","references":[38],"name":"F534_makeBox_shell_skin_py_38_plane","offset":"@expr.d535_plane_offset","id":4}]])
[0m[0;32m[2026-09-16 14:14:18.762][VERB] RETURN: {"result":"$7370"}
[0m[0;32m[2026-09-16 14:14:18.762][VERB] COMMANDCALL: _C.SafeAPI.Execute(["v1.sketch.create",[{"planeId":7370,"name":"F534_makeBox_shell_skin_py_38_profile","id":4}]])
[0m[0;32m[2026-09-16 14:14:18.764][VERB] RETURN: {"result":"$7376"}
[0m[0;32m[2026-09-16 14:14:18.764][VERB] COMMANDCALL: _C.SafeAPI.Execute(["v1.sketch.rectangle",[{"startPos":[89.8,-1.3,0],"id":7376,"genFixation":0,"endPos":[92.5,40.8,0]}]])
[0m[0;32m[2026-09-16 14:14:18.770][VERB] RETURN: {"result":["$7382","$7386","$7392","$7398"]}
[0m[0;32m[2026-09-16 14:14:18.771][VERB] COMMANDCALL: _C.SafeAPI.Execute(["v1.sketch.getPoints",[{"id":7382}]])
[0m[0;32m[2026-09-16 14:14:18.771][VERB] RETURN: {"result":{"endId":"$7384","startId":"$7383"}}
[0m[0;32m[2026-09-16 14:14:18.771][VERB] COMMANDCALL: _C.SafeAPI.Execute(["v1.sketch.point",[{"pos":[-1000,-1000,0],"id":7376}]])
[0m[0;32m[2026-09-16 14:14:18.773][VERB] RETURN: {"result":"$7414"}
[0m[0;32m[2026-09-16 14:14:18.773][VERB] COMMANDCALL: _C.SafeAPI.Execute(["v1.sketch.constraint",[{"type":"FIXATION","id":7376,"geomIds":[7414]}]])
[0m[0;32m[2026-09-16 14:14:18.774][VERB] RETURN: {"result":"$7416"}
[0m[0;32m[2026-09-16 14:14:18.774][VERB] COMMANDCALL: _C.SafeAPI.Execute(["v1.sketch.dimension",[{"type":"HORIZONTAL_DISTANCE","value":"@expr.d536_position_x","name":"position_x","id":7376,"geomIds":[7414,7383]}]])
[0m[0;32m[2026-09-16 14:14:18.780][VERB] RETURN: {"result":"$7420"}
[0m[0;32m[2026-09-16 14:14:18.780][VERB] COMMANDCALL: _C.SafeAPI.Execute(["v1.sketch.dimension",[{"type":"VERTICAL_DISTANCE","value":"@expr.d537_position_y","name":"position_y","id":7376,"geomIds":[7414,7383]}]])
[0m[0;32m[2026-09-16 14:14:18.786][VERB] RETURN: {"result":"$7424"}
[0m[0;32m[2026-09-16 14:14:18.786][VERB] COMMANDCALL: _C.SafeAPI.Execute(["v1.sketch.dimension",[{"type":"OFFSET","value":"@expr.d538_width","name":"width","id":7376,"geomIds":[7382]}]])
[0m[0;32m[2026-09-16 14:14:18.793][VERB] RETURN: {"result":"$7428"}
[0m[0;32m[2026-09-16 14:14:18.793][VERB] COMMANDCALL: _C.SafeAPI.Execute(["v1.sketch.dimension",[{"type":"OFFSET","value":"@expr.d539_depth","name":"depth","id":7376,"geomIds":[7386]}]])
[0m[0;32m[2026-09-16 14:14:18.801][VERB] RETURN: {"result":"$7432"}
[0m[0;32m[2026-09-16 14:14:18.801][VERB] COMMANDCALL: _C.SafeAPI.Execute(["v1.part.extrusion",[{"references":[7382,7386,7392,7398],"name":"F534_makeBox_shell_skin_py_38","taperAngle":0,"limit2":"@expr.d540_height","id":4}]])
[0m[0;32m[2026-09-16 14:14:18.807][VERB] RETURN: {"result":"$7436"}
[0m[0;32m[2026-09-16 14:14:18.807][VERB] COMMANDCALL: _C.SafeAPI.Execute(["v1.part.workPlane",[{"type":"PLANE","references":[38],"name":"F541_makeBox_cad_primitives_py_8_plane","offset":"@expr.d542_plane_offset","id":4}]])
[0m[0;32m[2026-09-16 14:14:18.811][VERB] RETURN: {"result":"$7479"}
[0m[0;32m[2026-09-16 14:14:18.811][VERB] COMMANDCALL: _C.SafeAPI.Execute(["v1.sketch.create",[{"planeId":7479,"name":"F541_makeBox_cad_primitives_py_8_profile","id":4}]])
[0m[0;32m[2026-09-16 14:14:18.813][VERB] RETURN: {"result":"$7485"}
[0m[0;32m[2026-09-16 14:14:18.813][VERB] COMMANDCALL: _C.SafeAPI.Execute(["v1.sketch.rectangle",[{"startPos":[88.05,-7,0],"id":7485,"genFixation":0,"endPos":[92.5,5,0]}]])
[0m[0;32m[2026-09-16 14:14:18.820][VERB] RETURN: {"result":["$7491","$7495","$7501","$7507"]}
[0m[0;32m[2026-09-16 14:14:18.820][VERB] COMMANDCALL: _C.SafeAPI.Execute(["v1.sketch.getPoints",[{"id":7491}]])
[0m[0;32m[2026-09-16 14:14:18.820][VERB] RETURN: {"result":{"endId":"$7493","startId":"$7492"}}
[0m[0;32m[2026-09-16 14:14:18.820][VERB] COMMANDCALL: _C.SafeAPI.Execute(["v1.sketch.point",[{"pos":[-1000,-1000,0],"id":7485}]])
[0m[0;32m[2026-09-16 14:14:18.822][VERB] RETURN: {"result":"$7523"}
[0m[0;32m[2026-09-16 14:14:18.822][VERB] COMMANDCALL: _C.SafeAPI.Execute(["v1.sketch.constraint",[{"type":"FIXATION","id":7485,"geomIds":[7523]}]])
[0m[0;32m[2026-09-16 14:14:18.823][VERB] RETURN: {"result":"$7525"}
[0m[0;32m[2026-09-16 14:14:18.824][VERB] COMMANDCALL: _C.SafeAPI.Execute(["v1.sketch.dimension",[{"type":"HORIZONTAL_DISTANCE","value":"@expr.d543_position_x","name":"position_x","id":7485,"geomIds":[7523,7492]}]])
[0m[0;32m[2026-09-16 14:14:18.829][VERB] RETURN: {"result":"$7529"}
[0m[0;32m[2026-09-16 14:14:18.829][VERB] COMMANDCALL: _C.SafeAPI.Execute(["v1.sketch.dimension",[{"type":"VERTICAL_DISTANCE","value":"@expr.d544_position_y","name":"position_y","id":7485,"geomIds":[7523,7492]}]])
[0m[0;32m[2026-09-16 14:14:18.835][VERB] RETURN: {"result":"$7533"}
[0m[0;32m[2026-09-16 14:14:18.835][VERB] COMMANDCALL: _C.SafeAPI.Execute(["v1.sketch.dimension",[{"type":"OFFSET","value":"@expr.d545_width","name":"width","id":7485,"geomIds":[7491]}]])
[0m[0;32m[2026-09-16 14:14:18.842][VERB] RETURN: {"result":"$7537"}
[0m[0;32m[2026-09-16 14:14:18.842][VERB] COMMANDCALL: _C.SafeAPI.Execute(["v1.sketch.dimension",[{"type":"OFFSET","value":"@expr.d546_depth","name":"depth","id":7485,"geomIds":[7495]}]])
[0m[0;32m[2026-09-16 14:14:18.849][VERB] RETURN: {"result":"$7541"}
[0m[0;32m[2026-09-16 14:14:18.850][VERB] COMMANDCALL: _C.SafeAPI.Execute(["v1.part.extrusion",[{"references":[7491,7495,7501,7507],"name":"F541_makeBox_cad_primitives_py_8","taperAngle":0,"limit2":"@expr.d547_height","id":4}]])
[0m[0;32m[2026-09-16 14:14:18.855][VERB] RETURN: {"result":"$7545"}
[0m[0;32m[2026-09-16 14:14:18.856][VERB] COMMANDCALL: _C.SafeAPI.Execute(["v1.part.workPlane",[{"type":"PLANE","references":[38],"name":"F549_makeBox_cad_primitives_py_8_plane","offset":"@expr.d550_plane_offset","id":4}]])
[0m[0;32m[2026-09-16 14:14:18.860][VERB] RETURN: {"result":"$7588"}
[0m[0;32m[2026-09-16 14:14:18.860][VERB] COMMANDCALL: _C.SafeAPI.Execute(["v1.sketch.create",[{"planeId":7588,"name":"F549_makeBox_cad_primitives_py_8_profile","id":4}]])
[0m[0;32m[2026-09-16 14:14:18.862][VERB] RETURN: {"result":"$7594"}
[0m[0;32m[2026-09-16 14:14:18.862][VERB] COMMANDCALL: _C.SafeAPI.Execute(["v1.sketch.rectangle",[{"startPos":[85.35,-4,0],"id":7594,"genFixation":0,"endPos":[88.05,-1.3,0]}]])
[0m[0;32m[2026-09-16 14:14:18.868][VERB] RETURN: {"result":["$7600","$7604","$7610","$7616"]}
[0m[0;32m[2026-09-16 14:14:18.869][VERB] COMMANDCALL: _C.SafeAPI.Execute(["v1.sketch.getPoints",[{"id":7600}]])
[0m[0;32m[2026-09-16 14:14:18.869][VERB] RETURN: {"result":{"endId":"$7602","startId":"$7601"}}
[0m[0;32m[2026-09-16 14:14:18.869][VERB] COMMANDCALL: _C.SafeAPI.Execute(["v1.sketch.point",[{"pos":[-1000,-1000,0],"id":7594}]])
[0m[0;32m[2026-09-16 14:14:18.871][VERB] RETURN: {"result":"$7632"}
[0m[0;32m[2026-09-16 14:14:18.871][VERB] COMMANDCALL: _C.SafeAPI.Execute(["v1.sketch.constraint",[{"type":"FIXATION","id":7594,"geomIds":[7632]}]])
[0m[0;32m[2026-09-16 14:14:18.872][VERB] RETURN: {"result":"$7634"}
[0m[0;32m[2026-09-16 14:14:18.873][VERB] COMMANDCALL: _C.SafeAPI.Execute(["v1.sketch.dimension",[{"type":"HORIZONTAL_DISTANCE","value":"@expr.d551_position_x","name":"position_x","id":7594,"geomIds":[7632,7601]}]])
[0m[0;32m[2026-09-16 14:14:18.878][VERB] RETURN: {"result":"$7638"}
[0m[0;32m[2026-09-16 14:14:18.878][VERB] COMMANDCALL: _C.SafeAPI.Execute(["v1.sketch.dimension",[{"type":"VERTICAL_DISTANCE","value":"@expr.d552_position_y","name":"position_y","id":7594,"geomIds":[7632,7601]}]])
[0m[0;32m[2026-09-16 14:14:18.884][VERB] RETURN: {"result":"$7642"}
[0m[0;32m[2026-09-16 14:14:18.884][VERB] COMMANDCALL: _C.SafeAPI.Execute(["v1.sketch.dimension",[{"type":"OFFSET","value":"@expr.d553_width","name":"width","id":7594,"geomIds":[7600]}]])
[0m[0;32m[2026-09-16 14:14:18.891][VERB] RETURN: {"result":"$7646"}
[0m[0;32m[2026-09-16 14:14:18.891][VERB] COMMANDCALL: _C.SafeAPI.Execute(["v1.sketch.dimension",[{"type":"OFFSET","value":"@expr.d554_depth","name":"depth","id":7594,"geomIds":[7604]}]])
[0m[0;32m[2026-09-16 14:14:18.898][VERB] RETURN: {"result":"$7650"}
[0m[0;32m[2026-09-16 14:14:18.899][VERB] COMMANDCALL: _C.SafeAPI.Execute(["v1.part.extrusion",[{"references":[7600,7604,7610,7616],"name":"F549_makeBox_cad_primitives_py_8","taperAngle":0,"limit2":"@expr.d555_height","id":4}]])
[0m[0;32m[2026-09-16 14:14:18.905][VERB] RETURN: {"result":"$7654"}
[0m[0;32m[2026-09-16 14:14:18.905][VERB] COMMANDCALL: _C.SafeAPI.Execute(["v1.part.workPlane",[{"type":"PLANE","references":[38],"name":"F556_makeCylinder_cad_primitives_py_12_plane","offset":"@expr.d557_plane_offset","id":4}]])
[0m[0;32m[2026-09-16 14:14:18.909][VERB] RETURN: {"result":"$7697"}
[0m[0;32m[2026-09-16 14:14:18.909][VERB] COMMANDCALL: _C.SafeAPI.Execute(["v1.sketch.create",[{"planeId":7697,"name":"F556_makeCylinder_cad_primitives_py_12_profile","id":4}]])
[0m[0;32m[2026-09-16 14:14:18.911][VERB] RETURN: {"result":"$7703"}
[0m[0;32m[2026-09-16 14:14:18.911][VERB] COMMANDCALL: _C.SafeAPI.Execute(["v1.sketch.circle",[{"radius":2.7,"id":7703,"genFixation":0,"centerPos":[85.35,-4,0]}]])
[0m[0;32m[2026-09-16 14:14:18.912][VERB] RETURN: {"result":"$7709"}
[0m[0;32m[2026-09-16 14:14:18.913][VERB] COMMANDCALL: _C.SafeAPI.Execute(["v1.sketch.getPoints",[{"id":7709}]])
[0m[0;32m[2026-09-16 14:14:18.913][VERB] RETURN: {"result":{"centerId":"$7710"}}
[0m[0;32m[2026-09-16 14:14:18.913][VERB] COMMANDCALL: _C.SafeAPI.Execute(["v1.sketch.point",[{"pos":[-1000,-1000,0],"id":7703}]])
[0m[0;32m[2026-09-16 14:14:18.914][VERB] RETURN: {"result":"$7712"}
[0m[0;32m[2026-09-16 14:14:18.914][VERB] COMMANDCALL: _C.SafeAPI.Execute(["v1.sketch.constraint",[{"type":"FIXATION","id":7703,"geomIds":[7712]}]])
[0m[0;32m[2026-09-16 14:14:18.915][VERB] RETURN: {"result":"$7714"}
[0m[0;32m[2026-09-16 14:14:18.915][VERB] COMMANDCALL: _C.SafeAPI.Execute(["v1.sketch.dimension",[{"type":"HORIZONTAL_DISTANCE","value":"@expr.d558_position_x","name":"position_x","id":7703,"geomIds":[7712,7710]}]])
[0m[0;32m[2026-09-16 14:14:18.919][VERB] RETURN: {"result":"$7718"}
[0m[0;32m[2026-09-16 14:14:18.920][VERB] COMMANDCALL: _C.SafeAPI.Execute(["v1.sketch.dimension",[{"type":"VERTICAL_DISTANCE","value":"@expr.d559_position_y","name":"position_y","id":7703,"geomIds":[7712,7710]}]])
[0m[0;32m[2026-09-16 14:14:18.924][VERB] RETURN: {"result":"$7722"}
[0m[0;32m[2026-09-16 14:14:18.924][VERB] COMMANDCALL: _C.SafeAPI.Execute(["v1.sketch.dimension",[{"type":"RADIUS","value":"@expr.d560_radius","name":"radius","id":7703,"geomIds":[7709]}]])
[0m[0;32m[2026-09-16 14:14:18.929][VERB] RETURN: {"result":"$7726"}
[0m[0;32m[2026-09-16 14:14:18.930][VERB] COMMANDCALL: _C.SafeAPI.Execute(["v1.part.extrusion",[{"references":[7709],"name":"F556_makeCylinder_cad_primitives_py_12","taperAngle":0,"limit2":"@expr.d561_height","id":4}]])
[0m[0;32m[2026-09-16 14:14:18.936][VERB] RETURN: {"result":"$7730"}
[0m[0;32m[2026-09-16 14:14:18.936][VERB] COMMANDCALL: _C.SafeAPI.Execute(["v1.part.boolean",[{"type":"SUBTRACTION","tools":[7730],"target":7654,"name":"F548_cut_housing_shell_py_25","id":4}]])
[0m[0;32m[2026-09-16 14:14:18.942][VERB] RETURN: {"result":"$7752"}
[0m[0;32m[2026-09-16 14:14:18.942][VERB] COMMANDCALL: _C.SafeAPI.Execute(["v1.part.workPlane",[{"type":"PLANE","references":[38],"name":"F562_makeBox_cad_primitives_py_8_plane","offset":"@expr.d563_plane_offset","id":4}]])
[0m[0;32m[2026-09-16 14:14:18.946][VERB] RETURN: {"result":"$7770"}
[0m[0;32m[2026-09-16 14:14:18.947][VERB] COMMANDCALL: _C.SafeAPI.Execute(["v1.sketch.create",[{"planeId":7770,"name":"F562_makeBox_cad_primitives_py_8_profile","id":4}]])
[0m[0;32m[2026-09-16 14:14:18.949][VERB] RETURN: {"result":"$7776"}
[0m[0;32m[2026-09-16 14:14:18.949][VERB] COMMANDCALL: _C.SafeAPI.Execute(["v1.sketch.rectangle",[{"startPos":[88.05,30,0],"id":7776,"genFixation":0,"endPos":[92.5,41.3,0]}]])
[0m[0;32m[2026-09-16 14:14:18.955][VERB] RETURN: {"result":["$7782","$7786","$7792","$7798"]}
[0m[0;32m[2026-09-16 14:14:18.955][VERB] COMMANDCALL: _C.SafeAPI.Execute(["v1.sketch.getPoints",[{"id":7782}]])
[0m[0;32m[2026-09-16 14:14:18.956][VERB] RETURN: {"result":{"endId":"$7784","startId":"$7783"}}
[0m[0;32m[2026-09-16 14:14:18.956][VERB] COMMANDCALL: _C.SafeAPI.Execute(["v1.sketch.point",[{"pos":[-1000,-1000,0],"id":7776}]])
[0m[0;32m[2026-09-16 14:14:18.958][VERB] RETURN: {"result":"$7814"}
[0m[0;32m[2026-09-16 14:14:18.958][VERB] COMMANDCALL: _C.SafeAPI.Execute(["v1.sketch.constraint",[{"type":"FIXATION","id":7776,"geomIds":[7814]}]])
[0m[0;32m[2026-09-16 14:14:18.959][VERB] RETURN: {"result":"$7816"}
[0m[0;32m[2026-09-16 14:14:18.959][VERB] COMMANDCALL: _C.SafeAPI.Execute(["v1.sketch.dimension",[{"type":"HORIZONTAL_DISTANCE","value":"@expr.d564_position_x","name":"position_x","id":7776,"geomIds":[7814,7783]}]])
[0m[0;32m[2026-09-16 14:14:18.965][VERB] RETURN: {"result":"$7820"}
[0m[0;32m[2026-09-16 14:14:18.965][VERB] COMMANDCALL: _C.SafeAPI.Execute(["v1.sketch.dimension",[{"type":"VERTICAL_DISTANCE","value":"@expr.d565_position_y","name":"position_y","id":7776,"geomIds":[7814,7783]}]])
[0m[0;32m[2026-09-16 14:14:18.971][VERB] RETURN: {"result":"$7824"}
[0m[0;32m[2026-09-16 14:14:18.971][VERB] COMMANDCALL: _C.SafeAPI.Execute(["v1.sketch.dimension",[{"type":"OFFSET","value":"@expr.d566_width","name":"width","id":7776,"geomIds":[7782]}]])
[0m[0;32m[2026-09-16 14:14:18.978][VERB] RETURN: {"result":"$7828"}
[0m[0;32m[2026-09-16 14:14:18.978][VERB] COMMANDCALL: _C.SafeAPI.Execute(["v1.sketch.dimension",[{"type":"OFFSET","value":"@expr.d567_depth","name":"depth","id":7776,"geomIds":[7786]}]])
[0m[0;32m[2026-09-16 14:14:18.985][VERB] RETURN: {"result":"$7832"}
[0m[0;32m[2026-09-16 14:14:18.986][VERB] COMMANDCALL: _C.SafeAPI.Execute(["v1.part.extrusion",[{"references":[7782,7786,7792,7798],"name":"F562_makeBox_cad_primitives_py_8","taperAngle":0,"limit2":"@expr.d568_height","id":4}]])
[0m[0;32m[2026-09-16 14:14:18.991][VERB] RETURN: {"result":"$7836"}
[0m[0;32m[2026-09-16 14:14:18.992][VERB] COMMANDCALL: _C.SafeAPI.Execute(["v1.part.workPlane",[{"type":"PLANE","references":[38],"name":"F569_makeBox_cad_primitives_py_8_plane","offset":"@expr.d570_plane_offset","id":4}]])
[0m[0;32m[2026-09-16 14:14:18.996][VERB] RETURN: {"result":"$7879"}
[0m[0;32m[2026-09-16 14:14:18.996][VERB] COMMANDCALL: _C.SafeAPI.Execute(["v1.sketch.create",[{"planeId":7879,"name":"F569_makeBox_cad_primitives_py_8_profile","id":4}]])
[0m[0;32m[2026-09-16 14:14:18.998][VERB] RETURN: {"result":"$7885"}
[0m[0;32m[2026-09-16 14:14:18.998][VERB] COMMANDCALL: _C.SafeAPI.Execute(["v1.sketch.rectangle",[{"startPos":[88.05,30,0],"id":7885,"genFixation":0,"endPos":[92.5,38,0]}]])
[0m[0;32m[2026-09-16 14:14:19.004][VERB] RETURN: {"result":["$7891","$7895","$7901","$7907"]}
[0m[0;32m[2026-09-16 14:14:19.004][VERB] COMMANDCALL: _C.SafeAPI.Execute(["v1.sketch.getPoints",[{"id":7891}]])
[0m[0;32m[2026-09-16 14:14:19.005][VERB] RETURN: {"result":{"endId":"$7893","startId":"$7892"}}
[0m[0;32m[2026-09-16 14:14:19.005][VERB] COMMANDCALL: _C.SafeAPI.Execute(["v1.sketch.point",[{"pos":[-1000,-1000,0],"id":7885}]])
[0m[0;32m[2026-09-16 14:14:19.007][VERB] RETURN: {"result":"$7923"}
[0m[0;32m[2026-09-16 14:14:19.007][VERB] COMMANDCALL: _C.SafeAPI.Execute(["v1.sketch.constraint",[{"type":"FIXATION","id":7885,"geomIds":[7923]}]])
[0m[0;32m[2026-09-16 14:14:19.008][VERB] RETURN: {"result":"$7925"}
[0m[0;32m[2026-09-16 14:14:19.008][VERB] COMMANDCALL: _C.SafeAPI.Execute(["v1.sketch.dimension",[{"type":"HORIZONTAL_DISTANCE","value":"@expr.d571_position_x","name":"position_x","id":7885,"geomIds":[7923,7892]}]])
[0m[0;32m[2026-09-16 14:14:19.014][VERB] RETURN: {"result":"$7929"}
[0m[0;32m[2026-09-16 14:14:19.014][VERB] COMMANDCALL: _C.SafeAPI.Execute(["v1.sketch.dimension",[{"type":"VERTICAL_DISTANCE","value":"@expr.d572_position_y","name":"position_y","id":7885,"geomIds":[7923,7892]}]])
[0m[0;32m[2026-09-16 14:14:19.020][VERB] RETURN: {"result":"$7933"}
[0m[0;32m[2026-09-16 14:14:19.020][VERB] COMMANDCALL: _C.SafeAPI.Execute(["v1.sketch.dimension",[{"type":"OFFSET","value":"@expr.d573_width","name":"width","id":7885,"geomIds":[7891]}]])
[0m[0;32m[2026-09-16 14:14:19.027][VERB] RETURN: {"result":"$7937"}
[0m[0;32m[2026-09-16 14:14:19.027][VERB] COMMANDCALL: _C.SafeAPI.Execute(["v1.sketch.dimension",[{"type":"OFFSET","value":"@expr.d574_depth","name":"depth","id":7885,"geomIds":[7895]}]])
[0m[0;32m[2026-09-16 14:14:19.035][VERB] RETURN: {"result":"$7941"}
[0m[0;32m[2026-09-16 14:14:19.035][VERB] COMMANDCALL: _C.SafeAPI.Execute(["v1.part.extrusion",[{"references":[7891,7895,7901,7907],"name":"F569_makeBox_cad_primitives_py_8","taperAngle":0,"limit2":"@expr.d575_height","id":4}]])
[0m[0;32m[2026-09-16 14:14:19.040][VERB] RETURN: {"result":"$7945"}
[0m[0;32m[2026-09-16 14:14:19.041][VERB] COMMANDCALL: _C.SafeAPI.Execute(["v1.part.workPlane",[{"type":"PLANE","references":[38],"name":"F577_makeBox_cad_primitives_py_8_plane","offset":"@expr.d578_plane_offset","id":4}]])
[0m[0;32m[2026-09-16 14:14:19.045][VERB] RETURN: {"result":"$7988"}
[0m[0;32m[2026-09-16 14:14:19.045][VERB] COMMANDCALL: _C.SafeAPI.Execute(["v1.sketch.create",[{"planeId":7988,"name":"F577_makeBox_cad_primitives_py_8_profile","id":4}]])
[0m[0;32m[2026-09-16 14:14:19.047][VERB] RETURN: {"result":"$7994"}
[0m[0;32m[2026-09-16 14:14:19.047][VERB] COMMANDCALL: _C.SafeAPI.Execute(["v1.sketch.rectangle",[{"startPos":[59.1,40.8,0],"id":7994,"genFixation":0,"endPos":[63.1,44.8,0]}]])
[0m[0;32m[2026-09-16 14:14:19.054][VERB] RETURN: {"result":["$8000","$8004","$8010","$8016"]}
[0m[0;32m[2026-09-16 14:14:19.054][VERB] COMMANDCALL: _C.SafeAPI.Execute(["v1.sketch.getPoints",[{"id":8000}]])
[0m[0;32m[2026-09-16 14:14:19.054][VERB] RETURN: {"result":{"endId":"$8002","startId":"$8001"}}
[0m[0;32m[2026-09-16 14:14:19.054][VERB] COMMANDCALL: _C.SafeAPI.Execute(["v1.sketch.point",[{"pos":[-1000,-1000,0],"id":7994}]])
[0m[0;32m[2026-09-16 14:14:19.056][VERB] RETURN: {"result":"$8032"}
[0m[0;32m[2026-09-16 14:14:19.056][VERB] COMMANDCALL: _C.SafeAPI.Execute(["v1.sketch.constraint",[{"type":"FIXATION","id":7994,"geomIds":[8032]}]])
[0m[0;32m[2026-09-16 14:14:19.057][VERB] RETURN: {"result":"$8034"}
[0m[0;32m[2026-09-16 14:14:19.058][VERB] COMMANDCALL: _C.SafeAPI.Execute(["v1.sketch.dimension",[{"type":"HORIZONTAL_DISTANCE","value":"@expr.d579_position_x","name":"position_x","id":7994,"geomIds":[8032,8001]}]])
[0m[0;32m[2026-09-16 14:14:19.063][VERB] RETURN: {"result":"$8038"}
[0m[0;32m[2026-09-16 14:14:19.063][VERB] COMMANDCALL: _C.SafeAPI.Execute(["v1.sketch.dimension",[{"type":"VERTICAL_DISTANCE","value":"@expr.d580_position_y","name":"position_y","id":7994,"geomIds":[8032,8001]}]])
[0m[0;32m[2026-09-16 14:14:19.069][VERB] RETURN: {"result":"$8042"}
[0m[0;32m[2026-09-16 14:14:19.069][VERB] COMMANDCALL: _C.SafeAPI.Execute(["v1.sketch.dimension",[{"type":"OFFSET","value":"@expr.d581_width","name":"width","id":7994,"geomIds":[8000]}]])
[0m[0;32m[2026-09-16 14:14:19.076][VERB] RETURN: {"result":"$8046"}
[0m[0;32m[2026-09-16 14:14:19.076][VERB] COMMANDCALL: _C.SafeAPI.Execute(["v1.sketch.dimension",[{"type":"OFFSET","value":"@expr.d582_depth","name":"depth","id":7994,"geomIds":[8004]}]])
[0m[0;32m[2026-09-16 14:14:19.083][VERB] RETURN: {"result":"$8050"}
[0m[0;32m[2026-09-16 14:14:19.084][VERB] COMMANDCALL: _C.SafeAPI.Execute(["v1.part.extrusion",[{"references":[8000,8004,8010,8016],"name":"F577_makeBox_cad_primitives_py_8","taperAngle":0,"limit2":"@expr.d583_height","id":4}]])
[0m[0;32m[2026-09-16 14:14:19.089][VERB] RETURN: {"result":"$8054"}
[0m[0;32m[2026-09-16 14:14:19.090][VERB] COMMANDCALL: _C.SafeAPI.Execute(["v1.part.workPlane",[{"type":"PLANE","references":[38],"name":"F584_makeCylinder_cad_primitives_py_12_plane","offset":"@expr.d585_plane_offset","id":4}]])
[0m[0;32m[2026-09-16 14:14:19.094][VERB] RETURN: {"result":"$8097"}
[0m[0;32m[2026-09-16 14:14:19.094][VERB] COMMANDCALL: _C.SafeAPI.Execute(["v1.sketch.create",[{"planeId":8097,"name":"F584_makeCylinder_cad_primitives_py_12_profile","id":4}]])
[0m[0;32m[2026-09-16 14:14:19.096][VERB] RETURN: {"result":"$8103"}
[0m[0;32m[2026-09-16 14:14:19.096][VERB] COMMANDCALL: _C.SafeAPI.Execute(["v1.sketch.circle",[{"radius":4,"id":8103,"genFixation":0,"centerPos":[63.1,44.8,0]}]])
[0m[0;32m[2026-09-16 14:14:19.097][VERB] RETURN: {"result":"$8109"}
[0m[0;32m[2026-09-16 14:14:19.097][VERB] COMMANDCALL: _C.SafeAPI.Execute(["v1.sketch.getPoints",[{"id":8109}]])
[0m[0;32m[2026-09-16 14:14:19.098][VERB] RETURN: {"result":{"centerId":"$8110"}}
[0m[0;32m[2026-09-16 14:14:19.098][VERB] COMMANDCALL: _C.SafeAPI.Execute(["v1.sketch.point",[{"pos":[-1000,-1000,0],"id":8103}]])
[0m[0;32m[2026-09-16 14:14:19.099][VERB] RETURN: {"result":"$8112"}
[0m[0;32m[2026-09-16 14:14:19.099][VERB] COMMANDCALL: _C.SafeAPI.Execute(["v1.sketch.constraint",[{"type":"FIXATION","id":8103,"geomIds":[8112]}]])
[0m[0;32m[2026-09-16 14:14:19.100][VERB] RETURN: {"result":"$8114"}
[0m[0;32m[2026-09-16 14:14:19.100][VERB] COMMANDCALL: _C.SafeAPI.Execute(["v1.sketch.dimension",[{"type":"HORIZONTAL_DISTANCE","value":"@expr.d586_position_x","name":"position_x","id":8103,"geomIds":[8112,8110]}]])
[0m[0;32m[2026-09-16 14:14:19.104][VERB] RETURN: {"result":"$8118"}
[0m[0;32m[2026-09-16 14:14:19.105][VERB] COMMANDCALL: _C.SafeAPI.Execute(["v1.sketch.dimension",[{"type":"VERTICAL_DISTANCE","value":"@expr.d587_position_y","name":"position_y","id":8103,"geomIds":[8112,8110]}]])
[0m[0;32m[2026-09-16 14:14:19.109][VERB] RETURN: {"result":"$8122"}
[0m[0;32m[2026-09-16 14:14:19.110][VERB] COMMANDCALL: _C.SafeAPI.Execute(["v1.sketch.dimension",[{"type":"RADIUS","value":"@expr.d588_radius","name":"radius","id":8103,"geomIds":[8109]}]])
[0m[0;32m[2026-09-16 14:14:19.115][VERB] RETURN: {"result":"$8126"}
[0m[0;32m[2026-09-16 14:14:19.115][VERB] COMMANDCALL: _C.SafeAPI.Execute(["v1.part.extrusion",[{"references":[8109],"name":"F584_makeCylinder_cad_primitives_py_12","taperAngle":0,"limit2":"@expr.d589_height","id":4}]])
[0m[0;32m[2026-09-16 14:14:19.121][VERB] RETURN: {"result":"$8130"}
[0m[0;32m[2026-09-16 14:14:19.122][VERB] COMMANDCALL: _C.SafeAPI.Execute(["v1.part.boolean",[{"type":"SUBTRACTION","tools":[8130],"target":8054,"name":"F576_cut_housing_shell_py_39","id":4}]])
[0m[0;32m[2026-09-16 14:14:19.128][VERB] RETURN: {"result":"$8152"}
[0m[0;32m[2026-09-16 14:14:19.128][VERB] COMMANDCALL: _C.SafeAPI.Execute(["v1.part.workPlane",[{"type":"PLANE","references":[38],"name":"F591_makeBox_cad_primitives_py_8_plane","offset":"@expr.d592_plane_offset","id":4}]])
[0m[0;32m[2026-09-16 14:14:19.132][VERB] RETURN: {"result":"$8170"}
[0m[0;32m[2026-09-16 14:14:19.132][VERB] COMMANDCALL: _C.SafeAPI.Execute(["v1.sketch.create",[{"planeId":8170,"name":"F591_makeBox_cad_primitives_py_8_profile","id":4}]])
[0m[0;32m[2026-09-16 14:14:19.135][VERB] RETURN: {"result":"$8176"}
[0m[0;32m[2026-09-16 14:14:19.135][VERB] COMMANDCALL: _C.SafeAPI.Execute(["v1.sketch.rectangle",[{"startPos":[42.1,16.1,0],"id":8176,"genFixation":0,"endPos":[46.1,20.1,0]}]])
[0m[0;32m[2026-09-16 14:14:19.141][VERB] RETURN: {"result":["$8182","$8186","$8192","$8198"]}
[0m[0;32m[2026-09-16 14:14:19.141][VERB] COMMANDCALL: _C.SafeAPI.Execute(["v1.sketch.getPoints",[{"id":8182}]])
[0m[0;32m[2026-09-16 14:14:19.142][VERB] RETURN: {"result":{"endId":"$8184","startId":"$8183"}}
[0m[0;32m[2026-09-16 14:14:19.142][VERB] COMMANDCALL: _C.SafeAPI.Execute(["v1.sketch.point",[{"pos":[-1000,-1000,0],"id":8176}]])
[0m[0;32m[2026-09-16 14:14:19.144][VERB] RETURN: {"result":"$8214"}
[0m[0;32m[2026-09-16 14:14:19.144][VERB] COMMANDCALL: _C.SafeAPI.Execute(["v1.sketch.constraint",[{"type":"FIXATION","id":8176,"geomIds":[8214]}]])
[0m[0;32m[2026-09-16 14:14:19.145][VERB] RETURN: {"result":"$8216"}
[0m[0;32m[2026-09-16 14:14:19.145][VERB] COMMANDCALL: _C.SafeAPI.Execute(["v1.sketch.dimension",[{"type":"HORIZONTAL_DISTANCE","value":"@expr.d593_position_x","name":"position_x","id":8176,"geomIds":[8214,8183]}]])
[0m[0;32m[2026-09-16 14:14:19.151][VERB] RETURN: {"result":"$8220"}
[0m[0;32m[2026-09-16 14:14:19.151][VERB] COMMANDCALL: _C.SafeAPI.Execute(["v1.sketch.dimension",[{"type":"VERTICAL_DISTANCE","value":"@expr.d594_position_y","name":"position_y","id":8176,"geomIds":[8214,8183]}]])
[0m[0;32m[2026-09-16 14:14:19.157][VERB] RETURN: {"result":"$8224"}
[0m[0;32m[2026-09-16 14:14:19.157][VERB] COMMANDCALL: _C.SafeAPI.Execute(["v1.sketch.dimension",[{"type":"OFFSET","value":"@expr.d595_width","name":"width","id":8176,"geomIds":[8182]}]])
[0m[0;32m[2026-09-16 14:14:19.164][VERB] RETURN: {"result":"$8228"}
[0m[0;32m[2026-09-16 14:14:19.164][VERB] COMMANDCALL: _C.SafeAPI.Execute(["v1.sketch.dimension",[{"type":"OFFSET","value":"@expr.d596_depth","name":"depth","id":8176,"geomIds":[8186]}]])
[0m[0;32m[2026-09-16 14:14:19.171][VERB] RETURN: {"result":"$8232"}
[0m[0;32m[2026-09-16 14:14:19.172][VERB] COMMANDCALL: _C.SafeAPI.Execute(["v1.part.extrusion",[{"references":[8182,8186,8192,8198],"name":"F591_makeBox_cad_primitives_py_8","taperAngle":0,"limit2":"@expr.d597_height","id":4}]])
[0m[0;32m[2026-09-16 14:14:19.178][VERB] RETURN: {"result":"$8236"}
[0m[0;32m[2026-09-16 14:14:19.178][VERB] COMMANDCALL: _C.SafeAPI.Execute(["v1.part.workPlane",[{"type":"PLANE","references":[38],"name":"F598_makeCylinder_cad_primitives_py_12_plane","offset":"@expr.d599_plane_offset","id":4}]])
[0m[0;32m[2026-09-16 14:14:19.182][VERB] RETURN: {"result":"$8279"}
[0m[0;32m[2026-09-16 14:14:19.182][VERB] COMMANDCALL: _C.SafeAPI.Execute(["v1.sketch.create",[{"planeId":8279,"name":"F598_makeCylinder_cad_primitives_py_12_profile","id":4}]])
[0m[0;32m[2026-09-16 14:14:19.184][VERB] RETURN: {"result":"$8285"}
[0m[0;32m[2026-09-16 14:14:19.184][VERB] COMMANDCALL: _C.SafeAPI.Execute(["v1.sketch.circle",[{"radius":4,"id":8285,"genFixation":0,"centerPos":[42.1,16.1,0]}]])
[0m[0;32m[2026-09-16 14:14:19.185][VERB] RETURN: {"result":"$8291"}
[0m[0;32m[2026-09-16 14:14:19.186][VERB] COMMANDCALL: _C.SafeAPI.Execute(["v1.sketch.getPoints",[{"id":8291}]])
[0m[0;32m[2026-09-16 14:14:19.186][VERB] RETURN: {"result":{"centerId":"$8292"}}
[0m[0;32m[2026-09-16 14:14:19.186][VERB] COMMANDCALL: _C.SafeAPI.Execute(["v1.sketch.point",[{"pos":[-1000,-1000,0],"id":8285}]])
[0m[0;32m[2026-09-16 14:14:19.187][VERB] RETURN: {"result":"$8294"}
[0m[0;32m[2026-09-16 14:14:19.187][VERB] COMMANDCALL: _C.SafeAPI.Execute(["v1.sketch.constraint",[{"type":"FIXATION","id":8285,"geomIds":[8294]}]])
[0m[0;32m[2026-09-16 14:14:19.188][VERB] RETURN: {"result":"$8296"}
[0m[0;32m[2026-09-16 14:14:19.188][VERB] COMMANDCALL: _C.SafeAPI.Execute(["v1.sketch.dimension",[{"type":"HORIZONTAL_DISTANCE","value":"@expr.d600_position_x","name":"position_x","id":8285,"geomIds":[8294,8292]}]])
[0m[0;32m[2026-09-16 14:14:19.192][VERB] RETURN: {"result":"$8300"}
[0m[0;32m[2026-09-16 14:14:19.193][VERB] COMMANDCALL: _C.SafeAPI.Execute(["v1.sketch.dimension",[{"type":"VERTICAL_DISTANCE","value":"@expr.d601_position_y","name":"position_y","id":8285,"geomIds":[8294,8292]}]])
[0m[0;32m[2026-09-16 14:14:19.197][VERB] RETURN: {"result":"$8304"}
[0m[0;32m[2026-09-16 14:14:19.197][VERB] COMMANDCALL: _C.SafeAPI.Execute(["v1.sketch.dimension",[{"type":"RADIUS","value":"@expr.d602_radius","name":"radius","id":8285,"geomIds":[8291]}]])
[0m[0;32m[2026-09-16 14:14:19.202][VERB] RETURN: {"result":"$8308"}
[0m[0;32m[2026-09-16 14:14:19.203][VERB] COMMANDCALL: _C.SafeAPI.Execute(["v1.part.extrusion",[{"references":[8291],"name":"F598_makeCylinder_cad_primitives_py_12","taperAngle":0,"limit2":"@expr.d603_height","id":4}]])
[0m[0;32m[2026-09-16 14:14:19.209][VERB] RETURN: {"result":"$8312"}
[0m[0;32m[2026-09-16 14:14:19.209][VERB] COMMANDCALL: _C.SafeAPI.Execute(["v1.part.boolean",[{"type":"SUBTRACTION","tools":[8312],"target":8236,"name":"F590_cut_housing_shell_py_48","id":4}]])
[0m[0;32m[2026-09-16 14:14:19.215][VERB] RETURN: {"result":"$8334"}
[0m[0;32m[2026-09-16 14:14:19.215][VERB] COMMANDCALL: _C.SafeAPI.Execute(["v1.part.workPlane",[{"type":"PLANE","references":[38],"name":"F604_makeCylinder_cad_primitives_py_12_plane","offset":"@expr.d605_plane_offset","id":4}]])
[0m[0;32m[2026-09-16 14:14:19.220][VERB] RETURN: {"result":"$8352"}
[0m[0;32m[2026-09-16 14:14:19.220][VERB] COMMANDCALL: _C.SafeAPI.Execute(["v1.sketch.create",[{"planeId":8352,"name":"F604_makeCylinder_cad_primitives_py_12_profile","id":4}]])
[0m[0;32m[2026-09-16 14:14:19.222][VERB] RETURN: {"result":"$8358"}
[0m[0;32m[2026-09-16 14:14:19.222][VERB] COMMANDCALL: _C.SafeAPI.Execute(["v1.sketch.circle",[{"radius":4.5,"id":8358,"genFixation":0,"centerPos":[86.8,38.9,0]}]])
[0m[0;32m[2026-09-16 14:14:19.223][VERB] RETURN: {"result":"$8364"}
[0m[0;32m[2026-09-16 14:14:19.224][VERB] COMMANDCALL: _C.SafeAPI.Execute(["v1.sketch.getPoints",[{"id":8364}]])
[0m[0;32m[2026-09-16 14:14:19.224][VERB] RETURN: {"result":{"centerId":"$8365"}}
[0m[0;32m[2026-09-16 14:14:19.224][VERB] COMMANDCALL: _C.SafeAPI.Execute(["v1.sketch.point",[{"pos":[-1000,-1000,0],"id":8358}]])
[0m[0;32m[2026-09-16 14:14:19.225][VERB] RETURN: {"result":"$8367"}
[0m[0;32m[2026-09-16 14:14:19.225][VERB] COMMANDCALL: _C.SafeAPI.Execute(["v1.sketch.constraint",[{"type":"FIXATION","id":8358,"geomIds":[8367]}]])
[0m[0;32m[2026-09-16 14:14:19.226][VERB] RETURN: {"result":"$8369"}
[0m[0;32m[2026-09-16 14:14:19.226][VERB] COMMANDCALL: _C.SafeAPI.Execute(["v1.sketch.dimension",[{"type":"HORIZONTAL_DISTANCE","value":"@expr.d606_position_x","name":"position_x","id":8358,"geomIds":[8367,8365]}]])
[0m[0;32m[2026-09-16 14:14:19.230][VERB] RETURN: {"result":"$8373"}
[0m[0;32m[2026-09-16 14:14:19.231][VERB] COMMANDCALL: _C.SafeAPI.Execute(["v1.sketch.dimension",[{"type":"VERTICAL_DISTANCE","value":"@expr.d607_position_y","name":"position_y","id":8358,"geomIds":[8367,8365]}]])
[0m[0;32m[2026-09-16 14:14:19.235][VERB] RETURN: {"result":"$8377"}
[0m[0;32m[2026-09-16 14:14:19.236][VERB] COMMANDCALL: _C.SafeAPI.Execute(["v1.sketch.dimension",[{"type":"RADIUS","value":"@expr.d608_radius","name":"radius","id":8358,"geomIds":[8364]}]])
[0m[0;32m[2026-09-16 14:14:19.240][VERB] RETURN: {"result":"$8381"}
[0m[0;32m[2026-09-16 14:14:19.241][VERB] COMMANDCALL: _C.SafeAPI.Execute(["v1.part.extrusion",[{"references":[8364],"name":"F604_makeCylinder_cad_primitives_py_12","taperAngle":0,"limit2":"@expr.d609_height","id":4}]])
[0m[0;32m[2026-09-16 14:14:19.247][VERB] RETURN: {"result":"$8385"}
[0m[0;32m[2026-09-16 14:14:19.247][VERB] COMMANDCALL: _C.SafeAPI.Execute(["v1.part.workPlane",[{"type":"PLANE","references":[38],"name":"F610_makeBox_cad_primitives_py_8_plane","offset":"@expr.d611_plane_offset","id":4}]])
[0m[0;32m[2026-09-16 14:14:19.251][VERB] RETURN: {"result":"$8407"}
[0m[0;32m[2026-09-16 14:14:19.251][VERB] COMMANDCALL: _C.SafeAPI.Execute(["v1.sketch.create",[{"planeId":8407,"name":"F610_makeBox_cad_primitives_py_8_profile","id":4}]])
[0m[0;32m[2026-09-16 14:14:19.253][VERB] RETURN: {"result":"$8413"}
[0m[0;32m[2026-09-16 14:14:19.253][VERB] COMMANDCALL: _C.SafeAPI.Execute(["v1.sketch.rectangle",[{"startPos":[86.8,30,0],"id":8413,"genFixation":0,"endPos":[92.5,43,0]}]])
[0m[0;32m[2026-09-16 14:14:19.260][VERB] RETURN: {"result":["$8419","$8423","$8429","$8435"]}
[0m[0;32m[2026-09-16 14:14:19.260][VERB] COMMANDCALL: _C.SafeAPI.Execute(["v1.sketch.getPoints",[{"id":8419}]])
[0m[0;32m[2026-09-16 14:14:19.260][VERB] RETURN: {"result":{"endId":"$8421","startId":"$8420"}}
[0m[0;32m[2026-09-16 14:14:19.260][VERB] COMMANDCALL: _C.SafeAPI.Execute(["v1.sketch.point",[{"pos":[-1000,-1000,0],"id":8413}]])
[0m[0;32m[2026-09-16 14:14:19.262][VERB] RETURN: {"result":"$8451"}
[0m[0;32m[2026-09-16 14:14:19.262][VERB] COMMANDCALL: _C.SafeAPI.Execute(["v1.sketch.constraint",[{"type":"FIXATION","id":8413,"geomIds":[8451]}]])
[0m[0;32m[2026-09-16 14:14:19.263][VERB] RETURN: {"result":"$8453"}
[0m[0;32m[2026-09-16 14:14:19.264][VERB] COMMANDCALL: _C.SafeAPI.Execute(["v1.sketch.dimension",[{"type":"HORIZONTAL_DISTANCE","value":"@expr.d612_position_x","name":"position_x","id":8413,"geomIds":[8451,8420]}]])
[0m[0;32m[2026-09-16 14:14:19.269][VERB] RETURN: {"result":"$8457"}
[0m[0;32m[2026-09-16 14:14:19.269][VERB] COMMANDCALL: _C.SafeAPI.Execute(["v1.sketch.dimension",[{"type":"VERTICAL_DISTANCE","value":"@expr.d613_position_y","name":"position_y","id":8413,"geomIds":[8451,8420]}]])
[0m[0;32m[2026-09-16 14:14:19.275][VERB] RETURN: {"result":"$8461"}
[0m[0;32m[2026-09-16 14:14:19.275][VERB] COMMANDCALL: _C.SafeAPI.Execute(["v1.sketch.dimension",[{"type":"OFFSET","value":"@expr.d614_width","name":"width","id":8413,"geomIds":[8419]}]])
[0m[0;32m[2026-09-16 14:14:19.282][VERB] RETURN: {"result":"$8465"}
[0m[0;32m[2026-09-16 14:14:19.282][VERB] COMMANDCALL: _C.SafeAPI.Execute(["v1.sketch.dimension",[{"type":"OFFSET","value":"@expr.d615_depth","name":"depth","id":8413,"geomIds":[8423]}]])
[0m[0;32m[2026-09-16 14:14:19.290][VERB] RETURN: {"result":"$8469"}
[0m[0;32m[2026-09-16 14:14:19.290][VERB] COMMANDCALL: _C.SafeAPI.Execute(["v1.part.extrusion",[{"references":[8419,8423,8429,8435],"name":"F610_makeBox_cad_primitives_py_8","taperAngle":0,"limit2":"@expr.d616_height","id":4}]])
[0m[0;32m[2026-09-16 14:14:19.296][VERB] RETURN: {"result":"$8473"}
[0m[0;32m[2026-09-16 14:14:19.296][VERB] COMMANDCALL: _C.SafeAPI.Execute(["v1.part.boolean",[{"type":"UNION","tools":[6231,6307,6362,6417,6472,6560,6669,6745,6800,6855,6910,6998,7107,7183,7238,7293,7348,7436,7545,7752,7836,7945,8152,8334,8385,8473],"target":6122,"name":"F419_union_cad_primitives_py_17","id":4}]])
[0m[0;32m[2026-09-16 14:14:19.338][VERB] RETURN: {"result":"$8516"}
[0m[2026-09-16 14:14:19.493][DEBUG] Build graphic in: 106ms
[0;32m[2026-09-16 14:14:19.519][VERB] COMMANDCALL: _C.SafeAPI.Execute(["v1.part.chamfer",[{"references":[8823,9034,8933,9097,8625,9098,8780,8794,8793,8705,8781,8670,8680,8814,8813,9084,9083,9077,9073,9121,9120,9155,9154,9022,9090,8994,9032,9150,9151,9152,9153],"name":"F418_chamfer_shell_skin_py_17","id":4,"distance1":"@expr.d617_ch ...
[0m[0;32m[2026-09-16 14:14:19.899][VERB] RETURN: {"result":"$9169"}
[0m[0;32m[2026-09-16 14:14:19.900][VERB] COMMANDCALL: _C.SafeAPI.Execute(["v1.part.boolean",[{"type":"INTERSECTION","tools":[9169],"target":5967,"name":"F381_common_housing_shell_py_61","id":4}]])
[0m[0;32m[2026-09-16 14:14:19.923][VERB] [What to do in that case?] 
Function: CADH_IntersectSolidNew
File: /Users/dev/dev/awv/classcad/runtime/Source/BaseSystemSTL/c/CADH_Service.cpp,     Line: 2754
[0m[0;31m[2026-09-16 14:14:19.924][ERROR] [Evaluation error in Intersection.CreateCCOperation::PROC:[What to do in that case?] 
Function: CADH_IntersectSolidNew
File: /Users/dev/dev/awv/classcad/runtime/Source/BaseSystemSTL/c/CADH_Service.cpp,     Line: 2754] 
[0m[0;32m[2026-09-16 14:14:19.925][VERB] RETURN: {"maxLevel":51,"messages":[{"message":"[Evaluation error in Intersection.CreateCCOperation::PROC:[What to do in that case?] \nFunction: CADH_IntersectSolidNew\nFile: /Users/dev/dev/awv/classcad/runtime/Source/BaseSystemSTL/c/CADH_Service.cpp,     Line: 2754] ","code":0,"level":51,"api": ...
[0m[0;32m[2026-09-16 14:14:19.927][VERB] 0x74fec33480 SetZeichnung
[0m[0;32m[2026-09-16 14:14:19.927][VERB] COMMANDCALL: _C.SafeAPI.Execute(["v1.common.clear",[{}]])
[0m[0;32m[2026-09-16 14:14:19.927][VERB] RETURN: {"result":null}
[0m[0;32m[2026-09-16 14:14:19.941][VERB] 0x74fec32b80 Delete Zeichnung
[0m[0;32m[2026-09-16 14:14:19.941][VERB] 0x0 SetZeichnung
[0m[0;32m[2026-09-16 14:14:19.941][VERB] 0x74fec33480 Delete Zeichnung
[0m
