[0;32m[2026-09-16 14:18:53.393][INFO] STARTING CLASSCAD...
[0m[0;32m[2026-09-16 14:18:53.393][INFO] Current working directory  : /Users/dev/dev/awv/classcad
[0m[0;32m[2026-09-16 14:18:53.393][INFO] Config file: /Users/dev/dev/awv/classcad/.classcad.ini
[0m[0;32m[2026-09-16 14:18:53.393][INFO] Config file: /Users/dev/dev/awv/classcad/.classcad.ini
[0m[0;32m[2026-09-16 14:18:53.393][INFO] Config file: /Users/dev/dev/awv/classcad/.classcad.user.ini
[0m[0;32m[2026-09-16 14:18:53.393][INFO] Config file: /Users/dev/dev/awv/classcad-ai/workspace/training/2026-09-16_12-50-53_pvs-cavity-boolean/worker-smlib9.ini
[0m[0;32m[2026-09-16 14:18:53.393][INFO] Ensure CompressionService is loaded
[0m[0;32m[2026-09-16 14:18:53.393][INFO] Ensure JWTService is loaded
[0m[0;32m[2026-09-16 14:18:53.393][INFO] Run the command 'worker'
[0m[0;32m[2026-09-16 14:18:53.393][INFO] Current working directory  : /Users/dev/dev/awv/classcad
[0m[0;32m[2026-09-16 14:18:53.393][INFO] Executable | file name     : classcad-cli
[0m[0;32m[2026-09-16 14:18:53.393][INFO] Executable | file path     : /Users/dev/dev/awv/classcad/runtime/output/arm64-osx-clang/release/classcad-cli
[0m[0;32m[2026-09-16 14:18:53.393][INFO] Executable | directory     : /Users/dev/dev/awv/classcad/runtime/output/arm64-osx-clang/release
[0m[0;32m[2026-09-16 14:18:53.393][INFO] Config | verbose file name : /Users/dev/dev/awv/classcad-ai/workspace/training/2026-09-16_12-50-53_pvs-cavity-boolean/files/worker.log
[0m[0;32m[2026-09-16 14:18:53.393][INFO] Config | verbose level     : 16583
[0m[0;32m[2026-09-16 14:18:53.393][INFO] Config | log level         : debug
[0m[0;32m[2026-09-16 14:18:53.393][INFO] Config | data path         : ./data
[0m[0;32m[2026-09-16 14:18:53.393][INFO] Config | class path        : 
[0m[0;32m[2026-09-16 14:18:53.394][INFO] Config | classes system    : ./cclasses/Source;System;Common.*;BaseModeling.*;CAD;Sheet;
[0m[0;32m[2026-09-16 14:18:53.394][INFO] Config | classes user      : ./cclasses/Source/Tests;*;
[0m[0;32m[2026-09-16 14:18:53.394][INFO] Config | classes user      : ./standalone/t3d/Source;T3D.*;T3DSolidEditor.*;T3DSolidEditor;T3DTesting;GTC.*;ISO_Tool.*;ISOChecker.*;
[0m[0;32m[2026-09-16 14:18:53.394][INFO] Config | classes user      : ./cclasses/Source/FeatureModeler;*;
[0m[0;32m[2026-09-16 14:18:53.434][VERB] libSMLibService_9.x.dylib is loaded
[0m[0;32m[2026-09-16 14:18:53.435][VERB] libSMLibExpressService_9.x.dylib is loaded
[0m[0;32m[2026-09-16 14:18:53.436][VERB] libBrepSimplificationService_9.x.dylib is loaded
[0m[0;32m[2026-09-16 14:18:53.437][VERB] libECXMLService.dylib is loaded
[0m[0;32m[2026-09-16 14:18:53.438][VERB] libJWTService.dylib is loaded
[0m[0;32m[2026-09-16 14:18:53.438][VERB] libGenericService.dylib is loaded
[0m[0;32m[2026-09-16 14:18:53.439][VERB] libLGSService.dylib is loaded
[0m[0;32m[2026-09-16 14:18:53.440][VERB] libLGS3DService.dylib is loaded
[0m[0;32m[2026-09-16 14:18:53.443][VERB] libIDEConnectionService.dylib is loaded
[0m[2026-09-16 14:18:53] [info] asio listen error: system:48 (Address already in use)
[0;32m[2026-09-16 14:18:53.443][VERB] libRapidXmlService.dylib is loaded
[0m[0;32m[2026-09-16 14:18:53.443][VERB] libNetworkService.dylib is loaded
[0m[0;32m[2026-09-16 14:18:53.444][VERB] libTestService.dylib is loaded
[0m[0;31m[2026-09-16 14:18:53.445][ERROR] The Service-DLL DxfService could not be loaded.
ErrorCode: dlopen(DxfServiced.dylib, 0x0001): tried: 'DxfServiced.dylib' (no such file), '/System/Volumes/Preboot/Cryptexes/OSDxfServiced.dylib' (no such file), '/Users/dev/dev/awv/classcad/runtime/output/arm64-osx-clang/release/DxfServiced.dylib' (no such file), '/Users/dev/dev/awv/classcad/runtime/output/arm64-osx-clang/release/DxfServiced.dylib' (no such file), '/usr/lib/DxfServiced.dylib' (no such file, not in dyld cache), 'DxfServiced.dylib' (no such file)
The service functions of this DLL are therefore not available.
[0m[0;32m[2026-09-16 14:18:53.445][VERB] libCryptoRtService.dylib is loaded
[0m[0;31m[2026-09-16 14:18:53.445][ERROR] The Service-DLL CryptoDevService could not be loaded.
ErrorCode: dlopen(CryptoDevServiced.dylib, 0x0001): tried: 'CryptoDevServiced.dylib' (no such file), '/System/Volumes/Preboot/Cryptexes/OSCryptoDevServiced.dylib' (no such file), '/Users/dev/dev/awv/classcad/runtime/output/arm64-osx-clang/release/CryptoDevServiced.dylib' (no such file), '/Users/dev/dev/awv/classcad/runtime/output/arm64-osx-clang/release/CryptoDevServiced.dylib' (no such file), '/usr/lib/CryptoDevServiced.dylib' (no such file, not in dyld cache), 'CryptoDevServiced.dylib' (no such file)
The service functions of this DLL are therefore not available.
[0m[0;33m[2026-09-16 14:18:53.456][WARN] Path does not exist '/Users/dev/dev/awv/classcad/standalone/t3d/Source'. It is defined for class path 't3d'.
[0m[0;32m[2026-09-16 14:18:53.457][INFO] Load classes for 'system' from '/Users/dev/dev/awv/classcad/cclasses/Source'
[0m[0;32m[2026-09-16 14:18:53.593][INFO] Load classes for 'tests' from '/Users/dev/dev/awv/classcad/cclasses/Source/Tests'
[0m[0;32m[2026-09-16 14:18:53.688][INFO] Load classes for 't3d' from '/Users/dev/dev/awv/classcad/standalone/t3d/Source'
[0m[0;33m[2026-09-16 14:18:53.688][WARN] Tried to load from invalid class path 't3d'
[0m[0;32m[2026-09-16 14:18:53.688][INFO] Load classes for 'fm' from '/Users/dev/dev/awv/classcad/cclasses/Source/FeatureModeler'
[0m[0;32m[2026-09-16 14:18:53.704][VERB] 0x766cc2f600 Create Zeichnung
[0m[0;32m[2026-09-16 14:18:53.704][VERB] 0x766cc2f600 SetZeichnung
[0m[0;32m[2026-09-16 14:18:53.704][VERB] Grundklasse::InitApplication was successful.
[0m[0;32m[2026-09-16 14:18:53.705][VERB] [info] Initializing BaseModelerApp
[0m[0;32m[2026-09-16 14:18:53.705][VERB] Change application string/text encoding to UTF-8
[0m[0;32m[2026-09-16 14:18:53.705][VERB] [info] Developer mode is active
[0m[0;32m[2026-09-16 14:18:53.705][VERB] [info] Initializing BuerliDemoApp
[0m[0;32m[2026-09-16 14:18:53.705][VERB] API v0/common already registered!
[0m[0;32m[2026-09-16 14:18:53.705][VERB] API v0/basemodeler already registered!
[0m[0;32m[2026-09-16 14:18:53.706][VERB] Registered API's:
[0m[0;32m[2026-09-16 14:18:53.706][VERB]   v0
[0m[0;32m[2026-09-16 14:18:53.706][VERB]     assemblybuilder
[0m[0;32m[2026-09-16 14:18:53.706][VERB]     basemodeler
[0m[0;32m[2026-09-16 14:18:53.706][VERB]     common
[0m[0;32m[2026-09-16 14:18:53.706][VERB]     developer
[0m[0;32m[2026-09-16 14:18:53.706][VERB]     drawing2d
[0m[0;32m[2026-09-16 14:18:53.706][VERB]     feature
[0m[0;32m[2026-09-16 14:18:53.706][VERB]     geometry
[0m[0;32m[2026-09-16 14:18:53.706][VERB]     geometryformatconverter
[0m[0;32m[2026-09-16 14:18:53.706][VERB]     network
[0m[0;32m[2026-09-16 14:18:53.706][VERB]     sketcher
[0m[0;32m[2026-09-16 14:18:53.706][VERB]     solid
[0m[0;32m[2026-09-16 14:18:53.706][VERB]     tooling
[0m[0;32m[2026-09-16 14:18:53.706][VERB]   v1
[0m[0;32m[2026-09-16 14:18:53.706][VERB]     assembly
[0m[0;32m[2026-09-16 14:18:53.706][VERB]     brep
[0m[0;32m[2026-09-16 14:18:53.706][VERB]     common
[0m[0;32m[2026-09-16 14:18:53.706][VERB]     curve
[0m[0;32m[2026-09-16 14:18:53.706][VERB]     drawing2d
[0m[0;32m[2026-09-16 14:18:53.706][VERB]     part
[0m[0;32m[2026-09-16 14:18:53.706][VERB]     script
[0m[0;32m[2026-09-16 14:18:53.706][VERB]     sketch
[0m[0;32m[2026-09-16 14:18:53.706][VERB]     solid
[0m[0;32m[2026-09-16 14:18:53.706][VERB]     utils
[0m[0;32m[2026-09-16 14:18:53.707][VERB] 0x766cc2fa80 Create Zeichnung
[0m[0;32m[2026-09-16 14:18:53.707][VERB] 0x766cc2fa80 SetZeichnung
[0m[0;32m[2026-09-16 14:18:53.707][INFO] WorkerCommandCompletion: 824 completion candidates built
[0m[0;32m[2026-09-16 14:18:53.707][INFO] Server start listen on 0.0.0.0:19094 for http and ws connections
[0m[0;32m[2026-09-16 14:18:53.707][INFO] Server start listen on 0.0.0.0:19095 for https and wss connections
[0m[0;32m[2026-09-16 14:18:53.870][INFO] GET /
[0m[0;32m[2026-09-16 14:18:53.870][VERB] 0x766cc2f180 Create Zeichnung
[0m[0;32m[2026-09-16 14:18:53.870][INFO] WS handleNewConnection: created main session="c8dad130-242b-49fb-8789-de7a395a0337"
[0m[0;32m[2026-09-16 14:18:53.872][INFO] GET /
[0m[0;32m[2026-09-16 14:18:53.872][VERB] 0x766cc2f780 Create Zeichnung
[0m[0;32m[2026-09-16 14:18:53.872][INFO] WS handleNewConnection: created main session="199f0bb7-c963-4743-814c-be1295bab334"
[0m[0;32m[2026-09-16 14:18:53.879][VERB] 0x766cc2f780 SetZeichnung
[0m[0;32m[2026-09-16 14:18:53.879][VERB] COMMANDCALL: _C.SafeAPI.Execute(["v1.part.create",[{"name":"Base"}]])
[0m[0;32m[2026-09-16 14:18:53.892][VERB] RETURN: {"result":"$4"}
[0m[0;32m[2026-09-16 14:18:53.919][VERB] COMMANDCALL: _C.SafeAPI.Execute(["v1.part.expression",[{"toCreate":[{"value":22,"name":"display_1"},{"value":11,"name":"eye_offset_y"},{"value":8,"name":"eye_offset_z"},{"value":11,"name":"diopter_width"},{"value":1.6,"name":"hub_2"},{"value":2.54,"name":"perf_pitch"},{"value":4.22,"name":"perf ...
[0m[0;32m[2026-09-16 14:18:54.081][VERB] RETURN: {"result":1}
[0m[0;32m[2026-09-16 14:18:54.082][VERB] COMMANDCALL: _C.SafeAPI.Execute(["v1.part.getWorkGeometry",[{"name":"XAxis","id":4}]])
[0m[0;32m[2026-09-16 14:18:54.082][VERB] RETURN: {"result":"$26"}
[0m[0;32m[2026-09-16 14:18:54.083][VERB] COMMANDCALL: _C.SafeAPI.Execute(["v1.part.getWorkGeometry",[{"name":"YAxis","id":4}]])
[0m[0;32m[2026-09-16 14:18:54.083][VERB] RETURN: {"result":"$30"}
[0m[0;32m[2026-09-16 14:18:54.083][VERB] COMMANDCALL: _C.SafeAPI.Execute(["v1.part.getWorkGeometry",[{"name":"ZAxis","id":4}]])
[0m[0;32m[2026-09-16 14:18:54.084][VERB] RETURN: {"result":"$34"}
[0m[0;32m[2026-09-16 14:18:54.084][VERB] COMMANDCALL: _C.SafeAPI.Execute(["v1.part.getWorkGeometry",[{"name":"Top","id":4}]])
[0m[0;32m[2026-09-16 14:18:54.084][VERB] RETURN: {"result":"$38"}
[0m[0;32m[2026-09-16 14:18:54.084][VERB] COMMANDCALL: _C.SafeAPI.Execute(["v1.part.getWorkGeometry",[{"name":"Front","id":4}]])
[0m[0;32m[2026-09-16 14:18:54.084][VERB] RETURN: {"result":"$42"}
[0m[0;32m[2026-09-16 14:18:54.085][VERB] COMMANDCALL: _C.SafeAPI.Execute(["v1.part.getWorkGeometry",[{"name":"Right","id":4}]])
[0m[0;32m[2026-09-16 14:18:54.085][VERB] RETURN: {"result":"$46"}
[0m[0;32m[2026-09-16 14:18:54.086][VERB] COMMANDCALL: _C.SafeAPI.Execute(["v1.part.workPlane",[{"type":"PLANE","references":[38],"name":"F65_makeBox_cad_primitives_py_8_plane","offset":"@expr.d66_plane_offset","id":4}]])
[0m[0;32m[2026-09-16 14:18:54.091][VERB] RETURN: {"result":"$56"}
[0m[0;32m[2026-09-16 14:18:54.091][VERB] COMMANDCALL: _C.SafeAPI.Execute(["v1.sketch.create",[{"planeId":56,"name":"F65_makeBox_cad_primitives_py_8_profile","id":4}]])
[0m[0;32m[2026-09-16 14:18:54.094][VERB] RETURN: {"result":"$62"}
[0m[0;32m[2026-09-16 14:18:54.094][VERB] COMMANDCALL: _C.SafeAPI.Execute(["v1.sketch.rectangle",[{"startPos":[1.4,-1.3,0],"id":62,"genFixation":0,"endPos":[52.4,27.3,0]}]])
[0m[0;32m[2026-09-16 14:18:54.102][VERB] RETURN: {"result":["$68","$72","$78","$84"]}
[0m[0;32m[2026-09-16 14:18:54.103][VERB] COMMANDCALL: _C.SafeAPI.Execute(["v1.sketch.getPoints",[{"id":68}]])
[0m[0;32m[2026-09-16 14:18:54.103][VERB] RETURN: {"result":{"endId":"$70","startId":"$69"}}
[0m[0;32m[2026-09-16 14:18:54.103][VERB] COMMANDCALL: _C.SafeAPI.Execute(["v1.sketch.point",[{"pos":[-1000,-1000,0],"id":62}]])
[0m[0;32m[2026-09-16 14:18:54.105][VERB] RETURN: {"result":"$100"}
[0m[0;32m[2026-09-16 14:18:54.106][VERB] COMMANDCALL: _C.SafeAPI.Execute(["v1.sketch.constraint",[{"type":"FIXATION","id":62,"geomIds":[100]}]])
[0m[0;32m[2026-09-16 14:18:54.108][VERB] RETURN: {"result":"$102"}
[0m[0;32m[2026-09-16 14:18:54.108][VERB] COMMANDCALL: _C.SafeAPI.Execute(["v1.sketch.dimension",[{"type":"HORIZONTAL_DISTANCE","value":"@expr.d67_position_x","name":"position_x","id":62,"geomIds":[100,69]}]])
[0m[0;32m[2026-09-16 14:18:54.117][VERB] RETURN: {"result":"$106"}
[0m[0;32m[2026-09-16 14:18:54.117][VERB] COMMANDCALL: _C.SafeAPI.Execute(["v1.sketch.dimension",[{"type":"VERTICAL_DISTANCE","value":"@expr.d68_position_y","name":"position_y","id":62,"geomIds":[100,69]}]])
[0m[0;32m[2026-09-16 14:18:54.123][VERB] RETURN: {"result":"$110"}
[0m[0;32m[2026-09-16 14:18:54.123][VERB] COMMANDCALL: _C.SafeAPI.Execute(["v1.sketch.dimension",[{"type":"OFFSET","value":"@expr.d69_width","name":"width","id":62,"geomIds":[68]}]])
[0m[0;32m[2026-09-16 14:18:54.130][VERB] RETURN: {"result":"$114"}
[0m[0;32m[2026-09-16 14:18:54.131][VERB] COMMANDCALL: _C.SafeAPI.Execute(["v1.sketch.dimension",[{"type":"OFFSET","value":"@expr.d70_depth","name":"depth","id":62,"geomIds":[72]}]])
[0m[0;32m[2026-09-16 14:18:54.138][VERB] RETURN: {"result":"$118"}
[0m[0;32m[2026-09-16 14:18:54.140][VERB] COMMANDCALL: _C.SafeAPI.Execute(["v1.part.extrusion",[{"references":[68,72,78,84],"name":"F65_makeBox_cad_primitives_py_8","taperAngle":0,"limit2":"@expr.d71_height","id":4}]])
[0m[0;32m[2026-09-16 14:18:54.147][VERB] RETURN: {"result":"$122"}
[0m[0;32m[2026-09-16 14:18:54.147][VERB] COMMANDCALL: _C.SafeAPI.Execute(["v1.part.workPlane",[{"type":"PLANE","references":[38],"name":"F72_makeBox_cad_primitives_py_8_plane","offset":"@expr.d73_plane_offset","id":4}]])
[0m[0;32m[2026-09-16 14:18:54.150][VERB] RETURN: {"result":"$165"}
[0m[0;32m[2026-09-16 14:18:54.150][VERB] COMMANDCALL: _C.SafeAPI.Execute(["v1.sketch.create",[{"planeId":165,"name":"F72_makeBox_cad_primitives_py_8_profile","id":4}]])
[0m[0;32m[2026-09-16 14:18:54.153][VERB] RETURN: {"result":"$171"}
[0m[0;32m[2026-09-16 14:18:54.153][VERB] COMMANDCALL: _C.SafeAPI.Execute(["v1.sketch.rectangle",[{"startPos":[-1.3,1.4,0],"id":171,"genFixation":0,"endPos":[55.1,24.6,0]}]])
[0m[0;32m[2026-09-16 14:18:54.159][VERB] RETURN: {"result":["$177","$181","$187","$193"]}
[0m[0;32m[2026-09-16 14:18:54.159][VERB] COMMANDCALL: _C.SafeAPI.Execute(["v1.sketch.getPoints",[{"id":177}]])
[0m[0;32m[2026-09-16 14:18:54.160][VERB] RETURN: {"result":{"endId":"$179","startId":"$178"}}
[0m[0;32m[2026-09-16 14:18:54.160][VERB] COMMANDCALL: _C.SafeAPI.Execute(["v1.sketch.point",[{"pos":[-1000,-1000,0],"id":171}]])
[0m[0;32m[2026-09-16 14:18:54.161][VERB] RETURN: {"result":"$209"}
[0m[0;32m[2026-09-16 14:18:54.162][VERB] COMMANDCALL: _C.SafeAPI.Execute(["v1.sketch.constraint",[{"type":"FIXATION","id":171,"geomIds":[209]}]])
[0m[0;32m[2026-09-16 14:18:54.163][VERB] RETURN: {"result":"$211"}
[0m[0;32m[2026-09-16 14:18:54.163][VERB] COMMANDCALL: _C.SafeAPI.Execute(["v1.sketch.dimension",[{"type":"HORIZONTAL_DISTANCE","value":"@expr.d74_position_x","name":"position_x","id":171,"geomIds":[209,178]}]])
[0m[0;32m[2026-09-16 14:18:54.169][VERB] RETURN: {"result":"$215"}
[0m[0;32m[2026-09-16 14:18:54.169][VERB] COMMANDCALL: _C.SafeAPI.Execute(["v1.sketch.dimension",[{"type":"VERTICAL_DISTANCE","value":"@expr.d75_position_y","name":"position_y","id":171,"geomIds":[209,178]}]])
[0m[0;32m[2026-09-16 14:18:54.175][VERB] RETURN: {"result":"$219"}
[0m[0;32m[2026-09-16 14:18:54.175][VERB] COMMANDCALL: _C.SafeAPI.Execute(["v1.sketch.dimension",[{"type":"OFFSET","value":"@expr.d76_width","name":"width","id":171,"geomIds":[177]}]])
[0m[0;32m[2026-09-16 14:18:54.182][VERB] RETURN: {"result":"$223"}
[0m[0;32m[2026-09-16 14:18:54.182][VERB] COMMANDCALL: _C.SafeAPI.Execute(["v1.sketch.dimension",[{"type":"OFFSET","value":"@expr.d77_depth","name":"depth","id":171,"geomIds":[181]}]])
[0m[0;32m[2026-09-16 14:18:54.190][VERB] RETURN: {"result":"$227"}
[0m[0;32m[2026-09-16 14:18:54.190][VERB] COMMANDCALL: _C.SafeAPI.Execute(["v1.part.extrusion",[{"references":[177,181,187,193],"name":"F72_makeBox_cad_primitives_py_8","taperAngle":0,"limit2":"@expr.d78_height","id":4}]])
[0m[0;32m[2026-09-16 14:18:54.195][VERB] RETURN: {"result":"$231"}
[0m[0;32m[2026-09-16 14:18:54.195][VERB] COMMANDCALL: _C.SafeAPI.Execute(["v1.part.workPlane",[{"type":"PLANE","references":[38],"name":"F79_makeCylinder_cad_primitives_py_12_plane","offset":"@expr.d80_plane_offset","id":4}]])
[0m[0;32m[2026-09-16 14:18:54.199][VERB] RETURN: {"result":"$274"}
[0m[0;32m[2026-09-16 14:18:54.199][VERB] COMMANDCALL: _C.SafeAPI.Execute(["v1.sketch.create",[{"planeId":274,"name":"F79_makeCylinder_cad_primitives_py_12_profile","id":4}]])
[0m[0;32m[2026-09-16 14:18:54.201][VERB] RETURN: {"result":"$280"}
[0m[0;32m[2026-09-16 14:18:54.201][VERB] COMMANDCALL: _C.SafeAPI.Execute(["v1.sketch.circle",[{"radius":2.7,"id":280,"genFixation":0,"centerPos":[1.4,1.4,0]}]])
[0m[0;32m[2026-09-16 14:18:54.203][VERB] RETURN: {"result":"$286"}
[0m[0;32m[2026-09-16 14:18:54.203][VERB] COMMANDCALL: _C.SafeAPI.Execute(["v1.sketch.getPoints",[{"id":286}]])
[0m[0;32m[2026-09-16 14:18:54.203][VERB] RETURN: {"result":{"centerId":"$287"}}
[0m[0;32m[2026-09-16 14:18:54.203][VERB] COMMANDCALL: _C.SafeAPI.Execute(["v1.sketch.point",[{"pos":[-1000,-1000,0],"id":280}]])
[0m[0;32m[2026-09-16 14:18:54.204][VERB] RETURN: {"result":"$289"}
[0m[0;32m[2026-09-16 14:18:54.204][VERB] COMMANDCALL: _C.SafeAPI.Execute(["v1.sketch.constraint",[{"type":"FIXATION","id":280,"geomIds":[289]}]])
[0m[0;32m[2026-09-16 14:18:54.205][VERB] RETURN: {"result":"$291"}
[0m[0;32m[2026-09-16 14:18:54.205][VERB] COMMANDCALL: _C.SafeAPI.Execute(["v1.sketch.dimension",[{"type":"HORIZONTAL_DISTANCE","value":"@expr.d81_position_x","name":"position_x","id":280,"geomIds":[289,287]}]])
[0m[0;32m[2026-09-16 14:18:54.210][VERB] RETURN: {"result":"$295"}
[0m[0;32m[2026-09-16 14:18:54.210][VERB] COMMANDCALL: _C.SafeAPI.Execute(["v1.sketch.dimension",[{"type":"VERTICAL_DISTANCE","value":"@expr.d82_position_y","name":"position_y","id":280,"geomIds":[289,287]}]])
[0m[0;32m[2026-09-16 14:18:54.215][VERB] RETURN: {"result":"$299"}
[0m[0;32m[2026-09-16 14:18:54.215][VERB] COMMANDCALL: _C.SafeAPI.Execute(["v1.sketch.dimension",[{"type":"RADIUS","value":"@expr.d83_radius","name":"radius","id":280,"geomIds":[286]}]])
[0m[0;32m[2026-09-16 14:18:54.221][VERB] RETURN: {"result":"$303"}
[0m[0;32m[2026-09-16 14:18:54.222][VERB] COMMANDCALL: _C.SafeAPI.Execute(["v1.part.extrusion",[{"references":[286],"name":"F79_makeCylinder_cad_primitives_py_12","taperAngle":0,"limit2":"@expr.d84_height","id":4}]])
[0m[0;32m[2026-09-16 14:18:54.227][VERB] RETURN: {"result":"$307"}
[0m[0;32m[2026-09-16 14:18:54.227][VERB] COMMANDCALL: _C.SafeAPI.Execute(["v1.part.workPlane",[{"type":"PLANE","references":[38],"name":"F85_makeCylinder_cad_primitives_py_12_plane","offset":"@expr.d86_plane_offset","id":4}]])
[0m[0;32m[2026-09-16 14:18:54.230][VERB] RETURN: {"result":"$329"}
[0m[0;32m[2026-09-16 14:18:54.230][VERB] COMMANDCALL: _C.SafeAPI.Execute(["v1.sketch.create",[{"planeId":329,"name":"F85_makeCylinder_cad_primitives_py_12_profile","id":4}]])
[0m[0;32m[2026-09-16 14:18:54.232][VERB] RETURN: {"result":"$335"}
[0m[0;32m[2026-09-16 14:18:54.233][VERB] COMMANDCALL: _C.SafeAPI.Execute(["v1.sketch.circle",[{"radius":2.7,"id":335,"genFixation":0,"centerPos":[1.4,24.6,0]}]])
[0m[0;32m[2026-09-16 14:18:54.234][VERB] RETURN: {"result":"$341"}
[0m[0;32m[2026-09-16 14:18:54.234][VERB] COMMANDCALL: _C.SafeAPI.Execute(["v1.sketch.getPoints",[{"id":341}]])
[0m[0;32m[2026-09-16 14:18:54.234][VERB] RETURN: {"result":{"centerId":"$342"}}
[0m[0;32m[2026-09-16 14:18:54.234][VERB] COMMANDCALL: _C.SafeAPI.Execute(["v1.sketch.point",[{"pos":[-1000,-1000,0],"id":335}]])
[0m[0;32m[2026-09-16 14:18:54.235][VERB] RETURN: {"result":"$344"}
[0m[0;32m[2026-09-16 14:18:54.236][VERB] COMMANDCALL: _C.SafeAPI.Execute(["v1.sketch.constraint",[{"type":"FIXATION","id":335,"geomIds":[344]}]])
[0m[0;32m[2026-09-16 14:18:54.236][VERB] RETURN: {"result":"$346"}
[0m[0;32m[2026-09-16 14:18:54.237][VERB] COMMANDCALL: _C.SafeAPI.Execute(["v1.sketch.dimension",[{"type":"HORIZONTAL_DISTANCE","value":"@expr.d87_position_x","name":"position_x","id":335,"geomIds":[344,342]}]])
[0m[0;32m[2026-09-16 14:18:54.241][VERB] RETURN: {"result":"$350"}
[0m[0;32m[2026-09-16 14:18:54.241][VERB] COMMANDCALL: _C.SafeAPI.Execute(["v1.sketch.dimension",[{"type":"VERTICAL_DISTANCE","value":"@expr.d88_position_y","name":"position_y","id":335,"geomIds":[344,342]}]])
[0m[0;32m[2026-09-16 14:18:54.246][VERB] RETURN: {"result":"$354"}
[0m[0;32m[2026-09-16 14:18:54.246][VERB] COMMANDCALL: _C.SafeAPI.Execute(["v1.sketch.dimension",[{"type":"RADIUS","value":"@expr.d89_radius","name":"radius","id":335,"geomIds":[341]}]])
[0m[0;32m[2026-09-16 14:18:54.251][VERB] RETURN: {"result":"$358"}
[0m[0;32m[2026-09-16 14:18:54.252][VERB] COMMANDCALL: _C.SafeAPI.Execute(["v1.part.extrusion",[{"references":[341],"name":"F85_makeCylinder_cad_primitives_py_12","taperAngle":0,"limit2":"@expr.d90_height","id":4}]])
[0m[0;32m[2026-09-16 14:18:54.257][VERB] RETURN: {"result":"$362"}
[0m[0;32m[2026-09-16 14:18:54.257][VERB] COMMANDCALL: _C.SafeAPI.Execute(["v1.part.workPlane",[{"type":"PLANE","references":[38],"name":"F91_makeCylinder_cad_primitives_py_12_plane","offset":"@expr.d92_plane_offset","id":4}]])
[0m[0;32m[2026-09-16 14:18:54.260][VERB] RETURN: {"result":"$384"}
[0m[0;32m[2026-09-16 14:18:54.261][VERB] COMMANDCALL: _C.SafeAPI.Execute(["v1.sketch.create",[{"planeId":384,"name":"F91_makeCylinder_cad_primitives_py_12_profile","id":4}]])
[0m[0;32m[2026-09-16 14:18:54.263][VERB] RETURN: {"result":"$390"}
[0m[0;32m[2026-09-16 14:18:54.263][VERB] COMMANDCALL: _C.SafeAPI.Execute(["v1.sketch.circle",[{"radius":2.7,"id":390,"genFixation":0,"centerPos":[52.4,1.4,0]}]])
[0m[0;32m[2026-09-16 14:18:54.264][VERB] RETURN: {"result":"$396"}
[0m[0;32m[2026-09-16 14:18:54.264][VERB] COMMANDCALL: _C.SafeAPI.Execute(["v1.sketch.getPoints",[{"id":396}]])
[0m[0;32m[2026-09-16 14:18:54.264][VERB] RETURN: {"result":{"centerId":"$397"}}
[0m[0;32m[2026-09-16 14:18:54.264][VERB] COMMANDCALL: _C.SafeAPI.Execute(["v1.sketch.point",[{"pos":[-1000,-1000,0],"id":390}]])
[0m[0;32m[2026-09-16 14:18:54.265][VERB] RETURN: {"result":"$399"}
[0m[0;32m[2026-09-16 14:18:54.266][VERB] COMMANDCALL: _C.SafeAPI.Execute(["v1.sketch.constraint",[{"type":"FIXATION","id":390,"geomIds":[399]}]])
[0m[0;32m[2026-09-16 14:18:54.266][VERB] RETURN: {"result":"$401"}
[0m[0;32m[2026-09-16 14:18:54.267][VERB] COMMANDCALL: _C.SafeAPI.Execute(["v1.sketch.dimension",[{"type":"HORIZONTAL_DISTANCE","value":"@expr.d93_position_x","name":"position_x","id":390,"geomIds":[399,397]}]])
[0m[0;32m[2026-09-16 14:18:54.271][VERB] RETURN: {"result":"$405"}
[0m[0;32m[2026-09-16 14:18:54.271][VERB] COMMANDCALL: _C.SafeAPI.Execute(["v1.sketch.dimension",[{"type":"VERTICAL_DISTANCE","value":"@expr.d94_position_y","name":"position_y","id":390,"geomIds":[399,397]}]])
[0m[0;32m[2026-09-16 14:18:54.276][VERB] RETURN: {"result":"$409"}
[0m[0;32m[2026-09-16 14:18:54.276][VERB] COMMANDCALL: _C.SafeAPI.Execute(["v1.sketch.dimension",[{"type":"RADIUS","value":"@expr.d95_radius","name":"radius","id":390,"geomIds":[396]}]])
[0m[0;32m[2026-09-16 14:18:54.281][VERB] RETURN: {"result":"$413"}
[0m[0;32m[2026-09-16 14:18:54.281][VERB] COMMANDCALL: _C.SafeAPI.Execute(["v1.part.extrusion",[{"references":[396],"name":"F91_makeCylinder_cad_primitives_py_12","taperAngle":0,"limit2":"@expr.d96_height","id":4}]])
[0m[0;32m[2026-09-16 14:18:54.287][VERB] RETURN: {"result":"$417"}
[0m[0;32m[2026-09-16 14:18:54.287][VERB] COMMANDCALL: _C.SafeAPI.Execute(["v1.part.workPlane",[{"type":"PLANE","references":[38],"name":"F97_makeCylinder_cad_primitives_py_12_plane","offset":"@expr.d98_plane_offset","id":4}]])
[0m[0;32m[2026-09-16 14:18:54.290][VERB] RETURN: {"result":"$439"}
[0m[0;32m[2026-09-16 14:18:54.290][VERB] COMMANDCALL: _C.SafeAPI.Execute(["v1.sketch.create",[{"planeId":439,"name":"F97_makeCylinder_cad_primitives_py_12_profile","id":4}]])
[0m[0;32m[2026-09-16 14:18:54.292][VERB] RETURN: {"result":"$445"}
[0m[0;32m[2026-09-16 14:18:54.293][VERB] COMMANDCALL: _C.SafeAPI.Execute(["v1.sketch.circle",[{"radius":2.7,"id":445,"genFixation":0,"centerPos":[52.4,24.6,0]}]])
[0m[0;32m[2026-09-16 14:18:54.294][VERB] RETURN: {"result":"$451"}
[0m[0;32m[2026-09-16 14:18:54.294][VERB] COMMANDCALL: _C.SafeAPI.Execute(["v1.sketch.getPoints",[{"id":451}]])
[0m[0;32m[2026-09-16 14:18:54.294][VERB] RETURN: {"result":{"centerId":"$452"}}
[0m[0;32m[2026-09-16 14:18:54.294][VERB] COMMANDCALL: _C.SafeAPI.Execute(["v1.sketch.point",[{"pos":[-1000,-1000,0],"id":445}]])
[0m[0;32m[2026-09-16 14:18:54.295][VERB] RETURN: {"result":"$454"}
[0m[0;32m[2026-09-16 14:18:54.295][VERB] COMMANDCALL: _C.SafeAPI.Execute(["v1.sketch.constraint",[{"type":"FIXATION","id":445,"geomIds":[454]}]])
[0m[0;32m[2026-09-16 14:18:54.296][VERB] RETURN: {"result":"$456"}
[0m[0;32m[2026-09-16 14:18:54.296][VERB] COMMANDCALL: _C.SafeAPI.Execute(["v1.sketch.dimension",[{"type":"HORIZONTAL_DISTANCE","value":"@expr.d99_position_x","name":"position_x","id":445,"geomIds":[454,452]}]])
[0m[0;32m[2026-09-16 14:18:54.300][VERB] RETURN: {"result":"$460"}
[0m[0;32m[2026-09-16 14:18:54.301][VERB] COMMANDCALL: _C.SafeAPI.Execute(["v1.sketch.dimension",[{"type":"VERTICAL_DISTANCE","value":"@expr.d100_position_y","name":"position_y","id":445,"geomIds":[454,452]}]])
[0m[0;32m[2026-09-16 14:18:54.305][VERB] RETURN: {"result":"$464"}
[0m[0;32m[2026-09-16 14:18:54.306][VERB] COMMANDCALL: _C.SafeAPI.Execute(["v1.sketch.dimension",[{"type":"RADIUS","value":"@expr.d101_radius","name":"radius","id":445,"geomIds":[451]}]])
[0m[0;32m[2026-09-16 14:18:54.311][VERB] RETURN: {"result":"$468"}
[0m[0;32m[2026-09-16 14:18:54.311][VERB] COMMANDCALL: _C.SafeAPI.Execute(["v1.part.extrusion",[{"references":[451],"name":"F97_makeCylinder_cad_primitives_py_12","taperAngle":0,"limit2":"@expr.d102_height","id":4}]])
[0m[0;32m[2026-09-16 14:18:54.316][VERB] RETURN: {"result":"$472"}
[0m[0;32m[2026-09-16 14:18:54.316][VERB] COMMANDCALL: _C.SafeAPI.Execute(["v1.part.workPlane",[{"type":"PLANE","references":[38],"name":"F103_makeBox_cad_primitives_py_8_plane","offset":"@expr.d104_plane_offset","id":4}]])
[0m[0;32m[2026-09-16 14:18:54.320][VERB] RETURN: {"result":"$494"}
[0m[0;32m[2026-09-16 14:18:54.320][VERB] COMMANDCALL: _C.SafeAPI.Execute(["v1.sketch.create",[{"planeId":494,"name":"F103_makeBox_cad_primitives_py_8_profile","id":4}]])
[0m[0;32m[2026-09-16 14:18:54.322][VERB] RETURN: {"result":"$500"}
[0m[0;32m[2026-09-16 14:18:54.322][VERB] COMMANDCALL: _C.SafeAPI.Execute(["v1.sketch.rectangle",[{"startPos":[1.4,20.1,0],"id":500,"genFixation":0,"endPos":[56.4,65.9,0]}]])
[0m[0;32m[2026-09-16 14:18:54.329][VERB] RETURN: {"result":["$506","$510","$516","$522"]}
[0m[0;32m[2026-09-16 14:18:54.329][VERB] COMMANDCALL: _C.SafeAPI.Execute(["v1.sketch.getPoints",[{"id":506}]])
[0m[0;32m[2026-09-16 14:18:54.329][VERB] RETURN: {"result":{"endId":"$508","startId":"$507"}}
[0m[0;32m[2026-09-16 14:18:54.329][VERB] COMMANDCALL: _C.SafeAPI.Execute(["v1.sketch.point",[{"pos":[-1000,-1000,0],"id":500}]])
[0m[0;32m[2026-09-16 14:18:54.331][VERB] RETURN: {"result":"$538"}
[0m[0;32m[2026-09-16 14:18:54.331][VERB] COMMANDCALL: _C.SafeAPI.Execute(["v1.sketch.constraint",[{"type":"FIXATION","id":500,"geomIds":[538]}]])
[0m[0;32m[2026-09-16 14:18:54.332][VERB] RETURN: {"result":"$540"}
[0m[0;32m[2026-09-16 14:18:54.333][VERB] COMMANDCALL: _C.SafeAPI.Execute(["v1.sketch.dimension",[{"type":"HORIZONTAL_DISTANCE","value":"@expr.d105_position_x","name":"position_x","id":500,"geomIds":[538,507]}]])
[0m[0;32m[2026-09-16 14:18:54.338][VERB] RETURN: {"result":"$544"}
[0m[0;32m[2026-09-16 14:18:54.338][VERB] COMMANDCALL: _C.SafeAPI.Execute(["v1.sketch.dimension",[{"type":"VERTICAL_DISTANCE","value":"@expr.d106_position_y","name":"position_y","id":500,"geomIds":[538,507]}]])
[0m[0;32m[2026-09-16 14:18:54.345][VERB] RETURN: {"result":"$548"}
[0m[0;32m[2026-09-16 14:18:54.345][VERB] COMMANDCALL: _C.SafeAPI.Execute(["v1.sketch.dimension",[{"type":"OFFSET","value":"@expr.d107_width","name":"width","id":500,"geomIds":[506]}]])
[0m[0;32m[2026-09-16 14:18:54.352][VERB] RETURN: {"result":"$552"}
[0m[0;32m[2026-09-16 14:18:54.352][VERB] COMMANDCALL: _C.SafeAPI.Execute(["v1.sketch.dimension",[{"type":"OFFSET","value":"@expr.d108_depth","name":"depth","id":500,"geomIds":[510]}]])
[0m[0;32m[2026-09-16 14:18:54.359][VERB] RETURN: {"result":"$556"}
[0m[0;32m[2026-09-16 14:18:54.360][VERB] COMMANDCALL: _C.SafeAPI.Execute(["v1.part.extrusion",[{"references":[506,510,516,522],"name":"F103_makeBox_cad_primitives_py_8","taperAngle":0,"limit2":"@expr.d109_height","id":4}]])
[0m[0;32m[2026-09-16 14:18:54.364][VERB] RETURN: {"result":"$560"}
[0m[0;32m[2026-09-16 14:18:54.365][VERB] COMMANDCALL: _C.SafeAPI.Execute(["v1.part.workPlane",[{"type":"PLANE","references":[38],"name":"F110_makeBox_cad_primitives_py_8_plane","offset":"@expr.d111_plane_offset","id":4}]])
[0m[0;32m[2026-09-16 14:18:54.368][VERB] RETURN: {"result":"$603"}
[0m[0;32m[2026-09-16 14:18:54.368][VERB] COMMANDCALL: _C.SafeAPI.Execute(["v1.sketch.create",[{"planeId":603,"name":"F110_makeBox_cad_primitives_py_8_profile","id":4}]])
[0m[0;32m[2026-09-16 14:18:54.370][VERB] RETURN: {"result":"$609"}
[0m[0;32m[2026-09-16 14:18:54.371][VERB] COMMANDCALL: _C.SafeAPI.Execute(["v1.sketch.rectangle",[{"startPos":[-1.3,22.8,0],"id":609,"genFixation":0,"endPos":[59.1,63.2,0]}]])
[0m[0;32m[2026-09-16 14:18:54.377][VERB] RETURN: {"result":["$615","$619","$625","$631"]}
[0m[0;32m[2026-09-16 14:18:54.377][VERB] COMMANDCALL: _C.SafeAPI.Execute(["v1.sketch.getPoints",[{"id":615}]])
[0m[0;32m[2026-09-16 14:18:54.377][VERB] RETURN: {"result":{"endId":"$617","startId":"$616"}}
[0m[0;32m[2026-09-16 14:18:54.377][VERB] COMMANDCALL: _C.SafeAPI.Execute(["v1.sketch.point",[{"pos":[-1000,-1000,0],"id":609}]])
[0m[0;32m[2026-09-16 14:18:54.379][VERB] RETURN: {"result":"$647"}
[0m[0;32m[2026-09-16 14:18:54.379][VERB] COMMANDCALL: _C.SafeAPI.Execute(["v1.sketch.constraint",[{"type":"FIXATION","id":609,"geomIds":[647]}]])
[0m[0;32m[2026-09-16 14:18:54.381][VERB] RETURN: {"result":"$649"}
[0m[0;32m[2026-09-16 14:18:54.381][VERB] COMMANDCALL: _C.SafeAPI.Execute(["v1.sketch.dimension",[{"type":"HORIZONTAL_DISTANCE","value":"@expr.d112_position_x","name":"position_x","id":609,"geomIds":[647,616]}]])
[0m[0;32m[2026-09-16 14:18:54.386][VERB] RETURN: {"result":"$653"}
[0m[0;32m[2026-09-16 14:18:54.387][VERB] COMMANDCALL: _C.SafeAPI.Execute(["v1.sketch.dimension",[{"type":"VERTICAL_DISTANCE","value":"@expr.d113_position_y","name":"position_y","id":609,"geomIds":[647,616]}]])
[0m[0;32m[2026-09-16 14:18:54.392][VERB] RETURN: {"result":"$657"}
[0m[0;32m[2026-09-16 14:18:54.393][VERB] COMMANDCALL: _C.SafeAPI.Execute(["v1.sketch.dimension",[{"type":"OFFSET","value":"@expr.d114_width","name":"width","id":609,"geomIds":[615]}]])
[0m[0;32m[2026-09-16 14:18:54.399][VERB] RETURN: {"result":"$661"}
[0m[0;32m[2026-09-16 14:18:54.399][VERB] COMMANDCALL: _C.SafeAPI.Execute(["v1.sketch.dimension",[{"type":"OFFSET","value":"@expr.d115_depth","name":"depth","id":609,"geomIds":[619]}]])
[0m[0;32m[2026-09-16 14:18:54.407][VERB] RETURN: {"result":"$665"}
[0m[0;32m[2026-09-16 14:18:54.408][VERB] COMMANDCALL: _C.SafeAPI.Execute(["v1.part.extrusion",[{"references":[615,619,625,631],"name":"F110_makeBox_cad_primitives_py_8","taperAngle":0,"limit2":"@expr.d116_height","id":4}]])
[0m[0;32m[2026-09-16 14:18:54.412][VERB] RETURN: {"result":"$669"}
[0m[0;32m[2026-09-16 14:18:54.412][VERB] COMMANDCALL: _C.SafeAPI.Execute(["v1.part.workPlane",[{"type":"PLANE","references":[38],"name":"F117_makeCylinder_cad_primitives_py_12_plane","offset":"@expr.d118_plane_offset","id":4}]])
[0m[0;32m[2026-09-16 14:18:54.416][VERB] RETURN: {"result":"$712"}
[0m[0;32m[2026-09-16 14:18:54.416][VERB] COMMANDCALL: _C.SafeAPI.Execute(["v1.sketch.create",[{"planeId":712,"name":"F117_makeCylinder_cad_primitives_py_12_profile","id":4}]])
[0m[0;32m[2026-09-16 14:18:54.418][VERB] RETURN: {"result":"$718"}
[0m[0;32m[2026-09-16 14:18:54.418][VERB] COMMANDCALL: _C.SafeAPI.Execute(["v1.sketch.circle",[{"radius":2.7,"id":718,"genFixation":0,"centerPos":[1.4,22.8,0]}]])
[0m[0;32m[2026-09-16 14:18:54.419][VERB] RETURN: {"result":"$724"}
[0m[0;32m[2026-09-16 14:18:54.419][VERB] COMMANDCALL: _C.SafeAPI.Execute(["v1.sketch.getPoints",[{"id":724}]])
[0m[0;32m[2026-09-16 14:18:54.419][VERB] RETURN: {"result":{"centerId":"$725"}}
[0m[0;32m[2026-09-16 14:18:54.420][VERB] COMMANDCALL: _C.SafeAPI.Execute(["v1.sketch.point",[{"pos":[-1000,-1000,0],"id":718}]])
[0m[0;32m[2026-09-16 14:18:54.420][VERB] RETURN: {"result":"$727"}
[0m[0;32m[2026-09-16 14:18:54.421][VERB] COMMANDCALL: _C.SafeAPI.Execute(["v1.sketch.constraint",[{"type":"FIXATION","id":718,"geomIds":[727]}]])
[0m[0;32m[2026-09-16 14:18:54.421][VERB] RETURN: {"result":"$729"}
[0m[0;32m[2026-09-16 14:18:54.422][VERB] COMMANDCALL: _C.SafeAPI.Execute(["v1.sketch.dimension",[{"type":"HORIZONTAL_DISTANCE","value":"@expr.d119_position_x","name":"position_x","id":718,"geomIds":[727,725]}]])
[0m[0;32m[2026-09-16 14:18:54.426][VERB] RETURN: {"result":"$733"}
[0m[0;32m[2026-09-16 14:18:54.426][VERB] COMMANDCALL: _C.SafeAPI.Execute(["v1.sketch.dimension",[{"type":"VERTICAL_DISTANCE","value":"@expr.d120_position_y","name":"position_y","id":718,"geomIds":[727,725]}]])
[0m[0;32m[2026-09-16 14:18:54.431][VERB] RETURN: {"result":"$737"}
[0m[0;32m[2026-09-16 14:18:54.431][VERB] COMMANDCALL: _C.SafeAPI.Execute(["v1.sketch.dimension",[{"type":"RADIUS","value":"@expr.d121_radius","name":"radius","id":718,"geomIds":[724]}]])
[0m[0;32m[2026-09-16 14:18:54.436][VERB] RETURN: {"result":"$741"}
[0m[0;32m[2026-09-16 14:18:54.436][VERB] COMMANDCALL: _C.SafeAPI.Execute(["v1.part.extrusion",[{"references":[724],"name":"F117_makeCylinder_cad_primitives_py_12","taperAngle":0,"limit2":"@expr.d122_height","id":4}]])
[0m[0;32m[2026-09-16 14:18:54.441][VERB] RETURN: {"result":"$745"}
[0m[0;32m[2026-09-16 14:18:54.441][VERB] COMMANDCALL: _C.SafeAPI.Execute(["v1.part.workPlane",[{"type":"PLANE","references":[38],"name":"F123_makeCylinder_cad_primitives_py_12_plane","offset":"@expr.d124_plane_offset","id":4}]])
[0m[0;32m[2026-09-16 14:18:54.445][VERB] RETURN: {"result":"$767"}
[0m[0;32m[2026-09-16 14:18:54.445][VERB] COMMANDCALL: _C.SafeAPI.Execute(["v1.sketch.create",[{"planeId":767,"name":"F123_makeCylinder_cad_primitives_py_12_profile","id":4}]])
[0m[0;32m[2026-09-16 14:18:54.447][VERB] RETURN: {"result":"$773"}
[0m[0;32m[2026-09-16 14:18:54.447][VERB] COMMANDCALL: _C.SafeAPI.Execute(["v1.sketch.circle",[{"radius":2.7,"id":773,"genFixation":0,"centerPos":[1.4,63.2,0]}]])
[0m[0;32m[2026-09-16 14:18:54.448][VERB] RETURN: {"result":"$779"}
[0m[0;32m[2026-09-16 14:18:54.448][VERB] COMMANDCALL: _C.SafeAPI.Execute(["v1.sketch.getPoints",[{"id":779}]])
[0m[0;32m[2026-09-16 14:18:54.449][VERB] RETURN: {"result":{"centerId":"$780"}}
[0m[0;32m[2026-09-16 14:18:54.449][VERB] COMMANDCALL: _C.SafeAPI.Execute(["v1.sketch.point",[{"pos":[-1000,-1000,0],"id":773}]])
[0m[0;32m[2026-09-16 14:18:54.450][VERB] RETURN: {"result":"$782"}
[0m[0;32m[2026-09-16 14:18:54.450][VERB] COMMANDCALL: _C.SafeAPI.Execute(["v1.sketch.constraint",[{"type":"FIXATION","id":773,"geomIds":[782]}]])
[0m[0;32m[2026-09-16 14:18:54.451][VERB] RETURN: {"result":"$784"}
[0m[0;32m[2026-09-16 14:18:54.451][VERB] COMMANDCALL: _C.SafeAPI.Execute(["v1.sketch.dimension",[{"type":"HORIZONTAL_DISTANCE","value":"@expr.d125_position_x","name":"position_x","id":773,"geomIds":[782,780]}]])
[0m[0;32m[2026-09-16 14:18:54.455][VERB] RETURN: {"result":"$788"}
[0m[0;32m[2026-09-16 14:18:54.455][VERB] COMMANDCALL: _C.SafeAPI.Execute(["v1.sketch.dimension",[{"type":"VERTICAL_DISTANCE","value":"@expr.d126_position_y","name":"position_y","id":773,"geomIds":[782,780]}]])
[0m[0;32m[2026-09-16 14:18:54.460][VERB] RETURN: {"result":"$792"}
[0m[0;32m[2026-09-16 14:18:54.460][VERB] COMMANDCALL: _C.SafeAPI.Execute(["v1.sketch.dimension",[{"type":"RADIUS","value":"@expr.d127_radius","name":"radius","id":773,"geomIds":[779]}]])
[0m[0;32m[2026-09-16 14:18:54.465][VERB] RETURN: {"result":"$796"}
[0m[0;32m[2026-09-16 14:18:54.465][VERB] COMMANDCALL: _C.SafeAPI.Execute(["v1.part.extrusion",[{"references":[779],"name":"F123_makeCylinder_cad_primitives_py_12","taperAngle":0,"limit2":"@expr.d128_height","id":4}]])
[0m[0;32m[2026-09-16 14:18:54.470][VERB] RETURN: {"result":"$800"}
[0m[0;32m[2026-09-16 14:18:54.471][VERB] COMMANDCALL: _C.SafeAPI.Execute(["v1.part.workPlane",[{"type":"PLANE","references":[38],"name":"F129_makeCylinder_cad_primitives_py_12_plane","offset":"@expr.d130_plane_offset","id":4}]])
[0m[0;32m[2026-09-16 14:18:54.474][VERB] RETURN: {"result":"$822"}
[0m[0;32m[2026-09-16 14:18:54.474][VERB] COMMANDCALL: _C.SafeAPI.Execute(["v1.sketch.create",[{"planeId":822,"name":"F129_makeCylinder_cad_primitives_py_12_profile","id":4}]])
[0m[0;32m[2026-09-16 14:18:54.476][VERB] RETURN: {"result":"$828"}
[0m[0;32m[2026-09-16 14:18:54.476][VERB] COMMANDCALL: _C.SafeAPI.Execute(["v1.sketch.circle",[{"radius":2.7,"id":828,"genFixation":0,"centerPos":[56.4,22.8,0]}]])
[0m[0;32m[2026-09-16 14:18:54.477][VERB] RETURN: {"result":"$834"}
[0m[0;32m[2026-09-16 14:18:54.478][VERB] COMMANDCALL: _C.SafeAPI.Execute(["v1.sketch.getPoints",[{"id":834}]])
[0m[0;32m[2026-09-16 14:18:54.478][VERB] RETURN: {"result":{"centerId":"$835"}}
[0m[0;32m[2026-09-16 14:18:54.478][VERB] COMMANDCALL: _C.SafeAPI.Execute(["v1.sketch.point",[{"pos":[-1000,-1000,0],"id":828}]])
[0m[0;32m[2026-09-16 14:18:54.479][VERB] RETURN: {"result":"$837"}
[0m[0;32m[2026-09-16 14:18:54.479][VERB] COMMANDCALL: _C.SafeAPI.Execute(["v1.sketch.constraint",[{"type":"FIXATION","id":828,"geomIds":[837]}]])
[0m[0;32m[2026-09-16 14:18:54.480][VERB] RETURN: {"result":"$839"}
[0m[0;32m[2026-09-16 14:18:54.480][VERB] COMMANDCALL: _C.SafeAPI.Execute(["v1.sketch.dimension",[{"type":"HORIZONTAL_DISTANCE","value":"@expr.d131_position_x","name":"position_x","id":828,"geomIds":[837,835]}]])
[0m[0;32m[2026-09-16 14:18:54.484][VERB] RETURN: {"result":"$843"}
[0m[0;32m[2026-09-16 14:18:54.485][VERB] COMMANDCALL: _C.SafeAPI.Execute(["v1.sketch.dimension",[{"type":"VERTICAL_DISTANCE","value":"@expr.d132_position_y","name":"position_y","id":828,"geomIds":[837,835]}]])
[0m[0;32m[2026-09-16 14:18:54.490][VERB] RETURN: {"result":"$847"}
[0m[0;32m[2026-09-16 14:18:54.490][VERB] COMMANDCALL: _C.SafeAPI.Execute(["v1.sketch.dimension",[{"type":"RADIUS","value":"@expr.d133_radius","name":"radius","id":828,"geomIds":[834]}]])
[0m[0;32m[2026-09-16 14:18:54.495][VERB] RETURN: {"result":"$851"}
[0m[0;32m[2026-09-16 14:18:54.495][VERB] COMMANDCALL: _C.SafeAPI.Execute(["v1.part.extrusion",[{"references":[834],"name":"F129_makeCylinder_cad_primitives_py_12","taperAngle":0,"limit2":"@expr.d134_height","id":4}]])
[0m[0;32m[2026-09-16 14:18:54.500][VERB] RETURN: {"result":"$855"}
[0m[0;32m[2026-09-16 14:18:54.500][VERB] COMMANDCALL: _C.SafeAPI.Execute(["v1.part.workPlane",[{"type":"PLANE","references":[38],"name":"F135_makeCylinder_cad_primitives_py_12_plane","offset":"@expr.d136_plane_offset","id":4}]])
[0m[0;32m[2026-09-16 14:18:54.504][VERB] RETURN: {"result":"$877"}
[0m[0;32m[2026-09-16 14:18:54.504][VERB] COMMANDCALL: _C.SafeAPI.Execute(["v1.sketch.create",[{"planeId":877,"name":"F135_makeCylinder_cad_primitives_py_12_profile","id":4}]])
[0m[0;32m[2026-09-16 14:18:54.506][VERB] RETURN: {"result":"$883"}
[0m[0;32m[2026-09-16 14:18:54.506][VERB] COMMANDCALL: _C.SafeAPI.Execute(["v1.sketch.circle",[{"radius":2.7,"id":883,"genFixation":0,"centerPos":[56.4,63.2,0]}]])
[0m[0;32m[2026-09-16 14:18:54.507][VERB] RETURN: {"result":"$889"}
[0m[0;32m[2026-09-16 14:18:54.507][VERB] COMMANDCALL: _C.SafeAPI.Execute(["v1.sketch.getPoints",[{"id":889}]])
[0m[0;32m[2026-09-16 14:18:54.508][VERB] RETURN: {"result":{"centerId":"$890"}}
[0m[0;32m[2026-09-16 14:18:54.508][VERB] COMMANDCALL: _C.SafeAPI.Execute(["v1.sketch.point",[{"pos":[-1000,-1000,0],"id":883}]])
[0m[0;32m[2026-09-16 14:18:54.509][VERB] RETURN: {"result":"$892"}
[0m[0;32m[2026-09-16 14:18:54.509][VERB] COMMANDCALL: _C.SafeAPI.Execute(["v1.sketch.constraint",[{"type":"FIXATION","id":883,"geomIds":[892]}]])
[0m[0;32m[2026-09-16 14:18:54.509][VERB] RETURN: {"result":"$894"}
[0m[0;32m[2026-09-16 14:18:54.510][VERB] COMMANDCALL: _C.SafeAPI.Execute(["v1.sketch.dimension",[{"type":"HORIZONTAL_DISTANCE","value":"@expr.d137_position_x","name":"position_x","id":883,"geomIds":[892,890]}]])
[0m[0;32m[2026-09-16 14:18:54.514][VERB] RETURN: {"result":"$898"}
[0m[0;32m[2026-09-16 14:18:54.514][VERB] COMMANDCALL: _C.SafeAPI.Execute(["v1.sketch.dimension",[{"type":"VERTICAL_DISTANCE","value":"@expr.d138_position_y","name":"position_y","id":883,"geomIds":[892,890]}]])
[0m[0;32m[2026-09-16 14:18:54.519][VERB] RETURN: {"result":"$902"}
[0m[0;32m[2026-09-16 14:18:54.519][VERB] COMMANDCALL: _C.SafeAPI.Execute(["v1.sketch.dimension",[{"type":"RADIUS","value":"@expr.d139_radius","name":"radius","id":883,"geomIds":[889]}]])
[0m[0;32m[2026-09-16 14:18:54.524][VERB] RETURN: {"result":"$906"}
[0m[0;32m[2026-09-16 14:18:54.524][VERB] COMMANDCALL: _C.SafeAPI.Execute(["v1.part.extrusion",[{"references":[889],"name":"F135_makeCylinder_cad_primitives_py_12","taperAngle":0,"limit2":"@expr.d140_height","id":4}]])
[0m[0;32m[2026-09-16 14:18:54.529][VERB] RETURN: {"result":"$910"}
[0m[0;32m[2026-09-16 14:18:54.530][VERB] COMMANDCALL: _C.SafeAPI.Execute(["v1.part.workPlane",[{"type":"PLANE","references":[38],"name":"F141_makeBox_cad_primitives_py_8_plane","offset":"@expr.d142_plane_offset","id":4}]])
[0m[0;32m[2026-09-16 14:18:54.533][VERB] RETURN: {"result":"$932"}
[0m[0;32m[2026-09-16 14:18:54.533][VERB] COMMANDCALL: _C.SafeAPI.Execute(["v1.sketch.create",[{"planeId":932,"name":"F141_makeBox_cad_primitives_py_8_profile","id":4}]])
[0m[0;32m[2026-09-16 14:18:54.535][VERB] RETURN: {"result":"$938"}
[0m[0;32m[2026-09-16 14:18:54.535][VERB] COMMANDCALL: _C.SafeAPI.Execute(["v1.sketch.rectangle",[{"startPos":[48.8,-1.3,0],"id":938,"genFixation":0,"endPos":[89.8,40.8,0]}]])
[0m[0;32m[2026-09-16 14:18:54.542][VERB] RETURN: {"result":["$944","$948","$954","$960"]}
[0m[0;32m[2026-09-16 14:18:54.542][VERB] COMMANDCALL: _C.SafeAPI.Execute(["v1.sketch.getPoints",[{"id":944}]])
[0m[0;32m[2026-09-16 14:18:54.542][VERB] RETURN: {"result":{"endId":"$946","startId":"$945"}}
[0m[0;32m[2026-09-16 14:18:54.542][VERB] COMMANDCALL: _C.SafeAPI.Execute(["v1.sketch.point",[{"pos":[-1000,-1000,0],"id":938}]])
[0m[0;32m[2026-09-16 14:18:54.544][VERB] RETURN: {"result":"$976"}
[0m[0;32m[2026-09-16 14:18:54.544][VERB] COMMANDCALL: _C.SafeAPI.Execute(["v1.sketch.constraint",[{"type":"FIXATION","id":938,"geomIds":[976]}]])
[0m[0;32m[2026-09-16 14:18:54.546][VERB] RETURN: {"result":"$978"}
[0m[0;32m[2026-09-16 14:18:54.546][VERB] COMMANDCALL: _C.SafeAPI.Execute(["v1.sketch.dimension",[{"type":"HORIZONTAL_DISTANCE","value":"@expr.d143_position_x","name":"position_x","id":938,"geomIds":[976,945]}]])
[0m[0;32m[2026-09-16 14:18:54.552][VERB] RETURN: {"result":"$982"}
[0m[0;32m[2026-09-16 14:18:54.552][VERB] COMMANDCALL: _C.SafeAPI.Execute(["v1.sketch.dimension",[{"type":"VERTICAL_DISTANCE","value":"@expr.d144_position_y","name":"position_y","id":938,"geomIds":[976,945]}]])
[0m[0;32m[2026-09-16 14:18:54.558][VERB] RETURN: {"result":"$986"}
[0m[0;32m[2026-09-16 14:18:54.558][VERB] COMMANDCALL: _C.SafeAPI.Execute(["v1.sketch.dimension",[{"type":"OFFSET","value":"@expr.d145_width","name":"width","id":938,"geomIds":[944]}]])
[0m[0;32m[2026-09-16 14:18:54.565][VERB] RETURN: {"result":"$990"}
[0m[0;32m[2026-09-16 14:18:54.565][VERB] COMMANDCALL: _C.SafeAPI.Execute(["v1.sketch.dimension",[{"type":"OFFSET","value":"@expr.d146_depth","name":"depth","id":938,"geomIds":[948]}]])
[0m[0;32m[2026-09-16 14:18:54.573][VERB] RETURN: {"result":"$994"}
[0m[0;32m[2026-09-16 14:18:54.573][VERB] COMMANDCALL: _C.SafeAPI.Execute(["v1.part.extrusion",[{"references":[944,948,954,960],"name":"F141_makeBox_cad_primitives_py_8","taperAngle":0,"limit2":"@expr.d147_height","id":4}]])
[0m[0;32m[2026-09-16 14:18:54.578][VERB] RETURN: {"result":"$998"}
[0m[0;32m[2026-09-16 14:18:54.578][VERB] COMMANDCALL: _C.SafeAPI.Execute(["v1.part.workPlane",[{"type":"PLANE","references":[38],"name":"F148_makeBox_cad_primitives_py_8_plane","offset":"@expr.d149_plane_offset","id":4}]])
[0m[0;32m[2026-09-16 14:18:54.581][VERB] RETURN: {"result":"$1041"}
[0m[0;32m[2026-09-16 14:18:54.581][VERB] COMMANDCALL: _C.SafeAPI.Execute(["v1.sketch.create",[{"planeId":1041,"name":"F148_makeBox_cad_primitives_py_8_profile","id":4}]])
[0m[0;32m[2026-09-16 14:18:54.583][VERB] RETURN: {"result":"$1047"}
[0m[0;32m[2026-09-16 14:18:54.584][VERB] COMMANDCALL: _C.SafeAPI.Execute(["v1.sketch.rectangle",[{"startPos":[46.1,1.4,0],"id":1047,"genFixation":0,"endPos":[92.5,38.1,0]}]])
[0m[0;32m[2026-09-16 14:18:54.590][VERB] RETURN: {"result":["$1053","$1057","$1063","$1069"]}
[0m[0;32m[2026-09-16 14:18:54.591][VERB] COMMANDCALL: _C.SafeAPI.Execute(["v1.sketch.getPoints",[{"id":1053}]])
[0m[0;32m[2026-09-16 14:18:54.591][VERB] RETURN: {"result":{"endId":"$1055","startId":"$1054"}}
[0m[0;32m[2026-09-16 14:18:54.591][VERB] COMMANDCALL: _C.SafeAPI.Execute(["v1.sketch.point",[{"pos":[-1000,-1000,0],"id":1047}]])
[0m[0;32m[2026-09-16 14:18:54.593][VERB] RETURN: {"result":"$1085"}
[0m[0;32m[2026-09-16 14:18:54.593][VERB] COMMANDCALL: _C.SafeAPI.Execute(["v1.sketch.constraint",[{"type":"FIXATION","id":1047,"geomIds":[1085]}]])
[0m[0;32m[2026-09-16 14:18:54.594][VERB] RETURN: {"result":"$1087"}
[0m[0;32m[2026-09-16 14:18:54.594][VERB] COMMANDCALL: _C.SafeAPI.Execute(["v1.sketch.dimension",[{"type":"HORIZONTAL_DISTANCE","value":"@expr.d150_position_x","name":"position_x","id":1047,"geomIds":[1085,1054]}]])
[0m[0;32m[2026-09-16 14:18:54.600][VERB] RETURN: {"result":"$1091"}
[0m[0;32m[2026-09-16 14:18:54.600][VERB] COMMANDCALL: _C.SafeAPI.Execute(["v1.sketch.dimension",[{"type":"VERTICAL_DISTANCE","value":"@expr.d151_position_y","name":"position_y","id":1047,"geomIds":[1085,1054]}]])
[0m[0;32m[2026-09-16 14:18:54.606][VERB] RETURN: {"result":"$1095"}
[0m[0;32m[2026-09-16 14:18:54.607][VERB] COMMANDCALL: _C.SafeAPI.Execute(["v1.sketch.dimension",[{"type":"OFFSET","value":"@expr.d152_width","name":"width","id":1047,"geomIds":[1053]}]])
[0m[0;32m[2026-09-16 14:18:54.614][VERB] RETURN: {"result":"$1099"}
[0m[0;32m[2026-09-16 14:18:54.615][VERB] COMMANDCALL: _C.SafeAPI.Execute(["v1.sketch.dimension",[{"type":"OFFSET","value":"@expr.d153_depth","name":"depth","id":1047,"geomIds":[1057]}]])
[0m[0;32m[2026-09-16 14:18:54.623][VERB] RETURN: {"result":"$1103"}
[0m[0;32m[2026-09-16 14:18:54.624][VERB] COMMANDCALL: _C.SafeAPI.Execute(["v1.part.extrusion",[{"references":[1053,1057,1063,1069],"name":"F148_makeBox_cad_primitives_py_8","taperAngle":0,"limit2":"@expr.d154_height","id":4}]])
[0m[0;32m[2026-09-16 14:18:54.629][VERB] RETURN: {"result":"$1107"}
[0m[0;32m[2026-09-16 14:18:54.629][VERB] COMMANDCALL: _C.SafeAPI.Execute(["v1.part.workPlane",[{"type":"PLANE","references":[38],"name":"F155_makeCylinder_cad_primitives_py_12_plane","offset":"@expr.d156_plane_offset","id":4}]])
[0m[0;32m[2026-09-16 14:18:54.633][VERB] RETURN: {"result":"$1150"}
[0m[0;32m[2026-09-16 14:18:54.633][VERB] COMMANDCALL: _C.SafeAPI.Execute(["v1.sketch.create",[{"planeId":1150,"name":"F155_makeCylinder_cad_primitives_py_12_profile","id":4}]])
[0m[0;32m[2026-09-16 14:18:54.635][VERB] RETURN: {"result":"$1156"}
[0m[0;32m[2026-09-16 14:18:54.635][VERB] COMMANDCALL: _C.SafeAPI.Execute(["v1.sketch.circle",[{"radius":2.7,"id":1156,"genFixation":0,"centerPos":[48.8,1.4,0]}]])
[0m[0;32m[2026-09-16 14:18:54.636][VERB] RETURN: {"result":"$1162"}
[0m[0;32m[2026-09-16 14:18:54.636][VERB] COMMANDCALL: _C.SafeAPI.Execute(["v1.sketch.getPoints",[{"id":1162}]])
[0m[0;32m[2026-09-16 14:18:54.637][VERB] RETURN: {"result":{"centerId":"$1163"}}
[0m[0;32m[2026-09-16 14:18:54.637][VERB] COMMANDCALL: _C.SafeAPI.Execute(["v1.sketch.point",[{"pos":[-1000,-1000,0],"id":1156}]])
[0m[0;32m[2026-09-16 14:18:54.638][VERB] RETURN: {"result":"$1165"}
[0m[0;32m[2026-09-16 14:18:54.638][VERB] COMMANDCALL: _C.SafeAPI.Execute(["v1.sketch.constraint",[{"type":"FIXATION","id":1156,"geomIds":[1165]}]])
[0m[0;32m[2026-09-16 14:18:54.639][VERB] RETURN: {"result":"$1167"}
[0m[0;32m[2026-09-16 14:18:54.639][VERB] COMMANDCALL: _C.SafeAPI.Execute(["v1.sketch.dimension",[{"type":"HORIZONTAL_DISTANCE","value":"@expr.d157_position_x","name":"position_x","id":1156,"geomIds":[1165,1163]}]])
[0m[0;32m[2026-09-16 14:18:54.643][VERB] RETURN: {"result":"$1171"}
[0m[0;32m[2026-09-16 14:18:54.644][VERB] COMMANDCALL: _C.SafeAPI.Execute(["v1.sketch.dimension",[{"type":"VERTICAL_DISTANCE","value":"@expr.d158_position_y","name":"position_y","id":1156,"geomIds":[1165,1163]}]])
[0m[0;32m[2026-09-16 14:18:54.649][VERB] RETURN: {"result":"$1175"}
[0m[0;32m[2026-09-16 14:18:54.649][VERB] COMMANDCALL: _C.SafeAPI.Execute(["v1.sketch.dimension",[{"type":"RADIUS","value":"@expr.d159_radius","name":"radius","id":1156,"geomIds":[1162]}]])
[0m[0;32m[2026-09-16 14:18:54.654][VERB] RETURN: {"result":"$1179"}
[0m[0;32m[2026-09-16 14:18:54.655][VERB] COMMANDCALL: _C.SafeAPI.Execute(["v1.part.extrusion",[{"references":[1162],"name":"F155_makeCylinder_cad_primitives_py_12","taperAngle":0,"limit2":"@expr.d160_height","id":4}]])
[0m[0;32m[2026-09-16 14:18:54.660][VERB] RETURN: {"result":"$1183"}
[0m[0;32m[2026-09-16 14:18:54.660][VERB] COMMANDCALL: _C.SafeAPI.Execute(["v1.part.workPlane",[{"type":"PLANE","references":[38],"name":"F161_makeCylinder_cad_primitives_py_12_plane","offset":"@expr.d162_plane_offset","id":4}]])
[0m[0;32m[2026-09-16 14:18:54.663][VERB] RETURN: {"result":"$1205"}
[0m[0;32m[2026-09-16 14:18:54.663][VERB] COMMANDCALL: _C.SafeAPI.Execute(["v1.sketch.create",[{"planeId":1205,"name":"F161_makeCylinder_cad_primitives_py_12_profile","id":4}]])
[0m[0;32m[2026-09-16 14:18:54.665][VERB] RETURN: {"result":"$1211"}
[0m[0;32m[2026-09-16 14:18:54.666][VERB] COMMANDCALL: _C.SafeAPI.Execute(["v1.sketch.circle",[{"radius":2.7,"id":1211,"genFixation":0,"centerPos":[48.8,38.1,0]}]])
[0m[0;32m[2026-09-16 14:18:54.667][VERB] RETURN: {"result":"$1217"}
[0m[0;32m[2026-09-16 14:18:54.667][VERB] COMMANDCALL: _C.SafeAPI.Execute(["v1.sketch.getPoints",[{"id":1217}]])
[0m[0;32m[2026-09-16 14:18:54.667][VERB] RETURN: {"result":{"centerId":"$1218"}}
[0m[0;32m[2026-09-16 14:18:54.667][VERB] COMMANDCALL: _C.SafeAPI.Execute(["v1.sketch.point",[{"pos":[-1000,-1000,0],"id":1211}]])
[0m[0;32m[2026-09-16 14:18:54.668][VERB] RETURN: {"result":"$1220"}
[0m[0;32m[2026-09-16 14:18:54.669][VERB] COMMANDCALL: _C.SafeAPI.Execute(["v1.sketch.constraint",[{"type":"FIXATION","id":1211,"geomIds":[1220]}]])
[0m[0;32m[2026-09-16 14:18:54.670][VERB] RETURN: {"result":"$1222"}
[0m[0;32m[2026-09-16 14:18:54.670][VERB] COMMANDCALL: _C.SafeAPI.Execute(["v1.sketch.dimension",[{"type":"HORIZONTAL_DISTANCE","value":"@expr.d163_position_x","name":"position_x","id":1211,"geomIds":[1220,1218]}]])
[0m[0;32m[2026-09-16 14:18:54.674][VERB] RETURN: {"result":"$1226"}
[0m[0;32m[2026-09-16 14:18:54.674][VERB] COMMANDCALL: _C.SafeAPI.Execute(["v1.sketch.dimension",[{"type":"VERTICAL_DISTANCE","value":"@expr.d164_position_y","name":"position_y","id":1211,"geomIds":[1220,1218]}]])
[0m[0;32m[2026-09-16 14:18:54.679][VERB] RETURN: {"result":"$1230"}
[0m[0;32m[2026-09-16 14:18:54.679][VERB] COMMANDCALL: _C.SafeAPI.Execute(["v1.sketch.dimension",[{"type":"RADIUS","value":"@expr.d165_radius","name":"radius","id":1211,"geomIds":[1217]}]])
[0m[0;32m[2026-09-16 14:18:54.684][VERB] RETURN: {"result":"$1234"}
[0m[0;32m[2026-09-16 14:18:54.685][VERB] COMMANDCALL: _C.SafeAPI.Execute(["v1.part.extrusion",[{"references":[1217],"name":"F161_makeCylinder_cad_primitives_py_12","taperAngle":0,"limit2":"@expr.d166_height","id":4}]])
[0m[0;32m[2026-09-16 14:18:54.690][VERB] RETURN: {"result":"$1238"}
[0m[0;32m[2026-09-16 14:18:54.690][VERB] COMMANDCALL: _C.SafeAPI.Execute(["v1.part.workPlane",[{"type":"PLANE","references":[38],"name":"F167_makeCylinder_cad_primitives_py_12_plane","offset":"@expr.d168_plane_offset","id":4}]])
[0m[0;32m[2026-09-16 14:18:54.694][VERB] RETURN: {"result":"$1260"}
[0m[0;32m[2026-09-16 14:18:54.694][VERB] COMMANDCALL: _C.SafeAPI.Execute(["v1.sketch.create",[{"planeId":1260,"name":"F167_makeCylinder_cad_primitives_py_12_profile","id":4}]])
[0m[0;32m[2026-09-16 14:18:54.696][VERB] RETURN: {"result":"$1266"}
[0m[0;32m[2026-09-16 14:18:54.696][VERB] COMMANDCALL: _C.SafeAPI.Execute(["v1.sketch.circle",[{"radius":2.7,"id":1266,"genFixation":0,"centerPos":[89.8,1.4,0]}]])
[0m[0;32m[2026-09-16 14:18:54.697][VERB] RETURN: {"result":"$1272"}
[0m[0;32m[2026-09-16 14:18:54.697][VERB] COMMANDCALL: _C.SafeAPI.Execute(["v1.sketch.getPoints",[{"id":1272}]])
[0m[0;32m[2026-09-16 14:18:54.698][VERB] RETURN: {"result":{"centerId":"$1273"}}
[0m[0;32m[2026-09-16 14:18:54.698][VERB] COMMANDCALL: _C.SafeAPI.Execute(["v1.sketch.point",[{"pos":[-1000,-1000,0],"id":1266}]])
[0m[0;32m[2026-09-16 14:18:54.699][VERB] RETURN: {"result":"$1275"}
[0m[0;32m[2026-09-16 14:18:54.699][VERB] COMMANDCALL: _C.SafeAPI.Execute(["v1.sketch.constraint",[{"type":"FIXATION","id":1266,"geomIds":[1275]}]])
[0m[0;32m[2026-09-16 14:18:54.700][VERB] RETURN: {"result":"$1277"}
[0m[0;32m[2026-09-16 14:18:54.700][VERB] COMMANDCALL: _C.SafeAPI.Execute(["v1.sketch.dimension",[{"type":"HORIZONTAL_DISTANCE","value":"@expr.d169_position_x","name":"position_x","id":1266,"geomIds":[1275,1273]}]])
[0m[0;32m[2026-09-16 14:18:54.704][VERB] RETURN: {"result":"$1281"}
[0m[0;32m[2026-09-16 14:18:54.705][VERB] COMMANDCALL: _C.SafeAPI.Execute(["v1.sketch.dimension",[{"type":"VERTICAL_DISTANCE","value":"@expr.d170_position_y","name":"position_y","id":1266,"geomIds":[1275,1273]}]])
[0m[0;32m[2026-09-16 14:18:54.709][INFO] Worker is ready
[0m

[0;32m[2026-09-16 14:18:54.710][VERB] RETURN: {"result":"$1285"}
[0m[0;32m[2026-09-16 14:18:54.710][VERB] COMMANDCALL: _C.SafeAPI.Execute(["v1.sketch.dimension",[{"type":"RADIUS","value":"@expr.d171_radius","name":"radius","id":1266,"geomIds":[1272]}]])
[0m[0;32m[2026-09-16 14:18:54.715][VERB] RETURN: {"result":"$1289"}
[0m[0;32m[2026-09-16 14:18:54.715][VERB] COMMANDCALL: _C.SafeAPI.Execute(["v1.part.extrusion",[{"references":[1272],"name":"F167_makeCylinder_cad_primitives_py_12","taperAngle":0,"limit2":"@expr.d172_height","id":4}]])
[0m[0;32m[2026-09-16 14:18:54.721][VERB] RETURN: {"result":"$1293"}
[0m[0;32m[2026-09-16 14:18:54.721][VERB] COMMANDCALL: _C.SafeAPI.Execute(["v1.part.workPlane",[{"type":"PLANE","references":[38],"name":"F173_makeCylinder_cad_primitives_py_12_plane","offset":"@expr.d174_plane_offset","id":4}]])
[0m[0;32m[2026-09-16 14:18:54.725][VERB] RETURN: {"result":"$1315"}
[0m[0;32m[2026-09-16 14:18:54.725][VERB] COMMANDCALL: _C.SafeAPI.Execute(["v1.sketch.create",[{"planeId":1315,"name":"F173_makeCylinder_cad_primitives_py_12_profile","id":4}]])
[0m[0;32m[2026-09-16 14:18:54.727][VERB] RETURN: {"result":"$1321"}
[0m[0;32m[2026-09-16 14:18:54.727][VERB] COMMANDCALL: _C.SafeAPI.Execute(["v1.sketch.circle",[{"radius":2.7,"id":1321,"genFixation":0,"centerPos":[89.8,38.1,0]}]])
[0m[0;32m[2026-09-16 14:18:54.728][VERB] RETURN: {"result":"$1327"}
[0m[0;32m[2026-09-16 14:18:54.728][VERB] COMMANDCALL: _C.SafeAPI.Execute(["v1.sketch.getPoints",[{"id":1327}]])
[0m[0;32m[2026-09-16 14:18:54.728][VERB] RETURN: {"result":{"centerId":"$1328"}}
[0m[0;32m[2026-09-16 14:18:54.728][VERB] COMMANDCALL: _C.SafeAPI.Execute(["v1.sketch.point",[{"pos":[-1000,-1000,0],"id":1321}]])
[0m[0;32m[2026-09-16 14:18:54.729][VERB] RETURN: {"result":"$1330"}
[0m[0;32m[2026-09-16 14:18:54.730][VERB] COMMANDCALL: _C.SafeAPI.Execute(["v1.sketch.constraint",[{"type":"FIXATION","id":1321,"geomIds":[1330]}]])
[0m[0;32m[2026-09-16 14:18:54.730][VERB] RETURN: {"result":"$1332"}
[0m[0;32m[2026-09-16 14:18:54.731][VERB] COMMANDCALL: _C.SafeAPI.Execute(["v1.sketch.dimension",[{"type":"HORIZONTAL_DISTANCE","value":"@expr.d175_position_x","name":"position_x","id":1321,"geomIds":[1330,1328]}]])
[0m[0;32m[2026-09-16 14:18:54.735][VERB] RETURN: {"result":"$1336"}
[0m[0;32m[2026-09-16 14:18:54.735][VERB] COMMANDCALL: _C.SafeAPI.Execute(["v1.sketch.dimension",[{"type":"VERTICAL_DISTANCE","value":"@expr.d176_position_y","name":"position_y","id":1321,"geomIds":[1330,1328]}]])
[0m[0;32m[2026-09-16 14:18:54.740][VERB] RETURN: {"result":"$1340"}
[0m[0;32m[2026-09-16 14:18:54.741][VERB] COMMANDCALL: _C.SafeAPI.Execute(["v1.sketch.dimension",[{"type":"RADIUS","value":"@expr.d177_radius","name":"radius","id":1321,"geomIds":[1327]}]])
[0m[0;32m[2026-09-16 14:18:54.746][VERB] RETURN: {"result":"$1344"}
[0m[0;32m[2026-09-16 14:18:54.746][VERB] COMMANDCALL: _C.SafeAPI.Execute(["v1.part.extrusion",[{"references":[1327],"name":"F173_makeCylinder_cad_primitives_py_12","taperAngle":0,"limit2":"@expr.d178_height","id":4}]])
[0m[0;32m[2026-09-16 14:18:54.753][VERB] RETURN: {"result":"$1348"}
[0m[0;32m[2026-09-16 14:18:54.754][VERB] COMMANDCALL: _C.SafeAPI.Execute(["v1.part.workPlane",[{"type":"PLANE","references":[38],"name":"F179_makeBox_shell_skin_py_38_plane","offset":"@expr.d180_plane_offset","id":4}]])
[0m[0;32m[2026-09-16 14:18:54.758][VERB] RETURN: {"result":"$1370"}
[0m[0;32m[2026-09-16 14:18:54.758][VERB] COMMANDCALL: _C.SafeAPI.Execute(["v1.sketch.create",[{"planeId":1370,"name":"F179_makeBox_shell_skin_py_38_profile","id":4}]])
[0m[0;32m[2026-09-16 14:18:54.761][VERB] RETURN: {"result":"$1376"}
[0m[0;32m[2026-09-16 14:18:54.761][VERB] COMMANDCALL: _C.SafeAPI.Execute(["v1.sketch.rectangle",[{"startPos":[89.8,-1.3,0],"id":1376,"genFixation":0,"endPos":[92.5,40.8,0]}]])
[0m[0;32m[2026-09-16 14:18:54.768][VERB] RETURN: {"result":["$1382","$1386","$1392","$1398"]}
[0m[0;32m[2026-09-16 14:18:54.768][VERB] COMMANDCALL: _C.SafeAPI.Execute(["v1.sketch.getPoints",[{"id":1382}]])
[0m[0;32m[2026-09-16 14:18:54.769][VERB] RETURN: {"result":{"endId":"$1384","startId":"$1383"}}
[0m[0;32m[2026-09-16 14:18:54.769][VERB] COMMANDCALL: _C.SafeAPI.Execute(["v1.sketch.point",[{"pos":[-1000,-1000,0],"id":1376}]])
[0m[0;32m[2026-09-16 14:18:54.771][VERB] RETURN: {"result":"$1414"}
[0m[0;32m[2026-09-16 14:18:54.771][VERB] COMMANDCALL: _C.SafeAPI.Execute(["v1.sketch.constraint",[{"type":"FIXATION","id":1376,"geomIds":[1414]}]])
[0m[0;32m[2026-09-16 14:18:54.773][VERB] RETURN: {"result":"$1416"}
[0m[0;32m[2026-09-16 14:18:54.774][VERB] COMMANDCALL: _C.SafeAPI.Execute(["v1.sketch.dimension",[{"type":"HORIZONTAL_DISTANCE","value":"@expr.d181_position_x","name":"position_x","id":1376,"geomIds":[1414,1383]}]])
[0m[0;32m[2026-09-16 14:18:54.780][VERB] RETURN: {"result":"$1420"}
[0m[0;32m[2026-09-16 14:18:54.780][VERB] COMMANDCALL: _C.SafeAPI.Execute(["v1.sketch.dimension",[{"type":"VERTICAL_DISTANCE","value":"@expr.d182_position_y","name":"position_y","id":1376,"geomIds":[1414,1383]}]])
[0m[0;32m[2026-09-16 14:18:54.787][VERB] RETURN: {"result":"$1424"}
[0m[0;32m[2026-09-16 14:18:54.787][VERB] COMMANDCALL: _C.SafeAPI.Execute(["v1.sketch.dimension",[{"type":"OFFSET","value":"@expr.d183_width","name":"width","id":1376,"geomIds":[1382]}]])
[0m[0;32m[2026-09-16 14:18:54.795][VERB] RETURN: {"result":"$1428"}
[0m[0;32m[2026-09-16 14:18:54.795][VERB] COMMANDCALL: _C.SafeAPI.Execute(["v1.sketch.dimension",[{"type":"OFFSET","value":"@expr.d184_depth","name":"depth","id":1376,"geomIds":[1386]}]])
[0m[0;32m[2026-09-16 14:18:54.804][VERB] RETURN: {"result":"$1432"}
[0m[0;32m[2026-09-16 14:18:54.805][VERB] COMMANDCALL: _C.SafeAPI.Execute(["v1.part.extrusion",[{"references":[1382,1386,1392,1398],"name":"F179_makeBox_shell_skin_py_38","taperAngle":0,"limit2":"@expr.d185_height","id":4}]])
[0m[0;32m[2026-09-16 14:18:54.810][VERB] RETURN: {"result":"$1436"}
[0m[0;32m[2026-09-16 14:18:54.810][VERB] COMMANDCALL: _C.SafeAPI.Execute(["v1.part.workPlane",[{"type":"PLANE","references":[38],"name":"F186_makeBox_cad_primitives_py_8_plane","offset":"@expr.d187_plane_offset","id":4}]])
[0m[0;32m[2026-09-16 14:18:54.814][VERB] RETURN: {"result":"$1479"}
[0m[0;32m[2026-09-16 14:18:54.814][VERB] COMMANDCALL: _C.SafeAPI.Execute(["v1.sketch.create",[{"planeId":1479,"name":"F186_makeBox_cad_primitives_py_8_profile","id":4}]])
[0m[0;32m[2026-09-16 14:18:54.817][VERB] RETURN: {"result":"$1485"}
[0m[0;32m[2026-09-16 14:18:54.817][VERB] COMMANDCALL: _C.SafeAPI.Execute(["v1.sketch.rectangle",[{"startPos":[88.05,-7,0],"id":1485,"genFixation":0,"endPos":[92.5,5,0]}]])
[0m[0;32m[2026-09-16 14:18:54.824][VERB] RETURN: {"result":["$1491","$1495","$1501","$1507"]}
[0m[0;32m[2026-09-16 14:18:54.824][VERB] COMMANDCALL: _C.SafeAPI.Execute(["v1.sketch.getPoints",[{"id":1491}]])
[0m[0;32m[2026-09-16 14:18:54.824][VERB] RETURN: {"result":{"endId":"$1493","startId":"$1492"}}
[0m[0;32m[2026-09-16 14:18:54.824][VERB] COMMANDCALL: _C.SafeAPI.Execute(["v1.sketch.point",[{"pos":[-1000,-1000,0],"id":1485}]])
[0m[0;32m[2026-09-16 14:18:54.826][VERB] RETURN: {"result":"$1523"}
[0m[0;32m[2026-09-16 14:18:54.827][VERB] COMMANDCALL: _C.SafeAPI.Execute(["v1.sketch.constraint",[{"type":"FIXATION","id":1485,"geomIds":[1523]}]])
[0m[0;32m[2026-09-16 14:18:54.828][VERB] RETURN: {"result":"$1525"}
[0m[0;32m[2026-09-16 14:18:54.828][VERB] COMMANDCALL: _C.SafeAPI.Execute(["v1.sketch.dimension",[{"type":"HORIZONTAL_DISTANCE","value":"@expr.d188_position_x","name":"position_x","id":1485,"geomIds":[1523,1492]}]])
[0m[0;32m[2026-09-16 14:18:54.834][VERB] RETURN: {"result":"$1529"}
[0m[0;32m[2026-09-16 14:18:54.835][VERB] COMMANDCALL: _C.SafeAPI.Execute(["v1.sketch.dimension",[{"type":"VERTICAL_DISTANCE","value":"@expr.d189_position_y","name":"position_y","id":1485,"geomIds":[1523,1492]}]])
[0m[0;32m[2026-09-16 14:18:54.841][VERB] RETURN: {"result":"$1533"}
[0m[0;32m[2026-09-16 14:18:54.841][VERB] COMMANDCALL: _C.SafeAPI.Execute(["v1.sketch.dimension",[{"type":"OFFSET","value":"@expr.d190_width","name":"width","id":1485,"geomIds":[1491]}]])
[0m[0;32m[2026-09-16 14:18:54.849][VERB] RETURN: {"result":"$1537"}
[0m[0;32m[2026-09-16 14:18:54.849][VERB] COMMANDCALL: _C.SafeAPI.Execute(["v1.sketch.dimension",[{"type":"OFFSET","value":"@expr.d191_depth","name":"depth","id":1485,"geomIds":[1495]}]])
[0m[0;32m[2026-09-16 14:18:54.857][VERB] RETURN: {"result":"$1541"}
[0m[0;32m[2026-09-16 14:18:54.857][VERB] COMMANDCALL: _C.SafeAPI.Execute(["v1.part.extrusion",[{"references":[1491,1495,1501,1507],"name":"F186_makeBox_cad_primitives_py_8","taperAngle":0,"limit2":"@expr.d192_height","id":4}]])
[0m[0;32m[2026-09-16 14:18:54.862][VERB] RETURN: {"result":"$1545"}
[0m[0;32m[2026-09-16 14:18:54.863][VERB] COMMANDCALL: _C.SafeAPI.Execute(["v1.part.workPlane",[{"type":"PLANE","references":[38],"name":"F194_makeBox_cad_primitives_py_8_plane","offset":"@expr.d195_plane_offset","id":4}]])
[0m[0;32m[2026-09-16 14:18:54.866][VERB] RETURN: {"result":"$1588"}
[0m[0;32m[2026-09-16 14:18:54.867][VERB] COMMANDCALL: _C.SafeAPI.Execute(["v1.sketch.create",[{"planeId":1588,"name":"F194_makeBox_cad_primitives_py_8_profile","id":4}]])
[0m[0;32m[2026-09-16 14:18:54.869][VERB] RETURN: {"result":"$1594"}
[0m[0;32m[2026-09-16 14:18:54.869][VERB] COMMANDCALL: _C.SafeAPI.Execute(["v1.sketch.rectangle",[{"startPos":[85.35,-4,0],"id":1594,"genFixation":0,"endPos":[88.05,-1.3,0]}]])
[0m[0;32m[2026-09-16 14:18:54.876][VERB] RETURN: {"result":["$1600","$1604","$1610","$1616"]}
[0m[0;32m[2026-09-16 14:18:54.876][VERB] COMMANDCALL: _C.SafeAPI.Execute(["v1.sketch.getPoints",[{"id":1600}]])
[0m[0;32m[2026-09-16 14:18:54.876][VERB] RETURN: {"result":{"endId":"$1602","startId":"$1601"}}
[0m[0;32m[2026-09-16 14:18:54.876][VERB] COMMANDCALL: _C.SafeAPI.Execute(["v1.sketch.point",[{"pos":[-1000,-1000,0],"id":1594}]])
[0m[0;32m[2026-09-16 14:18:54.878][VERB] RETURN: {"result":"$1632"}
[0m[0;32m[2026-09-16 14:18:54.879][VERB] COMMANDCALL: _C.SafeAPI.Execute(["v1.sketch.constraint",[{"type":"FIXATION","id":1594,"geomIds":[1632]}]])
[0m[0;32m[2026-09-16 14:18:54.880][VERB] RETURN: {"result":"$1634"}
[0m[0;32m[2026-09-16 14:18:54.880][VERB] COMMANDCALL: _C.SafeAPI.Execute(["v1.sketch.dimension",[{"type":"HORIZONTAL_DISTANCE","value":"@expr.d196_position_x","name":"position_x","id":1594,"geomIds":[1632,1601]}]])
[0m[0;32m[2026-09-16 14:18:54.886][VERB] RETURN: {"result":"$1638"}
[0m[0;32m[2026-09-16 14:18:54.886][VERB] COMMANDCALL: _C.SafeAPI.Execute(["v1.sketch.dimension",[{"type":"VERTICAL_DISTANCE","value":"@expr.d197_position_y","name":"position_y","id":1594,"geomIds":[1632,1601]}]])
[0m[0;32m[2026-09-16 14:18:54.892][VERB] RETURN: {"result":"$1642"}
[0m[0;32m[2026-09-16 14:18:54.893][VERB] COMMANDCALL: _C.SafeAPI.Execute(["v1.sketch.dimension",[{"type":"OFFSET","value":"@expr.d198_width","name":"width","id":1594,"geomIds":[1600]}]])
[0m[0;32m[2026-09-16 14:18:54.900][VERB] RETURN: {"result":"$1646"}
[0m[0;32m[2026-09-16 14:18:54.900][VERB] COMMANDCALL: _C.SafeAPI.Execute(["v1.sketch.dimension",[{"type":"OFFSET","value":"@expr.d199_depth","name":"depth","id":1594,"geomIds":[1604]}]])
[0m[0;32m[2026-09-16 14:18:54.908][VERB] RETURN: {"result":"$1650"}
[0m[0;32m[2026-09-16 14:18:54.909][VERB] COMMANDCALL: _C.SafeAPI.Execute(["v1.part.extrusion",[{"references":[1600,1604,1610,1616],"name":"F194_makeBox_cad_primitives_py_8","taperAngle":0,"limit2":"@expr.d200_height","id":4}]])
[0m[0;32m[2026-09-16 14:18:54.914][VERB] RETURN: {"result":"$1654"}
[0m[0;32m[2026-09-16 14:18:54.914][VERB] COMMANDCALL: _C.SafeAPI.Execute(["v1.part.workPlane",[{"type":"PLANE","references":[38],"name":"F201_makeCylinder_cad_primitives_py_12_plane","offset":"@expr.d202_plane_offset","id":4}]])
[0m[0;32m[2026-09-16 14:18:54.918][VERB] RETURN: {"result":"$1697"}
[0m[0;32m[2026-09-16 14:18:54.918][VERB] COMMANDCALL: _C.SafeAPI.Execute(["v1.sketch.create",[{"planeId":1697,"name":"F201_makeCylinder_cad_primitives_py_12_profile","id":4}]])
[0m[0;32m[2026-09-16 14:18:54.920][VERB] RETURN: {"result":"$1703"}
[0m[0;32m[2026-09-16 14:18:54.921][VERB] COMMANDCALL: _C.SafeAPI.Execute(["v1.sketch.circle",[{"radius":2.7,"id":1703,"genFixation":0,"centerPos":[85.35,-4,0]}]])
[0m[0;32m[2026-09-16 14:18:54.922][VERB] RETURN: {"result":"$1709"}
[0m[0;32m[2026-09-16 14:18:54.922][VERB] COMMANDCALL: _C.SafeAPI.Execute(["v1.sketch.getPoints",[{"id":1709}]])
[0m[0;32m[2026-09-16 14:18:54.922][VERB] RETURN: {"result":{"centerId":"$1710"}}
[0m[0;32m[2026-09-16 14:18:54.922][VERB] COMMANDCALL: _C.SafeAPI.Execute(["v1.sketch.point",[{"pos":[-1000,-1000,0],"id":1703}]])
[0m[0;32m[2026-09-16 14:18:54.923][VERB] RETURN: {"result":"$1712"}
[0m[0;32m[2026-09-16 14:18:54.923][VERB] COMMANDCALL: _C.SafeAPI.Execute(["v1.sketch.constraint",[{"type":"FIXATION","id":1703,"geomIds":[1712]}]])
[0m[0;32m[2026-09-16 14:18:54.924][VERB] RETURN: {"result":"$1714"}
[0m[0;32m[2026-09-16 14:18:54.924][VERB] COMMANDCALL: _C.SafeAPI.Execute(["v1.sketch.dimension",[{"type":"HORIZONTAL_DISTANCE","value":"@expr.d203_position_x","name":"position_x","id":1703,"geomIds":[1712,1710]}]])
[0m[0;32m[2026-09-16 14:18:54.929][VERB] RETURN: {"result":"$1718"}
[0m[0;32m[2026-09-16 14:18:54.929][VERB] COMMANDCALL: _C.SafeAPI.Execute(["v1.sketch.dimension",[{"type":"VERTICAL_DISTANCE","value":"@expr.d204_position_y","name":"position_y","id":1703,"geomIds":[1712,1710]}]])
[0m[0;32m[2026-09-16 14:18:54.934][VERB] RETURN: {"result":"$1722"}
[0m[0;32m[2026-09-16 14:18:54.935][VERB] COMMANDCALL: _C.SafeAPI.Execute(["v1.sketch.dimension",[{"type":"RADIUS","value":"@expr.d205_radius","name":"radius","id":1703,"geomIds":[1709]}]])
[0m[0;32m[2026-09-16 14:18:54.940][VERB] RETURN: {"result":"$1726"}
[0m[0;32m[2026-09-16 14:18:54.940][VERB] COMMANDCALL: _C.SafeAPI.Execute(["v1.part.extrusion",[{"references":[1709],"name":"F201_makeCylinder_cad_primitives_py_12","taperAngle":0,"limit2":"@expr.d206_height","id":4}]])
[0m[0;32m[2026-09-16 14:18:54.946][VERB] RETURN: {"result":"$1730"}
[0m[0;32m[2026-09-16 14:18:54.946][VERB] COMMANDCALL: _C.SafeAPI.Execute(["v1.part.boolean",[{"type":"SUBTRACTION","tools":[1730],"target":1654,"name":"F193_cut_housing_shell_py_25","id":4}]])
[0m[0;32m[2026-09-16 14:18:54.953][VERB] RETURN: {"result":"$1752"}
[0m[0;32m[2026-09-16 14:18:54.954][VERB] COMMANDCALL: _C.SafeAPI.Execute(["v1.part.workPlane",[{"type":"PLANE","references":[38],"name":"F207_makeBox_cad_primitives_py_8_plane","offset":"@expr.d208_plane_offset","id":4}]])
[0m[0;32m[2026-09-16 14:18:54.957][VERB] RETURN: {"result":"$1770"}
[0m[0;32m[2026-09-16 14:18:54.958][VERB] COMMANDCALL: _C.SafeAPI.Execute(["v1.sketch.create",[{"planeId":1770,"name":"F207_makeBox_cad_primitives_py_8_profile","id":4}]])
[0m[0;32m[2026-09-16 14:18:54.960][VERB] RETURN: {"result":"$1776"}
[0m[0;32m[2026-09-16 14:18:54.960][VERB] COMMANDCALL: _C.SafeAPI.Execute(["v1.sketch.rectangle",[{"startPos":[88.05,30,0],"id":1776,"genFixation":0,"endPos":[92.5,41.3,0]}]])
[0m[0;32m[2026-09-16 14:18:54.967][VERB] RETURN: {"result":["$1782","$1786","$1792","$1798"]}
[0m[0;32m[2026-09-16 14:18:54.967][VERB] COMMANDCALL: _C.SafeAPI.Execute(["v1.sketch.getPoints",[{"id":1782}]])
[0m[0;32m[2026-09-16 14:18:54.967][VERB] RETURN: {"result":{"endId":"$1784","startId":"$1783"}}
[0m[0;32m[2026-09-16 14:18:54.967][VERB] COMMANDCALL: _C.SafeAPI.Execute(["v1.sketch.point",[{"pos":[-1000,-1000,0],"id":1776}]])
[0m[0;32m[2026-09-16 14:18:54.969][VERB] RETURN: {"result":"$1814"}
[0m[0;32m[2026-09-16 14:18:54.969][VERB] COMMANDCALL: _C.SafeAPI.Execute(["v1.sketch.constraint",[{"type":"FIXATION","id":1776,"geomIds":[1814]}]])
[0m[0;32m[2026-09-16 14:18:54.971][VERB] RETURN: {"result":"$1816"}
[0m[0;32m[2026-09-16 14:18:54.971][VERB] COMMANDCALL: _C.SafeAPI.Execute(["v1.sketch.dimension",[{"type":"HORIZONTAL_DISTANCE","value":"@expr.d209_position_x","name":"position_x","id":1776,"geomIds":[1814,1783]}]])
[0m[0;32m[2026-09-16 14:18:54.976][VERB] RETURN: {"result":"$1820"}
[0m[0;32m[2026-09-16 14:18:54.977][VERB] COMMANDCALL: _C.SafeAPI.Execute(["v1.sketch.dimension",[{"type":"VERTICAL_DISTANCE","value":"@expr.d210_position_y","name":"position_y","id":1776,"geomIds":[1814,1783]}]])
[0m[0;32m[2026-09-16 14:18:54.983][VERB] RETURN: {"result":"$1824"}
[0m[0;32m[2026-09-16 14:18:54.983][VERB] COMMANDCALL: _C.SafeAPI.Execute(["v1.sketch.dimension",[{"type":"OFFSET","value":"@expr.d211_width","name":"width","id":1776,"geomIds":[1782]}]])
[0m[0;32m[2026-09-16 14:18:54.991][VERB] RETURN: {"result":"$1828"}
[0m[0;32m[2026-09-16 14:18:54.991][VERB] COMMANDCALL: _C.SafeAPI.Execute(["v1.sketch.dimension",[{"type":"OFFSET","value":"@expr.d212_depth","name":"depth","id":1776,"geomIds":[1786]}]])
[0m[0;32m[2026-09-16 14:18:54.999][VERB] RETURN: {"result":"$1832"}
[0m[0;32m[2026-09-16 14:18:54.999][VERB] COMMANDCALL: _C.SafeAPI.Execute(["v1.part.extrusion",[{"references":[1782,1786,1792,1798],"name":"F207_makeBox_cad_primitives_py_8","taperAngle":0,"limit2":"@expr.d213_height","id":4}]])
[0m[0;32m[2026-09-16 14:18:55.005][VERB] RETURN: {"result":"$1836"}
[0m[0;32m[2026-09-16 14:18:55.005][VERB] COMMANDCALL: _C.SafeAPI.Execute(["v1.part.workPlane",[{"type":"PLANE","references":[38],"name":"F214_makeBox_cad_primitives_py_8_plane","offset":"@expr.d215_plane_offset","id":4}]])
[0m[0;32m[2026-09-16 14:18:55.009][VERB] RETURN: {"result":"$1879"}
[0m[0;32m[2026-09-16 14:18:55.009][VERB] COMMANDCALL: _C.SafeAPI.Execute(["v1.sketch.create",[{"planeId":1879,"name":"F214_makeBox_cad_primitives_py_8_profile","id":4}]])
[0m[0;32m[2026-09-16 14:18:55.012][VERB] RETURN: {"result":"$1885"}
[0m[0;32m[2026-09-16 14:18:55.012][VERB] COMMANDCALL: _C.SafeAPI.Execute(["v1.sketch.rectangle",[{"startPos":[88.05,30,0],"id":1885,"genFixation":0,"endPos":[92.5,38,0]}]])
[0m[0;32m[2026-09-16 14:18:55.019][VERB] RETURN: {"result":["$1891","$1895","$1901","$1907"]}
[0m[0;32m[2026-09-16 14:18:55.019][VERB] COMMANDCALL: _C.SafeAPI.Execute(["v1.sketch.getPoints",[{"id":1891}]])
[0m[0;32m[2026-09-16 14:18:55.019][VERB] RETURN: {"result":{"endId":"$1893","startId":"$1892"}}
[0m[0;32m[2026-09-16 14:18:55.020][VERB] COMMANDCALL: _C.SafeAPI.Execute(["v1.sketch.point",[{"pos":[-1000,-1000,0],"id":1885}]])
[0m[0;32m[2026-09-16 14:18:55.022][VERB] RETURN: {"result":"$1923"}
[0m[0;32m[2026-09-16 14:18:55.022][VERB] COMMANDCALL: _C.SafeAPI.Execute(["v1.sketch.constraint",[{"type":"FIXATION","id":1885,"geomIds":[1923]}]])
[0m[0;32m[2026-09-16 14:18:55.024][VERB] RETURN: {"result":"$1925"}
[0m[0;32m[2026-09-16 14:18:55.024][VERB] COMMANDCALL: _C.SafeAPI.Execute(["v1.sketch.dimension",[{"type":"HORIZONTAL_DISTANCE","value":"@expr.d216_position_x","name":"position_x","id":1885,"geomIds":[1923,1892]}]])
[0m[0;32m[2026-09-16 14:18:55.030][VERB] RETURN: {"result":"$1929"}
[0m[0;32m[2026-09-16 14:18:55.030][VERB] COMMANDCALL: _C.SafeAPI.Execute(["v1.sketch.dimension",[{"type":"VERTICAL_DISTANCE","value":"@expr.d217_position_y","name":"position_y","id":1885,"geomIds":[1923,1892]}]])
[0m[0;32m[2026-09-16 14:18:55.037][VERB] RETURN: {"result":"$1933"}
[0m[0;32m[2026-09-16 14:18:55.037][VERB] COMMANDCALL: _C.SafeAPI.Execute(["v1.sketch.dimension",[{"type":"OFFSET","value":"@expr.d218_width","name":"width","id":1885,"geomIds":[1891]}]])
[0m[0;32m[2026-09-16 14:18:55.044][VERB] RETURN: {"result":"$1937"}
[0m[0;32m[2026-09-16 14:18:55.044][VERB] COMMANDCALL: _C.SafeAPI.Execute(["v1.sketch.dimension",[{"type":"OFFSET","value":"@expr.d219_depth","name":"depth","id":1885,"geomIds":[1895]}]])
[0m[0;32m[2026-09-16 14:18:55.053][VERB] RETURN: {"result":"$1941"}
[0m[0;32m[2026-09-16 14:18:55.053][VERB] COMMANDCALL: _C.SafeAPI.Execute(["v1.part.extrusion",[{"references":[1891,1895,1901,1907],"name":"F214_makeBox_cad_primitives_py_8","taperAngle":0,"limit2":"@expr.d220_height","id":4}]])
[0m[0;32m[2026-09-16 14:18:55.058][VERB] RETURN: {"result":"$1945"}
[0m[0;32m[2026-09-16 14:18:55.059][VERB] COMMANDCALL: _C.SafeAPI.Execute(["v1.part.workPlane",[{"type":"PLANE","references":[38],"name":"F222_makeBox_cad_primitives_py_8_plane","offset":"@expr.d223_plane_offset","id":4}]])
[0m[0;32m[2026-09-16 14:18:55.063][VERB] RETURN: {"result":"$1988"}
[0m[0;32m[2026-09-16 14:18:55.063][VERB] COMMANDCALL: _C.SafeAPI.Execute(["v1.sketch.create",[{"planeId":1988,"name":"F222_makeBox_cad_primitives_py_8_profile","id":4}]])
[0m[0;32m[2026-09-16 14:18:55.065][VERB] RETURN: {"result":"$1994"}
[0m[0;32m[2026-09-16 14:18:55.065][VERB] COMMANDCALL: _C.SafeAPI.Execute(["v1.sketch.rectangle",[{"startPos":[59.1,40.8,0],"id":1994,"genFixation":0,"endPos":[63.1,44.8,0]}]])
[0m[0;32m[2026-09-16 14:18:55.072][VERB] RETURN: {"result":["$2000","$2004","$2010","$2016"]}
[0m[0;32m[2026-09-16 14:18:55.072][VERB] COMMANDCALL: _C.SafeAPI.Execute(["v1.sketch.getPoints",[{"id":2000}]])
[0m[0;32m[2026-09-16 14:18:55.072][VERB] RETURN: {"result":{"endId":"$2002","startId":"$2001"}}
[0m[0;32m[2026-09-16 14:18:55.073][VERB] COMMANDCALL: _C.SafeAPI.Execute(["v1.sketch.point",[{"pos":[-1000,-1000,0],"id":1994}]])
[0m[0;32m[2026-09-16 14:18:55.075][VERB] RETURN: {"result":"$2032"}
[0m[0;32m[2026-09-16 14:18:55.075][VERB] COMMANDCALL: _C.SafeAPI.Execute(["v1.sketch.constraint",[{"type":"FIXATION","id":1994,"geomIds":[2032]}]])
[0m[0;32m[2026-09-16 14:18:55.076][VERB] RETURN: {"result":"$2034"}
[0m[0;32m[2026-09-16 14:18:55.077][VERB] COMMANDCALL: _C.SafeAPI.Execute(["v1.sketch.dimension",[{"type":"HORIZONTAL_DISTANCE","value":"@expr.d224_position_x","name":"position_x","id":1994,"geomIds":[2032,2001]}]])
[0m[0;32m[2026-09-16 14:18:55.082][VERB] RETURN: {"result":"$2038"}
[0m[0;32m[2026-09-16 14:18:55.083][VERB] COMMANDCALL: _C.SafeAPI.Execute(["v1.sketch.dimension",[{"type":"VERTICAL_DISTANCE","value":"@expr.d225_position_y","name":"position_y","id":1994,"geomIds":[2032,2001]}]])
[0m[0;32m[2026-09-16 14:18:55.089][VERB] RETURN: {"result":"$2042"}
[0m[0;32m[2026-09-16 14:18:55.090][VERB] COMMANDCALL: _C.SafeAPI.Execute(["v1.sketch.dimension",[{"type":"OFFSET","value":"@expr.d226_width","name":"width","id":1994,"geomIds":[2000]}]])
[0m[0;32m[2026-09-16 14:18:55.097][VERB] RETURN: {"result":"$2046"}
[0m[0;32m[2026-09-16 14:18:55.098][VERB] COMMANDCALL: _C.SafeAPI.Execute(["v1.sketch.dimension",[{"type":"OFFSET","value":"@expr.d227_depth","name":"depth","id":1994,"geomIds":[2004]}]])
[0m[0;32m[2026-09-16 14:18:55.106][VERB] RETURN: {"result":"$2050"}
[0m[0;32m[2026-09-16 14:18:55.107][VERB] COMMANDCALL: _C.SafeAPI.Execute(["v1.part.extrusion",[{"references":[2000,2004,2010,2016],"name":"F222_makeBox_cad_primitives_py_8","taperAngle":0,"limit2":"@expr.d228_height","id":4}]])
[0m[0;32m[2026-09-16 14:18:55.112][VERB] RETURN: {"result":"$2054"}
[0m[0;32m[2026-09-16 14:18:55.112][VERB] COMMANDCALL: _C.SafeAPI.Execute(["v1.part.workPlane",[{"type":"PLANE","references":[38],"name":"F229_makeCylinder_cad_primitives_py_12_plane","offset":"@expr.d230_plane_offset","id":4}]])
[0m[0;32m[2026-09-16 14:18:55.116][VERB] RETURN: {"result":"$2097"}
[0m[0;32m[2026-09-16 14:18:55.117][VERB] COMMANDCALL: _C.SafeAPI.Execute(["v1.sketch.create",[{"planeId":2097,"name":"F229_makeCylinder_cad_primitives_py_12_profile","id":4}]])
[0m[0;32m[2026-09-16 14:18:55.119][VERB] RETURN: {"result":"$2103"}
[0m[0;32m[2026-09-16 14:18:55.119][VERB] COMMANDCALL: _C.SafeAPI.Execute(["v1.sketch.circle",[{"radius":4,"id":2103,"genFixation":0,"centerPos":[63.1,44.8,0]}]])
[0m[0;32m[2026-09-16 14:18:55.121][VERB] RETURN: {"result":"$2109"}
[0m[0;32m[2026-09-16 14:18:55.121][VERB] COMMANDCALL: _C.SafeAPI.Execute(["v1.sketch.getPoints",[{"id":2109}]])
[0m[0;32m[2026-09-16 14:18:55.121][VERB] RETURN: {"result":{"centerId":"$2110"}}
[0m[0;32m[2026-09-16 14:18:55.121][VERB] COMMANDCALL: _C.SafeAPI.Execute(["v1.sketch.point",[{"pos":[-1000,-1000,0],"id":2103}]])
[0m[0;32m[2026-09-16 14:18:55.122][VERB] RETURN: {"result":"$2112"}
[0m[0;32m[2026-09-16 14:18:55.122][VERB] COMMANDCALL: _C.SafeAPI.Execute(["v1.sketch.constraint",[{"type":"FIXATION","id":2103,"geomIds":[2112]}]])
[0m[0;32m[2026-09-16 14:18:55.123][VERB] RETURN: {"result":"$2114"}
[0m[0;32m[2026-09-16 14:18:55.123][VERB] COMMANDCALL: _C.SafeAPI.Execute(["v1.sketch.dimension",[{"type":"HORIZONTAL_DISTANCE","value":"@expr.d231_position_x","name":"position_x","id":2103,"geomIds":[2112,2110]}]])
[0m[0;32m[2026-09-16 14:18:55.128][VERB] RETURN: {"result":"$2118"}
[0m[0;32m[2026-09-16 14:18:55.128][VERB] COMMANDCALL: _C.SafeAPI.Execute(["v1.sketch.dimension",[{"type":"VERTICAL_DISTANCE","value":"@expr.d232_position_y","name":"position_y","id":2103,"geomIds":[2112,2110]}]])
[0m[0;32m[2026-09-16 14:18:55.133][VERB] RETURN: {"result":"$2122"}
[0m[0;32m[2026-09-16 14:18:55.134][VERB] COMMANDCALL: _C.SafeAPI.Execute(["v1.sketch.dimension",[{"type":"RADIUS","value":"@expr.d233_radius","name":"radius","id":2103,"geomIds":[2109]}]])
[0m[0;32m[2026-09-16 14:18:55.139][VERB] RETURN: {"result":"$2126"}
[0m[0;32m[2026-09-16 14:18:55.139][VERB] COMMANDCALL: _C.SafeAPI.Execute(["v1.part.extrusion",[{"references":[2109],"name":"F229_makeCylinder_cad_primitives_py_12","taperAngle":0,"limit2":"@expr.d234_height","id":4}]])
[0m[0;32m[2026-09-16 14:18:55.145][VERB] RETURN: {"result":"$2130"}
[0m[0;32m[2026-09-16 14:18:55.146][VERB] COMMANDCALL: _C.SafeAPI.Execute(["v1.part.boolean",[{"type":"SUBTRACTION","tools":[2130],"target":2054,"name":"F221_cut_housing_shell_py_39","id":4}]])
[0m[0;32m[2026-09-16 14:18:55.152][VERB] RETURN: {"result":"$2152"}
[0m[0;32m[2026-09-16 14:18:55.152][VERB] COMMANDCALL: _C.SafeAPI.Execute(["v1.part.workPlane",[{"type":"PLANE","references":[38],"name":"F236_makeBox_cad_primitives_py_8_plane","offset":"@expr.d237_plane_offset","id":4}]])
[0m[0;32m[2026-09-16 14:18:55.156][VERB] RETURN: {"result":"$2170"}
[0m[0;32m[2026-09-16 14:18:55.156][VERB] COMMANDCALL: _C.SafeAPI.Execute(["v1.sketch.create",[{"planeId":2170,"name":"F236_makeBox_cad_primitives_py_8_profile","id":4}]])
[0m[0;32m[2026-09-16 14:18:55.158][VERB] RETURN: {"result":"$2176"}
[0m[0;32m[2026-09-16 14:18:55.158][VERB] COMMANDCALL: _C.SafeAPI.Execute(["v1.sketch.rectangle",[{"startPos":[42.1,16.1,0],"id":2176,"genFixation":0,"endPos":[46.1,20.1,0]}]])
[0m[0;32m[2026-09-16 14:18:55.165][VERB] RETURN: {"result":["$2182","$2186","$2192","$2198"]}
[0m[0;32m[2026-09-16 14:18:55.165][VERB] COMMANDCALL: _C.SafeAPI.Execute(["v1.sketch.getPoints",[{"id":2182}]])
[0m[0;32m[2026-09-16 14:18:55.166][VERB] RETURN: {"result":{"endId":"$2184","startId":"$2183"}}
[0m[0;32m[2026-09-16 14:18:55.166][VERB] COMMANDCALL: _C.SafeAPI.Execute(["v1.sketch.point",[{"pos":[-1000,-1000,0],"id":2176}]])
[0m[0;32m[2026-09-16 14:18:55.168][VERB] RETURN: {"result":"$2214"}
[0m[0;32m[2026-09-16 14:18:55.168][VERB] COMMANDCALL: _C.SafeAPI.Execute(["v1.sketch.constraint",[{"type":"FIXATION","id":2176,"geomIds":[2214]}]])
[0m[0;32m[2026-09-16 14:18:55.170][VERB] RETURN: {"result":"$2216"}
[0m[0;32m[2026-09-16 14:18:55.170][VERB] COMMANDCALL: _C.SafeAPI.Execute(["v1.sketch.dimension",[{"type":"HORIZONTAL_DISTANCE","value":"@expr.d238_position_x","name":"position_x","id":2176,"geomIds":[2214,2183]}]])
[0m[0;32m[2026-09-16 14:18:55.175][VERB] RETURN: {"result":"$2220"}
[0m[0;32m[2026-09-16 14:18:55.176][VERB] COMMANDCALL: _C.SafeAPI.Execute(["v1.sketch.dimension",[{"type":"VERTICAL_DISTANCE","value":"@expr.d239_position_y","name":"position_y","id":2176,"geomIds":[2214,2183]}]])
[0m[0;32m[2026-09-16 14:18:55.182][VERB] RETURN: {"result":"$2224"}
[0m[0;32m[2026-09-16 14:18:55.182][VERB] COMMANDCALL: _C.SafeAPI.Execute(["v1.sketch.dimension",[{"type":"OFFSET","value":"@expr.d240_width","name":"width","id":2176,"geomIds":[2182]}]])
[0m[0;32m[2026-09-16 14:18:55.190][VERB] RETURN: {"result":"$2228"}
[0m[0;32m[2026-09-16 14:18:55.190][VERB] COMMANDCALL: _C.SafeAPI.Execute(["v1.sketch.dimension",[{"type":"OFFSET","value":"@expr.d241_depth","name":"depth","id":2176,"geomIds":[2186]}]])
[0m[0;32m[2026-09-16 14:18:55.198][VERB] RETURN: {"result":"$2232"}
[0m[0;32m[2026-09-16 14:18:55.199][VERB] COMMANDCALL: _C.SafeAPI.Execute(["v1.part.extrusion",[{"references":[2182,2186,2192,2198],"name":"F236_makeBox_cad_primitives_py_8","taperAngle":0,"limit2":"@expr.d242_height","id":4}]])
[0m[0;32m[2026-09-16 14:18:55.204][VERB] RETURN: {"result":"$2236"}
[0m[0;32m[2026-09-16 14:18:55.205][VERB] COMMANDCALL: _C.SafeAPI.Execute(["v1.part.workPlane",[{"type":"PLANE","references":[38],"name":"F243_makeCylinder_cad_primitives_py_12_plane","offset":"@expr.d244_plane_offset","id":4}]])
[0m[0;32m[2026-09-16 14:18:55.209][VERB] RETURN: {"result":"$2279"}
[0m[0;32m[2026-09-16 14:18:55.209][VERB] COMMANDCALL: _C.SafeAPI.Execute(["v1.sketch.create",[{"planeId":2279,"name":"F243_makeCylinder_cad_primitives_py_12_profile","id":4}]])
[0m[0;32m[2026-09-16 14:18:55.211][VERB] RETURN: {"result":"$2285"}
[0m[0;32m[2026-09-16 14:18:55.211][VERB] COMMANDCALL: _C.SafeAPI.Execute(["v1.sketch.circle",[{"radius":4,"id":2285,"genFixation":0,"centerPos":[42.1,16.1,0]}]])
[0m[0;32m[2026-09-16 14:18:55.214][VERB] RETURN: {"result":"$2291"}
[0m[0;32m[2026-09-16 14:18:55.214][VERB] COMMANDCALL: _C.SafeAPI.Execute(["v1.sketch.getPoints",[{"id":2291}]])
[0m[0;32m[2026-09-16 14:18:55.214][VERB] RETURN: {"result":{"centerId":"$2292"}}
[0m[0;32m[2026-09-16 14:18:55.214][VERB] COMMANDCALL: _C.SafeAPI.Execute(["v1.sketch.point",[{"pos":[-1000,-1000,0],"id":2285}]])
[0m[0;32m[2026-09-16 14:18:55.218][VERB] RETURN: {"result":"$2294"}
[0m[0;32m[2026-09-16 14:18:55.219][VERB] COMMANDCALL: _C.SafeAPI.Execute(["v1.sketch.constraint",[{"type":"FIXATION","id":2285,"geomIds":[2294]}]])
[0m[0;32m[2026-09-16 14:18:55.220][VERB] RETURN: {"result":"$2296"}
[0m[0;32m[2026-09-16 14:18:55.220][VERB] COMMANDCALL: _C.SafeAPI.Execute(["v1.sketch.dimension",[{"type":"HORIZONTAL_DISTANCE","value":"@expr.d245_position_x","name":"position_x","id":2285,"geomIds":[2294,2292]}]])
[0m[0;32m[2026-09-16 14:18:55.226][VERB] RETURN: {"result":"$2300"}
[0m[0;32m[2026-09-16 14:18:55.227][VERB] COMMANDCALL: _C.SafeAPI.Execute(["v1.sketch.dimension",[{"type":"VERTICAL_DISTANCE","value":"@expr.d246_position_y","name":"position_y","id":2285,"geomIds":[2294,2292]}]])
[0m[0;32m[2026-09-16 14:18:55.235][VERB] RETURN: {"result":"$2304"}
[0m[0;32m[2026-09-16 14:18:55.236][VERB] COMMANDCALL: _C.SafeAPI.Execute(["v1.sketch.dimension",[{"type":"RADIUS","value":"@expr.d247_radius","name":"radius","id":2285,"geomIds":[2291]}]])
[0m[0;32m[2026-09-16 14:18:55.242][VERB] RETURN: {"result":"$2308"}
[0m[0;32m[2026-09-16 14:18:55.243][VERB] COMMANDCALL: _C.SafeAPI.Execute(["v1.part.extrusion",[{"references":[2291],"name":"F243_makeCylinder_cad_primitives_py_12","taperAngle":0,"limit2":"@expr.d248_height","id":4}]])
[0m[0;32m[2026-09-16 14:18:55.249][VERB] RETURN: {"result":"$2312"}
[0m[0;32m[2026-09-16 14:18:55.250][VERB] COMMANDCALL: _C.SafeAPI.Execute(["v1.part.boolean",[{"type":"SUBTRACTION","tools":[2312],"target":2236,"name":"F235_cut_housing_shell_py_48","id":4}]])
[0m[0;32m[2026-09-16 14:18:55.256][VERB] RETURN: {"result":"$2334"}
[0m[0;32m[2026-09-16 14:18:55.256][VERB] COMMANDCALL: _C.SafeAPI.Execute(["v1.part.workPlane",[{"type":"PLANE","references":[38],"name":"F249_makeCylinder_cad_primitives_py_12_plane","offset":"@expr.d250_plane_offset","id":4}]])
[0m[0;32m[2026-09-16 14:18:55.260][VERB] RETURN: {"result":"$2352"}
[0m[0;32m[2026-09-16 14:18:55.260][VERB] COMMANDCALL: _C.SafeAPI.Execute(["v1.sketch.create",[{"planeId":2352,"name":"F249_makeCylinder_cad_primitives_py_12_profile","id":4}]])
[0m[0;32m[2026-09-16 14:18:55.263][VERB] RETURN: {"result":"$2358"}
[0m[0;32m[2026-09-16 14:18:55.263][VERB] COMMANDCALL: _C.SafeAPI.Execute(["v1.sketch.circle",[{"radius":4.5,"id":2358,"genFixation":0,"centerPos":[86.8,38.9,0]}]])
[0m[0;32m[2026-09-16 14:18:55.264][VERB] RETURN: {"result":"$2364"}
[0m[0;32m[2026-09-16 14:18:55.264][VERB] COMMANDCALL: _C.SafeAPI.Execute(["v1.sketch.getPoints",[{"id":2364}]])
[0m[0;32m[2026-09-16 14:18:55.264][VERB] RETURN: {"result":{"centerId":"$2365"}}
[0m[0;32m[2026-09-16 14:18:55.264][VERB] COMMANDCALL: _C.SafeAPI.Execute(["v1.sketch.point",[{"pos":[-1000,-1000,0],"id":2358}]])
[0m[0;32m[2026-09-16 14:18:55.265][VERB] RETURN: {"result":"$2367"}
[0m[0;32m[2026-09-16 14:18:55.266][VERB] COMMANDCALL: _C.SafeAPI.Execute(["v1.sketch.constraint",[{"type":"FIXATION","id":2358,"geomIds":[2367]}]])
[0m[0;32m[2026-09-16 14:18:55.267][VERB] RETURN: {"result":"$2369"}
[0m[0;32m[2026-09-16 14:18:55.267][VERB] COMMANDCALL: _C.SafeAPI.Execute(["v1.sketch.dimension",[{"type":"HORIZONTAL_DISTANCE","value":"@expr.d251_position_x","name":"position_x","id":2358,"geomIds":[2367,2365]}]])
[0m[0;32m[2026-09-16 14:18:55.272][VERB] RETURN: {"result":"$2373"}
[0m[0;32m[2026-09-16 14:18:55.272][VERB] COMMANDCALL: _C.SafeAPI.Execute(["v1.sketch.dimension",[{"type":"VERTICAL_DISTANCE","value":"@expr.d252_position_y","name":"position_y","id":2358,"geomIds":[2367,2365]}]])
[0m[0;32m[2026-09-16 14:18:55.278][VERB] RETURN: {"result":"$2377"}
[0m[0;32m[2026-09-16 14:18:55.278][VERB] COMMANDCALL: _C.SafeAPI.Execute(["v1.sketch.dimension",[{"type":"RADIUS","value":"@expr.d253_radius","name":"radius","id":2358,"geomIds":[2364]}]])
[0m[0;32m[2026-09-16 14:18:55.283][VERB] RETURN: {"result":"$2381"}
[0m[0;32m[2026-09-16 14:18:55.284][VERB] COMMANDCALL: _C.SafeAPI.Execute(["v1.part.extrusion",[{"references":[2364],"name":"F249_makeCylinder_cad_primitives_py_12","taperAngle":0,"limit2":"@expr.d254_height","id":4}]])
[0m[0;32m[2026-09-16 14:18:55.290][VERB] RETURN: {"result":"$2385"}
[0m[0;32m[2026-09-16 14:18:55.290][VERB] COMMANDCALL: _C.SafeAPI.Execute(["v1.part.workPlane",[{"type":"PLANE","references":[38],"name":"F255_makeBox_cad_primitives_py_8_plane","offset":"@expr.d256_plane_offset","id":4}]])
[0m[0;32m[2026-09-16 14:18:55.294][VERB] RETURN: {"result":"$2407"}
[0m[0;32m[2026-09-16 14:18:55.294][VERB] COMMANDCALL: _C.SafeAPI.Execute(["v1.sketch.create",[{"planeId":2407,"name":"F255_makeBox_cad_primitives_py_8_profile","id":4}]])
[0m[0;32m[2026-09-16 14:18:55.297][VERB] RETURN: {"result":"$2413"}
[0m[0;32m[2026-09-16 14:18:55.297][VERB] COMMANDCALL: _C.SafeAPI.Execute(["v1.sketch.rectangle",[{"startPos":[86.8,30,0],"id":2413,"genFixation":0,"endPos":[92.5,43,0]}]])
[0m[0;32m[2026-09-16 14:18:55.304][VERB] RETURN: {"result":["$2419","$2423","$2429","$2435"]}
[0m[0;32m[2026-09-16 14:18:55.304][VERB] COMMANDCALL: _C.SafeAPI.Execute(["v1.sketch.getPoints",[{"id":2419}]])
[0m[0;32m[2026-09-16 14:18:55.304][VERB] RETURN: {"result":{"endId":"$2421","startId":"$2420"}}
[0m[0;32m[2026-09-16 14:18:55.304][VERB] COMMANDCALL: _C.SafeAPI.Execute(["v1.sketch.point",[{"pos":[-1000,-1000,0],"id":2413}]])
[0m[0;32m[2026-09-16 14:18:55.306][VERB] RETURN: {"result":"$2451"}
[0m[0;32m[2026-09-16 14:18:55.306][VERB] COMMANDCALL: _C.SafeAPI.Execute(["v1.sketch.constraint",[{"type":"FIXATION","id":2413,"geomIds":[2451]}]])
[0m[0;32m[2026-09-16 14:18:55.308][VERB] RETURN: {"result":"$2453"}
[0m[0;32m[2026-09-16 14:18:55.308][VERB] COMMANDCALL: _C.SafeAPI.Execute(["v1.sketch.dimension",[{"type":"HORIZONTAL_DISTANCE","value":"@expr.d257_position_x","name":"position_x","id":2413,"geomIds":[2451,2420]}]])
[0m[0;32m[2026-09-16 14:18:55.314][VERB] RETURN: {"result":"$2457"}
[0m[0;32m[2026-09-16 14:18:55.314][VERB] COMMANDCALL: _C.SafeAPI.Execute(["v1.sketch.dimension",[{"type":"VERTICAL_DISTANCE","value":"@expr.d258_position_y","name":"position_y","id":2413,"geomIds":[2451,2420]}]])
[0m[0;32m[2026-09-16 14:18:55.320][VERB] RETURN: {"result":"$2461"}
[0m[0;32m[2026-09-16 14:18:55.320][VERB] COMMANDCALL: _C.SafeAPI.Execute(["v1.sketch.dimension",[{"type":"OFFSET","value":"@expr.d259_width","name":"width","id":2413,"geomIds":[2419]}]])
[0m[0;32m[2026-09-16 14:18:55.328][VERB] RETURN: {"result":"$2465"}
[0m[0;32m[2026-09-16 14:18:55.329][VERB] COMMANDCALL: _C.SafeAPI.Execute(["v1.sketch.dimension",[{"type":"OFFSET","value":"@expr.d260_depth","name":"depth","id":2413,"geomIds":[2423]}]])
[0m[0;32m[2026-09-16 14:18:55.336][VERB] RETURN: {"result":"$2469"}
[0m[0;32m[2026-09-16 14:18:55.337][VERB] COMMANDCALL: _C.SafeAPI.Execute(["v1.part.extrusion",[{"references":[2419,2423,2429,2435],"name":"F255_makeBox_cad_primitives_py_8","taperAngle":0,"limit2":"@expr.d261_height","id":4}]])
[0m[0;32m[2026-09-16 14:18:55.342][VERB] RETURN: {"result":"$2473"}
[0m[0;32m[2026-09-16 14:18:55.343][VERB] COMMANDCALL: _C.SafeAPI.Execute(["v1.part.boolean",[{"type":"UNION","tools":[231,307,362,417,472,560,669,745,800,855,910,998,1107,1183,1238,1293,1348,1436,1545,1752,1836,1945,2152,2334,2385,2473],"target":122,"name":"F64_union_cad_primitives_py_17","id":4}]])
[0m[0;32m[2026-09-16 14:18:55.387][VERB] RETURN: {"result":"$2516"}
[0m[0;32m[2026-09-16 14:18:55.388][VERB] COMMANDCALL: _C.SafeAPI.Execute(["v1.common.setDatabaseSettings",[{"isSketchGraphicEnabled":1,"isGraphicEnabled":1,"isCCGraphicEnabled":1,"doCurveTessellation":1}]])
[0m[0;32m[2026-09-16 14:18:55.388][VERB] RETURN: {"result":null}
[0m[2026-09-16 14:18:55.437][DEBUG] Build graphic in: 29ms
[0;32m[2026-09-16 14:18:55.454][VERB] COMMANDCALL: _C.SafeAPI.Execute(["v1.part.chamfer",[{"references":[2823,3034,2933,3097,2625,3098,2780,2794,2793,2705,2781,2670,2680,2814,2813,3084,3083,3077,3073,3121,3120,3155,3154,3022,3090,2994,3032,3150,3151,3152,3153],"name":"F63_chamfer_shell_skin_py_17","id":4,"distance1":"@expr.d262_cha ...
[0m[0;32m[2026-09-16 14:18:55.845][VERB] RETURN: {"result":"$3169"}
[0m[0;32m[2026-09-16 14:18:55.846][VERB] COMMANDCALL: _C.SafeAPI.Execute(["v1.sketch.create",[{"planeId":38,"name":"F263_chamfer_shell_skin_py_17_middle_profile","id":4}]])
[0m[0;32m[2026-09-16 14:18:55.848][VERB] RETURN: {"result":"$3553"}
[0m[0;32m[2026-09-16 14:18:55.848][VERB] COMMANDCALL: _C.SafeAPI.Execute(["v1.sketch.point",[{"pos":[-1000,-1000,0],"id":3553}]])
[0m[0;32m[2026-09-16 14:18:55.849][VERB] RETURN: {"result":"$3559"}
[0m[0;32m[2026-09-16 14:18:55.849][VERB] COMMANDCALL: _C.SafeAPI.Execute(["v1.sketch.constraint",[{"type":"FIXATION","id":3553,"geomIds":[3559]}]])
[0m[0;32m[2026-09-16 14:18:55.850][VERB] RETURN: {"result":"$3561"}
[0m[0;32m[2026-09-16 14:18:55.851][VERB] COMMANDCALL: _C.SafeAPI.Execute(["v1.sketch.line",[{"startPos":[2.1,1.6,0],"genIncidence":0,"genTangency":0,"genFixation":0,"genVertAndHoriz":0,"id":3553,"endPos":[53,1.6,0]}]])
[0m[0;32m[2026-09-16 14:18:55.852][VERB] RETURN: {"result":"$3563"}
[0m[0;32m[2026-09-16 14:18:55.852][VERB] COMMANDCALL: _C.SafeAPI.Execute(["v1.sketch.getPoints",[{"id":3563}]])
[0m[0;32m[2026-09-16 14:18:55.853][VERB] RETURN: {"result":{"endId":"$3565","startId":"$3564"}}
[0m[0;32m[2026-09-16 14:18:55.853][VERB] COMMANDCALL: _C.SafeAPI.Execute(["v1.sketch.dimension",[{"type":"HORIZONTAL_DISTANCE","value":"@expr.d264_x","name":"x","id":3553,"geomIds":[3559,3564]}]])
[0m[0;32m[2026-09-16 14:18:55.857][VERB] RETURN: {"result":"$3569"}
[0m[0;32m[2026-09-16 14:18:55.857][VERB] COMMANDCALL: _C.SafeAPI.Execute(["v1.sketch.dimension",[{"type":"VERTICAL_DISTANCE","value":"@expr.d265_y","name":"y","id":3553,"geomIds":[3559,3564]}]])
[0m[0;32m[2026-09-16 14:18:55.863][VERB] RETURN: {"result":"$3573"}
[0m[0;32m[2026-09-16 14:18:55.863][VERB] COMMANDCALL: _C.SafeAPI.Execute(["v1.sketch.dimension",[{"type":"HORIZONTAL_DISTANCE","value":"@expr.d266_x","name":"x","id":3553,"geomIds":[3559,3565]}]])
[0m[0;32m[2026-09-16 14:18:55.869][VERB] RETURN: {"result":"$3577"}
[0m[0;32m[2026-09-16 14:18:55.870][VERB] COMMANDCALL: _C.SafeAPI.Execute(["v1.sketch.dimension",[{"type":"VERTICAL_DISTANCE","value":"@expr.d267_y","name":"y","id":3553,"geomIds":[3559,3565]}]])
[0m[0;32m[2026-09-16 14:18:55.876][VERB] RETURN: {"result":"$3581"}
[0m[0;32m[2026-09-16 14:18:55.877][VERB] COMMANDCALL: _C.SafeAPI.Execute(["v1.sketch.line",[{"startPos":[53,1.6,0],"genIncidence":0,"genTangency":0,"genFixation":0,"genVertAndHoriz":0,"id":3553,"endPos":[53.5,2.1,0]}]])
[0m[0;32m[2026-09-16 14:18:55.880][VERB] RETURN: {"result":"$3583"}
[0m[0;32m[2026-09-16 14:18:55.880][VERB] COMMANDCALL: _C.SafeAPI.Execute(["v1.sketch.getPoints",[{"id":3583}]])
[0m[0;32m[2026-09-16 14:18:55.880][VERB] RETURN: {"result":{"endId":"$3585","startId":"$3584"}}
[0m[0;32m[2026-09-16 14:18:55.880][VERB] COMMANDCALL: _C.SafeAPI.Execute(["v1.sketch.dimension",[{"type":"HORIZONTAL_DISTANCE","value":"@expr.d268_x","name":"x","id":3553,"geomIds":[3559,3584]}]])
[0m[0;32m[2026-09-16 14:18:55.888][VERB] RETURN: {"result":"$3589"}
[0m[0;32m[2026-09-16 14:18:55.888][VERB] COMMANDCALL: _C.SafeAPI.Execute(["v1.sketch.dimension",[{"type":"VERTICAL_DISTANCE","value":"@expr.d269_y","name":"y","id":3553,"geomIds":[3559,3584]}]])
[0m[0;32m[2026-09-16 14:18:55.896][VERB] RETURN: {"result":"$3593"}
[0m[0;32m[2026-09-16 14:18:55.897][VERB] COMMANDCALL: _C.SafeAPI.Execute(["v1.sketch.dimension",[{"type":"HORIZONTAL_DISTANCE","value":"@expr.d270_x","name":"x","id":3553,"geomIds":[3559,3585]}]])
[0m[0;32m[2026-09-16 14:18:55.906][VERB] RETURN: {"result":"$3597"}
[0m[0;32m[2026-09-16 14:18:55.906][VERB] COMMANDCALL: _C.SafeAPI.Execute(["v1.sketch.dimension",[{"type":"VERTICAL_DISTANCE","value":"@expr.d271_y","name":"y","id":3553,"geomIds":[3559,3585]}]])
[0m[0;32m[2026-09-16 14:18:55.917][VERB] RETURN: {"result":"$3601"}
[0m[0;32m[2026-09-16 14:18:55.917][VERB] COMMANDCALL: _C.SafeAPI.Execute(["v1.sketch.line",[{"startPos":[53.5,2.1,0],"genIncidence":0,"genTangency":0,"genFixation":0,"genVertAndHoriz":0,"id":3553,"endPos":[53.5,25.1,0]}]])
[0m[0;32m[2026-09-16 14:18:55.922][VERB] RETURN: {"result":"$3603"}
[0m[0;32m[2026-09-16 14:18:55.922][VERB] COMMANDCALL: _C.SafeAPI.Execute(["v1.sketch.getPoints",[{"id":3603}]])
[0m[0;32m[2026-09-16 14:18:55.922][VERB] RETURN: {"result":{"endId":"$3605","startId":"$3604"}}
[0m[0;32m[2026-09-16 14:18:55.923][VERB] COMMANDCALL: _C.SafeAPI.Execute(["v1.sketch.dimension",[{"type":"HORIZONTAL_DISTANCE","value":"@expr.d272_x","name":"x","id":3553,"geomIds":[3559,3604]}]])
[0m[0;32m[2026-09-16 14:18:55.934][VERB] RETURN: {"result":"$3609"}
[0m[0;32m[2026-09-16 14:18:55.934][VERB] COMMANDCALL: _C.SafeAPI.Execute(["v1.sketch.dimension",[{"type":"VERTICAL_DISTANCE","value":"@expr.d273_y","name":"y","id":3553,"geomIds":[3559,3604]}]])
[0m[0;32m[2026-09-16 14:18:55.946][VERB] RETURN: {"result":"$3613"}
[0m[0;32m[2026-09-16 14:18:55.947][VERB] COMMANDCALL: _C.SafeAPI.Execute(["v1.sketch.dimension",[{"type":"HORIZONTAL_DISTANCE","value":"@expr.d274_x","name":"x","id":3553,"geomIds":[3559,3605]}]])
[0m[0;32m[2026-09-16 14:18:55.958][VERB] RETURN: {"result":"$3617"}
[0m[0;32m[2026-09-16 14:18:55.959][VERB] COMMANDCALL: _C.SafeAPI.Execute(["v1.sketch.dimension",[{"type":"VERTICAL_DISTANCE","value":"@expr.d275_y","name":"y","id":3553,"geomIds":[3559,3605]}]])
[0m[0;32m[2026-09-16 14:18:55.972][VERB] RETURN: {"result":"$3621"}
[0m[0;32m[2026-09-16 14:18:55.972][VERB] COMMANDCALL: _C.SafeAPI.Execute(["v1.sketch.line",[{"startPos":[53.5,25.1,0],"genIncidence":0,"genTangency":0,"genFixation":0,"genVertAndHoriz":0,"id":3553,"endPos":[53,25.6,0]}]])
[0m[0;32m[2026-09-16 14:18:55.979][VERB] RETURN: {"result":"$3623"}
[0m[0;32m[2026-09-16 14:18:55.979][VERB] COMMANDCALL: _C.SafeAPI.Execute(["v1.sketch.getPoints",[{"id":3623}]])
[0m[0;32m[2026-09-16 14:18:55.979][VERB] RETURN: {"result":{"endId":"$3625","startId":"$3624"}}
[0m[0;32m[2026-09-16 14:18:55.979][VERB] COMMANDCALL: _C.SafeAPI.Execute(["v1.sketch.dimension",[{"type":"HORIZONTAL_DISTANCE","value":"@expr.d276_x","name":"x","id":3553,"geomIds":[3559,3624]}]])
[0m[0;32m[2026-09-16 14:18:55.994][VERB] RETURN: {"result":"$3629"}
[0m[0;32m[2026-09-16 14:18:55.994][VERB] COMMANDCALL: _C.SafeAPI.Execute(["v1.sketch.dimension",[{"type":"VERTICAL_DISTANCE","value":"@expr.d277_y","name":"y","id":3553,"geomIds":[3559,3624]}]])
[0m[0;32m[2026-09-16 14:18:56.009][VERB] RETURN: {"result":"$3633"}
[0m[0;32m[2026-09-16 14:18:56.009][VERB] COMMANDCALL: _C.SafeAPI.Execute(["v1.sketch.dimension",[{"type":"HORIZONTAL_DISTANCE","value":"@expr.d278_x","name":"x","id":3553,"geomIds":[3559,3625]}]])
[0m[0;32m[2026-09-16 14:18:56.025][VERB] RETURN: {"result":"$3637"}
[0m[0;32m[2026-09-16 14:18:56.025][VERB] COMMANDCALL: _C.SafeAPI.Execute(["v1.sketch.dimension",[{"type":"VERTICAL_DISTANCE","value":"@expr.d279_y","name":"y","id":3553,"geomIds":[3559,3625]}]])
[0m[0;32m[2026-09-16 14:18:56.041][VERB] RETURN: {"result":"$3641"}
[0m[0;32m[2026-09-16 14:18:56.042][VERB] COMMANDCALL: _C.SafeAPI.Execute(["v1.sketch.line",[{"startPos":[53,25.6,0],"genIncidence":0,"genTangency":0,"genFixation":0,"genVertAndHoriz":0,"id":3553,"endPos":[2.1,25.6,0]}]])
[0m[0;32m[2026-09-16 14:18:56.050][VERB] RETURN: {"result":"$3643"}
[0m[0;32m[2026-09-16 14:18:56.051][VERB] COMMANDCALL: _C.SafeAPI.Execute(["v1.sketch.getPoints",[{"id":3643}]])
[0m[0;32m[2026-09-16 14:18:56.051][VERB] RETURN: {"result":{"endId":"$3645","startId":"$3644"}}
[0m[0;32m[2026-09-16 14:18:56.051][VERB] COMMANDCALL: _C.SafeAPI.Execute(["v1.sketch.dimension",[{"type":"HORIZONTAL_DISTANCE","value":"@expr.d280_x","name":"x","id":3553,"geomIds":[3559,3644]}]])
[0m[0;32m[2026-09-16 14:18:56.068][VERB] RETURN: {"result":"$3649"}
[0m[0;32m[2026-09-16 14:18:56.069][VERB] COMMANDCALL: _C.SafeAPI.Execute(["v1.sketch.dimension",[{"type":"VERTICAL_DISTANCE","value":"@expr.d281_y","name":"y","id":3553,"geomIds":[3559,3644]}]])
[0m[0;32m[2026-09-16 14:18:56.087][VERB] RETURN: {"result":"$3653"}
[0m[0;32m[2026-09-16 14:18:56.087][VERB] COMMANDCALL: _C.SafeAPI.Execute(["v1.sketch.dimension",[{"type":"HORIZONTAL_DISTANCE","value":"@expr.d282_x","name":"x","id":3553,"geomIds":[3559,3645]}]])
[0m[0;32m[2026-09-16 14:18:56.106][VERB] RETURN: {"result":"$3657"}
[0m[0;32m[2026-09-16 14:18:56.106][VERB] COMMANDCALL: _C.SafeAPI.Execute(["v1.sketch.dimension",[{"type":"VERTICAL_DISTANCE","value":"@expr.d283_y","name":"y","id":3553,"geomIds":[3559,3645]}]])
[0m[0;32m[2026-09-16 14:18:56.126][VERB] RETURN: {"result":"$3661"}
[0m[0;32m[2026-09-16 14:18:56.126][VERB] COMMANDCALL: _C.SafeAPI.Execute(["v1.sketch.line",[{"startPos":[2.1,25.6,0],"genIncidence":0,"genTangency":0,"genFixation":0,"genVertAndHoriz":0,"id":3553,"endPos":[1.6,25.1,0]}]])
[0m[0;32m[2026-09-16 14:18:56.136][VERB] RETURN: {"result":"$3663"}
[0m[0;32m[2026-09-16 14:18:56.136][VERB] COMMANDCALL: _C.SafeAPI.Execute(["v1.sketch.getPoints",[{"id":3663}]])
[0m[0;32m[2026-09-16 14:18:56.137][VERB] RETURN: {"result":{"endId":"$3665","startId":"$3664"}}
[0m[0;32m[2026-09-16 14:18:56.137][VERB] COMMANDCALL: _C.SafeAPI.Execute(["v1.sketch.dimension",[{"type":"HORIZONTAL_DISTANCE","value":"@expr.d284_x","name":"x","id":3553,"geomIds":[3559,3664]}]])
[0m[0;32m[2026-09-16 14:18:56.158][VERB] RETURN: {"result":"$3669"}
[0m[0;32m[2026-09-16 14:18:56.158][VERB] COMMANDCALL: _C.SafeAPI.Execute(["v1.sketch.dimension",[{"type":"VERTICAL_DISTANCE","value":"@expr.d285_y","name":"y","id":3553,"geomIds":[3559,3664]}]])
[0m[0;32m[2026-09-16 14:18:56.179][VERB] RETURN: {"result":"$3673"}
[0m[0;32m[2026-09-16 14:18:56.180][VERB] COMMANDCALL: _C.SafeAPI.Execute(["v1.sketch.dimension",[{"type":"HORIZONTAL_DISTANCE","value":"@expr.d286_x","name":"x","id":3553,"geomIds":[3559,3665]}]])
[0m[0;32m[2026-09-16 14:18:56.202][VERB] RETURN: {"result":"$3677"}
[0m[0;32m[2026-09-16 14:18:56.202][VERB] COMMANDCALL: _C.SafeAPI.Execute(["v1.sketch.dimension",[{"type":"VERTICAL_DISTANCE","value":"@expr.d287_y","name":"y","id":3553,"geomIds":[3559,3665]}]])
[0m[0;32m[2026-09-16 14:18:56.225][VERB] RETURN: {"result":"$3681"}
[0m[0;32m[2026-09-16 14:18:56.226][VERB] COMMANDCALL: _C.SafeAPI.Execute(["v1.sketch.line",[{"startPos":[1.6,25.1,0],"genIncidence":0,"genTangency":0,"genFixation":0,"genVertAndHoriz":0,"id":3553,"endPos":[1.6,2.1,0]}]])
[0m[0;32m[2026-09-16 14:18:56.237][VERB] RETURN: {"result":"$3683"}
[0m[0;32m[2026-09-16 14:18:56.238][VERB] COMMANDCALL: _C.SafeAPI.Execute(["v1.sketch.getPoints",[{"id":3683}]])
[0m[0;32m[2026-09-16 14:18:56.238][VERB] RETURN: {"result":{"endId":"$3685","startId":"$3684"}}
[0m[0;32m[2026-09-16 14:18:56.238][VERB] COMMANDCALL: _C.SafeAPI.Execute(["v1.sketch.dimension",[{"type":"HORIZONTAL_DISTANCE","value":"@expr.d288_x","name":"x","id":3553,"geomIds":[3559,3684]}]])
[0m[0;32m[2026-09-16 14:18:56.264][VERB] RETURN: {"result":"$3689"}
[0m[0;32m[2026-09-16 14:18:56.264][VERB] COMMANDCALL: _C.SafeAPI.Execute(["v1.sketch.dimension",[{"type":"VERTICAL_DISTANCE","value":"@expr.d289_y","name":"y","id":3553,"geomIds":[3559,3684]}]])
[0m[0;32m[2026-09-16 14:18:56.290][VERB] RETURN: {"result":"$3693"}
[0m[0;32m[2026-09-16 14:18:56.291][VERB] COMMANDCALL: _C.SafeAPI.Execute(["v1.sketch.dimension",[{"type":"HORIZONTAL_DISTANCE","value":"@expr.d290_x","name":"x","id":3553,"geomIds":[3559,3685]}]])
[0m[0;32m[2026-09-16 14:18:56.317][VERB] RETURN: {"result":"$3697"}
[0m[0;32m[2026-09-16 14:18:56.317][VERB] COMMANDCALL: _C.SafeAPI.Execute(["v1.sketch.dimension",[{"type":"VERTICAL_DISTANCE","value":"@expr.d291_y","name":"y","id":3553,"geomIds":[3559,3685]}]])
[0m[0;32m[2026-09-16 14:18:56.345][VERB] RETURN: {"result":"$3701"}
[0m[0;32m[2026-09-16 14:18:56.345][VERB] COMMANDCALL: _C.SafeAPI.Execute(["v1.sketch.line",[{"startPos":[1.6,2.1,0],"genIncidence":0,"genTangency":0,"genFixation":0,"genVertAndHoriz":0,"id":3553,"endPos":[2.1,1.6,0]}]])
[0m[0;32m[2026-09-16 14:18:56.359][VERB] RETURN: {"result":"$3703"}
[0m[0;32m[2026-09-16 14:18:56.359][VERB] COMMANDCALL: _C.SafeAPI.Execute(["v1.sketch.getPoints",[{"id":3703}]])
[0m[0;32m[2026-09-16 14:18:56.360][VERB] RETURN: {"result":{"endId":"$3705","startId":"$3704"}}
[0m[0;32m[2026-09-16 14:18:56.360][VERB] COMMANDCALL: _C.SafeAPI.Execute(["v1.sketch.dimension",[{"type":"HORIZONTAL_DISTANCE","value":"@expr.d292_x","name":"x","id":3553,"geomIds":[3559,3704]}]])
[0m[0;32m[2026-09-16 14:18:56.387][VERB] RETURN: {"result":"$3709"}
[0m[0;32m[2026-09-16 14:18:56.388][VERB] COMMANDCALL: _C.SafeAPI.Execute(["v1.sketch.dimension",[{"type":"VERTICAL_DISTANCE","value":"@expr.d293_y","name":"y","id":3553,"geomIds":[3559,3704]}]])
[0m[0;32m[2026-09-16 14:18:56.415][VERB] RETURN: {"result":"$3713"}
[0m[0;32m[2026-09-16 14:18:56.416][VERB] COMMANDCALL: _C.SafeAPI.Execute(["v1.sketch.dimension",[{"type":"HORIZONTAL_DISTANCE","value":"@expr.d294_x","name":"x","id":3553,"geomIds":[3559,3705]}]])
[0m[0;32m[2026-09-16 14:18:56.443][VERB] RETURN: {"result":"$3717"}
[0m[0;32m[2026-09-16 14:18:56.444][VERB] COMMANDCALL: _C.SafeAPI.Execute(["v1.sketch.dimension",[{"type":"VERTICAL_DISTANCE","value":"@expr.d295_y","name":"y","id":3553,"geomIds":[3559,3705]}]])
[0m[0;32m[2026-09-16 14:18:56.472][VERB] RETURN: {"result":"$3721"}
[0m[0;32m[2026-09-16 14:18:56.473][VERB] COMMANDCALL: _C.SafeAPI.Execute(["v1.part.extrusion",[{"references":[3563,3583,3603,3623,3643,3663,3683,3703],"name":"F263_chamfer_shell_skin_py_17_middle","taperAngle":0,"limit2":"@expr.d296_height","id":4}]])
[0m[0;32m[2026-09-16 14:18:56.479][VERB] RETURN: {"result":"$3725"}
[0m[0;32m[2026-09-16 14:18:56.480][VERB] COMMANDCALL: _C.SafeAPI.Execute(["v1.part.translation",[{"references":[34],"name":"F263_chamfer_shell_skin_py_17_middle_2","id":4,"targets":[3725],"distance":"@expr.d297_position"}]])
[0m[0;32m[2026-09-16 14:18:56.485][VERB] RETURN: {"result":"$3796"}
[0m[0;32m[2026-09-16 14:18:56.486][VERB] COMMANDCALL: _C.SafeAPI.Execute(["v1.part.extrusion",[{"references":[3563,3583,3603,3623,3643,3663,3683,3703],"name":"F263_chamfer_shell_skin_py_17_bottom","taperAngle":0.78539816339745,"limit2":"@expr.d298_bevel_height","id":4}]])
[0m[0;32m[2026-09-16 14:18:56.494][VERB] RETURN: {"result":"$3807"}
[0m[0;32m[2026-09-16 14:18:56.494][VERB] COMMANDCALL: _C.SafeAPI.Execute(["v1.part.translation",[{"references":[34],"name":"F263_chamfer_shell_skin_py_17_bottom_2","id":4,"targets":[3807],"distance":"@expr.d299_position"}]])
[0m[0;32m[2026-09-16 14:18:56.498][VERB] RETURN: {"result":"$3870"}
[0m[0;32m[2026-09-16 14:18:56.499][VERB] COMMANDCALL: _C.SafeAPI.Execute(["v1.part.extrusion",[{"references":[3563,3583,3603,3623,3643,3663,3683,3703],"name":"F263_chamfer_shell_skin_py_17_top","taperAngle":0.78539816339745,"limit2":"@expr.d300_bevel_height","id":4}]])
[0m[0;32m[2026-09-16 14:18:56.506][VERB] RETURN: {"result":"$3881"}
[0m[0;32m[2026-09-16 14:18:56.507][VERB] COMMANDCALL: _C.SafeAPI.Execute(["v1.part.translation",[{"references":[34],"name":"F263_chamfer_shell_skin_py_17_top_2","id":4,"targets":[3881],"distance":"@expr.d301_position"}]])
[0m[0;32m[2026-09-16 14:18:56.511][VERB] RETURN: {"result":"$3944"}
[0m[0;32m[2026-09-16 14:18:56.512][VERB] COMMANDCALL: _C.SafeAPI.Execute(["v1.part.boolean",[{"type":"UNION","tools":[3870,3944],"target":3796,"name":"F263_chamfer_shell_skin_py_17","id":4}]])
[0m[0;32m[2026-09-16 14:18:56.524][VERB] RETURN: {"result":"$3955"}
[0m[0;32m[2026-09-16 14:18:56.524][VERB] COMMANDCALL: _C.SafeAPI.Execute(["v1.part.workPlane",[{"type":"PLANE","references":[38],"name":"F302_makeBox_cad_primitives_py_8_plane","offset":"@expr.d303_plane_offset","id":4}]])
[0m[0;32m[2026-09-16 14:18:56.528][VERB] RETURN: {"result":"$4034"}
[0m[0;32m[2026-09-16 14:18:56.528][VERB] COMMANDCALL: _C.SafeAPI.Execute(["v1.sketch.create",[{"planeId":4034,"name":"F302_makeBox_cad_primitives_py_8_profile","id":4}]])
[0m[0;32m[2026-09-16 14:18:56.530][VERB] RETURN: {"result":"$4040"}
[0m[0;32m[2026-09-16 14:18:56.531][VERB] COMMANDCALL: _C.SafeAPI.Execute(["v1.sketch.rectangle",[{"startPos":[88.05,-7,0],"id":4040,"genFixation":0,"endPos":[92.5,5,0]}]])
[0m[0;32m[2026-09-16 14:18:56.537][VERB] RETURN: {"result":["$4046","$4050","$4056","$4062"]}
[0m[0;32m[2026-09-16 14:18:56.538][VERB] COMMANDCALL: _C.SafeAPI.Execute(["v1.sketch.getPoints",[{"id":4046}]])
[0m[0;32m[2026-09-16 14:18:56.538][VERB] RETURN: {"result":{"endId":"$4048","startId":"$4047"}}
[0m[0;32m[2026-09-16 14:18:56.538][VERB] COMMANDCALL: _C.SafeAPI.Execute(["v1.sketch.point",[{"pos":[-1000,-1000,0],"id":4040}]])
[0m[0;32m[2026-09-16 14:18:56.540][VERB] RETURN: {"result":"$4078"}
[0m[0;32m[2026-09-16 14:18:56.540][VERB] COMMANDCALL: _C.SafeAPI.Execute(["v1.sketch.constraint",[{"type":"FIXATION","id":4040,"geomIds":[4078]}]])
[0m[0;32m[2026-09-16 14:18:56.541][VERB] RETURN: {"result":"$4080"}
[0m[0;32m[2026-09-16 14:18:56.542][VERB] COMMANDCALL: _C.SafeAPI.Execute(["v1.sketch.dimension",[{"type":"HORIZONTAL_DISTANCE","value":"@expr.d304_position_x","name":"position_x","id":4040,"geomIds":[4078,4047]}]])
[0m[0;32m[2026-09-16 14:18:56.547][VERB] RETURN: {"result":"$4084"}
[0m[0;32m[2026-09-16 14:18:56.547][VERB] COMMANDCALL: _C.SafeAPI.Execute(["v1.sketch.dimension",[{"type":"VERTICAL_DISTANCE","value":"@expr.d305_position_y","name":"position_y","id":4040,"geomIds":[4078,4047]}]])
[0m[0;32m[2026-09-16 14:18:56.554][VERB] RETURN: {"result":"$4088"}
[0m[0;32m[2026-09-16 14:18:56.554][VERB] COMMANDCALL: _C.SafeAPI.Execute(["v1.sketch.dimension",[{"type":"OFFSET","value":"@expr.d306_width","name":"width","id":4040,"geomIds":[4046]}]])
[0m[0;32m[2026-09-16 14:18:56.561][VERB] RETURN: {"result":"$4092"}
[0m[0;32m[2026-09-16 14:18:56.561][VERB] COMMANDCALL: _C.SafeAPI.Execute(["v1.sketch.dimension",[{"type":"OFFSET","value":"@expr.d307_depth","name":"depth","id":4040,"geomIds":[4050]}]])
[0m[0;32m[2026-09-16 14:18:56.569][VERB] RETURN: {"result":"$4096"}
[0m[0;32m[2026-09-16 14:18:56.570][VERB] COMMANDCALL: _C.SafeAPI.Execute(["v1.part.extrusion",[{"references":[4046,4050,4056,4062],"name":"F302_makeBox_cad_primitives_py_8","taperAngle":0,"limit2":"@expr.d308_height","id":4}]])
[0m[0;32m[2026-09-16 14:18:56.575][VERB] RETURN: {"result":"$4100"}
[0m[0;32m[2026-09-16 14:18:56.576][VERB] COMMANDCALL: _C.SafeAPI.Execute(["v1.part.boolean",[{"type":"SUBTRACTION","tools":[4100],"target":3955,"name":"F62_union_housing_shell_py_61_cavity_0_stock_0","id":4}]])
[0m[0;32m[2026-09-16 14:18:56.582][VERB] RETURN: {"result":"$4143"}
[0m[0;32m[2026-09-16 14:18:56.582][VERB] COMMANDCALL: _C.SafeAPI.Execute(["v1.part.workPlane",[{"type":"PLANE","references":[38],"name":"F310_makeBox_cad_primitives_py_8_plane","offset":"@expr.d311_plane_offset","id":4}]])
[0m[0;32m[2026-09-16 14:18:56.586][VERB] RETURN: {"result":"$4155"}
[0m[0;32m[2026-09-16 14:18:56.587][VERB] COMMANDCALL: _C.SafeAPI.Execute(["v1.sketch.create",[{"planeId":4155,"name":"F310_makeBox_cad_primitives_py_8_profile","id":4}]])
[0m[0;32m[2026-09-16 14:18:56.589][VERB] RETURN: {"result":"$4161"}
[0m[0;32m[2026-09-16 14:18:56.589][VERB] COMMANDCALL: _C.SafeAPI.Execute(["v1.sketch.rectangle",[{"startPos":[85.35,-4,0],"id":4161,"genFixation":0,"endPos":[88.05,-1.3,0]}]])
[0m[0;32m[2026-09-16 14:18:56.596][VERB] RETURN: {"result":["$4167","$4171","$4177","$4183"]}
[0m[0;32m[2026-09-16 14:18:56.596][VERB] COMMANDCALL: _C.SafeAPI.Execute(["v1.sketch.getPoints",[{"id":4167}]])
[0m[0;32m[2026-09-16 14:18:56.596][VERB] RETURN: {"result":{"endId":"$4169","startId":"$4168"}}
[0m[0;32m[2026-09-16 14:18:56.596][VERB] COMMANDCALL: _C.SafeAPI.Execute(["v1.sketch.point",[{"pos":[-1000,-1000,0],"id":4161}]])
[0m[0;32m[2026-09-16 14:18:56.598][VERB] RETURN: {"result":"$4199"}
[0m[0;32m[2026-09-16 14:18:56.598][VERB] COMMANDCALL: _C.SafeAPI.Execute(["v1.sketch.constraint",[{"type":"FIXATION","id":4161,"geomIds":[4199]}]])
[0m[0;32m[2026-09-16 14:18:56.600][VERB] RETURN: {"result":"$4201"}
[0m[0;32m[2026-09-16 14:18:56.600][VERB] COMMANDCALL: _C.SafeAPI.Execute(["v1.sketch.dimension",[{"type":"HORIZONTAL_DISTANCE","value":"@expr.d312_position_x","name":"position_x","id":4161,"geomIds":[4199,4168]}]])
[0m[0;32m[2026-09-16 14:18:56.606][VERB] RETURN: {"result":"$4205"}
[0m[0;32m[2026-09-16 14:18:56.606][VERB] COMMANDCALL: _C.SafeAPI.Execute(["v1.sketch.dimension",[{"type":"VERTICAL_DISTANCE","value":"@expr.d313_position_y","name":"position_y","id":4161,"geomIds":[4199,4168]}]])
[0m[0;32m[2026-09-16 14:18:56.613][VERB] RETURN: {"result":"$4209"}
[0m[0;32m[2026-09-16 14:18:56.613][VERB] COMMANDCALL: _C.SafeAPI.Execute(["v1.sketch.dimension",[{"type":"OFFSET","value":"@expr.d314_width","name":"width","id":4161,"geomIds":[4167]}]])
[0m[0;32m[2026-09-16 14:18:56.621][VERB] RETURN: {"result":"$4213"}
[0m[0;32m[2026-09-16 14:18:56.621][VERB] COMMANDCALL: _C.SafeAPI.Execute(["v1.sketch.dimension",[{"type":"OFFSET","value":"@expr.d315_depth","name":"depth","id":4161,"geomIds":[4171]}]])
[0m[0;32m[2026-09-16 14:18:56.629][VERB] RETURN: {"result":"$4217"}
[0m[0;32m[2026-09-16 14:18:56.630][VERB] COMMANDCALL: _C.SafeAPI.Execute(["v1.part.extrusion",[{"references":[4167,4171,4177,4183],"name":"F310_makeBox_cad_primitives_py_8","taperAngle":0,"limit2":"@expr.d316_height","id":4}]])
[0m[0;32m[2026-09-16 14:18:56.636][VERB] RETURN: {"result":"$4221"}
[0m[0;32m[2026-09-16 14:18:56.637][VERB] COMMANDCALL: _C.SafeAPI.Execute(["v1.part.workPlane",[{"type":"PLANE","references":[38],"name":"F317_makeCylinder_cad_primitives_py_12_plane","offset":"@expr.d318_plane_offset","id":4}]])
[0m[0;32m[2026-09-16 14:18:56.640][VERB] RETURN: {"result":"$4264"}
[0m[0;32m[2026-09-16 14:18:56.641][VERB] COMMANDCALL: _C.SafeAPI.Execute(["v1.sketch.create",[{"planeId":4264,"name":"F317_makeCylinder_cad_primitives_py_12_profile","id":4}]])
[0m[0;32m[2026-09-16 14:18:56.643][VERB] RETURN: {"result":"$4270"}
[0m[0;32m[2026-09-16 14:18:56.643][VERB] COMMANDCALL: _C.SafeAPI.Execute(["v1.sketch.circle",[{"radius":2.7,"id":4270,"genFixation":0,"centerPos":[85.35,-4,0]}]])
[0m[0;32m[2026-09-16 14:18:56.644][VERB] RETURN: {"result":"$4276"}
[0m[0;32m[2026-09-16 14:18:56.644][VERB] COMMANDCALL: _C.SafeAPI.Execute(["v1.sketch.getPoints",[{"id":4276}]])
[0m[0;32m[2026-09-16 14:18:56.645][VERB] RETURN: {"result":{"centerId":"$4277"}}
[0m[0;32m[2026-09-16 14:18:56.645][VERB] COMMANDCALL: _C.SafeAPI.Execute(["v1.sketch.point",[{"pos":[-1000,-1000,0],"id":4270}]])
[0m[0;32m[2026-09-16 14:18:56.646][VERB] RETURN: {"result":"$4279"}
[0m[0;32m[2026-09-16 14:18:56.646][VERB] COMMANDCALL: _C.SafeAPI.Execute(["v1.sketch.constraint",[{"type":"FIXATION","id":4270,"geomIds":[4279]}]])
[0m[0;32m[2026-09-16 14:18:56.647][VERB] RETURN: {"result":"$4281"}
[0m[0;32m[2026-09-16 14:18:56.647][VERB] COMMANDCALL: _C.SafeAPI.Execute(["v1.sketch.dimension",[{"type":"HORIZONTAL_DISTANCE","value":"@expr.d319_position_x","name":"position_x","id":4270,"geomIds":[4279,4277]}]])
[0m[0;32m[2026-09-16 14:18:56.652][VERB] RETURN: {"result":"$4285"}
[0m[0;32m[2026-09-16 14:18:56.652][VERB] COMMANDCALL: _C.SafeAPI.Execute(["v1.sketch.dimension",[{"type":"VERTICAL_DISTANCE","value":"@expr.d320_position_y","name":"position_y","id":4270,"geomIds":[4279,4277]}]])
[0m[0;32m[2026-09-16 14:18:56.658][VERB] RETURN: {"result":"$4289"}
[0m[0;32m[2026-09-16 14:18:56.658][VERB] COMMANDCALL: _C.SafeAPI.Execute(["v1.sketch.dimension",[{"type":"RADIUS","value":"@expr.d321_radius","name":"radius","id":4270,"geomIds":[4276]}]])
[0m[0;32m[2026-09-16 14:18:56.663][VERB] RETURN: {"result":"$4293"}
[0m[0;32m[2026-09-16 14:18:56.664][VERB] COMMANDCALL: _C.SafeAPI.Execute(["v1.part.extrusion",[{"references":[4276],"name":"F317_makeCylinder_cad_primitives_py_12","taperAngle":0,"limit2":"@expr.d322_height","id":4}]])
[0m[0;32m[2026-09-16 14:18:56.670][VERB] RETURN: {"result":"$4297"}
[0m[0;32m[2026-09-16 14:18:56.670][VERB] COMMANDCALL: _C.SafeAPI.Execute(["v1.part.boolean",[{"type":"SUBTRACTION","tools":[4297],"target":4221,"name":"F309_cut_housing_shell_py_25","id":4}]])
[0m[0;32m[2026-09-16 14:18:56.676][VERB] RETURN: {"result":"$4319"}
[0m[0;32m[2026-09-16 14:18:56.677][VERB] COMMANDCALL: _C.SafeAPI.Execute(["v1.part.boolean",[{"type":"SUBTRACTION","tools":[4319],"target":4143,"name":"F62_union_housing_shell_py_61_cavity_0_stock_1","id":4}]])
[0m[0;32m[2026-09-16 14:18:56.683][VERB] RETURN: {"result":"$4337"}
[0m[0;32m[2026-09-16 14:18:56.683][VERB] COMMANDCALL: _C.SafeAPI.Execute(["v1.part.workPlane",[{"type":"PLANE","references":[38],"name":"F323_makeBox_cad_primitives_py_8_plane","offset":"@expr.d324_plane_offset","id":4}]])
[0m[0;32m[2026-09-16 14:18:56.687][VERB] RETURN: {"result":"$4349"}
[0m[0;32m[2026-09-16 14:18:56.687][VERB] COMMANDCALL: _C.SafeAPI.Execute(["v1.sketch.create",[{"planeId":4349,"name":"F323_makeBox_cad_primitives_py_8_profile","id":4}]])
[0m[0;32m[2026-09-16 14:18:56.689][VERB] RETURN: {"result":"$4355"}
[0m[0;32m[2026-09-16 14:18:56.690][VERB] COMMANDCALL: _C.SafeAPI.Execute(["v1.sketch.rectangle",[{"startPos":[88.05,30,0],"id":4355,"genFixation":0,"endPos":[92.5,41.3,0]}]])
[0m[0;32m[2026-09-16 14:18:56.696][VERB] RETURN: {"result":["$4361","$4365","$4371","$4377"]}
[0m[0;32m[2026-09-16 14:18:56.696][VERB] COMMANDCALL: _C.SafeAPI.Execute(["v1.sketch.getPoints",[{"id":4361}]])
[0m[0;32m[2026-09-16 14:18:56.697][VERB] RETURN: {"result":{"endId":"$4363","startId":"$4362"}}
[0m[0;32m[2026-09-16 14:18:56.697][VERB] COMMANDCALL: _C.SafeAPI.Execute(["v1.sketch.point",[{"pos":[-1000,-1000,0],"id":4355}]])
[0m[0;32m[2026-09-16 14:18:56.699][VERB] RETURN: {"result":"$4393"}
[0m[0;32m[2026-09-16 14:18:56.699][VERB] COMMANDCALL: _C.SafeAPI.Execute(["v1.sketch.constraint",[{"type":"FIXATION","id":4355,"geomIds":[4393]}]])
[0m[0;32m[2026-09-16 14:18:56.701][VERB] RETURN: {"result":"$4395"}
[0m[0;32m[2026-09-16 14:18:56.701][VERB] COMMANDCALL: _C.SafeAPI.Execute(["v1.sketch.dimension",[{"type":"HORIZONTAL_DISTANCE","value":"@expr.d325_position_x","name":"position_x","id":4355,"geomIds":[4393,4362]}]])
[0m[0;32m[2026-09-16 14:18:56.707][VERB] RETURN: {"result":"$4399"}
[0m[0;32m[2026-09-16 14:18:56.707][VERB] COMMANDCALL: _C.SafeAPI.Execute(["v1.sketch.dimension",[{"type":"VERTICAL_DISTANCE","value":"@expr.d326_position_y","name":"position_y","id":4355,"geomIds":[4393,4362]}]])
[0m[0;32m[2026-09-16 14:18:56.714][VERB] RETURN: {"result":"$4403"}
[0m[0;32m[2026-09-16 14:18:56.714][VERB] COMMANDCALL: _C.SafeAPI.Execute(["v1.sketch.dimension",[{"type":"OFFSET","value":"@expr.d327_width","name":"width","id":4355,"geomIds":[4361]}]])
[0m[0;32m[2026-09-16 14:18:56.722][VERB] RETURN: {"result":"$4407"}
[0m[0;32m[2026-09-16 14:18:56.722][VERB] COMMANDCALL: _C.SafeAPI.Execute(["v1.sketch.dimension",[{"type":"OFFSET","value":"@expr.d328_depth","name":"depth","id":4355,"geomIds":[4365]}]])
[0m[0;32m[2026-09-16 14:18:56.730][VERB] RETURN: {"result":"$4411"}
[0m[0;32m[2026-09-16 14:18:56.731][VERB] COMMANDCALL: _C.SafeAPI.Execute(["v1.part.extrusion",[{"references":[4361,4365,4371,4377],"name":"F323_makeBox_cad_primitives_py_8","taperAngle":0,"limit2":"@expr.d329_height","id":4}]])
[0m[0;32m[2026-09-16 14:18:56.737][VERB] RETURN: {"result":"$4415"}
[0m[0;32m[2026-09-16 14:18:56.738][VERB] COMMANDCALL: _C.SafeAPI.Execute(["v1.part.boolean",[{"type":"SUBTRACTION","tools":[4415],"target":4337,"name":"F62_union_housing_shell_py_61_cavity_0_stock_2","id":4}]])
[0m[0;32m[2026-09-16 14:18:56.744][VERB] RETURN: {"result":"$4458"}
[0m[0;32m[2026-09-16 14:18:56.745][VERB] COMMANDCALL: _C.SafeAPI.Execute(["v1.part.workPlane",[{"type":"PLANE","references":[38],"name":"F330_makeBox_cad_primitives_py_8_plane","offset":"@expr.d331_plane_offset","id":4}]])
[0m[0;32m[2026-09-16 14:18:56.749][VERB] RETURN: {"result":"$4470"}
[0m[0;32m[2026-09-16 14:18:56.749][VERB] COMMANDCALL: _C.SafeAPI.Execute(["v1.sketch.create",[{"planeId":4470,"name":"F330_makeBox_cad_primitives_py_8_profile","id":4}]])
[0m[0;32m[2026-09-16 14:18:56.752][VERB] RETURN: {"result":"$4476"}
[0m[0;32m[2026-09-16 14:18:56.752][VERB] COMMANDCALL: _C.SafeAPI.Execute(["v1.sketch.rectangle",[{"startPos":[88.05,30,0],"id":4476,"genFixation":0,"endPos":[92.5,38,0]}]])
[0m[0;32m[2026-09-16 14:18:56.759][VERB] RETURN: {"result":["$4482","$4486","$4492","$4498"]}
[0m[0;32m[2026-09-16 14:18:56.759][VERB] COMMANDCALL: _C.SafeAPI.Execute(["v1.sketch.getPoints",[{"id":4482}]])
[0m[0;32m[2026-09-16 14:18:56.759][VERB] RETURN: {"result":{"endId":"$4484","startId":"$4483"}}
[0m[0;32m[2026-09-16 14:18:56.759][VERB] COMMANDCALL: _C.SafeAPI.Execute(["v1.sketch.point",[{"pos":[-1000,-1000,0],"id":4476}]])
[0m[0;32m[2026-09-16 14:18:56.761][VERB] RETURN: {"result":"$4514"}
[0m[0;32m[2026-09-16 14:18:56.761][VERB] COMMANDCALL: _C.SafeAPI.Execute(["v1.sketch.constraint",[{"type":"FIXATION","id":4476,"geomIds":[4514]}]])
[0m[0;32m[2026-09-16 14:18:56.763][VERB] RETURN: {"result":"$4516"}
[0m[0;32m[2026-09-16 14:18:56.763][VERB] COMMANDCALL: _C.SafeAPI.Execute(["v1.sketch.dimension",[{"type":"HORIZONTAL_DISTANCE","value":"@expr.d332_position_x","name":"position_x","id":4476,"geomIds":[4514,4483]}]])
[0m[0;32m[2026-09-16 14:18:56.769][VERB] RETURN: {"result":"$4520"}
[0m[0;32m[2026-09-16 14:18:56.769][VERB] COMMANDCALL: _C.SafeAPI.Execute(["v1.sketch.dimension",[{"type":"VERTICAL_DISTANCE","value":"@expr.d333_position_y","name":"position_y","id":4476,"geomIds":[4514,4483]}]])
[0m[0;32m[2026-09-16 14:18:56.776][VERB] RETURN: {"result":"$4524"}
[0m[0;32m[2026-09-16 14:18:56.776][VERB] COMMANDCALL: _C.SafeAPI.Execute(["v1.sketch.dimension",[{"type":"OFFSET","value":"@expr.d334_width","name":"width","id":4476,"geomIds":[4482]}]])
[0m[0;32m[2026-09-16 14:18:56.784][VERB] RETURN: {"result":"$4528"}
[0m[0;32m[2026-09-16 14:18:56.784][VERB] COMMANDCALL: _C.SafeAPI.Execute(["v1.sketch.dimension",[{"type":"OFFSET","value":"@expr.d335_depth","name":"depth","id":4476,"geomIds":[4486]}]])
[0m[0;32m[2026-09-16 14:18:56.793][VERB] RETURN: {"result":"$4532"}
[0m[0;32m[2026-09-16 14:18:56.793][VERB] COMMANDCALL: _C.SafeAPI.Execute(["v1.part.extrusion",[{"references":[4482,4486,4492,4498],"name":"F330_makeBox_cad_primitives_py_8","taperAngle":0,"limit2":"@expr.d336_height","id":4}]])
[0m[0;32m[2026-09-16 14:18:56.799][VERB] RETURN: {"result":"$4536"}
[0m[0;32m[2026-09-16 14:18:56.799][VERB] COMMANDCALL: _C.SafeAPI.Execute(["v1.part.boolean",[{"type":"SUBTRACTION","tools":[4536],"target":4458,"name":"F62_union_housing_shell_py_61_cavity_0_stock_3","id":4}]])
[0m[0;32m[2026-09-16 14:18:56.806][VERB] RETURN: {"result":"$4579"}
[0m[0;32m[2026-09-16 14:18:56.806][VERB] COMMANDCALL: _C.SafeAPI.Execute(["v1.part.boolean",[{"type":"SUBTRACTION","tools":[4579],"target":3169,"name":"F62_union_housing_shell_py_61_cavity_0","id":4}]])
[0m[0;32m[2026-09-16 14:18:56.827][VERB] RETURN: {"result":"$4591"}
[0m[0;32m[2026-09-16 14:18:56.827][VERB] COMMANDCALL: _C.SafeAPI.Execute(["v1.sketch.create",[{"planeId":38,"name":"F337_chamfer_shell_skin_py_17_middle_profile","id":4}]])
[0m[0;32m[2026-09-16 14:18:56.830][VERB] RETURN: {"result":"$4759"}
[0m[0;32m[2026-09-16 14:18:56.830][VERB] COMMANDCALL: _C.SafeAPI.Execute(["v1.sketch.point",[{"pos":[-1000,-1000,0],"id":4759}]])
[0m[0;32m[2026-09-16 14:18:56.831][VERB] RETURN: {"result":"$4765"}
[0m[0;32m[2026-09-16 14:18:56.831][VERB] COMMANDCALL: _C.SafeAPI.Execute(["v1.sketch.constraint",[{"type":"FIXATION","id":4759,"geomIds":[4765]}]])
[0m[0;32m[2026-09-16 14:18:56.832][VERB] RETURN: {"result":"$4767"}
[0m[0;32m[2026-09-16 14:18:56.832][VERB] COMMANDCALL: _C.SafeAPI.Execute(["v1.sketch.line",[{"startPos":[2.1,23,0],"genIncidence":0,"genTangency":0,"genFixation":0,"genVertAndHoriz":0,"id":4759,"endPos":[54.7,23,0]}]])
[0m[0;32m[2026-09-16 14:18:56.834][VERB] RETURN: {"result":"$4769"}
[0m[0;32m[2026-09-16 14:18:56.834][VERB] COMMANDCALL: _C.SafeAPI.Execute(["v1.sketch.getPoints",[{"id":4769}]])
[0m[0;32m[2026-09-16 14:18:56.834][VERB] RETURN: {"result":{"endId":"$4771","startId":"$4770"}}
[0m[0;32m[2026-09-16 14:18:56.834][VERB] COMMANDCALL: _C.SafeAPI.Execute(["v1.sketch.dimension",[{"type":"HORIZONTAL_DISTANCE","value":"@expr.d338_x","name":"x","id":4759,"geomIds":[4765,4770]}]])
[0m[0;32m[2026-09-16 14:18:56.839][VERB] RETURN: {"result":"$4775"}
[0m[0;32m[2026-09-16 14:18:56.839][VERB] COMMANDCALL: _C.SafeAPI.Execute(["v1.sketch.dimension",[{"type":"VERTICAL_DISTANCE","value":"@expr.d339_y","name":"y","id":4759,"geomIds":[4765,4770]}]])
[0m[0;32m[2026-09-16 14:18:56.845][VERB] RETURN: {"result":"$4779"}
[0m[0;32m[2026-09-16 14:18:56.845][VERB] COMMANDCALL: _C.SafeAPI.Execute(["v1.sketch.dimension",[{"type":"HORIZONTAL_DISTANCE","value":"@expr.d340_x","name":"x","id":4759,"geomIds":[4765,4771]}]])
[0m[0;32m[2026-09-16 14:18:56.851][VERB] RETURN: {"result":"$4783"}
[0m[0;32m[2026-09-16 14:18:56.851][VERB] COMMANDCALL: _C.SafeAPI.Execute(["v1.sketch.dimension",[{"type":"VERTICAL_DISTANCE","value":"@expr.d341_y","name":"y","id":4759,"geomIds":[4765,4771]}]])
[0m[0;32m[2026-09-16 14:18:56.858][VERB] RETURN: {"result":"$4787"}
[0m[0;32m[2026-09-16 14:18:56.858][VERB] COMMANDCALL: _C.SafeAPI.Execute(["v1.sketch.line",[{"startPos":[54.7,23,0],"genIncidence":0,"genTangency":0,"genFixation":0,"genVertAndHoriz":0,"id":4759,"endPos":[55.2,23.5,0]}]])
[0m[0;32m[2026-09-16 14:18:56.862][VERB] RETURN: {"result":"$4789"}
[0m[0;32m[2026-09-16 14:18:56.862][VERB] COMMANDCALL: _C.SafeAPI.Execute(["v1.sketch.getPoints",[{"id":4789}]])
[0m[0;32m[2026-09-16 14:18:56.862][VERB] RETURN: {"result":{"endId":"$4791","startId":"$4790"}}
[0m[0;32m[2026-09-16 14:18:56.862][VERB] COMMANDCALL: _C.SafeAPI.Execute(["v1.sketch.dimension",[{"type":"HORIZONTAL_DISTANCE","value":"@expr.d342_x","name":"x","id":4759,"geomIds":[4765,4790]}]])
[0m[0;32m[2026-09-16 14:18:56.871][VERB] RETURN: {"result":"$4795"}
[0m[0;32m[2026-09-16 14:18:56.871][VERB] COMMANDCALL: _C.SafeAPI.Execute(["v1.sketch.dimension",[{"type":"VERTICAL_DISTANCE","value":"@expr.d343_y","name":"y","id":4759,"geomIds":[4765,4790]}]])
[0m[0;32m[2026-09-16 14:18:56.880][VERB] RETURN: {"result":"$4799"}
[0m[0;32m[2026-09-16 14:18:56.880][VERB] COMMANDCALL: _C.SafeAPI.Execute(["v1.sketch.dimension",[{"type":"HORIZONTAL_DISTANCE","value":"@expr.d344_x","name":"x","id":4759,"geomIds":[4765,4791]}]])
[0m[0;32m[2026-09-16 14:18:56.890][VERB] RETURN: {"result":"$4803"}
[0m[0;32m[2026-09-16 14:18:56.890][VERB] COMMANDCALL: _C.SafeAPI.Execute(["v1.sketch.dimension",[{"type":"VERTICAL_DISTANCE","value":"@expr.d345_y","name":"y","id":4759,"geomIds":[4765,4791]}]])
[0m[0;32m[2026-09-16 14:18:56.900][VERB] RETURN: {"result":"$4807"}
[0m[0;32m[2026-09-16 14:18:56.901][VERB] COMMANDCALL: _C.SafeAPI.Execute(["v1.sketch.line",[{"startPos":[55.2,23.5,0],"genIncidence":0,"genTangency":0,"genFixation":0,"genVertAndHoriz":0,"id":4759,"endPos":[55.2,61.9,0]}]])
[0m[0;32m[2026-09-16 14:18:56.906][VERB] RETURN: {"result":"$4809"}
[0m[0;32m[2026-09-16 14:18:56.906][VERB] COMMANDCALL: _C.SafeAPI.Execute(["v1.sketch.getPoints",[{"id":4809}]])
[0m[0;32m[2026-09-16 14:18:56.906][VERB] RETURN: {"result":{"endId":"$4811","startId":"$4810"}}
[0m[0;32m[2026-09-16 14:18:56.906][VERB] COMMANDCALL: _C.SafeAPI.Execute(["v1.sketch.dimension",[{"type":"HORIZONTAL_DISTANCE","value":"@expr.d346_x","name":"x","id":4759,"geomIds":[4765,4810]}]])
[0m[0;32m[2026-09-16 14:18:56.917][VERB] RETURN: {"result":"$4815"}
[0m[0;32m[2026-09-16 14:18:56.917][VERB] COMMANDCALL: _C.SafeAPI.Execute(["v1.sketch.dimension",[{"type":"VERTICAL_DISTANCE","value":"@expr.d347_y","name":"y","id":4759,"geomIds":[4765,4810]}]])
[0m[0;32m[2026-09-16 14:18:56.929][VERB] RETURN: {"result":"$4819"}
[0m[0;32m[2026-09-16 14:18:56.929][VERB] COMMANDCALL: _C.SafeAPI.Execute(["v1.sketch.dimension",[{"type":"HORIZONTAL_DISTANCE","value":"@expr.d348_x","name":"x","id":4759,"geomIds":[4765,4811]}]])
[0m[0;32m[2026-09-16 14:18:56.942][VERB] RETURN: {"result":"$4823"}
[0m[0;32m[2026-09-16 14:18:56.943][VERB] COMMANDCALL: _C.SafeAPI.Execute(["v1.sketch.dimension",[{"type":"VERTICAL_DISTANCE","value":"@expr.d349_y","name":"y","id":4759,"geomIds":[4765,4811]}]])
[0m[0;32m[2026-09-16 14:18:56.956][VERB] RETURN: {"result":"$4827"}
[0m[0;32m[2026-09-16 14:18:56.957][VERB] COMMANDCALL: _C.SafeAPI.Execute(["v1.sketch.line",[{"startPos":[55.2,61.9,0],"genIncidence":0,"genTangency":0,"genFixation":0,"genVertAndHoriz":0,"id":4759,"endPos":[54.7,62.4,0]}]])
[0m[0;32m[2026-09-16 14:18:56.963][VERB] RETURN: {"result":"$4829"}
[0m[0;32m[2026-09-16 14:18:56.963][VERB] COMMANDCALL: _C.SafeAPI.Execute(["v1.sketch.getPoints",[{"id":4829}]])
[0m[0;32m[2026-09-16 14:18:56.964][VERB] RETURN: {"result":{"endId":"$4831","startId":"$4830"}}
[0m[0;32m[2026-09-16 14:18:56.964][VERB] COMMANDCALL: _C.SafeAPI.Execute(["v1.sketch.dimension",[{"type":"HORIZONTAL_DISTANCE","value":"@expr.d350_x","name":"x","id":4759,"geomIds":[4765,4830]}]])
[0m[0;32m[2026-09-16 14:18:56.978][VERB] RETURN: {"result":"$4835"}
[0m[0;32m[2026-09-16 14:18:56.978][VERB] COMMANDCALL: _C.SafeAPI.Execute(["v1.sketch.dimension",[{"type":"VERTICAL_DISTANCE","value":"@expr.d351_y","name":"y","id":4759,"geomIds":[4765,4830]}]])
[0m[0;32m[2026-09-16 14:18:56.993][VERB] RETURN: {"result":"$4839"}
[0m[0;32m[2026-09-16 14:18:56.994][VERB] COMMANDCALL: _C.SafeAPI.Execute(["v1.sketch.dimension",[{"type":"HORIZONTAL_DISTANCE","value":"@expr.d352_x","name":"x","id":4759,"geomIds":[4765,4831]}]])
[0m[0;32m[2026-09-16 14:18:57.009][VERB] RETURN: {"result":"$4843"}
[0m[0;32m[2026-09-16 14:18:57.010][VERB] COMMANDCALL: _C.SafeAPI.Execute(["v1.sketch.dimension",[{"type":"VERTICAL_DISTANCE","value":"@expr.d353_y","name":"y","id":4759,"geomIds":[4765,4831]}]])
[0m[0;32m[2026-09-16 14:18:57.026][VERB] RETURN: {"result":"$4847"}
[0m[0;32m[2026-09-16 14:18:57.026][VERB] COMMANDCALL: _C.SafeAPI.Execute(["v1.sketch.line",[{"startPos":[54.7,62.4,0],"genIncidence":0,"genTangency":0,"genFixation":0,"genVertAndHoriz":0,"id":4759,"endPos":[2.1,62.4,0]}]])
[0m[0;32m[2026-09-16 14:18:57.035][VERB] RETURN: {"result":"$4849"}
[0m[0;32m[2026-09-16 14:18:57.035][VERB] COMMANDCALL: _C.SafeAPI.Execute(["v1.sketch.getPoints",[{"id":4849}]])
[0m[0;32m[2026-09-16 14:18:57.035][VERB] RETURN: {"result":{"endId":"$4851","startId":"$4850"}}
[0m[0;32m[2026-09-16 14:18:57.035][VERB] COMMANDCALL: _C.SafeAPI.Execute(["v1.sketch.dimension",[{"type":"HORIZONTAL_DISTANCE","value":"@expr.d354_x","name":"x","id":4759,"geomIds":[4765,4850]}]])
[0m[0;32m[2026-09-16 14:18:57.052][VERB] RETURN: {"result":"$4855"}
[0m[0;32m[2026-09-16 14:18:57.053][VERB] COMMANDCALL: _C.SafeAPI.Execute(["v1.sketch.dimension",[{"type":"VERTICAL_DISTANCE","value":"@expr.d355_y","name":"y","id":4759,"geomIds":[4765,4850]}]])
[0m[0;32m[2026-09-16 14:18:57.071][VERB] RETURN: {"result":"$4859"}
[0m[0;32m[2026-09-16 14:18:57.072][VERB] COMMANDCALL: _C.SafeAPI.Execute(["v1.sketch.dimension",[{"type":"HORIZONTAL_DISTANCE","value":"@expr.d356_x","name":"x","id":4759,"geomIds":[4765,4851]}]])
[0m[0;32m[2026-09-16 14:18:57.090][VERB] RETURN: {"result":"$4863"}
[0m[0;32m[2026-09-16 14:18:57.091][VERB] COMMANDCALL: _C.SafeAPI.Execute(["v1.sketch.dimension",[{"type":"VERTICAL_DISTANCE","value":"@expr.d357_y","name":"y","id":4759,"geomIds":[4765,4851]}]])
[0m[0;32m[2026-09-16 14:18:57.110][VERB] RETURN: {"result":"$4867"}
[0m[0;32m[2026-09-16 14:18:57.111][VERB] COMMANDCALL: _C.SafeAPI.Execute(["v1.sketch.line",[{"startPos":[2.1,62.4,0],"genIncidence":0,"genTangency":0,"genFixation":0,"genVertAndHoriz":0,"id":4759,"endPos":[1.6,61.9,0]}]])
[0m[0;32m[2026-09-16 14:18:57.120][VERB] RETURN: {"result":"$4869"}
[0m[0;32m[2026-09-16 14:18:57.121][VERB] COMMANDCALL: _C.SafeAPI.Execute(["v1.sketch.getPoints",[{"id":4869}]])
[0m[0;32m[2026-09-16 14:18:57.121][VERB] RETURN: {"result":{"endId":"$4871","startId":"$4870"}}
[0m[0;32m[2026-09-16 14:18:57.121][VERB] COMMANDCALL: _C.SafeAPI.Execute(["v1.sketch.dimension",[{"type":"HORIZONTAL_DISTANCE","value":"@expr.d358_x","name":"x","id":4759,"geomIds":[4765,4870]}]])
[0m[0;32m[2026-09-16 14:18:57.142][VERB] RETURN: {"result":"$4875"}
[0m[0;32m[2026-09-16 14:18:57.142][VERB] COMMANDCALL: _C.SafeAPI.Execute(["v1.sketch.dimension",[{"type":"VERTICAL_DISTANCE","value":"@expr.d359_y","name":"y","id":4759,"geomIds":[4765,4870]}]])
[0m[0;32m[2026-09-16 14:18:57.164][VERB] RETURN: {"result":"$4879"}
[0m[0;32m[2026-09-16 14:18:57.164][VERB] COMMANDCALL: _C.SafeAPI.Execute(["v1.sketch.dimension",[{"type":"HORIZONTAL_DISTANCE","value":"@expr.d360_x","name":"x","id":4759,"geomIds":[4765,4871]}]])
[0m[0;32m[2026-09-16 14:18:57.187][VERB] RETURN: {"result":"$4883"}
[0m[0;32m[2026-09-16 14:18:57.188][VERB] COMMANDCALL: _C.SafeAPI.Execute(["v1.sketch.dimension",[{"type":"VERTICAL_DISTANCE","value":"@expr.d361_y","name":"y","id":4759,"geomIds":[4765,4871]}]])
[0m[0;32m[2026-09-16 14:18:57.210][VERB] RETURN: {"result":"$4887"}
[0m[0;32m[2026-09-16 14:18:57.211][VERB] COMMANDCALL: _C.SafeAPI.Execute(["v1.sketch.line",[{"startPos":[1.6,61.9,0],"genIncidence":0,"genTangency":0,"genFixation":0,"genVertAndHoriz":0,"id":4759,"endPos":[1.6,23.5,0]}]])
[0m[0;32m[2026-09-16 14:18:57.222][VERB] RETURN: {"result":"$4889"}
[0m[0;32m[2026-09-16 14:18:57.222][VERB] COMMANDCALL: _C.SafeAPI.Execute(["v1.sketch.getPoints",[{"id":4889}]])
[0m[0;32m[2026-09-16 14:18:57.222][VERB] RETURN: {"result":{"endId":"$4891","startId":"$4890"}}
[0m[0;32m[2026-09-16 14:18:57.223][VERB] COMMANDCALL: _C.SafeAPI.Execute(["v1.sketch.dimension",[{"type":"HORIZONTAL_DISTANCE","value":"@expr.d362_x","name":"x","id":4759,"geomIds":[4765,4890]}]])
[0m[0;32m[2026-09-16 14:18:57.246][VERB] RETURN: {"result":"$4895"}
[0m[0;32m[2026-09-16 14:18:57.247][VERB] COMMANDCALL: _C.SafeAPI.Execute(["v1.sketch.dimension",[{"type":"VERTICAL_DISTANCE","value":"@expr.d363_y","name":"y","id":4759,"geomIds":[4765,4890]}]])
[0m[0;32m[2026-09-16 14:18:57.271][VERB] RETURN: {"result":"$4899"}
[0m[0;32m[2026-09-16 14:18:57.271][VERB] COMMANDCALL: _C.SafeAPI.Execute(["v1.sketch.dimension",[{"type":"HORIZONTAL_DISTANCE","value":"@expr.d364_x","name":"x","id":4759,"geomIds":[4765,4891]}]])
[0m[0;32m[2026-09-16 14:18:57.296][VERB] RETURN: {"result":"$4903"}
[0m[0;32m[2026-09-16 14:18:57.297][VERB] COMMANDCALL: _C.SafeAPI.Execute(["v1.sketch.dimension",[{"type":"VERTICAL_DISTANCE","value":"@expr.d365_y","name":"y","id":4759,"geomIds":[4765,4891]}]])
[0m[0;32m[2026-09-16 14:18:57.323][VERB] RETURN: {"result":"$4907"}
[0m[0;32m[2026-09-16 14:18:57.323][VERB] COMMANDCALL: _C.SafeAPI.Execute(["v1.sketch.line",[{"startPos":[1.6,23.5,0],"genIncidence":0,"genTangency":0,"genFixation":0,"genVertAndHoriz":0,"id":4759,"endPos":[2.1,23,0]}]])
[0m[0;32m[2026-09-16 14:18:57.337][VERB] RETURN: {"result":"$4909"}
[0m[0;32m[2026-09-16 14:18:57.337][VERB] COMMANDCALL: _C.SafeAPI.Execute(["v1.sketch.getPoints",[{"id":4909}]])
[0m[0;32m[2026-09-16 14:18:57.337][VERB] RETURN: {"result":{"endId":"$4911","startId":"$4910"}}
[0m[0;32m[2026-09-16 14:18:57.337][VERB] COMMANDCALL: _C.SafeAPI.Execute(["v1.sketch.dimension",[{"type":"HORIZONTAL_DISTANCE","value":"@expr.d366_x","name":"x","id":4759,"geomIds":[4765,4910]}]])
[0m[0;32m[2026-09-16 14:18:57.364][VERB] RETURN: {"result":"$4915"}
[0m[0;32m[2026-09-16 14:18:57.364][VERB] COMMANDCALL: _C.SafeAPI.Execute(["v1.sketch.dimension",[{"type":"VERTICAL_DISTANCE","value":"@expr.d367_y","name":"y","id":4759,"geomIds":[4765,4910]}]])
[0m[0;32m[2026-09-16 14:18:57.392][VERB] RETURN: {"result":"$4919"}
[0m[0;32m[2026-09-16 14:18:57.392][VERB] COMMANDCALL: _C.SafeAPI.Execute(["v1.sketch.dimension",[{"type":"HORIZONTAL_DISTANCE","value":"@expr.d368_x","name":"x","id":4759,"geomIds":[4765,4911]}]])
[0m[0;32m[2026-09-16 14:18:57.420][VERB] RETURN: {"result":"$4923"}
[0m[0;32m[2026-09-16 14:18:57.421][VERB] COMMANDCALL: _C.SafeAPI.Execute(["v1.sketch.dimension",[{"type":"VERTICAL_DISTANCE","value":"@expr.d369_y","name":"y","id":4759,"geomIds":[4765,4911]}]])
[0m[0;32m[2026-09-16 14:18:57.450][VERB] RETURN: {"result":"$4927"}
[0m[0;32m[2026-09-16 14:18:57.450][VERB] COMMANDCALL: _C.SafeAPI.Execute(["v1.part.extrusion",[{"references":[4769,4789,4809,4829,4849,4869,4889,4909],"name":"F337_chamfer_shell_skin_py_17_middle","taperAngle":0,"limit2":"@expr.d370_height","id":4}]])
[0m[0;32m[2026-09-16 14:18:57.457][VERB] RETURN: {"result":"$4931"}
[0m[0;32m[2026-09-16 14:18:57.457][VERB] COMMANDCALL: _C.SafeAPI.Execute(["v1.part.translation",[{"references":[34],"name":"F337_chamfer_shell_skin_py_17_middle_2","id":4,"targets":[4931],"distance":"@expr.d371_position"}]])
[0m[0;32m[2026-09-16 14:18:57.461][VERB] RETURN: {"result":"$5002"}
[0m[0;32m[2026-09-16 14:18:57.462][VERB] COMMANDCALL: _C.SafeAPI.Execute(["v1.part.extrusion",[{"references":[4769,4789,4809,4829,4849,4869,4889,4909],"name":"F337_chamfer_shell_skin_py_17_bottom","taperAngle":0.78539816339745,"limit2":"@expr.d372_bevel_height","id":4}]])
[0m[0;32m[2026-09-16 14:18:57.470][VERB] RETURN: {"result":"$5013"}
[0m[0;32m[2026-09-16 14:18:57.471][VERB] COMMANDCALL: _C.SafeAPI.Execute(["v1.part.translation",[{"references":[34],"name":"F337_chamfer_shell_skin_py_17_bottom_2","id":4,"targets":[5013],"distance":"@expr.d373_position"}]])
[0m[0;32m[2026-09-16 14:18:57.475][VERB] RETURN: {"result":"$5076"}
[0m[0;32m[2026-09-16 14:18:57.475][VERB] COMMANDCALL: _C.SafeAPI.Execute(["v1.part.extrusion",[{"references":[4769,4789,4809,4829,4849,4869,4889,4909],"name":"F337_chamfer_shell_skin_py_17_top","taperAngle":0.78539816339745,"limit2":"@expr.d374_bevel_height","id":4}]])
[0m[0;32m[2026-09-16 14:18:57.484][VERB] RETURN: {"result":"$5087"}
[0m[0;32m[2026-09-16 14:18:57.484][VERB] COMMANDCALL: _C.SafeAPI.Execute(["v1.part.translation",[{"references":[34],"name":"F337_chamfer_shell_skin_py_17_top_2","id":4,"targets":[5087],"distance":"@expr.d375_position"}]])
[0m[0;32m[2026-09-16 14:18:57.489][VERB] RETURN: {"result":"$5150"}
[0m[0;32m[2026-09-16 14:18:57.489][VERB] COMMANDCALL: _C.SafeAPI.Execute(["v1.part.boolean",[{"type":"UNION","tools":[5076,5150],"target":5002,"name":"F337_chamfer_shell_skin_py_17","id":4}]])
[0m[0;32m[2026-09-16 14:18:57.501][VERB] RETURN: {"result":"$5161"}
[0m[0;32m[2026-09-16 14:18:57.502][VERB] COMMANDCALL: _C.SafeAPI.Execute(["v1.part.workPlane",[{"type":"PLANE","references":[38],"name":"F376_makeBox_cad_primitives_py_8_plane","offset":"@expr.d377_plane_offset","id":4}]])
[0m[0;32m[2026-09-16 14:18:57.506][VERB] RETURN: {"result":"$5240"}
[0m[0;32m[2026-09-16 14:18:57.507][VERB] COMMANDCALL: _C.SafeAPI.Execute(["v1.sketch.create",[{"planeId":5240,"name":"F376_makeBox_cad_primitives_py_8_profile","id":4}]])
[0m[0;32m[2026-09-16 14:18:57.509][VERB] RETURN: {"result":"$5246"}
[0m[0;32m[2026-09-16 14:18:57.509][VERB] COMMANDCALL: _C.SafeAPI.Execute(["v1.sketch.rectangle",[{"startPos":[88.05,-7,0],"id":5246,"genFixation":0,"endPos":[92.5,5,0]}]])
[0m[0;32m[2026-09-16 14:18:57.516][VERB] RETURN: {"result":["$5252","$5256","$5262","$5268"]}
[0m[0;32m[2026-09-16 14:18:57.516][VERB] COMMANDCALL: _C.SafeAPI.Execute(["v1.sketch.getPoints",[{"id":5252}]])
[0m[0;32m[2026-09-16 14:18:57.516][VERB] RETURN: {"result":{"endId":"$5254","startId":"$5253"}}
[0m[0;32m[2026-09-16 14:18:57.517][VERB] COMMANDCALL: _C.SafeAPI.Execute(["v1.sketch.point",[{"pos":[-1000,-1000,0],"id":5246}]])
[0m[0;32m[2026-09-16 14:18:57.519][VERB] RETURN: {"result":"$5284"}
[0m[0;32m[2026-09-16 14:18:57.519][VERB] COMMANDCALL: _C.SafeAPI.Execute(["v1.sketch.constraint",[{"type":"FIXATION","id":5246,"geomIds":[5284]}]])
[0m[0;32m[2026-09-16 14:18:57.520][VERB] RETURN: {"result":"$5286"}
[0m[0;32m[2026-09-16 14:18:57.521][VERB] COMMANDCALL: _C.SafeAPI.Execute(["v1.sketch.dimension",[{"type":"HORIZONTAL_DISTANCE","value":"@expr.d378_position_x","name":"position_x","id":5246,"geomIds":[5284,5253]}]])
[0m[0;32m[2026-09-16 14:18:57.526][VERB] RETURN: {"result":"$5290"}
[0m[0;32m[2026-09-16 14:18:57.527][VERB] COMMANDCALL: _C.SafeAPI.Execute(["v1.sketch.dimension",[{"type":"VERTICAL_DISTANCE","value":"@expr.d379_position_y","name":"position_y","id":5246,"geomIds":[5284,5253]}]])
[0m[0;32m[2026-09-16 14:18:57.534][VERB] RETURN: {"result":"$5294"}
[0m[0;32m[2026-09-16 14:18:57.534][VERB] COMMANDCALL: _C.SafeAPI.Execute(["v1.sketch.dimension",[{"type":"OFFSET","value":"@expr.d380_width","name":"width","id":5246,"geomIds":[5252]}]])
[0m[0;32m[2026-09-16 14:18:57.542][VERB] RETURN: {"result":"$5298"}
[0m[0;32m[2026-09-16 14:18:57.542][VERB] COMMANDCALL: _C.SafeAPI.Execute(["v1.sketch.dimension",[{"type":"OFFSET","value":"@expr.d381_depth","name":"depth","id":5246,"geomIds":[5256]}]])
[0m[0;32m[2026-09-16 14:18:57.551][VERB] RETURN: {"result":"$5302"}
[0m[0;32m[2026-09-16 14:18:57.551][VERB] COMMANDCALL: _C.SafeAPI.Execute(["v1.part.extrusion",[{"references":[5252,5256,5262,5268],"name":"F376_makeBox_cad_primitives_py_8","taperAngle":0,"limit2":"@expr.d382_height","id":4}]])
[0m[0;32m[2026-09-16 14:18:57.557][VERB] RETURN: {"result":"$5306"}
[0m[0;32m[2026-09-16 14:18:57.557][VERB] COMMANDCALL: _C.SafeAPI.Execute(["v1.part.boolean",[{"type":"SUBTRACTION","tools":[5306],"target":5161,"name":"F62_union_housing_shell_py_61_cavity_1_stock_0","id":4}]])
[0m[0;32m[2026-09-16 14:18:57.563][VERB] RETURN: {"result":"$5349"}
[0m[0;32m[2026-09-16 14:18:57.564][VERB] COMMANDCALL: _C.SafeAPI.Execute(["v1.part.workPlane",[{"type":"PLANE","references":[38],"name":"F384_makeBox_cad_primitives_py_8_plane","offset":"@expr.d385_plane_offset","id":4}]])
[0m[0;32m[2026-09-16 14:18:57.568][VERB] RETURN: {"result":"$5361"}
[0m[0;32m[2026-09-16 14:18:57.569][VERB] COMMANDCALL: _C.SafeAPI.Execute(["v1.sketch.create",[{"planeId":5361,"name":"F384_makeBox_cad_primitives_py_8_profile","id":4}]])
[0m[0;32m[2026-09-16 14:18:57.571][VERB] RETURN: {"result":"$5367"}
[0m[0;32m[2026-09-16 14:18:57.571][VERB] COMMANDCALL: _C.SafeAPI.Execute(["v1.sketch.rectangle",[{"startPos":[85.35,-4,0],"id":5367,"genFixation":0,"endPos":[88.05,-1.3,0]}]])
[0m[0;32m[2026-09-16 14:18:57.578][VERB] RETURN: {"result":["$5373","$5377","$5383","$5389"]}
[0m[0;32m[2026-09-16 14:18:57.578][VERB] COMMANDCALL: _C.SafeAPI.Execute(["v1.sketch.getPoints",[{"id":5373}]])
[0m[0;32m[2026-09-16 14:18:57.578][VERB] RETURN: {"result":{"endId":"$5375","startId":"$5374"}}
[0m[0;32m[2026-09-16 14:18:57.578][VERB] COMMANDCALL: _C.SafeAPI.Execute(["v1.sketch.point",[{"pos":[-1000,-1000,0],"id":5367}]])
[0m[0;32m[2026-09-16 14:18:57.580][VERB] RETURN: {"result":"$5405"}
[0m[0;32m[2026-09-16 14:18:57.580][VERB] COMMANDCALL: _C.SafeAPI.Execute(["v1.sketch.constraint",[{"type":"FIXATION","id":5367,"geomIds":[5405]}]])
[0m[0;32m[2026-09-16 14:18:57.582][VERB] RETURN: {"result":"$5407"}
[0m[0;32m[2026-09-16 14:18:57.582][VERB] COMMANDCALL: _C.SafeAPI.Execute(["v1.sketch.dimension",[{"type":"HORIZONTAL_DISTANCE","value":"@expr.d386_position_x","name":"position_x","id":5367,"geomIds":[5405,5374]}]])
[0m[0;32m[2026-09-16 14:18:57.588][VERB] RETURN: {"result":"$5411"}
[0m[0;32m[2026-09-16 14:18:57.588][VERB] COMMANDCALL: _C.SafeAPI.Execute(["v1.sketch.dimension",[{"type":"VERTICAL_DISTANCE","value":"@expr.d387_position_y","name":"position_y","id":5367,"geomIds":[5405,5374]}]])
[0m[0;32m[2026-09-16 14:18:57.595][VERB] RETURN: {"result":"$5415"}
[0m[0;32m[2026-09-16 14:18:57.595][VERB] COMMANDCALL: _C.SafeAPI.Execute(["v1.sketch.dimension",[{"type":"OFFSET","value":"@expr.d388_width","name":"width","id":5367,"geomIds":[5373]}]])
[0m[0;32m[2026-09-16 14:18:57.602][VERB] RETURN: {"result":"$5419"}
[0m[0;32m[2026-09-16 14:18:57.603][VERB] COMMANDCALL: _C.SafeAPI.Execute(["v1.sketch.dimension",[{"type":"OFFSET","value":"@expr.d389_depth","name":"depth","id":5367,"geomIds":[5377]}]])
[0m[0;32m[2026-09-16 14:18:57.611][VERB] RETURN: {"result":"$5423"}
[0m[0;32m[2026-09-16 14:18:57.612][VERB] COMMANDCALL: _C.SafeAPI.Execute(["v1.part.extrusion",[{"references":[5373,5377,5383,5389],"name":"F384_makeBox_cad_primitives_py_8","taperAngle":0,"limit2":"@expr.d390_height","id":4}]])
[0m[0;32m[2026-09-16 14:18:57.617][VERB] RETURN: {"result":"$5427"}
[0m[0;32m[2026-09-16 14:18:57.618][VERB] COMMANDCALL: _C.SafeAPI.Execute(["v1.part.workPlane",[{"type":"PLANE","references":[38],"name":"F391_makeCylinder_cad_primitives_py_12_plane","offset":"@expr.d392_plane_offset","id":4}]])
[0m[0;32m[2026-09-16 14:18:57.622][VERB] RETURN: {"result":"$5470"}
[0m[0;32m[2026-09-16 14:18:57.622][VERB] COMMANDCALL: _C.SafeAPI.Execute(["v1.sketch.create",[{"planeId":5470,"name":"F391_makeCylinder_cad_primitives_py_12_profile","id":4}]])
[0m[0;32m[2026-09-16 14:18:57.624][VERB] RETURN: {"result":"$5476"}
[0m[0;32m[2026-09-16 14:18:57.624][VERB] COMMANDCALL: _C.SafeAPI.Execute(["v1.sketch.circle",[{"radius":2.7,"id":5476,"genFixation":0,"centerPos":[85.35,-4,0]}]])
[0m[0;32m[2026-09-16 14:18:57.625][VERB] RETURN: {"result":"$5482"}
[0m[0;32m[2026-09-16 14:18:57.626][VERB] COMMANDCALL: _C.SafeAPI.Execute(["v1.sketch.getPoints",[{"id":5482}]])
[0m[0;32m[2026-09-16 14:18:57.626][VERB] RETURN: {"result":{"centerId":"$5483"}}
[0m[0;32m[2026-09-16 14:18:57.626][VERB] COMMANDCALL: _C.SafeAPI.Execute(["v1.sketch.point",[{"pos":[-1000,-1000,0],"id":5476}]])
[0m[0;32m[2026-09-16 14:18:57.627][VERB] RETURN: {"result":"$5485"}
[0m[0;32m[2026-09-16 14:18:57.627][VERB] COMMANDCALL: _C.SafeAPI.Execute(["v1.sketch.constraint",[{"type":"FIXATION","id":5476,"geomIds":[5485]}]])
[0m[0;32m[2026-09-16 14:18:57.628][VERB] RETURN: {"result":"$5487"}
[0m[0;32m[2026-09-16 14:18:57.628][VERB] COMMANDCALL: _C.SafeAPI.Execute(["v1.sketch.dimension",[{"type":"HORIZONTAL_DISTANCE","value":"@expr.d393_position_x","name":"position_x","id":5476,"geomIds":[5485,5483]}]])
[0m[0;32m[2026-09-16 14:18:57.633][VERB] RETURN: {"result":"$5491"}
[0m[0;32m[2026-09-16 14:18:57.633][VERB] COMMANDCALL: _C.SafeAPI.Execute(["v1.sketch.dimension",[{"type":"VERTICAL_DISTANCE","value":"@expr.d394_position_y","name":"position_y","id":5476,"geomIds":[5485,5483]}]])
[0m[0;32m[2026-09-16 14:18:57.638][VERB] RETURN: {"result":"$5495"}
[0m[0;32m[2026-09-16 14:18:57.638][VERB] COMMANDCALL: _C.SafeAPI.Execute(["v1.sketch.dimension",[{"type":"RADIUS","value":"@expr.d395_radius","name":"radius","id":5476,"geomIds":[5482]}]])
[0m[0;32m[2026-09-16 14:18:57.644][VERB] RETURN: {"result":"$5499"}
[0m[0;32m[2026-09-16 14:18:57.644][VERB] COMMANDCALL: _C.SafeAPI.Execute(["v1.part.extrusion",[{"references":[5482],"name":"F391_makeCylinder_cad_primitives_py_12","taperAngle":0,"limit2":"@expr.d396_height","id":4}]])
[0m[0;32m[2026-09-16 14:18:57.650][VERB] RETURN: {"result":"$5503"}
[0m[0;32m[2026-09-16 14:18:57.651][VERB] COMMANDCALL: _C.SafeAPI.Execute(["v1.part.boolean",[{"type":"SUBTRACTION","tools":[5503],"target":5427,"name":"F383_cut_housing_shell_py_25","id":4}]])
[0m[0;32m[2026-09-16 14:18:57.657][VERB] RETURN: {"result":"$5525"}
[0m[0;32m[2026-09-16 14:18:57.657][VERB] COMMANDCALL: _C.SafeAPI.Execute(["v1.part.boolean",[{"type":"SUBTRACTION","tools":[5525],"target":5349,"name":"F62_union_housing_shell_py_61_cavity_1_stock_1","id":4}]])
[0m[0;32m[2026-09-16 14:18:57.663][VERB] RETURN: {"result":"$5543"}
[0m[0;32m[2026-09-16 14:18:57.663][VERB] COMMANDCALL: _C.SafeAPI.Execute(["v1.part.workPlane",[{"type":"PLANE","references":[38],"name":"F397_makeBox_cad_primitives_py_8_plane","offset":"@expr.d398_plane_offset","id":4}]])
[0m[0;32m[2026-09-16 14:18:57.667][VERB] RETURN: {"result":"$5555"}
[0m[0;32m[2026-09-16 14:18:57.668][VERB] COMMANDCALL: _C.SafeAPI.Execute(["v1.sketch.create",[{"planeId":5555,"name":"F397_makeBox_cad_primitives_py_8_profile","id":4}]])
[0m[0;32m[2026-09-16 14:18:57.670][VERB] RETURN: {"result":"$5561"}
[0m[0;32m[2026-09-16 14:18:57.670][VERB] COMMANDCALL: _C.SafeAPI.Execute(["v1.sketch.rectangle",[{"startPos":[88.05,30,0],"id":5561,"genFixation":0,"endPos":[92.5,41.3,0]}]])
[0m[0;32m[2026-09-16 14:18:57.676][VERB] RETURN: {"result":["$5567","$5571","$5577","$5583"]}
[0m[0;32m[2026-09-16 14:18:57.677][VERB] COMMANDCALL: _C.SafeAPI.Execute(["v1.sketch.getPoints",[{"id":5567}]])
[0m[0;32m[2026-09-16 14:18:57.677][VERB] RETURN: {"result":{"endId":"$5569","startId":"$5568"}}
[0m[0;32m[2026-09-16 14:18:57.677][VERB] COMMANDCALL: _C.SafeAPI.Execute(["v1.sketch.point",[{"pos":[-1000,-1000,0],"id":5561}]])
[0m[0;32m[2026-09-16 14:18:57.679][VERB] RETURN: {"result":"$5599"}
[0m[0;32m[2026-09-16 14:18:57.679][VERB] COMMANDCALL: _C.SafeAPI.Execute(["v1.sketch.constraint",[{"type":"FIXATION","id":5561,"geomIds":[5599]}]])
[0m[0;32m[2026-09-16 14:18:57.681][VERB] RETURN: {"result":"$5601"}
[0m[0;32m[2026-09-16 14:18:57.681][VERB] COMMANDCALL: _C.SafeAPI.Execute(["v1.sketch.dimension",[{"type":"HORIZONTAL_DISTANCE","value":"@expr.d399_position_x","name":"position_x","id":5561,"geomIds":[5599,5568]}]])
[0m[0;32m[2026-09-16 14:18:57.687][VERB] RETURN: {"result":"$5605"}
[0m[0;32m[2026-09-16 14:18:57.687][VERB] COMMANDCALL: _C.SafeAPI.Execute(["v1.sketch.dimension",[{"type":"VERTICAL_DISTANCE","value":"@expr.d400_position_y","name":"position_y","id":5561,"geomIds":[5599,5568]}]])
[0m[0;32m[2026-09-16 14:18:57.693][VERB] RETURN: {"result":"$5609"}
[0m[0;32m[2026-09-16 14:18:57.693][VERB] COMMANDCALL: _C.SafeAPI.Execute(["v1.sketch.dimension",[{"type":"OFFSET","value":"@expr.d401_width","name":"width","id":5561,"geomIds":[5567]}]])
[0m[0;32m[2026-09-16 14:18:57.701][VERB] RETURN: {"result":"$5613"}
[0m[0;32m[2026-09-16 14:18:57.701][VERB] COMMANDCALL: _C.SafeAPI.Execute(["v1.sketch.dimension",[{"type":"OFFSET","value":"@expr.d402_depth","name":"depth","id":5561,"geomIds":[5571]}]])
[0m[0;32m[2026-09-16 14:18:57.709][VERB] RETURN: {"result":"$5617"}
[0m[0;32m[2026-09-16 14:18:57.709][VERB] COMMANDCALL: _C.SafeAPI.Execute(["v1.part.extrusion",[{"references":[5567,5571,5577,5583],"name":"F397_makeBox_cad_primitives_py_8","taperAngle":0,"limit2":"@expr.d403_height","id":4}]])
[0m[0;32m[2026-09-16 14:18:57.715][VERB] RETURN: {"result":"$5621"}
[0m[0;32m[2026-09-16 14:18:57.715][VERB] COMMANDCALL: _C.SafeAPI.Execute(["v1.part.boolean",[{"type":"SUBTRACTION","tools":[5621],"target":5543,"name":"F62_union_housing_shell_py_61_cavity_1_stock_2","id":4}]])
[0m[0;32m[2026-09-16 14:18:57.721][VERB] RETURN: {"result":"$5664"}
[0m[0;32m[2026-09-16 14:18:57.721][VERB] COMMANDCALL: _C.SafeAPI.Execute(["v1.part.workPlane",[{"type":"PLANE","references":[38],"name":"F404_makeBox_cad_primitives_py_8_plane","offset":"@expr.d405_plane_offset","id":4}]])
[0m[0;32m[2026-09-16 14:18:57.725][VERB] RETURN: {"result":"$5676"}
[0m[0;32m[2026-09-16 14:18:57.726][VERB] COMMANDCALL: _C.SafeAPI.Execute(["v1.sketch.create",[{"planeId":5676,"name":"F404_makeBox_cad_primitives_py_8_profile","id":4}]])
[0m[0;32m[2026-09-16 14:18:57.728][VERB] RETURN: {"result":"$5682"}
[0m[0;32m[2026-09-16 14:18:57.728][VERB] COMMANDCALL: _C.SafeAPI.Execute(["v1.sketch.rectangle",[{"startPos":[88.05,30,0],"id":5682,"genFixation":0,"endPos":[92.5,38,0]}]])
[0m[0;32m[2026-09-16 14:18:57.735][VERB] RETURN: {"result":["$5688","$5692","$5698","$5704"]}
[0m[0;32m[2026-09-16 14:18:57.735][VERB] COMMANDCALL: _C.SafeAPI.Execute(["v1.sketch.getPoints",[{"id":5688}]])
[0m[0;32m[2026-09-16 14:18:57.735][VERB] RETURN: {"result":{"endId":"$5690","startId":"$5689"}}
[0m[0;32m[2026-09-16 14:18:57.735][VERB] COMMANDCALL: _C.SafeAPI.Execute(["v1.sketch.point",[{"pos":[-1000,-1000,0],"id":5682}]])
[0m[0;32m[2026-09-16 14:18:57.737][VERB] RETURN: {"result":"$5720"}
[0m[0;32m[2026-09-16 14:18:57.737][VERB] COMMANDCALL: _C.SafeAPI.Execute(["v1.sketch.constraint",[{"type":"FIXATION","id":5682,"geomIds":[5720]}]])
[0m[0;32m[2026-09-16 14:18:57.739][VERB] RETURN: {"result":"$5722"}
[0m[0;32m[2026-09-16 14:18:57.739][VERB] COMMANDCALL: _C.SafeAPI.Execute(["v1.sketch.dimension",[{"type":"HORIZONTAL_DISTANCE","value":"@expr.d406_position_x","name":"position_x","id":5682,"geomIds":[5720,5689]}]])
[0m[0;32m[2026-09-16 14:18:57.744][VERB] RETURN: {"result":"$5726"}
[0m[0;32m[2026-09-16 14:18:57.744][VERB] COMMANDCALL: _C.SafeAPI.Execute(["v1.sketch.dimension",[{"type":"VERTICAL_DISTANCE","value":"@expr.d407_position_y","name":"position_y","id":5682,"geomIds":[5720,5689]}]])
[0m[0;32m[2026-09-16 14:18:57.751][VERB] RETURN: {"result":"$5730"}
[0m[0;32m[2026-09-16 14:18:57.751][VERB] COMMANDCALL: _C.SafeAPI.Execute(["v1.sketch.dimension",[{"type":"OFFSET","value":"@expr.d408_width","name":"width","id":5682,"geomIds":[5688]}]])
[0m[0;32m[2026-09-16 14:18:57.758][VERB] RETURN: {"result":"$5734"}
[0m[0;32m[2026-09-16 14:18:57.759][VERB] COMMANDCALL: _C.SafeAPI.Execute(["v1.sketch.dimension",[{"type":"OFFSET","value":"@expr.d409_depth","name":"depth","id":5682,"geomIds":[5692]}]])
[0m[0;32m[2026-09-16 14:18:57.767][VERB] RETURN: {"result":"$5738"}
[0m[0;32m[2026-09-16 14:18:57.767][VERB] COMMANDCALL: _C.SafeAPI.Execute(["v1.part.extrusion",[{"references":[5688,5692,5698,5704],"name":"F404_makeBox_cad_primitives_py_8","taperAngle":0,"limit2":"@expr.d410_height","id":4}]])
[0m[0;32m[2026-09-16 14:18:57.772][VERB] RETURN: {"result":"$5742"}
[0m[0;32m[2026-09-16 14:18:57.773][VERB] COMMANDCALL: _C.SafeAPI.Execute(["v1.part.boolean",[{"type":"SUBTRACTION","tools":[5742],"target":5664,"name":"F62_union_housing_shell_py_61_cavity_1_stock_3","id":4}]])
[0m[0;32m[2026-09-16 14:18:57.779][VERB] RETURN: {"result":"$5785"}
[0m[0;32m[2026-09-16 14:18:57.779][VERB] COMMANDCALL: _C.SafeAPI.Execute(["v1.part.boolean",[{"type":"SUBTRACTION","tools":[5785],"target":4591,"name":"F62_union_housing_shell_py_61_cavity_1","id":4}]])
[0m[0;32m[2026-09-16 14:18:57.806][VERB] RETURN: {"result":"$5797"}
[0m[0;32m[2026-09-16 14:18:57.806][VERB] COMMANDCALL: _C.SafeAPI.Execute(["v1.sketch.create",[{"planeId":38,"name":"F411_chamfer_shell_skin_py_17_middle_profile","id":4}]])
[0m[0;32m[2026-09-16 14:18:57.808][VERB] RETURN: {"result":"$5946"}
[0m[0;32m[2026-09-16 14:18:57.808][VERB] COMMANDCALL: _C.SafeAPI.Execute(["v1.sketch.point",[{"pos":[-1000,-1000,0],"id":5946}]])
[0m[0;32m[2026-09-16 14:18:57.809][VERB] RETURN: {"result":"$5952"}
[0m[0;32m[2026-09-16 14:18:57.810][VERB] COMMANDCALL: _C.SafeAPI.Execute(["v1.sketch.constraint",[{"type":"FIXATION","id":5946,"geomIds":[5952]}]])
[0m[0;32m[2026-09-16 14:18:57.811][VERB] RETURN: {"result":"$5954"}
[0m[0;32m[2026-09-16 14:18:57.811][VERB] COMMANDCALL: _C.SafeAPI.Execute(["v1.sketch.line",[{"startPos":[49.5,1.6,0],"genIncidence":0,"genTangency":0,"genFixation":0,"genVertAndHoriz":0,"id":5946,"endPos":[88.1,1.6,0]}]])
[0m[0;32m[2026-09-16 14:18:57.812][VERB] RETURN: {"result":"$5956"}
[0m[0;32m[2026-09-16 14:18:57.812][VERB] COMMANDCALL: _C.SafeAPI.Execute(["v1.sketch.getPoints",[{"id":5956}]])
[0m[0;32m[2026-09-16 14:18:57.812][VERB] RETURN: {"result":{"endId":"$5958","startId":"$5957"}}
[0m[0;32m[2026-09-16 14:18:57.812][VERB] COMMANDCALL: _C.SafeAPI.Execute(["v1.sketch.dimension",[{"type":"HORIZONTAL_DISTANCE","value":"@expr.d412_x","name":"x","id":5946,"geomIds":[5952,5957]}]])
[0m[0;32m[2026-09-16 14:18:57.817][VERB] RETURN: {"result":"$5962"}
[0m[0;32m[2026-09-16 14:18:57.817][VERB] COMMANDCALL: _C.SafeAPI.Execute(["v1.sketch.dimension",[{"type":"VERTICAL_DISTANCE","value":"@expr.d413_y","name":"y","id":5946,"geomIds":[5952,5957]}]])
[0m[0;32m[2026-09-16 14:18:57.822][VERB] RETURN: {"result":"$5966"}
[0m[0;32m[2026-09-16 14:18:57.822][VERB] COMMANDCALL: _C.SafeAPI.Execute(["v1.sketch.dimension",[{"type":"HORIZONTAL_DISTANCE","value":"@expr.d414_x","name":"x","id":5946,"geomIds":[5952,5958]}]])
[0m[0;32m[2026-09-16 14:18:57.828][VERB] RETURN: {"result":"$5970"}
[0m[0;32m[2026-09-16 14:18:57.828][VERB] COMMANDCALL: _C.SafeAPI.Execute(["v1.sketch.dimension",[{"type":"VERTICAL_DISTANCE","value":"@expr.d415_y","name":"y","id":5946,"geomIds":[5952,5958]}]])
[0m[0;32m[2026-09-16 14:18:57.835][VERB] RETURN: {"result":"$5974"}
[0m[0;32m[2026-09-16 14:18:57.835][VERB] COMMANDCALL: _C.SafeAPI.Execute(["v1.sketch.line",[{"startPos":[88.1,1.6,0],"genIncidence":0,"genTangency":0,"genFixation":0,"genVertAndHoriz":0,"id":5946,"endPos":[88.6,2.1,0]}]])
[0m[0;32m[2026-09-16 14:18:57.838][VERB] RETURN: {"result":"$5976"}
[0m[0;32m[2026-09-16 14:18:57.838][VERB] COMMANDCALL: _C.SafeAPI.Execute(["v1.sketch.getPoints",[{"id":5976}]])
[0m[0;32m[2026-09-16 14:18:57.839][VERB] RETURN: {"result":{"endId":"$5978","startId":"$5977"}}
[0m[0;32m[2026-09-16 14:18:57.839][VERB] COMMANDCALL: _C.SafeAPI.Execute(["v1.sketch.dimension",[{"type":"HORIZONTAL_DISTANCE","value":"@expr.d416_x","name":"x","id":5946,"geomIds":[5952,5977]}]])
[0m[0;32m[2026-09-16 14:18:57.846][VERB] RETURN: {"result":"$5982"}
[0m[0;32m[2026-09-16 14:18:57.847][VERB] COMMANDCALL: _C.SafeAPI.Execute(["v1.sketch.dimension",[{"type":"VERTICAL_DISTANCE","value":"@expr.d417_y","name":"y","id":5946,"geomIds":[5952,5977]}]])
[0m[0;32m[2026-09-16 14:18:57.855][VERB] RETURN: {"result":"$5986"}
[0m[0;32m[2026-09-16 14:18:57.855][VERB] COMMANDCALL: _C.SafeAPI.Execute(["v1.sketch.dimension",[{"type":"HORIZONTAL_DISTANCE","value":"@expr.d418_x","name":"x","id":5946,"geomIds":[5952,5978]}]])
[0m[0;32m[2026-09-16 14:18:57.864][VERB] RETURN: {"result":"$5990"}
[0m[0;32m[2026-09-16 14:18:57.864][VERB] COMMANDCALL: _C.SafeAPI.Execute(["v1.sketch.dimension",[{"type":"VERTICAL_DISTANCE","value":"@expr.d419_y","name":"y","id":5946,"geomIds":[5952,5978]}]])
[0m[0;32m[2026-09-16 14:18:57.874][VERB] RETURN: {"result":"$5994"}
[0m[0;32m[2026-09-16 14:18:57.874][VERB] COMMANDCALL: _C.SafeAPI.Execute(["v1.sketch.line",[{"startPos":[88.6,2.1,0],"genIncidence":0,"genTangency":0,"genFixation":0,"genVertAndHoriz":0,"id":5946,"endPos":[88.6,37.4,0]}]])
[0m[0;32m[2026-09-16 14:18:57.879][VERB] RETURN: {"result":"$5996"}
[0m[0;32m[2026-09-16 14:18:57.879][VERB] COMMANDCALL: _C.SafeAPI.Execute(["v1.sketch.getPoints",[{"id":5996}]])
[0m[0;32m[2026-09-16 14:18:57.879][VERB] RETURN: {"result":{"endId":"$5998","startId":"$5997"}}
[0m[0;32m[2026-09-16 14:18:57.879][VERB] COMMANDCALL: _C.SafeAPI.Execute(["v1.sketch.dimension",[{"type":"HORIZONTAL_DISTANCE","value":"@expr.d420_x","name":"x","id":5946,"geomIds":[5952,5997]}]])
[0m[0;32m[2026-09-16 14:18:57.890][VERB] RETURN: {"result":"$6002"}
[0m[0;32m[2026-09-16 14:18:57.890][VERB] COMMANDCALL: _C.SafeAPI.Execute(["v1.sketch.dimension",[{"type":"VERTICAL_DISTANCE","value":"@expr.d421_y","name":"y","id":5946,"geomIds":[5952,5997]}]])
[0m[0;32m[2026-09-16 14:18:57.901][VERB] RETURN: {"result":"$6006"}
[0m[0;32m[2026-09-16 14:18:57.902][VERB] COMMANDCALL: _C.SafeAPI.Execute(["v1.sketch.dimension",[{"type":"HORIZONTAL_DISTANCE","value":"@expr.d422_x","name":"x","id":5946,"geomIds":[5952,5998]}]])
[0m[0;32m[2026-09-16 14:18:57.914][VERB] RETURN: {"result":"$6010"}
[0m[0;32m[2026-09-16 14:18:57.914][VERB] COMMANDCALL: _C.SafeAPI.Execute(["v1.sketch.dimension",[{"type":"VERTICAL_DISTANCE","value":"@expr.d423_y","name":"y","id":5946,"geomIds":[5952,5998]}]])
[0m[0;32m[2026-09-16 14:18:57.927][VERB] RETURN: {"result":"$6014"}
[0m[0;32m[2026-09-16 14:18:57.927][VERB] COMMANDCALL: _C.SafeAPI.Execute(["v1.sketch.line",[{"startPos":[88.6,37.4,0],"genIncidence":0,"genTangency":0,"genFixation":0,"genVertAndHoriz":0,"id":5946,"endPos":[88.1,37.9,0]}]])
[0m[0;32m[2026-09-16 14:18:57.933][VERB] RETURN: {"result":"$6016"}
[0m[0;32m[2026-09-16 14:18:57.933][VERB] COMMANDCALL: _C.SafeAPI.Execute(["v1.sketch.getPoints",[{"id":6016}]])
[0m[0;32m[2026-09-16 14:18:57.933][VERB] RETURN: {"result":{"endId":"$6018","startId":"$6017"}}
[0m[0;32m[2026-09-16 14:18:57.934][VERB] COMMANDCALL: _C.SafeAPI.Execute(["v1.sketch.dimension",[{"type":"HORIZONTAL_DISTANCE","value":"@expr.d424_x","name":"x","id":5946,"geomIds":[5952,6017]}]])
[0m[0;32m[2026-09-16 14:18:57.947][VERB] RETURN: {"result":"$6022"}
[0m[0;32m[2026-09-16 14:18:57.948][VERB] COMMANDCALL: _C.SafeAPI.Execute(["v1.sketch.dimension",[{"type":"VERTICAL_DISTANCE","value":"@expr.d425_y","name":"y","id":5946,"geomIds":[5952,6017]}]])
[0m[0;32m[2026-09-16 14:18:57.962][VERB] RETURN: {"result":"$6026"}
[0m[0;32m[2026-09-16 14:18:57.963][VERB] COMMANDCALL: _C.SafeAPI.Execute(["v1.sketch.dimension",[{"type":"HORIZONTAL_DISTANCE","value":"@expr.d426_x","name":"x","id":5946,"geomIds":[5952,6018]}]])
[0m[0;32m[2026-09-16 14:18:57.978][VERB] RETURN: {"result":"$6030"}
[0m[0;32m[2026-09-16 14:18:57.978][VERB] COMMANDCALL: _C.SafeAPI.Execute(["v1.sketch.dimension",[{"type":"VERTICAL_DISTANCE","value":"@expr.d427_y","name":"y","id":5946,"geomIds":[5952,6018]}]])
[0m[0;32m[2026-09-16 14:18:57.994][VERB] RETURN: {"result":"$6034"}
[0m[0;32m[2026-09-16 14:18:57.995][VERB] COMMANDCALL: _C.SafeAPI.Execute(["v1.sketch.line",[{"startPos":[88.1,37.9,0],"genIncidence":0,"genTangency":0,"genFixation":0,"genVertAndHoriz":0,"id":5946,"endPos":[49.5,37.9,0]}]])
[0m[0;32m[2026-09-16 14:18:58.003][VERB] RETURN: {"result":"$6036"}
[0m[0;32m[2026-09-16 14:18:58.003][VERB] COMMANDCALL: _C.SafeAPI.Execute(["v1.sketch.getPoints",[{"id":6036}]])
[0m[0;32m[2026-09-16 14:18:58.003][VERB] RETURN: {"result":{"endId":"$6038","startId":"$6037"}}
[0m[0;32m[2026-09-16 14:18:58.003][VERB] COMMANDCALL: _C.SafeAPI.Execute(["v1.sketch.dimension",[{"type":"HORIZONTAL_DISTANCE","value":"@expr.d428_x","name":"x","id":5946,"geomIds":[5952,6037]}]])
[0m[0;32m[2026-09-16 14:18:58.020][VERB] RETURN: {"result":"$6042"}
[0m[0;32m[2026-09-16 14:18:58.020][VERB] COMMANDCALL: _C.SafeAPI.Execute(["v1.sketch.dimension",[{"type":"VERTICAL_DISTANCE","value":"@expr.d429_y","name":"y","id":5946,"geomIds":[5952,6037]}]])
[0m[0;32m[2026-09-16 14:18:58.037][VERB] RETURN: {"result":"$6046"}
[0m[0;32m[2026-09-16 14:18:58.038][VERB] COMMANDCALL: _C.SafeAPI.Execute(["v1.sketch.dimension",[{"type":"HORIZONTAL_DISTANCE","value":"@expr.d430_x","name":"x","id":5946,"geomIds":[5952,6038]}]])
[0m[0;32m[2026-09-16 14:18:58.056][VERB] RETURN: {"result":"$6050"}
[0m[0;32m[2026-09-16 14:18:58.056][VERB] COMMANDCALL: _C.SafeAPI.Execute(["v1.sketch.dimension",[{"type":"VERTICAL_DISTANCE","value":"@expr.d431_y","name":"y","id":5946,"geomIds":[5952,6038]}]])
[0m[0;32m[2026-09-16 14:18:58.075][VERB] RETURN: {"result":"$6054"}
[0m[0;32m[2026-09-16 14:18:58.075][VERB] COMMANDCALL: _C.SafeAPI.Execute(["v1.sketch.line",[{"startPos":[49.5,37.9,0],"genIncidence":0,"genTangency":0,"genFixation":0,"genVertAndHoriz":0,"id":5946,"endPos":[49,37.4,0]}]])
[0m[0;32m[2026-09-16 14:18:58.085][VERB] RETURN: {"result":"$6056"}
[0m[0;32m[2026-09-16 14:18:58.085][VERB] COMMANDCALL: _C.SafeAPI.Execute(["v1.sketch.getPoints",[{"id":6056}]])
[0m[0;32m[2026-09-16 14:18:58.085][VERB] RETURN: {"result":{"endId":"$6058","startId":"$6057"}}
[0m[0;32m[2026-09-16 14:18:58.085][VERB] COMMANDCALL: _C.SafeAPI.Execute(["v1.sketch.dimension",[{"type":"HORIZONTAL_DISTANCE","value":"@expr.d432_x","name":"x","id":5946,"geomIds":[5952,6057]}]])
[0m[0;32m[2026-09-16 14:18:58.105][VERB] RETURN: {"result":"$6062"}
[0m[0;32m[2026-09-16 14:18:58.106][VERB] COMMANDCALL: _C.SafeAPI.Execute(["v1.sketch.dimension",[{"type":"VERTICAL_DISTANCE","value":"@expr.d433_y","name":"y","id":5946,"geomIds":[5952,6057]}]])
[0m[0;32m[2026-09-16 14:18:58.126][VERB] RETURN: {"result":"$6066"}
[0m[0;32m[2026-09-16 14:18:58.126][VERB] COMMANDCALL: _C.SafeAPI.Execute(["v1.sketch.dimension",[{"type":"HORIZONTAL_DISTANCE","value":"@expr.d434_x","name":"x","id":5946,"geomIds":[5952,6058]}]])
[0m[0;32m[2026-09-16 14:18:58.148][VERB] RETURN: {"result":"$6070"}
[0m[0;32m[2026-09-16 14:18:58.148][VERB] COMMANDCALL: _C.SafeAPI.Execute(["v1.sketch.dimension",[{"type":"VERTICAL_DISTANCE","value":"@expr.d435_y","name":"y","id":5946,"geomIds":[5952,6058]}]])
[0m[0;32m[2026-09-16 14:18:58.171][VERB] RETURN: {"result":"$6074"}
[0m[0;32m[2026-09-16 14:18:58.171][VERB] COMMANDCALL: _C.SafeAPI.Execute(["v1.sketch.line",[{"startPos":[49,37.4,0],"genIncidence":0,"genTangency":0,"genFixation":0,"genVertAndHoriz":0,"id":5946,"endPos":[49,2.1,0]}]])
[0m[0;32m[2026-09-16 14:18:58.182][VERB] RETURN: {"result":"$6076"}
[0m[0;32m[2026-09-16 14:18:58.183][VERB] COMMANDCALL: _C.SafeAPI.Execute(["v1.sketch.getPoints",[{"id":6076}]])
[0m[0;32m[2026-09-16 14:18:58.183][VERB] RETURN: {"result":{"endId":"$6078","startId":"$6077"}}
[0m[0;32m[2026-09-16 14:18:58.183][VERB] COMMANDCALL: _C.SafeAPI.Execute(["v1.sketch.dimension",[{"type":"HORIZONTAL_DISTANCE","value":"@expr.d436_x","name":"x","id":5946,"geomIds":[5952,6077]}]])
[0m[0;32m[2026-09-16 14:18:58.208][VERB] RETURN: {"result":"$6082"}
[0m[0;32m[2026-09-16 14:18:58.208][VERB] COMMANDCALL: _C.SafeAPI.Execute(["v1.sketch.dimension",[{"type":"VERTICAL_DISTANCE","value":"@expr.d437_y","name":"y","id":5946,"geomIds":[5952,6077]}]])
[0m[0;32m[2026-09-16 14:18:58.232][VERB] RETURN: {"result":"$6086"}
[0m[0;32m[2026-09-16 14:18:58.233][VERB] COMMANDCALL: _C.SafeAPI.Execute(["v1.sketch.dimension",[{"type":"HORIZONTAL_DISTANCE","value":"@expr.d438_x","name":"x","id":5946,"geomIds":[5952,6078]}]])
[0m[0;32m[2026-09-16 14:18:58.258][VERB] RETURN: {"result":"$6090"}
[0m[0;32m[2026-09-16 14:18:58.258][VERB] COMMANDCALL: _C.SafeAPI.Execute(["v1.sketch.dimension",[{"type":"VERTICAL_DISTANCE","value":"@expr.d439_y","name":"y","id":5946,"geomIds":[5952,6078]}]])
[0m[0;32m[2026-09-16 14:18:58.284][VERB] RETURN: {"result":"$6094"}
[0m[0;32m[2026-09-16 14:18:58.284][VERB] COMMANDCALL: _C.SafeAPI.Execute(["v1.sketch.line",[{"startPos":[49,2.1,0],"genIncidence":0,"genTangency":0,"genFixation":0,"genVertAndHoriz":0,"id":5946,"endPos":[49.5,1.6,0]}]])
[0m[0;32m[2026-09-16 14:18:58.297][VERB] RETURN: {"result":"$6096"}
[0m[0;32m[2026-09-16 14:18:58.298][VERB] COMMANDCALL: _C.SafeAPI.Execute(["v1.sketch.getPoints",[{"id":6096}]])
[0m[0;32m[2026-09-16 14:18:58.298][VERB] RETURN: {"result":{"endId":"$6098","startId":"$6097"}}
[0m[0;32m[2026-09-16 14:18:58.298][VERB] COMMANDCALL: _C.SafeAPI.Execute(["v1.sketch.dimension",[{"type":"HORIZONTAL_DISTANCE","value":"@expr.d440_x","name":"x","id":5946,"geomIds":[5952,6097]}]])
[0m[0;32m[2026-09-16 14:18:58.325][VERB] RETURN: {"result":"$6102"}
[0m[0;32m[2026-09-16 14:18:58.325][VERB] COMMANDCALL: _C.SafeAPI.Execute(["v1.sketch.dimension",[{"type":"VERTICAL_DISTANCE","value":"@expr.d441_y","name":"y","id":5946,"geomIds":[5952,6097]}]])
[0m[0;32m[2026-09-16 14:18:58.353][VERB] RETURN: {"result":"$6106"}
[0m[0;32m[2026-09-16 14:18:58.354][VERB] COMMANDCALL: _C.SafeAPI.Execute(["v1.sketch.dimension",[{"type":"HORIZONTAL_DISTANCE","value":"@expr.d442_x","name":"x","id":5946,"geomIds":[5952,6098]}]])
[0m[0;32m[2026-09-16 14:18:58.382][VERB] RETURN: {"result":"$6110"}
[0m[0;32m[2026-09-16 14:18:58.383][VERB] COMMANDCALL: _C.SafeAPI.Execute(["v1.sketch.dimension",[{"type":"VERTICAL_DISTANCE","value":"@expr.d443_y","name":"y","id":5946,"geomIds":[5952,6098]}]])
[0m[0;32m[2026-09-16 14:18:58.413][VERB] RETURN: {"result":"$6114"}
[0m[0;32m[2026-09-16 14:18:58.413][VERB] COMMANDCALL: _C.SafeAPI.Execute(["v1.part.extrusion",[{"references":[5956,5976,5996,6016,6036,6056,6076,6096],"name":"F411_chamfer_shell_skin_py_17_middle","taperAngle":0,"limit2":"@expr.d444_height","id":4}]])
[0m[0;32m[2026-09-16 14:18:58.420][VERB] RETURN: {"result":"$6118"}
[0m[0;32m[2026-09-16 14:18:58.421][VERB] COMMANDCALL: _C.SafeAPI.Execute(["v1.part.translation",[{"references":[34],"name":"F411_chamfer_shell_skin_py_17_middle_2","id":4,"targets":[6118],"distance":"@expr.d445_position"}]])
[0m[0;32m[2026-09-16 14:18:58.425][VERB] RETURN: {"result":"$6189"}
[0m[0;32m[2026-09-16 14:18:58.426][VERB] COMMANDCALL: _C.SafeAPI.Execute(["v1.part.extrusion",[{"references":[5956,5976,5996,6016,6036,6056,6076,6096],"name":"F411_chamfer_shell_skin_py_17_bottom","taperAngle":0.78539816339745,"limit2":"@expr.d446_bevel_height","id":4}]])
[0m[0;32m[2026-09-16 14:18:58.435][VERB] RETURN: {"result":"$6200"}
[0m[0;32m[2026-09-16 14:18:58.435][VERB] COMMANDCALL: _C.SafeAPI.Execute(["v1.part.translation",[{"references":[34],"name":"F411_chamfer_shell_skin_py_17_bottom_2","id":4,"targets":[6200],"distance":"@expr.d447_position"}]])
[0m[0;32m[2026-09-16 14:18:58.440][VERB] RETURN: {"result":"$6263"}
[0m[0;32m[2026-09-16 14:18:58.440][VERB] COMMANDCALL: _C.SafeAPI.Execute(["v1.part.extrusion",[{"references":[5956,5976,5996,6016,6036,6056,6076,6096],"name":"F411_chamfer_shell_skin_py_17_top","taperAngle":0.78539816339745,"limit2":"@expr.d448_bevel_height","id":4}]])
[0m[0;32m[2026-09-16 14:18:58.449][VERB] RETURN: {"result":"$6274"}
[0m[0;32m[2026-09-16 14:18:58.449][VERB] COMMANDCALL: _C.SafeAPI.Execute(["v1.part.translation",[{"references":[34],"name":"F411_chamfer_shell_skin_py_17_top_2","id":4,"targets":[6274],"distance":"@expr.d449_position"}]])
[0m[0;32m[2026-09-16 14:18:58.454][VERB] RETURN: {"result":"$6337"}
[0m[0;32m[2026-09-16 14:18:58.455][VERB] COMMANDCALL: _C.SafeAPI.Execute(["v1.part.boolean",[{"type":"UNION","tools":[6263,6337],"target":6189,"name":"F411_chamfer_shell_skin_py_17","id":4}]])
[0m[0;32m[2026-09-16 14:18:58.467][VERB] RETURN: {"result":"$6348"}
[0m[0;32m[2026-09-16 14:18:58.468][VERB] COMMANDCALL: _C.SafeAPI.Execute(["v1.part.workPlane",[{"type":"PLANE","references":[38],"name":"F450_makeBox_cad_primitives_py_8_plane","offset":"@expr.d451_plane_offset","id":4}]])
[0m[0;32m[2026-09-16 14:18:58.472][VERB] RETURN: {"result":"$6427"}
[0m[0;32m[2026-09-16 14:18:58.472][VERB] COMMANDCALL: _C.SafeAPI.Execute(["v1.sketch.create",[{"planeId":6427,"name":"F450_makeBox_cad_primitives_py_8_profile","id":4}]])
[0m[0;32m[2026-09-16 14:18:58.474][VERB] RETURN: {"result":"$6433"}
[0m[0;32m[2026-09-16 14:18:58.475][VERB] COMMANDCALL: _C.SafeAPI.Execute(["v1.sketch.rectangle",[{"startPos":[88.05,-7,0],"id":6433,"genFixation":0,"endPos":[92.5,5,0]}]])
[0m[0;32m[2026-09-16 14:18:58.481][VERB] RETURN: {"result":["$6439","$6443","$6449","$6455"]}
[0m[0;32m[2026-09-16 14:18:58.482][VERB] COMMANDCALL: _C.SafeAPI.Execute(["v1.sketch.getPoints",[{"id":6439}]])
[0m[0;32m[2026-09-16 14:18:58.482][VERB] RETURN: {"result":{"endId":"$6441","startId":"$6440"}}
[0m[0;32m[2026-09-16 14:18:58.482][VERB] COMMANDCALL: _C.SafeAPI.Execute(["v1.sketch.point",[{"pos":[-1000,-1000,0],"id":6433}]])
[0m[0;32m[2026-09-16 14:18:58.484][VERB] RETURN: {"result":"$6471"}
[0m[0;32m[2026-09-16 14:18:58.484][VERB] COMMANDCALL: _C.SafeAPI.Execute(["v1.sketch.constraint",[{"type":"FIXATION","id":6433,"geomIds":[6471]}]])
[0m[0;32m[2026-09-16 14:18:58.486][VERB] RETURN: {"result":"$6473"}
[0m[0;32m[2026-09-16 14:18:58.486][VERB] COMMANDCALL: _C.SafeAPI.Execute(["v1.sketch.dimension",[{"type":"HORIZONTAL_DISTANCE","value":"@expr.d452_position_x","name":"position_x","id":6433,"geomIds":[6471,6440]}]])
[0m[0;32m[2026-09-16 14:18:58.492][VERB] RETURN: {"result":"$6477"}
[0m[0;32m[2026-09-16 14:18:58.492][VERB] COMMANDCALL: _C.SafeAPI.Execute(["v1.sketch.dimension",[{"type":"VERTICAL_DISTANCE","value":"@expr.d453_position_y","name":"position_y","id":6433,"geomIds":[6471,6440]}]])
[0m[0;32m[2026-09-16 14:18:58.499][VERB] RETURN: {"result":"$6481"}
[0m[0;32m[2026-09-16 14:18:58.499][VERB] COMMANDCALL: _C.SafeAPI.Execute(["v1.sketch.dimension",[{"type":"OFFSET","value":"@expr.d454_width","name":"width","id":6433,"geomIds":[6439]}]])
[0m[0;32m[2026-09-16 14:18:58.506][VERB] RETURN: {"result":"$6485"}
[0m[0;32m[2026-09-16 14:18:58.507][VERB] COMMANDCALL: _C.SafeAPI.Execute(["v1.sketch.dimension",[{"type":"OFFSET","value":"@expr.d455_depth","name":"depth","id":6433,"geomIds":[6443]}]])
[0m[0;32m[2026-09-16 14:18:58.515][VERB] RETURN: {"result":"$6489"}
[0m[0;32m[2026-09-16 14:18:58.515][VERB] COMMANDCALL: _C.SafeAPI.Execute(["v1.part.extrusion",[{"references":[6439,6443,6449,6455],"name":"F450_makeBox_cad_primitives_py_8","taperAngle":0,"limit2":"@expr.d456_height","id":4}]])
[0m[0;32m[2026-09-16 14:18:58.521][VERB] RETURN: {"result":"$6493"}
[0m[0;32m[2026-09-16 14:18:58.522][VERB] COMMANDCALL: _C.SafeAPI.Execute(["v1.part.boolean",[{"type":"SUBTRACTION","tools":[6493],"target":6348,"name":"F62_union_housing_shell_py_61_cavity_2_stock_0","id":4}]])
[0m[0;32m[2026-09-16 14:18:58.529][VERB] RETURN: {"result":"$6536"}
[0m[0;32m[2026-09-16 14:18:58.530][VERB] COMMANDCALL: _C.SafeAPI.Execute(["v1.part.workPlane",[{"type":"PLANE","references":[38],"name":"F458_makeBox_cad_primitives_py_8_plane","offset":"@expr.d459_plane_offset","id":4}]])
[0m[0;32m[2026-09-16 14:18:58.534][VERB] RETURN: {"result":"$6595"}
[0m[0;32m[2026-09-16 14:18:58.534][VERB] COMMANDCALL: _C.SafeAPI.Execute(["v1.sketch.create",[{"planeId":6595,"name":"F458_makeBox_cad_primitives_py_8_profile","id":4}]])
[0m[0;32m[2026-09-16 14:18:58.536][VERB] RETURN: {"result":"$6601"}
[0m[0;32m[2026-09-16 14:18:58.537][VERB] COMMANDCALL: _C.SafeAPI.Execute(["v1.sketch.rectangle",[{"startPos":[85.35,-4,0],"id":6601,"genFixation":0,"endPos":[88.05,-1.3,0]}]])
[0m[0;32m[2026-09-16 14:18:58.543][VERB] RETURN: {"result":["$6607","$6611","$6617","$6623"]}
[0m[0;32m[2026-09-16 14:18:58.544][VERB] COMMANDCALL: _C.SafeAPI.Execute(["v1.sketch.getPoints",[{"id":6607}]])
[0m[0;32m[2026-09-16 14:18:58.544][VERB] RETURN: {"result":{"endId":"$6609","startId":"$6608"}}
[0m[0;32m[2026-09-16 14:18:58.544][VERB] COMMANDCALL: _C.SafeAPI.Execute(["v1.sketch.point",[{"pos":[-1000,-1000,0],"id":6601}]])
[0m[0;32m[2026-09-16 14:18:58.546][VERB] RETURN: {"result":"$6639"}
[0m[0;32m[2026-09-16 14:18:58.546][VERB] COMMANDCALL: _C.SafeAPI.Execute(["v1.sketch.constraint",[{"type":"FIXATION","id":6601,"geomIds":[6639]}]])
[0m[0;32m[2026-09-16 14:18:58.548][VERB] RETURN: {"result":"$6641"}
[0m[0;32m[2026-09-16 14:18:58.548][VERB] COMMANDCALL: _C.SafeAPI.Execute(["v1.sketch.dimension",[{"type":"HORIZONTAL_DISTANCE","value":"@expr.d460_position_x","name":"position_x","id":6601,"geomIds":[6639,6608]}]])
[0m[0;32m[2026-09-16 14:18:58.554][VERB] RETURN: {"result":"$6645"}
[0m[0;32m[2026-09-16 14:18:58.554][VERB] COMMANDCALL: _C.SafeAPI.Execute(["v1.sketch.dimension",[{"type":"VERTICAL_DISTANCE","value":"@expr.d461_position_y","name":"position_y","id":6601,"geomIds":[6639,6608]}]])
[0m[0;32m[2026-09-16 14:18:58.560][VERB] RETURN: {"result":"$6649"}
[0m[0;32m[2026-09-16 14:18:58.561][VERB] COMMANDCALL: _C.SafeAPI.Execute(["v1.sketch.dimension",[{"type":"OFFSET","value":"@expr.d462_width","name":"width","id":6601,"geomIds":[6607]}]])
[0m[0;32m[2026-09-16 14:18:58.568][VERB] RETURN: {"result":"$6653"}
[0m[0;32m[2026-09-16 14:18:58.568][VERB] COMMANDCALL: _C.SafeAPI.Execute(["v1.sketch.dimension",[{"type":"OFFSET","value":"@expr.d463_depth","name":"depth","id":6601,"geomIds":[6611]}]])
[0m[0;32m[2026-09-16 14:18:58.576][VERB] RETURN: {"result":"$6657"}
[0m[0;32m[2026-09-16 14:18:58.577][VERB] COMMANDCALL: _C.SafeAPI.Execute(["v1.part.extrusion",[{"references":[6607,6611,6617,6623],"name":"F458_makeBox_cad_primitives_py_8","taperAngle":0,"limit2":"@expr.d464_height","id":4}]])
[0m[0;32m[2026-09-16 14:18:58.583][VERB] RETURN: {"result":"$6661"}
[0m[0;32m[2026-09-16 14:18:58.583][VERB] COMMANDCALL: _C.SafeAPI.Execute(["v1.part.workPlane",[{"type":"PLANE","references":[38],"name":"F465_makeCylinder_cad_primitives_py_12_plane","offset":"@expr.d466_plane_offset","id":4}]])
[0m[0;32m[2026-09-16 14:18:58.587][VERB] RETURN: {"result":"$6704"}
[0m[0;32m[2026-09-16 14:18:58.588][VERB] COMMANDCALL: _C.SafeAPI.Execute(["v1.sketch.create",[{"planeId":6704,"name":"F465_makeCylinder_cad_primitives_py_12_profile","id":4}]])
[0m[0;32m[2026-09-16 14:18:58.590][VERB] RETURN: {"result":"$6710"}
[0m[0;32m[2026-09-16 14:18:58.590][VERB] COMMANDCALL: _C.SafeAPI.Execute(["v1.sketch.circle",[{"radius":2.7,"id":6710,"genFixation":0,"centerPos":[85.35,-4,0]}]])
[0m[0;32m[2026-09-16 14:18:58.591][VERB] RETURN: {"result":"$6716"}
[0m[0;32m[2026-09-16 14:18:58.591][VERB] COMMANDCALL: _C.SafeAPI.Execute(["v1.sketch.getPoints",[{"id":6716}]])
[0m[0;32m[2026-09-16 14:18:58.592][VERB] RETURN: {"result":{"centerId":"$6717"}}
[0m[0;32m[2026-09-16 14:18:58.592][VERB] COMMANDCALL: _C.SafeAPI.Execute(["v1.sketch.point",[{"pos":[-1000,-1000,0],"id":6710}]])
[0m[0;32m[2026-09-16 14:18:58.593][VERB] RETURN: {"result":"$6719"}
[0m[0;32m[2026-09-16 14:18:58.593][VERB] COMMANDCALL: _C.SafeAPI.Execute(["v1.sketch.constraint",[{"type":"FIXATION","id":6710,"geomIds":[6719]}]])
[0m[0;32m[2026-09-16 14:18:58.594][VERB] RETURN: {"result":"$6721"}
[0m[0;32m[2026-09-16 14:18:58.594][VERB] COMMANDCALL: _C.SafeAPI.Execute(["v1.sketch.dimension",[{"type":"HORIZONTAL_DISTANCE","value":"@expr.d467_position_x","name":"position_x","id":6710,"geomIds":[6719,6717]}]])
[0m[0;32m[2026-09-16 14:18:58.598][VERB] RETURN: {"result":"$6725"}
[0m[0;32m[2026-09-16 14:18:58.599][VERB] COMMANDCALL: _C.SafeAPI.Execute(["v1.sketch.dimension",[{"type":"VERTICAL_DISTANCE","value":"@expr.d468_position_y","name":"position_y","id":6710,"geomIds":[6719,6717]}]])
[0m[0;32m[2026-09-16 14:18:58.604][VERB] RETURN: {"result":"$6729"}
[0m[0;32m[2026-09-16 14:18:58.604][VERB] COMMANDCALL: _C.SafeAPI.Execute(["v1.sketch.dimension",[{"type":"RADIUS","value":"@expr.d469_radius","name":"radius","id":6710,"geomIds":[6716]}]])
[0m[0;32m[2026-09-16 14:18:58.609][VERB] RETURN: {"result":"$6733"}
[0m[0;32m[2026-09-16 14:18:58.610][VERB] COMMANDCALL: _C.SafeAPI.Execute(["v1.part.extrusion",[{"references":[6716],"name":"F465_makeCylinder_cad_primitives_py_12","taperAngle":0,"limit2":"@expr.d470_height","id":4}]])
[0m[0;32m[2026-09-16 14:18:58.616][VERB] RETURN: {"result":"$6737"}
[0m[0;32m[2026-09-16 14:18:58.616][VERB] COMMANDCALL: _C.SafeAPI.Execute(["v1.part.boolean",[{"type":"SUBTRACTION","tools":[6737],"target":6661,"name":"F457_cut_housing_shell_py_25","id":4}]])
[0m[0;32m[2026-09-16 14:18:58.623][VERB] RETURN: {"result":"$6759"}
[0m[0;32m[2026-09-16 14:18:58.623][VERB] COMMANDCALL: _C.SafeAPI.Execute(["v1.part.boolean",[{"type":"SUBTRACTION","tools":[6759],"target":6536,"name":"F62_union_housing_shell_py_61_cavity_2_stock_1","id":4}]])
[0m[0;32m[2026-09-16 14:18:58.629][VERB] RETURN: {"result":"$6777"}
[0m[0;32m[2026-09-16 14:18:58.630][VERB] COMMANDCALL: _C.SafeAPI.Execute(["v1.part.workPlane",[{"type":"PLANE","references":[38],"name":"F471_makeBox_cad_primitives_py_8_plane","offset":"@expr.d472_plane_offset","id":4}]])
[0m[0;32m[2026-09-16 14:18:58.634][VERB] RETURN: {"result":"$6789"}
[0m[0;32m[2026-09-16 14:18:58.634][VERB] COMMANDCALL: _C.SafeAPI.Execute(["v1.sketch.create",[{"planeId":6789,"name":"F471_makeBox_cad_primitives_py_8_profile","id":4}]])
[0m[0;32m[2026-09-16 14:18:58.636][VERB] RETURN: {"result":"$6795"}
[0m[0;32m[2026-09-16 14:18:58.636][VERB] COMMANDCALL: _C.SafeAPI.Execute(["v1.sketch.rectangle",[{"startPos":[88.05,30,0],"id":6795,"genFixation":0,"endPos":[92.5,41.3,0]}]])
[0m[0;32m[2026-09-16 14:18:58.643][VERB] RETURN: {"result":["$6801","$6805","$6811","$6817"]}
[0m[0;32m[2026-09-16 14:18:58.643][VERB] COMMANDCALL: _C.SafeAPI.Execute(["v1.sketch.getPoints",[{"id":6801}]])
[0m[0;32m[2026-09-16 14:18:58.643][VERB] RETURN: {"result":{"endId":"$6803","startId":"$6802"}}
[0m[0;32m[2026-09-16 14:18:58.644][VERB] COMMANDCALL: _C.SafeAPI.Execute(["v1.sketch.point",[{"pos":[-1000,-1000,0],"id":6795}]])
[0m[0;32m[2026-09-16 14:18:58.645][VERB] RETURN: {"result":"$6833"}
[0m[0;32m[2026-09-16 14:18:58.646][VERB] COMMANDCALL: _C.SafeAPI.Execute(["v1.sketch.constraint",[{"type":"FIXATION","id":6795,"geomIds":[6833]}]])
[0m[0;32m[2026-09-16 14:18:58.647][VERB] RETURN: {"result":"$6835"}
[0m[0;32m[2026-09-16 14:18:58.647][VERB] COMMANDCALL: _C.SafeAPI.Execute(["v1.sketch.dimension",[{"type":"HORIZONTAL_DISTANCE","value":"@expr.d473_position_x","name":"position_x","id":6795,"geomIds":[6833,6802]}]])
[0m[0;32m[2026-09-16 14:18:58.653][VERB] RETURN: {"result":"$6839"}
[0m[0;32m[2026-09-16 14:18:58.654][VERB] COMMANDCALL: _C.SafeAPI.Execute(["v1.sketch.dimension",[{"type":"VERTICAL_DISTANCE","value":"@expr.d474_position_y","name":"position_y","id":6795,"geomIds":[6833,6802]}]])
[0m[0;32m[2026-09-16 14:18:58.660][VERB] RETURN: {"result":"$6843"}
[0m[0;32m[2026-09-16 14:18:58.660][VERB] COMMANDCALL: _C.SafeAPI.Execute(["v1.sketch.dimension",[{"type":"OFFSET","value":"@expr.d475_width","name":"width","id":6795,"geomIds":[6801]}]])
[0m[0;32m[2026-09-16 14:18:58.668][VERB] RETURN: {"result":"$6847"}
[0m[0;32m[2026-09-16 14:18:58.668][VERB] COMMANDCALL: _C.SafeAPI.Execute(["v1.sketch.dimension",[{"type":"OFFSET","value":"@expr.d476_depth","name":"depth","id":6795,"geomIds":[6805]}]])
[0m[0;32m[2026-09-16 14:18:58.676][VERB] RETURN: {"result":"$6851"}
[0m[0;32m[2026-09-16 14:18:58.676][VERB] COMMANDCALL: _C.SafeAPI.Execute(["v1.part.extrusion",[{"references":[6801,6805,6811,6817],"name":"F471_makeBox_cad_primitives_py_8","taperAngle":0,"limit2":"@expr.d477_height","id":4}]])
[0m[0;32m[2026-09-16 14:18:58.682][VERB] RETURN: {"result":"$6855"}
[0m[0;32m[2026-09-16 14:18:58.682][VERB] COMMANDCALL: _C.SafeAPI.Execute(["v1.part.boolean",[{"type":"SUBTRACTION","tools":[6855],"target":6777,"name":"F62_union_housing_shell_py_61_cavity_2_stock_2","id":4}]])
[0m[0;32m[2026-09-16 14:18:58.690][VERB] RETURN: {"result":"$6898"}
[0m[0;32m[2026-09-16 14:18:58.690][VERB] COMMANDCALL: _C.SafeAPI.Execute(["v1.part.workPlane",[{"type":"PLANE","references":[38],"name":"F478_makeBox_cad_primitives_py_8_plane","offset":"@expr.d479_plane_offset","id":4}]])
[0m[0;32m[2026-09-16 14:18:58.695][VERB] RETURN: {"result":"$6957"}
[0m[0;32m[2026-09-16 14:18:58.695][VERB] COMMANDCALL: _C.SafeAPI.Execute(["v1.sketch.create",[{"planeId":6957,"name":"F478_makeBox_cad_primitives_py_8_profile","id":4}]])
[0m[0;32m[2026-09-16 14:18:58.697][VERB] RETURN: {"result":"$6963"}
[0m[0;32m[2026-09-16 14:18:58.697][VERB] COMMANDCALL: _C.SafeAPI.Execute(["v1.sketch.rectangle",[{"startPos":[88.05,30,0],"id":6963,"genFixation":0,"endPos":[92.5,38,0]}]])
[0m[0;32m[2026-09-16 14:18:58.704][VERB] RETURN: {"result":["$6969","$6973","$6979","$6985"]}
[0m[0;32m[2026-09-16 14:18:58.704][VERB] COMMANDCALL: _C.SafeAPI.Execute(["v1.sketch.getPoints",[{"id":6969}]])
[0m[0;32m[2026-09-16 14:18:58.705][VERB] RETURN: {"result":{"endId":"$6971","startId":"$6970"}}
[0m[0;32m[2026-09-16 14:18:58.705][VERB] COMMANDCALL: _C.SafeAPI.Execute(["v1.sketch.point",[{"pos":[-1000,-1000,0],"id":6963}]])
[0m[0;32m[2026-09-16 14:18:58.707][VERB] RETURN: {"result":"$7001"}
[0m[0;32m[2026-09-16 14:18:58.707][VERB] COMMANDCALL: _C.SafeAPI.Execute(["v1.sketch.constraint",[{"type":"FIXATION","id":6963,"geomIds":[7001]}]])
[0m[0;32m[2026-09-16 14:18:58.708][VERB] RETURN: {"result":"$7003"}
[0m[0;32m[2026-09-16 14:18:58.708][VERB] COMMANDCALL: _C.SafeAPI.Execute(["v1.sketch.dimension",[{"type":"HORIZONTAL_DISTANCE","value":"@expr.d480_position_x","name":"position_x","id":6963,"geomIds":[7001,6970]}]])
[0m[0;32m[2026-09-16 14:18:58.714][VERB] RETURN: {"result":"$7007"}
[0m[0;32m[2026-09-16 14:18:58.714][VERB] COMMANDCALL: _C.SafeAPI.Execute(["v1.sketch.dimension",[{"type":"VERTICAL_DISTANCE","value":"@expr.d481_position_y","name":"position_y","id":6963,"geomIds":[7001,6970]}]])
[0m[0;32m[2026-09-16 14:18:58.721][VERB] RETURN: {"result":"$7011"}
[0m[0;32m[2026-09-16 14:18:58.721][VERB] COMMANDCALL: _C.SafeAPI.Execute(["v1.sketch.dimension",[{"type":"OFFSET","value":"@expr.d482_width","name":"width","id":6963,"geomIds":[6969]}]])
[0m[0;32m[2026-09-16 14:18:58.728][VERB] RETURN: {"result":"$7015"}
[0m[0;32m[2026-09-16 14:18:58.728][VERB] COMMANDCALL: _C.SafeAPI.Execute(["v1.sketch.dimension",[{"type":"OFFSET","value":"@expr.d483_depth","name":"depth","id":6963,"geomIds":[6973]}]])
[0m[0;32m[2026-09-16 14:18:58.736][VERB] RETURN: {"result":"$7019"}
[0m[0;32m[2026-09-16 14:18:58.737][VERB] COMMANDCALL: _C.SafeAPI.Execute(["v1.part.extrusion",[{"references":[6969,6973,6979,6985],"name":"F478_makeBox_cad_primitives_py_8","taperAngle":0,"limit2":"@expr.d484_height","id":4}]])
[0m[0;32m[2026-09-16 14:18:58.743][VERB] RETURN: {"result":"$7023"}
[0m[0;32m[2026-09-16 14:18:58.743][VERB] COMMANDCALL: _C.SafeAPI.Execute(["v1.part.boolean",[{"type":"SUBTRACTION","tools":[7023],"target":6898,"name":"F62_union_housing_shell_py_61_cavity_2_stock_3","id":4}]])
[0m[0;32m[2026-09-16 14:18:58.750][VERB] RETURN: {"result":"$7066"}
[0m[0;32m[2026-09-16 14:18:58.750][VERB] COMMANDCALL: _C.SafeAPI.Execute(["v1.part.boolean",[{"type":"SUBTRACTION","tools":[7066],"target":5797,"name":"F62_union_housing_shell_py_61_cavity_2","id":4}]])
[0m[0;32m[2026-09-16 14:18:58.787][VERB] RETURN: {"result":"$7121"}
[0m[0;32m[2026-09-16 14:18:58.787][VERB] COMMANDCALL: _C.SafeAPI.Execute(["v1.part.workPlane",[{"type":"PLANE","references":[46],"name":"F485_makeCylinder_cad_primitives_py_12_plane","offset":"@expr.d486_plane_offset","id":4}]])
[0m[0;32m[2026-09-16 14:18:58.791][VERB] RETURN: {"result":"$7340"}
[0m[0;32m[2026-09-16 14:18:58.791][VERB] COMMANDCALL: _C.SafeAPI.Execute(["v1.sketch.create",[{"planeId":7340,"name":"F485_makeCylinder_cad_primitives_py_12_profile","id":4}]])
[0m[0;32m[2026-09-16 14:18:58.794][VERB] RETURN: {"result":"$7346"}
[0m[0;32m[2026-09-16 14:18:58.794][VERB] COMMANDCALL: _C.SafeAPI.Execute(["v1.sketch.circle",[{"radius":11.2,"id":7346,"genFixation":0,"centerPos":[13.05,-12.5,0]}]])
[0m[0;32m[2026-09-16 14:18:58.795][VERB] RETURN: {"result":"$7352"}
[0m[0;32m[2026-09-16 14:18:58.795][VERB] COMMANDCALL: _C.SafeAPI.Execute(["v1.sketch.getPoints",[{"id":7352}]])
[0m[0;32m[2026-09-16 14:18:58.795][VERB] RETURN: {"result":{"centerId":"$7353"}}
[0m[0;32m[2026-09-16 14:18:58.795][VERB] COMMANDCALL: _C.SafeAPI.Execute(["v1.sketch.point",[{"pos":[-1000,-1000,0],"id":7346}]])
[0m[0;32m[2026-09-16 14:18:58.796][VERB] RETURN: {"result":"$7355"}
[0m[0;32m[2026-09-16 14:18:58.796][VERB] COMMANDCALL: _C.SafeAPI.Execute(["v1.sketch.constraint",[{"type":"FIXATION","id":7346,"geomIds":[7355]}]])
[0m[0;32m[2026-09-16 14:18:58.797][VERB] RETURN: {"result":"$7357"}
[0m[0;32m[2026-09-16 14:18:58.798][VERB] COMMANDCALL: _C.SafeAPI.Execute(["v1.sketch.dimension",[{"type":"HORIZONTAL_DISTANCE","value":"@expr.d487_position_x","name":"position_x","id":7346,"geomIds":[7355,7353]}]])
[0m[0;32m[2026-09-16 14:18:58.802][VERB] RETURN: {"result":"$7361"}
[0m[0;32m[2026-09-16 14:18:58.803][VERB] COMMANDCALL: _C.SafeAPI.Execute(["v1.sketch.dimension",[{"type":"VERTICAL_DISTANCE","value":"@expr.d488_position_y","name":"position_y","id":7346,"geomIds":[7355,7353]}]])
[0m[0;32m[2026-09-16 14:18:58.808][VERB] RETURN: {"result":"$7365"}
[0m[0;32m[2026-09-16 14:18:58.808][VERB] COMMANDCALL: _C.SafeAPI.Execute(["v1.sketch.dimension",[{"type":"RADIUS","value":"@expr.d489_radius","name":"radius","id":7346,"geomIds":[7352]}]])
[0m[0;32m[2026-09-16 14:18:58.813][VERB] RETURN: {"result":"$7369"}
[0m[0;32m[2026-09-16 14:18:58.814][VERB] COMMANDCALL: _C.SafeAPI.Execute(["v1.part.extrusion",[{"references":[7352],"name":"F485_makeCylinder_cad_primitives_py_12","taperAngle":0,"limit2":"@expr.d490_height","id":4}]])
[0m[0;32m[2026-09-16 14:18:58.820][VERB] RETURN: {"result":"$7373"}
[0m[0;32m[2026-09-16 14:18:58.820][VERB] COMMANDCALL: _C.SafeAPI.Execute(["v1.part.boolean",[{"type":"SUBTRACTION","tools":[7373],"target":7121,"name":"F61_cut_housing_shell_py_94","id":4}]])
[0m[0;32m[2026-09-16 14:18:58.838][VERB] RETURN: {"result":"$7395"}
[0m[0;32m[2026-09-16 14:18:58.838][VERB] COMMANDCALL: _C.SafeAPI.Execute(["v1.part.workPlane",[{"type":"PLANE","references":[42],"name":"F491_makeCylinder_cad_primitives_py_12_plane","offset":"@expr.d492_plane_offset","id":4}]])
[0m[0;32m[2026-09-16 14:18:58.842][VERB] RETURN: {"result":"$7448"}
[0m[0;32m[2026-09-16 14:18:58.843][VERB] COMMANDCALL: _C.SafeAPI.Execute(["v1.sketch.create",[{"planeId":7448,"name":"F491_makeCylinder_cad_primitives_py_12_profile","id":4}]])
[0m[0;32m[2026-09-16 14:18:58.845][VERB] RETURN: {"result":"$7454"}
[0m[0;32m[2026-09-16 14:18:58.845][VERB] COMMANDCALL: _C.SafeAPI.Execute(["v1.sketch.circle",[{"radius":6.2,"id":7454,"genFixation":0,"centerPos":[42,-13.3,0]}]])
[0m[0;32m[2026-09-16 14:18:58.846][VERB] RETURN: {"result":"$7460"}
[0m[0;32m[2026-09-16 14:18:58.846][VERB] COMMANDCALL: _C.SafeAPI.Execute(["v1.sketch.getPoints",[{"id":7460}]])
[0m[0;32m[2026-09-16 14:18:58.846][VERB] RETURN: {"result":{"centerId":"$7461"}}
[0m[0;32m[2026-09-16 14:18:58.846][VERB] COMMANDCALL: _C.SafeAPI.Execute(["v1.sketch.point",[{"pos":[-1000,-1000,0],"id":7454}]])
[0m[0;32m[2026-09-16 14:18:58.847][VERB] RETURN: {"result":"$7463"}
[0m[0;32m[2026-09-16 14:18:58.847][VERB] COMMANDCALL: _C.SafeAPI.Execute(["v1.sketch.constraint",[{"type":"FIXATION","id":7454,"geomIds":[7463]}]])
[0m[0;32m[2026-09-16 14:18:58.848][VERB] RETURN: {"result":"$7465"}
[0m[0;32m[2026-09-16 14:18:58.849][VERB] COMMANDCALL: _C.SafeAPI.Execute(["v1.sketch.dimension",[{"type":"HORIZONTAL_DISTANCE","value":"@expr.d493_position_x","name":"position_x","id":7454,"geomIds":[7463,7461]}]])
[0m[0;32m[2026-09-16 14:18:58.853][VERB] RETURN: {"result":"$7469"}
[0m[0;32m[2026-09-16 14:18:58.854][VERB] COMMANDCALL: _C.SafeAPI.Execute(["v1.sketch.dimension",[{"type":"VERTICAL_DISTANCE","value":"@expr.d494_position_y","name":"position_y","id":7454,"geomIds":[7463,7461]}]])
[0m[0;32m[2026-09-16 14:18:58.859][VERB] RETURN: {"result":"$7473"}
[0m[0;32m[2026-09-16 14:18:58.859][VERB] COMMANDCALL: _C.SafeAPI.Execute(["v1.sketch.dimension",[{"type":"RADIUS","value":"@expr.d495_radius","name":"radius","id":7454,"geomIds":[7460]}]])
[0m[0;32m[2026-09-16 14:18:58.865][VERB] RETURN: {"result":"$7477"}
[0m[0;32m[2026-09-16 14:18:58.865][VERB] COMMANDCALL: _C.SafeAPI.Execute(["v1.part.extrusion",[{"references":[7460],"name":"F491_makeCylinder_cad_primitives_py_12","taperAngle":0,"limit2":"@expr.d496_height","id":4}]])
[0m[0;32m[2026-09-16 14:18:58.871][VERB] RETURN: {"result":"$7481"}
[0m[0;32m[2026-09-16 14:18:58.872][VERB] COMMANDCALL: _C.SafeAPI.Execute(["v1.part.boolean",[{"type":"SUBTRACTION","tools":[7481],"target":7395,"name":"F60_cut_housing_shell_py_94","id":4}]])
[0m[0;32m[2026-09-16 14:18:58.884][VERB] RETURN: {"result":"$7503"}
[0m[0;32m[2026-09-16 14:18:58.885][VERB] COMMANDCALL: _C.SafeAPI.Execute(["v1.part.workPlane",[{"type":"PLANE","references":[46],"name":"F498_makeCylinder_cad_primitives_py_12_plane","offset":"@expr.d499_plane_offset","id":4}]])
[0m[0;32m[2026-09-16 14:18:58.889][VERB] RETURN: {"result":"$7525"}
[0m[0;32m[2026-09-16 14:18:58.889][VERB] COMMANDCALL: _C.SafeAPI.Execute(["v1.sketch.create",[{"planeId":7525,"name":"F498_makeCylinder_cad_primitives_py_12_profile","id":4}]])
[0m[0;32m[2026-09-16 14:18:58.892][VERB] RETURN: {"result":"$7531"}
[0m[0;32m[2026-09-16 14:18:58.892][VERB] COMMANDCALL: _C.SafeAPI.Execute(["v1.sketch.circle",[{"radius":14,"id":7531,"genFixation":0,"centerPos":[13,-13.9,0]}]])
[0m[0;32m[2026-09-16 14:18:58.893][VERB] RETURN: {"result":"$7537"}
[0m[0;32m[2026-09-16 14:18:58.893][VERB] COMMANDCALL: _C.SafeAPI.Execute(["v1.sketch.getPoints",[{"id":7537}]])
[0m[0;32m[2026-09-16 14:18:58.893][VERB] RETURN: {"result":{"centerId":"$7538"}}
[0m[0;32m[2026-09-16 14:18:58.894][VERB] COMMANDCALL: _C.SafeAPI.Execute(["v1.sketch.point",[{"pos":[-1000,-1000,0],"id":7531}]])
[0m[0;32m[2026-09-16 14:18:58.895][VERB] RETURN: {"result":"$7540"}
[0m[0;32m[2026-09-16 14:18:58.895][VERB] COMMANDCALL: _C.SafeAPI.Execute(["v1.sketch.constraint",[{"type":"FIXATION","id":7531,"geomIds":[7540]}]])
[0m[0;32m[2026-09-16 14:18:58.896][VERB] RETURN: {"result":"$7542"}
[0m[0;32m[2026-09-16 14:18:58.896][VERB] COMMANDCALL: _C.SafeAPI.Execute(["v1.sketch.dimension",[{"type":"HORIZONTAL_DISTANCE","value":"@expr.d500_position_x","name":"position_x","id":7531,"geomIds":[7540,7538]}]])
[0m[0;32m[2026-09-16 14:18:58.900][VERB] RETURN: {"result":"$7546"}
[0m[0;32m[2026-09-16 14:18:58.901][VERB] COMMANDCALL: _C.SafeAPI.Execute(["v1.sketch.dimension",[{"type":"VERTICAL_DISTANCE","value":"@expr.d501_position_y","name":"position_y","id":7531,"geomIds":[7540,7538]}]])
[0m[0;32m[2026-09-16 14:18:58.906][VERB] RETURN: {"result":"$7550"}
[0m[0;32m[2026-09-16 14:18:58.906][VERB] COMMANDCALL: _C.SafeAPI.Execute(["v1.sketch.dimension",[{"type":"RADIUS","value":"@expr.d502_radius","name":"radius","id":7531,"geomIds":[7537]}]])
[0m[0;32m[2026-09-16 14:18:58.911][VERB] RETURN: {"result":"$7554"}
[0m[0;32m[2026-09-16 14:18:58.912][VERB] COMMANDCALL: _C.SafeAPI.Execute(["v1.part.extrusion",[{"references":[7537],"name":"F498_makeCylinder_cad_primitives_py_12","taperAngle":0,"limit2":"@expr.d503_height","id":4}]])
[0m[0;32m[2026-09-16 14:18:58.918][VERB] RETURN: {"result":"$7558"}
[0m[0;32m[2026-09-16 14:18:58.919][VERB] COMMANDCALL: _C.SafeAPI.Execute(["v1.part.workPlane",[{"type":"PLANE","references":[38],"name":"F504_makeBox_cad_primitives_py_8_plane","offset":"@expr.d505_plane_offset","id":4}]])
[0m[0;32m[2026-09-16 14:18:58.923][VERB] RETURN: {"result":"$7580"}
[0m[0;32m[2026-09-16 14:18:58.923][VERB] COMMANDCALL: _C.SafeAPI.Execute(["v1.sketch.create",[{"planeId":7580,"name":"F504_makeBox_cad_primitives_py_8_profile","id":4}]])
[0m[0;32m[2026-09-16 14:18:58.925][VERB] RETURN: {"result":"$7586"}
[0m[0;32m[2026-09-16 14:18:58.925][VERB] COMMANDCALL: _C.SafeAPI.Execute(["v1.sketch.rectangle",[{"startPos":[86,-30,0],"id":7586,"genFixation":0,"endPos":[98,70,0]}]])
[0m[0;32m[2026-09-16 14:18:58.932][VERB] RETURN: {"result":["$7592","$7596","$7602","$7608"]}
[0m[0;32m[2026-09-16 14:18:58.932][VERB] COMMANDCALL: _C.SafeAPI.Execute(["v1.sketch.getPoints",[{"id":7592}]])
[0m[0;32m[2026-09-16 14:18:58.932][VERB] RETURN: {"result":{"endId":"$7594","startId":"$7593"}}
[0m[0;32m[2026-09-16 14:18:58.933][VERB] COMMANDCALL: _C.SafeAPI.Execute(["v1.sketch.point",[{"pos":[-1000,-1000,0],"id":7586}]])
[0m[0;32m[2026-09-16 14:18:58.935][VERB] RETURN: {"result":"$7624"}
[0m[0;32m[2026-09-16 14:18:58.935][VERB] COMMANDCALL: _C.SafeAPI.Execute(["v1.sketch.constraint",[{"type":"FIXATION","id":7586,"geomIds":[7624]}]])
[0m[0;32m[2026-09-16 14:18:58.936][VERB] RETURN: {"result":"$7626"}
[0m[0;32m[2026-09-16 14:18:58.936][VERB] COMMANDCALL: _C.SafeAPI.Execute(["v1.sketch.dimension",[{"type":"HORIZONTAL_DISTANCE","value":"@expr.d506_position_x","name":"position_x","id":7586,"geomIds":[7624,7593]}]])
[0m[0;32m[2026-09-16 14:18:58.942][VERB] RETURN: {"result":"$7630"}
[0m[0;32m[2026-09-16 14:18:58.942][VERB] COMMANDCALL: _C.SafeAPI.Execute(["v1.sketch.dimension",[{"type":"VERTICAL_DISTANCE","value":"@expr.d507_position_y","name":"position_y","id":7586,"geomIds":[7624,7593]}]])
[0m[0;32m[2026-09-16 14:18:58.949][VERB] RETURN: {"result":"$7634"}
[0m[0;32m[2026-09-16 14:18:58.949][VERB] COMMANDCALL: _C.SafeAPI.Execute(["v1.sketch.dimension",[{"type":"OFFSET","value":"@expr.d508_width","name":"width","id":7586,"geomIds":[7592]}]])
[0m[0;32m[2026-09-16 14:18:58.956][VERB] RETURN: {"result":"$7638"}
[0m[0;32m[2026-09-16 14:18:58.956][VERB] COMMANDCALL: _C.SafeAPI.Execute(["v1.sketch.dimension",[{"type":"OFFSET","value":"@expr.d509_depth","name":"depth","id":7586,"geomIds":[7596]}]])
[0m[0;32m[2026-09-16 14:18:58.965][VERB] RETURN: {"result":"$7642"}
[0m[0;32m[2026-09-16 14:18:58.965][VERB] COMMANDCALL: _C.SafeAPI.Execute(["v1.part.extrusion",[{"references":[7592,7596,7602,7608],"name":"F504_makeBox_cad_primitives_py_8","taperAngle":0,"limit2":"@expr.d510_height","id":4}]])
[0m[0;32m[2026-09-16 14:18:58.971][VERB] RETURN: {"result":"$7646"}
[0m[0;32m[2026-09-16 14:18:58.971][VERB] COMMANDCALL: _C.SafeAPI.Execute(["v1.part.boolean",[{"type":"SUBTRACTION","tools":[7646],"target":7558,"name":"F497_cut_housing_shell_py_68","id":4}]])
[0m[0;32m[2026-09-16 14:18:58.977][VERB] RETURN: {"result":"$7689"}
[0m[0;32m[2026-09-16 14:18:58.977][VERB] COMMANDCALL: _C.SafeAPI.Execute(["v1.part.boolean",[{"type":"SUBTRACTION","tools":[7689],"target":7503,"name":"F59_cut_housing_shell_py_94","id":4}]])
[0m[0;32m[2026-09-16 14:18:59.000][VERB] RETURN: {"result":"$7719"}
[0m[0;32m[2026-09-16 14:18:59.001][VERB] COMMANDCALL: _C.SafeAPI.Execute(["v1.sketch.create",[{"planeId":42,"name":"F513_extrude_housing_components_py_153_profile","id":4}]])
[0m[0;32m[2026-09-16 14:18:59.003][VERB] RETURN: {"result":"$7811"}
[0m[0;32m[2026-09-16 14:18:59.003][VERB] COMMANDCALL: _C.SafeAPI.Execute(["v1.sketch.point",[{"pos":[-1000,-1000,0],"id":7811}]])
[0m[0;32m[2026-09-16 14:18:59.004][VERB] RETURN: {"result":"$7817"}
[0m[0;32m[2026-09-16 14:18:59.005][VERB] COMMANDCALL: _C.SafeAPI.Execute(["v1.sketch.constraint",[{"type":"FIXATION","id":7811,"geomIds":[7817]}]])
[0m[0;32m[2026-09-16 14:18:59.006][VERB] RETURN: {"result":"$7819"}
[0m[0;32m[2026-09-16 14:18:59.006][VERB] COMMANDCALL: _C.SafeAPI.Execute(["v1.sketch.line",[{"startPos":[8.475,-16.7,0],"genIncidence":0,"genTangency":0,"genFixation":0,"genVertAndHoriz":0,"id":7811,"endPos":[18.275,-16.7,0]}]])
[0m[0;32m[2026-09-16 14:18:59.007][VERB] RETURN: {"result":"$7821"}
[0m[0;32m[2026-09-16 14:18:59.007][VERB] COMMANDCALL: _C.SafeAPI.Execute(["v1.sketch.getPoints",[{"id":7821}]])
[0m[0;32m[2026-09-16 14:18:59.007][VERB] RETURN: {"result":{"endId":"$7823","startId":"$7822"}}
[0m[0;32m[2026-09-16 14:18:59.007][VERB] COMMANDCALL: _C.SafeAPI.Execute(["v1.sketch.dimension",[{"type":"HORIZONTAL_DISTANCE","value":"@expr.d514_x","name":"x","id":7811,"geomIds":[7817,7822]}]])
[0m[0;32m[2026-09-16 14:18:59.012][VERB] RETURN: {"result":"$7827"}
[0m[0;32m[2026-09-16 14:18:59.012][VERB] COMMANDCALL: _C.SafeAPI.Execute(["v1.sketch.dimension",[{"type":"VERTICAL_DISTANCE","value":"@expr.d515_y","name":"y","id":7811,"geomIds":[7817,7822]}]])
[0m[0;32m[2026-09-16 14:18:59.018][VERB] RETURN: {"result":"$7831"}
[0m[0;32m[2026-09-16 14:18:59.018][VERB] COMMANDCALL: _C.SafeAPI.Execute(["v1.sketch.dimension",[{"type":"HORIZONTAL_DISTANCE","value":"@expr.d516_x","name":"x","id":7811,"geomIds":[7817,7823]}]])
[0m[0;32m[2026-09-16 14:18:59.024][VERB] RETURN: {"result":"$7835"}
[0m[0;32m[2026-09-16 14:18:59.024][VERB] COMMANDCALL: _C.SafeAPI.Execute(["v1.sketch.dimension",[{"type":"VERTICAL_DISTANCE","value":"@expr.d517_y","name":"y","id":7811,"geomIds":[7817,7823]}]])
[0m[0;32m[2026-09-16 14:18:59.031][VERB] RETURN: {"result":"$7839"}
[0m[0;32m[2026-09-16 14:18:59.031][VERB] COMMANDCALL: _C.SafeAPI.Execute(["v1.sketch.arcBy3Points",[{"startPos":[18.275,-16.7,0],"genIncidence":0,"genTangency":0,"genFixation":0,"genVertAndHoriz":0,"midPos":[19.406370849898,-17.168629150102,0],"id":7811,"endPos":[19.875,-18.3,0]}]])
[0m[0;32m[2026-09-16 14:18:59.035][VERB] RETURN: {"result":"$7841"}
[0m[0;32m[2026-09-16 14:18:59.035][VERB] COMMANDCALL: _C.SafeAPI.Execute(["v1.sketch.getPoints",[{"id":7841}]])
[0m[0;32m[2026-09-16 14:18:59.035][VERB] RETURN: {"result":{"centerId":"$7844","endId":"$7842","startId":"$7843"}}
[0m[0;32m[2026-09-16 14:18:59.035][VERB] COMMANDCALL: _C.SafeAPI.Execute(["v1.sketch.dimension",[{"type":"HORIZONTAL_DISTANCE","value":"@expr.d518_x","name":"x","id":7811,"geomIds":[7817,7843]}]])
[0m[0;32m[2026-09-16 14:18:59.043][VERB] RETURN: {"result":"$7848"}
[0m[0;32m[2026-09-16 14:18:59.043][VERB] COMMANDCALL: _C.SafeAPI.Execute(["v1.sketch.dimension",[{"type":"VERTICAL_DISTANCE","value":"@expr.d519_y","name":"y","id":7811,"geomIds":[7817,7843]}]])
[0m[0;32m[2026-09-16 14:18:59.052][VERB] RETURN: {"result":"$7852"}
[0m[0;32m[2026-09-16 14:18:59.052][VERB] COMMANDCALL: _C.SafeAPI.Execute(["v1.sketch.dimension",[{"type":"HORIZONTAL_DISTANCE","value":"@expr.d520_x","name":"x","id":7811,"geomIds":[7817,7842]}]])
[0m[0;32m[2026-09-16 14:18:59.061][VERB] RETURN: {"result":"$7856"}
[0m[0;32m[2026-09-16 14:18:59.061][VERB] COMMANDCALL: _C.SafeAPI.Execute(["v1.sketch.dimension",[{"type":"VERTICAL_DISTANCE","value":"@expr.d521_y","name":"y","id":7811,"geomIds":[7817,7842]}]])
[0m[0;32m[2026-09-16 14:18:59.071][VERB] RETURN: {"result":"$7860"}
[0m[0;32m[2026-09-16 14:18:59.072][VERB] COMMANDCALL: _C.SafeAPI.Execute(["v1.sketch.dimension",[{"type":"RADIUS","value":"@expr.d522_arc_radius","name":"arc_radius","id":7811,"geomIds":[7841]}]])
[0m[0;32m[2026-09-16 14:18:59.082][VERB] RETURN: {"result":"$7864"}
[0m[0;32m[2026-09-16 14:18:59.082][VERB] COMMANDCALL: _C.SafeAPI.Execute(["v1.sketch.line",[{"startPos":[19.875,-18.3,0],"genIncidence":0,"genTangency":0,"genFixation":0,"genVertAndHoriz":0,"id":7811,"endPos":[19.875,-22.2,0]}]])
[0m[0;32m[2026-09-16 14:18:59.087][VERB] RETURN: {"result":"$7866"}
[0m[0;32m[2026-09-16 14:18:59.087][VERB] COMMANDCALL: _C.SafeAPI.Execute(["v1.sketch.getPoints",[{"id":7866}]])
[0m[0;32m[2026-09-16 14:18:59.087][VERB] RETURN: {"result":{"endId":"$7868","startId":"$7867"}}
[0m[0;32m[2026-09-16 14:18:59.088][VERB] COMMANDCALL: _C.SafeAPI.Execute(["v1.sketch.dimension",[{"type":"HORIZONTAL_DISTANCE","value":"@expr.d523_x","name":"x","id":7811,"geomIds":[7817,7867]}]])
[0m[0;32m[2026-09-16 14:18:59.099][VERB] RETURN: {"result":"$7872"}
[0m[0;32m[2026-09-16 14:18:59.099][VERB] COMMANDCALL: _C.SafeAPI.Execute(["v1.sketch.dimension",[{"type":"VERTICAL_DISTANCE","value":"@expr.d524_y","name":"y","id":7811,"geomIds":[7817,7867]}]])
[0m[0;32m[2026-09-16 14:18:59.112][VERB] RETURN: {"result":"$7876"}
[0m[0;32m[2026-09-16 14:18:59.112][VERB] COMMANDCALL: _C.SafeAPI.Execute(["v1.sketch.dimension",[{"type":"HORIZONTAL_DISTANCE","value":"@expr.d525_x","name":"x","id":7811,"geomIds":[7817,7868]}]])
[0m[0;32m[2026-09-16 14:18:59.125][VERB] RETURN: {"result":"$7880"}
[0m[0;32m[2026-09-16 14:18:59.125][VERB] COMMANDCALL: _C.SafeAPI.Execute(["v1.sketch.dimension",[{"type":"VERTICAL_DISTANCE","value":"@expr.d526_y","name":"y","id":7811,"geomIds":[7817,7868]}]])
[0m[0;32m[2026-09-16 14:18:59.139][VERB] RETURN: {"result":"$7884"}
[0m[0;32m[2026-09-16 14:18:59.139][VERB] COMMANDCALL: _C.SafeAPI.Execute(["v1.sketch.arcBy3Points",[{"startPos":[19.875,-22.2,0],"genIncidence":0,"genTangency":0,"genFixation":0,"genVertAndHoriz":0,"midPos":[19.406370849898,-23.331370849898,0],"id":7811,"endPos":[18.275,-23.8,0]}]])
[0m[0;32m[2026-09-16 14:18:59.146][VERB] RETURN: {"result":"$7886"}
[0m[0;32m[2026-09-16 14:18:59.146][VERB] COMMANDCALL: _C.SafeAPI.Execute(["v1.sketch.getPoints",[{"id":7886}]])
[0m[0;32m[2026-09-16 14:18:59.147][VERB] RETURN: {"result":{"centerId":"$7889","endId":"$7887","startId":"$7888"}}
[0m[0;32m[2026-09-16 14:18:59.147][VERB] COMMANDCALL: _C.SafeAPI.Execute(["v1.sketch.dimension",[{"type":"HORIZONTAL_DISTANCE","value":"@expr.d527_x","name":"x","id":7811,"geomIds":[7817,7888]}]])
[0m[0;32m[2026-09-16 14:18:59.161][VERB] RETURN: {"result":"$7893"}
[0m[0;32m[2026-09-16 14:18:59.161][VERB] COMMANDCALL: _C.SafeAPI.Execute(["v1.sketch.dimension",[{"type":"VERTICAL_DISTANCE","value":"@expr.d528_y","name":"y","id":7811,"geomIds":[7817,7888]}]])
[0m[0;32m[2026-09-16 14:18:59.177][VERB] RETURN: {"result":"$7897"}
[0m[0;32m[2026-09-16 14:18:59.177][VERB] COMMANDCALL: _C.SafeAPI.Execute(["v1.sketch.dimension",[{"type":"HORIZONTAL_DISTANCE","value":"@expr.d529_x","name":"x","id":7811,"geomIds":[7817,7887]}]])
[0m[0;32m[2026-09-16 14:18:59.193][VERB] RETURN: {"result":"$7901"}
[0m[0;32m[2026-09-16 14:18:59.193][VERB] COMMANDCALL: _C.SafeAPI.Execute(["v1.sketch.dimension",[{"type":"VERTICAL_DISTANCE","value":"@expr.d530_y","name":"y","id":7811,"geomIds":[7817,7887]}]])
[0m[0;32m[2026-09-16 14:18:59.211][VERB] RETURN: {"result":"$7905"}
[0m[0;32m[2026-09-16 14:18:59.211][VERB] COMMANDCALL: _C.SafeAPI.Execute(["v1.sketch.dimension",[{"type":"RADIUS","value":"@expr.d531_arc_radius","name":"arc_radius","id":7811,"geomIds":[7886]}]])
[0m[0;32m[2026-09-16 14:18:59.228][VERB] RETURN: {"result":"$7909"}
[0m[0;32m[2026-09-16 14:18:59.228][VERB] COMMANDCALL: _C.SafeAPI.Execute(["v1.sketch.line",[{"startPos":[18.275,-23.8,0],"genIncidence":0,"genTangency":0,"genFixation":0,"genVertAndHoriz":0,"id":7811,"endPos":[8.475,-23.8,0]}]])
[0m[0;32m[2026-09-16 14:18:59.237][VERB] RETURN: {"result":"$7911"}
[0m[0;32m[2026-09-16 14:18:59.237][VERB] COMMANDCALL: _C.SafeAPI.Execute(["v1.sketch.getPoints",[{"id":7911}]])
[0m[0;32m[2026-09-16 14:18:59.237][VERB] RETURN: {"result":{"endId":"$7913","startId":"$7912"}}
[0m[0;32m[2026-09-16 14:18:59.237][VERB] COMMANDCALL: _C.SafeAPI.Execute(["v1.sketch.dimension",[{"type":"HORIZONTAL_DISTANCE","value":"@expr.d532_x","name":"x","id":7811,"geomIds":[7817,7912]}]])
[0m[0;32m[2026-09-16 14:18:59.256][VERB] RETURN: {"result":"$7917"}
[0m[0;32m[2026-09-16 14:18:59.256][VERB] COMMANDCALL: _C.SafeAPI.Execute(["v1.sketch.dimension",[{"type":"VERTICAL_DISTANCE","value":"@expr.d533_y","name":"y","id":7811,"geomIds":[7817,7912]}]])
[0m[0;32m[2026-09-16 14:18:59.275][VERB] RETURN: {"result":"$7921"}
[0m[0;32m[2026-09-16 14:18:59.275][VERB] COMMANDCALL: _C.SafeAPI.Execute(["v1.sketch.dimension",[{"type":"HORIZONTAL_DISTANCE","value":"@expr.d534_x","name":"x","id":7811,"geomIds":[7817,7913]}]])
[0m[0;32m[2026-09-16 14:18:59.295][VERB] RETURN: {"result":"$7925"}
[0m[0;32m[2026-09-16 14:18:59.295][VERB] COMMANDCALL: _C.SafeAPI.Execute(["v1.sketch.dimension",[{"type":"VERTICAL_DISTANCE","value":"@expr.d535_y","name":"y","id":7811,"geomIds":[7817,7913]}]])
[0m[0;32m[2026-09-16 14:18:59.316][VERB] RETURN: {"result":"$7929"}
[0m[0;32m[2026-09-16 14:18:59.316][VERB] COMMANDCALL: _C.SafeAPI.Execute(["v1.sketch.arcBy3Points",[{"startPos":[8.475,-23.8,0],"genIncidence":0,"genTangency":0,"genFixation":0,"genVertAndHoriz":0,"midPos":[7.3436291501015,-23.331370849898,0],"id":7811,"endPos":[6.875,-22.2,0]}]])
[0m[0;32m[2026-09-16 14:18:59.327][VERB] RETURN: {"result":"$7931"}
[0m[0;32m[2026-09-16 14:18:59.327][VERB] COMMANDCALL: _C.SafeAPI.Execute(["v1.sketch.getPoints",[{"id":7931}]])
[0m[0;32m[2026-09-16 14:18:59.327][VERB] RETURN: {"result":{"centerId":"$7934","endId":"$7932","startId":"$7933"}}
[0m[0;32m[2026-09-16 14:18:59.327][VERB] COMMANDCALL: _C.SafeAPI.Execute(["v1.sketch.dimension",[{"type":"HORIZONTAL_DISTANCE","value":"@expr.d536_x","name":"x","id":7811,"geomIds":[7817,7933]}]])
[0m[0;32m[2026-09-16 14:18:59.349][VERB] RETURN: {"result":"$7938"}
[0m[0;32m[2026-09-16 14:18:59.349][VERB] COMMANDCALL: _C.SafeAPI.Execute(["v1.sketch.dimension",[{"type":"VERTICAL_DISTANCE","value":"@expr.d537_y","name":"y","id":7811,"geomIds":[7817,7933]}]])
[0m[0;32m[2026-09-16 14:18:59.371][VERB] RETURN: {"result":"$7942"}
[0m[0;32m[2026-09-16 14:18:59.372][VERB] COMMANDCALL: _C.SafeAPI.Execute(["v1.sketch.dimension",[{"type":"HORIZONTAL_DISTANCE","value":"@expr.d538_x","name":"x","id":7811,"geomIds":[7817,7932]}]])
[0m[0;32m[2026-09-16 14:18:59.395][VERB] RETURN: {"result":"$7946"}
[0m[0;32m[2026-09-16 14:18:59.395][VERB] COMMANDCALL: _C.SafeAPI.Execute(["v1.sketch.dimension",[{"type":"VERTICAL_DISTANCE","value":"@expr.d539_y","name":"y","id":7811,"geomIds":[7817,7932]}]])
[0m[0;32m[2026-09-16 14:18:59.419][VERB] RETURN: {"result":"$7950"}
[0m[0;32m[2026-09-16 14:18:59.419][VERB] COMMANDCALL: _C.SafeAPI.Execute(["v1.sketch.dimension",[{"type":"RADIUS","value":"@expr.d540_arc_radius","name":"arc_radius","id":7811,"geomIds":[7931]}]])
[0m[0;32m[2026-09-16 14:18:59.443][VERB] RETURN: {"result":"$7954"}
[0m[0;32m[2026-09-16 14:18:59.443][VERB] COMMANDCALL: _C.SafeAPI.Execute(["v1.sketch.line",[{"startPos":[6.875,-22.2,0],"genIncidence":0,"genTangency":0,"genFixation":0,"genVertAndHoriz":0,"id":7811,"endPos":[6.875,-18.3,0]}]])
[0m[0;32m[2026-09-16 14:18:59.456][VERB] RETURN: {"result":"$7956"}
[0m[0;32m[2026-09-16 14:18:59.456][VERB] COMMANDCALL: _C.SafeAPI.Execute(["v1.sketch.getPoints",[{"id":7956}]])
[0m[0;32m[2026-09-16 14:18:59.456][VERB] RETURN: {"result":{"endId":"$7958","startId":"$7957"}}
[0m[0;32m[2026-09-16 14:18:59.456][VERB] COMMANDCALL: _C.SafeAPI.Execute(["v1.sketch.dimension",[{"type":"HORIZONTAL_DISTANCE","value":"@expr.d541_x","name":"x","id":7811,"geomIds":[7817,7957]}]])
[0m[0;32m[2026-09-16 14:18:59.481][VERB] RETURN: {"result":"$7962"}
[0m[0;32m[2026-09-16 14:18:59.481][VERB] COMMANDCALL: _C.SafeAPI.Execute(["v1.sketch.dimension",[{"type":"VERTICAL_DISTANCE","value":"@expr.d542_y","name":"y","id":7811,"geomIds":[7817,7957]}]])
[0m[0;32m[2026-09-16 14:18:59.507][VERB] RETURN: {"result":"$7966"}
[0m[0;32m[2026-09-16 14:18:59.507][VERB] COMMANDCALL: _C.SafeAPI.Execute(["v1.sketch.dimension",[{"type":"HORIZONTAL_DISTANCE","value":"@expr.d543_x","name":"x","id":7811,"geomIds":[7817,7958]}]])
[0m[0;32m[2026-09-16 14:18:59.534][VERB] RETURN: {"result":"$7970"}
[0m[0;32m[2026-09-16 14:18:59.534][VERB] COMMANDCALL: _C.SafeAPI.Execute(["v1.sketch.dimension",[{"type":"VERTICAL_DISTANCE","value":"@expr.d544_y","name":"y","id":7811,"geomIds":[7817,7958]}]])
[0m[0;32m[2026-09-16 14:18:59.561][VERB] RETURN: {"result":"$7974"}
[0m[0;32m[2026-09-16 14:18:59.561][VERB] COMMANDCALL: _C.SafeAPI.Execute(["v1.sketch.arcBy3Points",[{"startPos":[6.875,-18.3,0],"genIncidence":0,"genTangency":0,"genFixation":0,"genVertAndHoriz":0,"midPos":[7.3436291501015,-17.168629150102,0],"id":7811,"endPos":[8.475,-16.7,0]}]])
[0m[0;32m[2026-09-16 14:18:59.575][VERB] RETURN: {"result":"$7976"}
[0m[0;32m[2026-09-16 14:18:59.576][VERB] COMMANDCALL: _C.SafeAPI.Execute(["v1.sketch.getPoints",[{"id":7976}]])
[0m[0;32m[2026-09-16 14:18:59.576][VERB] RETURN: {"result":{"centerId":"$7979","endId":"$7977","startId":"$7978"}}
[0m[0;32m[2026-09-16 14:18:59.576][VERB] COMMANDCALL: _C.SafeAPI.Execute(["v1.sketch.dimension",[{"type":"HORIZONTAL_DISTANCE","value":"@expr.d545_x","name":"x","id":7811,"geomIds":[7817,7978]}]])
[0m[0;32m[2026-09-16 14:18:59.604][VERB] RETURN: {"result":"$7983"}
[0m[0;32m[2026-09-16 14:18:59.605][VERB] COMMANDCALL: _C.SafeAPI.Execute(["v1.sketch.dimension",[{"type":"VERTICAL_DISTANCE","value":"@expr.d546_y","name":"y","id":7811,"geomIds":[7817,7978]}]])
[0m[0;32m[2026-09-16 14:18:59.633][VERB] RETURN: {"result":"$7987"}
[0m[0;32m[2026-09-16 14:18:59.634][VERB] COMMANDCALL: _C.SafeAPI.Execute(["v1.sketch.dimension",[{"type":"HORIZONTAL_DISTANCE","value":"@expr.d547_x","name":"x","id":7811,"geomIds":[7817,7977]}]])
[0m[0;32m[2026-09-16 14:18:59.663][VERB] RETURN: {"result":"$7991"}
[0m[0;32m[2026-09-16 14:18:59.663][VERB] COMMANDCALL: _C.SafeAPI.Execute(["v1.sketch.dimension",[{"type":"VERTICAL_DISTANCE","value":"@expr.d548_y","name":"y","id":7811,"geomIds":[7817,7977]}]])
[0m[0;32m[2026-09-16 14:18:59.694][VERB] RETURN: {"result":"$7995"}
[0m[0;32m[2026-09-16 14:18:59.694][VERB] COMMANDCALL: _C.SafeAPI.Execute(["v1.sketch.dimension",[{"type":"RADIUS","value":"@expr.d549_arc_radius","name":"arc_radius","id":7811,"geomIds":[7976]}]])
[0m[0;32m[2026-09-16 14:18:59.724][VERB] RETURN: {"result":"$7999"}
[0m[0;32m[2026-09-16 14:18:59.725][VERB] COMMANDCALL: _C.SafeAPI.Execute(["v1.part.extrusion",[{"references":[7821,7841,7866,7886,7911,7931,7956,7976],"name":"F513_extrude_housing_components_py_153","taperAngle":0,"limit2":"@expr.d550_height","id":4}]])
[0m[0;32m[2026-09-16 14:18:59.733][VERB] RETURN: {"result":"$8003"}
[0m[0;32m[2026-09-16 14:18:59.733][VERB] COMMANDCALL: _C.SafeAPI.Execute(["v1.part.translation",[{"references":[30],"name":"F513_extrude_housing_components_py_153_1","id":4,"targets":[8003],"distance":"@expr.d551_position"}]])
[0m[0;32m[2026-09-16 14:18:59.738][VERB] RETURN: {"result":"$8074"}
[0m[0;32m[2026-09-16 14:18:59.738][VERB] COMMANDCALL: _C.SafeAPI.Execute(["v1.part.workPlane",[{"type":"PLANE","references":[38],"name":"F552_makeBox_cad_primitives_py_8_plane","offset":"@expr.d553_plane_offset","id":4}]])
[0m[0;32m[2026-09-16 14:18:59.743][VERB] RETURN: {"result":"$8085"}
[0m[0;32m[2026-09-16 14:18:59.743][VERB] COMMANDCALL: _C.SafeAPI.Execute(["v1.sketch.create",[{"planeId":8085,"name":"F552_makeBox_cad_primitives_py_8_profile","id":4}]])
[0m[0;32m[2026-09-16 14:18:59.745][VERB] RETURN: {"result":"$8091"}
[0m[0;32m[2026-09-16 14:18:59.745][VERB] COMMANDCALL: _C.SafeAPI.Execute(["v1.sketch.rectangle",[{"startPos":[8.475,63.5,0],"id":8091,"genFixation":0,"endPos":[18.275,67.5,0]}]])
[0m[0;32m[2026-09-16 14:18:59.752][VERB] RETURN: {"result":["$8097","$8101","$8107","$8113"]}
[0m[0;32m[2026-09-16 14:18:59.752][VERB] COMMANDCALL: _C.SafeAPI.Execute(["v1.sketch.getPoints",[{"id":8097}]])
[0m[0;32m[2026-09-16 14:18:59.752][VERB] RETURN: {"result":{"endId":"$8099","startId":"$8098"}}
[0m[0;32m[2026-09-16 14:18:59.752][VERB] COMMANDCALL: _C.SafeAPI.Execute(["v1.sketch.point",[{"pos":[-1000,-1000,0],"id":8091}]])
[0m[0;32m[2026-09-16 14:18:59.754][VERB] RETURN: {"result":"$8129"}
[0m[0;32m[2026-09-16 14:18:59.755][VERB] COMMANDCALL: _C.SafeAPI.Execute(["v1.sketch.constraint",[{"type":"FIXATION","id":8091,"geomIds":[8129]}]])
[0m[0;32m[2026-09-16 14:18:59.756][VERB] RETURN: {"result":"$8131"}
[0m[0;32m[2026-09-16 14:18:59.756][VERB] COMMANDCALL: _C.SafeAPI.Execute(["v1.sketch.dimension",[{"type":"HORIZONTAL_DISTANCE","value":"@expr.d554_position_x","name":"position_x","id":8091,"geomIds":[8129,8098]}]])
[0m[0;32m[2026-09-16 14:18:59.762][VERB] RETURN: {"result":"$8135"}
[0m[0;32m[2026-09-16 14:18:59.762][VERB] COMMANDCALL: _C.SafeAPI.Execute(["v1.sketch.dimension",[{"type":"VERTICAL_DISTANCE","value":"@expr.d555_position_y","name":"position_y","id":8091,"geomIds":[8129,8098]}]])
[0m[0;32m[2026-09-16 14:18:59.769][VERB] RETURN: {"result":"$8139"}
[0m[0;32m[2026-09-16 14:18:59.769][VERB] COMMANDCALL: _C.SafeAPI.Execute(["v1.sketch.dimension",[{"type":"OFFSET","value":"@expr.d556_width","name":"width","id":8091,"geomIds":[8097]}]])
[0m[0;32m[2026-09-16 14:18:59.776][VERB] RETURN: {"result":"$8143"}
[0m[0;32m[2026-09-16 14:18:59.777][VERB] COMMANDCALL: _C.SafeAPI.Execute(["v1.sketch.dimension",[{"type":"OFFSET","value":"@expr.d557_depth","name":"depth","id":8091,"geomIds":[8101]}]])
[0m[0;32m[2026-09-16 14:18:59.785][VERB] RETURN: {"result":"$8147"}
[0m[0;32m[2026-09-16 14:18:59.786][VERB] COMMANDCALL: _C.SafeAPI.Execute(["v1.part.extrusion",[{"references":[8097,8101,8107,8113],"name":"F552_makeBox_cad_primitives_py_8","taperAngle":0,"limit2":"@expr.d558_height","id":4}]])
[0m[0;32m[2026-09-16 14:18:59.792][VERB] RETURN: {"result":"$8151"}
[0m[0;32m[2026-09-16 14:18:59.792][VERB] COMMANDCALL: _C.SafeAPI.Execute(["v1.sketch.create",[{"planeId":42,"name":"F559_extrude_housing_components_py_153_profile","id":4}]])
[0m[0;32m[2026-09-16 14:18:59.794][VERB] RETURN: {"result":"$8192"}
[0m[0;32m[2026-09-16 14:18:59.794][VERB] COMMANDCALL: _C.SafeAPI.Execute(["v1.sketch.point",[{"pos":[-1000,-1000,0],"id":8192}]])
[0m[0;32m[2026-09-16 14:18:59.795][VERB] RETURN: {"result":"$8198"}
[0m[0;32m[2026-09-16 14:18:59.796][VERB] COMMANDCALL: _C.SafeAPI.Execute(["v1.sketch.constraint",[{"type":"FIXATION","id":8192,"geomIds":[8198]}]])
[0m[0;32m[2026-09-16 14:18:59.797][VERB] RETURN: {"result":"$8200"}
[0m[0;32m[2026-09-16 14:18:59.797][VERB] COMMANDCALL: _C.SafeAPI.Execute(["v1.sketch.line",[{"startPos":[9.475,-18.4,0],"genIncidence":0,"genTangency":0,"genFixation":0,"genVertAndHoriz":0,"id":8192,"endPos":[17.275,-18.4,0]}]])
[0m[0;32m[2026-09-16 14:18:59.798][VERB] RETURN: {"result":"$8202"}
[0m[0;32m[2026-09-16 14:18:59.798][VERB] COMMANDCALL: _C.SafeAPI.Execute(["v1.sketch.getPoints",[{"id":8202}]])
[0m[0;32m[2026-09-16 14:18:59.798][VERB] RETURN: {"result":{"endId":"$8204","startId":"$8203"}}
[0m[0;32m[2026-09-16 14:18:59.799][VERB] COMMANDCALL: _C.SafeAPI.Execute(["v1.sketch.dimension",[{"type":"HORIZONTAL_DISTANCE","value":"@expr.d560_x","name":"x","id":8192,"geomIds":[8198,8203]}]])
[0m[0;32m[2026-09-16 14:18:59.803][VERB] RETURN: {"result":"$8208"}
[0m[0;32m[2026-09-16 14:18:59.803][VERB] COMMANDCALL: _C.SafeAPI.Execute(["v1.sketch.dimension",[{"type":"VERTICAL_DISTANCE","value":"@expr.d561_y","name":"y","id":8192,"geomIds":[8198,8203]}]])
[0m[0;32m[2026-09-16 14:18:59.808][VERB] RETURN: {"result":"$8212"}
[0m[0;32m[2026-09-16 14:18:59.809][VERB] COMMANDCALL: _C.SafeAPI.Execute(["v1.sketch.dimension",[{"type":"HORIZONTAL_DISTANCE","value":"@expr.d562_x","name":"x","id":8192,"geomIds":[8198,8204]}]])
[0m[0;32m[2026-09-16 14:18:59.815][VERB] RETURN: {"result":"$8216"}
[0m[0;32m[2026-09-16 14:18:59.815][VERB] COMMANDCALL: _C.SafeAPI.Execute(["v1.sketch.dimension",[{"type":"VERTICAL_DISTANCE","value":"@expr.d563_y","name":"y","id":8192,"geomIds":[8198,8204]}]])
[0m[0;32m[2026-09-16 14:18:59.822][VERB] RETURN: {"result":"$8220"}
[0m[0;32m[2026-09-16 14:18:59.822][VERB] COMMANDCALL: _C.SafeAPI.Execute(["v1.sketch.arcBy3Points",[{"startPos":[17.275,-18.4,0],"genIncidence":0,"genTangency":0,"genFixation":0,"genVertAndHoriz":0,"midPos":[17.982106781187,-18.692893218813,0],"id":8192,"endPos":[18.275,-19.4,0]}]])
[0m[0;32m[2026-09-16 14:18:59.825][VERB] RETURN: {"result":"$8222"}
[0m[0;32m[2026-09-16 14:18:59.825][VERB] COMMANDCALL: _C.SafeAPI.Execute(["v1.sketch.getPoints",[{"id":8222}]])
[0m[0;32m[2026-09-16 14:18:59.825][VERB] RETURN: {"result":{"centerId":"$8225","endId":"$8223","startId":"$8224"}}
[0m[0;32m[2026-09-16 14:18:59.826][VERB] COMMANDCALL: _C.SafeAPI.Execute(["v1.sketch.dimension",[{"type":"HORIZONTAL_DISTANCE","value":"@expr.d564_x","name":"x","id":8192,"geomIds":[8198,8224]}]])
[0m[0;32m[2026-09-16 14:18:59.834][VERB] RETURN: {"result":"$8229"}
[0m[0;32m[2026-09-16 14:18:59.834][VERB] COMMANDCALL: _C.SafeAPI.Execute(["v1.sketch.dimension",[{"type":"VERTICAL_DISTANCE","value":"@expr.d565_y","name":"y","id":8192,"geomIds":[8198,8224]}]])
[0m[0;32m[2026-09-16 14:18:59.843][VERB] RETURN: {"result":"$8233"}
[0m[0;32m[2026-09-16 14:18:59.843][VERB] COMMANDCALL: _C.SafeAPI.Execute(["v1.sketch.dimension",[{"type":"HORIZONTAL_DISTANCE","value":"@expr.d566_x","name":"x","id":8192,"geomIds":[8198,8223]}]])
[0m[0;32m[2026-09-16 14:18:59.852][VERB] RETURN: {"result":"$8237"}
[0m[0;32m[2026-09-16 14:18:59.852][VERB] COMMANDCALL: _C.SafeAPI.Execute(["v1.sketch.dimension",[{"type":"VERTICAL_DISTANCE","value":"@expr.d567_y","name":"y","id":8192,"geomIds":[8198,8223]}]])
[0m[0;32m[2026-09-16 14:18:59.862][VERB] RETURN: {"result":"$8241"}
[0m[0;32m[2026-09-16 14:18:59.862][VERB] COMMANDCALL: _C.SafeAPI.Execute(["v1.sketch.dimension",[{"type":"RADIUS","value":"@expr.d568_arc_radius","name":"arc_radius","id":8192,"geomIds":[8222]}]])
[0m[0;32m[2026-09-16 14:18:59.872][VERB] RETURN: {"result":"$8245"}
[0m[0;32m[2026-09-16 14:18:59.873][VERB] COMMANDCALL: _C.SafeAPI.Execute(["v1.sketch.line",[{"startPos":[18.275,-19.4,0],"genIncidence":0,"genTangency":0,"genFixation":0,"genVertAndHoriz":0,"id":8192,"endPos":[18.275,-24.8,0]}]])
[0m[0;32m[2026-09-16 14:18:59.878][VERB] RETURN: {"result":"$8247"}
[0m[0;32m[2026-09-16 14:18:59.878][VERB] COMMANDCALL: _C.SafeAPI.Execute(["v1.sketch.getPoints",[{"id":8247}]])
[0m[0;32m[2026-09-16 14:18:59.878][VERB] RETURN: {"result":{"endId":"$8249","startId":"$8248"}}
[0m[0;32m[2026-09-16 14:18:59.878][VERB] COMMANDCALL: _C.SafeAPI.Execute(["v1.sketch.dimension",[{"type":"HORIZONTAL_DISTANCE","value":"@expr.d569_x","name":"x","id":8192,"geomIds":[8198,8248]}]])
[0m[0;32m[2026-09-16 14:18:59.890][VERB] RETURN: {"result":"$8253"}
[0m[0;32m[2026-09-16 14:18:59.890][VERB] COMMANDCALL: _C.SafeAPI.Execute(["v1.sketch.dimension",[{"type":"VERTICAL_DISTANCE","value":"@expr.d570_y","name":"y","id":8192,"geomIds":[8198,8248]}]])
[0m[0;32m[2026-09-16 14:18:59.902][VERB] RETURN: {"result":"$8257"}
[0m[0;32m[2026-09-16 14:18:59.902][VERB] COMMANDCALL: _C.SafeAPI.Execute(["v1.sketch.dimension",[{"type":"HORIZONTAL_DISTANCE","value":"@expr.d571_x","name":"x","id":8192,"geomIds":[8198,8249]}]])
[0m[0;32m[2026-09-16 14:18:59.915][VERB] RETURN: {"result":"$8261"}
[0m[0;32m[2026-09-16 14:18:59.915][VERB] COMMANDCALL: _C.SafeAPI.Execute(["v1.sketch.dimension",[{"type":"VERTICAL_DISTANCE","value":"@expr.d572_y","name":"y","id":8192,"geomIds":[8198,8249]}]])
[0m[0;32m[2026-09-16 14:18:59.928][VERB] RETURN: {"result":"$8265"}
[0m[0;32m[2026-09-16 14:18:59.929][VERB] COMMANDCALL: _C.SafeAPI.Execute(["v1.sketch.line",[{"startPos":[18.275,-24.8,0],"genIncidence":0,"genTangency":0,"genFixation":0,"genVertAndHoriz":0,"id":8192,"endPos":[8.475,-24.8,0]}]])
[0m[0;32m[2026-09-16 14:18:59.935][VERB] RETURN: {"result":"$8267"}
[0m[0;32m[2026-09-16 14:18:59.936][VERB] COMMANDCALL: _C.SafeAPI.Execute(["v1.sketch.getPoints",[{"id":8267}]])
[0m[0;32m[2026-09-16 14:18:59.936][VERB] RETURN: {"result":{"endId":"$8269","startId":"$8268"}}
[0m[0;32m[2026-09-16 14:18:59.936][VERB] COMMANDCALL: _C.SafeAPI.Execute(["v1.sketch.dimension",[{"type":"HORIZONTAL_DISTANCE","value":"@expr.d573_x","name":"x","id":8192,"geomIds":[8198,8268]}]])
[0m[0;32m[2026-09-16 14:18:59.950][VERB] RETURN: {"result":"$8273"}
[0m[0;32m[2026-09-16 14:18:59.950][VERB] COMMANDCALL: _C.SafeAPI.Execute(["v1.sketch.dimension",[{"type":"VERTICAL_DISTANCE","value":"@expr.d574_y","name":"y","id":8192,"geomIds":[8198,8268]}]])
[0m[0;32m[2026-09-16 14:18:59.966][VERB] RETURN: {"result":"$8277"}
[0m[0;32m[2026-09-16 14:18:59.966][VERB] COMMANDCALL: _C.SafeAPI.Execute(["v1.sketch.dimension",[{"type":"HORIZONTAL_DISTANCE","value":"@expr.d575_x","name":"x","id":8192,"geomIds":[8198,8269]}]])
[0m[0;32m[2026-09-16 14:18:59.982][VERB] RETURN: {"result":"$8281"}
[0m[0;32m[2026-09-16 14:18:59.982][VERB] COMMANDCALL: _C.SafeAPI.Execute(["v1.sketch.dimension",[{"type":"VERTICAL_DISTANCE","value":"@expr.d576_y","name":"y","id":8192,"geomIds":[8198,8269]}]])
[0m[0;32m[2026-09-16 14:18:59.999][VERB] RETURN: {"result":"$8285"}
[0m[0;32m[2026-09-16 14:18:59.999][VERB] COMMANDCALL: _C.SafeAPI.Execute(["v1.sketch.line",[{"startPos":[8.475,-24.8,0],"genIncidence":0,"genTangency":0,"genFixation":0,"genVertAndHoriz":0,"id":8192,"endPos":[8.475,-19.4,0]}]])
[0m[0;32m[2026-09-16 14:19:00.008][VERB] RETURN: {"result":"$8287"}
[0m[0;32m[2026-09-16 14:19:00.008][VERB] COMMANDCALL: _C.SafeAPI.Execute(["v1.sketch.getPoints",[{"id":8287}]])
[0m[0;32m[2026-09-16 14:19:00.008][VERB] RETURN: {"result":{"endId":"$8289","startId":"$8288"}}
[0m[0;32m[2026-09-16 14:19:00.008][VERB] COMMANDCALL: _C.SafeAPI.Execute(["v1.sketch.dimension",[{"type":"HORIZONTAL_DISTANCE","value":"@expr.d577_x","name":"x","id":8192,"geomIds":[8198,8288]}]])
[0m[0;32m[2026-09-16 14:19:00.026][VERB] RETURN: {"result":"$8293"}
[0m[0;32m[2026-09-16 14:19:00.026][VERB] COMMANDCALL: _C.SafeAPI.Execute(["v1.sketch.dimension",[{"type":"VERTICAL_DISTANCE","value":"@expr.d578_y","name":"y","id":8192,"geomIds":[8198,8288]}]])
[0m[0;32m[2026-09-16 14:19:00.044][VERB] RETURN: {"result":"$8297"}
[0m[0;32m[2026-09-16 14:19:00.045][VERB] COMMANDCALL: _C.SafeAPI.Execute(["v1.sketch.dimension",[{"type":"HORIZONTAL_DISTANCE","value":"@expr.d579_x","name":"x","id":8192,"geomIds":[8198,8289]}]])
[0m[0;32m[2026-09-16 14:19:00.064][VERB] RETURN: {"result":"$8301"}
[0m[0;32m[2026-09-16 14:19:00.064][VERB] COMMANDCALL: _C.SafeAPI.Execute(["v1.sketch.dimension",[{"type":"VERTICAL_DISTANCE","value":"@expr.d580_y","name":"y","id":8192,"geomIds":[8198,8289]}]])
[0m[0;32m[2026-09-16 14:19:00.084][VERB] RETURN: {"result":"$8305"}
[0m[0;32m[2026-09-16 14:19:00.084][VERB] COMMANDCALL: _C.SafeAPI.Execute(["v1.sketch.arcBy3Points",[{"startPos":[8.475,-19.4,0],"genIncidence":0,"genTangency":0,"genFixation":0,"genVertAndHoriz":0,"midPos":[8.7678932188135,-18.692893218813,0],"id":8192,"endPos":[9.475,-18.4,0]}]])
[0m[0;32m[2026-09-16 14:19:00.094][VERB] RETURN: {"result":"$8307"}
[0m[0;32m[2026-09-16 14:19:00.094][VERB] COMMANDCALL: _C.SafeAPI.Execute(["v1.sketch.getPoints",[{"id":8307}]])
[0m[0;32m[2026-09-16 14:19:00.094][VERB] RETURN: {"result":{"centerId":"$8310","endId":"$8308","startId":"$8309"}}
[0m[0;32m[2026-09-16 14:19:00.095][VERB] COMMANDCALL: _C.SafeAPI.Execute(["v1.sketch.dimension",[{"type":"HORIZONTAL_DISTANCE","value":"@expr.d581_x","name":"x","id":8192,"geomIds":[8198,8309]}]])
[0m[0;32m[2026-09-16 14:19:00.115][VERB] RETURN: {"result":"$8314"}
[0m[0;32m[2026-09-16 14:19:00.115][VERB] COMMANDCALL: _C.SafeAPI.Execute(["v1.sketch.dimension",[{"type":"VERTICAL_DISTANCE","value":"@expr.d582_y","name":"y","id":8192,"geomIds":[8198,8309]}]])
[0m[0;32m[2026-09-16 14:19:00.137][VERB] RETURN: {"result":"$8318"}
[0m[0;32m[2026-09-16 14:19:00.137][VERB] COMMANDCALL: _C.SafeAPI.Execute(["v1.sketch.dimension",[{"type":"HORIZONTAL_DISTANCE","value":"@expr.d583_x","name":"x","id":8192,"geomIds":[8198,8308]}]])
[0m[0;32m[2026-09-16 14:19:00.159][VERB] RETURN: {"result":"$8322"}
[0m[0;32m[2026-09-16 14:19:00.159][VERB] COMMANDCALL: _C.SafeAPI.Execute(["v1.sketch.dimension",[{"type":"VERTICAL_DISTANCE","value":"@expr.d584_y","name":"y","id":8192,"geomIds":[8198,8308]}]])
[0m[0;32m[2026-09-16 14:19:00.182][VERB] RETURN: {"result":"$8326"}
[0m[0;32m[2026-09-16 14:19:00.182][VERB] COMMANDCALL: _C.SafeAPI.Execute(["v1.sketch.dimension",[{"type":"RADIUS","value":"@expr.d585_arc_radius","name":"arc_radius","id":8192,"geomIds":[8307]}]])
[0m[0;32m[2026-09-16 14:19:00.205][VERB] RETURN: {"result":"$8330"}
[0m[0;32m[2026-09-16 14:19:00.205][VERB] COMMANDCALL: _C.SafeAPI.Execute(["v1.part.extrusion",[{"references":[8202,8222,8247,8267,8287,8307],"name":"F559_extrude_housing_components_py_153","taperAngle":0,"limit2":"@expr.d586_height","id":4}]])
[0m[0;32m[2026-09-16 14:19:00.212][VERB] RETURN: {"result":"$8334"}
[0m[0;32m[2026-09-16 14:19:00.213][VERB] COMMANDCALL: _C.SafeAPI.Execute(["v1.part.translation",[{"references":[30],"name":"F559_extrude_housing_components_py_153_1","id":4,"targets":[8334],"distance":"@expr.d587_position"}]])
[0m[0;32m[2026-09-16 14:19:00.218][VERB] RETURN: {"result":"$8391"}
[0m[0;32m[2026-09-16 14:19:00.218][VERB] COMMANDCALL: _C.SafeAPI.Execute(["v1.part.boolean",[{"type":"UNION","tools":[8151,8391],"target":8074,"name":"F512_union_housing_components_py_161","id":4}]])
[0m[0;32m[2026-09-16 14:19:00.227][VERB] RETURN: {"result":"$8402"}
[0m[0;32m[2026-09-16 14:19:00.228][VERB] COMMANDCALL: _C.SafeAPI.Execute(["v1.part.workPlane",[{"type":"PLANE","references":[38],"name":"F588_makeBox_cad_primitives_py_8_plane","offset":"@expr.d589_plane_offset","id":4}]])
[0m[0;32m[2026-09-16 14:19:00.232][VERB] RETURN: {"result":"$8495"}
[0m[0;32m[2026-09-16 14:19:00.232][VERB] COMMANDCALL: _C.SafeAPI.Execute(["v1.sketch.create",[{"planeId":8495,"name":"F588_makeBox_cad_primitives_py_8_profile","id":4}]])
[0m[0;32m[2026-09-16 14:19:00.234][VERB] RETURN: {"result":"$8501"}
[0m[0;32m[2026-09-16 14:19:00.235][VERB] COMMANDCALL: _C.SafeAPI.Execute(["v1.sketch.rectangle",[{"startPos":[-10,50,0],"id":8501,"genFixation":0,"endPos":[50,80,0]}]])
[0m[0;32m[2026-09-16 14:19:00.241][VERB] RETURN: {"result":["$8507","$8511","$8517","$8523"]}
[0m[0;32m[2026-09-16 14:19:00.241][VERB] COMMANDCALL: _C.SafeAPI.Execute(["v1.sketch.getPoints",[{"id":8507}]])
[0m[0;32m[2026-09-16 14:19:00.241][VERB] RETURN: {"result":{"endId":"$8509","startId":"$8508"}}
[0m[0;32m[2026-09-16 14:19:00.242][VERB] COMMANDCALL: _C.SafeAPI.Execute(["v1.sketch.point",[{"pos":[-1000,-1000,0],"id":8501}]])
[0m[0;32m[2026-09-16 14:19:00.244][VERB] RETURN: {"result":"$8539"}
[0m[0;32m[2026-09-16 14:19:00.244][VERB] COMMANDCALL: _C.SafeAPI.Execute(["v1.sketch.constraint",[{"type":"FIXATION","id":8501,"geomIds":[8539]}]])
[0m[0;32m[2026-09-16 14:19:00.245][VERB] RETURN: {"result":"$8541"}
[0m[0;32m[2026-09-16 14:19:00.245][VERB] COMMANDCALL: _C.SafeAPI.Execute(["v1.sketch.dimension",[{"type":"HORIZONTAL_DISTANCE","value":"@expr.d590_position_x","name":"position_x","id":8501,"geomIds":[8539,8508]}]])
[0m[0;32m[2026-09-16 14:19:00.251][VERB] RETURN: {"result":"$8545"}
[0m[0;32m[2026-09-16 14:19:00.251][VERB] COMMANDCALL: _C.SafeAPI.Execute(["v1.sketch.dimension",[{"type":"VERTICAL_DISTANCE","value":"@expr.d591_position_y","name":"position_y","id":8501,"geomIds":[8539,8508]}]])
[0m[0;32m[2026-09-16 14:19:00.257][VERB] RETURN: {"result":"$8549"}
[0m[0;32m[2026-09-16 14:19:00.258][VERB] COMMANDCALL: _C.SafeAPI.Execute(["v1.sketch.dimension",[{"type":"OFFSET","value":"@expr.d592_width","name":"width","id":8501,"geomIds":[8507]}]])
[0m[0;32m[2026-09-16 14:19:00.265][VERB] RETURN: {"result":"$8553"}
[0m[0;32m[2026-09-16 14:19:00.265][VERB] COMMANDCALL: _C.SafeAPI.Execute(["v1.sketch.dimension",[{"type":"OFFSET","value":"@expr.d593_depth","name":"depth","id":8501,"geomIds":[8511]}]])
[0m[0;32m[2026-09-16 14:19:00.273][VERB] RETURN: {"result":"$8557"}
[0m[0;32m[2026-09-16 14:19:00.273][VERB] COMMANDCALL: _C.SafeAPI.Execute(["v1.part.extrusion",[{"references":[8507,8511,8517,8523],"name":"F588_makeBox_cad_primitives_py_8","taperAngle":0,"limit2":"@expr.d594_height","id":4}]])
[0m[0;32m[2026-09-16 14:19:00.280][VERB] RETURN: {"result":"$8561"}
[0m[0;32m[2026-09-16 14:19:00.280][VERB] COMMANDCALL: _C.SafeAPI.Execute(["v1.part.boolean",[{"type":"INTERSECTION","tools":[8561],"target":8402,"name":"F511_common_housing_components_py_165","id":4}]])
[0m[0;32m[2026-09-16 14:19:00.286][VERB] RETURN: {"result":"$8604"}
[0m[0;32m[2026-09-16 14:19:00.286][VERB] COMMANDCALL: _C.SafeAPI.Execute(["v1.part.boolean",[{"type":"SUBTRACTION","tools":[8604],"target":7719,"name":"F58_cut_housing_shell_py_94","id":4}]])
[0m[0;32m[2026-09-16 14:19:00.307][VERB] RETURN: {"result":"$8634"}
[0m[0;32m[2026-09-16 14:19:00.308][VERB] COMMANDCALL: _C.SafeAPI.Execute(["v1.part.workPlane",[{"type":"PLANE","references":[46],"name":"F595_makeCylinder_cad_primitives_py_12_plane","offset":"@expr.d596_plane_offset","id":4}]])
[0m[0;32m[2026-09-16 14:19:00.312][VERB] RETURN: {"result":"$8759"}
[0m[0;32m[2026-09-16 14:19:00.312][VERB] COMMANDCALL: _C.SafeAPI.Execute(["v1.sketch.create",[{"planeId":8759,"name":"F595_makeCylinder_cad_primitives_py_12_profile","id":4}]])
[0m[0;32m[2026-09-16 14:19:00.315][VERB] RETURN: {"result":"$8765"}
[0m[0;32m[2026-09-16 14:19:00.315][VERB] COMMANDCALL: _C.SafeAPI.Execute(["v1.sketch.circle",[{"radius":11.2,"id":8765,"genFixation":0,"centerPos":[13.05,-12.5,0]}]])
[0m[0;32m[2026-09-16 14:19:00.316][VERB] RETURN: {"result":"$8771"}
[0m[0;32m[2026-09-16 14:19:00.316][VERB] COMMANDCALL: _C.SafeAPI.Execute(["v1.sketch.getPoints",[{"id":8771}]])
[0m[0;32m[2026-09-16 14:19:00.316][VERB] RETURN: {"result":{"centerId":"$8772"}}
[0m[0;32m[2026-09-16 14:19:00.316][VERB] COMMANDCALL: _C.SafeAPI.Execute(["v1.sketch.point",[{"pos":[-1000,-1000,0],"id":8765}]])
[0m[0;32m[2026-09-16 14:19:00.317][VERB] RETURN: {"result":"$8774"}
[0m[0;32m[2026-09-16 14:19:00.318][VERB] COMMANDCALL: _C.SafeAPI.Execute(["v1.sketch.constraint",[{"type":"FIXATION","id":8765,"geomIds":[8774]}]])
[0m[0;32m[2026-09-16 14:19:00.319][VERB] RETURN: {"result":"$8776"}
[0m[0;32m[2026-09-16 14:19:00.319][VERB] COMMANDCALL: _C.SafeAPI.Execute(["v1.sketch.dimension",[{"type":"HORIZONTAL_DISTANCE","value":"@expr.d597_position_x","name":"position_x","id":8765,"geomIds":[8774,8772]}]])
[0m[0;32m[2026-09-16 14:19:00.323][VERB] RETURN: {"result":"$8780"}
[0m[0;32m[2026-09-16 14:19:00.323][VERB] COMMANDCALL: _C.SafeAPI.Execute(["v1.sketch.dimension",[{"type":"VERTICAL_DISTANCE","value":"@expr.d598_position_y","name":"position_y","id":8765,"geomIds":[8774,8772]}]])
[0m[0;32m[2026-09-16 14:19:00.328][VERB] RETURN: {"result":"$8784"}
[0m[0;32m[2026-09-16 14:19:00.329][VERB] COMMANDCALL: _C.SafeAPI.Execute(["v1.sketch.dimension",[{"type":"RADIUS","value":"@expr.d599_radius","name":"radius","id":8765,"geomIds":[8771]}]])
[0m[0;32m[2026-09-16 14:19:00.334][VERB] RETURN: {"result":"$8788"}
[0m[0;32m[2026-09-16 14:19:00.334][VERB] COMMANDCALL: _C.SafeAPI.Execute(["v1.part.extrusion",[{"references":[8771],"name":"F595_makeCylinder_cad_primitives_py_12","taperAngle":0,"limit2":"@expr.d600_height","id":4}]])
[0m[0;32m[2026-09-16 14:19:00.341][VERB] RETURN: {"result":"$8792"}
[0m[0;32m[2026-09-16 14:19:00.341][VERB] COMMANDCALL: _C.SafeAPI.Execute(["v1.part.boolean",[{"type":"SUBTRACTION","tools":[8792],"target":8634,"name":"F57_cut_housing_shell_py_94","id":4}]])
[0m[0;32m[2026-09-16 14:19:00.364][VERB] RETURN: {"result":"$8814"}
[0m[0;32m[2026-09-16 14:19:00.365][VERB] COMMANDCALL: _C.SafeAPI.Execute(["v1.part.workPlane",[{"type":"PLANE","references":[42],"name":"F601_makeCylinder_cad_primitives_py_12_plane","offset":"@expr.d602_plane_offset","id":4}]])
[0m[0;32m[2026-09-16 14:19:00.369][VERB] RETURN: {"result":"$8847"}
[0m[0;32m[2026-09-16 14:19:00.369][VERB] COMMANDCALL: _C.SafeAPI.Execute(["v1.sketch.create",[{"planeId":8847,"name":"F601_makeCylinder_cad_primitives_py_12_profile","id":4}]])
[0m[0;32m[2026-09-16 14:19:00.371][VERB] RETURN: {"result":"$8853"}
[0m[0;32m[2026-09-16 14:19:00.372][VERB] COMMANDCALL: _C.SafeAPI.Execute(["v1.sketch.circle",[{"radius":6.2,"id":8853,"genFixation":0,"centerPos":[42,-13.3,0]}]])
[0m[0;32m[2026-09-16 14:19:00.373][VERB] RETURN: {"result":"$8859"}
[0m[0;32m[2026-09-16 14:19:00.373][VERB] COMMANDCALL: _C.SafeAPI.Execute(["v1.sketch.getPoints",[{"id":8859}]])
[0m[0;32m[2026-09-16 14:19:00.373][VERB] RETURN: {"result":{"centerId":"$8860"}}
[0m[0;32m[2026-09-16 14:19:00.373][VERB] COMMANDCALL: _C.SafeAPI.Execute(["v1.sketch.point",[{"pos":[-1000,-1000,0],"id":8853}]])
[0m[0;32m[2026-09-16 14:19:00.374][VERB] RETURN: {"result":"$8862"}
[0m[0;32m[2026-09-16 14:19:00.374][VERB] COMMANDCALL: _C.SafeAPI.Execute(["v1.sketch.constraint",[{"type":"FIXATION","id":8853,"geomIds":[8862]}]])
[0m[0;32m[2026-09-16 14:19:00.375][VERB] RETURN: {"result":"$8864"}
[0m[0;32m[2026-09-16 14:19:00.376][VERB] COMMANDCALL: _C.SafeAPI.Execute(["v1.sketch.dimension",[{"type":"HORIZONTAL_DISTANCE","value":"@expr.d603_position_x","name":"position_x","id":8853,"geomIds":[8862,8860]}]])
[0m[0;32m[2026-09-16 14:19:00.380][VERB] RETURN: {"result":"$8868"}
[0m[0;32m[2026-09-16 14:19:00.380][VERB] COMMANDCALL: _C.SafeAPI.Execute(["v1.sketch.dimension",[{"type":"VERTICAL_DISTANCE","value":"@expr.d604_position_y","name":"position_y","id":8853,"geomIds":[8862,8860]}]])
[0m[0;32m[2026-09-16 14:19:00.385][VERB] RETURN: {"result":"$8872"}
[0m[0;32m[2026-09-16 14:19:00.385][VERB] COMMANDCALL: _C.SafeAPI.Execute(["v1.sketch.dimension",[{"type":"RADIUS","value":"@expr.d605_radius","name":"radius","id":8853,"geomIds":[8859]}]])
[0m[0;32m[2026-09-16 14:19:00.390][VERB] RETURN: {"result":"$8876"}
[0m[0;32m[2026-09-16 14:19:00.391][VERB] COMMANDCALL: _C.SafeAPI.Execute(["v1.part.extrusion",[{"references":[8859],"name":"F601_makeCylinder_cad_primitives_py_12","taperAngle":0,"limit2":"@expr.d606_height","id":4}]])
[0m[0;32m[2026-09-16 14:19:00.397][VERB] RETURN: {"result":"$8880"}
[0m[0;32m[2026-09-16 14:19:00.398][VERB] COMMANDCALL: _C.SafeAPI.Execute(["v1.part.boolean",[{"type":"SUBTRACTION","tools":[8880],"target":8814,"name":"F56_cut_housing_shell_py_94","id":4}]])
[0m[0;32m[2026-09-16 14:19:00.413][VERB] RETURN: {"result":"$8902"}
[0m[0;32m[2026-09-16 14:19:00.413][VERB] COMMANDCALL: _C.SafeAPI.Execute(["v1.part.workPlane",[{"type":"PLANE","references":[46],"name":"F607_makeCylinder_cad_primitives_py_12_plane","offset":"@expr.d608_plane_offset","id":4}]])
[0m[0;32m[2026-09-16 14:19:00.417][VERB] RETURN: {"result":"$8919"}
[0m[0;32m[2026-09-16 14:19:00.418][VERB] COMMANDCALL: _C.SafeAPI.Execute(["v1.sketch.create",[{"planeId":8919,"name":"F607_makeCylinder_cad_primitives_py_12_profile","id":4}]])
[0m[0;32m[2026-09-16 14:19:00.420][VERB] RETURN: {"result":"$8925"}
[0m[0;32m[2026-09-16 14:19:00.420][VERB] COMMANDCALL: _C.SafeAPI.Execute(["v1.sketch.circle",[{"radius":11.95,"id":8925,"genFixation":0,"centerPos":[13.05,-12.5,0]}]])
[0m[0;32m[2026-09-16 14:19:00.421][VERB] RETURN: {"result":"$8931"}
[0m[0;32m[2026-09-16 14:19:00.421][VERB] COMMANDCALL: _C.SafeAPI.Execute(["v1.sketch.getPoints",[{"id":8931}]])
[0m[0;32m[2026-09-16 14:19:00.421][VERB] RETURN: {"result":{"centerId":"$8932"}}
[0m[0;32m[2026-09-16 14:19:00.422][VERB] COMMANDCALL: _C.SafeAPI.Execute(["v1.sketch.point",[{"pos":[-1000,-1000,0],"id":8925}]])
[0m[0;32m[2026-09-16 14:19:00.423][VERB] RETURN: {"result":"$8934"}
[0m[0;32m[2026-09-16 14:19:00.423][VERB] COMMANDCALL: _C.SafeAPI.Execute(["v1.sketch.constraint",[{"type":"FIXATION","id":8925,"geomIds":[8934]}]])
[0m[0;32m[2026-09-16 14:19:00.424][VERB] RETURN: {"result":"$8936"}
[0m[0;32m[2026-09-16 14:19:00.424][VERB] COMMANDCALL: _C.SafeAPI.Execute(["v1.sketch.dimension",[{"type":"HORIZONTAL_DISTANCE","value":"@expr.d609_position_x","name":"position_x","id":8925,"geomIds":[8934,8932]}]])
[0m[0;32m[2026-09-16 14:19:00.428][VERB] RETURN: {"result":"$8940"}
[0m[0;32m[2026-09-16 14:19:00.429][VERB] COMMANDCALL: _C.SafeAPI.Execute(["v1.sketch.dimension",[{"type":"VERTICAL_DISTANCE","value":"@expr.d610_position_y","name":"position_y","id":8925,"geomIds":[8934,8932]}]])
[0m[0;32m[2026-09-16 14:19:00.434][VERB] RETURN: {"result":"$8944"}
[0m[0;32m[2026-09-16 14:19:00.434][VERB] COMMANDCALL: _C.SafeAPI.Execute(["v1.sketch.dimension",[{"type":"RADIUS","value":"@expr.d611_radius","name":"radius","id":8925,"geomIds":[8931]}]])
[0m[0;32m[2026-09-16 14:19:00.439][VERB] RETURN: {"result":"$8948"}
[0m[0;32m[2026-09-16 14:19:00.440][VERB] COMMANDCALL: _C.SafeAPI.Execute(["v1.part.extrusion",[{"references":[8931],"name":"F607_makeCylinder_cad_primitives_py_12","taperAngle":0,"limit2":"@expr.d612_height","id":4}]])
[0m[0;32m[2026-09-16 14:19:00.446][VERB] RETURN: {"result":"$8952"}
[0m[0;32m[2026-09-16 14:19:00.447][VERB] COMMANDCALL: _C.SafeAPI.Execute(["v1.part.boolean",[{"type":"SUBTRACTION","tools":[8952],"target":8902,"name":"F55_cut_housing_shell_py_94","id":4}]])
[0m[0;32m[2026-09-16 14:19:00.464][VERB] RETURN: {"result":"$8974"}
[0m[0;32m[2026-09-16 14:19:00.465][VERB] COMMANDCALL: _C.SafeAPI.Execute(["v1.part.workPlane",[{"type":"PLANE","references":[46],"name":"F614_makeCylinder_cad_primitives_py_12_plane","offset":"@expr.d615_plane_offset","id":4}]])
[0m[0;32m[2026-09-16 14:19:00.470][VERB] RETURN: {"result":"$9008"}
[0m[0;32m[2026-09-16 14:19:00.470][VERB] COMMANDCALL: _C.SafeAPI.Execute(["v1.sketch.create",[{"planeId":9008,"name":"F614_makeCylinder_cad_primitives_py_12_profile","id":4}]])
[0m[0;32m[2026-09-16 14:19:00.472][VERB] RETURN: {"result":"$9014"}
[0m[0;32m[2026-09-16 14:19:00.472][VERB] COMMANDCALL: _C.SafeAPI.Execute(["v1.sketch.circle",[{"radius":11.95,"id":9014,"genFixation":0,"centerPos":[13.05,-12.5,0]}]])
[0m[0;32m[2026-09-16 14:19:00.473][VERB] RETURN: {"result":"$9020"}
[0m[0;32m[2026-09-16 14:19:00.473][VERB] COMMANDCALL: _C.SafeAPI.Execute(["v1.sketch.getPoints",[{"id":9020}]])
[0m[0;32m[2026-09-16 14:19:00.474][VERB] RETURN: {"result":{"centerId":"$9021"}}
[0m[0;32m[2026-09-16 14:19:00.474][VERB] COMMANDCALL: _C.SafeAPI.Execute(["v1.sketch.point",[{"pos":[-1000,-1000,0],"id":9014}]])
[0m[0;32m[2026-09-16 14:19:00.475][VERB] RETURN: {"result":"$9023"}
[0m[0;32m[2026-09-16 14:19:00.475][VERB] COMMANDCALL: _C.SafeAPI.Execute(["v1.sketch.constraint",[{"type":"FIXATION","id":9014,"geomIds":[9023]}]])
[0m[0;32m[2026-09-16 14:19:00.476][VERB] RETURN: {"result":"$9025"}
[0m[0;32m[2026-09-16 14:19:00.476][VERB] COMMANDCALL: _C.SafeAPI.Execute(["v1.sketch.dimension",[{"type":"HORIZONTAL_DISTANCE","value":"@expr.d616_position_x","name":"position_x","id":9014,"geomIds":[9023,9021]}]])
[0m[0;32m[2026-09-16 14:19:00.481][VERB] RETURN: {"result":"$9029"}
[0m[0;32m[2026-09-16 14:19:00.481][VERB] COMMANDCALL: _C.SafeAPI.Execute(["v1.sketch.dimension",[{"type":"VERTICAL_DISTANCE","value":"@expr.d617_position_y","name":"position_y","id":9014,"geomIds":[9023,9021]}]])
[0m[0;32m[2026-09-16 14:19:00.486][VERB] RETURN: {"result":"$9033"}
[0m[0;32m[2026-09-16 14:19:00.486][VERB] COMMANDCALL: _C.SafeAPI.Execute(["v1.sketch.dimension",[{"type":"RADIUS","value":"@expr.d618_radius","name":"radius","id":9014,"geomIds":[9020]}]])
[0m[0;32m[2026-09-16 14:19:00.492][VERB] RETURN: {"result":"$9037"}
[0m[0;32m[2026-09-16 14:19:00.492][VERB] COMMANDCALL: _C.SafeAPI.Execute(["v1.part.extrusion",[{"references":[9020],"name":"F614_makeCylinder_cad_primitives_py_12","taperAngle":0,"limit2":"@expr.d619_height","id":4}]])
[0m[0;32m[2026-09-16 14:19:00.499][VERB] RETURN: {"result":"$9041"}
[0m[0;32m[2026-09-16 14:19:00.499][VERB] COMMANDCALL: _C.SafeAPI.Execute(["v1.part.workPlane",[{"type":"PLANE","references":[38],"name":"F620_makeBox_cad_primitives_py_8_plane","offset":"@expr.d621_plane_offset","id":4}]])
[0m[0;32m[2026-09-16 14:19:00.503][VERB] RETURN: {"result":"$9063"}
[0m[0;32m[2026-09-16 14:19:00.504][VERB] COMMANDCALL: _C.SafeAPI.Execute(["v1.sketch.create",[{"planeId":9063,"name":"F620_makeBox_cad_primitives_py_8_profile","id":4}]])
[0m[0;32m[2026-09-16 14:19:00.506][VERB] RETURN: {"result":"$9069"}
[0m[0;32m[2026-09-16 14:19:00.506][VERB] COMMANDCALL: _C.SafeAPI.Execute(["v1.sketch.rectangle",[{"startPos":[1,1.6,0],"id":9069,"genFixation":0,"endPos":[1.6,31.6,0]}]])
[0m[0;32m[2026-09-16 14:19:00.513][VERB] RETURN: {"result":["$9075","$9079","$9085","$9091"]}
[0m[0;32m[2026-09-16 14:19:00.513][VERB] COMMANDCALL: _C.SafeAPI.Execute(["v1.sketch.getPoints",[{"id":9075}]])
[0m[0;32m[2026-09-16 14:19:00.513][VERB] RETURN: {"result":{"endId":"$9077","startId":"$9076"}}
[0m[0;32m[2026-09-16 14:19:00.513][VERB] COMMANDCALL: _C.SafeAPI.Execute(["v1.sketch.point",[{"pos":[-1000,-1000,0],"id":9069}]])
[0m[0;32m[2026-09-16 14:19:00.515][VERB] RETURN: {"result":"$9107"}
[0m[0;32m[2026-09-16 14:19:00.515][VERB] COMMANDCALL: _C.SafeAPI.Execute(["v1.sketch.constraint",[{"type":"FIXATION","id":9069,"geomIds":[9107]}]])
[0m[0;32m[2026-09-16 14:19:00.517][VERB] RETURN: {"result":"$9109"}
[0m[0;32m[2026-09-16 14:19:00.517][VERB] COMMANDCALL: _C.SafeAPI.Execute(["v1.sketch.dimension",[{"type":"HORIZONTAL_DISTANCE","value":"@expr.d622_position_x","name":"position_x","id":9069,"geomIds":[9107,9076]}]])
[0m[0;32m[2026-09-16 14:19:00.522][VERB] RETURN: {"result":"$9113"}
[0m[0;32m[2026-09-16 14:19:00.523][VERB] COMMANDCALL: _C.SafeAPI.Execute(["v1.sketch.dimension",[{"type":"VERTICAL_DISTANCE","value":"@expr.d623_position_y","name":"position_y","id":9069,"geomIds":[9107,9076]}]])
[0m[0;32m[2026-09-16 14:19:00.529][VERB] RETURN: {"result":"$9117"}
[0m[0;32m[2026-09-16 14:19:00.529][VERB] COMMANDCALL: _C.SafeAPI.Execute(["v1.sketch.dimension",[{"type":"OFFSET","value":"@expr.d624_width","name":"width","id":9069,"geomIds":[9075]}]])
[0m[0;32m[2026-09-16 14:19:00.536][VERB] RETURN: {"result":"$9121"}
[0m[0;32m[2026-09-16 14:19:00.537][VERB] COMMANDCALL: _C.SafeAPI.Execute(["v1.sketch.dimension",[{"type":"OFFSET","value":"@expr.d625_depth","name":"depth","id":9069,"geomIds":[9079]}]])
[0m[0;32m[2026-09-16 14:19:00.545][VERB] RETURN: {"result":"$9125"}
[0m[0;32m[2026-09-16 14:19:00.545][VERB] COMMANDCALL: _C.SafeAPI.Execute(["v1.part.extrusion",[{"references":[9075,9079,9085,9091],"name":"F620_makeBox_cad_primitives_py_8","taperAngle":0,"limit2":"@expr.d626_height","id":4}]])
[0m[0;32m[2026-09-16 14:19:00.551][VERB] RETURN: {"result":"$9129"}
[0m[0;32m[2026-09-16 14:19:00.552][VERB] COMMANDCALL: _C.SafeAPI.Execute(["v1.part.boolean",[{"type":"INTERSECTION","tools":[9129],"target":9041,"name":"F613_common_housing_shell_py_90","id":4}]])
[0m[0;32m[2026-09-16 14:19:00.559][VERB] RETURN: {"result":"$9172"}
[0m[0;32m[2026-09-16 14:19:00.560][VERB] COMMANDCALL: _C.SafeAPI.Execute(["v1.part.boolean",[{"type":"SUBTRACTION","tools":[9172],"target":8974,"name":"F54_cut_housing_shell_py_94","id":4}]])
[0m[0;32m[2026-09-16 14:19:00.585][VERB] RETURN: {"result":"$9220"}
[0m[0;32m[2026-09-16 14:19:00.585][VERB] COMMANDCALL: _C.SafeAPI.Execute(["v1.part.workPlane",[{"type":"PLANE","references":[38],"name":"F627_makeBox_cad_primitives_py_8_plane","offset":"@expr.d628_plane_offset","id":4}]])
[0m[0;32m[2026-09-16 14:19:00.590][VERB] RETURN: {"result":"$9331"}
[0m[0;32m[2026-09-16 14:19:00.590][VERB] COMMANDCALL: _C.SafeAPI.Execute(["v1.sketch.create",[{"planeId":9331,"name":"F627_makeBox_cad_primitives_py_8_profile","id":4}]])
[0m[0;32m[2026-09-16 14:19:00.592][VERB] RETURN: {"result":"$9337"}
[0m[0;32m[2026-09-16 14:19:00.592][VERB] COMMANDCALL: _C.SafeAPI.Execute(["v1.sketch.rectangle",[{"startPos":[-20,-20,0],"id":9337,"genFixation":0,"endPos":[130,100,0]}]])
[0m[0;32m[2026-09-16 14:19:00.599][VERB] RETURN: {"result":["$9343","$9347","$9353","$9359"]}
[0m[0;32m[2026-09-16 14:19:00.599][VERB] COMMANDCALL: _C.SafeAPI.Execute(["v1.sketch.getPoints",[{"id":9343}]])
[0m[0;32m[2026-09-16 14:19:00.599][VERB] RETURN: {"result":{"endId":"$9345","startId":"$9344"}}
[0m[0;32m[2026-09-16 14:19:00.599][VERB] COMMANDCALL: _C.SafeAPI.Execute(["v1.sketch.point",[{"pos":[-1000,-1000,0],"id":9337}]])
[0m[0;32m[2026-09-16 14:19:00.601][VERB] RETURN: {"result":"$9375"}
[0m[0;32m[2026-09-16 14:19:00.602][VERB] COMMANDCALL: _C.SafeAPI.Execute(["v1.sketch.constraint",[{"type":"FIXATION","id":9337,"geomIds":[9375]}]])
[0m[0;32m[2026-09-16 14:19:00.603][VERB] RETURN: {"result":"$9377"}
[0m[0;32m[2026-09-16 14:19:00.603][VERB] COMMANDCALL: _C.SafeAPI.Execute(["v1.sketch.dimension",[{"type":"HORIZONTAL_DISTANCE","value":"@expr.d629_position_x","name":"position_x","id":9337,"geomIds":[9375,9344]}]])
[0m[0;32m[2026-09-16 14:19:00.609][VERB] RETURN: {"result":"$9381"}
[0m[0;32m[2026-09-16 14:19:00.609][VERB] COMMANDCALL: _C.SafeAPI.Execute(["v1.sketch.dimension",[{"type":"VERTICAL_DISTANCE","value":"@expr.d630_position_y","name":"position_y","id":9337,"geomIds":[9375,9344]}]])
[0m[0;32m[2026-09-16 14:19:00.615][VERB] RETURN: {"result":"$9385"}
[0m[0;32m[2026-09-16 14:19:00.616][VERB] COMMANDCALL: _C.SafeAPI.Execute(["v1.sketch.dimension",[{"type":"OFFSET","value":"@expr.d631_width","name":"width","id":9337,"geomIds":[9343]}]])
[0m[0;32m[2026-09-16 14:19:00.623][VERB] RETURN: {"result":"$9389"}
[0m[0;32m[2026-09-16 14:19:00.623][VERB] COMMANDCALL: _C.SafeAPI.Execute(["v1.sketch.dimension",[{"type":"OFFSET","value":"@expr.d632_depth","name":"depth","id":9337,"geomIds":[9347]}]])
[0m[0;32m[2026-09-16 14:19:00.631][VERB] RETURN: {"result":"$9393"}
[0m[0;32m[2026-09-16 14:19:00.631][VERB] COMMANDCALL: _C.SafeAPI.Execute(["v1.part.extrusion",[{"references":[9343,9347,9353,9359],"name":"F627_makeBox_cad_primitives_py_8","taperAngle":0,"limit2":"@expr.d633_height","id":4}]])
[0m[0;32m[2026-09-16 14:19:00.638][VERB] RETURN: {"result":"$9397"}
[0m[0;32m[2026-09-16 14:19:00.638][VERB] COMMANDCALL: _C.SafeAPI.Execute(["v1.part.boolean",[{"type":"INTERSECTION","tools":[9397],"target":9220,"name":"F53_common_housing_shell_py_95","id":4}]])
[0m[0;32m[2026-09-16 14:19:00.672][VERB] RETURN: {"result":"$9440"}
[0m[0;32m[2026-09-16 14:19:00.672][VERB] COMMANDCALL: _C.SafeAPI.Execute(["v1.part.workPlane",[{"type":"PLANE","references":[38],"name":"F634_makeBox_cad_primitives_py_8_plane","offset":"@expr.d635_plane_offset","id":4}]])
[0m[0;32m[2026-09-16 14:19:00.677][VERB] RETURN: {"result":"$9605"}
[0m[0;32m[2026-09-16 14:19:00.678][VERB] COMMANDCALL: _C.SafeAPI.Execute(["v1.sketch.create",[{"planeId":9605,"name":"F634_makeBox_cad_primitives_py_8_profile","id":4}]])
[0m[0;32m[2026-09-16 14:19:00.680][VERB] RETURN: {"result":"$9611"}
[0m[0;32m[2026-09-16 14:19:00.680][VERB] COMMANDCALL: _C.SafeAPI.Execute(["v1.sketch.rectangle",[{"startPos":[-1.4,-1.4,0],"id":9611,"genFixation":0,"endPos":[2.3,27.4,0]}]])
[0m[0;32m[2026-09-16 14:19:00.686][VERB] RETURN: {"result":["$9617","$9621","$9627","$9633"]}
[0m[0;32m[2026-09-16 14:19:00.687][VERB] COMMANDCALL: _C.SafeAPI.Execute(["v1.sketch.getPoints",[{"id":9617}]])
[0m[0;32m[2026-09-16 14:19:00.687][VERB] RETURN: {"result":{"endId":"$9619","startId":"$9618"}}
[0m[0;32m[2026-09-16 14:19:00.687][VERB] COMMANDCALL: _C.SafeAPI.Execute(["v1.sketch.point",[{"pos":[-1000,-1000,0],"id":9611}]])
[0m[0;32m[2026-09-16 14:19:00.689][VERB] RETURN: {"result":"$9649"}
[0m[0;32m[2026-09-16 14:19:00.689][VERB] COMMANDCALL: _C.SafeAPI.Execute(["v1.sketch.constraint",[{"type":"FIXATION","id":9611,"geomIds":[9649]}]])
[0m[0;32m[2026-09-16 14:19:00.691][VERB] RETURN: {"result":"$9651"}
[0m[0;32m[2026-09-16 14:19:00.691][VERB] COMMANDCALL: _C.SafeAPI.Execute(["v1.sketch.dimension",[{"type":"HORIZONTAL_DISTANCE","value":"@expr.d636_position_x","name":"position_x","id":9611,"geomIds":[9649,9618]}]])
[0m[0;32m[2026-09-16 14:19:00.696][VERB] RETURN: {"result":"$9655"}
[0m[0;32m[2026-09-16 14:19:00.697][VERB] COMMANDCALL: _C.SafeAPI.Execute(["v1.sketch.dimension",[{"type":"VERTICAL_DISTANCE","value":"@expr.d637_position_y","name":"position_y","id":9611,"geomIds":[9649,9618]}]])
[0m[0;32m[2026-09-16 14:19:00.703][VERB] RETURN: {"result":"$9659"}
[0m[0;32m[2026-09-16 14:19:00.704][VERB] COMMANDCALL: _C.SafeAPI.Execute(["v1.sketch.dimension",[{"type":"OFFSET","value":"@expr.d638_width","name":"width","id":9611,"geomIds":[9617]}]])
[0m[0;32m[2026-09-16 14:19:00.711][VERB] RETURN: {"result":"$9663"}
[0m[0;32m[2026-09-16 14:19:00.711][VERB] COMMANDCALL: _C.SafeAPI.Execute(["v1.sketch.dimension",[{"type":"OFFSET","value":"@expr.d639_depth","name":"depth","id":9611,"geomIds":[9621]}]])
[0m[0;32m[2026-09-16 14:19:00.719][VERB] RETURN: {"result":"$9667"}
[0m[0;32m[2026-09-16 14:19:00.720][VERB] COMMANDCALL: _C.SafeAPI.Execute(["v1.part.extrusion",[{"references":[9617,9621,9627,9633],"name":"F634_makeBox_cad_primitives_py_8","taperAngle":0,"limit2":"@expr.d640_height","id":4}]])
[0m[0;32m[2026-09-16 14:19:00.726][VERB] RETURN: {"result":"$9671"}
[0m[0;32m[2026-09-16 14:19:00.726][VERB] COMMANDCALL: _C.SafeAPI.Execute(["v1.part.boolean",[{"type":"SUBTRACTION","tools":[9671],"target":9440,"name":"F52_cut_housing_shell_py_99","id":4}]])
[0m[0;32m[2026-09-16 14:19:00.743][VERB] RETURN: {"result":"$9714"}
[0m[0;32m[2026-09-16 14:19:00.744][VERB] COMMANDCALL: _C.SafeAPI.Execute(["v1.part.workPlane",[{"type":"PLANE","references":[38],"name":"F641_makeBox_cad_primitives_py_8_plane","offset":"@expr.d642_plane_offset","id":4}]])
[0m[0;32m[2026-09-16 14:19:00.748][VERB] RETURN: {"result":"$9801"}
[0m[0;32m[2026-09-16 14:19:00.748][VERB] COMMANDCALL: _C.SafeAPI.Execute(["v1.sketch.create",[{"planeId":9801,"name":"F641_makeBox_cad_primitives_py_8_profile","id":4}]])
[0m[0;32m[2026-09-16 14:19:00.751][VERB] RETURN: {"result":"$9807"}
[0m[0;32m[2026-09-16 14:19:00.751][VERB] COMMANDCALL: _C.SafeAPI.Execute(["v1.sketch.rectangle",[{"startPos":[4,2.5,0],"id":9807,"genFixation":0,"endPos":[22,5.5,0]}]])
[0m[0;32m[2026-09-16 14:19:00.757][VERB] RETURN: {"result":["$9813","$9817","$9823","$9829"]}
[0m[0;32m[2026-09-16 14:19:00.758][VERB] COMMANDCALL: _C.SafeAPI.Execute(["v1.sketch.getPoints",[{"id":9813}]])
[0m[0;32m[2026-09-16 14:19:00.758][VERB] RETURN: {"result":{"endId":"$9815","startId":"$9814"}}
[0m[0;32m[2026-09-16 14:19:00.758][VERB] COMMANDCALL: _C.SafeAPI.Execute(["v1.sketch.point",[{"pos":[-1000,-1000,0],"id":9807}]])
[0m[0;32m[2026-09-16 14:19:00.760][VERB] RETURN: {"result":"$9845"}
[0m[0;32m[2026-09-16 14:19:00.760][VERB] COMMANDCALL: _C.SafeAPI.Execute(["v1.sketch.constraint",[{"type":"FIXATION","id":9807,"geomIds":[9845]}]])
[0m[0;32m[2026-09-16 14:19:00.761][VERB] RETURN: {"result":"$9847"}
[0m[0;32m[2026-09-16 14:19:00.762][VERB] COMMANDCALL: _C.SafeAPI.Execute(["v1.sketch.dimension",[{"type":"HORIZONTAL_DISTANCE","value":"@expr.d643_position_x","name":"position_x","id":9807,"geomIds":[9845,9814]}]])
[0m[0;32m[2026-09-16 14:19:00.767][VERB] RETURN: {"result":"$9851"}
[0m[0;32m[2026-09-16 14:19:00.768][VERB] COMMANDCALL: _C.SafeAPI.Execute(["v1.sketch.dimension",[{"type":"VERTICAL_DISTANCE","value":"@expr.d644_position_y","name":"position_y","id":9807,"geomIds":[9845,9814]}]])
[0m[0;32m[2026-09-16 14:19:00.774][VERB] RETURN: {"result":"$9855"}
[0m[0;32m[2026-09-16 14:19:00.774][VERB] COMMANDCALL: _C.SafeAPI.Execute(["v1.sketch.dimension",[{"type":"OFFSET","value":"@expr.d645_width","name":"width","id":9807,"geomIds":[9813]}]])
[0m[0;32m[2026-09-16 14:19:00.781][VERB] RETURN: {"result":"$9859"}
[0m[0;32m[2026-09-16 14:19:00.782][VERB] COMMANDCALL: _C.SafeAPI.Execute(["v1.sketch.dimension",[{"type":"OFFSET","value":"@expr.d646_depth","name":"depth","id":9807,"geomIds":[9817]}]])
[0m[0;32m[2026-09-16 14:19:00.790][VERB] RETURN: {"result":"$9863"}
[0m[0;32m[2026-09-16 14:19:00.790][VERB] COMMANDCALL: _C.SafeAPI.Execute(["v1.part.extrusion",[{"references":[9813,9817,9823,9829],"name":"F641_makeBox_cad_primitives_py_8","taperAngle":0,"limit2":"@expr.d647_height","id":4}]])
[0m[0;32m[2026-09-16 14:19:00.797][VERB] RETURN: {"result":"$9867"}
[0m[0;32m[2026-09-16 14:19:00.797][VERB] COMMANDCALL: _C.SafeAPI.Execute(["v1.part.workPlane",[{"type":"PLANE","references":[38],"name":"F648_makeBox_cad_primitives_py_8_plane","offset":"@expr.d649_plane_offset","id":4}]])
[0m[0;32m[2026-09-16 14:19:00.802][VERB] RETURN: {"result":"$9910"}
[0m[0;32m[2026-09-16 14:19:00.802][VERB] COMMANDCALL: _C.SafeAPI.Execute(["v1.sketch.create",[{"planeId":9910,"name":"F648_makeBox_cad_primitives_py_8_profile","id":4}]])
[0m[0;32m[2026-09-16 14:19:00.804][VERB] RETURN: {"result":"$9916"}
[0m[0;32m[2026-09-16 14:19:00.804][VERB] COMMANDCALL: _C.SafeAPI.Execute(["v1.sketch.rectangle",[{"startPos":[4,19.5,0],"id":9916,"genFixation":0,"endPos":[22,22.5,0]}]])
[0m[0;32m[2026-09-16 14:19:00.811][VERB] RETURN: {"result":["$9922","$9926","$9932","$9938"]}
[0m[0;32m[2026-09-16 14:19:00.811][VERB] COMMANDCALL: _C.SafeAPI.Execute(["v1.sketch.getPoints",[{"id":9922}]])
[0m[0;32m[2026-09-16 14:19:00.811][VERB] RETURN: {"result":{"endId":"$9924","startId":"$9923"}}
[0m[0;32m[2026-09-16 14:19:00.811][VERB] COMMANDCALL: _C.SafeAPI.Execute(["v1.sketch.point",[{"pos":[-1000,-1000,0],"id":9916}]])
[0m[0;32m[2026-09-16 14:19:00.813][VERB] RETURN: {"result":"$9954"}
[0m[0;32m[2026-09-16 14:19:00.813][VERB] COMMANDCALL: _C.SafeAPI.Execute(["v1.sketch.constraint",[{"type":"FIXATION","id":9916,"geomIds":[9954]}]])
[0m[0;32m[2026-09-16 14:19:00.815][VERB] RETURN: {"result":"$9956"}
[0m[0;32m[2026-09-16 14:19:00.815][VERB] COMMANDCALL: _C.SafeAPI.Execute(["v1.sketch.dimension",[{"type":"HORIZONTAL_DISTANCE","value":"@expr.d650_position_x","name":"position_x","id":9916,"geomIds":[9954,9923]}]])
[0m[0;32m[2026-09-16 14:19:00.821][VERB] RETURN: {"result":"$9960"}
[0m[0;32m[2026-09-16 14:19:00.821][VERB] COMMANDCALL: _C.SafeAPI.Execute(["v1.sketch.dimension",[{"type":"VERTICAL_DISTANCE","value":"@expr.d651_position_y","name":"position_y","id":9916,"geomIds":[9954,9923]}]])
[0m[0;32m[2026-09-16 14:19:00.827][VERB] RETURN: {"result":"$9964"}
[0m[0;32m[2026-09-16 14:19:00.827][VERB] COMMANDCALL: _C.SafeAPI.Execute(["v1.sketch.dimension",[{"type":"OFFSET","value":"@expr.d652_width","name":"width","id":9916,"geomIds":[9922]}]])
[0m[0;32m[2026-09-16 14:19:00.835][VERB] RETURN: {"result":"$9968"}
[0m[0;32m[2026-09-16 14:19:00.835][VERB] COMMANDCALL: _C.SafeAPI.Execute(["v1.sketch.dimension",[{"type":"OFFSET","value":"@expr.d653_depth","name":"depth","id":9916,"geomIds":[9926]}]])
[0m[0;32m[2026-09-16 14:19:00.843][VERB] RETURN: {"result":"$9972"}
[0m[0;32m[2026-09-16 14:19:00.843][VERB] COMMANDCALL: _C.SafeAPI.Execute(["v1.part.extrusion",[{"references":[9922,9926,9932,9938],"name":"F648_makeBox_cad_primitives_py_8","taperAngle":0,"limit2":"@expr.d654_height","id":4}]])
[0m[0;32m[2026-09-16 14:19:00.850][VERB] RETURN: {"result":"$9976"}
[0m[0;32m[2026-09-16 14:19:00.850][VERB] COMMANDCALL: _C.SafeAPI.Execute(["v1.part.workPlane",[{"type":"PLANE","references":[38],"name":"F655_makeBox_cad_primitives_py_8_plane","offset":"@expr.d656_plane_offset","id":4}]])
[0m[0;32m[2026-09-16 14:19:00.855][VERB] RETURN: {"result":"$10019"}
[0m[0;32m[2026-09-16 14:19:00.855][VERB] COMMANDCALL: _C.SafeAPI.Execute(["v1.sketch.create",[{"planeId":10019,"name":"F655_makeBox_cad_primitives_py_8_profile","id":4}]])
[0m[0;32m[2026-09-16 14:19:00.857][VERB] RETURN: {"result":"$10025"}
[0m[0;32m[2026-09-16 14:19:00.857][VERB] COMMANDCALL: _C.SafeAPI.Execute(["v1.sketch.rectangle",[{"startPos":[3,0.65,0],"id":10025,"genFixation":0,"endPos":[23,2.25,0]}]])
[0m[0;32m[2026-09-16 14:19:00.864][VERB] RETURN: {"result":["$10031","$10035","$10041","$10047"]}
[0m[0;32m[2026-09-16 14:19:00.864][VERB] COMMANDCALL: _C.SafeAPI.Execute(["v1.sketch.getPoints",[{"id":10031}]])
[0m[0;32m[2026-09-16 14:19:00.864][VERB] RETURN: {"result":{"endId":"$10033","startId":"$10032"}}
[0m[0;32m[2026-09-16 14:19:00.864][VERB] COMMANDCALL: _C.SafeAPI.Execute(["v1.sketch.point",[{"pos":[-1000,-1000,0],"id":10025}]])
[0m[0;32m[2026-09-16 14:19:00.866][VERB] RETURN: {"result":"$10063"}
[0m[0;32m[2026-09-16 14:19:00.867][VERB] COMMANDCALL: _C.SafeAPI.Execute(["v1.sketch.constraint",[{"type":"FIXATION","id":10025,"geomIds":[10063]}]])
[0m[0;32m[2026-09-16 14:19:00.868][VERB] RETURN: {"result":"$10065"}
[0m[0;32m[2026-09-16 14:19:00.868][VERB] COMMANDCALL: _C.SafeAPI.Execute(["v1.sketch.dimension",[{"type":"HORIZONTAL_DISTANCE","value":"@expr.d657_position_x","name":"position_x","id":10025,"geomIds":[10063,10032]}]])
[0m[0;32m[2026-09-16 14:19:00.874][VERB] RETURN: {"result":"$10069"}
[0m[0;32m[2026-09-16 14:19:00.874][VERB] COMMANDCALL: _C.SafeAPI.Execute(["v1.sketch.dimension",[{"type":"VERTICAL_DISTANCE","value":"@expr.d658_position_y","name":"position_y","id":10025,"geomIds":[10063,10032]}]])
[0m[0;32m[2026-09-16 14:19:00.881][VERB] RETURN: {"result":"$10073"}
[0m[0;32m[2026-09-16 14:19:00.881][VERB] COMMANDCALL: _C.SafeAPI.Execute(["v1.sketch.dimension",[{"type":"OFFSET","value":"@expr.d659_width","name":"width","id":10025,"geomIds":[10031]}]])
[0m[0;32m[2026-09-16 14:19:00.888][VERB] RETURN: {"result":"$10077"}
[0m[0;32m[2026-09-16 14:19:00.888][VERB] COMMANDCALL: _C.SafeAPI.Execute(["v1.sketch.dimension",[{"type":"OFFSET","value":"@expr.d660_depth","name":"depth","id":10025,"geomIds":[10035]}]])
[0m[0;32m[2026-09-16 14:19:00.897][VERB] RETURN: {"result":"$10081"}
[0m[0;32m[2026-09-16 14:19:00.897][VERB] COMMANDCALL: _C.SafeAPI.Execute(["v1.part.extrusion",[{"references":[10031,10035,10041,10047],"name":"F655_makeBox_cad_primitives_py_8","taperAngle":0,"limit2":"@expr.d661_height","id":4}]])
[0m[0;32m[2026-09-16 14:19:00.903][VERB] RETURN: {"result":"$10085"}
[0m[0;32m[2026-09-16 14:19:00.904][VERB] COMMANDCALL: _C.SafeAPI.Execute(["v1.part.workPlane",[{"type":"PLANE","references":[38],"name":"F662_makeBox_cad_primitives_py_8_plane","offset":"@expr.d663_plane_offset","id":4}]])
[0m[0;32m[2026-09-16 14:19:00.908][VERB] RETURN: {"result":"$10128"}
[0m[0;32m[2026-09-16 14:19:00.909][VERB] COMMANDCALL: _C.SafeAPI.Execute(["v1.sketch.create",[{"planeId":10128,"name":"F662_makeBox_cad_primitives_py_8_profile","id":4}]])
[0m[0;32m[2026-09-16 14:19:00.911][VERB] RETURN: {"result":"$10134"}
[0m[0;32m[2026-09-16 14:19:00.911][VERB] COMMANDCALL: _C.SafeAPI.Execute(["v1.sketch.rectangle",[{"startPos":[3,22.8,0],"id":10134,"genFixation":0,"endPos":[23,24,0]}]])
[0m[0;32m[2026-09-16 14:19:00.918][VERB] RETURN: {"result":["$10140","$10144","$10150","$10156"]}
[0m[0;32m[2026-09-16 14:19:00.918][VERB] COMMANDCALL: _C.SafeAPI.Execute(["v1.sketch.getPoints",[{"id":10140}]])
[0m[0;32m[2026-09-16 14:19:00.918][VERB] RETURN: {"result":{"endId":"$10142","startId":"$10141"}}
[0m[0;32m[2026-09-16 14:19:00.918][VERB] COMMANDCALL: _C.SafeAPI.Execute(["v1.sketch.point",[{"pos":[-1000,-1000,0],"id":10134}]])
[0m[0;32m[2026-09-16 14:19:00.920][VERB] RETURN: {"result":"$10172"}
[0m[0;32m[2026-09-16 14:19:00.920][VERB] COMMANDCALL: _C.SafeAPI.Execute(["v1.sketch.constraint",[{"type":"FIXATION","id":10134,"geomIds":[10172]}]])
[0m[0;32m[2026-09-16 14:19:00.922][VERB] RETURN: {"result":"$10174"}
[0m[0;32m[2026-09-16 14:19:00.922][VERB] COMMANDCALL: _C.SafeAPI.Execute(["v1.sketch.dimension",[{"type":"HORIZONTAL_DISTANCE","value":"@expr.d664_position_x","name":"position_x","id":10134,"geomIds":[10172,10141]}]])
[0m[0;32m[2026-09-16 14:19:00.928][VERB] RETURN: {"result":"$10178"}
[0m[0;32m[2026-09-16 14:19:00.928][VERB] COMMANDCALL: _C.SafeAPI.Execute(["v1.sketch.dimension",[{"type":"VERTICAL_DISTANCE","value":"@expr.d665_position_y","name":"position_y","id":10134,"geomIds":[10172,10141]}]])
[0m[0;32m[2026-09-16 14:19:00.934][VERB] RETURN: {"result":"$10182"}
[0m[0;32m[2026-09-16 14:19:00.934][VERB] COMMANDCALL: _C.SafeAPI.Execute(["v1.sketch.dimension",[{"type":"OFFSET","value":"@expr.d666_width","name":"width","id":10134,"geomIds":[10140]}]])
[0m[0;32m[2026-09-16 14:19:00.942][VERB] RETURN: {"result":"$10186"}
[0m[0;32m[2026-09-16 14:19:00.942][VERB] COMMANDCALL: _C.SafeAPI.Execute(["v1.sketch.dimension",[{"type":"OFFSET","value":"@expr.d667_depth","name":"depth","id":10134,"geomIds":[10144]}]])
[0m[0;32m[2026-09-16 14:19:00.950][VERB] RETURN: {"result":"$10190"}
[0m[0;32m[2026-09-16 14:19:00.950][VERB] COMMANDCALL: _C.SafeAPI.Execute(["v1.part.extrusion",[{"references":[10140,10144,10150,10156],"name":"F662_makeBox_cad_primitives_py_8","taperAngle":0,"limit2":"@expr.d668_height","id":4}]])
[0m[0;32m[2026-09-16 14:19:00.957][VERB] RETURN: {"result":"$10194"}
[0m[0;32m[2026-09-16 14:19:00.957][VERB] COMMANDCALL: _C.SafeAPI.Execute(["v1.part.workPlane",[{"type":"PLANE","references":[38],"name":"F669_makeBox_cad_primitives_py_8_plane","offset":"@expr.d670_plane_offset","id":4}]])
[0m[0;32m[2026-09-16 14:19:00.962][VERB] RETURN: {"result":"$10237"}
[0m[0;32m[2026-09-16 14:19:00.962][VERB] COMMANDCALL: _C.SafeAPI.Execute(["v1.sketch.create",[{"planeId":10237,"name":"F669_makeBox_cad_primitives_py_8_profile","id":4}]])
[0m[0;32m[2026-09-16 14:19:00.964][VERB] RETURN: {"result":"$10243"}
[0m[0;32m[2026-09-16 14:19:00.964][VERB] COMMANDCALL: _C.SafeAPI.Execute(["v1.sketch.rectangle",[{"startPos":[22.5,2.3,0],"id":10243,"genFixation":0,"endPos":[28.1,5.3,0]}]])
[0m[0;32m[2026-09-16 14:19:00.971][VERB] RETURN: {"result":["$10249","$10253","$10259","$10265"]}
[0m[0;32m[2026-09-16 14:19:00.971][VERB] COMMANDCALL: _C.SafeAPI.Execute(["v1.sketch.getPoints",[{"id":10249}]])
[0m[0;32m[2026-09-16 14:19:00.971][VERB] RETURN: {"result":{"endId":"$10251","startId":"$10250"}}
[0m[0;32m[2026-09-16 14:19:00.971][VERB] COMMANDCALL: _C.SafeAPI.Execute(["v1.sketch.point",[{"pos":[-1000,-1000,0],"id":10243}]])
[0m[0;32m[2026-09-16 14:19:00.973][VERB] RETURN: {"result":"$10281"}
[0m[0;32m[2026-09-16 14:19:00.973][VERB] COMMANDCALL: _C.SafeAPI.Execute(["v1.sketch.constraint",[{"type":"FIXATION","id":10243,"geomIds":[10281]}]])
[0m[0;32m[2026-09-16 14:19:00.975][VERB] RETURN: {"result":"$10283"}
[0m[0;32m[2026-09-16 14:19:00.975][VERB] COMMANDCALL: _C.SafeAPI.Execute(["v1.sketch.dimension",[{"type":"HORIZONTAL_DISTANCE","value":"@expr.d671_position_x","name":"position_x","id":10243,"geomIds":[10281,10250]}]])
[0m[0;32m[2026-09-16 14:19:00.982][VERB] RETURN: {"result":"$10287"}
[0m[0;32m[2026-09-16 14:19:00.982][VERB] COMMANDCALL: _C.SafeAPI.Execute(["v1.sketch.dimension",[{"type":"VERTICAL_DISTANCE","value":"@expr.d672_position_y","name":"position_y","id":10243,"geomIds":[10281,10250]}]])
[0m[0;32m[2026-09-16 14:19:00.988][VERB] RETURN: {"result":"$10291"}
[0m[0;32m[2026-09-16 14:19:00.989][VERB] COMMANDCALL: _C.SafeAPI.Execute(["v1.sketch.dimension",[{"type":"OFFSET","value":"@expr.d673_width","name":"width","id":10243,"geomIds":[10249]}]])
[0m[0;32m[2026-09-16 14:19:00.996][VERB] RETURN: {"result":"$10295"}
[0m[0;32m[2026-09-16 14:19:00.996][VERB] COMMANDCALL: _C.SafeAPI.Execute(["v1.sketch.dimension",[{"type":"OFFSET","value":"@expr.d674_depth","name":"depth","id":10243,"geomIds":[10253]}]])
[0m[0;32m[2026-09-16 14:19:01.004][VERB] RETURN: {"result":"$10299"}
[0m[0;32m[2026-09-16 14:19:01.005][VERB] COMMANDCALL: _C.SafeAPI.Execute(["v1.part.extrusion",[{"references":[10249,10253,10259,10265],"name":"F669_makeBox_cad_primitives_py_8","taperAngle":0,"limit2":"@expr.d675_height","id":4}]])
[0m[0;32m[2026-09-16 14:19:01.011][VERB] RETURN: {"result":"$10303"}
[0m[0;32m[2026-09-16 14:19:01.011][VERB] COMMANDCALL: _C.SafeAPI.Execute(["v1.part.workPlane",[{"type":"PLANE","references":[38],"name":"F676_makeBox_cad_primitives_py_8_plane","offset":"@expr.d677_plane_offset","id":4}]])
[0m[0;32m[2026-09-16 14:19:01.016][VERB] RETURN: {"result":"$10346"}
[0m[0;32m[2026-09-16 14:19:01.016][VERB] COMMANDCALL: _C.SafeAPI.Execute(["v1.sketch.create",[{"planeId":10346,"name":"F676_makeBox_cad_primitives_py_8_profile","id":4}]])
[0m[0;32m[2026-09-16 14:19:01.018][VERB] RETURN: {"result":"$10352"}
[0m[0;32m[2026-09-16 14:19:01.018][VERB] COMMANDCALL: _C.SafeAPI.Execute(["v1.sketch.rectangle",[{"startPos":[22.5,20,0],"id":10352,"genFixation":0,"endPos":[28.1,23,0]}]])
[0m[0;32m[2026-09-16 14:19:01.025][VERB] RETURN: {"result":["$10358","$10362","$10368","$10374"]}
[0m[0;32m[2026-09-16 14:19:01.025][VERB] COMMANDCALL: _C.SafeAPI.Execute(["v1.sketch.getPoints",[{"id":10358}]])
[0m[0;32m[2026-09-16 14:19:01.025][VERB] RETURN: {"result":{"endId":"$10360","startId":"$10359"}}
[0m[0;32m[2026-09-16 14:19:01.025][VERB] COMMANDCALL: _C.SafeAPI.Execute(["v1.sketch.point",[{"pos":[-1000,-1000,0],"id":10352}]])
[0m[0;32m[2026-09-16 14:19:01.027][VERB] RETURN: {"result":"$10390"}
[0m[0;32m[2026-09-16 14:19:01.027][VERB] COMMANDCALL: _C.SafeAPI.Execute(["v1.sketch.constraint",[{"type":"FIXATION","id":10352,"geomIds":[10390]}]])
[0m[0;32m[2026-09-16 14:19:01.029][VERB] RETURN: {"result":"$10392"}
[0m[0;32m[2026-09-16 14:19:01.029][VERB] COMMANDCALL: _C.SafeAPI.Execute(["v1.sketch.dimension",[{"type":"HORIZONTAL_DISTANCE","value":"@expr.d678_position_x","name":"position_x","id":10352,"geomIds":[10390,10359]}]])
[0m[0;32m[2026-09-16 14:19:01.035][VERB] RETURN: {"result":"$10396"}
[0m[0;32m[2026-09-16 14:19:01.035][VERB] COMMANDCALL: _C.SafeAPI.Execute(["v1.sketch.dimension",[{"type":"VERTICAL_DISTANCE","value":"@expr.d679_position_y","name":"position_y","id":10352,"geomIds":[10390,10359]}]])
[0m[0;32m[2026-09-16 14:19:01.041][VERB] RETURN: {"result":"$10400"}
[0m[0;32m[2026-09-16 14:19:01.041][VERB] COMMANDCALL: _C.SafeAPI.Execute(["v1.sketch.dimension",[{"type":"OFFSET","value":"@expr.d680_width","name":"width","id":10352,"geomIds":[10358]}]])
[0m[0;32m[2026-09-16 14:19:01.049][VERB] RETURN: {"result":"$10404"}
[0m[0;32m[2026-09-16 14:19:01.049][VERB] COMMANDCALL: _C.SafeAPI.Execute(["v1.sketch.dimension",[{"type":"OFFSET","value":"@expr.d681_depth","name":"depth","id":10352,"geomIds":[10362]}]])
[0m[0;32m[2026-09-16 14:19:01.057][VERB] RETURN: {"result":"$10408"}
[0m[0;32m[2026-09-16 14:19:01.057][VERB] COMMANDCALL: _C.SafeAPI.Execute(["v1.part.extrusion",[{"references":[10358,10362,10368,10374],"name":"F676_makeBox_cad_primitives_py_8","taperAngle":0,"limit2":"@expr.d682_height","id":4}]])
[0m[0;32m[2026-09-16 14:19:01.064][VERB] RETURN: {"result":"$10412"}
[0m[0;32m[2026-09-16 14:19:01.064][VERB] COMMANDCALL: _C.SafeAPI.Execute(["v1.part.workPlane",[{"type":"PLANE","references":[38],"name":"F683_makeBox_cad_primitives_py_8_plane","offset":"@expr.d684_plane_offset","id":4}]])
[0m[0;32m[2026-09-16 14:19:01.069][VERB] RETURN: {"result":"$10455"}
[0m[0;32m[2026-09-16 14:19:01.069][VERB] COMMANDCALL: _C.SafeAPI.Execute(["v1.sketch.create",[{"planeId":10455,"name":"F683_makeBox_cad_primitives_py_8_profile","id":4}]])
[0m[0;32m[2026-09-16 14:19:01.071][VERB] RETURN: {"result":"$10461"}
[0m[0;32m[2026-09-16 14:19:01.072][VERB] COMMANDCALL: _C.SafeAPI.Execute(["v1.sketch.rectangle",[{"startPos":[55,2.9,0],"id":10461,"genFixation":0,"endPos":[85,5.9,0]}]])
[0m[0;32m[2026-09-16 14:19:01.078][VERB] RETURN: {"result":["$10467","$10471","$10477","$10483"]}
[0m[0;32m[2026-09-16 14:19:01.079][VERB] COMMANDCALL: _C.SafeAPI.Execute(["v1.sketch.getPoints",[{"id":10467}]])
[0m[0;32m[2026-09-16 14:19:01.079][VERB] RETURN: {"result":{"endId":"$10469","startId":"$10468"}}
[0m[0;32m[2026-09-16 14:19:01.079][VERB] COMMANDCALL: _C.SafeAPI.Execute(["v1.sketch.point",[{"pos":[-1000,-1000,0],"id":10461}]])
[0m[0;32m[2026-09-16 14:19:01.081][VERB] RETURN: {"result":"$10499"}
[0m[0;32m[2026-09-16 14:19:01.081][VERB] COMMANDCALL: _C.SafeAPI.Execute(["v1.sketch.constraint",[{"type":"FIXATION","id":10461,"geomIds":[10499]}]])
[0m[0;32m[2026-09-16 14:19:01.082][VERB] RETURN: {"result":"$10501"}
[0m[0;32m[2026-09-16 14:19:01.083][VERB] COMMANDCALL: _C.SafeAPI.Execute(["v1.sketch.dimension",[{"type":"HORIZONTAL_DISTANCE","value":"@expr.d685_position_x","name":"position_x","id":10461,"geomIds":[10499,10468]}]])
[0m[0;32m[2026-09-16 14:19:01.088][VERB] RETURN: {"result":"$10505"}
[0m[0;32m[2026-09-16 14:19:01.089][VERB] COMMANDCALL: _C.SafeAPI.Execute(["v1.sketch.dimension",[{"type":"VERTICAL_DISTANCE","value":"@expr.d686_position_y","name":"position_y","id":10461,"geomIds":[10499,10468]}]])
[0m[0;32m[2026-09-16 14:19:01.095][VERB] RETURN: {"result":"$10509"}
[0m[0;32m[2026-09-16 14:19:01.095][VERB] COMMANDCALL: _C.SafeAPI.Execute(["v1.sketch.dimension",[{"type":"OFFSET","value":"@expr.d687_width","name":"width","id":10461,"geomIds":[10467]}]])
[0m[0;32m[2026-09-16 14:19:01.102][VERB] RETURN: {"result":"$10513"}
[0m[0;32m[2026-09-16 14:19:01.102][VERB] COMMANDCALL: _C.SafeAPI.Execute(["v1.sketch.dimension",[{"type":"OFFSET","value":"@expr.d688_depth","name":"depth","id":10461,"geomIds":[10471]}]])
[0m[0;32m[2026-09-16 14:19:01.111][VERB] RETURN: {"result":"$10517"}
[0m[0;32m[2026-09-16 14:19:01.111][VERB] COMMANDCALL: _C.SafeAPI.Execute(["v1.part.extrusion",[{"references":[10467,10471,10477,10483],"name":"F683_makeBox_cad_primitives_py_8","taperAngle":0,"limit2":"@expr.d689_height","id":4}]])
[0m[0;32m[2026-09-16 14:19:01.118][VERB] RETURN: {"result":"$10521"}
[0m[0;32m[2026-09-16 14:19:01.119][VERB] COMMANDCALL: _C.SafeAPI.Execute(["v1.part.workPlane",[{"type":"PLANE","references":[38],"name":"F690_makeBox_cad_primitives_py_8_plane","offset":"@expr.d691_plane_offset","id":4}]])
[0m[0;32m[2026-09-16 14:19:01.123][VERB] RETURN: {"result":"$10564"}
[0m[0;32m[2026-09-16 14:19:01.123][VERB] COMMANDCALL: _C.SafeAPI.Execute(["v1.sketch.create",[{"planeId":10564,"name":"F690_makeBox_cad_primitives_py_8_profile","id":4}]])
[0m[0;32m[2026-09-16 14:19:01.126][VERB] RETURN: {"result":"$10570"}
[0m[0;32m[2026-09-16 14:19:01.126][VERB] COMMANDCALL: _C.SafeAPI.Execute(["v1.sketch.rectangle",[{"startPos":[55,21.9,0],"id":10570,"genFixation":0,"endPos":[85,24.9,0]}]])
[0m[0;32m[2026-09-16 14:19:01.133][VERB] RETURN: {"result":["$10576","$10580","$10586","$10592"]}
[0m[0;32m[2026-09-16 14:19:01.133][VERB] COMMANDCALL: _C.SafeAPI.Execute(["v1.sketch.getPoints",[{"id":10576}]])
[0m[0;32m[2026-09-16 14:19:01.133][VERB] RETURN: {"result":{"endId":"$10578","startId":"$10577"}}
[0m[0;32m[2026-09-16 14:19:01.133][VERB] COMMANDCALL: _C.SafeAPI.Execute(["v1.sketch.point",[{"pos":[-1000,-1000,0],"id":10570}]])
[0m[0;32m[2026-09-16 14:19:01.135][VERB] RETURN: {"result":"$10608"}
[0m[0;32m[2026-09-16 14:19:01.135][VERB] COMMANDCALL: _C.SafeAPI.Execute(["v1.sketch.constraint",[{"type":"FIXATION","id":10570,"geomIds":[10608]}]])
[0m[0;32m[2026-09-16 14:19:01.137][VERB] RETURN: {"result":"$10610"}
[0m[0;32m[2026-09-16 14:19:01.137][VERB] COMMANDCALL: _C.SafeAPI.Execute(["v1.sketch.dimension",[{"type":"HORIZONTAL_DISTANCE","value":"@expr.d692_position_x","name":"position_x","id":10570,"geomIds":[10608,10577]}]])
[0m[0;32m[2026-09-16 14:19:01.143][VERB] RETURN: {"result":"$10614"}
[0m[0;32m[2026-09-16 14:19:01.143][VERB] COMMANDCALL: _C.SafeAPI.Execute(["v1.sketch.dimension",[{"type":"VERTICAL_DISTANCE","value":"@expr.d693_position_y","name":"position_y","id":10570,"geomIds":[10608,10577]}]])
[0m[0;32m[2026-09-16 14:19:01.149][VERB] RETURN: {"result":"$10618"}
[0m[0;32m[2026-09-16 14:19:01.149][VERB] COMMANDCALL: _C.SafeAPI.Execute(["v1.sketch.dimension",[{"type":"OFFSET","value":"@expr.d694_width","name":"width","id":10570,"geomIds":[10576]}]])
[0m[0;32m[2026-09-16 14:19:01.157][VERB] RETURN: {"result":"$10622"}
[0m[0;32m[2026-09-16 14:19:01.157][VERB] COMMANDCALL: _C.SafeAPI.Execute(["v1.sketch.dimension",[{"type":"OFFSET","value":"@expr.d695_depth","name":"depth","id":10570,"geomIds":[10580]}]])
[0m[0;32m[2026-09-16 14:19:01.165][VERB] RETURN: {"result":"$10626"}
[0m[0;32m[2026-09-16 14:19:01.166][VERB] COMMANDCALL: _C.SafeAPI.Execute(["v1.part.extrusion",[{"references":[10576,10580,10586,10592],"name":"F690_makeBox_cad_primitives_py_8","taperAngle":0,"limit2":"@expr.d696_height","id":4}]])
[0m[0;32m[2026-09-16 14:19:01.172][VERB] RETURN: {"result":"$10630"}
[0m[0;32m[2026-09-16 14:19:01.173][VERB] COMMANDCALL: _C.SafeAPI.Execute(["v1.part.workPlane",[{"type":"PLANE","references":[38],"name":"F697_makeBox_cad_primitives_py_8_plane","offset":"@expr.d698_plane_offset","id":4}]])
[0m[0;32m[2026-09-16 14:19:01.177][VERB] RETURN: {"result":"$10673"}
[0m[0;32m[2026-09-16 14:19:01.178][VERB] COMMANDCALL: _C.SafeAPI.Execute(["v1.sketch.create",[{"planeId":10673,"name":"F697_makeBox_cad_primitives_py_8_profile","id":4}]])
[0m[0;32m[2026-09-16 14:19:01.180][VERB] RETURN: {"result":"$10679"}
[0m[0;32m[2026-09-16 14:19:01.180][VERB] COMMANDCALL: _C.SafeAPI.Execute(["v1.sketch.rectangle",[{"startPos":[54,0.65,0],"id":10679,"genFixation":0,"endPos":[87,2.25,0]}]])
[0m[0;32m[2026-09-16 14:19:01.187][VERB] RETURN: {"result":["$10685","$10689","$10695","$10701"]}
[0m[0;32m[2026-09-16 14:19:01.187][VERB] COMMANDCALL: _C.SafeAPI.Execute(["v1.sketch.getPoints",[{"id":10685}]])
[0m[0;32m[2026-09-16 14:19:01.187][VERB] RETURN: {"result":{"endId":"$10687","startId":"$10686"}}
[0m[0;32m[2026-09-16 14:19:01.187][VERB] COMMANDCALL: _C.SafeAPI.Execute(["v1.sketch.point",[{"pos":[-1000,-1000,0],"id":10679}]])
[0m[0;32m[2026-09-16 14:19:01.189][VERB] RETURN: {"result":"$10717"}
[0m[0;32m[2026-09-16 14:19:01.189][VERB] COMMANDCALL: _C.SafeAPI.Execute(["v1.sketch.constraint",[{"type":"FIXATION","id":10679,"geomIds":[10717]}]])
[0m[0;32m[2026-09-16 14:19:01.191][VERB] RETURN: {"result":"$10719"}
[0m[0;32m[2026-09-16 14:19:01.191][VERB] COMMANDCALL: _C.SafeAPI.Execute(["v1.sketch.dimension",[{"type":"HORIZONTAL_DISTANCE","value":"@expr.d699_position_x","name":"position_x","id":10679,"geomIds":[10717,10686]}]])
[0m[0;32m[2026-09-16 14:19:01.197][VERB] RETURN: {"result":"$10723"}
[0m[0;32m[2026-09-16 14:19:01.197][VERB] COMMANDCALL: _C.SafeAPI.Execute(["v1.sketch.dimension",[{"type":"VERTICAL_DISTANCE","value":"@expr.d700_position_y","name":"position_y","id":10679,"geomIds":[10717,10686]}]])
[0m[0;32m[2026-09-16 14:19:01.204][VERB] RETURN: {"result":"$10727"}
[0m[0;32m[2026-09-16 14:19:01.204][VERB] COMMANDCALL: _C.SafeAPI.Execute(["v1.sketch.dimension",[{"type":"OFFSET","value":"@expr.d701_width","name":"width","id":10679,"geomIds":[10685]}]])
[0m[0;32m[2026-09-16 14:19:01.211][VERB] RETURN: {"result":"$10731"}
[0m[0;32m[2026-09-16 14:19:01.212][VERB] COMMANDCALL: _C.SafeAPI.Execute(["v1.sketch.dimension",[{"type":"OFFSET","value":"@expr.d702_depth","name":"depth","id":10679,"geomIds":[10689]}]])
[0m[0;32m[2026-09-16 14:19:01.220][VERB] RETURN: {"result":"$10735"}
[0m[0;32m[2026-09-16 14:19:01.220][VERB] COMMANDCALL: _C.SafeAPI.Execute(["v1.part.extrusion",[{"references":[10685,10689,10695,10701],"name":"F697_makeBox_cad_primitives_py_8","taperAngle":0,"limit2":"@expr.d703_height","id":4}]])
[0m[0;32m[2026-09-16 14:19:01.227][VERB] RETURN: {"result":"$10739"}
[0m[0;32m[2026-09-16 14:19:01.227][VERB] COMMANDCALL: _C.SafeAPI.Execute(["v1.part.workPlane",[{"type":"PLANE","references":[38],"name":"F704_makeBox_cad_primitives_py_8_plane","offset":"@expr.d705_plane_offset","id":4}]])
[0m[0;32m[2026-09-16 14:19:01.232][VERB] RETURN: {"result":"$10782"}
[0m[0;32m[2026-09-16 14:19:01.232][VERB] COMMANDCALL: _C.SafeAPI.Execute(["v1.sketch.create",[{"planeId":10782,"name":"F704_makeBox_cad_primitives_py_8_profile","id":4}]])
[0m[0;32m[2026-09-16 14:19:01.234][VERB] RETURN: {"result":"$10788"}
[0m[0;32m[2026-09-16 14:19:01.234][VERB] COMMANDCALL: _C.SafeAPI.Execute(["v1.sketch.rectangle",[{"startPos":[54,36.2,0],"id":10788,"genFixation":0,"endPos":[87,37.8,0]}]])
[0m[0;32m[2026-09-16 14:19:01.241][VERB] RETURN: {"result":["$10794","$10798","$10804","$10810"]}
[0m[0;32m[2026-09-16 14:19:01.241][VERB] COMMANDCALL: _C.SafeAPI.Execute(["v1.sketch.getPoints",[{"id":10794}]])
[0m[0;32m[2026-09-16 14:19:01.241][VERB] RETURN: {"result":{"endId":"$10796","startId":"$10795"}}
[0m[0;32m[2026-09-16 14:19:01.241][VERB] COMMANDCALL: _C.SafeAPI.Execute(["v1.sketch.point",[{"pos":[-1000,-1000,0],"id":10788}]])
[0m[0;32m[2026-09-16 14:19:01.243][VERB] RETURN: {"result":"$10826"}
[0m[0;32m[2026-09-16 14:19:01.243][VERB] COMMANDCALL: _C.SafeAPI.Execute(["v1.sketch.constraint",[{"type":"FIXATION","id":10788,"geomIds":[10826]}]])
[0m[0;32m[2026-09-16 14:19:01.245][VERB] RETURN: {"result":"$10828"}
[0m[0;32m[2026-09-16 14:19:01.245][VERB] COMMANDCALL: _C.SafeAPI.Execute(["v1.sketch.dimension",[{"type":"HORIZONTAL_DISTANCE","value":"@expr.d706_position_x","name":"position_x","id":10788,"geomIds":[10826,10795]}]])
[0m[0;32m[2026-09-16 14:19:01.251][VERB] RETURN: {"result":"$10832"}
[0m[0;32m[2026-09-16 14:19:01.251][VERB] COMMANDCALL: _C.SafeAPI.Execute(["v1.sketch.dimension",[{"type":"VERTICAL_DISTANCE","value":"@expr.d707_position_y","name":"position_y","id":10788,"geomIds":[10826,10795]}]])
[0m[0;32m[2026-09-16 14:19:01.257][VERB] RETURN: {"result":"$10836"}
[0m[0;32m[2026-09-16 14:19:01.257][VERB] COMMANDCALL: _C.SafeAPI.Execute(["v1.sketch.dimension",[{"type":"OFFSET","value":"@expr.d708_width","name":"width","id":10788,"geomIds":[10794]}]])
[0m[0;32m[2026-09-16 14:19:01.265][VERB] RETURN: {"result":"$10840"}
[0m[0;32m[2026-09-16 14:19:01.265][VERB] COMMANDCALL: _C.SafeAPI.Execute(["v1.sketch.dimension",[{"type":"OFFSET","value":"@expr.d709_depth","name":"depth","id":10788,"geomIds":[10798]}]])
[0m[0;32m[2026-09-16 14:19:01.273][VERB] RETURN: {"result":"$10844"}
[0m[0;32m[2026-09-16 14:19:01.273][VERB] COMMANDCALL: _C.SafeAPI.Execute(["v1.part.extrusion",[{"references":[10794,10798,10804,10810],"name":"F704_makeBox_cad_primitives_py_8","taperAngle":0,"limit2":"@expr.d710_height","id":4}]])
[0m[0;32m[2026-09-16 14:19:01.280][VERB] RETURN: {"result":"$10848"}
[0m[0;32m[2026-09-16 14:19:01.280][VERB] COMMANDCALL: _C.SafeAPI.Execute(["v1.part.workPlane",[{"type":"PLANE","references":[38],"name":"F711_makeBox_cad_primitives_py_8_plane","offset":"@expr.d712_plane_offset","id":4}]])
[0m[0;32m[2026-09-16 14:19:01.285][VERB] RETURN: {"result":"$10891"}
[0m[0;32m[2026-09-16 14:19:01.285][VERB] COMMANDCALL: _C.SafeAPI.Execute(["v1.sketch.create",[{"planeId":10891,"name":"F711_makeBox_cad_primitives_py_8_profile","id":4}]])
[0m[0;32m[2026-09-16 14:19:01.288][VERB] RETURN: {"result":"$10897"}
[0m[0;32m[2026-09-16 14:19:01.288][VERB] COMMANDCALL: _C.SafeAPI.Execute(["v1.sketch.rectangle",[{"startPos":[52.4,2.3,0],"id":10897,"genFixation":0,"endPos":[53.8,5.1,0]}]])
[0m[0;32m[2026-09-16 14:19:01.294][VERB] RETURN: {"result":["$10903","$10907","$10913","$10919"]}
[0m[0;32m[2026-09-16 14:19:01.295][VERB] COMMANDCALL: _C.SafeAPI.Execute(["v1.sketch.getPoints",[{"id":10903}]])
[0m[0;32m[2026-09-16 14:19:01.295][VERB] RETURN: {"result":{"endId":"$10905","startId":"$10904"}}
[0m[0;32m[2026-09-16 14:19:01.295][VERB] COMMANDCALL: _C.SafeAPI.Execute(["v1.sketch.point",[{"pos":[-1000,-1000,0],"id":10897}]])
[0m[0;32m[2026-09-16 14:19:01.297][VERB] RETURN: {"result":"$10935"}
[0m[0;32m[2026-09-16 14:19:01.297][VERB] COMMANDCALL: _C.SafeAPI.Execute(["v1.sketch.constraint",[{"type":"FIXATION","id":10897,"geomIds":[10935]}]])
[0m[0;32m[2026-09-16 14:19:01.298][VERB] RETURN: {"result":"$10937"}
[0m[0;32m[2026-09-16 14:19:01.299][VERB] COMMANDCALL: _C.SafeAPI.Execute(["v1.sketch.dimension",[{"type":"HORIZONTAL_DISTANCE","value":"@expr.d713_position_x","name":"position_x","id":10897,"geomIds":[10935,10904]}]])
[0m[0;32m[2026-09-16 14:19:01.304][VERB] RETURN: {"result":"$10941"}
[0m[0;32m[2026-09-16 14:19:01.305][VERB] COMMANDCALL: _C.SafeAPI.Execute(["v1.sketch.dimension",[{"type":"VERTICAL_DISTANCE","value":"@expr.d714_position_y","name":"position_y","id":10897,"geomIds":[10935,10904]}]])
[0m[0;32m[2026-09-16 14:19:01.311][VERB] RETURN: {"result":"$10945"}
[0m[0;32m[2026-09-16 14:19:01.311][VERB] COMMANDCALL: _C.SafeAPI.Execute(["v1.sketch.dimension",[{"type":"OFFSET","value":"@expr.d715_width","name":"width","id":10897,"geomIds":[10903]}]])
[0m[0;32m[2026-09-16 14:19:01.318][VERB] RETURN: {"result":"$10949"}
[0m[0;32m[2026-09-16 14:19:01.319][VERB] COMMANDCALL: _C.SafeAPI.Execute(["v1.sketch.dimension",[{"type":"OFFSET","value":"@expr.d716_depth","name":"depth","id":10897,"geomIds":[10907]}]])
[0m[0;32m[2026-09-16 14:19:01.327][VERB] RETURN: {"result":"$10953"}
[0m[0;32m[2026-09-16 14:19:01.328][VERB] COMMANDCALL: _C.SafeAPI.Execute(["v1.part.extrusion",[{"references":[10903,10907,10913,10919],"name":"F711_makeBox_cad_primitives_py_8","taperAngle":0,"limit2":"@expr.d717_height","id":4}]])
[0m[0;32m[2026-09-16 14:19:01.335][VERB] RETURN: {"result":"$10957"}
[0m[0;32m[2026-09-16 14:19:01.336][VERB] COMMANDCALL: _C.SafeAPI.Execute(["v1.part.workPlane",[{"type":"PLANE","references":[38],"name":"F718_makeBox_cad_primitives_py_8_plane","offset":"@expr.d719_plane_offset","id":4}]])
[0m[0;32m[2026-09-16 14:19:01.340][VERB] RETURN: {"result":"$11000"}
[0m[0;32m[2026-09-16 14:19:01.340][VERB] COMMANDCALL: _C.SafeAPI.Execute(["v1.sketch.create",[{"planeId":11000,"name":"F718_makeBox_cad_primitives_py_8_profile","id":4}]])
[0m[0;32m[2026-09-16 14:19:01.343][VERB] RETURN: {"result":"$11006"}
[0m[0;32m[2026-09-16 14:19:01.343][VERB] COMMANDCALL: _C.SafeAPI.Execute(["v1.sketch.rectangle",[{"startPos":[52.7,33.2,0],"id":11006,"genFixation":0,"endPos":[53.9,35.8,0]}]])
[0m[0;32m[2026-09-16 14:19:01.350][VERB] RETURN: {"result":["$11012","$11016","$11022","$11028"]}
[0m[0;32m[2026-09-16 14:19:01.350][VERB] COMMANDCALL: _C.SafeAPI.Execute(["v1.sketch.getPoints",[{"id":11012}]])
[0m[0;32m[2026-09-16 14:19:01.350][VERB] RETURN: {"result":{"endId":"$11014","startId":"$11013"}}
[0m[0;32m[2026-09-16 14:19:01.350][VERB] COMMANDCALL: _C.SafeAPI.Execute(["v1.sketch.point",[{"pos":[-1000,-1000,0],"id":11006}]])
[0m[0;32m[2026-09-16 14:19:01.352][VERB] RETURN: {"result":"$11044"}
[0m[0;32m[2026-09-16 14:19:01.352][VERB] COMMANDCALL: _C.SafeAPI.Execute(["v1.sketch.constraint",[{"type":"FIXATION","id":11006,"geomIds":[11044]}]])
[0m[0;32m[2026-09-16 14:19:01.354][VERB] RETURN: {"result":"$11046"}
[0m[0;32m[2026-09-16 14:19:01.354][VERB] COMMANDCALL: _C.SafeAPI.Execute(["v1.sketch.dimension",[{"type":"HORIZONTAL_DISTANCE","value":"@expr.d720_position_x","name":"position_x","id":11006,"geomIds":[11044,11013]}]])
[0m[0;32m[2026-09-16 14:19:01.360][VERB] RETURN: {"result":"$11050"}
[0m[0;32m[2026-09-16 14:19:01.360][VERB] COMMANDCALL: _C.SafeAPI.Execute(["v1.sketch.dimension",[{"type":"VERTICAL_DISTANCE","value":"@expr.d721_position_y","name":"position_y","id":11006,"geomIds":[11044,11013]}]])
[0m[0;32m[2026-09-16 14:19:01.366][VERB] RETURN: {"result":"$11054"}
[0m[0;32m[2026-09-16 14:19:01.367][VERB] COMMANDCALL: _C.SafeAPI.Execute(["v1.sketch.dimension",[{"type":"OFFSET","value":"@expr.d722_width","name":"width","id":11006,"geomIds":[11012]}]])
[0m[0;32m[2026-09-16 14:19:01.374][VERB] RETURN: {"result":"$11058"}
[0m[0;32m[2026-09-16 14:19:01.374][VERB] COMMANDCALL: _C.SafeAPI.Execute(["v1.sketch.dimension",[{"type":"OFFSET","value":"@expr.d723_depth","name":"depth","id":11006,"geomIds":[11016]}]])
[0m[0;32m[2026-09-16 14:19:01.382][VERB] RETURN: {"result":"$11062"}
[0m[0;32m[2026-09-16 14:19:01.383][VERB] COMMANDCALL: _C.SafeAPI.Execute(["v1.part.extrusion",[{"references":[11012,11016,11022,11028],"name":"F718_makeBox_cad_primitives_py_8","taperAngle":0,"limit2":"@expr.d724_height","id":4}]])
[0m[0;32m[2026-09-16 14:19:01.389][VERB] RETURN: {"result":"$11066"}
[0m[0;32m[2026-09-16 14:19:01.390][VERB] COMMANDCALL: _C.SafeAPI.Execute(["v1.part.workPlane",[{"type":"PLANE","references":[38],"name":"F725_makeBox_cad_primitives_py_8_plane","offset":"@expr.d726_plane_offset","id":4}]])
[0m[0;32m[2026-09-16 14:19:01.394][VERB] RETURN: {"result":"$11109"}
[0m[0;32m[2026-09-16 14:19:01.395][VERB] COMMANDCALL: _C.SafeAPI.Execute(["v1.sketch.create",[{"planeId":11109,"name":"F725_makeBox_cad_primitives_py_8_profile","id":4}]])
[0m[0;32m[2026-09-16 14:19:01.397][VERB] RETURN: {"result":"$11115"}
[0m[0;32m[2026-09-16 14:19:01.397][VERB] COMMANDCALL: _C.SafeAPI.Execute(["v1.sketch.rectangle",[{"startPos":[87.3,3,0],"id":11115,"genFixation":0,"endPos":[88.9,6,0]}]])
[0m[0;32m[2026-09-16 14:19:01.404][VERB] RETURN: {"result":["$11121","$11125","$11131","$11137"]}
[0m[0;32m[2026-09-16 14:19:01.404][VERB] COMMANDCALL: _C.SafeAPI.Execute(["v1.sketch.getPoints",[{"id":11121}]])
[0m[0;32m[2026-09-16 14:19:01.404][VERB] RETURN: {"result":{"endId":"$11123","startId":"$11122"}}
[0m[0;32m[2026-09-16 14:19:01.404][VERB] COMMANDCALL: _C.SafeAPI.Execute(["v1.sketch.point",[{"pos":[-1000,-1000,0],"id":11115}]])
[0m[0;32m[2026-09-16 14:19:01.406][VERB] RETURN: {"result":"$11153"}
[0m[0;32m[2026-09-16 14:19:01.406][VERB] COMMANDCALL: _C.SafeAPI.Execute(["v1.sketch.constraint",[{"type":"FIXATION","id":11115,"geomIds":[11153]}]])
[0m[0;32m[2026-09-16 14:19:01.408][VERB] RETURN: {"result":"$11155"}
[0m[0;32m[2026-09-16 14:19:01.408][VERB] COMMANDCALL: _C.SafeAPI.Execute(["v1.sketch.dimension",[{"type":"HORIZONTAL_DISTANCE","value":"@expr.d727_position_x","name":"position_x","id":11115,"geomIds":[11153,11122]}]])
[0m[0;32m[2026-09-16 14:19:01.414][VERB] RETURN: {"result":"$11159"}
[0m[0;32m[2026-09-16 14:19:01.414][VERB] COMMANDCALL: _C.SafeAPI.Execute(["v1.sketch.dimension",[{"type":"VERTICAL_DISTANCE","value":"@expr.d728_position_y","name":"position_y","id":11115,"geomIds":[11153,11122]}]])
[0m[0;32m[2026-09-16 14:19:01.420][VERB] RETURN: {"result":"$11163"}
[0m[0;32m[2026-09-16 14:19:01.420][VERB] COMMANDCALL: _C.SafeAPI.Execute(["v1.sketch.dimension",[{"type":"OFFSET","value":"@expr.d729_width","name":"width","id":11115,"geomIds":[11121]}]])
[0m[0;32m[2026-09-16 14:19:01.427][VERB] RETURN: {"result":"$11167"}
[0m[0;32m[2026-09-16 14:19:01.428][VERB] COMMANDCALL: _C.SafeAPI.Execute(["v1.sketch.dimension",[{"type":"OFFSET","value":"@expr.d730_depth","name":"depth","id":11115,"geomIds":[11125]}]])
[0m[0;32m[2026-09-16 14:19:01.436][VERB] RETURN: {"result":"$11171"}
[0m[0;32m[2026-09-16 14:19:01.436][VERB] COMMANDCALL: _C.SafeAPI.Execute(["v1.part.extrusion",[{"references":[11121,11125,11131,11137],"name":"F725_makeBox_cad_primitives_py_8","taperAngle":0,"limit2":"@expr.d731_height","id":4}]])
[0m[0;32m[2026-09-16 14:19:01.443][VERB] RETURN: {"result":"$11175"}
[0m[0;32m[2026-09-16 14:19:01.443][VERB] COMMANDCALL: _C.SafeAPI.Execute(["v1.part.workPlane",[{"type":"PLANE","references":[38],"name":"F732_makeBox_cad_primitives_py_8_plane","offset":"@expr.d733_plane_offset","id":4}]])
[0m[0;32m[2026-09-16 14:19:01.448][VERB] RETURN: {"result":"$11218"}
[0m[0;32m[2026-09-16 14:19:01.448][VERB] COMMANDCALL: _C.SafeAPI.Execute(["v1.sketch.create",[{"planeId":11218,"name":"F732_makeBox_cad_primitives_py_8_profile","id":4}]])
[0m[0;32m[2026-09-16 14:19:01.450][VERB] RETURN: {"result":"$11224"}
[0m[0;32m[2026-09-16 14:19:01.451][VERB] COMMANDCALL: _C.SafeAPI.Execute(["v1.sketch.rectangle",[{"startPos":[87.3,21.5,0],"id":11224,"genFixation":0,"endPos":[88.9,24.5,0]}]])
[0m[0;32m[2026-09-16 14:19:01.457][VERB] RETURN: {"result":["$11230","$11234","$11240","$11246"]}
[0m[0;32m[2026-09-16 14:19:01.457][VERB] COMMANDCALL: _C.SafeAPI.Execute(["v1.sketch.getPoints",[{"id":11230}]])
[0m[0;32m[2026-09-16 14:19:01.457][VERB] RETURN: {"result":{"endId":"$11232","startId":"$11231"}}
[0m[0;32m[2026-09-16 14:19:01.458][VERB] COMMANDCALL: _C.SafeAPI.Execute(["v1.sketch.point",[{"pos":[-1000,-1000,0],"id":11224}]])
[0m[0;32m[2026-09-16 14:19:01.460][VERB] RETURN: {"result":"$11262"}
[0m[0;32m[2026-09-16 14:19:01.460][VERB] COMMANDCALL: _C.SafeAPI.Execute(["v1.sketch.constraint",[{"type":"FIXATION","id":11224,"geomIds":[11262]}]])
[0m[0;32m[2026-09-16 14:19:01.461][VERB] RETURN: {"result":"$11264"}
[0m[0;32m[2026-09-16 14:19:01.462][VERB] COMMANDCALL: _C.SafeAPI.Execute(["v1.sketch.dimension",[{"type":"HORIZONTAL_DISTANCE","value":"@expr.d734_position_x","name":"position_x","id":11224,"geomIds":[11262,11231]}]])
[0m[0;32m[2026-09-16 14:19:01.467][VERB] RETURN: {"result":"$11268"}
[0m[0;32m[2026-09-16 14:19:01.467][VERB] COMMANDCALL: _C.SafeAPI.Execute(["v1.sketch.dimension",[{"type":"VERTICAL_DISTANCE","value":"@expr.d735_position_y","name":"position_y","id":11224,"geomIds":[11262,11231]}]])
[0m[0;32m[2026-09-16 14:19:01.474][VERB] RETURN: {"result":"$11272"}
[0m[0;32m[2026-09-16 14:19:01.474][VERB] COMMANDCALL: _C.SafeAPI.Execute(["v1.sketch.dimension",[{"type":"OFFSET","value":"@expr.d736_width","name":"width","id":11224,"geomIds":[11230]}]])
[0m[0;32m[2026-09-16 14:19:01.481][VERB] RETURN: {"result":"$11276"}
[0m[0;32m[2026-09-16 14:19:01.481][VERB] COMMANDCALL: _C.SafeAPI.Execute(["v1.sketch.dimension",[{"type":"OFFSET","value":"@expr.d737_depth","name":"depth","id":11224,"geomIds":[11234]}]])
[0m[0;32m[2026-09-16 14:19:01.489][VERB] RETURN: {"result":"$11280"}
[0m[0;32m[2026-09-16 14:19:01.490][VERB] COMMANDCALL: _C.SafeAPI.Execute(["v1.part.extrusion",[{"references":[11230,11234,11240,11246],"name":"F732_makeBox_cad_primitives_py_8","taperAngle":0,"limit2":"@expr.d738_height","id":4}]])
[0m[0;32m[2026-09-16 14:19:01.496][VERB] RETURN: {"result":"$11284"}
[0m[0;32m[2026-09-16 14:19:01.497][VERB] COMMANDCALL: _C.SafeAPI.Execute(["v1.part.workPlane",[{"type":"PLANE","references":[38],"name":"F739_makeBox_cad_primitives_py_8_plane","offset":"@expr.d740_plane_offset","id":4}]])
[0m[0;32m[2026-09-16 14:19:01.502][VERB] RETURN: {"result":"$11327"}
[0m[0;32m[2026-09-16 14:19:01.502][VERB] COMMANDCALL: _C.SafeAPI.Execute(["v1.sketch.create",[{"planeId":11327,"name":"F739_makeBox_cad_primitives_py_8_profile","id":4}]])
[0m[0;32m[2026-09-16 14:19:01.504][VERB] RETURN: {"result":"$11333"}
[0m[0;32m[2026-09-16 14:19:01.504][VERB] COMMANDCALL: _C.SafeAPI.Execute(["v1.sketch.rectangle",[{"startPos":[2.5,24.1,0],"id":11333,"genFixation":0,"endPos":[52.5,25.5,0]}]])
[0m[0;32m[2026-09-16 14:19:01.511][VERB] RETURN: {"result":["$11339","$11343","$11349","$11355"]}
[0m[0;32m[2026-09-16 14:19:01.511][VERB] COMMANDCALL: _C.SafeAPI.Execute(["v1.sketch.getPoints",[{"id":11339}]])
[0m[0;32m[2026-09-16 14:19:01.511][VERB] RETURN: {"result":{"endId":"$11341","startId":"$11340"}}
[0m[0;32m[2026-09-16 14:19:01.511][VERB] COMMANDCALL: _C.SafeAPI.Execute(["v1.sketch.point",[{"pos":[-1000,-1000,0],"id":11333}]])
[0m[0;32m[2026-09-16 14:19:01.513][VERB] RETURN: {"result":"$11371"}
[0m[0;32m[2026-09-16 14:19:01.513][VERB] COMMANDCALL: _C.SafeAPI.Execute(["v1.sketch.constraint",[{"type":"FIXATION","id":11333,"geomIds":[11371]}]])
[0m[0;32m[2026-09-16 14:19:01.515][VERB] RETURN: {"result":"$11373"}
[0m[0;32m[2026-09-16 14:19:01.515][VERB] COMMANDCALL: _C.SafeAPI.Execute(["v1.sketch.dimension",[{"type":"HORIZONTAL_DISTANCE","value":"@expr.d741_position_x","name":"position_x","id":11333,"geomIds":[11371,11340]}]])
[0m[0;32m[2026-09-16 14:19:01.521][VERB] RETURN: {"result":"$11377"}
[0m[0;32m[2026-09-16 14:19:01.521][VERB] COMMANDCALL: _C.SafeAPI.Execute(["v1.sketch.dimension",[{"type":"VERTICAL_DISTANCE","value":"@expr.d742_position_y","name":"position_y","id":11333,"geomIds":[11371,11340]}]])
[0m[0;32m[2026-09-16 14:19:01.527][VERB] RETURN: {"result":"$11381"}
[0m[0;32m[2026-09-16 14:19:01.527][VERB] COMMANDCALL: _C.SafeAPI.Execute(["v1.sketch.dimension",[{"type":"OFFSET","value":"@expr.d743_width","name":"width","id":11333,"geomIds":[11339]}]])
[0m[0;32m[2026-09-16 14:19:01.535][VERB] RETURN: {"result":"$11385"}
[0m[0;32m[2026-09-16 14:19:01.535][VERB] COMMANDCALL: _C.SafeAPI.Execute(["v1.sketch.dimension",[{"type":"OFFSET","value":"@expr.d744_depth","name":"depth","id":11333,"geomIds":[11343]}]])
[0m[0;32m[2026-09-16 14:19:01.543][VERB] RETURN: {"result":"$11389"}
[0m[0;32m[2026-09-16 14:19:01.543][VERB] COMMANDCALL: _C.SafeAPI.Execute(["v1.part.extrusion",[{"references":[11339,11343,11349,11355],"name":"F739_makeBox_cad_primitives_py_8","taperAngle":0,"limit2":"@expr.d745_height","id":4}]])
[0m[0;32m[2026-09-16 14:19:01.550][VERB] RETURN: {"result":"$11393"}
[0m[0;32m[2026-09-16 14:19:01.550][VERB] COMMANDCALL: _C.SafeAPI.Execute(["v1.part.workPlane",[{"type":"PLANE","references":[38],"name":"F746_makeBox_cad_primitives_py_8_plane","offset":"@expr.d747_plane_offset","id":4}]])
[0m[0;32m[2026-09-16 14:19:01.555][VERB] RETURN: {"result":"$11436"}
[0m[0;32m[2026-09-16 14:19:01.555][VERB] COMMANDCALL: _C.SafeAPI.Execute(["v1.sketch.create",[{"planeId":11436,"name":"F746_makeBox_cad_primitives_py_8_profile","id":4}]])
[0m[0;32m[2026-09-16 14:19:01.557][VERB] RETURN: {"result":"$11442"}
[0m[0;32m[2026-09-16 14:19:01.557][VERB] COMMANDCALL: _C.SafeAPI.Execute(["v1.sketch.rectangle",[{"startPos":[2.5,60.5,0],"id":11442,"genFixation":0,"endPos":[51.5,62.1,0]}]])
[0m[0;32m[2026-09-16 14:19:01.564][VERB] RETURN: {"result":["$11448","$11452","$11458","$11464"]}
[0m[0;32m[2026-09-16 14:19:01.564][VERB] COMMANDCALL: _C.SafeAPI.Execute(["v1.sketch.getPoints",[{"id":11448}]])
[0m[0;32m[2026-09-16 14:19:01.564][VERB] RETURN: {"result":{"endId":"$11450","startId":"$11449"}}
[0m[0;32m[2026-09-16 14:19:01.565][VERB] COMMANDCALL: _C.SafeAPI.Execute(["v1.sketch.point",[{"pos":[-1000,-1000,0],"id":11442}]])
[0m[0;32m[2026-09-16 14:19:01.566][VERB] RETURN: {"result":"$11480"}
[0m[0;32m[2026-09-16 14:19:01.567][VERB] COMMANDCALL: _C.SafeAPI.Execute(["v1.sketch.constraint",[{"type":"FIXATION","id":11442,"geomIds":[11480]}]])
[0m[0;32m[2026-09-16 14:19:01.568][VERB] RETURN: {"result":"$11482"}
[0m[0;32m[2026-09-16 14:19:01.568][VERB] COMMANDCALL: _C.SafeAPI.Execute(["v1.sketch.dimension",[{"type":"HORIZONTAL_DISTANCE","value":"@expr.d748_position_x","name":"position_x","id":11442,"geomIds":[11480,11449]}]])
[0m[0;32m[2026-09-16 14:19:01.574][VERB] RETURN: {"result":"$11486"}
[0m[0;32m[2026-09-16 14:19:01.574][VERB] COMMANDCALL: _C.SafeAPI.Execute(["v1.sketch.dimension",[{"type":"VERTICAL_DISTANCE","value":"@expr.d749_position_y","name":"position_y","id":11442,"geomIds":[11480,11449]}]])
[0m[0;32m[2026-09-16 14:19:01.581][VERB] RETURN: {"result":"$11490"}
[0m[0;32m[2026-09-16 14:19:01.581][VERB] COMMANDCALL: _C.SafeAPI.Execute(["v1.sketch.dimension",[{"type":"OFFSET","value":"@expr.d750_width","name":"width","id":11442,"geomIds":[11448]}]])
[0m[0;32m[2026-09-16 14:19:01.588][VERB] RETURN: {"result":"$11494"}
[0m[0;32m[2026-09-16 14:19:01.588][VERB] COMMANDCALL: _C.SafeAPI.Execute(["v1.sketch.dimension",[{"type":"OFFSET","value":"@expr.d751_depth","name":"depth","id":11442,"geomIds":[11452]}]])
[0m[0;32m[2026-09-16 14:19:01.596][VERB] RETURN: {"result":"$11498"}
[0m[0;32m[2026-09-16 14:19:01.596][VERB] COMMANDCALL: _C.SafeAPI.Execute(["v1.part.extrusion",[{"references":[11448,11452,11458,11464],"name":"F746_makeBox_cad_primitives_py_8","taperAngle":0,"limit2":"@expr.d752_height","id":4}]])
[0m[0;32m[2026-09-16 14:19:01.603][VERB] RETURN: {"result":"$11502"}
[0m[0;32m[2026-09-16 14:19:01.603][VERB] COMMANDCALL: _C.SafeAPI.Execute(["v1.part.workPlane",[{"type":"PLANE","references":[38],"name":"F753_makeBox_cad_primitives_py_8_plane","offset":"@expr.d754_plane_offset","id":4}]])
[0m[0;32m[2026-09-16 14:19:01.608][VERB] RETURN: {"result":"$11545"}
[0m[0;32m[2026-09-16 14:19:01.608][VERB] COMMANDCALL: _C.SafeAPI.Execute(["v1.sketch.create",[{"planeId":11545,"name":"F753_makeBox_cad_primitives_py_8_profile","id":4}]])
[0m[0;32m[2026-09-16 14:19:01.611][VERB] RETURN: {"result":"$11551"}
[0m[0;32m[2026-09-16 14:19:01.611][VERB] COMMANDCALL: _C.SafeAPI.Execute(["v1.sketch.rectangle",[{"startPos":[1.55,27,0],"id":11551,"genFixation":0,"endPos":[2,59,0]}]])
[0m[0;32m[2026-09-16 14:19:01.617][VERB] RETURN: {"result":["$11557","$11561","$11567","$11573"]}
[0m[0;32m[2026-09-16 14:19:01.618][VERB] COMMANDCALL: _C.SafeAPI.Execute(["v1.sketch.getPoints",[{"id":11557}]])
[0m[0;32m[2026-09-16 14:19:01.618][VERB] RETURN: {"result":{"endId":"$11559","startId":"$11558"}}
[0m[0;32m[2026-09-16 14:19:01.618][VERB] COMMANDCALL: _C.SafeAPI.Execute(["v1.sketch.point",[{"pos":[-1000,-1000,0],"id":11551}]])
[0m[0;32m[2026-09-16 14:19:01.620][VERB] RETURN: {"result":"$11589"}
[0m[0;32m[2026-09-16 14:19:01.620][VERB] COMMANDCALL: _C.SafeAPI.Execute(["v1.sketch.constraint",[{"type":"FIXATION","id":11551,"geomIds":[11589]}]])
[0m[0;32m[2026-09-16 14:19:01.621][VERB] RETURN: {"result":"$11591"}
[0m[0;32m[2026-09-16 14:19:01.622][VERB] COMMANDCALL: _C.SafeAPI.Execute(["v1.sketch.dimension",[{"type":"HORIZONTAL_DISTANCE","value":"@expr.d755_position_x","name":"position_x","id":11551,"geomIds":[11589,11558]}]])
[0m[0;32m[2026-09-16 14:19:01.628][VERB] RETURN: {"result":"$11595"}
[0m[0;32m[2026-09-16 14:19:01.628][VERB] COMMANDCALL: _C.SafeAPI.Execute(["v1.sketch.dimension",[{"type":"VERTICAL_DISTANCE","value":"@expr.d756_position_y","name":"position_y","id":11551,"geomIds":[11589,11558]}]])
[0m[0;32m[2026-09-16 14:19:01.634][VERB] RETURN: {"result":"$11599"}
[0m[0;32m[2026-09-16 14:19:01.635][VERB] COMMANDCALL: _C.SafeAPI.Execute(["v1.sketch.dimension",[{"type":"OFFSET","value":"@expr.d757_width","name":"width","id":11551,"geomIds":[11557]}]])
[0m[0;32m[2026-09-16 14:19:01.642][VERB] RETURN: {"result":"$11603"}
[0m[0;32m[2026-09-16 14:19:01.642][VERB] COMMANDCALL: _C.SafeAPI.Execute(["v1.sketch.dimension",[{"type":"OFFSET","value":"@expr.d758_depth","name":"depth","id":11551,"geomIds":[11561]}]])
[0m[0;32m[2026-09-16 14:19:01.650][VERB] RETURN: {"result":"$11607"}
[0m[0;32m[2026-09-16 14:19:01.651][VERB] COMMANDCALL: _C.SafeAPI.Execute(["v1.part.extrusion",[{"references":[11557,11561,11567,11573],"name":"F753_makeBox_cad_primitives_py_8","taperAngle":0,"limit2":"@expr.d759_height","id":4}]])
[0m[0;32m[2026-09-16 14:19:01.657][VERB] RETURN: {"result":"$11611"}
[0m[0;32m[2026-09-16 14:19:01.657][VERB] COMMANDCALL: _C.SafeAPI.Execute(["v1.part.workPlane",[{"type":"PLANE","references":[38],"name":"F760_makeBox_cad_primitives_py_8_plane","offset":"@expr.d761_plane_offset","id":4}]])
[0m[0;32m[2026-09-16 14:19:01.662][VERB] RETURN: {"result":"$11654"}
[0m[0;32m[2026-09-16 14:19:01.662][VERB] COMMANDCALL: _C.SafeAPI.Execute(["v1.sketch.create",[{"planeId":11654,"name":"F760_makeBox_cad_primitives_py_8_profile","id":4}]])
[0m[0;32m[2026-09-16 14:19:01.665][VERB] RETURN: {"result":"$11660"}
[0m[0;32m[2026-09-16 14:19:01.665][VERB] COMMANDCALL: _C.SafeAPI.Execute(["v1.sketch.rectangle",[{"startPos":[52.7,27,0],"id":11660,"genFixation":0,"endPos":[54.3,38,0]}]])
[0m[0;32m[2026-09-16 14:19:01.672][VERB] RETURN: {"result":["$11666","$11670","$11676","$11682"]}
[0m[0;32m[2026-09-16 14:19:01.672][VERB] COMMANDCALL: _C.SafeAPI.Execute(["v1.sketch.getPoints",[{"id":11666}]])
[0m[0;32m[2026-09-16 14:19:01.672][VERB] RETURN: {"result":{"endId":"$11668","startId":"$11667"}}
[0m[0;32m[2026-09-16 14:19:01.672][VERB] COMMANDCALL: _C.SafeAPI.Execute(["v1.sketch.point",[{"pos":[-1000,-1000,0],"id":11660}]])
[0m[0;32m[2026-09-16 14:19:01.674][VERB] RETURN: {"result":"$11698"}
[0m[0;32m[2026-09-16 14:19:01.674][VERB] COMMANDCALL: _C.SafeAPI.Execute(["v1.sketch.constraint",[{"type":"FIXATION","id":11660,"geomIds":[11698]}]])
[0m[0;32m[2026-09-16 14:19:01.676][VERB] RETURN: {"result":"$11700"}
[0m[0;32m[2026-09-16 14:19:01.676][VERB] COMMANDCALL: _C.SafeAPI.Execute(["v1.sketch.dimension",[{"type":"HORIZONTAL_DISTANCE","value":"@expr.d762_position_x","name":"position_x","id":11660,"geomIds":[11698,11667]}]])
[0m[0;32m[2026-09-16 14:19:01.682][VERB] RETURN: {"result":"$11704"}
[0m[0;32m[2026-09-16 14:19:01.682][VERB] COMMANDCALL: _C.SafeAPI.Execute(["v1.sketch.dimension",[{"type":"VERTICAL_DISTANCE","value":"@expr.d763_position_y","name":"position_y","id":11660,"geomIds":[11698,11667]}]])
[0m[0;32m[2026-09-16 14:19:01.688][VERB] RETURN: {"result":"$11708"}
[0m[0;32m[2026-09-16 14:19:01.689][VERB] COMMANDCALL: _C.SafeAPI.Execute(["v1.sketch.dimension",[{"type":"OFFSET","value":"@expr.d764_width","name":"width","id":11660,"geomIds":[11666]}]])
[0m[0;32m[2026-09-16 14:19:01.696][VERB] RETURN: {"result":"$11712"}
[0m[0;32m[2026-09-16 14:19:01.696][VERB] COMMANDCALL: _C.SafeAPI.Execute(["v1.sketch.dimension",[{"type":"OFFSET","value":"@expr.d765_depth","name":"depth","id":11660,"geomIds":[11670]}]])
[0m[0;32m[2026-09-16 14:19:01.705][VERB] RETURN: {"result":"$11716"}
[0m[0;32m[2026-09-16 14:19:01.705][VERB] COMMANDCALL: _C.SafeAPI.Execute(["v1.part.extrusion",[{"references":[11666,11670,11676,11682],"name":"F760_makeBox_cad_primitives_py_8","taperAngle":0,"limit2":"@expr.d766_height","id":4}]])
[0m[0;32m[2026-09-16 14:19:01.712][VERB] RETURN: {"result":"$11720"}
[0m[0;32m[2026-09-16 14:19:01.712][VERB] COMMANDCALL: _C.SafeAPI.Execute(["v1.part.workPlane",[{"type":"PLANE","references":[38],"name":"F767_makeBox_cad_primitives_py_8_plane","offset":"@expr.d768_plane_offset","id":4}]])
[0m[0;32m[2026-09-16 14:19:01.717][VERB] RETURN: {"result":"$11763"}
[0m[0;32m[2026-09-16 14:19:01.717][VERB] COMMANDCALL: _C.SafeAPI.Execute(["v1.sketch.create",[{"planeId":11763,"name":"F767_makeBox_cad_primitives_py_8_profile","id":4}]])
[0m[0;32m[2026-09-16 14:19:01.719][VERB] RETURN: {"result":"$11769"}
[0m[0;32m[2026-09-16 14:19:01.720][VERB] COMMANDCALL: _C.SafeAPI.Execute(["v1.sketch.rectangle",[{"startPos":[3,22.7,0],"id":11769,"genFixation":0,"endPos":[26,24.3,0]}]])
[0m[0;32m[2026-09-16 14:19:01.726][VERB] RETURN: {"result":["$11775","$11779","$11785","$11791"]}
[0m[0;32m[2026-09-16 14:19:01.726][VERB] COMMANDCALL: _C.SafeAPI.Execute(["v1.sketch.getPoints",[{"id":11775}]])
[0m[0;32m[2026-09-16 14:19:01.727][VERB] RETURN: {"result":{"endId":"$11777","startId":"$11776"}}
[0m[0;32m[2026-09-16 14:19:01.727][VERB] COMMANDCALL: _C.SafeAPI.Execute(["v1.sketch.point",[{"pos":[-1000,-1000,0],"id":11769}]])
[0m[0;32m[2026-09-16 14:19:01.729][VERB] RETURN: {"result":"$11807"}
[0m[0;32m[2026-09-16 14:19:01.729][VERB] COMMANDCALL: _C.SafeAPI.Execute(["v1.sketch.constraint",[{"type":"FIXATION","id":11769,"geomIds":[11807]}]])
[0m[0;32m[2026-09-16 14:19:01.730][VERB] RETURN: {"result":"$11809"}
[0m[0;32m[2026-09-16 14:19:01.730][VERB] COMMANDCALL: _C.SafeAPI.Execute(["v1.sketch.dimension",[{"type":"HORIZONTAL_DISTANCE","value":"@expr.d769_position_x","name":"position_x","id":11769,"geomIds":[11807,11776]}]])
[0m[0;32m[2026-09-16 14:19:01.736][VERB] RETURN: {"result":"$11813"}
[0m[0;32m[2026-09-16 14:19:01.737][VERB] COMMANDCALL: _C.SafeAPI.Execute(["v1.sketch.dimension",[{"type":"VERTICAL_DISTANCE","value":"@expr.d770_position_y","name":"position_y","id":11769,"geomIds":[11807,11776]}]])
[0m[0;32m[2026-09-16 14:19:01.743][VERB] RETURN: {"result":"$11817"}
[0m[0;32m[2026-09-16 14:19:01.743][VERB] COMMANDCALL: _C.SafeAPI.Execute(["v1.sketch.dimension",[{"type":"OFFSET","value":"@expr.d771_width","name":"width","id":11769,"geomIds":[11775]}]])
[0m[0;32m[2026-09-16 14:19:01.750][VERB] RETURN: {"result":"$11821"}
[0m[0;32m[2026-09-16 14:19:01.751][VERB] COMMANDCALL: _C.SafeAPI.Execute(["v1.sketch.dimension",[{"type":"OFFSET","value":"@expr.d772_depth","name":"depth","id":11769,"geomIds":[11779]}]])
[0m[0;32m[2026-09-16 14:19:01.759][VERB] RETURN: {"result":"$11825"}
[0m[0;32m[2026-09-16 14:19:01.759][VERB] COMMANDCALL: _C.SafeAPI.Execute(["v1.part.extrusion",[{"references":[11775,11779,11785,11791],"name":"F767_makeBox_cad_primitives_py_8","taperAngle":0,"limit2":"@expr.d773_height","id":4}]])
[0m[0;32m[2026-09-16 14:19:01.766][VERB] RETURN: {"result":"$11829"}
[0m[0;32m[2026-09-16 14:19:01.767][VERB] COMMANDCALL: _C.SafeAPI.Execute(["v1.part.workPlane",[{"type":"PLANE","references":[38],"name":"F774_makeBox_cad_primitives_py_8_plane","offset":"@expr.d775_plane_offset","id":4}]])
[0m[0;32m[2026-09-16 14:19:01.771][VERB] RETURN: {"result":"$11872"}
[0m[0;32m[2026-09-16 14:19:01.772][VERB] COMMANDCALL: _C.SafeAPI.Execute(["v1.sketch.create",[{"planeId":11872,"name":"F774_makeBox_cad_primitives_py_8_profile","id":4}]])
[0m[0;32m[2026-09-16 14:19:01.774][VERB] RETURN: {"result":"$11878"}
[0m[0;32m[2026-09-16 14:19:01.774][VERB] COMMANDCALL: _C.SafeAPI.Execute(["v1.sketch.rectangle",[{"startPos":[3,23.7,0],"id":11878,"genFixation":0,"endPos":[26,24.4,0]}]])
[0m[0;32m[2026-09-16 14:19:01.780][VERB] RETURN: {"result":["$11884","$11888","$11894","$11900"]}
[0m[0;32m[2026-09-16 14:19:01.781][VERB] COMMANDCALL: _C.SafeAPI.Execute(["v1.sketch.getPoints",[{"id":11884}]])
[0m[0;32m[2026-09-16 14:19:01.781][VERB] RETURN: {"result":{"endId":"$11886","startId":"$11885"}}
[0m[0;32m[2026-09-16 14:19:01.781][VERB] COMMANDCALL: _C.SafeAPI.Execute(["v1.sketch.point",[{"pos":[-1000,-1000,0],"id":11878}]])
[0m[0;32m[2026-09-16 14:19:01.783][VERB] RETURN: {"result":"$11916"}
[0m[0;32m[2026-09-16 14:19:01.783][VERB] COMMANDCALL: _C.SafeAPI.Execute(["v1.sketch.constraint",[{"type":"FIXATION","id":11878,"geomIds":[11916]}]])
[0m[0;32m[2026-09-16 14:19:01.785][VERB] RETURN: {"result":"$11918"}
[0m[0;32m[2026-09-16 14:19:01.785][VERB] COMMANDCALL: _C.SafeAPI.Execute(["v1.sketch.dimension",[{"type":"HORIZONTAL_DISTANCE","value":"@expr.d776_position_x","name":"position_x","id":11878,"geomIds":[11916,11885]}]])
[0m[0;32m[2026-09-16 14:19:01.791][VERB] RETURN: {"result":"$11922"}
[0m[0;32m[2026-09-16 14:19:01.791][VERB] COMMANDCALL: _C.SafeAPI.Execute(["v1.sketch.dimension",[{"type":"VERTICAL_DISTANCE","value":"@expr.d777_position_y","name":"position_y","id":11878,"geomIds":[11916,11885]}]])
[0m[0;32m[2026-09-16 14:19:01.797][VERB] RETURN: {"result":"$11926"}
[0m[0;32m[2026-09-16 14:19:01.797][VERB] COMMANDCALL: _C.SafeAPI.Execute(["v1.sketch.dimension",[{"type":"OFFSET","value":"@expr.d778_width","name":"width","id":11878,"geomIds":[11884]}]])
[0m[0;32m[2026-09-16 14:19:01.805][VERB] RETURN: {"result":"$11930"}
[0m[0;32m[2026-09-16 14:19:01.805][VERB] COMMANDCALL: _C.SafeAPI.Execute(["v1.sketch.dimension",[{"type":"OFFSET","value":"@expr.d779_depth","name":"depth","id":11878,"geomIds":[11888]}]])
[0m[0;32m[2026-09-16 14:19:01.813][VERB] RETURN: {"result":"$11934"}
[0m[0;32m[2026-09-16 14:19:01.813][VERB] COMMANDCALL: _C.SafeAPI.Execute(["v1.part.extrusion",[{"references":[11884,11888,11894,11900],"name":"F774_makeBox_cad_primitives_py_8","taperAngle":0,"limit2":"@expr.d780_height","id":4}]])
[0m[0;32m[2026-09-16 14:19:01.820][VERB] RETURN: {"result":"$11938"}
[0m[0;32m[2026-09-16 14:19:01.821][VERB] COMMANDCALL: _C.SafeAPI.Execute(["v1.part.workPlane",[{"type":"PLANE","references":[38],"name":"F781_makeBox_cad_primitives_py_8_plane","offset":"@expr.d782_plane_offset","id":4}]])
[0m[0;32m[2026-09-16 14:19:01.825][VERB] RETURN: {"result":"$11981"}
[0m[0;32m[2026-09-16 14:19:01.826][VERB] COMMANDCALL: _C.SafeAPI.Execute(["v1.sketch.create",[{"planeId":11981,"name":"F781_makeBox_cad_primitives_py_8_profile","id":4}]])
[0m[0;32m[2026-09-16 14:19:01.828][VERB] RETURN: {"result":"$11987"}
[0m[0;32m[2026-09-16 14:19:01.828][VERB] COMMANDCALL: _C.SafeAPI.Execute(["v1.sketch.rectangle",[{"startPos":[34,22.7,0],"id":11987,"genFixation":0,"endPos":[48.5,24.3,0]}]])
[0m[0;32m[2026-09-16 14:19:01.835][VERB] RETURN: {"result":["$11993","$11997","$12003","$12009"]}
[0m[0;32m[2026-09-16 14:19:01.835][VERB] COMMANDCALL: _C.SafeAPI.Execute(["v1.sketch.getPoints",[{"id":11993}]])
[0m[0;32m[2026-09-16 14:19:01.835][VERB] RETURN: {"result":{"endId":"$11995","startId":"$11994"}}
[0m[0;32m[2026-09-16 14:19:01.835][VERB] COMMANDCALL: _C.SafeAPI.Execute(["v1.sketch.point",[{"pos":[-1000,-1000,0],"id":11987}]])
[0m[0;32m[2026-09-16 14:19:01.837][VERB] RETURN: {"result":"$12025"}
[0m[0;32m[2026-09-16 14:19:01.837][VERB] COMMANDCALL: _C.SafeAPI.Execute(["v1.sketch.constraint",[{"type":"FIXATION","id":11987,"geomIds":[12025]}]])
[0m[0;32m[2026-09-16 14:19:01.839][VERB] RETURN: {"result":"$12027"}
[0m[0;32m[2026-09-16 14:19:01.839][VERB] COMMANDCALL: _C.SafeAPI.Execute(["v1.sketch.dimension",[{"type":"HORIZONTAL_DISTANCE","value":"@expr.d783_position_x","name":"position_x","id":11987,"geomIds":[12025,11994]}]])
[0m[0;32m[2026-09-16 14:19:01.845][VERB] RETURN: {"result":"$12031"}
[0m[0;32m[2026-09-16 14:19:01.845][VERB] COMMANDCALL: _C.SafeAPI.Execute(["v1.sketch.dimension",[{"type":"VERTICAL_DISTANCE","value":"@expr.d784_position_y","name":"position_y","id":11987,"geomIds":[12025,11994]}]])
[0m[0;32m[2026-09-16 14:19:01.851][VERB] RETURN: {"result":"$12035"}
[0m[0;32m[2026-09-16 14:19:01.852][VERB] COMMANDCALL: _C.SafeAPI.Execute(["v1.sketch.dimension",[{"type":"OFFSET","value":"@expr.d785_width","name":"width","id":11987,"geomIds":[11993]}]])
[0m[0;32m[2026-09-16 14:19:01.859][VERB] RETURN: {"result":"$12039"}
[0m[0;32m[2026-09-16 14:19:01.859][VERB] COMMANDCALL: _C.SafeAPI.Execute(["v1.sketch.dimension",[{"type":"OFFSET","value":"@expr.d786_depth","name":"depth","id":11987,"geomIds":[11997]}]])
[0m[0;32m[2026-09-16 14:19:01.867][VERB] RETURN: {"result":"$12043"}
[0m[0;32m[2026-09-16 14:19:01.868][VERB] COMMANDCALL: _C.SafeAPI.Execute(["v1.part.extrusion",[{"references":[11993,11997,12003,12009],"name":"F781_makeBox_cad_primitives_py_8","taperAngle":0,"limit2":"@expr.d787_height","id":4}]])
[0m[0;32m[2026-09-16 14:19:01.874][VERB] RETURN: {"result":"$12047"}
[0m[0;32m[2026-09-16 14:19:01.874][VERB] COMMANDCALL: _C.SafeAPI.Execute(["v1.part.workPlane",[{"type":"PLANE","references":[38],"name":"F788_makeBox_cad_primitives_py_8_plane","offset":"@expr.d789_plane_offset","id":4}]])
[0m[0;32m[2026-09-16 14:19:01.880][VERB] RETURN: {"result":"$12090"}
[0m[0;32m[2026-09-16 14:19:01.880][VERB] COMMANDCALL: _C.SafeAPI.Execute(["v1.sketch.create",[{"planeId":12090,"name":"F788_makeBox_cad_primitives_py_8_profile","id":4}]])
[0m[0;32m[2026-09-16 14:19:01.882][VERB] RETURN: {"result":"$12096"}
[0m[0;32m[2026-09-16 14:19:01.882][VERB] COMMANDCALL: _C.SafeAPI.Execute(["v1.sketch.rectangle",[{"startPos":[34,23.7,0],"id":12096,"genFixation":0,"endPos":[48.5,24.4,0]}]])
[0m[0;32m[2026-09-16 14:19:01.889][VERB] RETURN: {"result":["$12102","$12106","$12112","$12118"]}
[0m[0;32m[2026-09-16 14:19:01.889][VERB] COMMANDCALL: _C.SafeAPI.Execute(["v1.sketch.getPoints",[{"id":12102}]])
[0m[0;32m[2026-09-16 14:19:01.889][VERB] RETURN: {"result":{"endId":"$12104","startId":"$12103"}}
[0m[0;32m[2026-09-16 14:19:01.889][VERB] COMMANDCALL: _C.SafeAPI.Execute(["v1.sketch.point",[{"pos":[-1000,-1000,0],"id":12096}]])
[0m[0;32m[2026-09-16 14:19:01.891][VERB] RETURN: {"result":"$12134"}
[0m[0;32m[2026-09-16 14:19:01.891][VERB] COMMANDCALL: _C.SafeAPI.Execute(["v1.sketch.constraint",[{"type":"FIXATION","id":12096,"geomIds":[12134]}]])
[0m[0;32m[2026-09-16 14:19:01.893][VERB] RETURN: {"result":"$12136"}
[0m[0;32m[2026-09-16 14:19:01.893][VERB] COMMANDCALL: _C.SafeAPI.Execute(["v1.sketch.dimension",[{"type":"HORIZONTAL_DISTANCE","value":"@expr.d790_position_x","name":"position_x","id":12096,"geomIds":[12134,12103]}]])
[0m[0;32m[2026-09-16 14:19:01.899][VERB] RETURN: {"result":"$12140"}
[0m[0;32m[2026-09-16 14:19:01.899][VERB] COMMANDCALL: _C.SafeAPI.Execute(["v1.sketch.dimension",[{"type":"VERTICAL_DISTANCE","value":"@expr.d791_position_y","name":"position_y","id":12096,"geomIds":[12134,12103]}]])
[0m[0;32m[2026-09-16 14:19:01.905][VERB] RETURN: {"result":"$12144"}
[0m[0;32m[2026-09-16 14:19:01.905][VERB] COMMANDCALL: _C.SafeAPI.Execute(["v1.sketch.dimension",[{"type":"OFFSET","value":"@expr.d792_width","name":"width","id":12096,"geomIds":[12102]}]])
[0m[0;32m[2026-09-16 14:19:01.913][VERB] RETURN: {"result":"$12148"}
[0m[0;32m[2026-09-16 14:19:01.913][VERB] COMMANDCALL: _C.SafeAPI.Execute(["v1.sketch.dimension",[{"type":"OFFSET","value":"@expr.d793_depth","name":"depth","id":12096,"geomIds":[12106]}]])
[0m[0;32m[2026-09-16 14:19:01.921][VERB] RETURN: {"result":"$12152"}
[0m[0;32m[2026-09-16 14:19:01.921][VERB] COMMANDCALL: _C.SafeAPI.Execute(["v1.part.extrusion",[{"references":[12102,12106,12112,12118],"name":"F788_makeBox_cad_primitives_py_8","taperAngle":0,"limit2":"@expr.d794_height","id":4}]])
[0m[0;32m[2026-09-16 14:19:01.928][VERB] RETURN: {"result":"$12156"}
[0m[0;32m[2026-09-16 14:19:01.929][VERB] COMMANDCALL: _C.SafeAPI.Execute(["v1.part.workPlane",[{"type":"PLANE","references":[38],"name":"F795_makeBox_cad_primitives_py_8_plane","offset":"@expr.d796_plane_offset","id":4}]])
[0m[0;32m[2026-09-16 14:19:01.934][VERB] RETURN: {"result":"$12199"}
[0m[0;32m[2026-09-16 14:19:01.934][VERB] COMMANDCALL: _C.SafeAPI.Execute(["v1.sketch.create",[{"planeId":12199,"name":"F795_makeBox_cad_primitives_py_8_profile","id":4}]])
[0m[0;32m[2026-09-16 14:19:01.936][VERB] RETURN: {"result":"$12205"}
[0m[0;32m[2026-09-16 14:19:01.936][VERB] COMMANDCALL: _C.SafeAPI.Execute(["v1.sketch.rectangle",[{"startPos":[3,61.5,0],"id":12205,"genFixation":0,"endPos":[49,62.45,0]}]])
[0m[0;32m[2026-09-16 14:19:01.943][VERB] RETURN: {"result":["$12211","$12215","$12221","$12227"]}
[0m[0;32m[2026-09-16 14:19:01.943][VERB] COMMANDCALL: _C.SafeAPI.Execute(["v1.sketch.getPoints",[{"id":12211}]])
[0m[0;32m[2026-09-16 14:19:01.943][VERB] RETURN: {"result":{"endId":"$12213","startId":"$12212"}}
[0m[0;32m[2026-09-16 14:19:01.943][VERB] COMMANDCALL: _C.SafeAPI.Execute(["v1.sketch.point",[{"pos":[-1000,-1000,0],"id":12205}]])
[0m[0;32m[2026-09-16 14:19:01.945][VERB] RETURN: {"result":"$12243"}
[0m[0;32m[2026-09-16 14:19:01.945][VERB] COMMANDCALL: _C.SafeAPI.Execute(["v1.sketch.constraint",[{"type":"FIXATION","id":12205,"geomIds":[12243]}]])
[0m[0;32m[2026-09-16 14:19:01.947][VERB] RETURN: {"result":"$12245"}
[0m[0;32m[2026-09-16 14:19:01.947][VERB] COMMANDCALL: _C.SafeAPI.Execute(["v1.sketch.dimension",[{"type":"HORIZONTAL_DISTANCE","value":"@expr.d797_position_x","name":"position_x","id":12205,"geomIds":[12243,12212]}]])
[0m[0;32m[2026-09-16 14:19:01.953][VERB] RETURN: {"result":"$12249"}
[0m[0;32m[2026-09-16 14:19:01.953][VERB] COMMANDCALL: _C.SafeAPI.Execute(["v1.sketch.dimension",[{"type":"VERTICAL_DISTANCE","value":"@expr.d798_position_y","name":"position_y","id":12205,"geomIds":[12243,12212]}]])
[0m[0;32m[2026-09-16 14:19:01.959][VERB] RETURN: {"result":"$12253"}
[0m[0;32m[2026-09-16 14:19:01.960][VERB] COMMANDCALL: _C.SafeAPI.Execute(["v1.sketch.dimension",[{"type":"OFFSET","value":"@expr.d799_width","name":"width","id":12205,"geomIds":[12211]}]])
[0m[0;32m[2026-09-16 14:19:01.967][VERB] RETURN: {"result":"$12257"}
[0m[0;32m[2026-09-16 14:19:01.967][VERB] COMMANDCALL: _C.SafeAPI.Execute(["v1.sketch.dimension",[{"type":"OFFSET","value":"@expr.d800_depth","name":"depth","id":12205,"geomIds":[12215]}]])
[0m[0;32m[2026-09-16 14:19:01.975][VERB] RETURN: {"result":"$12261"}
[0m[0;32m[2026-09-16 14:19:01.976][VERB] COMMANDCALL: _C.SafeAPI.Execute(["v1.part.extrusion",[{"references":[12211,12215,12221,12227],"name":"F795_makeBox_cad_primitives_py_8","taperAngle":0,"limit2":"@expr.d801_height","id":4}]])
[0m[0;32m[2026-09-16 14:19:01.983][VERB] RETURN: {"result":"$12265"}
[0m[0;32m[2026-09-16 14:19:01.983][VERB] COMMANDCALL: _C.SafeAPI.Execute(["v1.part.workPlane",[{"type":"PLANE","references":[38],"name":"F802_makeBox_cad_primitives_py_8_plane","offset":"@expr.d803_plane_offset","id":4}]])
[0m[0;32m[2026-09-16 14:19:01.988][VERB] RETURN: {"result":"$12308"}
[0m[0;32m[2026-09-16 14:19:01.988][VERB] COMMANDCALL: _C.SafeAPI.Execute(["v1.sketch.create",[{"planeId":12308,"name":"F802_makeBox_cad_primitives_py_8_profile","id":4}]])
[0m[0;32m[2026-09-16 14:19:01.991][VERB] RETURN: {"result":"$12314"}
[0m[0;32m[2026-09-16 14:19:01.991][VERB] COMMANDCALL: _C.SafeAPI.Execute(["v1.sketch.rectangle",[{"startPos":[3,61,0],"id":12314,"genFixation":0,"endPos":[49,62.4,0]}]])
[0m[0;32m[2026-09-16 14:19:01.997][VERB] RETURN: {"result":["$12320","$12324","$12330","$12336"]}
[0m[0;32m[2026-09-16 14:19:01.998][VERB] COMMANDCALL: _C.SafeAPI.Execute(["v1.sketch.getPoints",[{"id":12320}]])
[0m[0;32m[2026-09-16 14:19:01.998][VERB] RETURN: {"result":{"endId":"$12322","startId":"$12321"}}
[0m[0;32m[2026-09-16 14:19:01.998][VERB] COMMANDCALL: _C.SafeAPI.Execute(["v1.sketch.point",[{"pos":[-1000,-1000,0],"id":12314}]])
[0m[0;32m[2026-09-16 14:19:02.000][VERB] RETURN: {"result":"$12352"}
[0m[0;32m[2026-09-16 14:19:02.000][VERB] COMMANDCALL: _C.SafeAPI.Execute(["v1.sketch.constraint",[{"type":"FIXATION","id":12314,"geomIds":[12352]}]])
[0m[0;32m[2026-09-16 14:19:02.002][VERB] RETURN: {"result":"$12354"}
[0m[0;32m[2026-09-16 14:19:02.002][VERB] COMMANDCALL: _C.SafeAPI.Execute(["v1.sketch.dimension",[{"type":"HORIZONTAL_DISTANCE","value":"@expr.d804_position_x","name":"position_x","id":12314,"geomIds":[12352,12321]}]])
[0m[0;32m[2026-09-16 14:19:02.008][VERB] RETURN: {"result":"$12358"}
[0m[0;32m[2026-09-16 14:19:02.008][VERB] COMMANDCALL: _C.SafeAPI.Execute(["v1.sketch.dimension",[{"type":"VERTICAL_DISTANCE","value":"@expr.d805_position_y","name":"position_y","id":12314,"geomIds":[12352,12321]}]])
[0m[0;32m[2026-09-16 14:19:02.014][VERB] RETURN: {"result":"$12362"}
[0m[0;32m[2026-09-16 14:19:02.015][VERB] COMMANDCALL: _C.SafeAPI.Execute(["v1.sketch.dimension",[{"type":"OFFSET","value":"@expr.d806_width","name":"width","id":12314,"geomIds":[12320]}]])
[0m[0;32m[2026-09-16 14:19:02.022][VERB] RETURN: {"result":"$12366"}
[0m[0;32m[2026-09-16 14:19:02.022][VERB] COMMANDCALL: _C.SafeAPI.Execute(["v1.sketch.dimension",[{"type":"OFFSET","value":"@expr.d807_depth","name":"depth","id":12314,"geomIds":[12324]}]])
[0m[0;32m[2026-09-16 14:19:02.030][VERB] RETURN: {"result":"$12370"}
[0m[0;32m[2026-09-16 14:19:02.031][VERB] COMMANDCALL: _C.SafeAPI.Execute(["v1.part.extrusion",[{"references":[12320,12324,12330,12336],"name":"F802_makeBox_cad_primitives_py_8","taperAngle":0,"limit2":"@expr.d808_height","id":4}]])
[0m[0;32m[2026-09-16 14:19:02.038][VERB] RETURN: {"result":"$12374"}
[0m[0;32m[2026-09-16 14:19:02.038][VERB] COMMANDCALL: _C.SafeAPI.Execute(["v1.part.workPlane",[{"type":"PLANE","references":[38],"name":"F809_makeBox_cad_primitives_py_8_plane","offset":"@expr.d810_plane_offset","id":4}]])
[0m[0;32m[2026-09-16 14:19:02.043][VERB] RETURN: {"result":"$12417"}
[0m[0;32m[2026-09-16 14:19:02.043][VERB] COMMANDCALL: _C.SafeAPI.Execute(["v1.sketch.create",[{"planeId":12417,"name":"F809_makeBox_cad_primitives_py_8_profile","id":4}]])
[0m[0;32m[2026-09-16 14:19:02.045][VERB] RETURN: {"result":"$12423"}
[0m[0;32m[2026-09-16 14:19:02.045][VERB] COMMANDCALL: _C.SafeAPI.Execute(["v1.sketch.rectangle",[{"startPos":[1.55,24,0],"id":12423,"genFixation":0,"endPos":[2.05,62,0]}]])
[0m[0;32m[2026-09-16 14:19:02.052][VERB] RETURN: {"result":["$12429","$12433","$12439","$12445"]}
[0m[0;32m[2026-09-16 14:19:02.053][VERB] COMMANDCALL: _C.SafeAPI.Execute(["v1.sketch.getPoints",[{"id":12429}]])
[0m[0;32m[2026-09-16 14:19:02.053][VERB] RETURN: {"result":{"endId":"$12431","startId":"$12430"}}
[0m[0;32m[2026-09-16 14:19:02.053][VERB] COMMANDCALL: _C.SafeAPI.Execute(["v1.sketch.point",[{"pos":[-1000,-1000,0],"id":12423}]])
[0m[0;32m[2026-09-16 14:19:02.055][VERB] RETURN: {"result":"$12461"}
[0m[0;32m[2026-09-16 14:19:02.055][VERB] COMMANDCALL: _C.SafeAPI.Execute(["v1.sketch.constraint",[{"type":"FIXATION","id":12423,"geomIds":[12461]}]])
[0m[0;32m[2026-09-16 14:19:02.056][VERB] RETURN: {"result":"$12463"}
[0m[0;32m[2026-09-16 14:19:02.056][VERB] COMMANDCALL: _C.SafeAPI.Execute(["v1.sketch.dimension",[{"type":"HORIZONTAL_DISTANCE","value":"@expr.d811_position_x","name":"position_x","id":12423,"geomIds":[12461,12430]}]])
[0m[0;32m[2026-09-16 14:19:02.062][VERB] RETURN: {"result":"$12467"}
[0m[0;32m[2026-09-16 14:19:02.062][VERB] COMMANDCALL: _C.SafeAPI.Execute(["v1.sketch.dimension",[{"type":"VERTICAL_DISTANCE","value":"@expr.d812_position_y","name":"position_y","id":12423,"geomIds":[12461,12430]}]])
[0m[0;32m[2026-09-16 14:19:02.069][VERB] RETURN: {"result":"$12471"}
[0m[0;32m[2026-09-16 14:19:02.069][VERB] COMMANDCALL: _C.SafeAPI.Execute(["v1.sketch.dimension",[{"type":"OFFSET","value":"@expr.d813_width","name":"width","id":12423,"geomIds":[12429]}]])
[0m[0;32m[2026-09-16 14:19:02.076][VERB] RETURN: {"result":"$12475"}
[0m[0;32m[2026-09-16 14:19:02.077][VERB] COMMANDCALL: _C.SafeAPI.Execute(["v1.sketch.dimension",[{"type":"OFFSET","value":"@expr.d814_depth","name":"depth","id":12423,"geomIds":[12433]}]])
[0m[0;32m[2026-09-16 14:19:02.085][VERB] RETURN: {"result":"$12479"}
[0m[0;32m[2026-09-16 14:19:02.085][VERB] COMMANDCALL: _C.SafeAPI.Execute(["v1.part.extrusion",[{"references":[12429,12433,12439,12445],"name":"F809_makeBox_cad_primitives_py_8","taperAngle":0,"limit2":"@expr.d815_height","id":4}]])
[0m[0;32m[2026-09-16 14:19:02.092][VERB] RETURN: {"result":"$12483"}
[0m[0;32m[2026-09-16 14:19:02.092][VERB] COMMANDCALL: _C.SafeAPI.Execute(["v1.part.workPlane",[{"type":"PLANE","references":[38],"name":"F816_makeBox_cad_primitives_py_8_plane","offset":"@expr.d817_plane_offset","id":4}]])
[0m[0;32m[2026-09-16 14:19:02.097][VERB] RETURN: {"result":"$12526"}
[0m[0;32m[2026-09-16 14:19:02.098][VERB] COMMANDCALL: _C.SafeAPI.Execute(["v1.sketch.create",[{"planeId":12526,"name":"F816_makeBox_cad_primitives_py_8_profile","id":4}]])
[0m[0;32m[2026-09-16 14:19:02.100][VERB] RETURN: {"result":"$12532"}
[0m[0;32m[2026-09-16 14:19:02.100][VERB] COMMANDCALL: _C.SafeAPI.Execute(["v1.sketch.rectangle",[{"startPos":[1.55,24,0],"id":12532,"genFixation":0,"endPos":[2.7,25.5,0]}]])
[0m[0;32m[2026-09-16 14:19:02.107][VERB] RETURN: {"result":["$12538","$12542","$12548","$12554"]}
[0m[0;32m[2026-09-16 14:19:02.107][VERB] COMMANDCALL: _C.SafeAPI.Execute(["v1.sketch.getPoints",[{"id":12538}]])
[0m[0;32m[2026-09-16 14:19:02.107][VERB] RETURN: {"result":{"endId":"$12540","startId":"$12539"}}
[0m[0;32m[2026-09-16 14:19:02.107][VERB] COMMANDCALL: _C.SafeAPI.Execute(["v1.sketch.point",[{"pos":[-1000,-1000,0],"id":12532}]])
[0m[0;32m[2026-09-16 14:19:02.109][VERB] RETURN: {"result":"$12570"}
[0m[0;32m[2026-09-16 14:19:02.109][VERB] COMMANDCALL: _C.SafeAPI.Execute(["v1.sketch.constraint",[{"type":"FIXATION","id":12532,"geomIds":[12570]}]])
[0m[0;32m[2026-09-16 14:19:02.111][VERB] RETURN: {"result":"$12572"}
[0m[0;32m[2026-09-16 14:19:02.111][VERB] COMMANDCALL: _C.SafeAPI.Execute(["v1.sketch.dimension",[{"type":"HORIZONTAL_DISTANCE","value":"@expr.d818_position_x","name":"position_x","id":12532,"geomIds":[12570,12539]}]])
[0m[0;32m[2026-09-16 14:19:02.117][VERB] RETURN: {"result":"$12576"}
[0m[0;32m[2026-09-16 14:19:02.117][VERB] COMMANDCALL: _C.SafeAPI.Execute(["v1.sketch.dimension",[{"type":"VERTICAL_DISTANCE","value":"@expr.d819_position_y","name":"position_y","id":12532,"geomIds":[12570,12539]}]])
[0m[0;32m[2026-09-16 14:19:02.124][VERB] RETURN: {"result":"$12580"}
[0m[0;32m[2026-09-16 14:19:02.124][VERB] COMMANDCALL: _C.SafeAPI.Execute(["v1.sketch.dimension",[{"type":"OFFSET","value":"@expr.d820_width","name":"width","id":12532,"geomIds":[12538]}]])
[0m[0;32m[2026-09-16 14:19:02.131][VERB] RETURN: {"result":"$12584"}
[0m[0;32m[2026-09-16 14:19:02.131][VERB] COMMANDCALL: _C.SafeAPI.Execute(["v1.sketch.dimension",[{"type":"OFFSET","value":"@expr.d821_depth","name":"depth","id":12532,"geomIds":[12542]}]])
[0m[0;32m[2026-09-16 14:19:02.140][VERB] RETURN: {"result":"$12588"}
[0m[0;32m[2026-09-16 14:19:02.140][VERB] COMMANDCALL: _C.SafeAPI.Execute(["v1.part.extrusion",[{"references":[12538,12542,12548,12554],"name":"F816_makeBox_cad_primitives_py_8","taperAngle":0,"limit2":"@expr.d822_height","id":4}]])
[0m[0;32m[2026-09-16 14:19:02.147][VERB] RETURN: {"result":"$12592"}
[0m[0;32m[2026-09-16 14:19:02.147][VERB] COMMANDCALL: _C.SafeAPI.Execute(["v1.part.workPlane",[{"type":"PLANE","references":[38],"name":"F823_makeBox_cad_primitives_py_8_plane","offset":"@expr.d824_plane_offset","id":4}]])
[0m[0;32m[2026-09-16 14:19:02.153][VERB] RETURN: {"result":"$12635"}
[0m[0;32m[2026-09-16 14:19:02.153][VERB] COMMANDCALL: _C.SafeAPI.Execute(["v1.sketch.create",[{"planeId":12635,"name":"F823_makeBox_cad_primitives_py_8_profile","id":4}]])
[0m[0;32m[2026-09-16 14:19:02.155][VERB] RETURN: {"result":"$12641"}
[0m[0;32m[2026-09-16 14:19:02.155][VERB] COMMANDCALL: _C.SafeAPI.Execute(["v1.sketch.rectangle",[{"startPos":[1.55,60.8,0],"id":12641,"genFixation":0,"endPos":[2.7,62,0]}]])
[0m[0;32m[2026-09-16 14:19:02.162][VERB] RETURN: {"result":["$12647","$12651","$12657","$12663"]}
[0m[0;32m[2026-09-16 14:19:02.162][VERB] COMMANDCALL: _C.SafeAPI.Execute(["v1.sketch.getPoints",[{"id":12647}]])
[0m[0;32m[2026-09-16 14:19:02.162][VERB] RETURN: {"result":{"endId":"$12649","startId":"$12648"}}
[0m[0;32m[2026-09-16 14:19:02.162][VERB] COMMANDCALL: _C.SafeAPI.Execute(["v1.sketch.point",[{"pos":[-1000,-1000,0],"id":12641}]])
[0m[0;32m[2026-09-16 14:19:02.164][VERB] RETURN: {"result":"$12679"}
[0m[0;32m[2026-09-16 14:19:02.165][VERB] COMMANDCALL: _C.SafeAPI.Execute(["v1.sketch.constraint",[{"type":"FIXATION","id":12641,"geomIds":[12679]}]])
[0m[0;32m[2026-09-16 14:19:02.166][VERB] RETURN: {"result":"$12681"}
[0m[0;32m[2026-09-16 14:19:02.166][VERB] COMMANDCALL: _C.SafeAPI.Execute(["v1.sketch.dimension",[{"type":"HORIZONTAL_DISTANCE","value":"@expr.d825_position_x","name":"position_x","id":12641,"geomIds":[12679,12648]}]])
[0m[0;32m[2026-09-16 14:19:02.172][VERB] RETURN: {"result":"$12685"}
[0m[0;32m[2026-09-16 14:19:02.172][VERB] COMMANDCALL: _C.SafeAPI.Execute(["v1.sketch.dimension",[{"type":"VERTICAL_DISTANCE","value":"@expr.d826_position_y","name":"position_y","id":12641,"geomIds":[12679,12648]}]])
[0m[0;32m[2026-09-16 14:19:02.179][VERB] RETURN: {"result":"$12689"}
[0m[0;32m[2026-09-16 14:19:02.179][VERB] COMMANDCALL: _C.SafeAPI.Execute(["v1.sketch.dimension",[{"type":"OFFSET","value":"@expr.d827_width","name":"width","id":12641,"geomIds":[12647]}]])
[0m[0;32m[2026-09-16 14:19:02.186][VERB] RETURN: {"result":"$12693"}
[0m[0;32m[2026-09-16 14:19:02.187][VERB] COMMANDCALL: _C.SafeAPI.Execute(["v1.sketch.dimension",[{"type":"OFFSET","value":"@expr.d828_depth","name":"depth","id":12641,"geomIds":[12651]}]])
[0m[0;32m[2026-09-16 14:19:02.195][VERB] RETURN: {"result":"$12697"}
[0m[0;32m[2026-09-16 14:19:02.195][VERB] COMMANDCALL: _C.SafeAPI.Execute(["v1.part.extrusion",[{"references":[12647,12651,12657,12663],"name":"F823_makeBox_cad_primitives_py_8","taperAngle":0,"limit2":"@expr.d829_height","id":4}]])
[0m[0;32m[2026-09-16 14:19:02.202][VERB] RETURN: {"result":"$12701"}
[0m[0;32m[2026-09-16 14:19:02.202][VERB] COMMANDCALL: _C.SafeAPI.Execute(["v1.part.workPlane",[{"type":"PLANE","references":[38],"name":"F830_makeBox_cad_primitives_py_8_plane","offset":"@expr.d831_plane_offset","id":4}]])
[0m[0;32m[2026-09-16 14:19:02.207][VERB] RETURN: {"result":"$12744"}
[0m[0;32m[2026-09-16 14:19:02.208][VERB] COMMANDCALL: _C.SafeAPI.Execute(["v1.sketch.create",[{"planeId":12744,"name":"F830_makeBox_cad_primitives_py_8_profile","id":4}]])
[0m[0;32m[2026-09-16 14:19:02.210][VERB] RETURN: {"result":"$12750"}
[0m[0;32m[2026-09-16 14:19:02.210][VERB] COMMANDCALL: _C.SafeAPI.Execute(["v1.sketch.rectangle",[{"startPos":[54,1.55,0],"id":12750,"genFixation":0,"endPos":[87,2,0]}]])
[0m[0;32m[2026-09-16 14:19:02.217][VERB] RETURN: {"result":["$12756","$12760","$12766","$12772"]}
[0m[0;32m[2026-09-16 14:19:02.217][VERB] COMMANDCALL: _C.SafeAPI.Execute(["v1.sketch.getPoints",[{"id":12756}]])
[0m[0;32m[2026-09-16 14:19:02.217][VERB] RETURN: {"result":{"endId":"$12758","startId":"$12757"}}
[0m[0;32m[2026-09-16 14:19:02.217][VERB] COMMANDCALL: _C.SafeAPI.Execute(["v1.sketch.point",[{"pos":[-1000,-1000,0],"id":12750}]])
[0m[0;32m[2026-09-16 14:19:02.219][VERB] RETURN: {"result":"$12788"}
[0m[0;32m[2026-09-16 14:19:02.219][VERB] COMMANDCALL: _C.SafeAPI.Execute(["v1.sketch.constraint",[{"type":"FIXATION","id":12750,"geomIds":[12788]}]])
[0m[0;32m[2026-09-16 14:19:02.221][VERB] RETURN: {"result":"$12790"}
[0m[0;32m[2026-09-16 14:19:02.221][VERB] COMMANDCALL: _C.SafeAPI.Execute(["v1.sketch.dimension",[{"type":"HORIZONTAL_DISTANCE","value":"@expr.d832_position_x","name":"position_x","id":12750,"geomIds":[12788,12757]}]])
[0m[0;32m[2026-09-16 14:19:02.227][VERB] RETURN: {"result":"$12794"}
[0m[0;32m[2026-09-16 14:19:02.227][VERB] COMMANDCALL: _C.SafeAPI.Execute(["v1.sketch.dimension",[{"type":"VERTICAL_DISTANCE","value":"@expr.d833_position_y","name":"position_y","id":12750,"geomIds":[12788,12757]}]])
[0m[0;32m[2026-09-16 14:19:02.233][VERB] RETURN: {"result":"$12798"}
[0m[0;32m[2026-09-16 14:19:02.233][VERB] COMMANDCALL: _C.SafeAPI.Execute(["v1.sketch.dimension",[{"type":"OFFSET","value":"@expr.d834_width","name":"width","id":12750,"geomIds":[12756]}]])
[0m[0;32m[2026-09-16 14:19:02.241][VERB] RETURN: {"result":"$12802"}
[0m[0;32m[2026-09-16 14:19:02.241][VERB] COMMANDCALL: _C.SafeAPI.Execute(["v1.sketch.dimension",[{"type":"OFFSET","value":"@expr.d835_depth","name":"depth","id":12750,"geomIds":[12760]}]])
[0m[0;32m[2026-09-16 14:19:02.249][VERB] RETURN: {"result":"$12806"}
[0m[0;32m[2026-09-16 14:19:02.249][VERB] COMMANDCALL: _C.SafeAPI.Execute(["v1.part.extrusion",[{"references":[12756,12760,12766,12772],"name":"F830_makeBox_cad_primitives_py_8","taperAngle":0,"limit2":"@expr.d836_height","id":4}]])
[0m[0;32m[2026-09-16 14:19:02.256][VERB] RETURN: {"result":"$12810"}
[0m[0;32m[2026-09-16 14:19:02.257][VERB] COMMANDCALL: _C.SafeAPI.Execute(["v1.part.workPlane",[{"type":"PLANE","references":[38],"name":"F837_makeBox_cad_primitives_py_8_plane","offset":"@expr.d838_plane_offset","id":4}]])
[0m[0;32m[2026-09-16 14:19:02.262][VERB] RETURN: {"result":"$12853"}
[0m[0;32m[2026-09-16 14:19:02.262][VERB] COMMANDCALL: _C.SafeAPI.Execute(["v1.sketch.create",[{"planeId":12853,"name":"F837_makeBox_cad_primitives_py_8_profile","id":4}]])
[0m[0;32m[2026-09-16 14:19:02.264][VERB] RETURN: {"result":"$12859"}
[0m[0;32m[2026-09-16 14:19:02.265][VERB] COMMANDCALL: _C.SafeAPI.Execute(["v1.sketch.rectangle",[{"startPos":[54,1.7,0],"id":12859,"genFixation":0,"endPos":[87,2.7,0]}]])
[0m[0;32m[2026-09-16 14:19:02.271][VERB] RETURN: {"result":["$12865","$12869","$12875","$12881"]}
[0m[0;32m[2026-09-16 14:19:02.272][VERB] COMMANDCALL: _C.SafeAPI.Execute(["v1.sketch.getPoints",[{"id":12865}]])
[0m[0;32m[2026-09-16 14:19:02.272][VERB] RETURN: {"result":{"endId":"$12867","startId":"$12866"}}
[0m[0;32m[2026-09-16 14:19:02.272][VERB] COMMANDCALL: _C.SafeAPI.Execute(["v1.sketch.point",[{"pos":[-1000,-1000,0],"id":12859}]])
[0m[0;32m[2026-09-16 14:19:02.274][VERB] RETURN: {"result":"$12897"}
[0m[0;32m[2026-09-16 14:19:02.274][VERB] COMMANDCALL: _C.SafeAPI.Execute(["v1.sketch.constraint",[{"type":"FIXATION","id":12859,"geomIds":[12897]}]])
[0m[0;32m[2026-09-16 14:19:02.276][VERB] RETURN: {"result":"$12899"}
[0m[0;32m[2026-09-16 14:19:02.276][VERB] COMMANDCALL: _C.SafeAPI.Execute(["v1.sketch.dimension",[{"type":"HORIZONTAL_DISTANCE","value":"@expr.d839_position_x","name":"position_x","id":12859,"geomIds":[12897,12866]}]])
[0m[0;32m[2026-09-16 14:19:02.281][VERB] RETURN: {"result":"$12903"}
[0m[0;32m[2026-09-16 14:19:02.282][VERB] COMMANDCALL: _C.SafeAPI.Execute(["v1.sketch.dimension",[{"type":"VERTICAL_DISTANCE","value":"@expr.d840_position_y","name":"position_y","id":12859,"geomIds":[12897,12866]}]])
[0m[0;32m[2026-09-16 14:19:02.288][VERB] RETURN: {"result":"$12907"}
[0m[0;32m[2026-09-16 14:19:02.288][VERB] COMMANDCALL: _C.SafeAPI.Execute(["v1.sketch.dimension",[{"type":"OFFSET","value":"@expr.d841_width","name":"width","id":12859,"geomIds":[12865]}]])
[0m[0;32m[2026-09-16 14:19:02.296][VERB] RETURN: {"result":"$12911"}
[0m[0;32m[2026-09-16 14:19:02.296][VERB] COMMANDCALL: _C.SafeAPI.Execute(["v1.sketch.dimension",[{"type":"OFFSET","value":"@expr.d842_depth","name":"depth","id":12859,"geomIds":[12869]}]])
[0m[0;32m[2026-09-16 14:19:02.304][VERB] RETURN: {"result":"$12915"}
[0m[0;32m[2026-09-16 14:19:02.305][VERB] COMMANDCALL: _C.SafeAPI.Execute(["v1.part.extrusion",[{"references":[12865,12869,12875,12881],"name":"F837_makeBox_cad_primitives_py_8","taperAngle":0,"limit2":"@expr.d843_height","id":4}]])
[0m[0;32m[2026-09-16 14:19:02.311][VERB] RETURN: {"result":"$12919"}
[0m[0;32m[2026-09-16 14:19:02.312][VERB] COMMANDCALL: _C.SafeAPI.Execute(["v1.part.workPlane",[{"type":"PLANE","references":[38],"name":"F844_makeBox_cad_primitives_py_8_plane","offset":"@expr.d845_plane_offset","id":4}]])
[0m[0;32m[2026-09-16 14:19:02.317][VERB] RETURN: {"result":"$12962"}
[0m[0;32m[2026-09-16 14:19:02.317][VERB] COMMANDCALL: _C.SafeAPI.Execute(["v1.sketch.create",[{"planeId":12962,"name":"F844_makeBox_cad_primitives_py_8_profile","id":4}]])
[0m[0;32m[2026-09-16 14:19:02.319][VERB] RETURN: {"result":"$12968"}
[0m[0;32m[2026-09-16 14:19:02.319][VERB] COMMANDCALL: _C.SafeAPI.Execute(["v1.sketch.rectangle",[{"startPos":[54,36.4,0],"id":12968,"genFixation":0,"endPos":[87,37.9,0]}]])
[0m[0;32m[2026-09-16 14:19:02.326][VERB] RETURN: {"result":["$12974","$12978","$12984","$12990"]}
[0m[0;32m[2026-09-16 14:19:02.326][VERB] COMMANDCALL: _C.SafeAPI.Execute(["v1.sketch.getPoints",[{"id":12974}]])
[0m[0;32m[2026-09-16 14:19:02.326][VERB] RETURN: {"result":{"endId":"$12976","startId":"$12975"}}
[0m[0;32m[2026-09-16 14:19:02.327][VERB] COMMANDCALL: _C.SafeAPI.Execute(["v1.sketch.point",[{"pos":[-1000,-1000,0],"id":12968}]])
[0m[0;32m[2026-09-16 14:19:02.328][VERB] RETURN: {"result":"$13006"}
[0m[0;32m[2026-09-16 14:19:02.329][VERB] COMMANDCALL: _C.SafeAPI.Execute(["v1.sketch.constraint",[{"type":"FIXATION","id":12968,"geomIds":[13006]}]])
[0m[0;32m[2026-09-16 14:19:02.330][VERB] RETURN: {"result":"$13008"}
[0m[0;32m[2026-09-16 14:19:02.330][VERB] COMMANDCALL: _C.SafeAPI.Execute(["v1.sketch.dimension",[{"type":"HORIZONTAL_DISTANCE","value":"@expr.d846_position_x","name":"position_x","id":12968,"geomIds":[13006,12975]}]])
[0m[0;32m[2026-09-16 14:19:02.336][VERB] RETURN: {"result":"$13012"}
[0m[0;32m[2026-09-16 14:19:02.336][VERB] COMMANDCALL: _C.SafeAPI.Execute(["v1.sketch.dimension",[{"type":"VERTICAL_DISTANCE","value":"@expr.d847_position_y","name":"position_y","id":12968,"geomIds":[13006,12975]}]])
[0m[0;32m[2026-09-16 14:19:02.343][VERB] RETURN: {"result":"$13016"}
[0m[0;32m[2026-09-16 14:19:02.343][VERB] COMMANDCALL: _C.SafeAPI.Execute(["v1.sketch.dimension",[{"type":"OFFSET","value":"@expr.d848_width","name":"width","id":12968,"geomIds":[12974]}]])
[0m[0;32m[2026-09-16 14:19:02.350][VERB] RETURN: {"result":"$13020"}
[0m[0;32m[2026-09-16 14:19:02.350][VERB] COMMANDCALL: _C.SafeAPI.Execute(["v1.sketch.dimension",[{"type":"OFFSET","value":"@expr.d849_depth","name":"depth","id":12968,"geomIds":[12978]}]])
[0m[0;32m[2026-09-16 14:19:02.358][VERB] RETURN: {"result":"$13024"}
[0m[0;32m[2026-09-16 14:19:02.359][VERB] COMMANDCALL: _C.SafeAPI.Execute(["v1.part.extrusion",[{"references":[12974,12978,12984,12990],"name":"F844_makeBox_cad_primitives_py_8","taperAngle":0,"limit2":"@expr.d850_height","id":4}]])
[0m[0;32m[2026-09-16 14:19:02.366][VERB] RETURN: {"result":"$13028"}
[0m[0;32m[2026-09-16 14:19:02.366][VERB] COMMANDCALL: _C.SafeAPI.Execute(["v1.part.workPlane",[{"type":"PLANE","references":[38],"name":"F851_makeBox_cad_primitives_py_8_plane","offset":"@expr.d852_plane_offset","id":4}]])
[0m[0;32m[2026-09-16 14:19:02.371][VERB] RETURN: {"result":"$13071"}
[0m[0;32m[2026-09-16 14:19:02.371][VERB] COMMANDCALL: _C.SafeAPI.Execute(["v1.sketch.create",[{"planeId":13071,"name":"F851_makeBox_cad_primitives_py_8_profile","id":4}]])
[0m[0;32m[2026-09-16 14:19:02.373][VERB] RETURN: {"result":"$13077"}
[0m[0;32m[2026-09-16 14:19:02.374][VERB] COMMANDCALL: _C.SafeAPI.Execute(["v1.sketch.rectangle",[{"startPos":[54,36.3,0],"id":13077,"genFixation":0,"endPos":[87,37.8,0]}]])
[0m[0;32m[2026-09-16 14:19:02.380][VERB] RETURN: {"result":["$13083","$13087","$13093","$13099"]}
[0m[0;32m[2026-09-16 14:19:02.380][VERB] COMMANDCALL: _C.SafeAPI.Execute(["v1.sketch.getPoints",[{"id":13083}]])
[0m[0;32m[2026-09-16 14:19:02.381][VERB] RETURN: {"result":{"endId":"$13085","startId":"$13084"}}
[0m[0;32m[2026-09-16 14:19:02.381][VERB] COMMANDCALL: _C.SafeAPI.Execute(["v1.sketch.point",[{"pos":[-1000,-1000,0],"id":13077}]])
[0m[0;32m[2026-09-16 14:19:02.383][VERB] RETURN: {"result":"$13115"}
[0m[0;32m[2026-09-16 14:19:02.383][VERB] COMMANDCALL: _C.SafeAPI.Execute(["v1.sketch.constraint",[{"type":"FIXATION","id":13077,"geomIds":[13115]}]])
[0m[0;32m[2026-09-16 14:19:02.385][VERB] RETURN: {"result":"$13117"}
[0m[0;32m[2026-09-16 14:19:02.385][VERB] COMMANDCALL: _C.SafeAPI.Execute(["v1.sketch.dimension",[{"type":"HORIZONTAL_DISTANCE","value":"@expr.d853_position_x","name":"position_x","id":13077,"geomIds":[13115,13084]}]])
[0m[0;32m[2026-09-16 14:19:02.391][VERB] RETURN: {"result":"$13121"}
[0m[0;32m[2026-09-16 14:19:02.391][VERB] COMMANDCALL: _C.SafeAPI.Execute(["v1.sketch.dimension",[{"type":"VERTICAL_DISTANCE","value":"@expr.d854_position_y","name":"position_y","id":13077,"geomIds":[13115,13084]}]])
[0m[0;32m[2026-09-16 14:19:02.397][VERB] RETURN: {"result":"$13125"}
[0m[0;32m[2026-09-16 14:19:02.398][VERB] COMMANDCALL: _C.SafeAPI.Execute(["v1.sketch.dimension",[{"type":"OFFSET","value":"@expr.d855_width","name":"width","id":13077,"geomIds":[13083]}]])
[0m[0;32m[2026-09-16 14:19:02.405][VERB] RETURN: {"result":"$13129"}
[0m[0;32m[2026-09-16 14:19:02.405][VERB] COMMANDCALL: _C.SafeAPI.Execute(["v1.sketch.dimension",[{"type":"OFFSET","value":"@expr.d856_depth","name":"depth","id":13077,"geomIds":[13087]}]])
[0m[0;32m[2026-09-16 14:19:02.413][VERB] RETURN: {"result":"$13133"}
[0m[0;32m[2026-09-16 14:19:02.413][VERB] COMMANDCALL: _C.SafeAPI.Execute(["v1.part.extrusion",[{"references":[13083,13087,13093,13099],"name":"F851_makeBox_cad_primitives_py_8","taperAngle":0,"limit2":"@expr.d857_height","id":4}]])
[0m[0;32m[2026-09-16 14:19:02.420][VERB] RETURN: {"result":"$13137"}
[0m[0;32m[2026-09-16 14:19:02.421][VERB] COMMANDCALL: _C.SafeAPI.Execute(["v1.part.workPlane",[{"type":"PLANE","references":[38],"name":"F858_makeBox_cad_primitives_py_8_plane","offset":"@expr.d859_plane_offset","id":4}]])
[0m[0;32m[2026-09-16 14:19:02.426][VERB] RETURN: {"result":"$13180"}
[0m[0;32m[2026-09-16 14:19:02.426][VERB] COMMANDCALL: _C.SafeAPI.Execute(["v1.sketch.create",[{"planeId":13180,"name":"F858_makeBox_cad_primitives_py_8_profile","id":4}]])
[0m[0;32m[2026-09-16 14:19:02.428][VERB] RETURN: {"result":"$13186"}
[0m[0;32m[2026-09-16 14:19:02.428][VERB] COMMANDCALL: _C.SafeAPI.Execute(["v1.sketch.rectangle",[{"startPos":[52.65,24.5,0],"id":13186,"genFixation":0,"endPos":[53.85,26.1,0]}]])
[0m[0;32m[2026-09-16 14:19:02.435][VERB] RETURN: {"result":["$13192","$13196","$13202","$13208"]}
[0m[0;32m[2026-09-16 14:19:02.435][VERB] COMMANDCALL: _C.SafeAPI.Execute(["v1.sketch.getPoints",[{"id":13192}]])
[0m[0;32m[2026-09-16 14:19:02.436][VERB] RETURN: {"result":{"endId":"$13194","startId":"$13193"}}
[0m[0;32m[2026-09-16 14:19:02.436][VERB] COMMANDCALL: _C.SafeAPI.Execute(["v1.sketch.point",[{"pos":[-1000,-1000,0],"id":13186}]])
[0m[0;32m[2026-09-16 14:19:02.438][VERB] RETURN: {"result":"$13224"}
[0m[0;32m[2026-09-16 14:19:02.438][VERB] COMMANDCALL: _C.SafeAPI.Execute(["v1.sketch.constraint",[{"type":"FIXATION","id":13186,"geomIds":[13224]}]])
[0m[0;32m[2026-09-16 14:19:02.439][VERB] RETURN: {"result":"$13226"}
[0m[0;32m[2026-09-16 14:19:02.439][VERB] COMMANDCALL: _C.SafeAPI.Execute(["v1.sketch.dimension",[{"type":"HORIZONTAL_DISTANCE","value":"@expr.d860_position_x","name":"position_x","id":13186,"geomIds":[13224,13193]}]])
[0m[0;32m[2026-09-16 14:19:02.445][VERB] RETURN: {"result":"$13230"}
[0m[0;32m[2026-09-16 14:19:02.445][VERB] COMMANDCALL: _C.SafeAPI.Execute(["v1.sketch.dimension",[{"type":"VERTICAL_DISTANCE","value":"@expr.d861_position_y","name":"position_y","id":13186,"geomIds":[13224,13193]}]])
[0m[0;32m[2026-09-16 14:19:02.452][VERB] RETURN: {"result":"$13234"}
[0m[0;32m[2026-09-16 14:19:02.452][VERB] COMMANDCALL: _C.SafeAPI.Execute(["v1.sketch.dimension",[{"type":"OFFSET","value":"@expr.d862_width","name":"width","id":13186,"geomIds":[13192]}]])
[0m[0;32m[2026-09-16 14:19:02.459][VERB] RETURN: {"result":"$13238"}
[0m[0;32m[2026-09-16 14:19:02.460][VERB] COMMANDCALL: _C.SafeAPI.Execute(["v1.sketch.dimension",[{"type":"OFFSET","value":"@expr.d863_depth","name":"depth","id":13186,"geomIds":[13196]}]])
[0m[0;32m[2026-09-16 14:19:02.468][VERB] RETURN: {"result":"$13242"}
[0m[0;32m[2026-09-16 14:19:02.468][VERB] COMMANDCALL: _C.SafeAPI.Execute(["v1.part.extrusion",[{"references":[13192,13196,13202,13208],"name":"F858_makeBox_cad_primitives_py_8","taperAngle":0,"limit2":"@expr.d864_height","id":4}]])
[0m[0;32m[2026-09-16 14:19:02.475][VERB] RETURN: {"result":"$13246"}
[0m[0;32m[2026-09-16 14:19:02.476][VERB] COMMANDCALL: _C.SafeAPI.Execute(["v1.part.workPlane",[{"type":"PLANE","references":[38],"name":"F865_makeBox_cad_primitives_py_8_plane","offset":"@expr.d866_plane_offset","id":4}]])
[0m[0;32m[2026-09-16 14:19:02.481][VERB] RETURN: {"result":"$13289"}
[0m[0;32m[2026-09-16 14:19:02.481][VERB] COMMANDCALL: _C.SafeAPI.Execute(["v1.sketch.create",[{"planeId":13289,"name":"F865_makeBox_cad_primitives_py_8_profile","id":4}]])
[0m[0;32m[2026-09-16 14:19:02.483][VERB] RETURN: {"result":"$13295"}
[0m[0;32m[2026-09-16 14:19:02.483][VERB] COMMANDCALL: _C.SafeAPI.Execute(["v1.sketch.rectangle",[{"startPos":[52.65,24.35,0],"id":13295,"genFixation":0,"endPos":[53.85,26.1,0]}]])
[0m[0;32m[2026-09-16 14:19:02.490][VERB] RETURN: {"result":["$13301","$13305","$13311","$13317"]}
[0m[0;32m[2026-09-16 14:19:02.490][VERB] COMMANDCALL: _C.SafeAPI.Execute(["v1.sketch.getPoints",[{"id":13301}]])
[0m[0;32m[2026-09-16 14:19:02.490][VERB] RETURN: {"result":{"endId":"$13303","startId":"$13302"}}
[0m[0;32m[2026-09-16 14:19:02.490][VERB] COMMANDCALL: _C.SafeAPI.Execute(["v1.sketch.point",[{"pos":[-1000,-1000,0],"id":13295}]])
[0m[0;32m[2026-09-16 14:19:02.492][VERB] RETURN: {"result":"$13333"}
[0m[0;32m[2026-09-16 14:19:02.493][VERB] COMMANDCALL: _C.SafeAPI.Execute(["v1.sketch.constraint",[{"type":"FIXATION","id":13295,"geomIds":[13333]}]])
[0m[0;32m[2026-09-16 14:19:02.494][VERB] RETURN: {"result":"$13335"}
[0m[0;32m[2026-09-16 14:19:02.494][VERB] COMMANDCALL: _C.SafeAPI.Execute(["v1.sketch.dimension",[{"type":"HORIZONTAL_DISTANCE","value":"@expr.d867_position_x","name":"position_x","id":13295,"geomIds":[13333,13302]}]])
[0m[0;32m[2026-09-16 14:19:02.500][VERB] RETURN: {"result":"$13339"}
[0m[0;32m[2026-09-16 14:19:02.500][VERB] COMMANDCALL: _C.SafeAPI.Execute(["v1.sketch.dimension",[{"type":"VERTICAL_DISTANCE","value":"@expr.d868_position_y","name":"position_y","id":13295,"geomIds":[13333,13302]}]])
[0m[0;32m[2026-09-16 14:19:02.507][VERB] RETURN: {"result":"$13343"}
[0m[0;32m[2026-09-16 14:19:02.507][VERB] COMMANDCALL: _C.SafeAPI.Execute(["v1.sketch.dimension",[{"type":"OFFSET","value":"@expr.d869_width","name":"width","id":13295,"geomIds":[13301]}]])
[0m[0;32m[2026-09-16 14:19:02.514][VERB] RETURN: {"result":"$13347"}
[0m[0;32m[2026-09-16 14:19:02.514][VERB] COMMANDCALL: _C.SafeAPI.Execute(["v1.sketch.dimension",[{"type":"OFFSET","value":"@expr.d870_depth","name":"depth","id":13295,"geomIds":[13305]}]])
[0m[0;32m[2026-09-16 14:19:02.523][VERB] RETURN: {"result":"$13351"}
[0m[0;32m[2026-09-16 14:19:02.523][VERB] COMMANDCALL: _C.SafeAPI.Execute(["v1.part.extrusion",[{"references":[13301,13305,13311,13317],"name":"F865_makeBox_cad_primitives_py_8","taperAngle":0,"limit2":"@expr.d871_height","id":4}]])
[0m[0;32m[2026-09-16 14:19:02.530][VERB] RETURN: {"result":"$13355"}
[0m[0;32m[2026-09-16 14:19:02.531][VERB] COMMANDCALL: _C.SafeAPI.Execute(["v1.part.workPlane",[{"type":"PLANE","references":[38],"name":"F872_makeBox_cad_primitives_py_8_plane","offset":"@expr.d873_plane_offset","id":4}]])
[0m[0;32m[2026-09-16 14:19:02.536][VERB] RETURN: {"result":"$13398"}
[0m[0;32m[2026-09-16 14:19:02.536][VERB] COMMANDCALL: _C.SafeAPI.Execute(["v1.sketch.create",[{"planeId":13398,"name":"F872_makeBox_cad_primitives_py_8_profile","id":4}]])
[0m[0;32m[2026-09-16 14:19:02.538][VERB] RETURN: {"result":"$13404"}
[0m[0;32m[2026-09-16 14:19:02.538][VERB] COMMANDCALL: _C.SafeAPI.Execute(["v1.sketch.rectangle",[{"startPos":[56,36.1,0],"id":13404,"genFixation":0,"endPos":[83,37.9,0]}]])
[0m[0;32m[2026-09-16 14:19:02.545][VERB] RETURN: {"result":["$13410","$13414","$13420","$13426"]}
[0m[0;32m[2026-09-16 14:19:02.545][VERB] COMMANDCALL: _C.SafeAPI.Execute(["v1.sketch.getPoints",[{"id":13410}]])
[0m[0;32m[2026-09-16 14:19:02.546][VERB] RETURN: {"result":{"endId":"$13412","startId":"$13411"}}
[0m[0;32m[2026-09-16 14:19:02.546][VERB] COMMANDCALL: _C.SafeAPI.Execute(["v1.sketch.point",[{"pos":[-1000,-1000,0],"id":13404}]])
[0m[0;32m[2026-09-16 14:19:02.548][VERB] RETURN: {"result":"$13442"}
[0m[0;32m[2026-09-16 14:19:02.548][VERB] COMMANDCALL: _C.SafeAPI.Execute(["v1.sketch.constraint",[{"type":"FIXATION","id":13404,"geomIds":[13442]}]])
[0m[0;32m[2026-09-16 14:19:02.549][VERB] RETURN: {"result":"$13444"}
[0m[0;32m[2026-09-16 14:19:02.549][VERB] COMMANDCALL: _C.SafeAPI.Execute(["v1.sketch.dimension",[{"type":"HORIZONTAL_DISTANCE","value":"@expr.d874_position_x","name":"position_x","id":13404,"geomIds":[13442,13411]}]])
[0m[0;32m[2026-09-16 14:19:02.555][VERB] RETURN: {"result":"$13448"}
[0m[0;32m[2026-09-16 14:19:02.555][VERB] COMMANDCALL: _C.SafeAPI.Execute(["v1.sketch.dimension",[{"type":"VERTICAL_DISTANCE","value":"@expr.d875_position_y","name":"position_y","id":13404,"geomIds":[13442,13411]}]])
[0m[0;32m[2026-09-16 14:19:02.562][VERB] RETURN: {"result":"$13452"}
[0m[0;32m[2026-09-16 14:19:02.562][VERB] COMMANDCALL: _C.SafeAPI.Execute(["v1.sketch.dimension",[{"type":"OFFSET","value":"@expr.d876_width","name":"width","id":13404,"geomIds":[13410]}]])
[0m[0;32m[2026-09-16 14:19:02.569][VERB] RETURN: {"result":"$13456"}
[0m[0;32m[2026-09-16 14:19:02.569][VERB] COMMANDCALL: _C.SafeAPI.Execute(["v1.sketch.dimension",[{"type":"OFFSET","value":"@expr.d877_depth","name":"depth","id":13404,"geomIds":[13414]}]])
[0m[0;32m[2026-09-16 14:19:02.578][VERB] RETURN: {"result":"$13460"}
[0m[0;32m[2026-09-16 14:19:02.578][VERB] COMMANDCALL: _C.SafeAPI.Execute(["v1.part.extrusion",[{"references":[13410,13414,13420,13426],"name":"F872_makeBox_cad_primitives_py_8","taperAngle":0,"limit2":"@expr.d878_height","id":4}]])
[0m[0;32m[2026-09-16 14:19:02.585][VERB] RETURN: {"result":"$13464"}
[0m[0;32m[2026-09-16 14:19:02.586][VERB] COMMANDCALL: _C.SafeAPI.Execute(["v1.part.workPlane",[{"type":"PLANE","references":[38],"name":"F879_makeBox_cad_primitives_py_8_plane","offset":"@expr.d880_plane_offset","id":4}]])
[0m[0;32m[2026-09-16 14:19:02.591][VERB] RETURN: {"result":"$13507"}
[0m[0;32m[2026-09-16 14:19:02.591][VERB] COMMANDCALL: _C.SafeAPI.Execute(["v1.sketch.create",[{"planeId":13507,"name":"F879_makeBox_cad_primitives_py_8_profile","id":4}]])
[0m[0;32m[2026-09-16 14:19:02.593][VERB] RETURN: {"result":"$13513"}
[0m[0;32m[2026-09-16 14:19:02.594][VERB] COMMANDCALL: _C.SafeAPI.Execute(["v1.sketch.rectangle",[{"startPos":[83.5,-0.3,0],"id":13513,"genFixation":0,"endPos":[86.5,4,0]}]])
[0m[0;32m[2026-09-16 14:19:02.600][VERB] RETURN: {"result":["$13519","$13523","$13529","$13535"]}
[0m[0;32m[2026-09-16 14:19:02.600][VERB] COMMANDCALL: _C.SafeAPI.Execute(["v1.sketch.getPoints",[{"id":13519}]])
[0m[0;32m[2026-09-16 14:19:02.601][VERB] RETURN: {"result":{"endId":"$13521","startId":"$13520"}}
[0m[0;32m[2026-09-16 14:19:02.601][VERB] COMMANDCALL: _C.SafeAPI.Execute(["v1.sketch.point",[{"pos":[-1000,-1000,0],"id":13513}]])
[0m[0;32m[2026-09-16 14:19:02.603][VERB] RETURN: {"result":"$13551"}
[0m[0;32m[2026-09-16 14:19:02.603][VERB] COMMANDCALL: _C.SafeAPI.Execute(["v1.sketch.constraint",[{"type":"FIXATION","id":13513,"geomIds":[13551]}]])
[0m[0;32m[2026-09-16 14:19:02.604][VERB] RETURN: {"result":"$13553"}
[0m[0;32m[2026-09-16 14:19:02.605][VERB] COMMANDCALL: _C.SafeAPI.Execute(["v1.sketch.dimension",[{"type":"HORIZONTAL_DISTANCE","value":"@expr.d881_position_x","name":"position_x","id":13513,"geomIds":[13551,13520]}]])
[0m[0;32m[2026-09-16 14:19:02.610][VERB] RETURN: {"result":"$13557"}
[0m[0;32m[2026-09-16 14:19:02.611][VERB] COMMANDCALL: _C.SafeAPI.Execute(["v1.sketch.dimension",[{"type":"VERTICAL_DISTANCE","value":"@expr.d882_position_y","name":"position_y","id":13513,"geomIds":[13551,13520]}]])
[0m[0;32m[2026-09-16 14:19:02.617][VERB] RETURN: {"result":"$13561"}
[0m[0;32m[2026-09-16 14:19:02.617][VERB] COMMANDCALL: _C.SafeAPI.Execute(["v1.sketch.dimension",[{"type":"OFFSET","value":"@expr.d883_width","name":"width","id":13513,"geomIds":[13519]}]])
[0m[0;32m[2026-09-16 14:19:02.625][VERB] RETURN: {"result":"$13565"}
[0m[0;32m[2026-09-16 14:19:02.625][VERB] COMMANDCALL: _C.SafeAPI.Execute(["v1.sketch.dimension",[{"type":"OFFSET","value":"@expr.d884_depth","name":"depth","id":13513,"geomIds":[13523]}]])
[0m[0;32m[2026-09-16 14:19:02.633][VERB] RETURN: {"result":"$13569"}
[0m[0;32m[2026-09-16 14:19:02.634][VERB] COMMANDCALL: _C.SafeAPI.Execute(["v1.part.extrusion",[{"references":[13519,13523,13529,13535],"name":"F879_makeBox_cad_primitives_py_8","taperAngle":0,"limit2":"@expr.d885_height","id":4}]])
[0m[0;32m[2026-09-16 14:19:02.641][VERB] RETURN: {"result":"$13573"}
[0m[0;32m[2026-09-16 14:19:02.641][VERB] COMMANDCALL: _C.SafeAPI.Execute(["v1.part.workPlane",[{"type":"PLANE","references":[38],"name":"F886_makeBox_cad_primitives_py_8_plane","offset":"@expr.d887_plane_offset","id":4}]])
[0m[0;32m[2026-09-16 14:19:02.647][VERB] RETURN: {"result":"$13616"}
[0m[0;32m[2026-09-16 14:19:02.647][VERB] COMMANDCALL: _C.SafeAPI.Execute(["v1.sketch.create",[{"planeId":13616,"name":"F886_makeBox_cad_primitives_py_8_profile","id":4}]])
[0m[0;32m[2026-09-16 14:19:02.649][VERB] RETURN: {"result":"$13622"}
[0m[0;32m[2026-09-16 14:19:02.649][VERB] COMMANDCALL: _C.SafeAPI.Execute(["v1.sketch.rectangle",[{"startPos":[64.6,-0.3,0],"id":13622,"genFixation":0,"endPos":[67.6,4,0]}]])
[0m[0;32m[2026-09-16 14:19:02.656][VERB] RETURN: {"result":["$13628","$13632","$13638","$13644"]}
[0m[0;32m[2026-09-16 14:19:02.656][VERB] COMMANDCALL: _C.SafeAPI.Execute(["v1.sketch.getPoints",[{"id":13628}]])
[0m[0;32m[2026-09-16 14:19:02.656][VERB] RETURN: {"result":{"endId":"$13630","startId":"$13629"}}
[0m[0;32m[2026-09-16 14:19:02.656][VERB] COMMANDCALL: _C.SafeAPI.Execute(["v1.sketch.point",[{"pos":[-1000,-1000,0],"id":13622}]])
[0m[0;32m[2026-09-16 14:19:02.658][VERB] RETURN: {"result":"$13660"}
[0m[0;32m[2026-09-16 14:19:02.658][VERB] COMMANDCALL: _C.SafeAPI.Execute(["v1.sketch.constraint",[{"type":"FIXATION","id":13622,"geomIds":[13660]}]])
[0m[0;32m[2026-09-16 14:19:02.660][VERB] RETURN: {"result":"$13662"}
[0m[0;32m[2026-09-16 14:19:02.660][VERB] COMMANDCALL: _C.SafeAPI.Execute(["v1.sketch.dimension",[{"type":"HORIZONTAL_DISTANCE","value":"@expr.d888_position_x","name":"position_x","id":13622,"geomIds":[13660,13629]}]])
[0m[0;32m[2026-09-16 14:19:02.666][VERB] RETURN: {"result":"$13666"}
[0m[0;32m[2026-09-16 14:19:02.666][VERB] COMMANDCALL: _C.SafeAPI.Execute(["v1.sketch.dimension",[{"type":"VERTICAL_DISTANCE","value":"@expr.d889_position_y","name":"position_y","id":13622,"geomIds":[13660,13629]}]])
[0m[0;32m[2026-09-16 14:19:02.673][VERB] RETURN: {"result":"$13670"}
[0m[0;32m[2026-09-16 14:19:02.673][VERB] COMMANDCALL: _C.SafeAPI.Execute(["v1.sketch.dimension",[{"type":"OFFSET","value":"@expr.d890_width","name":"width","id":13622,"geomIds":[13628]}]])
[0m[0;32m[2026-09-16 14:19:02.681][VERB] RETURN: {"result":"$13674"}
[0m[0;32m[2026-09-16 14:19:02.681][VERB] COMMANDCALL: _C.SafeAPI.Execute(["v1.sketch.dimension",[{"type":"OFFSET","value":"@expr.d891_depth","name":"depth","id":13622,"geomIds":[13632]}]])
[0m[0;32m[2026-09-16 14:19:02.689][VERB] RETURN: {"result":"$13678"}
[0m[0;32m[2026-09-16 14:19:02.690][VERB] COMMANDCALL: _C.SafeAPI.Execute(["v1.part.extrusion",[{"references":[13628,13632,13638,13644],"name":"F886_makeBox_cad_primitives_py_8","taperAngle":0,"limit2":"@expr.d892_height","id":4}]])
[0m[0;32m[2026-09-16 14:19:02.697][VERB] RETURN: {"result":"$13682"}
[0m[0;32m[2026-09-16 14:19:02.697][VERB] COMMANDCALL: _C.SafeAPI.Execute(["v1.part.workPlane",[{"type":"PLANE","references":[38],"name":"F893_makeBox_cad_primitives_py_8_plane","offset":"@expr.d894_plane_offset","id":4}]])
[0m[0;32m[2026-09-16 14:19:02.703][VERB] RETURN: {"result":"$13725"}
[0m[0;32m[2026-09-16 14:19:02.703][VERB] COMMANDCALL: _C.SafeAPI.Execute(["v1.sketch.create",[{"planeId":13725,"name":"F893_makeBox_cad_primitives_py_8_profile","id":4}]])
[0m[0;32m[2026-09-16 14:19:02.705][VERB] RETURN: {"result":"$13731"}
[0m[0;32m[2026-09-16 14:19:02.705][VERB] COMMANDCALL: _C.SafeAPI.Execute(["v1.sketch.rectangle",[{"startPos":[4,0.65,0],"id":13731,"genFixation":0,"endPos":[7,2.6,0]}]])
[0m[0;32m[2026-09-16 14:19:02.712][VERB] RETURN: {"result":["$13737","$13741","$13747","$13753"]}
[0m[0;32m[2026-09-16 14:19:02.712][VERB] COMMANDCALL: _C.SafeAPI.Execute(["v1.sketch.getPoints",[{"id":13737}]])
[0m[0;32m[2026-09-16 14:19:02.712][VERB] RETURN: {"result":{"endId":"$13739","startId":"$13738"}}
[0m[0;32m[2026-09-16 14:19:02.712][VERB] COMMANDCALL: _C.SafeAPI.Execute(["v1.sketch.point",[{"pos":[-1000,-1000,0],"id":13731}]])
[0m[0;32m[2026-09-16 14:19:02.714][VERB] RETURN: {"result":"$13769"}
[0m[0;32m[2026-09-16 14:19:02.715][VERB] COMMANDCALL: _C.SafeAPI.Execute(["v1.sketch.constraint",[{"type":"FIXATION","id":13731,"geomIds":[13769]}]])
[0m[0;32m[2026-09-16 14:19:02.716][VERB] RETURN: {"result":"$13771"}
[0m[0;32m[2026-09-16 14:19:02.716][VERB] COMMANDCALL: _C.SafeAPI.Execute(["v1.sketch.dimension",[{"type":"HORIZONTAL_DISTANCE","value":"@expr.d895_position_x","name":"position_x","id":13731,"geomIds":[13769,13738]}]])
[0m[0;32m[2026-09-16 14:19:02.722][VERB] RETURN: {"result":"$13775"}
[0m[0;32m[2026-09-16 14:19:02.723][VERB] COMMANDCALL: _C.SafeAPI.Execute(["v1.sketch.dimension",[{"type":"VERTICAL_DISTANCE","value":"@expr.d896_position_y","name":"position_y","id":13731,"geomIds":[13769,13738]}]])
[0m[0;32m[2026-09-16 14:19:02.730][VERB] RETURN: {"result":"$13779"}
[0m[0;32m[2026-09-16 14:19:02.730][VERB] COMMANDCALL: _C.SafeAPI.Execute(["v1.sketch.dimension",[{"type":"OFFSET","value":"@expr.d897_width","name":"width","id":13731,"geomIds":[13737]}]])
[0m[0;32m[2026-09-16 14:19:02.738][VERB] RETURN: {"result":"$13783"}
[0m[0;32m[2026-09-16 14:19:02.738][VERB] COMMANDCALL: _C.SafeAPI.Execute(["v1.sketch.dimension",[{"type":"OFFSET","value":"@expr.d898_depth","name":"depth","id":13731,"geomIds":[13741]}]])
[0m[0;32m[2026-09-16 14:19:02.746][VERB] RETURN: {"result":"$13787"}
[0m[0;32m[2026-09-16 14:19:02.747][VERB] COMMANDCALL: _C.SafeAPI.Execute(["v1.part.extrusion",[{"references":[13737,13741,13747,13753],"name":"F893_makeBox_cad_primitives_py_8","taperAngle":0,"limit2":"@expr.d899_height","id":4}]])
[0m[0;32m[2026-09-16 14:19:02.755][VERB] RETURN: {"result":"$13791"}
[0m[0;32m[2026-09-16 14:19:02.755][VERB] COMMANDCALL: _C.SafeAPI.Execute(["v1.part.workPlane",[{"type":"PLANE","references":[38],"name":"F900_makeBox_cad_primitives_py_8_plane","offset":"@expr.d901_plane_offset","id":4}]])
[0m[0;32m[2026-09-16 14:19:02.761][VERB] RETURN: {"result":"$13834"}
[0m[0;32m[2026-09-16 14:19:02.761][VERB] COMMANDCALL: _C.SafeAPI.Execute(["v1.sketch.create",[{"planeId":13834,"name":"F900_makeBox_cad_primitives_py_8_profile","id":4}]])
[0m[0;32m[2026-09-16 14:19:02.763][VERB] RETURN: {"result":"$13840"}
[0m[0;32m[2026-09-16 14:19:02.763][VERB] COMMANDCALL: _C.SafeAPI.Execute(["v1.sketch.rectangle",[{"startPos":[17,0.65,0],"id":13840,"genFixation":0,"endPos":[20,2.6,0]}]])
[0m[0;32m[2026-09-16 14:19:02.770][VERB] RETURN: {"result":["$13846","$13850","$13856","$13862"]}
[0m[0;32m[2026-09-16 14:19:02.771][VERB] COMMANDCALL: _C.SafeAPI.Execute(["v1.sketch.getPoints",[{"id":13846}]])
[0m[0;32m[2026-09-16 14:19:02.771][VERB] RETURN: {"result":{"endId":"$13848","startId":"$13847"}}
[0m[0;32m[2026-09-16 14:19:02.771][VERB] COMMANDCALL: _C.SafeAPI.Execute(["v1.sketch.point",[{"pos":[-1000,-1000,0],"id":13840}]])
[0m[0;32m[2026-09-16 14:19:02.773][VERB] RETURN: {"result":"$13878"}
[0m[0;32m[2026-09-16 14:19:02.773][VERB] COMMANDCALL: _C.SafeAPI.Execute(["v1.sketch.constraint",[{"type":"FIXATION","id":13840,"geomIds":[13878]}]])
[0m[0;32m[2026-09-16 14:19:02.775][VERB] RETURN: {"result":"$13880"}
[0m[0;32m[2026-09-16 14:19:02.775][VERB] COMMANDCALL: _C.SafeAPI.Execute(["v1.sketch.dimension",[{"type":"HORIZONTAL_DISTANCE","value":"@expr.d902_position_x","name":"position_x","id":13840,"geomIds":[13878,13847]}]])
[0m[0;32m[2026-09-16 14:19:02.781][VERB] RETURN: {"result":"$13884"}
[0m[0;32m[2026-09-16 14:19:02.781][VERB] COMMANDCALL: _C.SafeAPI.Execute(["v1.sketch.dimension",[{"type":"VERTICAL_DISTANCE","value":"@expr.d903_position_y","name":"position_y","id":13840,"geomIds":[13878,13847]}]])
[0m[0;32m[2026-09-16 14:19:02.788][VERB] RETURN: {"result":"$13888"}
[0m[0;32m[2026-09-16 14:19:02.788][VERB] COMMANDCALL: _C.SafeAPI.Execute(["v1.sketch.dimension",[{"type":"OFFSET","value":"@expr.d904_width","name":"width","id":13840,"geomIds":[13846]}]])
[0m[0;32m[2026-09-16 14:19:02.796][VERB] RETURN: {"result":"$13892"}
[0m[0;32m[2026-09-16 14:19:02.796][VERB] COMMANDCALL: _C.SafeAPI.Execute(["v1.sketch.dimension",[{"type":"OFFSET","value":"@expr.d905_depth","name":"depth","id":13840,"geomIds":[13850]}]])
[0m[0;32m[2026-09-16 14:19:02.805][VERB] RETURN: {"result":"$13896"}
[0m[0;32m[2026-09-16 14:19:02.805][VERB] COMMANDCALL: _C.SafeAPI.Execute(["v1.part.extrusion",[{"references":[13846,13850,13856,13862],"name":"F900_makeBox_cad_primitives_py_8","taperAngle":0,"limit2":"@expr.d906_height","id":4}]])
[0m[0;32m[2026-09-16 14:19:02.813][VERB] RETURN: {"result":"$13900"}
[0m[0;32m[2026-09-16 14:19:02.814][VERB] COMMANDCALL: _C.SafeAPI.Execute(["v1.part.workPlane",[{"type":"PLANE","references":[38],"name":"F907_makeBox_cad_primitives_py_8_plane","offset":"@expr.d908_plane_offset","id":4}]])
[0m[0;32m[2026-09-16 14:19:02.819][VERB] RETURN: {"result":"$13943"}
[0m[0;32m[2026-09-16 14:19:02.820][VERB] COMMANDCALL: _C.SafeAPI.Execute(["v1.sketch.create",[{"planeId":13943,"name":"F907_makeBox_cad_primitives_py_8_profile","id":4}]])
[0m[0;32m[2026-09-16 14:19:02.822][VERB] RETURN: {"result":"$13949"}
[0m[0;32m[2026-09-16 14:19:02.822][VERB] COMMANDCALL: _C.SafeAPI.Execute(["v1.sketch.rectangle",[{"startPos":[10.5,23.8,0],"id":13949,"genFixation":0,"endPos":[13.5,27.8,0]}]])
[0m[0;32m[2026-09-16 14:19:02.829][VERB] RETURN: {"result":["$13955","$13959","$13965","$13971"]}
[0m[0;32m[2026-09-16 14:19:02.829][VERB] COMMANDCALL: _C.SafeAPI.Execute(["v1.sketch.getPoints",[{"id":13955}]])
[0m[0;32m[2026-09-16 14:19:02.830][VERB] RETURN: {"result":{"endId":"$13957","startId":"$13956"}}
[0m[0;32m[2026-09-16 14:19:02.830][VERB] COMMANDCALL: _C.SafeAPI.Execute(["v1.sketch.point",[{"pos":[-1000,-1000,0],"id":13949}]])
[0m[0;32m[2026-09-16 14:19:02.832][VERB] RETURN: {"result":"$13987"}
[0m[0;32m[2026-09-16 14:19:02.832][VERB] COMMANDCALL: _C.SafeAPI.Execute(["v1.sketch.constraint",[{"type":"FIXATION","id":13949,"geomIds":[13987]}]])
[0m[0;32m[2026-09-16 14:19:02.834][VERB] RETURN: {"result":"$13989"}
[0m[0;32m[2026-09-16 14:19:02.834][VERB] COMMANDCALL: _C.SafeAPI.Execute(["v1.sketch.dimension",[{"type":"HORIZONTAL_DISTANCE","value":"@expr.d909_position_x","name":"position_x","id":13949,"geomIds":[13987,13956]}]])
[0m[0;32m[2026-09-16 14:19:02.840][VERB] RETURN: {"result":"$13993"}
[0m[0;32m[2026-09-16 14:19:02.840][VERB] COMMANDCALL: _C.SafeAPI.Execute(["v1.sketch.dimension",[{"type":"VERTICAL_DISTANCE","value":"@expr.d910_position_y","name":"position_y","id":13949,"geomIds":[13987,13956]}]])
[0m[0;32m[2026-09-16 14:19:02.847][VERB] RETURN: {"result":"$13997"}
[0m[0;32m[2026-09-16 14:19:02.847][VERB] COMMANDCALL: _C.SafeAPI.Execute(["v1.sketch.dimension",[{"type":"OFFSET","value":"@expr.d911_width","name":"width","id":13949,"geomIds":[13955]}]])
[0m[0;32m[2026-09-16 14:19:02.855][VERB] RETURN: {"result":"$14001"}
[0m[0;32m[2026-09-16 14:19:02.856][VERB] COMMANDCALL: _C.SafeAPI.Execute(["v1.sketch.dimension",[{"type":"OFFSET","value":"@expr.d912_depth","name":"depth","id":13949,"geomIds":[13959]}]])
[0m[0;32m[2026-09-16 14:19:02.864][VERB] RETURN: {"result":"$14005"}
[0m[0;32m[2026-09-16 14:19:02.865][VERB] COMMANDCALL: _C.SafeAPI.Execute(["v1.part.extrusion",[{"references":[13955,13959,13965,13971],"name":"F907_makeBox_cad_primitives_py_8","taperAngle":0,"limit2":"@expr.d913_height","id":4}]])
[0m[0;32m[2026-09-16 14:19:02.872][VERB] RETURN: {"result":"$14009"}
[0m[0;32m[2026-09-16 14:19:02.873][VERB] COMMANDCALL: _C.SafeAPI.Execute(["v1.part.workPlane",[{"type":"PLANE","references":[38],"name":"F914_makeBox_cad_primitives_py_8_plane","offset":"@expr.d915_plane_offset","id":4}]])
[0m[0;32m[2026-09-16 14:19:02.879][VERB] RETURN: {"result":"$14052"}
[0m[0;32m[2026-09-16 14:19:02.879][VERB] COMMANDCALL: _C.SafeAPI.Execute(["v1.sketch.create",[{"planeId":14052,"name":"F914_makeBox_cad_primitives_py_8_profile","id":4}]])
[0m[0;32m[2026-09-16 14:19:02.881][VERB] RETURN: {"result":"$14058"}
[0m[0;32m[2026-09-16 14:19:02.882][VERB] COMMANDCALL: _C.SafeAPI.Execute(["v1.sketch.rectangle",[{"startPos":[40,23.8,0],"id":14058,"genFixation":0,"endPos":[43,27.8,0]}]])
[0m[0;32m[2026-09-16 14:19:02.889][VERB] RETURN: {"result":["$14064","$14068","$14074","$14080"]}
[0m[0;32m[2026-09-16 14:19:02.889][VERB] COMMANDCALL: _C.SafeAPI.Execute(["v1.sketch.getPoints",[{"id":14064}]])
[0m[0;32m[2026-09-16 14:19:02.889][VERB] RETURN: {"result":{"endId":"$14066","startId":"$14065"}}
[0m[0;32m[2026-09-16 14:19:02.889][VERB] COMMANDCALL: _C.SafeAPI.Execute(["v1.sketch.point",[{"pos":[-1000,-1000,0],"id":14058}]])
[0m[0;32m[2026-09-16 14:19:02.892][VERB] RETURN: {"result":"$14096"}
[0m[0;32m[2026-09-16 14:19:02.892][VERB] COMMANDCALL: _C.SafeAPI.Execute(["v1.sketch.constraint",[{"type":"FIXATION","id":14058,"geomIds":[14096]}]])
[0m[0;32m[2026-09-16 14:19:02.894][VERB] RETURN: {"result":"$14098"}
[0m[0;32m[2026-09-16 14:19:02.894][VERB] COMMANDCALL: _C.SafeAPI.Execute(["v1.sketch.dimension",[{"type":"HORIZONTAL_DISTANCE","value":"@expr.d916_position_x","name":"position_x","id":14058,"geomIds":[14096,14065]}]])
[0m[0;32m[2026-09-16 14:19:02.900][VERB] RETURN: {"result":"$14102"}
[0m[0;32m[2026-09-16 14:19:02.900][VERB] COMMANDCALL: _C.SafeAPI.Execute(["v1.sketch.dimension",[{"type":"VERTICAL_DISTANCE","value":"@expr.d917_position_y","name":"position_y","id":14058,"geomIds":[14096,14065]}]])
[0m[0;32m[2026-09-16 14:19:02.907][VERB] RETURN: {"result":"$14106"}
[0m[0;32m[2026-09-16 14:19:02.907][VERB] COMMANDCALL: _C.SafeAPI.Execute(["v1.sketch.dimension",[{"type":"OFFSET","value":"@expr.d918_width","name":"width","id":14058,"geomIds":[14064]}]])
[0m[0;32m[2026-09-16 14:19:02.915][VERB] RETURN: {"result":"$14110"}
[0m[0;32m[2026-09-16 14:19:02.916][VERB] COMMANDCALL: _C.SafeAPI.Execute(["v1.sketch.dimension",[{"type":"OFFSET","value":"@expr.d919_depth","name":"depth","id":14058,"geomIds":[14068]}]])
[0m[0;32m[2026-09-16 14:19:02.924][VERB] RETURN: {"result":"$14114"}
[0m[0;32m[2026-09-16 14:19:02.925][VERB] COMMANDCALL: _C.SafeAPI.Execute(["v1.part.extrusion",[{"references":[14064,14068,14074,14080],"name":"F914_makeBox_cad_primitives_py_8","taperAngle":0,"limit2":"@expr.d920_height","id":4}]])
[0m[0;32m[2026-09-16 14:19:02.933][VERB] RETURN: {"result":"$14118"}
[0m[0;32m[2026-09-16 14:19:02.933][VERB] COMMANDCALL: _C.SafeAPI.Execute(["v1.part.workPlane",[{"type":"PLANE","references":[38],"name":"F921_makeBox_cad_primitives_py_8_plane","offset":"@expr.d922_plane_offset","id":4}]])
[0m[0;32m[2026-09-16 14:19:02.939][VERB] RETURN: {"result":"$14161"}
[0m[0;32m[2026-09-16 14:19:02.939][VERB] COMMANDCALL: _C.SafeAPI.Execute(["v1.sketch.create",[{"planeId":14161,"name":"F921_makeBox_cad_primitives_py_8_profile","id":4}]])
[0m[0;32m[2026-09-16 14:19:02.941][VERB] RETURN: {"result":"$14167"}
[0m[0;32m[2026-09-16 14:19:02.941][VERB] COMMANDCALL: _C.SafeAPI.Execute(["v1.sketch.rectangle",[{"startPos":[61.6,24.4,0],"id":14167,"genFixation":0,"endPos":[68.6,36.7,0]}]])
[0m[0;32m[2026-09-16 14:19:02.949][VERB] RETURN: {"result":["$14173","$14177","$14183","$14189"]}
[0m[0;32m[2026-09-16 14:19:02.949][VERB] COMMANDCALL: _C.SafeAPI.Execute(["v1.sketch.getPoints",[{"id":14173}]])
[0m[0;32m[2026-09-16 14:19:02.949][VERB] RETURN: {"result":{"endId":"$14175","startId":"$14174"}}
[0m[0;32m[2026-09-16 14:19:02.949][VERB] COMMANDCALL: _C.SafeAPI.Execute(["v1.sketch.point",[{"pos":[-1000,-1000,0],"id":14167}]])
[0m[0;32m[2026-09-16 14:19:02.952][VERB] RETURN: {"result":"$14205"}
[0m[0;32m[2026-09-16 14:19:02.952][VERB] COMMANDCALL: _C.SafeAPI.Execute(["v1.sketch.constraint",[{"type":"FIXATION","id":14167,"geomIds":[14205]}]])
[0m[0;32m[2026-09-16 14:19:02.953][VERB] RETURN: {"result":"$14207"}
[0m[0;32m[2026-09-16 14:19:02.954][VERB] COMMANDCALL: _C.SafeAPI.Execute(["v1.sketch.dimension",[{"type":"HORIZONTAL_DISTANCE","value":"@expr.d923_position_x","name":"position_x","id":14167,"geomIds":[14205,14174]}]])
[0m[0;32m[2026-09-16 14:19:02.960][VERB] RETURN: {"result":"$14211"}
[0m[0;32m[2026-09-16 14:19:02.960][VERB] COMMANDCALL: _C.SafeAPI.Execute(["v1.sketch.dimension",[{"type":"VERTICAL_DISTANCE","value":"@expr.d924_position_y","name":"position_y","id":14167,"geomIds":[14205,14174]}]])
[0m[0;32m[2026-09-16 14:19:02.967][VERB] RETURN: {"result":"$14215"}
[0m[0;32m[2026-09-16 14:19:02.967][VERB] COMMANDCALL: _C.SafeAPI.Execute(["v1.sketch.dimension",[{"type":"OFFSET","value":"@expr.d925_width","name":"width","id":14167,"geomIds":[14173]}]])
[0m[0;32m[2026-09-16 14:19:02.975][VERB] RETURN: {"result":"$14219"}
[0m[0;32m[2026-09-16 14:19:02.976][VERB] COMMANDCALL: _C.SafeAPI.Execute(["v1.sketch.dimension",[{"type":"OFFSET","value":"@expr.d926_depth","name":"depth","id":14167,"geomIds":[14177]}]])
[0m[0;32m[2026-09-16 14:19:02.984][VERB] RETURN: {"result":"$14223"}
[0m[0;32m[2026-09-16 14:19:02.985][VERB] COMMANDCALL: _C.SafeAPI.Execute(["v1.part.extrusion",[{"references":[14173,14177,14183,14189],"name":"F921_makeBox_cad_primitives_py_8","taperAngle":0,"limit2":"@expr.d927_height","id":4}]])
[0m[0;32m[2026-09-16 14:19:02.992][VERB] RETURN: {"result":"$14227"}
[0m[0;32m[2026-09-16 14:19:02.993][VERB] COMMANDCALL: _C.SafeAPI.Execute(["v1.part.workPlane",[{"type":"PLANE","references":[38],"name":"F928_makeBox_cad_primitives_py_8_plane","offset":"@expr.d929_plane_offset","id":4}]])
[0m[0;32m[2026-09-16 14:19:02.998][VERB] RETURN: {"result":"$14270"}
[0m[0;32m[2026-09-16 14:19:02.999][VERB] COMMANDCALL: _C.SafeAPI.Execute(["v1.sketch.create",[{"planeId":14270,"name":"F928_makeBox_cad_primitives_py_8_profile","id":4}]])
[0m[0;32m[2026-09-16 14:19:03.001][VERB] RETURN: {"result":"$14276"}
[0m[0;32m[2026-09-16 14:19:03.001][VERB] COMMANDCALL: _C.SafeAPI.Execute(["v1.sketch.rectangle",[{"startPos":[50.2,2.3,0],"id":14276,"genFixation":0,"endPos":[53.8,5.1,0]}]])
[0m[0;32m[2026-09-16 14:19:03.008][VERB] RETURN: {"result":["$14282","$14286","$14292","$14298"]}
[0m[0;32m[2026-09-16 14:19:03.008][VERB] COMMANDCALL: _C.SafeAPI.Execute(["v1.sketch.getPoints",[{"id":14282}]])
[0m[0;32m[2026-09-16 14:19:03.009][VERB] RETURN: {"result":{"endId":"$14284","startId":"$14283"}}
[0m[0;32m[2026-09-16 14:19:03.009][VERB] COMMANDCALL: _C.SafeAPI.Execute(["v1.sketch.point",[{"pos":[-1000,-1000,0],"id":14276}]])
[0m[0;32m[2026-09-16 14:19:03.011][VERB] RETURN: {"result":"$14314"}
[0m[0;32m[2026-09-16 14:19:03.011][VERB] COMMANDCALL: _C.SafeAPI.Execute(["v1.sketch.constraint",[{"type":"FIXATION","id":14276,"geomIds":[14314]}]])
[0m[0;32m[2026-09-16 14:19:03.013][VERB] RETURN: {"result":"$14316"}
[0m[0;32m[2026-09-16 14:19:03.013][VERB] COMMANDCALL: _C.SafeAPI.Execute(["v1.sketch.dimension",[{"type":"HORIZONTAL_DISTANCE","value":"@expr.d930_position_x","name":"position_x","id":14276,"geomIds":[14314,14283]}]])
[0m[0;32m[2026-09-16 14:19:03.019][VERB] RETURN: {"result":"$14320"}
[0m[0;32m[2026-09-16 14:19:03.019][VERB] COMMANDCALL: _C.SafeAPI.Execute(["v1.sketch.dimension",[{"type":"VERTICAL_DISTANCE","value":"@expr.d931_position_y","name":"position_y","id":14276,"geomIds":[14314,14283]}]])
[0m[0;32m[2026-09-16 14:19:03.026][VERB] RETURN: {"result":"$14324"}
[0m[0;32m[2026-09-16 14:19:03.026][VERB] COMMANDCALL: _C.SafeAPI.Execute(["v1.sketch.dimension",[{"type":"OFFSET","value":"@expr.d932_width","name":"width","id":14276,"geomIds":[14282]}]])
[0m[0;32m[2026-09-16 14:19:03.034][VERB] RETURN: {"result":"$14328"}
[0m[0;32m[2026-09-16 14:19:03.034][VERB] COMMANDCALL: _C.SafeAPI.Execute(["v1.sketch.dimension",[{"type":"OFFSET","value":"@expr.d933_depth","name":"depth","id":14276,"geomIds":[14286]}]])
[0m[0;32m[2026-09-16 14:19:03.043][VERB] RETURN: {"result":"$14332"}
[0m[0;32m[2026-09-16 14:19:03.043][VERB] COMMANDCALL: _C.SafeAPI.Execute(["v1.part.extrusion",[{"references":[14282,14286,14292,14298],"name":"F928_makeBox_cad_primitives_py_8","taperAngle":0,"limit2":"@expr.d934_height","id":4}]])
[0m[0;32m[2026-09-16 14:19:03.051][VERB] RETURN: {"result":"$14336"}
[0m[0;32m[2026-09-16 14:19:03.052][VERB] COMMANDCALL: _C.SafeAPI.Execute(["v1.part.workPlane",[{"type":"PLANE","references":[38],"name":"F935_makeBox_cad_primitives_py_8_plane","offset":"@expr.d936_plane_offset","id":4}]])
[0m[0;32m[2026-09-16 14:19:03.057][VERB] RETURN: {"result":"$14379"}
[0m[0;32m[2026-09-16 14:19:03.057][VERB] COMMANDCALL: _C.SafeAPI.Execute(["v1.sketch.create",[{"planeId":14379,"name":"F935_makeBox_cad_primitives_py_8_profile","id":4}]])
[0m[0;32m[2026-09-16 14:19:03.060][VERB] RETURN: {"result":"$14385"}
[0m[0;32m[2026-09-16 14:19:03.060][VERB] COMMANDCALL: _C.SafeAPI.Execute(["v1.sketch.rectangle",[{"startPos":[50.6,24.5,0],"id":14385,"genFixation":0,"endPos":[53.85,25.8,0]}]])
[0m[0;32m[2026-09-16 14:19:03.067][VERB] RETURN: {"result":["$14391","$14395","$14401","$14407"]}
[0m[0;32m[2026-09-16 14:19:03.067][VERB] COMMANDCALL: _C.SafeAPI.Execute(["v1.sketch.getPoints",[{"id":14391}]])
[0m[0;32m[2026-09-16 14:19:03.067][VERB] RETURN: {"result":{"endId":"$14393","startId":"$14392"}}
[0m[0;32m[2026-09-16 14:19:03.068][VERB] COMMANDCALL: _C.SafeAPI.Execute(["v1.sketch.point",[{"pos":[-1000,-1000,0],"id":14385}]])
[0m[0;32m[2026-09-16 14:19:03.070][VERB] RETURN: {"result":"$14423"}
[0m[0;32m[2026-09-16 14:19:03.070][VERB] COMMANDCALL: _C.SafeAPI.Execute(["v1.sketch.constraint",[{"type":"FIXATION","id":14385,"geomIds":[14423]}]])
[0m[0;32m[2026-09-16 14:19:03.071][VERB] RETURN: {"result":"$14425"}
[0m[0;32m[2026-09-16 14:19:03.072][VERB] COMMANDCALL: _C.SafeAPI.Execute(["v1.sketch.dimension",[{"type":"HORIZONTAL_DISTANCE","value":"@expr.d937_position_x","name":"position_x","id":14385,"geomIds":[14423,14392]}]])
[0m[0;32m[2026-09-16 14:19:03.078][VERB] RETURN: {"result":"$14429"}
[0m[0;32m[2026-09-16 14:19:03.078][VERB] COMMANDCALL: _C.SafeAPI.Execute(["v1.sketch.dimension",[{"type":"VERTICAL_DISTANCE","value":"@expr.d938_position_y","name":"position_y","id":14385,"geomIds":[14423,14392]}]])
[0m[0;32m[2026-09-16 14:19:03.085][VERB] RETURN: {"result":"$14433"}
[0m[0;32m[2026-09-16 14:19:03.085][VERB] COMMANDCALL: _C.SafeAPI.Execute(["v1.sketch.dimension",[{"type":"OFFSET","value":"@expr.d939_width","name":"width","id":14385,"geomIds":[14391]}]])
[0m[0;32m[2026-09-16 14:19:03.093][VERB] RETURN: {"result":"$14437"}
[0m[0;32m[2026-09-16 14:19:03.093][VERB] COMMANDCALL: _C.SafeAPI.Execute(["v1.sketch.dimension",[{"type":"OFFSET","value":"@expr.d940_depth","name":"depth","id":14385,"geomIds":[14395]}]])
[0m[0;32m[2026-09-16 14:19:03.102][VERB] RETURN: {"result":"$14441"}
[0m[0;32m[2026-09-16 14:19:03.103][VERB] COMMANDCALL: _C.SafeAPI.Execute(["v1.part.extrusion",[{"references":[14391,14395,14401,14407],"name":"F935_makeBox_cad_primitives_py_8","taperAngle":0,"limit2":"@expr.d941_height","id":4}]])
[0m[0;32m[2026-09-16 14:19:03.111][VERB] RETURN: {"result":"$14445"}
[0m[0;32m[2026-09-16 14:19:03.111][VERB] COMMANDCALL: _C.SafeAPI.Execute(["v1.part.workPlane",[{"type":"PLANE","references":[38],"name":"F942_makeBox_cad_primitives_py_8_plane","offset":"@expr.d943_plane_offset","id":4}]])
[0m[0;32m[2026-09-16 14:19:03.117][VERB] RETURN: {"result":"$14488"}
[0m[0;32m[2026-09-16 14:19:03.117][VERB] COMMANDCALL: _C.SafeAPI.Execute(["v1.sketch.create",[{"planeId":14488,"name":"F942_makeBox_cad_primitives_py_8_profile","id":4}]])
[0m[0;32m[2026-09-16 14:19:03.119][VERB] RETURN: {"result":"$14494"}
[0m[0;32m[2026-09-16 14:19:03.120][VERB] COMMANDCALL: _C.SafeAPI.Execute(["v1.sketch.rectangle",[{"startPos":[52.3,24.5,0],"id":14494,"genFixation":0,"endPos":[53.85,27.5,0]}]])
[0m[0;32m[2026-09-16 14:19:03.127][VERB] RETURN: {"result":["$14500","$14504","$14510","$14516"]}
[0m[0;32m[2026-09-16 14:19:03.127][VERB] COMMANDCALL: _C.SafeAPI.Execute(["v1.sketch.getPoints",[{"id":14500}]])
[0m[0;32m[2026-09-16 14:19:03.127][VERB] RETURN: {"result":{"endId":"$14502","startId":"$14501"}}
[0m[0;32m[2026-09-16 14:19:03.127][VERB] COMMANDCALL: _C.SafeAPI.Execute(["v1.sketch.point",[{"pos":[-1000,-1000,0],"id":14494}]])
[0m[0;32m[2026-09-16 14:19:03.129][VERB] RETURN: {"result":"$14532"}
[0m[0;32m[2026-09-16 14:19:03.130][VERB] COMMANDCALL: _C.SafeAPI.Execute(["v1.sketch.constraint",[{"type":"FIXATION","id":14494,"geomIds":[14532]}]])
[0m[0;32m[2026-09-16 14:19:03.131][VERB] RETURN: {"result":"$14534"}
[0m[0;32m[2026-09-16 14:19:03.132][VERB] COMMANDCALL: _C.SafeAPI.Execute(["v1.sketch.dimension",[{"type":"HORIZONTAL_DISTANCE","value":"@expr.d944_position_x","name":"position_x","id":14494,"geomIds":[14532,14501]}]])
[0m[0;32m[2026-09-16 14:19:03.138][VERB] RETURN: {"result":"$14538"}
[0m[0;32m[2026-09-16 14:19:03.138][VERB] COMMANDCALL: _C.SafeAPI.Execute(["v1.sketch.dimension",[{"type":"VERTICAL_DISTANCE","value":"@expr.d945_position_y","name":"position_y","id":14494,"geomIds":[14532,14501]}]])
[0m[0;32m[2026-09-16 14:19:03.145][VERB] RETURN: {"result":"$14542"}
[0m[0;32m[2026-09-16 14:19:03.145][VERB] COMMANDCALL: _C.SafeAPI.Execute(["v1.sketch.dimension",[{"type":"OFFSET","value":"@expr.d946_width","name":"width","id":14494,"geomIds":[14500]}]])
[0m[0;32m[2026-09-16 14:19:03.153][VERB] RETURN: {"result":"$14546"}
[0m[0;32m[2026-09-16 14:19:03.153][VERB] COMMANDCALL: _C.SafeAPI.Execute(["v1.sketch.dimension",[{"type":"OFFSET","value":"@expr.d947_depth","name":"depth","id":14494,"geomIds":[14504]}]])
[0m[0;32m[2026-09-16 14:19:03.162][VERB] RETURN: {"result":"$14550"}
[0m[0;32m[2026-09-16 14:19:03.162][VERB] COMMANDCALL: _C.SafeAPI.Execute(["v1.part.extrusion",[{"references":[14500,14504,14510,14516],"name":"F942_makeBox_cad_primitives_py_8","taperAngle":0,"limit2":"@expr.d948_height","id":4}]])
[0m[0;32m[2026-09-16 14:19:03.170][VERB] RETURN: {"result":"$14554"}
[0m[0;32m[2026-09-16 14:19:03.170][VERB] COMMANDCALL: _C.SafeAPI.Execute(["v1.part.boolean",[{"type":"UNION","tools":[9867,9976,10085,10194,10303,10412,10521,10630,10739,10848,10957,11066,11175,11284,11393,11502,11611,11720,11829,11938,12047,12156,12265,12374,12483,12592,12701,12810,12919,13028,13137,13246,13355,13464,13573,13682,1379 ...
[0m[0;32m[2026-09-16 14:19:03.352][VERB] RETURN: {"result":"$14597"}
[0m[0;32m[2026-09-16 14:19:03.353][VERB] COMMANDCALL: _C.SafeAPI.Execute(["v1.part.workPlane",[{"type":"PLANE","references":[38],"name":"F949_makeBox_cad_primitives_py_8_plane","offset":"@expr.d950_plane_offset","id":4}]])
[0m[0;32m[2026-09-16 14:19:03.358][VERB] RETURN: {"result":"$16613"}
[0m[0;32m[2026-09-16 14:19:03.358][VERB] COMMANDCALL: _C.SafeAPI.Execute(["v1.sketch.create",[{"planeId":16613,"name":"F949_makeBox_cad_primitives_py_8_profile","id":4}]])
[0m[0;32m[2026-09-16 14:19:03.361][VERB] RETURN: {"result":"$16619"}
[0m[0;32m[2026-09-16 14:19:03.361][VERB] COMMANDCALL: _C.SafeAPI.Execute(["v1.sketch.rectangle",[{"startPos":[73,21.8,0],"id":16619,"genFixation":0,"endPos":[77,25.1,0]}]])
[0m[0;32m[2026-09-16 14:19:03.368][VERB] RETURN: {"result":["$16625","$16629","$16635","$16641"]}
[0m[0;32m[2026-09-16 14:19:03.368][VERB] COMMANDCALL: _C.SafeAPI.Execute(["v1.sketch.getPoints",[{"id":16625}]])
[0m[0;32m[2026-09-16 14:19:03.369][VERB] RETURN: {"result":{"endId":"$16627","startId":"$16626"}}
[0m[0;32m[2026-09-16 14:19:03.369][VERB] COMMANDCALL: _C.SafeAPI.Execute(["v1.sketch.point",[{"pos":[-1000,-1000,0],"id":16619}]])
[0m[0;32m[2026-09-16 14:19:03.371][VERB] RETURN: {"result":"$16657"}
[0m[0;32m[2026-09-16 14:19:03.371][VERB] COMMANDCALL: _C.SafeAPI.Execute(["v1.sketch.constraint",[{"type":"FIXATION","id":16619,"geomIds":[16657]}]])
[0m[0;32m[2026-09-16 14:19:03.373][VERB] RETURN: {"result":"$16659"}
[0m[0;32m[2026-09-16 14:19:03.373][VERB] COMMANDCALL: _C.SafeAPI.Execute(["v1.sketch.dimension",[{"type":"HORIZONTAL_DISTANCE","value":"@expr.d951_position_x","name":"position_x","id":16619,"geomIds":[16657,16626]}]])
[0m[0;32m[2026-09-16 14:19:03.379][VERB] RETURN: {"result":"$16663"}
[0m[0;32m[2026-09-16 14:19:03.379][VERB] COMMANDCALL: _C.SafeAPI.Execute(["v1.sketch.dimension",[{"type":"VERTICAL_DISTANCE","value":"@expr.d952_position_y","name":"position_y","id":16619,"geomIds":[16657,16626]}]])
[0m[0;32m[2026-09-16 14:19:03.386][VERB] RETURN: {"result":"$16667"}
[0m[0;32m[2026-09-16 14:19:03.387][VERB] COMMANDCALL: _C.SafeAPI.Execute(["v1.sketch.dimension",[{"type":"OFFSET","value":"@expr.d953_width","name":"width","id":16619,"geomIds":[16625]}]])
[0m[0;32m[2026-09-16 14:19:03.395][VERB] RETURN: {"result":"$16671"}
[0m[0;32m[2026-09-16 14:19:03.395][VERB] COMMANDCALL: _C.SafeAPI.Execute(["v1.sketch.dimension",[{"type":"OFFSET","value":"@expr.d954_depth","name":"depth","id":16619,"geomIds":[16629]}]])
[0m[0;32m[2026-09-16 14:19:03.404][VERB] RETURN: {"result":"$16675"}
[0m[0;32m[2026-09-16 14:19:03.404][VERB] COMMANDCALL: _C.SafeAPI.Execute(["v1.part.extrusion",[{"references":[16625,16629,16635,16641],"name":"F949_makeBox_cad_primitives_py_8","taperAngle":0,"limit2":"@expr.d955_height","id":4}]])
[0m[0;32m[2026-09-16 14:19:03.412][VERB] RETURN: {"result":"$16679"}
[0m[0;32m[2026-09-16 14:19:03.413][VERB] COMMANDCALL: _C.SafeAPI.Execute(["v1.part.boolean",[{"type":"SUBTRACTION","tools":[16679],"target":14597,"name":"F50_cut_housing_py_273","id":4}]])
[0m[0;32m[2026-09-16 14:19:03.429][VERB] RETURN: {"result":"$16722"}
[0m[0;32m[2026-09-16 14:19:03.429][VERB] COMMANDCALL: _C.SafeAPI.Execute(["v1.part.workPlane",[{"type":"PLANE","references":[38],"name":"F956_makeBox_cad_primitives_py_8_plane","offset":"@expr.d957_plane_offset","id":4}]])
[0m[0;32m[2026-09-16 14:19:03.435][VERB] RETURN: {"result":"$16768"}
[0m[0;32m[2026-09-16 14:19:03.436][VERB] COMMANDCALL: _C.SafeAPI.Execute(["v1.sketch.create",[{"planeId":16768,"name":"F956_makeBox_cad_primitives_py_8_profile","id":4}]])
[0m[0;32m[2026-09-16 14:19:03.438][VERB] RETURN: {"result":"$16774"}
[0m[0;32m[2026-09-16 14:19:03.438][VERB] COMMANDCALL: _C.SafeAPI.Execute(["v1.sketch.rectangle",[{"startPos":[1.6,23.9,0],"id":16774,"genFixation":0,"endPos":[2.8,27.4,0]}]])
[0m[0;32m[2026-09-16 14:19:03.445][VERB] RETURN: {"result":["$16780","$16784","$16790","$16796"]}
[0m[0;32m[2026-09-16 14:19:03.445][VERB] COMMANDCALL: _C.SafeAPI.Execute(["v1.sketch.getPoints",[{"id":16780}]])
[0m[0;32m[2026-09-16 14:19:03.446][VERB] RETURN: {"result":{"endId":"$16782","startId":"$16781"}}
[0m[0;32m[2026-09-16 14:19:03.446][VERB] COMMANDCALL: _C.SafeAPI.Execute(["v1.sketch.point",[{"pos":[-1000,-1000,0],"id":16774}]])
[0m[0;32m[2026-09-16 14:19:03.448][VERB] RETURN: {"result":"$16812"}
[0m[0;32m[2026-09-16 14:19:03.448][VERB] COMMANDCALL: _C.SafeAPI.Execute(["v1.sketch.constraint",[{"type":"FIXATION","id":16774,"geomIds":[16812]}]])
[0m[0;32m[2026-09-16 14:19:03.450][VERB] RETURN: {"result":"$16814"}
[0m[0;32m[2026-09-16 14:19:03.450][VERB] COMMANDCALL: _C.SafeAPI.Execute(["v1.sketch.dimension",[{"type":"HORIZONTAL_DISTANCE","value":"@expr.d958_position_x","name":"position_x","id":16774,"geomIds":[16812,16781]}]])
[0m[0;32m[2026-09-16 14:19:03.456][VERB] RETURN: {"result":"$16818"}
[0m[0;32m[2026-09-16 14:19:03.457][VERB] COMMANDCALL: _C.SafeAPI.Execute(["v1.sketch.dimension",[{"type":"VERTICAL_DISTANCE","value":"@expr.d959_position_y","name":"position_y","id":16774,"geomIds":[16812,16781]}]])
[0m[0;32m[2026-09-16 14:19:03.464][VERB] RETURN: {"result":"$16822"}
[0m[0;32m[2026-09-16 14:19:03.464][VERB] COMMANDCALL: _C.SafeAPI.Execute(["v1.sketch.dimension",[{"type":"OFFSET","value":"@expr.d960_width","name":"width","id":16774,"geomIds":[16780]}]])
[0m[0;32m[2026-09-16 14:19:03.471][VERB] RETURN: {"result":"$16826"}
[0m[0;32m[2026-09-16 14:19:03.472][VERB] COMMANDCALL: _C.SafeAPI.Execute(["v1.sketch.dimension",[{"type":"OFFSET","value":"@expr.d961_depth","name":"depth","id":16774,"geomIds":[16784]}]])
[0m[0;32m[2026-09-16 14:19:03.480][VERB] RETURN: {"result":"$16830"}
[0m[0;32m[2026-09-16 14:19:03.481][VERB] COMMANDCALL: _C.SafeAPI.Execute(["v1.part.extrusion",[{"references":[16780,16784,16790,16796],"name":"F956_makeBox_cad_primitives_py_8","taperAngle":0,"limit2":"@expr.d962_height","id":4}]])
[0m[0;32m[2026-09-16 14:19:03.489][VERB] RETURN: {"result":"$16834"}
[0m[0;32m[2026-09-16 14:19:03.490][VERB] COMMANDCALL: _C.SafeAPI.Execute(["v1.part.boolean",[{"type":"SUBTRACTION","tools":[16834],"target":16722,"name":"F49_cut_housing_py_277","id":4}]])
[0m[0;32m[2026-09-16 14:19:03.509][VERB] RETURN: {"result":"$16877"}
[0m[0;32m[2026-09-16 14:19:03.509][VERB] COMMANDCALL: _C.SafeAPI.Execute(["v1.part.workPlane",[{"type":"PLANE","references":[38],"name":"F963_makeBox_cad_primitives_py_8_plane","offset":"@expr.d964_plane_offset","id":4}]])
[0m[0;32m[2026-09-16 14:19:03.516][VERB] RETURN: {"result":"$16919"}
[0m[0;32m[2026-09-16 14:19:03.516][VERB] COMMANDCALL: _C.SafeAPI.Execute(["v1.sketch.create",[{"planeId":16919,"name":"F963_makeBox_cad_primitives_py_8_profile","id":4}]])
[0m[0;32m[2026-09-16 14:19:03.519][VERB] RETURN: {"result":"$16925"}
[0m[0;32m[2026-09-16 14:19:03.519][VERB] COMMANDCALL: _C.SafeAPI.Execute(["v1.sketch.rectangle",[{"startPos":[1.5,23.9,0],"id":16925,"genFixation":0,"endPos":[1.6,27.4,0]}]])
[0m[0;32m[2026-09-16 14:19:03.526][VERB] RETURN: {"result":["$16931","$16935","$16941","$16947"]}
[0m[0;32m[2026-09-16 14:19:03.526][VERB] COMMANDCALL: _C.SafeAPI.Execute(["v1.sketch.getPoints",[{"id":16931}]])
[0m[0;32m[2026-09-16 14:19:03.527][VERB] RETURN: {"result":{"endId":"$16933","startId":"$16932"}}
[0m[0;32m[2026-09-16 14:19:03.527][VERB] COMMANDCALL: _C.SafeAPI.Execute(["v1.sketch.point",[{"pos":[-1000,-1000,0],"id":16925}]])
[0m[0;32m[2026-09-16 14:19:03.529][VERB] RETURN: {"result":"$16963"}
[0m[0;32m[2026-09-16 14:19:03.529][VERB] COMMANDCALL: _C.SafeAPI.Execute(["v1.sketch.constraint",[{"type":"FIXATION","id":16925,"geomIds":[16963]}]])
[0m[0;32m[2026-09-16 14:19:03.531][VERB] RETURN: {"result":"$16965"}
[0m[0;32m[2026-09-16 14:19:03.531][VERB] COMMANDCALL: _C.SafeAPI.Execute(["v1.sketch.dimension",[{"type":"HORIZONTAL_DISTANCE","value":"@expr.d965_position_x","name":"position_x","id":16925,"geomIds":[16963,16932]}]])
[0m[0;32m[2026-09-16 14:19:03.537][VERB] RETURN: {"result":"$16969"}
[0m[0;32m[2026-09-16 14:19:03.538][VERB] COMMANDCALL: _C.SafeAPI.Execute(["v1.sketch.dimension",[{"type":"VERTICAL_DISTANCE","value":"@expr.d966_position_y","name":"position_y","id":16925,"geomIds":[16963,16932]}]])
[0m[0;32m[2026-09-16 14:19:03.545][VERB] RETURN: {"result":"$16973"}
[0m[0;32m[2026-09-16 14:19:03.546][VERB] COMMANDCALL: _C.SafeAPI.Execute(["v1.sketch.dimension",[{"type":"OFFSET","value":"@expr.d967_width","name":"width","id":16925,"geomIds":[16931]}]])
[0m[0;32m[2026-09-16 14:19:03.554][VERB] RETURN: {"result":"$16977"}
[0m[0;32m[2026-09-16 14:19:03.554][VERB] COMMANDCALL: _C.SafeAPI.Execute(["v1.sketch.dimension",[{"type":"OFFSET","value":"@expr.d968_depth","name":"depth","id":16925,"geomIds":[16935]}]])
[0m[0;32m[2026-09-16 14:19:03.563][VERB] RETURN: {"result":"$16981"}
[0m[0;32m[2026-09-16 14:19:03.564][VERB] COMMANDCALL: _C.SafeAPI.Execute(["v1.part.extrusion",[{"references":[16931,16935,16941,16947],"name":"F963_makeBox_cad_primitives_py_8","taperAngle":0,"limit2":"@expr.d969_height","id":4}]])
[0m[0;32m[2026-09-16 14:19:03.572][VERB] RETURN: {"result":"$16985"}
[0m[0;32m[2026-09-16 14:19:03.573][VERB] COMMANDCALL: _C.SafeAPI.Execute(["v1.part.boolean",[{"type":"SUBTRACTION","tools":[16985],"target":16877,"name":"F48_cut_housing_py_280","id":4}]])
[0m[0;32m[2026-09-16 14:19:03.590][VERB] RETURN: {"result":"$17028"}
[0m[0;32m[2026-09-16 14:19:03.590][VERB] COMMANDCALL: _C.SafeAPI.Execute(["v1.part.workPlane",[{"type":"PLANE","references":[46],"name":"F971_makeCylinder_cad_primitives_py_12_plane","offset":"@expr.d972_plane_offset","id":4}]])
[0m[0;32m[2026-09-16 14:19:03.596][VERB] RETURN: {"result":"$17061"}
[0m[0;32m[2026-09-16 14:19:03.596][VERB] COMMANDCALL: _C.SafeAPI.Execute(["v1.sketch.create",[{"planeId":17061,"name":"F971_makeCylinder_cad_primitives_py_12_profile","id":4}]])
[0m[0;32m[2026-09-16 14:19:03.598][VERB] RETURN: {"result":"$17067"}
[0m[0;32m[2026-09-16 14:19:03.599][VERB] COMMANDCALL: _C.SafeAPI.Execute(["v1.sketch.circle",[{"radius":11.95,"id":17067,"genFixation":0,"centerPos":[13.05,-12.5,0]}]])
[0m[0;32m[2026-09-16 14:19:03.600][VERB] RETURN: {"result":"$17073"}
[0m[0;32m[2026-09-16 14:19:03.600][VERB] COMMANDCALL: _C.SafeAPI.Execute(["v1.sketch.getPoints",[{"id":17073}]])
[0m[0;32m[2026-09-16 14:19:03.600][VERB] RETURN: {"result":{"centerId":"$17074"}}
[0m[0;32m[2026-09-16 14:19:03.601][VERB] COMMANDCALL: _C.SafeAPI.Execute(["v1.sketch.point",[{"pos":[-1000,-1000,0],"id":17067}]])
[0m[0;32m[2026-09-16 14:19:03.602][VERB] RETURN: {"result":"$17076"}
[0m[0;32m[2026-09-16 14:19:03.602][VERB] COMMANDCALL: _C.SafeAPI.Execute(["v1.sketch.constraint",[{"type":"FIXATION","id":17067,"geomIds":[17076]}]])
[0m[0;32m[2026-09-16 14:19:03.603][VERB] RETURN: {"result":"$17078"}
[0m[0;32m[2026-09-16 14:19:03.603][VERB] COMMANDCALL: _C.SafeAPI.Execute(["v1.sketch.dimension",[{"type":"HORIZONTAL_DISTANCE","value":"@expr.d973_position_x","name":"position_x","id":17067,"geomIds":[17076,17074]}]])
[0m[0;32m[2026-09-16 14:19:03.608][VERB] RETURN: {"result":"$17082"}
[0m[0;32m[2026-09-16 14:19:03.608][VERB] COMMANDCALL: _C.SafeAPI.Execute(["v1.sketch.dimension",[{"type":"VERTICAL_DISTANCE","value":"@expr.d974_position_y","name":"position_y","id":17067,"geomIds":[17076,17074]}]])
[0m[0;32m[2026-09-16 14:19:03.614][VERB] RETURN: {"result":"$17086"}
[0m[0;32m[2026-09-16 14:19:03.614][VERB] COMMANDCALL: _C.SafeAPI.Execute(["v1.sketch.dimension",[{"type":"RADIUS","value":"@expr.d975_radius","name":"radius","id":17067,"geomIds":[17073]}]])
[0m[0;32m[2026-09-16 14:19:03.620][VERB] RETURN: {"result":"$17090"}
[0m[0;32m[2026-09-16 14:19:03.620][VERB] COMMANDCALL: _C.SafeAPI.Execute(["v1.part.extrusion",[{"references":[17073],"name":"F971_makeCylinder_cad_primitives_py_12","taperAngle":0,"limit2":"@expr.d976_height","id":4}]])
[0m[0;32m[2026-09-16 14:19:03.628][VERB] RETURN: {"result":"$17094"}
[0m[0;32m[2026-09-16 14:19:03.629][VERB] COMMANDCALL: _C.SafeAPI.Execute(["v1.part.workPlane",[{"type":"PLANE","references":[38],"name":"F977_makeBox_cad_primitives_py_8_plane","offset":"@expr.d978_plane_offset","id":4}]])
[0m[0;32m[2026-09-16 14:19:03.634][VERB] RETURN: {"result":"$17116"}
[0m[0;32m[2026-09-16 14:19:03.635][VERB] COMMANDCALL: _C.SafeAPI.Execute(["v1.sketch.create",[{"planeId":17116,"name":"F977_makeBox_cad_primitives_py_8_profile","id":4}]])
[0m[0;32m[2026-09-16 14:19:03.637][VERB] RETURN: {"result":"$17122"}
[0m[0;32m[2026-09-16 14:19:03.637][VERB] COMMANDCALL: _C.SafeAPI.Execute(["v1.sketch.rectangle",[{"startPos":[1,1.6,0],"id":17122,"genFixation":0,"endPos":[1.6,31.6,0]}]])
[0m[0;32m[2026-09-16 14:19:03.644][VERB] RETURN: {"result":["$17128","$17132","$17138","$17144"]}
[0m[0;32m[2026-09-16 14:19:03.644][VERB] COMMANDCALL: _C.SafeAPI.Execute(["v1.sketch.getPoints",[{"id":17128}]])
[0m[0;32m[2026-09-16 14:19:03.645][VERB] RETURN: {"result":{"endId":"$17130","startId":"$17129"}}
[0m[0;32m[2026-09-16 14:19:03.645][VERB] COMMANDCALL: _C.SafeAPI.Execute(["v1.sketch.point",[{"pos":[-1000,-1000,0],"id":17122}]])
[0m[0;32m[2026-09-16 14:19:03.647][VERB] RETURN: {"result":"$17160"}
[0m[0;32m[2026-09-16 14:19:03.647][VERB] COMMANDCALL: _C.SafeAPI.Execute(["v1.sketch.constraint",[{"type":"FIXATION","id":17122,"geomIds":[17160]}]])
[0m[0;32m[2026-09-16 14:19:03.649][VERB] RETURN: {"result":"$17162"}
[0m[0;32m[2026-09-16 14:19:03.649][VERB] COMMANDCALL: _C.SafeAPI.Execute(["v1.sketch.dimension",[{"type":"HORIZONTAL_DISTANCE","value":"@expr.d979_position_x","name":"position_x","id":17122,"geomIds":[17160,17129]}]])
[0m[0;32m[2026-09-16 14:19:03.655][VERB] RETURN: {"result":"$17166"}
[0m[0;32m[2026-09-16 14:19:03.655][VERB] COMMANDCALL: _C.SafeAPI.Execute(["v1.sketch.dimension",[{"type":"VERTICAL_DISTANCE","value":"@expr.d980_position_y","name":"position_y","id":17122,"geomIds":[17160,17129]}]])
[0m[0;32m[2026-09-16 14:19:03.662][VERB] RETURN: {"result":"$17170"}
[0m[0;32m[2026-09-16 14:19:03.663][VERB] COMMANDCALL: _C.SafeAPI.Execute(["v1.sketch.dimension",[{"type":"OFFSET","value":"@expr.d981_width","name":"width","id":17122,"geomIds":[17128]}]])
[0m[0;32m[2026-09-16 14:19:03.670][VERB] RETURN: {"result":"$17174"}
[0m[0;32m[2026-09-16 14:19:03.671][VERB] COMMANDCALL: _C.SafeAPI.Execute(["v1.sketch.dimension",[{"type":"OFFSET","value":"@expr.d982_depth","name":"depth","id":17122,"geomIds":[17132]}]])
[0m[0;32m[2026-09-16 14:19:03.679][VERB] RETURN: {"result":"$17178"}
[0m[0;32m[2026-09-16 14:19:03.679][VERB] COMMANDCALL: _C.SafeAPI.Execute(["v1.part.extrusion",[{"references":[17128,17132,17138,17144],"name":"F977_makeBox_cad_primitives_py_8","taperAngle":0,"limit2":"@expr.d983_height","id":4}]])
[0m[0;32m[2026-09-16 14:19:03.687][VERB] RETURN: {"result":"$17182"}
[0m[0;32m[2026-09-16 14:19:03.687][VERB] COMMANDCALL: _C.SafeAPI.Execute(["v1.part.boolean",[{"type":"INTERSECTION","tools":[17182],"target":17094,"name":"F970_common_housing_shell_py_90","id":4}]])
[0m[0;32m[2026-09-16 14:19:03.696][VERB] RETURN: {"result":"$17225"}
[0m[0;32m[2026-09-16 14:19:03.696][VERB] COMMANDCALL: _C.SafeAPI.Execute(["v1.part.boolean",[{"type":"SUBTRACTION","tools":[17225],"target":17028,"name":"F47_cut_housing_py_281","id":4}]])
[0m[0;32m[2026-09-16 14:19:03.732][VERB] RETURN: {"result":"$17273"}
[0m[0;32m[2026-09-16 14:19:03.732][VERB] COMMANDCALL: _C.SafeAPI.Execute(["v1.part.workPlane",[{"type":"PLANE","references":[38],"name":"F984_makeBox_cad_primitives_py_8_plane","offset":"@expr.d985_plane_offset","id":4}]])
[0m[0;32m[2026-09-16 14:19:03.738][VERB] RETURN: {"result":"$17292"}
[0m[0;32m[2026-09-16 14:19:03.738][VERB] COMMANDCALL: _C.SafeAPI.Execute(["v1.sketch.create",[{"planeId":17292,"name":"F984_makeBox_cad_primitives_py_8_profile","id":4}]])
[0m[0;32m[2026-09-16 14:19:03.741][VERB] RETURN: {"result":"$17298"}
[0m[0;32m[2026-09-16 14:19:03.741][VERB] COMMANDCALL: _C.SafeAPI.Execute(["v1.sketch.rectangle",[{"startPos":[1.5,26,0],"id":17298,"genFixation":0,"endPos":[2.8,62.4,0]}]])
[0m[0;32m[2026-09-16 14:19:03.748][VERB] RETURN: {"result":["$17304","$17308","$17314","$17320"]}
[0m[0;32m[2026-09-16 14:19:03.748][VERB] COMMANDCALL: _C.SafeAPI.Execute(["v1.sketch.getPoints",[{"id":17304}]])
[0m[0;32m[2026-09-16 14:19:03.748][VERB] RETURN: {"result":{"endId":"$17306","startId":"$17305"}}
[0m[0;32m[2026-09-16 14:19:03.748][VERB] COMMANDCALL: _C.SafeAPI.Execute(["v1.sketch.point",[{"pos":[-1000,-1000,0],"id":17298}]])
[0m[0;32m[2026-09-16 14:19:03.750][VERB] RETURN: {"result":"$17336"}
[0m[0;32m[2026-09-16 14:19:03.751][VERB] COMMANDCALL: _C.SafeAPI.Execute(["v1.sketch.constraint",[{"type":"FIXATION","id":17298,"geomIds":[17336]}]])
[0m[0;32m[2026-09-16 14:19:03.752][VERB] RETURN: {"result":"$17338"}
[0m[0;32m[2026-09-16 14:19:03.753][VERB] COMMANDCALL: _C.SafeAPI.Execute(["v1.sketch.dimension",[{"type":"HORIZONTAL_DISTANCE","value":"@expr.d986_position_x","name":"position_x","id":17298,"geomIds":[17336,17305]}]])
[0m[0;32m[2026-09-16 14:19:03.759][VERB] RETURN: {"result":"$17342"}
[0m[0;32m[2026-09-16 14:19:03.759][VERB] COMMANDCALL: _C.SafeAPI.Execute(["v1.sketch.dimension",[{"type":"VERTICAL_DISTANCE","value":"@expr.d987_position_y","name":"position_y","id":17298,"geomIds":[17336,17305]}]])
[0m[0;32m[2026-09-16 14:19:03.765][VERB] RETURN: {"result":"$17346"}
[0m[0;32m[2026-09-16 14:19:03.766][VERB] COMMANDCALL: _C.SafeAPI.Execute(["v1.sketch.dimension",[{"type":"OFFSET","value":"@expr.d988_width","name":"width","id":17298,"geomIds":[17304]}]])
[0m[0;32m[2026-09-16 14:19:03.774][VERB] RETURN: {"result":"$17350"}
[0m[0;32m[2026-09-16 14:19:03.774][VERB] COMMANDCALL: _C.SafeAPI.Execute(["v1.sketch.dimension",[{"type":"OFFSET","value":"@expr.d989_depth","name":"depth","id":17298,"geomIds":[17308]}]])
[0m[0;32m[2026-09-16 14:19:03.783][VERB] RETURN: {"result":"$17354"}
[0m[0;32m[2026-09-16 14:19:03.784][VERB] COMMANDCALL: _C.SafeAPI.Execute(["v1.part.extrusion",[{"references":[17304,17308,17314,17320],"name":"F984_makeBox_cad_primitives_py_8","taperAngle":0,"limit2":"@expr.d990_height","id":4}]])
[0m[0;32m[2026-09-16 14:19:03.791][VERB] RETURN: {"result":"$17358"}
[0m[0;32m[2026-09-16 14:19:03.792][VERB] COMMANDCALL: _C.SafeAPI.Execute(["v1.part.boolean",[{"type":"SUBTRACTION","tools":[17358],"target":17273,"name":"F46_cut_housing_py_284","id":4}]])
[0m[0;32m[2026-09-16 14:19:03.810][VERB] RETURN: {"result":"$17401"}
[0m[0;32m[2026-09-16 14:19:03.810][VERB] COMMANDCALL: _C.SafeAPI.Execute(["v1.part.workPlane",[{"type":"PLANE","references":[38],"name":"F991_makeCylinder_cad_primitives_py_12_plane","offset":"@expr.d992_plane_offset","id":4}]])
[0m[0;32m[2026-09-16 14:19:03.816][VERB] RETURN: {"result":"$17470"}
[0m[0;32m[2026-09-16 14:19:03.816][VERB] COMMANDCALL: _C.SafeAPI.Execute(["v1.sketch.create",[{"planeId":17470,"name":"F991_makeCylinder_cad_primitives_py_12_profile","id":4}]])
[0m[0;32m[2026-09-16 14:19:03.819][VERB] RETURN: {"result":"$17476"}
[0m[0;32m[2026-09-16 14:19:03.819][VERB] COMMANDCALL: _C.SafeAPI.Execute(["v1.sketch.circle",[{"radius":0.65,"id":17476,"genFixation":0,"centerPos":[27.08,25.22,0]}]])
[0m[0;32m[2026-09-16 14:19:03.820][VERB] RETURN: {"result":"$17482"}
[0m[0;32m[2026-09-16 14:19:03.821][VERB] COMMANDCALL: _C.SafeAPI.Execute(["v1.sketch.getPoints",[{"id":17482}]])
[0m[0;32m[2026-09-16 14:19:03.821][VERB] RETURN: {"result":{"centerId":"$17483"}}
[0m[0;32m[2026-09-16 14:19:03.821][VERB] COMMANDCALL: _C.SafeAPI.Execute(["v1.sketch.point",[{"pos":[-1000,-1000,0],"id":17476}]])
[0m[0;32m[2026-09-16 14:19:03.822][VERB] RETURN: {"result":"$17485"}
[0m[0;32m[2026-09-16 14:19:03.822][VERB] COMMANDCALL: _C.SafeAPI.Execute(["v1.sketch.constraint",[{"type":"FIXATION","id":17476,"geomIds":[17485]}]])
[0m[0;32m[2026-09-16 14:19:03.823][VERB] RETURN: {"result":"$17487"}
[0m[0;32m[2026-09-16 14:19:03.823][VERB] COMMANDCALL: _C.SafeAPI.Execute(["v1.sketch.dimension",[{"type":"HORIZONTAL_DISTANCE","value":"@expr.d993_position_x","name":"position_x","id":17476,"geomIds":[17485,17483]}]])
[0m[0;32m[2026-09-16 14:19:03.828][VERB] RETURN: {"result":"$17491"}
[0m[0;32m[2026-09-16 14:19:03.829][VERB] COMMANDCALL: _C.SafeAPI.Execute(["v1.sketch.dimension",[{"type":"VERTICAL_DISTANCE","value":"@expr.d994_position_y","name":"position_y","id":17476,"geomIds":[17485,17483]}]])
[0m[0;32m[2026-09-16 14:19:03.834][VERB] RETURN: {"result":"$17495"}
[0m[0;32m[2026-09-16 14:19:03.835][VERB] COMMANDCALL: _C.SafeAPI.Execute(["v1.sketch.dimension",[{"type":"RADIUS","value":"@expr.d995_radius","name":"radius","id":17476,"geomIds":[17482]}]])
[0m[0;32m[2026-09-16 14:19:03.841][VERB] RETURN: {"result":"$17499"}
[0m[0;32m[2026-09-16 14:19:03.842][VERB] COMMANDCALL: _C.SafeAPI.Execute(["v1.part.extrusion",[{"references":[17482],"name":"F991_makeCylinder_cad_primitives_py_12","taperAngle":0,"limit2":"@expr.d996_height","id":4}]])
[0m[0;32m[2026-09-16 14:19:03.850][VERB] RETURN: {"result":"$17503"}
[0m[0;32m[2026-09-16 14:19:03.851][VERB] COMMANDCALL: _C.SafeAPI.Execute(["v1.part.boolean",[{"type":"SUBTRACTION","tools":[17503],"target":17401,"name":"F45_cut_housing_py_289","id":4}]])
[0m[0;32m[2026-09-16 14:19:03.869][VERB] RETURN: {"result":"$17525"}
[0m[0;32m[2026-09-16 14:19:03.870][VERB] COMMANDCALL: _C.SafeAPI.Execute(["v1.part.workPlane",[{"type":"PLANE","references":[38],"name":"F997_makeCylinder_cad_primitives_py_12_plane","offset":"@expr.d998_plane_offset","id":4}]])
[0m[0;32m[2026-09-16 14:19:03.877][VERB] RETURN: {"result":"$17537"}
[0m[0;32m[2026-09-16 14:19:03.878][VERB] COMMANDCALL: _C.SafeAPI.Execute(["v1.sketch.create",[{"planeId":17537,"name":"F997_makeCylinder_cad_primitives_py_12_profile","id":4}]])
[0m[0;32m[2026-09-16 14:19:03.880][VERB] RETURN: {"result":"$17543"}
[0m[0;32m[2026-09-16 14:19:03.880][VERB] COMMANDCALL: _C.SafeAPI.Execute(["v1.sketch.circle",[{"radius":0.65,"id":17543,"genFixation":0,"centerPos":[32.16,25.22,0]}]])
[0m[0;32m[2026-09-16 14:19:03.882][VERB] RETURN: {"result":"$17549"}
[0m[0;32m[2026-09-16 14:19:03.883][VERB] COMMANDCALL: _C.SafeAPI.Execute(["v1.sketch.getPoints",[{"id":17549}]])
[0m[0;32m[2026-09-16 14:19:03.883][VERB] RETURN: {"result":{"centerId":"$17550"}}
[0m[0;32m[2026-09-16 14:19:03.883][VERB] COMMANDCALL: _C.SafeAPI.Execute(["v1.sketch.point",[{"pos":[-1000,-1000,0],"id":17543}]])
[0m[0;32m[2026-09-16 14:19:03.885][VERB] RETURN: {"result":"$17552"}
[0m[0;32m[2026-09-16 14:19:03.885][VERB] COMMANDCALL: _C.SafeAPI.Execute(["v1.sketch.constraint",[{"type":"FIXATION","id":17543,"geomIds":[17552]}]])
[0m[0;32m[2026-09-16 14:19:03.886][VERB] RETURN: {"result":"$17554"}
[0m[0;32m[2026-09-16 14:19:03.887][VERB] COMMANDCALL: _C.SafeAPI.Execute(["v1.sketch.dimension",[{"type":"HORIZONTAL_DISTANCE","value":"@expr.d999_position_x","name":"position_x","id":17543,"geomIds":[17552,17550]}]])
[0m[0;32m[2026-09-16 14:19:03.893][VERB] RETURN: {"result":"$17558"}
[0m[0;32m[2026-09-16 14:19:03.893][VERB] COMMANDCALL: _C.SafeAPI.Execute(["v1.sketch.dimension",[{"type":"VERTICAL_DISTANCE","value":"@expr.d1000_position_y","name":"position_y","id":17543,"geomIds":[17552,17550]}]])
[0m[0;32m[2026-09-16 14:19:03.899][VERB] RETURN: {"result":"$17562"}
[0m[0;32m[2026-09-16 14:19:03.899][VERB] COMMANDCALL: _C.SafeAPI.Execute(["v1.sketch.dimension",[{"type":"RADIUS","value":"@expr.d1001_radius","name":"radius","id":17543,"geomIds":[17549]}]])
[0m[0;32m[2026-09-16 14:19:03.905][VERB] RETURN: {"result":"$17566"}
[0m[0;32m[2026-09-16 14:19:03.907][VERB] COMMANDCALL: _C.SafeAPI.Execute(["v1.part.extrusion",[{"references":[17549],"name":"F997_makeCylinder_cad_primitives_py_12","taperAngle":0,"limit2":"@expr.d1002_height","id":4}]])
[0m[0;32m[2026-09-16 14:19:03.918][VERB] RETURN: {"result":"$17570"}
[0m[0;32m[2026-09-16 14:19:03.919][VERB] COMMANDCALL: _C.SafeAPI.Execute(["v1.part.boolean",[{"type":"SUBTRACTION","tools":[17570],"target":17525,"name":"F44_cut_housing_py_289","id":4}]])
[0m[0;32m[2026-09-16 14:19:03.937][VERB] RETURN: {"result":"$17592"}
[0m[0;32m[2026-09-16 14:19:03.938][VERB] COMMANDCALL: _C.SafeAPI.Execute(["v1.part.workPlane",[{"type":"PLANE","references":[38],"name":"F1003_makeCylinder_cad_primitives_py_12_plane","offset":"@expr.d1004_plane_offset","id":4}]])
[0m[0;32m[2026-09-16 14:19:03.944][VERB] RETURN: {"result":"$17604"}
[0m[0;32m[2026-09-16 14:19:03.945][VERB] COMMANDCALL: _C.SafeAPI.Execute(["v1.sketch.create",[{"planeId":17604,"name":"F1003_makeCylinder_cad_primitives_py_12_profile","id":4}]])
[0m[0;32m[2026-09-16 14:19:03.947][VERB] RETURN: {"result":"$17610"}
[0m[0;32m[2026-09-16 14:19:03.948][VERB] COMMANDCALL: _C.SafeAPI.Execute(["v1.sketch.circle",[{"radius":0.65,"id":17610,"genFixation":0,"centerPos":[34.7,25.22,0]}]])
[0m[0;32m[2026-09-16 14:19:03.949][VERB] RETURN: {"result":"$17616"}
[0m[0;32m[2026-09-16 14:19:03.949][VERB] COMMANDCALL: _C.SafeAPI.Execute(["v1.sketch.getPoints",[{"id":17616}]])
[0m[0;32m[2026-09-16 14:19:03.949][VERB] RETURN: {"result":{"centerId":"$17617"}}
[0m[0;32m[2026-09-16 14:19:03.949][VERB] COMMANDCALL: _C.SafeAPI.Execute(["v1.sketch.point",[{"pos":[-1000,-1000,0],"id":17610}]])
[0m[0;32m[2026-09-16 14:19:03.951][VERB] RETURN: {"result":"$17619"}
[0m[0;32m[2026-09-16 14:19:03.951][VERB] COMMANDCALL: _C.SafeAPI.Execute(["v1.sketch.constraint",[{"type":"FIXATION","id":17610,"geomIds":[17619]}]])
[0m[0;32m[2026-09-16 14:19:03.952][VERB] RETURN: {"result":"$17621"}
[0m[0;32m[2026-09-16 14:19:03.953][VERB] COMMANDCALL: _C.SafeAPI.Execute(["v1.sketch.dimension",[{"type":"HORIZONTAL_DISTANCE","value":"@expr.d1005_position_x","name":"position_x","id":17610,"geomIds":[17619,17617]}]])
[0m[0;32m[2026-09-16 14:19:03.958][VERB] RETURN: {"result":"$17625"}
[0m[0;32m[2026-09-16 14:19:03.958][VERB] COMMANDCALL: _C.SafeAPI.Execute(["v1.sketch.dimension",[{"type":"VERTICAL_DISTANCE","value":"@expr.d1006_position_y","name":"position_y","id":17610,"geomIds":[17619,17617]}]])
[0m[0;32m[2026-09-16 14:19:03.964][VERB] RETURN: {"result":"$17629"}
[0m[0;32m[2026-09-16 14:19:03.964][VERB] COMMANDCALL: _C.SafeAPI.Execute(["v1.sketch.dimension",[{"type":"RADIUS","value":"@expr.d1007_radius","name":"radius","id":17610,"geomIds":[17616]}]])
[0m[0;32m[2026-09-16 14:19:03.970][VERB] RETURN: {"result":"$17633"}
[0m[0;32m[2026-09-16 14:19:03.970][VERB] COMMANDCALL: _C.SafeAPI.Execute(["v1.part.extrusion",[{"references":[17616],"name":"F1003_makeCylinder_cad_primitives_py_12","taperAngle":0,"limit2":"@expr.d1008_height","id":4}]])
[0m[0;32m[2026-09-16 14:19:03.980][VERB] RETURN: {"result":"$17637"}
[0m[0;32m[2026-09-16 14:19:03.981][VERB] COMMANDCALL: _C.SafeAPI.Execute(["v1.part.boolean",[{"type":"SUBTRACTION","tools":[17637],"target":17592,"name":"F43_cut_housing_py_289","id":4}]])
[0m[0;32m[2026-09-16 14:19:03.999][VERB] RETURN: {"result":"$17659"}
[0m[0;32m[2026-09-16 14:19:04.000][VERB] COMMANDCALL: _C.SafeAPI.Execute(["v1.part.workPlane",[{"type":"PLANE","references":[38],"name":"F1009_makeCylinder_cad_primitives_py_12_plane","offset":"@expr.d1010_plane_offset","id":4}]])
[0m[0;32m[2026-09-16 14:19:04.006][VERB] RETURN: {"result":"$17671"}
[0m[0;32m[2026-09-16 14:19:04.006][VERB] COMMANDCALL: _C.SafeAPI.Execute(["v1.sketch.create",[{"planeId":17671,"name":"F1009_makeCylinder_cad_primitives_py_12_profile","id":4}]])
[0m[0;32m[2026-09-16 14:19:04.009][VERB] RETURN: {"result":"$17677"}
[0m[0;32m[2026-09-16 14:19:04.010][VERB] COMMANDCALL: _C.SafeAPI.Execute(["v1.sketch.circle",[{"radius":0.65,"id":17677,"genFixation":0,"centerPos":[39.78,25.22,0]}]])
[0m[0;32m[2026-09-16 14:19:04.011][VERB] RETURN: {"result":"$17683"}
[0m[0;32m[2026-09-16 14:19:04.011][VERB] COMMANDCALL: _C.SafeAPI.Execute(["v1.sketch.getPoints",[{"id":17683}]])
[0m[0;32m[2026-09-16 14:19:04.012][VERB] RETURN: {"result":{"centerId":"$17684"}}
[0m[0;32m[2026-09-16 14:19:04.012][VERB] COMMANDCALL: _C.SafeAPI.Execute(["v1.sketch.point",[{"pos":[-1000,-1000,0],"id":17677}]])
[0m[0;32m[2026-09-16 14:19:04.013][VERB] RETURN: {"result":"$17686"}
[0m[0;32m[2026-09-16 14:19:04.013][VERB] COMMANDCALL: _C.SafeAPI.Execute(["v1.sketch.constraint",[{"type":"FIXATION","id":17677,"geomIds":[17686]}]])
[0m[0;32m[2026-09-16 14:19:04.014][VERB] RETURN: {"result":"$17688"}
[0m[0;32m[2026-09-16 14:19:04.014][VERB] COMMANDCALL: _C.SafeAPI.Execute(["v1.sketch.dimension",[{"type":"HORIZONTAL_DISTANCE","value":"@expr.d1011_position_x","name":"position_x","id":17677,"geomIds":[17686,17684]}]])
[0m[0;32m[2026-09-16 14:19:04.020][VERB] RETURN: {"result":"$17692"}
[0m[0;32m[2026-09-16 14:19:04.020][VERB] COMMANDCALL: _C.SafeAPI.Execute(["v1.sketch.dimension",[{"type":"VERTICAL_DISTANCE","value":"@expr.d1012_position_y","name":"position_y","id":17677,"geomIds":[17686,17684]}]])
[0m[0;32m[2026-09-16 14:19:04.026][VERB] RETURN: {"result":"$17696"}
[0m[0;32m[2026-09-16 14:19:04.026][VERB] COMMANDCALL: _C.SafeAPI.Execute(["v1.sketch.dimension",[{"type":"RADIUS","value":"@expr.d1013_radius","name":"radius","id":17677,"geomIds":[17683]}]])
[0m[0;32m[2026-09-16 14:19:04.032][VERB] RETURN: {"result":"$17700"}
[0m[0;32m[2026-09-16 14:19:04.032][VERB] COMMANDCALL: _C.SafeAPI.Execute(["v1.part.extrusion",[{"references":[17683],"name":"F1009_makeCylinder_cad_primitives_py_12","taperAngle":0,"limit2":"@expr.d1014_height","id":4}]])
[0m[0;32m[2026-09-16 14:19:04.043][VERB] RETURN: {"result":"$17704"}
[0m[0;32m[2026-09-16 14:19:04.044][VERB] COMMANDCALL: _C.SafeAPI.Execute(["v1.part.boolean",[{"type":"SUBTRACTION","tools":[17704],"target":17659,"name":"F42_cut_housing_py_289","id":4}]])
[0m[0;32m[2026-09-16 14:19:04.062][VERB] RETURN: {"result":"$17726"}
[0m[0;32m[2026-09-16 14:19:04.063][VERB] COMMANDCALL: _C.SafeAPI.Execute(["v1.part.workPlane",[{"type":"PLANE","references":[38],"name":"F1015_makeCylinder_cad_primitives_py_12_plane","offset":"@expr.d1016_plane_offset","id":4}]])
[0m[0;32m[2026-09-16 14:19:04.071][VERB] RETURN: {"result":"$17738"}
[0m[0;32m[2026-09-16 14:19:04.071][VERB] COMMANDCALL: _C.SafeAPI.Execute(["v1.sketch.create",[{"planeId":17738,"name":"F1015_makeCylinder_cad_primitives_py_12_profile","id":4}]])
[0m[0;32m[2026-09-16 14:19:04.074][VERB] RETURN: {"result":"$17744"}
[0m[0;32m[2026-09-16 14:19:04.074][VERB] COMMANDCALL: _C.SafeAPI.Execute(["v1.sketch.circle",[{"radius":0.65,"id":17744,"genFixation":0,"centerPos":[42.32,25.22,0]}]])
[0m[0;32m[2026-09-16 14:19:04.075][VERB] RETURN: {"result":"$17750"}
[0m[0;32m[2026-09-16 14:19:04.076][VERB] COMMANDCALL: _C.SafeAPI.Execute(["v1.sketch.getPoints",[{"id":17750}]])
[0m[0;32m[2026-09-16 14:19:04.076][VERB] RETURN: {"result":{"centerId":"$17751"}}
[0m[0;32m[2026-09-16 14:19:04.076][VERB] COMMANDCALL: _C.SafeAPI.Execute(["v1.sketch.point",[{"pos":[-1000,-1000,0],"id":17744}]])
[0m[0;32m[2026-09-16 14:19:04.077][VERB] RETURN: {"result":"$17753"}
[0m[0;32m[2026-09-16 14:19:04.077][VERB] COMMANDCALL: _C.SafeAPI.Execute(["v1.sketch.constraint",[{"type":"FIXATION","id":17744,"geomIds":[17753]}]])
[0m[0;32m[2026-09-16 14:19:04.078][VERB] RETURN: {"result":"$17755"}
[0m[0;32m[2026-09-16 14:19:04.078][VERB] COMMANDCALL: _C.SafeAPI.Execute(["v1.sketch.dimension",[{"type":"HORIZONTAL_DISTANCE","value":"@expr.d1017_position_x","name":"position_x","id":17744,"geomIds":[17753,17751]}]])
[0m[0;32m[2026-09-16 14:19:04.083][VERB] RETURN: {"result":"$17759"}
[0m[0;32m[2026-09-16 14:19:04.083][VERB] COMMANDCALL: _C.SafeAPI.Execute(["v1.sketch.dimension",[{"type":"VERTICAL_DISTANCE","value":"@expr.d1018_position_y","name":"position_y","id":17744,"geomIds":[17753,17751]}]])
[0m[0;32m[2026-09-16 14:19:04.089][VERB] RETURN: {"result":"$17763"}
[0m[0;32m[2026-09-16 14:19:04.090][VERB] COMMANDCALL: _C.SafeAPI.Execute(["v1.sketch.dimension",[{"type":"RADIUS","value":"@expr.d1019_radius","name":"radius","id":17744,"geomIds":[17750]}]])
[0m[0;32m[2026-09-16 14:19:04.096][VERB] RETURN: {"result":"$17767"}
[0m[0;32m[2026-09-16 14:19:04.096][VERB] COMMANDCALL: _C.SafeAPI.Execute(["v1.part.extrusion",[{"references":[17750],"name":"F1015_makeCylinder_cad_primitives_py_12","taperAngle":0,"limit2":"@expr.d1020_height","id":4}]])
[0m[0;32m[2026-09-16 14:19:04.107][VERB] RETURN: {"result":"$17771"}
[0m[0;32m[2026-09-16 14:19:04.108][VERB] COMMANDCALL: _C.SafeAPI.Execute(["v1.part.boolean",[{"type":"SUBTRACTION","tools":[17771],"target":17726,"name":"F41_cut_housing_py_289","id":4}]])
[0m[0;32m[2026-09-16 14:19:04.127][VERB] RETURN: {"result":"$17793"}
[0m[0;32m[2026-09-16 14:19:04.127][VERB] COMMANDCALL: _C.SafeAPI.Execute(["v1.part.workPlane",[{"type":"PLANE","references":[38],"name":"F1021_makeCylinder_cad_primitives_py_12_plane","offset":"@expr.d1022_plane_offset","id":4}]])
[0m[0;32m[2026-09-16 14:19:04.133][VERB] RETURN: {"result":"$17805"}
[0m[0;32m[2026-09-16 14:19:04.134][VERB] COMMANDCALL: _C.SafeAPI.Execute(["v1.sketch.create",[{"planeId":17805,"name":"F1021_makeCylinder_cad_primitives_py_12_profile","id":4}]])
[0m[0;32m[2026-09-16 14:19:04.137][VERB] RETURN: {"result":"$17811"}
[0m[0;32m[2026-09-16 14:19:04.137][VERB] COMMANDCALL: _C.SafeAPI.Execute(["v1.sketch.circle",[{"radius":0.65,"id":17811,"genFixation":0,"centerPos":[47.4,25.22,0]}]])
[0m[0;32m[2026-09-16 14:19:04.138][VERB] RETURN: {"result":"$17817"}
[0m[0;32m[2026-09-16 14:19:04.139][VERB] COMMANDCALL: _C.SafeAPI.Execute(["v1.sketch.getPoints",[{"id":17817}]])
[0m[0;32m[2026-09-16 14:19:04.139][VERB] RETURN: {"result":{"centerId":"$17818"}}
[0m[0;32m[2026-09-16 14:19:04.139][VERB] COMMANDCALL: _C.SafeAPI.Execute(["v1.sketch.point",[{"pos":[-1000,-1000,0],"id":17811}]])
[0m[0;32m[2026-09-16 14:19:04.140][VERB] RETURN: {"result":"$17820"}
[0m[0;32m[2026-09-16 14:19:04.140][VERB] COMMANDCALL: _C.SafeAPI.Execute(["v1.sketch.constraint",[{"type":"FIXATION","id":17811,"geomIds":[17820]}]])
[0m[0;32m[2026-09-16 14:19:04.141][VERB] RETURN: {"result":"$17822"}
[0m[0;32m[2026-09-16 14:19:04.141][VERB] COMMANDCALL: _C.SafeAPI.Execute(["v1.sketch.dimension",[{"type":"HORIZONTAL_DISTANCE","value":"@expr.d1023_position_x","name":"position_x","id":17811,"geomIds":[17820,17818]}]])
[0m[0;32m[2026-09-16 14:19:04.146][VERB] RETURN: {"result":"$17826"}
[0m[0;32m[2026-09-16 14:19:04.146][VERB] COMMANDCALL: _C.SafeAPI.Execute(["v1.sketch.dimension",[{"type":"VERTICAL_DISTANCE","value":"@expr.d1024_position_y","name":"position_y","id":17811,"geomIds":[17820,17818]}]])
[0m[0;32m[2026-09-16 14:19:04.153][VERB] RETURN: {"result":"$17830"}
[0m[0;32m[2026-09-16 14:19:04.153][VERB] COMMANDCALL: _C.SafeAPI.Execute(["v1.sketch.dimension",[{"type":"RADIUS","value":"@expr.d1025_radius","name":"radius","id":17811,"geomIds":[17817]}]])
[0m[0;32m[2026-09-16 14:19:04.159][VERB] RETURN: {"result":"$17834"}
[0m[0;32m[2026-09-16 14:19:04.160][VERB] COMMANDCALL: _C.SafeAPI.Execute(["v1.part.extrusion",[{"references":[17817],"name":"F1021_makeCylinder_cad_primitives_py_12","taperAngle":0,"limit2":"@expr.d1026_height","id":4}]])
[0m[0;32m[2026-09-16 14:19:04.170][VERB] RETURN: {"result":"$17838"}
[0m[0;32m[2026-09-16 14:19:04.171][VERB] COMMANDCALL: _C.SafeAPI.Execute(["v1.part.boolean",[{"type":"SUBTRACTION","tools":[17838],"target":17793,"name":"F40_cut_housing_py_289","id":4}]])
[0m[0;32m[2026-09-16 14:19:04.191][VERB] RETURN: {"result":"$17860"}
[0m[0;32m[2026-09-16 14:19:04.191][VERB] COMMANDCALL: _C.SafeAPI.Execute(["v1.part.workPlane",[{"type":"PLANE","references":[38],"name":"F1027_makeCylinder_cad_primitives_py_12_plane","offset":"@expr.d1028_plane_offset","id":4}]])
[0m[0;32m[2026-09-16 14:19:04.198][VERB] RETURN: {"result":"$17872"}
[0m[0;32m[2026-09-16 14:19:04.198][VERB] COMMANDCALL: _C.SafeAPI.Execute(["v1.sketch.create",[{"planeId":17872,"name":"F1027_makeCylinder_cad_primitives_py_12_profile","id":4}]])
[0m[0;32m[2026-09-16 14:19:04.201][VERB] RETURN: {"result":"$17878"}
[0m[0;32m[2026-09-16 14:19:04.201][VERB] COMMANDCALL: _C.SafeAPI.Execute(["v1.sketch.circle",[{"radius":2.85,"id":17878,"genFixation":0,"centerPos":[29.5,3.1,0]}]])
[0m[0;32m[2026-09-16 14:19:04.202][VERB] RETURN: {"result":"$17884"}
[0m[0;32m[2026-09-16 14:19:04.202][VERB] COMMANDCALL: _C.SafeAPI.Execute(["v1.sketch.getPoints",[{"id":17884}]])
[0m[0;32m[2026-09-16 14:19:04.202][VERB] RETURN: {"result":{"centerId":"$17885"}}
[0m[0;32m[2026-09-16 14:19:04.203][VERB] COMMANDCALL: _C.SafeAPI.Execute(["v1.sketch.point",[{"pos":[-1000,-1000,0],"id":17878}]])
[0m[0;32m[2026-09-16 14:19:04.204][VERB] RETURN: {"result":"$17887"}
[0m[0;32m[2026-09-16 14:19:04.204][VERB] COMMANDCALL: _C.SafeAPI.Execute(["v1.sketch.constraint",[{"type":"FIXATION","id":17878,"geomIds":[17887]}]])
[0m[0;32m[2026-09-16 14:19:04.205][VERB] RETURN: {"result":"$17889"}
[0m[0;32m[2026-09-16 14:19:04.205][VERB] COMMANDCALL: _C.SafeAPI.Execute(["v1.sketch.dimension",[{"type":"HORIZONTAL_DISTANCE","value":"@expr.d1029_position_x","name":"position_x","id":17878,"geomIds":[17887,17885]}]])
[0m[0;32m[2026-09-16 14:19:04.210][VERB] RETURN: {"result":"$17893"}
[0m[0;32m[2026-09-16 14:19:04.210][VERB] COMMANDCALL: _C.SafeAPI.Execute(["v1.sketch.dimension",[{"type":"VERTICAL_DISTANCE","value":"@expr.d1030_position_y","name":"position_y","id":17878,"geomIds":[17887,17885]}]])
[0m[0;32m[2026-09-16 14:19:04.216][VERB] RETURN: {"result":"$17897"}
[0m[0;32m[2026-09-16 14:19:04.216][VERB] COMMANDCALL: _C.SafeAPI.Execute(["v1.sketch.dimension",[{"type":"RADIUS","value":"@expr.d1031_radius","name":"radius","id":17878,"geomIds":[17884]}]])
[0m[0;32m[2026-09-16 14:19:04.222][VERB] RETURN: {"result":"$17901"}
[0m[0;32m[2026-09-16 14:19:04.223][VERB] COMMANDCALL: _C.SafeAPI.Execute(["v1.part.extrusion",[{"references":[17884],"name":"F1027_makeCylinder_cad_primitives_py_12","taperAngle":0,"limit2":"@expr.d1032_height","id":4}]])
[0m[0;32m[2026-09-16 14:19:04.232][VERB] RETURN: {"result":"$17905"}
[0m[0;32m[2026-09-16 14:19:04.233][VERB] COMMANDCALL: _C.SafeAPI.Execute(["v1.part.boolean",[{"type":"UNION","tools":[17905],"target":17860,"name":"F39_union_housing_py_303","id":4}]])
[0m[0;32m[2026-09-16 14:19:04.260][VERB] RETURN: {"result":"$17927"}
[0m[0;32m[2026-09-16 14:19:04.260][VERB] COMMANDCALL: _C.SafeAPI.Execute(["v1.part.workPlane",[{"type":"PLANE","references":[38],"name":"F1033_makeCylinder_cad_primitives_py_12_plane","offset":"@expr.d1034_plane_offset","id":4}]])
[0m[0;32m[2026-09-16 14:19:04.267][VERB] RETURN: {"result":"$17991"}
[0m[0;32m[2026-09-16 14:19:04.267][VERB] COMMANDCALL: _C.SafeAPI.Execute(["v1.sketch.create",[{"planeId":17991,"name":"F1033_makeCylinder_cad_primitives_py_12_profile","id":4}]])
[0m[0;32m[2026-09-16 14:19:04.270][VERB] RETURN: {"result":"$17997"}
[0m[0;32m[2026-09-16 14:19:04.270][VERB] COMMANDCALL: _C.SafeAPI.Execute(["v1.sketch.circle",[{"radius":0.85,"id":17997,"genFixation":0,"centerPos":[29.5,3.1,0]}]])
[0m[0;32m[2026-09-16 14:19:04.271][VERB] RETURN: {"result":"$18003"}
[0m[0;32m[2026-09-16 14:19:04.271][VERB] COMMANDCALL: _C.SafeAPI.Execute(["v1.sketch.getPoints",[{"id":18003}]])
[0m[0;32m[2026-09-16 14:19:04.272][VERB] RETURN: {"result":{"centerId":"$18004"}}
[0m[0;32m[2026-09-16 14:19:04.272][VERB] COMMANDCALL: _C.SafeAPI.Execute(["v1.sketch.point",[{"pos":[-1000,-1000,0],"id":17997}]])
[0m[0;32m[2026-09-16 14:19:04.273][VERB] RETURN: {"result":"$18006"}
[0m[0;32m[2026-09-16 14:19:04.273][VERB] COMMANDCALL: _C.SafeAPI.Execute(["v1.sketch.constraint",[{"type":"FIXATION","id":17997,"geomIds":[18006]}]])
[0m[0;32m[2026-09-16 14:19:04.275][VERB] RETURN: {"result":"$18008"}
[0m[0;32m[2026-09-16 14:19:04.276][VERB] COMMANDCALL: _C.SafeAPI.Execute(["v1.sketch.dimension",[{"type":"HORIZONTAL_DISTANCE","value":"@expr.d1035_position_x","name":"position_x","id":17997,"geomIds":[18006,18004]}]])
[0m[0;32m[2026-09-16 14:19:04.281][VERB] RETURN: {"result":"$18012"}
[0m[0;32m[2026-09-16 14:19:04.282][VERB] COMMANDCALL: _C.SafeAPI.Execute(["v1.sketch.dimension",[{"type":"VERTICAL_DISTANCE","value":"@expr.d1036_position_y","name":"position_y","id":17997,"geomIds":[18006,18004]}]])
[0m[0;32m[2026-09-16 14:19:04.288][VERB] RETURN: {"result":"$18016"}
[0m[0;32m[2026-09-16 14:19:04.288][VERB] COMMANDCALL: _C.SafeAPI.Execute(["v1.sketch.dimension",[{"type":"RADIUS","value":"@expr.d1037_radius","name":"radius","id":17997,"geomIds":[18003]}]])
[0m[0;32m[2026-09-16 14:19:04.294][VERB] RETURN: {"result":"$18020"}
[0m[0;32m[2026-09-16 14:19:04.295][VERB] COMMANDCALL: _C.SafeAPI.Execute(["v1.part.extrusion",[{"references":[18003],"name":"F1033_makeCylinder_cad_primitives_py_12","taperAngle":0,"limit2":"@expr.d1038_height","id":4}]])
[0m[0;32m[2026-09-16 14:19:04.308][VERB] RETURN: {"result":"$18024"}
[0m[0;32m[2026-09-16 14:19:04.309][VERB] COMMANDCALL: _C.SafeAPI.Execute(["v1.part.boolean",[{"type":"SUBTRACTION","tools":[18024],"target":17927,"name":"F38_cut_housing_py_306","id":4}]])
[0m[0;32m[2026-09-16 14:19:04.330][VERB] RETURN: {"result":"$18046"}
[0m[0;32m[2026-09-16 14:19:04.331][VERB] COMMANDCALL: _C.SafeAPI.Execute(["v1.part.workPlane",[{"type":"PLANE","references":[38],"name":"F1039_makeCylinder_cad_primitives_py_12_plane","offset":"@expr.d1040_plane_offset","id":4}]])
[0m[0;32m[2026-09-16 14:19:04.337][VERB] RETURN: {"result":"$18068"}
[0m[0;32m[2026-09-16 14:19:04.338][VERB] COMMANDCALL: _C.SafeAPI.Execute(["v1.sketch.create",[{"planeId":18068,"name":"F1039_makeCylinder_cad_primitives_py_12_profile","id":4}]])
[0m[0;32m[2026-09-16 14:19:04.340][VERB] RETURN: {"result":"$18074"}
[0m[0;32m[2026-09-16 14:19:04.341][VERB] COMMANDCALL: _C.SafeAPI.Execute(["v1.sketch.circle",[{"radius":2.85,"id":18074,"genFixation":0,"centerPos":[29.5,20.9,0]}]])
[0m[0;32m[2026-09-16 14:19:04.342][VERB] RETURN: {"result":"$18080"}
[0m[0;32m[2026-09-16 14:19:04.342][VERB] COMMANDCALL: _C.SafeAPI.Execute(["v1.sketch.getPoints",[{"id":18080}]])
[0m[0;32m[2026-09-16 14:19:04.342][VERB] RETURN: {"result":{"centerId":"$18081"}}
[0m[0;32m[2026-09-16 14:19:04.343][VERB] COMMANDCALL: _C.SafeAPI.Execute(["v1.sketch.point",[{"pos":[-1000,-1000,0],"id":18074}]])
[0m[0;32m[2026-09-16 14:19:04.344][VERB] RETURN: {"result":"$18083"}
[0m[0;32m[2026-09-16 14:19:04.344][VERB] COMMANDCALL: _C.SafeAPI.Execute(["v1.sketch.constraint",[{"type":"FIXATION","id":18074,"geomIds":[18083]}]])
[0m[0;32m[2026-09-16 14:19:04.346][VERB] RETURN: {"result":"$18085"}
[0m[0;32m[2026-09-16 14:19:04.346][VERB] COMMANDCALL: _C.SafeAPI.Execute(["v1.sketch.dimension",[{"type":"HORIZONTAL_DISTANCE","value":"@expr.d1041_position_x","name":"position_x","id":18074,"geomIds":[18083,18081]}]])
[0m[0;32m[2026-09-16 14:19:04.352][VERB] RETURN: {"result":"$18089"}
[0m[0;32m[2026-09-16 14:19:04.353][VERB] COMMANDCALL: _C.SafeAPI.Execute(["v1.sketch.dimension",[{"type":"VERTICAL_DISTANCE","value":"@expr.d1042_position_y","name":"position_y","id":18074,"geomIds":[18083,18081]}]])
[0m[0;32m[2026-09-16 14:19:04.359][VERB] RETURN: {"result":"$18093"}
[0m[0;32m[2026-09-16 14:19:04.360][VERB] COMMANDCALL: _C.SafeAPI.Execute(["v1.sketch.dimension",[{"type":"RADIUS","value":"@expr.d1043_radius","name":"radius","id":18074,"geomIds":[18080]}]])
[0m[0;32m[2026-09-16 14:19:04.366][VERB] RETURN: {"result":"$18097"}
[0m[0;32m[2026-09-16 14:19:04.367][VERB] COMMANDCALL: _C.SafeAPI.Execute(["v1.part.extrusion",[{"references":[18080],"name":"F1039_makeCylinder_cad_primitives_py_12","taperAngle":0,"limit2":"@expr.d1044_height","id":4}]])
[0m[0;32m[2026-09-16 14:19:04.378][VERB] RETURN: {"result":"$18101"}
[0m[0;32m[2026-09-16 14:19:04.379][VERB] COMMANDCALL: _C.SafeAPI.Execute(["v1.part.boolean",[{"type":"UNION","tools":[18101],"target":18046,"name":"F37_union_housing_py_303","id":4}]])
[0m[0;32m[2026-09-16 14:19:04.399][VERB] RETURN: {"result":"$18123"}
[0m[0;32m[2026-09-16 14:19:04.399][VERB] COMMANDCALL: _C.SafeAPI.Execute(["v1.part.workPlane",[{"type":"PLANE","references":[38],"name":"F1045_makeCylinder_cad_primitives_py_12_plane","offset":"@expr.d1046_plane_offset","id":4}]])
[0m[0;32m[2026-09-16 14:19:04.408][VERB] RETURN: {"result":"$18160"}
[0m[0;32m[2026-09-16 14:19:04.409][VERB] COMMANDCALL: _C.SafeAPI.Execute(["v1.sketch.create",[{"planeId":18160,"name":"F1045_makeCylinder_cad_primitives_py_12_profile","id":4}]])
[0m[0;32m[2026-09-16 14:19:04.411][VERB] RETURN: {"result":"$18166"}
[0m[0;32m[2026-09-16 14:19:04.412][VERB] COMMANDCALL: _C.SafeAPI.Execute(["v1.sketch.circle",[{"radius":0.85,"id":18166,"genFixation":0,"centerPos":[29.5,20.9,0]}]])
[0m[0;32m[2026-09-16 14:19:04.413][VERB] RETURN: {"result":"$18172"}
[0m[0;32m[2026-09-16 14:19:04.413][VERB] COMMANDCALL: _C.SafeAPI.Execute(["v1.sketch.getPoints",[{"id":18172}]])
[0m[0;32m[2026-09-16 14:19:04.413][VERB] RETURN: {"result":{"centerId":"$18173"}}
[0m[0;32m[2026-09-16 14:19:04.413][VERB] COMMANDCALL: _C.SafeAPI.Execute(["v1.sketch.point",[{"pos":[-1000,-1000,0],"id":18166}]])
[0m[0;32m[2026-09-16 14:19:04.414][VERB] RETURN: {"result":"$18175"}
[0m[0;32m[2026-09-16 14:19:04.414][VERB] COMMANDCALL: _C.SafeAPI.Execute(["v1.sketch.constraint",[{"type":"FIXATION","id":18166,"geomIds":[18175]}]])
[0m[0;32m[2026-09-16 14:19:04.416][VERB] RETURN: {"result":"$18177"}
[0m[0;32m[2026-09-16 14:19:04.416][VERB] COMMANDCALL: _C.SafeAPI.Execute(["v1.sketch.dimension",[{"type":"HORIZONTAL_DISTANCE","value":"@expr.d1047_position_x","name":"position_x","id":18166,"geomIds":[18175,18173]}]])
[0m[0;32m[2026-09-16 14:19:04.421][VERB] RETURN: {"result":"$18181"}
[0m[0;32m[2026-09-16 14:19:04.422][VERB] COMMANDCALL: _C.SafeAPI.Execute(["v1.sketch.dimension",[{"type":"VERTICAL_DISTANCE","value":"@expr.d1048_position_y","name":"position_y","id":18166,"geomIds":[18175,18173]}]])
[0m[0;32m[2026-09-16 14:19:04.428][VERB] RETURN: {"result":"$18185"}
[0m[0;32m[2026-09-16 14:19:04.429][VERB] COMMANDCALL: _C.SafeAPI.Execute(["v1.sketch.dimension",[{"type":"RADIUS","value":"@expr.d1049_radius","name":"radius","id":18166,"geomIds":[18172]}]])
[0m[0;32m[2026-09-16 14:19:04.435][VERB] RETURN: {"result":"$18189"}
[0m[0;32m[2026-09-16 14:19:04.436][VERB] COMMANDCALL: _C.SafeAPI.Execute(["v1.part.extrusion",[{"references":[18172],"name":"F1045_makeCylinder_cad_primitives_py_12","taperAngle":0,"limit2":"@expr.d1050_height","id":4}]])
[0m[0;32m[2026-09-16 14:19:04.446][VERB] RETURN: {"result":"$18193"}
[0m[0;32m[2026-09-16 14:19:04.447][VERB] COMMANDCALL: _C.SafeAPI.Execute(["v1.part.boolean",[{"type":"SUBTRACTION","tools":[18193],"target":18123,"name":"F36_cut_housing_py_306","id":4}]])
[0m[0;32m[2026-09-16 14:19:04.466][VERB] RETURN: {"result":"$18215"}
[0m[0;32m[2026-09-16 14:19:04.467][VERB] COMMANDCALL: _C.SafeAPI.Execute(["v1.part.workPlane",[{"type":"PLANE","references":[38],"name":"F1051_makeCylinder_cad_primitives_py_12_plane","offset":"@expr.d1052_plane_offset","id":4}]])
[0m[0;32m[2026-09-16 14:19:04.475][VERB] RETURN: {"result":"$18237"}
[0m[0;32m[2026-09-16 14:19:04.476][VERB] COMMANDCALL: _C.SafeAPI.Execute(["v1.sketch.create",[{"planeId":18237,"name":"F1051_makeCylinder_cad_primitives_py_12_profile","id":4}]])
[0m[0;32m[2026-09-16 14:19:04.479][VERB] RETURN: {"result":"$18243"}
[0m[0;32m[2026-09-16 14:19:04.479][VERB] COMMANDCALL: _C.SafeAPI.Execute(["v1.sketch.circle",[{"radius":2.85,"id":18243,"genFixation":0,"centerPos":[55,42.6,0]}]])
[0m[0;32m[2026-09-16 14:19:04.480][VERB] RETURN: {"result":"$18249"}
[0m[0;32m[2026-09-16 14:19:04.480][VERB] COMMANDCALL: _C.SafeAPI.Execute(["v1.sketch.getPoints",[{"id":18249}]])
[0m[0;32m[2026-09-16 14:19:04.480][VERB] RETURN: {"result":{"centerId":"$18250"}}
[0m[0;32m[2026-09-16 14:19:04.480][VERB] COMMANDCALL: _C.SafeAPI.Execute(["v1.sketch.point",[{"pos":[-1000,-1000,0],"id":18243}]])
[0m[0;32m[2026-09-16 14:19:04.481][VERB] RETURN: {"result":"$18252"}
[0m[0;32m[2026-09-16 14:19:04.482][VERB] COMMANDCALL: _C.SafeAPI.Execute(["v1.sketch.constraint",[{"type":"FIXATION","id":18243,"geomIds":[18252]}]])
[0m[0;32m[2026-09-16 14:19:04.483][VERB] RETURN: {"result":"$18254"}
[0m[0;32m[2026-09-16 14:19:04.483][VERB] COMMANDCALL: _C.SafeAPI.Execute(["v1.sketch.dimension",[{"type":"HORIZONTAL_DISTANCE","value":"@expr.d1053_position_x","name":"position_x","id":18243,"geomIds":[18252,18250]}]])
[0m[0;32m[2026-09-16 14:19:04.489][VERB] RETURN: {"result":"$18258"}
[0m[0;32m[2026-09-16 14:19:04.489][VERB] COMMANDCALL: _C.SafeAPI.Execute(["v1.sketch.dimension",[{"type":"VERTICAL_DISTANCE","value":"@expr.d1054_position_y","name":"position_y","id":18243,"geomIds":[18252,18250]}]])
[0m[0;32m[2026-09-16 14:19:04.496][VERB] RETURN: {"result":"$18262"}
[0m[0;32m[2026-09-16 14:19:04.496][VERB] COMMANDCALL: _C.SafeAPI.Execute(["v1.sketch.dimension",[{"type":"RADIUS","value":"@expr.d1055_radius","name":"radius","id":18243,"geomIds":[18249]}]])
[0m[0;32m[2026-09-16 14:19:04.502][VERB] RETURN: {"result":"$18266"}
[0m[0;32m[2026-09-16 14:19:04.503][VERB] COMMANDCALL: _C.SafeAPI.Execute(["v1.part.extrusion",[{"references":[18249],"name":"F1051_makeCylinder_cad_primitives_py_12","taperAngle":0,"limit2":"@expr.d1056_height","id":4}]])
[0m[0;32m[2026-09-16 14:19:04.513][VERB] RETURN: {"result":"$18270"}
[0m[0;32m[2026-09-16 14:19:04.514][VERB] COMMANDCALL: _C.SafeAPI.Execute(["v1.part.boolean",[{"type":"UNION","tools":[18270],"target":18215,"name":"F35_union_housing_py_303","id":4}]])
[0m[0;32m[2026-09-16 14:19:04.537][VERB] RETURN: {"result":"$18292"}
[0m[0;32m[2026-09-16 14:19:04.538][VERB] COMMANDCALL: _C.SafeAPI.Execute(["v1.part.workPlane",[{"type":"PLANE","references":[38],"name":"F1057_makeCylinder_cad_primitives_py_12_plane","offset":"@expr.d1058_plane_offset","id":4}]])
[0m[0;32m[2026-09-16 14:19:04.545][VERB] RETURN: {"result":"$18332"}
[0m[0;32m[2026-09-16 14:19:04.545][VERB] COMMANDCALL: _C.SafeAPI.Execute(["v1.sketch.create",[{"planeId":18332,"name":"F1057_makeCylinder_cad_primitives_py_12_profile","id":4}]])
[0m[0;32m[2026-09-16 14:19:04.548][VERB] RETURN: {"result":"$18338"}
[0m[0;32m[2026-09-16 14:19:04.548][VERB] COMMANDCALL: _C.SafeAPI.Execute(["v1.sketch.circle",[{"radius":0.85,"id":18338,"genFixation":0,"centerPos":[55,42.6,0]}]])
[0m[0;32m[2026-09-16 14:19:04.549][VERB] RETURN: {"result":"$18344"}
[0m[0;32m[2026-09-16 14:19:04.549][VERB] COMMANDCALL: _C.SafeAPI.Execute(["v1.sketch.getPoints",[{"id":18344}]])
[0m[0;32m[2026-09-16 14:19:04.550][VERB] RETURN: {"result":{"centerId":"$18345"}}
[0m[0;32m[2026-09-16 14:19:04.550][VERB] COMMANDCALL: _C.SafeAPI.Execute(["v1.sketch.point",[{"pos":[-1000,-1000,0],"id":18338}]])
[0m[0;32m[2026-09-16 14:19:04.551][VERB] RETURN: {"result":"$18347"}
[0m[0;32m[2026-09-16 14:19:04.551][VERB] COMMANDCALL: _C.SafeAPI.Execute(["v1.sketch.constraint",[{"type":"FIXATION","id":18338,"geomIds":[18347]}]])
[0m[0;32m[2026-09-16 14:19:04.553][VERB] RETURN: {"result":"$18349"}
[0m[0;32m[2026-09-16 14:19:04.553][VERB] COMMANDCALL: _C.SafeAPI.Execute(["v1.sketch.dimension",[{"type":"HORIZONTAL_DISTANCE","value":"@expr.d1059_position_x","name":"position_x","id":18338,"geomIds":[18347,18345]}]])
[0m[0;32m[2026-09-16 14:19:04.558][VERB] RETURN: {"result":"$18353"}
[0m[0;32m[2026-09-16 14:19:04.559][VERB] COMMANDCALL: _C.SafeAPI.Execute(["v1.sketch.dimension",[{"type":"VERTICAL_DISTANCE","value":"@expr.d1060_position_y","name":"position_y","id":18338,"geomIds":[18347,18345]}]])
[0m[0;32m[2026-09-16 14:19:04.564][VERB] RETURN: {"result":"$18357"}
[0m[0;32m[2026-09-16 14:19:04.564][VERB] COMMANDCALL: _C.SafeAPI.Execute(["v1.sketch.dimension",[{"type":"RADIUS","value":"@expr.d1061_radius","name":"radius","id":18338,"geomIds":[18344]}]])
[0m[0;32m[2026-09-16 14:19:04.570][VERB] RETURN: {"result":"$18361"}
[0m[0;32m[2026-09-16 14:19:04.571][VERB] COMMANDCALL: _C.SafeAPI.Execute(["v1.part.extrusion",[{"references":[18344],"name":"F1057_makeCylinder_cad_primitives_py_12","taperAngle":0,"limit2":"@expr.d1062_height","id":4}]])
[0m[0;32m[2026-09-16 14:19:04.581][VERB] RETURN: {"result":"$18365"}
[0m[0;32m[2026-09-16 14:19:04.581][VERB] COMMANDCALL: _C.SafeAPI.Execute(["v1.part.boolean",[{"type":"SUBTRACTION","tools":[18365],"target":18292,"name":"F34_cut_housing_py_306","id":4}]])
[0m[0;32m[2026-09-16 14:19:04.601][VERB] RETURN: {"result":"$18387"}
[0m[0;32m[2026-09-16 14:19:04.601][VERB] COMMANDCALL: _C.SafeAPI.Execute(["v1.part.workPlane",[{"type":"PLANE","references":[38],"name":"F1064_makeCylinder_cad_primitives_py_12_plane","offset":"@expr.d1065_plane_offset","id":4}]])
[0m[0;32m[2026-09-16 14:19:04.609][VERB] RETURN: {"result":"$18409"}
[0m[0;32m[2026-09-16 14:19:04.610][VERB] COMMANDCALL: _C.SafeAPI.Execute(["v1.sketch.create",[{"planeId":18409,"name":"F1064_makeCylinder_cad_primitives_py_12_profile","id":4}]])
[0m[0;32m[2026-09-16 14:19:04.612][VERB] RETURN: {"result":"$18415"}
[0m[0;32m[2026-09-16 14:19:04.612][VERB] COMMANDCALL: _C.SafeAPI.Execute(["v1.sketch.circle",[{"radius":2.85,"id":18415,"genFixation":0,"centerPos":[86.8,38.9,0]}]])
[0m[0;32m[2026-09-16 14:19:04.614][VERB] RETURN: {"result":"$18421"}
[0m[0;32m[2026-09-16 14:19:04.614][VERB] COMMANDCALL: _C.SafeAPI.Execute(["v1.sketch.getPoints",[{"id":18421}]])
[0m[0;32m[2026-09-16 14:19:04.614][VERB] RETURN: {"result":{"centerId":"$18422"}}
[0m[0;32m[2026-09-16 14:19:04.614][VERB] COMMANDCALL: _C.SafeAPI.Execute(["v1.sketch.point",[{"pos":[-1000,-1000,0],"id":18415}]])
[0m[0;32m[2026-09-16 14:19:04.615][VERB] RETURN: {"result":"$18424"}
[0m[0;32m[2026-09-16 14:19:04.615][VERB] COMMANDCALL: _C.SafeAPI.Execute(["v1.sketch.constraint",[{"type":"FIXATION","id":18415,"geomIds":[18424]}]])
[0m[0;32m[2026-09-16 14:19:04.616][VERB] RETURN: {"result":"$18426"}
[0m[0;32m[2026-09-16 14:19:04.616][VERB] COMMANDCALL: _C.SafeAPI.Execute(["v1.sketch.dimension",[{"type":"HORIZONTAL_DISTANCE","value":"@expr.d1066_position_x","name":"position_x","id":18415,"geomIds":[18424,18422]}]])
[0m[0;32m[2026-09-16 14:19:04.622][VERB] RETURN: {"result":"$18430"}
[0m[0;32m[2026-09-16 14:19:04.623][VERB] COMMANDCALL: _C.SafeAPI.Execute(["v1.sketch.dimension",[{"type":"VERTICAL_DISTANCE","value":"@expr.d1067_position_y","name":"position_y","id":18415,"geomIds":[18424,18422]}]])
[0m[0;32m[2026-09-16 14:19:04.628][VERB] RETURN: {"result":"$18434"}
[0m[0;32m[2026-09-16 14:19:04.629][VERB] COMMANDCALL: _C.SafeAPI.Execute(["v1.sketch.dimension",[{"type":"RADIUS","value":"@expr.d1068_radius","name":"radius","id":18415,"geomIds":[18421]}]])
[0m[0;32m[2026-09-16 14:19:04.634][VERB] RETURN: {"result":"$18438"}
[0m[0;32m[2026-09-16 14:19:04.636][VERB] COMMANDCALL: _C.SafeAPI.Execute(["v1.part.extrusion",[{"references":[18421],"name":"F1064_makeCylinder_cad_primitives_py_12","taperAngle":0,"limit2":"@expr.d1069_height","id":4}]])
[0m[0;32m[2026-09-16 14:19:04.646][VERB] RETURN: {"result":"$18442"}
[0m[0;32m[2026-09-16 14:19:04.646][VERB] COMMANDCALL: _C.SafeAPI.Execute(["v1.part.workPlane",[{"type":"PLANE","references":[38],"name":"F1072_makeBox_cad_primitives_py_8_plane","offset":"@expr.d1073_plane_offset","id":4}]])
[0m[0;32m[2026-09-16 14:19:04.654][VERB] RETURN: {"result":"$18464"}
[0m[0;32m[2026-09-16 14:19:04.655][VERB] COMMANDCALL: _C.SafeAPI.Execute(["v1.sketch.create",[{"planeId":18464,"name":"F1072_makeBox_cad_primitives_py_8_profile","id":4}]])
[0m[0;32m[2026-09-16 14:19:04.657][VERB] RETURN: {"result":"$18470"}
[0m[0;32m[2026-09-16 14:19:04.658][VERB] COMMANDCALL: _C.SafeAPI.Execute(["v1.sketch.rectangle",[{"startPos":[1.4,-1.3,0],"id":18470,"genFixation":0,"endPos":[52.4,27.3,0]}]])
[0m[0;32m[2026-09-16 14:19:04.665][VERB] RETURN: {"result":["$18476","$18480","$18486","$18492"]}
[0m[0;32m[2026-09-16 14:19:04.665][VERB] COMMANDCALL: _C.SafeAPI.Execute(["v1.sketch.getPoints",[{"id":18476}]])
[0m[0;32m[2026-09-16 14:19:04.665][VERB] RETURN: {"result":{"endId":"$18478","startId":"$18477"}}
[0m[0;32m[2026-09-16 14:19:04.666][VERB] COMMANDCALL: _C.SafeAPI.Execute(["v1.sketch.point",[{"pos":[-1000,-1000,0],"id":18470}]])
[0m[0;32m[2026-09-16 14:19:04.669][VERB] RETURN: {"result":"$18508"}
[0m[0;32m[2026-09-16 14:19:04.670][VERB] COMMANDCALL: _C.SafeAPI.Execute(["v1.sketch.constraint",[{"type":"FIXATION","id":18470,"geomIds":[18508]}]])
[0m[0;32m[2026-09-16 14:19:04.671][VERB] RETURN: {"result":"$18510"}
[0m[0;32m[2026-09-16 14:19:04.672][VERB] COMMANDCALL: _C.SafeAPI.Execute(["v1.sketch.dimension",[{"type":"HORIZONTAL_DISTANCE","value":"@expr.d1074_position_x","name":"position_x","id":18470,"geomIds":[18508,18477]}]])
[0m[0;32m[2026-09-16 14:19:04.678][VERB] RETURN: {"result":"$18514"}
[0m[0;32m[2026-09-16 14:19:04.678][VERB] COMMANDCALL: _C.SafeAPI.Execute(["v1.sketch.dimension",[{"type":"VERTICAL_DISTANCE","value":"@expr.d1075_position_y","name":"position_y","id":18470,"geomIds":[18508,18477]}]])
[0m[0;32m[2026-09-16 14:19:04.686][VERB] RETURN: {"result":"$18518"}
[0m[0;32m[2026-09-16 14:19:04.686][VERB] COMMANDCALL: _C.SafeAPI.Execute(["v1.sketch.dimension",[{"type":"OFFSET","value":"@expr.d1076_width","name":"width","id":18470,"geomIds":[18476]}]])
[0m[0;32m[2026-09-16 14:19:04.694][VERB] RETURN: {"result":"$18522"}
[0m[0;32m[2026-09-16 14:19:04.695][VERB] COMMANDCALL: _C.SafeAPI.Execute(["v1.sketch.dimension",[{"type":"OFFSET","value":"@expr.d1077_depth","name":"depth","id":18470,"geomIds":[18480]}]])
[0m[0;32m[2026-09-16 14:19:04.704][VERB] RETURN: {"result":"$18526"}
[0m[0;32m[2026-09-16 14:19:04.705][VERB] COMMANDCALL: _C.SafeAPI.Execute(["v1.part.extrusion",[{"references":[18476,18480,18486,18492],"name":"F1072_makeBox_cad_primitives_py_8","taperAngle":0,"limit2":"@expr.d1078_height","id":4}]])
[0m[0;32m[2026-09-16 14:19:04.714][VERB] RETURN: {"result":"$18530"}
[0m[0;32m[2026-09-16 14:19:04.715][VERB] COMMANDCALL: _C.SafeAPI.Execute(["v1.part.workPlane",[{"type":"PLANE","references":[38],"name":"F1079_makeBox_cad_primitives_py_8_plane","offset":"@expr.d1080_plane_offset","id":4}]])
[0m[0;32m[2026-09-16 14:19:04.724][VERB] RETURN: {"result":"$18573"}
[0m[0;32m[2026-09-16 14:19:04.724][VERB] COMMANDCALL: _C.SafeAPI.Execute(["v1.sketch.create",[{"planeId":18573,"name":"F1079_makeBox_cad_primitives_py_8_profile","id":4}]])
[0m[0;32m[2026-09-16 14:19:04.727][VERB] RETURN: {"result":"$18579"}
[0m[0;32m[2026-09-16 14:19:04.727][VERB] COMMANDCALL: _C.SafeAPI.Execute(["v1.sketch.rectangle",[{"startPos":[-1.3,1.4,0],"id":18579,"genFixation":0,"endPos":[55.1,24.6,0]}]])
[0m[0;32m[2026-09-16 14:19:04.734][VERB] RETURN: {"result":["$18585","$18589","$18595","$18601"]}
[0m[0;32m[2026-09-16 14:19:04.734][VERB] COMMANDCALL: _C.SafeAPI.Execute(["v1.sketch.getPoints",[{"id":18585}]])
[0m[0;32m[2026-09-16 14:19:04.735][VERB] RETURN: {"result":{"endId":"$18587","startId":"$18586"}}
[0m[0;32m[2026-09-16 14:19:04.735][VERB] COMMANDCALL: _C.SafeAPI.Execute(["v1.sketch.point",[{"pos":[-1000,-1000,0],"id":18579}]])
[0m[0;32m[2026-09-16 14:19:04.737][VERB] RETURN: {"result":"$18617"}
[0m[0;32m[2026-09-16 14:19:04.737][VERB] COMMANDCALL: _C.SafeAPI.Execute(["v1.sketch.constraint",[{"type":"FIXATION","id":18579,"geomIds":[18617]}]])
[0m[0;32m[2026-09-16 14:19:04.739][VERB] RETURN: {"result":"$18619"}
[0m[0;32m[2026-09-16 14:19:04.739][VERB] COMMANDCALL: _C.SafeAPI.Execute(["v1.sketch.dimension",[{"type":"HORIZONTAL_DISTANCE","value":"@expr.d1081_position_x","name":"position_x","id":18579,"geomIds":[18617,18586]}]])
[0m[0;32m[2026-09-16 14:19:04.745][VERB] RETURN: {"result":"$18623"}
[0m[0;32m[2026-09-16 14:19:04.746][VERB] COMMANDCALL: _C.SafeAPI.Execute(["v1.sketch.dimension",[{"type":"VERTICAL_DISTANCE","value":"@expr.d1082_position_y","name":"position_y","id":18579,"geomIds":[18617,18586]}]])
[0m[0;32m[2026-09-16 14:19:04.754][VERB] RETURN: {"result":"$18627"}
[0m[0;32m[2026-09-16 14:19:04.754][VERB] COMMANDCALL: _C.SafeAPI.Execute(["v1.sketch.dimension",[{"type":"OFFSET","value":"@expr.d1083_width","name":"width","id":18579,"geomIds":[18585]}]])
[0m[0;32m[2026-09-16 14:19:04.762][VERB] RETURN: {"result":"$18631"}
[0m[0;32m[2026-09-16 14:19:04.763][VERB] COMMANDCALL: _C.SafeAPI.Execute(["v1.sketch.dimension",[{"type":"OFFSET","value":"@expr.d1084_depth","name":"depth","id":18579,"geomIds":[18589]}]])
[0m[0;32m[2026-09-16 14:19:04.773][VERB] RETURN: {"result":"$18635"}
[0m[0;32m[2026-09-16 14:19:04.774][VERB] COMMANDCALL: _C.SafeAPI.Execute(["v1.part.extrusion",[{"references":[18585,18589,18595,18601],"name":"F1079_makeBox_cad_primitives_py_8","taperAngle":0,"limit2":"@expr.d1085_height","id":4}]])
[0m[0;32m[2026-09-16 14:19:04.783][VERB] RETURN: {"result":"$18639"}
[0m[0;32m[2026-09-16 14:19:04.783][VERB] COMMANDCALL: _C.SafeAPI.Execute(["v1.part.workPlane",[{"type":"PLANE","references":[38],"name":"F1086_makeCylinder_cad_primitives_py_12_plane","offset":"@expr.d1087_plane_offset","id":4}]])
[0m[0;32m[2026-09-16 14:19:04.791][VERB] RETURN: {"result":"$18682"}
[0m[0;32m[2026-09-16 14:19:04.792][VERB] COMMANDCALL: _C.SafeAPI.Execute(["v1.sketch.create",[{"planeId":18682,"name":"F1086_makeCylinder_cad_primitives_py_12_profile","id":4}]])
[0m[0;32m[2026-09-16 14:19:04.794][VERB] RETURN: {"result":"$18688"}
[0m[0;32m[2026-09-16 14:19:04.795][VERB] COMMANDCALL: _C.SafeAPI.Execute(["v1.sketch.circle",[{"radius":2.7,"id":18688,"genFixation":0,"centerPos":[1.4,1.4,0]}]])
[0m[0;32m[2026-09-16 14:19:04.796][VERB] RETURN: {"result":"$18694"}
[0m[0;32m[2026-09-16 14:19:04.796][VERB] COMMANDCALL: _C.SafeAPI.Execute(["v1.sketch.getPoints",[{"id":18694}]])
[0m[0;32m[2026-09-16 14:19:04.796][VERB] RETURN: {"result":{"centerId":"$18695"}}
[0m[0;32m[2026-09-16 14:19:04.796][VERB] COMMANDCALL: _C.SafeAPI.Execute(["v1.sketch.point",[{"pos":[-1000,-1000,0],"id":18688}]])
[0m[0;32m[2026-09-16 14:19:04.797][VERB] RETURN: {"result":"$18697"}
[0m[0;32m[2026-09-16 14:19:04.797][VERB] COMMANDCALL: _C.SafeAPI.Execute(["v1.sketch.constraint",[{"type":"FIXATION","id":18688,"geomIds":[18697]}]])
[0m[0;32m[2026-09-16 14:19:04.798][VERB] RETURN: {"result":"$18699"}
[0m[0;32m[2026-09-16 14:19:04.799][VERB] COMMANDCALL: _C.SafeAPI.Execute(["v1.sketch.dimension",[{"type":"HORIZONTAL_DISTANCE","value":"@expr.d1088_position_x","name":"position_x","id":18688,"geomIds":[18697,18695]}]])
[0m[0;32m[2026-09-16 14:19:04.804][VERB] RETURN: {"result":"$18703"}
[0m[0;32m[2026-09-16 14:19:04.805][VERB] COMMANDCALL: _C.SafeAPI.Execute(["v1.sketch.dimension",[{"type":"VERTICAL_DISTANCE","value":"@expr.d1089_position_y","name":"position_y","id":18688,"geomIds":[18697,18695]}]])
[0m[0;32m[2026-09-16 14:19:04.810][VERB] RETURN: {"result":"$18707"}
[0m[0;32m[2026-09-16 14:19:04.811][VERB] COMMANDCALL: _C.SafeAPI.Execute(["v1.sketch.dimension",[{"type":"RADIUS","value":"@expr.d1090_radius","name":"radius","id":18688,"geomIds":[18694]}]])
[0m[0;32m[2026-09-16 14:19:04.816][VERB] RETURN: {"result":"$18711"}
[0m[0;32m[2026-09-16 14:19:04.816][VERB] COMMANDCALL: _C.SafeAPI.Execute(["v1.part.extrusion",[{"references":[18694],"name":"F1086_makeCylinder_cad_primitives_py_12","taperAngle":0,"limit2":"@expr.d1091_height","id":4}]])
[0m[0;32m[2026-09-16 14:19:04.828][VERB] RETURN: {"result":"$18715"}
[0m[0;32m[2026-09-16 14:19:04.828][VERB] COMMANDCALL: _C.SafeAPI.Execute(["v1.part.workPlane",[{"type":"PLANE","references":[38],"name":"F1092_makeCylinder_cad_primitives_py_12_plane","offset":"@expr.d1093_plane_offset","id":4}]])
[0m[0;32m[2026-09-16 14:19:04.835][VERB] RETURN: {"result":"$18737"}
[0m[0;32m[2026-09-16 14:19:04.836][VERB] COMMANDCALL: _C.SafeAPI.Execute(["v1.sketch.create",[{"planeId":18737,"name":"F1092_makeCylinder_cad_primitives_py_12_profile","id":4}]])
[0m[0;32m[2026-09-16 14:19:04.839][VERB] RETURN: {"result":"$18743"}
[0m[0;32m[2026-09-16 14:19:04.839][VERB] COMMANDCALL: _C.SafeAPI.Execute(["v1.sketch.circle",[{"radius":2.7,"id":18743,"genFixation":0,"centerPos":[1.4,24.6,0]}]])
[0m[0;32m[2026-09-16 14:19:04.840][VERB] RETURN: {"result":"$18749"}
[0m[0;32m[2026-09-16 14:19:04.841][VERB] COMMANDCALL: _C.SafeAPI.Execute(["v1.sketch.getPoints",[{"id":18749}]])
[0m[0;32m[2026-09-16 14:19:04.841][VERB] RETURN: {"result":{"centerId":"$18750"}}
[0m[0;32m[2026-09-16 14:19:04.841][VERB] COMMANDCALL: _C.SafeAPI.Execute(["v1.sketch.point",[{"pos":[-1000,-1000,0],"id":18743}]])
[0m[0;32m[2026-09-16 14:19:04.842][VERB] RETURN: {"result":"$18752"}
[0m[0;32m[2026-09-16 14:19:04.842][VERB] COMMANDCALL: _C.SafeAPI.Execute(["v1.sketch.constraint",[{"type":"FIXATION","id":18743,"geomIds":[18752]}]])
[0m[0;32m[2026-09-16 14:19:04.843][VERB] RETURN: {"result":"$18754"}
[0m[0;32m[2026-09-16 14:19:04.843][VERB] COMMANDCALL: _C.SafeAPI.Execute(["v1.sketch.dimension",[{"type":"HORIZONTAL_DISTANCE","value":"@expr.d1094_position_x","name":"position_x","id":18743,"geomIds":[18752,18750]}]])
[0m[0;32m[2026-09-16 14:19:04.848][VERB] RETURN: {"result":"$18758"}
[0m[0;32m[2026-09-16 14:19:04.848][VERB] COMMANDCALL: _C.SafeAPI.Execute(["v1.sketch.dimension",[{"type":"VERTICAL_DISTANCE","value":"@expr.d1095_position_y","name":"position_y","id":18743,"geomIds":[18752,18750]}]])
[0m[0;32m[2026-09-16 14:19:04.854][VERB] RETURN: {"result":"$18762"}
[0m[0;32m[2026-09-16 14:19:04.855][VERB] COMMANDCALL: _C.SafeAPI.Execute(["v1.sketch.dimension",[{"type":"RADIUS","value":"@expr.d1096_radius","name":"radius","id":18743,"geomIds":[18749]}]])
[0m[0;32m[2026-09-16 14:19:04.861][VERB] RETURN: {"result":"$18766"}
[0m[0;32m[2026-09-16 14:19:04.861][VERB] COMMANDCALL: _C.SafeAPI.Execute(["v1.part.extrusion",[{"references":[18749],"name":"F1092_makeCylinder_cad_primitives_py_12","taperAngle":0,"limit2":"@expr.d1097_height","id":4}]])
[0m[0;32m[2026-09-16 14:19:04.872][VERB] RETURN: {"result":"$18770"}
[0m[0;32m[2026-09-16 14:19:04.872][VERB] COMMANDCALL: _C.SafeAPI.Execute(["v1.part.workPlane",[{"type":"PLANE","references":[38],"name":"F1098_makeCylinder_cad_primitives_py_12_plane","offset":"@expr.d1099_plane_offset","id":4}]])
[0m[0;32m[2026-09-16 14:19:04.879][VERB] RETURN: {"result":"$18792"}
[0m[0;32m[2026-09-16 14:19:04.880][VERB] COMMANDCALL: _C.SafeAPI.Execute(["v1.sketch.create",[{"planeId":18792,"name":"F1098_makeCylinder_cad_primitives_py_12_profile","id":4}]])
[0m[0;32m[2026-09-16 14:19:04.882][VERB] RETURN: {"result":"$18798"}
[0m[0;32m[2026-09-16 14:19:04.882][VERB] COMMANDCALL: _C.SafeAPI.Execute(["v1.sketch.circle",[{"radius":2.7,"id":18798,"genFixation":0,"centerPos":[52.4,1.4,0]}]])
[0m[0;32m[2026-09-16 14:19:04.884][VERB] RETURN: {"result":"$18804"}
[0m[0;32m[2026-09-16 14:19:04.884][VERB] COMMANDCALL: _C.SafeAPI.Execute(["v1.sketch.getPoints",[{"id":18804}]])
[0m[0;32m[2026-09-16 14:19:04.884][VERB] RETURN: {"result":{"centerId":"$18805"}}
[0m[0;32m[2026-09-16 14:19:04.884][VERB] COMMANDCALL: _C.SafeAPI.Execute(["v1.sketch.point",[{"pos":[-1000,-1000,0],"id":18798}]])
[0m[0;32m[2026-09-16 14:19:04.886][VERB] RETURN: {"result":"$18807"}
[0m[0;32m[2026-09-16 14:19:04.886][VERB] COMMANDCALL: _C.SafeAPI.Execute(["v1.sketch.constraint",[{"type":"FIXATION","id":18798,"geomIds":[18807]}]])
[0m[0;32m[2026-09-16 14:19:04.887][VERB] RETURN: {"result":"$18809"}
[0m[0;32m[2026-09-16 14:19:04.887][VERB] COMMANDCALL: _C.SafeAPI.Execute(["v1.sketch.dimension",[{"type":"HORIZONTAL_DISTANCE","value":"@expr.d1100_position_x","name":"position_x","id":18798,"geomIds":[18807,18805]}]])
[0m[0;32m[2026-09-16 14:19:04.892][VERB] RETURN: {"result":"$18813"}
[0m[0;32m[2026-09-16 14:19:04.893][VERB] COMMANDCALL: _C.SafeAPI.Execute(["v1.sketch.dimension",[{"type":"VERTICAL_DISTANCE","value":"@expr.d1101_position_y","name":"position_y","id":18798,"geomIds":[18807,18805]}]])
[0m[0;32m[2026-09-16 14:19:04.898][VERB] RETURN: {"result":"$18817"}
[0m[0;32m[2026-09-16 14:19:04.898][VERB] COMMANDCALL: _C.SafeAPI.Execute(["v1.sketch.dimension",[{"type":"RADIUS","value":"@expr.d1102_radius","name":"radius","id":18798,"geomIds":[18804]}]])
[0m[0;32m[2026-09-16 14:19:04.905][VERB] RETURN: {"result":"$18821"}
[0m[0;32m[2026-09-16 14:19:04.906][VERB] COMMANDCALL: _C.SafeAPI.Execute(["v1.part.extrusion",[{"references":[18804],"name":"F1098_makeCylinder_cad_primitives_py_12","taperAngle":0,"limit2":"@expr.d1103_height","id":4}]])
[0m[0;32m[2026-09-16 14:19:04.915][VERB] RETURN: {"result":"$18825"}
[0m[0;32m[2026-09-16 14:19:04.916][VERB] COMMANDCALL: _C.SafeAPI.Execute(["v1.part.workPlane",[{"type":"PLANE","references":[38],"name":"F1104_makeCylinder_cad_primitives_py_12_plane","offset":"@expr.d1105_plane_offset","id":4}]])
[0m[0;32m[2026-09-16 14:19:04.924][VERB] RETURN: {"result":"$18847"}
[0m[0;32m[2026-09-16 14:19:04.925][VERB] COMMANDCALL: _C.SafeAPI.Execute(["v1.sketch.create",[{"planeId":18847,"name":"F1104_makeCylinder_cad_primitives_py_12_profile","id":4}]])
[0m[0;32m[2026-09-16 14:19:04.927][VERB] RETURN: {"result":"$18853"}
[0m[0;32m[2026-09-16 14:19:04.928][VERB] COMMANDCALL: _C.SafeAPI.Execute(["v1.sketch.circle",[{"radius":2.7,"id":18853,"genFixation":0,"centerPos":[52.4,24.6,0]}]])
[0m[0;32m[2026-09-16 14:19:04.929][VERB] RETURN: {"result":"$18859"}
[0m[0;32m[2026-09-16 14:19:04.929][VERB] COMMANDCALL: _C.SafeAPI.Execute(["v1.sketch.getPoints",[{"id":18859}]])
[0m[0;32m[2026-09-16 14:19:04.929][VERB] RETURN: {"result":{"centerId":"$18860"}}
[0m[0;32m[2026-09-16 14:19:04.929][VERB] COMMANDCALL: _C.SafeAPI.Execute(["v1.sketch.point",[{"pos":[-1000,-1000,0],"id":18853}]])
[0m[0;32m[2026-09-16 14:19:04.930][VERB] RETURN: {"result":"$18862"}
[0m[0;32m[2026-09-16 14:19:04.930][VERB] COMMANDCALL: _C.SafeAPI.Execute(["v1.sketch.constraint",[{"type":"FIXATION","id":18853,"geomIds":[18862]}]])
[0m[0;32m[2026-09-16 14:19:04.931][VERB] RETURN: {"result":"$18864"}
[0m[0;32m[2026-09-16 14:19:04.932][VERB] COMMANDCALL: _C.SafeAPI.Execute(["v1.sketch.dimension",[{"type":"HORIZONTAL_DISTANCE","value":"@expr.d1106_position_x","name":"position_x","id":18853,"geomIds":[18862,18860]}]])
[0m[0;32m[2026-09-16 14:19:04.938][VERB] RETURN: {"result":"$18868"}
[0m[0;32m[2026-09-16 14:19:04.938][VERB] COMMANDCALL: _C.SafeAPI.Execute(["v1.sketch.dimension",[{"type":"VERTICAL_DISTANCE","value":"@expr.d1107_position_y","name":"position_y","id":18853,"geomIds":[18862,18860]}]])
[0m[0;32m[2026-09-16 14:19:04.945][VERB] RETURN: {"result":"$18872"}
[0m[0;32m[2026-09-16 14:19:04.945][VERB] COMMANDCALL: _C.SafeAPI.Execute(["v1.sketch.dimension",[{"type":"RADIUS","value":"@expr.d1108_radius","name":"radius","id":18853,"geomIds":[18859]}]])
[0m[0;32m[2026-09-16 14:19:04.952][VERB] RETURN: {"result":"$18876"}
[0m[0;32m[2026-09-16 14:19:04.953][VERB] COMMANDCALL: _C.SafeAPI.Execute(["v1.part.extrusion",[{"references":[18859],"name":"F1104_makeCylinder_cad_primitives_py_12","taperAngle":0,"limit2":"@expr.d1109_height","id":4}]])
[0m[0;32m[2026-09-16 14:19:04.963][VERB] RETURN: {"result":"$18880"}
[0m[0;32m[2026-09-16 14:19:04.964][VERB] COMMANDCALL: _C.SafeAPI.Execute(["v1.part.workPlane",[{"type":"PLANE","references":[38],"name":"F1110_makeBox_cad_primitives_py_8_plane","offset":"@expr.d1111_plane_offset","id":4}]])
[0m[0;32m[2026-09-16 14:19:04.971][VERB] RETURN: {"result":"$18902"}
[0m[0;32m[2026-09-16 14:19:04.972][VERB] COMMANDCALL: _C.SafeAPI.Execute(["v1.sketch.create",[{"planeId":18902,"name":"F1110_makeBox_cad_primitives_py_8_profile","id":4}]])
[0m[0;32m[2026-09-16 14:19:04.974][VERB] RETURN: {"result":"$18908"}
[0m[0;32m[2026-09-16 14:19:04.975][VERB] COMMANDCALL: _C.SafeAPI.Execute(["v1.sketch.rectangle",[{"startPos":[1.4,20.1,0],"id":18908,"genFixation":0,"endPos":[56.4,65.9,0]}]])
[0m[0;32m[2026-09-16 14:19:04.981][VERB] RETURN: {"result":["$18914","$18918","$18924","$18930"]}
[0m[0;32m[2026-09-16 14:19:04.982][VERB] COMMANDCALL: _C.SafeAPI.Execute(["v1.sketch.getPoints",[{"id":18914}]])
[0m[0;32m[2026-09-16 14:19:04.982][VERB] RETURN: {"result":{"endId":"$18916","startId":"$18915"}}
[0m[0;32m[2026-09-16 14:19:04.982][VERB] COMMANDCALL: _C.SafeAPI.Execute(["v1.sketch.point",[{"pos":[-1000,-1000,0],"id":18908}]])
[0m[0;32m[2026-09-16 14:19:04.984][VERB] RETURN: {"result":"$18946"}
[0m[0;32m[2026-09-16 14:19:04.985][VERB] COMMANDCALL: _C.SafeAPI.Execute(["v1.sketch.constraint",[{"type":"FIXATION","id":18908,"geomIds":[18946]}]])
[0m[0;32m[2026-09-16 14:19:04.987][VERB] RETURN: {"result":"$18948"}
[0m[0;32m[2026-09-16 14:19:04.988][VERB] COMMANDCALL: _C.SafeAPI.Execute(["v1.sketch.dimension",[{"type":"HORIZONTAL_DISTANCE","value":"@expr.d1112_position_x","name":"position_x","id":18908,"geomIds":[18946,18915]}]])
[0m[0;32m[2026-09-16 14:19:04.994][VERB] RETURN: {"result":"$18952"}
[0m[0;32m[2026-09-16 14:19:04.994][VERB] COMMANDCALL: _C.SafeAPI.Execute(["v1.sketch.dimension",[{"type":"VERTICAL_DISTANCE","value":"@expr.d1113_position_y","name":"position_y","id":18908,"geomIds":[18946,18915]}]])
[0m[0;32m[2026-09-16 14:19:05.002][VERB] RETURN: {"result":"$18956"}
[0m[0;32m[2026-09-16 14:19:05.002][VERB] COMMANDCALL: _C.SafeAPI.Execute(["v1.sketch.dimension",[{"type":"OFFSET","value":"@expr.d1114_width","name":"width","id":18908,"geomIds":[18914]}]])
[0m[0;32m[2026-09-16 14:19:05.011][VERB] RETURN: {"result":"$18960"}
[0m[0;32m[2026-09-16 14:19:05.011][VERB] COMMANDCALL: _C.SafeAPI.Execute(["v1.sketch.dimension",[{"type":"OFFSET","value":"@expr.d1115_depth","name":"depth","id":18908,"geomIds":[18918]}]])
[0m[0;32m[2026-09-16 14:19:05.020][VERB] RETURN: {"result":"$18964"}
[0m[0;32m[2026-09-16 14:19:05.021][VERB] COMMANDCALL: _C.SafeAPI.Execute(["v1.part.extrusion",[{"references":[18914,18918,18924,18930],"name":"F1110_makeBox_cad_primitives_py_8","taperAngle":0,"limit2":"@expr.d1116_height","id":4}]])
[0m[0;32m[2026-09-16 14:19:05.030][VERB] RETURN: {"result":"$18968"}
[0m[0;32m[2026-09-16 14:19:05.031][VERB] COMMANDCALL: _C.SafeAPI.Execute(["v1.part.workPlane",[{"type":"PLANE","references":[38],"name":"F1117_makeBox_cad_primitives_py_8_plane","offset":"@expr.d1118_plane_offset","id":4}]])
[0m[0;32m[2026-09-16 14:19:05.039][VERB] RETURN: {"result":"$19011"}
[0m[0;32m[2026-09-16 14:19:05.039][VERB] COMMANDCALL: _C.SafeAPI.Execute(["v1.sketch.create",[{"planeId":19011,"name":"F1117_makeBox_cad_primitives_py_8_profile","id":4}]])
[0m[0;32m[2026-09-16 14:19:05.042][VERB] RETURN: {"result":"$19017"}
[0m[0;32m[2026-09-16 14:19:05.043][VERB] COMMANDCALL: _C.SafeAPI.Execute(["v1.sketch.rectangle",[{"startPos":[-1.3,22.8,0],"id":19017,"genFixation":0,"endPos":[59.1,63.2,0]}]])
[0m[0;32m[2026-09-16 14:19:05.050][VERB] RETURN: {"result":["$19023","$19027","$19033","$19039"]}
[0m[0;32m[2026-09-16 14:19:05.050][VERB] COMMANDCALL: _C.SafeAPI.Execute(["v1.sketch.getPoints",[{"id":19023}]])
[0m[0;32m[2026-09-16 14:19:05.051][VERB] RETURN: {"result":{"endId":"$19025","startId":"$19024"}}
[0m[0;32m[2026-09-16 14:19:05.051][VERB] COMMANDCALL: _C.SafeAPI.Execute(["v1.sketch.point",[{"pos":[-1000,-1000,0],"id":19017}]])
[0m[0;32m[2026-09-16 14:19:05.053][VERB] RETURN: {"result":"$19055"}
[0m[0;32m[2026-09-16 14:19:05.054][VERB] COMMANDCALL: _C.SafeAPI.Execute(["v1.sketch.constraint",[{"type":"FIXATION","id":19017,"geomIds":[19055]}]])
[0m[0;32m[2026-09-16 14:19:05.056][VERB] RETURN: {"result":"$19057"}
[0m[0;32m[2026-09-16 14:19:05.056][VERB] COMMANDCALL: _C.SafeAPI.Execute(["v1.sketch.dimension",[{"type":"HORIZONTAL_DISTANCE","value":"@expr.d1119_position_x","name":"position_x","id":19017,"geomIds":[19055,19024]}]])
[0m[0;32m[2026-09-16 14:19:05.062][VERB] RETURN: {"result":"$19061"}
[0m[0;32m[2026-09-16 14:19:05.063][VERB] COMMANDCALL: _C.SafeAPI.Execute(["v1.sketch.dimension",[{"type":"VERTICAL_DISTANCE","value":"@expr.d1120_position_y","name":"position_y","id":19017,"geomIds":[19055,19024]}]])
[0m[0;32m[2026-09-16 14:19:05.070][VERB] RETURN: {"result":"$19065"}
[0m[0;32m[2026-09-16 14:19:05.071][VERB] COMMANDCALL: _C.SafeAPI.Execute(["v1.sketch.dimension",[{"type":"OFFSET","value":"@expr.d1121_width","name":"width","id":19017,"geomIds":[19023]}]])
[0m[0;32m[2026-09-16 14:19:05.079][VERB] RETURN: {"result":"$19069"}
[0m[0;32m[2026-09-16 14:19:05.079][VERB] COMMANDCALL: _C.SafeAPI.Execute(["v1.sketch.dimension",[{"type":"OFFSET","value":"@expr.d1122_depth","name":"depth","id":19017,"geomIds":[19027]}]])
[0m[0;32m[2026-09-16 14:19:05.088][VERB] RETURN: {"result":"$19073"}
[0m[0;32m[2026-09-16 14:19:05.089][VERB] COMMANDCALL: _C.SafeAPI.Execute(["v1.part.extrusion",[{"references":[19023,19027,19033,19039],"name":"F1117_makeBox_cad_primitives_py_8","taperAngle":0,"limit2":"@expr.d1123_height","id":4}]])
[0m[0;32m[2026-09-16 14:19:05.098][VERB] RETURN: {"result":"$19077"}
[0m[0;32m[2026-09-16 14:19:05.099][VERB] COMMANDCALL: _C.SafeAPI.Execute(["v1.part.workPlane",[{"type":"PLANE","references":[38],"name":"F1124_makeCylinder_cad_primitives_py_12_plane","offset":"@expr.d1125_plane_offset","id":4}]])
[0m[0;32m[2026-09-16 14:19:05.107][VERB] RETURN: {"result":"$19120"}
[0m[0;32m[2026-09-16 14:19:05.108][VERB] COMMANDCALL: _C.SafeAPI.Execute(["v1.sketch.create",[{"planeId":19120,"name":"F1124_makeCylinder_cad_primitives_py_12_profile","id":4}]])
[0m[0;32m[2026-09-16 14:19:05.111][VERB] RETURN: {"result":"$19126"}
[0m[0;32m[2026-09-16 14:19:05.111][VERB] COMMANDCALL: _C.SafeAPI.Execute(["v1.sketch.circle",[{"radius":2.7,"id":19126,"genFixation":0,"centerPos":[1.4,22.8,0]}]])
[0m[0;32m[2026-09-16 14:19:05.112][VERB] RETURN: {"result":"$19132"}
[0m[0;32m[2026-09-16 14:19:05.112][VERB] COMMANDCALL: _C.SafeAPI.Execute(["v1.sketch.getPoints",[{"id":19132}]])
[0m[0;32m[2026-09-16 14:19:05.112][VERB] RETURN: {"result":{"centerId":"$19133"}}
[0m[0;32m[2026-09-16 14:19:05.113][VERB] COMMANDCALL: _C.SafeAPI.Execute(["v1.sketch.point",[{"pos":[-1000,-1000,0],"id":19126}]])
[0m[0;32m[2026-09-16 14:19:05.114][VERB] RETURN: {"result":"$19135"}
[0m[0;32m[2026-09-16 14:19:05.114][VERB] COMMANDCALL: _C.SafeAPI.Execute(["v1.sketch.constraint",[{"type":"FIXATION","id":19126,"geomIds":[19135]}]])
[0m[0;32m[2026-09-16 14:19:05.115][VERB] RETURN: {"result":"$19137"}
[0m[0;32m[2026-09-16 14:19:05.115][VERB] COMMANDCALL: _C.SafeAPI.Execute(["v1.sketch.dimension",[{"type":"HORIZONTAL_DISTANCE","value":"@expr.d1126_position_x","name":"position_x","id":19126,"geomIds":[19135,19133]}]])
[0m[0;32m[2026-09-16 14:19:05.121][VERB] RETURN: {"result":"$19141"}
[0m[0;32m[2026-09-16 14:19:05.122][VERB] COMMANDCALL: _C.SafeAPI.Execute(["v1.sketch.dimension",[{"type":"VERTICAL_DISTANCE","value":"@expr.d1127_position_y","name":"position_y","id":19126,"geomIds":[19135,19133]}]])
[0m[0;32m[2026-09-16 14:19:05.128][VERB] RETURN: {"result":"$19145"}
[0m[0;32m[2026-09-16 14:19:05.128][VERB] COMMANDCALL: _C.SafeAPI.Execute(["v1.sketch.dimension",[{"type":"RADIUS","value":"@expr.d1128_radius","name":"radius","id":19126,"geomIds":[19132]}]])
[0m[0;32m[2026-09-16 14:19:05.134][VERB] RETURN: {"result":"$19149"}
[0m[0;32m[2026-09-16 14:19:05.135][VERB] COMMANDCALL: _C.SafeAPI.Execute(["v1.part.extrusion",[{"references":[19132],"name":"F1124_makeCylinder_cad_primitives_py_12","taperAngle":0,"limit2":"@expr.d1129_height","id":4}]])
[0m[0;32m[2026-09-16 14:19:05.146][VERB] RETURN: {"result":"$19153"}
[0m[0;32m[2026-09-16 14:19:05.146][VERB] COMMANDCALL: _C.SafeAPI.Execute(["v1.part.workPlane",[{"type":"PLANE","references":[38],"name":"F1130_makeCylinder_cad_primitives_py_12_plane","offset":"@expr.d1131_plane_offset","id":4}]])
[0m[0;32m[2026-09-16 14:19:05.154][VERB] RETURN: {"result":"$19175"}
[0m[0;32m[2026-09-16 14:19:05.155][VERB] COMMANDCALL: _C.SafeAPI.Execute(["v1.sketch.create",[{"planeId":19175,"name":"F1130_makeCylinder_cad_primitives_py_12_profile","id":4}]])
[0m[0;32m[2026-09-16 14:19:05.158][VERB] RETURN: {"result":"$19181"}
[0m[0;32m[2026-09-16 14:19:05.158][VERB] COMMANDCALL: _C.SafeAPI.Execute(["v1.sketch.circle",[{"radius":2.7,"id":19181,"genFixation":0,"centerPos":[1.4,63.2,0]}]])
[0m[0;32m[2026-09-16 14:19:05.160][VERB] RETURN: {"result":"$19187"}
[0m[0;32m[2026-09-16 14:19:05.160][VERB] COMMANDCALL: _C.SafeAPI.Execute(["v1.sketch.getPoints",[{"id":19187}]])
[0m[0;32m[2026-09-16 14:19:05.160][VERB] RETURN: {"result":{"centerId":"$19188"}}
[0m[0;32m[2026-09-16 14:19:05.160][VERB] COMMANDCALL: _C.SafeAPI.Execute(["v1.sketch.point",[{"pos":[-1000,-1000,0],"id":19181}]])
[0m[0;32m[2026-09-16 14:19:05.161][VERB] RETURN: {"result":"$19190"}
[0m[0;32m[2026-09-16 14:19:05.161][VERB] COMMANDCALL: _C.SafeAPI.Execute(["v1.sketch.constraint",[{"type":"FIXATION","id":19181,"geomIds":[19190]}]])
[0m[0;32m[2026-09-16 14:19:05.162][VERB] RETURN: {"result":"$19192"}
[0m[0;32m[2026-09-16 14:19:05.163][VERB] COMMANDCALL: _C.SafeAPI.Execute(["v1.sketch.dimension",[{"type":"HORIZONTAL_DISTANCE","value":"@expr.d1132_position_x","name":"position_x","id":19181,"geomIds":[19190,19188]}]])
[0m[0;32m[2026-09-16 14:19:05.168][VERB] RETURN: {"result":"$19196"}
[0m[0;32m[2026-09-16 14:19:05.169][VERB] COMMANDCALL: _C.SafeAPI.Execute(["v1.sketch.dimension",[{"type":"VERTICAL_DISTANCE","value":"@expr.d1133_position_y","name":"position_y","id":19181,"geomIds":[19190,19188]}]])
[0m[0;32m[2026-09-16 14:19:05.175][VERB] RETURN: {"result":"$19200"}
[0m[0;32m[2026-09-16 14:19:05.175][VERB] COMMANDCALL: _C.SafeAPI.Execute(["v1.sketch.dimension",[{"type":"RADIUS","value":"@expr.d1134_radius","name":"radius","id":19181,"geomIds":[19187]}]])
[0m[0;32m[2026-09-16 14:19:05.181][VERB] RETURN: {"result":"$19204"}
[0m[0;32m[2026-09-16 14:19:05.181][VERB] COMMANDCALL: _C.SafeAPI.Execute(["v1.part.extrusion",[{"references":[19187],"name":"F1130_makeCylinder_cad_primitives_py_12","taperAngle":0,"limit2":"@expr.d1135_height","id":4}]])
[0m[0;32m[2026-09-16 14:19:05.193][VERB] RETURN: {"result":"$19208"}
[0m[0;32m[2026-09-16 14:19:05.194][VERB] COMMANDCALL: _C.SafeAPI.Execute(["v1.part.workPlane",[{"type":"PLANE","references":[38],"name":"F1136_makeCylinder_cad_primitives_py_12_plane","offset":"@expr.d1137_plane_offset","id":4}]])
[0m[0;32m[2026-09-16 14:19:05.200][VERB] RETURN: {"result":"$19230"}
[0m[0;32m[2026-09-16 14:19:05.200][VERB] COMMANDCALL: _C.SafeAPI.Execute(["v1.sketch.create",[{"planeId":19230,"name":"F1136_makeCylinder_cad_primitives_py_12_profile","id":4}]])
[0m[0;32m[2026-09-16 14:19:05.204][VERB] RETURN: {"result":"$19236"}
[0m[0;32m[2026-09-16 14:19:05.204][VERB] COMMANDCALL: _C.SafeAPI.Execute(["v1.sketch.circle",[{"radius":2.7,"id":19236,"genFixation":0,"centerPos":[56.4,22.8,0]}]])
[0m[0;32m[2026-09-16 14:19:05.206][VERB] RETURN: {"result":"$19242"}
[0m[0;32m[2026-09-16 14:19:05.206][VERB] COMMANDCALL: _C.SafeAPI.Execute(["v1.sketch.getPoints",[{"id":19242}]])
[0m[0;32m[2026-09-16 14:19:05.207][VERB] RETURN: {"result":{"centerId":"$19243"}}
[0m[0;32m[2026-09-16 14:19:05.207][VERB] COMMANDCALL: _C.SafeAPI.Execute(["v1.sketch.point",[{"pos":[-1000,-1000,0],"id":19236}]])
[0m[0;32m[2026-09-16 14:19:05.208][VERB] RETURN: {"result":"$19245"}
[0m[0;32m[2026-09-16 14:19:05.208][VERB] COMMANDCALL: _C.SafeAPI.Execute(["v1.sketch.constraint",[{"type":"FIXATION","id":19236,"geomIds":[19245]}]])
[0m[0;32m[2026-09-16 14:19:05.209][VERB] RETURN: {"result":"$19247"}
[0m[0;32m[2026-09-16 14:19:05.209][VERB] COMMANDCALL: _C.SafeAPI.Execute(["v1.sketch.dimension",[{"type":"HORIZONTAL_DISTANCE","value":"@expr.d1138_position_x","name":"position_x","id":19236,"geomIds":[19245,19243]}]])
[0m[0;32m[2026-09-16 14:19:05.214][VERB] RETURN: {"result":"$19251"}
[0m[0;32m[2026-09-16 14:19:05.214][VERB] COMMANDCALL: _C.SafeAPI.Execute(["v1.sketch.dimension",[{"type":"VERTICAL_DISTANCE","value":"@expr.d1139_position_y","name":"position_y","id":19236,"geomIds":[19245,19243]}]])
[0m[0;32m[2026-09-16 14:19:05.221][VERB] RETURN: {"result":"$19255"}
[0m[0;32m[2026-09-16 14:19:05.221][VERB] COMMANDCALL: _C.SafeAPI.Execute(["v1.sketch.dimension",[{"type":"RADIUS","value":"@expr.d1140_radius","name":"radius","id":19236,"geomIds":[19242]}]])
[0m[0;32m[2026-09-16 14:19:05.228][VERB] RETURN: {"result":"$19259"}
[0m[0;32m[2026-09-16 14:19:05.229][VERB] COMMANDCALL: _C.SafeAPI.Execute(["v1.part.extrusion",[{"references":[19242],"name":"F1136_makeCylinder_cad_primitives_py_12","taperAngle":0,"limit2":"@expr.d1141_height","id":4}]])
[0m[0;32m[2026-09-16 14:19:05.241][VERB] RETURN: {"result":"$19263"}
[0m[0;32m[2026-09-16 14:19:05.242][VERB] COMMANDCALL: _C.SafeAPI.Execute(["v1.part.workPlane",[{"type":"PLANE","references":[38],"name":"F1142_makeCylinder_cad_primitives_py_12_plane","offset":"@expr.d1143_plane_offset","id":4}]])
[0m[0;32m[2026-09-16 14:19:05.249][VERB] RETURN: {"result":"$19285"}
[0m[0;32m[2026-09-16 14:19:05.249][VERB] COMMANDCALL: _C.SafeAPI.Execute(["v1.sketch.create",[{"planeId":19285,"name":"F1142_makeCylinder_cad_primitives_py_12_profile","id":4}]])
[0m[0;32m[2026-09-16 14:19:05.252][VERB] RETURN: {"result":"$19291"}
[0m[0;32m[2026-09-16 14:19:05.253][VERB] COMMANDCALL: _C.SafeAPI.Execute(["v1.sketch.circle",[{"radius":2.7,"id":19291,"genFixation":0,"centerPos":[56.4,63.2,0]}]])
[0m[0;32m[2026-09-16 14:19:05.255][VERB] RETURN: {"result":"$19297"}
[0m[0;32m[2026-09-16 14:19:05.255][VERB] COMMANDCALL: _C.SafeAPI.Execute(["v1.sketch.getPoints",[{"id":19297}]])
[0m[0;32m[2026-09-16 14:19:05.255][VERB] RETURN: {"result":{"centerId":"$19298"}}
[0m[0;32m[2026-09-16 14:19:05.255][VERB] COMMANDCALL: _C.SafeAPI.Execute(["v1.sketch.point",[{"pos":[-1000,-1000,0],"id":19291}]])
[0m[0;32m[2026-09-16 14:19:05.256][VERB] RETURN: {"result":"$19300"}
[0m[0;32m[2026-09-16 14:19:05.257][VERB] COMMANDCALL: _C.SafeAPI.Execute(["v1.sketch.constraint",[{"type":"FIXATION","id":19291,"geomIds":[19300]}]])
[0m[0;32m[2026-09-16 14:19:05.258][VERB] RETURN: {"result":"$19302"}
[0m[0;32m[2026-09-16 14:19:05.258][VERB] COMMANDCALL: _C.SafeAPI.Execute(["v1.sketch.dimension",[{"type":"HORIZONTAL_DISTANCE","value":"@expr.d1144_position_x","name":"position_x","id":19291,"geomIds":[19300,19298]}]])
[0m[0;32m[2026-09-16 14:19:05.263][VERB] RETURN: {"result":"$19306"}
[0m[0;32m[2026-09-16 14:19:05.263][VERB] COMMANDCALL: _C.SafeAPI.Execute(["v1.sketch.dimension",[{"type":"VERTICAL_DISTANCE","value":"@expr.d1145_position_y","name":"position_y","id":19291,"geomIds":[19300,19298]}]])
[0m[0;32m[2026-09-16 14:19:05.270][VERB] RETURN: {"result":"$19310"}
[0m[0;32m[2026-09-16 14:19:05.271][VERB] COMMANDCALL: _C.SafeAPI.Execute(["v1.sketch.dimension",[{"type":"RADIUS","value":"@expr.d1146_radius","name":"radius","id":19291,"geomIds":[19297]}]])
[0m[0;32m[2026-09-16 14:19:05.277][VERB] RETURN: {"result":"$19314"}
[0m[0;32m[2026-09-16 14:19:05.277][VERB] COMMANDCALL: _C.SafeAPI.Execute(["v1.part.extrusion",[{"references":[19297],"name":"F1142_makeCylinder_cad_primitives_py_12","taperAngle":0,"limit2":"@expr.d1147_height","id":4}]])
[0m[0;32m[2026-09-16 14:19:05.288][VERB] RETURN: {"result":"$19318"}
[0m[0;32m[2026-09-16 14:19:05.289][VERB] COMMANDCALL: _C.SafeAPI.Execute(["v1.part.workPlane",[{"type":"PLANE","references":[38],"name":"F1148_makeBox_cad_primitives_py_8_plane","offset":"@expr.d1149_plane_offset","id":4}]])
[0m[0;32m[2026-09-16 14:19:05.296][VERB] RETURN: {"result":"$19340"}
[0m[0;32m[2026-09-16 14:19:05.296][VERB] COMMANDCALL: _C.SafeAPI.Execute(["v1.sketch.create",[{"planeId":19340,"name":"F1148_makeBox_cad_primitives_py_8_profile","id":4}]])
[0m[0;32m[2026-09-16 14:19:05.299][VERB] RETURN: {"result":"$19346"}
[0m[0;32m[2026-09-16 14:19:05.299][VERB] COMMANDCALL: _C.SafeAPI.Execute(["v1.sketch.rectangle",[{"startPos":[48.8,-1.3,0],"id":19346,"genFixation":0,"endPos":[89.8,40.8,0]}]])
[0m[0;32m[2026-09-16 14:19:05.307][VERB] RETURN: {"result":["$19352","$19356","$19362","$19368"]}
[0m[0;32m[2026-09-16 14:19:05.307][VERB] COMMANDCALL: _C.SafeAPI.Execute(["v1.sketch.getPoints",[{"id":19352}]])
[0m[0;32m[2026-09-16 14:19:05.307][VERB] RETURN: {"result":{"endId":"$19354","startId":"$19353"}}
[0m[0;32m[2026-09-16 14:19:05.308][VERB] COMMANDCALL: _C.SafeAPI.Execute(["v1.sketch.point",[{"pos":[-1000,-1000,0],"id":19346}]])
[0m[0;32m[2026-09-16 14:19:05.310][VERB] RETURN: {"result":"$19384"}
[0m[0;32m[2026-09-16 14:19:05.310][VERB] COMMANDCALL: _C.SafeAPI.Execute(["v1.sketch.constraint",[{"type":"FIXATION","id":19346,"geomIds":[19384]}]])
[0m[0;32m[2026-09-16 14:19:05.312][VERB] RETURN: {"result":"$19386"}
[0m[0;32m[2026-09-16 14:19:05.312][VERB] COMMANDCALL: _C.SafeAPI.Execute(["v1.sketch.dimension",[{"type":"HORIZONTAL_DISTANCE","value":"@expr.d1150_position_x","name":"position_x","id":19346,"geomIds":[19384,19353]}]])
[0m[0;32m[2026-09-16 14:19:05.319][VERB] RETURN: {"result":"$19390"}
[0m[0;32m[2026-09-16 14:19:05.320][VERB] COMMANDCALL: _C.SafeAPI.Execute(["v1.sketch.dimension",[{"type":"VERTICAL_DISTANCE","value":"@expr.d1151_position_y","name":"position_y","id":19346,"geomIds":[19384,19353]}]])
[0m[0;32m[2026-09-16 14:19:05.327][VERB] RETURN: {"result":"$19394"}
[0m[0;32m[2026-09-16 14:19:05.328][VERB] COMMANDCALL: _C.SafeAPI.Execute(["v1.sketch.dimension",[{"type":"OFFSET","value":"@expr.d1152_width","name":"width","id":19346,"geomIds":[19352]}]])
[0m[0;32m[2026-09-16 14:19:05.336][VERB] RETURN: {"result":"$19398"}
[0m[0;32m[2026-09-16 14:19:05.337][VERB] COMMANDCALL: _C.SafeAPI.Execute(["v1.sketch.dimension",[{"type":"OFFSET","value":"@expr.d1153_depth","name":"depth","id":19346,"geomIds":[19356]}]])
[0m[0;32m[2026-09-16 14:19:05.346][VERB] RETURN: {"result":"$19402"}
[0m[0;32m[2026-09-16 14:19:05.346][VERB] COMMANDCALL: _C.SafeAPI.Execute(["v1.part.extrusion",[{"references":[19352,19356,19362,19368],"name":"F1148_makeBox_cad_primitives_py_8","taperAngle":0,"limit2":"@expr.d1154_height","id":4}]])
[0m[0;32m[2026-09-16 14:19:05.357][VERB] RETURN: {"result":"$19406"}
[0m[0;32m[2026-09-16 14:19:05.358][VERB] COMMANDCALL: _C.SafeAPI.Execute(["v1.part.workPlane",[{"type":"PLANE","references":[38],"name":"F1155_makeBox_cad_primitives_py_8_plane","offset":"@expr.d1156_plane_offset","id":4}]])
[0m[0;32m[2026-09-16 14:19:05.366][VERB] RETURN: {"result":"$19449"}
[0m[0;32m[2026-09-16 14:19:05.366][VERB] COMMANDCALL: _C.SafeAPI.Execute(["v1.sketch.create",[{"planeId":19449,"name":"F1155_makeBox_cad_primitives_py_8_profile","id":4}]])
[0m[0;32m[2026-09-16 14:19:05.369][VERB] RETURN: {"result":"$19455"}
[0m[0;32m[2026-09-16 14:19:05.370][VERB] COMMANDCALL: _C.SafeAPI.Execute(["v1.sketch.rectangle",[{"startPos":[46.1,1.4,0],"id":19455,"genFixation":0,"endPos":[92.5,38.1,0]}]])
[0m[0;32m[2026-09-16 14:19:05.377][VERB] RETURN: {"result":["$19461","$19465","$19471","$19477"]}
[0m[0;32m[2026-09-16 14:19:05.378][VERB] COMMANDCALL: _C.SafeAPI.Execute(["v1.sketch.getPoints",[{"id":19461}]])
[0m[0;32m[2026-09-16 14:19:05.378][VERB] RETURN: {"result":{"endId":"$19463","startId":"$19462"}}
[0m[0;32m[2026-09-16 14:19:05.378][VERB] COMMANDCALL: _C.SafeAPI.Execute(["v1.sketch.point",[{"pos":[-1000,-1000,0],"id":19455}]])
[0m[0;32m[2026-09-16 14:19:05.380][VERB] RETURN: {"result":"$19493"}
[0m[0;32m[2026-09-16 14:19:05.380][VERB] COMMANDCALL: _C.SafeAPI.Execute(["v1.sketch.constraint",[{"type":"FIXATION","id":19455,"geomIds":[19493]}]])
[0m[0;32m[2026-09-16 14:19:05.382][VERB] RETURN: {"result":"$19495"}
[0m[0;32m[2026-09-16 14:19:05.382][VERB] COMMANDCALL: _C.SafeAPI.Execute(["v1.sketch.dimension",[{"type":"HORIZONTAL_DISTANCE","value":"@expr.d1157_position_x","name":"position_x","id":19455,"geomIds":[19493,19462]}]])
[0m[0;32m[2026-09-16 14:19:05.389][VERB] RETURN: {"result":"$19499"}
[0m[0;32m[2026-09-16 14:19:05.390][VERB] COMMANDCALL: _C.SafeAPI.Execute(["v1.sketch.dimension",[{"type":"VERTICAL_DISTANCE","value":"@expr.d1158_position_y","name":"position_y","id":19455,"geomIds":[19493,19462]}]])
[0m[0;32m[2026-09-16 14:19:05.397][VERB] RETURN: {"result":"$19503"}
[0m[0;32m[2026-09-16 14:19:05.397][VERB] COMMANDCALL: _C.SafeAPI.Execute(["v1.sketch.dimension",[{"type":"OFFSET","value":"@expr.d1159_width","name":"width","id":19455,"geomIds":[19461]}]])
[0m[0;32m[2026-09-16 14:19:05.405][VERB] RETURN: {"result":"$19507"}
[0m[0;32m[2026-09-16 14:19:05.405][VERB] COMMANDCALL: _C.SafeAPI.Execute(["v1.sketch.dimension",[{"type":"OFFSET","value":"@expr.d1160_depth","name":"depth","id":19455,"geomIds":[19465]}]])
[0m[0;32m[2026-09-16 14:19:05.415][VERB] RETURN: {"result":"$19511"}
[0m[0;32m[2026-09-16 14:19:05.415][VERB] COMMANDCALL: _C.SafeAPI.Execute(["v1.part.extrusion",[{"references":[19461,19465,19471,19477],"name":"F1155_makeBox_cad_primitives_py_8","taperAngle":0,"limit2":"@expr.d1161_height","id":4}]])
[0m[0;32m[2026-09-16 14:19:05.427][VERB] RETURN: {"result":"$19515"}
[0m[0;32m[2026-09-16 14:19:05.427][VERB] COMMANDCALL: _C.SafeAPI.Execute(["v1.part.workPlane",[{"type":"PLANE","references":[38],"name":"F1162_makeCylinder_cad_primitives_py_12_plane","offset":"@expr.d1163_plane_offset","id":4}]])
[0m[0;32m[2026-09-16 14:19:05.434][VERB] RETURN: {"result":"$19558"}
[0m[0;32m[2026-09-16 14:19:05.435][VERB] COMMANDCALL: _C.SafeAPI.Execute(["v1.sketch.create",[{"planeId":19558,"name":"F1162_makeCylinder_cad_primitives_py_12_profile","id":4}]])
[0m[0;32m[2026-09-16 14:19:05.437][VERB] RETURN: {"result":"$19564"}
[0m[0;32m[2026-09-16 14:19:05.438][VERB] COMMANDCALL: _C.SafeAPI.Execute(["v1.sketch.circle",[{"radius":2.7,"id":19564,"genFixation":0,"centerPos":[48.8,1.4,0]}]])
[0m[0;32m[2026-09-16 14:19:05.439][VERB] RETURN: {"result":"$19570"}
[0m[0;32m[2026-09-16 14:19:05.439][VERB] COMMANDCALL: _C.SafeAPI.Execute(["v1.sketch.getPoints",[{"id":19570}]])
[0m[0;32m[2026-09-16 14:19:05.439][VERB] RETURN: {"result":{"centerId":"$19571"}}
[0m[0;32m[2026-09-16 14:19:05.440][VERB] COMMANDCALL: _C.SafeAPI.Execute(["v1.sketch.point",[{"pos":[-1000,-1000,0],"id":19564}]])
[0m[0;32m[2026-09-16 14:19:05.441][VERB] RETURN: {"result":"$19573"}
[0m[0;32m[2026-09-16 14:19:05.441][VERB] COMMANDCALL: _C.SafeAPI.Execute(["v1.sketch.constraint",[{"type":"FIXATION","id":19564,"geomIds":[19573]}]])
[0m[0;32m[2026-09-16 14:19:05.442][VERB] RETURN: {"result":"$19575"}
[0m[0;32m[2026-09-16 14:19:05.442][VERB] COMMANDCALL: _C.SafeAPI.Execute(["v1.sketch.dimension",[{"type":"HORIZONTAL_DISTANCE","value":"@expr.d1164_position_x","name":"position_x","id":19564,"geomIds":[19573,19571]}]])
[0m[0;32m[2026-09-16 14:19:05.447][VERB] RETURN: {"result":"$19579"}
[0m[0;32m[2026-09-16 14:19:05.447][VERB] COMMANDCALL: _C.SafeAPI.Execute(["v1.sketch.dimension",[{"type":"VERTICAL_DISTANCE","value":"@expr.d1165_position_y","name":"position_y","id":19564,"geomIds":[19573,19571]}]])
[0m[0;32m[2026-09-16 14:19:05.453][VERB] RETURN: {"result":"$19583"}
[0m[0;32m[2026-09-16 14:19:05.454][VERB] COMMANDCALL: _C.SafeAPI.Execute(["v1.sketch.dimension",[{"type":"RADIUS","value":"@expr.d1166_radius","name":"radius","id":19564,"geomIds":[19570]}]])
[0m[0;32m[2026-09-16 14:19:05.460][VERB] RETURN: {"result":"$19587"}
[0m[0;32m[2026-09-16 14:19:05.460][VERB] COMMANDCALL: _C.SafeAPI.Execute(["v1.part.extrusion",[{"references":[19570],"name":"F1162_makeCylinder_cad_primitives_py_12","taperAngle":0,"limit2":"@expr.d1167_height","id":4}]])
[0m[0;32m[2026-09-16 14:19:05.471][VERB] RETURN: {"result":"$19591"}
[0m[0;32m[2026-09-16 14:19:05.472][VERB] COMMANDCALL: _C.SafeAPI.Execute(["v1.part.workPlane",[{"type":"PLANE","references":[38],"name":"F1168_makeCylinder_cad_primitives_py_12_plane","offset":"@expr.d1169_plane_offset","id":4}]])
[0m[0;32m[2026-09-16 14:19:05.479][VERB] RETURN: {"result":"$19613"}
[0m[0;32m[2026-09-16 14:19:05.479][VERB] COMMANDCALL: _C.SafeAPI.Execute(["v1.sketch.create",[{"planeId":19613,"name":"F1168_makeCylinder_cad_primitives_py_12_profile","id":4}]])
[0m[0;32m[2026-09-16 14:19:05.482][VERB] RETURN: {"result":"$19619"}
[0m[0;32m[2026-09-16 14:19:05.482][VERB] COMMANDCALL: _C.SafeAPI.Execute(["v1.sketch.circle",[{"radius":2.7,"id":19619,"genFixation":0,"centerPos":[48.8,38.1,0]}]])
[0m[0;32m[2026-09-16 14:19:05.484][VERB] RETURN: {"result":"$19625"}
[0m[0;32m[2026-09-16 14:19:05.484][VERB] COMMANDCALL: _C.SafeAPI.Execute(["v1.sketch.getPoints",[{"id":19625}]])
[0m[0;32m[2026-09-16 14:19:05.484][VERB] RETURN: {"result":{"centerId":"$19626"}}
[0m[0;32m[2026-09-16 14:19:05.485][VERB] COMMANDCALL: _C.SafeAPI.Execute(["v1.sketch.point",[{"pos":[-1000,-1000,0],"id":19619}]])
[0m[0;32m[2026-09-16 14:19:05.486][VERB] RETURN: {"result":"$19628"}
[0m[0;32m[2026-09-16 14:19:05.486][VERB] COMMANDCALL: _C.SafeAPI.Execute(["v1.sketch.constraint",[{"type":"FIXATION","id":19619,"geomIds":[19628]}]])
[0m[0;32m[2026-09-16 14:19:05.488][VERB] RETURN: {"result":"$19630"}
[0m[0;32m[2026-09-16 14:19:05.488][VERB] COMMANDCALL: _C.SafeAPI.Execute(["v1.sketch.dimension",[{"type":"HORIZONTAL_DISTANCE","value":"@expr.d1170_position_x","name":"position_x","id":19619,"geomIds":[19628,19626]}]])
[0m[0;32m[2026-09-16 14:19:05.493][VERB] RETURN: {"result":"$19634"}
[0m[0;32m[2026-09-16 14:19:05.494][VERB] COMMANDCALL: _C.SafeAPI.Execute(["v1.sketch.dimension",[{"type":"VERTICAL_DISTANCE","value":"@expr.d1171_position_y","name":"position_y","id":19619,"geomIds":[19628,19626]}]])
[0m[0;32m[2026-09-16 14:19:05.499][VERB] RETURN: {"result":"$19638"}
[0m[0;32m[2026-09-16 14:19:05.500][VERB] COMMANDCALL: _C.SafeAPI.Execute(["v1.sketch.dimension",[{"type":"RADIUS","value":"@expr.d1172_radius","name":"radius","id":19619,"geomIds":[19625]}]])
[0m[0;32m[2026-09-16 14:19:05.506][VERB] RETURN: {"result":"$19642"}
[0m[0;32m[2026-09-16 14:19:05.507][VERB] COMMANDCALL: _C.SafeAPI.Execute(["v1.part.extrusion",[{"references":[19625],"name":"F1168_makeCylinder_cad_primitives_py_12","taperAngle":0,"limit2":"@expr.d1173_height","id":4}]])
[0m[0;32m[2026-09-16 14:19:05.517][VERB] RETURN: {"result":"$19646"}
[0m[0;32m[2026-09-16 14:19:05.517][VERB] COMMANDCALL: _C.SafeAPI.Execute(["v1.part.workPlane",[{"type":"PLANE","references":[38],"name":"F1174_makeCylinder_cad_primitives_py_12_plane","offset":"@expr.d1175_plane_offset","id":4}]])
[0m[0;32m[2026-09-16 14:19:05.526][VERB] RETURN: {"result":"$19668"}
[0m[0;32m[2026-09-16 14:19:05.526][VERB] COMMANDCALL: _C.SafeAPI.Execute(["v1.sketch.create",[{"planeId":19668,"name":"F1174_makeCylinder_cad_primitives_py_12_profile","id":4}]])
[0m[0;32m[2026-09-16 14:19:05.529][VERB] RETURN: {"result":"$19674"}
[0m[0;32m[2026-09-16 14:19:05.529][VERB] COMMANDCALL: _C.SafeAPI.Execute(["v1.sketch.circle",[{"radius":2.7,"id":19674,"genFixation":0,"centerPos":[89.8,1.4,0]}]])
[0m[0;32m[2026-09-16 14:19:05.530][VERB] RETURN: {"result":"$19680"}
[0m[0;32m[2026-09-16 14:19:05.530][VERB] COMMANDCALL: _C.SafeAPI.Execute(["v1.sketch.getPoints",[{"id":19680}]])
[0m[0;32m[2026-09-16 14:19:05.531][VERB] RETURN: {"result":{"centerId":"$19681"}}
[0m[0;32m[2026-09-16 14:19:05.531][VERB] COMMANDCALL: _C.SafeAPI.Execute(["v1.sketch.point",[{"pos":[-1000,-1000,0],"id":19674}]])
[0m[0;32m[2026-09-16 14:19:05.532][VERB] RETURN: {"result":"$19683"}
[0m[0;32m[2026-09-16 14:19:05.532][VERB] COMMANDCALL: _C.SafeAPI.Execute(["v1.sketch.constraint",[{"type":"FIXATION","id":19674,"geomIds":[19683]}]])
[0m[0;32m[2026-09-16 14:19:05.533][VERB] RETURN: {"result":"$19685"}
[0m[0;32m[2026-09-16 14:19:05.533][VERB] COMMANDCALL: _C.SafeAPI.Execute(["v1.sketch.dimension",[{"type":"HORIZONTAL_DISTANCE","value":"@expr.d1176_position_x","name":"position_x","id":19674,"geomIds":[19683,19681]}]])
[0m[0;32m[2026-09-16 14:19:05.539][VERB] RETURN: {"result":"$19689"}
[0m[0;32m[2026-09-16 14:19:05.539][VERB] COMMANDCALL: _C.SafeAPI.Execute(["v1.sketch.dimension",[{"type":"VERTICAL_DISTANCE","value":"@expr.d1177_position_y","name":"position_y","id":19674,"geomIds":[19683,19681]}]])
[0m[0;32m[2026-09-16 14:19:05.545][VERB] RETURN: {"result":"$19693"}
[0m[0;32m[2026-09-16 14:19:05.545][VERB] COMMANDCALL: _C.SafeAPI.Execute(["v1.sketch.dimension",[{"type":"RADIUS","value":"@expr.d1178_radius","name":"radius","id":19674,"geomIds":[19680]}]])
[0m[0;32m[2026-09-16 14:19:05.552][VERB] RETURN: {"result":"$19697"}
[0m[0;32m[2026-09-16 14:19:05.553][VERB] COMMANDCALL: _C.SafeAPI.Execute(["v1.part.extrusion",[{"references":[19680],"name":"F1174_makeCylinder_cad_primitives_py_12","taperAngle":0,"limit2":"@expr.d1179_height","id":4}]])
[0m[0;32m[2026-09-16 14:19:05.563][VERB] RETURN: {"result":"$19701"}
[0m[0;32m[2026-09-16 14:19:05.564][VERB] COMMANDCALL: _C.SafeAPI.Execute(["v1.part.workPlane",[{"type":"PLANE","references":[38],"name":"F1180_makeCylinder_cad_primitives_py_12_plane","offset":"@expr.d1181_plane_offset","id":4}]])
[0m[0;32m[2026-09-16 14:19:05.571][VERB] RETURN: {"result":"$19723"}
[0m[0;32m[2026-09-16 14:19:05.572][VERB] COMMANDCALL: _C.SafeAPI.Execute(["v1.sketch.create",[{"planeId":19723,"name":"F1180_makeCylinder_cad_primitives_py_12_profile","id":4}]])
[0m[0;32m[2026-09-16 14:19:05.574][VERB] RETURN: {"result":"$19729"}
[0m[0;32m[2026-09-16 14:19:05.575][VERB] COMMANDCALL: _C.SafeAPI.Execute(["v1.sketch.circle",[{"radius":2.7,"id":19729,"genFixation":0,"centerPos":[89.8,38.1,0]}]])
[0m[0;32m[2026-09-16 14:19:05.576][VERB] RETURN: {"result":"$19735"}
[0m[0;32m[2026-09-16 14:19:05.577][VERB] COMMANDCALL: _C.SafeAPI.Execute(["v1.sketch.getPoints",[{"id":19735}]])
[0m[0;32m[2026-09-16 14:19:05.577][VERB] RETURN: {"result":{"centerId":"$19736"}}
[0m[0;32m[2026-09-16 14:19:05.577][VERB] COMMANDCALL: _C.SafeAPI.Execute(["v1.sketch.point",[{"pos":[-1000,-1000,0],"id":19729}]])
[0m[0;32m[2026-09-16 14:19:05.578][VERB] RETURN: {"result":"$19738"}
[0m[0;32m[2026-09-16 14:19:05.578][VERB] COMMANDCALL: _C.SafeAPI.Execute(["v1.sketch.constraint",[{"type":"FIXATION","id":19729,"geomIds":[19738]}]])
[0m[0;32m[2026-09-16 14:19:05.579][VERB] RETURN: {"result":"$19740"}
[0m[0;32m[2026-09-16 14:19:05.579][VERB] COMMANDCALL: _C.SafeAPI.Execute(["v1.sketch.dimension",[{"type":"HORIZONTAL_DISTANCE","value":"@expr.d1182_position_x","name":"position_x","id":19729,"geomIds":[19738,19736]}]])
[0m[0;32m[2026-09-16 14:19:05.585][VERB] RETURN: {"result":"$19744"}
[0m[0;32m[2026-09-16 14:19:05.585][VERB] COMMANDCALL: _C.SafeAPI.Execute(["v1.sketch.dimension",[{"type":"VERTICAL_DISTANCE","value":"@expr.d1183_position_y","name":"position_y","id":19729,"geomIds":[19738,19736]}]])
[0m[0;32m[2026-09-16 14:19:05.591][VERB] RETURN: {"result":"$19748"}
[0m[0;32m[2026-09-16 14:19:05.592][VERB] COMMANDCALL: _C.SafeAPI.Execute(["v1.sketch.dimension",[{"type":"RADIUS","value":"@expr.d1184_radius","name":"radius","id":19729,"geomIds":[19735]}]])
[0m[0;32m[2026-09-16 14:19:05.597][VERB] RETURN: {"result":"$19752"}
[0m[0;32m[2026-09-16 14:19:05.598][VERB] COMMANDCALL: _C.SafeAPI.Execute(["v1.part.extrusion",[{"references":[19735],"name":"F1180_makeCylinder_cad_primitives_py_12","taperAngle":0,"limit2":"@expr.d1185_height","id":4}]])
[0m[0;32m[2026-09-16 14:19:05.609][VERB] RETURN: {"result":"$19756"}
[0m[0;32m[2026-09-16 14:19:05.610][VERB] COMMANDCALL: _C.SafeAPI.Execute(["v1.part.workPlane",[{"type":"PLANE","references":[38],"name":"F1186_makeBox_shell_skin_py_38_plane","offset":"@expr.d1187_plane_offset","id":4}]])
[0m[0;32m[2026-09-16 14:19:05.618][VERB] RETURN: {"result":"$19778"}
[0m[0;32m[2026-09-16 14:19:05.618][VERB] COMMANDCALL: _C.SafeAPI.Execute(["v1.sketch.create",[{"planeId":19778,"name":"F1186_makeBox_shell_skin_py_38_profile","id":4}]])
[0m[0;32m[2026-09-16 14:19:05.621][VERB] RETURN: {"result":"$19784"}
[0m[0;32m[2026-09-16 14:19:05.621][VERB] COMMANDCALL: _C.SafeAPI.Execute(["v1.sketch.rectangle",[{"startPos":[89.8,-1.3,0],"id":19784,"genFixation":0,"endPos":[92.5,40.8,0]}]])
[0m[0;32m[2026-09-16 14:19:05.628][VERB] RETURN: {"result":["$19790","$19794","$19800","$19806"]}
[0m[0;32m[2026-09-16 14:19:05.629][VERB] COMMANDCALL: _C.SafeAPI.Execute(["v1.sketch.getPoints",[{"id":19790}]])
[0m[0;32m[2026-09-16 14:19:05.629][VERB] RETURN: {"result":{"endId":"$19792","startId":"$19791"}}
[0m[0;32m[2026-09-16 14:19:05.629][VERB] COMMANDCALL: _C.SafeAPI.Execute(["v1.sketch.point",[{"pos":[-1000,-1000,0],"id":19784}]])
[0m[0;32m[2026-09-16 14:19:05.631][VERB] RETURN: {"result":"$19822"}
[0m[0;32m[2026-09-16 14:19:05.631][VERB] COMMANDCALL: _C.SafeAPI.Execute(["v1.sketch.constraint",[{"type":"FIXATION","id":19784,"geomIds":[19822]}]])
[0m[0;32m[2026-09-16 14:19:05.633][VERB] RETURN: {"result":"$19824"}
[0m[0;32m[2026-09-16 14:19:05.633][VERB] COMMANDCALL: _C.SafeAPI.Execute(["v1.sketch.dimension",[{"type":"HORIZONTAL_DISTANCE","value":"@expr.d1188_position_x","name":"position_x","id":19784,"geomIds":[19822,19791]}]])
[0m[0;32m[2026-09-16 14:19:05.640][VERB] RETURN: {"result":"$19828"}
[0m[0;32m[2026-09-16 14:19:05.640][VERB] COMMANDCALL: _C.SafeAPI.Execute(["v1.sketch.dimension",[{"type":"VERTICAL_DISTANCE","value":"@expr.d1189_position_y","name":"position_y","id":19784,"geomIds":[19822,19791]}]])
[0m[0;32m[2026-09-16 14:19:05.647][VERB] RETURN: {"result":"$19832"}
[0m[0;32m[2026-09-16 14:19:05.648][VERB] COMMANDCALL: _C.SafeAPI.Execute(["v1.sketch.dimension",[{"type":"OFFSET","value":"@expr.d1190_width","name":"width","id":19784,"geomIds":[19790]}]])
[0m[0;32m[2026-09-16 14:19:05.656][VERB] RETURN: {"result":"$19836"}
[0m[0;32m[2026-09-16 14:19:05.657][VERB] COMMANDCALL: _C.SafeAPI.Execute(["v1.sketch.dimension",[{"type":"OFFSET","value":"@expr.d1191_depth","name":"depth","id":19784,"geomIds":[19794]}]])
[0m[0;32m[2026-09-16 14:19:05.666][VERB] RETURN: {"result":"$19840"}
[0m[0;32m[2026-09-16 14:19:05.666][VERB] COMMANDCALL: _C.SafeAPI.Execute(["v1.part.extrusion",[{"references":[19790,19794,19800,19806],"name":"F1186_makeBox_shell_skin_py_38","taperAngle":0,"limit2":"@expr.d1192_height","id":4}]])
[0m[0;32m[2026-09-16 14:19:05.676][VERB] RETURN: {"result":"$19844"}
[0m[0;32m[2026-09-16 14:19:05.677][VERB] COMMANDCALL: _C.SafeAPI.Execute(["v1.part.workPlane",[{"type":"PLANE","references":[38],"name":"F1193_makeBox_cad_primitives_py_8_plane","offset":"@expr.d1194_plane_offset","id":4}]])
[0m[0;32m[2026-09-16 14:19:05.685][VERB] RETURN: {"result":"$19887"}
[0m[0;32m[2026-09-16 14:19:05.685][VERB] COMMANDCALL: _C.SafeAPI.Execute(["v1.sketch.create",[{"planeId":19887,"name":"F1193_makeBox_cad_primitives_py_8_profile","id":4}]])
[0m[0;32m[2026-09-16 14:19:05.688][VERB] RETURN: {"result":"$19893"}
[0m[0;32m[2026-09-16 14:19:05.688][VERB] COMMANDCALL: _C.SafeAPI.Execute(["v1.sketch.rectangle",[{"startPos":[88.05,-7,0],"id":19893,"genFixation":0,"endPos":[92.5,5,0]}]])
[0m[0;32m[2026-09-16 14:19:05.695][VERB] RETURN: {"result":["$19899","$19903","$19909","$19915"]}
[0m[0;32m[2026-09-16 14:19:05.696][VERB] COMMANDCALL: _C.SafeAPI.Execute(["v1.sketch.getPoints",[{"id":19899}]])
[0m[0;32m[2026-09-16 14:19:05.696][VERB] RETURN: {"result":{"endId":"$19901","startId":"$19900"}}
[0m[0;32m[2026-09-16 14:19:05.696][VERB] COMMANDCALL: _C.SafeAPI.Execute(["v1.sketch.point",[{"pos":[-1000,-1000,0],"id":19893}]])
[0m[0;32m[2026-09-16 14:19:05.698][VERB] RETURN: {"result":"$19931"}
[0m[0;32m[2026-09-16 14:19:05.698][VERB] COMMANDCALL: _C.SafeAPI.Execute(["v1.sketch.constraint",[{"type":"FIXATION","id":19893,"geomIds":[19931]}]])
[0m[0;32m[2026-09-16 14:19:05.700][VERB] RETURN: {"result":"$19933"}
[0m[0;32m[2026-09-16 14:19:05.701][VERB] COMMANDCALL: _C.SafeAPI.Execute(["v1.sketch.dimension",[{"type":"HORIZONTAL_DISTANCE","value":"@expr.d1195_position_x","name":"position_x","id":19893,"geomIds":[19931,19900]}]])
[0m[0;32m[2026-09-16 14:19:05.707][VERB] RETURN: {"result":"$19937"}
[0m[0;32m[2026-09-16 14:19:05.708][VERB] COMMANDCALL: _C.SafeAPI.Execute(["v1.sketch.dimension",[{"type":"VERTICAL_DISTANCE","value":"@expr.d1196_position_y","name":"position_y","id":19893,"geomIds":[19931,19900]}]])
[0m[0;32m[2026-09-16 14:19:05.715][VERB] RETURN: {"result":"$19941"}
[0m[0;32m[2026-09-16 14:19:05.716][VERB] COMMANDCALL: _C.SafeAPI.Execute(["v1.sketch.dimension",[{"type":"OFFSET","value":"@expr.d1197_width","name":"width","id":19893,"geomIds":[19899]}]])
[0m[0;32m[2026-09-16 14:19:05.724][VERB] RETURN: {"result":"$19945"}
[0m[0;32m[2026-09-16 14:19:05.725][VERB] COMMANDCALL: _C.SafeAPI.Execute(["v1.sketch.dimension",[{"type":"OFFSET","value":"@expr.d1198_depth","name":"depth","id":19893,"geomIds":[19903]}]])
[0m[0;32m[2026-09-16 14:19:05.735][VERB] RETURN: {"result":"$19949"}
[0m[0;32m[2026-09-16 14:19:05.735][VERB] COMMANDCALL: _C.SafeAPI.Execute(["v1.part.extrusion",[{"references":[19899,19903,19909,19915],"name":"F1193_makeBox_cad_primitives_py_8","taperAngle":0,"limit2":"@expr.d1199_height","id":4}]])
[0m[0;32m[2026-09-16 14:19:05.746][VERB] RETURN: {"result":"$19953"}
[0m[0;32m[2026-09-16 14:19:05.746][VERB] COMMANDCALL: _C.SafeAPI.Execute(["v1.part.workPlane",[{"type":"PLANE","references":[38],"name":"F1201_makeBox_cad_primitives_py_8_plane","offset":"@expr.d1202_plane_offset","id":4}]])
[0m[0;32m[2026-09-16 14:19:05.754][VERB] RETURN: {"result":"$19996"}
[0m[0;32m[2026-09-16 14:19:05.755][VERB] COMMANDCALL: _C.SafeAPI.Execute(["v1.sketch.create",[{"planeId":19996,"name":"F1201_makeBox_cad_primitives_py_8_profile","id":4}]])
[0m[0;32m[2026-09-16 14:19:05.757][VERB] RETURN: {"result":"$20002"}
[0m[0;32m[2026-09-16 14:19:05.758][VERB] COMMANDCALL: _C.SafeAPI.Execute(["v1.sketch.rectangle",[{"startPos":[85.35,-4,0],"id":20002,"genFixation":0,"endPos":[88.05,-1.3,0]}]])
[0m[0;32m[2026-09-16 14:19:05.765][VERB] RETURN: {"result":["$20008","$20012","$20018","$20024"]}
[0m[0;32m[2026-09-16 14:19:05.765][VERB] COMMANDCALL: _C.SafeAPI.Execute(["v1.sketch.getPoints",[{"id":20008}]])
[0m[0;32m[2026-09-16 14:19:05.765][VERB] RETURN: {"result":{"endId":"$20010","startId":"$20009"}}
[0m[0;32m[2026-09-16 14:19:05.765][VERB] COMMANDCALL: _C.SafeAPI.Execute(["v1.sketch.point",[{"pos":[-1000,-1000,0],"id":20002}]])
[0m[0;32m[2026-09-16 14:19:05.769][VERB] RETURN: {"result":"$20040"}
[0m[0;32m[2026-09-16 14:19:05.769][VERB] COMMANDCALL: _C.SafeAPI.Execute(["v1.sketch.constraint",[{"type":"FIXATION","id":20002,"geomIds":[20040]}]])
[0m[0;32m[2026-09-16 14:19:05.771][VERB] RETURN: {"result":"$20042"}
[0m[0;32m[2026-09-16 14:19:05.771][VERB] COMMANDCALL: _C.SafeAPI.Execute(["v1.sketch.dimension",[{"type":"HORIZONTAL_DISTANCE","value":"@expr.d1203_position_x","name":"position_x","id":20002,"geomIds":[20040,20009]}]])
[0m[0;32m[2026-09-16 14:19:05.778][VERB] RETURN: {"result":"$20046"}
[0m[0;32m[2026-09-16 14:19:05.778][VERB] COMMANDCALL: _C.SafeAPI.Execute(["v1.sketch.dimension",[{"type":"VERTICAL_DISTANCE","value":"@expr.d1204_position_y","name":"position_y","id":20002,"geomIds":[20040,20009]}]])
[0m[0;32m[2026-09-16 14:19:05.785][VERB] RETURN: {"result":"$20050"}
[0m[0;32m[2026-09-16 14:19:05.786][VERB] COMMANDCALL: _C.SafeAPI.Execute(["v1.sketch.dimension",[{"type":"OFFSET","value":"@expr.d1205_width","name":"width","id":20002,"geomIds":[20008]}]])
[0m[0;32m[2026-09-16 14:19:05.794][VERB] RETURN: {"result":"$20054"}
[0m[0;32m[2026-09-16 14:19:05.795][VERB] COMMANDCALL: _C.SafeAPI.Execute(["v1.sketch.dimension",[{"type":"OFFSET","value":"@expr.d1206_depth","name":"depth","id":20002,"geomIds":[20012]}]])
[0m[0;32m[2026-09-16 14:19:05.804][VERB] RETURN: {"result":"$20058"}
[0m[0;32m[2026-09-16 14:19:05.805][VERB] COMMANDCALL: _C.SafeAPI.Execute(["v1.part.extrusion",[{"references":[20008,20012,20018,20024],"name":"F1201_makeBox_cad_primitives_py_8","taperAngle":0,"limit2":"@expr.d1207_height","id":4}]])
[0m[0;32m[2026-09-16 14:19:05.815][VERB] RETURN: {"result":"$20062"}
[0m[0;32m[2026-09-16 14:19:05.815][VERB] COMMANDCALL: _C.SafeAPI.Execute(["v1.part.workPlane",[{"type":"PLANE","references":[38],"name":"F1208_makeCylinder_cad_primitives_py_12_plane","offset":"@expr.d1209_plane_offset","id":4}]])
[0m[0;32m[2026-09-16 14:19:05.822][VERB] RETURN: {"result":"$20105"}
[0m[0;32m[2026-09-16 14:19:05.823][VERB] COMMANDCALL: _C.SafeAPI.Execute(["v1.sketch.create",[{"planeId":20105,"name":"F1208_makeCylinder_cad_primitives_py_12_profile","id":4}]])
[0m[0;32m[2026-09-16 14:19:05.825][VERB] RETURN: {"result":"$20111"}
[0m[0;32m[2026-09-16 14:19:05.825][VERB] COMMANDCALL: _C.SafeAPI.Execute(["v1.sketch.circle",[{"radius":2.7,"id":20111,"genFixation":0,"centerPos":[85.35,-4,0]}]])
[0m[0;32m[2026-09-16 14:19:05.826][VERB] RETURN: {"result":"$20117"}
[0m[0;32m[2026-09-16 14:19:05.827][VERB] COMMANDCALL: _C.SafeAPI.Execute(["v1.sketch.getPoints",[{"id":20117}]])
[0m[0;32m[2026-09-16 14:19:05.827][VERB] RETURN: {"result":{"centerId":"$20118"}}
[0m[0;32m[2026-09-16 14:19:05.827][VERB] COMMANDCALL: _C.SafeAPI.Execute(["v1.sketch.point",[{"pos":[-1000,-1000,0],"id":20111}]])
[0m[0;32m[2026-09-16 14:19:05.828][VERB] RETURN: {"result":"$20120"}
[0m[0;32m[2026-09-16 14:19:05.828][VERB] COMMANDCALL: _C.SafeAPI.Execute(["v1.sketch.constraint",[{"type":"FIXATION","id":20111,"geomIds":[20120]}]])
[0m[0;32m[2026-09-16 14:19:05.829][VERB] RETURN: {"result":"$20122"}
[0m[0;32m[2026-09-16 14:19:05.829][VERB] COMMANDCALL: _C.SafeAPI.Execute(["v1.sketch.dimension",[{"type":"HORIZONTAL_DISTANCE","value":"@expr.d1210_position_x","name":"position_x","id":20111,"geomIds":[20120,20118]}]])
[0m[0;32m[2026-09-16 14:19:05.834][VERB] RETURN: {"result":"$20126"}
[0m[0;32m[2026-09-16 14:19:05.834][VERB] COMMANDCALL: _C.SafeAPI.Execute(["v1.sketch.dimension",[{"type":"VERTICAL_DISTANCE","value":"@expr.d1211_position_y","name":"position_y","id":20111,"geomIds":[20120,20118]}]])
[0m[0;32m[2026-09-16 14:19:05.839][VERB] RETURN: {"result":"$20130"}
[0m[0;32m[2026-09-16 14:19:05.840][VERB] COMMANDCALL: _C.SafeAPI.Execute(["v1.sketch.dimension",[{"type":"RADIUS","value":"@expr.d1212_radius","name":"radius","id":20111,"geomIds":[20117]}]])
[0m[0;32m[2026-09-16 14:19:05.845][VERB] RETURN: {"result":"$20134"}
[0m[0;32m[2026-09-16 14:19:05.845][VERB] COMMANDCALL: _C.SafeAPI.Execute(["v1.part.extrusion",[{"references":[20117],"name":"F1208_makeCylinder_cad_primitives_py_12","taperAngle":0,"limit2":"@expr.d1213_height","id":4}]])
[0m[0;32m[2026-09-16 14:19:05.854][VERB] RETURN: {"result":"$20138"}
[0m[0;32m[2026-09-16 14:19:05.855][VERB] COMMANDCALL: _C.SafeAPI.Execute(["v1.part.boolean",[{"type":"SUBTRACTION","tools":[20138],"target":20062,"name":"F1200_cut_housing_shell_py_25","id":4}]])
[0m[0;32m[2026-09-16 14:19:05.864][VERB] RETURN: {"result":"$20160"}
[0m[0;32m[2026-09-16 14:19:05.864][VERB] COMMANDCALL: _C.SafeAPI.Execute(["v1.part.workPlane",[{"type":"PLANE","references":[38],"name":"F1214_makeBox_cad_primitives_py_8_plane","offset":"@expr.d1215_plane_offset","id":4}]])
[0m[0;32m[2026-09-16 14:19:05.871][VERB] RETURN: {"result":"$20178"}
[0m[0;32m[2026-09-16 14:19:05.871][VERB] COMMANDCALL: _C.SafeAPI.Execute(["v1.sketch.create",[{"planeId":20178,"name":"F1214_makeBox_cad_primitives_py_8_profile","id":4}]])
[0m[0;32m[2026-09-16 14:19:05.874][VERB] RETURN: {"result":"$20184"}
[0m[0;32m[2026-09-16 14:19:05.874][VERB] COMMANDCALL: _C.SafeAPI.Execute(["v1.sketch.rectangle",[{"startPos":[88.05,30,0],"id":20184,"genFixation":0,"endPos":[92.5,41.3,0]}]])
[0m[0;32m[2026-09-16 14:19:05.881][VERB] RETURN: {"result":["$20190","$20194","$20200","$20206"]}
[0m[0;32m[2026-09-16 14:19:05.881][VERB] COMMANDCALL: _C.SafeAPI.Execute(["v1.sketch.getPoints",[{"id":20190}]])
[0m[0;32m[2026-09-16 14:19:05.881][VERB] RETURN: {"result":{"endId":"$20192","startId":"$20191"}}
[0m[0;32m[2026-09-16 14:19:05.881][VERB] COMMANDCALL: _C.SafeAPI.Execute(["v1.sketch.point",[{"pos":[-1000,-1000,0],"id":20184}]])
[0m[0;32m[2026-09-16 14:19:05.884][VERB] RETURN: {"result":"$20222"}
[0m[0;32m[2026-09-16 14:19:05.884][VERB] COMMANDCALL: _C.SafeAPI.Execute(["v1.sketch.constraint",[{"type":"FIXATION","id":20184,"geomIds":[20222]}]])
[0m[0;32m[2026-09-16 14:19:05.886][VERB] RETURN: {"result":"$20224"}
[0m[0;32m[2026-09-16 14:19:05.886][VERB] COMMANDCALL: _C.SafeAPI.Execute(["v1.sketch.dimension",[{"type":"HORIZONTAL_DISTANCE","value":"@expr.d1216_position_x","name":"position_x","id":20184,"geomIds":[20222,20191]}]])
[0m[0;32m[2026-09-16 14:19:05.892][VERB] RETURN: {"result":"$20228"}
[0m[0;32m[2026-09-16 14:19:05.893][VERB] COMMANDCALL: _C.SafeAPI.Execute(["v1.sketch.dimension",[{"type":"VERTICAL_DISTANCE","value":"@expr.d1217_position_y","name":"position_y","id":20184,"geomIds":[20222,20191]}]])
[0m[0;32m[2026-09-16 14:19:05.900][VERB] RETURN: {"result":"$20232"}
[0m[0;32m[2026-09-16 14:19:05.900][VERB] COMMANDCALL: _C.SafeAPI.Execute(["v1.sketch.dimension",[{"type":"OFFSET","value":"@expr.d1218_width","name":"width","id":20184,"geomIds":[20190]}]])
[0m[0;32m[2026-09-16 14:19:05.909][VERB] RETURN: {"result":"$20236"}
[0m[0;32m[2026-09-16 14:19:05.910][VERB] COMMANDCALL: _C.SafeAPI.Execute(["v1.sketch.dimension",[{"type":"OFFSET","value":"@expr.d1219_depth","name":"depth","id":20184,"geomIds":[20194]}]])
[0m[0;32m[2026-09-16 14:19:05.919][VERB] RETURN: {"result":"$20240"}
[0m[0;32m[2026-09-16 14:19:05.920][VERB] COMMANDCALL: _C.SafeAPI.Execute(["v1.part.extrusion",[{"references":[20190,20194,20200,20206],"name":"F1214_makeBox_cad_primitives_py_8","taperAngle":0,"limit2":"@expr.d1220_height","id":4}]])
[0m[0;32m[2026-09-16 14:19:05.930][VERB] RETURN: {"result":"$20244"}
[0m[0;32m[2026-09-16 14:19:05.930][VERB] COMMANDCALL: _C.SafeAPI.Execute(["v1.part.workPlane",[{"type":"PLANE","references":[38],"name":"F1221_makeBox_cad_primitives_py_8_plane","offset":"@expr.d1222_plane_offset","id":4}]])
[0m[0;32m[2026-09-16 14:19:05.939][VERB] RETURN: {"result":"$20287"}
[0m[0;32m[2026-09-16 14:19:05.939][VERB] COMMANDCALL: _C.SafeAPI.Execute(["v1.sketch.create",[{"planeId":20287,"name":"F1221_makeBox_cad_primitives_py_8_profile","id":4}]])
[0m[0;32m[2026-09-16 14:19:05.942][VERB] RETURN: {"result":"$20293"}
[0m[0;32m[2026-09-16 14:19:05.942][VERB] COMMANDCALL: _C.SafeAPI.Execute(["v1.sketch.rectangle",[{"startPos":[88.05,30,0],"id":20293,"genFixation":0,"endPos":[92.5,38,0]}]])
[0m[0;32m[2026-09-16 14:19:05.949][VERB] RETURN: {"result":["$20299","$20303","$20309","$20315"]}
[0m[0;32m[2026-09-16 14:19:05.949][VERB] COMMANDCALL: _C.SafeAPI.Execute(["v1.sketch.getPoints",[{"id":20299}]])
[0m[0;32m[2026-09-16 14:19:05.950][VERB] RETURN: {"result":{"endId":"$20301","startId":"$20300"}}
[0m[0;32m[2026-09-16 14:19:05.950][VERB] COMMANDCALL: _C.SafeAPI.Execute(["v1.sketch.point",[{"pos":[-1000,-1000,0],"id":20293}]])
[0m[0;32m[2026-09-16 14:19:05.953][VERB] RETURN: {"result":"$20331"}
[0m[0;32m[2026-09-16 14:19:05.953][VERB] COMMANDCALL: _C.SafeAPI.Execute(["v1.sketch.constraint",[{"type":"FIXATION","id":20293,"geomIds":[20331]}]])
[0m[0;32m[2026-09-16 14:19:05.956][VERB] RETURN: {"result":"$20333"}
[0m[0;32m[2026-09-16 14:19:05.956][VERB] COMMANDCALL: _C.SafeAPI.Execute(["v1.sketch.dimension",[{"type":"HORIZONTAL_DISTANCE","value":"@expr.d1223_position_x","name":"position_x","id":20293,"geomIds":[20331,20300]}]])
[0m[0;32m[2026-09-16 14:19:05.962][VERB] RETURN: {"result":"$20337"}
[0m[0;32m[2026-09-16 14:19:05.963][VERB] COMMANDCALL: _C.SafeAPI.Execute(["v1.sketch.dimension",[{"type":"VERTICAL_DISTANCE","value":"@expr.d1224_position_y","name":"position_y","id":20293,"geomIds":[20331,20300]}]])
[0m[0;32m[2026-09-16 14:19:05.970][VERB] RETURN: {"result":"$20341"}
[0m[0;32m[2026-09-16 14:19:05.970][VERB] COMMANDCALL: _C.SafeAPI.Execute(["v1.sketch.dimension",[{"type":"OFFSET","value":"@expr.d1225_width","name":"width","id":20293,"geomIds":[20299]}]])
[0m[0;32m[2026-09-16 14:19:05.979][VERB] RETURN: {"result":"$20345"}
[0m[0;32m[2026-09-16 14:19:05.979][VERB] COMMANDCALL: _C.SafeAPI.Execute(["v1.sketch.dimension",[{"type":"OFFSET","value":"@expr.d1226_depth","name":"depth","id":20293,"geomIds":[20303]}]])
[0m[0;32m[2026-09-16 14:19:05.988][VERB] RETURN: {"result":"$20349"}
[0m[0;32m[2026-09-16 14:19:05.989][VERB] COMMANDCALL: _C.SafeAPI.Execute(["v1.part.extrusion",[{"references":[20299,20303,20309,20315],"name":"F1221_makeBox_cad_primitives_py_8","taperAngle":0,"limit2":"@expr.d1227_height","id":4}]])
[0m[0;32m[2026-09-16 14:19:05.999][VERB] RETURN: {"result":"$20353"}
[0m[0;32m[2026-09-16 14:19:05.999][VERB] COMMANDCALL: _C.SafeAPI.Execute(["v1.part.workPlane",[{"type":"PLANE","references":[38],"name":"F1229_makeBox_cad_primitives_py_8_plane","offset":"@expr.d1230_plane_offset","id":4}]])
[0m[0;32m[2026-09-16 14:19:06.008][VERB] RETURN: {"result":"$20396"}
[0m[0;32m[2026-09-16 14:19:06.009][VERB] COMMANDCALL: _C.SafeAPI.Execute(["v1.sketch.create",[{"planeId":20396,"name":"F1229_makeBox_cad_primitives_py_8_profile","id":4}]])
[0m[0;32m[2026-09-16 14:19:06.011][VERB] RETURN: {"result":"$20402"}
[0m[0;32m[2026-09-16 14:19:06.012][VERB] COMMANDCALL: _C.SafeAPI.Execute(["v1.sketch.rectangle",[{"startPos":[59.1,40.8,0],"id":20402,"genFixation":0,"endPos":[63.1,44.8,0]}]])
[0m[0;32m[2026-09-16 14:19:06.020][VERB] RETURN: {"result":["$20408","$20412","$20418","$20424"]}
[0m[0;32m[2026-09-16 14:19:06.020][VERB] COMMANDCALL: _C.SafeAPI.Execute(["v1.sketch.getPoints",[{"id":20408}]])
[0m[0;32m[2026-09-16 14:19:06.021][VERB] RETURN: {"result":{"endId":"$20410","startId":"$20409"}}
[0m[0;32m[2026-09-16 14:19:06.021][VERB] COMMANDCALL: _C.SafeAPI.Execute(["v1.sketch.point",[{"pos":[-1000,-1000,0],"id":20402}]])
[0m[0;32m[2026-09-16 14:19:06.023][VERB] RETURN: {"result":"$20440"}
[0m[0;32m[2026-09-16 14:19:06.023][VERB] COMMANDCALL: _C.SafeAPI.Execute(["v1.sketch.constraint",[{"type":"FIXATION","id":20402,"geomIds":[20440]}]])
[0m[0;32m[2026-09-16 14:19:06.025][VERB] RETURN: {"result":"$20442"}
[0m[0;32m[2026-09-16 14:19:06.025][VERB] COMMANDCALL: _C.SafeAPI.Execute(["v1.sketch.dimension",[{"type":"HORIZONTAL_DISTANCE","value":"@expr.d1231_position_x","name":"position_x","id":20402,"geomIds":[20440,20409]}]])
[0m[0;32m[2026-09-16 14:19:06.032][VERB] RETURN: {"result":"$20446"}
[0m[0;32m[2026-09-16 14:19:06.032][VERB] COMMANDCALL: _C.SafeAPI.Execute(["v1.sketch.dimension",[{"type":"VERTICAL_DISTANCE","value":"@expr.d1232_position_y","name":"position_y","id":20402,"geomIds":[20440,20409]}]])
[0m[0;32m[2026-09-16 14:19:06.040][VERB] RETURN: {"result":"$20450"}
[0m[0;32m[2026-09-16 14:19:06.041][VERB] COMMANDCALL: _C.SafeAPI.Execute(["v1.sketch.dimension",[{"type":"OFFSET","value":"@expr.d1233_width","name":"width","id":20402,"geomIds":[20408]}]])
[0m[0;32m[2026-09-16 14:19:06.049][VERB] RETURN: {"result":"$20454"}
[0m[0;32m[2026-09-16 14:19:06.049][VERB] COMMANDCALL: _C.SafeAPI.Execute(["v1.sketch.dimension",[{"type":"OFFSET","value":"@expr.d1234_depth","name":"depth","id":20402,"geomIds":[20412]}]])
[0m[0;32m[2026-09-16 14:19:06.059][VERB] RETURN: {"result":"$20458"}
[0m[0;32m[2026-09-16 14:19:06.060][VERB] COMMANDCALL: _C.SafeAPI.Execute(["v1.part.extrusion",[{"references":[20408,20412,20418,20424],"name":"F1229_makeBox_cad_primitives_py_8","taperAngle":0,"limit2":"@expr.d1235_height","id":4}]])
[0m[0;32m[2026-09-16 14:19:06.071][VERB] RETURN: {"result":"$20462"}
[0m[0;32m[2026-09-16 14:19:06.072][VERB] COMMANDCALL: _C.SafeAPI.Execute(["v1.part.workPlane",[{"type":"PLANE","references":[38],"name":"F1236_makeCylinder_cad_primitives_py_12_plane","offset":"@expr.d1237_plane_offset","id":4}]])
[0m[0;32m[2026-09-16 14:19:06.079][VERB] RETURN: {"result":"$20505"}
[0m[0;32m[2026-09-16 14:19:06.080][VERB] COMMANDCALL: _C.SafeAPI.Execute(["v1.sketch.create",[{"planeId":20505,"name":"F1236_makeCylinder_cad_primitives_py_12_profile","id":4}]])
[0m[0;32m[2026-09-16 14:19:06.082][VERB] RETURN: {"result":"$20511"}
[0m[0;32m[2026-09-16 14:19:06.082][VERB] COMMANDCALL: _C.SafeAPI.Execute(["v1.sketch.circle",[{"radius":4,"id":20511,"genFixation":0,"centerPos":[63.1,44.8,0]}]])
[0m[0;32m[2026-09-16 14:19:06.085][VERB] RETURN: {"result":"$20517"}
[0m[0;32m[2026-09-16 14:19:06.086][VERB] COMMANDCALL: _C.SafeAPI.Execute(["v1.sketch.getPoints",[{"id":20517}]])
[0m[0;32m[2026-09-16 14:19:06.086][VERB] RETURN: {"result":{"centerId":"$20518"}}
[0m[0;32m[2026-09-16 14:19:06.087][VERB] COMMANDCALL: _C.SafeAPI.Execute(["v1.sketch.point",[{"pos":[-1000,-1000,0],"id":20511}]])
[0m[0;32m[2026-09-16 14:19:06.091][VERB] RETURN: {"result":"$20520"}
[0m[0;32m[2026-09-16 14:19:06.092][VERB] COMMANDCALL: _C.SafeAPI.Execute(["v1.sketch.constraint",[{"type":"FIXATION","id":20511,"geomIds":[20520]}]])
[0m[0;32m[2026-09-16 14:19:06.094][VERB] RETURN: {"result":"$20522"}
[0m[0;32m[2026-09-16 14:19:06.094][VERB] COMMANDCALL: _C.SafeAPI.Execute(["v1.sketch.dimension",[{"type":"HORIZONTAL_DISTANCE","value":"@expr.d1238_position_x","name":"position_x","id":20511,"geomIds":[20520,20518]}]])
[0m[0;32m[2026-09-16 14:19:06.101][VERB] RETURN: {"result":"$20526"}
[0m[0;32m[2026-09-16 14:19:06.101][VERB] COMMANDCALL: _C.SafeAPI.Execute(["v1.sketch.dimension",[{"type":"VERTICAL_DISTANCE","value":"@expr.d1239_position_y","name":"position_y","id":20511,"geomIds":[20520,20518]}]])
[0m[0;32m[2026-09-16 14:19:06.111][VERB] RETURN: {"result":"$20530"}
[0m[0;32m[2026-09-16 14:19:06.111][VERB] COMMANDCALL: _C.SafeAPI.Execute(["v1.sketch.dimension",[{"type":"RADIUS","value":"@expr.d1240_radius","name":"radius","id":20511,"geomIds":[20517]}]])
[0m[0;32m[2026-09-16 14:19:06.120][VERB] RETURN: {"result":"$20534"}
[0m[0;32m[2026-09-16 14:19:06.121][VERB] COMMANDCALL: _C.SafeAPI.Execute(["v1.part.extrusion",[{"references":[20517],"name":"F1236_makeCylinder_cad_primitives_py_12","taperAngle":0,"limit2":"@expr.d1241_height","id":4}]])
[0m[0;32m[2026-09-16 14:19:06.133][VERB] RETURN: {"result":"$20538"}
[0m[0;32m[2026-09-16 14:19:06.134][VERB] COMMANDCALL: _C.SafeAPI.Execute(["v1.part.boolean",[{"type":"SUBTRACTION","tools":[20538],"target":20462,"name":"F1228_cut_housing_shell_py_39","id":4}]])
[0m[0;32m[2026-09-16 14:19:06.146][VERB] RETURN: {"result":"$20560"}
[0m[0;32m[2026-09-16 14:19:06.146][VERB] COMMANDCALL: _C.SafeAPI.Execute(["v1.part.workPlane",[{"type":"PLANE","references":[38],"name":"F1243_makeBox_cad_primitives_py_8_plane","offset":"@expr.d1244_plane_offset","id":4}]])
[0m[0;32m[2026-09-16 14:19:06.154][VERB] RETURN: {"result":"$20578"}
[0m[0;32m[2026-09-16 14:19:06.155][VERB] COMMANDCALL: _C.SafeAPI.Execute(["v1.sketch.create",[{"planeId":20578,"name":"F1243_makeBox_cad_primitives_py_8_profile","id":4}]])
[0m[0;32m[2026-09-16 14:19:06.158][VERB] RETURN: {"result":"$20584"}
[0m[0;32m[2026-09-16 14:19:06.158][VERB] COMMANDCALL: _C.SafeAPI.Execute(["v1.sketch.rectangle",[{"startPos":[42.1,16.1,0],"id":20584,"genFixation":0,"endPos":[46.1,20.1,0]}]])
[0m[0;32m[2026-09-16 14:19:06.165][VERB] RETURN: {"result":["$20590","$20594","$20600","$20606"]}
[0m[0;32m[2026-09-16 14:19:06.165][VERB] COMMANDCALL: _C.SafeAPI.Execute(["v1.sketch.getPoints",[{"id":20590}]])
[0m[0;32m[2026-09-16 14:19:06.165][VERB] RETURN: {"result":{"endId":"$20592","startId":"$20591"}}
[0m[0;32m[2026-09-16 14:19:06.166][VERB] COMMANDCALL: _C.SafeAPI.Execute(["v1.sketch.point",[{"pos":[-1000,-1000,0],"id":20584}]])
[0m[0;32m[2026-09-16 14:19:06.168][VERB] RETURN: {"result":"$20622"}
[0m[0;32m[2026-09-16 14:19:06.168][VERB] COMMANDCALL: _C.SafeAPI.Execute(["v1.sketch.constraint",[{"type":"FIXATION","id":20584,"geomIds":[20622]}]])
[0m[0;32m[2026-09-16 14:19:06.171][VERB] RETURN: {"result":"$20624"}
[0m[0;32m[2026-09-16 14:19:06.171][VERB] COMMANDCALL: _C.SafeAPI.Execute(["v1.sketch.dimension",[{"type":"HORIZONTAL_DISTANCE","value":"@expr.d1245_position_x","name":"position_x","id":20584,"geomIds":[20622,20591]}]])
[0m[0;32m[2026-09-16 14:19:06.177][VERB] RETURN: {"result":"$20628"}
[0m[0;32m[2026-09-16 14:19:06.178][VERB] COMMANDCALL: _C.SafeAPI.Execute(["v1.sketch.dimension",[{"type":"VERTICAL_DISTANCE","value":"@expr.d1246_position_y","name":"position_y","id":20584,"geomIds":[20622,20591]}]])
[0m[0;32m[2026-09-16 14:19:06.185][VERB] RETURN: {"result":"$20632"}
[0m[0;32m[2026-09-16 14:19:06.185][VERB] COMMANDCALL: _C.SafeAPI.Execute(["v1.sketch.dimension",[{"type":"OFFSET","value":"@expr.d1247_width","name":"width","id":20584,"geomIds":[20590]}]])
[0m[0;32m[2026-09-16 14:19:06.194][VERB] RETURN: {"result":"$20636"}
[0m[0;32m[2026-09-16 14:19:06.195][VERB] COMMANDCALL: _C.SafeAPI.Execute(["v1.sketch.dimension",[{"type":"OFFSET","value":"@expr.d1248_depth","name":"depth","id":20584,"geomIds":[20594]}]])
[0m[0;32m[2026-09-16 14:19:06.203][VERB] RETURN: {"result":"$20640"}
[0m[0;32m[2026-09-16 14:19:06.204][VERB] COMMANDCALL: _C.SafeAPI.Execute(["v1.part.extrusion",[{"references":[20590,20594,20600,20606],"name":"F1243_makeBox_cad_primitives_py_8","taperAngle":0,"limit2":"@expr.d1249_height","id":4}]])
[0m[0;32m[2026-09-16 14:19:06.214][VERB] RETURN: {"result":"$20644"}
[0m[0;32m[2026-09-16 14:19:06.215][VERB] COMMANDCALL: _C.SafeAPI.Execute(["v1.part.workPlane",[{"type":"PLANE","references":[38],"name":"F1250_makeCylinder_cad_primitives_py_12_plane","offset":"@expr.d1251_plane_offset","id":4}]])
[0m[0;32m[2026-09-16 14:19:06.222][VERB] RETURN: {"result":"$20687"}
[0m[0;32m[2026-09-16 14:19:06.223][VERB] COMMANDCALL: _C.SafeAPI.Execute(["v1.sketch.create",[{"planeId":20687,"name":"F1250_makeCylinder_cad_primitives_py_12_profile","id":4}]])
[0m[0;32m[2026-09-16 14:19:06.226][VERB] RETURN: {"result":"$20693"}
[0m[0;32m[2026-09-16 14:19:06.226][VERB] COMMANDCALL: _C.SafeAPI.Execute(["v1.sketch.circle",[{"radius":4,"id":20693,"genFixation":0,"centerPos":[42.1,16.1,0]}]])
[0m[0;32m[2026-09-16 14:19:06.228][VERB] RETURN: {"result":"$20699"}
[0m[0;32m[2026-09-16 14:19:06.228][VERB] COMMANDCALL: _C.SafeAPI.Execute(["v1.sketch.getPoints",[{"id":20699}]])
[0m[0;32m[2026-09-16 14:19:06.228][VERB] RETURN: {"result":{"centerId":"$20700"}}
[0m[0;32m[2026-09-16 14:19:06.228][VERB] COMMANDCALL: _C.SafeAPI.Execute(["v1.sketch.point",[{"pos":[-1000,-1000,0],"id":20693}]])
[0m[0;32m[2026-09-16 14:19:06.229][VERB] RETURN: {"result":"$20702"}
[0m[0;32m[2026-09-16 14:19:06.229][VERB] COMMANDCALL: _C.SafeAPI.Execute(["v1.sketch.constraint",[{"type":"FIXATION","id":20693,"geomIds":[20702]}]])
[0m[0;32m[2026-09-16 14:19:06.231][VERB] RETURN: {"result":"$20704"}
[0m[0;32m[2026-09-16 14:19:06.231][VERB] COMMANDCALL: _C.SafeAPI.Execute(["v1.sketch.dimension",[{"type":"HORIZONTAL_DISTANCE","value":"@expr.d1252_position_x","name":"position_x","id":20693,"geomIds":[20702,20700]}]])
[0m[0;32m[2026-09-16 14:19:06.236][VERB] RETURN: {"result":"$20708"}
[0m[0;32m[2026-09-16 14:19:06.236][VERB] COMMANDCALL: _C.SafeAPI.Execute(["v1.sketch.dimension",[{"type":"VERTICAL_DISTANCE","value":"@expr.d1253_position_y","name":"position_y","id":20693,"geomIds":[20702,20700]}]])
[0m[0;32m[2026-09-16 14:19:06.243][VERB] RETURN: {"result":"$20712"}
[0m[0;32m[2026-09-16 14:19:06.243][VERB] COMMANDCALL: _C.SafeAPI.Execute(["v1.sketch.dimension",[{"type":"RADIUS","value":"@expr.d1254_radius","name":"radius","id":20693,"geomIds":[20699]}]])
[0m[0;32m[2026-09-16 14:19:06.249][VERB] RETURN: {"result":"$20716"}
[0m[0;32m[2026-09-16 14:19:06.249][VERB] COMMANDCALL: _C.SafeAPI.Execute(["v1.part.extrusion",[{"references":[20699],"name":"F1250_makeCylinder_cad_primitives_py_12","taperAngle":0,"limit2":"@expr.d1255_height","id":4}]])
[0m[0;32m[2026-09-16 14:19:06.260][VERB] RETURN: {"result":"$20720"}
[0m[0;32m[2026-09-16 14:19:06.261][VERB] COMMANDCALL: _C.SafeAPI.Execute(["v1.part.boolean",[{"type":"SUBTRACTION","tools":[20720],"target":20644,"name":"F1242_cut_housing_shell_py_48","id":4}]])
[0m[0;32m[2026-09-16 14:19:06.271][VERB] RETURN: {"result":"$20742"}
[0m[0;32m[2026-09-16 14:19:06.272][VERB] COMMANDCALL: _C.SafeAPI.Execute(["v1.part.workPlane",[{"type":"PLANE","references":[38],"name":"F1256_makeCylinder_cad_primitives_py_12_plane","offset":"@expr.d1257_plane_offset","id":4}]])
[0m[0;32m[2026-09-16 14:19:06.279][VERB] RETURN: {"result":"$20760"}
[0m[0;32m[2026-09-16 14:19:06.280][VERB] COMMANDCALL: _C.SafeAPI.Execute(["v1.sketch.create",[{"planeId":20760,"name":"F1256_makeCylinder_cad_primitives_py_12_profile","id":4}]])
[0m[0;32m[2026-09-16 14:19:06.282][VERB] RETURN: {"result":"$20766"}
[0m[0;32m[2026-09-16 14:19:06.282][VERB] COMMANDCALL: _C.SafeAPI.Execute(["v1.sketch.circle",[{"radius":4.5,"id":20766,"genFixation":0,"centerPos":[86.8,38.9,0]}]])
[0m[0;32m[2026-09-16 14:19:06.283][VERB] RETURN: {"result":"$20772"}
[0m[0;32m[2026-09-16 14:19:06.284][VERB] COMMANDCALL: _C.SafeAPI.Execute(["v1.sketch.getPoints",[{"id":20772}]])
[0m[0;32m[2026-09-16 14:19:06.284][VERB] RETURN: {"result":{"centerId":"$20773"}}
[0m[0;32m[2026-09-16 14:19:06.284][VERB] COMMANDCALL: _C.SafeAPI.Execute(["v1.sketch.point",[{"pos":[-1000,-1000,0],"id":20766}]])
[0m[0;32m[2026-09-16 14:19:06.286][VERB] RETURN: {"result":"$20775"}
[0m[0;32m[2026-09-16 14:19:06.287][VERB] COMMANDCALL: _C.SafeAPI.Execute(["v1.sketch.constraint",[{"type":"FIXATION","id":20766,"geomIds":[20775]}]])
[0m[0;32m[2026-09-16 14:19:06.288][VERB] RETURN: {"result":"$20777"}
[0m[0;32m[2026-09-16 14:19:06.288][VERB] COMMANDCALL: _C.SafeAPI.Execute(["v1.sketch.dimension",[{"type":"HORIZONTAL_DISTANCE","value":"@expr.d1258_position_x","name":"position_x","id":20766,"geomIds":[20775,20773]}]])
[0m[0;32m[2026-09-16 14:19:06.293][VERB] RETURN: {"result":"$20781"}
[0m[0;32m[2026-09-16 14:19:06.294][VERB] COMMANDCALL: _C.SafeAPI.Execute(["v1.sketch.dimension",[{"type":"VERTICAL_DISTANCE","value":"@expr.d1259_position_y","name":"position_y","id":20766,"geomIds":[20775,20773]}]])
[0m[0;32m[2026-09-16 14:19:06.299][VERB] RETURN: {"result":"$20785"}
[0m[0;32m[2026-09-16 14:19:06.299][VERB] COMMANDCALL: _C.SafeAPI.Execute(["v1.sketch.dimension",[{"type":"RADIUS","value":"@expr.d1260_radius","name":"radius","id":20766,"geomIds":[20772]}]])
[0m[0;32m[2026-09-16 14:19:06.305][VERB] RETURN: {"result":"$20789"}
[0m[0;32m[2026-09-16 14:19:06.306][VERB] COMMANDCALL: _C.SafeAPI.Execute(["v1.part.extrusion",[{"references":[20772],"name":"F1256_makeCylinder_cad_primitives_py_12","taperAngle":0,"limit2":"@expr.d1261_height","id":4}]])
[0m[0;32m[2026-09-16 14:19:06.316][VERB] RETURN: {"result":"$20793"}
[0m[0;32m[2026-09-16 14:19:06.317][VERB] COMMANDCALL: _C.SafeAPI.Execute(["v1.part.workPlane",[{"type":"PLANE","references":[38],"name":"F1262_makeBox_cad_primitives_py_8_plane","offset":"@expr.d1263_plane_offset","id":4}]])
[0m[0;32m[2026-09-16 14:19:06.325][VERB] RETURN: {"result":"$20815"}
[0m[0;32m[2026-09-16 14:19:06.325][VERB] COMMANDCALL: _C.SafeAPI.Execute(["v1.sketch.create",[{"planeId":20815,"name":"F1262_makeBox_cad_primitives_py_8_profile","id":4}]])
[0m[0;32m[2026-09-16 14:19:06.328][VERB] RETURN: {"result":"$20821"}
[0m[0;32m[2026-09-16 14:19:06.328][VERB] COMMANDCALL: _C.SafeAPI.Execute(["v1.sketch.rectangle",[{"startPos":[86.8,30,0],"id":20821,"genFixation":0,"endPos":[92.5,43,0]}]])
[0m[0;32m[2026-09-16 14:19:06.335][VERB] RETURN: {"result":["$20827","$20831","$20837","$20843"]}
[0m[0;32m[2026-09-16 14:19:06.336][VERB] COMMANDCALL: _C.SafeAPI.Execute(["v1.sketch.getPoints",[{"id":20827}]])
[0m[0;32m[2026-09-16 14:19:06.337][VERB] RETURN: {"result":{"endId":"$20829","startId":"$20828"}}
[0m[0;32m[2026-09-16 14:19:06.337][VERB] COMMANDCALL: _C.SafeAPI.Execute(["v1.sketch.point",[{"pos":[-1000,-1000,0],"id":20821}]])
[0m[0;32m[2026-09-16 14:19:06.339][VERB] RETURN: {"result":"$20859"}
[0m[0;32m[2026-09-16 14:19:06.339][VERB] COMMANDCALL: _C.SafeAPI.Execute(["v1.sketch.constraint",[{"type":"FIXATION","id":20821,"geomIds":[20859]}]])
[0m[0;32m[2026-09-16 14:19:06.341][VERB] RETURN: {"result":"$20861"}
[0m[0;32m[2026-09-16 14:19:06.341][VERB] COMMANDCALL: _C.SafeAPI.Execute(["v1.sketch.dimension",[{"type":"HORIZONTAL_DISTANCE","value":"@expr.d1264_position_x","name":"position_x","id":20821,"geomIds":[20859,20828]}]])
[0m[0;32m[2026-09-16 14:19:06.348][VERB] RETURN: {"result":"$20865"}
[0m[0;32m[2026-09-16 14:19:06.348][VERB] COMMANDCALL: _C.SafeAPI.Execute(["v1.sketch.dimension",[{"type":"VERTICAL_DISTANCE","value":"@expr.d1265_position_y","name":"position_y","id":20821,"geomIds":[20859,20828]}]])
[0m[0;32m[2026-09-16 14:19:06.355][VERB] RETURN: {"result":"$20869"}
[0m[0;32m[2026-09-16 14:19:06.356][VERB] COMMANDCALL: _C.SafeAPI.Execute(["v1.sketch.dimension",[{"type":"OFFSET","value":"@expr.d1266_width","name":"width","id":20821,"geomIds":[20827]}]])
[0m[0;32m[2026-09-16 14:19:06.364][VERB] RETURN: {"result":"$20873"}
[0m[0;32m[2026-09-16 14:19:06.364][VERB] COMMANDCALL: _C.SafeAPI.Execute(["v1.sketch.dimension",[{"type":"OFFSET","value":"@expr.d1267_depth","name":"depth","id":20821,"geomIds":[20831]}]])
[0m[0;32m[2026-09-16 14:19:06.373][VERB] RETURN: {"result":"$20877"}
[0m[0;32m[2026-09-16 14:19:06.374][VERB] COMMANDCALL: _C.SafeAPI.Execute(["v1.part.extrusion",[{"references":[20827,20831,20837,20843],"name":"F1262_makeBox_cad_primitives_py_8","taperAngle":0,"limit2":"@expr.d1268_height","id":4}]])
[0m[0;32m[2026-09-16 14:19:06.384][VERB] RETURN: {"result":"$20881"}
[0m[0;32m[2026-09-16 14:19:06.385][VERB] COMMANDCALL: _C.SafeAPI.Execute(["v1.part.boolean",[{"type":"UNION","tools":[18639,18715,18770,18825,18880,18968,19077,19153,19208,19263,19318,19406,19515,19591,19646,19701,19756,19844,19953,20160,20244,20353,20560,20742,20793,20881],"target":18530,"name":"F1071_union_cad_primitives_py_17","id":4}]])
[0m[0;32m[2026-09-16 14:19:06.435][VERB] RETURN: {"result":"$20924"}
[0m[2026-09-16 14:19:07.839][DEBUG] Build graphic in: 1274ms
[0;32m[2026-09-16 14:19:07.957][VERB] COMMANDCALL: _C.SafeAPI.Execute(["v1.part.chamfer",[{"references":[21231,21442,21341,21505,21033,21506,21188,21202,21201,21113,21189,21078,21088,21222,21221,21492,21491,21485,21481,21529,21528,21563,21562,21430,21498,21402,21440,21558,21559,21560,21561],"name":"F1070_chamfer_shell_skin_py_17"," ...
[0m[0;32m[2026-09-16 14:19:08.373][VERB] RETURN: {"result":"$21577"}
[0m[0;32m[2026-09-16 14:19:08.375][VERB] COMMANDCALL: _C.SafeAPI.Execute(["v1.part.boolean",[{"type":"INTERSECTION","tools":[21577],"target":18442,"name":"F1063_common_housing_py_303","id":4}]])
[0m[0;32m[2026-09-16 14:19:08.392][VERB] RETURN: {"result":"$21963"}
[0m[0;32m[2026-09-16 14:19:08.393][VERB] COMMANDCALL: _C.SafeAPI.Execute(["v1.part.boolean",[{"type":"UNION","tools":[21963],"target":18387,"name":"F33_union_housing_py_303","id":4}]])
[0m[0;32m[2026-09-16 14:19:08.422][VERB] RETURN: {"result":"$21975"}
[0m[0;32m[2026-09-16 14:19:08.423][VERB] COMMANDCALL: _C.SafeAPI.Execute(["v1.part.workPlane",[{"type":"PLANE","references":[38],"name":"F1270_makeCylinder_cad_primitives_py_12_plane","offset":"@expr.d1271_plane_offset","id":4}]])
[0m[0;32m[2026-09-16 14:19:08.431][VERB] RETURN: {"result":"$22054"}
[0m[0;32m[2026-09-16 14:19:08.432][VERB] COMMANDCALL: _C.SafeAPI.Execute(["v1.sketch.create",[{"planeId":22054,"name":"F1270_makeCylinder_cad_primitives_py_12_profile","id":4}]])
[0m[0;32m[2026-09-16 14:19:08.435][VERB] RETURN: {"result":"$22060"}
[0m[0;32m[2026-09-16 14:19:08.435][VERB] COMMANDCALL: _C.SafeAPI.Execute(["v1.sketch.circle",[{"radius":1.45,"id":22060,"genFixation":0,"centerPos":[86.8,38.9,0]}]])
[0m[0;32m[2026-09-16 14:19:08.437][VERB] RETURN: {"result":"$22066"}
[0m[0;32m[2026-09-16 14:19:08.437][VERB] COMMANDCALL: _C.SafeAPI.Execute(["v1.sketch.getPoints",[{"id":22066}]])
[0m[0;32m[2026-09-16 14:19:08.437][VERB] RETURN: {"result":{"centerId":"$22067"}}
[0m[0;32m[2026-09-16 14:19:08.438][VERB] COMMANDCALL: _C.SafeAPI.Execute(["v1.sketch.point",[{"pos":[-1000,-1000,0],"id":22060}]])
[0m[0;32m[2026-09-16 14:19:08.439][VERB] RETURN: {"result":"$22069"}
[0m[0;32m[2026-09-16 14:19:08.439][VERB] COMMANDCALL: _C.SafeAPI.Execute(["v1.sketch.constraint",[{"type":"FIXATION","id":22060,"geomIds":[22069]}]])
[0m[0;32m[2026-09-16 14:19:08.440][VERB] RETURN: {"result":"$22071"}
[0m[0;32m[2026-09-16 14:19:08.440][VERB] COMMANDCALL: _C.SafeAPI.Execute(["v1.sketch.dimension",[{"type":"HORIZONTAL_DISTANCE","value":"@expr.d1272_position_x","name":"position_x","id":22060,"geomIds":[22069,22067]}]])
[0m[0;32m[2026-09-16 14:19:08.445][VERB] RETURN: {"result":"$22075"}
[0m[0;32m[2026-09-16 14:19:08.445][VERB] COMMANDCALL: _C.SafeAPI.Execute(["v1.sketch.dimension",[{"type":"VERTICAL_DISTANCE","value":"@expr.d1273_position_y","name":"position_y","id":22060,"geomIds":[22069,22067]}]])
[0m[0;32m[2026-09-16 14:19:08.451][VERB] RETURN: {"result":"$22079"}
[0m[0;32m[2026-09-16 14:19:08.452][VERB] COMMANDCALL: _C.SafeAPI.Execute(["v1.sketch.dimension",[{"type":"RADIUS","value":"@expr.d1274_radius","name":"radius","id":22060,"geomIds":[22066]}]])
[0m[0;32m[2026-09-16 14:19:08.458][VERB] RETURN: {"result":"$22083"}
[0m[0;32m[2026-09-16 14:19:08.459][VERB] COMMANDCALL: _C.SafeAPI.Execute(["v1.part.extrusion",[{"references":[22066],"name":"F1270_makeCylinder_cad_primitives_py_12","taperAngle":0,"limit2":"@expr.d1275_height","id":4}]])
[0m[0;32m[2026-09-16 14:19:08.472][VERB] RETURN: {"result":"$22087"}
[0m[0;32m[2026-09-16 14:19:08.472][VERB] COMMANDCALL: _C.SafeAPI.Execute(["v1.part.boolean",[{"type":"SUBTRACTION","tools":[22087],"target":21975,"name":"F32_cut_housing_py_308","id":4}]])
[0m[0;32m[2026-09-16 14:19:08.493][VERB] RETURN: {"result":"$22109"}
[0m[0;32m[2026-09-16 14:19:08.494][VERB] COMMANDCALL: _C.SafeAPI.Execute(["v1.part.workPlane",[{"type":"PLANE","references":[38],"name":"F1276_makeCylinder_cad_primitives_py_12_plane","offset":"@expr.d1277_plane_offset","id":4}]])
[0m[0;32m[2026-09-16 14:19:08.502][VERB] RETURN: {"result":"$22131"}
[0m[0;32m[2026-09-16 14:19:08.503][VERB] COMMANDCALL: _C.SafeAPI.Execute(["v1.sketch.create",[{"planeId":22131,"name":"F1276_makeCylinder_cad_primitives_py_12_profile","id":4}]])
[0m[0;32m[2026-09-16 14:19:08.506][VERB] RETURN: {"result":"$22137"}
[0m[0;32m[2026-09-16 14:19:08.506][VERB] COMMANDCALL: _C.SafeAPI.Execute(["v1.sketch.circle",[{"radius":1.15,"id":22137,"genFixation":0,"centerPos":[86.8,38.9,0]}]])
[0m[0;32m[2026-09-16 14:19:08.507][VERB] RETURN: {"result":"$22143"}
[0m[0;32m[2026-09-16 14:19:08.507][VERB] COMMANDCALL: _C.SafeAPI.Execute(["v1.sketch.getPoints",[{"id":22143}]])
[0m[0;32m[2026-09-16 14:19:08.508][VERB] RETURN: {"result":{"centerId":"$22144"}}
[0m[0;32m[2026-09-16 14:19:08.508][VERB] COMMANDCALL: _C.SafeAPI.Execute(["v1.sketch.point",[{"pos":[-1000,-1000,0],"id":22137}]])
[0m[0;32m[2026-09-16 14:19:08.509][VERB] RETURN: {"result":"$22146"}
[0m[0;32m[2026-09-16 14:19:08.509][VERB] COMMANDCALL: _C.SafeAPI.Execute(["v1.sketch.constraint",[{"type":"FIXATION","id":22137,"geomIds":[22146]}]])
[0m[0;32m[2026-09-16 14:19:08.510][VERB] RETURN: {"result":"$22148"}
[0m[0;32m[2026-09-16 14:19:08.510][VERB] COMMANDCALL: _C.SafeAPI.Execute(["v1.sketch.dimension",[{"type":"HORIZONTAL_DISTANCE","value":"@expr.d1278_position_x","name":"position_x","id":22137,"geomIds":[22146,22144]}]])
[0m[0;32m[2026-09-16 14:19:08.515][VERB] RETURN: {"result":"$22152"}
[0m[0;32m[2026-09-16 14:19:08.515][VERB] COMMANDCALL: _C.SafeAPI.Execute(["v1.sketch.dimension",[{"type":"VERTICAL_DISTANCE","value":"@expr.d1279_position_y","name":"position_y","id":22137,"geomIds":[22146,22144]}]])
[0m[0;32m[2026-09-16 14:19:08.521][VERB] RETURN: {"result":"$22156"}
[0m[0;32m[2026-09-16 14:19:08.521][VERB] COMMANDCALL: _C.SafeAPI.Execute(["v1.sketch.dimension",[{"type":"RADIUS","value":"@expr.d1280_radius","name":"radius","id":22137,"geomIds":[22143]}]])
[0m[0;32m[2026-09-16 14:19:08.526][VERB] RETURN: {"result":"$22160"}
[0m[0;32m[2026-09-16 14:19:08.527][VERB] COMMANDCALL: _C.SafeAPI.Execute(["v1.part.extrusion",[{"references":[22143],"name":"F1276_makeCylinder_cad_primitives_py_12","taperAngle":0,"limit2":"@expr.d1281_height","id":4}]])
[0m[0;32m[2026-09-16 14:19:08.536][VERB] RETURN: {"result":"$22164"}
[0m[0;32m[2026-09-16 14:19:08.537][VERB] COMMANDCALL: _C.SafeAPI.Execute(["v1.part.boolean",[{"type":"SUBTRACTION","tools":[22164],"target":22109,"name":"F31_cut_housing_py_310","id":4}]])
[0m[0;32m[2026-09-16 14:19:08.554][VERB] RETURN: {"result":"$22186"}
[0m[0;32m[2026-09-16 14:19:08.555][VERB] COMMANDCALL: _C.SafeAPI.Execute(["v1.part.workPlane",[{"type":"PLANE","references":[38],"name":"F1282_makeBox_cad_primitives_py_8_plane","offset":"@expr.d1283_plane_offset","id":4}]])
[0m[0;32m[2026-09-16 14:19:08.561][VERB] RETURN: {"result":"$22208"}
[0m[0;32m[2026-09-16 14:19:08.562][VERB] COMMANDCALL: _C.SafeAPI.Execute(["v1.sketch.create",[{"planeId":22208,"name":"F1282_makeBox_cad_primitives_py_8_profile","id":4}]])
[0m[0;32m[2026-09-16 14:19:08.564][VERB] RETURN: {"result":"$22214"}
[0m[0;32m[2026-09-16 14:19:08.564][VERB] COMMANDCALL: _C.SafeAPI.Execute(["v1.sketch.rectangle",[{"startPos":[27,1.55,0],"id":22214,"genFixation":0,"endPos":[32,3.35,0]}]])
[0m[0;32m[2026-09-16 14:19:08.571][VERB] RETURN: {"result":["$22220","$22224","$22230","$22236"]}
[0m[0;32m[2026-09-16 14:19:08.571][VERB] COMMANDCALL: _C.SafeAPI.Execute(["v1.sketch.getPoints",[{"id":22220}]])
[0m[0;32m[2026-09-16 14:19:08.571][VERB] RETURN: {"result":{"endId":"$22222","startId":"$22221"}}
[0m[0;32m[2026-09-16 14:19:08.572][VERB] COMMANDCALL: _C.SafeAPI.Execute(["v1.sketch.point",[{"pos":[-1000,-1000,0],"id":22214}]])
[0m[0;32m[2026-09-16 14:19:08.574][VERB] RETURN: {"result":"$22252"}
[0m[0;32m[2026-09-16 14:19:08.574][VERB] COMMANDCALL: _C.SafeAPI.Execute(["v1.sketch.constraint",[{"type":"FIXATION","id":22214,"geomIds":[22252]}]])
[0m[0;32m[2026-09-16 14:19:08.575][VERB] RETURN: {"result":"$22254"}
[0m[0;32m[2026-09-16 14:19:08.576][VERB] COMMANDCALL: _C.SafeAPI.Execute(["v1.sketch.dimension",[{"type":"HORIZONTAL_DISTANCE","value":"@expr.d1284_position_x","name":"position_x","id":22214,"geomIds":[22252,22221]}]])
[0m[0;32m[2026-09-16 14:19:08.581][VERB] RETURN: {"result":"$22258"}
[0m[0;32m[2026-09-16 14:19:08.582][VERB] COMMANDCALL: _C.SafeAPI.Execute(["v1.sketch.dimension",[{"type":"VERTICAL_DISTANCE","value":"@expr.d1285_position_y","name":"position_y","id":22214,"geomIds":[22252,22221]}]])
[0m[0;32m[2026-09-16 14:19:08.588][VERB] RETURN: {"result":"$22262"}
[0m[0;32m[2026-09-16 14:19:08.589][VERB] COMMANDCALL: _C.SafeAPI.Execute(["v1.sketch.dimension",[{"type":"OFFSET","value":"@expr.d1286_width","name":"width","id":22214,"geomIds":[22220]}]])
[0m[0;32m[2026-09-16 14:19:08.596][VERB] RETURN: {"result":"$22266"}
[0m[0;32m[2026-09-16 14:19:08.596][VERB] COMMANDCALL: _C.SafeAPI.Execute(["v1.sketch.dimension",[{"type":"OFFSET","value":"@expr.d1287_depth","name":"depth","id":22214,"geomIds":[22224]}]])
[0m[0;32m[2026-09-16 14:19:08.605][VERB] RETURN: {"result":"$22270"}
[0m[0;32m[2026-09-16 14:19:08.605][VERB] COMMANDCALL: _C.SafeAPI.Execute(["v1.part.extrusion",[{"references":[22220,22224,22230,22236],"name":"F1282_makeBox_cad_primitives_py_8","taperAngle":0,"limit2":"@expr.d1288_height","id":4}]])
[0m[0;32m[2026-09-16 14:19:08.614][VERB] RETURN: {"result":"$22274"}
[0m[0;32m[2026-09-16 14:19:08.614][VERB] COMMANDCALL: _C.SafeAPI.Execute(["v1.part.workPlane",[{"type":"PLANE","references":[38],"name":"F1289_makeBox_cad_primitives_py_8_plane","offset":"@expr.d1290_plane_offset","id":4}]])
[0m[0;32m[2026-09-16 14:19:08.621][VERB] RETURN: {"result":"$22317"}
[0m[0;32m[2026-09-16 14:19:08.621][VERB] COMMANDCALL: _C.SafeAPI.Execute(["v1.sketch.create",[{"planeId":22317,"name":"F1289_makeBox_cad_primitives_py_8_profile","id":4}]])
[0m[0;32m[2026-09-16 14:19:08.624][VERB] RETURN: {"result":"$22323"}
[0m[0;32m[2026-09-16 14:19:08.624][VERB] COMMANDCALL: _C.SafeAPI.Execute(["v1.sketch.rectangle",[{"startPos":[54,40.4,0],"id":22323,"genFixation":0,"endPos":[56.2,44,0]}]])
[0m[0;32m[2026-09-16 14:19:08.630][VERB] RETURN: {"result":["$22329","$22333","$22339","$22345"]}
[0m[0;32m[2026-09-16 14:19:08.631][VERB] COMMANDCALL: _C.SafeAPI.Execute(["v1.sketch.getPoints",[{"id":22329}]])
[0m[0;32m[2026-09-16 14:19:08.631][VERB] RETURN: {"result":{"endId":"$22331","startId":"$22330"}}
[0m[0;32m[2026-09-16 14:19:08.631][VERB] COMMANDCALL: _C.SafeAPI.Execute(["v1.sketch.point",[{"pos":[-1000,-1000,0],"id":22323}]])
[0m[0;32m[2026-09-16 14:19:08.633][VERB] RETURN: {"result":"$22361"}
[0m[0;32m[2026-09-16 14:19:08.633][VERB] COMMANDCALL: _C.SafeAPI.Execute(["v1.sketch.constraint",[{"type":"FIXATION","id":22323,"geomIds":[22361]}]])
[0m[0;32m[2026-09-16 14:19:08.635][VERB] RETURN: {"result":"$22363"}
[0m[0;32m[2026-09-16 14:19:08.635][VERB] COMMANDCALL: _C.SafeAPI.Execute(["v1.sketch.dimension",[{"type":"HORIZONTAL_DISTANCE","value":"@expr.d1291_position_x","name":"position_x","id":22323,"geomIds":[22361,22330]}]])
[0m[0;32m[2026-09-16 14:19:08.641][VERB] RETURN: {"result":"$22367"}
[0m[0;32m[2026-09-16 14:19:08.641][VERB] COMMANDCALL: _C.SafeAPI.Execute(["v1.sketch.dimension",[{"type":"VERTICAL_DISTANCE","value":"@expr.d1292_position_y","name":"position_y","id":22323,"geomIds":[22361,22330]}]])
[0m[0;32m[2026-09-16 14:19:08.648][VERB] RETURN: {"result":"$22371"}
[0m[0;32m[2026-09-16 14:19:08.648][VERB] COMMANDCALL: _C.SafeAPI.Execute(["v1.sketch.dimension",[{"type":"OFFSET","value":"@expr.d1293_width","name":"width","id":22323,"geomIds":[22329]}]])
[0m[0;32m[2026-09-16 14:19:08.656][VERB] RETURN: {"result":"$22375"}
[0m[0;32m[2026-09-16 14:19:08.656][VERB] COMMANDCALL: _C.SafeAPI.Execute(["v1.sketch.dimension",[{"type":"OFFSET","value":"@expr.d1294_depth","name":"depth","id":22323,"geomIds":[22333]}]])
[0m[0;32m[2026-09-16 14:19:08.664][VERB] RETURN: {"result":"$22379"}
[0m[0;32m[2026-09-16 14:19:08.665][VERB] COMMANDCALL: _C.SafeAPI.Execute(["v1.part.extrusion",[{"references":[22329,22333,22339,22345],"name":"F1289_makeBox_cad_primitives_py_8","taperAngle":0,"limit2":"@expr.d1295_height","id":4}]])
[0m[0;32m[2026-09-16 14:19:08.674][VERB] RETURN: {"result":"$22383"}
[0m[0;32m[2026-09-16 14:19:08.674][VERB] COMMANDCALL: _C.SafeAPI.Execute(["v1.part.workPlane",[{"type":"PLANE","references":[38],"name":"F1296_makeBox_cad_primitives_py_8_plane","offset":"@expr.d1297_plane_offset","id":4}]])
[0m[0;32m[2026-09-16 14:19:08.681][VERB] RETURN: {"result":"$22426"}
[0m[0;32m[2026-09-16 14:19:08.681][VERB] COMMANDCALL: _C.SafeAPI.Execute(["v1.sketch.create",[{"planeId":22426,"name":"F1296_makeBox_cad_primitives_py_8_profile","id":4}]])
[0m[0;32m[2026-09-16 14:19:08.683][VERB] RETURN: {"result":"$22432"}
[0m[0;32m[2026-09-16 14:19:08.684][VERB] COMMANDCALL: _C.SafeAPI.Execute(["v1.sketch.rectangle",[{"startPos":[84.5,37.5,0],"id":22432,"genFixation":0,"endPos":[88.6,39,0]}]])
[0m[0;32m[2026-09-16 14:19:08.690][VERB] RETURN: {"result":["$22438","$22442","$22448","$22454"]}
[0m[0;32m[2026-09-16 14:19:08.691][VERB] COMMANDCALL: _C.SafeAPI.Execute(["v1.sketch.getPoints",[{"id":22438}]])
[0m[0;32m[2026-09-16 14:19:08.691][VERB] RETURN: {"result":{"endId":"$22440","startId":"$22439"}}
[0m[0;32m[2026-09-16 14:19:08.691][VERB] COMMANDCALL: _C.SafeAPI.Execute(["v1.sketch.point",[{"pos":[-1000,-1000,0],"id":22432}]])
[0m[0;32m[2026-09-16 14:19:08.693][VERB] RETURN: {"result":"$22470"}
[0m[0;32m[2026-09-16 14:19:08.693][VERB] COMMANDCALL: _C.SafeAPI.Execute(["v1.sketch.constraint",[{"type":"FIXATION","id":22432,"geomIds":[22470]}]])
[0m[0;32m[2026-09-16 14:19:08.695][VERB] RETURN: {"result":"$22472"}
[0m[0;32m[2026-09-16 14:19:08.695][VERB] COMMANDCALL: _C.SafeAPI.Execute(["v1.sketch.dimension",[{"type":"HORIZONTAL_DISTANCE","value":"@expr.d1298_position_x","name":"position_x","id":22432,"geomIds":[22470,22439]}]])
[0m[0;32m[2026-09-16 14:19:08.701][VERB] RETURN: {"result":"$22476"}
[0m[0;32m[2026-09-16 14:19:08.701][VERB] COMMANDCALL: _C.SafeAPI.Execute(["v1.sketch.dimension",[{"type":"VERTICAL_DISTANCE","value":"@expr.d1299_position_y","name":"position_y","id":22432,"geomIds":[22470,22439]}]])
[0m[0;32m[2026-09-16 14:19:08.708][VERB] RETURN: {"result":"$22480"}
[0m[0;32m[2026-09-16 14:19:08.708][VERB] COMMANDCALL: _C.SafeAPI.Execute(["v1.sketch.dimension",[{"type":"OFFSET","value":"@expr.d1300_width","name":"width","id":22432,"geomIds":[22438]}]])
[0m[0;32m[2026-09-16 14:19:08.716][VERB] RETURN: {"result":"$22484"}
[0m[0;32m[2026-09-16 14:19:08.716][VERB] COMMANDCALL: _C.SafeAPI.Execute(["v1.sketch.dimension",[{"type":"OFFSET","value":"@expr.d1301_depth","name":"depth","id":22432,"geomIds":[22442]}]])
[0m[0;32m[2026-09-16 14:19:08.725][VERB] RETURN: {"result":"$22488"}
[0m[0;32m[2026-09-16 14:19:08.725][VERB] COMMANDCALL: _C.SafeAPI.Execute(["v1.part.extrusion",[{"references":[22438,22442,22448,22454],"name":"F1296_makeBox_cad_primitives_py_8","taperAngle":0,"limit2":"@expr.d1302_height","id":4}]])
[0m[0;32m[2026-09-16 14:19:08.734][VERB] RETURN: {"result":"$22492"}
[0m[0;32m[2026-09-16 14:19:08.735][VERB] COMMANDCALL: _C.SafeAPI.Execute(["v1.part.boolean",[{"type":"UNION","tools":[22274,22383,22492],"target":22186,"name":"F30_union_cad_primitives_py_17","id":4}]])
[0m[0;32m[2026-09-16 14:19:08.765][VERB] RETURN: {"result":"$22535"}
[0m[0;32m[2026-09-16 14:19:08.766][VERB] COMMANDCALL: _C.SafeAPI.Execute(["v1.part.workPlane",[{"type":"PLANE","references":[38],"name":"F1303_makeBox_cad_primitives_py_8_plane","offset":"@expr.d1304_plane_offset","id":4}]])
[0m[0;32m[2026-09-16 14:19:08.772][VERB] RETURN: {"result":"$22665"}
[0m[0;32m[2026-09-16 14:19:08.773][VERB] COMMANDCALL: _C.SafeAPI.Execute(["v1.sketch.create",[{"planeId":22665,"name":"F1303_makeBox_cad_primitives_py_8_profile","id":4}]])
[0m[0;32m[2026-09-16 14:19:08.775][VERB] RETURN: {"result":"$22671"}
[0m[0;32m[2026-09-16 14:19:08.775][VERB] COMMANDCALL: _C.SafeAPI.Execute(["v1.sketch.rectangle",[{"startPos":[26.2,6,0],"id":22671,"genFixation":0,"endPos":[32.7,18,0]}]])
[0m[0;32m[2026-09-16 14:19:08.782][VERB] RETURN: {"result":["$22677","$22681","$22687","$22693"]}
[0m[0;32m[2026-09-16 14:19:08.782][VERB] COMMANDCALL: _C.SafeAPI.Execute(["v1.sketch.getPoints",[{"id":22677}]])
[0m[0;32m[2026-09-16 14:19:08.782][VERB] RETURN: {"result":{"endId":"$22679","startId":"$22678"}}
[0m[0;32m[2026-09-16 14:19:08.782][VERB] COMMANDCALL: _C.SafeAPI.Execute(["v1.sketch.point",[{"pos":[-1000,-1000,0],"id":22671}]])
[0m[0;32m[2026-09-16 14:19:08.784][VERB] RETURN: {"result":"$22709"}
[0m[0;32m[2026-09-16 14:19:08.785][VERB] COMMANDCALL: _C.SafeAPI.Execute(["v1.sketch.constraint",[{"type":"FIXATION","id":22671,"geomIds":[22709]}]])
[0m[0;32m[2026-09-16 14:19:08.786][VERB] RETURN: {"result":"$22711"}
[0m[0;32m[2026-09-16 14:19:08.786][VERB] COMMANDCALL: _C.SafeAPI.Execute(["v1.sketch.dimension",[{"type":"HORIZONTAL_DISTANCE","value":"@expr.d1305_position_x","name":"position_x","id":22671,"geomIds":[22709,22678]}]])
[0m[0;32m[2026-09-16 14:19:08.792][VERB] RETURN: {"result":"$22715"}
[0m[0;32m[2026-09-16 14:19:08.792][VERB] COMMANDCALL: _C.SafeAPI.Execute(["v1.sketch.dimension",[{"type":"VERTICAL_DISTANCE","value":"@expr.d1306_position_y","name":"position_y","id":22671,"geomIds":[22709,22678]}]])
[0m[0;32m[2026-09-16 14:19:08.799][VERB] RETURN: {"result":"$22719"}
[0m[0;32m[2026-09-16 14:19:08.799][VERB] COMMANDCALL: _C.SafeAPI.Execute(["v1.sketch.dimension",[{"type":"OFFSET","value":"@expr.d1307_width","name":"width","id":22671,"geomIds":[22677]}]])
[0m[0;32m[2026-09-16 14:19:08.806][VERB] RETURN: {"result":"$22723"}
[0m[0;32m[2026-09-16 14:19:08.807][VERB] COMMANDCALL: _C.SafeAPI.Execute(["v1.sketch.dimension",[{"type":"OFFSET","value":"@expr.d1308_depth","name":"depth","id":22671,"geomIds":[22681]}]])
[0m[0;32m[2026-09-16 14:19:08.815][VERB] RETURN: {"result":"$22727"}
[0m[0;32m[2026-09-16 14:19:08.815][VERB] COMMANDCALL: _C.SafeAPI.Execute(["v1.part.extrusion",[{"references":[22677,22681,22687,22693],"name":"F1303_makeBox_cad_primitives_py_8","taperAngle":0,"limit2":"@expr.d1309_height","id":4}]])
[0m[0;32m[2026-09-16 14:19:08.824][VERB] RETURN: {"result":"$22731"}
[0m[0;32m[2026-09-16 14:19:08.825][VERB] COMMANDCALL: _C.SafeAPI.Execute(["v1.part.boolean",[{"type":"SUBTRACTION","tools":[22731],"target":22535,"name":"F29_cut_housing_py_417","id":4}]])
[0m[0;32m[2026-09-16 14:19:08.843][VERB] RETURN: {"result":"$22774"}
[0m[0;32m[2026-09-16 14:19:08.843][VERB] COMMANDCALL: _C.SafeAPI.Execute(["v1.part.workPlane",[{"type":"PLANE","references":[38],"name":"F1310_makeBox_cad_primitives_py_8_plane","offset":"@expr.d1311_plane_offset","id":4}]])
[0m[0;32m[2026-09-16 14:19:08.850][VERB] RETURN: {"result":"$22786"}
[0m[0;32m[2026-09-16 14:19:08.850][VERB] COMMANDCALL: _C.SafeAPI.Execute(["v1.sketch.create",[{"planeId":22786,"name":"F1310_makeBox_cad_primitives_py_8_profile","id":4}]])
[0m[0;32m[2026-09-16 14:19:08.852][VERB] RETURN: {"result":"$22792"}
[0m[0;32m[2026-09-16 14:19:08.852][VERB] COMMANDCALL: _C.SafeAPI.Execute(["v1.sketch.rectangle",[{"startPos":[38,20.6,0],"id":22792,"genFixation":0,"endPos":[46,25.4,0]}]])
[0m[0;32m[2026-09-16 14:19:08.859][VERB] RETURN: {"result":["$22798","$22802","$22808","$22814"]}
[0m[0;32m[2026-09-16 14:19:08.859][VERB] COMMANDCALL: _C.SafeAPI.Execute(["v1.sketch.getPoints",[{"id":22798}]])
[0m[0;32m[2026-09-16 14:19:08.859][VERB] RETURN: {"result":{"endId":"$22800","startId":"$22799"}}
[0m[0;32m[2026-09-16 14:19:08.859][VERB] COMMANDCALL: _C.SafeAPI.Execute(["v1.sketch.point",[{"pos":[-1000,-1000,0],"id":22792}]])
[0m[0;32m[2026-09-16 14:19:08.861][VERB] RETURN: {"result":"$22830"}
[0m[0;32m[2026-09-16 14:19:08.862][VERB] COMMANDCALL: _C.SafeAPI.Execute(["v1.sketch.constraint",[{"type":"FIXATION","id":22792,"geomIds":[22830]}]])
[0m[0;32m[2026-09-16 14:19:08.863][VERB] RETURN: {"result":"$22832"}
[0m[0;32m[2026-09-16 14:19:08.863][VERB] COMMANDCALL: _C.SafeAPI.Execute(["v1.sketch.dimension",[{"type":"HORIZONTAL_DISTANCE","value":"@expr.d1312_position_x","name":"position_x","id":22792,"geomIds":[22830,22799]}]])
[0m[0;32m[2026-09-16 14:19:08.869][VERB] RETURN: {"result":"$22836"}
[0m[0;32m[2026-09-16 14:19:08.870][VERB] COMMANDCALL: _C.SafeAPI.Execute(["v1.sketch.dimension",[{"type":"VERTICAL_DISTANCE","value":"@expr.d1313_position_y","name":"position_y","id":22792,"geomIds":[22830,22799]}]])
[0m[0;32m[2026-09-16 14:19:08.876][VERB] RETURN: {"result":"$22840"}
[0m[0;32m[2026-09-16 14:19:08.876][VERB] COMMANDCALL: _C.SafeAPI.Execute(["v1.sketch.dimension",[{"type":"OFFSET","value":"@expr.d1314_width","name":"width","id":22792,"geomIds":[22798]}]])
[0m[0;32m[2026-09-16 14:19:08.884][VERB] RETURN: {"result":"$22844"}
[0m[0;32m[2026-09-16 14:19:08.884][VERB] COMMANDCALL: _C.SafeAPI.Execute(["v1.sketch.dimension",[{"type":"OFFSET","value":"@expr.d1315_depth","name":"depth","id":22792,"geomIds":[22802]}]])
[0m[0;32m[2026-09-16 14:19:08.893][VERB] RETURN: {"result":"$22848"}
[0m[0;32m[2026-09-16 14:19:08.893][VERB] COMMANDCALL: _C.SafeAPI.Execute(["v1.part.extrusion",[{"references":[22798,22802,22808,22814],"name":"F1310_makeBox_cad_primitives_py_8","taperAngle":0,"limit2":"@expr.d1316_height","id":4}]])
[0m[0;32m[2026-09-16 14:19:08.902][VERB] RETURN: {"result":"$22852"}
[0m[0;32m[2026-09-16 14:19:08.903][VERB] COMMANDCALL: _C.SafeAPI.Execute(["v1.part.boolean",[{"type":"SUBTRACTION","tools":[22852],"target":22774,"name":"F28_cut_housing_py_417","id":4}]])
[0m[0;32m[2026-09-16 14:19:08.920][VERB] RETURN: {"result":"$22895"}
[0m[0;32m[2026-09-16 14:19:08.920][VERB] COMMANDCALL: _C.SafeAPI.Execute(["v1.part.workPlane",[{"type":"PLANE","references":[38],"name":"F1317_makeBox_cad_primitives_py_8_plane","offset":"@expr.d1318_plane_offset","id":4}]])
[0m[0;32m[2026-09-16 14:19:08.927][VERB] RETURN: {"result":"$22956"}
[0m[0;32m[2026-09-16 14:19:08.927][VERB] COMMANDCALL: _C.SafeAPI.Execute(["v1.sketch.create",[{"planeId":22956,"name":"F1317_makeBox_cad_primitives_py_8_profile","id":4}]])
[0m[0;32m[2026-09-16 14:19:08.930][VERB] RETURN: {"result":"$22962"}
[0m[0;32m[2026-09-16 14:19:08.930][VERB] COMMANDCALL: _C.SafeAPI.Execute(["v1.sketch.rectangle",[{"startPos":[34,48,0],"id":22962,"genFixation":0,"endPos":[40,56,0]}]])
[0m[0;32m[2026-09-16 14:19:08.937][VERB] RETURN: {"result":["$22968","$22972","$22978","$22984"]}
[0m[0;32m[2026-09-16 14:19:08.937][VERB] COMMANDCALL: _C.SafeAPI.Execute(["v1.sketch.getPoints",[{"id":22968}]])
[0m[0;32m[2026-09-16 14:19:08.937][VERB] RETURN: {"result":{"endId":"$22970","startId":"$22969"}}
[0m[0;32m[2026-09-16 14:19:08.937][VERB] COMMANDCALL: _C.SafeAPI.Execute(["v1.sketch.point",[{"pos":[-1000,-1000,0],"id":22962}]])
[0m[0;32m[2026-09-16 14:19:08.939][VERB] RETURN: {"result":"$23000"}
[0m[0;32m[2026-09-16 14:19:08.939][VERB] COMMANDCALL: _C.SafeAPI.Execute(["v1.sketch.constraint",[{"type":"FIXATION","id":22962,"geomIds":[23000]}]])
[0m[0;32m[2026-09-16 14:19:08.941][VERB] RETURN: {"result":"$23002"}
[0m[0;32m[2026-09-16 14:19:08.941][VERB] COMMANDCALL: _C.SafeAPI.Execute(["v1.sketch.dimension",[{"type":"HORIZONTAL_DISTANCE","value":"@expr.d1319_position_x","name":"position_x","id":22962,"geomIds":[23000,22969]}]])
[0m[0;32m[2026-09-16 14:19:08.947][VERB] RETURN: {"result":"$23006"}
[0m[0;32m[2026-09-16 14:19:08.947][VERB] COMMANDCALL: _C.SafeAPI.Execute(["v1.sketch.dimension",[{"type":"VERTICAL_DISTANCE","value":"@expr.d1320_position_y","name":"position_y","id":22962,"geomIds":[23000,22969]}]])
[0m[0;32m[2026-09-16 14:19:08.954][VERB] RETURN: {"result":"$23010"}
[0m[0;32m[2026-09-16 14:19:08.954][VERB] COMMANDCALL: _C.SafeAPI.Execute(["v1.sketch.dimension",[{"type":"OFFSET","value":"@expr.d1321_width","name":"width","id":22962,"geomIds":[22968]}]])
[0m[0;32m[2026-09-16 14:19:08.962][VERB] RETURN: {"result":"$23014"}
[0m[0;32m[2026-09-16 14:19:08.962][VERB] COMMANDCALL: _C.SafeAPI.Execute(["v1.sketch.dimension",[{"type":"OFFSET","value":"@expr.d1322_depth","name":"depth","id":22962,"geomIds":[22972]}]])
[0m[0;32m[2026-09-16 14:19:08.971][VERB] RETURN: {"result":"$23018"}
[0m[0;32m[2026-09-16 14:19:08.972][VERB] COMMANDCALL: _C.SafeAPI.Execute(["v1.part.extrusion",[{"references":[22968,22972,22978,22984],"name":"F1317_makeBox_cad_primitives_py_8","taperAngle":0,"limit2":"@expr.d1323_height","id":4}]])
[0m[0;32m[2026-09-16 14:19:08.981][VERB] RETURN: {"result":"$23022"}
[0m[0;32m[2026-09-16 14:19:08.981][VERB] COMMANDCALL: _C.SafeAPI.Execute(["v1.part.boolean",[{"type":"SUBTRACTION","tools":[23022],"target":22895,"name":"F27_cut_housing_py_417","id":4}]])
[0m[0;32m[2026-09-16 14:19:09.000][VERB] RETURN: {"result":"$23065"}
[0m[0;32m[2026-09-16 14:19:09.000][VERB] COMMANDCALL: _C.SafeAPI.Execute(["v1.part.workPlane",[{"type":"PLANE","references":[38],"name":"F1324_makeBox_cad_primitives_py_8_plane","offset":"@expr.d1325_plane_offset","id":4}]])
[0m[0;32m[2026-09-16 14:19:09.007][VERB] RETURN: {"result":"$23077"}
[0m[0;32m[2026-09-16 14:19:09.008][VERB] COMMANDCALL: _C.SafeAPI.Execute(["v1.sketch.create",[{"planeId":23077,"name":"F1324_makeBox_cad_primitives_py_8_profile","id":4}]])
[0m[0;32m[2026-09-16 14:19:09.010][VERB] RETURN: {"result":"$23083"}
[0m[0;32m[2026-09-16 14:19:09.010][VERB] COMMANDCALL: _C.SafeAPI.Execute(["v1.sketch.rectangle",[{"startPos":[49.2,24,0],"id":23083,"genFixation":0,"endPos":[53,36.5,0]}]])
[0m[0;32m[2026-09-16 14:19:09.017][VERB] RETURN: {"result":["$23089","$23093","$23099","$23105"]}
[0m[0;32m[2026-09-16 14:19:09.018][VERB] COMMANDCALL: _C.SafeAPI.Execute(["v1.sketch.getPoints",[{"id":23089}]])
[0m[0;32m[2026-09-16 14:19:09.018][VERB] RETURN: {"result":{"endId":"$23091","startId":"$23090"}}
[0m[0;32m[2026-09-16 14:19:09.018][VERB] COMMANDCALL: _C.SafeAPI.Execute(["v1.sketch.point",[{"pos":[-1000,-1000,0],"id":23083}]])
[0m[0;32m[2026-09-16 14:19:09.020][VERB] RETURN: {"result":"$23121"}
[0m[0;32m[2026-09-16 14:19:09.021][VERB] COMMANDCALL: _C.SafeAPI.Execute(["v1.sketch.constraint",[{"type":"FIXATION","id":23083,"geomIds":[23121]}]])
[0m[0;32m[2026-09-16 14:19:09.022][VERB] RETURN: {"result":"$23123"}
[0m[0;32m[2026-09-16 14:19:09.022][VERB] COMMANDCALL: _C.SafeAPI.Execute(["v1.sketch.dimension",[{"type":"HORIZONTAL_DISTANCE","value":"@expr.d1326_position_x","name":"position_x","id":23083,"geomIds":[23121,23090]}]])
[0m[0;32m[2026-09-16 14:19:09.029][VERB] RETURN: {"result":"$23127"}
[0m[0;32m[2026-09-16 14:19:09.029][VERB] COMMANDCALL: _C.SafeAPI.Execute(["v1.sketch.dimension",[{"type":"VERTICAL_DISTANCE","value":"@expr.d1327_position_y","name":"position_y","id":23083,"geomIds":[23121,23090]}]])
[0m[0;32m[2026-09-16 14:19:09.037][VERB] RETURN: {"result":"$23131"}
[0m[0;32m[2026-09-16 14:19:09.037][VERB] COMMANDCALL: _C.SafeAPI.Execute(["v1.sketch.dimension",[{"type":"OFFSET","value":"@expr.d1328_width","name":"width","id":23083,"geomIds":[23089]}]])
[0m[0;32m[2026-09-16 14:19:09.045][VERB] RETURN: {"result":"$23135"}
[0m[0;32m[2026-09-16 14:19:09.046][VERB] COMMANDCALL: _C.SafeAPI.Execute(["v1.sketch.dimension",[{"type":"OFFSET","value":"@expr.d1329_depth","name":"depth","id":23083,"geomIds":[23093]}]])
[0m[0;32m[2026-09-16 14:19:09.055][VERB] RETURN: {"result":"$23139"}
[0m[0;32m[2026-09-16 14:19:09.056][VERB] COMMANDCALL: _C.SafeAPI.Execute(["v1.part.extrusion",[{"references":[23089,23093,23099,23105],"name":"F1324_makeBox_cad_primitives_py_8","taperAngle":0,"limit2":"@expr.d1330_height","id":4}]])
[0m[0;32m[2026-09-16 14:19:09.069][VERB] RETURN: {"result":"$23143"}
[0m[0;32m[2026-09-16 14:19:09.070][VERB] COMMANDCALL: _C.SafeAPI.Execute(["v1.part.boolean",[{"type":"SUBTRACTION","tools":[23143],"target":23065,"name":"F26_cut_housing_py_417","id":4}]])
[0m[0;32m[2026-09-16 14:19:09.091][VERB] RETURN: {"result":"$23186"}
[0m[0;32m[2026-09-16 14:19:09.092][VERB] COMMANDCALL: _C.SafeAPI.Execute(["v1.part.workPlane",[{"type":"PLANE","references":[38],"name":"F1331_makeBox_cad_primitives_py_8_plane","offset":"@expr.d1332_plane_offset","id":4}]])
[0m[0;32m[2026-09-16 14:19:09.100][VERB] RETURN: {"result":"$23198"}
[0m[0;32m[2026-09-16 14:19:09.101][VERB] COMMANDCALL: _C.SafeAPI.Execute(["v1.sketch.create",[{"planeId":23198,"name":"F1331_makeBox_cad_primitives_py_8_profile","id":4}]])
[0m[0;32m[2026-09-16 14:19:09.104][VERB] RETURN: {"result":"$23204"}
[0m[0;32m[2026-09-16 14:19:09.104][VERB] COMMANDCALL: _C.SafeAPI.Execute(["v1.sketch.rectangle",[{"startPos":[49.2,5.3,0],"id":23204,"genFixation":0,"endPos":[53.7,24.3,0]}]])
[0m[0;32m[2026-09-16 14:19:09.112][VERB] RETURN: {"result":["$23210","$23214","$23220","$23226"]}
[0m[0;32m[2026-09-16 14:19:09.112][VERB] COMMANDCALL: _C.SafeAPI.Execute(["v1.sketch.getPoints",[{"id":23210}]])
[0m[0;32m[2026-09-16 14:19:09.113][VERB] RETURN: {"result":{"endId":"$23212","startId":"$23211"}}
[0m[0;32m[2026-09-16 14:19:09.113][VERB] COMMANDCALL: _C.SafeAPI.Execute(["v1.sketch.point",[{"pos":[-1000,-1000,0],"id":23204}]])
[0m[0;32m[2026-09-16 14:19:09.115][VERB] RETURN: {"result":"$23242"}
[0m[0;32m[2026-09-16 14:19:09.115][VERB] COMMANDCALL: _C.SafeAPI.Execute(["v1.sketch.constraint",[{"type":"FIXATION","id":23204,"geomIds":[23242]}]])
[0m[0;32m[2026-09-16 14:19:09.117][VERB] RETURN: {"result":"$23244"}
[0m[0;32m[2026-09-16 14:19:09.118][VERB] COMMANDCALL: _C.SafeAPI.Execute(["v1.sketch.dimension",[{"type":"HORIZONTAL_DISTANCE","value":"@expr.d1333_position_x","name":"position_x","id":23204,"geomIds":[23242,23211]}]])
[0m[0;32m[2026-09-16 14:19:09.125][VERB] RETURN: {"result":"$23248"}
[0m[0;32m[2026-09-16 14:19:09.126][VERB] COMMANDCALL: _C.SafeAPI.Execute(["v1.sketch.dimension",[{"type":"VERTICAL_DISTANCE","value":"@expr.d1334_position_y","name":"position_y","id":23204,"geomIds":[23242,23211]}]])
[0m[0;32m[2026-09-16 14:19:09.133][VERB] RETURN: {"result":"$23252"}
[0m[0;32m[2026-09-16 14:19:09.133][VERB] COMMANDCALL: _C.SafeAPI.Execute(["v1.sketch.dimension",[{"type":"OFFSET","value":"@expr.d1335_width","name":"width","id":23204,"geomIds":[23210]}]])
[0m[0;32m[2026-09-16 14:19:09.141][VERB] RETURN: {"result":"$23256"}
[0m[0;32m[2026-09-16 14:19:09.142][VERB] COMMANDCALL: _C.SafeAPI.Execute(["v1.sketch.dimension",[{"type":"OFFSET","value":"@expr.d1336_depth","name":"depth","id":23204,"geomIds":[23214]}]])
[0m[0;32m[2026-09-16 14:19:09.152][VERB] RETURN: {"result":"$23260"}
[0m[0;32m[2026-09-16 14:19:09.153][VERB] COMMANDCALL: _C.SafeAPI.Execute(["v1.part.extrusion",[{"references":[23210,23214,23220,23226],"name":"F1331_makeBox_cad_primitives_py_8","taperAngle":0,"limit2":"@expr.d1337_height","id":4}]])
[0m[0;32m[2026-09-16 14:19:09.163][VERB] RETURN: {"result":"$23264"}
[0m[0;32m[2026-09-16 14:19:09.163][VERB] COMMANDCALL: _C.SafeAPI.Execute(["v1.part.boolean",[{"type":"SUBTRACTION","tools":[23264],"target":23186,"name":"F25_cut_housing_py_417","id":4}]])
[0m[0;32m[2026-09-16 14:19:09.188][VERB] RETURN: {"result":"$23307"}
[0m[0;32m[2026-09-16 14:19:09.189][VERB] COMMANDCALL: _C.SafeAPI.Execute(["v1.part.workPlane",[{"type":"PLANE","references":[38],"name":"F1338_makeBox_cad_primitives_py_8_plane","offset":"@expr.d1339_plane_offset","id":4}]])
[0m[0;32m[2026-09-16 14:19:09.198][VERB] RETURN: {"result":"$23319"}
[0m[0;32m[2026-09-16 14:19:09.198][VERB] COMMANDCALL: _C.SafeAPI.Execute(["v1.sketch.create",[{"planeId":23319,"name":"F1338_makeBox_cad_primitives_py_8_profile","id":4}]])
[0m[0;32m[2026-09-16 14:19:09.201][VERB] RETURN: {"result":"$23325"}
[0m[0;32m[2026-09-16 14:19:09.202][VERB] COMMANDCALL: _C.SafeAPI.Execute(["v1.sketch.rectangle",[{"startPos":[3.3,25,0],"id":23325,"genFixation":0,"endPos":[24,32,0]}]])
[0m[0;32m[2026-09-16 14:19:09.209][VERB] RETURN: {"result":["$23331","$23335","$23341","$23347"]}
[0m[0;32m[2026-09-16 14:19:09.210][VERB] COMMANDCALL: _C.SafeAPI.Execute(["v1.sketch.getPoints",[{"id":23331}]])
[0m[0;32m[2026-09-16 14:19:09.210][VERB] RETURN: {"result":{"endId":"$23333","startId":"$23332"}}
[0m[0;32m[2026-09-16 14:19:09.210][VERB] COMMANDCALL: _C.SafeAPI.Execute(["v1.sketch.point",[{"pos":[-1000,-1000,0],"id":23325}]])
[0m[0;32m[2026-09-16 14:19:09.212][VERB] RETURN: {"result":"$23363"}
[0m[0;32m[2026-09-16 14:19:09.213][VERB] COMMANDCALL: _C.SafeAPI.Execute(["v1.sketch.constraint",[{"type":"FIXATION","id":23325,"geomIds":[23363]}]])
[0m[0;32m[2026-09-16 14:19:09.214][VERB] RETURN: {"result":"$23365"}
[0m[0;32m[2026-09-16 14:19:09.214][VERB] COMMANDCALL: _C.SafeAPI.Execute(["v1.sketch.dimension",[{"type":"HORIZONTAL_DISTANCE","value":"@expr.d1340_position_x","name":"position_x","id":23325,"geomIds":[23363,23332]}]])
[0m[0;32m[2026-09-16 14:19:09.222][VERB] RETURN: {"result":"$23369"}
[0m[0;32m[2026-09-16 14:19:09.222][VERB] COMMANDCALL: _C.SafeAPI.Execute(["v1.sketch.dimension",[{"type":"VERTICAL_DISTANCE","value":"@expr.d1341_position_y","name":"position_y","id":23325,"geomIds":[23363,23332]}]])
[0m[0;32m[2026-09-16 14:19:09.229][VERB] RETURN: {"result":"$23373"}
[0m[0;32m[2026-09-16 14:19:09.230][VERB] COMMANDCALL: _C.SafeAPI.Execute(["v1.sketch.dimension",[{"type":"OFFSET","value":"@expr.d1342_width","name":"width","id":23325,"geomIds":[23331]}]])
[0m[0;32m[2026-09-16 14:19:09.238][VERB] RETURN: {"result":"$23377"}
[0m[0;32m[2026-09-16 14:19:09.239][VERB] COMMANDCALL: _C.SafeAPI.Execute(["v1.sketch.dimension",[{"type":"OFFSET","value":"@expr.d1343_depth","name":"depth","id":23325,"geomIds":[23335]}]])
[0m[0;32m[2026-09-16 14:19:09.248][VERB] RETURN: {"result":"$23381"}
[0m[0;32m[2026-09-16 14:19:09.248][VERB] COMMANDCALL: _C.SafeAPI.Execute(["v1.part.extrusion",[{"references":[23331,23335,23341,23347],"name":"F1338_makeBox_cad_primitives_py_8","taperAngle":0,"limit2":"@expr.d1344_height","id":4}]])
[0m[0;32m[2026-09-16 14:19:09.261][VERB] RETURN: {"result":"$23385"}
[0m[0;32m[2026-09-16 14:19:09.261][VERB] COMMANDCALL: _C.SafeAPI.Execute(["v1.part.boolean",[{"type":"SUBTRACTION","tools":[23385],"target":23307,"name":"F24_cut_housing_py_417","id":4}]])
[0m[0;32m[2026-09-16 14:19:09.283][VERB] RETURN: {"result":"$23428"}
[0m[0;32m[2026-09-16 14:19:09.284][VERB] COMMANDCALL: _C.SafeAPI.Execute(["v1.part.workCSys",[{"name":"F1345_makeSphere_housing_py_78_datum","offset":[29,12,22],"id":4}]])
[0m[0;32m[2026-09-16 14:19:09.293][VERB] RETURN: {"result":"$23440"}
[0m[0;32m[2026-09-16 14:19:09.293][VERB] COMMANDCALL: _C.SafeAPI.Execute(["v1.part.sphere",[{"references":[23440],"name":"F1345_makeSphere_housing_py_78","radius":"@expr.d1346_radius","id":4}]])
[0m[0;32m[2026-09-16 14:19:09.305][VERB] RETURN: {"result":"$23448"}
[0m[0;32m[2026-09-16 14:19:09.305][VERB] COMMANDCALL: _C.SafeAPI.Execute(["v1.part.boolean",[{"type":"SUBTRACTION","tools":[23448],"target":23428,"name":"F23_cut_housing_py_417_tool_0","id":4}]])
[0m[0;32m[2026-09-16 14:19:09.326][VERB] RETURN: {"result":"$23463"}
[0m[0;32m[2026-09-16 14:19:09.326][VERB] COMMANDCALL: _C.SafeAPI.Execute(["v1.part.workCSys",[{"name":"F1347_makeSphere_housing_py_78_datum","offset":[33.5,12,22],"id":4}]])
[0m[0;32m[2026-09-16 14:19:09.333][VERB] RETURN: {"result":"$23475"}
[0m[0;32m[2026-09-16 14:19:09.334][VERB] COMMANDCALL: _C.SafeAPI.Execute(["v1.part.sphere",[{"references":[23475],"name":"F1347_makeSphere_housing_py_78","radius":"@expr.d1348_radius","id":4}]])
[0m[0;32m[2026-09-16 14:19:09.345][VERB] RETURN: {"result":"$23483"}
[0m[0;32m[2026-09-16 14:19:09.346][VERB] COMMANDCALL: _C.SafeAPI.Execute(["v1.part.boolean",[{"type":"SUBTRACTION","tools":[23483],"target":23463,"name":"F23_cut_housing_py_417_tool_1","id":4}]])
[0m[0;32m[2026-09-16 14:19:09.365][VERB] RETURN: {"result":"$23498"}
[0m[0;32m[2026-09-16 14:19:09.366][VERB] COMMANDCALL: _C.SafeAPI.Execute(["v1.part.workCSys",[{"name":"F1349_makeSphere_housing_py_78_datum","offset":[33.5,22,22],"id":4}]])
[0m[0;32m[2026-09-16 14:19:09.375][VERB] RETURN: {"result":"$23510"}
[0m[0;32m[2026-09-16 14:19:09.376][VERB] COMMANDCALL: _C.SafeAPI.Execute(["v1.part.sphere",[{"references":[23510],"name":"F1349_makeSphere_housing_py_78","radius":"@expr.d1350_radius","id":4}]])
[0m[0;32m[2026-09-16 14:19:09.385][VERB] RETURN: {"result":"$23518"}
[0m[0;32m[2026-09-16 14:19:09.385][VERB] COMMANDCALL: _C.SafeAPI.Execute(["v1.part.boolean",[{"type":"SUBTRACTION","tools":[23518],"target":23498,"name":"F23_cut_housing_py_417_tool_2","id":4}]])
[0m[0;32m[2026-09-16 14:19:09.405][VERB] RETURN: {"result":"$23533"}
[0m[0;32m[2026-09-16 14:19:09.406][VERB] COMMANDCALL: _C.SafeAPI.Execute(["v1.part.workCSys",[{"name":"F1351_makeSphere_housing_py_78_datum","offset":[50.8,22,22],"id":4}]])
[0m[0;32m[2026-09-16 14:19:09.414][VERB] RETURN: {"result":"$23545"}
[0m[0;32m[2026-09-16 14:19:09.414][VERB] COMMANDCALL: _C.SafeAPI.Execute(["v1.part.sphere",[{"references":[23545],"name":"F1351_makeSphere_housing_py_78","radius":"@expr.d1352_radius","id":4}]])
[0m[0;32m[2026-09-16 14:19:09.423][VERB] RETURN: {"result":"$23553"}
[0m[0;32m[2026-09-16 14:19:09.424][VERB] COMMANDCALL: _C.SafeAPI.Execute(["v1.part.boolean",[{"type":"SUBTRACTION","tools":[23553],"target":23533,"name":"F23_cut_housing_py_417_tool_3","id":4}]])
[0m[0;32m[2026-09-16 14:19:09.443][VERB] RETURN: {"result":"$23568"}
[0m[0;32m[2026-09-16 14:19:09.444][VERB] COMMANDCALL: _C.SafeAPI.Execute(["v1.part.workCSys",[{"name":"F1353_makeSphere_housing_py_78_datum","offset":[51,28,26],"id":4}]])
[0m[0;32m[2026-09-16 14:19:09.451][VERB] RETURN: {"result":"$23580"}
[0m[0;32m[2026-09-16 14:19:09.451][VERB] COMMANDCALL: _C.SafeAPI.Execute(["v1.part.sphere",[{"references":[23580],"name":"F1353_makeSphere_housing_py_78","radius":"@expr.d1354_radius","id":4}]])
[0m[0;32m[2026-09-16 14:19:09.461][VERB] RETURN: {"result":"$23588"}
[0m[0;32m[2026-09-16 14:19:09.462][VERB] COMMANDCALL: _C.SafeAPI.Execute(["v1.part.boolean",[{"type":"SUBTRACTION","tools":[23588],"target":23568,"name":"F23_cut_housing_py_417_tool_4","id":4}]])
[0m[0;32m[2026-09-16 14:19:09.483][VERB] RETURN: {"result":"$23603"}
[0m[0;32m[2026-09-16 14:19:09.484][VERB] COMMANDCALL: _C.SafeAPI.Execute(["v1.part.workPlane",[{"type":"PLANE","references":[46],"name":"F1355_makeCylinder_housing_py_81_plane","offset":"@expr.d1356_plane_offset","id":4}]])
[0m[0;32m[2026-09-16 14:19:09.493][VERB] RETURN: {"result":"$23615"}
[0m[0;32m[2026-09-16 14:19:09.493][VERB] COMMANDCALL: _C.SafeAPI.Execute(["v1.sketch.create",[{"planeId":23615,"name":"F1355_makeCylinder_housing_py_81_profile","id":4}]])
[0m[0;32m[2026-09-16 14:19:09.496][VERB] RETURN: {"result":"$23621"}
[0m[0;32m[2026-09-16 14:19:09.497][VERB] COMMANDCALL: _C.SafeAPI.Execute(["v1.sketch.circle",[{"radius":1,"id":23621,"genFixation":0,"centerPos":[22,-12,0]}]])
[0m[0;32m[2026-09-16 14:19:09.498][VERB] RETURN: {"result":"$23627"}
[0m[0;32m[2026-09-16 14:19:09.499][VERB] COMMANDCALL: _C.SafeAPI.Execute(["v1.sketch.getPoints",[{"id":23627}]])
[0m[0;32m[2026-09-16 14:19:09.499][VERB] RETURN: {"result":{"centerId":"$23628"}}
[0m[0;32m[2026-09-16 14:19:09.499][VERB] COMMANDCALL: _C.SafeAPI.Execute(["v1.sketch.point",[{"pos":[-1000,-1000,0],"id":23621}]])
[0m[0;32m[2026-09-16 14:19:09.500][VERB] RETURN: {"result":"$23630"}
[0m[0;32m[2026-09-16 14:19:09.501][VERB] COMMANDCALL: _C.SafeAPI.Execute(["v1.sketch.constraint",[{"type":"FIXATION","id":23621,"geomIds":[23630]}]])
[0m[0;32m[2026-09-16 14:19:09.502][VERB] RETURN: {"result":"$23632"}
[0m[0;32m[2026-09-16 14:19:09.502][VERB] COMMANDCALL: _C.SafeAPI.Execute(["v1.sketch.dimension",[{"type":"HORIZONTAL_DISTANCE","value":"@expr.d1357_position_x","name":"position_x","id":23621,"geomIds":[23630,23628]}]])
[0m[0;32m[2026-09-16 14:19:09.508][VERB] RETURN: {"result":"$23636"}
[0m[0;32m[2026-09-16 14:19:09.508][VERB] COMMANDCALL: _C.SafeAPI.Execute(["v1.sketch.dimension",[{"type":"VERTICAL_DISTANCE","value":"@expr.d1358_position_y","name":"position_y","id":23621,"geomIds":[23630,23628]}]])
[0m[0;32m[2026-09-16 14:19:09.514][VERB] RETURN: {"result":"$23640"}
[0m[0;32m[2026-09-16 14:19:09.515][VERB] COMMANDCALL: _C.SafeAPI.Execute(["v1.sketch.dimension",[{"type":"RADIUS","value":"@expr.d1359_radius","name":"radius","id":23621,"geomIds":[23627]}]])
[0m[0;32m[2026-09-16 14:19:09.520][VERB] RETURN: {"result":"$23644"}
[0m[0;32m[2026-09-16 14:19:09.521][VERB] COMMANDCALL: _C.SafeAPI.Execute(["v1.part.extrusion",[{"references":[23627],"name":"F1355_makeCylinder_housing_py_81","taperAngle":0,"limit2":"@expr.d1360_height","id":4}]])
[0m[0;32m[2026-09-16 14:19:09.532][VERB] RETURN: {"result":"$23648"}
[0m[0;32m[2026-09-16 14:19:09.533][VERB] COMMANDCALL: _C.SafeAPI.Execute(["v1.part.boolean",[{"type":"SUBTRACTION","tools":[23648],"target":23603,"name":"F23_cut_housing_py_417_tool_5","id":4}]])
[0m[0;32m[2026-09-16 14:19:09.558][VERB] RETURN: {"result":"$23670"}
[0m[0;32m[2026-09-16 14:19:09.559][VERB] COMMANDCALL: _C.SafeAPI.Execute(["v1.part.workPlane",[{"type":"PLANE","references":[42],"name":"F1361_makeCylinder_housing_py_81_plane","offset":"@expr.d1362_plane_offset","id":4}]])
[0m[0;32m[2026-09-16 14:19:09.567][VERB] RETURN: {"result":"$23682"}
[0m[0;32m[2026-09-16 14:19:09.568][VERB] COMMANDCALL: _C.SafeAPI.Execute(["v1.sketch.create",[{"planeId":23682,"name":"F1361_makeCylinder_housing_py_81_profile","id":4}]])
[0m[0;32m[2026-09-16 14:19:09.571][VERB] RETURN: {"result":"$23688"}
[0m[0;32m[2026-09-16 14:19:09.571][VERB] COMMANDCALL: _C.SafeAPI.Execute(["v1.sketch.circle",[{"radius":1,"id":23688,"genFixation":0,"centerPos":[33.5,-22,0]}]])
[0m[0;32m[2026-09-16 14:19:09.573][VERB] RETURN: {"result":"$23694"}
[0m[0;32m[2026-09-16 14:19:09.573][VERB] COMMANDCALL: _C.SafeAPI.Execute(["v1.sketch.getPoints",[{"id":23694}]])
[0m[0;32m[2026-09-16 14:19:09.574][VERB] RETURN: {"result":{"centerId":"$23695"}}
[0m[0;32m[2026-09-16 14:19:09.574][VERB] COMMANDCALL: _C.SafeAPI.Execute(["v1.sketch.point",[{"pos":[-1000,-1000,0],"id":23688}]])
[0m[0;32m[2026-09-16 14:19:09.575][VERB] RETURN: {"result":"$23697"}
[0m[0;32m[2026-09-16 14:19:09.576][VERB] COMMANDCALL: _C.SafeAPI.Execute(["v1.sketch.constraint",[{"type":"FIXATION","id":23688,"geomIds":[23697]}]])
[0m[0;32m[2026-09-16 14:19:09.577][VERB] RETURN: {"result":"$23699"}
[0m[0;32m[2026-09-16 14:19:09.578][VERB] COMMANDCALL: _C.SafeAPI.Execute(["v1.sketch.dimension",[{"type":"HORIZONTAL_DISTANCE","value":"@expr.d1363_position_x","name":"position_x","id":23688,"geomIds":[23697,23695]}]])
[0m[0;32m[2026-09-16 14:19:09.583][VERB] RETURN: {"result":"$23703"}
[0m[0;32m[2026-09-16 14:19:09.583][VERB] COMMANDCALL: _C.SafeAPI.Execute(["v1.sketch.dimension",[{"type":"VERTICAL_DISTANCE","value":"@expr.d1364_position_y","name":"position_y","id":23688,"geomIds":[23697,23695]}]])
[0m[0;32m[2026-09-16 14:19:09.589][VERB] RETURN: {"result":"$23707"}
[0m[0;32m[2026-09-16 14:19:09.589][VERB] COMMANDCALL: _C.SafeAPI.Execute(["v1.sketch.dimension",[{"type":"RADIUS","value":"@expr.d1365_radius","name":"radius","id":23688,"geomIds":[23694]}]])
[0m[0;32m[2026-09-16 14:19:09.595][VERB] RETURN: {"result":"$23711"}
[0m[0;32m[2026-09-16 14:19:09.596][VERB] COMMANDCALL: _C.SafeAPI.Execute(["v1.part.extrusion",[{"references":[23694],"name":"F1361_makeCylinder_housing_py_81","taperAngle":0,"limit2":"@expr.d1366_height","id":4}]])
[0m[0;32m[2026-09-16 14:19:09.606][VERB] RETURN: {"result":"$23715"}
[0m[0;32m[2026-09-16 14:19:09.607][VERB] COMMANDCALL: _C.SafeAPI.Execute(["v1.part.boolean",[{"type":"SUBTRACTION","tools":[23715],"target":23670,"name":"F23_cut_housing_py_417_tool_6","id":4}]])
[0m[0;32m[2026-09-16 14:19:09.625][VERB] RETURN: {"result":"$23737"}
[0m[0;32m[2026-09-16 14:19:09.626][VERB] COMMANDCALL: _C.SafeAPI.Execute(["v1.part.workPlane",[{"type":"PLANE","references":[46],"name":"F1367_makeCylinder_housing_py_81_plane","offset":"@expr.d1368_plane_offset","id":4}]])
[0m[0;32m[2026-09-16 14:19:09.636][VERB] RETURN: {"result":"$23749"}
[0m[0;32m[2026-09-16 14:19:09.637][VERB] COMMANDCALL: _C.SafeAPI.Execute(["v1.sketch.create",[{"planeId":23749,"name":"F1367_makeCylinder_housing_py_81_profile","id":4}]])
[0m[0;32m[2026-09-16 14:19:09.641][VERB] RETURN: {"result":"$23755"}
[0m[0;32m[2026-09-16 14:19:09.642][VERB] COMMANDCALL: _C.SafeAPI.Execute(["v1.sketch.circle",[{"radius":1,"id":23755,"genFixation":0,"centerPos":[22,-22,0]}]])
[0m[0;32m[2026-09-16 14:19:09.645][VERB] RETURN: {"result":"$23761"}
[0m[0;32m[2026-09-16 14:19:09.645][VERB] COMMANDCALL: _C.SafeAPI.Execute(["v1.sketch.getPoints",[{"id":23761}]])
[0m[0;32m[2026-09-16 14:19:09.646][VERB] RETURN: {"result":{"centerId":"$23762"}}
[0m[0;32m[2026-09-16 14:19:09.646][VERB] COMMANDCALL: _C.SafeAPI.Execute(["v1.sketch.point",[{"pos":[-1000,-1000,0],"id":23755}]])
[0m[0;32m[2026-09-16 14:19:09.648][VERB] RETURN: {"result":"$23764"}
[0m[0;32m[2026-09-16 14:19:09.648][VERB] COMMANDCALL: _C.SafeAPI.Execute(["v1.sketch.constraint",[{"type":"FIXATION","id":23755,"geomIds":[23764]}]])
[0m[0;32m[2026-09-16 14:19:09.651][VERB] RETURN: {"result":"$23766"}
[0m[0;32m[2026-09-16 14:19:09.652][VERB] COMMANDCALL: _C.SafeAPI.Execute(["v1.sketch.dimension",[{"type":"HORIZONTAL_DISTANCE","value":"@expr.d1369_position_x","name":"position_x","id":23755,"geomIds":[23764,23762]}]])
[0m[0;32m[2026-09-16 14:19:09.659][VERB] RETURN: {"result":"$23770"}
[0m[0;32m[2026-09-16 14:19:09.660][VERB] COMMANDCALL: _C.SafeAPI.Execute(["v1.sketch.dimension",[{"type":"VERTICAL_DISTANCE","value":"@expr.d1370_position_y","name":"position_y","id":23755,"geomIds":[23764,23762]}]])
[0m[0;32m[2026-09-16 14:19:09.670][VERB] RETURN: {"result":"$23774"}
[0m[0;32m[2026-09-16 14:19:09.671][VERB] COMMANDCALL: _C.SafeAPI.Execute(["v1.sketch.dimension",[{"type":"RADIUS","value":"@expr.d1371_radius","name":"radius","id":23755,"geomIds":[23761]}]])
[0m[0;32m[2026-09-16 14:19:09.680][VERB] RETURN: {"result":"$23778"}
[0m[0;32m[2026-09-16 14:19:09.681][VERB] COMMANDCALL: _C.SafeAPI.Execute(["v1.part.extrusion",[{"references":[23761],"name":"F1367_makeCylinder_housing_py_81","taperAngle":0,"limit2":"@expr.d1372_height","id":4}]])
[0m[0;32m[2026-09-16 14:19:09.697][VERB] RETURN: {"result":"$23782"}
[0m[0;32m[2026-09-16 14:19:09.697][VERB] COMMANDCALL: _C.SafeAPI.Execute(["v1.part.boolean",[{"type":"SUBTRACTION","tools":[23782],"target":23737,"name":"F23_cut_housing_py_417_tool_7","id":4}]])
[0m[0;32m[2026-09-16 14:19:09.719][VERB] RETURN: {"result":"$23804"}
[0m[0;32m[2026-09-16 14:19:09.720][VERB] COMMANDCALL: _C.SafeAPI.Execute(["v1.part.workPlane",[{"type":"PLANE","references":[38],"name":"F1373_makeCylinder_housing_py_81_local_plane","offset":"@expr.d1374_plane_offset","id":4}]])
[0m[0;32m[2026-09-16 14:19:09.727][VERB] RETURN: {"result":"$23816"}
[0m[0;32m[2026-09-16 14:19:09.727][VERB] COMMANDCALL: _C.SafeAPI.Execute(["v1.sketch.create",[{"planeId":23816,"name":"F1373_makeCylinder_housing_py_81_local_profile","id":4}]])
[0m[0;32m[2026-09-16 14:19:09.730][VERB] RETURN: {"result":"$23822"}
[0m[0;32m[2026-09-16 14:19:09.730][VERB] COMMANDCALL: _C.SafeAPI.Execute(["v1.sketch.circle",[{"radius":1,"id":23822,"genFixation":0,"centerPos":[0,0,0]}]])
[0m[0;32m[2026-09-16 14:19:09.732][VERB] RETURN: {"result":"$23828"}
[0m[0;32m[2026-09-16 14:19:09.733][VERB] COMMANDCALL: _C.SafeAPI.Execute(["v1.sketch.getPoints",[{"id":23828}]])
[0m[0;32m[2026-09-16 14:19:09.733][VERB] RETURN: {"result":{"centerId":"$23829"}}
[0m[0;32m[2026-09-16 14:19:09.734][VERB] COMMANDCALL: _C.SafeAPI.Execute(["v1.sketch.point",[{"pos":[-1000,-1000,0],"id":23822}]])
[0m[0;32m[2026-09-16 14:19:09.737][VERB] RETURN: {"result":"$23831"}
[0m[0;32m[2026-09-16 14:19:09.738][VERB] COMMANDCALL: _C.SafeAPI.Execute(["v1.sketch.constraint",[{"type":"FIXATION","id":23822,"geomIds":[23831]}]])
[0m[0;32m[2026-09-16 14:19:09.739][VERB] RETURN: {"result":"$23833"}
[0m[0;32m[2026-09-16 14:19:09.739][VERB] COMMANDCALL: _C.SafeAPI.Execute(["v1.sketch.dimension",[{"type":"HORIZONTAL_DISTANCE","value":"@expr.d1375_position_x","name":"position_x","id":23822,"geomIds":[23831,23829]}]])
[0m[0;32m[2026-09-16 14:19:09.746][VERB] RETURN: {"result":"$23837"}
[0m[0;32m[2026-09-16 14:19:09.747][VERB] COMMANDCALL: _C.SafeAPI.Execute(["v1.sketch.dimension",[{"type":"VERTICAL_DISTANCE","value":"@expr.d1376_position_y","name":"position_y","id":23822,"geomIds":[23831,23829]}]])
[0m[0;32m[2026-09-16 14:19:09.754][VERB] RETURN: {"result":"$23841"}
[0m[0;32m[2026-09-16 14:19:09.754][VERB] COMMANDCALL: _C.SafeAPI.Execute(["v1.sketch.dimension",[{"type":"RADIUS","value":"@expr.d1377_radius","name":"radius","id":23822,"geomIds":[23828]}]])
[0m[0;32m[2026-09-16 14:19:09.761][VERB] RETURN: {"result":"$23845"}
[0m[0;32m[2026-09-16 14:19:09.762][VERB] COMMANDCALL: _C.SafeAPI.Execute(["v1.part.extrusion",[{"references":[23828],"name":"F1373_makeCylinder_housing_py_81_local","taperAngle":0,"limit2":"@expr.d1378_height","id":4}]])
[0m[0;32m[2026-09-16 14:19:09.775][VERB] RETURN: {"result":"$23849"}
[0m[0;32m[2026-09-16 14:19:09.776][VERB] COMMANDCALL: _C.SafeAPI.Execute(["v1.part.workAxis",[{"name":"F1373_makeCylinder_housing_py_81_axis","id":4,"position":[0,0,0],"direction":[-6,0.2,0]}]])
[0m[0;32m[2026-09-16 14:19:09.784][VERB] RETURN: {"result":"$23871"}
[0m[0;32m[2026-09-16 14:19:09.784][VERB] COMMANDCALL: _C.SafeAPI.Execute(["v1.part.rotation",[{"targets":[23849],"name":"F1373_makeCylinder_housing_py_81_orientation","id":4,"references":[23871],"angle":0.98304996378591}]])
[0m[0;32m[2026-09-16 14:19:09.796][VERB] RETURN: {"result":"$23879"}
[0m[0;32m[2026-09-16 14:19:09.796][VERB] COMMANDCALL: _C.SafeAPI.Execute(["v1.part.translation",[{"references":[26],"name":"F1373_makeCylinder_housing_py_81_0","id":4,"targets":[23879],"distance":"@expr.d1379_position"}]])
[0m[0;32m[2026-09-16 14:19:09.804][VERB] RETURN: {"result":"$23890"}
[0m[0;32m[2026-09-16 14:19:09.805][VERB] COMMANDCALL: _C.SafeAPI.Execute(["v1.part.translation",[{"references":[30],"name":"F1373_makeCylinder_housing_py_81_1","id":4,"targets":[23890],"distance":"@expr.d1380_position"}]])
[0m[0;32m[2026-09-16 14:19:09.813][VERB] RETURN: {"result":"$23901"}
[0m[0;32m[2026-09-16 14:19:09.813][VERB] COMMANDCALL: _C.SafeAPI.Execute(["v1.part.translation",[{"references":[34],"name":"F1373_makeCylinder_housing_py_81_2","id":4,"targets":[23901],"distance":"@expr.d1381_position"}]])
[0m[0;32m[2026-09-16 14:19:09.821][VERB] RETURN: {"result":"$23912"}
[0m[0;32m[2026-09-16 14:19:09.821][VERB] COMMANDCALL: _C.SafeAPI.Execute(["v1.part.boolean",[{"type":"SUBTRACTION","tools":[23912],"target":23804,"name":"F23_cut_housing_py_417_tool_8","id":4}]])
[0m[0;32m[2026-09-16 14:19:09.841][VERB] RETURN: {"result":"$23923"}
[0m[0;32m[2026-09-16 14:19:09.841][VERB] COMMANDCALL: _C.SafeAPI.Execute(["v1.part.workCSys",[{"name":"F1382_makeSphere_housing_py_78_datum","offset":[42,23,13.3],"id":4}]])
[0m[0;32m[2026-09-16 14:19:09.848][VERB] RETURN: {"result":"$23935"}
[0m[0;32m[2026-09-16 14:19:09.848][VERB] COMMANDCALL: _C.SafeAPI.Execute(["v1.part.sphere",[{"references":[23935],"name":"F1382_makeSphere_housing_py_78","radius":"@expr.d1383_radius","id":4}]])
[0m[0;32m[2026-09-16 14:19:09.856][VERB] RETURN: {"result":"$23943"}
[0m[0;32m[2026-09-16 14:19:09.856][VERB] COMMANDCALL: _C.SafeAPI.Execute(["v1.part.boolean",[{"type":"SUBTRACTION","tools":[23943],"target":23923,"name":"F22_cut_housing_py_417_tool_0","id":4}]])
[0m[0;32m[2026-09-16 14:19:09.873][VERB] RETURN: {"result":"$23958"}
[0m[0;32m[2026-09-16 14:19:09.873][VERB] COMMANDCALL: _C.SafeAPI.Execute(["v1.part.workCSys",[{"name":"F1384_makeSphere_housing_py_78_datum","offset":[46,23,13.3],"id":4}]])
[0m[0;32m[2026-09-16 14:19:09.879][VERB] RETURN: {"result":"$23970"}
[0m[0;32m[2026-09-16 14:19:09.880][VERB] COMMANDCALL: _C.SafeAPI.Execute(["v1.part.sphere",[{"references":[23970],"name":"F1384_makeSphere_housing_py_78","radius":"@expr.d1385_radius","id":4}]])
[0m[0;32m[2026-09-16 14:19:09.888][VERB] RETURN: {"result":"$23978"}
[0m[0;32m[2026-09-16 14:19:09.888][VERB] COMMANDCALL: _C.SafeAPI.Execute(["v1.part.boolean",[{"type":"SUBTRACTION","tools":[23978],"target":23958,"name":"F22_cut_housing_py_417_tool_1","id":4}]])
[0m[0;32m[2026-09-16 14:19:09.907][VERB] RETURN: {"result":"$23993"}
[0m[0;32m[2026-09-16 14:19:09.907][VERB] COMMANDCALL: _C.SafeAPI.Execute(["v1.part.workCSys",[{"name":"F1386_makeSphere_housing_py_78_datum","offset":[46,21.8,13.3],"id":4}]])
[0m[0;32m[2026-09-16 14:19:09.914][VERB] RETURN: {"result":"$24026"}
[0m[0;32m[2026-09-16 14:19:09.914][VERB] COMMANDCALL: _C.SafeAPI.Execute(["v1.part.sphere",[{"references":[24026],"name":"F1386_makeSphere_housing_py_78","radius":"@expr.d1387_radius","id":4}]])
[0m[0;32m[2026-09-16 14:19:09.922][VERB] RETURN: {"result":"$24034"}
[0m[0;32m[2026-09-16 14:19:09.922][VERB] COMMANDCALL: _C.SafeAPI.Execute(["v1.part.boolean",[{"type":"SUBTRACTION","tools":[24034],"target":23993,"name":"F22_cut_housing_py_417_tool_2","id":4}]])
[0m[0;32m[2026-09-16 14:19:09.940][VERB] RETURN: {"result":"$24049"}
[0m[0;32m[2026-09-16 14:19:09.940][VERB] COMMANDCALL: _C.SafeAPI.Execute(["v1.part.workCSys",[{"name":"F1388_makeSphere_housing_py_78_datum","offset":[49.8,21.8,18],"id":4}]])
[0m[0;32m[2026-09-16 14:19:09.947][VERB] RETURN: {"result":"$24061"}
[0m[0;32m[2026-09-16 14:19:09.947][VERB] COMMANDCALL: _C.SafeAPI.Execute(["v1.part.sphere",[{"references":[24061],"name":"F1388_makeSphere_housing_py_78","radius":"@expr.d1389_radius","id":4}]])
[0m[0;32m[2026-09-16 14:19:09.955][VERB] RETURN: {"result":"$24069"}
[0m[0;32m[2026-09-16 14:19:09.955][VERB] COMMANDCALL: _C.SafeAPI.Execute(["v1.part.boolean",[{"type":"SUBTRACTION","tools":[24069],"target":24049,"name":"F22_cut_housing_py_417_tool_3","id":4}]])
[0m[0;32m[2026-09-16 14:19:09.972][VERB] RETURN: {"result":"$24084"}
[0m[0;32m[2026-09-16 14:19:09.973][VERB] COMMANDCALL: _C.SafeAPI.Execute(["v1.part.workCSys",[{"name":"F1390_makeSphere_housing_py_78_datum","offset":[49.8,26.2,20.4],"id":4}]])
[0m[0;32m[2026-09-16 14:19:09.979][VERB] RETURN: {"result":"$24096"}
[0m[0;32m[2026-09-16 14:19:09.979][VERB] COMMANDCALL: _C.SafeAPI.Execute(["v1.part.sphere",[{"references":[24096],"name":"F1390_makeSphere_housing_py_78","radius":"@expr.d1391_radius","id":4}]])
[0m[0;32m[2026-09-16 14:19:09.987][VERB] RETURN: {"result":"$24104"}
[0m[0;32m[2026-09-16 14:19:09.988][VERB] COMMANDCALL: _C.SafeAPI.Execute(["v1.part.boolean",[{"type":"SUBTRACTION","tools":[24104],"target":24084,"name":"F22_cut_housing_py_417_tool_4","id":4}]])
[0m[0;32m[2026-09-16 14:19:10.005][VERB] RETURN: {"result":"$24119"}
[0m[0;32m[2026-09-16 14:19:10.006][VERB] COMMANDCALL: _C.SafeAPI.Execute(["v1.part.workCSys",[{"name":"F1392_makeSphere_housing_py_78_datum","offset":[25.4,26.2,20.4],"id":4}]])
[0m[0;32m[2026-09-16 14:19:10.012][VERB] RETURN: {"result":"$24131"}
[0m[0;32m[2026-09-16 14:19:10.012][VERB] COMMANDCALL: _C.SafeAPI.Execute(["v1.part.sphere",[{"references":[24131],"name":"F1392_makeSphere_housing_py_78","radius":"@expr.d1393_radius","id":4}]])
[0m[0;32m[2026-09-16 14:19:10.021][VERB] RETURN: {"result":"$24139"}
[0m[0;32m[2026-09-16 14:19:10.021][VERB] COMMANDCALL: _C.SafeAPI.Execute(["v1.part.boolean",[{"type":"SUBTRACTION","tools":[24139],"target":24119,"name":"F22_cut_housing_py_417_tool_5","id":4}]])
[0m[0;32m[2026-09-16 14:19:10.038][VERB] RETURN: {"result":"$24154"}
[0m[0;32m[2026-09-16 14:19:10.039][VERB] COMMANDCALL: _C.SafeAPI.Execute(["v1.part.workCSys",[{"name":"F1394_makeSphere_housing_py_78_datum","offset":[25.4,26.2,24.5],"id":4}]])
[0m[0;32m[2026-09-16 14:19:10.045][VERB] RETURN: {"result":"$24166"}
[0m[0;32m[2026-09-16 14:19:10.045][VERB] COMMANDCALL: _C.SafeAPI.Execute(["v1.part.sphere",[{"references":[24166],"name":"F1394_makeSphere_housing_py_78","radius":"@expr.d1395_radius","id":4}]])
[0m[0;32m[2026-09-16 14:19:10.054][VERB] RETURN: {"result":"$24174"}
[0m[0;32m[2026-09-16 14:19:10.054][VERB] COMMANDCALL: _C.SafeAPI.Execute(["v1.part.boolean",[{"type":"SUBTRACTION","tools":[24174],"target":24154,"name":"F22_cut_housing_py_417_tool_6","id":4}]])
[0m[0;32m[2026-09-16 14:19:10.071][VERB] RETURN: {"result":"$24189"}
[0m[0;32m[2026-09-16 14:19:10.071][VERB] COMMANDCALL: _C.SafeAPI.Execute(["v1.part.workPlane",[{"type":"PLANE","references":[46],"name":"F1396_makeCylinder_housing_py_81_plane","offset":"@expr.d1397_plane_offset","id":4}]])
[0m[0;32m[2026-09-16 14:19:10.078][VERB] RETURN: {"result":"$24201"}
[0m[0;32m[2026-09-16 14:19:10.078][VERB] COMMANDCALL: _C.SafeAPI.Execute(["v1.sketch.create",[{"planeId":24201,"name":"F1396_makeCylinder_housing_py_81_profile","id":4}]])
[0m[0;32m[2026-09-16 14:19:10.081][VERB] RETURN: {"result":"$24207"}
[0m[0;32m[2026-09-16 14:19:10.081][VERB] COMMANDCALL: _C.SafeAPI.Execute(["v1.sketch.circle",[{"radius":0.65,"id":24207,"genFixation":0,"centerPos":[13.3,-23,0]}]])
[0m[0;32m[2026-09-16 14:19:10.082][VERB] RETURN: {"result":"$24213"}
[0m[0;32m[2026-09-16 14:19:10.082][VERB] COMMANDCALL: _C.SafeAPI.Execute(["v1.sketch.getPoints",[{"id":24213}]])
[0m[0;32m[2026-09-16 14:19:10.083][VERB] RETURN: {"result":{"centerId":"$24214"}}
[0m[0;32m[2026-09-16 14:19:10.083][VERB] COMMANDCALL: _C.SafeAPI.Execute(["v1.sketch.point",[{"pos":[-1000,-1000,0],"id":24207}]])
[0m[0;32m[2026-09-16 14:19:10.084][VERB] RETURN: {"result":"$24216"}
[0m[0;32m[2026-09-16 14:19:10.084][VERB] COMMANDCALL: _C.SafeAPI.Execute(["v1.sketch.constraint",[{"type":"FIXATION","id":24207,"geomIds":[24216]}]])
[0m[0;32m[2026-09-16 14:19:10.085][VERB] RETURN: {"result":"$24218"}
[0m[0;32m[2026-09-16 14:19:10.085][VERB] COMMANDCALL: _C.SafeAPI.Execute(["v1.sketch.dimension",[{"type":"HORIZONTAL_DISTANCE","value":"@expr.d1398_position_x","name":"position_x","id":24207,"geomIds":[24216,24214]}]])
[0m[0;32m[2026-09-16 14:19:10.090][VERB] RETURN: {"result":"$24222"}
[0m[0;32m[2026-09-16 14:19:10.090][VERB] COMMANDCALL: _C.SafeAPI.Execute(["v1.sketch.dimension",[{"type":"VERTICAL_DISTANCE","value":"@expr.d1399_position_y","name":"position_y","id":24207,"geomIds":[24216,24214]}]])
[0m[0;32m[2026-09-16 14:19:10.096][VERB] RETURN: {"result":"$24226"}
[0m[0;32m[2026-09-16 14:19:10.096][VERB] COMMANDCALL: _C.SafeAPI.Execute(["v1.sketch.dimension",[{"type":"RADIUS","value":"@expr.d1400_radius","name":"radius","id":24207,"geomIds":[24213]}]])
[0m[0;32m[2026-09-16 14:19:10.102][VERB] RETURN: {"result":"$24230"}
[0m[0;32m[2026-09-16 14:19:10.102][VERB] COMMANDCALL: _C.SafeAPI.Execute(["v1.part.extrusion",[{"references":[24213],"name":"F1396_makeCylinder_housing_py_81","taperAngle":0,"limit2":"@expr.d1401_height","id":4}]])
[0m[0;32m[2026-09-16 14:19:10.112][VERB] RETURN: {"result":"$24234"}
[0m[0;32m[2026-09-16 14:19:10.113][VERB] COMMANDCALL: _C.SafeAPI.Execute(["v1.part.boolean",[{"type":"SUBTRACTION","tools":[24234],"target":24189,"name":"F22_cut_housing_py_417_tool_7","id":4}]])
[0m[0;32m[2026-09-16 14:19:10.139][VERB] RETURN: {"result":"$24256"}
[0m[0;32m[2026-09-16 14:19:10.139][VERB] COMMANDCALL: _C.SafeAPI.Execute(["v1.part.workPlane",[{"type":"PLANE","references":[42],"name":"F1402_makeCylinder_housing_py_81_plane","offset":"@expr.d1403_plane_offset","id":4}]])
[0m[0;32m[2026-09-16 14:19:10.147][VERB] RETURN: {"result":"$24268"}
[0m[0;32m[2026-09-16 14:19:10.147][VERB] COMMANDCALL: _C.SafeAPI.Execute(["v1.sketch.create",[{"planeId":24268,"name":"F1402_makeCylinder_housing_py_81_profile","id":4}]])
[0m[0;32m[2026-09-16 14:19:10.150][VERB] RETURN: {"result":"$24274"}
[0m[0;32m[2026-09-16 14:19:10.151][VERB] COMMANDCALL: _C.SafeAPI.Execute(["v1.sketch.circle",[{"radius":0.65,"id":24274,"genFixation":0,"centerPos":[46,-13.3,0]}]])
[0m[0;32m[2026-09-16 14:19:10.152][VERB] RETURN: {"result":"$24280"}
[0m[0;32m[2026-09-16 14:19:10.152][VERB] COMMANDCALL: _C.SafeAPI.Execute(["v1.sketch.getPoints",[{"id":24280}]])
[0m[0;32m[2026-09-16 14:19:10.153][VERB] RETURN: {"result":{"centerId":"$24281"}}
[0m[0;32m[2026-09-16 14:19:10.153][VERB] COMMANDCALL: _C.SafeAPI.Execute(["v1.sketch.point",[{"pos":[-1000,-1000,0],"id":24274}]])
[0m[0;32m[2026-09-16 14:19:10.154][VERB] RETURN: {"result":"$24283"}
[0m[0;32m[2026-09-16 14:19:10.154][VERB] COMMANDCALL: _C.SafeAPI.Execute(["v1.sketch.constraint",[{"type":"FIXATION","id":24274,"geomIds":[24283]}]])
[0m[0;32m[2026-09-16 14:19:10.155][VERB] RETURN: {"result":"$24285"}
[0m[0;32m[2026-09-16 14:19:10.155][VERB] COMMANDCALL: _C.SafeAPI.Execute(["v1.sketch.dimension",[{"type":"HORIZONTAL_DISTANCE","value":"@expr.d1404_position_x","name":"position_x","id":24274,"geomIds":[24283,24281]}]])
[0m[0;32m[2026-09-16 14:19:10.160][VERB] RETURN: {"result":"$24289"}
[0m[0;32m[2026-09-16 14:19:10.161][VERB] COMMANDCALL: _C.SafeAPI.Execute(["v1.sketch.dimension",[{"type":"VERTICAL_DISTANCE","value":"@expr.d1405_position_y","name":"position_y","id":24274,"geomIds":[24283,24281]}]])
[0m[0;32m[2026-09-16 14:19:10.167][VERB] RETURN: {"result":"$24293"}
[0m[0;32m[2026-09-16 14:19:10.167][VERB] COMMANDCALL: _C.SafeAPI.Execute(["v1.sketch.dimension",[{"type":"RADIUS","value":"@expr.d1406_radius","name":"radius","id":24274,"geomIds":[24280]}]])
[0m[0;32m[2026-09-16 14:19:10.173][VERB] RETURN: {"result":"$24297"}
[0m[0;32m[2026-09-16 14:19:10.174][VERB] COMMANDCALL: _C.SafeAPI.Execute(["v1.part.extrusion",[{"references":[24280],"name":"F1402_makeCylinder_housing_py_81","taperAngle":0,"limit2":"@expr.d1407_height","id":4}]])
[0m[0;32m[2026-09-16 14:19:10.184][VERB] RETURN: {"result":"$24301"}
[0m[0;32m[2026-09-16 14:19:10.185][VERB] COMMANDCALL: _C.SafeAPI.Execute(["v1.part.boolean",[{"type":"SUBTRACTION","tools":[24301],"target":24256,"name":"F22_cut_housing_py_417_tool_8","id":4}]])
[0m[0;32m[2026-09-16 14:19:10.212][VERB] RETURN: {"result":"$24323"}
[0m[0;32m[2026-09-16 14:19:10.213][VERB] COMMANDCALL: _C.SafeAPI.Execute(["v1.part.workPlane",[{"type":"PLANE","references":[38],"name":"F1408_makeCylinder_housing_py_81_local_plane","offset":"@expr.d1409_plane_offset","id":4}]])
[0m[0;32m[2026-09-16 14:19:10.220][VERB] RETURN: {"result":"$24355"}
[0m[0;32m[2026-09-16 14:19:10.221][VERB] COMMANDCALL: _C.SafeAPI.Execute(["v1.sketch.create",[{"planeId":24355,"name":"F1408_makeCylinder_housing_py_81_local_profile","id":4}]])
[0m[0;32m[2026-09-16 14:19:10.223][VERB] RETURN: {"result":"$24361"}
[0m[0;32m[2026-09-16 14:19:10.223][VERB] COMMANDCALL: _C.SafeAPI.Execute(["v1.sketch.circle",[{"radius":0.65,"id":24361,"genFixation":0,"centerPos":[0,0,0]}]])
[0m[0;32m[2026-09-16 14:19:10.225][VERB] RETURN: {"result":"$24367"}
[0m[0;32m[2026-09-16 14:19:10.225][VERB] COMMANDCALL: _C.SafeAPI.Execute(["v1.sketch.getPoints",[{"id":24367}]])
[0m[0;32m[2026-09-16 14:19:10.225][VERB] RETURN: {"result":{"centerId":"$24368"}}
[0m[0;32m[2026-09-16 14:19:10.225][VERB] COMMANDCALL: _C.SafeAPI.Execute(["v1.sketch.point",[{"pos":[-1000,-1000,0],"id":24361}]])
[0m[0;32m[2026-09-16 14:19:10.226][VERB] RETURN: {"result":"$24370"}
[0m[0;32m[2026-09-16 14:19:10.227][VERB] COMMANDCALL: _C.SafeAPI.Execute(["v1.sketch.constraint",[{"type":"FIXATION","id":24361,"geomIds":[24370]}]])
[0m[0;32m[2026-09-16 14:19:10.228][VERB] RETURN: {"result":"$24372"}
[0m[0;32m[2026-09-16 14:19:10.228][VERB] COMMANDCALL: _C.SafeAPI.Execute(["v1.sketch.dimension",[{"type":"HORIZONTAL_DISTANCE","value":"@expr.d1410_position_x","name":"position_x","id":24361,"geomIds":[24370,24368]}]])
[0m[0;32m[2026-09-16 14:19:10.233][VERB] RETURN: {"result":"$24376"}
[0m[0;32m[2026-09-16 14:19:10.233][VERB] COMMANDCALL: _C.SafeAPI.Execute(["v1.sketch.dimension",[{"type":"VERTICAL_DISTANCE","value":"@expr.d1411_position_y","name":"position_y","id":24361,"geomIds":[24370,24368]}]])
[0m[0;32m[2026-09-16 14:19:10.239][VERB] RETURN: {"result":"$24380"}
[0m[0;32m[2026-09-16 14:19:10.239][VERB] COMMANDCALL: _C.SafeAPI.Execute(["v1.sketch.dimension",[{"type":"RADIUS","value":"@expr.d1412_radius","name":"radius","id":24361,"geomIds":[24367]}]])
[0m[0;32m[2026-09-16 14:19:10.245][VERB] RETURN: {"result":"$24384"}
[0m[0;32m[2026-09-16 14:19:10.246][VERB] COMMANDCALL: _C.SafeAPI.Execute(["v1.part.extrusion",[{"references":[24367],"name":"F1408_makeCylinder_housing_py_81_local","taperAngle":0,"limit2":"@expr.d1413_height","id":4}]])
[0m[0;32m[2026-09-16 14:19:10.256][VERB] RETURN: {"result":"$24388"}
[0m[0;32m[2026-09-16 14:19:10.257][VERB] COMMANDCALL: _C.SafeAPI.Execute(["v1.part.workAxis",[{"name":"F1408_makeCylinder_housing_py_81_axis","id":4,"position":[0,0,0],"direction":[0,3.8,0]}]])
[0m[0;32m[2026-09-16 14:19:10.263][VERB] RETURN: {"result":"$24410"}
[0m[0;32m[2026-09-16 14:19:10.264][VERB] COMMANDCALL: _C.SafeAPI.Execute(["v1.part.rotation",[{"targets":[24388],"name":"F1408_makeCylinder_housing_py_81_orientation","id":4,"references":[24410],"angle":0.67990885487236}]])
[0m[0;32m[2026-09-16 14:19:10.272][VERB] RETURN: {"result":"$24418"}
[0m[0;32m[2026-09-16 14:19:10.272][VERB] COMMANDCALL: _C.SafeAPI.Execute(["v1.part.translation",[{"references":[26],"name":"F1408_makeCylinder_housing_py_81_0","id":4,"targets":[24418],"distance":"@expr.d1414_position"}]])
[0m[0;32m[2026-09-16 14:19:10.281][VERB] RETURN: {"result":"$24429"}
[0m[0;32m[2026-09-16 14:19:10.281][VERB] COMMANDCALL: _C.SafeAPI.Execute(["v1.part.translation",[{"references":[30],"name":"F1408_makeCylinder_housing_py_81_1","id":4,"targets":[24429],"distance":"@expr.d1415_position"}]])
[0m[0;32m[2026-09-16 14:19:10.290][VERB] RETURN: {"result":"$24440"}
[0m[0;32m[2026-09-16 14:19:10.291][VERB] COMMANDCALL: _C.SafeAPI.Execute(["v1.part.translation",[{"references":[34],"name":"F1408_makeCylinder_housing_py_81_2","id":4,"targets":[24440],"distance":"@expr.d1416_position"}]])
[0m[0;32m[2026-09-16 14:19:10.299][VERB] RETURN: {"result":"$24451"}
[0m[0;32m[2026-09-16 14:19:10.299][VERB] COMMANDCALL: _C.SafeAPI.Execute(["v1.part.boolean",[{"type":"SUBTRACTION","tools":[24451],"target":24323,"name":"F22_cut_housing_py_417_tool_9","id":4}]])
[0m[0;32m[2026-09-16 14:19:10.321][VERB] RETURN: {"result":"$24462"}
[0m[0;32m[2026-09-16 14:19:10.322][VERB] COMMANDCALL: _C.SafeAPI.Execute(["v1.part.workPlane",[{"type":"PLANE","references":[38],"name":"F1417_makeCylinder_housing_py_81_local_plane","offset":"@expr.d1418_plane_offset","id":4}]])
[0m[0;32m[2026-09-16 14:19:10.329][VERB] RETURN: {"result":"$24474"}
[0m[0;32m[2026-09-16 14:19:10.329][VERB] COMMANDCALL: _C.SafeAPI.Execute(["v1.sketch.create",[{"planeId":24474,"name":"F1417_makeCylinder_housing_py_81_local_profile","id":4}]])
[0m[0;32m[2026-09-16 14:19:10.331][VERB] RETURN: {"result":"$24480"}
[0m[0;32m[2026-09-16 14:19:10.331][VERB] COMMANDCALL: _C.SafeAPI.Execute(["v1.sketch.circle",[{"radius":0.65,"id":24480,"genFixation":0,"centerPos":[0,0,0]}]])
[0m[0;32m[2026-09-16 14:19:10.333][VERB] RETURN: {"result":"$24486"}
[0m[0;32m[2026-09-16 14:19:10.333][VERB] COMMANDCALL: _C.SafeAPI.Execute(["v1.sketch.getPoints",[{"id":24486}]])
[0m[0;32m[2026-09-16 14:19:10.333][VERB] RETURN: {"result":{"centerId":"$24487"}}
[0m[0;32m[2026-09-16 14:19:10.333][VERB] COMMANDCALL: _C.SafeAPI.Execute(["v1.sketch.point",[{"pos":[-1000,-1000,0],"id":24480}]])
[0m[0;32m[2026-09-16 14:19:10.335][VERB] RETURN: {"result":"$24489"}
[0m[0;32m[2026-09-16 14:19:10.335][VERB] COMMANDCALL: _C.SafeAPI.Execute(["v1.sketch.constraint",[{"type":"FIXATION","id":24480,"geomIds":[24489]}]])
[0m[0;32m[2026-09-16 14:19:10.336][VERB] RETURN: {"result":"$24491"}
[0m[0;32m[2026-09-16 14:19:10.336][VERB] COMMANDCALL: _C.SafeAPI.Execute(["v1.sketch.dimension",[{"type":"HORIZONTAL_DISTANCE","value":"@expr.d1419_position_x","name":"position_x","id":24480,"geomIds":[24489,24487]}]])
[0m[0;32m[2026-09-16 14:19:10.341][VERB] RETURN: {"result":"$24495"}
[0m[0;32m[2026-09-16 14:19:10.341][VERB] COMMANDCALL: _C.SafeAPI.Execute(["v1.sketch.dimension",[{"type":"VERTICAL_DISTANCE","value":"@expr.d1420_position_y","name":"position_y","id":24480,"geomIds":[24489,24487]}]])
[0m[0;32m[2026-09-16 14:19:10.346][VERB] RETURN: {"result":"$24499"}
[0m[0;32m[2026-09-16 14:19:10.347][VERB] COMMANDCALL: _C.SafeAPI.Execute(["v1.sketch.dimension",[{"type":"RADIUS","value":"@expr.d1421_radius","name":"radius","id":24480,"geomIds":[24486]}]])
[0m[0;32m[2026-09-16 14:19:10.353][VERB] RETURN: {"result":"$24503"}
[0m[0;32m[2026-09-16 14:19:10.353][VERB] COMMANDCALL: _C.SafeAPI.Execute(["v1.part.extrusion",[{"references":[24486],"name":"F1417_makeCylinder_housing_py_81_local","taperAngle":0,"limit2":"@expr.d1422_height","id":4}]])
[0m[0;32m[2026-09-16 14:19:10.363][VERB] RETURN: {"result":"$24507"}
[0m[0;32m[2026-09-16 14:19:10.363][VERB] COMMANDCALL: _C.SafeAPI.Execute(["v1.part.workAxis",[{"name":"F1417_makeCylinder_housing_py_81_axis","id":4,"position":[0,0,0],"direction":[-4.4,0,0]}]])
[0m[0;32m[2026-09-16 14:19:10.370][VERB] RETURN: {"result":"$24529"}
[0m[0;32m[2026-09-16 14:19:10.370][VERB] COMMANDCALL: _C.SafeAPI.Execute(["v1.part.rotation",[{"targets":[24507],"name":"F1417_makeCylinder_housing_py_81_orientation","id":4,"references":[24529],"angle":1.0714496051148}]])
[0m[0;32m[2026-09-16 14:19:10.377][VERB] RETURN: {"result":"$24537"}
[0m[0;32m[2026-09-16 14:19:10.378][VERB] COMMANDCALL: _C.SafeAPI.Execute(["v1.part.translation",[{"references":[26],"name":"F1417_makeCylinder_housing_py_81_0","id":4,"targets":[24537],"distance":"@expr.d1423_position"}]])
[0m[0;32m[2026-09-16 14:19:10.386][VERB] RETURN: {"result":"$24548"}
[0m[0;32m[2026-09-16 14:19:10.386][VERB] COMMANDCALL: _C.SafeAPI.Execute(["v1.part.translation",[{"references":[30],"name":"F1417_makeCylinder_housing_py_81_1","id":4,"targets":[24548],"distance":"@expr.d1424_position"}]])
[0m[0;32m[2026-09-16 14:19:10.394][VERB] RETURN: {"result":"$24559"}
[0m[0;32m[2026-09-16 14:19:10.394][VERB] COMMANDCALL: _C.SafeAPI.Execute(["v1.part.translation",[{"references":[34],"name":"F1417_makeCylinder_housing_py_81_2","id":4,"targets":[24559],"distance":"@expr.d1425_position"}]])
[0m[0;32m[2026-09-16 14:19:10.402][VERB] RETURN: {"result":"$24570"}
[0m[0;32m[2026-09-16 14:19:10.402][VERB] COMMANDCALL: _C.SafeAPI.Execute(["v1.part.boolean",[{"type":"SUBTRACTION","tools":[24570],"target":24462,"name":"F22_cut_housing_py_417_tool_10","id":4}]])
[0m[0;32m[2026-09-16 14:19:10.421][VERB] RETURN: {"result":"$24581"}
[0m[0;32m[2026-09-16 14:19:10.422][VERB] COMMANDCALL: _C.SafeAPI.Execute(["v1.part.workPlane",[{"type":"PLANE","references":[46],"name":"F1426_makeCylinder_housing_py_81_plane","offset":"@expr.d1427_plane_offset","id":4}]])
[0m[0;32m[2026-09-16 14:19:10.429][VERB] RETURN: {"result":"$24593"}
[0m[0;32m[2026-09-16 14:19:10.429][VERB] COMMANDCALL: _C.SafeAPI.Execute(["v1.sketch.create",[{"planeId":24593,"name":"F1426_makeCylinder_housing_py_81_profile","id":4}]])
[0m[0;32m[2026-09-16 14:19:10.432][VERB] RETURN: {"result":"$24599"}
[0m[0;32m[2026-09-16 14:19:10.432][VERB] COMMANDCALL: _C.SafeAPI.Execute(["v1.sketch.circle",[{"radius":0.65,"id":24599,"genFixation":0,"centerPos":[20.4,-26.2,0]}]])
[0m[0;32m[2026-09-16 14:19:10.433][VERB] RETURN: {"result":"$24605"}
[0m[0;32m[2026-09-16 14:19:10.433][VERB] COMMANDCALL: _C.SafeAPI.Execute(["v1.sketch.getPoints",[{"id":24605}]])
[0m[0;32m[2026-09-16 14:19:10.433][VERB] RETURN: {"result":{"centerId":"$24606"}}
[0m[0;32m[2026-09-16 14:19:10.434][VERB] COMMANDCALL: _C.SafeAPI.Execute(["v1.sketch.point",[{"pos":[-1000,-1000,0],"id":24599}]])
[0m[0;32m[2026-09-16 14:19:10.435][VERB] RETURN: {"result":"$24608"}
[0m[0;32m[2026-09-16 14:19:10.435][VERB] COMMANDCALL: _C.SafeAPI.Execute(["v1.sketch.constraint",[{"type":"FIXATION","id":24599,"geomIds":[24608]}]])
[0m[0;32m[2026-09-16 14:19:10.436][VERB] RETURN: {"result":"$24610"}
[0m[0;32m[2026-09-16 14:19:10.436][VERB] COMMANDCALL: _C.SafeAPI.Execute(["v1.sketch.dimension",[{"type":"HORIZONTAL_DISTANCE","value":"@expr.d1428_position_x","name":"position_x","id":24599,"geomIds":[24608,24606]}]])
[0m[0;32m[2026-09-16 14:19:10.441][VERB] RETURN: {"result":"$24614"}
[0m[0;32m[2026-09-16 14:19:10.441][VERB] COMMANDCALL: _C.SafeAPI.Execute(["v1.sketch.dimension",[{"type":"VERTICAL_DISTANCE","value":"@expr.d1429_position_y","name":"position_y","id":24599,"geomIds":[24608,24606]}]])
[0m[0;32m[2026-09-16 14:19:10.447][VERB] RETURN: {"result":"$24618"}
[0m[0;32m[2026-09-16 14:19:10.447][VERB] COMMANDCALL: _C.SafeAPI.Execute(["v1.sketch.dimension",[{"type":"RADIUS","value":"@expr.d1430_radius","name":"radius","id":24599,"geomIds":[24605]}]])
[0m[0;32m[2026-09-16 14:19:10.452][VERB] RETURN: {"result":"$24622"}
[0m[0;32m[2026-09-16 14:19:10.453][VERB] COMMANDCALL: _C.SafeAPI.Execute(["v1.part.extrusion",[{"references":[24605],"name":"F1426_makeCylinder_housing_py_81","taperAngle":0,"limit2":"@expr.d1431_height","id":4}]])
[0m[0;32m[2026-09-16 14:19:10.463][VERB] RETURN: {"result":"$24626"}
[0m[0;32m[2026-09-16 14:19:10.463][VERB] COMMANDCALL: _C.SafeAPI.Execute(["v1.part.boolean",[{"type":"SUBTRACTION","tools":[24626],"target":24581,"name":"F22_cut_housing_py_417_tool_11","id":4}]])
[0m[0;32m[2026-09-16 14:19:10.482][VERB] RETURN: {"result":"$24648"}
[0m[0;32m[2026-09-16 14:19:10.482][VERB] COMMANDCALL: _C.SafeAPI.Execute(["v1.part.workPlane",[{"type":"PLANE","references":[38],"name":"F1432_makeCylinder_housing_py_81_plane","offset":"@expr.d1433_plane_offset","id":4}]])
[0m[0;32m[2026-09-16 14:19:10.490][VERB] RETURN: {"result":"$24660"}
[0m[0;32m[2026-09-16 14:19:10.490][VERB] COMMANDCALL: _C.SafeAPI.Execute(["v1.sketch.create",[{"planeId":24660,"name":"F1432_makeCylinder_housing_py_81_profile","id":4}]])
[0m[0;32m[2026-09-16 14:19:10.493][VERB] RETURN: {"result":"$24666"}
[0m[0;32m[2026-09-16 14:19:10.493][VERB] COMMANDCALL: _C.SafeAPI.Execute(["v1.sketch.circle",[{"radius":0.65,"id":24666,"genFixation":0,"centerPos":[25.4,26.2,0]}]])
[0m[0;32m[2026-09-16 14:19:10.494][VERB] RETURN: {"result":"$24672"}
[0m[0;32m[2026-09-16 14:19:10.494][VERB] COMMANDCALL: _C.SafeAPI.Execute(["v1.sketch.getPoints",[{"id":24672}]])
[0m[0;32m[2026-09-16 14:19:10.494][VERB] RETURN: {"result":{"centerId":"$24673"}}
[0m[0;32m[2026-09-16 14:19:10.495][VERB] COMMANDCALL: _C.SafeAPI.Execute(["v1.sketch.point",[{"pos":[-1000,-1000,0],"id":24666}]])
[0m[0;32m[2026-09-16 14:19:10.496][VERB] RETURN: {"result":"$24675"}
[0m[0;32m[2026-09-16 14:19:10.496][VERB] COMMANDCALL: _C.SafeAPI.Execute(["v1.sketch.constraint",[{"type":"FIXATION","id":24666,"geomIds":[24675]}]])
[0m[0;32m[2026-09-16 14:19:10.497][VERB] RETURN: {"result":"$24677"}
[0m[0;32m[2026-09-16 14:19:10.497][VERB] COMMANDCALL: _C.SafeAPI.Execute(["v1.sketch.dimension",[{"type":"HORIZONTAL_DISTANCE","value":"@expr.d1434_position_x","name":"position_x","id":24666,"geomIds":[24675,24673]}]])
[0m[0;32m[2026-09-16 14:19:10.502][VERB] RETURN: {"result":"$24681"}
[0m[0;32m[2026-09-16 14:19:10.502][VERB] COMMANDCALL: _C.SafeAPI.Execute(["v1.sketch.dimension",[{"type":"VERTICAL_DISTANCE","value":"@expr.d1435_position_y","name":"position_y","id":24666,"geomIds":[24675,24673]}]])
[0m[0;32m[2026-09-16 14:19:10.508][VERB] RETURN: {"result":"$24685"}
[0m[0;32m[2026-09-16 14:19:10.508][VERB] COMMANDCALL: _C.SafeAPI.Execute(["v1.sketch.dimension",[{"type":"RADIUS","value":"@expr.d1436_radius","name":"radius","id":24666,"geomIds":[24672]}]])
[0m[0;32m[2026-09-16 14:19:10.513][VERB] RETURN: {"result":"$24689"}
[0m[0;32m[2026-09-16 14:19:10.514][VERB] COMMANDCALL: _C.SafeAPI.Execute(["v1.part.extrusion",[{"references":[24672],"name":"F1432_makeCylinder_housing_py_81","taperAngle":0,"limit2":"@expr.d1437_height","id":4}]])
[0m[0;32m[2026-09-16 14:19:10.524][VERB] RETURN: {"result":"$24693"}
[0m[0;32m[2026-09-16 14:19:10.524][VERB] COMMANDCALL: _C.SafeAPI.Execute(["v1.part.boolean",[{"type":"SUBTRACTION","tools":[24693],"target":24648,"name":"F22_cut_housing_py_417_tool_12","id":4}]])
[0m[0;32m[2026-09-16 14:19:10.544][VERB] RETURN: {"result":"$24715"}
[0m[0;32m[2026-09-16 14:19:10.544][VERB] COMMANDCALL: _C.SafeAPI.Execute(["v1.part.workCSys",[{"name":"F1438_makeSphere_housing_py_78_datum","offset":[52.1,49,6],"id":4}]])
[0m[0;32m[2026-09-16 14:19:10.551][VERB] RETURN: {"result":"$24727"}
[0m[0;32m[2026-09-16 14:19:10.551][VERB] COMMANDCALL: _C.SafeAPI.Execute(["v1.part.sphere",[{"references":[24727],"name":"F1438_makeSphere_housing_py_78","radius":"@expr.d1439_radius","id":4}]])
[0m[0;32m[2026-09-16 14:19:10.560][VERB] RETURN: {"result":"$24735"}
[0m[0;32m[2026-09-16 14:19:10.560][VERB] COMMANDCALL: _C.SafeAPI.Execute(["v1.part.boolean",[{"type":"SUBTRACTION","tools":[24735],"target":24715,"name":"F21_cut_housing_py_417_tool_0","id":4}]])
[0m[0;32m[2026-09-16 14:19:10.578][VERB] RETURN: {"result":"$24750"}
[0m[0;32m[2026-09-16 14:19:10.578][VERB] COMMANDCALL: _C.SafeAPI.Execute(["v1.part.workCSys",[{"name":"F1440_makeSphere_housing_py_78_datum","offset":[53.7,49,6],"id":4}]])
[0m[0;32m[2026-09-16 14:19:10.585][VERB] RETURN: {"result":"$24762"}
[0m[0;32m[2026-09-16 14:19:10.585][VERB] COMMANDCALL: _C.SafeAPI.Execute(["v1.part.sphere",[{"references":[24762],"name":"F1440_makeSphere_housing_py_78","radius":"@expr.d1441_radius","id":4}]])
[0m[0;32m[2026-09-16 14:19:10.594][VERB] RETURN: {"result":"$24770"}
[0m[0;32m[2026-09-16 14:19:10.595][VERB] COMMANDCALL: _C.SafeAPI.Execute(["v1.part.boolean",[{"type":"SUBTRACTION","tools":[24770],"target":24750,"name":"F21_cut_housing_py_417_tool_1","id":4}]])
[0m[0;32m[2026-09-16 14:19:10.613][VERB] RETURN: {"result":"$24785"}
[0m[0;32m[2026-09-16 14:19:10.613][VERB] COMMANDCALL: _C.SafeAPI.Execute(["v1.part.workCSys",[{"name":"F1442_makeSphere_housing_py_78_datum","offset":[53.7,49,18.5],"id":4}]])
[0m[0;32m[2026-09-16 14:19:10.620][VERB] RETURN: {"result":"$24797"}
[0m[0;32m[2026-09-16 14:19:10.620][VERB] COMMANDCALL: _C.SafeAPI.Execute(["v1.part.sphere",[{"references":[24797],"name":"F1442_makeSphere_housing_py_78","radius":"@expr.d1443_radius","id":4}]])
[0m[0;32m[2026-09-16 14:19:10.629][VERB] RETURN: {"result":"$24805"}
[0m[0;32m[2026-09-16 14:19:10.629][VERB] COMMANDCALL: _C.SafeAPI.Execute(["v1.part.boolean",[{"type":"SUBTRACTION","tools":[24805],"target":24785,"name":"F21_cut_housing_py_417_tool_2","id":4}]])
[0m[0;32m[2026-09-16 14:19:10.647][VERB] RETURN: {"result":"$24820"}
[0m[0;32m[2026-09-16 14:19:10.647][VERB] COMMANDCALL: _C.SafeAPI.Execute(["v1.part.workCSys",[{"name":"F1444_makeSphere_housing_py_78_datum","offset":[51.2,49,18.5],"id":4}]])
[0m[0;32m[2026-09-16 14:19:10.654][VERB] RETURN: {"result":"$24832"}
[0m[0;32m[2026-09-16 14:19:10.654][VERB] COMMANDCALL: _C.SafeAPI.Execute(["v1.part.sphere",[{"references":[24832],"name":"F1444_makeSphere_housing_py_78","radius":"@expr.d1445_radius","id":4}]])
[0m[0;32m[2026-09-16 14:19:10.663][VERB] RETURN: {"result":"$24840"}
[0m[0;32m[2026-09-16 14:19:10.664][VERB] COMMANDCALL: _C.SafeAPI.Execute(["v1.part.boolean",[{"type":"SUBTRACTION","tools":[24840],"target":24820,"name":"F21_cut_housing_py_417_tool_3","id":4}]])
[0m[0;32m[2026-09-16 14:19:10.681][VERB] RETURN: {"result":"$24855"}
[0m[0;32m[2026-09-16 14:19:10.682][VERB] COMMANDCALL: _C.SafeAPI.Execute(["v1.part.workCSys",[{"name":"F1446_makeSphere_housing_py_78_datum","offset":[51.2,43.1,17.15],"id":4}]])
[0m[0;32m[2026-09-16 14:19:10.688][VERB] RETURN: {"result":"$24867"}
[0m[0;32m[2026-09-16 14:19:10.689][VERB] COMMANDCALL: _C.SafeAPI.Execute(["v1.part.sphere",[{"references":[24867],"name":"F1446_makeSphere_housing_py_78","radius":"@expr.d1447_radius","id":4}]])
[0m[0;32m[2026-09-16 14:19:10.697][VERB] RETURN: {"result":"$24875"}
[0m[0;32m[2026-09-16 14:19:10.698][VERB] COMMANDCALL: _C.SafeAPI.Execute(["v1.part.boolean",[{"type":"SUBTRACTION","tools":[24875],"target":24855,"name":"F21_cut_housing_py_417_tool_4","id":4}]])
[0m[0;32m[2026-09-16 14:19:10.717][VERB] RETURN: {"result":"$24890"}
[0m[0;32m[2026-09-16 14:19:10.717][VERB] COMMANDCALL: _C.SafeAPI.Execute(["v1.part.workCSys",[{"name":"F1448_makeSphere_housing_py_78_datum","offset":[28.3,43.1,17.15],"id":4}]])
[0m[0;32m[2026-09-16 14:19:10.724][VERB] RETURN: {"result":"$24902"}
[0m[0;32m[2026-09-16 14:19:10.724][VERB] COMMANDCALL: _C.SafeAPI.Execute(["v1.part.sphere",[{"references":[24902],"name":"F1448_makeSphere_housing_py_78","radius":"@expr.d1449_radius","id":4}]])
[0m[0;32m[2026-09-16 14:19:10.733][VERB] RETURN: {"result":"$24910"}
[0m[0;32m[2026-09-16 14:19:10.733][VERB] COMMANDCALL: _C.SafeAPI.Execute(["v1.part.boolean",[{"type":"SUBTRACTION","tools":[24910],"target":24890,"name":"F21_cut_housing_py_417_tool_5","id":4}]])
[0m[0;32m[2026-09-16 14:19:10.752][VERB] RETURN: {"result":"$24925"}
[0m[0;32m[2026-09-16 14:19:10.752][VERB] COMMANDCALL: _C.SafeAPI.Execute(["v1.part.workCSys",[{"name":"F1450_makeSphere_housing_py_78_datum","offset":[28.3,34.6,18.6],"id":4}]])
[0m[0;32m[2026-09-16 14:19:10.758][VERB] RETURN: {"result":"$24937"}
[0m[0;32m[2026-09-16 14:19:10.759][VERB] COMMANDCALL: _C.SafeAPI.Execute(["v1.part.sphere",[{"references":[24937],"name":"F1450_makeSphere_housing_py_78","radius":"@expr.d1451_radius","id":4}]])
[0m[0;32m[2026-09-16 14:19:10.767][VERB] RETURN: {"result":"$24945"}
[0m[0;32m[2026-09-16 14:19:10.768][VERB] COMMANDCALL: _C.SafeAPI.Execute(["v1.part.boolean",[{"type":"SUBTRACTION","tools":[24945],"target":24925,"name":"F21_cut_housing_py_417_tool_6","id":4}]])
[0m[0;32m[2026-09-16 14:19:10.785][VERB] RETURN: {"result":"$24960"}
[0m[0;32m[2026-09-16 14:19:10.785][VERB] COMMANDCALL: _C.SafeAPI.Execute(["v1.part.workCSys",[{"name":"F1452_makeSphere_housing_py_78_datum","offset":[24.35,34.6,19],"id":4}]])
[0m[0;32m[2026-09-16 14:19:10.792][VERB] RETURN: {"result":"$24972"}
[0m[0;32m[2026-09-16 14:19:10.792][VERB] COMMANDCALL: _C.SafeAPI.Execute(["v1.part.sphere",[{"references":[24972],"name":"F1452_makeSphere_housing_py_78","radius":"@expr.d1453_radius","id":4}]])
[0m[0;32m[2026-09-16 14:19:10.801][VERB] RETURN: {"result":"$24980"}
[0m[0;32m[2026-09-16 14:19:10.802][VERB] COMMANDCALL: _C.SafeAPI.Execute(["v1.part.boolean",[{"type":"SUBTRACTION","tools":[24980],"target":24960,"name":"F21_cut_housing_py_417_tool_7","id":4}]])
[0m[0;32m[2026-09-16 14:19:10.820][VERB] RETURN: {"result":"$24995"}
[0m[0;32m[2026-09-16 14:19:10.821][VERB] COMMANDCALL: _C.SafeAPI.Execute(["v1.part.workPlane",[{"type":"PLANE","references":[46],"name":"F1454_makeCylinder_housing_py_81_plane","offset":"@expr.d1455_plane_offset","id":4}]])
[0m[0;32m[2026-09-16 14:19:10.829][VERB] RETURN: {"result":"$25007"}
[0m[0;32m[2026-09-16 14:19:10.829][VERB] COMMANDCALL: _C.SafeAPI.Execute(["v1.sketch.create",[{"planeId":25007,"name":"F1454_makeCylinder_housing_py_81_profile","id":4}]])
[0m[0;32m[2026-09-16 14:19:10.832][VERB] RETURN: {"result":"$25013"}
[0m[0;32m[2026-09-16 14:19:10.832][VERB] COMMANDCALL: _C.SafeAPI.Execute(["v1.sketch.circle",[{"radius":0.6,"id":25013,"genFixation":0,"centerPos":[6,-49,0]}]])
[0m[0;32m[2026-09-16 14:19:10.835][VERB] RETURN: {"result":"$25019"}
[0m[0;32m[2026-09-16 14:19:10.835][VERB] COMMANDCALL: _C.SafeAPI.Execute(["v1.sketch.getPoints",[{"id":25019}]])
[0m[0;32m[2026-09-16 14:19:10.835][VERB] RETURN: {"result":{"centerId":"$25020"}}
[0m[0;32m[2026-09-16 14:19:10.835][VERB] COMMANDCALL: _C.SafeAPI.Execute(["v1.sketch.point",[{"pos":[-1000,-1000,0],"id":25013}]])
[0m[0;32m[2026-09-16 14:19:10.837][VERB] RETURN: {"result":"$25022"}
[0m[0;32m[2026-09-16 14:19:10.837][VERB] COMMANDCALL: _C.SafeAPI.Execute(["v1.sketch.constraint",[{"type":"FIXATION","id":25013,"geomIds":[25022]}]])
[0m[0;32m[2026-09-16 14:19:10.838][VERB] RETURN: {"result":"$25024"}
[0m[0;32m[2026-09-16 14:19:10.838][VERB] COMMANDCALL: _C.SafeAPI.Execute(["v1.sketch.dimension",[{"type":"HORIZONTAL_DISTANCE","value":"@expr.d1456_position_x","name":"position_x","id":25013,"geomIds":[25022,25020]}]])
[0m[0;32m[2026-09-16 14:19:10.844][VERB] RETURN: {"result":"$25028"}
[0m[0;32m[2026-09-16 14:19:10.844][VERB] COMMANDCALL: _C.SafeAPI.Execute(["v1.sketch.dimension",[{"type":"VERTICAL_DISTANCE","value":"@expr.d1457_position_y","name":"position_y","id":25013,"geomIds":[25022,25020]}]])
[0m[0;32m[2026-09-16 14:19:10.850][VERB] RETURN: {"result":"$25032"}
[0m[0;32m[2026-09-16 14:19:10.850][VERB] COMMANDCALL: _C.SafeAPI.Execute(["v1.sketch.dimension",[{"type":"RADIUS","value":"@expr.d1458_radius","name":"radius","id":25013,"geomIds":[25019]}]])
[0m[0;32m[2026-09-16 14:19:10.857][VERB] RETURN: {"result":"$25036"}
[0m[0;32m[2026-09-16 14:19:10.858][VERB] COMMANDCALL: _C.SafeAPI.Execute(["v1.part.extrusion",[{"references":[25019],"name":"F1454_makeCylinder_housing_py_81","taperAngle":0,"limit2":"@expr.d1459_height","id":4}]])
[0m[0;32m[2026-09-16 14:19:10.869][VERB] RETURN: {"result":"$25040"}
[0m[0;32m[2026-09-16 14:19:10.870][VERB] COMMANDCALL: _C.SafeAPI.Execute(["v1.part.boolean",[{"type":"SUBTRACTION","tools":[25040],"target":24995,"name":"F21_cut_housing_py_417_tool_8","id":4}]])
[0m[0;32m[2026-09-16 14:19:10.889][VERB] RETURN: {"result":"$25062"}
[0m[0;32m[2026-09-16 14:19:10.890][VERB] COMMANDCALL: _C.SafeAPI.Execute(["v1.part.workPlane",[{"type":"PLANE","references":[38],"name":"F1460_makeCylinder_housing_py_81_plane","offset":"@expr.d1461_plane_offset","id":4}]])
[0m[0;32m[2026-09-16 14:19:10.897][VERB] RETURN: {"result":"$25074"}
[0m[0;32m[2026-09-16 14:19:10.898][VERB] COMMANDCALL: _C.SafeAPI.Execute(["v1.sketch.create",[{"planeId":25074,"name":"F1460_makeCylinder_housing_py_81_profile","id":4}]])
[0m[0;32m[2026-09-16 14:19:10.900][VERB] RETURN: {"result":"$25080"}
[0m[0;32m[2026-09-16 14:19:10.901][VERB] COMMANDCALL: _C.SafeAPI.Execute(["v1.sketch.circle",[{"radius":0.6,"id":25080,"genFixation":0,"centerPos":[53.7,49,0]}]])
[0m[0;32m[2026-09-16 14:19:10.902][VERB] RETURN: {"result":"$25086"}
[0m[0;32m[2026-09-16 14:19:10.902][VERB] COMMANDCALL: _C.SafeAPI.Execute(["v1.sketch.getPoints",[{"id":25086}]])
[0m[0;32m[2026-09-16 14:19:10.902][VERB] RETURN: {"result":{"centerId":"$25087"}}
[0m[0;32m[2026-09-16 14:19:10.902][VERB] COMMANDCALL: _C.SafeAPI.Execute(["v1.sketch.point",[{"pos":[-1000,-1000,0],"id":25080}]])
[0m[0;32m[2026-09-16 14:19:10.903][VERB] RETURN: {"result":"$25089"}
[0m[0;32m[2026-09-16 14:19:10.904][VERB] COMMANDCALL: _C.SafeAPI.Execute(["v1.sketch.constraint",[{"type":"FIXATION","id":25080,"geomIds":[25089]}]])
[0m[0;32m[2026-09-16 14:19:10.905][VERB] RETURN: {"result":"$25091"}
[0m[0;32m[2026-09-16 14:19:10.905][VERB] COMMANDCALL: _C.SafeAPI.Execute(["v1.sketch.dimension",[{"type":"HORIZONTAL_DISTANCE","value":"@expr.d1462_position_x","name":"position_x","id":25080,"geomIds":[25089,25087]}]])
[0m[0;32m[2026-09-16 14:19:10.910][VERB] RETURN: {"result":"$25095"}
[0m[0;32m[2026-09-16 14:19:10.910][VERB] COMMANDCALL: _C.SafeAPI.Execute(["v1.sketch.dimension",[{"type":"VERTICAL_DISTANCE","value":"@expr.d1463_position_y","name":"position_y","id":25080,"geomIds":[25089,25087]}]])
[0m[0;32m[2026-09-16 14:19:10.915][VERB] RETURN: {"result":"$25099"}
[0m[0;32m[2026-09-16 14:19:10.916][VERB] COMMANDCALL: _C.SafeAPI.Execute(["v1.sketch.dimension",[{"type":"RADIUS","value":"@expr.d1464_radius","name":"radius","id":25080,"geomIds":[25086]}]])
[0m[0;32m[2026-09-16 14:19:10.922][VERB] RETURN: {"result":"$25103"}
[0m[0;32m[2026-09-16 14:19:10.922][VERB] COMMANDCALL: _C.SafeAPI.Execute(["v1.part.extrusion",[{"references":[25086],"name":"F1460_makeCylinder_housing_py_81","taperAngle":0,"limit2":"@expr.d1465_height","id":4}]])
[0m[0;32m[2026-09-16 14:19:10.933][VERB] RETURN: {"result":"$25107"}
[0m[0;32m[2026-09-16 14:19:10.933][VERB] COMMANDCALL: _C.SafeAPI.Execute(["v1.part.boolean",[{"type":"SUBTRACTION","tools":[25107],"target":25062,"name":"F21_cut_housing_py_417_tool_9","id":4}]])
[0m[0;32m[2026-09-16 14:19:10.953][VERB] RETURN: {"result":"$25129"}
[0m[0;32m[2026-09-16 14:19:10.954][VERB] COMMANDCALL: _C.SafeAPI.Execute(["v1.part.workPlane",[{"type":"PLANE","references":[46],"name":"F1466_makeCylinder_housing_py_81_plane","offset":"@expr.d1467_plane_offset","id":4}]])
[0m[0;32m[2026-09-16 14:19:10.961][VERB] RETURN: {"result":"$25141"}
[0m[0;32m[2026-09-16 14:19:10.962][VERB] COMMANDCALL: _C.SafeAPI.Execute(["v1.sketch.create",[{"planeId":25141,"name":"F1466_makeCylinder_housing_py_81_profile","id":4}]])
[0m[0;32m[2026-09-16 14:19:10.964][VERB] RETURN: {"result":"$25147"}
[0m[0;32m[2026-09-16 14:19:10.964][VERB] COMMANDCALL: _C.SafeAPI.Execute(["v1.sketch.circle",[{"radius":0.6,"id":25147,"genFixation":0,"centerPos":[18.5,-49,0]}]])
[0m[0;32m[2026-09-16 14:19:10.965][VERB] RETURN: {"result":"$25153"}
[0m[0;32m[2026-09-16 14:19:10.966][VERB] COMMANDCALL: _C.SafeAPI.Execute(["v1.sketch.getPoints",[{"id":25153}]])
[0m[0;32m[2026-09-16 14:19:10.966][VERB] RETURN: {"result":{"centerId":"$25154"}}
[0m[0;32m[2026-09-16 14:19:10.966][VERB] COMMANDCALL: _C.SafeAPI.Execute(["v1.sketch.point",[{"pos":[-1000,-1000,0],"id":25147}]])
[0m[0;32m[2026-09-16 14:19:10.967][VERB] RETURN: {"result":"$25156"}
[0m[0;32m[2026-09-16 14:19:10.968][VERB] COMMANDCALL: _C.SafeAPI.Execute(["v1.sketch.constraint",[{"type":"FIXATION","id":25147,"geomIds":[25156]}]])
[0m[0;32m[2026-09-16 14:19:10.969][VERB] RETURN: {"result":"$25158"}
[0m[0;32m[2026-09-16 14:19:10.969][VERB] COMMANDCALL: _C.SafeAPI.Execute(["v1.sketch.dimension",[{"type":"HORIZONTAL_DISTANCE","value":"@expr.d1468_position_x","name":"position_x","id":25147,"geomIds":[25156,25154]}]])
[0m[0;32m[2026-09-16 14:19:10.974][VERB] RETURN: {"result":"$25162"}
[0m[0;32m[2026-09-16 14:19:10.974][VERB] COMMANDCALL: _C.SafeAPI.Execute(["v1.sketch.dimension",[{"type":"VERTICAL_DISTANCE","value":"@expr.d1469_position_y","name":"position_y","id":25147,"geomIds":[25156,25154]}]])
[0m[0;32m[2026-09-16 14:19:10.980][VERB] RETURN: {"result":"$25166"}
[0m[0;32m[2026-09-16 14:19:10.980][VERB] COMMANDCALL: _C.SafeAPI.Execute(["v1.sketch.dimension",[{"type":"RADIUS","value":"@expr.d1470_radius","name":"radius","id":25147,"geomIds":[25153]}]])
[0m[0;32m[2026-09-16 14:19:10.986][VERB] RETURN: {"result":"$25170"}
[0m[0;32m[2026-09-16 14:19:10.987][VERB] COMMANDCALL: _C.SafeAPI.Execute(["v1.part.extrusion",[{"references":[25153],"name":"F1466_makeCylinder_housing_py_81","taperAngle":0,"limit2":"@expr.d1471_height","id":4}]])
[0m[0;32m[2026-09-16 14:19:10.998][VERB] RETURN: {"result":"$25174"}
[0m[0;32m[2026-09-16 14:19:10.998][VERB] COMMANDCALL: _C.SafeAPI.Execute(["v1.part.boolean",[{"type":"SUBTRACTION","tools":[25174],"target":25129,"name":"F21_cut_housing_py_417_tool_10","id":4}]])
[0m[0;32m[2026-09-16 14:19:11.021][VERB] RETURN: {"result":"$25196"}
[0m[0;32m[2026-09-16 14:19:11.022][VERB] COMMANDCALL: _C.SafeAPI.Execute(["v1.part.workPlane",[{"type":"PLANE","references":[38],"name":"F1472_makeCylinder_housing_py_81_local_plane","offset":"@expr.d1473_plane_offset","id":4}]])
[0m[0;32m[2026-09-16 14:19:11.031][VERB] RETURN: {"result":"$25208"}
[0m[0;32m[2026-09-16 14:19:11.032][VERB] COMMANDCALL: _C.SafeAPI.Execute(["v1.sketch.create",[{"planeId":25208,"name":"F1472_makeCylinder_housing_py_81_local_profile","id":4}]])
[0m[0;32m[2026-09-16 14:19:11.035][VERB] RETURN: {"result":"$25214"}
[0m[0;32m[2026-09-16 14:19:11.035][VERB] COMMANDCALL: _C.SafeAPI.Execute(["v1.sketch.circle",[{"radius":0.6,"id":25214,"genFixation":0,"centerPos":[0,0,0]}]])
[0m[0;32m[2026-09-16 14:19:11.037][VERB] RETURN: {"result":"$25220"}
[0m[0;32m[2026-09-16 14:19:11.038][VERB] COMMANDCALL: _C.SafeAPI.Execute(["v1.sketch.getPoints",[{"id":25220}]])
[0m[0;32m[2026-09-16 14:19:11.038][VERB] RETURN: {"result":{"centerId":"$25221"}}
[0m[0;32m[2026-09-16 14:19:11.038][VERB] COMMANDCALL: _C.SafeAPI.Execute(["v1.sketch.point",[{"pos":[-1000,-1000,0],"id":25214}]])
[0m[0;32m[2026-09-16 14:19:11.039][VERB] RETURN: {"result":"$25223"}
[0m[0;32m[2026-09-16 14:19:11.039][VERB] COMMANDCALL: _C.SafeAPI.Execute(["v1.sketch.constraint",[{"type":"FIXATION","id":25214,"geomIds":[25223]}]])
[0m[0;32m[2026-09-16 14:19:11.041][VERB] RETURN: {"result":"$25225"}
[0m[0;32m[2026-09-16 14:19:11.041][VERB] COMMANDCALL: _C.SafeAPI.Execute(["v1.sketch.dimension",[{"type":"HORIZONTAL_DISTANCE","value":"@expr.d1474_position_x","name":"position_x","id":25214,"geomIds":[25223,25221]}]])
[0m[0;32m[2026-09-16 14:19:11.046][VERB] RETURN: {"result":"$25229"}
[0m[0;32m[2026-09-16 14:19:11.047][VERB] COMMANDCALL: _C.SafeAPI.Execute(["v1.sketch.dimension",[{"type":"VERTICAL_DISTANCE","value":"@expr.d1475_position_y","name":"position_y","id":25214,"geomIds":[25223,25221]}]])
[0m[0;32m[2026-09-16 14:19:11.053][VERB] RETURN: {"result":"$25233"}
[0m[0;32m[2026-09-16 14:19:11.054][VERB] COMMANDCALL: _C.SafeAPI.Execute(["v1.sketch.dimension",[{"type":"RADIUS","value":"@expr.d1476_radius","name":"radius","id":25214,"geomIds":[25220]}]])
[0m[0;32m[2026-09-16 14:19:11.061][VERB] RETURN: {"result":"$25237"}
[0m[0;32m[2026-09-16 14:19:11.062][VERB] COMMANDCALL: _C.SafeAPI.Execute(["v1.part.extrusion",[{"references":[25220],"name":"F1472_makeCylinder_housing_py_81_local","taperAngle":0,"limit2":"@expr.d1477_height","id":4}]])
[0m[0;32m[2026-09-16 14:19:11.077][VERB] RETURN: {"result":"$25241"}
[0m[0;32m[2026-09-16 14:19:11.078][VERB] COMMANDCALL: _C.SafeAPI.Execute(["v1.part.workAxis",[{"name":"F1472_makeCylinder_housing_py_81_axis","id":4,"position":[0,0,0],"direction":[5.9,0,0]}]])
[0m[0;32m[2026-09-16 14:19:11.085][VERB] RETURN: {"result":"$25263"}
[0m[0;32m[2026-09-16 14:19:11.086][VERB] COMMANDCALL: _C.SafeAPI.Execute(["v1.part.rotation",[{"targets":[25241],"name":"F1472_makeCylinder_housing_py_81_orientation","id":4,"references":[25263],"angle":1.7957375918461}]])
[0m[0;32m[2026-09-16 14:19:11.094][VERB] RETURN: {"result":"$25271"}
[0m[0;32m[2026-09-16 14:19:11.095][VERB] COMMANDCALL: _C.SafeAPI.Execute(["v1.part.translation",[{"references":[26],"name":"F1472_makeCylinder_housing_py_81_0","id":4,"targets":[25271],"distance":"@expr.d1478_position"}]])
[0m[0;32m[2026-09-16 14:19:11.104][VERB] RETURN: {"result":"$25282"}
[0m[0;32m[2026-09-16 14:19:11.104][VERB] COMMANDCALL: _C.SafeAPI.Execute(["v1.part.translation",[{"references":[30],"name":"F1472_makeCylinder_housing_py_81_1","id":4,"targets":[25282],"distance":"@expr.d1479_position"}]])
[0m[0;32m[2026-09-16 14:19:11.113][VERB] RETURN: {"result":"$25293"}
[0m[0;32m[2026-09-16 14:19:11.114][VERB] COMMANDCALL: _C.SafeAPI.Execute(["v1.part.translation",[{"references":[34],"name":"F1472_makeCylinder_housing_py_81_2","id":4,"targets":[25293],"distance":"@expr.d1480_position"}]])
[0m[0;32m[2026-09-16 14:19:11.123][VERB] RETURN: {"result":"$25304"}
[0m[0;32m[2026-09-16 14:19:11.123][VERB] COMMANDCALL: _C.SafeAPI.Execute(["v1.part.boolean",[{"type":"SUBTRACTION","tools":[25304],"target":25196,"name":"F21_cut_housing_py_417_tool_11","id":4}]])
[0m[0;32m[2026-09-16 14:19:11.143][VERB] RETURN: {"result":"$25315"}
[0m[0;32m[2026-09-16 14:19:11.144][VERB] COMMANDCALL: _C.SafeAPI.Execute(["v1.part.workPlane",[{"type":"PLANE","references":[46],"name":"F1481_makeCylinder_housing_py_81_plane","offset":"@expr.d1482_plane_offset","id":4}]])
[0m[0;32m[2026-09-16 14:19:11.152][VERB] RETURN: {"result":"$25327"}
[0m[0;32m[2026-09-16 14:19:11.152][VERB] COMMANDCALL: _C.SafeAPI.Execute(["v1.sketch.create",[{"planeId":25327,"name":"F1481_makeCylinder_housing_py_81_profile","id":4}]])
[0m[0;32m[2026-09-16 14:19:11.155][VERB] RETURN: {"result":"$25333"}
[0m[0;32m[2026-09-16 14:19:11.155][VERB] COMMANDCALL: _C.SafeAPI.Execute(["v1.sketch.circle",[{"radius":0.6,"id":25333,"genFixation":0,"centerPos":[17.15,-43.1,0]}]])
[0m[0;32m[2026-09-16 14:19:11.156][VERB] RETURN: {"result":"$25339"}
[0m[0;32m[2026-09-16 14:19:11.156][VERB] COMMANDCALL: _C.SafeAPI.Execute(["v1.sketch.getPoints",[{"id":25339}]])
[0m[0;32m[2026-09-16 14:19:11.157][VERB] RETURN: {"result":{"centerId":"$25340"}}
[0m[0;32m[2026-09-16 14:19:11.157][VERB] COMMANDCALL: _C.SafeAPI.Execute(["v1.sketch.point",[{"pos":[-1000,-1000,0],"id":25333}]])
[0m[0;32m[2026-09-16 14:19:11.158][VERB] RETURN: {"result":"$25342"}
[0m[0;32m[2026-09-16 14:19:11.158][VERB] COMMANDCALL: _C.SafeAPI.Execute(["v1.sketch.constraint",[{"type":"FIXATION","id":25333,"geomIds":[25342]}]])
[0m[0;32m[2026-09-16 14:19:11.159][VERB] RETURN: {"result":"$25344"}
[0m[0;32m[2026-09-16 14:19:11.160][VERB] COMMANDCALL: _C.SafeAPI.Execute(["v1.sketch.dimension",[{"type":"HORIZONTAL_DISTANCE","value":"@expr.d1483_position_x","name":"position_x","id":25333,"geomIds":[25342,25340]}]])
[0m[0;32m[2026-09-16 14:19:11.164][VERB] RETURN: {"result":"$25348"}
[0m[0;32m[2026-09-16 14:19:11.165][VERB] COMMANDCALL: _C.SafeAPI.Execute(["v1.sketch.dimension",[{"type":"VERTICAL_DISTANCE","value":"@expr.d1484_position_y","name":"position_y","id":25333,"geomIds":[25342,25340]}]])
[0m[0;32m[2026-09-16 14:19:11.171][VERB] RETURN: {"result":"$25352"}
[0m[0;32m[2026-09-16 14:19:11.171][VERB] COMMANDCALL: _C.SafeAPI.Execute(["v1.sketch.dimension",[{"type":"RADIUS","value":"@expr.d1485_radius","name":"radius","id":25333,"geomIds":[25339]}]])
[0m[0;32m[2026-09-16 14:19:11.177][VERB] RETURN: {"result":"$25356"}
[0m[0;32m[2026-09-16 14:19:11.177][VERB] COMMANDCALL: _C.SafeAPI.Execute(["v1.part.extrusion",[{"references":[25339],"name":"F1481_makeCylinder_housing_py_81","taperAngle":0,"limit2":"@expr.d1486_height","id":4}]])
[0m[0;32m[2026-09-16 14:19:11.188][VERB] RETURN: {"result":"$25360"}
[0m[0;32m[2026-09-16 14:19:11.188][VERB] COMMANDCALL: _C.SafeAPI.Execute(["v1.part.boolean",[{"type":"SUBTRACTION","tools":[25360],"target":25315,"name":"F21_cut_housing_py_417_tool_12","id":4}]])
[0m[0;32m[2026-09-16 14:19:11.208][VERB] RETURN: {"result":"$25382"}
[0m[0;32m[2026-09-16 14:19:11.208][VERB] COMMANDCALL: _C.SafeAPI.Execute(["v1.part.workPlane",[{"type":"PLANE","references":[38],"name":"F1487_makeCylinder_housing_py_81_local_plane","offset":"@expr.d1488_plane_offset","id":4}]])
[0m[0;32m[2026-09-16 14:19:11.216][VERB] RETURN: {"result":"$25394"}
[0m[0;32m[2026-09-16 14:19:11.216][VERB] COMMANDCALL: _C.SafeAPI.Execute(["v1.sketch.create",[{"planeId":25394,"name":"F1487_makeCylinder_housing_py_81_local_profile","id":4}]])
[0m[0;32m[2026-09-16 14:19:11.219][VERB] RETURN: {"result":"$25400"}
[0m[0;32m[2026-09-16 14:19:11.219][VERB] COMMANDCALL: _C.SafeAPI.Execute(["v1.sketch.circle",[{"radius":0.6,"id":25400,"genFixation":0,"centerPos":[0,0,0]}]])
[0m[0;32m[2026-09-16 14:19:11.220][VERB] RETURN: {"result":"$25406"}
[0m[0;32m[2026-09-16 14:19:11.220][VERB] COMMANDCALL: _C.SafeAPI.Execute(["v1.sketch.getPoints",[{"id":25406}]])
[0m[0;32m[2026-09-16 14:19:11.220][VERB] RETURN: {"result":{"centerId":"$25407"}}
[0m[0;32m[2026-09-16 14:19:11.220][VERB] COMMANDCALL: _C.SafeAPI.Execute(["v1.sketch.point",[{"pos":[-1000,-1000,0],"id":25400}]])
[0m[0;32m[2026-09-16 14:19:11.221][VERB] RETURN: {"result":"$25409"}
[0m[0;32m[2026-09-16 14:19:11.222][VERB] COMMANDCALL: _C.SafeAPI.Execute(["v1.sketch.constraint",[{"type":"FIXATION","id":25400,"geomIds":[25409]}]])
[0m[0;32m[2026-09-16 14:19:11.223][VERB] RETURN: {"result":"$25411"}
[0m[0;32m[2026-09-16 14:19:11.223][VERB] COMMANDCALL: _C.SafeAPI.Execute(["v1.sketch.dimension",[{"type":"HORIZONTAL_DISTANCE","value":"@expr.d1489_position_x","name":"position_x","id":25400,"geomIds":[25409,25407]}]])
[0m[0;32m[2026-09-16 14:19:11.228][VERB] RETURN: {"result":"$25415"}
[0m[0;32m[2026-09-16 14:19:11.228][VERB] COMMANDCALL: _C.SafeAPI.Execute(["v1.sketch.dimension",[{"type":"VERTICAL_DISTANCE","value":"@expr.d1490_position_y","name":"position_y","id":25400,"geomIds":[25409,25407]}]])
[0m[0;32m[2026-09-16 14:19:11.233][VERB] RETURN: {"result":"$25419"}
[0m[0;32m[2026-09-16 14:19:11.234][VERB] COMMANDCALL: _C.SafeAPI.Execute(["v1.sketch.dimension",[{"type":"RADIUS","value":"@expr.d1491_radius","name":"radius","id":25400,"geomIds":[25406]}]])
[0m[0;32m[2026-09-16 14:19:11.239][VERB] RETURN: {"result":"$25423"}
[0m[0;32m[2026-09-16 14:19:11.240][VERB] COMMANDCALL: _C.SafeAPI.Execute(["v1.part.extrusion",[{"references":[25406],"name":"F1487_makeCylinder_housing_py_81_local","taperAngle":0,"limit2":"@expr.d1492_height","id":4}]])
[0m[0;32m[2026-09-16 14:19:11.251][VERB] RETURN: {"result":"$25427"}
[0m[0;32m[2026-09-16 14:19:11.251][VERB] COMMANDCALL: _C.SafeAPI.Execute(["v1.part.workAxis",[{"name":"F1487_makeCylinder_housing_py_81_axis","id":4,"position":[0,0,0],"direction":[8.5,0,0]}]])
[0m[0;32m[2026-09-16 14:19:11.258][VERB] RETURN: {"result":"$25449"}
[0m[0;32m[2026-09-16 14:19:11.258][VERB] COMMANDCALL: _C.SafeAPI.Execute(["v1.part.rotation",[{"targets":[25427],"name":"F1487_makeCylinder_housing_py_81_orientation","id":4,"references":[25449],"angle":1.4018345124753}]])
[0m[0;32m[2026-09-16 14:19:11.266][VERB] RETURN: {"result":"$25457"}
[0m[0;32m[2026-09-16 14:19:11.266][VERB] COMMANDCALL: _C.SafeAPI.Execute(["v1.part.translation",[{"references":[26],"name":"F1487_makeCylinder_housing_py_81_0","id":4,"targets":[25457],"distance":"@expr.d1493_position"}]])
[0m[0;32m[2026-09-16 14:19:11.275][VERB] RETURN: {"result":"$25468"}
[0m[0;32m[2026-09-16 14:19:11.275][VERB] COMMANDCALL: _C.SafeAPI.Execute(["v1.part.translation",[{"references":[30],"name":"F1487_makeCylinder_housing_py_81_1","id":4,"targets":[25468],"distance":"@expr.d1494_position"}]])
[0m[0;32m[2026-09-16 14:19:11.285][VERB] RETURN: {"result":"$25479"}
[0m[0;32m[2026-09-16 14:19:11.285][VERB] COMMANDCALL: _C.SafeAPI.Execute(["v1.part.translation",[{"references":[34],"name":"F1487_makeCylinder_housing_py_81_2","id":4,"targets":[25479],"distance":"@expr.d1495_position"}]])
[0m[0;32m[2026-09-16 14:19:11.293][VERB] RETURN: {"result":"$25490"}
[0m[0;32m[2026-09-16 14:19:11.294][VERB] COMMANDCALL: _C.SafeAPI.Execute(["v1.part.boolean",[{"type":"SUBTRACTION","tools":[25490],"target":25382,"name":"F21_cut_housing_py_417_tool_13","id":4}]])
[0m[0;32m[2026-09-16 14:19:11.313][VERB] RETURN: {"result":"$25501"}
[0m[0;32m[2026-09-16 14:19:11.313][VERB] COMMANDCALL: _C.SafeAPI.Execute(["v1.part.workPlane",[{"type":"PLANE","references":[38],"name":"F1496_makeCylinder_housing_py_81_local_plane","offset":"@expr.d1497_plane_offset","id":4}]])
[0m[0;32m[2026-09-16 14:19:11.321][VERB] RETURN: {"result":"$25513"}
[0m[0;32m[2026-09-16 14:19:11.321][VERB] COMMANDCALL: _C.SafeAPI.Execute(["v1.sketch.create",[{"planeId":25513,"name":"F1496_makeCylinder_housing_py_81_local_profile","id":4}]])
[0m[0;32m[2026-09-16 14:19:11.324][VERB] RETURN: {"result":"$25519"}
[0m[0;32m[2026-09-16 14:19:11.324][VERB] COMMANDCALL: _C.SafeAPI.Execute(["v1.sketch.circle",[{"radius":0.6,"id":25519,"genFixation":0,"centerPos":[0,0,0]}]])
[0m[0;32m[2026-09-16 14:19:11.325][VERB] RETURN: {"result":"$25525"}
[0m[0;32m[2026-09-16 14:19:11.326][VERB] COMMANDCALL: _C.SafeAPI.Execute(["v1.sketch.getPoints",[{"id":25525}]])
[0m[0;32m[2026-09-16 14:19:11.326][VERB] RETURN: {"result":{"centerId":"$25526"}}
[0m[0;32m[2026-09-16 14:19:11.326][VERB] COMMANDCALL: _C.SafeAPI.Execute(["v1.sketch.point",[{"pos":[-1000,-1000,0],"id":25519}]])
[0m[0;32m[2026-09-16 14:19:11.327][VERB] RETURN: {"result":"$25528"}
[0m[0;32m[2026-09-16 14:19:11.327][VERB] COMMANDCALL: _C.SafeAPI.Execute(["v1.sketch.constraint",[{"type":"FIXATION","id":25519,"geomIds":[25528]}]])
[0m[0;32m[2026-09-16 14:19:11.328][VERB] RETURN: {"result":"$25530"}
[0m[0;32m[2026-09-16 14:19:11.328][VERB] COMMANDCALL: _C.SafeAPI.Execute(["v1.sketch.dimension",[{"type":"HORIZONTAL_DISTANCE","value":"@expr.d1498_position_x","name":"position_x","id":25519,"geomIds":[25528,25526]}]])
[0m[0;32m[2026-09-16 14:19:11.333][VERB] RETURN: {"result":"$25534"}
[0m[0;32m[2026-09-16 14:19:11.333][VERB] COMMANDCALL: _C.SafeAPI.Execute(["v1.sketch.dimension",[{"type":"VERTICAL_DISTANCE","value":"@expr.d1499_position_y","name":"position_y","id":25519,"geomIds":[25528,25526]}]])
[0m[0;32m[2026-09-16 14:19:11.339][VERB] RETURN: {"result":"$25538"}
[0m[0;32m[2026-09-16 14:19:11.339][VERB] COMMANDCALL: _C.SafeAPI.Execute(["v1.sketch.dimension",[{"type":"RADIUS","value":"@expr.d1500_radius","name":"radius","id":25519,"geomIds":[25525]}]])
[0m[0;32m[2026-09-16 14:19:11.345][VERB] RETURN: {"result":"$25542"}
[0m[0;32m[2026-09-16 14:19:11.345][VERB] COMMANDCALL: _C.SafeAPI.Execute(["v1.part.extrusion",[{"references":[25525],"name":"F1496_makeCylinder_housing_py_81_local","taperAngle":0,"limit2":"@expr.d1501_height","id":4}]])
[0m[0;32m[2026-09-16 14:19:11.356][VERB] RETURN: {"result":"$25546"}
[0m[0;32m[2026-09-16 14:19:11.356][VERB] COMMANDCALL: _C.SafeAPI.Execute(["v1.part.workAxis",[{"name":"F1496_makeCylinder_housing_py_81_axis","id":4,"position":[0,0,0],"direction":[0,-3.95,0]}]])
[0m[0;32m[2026-09-16 14:19:11.363][VERB] RETURN: {"result":"$25568"}
[0m[0;32m[2026-09-16 14:19:11.363][VERB] COMMANDCALL: _C.SafeAPI.Execute(["v1.part.rotation",[{"targets":[25546],"name":"F1496_makeCylinder_housing_py_81_orientation","id":4,"references":[25568],"angle":1.4698745421276}]])
[0m[0;32m[2026-09-16 14:19:11.371][VERB] RETURN: {"result":"$25576"}
[0m[0;32m[2026-09-16 14:19:11.371][VERB] COMMANDCALL: _C.SafeAPI.Execute(["v1.part.translation",[{"references":[26],"name":"F1496_makeCylinder_housing_py_81_0","id":4,"targets":[25576],"distance":"@expr.d1502_position"}]])
[0m[0;32m[2026-09-16 14:19:11.380][VERB] RETURN: {"result":"$25587"}
[0m[0;32m[2026-09-16 14:19:11.380][VERB] COMMANDCALL: _C.SafeAPI.Execute(["v1.part.translation",[{"references":[30],"name":"F1496_makeCylinder_housing_py_81_1","id":4,"targets":[25587],"distance":"@expr.d1503_position"}]])
[0m[0;32m[2026-09-16 14:19:11.389][VERB] RETURN: {"result":"$25598"}
[0m[0;32m[2026-09-16 14:19:11.389][VERB] COMMANDCALL: _C.SafeAPI.Execute(["v1.part.translation",[{"references":[34],"name":"F1496_makeCylinder_housing_py_81_2","id":4,"targets":[25598],"distance":"@expr.d1504_position"}]])
[0m[0;32m[2026-09-16 14:19:11.397][VERB] RETURN: {"result":"$25609"}
[0m[0;32m[2026-09-16 14:19:11.398][VERB] COMMANDCALL: _C.SafeAPI.Execute(["v1.part.boolean",[{"type":"SUBTRACTION","tools":[25609],"target":25501,"name":"F21_cut_housing_py_417_tool_14","id":4}]])
[0m[0;32m[2026-09-16 14:19:11.418][VERB] RETURN: {"result":"$25620"}
[0m[0;32m[2026-09-16 14:19:11.418][VERB] COMMANDCALL: _C.SafeAPI.Execute(["v1.part.workCSys",[{"name":"F1505_makeSphere_housing_py_78_datum","offset":[40.8,49,18.5],"id":4}]])
[0m[0;32m[2026-09-16 14:19:11.425][VERB] RETURN: {"result":"$25632"}
[0m[0;32m[2026-09-16 14:19:11.425][VERB] COMMANDCALL: _C.SafeAPI.Execute(["v1.part.sphere",[{"references":[25632],"name":"F1505_makeSphere_housing_py_78","radius":"@expr.d1506_radius","id":4}]])
[0m[0;32m[2026-09-16 14:19:11.435][VERB] RETURN: {"result":"$25640"}
[0m[0;32m[2026-09-16 14:19:11.435][VERB] COMMANDCALL: _C.SafeAPI.Execute(["v1.part.boolean",[{"type":"SUBTRACTION","tools":[25640],"target":25620,"name":"F20_cut_housing_py_417_tool_0","id":4}]])
[0m[0;32m[2026-09-16 14:19:11.453][VERB] RETURN: {"result":"$25655"}
[0m[0;32m[2026-09-16 14:19:11.453][VERB] COMMANDCALL: _C.SafeAPI.Execute(["v1.part.workCSys",[{"name":"F1507_makeSphere_housing_py_78_datum","offset":[51.2,49,18.5],"id":4}]])
[0m[0;32m[2026-09-16 14:19:11.460][VERB] RETURN: {"result":"$25667"}
[0m[0;32m[2026-09-16 14:19:11.460][VERB] COMMANDCALL: _C.SafeAPI.Execute(["v1.part.sphere",[{"references":[25667],"name":"F1507_makeSphere_housing_py_78","radius":"@expr.d1508_radius","id":4}]])
[0m[0;32m[2026-09-16 14:19:11.470][VERB] RETURN: {"result":"$25675"}
[0m[0;32m[2026-09-16 14:19:11.470][VERB] COMMANDCALL: _C.SafeAPI.Execute(["v1.part.boolean",[{"type":"SUBTRACTION","tools":[25675],"target":25655,"name":"F20_cut_housing_py_417_tool_1","id":4}]])
[0m[0;32m[2026-09-16 14:19:11.490][VERB] RETURN: {"result":"$25690"}
[0m[0;32m[2026-09-16 14:19:11.491][VERB] COMMANDCALL: _C.SafeAPI.Execute(["v1.part.workCSys",[{"name":"F1509_makeSphere_housing_py_78_datum","offset":[51.2,42.5,18.5],"id":4}]])
[0m[0;32m[2026-09-16 14:19:11.498][VERB] RETURN: {"result":"$25702"}
[0m[0;32m[2026-09-16 14:19:11.499][VERB] COMMANDCALL: _C.SafeAPI.Execute(["v1.part.sphere",[{"references":[25702],"name":"F1509_makeSphere_housing_py_78","radius":"@expr.d1510_radius","id":4}]])
[0m[0;32m[2026-09-16 14:19:11.512][VERB] RETURN: {"result":"$25710"}
[0m[0;32m[2026-09-16 14:19:11.512][VERB] COMMANDCALL: _C.SafeAPI.Execute(["v1.part.boolean",[{"type":"SUBTRACTION","tools":[25710],"target":25690,"name":"F20_cut_housing_py_417_tool_2","id":4}]])
[0m[0;32m[2026-09-16 14:19:11.531][VERB] RETURN: {"result":"$25725"}
[0m[0;32m[2026-09-16 14:19:11.531][VERB] COMMANDCALL: _C.SafeAPI.Execute(["v1.part.workCSys",[{"name":"F1511_makeSphere_housing_py_78_datum","offset":[49.8,42.5,21.4],"id":4}]])
[0m[0;32m[2026-09-16 14:19:11.538][VERB] RETURN: {"result":"$25737"}
[0m[0;32m[2026-09-16 14:19:11.539][VERB] COMMANDCALL: _C.SafeAPI.Execute(["v1.part.sphere",[{"references":[25737],"name":"F1511_makeSphere_housing_py_78","radius":"@expr.d1512_radius","id":4}]])
[0m[0;32m[2026-09-16 14:19:11.547][VERB] RETURN: {"result":"$25745"}
[0m[0;32m[2026-09-16 14:19:11.548][VERB] COMMANDCALL: _C.SafeAPI.Execute(["v1.part.boolean",[{"type":"SUBTRACTION","tools":[25745],"target":25725,"name":"F20_cut_housing_py_417_tool_3","id":4}]])
[0m[0;32m[2026-09-16 14:19:11.566][VERB] RETURN: {"result":"$25760"}
[0m[0;32m[2026-09-16 14:19:11.566][VERB] COMMANDCALL: _C.SafeAPI.Execute(["v1.part.workCSys",[{"name":"F1513_makeSphere_housing_py_78_datum","offset":[49.8,23,21.4],"id":4}]])
[0m[0;32m[2026-09-16 14:19:11.573][VERB] RETURN: {"result":"$25772"}
[0m[0;32m[2026-09-16 14:19:11.574][VERB] COMMANDCALL: _C.SafeAPI.Execute(["v1.part.sphere",[{"references":[25772],"name":"F1513_makeSphere_housing_py_78","radius":"@expr.d1514_radius","id":4}]])
[0m[0;32m[2026-09-16 14:19:11.583][VERB] RETURN: {"result":"$25780"}
[0m[0;32m[2026-09-16 14:19:11.583][VERB] COMMANDCALL: _C.SafeAPI.Execute(["v1.part.boolean",[{"type":"SUBTRACTION","tools":[25780],"target":25760,"name":"F20_cut_housing_py_417_tool_4","id":4}]])
[0m[0;32m[2026-09-16 14:19:11.602][VERB] RETURN: {"result":"$25795"}
[0m[0;32m[2026-09-16 14:19:11.603][VERB] COMMANDCALL: _C.SafeAPI.Execute(["v1.part.workCSys",[{"name":"F1515_makeSphere_housing_py_78_datum","offset":[46,23,18],"id":4}]])
[0m[0;32m[2026-09-16 14:19:11.611][VERB] RETURN: {"result":"$25807"}
[0m[0;32m[2026-09-16 14:19:11.611][VERB] COMMANDCALL: _C.SafeAPI.Execute(["v1.part.sphere",[{"references":[25807],"name":"F1515_makeSphere_housing_py_78","radius":"@expr.d1516_radius","id":4}]])
[0m[0;32m[2026-09-16 14:19:11.621][VERB] RETURN: {"result":"$25815"}
[0m[0;32m[2026-09-16 14:19:11.621][VERB] COMMANDCALL: _C.SafeAPI.Execute(["v1.part.boolean",[{"type":"SUBTRACTION","tools":[25815],"target":25795,"name":"F20_cut_housing_py_417_tool_5","id":4}]])
[0m[0;32m[2026-09-16 14:19:11.640][VERB] RETURN: {"result":"$25830"}
[0m[0;32m[2026-09-16 14:19:11.640][VERB] COMMANDCALL: _C.SafeAPI.Execute(["v1.part.workCSys",[{"name":"F1517_makeSphere_housing_py_78_datum","offset":[46,23,13.3],"id":4}]])
[0m[0;32m[2026-09-16 14:19:11.647][VERB] RETURN: {"result":"$25842"}
[0m[0;32m[2026-09-16 14:19:11.648][VERB] COMMANDCALL: _C.SafeAPI.Execute(["v1.part.sphere",[{"references":[25842],"name":"F1517_makeSphere_housing_py_78","radius":"@expr.d1518_radius","id":4}]])
[0m[0;32m[2026-09-16 14:19:11.658][VERB] RETURN: {"result":"$25850"}
[0m[0;32m[2026-09-16 14:19:11.658][VERB] COMMANDCALL: _C.SafeAPI.Execute(["v1.part.boolean",[{"type":"SUBTRACTION","tools":[25850],"target":25830,"name":"F20_cut_housing_py_417_tool_6","id":4}]])
[0m[0;32m[2026-09-16 14:19:11.677][VERB] RETURN: {"result":"$25865"}
[0m[0;32m[2026-09-16 14:19:11.678][VERB] COMMANDCALL: _C.SafeAPI.Execute(["v1.part.workPlane",[{"type":"PLANE","references":[46],"name":"F1519_makeCylinder_housing_py_81_plane","offset":"@expr.d1520_plane_offset","id":4}]])
[0m[0;32m[2026-09-16 14:19:11.686][VERB] RETURN: {"result":"$25877"}
[0m[0;32m[2026-09-16 14:19:11.687][VERB] COMMANDCALL: _C.SafeAPI.Execute(["v1.sketch.create",[{"planeId":25877,"name":"F1519_makeCylinder_housing_py_81_profile","id":4}]])
[0m[0;32m[2026-09-16 14:19:11.689][VERB] RETURN: {"result":"$25883"}
[0m[0;32m[2026-09-16 14:19:11.689][VERB] COMMANDCALL: _C.SafeAPI.Execute(["v1.sketch.circle",[{"radius":0.65,"id":25883,"genFixation":0,"centerPos":[18.5,-49,0]}]])
[0m[0;32m[2026-09-16 14:19:11.691][VERB] RETURN: {"result":"$25889"}
[0m[0;32m[2026-09-16 14:19:11.691][VERB] COMMANDCALL: _C.SafeAPI.Execute(["v1.sketch.getPoints",[{"id":25889}]])
[0m[0;32m[2026-09-16 14:19:11.692][VERB] RETURN: {"result":{"centerId":"$25890"}}
[0m[0;32m[2026-09-16 14:19:11.692][VERB] COMMANDCALL: _C.SafeAPI.Execute(["v1.sketch.point",[{"pos":[-1000,-1000,0],"id":25883}]])
[0m[0;32m[2026-09-16 14:19:11.693][VERB] RETURN: {"result":"$25892"}
[0m[0;32m[2026-09-16 14:19:11.693][VERB] COMMANDCALL: _C.SafeAPI.Execute(["v1.sketch.constraint",[{"type":"FIXATION","id":25883,"geomIds":[25892]}]])
[0m[0;32m[2026-09-16 14:19:11.695][VERB] RETURN: {"result":"$25894"}
[0m[0;32m[2026-09-16 14:19:11.695][VERB] COMMANDCALL: _C.SafeAPI.Execute(["v1.sketch.dimension",[{"type":"HORIZONTAL_DISTANCE","value":"@expr.d1521_position_x","name":"position_x","id":25883,"geomIds":[25892,25890]}]])
[0m[0;32m[2026-09-16 14:19:11.701][VERB] RETURN: {"result":"$25898"}
[0m[0;32m[2026-09-16 14:19:11.701][VERB] COMMANDCALL: _C.SafeAPI.Execute(["v1.sketch.dimension",[{"type":"VERTICAL_DISTANCE","value":"@expr.d1522_position_y","name":"position_y","id":25883,"geomIds":[25892,25890]}]])
[0m[0;32m[2026-09-16 14:19:11.709][VERB] RETURN: {"result":"$25902"}
[0m[0;32m[2026-09-16 14:19:11.709][VERB] COMMANDCALL: _C.SafeAPI.Execute(["v1.sketch.dimension",[{"type":"RADIUS","value":"@expr.d1523_radius","name":"radius","id":25883,"geomIds":[25889]}]])
[0m[0;32m[2026-09-16 14:19:11.716][VERB] RETURN: {"result":"$25906"}
[0m[0;32m[2026-09-16 14:19:11.716][VERB] COMMANDCALL: _C.SafeAPI.Execute(["v1.part.extrusion",[{"references":[25889],"name":"F1519_makeCylinder_housing_py_81","taperAngle":0,"limit2":"@expr.d1524_height","id":4}]])
[0m[0;32m[2026-09-16 14:19:11.731][VERB] RETURN: {"result":"$25910"}
[0m[0;32m[2026-09-16 14:19:11.732][VERB] COMMANDCALL: _C.SafeAPI.Execute(["v1.part.boolean",[{"type":"SUBTRACTION","tools":[25910],"target":25865,"name":"F20_cut_housing_py_417_tool_7","id":4}]])
[0m[0;32m[2026-09-16 14:19:11.757][VERB] RETURN: {"result":"$25932"}
[0m[0;32m[2026-09-16 14:19:11.758][VERB] COMMANDCALL: _C.SafeAPI.Execute(["v1.part.workPlane",[{"type":"PLANE","references":[42],"name":"F1525_makeCylinder_housing_py_81_plane","offset":"@expr.d1526_plane_offset","id":4}]])
[0m[0;32m[2026-09-16 14:19:11.767][VERB] RETURN: {"result":"$25944"}
[0m[0;32m[2026-09-16 14:19:11.768][VERB] COMMANDCALL: _C.SafeAPI.Execute(["v1.sketch.create",[{"planeId":25944,"name":"F1525_makeCylinder_housing_py_81_profile","id":4}]])
[0m[0;32m[2026-09-16 14:19:11.770][VERB] RETURN: {"result":"$25950"}
[0m[0;32m[2026-09-16 14:19:11.770][VERB] COMMANDCALL: _C.SafeAPI.Execute(["v1.sketch.circle",[{"radius":0.65,"id":25950,"genFixation":0,"centerPos":[51.2,-18.5,0]}]])
[0m[0;32m[2026-09-16 14:19:11.772][VERB] RETURN: {"result":"$25956"}
[0m[0;32m[2026-09-16 14:19:11.772][VERB] COMMANDCALL: _C.SafeAPI.Execute(["v1.sketch.getPoints",[{"id":25956}]])
[0m[0;32m[2026-09-16 14:19:11.772][VERB] RETURN: {"result":{"centerId":"$25957"}}
[0m[0;32m[2026-09-16 14:19:11.772][VERB] COMMANDCALL: _C.SafeAPI.Execute(["v1.sketch.point",[{"pos":[-1000,-1000,0],"id":25950}]])
[0m[0;32m[2026-09-16 14:19:11.773][VERB] RETURN: {"result":"$25959"}
[0m[0;32m[2026-09-16 14:19:11.773][VERB] COMMANDCALL: _C.SafeAPI.Execute(["v1.sketch.constraint",[{"type":"FIXATION","id":25950,"geomIds":[25959]}]])
[0m[0;32m[2026-09-16 14:19:11.775][VERB] RETURN: {"result":"$25961"}
[0m[0;32m[2026-09-16 14:19:11.775][VERB] COMMANDCALL: _C.SafeAPI.Execute(["v1.sketch.dimension",[{"type":"HORIZONTAL_DISTANCE","value":"@expr.d1527_position_x","name":"position_x","id":25950,"geomIds":[25959,25957]}]])
[0m[0;32m[2026-09-16 14:19:11.780][VERB] RETURN: {"result":"$25965"}
[0m[0;32m[2026-09-16 14:19:11.780][VERB] COMMANDCALL: _C.SafeAPI.Execute(["v1.sketch.dimension",[{"type":"VERTICAL_DISTANCE","value":"@expr.d1528_position_y","name":"position_y","id":25950,"geomIds":[25959,25957]}]])
[0m[0;32m[2026-09-16 14:19:11.786][VERB] RETURN: {"result":"$25969"}
[0m[0;32m[2026-09-16 14:19:11.786][VERB] COMMANDCALL: _C.SafeAPI.Execute(["v1.sketch.dimension",[{"type":"RADIUS","value":"@expr.d1529_radius","name":"radius","id":25950,"geomIds":[25956]}]])
[0m[0;32m[2026-09-16 14:19:11.792][VERB] RETURN: {"result":"$25973"}
[0m[0;32m[2026-09-16 14:19:11.793][VERB] COMMANDCALL: _C.SafeAPI.Execute(["v1.part.extrusion",[{"references":[25956],"name":"F1525_makeCylinder_housing_py_81","taperAngle":0,"limit2":"@expr.d1530_height","id":4}]])
[0m[0;32m[2026-09-16 14:19:11.804][VERB] RETURN: {"result":"$25977"}
[0m[0;32m[2026-09-16 14:19:11.804][VERB] COMMANDCALL: _C.SafeAPI.Execute(["v1.part.boolean",[{"type":"SUBTRACTION","tools":[25977],"target":25932,"name":"F20_cut_housing_py_417_tool_8","id":4}]])
[0m[0;32m[2026-09-16 14:19:11.824][VERB] RETURN: {"result":"$25999"}
[0m[0;32m[2026-09-16 14:19:11.825][VERB] COMMANDCALL: _C.SafeAPI.Execute(["v1.part.workPlane",[{"type":"PLANE","references":[38],"name":"F1531_makeCylinder_housing_py_81_local_plane","offset":"@expr.d1532_plane_offset","id":4}]])
[0m[0;32m[2026-09-16 14:19:11.832][VERB] RETURN: {"result":"$26011"}
[0m[0;32m[2026-09-16 14:19:11.833][VERB] COMMANDCALL: _C.SafeAPI.Execute(["v1.sketch.create",[{"planeId":26011,"name":"F1531_makeCylinder_housing_py_81_local_profile","id":4}]])
[0m[0;32m[2026-09-16 14:19:11.836][VERB] RETURN: {"result":"$26017"}
[0m[0;32m[2026-09-16 14:19:11.836][VERB] COMMANDCALL: _C.SafeAPI.Execute(["v1.sketch.circle",[{"radius":0.65,"id":26017,"genFixation":0,"centerPos":[0,0,0]}]])
[0m[0;32m[2026-09-16 14:19:11.837][VERB] RETURN: {"result":"$26023"}
[0m[0;32m[2026-09-16 14:19:11.837][VERB] COMMANDCALL: _C.SafeAPI.Execute(["v1.sketch.getPoints",[{"id":26023}]])
[0m[0;32m[2026-09-16 14:19:11.838][VERB] RETURN: {"result":{"centerId":"$26024"}}
[0m[0;32m[2026-09-16 14:19:11.838][VERB] COMMANDCALL: _C.SafeAPI.Execute(["v1.sketch.point",[{"pos":[-1000,-1000,0],"id":26017}]])
[0m[0;32m[2026-09-16 14:19:11.839][VERB] RETURN: {"result":"$26026"}
[0m[0;32m[2026-09-16 14:19:11.839][VERB] COMMANDCALL: _C.SafeAPI.Execute(["v1.sketch.constraint",[{"type":"FIXATION","id":26017,"geomIds":[26026]}]])
[0m[0;32m[2026-09-16 14:19:11.840][VERB] RETURN: {"result":"$26028"}
[0m[0;32m[2026-09-16 14:19:11.840][VERB] COMMANDCALL: _C.SafeAPI.Execute(["v1.sketch.dimension",[{"type":"HORIZONTAL_DISTANCE","value":"@expr.d1533_position_x","name":"position_x","id":26017,"geomIds":[26026,26024]}]])
[0m[0;32m[2026-09-16 14:19:11.845][VERB] RETURN: {"result":"$26032"}
[0m[0;32m[2026-09-16 14:19:11.845][VERB] COMMANDCALL: _C.SafeAPI.Execute(["v1.sketch.dimension",[{"type":"VERTICAL_DISTANCE","value":"@expr.d1534_position_y","name":"position_y","id":26017,"geomIds":[26026,26024]}]])
[0m[0;32m[2026-09-16 14:19:11.852][VERB] RETURN: {"result":"$26036"}
[0m[0;32m[2026-09-16 14:19:11.852][VERB] COMMANDCALL: _C.SafeAPI.Execute(["v1.sketch.dimension",[{"type":"RADIUS","value":"@expr.d1535_radius","name":"radius","id":26017,"geomIds":[26023]}]])
[0m[0;32m[2026-09-16 14:19:11.857][VERB] RETURN: {"result":"$26040"}
[0m[0;32m[2026-09-16 14:19:11.858][VERB] COMMANDCALL: _C.SafeAPI.Execute(["v1.part.extrusion",[{"references":[26023],"name":"F1531_makeCylinder_housing_py_81_local","taperAngle":0,"limit2":"@expr.d1536_height","id":4}]])
[0m[0;32m[2026-09-16 14:19:11.870][VERB] RETURN: {"result":"$26044"}
[0m[0;32m[2026-09-16 14:19:11.870][VERB] COMMANDCALL: _C.SafeAPI.Execute(["v1.part.workAxis",[{"name":"F1531_makeCylinder_housing_py_81_axis","id":4,"position":[0,0,0],"direction":[0,-1.4,0]}]])
[0m[0;32m[2026-09-16 14:19:11.877][VERB] RETURN: {"result":"$26066"}
[0m[0;32m[2026-09-16 14:19:11.877][VERB] COMMANDCALL: _C.SafeAPI.Execute(["v1.part.rotation",[{"targets":[26044],"name":"F1531_makeCylinder_housing_py_81_orientation","id":4,"references":[26066],"angle":0.44975961306984}]])
[0m[0;32m[2026-09-16 14:19:11.886][VERB] RETURN: {"result":"$26074"}
[0m[0;32m[2026-09-16 14:19:11.886][VERB] COMMANDCALL: _C.SafeAPI.Execute(["v1.part.translation",[{"references":[26],"name":"F1531_makeCylinder_housing_py_81_0","id":4,"targets":[26074],"distance":"@expr.d1537_position"}]])
[0m[0;32m[2026-09-16 14:19:11.895][VERB] RETURN: {"result":"$26085"}
[0m[0;32m[2026-09-16 14:19:11.895][VERB] COMMANDCALL: _C.SafeAPI.Execute(["v1.part.translation",[{"references":[30],"name":"F1531_makeCylinder_housing_py_81_1","id":4,"targets":[26085],"distance":"@expr.d1538_position"}]])
[0m[0;32m[2026-09-16 14:19:11.904][VERB] RETURN: {"result":"$26096"}
[0m[0;32m[2026-09-16 14:19:11.904][VERB] COMMANDCALL: _C.SafeAPI.Execute(["v1.part.translation",[{"references":[34],"name":"F1531_makeCylinder_housing_py_81_2","id":4,"targets":[26096],"distance":"@expr.d1539_position"}]])
[0m[0;32m[2026-09-16 14:19:11.913][VERB] RETURN: {"result":"$26107"}
[0m[0;32m[2026-09-16 14:19:11.914][VERB] COMMANDCALL: _C.SafeAPI.Execute(["v1.part.boolean",[{"type":"SUBTRACTION","tools":[26107],"target":25999,"name":"F20_cut_housing_py_417_tool_9","id":4}]])
[0m[0;32m[2026-09-16 14:19:11.934][VERB] RETURN: {"result":"$26118"}
[0m[0;32m[2026-09-16 14:19:11.934][VERB] COMMANDCALL: _C.SafeAPI.Execute(["v1.part.workPlane",[{"type":"PLANE","references":[42],"name":"F1540_makeCylinder_housing_py_81_plane","offset":"@expr.d1541_plane_offset","id":4}]])
[0m[0;32m[2026-09-16 14:19:11.942][VERB] RETURN: {"result":"$26130"}
[0m[0;32m[2026-09-16 14:19:11.943][VERB] COMMANDCALL: _C.SafeAPI.Execute(["v1.sketch.create",[{"planeId":26130,"name":"F1540_makeCylinder_housing_py_81_profile","id":4}]])
[0m[0;32m[2026-09-16 14:19:11.945][VERB] RETURN: {"result":"$26136"}
[0m[0;32m[2026-09-16 14:19:11.945][VERB] COMMANDCALL: _C.SafeAPI.Execute(["v1.sketch.circle",[{"radius":0.65,"id":26136,"genFixation":0,"centerPos":[49.8,-21.4,0]}]])
[0m[0;32m[2026-09-16 14:19:11.947][VERB] RETURN: {"result":"$26142"}
[0m[0;32m[2026-09-16 14:19:11.947][VERB] COMMANDCALL: _C.SafeAPI.Execute(["v1.sketch.getPoints",[{"id":26142}]])
[0m[0;32m[2026-09-16 14:19:11.947][VERB] RETURN: {"result":{"centerId":"$26143"}}
[0m[0;32m[2026-09-16 14:19:11.947][VERB] COMMANDCALL: _C.SafeAPI.Execute(["v1.sketch.point",[{"pos":[-1000,-1000,0],"id":26136}]])
[0m[0;32m[2026-09-16 14:19:11.948][VERB] RETURN: {"result":"$26145"}
[0m[0;32m[2026-09-16 14:19:11.948][VERB] COMMANDCALL: _C.SafeAPI.Execute(["v1.sketch.constraint",[{"type":"FIXATION","id":26136,"geomIds":[26145]}]])
[0m[0;32m[2026-09-16 14:19:11.950][VERB] RETURN: {"result":"$26147"}
[0m[0;32m[2026-09-16 14:19:11.950][VERB] COMMANDCALL: _C.SafeAPI.Execute(["v1.sketch.dimension",[{"type":"HORIZONTAL_DISTANCE","value":"@expr.d1542_position_x","name":"position_x","id":26136,"geomIds":[26145,26143]}]])
[0m[0;32m[2026-09-16 14:19:11.955][VERB] RETURN: {"result":"$26151"}
[0m[0;32m[2026-09-16 14:19:11.955][VERB] COMMANDCALL: _C.SafeAPI.Execute(["v1.sketch.dimension",[{"type":"VERTICAL_DISTANCE","value":"@expr.d1543_position_y","name":"position_y","id":26136,"geomIds":[26145,26143]}]])
[0m[0;32m[2026-09-16 14:19:11.961][VERB] RETURN: {"result":"$26155"}
[0m[0;32m[2026-09-16 14:19:11.961][VERB] COMMANDCALL: _C.SafeAPI.Execute(["v1.sketch.dimension",[{"type":"RADIUS","value":"@expr.d1544_radius","name":"radius","id":26136,"geomIds":[26142]}]])
[0m[0;32m[2026-09-16 14:19:11.967][VERB] RETURN: {"result":"$26159"}
[0m[0;32m[2026-09-16 14:19:11.967][VERB] COMMANDCALL: _C.SafeAPI.Execute(["v1.part.extrusion",[{"references":[26142],"name":"F1540_makeCylinder_housing_py_81","taperAngle":0,"limit2":"@expr.d1545_height","id":4}]])
[0m[0;32m[2026-09-16 14:19:11.978][VERB] RETURN: {"result":"$26163"}
[0m[0;32m[2026-09-16 14:19:11.979][VERB] COMMANDCALL: _C.SafeAPI.Execute(["v1.part.boolean",[{"type":"SUBTRACTION","tools":[26163],"target":26118,"name":"F20_cut_housing_py_417_tool_10","id":4}]])
[0m[0;32m[2026-09-16 14:19:11.998][VERB] RETURN: {"result":"$26185"}
[0m[0;32m[2026-09-16 14:19:11.999][VERB] COMMANDCALL: _C.SafeAPI.Execute(["v1.part.workPlane",[{"type":"PLANE","references":[38],"name":"F1546_makeCylinder_housing_py_81_local_plane","offset":"@expr.d1547_plane_offset","id":4}]])
[0m[0;32m[2026-09-16 14:19:12.007][VERB] RETURN: {"result":"$26197"}
[0m[0;32m[2026-09-16 14:19:12.007][VERB] COMMANDCALL: _C.SafeAPI.Execute(["v1.sketch.create",[{"planeId":26197,"name":"F1546_makeCylinder_housing_py_81_local_profile","id":4}]])
[0m[0;32m[2026-09-16 14:19:12.010][VERB] RETURN: {"result":"$26203"}
[0m[0;32m[2026-09-16 14:19:12.010][VERB] COMMANDCALL: _C.SafeAPI.Execute(["v1.sketch.circle",[{"radius":0.65,"id":26203,"genFixation":0,"centerPos":[0,0,0]}]])
[0m[0;32m[2026-09-16 14:19:12.011][VERB] RETURN: {"result":"$26209"}
[0m[0;32m[2026-09-16 14:19:12.011][VERB] COMMANDCALL: _C.SafeAPI.Execute(["v1.sketch.getPoints",[{"id":26209}]])
[0m[0;32m[2026-09-16 14:19:12.012][VERB] RETURN: {"result":{"centerId":"$26210"}}
[0m[0;32m[2026-09-16 14:19:12.012][VERB] COMMANDCALL: _C.SafeAPI.Execute(["v1.sketch.point",[{"pos":[-1000,-1000,0],"id":26203}]])
[0m[0;32m[2026-09-16 14:19:12.013][VERB] RETURN: {"result":"$26212"}
[0m[0;32m[2026-09-16 14:19:12.013][VERB] COMMANDCALL: _C.SafeAPI.Execute(["v1.sketch.constraint",[{"type":"FIXATION","id":26203,"geomIds":[26212]}]])
[0m[0;32m[2026-09-16 14:19:12.014][VERB] RETURN: {"result":"$26214"}
[0m[0;32m[2026-09-16 14:19:12.014][VERB] COMMANDCALL: _C.SafeAPI.Execute(["v1.sketch.dimension",[{"type":"HORIZONTAL_DISTANCE","value":"@expr.d1548_position_x","name":"position_x","id":26203,"geomIds":[26212,26210]}]])
[0m[0;32m[2026-09-16 14:19:12.019][VERB] RETURN: {"result":"$26218"}
[0m[0;32m[2026-09-16 14:19:12.020][VERB] COMMANDCALL: _C.SafeAPI.Execute(["v1.sketch.dimension",[{"type":"VERTICAL_DISTANCE","value":"@expr.d1549_position_y","name":"position_y","id":26203,"geomIds":[26212,26210]}]])
[0m[0;32m[2026-09-16 14:19:12.025][VERB] RETURN: {"result":"$26222"}
[0m[0;32m[2026-09-16 14:19:12.025][VERB] COMMANDCALL: _C.SafeAPI.Execute(["v1.sketch.dimension",[{"type":"RADIUS","value":"@expr.d1550_radius","name":"radius","id":26203,"geomIds":[26209]}]])
[0m[0;32m[2026-09-16 14:19:12.031][VERB] RETURN: {"result":"$26226"}
[0m[0;32m[2026-09-16 14:19:12.031][VERB] COMMANDCALL: _C.SafeAPI.Execute(["v1.part.extrusion",[{"references":[26209],"name":"F1546_makeCylinder_housing_py_81_local","taperAngle":0,"limit2":"@expr.d1551_height","id":4}]])
[0m[0;32m[2026-09-16 14:19:12.042][VERB] RETURN: {"result":"$26230"}
[0m[0;32m[2026-09-16 14:19:12.043][VERB] COMMANDCALL: _C.SafeAPI.Execute(["v1.part.workAxis",[{"name":"F1546_makeCylinder_housing_py_81_axis","id":4,"position":[0,0,0],"direction":[0,-3.8,0]}]])
[0m[0;32m[2026-09-16 14:19:12.051][VERB] RETURN: {"result":"$26252"}
[0m[0;32m[2026-09-16 14:19:12.051][VERB] COMMANDCALL: _C.SafeAPI.Execute(["v1.part.rotation",[{"targets":[26230],"name":"F1546_makeCylinder_housing_py_81_orientation","id":4,"references":[26252],"angle":2.3006959849466}]])
[0m[0;32m[2026-09-16 14:19:12.061][VERB] RETURN: {"result":"$26260"}
[0m[0;32m[2026-09-16 14:19:12.061][VERB] COMMANDCALL: _C.SafeAPI.Execute(["v1.part.translation",[{"references":[26],"name":"F1546_makeCylinder_housing_py_81_0","id":4,"targets":[26260],"distance":"@expr.d1552_position"}]])
[0m[0;32m[2026-09-16 14:19:12.071][VERB] RETURN: {"result":"$26271"}
[0m[0;32m[2026-09-16 14:19:12.071][VERB] COMMANDCALL: _C.SafeAPI.Execute(["v1.part.translation",[{"references":[30],"name":"F1546_makeCylinder_housing_py_81_1","id":4,"targets":[26271],"distance":"@expr.d1553_position"}]])
[0m[0;32m[2026-09-16 14:19:12.081][VERB] RETURN: {"result":"$26282"}
[0m[0;32m[2026-09-16 14:19:12.081][VERB] COMMANDCALL: _C.SafeAPI.Execute(["v1.part.translation",[{"references":[34],"name":"F1546_makeCylinder_housing_py_81_2","id":4,"targets":[26282],"distance":"@expr.d1554_position"}]])
[0m[0;32m[2026-09-16 14:19:12.091][VERB] RETURN: {"result":"$26293"}
[0m[0;32m[2026-09-16 14:19:12.092][VERB] COMMANDCALL: _C.SafeAPI.Execute(["v1.part.boolean",[{"type":"SUBTRACTION","tools":[26293],"target":26185,"name":"F20_cut_housing_py_417_tool_11","id":4}]])
[0m[0;32m[2026-09-16 14:19:12.113][VERB] RETURN: {"result":"$26304"}
[0m[0;32m[2026-09-16 14:19:12.114][VERB] COMMANDCALL: _C.SafeAPI.Execute(["v1.part.workPlane",[{"type":"PLANE","references":[38],"name":"F1555_makeCylinder_housing_py_81_plane","offset":"@expr.d1556_plane_offset","id":4}]])
[0m[0;32m[2026-09-16 14:19:12.124][VERB] RETURN: {"result":"$26316"}
[0m[0;32m[2026-09-16 14:19:12.124][VERB] COMMANDCALL: _C.SafeAPI.Execute(["v1.sketch.create",[{"planeId":26316,"name":"F1555_makeCylinder_housing_py_81_profile","id":4}]])
[0m[0;32m[2026-09-16 14:19:12.127][VERB] RETURN: {"result":"$26322"}
[0m[0;32m[2026-09-16 14:19:12.127][VERB] COMMANDCALL: _C.SafeAPI.Execute(["v1.sketch.circle",[{"radius":0.65,"id":26322,"genFixation":0,"centerPos":[46,23,0]}]])
[0m[0;32m[2026-09-16 14:19:12.129][VERB] RETURN: {"result":"$26328"}
[0m[0;32m[2026-09-16 14:19:12.129][VERB] COMMANDCALL: _C.SafeAPI.Execute(["v1.sketch.getPoints",[{"id":26328}]])
[0m[0;32m[2026-09-16 14:19:12.129][VERB] RETURN: {"result":{"centerId":"$26329"}}
[0m[0;32m[2026-09-16 14:19:12.129][VERB] COMMANDCALL: _C.SafeAPI.Execute(["v1.sketch.point",[{"pos":[-1000,-1000,0],"id":26322}]])
[0m[0;32m[2026-09-16 14:19:12.131][VERB] RETURN: {"result":"$26331"}
[0m[0;32m[2026-09-16 14:19:12.131][VERB] COMMANDCALL: _C.SafeAPI.Execute(["v1.sketch.constraint",[{"type":"FIXATION","id":26322,"geomIds":[26331]}]])
[0m[0;32m[2026-09-16 14:19:12.132][VERB] RETURN: {"result":"$26333"}
[0m[0;32m[2026-09-16 14:19:12.133][VERB] COMMANDCALL: _C.SafeAPI.Execute(["v1.sketch.dimension",[{"type":"HORIZONTAL_DISTANCE","value":"@expr.d1557_position_x","name":"position_x","id":26322,"geomIds":[26331,26329]}]])
[0m[0;32m[2026-09-16 14:19:12.138][VERB] RETURN: {"result":"$26337"}
[0m[0;32m[2026-09-16 14:19:12.138][VERB] COMMANDCALL: _C.SafeAPI.Execute(["v1.sketch.dimension",[{"type":"VERTICAL_DISTANCE","value":"@expr.d1558_position_y","name":"position_y","id":26322,"geomIds":[26331,26329]}]])
[0m[0;32m[2026-09-16 14:19:12.144][VERB] RETURN: {"result":"$26341"}
[0m[0;32m[2026-09-16 14:19:12.145][VERB] COMMANDCALL: _C.SafeAPI.Execute(["v1.sketch.dimension",[{"type":"RADIUS","value":"@expr.d1559_radius","name":"radius","id":26322,"geomIds":[26328]}]])
[0m[0;32m[2026-09-16 14:19:12.151][VERB] RETURN: {"result":"$26345"}
[0m[0;32m[2026-09-16 14:19:12.151][VERB] COMMANDCALL: _C.SafeAPI.Execute(["v1.part.extrusion",[{"references":[26328],"name":"F1555_makeCylinder_housing_py_81","taperAngle":0,"limit2":"@expr.d1560_height","id":4}]])
[0m[0;32m[2026-09-16 14:19:12.165][VERB] RETURN: {"result":"$26349"}
[0m[0;32m[2026-09-16 14:19:12.166][VERB] COMMANDCALL: _C.SafeAPI.Execute(["v1.part.boolean",[{"type":"SUBTRACTION","tools":[26349],"target":26304,"name":"F20_cut_housing_py_417_tool_12","id":4}]])
[0m[0;32m[2026-09-16 14:19:12.195][VERB] RETURN: {"result":"$26371"}
[0m[0;32m[2026-09-16 14:19:12.195][VERB] COMMANDCALL: _C.SafeAPI.Execute(["v1.part.workCSys",[{"name":"F1561_makeSphere_housing_py_78_datum","offset":[50.7,28,26],"id":4}]])
[0m[0;32m[2026-09-16 14:19:12.202][VERB] RETURN: {"result":"$26415"}
[0m[0;32m[2026-09-16 14:19:12.203][VERB] COMMANDCALL: _C.SafeAPI.Execute(["v1.part.sphere",[{"references":[26415],"name":"F1561_makeSphere_housing_py_78","radius":"@expr.d1562_radius","id":4}]])
[0m[0;32m[2026-09-16 14:19:12.212][VERB] RETURN: {"result":"$26423"}
[0m[0;32m[2026-09-16 14:19:12.213][VERB] COMMANDCALL: _C.SafeAPI.Execute(["v1.part.boolean",[{"type":"SUBTRACTION","tools":[26423],"target":26371,"name":"F19_cut_housing_py_417_tool_0","id":4}]])
[0m[0;32m[2026-09-16 14:19:12.231][VERB] RETURN: {"result":"$26438"}
[0m[0;32m[2026-09-16 14:19:12.232][VERB] COMMANDCALL: _C.SafeAPI.Execute(["v1.part.workCSys",[{"name":"F1563_makeSphere_housing_py_78_datum","offset":[50.7,35.5,26],"id":4}]])
[0m[0;32m[2026-09-16 14:19:12.239][VERB] RETURN: {"result":"$26450"}
[0m[0;32m[2026-09-16 14:19:12.240][VERB] COMMANDCALL: _C.SafeAPI.Execute(["v1.part.sphere",[{"references":[26450],"name":"F1563_makeSphere_housing_py_78","radius":"@expr.d1564_radius","id":4}]])
[0m[0;32m[2026-09-16 14:19:12.249][VERB] RETURN: {"result":"$26458"}
[0m[0;32m[2026-09-16 14:19:12.249][VERB] COMMANDCALL: _C.SafeAPI.Execute(["v1.part.boolean",[{"type":"SUBTRACTION","tools":[26458],"target":26438,"name":"F19_cut_housing_py_417_tool_1","id":4}]])
[0m[0;32m[2026-09-16 14:19:12.267][VERB] RETURN: {"result":"$26473"}
[0m[0;32m[2026-09-16 14:19:12.267][VERB] COMMANDCALL: _C.SafeAPI.Execute(["v1.part.workPlane",[{"type":"PLANE","references":[42],"name":"F1565_makeCylinder_housing_py_81_plane","offset":"@expr.d1566_plane_offset","id":4}]])
[0m[0;32m[2026-09-16 14:19:12.276][VERB] RETURN: {"result":"$26485"}
[0m[0;32m[2026-09-16 14:19:12.276][VERB] COMMANDCALL: _C.SafeAPI.Execute(["v1.sketch.create",[{"planeId":26485,"name":"F1565_makeCylinder_housing_py_81_profile","id":4}]])
[0m[0;32m[2026-09-16 14:19:12.279][VERB] RETURN: {"result":"$26491"}
[0m[0;32m[2026-09-16 14:19:12.279][VERB] COMMANDCALL: _C.SafeAPI.Execute(["v1.sketch.circle",[{"radius":0.65,"id":26491,"genFixation":0,"centerPos":[50.7,-26,0]}]])
[0m[0;32m[2026-09-16 14:19:12.280][VERB] RETURN: {"result":"$26497"}
[0m[0;32m[2026-09-16 14:19:12.281][VERB] COMMANDCALL: _C.SafeAPI.Execute(["v1.sketch.getPoints",[{"id":26497}]])
[0m[0;32m[2026-09-16 14:19:12.281][VERB] RETURN: {"result":{"centerId":"$26498"}}
[0m[0;32m[2026-09-16 14:19:12.281][VERB] COMMANDCALL: _C.SafeAPI.Execute(["v1.sketch.point",[{"pos":[-1000,-1000,0],"id":26491}]])
[0m[0;32m[2026-09-16 14:19:12.282][VERB] RETURN: {"result":"$26500"}
[0m[0;32m[2026-09-16 14:19:12.282][VERB] COMMANDCALL: _C.SafeAPI.Execute(["v1.sketch.constraint",[{"type":"FIXATION","id":26491,"geomIds":[26500]}]])
[0m[0;32m[2026-09-16 14:19:12.284][VERB] RETURN: {"result":"$26502"}
[0m[0;32m[2026-09-16 14:19:12.284][VERB] COMMANDCALL: _C.SafeAPI.Execute(["v1.sketch.dimension",[{"type":"HORIZONTAL_DISTANCE","value":"@expr.d1567_position_x","name":"position_x","id":26491,"geomIds":[26500,26498]}]])
[0m[0;32m[2026-09-16 14:19:12.289][VERB] RETURN: {"result":"$26506"}
[0m[0;32m[2026-09-16 14:19:12.289][VERB] COMMANDCALL: _C.SafeAPI.Execute(["v1.sketch.dimension",[{"type":"VERTICAL_DISTANCE","value":"@expr.d1568_position_y","name":"position_y","id":26491,"geomIds":[26500,26498]}]])
[0m[0;32m[2026-09-16 14:19:12.295][VERB] RETURN: {"result":"$26510"}
[0m[0;32m[2026-09-16 14:19:12.295][VERB] COMMANDCALL: _C.SafeAPI.Execute(["v1.sketch.dimension",[{"type":"RADIUS","value":"@expr.d1569_radius","name":"radius","id":26491,"geomIds":[26497]}]])
[0m[0;32m[2026-09-16 14:19:12.301][VERB] RETURN: {"result":"$26514"}
[0m[0;32m[2026-09-16 14:19:12.302][VERB] COMMANDCALL: _C.SafeAPI.Execute(["v1.part.extrusion",[{"references":[26497],"name":"F1565_makeCylinder_housing_py_81","taperAngle":0,"limit2":"@expr.d1570_height","id":4}]])
[0m[0;32m[2026-09-16 14:19:12.313][VERB] RETURN: {"result":"$26518"}
[0m[0;32m[2026-09-16 14:19:12.313][VERB] COMMANDCALL: _C.SafeAPI.Execute(["v1.part.boolean",[{"type":"SUBTRACTION","tools":[26518],"target":26473,"name":"F19_cut_housing_py_417_tool_2","id":4}]])
[0m[0;32m[2026-09-16 14:19:12.333][VERB] RETURN: {"result":"$26540"}
[0m[0;32m[2026-09-16 14:19:12.333][VERB] COMMANDCALL: _C.SafeAPI.Execute(["v1.part.workPlane",[{"type":"PLANE","references":[38],"name":"F1571_makeBox_cad_primitives_py_8_plane","offset":"@expr.d1572_plane_offset","id":4}]])
[0m[0;32m[2026-09-16 14:19:12.341][VERB] RETURN: {"result":"$26552"}
[0m[0;32m[2026-09-16 14:19:12.342][VERB] COMMANDCALL: _C.SafeAPI.Execute(["v1.sketch.create",[{"planeId":26552,"name":"F1571_makeBox_cad_primitives_py_8_profile","id":4}]])
[0m[0;32m[2026-09-16 14:19:12.344][VERB] RETURN: {"result":"$26558"}
[0m[0;32m[2026-09-16 14:19:12.344][VERB] COMMANDCALL: _C.SafeAPI.Execute(["v1.sketch.rectangle",[{"startPos":[35.6,22.4,0],"id":26558,"genFixation":0,"endPos":[38.1,25.5,0]}]])
[0m[0;32m[2026-09-16 14:19:12.352][VERB] RETURN: {"result":["$26564","$26568","$26574","$26580"]}
[0m[0;32m[2026-09-16 14:19:12.352][VERB] COMMANDCALL: _C.SafeAPI.Execute(["v1.sketch.getPoints",[{"id":26564}]])
[0m[0;32m[2026-09-16 14:19:12.352][VERB] RETURN: {"result":{"endId":"$26566","startId":"$26565"}}
[0m[0;32m[2026-09-16 14:19:12.352][VERB] COMMANDCALL: _C.SafeAPI.Execute(["v1.sketch.point",[{"pos":[-1000,-1000,0],"id":26558}]])
[0m[0;32m[2026-09-16 14:19:12.354][VERB] RETURN: {"result":"$26596"}
[0m[0;32m[2026-09-16 14:19:12.354][VERB] COMMANDCALL: _C.SafeAPI.Execute(["v1.sketch.constraint",[{"type":"FIXATION","id":26558,"geomIds":[26596]}]])
[0m[0;32m[2026-09-16 14:19:12.356][VERB] RETURN: {"result":"$26598"}
[0m[0;32m[2026-09-16 14:19:12.356][VERB] COMMANDCALL: _C.SafeAPI.Execute(["v1.sketch.dimension",[{"type":"HORIZONTAL_DISTANCE","value":"@expr.d1573_position_x","name":"position_x","id":26558,"geomIds":[26596,26565]}]])
[0m[0;32m[2026-09-16 14:19:12.363][VERB] RETURN: {"result":"$26602"}
[0m[0;32m[2026-09-16 14:19:12.363][VERB] COMMANDCALL: _C.SafeAPI.Execute(["v1.sketch.dimension",[{"type":"VERTICAL_DISTANCE","value":"@expr.d1574_position_y","name":"position_y","id":26558,"geomIds":[26596,26565]}]])
[0m[0;32m[2026-09-16 14:19:12.370][VERB] RETURN: {"result":"$26606"}
[0m[0;32m[2026-09-16 14:19:12.371][VERB] COMMANDCALL: _C.SafeAPI.Execute(["v1.sketch.dimension",[{"type":"OFFSET","value":"@expr.d1575_width","name":"width","id":26558,"geomIds":[26564]}]])
[0m[0;32m[2026-09-16 14:19:12.379][VERB] RETURN: {"result":"$26610"}
[0m[0;32m[2026-09-16 14:19:12.379][VERB] COMMANDCALL: _C.SafeAPI.Execute(["v1.sketch.dimension",[{"type":"OFFSET","value":"@expr.d1576_depth","name":"depth","id":26558,"geomIds":[26568]}]])
[0m[0;32m[2026-09-16 14:19:12.388][VERB] RETURN: {"result":"$26614"}
[0m[0;32m[2026-09-16 14:19:12.388][VERB] COMMANDCALL: _C.SafeAPI.Execute(["v1.part.extrusion",[{"references":[26564,26568,26574,26580],"name":"F1571_makeBox_cad_primitives_py_8","taperAngle":0,"limit2":"@expr.d1577_height","id":4}]])
[0m[0;32m[2026-09-16 14:19:12.399][VERB] RETURN: {"result":"$26618"}
[0m[0;32m[2026-09-16 14:19:12.399][VERB] COMMANDCALL: _C.SafeAPI.Execute(["v1.part.boolean",[{"type":"SUBTRACTION","tools":[26618],"target":26540,"name":"F18_cut_housing_py_432","id":4}]])
[0m[0;32m[2026-09-16 14:19:12.420][VERB] RETURN: {"result":"$26661"}
[0m[0;32m[2026-09-16 14:19:12.421][VERB] COMMANDCALL: _C.SafeAPI.Execute(["v1.part.workPlane",[{"type":"PLANE","references":[38],"name":"F1578_makeBox_cad_primitives_py_8_plane","offset":"@expr.d1579_plane_offset","id":4}]])
[0m[0;32m[2026-09-16 14:19:12.430][VERB] RETURN: {"result":"$26707"}
[0m[0;32m[2026-09-16 14:19:12.430][VERB] COMMANDCALL: _C.SafeAPI.Execute(["v1.sketch.create",[{"planeId":26707,"name":"F1578_makeBox_cad_primitives_py_8_profile","id":4}]])
[0m[0;32m[2026-09-16 14:19:12.434][VERB] RETURN: {"result":"$26713"}
[0m[0;32m[2026-09-16 14:19:12.434][VERB] COMMANDCALL: _C.SafeAPI.Execute(["v1.sketch.rectangle",[{"startPos":[37.8,22.5,0],"id":26713,"genFixation":0,"endPos":[47,25.5,0]}]])
[0m[0;32m[2026-09-16 14:19:12.442][VERB] RETURN: {"result":["$26719","$26723","$26729","$26735"]}
[0m[0;32m[2026-09-16 14:19:12.442][VERB] COMMANDCALL: _C.SafeAPI.Execute(["v1.sketch.getPoints",[{"id":26719}]])
[0m[0;32m[2026-09-16 14:19:12.442][VERB] RETURN: {"result":{"endId":"$26721","startId":"$26720"}}
[0m[0;32m[2026-09-16 14:19:12.443][VERB] COMMANDCALL: _C.SafeAPI.Execute(["v1.sketch.point",[{"pos":[-1000,-1000,0],"id":26713}]])
[0m[0;32m[2026-09-16 14:19:12.445][VERB] RETURN: {"result":"$26751"}
[0m[0;32m[2026-09-16 14:19:12.446][VERB] COMMANDCALL: _C.SafeAPI.Execute(["v1.sketch.constraint",[{"type":"FIXATION","id":26713,"geomIds":[26751]}]])
[0m[0;32m[2026-09-16 14:19:12.447][VERB] RETURN: {"result":"$26753"}
[0m[0;32m[2026-09-16 14:19:12.448][VERB] COMMANDCALL: _C.SafeAPI.Execute(["v1.sketch.dimension",[{"type":"HORIZONTAL_DISTANCE","value":"@expr.d1580_position_x","name":"position_x","id":26713,"geomIds":[26751,26720]}]])
[0m[0;32m[2026-09-16 14:19:12.456][VERB] RETURN: {"result":"$26757"}
[0m[0;32m[2026-09-16 14:19:12.456][VERB] COMMANDCALL: _C.SafeAPI.Execute(["v1.sketch.dimension",[{"type":"VERTICAL_DISTANCE","value":"@expr.d1581_position_y","name":"position_y","id":26713,"geomIds":[26751,26720]}]])
[0m[0;32m[2026-09-16 14:19:12.465][VERB] RETURN: {"result":"$26761"}
[0m[0;32m[2026-09-16 14:19:12.465][VERB] COMMANDCALL: _C.SafeAPI.Execute(["v1.sketch.dimension",[{"type":"OFFSET","value":"@expr.d1582_width","name":"width","id":26713,"geomIds":[26719]}]])
[0m[0;32m[2026-09-16 14:19:12.475][VERB] RETURN: {"result":"$26765"}
[0m[0;32m[2026-09-16 14:19:12.476][VERB] COMMANDCALL: _C.SafeAPI.Execute(["v1.sketch.dimension",[{"type":"OFFSET","value":"@expr.d1583_depth","name":"depth","id":26713,"geomIds":[26723]}]])
[0m[0;32m[2026-09-16 14:19:12.486][VERB] RETURN: {"result":"$26769"}
[0m[0;32m[2026-09-16 14:19:12.487][VERB] COMMANDCALL: _C.SafeAPI.Execute(["v1.part.extrusion",[{"references":[26719,26723,26729,26735],"name":"F1578_makeBox_cad_primitives_py_8","taperAngle":0,"limit2":"@expr.d1584_height","id":4}]])
[0m[0;32m[2026-09-16 14:19:12.501][VERB] RETURN: {"result":"$26773"}
[0m[0;32m[2026-09-16 14:19:12.501][VERB] COMMANDCALL: _C.SafeAPI.Execute(["v1.part.boolean",[{"type":"SUBTRACTION","tools":[26773],"target":26661,"name":"F17_cut_housing_py_435","id":4}]])
[0m[0;32m[2026-09-16 14:19:12.527][VERB] RETURN: {"result":"$26816"}
[0m[0;32m[2026-09-16 14:19:12.527][VERB] COMMANDCALL: _C.SafeAPI.Execute(["v1.part.workPlane",[{"type":"PLANE","references":[46],"name":"F1587_makeCylinder_cad_primitives_py_12_plane","offset":"@expr.d1588_plane_offset","id":4}]])
[0m[0;32m[2026-09-16 14:19:12.535][VERB] RETURN: {"result":"$26878"}
[0m[0;32m[2026-09-16 14:19:12.535][VERB] COMMANDCALL: _C.SafeAPI.Execute(["v1.sketch.create",[{"planeId":26878,"name":"F1587_makeCylinder_cad_primitives_py_12_profile","id":4}]])
[0m[0;32m[2026-09-16 14:19:12.538][VERB] RETURN: {"result":"$26884"}
[0m[0;32m[2026-09-16 14:19:12.538][VERB] COMMANDCALL: _C.SafeAPI.Execute(["v1.sketch.circle",[{"radius":4.7,"id":26884,"genFixation":0,"centerPos":[9.55,-32.15,0]}]])
[0m[0;32m[2026-09-16 14:19:12.539][VERB] RETURN: {"result":"$26890"}
[0m[0;32m[2026-09-16 14:19:12.540][VERB] COMMANDCALL: _C.SafeAPI.Execute(["v1.sketch.getPoints",[{"id":26890}]])
[0m[0;32m[2026-09-16 14:19:12.540][VERB] RETURN: {"result":{"centerId":"$26891"}}
[0m[0;32m[2026-09-16 14:19:12.540][VERB] COMMANDCALL: _C.SafeAPI.Execute(["v1.sketch.point",[{"pos":[-1000,-1000,0],"id":26884}]])
[0m[0;32m[2026-09-16 14:19:12.541][VERB] RETURN: {"result":"$26893"}
[0m[0;32m[2026-09-16 14:19:12.541][VERB] COMMANDCALL: _C.SafeAPI.Execute(["v1.sketch.constraint",[{"type":"FIXATION","id":26884,"geomIds":[26893]}]])
[0m[0;32m[2026-09-16 14:19:12.542][VERB] RETURN: {"result":"$26895"}
[0m[0;32m[2026-09-16 14:19:12.543][VERB] COMMANDCALL: _C.SafeAPI.Execute(["v1.sketch.dimension",[{"type":"HORIZONTAL_DISTANCE","value":"@expr.d1589_position_x","name":"position_x","id":26884,"geomIds":[26893,26891]}]])
[0m[0;32m[2026-09-16 14:19:12.547][VERB] RETURN: {"result":"$26899"}
[0m[0;32m[2026-09-16 14:19:12.548][VERB] COMMANDCALL: _C.SafeAPI.Execute(["v1.sketch.dimension",[{"type":"VERTICAL_DISTANCE","value":"@expr.d1590_position_y","name":"position_y","id":26884,"geomIds":[26893,26891]}]])
[0m[0;32m[2026-09-16 14:19:12.554][VERB] RETURN: {"result":"$26903"}
[0m[0;32m[2026-09-16 14:19:12.554][VERB] COMMANDCALL: _C.SafeAPI.Execute(["v1.sketch.dimension",[{"type":"RADIUS","value":"@expr.d1591_radius","name":"radius","id":26884,"geomIds":[26890]}]])
[0m[0;32m[2026-09-16 14:19:12.560][VERB] RETURN: {"result":"$26907"}
[0m[0;32m[2026-09-16 14:19:12.560][VERB] COMMANDCALL: _C.SafeAPI.Execute(["v1.part.extrusion",[{"references":[26890],"name":"F1587_makeCylinder_cad_primitives_py_12","taperAngle":0,"limit2":"@expr.d1592_height","id":4}]])
[0m[0;32m[2026-09-16 14:19:12.572][VERB] RETURN: {"result":"$26911"}
[0m[0;32m[2026-09-16 14:19:12.572][VERB] COMMANDCALL: _C.SafeAPI.Execute(["v1.part.workPlane",[{"type":"PLANE","references":[46],"name":"F1593_makeCylinder_cad_primitives_py_12_plane","offset":"@expr.d1594_plane_offset","id":4}]])
[0m[0;32m[2026-09-16 14:19:12.580][VERB] RETURN: {"result":"$26933"}
[0m[0;32m[2026-09-16 14:19:12.580][VERB] COMMANDCALL: _C.SafeAPI.Execute(["v1.sketch.create",[{"planeId":26933,"name":"F1593_makeCylinder_cad_primitives_py_12_profile","id":4}]])
[0m[0;32m[2026-09-16 14:19:12.583][VERB] RETURN: {"result":"$26939"}
[0m[0;32m[2026-09-16 14:19:12.583][VERB] COMMANDCALL: _C.SafeAPI.Execute(["v1.sketch.circle",[{"radius":3.3,"id":26939,"genFixation":0,"centerPos":[9.55,-32.15,0]}]])
[0m[0;32m[2026-09-16 14:19:12.585][VERB] RETURN: {"result":"$26945"}
[0m[0;32m[2026-09-16 14:19:12.585][VERB] COMMANDCALL: _C.SafeAPI.Execute(["v1.sketch.getPoints",[{"id":26945}]])
[0m[0;32m[2026-09-16 14:19:12.585][VERB] RETURN: {"result":{"centerId":"$26946"}}
[0m[0;32m[2026-09-16 14:19:12.586][VERB] COMMANDCALL: _C.SafeAPI.Execute(["v1.sketch.point",[{"pos":[-1000,-1000,0],"id":26939}]])
[0m[0;32m[2026-09-16 14:19:12.587][VERB] RETURN: {"result":"$26948"}
[0m[0;32m[2026-09-16 14:19:12.587][VERB] COMMANDCALL: _C.SafeAPI.Execute(["v1.sketch.constraint",[{"type":"FIXATION","id":26939,"geomIds":[26948]}]])
[0m[0;32m[2026-09-16 14:19:12.588][VERB] RETURN: {"result":"$26950"}
[0m[0;32m[2026-09-16 14:19:12.588][VERB] COMMANDCALL: _C.SafeAPI.Execute(["v1.sketch.dimension",[{"type":"HORIZONTAL_DISTANCE","value":"@expr.d1595_position_x","name":"position_x","id":26939,"geomIds":[26948,26946]}]])
[0m[0;32m[2026-09-16 14:19:12.593][VERB] RETURN: {"result":"$26954"}
[0m[0;32m[2026-09-16 14:19:12.593][VERB] COMMANDCALL: _C.SafeAPI.Execute(["v1.sketch.dimension",[{"type":"VERTICAL_DISTANCE","value":"@expr.d1596_position_y","name":"position_y","id":26939,"geomIds":[26948,26946]}]])
[0m[0;32m[2026-09-16 14:19:12.599][VERB] RETURN: {"result":"$26958"}
[0m[0;32m[2026-09-16 14:19:12.599][VERB] COMMANDCALL: _C.SafeAPI.Execute(["v1.sketch.dimension",[{"type":"RADIUS","value":"@expr.d1597_radius","name":"radius","id":26939,"geomIds":[26945]}]])
[0m[0;32m[2026-09-16 14:19:12.605][VERB] RETURN: {"result":"$26962"}
[0m[0;32m[2026-09-16 14:19:12.606][VERB] COMMANDCALL: _C.SafeAPI.Execute(["v1.part.extrusion",[{"references":[26945],"name":"F1593_makeCylinder_cad_primitives_py_12","taperAngle":0,"limit2":"@expr.d1598_height","id":4}]])
[0m[0;32m[2026-09-16 14:19:12.618][VERB] RETURN: {"result":"$26966"}
[0m[0;32m[2026-09-16 14:19:12.619][VERB] COMMANDCALL: _C.SafeAPI.Execute(["v1.part.boolean",[{"type":"SUBTRACTION","tools":[26966],"target":26911,"name":"F1586_cut_diopter_control_py_25","id":4}]])
[0m[0;32m[2026-09-16 14:19:12.630][VERB] RETURN: {"result":"$26988"}
[0m[0;32m[2026-09-16 14:19:12.630][VERB] COMMANDCALL: _C.SafeAPI.Execute(["v1.part.workPlane",[{"type":"PLANE","references":[46],"name":"F1599_makeCylinder_cad_primitives_py_12_plane","offset":"@expr.d1600_plane_offset","id":4}]])
[0m[0;32m[2026-09-16 14:19:12.639][VERB] RETURN: {"result":"$27010"}
[0m[0;32m[2026-09-16 14:19:12.639][VERB] COMMANDCALL: _C.SafeAPI.Execute(["v1.sketch.create",[{"planeId":27010,"name":"F1599_makeCylinder_cad_primitives_py_12_profile","id":4}]])
[0m[0;32m[2026-09-16 14:19:12.642][VERB] RETURN: {"result":"$27016"}
[0m[0;32m[2026-09-16 14:19:12.642][VERB] COMMANDCALL: _C.SafeAPI.Execute(["v1.sketch.circle",[{"radius":2.2,"id":27016,"genFixation":0,"centerPos":[9.55,-32.15,0]}]])
[0m[0;32m[2026-09-16 14:19:12.643][VERB] RETURN: {"result":"$27022"}
[0m[0;32m[2026-09-16 14:19:12.643][VERB] COMMANDCALL: _C.SafeAPI.Execute(["v1.sketch.getPoints",[{"id":27022}]])
[0m[0;32m[2026-09-16 14:19:12.644][VERB] RETURN: {"result":{"centerId":"$27023"}}
[0m[0;32m[2026-09-16 14:19:12.644][VERB] COMMANDCALL: _C.SafeAPI.Execute(["v1.sketch.point",[{"pos":[-1000,-1000,0],"id":27016}]])
[0m[0;32m[2026-09-16 14:19:12.645][VERB] RETURN: {"result":"$27025"}
[0m[0;32m[2026-09-16 14:19:12.645][VERB] COMMANDCALL: _C.SafeAPI.Execute(["v1.sketch.constraint",[{"type":"FIXATION","id":27016,"geomIds":[27025]}]])
[0m[0;32m[2026-09-16 14:19:12.646][VERB] RETURN: {"result":"$27027"}
[0m[0;32m[2026-09-16 14:19:12.646][VERB] COMMANDCALL: _C.SafeAPI.Execute(["v1.sketch.dimension",[{"type":"HORIZONTAL_DISTANCE","value":"@expr.d1601_position_x","name":"position_x","id":27016,"geomIds":[27025,27023]}]])
[0m[0;32m[2026-09-16 14:19:12.652][VERB] RETURN: {"result":"$27031"}
[0m[0;32m[2026-09-16 14:19:12.652][VERB] COMMANDCALL: _C.SafeAPI.Execute(["v1.sketch.dimension",[{"type":"VERTICAL_DISTANCE","value":"@expr.d1602_position_y","name":"position_y","id":27016,"geomIds":[27025,27023]}]])
[0m[0;32m[2026-09-16 14:19:12.658][VERB] RETURN: {"result":"$27035"}
[0m[0;32m[2026-09-16 14:19:12.658][VERB] COMMANDCALL: _C.SafeAPI.Execute(["v1.sketch.dimension",[{"type":"RADIUS","value":"@expr.d1603_radius","name":"radius","id":27016,"geomIds":[27022]}]])
[0m[0;32m[2026-09-16 14:19:12.664][VERB] RETURN: {"result":"$27039"}
[0m[0;32m[2026-09-16 14:19:12.664][VERB] COMMANDCALL: _C.SafeAPI.Execute(["v1.part.extrusion",[{"references":[27022],"name":"F1599_makeCylinder_cad_primitives_py_12","taperAngle":0,"limit2":"@expr.d1604_height","id":4}]])
[0m[0;32m[2026-09-16 14:19:12.676][VERB] RETURN: {"result":"$27043"}
[0m[0;32m[2026-09-16 14:19:12.677][VERB] COMMANDCALL: _C.SafeAPI.Execute(["v1.part.boolean",[{"type":"SUBTRACTION","tools":[27043],"target":26988,"name":"F1585_cut_diopter_control_py_25","id":4}]])
[0m[0;32m[2026-09-16 14:19:12.689][VERB] RETURN: {"result":"$27065"}
[0m[0;32m[2026-09-16 14:19:12.689][VERB] COMMANDCALL: _C.SafeAPI.Execute(["v1.part.boolean",[{"type":"UNION","tools":[27065],"target":26816,"name":"F16_union_housing_py_460","id":4}]])
[0m[0;32m[2026-09-16 14:19:12.717][VERB] Use original faceId as origin information for a splitted face.
[0m[0;32m[2026-09-16 14:19:12.720][VERB] RETURN: {"result":"$27087"}
[0m[0;32m[2026-09-16 14:19:12.721][VERB] COMMANDCALL: _C.SafeAPI.Execute(["v1.part.workPlane",[{"type":"PLANE","references":[46],"name":"F1605_makeCylinder_cad_primitives_py_12_plane","offset":"@expr.d1606_plane_offset","id":4}]])
[0m[0;32m[2026-09-16 14:19:12.729][VERB] RETURN: {"result":"$27169"}
[0m[0;32m[2026-09-16 14:19:12.729][VERB] COMMANDCALL: _C.SafeAPI.Execute(["v1.sketch.create",[{"planeId":27169,"name":"F1605_makeCylinder_cad_primitives_py_12_profile","id":4}]])
[0m[0;32m[2026-09-16 14:19:12.731][VERB] RETURN: {"result":"$27175"}
[0m[0;32m[2026-09-16 14:19:12.731][VERB] COMMANDCALL: _C.SafeAPI.Execute(["v1.sketch.circle",[{"radius":3.3,"id":27175,"genFixation":0,"centerPos":[9.55,-32.15,0]}]])
[0m[0;32m[2026-09-16 14:19:12.733][VERB] RETURN: {"result":"$27181"}
[0m[0;32m[2026-09-16 14:19:12.733][VERB] COMMANDCALL: _C.SafeAPI.Execute(["v1.sketch.getPoints",[{"id":27181}]])
[0m[0;32m[2026-09-16 14:19:12.733][VERB] RETURN: {"result":{"centerId":"$27182"}}
[0m[0;32m[2026-09-16 14:19:12.733][VERB] COMMANDCALL: _C.SafeAPI.Execute(["v1.sketch.point",[{"pos":[-1000,-1000,0],"id":27175}]])
[0m[0;32m[2026-09-16 14:19:12.735][VERB] RETURN: {"result":"$27184"}
[0m[0;32m[2026-09-16 14:19:12.735][VERB] COMMANDCALL: _C.SafeAPI.Execute(["v1.sketch.constraint",[{"type":"FIXATION","id":27175,"geomIds":[27184]}]])
[0m[0;32m[2026-09-16 14:19:12.736][VERB] RETURN: {"result":"$27186"}
[0m[0;32m[2026-09-16 14:19:12.736][VERB] COMMANDCALL: _C.SafeAPI.Execute(["v1.sketch.dimension",[{"type":"HORIZONTAL_DISTANCE","value":"@expr.d1607_position_x","name":"position_x","id":27175,"geomIds":[27184,27182]}]])
[0m[0;32m[2026-09-16 14:19:12.741][VERB] RETURN: {"result":"$27190"}
[0m[0;32m[2026-09-16 14:19:12.741][VERB] COMMANDCALL: _C.SafeAPI.Execute(["v1.sketch.dimension",[{"type":"VERTICAL_DISTANCE","value":"@expr.d1608_position_y","name":"position_y","id":27175,"geomIds":[27184,27182]}]])
[0m[0;32m[2026-09-16 14:19:12.746][VERB] RETURN: {"result":"$27194"}
[0m[0;32m[2026-09-16 14:19:12.746][VERB] COMMANDCALL: _C.SafeAPI.Execute(["v1.sketch.dimension",[{"type":"RADIUS","value":"@expr.d1609_radius","name":"radius","id":27175,"geomIds":[27181]}]])
[0m[0;32m[2026-09-16 14:19:12.752][VERB] RETURN: {"result":"$27198"}
[0m[0;32m[2026-09-16 14:19:12.753][VERB] COMMANDCALL: _C.SafeAPI.Execute(["v1.part.extrusion",[{"references":[27181],"name":"F1605_makeCylinder_cad_primitives_py_12","taperAngle":0,"limit2":"@expr.d1610_height","id":4}]])
[0m[0;32m[2026-09-16 14:19:12.764][VERB] RETURN: {"result":"$27202"}
[0m[0;32m[2026-09-16 14:19:12.764][VERB] COMMANDCALL: _C.SafeAPI.Execute(["v1.part.boolean",[{"type":"SUBTRACTION","tools":[27202],"target":27087,"name":"F15_cut_housing_py_460","id":4}]])
[0m[0;32m[2026-09-16 14:19:12.785][VERB] RETURN: {"result":"$27224"}
[0m[0;32m[2026-09-16 14:19:12.786][VERB] COMMANDCALL: _C.SafeAPI.Execute(["v1.part.workPlane",[{"type":"PLANE","references":[46],"name":"F1611_makeCylinder_cad_primitives_py_12_plane","offset":"@expr.d1612_plane_offset","id":4}]])
[0m[0;32m[2026-09-16 14:19:12.795][VERB] RETURN: {"result":"$27246"}
[0m[0;32m[2026-09-16 14:19:12.795][VERB] COMMANDCALL: _C.SafeAPI.Execute(["v1.sketch.create",[{"planeId":27246,"name":"F1611_makeCylinder_cad_primitives_py_12_profile","id":4}]])
[0m[0;32m[2026-09-16 14:19:12.798][VERB] RETURN: {"result":"$27252"}
[0m[0;32m[2026-09-16 14:19:12.798][VERB] COMMANDCALL: _C.SafeAPI.Execute(["v1.sketch.circle",[{"radius":2.2,"id":27252,"genFixation":0,"centerPos":[9.55,-32.15,0]}]])
[0m[0;32m[2026-09-16 14:19:12.799][VERB] RETURN: {"result":"$27258"}
[0m[0;32m[2026-09-16 14:19:12.800][VERB] COMMANDCALL: _C.SafeAPI.Execute(["v1.sketch.getPoints",[{"id":27258}]])
[0m[0;32m[2026-09-16 14:19:12.800][VERB] RETURN: {"result":{"centerId":"$27259"}}
[0m[0;32m[2026-09-16 14:19:12.800][VERB] COMMANDCALL: _C.SafeAPI.Execute(["v1.sketch.point",[{"pos":[-1000,-1000,0],"id":27252}]])
[0m[0;32m[2026-09-16 14:19:12.802][VERB] RETURN: {"result":"$27261"}
[0m[0;32m[2026-09-16 14:19:12.802][VERB] COMMANDCALL: _C.SafeAPI.Execute(["v1.sketch.constraint",[{"type":"FIXATION","id":27252,"geomIds":[27261]}]])
[0m[0;32m[2026-09-16 14:19:12.804][VERB] RETURN: {"result":"$27263"}
[0m[0;32m[2026-09-16 14:19:12.804][VERB] COMMANDCALL: _C.SafeAPI.Execute(["v1.sketch.dimension",[{"type":"HORIZONTAL_DISTANCE","value":"@expr.d1613_position_x","name":"position_x","id":27252,"geomIds":[27261,27259]}]])
[0m[0;32m[2026-09-16 14:19:12.809][VERB] RETURN: {"result":"$27267"}
[0m[0;32m[2026-09-16 14:19:12.809][VERB] COMMANDCALL: _C.SafeAPI.Execute(["v1.sketch.dimension",[{"type":"VERTICAL_DISTANCE","value":"@expr.d1614_position_y","name":"position_y","id":27252,"geomIds":[27261,27259]}]])
[0m[0;32m[2026-09-16 14:19:12.815][VERB] RETURN: {"result":"$27271"}
[0m[0;32m[2026-09-16 14:19:12.815][VERB] COMMANDCALL: _C.SafeAPI.Execute(["v1.sketch.dimension",[{"type":"RADIUS","value":"@expr.d1615_radius","name":"radius","id":27252,"geomIds":[27258]}]])
[0m[0;32m[2026-09-16 14:19:12.823][VERB] RETURN: {"result":"$27275"}
[0m[0;32m[2026-09-16 14:19:12.824][VERB] COMMANDCALL: _C.SafeAPI.Execute(["v1.part.extrusion",[{"references":[27258],"name":"F1611_makeCylinder_cad_primitives_py_12","taperAngle":0,"limit2":"@expr.d1616_height","id":4}]])
[0m[0;32m[2026-09-16 14:19:12.839][VERB] RETURN: {"result":"$27279"}
[0m[0;32m[2026-09-16 14:19:12.840][VERB] COMMANDCALL: _C.SafeAPI.Execute(["v1.part.boolean",[{"type":"SUBTRACTION","tools":[27279],"target":27224,"name":"F14_cut_housing_py_460","id":4}]])
[0m[0;32m[2026-09-16 14:19:12.866][VERB] RETURN: {"result":"$27301"}
[0m[0;32m[2026-09-16 14:19:12.867][VERB] COMMANDCALL: _C.SafeAPI.Execute(["v1.part.workPlane",[{"type":"PLANE","references":[46],"name":"F1619_makeCylinder_cad_primitives_py_12_plane","offset":"@expr.d1620_plane_offset","id":4}]])
[0m[0;32m[2026-09-16 14:19:12.878][VERB] RETURN: {"result":"$27319"}
[0m[0;32m[2026-09-16 14:19:12.878][VERB] COMMANDCALL: _C.SafeAPI.Execute(["v1.sketch.create",[{"planeId":27319,"name":"F1619_makeCylinder_cad_primitives_py_12_profile","id":4}]])
[0m[0;32m[2026-09-16 14:19:12.881][VERB] RETURN: {"result":"$27325"}
[0m[0;32m[2026-09-16 14:19:12.881][VERB] COMMANDCALL: _C.SafeAPI.Execute(["v1.sketch.circle",[{"radius":14,"id":27325,"genFixation":0,"centerPos":[13,-13.9,0]}]])
[0m[0;32m[2026-09-16 14:19:12.882][VERB] RETURN: {"result":"$27331"}
[0m[0;32m[2026-09-16 14:19:12.882][VERB] COMMANDCALL: _C.SafeAPI.Execute(["v1.sketch.getPoints",[{"id":27331}]])
[0m[0;32m[2026-09-16 14:19:12.882][VERB] RETURN: {"result":{"centerId":"$27332"}}
[0m[0;32m[2026-09-16 14:19:12.883][VERB] COMMANDCALL: _C.SafeAPI.Execute(["v1.sketch.point",[{"pos":[-1000,-1000,0],"id":27325}]])
[0m[0;32m[2026-09-16 14:19:12.884][VERB] RETURN: {"result":"$27334"}
[0m[0;32m[2026-09-16 14:19:12.885][VERB] COMMANDCALL: _C.SafeAPI.Execute(["v1.sketch.constraint",[{"type":"FIXATION","id":27325,"geomIds":[27334]}]])
[0m[0;32m[2026-09-16 14:19:12.886][VERB] RETURN: {"result":"$27336"}
[0m[0;32m[2026-09-16 14:19:12.887][VERB] COMMANDCALL: _C.SafeAPI.Execute(["v1.sketch.dimension",[{"type":"HORIZONTAL_DISTANCE","value":"@expr.d1621_position_x","name":"position_x","id":27325,"geomIds":[27334,27332]}]])
[0m[0;32m[2026-09-16 14:19:12.892][VERB] RETURN: {"result":"$27340"}
[0m[0;32m[2026-09-16 14:19:12.893][VERB] COMMANDCALL: _C.SafeAPI.Execute(["v1.sketch.dimension",[{"type":"VERTICAL_DISTANCE","value":"@expr.d1622_position_y","name":"position_y","id":27325,"geomIds":[27334,27332]}]])
[0m[0;32m[2026-09-16 14:19:12.898][VERB] RETURN: {"result":"$27344"}
[0m[0;32m[2026-09-16 14:19:12.899][VERB] COMMANDCALL: _C.SafeAPI.Execute(["v1.sketch.dimension",[{"type":"RADIUS","value":"@expr.d1623_radius","name":"radius","id":27325,"geomIds":[27331]}]])
[0m[0;32m[2026-09-16 14:19:12.905][VERB] RETURN: {"result":"$27348"}
[0m[0;32m[2026-09-16 14:19:12.906][VERB] COMMANDCALL: _C.SafeAPI.Execute(["v1.part.extrusion",[{"references":[27331],"name":"F1619_makeCylinder_cad_primitives_py_12","taperAngle":0,"limit2":"@expr.d1624_height","id":4}]])
[0m[0;32m[2026-09-16 14:19:12.919][VERB] RETURN: {"result":"$27352"}
[0m[0;32m[2026-09-16 14:19:12.920][VERB] COMMANDCALL: _C.SafeAPI.Execute(["v1.part.workPlane",[{"type":"PLANE","references":[38],"name":"F1625_makeBox_cad_primitives_py_8_plane","offset":"@expr.d1626_plane_offset","id":4}]])
[0m[0;32m[2026-09-16 14:19:12.928][VERB] RETURN: {"result":"$27374"}
[0m[0;32m[2026-09-16 14:19:12.928][VERB] COMMANDCALL: _C.SafeAPI.Execute(["v1.sketch.create",[{"planeId":27374,"name":"F1625_makeBox_cad_primitives_py_8_profile","id":4}]])
[0m[0;32m[2026-09-16 14:19:12.930][VERB] RETURN: {"result":"$27380"}
[0m[0;32m[2026-09-16 14:19:12.930][VERB] COMMANDCALL: _C.SafeAPI.Execute(["v1.sketch.rectangle",[{"startPos":[86,-30,0],"id":27380,"genFixation":0,"endPos":[98,70,0]}]])
[0m[0;32m[2026-09-16 14:19:12.937][VERB] RETURN: {"result":["$27386","$27390","$27396","$27402"]}
[0m[0;32m[2026-09-16 14:19:12.937][VERB] COMMANDCALL: _C.SafeAPI.Execute(["v1.sketch.getPoints",[{"id":27386}]])
[0m[0;32m[2026-09-16 14:19:12.938][VERB] RETURN: {"result":{"endId":"$27388","startId":"$27387"}}
[0m[0;32m[2026-09-16 14:19:12.938][VERB] COMMANDCALL: _C.SafeAPI.Execute(["v1.sketch.point",[{"pos":[-1000,-1000,0],"id":27380}]])
[0m[0;32m[2026-09-16 14:19:12.940][VERB] RETURN: {"result":"$27418"}
[0m[0;32m[2026-09-16 14:19:12.940][VERB] COMMANDCALL: _C.SafeAPI.Execute(["v1.sketch.constraint",[{"type":"FIXATION","id":27380,"geomIds":[27418]}]])
[0m[0;32m[2026-09-16 14:19:12.941][VERB] RETURN: {"result":"$27420"}
[0m[0;32m[2026-09-16 14:19:12.942][VERB] COMMANDCALL: _C.SafeAPI.Execute(["v1.sketch.dimension",[{"type":"HORIZONTAL_DISTANCE","value":"@expr.d1627_position_x","name":"position_x","id":27380,"geomIds":[27418,27387]}]])
[0m[0;32m[2026-09-16 14:19:12.948][VERB] RETURN: {"result":"$27424"}
[0m[0;32m[2026-09-16 14:19:12.948][VERB] COMMANDCALL: _C.SafeAPI.Execute(["v1.sketch.dimension",[{"type":"VERTICAL_DISTANCE","value":"@expr.d1628_position_y","name":"position_y","id":27380,"geomIds":[27418,27387]}]])
[0m[0;32m[2026-09-16 14:19:12.955][VERB] RETURN: {"result":"$27428"}
[0m[0;32m[2026-09-16 14:19:12.955][VERB] COMMANDCALL: _C.SafeAPI.Execute(["v1.sketch.dimension",[{"type":"OFFSET","value":"@expr.d1629_width","name":"width","id":27380,"geomIds":[27386]}]])
[0m[0;32m[2026-09-16 14:19:12.963][VERB] RETURN: {"result":"$27432"}
[0m[0;32m[2026-09-16 14:19:12.963][VERB] COMMANDCALL: _C.SafeAPI.Execute(["v1.sketch.dimension",[{"type":"OFFSET","value":"@expr.d1630_depth","name":"depth","id":27380,"geomIds":[27390]}]])
[0m[0;32m[2026-09-16 14:19:12.971][VERB] RETURN: {"result":"$27436"}
[0m[0;32m[2026-09-16 14:19:12.972][VERB] COMMANDCALL: _C.SafeAPI.Execute(["v1.part.extrusion",[{"references":[27386,27390,27396,27402],"name":"F1625_makeBox_cad_primitives_py_8","taperAngle":0,"limit2":"@expr.d1631_height","id":4}]])
[0m[0;32m[2026-09-16 14:19:12.983][VERB] RETURN: {"result":"$27440"}
[0m[0;32m[2026-09-16 14:19:12.983][VERB] COMMANDCALL: _C.SafeAPI.Execute(["v1.part.boolean",[{"type":"SUBTRACTION","tools":[27440],"target":27352,"name":"F1618_cut_housing_shell_py_68","id":4}]])
[0m[0;32m[2026-09-16 14:19:12.995][VERB] RETURN: {"result":"$27483"}
[0m[0;32m[2026-09-16 14:19:12.995][VERB] COMMANDCALL: _C.SafeAPI.Execute(["v1.part.workPlane",[{"type":"PLANE","references":[38],"name":"F1632_makeBox_cad_primitives_py_8_plane","offset":"@expr.d1633_plane_offset","id":4}]])
[0m[0;32m[2026-09-16 14:19:13.003][VERB] RETURN: {"result":"$27513"}
[0m[0;32m[2026-09-16 14:19:13.004][VERB] COMMANDCALL: _C.SafeAPI.Execute(["v1.sketch.create",[{"planeId":27513,"name":"F1632_makeBox_cad_primitives_py_8_profile","id":4}]])
[0m[0;32m[2026-09-16 14:19:13.006][VERB] RETURN: {"result":"$27519"}
[0m[0;32m[2026-09-16 14:19:13.006][VERB] COMMANDCALL: _C.SafeAPI.Execute(["v1.sketch.rectangle",[{"startPos":[87.3,3,0],"id":27519,"genFixation":0,"endPos":[88.5,6,0]}]])
[0m[0;32m[2026-09-16 14:19:13.013][VERB] RETURN: {"result":["$27525","$27529","$27535","$27541"]}
[0m[0;32m[2026-09-16 14:19:13.013][VERB] COMMANDCALL: _C.SafeAPI.Execute(["v1.sketch.getPoints",[{"id":27525}]])
[0m[0;32m[2026-09-16 14:19:13.013][VERB] RETURN: {"result":{"endId":"$27527","startId":"$27526"}}
[0m[0;32m[2026-09-16 14:19:13.013][VERB] COMMANDCALL: _C.SafeAPI.Execute(["v1.sketch.point",[{"pos":[-1000,-1000,0],"id":27519}]])
[0m[0;32m[2026-09-16 14:19:13.016][VERB] RETURN: {"result":"$27557"}
[0m[0;32m[2026-09-16 14:19:13.016][VERB] COMMANDCALL: _C.SafeAPI.Execute(["v1.sketch.constraint",[{"type":"FIXATION","id":27519,"geomIds":[27557]}]])
[0m[0;32m[2026-09-16 14:19:13.017][VERB] RETURN: {"result":"$27559"}
[0m[0;32m[2026-09-16 14:19:13.018][VERB] COMMANDCALL: _C.SafeAPI.Execute(["v1.sketch.dimension",[{"type":"HORIZONTAL_DISTANCE","value":"@expr.d1634_position_x","name":"position_x","id":27519,"geomIds":[27557,27526]}]])
[0m[0;32m[2026-09-16 14:19:13.024][VERB] RETURN: {"result":"$27563"}
[0m[0;32m[2026-09-16 14:19:13.024][VERB] COMMANDCALL: _C.SafeAPI.Execute(["v1.sketch.dimension",[{"type":"VERTICAL_DISTANCE","value":"@expr.d1635_position_y","name":"position_y","id":27519,"geomIds":[27557,27526]}]])
[0m[0;32m[2026-09-16 14:19:13.031][VERB] RETURN: {"result":"$27567"}
[0m[0;32m[2026-09-16 14:19:13.031][VERB] COMMANDCALL: _C.SafeAPI.Execute(["v1.sketch.dimension",[{"type":"OFFSET","value":"@expr.d1636_width","name":"width","id":27519,"geomIds":[27525]}]])
[0m[0;32m[2026-09-16 14:19:13.039][VERB] RETURN: {"result":"$27571"}
[0m[0;32m[2026-09-16 14:19:13.039][VERB] COMMANDCALL: _C.SafeAPI.Execute(["v1.sketch.dimension",[{"type":"OFFSET","value":"@expr.d1637_depth","name":"depth","id":27519,"geomIds":[27529]}]])
[0m[0;32m[2026-09-16 14:19:13.048][VERB] RETURN: {"result":"$27575"}
[0m[0;32m[2026-09-16 14:19:13.048][VERB] COMMANDCALL: _C.SafeAPI.Execute(["v1.part.extrusion",[{"references":[27525,27529,27535,27541],"name":"F1632_makeBox_cad_primitives_py_8","taperAngle":0,"limit2":"@expr.d1638_height","id":4}]])
[0m[0;32m[2026-09-16 14:19:13.059][VERB] RETURN: {"result":"$27579"}
[0m[0;32m[2026-09-16 14:19:13.059][VERB] COMMANDCALL: _C.SafeAPI.Execute(["v1.part.boolean",[{"type":"SUBTRACTION","tools":[27579],"target":27483,"name":"F1617_cut_housing_py_463_tool_0","id":4}]])
[0m[0;32m[2026-09-16 14:19:13.071][VERB] RETURN: {"result":"$27622"}
[0m[0;32m[2026-09-16 14:19:13.071][VERB] COMMANDCALL: _C.SafeAPI.Execute(["v1.part.workPlane",[{"type":"PLANE","references":[38],"name":"F1639_makeBox_cad_primitives_py_8_plane","offset":"@expr.d1640_plane_offset","id":4}]])
[0m[0;32m[2026-09-16 14:19:13.079][VERB] RETURN: {"result":"$27674"}
[0m[0;32m[2026-09-16 14:19:13.080][VERB] COMMANDCALL: _C.SafeAPI.Execute(["v1.sketch.create",[{"planeId":27674,"name":"F1639_makeBox_cad_primitives_py_8_profile","id":4}]])
[0m[0;32m[2026-09-16 14:19:13.082][VERB] RETURN: {"result":"$27680"}
[0m[0;32m[2026-09-16 14:19:13.082][VERB] COMMANDCALL: _C.SafeAPI.Execute(["v1.sketch.rectangle",[{"startPos":[87.3,21.5,0],"id":27680,"genFixation":0,"endPos":[88.5,24.5,0]}]])
[0m[0;32m[2026-09-16 14:19:13.089][VERB] RETURN: {"result":["$27686","$27690","$27696","$27702"]}
[0m[0;32m[2026-09-16 14:19:13.090][VERB] COMMANDCALL: _C.SafeAPI.Execute(["v1.sketch.getPoints",[{"id":27686}]])
[0m[0;32m[2026-09-16 14:19:13.090][VERB] RETURN: {"result":{"endId":"$27688","startId":"$27687"}}
[0m[0;32m[2026-09-16 14:19:13.090][VERB] COMMANDCALL: _C.SafeAPI.Execute(["v1.sketch.point",[{"pos":[-1000,-1000,0],"id":27680}]])
[0m[0;32m[2026-09-16 14:19:13.092][VERB] RETURN: {"result":"$27718"}
[0m[0;32m[2026-09-16 14:19:13.092][VERB] COMMANDCALL: _C.SafeAPI.Execute(["v1.sketch.constraint",[{"type":"FIXATION","id":27680,"geomIds":[27718]}]])
[0m[0;32m[2026-09-16 14:19:13.094][VERB] RETURN: {"result":"$27720"}
[0m[0;32m[2026-09-16 14:19:13.094][VERB] COMMANDCALL: _C.SafeAPI.Execute(["v1.sketch.dimension",[{"type":"HORIZONTAL_DISTANCE","value":"@expr.d1641_position_x","name":"position_x","id":27680,"geomIds":[27718,27687]}]])
[0m[0;32m[2026-09-16 14:19:13.101][VERB] RETURN: {"result":"$27724"}
[0m[0;32m[2026-09-16 14:19:13.102][VERB] COMMANDCALL: _C.SafeAPI.Execute(["v1.sketch.dimension",[{"type":"VERTICAL_DISTANCE","value":"@expr.d1642_position_y","name":"position_y","id":27680,"geomIds":[27718,27687]}]])
[0m[0;32m[2026-09-16 14:19:13.109][VERB] RETURN: {"result":"$27728"}
[0m[0;32m[2026-09-16 14:19:13.109][VERB] COMMANDCALL: _C.SafeAPI.Execute(["v1.sketch.dimension",[{"type":"OFFSET","value":"@expr.d1643_width","name":"width","id":27680,"geomIds":[27686]}]])
[0m[0;32m[2026-09-16 14:19:13.117][VERB] RETURN: {"result":"$27732"}
[0m[0;32m[2026-09-16 14:19:13.118][VERB] COMMANDCALL: _C.SafeAPI.Execute(["v1.sketch.dimension",[{"type":"OFFSET","value":"@expr.d1644_depth","name":"depth","id":27680,"geomIds":[27690]}]])
[0m[0;32m[2026-09-16 14:19:13.128][VERB] RETURN: {"result":"$27736"}
[0m[0;32m[2026-09-16 14:19:13.128][VERB] COMMANDCALL: _C.SafeAPI.Execute(["v1.part.extrusion",[{"references":[27686,27690,27696,27702],"name":"F1639_makeBox_cad_primitives_py_8","taperAngle":0,"limit2":"@expr.d1645_height","id":4}]])
[0m[0;32m[2026-09-16 14:19:13.143][VERB] RETURN: {"result":"$27740"}
[0m[0;32m[2026-09-16 14:19:13.144][VERB] COMMANDCALL: _C.SafeAPI.Execute(["v1.part.boolean",[{"type":"SUBTRACTION","tools":[27740],"target":27622,"name":"F1617_cut_housing_py_463_tool_1","id":4}]])
[0m[0;32m[2026-09-16 14:19:13.160][VERB] RETURN: {"result":"$27783"}
[0m[0;32m[2026-09-16 14:19:13.161][VERB] COMMANDCALL: _C.SafeAPI.Execute(["v1.part.boolean",[{"type":"SUBTRACTION","tools":[27783],"target":27301,"name":"F13_cut_housing_py_463","id":4}]])
[0m[0;32m[2026-09-16 14:19:13.222][VERB] RETURN: {"result":"$27835"}
[0m[0;32m[2026-09-16 14:19:13.223][VERB] COMMANDCALL: _C.SafeAPI.Execute(["v1.sketch.create",[{"planeId":42,"name":"F1648_extrude_housing_components_py_153_profile","id":4}]])
[0m[0;32m[2026-09-16 14:19:13.225][VERB] RETURN: {"result":"$27904"}
[0m[0;32m[2026-09-16 14:19:13.225][VERB] COMMANDCALL: _C.SafeAPI.Execute(["v1.sketch.point",[{"pos":[-1000,-1000,0],"id":27904}]])
[0m[0;32m[2026-09-16 14:19:13.226][VERB] RETURN: {"result":"$27910"}
[0m[0;32m[2026-09-16 14:19:13.227][VERB] COMMANDCALL: _C.SafeAPI.Execute(["v1.sketch.constraint",[{"type":"FIXATION","id":27904,"geomIds":[27910]}]])
[0m[0;32m[2026-09-16 14:19:13.228][VERB] RETURN: {"result":"$27912"}
[0m[0;32m[2026-09-16 14:19:13.228][VERB] COMMANDCALL: _C.SafeAPI.Execute(["v1.sketch.line",[{"startPos":[8.475,-16.7,0],"genIncidence":0,"genTangency":0,"genFixation":0,"genVertAndHoriz":0,"id":27904,"endPos":[18.275,-16.7,0]}]])
[0m[0;32m[2026-09-16 14:19:13.229][VERB] RETURN: {"result":"$27914"}
[0m[0;32m[2026-09-16 14:19:13.229][VERB] COMMANDCALL: _C.SafeAPI.Execute(["v1.sketch.getPoints",[{"id":27914}]])
[0m[0;32m[2026-09-16 14:19:13.230][VERB] RETURN: {"result":{"endId":"$27916","startId":"$27915"}}
[0m[0;32m[2026-09-16 14:19:13.230][VERB] COMMANDCALL: _C.SafeAPI.Execute(["v1.sketch.dimension",[{"type":"HORIZONTAL_DISTANCE","value":"@expr.d1649_x","name":"x","id":27904,"geomIds":[27910,27915]}]])
[0m[0;32m[2026-09-16 14:19:13.235][VERB] RETURN: {"result":"$27920"}
[0m[0;32m[2026-09-16 14:19:13.235][VERB] COMMANDCALL: _C.SafeAPI.Execute(["v1.sketch.dimension",[{"type":"VERTICAL_DISTANCE","value":"@expr.d1650_y","name":"y","id":27904,"geomIds":[27910,27915]}]])
[0m[0;32m[2026-09-16 14:19:13.241][VERB] RETURN: {"result":"$27924"}
[0m[0;32m[2026-09-16 14:19:13.241][VERB] COMMANDCALL: _C.SafeAPI.Execute(["v1.sketch.dimension",[{"type":"HORIZONTAL_DISTANCE","value":"@expr.d1651_x","name":"x","id":27904,"geomIds":[27910,27916]}]])
[0m[0;32m[2026-09-16 14:19:13.247][VERB] RETURN: {"result":"$27928"}
[0m[0;32m[2026-09-16 14:19:13.247][VERB] COMMANDCALL: _C.SafeAPI.Execute(["v1.sketch.dimension",[{"type":"VERTICAL_DISTANCE","value":"@expr.d1652_y","name":"y","id":27904,"geomIds":[27910,27916]}]])
[0m[0;32m[2026-09-16 14:19:13.255][VERB] RETURN: {"result":"$27932"}
[0m[0;32m[2026-09-16 14:19:13.255][VERB] COMMANDCALL: _C.SafeAPI.Execute(["v1.sketch.arcBy3Points",[{"startPos":[18.275,-16.7,0],"genIncidence":0,"genTangency":0,"genFixation":0,"genVertAndHoriz":0,"midPos":[19.406370849898,-17.168629150102,0],"id":27904,"endPos":[19.875,-18.3,0]}]])
[0m[0;32m[2026-09-16 14:19:13.258][VERB] RETURN: {"result":"$27934"}
[0m[0;32m[2026-09-16 14:19:13.258][VERB] COMMANDCALL: _C.SafeAPI.Execute(["v1.sketch.getPoints",[{"id":27934}]])
[0m[0;32m[2026-09-16 14:19:13.259][VERB] RETURN: {"result":{"centerId":"$27937","endId":"$27935","startId":"$27936"}}
[0m[0;32m[2026-09-16 14:19:13.259][VERB] COMMANDCALL: _C.SafeAPI.Execute(["v1.sketch.dimension",[{"type":"HORIZONTAL_DISTANCE","value":"@expr.d1653_x","name":"x","id":27904,"geomIds":[27910,27936]}]])
[0m[0;32m[2026-09-16 14:19:13.267][VERB] RETURN: {"result":"$27941"}
[0m[0;32m[2026-09-16 14:19:13.268][VERB] COMMANDCALL: _C.SafeAPI.Execute(["v1.sketch.dimension",[{"type":"VERTICAL_DISTANCE","value":"@expr.d1654_y","name":"y","id":27904,"geomIds":[27910,27936]}]])
[0m[0;32m[2026-09-16 14:19:13.277][VERB] RETURN: {"result":"$27945"}
[0m[0;32m[2026-09-16 14:19:13.277][VERB] COMMANDCALL: _C.SafeAPI.Execute(["v1.sketch.dimension",[{"type":"HORIZONTAL_DISTANCE","value":"@expr.d1655_x","name":"x","id":27904,"geomIds":[27910,27935]}]])
[0m[0;32m[2026-09-16 14:19:13.287][VERB] RETURN: {"result":"$27949"}
[0m[0;32m[2026-09-16 14:19:13.288][VERB] COMMANDCALL: _C.SafeAPI.Execute(["v1.sketch.dimension",[{"type":"VERTICAL_DISTANCE","value":"@expr.d1656_y","name":"y","id":27904,"geomIds":[27910,27935]}]])
[0m[0;32m[2026-09-16 14:19:13.299][VERB] RETURN: {"result":"$27953"}
[0m[0;32m[2026-09-16 14:19:13.299][VERB] COMMANDCALL: _C.SafeAPI.Execute(["v1.sketch.dimension",[{"type":"RADIUS","value":"@expr.d1657_arc_radius","name":"arc_radius","id":27904,"geomIds":[27934]}]])
[0m[0;32m[2026-09-16 14:19:13.310][VERB] RETURN: {"result":"$27957"}
[0m[0;32m[2026-09-16 14:19:13.310][VERB] COMMANDCALL: _C.SafeAPI.Execute(["v1.sketch.line",[{"startPos":[19.875,-18.3,0],"genIncidence":0,"genTangency":0,"genFixation":0,"genVertAndHoriz":0,"id":27904,"endPos":[19.875,-22.2,0]}]])
[0m[0;32m[2026-09-16 14:19:13.316][VERB] RETURN: {"result":"$27959"}
[0m[0;32m[2026-09-16 14:19:13.316][VERB] COMMANDCALL: _C.SafeAPI.Execute(["v1.sketch.getPoints",[{"id":27959}]])
[0m[0;32m[2026-09-16 14:19:13.316][VERB] RETURN: {"result":{"endId":"$27961","startId":"$27960"}}
[0m[0;32m[2026-09-16 14:19:13.316][VERB] COMMANDCALL: _C.SafeAPI.Execute(["v1.sketch.dimension",[{"type":"HORIZONTAL_DISTANCE","value":"@expr.d1658_x","name":"x","id":27904,"geomIds":[27910,27960]}]])
[0m[0;32m[2026-09-16 14:19:13.329][VERB] RETURN: {"result":"$27965"}
[0m[0;32m[2026-09-16 14:19:13.329][VERB] COMMANDCALL: _C.SafeAPI.Execute(["v1.sketch.dimension",[{"type":"VERTICAL_DISTANCE","value":"@expr.d1659_y","name":"y","id":27904,"geomIds":[27910,27960]}]])
[0m[0;32m[2026-09-16 14:19:13.342][VERB] RETURN: {"result":"$27969"}
[0m[0;32m[2026-09-16 14:19:13.342][VERB] COMMANDCALL: _C.SafeAPI.Execute(["v1.sketch.dimension",[{"type":"HORIZONTAL_DISTANCE","value":"@expr.d1660_x","name":"x","id":27904,"geomIds":[27910,27961]}]])
[0m[0;32m[2026-09-16 14:19:13.356][VERB] RETURN: {"result":"$27973"}
[0m[0;32m[2026-09-16 14:19:13.356][VERB] COMMANDCALL: _C.SafeAPI.Execute(["v1.sketch.dimension",[{"type":"VERTICAL_DISTANCE","value":"@expr.d1661_y","name":"y","id":27904,"geomIds":[27910,27961]}]])
[0m[0;32m[2026-09-16 14:19:13.371][VERB] RETURN: {"result":"$27977"}
[0m[0;32m[2026-09-16 14:19:13.371][VERB] COMMANDCALL: _C.SafeAPI.Execute(["v1.sketch.arcBy3Points",[{"startPos":[19.875,-22.2,0],"genIncidence":0,"genTangency":0,"genFixation":0,"genVertAndHoriz":0,"midPos":[19.406370849898,-23.331370849898,0],"id":27904,"endPos":[18.275,-23.8,0]}]])
[0m[0;32m[2026-09-16 14:19:13.378][VERB] RETURN: {"result":"$27979"}
[0m[0;32m[2026-09-16 14:19:13.378][VERB] COMMANDCALL: _C.SafeAPI.Execute(["v1.sketch.getPoints",[{"id":27979}]])
[0m[0;32m[2026-09-16 14:19:13.378][VERB] RETURN: {"result":{"centerId":"$27982","endId":"$27980","startId":"$27981"}}
[0m[0;32m[2026-09-16 14:19:13.379][VERB] COMMANDCALL: _C.SafeAPI.Execute(["v1.sketch.dimension",[{"type":"HORIZONTAL_DISTANCE","value":"@expr.d1662_x","name":"x","id":27904,"geomIds":[27910,27981]}]])
[0m[0;32m[2026-09-16 14:19:13.394][VERB] RETURN: {"result":"$27986"}
[0m[0;32m[2026-09-16 14:19:13.394][VERB] COMMANDCALL: _C.SafeAPI.Execute(["v1.sketch.dimension",[{"type":"VERTICAL_DISTANCE","value":"@expr.d1663_y","name":"y","id":27904,"geomIds":[27910,27981]}]])
[0m[0;32m[2026-09-16 14:19:13.411][VERB] RETURN: {"result":"$27990"}
[0m[0;32m[2026-09-16 14:19:13.411][VERB] COMMANDCALL: _C.SafeAPI.Execute(["v1.sketch.dimension",[{"type":"HORIZONTAL_DISTANCE","value":"@expr.d1664_x","name":"x","id":27904,"geomIds":[27910,27980]}]])
[0m[0;32m[2026-09-16 14:19:13.428][VERB] RETURN: {"result":"$27994"}
[0m[0;32m[2026-09-16 14:19:13.428][VERB] COMMANDCALL: _C.SafeAPI.Execute(["v1.sketch.dimension",[{"type":"VERTICAL_DISTANCE","value":"@expr.d1665_y","name":"y","id":27904,"geomIds":[27910,27980]}]])
[0m[0;32m[2026-09-16 14:19:13.446][VERB] RETURN: {"result":"$27998"}
[0m[0;32m[2026-09-16 14:19:13.447][VERB] COMMANDCALL: _C.SafeAPI.Execute(["v1.sketch.dimension",[{"type":"RADIUS","value":"@expr.d1666_arc_radius","name":"arc_radius","id":27904,"geomIds":[27979]}]])
[0m[0;32m[2026-09-16 14:19:13.464][VERB] RETURN: {"result":"$28002"}
[0m[0;32m[2026-09-16 14:19:13.465][VERB] COMMANDCALL: _C.SafeAPI.Execute(["v1.sketch.line",[{"startPos":[18.275,-23.8,0],"genIncidence":0,"genTangency":0,"genFixation":0,"genVertAndHoriz":0,"id":27904,"endPos":[8.475,-23.8,0]}]])
[0m[0;32m[2026-09-16 14:19:13.473][VERB] RETURN: {"result":"$28004"}
[0m[0;32m[2026-09-16 14:19:13.474][VERB] COMMANDCALL: _C.SafeAPI.Execute(["v1.sketch.getPoints",[{"id":28004}]])
[0m[0;32m[2026-09-16 14:19:13.474][VERB] RETURN: {"result":{"endId":"$28006","startId":"$28005"}}
[0m[0;32m[2026-09-16 14:19:13.474][VERB] COMMANDCALL: _C.SafeAPI.Execute(["v1.sketch.dimension",[{"type":"HORIZONTAL_DISTANCE","value":"@expr.d1667_x","name":"x","id":27904,"geomIds":[27910,28005]}]])
[0m[0;32m[2026-09-16 14:19:13.494][VERB] RETURN: {"result":"$28010"}
[0m[0;32m[2026-09-16 14:19:13.495][VERB] COMMANDCALL: _C.SafeAPI.Execute(["v1.sketch.dimension",[{"type":"VERTICAL_DISTANCE","value":"@expr.d1668_y","name":"y","id":27904,"geomIds":[27910,28005]}]])
[0m[0;32m[2026-09-16 14:19:13.516][VERB] RETURN: {"result":"$28014"}
[0m[0;32m[2026-09-16 14:19:13.516][VERB] COMMANDCALL: _C.SafeAPI.Execute(["v1.sketch.dimension",[{"type":"HORIZONTAL_DISTANCE","value":"@expr.d1669_x","name":"x","id":27904,"geomIds":[27910,28006]}]])
[0m[0;32m[2026-09-16 14:19:13.539][VERB] RETURN: {"result":"$28018"}
[0m[0;32m[2026-09-16 14:19:13.539][VERB] COMMANDCALL: _C.SafeAPI.Execute(["v1.sketch.dimension",[{"type":"VERTICAL_DISTANCE","value":"@expr.d1670_y","name":"y","id":27904,"geomIds":[27910,28006]}]])
[0m[0;32m[2026-09-16 14:19:13.561][VERB] RETURN: {"result":"$28022"}
[0m[0;32m[2026-09-16 14:19:13.561][VERB] COMMANDCALL: _C.SafeAPI.Execute(["v1.sketch.arcBy3Points",[{"startPos":[8.475,-23.8,0],"genIncidence":0,"genTangency":0,"genFixation":0,"genVertAndHoriz":0,"midPos":[7.3436291501015,-23.331370849898,0],"id":27904,"endPos":[6.875,-22.2,0]}]])
[0m[0;32m[2026-09-16 14:19:13.572][VERB] RETURN: {"result":"$28024"}
[0m[0;32m[2026-09-16 14:19:13.573][VERB] COMMANDCALL: _C.SafeAPI.Execute(["v1.sketch.getPoints",[{"id":28024}]])
[0m[0;32m[2026-09-16 14:19:13.573][VERB] RETURN: {"result":{"centerId":"$28027","endId":"$28025","startId":"$28026"}}
[0m[0;32m[2026-09-16 14:19:13.573][VERB] COMMANDCALL: _C.SafeAPI.Execute(["v1.sketch.dimension",[{"type":"HORIZONTAL_DISTANCE","value":"@expr.d1671_x","name":"x","id":27904,"geomIds":[27910,28026]}]])
[0m[0;32m[2026-09-16 14:19:13.596][VERB] RETURN: {"result":"$28031"}
[0m[0;32m[2026-09-16 14:19:13.597][VERB] COMMANDCALL: _C.SafeAPI.Execute(["v1.sketch.dimension",[{"type":"VERTICAL_DISTANCE","value":"@expr.d1672_y","name":"y","id":27904,"geomIds":[27910,28026]}]])
[0m[0;32m[2026-09-16 14:19:13.620][VERB] RETURN: {"result":"$28035"}
[0m[0;32m[2026-09-16 14:19:13.621][VERB] COMMANDCALL: _C.SafeAPI.Execute(["v1.sketch.dimension",[{"type":"HORIZONTAL_DISTANCE","value":"@expr.d1673_x","name":"x","id":27904,"geomIds":[27910,28025]}]])
[0m[0;32m[2026-09-16 14:19:13.647][VERB] RETURN: {"result":"$28039"}
[0m[0;32m[2026-09-16 14:19:13.647][VERB] COMMANDCALL: _C.SafeAPI.Execute(["v1.sketch.dimension",[{"type":"VERTICAL_DISTANCE","value":"@expr.d1674_y","name":"y","id":27904,"geomIds":[27910,28025]}]])
[0m[0;32m[2026-09-16 14:19:13.674][VERB] RETURN: {"result":"$28043"}
[0m[0;32m[2026-09-16 14:19:13.675][VERB] COMMANDCALL: _C.SafeAPI.Execute(["v1.sketch.dimension",[{"type":"RADIUS","value":"@expr.d1675_arc_radius","name":"arc_radius","id":27904,"geomIds":[28024]}]])
[0m[0;32m[2026-09-16 14:19:13.703][VERB] RETURN: {"result":"$28047"}
[0m[0;32m[2026-09-16 14:19:13.703][VERB] COMMANDCALL: _C.SafeAPI.Execute(["v1.sketch.line",[{"startPos":[6.875,-22.2,0],"genIncidence":0,"genTangency":0,"genFixation":0,"genVertAndHoriz":0,"id":27904,"endPos":[6.875,-18.3,0]}]])
[0m[0;32m[2026-09-16 14:19:13.717][VERB] RETURN: {"result":"$28049"}
[0m[0;32m[2026-09-16 14:19:13.718][VERB] COMMANDCALL: _C.SafeAPI.Execute(["v1.sketch.getPoints",[{"id":28049}]])
[0m[0;32m[2026-09-16 14:19:13.718][VERB] RETURN: {"result":{"endId":"$28051","startId":"$28050"}}
[0m[0;32m[2026-09-16 14:19:13.718][VERB] COMMANDCALL: _C.SafeAPI.Execute(["v1.sketch.dimension",[{"type":"HORIZONTAL_DISTANCE","value":"@expr.d1676_x","name":"x","id":27904,"geomIds":[27910,28050]}]])
[0m[0;32m[2026-09-16 14:19:13.746][VERB] RETURN: {"result":"$28055"}
[0m[0;32m[2026-09-16 14:19:13.746][VERB] COMMANDCALL: _C.SafeAPI.Execute(["v1.sketch.dimension",[{"type":"VERTICAL_DISTANCE","value":"@expr.d1677_y","name":"y","id":27904,"geomIds":[27910,28050]}]])
[0m[0;32m[2026-09-16 14:19:13.773][VERB] RETURN: {"result":"$28059"}
[0m[0;32m[2026-09-16 14:19:13.774][VERB] COMMANDCALL: _C.SafeAPI.Execute(["v1.sketch.dimension",[{"type":"HORIZONTAL_DISTANCE","value":"@expr.d1678_x","name":"x","id":27904,"geomIds":[27910,28051]}]])
[0m[0;32m[2026-09-16 14:19:13.802][VERB] RETURN: {"result":"$28063"}
[0m[0;32m[2026-09-16 14:19:13.802][VERB] COMMANDCALL: _C.SafeAPI.Execute(["v1.sketch.dimension",[{"type":"VERTICAL_DISTANCE","value":"@expr.d1679_y","name":"y","id":27904,"geomIds":[27910,28051]}]])
[0m[0;32m[2026-09-16 14:19:13.830][VERB] RETURN: {"result":"$28067"}
[0m[0;32m[2026-09-16 14:19:13.830][VERB] COMMANDCALL: _C.SafeAPI.Execute(["v1.sketch.arcBy3Points",[{"startPos":[6.875,-18.3,0],"genIncidence":0,"genTangency":0,"genFixation":0,"genVertAndHoriz":0,"midPos":[7.3436291501015,-17.168629150102,0],"id":27904,"endPos":[8.475,-16.7,0]}]])
[0m[0;32m[2026-09-16 14:19:13.845][VERB] RETURN: {"result":"$28069"}
[0m[0;32m[2026-09-16 14:19:13.845][VERB] COMMANDCALL: _C.SafeAPI.Execute(["v1.sketch.getPoints",[{"id":28069}]])
[0m[0;32m[2026-09-16 14:19:13.845][VERB] RETURN: {"result":{"centerId":"$28072","endId":"$28070","startId":"$28071"}}
[0m[0;32m[2026-09-16 14:19:13.845][VERB] COMMANDCALL: _C.SafeAPI.Execute(["v1.sketch.dimension",[{"type":"HORIZONTAL_DISTANCE","value":"@expr.d1680_x","name":"x","id":27904,"geomIds":[27910,28071]}]])
[0m[0;32m[2026-09-16 14:19:13.875][VERB] RETURN: {"result":"$28076"}
[0m[0;32m[2026-09-16 14:19:13.876][VERB] COMMANDCALL: _C.SafeAPI.Execute(["v1.sketch.dimension",[{"type":"VERTICAL_DISTANCE","value":"@expr.d1681_y","name":"y","id":27904,"geomIds":[27910,28071]}]])
[0m[0;32m[2026-09-16 14:19:13.906][VERB] RETURN: {"result":"$28080"}
[0m[0;32m[2026-09-16 14:19:13.906][VERB] COMMANDCALL: _C.SafeAPI.Execute(["v1.sketch.dimension",[{"type":"HORIZONTAL_DISTANCE","value":"@expr.d1682_x","name":"x","id":27904,"geomIds":[27910,28070]}]])
[0m[0;32m[2026-09-16 14:19:13.937][VERB] RETURN: {"result":"$28084"}
[0m[0;32m[2026-09-16 14:19:13.937][VERB] COMMANDCALL: _C.SafeAPI.Execute(["v1.sketch.dimension",[{"type":"VERTICAL_DISTANCE","value":"@expr.d1683_y","name":"y","id":27904,"geomIds":[27910,28070]}]])
[0m[0;32m[2026-09-16 14:19:13.971][VERB] RETURN: {"result":"$28088"}
[0m[0;32m[2026-09-16 14:19:13.972][VERB] COMMANDCALL: _C.SafeAPI.Execute(["v1.sketch.dimension",[{"type":"RADIUS","value":"@expr.d1684_arc_radius","name":"arc_radius","id":27904,"geomIds":[28069]}]])
[0m[0;32m[2026-09-16 14:19:14.005][VERB] RETURN: {"result":"$28092"}
[0m[0;32m[2026-09-16 14:19:14.006][VERB] COMMANDCALL: _C.SafeAPI.Execute(["v1.part.extrusion",[{"references":[27914,27934,27959,27979,28004,28024,28049,28069],"name":"F1648_extrude_housing_components_py_153","taperAngle":0,"limit2":"@expr.d1685_height","id":4}]])
[0m[0;32m[2026-09-16 14:19:14.019][VERB] RETURN: {"result":"$28096"}
[0m[0;32m[2026-09-16 14:19:14.020][VERB] COMMANDCALL: _C.SafeAPI.Execute(["v1.part.translation",[{"references":[30],"name":"F1648_extrude_housing_components_py_153_1","id":4,"targets":[28096],"distance":"@expr.d1686_position"}]])
[0m[0;32m[2026-09-16 14:19:14.029][VERB] RETURN: {"result":"$28167"}
[0m[0;32m[2026-09-16 14:19:14.029][VERB] COMMANDCALL: _C.SafeAPI.Execute(["v1.part.workPlane",[{"type":"PLANE","references":[38],"name":"F1687_makeBox_cad_primitives_py_8_plane","offset":"@expr.d1688_plane_offset","id":4}]])
[0m[0;32m[2026-09-16 14:19:14.038][VERB] RETURN: {"result":"$28178"}
[0m[0;32m[2026-09-16 14:19:14.038][VERB] COMMANDCALL: _C.SafeAPI.Execute(["v1.sketch.create",[{"planeId":28178,"name":"F1687_makeBox_cad_primitives_py_8_profile","id":4}]])
[0m[0;32m[2026-09-16 14:19:14.040][VERB] RETURN: {"result":"$28184"}
[0m[0;32m[2026-09-16 14:19:14.040][VERB] COMMANDCALL: _C.SafeAPI.Execute(["v1.sketch.rectangle",[{"startPos":[8.475,63.5,0],"id":28184,"genFixation":0,"endPos":[18.275,67.5,0]}]])
[0m[0;32m[2026-09-16 14:19:14.047][VERB] RETURN: {"result":["$28190","$28194","$28200","$28206"]}
[0m[0;32m[2026-09-16 14:19:14.047][VERB] COMMANDCALL: _C.SafeAPI.Execute(["v1.sketch.getPoints",[{"id":28190}]])
[0m[0;32m[2026-09-16 14:19:14.047][VERB] RETURN: {"result":{"endId":"$28192","startId":"$28191"}}
[0m[0;32m[2026-09-16 14:19:14.048][VERB] COMMANDCALL: _C.SafeAPI.Execute(["v1.sketch.point",[{"pos":[-1000,-1000,0],"id":28184}]])
[0m[0;32m[2026-09-16 14:19:14.050][VERB] RETURN: {"result":"$28222"}
[0m[0;32m[2026-09-16 14:19:14.050][VERB] COMMANDCALL: _C.SafeAPI.Execute(["v1.sketch.constraint",[{"type":"FIXATION","id":28184,"geomIds":[28222]}]])
[0m[0;32m[2026-09-16 14:19:14.052][VERB] RETURN: {"result":"$28224"}
[0m[0;32m[2026-09-16 14:19:14.052][VERB] COMMANDCALL: _C.SafeAPI.Execute(["v1.sketch.dimension",[{"type":"HORIZONTAL_DISTANCE","value":"@expr.d1689_position_x","name":"position_x","id":28184,"geomIds":[28222,28191]}]])
[0m[0;32m[2026-09-16 14:19:14.058][VERB] RETURN: {"result":"$28228"}
[0m[0;32m[2026-09-16 14:19:14.058][VERB] COMMANDCALL: _C.SafeAPI.Execute(["v1.sketch.dimension",[{"type":"VERTICAL_DISTANCE","value":"@expr.d1690_position_y","name":"position_y","id":28184,"geomIds":[28222,28191]}]])
[0m[0;32m[2026-09-16 14:19:14.065][VERB] RETURN: {"result":"$28232"}
[0m[0;32m[2026-09-16 14:19:14.065][VERB] COMMANDCALL: _C.SafeAPI.Execute(["v1.sketch.dimension",[{"type":"OFFSET","value":"@expr.d1691_width","name":"width","id":28184,"geomIds":[28190]}]])
[0m[0;32m[2026-09-16 14:19:14.073][VERB] RETURN: {"result":"$28236"}
[0m[0;32m[2026-09-16 14:19:14.073][VERB] COMMANDCALL: _C.SafeAPI.Execute(["v1.sketch.dimension",[{"type":"OFFSET","value":"@expr.d1692_depth","name":"depth","id":28184,"geomIds":[28194]}]])
[0m[0;32m[2026-09-16 14:19:14.082][VERB] RETURN: {"result":"$28240"}
[0m[0;32m[2026-09-16 14:19:14.082][VERB] COMMANDCALL: _C.SafeAPI.Execute(["v1.part.extrusion",[{"references":[28190,28194,28200,28206],"name":"F1687_makeBox_cad_primitives_py_8","taperAngle":0,"limit2":"@expr.d1693_height","id":4}]])
[0m[0;32m[2026-09-16 14:19:14.093][VERB] RETURN: {"result":"$28244"}
[0m[0;32m[2026-09-16 14:19:14.093][VERB] COMMANDCALL: _C.SafeAPI.Execute(["v1.sketch.create",[{"planeId":42,"name":"F1694_extrude_housing_components_py_153_profile","id":4}]])
[0m[0;32m[2026-09-16 14:19:14.096][VERB] RETURN: {"result":"$28285"}
[0m[0;32m[2026-09-16 14:19:14.096][VERB] COMMANDCALL: _C.SafeAPI.Execute(["v1.sketch.point",[{"pos":[-1000,-1000,0],"id":28285}]])
[0m[0;32m[2026-09-16 14:19:14.097][VERB] RETURN: {"result":"$28291"}
[0m[0;32m[2026-09-16 14:19:14.097][VERB] COMMANDCALL: _C.SafeAPI.Execute(["v1.sketch.constraint",[{"type":"FIXATION","id":28285,"geomIds":[28291]}]])
[0m[0;32m[2026-09-16 14:19:14.098][VERB] RETURN: {"result":"$28293"}
[0m[0;32m[2026-09-16 14:19:14.098][VERB] COMMANDCALL: _C.SafeAPI.Execute(["v1.sketch.line",[{"startPos":[9.475,-18.4,0],"genIncidence":0,"genTangency":0,"genFixation":0,"genVertAndHoriz":0,"id":28285,"endPos":[17.275,-18.4,0]}]])
[0m[0;32m[2026-09-16 14:19:14.100][VERB] RETURN: {"result":"$28295"}
[0m[0;32m[2026-09-16 14:19:14.100][VERB] COMMANDCALL: _C.SafeAPI.Execute(["v1.sketch.getPoints",[{"id":28295}]])
[0m[0;32m[2026-09-16 14:19:14.100][VERB] RETURN: {"result":{"endId":"$28297","startId":"$28296"}}
[0m[0;32m[2026-09-16 14:19:14.100][VERB] COMMANDCALL: _C.SafeAPI.Execute(["v1.sketch.dimension",[{"type":"HORIZONTAL_DISTANCE","value":"@expr.d1695_x","name":"x","id":28285,"geomIds":[28291,28296]}]])
[0m[0;32m[2026-09-16 14:19:14.105][VERB] RETURN: {"result":"$28301"}
[0m[0;32m[2026-09-16 14:19:14.105][VERB] COMMANDCALL: _C.SafeAPI.Execute(["v1.sketch.dimension",[{"type":"VERTICAL_DISTANCE","value":"@expr.d1696_y","name":"y","id":28285,"geomIds":[28291,28296]}]])
[0m[0;32m[2026-09-16 14:19:14.111][VERB] RETURN: {"result":"$28305"}
[0m[0;32m[2026-09-16 14:19:14.111][VERB] COMMANDCALL: _C.SafeAPI.Execute(["v1.sketch.dimension",[{"type":"HORIZONTAL_DISTANCE","value":"@expr.d1697_x","name":"x","id":28285,"geomIds":[28291,28297]}]])
[0m[0;32m[2026-09-16 14:19:14.118][VERB] RETURN: {"result":"$28309"}
[0m[0;32m[2026-09-16 14:19:14.118][VERB] COMMANDCALL: _C.SafeAPI.Execute(["v1.sketch.dimension",[{"type":"VERTICAL_DISTANCE","value":"@expr.d1698_y","name":"y","id":28285,"geomIds":[28291,28297]}]])
[0m[0;32m[2026-09-16 14:19:14.125][VERB] RETURN: {"result":"$28313"}
[0m[0;32m[2026-09-16 14:19:14.126][VERB] COMMANDCALL: _C.SafeAPI.Execute(["v1.sketch.arcBy3Points",[{"startPos":[17.275,-18.4,0],"genIncidence":0,"genTangency":0,"genFixation":0,"genVertAndHoriz":0,"midPos":[17.982106781187,-18.692893218813,0],"id":28285,"endPos":[18.275,-19.4,0]}]])
[0m[0;32m[2026-09-16 14:19:14.129][VERB] RETURN: {"result":"$28315"}
[0m[0;32m[2026-09-16 14:19:14.129][VERB] COMMANDCALL: _C.SafeAPI.Execute(["v1.sketch.getPoints",[{"id":28315}]])
[0m[0;32m[2026-09-16 14:19:14.129][VERB] RETURN: {"result":{"centerId":"$28318","endId":"$28316","startId":"$28317"}}
[0m[0;32m[2026-09-16 14:19:14.129][VERB] COMMANDCALL: _C.SafeAPI.Execute(["v1.sketch.dimension",[{"type":"HORIZONTAL_DISTANCE","value":"@expr.d1699_x","name":"x","id":28285,"geomIds":[28291,28317]}]])
[0m[0;32m[2026-09-16 14:19:14.138][VERB] RETURN: {"result":"$28322"}
[0m[0;32m[2026-09-16 14:19:14.138][VERB] COMMANDCALL: _C.SafeAPI.Execute(["v1.sketch.dimension",[{"type":"VERTICAL_DISTANCE","value":"@expr.d1700_y","name":"y","id":28285,"geomIds":[28291,28317]}]])
[0m[0;32m[2026-09-16 14:19:14.147][VERB] RETURN: {"result":"$28326"}
[0m[0;32m[2026-09-16 14:19:14.147][VERB] COMMANDCALL: _C.SafeAPI.Execute(["v1.sketch.dimension",[{"type":"HORIZONTAL_DISTANCE","value":"@expr.d1701_x","name":"x","id":28285,"geomIds":[28291,28316]}]])
[0m[0;32m[2026-09-16 14:19:14.157][VERB] RETURN: {"result":"$28330"}
[0m[0;32m[2026-09-16 14:19:14.157][VERB] COMMANDCALL: _C.SafeAPI.Execute(["v1.sketch.dimension",[{"type":"VERTICAL_DISTANCE","value":"@expr.d1702_y","name":"y","id":28285,"geomIds":[28291,28316]}]])
[0m[0;32m[2026-09-16 14:19:14.168][VERB] RETURN: {"result":"$28334"}
[0m[0;32m[2026-09-16 14:19:14.168][VERB] COMMANDCALL: _C.SafeAPI.Execute(["v1.sketch.dimension",[{"type":"RADIUS","value":"@expr.d1703_arc_radius","name":"arc_radius","id":28285,"geomIds":[28315]}]])
[0m[0;32m[2026-09-16 14:19:14.179][VERB] RETURN: {"result":"$28338"}
[0m[0;32m[2026-09-16 14:19:14.180][VERB] COMMANDCALL: _C.SafeAPI.Execute(["v1.sketch.line",[{"startPos":[18.275,-19.4,0],"genIncidence":0,"genTangency":0,"genFixation":0,"genVertAndHoriz":0,"id":28285,"endPos":[18.275,-24.8,0]}]])
[0m[0;32m[2026-09-16 14:19:14.185][VERB] RETURN: {"result":"$28340"}
[0m[0;32m[2026-09-16 14:19:14.186][VERB] COMMANDCALL: _C.SafeAPI.Execute(["v1.sketch.getPoints",[{"id":28340}]])
[0m[0;32m[2026-09-16 14:19:14.186][VERB] RETURN: {"result":{"endId":"$28342","startId":"$28341"}}
[0m[0;32m[2026-09-16 14:19:14.186][VERB] COMMANDCALL: _C.SafeAPI.Execute(["v1.sketch.dimension",[{"type":"HORIZONTAL_DISTANCE","value":"@expr.d1704_x","name":"x","id":28285,"geomIds":[28291,28341]}]])
[0m[0;32m[2026-09-16 14:19:14.198][VERB] RETURN: {"result":"$28346"}
[0m[0;32m[2026-09-16 14:19:14.198][VERB] COMMANDCALL: _C.SafeAPI.Execute(["v1.sketch.dimension",[{"type":"VERTICAL_DISTANCE","value":"@expr.d1705_y","name":"y","id":28285,"geomIds":[28291,28341]}]])
[0m[0;32m[2026-09-16 14:19:14.211][VERB] RETURN: {"result":"$28350"}
[0m[0;32m[2026-09-16 14:19:14.212][VERB] COMMANDCALL: _C.SafeAPI.Execute(["v1.sketch.dimension",[{"type":"HORIZONTAL_DISTANCE","value":"@expr.d1706_x","name":"x","id":28285,"geomIds":[28291,28342]}]])
[0m[0;32m[2026-09-16 14:19:14.225][VERB] RETURN: {"result":"$28354"}
[0m[0;32m[2026-09-16 14:19:14.226][VERB] COMMANDCALL: _C.SafeAPI.Execute(["v1.sketch.dimension",[{"type":"VERTICAL_DISTANCE","value":"@expr.d1707_y","name":"y","id":28285,"geomIds":[28291,28342]}]])
[0m[0;32m[2026-09-16 14:19:14.241][VERB] RETURN: {"result":"$28358"}
[0m[0;32m[2026-09-16 14:19:14.241][VERB] COMMANDCALL: _C.SafeAPI.Execute(["v1.sketch.line",[{"startPos":[18.275,-24.8,0],"genIncidence":0,"genTangency":0,"genFixation":0,"genVertAndHoriz":0,"id":28285,"endPos":[8.475,-24.8,0]}]])
[0m[0;32m[2026-09-16 14:19:14.248][VERB] RETURN: {"result":"$28360"}
[0m[0;32m[2026-09-16 14:19:14.248][VERB] COMMANDCALL: _C.SafeAPI.Execute(["v1.sketch.getPoints",[{"id":28360}]])
[0m[0;32m[2026-09-16 14:19:14.249][VERB] RETURN: {"result":{"endId":"$28362","startId":"$28361"}}
[0m[0;32m[2026-09-16 14:19:14.249][VERB] COMMANDCALL: _C.SafeAPI.Execute(["v1.sketch.dimension",[{"type":"HORIZONTAL_DISTANCE","value":"@expr.d1708_x","name":"x","id":28285,"geomIds":[28291,28361]}]])
[0m[0;32m[2026-09-16 14:19:14.265][VERB] RETURN: {"result":"$28366"}
[0m[0;32m[2026-09-16 14:19:14.266][VERB] COMMANDCALL: _C.SafeAPI.Execute(["v1.sketch.dimension",[{"type":"VERTICAL_DISTANCE","value":"@expr.d1709_y","name":"y","id":28285,"geomIds":[28291,28361]}]])
[0m[0;32m[2026-09-16 14:19:14.283][VERB] RETURN: {"result":"$28370"}
[0m[0;32m[2026-09-16 14:19:14.283][VERB] COMMANDCALL: _C.SafeAPI.Execute(["v1.sketch.dimension",[{"type":"HORIZONTAL_DISTANCE","value":"@expr.d1710_x","name":"x","id":28285,"geomIds":[28291,28362]}]])
[0m[0;32m[2026-09-16 14:19:14.304][VERB] RETURN: {"result":"$28374"}
[0m[0;32m[2026-09-16 14:19:14.304][VERB] COMMANDCALL: _C.SafeAPI.Execute(["v1.sketch.dimension",[{"type":"VERTICAL_DISTANCE","value":"@expr.d1711_y","name":"y","id":28285,"geomIds":[28291,28362]}]])
[0m[0;32m[2026-09-16 14:19:14.324][VERB] RETURN: {"result":"$28378"}
[0m[0;32m[2026-09-16 14:19:14.325][VERB] COMMANDCALL: _C.SafeAPI.Execute(["v1.sketch.line",[{"startPos":[8.475,-24.8,0],"genIncidence":0,"genTangency":0,"genFixation":0,"genVertAndHoriz":0,"id":28285,"endPos":[8.475,-19.4,0]}]])
[0m[0;32m[2026-09-16 14:19:14.336][VERB] RETURN: {"result":"$28380"}
[0m[0;32m[2026-09-16 14:19:14.336][VERB] COMMANDCALL: _C.SafeAPI.Execute(["v1.sketch.getPoints",[{"id":28380}]])
[0m[0;32m[2026-09-16 14:19:14.336][VERB] RETURN: {"result":{"endId":"$28382","startId":"$28381"}}
[0m[0;32m[2026-09-16 14:19:14.337][VERB] COMMANDCALL: _C.SafeAPI.Execute(["v1.sketch.dimension",[{"type":"HORIZONTAL_DISTANCE","value":"@expr.d1712_x","name":"x","id":28285,"geomIds":[28291,28381]}]])
[0m[0;32m[2026-09-16 14:19:14.359][VERB] RETURN: {"result":"$28386"}
[0m[0;32m[2026-09-16 14:19:14.360][VERB] COMMANDCALL: _C.SafeAPI.Execute(["v1.sketch.dimension",[{"type":"VERTICAL_DISTANCE","value":"@expr.d1713_y","name":"y","id":28285,"geomIds":[28291,28381]}]])
[0m[0;32m[2026-09-16 14:19:14.381][VERB] RETURN: {"result":"$28390"}
[0m[0;32m[2026-09-16 14:19:14.382][VERB] COMMANDCALL: _C.SafeAPI.Execute(["v1.sketch.dimension",[{"type":"HORIZONTAL_DISTANCE","value":"@expr.d1714_x","name":"x","id":28285,"geomIds":[28291,28382]}]])
[0m[0;32m[2026-09-16 14:19:14.405][VERB] RETURN: {"result":"$28394"}
[0m[0;32m[2026-09-16 14:19:14.405][VERB] COMMANDCALL: _C.SafeAPI.Execute(["v1.sketch.dimension",[{"type":"VERTICAL_DISTANCE","value":"@expr.d1715_y","name":"y","id":28285,"geomIds":[28291,28382]}]])
[0m[0;32m[2026-09-16 14:19:14.430][VERB] RETURN: {"result":"$28398"}
[0m[0;32m[2026-09-16 14:19:14.430][VERB] COMMANDCALL: _C.SafeAPI.Execute(["v1.sketch.arcBy3Points",[{"startPos":[8.475,-19.4,0],"genIncidence":0,"genTangency":0,"genFixation":0,"genVertAndHoriz":0,"midPos":[8.7678932188135,-18.692893218813,0],"id":28285,"endPos":[9.475,-18.4,0]}]])
[0m[0;32m[2026-09-16 14:19:14.441][VERB] RETURN: {"result":"$28400"}
[0m[0;32m[2026-09-16 14:19:14.442][VERB] COMMANDCALL: _C.SafeAPI.Execute(["v1.sketch.getPoints",[{"id":28400}]])
[0m[0;32m[2026-09-16 14:19:14.442][VERB] RETURN: {"result":{"centerId":"$28403","endId":"$28401","startId":"$28402"}}
[0m[0;32m[2026-09-16 14:19:14.442][VERB] COMMANDCALL: _C.SafeAPI.Execute(["v1.sketch.dimension",[{"type":"HORIZONTAL_DISTANCE","value":"@expr.d1716_x","name":"x","id":28285,"geomIds":[28291,28402]}]])
[0m[0;32m[2026-09-16 14:19:14.466][VERB] RETURN: {"result":"$28407"}
[0m[0;32m[2026-09-16 14:19:14.466][VERB] COMMANDCALL: _C.SafeAPI.Execute(["v1.sketch.dimension",[{"type":"VERTICAL_DISTANCE","value":"@expr.d1717_y","name":"y","id":28285,"geomIds":[28291,28402]}]])
[0m[0;32m[2026-09-16 14:19:14.489][VERB] RETURN: {"result":"$28411"}
[0m[0;32m[2026-09-16 14:19:14.489][VERB] COMMANDCALL: _C.SafeAPI.Execute(["v1.sketch.dimension",[{"type":"HORIZONTAL_DISTANCE","value":"@expr.d1718_x","name":"x","id":28285,"geomIds":[28291,28401]}]])
[0m[0;32m[2026-09-16 14:19:14.513][VERB] RETURN: {"result":"$28415"}
[0m[0;32m[2026-09-16 14:19:14.514][VERB] COMMANDCALL: _C.SafeAPI.Execute(["v1.sketch.dimension",[{"type":"VERTICAL_DISTANCE","value":"@expr.d1719_y","name":"y","id":28285,"geomIds":[28291,28401]}]])
[0m[0;32m[2026-09-16 14:19:14.538][VERB] RETURN: {"result":"$28419"}
[0m[0;32m[2026-09-16 14:19:14.539][VERB] COMMANDCALL: _C.SafeAPI.Execute(["v1.sketch.dimension",[{"type":"RADIUS","value":"@expr.d1720_arc_radius","name":"arc_radius","id":28285,"geomIds":[28400]}]])
[0m[0;32m[2026-09-16 14:19:14.562][VERB] RETURN: {"result":"$28423"}
[0m[0;32m[2026-09-16 14:19:14.563][VERB] COMMANDCALL: _C.SafeAPI.Execute(["v1.part.extrusion",[{"references":[28295,28315,28340,28360,28380,28400],"name":"F1694_extrude_housing_components_py_153","taperAngle":0,"limit2":"@expr.d1721_height","id":4}]])
[0m[0;32m[2026-09-16 14:19:14.575][VERB] RETURN: {"result":"$28427"}
[0m[0;32m[2026-09-16 14:19:14.576][VERB] COMMANDCALL: _C.SafeAPI.Execute(["v1.part.translation",[{"references":[30],"name":"F1694_extrude_housing_components_py_153_1","id":4,"targets":[28427],"distance":"@expr.d1722_position"}]])
[0m[0;32m[2026-09-16 14:19:14.585][VERB] RETURN: {"result":"$28484"}
[0m[0;32m[2026-09-16 14:19:14.586][VERB] COMMANDCALL: _C.SafeAPI.Execute(["v1.part.boolean",[{"type":"UNION","tools":[28244,28484],"target":28167,"name":"F1647_union_housing_components_py_161","id":4}]])
[0m[0;32m[2026-09-16 14:19:14.599][VERB] RETURN: {"result":"$28495"}
[0m[0;32m[2026-09-16 14:19:14.599][VERB] COMMANDCALL: _C.SafeAPI.Execute(["v1.part.workPlane",[{"type":"PLANE","references":[38],"name":"F1723_makeBox_cad_primitives_py_8_plane","offset":"@expr.d1724_plane_offset","id":4}]])
[0m[0;32m[2026-09-16 14:19:14.608][VERB] RETURN: {"result":"$28588"}
[0m[0;32m[2026-09-16 14:19:14.608][VERB] COMMANDCALL: _C.SafeAPI.Execute(["v1.sketch.create",[{"planeId":28588,"name":"F1723_makeBox_cad_primitives_py_8_profile","id":4}]])
[0m[0;32m[2026-09-16 14:19:14.611][VERB] RETURN: {"result":"$28594"}
[0m[0;32m[2026-09-16 14:19:14.611][VERB] COMMANDCALL: _C.SafeAPI.Execute(["v1.sketch.rectangle",[{"startPos":[-10,50,0],"id":28594,"genFixation":0,"endPos":[50,80,0]}]])
[0m[0;32m[2026-09-16 14:19:14.618][VERB] RETURN: {"result":["$28600","$28604","$28610","$28616"]}
[0m[0;32m[2026-09-16 14:19:14.618][VERB] COMMANDCALL: _C.SafeAPI.Execute(["v1.sketch.getPoints",[{"id":28600}]])
[0m[0;32m[2026-09-16 14:19:14.618][VERB] RETURN: {"result":{"endId":"$28602","startId":"$28601"}}
[0m[0;32m[2026-09-16 14:19:14.618][VERB] COMMANDCALL: _C.SafeAPI.Execute(["v1.sketch.point",[{"pos":[-1000,-1000,0],"id":28594}]])
[0m[0;32m[2026-09-16 14:19:14.620][VERB] RETURN: {"result":"$28632"}
[0m[0;32m[2026-09-16 14:19:14.620][VERB] COMMANDCALL: _C.SafeAPI.Execute(["v1.sketch.constraint",[{"type":"FIXATION","id":28594,"geomIds":[28632]}]])
[0m[0;32m[2026-09-16 14:19:14.622][VERB] RETURN: {"result":"$28634"}
[0m[0;32m[2026-09-16 14:19:14.622][VERB] COMMANDCALL: _C.SafeAPI.Execute(["v1.sketch.dimension",[{"type":"HORIZONTAL_DISTANCE","value":"@expr.d1725_position_x","name":"position_x","id":28594,"geomIds":[28632,28601]}]])
[0m[0;32m[2026-09-16 14:19:14.628][VERB] RETURN: {"result":"$28638"}
[0m[0;32m[2026-09-16 14:19:14.629][VERB] COMMANDCALL: _C.SafeAPI.Execute(["v1.sketch.dimension",[{"type":"VERTICAL_DISTANCE","value":"@expr.d1726_position_y","name":"position_y","id":28594,"geomIds":[28632,28601]}]])
[0m[0;32m[2026-09-16 14:19:14.635][VERB] RETURN: {"result":"$28642"}
[0m[0;32m[2026-09-16 14:19:14.636][VERB] COMMANDCALL: _C.SafeAPI.Execute(["v1.sketch.dimension",[{"type":"OFFSET","value":"@expr.d1727_width","name":"width","id":28594,"geomIds":[28600]}]])
[0m[0;32m[2026-09-16 14:19:14.643][VERB] RETURN: {"result":"$28646"}
[0m[0;32m[2026-09-16 14:19:14.644][VERB] COMMANDCALL: _C.SafeAPI.Execute(["v1.sketch.dimension",[{"type":"OFFSET","value":"@expr.d1728_depth","name":"depth","id":28594,"geomIds":[28604]}]])
[0m[0;32m[2026-09-16 14:19:14.652][VERB] RETURN: {"result":"$28650"}
[0m[0;32m[2026-09-16 14:19:14.653][VERB] COMMANDCALL: _C.SafeAPI.Execute(["v1.part.extrusion",[{"references":[28600,28604,28610,28616],"name":"F1723_makeBox_cad_primitives_py_8","taperAngle":0,"limit2":"@expr.d1729_height","id":4}]])
[0m[0;32m[2026-09-16 14:19:14.663][VERB] RETURN: {"result":"$28654"}
[0m[0;32m[2026-09-16 14:19:14.664][VERB] COMMANDCALL: _C.SafeAPI.Execute(["v1.part.boolean",[{"type":"INTERSECTION","tools":[28654],"target":28495,"name":"F1646_common_housing_components_py_165","id":4}]])
[0m[0;32m[2026-09-16 14:19:14.675][VERB] RETURN: {"result":"$28697"}
[0m[0;32m[2026-09-16 14:19:14.676][VERB] COMMANDCALL: _C.SafeAPI.Execute(["v1.part.boolean",[{"type":"SUBTRACTION","tools":[28697],"target":27835,"name":"F12_cut_housing_py_476","id":4}]])
[0m[0;32m[2026-09-16 14:19:14.711][VERB] RETURN: {"result":"$28727"}
[0m[0;32m[2026-09-16 14:19:14.711][VERB] COMMANDCALL: _C.SafeAPI.Execute(["v1.part.workPlane",[{"type":"PLANE","references":[38],"name":"F1730_makeCylinder_cad_primitives_py_12_plane","offset":"@expr.d1731_plane_offset","id":4}]])
[0m[0;32m[2026-09-16 14:19:14.719][VERB] RETURN: {"result":"$28739"}
[0m[0;32m[2026-09-16 14:19:14.720][VERB] COMMANDCALL: _C.SafeAPI.Execute(["v1.sketch.create",[{"planeId":28739,"name":"F1730_makeCylinder_cad_primitives_py_12_profile","id":4}]])
[0m[0;32m[2026-09-16 14:19:14.722][VERB] RETURN: {"result":"$28745"}
[0m[0;32m[2026-09-16 14:19:14.722][VERB] COMMANDCALL: _C.SafeAPI.Execute(["v1.sketch.circle",[{"radius":1.15,"id":28745,"genFixation":0,"centerPos":[29.5,3.1,0]}]])
[0m[0;32m[2026-09-16 14:19:14.724][VERB] RETURN: {"result":"$28751"}
[0m[0;32m[2026-09-16 14:19:14.724][VERB] COMMANDCALL: _C.SafeAPI.Execute(["v1.sketch.getPoints",[{"id":28751}]])
[0m[0;32m[2026-09-16 14:19:14.724][VERB] RETURN: {"result":{"centerId":"$28752"}}
[0m[0;32m[2026-09-16 14:19:14.724][VERB] COMMANDCALL: _C.SafeAPI.Execute(["v1.sketch.point",[{"pos":[-1000,-1000,0],"id":28745}]])
[0m[0;32m[2026-09-16 14:19:14.725][VERB] RETURN: {"result":"$28754"}
[0m[0;32m[2026-09-16 14:19:14.725][VERB] COMMANDCALL: _C.SafeAPI.Execute(["v1.sketch.constraint",[{"type":"FIXATION","id":28745,"geomIds":[28754]}]])
[0m[0;32m[2026-09-16 14:19:14.726][VERB] RETURN: {"result":"$28756"}
[0m[0;32m[2026-09-16 14:19:14.727][VERB] COMMANDCALL: _C.SafeAPI.Execute(["v1.sketch.dimension",[{"type":"HORIZONTAL_DISTANCE","value":"@expr.d1732_position_x","name":"position_x","id":28745,"geomIds":[28754,28752]}]])
[0m[0;32m[2026-09-16 14:19:14.732][VERB] RETURN: {"result":"$28760"}
[0m[0;32m[2026-09-16 14:19:14.732][VERB] COMMANDCALL: _C.SafeAPI.Execute(["v1.sketch.dimension",[{"type":"VERTICAL_DISTANCE","value":"@expr.d1733_position_y","name":"position_y","id":28745,"geomIds":[28754,28752]}]])
[0m[0;32m[2026-09-16 14:19:14.737][VERB] RETURN: {"result":"$28764"}
[0m[0;32m[2026-09-16 14:19:14.738][VERB] COMMANDCALL: _C.SafeAPI.Execute(["v1.sketch.dimension",[{"type":"RADIUS","value":"@expr.d1734_radius","name":"radius","id":28745,"geomIds":[28751]}]])
[0m[0;32m[2026-09-16 14:19:14.743][VERB] RETURN: {"result":"$28768"}
[0m[0;32m[2026-09-16 14:19:14.744][VERB] COMMANDCALL: _C.SafeAPI.Execute(["v1.part.extrusion",[{"references":[28751],"name":"F1730_makeCylinder_cad_primitives_py_12","taperAngle":0,"limit2":"@expr.d1735_height","id":4}]])
[0m[0;32m[2026-09-16 14:19:14.755][VERB] RETURN: {"result":"$28772"}
[0m[0;32m[2026-09-16 14:19:14.756][VERB] COMMANDCALL: _C.SafeAPI.Execute(["v1.part.boolean",[{"type":"SUBTRACTION","tools":[28772],"target":28727,"name":"F11_cut_housing_py_489","id":4}]])
[0m[0;32m[2026-09-16 14:19:14.777][VERB] RETURN: {"result":"$28794"}
[0m[0;32m[2026-09-16 14:19:14.778][VERB] COMMANDCALL: _C.SafeAPI.Execute(["v1.part.workPlane",[{"type":"PLANE","references":[38],"name":"F1736_makeCylinder_cad_primitives_py_12_plane","offset":"@expr.d1737_plane_offset","id":4}]])
[0m[0;32m[2026-09-16 14:19:14.786][VERB] RETURN: {"result":"$28817"}
[0m[0;32m[2026-09-16 14:19:14.786][VERB] COMMANDCALL: _C.SafeAPI.Execute(["v1.sketch.create",[{"planeId":28817,"name":"F1736_makeCylinder_cad_primitives_py_12_profile","id":4}]])
[0m[0;32m[2026-09-16 14:19:14.789][VERB] RETURN: {"result":"$28823"}
[0m[0;32m[2026-09-16 14:19:14.789][VERB] COMMANDCALL: _C.SafeAPI.Execute(["v1.sketch.circle",[{"radius":1.45,"id":28823,"genFixation":0,"centerPos":[29.5,3.1,0]}]])
[0m[0;32m[2026-09-16 14:19:14.790][VERB] RETURN: {"result":"$28829"}
[0m[0;32m[2026-09-16 14:19:14.790][VERB] COMMANDCALL: _C.SafeAPI.Execute(["v1.sketch.getPoints",[{"id":28829}]])
[0m[0;32m[2026-09-16 14:19:14.791][VERB] RETURN: {"result":{"centerId":"$28830"}}
[0m[0;32m[2026-09-16 14:19:14.791][VERB] COMMANDCALL: _C.SafeAPI.Execute(["v1.sketch.point",[{"pos":[-1000,-1000,0],"id":28823}]])
[0m[0;32m[2026-09-16 14:19:14.792][VERB] RETURN: {"result":"$28832"}
[0m[0;32m[2026-09-16 14:19:14.792][VERB] COMMANDCALL: _C.SafeAPI.Execute(["v1.sketch.constraint",[{"type":"FIXATION","id":28823,"geomIds":[28832]}]])
[0m[0;32m[2026-09-16 14:19:14.793][VERB] RETURN: {"result":"$28834"}
[0m[0;32m[2026-09-16 14:19:14.793][VERB] COMMANDCALL: _C.SafeAPI.Execute(["v1.sketch.dimension",[{"type":"HORIZONTAL_DISTANCE","value":"@expr.d1738_position_x","name":"position_x","id":28823,"geomIds":[28832,28830]}]])
[0m[0;32m[2026-09-16 14:19:14.798][VERB] RETURN: {"result":"$28838"}
[0m[0;32m[2026-09-16 14:19:14.798][VERB] COMMANDCALL: _C.SafeAPI.Execute(["v1.sketch.dimension",[{"type":"VERTICAL_DISTANCE","value":"@expr.d1739_position_y","name":"position_y","id":28823,"geomIds":[28832,28830]}]])
[0m[0;32m[2026-09-16 14:19:14.804][VERB] RETURN: {"result":"$28842"}
[0m[0;32m[2026-09-16 14:19:14.804][VERB] COMMANDCALL: _C.SafeAPI.Execute(["v1.sketch.dimension",[{"type":"RADIUS","value":"@expr.d1740_radius","name":"radius","id":28823,"geomIds":[28829]}]])
[0m[0;32m[2026-09-16 14:19:14.810][VERB] RETURN: {"result":"$28846"}
[0m[0;32m[2026-09-16 14:19:14.810][VERB] COMMANDCALL: _C.SafeAPI.Execute(["v1.part.extrusion",[{"references":[28829],"name":"F1736_makeCylinder_cad_primitives_py_12","taperAngle":0,"limit2":"@expr.d1741_height","id":4}]])
[0m[0;32m[2026-09-16 14:19:14.822][VERB] RETURN: {"result":"$28850"}
[0m[0;32m[2026-09-16 14:19:14.822][VERB] COMMANDCALL: _C.SafeAPI.Execute(["v1.part.boolean",[{"type":"SUBTRACTION","tools":[28850],"target":28794,"name":"F10_cut_housing_py_491","id":4}]])
[0m[0;32m[2026-09-16 14:19:14.847][VERB] RETURN: {"result":"$28872"}
[0m[0;32m[2026-09-16 14:19:14.848][VERB] COMMANDCALL: _C.SafeAPI.Execute(["v1.part.workPlane",[{"type":"PLANE","references":[38],"name":"F1742_makeCylinder_cad_primitives_py_12_plane","offset":"@expr.d1743_plane_offset","id":4}]])
[0m[0;32m[2026-09-16 14:19:14.857][VERB] RETURN: {"result":"$28899"}
[0m[0;32m[2026-09-16 14:19:14.857][VERB] COMMANDCALL: _C.SafeAPI.Execute(["v1.sketch.create",[{"planeId":28899,"name":"F1742_makeCylinder_cad_primitives_py_12_profile","id":4}]])
[0m[0;32m[2026-09-16 14:19:14.860][VERB] RETURN: {"result":"$28905"}
[0m[0;32m[2026-09-16 14:19:14.860][VERB] COMMANDCALL: _C.SafeAPI.Execute(["v1.sketch.circle",[{"radius":1.15,"id":28905,"genFixation":0,"centerPos":[29.5,20.9,0]}]])
[0m[0;32m[2026-09-16 14:19:14.862][VERB] RETURN: {"result":"$28911"}
[0m[0;32m[2026-09-16 14:19:14.862][VERB] COMMANDCALL: _C.SafeAPI.Execute(["v1.sketch.getPoints",[{"id":28911}]])
[0m[0;32m[2026-09-16 14:19:14.862][VERB] RETURN: {"result":{"centerId":"$28912"}}
[0m[0;32m[2026-09-16 14:19:14.863][VERB] COMMANDCALL: _C.SafeAPI.Execute(["v1.sketch.point",[{"pos":[-1000,-1000,0],"id":28905}]])
[0m[0;32m[2026-09-16 14:19:14.864][VERB] RETURN: {"result":"$28914"}
[0m[0;32m[2026-09-16 14:19:14.864][VERB] COMMANDCALL: _C.SafeAPI.Execute(["v1.sketch.constraint",[{"type":"FIXATION","id":28905,"geomIds":[28914]}]])
[0m[0;32m[2026-09-16 14:19:14.866][VERB] RETURN: {"result":"$28916"}
[0m[0;32m[2026-09-16 14:19:14.866][VERB] COMMANDCALL: _C.SafeAPI.Execute(["v1.sketch.dimension",[{"type":"HORIZONTAL_DISTANCE","value":"@expr.d1744_position_x","name":"position_x","id":28905,"geomIds":[28914,28912]}]])
[0m[0;32m[2026-09-16 14:19:14.872][VERB] RETURN: {"result":"$28920"}
[0m[0;32m[2026-09-16 14:19:14.872][VERB] COMMANDCALL: _C.SafeAPI.Execute(["v1.sketch.dimension",[{"type":"VERTICAL_DISTANCE","value":"@expr.d1745_position_y","name":"position_y","id":28905,"geomIds":[28914,28912]}]])
[0m[0;32m[2026-09-16 14:19:14.879][VERB] RETURN: {"result":"$28924"}
[0m[0;32m[2026-09-16 14:19:14.879][VERB] COMMANDCALL: _C.SafeAPI.Execute(["v1.sketch.dimension",[{"type":"RADIUS","value":"@expr.d1746_radius","name":"radius","id":28905,"geomIds":[28911]}]])
[0m[0;32m[2026-09-16 14:19:14.885][VERB] RETURN: {"result":"$28928"}
[0m[0;32m[2026-09-16 14:19:14.885][VERB] COMMANDCALL: _C.SafeAPI.Execute(["v1.part.extrusion",[{"references":[28911],"name":"F1742_makeCylinder_cad_primitives_py_12","taperAngle":0,"limit2":"@expr.d1747_height","id":4}]])
[0m[0;32m[2026-09-16 14:19:14.897][VERB] RETURN: {"result":"$28932"}
[0m[0;32m[2026-09-16 14:19:14.898][VERB] COMMANDCALL: _C.SafeAPI.Execute(["v1.part.boolean",[{"type":"SUBTRACTION","tools":[28932],"target":28872,"name":"F9_cut_housing_py_489","id":4}]])
[0m[0;32m[2026-09-16 14:19:14.918][VERB] RETURN: {"result":"$28954"}
[0m[0;32m[2026-09-16 14:19:14.919][VERB] COMMANDCALL: _C.SafeAPI.Execute(["v1.part.workPlane",[{"type":"PLANE","references":[38],"name":"F1748_makeCylinder_cad_primitives_py_12_plane","offset":"@expr.d1749_plane_offset","id":4}]])
[0m[0;32m[2026-09-16 14:19:14.927][VERB] RETURN: {"result":"$28977"}
[0m[0;32m[2026-09-16 14:19:14.928][VERB] COMMANDCALL: _C.SafeAPI.Execute(["v1.sketch.create",[{"planeId":28977,"name":"F1748_makeCylinder_cad_primitives_py_12_profile","id":4}]])
[0m[0;32m[2026-09-16 14:19:14.930][VERB] RETURN: {"result":"$28983"}
[0m[0;32m[2026-09-16 14:19:14.931][VERB] COMMANDCALL: _C.SafeAPI.Execute(["v1.sketch.circle",[{"radius":1.45,"id":28983,"genFixation":0,"centerPos":[29.5,20.9,0]}]])
[0m[0;32m[2026-09-16 14:19:14.932][VERB] RETURN: {"result":"$28989"}
[0m[0;32m[2026-09-16 14:19:14.932][VERB] COMMANDCALL: _C.SafeAPI.Execute(["v1.sketch.getPoints",[{"id":28989}]])
[0m[0;32m[2026-09-16 14:19:14.933][VERB] RETURN: {"result":{"centerId":"$28990"}}
[0m[0;32m[2026-09-16 14:19:14.933][VERB] COMMANDCALL: _C.SafeAPI.Execute(["v1.sketch.point",[{"pos":[-1000,-1000,0],"id":28983}]])
[0m[0;32m[2026-09-16 14:19:14.934][VERB] RETURN: {"result":"$28992"}
[0m[0;32m[2026-09-16 14:19:14.934][VERB] COMMANDCALL: _C.SafeAPI.Execute(["v1.sketch.constraint",[{"type":"FIXATION","id":28983,"geomIds":[28992]}]])
[0m[0;32m[2026-09-16 14:19:14.936][VERB] RETURN: {"result":"$28994"}
[0m[0;32m[2026-09-16 14:19:14.936][VERB] COMMANDCALL: _C.SafeAPI.Execute(["v1.sketch.dimension",[{"type":"HORIZONTAL_DISTANCE","value":"@expr.d1750_position_x","name":"position_x","id":28983,"geomIds":[28992,28990]}]])
[0m[0;32m[2026-09-16 14:19:14.942][VERB] RETURN: {"result":"$28998"}
[0m[0;32m[2026-09-16 14:19:14.942][VERB] COMMANDCALL: _C.SafeAPI.Execute(["v1.sketch.dimension",[{"type":"VERTICAL_DISTANCE","value":"@expr.d1751_position_y","name":"position_y","id":28983,"geomIds":[28992,28990]}]])
[0m[0;32m[2026-09-16 14:19:14.949][VERB] RETURN: {"result":"$29002"}
[0m[0;32m[2026-09-16 14:19:14.949][VERB] COMMANDCALL: _C.SafeAPI.Execute(["v1.sketch.dimension",[{"type":"RADIUS","value":"@expr.d1752_radius","name":"radius","id":28983,"geomIds":[28989]}]])
[0m[0;32m[2026-09-16 14:19:14.956][VERB] RETURN: {"result":"$29006"}
[0m[0;32m[2026-09-16 14:19:14.957][VERB] COMMANDCALL: _C.SafeAPI.Execute(["v1.part.extrusion",[{"references":[28989],"name":"F1748_makeCylinder_cad_primitives_py_12","taperAngle":0,"limit2":"@expr.d1753_height","id":4}]])
[0m[0;32m[2026-09-16 14:19:14.974][VERB] RETURN: {"result":"$29010"}
[0m[0;32m[2026-09-16 14:19:14.975][VERB] COMMANDCALL: _C.SafeAPI.Execute(["v1.part.boolean",[{"type":"SUBTRACTION","tools":[29010],"target":28954,"name":"F8_cut_housing_py_491","id":4}]])
[0m[0;32m[2026-09-16 14:19:15.002][VERB] RETURN: {"result":"$29032"}
[0m[0;32m[2026-09-16 14:19:15.003][VERB] COMMANDCALL: _C.SafeAPI.Execute(["v1.part.workPlane",[{"type":"PLANE","references":[38],"name":"F1754_makeCylinder_cad_primitives_py_12_plane","offset":"@expr.d1755_plane_offset","id":4}]])
[0m[0;32m[2026-09-16 14:19:15.014][VERB] RETURN: {"result":"$29059"}
[0m[0;32m[2026-09-16 14:19:15.015][VERB] COMMANDCALL: _C.SafeAPI.Execute(["v1.sketch.create",[{"planeId":29059,"name":"F1754_makeCylinder_cad_primitives_py_12_profile","id":4}]])
[0m[0;32m[2026-09-16 14:19:15.018][VERB] RETURN: {"result":"$29065"}
[0m[0;32m[2026-09-16 14:19:15.019][VERB] COMMANDCALL: _C.SafeAPI.Execute(["v1.sketch.circle",[{"radius":1.15,"id":29065,"genFixation":0,"centerPos":[55,42.6,0]}]])
[0m[0;32m[2026-09-16 14:19:15.020][VERB] RETURN: {"result":"$29071"}
[0m[0;32m[2026-09-16 14:19:15.020][VERB] COMMANDCALL: _C.SafeAPI.Execute(["v1.sketch.getPoints",[{"id":29071}]])
[0m[0;32m[2026-09-16 14:19:15.021][VERB] RETURN: {"result":{"centerId":"$29072"}}
[0m[0;32m[2026-09-16 14:19:15.021][VERB] COMMANDCALL: _C.SafeAPI.Execute(["v1.sketch.point",[{"pos":[-1000,-1000,0],"id":29065}]])
[0m[0;32m[2026-09-16 14:19:15.022][VERB] RETURN: {"result":"$29074"}
[0m[0;32m[2026-09-16 14:19:15.022][VERB] COMMANDCALL: _C.SafeAPI.Execute(["v1.sketch.constraint",[{"type":"FIXATION","id":29065,"geomIds":[29074]}]])
[0m[0;32m[2026-09-16 14:19:15.024][VERB] RETURN: {"result":"$29076"}
[0m[0;32m[2026-09-16 14:19:15.024][VERB] COMMANDCALL: _C.SafeAPI.Execute(["v1.sketch.dimension",[{"type":"HORIZONTAL_DISTANCE","value":"@expr.d1756_position_x","name":"position_x","id":29065,"geomIds":[29074,29072]}]])
[0m[0;32m[2026-09-16 14:19:15.031][VERB] RETURN: {"result":"$29080"}
[0m[0;32m[2026-09-16 14:19:15.031][VERB] COMMANDCALL: _C.SafeAPI.Execute(["v1.sketch.dimension",[{"type":"VERTICAL_DISTANCE","value":"@expr.d1757_position_y","name":"position_y","id":29065,"geomIds":[29074,29072]}]])
[0m[0;32m[2026-09-16 14:19:15.037][VERB] RETURN: {"result":"$29084"}
[0m[0;32m[2026-09-16 14:19:15.038][VERB] COMMANDCALL: _C.SafeAPI.Execute(["v1.sketch.dimension",[{"type":"RADIUS","value":"@expr.d1758_radius","name":"radius","id":29065,"geomIds":[29071]}]])
[0m[0;32m[2026-09-16 14:19:15.044][VERB] RETURN: {"result":"$29088"}
[0m[0;32m[2026-09-16 14:19:15.045][VERB] COMMANDCALL: _C.SafeAPI.Execute(["v1.part.extrusion",[{"references":[29071],"name":"F1754_makeCylinder_cad_primitives_py_12","taperAngle":0,"limit2":"@expr.d1759_height","id":4}]])
[0m[0;32m[2026-09-16 14:19:15.059][VERB] RETURN: {"result":"$29092"}
[0m[0;32m[2026-09-16 14:19:15.059][VERB] COMMANDCALL: _C.SafeAPI.Execute(["v1.part.boolean",[{"type":"SUBTRACTION","tools":[29092],"target":29032,"name":"F7_cut_housing_py_489","id":4}]])
[0m[0;32m[2026-09-16 14:19:15.086][VERB] RETURN: {"result":"$29114"}
[0m[0;32m[2026-09-16 14:19:15.087][VERB] COMMANDCALL: _C.SafeAPI.Execute(["v1.part.workPlane",[{"type":"PLANE","references":[38],"name":"F1760_makeCylinder_cad_primitives_py_12_plane","offset":"@expr.d1761_plane_offset","id":4}]])
[0m[0;32m[2026-09-16 14:19:15.097][VERB] RETURN: {"result":"$29136"}
[0m[0;32m[2026-09-16 14:19:15.098][VERB] COMMANDCALL: _C.SafeAPI.Execute(["v1.sketch.create",[{"planeId":29136,"name":"F1760_makeCylinder_cad_primitives_py_12_profile","id":4}]])
[0m[0;32m[2026-09-16 14:19:15.101][VERB] RETURN: {"result":"$29142"}
[0m[0;32m[2026-09-16 14:19:15.101][VERB] COMMANDCALL: _C.SafeAPI.Execute(["v1.sketch.circle",[{"radius":1.45,"id":29142,"genFixation":0,"centerPos":[55,42.6,0]}]])
[0m[0;32m[2026-09-16 14:19:15.103][VERB] RETURN: {"result":"$29148"}
[0m[0;32m[2026-09-16 14:19:15.104][VERB] COMMANDCALL: _C.SafeAPI.Execute(["v1.sketch.getPoints",[{"id":29148}]])
[0m[0;32m[2026-09-16 14:19:15.104][VERB] RETURN: {"result":{"centerId":"$29149"}}
[0m[0;32m[2026-09-16 14:19:15.104][VERB] COMMANDCALL: _C.SafeAPI.Execute(["v1.sketch.point",[{"pos":[-1000,-1000,0],"id":29142}]])
[0m[0;32m[2026-09-16 14:19:15.106][VERB] RETURN: {"result":"$29151"}
[0m[0;32m[2026-09-16 14:19:15.106][VERB] COMMANDCALL: _C.SafeAPI.Execute(["v1.sketch.constraint",[{"type":"FIXATION","id":29142,"geomIds":[29151]}]])
[0m[0;32m[2026-09-16 14:19:15.107][VERB] RETURN: {"result":"$29153"}
[0m[0;32m[2026-09-16 14:19:15.107][VERB] COMMANDCALL: _C.SafeAPI.Execute(["v1.sketch.dimension",[{"type":"HORIZONTAL_DISTANCE","value":"@expr.d1762_position_x","name":"position_x","id":29142,"geomIds":[29151,29149]}]])
[0m[0;32m[2026-09-16 14:19:15.114][VERB] RETURN: {"result":"$29157"}
[0m[0;32m[2026-09-16 14:19:15.115][VERB] COMMANDCALL: _C.SafeAPI.Execute(["v1.sketch.dimension",[{"type":"VERTICAL_DISTANCE","value":"@expr.d1763_position_y","name":"position_y","id":29142,"geomIds":[29151,29149]}]])
[0m[0;32m[2026-09-16 14:19:15.123][VERB] RETURN: {"result":"$29161"}
[0m[0;32m[2026-09-16 14:19:15.123][VERB] COMMANDCALL: _C.SafeAPI.Execute(["v1.sketch.dimension",[{"type":"RADIUS","value":"@expr.d1764_radius","name":"radius","id":29142,"geomIds":[29148]}]])
[0m[0;32m[2026-09-16 14:19:15.130][VERB] RETURN: {"result":"$29165"}
[0m[0;32m[2026-09-16 14:19:15.131][VERB] COMMANDCALL: _C.SafeAPI.Execute(["v1.part.extrusion",[{"references":[29148],"name":"F1760_makeCylinder_cad_primitives_py_12","taperAngle":0,"limit2":"@expr.d1765_height","id":4}]])
[0m[0;32m[2026-09-16 14:19:15.147][VERB] RETURN: {"result":"$29169"}
[0m[0;32m[2026-09-16 14:19:15.148][VERB] COMMANDCALL: _C.SafeAPI.Execute(["v1.part.boolean",[{"type":"SUBTRACTION","tools":[29169],"target":29114,"name":"F6_cut_housing_py_491","id":4}]])
[0m[0;32m[2026-09-16 14:19:15.177][VERB] RETURN: {"result":"$29191"}
[0m[0;32m[2026-09-16 14:19:15.178][VERB] COMMANDCALL: _C.SafeAPI.Execute(["v1.part.workPlane",[{"type":"PLANE","references":[38],"name":"F1766_makeCylinder_cad_primitives_py_12_plane","offset":"@expr.d1767_plane_offset","id":4}]])
[0m[0;32m[2026-09-16 14:19:15.188][VERB] RETURN: {"result":"$29218"}
[0m[0;32m[2026-09-16 14:19:15.188][VERB] COMMANDCALL: _C.SafeAPI.Execute(["v1.sketch.create",[{"planeId":29218,"name":"F1766_makeCylinder_cad_primitives_py_12_profile","id":4}]])
[0m[0;32m[2026-09-16 14:19:15.192][VERB] RETURN: {"result":"$29224"}
[0m[0;32m[2026-09-16 14:19:15.193][VERB] COMMANDCALL: _C.SafeAPI.Execute(["v1.sketch.circle",[{"radius":1.15,"id":29224,"genFixation":0,"centerPos":[86.8,38.9,0]}]])
[0m[0;32m[2026-09-16 14:19:15.195][VERB] RETURN: {"result":"$29230"}
[0m[0;32m[2026-09-16 14:19:15.195][VERB] COMMANDCALL: _C.SafeAPI.Execute(["v1.sketch.getPoints",[{"id":29230}]])
[0m[0;32m[2026-09-16 14:19:15.195][VERB] RETURN: {"result":{"centerId":"$29231"}}
[0m[0;32m[2026-09-16 14:19:15.195][VERB] COMMANDCALL: _C.SafeAPI.Execute(["v1.sketch.point",[{"pos":[-1000,-1000,0],"id":29224}]])
[0m[0;32m[2026-09-16 14:19:15.197][VERB] RETURN: {"result":"$29233"}
[0m[0;32m[2026-09-16 14:19:15.197][VERB] COMMANDCALL: _C.SafeAPI.Execute(["v1.sketch.constraint",[{"type":"FIXATION","id":29224,"geomIds":[29233]}]])
[0m[0;32m[2026-09-16 14:19:15.198][VERB] RETURN: {"result":"$29235"}
[0m[0;32m[2026-09-16 14:19:15.198][VERB] COMMANDCALL: _C.SafeAPI.Execute(["v1.sketch.dimension",[{"type":"HORIZONTAL_DISTANCE","value":"@expr.d1768_position_x","name":"position_x","id":29224,"geomIds":[29233,29231]}]])
[0m[0;32m[2026-09-16 14:19:15.205][VERB] RETURN: {"result":"$29239"}
[0m[0;32m[2026-09-16 14:19:15.205][VERB] COMMANDCALL: _C.SafeAPI.Execute(["v1.sketch.dimension",[{"type":"VERTICAL_DISTANCE","value":"@expr.d1769_position_y","name":"position_y","id":29224,"geomIds":[29233,29231]}]])
[0m[0;32m[2026-09-16 14:19:15.212][VERB] RETURN: {"result":"$29243"}
[0m[0;32m[2026-09-16 14:19:15.213][VERB] COMMANDCALL: _C.SafeAPI.Execute(["v1.sketch.dimension",[{"type":"RADIUS","value":"@expr.d1770_radius","name":"radius","id":29224,"geomIds":[29230]}]])
[0m[0;32m[2026-09-16 14:19:15.220][VERB] RETURN: {"result":"$29247"}
[0m[0;32m[2026-09-16 14:19:15.221][VERB] COMMANDCALL: _C.SafeAPI.Execute(["v1.part.extrusion",[{"references":[29230],"name":"F1766_makeCylinder_cad_primitives_py_12","taperAngle":0,"limit2":"@expr.d1771_height","id":4}]])
[0m[0;32m[2026-09-16 14:19:15.236][VERB] RETURN: {"result":"$29251"}
[0m[0;32m[2026-09-16 14:19:15.237][VERB] COMMANDCALL: _C.SafeAPI.Execute(["v1.part.boolean",[{"type":"SUBTRACTION","tools":[29251],"target":29191,"name":"F5_cut_housing_py_489","id":4}]])
[0m[0;32m[2026-09-16 14:19:15.265][VERB] RETURN: {"result":"$29273"}
[0m[0;32m[2026-09-16 14:19:15.265][VERB] COMMANDCALL: _C.SafeAPI.Execute(["v1.part.workPlane",[{"type":"PLANE","references":[38],"name":"F1772_makeCylinder_cad_primitives_py_12_plane","offset":"@expr.d1773_plane_offset","id":4}]])
[0m[0;32m[2026-09-16 14:19:15.278][VERB] RETURN: {"result":"$29307"}
[0m[0;32m[2026-09-16 14:19:15.278][VERB] COMMANDCALL: _C.SafeAPI.Execute(["v1.sketch.create",[{"planeId":29307,"name":"F1772_makeCylinder_cad_primitives_py_12_profile","id":4}]])
[0m[0;32m[2026-09-16 14:19:15.281][VERB] RETURN: {"result":"$29313"}
[0m[0;32m[2026-09-16 14:19:15.281][VERB] COMMANDCALL: _C.SafeAPI.Execute(["v1.sketch.circle",[{"radius":1.45,"id":29313,"genFixation":0,"centerPos":[86.8,38.9,0]}]])
[0m[0;32m[2026-09-16 14:19:15.282][VERB] RETURN: {"result":"$29319"}
[0m[0;32m[2026-09-16 14:19:15.282][VERB] COMMANDCALL: _C.SafeAPI.Execute(["v1.sketch.getPoints",[{"id":29319}]])
[0m[0;32m[2026-09-16 14:19:15.283][VERB] RETURN: {"result":{"centerId":"$29320"}}
[0m[0;32m[2026-09-16 14:19:15.283][VERB] COMMANDCALL: _C.SafeAPI.Execute(["v1.sketch.point",[{"pos":[-1000,-1000,0],"id":29313}]])
[0m[0;32m[2026-09-16 14:19:15.285][VERB] RETURN: {"result":"$29322"}
[0m[0;32m[2026-09-16 14:19:15.286][VERB] COMMANDCALL: _C.SafeAPI.Execute(["v1.sketch.constraint",[{"type":"FIXATION","id":29313,"geomIds":[29322]}]])
[0m[0;32m[2026-09-16 14:19:15.287][VERB] RETURN: {"result":"$29324"}
[0m[0;32m[2026-09-16 14:19:15.288][VERB] COMMANDCALL: _C.SafeAPI.Execute(["v1.sketch.dimension",[{"type":"HORIZONTAL_DISTANCE","value":"@expr.d1774_position_x","name":"position_x","id":29313,"geomIds":[29322,29320]}]])
[0m[0;32m[2026-09-16 14:19:15.293][VERB] RETURN: {"result":"$29328"}
[0m[0;32m[2026-09-16 14:19:15.293][VERB] COMMANDCALL: _C.SafeAPI.Execute(["v1.sketch.dimension",[{"type":"VERTICAL_DISTANCE","value":"@expr.d1775_position_y","name":"position_y","id":29313,"geomIds":[29322,29320]}]])
[0m[0;32m[2026-09-16 14:19:15.299][VERB] RETURN: {"result":"$29332"}
[0m[0;32m[2026-09-16 14:19:15.299][VERB] COMMANDCALL: _C.SafeAPI.Execute(["v1.sketch.dimension",[{"type":"RADIUS","value":"@expr.d1776_radius","name":"radius","id":29313,"geomIds":[29319]}]])
[0m[0;32m[2026-09-16 14:19:15.307][VERB] RETURN: {"result":"$29336"}
[0m[0;32m[2026-09-16 14:19:15.307][VERB] COMMANDCALL: _C.SafeAPI.Execute(["v1.part.extrusion",[{"references":[29319],"name":"F1772_makeCylinder_cad_primitives_py_12","taperAngle":0,"limit2":"@expr.d1777_height","id":4}]])
[0m[0;32m[2026-09-16 14:19:15.322][VERB] RETURN: {"result":"$29340"}
[0m[0;32m[2026-09-16 14:19:15.324][VERB] COMMANDCALL: _C.SafeAPI.Execute(["v1.part.boolean",[{"type":"SUBTRACTION","tools":[29340],"target":29273,"name":"F4_cut_housing_py_491","id":4}]])
[0m[0;32m[2026-09-16 14:19:15.359][VERB] RETURN: {"result":"$29362"}
[0m[0;32m[2026-09-16 14:19:15.360][VERB] COMMANDCALL: _C.SafeAPI.Execute(["v1.part.workPlane",[{"type":"PLANE","references":[46],"name":"F1778_makeCylinder_cad_primitives_py_12_plane","offset":"@expr.d1779_plane_offset","id":4}]])
[0m[0;32m[2026-09-16 14:19:15.372][VERB] RETURN: {"result":"$29391"}
[0m[0;32m[2026-09-16 14:19:15.372][VERB] COMMANDCALL: _C.SafeAPI.Execute(["v1.sketch.create",[{"planeId":29391,"name":"F1778_makeCylinder_cad_primitives_py_12_profile","id":4}]])
[0m[0;32m[2026-09-16 14:19:15.375][VERB] RETURN: {"result":"$29397"}
[0m[0;32m[2026-09-16 14:19:15.376][VERB] COMMANDCALL: _C.SafeAPI.Execute(["v1.sketch.circle",[{"radius":0.85,"id":29397,"genFixation":0,"centerPos":[4,3.5,0]}]])
[0m[0;32m[2026-09-16 14:19:15.377][VERB] RETURN: {"result":"$29403"}
[0m[0;32m[2026-09-16 14:19:15.377][VERB] COMMANDCALL: _C.SafeAPI.Execute(["v1.sketch.getPoints",[{"id":29403}]])
[0m[0;32m[2026-09-16 14:19:15.378][VERB] RETURN: {"result":{"centerId":"$29404"}}
[0m[0;32m[2026-09-16 14:19:15.378][VERB] COMMANDCALL: _C.SafeAPI.Execute(["v1.sketch.point",[{"pos":[-1000,-1000,0],"id":29397}]])
[0m[0;32m[2026-09-16 14:19:15.379][VERB] RETURN: {"result":"$29406"}
[0m[0;32m[2026-09-16 14:19:15.379][VERB] COMMANDCALL: _C.SafeAPI.Execute(["v1.sketch.constraint",[{"type":"FIXATION","id":29397,"geomIds":[29406]}]])
[0m[0;32m[2026-09-16 14:19:15.380][VERB] RETURN: {"result":"$29408"}
[0m[0;32m[2026-09-16 14:19:15.380][VERB] COMMANDCALL: _C.SafeAPI.Execute(["v1.sketch.dimension",[{"type":"HORIZONTAL_DISTANCE","value":"@expr.d1780_position_x","name":"position_x","id":29397,"geomIds":[29406,29404]}]])
[0m[0;32m[2026-09-16 14:19:15.386][VERB] RETURN: {"result":"$29412"}
[0m[0;32m[2026-09-16 14:19:15.387][VERB] COMMANDCALL: _C.SafeAPI.Execute(["v1.sketch.dimension",[{"type":"VERTICAL_DISTANCE","value":"@expr.d1781_position_y","name":"position_y","id":29397,"geomIds":[29406,29404]}]])
[0m[0;32m[2026-09-16 14:19:15.393][VERB] RETURN: {"result":"$29416"}
[0m[0;32m[2026-09-16 14:19:15.393][VERB] COMMANDCALL: _C.SafeAPI.Execute(["v1.sketch.dimension",[{"type":"RADIUS","value":"@expr.d1782_radius","name":"radius","id":29397,"geomIds":[29403]}]])
[0m[0;32m[2026-09-16 14:19:15.399][VERB] RETURN: {"result":"$29420"}
[0m[0;32m[2026-09-16 14:19:15.399][VERB] COMMANDCALL: _C.SafeAPI.Execute(["v1.part.extrusion",[{"references":[29403],"name":"F1778_makeCylinder_cad_primitives_py_12","taperAngle":0,"limit2":"@expr.d1783_height","id":4}]])
[0m[0;32m[2026-09-16 14:19:15.414][VERB] RETURN: {"result":"$29424"}
[0m[0;32m[2026-09-16 14:19:15.415][VERB] COMMANDCALL: _C.SafeAPI.Execute(["v1.part.boolean",[{"type":"SUBTRACTION","tools":[29424],"target":29362,"name":"F3_cut_housing_py_508","id":4}]])
[0m[0;32m[2026-09-16 14:19:15.442][VERB] RETURN: {"result":"$29446"}
[0m[0;32m[2026-09-16 14:19:15.443][VERB] COMMANDCALL: _C.SafeAPI.Execute(["v1.part.workPlane",[{"type":"PLANE","references":[46],"name":"F1784_makeCylinder_cad_primitives_py_12_plane","offset":"@expr.d1785_plane_offset","id":4}]])
[0m[0;32m[2026-09-16 14:19:15.452][VERB] RETURN: {"result":"$29468"}
[0m[0;32m[2026-09-16 14:19:15.453][VERB] COMMANDCALL: _C.SafeAPI.Execute(["v1.sketch.create",[{"planeId":29468,"name":"F1784_makeCylinder_cad_primitives_py_12_profile","id":4}]])
[0m[0;32m[2026-09-16 14:19:15.456][VERB] RETURN: {"result":"$29474"}
[0m[0;32m[2026-09-16 14:19:15.456][VERB] COMMANDCALL: _C.SafeAPI.Execute(["v1.sketch.circle",[{"radius":0.85,"id":29474,"genFixation":0,"centerPos":[20,3.5,0]}]])
[0m[0;32m[2026-09-16 14:19:15.457][VERB] RETURN: {"result":"$29480"}
[0m[0;32m[2026-09-16 14:19:15.458][VERB] COMMANDCALL: _C.SafeAPI.Execute(["v1.sketch.getPoints",[{"id":29480}]])
[0m[0;32m[2026-09-16 14:19:15.458][VERB] RETURN: {"result":{"centerId":"$29481"}}
[0m[0;32m[2026-09-16 14:19:15.458][VERB] COMMANDCALL: _C.SafeAPI.Execute(["v1.sketch.point",[{"pos":[-1000,-1000,0],"id":29474}]])
[0m[0;32m[2026-09-16 14:19:15.459][VERB] RETURN: {"result":"$29483"}
[0m[0;32m[2026-09-16 14:19:15.459][VERB] COMMANDCALL: _C.SafeAPI.Execute(["v1.sketch.constraint",[{"type":"FIXATION","id":29474,"geomIds":[29483]}]])
[0m[0;32m[2026-09-16 14:19:15.461][VERB] RETURN: {"result":"$29485"}
[0m[0;32m[2026-09-16 14:19:15.461][VERB] COMMANDCALL: _C.SafeAPI.Execute(["v1.sketch.dimension",[{"type":"HORIZONTAL_DISTANCE","value":"@expr.d1786_position_x","name":"position_x","id":29474,"geomIds":[29483,29481]}]])
[0m[0;32m[2026-09-16 14:19:15.467][VERB] RETURN: {"result":"$29489"}
[0m[0;32m[2026-09-16 14:19:15.467][VERB] COMMANDCALL: _C.SafeAPI.Execute(["v1.sketch.dimension",[{"type":"VERTICAL_DISTANCE","value":"@expr.d1787_position_y","name":"position_y","id":29474,"geomIds":[29483,29481]}]])
[0m[0;32m[2026-09-16 14:19:15.474][VERB] RETURN: {"result":"$29493"}
[0m[0;32m[2026-09-16 14:19:15.474][VERB] COMMANDCALL: _C.SafeAPI.Execute(["v1.sketch.dimension",[{"type":"RADIUS","value":"@expr.d1788_radius","name":"radius","id":29474,"geomIds":[29480]}]])
[0m[0;32m[2026-09-16 14:19:15.481][VERB] RETURN: {"result":"$29497"}
[0m[0;32m[2026-09-16 14:19:15.482][VERB] COMMANDCALL: _C.SafeAPI.Execute(["v1.part.extrusion",[{"references":[29480],"name":"F1784_makeCylinder_cad_primitives_py_12","taperAngle":0,"limit2":"@expr.d1789_height","id":4}]])
[0m[0;32m[2026-09-16 14:19:15.497][VERB] RETURN: {"result":"$29501"}
[0m[0;32m[2026-09-16 14:19:15.498][VERB] COMMANDCALL: _C.SafeAPI.Execute(["v1.part.boolean",[{"type":"SUBTRACTION","tools":[29501],"target":29446,"name":"F2_cut_housing_py_508","id":4}]])
[0m[0;32m[2026-09-16 14:19:15.526][VERB] RETURN: {"result":"$29523"}
[0m[0;32m[2026-09-16 14:19:15.527][VERB] COMMANDCALL: _C.SafeAPI.Execute(["v1.part.workPlane",[{"type":"PLANE","references":[46],"name":"F1790_makeCylinder_cad_primitives_py_12_plane","offset":"@expr.d1791_plane_offset","id":4}]])
[0m[0;32m[2026-09-16 14:19:15.539][VERB] RETURN: {"result":"$29545"}
[0m[0;32m[2026-09-16 14:19:15.539][VERB] COMMANDCALL: _C.SafeAPI.Execute(["v1.sketch.create",[{"planeId":29545,"name":"F1790_makeCylinder_cad_primitives_py_12_profile","id":4}]])
[0m[0;32m[2026-09-16 14:19:15.543][VERB] RETURN: {"result":"$29551"}
[0m[0;32m[2026-09-16 14:19:15.543][VERB] COMMANDCALL: _C.SafeAPI.Execute(["v1.sketch.circle",[{"radius":0.85,"id":29551,"genFixation":0,"centerPos":[3.2,-37.8,0]}]])
[0m[0;32m[2026-09-16 14:19:15.545][VERB] RETURN: {"result":"$29557"}
[0m[0;32m[2026-09-16 14:19:15.545][VERB] COMMANDCALL: _C.SafeAPI.Execute(["v1.sketch.getPoints",[{"id":29557}]])
[0m[0;32m[2026-09-16 14:19:15.545][VERB] RETURN: {"result":{"centerId":"$29558"}}
[0m[0;32m[2026-09-16 14:19:15.545][VERB] COMMANDCALL: _C.SafeAPI.Execute(["v1.sketch.point",[{"pos":[-1000,-1000,0],"id":29551}]])
[0m[0;32m[2026-09-16 14:19:15.546][VERB] RETURN: {"result":"$29560"}
[0m[0;32m[2026-09-16 14:19:15.547][VERB] COMMANDCALL: _C.SafeAPI.Execute(["v1.sketch.constraint",[{"type":"FIXATION","id":29551,"geomIds":[29560]}]])
[0m[0;32m[2026-09-16 14:19:15.548][VERB] RETURN: {"result":"$29562"}
[0m[0;32m[2026-09-16 14:19:15.548][VERB] COMMANDCALL: _C.SafeAPI.Execute(["v1.sketch.dimension",[{"type":"HORIZONTAL_DISTANCE","value":"@expr.d1792_position_x","name":"position_x","id":29551,"geomIds":[29560,29558]}]])
[0m[0;32m[2026-09-16 14:19:15.555][VERB] RETURN: {"result":"$29566"}
[0m[0;32m[2026-09-16 14:19:15.555][VERB] COMMANDCALL: _C.SafeAPI.Execute(["v1.sketch.dimension",[{"type":"VERTICAL_DISTANCE","value":"@expr.d1793_position_y","name":"position_y","id":29551,"geomIds":[29560,29558]}]])
[0m[0;32m[2026-09-16 14:19:15.562][VERB] RETURN: {"result":"$29570"}
[0m[0;32m[2026-09-16 14:19:15.563][VERB] COMMANDCALL: _C.SafeAPI.Execute(["v1.sketch.dimension",[{"type":"RADIUS","value":"@expr.d1794_radius","name":"radius","id":29551,"geomIds":[29557]}]])
[0m[0;32m[2026-09-16 14:19:15.570][VERB] RETURN: {"result":"$29574"}
[0m[0;32m[2026-09-16 14:19:15.571][VERB] COMMANDCALL: _C.SafeAPI.Execute(["v1.part.extrusion",[{"references":[29557],"name":"F1790_makeCylinder_cad_primitives_py_12","taperAngle":0,"limit2":"@expr.d1795_height","id":4}]])
[0m[0;32m[2026-09-16 14:19:15.587][VERB] RETURN: {"result":"$29578"}
[0m[0;32m[2026-09-16 14:19:15.588][VERB] COMMANDCALL: _C.SafeAPI.Execute(["v1.part.boolean",[{"type":"SUBTRACTION","tools":[29578],"target":29523,"name":"F1_cut_housing_py_508","id":4}]])
[0m[0;32m[2026-09-16 14:19:15.615][VERB] RETURN: {"result":"$29600"}
[0m[0;32m[2026-09-16 14:19:15.616][VERB] COMMANDCALL: _C.SafeAPI.Execute(["v1.part.workPlane",[{"type":"PLANE","references":[46],"name":"F1796_makeCylinder_cad_primitives_py_12_plane","offset":"@expr.d1797_plane_offset","id":4}]])
[0m[0;32m[2026-09-16 14:19:15.628][VERB] RETURN: {"result":"$29622"}
[0m[0;32m[2026-09-16 14:19:15.628][VERB] COMMANDCALL: _C.SafeAPI.Execute(["v1.sketch.create",[{"planeId":29622,"name":"F1796_makeCylinder_cad_primitives_py_12_profile","id":4}]])
[0m[0;32m[2026-09-16 14:19:15.631][VERB] RETURN: {"result":"$29628"}
[0m[0;32m[2026-09-16 14:19:15.631][VERB] COMMANDCALL: _C.SafeAPI.Execute(["v1.sketch.circle",[{"radius":0.85,"id":29628,"genFixation":0,"centerPos":[20,-34.5,0]}]])
[0m[0;32m[2026-09-16 14:19:15.633][VERB] RETURN: {"result":"$29634"}
[0m[0;32m[2026-09-16 14:19:15.633][VERB] COMMANDCALL: _C.SafeAPI.Execute(["v1.sketch.getPoints",[{"id":29634}]])
[0m[0;32m[2026-09-16 14:19:15.633][VERB] RETURN: {"result":{"centerId":"$29635"}}
[0m[0;32m[2026-09-16 14:19:15.634][VERB] COMMANDCALL: _C.SafeAPI.Execute(["v1.sketch.point",[{"pos":[-1000,-1000,0],"id":29628}]])
[0m[0;32m[2026-09-16 14:19:15.635][VERB] RETURN: {"result":"$29637"}
[0m[0;32m[2026-09-16 14:19:15.636][VERB] COMMANDCALL: _C.SafeAPI.Execute(["v1.sketch.constraint",[{"type":"FIXATION","id":29628,"geomIds":[29637]}]])
[0m[0;32m[2026-09-16 14:19:15.637][VERB] RETURN: {"result":"$29639"}
[0m[0;32m[2026-09-16 14:19:15.638][VERB] COMMANDCALL: _C.SafeAPI.Execute(["v1.sketch.dimension",[{"type":"HORIZONTAL_DISTANCE","value":"@expr.d1798_position_x","name":"position_x","id":29628,"geomIds":[29637,29635]}]])
[0m[0;32m[2026-09-16 14:19:15.644][VERB] RETURN: {"result":"$29643"}
[0m[0;32m[2026-09-16 14:19:15.644][VERB] COMMANDCALL: _C.SafeAPI.Execute(["v1.sketch.dimension",[{"type":"VERTICAL_DISTANCE","value":"@expr.d1799_position_y","name":"position_y","id":29628,"geomIds":[29637,29635]}]])
[0m[0;32m[2026-09-16 14:19:15.651][VERB] RETURN: {"result":"$29647"}
[0m[0;32m[2026-09-16 14:19:15.651][VERB] COMMANDCALL: _C.SafeAPI.Execute(["v1.sketch.dimension",[{"type":"RADIUS","value":"@expr.d1800_radius","name":"radius","id":29628,"geomIds":[29634]}]])
[0m[0;32m[2026-09-16 14:19:15.658][VERB] RETURN: {"result":"$29651"}
[0m[0;32m[2026-09-16 14:19:15.659][VERB] COMMANDCALL: _C.SafeAPI.Execute(["v1.part.extrusion",[{"references":[29634],"name":"F1796_makeCylinder_cad_primitives_py_12","taperAngle":0,"limit2":"@expr.d1801_height","id":4}]])
[0m[0;32m[2026-09-16 14:19:15.676][VERB] RETURN: {"result":"$29655"}
[0m[0;32m[2026-09-16 14:19:15.677][VERB] COMMANDCALL: _C.SafeAPI.Execute(["v1.part.boolean",[{"type":"SUBTRACTION","tools":[29655],"target":29600,"name":"F0_cut_housing_py_508","id":4}]])
[0m[0;32m[2026-09-16 14:19:15.705][VERB] RETURN: {"result":"$29677"}
[0m[0;32m[2026-09-16 14:19:15.706][VERB] COMMANDCALL: _C.SafeAPI.Execute(["v1.common.setAppearance",[{"target":29677,"color":[51,58.65,68.85]}]])
[0m[0;32m[2026-09-16 14:19:15.707][VERB] RETURN: {"result":null}
[0m[0;32m[2026-09-16 14:19:15.707][VERB] COMMANDCALL: _C.SafeAPI.Execute(["v1.assembly.calculateMassProperties",[{"id":4}]])
[0m[0;32m[2026-09-16 14:19:15.816][VERB] RETURN: {"result":{"volume":41550.607553732,"cog":{"z":7.277652949692,"y":30.408222277214,"x":44.141509087481}}}
[0m[0;32m[2026-09-16 14:19:15.816][VERB] COMMANDCALL: _C.SafeAPI.Execute(["v1.common.save",[{"format":"OFB","file":"/Users/dev/dev/awv/classcad-ai/workspace/training/2026-09-16_12-50-53_pvs-cavity-boolean/files/26-current9-Base-result.ofb"}]])
[0m[0;32m[2026-09-16 14:19:15.829][VERB] GetStateId with StateId=b7047511-b9a4-48fd-9db0-19285e5c8313
[0m[0;32m[2026-09-16 14:19:15.959][VERB] RETURN: {"maxLevel":31,"messages":[{"message":"GetStateId with StateId=b7047511-b9a4-48fd-9db0-19285e5c8313\n","code":0,"level":31,"api":"v1.common.save","levelStr":"INFO"}],"result":{"success":1}}
[0m[0;32m[2026-09-16 14:19:15.960][VERB] COMMANDCALL: _C.SafeAPI.Execute(["v1.common.save",[{"format":"STP","file":"/Users/dev/dev/awv/classcad-ai/workspace/training/2026-09-16_12-50-53_pvs-cavity-boolean/files/26-current9-Base-result.step"}]])
[0m[0;32m[2026-09-16 14:19:16.002][VERB] RETURN: {"result":{"success":1}}
[0m[0;32m[2026-09-16 14:19:16.003][VERB] COMMANDCALL: _C.SafeAPI.Execute(["v1.common.setDatabaseSettings",[{"isSketchGraphicEnabled":1,"isGraphicEnabled":1,"isCCGraphicEnabled":1,"doCurveTessellation":1}]])
[0m[0;32m[2026-09-16 14:19:16.006][VERB] RETURN: {"result":null}
[0m[2026-09-16 14:19:21.408][DEBUG] Build graphic in: 5207ms
[0;32m[2026-09-16 14:19:21.838][VERB] 0x766cc2f180 SetZeichnung
[0m[0;32m[2026-09-16 14:19:21.838][VERB] COMMANDCALL: _C.SafeAPI.Execute(["v1.common.clear",[{}]])
[0m[0;32m[2026-09-16 14:19:21.838][VERB] RETURN: {"result":null}
[0m
