ISO-10303-21;
HEADER;
FILE_DESCRIPTION(('STEP'), '1');
FILE_NAME('/Users/dev/dev/awv/classcad-ai/workspace/training/2026-09-16_12-50-53_pvs-cavity-boolean/files/26-current9-Base-result.step', '2026-09-16T14:19:15', (''), (''), 'Express 3.1.3.0', 'Express Tool', 'Unknown');
FILE_SCHEMA(('AUTOMOTIVE_DESIGN'));
ENDSEC;

DATA;
#1 = MANIFOLD_SOLID_BREP('Subtraction_0', #2);
#2 = CLOSED_SHELL('', (#3, #25, #47, #125, #181, #224, #325, #511, #568, #619, #647, #669, #691, #736, #773, #801, #830, #846, #967, #987, #1010, #1040, #1795, #1823, #1845, #1867, #1883, #1895, #1923, #1951, #1967, #1983, #1995, #2079, #2099, #2143, #2165, #2215, #2242, #2279, #2371, #2419, #2435, #2451, #2503, #2531, #2559, #2575, #2625, #2637, #2659, #2681, #2717, #2761, #2789, #2811, #2827, #2853, #2869, #2881, #2897, #2909, #2921, #2949, #2971, #2993, #3029, #3085, #3119, #3131, #3153, #3189, #3205, #3261, #3295, #3307, #3329, #3365, #3381, #3419, #3455, #3471, #3487, #3503, #3541, #3563, #3599, #3621, #3637, #3661, #3691, #3715, #3737, #3756, #3803, #3828, #3844, #3888, #3936, #3952, #3968, #4000, #4022, #4044, #4064, #4076, #4112, #4134, #4156, #4172, #4184, #4200, #4212, #4245, #4298, #4315, #4327, #4349, #4371, #4417, #4445, #4501, #4531, #4554, #4570, #4583, #4615, #4663, #4698, #4771, #4823, #4851, #4891, #4944, #4972, #4995, #5016, #5099, #5127, #5143, #5159, #5171, #5195, #5217, #5241, #5328, #5364, #5393, #5415, #5465, #5487, #5551, #5579, #5629, #5651, #5701, #5721, #5733, #5749, #5835, #5865, #5881, #5957, #6055, #6078, #6115, #6163, #6206, #6307, #6358, #6380, #6391, #6408, #6459, #6481, #6531, #6559, #6581, #6651, #6663, #6685, #6707, #6723, #6754, #6779, #6828, #6839, #6931, #6967, #6995, #7013, #7023, #7034, #7070, #7097, #7300, #7493, #7961, #7996, #8016, #8067, #8085, #8097, #8198, #8222, #8311, #8335, #8415, #8499, #8586, #8640, #8696, #8741, #8769, #8857, #8899, #8927, #8949, #8971, #8989, #9003, #9019, #9036, #9048, #9086, #9108, #9140, #9156, #9172, #9184, #9206, #9294, #9312, #9328, #9346, #9358, #9376, #9392, #9410, #9426, #9444, #9460, #9474, #9504, #9565, #9577, #9652, #9784, #9796, #9812, #9940, #9956, #10084, #10100, #10246, #10262, #10673, #10843, #11097, #11111, #11139, #11156, #11178, #11194, #11218, #11254, #11302, #11314, #11342, #11364, #11386, #11402, #11422, #11462, #11478, #11494, #11510, #11522, #11544, #11566, #11582, #11594, #11613, #11636, #11658, #11674, #11698, #11714, #11726, #11738, #11754, #11766, #11778, #11790, #11802, #11818, #11830, #11842, #11874, #11896, #11918, #11934, #11946, #11981, #12011, #12047, #12075, #12103, #12123, #12173, #12195, #12217, #12245, #12273, #12289, #12305, #12347, #12365, #12381, #12395, #12412, #12498, #12511, #12522, #12544, #12600, #12612, #12697, #12719, #12735, #12761, #12774, #12787, #12830, #12873, #12885, #12928, #12971, #12983, #13005, #13048, #13091, #13103, #13135, #13178, #13187, #13230, #13239, #13282, #13291, #13334));
#3 = ADVANCED_FACE('', (#4), #20, .F.);
#4 = FACE_OUTER_BOUND('', #5, .F.);
#5 = EDGE_LOOP('', (#6));
#6 = ORIENTED_EDGE('', *, *, #7, .F.);
#7 = EDGE_CURVE('', #8, #8, #10, .T.);
#8 = VERTEX_POINT('', #9);
#9 = CARTESIAN_POINT('', (30.65, 20.9, 17.8));
#10 = (
   BOUNDED_CURVE ()
   B_SPLINE_CURVE (2, (#11, #12, #13, #14, #15, #16, #17, #18, #19), .UNSPECIFIED., .T., .U.)
   B_SPLINE_CURVE_WITH_KNOTS ((3, 2, 2, 2, 3), (0., 1.80641577581413, 3.61283155162826, 5.41924732744239, 7.22566310325652), .UNSPECIFIED.)
   CURVE ()
   GEOMETRIC_REPRESENTATION_ITEM ()
   RATIONAL_B_SPLINE_CURVE ((1., 0.707106781186548, 1., 0.707106781186548, 1., 0.707106781186548, 1., 0.707106781186548, 1.))
   REPRESENTATION_ITEM ('')
);
#11 = CARTESIAN_POINT('', (30.65, 20.9, 17.8));
#12 = CARTESIAN_POINT('', (30.65, 22.05, 17.8));
#13 = CARTESIAN_POINT('', (29.5, 22.05, 17.8));
#14 = CARTESIAN_POINT('', (28.35, 22.05, 17.8));
#15 = CARTESIAN_POINT('', (28.35, 20.9, 17.8));
#16 = CARTESIAN_POINT('', (28.35, 19.75, 17.8));
#17 = CARTESIAN_POINT('', (29.5, 19.75, 17.8));
#18 = CARTESIAN_POINT('', (30.65, 19.75, 17.8));
#19 = CARTESIAN_POINT('', (30.65, 20.9, 17.8));
#20 = B_SPLINE_SURFACE_WITH_KNOTS('', 1, 1, ((#21, #22), (#23, #24)), .UNSPECIFIED., .F., .F., .U., (2, 2), (2, 2), (-0.176470588235291, 1.17647058823529), (-0.176470588235291, 1.17647058823529), .UNSPECIFIED.);
#21 = CARTESIAN_POINT('', (31.288980156402, 19.111019843598, 17.8));
#22 = CARTESIAN_POINT('', (31.288980156402, 22.688980156402, 17.8));
#23 = CARTESIAN_POINT('', (27.711019843598, 19.111019843598, 17.8));
#24 = CARTESIAN_POINT('', (27.711019843598, 22.688980156402, 17.8));
#25 = ADVANCED_FACE('', (#26), #42, .F.);
#26 = FACE_OUTER_BOUND('', #27, .F.);
#27 = EDGE_LOOP('', (#28));
#28 = ORIENTED_EDGE('', *, *, #29, .F.);
#29 = EDGE_CURVE('', #30, #30, #32, .T.);
#30 = VERTEX_POINT('', #31);
#31 = CARTESIAN_POINT('', (30.65, 3.1, 17.8));
#32 = (
   BOUNDED_CURVE ()
   B_SPLINE_CURVE (2, (#33, #34, #35, #36, #37, #38, #39, #40, #41), .UNSPECIFIED., .T., .U.)
   B_SPLINE_CURVE_WITH_KNOTS ((3, 2, 2, 2, 3), (0., 1.80641577581413, 3.61283155162826, 5.41924732744239, 7.22566310325652), .UNSPECIFIED.)
   CURVE ()
   GEOMETRIC_REPRESENTATION_ITEM ()
   RATIONAL_B_SPLINE_CURVE ((1., 0.707106781186548, 1., 0.707106781186548, 1., 0.707106781186548, 1., 0.707106781186548, 1.))
   REPRESENTATION_ITEM ('')
);
#33 = CARTESIAN_POINT('', (30.65, 3.1, 17.8));
#34 = CARTESIAN_POINT('', (30.65, 4.25, 17.8));
#35 = CARTESIAN_POINT('', (29.5, 4.25, 17.8));
#36 = CARTESIAN_POINT('', (28.35, 4.25, 17.8));
#37 = CARTESIAN_POINT('', (28.35, 3.1, 17.8));
#38 = CARTESIAN_POINT('', (28.35, 1.95, 17.8));
#39 = CARTESIAN_POINT('', (29.5, 1.95, 17.8));
#40 = CARTESIAN_POINT('', (30.65, 1.95, 17.8));
#41 = CARTESIAN_POINT('', (30.65, 3.1, 17.8));
#42 = B_SPLINE_SURFACE_WITH_KNOTS('', 1, 1, ((#43, #44), (#45, #46)), .UNSPECIFIED., .F., .F., .U., (2, 2), (2, 2), (-0.176470588235294, 1.17647058823529), (-0.176470588235293, 1.17647058823529), .UNSPECIFIED.);
#43 = CARTESIAN_POINT('', (31.288980156402, 1.31101984359804, 17.8));
#44 = CARTESIAN_POINT('', (31.288980156402, 4.88898015640196, 17.8));
#45 = CARTESIAN_POINT('', (27.711019843598, 1.31101984359804, 17.8));
#46 = CARTESIAN_POINT('', (27.711019843598, 4.88898015640196, 17.8));
#47 = ADVANCED_FACE('', (#48), #106, .T.);
#48 = FACE_OUTER_BOUND('', #49, .T.);
#49 = EDGE_LOOP('', (#50, #85, #93, #100));
#50 = ORIENTED_EDGE('', *, *, #51, .F.);
#51 = EDGE_CURVE('', #52, #54, #56, .T.);
#52 = VERTEX_POINT('', #53);
#53 = CARTESIAN_POINT('', (87.3, 36.0942024306804, 12.1060256621981));
#54 = VERTEX_POINT('', #55);
#55 = CARTESIAN_POINT('', (88.6, 36.6903620206016, 10.7645421861257));
#56 = B_SPLINE_CURVE_WITH_KNOTS('', 3, (#57, #58, #59, #60, #61, #62, #63, #64, #65, #66, #67, #68, #69, #70, #71, #72, #73, #74, #75, #76, #77, #78, #79, #80, #81, #82, #83, #84), .UNSPECIFIED., .F., .U., (4, 3, 3, 3, 3, 3, 3, 3, 3, 4), (0., 0.195804878046076, 0.391402709783463, 0.586795272039004, 0.781992263882918, 0.977008605539238, 1.17186188220802, 1.46414605492691, 1.75598186536344, 2.04100934992808), .UNSPECIFIED.);
#57 = CARTESIAN_POINT('', (87.3, 36.0942024306804, 12.1060256621981));
#58 = CARTESIAN_POINT('', (87.3620233766291, 36.1052551483296, 12.0889702169174));
#59 = CARTESIAN_POINT('', (87.422931654478, 36.1182427120285, 12.0686911739319));
#60 = CARTESIAN_POINT('', (87.4821304620665, 36.1328357416444, 12.0453996583875));
#61 = CARTESIAN_POINT('', (87.5412666721614, 36.1474133404245, 12.0221327715569));
#62 = CARTESIAN_POINT('', (87.5988958498319, 36.1636400501447, 11.9957820491374));
#63 = CARTESIAN_POINT('', (87.6545255338631, 36.1811241087582, 11.9666171438167));
#64 = CARTESIAN_POINT('', (87.7100968375108, 36.1985898187856, 11.937482845507));
#65 = CARTESIAN_POINT('', (87.7638470026742, 36.2173627178879, 11.9054500816554));
#66 = CARTESIAN_POINT('', (87.8153975809308, 36.2370190100867, 11.8708351107285));
#67 = CARTESIAN_POINT('', (87.8668965616871, 36.2566556281017, 11.8362547862796));
#68 = CARTESIAN_POINT('', (87.9163484891324, 36.2772280284213, 11.7989997832645));
#69 = CARTESIAN_POINT('', (87.9634899455704, 36.2983099441793, 11.7594172550751));
#70 = CARTESIAN_POINT('', (88.0105877737083, 36.3193723491241, 11.7198713595769));
#71 = CARTESIAN_POINT('', (88.0555020318716, 36.3409959936909, 11.6779017451649));
#72 = CARTESIAN_POINT('', (88.0980749335783, 36.3627768196677, 11.6338693499523));
#73 = CARTESIAN_POINT('', (88.1406122375006, 36.3845394333753, 11.5898737728952));
#74 = CARTESIAN_POINT('', (88.1809112159149, 36.4065078252713, 11.5437192435989));
#75 = CARTESIAN_POINT('', (88.2189027345517, 36.4283173686977, 11.4957647578009));
#76 = CARTESIAN_POINT('', (88.2758908426551, 36.4610321603949, 11.423831981256));
#77 = CARTESIAN_POINT('', (88.3278850397243, 36.4934977727021, 11.3475835101976));
#78 = CARTESIAN_POINT('', (88.3749259665869, 36.5246877679407, 11.2681696461728));
#79 = CARTESIAN_POINT('', (88.4218947329315, 36.5558299179016, 11.1888776025702));
#80 = CARTESIAN_POINT('', (88.4641139185245, 36.5858189375354, 11.1061336853161));
#81 = CARTESIAN_POINT('', (88.5018158219535, 36.6138847561532, 11.020963250317));
#82 = CARTESIAN_POINT('', (88.5386381662765, 36.6412958188015, 10.9377797821513));
#83 = CARTESIAN_POINT('', (88.5712718133895, 36.666959664025, 10.8520279665345));
#84 = CARTESIAN_POINT('', (88.6, 36.6903620206016, 10.7645421861255));
#85 = ORIENTED_EDGE('', *, *, #86, .T.);
#86 = EDGE_CURVE('', #52, #87, #89, .T.);
#87 = VERTEX_POINT('', #88);
#88 = CARTESIAN_POINT('', (87.3, 32.15, 14.25));
#89 = (
   BOUNDED_CURVE ()
   B_SPLINE_CURVE (2, (#90, #91, #92), .UNSPECIFIED., .F., .U.)
   B_SPLINE_CURVE_WITH_KNOTS ((3, 3), (0.843135819331325, 1.), .UNSPECIFIED.)
   CURVE ()
   GEOMETRIC_REPRESENTATION_ITEM ()
   RATIONAL_B_SPLINE_CURVE ((0.863069617893176, 0.816222180829667, 1.))
   REPRESENTATION_ITEM ('')
);
#90 = CARTESIAN_POINT('', (87.3, 36.0942024306804, 12.1060256621981));
#91 = CARTESIAN_POINT('', (87.3, 34.7048078641417, 14.25));
#92 = CARTESIAN_POINT('', (87.3, 32.15, 14.25));
#93 = ORIENTED_EDGE('', *, *, #94, .T.);
#94 = EDGE_CURVE('', #87, #95, #97, .T.);
#95 = VERTEX_POINT('', #96);
#96 = CARTESIAN_POINT('', (88.6, 32.15, 14.25));
#97 = B_SPLINE_CURVE_WITH_KNOTS('', 1, (#98, #99), .UNSPECIFIED., .F., .U., (2, 2), (0., 1.3), .UNSPECIFIED.);
#98 = CARTESIAN_POINT('', (87.3, 32.15, 14.25));
#99 = CARTESIAN_POINT('', (88.6, 32.15, 14.25));
#100 = ORIENTED_EDGE('', *, *, #101, .F.);
#101 = EDGE_CURVE('', #54, #95, #102, .T.);
#102 = (
   BOUNDED_CURVE ()
   B_SPLINE_CURVE (2, (#103, #104, #105), .UNSPECIFIED., .F., .U.)
   B_SPLINE_CURVE_WITH_KNOTS ((3, 3), (0., 1.), .UNSPECIFIED.)
   CURVE ()
   GEOMETRIC_REPRESENTATION_ITEM ()
   RATIONAL_B_SPLINE_CURVE ((1., 0.79322545064142, 1.))
   REPRESENTATION_ITEM ('')
);
#103 = CARTESIAN_POINT('', (88.6, 36.6903620206016, 10.7645421861257));
#104 = CARTESIAN_POINT('', (88.6, 35.7580056283792, 14.25));
#105 = CARTESIAN_POINT('', (88.6, 32.15, 14.25));
#106 = (
   BOUNDED_SURFACE ()
   B_SPLINE_SURFACE (2, 1, ((#107, #108), (#109, #110), (#111, #112), (#113, #114), (#115, #116), (#117, #118), (#119, #120), (#121, #122), (#123, #124)), .UNSPECIFIED., .T., .F., .U.)
   B_SPLINE_SURFACE_WITH_KNOTS ((3, 2, 2, 2, 3), (2, 2), (0., 7.38274273593601, 14.765485471872, 22.148228207808, 29.530970943744), (0., 5.2), .UNSPECIFIED.)
   GEOMETRIC_REPRESENTATION_ITEM ()
   RATIONAL_B_SPLINE_SURFACE (((1., 1.), (0.707106781186548, 0.707106781186548), (1., 1.), (0.707106781186548, 0.707106781186548), (1., 1.), (0.707106781186548, 0.707106781186548), (1., 1.), (0.707106781186548, 0.707106781186548), (1., 1.)))
   REPRESENTATION_ITEM ('')
   SURFACE ()
);
#107 = CARTESIAN_POINT('', (87.3, 32.15, 14.25));
#108 = CARTESIAN_POINT('', (92.5, 32.15, 14.25));
#109 = CARTESIAN_POINT('', (87.3, 27.45, 14.25));
#110 = CARTESIAN_POINT('', (92.5, 27.45, 14.25));
#111 = CARTESIAN_POINT('', (87.3, 27.45, 9.55));
#112 = CARTESIAN_POINT('', (92.5, 27.45, 9.55));
#113 = CARTESIAN_POINT('', (87.3, 27.45, 4.85));
#114 = CARTESIAN_POINT('', (92.5, 27.45, 4.85));
#115 = CARTESIAN_POINT('', (87.3, 32.15, 4.85));
#116 = CARTESIAN_POINT('', (92.5, 32.15, 4.85));
#117 = CARTESIAN_POINT('', (87.3, 36.85, 4.85));
#118 = CARTESIAN_POINT('', (92.5, 36.85, 4.85));
#119 = CARTESIAN_POINT('', (87.3, 36.85, 9.55));
#120 = CARTESIAN_POINT('', (92.5, 36.85, 9.55));
#121 = CARTESIAN_POINT('', (87.3, 36.85, 14.25));
#122 = CARTESIAN_POINT('', (92.5, 36.85, 14.25));
#123 = CARTESIAN_POINT('', (87.3, 32.15, 14.25));
#124 = CARTESIAN_POINT('', (92.5, 32.15, 14.25));
#125 = ADVANCED_FACE('', (#126, #160), #176, .T.);
#126 = FACE_OUTER_BOUND('', #127, .T.);
#127 = EDGE_LOOP('', (#128, #138, #144, #145, #152));
#128 = ORIENTED_EDGE('', *, *, #129, .T.);
#129 = EDGE_CURVE('', #130, #132, #134, .T.);
#130 = VERTEX_POINT('', #131);
#131 = CARTESIAN_POINT('', (87.3, 27.4505073307459, 9.48094457568502));
#132 = VERTEX_POINT('', #133);
#133 = CARTESIAN_POINT('', (87.3, 27.8000130118975, 11.3297789759796));
#134 = (
   BOUNDED_CURVE ()
   B_SPLINE_CURVE (2, (#135, #136, #137), .UNSPECIFIED., .F., .U.)
   B_SPLINE_CURVE_WITH_KNOTS ((3, 3), (0.000421486080578039, 0.392076517525475), .UNSPECIFIED.)
   CURVE ()
   GEOMETRIC_REPRESENTATION_ITEM ()
   RATIONAL_B_SPLINE_CURVE ((0.999987593003946, 0.99422558367748, 0.992980822153042))
   REPRESENTATION_ITEM ('')
);
#135 = CARTESIAN_POINT('', (87.3000000000001, 27.4505073307466, 9.48094457568759));
#136 = CARTESIAN_POINT('', (87.3000000000001, 27.6875210792582, 10.3935919055662));
#137 = CARTESIAN_POINT('', (87.3000000000001, 27.8000130118975, 11.3297789759796));
#138 = ORIENTED_EDGE('', *, *, #139, .F.);
#139 = EDGE_CURVE('', #87, #132, #140, .T.);
#140 = (
   BOUNDED_CURVE ()
   B_SPLINE_CURVE (2, (#141, #142, #143), .UNSPECIFIED., .F., .U.)
   B_SPLINE_CURVE_WITH_KNOTS ((3, 3), (0., 0.185707130152792), .UNSPECIFIED.)
   CURVE ()
   GEOMETRIC_REPRESENTATION_ITEM ()
   RATIONAL_B_SPLINE_CURVE ((1., 0.78243056357176, 0.88809469232791))
   REPRESENTATION_ITEM ('')
);
#141 = CARTESIAN_POINT('', (87.3, 32.15, 14.25));
#142 = CARTESIAN_POINT('', (87.3, 28.9948092257667, 14.25));
#143 = CARTESIAN_POINT('', (87.3, 27.8000130118975, 11.3297789759796));
#144 = ORIENTED_EDGE('', *, *, #86, .F.);
#145 = ORIENTED_EDGE('', *, *, #146, .F.);
#146 = EDGE_CURVE('', #147, #52, #149, .T.);
#147 = VERTEX_POINT('', #148);
#148 = CARTESIAN_POINT('', (87.3, 36.0942024306804, 6.99397433780191));
#149 = B_SPLINE_CURVE_WITH_KNOTS('', 1, (#150, #151), .UNSPECIFIED., .F., .U., (2, 2), (0.228082376361906, 0.771917623638095), .UNSPECIFIED.);
#150 = CARTESIAN_POINT('', (87.3, 36.0942024306804, 6.99397433780191));
#151 = CARTESIAN_POINT('', (87.3, 36.0942024306804, 12.1060256621981));
#152 = ORIENTED_EDGE('', *, *, #153, .F.);
#153 = EDGE_CURVE('', #130, #147, #154, .T.);
#154 = (
   BOUNDED_CURVE ()
   B_SPLINE_CURVE (2, (#155, #156, #157, #158, #159), .UNSPECIFIED., .F., .U.)
   B_SPLINE_CURVE_WITH_KNOTS ((3, 2, 3), (0.252589576778444, 0.5, 0.656864180668675), .UNSPECIFIED.)
   CURVE ()
   GEOMETRIC_REPRESENTATION_ITEM ()
   RATIONAL_B_SPLINE_CURVE ((0.993995095854292, 0.71014065909856, 1., 0.816222180829668, 0.863069617893176))
   REPRESENTATION_ITEM ('')
);
#155 = CARTESIAN_POINT('', (87.3, 27.4505073307459, 9.48094457568502));
#156 = CARTESIAN_POINT('', (87.3, 27.5185554936349, 4.85));
#157 = CARTESIAN_POINT('', (87.3, 32.15, 4.85));
#158 = CARTESIAN_POINT('', (87.3, 34.7048078641417, 4.85));
#159 = CARTESIAN_POINT('', (87.3, 36.0942024306803, 6.9939743378019));
#160 = FACE_BOUND('', #161, .T.);
#161 = EDGE_LOOP('', (#162));
#162 = ORIENTED_EDGE('', *, *, #163, .T.);
#163 = EDGE_CURVE('', #164, #164, #166, .T.);
#164 = VERTEX_POINT('', #165);
#165 = CARTESIAN_POINT('', (87.3, 32.15, 11.75));
#166 = (
   BOUNDED_CURVE ()
   B_SPLINE_CURVE (2, (#167, #168, #169, #170, #171, #172, #173, #174, #175), .UNSPECIFIED., .T., .U.)
   B_SPLINE_CURVE_WITH_KNOTS ((3, 2, 2, 2, 3), (0., 0.25, 0.5, 0.75, 1.), .UNSPECIFIED.)
   CURVE ()
   GEOMETRIC_REPRESENTATION_ITEM ()
   RATIONAL_B_SPLINE_CURVE ((1., 0.707106781186548, 1., 0.707106781186548, 1., 0.707106781186548, 1., 0.707106781186548, 1.))
   REPRESENTATION_ITEM ('')
);
#167 = CARTESIAN_POINT('', (87.3, 32.15, 11.75));
#168 = CARTESIAN_POINT('', (87.3, 29.95, 11.75));
#169 = CARTESIAN_POINT('', (87.3, 29.95, 9.55));
#170 = CARTESIAN_POINT('', (87.3, 29.95, 7.35));
#171 = CARTESIAN_POINT('', (87.3, 32.15, 7.35));
#172 = CARTESIAN_POINT('', (87.3, 34.35, 7.35));
#173 = CARTESIAN_POINT('', (87.3, 34.35, 9.55));
#174 = CARTESIAN_POINT('', (87.3, 34.35, 11.75));
#175 = CARTESIAN_POINT('', (87.3, 32.15, 11.75));
#176 = B_SPLINE_SURFACE_WITH_KNOTS('', 1, 1, ((#177, #178), (#179, #180)), .UNSPECIFIED., .F., .F., .U., (2, 2), (2, 2), (0., 1.), (0., 1.), .UNSPECIFIED.);
#177 = CARTESIAN_POINT('', (87.3, 24.8385158825311, 2.2385158825311));
#178 = CARTESIAN_POINT('', (87.3, 39.4614841174689, 2.2385158825311));
#179 = CARTESIAN_POINT('', (87.3, 24.8385158825311, 16.8614841174689));
#180 = CARTESIAN_POINT('', (87.3, 39.4614841174689, 16.8614841174689));
#181 = ADVANCED_FACE('', (#182), #205, .F.);
#182 = FACE_OUTER_BOUND('', #183, .F.);
#183 = EDGE_LOOP('', (#184, #185, #192, #204));
#184 = ORIENTED_EDGE('', *, *, #163, .T.);
#185 = ORIENTED_EDGE('', *, *, #186, .T.);
#186 = EDGE_CURVE('', #164, #187, #189, .T.);
#187 = VERTEX_POINT('', #188);
#188 = CARTESIAN_POINT('', (90.3, 32.15, 11.75));
#189 = B_SPLINE_CURVE_WITH_KNOTS('', 1, (#190, #191), .UNSPECIFIED., .F., .U., (2, 2), (0.100000000000009, 3.10000000000001), .UNSPECIFIED.);
#190 = CARTESIAN_POINT('', (87.3, 32.15, 11.75));
#191 = CARTESIAN_POINT('', (90.3, 32.15, 11.75));
#192 = ORIENTED_EDGE('', *, *, #193, .F.);
#193 = EDGE_CURVE('', #187, #187, #194, .T.);
#194 = (
   BOUNDED_CURVE ()
   B_SPLINE_CURVE (2, (#195, #196, #197, #198, #199, #200, #201, #202, #203), .UNSPECIFIED., .T., .U.)
   B_SPLINE_CURVE_WITH_KNOTS ((3, 2, 2, 2, 3), (0., 0.25, 0.5, 0.75, 1.), .UNSPECIFIED.)
   CURVE ()
   GEOMETRIC_REPRESENTATION_ITEM ()
   RATIONAL_B_SPLINE_CURVE ((1., 0.707106781186548, 1., 0.707106781186548, 1., 0.707106781186548, 1., 0.707106781186548, 1.))
   REPRESENTATION_ITEM ('')
);
#195 = CARTESIAN_POINT('', (90.3, 32.15, 11.75));
#196 = CARTESIAN_POINT('', (90.3, 29.95, 11.75));
#197 = CARTESIAN_POINT('', (90.3, 29.95, 9.55));
#198 = CARTESIAN_POINT('', (90.3, 29.95, 7.35));
#199 = CARTESIAN_POINT('', (90.3, 32.15, 7.35));
#200 = CARTESIAN_POINT('', (90.3, 34.35, 7.35));
#201 = CARTESIAN_POINT('', (90.3, 34.35, 9.55));
#202 = CARTESIAN_POINT('', (90.3, 34.35, 11.75));
#203 = CARTESIAN_POINT('', (90.3, 32.15, 11.75));
#204 = ORIENTED_EDGE('', *, *, #186, .F.);
#205 = (
   BOUNDED_SURFACE ()
   B_SPLINE_SURFACE (2, 1, ((#206, #207), (#208, #209), (#210, #211), (#212, #213), (#214, #215), (#216, #217), (#218, #219), (#220, #221), (#222, #223)), .UNSPECIFIED., .T., .F., .U.)
   B_SPLINE_SURFACE_WITH_KNOTS ((3, 2, 2, 2, 3), (2, 2), (0., 3.45575191894877, 6.91150383789754, 10.3672557568463, 13.8230076757951), (-0.28, 14.28), .UNSPECIFIED.)
   GEOMETRIC_REPRESENTATION_ITEM ()
   RATIONAL_B_SPLINE_SURFACE (((1., 1.), (0.707106781186548, 0.707106781186548), (1., 1.), (0.707106781186548, 0.707106781186548), (1., 1.), (0.707106781186548, 0.707106781186548), (1., 1.), (0.707106781186548, 0.707106781186548), (1., 1.)))
   REPRESENTATION_ITEM ('')
   SURFACE ()
);
#206 = CARTESIAN_POINT('', (86.92, 32.15, 11.75));
#207 = CARTESIAN_POINT('', (101.48, 32.15, 11.75));
#208 = CARTESIAN_POINT('', (86.92, 29.95, 11.75));
#209 = CARTESIAN_POINT('', (101.48, 29.95, 11.75));
#210 = CARTESIAN_POINT('', (86.92, 29.95, 9.55));
#211 = CARTESIAN_POINT('', (101.48, 29.95, 9.55));
#212 = CARTESIAN_POINT('', (86.92, 29.95, 7.35));
#213 = CARTESIAN_POINT('', (101.48, 29.95, 7.35));
#214 = CARTESIAN_POINT('', (86.92, 32.15, 7.35));
#215 = CARTESIAN_POINT('', (101.48, 32.15, 7.35));
#216 = CARTESIAN_POINT('', (86.92, 34.35, 7.35));
#217 = CARTESIAN_POINT('', (101.48, 34.35, 7.35));
#218 = CARTESIAN_POINT('', (86.92, 34.35, 9.55));
#219 = CARTESIAN_POINT('', (101.48, 34.35, 9.55));
#220 = CARTESIAN_POINT('', (86.92, 34.35, 11.75));
#221 = CARTESIAN_POINT('', (101.48, 34.35, 11.75));
#222 = CARTESIAN_POINT('', (86.92, 32.15, 11.75));
#223 = CARTESIAN_POINT('', (101.48, 32.15, 11.75));
#224 = ADVANCED_FACE('', (#225), #306, .T.);
#225 = FACE_OUTER_BOUND('', #226, .T.);
#226 = EDGE_LOOP('', (#227, #236, #237, #270, #278, #285, #293, #300));
#227 = ORIENTED_EDGE('', *, *, #228, .T.);
#228 = EDGE_CURVE('', #229, #130, #231, .T.);
#229 = VERTEX_POINT('', #230);
#230 = CARTESIAN_POINT('', (88.6, 27.4505073307459, 9.48094457568502));
#231 = B_SPLINE_CURVE_WITH_KNOTS('', 3, (#232, #233, #234, #235), .UNSPECIFIED., .F., .U., (4, 4), (3.90000000000001, 5.20000000000002), .UNSPECIFIED.);
#232 = CARTESIAN_POINT('', (88.6, 27.4505073307459, 9.48094457568502));
#233 = CARTESIAN_POINT('', (88.1666666666667, 27.4505073307459, 9.48094457568502));
#234 = CARTESIAN_POINT('', (87.7333333333333, 27.4505073307459, 9.48094457568502));
#235 = CARTESIAN_POINT('', (87.3, 27.4505073307459, 9.48094457568502));
#236 = ORIENTED_EDGE('', *, *, #153, .T.);
#237 = ORIENTED_EDGE('', *, *, #238, .T.);
#238 = EDGE_CURVE('', #147, #239, #241, .T.);
#239 = VERTEX_POINT('', #240);
#240 = CARTESIAN_POINT('', (88.6, 36.6903620206016, 8.33545781387434));
#241 = B_SPLINE_CURVE_WITH_KNOTS('', 3, (#242, #243, #244, #245, #246, #247, #248, #249, #250, #251, #252, #253, #254, #255, #256, #257, #258, #259, #260, #261, #262, #263, #264, #265, #266, #267, #268, #269), .UNSPECIFIED., .F., .U., (4, 3, 3, 3, 3, 3, 3, 3, 3, 4), (0., 0.195804878046108, 0.391402709783455, 0.586795272039014, 0.781992263882909, 0.977008605539231, 1.17186188220803, 1.46414605492691, 1.75598186536343, 2.04100934992808), .UNSPECIFIED.);
#242 = CARTESIAN_POINT('', (87.3, 36.0942024306804, 6.99397433780193));
#243 = CARTESIAN_POINT('', (87.3620233766291, 36.1052551483296, 7.01102978308262));
#244 = CARTESIAN_POINT('', (87.422931654478, 36.1182427120285, 7.0313088260681));
#245 = CARTESIAN_POINT('', (87.4821304620665, 36.1328357416444, 7.05460034161255));
#246 = CARTESIAN_POINT('', (87.5412666721615, 36.1474133404244, 7.0778672284431));
#247 = CARTESIAN_POINT('', (87.5988958498319, 36.1636400501447, 7.10421795086261));
#248 = CARTESIAN_POINT('', (87.6545255338631, 36.1811241087582, 7.13338285618334));
#249 = CARTESIAN_POINT('', (87.7100968375108, 36.1985898187856, 7.16251715449301));
#250 = CARTESIAN_POINT('', (87.7638470026742, 36.2173627178879, 7.19454991834458));
#251 = CARTESIAN_POINT('', (87.8153975809308, 36.2370190100867, 7.22916488927148));
#252 = CARTESIAN_POINT('', (87.8668965616871, 36.2566556281017, 7.26374521372035));
#253 = CARTESIAN_POINT('', (87.9163484891324, 36.2772280284213, 7.30100021673552));
#254 = CARTESIAN_POINT('', (87.9634899455704, 36.2983099441793, 7.34058274492493));
#255 = CARTESIAN_POINT('', (88.0105877737083, 36.3193723491241, 7.38012864042305));
#256 = CARTESIAN_POINT('', (88.0555020318716, 36.3409959936908, 7.42209825483513));
#257 = CARTESIAN_POINT('', (88.0980749335783, 36.3627768196677, 7.46613065004765));
#258 = CARTESIAN_POINT('', (88.1406122375006, 36.3845394333753, 7.51012622710475));
#259 = CARTESIAN_POINT('', (88.1809112159149, 36.4065078252713, 7.5562807564011));
#260 = CARTESIAN_POINT('', (88.2189027345517, 36.4283173686977, 7.60423524219915));
#261 = CARTESIAN_POINT('', (88.2758908426551, 36.4610321603949, 7.67616801874397));
#262 = CARTESIAN_POINT('', (88.3278850397243, 36.4934977727021, 7.75241648980237));
#263 = CARTESIAN_POINT('', (88.3749259665869, 36.5246877679408, 7.83183035382721));
#264 = CARTESIAN_POINT('', (88.4218947329315, 36.5558299179016, 7.91112239742984));
#265 = CARTESIAN_POINT('', (88.4641139185245, 36.5858189375354, 7.99386631468394));
#266 = CARTESIAN_POINT('', (88.5018158219535, 36.6138847561532, 8.07903674968302));
#267 = CARTESIAN_POINT('', (88.5386381662765, 36.6412958188015, 8.16222021784874));
#268 = CARTESIAN_POINT('', (88.5712718133895, 36.666959664025, 8.24797203346552));
#269 = CARTESIAN_POINT('', (88.6, 36.6903620206016, 8.33545781387446));
#270 = ORIENTED_EDGE('', *, *, #271, .F.);
#271 = EDGE_CURVE('', #272, #239, #274, .T.);
#272 = VERTEX_POINT('', #273);
#273 = CARTESIAN_POINT('', (88.6, 35.8873118681748, 6.7));
#274 = (
   BOUNDED_CURVE ()
   B_SPLINE_CURVE (2, (#275, #276, #277), .UNSPECIFIED., .F., .U.)
   B_SPLINE_CURVE_WITH_KNOTS ((3, 3), (0.909480558551206, 1.), .UNSPECIFIED.)
   CURVE ()
   GEOMETRIC_REPRESENTATION_ITEM ()
   RATIONAL_B_SPLINE_CURVE ((0.896040632355379, 0.928642627735885, 1.))
   REPRESENTATION_ITEM ('')
);
#275 = CARTESIAN_POINT('', (88.6, 35.8873118681748, 6.7));
#276 = CARTESIAN_POINT('', (88.6, 36.4503993770777, 7.4383977648575));
#277 = CARTESIAN_POINT('', (88.6, 36.6903620206016, 8.33545781387434));
#278 = ORIENTED_EDGE('', *, *, #279, .F.);
#279 = EDGE_CURVE('', #280, #272, #282, .T.);
#280 = VERTEX_POINT('', #281);
#281 = CARTESIAN_POINT('', (88.05, 35.8873118681748, 6.7));
#282 = B_SPLINE_CURVE_WITH_KNOTS('', 1, (#283, #284), .UNSPECIFIED., .F., .U., (2, 2), (0., 1.), .UNSPECIFIED.);
#283 = CARTESIAN_POINT('', (88.05, 35.8873118681748, 6.7));
#284 = CARTESIAN_POINT('', (88.6, 35.8873118681748, 6.7));
#285 = ORIENTED_EDGE('', *, *, #286, .F.);
#286 = EDGE_CURVE('', #287, #280, #289, .T.);
#287 = VERTEX_POINT('', #288);
#288 = CARTESIAN_POINT('', (88.05, 30., 5.3705861655012));
#289 = (
   BOUNDED_CURVE ()
   B_SPLINE_CURVE (2, (#290, #291, #292), .UNSPECIFIED., .F., .U.)
   B_SPLINE_CURVE_WITH_KNOTS ((3, 3), (0., 1.), .UNSPECIFIED.)
   CURVE ()
   GEOMETRIC_REPRESENTATION_ITEM ()
   RATIONAL_B_SPLINE_CURVE ((1., 0.766638422344222, 1.))
   REPRESENTATION_ITEM ('')
);
#290 = CARTESIAN_POINT('', (88.05, 30., 5.3705861655012));
#291 = CARTESIAN_POINT('', (88.05, 33.5003647884693, 3.56990678958304));
#292 = CARTESIAN_POINT('', (88.05, 35.8873118681748, 6.7));
#293 = ORIENTED_EDGE('', *, *, #294, .T.);
#294 = EDGE_CURVE('', #287, #295, #297, .T.);
#295 = VERTEX_POINT('', #296);
#296 = CARTESIAN_POINT('', (88.6, 30., 5.3705861655012));
#297 = B_SPLINE_CURVE_WITH_KNOTS('', 1, (#298, #299), .UNSPECIFIED., .F., .U., (2, 2), (0., 1.), .UNSPECIFIED.);
#298 = CARTESIAN_POINT('', (88.05, 30., 5.3705861655012));
#299 = CARTESIAN_POINT('', (88.6, 30., 5.3705861655012));
#300 = ORIENTED_EDGE('', *, *, #301, .F.);
#301 = EDGE_CURVE('', #229, #295, #302, .T.);
#302 = (
   BOUNDED_CURVE ()
   B_SPLINE_CURVE (2, (#303, #304, #305), .UNSPECIFIED., .F., .U.)
   B_SPLINE_CURVE_WITH_KNOTS ((3, 3), (0.357983327703809, 0.596046812669993), .UNSPECIFIED.)
   CURVE ()
   GEOMETRIC_REPRESENTATION_ITEM ()
   RATIONAL_B_SPLINE_CURVE ((0.964010298270548, 0.804098556866005, 0.912247922867074))
   REPRESENTATION_ITEM ('')
);
#303 = CARTESIAN_POINT('', (88.6, 27.4505073307459, 9.48094457568505));
#304 = CARTESIAN_POINT('', (88.6, 27.4919472676592, 6.66079421573591));
#305 = CARTESIAN_POINT('', (88.6, 30., 5.3705861655012));
#306 = (
   BOUNDED_SURFACE ()
   B_SPLINE_SURFACE (2, 1, ((#307, #308), (#309, #310), (#311, #312), (#313, #314), (#315, #316), (#317, #318), (#319, #320), (#321, #322), (#323, #324)), .UNSPECIFIED., .T., .F., .U.)
   B_SPLINE_SURFACE_WITH_KNOTS ((3, 2, 2, 2, 3), (2, 2), (0., 7.38274273593601, 14.765485471872, 22.148228207808, 29.530970943744), (0., 5.2), .UNSPECIFIED.)
   GEOMETRIC_REPRESENTATION_ITEM ()
   RATIONAL_B_SPLINE_SURFACE (((1., 1.), (0.707106781186548, 0.707106781186548), (1., 1.), (0.707106781186548, 0.707106781186548), (1., 1.), (0.707106781186548, 0.707106781186548), (1., 1.), (0.707106781186548, 0.707106781186548), (1., 1.)))
   REPRESENTATION_ITEM ('')
   SURFACE ()
);
#307 = CARTESIAN_POINT('', (87.3, 32.15, 14.25));
#308 = CARTESIAN_POINT('', (92.5, 32.15, 14.25));
#309 = CARTESIAN_POINT('', (87.3, 27.45, 14.25));
#310 = CARTESIAN_POINT('', (92.5, 27.45, 14.25));
#311 = CARTESIAN_POINT('', (87.3, 27.45, 9.55));
#312 = CARTESIAN_POINT('', (92.5, 27.45, 9.55));
#313 = CARTESIAN_POINT('', (87.3, 27.45, 4.85));
#314 = CARTESIAN_POINT('', (92.5, 27.45, 4.85));
#315 = CARTESIAN_POINT('', (87.3, 32.15, 4.85));
#316 = CARTESIAN_POINT('', (92.5, 32.15, 4.85));
#317 = CARTESIAN_POINT('', (87.3, 36.85, 4.85));
#318 = CARTESIAN_POINT('', (92.5, 36.85, 4.85));
#319 = CARTESIAN_POINT('', (87.3, 36.85, 9.55));
#320 = CARTESIAN_POINT('', (92.5, 36.85, 9.55));
#321 = CARTESIAN_POINT('', (87.3, 36.85, 14.25));
#322 = CARTESIAN_POINT('', (92.5, 36.85, 14.25));
#323 = CARTESIAN_POINT('', (87.3, 32.15, 14.25));
#324 = CARTESIAN_POINT('', (92.5, 32.15, 14.25));
#325 = ADVANCED_FACE('', (#326, #474, #490), #506, .T.);
#326 = FACE_OUTER_BOUND('', #327, .T.);
#327 = EDGE_LOOP('', (#328, #337, #347, #354, #361, #368, #375, #383, #390, #398, #405, #413, #420, #427, #434, #441, #448, #455, #469));
#328 = ORIENTED_EDGE('', *, *, #329, .T.);
#329 = EDGE_CURVE('', #330, #332, #334, .T.);
#330 = VERTEX_POINT('', #331);
#331 = CARTESIAN_POINT('', (55.2, 37.9, 23.8));
#332 = VERTEX_POINT('', #333);
#333 = CARTESIAN_POINT('', (84.1311987709835, 37.9, 23.8));
#334 = B_SPLINE_CURVE_WITH_KNOTS('', 1, (#335, #336), .UNSPECIFIED., .F., .U., (2, 2), (0., 0.879367743798892), .UNSPECIFIED.);
#335 = CARTESIAN_POINT('', (55.2, 37.9, 23.8));
#336 = CARTESIAN_POINT('', (84.1311987709835, 37.9, 23.8));
#337 = ORIENTED_EDGE('', *, *, #338, .T.);
#338 = EDGE_CURVE('', #332, #339, #341, .T.);
#339 = VERTEX_POINT('', #340);
#340 = CARTESIAN_POINT('', (88.6, 36.6903620206016, 23.8));
#341 = (
   BOUNDED_CURVE ()
   B_SPLINE_CURVE (2, (#342, #343, #344, #345, #346), .UNSPECIFIED., .F., .U.)
   B_SPLINE_CURVE_WITH_KNOTS ((3, 2, 3), (10.0206370575082, 13.4303085940963, 15.3933677100965), .UNSPECIFIED.)
   CURVE ()
   GEOMETRIC_REPRESENTATION_ITEM ()
   RATIONAL_B_SPLINE_CURVE ((0.893652646589252, 0.776921803892075, 1., 0.871566606416075, 0.855769050932515))
   REPRESENTATION_ITEM ('')
);
#342 = CARTESIAN_POINT('', (84.1311987709835, 37.9, 23.8));
#343 = CARTESIAN_POINT('', (84.8243938954034, 36.05, 23.8));
#344 = CARTESIAN_POINT('', (86.8, 36.05, 23.8));
#345 = CARTESIAN_POINT('', (87.8139065326191, 36.05, 23.8));
#346 = CARTESIAN_POINT('', (88.6, 36.6903620206016, 23.8));
#347 = ORIENTED_EDGE('', *, *, #348, .T.);
#348 = EDGE_CURVE('', #339, #349, #351, .T.);
#349 = VERTEX_POINT('', #350);
#350 = CARTESIAN_POINT('', (88.6, 22.808422980528, 23.8));
#351 = B_SPLINE_CURVE_WITH_KNOTS('', 1, (#352, #353), .UNSPECIFIED., .F., .U., (2, 2), (0.0201030589064707, 0.413359122364645), .UNSPECIFIED.);
#352 = CARTESIAN_POINT('', (88.6, 36.6903620206016, 23.8));
#353 = CARTESIAN_POINT('', (88.6, 22.808422980528, 23.8));
#354 = ORIENTED_EDGE('', *, *, #355, .T.);
#355 = EDGE_CURVE('', #349, #356, #358, .T.);
#356 = VERTEX_POINT('', #357);
#357 = CARTESIAN_POINT('', (92.5, 22.808422980528, 23.8));
#358 = B_SPLINE_CURVE_WITH_KNOTS('', 1, (#359, #360), .UNSPECIFIED., .F., .U., (2, 2), (0.19375, 0.68125), .UNSPECIFIED.);
#359 = CARTESIAN_POINT('', (88.6, 22.808422980528, 23.8));
#360 = CARTESIAN_POINT('', (92.5, 22.808422980528, 23.8));
#361 = ORIENTED_EDGE('', *, *, #362, .F.);
#362 = EDGE_CURVE('', #363, #356, #365, .T.);
#363 = VERTEX_POINT('', #364);
#364 = CARTESIAN_POINT('', (92.5, 43., 23.8));
#365 = B_SPLINE_CURVE_WITH_KNOTS('', 1, (#366, #367), .UNSPECIFIED., .F., .U., (2, 2), (0., 0.40383154038944), .UNSPECIFIED.);
#366 = CARTESIAN_POINT('', (92.5, 43.0000000000001, 23.8));
#367 = CARTESIAN_POINT('', (92.5, 22.808422980528, 23.8));
#368 = ORIENTED_EDGE('', *, *, #369, .F.);
#369 = EDGE_CURVE('', #370, #363, #372, .T.);
#370 = VERTEX_POINT('', #371);
#371 = CARTESIAN_POINT('', (88.6547236990991, 43., 23.8));
#372 = B_SPLINE_CURVE_WITH_KNOTS('', 1, (#373, #374), .UNSPECIFIED., .F., .U., (2, 2), (0., 1.), .UNSPECIFIED.);
#373 = CARTESIAN_POINT('', (88.6547236990991, 43., 23.8));
#374 = CARTESIAN_POINT('', (92.5, 43., 23.8));
#375 = ORIENTED_EDGE('', *, *, #376, .T.);
#376 = EDGE_CURVE('', #370, #377, #379, .T.);
#377 = VERTEX_POINT('', #378);
#378 = CARTESIAN_POINT('', (82.7207843891258, 40.8, 23.8));
#379 = (
   BOUNDED_CURVE ()
   B_SPLINE_CURVE (2, (#380, #381, #382), .UNSPECIFIED., .F., .U.)
   B_SPLINE_CURVE_WITH_KNOTS ((3, 3), (0., 1.), .UNSPECIFIED.)
   CURVE ()
   GEOMETRIC_REPRESENTATION_ITEM ()
   RATIONAL_B_SPLINE_CURVE ((1., 0.711010099297556, 1.))
   REPRESENTATION_ITEM ('')
);
#380 = CARTESIAN_POINT('', (88.6547236990992, 43., 23.8));
#381 = CARTESIAN_POINT('', (84.5998651706173, 44.8343029778706, 23.8));
#382 = CARTESIAN_POINT('', (82.7207843891258, 40.8, 23.8));
#383 = ORIENTED_EDGE('', *, *, #384, .F.);
#384 = EDGE_CURVE('', #385, #377, #387, .T.);
#385 = VERTEX_POINT('', #386);
#386 = CARTESIAN_POINT('', (63.1, 40.8, 23.8));
#387 = B_SPLINE_CURVE_WITH_KNOTS('', 1, (#388, #389), .UNSPECIFIED., .F., .U., (2, 2), (0., 1.), .UNSPECIFIED.);
#388 = CARTESIAN_POINT('', (63.0999999999999, 40.8, 23.8));
#389 = CARTESIAN_POINT('', (82.7207843891258, 40.8, 23.8));
#390 = ORIENTED_EDGE('', *, *, #391, .F.);
#391 = EDGE_CURVE('', #392, #385, #394, .T.);
#392 = VERTEX_POINT('', #393);
#393 = CARTESIAN_POINT('', (59.1, 44.8, 23.8));
#394 = (
   BOUNDED_CURVE ()
   B_SPLINE_CURVE (2, (#395, #396, #397), .UNSPECIFIED., .F., .U.)
   B_SPLINE_CURVE_WITH_KNOTS ((3, 3), (0., 1.), .UNSPECIFIED.)
   CURVE ()
   GEOMETRIC_REPRESENTATION_ITEM ()
   RATIONAL_B_SPLINE_CURVE ((1., 0.707106781186546, 1.))
   REPRESENTATION_ITEM ('')
);
#395 = CARTESIAN_POINT('', (59.1, 44.8, 23.8));
#396 = CARTESIAN_POINT('', (59.1, 40.8, 23.8));
#397 = CARTESIAN_POINT('', (63.1, 40.8, 23.8));
#398 = ORIENTED_EDGE('', *, *, #399, .F.);
#399 = EDGE_CURVE('', #400, #392, #402, .T.);
#400 = VERTEX_POINT('', #401);
#401 = CARTESIAN_POINT('', (59.1, 63.2, 23.8));
#402 = B_SPLINE_CURVE_WITH_KNOTS('', 1, (#403, #404), .UNSPECIFIED., .F., .U., (2, 2), (0., 1.), .UNSPECIFIED.);
#403 = CARTESIAN_POINT('', (59.1, 63.2, 23.8));
#404 = CARTESIAN_POINT('', (59.1, 44.8, 23.8));
#405 = ORIENTED_EDGE('', *, *, #406, .T.);
#406 = EDGE_CURVE('', #400, #407, #409, .T.);
#407 = VERTEX_POINT('', #408);
#408 = CARTESIAN_POINT('', (56.4, 65.9, 23.8));
#409 = (
   BOUNDED_CURVE ()
   B_SPLINE_CURVE (2, (#410, #411, #412), .UNSPECIFIED., .F., .U.)
   B_SPLINE_CURVE_WITH_KNOTS ((3, 3), (0., 1.), .UNSPECIFIED.)
   CURVE ()
   GEOMETRIC_REPRESENTATION_ITEM ()
   RATIONAL_B_SPLINE_CURVE ((1., 0.707106781186548, 1.))
   REPRESENTATION_ITEM ('')
);
#410 = CARTESIAN_POINT('', (59.1, 63.2, 23.8));
#411 = CARTESIAN_POINT('', (59.1, 65.9, 23.8));
#412 = CARTESIAN_POINT('', (56.4, 65.9, 23.8));
#413 = ORIENTED_EDGE('', *, *, #414, .F.);
#414 = EDGE_CURVE('', #415, #407, #417, .T.);
#415 = VERTEX_POINT('', #416);
#416 = CARTESIAN_POINT('', (18.275, 65.9, 23.8));
#417 = B_SPLINE_CURVE_WITH_KNOTS('', 1, (#418, #419), .UNSPECIFIED., .F., .U., (2, 2), (0.306818181818182, 1.), .UNSPECIFIED.);
#418 = CARTESIAN_POINT('', (18.275, 65.9, 23.8));
#419 = CARTESIAN_POINT('', (56.3999999999999, 65.9, 23.8));
#420 = ORIENTED_EDGE('', *, *, #421, .F.);
#421 = EDGE_CURVE('', #422, #415, #424, .T.);
#422 = VERTEX_POINT('', #423);
#423 = CARTESIAN_POINT('', (18.275, 63.5, 23.8));
#424 = B_SPLINE_CURVE_WITH_KNOTS('', 1, (#425, #426), .UNSPECIFIED., .F., .U., (2, 2), (0., 0.600000000000001), .UNSPECIFIED.);
#425 = CARTESIAN_POINT('', (18.275, 63.5, 23.8));
#426 = CARTESIAN_POINT('', (18.275, 65.9, 23.8));
#427 = ORIENTED_EDGE('', *, *, #428, .T.);
#428 = EDGE_CURVE('', #422, #429, #431, .T.);
#429 = VERTEX_POINT('', #430);
#430 = CARTESIAN_POINT('', (18.275, 62.4, 23.8));
#431 = B_SPLINE_CURVE_WITH_KNOTS('', 1, (#432, #433), .UNSPECIFIED., .F., .U., (2, 2), (0.685714285714278, 1.), .UNSPECIFIED.);
#432 = CARTESIAN_POINT('', (18.275, 63.5, 23.8));
#433 = CARTESIAN_POINT('', (18.275, 62.4, 23.8));
#434 = ORIENTED_EDGE('', *, *, #435, .T.);
#435 = EDGE_CURVE('', #429, #436, #438, .T.);
#436 = VERTEX_POINT('', #437);
#437 = CARTESIAN_POINT('', (54.7, 62.4, 23.8));
#438 = B_SPLINE_CURVE_WITH_KNOTS('', 1, (#439, #440), .UNSPECIFIED., .F., .U., (2, 2), (0.307509505703423, 1.), .UNSPECIFIED.);
#439 = CARTESIAN_POINT('', (18.275, 62.4, 23.8));
#440 = CARTESIAN_POINT('', (54.7, 62.4, 23.8));
#441 = ORIENTED_EDGE('', *, *, #442, .T.);
#442 = EDGE_CURVE('', #436, #443, #445, .T.);
#443 = VERTEX_POINT('', #444);
#444 = CARTESIAN_POINT('', (55.2, 61.9, 23.8));
#445 = B_SPLINE_CURVE_WITH_KNOTS('', 1, (#446, #447), .UNSPECIFIED., .F., .U., (2, 2), (0., 1.), .UNSPECIFIED.);
#446 = CARTESIAN_POINT('', (54.7, 62.4, 23.8));
#447 = CARTESIAN_POINT('', (55.2, 61.9, 23.8));
#448 = ORIENTED_EDGE('', *, *, #449, .T.);
#449 = EDGE_CURVE('', #443, #450, #452, .T.);
#450 = VERTEX_POINT('', #451);
#451 = CARTESIAN_POINT('', (55.2, 45.4429737951659, 23.8));
#452 = B_SPLINE_CURVE_WITH_KNOTS('', 1, (#453, #454), .UNSPECIFIED., .F., .U., (2, 2), (0., 0.68570942520142), .UNSPECIFIED.);
#453 = CARTESIAN_POINT('', (55.2, 61.9, 23.8));
#454 = CARTESIAN_POINT('', (55.2, 45.4429737951659, 23.8));
#455 = ORIENTED_EDGE('', *, *, #456, .T.);
#456 = EDGE_CURVE('', #450, #457, #459, .T.);
#457 = VERTEX_POINT('', #458);
#458 = CARTESIAN_POINT('', (55.2, 39.7570262048341, 23.8));
#459 = (
   BOUNDED_CURVE ()
   B_SPLINE_CURVE (2, (#460, #461, #462, #463, #464, #465, #466, #467, #468), .UNSPECIFIED., .F., .U.)
   B_SPLINE_CURVE_WITH_KNOTS ((3, 2, 2, 2, 3), (4.25754136930385, 4.47676953136546, 8.95353906273092, 13.4303085940964, 13.649536756158), .UNSPECIFIED.)
   CURVE ()
   GEOMETRIC_REPRESENTATION_ITEM ()
   RATIONAL_B_SPLINE_CURVE ((0.972718700217826, 0.985656969475219, 1., 0.707106781186548, 1., 0.707106781186548, 1., 0.985656969475219, 0.972718700217826))
   REPRESENTATION_ITEM ('')
);
#460 = CARTESIAN_POINT('', (55.2, 45.4429737951659, 23.8));
#461 = CARTESIAN_POINT('', (55.1001234188859, 45.45, 23.8));
#462 = CARTESIAN_POINT('', (55., 45.45, 23.8));
#463 = CARTESIAN_POINT('', (52.15, 45.45, 23.8));
#464 = CARTESIAN_POINT('', (52.15, 42.6, 23.8));
#465 = CARTESIAN_POINT('', (52.15, 39.75, 23.8));
#466 = CARTESIAN_POINT('', (55., 39.75, 23.8));
#467 = CARTESIAN_POINT('', (55.1001234188859, 39.75, 23.8));
#468 = CARTESIAN_POINT('', (55.2, 39.7570262048341, 23.8));
#469 = ORIENTED_EDGE('', *, *, #470, .T.);
#470 = EDGE_CURVE('', #457, #330, #471, .T.);
#471 = B_SPLINE_CURVE_WITH_KNOTS('', 1, (#472, #473), .UNSPECIFIED., .F., .U., (2, 2), (0.922623908131911, 1.), .UNSPECIFIED.);
#472 = CARTESIAN_POINT('', (55.2, 39.7570262048341, 23.8));
#473 = CARTESIAN_POINT('', (55.2, 37.9, 23.8));
#474 = FACE_BOUND('', #475, .T.);
#475 = EDGE_LOOP('', (#476));
#476 = ORIENTED_EDGE('', *, *, #477, .F.);
#477 = EDGE_CURVE('', #478, #478, #480, .T.);
#478 = VERTEX_POINT('', #479);
#479 = CARTESIAN_POINT('', (88.25, 38.9, 23.8));
#480 = (
   BOUNDED_CURVE ()
   B_SPLINE_CURVE (2, (#481, #482, #483, #484, #485, #486, #487, #488, #489), .UNSPECIFIED., .T., .U.)
   B_SPLINE_CURVE_WITH_KNOTS ((3, 2, 2, 2, 3), (0., 0.25, 0.5, 0.75, 1.), .UNSPECIFIED.)
   CURVE ()
   GEOMETRIC_REPRESENTATION_ITEM ()
   RATIONAL_B_SPLINE_CURVE ((1., 0.707106781186548, 1., 0.707106781186548, 1., 0.707106781186548, 1., 0.707106781186548, 1.))
   REPRESENTATION_ITEM ('')
);
#481 = CARTESIAN_POINT('', (88.25, 38.9, 23.8));
#482 = CARTESIAN_POINT('', (88.25, 40.35, 23.8));
#483 = CARTESIAN_POINT('', (86.8, 40.35, 23.8));
#484 = CARTESIAN_POINT('', (85.35, 40.35, 23.8));
#485 = CARTESIAN_POINT('', (85.35, 38.9, 23.8));
#486 = CARTESIAN_POINT('', (85.35, 37.45, 23.8));
#487 = CARTESIAN_POINT('', (86.8, 37.45, 23.8));
#488 = CARTESIAN_POINT('', (88.25, 37.45, 23.8));
#489 = CARTESIAN_POINT('', (88.25, 38.9, 23.8));
#490 = FACE_BOUND('', #491, .T.);
#491 = EDGE_LOOP('', (#492));
#492 = ORIENTED_EDGE('', *, *, #493, .F.);
#493 = EDGE_CURVE('', #494, #494, #496, .T.);
#494 = VERTEX_POINT('', #495);
#495 = CARTESIAN_POINT('', (56.45, 42.6, 23.8));
#496 = (
   BOUNDED_CURVE ()
   B_SPLINE_CURVE (2, (#497, #498, #499, #500, #501, #502, #503, #504, #505), .UNSPECIFIED., .T., .U.)
   B_SPLINE_CURVE_WITH_KNOTS ((3, 2, 2, 2, 3), (0., 0.25, 0.5, 0.75, 1.), .UNSPECIFIED.)
   CURVE ()
   GEOMETRIC_REPRESENTATION_ITEM ()
   RATIONAL_B_SPLINE_CURVE ((1., 0.707106781186548, 1., 0.707106781186548, 1., 0.707106781186548, 1., 0.707106781186548, 1.))
   REPRESENTATION_ITEM ('')
);
#497 = CARTESIAN_POINT('', (56.45, 42.6, 23.8));
#498 = CARTESIAN_POINT('', (56.45, 44.05, 23.8));
#499 = CARTESIAN_POINT('', (55., 44.05, 23.8));
#500 = CARTESIAN_POINT('', (53.55, 44.05, 23.8));
#501 = CARTESIAN_POINT('', (53.55, 42.6, 23.8));
#502 = CARTESIAN_POINT('', (53.55, 41.15, 23.8));
#503 = CARTESIAN_POINT('', (55., 41.15, 23.8));
#504 = CARTESIAN_POINT('', (56.45, 41.15, 23.8));
#505 = CARTESIAN_POINT('', (56.45, 42.6, 23.8));
#506 = B_SPLINE_SURFACE_WITH_KNOTS('', 1, 1, ((#507, #508), (#509, #510)), .UNSPECIFIED., .F., .F., .U., (2, 2), (2, 2), (-11.2909266236569, 12.5390342661785), (-7.82869724846915, 16.0012636413662), .UNSPECIFIED.);
#507 = CARTESIAN_POINT('', (160.651549917642, -65.651549917642, 23.7999999999999));
#508 = CARTESIAN_POINT('', (-50.651549917642, -65.651549917642, 23.8000000000001));
#509 = CARTESIAN_POINT('', (160.651549917642, 145.651549917642, 23.7999999999999));
#510 = CARTESIAN_POINT('', (-50.651549917642, 145.651549917642, 23.8000000000001));
#511 = ADVANCED_FACE('', (#512), #549, .F.);
#512 = FACE_OUTER_BOUND('', #513, .F.);
#513 = EDGE_LOOP('', (#514, #526, #534, #539, #540, #541));
#514 = ORIENTED_EDGE('', *, *, #515, .T.);
#515 = EDGE_CURVE('', #516, #518, #520, .T.);
#516 = VERTEX_POINT('', #517);
#517 = CARTESIAN_POINT('', (85.3534523858511, 39., 19.7));
#518 = VERTEX_POINT('', #519);
#519 = CARTESIAN_POINT('', (87.1774917217635, 37.5, 19.7));
#520 = (
   BOUNDED_CURVE ()
   B_SPLINE_CURVE (2, (#521, #522, #523, #524, #525), .UNSPECIFIED., .F., .U.)
   B_SPLINE_CURVE_WITH_KNOTS ((3, 2, 3), (0., 0.5, 1.), .UNSPECIFIED.)
   CURVE ()
   GEOMETRIC_REPRESENTATION_ITEM ()
   RATIONAL_B_SPLINE_CURVE ((1., 0.888927706076044, 1., 0.888927706076044, 1.))
   REPRESENTATION_ITEM ('')
);
#521 = CARTESIAN_POINT('', (85.3534523858511, 39., 19.7));
#522 = CARTESIAN_POINT('', (85.3019242897059, 38.2546215545956, 19.7));
#523 = CARTESIAN_POINT('', (85.8790113327185, 37.7800536286326, 19.7));
#524 = CARTESIAN_POINT('', (86.4560983757311, 37.3054857026696, 19.7));
#525 = CARTESIAN_POINT('', (87.1774917217635, 37.5, 19.7));
#526 = ORIENTED_EDGE('', *, *, #527, .T.);
#527 = EDGE_CURVE('', #518, #528, #530, .T.);
#528 = VERTEX_POINT('', #529);
#529 = CARTESIAN_POINT('', (88.25, 38.9, 19.7));
#530 = (
   BOUNDED_CURVE ()
   B_SPLINE_CURVE (2, (#531, #532, #533), .UNSPECIFIED., .F., .U.)
   B_SPLINE_CURVE_WITH_KNOTS ((3, 3), (7.23741790369387, 9.11061869541043), .UNSPECIFIED.)
   CURVE ()
   GEOMETRIC_REPRESENTATION_ITEM ()
   RATIONAL_B_SPLINE_CURVE ((0.91445061438075, 0.759117211371756, 1.))
   REPRESENTATION_ITEM ('')
);
#531 = CARTESIAN_POINT('', (87.1774917217635, 37.5, 19.7));
#532 = CARTESIAN_POINT('', (88.25, 37.7891878546837, 19.7));
#533 = CARTESIAN_POINT('', (88.25, 38.9, 19.7));
#534 = ORIENTED_EDGE('', *, *, #535, .T.);
#535 = EDGE_CURVE('', #528, #478, #536, .T.);
#536 = B_SPLINE_CURVE_WITH_KNOTS('', 1, (#537, #538), .UNSPECIFIED., .F., .U., (2, 2), (0., 4.1), .UNSPECIFIED.);
#537 = CARTESIAN_POINT('', (88.25, 38.9, 19.7));
#538 = CARTESIAN_POINT('', (88.25, 38.9, 23.8));
#539 = ORIENTED_EDGE('', *, *, #477, .F.);
#540 = ORIENTED_EDGE('', *, *, #535, .F.);
#541 = ORIENTED_EDGE('', *, *, #542, .T.);
#542 = EDGE_CURVE('', #528, #516, #543, .T.);
#543 = (
   BOUNDED_CURVE ()
   B_SPLINE_CURVE (2, (#544, #545, #546, #547, #548), .UNSPECIFIED., .F., .U.)
   B_SPLINE_CURVE_WITH_KNOTS ((3, 2, 3), (0., 0.5, 1.), .UNSPECIFIED.)
   CURVE ()
   GEOMETRIC_REPRESENTATION_ITEM ()
   RATIONAL_B_SPLINE_CURVE ((1., 0.719202093450068, 1., 0.719202093450068, 1.))
   REPRESENTATION_ITEM ('')
);
#544 = CARTESIAN_POINT('', (88.25, 38.9, 19.7));
#545 = CARTESIAN_POINT('', (88.25, 40.3008042730107, 19.7));
#546 = CARTESIAN_POINT('', (86.8500297885466, 40.3491366465099, 19.7));
#547 = CARTESIAN_POINT('', (85.4500595770932, 40.3974690200091, 19.7));
#548 = CARTESIAN_POINT('', (85.3534523858511, 39., 19.7));
#549 = (
   BOUNDED_SURFACE ()
   B_SPLINE_SURFACE (2, 1, ((#550, #551), (#552, #553), (#554, #555), (#556, #557), (#558, #559), (#560, #561), (#562, #563), (#564, #565), (#566, #567)), .UNSPECIFIED., .T., .F., .U.)
   B_SPLINE_SURFACE_WITH_KNOTS ((3, 2, 2, 2, 3), (2, 2), (0., 2.27765467385261, 4.55530934770522, 6.83296402155782, 9.11061869541043), (-0.085, 4.35), .UNSPECIFIED.)
   GEOMETRIC_REPRESENTATION_ITEM ()
   RATIONAL_B_SPLINE_SURFACE (((1., 1.), (0.707106781186548, 0.707106781186548), (1., 1.), (0.707106781186548, 0.707106781186548), (1., 1.), (0.707106781186548, 0.707106781186548), (1., 1.), (0.707106781186548, 0.707106781186548), (1., 1.)))
   REPRESENTATION_ITEM ('')
   SURFACE ()
);
#550 = CARTESIAN_POINT('', (88.25, 38.9, 19.615));
#551 = CARTESIAN_POINT('', (88.25, 38.9, 24.05));
#552 = CARTESIAN_POINT('', (88.25, 40.35, 19.615));
#553 = CARTESIAN_POINT('', (88.25, 40.35, 24.05));
#554 = CARTESIAN_POINT('', (86.8, 40.35, 19.615));
#555 = CARTESIAN_POINT('', (86.8, 40.35, 24.05));
#556 = CARTESIAN_POINT('', (85.35, 40.35, 19.615));
#557 = CARTESIAN_POINT('', (85.35, 40.35, 24.05));
#558 = CARTESIAN_POINT('', (85.35, 38.9, 19.615));
#559 = CARTESIAN_POINT('', (85.35, 38.9, 24.05));
#560 = CARTESIAN_POINT('', (85.35, 37.45, 19.615));
#561 = CARTESIAN_POINT('', (85.35, 37.45, 24.05));
#562 = CARTESIAN_POINT('', (86.8, 37.45, 19.615));
#563 = CARTESIAN_POINT('', (86.8, 37.45, 24.05));
#564 = CARTESIAN_POINT('', (88.25, 37.45, 19.615));
#565 = CARTESIAN_POINT('', (88.25, 37.45, 24.05));
#566 = CARTESIAN_POINT('', (88.25, 38.9, 19.615));
#567 = CARTESIAN_POINT('', (88.25, 38.9, 24.05));
#568 = ADVANCED_FACE('', (#569), #614, .T.);
#569 = FACE_OUTER_BOUND('', #570, .T.);
#570 = EDGE_LOOP('', (#571, #580, #588, #595, #602, #609));
#571 = ORIENTED_EDGE('', *, *, #572, .F.);
#572 = EDGE_CURVE('', #573, #575, #577, .T.);
#573 = VERTEX_POINT('', #574);
#574 = CARTESIAN_POINT('', (87.3, 22.026499861564, 1.6));
#575 = VERTEX_POINT('', #576);
#576 = CARTESIAN_POINT('', (87.3, 24.5, 1.6));
#577 = B_SPLINE_CURVE_WITH_KNOTS('', 1, (#578, #579), .UNSPECIFIED., .F., .U., (2, 2), (0.175499953854672, 1.), .UNSPECIFIED.);
#578 = CARTESIAN_POINT('', (87.3, 22.026499861564, 1.6));
#579 = CARTESIAN_POINT('', (87.3, 24.5, 1.6));
#580 = ORIENTED_EDGE('', *, *, #581, .F.);
#581 = EDGE_CURVE('', #582, #573, #584, .T.);
#582 = VERTEX_POINT('', #583);
#583 = CARTESIAN_POINT('', (87.3, 21.9558984601347, 1.55));
#584 = (
   BOUNDED_CURVE ()
   B_SPLINE_CURVE (2, (#585, #586, #587), .UNSPECIFIED., .F., .U.)
   B_SPLINE_CURVE_WITH_KNOTS ((3, 3), (0., 0.0251982671438501), .UNSPECIFIED.)
   CURVE ()
   GEOMETRIC_REPRESENTATION_ITEM ()
   RATIONAL_B_SPLINE_CURVE ((1., 0.999809923011358, 0.999629425244192))
   REPRESENTATION_ITEM ('')
);
#585 = CARTESIAN_POINT('', (87.3, 21.9558984601346, 1.54999999999999));
#586 = CARTESIAN_POINT('', (87.3, 21.9912764052711, 1.57489092871154));
#587 = CARTESIAN_POINT('', (87.3, 22.0264998615641, 1.60000000000005));
#588 = ORIENTED_EDGE('', *, *, #589, .T.);
#589 = EDGE_CURVE('', #582, #590, #592, .T.);
#590 = VERTEX_POINT('', #591);
#591 = CARTESIAN_POINT('', (87.3, 21.5, 1.55));
#592 = B_SPLINE_CURVE_WITH_KNOTS('', 1, (#593, #594), .UNSPECIFIED., .F., .U., (2, 2), (0.848033846621779, 1.), .UNSPECIFIED.);
#593 = CARTESIAN_POINT('', (87.3, 21.9558984601347, 1.55));
#594 = CARTESIAN_POINT('', (87.3, 21.5, 1.55));
#595 = ORIENTED_EDGE('', *, *, #596, .T.);
#596 = EDGE_CURVE('', #590, #597, #599, .T.);
#597 = VERTEX_POINT('', #598);
#598 = CARTESIAN_POINT('', (87.3, 21.5, 8.05));
#599 = B_SPLINE_CURVE_WITH_KNOTS('', 1, (#600, #601), .UNSPECIFIED., .F., .U., (2, 2), (0., 1.), .UNSPECIFIED.);
#600 = CARTESIAN_POINT('', (87.3, 21.5, 1.55));
#601 = CARTESIAN_POINT('', (87.3, 21.5, 8.05));
#602 = ORIENTED_EDGE('', *, *, #603, .F.);
#603 = EDGE_CURVE('', #604, #597, #606, .T.);
#604 = VERTEX_POINT('', #605);
#605 = CARTESIAN_POINT('', (87.3, 24.5, 8.05));
#606 = B_SPLINE_CURVE_WITH_KNOTS('', 1, (#607, #608), .UNSPECIFIED., .F., .U., (2, 2), (0., 1.), .UNSPECIFIED.);
#607 = CARTESIAN_POINT('', (87.3, 24.5, 8.05));
#608 = CARTESIAN_POINT('', (87.3, 21.5, 8.05));
#609 = ORIENTED_EDGE('', *, *, #610, .F.);
#610 = EDGE_CURVE('', #575, #604, #611, .T.);
#611 = B_SPLINE_CURVE_WITH_KNOTS('', 1, (#612, #613), .UNSPECIFIED., .F., .U., (2, 2), (0.00769230769230761, 1.), .UNSPECIFIED.);
#612 = CARTESIAN_POINT('', (87.3, 24.5, 1.6));
#613 = CARTESIAN_POINT('', (87.3, 24.5, 8.05));
#614 = B_SPLINE_SURFACE_WITH_KNOTS('', 1, 1, ((#615, #616), (#617, #618)), .UNSPECIFIED., .F., .F., .U., (2, 2), (2, 2), (0., 1.), (0., 1.), .UNSPECIFIED.);
#615 = CARTESIAN_POINT('', (87.3, 24.5, 1.55));
#616 = CARTESIAN_POINT('', (87.3, 24.5, 8.05));
#617 = CARTESIAN_POINT('', (87.3, 21.5, 1.55));
#618 = CARTESIAN_POINT('', (87.3, 21.5, 8.05));
#619 = ADVANCED_FACE('', (#620), #642, .T.);
#620 = FACE_OUTER_BOUND('', #621, .T.);
#621 = EDGE_LOOP('', (#622, #631, #636, #637));
#622 = ORIENTED_EDGE('', *, *, #623, .T.);
#623 = EDGE_CURVE('', #624, #626, #628, .T.);
#624 = VERTEX_POINT('', #625);
#625 = CARTESIAN_POINT('', (88.5, 21.9558984601347, 1.55));
#626 = VERTEX_POINT('', #627);
#627 = CARTESIAN_POINT('', (88.5, 21.5, 1.55));
#628 = B_SPLINE_CURVE_WITH_KNOTS('', 1, (#629, #630), .UNSPECIFIED., .F., .U., (2, 2), (0., 1.), .UNSPECIFIED.);
#629 = CARTESIAN_POINT('', (88.5, 21.9558984601347, 1.55));
#630 = CARTESIAN_POINT('', (88.5, 21.5, 1.55));
#631 = ORIENTED_EDGE('', *, *, #632, .F.);
#632 = EDGE_CURVE('', #590, #626, #633, .T.);
#633 = B_SPLINE_CURVE_WITH_KNOTS('', 1, (#634, #635), .UNSPECIFIED., .F., .U., (2, 2), (0., 0.750000000000004), .UNSPECIFIED.);
#634 = CARTESIAN_POINT('', (87.3, 21.5, 1.55));
#635 = CARTESIAN_POINT('', (88.5, 21.5, 1.55));
#636 = ORIENTED_EDGE('', *, *, #589, .F.);
#637 = ORIENTED_EDGE('', *, *, #638, .T.);
#638 = EDGE_CURVE('', #582, #624, #639, .T.);
#639 = B_SPLINE_CURVE_WITH_KNOTS('', 1, (#640, #641), .UNSPECIFIED., .F., .U., (2, 2), (0.0856164383561643, 0.496575342465754), .UNSPECIFIED.);
#640 = CARTESIAN_POINT('', (87.3, 21.9558984601347, 1.55));
#641 = CARTESIAN_POINT('', (88.5, 21.9558984601347, 1.55));
#642 = B_SPLINE_SURFACE_WITH_KNOTS('', 1, 1, ((#643, #644), (#645, #646)), .UNSPECIFIED., .F., .F., .U., (2, 2), (2, 2), (0., 1.), (0., 1.), .UNSPECIFIED.);
#643 = CARTESIAN_POINT('', (89.97, 21.13, 1.55));
#644 = CARTESIAN_POINT('', (89.97, 24.87, 1.55));
#645 = CARTESIAN_POINT('', (86.23, 21.13, 1.55));
#646 = CARTESIAN_POINT('', (86.23, 24.87, 1.55));
#647 = ADVANCED_FACE('', (#648), #664, .T.);
#648 = FACE_OUTER_BOUND('', #649, .T.);
#649 = EDGE_LOOP('', (#650, #657, #662, #663));
#650 = ORIENTED_EDGE('', *, *, #651, .T.);
#651 = EDGE_CURVE('', #626, #652, #654, .T.);
#652 = VERTEX_POINT('', #653);
#653 = CARTESIAN_POINT('', (88.5, 21.5, 8.05));
#654 = B_SPLINE_CURVE_WITH_KNOTS('', 1, (#655, #656), .UNSPECIFIED., .F., .U., (2, 2), (0., 1.), .UNSPECIFIED.);
#655 = CARTESIAN_POINT('', (88.5, 21.5, 1.55));
#656 = CARTESIAN_POINT('', (88.5, 21.5, 8.05));
#657 = ORIENTED_EDGE('', *, *, #658, .F.);
#658 = EDGE_CURVE('', #597, #652, #659, .T.);
#659 = B_SPLINE_CURVE_WITH_KNOTS('', 1, (#660, #661), .UNSPECIFIED., .F., .U., (2, 2), (0., 0.750000000000004), .UNSPECIFIED.);
#660 = CARTESIAN_POINT('', (87.3, 21.5, 8.05));
#661 = CARTESIAN_POINT('', (88.5, 21.5, 8.05));
#662 = ORIENTED_EDGE('', *, *, #596, .F.);
#663 = ORIENTED_EDGE('', *, *, #632, .T.);
#664 = B_SPLINE_SURFACE_WITH_KNOTS('', 1, 1, ((#665, #666), (#667, #668)), .UNSPECIFIED., .F., .F., .U., (2, 2), (2, 2), (0., 1.), (0., 1.), .UNSPECIFIED.);
#665 = CARTESIAN_POINT('', (87.3, 21.5, 1.55));
#666 = CARTESIAN_POINT('', (87.3, 21.5, 8.05));
#667 = CARTESIAN_POINT('', (88.9, 21.5, 1.55));
#668 = CARTESIAN_POINT('', (88.9, 21.5, 8.05));
#669 = ADVANCED_FACE('', (#670), #686, .T.);
#670 = FACE_OUTER_BOUND('', #671, .T.);
#671 = EDGE_LOOP('', (#672, #679, #684, #685));
#672 = ORIENTED_EDGE('', *, *, #673, .T.);
#673 = EDGE_CURVE('', #652, #674, #676, .T.);
#674 = VERTEX_POINT('', #675);
#675 = CARTESIAN_POINT('', (88.5, 24.5, 8.05));
#676 = B_SPLINE_CURVE_WITH_KNOTS('', 1, (#677, #678), .UNSPECIFIED., .F., .U., (2, 2), (0., 1.), .UNSPECIFIED.);
#677 = CARTESIAN_POINT('', (88.5, 21.5, 8.05));
#678 = CARTESIAN_POINT('', (88.5, 24.5, 8.05));
#679 = ORIENTED_EDGE('', *, *, #680, .T.);
#680 = EDGE_CURVE('', #674, #604, #681, .T.);
#681 = B_SPLINE_CURVE_WITH_KNOTS('', 1, (#682, #683), .UNSPECIFIED., .F., .U., (2, 2), (0.249999999999996, 1.), .UNSPECIFIED.);
#682 = CARTESIAN_POINT('', (88.5, 24.5, 8.05));
#683 = CARTESIAN_POINT('', (87.3, 24.5, 8.05));
#684 = ORIENTED_EDGE('', *, *, #603, .T.);
#685 = ORIENTED_EDGE('', *, *, #658, .T.);
#686 = B_SPLINE_SURFACE_WITH_KNOTS('', 1, 1, ((#687, #688), (#689, #690)), .UNSPECIFIED., .F., .F., .U., (2, 2), (2, 2), (0., 1.), (0., 1.), .UNSPECIFIED.);
#687 = CARTESIAN_POINT('', (89.97, 21.13, 8.05));
#688 = CARTESIAN_POINT('', (86.23, 21.13, 8.05));
#689 = CARTESIAN_POINT('', (89.97, 24.87, 8.05));
#690 = CARTESIAN_POINT('', (86.23, 24.87, 8.05));
#691 = ADVANCED_FACE('', (#692), #731, .T.);
#692 = FACE_OUTER_BOUND('', #693, .T.);
#693 = EDGE_LOOP('', (#694, #701, #702, #703, #710, #717, #724));
#694 = ORIENTED_EDGE('', *, *, #695, .F.);
#695 = EDGE_CURVE('', #575, #696, #698, .T.);
#696 = VERTEX_POINT('', #697);
#697 = CARTESIAN_POINT('', (88.1, 24.5, 1.6));
#698 = B_SPLINE_CURVE_WITH_KNOTS('', 1, (#699, #700), .UNSPECIFIED., .F., .U., (2, 2), (0., 1.), .UNSPECIFIED.);
#699 = CARTESIAN_POINT('', (87.3, 24.5, 1.6));
#700 = CARTESIAN_POINT('', (88.1, 24.5, 1.6));
#701 = ORIENTED_EDGE('', *, *, #610, .T.);
#702 = ORIENTED_EDGE('', *, *, #680, .F.);
#703 = ORIENTED_EDGE('', *, *, #704, .T.);
#704 = EDGE_CURVE('', #674, #705, #707, .T.);
#705 = VERTEX_POINT('', #706);
#706 = CARTESIAN_POINT('', (88.5, 24.5, 3.85450930786106));
#707 = B_SPLINE_CURVE_WITH_KNOTS('', 1, (#708, #709), .UNSPECIFIED., .F., .U., (2, 2), (0., 0.650463673199836), .UNSPECIFIED.);
#708 = CARTESIAN_POINT('', (88.5, 24.5, 8.05));
#709 = CARTESIAN_POINT('', (88.5, 24.5, 3.85450930786106));
#710 = ORIENTED_EDGE('', *, *, #711, .T.);
#711 = EDGE_CURVE('', #705, #712, #714, .T.);
#712 = VERTEX_POINT('', #713);
#713 = CARTESIAN_POINT('', (88.6, 24.5, 3.85450930786105));
#714 = B_SPLINE_CURVE_WITH_KNOTS('', 1, (#715, #716), .UNSPECIFIED., .F., .U., (2, 2), (0.749999999999998, 0.812499999999994), .UNSPECIFIED.);
#715 = CARTESIAN_POINT('', (88.5, 24.5, 3.85450930786106));
#716 = CARTESIAN_POINT('', (88.6, 24.5, 3.85450930786106));
#717 = ORIENTED_EDGE('', *, *, #718, .F.);
#718 = EDGE_CURVE('', #719, #712, #721, .T.);
#719 = VERTEX_POINT('', #720);
#720 = CARTESIAN_POINT('', (88.6, 24.5, 2.1));
#721 = B_SPLINE_CURVE_WITH_KNOTS('', 1, (#722, #723), .UNSPECIFIED., .F., .U., (2, 2), (0., 0.294875513926228), .UNSPECIFIED.);
#722 = CARTESIAN_POINT('', (88.6, 24.5, 2.1));
#723 = CARTESIAN_POINT('', (88.6, 24.5, 3.85450930786106));
#724 = ORIENTED_EDGE('', *, *, #725, .T.);
#725 = EDGE_CURVE('', #719, #696, #726, .T.);
#726 = B_SPLINE_CURVE_WITH_KNOTS('', 3, (#727, #728, #729, #730), .UNSPECIFIED., .F., .U., (4, 4), (0., 0.707106781186548), .UNSPECIFIED.);
#727 = CARTESIAN_POINT('', (88.6, 24.5, 2.1));
#728 = CARTESIAN_POINT('', (88.4333333333333, 24.5, 1.93333333333333));
#729 = CARTESIAN_POINT('', (88.2666666666667, 24.5, 1.76666666666667));
#730 = CARTESIAN_POINT('', (88.1, 24.5, 1.6));
#731 = B_SPLINE_SURFACE_WITH_KNOTS('', 1, 1, ((#732, #733), (#734, #735)), .UNSPECIFIED., .F., .F., .U., (2, 2), (2, 2), (0., 1.), (0., 1.), .UNSPECIFIED.);
#732 = CARTESIAN_POINT('', (88.9, 24.5, 1.55));
#733 = CARTESIAN_POINT('', (88.9, 24.5, 8.05));
#734 = CARTESIAN_POINT('', (87.3, 24.5, 1.55));
#735 = CARTESIAN_POINT('', (87.3, 24.5, 8.05));
#736 = ADVANCED_FACE('', (#737), #768, .T.);
#737 = FACE_OUTER_BOUND('', #738, .T.);
#738 = EDGE_LOOP('', (#739, #749, #756, #763));
#739 = ORIENTED_EDGE('', *, *, #740, .F.);
#740 = EDGE_CURVE('', #741, #743, #745, .T.);
#741 = VERTEX_POINT('', #742);
#742 = CARTESIAN_POINT('', (88.05, 36.3387503050269, 23.5));
#743 = VERTEX_POINT('', #744);
#744 = CARTESIAN_POINT('', (88.6, 36.6903620206016, 23.5));
#745 = (
   BOUNDED_CURVE ()
   B_SPLINE_CURVE (2, (#746, #747, #748), .UNSPECIFIED., .F., .U.)
   B_SPLINE_CURVE_WITH_KNOTS ((3, 3), (0., 1.), .UNSPECIFIED.)
   CURVE ()
   GEOMETRIC_REPRESENTATION_ITEM ()
   RATIONAL_B_SPLINE_CURVE ((1., 0.99342047870276, 1.))
   REPRESENTATION_ITEM ('')
);
#746 = CARTESIAN_POINT('', (88.05, 36.3387503050269, 23.5));
#747 = CARTESIAN_POINT('', (88.3452673440213, 36.4828534671476, 23.5));
#748 = CARTESIAN_POINT('', (88.6, 36.6903620206016, 23.5));
#749 = ORIENTED_EDGE('', *, *, #750, .T.);
#750 = EDGE_CURVE('', #741, #751, #753, .T.);
#751 = VERTEX_POINT('', #752);
#752 = CARTESIAN_POINT('', (88.05, 30., 23.5));
#753 = B_SPLINE_CURVE_WITH_KNOTS('', 1, (#754, #755), .UNSPECIFIED., .F., .U., (2, 2), (0.207656211871643, 1.), .UNSPECIFIED.);
#754 = CARTESIAN_POINT('', (88.05, 36.3387503050269, 23.5));
#755 = CARTESIAN_POINT('', (88.05, 30., 23.5));
#756 = ORIENTED_EDGE('', *, *, #757, .T.);
#757 = EDGE_CURVE('', #751, #758, #760, .T.);
#758 = VERTEX_POINT('', #759);
#759 = CARTESIAN_POINT('', (88.6, 30., 23.5));
#760 = B_SPLINE_CURVE_WITH_KNOTS('', 1, (#761, #762), .UNSPECIFIED., .F., .U., (2, 2), (0., 0.123595505617977), .UNSPECIFIED.);
#761 = CARTESIAN_POINT('', (88.05, 30., 23.5));
#762 = CARTESIAN_POINT('', (88.6, 30., 23.5));
#763 = ORIENTED_EDGE('', *, *, #764, .F.);
#764 = EDGE_CURVE('', #743, #758, #765, .T.);
#765 = B_SPLINE_CURVE_WITH_KNOTS('', 1, (#766, #767), .UNSPECIFIED., .F., .U., (2, 2), (0.0841311289892158, 0.877306982706813), .UNSPECIFIED.);
#766 = CARTESIAN_POINT('', (88.6, 36.6903620206016, 23.5));
#767 = CARTESIAN_POINT('', (88.6, 30., 23.5));
#768 = B_SPLINE_SURFACE_WITH_KNOTS('', 1, 1, ((#769, #770), (#771, #772)), .UNSPECIFIED., .F., .F., .U., (2, 2), (2, 2), (0., 1.), (0., 1.), .UNSPECIFIED.);
#769 = CARTESIAN_POINT('', (95.3099037974921, 28.9650962025079, 23.5));
#770 = CARTESIAN_POINT('', (85.2400962025079, 28.9650962025079, 23.5));
#771 = CARTESIAN_POINT('', (95.3099037974921, 39.0349037974921, 23.5));
#772 = CARTESIAN_POINT('', (85.2400962025079, 39.0349037974921, 23.5));
#773 = ADVANCED_FACE('', (#774), #796, .T.);
#774 = FACE_OUTER_BOUND('', #775, .T.);
#775 = EDGE_LOOP('', (#776, #783, #790, #795));
#776 = ORIENTED_EDGE('', *, *, #777, .F.);
#777 = EDGE_CURVE('', #778, #741, #780, .T.);
#778 = VERTEX_POINT('', #779);
#779 = CARTESIAN_POINT('', (88.05, 36.3387503050269, 16.5));
#780 = B_SPLINE_CURVE_WITH_KNOTS('', 1, (#781, #782), .UNSPECIFIED., .F., .U., (2, 2), (0., 1.), .UNSPECIFIED.);
#781 = CARTESIAN_POINT('', (88.05, 36.3387503050269, 16.5));
#782 = CARTESIAN_POINT('', (88.05, 36.3387503050269, 23.5));
#783 = ORIENTED_EDGE('', *, *, #784, .T.);
#784 = EDGE_CURVE('', #778, #785, #787, .T.);
#785 = VERTEX_POINT('', #786);
#786 = CARTESIAN_POINT('', (88.05, 30., 16.5));
#787 = B_SPLINE_CURVE_WITH_KNOTS('', 1, (#788, #789), .UNSPECIFIED., .F., .U., (2, 2), (0.207656211871643, 1.), .UNSPECIFIED.);
#788 = CARTESIAN_POINT('', (88.05, 36.3387503050269, 16.5));
#789 = CARTESIAN_POINT('', (88.05, 30., 16.5));
#790 = ORIENTED_EDGE('', *, *, #791, .T.);
#791 = EDGE_CURVE('', #785, #751, #792, .T.);
#792 = B_SPLINE_CURVE_WITH_KNOTS('', 1, (#793, #794), .UNSPECIFIED., .F., .U., (2, 2), (0., 1.), .UNSPECIFIED.);
#793 = CARTESIAN_POINT('', (88.05, 30., 16.5));
#794 = CARTESIAN_POINT('', (88.05, 30., 23.5));
#795 = ORIENTED_EDGE('', *, *, #750, .F.);
#796 = B_SPLINE_SURFACE_WITH_KNOTS('', 1, 1, ((#797, #798), (#799, #800)), .UNSPECIFIED., .F., .F., .U., (2, 2), (2, 2), (0., 1.), (0., 1.), .UNSPECIFIED.);
#797 = CARTESIAN_POINT('', (88.05, 38., 16.5));
#798 = CARTESIAN_POINT('', (88.05, 38., 23.5));
#799 = CARTESIAN_POINT('', (88.05, 30., 16.5));
#800 = CARTESIAN_POINT('', (88.05, 30., 23.5));
#801 = ADVANCED_FACE('', (#802), #825, .T.);
#802 = FACE_OUTER_BOUND('', #803, .T.);
#803 = EDGE_LOOP('', (#804, #812, #819, #824));
#804 = ORIENTED_EDGE('', *, *, #805, .T.);
#805 = EDGE_CURVE('', #778, #806, #808, .T.);
#806 = VERTEX_POINT('', #807);
#807 = CARTESIAN_POINT('', (88.6, 36.6903620206016, 16.5));
#808 = (
   BOUNDED_CURVE ()
   B_SPLINE_CURVE (2, (#809, #810, #811), .UNSPECIFIED., .F., .U.)
   B_SPLINE_CURVE_WITH_KNOTS ((3, 3), (0., 1.), .UNSPECIFIED.)
   CURVE ()
   GEOMETRIC_REPRESENTATION_ITEM ()
   RATIONAL_B_SPLINE_CURVE ((1., 0.99342047870276, 1.))
   REPRESENTATION_ITEM ('')
);
#809 = CARTESIAN_POINT('', (88.05, 36.3387503050269, 16.5));
#810 = CARTESIAN_POINT('', (88.3452673440212, 36.4828534671476, 16.5));
#811 = CARTESIAN_POINT('', (88.6, 36.6903620206016, 16.5));
#812 = ORIENTED_EDGE('', *, *, #813, .F.);
#813 = EDGE_CURVE('', #814, #806, #816, .T.);
#814 = VERTEX_POINT('', #815);
#815 = CARTESIAN_POINT('', (88.6, 30., 16.5));
#816 = B_SPLINE_CURVE_WITH_KNOTS('', 1, (#817, #818), .UNSPECIFIED., .F., .U., (2, 2), (0.122693017293187, 0.915868871010784), .UNSPECIFIED.);
#817 = CARTESIAN_POINT('', (88.6, 30., 16.5));
#818 = CARTESIAN_POINT('', (88.6, 36.6903620206016, 16.5));
#819 = ORIENTED_EDGE('', *, *, #820, .F.);
#820 = EDGE_CURVE('', #785, #814, #821, .T.);
#821 = B_SPLINE_CURVE_WITH_KNOTS('', 1, (#822, #823), .UNSPECIFIED., .F., .U., (2, 2), (0., 0.123595505617977), .UNSPECIFIED.);
#822 = CARTESIAN_POINT('', (88.05, 30., 16.5));
#823 = CARTESIAN_POINT('', (88.6, 30., 16.5));
#824 = ORIENTED_EDGE('', *, *, #784, .F.);
#825 = B_SPLINE_SURFACE_WITH_KNOTS('', 1, 1, ((#826, #827), (#828, #829)), .UNSPECIFIED., .F., .F., .U., (2, 2), (2, 2), (0., 1.), (0., 1.), .UNSPECIFIED.);
#826 = CARTESIAN_POINT('', (95.3099037974921, 28.9650962025079, 16.5));
#827 = CARTESIAN_POINT('', (95.3099037974921, 39.0349037974921, 16.5));
#828 = CARTESIAN_POINT('', (85.2400962025079, 28.9650962025079, 16.5));
#829 = CARTESIAN_POINT('', (85.2400962025079, 39.0349037974921, 16.5));
#830 = ADVANCED_FACE('', (#831), #841, .T.);
#831 = FACE_OUTER_BOUND('', #832, .T.);
#832 = EDGE_LOOP('', (#833, #838, #839, #840));
#833 = ORIENTED_EDGE('', *, *, #834, .F.);
#834 = EDGE_CURVE('', #758, #814, #835, .T.);
#835 = B_SPLINE_CURVE_WITH_KNOTS('', 1, (#836, #837), .UNSPECIFIED., .F., .U., (2, 2), (0., 1.), .UNSPECIFIED.);
#836 = CARTESIAN_POINT('', (88.6, 30., 23.5));
#837 = CARTESIAN_POINT('', (88.6, 30., 16.5));
#838 = ORIENTED_EDGE('', *, *, #757, .F.);
#839 = ORIENTED_EDGE('', *, *, #791, .F.);
#840 = ORIENTED_EDGE('', *, *, #820, .T.);
#841 = B_SPLINE_SURFACE_WITH_KNOTS('', 1, 1, ((#842, #843), (#844, #845)), .UNSPECIFIED., .F., .F., .U., (2, 2), (2, 2), (0., 1.), (0., 1.), .UNSPECIFIED.);
#842 = CARTESIAN_POINT('', (88.05, 30., 16.5));
#843 = CARTESIAN_POINT('', (88.05, 30., 23.5));
#844 = CARTESIAN_POINT('', (92.5, 30., 16.5));
#845 = CARTESIAN_POINT('', (92.5, 30., 23.5));
#846 = ADVANCED_FACE('', (#847), #948, .T.);
#847 = FACE_OUTER_BOUND('', #848, .T.);
#848 = EDGE_LOOP('', (#849, #850, #851, #856, #857, #858, #859, #864, #865, #872, #882, #889, #897, #904, #912, #919, #927, #934, #942, #947));
#849 = ORIENTED_EDGE('', *, *, #146, .T.);
#850 = ORIENTED_EDGE('', *, *, #51, .T.);
#851 = ORIENTED_EDGE('', *, *, #852, .T.);
#852 = EDGE_CURVE('', #54, #806, #853, .T.);
#853 = B_SPLINE_CURVE_WITH_KNOTS('', 1, (#854, #855), .UNSPECIFIED., .F., .U., (2, 2), (0.399287658346805, 0.663594470046083), .UNSPECIFIED.);
#854 = CARTESIAN_POINT('', (88.6, 36.6903620206016, 10.7645421861257));
#855 = CARTESIAN_POINT('', (88.6, 36.6903620206016, 16.5));
#856 = ORIENTED_EDGE('', *, *, #805, .F.);
#857 = ORIENTED_EDGE('', *, *, #777, .T.);
#858 = ORIENTED_EDGE('', *, *, #740, .T.);
#859 = ORIENTED_EDGE('', *, *, #860, .T.);
#860 = EDGE_CURVE('', #743, #339, #861, .T.);
#861 = B_SPLINE_CURVE_WITH_KNOTS('', 1, (#862, #863), .UNSPECIFIED., .F., .U., (2, 2), (0.986175115207373, 1.), .UNSPECIFIED.);
#862 = CARTESIAN_POINT('', (88.6, 36.6903620206016, 23.5));
#863 = CARTESIAN_POINT('', (88.6, 36.6903620206016, 23.8));
#864 = ORIENTED_EDGE('', *, *, #338, .F.);
#865 = ORIENTED_EDGE('', *, *, #866, .F.);
#866 = EDGE_CURVE('', #867, #332, #869, .T.);
#867 = VERTEX_POINT('', #868);
#868 = CARTESIAN_POINT('', (84.1311987709835, 37.9, 23.));
#869 = B_SPLINE_CURVE_WITH_KNOTS('', 1, (#870, #871), .UNSPECIFIED., .F., .U., (2, 2), (0.963133640552995, 1.), .UNSPECIFIED.);
#870 = CARTESIAN_POINT('', (84.1311987709835, 37.9, 23.));
#871 = CARTESIAN_POINT('', (84.1311987709835, 37.9, 23.8));
#872 = ORIENTED_EDGE('', *, *, #873, .T.);
#873 = EDGE_CURVE('', #867, #874, #876, .T.);
#874 = VERTEX_POINT('', #875);
#875 = CARTESIAN_POINT('', (85.6327382470071, 36.3, 23.));
#876 = (
   BOUNDED_CURVE ()
   B_SPLINE_CURVE (2, (#877, #878, #879, #880, #881), .UNSPECIFIED., .F., .U.)
   B_SPLINE_CURVE_WITH_KNOTS ((3, 2, 3), (0.575395054989912, 0.666666666666667, 0.75436385076927), .UNSPECIFIED.)
   CURVE ()
   GEOMETRIC_REPRESENTATION_ITEM ()
   RATIONAL_B_SPLINE_CURVE ((0.890032946640203, 0.924284425884423, 1., 0.927249639612322, 0.892779289715338))
   REPRESENTATION_ITEM ('')
);
#877 = CARTESIAN_POINT('', (84.1311987709835, 37.9, 23.));
#878 = CARTESIAN_POINT('', (84.3357106078759, 37.3541985583532, 23.));
#879 = CARTESIAN_POINT('', (84.7380850802169, 36.9325125505926, 23.));
#880 = CARTESIAN_POINT('', (85.1234652036939, 36.5286365174192, 23.));
#881 = CARTESIAN_POINT('', (85.6327382470071, 36.3, 23.));
#882 = ORIENTED_EDGE('', *, *, #883, .F.);
#883 = EDGE_CURVE('', #884, #874, #886, .T.);
#884 = VERTEX_POINT('', #885);
#885 = CARTESIAN_POINT('', (85.6327382470071, 36.3, 21.8));
#886 = B_SPLINE_CURVE_WITH_KNOTS('', 1, (#887, #888), .UNSPECIFIED., .F., .U., (2, 2), (0., 1.), .UNSPECIFIED.);
#887 = CARTESIAN_POINT('', (85.6327382470071, 36.3, 21.8));
#888 = CARTESIAN_POINT('', (85.6327382470071, 36.3, 23.));
#889 = ORIENTED_EDGE('', *, *, #890, .F.);
#890 = EDGE_CURVE('', #891, #884, #893, .T.);
#891 = VERTEX_POINT('', #892);
#892 = CARTESIAN_POINT('', (85.4316067816596, 36.4, 21.8));
#893 = (
   BOUNDED_CURVE ()
   B_SPLINE_CURVE (2, (#894, #895, #896), .UNSPECIFIED., .F., .U.)
   B_SPLINE_CURVE_WITH_KNOTS ((3, 3), (0., 1.), .UNSPECIFIED.)
   CURVE ()
   GEOMETRIC_REPRESENTATION_ITEM ()
   RATIONAL_B_SPLINE_CURVE ((1., 0.999223246089796, 1.))
   REPRESENTATION_ITEM ('')
);
#894 = CARTESIAN_POINT('', (85.4316067816596, 36.4, 21.8));
#895 = CARTESIAN_POINT('', (85.5302006372221, 36.3460339346713, 21.8));
#896 = CARTESIAN_POINT('', (85.6327382470071, 36.3, 21.8));
#897 = ORIENTED_EDGE('', *, *, #898, .F.);
#898 = EDGE_CURVE('', #899, #891, #901, .T.);
#899 = VERTEX_POINT('', #900);
#900 = CARTESIAN_POINT('', (85.4316067816596, 36.4, 8.6));
#901 = B_SPLINE_CURVE_WITH_KNOTS('', 1, (#902, #903), .UNSPECIFIED., .F., .U., (2, 2), (0., 1.), .UNSPECIFIED.);
#902 = CARTESIAN_POINT('', (85.4316067816596, 36.4, 8.6));
#903 = CARTESIAN_POINT('', (85.4316067816596, 36.4, 21.8));
#904 = ORIENTED_EDGE('', *, *, #905, .T.);
#905 = EDGE_CURVE('', #899, #906, #908, .T.);
#906 = VERTEX_POINT('', #907);
#907 = CARTESIAN_POINT('', (85.8875856204553, 36.2, 8.6));
#908 = (
   BOUNDED_CURVE ()
   B_SPLINE_CURVE (2, (#909, #910, #911), .UNSPECIFIED., .F., .U.)
   B_SPLINE_CURVE_WITH_KNOTS ((3, 3), (0., 1.), .UNSPECIFIED.)
   CURVE ()
   GEOMETRIC_REPRESENTATION_ITEM ()
   RATIONAL_B_SPLINE_CURVE ((1., 0.996177416898909, 1.))
   REPRESENTATION_ITEM ('')
);
#909 = CARTESIAN_POINT('', (85.4316067816596, 36.4, 8.6));
#910 = CARTESIAN_POINT('', (85.6508273772344, 36.2800080094779, 8.6));
#911 = CARTESIAN_POINT('', (85.8875856204553, 36.2, 8.6));
#912 = ORIENTED_EDGE('', *, *, #913, .F.);
#913 = EDGE_CURVE('', #914, #906, #916, .T.);
#914 = VERTEX_POINT('', #915);
#915 = CARTESIAN_POINT('', (85.8875856204553, 36.2, 1.6));
#916 = B_SPLINE_CURVE_WITH_KNOTS('', 1, (#917, #918), .UNSPECIFIED., .F., .U., (2, 2), (0., 1.), .UNSPECIFIED.);
#917 = CARTESIAN_POINT('', (85.8875856204553, 36.2, 1.6));
#918 = CARTESIAN_POINT('', (85.8875856204553, 36.2, 8.6));
#919 = ORIENTED_EDGE('', *, *, #920, .T.);
#920 = EDGE_CURVE('', #914, #921, #923, .T.);
#921 = VERTEX_POINT('', #922);
#922 = CARTESIAN_POINT('', (88.05, 36.3387503050269, 1.6));
#923 = (
   BOUNDED_CURVE ()
   B_SPLINE_CURVE (2, (#924, #925, #926), .UNSPECIFIED., .F., .U.)
   B_SPLINE_CURVE_WITH_KNOTS ((3, 3), (0.805555603604908, 0.994827723345513), .UNSPECIFIED.)
   CURVE ()
   GEOMETRIC_REPRESENTATION_ITEM ()
   RATIONAL_B_SPLINE_CURVE ((0.891421846530448, 0.870283901711539, 0.993175856454249))
   REPRESENTATION_ITEM ('')
);
#924 = CARTESIAN_POINT('', (85.8875856204553, 36.2, 1.6));
#925 = CARTESIAN_POINT('', (86.9973065353073, 35.824990622225, 1.6));
#926 = CARTESIAN_POINT('', (88.05, 36.3387503050269, 1.6));
#927 = ORIENTED_EDGE('', *, *, #928, .T.);
#928 = EDGE_CURVE('', #921, #929, #931, .T.);
#929 = VERTEX_POINT('', #930);
#930 = CARTESIAN_POINT('', (88.05, 36.3387503050269, 6.7));
#931 = B_SPLINE_CURVE_WITH_KNOTS('', 1, (#932, #933), .UNSPECIFIED., .F., .U., (2, 2), (0., 1.), .UNSPECIFIED.);
#932 = CARTESIAN_POINT('', (88.05, 36.3387503050269, 1.6));
#933 = CARTESIAN_POINT('', (88.05, 36.3387503050269, 6.7));
#934 = ORIENTED_EDGE('', *, *, #935, .T.);
#935 = EDGE_CURVE('', #929, #936, #938, .T.);
#936 = VERTEX_POINT('', #937);
#937 = CARTESIAN_POINT('', (88.6, 36.6903620206016, 6.7));
#938 = (
   BOUNDED_CURVE ()
   B_SPLINE_CURVE (2, (#939, #940, #941), .UNSPECIFIED., .F., .U.)
   B_SPLINE_CURVE_WITH_KNOTS ((3, 3), (0., 1.), .UNSPECIFIED.)
   CURVE ()
   GEOMETRIC_REPRESENTATION_ITEM ()
   RATIONAL_B_SPLINE_CURVE ((1., 0.99342047870276, 1.))
   REPRESENTATION_ITEM ('')
);
#939 = CARTESIAN_POINT('', (88.05, 36.3387503050269, 6.7));
#940 = CARTESIAN_POINT('', (88.3452673440212, 36.4828534671476, 6.7));
#941 = CARTESIAN_POINT('', (88.6, 36.6903620206016, 6.7));
#942 = ORIENTED_EDGE('', *, *, #943, .T.);
#943 = EDGE_CURVE('', #936, #239, #944, .T.);
#944 = B_SPLINE_CURVE_WITH_KNOTS('', 1, (#945, #946), .UNSPECIFIED., .F., .U., (2, 2), (0.211981566820277, 0.287348286353656), .UNSPECIFIED.);
#945 = CARTESIAN_POINT('', (88.6, 36.6903620206016, 6.7));
#946 = CARTESIAN_POINT('', (88.6, 36.6903620206016, 8.33545781387434));
#947 = ORIENTED_EDGE('', *, *, #238, .F.);
#948 = (
   BOUNDED_SURFACE ()
   B_SPLINE_SURFACE (2, 1, ((#949, #950), (#951, #952), (#953, #954), (#955, #956), (#957, #958), (#959, #960), (#961, #962), (#963, #964), (#965, #966)), .UNSPECIFIED., .T., .F., .U.)
   B_SPLINE_SURFACE_WITH_KNOTS ((3, 2, 2, 2, 3), (2, 2), (0., 4.47676953136545, 8.9535390627309, 13.4303085940963, 17.9070781254618), (0., 22.25), .UNSPECIFIED.)
   GEOMETRIC_REPRESENTATION_ITEM ()
   RATIONAL_B_SPLINE_SURFACE (((1., 1.), (0.707106781186548, 0.707106781186548), (1., 1.), (0.707106781186548, 0.707106781186548), (1., 1.), (0.707106781186548, 0.707106781186548), (1., 1.), (0.707106781186548, 0.707106781186548), (1., 1.)))
   REPRESENTATION_ITEM ('')
   SURFACE ()
);
#949 = CARTESIAN_POINT('', (89.65, 38.9, 1.55));
#950 = CARTESIAN_POINT('', (89.65, 38.9, 23.8));
#951 = CARTESIAN_POINT('', (89.65, 41.75, 1.55));
#952 = CARTESIAN_POINT('', (89.65, 41.75, 23.8));
#953 = CARTESIAN_POINT('', (86.8, 41.75, 1.55));
#954 = CARTESIAN_POINT('', (86.8, 41.75, 23.8));
#955 = CARTESIAN_POINT('', (83.95, 41.75, 1.55));
#956 = CARTESIAN_POINT('', (83.95, 41.75, 23.8));
#957 = CARTESIAN_POINT('', (83.95, 38.9, 1.55));
#958 = CARTESIAN_POINT('', (83.95, 38.9, 23.8));
#959 = CARTESIAN_POINT('', (83.95, 36.05, 1.55));
#960 = CARTESIAN_POINT('', (83.95, 36.05, 23.8));
#961 = CARTESIAN_POINT('', (86.8, 36.05, 1.55));
#962 = CARTESIAN_POINT('', (86.8, 36.05, 23.8));
#963 = CARTESIAN_POINT('', (89.65, 36.05, 1.55));
#964 = CARTESIAN_POINT('', (89.65, 36.05, 23.8));
#965 = CARTESIAN_POINT('', (89.65, 38.9, 1.55));
#966 = CARTESIAN_POINT('', (89.65, 38.9, 23.8));
#967 = ADVANCED_FACE('', (#968), #982, .T.);
#968 = FACE_OUTER_BOUND('', #969, .T.);
#969 = EDGE_LOOP('', (#970, #971, #976, #977));
#970 = ORIENTED_EDGE('', *, *, #279, .T.);
#971 = ORIENTED_EDGE('', *, *, #972, .F.);
#972 = EDGE_CURVE('', #936, #272, #973, .T.);
#973 = B_SPLINE_CURVE_WITH_KNOTS('', 1, (#974, #975), .UNSPECIFIED., .F., .U., (2, 2), (0.0841844930091316, 0.179450490469222), .UNSPECIFIED.);
#974 = CARTESIAN_POINT('', (88.6, 36.6903620206016, 6.7));
#975 = CARTESIAN_POINT('', (88.6, 35.8873118681748, 6.7));
#976 = ORIENTED_EDGE('', *, *, #935, .F.);
#977 = ORIENTED_EDGE('', *, *, #978, .T.);
#978 = EDGE_CURVE('', #929, #280, #979, .T.);
#979 = B_SPLINE_CURVE_WITH_KNOTS('', 1, (#980, #981), .UNSPECIFIED., .F., .U., (2, 2), (0.439048645572844, 0.478998949719047), .UNSPECIFIED.);
#980 = CARTESIAN_POINT('', (88.05, 36.3387503050269, 6.7));
#981 = CARTESIAN_POINT('', (88.05, 35.8873118681748, 6.7));
#982 = B_SPLINE_SURFACE_WITH_KNOTS('', 1, 1, ((#983, #984), (#985, #986)), .UNSPECIFIED., .F., .F., .U., (2, 2), (2, 2), (0., 1.), (0., 1.), .UNSPECIFIED.);
#983 = CARTESIAN_POINT('', (96.9545569650988, 28.9704430349012, 6.7));
#984 = CARTESIAN_POINT('', (83.5954430349012, 28.9704430349012, 6.7));
#985 = CARTESIAN_POINT('', (96.9545569650988, 42.3295569650988, 6.7));
#986 = CARTESIAN_POINT('', (83.5954430349012, 42.3295569650988, 6.7));
#987 = ADVANCED_FACE('', (#988), #1005, .T.);
#988 = FACE_OUTER_BOUND('', #989, .T.);
#989 = EDGE_LOOP('', (#990, #991, #992, #993, #1000));
#990 = ORIENTED_EDGE('', *, *, #286, .T.);
#991 = ORIENTED_EDGE('', *, *, #978, .F.);
#992 = ORIENTED_EDGE('', *, *, #928, .F.);
#993 = ORIENTED_EDGE('', *, *, #994, .F.);
#994 = EDGE_CURVE('', #995, #921, #997, .T.);
#995 = VERTEX_POINT('', #996);
#996 = CARTESIAN_POINT('', (88.05, 30., 1.6));
#997 = B_SPLINE_CURVE_WITH_KNOTS('', 1, (#998, #999), .UNSPECIFIED., .F., .U., (2, 2), (0., 0.856587879057684), .UNSPECIFIED.);
#998 = CARTESIAN_POINT('', (88.05, 30., 1.6));
#999 = CARTESIAN_POINT('', (88.05, 36.3387503050269, 1.6));
#1000 = ORIENTED_EDGE('', *, *, #1001, .T.);
#1001 = EDGE_CURVE('', #995, #287, #1002, .T.);
#1002 = B_SPLINE_CURVE_WITH_KNOTS('', 1, (#1003, #1004), .UNSPECIFIED., .F., .U., (2, 2), (0.3625, 0.833823270687649), .UNSPECIFIED.);
#1003 = CARTESIAN_POINT('', (88.05, 30., 1.6));
#1004 = CARTESIAN_POINT('', (88.05, 30., 5.3705861655012));
#1005 = B_SPLINE_SURFACE_WITH_KNOTS('', 1, 1, ((#1006, #1007), (#1008, #1009)), .UNSPECIFIED., .F., .F., .U., (2, 2), (2, 2), (0., 1.), (0., 1.), .UNSPECIFIED.);
#1006 = CARTESIAN_POINT('', (88.05, 41.3, -1.3));
#1007 = CARTESIAN_POINT('', (88.05, 41.3, 6.7));
#1008 = CARTESIAN_POINT('', (88.05, 30., -1.3));
#1009 = CARTESIAN_POINT('', (88.05, 30., 6.7));
#1010 = ADVANCED_FACE('', (#1011), #1035, .F.);
#1011 = FACE_OUTER_BOUND('', #1012, .F.);
#1012 = EDGE_LOOP('', (#1013, #1014, #1021, #1030));
#1013 = ORIENTED_EDGE('', *, *, #725, .T.);
#1014 = ORIENTED_EDGE('', *, *, #1015, .T.);
#1015 = EDGE_CURVE('', #696, #1016, #1018, .T.);
#1016 = VERTEX_POINT('', #1017);
#1017 = CARTESIAN_POINT('', (88.1, 30., 1.6));
#1018 = B_SPLINE_CURVE_WITH_KNOTS('', 1, (#1019, #1020), .UNSPECIFIED., .F., .U., (2, 2), (0.636158604550671, 0.793815936135658), .UNSPECIFIED.);
#1019 = CARTESIAN_POINT('', (88.1, 24.5, 1.6));
#1020 = CARTESIAN_POINT('', (88.1, 30., 1.6));
#1021 = ORIENTED_EDGE('', *, *, #1022, .F.);
#1022 = EDGE_CURVE('', #1023, #1016, #1025, .T.);
#1023 = VERTEX_POINT('', #1024);
#1024 = CARTESIAN_POINT('', (88.6, 30., 2.1));
#1025 = B_SPLINE_CURVE_WITH_KNOTS('', 3, (#1026, #1027, #1028, #1029), .UNSPECIFIED., .F., .U., (4, 4), (0., 0.707106781186548), .UNSPECIFIED.);
#1026 = CARTESIAN_POINT('', (88.6, 30., 2.1));
#1027 = CARTESIAN_POINT('', (88.4333333333333, 30., 1.93333333333333));
#1028 = CARTESIAN_POINT('', (88.2666666666667, 30., 1.76666666666667));
#1029 = CARTESIAN_POINT('', (88.1, 30., 1.6));
#1030 = ORIENTED_EDGE('', *, *, #1031, .F.);
#1031 = EDGE_CURVE('', #719, #1023, #1032, .T.);
#1032 = B_SPLINE_CURVE_WITH_KNOTS('', 1, (#1033, #1034), .UNSPECIFIED., .F., .U., (2, 2), (0.634560906515581, 0.790368271954674), .UNSPECIFIED.);
#1033 = CARTESIAN_POINT('', (88.6, 24.5, 2.1));
#1034 = CARTESIAN_POINT('', (88.6, 30., 2.1));
#1035 = B_SPLINE_SURFACE_WITH_KNOTS('', 1, 1, ((#1036, #1037), (#1038, #1039)), .UNSPECIFIED., .F., .F., .U., (2, 2), (2, 2), (0., 1.), (0., 1.), .UNSPECIFIED.);
#1036 = CARTESIAN_POINT('', (88.1, 2.30710678118655, 1.6));
#1037 = CARTESIAN_POINT('', (88.6, 2.1, 2.1));
#1038 = CARTESIAN_POINT('', (88.1, 37.1928932188134, 1.6));
#1039 = CARTESIAN_POINT('', (88.6, 37.4, 2.1));
#1040 = ADVANCED_FACE('', (#1041, #1730, #1760), #1790, .F.);
#1041 = FACE_OUTER_BOUND('', #1042, .F.);
#1042 = EDGE_LOOP('', (#1043, #1044, #1045, #1050, #1051, #1052, #1053, #1060, #1067, #1074, #1081, #1088, #1095, #1102, #1109, #1116, #1123, #1130, #1137, #1144, #1151, #1158, #1165, #1172, #1179, #1186, #1193, #1201, #1211, #1218, #1225, #1232, #1240, #1247, #1254, #1261, #1268, #1275, #1282, #1289, #1296, #1303, #1310, #1317, #1324, #1331, #1338, #1345, #1352, #1359, #1366, #1373, #1380, #1387, #1397, #1404, #1411, #1418, #1425, #1432, #1439, #1446, #1453, #1460, #1467, #1474, #1481, #1488, #1495, #1502, #1509, #1516, #1523, #1530, #1537, #1544, #1551, #1558, #1565, #1575, #1585, #1592, #1599, #1606, #1613, #1620, #1627, #1634, #1641, #1648, #1655, #1662, #1669, #1676, #1683, #1690, #1697, #1704, #1711, #1718, #1725));
#1043 = ORIENTED_EDGE('', *, *, #920, .T.);
#1044 = ORIENTED_EDGE('', *, *, #994, .F.);
#1045 = ORIENTED_EDGE('', *, *, #1046, .F.);
#1046 = EDGE_CURVE('', #1016, #995, #1047, .T.);
#1047 = B_SPLINE_CURVE_WITH_KNOTS('', 1, (#1048, #1049), .UNSPECIFIED., .F., .U., (2, 2), (0., 1.), .UNSPECIFIED.);
#1048 = CARTESIAN_POINT('', (88.1, 30., 1.6));
#1049 = CARTESIAN_POINT('', (88.05, 30., 1.6));
#1050 = ORIENTED_EDGE('', *, *, #1015, .F.);
#1051 = ORIENTED_EDGE('', *, *, #695, .F.);
#1052 = ORIENTED_EDGE('', *, *, #572, .F.);
#1053 = ORIENTED_EDGE('', *, *, #1054, .F.);
#1054 = EDGE_CURVE('', #1055, #573, #1057, .T.);
#1055 = VERTEX_POINT('', #1056);
#1056 = CARTESIAN_POINT('', (87.05, 22.0264998615641, 1.60000000000004));
#1057 = B_SPLINE_CURVE_WITH_KNOTS('', 1, (#1058, #1059), .UNSPECIFIED., .F., .U., (2, 2), (0., 0.238095238095232), .UNSPECIFIED.);
#1058 = CARTESIAN_POINT('', (87.05, 22.026499861564, 1.6));
#1059 = CARTESIAN_POINT('', (87.3, 22.026499861564, 1.6));
#1060 = ORIENTED_EDGE('', *, *, #1061, .F.);
#1061 = EDGE_CURVE('', #1062, #1055, #1064, .T.);
#1062 = VERTEX_POINT('', #1063);
#1063 = CARTESIAN_POINT('', (87.05, 5.77350013843594, 1.60000000000003));
#1064 = B_SPLINE_CURVE_WITH_KNOTS('', 1, (#1065, #1066), .UNSPECIFIED., .F., .U., (2, 2), (0.142383726295969, 0.772344955874575), .UNSPECIFIED.);
#1065 = CARTESIAN_POINT('', (87.0500000000001, 5.77350013843598, 1.6));
#1066 = CARTESIAN_POINT('', (87.05, 22.026499861564, 1.6));
#1067 = ORIENTED_EDGE('', *, *, #1068, .T.);
#1068 = EDGE_CURVE('', #1062, #1069, #1071, .T.);
#1069 = VERTEX_POINT('', #1070);
#1070 = CARTESIAN_POINT('', (87.3, 5.77350013843598, 1.6));
#1071 = B_SPLINE_CURVE_WITH_KNOTS('', 1, (#1072, #1073), .UNSPECIFIED., .F., .U., (2, 2), (0., 0.238095238095232), .UNSPECIFIED.);
#1072 = CARTESIAN_POINT('', (87.05, 5.77350013843598, 1.6));
#1073 = CARTESIAN_POINT('', (87.3, 5.77350013843598, 1.6));
#1074 = ORIENTED_EDGE('', *, *, #1075, .F.);
#1075 = EDGE_CURVE('', #1076, #1069, #1078, .T.);
#1076 = VERTEX_POINT('', #1077);
#1077 = CARTESIAN_POINT('', (87.3, 3., 1.6));
#1078 = B_SPLINE_CURVE_WITH_KNOTS('', 1, (#1079, #1080), .UNSPECIFIED., .F., .U., (2, 2), (0., 0.924500046145328), .UNSPECIFIED.);
#1079 = CARTESIAN_POINT('', (87.3, 3., 1.6));
#1080 = CARTESIAN_POINT('', (87.3, 5.77350013843598, 1.6));
#1081 = ORIENTED_EDGE('', *, *, #1082, .F.);
#1082 = EDGE_CURVE('', #1083, #1076, #1085, .T.);
#1083 = VERTEX_POINT('', #1084);
#1084 = CARTESIAN_POINT('', (88.05, 3., 1.6));
#1085 = B_SPLINE_CURVE_WITH_KNOTS('', 1, (#1086, #1087), .UNSPECIFIED., .F., .U., (2, 2), (0.0625000000000122, 1.), .UNSPECIFIED.);
#1086 = CARTESIAN_POINT('', (88.05, 3., 1.6));
#1087 = CARTESIAN_POINT('', (87.3, 3., 1.6));
#1088 = ORIENTED_EDGE('', *, *, #1089, .F.);
#1089 = EDGE_CURVE('', #1090, #1083, #1092, .T.);
#1090 = VERTEX_POINT('', #1091);
#1091 = CARTESIAN_POINT('', (88.05, 2.25710678118655, 1.6));
#1092 = B_SPLINE_CURVE_WITH_KNOTS('', 1, (#1093, #1094), .UNSPECIFIED., .F., .U., (2, 2), (0.0541747521332933, 0.310344827586203), .UNSPECIFIED.);
#1093 = CARTESIAN_POINT('', (88.05, 2.25710678118657, 1.6));
#1094 = CARTESIAN_POINT('', (88.05, 3., 1.6));
#1095 = ORIENTED_EDGE('', *, *, #1096, .F.);
#1096 = EDGE_CURVE('', #1097, #1090, #1099, .T.);
#1097 = VERTEX_POINT('', #1098);
#1098 = CARTESIAN_POINT('', (87.8928932188134, 2.1, 1.6));
#1099 = B_SPLINE_CURVE_WITH_KNOTS('', 1, (#1100, #1101), .UNSPECIFIED., .F., .U., (2, 2), (0., 0.758578643762706), .UNSPECIFIED.);
#1100 = CARTESIAN_POINT('', (87.8928932188134, 2.1, 1.6));
#1101 = CARTESIAN_POINT('', (88.05, 2.25710678118655, 1.6));
#1102 = ORIENTED_EDGE('', *, *, #1103, .F.);
#1103 = EDGE_CURVE('', #1104, #1097, #1106, .T.);
#1104 = VERTEX_POINT('', #1105);
#1105 = CARTESIAN_POINT('', (87., 2.1, 1.6));
#1106 = B_SPLINE_CURVE_WITH_KNOTS('', 1, (#1107, #1108), .UNSPECIFIED., .F., .U., (2, 2), (1.67755915466322, 1.69524518635289), .UNSPECIFIED.);
#1107 = CARTESIAN_POINT('', (87., 2.1, 1.6));
#1108 = CARTESIAN_POINT('', (87.8928932188134, 2.1, 1.6));
#1109 = ORIENTED_EDGE('', *, *, #1110, .F.);
#1110 = EDGE_CURVE('', #1111, #1104, #1113, .T.);
#1111 = VERTEX_POINT('', #1112);
#1112 = CARTESIAN_POINT('', (87., 2.25, 1.6));
#1113 = B_SPLINE_CURVE_WITH_KNOTS('', 1, (#1114, #1115), .UNSPECIFIED., .F., .U., (2, 2), (0., 1.), .UNSPECIFIED.);
#1114 = CARTESIAN_POINT('', (87., 2.25, 1.6));
#1115 = CARTESIAN_POINT('', (87., 2.09999999999999, 1.6));
#1116 = ORIENTED_EDGE('', *, *, #1117, .F.);
#1117 = EDGE_CURVE('', #1118, #1111, #1120, .T.);
#1118 = VERTEX_POINT('', #1119);
#1119 = CARTESIAN_POINT('', (86.5, 2.25, 1.6));
#1120 = B_SPLINE_CURVE_WITH_KNOTS('', 1, (#1121, #1122), .UNSPECIFIED., .F., .U., (2, 2), (0.984848484848485, 1.), .UNSPECIFIED.);
#1121 = CARTESIAN_POINT('', (86.5, 2.25, 1.6));
#1122 = CARTESIAN_POINT('', (87., 2.25, 1.6));
#1123 = ORIENTED_EDGE('', *, *, #1124, .F.);
#1124 = EDGE_CURVE('', #1125, #1118, #1127, .T.);
#1125 = VERTEX_POINT('', #1126);
#1126 = CARTESIAN_POINT('', (86.5, 4., 1.6));
#1127 = B_SPLINE_CURVE_WITH_KNOTS('', 1, (#1128, #1129), .UNSPECIFIED., .F., .U., (2, 2), (0., 0.921052631578945), .UNSPECIFIED.);
#1128 = CARTESIAN_POINT('', (86.5, 4., 1.6));
#1129 = CARTESIAN_POINT('', (86.5, 2.25, 1.6));
#1130 = ORIENTED_EDGE('', *, *, #1131, .F.);
#1131 = EDGE_CURVE('', #1132, #1125, #1134, .T.);
#1132 = VERTEX_POINT('', #1133);
#1133 = CARTESIAN_POINT('', (85., 4., 1.6));
#1134 = B_SPLINE_CURVE_WITH_KNOTS('', 1, (#1135, #1136), .UNSPECIFIED., .F., .U., (2, 2), (0.499999999999998, 1.), .UNSPECIFIED.);
#1135 = CARTESIAN_POINT('', (85., 4., 1.6));
#1136 = CARTESIAN_POINT('', (86.5, 4., 1.6));
#1137 = ORIENTED_EDGE('', *, *, #1138, .F.);
#1138 = EDGE_CURVE('', #1139, #1132, #1141, .T.);
#1139 = VERTEX_POINT('', #1140);
#1140 = CARTESIAN_POINT('', (85., 5.9, 1.6));
#1141 = B_SPLINE_CURVE_WITH_KNOTS('', 1, (#1142, #1143), .UNSPECIFIED., .F., .U., (2, 2), (0., 0.633333333333331), .UNSPECIFIED.);
#1142 = CARTESIAN_POINT('', (85., 5.89999999999999, 1.6));
#1143 = CARTESIAN_POINT('', (85., 4., 1.6));
#1144 = ORIENTED_EDGE('', *, *, #1145, .F.);
#1145 = EDGE_CURVE('', #1146, #1139, #1148, .T.);
#1146 = VERTEX_POINT('', #1147);
#1147 = CARTESIAN_POINT('', (55., 5.9, 1.6));
#1148 = B_SPLINE_CURVE_WITH_KNOTS('', 1, (#1149, #1150), .UNSPECIFIED., .F., .U., (2, 2), (0., 1.), .UNSPECIFIED.);
#1149 = CARTESIAN_POINT('', (55., 5.9, 1.6));
#1150 = CARTESIAN_POINT('', (85., 5.9, 1.6));
#1151 = ORIENTED_EDGE('', *, *, #1152, .F.);
#1152 = EDGE_CURVE('', #1153, #1146, #1155, .T.);
#1153 = VERTEX_POINT('', #1154);
#1154 = CARTESIAN_POINT('', (55., 2.9, 1.6));
#1155 = B_SPLINE_CURVE_WITH_KNOTS('', 1, (#1156, #1157), .UNSPECIFIED., .F., .U., (2, 2), (0., 1.), .UNSPECIFIED.);
#1156 = CARTESIAN_POINT('', (55., 2.9, 1.6));
#1157 = CARTESIAN_POINT('', (55., 5.9, 1.6));
#1158 = ORIENTED_EDGE('', *, *, #1159, .F.);
#1159 = EDGE_CURVE('', #1160, #1153, #1162, .T.);
#1160 = VERTEX_POINT('', #1161);
#1161 = CARTESIAN_POINT('', (64.6, 2.9, 1.6));
#1162 = B_SPLINE_CURVE_WITH_KNOTS('', 1, (#1163, #1164), .UNSPECIFIED., .F., .U., (2, 2), (0.68, 1.), .UNSPECIFIED.);
#1163 = CARTESIAN_POINT('', (64.6, 2.9, 1.6));
#1164 = CARTESIAN_POINT('', (55., 2.9, 1.6));
#1165 = ORIENTED_EDGE('', *, *, #1166, .F.);
#1166 = EDGE_CURVE('', #1167, #1160, #1169, .T.);
#1167 = VERTEX_POINT('', #1168);
#1168 = CARTESIAN_POINT('', (64.6, 2.25, 1.6));
#1169 = B_SPLINE_CURVE_WITH_KNOTS('', 1, (#1170, #1171), .UNSPECIFIED., .F., .U., (2, 2), (0.0789473684210485, 0.421052631578945), .UNSPECIFIED.);
#1170 = CARTESIAN_POINT('', (64.6, 2.25, 1.6));
#1171 = CARTESIAN_POINT('', (64.6, 2.9, 1.6));
#1172 = ORIENTED_EDGE('', *, *, #1173, .F.);
#1173 = EDGE_CURVE('', #1174, #1167, #1176, .T.);
#1174 = VERTEX_POINT('', #1175);
#1175 = CARTESIAN_POINT('', (54., 2.25, 1.6));
#1176 = B_SPLINE_CURVE_WITH_KNOTS('', 1, (#1177, #1178), .UNSPECIFIED., .F., .U., (2, 2), (0., 0.321212121212121), .UNSPECIFIED.);
#1177 = CARTESIAN_POINT('', (54., 2.25, 1.6));
#1178 = CARTESIAN_POINT('', (64.6, 2.25, 1.6));
#1179 = ORIENTED_EDGE('', *, *, #1180, .F.);
#1180 = EDGE_CURVE('', #1181, #1174, #1183, .T.);
#1181 = VERTEX_POINT('', #1182);
#1182 = CARTESIAN_POINT('', (54., 2.1, 1.6));
#1183 = B_SPLINE_CURVE_WITH_KNOTS('', 1, (#1184, #1185), .UNSPECIFIED., .F., .U., (2, 2), (0., 1.), .UNSPECIFIED.);
#1184 = CARTESIAN_POINT('', (54., 2.10000000000002, 1.6));
#1185 = CARTESIAN_POINT('', (54., 2.25, 1.6));
#1186 = ORIENTED_EDGE('', *, *, #1187, .F.);
#1187 = EDGE_CURVE('', #1188, #1181, #1190, .T.);
#1188 = VERTEX_POINT('', #1189);
#1189 = CARTESIAN_POINT('', (32.1688012290165, 2.1, 1.6));
#1190 = B_SPLINE_CURVE_WITH_KNOTS('', 1, (#1191, #1192), .UNSPECIFIED., .F., .U., (2, 2), (0.591487160147992, 1.02390983416051), .UNSPECIFIED.);
#1191 = CARTESIAN_POINT('', (32.1688012290165, 2.1, 1.6));
#1192 = CARTESIAN_POINT('', (54., 2.1, 1.6));
#1193 = ORIENTED_EDGE('', *, *, #1194, .T.);
#1194 = EDGE_CURVE('', #1188, #1195, #1197, .T.);
#1195 = VERTEX_POINT('', #1196);
#1196 = CARTESIAN_POINT('', (32.35, 3.1, 1.6));
#1197 = (
   BOUNDED_CURVE ()
   B_SPLINE_CURVE (2, (#1198, #1199, #1200), .UNSPECIFIED., .F., .U.)
   B_SPLINE_CURVE_WITH_KNOTS ((3, 3), (0., 1.), .UNSPECIFIED.)
   CURVE ()
   GEOMETRIC_REPRESENTATION_ITEM ()
   RATIONAL_B_SPLINE_CURVE ((1., 0.983977002745857, 1.))
   REPRESENTATION_ITEM ('')
);
#1198 = CARTESIAN_POINT('', (32.1688012290165, 2.1, 1.6));
#1199 = CARTESIAN_POINT('', (32.35, 2.58358350269704, 1.6));
#1200 = CARTESIAN_POINT('', (32.35, 3.1, 1.6));
#1201 = ORIENTED_EDGE('', *, *, #1202, .T.);
#1202 = EDGE_CURVE('', #1195, #1203, #1205, .T.);
#1203 = VERTEX_POINT('', #1204);
#1204 = CARTESIAN_POINT('', (27.6882329068007, 5.3, 1.6));
#1205 = (
   BOUNDED_CURVE ()
   B_SPLINE_CURVE (2, (#1206, #1207, #1208, #1209, #1210), .UNSPECIFIED., .F., .U.)
   B_SPLINE_CURVE_WITH_KNOTS ((3, 2, 3), (0., 0.333333333333333, 0.644607110255165), .UNSPECIFIED.)
   CURVE ()
   GEOMETRIC_REPRESENTATION_ITEM ()
   RATIONAL_B_SPLINE_CURVE ((1., 0.834622048057227, 1., 0.845566540837528, 0.979559598374692))
   REPRESENTATION_ITEM ('')
);
#1206 = CARTESIAN_POINT('', (32.35, 3.1, 1.6));
#1207 = CARTESIAN_POINT('', (32.35, 4.98090610325742, 1.6));
#1208 = CARTESIAN_POINT('', (30.6205855896885, 5.72045567338632, 1.6));
#1209 = CARTESIAN_POINT('', (29.0265246243182, 6.40212404313611, 1.6));
#1210 = CARTESIAN_POINT('', (27.6882329068007, 5.3, 1.6));
#1211 = ORIENTED_EDGE('', *, *, #1212, .F.);
#1212 = EDGE_CURVE('', #1213, #1203, #1215, .T.);
#1213 = VERTEX_POINT('', #1214);
#1214 = CARTESIAN_POINT('', (22.5, 5.3, 1.6));
#1215 = B_SPLINE_CURVE_WITH_KNOTS('', 1, (#1216, #1217), .UNSPECIFIED., .F., .U., (2, 2), (0., 0.926470161928688), .UNSPECIFIED.);
#1216 = CARTESIAN_POINT('', (22.5, 5.3, 1.6));
#1217 = CARTESIAN_POINT('', (27.6882329068007, 5.3, 1.6));
#1218 = ORIENTED_EDGE('', *, *, #1219, .F.);
#1219 = EDGE_CURVE('', #1220, #1213, #1222, .T.);
#1220 = VERTEX_POINT('', #1221);
#1221 = CARTESIAN_POINT('', (22.5, 2.3, 1.6));
#1222 = B_SPLINE_CURVE_WITH_KNOTS('', 1, (#1223, #1224), .UNSPECIFIED., .F., .U., (2, 2), (0., 1.), .UNSPECIFIED.);
#1223 = CARTESIAN_POINT('', (22.5, 2.3, 1.6));
#1224 = CARTESIAN_POINT('', (22.5, 5.3, 1.6));
#1225 = ORIENTED_EDGE('', *, *, #1226, .F.);
#1226 = EDGE_CURVE('', #1227, #1220, #1229, .T.);
#1227 = VERTEX_POINT('', #1228);
#1228 = CARTESIAN_POINT('', (26.764584126682, 2.3, 1.6));
#1229 = B_SPLINE_CURVE_WITH_KNOTS('', 1, (#1230, #1231), .UNSPECIFIED., .F., .U., (2, 2), (0.238467120235354, 1.), .UNSPECIFIED.);
#1230 = CARTESIAN_POINT('', (26.764584126682, 2.3, 1.6));
#1231 = CARTESIAN_POINT('', (22.5, 2.3, 1.6));
#1232 = ORIENTED_EDGE('', *, *, #1233, .T.);
#1233 = EDGE_CURVE('', #1227, #1234, #1236, .T.);
#1234 = VERTEX_POINT('', #1235);
#1235 = CARTESIAN_POINT('', (26.8311987709835, 2.1, 1.6));
#1236 = (
   BOUNDED_CURVE ()
   B_SPLINE_CURVE (2, (#1237, #1238, #1239), .UNSPECIFIED., .F., .U.)
   B_SPLINE_CURVE_WITH_KNOTS ((3, 3), (0.97785045015227, 1.), .UNSPECIFIED.)
   CURVE ()
   GEOMETRIC_REPRESENTATION_ITEM ()
   RATIONAL_B_SPLINE_CURVE ((0.979482144092407, 0.989010858429184, 1.))
   REPRESENTATION_ITEM ('')
);
#1237 = CARTESIAN_POINT('', (26.764584126682, 2.3, 1.6));
#1238 = CARTESIAN_POINT('', (26.7941906352605, 2.19876735810128, 1.6));
#1239 = CARTESIAN_POINT('', (26.8311987709835, 2.1, 1.6));
#1240 = ORIENTED_EDGE('', *, *, #1241, .F.);
#1241 = EDGE_CURVE('', #1242, #1234, #1244, .T.);
#1242 = VERTEX_POINT('', #1243);
#1243 = CARTESIAN_POINT('', (23., 2.1, 1.6));
#1244 = B_SPLINE_CURVE_WITH_KNOTS('', 1, (#1245, #1246), .UNSPECIFIED., .F., .U., (2, 2), (0.409875623991292, 0.485762305002329), .UNSPECIFIED.);
#1245 = CARTESIAN_POINT('', (23., 2.1, 1.6));
#1246 = CARTESIAN_POINT('', (26.8311987709835, 2.1, 1.6));
#1247 = ORIENTED_EDGE('', *, *, #1248, .F.);
#1248 = EDGE_CURVE('', #1249, #1242, #1251, .T.);
#1249 = VERTEX_POINT('', #1250);
#1250 = CARTESIAN_POINT('', (23., 2.25, 1.6));
#1251 = B_SPLINE_CURVE_WITH_KNOTS('', 1, (#1252, #1253), .UNSPECIFIED., .F., .U., (2, 2), (0., 1.), .UNSPECIFIED.);
#1252 = CARTESIAN_POINT('', (23., 2.25, 1.6));
#1253 = CARTESIAN_POINT('', (23., 2.09999999999998, 1.6));
#1254 = ORIENTED_EDGE('', *, *, #1255, .F.);
#1255 = EDGE_CURVE('', #1256, #1249, #1258, .T.);
#1256 = VERTEX_POINT('', #1257);
#1257 = CARTESIAN_POINT('', (20., 2.25, 1.6));
#1258 = B_SPLINE_CURVE_WITH_KNOTS('', 1, (#1259, #1260), .UNSPECIFIED., .F., .U., (2, 2), (0.85, 1.), .UNSPECIFIED.);
#1259 = CARTESIAN_POINT('', (20., 2.25, 1.6));
#1260 = CARTESIAN_POINT('', (23., 2.25, 1.6));
#1261 = ORIENTED_EDGE('', *, *, #1262, .F.);
#1262 = EDGE_CURVE('', #1263, #1256, #1265, .T.);
#1263 = VERTEX_POINT('', #1264);
#1264 = CARTESIAN_POINT('', (20., 2.5, 1.6));
#1265 = B_SPLINE_CURVE_WITH_KNOTS('', 1, (#1266, #1267), .UNSPECIFIED., .F., .U., (2, 2), (0.200000000000006, 0.700000000000013), .UNSPECIFIED.);
#1266 = CARTESIAN_POINT('', (20., 2.5, 1.6));
#1267 = CARTESIAN_POINT('', (20., 2.25, 1.6));
#1268 = ORIENTED_EDGE('', *, *, #1269, .F.);
#1269 = EDGE_CURVE('', #1270, #1263, #1272, .T.);
#1270 = VERTEX_POINT('', #1271);
#1271 = CARTESIAN_POINT('', (22., 2.5, 1.6));
#1272 = B_SPLINE_CURVE_WITH_KNOTS('', 1, (#1273, #1274), .UNSPECIFIED., .F., .U., (2, 2), (0., 0.111111111111111), .UNSPECIFIED.);
#1273 = CARTESIAN_POINT('', (22., 2.5, 1.6));
#1274 = CARTESIAN_POINT('', (20., 2.5, 1.6));
#1275 = ORIENTED_EDGE('', *, *, #1276, .F.);
#1276 = EDGE_CURVE('', #1277, #1270, #1279, .T.);
#1277 = VERTEX_POINT('', #1278);
#1278 = CARTESIAN_POINT('', (22., 5.5, 1.6));
#1279 = B_SPLINE_CURVE_WITH_KNOTS('', 1, (#1280, #1281), .UNSPECIFIED., .F., .U., (2, 2), (0., 1.), .UNSPECIFIED.);
#1280 = CARTESIAN_POINT('', (22., 5.5, 1.6));
#1281 = CARTESIAN_POINT('', (22., 2.5, 1.6));
#1282 = ORIENTED_EDGE('', *, *, #1283, .F.);
#1283 = EDGE_CURVE('', #1284, #1277, #1286, .T.);
#1284 = VERTEX_POINT('', #1285);
#1285 = CARTESIAN_POINT('', (4., 5.5, 1.6));
#1286 = B_SPLINE_CURVE_WITH_KNOTS('', 1, (#1287, #1288), .UNSPECIFIED., .F., .U., (2, 2), (0., 1.), .UNSPECIFIED.);
#1287 = CARTESIAN_POINT('', (4., 5.5, 1.6));
#1288 = CARTESIAN_POINT('', (22., 5.5, 1.6));
#1289 = ORIENTED_EDGE('', *, *, #1290, .F.);
#1290 = EDGE_CURVE('', #1291, #1284, #1293, .T.);
#1291 = VERTEX_POINT('', #1292);
#1292 = CARTESIAN_POINT('', (4., 2.25, 1.6));
#1293 = B_SPLINE_CURVE_WITH_KNOTS('', 1, (#1294, #1295), .UNSPECIFIED., .F., .U., (2, 2), (-0.0833333333333333, 1.), .UNSPECIFIED.);
#1294 = CARTESIAN_POINT('', (4., 2.25, 1.6));
#1295 = CARTESIAN_POINT('', (4., 5.5, 1.6));
#1296 = ORIENTED_EDGE('', *, *, #1297, .F.);
#1297 = EDGE_CURVE('', #1298, #1291, #1300, .T.);
#1298 = VERTEX_POINT('', #1299);
#1299 = CARTESIAN_POINT('', (3., 2.25, 1.6));
#1300 = B_SPLINE_CURVE_WITH_KNOTS('', 1, (#1301, #1302), .UNSPECIFIED., .F., .U., (2, 2), (0., 0.05), .UNSPECIFIED.);
#1301 = CARTESIAN_POINT('', (3., 2.25, 1.6));
#1302 = CARTESIAN_POINT('', (4., 2.25, 1.6));
#1303 = ORIENTED_EDGE('', *, *, #1304, .F.);
#1304 = EDGE_CURVE('', #1305, #1298, #1307, .T.);
#1305 = VERTEX_POINT('', #1306);
#1306 = CARTESIAN_POINT('', (3., 2.1, 1.6));
#1307 = B_SPLINE_CURVE_WITH_KNOTS('', 1, (#1308, #1309), .UNSPECIFIED., .F., .U., (2, 2), (0., 1.), .UNSPECIFIED.);
#1308 = CARTESIAN_POINT('', (3., 2.09999999999998, 1.6));
#1309 = CARTESIAN_POINT('', (3., 2.25, 1.6));
#1310 = ORIENTED_EDGE('', *, *, #1311, .F.);
#1311 = EDGE_CURVE('', #1312, #1305, #1314, .T.);
#1312 = VERTEX_POINT('', #1313);
#1313 = CARTESIAN_POINT('', (2.30710678118655, 2.1, 1.6));
#1314 = B_SPLINE_CURVE_WITH_KNOTS('', 1, (#1315, #1316), .UNSPECIFIED., .F., .U., (2, 2), (0., 0.0137245206563137), .UNSPECIFIED.);
#1315 = CARTESIAN_POINT('', (2.30710678118655, 2.1, 1.6));
#1316 = CARTESIAN_POINT('', (3., 2.1, 1.6));
#1317 = ORIENTED_EDGE('', *, *, #1318, .F.);
#1318 = EDGE_CURVE('', #1319, #1312, #1321, .T.);
#1319 = VERTEX_POINT('', #1320);
#1320 = CARTESIAN_POINT('', (2.1, 2.30710678118654, 1.6));
#1321 = B_SPLINE_CURVE_WITH_KNOTS('', 1, (#1322, #1323), .UNSPECIFIED., .F., .U., (2, 2), (0., 1.), .UNSPECIFIED.);
#1322 = CARTESIAN_POINT('', (2.1, 2.30710678118655, 1.6));
#1323 = CARTESIAN_POINT('', (2.30710678118655, 2.1, 1.6));
#1324 = ORIENTED_EDGE('', *, *, #1325, .F.);
#1325 = EDGE_CURVE('', #1326, #1319, #1328, .T.);
#1326 = VERTEX_POINT('', #1327);
#1327 = CARTESIAN_POINT('', (2.1, 61.6928932188134, 1.6));
#1328 = B_SPLINE_CURVE_WITH_KNOTS('', 1, (#1329, #1330), .UNSPECIFIED., .F., .U., (2, 2), (0., 1.56336861776283), .UNSPECIFIED.);
#1329 = CARTESIAN_POINT('', (2.1, 61.6928932188134, 1.6));
#1330 = CARTESIAN_POINT('', (2.1, 2.30710678118655, 1.6));
#1331 = ORIENTED_EDGE('', *, *, #1332, .F.);
#1332 = EDGE_CURVE('', #1333, #1326, #1335, .T.);
#1333 = VERTEX_POINT('', #1334);
#1334 = CARTESIAN_POINT('', (2.30710678118655, 61.9, 1.6));
#1335 = B_SPLINE_CURVE_WITH_KNOTS('', 1, (#1336, #1337), .UNSPECIFIED., .F., .U., (2, 2), (0., 1.), .UNSPECIFIED.);
#1336 = CARTESIAN_POINT('', (2.30710678118655, 61.9, 1.6));
#1337 = CARTESIAN_POINT('', (2.1, 61.6928932188134, 1.6));
#1338 = ORIENTED_EDGE('', *, *, #1339, .F.);
#1339 = EDGE_CURVE('', #1340, #1333, #1342, .T.);
#1340 = VERTEX_POINT('', #1341);
#1341 = CARTESIAN_POINT('', (2.5, 61.9, 1.6));
#1342 = B_SPLINE_CURVE_WITH_KNOTS('', 1, (#1343, #1344), .UNSPECIFIED., .F., .U., (2, 2), (0.996303721147443, 1.), .UNSPECIFIED.);
#1343 = CARTESIAN_POINT('', (2.5, 61.9, 1.6));
#1344 = CARTESIAN_POINT('', (2.30710678118655, 61.9, 1.6));
#1345 = ORIENTED_EDGE('', *, *, #1346, .F.);
#1346 = EDGE_CURVE('', #1347, #1340, #1349, .T.);
#1347 = VERTEX_POINT('', #1348);
#1348 = CARTESIAN_POINT('', (2.5, 60.5, 1.6));
#1349 = B_SPLINE_CURVE_WITH_KNOTS('', 1, (#1350, #1351), .UNSPECIFIED., .F., .U., (2, 2), (0., 1.), .UNSPECIFIED.);
#1350 = CARTESIAN_POINT('', (2.5, 60.5, 1.6));
#1351 = CARTESIAN_POINT('', (2.5, 61.9, 1.6));
#1352 = ORIENTED_EDGE('', *, *, #1353, .F.);
#1353 = EDGE_CURVE('', #1354, #1347, #1356, .T.);
#1354 = VERTEX_POINT('', #1355);
#1355 = CARTESIAN_POINT('', (51.5, 60.5, 1.6));
#1356 = B_SPLINE_CURVE_WITH_KNOTS('', 1, (#1357, #1358), .UNSPECIFIED., .F., .U., (2, 2), (0., 1.), .UNSPECIFIED.);
#1357 = CARTESIAN_POINT('', (51.5, 60.5, 1.6));
#1358 = CARTESIAN_POINT('', (2.5, 60.5, 1.6));
#1359 = ORIENTED_EDGE('', *, *, #1360, .F.);
#1360 = EDGE_CURVE('', #1361, #1354, #1363, .T.);
#1361 = VERTEX_POINT('', #1362);
#1362 = CARTESIAN_POINT('', (51.5, 61.9, 1.6));
#1363 = B_SPLINE_CURVE_WITH_KNOTS('', 1, (#1364, #1365), .UNSPECIFIED., .F., .U., (2, 2), (0., 1.), .UNSPECIFIED.);
#1364 = CARTESIAN_POINT('', (51.5, 61.9, 1.6));
#1365 = CARTESIAN_POINT('', (51.5, 60.5, 1.6));
#1366 = ORIENTED_EDGE('', *, *, #1367, .F.);
#1367 = EDGE_CURVE('', #1368, #1361, #1370, .T.);
#1368 = VERTEX_POINT('', #1369);
#1369 = CARTESIAN_POINT('', (54.4928932188134, 61.9, 1.6));
#1370 = B_SPLINE_CURVE_WITH_KNOTS('', 1, (#1371, #1372), .UNSPECIFIED., .F., .U., (2, 2), (0., 0.0573507351928209), .UNSPECIFIED.);
#1371 = CARTESIAN_POINT('', (54.4928932188134, 61.9, 1.6));
#1372 = CARTESIAN_POINT('', (51.5, 61.9, 1.6));
#1373 = ORIENTED_EDGE('', *, *, #1374, .F.);
#1374 = EDGE_CURVE('', #1375, #1368, #1377, .T.);
#1375 = VERTEX_POINT('', #1376);
#1376 = CARTESIAN_POINT('', (54.7, 61.6928932188134, 1.6));
#1377 = B_SPLINE_CURVE_WITH_KNOTS('', 1, (#1378, #1379), .UNSPECIFIED., .F., .U., (2, 2), (0., 1.), .UNSPECIFIED.);
#1378 = CARTESIAN_POINT('', (54.7, 61.6928932188134, 1.6));
#1379 = CARTESIAN_POINT('', (54.4928932188134, 61.9, 1.6));
#1380 = ORIENTED_EDGE('', *, *, #1381, .F.);
#1381 = EDGE_CURVE('', #1382, #1375, #1384, .T.);
#1382 = VERTEX_POINT('', #1383);
#1383 = CARTESIAN_POINT('', (54.7, 45.4341665441537, 1.6));
#1384 = B_SPLINE_CURVE_WITH_KNOTS('', 1, (#1385, #1386), .UNSPECIFIED., .F., .U., (2, 2), (0.571978674145479, 1.), .UNSPECIFIED.);
#1385 = CARTESIAN_POINT('', (54.7, 45.4341665441537, 1.6));
#1386 = CARTESIAN_POINT('', (54.7, 61.6928932188134, 1.6));
#1387 = ORIENTED_EDGE('', *, *, #1388, .T.);
#1388 = EDGE_CURVE('', #1382, #1389, #1391, .T.);
#1389 = VERTEX_POINT('', #1390);
#1390 = CARTESIAN_POINT('', (54.7, 39.7658334558463, 1.6));
#1391 = (
   BOUNDED_CURVE ()
   B_SPLINE_CURVE (2, (#1392, #1393, #1394, #1395, #1396), .UNSPECIFIED., .F., .U.)
   B_SPLINE_CURVE_WITH_KNOTS ((3, 2, 3), (0.268260701426483, 0.5, 0.731739298573517), .UNSPECIFIED.)
   CURVE ()
   GEOMETRIC_REPRESENTATION_ITEM ()
   RATIONAL_B_SPLINE_CURVE ((0.960337833001006, 0.728500523660923, 1., 0.728500523660923, 0.960337833001005))
   REPRESENTATION_ITEM ('')
);
#1392 = CARTESIAN_POINT('', (54.7, 45.4341665441537, 1.6));
#1393 = CARTESIAN_POINT('', (52.15, 45.164245920901, 1.6));
#1394 = CARTESIAN_POINT('', (52.15, 42.6, 1.6));
#1395 = CARTESIAN_POINT('', (52.15, 40.0357540790991, 1.6));
#1396 = CARTESIAN_POINT('', (54.7, 39.7658334558463, 1.6));
#1397 = ORIENTED_EDGE('', *, *, #1398, .F.);
#1398 = EDGE_CURVE('', #1399, #1389, #1401, .T.);
#1399 = VERTEX_POINT('', #1400);
#1400 = CARTESIAN_POINT('', (54.7, 37.9, 1.6));
#1401 = B_SPLINE_CURVE_WITH_KNOTS('', 1, (#1402, #1403), .UNSPECIFIED., .F., .U., (2, 2), (0.373636945548524, 0.42275619858571), .UNSPECIFIED.);
#1402 = CARTESIAN_POINT('', (54.7, 37.9, 1.6));
#1403 = CARTESIAN_POINT('', (54.7, 39.7658334558463, 1.6));
#1404 = ORIENTED_EDGE('', *, *, #1405, .F.);
#1405 = EDGE_CURVE('', #1406, #1399, #1408, .T.);
#1406 = VERTEX_POINT('', #1407);
#1407 = CARTESIAN_POINT('', (54.3, 37.9, 1.6));
#1408 = B_SPLINE_CURVE_WITH_KNOTS('', 1, (#1409, #1410), .UNSPECIFIED., .F., .U., (2, 2), (0.00909090909090922, 0.0212121212121215), .UNSPECIFIED.);
#1409 = CARTESIAN_POINT('', (54.3, 37.9, 1.6));
#1410 = CARTESIAN_POINT('', (54.7, 37.9, 1.6));
#1411 = ORIENTED_EDGE('', *, *, #1412, .F.);
#1412 = EDGE_CURVE('', #1413, #1406, #1415, .T.);
#1413 = VERTEX_POINT('', #1414);
#1414 = CARTESIAN_POINT('', (54.3, 38., 1.6));
#1415 = B_SPLINE_CURVE_WITH_KNOTS('', 1, (#1416, #1417), .UNSPECIFIED., .F., .U., (2, 2), (0., 0.00909090909090987), .UNSPECIFIED.);
#1416 = CARTESIAN_POINT('', (54.3, 38., 1.6));
#1417 = CARTESIAN_POINT('', (54.3, 37.9, 1.6));
#1418 = ORIENTED_EDGE('', *, *, #1419, .F.);
#1419 = EDGE_CURVE('', #1420, #1413, #1422, .T.);
#1420 = VERTEX_POINT('', #1421);
#1421 = CARTESIAN_POINT('', (52.7, 38., 1.6));
#1422 = B_SPLINE_CURVE_WITH_KNOTS('', 1, (#1423, #1424), .UNSPECIFIED., .F., .U., (2, 2), (0., 1.), .UNSPECIFIED.);
#1423 = CARTESIAN_POINT('', (52.7, 38., 1.6));
#1424 = CARTESIAN_POINT('', (54.3, 38., 1.6));
#1425 = ORIENTED_EDGE('', *, *, #1426, .F.);
#1426 = EDGE_CURVE('', #1427, #1420, #1429, .T.);
#1427 = VERTEX_POINT('', #1428);
#1428 = CARTESIAN_POINT('', (52.7, 27.5, 1.6));
#1429 = B_SPLINE_CURVE_WITH_KNOTS('', 1, (#1430, #1431), .UNSPECIFIED., .F., .U., (2, 2), (0.0454545454545455, 1.), .UNSPECIFIED.);
#1430 = CARTESIAN_POINT('', (52.7, 27.5, 1.6));
#1431 = CARTESIAN_POINT('', (52.7, 38., 1.6));
#1432 = ORIENTED_EDGE('', *, *, #1433, .F.);
#1433 = EDGE_CURVE('', #1434, #1427, #1436, .T.);
#1434 = VERTEX_POINT('', #1435);
#1435 = CARTESIAN_POINT('', (52.3, 27.5, 1.6));
#1436 = B_SPLINE_CURVE_WITH_KNOTS('', 1, (#1437, #1438), .UNSPECIFIED., .F., .U., (2, 2), (0., 0.258064516129035), .UNSPECIFIED.);
#1437 = CARTESIAN_POINT('', (52.3, 27.5, 1.6));
#1438 = CARTESIAN_POINT('', (52.7, 27.5, 1.6));
#1439 = ORIENTED_EDGE('', *, *, #1440, .F.);
#1440 = EDGE_CURVE('', #1441, #1434, #1443, .T.);
#1441 = VERTEX_POINT('', #1442);
#1442 = CARTESIAN_POINT('', (52.3, 25.8, 1.6));
#1443 = B_SPLINE_CURVE_WITH_KNOTS('', 1, (#1444, #1445), .UNSPECIFIED., .F., .U., (2, 2), (0.433333333333332, 1.), .UNSPECIFIED.);
#1444 = CARTESIAN_POINT('', (52.3, 25.8, 1.6));
#1445 = CARTESIAN_POINT('', (52.3, 27.5, 1.6));
#1446 = ORIENTED_EDGE('', *, *, #1447, .F.);
#1447 = EDGE_CURVE('', #1448, #1441, #1450, .T.);
#1448 = VERTEX_POINT('', #1449);
#1449 = CARTESIAN_POINT('', (50.6, 25.8, 1.6));
#1450 = B_SPLINE_CURVE_WITH_KNOTS('', 1, (#1451, #1452), .UNSPECIFIED., .F., .U., (2, 2), (0., 0.523076923076921), .UNSPECIFIED.);
#1451 = CARTESIAN_POINT('', (50.6, 25.8, 1.6));
#1452 = CARTESIAN_POINT('', (52.3, 25.8, 1.6));
#1453 = ORIENTED_EDGE('', *, *, #1454, .F.);
#1454 = EDGE_CURVE('', #1455, #1448, #1457, .T.);
#1455 = VERTEX_POINT('', #1456);
#1456 = CARTESIAN_POINT('', (50.6, 25.5, 1.6));
#1457 = B_SPLINE_CURVE_WITH_KNOTS('', 1, (#1458, #1459), .UNSPECIFIED., .F., .U., (2, 2), (0.769230769230769, 1.), .UNSPECIFIED.);
#1458 = CARTESIAN_POINT('', (50.6, 25.5, 1.6));
#1459 = CARTESIAN_POINT('', (50.6, 25.8, 1.6));
#1460 = ORIENTED_EDGE('', *, *, #1461, .F.);
#1461 = EDGE_CURVE('', #1462, #1455, #1464, .T.);
#1462 = VERTEX_POINT('', #1463);
#1463 = CARTESIAN_POINT('', (43., 25.5, 1.6));
#1464 = B_SPLINE_CURVE_WITH_KNOTS('', 1, (#1465, #1466), .UNSPECIFIED., .F., .U., (2, 2), (0.81, 0.962), .UNSPECIFIED.);
#1465 = CARTESIAN_POINT('', (43., 25.5, 1.6));
#1466 = CARTESIAN_POINT('', (50.6, 25.5, 1.6));
#1467 = ORIENTED_EDGE('', *, *, #1468, .F.);
#1468 = EDGE_CURVE('', #1469, #1462, #1471, .T.);
#1469 = VERTEX_POINT('', #1470);
#1470 = CARTESIAN_POINT('', (43., 27.8, 1.6));
#1471 = B_SPLINE_CURVE_WITH_KNOTS('', 1, (#1472, #1473), .UNSPECIFIED., .F., .U., (2, 2), (0., 0.575), .UNSPECIFIED.);
#1472 = CARTESIAN_POINT('', (43., 27.8, 1.6));
#1473 = CARTESIAN_POINT('', (43., 25.5, 1.6));
#1474 = ORIENTED_EDGE('', *, *, #1475, .F.);
#1475 = EDGE_CURVE('', #1476, #1469, #1478, .T.);
#1476 = VERTEX_POINT('', #1477);
#1477 = CARTESIAN_POINT('', (40., 27.8, 1.6));
#1478 = B_SPLINE_CURVE_WITH_KNOTS('', 1, (#1479, #1480), .UNSPECIFIED., .F., .U., (2, 2), (0., 1.), .UNSPECIFIED.);
#1479 = CARTESIAN_POINT('', (40., 27.8, 1.6));
#1480 = CARTESIAN_POINT('', (43., 27.8, 1.6));
#1481 = ORIENTED_EDGE('', *, *, #1482, .F.);
#1482 = EDGE_CURVE('', #1483, #1476, #1485, .T.);
#1483 = VERTEX_POINT('', #1484);
#1484 = CARTESIAN_POINT('', (40., 25.5, 1.6));
#1485 = B_SPLINE_CURVE_WITH_KNOTS('', 1, (#1486, #1487), .UNSPECIFIED., .F., .U., (2, 2), (0.425000000000001, 1.), .UNSPECIFIED.);
#1486 = CARTESIAN_POINT('', (40., 25.5, 1.6));
#1487 = CARTESIAN_POINT('', (40., 27.8, 1.6));
#1488 = ORIENTED_EDGE('', *, *, #1489, .F.);
#1489 = EDGE_CURVE('', #1490, #1483, #1492, .T.);
#1490 = VERTEX_POINT('', #1491);
#1491 = CARTESIAN_POINT('', (13.5, 25.5, 1.6));
#1492 = B_SPLINE_CURVE_WITH_KNOTS('', 1, (#1493, #1494), .UNSPECIFIED., .F., .U., (2, 2), (0.22, 0.75), .UNSPECIFIED.);
#1493 = CARTESIAN_POINT('', (13.5, 25.5, 1.6));
#1494 = CARTESIAN_POINT('', (40., 25.5, 1.6));
#1495 = ORIENTED_EDGE('', *, *, #1496, .F.);
#1496 = EDGE_CURVE('', #1497, #1490, #1499, .T.);
#1497 = VERTEX_POINT('', #1498);
#1498 = CARTESIAN_POINT('', (13.5, 27.8, 1.6));
#1499 = B_SPLINE_CURVE_WITH_KNOTS('', 1, (#1500, #1501), .UNSPECIFIED., .F., .U., (2, 2), (0., 0.575000000000001), .UNSPECIFIED.);
#1500 = CARTESIAN_POINT('', (13.5, 27.8, 1.6));
#1501 = CARTESIAN_POINT('', (13.5, 25.5, 1.6));
#1502 = ORIENTED_EDGE('', *, *, #1503, .F.);
#1503 = EDGE_CURVE('', #1504, #1497, #1506, .T.);
#1504 = VERTEX_POINT('', #1505);
#1505 = CARTESIAN_POINT('', (10.5, 27.8, 1.6));
#1506 = B_SPLINE_CURVE_WITH_KNOTS('', 1, (#1507, #1508), .UNSPECIFIED., .F., .U., (2, 2), (0., 1.), .UNSPECIFIED.);
#1507 = CARTESIAN_POINT('', (10.5, 27.8, 1.6));
#1508 = CARTESIAN_POINT('', (13.5, 27.8, 1.6));
#1509 = ORIENTED_EDGE('', *, *, #1510, .F.);
#1510 = EDGE_CURVE('', #1511, #1504, #1513, .T.);
#1511 = VERTEX_POINT('', #1512);
#1512 = CARTESIAN_POINT('', (10.5, 25.5, 1.6));
#1513 = B_SPLINE_CURVE_WITH_KNOTS('', 1, (#1514, #1515), .UNSPECIFIED., .F., .U., (2, 2), (0.425, 1.), .UNSPECIFIED.);
#1514 = CARTESIAN_POINT('', (10.5, 25.5, 1.6));
#1515 = CARTESIAN_POINT('', (10.5, 27.8, 1.6));
#1516 = ORIENTED_EDGE('', *, *, #1517, .F.);
#1517 = EDGE_CURVE('', #1518, #1511, #1520, .T.);
#1518 = VERTEX_POINT('', #1519);
#1519 = CARTESIAN_POINT('', (2.5, 25.5, 1.6));
#1520 = B_SPLINE_CURVE_WITH_KNOTS('', 1, (#1521, #1522), .UNSPECIFIED., .F., .U., (2, 2), (0., 0.16), .UNSPECIFIED.);
#1521 = CARTESIAN_POINT('', (2.5, 25.5, 1.6));
#1522 = CARTESIAN_POINT('', (10.5, 25.5, 1.6));
#1523 = ORIENTED_EDGE('', *, *, #1524, .F.);
#1524 = EDGE_CURVE('', #1525, #1518, #1527, .T.);
#1525 = VERTEX_POINT('', #1526);
#1526 = CARTESIAN_POINT('', (2.5, 24.1, 1.6));
#1527 = B_SPLINE_CURVE_WITH_KNOTS('', 1, (#1528, #1529), .UNSPECIFIED., .F., .U., (2, 2), (0., 1.), .UNSPECIFIED.);
#1528 = CARTESIAN_POINT('', (2.5, 24.1, 1.6));
#1529 = CARTESIAN_POINT('', (2.5, 25.5, 1.6));
#1530 = ORIENTED_EDGE('', *, *, #1531, .F.);
#1531 = EDGE_CURVE('', #1532, #1525, #1534, .T.);
#1532 = VERTEX_POINT('', #1533);
#1533 = CARTESIAN_POINT('', (3., 24.1, 1.6));
#1534 = B_SPLINE_CURVE_WITH_KNOTS('', 1, (#1535, #1536), .UNSPECIFIED., .F., .U., (2, 2), (0.99, 1.), .UNSPECIFIED.);
#1535 = CARTESIAN_POINT('', (3., 24.1, 1.6));
#1536 = CARTESIAN_POINT('', (2.5, 24.1, 1.6));
#1537 = ORIENTED_EDGE('', *, *, #1538, .F.);
#1538 = EDGE_CURVE('', #1539, #1532, #1541, .T.);
#1539 = VERTEX_POINT('', #1540);
#1540 = CARTESIAN_POINT('', (3., 22.7, 1.6));
#1541 = B_SPLINE_CURVE_WITH_KNOTS('', 1, (#1542, #1543), .UNSPECIFIED., .F., .U., (2, 2), (-0.0833333333333316, 1.08333333333333), .UNSPECIFIED.);
#1542 = CARTESIAN_POINT('', (3., 22.7, 1.6));
#1543 = CARTESIAN_POINT('', (3., 24.1, 1.6));
#1544 = ORIENTED_EDGE('', *, *, #1545, .F.);
#1545 = EDGE_CURVE('', #1546, #1539, #1548, .T.);
#1546 = VERTEX_POINT('', #1547);
#1547 = CARTESIAN_POINT('', (22.5, 22.7, 1.6));
#1548 = B_SPLINE_CURVE_WITH_KNOTS('', 1, (#1549, #1550), .UNSPECIFIED., .F., .U., (2, 2), (0.152173913043478, 1.), .UNSPECIFIED.);
#1549 = CARTESIAN_POINT('', (22.5, 22.7, 1.6));
#1550 = CARTESIAN_POINT('', (3., 22.7, 1.6));
#1551 = ORIENTED_EDGE('', *, *, #1552, .F.);
#1552 = EDGE_CURVE('', #1553, #1546, #1555, .T.);
#1553 = VERTEX_POINT('', #1554);
#1554 = CARTESIAN_POINT('', (22.5, 20., 1.6));
#1555 = B_SPLINE_CURVE_WITH_KNOTS('', 1, (#1556, #1557), .UNSPECIFIED., .F., .U., (2, 2), (0., 0.9), .UNSPECIFIED.);
#1556 = CARTESIAN_POINT('', (22.5, 20., 1.6));
#1557 = CARTESIAN_POINT('', (22.5, 22.7, 1.6));
#1558 = ORIENTED_EDGE('', *, *, #1559, .F.);
#1559 = EDGE_CURVE('', #1560, #1553, #1562, .T.);
#1560 = VERTEX_POINT('', #1561);
#1561 = CARTESIAN_POINT('', (26.795836543402, 20., 1.6));
#1562 = B_SPLINE_CURVE_WITH_KNOTS('', 1, (#1563, #1564), .UNSPECIFIED., .F., .U., (2, 2), (0.232886331535356, 1.), .UNSPECIFIED.);
#1563 = CARTESIAN_POINT('', (26.795836543402, 20., 1.6));
#1564 = CARTESIAN_POINT('', (22.5, 20., 1.6));
#1565 = ORIENTED_EDGE('', *, *, #1566, .T.);
#1566 = EDGE_CURVE('', #1560, #1567, #1569, .T.);
#1567 = VERTEX_POINT('', #1568);
#1568 = CARTESIAN_POINT('', (32.35, 20.9, 1.6));
#1569 = (
   BOUNDED_CURVE ()
   B_SPLINE_CURVE (2, (#1570, #1571, #1572, #1573, #1574), .UNSPECIFIED., .F., .U.)
   B_SPLINE_CURVE_WITH_KNOTS ((3, 2, 3), (0.553686592179969, 0.75, 1.), .UNSPECIFIED.)
   CURVE ()
   GEOMETRIC_REPRESENTATION_ITEM ()
   RATIONAL_B_SPLINE_CURVE ((0.901218618717984, 0.770004536349412, 1., 0.707106781186548, 1.))
   REPRESENTATION_ITEM ('')
);
#1570 = CARTESIAN_POINT('', (26.795836543402, 20., 1.6));
#1571 = CARTESIAN_POINT('', (27.4448357729855, 18.05, 1.6));
#1572 = CARTESIAN_POINT('', (29.5, 18.05, 1.6));
#1573 = CARTESIAN_POINT('', (32.35, 18.05, 1.6));
#1574 = CARTESIAN_POINT('', (32.35, 20.9, 1.6));
#1575 = ORIENTED_EDGE('', *, *, #1576, .T.);
#1576 = EDGE_CURVE('', #1567, #1577, #1579, .T.);
#1577 = VERTEX_POINT('', #1578);
#1578 = CARTESIAN_POINT('', (27.5732151132002, 23., 1.6));
#1579 = (
   BOUNDED_CURVE ()
   B_SPLINE_CURVE (2, (#1580, #1581, #1582, #1583, #1584), .UNSPECIFIED., .F., .U.)
   B_SPLINE_CURVE_WITH_KNOTS ((3, 2, 3), (0., 0.25, 0.368512426451844), .UNSPECIFIED.)
   CURVE ()
   GEOMETRIC_REPRESENTATION_ITEM ()
   RATIONAL_B_SPLINE_CURVE ((1., 0.707106781186548, 1., 0.861154055788508, 0.853947869589026))
   REPRESENTATION_ITEM ('')
);
#1580 = CARTESIAN_POINT('', (32.35, 20.9, 1.6));
#1581 = CARTESIAN_POINT('', (32.35, 23.75, 1.6));
#1582 = CARTESIAN_POINT('', (29.5, 23.75, 1.6));
#1583 = CARTESIAN_POINT('', (28.3906390045698, 23.75, 1.6));
#1584 = CARTESIAN_POINT('', (27.5732151132002, 23., 1.6));
#1585 = ORIENTED_EDGE('', *, *, #1586, .F.);
#1586 = EDGE_CURVE('', #1587, #1577, #1589, .T.);
#1587 = VERTEX_POINT('', #1588);
#1588 = CARTESIAN_POINT('', (26., 23., 1.6));
#1589 = B_SPLINE_CURVE_WITH_KNOTS('', 1, (#1590, #1591), .UNSPECIFIED., .F., .U., (2, 2), (0.625, 0.905931270214327), .UNSPECIFIED.);
#1590 = CARTESIAN_POINT('', (26., 23., 1.6));
#1591 = CARTESIAN_POINT('', (27.5732151132002, 23., 1.6));
#1592 = ORIENTED_EDGE('', *, *, #1593, .F.);
#1593 = EDGE_CURVE('', #1594, #1587, #1596, .T.);
#1594 = VERTEX_POINT('', #1595);
#1595 = CARTESIAN_POINT('', (26., 24.1, 1.6));
#1596 = B_SPLINE_CURVE_WITH_KNOTS('', 1, (#1597, #1598), .UNSPECIFIED., .F., .U., (2, 2), (0.124999999999998, 0.812500000000001), .UNSPECIFIED.);
#1597 = CARTESIAN_POINT('', (26., 24.1, 1.6));
#1598 = CARTESIAN_POINT('', (26., 23., 1.6));
#1599 = ORIENTED_EDGE('', *, *, #1600, .F.);
#1600 = EDGE_CURVE('', #1601, #1594, #1603, .T.);
#1601 = VERTEX_POINT('', #1602);
#1602 = CARTESIAN_POINT('', (34., 24.1, 1.6));
#1603 = B_SPLINE_CURVE_WITH_KNOTS('', 1, (#1604, #1605), .UNSPECIFIED., .F., .U., (2, 2), (0.37, 0.53), .UNSPECIFIED.);
#1604 = CARTESIAN_POINT('', (34., 24.1, 1.6));
#1605 = CARTESIAN_POINT('', (26., 24.1, 1.6));
#1606 = ORIENTED_EDGE('', *, *, #1607, .F.);
#1607 = EDGE_CURVE('', #1608, #1601, #1610, .T.);
#1608 = VERTEX_POINT('', #1609);
#1609 = CARTESIAN_POINT('', (34., 22.7, 1.6));
#1610 = B_SPLINE_CURVE_WITH_KNOTS('', 1, (#1611, #1612), .UNSPECIFIED., .F., .U., (2, 2), (0., 0.875), .UNSPECIFIED.);
#1611 = CARTESIAN_POINT('', (34., 22.7, 1.6));
#1612 = CARTESIAN_POINT('', (34., 24.1, 1.6));
#1613 = ORIENTED_EDGE('', *, *, #1614, .F.);
#1614 = EDGE_CURVE('', #1615, #1608, #1617, .T.);
#1615 = VERTEX_POINT('', #1616);
#1616 = CARTESIAN_POINT('', (48.5, 22.7, 1.6));
#1617 = B_SPLINE_CURVE_WITH_KNOTS('', 1, (#1618, #1619), .UNSPECIFIED., .F., .U., (2, 2), (0., 1.), .UNSPECIFIED.);
#1618 = CARTESIAN_POINT('', (48.5, 22.7, 1.6));
#1619 = CARTESIAN_POINT('', (34., 22.7, 1.6));
#1620 = ORIENTED_EDGE('', *, *, #1621, .F.);
#1621 = EDGE_CURVE('', #1622, #1615, #1624, .T.);
#1622 = VERTEX_POINT('', #1623);
#1623 = CARTESIAN_POINT('', (48.5, 24.1, 1.6));
#1624 = B_SPLINE_CURVE_WITH_KNOTS('', 1, (#1625, #1626), .UNSPECIFIED., .F., .U., (2, 2), (0.124999999999998, 1.), .UNSPECIFIED.);
#1625 = CARTESIAN_POINT('', (48.5, 24.1, 1.6));
#1626 = CARTESIAN_POINT('', (48.5, 22.7, 1.6));
#1627 = ORIENTED_EDGE('', *, *, #1628, .F.);
#1628 = EDGE_CURVE('', #1629, #1622, #1631, .T.);
#1629 = VERTEX_POINT('', #1630);
#1630 = CARTESIAN_POINT('', (52.5, 24.1, 1.6));
#1631 = B_SPLINE_CURVE_WITH_KNOTS('', 1, (#1632, #1633), .UNSPECIFIED., .F., .U., (2, 2), (0., 0.08), .UNSPECIFIED.);
#1632 = CARTESIAN_POINT('', (52.5, 24.1, 1.6));
#1633 = CARTESIAN_POINT('', (48.5, 24.1, 1.6));
#1634 = ORIENTED_EDGE('', *, *, #1635, .F.);
#1635 = EDGE_CURVE('', #1636, #1629, #1638, .T.);
#1636 = VERTEX_POINT('', #1637);
#1637 = CARTESIAN_POINT('', (52.5, 24.5, 1.6));
#1638 = B_SPLINE_CURVE_WITH_KNOTS('', 1, (#1639, #1640), .UNSPECIFIED., .F., .U., (2, 2), (0.714285714285716, 1.), .UNSPECIFIED.);
#1639 = CARTESIAN_POINT('', (52.5, 24.5, 1.6));
#1640 = CARTESIAN_POINT('', (52.5, 24.1, 1.6));
#1641 = ORIENTED_EDGE('', *, *, #1642, .F.);
#1642 = EDGE_CURVE('', #1643, #1636, #1645, .T.);
#1643 = VERTEX_POINT('', #1644);
#1644 = CARTESIAN_POINT('', (53.85, 24.5, 1.6));
#1645 = B_SPLINE_CURVE_WITH_KNOTS('', 1, (#1646, #1647), .UNSPECIFIED., .F., .U., (2, 2), (0., 1.125), .UNSPECIFIED.);
#1646 = CARTESIAN_POINT('', (53.85, 24.5, 1.6));
#1647 = CARTESIAN_POINT('', (52.5, 24.5, 1.6));
#1648 = ORIENTED_EDGE('', *, *, #1649, .F.);
#1649 = EDGE_CURVE('', #1650, #1643, #1652, .T.);
#1650 = VERTEX_POINT('', #1651);
#1651 = CARTESIAN_POINT('', (53.85, 27., 1.6));
#1652 = B_SPLINE_CURVE_WITH_KNOTS('', 1, (#1653, #1654), .UNSPECIFIED., .F., .U., (2, 2), (-0.562499999999996, 1.), .UNSPECIFIED.);
#1653 = CARTESIAN_POINT('', (53.85, 27., 1.6));
#1654 = CARTESIAN_POINT('', (53.85, 24.5, 1.6));
#1655 = ORIENTED_EDGE('', *, *, #1656, .F.);
#1656 = EDGE_CURVE('', #1657, #1650, #1659, .T.);
#1657 = VERTEX_POINT('', #1658);
#1658 = CARTESIAN_POINT('', (54.3, 27., 1.6));
#1659 = B_SPLINE_CURVE_WITH_KNOTS('', 1, (#1660, #1661), .UNSPECIFIED., .F., .U., (2, 2), (0., 0.281250000000006), .UNSPECIFIED.);
#1660 = CARTESIAN_POINT('', (54.3, 27., 1.6));
#1661 = CARTESIAN_POINT('', (53.85, 27., 1.6));
#1662 = ORIENTED_EDGE('', *, *, #1663, .F.);
#1663 = EDGE_CURVE('', #1664, #1657, #1666, .T.);
#1664 = VERTEX_POINT('', #1665);
#1665 = CARTESIAN_POINT('', (54.3, 36.2, 1.6));
#1666 = B_SPLINE_CURVE_WITH_KNOTS('', 1, (#1667, #1668), .UNSPECIFIED., .F., .U., (2, 2), (0.163636363636363, 1.), .UNSPECIFIED.);
#1667 = CARTESIAN_POINT('', (54.3, 36.2, 1.6));
#1668 = CARTESIAN_POINT('', (54.3, 27., 1.6));
#1669 = ORIENTED_EDGE('', *, *, #1670, .F.);
#1670 = EDGE_CURVE('', #1671, #1664, #1673, .T.);
#1671 = VERTEX_POINT('', #1672);
#1672 = CARTESIAN_POINT('', (61.6, 36.2, 1.6));
#1673 = B_SPLINE_CURVE_WITH_KNOTS('', 1, (#1674, #1675), .UNSPECIFIED., .F., .U., (2, 2), (0.76969696969697, 0.990909090909091), .UNSPECIFIED.);
#1674 = CARTESIAN_POINT('', (61.6, 36.2, 1.6));
#1675 = CARTESIAN_POINT('', (54.3, 36.2, 1.6));
#1676 = ORIENTED_EDGE('', *, *, #1677, .F.);
#1677 = EDGE_CURVE('', #1678, #1671, #1680, .T.);
#1678 = VERTEX_POINT('', #1679);
#1679 = CARTESIAN_POINT('', (61.6, 24.9, 1.6));
#1680 = B_SPLINE_CURVE_WITH_KNOTS('', 1, (#1681, #1682), .UNSPECIFIED., .F., .U., (2, 2), (0.040650406504065, 0.959349593495935), .UNSPECIFIED.);
#1681 = CARTESIAN_POINT('', (61.6, 24.9, 1.6));
#1682 = CARTESIAN_POINT('', (61.6, 36.2, 1.6));
#1683 = ORIENTED_EDGE('', *, *, #1684, .F.);
#1684 = EDGE_CURVE('', #1685, #1678, #1687, .T.);
#1685 = VERTEX_POINT('', #1686);
#1686 = CARTESIAN_POINT('', (55., 24.9, 1.6));
#1687 = B_SPLINE_CURVE_WITH_KNOTS('', 1, (#1688, #1689), .UNSPECIFIED., .F., .U., (2, 2), (0., 0.22), .UNSPECIFIED.);
#1688 = CARTESIAN_POINT('', (55., 24.9, 1.6));
#1689 = CARTESIAN_POINT('', (61.6, 24.9, 1.6));
#1690 = ORIENTED_EDGE('', *, *, #1691, .F.);
#1691 = EDGE_CURVE('', #1692, #1685, #1694, .T.);
#1692 = VERTEX_POINT('', #1693);
#1693 = CARTESIAN_POINT('', (55., 21.9, 1.6));
#1694 = B_SPLINE_CURVE_WITH_KNOTS('', 1, (#1695, #1696), .UNSPECIFIED., .F., .U., (2, 2), (0., 1.), .UNSPECIFIED.);
#1695 = CARTESIAN_POINT('', (55., 21.9, 1.6));
#1696 = CARTESIAN_POINT('', (55., 24.9, 1.6));
#1697 = ORIENTED_EDGE('', *, *, #1698, .F.);
#1698 = EDGE_CURVE('', #1699, #1692, #1701, .T.);
#1699 = VERTEX_POINT('', #1700);
#1700 = CARTESIAN_POINT('', (85., 21.9, 1.6));
#1701 = B_SPLINE_CURVE_WITH_KNOTS('', 1, (#1702, #1703), .UNSPECIFIED., .F., .U., (2, 2), (0., 1.), .UNSPECIFIED.);
#1702 = CARTESIAN_POINT('', (85., 21.9, 1.6));
#1703 = CARTESIAN_POINT('', (55., 21.9, 1.6));
#1704 = ORIENTED_EDGE('', *, *, #1705, .F.);
#1705 = EDGE_CURVE('', #1706, #1699, #1708, .T.);
#1706 = VERTEX_POINT('', #1707);
#1707 = CARTESIAN_POINT('', (85., 24.9, 1.6));
#1708 = B_SPLINE_CURVE_WITH_KNOTS('', 1, (#1709, #1710), .UNSPECIFIED., .F., .U., (2, 2), (0., 1.), .UNSPECIFIED.);
#1709 = CARTESIAN_POINT('', (85., 24.9, 1.6));
#1710 = CARTESIAN_POINT('', (85., 21.9, 1.6));
#1711 = ORIENTED_EDGE('', *, *, #1712, .F.);
#1712 = EDGE_CURVE('', #1713, #1706, #1715, .T.);
#1713 = VERTEX_POINT('', #1714);
#1714 = CARTESIAN_POINT('', (68.6, 24.9, 1.6));
#1715 = B_SPLINE_CURVE_WITH_KNOTS('', 1, (#1716, #1717), .UNSPECIFIED., .F., .U., (2, 2), (0.453333333333333, 1.), .UNSPECIFIED.);
#1716 = CARTESIAN_POINT('', (68.6, 24.9, 1.6));
#1717 = CARTESIAN_POINT('', (85., 24.9, 1.6));
#1718 = ORIENTED_EDGE('', *, *, #1719, .F.);
#1719 = EDGE_CURVE('', #1720, #1713, #1722, .T.);
#1720 = VERTEX_POINT('', #1721);
#1721 = CARTESIAN_POINT('', (68.6, 36.2, 1.6));
#1722 = B_SPLINE_CURVE_WITH_KNOTS('', 1, (#1723, #1724), .UNSPECIFIED., .F., .U., (2, 2), (0.040650406504065, 0.959349593495935), .UNSPECIFIED.);
#1723 = CARTESIAN_POINT('', (68.6, 36.2, 1.6));
#1724 = CARTESIAN_POINT('', (68.6, 24.9, 1.6));
#1725 = ORIENTED_EDGE('', *, *, #1726, .F.);
#1726 = EDGE_CURVE('', #914, #1720, #1727, .T.);
#1727 = B_SPLINE_CURVE_WITH_KNOTS('', 1, (#1728, #1729), .UNSPECIFIED., .F., .U., (2, 2), (0.0337095266528711, 0.557575757575758), .UNSPECIFIED.);
#1728 = CARTESIAN_POINT('', (85.8875856204553, 36.2, 1.6));
#1729 = CARTESIAN_POINT('', (68.6, 36.2, 1.6));
#1730 = FACE_BOUND('', #1731, .F.);
#1731 = EDGE_LOOP('', (#1732, #1741, #1748, #1755));
#1732 = ORIENTED_EDGE('', *, *, #1733, .F.);
#1733 = EDGE_CURVE('', #1734, #1736, #1738, .T.);
#1734 = VERTEX_POINT('', #1735);
#1735 = CARTESIAN_POINT('', (4., 19.5, 1.6));
#1736 = VERTEX_POINT('', #1737);
#1737 = CARTESIAN_POINT('', (4., 22.5, 1.6));
#1738 = B_SPLINE_CURVE_WITH_KNOTS('', 1, (#1739, #1740), .UNSPECIFIED., .F., .U., (2, 2), (0., 1.), .UNSPECIFIED.);
#1739 = CARTESIAN_POINT('', (4., 19.5, 1.6));
#1740 = CARTESIAN_POINT('', (4., 22.5, 1.6));
#1741 = ORIENTED_EDGE('', *, *, #1742, .F.);
#1742 = EDGE_CURVE('', #1743, #1734, #1745, .T.);
#1743 = VERTEX_POINT('', #1744);
#1744 = CARTESIAN_POINT('', (22., 19.5, 1.6));
#1745 = B_SPLINE_CURVE_WITH_KNOTS('', 1, (#1746, #1747), .UNSPECIFIED., .F., .U., (2, 2), (0., 1.), .UNSPECIFIED.);
#1746 = CARTESIAN_POINT('', (22., 19.5, 1.6));
#1747 = CARTESIAN_POINT('', (4., 19.5, 1.6));
#1748 = ORIENTED_EDGE('', *, *, #1749, .F.);
#1749 = EDGE_CURVE('', #1750, #1743, #1752, .T.);
#1750 = VERTEX_POINT('', #1751);
#1751 = CARTESIAN_POINT('', (22., 22.5, 1.6));
#1752 = B_SPLINE_CURVE_WITH_KNOTS('', 1, (#1753, #1754), .UNSPECIFIED., .F., .U., (2, 2), (0., 1.), .UNSPECIFIED.);
#1753 = CARTESIAN_POINT('', (22., 22.5, 1.6));
#1754 = CARTESIAN_POINT('', (22., 19.5, 1.6));
#1755 = ORIENTED_EDGE('', *, *, #1756, .F.);
#1756 = EDGE_CURVE('', #1736, #1750, #1757, .T.);
#1757 = B_SPLINE_CURVE_WITH_KNOTS('', 1, (#1758, #1759), .UNSPECIFIED., .F., .U., (2, 2), (0., 1.), .UNSPECIFIED.);
#1758 = CARTESIAN_POINT('', (4., 22.5, 1.6));
#1759 = CARTESIAN_POINT('', (22., 22.5, 1.6));
#1760 = FACE_BOUND('', #1761, .F.);
#1761 = EDGE_LOOP('', (#1762, #1771, #1778, #1785));
#1762 = ORIENTED_EDGE('', *, *, #1763, .F.);
#1763 = EDGE_CURVE('', #1764, #1766, #1768, .T.);
#1764 = VERTEX_POINT('', #1765);
#1765 = CARTESIAN_POINT('', (50.2, 2.3, 1.6));
#1766 = VERTEX_POINT('', #1767);
#1767 = CARTESIAN_POINT('', (50.2, 5.1, 1.6));
#1768 = B_SPLINE_CURVE_WITH_KNOTS('', 1, (#1769, #1770), .UNSPECIFIED., .F., .U., (2, 2), (0., 1.), .UNSPECIFIED.);
#1769 = CARTESIAN_POINT('', (50.2, 2.3, 1.6));
#1770 = CARTESIAN_POINT('', (50.2, 5.1, 1.6));
#1771 = ORIENTED_EDGE('', *, *, #1772, .F.);
#1772 = EDGE_CURVE('', #1773, #1764, #1775, .T.);
#1773 = VERTEX_POINT('', #1774);
#1774 = CARTESIAN_POINT('', (53.8, 2.3, 1.6));
#1775 = B_SPLINE_CURVE_WITH_KNOTS('', 1, (#1776, #1777), .UNSPECIFIED., .F., .U., (2, 2), (4.05231403988182E-15, 1.), .UNSPECIFIED.);
#1776 = CARTESIAN_POINT('', (53.8, 2.3, 1.6));
#1777 = CARTESIAN_POINT('', (50.2, 2.3, 1.6));
#1778 = ORIENTED_EDGE('', *, *, #1779, .F.);
#1779 = EDGE_CURVE('', #1780, #1773, #1782, .T.);
#1780 = VERTEX_POINT('', #1781);
#1781 = CARTESIAN_POINT('', (53.8, 5.1, 1.6));
#1782 = B_SPLINE_CURVE_WITH_KNOTS('', 1, (#1783, #1784), .UNSPECIFIED., .F., .U., (2, 2), (0., 1.), .UNSPECIFIED.);
#1783 = CARTESIAN_POINT('', (53.8, 5.1, 1.6));
#1784 = CARTESIAN_POINT('', (53.8, 2.3, 1.6));
#1785 = ORIENTED_EDGE('', *, *, #1786, .F.);
#1786 = EDGE_CURVE('', #1766, #1780, #1787, .T.);
#1787 = B_SPLINE_CURVE_WITH_KNOTS('', 1, (#1788, #1789), .UNSPECIFIED., .F., .U., (2, 2), (0., 0.999999999999996), .UNSPECIFIED.);
#1788 = CARTESIAN_POINT('', (50.2, 5.1, 1.6));
#1789 = CARTESIAN_POINT('', (53.8, 5.1, 1.6));
#1790 = B_SPLINE_SURFACE_WITH_KNOTS('', 1, 1, ((#1791, #1792), (#1793, #1794)), .UNSPECIFIED., .F., .F., .U., (2, 2), (2, 2), (-0.485501726427499, 0.914219965938561), (0.31282791323012, 1.2861227644335), .UNSPECIFIED.);
#1791 = CARTESIAN_POINT('', (88.1, 2.09999999999999, 1.6));
#1792 = CARTESIAN_POINT('', (88.1, 61.9, 1.6));
#1793 = CARTESIAN_POINT('', (2.09999999999997, 2.09999999999999, 1.6));
#1794 = CARTESIAN_POINT('', (2.09999999999996, 61.9, 1.6));
#1795 = ADVANCED_FACE('', (#1796), #1818, .T.);
#1796 = FACE_OUTER_BOUND('', #1797, .T.);
#1797 = EDGE_LOOP('', (#1798, #1799, #1806, #1813));
#1798 = ORIENTED_EDGE('', *, *, #1779, .F.);
#1799 = ORIENTED_EDGE('', *, *, #1800, .T.);
#1800 = EDGE_CURVE('', #1780, #1801, #1803, .T.);
#1801 = VERTEX_POINT('', #1802);
#1802 = CARTESIAN_POINT('', (53.8, 5.1, 20.8));
#1803 = B_SPLINE_CURVE_WITH_KNOTS('', 1, (#1804, #1805), .UNSPECIFIED., .F., .U., (2, 2), (0.0025974025974026, 1.), .UNSPECIFIED.);
#1804 = CARTESIAN_POINT('', (53.8, 5.1, 1.6));
#1805 = CARTESIAN_POINT('', (53.8, 5.1, 20.8));
#1806 = ORIENTED_EDGE('', *, *, #1807, .F.);
#1807 = EDGE_CURVE('', #1808, #1801, #1810, .T.);
#1808 = VERTEX_POINT('', #1809);
#1809 = CARTESIAN_POINT('', (53.8, 2.3, 20.8));
#1810 = B_SPLINE_CURVE_WITH_KNOTS('', 1, (#1811, #1812), .UNSPECIFIED., .F., .U., (2, 2), (0., 1.), .UNSPECIFIED.);
#1811 = CARTESIAN_POINT('', (53.8, 2.3, 20.8));
#1812 = CARTESIAN_POINT('', (53.8, 5.1, 20.8));
#1813 = ORIENTED_EDGE('', *, *, #1814, .F.);
#1814 = EDGE_CURVE('', #1773, #1808, #1815, .T.);
#1815 = B_SPLINE_CURVE_WITH_KNOTS('', 1, (#1816, #1817), .UNSPECIFIED., .F., .U., (2, 2), (0.0025974025974026, 1.), .UNSPECIFIED.);
#1816 = CARTESIAN_POINT('', (53.8, 2.3, 1.6));
#1817 = CARTESIAN_POINT('', (53.8, 2.3, 20.8));
#1818 = B_SPLINE_SURFACE_WITH_KNOTS('', 1, 1, ((#1819, #1820), (#1821, #1822)), .UNSPECIFIED., .F., .F., .U., (2, 2), (2, 2), (0., 1.), (0., 1.), .UNSPECIFIED.);
#1819 = CARTESIAN_POINT('', (53.8, 2.3, 1.55));
#1820 = CARTESIAN_POINT('', (53.8, 2.3, 20.8));
#1821 = CARTESIAN_POINT('', (53.8, 5.1, 1.55));
#1822 = CARTESIAN_POINT('', (53.8, 5.1, 20.8));
#1823 = ADVANCED_FACE('', (#1824), #1840, .T.);
#1824 = FACE_OUTER_BOUND('', #1825, .T.);
#1825 = EDGE_LOOP('', (#1826, #1833, #1834, #1835));
#1826 = ORIENTED_EDGE('', *, *, #1827, .F.);
#1827 = EDGE_CURVE('', #1801, #1828, #1830, .T.);
#1828 = VERTEX_POINT('', #1829);
#1829 = CARTESIAN_POINT('', (50.2, 5.1, 20.8));
#1830 = B_SPLINE_CURVE_WITH_KNOTS('', 1, (#1831, #1832), .UNSPECIFIED., .F., .U., (2, 2), (2.05391259555654E-15, 1.), .UNSPECIFIED.);
#1831 = CARTESIAN_POINT('', (53.8, 5.1, 20.8));
#1832 = CARTESIAN_POINT('', (50.2, 5.1, 20.8));
#1833 = ORIENTED_EDGE('', *, *, #1800, .F.);
#1834 = ORIENTED_EDGE('', *, *, #1786, .F.);
#1835 = ORIENTED_EDGE('', *, *, #1836, .T.);
#1836 = EDGE_CURVE('', #1766, #1828, #1837, .T.);
#1837 = B_SPLINE_CURVE_WITH_KNOTS('', 1, (#1838, #1839), .UNSPECIFIED., .F., .U., (2, 2), (0.0025974025974026, 1.), .UNSPECIFIED.);
#1838 = CARTESIAN_POINT('', (50.2, 5.1, 1.6));
#1839 = CARTESIAN_POINT('', (50.2, 5.1, 20.8));
#1840 = B_SPLINE_SURFACE_WITH_KNOTS('', 1, 1, ((#1841, #1842), (#1843, #1844)), .UNSPECIFIED., .F., .F., .U., (2, 2), (2, 2), (0., 1.), (0., 1.), .UNSPECIFIED.);
#1841 = CARTESIAN_POINT('', (53.8, 5.1, 1.55));
#1842 = CARTESIAN_POINT('', (53.8, 5.1, 20.8));
#1843 = CARTESIAN_POINT('', (50.2, 5.1, 1.55));
#1844 = CARTESIAN_POINT('', (50.2, 5.1, 20.8));
#1845 = ADVANCED_FACE('', (#1846), #1862, .T.);
#1846 = FACE_OUTER_BOUND('', #1847, .T.);
#1847 = EDGE_LOOP('', (#1848, #1855, #1856, #1857));
#1848 = ORIENTED_EDGE('', *, *, #1849, .T.);
#1849 = EDGE_CURVE('', #1850, #1808, #1852, .T.);
#1850 = VERTEX_POINT('', #1851);
#1851 = CARTESIAN_POINT('', (50.2, 2.3, 20.8));
#1852 = B_SPLINE_CURVE_WITH_KNOTS('', 1, (#1853, #1854), .UNSPECIFIED., .F., .U., (2, 2), (0., 0.999999999999998), .UNSPECIFIED.);
#1853 = CARTESIAN_POINT('', (50.2, 2.3, 20.8));
#1854 = CARTESIAN_POINT('', (53.8, 2.3, 20.8));
#1855 = ORIENTED_EDGE('', *, *, #1807, .T.);
#1856 = ORIENTED_EDGE('', *, *, #1827, .T.);
#1857 = ORIENTED_EDGE('', *, *, #1858, .T.);
#1858 = EDGE_CURVE('', #1828, #1850, #1859, .T.);
#1859 = B_SPLINE_CURVE_WITH_KNOTS('', 1, (#1860, #1861), .UNSPECIFIED., .F., .U., (2, 2), (0., 1.), .UNSPECIFIED.);
#1860 = CARTESIAN_POINT('', (50.2, 5.1, 20.8));
#1861 = CARTESIAN_POINT('', (50.2, 2.3, 20.8));
#1862 = B_SPLINE_SURFACE_WITH_KNOTS('', 1, 1, ((#1863, #1864), (#1865, #1866)), .UNSPECIFIED., .F., .F., .U., (2, 2), (2, 2), (0., 1.), (-0.0624677413185775, 1.), .UNSPECIFIED.);
#1863 = CARTESIAN_POINT('', (54.8217723426748, 1.19161406478189, 20.8));
#1864 = CARTESIAN_POINT('', (49.4916140647819, 1.19161406478189, 20.8));
#1865 = CARTESIAN_POINT('', (54.8217723426748, 6.20838593521811, 20.8));
#1866 = CARTESIAN_POINT('', (49.4916140647819, 6.20838593521811, 20.8));
#1867 = ADVANCED_FACE('', (#1868), #1878, .T.);
#1868 = FACE_OUTER_BOUND('', #1869, .T.);
#1869 = EDGE_LOOP('', (#1870, #1871, #1876, #1877));
#1870 = ORIENTED_EDGE('', *, *, #1763, .F.);
#1871 = ORIENTED_EDGE('', *, *, #1872, .T.);
#1872 = EDGE_CURVE('', #1764, #1850, #1873, .T.);
#1873 = B_SPLINE_CURVE_WITH_KNOTS('', 1, (#1874, #1875), .UNSPECIFIED., .F., .U., (2, 2), (0.0025974025974026, 1.), .UNSPECIFIED.);
#1874 = CARTESIAN_POINT('', (50.2, 2.3, 1.6));
#1875 = CARTESIAN_POINT('', (50.2, 2.3, 20.8));
#1876 = ORIENTED_EDGE('', *, *, #1858, .F.);
#1877 = ORIENTED_EDGE('', *, *, #1836, .F.);
#1878 = B_SPLINE_SURFACE_WITH_KNOTS('', 1, 1, ((#1879, #1880), (#1881, #1882)), .UNSPECIFIED., .F., .F., .U., (2, 2), (2, 2), (0., 1.), (0., 1.), .UNSPECIFIED.);
#1879 = CARTESIAN_POINT('', (50.2, 5.1, 1.55));
#1880 = CARTESIAN_POINT('', (50.2, 5.1, 20.8));
#1881 = CARTESIAN_POINT('', (50.2, 2.3, 1.55));
#1882 = CARTESIAN_POINT('', (50.2, 2.3, 20.8));
#1883 = ADVANCED_FACE('', (#1884), #1890, .T.);
#1884 = FACE_OUTER_BOUND('', #1885, .T.);
#1885 = EDGE_LOOP('', (#1886, #1887, #1888, #1889));
#1886 = ORIENTED_EDGE('', *, *, #1814, .T.);
#1887 = ORIENTED_EDGE('', *, *, #1849, .F.);
#1888 = ORIENTED_EDGE('', *, *, #1872, .F.);
#1889 = ORIENTED_EDGE('', *, *, #1772, .F.);
#1890 = B_SPLINE_SURFACE_WITH_KNOTS('', 1, 1, ((#1891, #1892), (#1893, #1894)), .UNSPECIFIED., .F., .F., .U., (2, 2), (2, 2), (-1.57142857142857, 1.00000000000001), (0., 1.), .UNSPECIFIED.);
#1891 = CARTESIAN_POINT('', (50.2, 2.3, 1.55));
#1892 = CARTESIAN_POINT('', (50.2, 2.3, 20.8));
#1893 = CARTESIAN_POINT('', (53.8, 2.3, 1.55));
#1894 = CARTESIAN_POINT('', (53.8, 2.3, 20.8));
#1895 = ADVANCED_FACE('', (#1896), #1918, .T.);
#1896 = FACE_OUTER_BOUND('', #1897, .T.);
#1897 = EDGE_LOOP('', (#1898, #1899, #1906, #1913));
#1898 = ORIENTED_EDGE('', *, *, #1749, .F.);
#1899 = ORIENTED_EDGE('', *, *, #1900, .T.);
#1900 = EDGE_CURVE('', #1750, #1901, #1903, .T.);
#1901 = VERTEX_POINT('', #1902);
#1902 = CARTESIAN_POINT('', (22., 22.5, 2.8));
#1903 = B_SPLINE_CURVE_WITH_KNOTS('', 1, (#1904, #1905), .UNSPECIFIED., .F., .U., (2, 2), (0.04, 1.), .UNSPECIFIED.);
#1904 = CARTESIAN_POINT('', (22., 22.5, 1.6));
#1905 = CARTESIAN_POINT('', (22., 22.5, 2.8));
#1906 = ORIENTED_EDGE('', *, *, #1907, .F.);
#1907 = EDGE_CURVE('', #1908, #1901, #1910, .T.);
#1908 = VERTEX_POINT('', #1909);
#1909 = CARTESIAN_POINT('', (22., 19.5, 2.8));
#1910 = B_SPLINE_CURVE_WITH_KNOTS('', 1, (#1911, #1912), .UNSPECIFIED., .F., .U., (2, 2), (0., 1.), .UNSPECIFIED.);
#1911 = CARTESIAN_POINT('', (22., 19.5, 2.8));
#1912 = CARTESIAN_POINT('', (22., 22.5, 2.8));
#1913 = ORIENTED_EDGE('', *, *, #1914, .F.);
#1914 = EDGE_CURVE('', #1743, #1908, #1915, .T.);
#1915 = B_SPLINE_CURVE_WITH_KNOTS('', 1, (#1916, #1917), .UNSPECIFIED., .F., .U., (2, 2), (0.04, 1.), .UNSPECIFIED.);
#1916 = CARTESIAN_POINT('', (22., 19.5, 1.6));
#1917 = CARTESIAN_POINT('', (22., 19.5, 2.8));
#1918 = B_SPLINE_SURFACE_WITH_KNOTS('', 1, 1, ((#1919, #1920), (#1921, #1922)), .UNSPECIFIED., .F., .F., .U., (2, 2), (2, 2), (0., 1.), (0., 1.), .UNSPECIFIED.);
#1919 = CARTESIAN_POINT('', (22., 19.5, 1.55));
#1920 = CARTESIAN_POINT('', (22., 19.5, 2.8));
#1921 = CARTESIAN_POINT('', (22., 22.5, 1.55));
#1922 = CARTESIAN_POINT('', (22., 22.5, 2.8));
#1923 = ADVANCED_FACE('', (#1924), #1946, .T.);
#1924 = FACE_OUTER_BOUND('', #1925, .T.);
#1925 = EDGE_LOOP('', (#1926, #1935, #1940, #1941));
#1926 = ORIENTED_EDGE('', *, *, #1927, .T.);
#1927 = EDGE_CURVE('', #1928, #1930, #1932, .T.);
#1928 = VERTEX_POINT('', #1929);
#1929 = CARTESIAN_POINT('', (4., 22.5, 2.8));
#1930 = VERTEX_POINT('', #1931);
#1931 = CARTESIAN_POINT('', (4., 19.5, 2.8));
#1932 = B_SPLINE_CURVE_WITH_KNOTS('', 1, (#1933, #1934), .UNSPECIFIED., .F., .U., (2, 2), (0., 1.), .UNSPECIFIED.);
#1933 = CARTESIAN_POINT('', (4., 22.5, 2.8));
#1934 = CARTESIAN_POINT('', (4., 19.5, 2.8));
#1935 = ORIENTED_EDGE('', *, *, #1936, .T.);
#1936 = EDGE_CURVE('', #1930, #1908, #1937, .T.);
#1937 = B_SPLINE_CURVE_WITH_KNOTS('', 1, (#1938, #1939), .UNSPECIFIED., .F., .U., (2, 2), (0., 1.), .UNSPECIFIED.);
#1938 = CARTESIAN_POINT('', (4., 19.5, 2.8));
#1939 = CARTESIAN_POINT('', (22., 19.5, 2.8));
#1940 = ORIENTED_EDGE('', *, *, #1907, .T.);
#1941 = ORIENTED_EDGE('', *, *, #1942, .T.);
#1942 = EDGE_CURVE('', #1901, #1928, #1943, .T.);
#1943 = B_SPLINE_CURVE_WITH_KNOTS('', 1, (#1944, #1945), .UNSPECIFIED., .F., .U., (2, 2), (0., 1.), .UNSPECIFIED.);
#1944 = CARTESIAN_POINT('', (22., 22.5, 2.8));
#1945 = CARTESIAN_POINT('', (4., 22.5, 2.8));
#1946 = B_SPLINE_SURFACE_WITH_KNOTS('', 1, 1, ((#1947, #1948), (#1949, #1950)), .UNSPECIFIED., .F., .F., .U., (2, 2), (2, 2), (0., 1.), (0., 1.), .UNSPECIFIED.);
#1947 = CARTESIAN_POINT('', (23.0365581749921, 10.9634418250079, 2.8));
#1948 = CARTESIAN_POINT('', (2.96344182500794, 10.9634418250079, 2.8));
#1949 = CARTESIAN_POINT('', (23.0365581749921, 31.0365581749921, 2.8));
#1950 = CARTESIAN_POINT('', (2.96344182500794, 31.0365581749921, 2.8));
#1951 = ADVANCED_FACE('', (#1952), #1962, .T.);
#1952 = FACE_OUTER_BOUND('', #1953, .T.);
#1953 = EDGE_LOOP('', (#1954, #1955, #1956, #1957));
#1954 = ORIENTED_EDGE('', *, *, #1742, .F.);
#1955 = ORIENTED_EDGE('', *, *, #1914, .T.);
#1956 = ORIENTED_EDGE('', *, *, #1936, .F.);
#1957 = ORIENTED_EDGE('', *, *, #1958, .F.);
#1958 = EDGE_CURVE('', #1734, #1930, #1959, .T.);
#1959 = B_SPLINE_CURVE_WITH_KNOTS('', 1, (#1960, #1961), .UNSPECIFIED., .F., .U., (2, 2), (0.04, 1.), .UNSPECIFIED.);
#1960 = CARTESIAN_POINT('', (4., 19.5, 1.6));
#1961 = CARTESIAN_POINT('', (4., 19.5, 2.8));
#1962 = B_SPLINE_SURFACE_WITH_KNOTS('', 1, 1, ((#1963, #1964), (#1965, #1966)), .UNSPECIFIED., .F., .F., .U., (2, 2), (2, 2), (0., 1.), (0., 1.), .UNSPECIFIED.);
#1963 = CARTESIAN_POINT('', (4., 19.5, 1.55));
#1964 = CARTESIAN_POINT('', (4., 19.5, 2.8));
#1965 = CARTESIAN_POINT('', (22., 19.5, 1.55));
#1966 = CARTESIAN_POINT('', (22., 19.5, 2.8));
#1967 = ADVANCED_FACE('', (#1968), #1978, .T.);
#1968 = FACE_OUTER_BOUND('', #1969, .T.);
#1969 = EDGE_LOOP('', (#1970, #1971, #1972, #1973));
#1970 = ORIENTED_EDGE('', *, *, #1733, .F.);
#1971 = ORIENTED_EDGE('', *, *, #1958, .T.);
#1972 = ORIENTED_EDGE('', *, *, #1927, .F.);
#1973 = ORIENTED_EDGE('', *, *, #1974, .F.);
#1974 = EDGE_CURVE('', #1736, #1928, #1975, .T.);
#1975 = B_SPLINE_CURVE_WITH_KNOTS('', 1, (#1976, #1977), .UNSPECIFIED., .F., .U., (2, 2), (0.0400000000000002, 1.), .UNSPECIFIED.);
#1976 = CARTESIAN_POINT('', (4., 22.5, 1.6));
#1977 = CARTESIAN_POINT('', (4., 22.5, 2.8));
#1978 = B_SPLINE_SURFACE_WITH_KNOTS('', 1, 1, ((#1979, #1980), (#1981, #1982)), .UNSPECIFIED., .F., .F., .U., (2, 2), (2, 2), (0., 1.), (0., 1.), .UNSPECIFIED.);
#1979 = CARTESIAN_POINT('', (4., 22.5, 1.55));
#1980 = CARTESIAN_POINT('', (4., 22.5, 2.8));
#1981 = CARTESIAN_POINT('', (4., 19.5, 1.55));
#1982 = CARTESIAN_POINT('', (4., 19.5, 2.8));
#1983 = ADVANCED_FACE('', (#1984), #1990, .T.);
#1984 = FACE_OUTER_BOUND('', #1985, .T.);
#1985 = EDGE_LOOP('', (#1986, #1987, #1988, #1989));
#1986 = ORIENTED_EDGE('', *, *, #1756, .F.);
#1987 = ORIENTED_EDGE('', *, *, #1974, .T.);
#1988 = ORIENTED_EDGE('', *, *, #1942, .F.);
#1989 = ORIENTED_EDGE('', *, *, #1900, .F.);
#1990 = B_SPLINE_SURFACE_WITH_KNOTS('', 1, 1, ((#1991, #1992), (#1993, #1994)), .UNSPECIFIED., .F., .F., .U., (2, 2), (2, 2), (0., 1.), (0., 1.), .UNSPECIFIED.);
#1991 = CARTESIAN_POINT('', (22., 22.5, 1.55));
#1992 = CARTESIAN_POINT('', (22., 22.5, 2.8));
#1993 = CARTESIAN_POINT('', (4., 22.5, 1.55));
#1994 = CARTESIAN_POINT('', (4., 22.5, 2.8));
#1995 = ADVANCED_FACE('', (#1996), #2074, .T.);
#1996 = FACE_OUTER_BOUND('', #1997, .T.);
#1997 = EDGE_LOOP('', (#1998, #2007, #2014, #2021, #2028, #2035, #2042, #2049, #2054, #2055, #2062, #2069));
#1998 = ORIENTED_EDGE('', *, *, #1999, .T.);
#1999 = EDGE_CURVE('', #2000, #2002, #2004, .T.);
#2000 = VERTEX_POINT('', #2001);
#2001 = CARTESIAN_POINT('', (68.6, 36.1, 6.4));
#2002 = VERTEX_POINT('', #2003);
#2003 = CARTESIAN_POINT('', (68.6, 36.2, 6.4));
#2004 = B_SPLINE_CURVE_WITH_KNOTS('', 1, (#2005, #2006), .UNSPECIFIED., .F., .U., (2, 2), (0., 1.), .UNSPECIFIED.);
#2005 = CARTESIAN_POINT('', (68.6, 36.1, 6.4));
#2006 = CARTESIAN_POINT('', (68.6, 36.2, 6.4));
#2007 = ORIENTED_EDGE('', *, *, #2008, .T.);
#2008 = EDGE_CURVE('', #2002, #2009, #2011, .T.);
#2009 = VERTEX_POINT('', #2010);
#2010 = CARTESIAN_POINT('', (68.6, 36.2, 8.6));
#2011 = B_SPLINE_CURVE_WITH_KNOTS('', 1, (#2012, #2013), .UNSPECIFIED., .F., .U., (2, 2), (0.685714285714285, 1.), .UNSPECIFIED.);
#2012 = CARTESIAN_POINT('', (68.6, 36.2, 6.4));
#2013 = CARTESIAN_POINT('', (68.6, 36.2, 8.6));
#2014 = ORIENTED_EDGE('', *, *, #2015, .T.);
#2015 = EDGE_CURVE('', #2009, #2016, #2018, .T.);
#2016 = VERTEX_POINT('', #2017);
#2017 = CARTESIAN_POINT('', (68.6, 36.4, 8.6));
#2018 = B_SPLINE_CURVE_WITH_KNOTS('', 1, (#2019, #2020), .UNSPECIFIED., .F., .U., (2, 2), (0., 1.), .UNSPECIFIED.);
#2019 = CARTESIAN_POINT('', (68.6, 36.2, 8.6));
#2020 = CARTESIAN_POINT('', (68.6, 36.4, 8.6));
#2021 = ORIENTED_EDGE('', *, *, #2022, .T.);
#2022 = EDGE_CURVE('', #2016, #2023, #2025, .T.);
#2023 = VERTEX_POINT('', #2024);
#2024 = CARTESIAN_POINT('', (68.6, 36.4, 11.6));
#2025 = B_SPLINE_CURVE_WITH_KNOTS('', 1, (#2026, #2027), .UNSPECIFIED., .F., .U., (2, 2), (0., 1.), .UNSPECIFIED.);
#2026 = CARTESIAN_POINT('', (68.6, 36.4, 8.59999999999999));
#2027 = CARTESIAN_POINT('', (68.6, 36.4, 11.6));
#2028 = ORIENTED_EDGE('', *, *, #2029, .F.);
#2029 = EDGE_CURVE('', #2030, #2023, #2032, .T.);
#2030 = VERTEX_POINT('', #2031);
#2031 = CARTESIAN_POINT('', (68.6, 24.4, 11.6));
#2032 = B_SPLINE_CURVE_WITH_KNOTS('', 1, (#2033, #2034), .UNSPECIFIED., .F., .U., (2, 2), (0., 0.975609756097561), .UNSPECIFIED.);
#2033 = CARTESIAN_POINT('', (68.6, 24.4, 11.6));
#2034 = CARTESIAN_POINT('', (68.6, 36.4, 11.6));
#2035 = ORIENTED_EDGE('', *, *, #2036, .F.);
#2036 = EDGE_CURVE('', #2037, #2030, #2039, .T.);
#2037 = VERTEX_POINT('', #2038);
#2038 = CARTESIAN_POINT('', (68.6, 24.4, 4.5));
#2039 = B_SPLINE_CURVE_WITH_KNOTS('', 1, (#2040, #2041), .UNSPECIFIED., .F., .U., (2, 2), (0.29, 1.), .UNSPECIFIED.);
#2040 = CARTESIAN_POINT('', (68.6, 24.4, 4.5));
#2041 = CARTESIAN_POINT('', (68.6, 24.4, 11.6));
#2042 = ORIENTED_EDGE('', *, *, #2043, .T.);
#2043 = EDGE_CURVE('', #2037, #2044, #2046, .T.);
#2044 = VERTEX_POINT('', #2045);
#2045 = CARTESIAN_POINT('', (68.6, 24.9, 4.5));
#2046 = B_SPLINE_CURVE_WITH_KNOTS('', 1, (#2047, #2048), .UNSPECIFIED., .F., .U., (2, 2), (0., 0.040650406504065), .UNSPECIFIED.);
#2047 = CARTESIAN_POINT('', (68.6, 24.4, 4.5));
#2048 = CARTESIAN_POINT('', (68.6, 24.9, 4.5));
#2049 = ORIENTED_EDGE('', *, *, #2050, .T.);
#2050 = EDGE_CURVE('', #2044, #1713, #2051, .T.);
#2051 = B_SPLINE_CURVE_WITH_KNOTS('', 1, (#2052, #2053), .UNSPECIFIED., .F., .U., (2, 2), (0., 1.), .UNSPECIFIED.);
#2052 = CARTESIAN_POINT('', (68.6, 24.9, 4.5));
#2053 = CARTESIAN_POINT('', (68.6, 24.9, 1.6));
#2054 = ORIENTED_EDGE('', *, *, #1719, .F.);
#2055 = ORIENTED_EDGE('', *, *, #2056, .T.);
#2056 = EDGE_CURVE('', #1720, #2057, #2059, .T.);
#2057 = VERTEX_POINT('', #2058);
#2058 = CARTESIAN_POINT('', (68.6, 36.2, 5.));
#2059 = B_SPLINE_CURVE_WITH_KNOTS('', 1, (#2060, #2061), .UNSPECIFIED., .F., .U., (2, 2), (0., 0.485714285714285), .UNSPECIFIED.);
#2060 = CARTESIAN_POINT('', (68.6, 36.2, 1.6));
#2061 = CARTESIAN_POINT('', (68.6, 36.2, 5.));
#2062 = ORIENTED_EDGE('', *, *, #2063, .T.);
#2063 = EDGE_CURVE('', #2057, #2064, #2066, .T.);
#2064 = VERTEX_POINT('', #2065);
#2065 = CARTESIAN_POINT('', (68.6, 36.1, 5.));
#2066 = B_SPLINE_CURVE_WITH_KNOTS('', 1, (#2067, #2068), .UNSPECIFIED., .F., .U., (2, 2), (0., 1.), .UNSPECIFIED.);
#2067 = CARTESIAN_POINT('', (68.6, 36.2, 5.));
#2068 = CARTESIAN_POINT('', (68.6, 36.1, 5.));
#2069 = ORIENTED_EDGE('', *, *, #2070, .T.);
#2070 = EDGE_CURVE('', #2064, #2000, #2071, .T.);
#2071 = B_SPLINE_CURVE_WITH_KNOTS('', 1, (#2072, #2073), .UNSPECIFIED., .F., .U., (2, 2), (0., 1.), .UNSPECIFIED.);
#2072 = CARTESIAN_POINT('', (68.6, 36.1, 5.));
#2073 = CARTESIAN_POINT('', (68.6, 36.1, 6.40000000000001));
#2074 = B_SPLINE_SURFACE_WITH_KNOTS('', 1, 1, ((#2075, #2076), (#2077, #2078)), .UNSPECIFIED., .F., .F., .U., (2, 2), (2, 2), (0., 1.), (0., 1.), .UNSPECIFIED.);
#2075 = CARTESIAN_POINT('', (68.6, 24.4, 1.6));
#2076 = CARTESIAN_POINT('', (68.6, 24.4, 11.6));
#2077 = CARTESIAN_POINT('', (68.6, 36.7, 1.6));
#2078 = CARTESIAN_POINT('', (68.6, 36.7, 11.6));
#2079 = ADVANCED_FACE('', (#2080), #2094, .T.);
#2080 = FACE_OUTER_BOUND('', #2081, .T.);
#2081 = EDGE_LOOP('', (#2082, #2083, #2088, #2089));
#2082 = ORIENTED_EDGE('', *, *, #905, .F.);
#2083 = ORIENTED_EDGE('', *, *, #2084, .F.);
#2084 = EDGE_CURVE('', #2016, #899, #2085, .T.);
#2085 = B_SPLINE_CURVE_WITH_KNOTS('', 1, (#2086, #2087), .UNSPECIFIED., .F., .U., (2, 2), (0.442424242424242, 0.952472932777564), .UNSPECIFIED.);
#2086 = CARTESIAN_POINT('', (68.6, 36.4, 8.6));
#2087 = CARTESIAN_POINT('', (85.4316067816596, 36.4, 8.6));
#2088 = ORIENTED_EDGE('', *, *, #2015, .F.);
#2089 = ORIENTED_EDGE('', *, *, #2090, .T.);
#2090 = EDGE_CURVE('', #2009, #906, #2091, .T.);
#2091 = B_SPLINE_CURVE_WITH_KNOTS('', 1, (#2092, #2093), .UNSPECIFIED., .F., .U., (2, 2), (0.442424242424242, 0.966290473347129), .UNSPECIFIED.);
#2092 = CARTESIAN_POINT('', (68.6, 36.2, 8.6));
#2093 = CARTESIAN_POINT('', (85.8875856204553, 36.2, 8.6));
#2094 = B_SPLINE_SURFACE_WITH_KNOTS('', 1, 1, ((#2095, #2096), (#2097, #2098)), .UNSPECIFIED., .F., .F., .U., (2, 2), (2, 2), (0., 1.), (0., 1.), .UNSPECIFIED.);
#2095 = CARTESIAN_POINT('', (88.671320810552, 18.828679189448, 8.6));
#2096 = CARTESIAN_POINT('', (52.328679189448, 18.828679189448, 8.6));
#2097 = CARTESIAN_POINT('', (88.671320810552, 55.171320810552, 8.6));
#2098 = CARTESIAN_POINT('', (52.328679189448, 55.171320810552, 8.6));
#2099 = ADVANCED_FACE('', (#2100), #2138, .T.);
#2100 = FACE_OUTER_BOUND('', #2101, .T.);
#2101 = EDGE_LOOP('', (#2102, #2103, #2110, #2117, #2124, #2131, #2136, #2137));
#2102 = ORIENTED_EDGE('', *, *, #898, .T.);
#2103 = ORIENTED_EDGE('', *, *, #2104, .F.);
#2104 = EDGE_CURVE('', #2105, #891, #2107, .T.);
#2105 = VERTEX_POINT('', #2106);
#2106 = CARTESIAN_POINT('', (54., 36.4, 21.8));
#2107 = B_SPLINE_CURVE_WITH_KNOTS('', 1, (#2108, #2109), .UNSPECIFIED., .F., .U., (2, 2), (0., 0.952472932777564), .UNSPECIFIED.);
#2108 = CARTESIAN_POINT('', (54., 36.4, 21.8));
#2109 = CARTESIAN_POINT('', (85.4316067816596, 36.4, 21.8));
#2110 = ORIENTED_EDGE('', *, *, #2111, .F.);
#2111 = EDGE_CURVE('', #2112, #2105, #2114, .T.);
#2112 = VERTEX_POINT('', #2113);
#2113 = CARTESIAN_POINT('', (54., 36.4, 8.6));
#2114 = B_SPLINE_CURVE_WITH_KNOTS('', 1, (#2115, #2116), .UNSPECIFIED., .F., .U., (2, 2), (0.328671328671329, 0.944055944055944), .UNSPECIFIED.);
#2115 = CARTESIAN_POINT('', (54., 36.4, 8.6));
#2116 = CARTESIAN_POINT('', (54., 36.4, 21.8));
#2117 = ORIENTED_EDGE('', *, *, #2118, .T.);
#2118 = EDGE_CURVE('', #2112, #2119, #2121, .T.);
#2119 = VERTEX_POINT('', #2120);
#2120 = CARTESIAN_POINT('', (61.6, 36.4, 8.6));
#2121 = B_SPLINE_CURVE_WITH_KNOTS('', 1, (#2122, #2123), .UNSPECIFIED., .F., .U., (2, 2), (0., 0.23030303030303), .UNSPECIFIED.);
#2122 = CARTESIAN_POINT('', (54., 36.4, 8.6));
#2123 = CARTESIAN_POINT('', (61.6, 36.4, 8.6));
#2124 = ORIENTED_EDGE('', *, *, #2125, .F.);
#2125 = EDGE_CURVE('', #2126, #2119, #2128, .T.);
#2126 = VERTEX_POINT('', #2127);
#2127 = CARTESIAN_POINT('', (61.6, 36.4, 11.6));
#2128 = B_SPLINE_CURVE_WITH_KNOTS('', 1, (#2129, #2130), .UNSPECIFIED., .F., .U., (2, 2), (0., 1.), .UNSPECIFIED.);
#2129 = CARTESIAN_POINT('', (61.6, 36.4, 11.6));
#2130 = CARTESIAN_POINT('', (61.6, 36.4, 8.60000000000001));
#2131 = ORIENTED_EDGE('', *, *, #2132, .F.);
#2132 = EDGE_CURVE('', #2023, #2126, #2133, .T.);
#2133 = B_SPLINE_CURVE_WITH_KNOTS('', 1, (#2134, #2135), .UNSPECIFIED., .F., .U., (2, 2), (0.275174418215991, 0.724825581784009), .UNSPECIFIED.);
#2134 = CARTESIAN_POINT('', (68.6, 36.4, 11.6));
#2135 = CARTESIAN_POINT('', (61.6, 36.4, 11.6));
#2136 = ORIENTED_EDGE('', *, *, #2022, .F.);
#2137 = ORIENTED_EDGE('', *, *, #2084, .T.);
#2138 = B_SPLINE_SURFACE_WITH_KNOTS('', 1, 1, ((#2139, #2140), (#2141, #2142)), .UNSPECIFIED., .F., .F., .U., (2, 2), (2, 2), (0., 1.), (0., 1.), .UNSPECIFIED.);
#2139 = CARTESIAN_POINT('', (54., 36.4, 1.55));
#2140 = CARTESIAN_POINT('', (54., 36.4, 23.));
#2141 = CARTESIAN_POINT('', (87., 36.4, 1.55));
#2142 = CARTESIAN_POINT('', (87., 36.4, 23.));
#2143 = ADVANCED_FACE('', (#2144), #2160, .T.);
#2144 = FACE_OUTER_BOUND('', #2145, .T.);
#2145 = EDGE_LOOP('', (#2146, #2147, #2154, #2159));
#2146 = ORIENTED_EDGE('', *, *, #890, .T.);
#2147 = ORIENTED_EDGE('', *, *, #2148, .F.);
#2148 = EDGE_CURVE('', #2149, #884, #2151, .T.);
#2149 = VERTEX_POINT('', #2150);
#2150 = CARTESIAN_POINT('', (54., 36.3, 21.8));
#2151 = B_SPLINE_CURVE_WITH_KNOTS('', 1, (#2152, #2153), .UNSPECIFIED., .F., .U., (2, 2), (0., 0.958567825666883), .UNSPECIFIED.);
#2152 = CARTESIAN_POINT('', (54., 36.3, 21.8));
#2153 = CARTESIAN_POINT('', (85.6327382470071, 36.3, 21.8));
#2154 = ORIENTED_EDGE('', *, *, #2155, .F.);
#2155 = EDGE_CURVE('', #2105, #2149, #2156, .T.);
#2156 = B_SPLINE_CURVE_WITH_KNOTS('', 1, (#2157, #2158), .UNSPECIFIED., .F., .U., (2, 2), (0.933333333333332, 1.), .UNSPECIFIED.);
#2157 = CARTESIAN_POINT('', (54., 36.4, 21.8));
#2158 = CARTESIAN_POINT('', (54., 36.3, 21.8));
#2159 = ORIENTED_EDGE('', *, *, #2104, .T.);
#2160 = B_SPLINE_SURFACE_WITH_KNOTS('', 1, 1, ((#2161, #2162), (#2163, #2164)), .UNSPECIFIED., .F., .F., .U., (2, 2), (2, 2), (0., 1.), (0., 1.), .UNSPECIFIED.);
#2161 = CARTESIAN_POINT('', (88.6687403250748, 18.8812596749252, 21.8));
#2162 = CARTESIAN_POINT('', (88.6687403250748, 55.2187403250748, 21.8));
#2163 = CARTESIAN_POINT('', (52.3312596749252, 18.8812596749252, 21.8));
#2164 = CARTESIAN_POINT('', (52.3312596749252, 55.2187403250748, 21.8));
#2165 = ADVANCED_FACE('', (#2166), #2210, .T.);
#2166 = FACE_OUTER_BOUND('', #2167, .T.);
#2167 = EDGE_LOOP('', (#2168, #2175, #2182, #2189, #2196, #2203, #2208, #2209));
#2168 = ORIENTED_EDGE('', *, *, #2169, .T.);
#2169 = EDGE_CURVE('', #2149, #2170, #2172, .T.);
#2170 = VERTEX_POINT('', #2171);
#2171 = CARTESIAN_POINT('', (54., 36.3, 23.));
#2172 = B_SPLINE_CURVE_WITH_KNOTS('', 1, (#2173, #2174), .UNSPECIFIED., .F., .U., (2, 2), (0., 1.), .UNSPECIFIED.);
#2173 = CARTESIAN_POINT('', (54., 36.3, 21.8));
#2174 = CARTESIAN_POINT('', (54., 36.3, 23.));
#2175 = ORIENTED_EDGE('', *, *, #2176, .F.);
#2176 = EDGE_CURVE('', #2177, #2170, #2179, .T.);
#2177 = VERTEX_POINT('', #2178);
#2178 = CARTESIAN_POINT('', (54., 37.9, 23.));
#2179 = B_SPLINE_CURVE_WITH_KNOTS('', 1, (#2180, #2181), .UNSPECIFIED., .F., .U., (2, 2), (0., 1.06666666666667), .UNSPECIFIED.);
#2180 = CARTESIAN_POINT('', (54., 37.9, 23.));
#2181 = CARTESIAN_POINT('', (54., 36.3, 23.));
#2182 = ORIENTED_EDGE('', *, *, #2183, .F.);
#2183 = EDGE_CURVE('', #2184, #2177, #2186, .T.);
#2184 = VERTEX_POINT('', #2185);
#2185 = CARTESIAN_POINT('', (54., 37.9, 4.));
#2186 = B_SPLINE_CURVE_WITH_KNOTS('', 1, (#2187, #2188), .UNSPECIFIED., .F., .U., (2, 2), (0.114219114219114, 1.), .UNSPECIFIED.);
#2187 = CARTESIAN_POINT('', (54., 37.9, 4.));
#2188 = CARTESIAN_POINT('', (54., 37.9, 23.));
#2189 = ORIENTED_EDGE('', *, *, #2190, .F.);
#2190 = EDGE_CURVE('', #2191, #2184, #2193, .T.);
#2191 = VERTEX_POINT('', #2192);
#2192 = CARTESIAN_POINT('', (54., 36.2, 4.));
#2193 = B_SPLINE_CURVE_WITH_KNOTS('', 1, (#2194, #2195), .UNSPECIFIED., .F., .U., (2, 2), (0., 1.0625), .UNSPECIFIED.);
#2194 = CARTESIAN_POINT('', (54., 36.2, 4.));
#2195 = CARTESIAN_POINT('', (54., 37.9, 4.));
#2196 = ORIENTED_EDGE('', *, *, #2197, .T.);
#2197 = EDGE_CURVE('', #2191, #2198, #2200, .T.);
#2198 = VERTEX_POINT('', #2199);
#2199 = CARTESIAN_POINT('', (54., 36.2, 8.6));
#2200 = B_SPLINE_CURVE_WITH_KNOTS('', 1, (#2201, #2202), .UNSPECIFIED., .F., .U., (2, 2), (0.342857142857143, 1.), .UNSPECIFIED.);
#2201 = CARTESIAN_POINT('', (54., 36.2, 4.));
#2202 = CARTESIAN_POINT('', (54., 36.2, 8.6));
#2203 = ORIENTED_EDGE('', *, *, #2204, .F.);
#2204 = EDGE_CURVE('', #2112, #2198, #2205, .T.);
#2205 = B_SPLINE_CURVE_WITH_KNOTS('', 1, (#2206, #2207), .UNSPECIFIED., .F., .U., (2, 2), (0.875000000000003, 1.), .UNSPECIFIED.);
#2206 = CARTESIAN_POINT('', (54., 36.4, 8.6));
#2207 = CARTESIAN_POINT('', (54., 36.2, 8.6));
#2208 = ORIENTED_EDGE('', *, *, #2111, .T.);
#2209 = ORIENTED_EDGE('', *, *, #2155, .T.);
#2210 = B_SPLINE_SURFACE_WITH_KNOTS('', 1, 1, ((#2211, #2212), (#2213, #2214)), .UNSPECIFIED., .F., .F., .U., (2, 2), (2, 2), (-0.0666666666666676, 1.06666666666666), (-16.875, 1.), .UNSPECIFIED.);
#2211 = CARTESIAN_POINT('', (54., 37.9, 1.55));
#2212 = CARTESIAN_POINT('', (54., 37.9, 23.));
#2213 = CARTESIAN_POINT('', (54., 36.2, 1.55));
#2214 = CARTESIAN_POINT('', (54., 36.2, 23.));
#2215 = ADVANCED_FACE('', (#2216), #2237, .T.);
#2216 = FACE_OUTER_BOUND('', #2217, .T.);
#2217 = EDGE_LOOP('', (#2218, #2219, #2226, #2231, #2232));
#2218 = ORIENTED_EDGE('', *, *, #873, .F.);
#2219 = ORIENTED_EDGE('', *, *, #2220, .T.);
#2220 = EDGE_CURVE('', #867, #2221, #2223, .T.);
#2221 = VERTEX_POINT('', #2222);
#2222 = CARTESIAN_POINT('', (55.2, 37.9, 23.));
#2223 = B_SPLINE_CURVE_WITH_KNOTS('', 1, (#2224, #2225), .UNSPECIFIED., .F., .U., (2, 2), (0.0869333705762579, 0.963636363636364), .UNSPECIFIED.);
#2224 = CARTESIAN_POINT('', (84.1311987709835, 37.9, 23.));
#2225 = CARTESIAN_POINT('', (55.2, 37.9, 23.));
#2226 = ORIENTED_EDGE('', *, *, #2227, .T.);
#2227 = EDGE_CURVE('', #2221, #2177, #2228, .T.);
#2228 = B_SPLINE_CURVE_WITH_KNOTS('', 1, (#2229, #2230), .UNSPECIFIED., .F., .U., (2, 2), (0.963636363636364, 1.), .UNSPECIFIED.);
#2229 = CARTESIAN_POINT('', (55.2, 37.9, 23.));
#2230 = CARTESIAN_POINT('', (54., 37.9, 23.));
#2231 = ORIENTED_EDGE('', *, *, #2176, .T.);
#2232 = ORIENTED_EDGE('', *, *, #2233, .T.);
#2233 = EDGE_CURVE('', #2170, #874, #2234, .T.);
#2234 = B_SPLINE_CURVE_WITH_KNOTS('', 1, (#2235, #2236), .UNSPECIFIED., .F., .U., (2, 2), (0., 0.958567825666883), .UNSPECIFIED.);
#2235 = CARTESIAN_POINT('', (54., 36.3, 23.));
#2236 = CARTESIAN_POINT('', (85.6327382470071, 36.3, 23.));
#2237 = B_SPLINE_SURFACE_WITH_KNOTS('', 1, 1, ((#2238, #2239), (#2240, #2241)), .UNSPECIFIED., .F., .F., .U., (2, 2), (2, 2), (-0.00275197944961519, 1.), (0., 1.), .UNSPECIFIED.);
#2238 = CARTESIAN_POINT('', (88.6687403250748, 18.8812596749252, 23.));
#2239 = CARTESIAN_POINT('', (52.3312596749252, 18.8812596749252, 23.));
#2240 = CARTESIAN_POINT('', (88.6687403250748, 55.3187403250748, 23.));
#2241 = CARTESIAN_POINT('', (52.3312596749252, 55.3187403250748, 23.));
#2242 = ADVANCED_FACE('', (#2243), #2274, .T.);
#2243 = FACE_OUTER_BOUND('', #2244, .T.);
#2244 = EDGE_LOOP('', (#2245, #2252, #2257, #2258, #2259, #2266, #2273));
#2245 = ORIENTED_EDGE('', *, *, #2246, .T.);
#2246 = EDGE_CURVE('', #1406, #2247, #2249, .T.);
#2247 = VERTEX_POINT('', #2248);
#2248 = CARTESIAN_POINT('', (54.3, 37.9, 4.));
#2249 = B_SPLINE_CURVE_WITH_KNOTS('', 1, (#2250, #2251), .UNSPECIFIED., .F., .U., (2, 2), (0., 1.), .UNSPECIFIED.);
#2250 = CARTESIAN_POINT('', (54.3, 37.9, 1.6));
#2251 = CARTESIAN_POINT('', (54.3, 37.9, 4.));
#2252 = ORIENTED_EDGE('', *, *, #2253, .T.);
#2253 = EDGE_CURVE('', #2247, #2184, #2254, .T.);
#2254 = B_SPLINE_CURVE_WITH_KNOTS('', 1, (#2255, #2256), .UNSPECIFIED., .F., .U., (2, 2), (0., 1.), .UNSPECIFIED.);
#2255 = CARTESIAN_POINT('', (54.3, 37.9, 4.));
#2256 = CARTESIAN_POINT('', (54., 37.9, 4.));
#2257 = ORIENTED_EDGE('', *, *, #2183, .T.);
#2258 = ORIENTED_EDGE('', *, *, #2227, .F.);
#2259 = ORIENTED_EDGE('', *, *, #2260, .F.);
#2260 = EDGE_CURVE('', #2261, #2221, #2263, .T.);
#2261 = VERTEX_POINT('', #2262);
#2262 = CARTESIAN_POINT('', (55.2, 37.9, 2.1));
#2263 = B_SPLINE_CURVE_WITH_KNOTS('', 1, (#2264, #2265), .UNSPECIFIED., .F., .U., (2, 2), (0., 0.665605095541401), .UNSPECIFIED.);
#2264 = CARTESIAN_POINT('', (55.2, 37.9, 2.1));
#2265 = CARTESIAN_POINT('', (55.2, 37.9, 23.));
#2266 = ORIENTED_EDGE('', *, *, #2267, .T.);
#2267 = EDGE_CURVE('', #2261, #1399, #2268, .T.);
#2268 = B_SPLINE_CURVE_WITH_KNOTS('', 3, (#2269, #2270, #2271, #2272), .UNSPECIFIED., .F., .U., (4, 4), (0., 0.707106781186548), .UNSPECIFIED.);
#2269 = CARTESIAN_POINT('', (55.2, 37.9, 2.1));
#2270 = CARTESIAN_POINT('', (55.0333333333333, 37.9, 1.93333333333333));
#2271 = CARTESIAN_POINT('', (54.8666666666667, 37.9, 1.76666666666667));
#2272 = CARTESIAN_POINT('', (54.7, 37.9, 1.6));
#2273 = ORIENTED_EDGE('', *, *, #1405, .F.);
#2274 = B_SPLINE_SURFACE_WITH_KNOTS('', 1, 1, ((#2275, #2276), (#2277, #2278)), .UNSPECIFIED., .F., .F., .U., (2, 2), (2, 2), (0., 1.), (0., 1.), .UNSPECIFIED.);
#2275 = CARTESIAN_POINT('', (87., 37.9, 1.55));
#2276 = CARTESIAN_POINT('', (87., 37.9, 23.));
#2277 = CARTESIAN_POINT('', (54., 37.9, 1.55));
#2278 = CARTESIAN_POINT('', (54., 37.9, 23.));
#2279 = ADVANCED_FACE('', (#2280), #2366, .T.);
#2280 = FACE_OUTER_BOUND('', #2281, .T.);
#2281 = EDGE_LOOP('', (#2282, #2291, #2298, #2305, #2312, #2317, #2318, #2319, #2326, #2333, #2340, #2347, #2354, #2361));
#2282 = ORIENTED_EDGE('', *, *, #2283, .F.);
#2283 = EDGE_CURVE('', #2284, #2286, #2288, .T.);
#2284 = VERTEX_POINT('', #2285);
#2285 = CARTESIAN_POINT('', (53.85, 27.5, 4.));
#2286 = VERTEX_POINT('', #2287);
#2287 = CARTESIAN_POINT('', (52.7, 27.5, 4.));
#2288 = B_SPLINE_CURVE_WITH_KNOTS('', 1, (#2289, #2290), .UNSPECIFIED., .F., .U., (2, 2), (0., 1.), .UNSPECIFIED.);
#2289 = CARTESIAN_POINT('', (53.85, 27.5, 4.));
#2290 = CARTESIAN_POINT('', (52.7, 27.5, 4.));
#2291 = ORIENTED_EDGE('', *, *, #2292, .F.);
#2292 = EDGE_CURVE('', #2293, #2284, #2295, .T.);
#2293 = VERTEX_POINT('', #2294);
#2294 = CARTESIAN_POINT('', (53.85, 27., 4.));
#2295 = B_SPLINE_CURVE_WITH_KNOTS('', 1, (#2296, #2297), .UNSPECIFIED., .F., .U., (2, 2), (0., 1.), .UNSPECIFIED.);
#2296 = CARTESIAN_POINT('', (53.85, 27., 4.));
#2297 = CARTESIAN_POINT('', (53.85, 27.5, 4.));
#2298 = ORIENTED_EDGE('', *, *, #2299, .T.);
#2299 = EDGE_CURVE('', #2293, #2300, #2302, .T.);
#2300 = VERTEX_POINT('', #2301);
#2301 = CARTESIAN_POINT('', (54.3, 27., 4.));
#2302 = B_SPLINE_CURVE_WITH_KNOTS('', 1, (#2303, #2304), .UNSPECIFIED., .F., .U., (2, 2), (0.718749999999994, 1.), .UNSPECIFIED.);
#2303 = CARTESIAN_POINT('', (53.85, 27., 4.));
#2304 = CARTESIAN_POINT('', (54.3, 27., 4.));
#2305 = ORIENTED_EDGE('', *, *, #2306, .T.);
#2306 = EDGE_CURVE('', #2300, #2307, #2309, .T.);
#2307 = VERTEX_POINT('', #2308);
#2308 = CARTESIAN_POINT('', (54.3, 36.2, 4.));
#2309 = B_SPLINE_CURVE_WITH_KNOTS('', 1, (#2310, #2311), .UNSPECIFIED., .F., .U., (2, 2), (0., 0.836363636363637), .UNSPECIFIED.);
#2310 = CARTESIAN_POINT('', (54.3, 27., 4.));
#2311 = CARTESIAN_POINT('', (54.3, 36.2, 4.));
#2312 = ORIENTED_EDGE('', *, *, #2313, .T.);
#2313 = EDGE_CURVE('', #2307, #2191, #2314, .T.);
#2314 = B_SPLINE_CURVE_WITH_KNOTS('', 1, (#2315, #2316), .UNSPECIFIED., .F., .U., (2, 2), (0.946558977276047, 1.), .UNSPECIFIED.);
#2315 = CARTESIAN_POINT('', (54.3, 36.2, 4.));
#2316 = CARTESIAN_POINT('', (54., 36.2, 4.));
#2317 = ORIENTED_EDGE('', *, *, #2190, .T.);
#2318 = ORIENTED_EDGE('', *, *, #2253, .F.);
#2319 = ORIENTED_EDGE('', *, *, #2320, .T.);
#2320 = EDGE_CURVE('', #2247, #2321, #2323, .T.);
#2321 = VERTEX_POINT('', #2322);
#2322 = CARTESIAN_POINT('', (54.3, 38., 4.));
#2323 = B_SPLINE_CURVE_WITH_KNOTS('', 1, (#2324, #2325), .UNSPECIFIED., .F., .U., (2, 2), (0.990909090909091, 1.), .UNSPECIFIED.);
#2324 = CARTESIAN_POINT('', (54.3, 37.9, 4.));
#2325 = CARTESIAN_POINT('', (54.3, 38., 4.));
#2326 = ORIENTED_EDGE('', *, *, #2327, .T.);
#2327 = EDGE_CURVE('', #2321, #2328, #2330, .T.);
#2328 = VERTEX_POINT('', #2329);
#2329 = CARTESIAN_POINT('', (52.7, 38., 4.));
#2330 = B_SPLINE_CURVE_WITH_KNOTS('', 1, (#2331, #2332), .UNSPECIFIED., .F., .U., (2, 2), (0., 1.), .UNSPECIFIED.);
#2331 = CARTESIAN_POINT('', (54.3, 38., 4.));
#2332 = CARTESIAN_POINT('', (52.7, 38., 4.));
#2333 = ORIENTED_EDGE('', *, *, #2334, .T.);
#2334 = EDGE_CURVE('', #2328, #2335, #2337, .T.);
#2335 = VERTEX_POINT('', #2336);
#2336 = CARTESIAN_POINT('', (52.7, 35.8, 4.));
#2337 = B_SPLINE_CURVE_WITH_KNOTS('', 1, (#2338, #2339), .UNSPECIFIED., .F., .U., (2, 2), (0., 0.2), .UNSPECIFIED.);
#2338 = CARTESIAN_POINT('', (52.7, 38., 4.));
#2339 = CARTESIAN_POINT('', (52.7, 35.8, 4.));
#2340 = ORIENTED_EDGE('', *, *, #2341, .T.);
#2341 = EDGE_CURVE('', #2335, #2342, #2344, .T.);
#2342 = VERTEX_POINT('', #2343);
#2343 = CARTESIAN_POINT('', (53.9, 35.8, 4.));
#2344 = B_SPLINE_CURVE_WITH_KNOTS('', 1, (#2345, #2346), .UNSPECIFIED., .F., .U., (2, 2), (0., 1.), .UNSPECIFIED.);
#2345 = CARTESIAN_POINT('', (52.7, 35.8, 4.));
#2346 = CARTESIAN_POINT('', (53.9, 35.8, 4.));
#2347 = ORIENTED_EDGE('', *, *, #2348, .T.);
#2348 = EDGE_CURVE('', #2342, #2349, #2351, .T.);
#2349 = VERTEX_POINT('', #2350);
#2350 = CARTESIAN_POINT('', (53.9, 33.2, 4.));
#2351 = B_SPLINE_CURVE_WITH_KNOTS('', 1, (#2352, #2353), .UNSPECIFIED., .F., .U., (2, 2), (0., 1.), .UNSPECIFIED.);
#2352 = CARTESIAN_POINT('', (53.9, 35.8, 4.));
#2353 = CARTESIAN_POINT('', (53.9, 33.2, 4.));
#2354 = ORIENTED_EDGE('', *, *, #2355, .T.);
#2355 = EDGE_CURVE('', #2349, #2356, #2358, .T.);
#2356 = VERTEX_POINT('', #2357);
#2357 = CARTESIAN_POINT('', (52.7, 33.2, 4.));
#2358 = B_SPLINE_CURVE_WITH_KNOTS('', 1, (#2359, #2360), .UNSPECIFIED., .F., .U., (2, 2), (0., 1.), .UNSPECIFIED.);
#2359 = CARTESIAN_POINT('', (53.9, 33.2, 4.));
#2360 = CARTESIAN_POINT('', (52.7, 33.2, 4.));
#2361 = ORIENTED_EDGE('', *, *, #2362, .T.);
#2362 = EDGE_CURVE('', #2356, #2286, #2363, .T.);
#2363 = B_SPLINE_CURVE_WITH_KNOTS('', 1, (#2364, #2365), .UNSPECIFIED., .F., .U., (2, 2), (0.436363636363636, 0.954545454545455), .UNSPECIFIED.);
#2364 = CARTESIAN_POINT('', (52.7, 33.2, 4.));
#2365 = CARTESIAN_POINT('', (52.7, 27.5, 4.));
#2366 = B_SPLINE_SURFACE_WITH_KNOTS('', 1, 1, ((#2367, #2368), (#2369, #2370)), .UNSPECIFIED., .F., .F., .U., (2, 2), (2, 2), (0., 1.), (0., 1.), .UNSPECIFIED.);
#2367 = CARTESIAN_POINT('', (59.6136650218997, 26.3863349781003, 4.));
#2368 = CARTESIAN_POINT('', (47.3863349781003, 26.3863349781003, 4.));
#2369 = CARTESIAN_POINT('', (59.6136650218997, 38.6136650218997, 4.));
#2370 = CARTESIAN_POINT('', (47.3863349781003, 38.6136650218997, 4.));
#2371 = ADVANCED_FACE('', (#2372), #2414, .T.);
#2372 = FACE_OUTER_BOUND('', #2373, .T.);
#2373 = EDGE_LOOP('', (#2374, #2383, #2390, #2397, #2402, #2403, #2408, #2409));
#2374 = ORIENTED_EDGE('', *, *, #2375, .F.);
#2375 = EDGE_CURVE('', #2376, #2378, #2380, .T.);
#2376 = VERTEX_POINT('', #2377);
#2377 = CARTESIAN_POINT('', (53.85, 24.35, 20.8));
#2378 = VERTEX_POINT('', #2379);
#2379 = CARTESIAN_POINT('', (53.85, 27.5, 20.8));
#2380 = B_SPLINE_CURVE_WITH_KNOTS('', 1, (#2381, #2382), .UNSPECIFIED., .F., .U., (2, 2), (-0.093749999999999, 1.875), .UNSPECIFIED.);
#2381 = CARTESIAN_POINT('', (53.85, 24.35, 20.8));
#2382 = CARTESIAN_POINT('', (53.85, 27.5, 20.8));
#2383 = ORIENTED_EDGE('', *, *, #2384, .F.);
#2384 = EDGE_CURVE('', #2385, #2376, #2387, .T.);
#2385 = VERTEX_POINT('', #2386);
#2386 = CARTESIAN_POINT('', (53.85, 24.35, 17.2));
#2387 = B_SPLINE_CURVE_WITH_KNOTS('', 1, (#2388, #2389), .UNSPECIFIED., .F., .U., (2, 2), (0., 1.), .UNSPECIFIED.);
#2388 = CARTESIAN_POINT('', (53.85, 24.35, 17.2));
#2389 = CARTESIAN_POINT('', (53.85, 24.35, 20.8));
#2390 = ORIENTED_EDGE('', *, *, #2391, .T.);
#2391 = EDGE_CURVE('', #2385, #2392, #2394, .T.);
#2392 = VERTEX_POINT('', #2393);
#2393 = CARTESIAN_POINT('', (53.85, 24.5, 17.2));
#2394 = B_SPLINE_CURVE_WITH_KNOTS('', 1, (#2395, #2396), .UNSPECIFIED., .F., .U., (2, 2), (0., 0.0857142857142849), .UNSPECIFIED.);
#2395 = CARTESIAN_POINT('', (53.85, 24.35, 17.2));
#2396 = CARTESIAN_POINT('', (53.85, 24.5, 17.2));
#2397 = ORIENTED_EDGE('', *, *, #2398, .F.);
#2398 = EDGE_CURVE('', #1643, #2392, #2399, .T.);
#2399 = B_SPLINE_CURVE_WITH_KNOTS('', 1, (#2400, #2401), .UNSPECIFIED., .F., .U., (2, 2), (0.0025974025974026, 0.812987012987013), .UNSPECIFIED.);
#2400 = CARTESIAN_POINT('', (53.85, 24.5, 1.6));
#2401 = CARTESIAN_POINT('', (53.85, 24.5, 17.2));
#2402 = ORIENTED_EDGE('', *, *, #1649, .F.);
#2403 = ORIENTED_EDGE('', *, *, #2404, .T.);
#2404 = EDGE_CURVE('', #1650, #2293, #2405, .T.);
#2405 = B_SPLINE_CURVE_WITH_KNOTS('', 1, (#2406, #2407), .UNSPECIFIED., .F., .U., (2, 2), (0., 1.), .UNSPECIFIED.);
#2406 = CARTESIAN_POINT('', (53.85, 27., 1.6));
#2407 = CARTESIAN_POINT('', (53.85, 27., 4.));
#2408 = ORIENTED_EDGE('', *, *, #2292, .T.);
#2409 = ORIENTED_EDGE('', *, *, #2410, .T.);
#2410 = EDGE_CURVE('', #2284, #2378, #2411, .T.);
#2411 = B_SPLINE_CURVE_WITH_KNOTS('', 1, (#2412, #2413), .UNSPECIFIED., .F., .U., (2, 2), (0.127272727272727, 1.), .UNSPECIFIED.);
#2412 = CARTESIAN_POINT('', (53.85, 27.5, 4.));
#2413 = CARTESIAN_POINT('', (53.85, 27.5, 20.8));
#2414 = B_SPLINE_SURFACE_WITH_KNOTS('', 1, 1, ((#2415, #2416), (#2417, #2418)), .UNSPECIFIED., .F., .F., .U., (2, 2), (2, 2), (-0.0499999999999995, 1.), (0., 1.), .UNSPECIFIED.);
#2415 = CARTESIAN_POINT('', (53.85, 24.35, 1.55));
#2416 = CARTESIAN_POINT('', (53.85, 24.35, 20.8));
#2417 = CARTESIAN_POINT('', (53.85, 27.5, 1.55));
#2418 = CARTESIAN_POINT('', (53.85, 27.5, 20.8));
#2419 = ADVANCED_FACE('', (#2420), #2430, .T.);
#2420 = FACE_OUTER_BOUND('', #2421, .T.);
#2421 = EDGE_LOOP('', (#2422, #2423, #2424, #2429));
#2422 = ORIENTED_EDGE('', *, *, #2404, .F.);
#2423 = ORIENTED_EDGE('', *, *, #1656, .F.);
#2424 = ORIENTED_EDGE('', *, *, #2425, .T.);
#2425 = EDGE_CURVE('', #1657, #2300, #2426, .T.);
#2426 = B_SPLINE_CURVE_WITH_KNOTS('', 1, (#2427, #2428), .UNSPECIFIED., .F., .U., (2, 2), (0.0204081632653061, 1.), .UNSPECIFIED.);
#2427 = CARTESIAN_POINT('', (54.3, 27., 1.6));
#2428 = CARTESIAN_POINT('', (54.3, 27., 4.));
#2429 = ORIENTED_EDGE('', *, *, #2299, .F.);
#2430 = B_SPLINE_SURFACE_WITH_KNOTS('', 1, 1, ((#2431, #2432), (#2433, #2434)), .UNSPECIFIED., .F., .F., .U., (2, 2), (2, 2), (0., 1.), (0., 1.), .UNSPECIFIED.);
#2431 = CARTESIAN_POINT('', (52.7, 27., 1.55));
#2432 = CARTESIAN_POINT('', (52.7, 27., 4.));
#2433 = CARTESIAN_POINT('', (54.3, 27., 1.55));
#2434 = CARTESIAN_POINT('', (54.3, 27., 4.));
#2435 = ADVANCED_FACE('', (#2436), #2446, .T.);
#2436 = FACE_OUTER_BOUND('', #2437, .T.);
#2437 = EDGE_LOOP('', (#2438, #2439, #2444, #2445));
#2438 = ORIENTED_EDGE('', *, *, #1663, .F.);
#2439 = ORIENTED_EDGE('', *, *, #2440, .T.);
#2440 = EDGE_CURVE('', #1664, #2307, #2441, .T.);
#2441 = B_SPLINE_CURVE_WITH_KNOTS('', 1, (#2442, #2443), .UNSPECIFIED., .F., .U., (2, 2), (0., 1.), .UNSPECIFIED.);
#2442 = CARTESIAN_POINT('', (54.3, 36.2, 1.6));
#2443 = CARTESIAN_POINT('', (54.3, 36.2, 4.));
#2444 = ORIENTED_EDGE('', *, *, #2306, .F.);
#2445 = ORIENTED_EDGE('', *, *, #2425, .F.);
#2446 = B_SPLINE_SURFACE_WITH_KNOTS('', 1, 1, ((#2447, #2448), (#2449, #2450)), .UNSPECIFIED., .F., .F., .U., (2, 2), (2, 2), (0., 1.), (0., 1.), .UNSPECIFIED.);
#2447 = CARTESIAN_POINT('', (54.3, 27., 1.55));
#2448 = CARTESIAN_POINT('', (54.3, 27., 4.));
#2449 = CARTESIAN_POINT('', (54.3, 38., 1.55));
#2450 = CARTESIAN_POINT('', (54.3, 38., 4.));
#2451 = ADVANCED_FACE('', (#2452), #2498, .T.);
#2452 = FACE_OUTER_BOUND('', #2453, .T.);
#2453 = EDGE_LOOP('', (#2454, #2461, #2468, #2475, #2482, #2489, #2494, #2495, #2496, #2497));
#2454 = ORIENTED_EDGE('', *, *, #2455, .F.);
#2455 = EDGE_CURVE('', #2456, #1671, #2458, .T.);
#2456 = VERTEX_POINT('', #2457);
#2457 = CARTESIAN_POINT('', (61.6, 36.2, 5.));
#2458 = B_SPLINE_CURVE_WITH_KNOTS('', 1, (#2459, #2460), .UNSPECIFIED., .F., .U., (2, 2), (0.514285714285715, 1.), .UNSPECIFIED.);
#2459 = CARTESIAN_POINT('', (61.6, 36.2, 5.));
#2460 = CARTESIAN_POINT('', (61.6, 36.2, 1.6));
#2461 = ORIENTED_EDGE('', *, *, #2462, .F.);
#2462 = EDGE_CURVE('', #2463, #2456, #2465, .T.);
#2463 = VERTEX_POINT('', #2464);
#2464 = CARTESIAN_POINT('', (56., 36.2, 5.));
#2465 = B_SPLINE_CURVE_WITH_KNOTS('', 1, (#2466, #2467), .UNSPECIFIED., .F., .U., (2, 2), (0.0464612918833595, 0.234595867102114), .UNSPECIFIED.);
#2466 = CARTESIAN_POINT('', (56., 36.2, 5.));
#2467 = CARTESIAN_POINT('', (61.6, 36.2, 5.));
#2468 = ORIENTED_EDGE('', *, *, #2469, .F.);
#2469 = EDGE_CURVE('', #2470, #2463, #2472, .T.);
#2470 = VERTEX_POINT('', #2471);
#2471 = CARTESIAN_POINT('', (56., 36.2, 6.4));
#2472 = B_SPLINE_CURVE_WITH_KNOTS('', 1, (#2473, #2474), .UNSPECIFIED., .F., .U., (2, 2), (0., 1.), .UNSPECIFIED.);
#2473 = CARTESIAN_POINT('', (56., 36.2, 6.4));
#2474 = CARTESIAN_POINT('', (56., 36.2, 5.));
#2475 = ORIENTED_EDGE('', *, *, #2476, .F.);
#2476 = EDGE_CURVE('', #2477, #2470, #2479, .T.);
#2477 = VERTEX_POINT('', #2478);
#2478 = CARTESIAN_POINT('', (61.6, 36.2, 6.4));
#2479 = B_SPLINE_CURVE_WITH_KNOTS('', 1, (#2480, #2481), .UNSPECIFIED., .F., .U., (2, 2), (0.765404132897886, 0.95353870811664), .UNSPECIFIED.);
#2480 = CARTESIAN_POINT('', (61.6, 36.2, 6.4));
#2481 = CARTESIAN_POINT('', (56., 36.2, 6.4));
#2482 = ORIENTED_EDGE('', *, *, #2483, .F.);
#2483 = EDGE_CURVE('', #2484, #2477, #2486, .T.);
#2484 = VERTEX_POINT('', #2485);
#2485 = CARTESIAN_POINT('', (61.6, 36.2, 8.6));
#2486 = B_SPLINE_CURVE_WITH_KNOTS('', 1, (#2487, #2488), .UNSPECIFIED., .F., .U., (2, 2), (0., 0.314285714285715), .UNSPECIFIED.);
#2487 = CARTESIAN_POINT('', (61.6, 36.2, 8.6));
#2488 = CARTESIAN_POINT('', (61.6, 36.2, 6.4));
#2489 = ORIENTED_EDGE('', *, *, #2490, .F.);
#2490 = EDGE_CURVE('', #2198, #2484, #2491, .T.);
#2491 = B_SPLINE_CURVE_WITH_KNOTS('', 1, (#2492, #2493), .UNSPECIFIED., .F., .U., (2, 2), (0., 0.23030303030303), .UNSPECIFIED.);
#2492 = CARTESIAN_POINT('', (54., 36.2, 8.6));
#2493 = CARTESIAN_POINT('', (61.6, 36.2, 8.6));
#2494 = ORIENTED_EDGE('', *, *, #2197, .F.);
#2495 = ORIENTED_EDGE('', *, *, #2313, .F.);
#2496 = ORIENTED_EDGE('', *, *, #2440, .F.);
#2497 = ORIENTED_EDGE('', *, *, #1670, .F.);
#2498 = B_SPLINE_SURFACE_WITH_KNOTS('', 1, 1, ((#2499, #2500), (#2501, #2502)), .UNSPECIFIED., .F., .F., .U., (2, 2), (2, 2), (0., 1.), (0., 1.), .UNSPECIFIED.);
#2499 = CARTESIAN_POINT('', (54., 36.2, 1.6));
#2500 = CARTESIAN_POINT('', (54., 36.2, 8.6));
#2501 = CARTESIAN_POINT('', (87., 36.2, 1.6));
#2502 = CARTESIAN_POINT('', (87., 36.2, 8.6));
#2503 = ADVANCED_FACE('', (#2504), #2526, .T.);
#2504 = FACE_OUTER_BOUND('', #2505, .T.);
#2505 = EDGE_LOOP('', (#2506, #2507, #2514, #2521));
#2506 = ORIENTED_EDGE('', *, *, #2469, .T.);
#2507 = ORIENTED_EDGE('', *, *, #2508, .T.);
#2508 = EDGE_CURVE('', #2463, #2509, #2511, .T.);
#2509 = VERTEX_POINT('', #2510);
#2510 = CARTESIAN_POINT('', (56., 36.1, 5.));
#2511 = B_SPLINE_CURVE_WITH_KNOTS('', 1, (#2512, #2513), .UNSPECIFIED., .F., .U., (2, 2), (0.944444444444444, 1.), .UNSPECIFIED.);
#2512 = CARTESIAN_POINT('', (56., 36.2, 5.));
#2513 = CARTESIAN_POINT('', (56., 36.1, 5.));
#2514 = ORIENTED_EDGE('', *, *, #2515, .T.);
#2515 = EDGE_CURVE('', #2509, #2516, #2518, .T.);
#2516 = VERTEX_POINT('', #2517);
#2517 = CARTESIAN_POINT('', (56., 36.1, 6.4));
#2518 = B_SPLINE_CURVE_WITH_KNOTS('', 1, (#2519, #2520), .UNSPECIFIED., .F., .U., (2, 2), (0., 1.), .UNSPECIFIED.);
#2519 = CARTESIAN_POINT('', (56., 36.1, 5.));
#2520 = CARTESIAN_POINT('', (56., 36.1, 6.4));
#2521 = ORIENTED_EDGE('', *, *, #2522, .F.);
#2522 = EDGE_CURVE('', #2470, #2516, #2523, .T.);
#2523 = B_SPLINE_CURVE_WITH_KNOTS('', 1, (#2524, #2525), .UNSPECIFIED., .F., .U., (2, 2), (0.944444444444444, 1.), .UNSPECIFIED.);
#2524 = CARTESIAN_POINT('', (56., 36.2, 6.4));
#2525 = CARTESIAN_POINT('', (56., 36.1, 6.4));
#2526 = B_SPLINE_SURFACE_WITH_KNOTS('', 1, 1, ((#2527, #2528), (#2529, #2530)), .UNSPECIFIED., .F., .F., .U., (2, 2), (2, 2), (0., 1.), (0., 1.), .UNSPECIFIED.);
#2527 = CARTESIAN_POINT('', (56., 37.9, 5.));
#2528 = CARTESIAN_POINT('', (56., 37.9, 6.4));
#2529 = CARTESIAN_POINT('', (56., 36.1, 5.));
#2530 = CARTESIAN_POINT('', (56., 36.1, 6.4));
#2531 = ADVANCED_FACE('', (#2532), #2554, .T.);
#2532 = FACE_OUTER_BOUND('', #2533, .T.);
#2533 = EDGE_LOOP('', (#2534, #2543, #2548, #2549));
#2534 = ORIENTED_EDGE('', *, *, #2535, .F.);
#2535 = EDGE_CURVE('', #2536, #2538, #2540, .T.);
#2536 = VERTEX_POINT('', #2537);
#2537 = CARTESIAN_POINT('', (61.6, 36.1, 6.4));
#2538 = VERTEX_POINT('', #2539);
#2539 = CARTESIAN_POINT('', (61.6, 36.1, 5.));
#2540 = B_SPLINE_CURVE_WITH_KNOTS('', 1, (#2541, #2542), .UNSPECIFIED., .F., .U., (2, 2), (0., 1.), .UNSPECIFIED.);
#2541 = CARTESIAN_POINT('', (61.6, 36.1, 6.39999999999999));
#2542 = CARTESIAN_POINT('', (61.6, 36.1, 5.));
#2543 = ORIENTED_EDGE('', *, *, #2544, .F.);
#2544 = EDGE_CURVE('', #2516, #2536, #2545, .T.);
#2545 = B_SPLINE_CURVE_WITH_KNOTS('', 1, (#2546, #2547), .UNSPECIFIED., .F., .U., (2, 2), (0., 0.207407407407407), .UNSPECIFIED.);
#2546 = CARTESIAN_POINT('', (56., 36.1, 6.4));
#2547 = CARTESIAN_POINT('', (61.6, 36.1, 6.4));
#2548 = ORIENTED_EDGE('', *, *, #2515, .F.);
#2549 = ORIENTED_EDGE('', *, *, #2550, .T.);
#2550 = EDGE_CURVE('', #2509, #2538, #2551, .T.);
#2551 = B_SPLINE_CURVE_WITH_KNOTS('', 1, (#2552, #2553), .UNSPECIFIED., .F., .U., (2, 2), (0., 0.207407407407407), .UNSPECIFIED.);
#2552 = CARTESIAN_POINT('', (56., 36.1, 5.));
#2553 = CARTESIAN_POINT('', (61.6, 36.1, 5.));
#2554 = B_SPLINE_SURFACE_WITH_KNOTS('', 1, 1, ((#2555, #2556), (#2557, #2558)), .UNSPECIFIED., .F., .F., .U., (2, 2), (2, 2), (0., 1.), (0., 1.), .UNSPECIFIED.);
#2555 = CARTESIAN_POINT('', (56., 36.1, 5.));
#2556 = CARTESIAN_POINT('', (56., 36.1, 6.4));
#2557 = CARTESIAN_POINT('', (83., 36.1, 5.));
#2558 = CARTESIAN_POINT('', (83., 36.1, 6.4));
#2559 = ADVANCED_FACE('', (#2560), #2570, .T.);
#2560 = FACE_OUTER_BOUND('', #2561, .T.);
#2561 = EDGE_LOOP('', (#2562, #2567, #2568, #2569));
#2562 = ORIENTED_EDGE('', *, *, #2563, .F.);
#2563 = EDGE_CURVE('', #2477, #2536, #2564, .T.);
#2564 = B_SPLINE_CURVE_WITH_KNOTS('', 1, (#2565, #2566), .UNSPECIFIED., .F., .U., (2, 2), (0., 1.), .UNSPECIFIED.);
#2565 = CARTESIAN_POINT('', (61.6, 36.2, 6.4));
#2566 = CARTESIAN_POINT('', (61.6, 36.1, 6.4));
#2567 = ORIENTED_EDGE('', *, *, #2476, .T.);
#2568 = ORIENTED_EDGE('', *, *, #2522, .T.);
#2569 = ORIENTED_EDGE('', *, *, #2544, .T.);
#2570 = B_SPLINE_SURFACE_WITH_KNOTS('', 1, 1, ((#2571, #2572), (#2573, #2574)), .UNSPECIFIED., .F., .F., .U., (2, 2), (2, 2), (0., 1.), (0., 1.), .UNSPECIFIED.);
#2571 = CARTESIAN_POINT('', (84.3829634145892, 22.1170365854108, 6.4));
#2572 = CARTESIAN_POINT('', (54.6170365854108, 22.1170365854108, 6.4));
#2573 = CARTESIAN_POINT('', (84.3829634145892, 51.8829634145892, 6.4));
#2574 = CARTESIAN_POINT('', (54.6170365854108, 51.8829634145892, 6.4));
#2575 = ADVANCED_FACE('', (#2576), #2620, .T.);
#2576 = FACE_OUTER_BOUND('', #2577, .T.);
#2577 = EDGE_LOOP('', (#2578, #2579, #2580, #2585, #2586, #2587, #2594, #2601, #2608, #2613, #2614, #2619));
#2578 = ORIENTED_EDGE('', *, *, #2563, .T.);
#2579 = ORIENTED_EDGE('', *, *, #2535, .T.);
#2580 = ORIENTED_EDGE('', *, *, #2581, .T.);
#2581 = EDGE_CURVE('', #2538, #2456, #2582, .T.);
#2582 = B_SPLINE_CURVE_WITH_KNOTS('', 1, (#2583, #2584), .UNSPECIFIED., .F., .U., (2, 2), (0., 1.), .UNSPECIFIED.);
#2583 = CARTESIAN_POINT('', (61.6, 36.1, 5.));
#2584 = CARTESIAN_POINT('', (61.6, 36.2, 5.));
#2585 = ORIENTED_EDGE('', *, *, #2455, .T.);
#2586 = ORIENTED_EDGE('', *, *, #1677, .F.);
#2587 = ORIENTED_EDGE('', *, *, #2588, .T.);
#2588 = EDGE_CURVE('', #1678, #2589, #2591, .T.);
#2589 = VERTEX_POINT('', #2590);
#2590 = CARTESIAN_POINT('', (61.6, 24.9, 4.5));
#2591 = B_SPLINE_CURVE_WITH_KNOTS('', 1, (#2592, #2593), .UNSPECIFIED., .F., .U., (2, 2), (0., 1.), .UNSPECIFIED.);
#2592 = CARTESIAN_POINT('', (61.6, 24.9, 1.6));
#2593 = CARTESIAN_POINT('', (61.6, 24.9, 4.5));
#2594 = ORIENTED_EDGE('', *, *, #2595, .T.);
#2595 = EDGE_CURVE('', #2589, #2596, #2598, .T.);
#2596 = VERTEX_POINT('', #2597);
#2597 = CARTESIAN_POINT('', (61.6, 24.4, 4.5));
#2598 = B_SPLINE_CURVE_WITH_KNOTS('', 1, (#2599, #2600), .UNSPECIFIED., .F., .U., (2, 2), (0.959349593495935, 1.), .UNSPECIFIED.);
#2599 = CARTESIAN_POINT('', (61.6, 24.9, 4.5));
#2600 = CARTESIAN_POINT('', (61.6, 24.4, 4.5));
#2601 = ORIENTED_EDGE('', *, *, #2602, .T.);
#2602 = EDGE_CURVE('', #2596, #2603, #2605, .T.);
#2603 = VERTEX_POINT('', #2604);
#2604 = CARTESIAN_POINT('', (61.6, 24.4, 11.6));
#2605 = B_SPLINE_CURVE_WITH_KNOTS('', 1, (#2606, #2607), .UNSPECIFIED., .F., .U., (2, 2), (0.29, 1.), .UNSPECIFIED.);
#2606 = CARTESIAN_POINT('', (61.6, 24.4, 4.5));
#2607 = CARTESIAN_POINT('', (61.6, 24.4, 11.6));
#2608 = ORIENTED_EDGE('', *, *, #2609, .F.);
#2609 = EDGE_CURVE('', #2126, #2603, #2610, .T.);
#2610 = B_SPLINE_CURVE_WITH_KNOTS('', 1, (#2611, #2612), .UNSPECIFIED., .F., .U., (2, 2), (0.0243902439024394, 1.), .UNSPECIFIED.);
#2611 = CARTESIAN_POINT('', (61.6, 36.4, 11.6));
#2612 = CARTESIAN_POINT('', (61.6, 24.4, 11.6));
#2613 = ORIENTED_EDGE('', *, *, #2125, .T.);
#2614 = ORIENTED_EDGE('', *, *, #2615, .T.);
#2615 = EDGE_CURVE('', #2119, #2484, #2616, .T.);
#2616 = B_SPLINE_CURVE_WITH_KNOTS('', 1, (#2617, #2618), .UNSPECIFIED., .F., .U., (2, 2), (0., 1.), .UNSPECIFIED.);
#2617 = CARTESIAN_POINT('', (61.6, 36.4, 8.6));
#2618 = CARTESIAN_POINT('', (61.6, 36.2, 8.6));
#2619 = ORIENTED_EDGE('', *, *, #2483, .T.);
#2620 = B_SPLINE_SURFACE_WITH_KNOTS('', 1, 1, ((#2621, #2622), (#2623, #2624)), .UNSPECIFIED., .F., .F., .U., (2, 2), (2, 2), (0., 1.), (0., 1.), .UNSPECIFIED.);
#2621 = CARTESIAN_POINT('', (61.6, 36.7, 1.6));
#2622 = CARTESIAN_POINT('', (61.6, 36.7, 11.6));
#2623 = CARTESIAN_POINT('', (61.6, 24.4, 1.6));
#2624 = CARTESIAN_POINT('', (61.6, 24.4, 11.6));
#2625 = ADVANCED_FACE('', (#2626), #2632, .T.);
#2626 = FACE_OUTER_BOUND('', #2627, .T.);
#2627 = EDGE_LOOP('', (#2628, #2629, #2630, #2631));
#2628 = ORIENTED_EDGE('', *, *, #2581, .F.);
#2629 = ORIENTED_EDGE('', *, *, #2550, .F.);
#2630 = ORIENTED_EDGE('', *, *, #2508, .F.);
#2631 = ORIENTED_EDGE('', *, *, #2462, .T.);
#2632 = B_SPLINE_SURFACE_WITH_KNOTS('', 1, 1, ((#2633, #2634), (#2635, #2636)), .UNSPECIFIED., .F., .F., .U., (2, 2), (2, 2), (0., 1.), (0., 1.), .UNSPECIFIED.);
#2633 = CARTESIAN_POINT('', (84.3829634145892, 22.1170365854108, 5.));
#2634 = CARTESIAN_POINT('', (84.3829634145892, 51.8829634145892, 5.));
#2635 = CARTESIAN_POINT('', (54.6170365854108, 22.1170365854108, 5.));
#2636 = CARTESIAN_POINT('', (54.6170365854108, 51.8829634145892, 5.));
#2637 = ADVANCED_FACE('', (#2638), #2654, .T.);
#2638 = FACE_OUTER_BOUND('', #2639, .T.);
#2639 = EDGE_LOOP('', (#2640, #2641, #2642, #2649));
#2640 = ORIENTED_EDGE('', *, *, #2588, .F.);
#2641 = ORIENTED_EDGE('', *, *, #1684, .F.);
#2642 = ORIENTED_EDGE('', *, *, #2643, .T.);
#2643 = EDGE_CURVE('', #1685, #2644, #2646, .T.);
#2644 = VERTEX_POINT('', #2645);
#2645 = CARTESIAN_POINT('', (55., 24.9, 4.5));
#2646 = B_SPLINE_CURVE_WITH_KNOTS('', 1, (#2647, #2648), .UNSPECIFIED., .F., .U., (2, 2), (0.0169491525423729, 1.), .UNSPECIFIED.);
#2647 = CARTESIAN_POINT('', (55., 24.9, 1.6));
#2648 = CARTESIAN_POINT('', (55., 24.9, 4.5));
#2649 = ORIENTED_EDGE('', *, *, #2650, .F.);
#2650 = EDGE_CURVE('', #2589, #2644, #2651, .T.);
#2651 = B_SPLINE_CURVE_WITH_KNOTS('', 1, (#2652, #2653), .UNSPECIFIED., .F., .U., (2, 2), (0.78, 1.), .UNSPECIFIED.);
#2652 = CARTESIAN_POINT('', (61.6, 24.9, 4.5));
#2653 = CARTESIAN_POINT('', (55., 24.9, 4.5));
#2654 = B_SPLINE_SURFACE_WITH_KNOTS('', 1, 1, ((#2655, #2656), (#2657, #2658)), .UNSPECIFIED., .F., .F., .U., (2, 2), (2, 2), (0., 1.), (0., 1.), .UNSPECIFIED.);
#2655 = CARTESIAN_POINT('', (85., 24.9, 1.55));
#2656 = CARTESIAN_POINT('', (85., 24.9, 4.5));
#2657 = CARTESIAN_POINT('', (55., 24.9, 1.55));
#2658 = CARTESIAN_POINT('', (55., 24.9, 4.5));
#2659 = ADVANCED_FACE('', (#2660), #2676, .T.);
#2660 = FACE_OUTER_BOUND('', #2661, .T.);
#2661 = EDGE_LOOP('', (#2662, #2663, #2670, #2675));
#2662 = ORIENTED_EDGE('', *, *, #1691, .F.);
#2663 = ORIENTED_EDGE('', *, *, #2664, .T.);
#2664 = EDGE_CURVE('', #1692, #2665, #2667, .T.);
#2665 = VERTEX_POINT('', #2666);
#2666 = CARTESIAN_POINT('', (55., 21.9, 4.5));
#2667 = B_SPLINE_CURVE_WITH_KNOTS('', 1, (#2668, #2669), .UNSPECIFIED., .F., .U., (2, 2), (0.0169491525423729, 1.), .UNSPECIFIED.);
#2668 = CARTESIAN_POINT('', (55., 21.9, 1.6));
#2669 = CARTESIAN_POINT('', (55., 21.9, 4.5));
#2670 = ORIENTED_EDGE('', *, *, #2671, .F.);
#2671 = EDGE_CURVE('', #2644, #2665, #2672, .T.);
#2672 = B_SPLINE_CURVE_WITH_KNOTS('', 1, (#2673, #2674), .UNSPECIFIED., .F., .U., (2, 2), (0., 1.), .UNSPECIFIED.);
#2673 = CARTESIAN_POINT('', (55., 24.9, 4.5));
#2674 = CARTESIAN_POINT('', (55., 21.9, 4.5));
#2675 = ORIENTED_EDGE('', *, *, #2643, .F.);
#2676 = B_SPLINE_SURFACE_WITH_KNOTS('', 1, 1, ((#2677, #2678), (#2679, #2680)), .UNSPECIFIED., .F., .F., .U., (2, 2), (2, 2), (0., 1.), (0., 1.), .UNSPECIFIED.);
#2677 = CARTESIAN_POINT('', (55., 24.9, 1.55));
#2678 = CARTESIAN_POINT('', (55., 24.9, 4.5));
#2679 = CARTESIAN_POINT('', (55., 21.9, 1.55));
#2680 = CARTESIAN_POINT('', (55., 21.9, 4.5));
#2681 = ADVANCED_FACE('', (#2682), #2712, .T.);
#2682 = FACE_OUTER_BOUND('', #2683, .T.);
#2683 = EDGE_LOOP('', (#2684, #2693, #2698, #2699, #2704, #2705, #2706, #2707));
#2684 = ORIENTED_EDGE('', *, *, #2685, .F.);
#2685 = EDGE_CURVE('', #2686, #2688, #2690, .T.);
#2686 = VERTEX_POINT('', #2687);
#2687 = CARTESIAN_POINT('', (73., 24.9, 4.5));
#2688 = VERTEX_POINT('', #2689);
#2689 = CARTESIAN_POINT('', (73., 21.9, 4.5));
#2690 = B_SPLINE_CURVE_WITH_KNOTS('', 1, (#2691, #2692), .UNSPECIFIED., .F., .U., (2, 2), (0., 1.), .UNSPECIFIED.);
#2691 = CARTESIAN_POINT('', (73., 24.9, 4.5));
#2692 = CARTESIAN_POINT('', (73., 21.9, 4.5));
#2693 = ORIENTED_EDGE('', *, *, #2694, .T.);
#2694 = EDGE_CURVE('', #2686, #2044, #2695, .T.);
#2695 = B_SPLINE_CURVE_WITH_KNOTS('', 1, (#2696, #2697), .UNSPECIFIED., .F., .U., (2, 2), (0.4, 0.546666666666667), .UNSPECIFIED.);
#2696 = CARTESIAN_POINT('', (73., 24.9, 4.5));
#2697 = CARTESIAN_POINT('', (68.6, 24.9, 4.5));
#2698 = ORIENTED_EDGE('', *, *, #2043, .F.);
#2699 = ORIENTED_EDGE('', *, *, #2700, .F.);
#2700 = EDGE_CURVE('', #2596, #2037, #2701, .T.);
#2701 = B_SPLINE_CURVE_WITH_KNOTS('', 1, (#2702, #2703), .UNSPECIFIED., .F., .U., (2, 2), (0., 1.), .UNSPECIFIED.);
#2702 = CARTESIAN_POINT('', (61.6, 24.4, 4.5));
#2703 = CARTESIAN_POINT('', (68.6, 24.4, 4.5));
#2704 = ORIENTED_EDGE('', *, *, #2595, .F.);
#2705 = ORIENTED_EDGE('', *, *, #2650, .T.);
#2706 = ORIENTED_EDGE('', *, *, #2671, .T.);
#2707 = ORIENTED_EDGE('', *, *, #2708, .T.);
#2708 = EDGE_CURVE('', #2665, #2688, #2709, .T.);
#2709 = B_SPLINE_CURVE_WITH_KNOTS('', 1, (#2710, #2711), .UNSPECIFIED., .F., .U., (2, 2), (0., 0.6), .UNSPECIFIED.);
#2710 = CARTESIAN_POINT('', (55., 21.9, 4.5));
#2711 = CARTESIAN_POINT('', (73., 21.9, 4.5));
#2712 = B_SPLINE_SURFACE_WITH_KNOTS('', 1, 1, ((#2713, #2714), (#2715, #2716)), .UNSPECIFIED., .F., .F., .U., (2, 2), (2, 2), (0., 1.), (0., 1.), .UNSPECIFIED.);
#2713 = CARTESIAN_POINT('', (86.5822947748495, 6.81770522515053, 4.5));
#2714 = CARTESIAN_POINT('', (53.4177052251505, 6.81770522515053, 4.5));
#2715 = CARTESIAN_POINT('', (86.5822947748495, 39.9822947748495, 4.5));
#2716 = CARTESIAN_POINT('', (53.4177052251505, 39.9822947748495, 4.5));
#2717 = ADVANCED_FACE('', (#2718), #2756, .T.);
#2718 = FACE_OUTER_BOUND('', #2719, .T.);
#2719 = EDGE_LOOP('', (#2720, #2729, #2736, #2743, #2748, #2749, #2750, #2751));
#2720 = ORIENTED_EDGE('', *, *, #2721, .F.);
#2721 = EDGE_CURVE('', #2722, #2724, #2726, .T.);
#2722 = VERTEX_POINT('', #2723);
#2723 = CARTESIAN_POINT('', (77., 24.9, 2.7));
#2724 = VERTEX_POINT('', #2725);
#2725 = CARTESIAN_POINT('', (73., 24.9, 2.7));
#2726 = B_SPLINE_CURVE_WITH_KNOTS('', 1, (#2727, #2728), .UNSPECIFIED., .F., .U., (2, 2), (0.149375782481783, 0.850624217518217), .UNSPECIFIED.);
#2727 = CARTESIAN_POINT('', (77., 24.9, 2.7));
#2728 = CARTESIAN_POINT('', (73., 24.9, 2.7));
#2729 = ORIENTED_EDGE('', *, *, #2730, .F.);
#2730 = EDGE_CURVE('', #2731, #2722, #2733, .T.);
#2731 = VERTEX_POINT('', #2732);
#2732 = CARTESIAN_POINT('', (77., 24.9, 4.5));
#2733 = B_SPLINE_CURVE_WITH_KNOTS('', 1, (#2734, #2735), .UNSPECIFIED., .F., .U., (2, 2), (0., 1.), .UNSPECIFIED.);
#2734 = CARTESIAN_POINT('', (77., 24.9, 4.49999999999999));
#2735 = CARTESIAN_POINT('', (77., 24.9, 2.7));
#2736 = ORIENTED_EDGE('', *, *, #2737, .F.);
#2737 = EDGE_CURVE('', #2738, #2731, #2740, .T.);
#2738 = VERTEX_POINT('', #2739);
#2739 = CARTESIAN_POINT('', (85., 24.9, 4.5));
#2740 = B_SPLINE_CURVE_WITH_KNOTS('', 1, (#2741, #2742), .UNSPECIFIED., .F., .U., (2, 2), (0., 0.266666666666667), .UNSPECIFIED.);
#2741 = CARTESIAN_POINT('', (85., 24.9, 4.5));
#2742 = CARTESIAN_POINT('', (77., 24.9, 4.5));
#2743 = ORIENTED_EDGE('', *, *, #2744, .F.);
#2744 = EDGE_CURVE('', #1706, #2738, #2745, .T.);
#2745 = B_SPLINE_CURVE_WITH_KNOTS('', 1, (#2746, #2747), .UNSPECIFIED., .F., .U., (2, 2), (0.0169491525423729, 1.), .UNSPECIFIED.);
#2746 = CARTESIAN_POINT('', (85., 24.9, 1.6));
#2747 = CARTESIAN_POINT('', (85., 24.9, 4.5));
#2748 = ORIENTED_EDGE('', *, *, #1712, .F.);
#2749 = ORIENTED_EDGE('', *, *, #2050, .F.);
#2750 = ORIENTED_EDGE('', *, *, #2694, .F.);
#2751 = ORIENTED_EDGE('', *, *, #2752, .F.);
#2752 = EDGE_CURVE('', #2724, #2686, #2753, .T.);
#2753 = B_SPLINE_CURVE_WITH_KNOTS('', 1, (#2754, #2755), .UNSPECIFIED., .F., .U., (2, 2), (0., 1.), .UNSPECIFIED.);
#2754 = CARTESIAN_POINT('', (73., 24.9, 2.7));
#2755 = CARTESIAN_POINT('', (73., 24.9, 4.5));
#2756 = B_SPLINE_SURFACE_WITH_KNOTS('', 1, 1, ((#2757, #2758), (#2759, #2760)), .UNSPECIFIED., .F., .F., .U., (2, 2), (2, 2), (0., 1.), (0., 1.), .UNSPECIFIED.);
#2757 = CARTESIAN_POINT('', (85., 24.9, 1.55));
#2758 = CARTESIAN_POINT('', (85., 24.9, 4.5));
#2759 = CARTESIAN_POINT('', (55., 24.9, 1.55));
#2760 = CARTESIAN_POINT('', (55., 24.9, 4.5));
#2761 = ADVANCED_FACE('', (#2762), #2784, .F.);
#2762 = FACE_OUTER_BOUND('', #2763, .F.);
#2763 = EDGE_LOOP('', (#2764, #2771, #2778, #2783));
#2764 = ORIENTED_EDGE('', *, *, #2765, .F.);
#2765 = EDGE_CURVE('', #2766, #2731, #2768, .T.);
#2766 = VERTEX_POINT('', #2767);
#2767 = CARTESIAN_POINT('', (77., 21.9, 4.5));
#2768 = B_SPLINE_CURVE_WITH_KNOTS('', 1, (#2769, #2770), .UNSPECIFIED., .F., .U., (2, 2), (0., 1.), .UNSPECIFIED.);
#2769 = CARTESIAN_POINT('', (77., 21.9, 4.5));
#2770 = CARTESIAN_POINT('', (77., 24.9, 4.5));
#2771 = ORIENTED_EDGE('', *, *, #2772, .F.);
#2772 = EDGE_CURVE('', #2773, #2766, #2775, .T.);
#2773 = VERTEX_POINT('', #2774);
#2774 = CARTESIAN_POINT('', (77., 21.9, 2.7));
#2775 = B_SPLINE_CURVE_WITH_KNOTS('', 1, (#2776, #2777), .UNSPECIFIED., .F., .U., (2, 2), (0., 1.), .UNSPECIFIED.);
#2776 = CARTESIAN_POINT('', (77., 21.9, 2.7));
#2777 = CARTESIAN_POINT('', (77., 21.9, 4.5));
#2778 = ORIENTED_EDGE('', *, *, #2779, .T.);
#2779 = EDGE_CURVE('', #2773, #2722, #2780, .T.);
#2780 = B_SPLINE_CURVE_WITH_KNOTS('', 1, (#2781, #2782), .UNSPECIFIED., .F., .U., (2, 2), (0.0303030303030297, 0.939393939393939), .UNSPECIFIED.);
#2781 = CARTESIAN_POINT('', (77., 21.9, 2.7));
#2782 = CARTESIAN_POINT('', (77., 24.9, 2.7));
#2783 = ORIENTED_EDGE('', *, *, #2730, .F.);
#2784 = B_SPLINE_SURFACE_WITH_KNOTS('', 1, 1, ((#2785, #2786), (#2787, #2788)), .UNSPECIFIED., .F., .F., .U., (2, 2), (2, 2), (0., 1.), (0., 1.), .UNSPECIFIED.);
#2785 = CARTESIAN_POINT('', (77., 21.8, 2.7));
#2786 = CARTESIAN_POINT('', (77., 21.8, 4.6));
#2787 = CARTESIAN_POINT('', (77., 25.1, 2.7));
#2788 = CARTESIAN_POINT('', (77., 25.1, 4.6));
#2789 = ADVANCED_FACE('', (#2790), #2806, .F.);
#2790 = FACE_OUTER_BOUND('', #2791, .F.);
#2791 = EDGE_LOOP('', (#2792, #2793, #2794, #2801));
#2792 = ORIENTED_EDGE('', *, *, #2721, .F.);
#2793 = ORIENTED_EDGE('', *, *, #2779, .F.);
#2794 = ORIENTED_EDGE('', *, *, #2795, .F.);
#2795 = EDGE_CURVE('', #2796, #2773, #2798, .T.);
#2796 = VERTEX_POINT('', #2797);
#2797 = CARTESIAN_POINT('', (73., 21.9, 2.7));
#2798 = B_SPLINE_CURVE_WITH_KNOTS('', 1, (#2799, #2800), .UNSPECIFIED., .F., .U., (2, 2), (0.149375782481783, 0.850624217518217), .UNSPECIFIED.);
#2799 = CARTESIAN_POINT('', (73., 21.9, 2.7));
#2800 = CARTESIAN_POINT('', (77., 21.9, 2.7));
#2801 = ORIENTED_EDGE('', *, *, #2802, .F.);
#2802 = EDGE_CURVE('', #2724, #2796, #2803, .T.);
#2803 = B_SPLINE_CURVE_WITH_KNOTS('', 1, (#2804, #2805), .UNSPECIFIED., .F., .U., (2, 2), (0.0606060606060615, 0.96969696969697), .UNSPECIFIED.);
#2804 = CARTESIAN_POINT('', (73., 24.9, 2.7));
#2805 = CARTESIAN_POINT('', (73., 21.9, 2.7));
#2806 = B_SPLINE_SURFACE_WITH_KNOTS('', 1, 1, ((#2807, #2808), (#2809, #2810)), .UNSPECIFIED., .F., .F., .U., (2, 2), (2, 2), (0., 1.), (0., 1.), .UNSPECIFIED.);
#2807 = CARTESIAN_POINT('', (77.8520562757421, 20.5979437242579, 2.7));
#2808 = CARTESIAN_POINT('', (77.8520562757421, 26.3020562757421, 2.7));
#2809 = CARTESIAN_POINT('', (72.1479437242579, 20.5979437242579, 2.7));
#2810 = CARTESIAN_POINT('', (72.1479437242579, 26.3020562757421, 2.7));
#2811 = ADVANCED_FACE('', (#2812), #2822, .F.);
#2812 = FACE_OUTER_BOUND('', #2813, .F.);
#2813 = EDGE_LOOP('', (#2814, #2815, #2816, #2817));
#2814 = ORIENTED_EDGE('', *, *, #2685, .F.);
#2815 = ORIENTED_EDGE('', *, *, #2752, .F.);
#2816 = ORIENTED_EDGE('', *, *, #2802, .T.);
#2817 = ORIENTED_EDGE('', *, *, #2818, .F.);
#2818 = EDGE_CURVE('', #2688, #2796, #2819, .T.);
#2819 = B_SPLINE_CURVE_WITH_KNOTS('', 1, (#2820, #2821), .UNSPECIFIED., .F., .U., (2, 2), (0., 1.), .UNSPECIFIED.);
#2820 = CARTESIAN_POINT('', (73., 21.9, 4.49999999999999));
#2821 = CARTESIAN_POINT('', (73., 21.9, 2.7));
#2822 = B_SPLINE_SURFACE_WITH_KNOTS('', 1, 1, ((#2823, #2824), (#2825, #2826)), .UNSPECIFIED., .F., .F., .U., (2, 2), (2, 2), (0., 1.), (0., 1.), .UNSPECIFIED.);
#2823 = CARTESIAN_POINT('', (73., 25.1, 2.7));
#2824 = CARTESIAN_POINT('', (73., 25.1, 4.6));
#2825 = CARTESIAN_POINT('', (73., 21.8, 2.7));
#2826 = CARTESIAN_POINT('', (73., 21.8, 4.6));
#2827 = ADVANCED_FACE('', (#2828), #2848, .T.);
#2828 = FACE_OUTER_BOUND('', #2829, .T.);
#2829 = EDGE_LOOP('', (#2830, #2831, #2832, #2833, #2834, #2835, #2842, #2847));
#2830 = ORIENTED_EDGE('', *, *, #2795, .F.);
#2831 = ORIENTED_EDGE('', *, *, #2818, .F.);
#2832 = ORIENTED_EDGE('', *, *, #2708, .F.);
#2833 = ORIENTED_EDGE('', *, *, #2664, .F.);
#2834 = ORIENTED_EDGE('', *, *, #1698, .F.);
#2835 = ORIENTED_EDGE('', *, *, #2836, .T.);
#2836 = EDGE_CURVE('', #1699, #2837, #2839, .T.);
#2837 = VERTEX_POINT('', #2838);
#2838 = CARTESIAN_POINT('', (85., 21.9, 4.5));
#2839 = B_SPLINE_CURVE_WITH_KNOTS('', 1, (#2840, #2841), .UNSPECIFIED., .F., .U., (2, 2), (0.0169491525423729, 1.), .UNSPECIFIED.);
#2840 = CARTESIAN_POINT('', (85., 21.9, 1.6));
#2841 = CARTESIAN_POINT('', (85., 21.9, 4.5));
#2842 = ORIENTED_EDGE('', *, *, #2843, .F.);
#2843 = EDGE_CURVE('', #2766, #2837, #2844, .T.);
#2844 = B_SPLINE_CURVE_WITH_KNOTS('', 1, (#2845, #2846), .UNSPECIFIED., .F., .U., (2, 2), (0.733333333333333, 1.), .UNSPECIFIED.);
#2845 = CARTESIAN_POINT('', (77., 21.9, 4.5));
#2846 = CARTESIAN_POINT('', (85., 21.9, 4.5));
#2847 = ORIENTED_EDGE('', *, *, #2772, .F.);
#2848 = B_SPLINE_SURFACE_WITH_KNOTS('', 1, 1, ((#2849, #2850), (#2851, #2852)), .UNSPECIFIED., .F., .F., .U., (2, 2), (2, 2), (0., 1.), (0., 1.), .UNSPECIFIED.);
#2849 = CARTESIAN_POINT('', (55., 21.9, 1.55));
#2850 = CARTESIAN_POINT('', (55., 21.9, 4.5));
#2851 = CARTESIAN_POINT('', (85., 21.9, 1.55));
#2852 = CARTESIAN_POINT('', (85., 21.9, 4.5));
#2853 = ADVANCED_FACE('', (#2854), #2864, .T.);
#2854 = FACE_OUTER_BOUND('', #2855, .T.);
#2855 = EDGE_LOOP('', (#2856, #2857, #2858, #2863));
#2856 = ORIENTED_EDGE('', *, *, #1705, .F.);
#2857 = ORIENTED_EDGE('', *, *, #2744, .T.);
#2858 = ORIENTED_EDGE('', *, *, #2859, .F.);
#2859 = EDGE_CURVE('', #2837, #2738, #2860, .T.);
#2860 = B_SPLINE_CURVE_WITH_KNOTS('', 1, (#2861, #2862), .UNSPECIFIED., .F., .U., (2, 2), (0., 1.), .UNSPECIFIED.);
#2861 = CARTESIAN_POINT('', (85., 21.9, 4.5));
#2862 = CARTESIAN_POINT('', (85., 24.9, 4.5));
#2863 = ORIENTED_EDGE('', *, *, #2836, .F.);
#2864 = B_SPLINE_SURFACE_WITH_KNOTS('', 1, 1, ((#2865, #2866), (#2867, #2868)), .UNSPECIFIED., .F., .F., .U., (2, 2), (2, 2), (0., 1.), (0., 1.), .UNSPECIFIED.);
#2865 = CARTESIAN_POINT('', (85., 21.9, 1.55));
#2866 = CARTESIAN_POINT('', (85., 21.9, 4.5));
#2867 = CARTESIAN_POINT('', (85., 24.9, 1.55));
#2868 = CARTESIAN_POINT('', (85., 24.9, 4.5));
#2869 = ADVANCED_FACE('', (#2870), #2876, .T.);
#2870 = FACE_OUTER_BOUND('', #2871, .T.);
#2871 = EDGE_LOOP('', (#2872, #2873, #2874, #2875));
#2872 = ORIENTED_EDGE('', *, *, #2765, .F.);
#2873 = ORIENTED_EDGE('', *, *, #2843, .T.);
#2874 = ORIENTED_EDGE('', *, *, #2859, .T.);
#2875 = ORIENTED_EDGE('', *, *, #2737, .T.);
#2876 = B_SPLINE_SURFACE_WITH_KNOTS('', 1, 1, ((#2877, #2878), (#2879, #2880)), .UNSPECIFIED., .F., .F., .U., (2, 2), (2, 2), (0., 1.), (0., 1.), .UNSPECIFIED.);
#2877 = CARTESIAN_POINT('', (86.5822947748495, 6.81770522515053, 4.5));
#2878 = CARTESIAN_POINT('', (53.4177052251505, 6.81770522515053, 4.5));
#2879 = CARTESIAN_POINT('', (86.5822947748495, 39.9822947748495, 4.5));
#2880 = CARTESIAN_POINT('', (53.4177052251505, 39.9822947748495, 4.5));
#2881 = ADVANCED_FACE('', (#2882), #2892, .T.);
#2882 = FACE_OUTER_BOUND('', #2883, .T.);
#2883 = EDGE_LOOP('', (#2884, #2885, #2886, #2891));
#2884 = ORIENTED_EDGE('', *, *, #2700, .T.);
#2885 = ORIENTED_EDGE('', *, *, #2036, .T.);
#2886 = ORIENTED_EDGE('', *, *, #2887, .F.);
#2887 = EDGE_CURVE('', #2603, #2030, #2888, .T.);
#2888 = B_SPLINE_CURVE_WITH_KNOTS('', 1, (#2889, #2890), .UNSPECIFIED., .F., .U., (2, 2), (0., 1.), .UNSPECIFIED.);
#2889 = CARTESIAN_POINT('', (61.6, 24.4, 11.6));
#2890 = CARTESIAN_POINT('', (68.6, 24.4, 11.6));
#2891 = ORIENTED_EDGE('', *, *, #2602, .F.);
#2892 = B_SPLINE_SURFACE_WITH_KNOTS('', 1, 1, ((#2893, #2894), (#2895, #2896)), .UNSPECIFIED., .F., .F., .U., (2, 2), (2, 2), (0., 1.), (0., 1.), .UNSPECIFIED.);
#2893 = CARTESIAN_POINT('', (61.6, 24.4, 1.6));
#2894 = CARTESIAN_POINT('', (61.6, 24.4, 11.6));
#2895 = CARTESIAN_POINT('', (68.6, 24.4, 1.6));
#2896 = CARTESIAN_POINT('', (68.6, 24.4, 11.6));
#2897 = ADVANCED_FACE('', (#2898), #2904, .T.);
#2898 = FACE_OUTER_BOUND('', #2899, .T.);
#2899 = EDGE_LOOP('', (#2900, #2901, #2902, #2903));
#2900 = ORIENTED_EDGE('', *, *, #2132, .T.);
#2901 = ORIENTED_EDGE('', *, *, #2609, .T.);
#2902 = ORIENTED_EDGE('', *, *, #2887, .T.);
#2903 = ORIENTED_EDGE('', *, *, #2029, .T.);
#2904 = B_SPLINE_SURFACE_WITH_KNOTS('', 1, 1, ((#2905, #2906), (#2907, #2908)), .UNSPECIFIED., .F., .F., .U., (2, 2), (2, 2), (0., 1.), (0., 1.), .UNSPECIFIED.);
#2905 = CARTESIAN_POINT('', (72.8838117269112, 22.7661882730888, 11.6));
#2906 = CARTESIAN_POINT('', (57.3161882730888, 22.7661882730888, 11.6));
#2907 = CARTESIAN_POINT('', (72.8838117269112, 38.3338117269112, 11.6));
#2908 = CARTESIAN_POINT('', (57.3161882730888, 38.3338117269112, 11.6));
#2909 = ADVANCED_FACE('', (#2910), #2916, .T.);
#2910 = FACE_OUTER_BOUND('', #2911, .T.);
#2911 = EDGE_LOOP('', (#2912, #2913, #2914, #2915));
#2912 = ORIENTED_EDGE('', *, *, #2615, .F.);
#2913 = ORIENTED_EDGE('', *, *, #2118, .F.);
#2914 = ORIENTED_EDGE('', *, *, #2204, .T.);
#2915 = ORIENTED_EDGE('', *, *, #2490, .T.);
#2916 = B_SPLINE_SURFACE_WITH_KNOTS('', 1, 1, ((#2917, #2918), (#2919, #2920)), .UNSPECIFIED., .F., .F., .U., (2, 2), (2, 2), (0., 1.), (0., 1.), .UNSPECIFIED.);
#2917 = CARTESIAN_POINT('', (88.671320810552, 18.828679189448, 8.6));
#2918 = CARTESIAN_POINT('', (52.328679189448, 18.828679189448, 8.6));
#2919 = CARTESIAN_POINT('', (88.671320810552, 55.171320810552, 8.6));
#2920 = CARTESIAN_POINT('', (52.328679189448, 55.171320810552, 8.6));
#2921 = ADVANCED_FACE('', (#2922), #2944, .T.);
#2922 = FACE_OUTER_BOUND('', #2923, .T.);
#2923 = EDGE_LOOP('', (#2924, #2925, #2932, #2937, #2938, #2939));
#2924 = ORIENTED_EDGE('', *, *, #1433, .F.);
#2925 = ORIENTED_EDGE('', *, *, #2926, .T.);
#2926 = EDGE_CURVE('', #1434, #2927, #2929, .T.);
#2927 = VERTEX_POINT('', #2928);
#2928 = CARTESIAN_POINT('', (52.3, 27.5, 20.8));
#2929 = B_SPLINE_CURVE_WITH_KNOTS('', 1, (#2930, #2931), .UNSPECIFIED., .F., .U., (2, 2), (0.0025974025974026, 1.), .UNSPECIFIED.);
#2930 = CARTESIAN_POINT('', (52.3, 27.5, 1.6));
#2931 = CARTESIAN_POINT('', (52.3, 27.5, 20.8));
#2932 = ORIENTED_EDGE('', *, *, #2933, .F.);
#2933 = EDGE_CURVE('', #2378, #2927, #2934, .T.);
#2934 = B_SPLINE_CURVE_WITH_KNOTS('', 1, (#2935, #2936), .UNSPECIFIED., .F., .U., (2, 2), (0., 1.), .UNSPECIFIED.);
#2935 = CARTESIAN_POINT('', (53.85, 27.5, 20.8));
#2936 = CARTESIAN_POINT('', (52.3, 27.5, 20.8));
#2937 = ORIENTED_EDGE('', *, *, #2410, .F.);
#2938 = ORIENTED_EDGE('', *, *, #2283, .T.);
#2939 = ORIENTED_EDGE('', *, *, #2940, .T.);
#2940 = EDGE_CURVE('', #2286, #1427, #2941, .T.);
#2941 = B_SPLINE_CURVE_WITH_KNOTS('', 1, (#2942, #2943), .UNSPECIFIED., .F., .U., (2, 2), (0.652482269503546, 0.99290780141844), .UNSPECIFIED.);
#2942 = CARTESIAN_POINT('', (52.7, 27.5, 4.));
#2943 = CARTESIAN_POINT('', (52.7, 27.5, 1.6));
#2944 = B_SPLINE_SURFACE_WITH_KNOTS('', 1, 1, ((#2945, #2946), (#2947, #2948)), .UNSPECIFIED., .F., .F., .U., (2, 2), (2, 2), (0., 1.), (0., 1.), .UNSPECIFIED.);
#2945 = CARTESIAN_POINT('', (53.85, 27.5, 1.55));
#2946 = CARTESIAN_POINT('', (53.85, 27.5, 20.8));
#2947 = CARTESIAN_POINT('', (52.3, 27.5, 1.55));
#2948 = CARTESIAN_POINT('', (52.3, 27.5, 20.8));
#2949 = ADVANCED_FACE('', (#2950), #2966, .T.);
#2950 = FACE_OUTER_BOUND('', #2951, .T.);
#2951 = EDGE_LOOP('', (#2952, #2959, #2964, #2965));
#2952 = ORIENTED_EDGE('', *, *, #2953, .T.);
#2953 = EDGE_CURVE('', #1441, #2954, #2956, .T.);
#2954 = VERTEX_POINT('', #2955);
#2955 = CARTESIAN_POINT('', (52.3, 25.8, 20.8));
#2956 = B_SPLINE_CURVE_WITH_KNOTS('', 1, (#2957, #2958), .UNSPECIFIED., .F., .U., (2, 2), (0., 1.), .UNSPECIFIED.);
#2957 = CARTESIAN_POINT('', (52.3, 25.8, 1.6));
#2958 = CARTESIAN_POINT('', (52.3, 25.8, 20.8));
#2959 = ORIENTED_EDGE('', *, *, #2960, .F.);
#2960 = EDGE_CURVE('', #2927, #2954, #2961, .T.);
#2961 = B_SPLINE_CURVE_WITH_KNOTS('', 1, (#2962, #2963), .UNSPECIFIED., .F., .U., (2, 2), (0., 0.566666666666666), .UNSPECIFIED.);
#2962 = CARTESIAN_POINT('', (52.3, 27.5, 20.8));
#2963 = CARTESIAN_POINT('', (52.3, 25.8, 20.8));
#2964 = ORIENTED_EDGE('', *, *, #2926, .F.);
#2965 = ORIENTED_EDGE('', *, *, #1440, .F.);
#2966 = B_SPLINE_SURFACE_WITH_KNOTS('', 1, 1, ((#2967, #2968), (#2969, #2970)), .UNSPECIFIED., .F., .F., .U., (2, 2), (2, 2), (0., 1.), (0., 1.), .UNSPECIFIED.);
#2967 = CARTESIAN_POINT('', (52.3, 27.5, 1.55));
#2968 = CARTESIAN_POINT('', (52.3, 27.5, 20.8));
#2969 = CARTESIAN_POINT('', (52.3, 24.5, 1.55));
#2970 = CARTESIAN_POINT('', (52.3, 24.5, 20.8));
#2971 = ADVANCED_FACE('', (#2972), #2988, .T.);
#2972 = FACE_OUTER_BOUND('', #2973, .T.);
#2973 = EDGE_LOOP('', (#2974, #2975, #2976, #2983));
#2974 = ORIENTED_EDGE('', *, *, #2953, .F.);
#2975 = ORIENTED_EDGE('', *, *, #1447, .F.);
#2976 = ORIENTED_EDGE('', *, *, #2977, .T.);
#2977 = EDGE_CURVE('', #1448, #2978, #2980, .T.);
#2978 = VERTEX_POINT('', #2979);
#2979 = CARTESIAN_POINT('', (50.6, 25.8, 20.8));
#2980 = B_SPLINE_CURVE_WITH_KNOTS('', 1, (#2981, #2982), .UNSPECIFIED., .F., .U., (2, 2), (0.0025974025974026, 1.), .UNSPECIFIED.);
#2981 = CARTESIAN_POINT('', (50.6, 25.8, 1.6));
#2982 = CARTESIAN_POINT('', (50.6, 25.8, 20.8));
#2983 = ORIENTED_EDGE('', *, *, #2984, .F.);
#2984 = EDGE_CURVE('', #2954, #2978, #2985, .T.);
#2985 = B_SPLINE_CURVE_WITH_KNOTS('', 1, (#2986, #2987), .UNSPECIFIED., .F., .U., (2, 2), (0.476923076923078, 1.), .UNSPECIFIED.);
#2986 = CARTESIAN_POINT('', (52.3, 25.8, 20.8));
#2987 = CARTESIAN_POINT('', (50.6, 25.8, 20.8));
#2988 = B_SPLINE_SURFACE_WITH_KNOTS('', 1, 1, ((#2989, #2990), (#2991, #2992)), .UNSPECIFIED., .F., .F., .U., (2, 2), (2, 2), (0., 1.), (0., 1.), .UNSPECIFIED.);
#2989 = CARTESIAN_POINT('', (53.85, 25.8, 1.55));
#2990 = CARTESIAN_POINT('', (53.85, 25.8, 20.8));
#2991 = CARTESIAN_POINT('', (50.6, 25.8, 1.55));
#2992 = CARTESIAN_POINT('', (50.6, 25.8, 20.8));
#2993 = ADVANCED_FACE('', (#2994), #3024, .T.);
#2994 = FACE_OUTER_BOUND('', #2995, .T.);
#2995 = EDGE_LOOP('', (#2996, #2997, #3004, #3011, #3018, #3023));
#2996 = ORIENTED_EDGE('', *, *, #1454, .F.);
#2997 = ORIENTED_EDGE('', *, *, #2998, .T.);
#2998 = EDGE_CURVE('', #1455, #2999, #3001, .T.);
#2999 = VERTEX_POINT('', #3000);
#3000 = CARTESIAN_POINT('', (50.6, 25.5, 4.));
#3001 = B_SPLINE_CURVE_WITH_KNOTS('', 1, (#3002, #3003), .UNSPECIFIED., .F., .U., (2, 2), (0., 1.), .UNSPECIFIED.);
#3002 = CARTESIAN_POINT('', (50.6, 25.5, 1.6));
#3003 = CARTESIAN_POINT('', (50.6, 25.5, 4.));
#3004 = ORIENTED_EDGE('', *, *, #3005, .T.);
#3005 = EDGE_CURVE('', #2999, #3006, #3008, .T.);
#3006 = VERTEX_POINT('', #3007);
#3007 = CARTESIAN_POINT('', (50.6, 24.5, 4.));
#3008 = B_SPLINE_CURVE_WITH_KNOTS('', 1, (#3009, #3010), .UNSPECIFIED., .F., .U., (2, 2), (0., 1.), .UNSPECIFIED.);
#3009 = CARTESIAN_POINT('', (50.6, 25.5, 4.));
#3010 = CARTESIAN_POINT('', (50.6, 24.5, 4.));
#3011 = ORIENTED_EDGE('', *, *, #3012, .T.);
#3012 = EDGE_CURVE('', #3006, #3013, #3015, .T.);
#3013 = VERTEX_POINT('', #3014);
#3014 = CARTESIAN_POINT('', (50.6, 24.5, 20.8));
#3015 = B_SPLINE_CURVE_WITH_KNOTS('', 1, (#3016, #3017), .UNSPECIFIED., .F., .U., (2, 2), (0.127272727272727, 1.), .UNSPECIFIED.);
#3016 = CARTESIAN_POINT('', (50.6, 24.5, 4.));
#3017 = CARTESIAN_POINT('', (50.6, 24.5, 20.8));
#3018 = ORIENTED_EDGE('', *, *, #3019, .F.);
#3019 = EDGE_CURVE('', #2978, #3013, #3020, .T.);
#3020 = B_SPLINE_CURVE_WITH_KNOTS('', 1, (#3021, #3022), .UNSPECIFIED., .F., .U., (2, 2), (0., 1.), .UNSPECIFIED.);
#3021 = CARTESIAN_POINT('', (50.6, 25.8, 20.8));
#3022 = CARTESIAN_POINT('', (50.6, 24.5, 20.8));
#3023 = ORIENTED_EDGE('', *, *, #2977, .F.);
#3024 = B_SPLINE_SURFACE_WITH_KNOTS('', 1, 1, ((#3025, #3026), (#3027, #3028)), .UNSPECIFIED., .F., .F., .U., (2, 2), (2, 2), (0., 1.), (0., 1.), .UNSPECIFIED.);
#3025 = CARTESIAN_POINT('', (50.6, 25.8, 1.55));
#3026 = CARTESIAN_POINT('', (50.6, 25.8, 20.8));
#3027 = CARTESIAN_POINT('', (50.6, 24.5, 1.55));
#3028 = CARTESIAN_POINT('', (50.6, 24.5, 20.8));
#3029 = ADVANCED_FACE('', (#3030), #3080, .T.);
#3030 = FACE_OUTER_BOUND('', #3031, .T.);
#3031 = EDGE_LOOP('', (#3032, #3033, #3040, #3047, #3054, #3061, #3068, #3075));
#3032 = ORIENTED_EDGE('', *, *, #3005, .F.);
#3033 = ORIENTED_EDGE('', *, *, #3034, .T.);
#3034 = EDGE_CURVE('', #2999, #3035, #3037, .T.);
#3035 = VERTEX_POINT('', #3036);
#3036 = CARTESIAN_POINT('', (43., 25.5, 4.));
#3037 = B_SPLINE_CURVE_WITH_KNOTS('', 1, (#3038, #3039), .UNSPECIFIED., .F., .U., (2, 2), (0.0380000000000001, 0.19), .UNSPECIFIED.);
#3038 = CARTESIAN_POINT('', (50.6, 25.5, 4.));
#3039 = CARTESIAN_POINT('', (43., 25.5, 4.));
#3040 = ORIENTED_EDGE('', *, *, #3041, .F.);
#3041 = EDGE_CURVE('', #3042, #3035, #3044, .T.);
#3042 = VERTEX_POINT('', #3043);
#3043 = CARTESIAN_POINT('', (43., 24.3, 4.));
#3044 = B_SPLINE_CURVE_WITH_KNOTS('', 1, (#3045, #3046), .UNSPECIFIED., .F., .U., (2, 2), (0.14285714285714, 1.), .UNSPECIFIED.);
#3045 = CARTESIAN_POINT('', (43., 24.3, 4.));
#3046 = CARTESIAN_POINT('', (43., 25.5, 4.));
#3047 = ORIENTED_EDGE('', *, *, #3048, .F.);
#3048 = EDGE_CURVE('', #3049, #3042, #3051, .T.);
#3049 = VERTEX_POINT('', #3050);
#3050 = CARTESIAN_POINT('', (48.5, 24.3, 4.));
#3051 = B_SPLINE_CURVE_WITH_KNOTS('', 1, (#3052, #3053), .UNSPECIFIED., .F., .U., (2, 2), (0., 0.379310344827586), .UNSPECIFIED.);
#3052 = CARTESIAN_POINT('', (48.5, 24.3, 4.));
#3053 = CARTESIAN_POINT('', (43., 24.3, 4.));
#3054 = ORIENTED_EDGE('', *, *, #3055, .F.);
#3055 = EDGE_CURVE('', #3056, #3049, #3058, .T.);
#3056 = VERTEX_POINT('', #3057);
#3057 = CARTESIAN_POINT('', (48.5, 24.1, 4.));
#3058 = B_SPLINE_CURVE_WITH_KNOTS('', 1, (#3059, #3060), .UNSPECIFIED., .F., .U., (2, 2), (0., 1.), .UNSPECIFIED.);
#3059 = CARTESIAN_POINT('', (48.5, 24.1, 4.));
#3060 = CARTESIAN_POINT('', (48.5, 24.3, 4.));
#3061 = ORIENTED_EDGE('', *, *, #3062, .T.);
#3062 = EDGE_CURVE('', #3056, #3063, #3065, .T.);
#3063 = VERTEX_POINT('', #3064);
#3064 = CARTESIAN_POINT('', (52.5, 24.1, 4.));
#3065 = B_SPLINE_CURVE_WITH_KNOTS('', 1, (#3066, #3067), .UNSPECIFIED., .F., .U., (2, 2), (0.92, 1.), .UNSPECIFIED.);
#3066 = CARTESIAN_POINT('', (48.5, 24.1, 4.));
#3067 = CARTESIAN_POINT('', (52.5, 24.1, 4.));
#3068 = ORIENTED_EDGE('', *, *, #3069, .T.);
#3069 = EDGE_CURVE('', #3063, #3070, #3072, .T.);
#3070 = VERTEX_POINT('', #3071);
#3071 = CARTESIAN_POINT('', (52.5, 24.5, 4.));
#3072 = B_SPLINE_CURVE_WITH_KNOTS('', 1, (#3073, #3074), .UNSPECIFIED., .F., .U., (2, 2), (0., 0.285714285714285), .UNSPECIFIED.);
#3073 = CARTESIAN_POINT('', (52.5, 24.1, 4.));
#3074 = CARTESIAN_POINT('', (52.5, 24.5, 4.));
#3075 = ORIENTED_EDGE('', *, *, #3076, .F.);
#3076 = EDGE_CURVE('', #3006, #3070, #3077, .T.);
#3077 = B_SPLINE_CURVE_WITH_KNOTS('', 1, (#3078, #3079), .UNSPECIFIED., .F., .U., (2, 2), (0., 1.), .UNSPECIFIED.);
#3078 = CARTESIAN_POINT('', (50.6, 24.5, 4.));
#3079 = CARTESIAN_POINT('', (52.5, 24.5, 4.));
#3080 = B_SPLINE_SURFACE_WITH_KNOTS('', 1, 1, ((#3081, #3082), (#3083, #3084)), .UNSPECIFIED., .F., .F., .U., (2, 2), (2, 2), (0., 1.), (0., 1.), .UNSPECIFIED.);
#3081 = CARTESIAN_POINT('', (55.0107778879478, -2.71077788794785, 4.));
#3082 = CARTESIAN_POINT('', (-0.010777887947846, -2.71077788794785, 4.));
#3083 = CARTESIAN_POINT('', (55.0107778879478, 52.3107778879479, 4.));
#3084 = CARTESIAN_POINT('', (-0.010777887947846, 52.3107778879479, 4.));
#3085 = ADVANCED_FACE('', (#3086), #3114, .T.);
#3086 = FACE_OUTER_BOUND('', #3087, .T.);
#3087 = EDGE_LOOP('', (#3088, #3089, #3094, #3095, #3102, #3109));
#3088 = ORIENTED_EDGE('', *, *, #3041, .T.);
#3089 = ORIENTED_EDGE('', *, *, #3090, .T.);
#3090 = EDGE_CURVE('', #3035, #1462, #3091, .T.);
#3091 = B_SPLINE_CURVE_WITH_KNOTS('', 1, (#3092, #3093), .UNSPECIFIED., .F., .U., (2, 2), (0., 1.), .UNSPECIFIED.);
#3092 = CARTESIAN_POINT('', (43., 25.5, 4.));
#3093 = CARTESIAN_POINT('', (43., 25.5, 1.6));
#3094 = ORIENTED_EDGE('', *, *, #1468, .F.);
#3095 = ORIENTED_EDGE('', *, *, #3096, .T.);
#3096 = EDGE_CURVE('', #1469, #3097, #3099, .T.);
#3097 = VERTEX_POINT('', #3098);
#3098 = CARTESIAN_POINT('', (43., 27.8, 9.9));
#3099 = B_SPLINE_CURVE_WITH_KNOTS('', 1, (#3100, #3101), .UNSPECIFIED., .F., .U., (2, 2), (0., 1.), .UNSPECIFIED.);
#3100 = CARTESIAN_POINT('', (43., 27.8, 1.6));
#3101 = CARTESIAN_POINT('', (43., 27.8, 9.9));
#3102 = ORIENTED_EDGE('', *, *, #3103, .F.);
#3103 = EDGE_CURVE('', #3104, #3097, #3106, .T.);
#3104 = VERTEX_POINT('', #3105);
#3105 = CARTESIAN_POINT('', (43., 24.3, 9.9));
#3106 = B_SPLINE_CURVE_WITH_KNOTS('', 1, (#3107, #3108), .UNSPECIFIED., .F., .U., (2, 2), (0.125000000000001, 1.), .UNSPECIFIED.);
#3107 = CARTESIAN_POINT('', (43., 24.3, 9.9));
#3108 = CARTESIAN_POINT('', (43., 27.8, 9.9));
#3109 = ORIENTED_EDGE('', *, *, #3110, .T.);
#3110 = EDGE_CURVE('', #3104, #3042, #3111, .T.);
#3111 = B_SPLINE_CURVE_WITH_KNOTS('', 1, (#3112, #3113), .UNSPECIFIED., .F., .U., (2, 2), (0., 1.), .UNSPECIFIED.);
#3112 = CARTESIAN_POINT('', (43., 24.3, 9.9));
#3113 = CARTESIAN_POINT('', (43., 24.3, 4.));
#3114 = B_SPLINE_SURFACE_WITH_KNOTS('', 1, 1, ((#3115, #3116), (#3117, #3118)), .UNSPECIFIED., .F., .F., .U., (2, 2), (2, 2), (0., 1.), (0., 1.), .UNSPECIFIED.);
#3115 = CARTESIAN_POINT('', (43., 23.8, 1.6));
#3116 = CARTESIAN_POINT('', (43., 23.8, 9.9));
#3117 = CARTESIAN_POINT('', (43., 27.8, 1.6));
#3118 = CARTESIAN_POINT('', (43., 27.8, 9.9));
#3119 = ADVANCED_FACE('', (#3120), #3126, .T.);
#3120 = FACE_OUTER_BOUND('', #3121, .T.);
#3121 = EDGE_LOOP('', (#3122, #3123, #3124, #3125));
#3122 = ORIENTED_EDGE('', *, *, #2998, .F.);
#3123 = ORIENTED_EDGE('', *, *, #1461, .F.);
#3124 = ORIENTED_EDGE('', *, *, #3090, .F.);
#3125 = ORIENTED_EDGE('', *, *, #3034, .F.);
#3126 = B_SPLINE_SURFACE_WITH_KNOTS('', 1, 1, ((#3127, #3128), (#3129, #3130)), .UNSPECIFIED., .F., .F., .U., (2, 2), (2, 2), (0., 1.), (0., 1.), .UNSPECIFIED.);
#3127 = CARTESIAN_POINT('', (52.5, 25.5, 1.55));
#3128 = CARTESIAN_POINT('', (52.5, 25.5, 4.));
#3129 = CARTESIAN_POINT('', (2.5, 25.5, 1.55));
#3130 = CARTESIAN_POINT('', (2.5, 25.5, 4.));
#3131 = ADVANCED_FACE('', (#3132), #3148, .T.);
#3132 = FACE_OUTER_BOUND('', #3133, .T.);
#3133 = EDGE_LOOP('', (#3134, #3135, #3136, #3143));
#3134 = ORIENTED_EDGE('', *, *, #3096, .F.);
#3135 = ORIENTED_EDGE('', *, *, #1475, .F.);
#3136 = ORIENTED_EDGE('', *, *, #3137, .T.);
#3137 = EDGE_CURVE('', #1476, #3138, #3140, .T.);
#3138 = VERTEX_POINT('', #3139);
#3139 = CARTESIAN_POINT('', (40., 27.8, 9.9));
#3140 = B_SPLINE_CURVE_WITH_KNOTS('', 1, (#3141, #3142), .UNSPECIFIED., .F., .U., (2, 2), (0., 1.), .UNSPECIFIED.);
#3141 = CARTESIAN_POINT('', (40., 27.8, 1.6));
#3142 = CARTESIAN_POINT('', (40., 27.8, 9.9));
#3143 = ORIENTED_EDGE('', *, *, #3144, .F.);
#3144 = EDGE_CURVE('', #3097, #3138, #3145, .T.);
#3145 = B_SPLINE_CURVE_WITH_KNOTS('', 1, (#3146, #3147), .UNSPECIFIED., .F., .U., (2, 2), (0., 1.), .UNSPECIFIED.);
#3146 = CARTESIAN_POINT('', (43., 27.8, 9.9));
#3147 = CARTESIAN_POINT('', (40., 27.8, 9.9));
#3148 = B_SPLINE_SURFACE_WITH_KNOTS('', 1, 1, ((#3149, #3150), (#3151, #3152)), .UNSPECIFIED., .F., .F., .U., (2, 2), (2, 2), (0., 1.), (0., 1.), .UNSPECIFIED.);
#3149 = CARTESIAN_POINT('', (43., 27.8, 1.6));
#3150 = CARTESIAN_POINT('', (43., 27.8, 9.9));
#3151 = CARTESIAN_POINT('', (40., 27.8, 1.6));
#3152 = CARTESIAN_POINT('', (40., 27.8, 9.9));
#3153 = ADVANCED_FACE('', (#3154), #3184, .T.);
#3154 = FACE_OUTER_BOUND('', #3155, .T.);
#3155 = EDGE_LOOP('', (#3156, #3165, #3172, #3177, #3178, #3179));
#3156 = ORIENTED_EDGE('', *, *, #3157, .T.);
#3157 = EDGE_CURVE('', #3158, #3160, #3162, .T.);
#3158 = VERTEX_POINT('', #3159);
#3159 = CARTESIAN_POINT('', (40., 25.5, 4.));
#3160 = VERTEX_POINT('', #3161);
#3161 = CARTESIAN_POINT('', (40., 24.3, 4.));
#3162 = B_SPLINE_CURVE_WITH_KNOTS('', 1, (#3163, #3164), .UNSPECIFIED., .F., .U., (2, 2), (0., 0.857142857142858), .UNSPECIFIED.);
#3163 = CARTESIAN_POINT('', (40., 25.5, 4.));
#3164 = CARTESIAN_POINT('', (40., 24.3, 4.));
#3165 = ORIENTED_EDGE('', *, *, #3166, .T.);
#3166 = EDGE_CURVE('', #3160, #3167, #3169, .T.);
#3167 = VERTEX_POINT('', #3168);
#3168 = CARTESIAN_POINT('', (40., 24.3, 9.9));
#3169 = B_SPLINE_CURVE_WITH_KNOTS('', 1, (#3170, #3171), .UNSPECIFIED., .F., .U., (2, 2), (0., 1.), .UNSPECIFIED.);
#3170 = CARTESIAN_POINT('', (40., 24.3, 4.));
#3171 = CARTESIAN_POINT('', (40., 24.3, 9.9));
#3172 = ORIENTED_EDGE('', *, *, #3173, .F.);
#3173 = EDGE_CURVE('', #3138, #3167, #3174, .T.);
#3174 = B_SPLINE_CURVE_WITH_KNOTS('', 1, (#3175, #3176), .UNSPECIFIED., .F., .U., (2, 2), (0., 0.874999999999999), .UNSPECIFIED.);
#3175 = CARTESIAN_POINT('', (40., 27.8, 9.9));
#3176 = CARTESIAN_POINT('', (40., 24.3, 9.9));
#3177 = ORIENTED_EDGE('', *, *, #3137, .F.);
#3178 = ORIENTED_EDGE('', *, *, #1482, .F.);
#3179 = ORIENTED_EDGE('', *, *, #3180, .T.);
#3180 = EDGE_CURVE('', #1483, #3158, #3181, .T.);
#3181 = B_SPLINE_CURVE_WITH_KNOTS('', 1, (#3182, #3183), .UNSPECIFIED., .F., .U., (2, 2), (0., 1.), .UNSPECIFIED.);
#3182 = CARTESIAN_POINT('', (40., 25.5, 1.6));
#3183 = CARTESIAN_POINT('', (40., 25.5, 3.99999999999999));
#3184 = B_SPLINE_SURFACE_WITH_KNOTS('', 1, 1, ((#3185, #3186), (#3187, #3188)), .UNSPECIFIED., .F., .F., .U., (2, 2), (2, 2), (0., 1.), (0., 1.), .UNSPECIFIED.);
#3185 = CARTESIAN_POINT('', (40., 27.8, 1.6));
#3186 = CARTESIAN_POINT('', (40., 27.8, 9.9));
#3187 = CARTESIAN_POINT('', (40., 23.8, 1.6));
#3188 = CARTESIAN_POINT('', (40., 23.8, 9.9));
#3189 = ADVANCED_FACE('', (#3190), #3200, .T.);
#3190 = FACE_OUTER_BOUND('', #3191, .T.);
#3191 = EDGE_LOOP('', (#3192, #3197, #3198, #3199));
#3192 = ORIENTED_EDGE('', *, *, #3193, .T.);
#3193 = EDGE_CURVE('', #3167, #3104, #3194, .T.);
#3194 = B_SPLINE_CURVE_WITH_KNOTS('', 1, (#3195, #3196), .UNSPECIFIED., .F., .U., (2, 2), (0.227272727272727, 0.772727272727273), .UNSPECIFIED.);
#3195 = CARTESIAN_POINT('', (40., 24.3, 9.9));
#3196 = CARTESIAN_POINT('', (43., 24.3, 9.9));
#3197 = ORIENTED_EDGE('', *, *, #3103, .T.);
#3198 = ORIENTED_EDGE('', *, *, #3144, .T.);
#3199 = ORIENTED_EDGE('', *, *, #3173, .T.);
#3200 = B_SPLINE_SURFACE_WITH_KNOTS('', 1, 1, ((#3201, #3202), (#3203, #3204)), .UNSPECIFIED., .F., .F., .U., (2, 2), (2, 2), (0., 1.), (0., 1.), .UNSPECIFIED.);
#3201 = CARTESIAN_POINT('', (44.25, 23.05, 9.9));
#3202 = CARTESIAN_POINT('', (38.75, 23.05, 9.9));
#3203 = CARTESIAN_POINT('', (44.25, 28.55, 9.9));
#3204 = CARTESIAN_POINT('', (38.75, 28.55, 9.9));
#3205 = ADVANCED_FACE('', (#3206), #3256, .T.);
#3206 = FACE_OUTER_BOUND('', #3207, .T.);
#3207 = EDGE_LOOP('', (#3208, #3209, #3216, #3223, #3230, #3237, #3244, #3251));
#3208 = ORIENTED_EDGE('', *, *, #3157, .F.);
#3209 = ORIENTED_EDGE('', *, *, #3210, .T.);
#3210 = EDGE_CURVE('', #3158, #3211, #3213, .T.);
#3211 = VERTEX_POINT('', #3212);
#3212 = CARTESIAN_POINT('', (13.5, 25.5, 4.));
#3213 = B_SPLINE_CURVE_WITH_KNOTS('', 1, (#3214, #3215), .UNSPECIFIED., .F., .U., (2, 2), (0.25, 0.78), .UNSPECIFIED.);
#3214 = CARTESIAN_POINT('', (40., 25.5, 4.));
#3215 = CARTESIAN_POINT('', (13.5, 25.5, 4.));
#3216 = ORIENTED_EDGE('', *, *, #3217, .F.);
#3217 = EDGE_CURVE('', #3218, #3211, #3220, .T.);
#3218 = VERTEX_POINT('', #3219);
#3219 = CARTESIAN_POINT('', (13.5, 24.3, 4.));
#3220 = B_SPLINE_CURVE_WITH_KNOTS('', 1, (#3221, #3222), .UNSPECIFIED., .F., .U., (2, 2), (0.142857142857137, 1.), .UNSPECIFIED.);
#3221 = CARTESIAN_POINT('', (13.5, 24.3, 4.));
#3222 = CARTESIAN_POINT('', (13.5, 25.5, 4.));
#3223 = ORIENTED_EDGE('', *, *, #3224, .F.);
#3224 = EDGE_CURVE('', #3225, #3218, #3227, .T.);
#3225 = VERTEX_POINT('', #3226);
#3226 = CARTESIAN_POINT('', (26., 24.3, 4.));
#3227 = B_SPLINE_CURVE_WITH_KNOTS('', 1, (#3228, #3229), .UNSPECIFIED., .F., .U., (2, 2), (0., 0.543478260869565), .UNSPECIFIED.);
#3228 = CARTESIAN_POINT('', (26., 24.3, 4.));
#3229 = CARTESIAN_POINT('', (13.5, 24.3, 4.));
#3230 = ORIENTED_EDGE('', *, *, #3231, .F.);
#3231 = EDGE_CURVE('', #3232, #3225, #3234, .T.);
#3232 = VERTEX_POINT('', #3233);
#3233 = CARTESIAN_POINT('', (26., 24.1, 4.));
#3234 = B_SPLINE_CURVE_WITH_KNOTS('', 1, (#3235, #3236), .UNSPECIFIED., .F., .U., (2, 2), (0.874999999999999, 1.), .UNSPECIFIED.);
#3235 = CARTESIAN_POINT('', (26., 24.1, 4.));
#3236 = CARTESIAN_POINT('', (26., 24.3, 4.));
#3237 = ORIENTED_EDGE('', *, *, #3238, .T.);
#3238 = EDGE_CURVE('', #3232, #3239, #3241, .T.);
#3239 = VERTEX_POINT('', #3240);
#3240 = CARTESIAN_POINT('', (34., 24.1, 4.));
#3241 = B_SPLINE_CURVE_WITH_KNOTS('', 1, (#3242, #3243), .UNSPECIFIED., .F., .U., (2, 2), (0.47, 0.63), .UNSPECIFIED.);
#3242 = CARTESIAN_POINT('', (26., 24.1, 4.));
#3243 = CARTESIAN_POINT('', (34., 24.1, 4.));
#3244 = ORIENTED_EDGE('', *, *, #3245, .F.);
#3245 = EDGE_CURVE('', #3246, #3239, #3248, .T.);
#3246 = VERTEX_POINT('', #3247);
#3247 = CARTESIAN_POINT('', (34., 24.3, 4.));
#3248 = B_SPLINE_CURVE_WITH_KNOTS('', 1, (#3249, #3250), .UNSPECIFIED., .F., .U., (2, 2), (0., 1.), .UNSPECIFIED.);
#3249 = CARTESIAN_POINT('', (34., 24.3, 4.));
#3250 = CARTESIAN_POINT('', (34., 24.1, 4.));
#3251 = ORIENTED_EDGE('', *, *, #3252, .F.);
#3252 = EDGE_CURVE('', #3160, #3246, #3253, .T.);
#3253 = B_SPLINE_CURVE_WITH_KNOTS('', 1, (#3254, #3255), .UNSPECIFIED., .F., .U., (2, 2), (0.586206896551724, 1.), .UNSPECIFIED.);
#3254 = CARTESIAN_POINT('', (40., 24.3, 4.));
#3255 = CARTESIAN_POINT('', (34., 24.3, 4.));
#3256 = B_SPLINE_SURFACE_WITH_KNOTS('', 1, 1, ((#3257, #3258), (#3259, #3260)), .UNSPECIFIED., .F., .F., .U., (2, 2), (2, 2), (0., 1.), (0., 1.), .UNSPECIFIED.);
#3257 = CARTESIAN_POINT('', (55.0107778879478, -2.71077788794785, 4.));
#3258 = CARTESIAN_POINT('', (-0.010777887947846, -2.71077788794785, 4.));
#3259 = CARTESIAN_POINT('', (55.0107778879478, 52.3107778879479, 4.));
#3260 = CARTESIAN_POINT('', (-0.010777887947846, 52.3107778879479, 4.));
#3261 = ADVANCED_FACE('', (#3262), #3290, .T.);
#3262 = FACE_OUTER_BOUND('', #3263, .T.);
#3263 = EDGE_LOOP('', (#3264, #3265, #3270, #3271, #3278, #3285));
#3264 = ORIENTED_EDGE('', *, *, #3217, .T.);
#3265 = ORIENTED_EDGE('', *, *, #3266, .T.);
#3266 = EDGE_CURVE('', #3211, #1490, #3267, .T.);
#3267 = B_SPLINE_CURVE_WITH_KNOTS('', 1, (#3268, #3269), .UNSPECIFIED., .F., .U., (2, 2), (0., 1.), .UNSPECIFIED.);
#3268 = CARTESIAN_POINT('', (13.5, 25.5, 4.00000000000001));
#3269 = CARTESIAN_POINT('', (13.5, 25.5, 1.6));
#3270 = ORIENTED_EDGE('', *, *, #1496, .F.);
#3271 = ORIENTED_EDGE('', *, *, #3272, .T.);
#3272 = EDGE_CURVE('', #1497, #3273, #3275, .T.);
#3273 = VERTEX_POINT('', #3274);
#3274 = CARTESIAN_POINT('', (13.5, 27.8, 11.1));
#3275 = B_SPLINE_CURVE_WITH_KNOTS('', 1, (#3276, #3277), .UNSPECIFIED., .F., .U., (2, 2), (0., 1.), .UNSPECIFIED.);
#3276 = CARTESIAN_POINT('', (13.5, 27.8, 1.6));
#3277 = CARTESIAN_POINT('', (13.5, 27.8, 11.1));
#3278 = ORIENTED_EDGE('', *, *, #3279, .F.);
#3279 = EDGE_CURVE('', #3280, #3273, #3282, .T.);
#3280 = VERTEX_POINT('', #3281);
#3281 = CARTESIAN_POINT('', (13.5, 24.3, 11.1));
#3282 = B_SPLINE_CURVE_WITH_KNOTS('', 1, (#3283, #3284), .UNSPECIFIED., .F., .U., (2, 2), (0.125000000000001, 1.), .UNSPECIFIED.);
#3283 = CARTESIAN_POINT('', (13.5, 24.3, 11.1));
#3284 = CARTESIAN_POINT('', (13.5, 27.8, 11.1));
#3285 = ORIENTED_EDGE('', *, *, #3286, .T.);
#3286 = EDGE_CURVE('', #3280, #3218, #3287, .T.);
#3287 = B_SPLINE_CURVE_WITH_KNOTS('', 1, (#3288, #3289), .UNSPECIFIED., .F., .U., (2, 2), (0., 1.), .UNSPECIFIED.);
#3288 = CARTESIAN_POINT('', (13.5, 24.3, 11.1));
#3289 = CARTESIAN_POINT('', (13.5, 24.3, 4.));
#3290 = B_SPLINE_SURFACE_WITH_KNOTS('', 1, 1, ((#3291, #3292), (#3293, #3294)), .UNSPECIFIED., .F., .F., .U., (2, 2), (2, 2), (0., 1.), (0., 1.), .UNSPECIFIED.);
#3291 = CARTESIAN_POINT('', (13.5, 23.8, 1.6));
#3292 = CARTESIAN_POINT('', (13.5, 23.8, 11.1));
#3293 = CARTESIAN_POINT('', (13.5, 27.8, 1.6));
#3294 = CARTESIAN_POINT('', (13.5, 27.8, 11.1));
#3295 = ADVANCED_FACE('', (#3296), #3302, .T.);
#3296 = FACE_OUTER_BOUND('', #3297, .T.);
#3297 = EDGE_LOOP('', (#3298, #3299, #3300, #3301));
#3298 = ORIENTED_EDGE('', *, *, #3180, .F.);
#3299 = ORIENTED_EDGE('', *, *, #1489, .F.);
#3300 = ORIENTED_EDGE('', *, *, #3266, .F.);
#3301 = ORIENTED_EDGE('', *, *, #3210, .F.);
#3302 = B_SPLINE_SURFACE_WITH_KNOTS('', 1, 1, ((#3303, #3304), (#3305, #3306)), .UNSPECIFIED., .F., .F., .U., (2, 2), (2, 2), (0., 1.), (0., 1.), .UNSPECIFIED.);
#3303 = CARTESIAN_POINT('', (52.5, 25.5, 1.55));
#3304 = CARTESIAN_POINT('', (52.5, 25.5, 4.));
#3305 = CARTESIAN_POINT('', (2.5, 25.5, 1.55));
#3306 = CARTESIAN_POINT('', (2.5, 25.5, 4.));
#3307 = ADVANCED_FACE('', (#3308), #3324, .T.);
#3308 = FACE_OUTER_BOUND('', #3309, .T.);
#3309 = EDGE_LOOP('', (#3310, #3311, #3312, #3319));
#3310 = ORIENTED_EDGE('', *, *, #3272, .F.);
#3311 = ORIENTED_EDGE('', *, *, #1503, .F.);
#3312 = ORIENTED_EDGE('', *, *, #3313, .T.);
#3313 = EDGE_CURVE('', #1504, #3314, #3316, .T.);
#3314 = VERTEX_POINT('', #3315);
#3315 = CARTESIAN_POINT('', (10.5, 27.8, 11.1));
#3316 = B_SPLINE_CURVE_WITH_KNOTS('', 1, (#3317, #3318), .UNSPECIFIED., .F., .U., (2, 2), (0., 1.), .UNSPECIFIED.);
#3317 = CARTESIAN_POINT('', (10.5, 27.8, 1.6));
#3318 = CARTESIAN_POINT('', (10.5, 27.8, 11.1));
#3319 = ORIENTED_EDGE('', *, *, #3320, .F.);
#3320 = EDGE_CURVE('', #3273, #3314, #3321, .T.);
#3321 = B_SPLINE_CURVE_WITH_KNOTS('', 1, (#3322, #3323), .UNSPECIFIED., .F., .U., (2, 2), (0., 1.), .UNSPECIFIED.);
#3322 = CARTESIAN_POINT('', (13.5, 27.8, 11.1));
#3323 = CARTESIAN_POINT('', (10.5, 27.8, 11.1));
#3324 = B_SPLINE_SURFACE_WITH_KNOTS('', 1, 1, ((#3325, #3326), (#3327, #3328)), .UNSPECIFIED., .F., .F., .U., (2, 2), (2, 2), (0., 1.), (0., 1.), .UNSPECIFIED.);
#3325 = CARTESIAN_POINT('', (13.5, 27.8, 1.6));
#3326 = CARTESIAN_POINT('', (13.5, 27.8, 11.1));
#3327 = CARTESIAN_POINT('', (10.5, 27.8, 1.6));
#3328 = CARTESIAN_POINT('', (10.5, 27.8, 11.1));
#3329 = ADVANCED_FACE('', (#3330), #3360, .T.);
#3330 = FACE_OUTER_BOUND('', #3331, .T.);
#3331 = EDGE_LOOP('', (#3332, #3341, #3348, #3353, #3354, #3355));
#3332 = ORIENTED_EDGE('', *, *, #3333, .T.);
#3333 = EDGE_CURVE('', #3334, #3336, #3338, .T.);
#3334 = VERTEX_POINT('', #3335);
#3335 = CARTESIAN_POINT('', (10.5, 25.5, 4.));
#3336 = VERTEX_POINT('', #3337);
#3337 = CARTESIAN_POINT('', (10.5, 24.3, 4.));
#3338 = B_SPLINE_CURVE_WITH_KNOTS('', 1, (#3339, #3340), .UNSPECIFIED., .F., .U., (2, 2), (0., 0.857142857142857), .UNSPECIFIED.);
#3339 = CARTESIAN_POINT('', (10.5, 25.5, 4.));
#3340 = CARTESIAN_POINT('', (10.5, 24.3, 4.));
#3341 = ORIENTED_EDGE('', *, *, #3342, .T.);
#3342 = EDGE_CURVE('', #3336, #3343, #3345, .T.);
#3343 = VERTEX_POINT('', #3344);
#3344 = CARTESIAN_POINT('', (10.5, 24.3, 11.1));
#3345 = B_SPLINE_CURVE_WITH_KNOTS('', 1, (#3346, #3347), .UNSPECIFIED., .F., .U., (2, 2), (0., 1.), .UNSPECIFIED.);
#3346 = CARTESIAN_POINT('', (10.5, 24.3, 3.99999999999999));
#3347 = CARTESIAN_POINT('', (10.5, 24.3, 11.1));
#3348 = ORIENTED_EDGE('', *, *, #3349, .F.);
#3349 = EDGE_CURVE('', #3314, #3343, #3350, .T.);
#3350 = B_SPLINE_CURVE_WITH_KNOTS('', 1, (#3351, #3352), .UNSPECIFIED., .F., .U., (2, 2), (0., 0.875), .UNSPECIFIED.);
#3351 = CARTESIAN_POINT('', (10.5, 27.8, 11.1));
#3352 = CARTESIAN_POINT('', (10.5, 24.3, 11.1));
#3353 = ORIENTED_EDGE('', *, *, #3313, .F.);
#3354 = ORIENTED_EDGE('', *, *, #1510, .F.);
#3355 = ORIENTED_EDGE('', *, *, #3356, .T.);
#3356 = EDGE_CURVE('', #1511, #3334, #3357, .T.);
#3357 = B_SPLINE_CURVE_WITH_KNOTS('', 1, (#3358, #3359), .UNSPECIFIED., .F., .U., (2, 2), (0., 1.), .UNSPECIFIED.);
#3358 = CARTESIAN_POINT('', (10.5, 25.5, 1.6));
#3359 = CARTESIAN_POINT('', (10.5, 25.5, 4.));
#3360 = B_SPLINE_SURFACE_WITH_KNOTS('', 1, 1, ((#3361, #3362), (#3363, #3364)), .UNSPECIFIED., .F., .F., .U., (2, 2), (2, 2), (0., 1.), (0., 1.), .UNSPECIFIED.);
#3361 = CARTESIAN_POINT('', (10.5, 27.8, 1.6));
#3362 = CARTESIAN_POINT('', (10.5, 27.8, 11.1));
#3363 = CARTESIAN_POINT('', (10.5, 23.8, 1.6));
#3364 = CARTESIAN_POINT('', (10.5, 23.8, 11.1));
#3365 = ADVANCED_FACE('', (#3366), #3376, .T.);
#3366 = FACE_OUTER_BOUND('', #3367, .T.);
#3367 = EDGE_LOOP('', (#3368, #3373, #3374, #3375));
#3368 = ORIENTED_EDGE('', *, *, #3369, .T.);
#3369 = EDGE_CURVE('', #3343, #3280, #3370, .T.);
#3370 = B_SPLINE_CURVE_WITH_KNOTS('', 1, (#3371, #3372), .UNSPECIFIED., .F., .U., (2, 2), (0.227272727272727, 0.772727272727273), .UNSPECIFIED.);
#3371 = CARTESIAN_POINT('', (10.5, 24.3, 11.1));
#3372 = CARTESIAN_POINT('', (13.5, 24.3, 11.1));
#3373 = ORIENTED_EDGE('', *, *, #3279, .T.);
#3374 = ORIENTED_EDGE('', *, *, #3320, .T.);
#3375 = ORIENTED_EDGE('', *, *, #3349, .T.);
#3376 = B_SPLINE_SURFACE_WITH_KNOTS('', 1, 1, ((#3377, #3378), (#3379, #3380)), .UNSPECIFIED., .F., .F., .U., (2, 2), (2, 2), (0., 1.), (0., 1.), .UNSPECIFIED.);
#3377 = CARTESIAN_POINT('', (14.75, 23.05, 11.1));
#3378 = CARTESIAN_POINT('', (9.25, 23.05, 11.1));
#3379 = CARTESIAN_POINT('', (14.75, 28.55, 11.1));
#3380 = CARTESIAN_POINT('', (9.25, 28.55, 11.1));
#3381 = ADVANCED_FACE('', (#3382), #3414, .T.);
#3382 = FACE_OUTER_BOUND('', #3383, .T.);
#3383 = EDGE_LOOP('', (#3384, #3385, #3386, #3393, #3400, #3407, #3412, #3413));
#3384 = ORIENTED_EDGE('', *, *, #3369, .F.);
#3385 = ORIENTED_EDGE('', *, *, #3342, .F.);
#3386 = ORIENTED_EDGE('', *, *, #3387, .T.);
#3387 = EDGE_CURVE('', #3336, #3388, #3390, .T.);
#3388 = VERTEX_POINT('', #3389);
#3389 = CARTESIAN_POINT('', (3., 24.3, 4.));
#3390 = B_SPLINE_CURVE_WITH_KNOTS('', 1, (#3391, #3392), .UNSPECIFIED., .F., .U., (2, 2), (0.673913043478261, 1.), .UNSPECIFIED.);
#3391 = CARTESIAN_POINT('', (10.5, 24.3, 4.));
#3392 = CARTESIAN_POINT('', (3., 24.3, 4.));
#3393 = ORIENTED_EDGE('', *, *, #3394, .T.);
#3394 = EDGE_CURVE('', #3388, #3395, #3397, .T.);
#3395 = VERTEX_POINT('', #3396);
#3396 = CARTESIAN_POINT('', (3., 24.3, 13.3));
#3397 = B_SPLINE_CURVE_WITH_KNOTS('', 1, (#3398, #3399), .UNSPECIFIED., .F., .U., (2, 2), (0.189189189189189, 0.907335907335908), .UNSPECIFIED.);
#3398 = CARTESIAN_POINT('', (3., 24.3, 4.));
#3399 = CARTESIAN_POINT('', (3., 24.3, 13.3));
#3400 = ORIENTED_EDGE('', *, *, #3401, .F.);
#3401 = EDGE_CURVE('', #3402, #3395, #3404, .T.);
#3402 = VERTEX_POINT('', #3403);
#3403 = CARTESIAN_POINT('', (26., 24.3, 13.3));
#3404 = B_SPLINE_CURVE_WITH_KNOTS('', 1, (#3405, #3406), .UNSPECIFIED., .F., .U., (2, 2), (0., 1.), .UNSPECIFIED.);
#3405 = CARTESIAN_POINT('', (26., 24.3, 13.3));
#3406 = CARTESIAN_POINT('', (3., 24.3, 13.3));
#3407 = ORIENTED_EDGE('', *, *, #3408, .F.);
#3408 = EDGE_CURVE('', #3225, #3402, #3409, .T.);
#3409 = B_SPLINE_CURVE_WITH_KNOTS('', 1, (#3410, #3411), .UNSPECIFIED., .F., .U., (2, 2), (0.189189189189189, 0.907335907335908), .UNSPECIFIED.);
#3410 = CARTESIAN_POINT('', (26., 24.3, 4.));
#3411 = CARTESIAN_POINT('', (26., 24.3, 13.3));
#3412 = ORIENTED_EDGE('', *, *, #3224, .T.);
#3413 = ORIENTED_EDGE('', *, *, #3286, .F.);
#3414 = B_SPLINE_SURFACE_WITH_KNOTS('', 1, 1, ((#3415, #3416), (#3417, #3418)), .UNSPECIFIED., .F., .F., .U., (2, 2), (2, 2), (0., 1.), (0., 1.), .UNSPECIFIED.);
#3415 = CARTESIAN_POINT('', (26., 24.3, 1.55));
#3416 = CARTESIAN_POINT('', (26., 24.3, 14.5));
#3417 = CARTESIAN_POINT('', (3., 24.3, 1.55));
#3418 = CARTESIAN_POINT('', (3., 24.3, 14.5));
#3419 = ADVANCED_FACE('', (#3420), #3450, .T.);
#3420 = FACE_OUTER_BOUND('', #3421, .T.);
#3421 = EDGE_LOOP('', (#3422, #3423, #3430, #3437, #3444, #3449));
#3422 = ORIENTED_EDGE('', *, *, #3333, .F.);
#3423 = ORIENTED_EDGE('', *, *, #3424, .T.);
#3424 = EDGE_CURVE('', #3334, #3425, #3427, .T.);
#3425 = VERTEX_POINT('', #3426);
#3426 = CARTESIAN_POINT('', (2.5, 25.5, 4.));
#3427 = B_SPLINE_CURVE_WITH_KNOTS('', 1, (#3428, #3429), .UNSPECIFIED., .F., .U., (2, 2), (0.84, 1.), .UNSPECIFIED.);
#3428 = CARTESIAN_POINT('', (10.5, 25.5, 4.));
#3429 = CARTESIAN_POINT('', (2.5, 25.5, 4.));
#3430 = ORIENTED_EDGE('', *, *, #3431, .T.);
#3431 = EDGE_CURVE('', #3425, #3432, #3434, .T.);
#3432 = VERTEX_POINT('', #3433);
#3433 = CARTESIAN_POINT('', (2.5, 24.1, 4.));
#3434 = B_SPLINE_CURVE_WITH_KNOTS('', 1, (#3435, #3436), .UNSPECIFIED., .F., .U., (2, 2), (0., 1.), .UNSPECIFIED.);
#3435 = CARTESIAN_POINT('', (2.5, 25.5, 4.));
#3436 = CARTESIAN_POINT('', (2.5, 24.1, 4.));
#3437 = ORIENTED_EDGE('', *, *, #3438, .T.);
#3438 = EDGE_CURVE('', #3432, #3439, #3441, .T.);
#3439 = VERTEX_POINT('', #3440);
#3440 = CARTESIAN_POINT('', (3., 24.1, 4.));
#3441 = B_SPLINE_CURVE_WITH_KNOTS('', 1, (#3442, #3443), .UNSPECIFIED., .F., .U., (2, 2), (0., 0.01), .UNSPECIFIED.);
#3442 = CARTESIAN_POINT('', (2.5, 24.1, 4.));
#3443 = CARTESIAN_POINT('', (3., 24.1, 4.));
#3444 = ORIENTED_EDGE('', *, *, #3445, .F.);
#3445 = EDGE_CURVE('', #3388, #3439, #3446, .T.);
#3446 = B_SPLINE_CURVE_WITH_KNOTS('', 1, (#3447, #3448), .UNSPECIFIED., .F., .U., (2, 2), (0., 0.125000000000001), .UNSPECIFIED.);
#3447 = CARTESIAN_POINT('', (3., 24.3, 4.));
#3448 = CARTESIAN_POINT('', (3., 24.1, 4.));
#3449 = ORIENTED_EDGE('', *, *, #3387, .F.);
#3450 = B_SPLINE_SURFACE_WITH_KNOTS('', 1, 1, ((#3451, #3452), (#3453, #3454)), .UNSPECIFIED., .F., .F., .U., (2, 2), (2, 2), (0., 1.), (0., 1.), .UNSPECIFIED.);
#3451 = CARTESIAN_POINT('', (55.0107778879478, -2.71077788794785, 4.));
#3452 = CARTESIAN_POINT('', (-0.010777887947846, -2.71077788794785, 4.));
#3453 = CARTESIAN_POINT('', (55.0107778879478, 52.3107778879479, 4.));
#3454 = CARTESIAN_POINT('', (-0.010777887947846, 52.3107778879479, 4.));
#3455 = ADVANCED_FACE('', (#3456), #3466, .T.);
#3456 = FACE_OUTER_BOUND('', #3457, .T.);
#3457 = EDGE_LOOP('', (#3458, #3459, #3460, #3465));
#3458 = ORIENTED_EDGE('', *, *, #3356, .F.);
#3459 = ORIENTED_EDGE('', *, *, #1517, .F.);
#3460 = ORIENTED_EDGE('', *, *, #3461, .T.);
#3461 = EDGE_CURVE('', #1518, #3425, #3462, .T.);
#3462 = B_SPLINE_CURVE_WITH_KNOTS('', 1, (#3463, #3464), .UNSPECIFIED., .F., .U., (2, 2), (0.0204081632653061, 1.), .UNSPECIFIED.);
#3463 = CARTESIAN_POINT('', (2.5, 25.5, 1.6));
#3464 = CARTESIAN_POINT('', (2.5, 25.5, 4.));
#3465 = ORIENTED_EDGE('', *, *, #3424, .F.);
#3466 = B_SPLINE_SURFACE_WITH_KNOTS('', 1, 1, ((#3467, #3468), (#3469, #3470)), .UNSPECIFIED., .F., .F., .U., (2, 2), (2, 2), (0., 1.), (0., 1.), .UNSPECIFIED.);
#3467 = CARTESIAN_POINT('', (52.5, 25.5, 1.55));
#3468 = CARTESIAN_POINT('', (52.5, 25.5, 4.));
#3469 = CARTESIAN_POINT('', (2.5, 25.5, 1.55));
#3470 = CARTESIAN_POINT('', (2.5, 25.5, 4.));
#3471 = ADVANCED_FACE('', (#3472), #3482, .T.);
#3472 = FACE_OUTER_BOUND('', #3473, .T.);
#3473 = EDGE_LOOP('', (#3474, #3475, #3480, #3481));
#3474 = ORIENTED_EDGE('', *, *, #1524, .F.);
#3475 = ORIENTED_EDGE('', *, *, #3476, .T.);
#3476 = EDGE_CURVE('', #1525, #3432, #3477, .T.);
#3477 = B_SPLINE_CURVE_WITH_KNOTS('', 1, (#3478, #3479), .UNSPECIFIED., .F., .U., (2, 2), (0.0204081632653061, 1.), .UNSPECIFIED.);
#3478 = CARTESIAN_POINT('', (2.5, 24.1, 1.6));
#3479 = CARTESIAN_POINT('', (2.5, 24.1, 4.));
#3480 = ORIENTED_EDGE('', *, *, #3431, .F.);
#3481 = ORIENTED_EDGE('', *, *, #3461, .F.);
#3482 = B_SPLINE_SURFACE_WITH_KNOTS('', 1, 1, ((#3483, #3484), (#3485, #3486)), .UNSPECIFIED., .F., .F., .U., (2, 2), (2, 2), (0., 1.), (0., 1.), .UNSPECIFIED.);
#3483 = CARTESIAN_POINT('', (2.5, 25.5, 1.55));
#3484 = CARTESIAN_POINT('', (2.5, 25.5, 4.));
#3485 = CARTESIAN_POINT('', (2.5, 24.1, 1.55));
#3486 = CARTESIAN_POINT('', (2.5, 24.1, 4.));
#3487 = ADVANCED_FACE('', (#3488), #3498, .T.);
#3488 = FACE_OUTER_BOUND('', #3489, .T.);
#3489 = EDGE_LOOP('', (#3490, #3495, #3496, #3497));
#3490 = ORIENTED_EDGE('', *, *, #3491, .F.);
#3491 = EDGE_CURVE('', #3439, #1532, #3492, .T.);
#3492 = B_SPLINE_CURVE_WITH_KNOTS('', 1, (#3493, #3494), .UNSPECIFIED., .F., .U., (2, 2), (0., 1.), .UNSPECIFIED.);
#3493 = CARTESIAN_POINT('', (3., 24.1, 3.99999999999999));
#3494 = CARTESIAN_POINT('', (3., 24.1, 1.59999999999999));
#3495 = ORIENTED_EDGE('', *, *, #3438, .F.);
#3496 = ORIENTED_EDGE('', *, *, #3476, .F.);
#3497 = ORIENTED_EDGE('', *, *, #1531, .F.);
#3498 = B_SPLINE_SURFACE_WITH_KNOTS('', 1, 1, ((#3499, #3500), (#3501, #3502)), .UNSPECIFIED., .F., .F., .U., (2, 2), (2, 2), (0., 1.), (0., 1.), .UNSPECIFIED.);
#3499 = CARTESIAN_POINT('', (2.5, 24.1, 1.55));
#3500 = CARTESIAN_POINT('', (2.5, 24.1, 4.));
#3501 = CARTESIAN_POINT('', (52.5, 24.1, 1.55));
#3502 = CARTESIAN_POINT('', (52.5, 24.1, 4.));
#3503 = ADVANCED_FACE('', (#3504), #3536, .T.);
#3504 = FACE_OUTER_BOUND('', #3505, .T.);
#3505 = EDGE_LOOP('', (#3506, #3515, #3522, #3527, #3528, #3529, #3530, #3531));
#3506 = ORIENTED_EDGE('', *, *, #3507, .F.);
#3507 = EDGE_CURVE('', #3508, #3510, #3512, .T.);
#3508 = VERTEX_POINT('', #3509);
#3509 = CARTESIAN_POINT('', (3., 24.4, 14.5));
#3510 = VERTEX_POINT('', #3511);
#3511 = CARTESIAN_POINT('', (3., 22.7, 14.5));
#3512 = B_SPLINE_CURVE_WITH_KNOTS('', 1, (#3513, #3514), .UNSPECIFIED., .F., .U., (2, 2), (-0.0624999999999986, 1.), .UNSPECIFIED.);
#3513 = CARTESIAN_POINT('', (3., 24.4, 14.5));
#3514 = CARTESIAN_POINT('', (3., 22.7, 14.5));
#3515 = ORIENTED_EDGE('', *, *, #3516, .F.);
#3516 = EDGE_CURVE('', #3517, #3508, #3519, .T.);
#3517 = VERTEX_POINT('', #3518);
#3518 = CARTESIAN_POINT('', (3., 24.4, 13.3));
#3519 = B_SPLINE_CURVE_WITH_KNOTS('', 1, (#3520, #3521), .UNSPECIFIED., .F., .U., (2, 2), (0., 1.), .UNSPECIFIED.);
#3520 = CARTESIAN_POINT('', (3., 24.4, 13.3));
#3521 = CARTESIAN_POINT('', (3., 24.4, 14.5));
#3522 = ORIENTED_EDGE('', *, *, #3523, .T.);
#3523 = EDGE_CURVE('', #3517, #3395, #3524, .T.);
#3524 = B_SPLINE_CURVE_WITH_KNOTS('', 1, (#3525, #3526), .UNSPECIFIED., .F., .U., (2, 2), (0., 0.14285714285714), .UNSPECIFIED.);
#3525 = CARTESIAN_POINT('', (3., 24.4, 13.3));
#3526 = CARTESIAN_POINT('', (3., 24.3, 13.3));
#3527 = ORIENTED_EDGE('', *, *, #3394, .F.);
#3528 = ORIENTED_EDGE('', *, *, #3445, .T.);
#3529 = ORIENTED_EDGE('', *, *, #3491, .T.);
#3530 = ORIENTED_EDGE('', *, *, #1538, .F.);
#3531 = ORIENTED_EDGE('', *, *, #3532, .T.);
#3532 = EDGE_CURVE('', #1539, #3510, #3533, .T.);
#3533 = B_SPLINE_CURVE_WITH_KNOTS('', 1, (#3534, #3535), .UNSPECIFIED., .F., .U., (2, 2), (0.00386100386100387, 1.), .UNSPECIFIED.);
#3534 = CARTESIAN_POINT('', (3., 22.7, 1.6));
#3535 = CARTESIAN_POINT('', (3., 22.7, 14.5));
#3536 = B_SPLINE_SURFACE_WITH_KNOTS('', 1, 1, ((#3537, #3538), (#3539, #3540)), .UNSPECIFIED., .F., .F., .U., (2, 2), (2, 2), (-0.333333333333332, 1.08333333333333), (-0.00833333333333334, 2.15), .UNSPECIFIED.);
#3537 = CARTESIAN_POINT('', (3., 24.4, 1.55));
#3538 = CARTESIAN_POINT('', (3., 24.4, 14.5));
#3539 = CARTESIAN_POINT('', (3., 22.7, 1.55));
#3540 = CARTESIAN_POINT('', (3., 22.7, 14.5));
#3541 = ADVANCED_FACE('', (#3542), #3558, .T.);
#3542 = FACE_OUTER_BOUND('', #3543, .T.);
#3543 = EDGE_LOOP('', (#3544, #3545, #3552, #3557));
#3544 = ORIENTED_EDGE('', *, *, #1545, .F.);
#3545 = ORIENTED_EDGE('', *, *, #3546, .T.);
#3546 = EDGE_CURVE('', #1546, #3547, #3549, .T.);
#3547 = VERTEX_POINT('', #3548);
#3548 = CARTESIAN_POINT('', (22.5, 22.7, 14.5));
#3549 = B_SPLINE_CURVE_WITH_KNOTS('', 1, (#3550, #3551), .UNSPECIFIED., .F., .U., (2, 2), (0., 1.), .UNSPECIFIED.);
#3550 = CARTESIAN_POINT('', (22.5, 22.7, 1.59999999999999));
#3551 = CARTESIAN_POINT('', (22.5, 22.7, 14.5));
#3552 = ORIENTED_EDGE('', *, *, #3553, .F.);
#3553 = EDGE_CURVE('', #3510, #3547, #3554, .T.);
#3554 = B_SPLINE_CURVE_WITH_KNOTS('', 1, (#3555, #3556), .UNSPECIFIED., .F., .U., (2, 2), (0., 0.847826086956522), .UNSPECIFIED.);
#3555 = CARTESIAN_POINT('', (3., 22.7, 14.5));
#3556 = CARTESIAN_POINT('', (22.5, 22.7, 14.5));
#3557 = ORIENTED_EDGE('', *, *, #3532, .F.);
#3558 = B_SPLINE_SURFACE_WITH_KNOTS('', 1, 1, ((#3559, #3560), (#3561, #3562)), .UNSPECIFIED., .F., .F., .U., (2, 2), (2, 2), (0., 1.), (0., 1.), .UNSPECIFIED.);
#3559 = CARTESIAN_POINT('', (3., 22.7, 1.55));
#3560 = CARTESIAN_POINT('', (3., 22.7, 14.5));
#3561 = CARTESIAN_POINT('', (26., 22.7, 1.55));
#3562 = CARTESIAN_POINT('', (26., 22.7, 14.5));
#3563 = ADVANCED_FACE('', (#3564), #3594, .T.);
#3564 = FACE_OUTER_BOUND('', #3565, .T.);
#3565 = EDGE_LOOP('', (#3566, #3573, #3574, #3575, #3582, #3589));
#3566 = ORIENTED_EDGE('', *, *, #3567, .T.);
#3567 = EDGE_CURVE('', #3568, #3508, #3570, .T.);
#3568 = VERTEX_POINT('', #3569);
#3569 = CARTESIAN_POINT('', (26., 24.4, 14.5));
#3570 = B_SPLINE_CURVE_WITH_KNOTS('', 1, (#3571, #3572), .UNSPECIFIED., .F., .U., (2, 2), (0., 1.), .UNSPECIFIED.);
#3571 = CARTESIAN_POINT('', (26., 24.4, 14.5));
#3572 = CARTESIAN_POINT('', (3., 24.4, 14.5));
#3573 = ORIENTED_EDGE('', *, *, #3507, .T.);
#3574 = ORIENTED_EDGE('', *, *, #3553, .T.);
#3575 = ORIENTED_EDGE('', *, *, #3576, .T.);
#3576 = EDGE_CURVE('', #3547, #3577, #3579, .T.);
#3577 = VERTEX_POINT('', #3578);
#3578 = CARTESIAN_POINT('', (22.5, 23., 14.5));
#3579 = B_SPLINE_CURVE_WITH_KNOTS('', 1, (#3580, #3581), .UNSPECIFIED., .F., .U., (2, 2), (0.900000000000005, 1.), .UNSPECIFIED.);
#3580 = CARTESIAN_POINT('', (22.5, 22.7, 14.5));
#3581 = CARTESIAN_POINT('', (22.5, 23., 14.5));
#3582 = ORIENTED_EDGE('', *, *, #3583, .T.);
#3583 = EDGE_CURVE('', #3577, #3584, #3586, .T.);
#3584 = VERTEX_POINT('', #3585);
#3585 = CARTESIAN_POINT('', (26., 23., 14.5));
#3586 = B_SPLINE_CURVE_WITH_KNOTS('', 1, (#3587, #3588), .UNSPECIFIED., .F., .U., (2, 2), (0., 0.747771892879302), .UNSPECIFIED.);
#3587 = CARTESIAN_POINT('', (22.5, 23., 14.5));
#3588 = CARTESIAN_POINT('', (26., 23., 14.5));
#3589 = ORIENTED_EDGE('', *, *, #3590, .T.);
#3590 = EDGE_CURVE('', #3584, #3568, #3591, .T.);
#3591 = B_SPLINE_CURVE_WITH_KNOTS('', 1, (#3592, #3593), .UNSPECIFIED., .F., .U., (2, 2), (0.1875, 1.0625), .UNSPECIFIED.);
#3592 = CARTESIAN_POINT('', (26., 23., 14.5));
#3593 = CARTESIAN_POINT('', (26., 24.4, 14.5));
#3594 = B_SPLINE_SURFACE_WITH_KNOTS('', 1, 1, ((#3595, #3596), (#3597, #3598)), .UNSPECIFIED., .F., .F., .U., (2, 2), (2, 2), (-0.0227054714138354, 1.), (-0.000976402207295654, 1.0009764022073), .UNSPECIFIED.);
#3595 = CARTESIAN_POINT('', (27.180571753671, 10.819428246329, 14.5));
#3596 = CARTESIAN_POINT('', (1.81942824632895, 10.819428246329, 14.5));
#3597 = CARTESIAN_POINT('', (27.180571753671, 36.7058573395879, 14.5));
#3598 = CARTESIAN_POINT('', (1.81942824632895, 36.7058573395879, 14.5));
#3599 = ADVANCED_FACE('', (#3600), #3616, .T.);
#3600 = FACE_OUTER_BOUND('', #3601, .T.);
#3601 = EDGE_LOOP('', (#3602, #3609, #3614, #3615));
#3602 = ORIENTED_EDGE('', *, *, #3603, .F.);
#3603 = EDGE_CURVE('', #3604, #3568, #3606, .T.);
#3604 = VERTEX_POINT('', #3605);
#3605 = CARTESIAN_POINT('', (26., 24.4, 13.3));
#3606 = B_SPLINE_CURVE_WITH_KNOTS('', 1, (#3607, #3608), .UNSPECIFIED., .F., .U., (2, 2), (0., 1.), .UNSPECIFIED.);
#3607 = CARTESIAN_POINT('', (26., 24.4, 13.3));
#3608 = CARTESIAN_POINT('', (26., 24.4, 14.5));
#3609 = ORIENTED_EDGE('', *, *, #3610, .T.);
#3610 = EDGE_CURVE('', #3604, #3517, #3611, .T.);
#3611 = B_SPLINE_CURVE_WITH_KNOTS('', 1, (#3612, #3613), .UNSPECIFIED., .F., .U., (2, 2), (0., 1.), .UNSPECIFIED.);
#3612 = CARTESIAN_POINT('', (26., 24.4, 13.3));
#3613 = CARTESIAN_POINT('', (3., 24.4, 13.3));
#3614 = ORIENTED_EDGE('', *, *, #3516, .T.);
#3615 = ORIENTED_EDGE('', *, *, #3567, .F.);
#3616 = B_SPLINE_SURFACE_WITH_KNOTS('', 1, 1, ((#3617, #3618), (#3619, #3620)), .UNSPECIFIED., .F., .F., .U., (2, 2), (2, 2), (0., 1.), (0., 1.), .UNSPECIFIED.);
#3617 = CARTESIAN_POINT('', (26., 24.4, 13.3));
#3618 = CARTESIAN_POINT('', (26., 24.4, 14.5));
#3619 = CARTESIAN_POINT('', (3., 24.4, 13.3));
#3620 = CARTESIAN_POINT('', (3., 24.4, 14.5));
#3621 = ADVANCED_FACE('', (#3622), #3632, .T.);
#3622 = FACE_OUTER_BOUND('', #3623, .T.);
#3623 = EDGE_LOOP('', (#3624, #3625, #3626, #3627));
#3624 = ORIENTED_EDGE('', *, *, #3401, .T.);
#3625 = ORIENTED_EDGE('', *, *, #3523, .F.);
#3626 = ORIENTED_EDGE('', *, *, #3610, .F.);
#3627 = ORIENTED_EDGE('', *, *, #3628, .F.);
#3628 = EDGE_CURVE('', #3402, #3604, #3629, .T.);
#3629 = B_SPLINE_CURVE_WITH_KNOTS('', 1, (#3630, #3631), .UNSPECIFIED., .F., .U., (2, 2), (0.85714285714286, 1.), .UNSPECIFIED.);
#3630 = CARTESIAN_POINT('', (26., 24.3, 13.3));
#3631 = CARTESIAN_POINT('', (26., 24.4, 13.3));
#3632 = B_SPLINE_SURFACE_WITH_KNOTS('', 1, 1, ((#3633, #3634), (#3635, #3636)), .UNSPECIFIED., .F., .F., .U., (2, 2), (2, 2), (0., 1.), (0., 1.), .UNSPECIFIED.);
#3633 = CARTESIAN_POINT('', (27.1558573395879, 11.3941426604121, 13.3));
#3634 = CARTESIAN_POINT('', (27.1558573395879, 36.7058573395879, 13.3));
#3635 = CARTESIAN_POINT('', (1.84414266041214, 11.3941426604121, 13.3));
#3636 = CARTESIAN_POINT('', (1.84414266041214, 36.7058573395879, 13.3));
#3637 = ADVANCED_FACE('', (#3638), #3656, .T.);
#3638 = FACE_OUTER_BOUND('', #3639, .T.);
#3639 = EDGE_LOOP('', (#3640, #3641, #3642, #3643, #3644, #3649, #3650, #3655));
#3640 = ORIENTED_EDGE('', *, *, #3408, .T.);
#3641 = ORIENTED_EDGE('', *, *, #3628, .T.);
#3642 = ORIENTED_EDGE('', *, *, #3603, .T.);
#3643 = ORIENTED_EDGE('', *, *, #3590, .F.);
#3644 = ORIENTED_EDGE('', *, *, #3645, .T.);
#3645 = EDGE_CURVE('', #3584, #1587, #3646, .T.);
#3646 = B_SPLINE_CURVE_WITH_KNOTS('', 1, (#3647, #3648), .UNSPECIFIED., .F., .U., (2, 2), (0., 1.), .UNSPECIFIED.);
#3647 = CARTESIAN_POINT('', (26., 23., 14.5));
#3648 = CARTESIAN_POINT('', (26., 23., 1.6));
#3649 = ORIENTED_EDGE('', *, *, #1593, .F.);
#3650 = ORIENTED_EDGE('', *, *, #3651, .T.);
#3651 = EDGE_CURVE('', #1594, #3232, #3652, .T.);
#3652 = B_SPLINE_CURVE_WITH_KNOTS('', 1, (#3653, #3654), .UNSPECIFIED., .F., .U., (2, 2), (0., 1.), .UNSPECIFIED.);
#3653 = CARTESIAN_POINT('', (26., 24.1, 1.59999999999999));
#3654 = CARTESIAN_POINT('', (26., 24.1, 4.));
#3655 = ORIENTED_EDGE('', *, *, #3231, .T.);
#3656 = B_SPLINE_SURFACE_WITH_KNOTS('', 1, 1, ((#3657, #3658), (#3659, #3660)), .UNSPECIFIED., .F., .F., .U., (2, 2), (2, 2), (-1.42857142857143, 1.), (-9.79166666666667, 1.), .UNSPECIFIED.);
#3657 = CARTESIAN_POINT('', (26., 22.7, 1.55));
#3658 = CARTESIAN_POINT('', (26., 22.7, 14.5));
#3659 = CARTESIAN_POINT('', (26., 24.4, 1.55));
#3660 = CARTESIAN_POINT('', (26., 24.4, 14.5));
#3661 = ADVANCED_FACE('', (#3662), #3686, .T.);
#3662 = FACE_OUTER_BOUND('', #3663, .T.);
#3663 = EDGE_LOOP('', (#3664, #3671, #3672, #3673, #3674, #3681));
#3664 = ORIENTED_EDGE('', *, *, #3665, .F.);
#3665 = EDGE_CURVE('', #1577, #3666, #3668, .T.);
#3666 = VERTEX_POINT('', #3667);
#3667 = CARTESIAN_POINT('', (27.5732151132002, 23., 21.3));
#3668 = B_SPLINE_CURVE_WITH_KNOTS('', 1, (#3669, #3670), .UNSPECIFIED., .F., .U., (2, 2), (0., 1.), .UNSPECIFIED.);
#3669 = CARTESIAN_POINT('', (27.5732151132002, 23., 1.6));
#3670 = CARTESIAN_POINT('', (27.5732151132002, 23., 21.3));
#3671 = ORIENTED_EDGE('', *, *, #1586, .F.);
#3672 = ORIENTED_EDGE('', *, *, #3645, .F.);
#3673 = ORIENTED_EDGE('', *, *, #3583, .F.);
#3674 = ORIENTED_EDGE('', *, *, #3675, .T.);
#3675 = EDGE_CURVE('', #3577, #3676, #3678, .T.);
#3676 = VERTEX_POINT('', #3677);
#3677 = CARTESIAN_POINT('', (22.5, 23., 21.3));
#3678 = B_SPLINE_CURVE_WITH_KNOTS('', 1, (#3679, #3680), .UNSPECIFIED., .F., .U., (2, 2), (0.655696202531646, 1.), .UNSPECIFIED.);
#3679 = CARTESIAN_POINT('', (22.5, 23., 14.5));
#3680 = CARTESIAN_POINT('', (22.5, 23., 21.3));
#3681 = ORIENTED_EDGE('', *, *, #3682, .F.);
#3682 = EDGE_CURVE('', #3666, #3676, #3683, .T.);
#3683 = B_SPLINE_CURVE_WITH_KNOTS('', 1, (#3684, #3685), .UNSPECIFIED., .F., .U., (2, 2), (0.0940687297856733, 1.), .UNSPECIFIED.);
#3684 = CARTESIAN_POINT('', (27.5732151132002, 23., 21.3));
#3685 = CARTESIAN_POINT('', (22.5, 23., 21.3));
#3686 = B_SPLINE_SURFACE_WITH_KNOTS('', 1, 1, ((#3687, #3688), (#3689, #3690)), .UNSPECIFIED., .F., .F., .U., (2, 2), (2, 2), (0., 1.), (0., 1.), .UNSPECIFIED.);
#3687 = CARTESIAN_POINT('', (28.1, 23., 1.55));
#3688 = CARTESIAN_POINT('', (28.1, 23., 21.3));
#3689 = CARTESIAN_POINT('', (22.5, 23., 1.55));
#3690 = CARTESIAN_POINT('', (22.5, 23., 21.3));
#3691 = ADVANCED_FACE('', (#3692), #3710, .T.);
#3692 = FACE_OUTER_BOUND('', #3693, .T.);
#3693 = EDGE_LOOP('', (#3694, #3695, #3696, #3697, #3704, #3709));
#3694 = ORIENTED_EDGE('', *, *, #3576, .F.);
#3695 = ORIENTED_EDGE('', *, *, #3546, .F.);
#3696 = ORIENTED_EDGE('', *, *, #1552, .F.);
#3697 = ORIENTED_EDGE('', *, *, #3698, .T.);
#3698 = EDGE_CURVE('', #1553, #3699, #3701, .T.);
#3699 = VERTEX_POINT('', #3700);
#3700 = CARTESIAN_POINT('', (22.5, 20., 21.3));
#3701 = B_SPLINE_CURVE_WITH_KNOTS('', 1, (#3702, #3703), .UNSPECIFIED., .F., .U., (2, 2), (0.00253164556962026, 1.), .UNSPECIFIED.);
#3702 = CARTESIAN_POINT('', (22.5, 20., 1.6));
#3703 = CARTESIAN_POINT('', (22.5, 20., 21.3));
#3704 = ORIENTED_EDGE('', *, *, #3705, .F.);
#3705 = EDGE_CURVE('', #3676, #3699, #3706, .T.);
#3706 = B_SPLINE_CURVE_WITH_KNOTS('', 1, (#3707, #3708), .UNSPECIFIED., .F., .U., (2, 2), (0., 1.), .UNSPECIFIED.);
#3707 = CARTESIAN_POINT('', (22.5, 23., 21.3));
#3708 = CARTESIAN_POINT('', (22.5, 20., 21.3));
#3709 = ORIENTED_EDGE('', *, *, #3675, .F.);
#3710 = B_SPLINE_SURFACE_WITH_KNOTS('', 1, 1, ((#3711, #3712), (#3713, #3714)), .UNSPECIFIED., .F., .F., .U., (2, 2), (2, 2), (0., 1.), (0., 1.), .UNSPECIFIED.);
#3711 = CARTESIAN_POINT('', (22.5, 23., 1.55));
#3712 = CARTESIAN_POINT('', (22.5, 23., 21.3));
#3713 = CARTESIAN_POINT('', (22.5, 20., 1.55));
#3714 = CARTESIAN_POINT('', (22.5, 20., 21.3));
#3715 = ADVANCED_FACE('', (#3716), #3732, .T.);
#3716 = FACE_OUTER_BOUND('', #3717, .T.);
#3717 = EDGE_LOOP('', (#3718, #3725, #3730, #3731));
#3718 = ORIENTED_EDGE('', *, *, #3719, .T.);
#3719 = EDGE_CURVE('', #1560, #3720, #3722, .T.);
#3720 = VERTEX_POINT('', #3721);
#3721 = CARTESIAN_POINT('', (26.795836543402, 20., 21.3));
#3722 = B_SPLINE_CURVE_WITH_KNOTS('', 1, (#3723, #3724), .UNSPECIFIED., .F., .U., (2, 2), (0., 1.), .UNSPECIFIED.);
#3723 = CARTESIAN_POINT('', (26.795836543402, 20., 1.6));
#3724 = CARTESIAN_POINT('', (26.795836543402, 20., 21.3));
#3725 = ORIENTED_EDGE('', *, *, #3726, .F.);
#3726 = EDGE_CURVE('', #3699, #3720, #3727, .T.);
#3727 = B_SPLINE_CURVE_WITH_KNOTS('', 1, (#3728, #3729), .UNSPECIFIED., .F., .U., (2, 2), (0., 0.767113668464643), .UNSPECIFIED.);
#3728 = CARTESIAN_POINT('', (22.5, 20., 21.3));
#3729 = CARTESIAN_POINT('', (26.795836543402, 20., 21.3));
#3730 = ORIENTED_EDGE('', *, *, #3698, .F.);
#3731 = ORIENTED_EDGE('', *, *, #1559, .F.);
#3732 = B_SPLINE_SURFACE_WITH_KNOTS('', 1, 1, ((#3733, #3734), (#3735, #3736)), .UNSPECIFIED., .F., .F., .U., (2, 2), (2, 2), (0., 1.), (0., 1.), .UNSPECIFIED.);
#3733 = CARTESIAN_POINT('', (22.5, 20., 1.55));
#3734 = CARTESIAN_POINT('', (22.5, 20., 21.3));
#3735 = CARTESIAN_POINT('', (28.1, 20., 1.55));
#3736 = CARTESIAN_POINT('', (28.1, 20., 21.3));
#3737 = ADVANCED_FACE('', (#3738), #3751, .T.);
#3738 = FACE_OUTER_BOUND('', #3739, .T.);
#3739 = EDGE_LOOP('', (#3740, #3748, #3749, #3750));
#3740 = ORIENTED_EDGE('', *, *, #3741, .F.);
#3741 = EDGE_CURVE('', #3666, #3720, #3742, .T.);
#3742 = (
   BOUNDED_CURVE ()
   B_SPLINE_CURVE (2, (#3743, #3744, #3745, #3746, #3747), .UNSPECIFIED., .F., .U.)
   B_SPLINE_CURVE_WITH_KNOTS ((3, 2, 3), (0.188524202770697, 0.5, 0.625151864282728), .UNSPECIFIED.)
   CURVE ()
   GEOMETRIC_REPRESENTATION_ITEM ()
   RATIONAL_B_SPLINE_CURVE ((0.901271261236698, 0.869076838262264, 1., 0.947394699957364, 0.921124005400681))
   REPRESENTATION_ITEM ('')
);
#3743 = CARTESIAN_POINT('', (27.5732151132002, 23., 21.3));
#3744 = CARTESIAN_POINT('', (26.65, 22.152934796486, 21.3));
#3745 = CARTESIAN_POINT('', (26.65, 20.9, 21.3));
#3746 = CARTESIAN_POINT('', (26.65, 20.438184279227, 21.3));
#3747 = CARTESIAN_POINT('', (26.795836543402, 20., 21.3));
#3748 = ORIENTED_EDGE('', *, *, #3682, .T.);
#3749 = ORIENTED_EDGE('', *, *, #3705, .T.);
#3750 = ORIENTED_EDGE('', *, *, #3726, .T.);
#3751 = B_SPLINE_SURFACE_WITH_KNOTS('', 1, 1, ((#3752, #3753), (#3754, #3755)), .UNSPECIFIED., .F., .F., .U., (2, 2), (2, 2), (0., 1.), (0., 1.), .UNSPECIFIED.);
#3752 = CARTESIAN_POINT('', (28.7941236383391, 18.0058763616609, 21.3));
#3753 = CARTESIAN_POINT('', (21.8058763616609, 18.0058763616609, 21.3));
#3754 = CARTESIAN_POINT('', (28.7941236383391, 24.9941236383391, 21.3));
#3755 = CARTESIAN_POINT('', (21.8058763616609, 24.9941236383391, 21.3));
#3756 = ADVANCED_FACE('', (#3757), #3784, .T.);
#3757 = FACE_OUTER_BOUND('', #3758, .T.);
#3758 = EDGE_LOOP('', (#3759, #3760, #3767, #3779, #3780, #3781, #3782, #3783));
#3759 = ORIENTED_EDGE('', *, *, #1566, .T.);
#3760 = ORIENTED_EDGE('', *, *, #3761, .T.);
#3761 = EDGE_CURVE('', #1567, #3762, #3764, .T.);
#3762 = VERTEX_POINT('', #3763);
#3763 = CARTESIAN_POINT('', (32.35, 20.9, 23.8));
#3764 = B_SPLINE_CURVE_WITH_KNOTS('', 1, (#3765, #3766), .UNSPECIFIED., .F., .U., (2, 2), (0.05, 22.25), .UNSPECIFIED.);
#3765 = CARTESIAN_POINT('', (32.35, 20.9, 1.6));
#3766 = CARTESIAN_POINT('', (32.35, 20.9, 23.8));
#3767 = ORIENTED_EDGE('', *, *, #3768, .F.);
#3768 = EDGE_CURVE('', #3762, #3762, #3769, .T.);
#3769 = (
   BOUNDED_CURVE ()
   B_SPLINE_CURVE (2, (#3770, #3771, #3772, #3773, #3774, #3775, #3776, #3777, #3778), .UNSPECIFIED., .T., .U.)
   B_SPLINE_CURVE_WITH_KNOTS ((3, 2, 2, 2, 3), (0., 4.47676953136546, 8.95353906273092, 13.4303085940964, 17.9070781254618), .UNSPECIFIED.)
   CURVE ()
   GEOMETRIC_REPRESENTATION_ITEM ()
   RATIONAL_B_SPLINE_CURVE ((1., 0.707106781186548, 1., 0.707106781186548, 1., 0.707106781186548, 1., 0.707106781186548, 1.))
   REPRESENTATION_ITEM ('')
);
#3770 = CARTESIAN_POINT('', (32.35, 20.9, 23.8));
#3771 = CARTESIAN_POINT('', (32.35, 23.75, 23.8));
#3772 = CARTESIAN_POINT('', (29.5, 23.75, 23.8));
#3773 = CARTESIAN_POINT('', (26.65, 23.75, 23.8));
#3774 = CARTESIAN_POINT('', (26.65, 20.9, 23.8));
#3775 = CARTESIAN_POINT('', (26.65, 18.05, 23.8));
#3776 = CARTESIAN_POINT('', (29.5, 18.05, 23.8));
#3777 = CARTESIAN_POINT('', (32.35, 18.05, 23.8));
#3778 = CARTESIAN_POINT('', (32.35, 20.9, 23.8));
#3779 = ORIENTED_EDGE('', *, *, #3761, .F.);
#3780 = ORIENTED_EDGE('', *, *, #1576, .T.);
#3781 = ORIENTED_EDGE('', *, *, #3665, .T.);
#3782 = ORIENTED_EDGE('', *, *, #3741, .T.);
#3783 = ORIENTED_EDGE('', *, *, #3719, .F.);
#3784 = (
   BOUNDED_SURFACE ()
   B_SPLINE_SURFACE (2, 1, ((#3785, #3786), (#3787, #3788), (#3789, #3790), (#3791, #3792), (#3793, #3794), (#3795, #3796), (#3797, #3798), (#3799, #3800), (#3801, #3802)), .UNSPECIFIED., .T., .F., .U.)
   B_SPLINE_SURFACE_WITH_KNOTS ((3, 2, 2, 2, 3), (2, 2), (0., 4.47676953136546, 8.95353906273092, 13.4303085940964, 17.9070781254618), (0., 22.25), .UNSPECIFIED.)
   GEOMETRIC_REPRESENTATION_ITEM ()
   RATIONAL_B_SPLINE_SURFACE (((1., 1.), (0.707106781186548, 0.707106781186548), (1., 1.), (0.707106781186548, 0.707106781186548), (1., 1.), (0.707106781186548, 0.707106781186548), (1., 1.), (0.707106781186548, 0.707106781186548), (1., 1.)))
   REPRESENTATION_ITEM ('')
   SURFACE ()
);
#3785 = CARTESIAN_POINT('', (32.35, 20.9, 1.55));
#3786 = CARTESIAN_POINT('', (32.35, 20.9, 23.8));
#3787 = CARTESIAN_POINT('', (32.35, 23.75, 1.55));
#3788 = CARTESIAN_POINT('', (32.35, 23.75, 23.8));
#3789 = CARTESIAN_POINT('', (29.5, 23.75, 1.55));
#3790 = CARTESIAN_POINT('', (29.5, 23.75, 23.8));
#3791 = CARTESIAN_POINT('', (26.65, 23.75, 1.55));
#3792 = CARTESIAN_POINT('', (26.65, 23.75, 23.8));
#3793 = CARTESIAN_POINT('', (26.65, 20.9, 1.55));
#3794 = CARTESIAN_POINT('', (26.65, 20.9, 23.8));
#3795 = CARTESIAN_POINT('', (26.65, 18.05, 1.55));
#3796 = CARTESIAN_POINT('', (26.65, 18.05, 23.8));
#3797 = CARTESIAN_POINT('', (29.5, 18.05, 1.55));
#3798 = CARTESIAN_POINT('', (29.5, 18.05, 23.8));
#3799 = CARTESIAN_POINT('', (32.35, 18.05, 1.55));
#3800 = CARTESIAN_POINT('', (32.35, 18.05, 23.8));
#3801 = CARTESIAN_POINT('', (32.35, 20.9, 1.55));
#3802 = CARTESIAN_POINT('', (32.35, 20.9, 23.8));
#3803 = ADVANCED_FACE('', (#3804, #3807), #3823, .T.);
#3804 = FACE_OUTER_BOUND('', #3805, .T.);
#3805 = EDGE_LOOP('', (#3806));
#3806 = ORIENTED_EDGE('', *, *, #3768, .T.);
#3807 = FACE_BOUND('', #3808, .T.);
#3808 = EDGE_LOOP('', (#3809));
#3809 = ORIENTED_EDGE('', *, *, #3810, .F.);
#3810 = EDGE_CURVE('', #3811, #3811, #3813, .T.);
#3811 = VERTEX_POINT('', #3812);
#3812 = CARTESIAN_POINT('', (30.95, 20.9, 23.8));
#3813 = (
   BOUNDED_CURVE ()
   B_SPLINE_CURVE (2, (#3814, #3815, #3816, #3817, #3818, #3819, #3820, #3821, #3822), .UNSPECIFIED., .T., .U.)
   B_SPLINE_CURVE_WITH_KNOTS ((3, 2, 2, 2, 3), (0., 0.25, 0.5, 0.75, 1.), .UNSPECIFIED.)
   CURVE ()
   GEOMETRIC_REPRESENTATION_ITEM ()
   RATIONAL_B_SPLINE_CURVE ((1., 0.707106781186548, 1., 0.707106781186548, 1., 0.707106781186548, 1., 0.707106781186548, 1.))
   REPRESENTATION_ITEM ('')
);
#3814 = CARTESIAN_POINT('', (30.95, 20.9, 23.8));
#3815 = CARTESIAN_POINT('', (30.95, 22.35, 23.8));
#3816 = CARTESIAN_POINT('', (29.5, 22.35, 23.8));
#3817 = CARTESIAN_POINT('', (28.05, 22.35, 23.8));
#3818 = CARTESIAN_POINT('', (28.05, 20.9, 23.8));
#3819 = CARTESIAN_POINT('', (28.05, 19.45, 23.8));
#3820 = CARTESIAN_POINT('', (29.5, 19.45, 23.8));
#3821 = CARTESIAN_POINT('', (30.95, 19.45, 23.8));
#3822 = CARTESIAN_POINT('', (30.95, 20.9, 23.8));
#3823 = B_SPLINE_SURFACE_WITH_KNOTS('', 1, 1, ((#3824, #3825), (#3826, #3827)), .UNSPECIFIED., .F., .F., .U., (2, 2), (2, 2), (0., 1.), (0., 1.), .UNSPECIFIED.);
#3824 = CARTESIAN_POINT('', (33.9335595180397, 16.4664404819603, 23.8));
#3825 = CARTESIAN_POINT('', (25.0664404819603, 16.4664404819603, 23.8));
#3826 = CARTESIAN_POINT('', (33.9335595180397, 25.3335595180397, 23.8));
#3827 = CARTESIAN_POINT('', (25.0664404819603, 25.3335595180397, 23.8));
#3828 = ADVANCED_FACE('', (#3829), #3839, .T.);
#3829 = FACE_OUTER_BOUND('', #3830, .T.);
#3830 = EDGE_LOOP('', (#3831, #3836, #3837, #3838));
#3831 = ORIENTED_EDGE('', *, *, #3832, .F.);
#3832 = EDGE_CURVE('', #3239, #1601, #3833, .T.);
#3833 = B_SPLINE_CURVE_WITH_KNOTS('', 1, (#3834, #3835), .UNSPECIFIED., .F., .U., (2, 2), (0., 1.), .UNSPECIFIED.);
#3834 = CARTESIAN_POINT('', (34., 24.1, 3.99999999999999));
#3835 = CARTESIAN_POINT('', (34., 24.1, 1.59999999999999));
#3836 = ORIENTED_EDGE('', *, *, #3238, .F.);
#3837 = ORIENTED_EDGE('', *, *, #3651, .F.);
#3838 = ORIENTED_EDGE('', *, *, #1600, .F.);
#3839 = B_SPLINE_SURFACE_WITH_KNOTS('', 1, 1, ((#3840, #3841), (#3842, #3843)), .UNSPECIFIED., .F., .F., .U., (2, 2), (2, 2), (0., 1.), (0., 1.), .UNSPECIFIED.);
#3840 = CARTESIAN_POINT('', (2.5, 24.1, 1.55));
#3841 = CARTESIAN_POINT('', (2.5, 24.1, 4.));
#3842 = CARTESIAN_POINT('', (52.5, 24.1, 1.55));
#3843 = CARTESIAN_POINT('', (52.5, 24.1, 4.));
#3844 = ADVANCED_FACE('', (#3845), #3883, .T.);
#3845 = FACE_OUTER_BOUND('', #3846, .T.);
#3846 = EDGE_LOOP('', (#3847, #3856, #3861, #3862, #3863, #3864, #3871, #3878));
#3847 = ORIENTED_EDGE('', *, *, #3848, .T.);
#3848 = EDGE_CURVE('', #3849, #3851, #3853, .T.);
#3849 = VERTEX_POINT('', #3850);
#3850 = CARTESIAN_POINT('', (34., 24.4, 13.3));
#3851 = VERTEX_POINT('', #3852);
#3852 = CARTESIAN_POINT('', (34., 24.3, 13.3));
#3853 = B_SPLINE_CURVE_WITH_KNOTS('', 1, (#3854, #3855), .UNSPECIFIED., .F., .U., (2, 2), (0., 0.14285714285714), .UNSPECIFIED.);
#3854 = CARTESIAN_POINT('', (34., 24.4, 13.3));
#3855 = CARTESIAN_POINT('', (34., 24.3, 13.3));
#3856 = ORIENTED_EDGE('', *, *, #3857, .F.);
#3857 = EDGE_CURVE('', #3246, #3851, #3858, .T.);
#3858 = B_SPLINE_CURVE_WITH_KNOTS('', 1, (#3859, #3860), .UNSPECIFIED., .F., .U., (2, 2), (0.189189189189189, 0.907335907335908), .UNSPECIFIED.);
#3859 = CARTESIAN_POINT('', (34., 24.3, 4.));
#3860 = CARTESIAN_POINT('', (34., 24.3, 13.3));
#3861 = ORIENTED_EDGE('', *, *, #3245, .T.);
#3862 = ORIENTED_EDGE('', *, *, #3832, .T.);
#3863 = ORIENTED_EDGE('', *, *, #1607, .F.);
#3864 = ORIENTED_EDGE('', *, *, #3865, .T.);
#3865 = EDGE_CURVE('', #1608, #3866, #3868, .T.);
#3866 = VERTEX_POINT('', #3867);
#3867 = CARTESIAN_POINT('', (34., 22.7, 14.5));
#3868 = B_SPLINE_CURVE_WITH_KNOTS('', 1, (#3869, #3870), .UNSPECIFIED., .F., .U., (2, 2), (0.00386100386100387, 1.), .UNSPECIFIED.);
#3869 = CARTESIAN_POINT('', (34., 22.7, 1.6));
#3870 = CARTESIAN_POINT('', (34., 22.7, 14.5));
#3871 = ORIENTED_EDGE('', *, *, #3872, .F.);
#3872 = EDGE_CURVE('', #3873, #3866, #3875, .T.);
#3873 = VERTEX_POINT('', #3874);
#3874 = CARTESIAN_POINT('', (34., 24.4, 14.5));
#3875 = B_SPLINE_CURVE_WITH_KNOTS('', 1, (#3876, #3877), .UNSPECIFIED., .F., .U., (2, 2), (-0.0624999999999986, 1.), .UNSPECIFIED.);
#3876 = CARTESIAN_POINT('', (34., 24.4, 14.5));
#3877 = CARTESIAN_POINT('', (34., 22.7, 14.5));
#3878 = ORIENTED_EDGE('', *, *, #3879, .F.);
#3879 = EDGE_CURVE('', #3849, #3873, #3880, .T.);
#3880 = B_SPLINE_CURVE_WITH_KNOTS('', 1, (#3881, #3882), .UNSPECIFIED., .F., .U., (2, 2), (0., 1.), .UNSPECIFIED.);
#3881 = CARTESIAN_POINT('', (34., 24.4, 13.3));
#3882 = CARTESIAN_POINT('', (34., 24.4, 14.5));
#3883 = B_SPLINE_SURFACE_WITH_KNOTS('', 1, 1, ((#3884, #3885), (#3886, #3887)), .UNSPECIFIED., .F., .F., .U., (2, 2), (2, 2), (-0.0624999999999986, 1.), (0., 1.), .UNSPECIFIED.);
#3884 = CARTESIAN_POINT('', (34., 24.4, 1.55));
#3885 = CARTESIAN_POINT('', (34., 24.4, 14.5));
#3886 = CARTESIAN_POINT('', (34., 22.7, 1.55));
#3887 = CARTESIAN_POINT('', (34., 22.7, 14.5));
#3888 = ADVANCED_FACE('', (#3889), #3931, .T.);
#3889 = FACE_OUTER_BOUND('', #3890, .T.);
#3890 = EDGE_LOOP('', (#3891, #3900, #3907, #3912, #3913, #3918, #3919, #3926));
#3891 = ORIENTED_EDGE('', *, *, #3892, .T.);
#3892 = EDGE_CURVE('', #3893, #3895, #3897, .T.);
#3893 = VERTEX_POINT('', #3894);
#3894 = CARTESIAN_POINT('', (48.5, 24.4, 13.3));
#3895 = VERTEX_POINT('', #3896);
#3896 = CARTESIAN_POINT('', (48.5, 24.4, 14.5));
#3897 = B_SPLINE_CURVE_WITH_KNOTS('', 1, (#3898, #3899), .UNSPECIFIED., .F., .U., (2, 2), (0., 1.), .UNSPECIFIED.);
#3898 = CARTESIAN_POINT('', (48.5, 24.4, 13.3));
#3899 = CARTESIAN_POINT('', (48.5, 24.4, 14.5));
#3900 = ORIENTED_EDGE('', *, *, #3901, .F.);
#3901 = EDGE_CURVE('', #3902, #3895, #3904, .T.);
#3902 = VERTEX_POINT('', #3903);
#3903 = CARTESIAN_POINT('', (48.5, 22.7, 14.5));
#3904 = B_SPLINE_CURVE_WITH_KNOTS('', 1, (#3905, #3906), .UNSPECIFIED., .F., .U., (2, 2), (0., 1.0625), .UNSPECIFIED.);
#3905 = CARTESIAN_POINT('', (48.5, 22.7, 14.5));
#3906 = CARTESIAN_POINT('', (48.5, 24.4, 14.5));
#3907 = ORIENTED_EDGE('', *, *, #3908, .F.);
#3908 = EDGE_CURVE('', #1615, #3902, #3909, .T.);
#3909 = B_SPLINE_CURVE_WITH_KNOTS('', 1, (#3910, #3911), .UNSPECIFIED., .F., .U., (2, 2), (0.00386100386100387, 1.), .UNSPECIFIED.);
#3910 = CARTESIAN_POINT('', (48.5, 22.7, 1.6));
#3911 = CARTESIAN_POINT('', (48.5, 22.7, 14.5));
#3912 = ORIENTED_EDGE('', *, *, #1621, .F.);
#3913 = ORIENTED_EDGE('', *, *, #3914, .T.);
#3914 = EDGE_CURVE('', #1622, #3056, #3915, .T.);
#3915 = B_SPLINE_CURVE_WITH_KNOTS('', 1, (#3916, #3917), .UNSPECIFIED., .F., .U., (2, 2), (0., 1.), .UNSPECIFIED.);
#3916 = CARTESIAN_POINT('', (48.5, 24.1, 1.59999999999999));
#3917 = CARTESIAN_POINT('', (48.5, 24.1, 4.));
#3918 = ORIENTED_EDGE('', *, *, #3055, .T.);
#3919 = ORIENTED_EDGE('', *, *, #3920, .T.);
#3920 = EDGE_CURVE('', #3049, #3921, #3923, .T.);
#3921 = VERTEX_POINT('', #3922);
#3922 = CARTESIAN_POINT('', (48.5, 24.3, 13.3));
#3923 = B_SPLINE_CURVE_WITH_KNOTS('', 1, (#3924, #3925), .UNSPECIFIED., .F., .U., (2, 2), (0.189189189189189, 0.907335907335908), .UNSPECIFIED.);
#3924 = CARTESIAN_POINT('', (48.5, 24.3, 4.));
#3925 = CARTESIAN_POINT('', (48.5, 24.3, 13.3));
#3926 = ORIENTED_EDGE('', *, *, #3927, .T.);
#3927 = EDGE_CURVE('', #3921, #3893, #3928, .T.);
#3928 = B_SPLINE_CURVE_WITH_KNOTS('', 1, (#3929, #3930), .UNSPECIFIED., .F., .U., (2, 2), (0.857142857142855, 1.), .UNSPECIFIED.);
#3929 = CARTESIAN_POINT('', (48.5, 24.3, 13.3));
#3930 = CARTESIAN_POINT('', (48.5, 24.4, 13.3));
#3931 = B_SPLINE_SURFACE_WITH_KNOTS('', 1, 1, ((#3932, #3933), (#3934, #3935)), .UNSPECIFIED., .F., .F., .U., (2, 2), (2, 2), (-1.42857142857143, 1.), (-9.79166666666667, 1.), .UNSPECIFIED.);
#3932 = CARTESIAN_POINT('', (48.5, 22.7, 1.55));
#3933 = CARTESIAN_POINT('', (48.5, 22.7, 14.5));
#3934 = CARTESIAN_POINT('', (48.5, 24.4, 1.55));
#3935 = CARTESIAN_POINT('', (48.5, 24.4, 14.5));
#3936 = ADVANCED_FACE('', (#3937), #3947, .T.);
#3937 = FACE_OUTER_BOUND('', #3938, .T.);
#3938 = EDGE_LOOP('', (#3939, #3940, #3941, #3946));
#3939 = ORIENTED_EDGE('', *, *, #3914, .F.);
#3940 = ORIENTED_EDGE('', *, *, #1628, .F.);
#3941 = ORIENTED_EDGE('', *, *, #3942, .T.);
#3942 = EDGE_CURVE('', #1629, #3063, #3943, .T.);
#3943 = B_SPLINE_CURVE_WITH_KNOTS('', 1, (#3944, #3945), .UNSPECIFIED., .F., .U., (2, 2), (0.0204081632653061, 1.), .UNSPECIFIED.);
#3944 = CARTESIAN_POINT('', (52.5, 24.1, 1.6));
#3945 = CARTESIAN_POINT('', (52.5, 24.1, 4.));
#3946 = ORIENTED_EDGE('', *, *, #3062, .F.);
#3947 = B_SPLINE_SURFACE_WITH_KNOTS('', 1, 1, ((#3948, #3949), (#3950, #3951)), .UNSPECIFIED., .F., .F., .U., (2, 2), (2, 2), (0., 1.), (0., 1.), .UNSPECIFIED.);
#3948 = CARTESIAN_POINT('', (2.5, 24.1, 1.55));
#3949 = CARTESIAN_POINT('', (2.5, 24.1, 4.));
#3950 = CARTESIAN_POINT('', (52.5, 24.1, 1.55));
#3951 = CARTESIAN_POINT('', (52.5, 24.1, 4.));
#3952 = ADVANCED_FACE('', (#3953), #3963, .T.);
#3953 = FACE_OUTER_BOUND('', #3954, .T.);
#3954 = EDGE_LOOP('', (#3955, #3960, #3961, #3962));
#3955 = ORIENTED_EDGE('', *, *, #3956, .F.);
#3956 = EDGE_CURVE('', #3070, #1636, #3957, .T.);
#3957 = B_SPLINE_CURVE_WITH_KNOTS('', 1, (#3958, #3959), .UNSPECIFIED., .F., .U., (2, 2), (0., 1.), .UNSPECIFIED.);
#3958 = CARTESIAN_POINT('', (52.5, 24.5, 4.));
#3959 = CARTESIAN_POINT('', (52.5, 24.5, 1.6));
#3960 = ORIENTED_EDGE('', *, *, #3069, .F.);
#3961 = ORIENTED_EDGE('', *, *, #3942, .F.);
#3962 = ORIENTED_EDGE('', *, *, #1635, .F.);
#3963 = B_SPLINE_SURFACE_WITH_KNOTS('', 1, 1, ((#3964, #3965), (#3966, #3967)), .UNSPECIFIED., .F., .F., .U., (2, 2), (2, 2), (0., 1.), (0., 1.), .UNSPECIFIED.);
#3964 = CARTESIAN_POINT('', (52.5, 24.1, 1.55));
#3965 = CARTESIAN_POINT('', (52.5, 24.1, 4.));
#3966 = CARTESIAN_POINT('', (52.5, 25.5, 1.55));
#3967 = CARTESIAN_POINT('', (52.5, 25.5, 4.));
#3968 = ADVANCED_FACE('', (#3969), #3995, .T.);
#3969 = FACE_OUTER_BOUND('', #3970, .T.);
#3970 = EDGE_LOOP('', (#3971, #3972, #3973, #3974, #3975, #3982, #3989, #3994));
#3971 = ORIENTED_EDGE('', *, *, #3076, .T.);
#3972 = ORIENTED_EDGE('', *, *, #3956, .T.);
#3973 = ORIENTED_EDGE('', *, *, #1642, .F.);
#3974 = ORIENTED_EDGE('', *, *, #2398, .T.);
#3975 = ORIENTED_EDGE('', *, *, #3976, .F.);
#3976 = EDGE_CURVE('', #3977, #2392, #3979, .T.);
#3977 = VERTEX_POINT('', #3978);
#3978 = CARTESIAN_POINT('', (52.65, 24.5, 17.2));
#3979 = B_SPLINE_CURVE_WITH_KNOTS('', 1, (#3980, #3981), .UNSPECIFIED., .F., .U., (2, 2), (0., 1.), .UNSPECIFIED.);
#3980 = CARTESIAN_POINT('', (52.65, 24.5, 17.2));
#3981 = CARTESIAN_POINT('', (53.85, 24.5, 17.2));
#3982 = ORIENTED_EDGE('', *, *, #3983, .T.);
#3983 = EDGE_CURVE('', #3977, #3984, #3986, .T.);
#3984 = VERTEX_POINT('', #3985);
#3985 = CARTESIAN_POINT('', (52.65, 24.5, 20.8));
#3986 = B_SPLINE_CURVE_WITH_KNOTS('', 1, (#3987, #3988), .UNSPECIFIED., .F., .U., (2, 2), (0.812987012987013, 1.), .UNSPECIFIED.);
#3987 = CARTESIAN_POINT('', (52.65, 24.5, 17.2));
#3988 = CARTESIAN_POINT('', (52.65, 24.5, 20.8));
#3989 = ORIENTED_EDGE('', *, *, #3990, .F.);
#3990 = EDGE_CURVE('', #3013, #3984, #3991, .T.);
#3991 = B_SPLINE_CURVE_WITH_KNOTS('', 1, (#3992, #3993), .UNSPECIFIED., .F., .U., (2, 2), (0., 0.63076923076923), .UNSPECIFIED.);
#3992 = CARTESIAN_POINT('', (50.6, 24.5, 20.8));
#3993 = CARTESIAN_POINT('', (52.65, 24.5, 20.8));
#3994 = ORIENTED_EDGE('', *, *, #3012, .F.);
#3995 = B_SPLINE_SURFACE_WITH_KNOTS('', 1, 1, ((#3996, #3997), (#3998, #3999)), .UNSPECIFIED., .F., .F., .U., (2, 2), (2, 2), (-1.70833333333333, 1.), (0., 1.), .UNSPECIFIED.);
#3996 = CARTESIAN_POINT('', (50.6, 24.5, 1.55));
#3997 = CARTESIAN_POINT('', (50.6, 24.5, 20.8));
#3998 = CARTESIAN_POINT('', (53.85, 24.5, 1.55));
#3999 = CARTESIAN_POINT('', (53.85, 24.5, 20.8));
#4000 = ADVANCED_FACE('', (#4001), #4017, .T.);
#4001 = FACE_OUTER_BOUND('', #4002, .T.);
#4002 = EDGE_LOOP('', (#4003, #4004, #4005, #4012));
#4003 = ORIENTED_EDGE('', *, *, #3976, .T.);
#4004 = ORIENTED_EDGE('', *, *, #2391, .F.);
#4005 = ORIENTED_EDGE('', *, *, #4006, .F.);
#4006 = EDGE_CURVE('', #4007, #2385, #4009, .T.);
#4007 = VERTEX_POINT('', #4008);
#4008 = CARTESIAN_POINT('', (52.65, 24.35, 17.2));
#4009 = B_SPLINE_CURVE_WITH_KNOTS('', 1, (#4010, #4011), .UNSPECIFIED., .F., .U., (2, 2), (0., 1.), .UNSPECIFIED.);
#4010 = CARTESIAN_POINT('', (52.65, 24.35, 17.2));
#4011 = CARTESIAN_POINT('', (53.85, 24.35, 17.2));
#4012 = ORIENTED_EDGE('', *, *, #4013, .F.);
#4013 = EDGE_CURVE('', #3977, #4007, #4014, .T.);
#4014 = B_SPLINE_CURVE_WITH_KNOTS('', 1, (#4015, #4016), .UNSPECIFIED., .F., .U., (2, 2), (0.914285714285715, 1.), .UNSPECIFIED.);
#4015 = CARTESIAN_POINT('', (52.65, 24.5, 17.2));
#4016 = CARTESIAN_POINT('', (52.65, 24.35, 17.2));
#4017 = B_SPLINE_SURFACE_WITH_KNOTS('', 1, 1, ((#4018, #4019), (#4020, #4021)), .UNSPECIFIED., .F., .F., .U., (2, 2), (2, 2), (0., 1.), (0., 1.), .UNSPECIFIED.);
#4018 = CARTESIAN_POINT('', (54.4170502345658, 24.0579497654342, 17.2));
#4019 = CARTESIAN_POINT('', (54.4170502345658, 26.3920502345658, 17.2));
#4020 = CARTESIAN_POINT('', (52.0829497654342, 24.0579497654342, 17.2));
#4021 = CARTESIAN_POINT('', (52.0829497654342, 26.3920502345658, 17.2));
#4022 = ADVANCED_FACE('', (#4023), #4039, .T.);
#4023 = FACE_OUTER_BOUND('', #4024, .T.);
#4024 = EDGE_LOOP('', (#4025, #4032, #4033, #4034));
#4025 = ORIENTED_EDGE('', *, *, #4026, .F.);
#4026 = EDGE_CURVE('', #4007, #4027, #4029, .T.);
#4027 = VERTEX_POINT('', #4028);
#4028 = CARTESIAN_POINT('', (52.65, 24.35, 20.8));
#4029 = B_SPLINE_CURVE_WITH_KNOTS('', 1, (#4030, #4031), .UNSPECIFIED., .F., .U., (2, 2), (0., 1.), .UNSPECIFIED.);
#4030 = CARTESIAN_POINT('', (52.65, 24.35, 17.2));
#4031 = CARTESIAN_POINT('', (52.65, 24.35, 20.8));
#4032 = ORIENTED_EDGE('', *, *, #4006, .T.);
#4033 = ORIENTED_EDGE('', *, *, #2384, .T.);
#4034 = ORIENTED_EDGE('', *, *, #4035, .F.);
#4035 = EDGE_CURVE('', #4027, #2376, #4036, .T.);
#4036 = B_SPLINE_CURVE_WITH_KNOTS('', 1, (#4037, #4038), .UNSPECIFIED., .F., .U., (2, 2), (0., 1.), .UNSPECIFIED.);
#4037 = CARTESIAN_POINT('', (52.65, 24.35, 20.8));
#4038 = CARTESIAN_POINT('', (53.85, 24.35, 20.8));
#4039 = B_SPLINE_SURFACE_WITH_KNOTS('', 1, 1, ((#4040, #4041), (#4042, #4043)), .UNSPECIFIED., .F., .F., .U., (2, 2), (2, 2), (0., 1.), (0., 1.), .UNSPECIFIED.);
#4040 = CARTESIAN_POINT('', (52.65, 24.35, 17.2));
#4041 = CARTESIAN_POINT('', (52.65, 24.35, 20.8));
#4042 = CARTESIAN_POINT('', (53.85, 24.35, 17.2));
#4043 = CARTESIAN_POINT('', (53.85, 24.35, 20.8));
#4044 = ADVANCED_FACE('', (#4045), #4059, .T.);
#4045 = FACE_OUTER_BOUND('', #4046, .T.);
#4046 = EDGE_LOOP('', (#4047, #4048, #4049, #4050, #4051, #4056, #4057, #4058));
#4047 = ORIENTED_EDGE('', *, *, #2960, .T.);
#4048 = ORIENTED_EDGE('', *, *, #2984, .T.);
#4049 = ORIENTED_EDGE('', *, *, #3019, .T.);
#4050 = ORIENTED_EDGE('', *, *, #3990, .T.);
#4051 = ORIENTED_EDGE('', *, *, #4052, .T.);
#4052 = EDGE_CURVE('', #3984, #4027, #4053, .T.);
#4053 = B_SPLINE_CURVE_WITH_KNOTS('', 1, (#4054, #4055), .UNSPECIFIED., .F., .U., (2, 2), (1., 1.09375), .UNSPECIFIED.);
#4054 = CARTESIAN_POINT('', (52.65, 24.5, 20.8));
#4055 = CARTESIAN_POINT('', (52.65, 24.35, 20.8));
#4056 = ORIENTED_EDGE('', *, *, #4035, .T.);
#4057 = ORIENTED_EDGE('', *, *, #2375, .T.);
#4058 = ORIENTED_EDGE('', *, *, #2933, .T.);
#4059 = B_SPLINE_SURFACE_WITH_KNOTS('', 1, 1, ((#4060, #4061), (#4062, #4063)), .UNSPECIFIED., .F., .F., .U., (2, 2), (2, 2), (-0.24713830147221, 1.), (0., 1.24713830147221), .UNSPECIFIED.);
#4060 = CARTESIAN_POINT('', (54.9322173405393, 23.2248035814494, 20.8));
#4061 = CARTESIAN_POINT('', (50.2998035814494, 23.2248035814494, 20.8));
#4062 = CARTESIAN_POINT('', (54.9322173405393, 27.8572173405393, 20.8));
#4063 = CARTESIAN_POINT('', (50.2998035814494, 27.8572173405393, 20.8));
#4064 = ADVANCED_FACE('', (#4065), #4071, .T.);
#4065 = FACE_OUTER_BOUND('', #4066, .T.);
#4066 = EDGE_LOOP('', (#4067, #4068, #4069, #4070));
#4067 = ORIENTED_EDGE('', *, *, #3983, .F.);
#4068 = ORIENTED_EDGE('', *, *, #4013, .T.);
#4069 = ORIENTED_EDGE('', *, *, #4026, .T.);
#4070 = ORIENTED_EDGE('', *, *, #4052, .F.);
#4071 = B_SPLINE_SURFACE_WITH_KNOTS('', 1, 1, ((#4072, #4073), (#4074, #4075)), .UNSPECIFIED., .F., .F., .U., (2, 2), (2, 2), (0., 1.), (-4.34722222222222, 1.), .UNSPECIFIED.);
#4072 = CARTESIAN_POINT('', (52.65, 26.1, 1.55));
#4073 = CARTESIAN_POINT('', (52.65, 26.1, 20.8));
#4074 = CARTESIAN_POINT('', (52.65, 24.35, 1.55));
#4075 = CARTESIAN_POINT('', (52.65, 24.35, 20.8));
#4076 = ADVANCED_FACE('', (#4077), #4107, .T.);
#4077 = FACE_OUTER_BOUND('', #4078, .T.);
#4078 = EDGE_LOOP('', (#4079, #4080, #4081, #4088, #4095, #4100, #4101, #4106));
#4079 = ORIENTED_EDGE('', *, *, #2940, .F.);
#4080 = ORIENTED_EDGE('', *, *, #2362, .F.);
#4081 = ORIENTED_EDGE('', *, *, #4082, .T.);
#4082 = EDGE_CURVE('', #2356, #4083, #4085, .T.);
#4083 = VERTEX_POINT('', #4084);
#4084 = CARTESIAN_POINT('', (52.7, 33.2, 8.6));
#4085 = B_SPLINE_CURVE_WITH_KNOTS('', 1, (#4086, #4087), .UNSPECIFIED., .F., .U., (2, 2), (0.342857142857143, 1.), .UNSPECIFIED.);
#4086 = CARTESIAN_POINT('', (52.7, 33.2, 4.));
#4087 = CARTESIAN_POINT('', (52.7, 33.2, 8.6));
#4088 = ORIENTED_EDGE('', *, *, #4089, .F.);
#4089 = EDGE_CURVE('', #4090, #4083, #4092, .T.);
#4090 = VERTEX_POINT('', #4091);
#4091 = CARTESIAN_POINT('', (52.7, 35.8, 8.6));
#4092 = B_SPLINE_CURVE_WITH_KNOTS('', 1, (#4093, #4094), .UNSPECIFIED., .F., .U., (2, 2), (0., 1.), .UNSPECIFIED.);
#4093 = CARTESIAN_POINT('', (52.7, 35.8, 8.6));
#4094 = CARTESIAN_POINT('', (52.7, 33.2, 8.6));
#4095 = ORIENTED_EDGE('', *, *, #4096, .F.);
#4096 = EDGE_CURVE('', #2335, #4090, #4097, .T.);
#4097 = B_SPLINE_CURVE_WITH_KNOTS('', 1, (#4098, #4099), .UNSPECIFIED., .F., .U., (2, 2), (0.342857142857143, 1.), .UNSPECIFIED.);
#4098 = CARTESIAN_POINT('', (52.7, 35.8, 4.));
#4099 = CARTESIAN_POINT('', (52.7, 35.8, 8.6));
#4100 = ORIENTED_EDGE('', *, *, #2334, .F.);
#4101 = ORIENTED_EDGE('', *, *, #4102, .F.);
#4102 = EDGE_CURVE('', #1420, #2328, #4103, .T.);
#4103 = B_SPLINE_CURVE_WITH_KNOTS('', 1, (#4104, #4105), .UNSPECIFIED., .F., .U., (2, 2), (0.0204081632653061, 1.), .UNSPECIFIED.);
#4104 = CARTESIAN_POINT('', (52.7, 38., 1.6));
#4105 = CARTESIAN_POINT('', (52.7, 38., 4.));
#4106 = ORIENTED_EDGE('', *, *, #1426, .F.);
#4107 = B_SPLINE_SURFACE_WITH_KNOTS('', 1, 1, ((#4108, #4109), (#4110, #4111)), .UNSPECIFIED., .F., .F., .U., (2, 2), (2, 2), (0., 1.), (0., 2.87755102040816), .UNSPECIFIED.);
#4108 = CARTESIAN_POINT('', (52.7, 38., 1.55));
#4109 = CARTESIAN_POINT('', (52.7, 38., 8.6));
#4110 = CARTESIAN_POINT('', (52.7, 27., 1.55));
#4111 = CARTESIAN_POINT('', (52.7, 27., 8.6));
#4112 = ADVANCED_FACE('', (#4113), #4129, .T.);
#4113 = FACE_OUTER_BOUND('', #4114, .T.);
#4114 = EDGE_LOOP('', (#4115, #4116, #4123, #4128));
#4115 = ORIENTED_EDGE('', *, *, #2355, .F.);
#4116 = ORIENTED_EDGE('', *, *, #4117, .T.);
#4117 = EDGE_CURVE('', #2349, #4118, #4120, .T.);
#4118 = VERTEX_POINT('', #4119);
#4119 = CARTESIAN_POINT('', (53.9, 33.2, 8.6));
#4120 = B_SPLINE_CURVE_WITH_KNOTS('', 1, (#4121, #4122), .UNSPECIFIED., .F., .U., (2, 2), (0.342857142857143, 1.), .UNSPECIFIED.);
#4121 = CARTESIAN_POINT('', (53.9, 33.2, 4.));
#4122 = CARTESIAN_POINT('', (53.9, 33.2, 8.6));
#4123 = ORIENTED_EDGE('', *, *, #4124, .F.);
#4124 = EDGE_CURVE('', #4083, #4118, #4125, .T.);
#4125 = B_SPLINE_CURVE_WITH_KNOTS('', 1, (#4126, #4127), .UNSPECIFIED., .F., .U., (2, 2), (0., 1.), .UNSPECIFIED.);
#4126 = CARTESIAN_POINT('', (52.7, 33.2, 8.6));
#4127 = CARTESIAN_POINT('', (53.9, 33.2, 8.6));
#4128 = ORIENTED_EDGE('', *, *, #4082, .F.);
#4129 = B_SPLINE_SURFACE_WITH_KNOTS('', 1, 1, ((#4130, #4131), (#4132, #4133)), .UNSPECIFIED., .F., .F., .U., (2, 2), (2, 2), (0., 1.), (0., 1.), .UNSPECIFIED.);
#4130 = CARTESIAN_POINT('', (52.7, 33.2, 1.6));
#4131 = CARTESIAN_POINT('', (52.7, 33.2, 8.6));
#4132 = CARTESIAN_POINT('', (53.9, 33.2, 1.6));
#4133 = CARTESIAN_POINT('', (53.9, 33.2, 8.6));
#4134 = ADVANCED_FACE('', (#4135), #4151, .T.);
#4135 = FACE_OUTER_BOUND('', #4136, .T.);
#4136 = EDGE_LOOP('', (#4137, #4138, #4145, #4150));
#4137 = ORIENTED_EDGE('', *, *, #2348, .F.);
#4138 = ORIENTED_EDGE('', *, *, #4139, .T.);
#4139 = EDGE_CURVE('', #2342, #4140, #4142, .T.);
#4140 = VERTEX_POINT('', #4141);
#4141 = CARTESIAN_POINT('', (53.9, 35.8, 8.6));
#4142 = B_SPLINE_CURVE_WITH_KNOTS('', 1, (#4143, #4144), .UNSPECIFIED., .F., .U., (2, 2), (0.342857142857143, 1.), .UNSPECIFIED.);
#4143 = CARTESIAN_POINT('', (53.9, 35.8, 4.));
#4144 = CARTESIAN_POINT('', (53.9, 35.8, 8.6));
#4145 = ORIENTED_EDGE('', *, *, #4146, .F.);
#4146 = EDGE_CURVE('', #4118, #4140, #4147, .T.);
#4147 = B_SPLINE_CURVE_WITH_KNOTS('', 1, (#4148, #4149), .UNSPECIFIED., .F., .U., (2, 2), (0., 1.), .UNSPECIFIED.);
#4148 = CARTESIAN_POINT('', (53.9, 33.2, 8.6));
#4149 = CARTESIAN_POINT('', (53.9, 35.8, 8.6));
#4150 = ORIENTED_EDGE('', *, *, #4117, .F.);
#4151 = B_SPLINE_SURFACE_WITH_KNOTS('', 1, 1, ((#4152, #4153), (#4154, #4155)), .UNSPECIFIED., .F., .F., .U., (2, 2), (2, 2), (0., 1.), (0., 1.), .UNSPECIFIED.);
#4152 = CARTESIAN_POINT('', (53.9, 33.2, 1.6));
#4153 = CARTESIAN_POINT('', (53.9, 33.2, 8.6));
#4154 = CARTESIAN_POINT('', (53.9, 35.8, 1.6));
#4155 = CARTESIAN_POINT('', (53.9, 35.8, 8.6));
#4156 = ADVANCED_FACE('', (#4157), #4167, .T.);
#4157 = FACE_OUTER_BOUND('', #4158, .T.);
#4158 = EDGE_LOOP('', (#4159, #4160, #4161, #4166));
#4159 = ORIENTED_EDGE('', *, *, #2341, .F.);
#4160 = ORIENTED_EDGE('', *, *, #4096, .T.);
#4161 = ORIENTED_EDGE('', *, *, #4162, .F.);
#4162 = EDGE_CURVE('', #4140, #4090, #4163, .T.);
#4163 = B_SPLINE_CURVE_WITH_KNOTS('', 1, (#4164, #4165), .UNSPECIFIED., .F., .U., (2, 2), (0., 1.), .UNSPECIFIED.);
#4164 = CARTESIAN_POINT('', (53.9, 35.8, 8.6));
#4165 = CARTESIAN_POINT('', (52.7, 35.8, 8.6));
#4166 = ORIENTED_EDGE('', *, *, #4139, .F.);
#4167 = B_SPLINE_SURFACE_WITH_KNOTS('', 1, 1, ((#4168, #4169), (#4170, #4171)), .UNSPECIFIED., .F., .F., .U., (2, 2), (2, 2), (0., 1.), (0., 1.), .UNSPECIFIED.);
#4168 = CARTESIAN_POINT('', (53.9, 35.8, 1.6));
#4169 = CARTESIAN_POINT('', (53.9, 35.8, 8.6));
#4170 = CARTESIAN_POINT('', (52.7, 35.8, 1.6));
#4171 = CARTESIAN_POINT('', (52.7, 35.8, 8.6));
#4172 = ADVANCED_FACE('', (#4173), #4179, .T.);
#4173 = FACE_OUTER_BOUND('', #4174, .T.);
#4174 = EDGE_LOOP('', (#4175, #4176, #4177, #4178));
#4175 = ORIENTED_EDGE('', *, *, #4089, .T.);
#4176 = ORIENTED_EDGE('', *, *, #4124, .T.);
#4177 = ORIENTED_EDGE('', *, *, #4146, .T.);
#4178 = ORIENTED_EDGE('', *, *, #4162, .T.);
#4179 = B_SPLINE_SURFACE_WITH_KNOTS('', 1, 1, ((#4180, #4181), (#4182, #4183)), .UNSPECIFIED., .F., .F., .U., (2, 2), (2, 2), (0., 1.), (0., 1.), .UNSPECIFIED.);
#4180 = CARTESIAN_POINT('', (54.8749603169604, 32.9250396830396, 8.6));
#4181 = CARTESIAN_POINT('', (51.7250396830396, 32.9250396830396, 8.6));
#4182 = CARTESIAN_POINT('', (54.8749603169604, 36.0749603169604, 8.6));
#4183 = CARTESIAN_POINT('', (51.7250396830396, 36.0749603169604, 8.6));
#4184 = ADVANCED_FACE('', (#4185), #4195, .T.);
#4185 = FACE_OUTER_BOUND('', #4186, .T.);
#4186 = EDGE_LOOP('', (#4187, #4188, #4189, #4190));
#4187 = ORIENTED_EDGE('', *, *, #1419, .F.);
#4188 = ORIENTED_EDGE('', *, *, #4102, .T.);
#4189 = ORIENTED_EDGE('', *, *, #2327, .F.);
#4190 = ORIENTED_EDGE('', *, *, #4191, .F.);
#4191 = EDGE_CURVE('', #1413, #2321, #4192, .T.);
#4192 = B_SPLINE_CURVE_WITH_KNOTS('', 1, (#4193, #4194), .UNSPECIFIED., .F., .U., (2, 2), (0.0204081632653061, 1.), .UNSPECIFIED.);
#4193 = CARTESIAN_POINT('', (54.3, 38., 1.6));
#4194 = CARTESIAN_POINT('', (54.3, 38., 4.));
#4195 = B_SPLINE_SURFACE_WITH_KNOTS('', 1, 1, ((#4196, #4197), (#4198, #4199)), .UNSPECIFIED., .F., .F., .U., (2, 2), (2, 2), (0., 1.), (0., 1.), .UNSPECIFIED.);
#4196 = CARTESIAN_POINT('', (54.3, 38., 1.55));
#4197 = CARTESIAN_POINT('', (54.3, 38., 4.));
#4198 = CARTESIAN_POINT('', (52.7, 38., 1.55));
#4199 = CARTESIAN_POINT('', (52.7, 38., 4.));
#4200 = ADVANCED_FACE('', (#4201), #4207, .T.);
#4201 = FACE_OUTER_BOUND('', #4202, .T.);
#4202 = EDGE_LOOP('', (#4203, #4204, #4205, #4206));
#4203 = ORIENTED_EDGE('', *, *, #2246, .F.);
#4204 = ORIENTED_EDGE('', *, *, #1412, .F.);
#4205 = ORIENTED_EDGE('', *, *, #4191, .T.);
#4206 = ORIENTED_EDGE('', *, *, #2320, .F.);
#4207 = B_SPLINE_SURFACE_WITH_KNOTS('', 1, 1, ((#4208, #4209), (#4210, #4211)), .UNSPECIFIED., .F., .F., .U., (2, 2), (2, 2), (0., 1.), (0., 1.), .UNSPECIFIED.);
#4208 = CARTESIAN_POINT('', (54.3, 27., 1.55));
#4209 = CARTESIAN_POINT('', (54.3, 27., 4.));
#4210 = CARTESIAN_POINT('', (54.3, 38., 1.55));
#4211 = CARTESIAN_POINT('', (54.3, 38., 4.));
#4212 = ADVANCED_FACE('', (#4213), #4240, .F.);
#4213 = FACE_OUTER_BOUND('', #4214, .F.);
#4214 = EDGE_LOOP('', (#4215, #4233, #4238, #4239));
#4215 = ORIENTED_EDGE('', *, *, #4216, .F.);
#4216 = EDGE_CURVE('', #4217, #1389, #4219, .T.);
#4217 = VERTEX_POINT('', #4218);
#4218 = CARTESIAN_POINT('', (55.2, 39.7570262048341, 2.1));
#4219 = B_SPLINE_CURVE_WITH_KNOTS('', 3, (#4220, #4221, #4222, #4223, #4224, #4225, #4226, #4227, #4228, #4229, #4230, #4231, #4232), .UNSPECIFIED., .F., .U., (4, 3, 3, 3, 4), (0., 0.194182127269863, 0.28058688861935, 0.367170601878672, 0.707555189068163), .UNSPECIFIED.);
#4220 = CARTESIAN_POINT('', (55.2, 39.7570262048341, 2.1));
#4221 = CARTESIAN_POINT('', (55.1542873562845, 39.7538103719064, 2.0542873562845));
#4222 = CARTESIAN_POINT('', (55.1085292049123, 39.7516993247908, 2.00852920491231));
#4223 = CARTESIAN_POINT('', (55.062765589931, 39.750691227557, 1.96276558993105));
#4224 = CARTESIAN_POINT('', (55.0424022625407, 39.7502426569181, 1.94240226254072));
#4225 = CARTESIAN_POINT('', (55.0220359453854, 39.750012424081, 1.92203594538545));
#4226 = CARTESIAN_POINT('', (55.0016701495749, 39.7500004893684, 1.90167014957493));
#4227 = CARTESIAN_POINT('', (54.9812621743984, 39.7499885299379, 1.88126217439838));
#4228 = CARTESIAN_POINT('', (54.9608535460845, 39.750195773108, 1.86085354608446));
#4229 = CARTESIAN_POINT('', (54.9404477974085, 39.7506222547429, 1.84044779740845));
#4230 = CARTESIAN_POINT('', (54.8602271406832, 39.7522988723164, 1.76022714068319));
#4231 = CARTESIAN_POINT('', (54.7800056242114, 39.7573647625323, 1.68000562421138));
#4232 = CARTESIAN_POINT('', (54.7, 39.7658334558463, 1.6));
#4233 = ORIENTED_EDGE('', *, *, #4234, .F.);
#4234 = EDGE_CURVE('', #2261, #4217, #4235, .T.);
#4235 = B_SPLINE_CURVE_WITH_KNOTS('', 1, (#4236, #4237), .UNSPECIFIED., .F., .U., (2, 2), (0.375, 0.423360057417555), .UNSPECIFIED.);
#4236 = CARTESIAN_POINT('', (55.2, 37.9, 2.1));
#4237 = CARTESIAN_POINT('', (55.2, 39.7570262048341, 2.1));
#4238 = ORIENTED_EDGE('', *, *, #2267, .T.);
#4239 = ORIENTED_EDGE('', *, *, #1398, .T.);
#4240 = B_SPLINE_SURFACE_WITH_KNOTS('', 1, 1, ((#4241, #4242), (#4243, #4244)), .UNSPECIFIED., .F., .F., .U., (2, 2), (2, 2), (0., 1.), (0., 1.), .UNSPECIFIED.);
#4241 = CARTESIAN_POINT('', (54.7, 23.7071067811865, 1.6));
#4242 = CARTESIAN_POINT('', (55.2, 23.5, 2.1));
#4243 = CARTESIAN_POINT('', (54.7, 61.6928932188134, 1.6));
#4244 = CARTESIAN_POINT('', (55.2, 61.9, 2.1));
#4245 = ADVANCED_FACE('', (#4246), #4279, .T.);
#4246 = FACE_OUTER_BOUND('', #4247, .T.);
#4247 = EDGE_LOOP('', (#4248, #4249, #4250, #4255, #4256, #4263));
#4248 = ORIENTED_EDGE('', *, *, #1388, .T.);
#4249 = ORIENTED_EDGE('', *, *, #4216, .F.);
#4250 = ORIENTED_EDGE('', *, *, #4251, .T.);
#4251 = EDGE_CURVE('', #4217, #457, #4252, .T.);
#4252 = B_SPLINE_CURVE_WITH_KNOTS('', 1, (#4253, #4254), .UNSPECIFIED., .F., .U., (2, 2), (0., 1.), .UNSPECIFIED.);
#4253 = CARTESIAN_POINT('', (55.2, 39.7570262048341, 2.1));
#4254 = CARTESIAN_POINT('', (55.2, 39.7570262048341, 23.8));
#4255 = ORIENTED_EDGE('', *, *, #456, .F.);
#4256 = ORIENTED_EDGE('', *, *, #4257, .F.);
#4257 = EDGE_CURVE('', #4258, #450, #4260, .T.);
#4258 = VERTEX_POINT('', #4259);
#4259 = CARTESIAN_POINT('', (55.2, 45.4429737951659, 2.1));
#4260 = B_SPLINE_CURVE_WITH_KNOTS('', 1, (#4261, #4262), .UNSPECIFIED., .F., .U., (2, 2), (0., 1.), .UNSPECIFIED.);
#4261 = CARTESIAN_POINT('', (55.2, 45.4429737951659, 2.1));
#4262 = CARTESIAN_POINT('', (55.2, 45.4429737951659, 23.8));
#4263 = ORIENTED_EDGE('', *, *, #4264, .T.);
#4264 = EDGE_CURVE('', #4258, #1382, #4265, .T.);
#4265 = B_SPLINE_CURVE_WITH_KNOTS('', 3, (#4266, #4267, #4268, #4269, #4270, #4271, #4272, #4273, #4274, #4275, #4276, #4277, #4278), .UNSPECIFIED., .F., .U., (4, 3, 3, 3, 4), (0., 0.194182170972824, 0.2805869350483, 0.36717064858123, 0.707555189082633), .UNSPECIFIED.);
#4266 = CARTESIAN_POINT('', (55.2, 45.4429737951659, 2.1));
#4267 = CARTESIAN_POINT('', (55.1542873459963, 45.4461896288174, 2.05428734599634));
#4268 = CARTESIAN_POINT('', (55.108529184314, 45.4483006761596, 2.00852918431401));
#4269 = CARTESIAN_POINT('', (55.0627655590276, 45.4493087731237, 1.96276555902764));
#4270 = CARTESIAN_POINT('', (55.0424022309924, 45.4497573435559, 1.94240223099244));
#4271 = CARTESIAN_POINT('', (55.0220359131933, 45.4499875761725, 1.92203591319326));
#4272 = CARTESIAN_POINT('', (55.0016701167402, 45.4499995106508, 1.90167011674015));
#4273 = CARTESIAN_POINT('', (54.9812621414991, 45.4500114698463, 1.88126214149904));
#4274 = CARTESIAN_POINT('', (54.9608535131218, 45.4498042264397, 1.86085351312183));
#4275 = CARTESIAN_POINT('', (54.9404477643838, 45.4493777445669, 1.84044776438381));
#4276 = CARTESIAN_POINT('', (54.8602271186716, 45.4477011262934, 1.76022711867156));
#4277 = CARTESIAN_POINT('', (54.7800056132376, 45.4426352363062, 1.68000561323758));
#4278 = CARTESIAN_POINT('', (54.7, 45.4341665441537, 1.6));
#4279 = (
   BOUNDED_SURFACE ()
   B_SPLINE_SURFACE (2, 1, ((#4280, #4281), (#4282, #4283), (#4284, #4285), (#4286, #4287), (#4288, #4289), (#4290, #4291), (#4292, #4293), (#4294, #4295), (#4296, #4297)), .UNSPECIFIED., .T., .F., .U.)
   B_SPLINE_SURFACE_WITH_KNOTS ((3, 2, 2, 2, 3), (2, 2), (0., 4.47676953136546, 8.95353906273092, 13.4303085940964, 17.9070781254618), (0., 22.25), .UNSPECIFIED.)
   GEOMETRIC_REPRESENTATION_ITEM ()
   RATIONAL_B_SPLINE_SURFACE (((1., 1.), (0.707106781186548, 0.707106781186548), (1., 1.), (0.707106781186548, 0.707106781186548), (1., 1.), (0.707106781186548, 0.707106781186548), (1., 1.), (0.707106781186548, 0.707106781186548), (1., 1.)))
   REPRESENTATION_ITEM ('')
   SURFACE ()
);
#4280 = CARTESIAN_POINT('', (57.85, 42.6, 1.55));
#4281 = CARTESIAN_POINT('', (57.85, 42.6, 23.8));
#4282 = CARTESIAN_POINT('', (57.85, 45.45, 1.55));
#4283 = CARTESIAN_POINT('', (57.85, 45.45, 23.8));
#4284 = CARTESIAN_POINT('', (55., 45.45, 1.55));
#4285 = CARTESIAN_POINT('', (55., 45.45, 23.8));
#4286 = CARTESIAN_POINT('', (52.15, 45.45, 1.55));
#4287 = CARTESIAN_POINT('', (52.15, 45.45, 23.8));
#4288 = CARTESIAN_POINT('', (52.15, 42.6, 1.55));
#4289 = CARTESIAN_POINT('', (52.15, 42.6, 23.8));
#4290 = CARTESIAN_POINT('', (52.15, 39.75, 1.55));
#4291 = CARTESIAN_POINT('', (52.15, 39.75, 23.8));
#4292 = CARTESIAN_POINT('', (55., 39.75, 1.55));
#4293 = CARTESIAN_POINT('', (55., 39.75, 23.8));
#4294 = CARTESIAN_POINT('', (57.85, 39.75, 1.55));
#4295 = CARTESIAN_POINT('', (57.85, 39.75, 23.8));
#4296 = CARTESIAN_POINT('', (57.85, 42.6, 1.55));
#4297 = CARTESIAN_POINT('', (57.85, 42.6, 23.8));
#4298 = ADVANCED_FACE('', (#4299), #4310, .F.);
#4299 = FACE_OUTER_BOUND('', #4300, .F.);
#4300 = EDGE_LOOP('', (#4301, #4302, #4303, #4308, #4309));
#4301 = ORIENTED_EDGE('', *, *, #4251, .T.);
#4302 = ORIENTED_EDGE('', *, *, #470, .T.);
#4303 = ORIENTED_EDGE('', *, *, #4304, .F.);
#4304 = EDGE_CURVE('', #2221, #330, #4305, .T.);
#4305 = B_SPLINE_CURVE_WITH_KNOTS('', 1, (#4306, #4307), .UNSPECIFIED., .F., .U., (2, 2), (0.665605095541401, 0.691082802547771), .UNSPECIFIED.);
#4306 = CARTESIAN_POINT('', (55.2, 37.9, 23.));
#4307 = CARTESIAN_POINT('', (55.2, 37.9, 23.8));
#4308 = ORIENTED_EDGE('', *, *, #2260, .F.);
#4309 = ORIENTED_EDGE('', *, *, #4234, .T.);
#4310 = B_SPLINE_SURFACE_WITH_KNOTS('', 1, 1, ((#4311, #4312), (#4313, #4314)), .UNSPECIFIED., .F., .F., .U., (2, 2), (2, 2), (0., 1.), (0., 1.), .UNSPECIFIED.);
#4311 = CARTESIAN_POINT('', (55.2, 23.5, 2.1));
#4312 = CARTESIAN_POINT('', (55.2, 23.5, 33.5));
#4313 = CARTESIAN_POINT('', (55.2, 61.9, 2.1));
#4314 = CARTESIAN_POINT('', (55.2, 61.9, 33.5));
#4315 = ADVANCED_FACE('', (#4316), #4322, .F.);
#4316 = FACE_OUTER_BOUND('', #4317, .F.);
#4317 = EDGE_LOOP('', (#4318, #4319, #4320, #4321));
#4318 = ORIENTED_EDGE('', *, *, #866, .F.);
#4319 = ORIENTED_EDGE('', *, *, #2220, .T.);
#4320 = ORIENTED_EDGE('', *, *, #4304, .T.);
#4321 = ORIENTED_EDGE('', *, *, #329, .T.);
#4322 = B_SPLINE_SURFACE_WITH_KNOTS('', 1, 1, ((#4323, #4324), (#4325, #4326)), .UNSPECIFIED., .F., .F., .U., (2, 2), (2, 2), (0., 1.), (0., 1.), .UNSPECIFIED.);
#4323 = CARTESIAN_POINT('', (88.1, 37.9, 2.1));
#4324 = CARTESIAN_POINT('', (88.1, 37.9, 33.5));
#4325 = CARTESIAN_POINT('', (49.5, 37.9, 2.1));
#4326 = CARTESIAN_POINT('', (49.5, 37.9, 33.5));
#4327 = ADVANCED_FACE('', (#4328), #4344, .F.);
#4328 = FACE_OUTER_BOUND('', #4329, .F.);
#4329 = EDGE_LOOP('', (#4330, #4331, #4338, #4343));
#4330 = ORIENTED_EDGE('', *, *, #4257, .F.);
#4331 = ORIENTED_EDGE('', *, *, #4332, .T.);
#4332 = EDGE_CURVE('', #4258, #4333, #4335, .T.);
#4333 = VERTEX_POINT('', #4334);
#4334 = CARTESIAN_POINT('', (55.2, 61.9, 2.1));
#4335 = B_SPLINE_CURVE_WITH_KNOTS('', 1, (#4336, #4337), .UNSPECIFIED., .F., .U., (2, 2), (0.571431609249112, 1.), .UNSPECIFIED.);
#4336 = CARTESIAN_POINT('', (55.2, 45.4429737951659, 2.1));
#4337 = CARTESIAN_POINT('', (55.2, 61.9, 2.1));
#4338 = ORIENTED_EDGE('', *, *, #4339, .T.);
#4339 = EDGE_CURVE('', #4333, #443, #4340, .T.);
#4340 = B_SPLINE_CURVE_WITH_KNOTS('', 1, (#4341, #4342), .UNSPECIFIED., .F., .U., (2, 2), (0., 0.691082802547771), .UNSPECIFIED.);
#4341 = CARTESIAN_POINT('', (55.2, 61.9, 2.1));
#4342 = CARTESIAN_POINT('', (55.2, 61.9, 23.8));
#4343 = ORIENTED_EDGE('', *, *, #449, .T.);
#4344 = B_SPLINE_SURFACE_WITH_KNOTS('', 1, 1, ((#4345, #4346), (#4347, #4348)), .UNSPECIFIED., .F., .F., .U., (2, 2), (2, 2), (0., 1.), (0., 1.), .UNSPECIFIED.);
#4345 = CARTESIAN_POINT('', (55.2, 23.5, 2.1));
#4346 = CARTESIAN_POINT('', (55.2, 23.5, 33.5));
#4347 = CARTESIAN_POINT('', (55.2, 61.9, 2.1));
#4348 = CARTESIAN_POINT('', (55.2, 61.9, 33.5));
#4349 = ADVANCED_FACE('', (#4350), #4366, .F.);
#4350 = FACE_OUTER_BOUND('', #4351, .F.);
#4351 = EDGE_LOOP('', (#4352, #4353, #4354, #4361));
#4352 = ORIENTED_EDGE('', *, *, #442, .T.);
#4353 = ORIENTED_EDGE('', *, *, #4339, .F.);
#4354 = ORIENTED_EDGE('', *, *, #4355, .T.);
#4355 = EDGE_CURVE('', #4333, #4356, #4358, .T.);
#4356 = VERTEX_POINT('', #4357);
#4357 = CARTESIAN_POINT('', (54.7, 62.4, 2.1));
#4358 = B_SPLINE_CURVE_WITH_KNOTS('', 1, (#4359, #4360), .UNSPECIFIED., .F., .U., (2, 2), (0., 1.), .UNSPECIFIED.);
#4359 = CARTESIAN_POINT('', (55.2, 61.9, 2.1));
#4360 = CARTESIAN_POINT('', (54.7, 62.4, 2.1));
#4361 = ORIENTED_EDGE('', *, *, #4362, .T.);
#4362 = EDGE_CURVE('', #4356, #436, #4363, .T.);
#4363 = B_SPLINE_CURVE_WITH_KNOTS('', 1, (#4364, #4365), .UNSPECIFIED., .F., .U., (2, 2), (0., 0.691082802547771), .UNSPECIFIED.);
#4364 = CARTESIAN_POINT('', (54.7, 62.4, 2.1));
#4365 = CARTESIAN_POINT('', (54.7, 62.4, 23.8));
#4366 = B_SPLINE_SURFACE_WITH_KNOTS('', 1, 1, ((#4367, #4368), (#4369, #4370)), .UNSPECIFIED., .F., .F., .U., (2, 2), (2, 2), (0., 1.), (0., 1.), .UNSPECIFIED.);
#4367 = CARTESIAN_POINT('', (55.2, 61.9, 2.1));
#4368 = CARTESIAN_POINT('', (55.2, 61.9, 33.5));
#4369 = CARTESIAN_POINT('', (54.7, 62.4, 2.1));
#4370 = CARTESIAN_POINT('', (54.7, 62.4, 33.5));
#4371 = ADVANCED_FACE('', (#4372), #4412, .F.);
#4372 = FACE_OUTER_BOUND('', #4373, .F.);
#4373 = EDGE_LOOP('', (#4374, #4385, #4390, #4395, #4396, #4405));
#4374 = ORIENTED_EDGE('', *, *, #4375, .F.);
#4375 = EDGE_CURVE('', #4376, #4378, #4380, .T.);
#4376 = VERTEX_POINT('', #4377);
#4377 = CARTESIAN_POINT('', (49., 62.4, 2.1));
#4378 = VERTEX_POINT('', #4379);
#4379 = CARTESIAN_POINT('', (49., 62.1, 1.8));
#4380 = B_SPLINE_CURVE_WITH_KNOTS('', 3, (#4381, #4382, #4383, #4384), .UNSPECIFIED., .F., .U., (4, 4), (0., 0.424264068711921), .UNSPECIFIED.);
#4381 = CARTESIAN_POINT('', (49., 62.4, 2.1));
#4382 = CARTESIAN_POINT('', (49., 62.3, 2.));
#4383 = CARTESIAN_POINT('', (49., 62.2, 1.9));
#4384 = CARTESIAN_POINT('', (49., 62.1, 1.8));
#4385 = ORIENTED_EDGE('', *, *, #4386, .F.);
#4386 = EDGE_CURVE('', #4356, #4376, #4387, .T.);
#4387 = B_SPLINE_CURVE_WITH_KNOTS('', 1, (#4388, #4389), .UNSPECIFIED., .F., .U., (2, 2), (0., 0.108365019011407), .UNSPECIFIED.);
#4388 = CARTESIAN_POINT('', (54.7, 62.4, 2.1));
#4389 = CARTESIAN_POINT('', (49., 62.4, 2.1));
#4390 = ORIENTED_EDGE('', *, *, #4391, .F.);
#4391 = EDGE_CURVE('', #1368, #4356, #4392, .T.);
#4392 = B_SPLINE_CURVE_WITH_KNOTS('', 1, (#4393, #4394), .UNSPECIFIED., .F., .U., (2, 2), (0., 1.), .UNSPECIFIED.);
#4393 = CARTESIAN_POINT('', (54.4928932188134, 61.9, 1.6));
#4394 = CARTESIAN_POINT('', (54.7, 62.4, 2.1));
#4395 = ORIENTED_EDGE('', *, *, #1367, .T.);
#4396 = ORIENTED_EDGE('', *, *, #4397, .F.);
#4397 = EDGE_CURVE('', #4398, #1361, #4400, .T.);
#4398 = VERTEX_POINT('', #4399);
#4399 = CARTESIAN_POINT('', (51.5, 62.1, 1.8));
#4400 = B_SPLINE_CURVE_WITH_KNOTS('', 3, (#4401, #4402, #4403, #4404), .UNSPECIFIED., .F., .U., (4, 4), (0., 0.282842712474619), .UNSPECIFIED.);
#4401 = CARTESIAN_POINT('', (51.5, 62.1, 1.8));
#4402 = CARTESIAN_POINT('', (51.5, 62.0333333333333, 1.73333333333333));
#4403 = CARTESIAN_POINT('', (51.5, 61.9666666666667, 1.66666666666667));
#4404 = CARTESIAN_POINT('', (51.5, 61.9, 1.6));
#4405 = ORIENTED_EDGE('', *, *, #4406, .F.);
#4406 = EDGE_CURVE('', #4378, #4398, #4407, .T.);
#4407 = B_SPLINE_CURVE_WITH_KNOTS('', 3, (#4408, #4409, #4410, #4411), .UNSPECIFIED., .F., .U., (4, 4), (46.5, 49.), .UNSPECIFIED.);
#4408 = CARTESIAN_POINT('', (49., 62.1, 1.8));
#4409 = CARTESIAN_POINT('', (49.8333333333333, 62.1, 1.8));
#4410 = CARTESIAN_POINT('', (50.6666666666667, 62.1, 1.8));
#4411 = CARTESIAN_POINT('', (51.5, 62.1, 1.8));
#4412 = B_SPLINE_SURFACE_WITH_KNOTS('', 1, 1, ((#4413, #4414), (#4415, #4416)), .UNSPECIFIED., .F., .F., .U., (2, 2), (2, 2), (0., 1.), (0., 1.), .UNSPECIFIED.);
#4413 = CARTESIAN_POINT('', (54.4928932188134, 61.9, 1.6));
#4414 = CARTESIAN_POINT('', (54.7, 62.4, 2.1));
#4415 = CARTESIAN_POINT('', (2.30710678118655, 61.9, 1.6));
#4416 = CARTESIAN_POINT('', (2.1, 62.4, 2.1));
#4417 = ADVANCED_FACE('', (#4418), #4440, .T.);
#4418 = FACE_OUTER_BOUND('', #4419, .T.);
#4419 = EDGE_LOOP('', (#4420, #4427, #4434, #4439));
#4420 = ORIENTED_EDGE('', *, *, #4421, .F.);
#4421 = EDGE_CURVE('', #4422, #4378, #4424, .T.);
#4422 = VERTEX_POINT('', #4423);
#4423 = CARTESIAN_POINT('', (49., 62.1, 4.));
#4424 = B_SPLINE_CURVE_WITH_KNOTS('', 1, (#4425, #4426), .UNSPECIFIED., .F., .U., (2, 2), (0., 1.), .UNSPECIFIED.);
#4425 = CARTESIAN_POINT('', (49., 62.1, 4.));
#4426 = CARTESIAN_POINT('', (49., 62.1, 1.79999999999999));
#4427 = ORIENTED_EDGE('', *, *, #4428, .F.);
#4428 = EDGE_CURVE('', #4429, #4422, #4431, .T.);
#4429 = VERTEX_POINT('', #4430);
#4430 = CARTESIAN_POINT('', (51.5, 62.1, 4.));
#4431 = B_SPLINE_CURVE_WITH_KNOTS('', 1, (#4432, #4433), .UNSPECIFIED., .F., .U., (2, 2), (0., 0.0510204081632653), .UNSPECIFIED.);
#4432 = CARTESIAN_POINT('', (51.5, 62.1, 4.));
#4433 = CARTESIAN_POINT('', (49., 62.1, 4.));
#4434 = ORIENTED_EDGE('', *, *, #4435, .F.);
#4435 = EDGE_CURVE('', #4398, #4429, #4436, .T.);
#4436 = B_SPLINE_CURVE_WITH_KNOTS('', 1, (#4437, #4438), .UNSPECIFIED., .F., .U., (2, 2), (0.102040816326529, 1.), .UNSPECIFIED.);
#4437 = CARTESIAN_POINT('', (51.5, 62.1, 1.8));
#4438 = CARTESIAN_POINT('', (51.5, 62.1, 4.));
#4439 = ORIENTED_EDGE('', *, *, #4406, .F.);
#4440 = B_SPLINE_SURFACE_WITH_KNOTS('', 1, 1, ((#4441, #4442), (#4443, #4444)), .UNSPECIFIED., .F., .F., .U., (2, 2), (2, 2), (0., 1.), (0., 1.), .UNSPECIFIED.);
#4441 = CARTESIAN_POINT('', (51.5, 62.1, 1.55));
#4442 = CARTESIAN_POINT('', (51.5, 62.1, 4.));
#4443 = CARTESIAN_POINT('', (2.5, 62.1, 1.55));
#4444 = CARTESIAN_POINT('', (2.5, 62.1, 4.));
#4445 = ADVANCED_FACE('', (#4446), #4496, .T.);
#4446 = FACE_OUTER_BOUND('', #4447, .T.);
#4447 = EDGE_LOOP('', (#4448, #4457, #4464, #4471, #4478, #4483, #4484, #4491));
#4448 = ORIENTED_EDGE('', *, *, #4449, .F.);
#4449 = EDGE_CURVE('', #4450, #4452, #4454, .T.);
#4450 = VERTEX_POINT('', #4451);
#4451 = CARTESIAN_POINT('', (3.00000000000001, 62.1, 4.));
#4452 = VERTEX_POINT('', #4453);
#4453 = CARTESIAN_POINT('', (3., 61.5, 4.));
#4454 = B_SPLINE_CURVE_WITH_KNOTS('', 1, (#4455, #4456), .UNSPECIFIED., .F., .U., (2, 2), (0.368421052631579, 1.), .UNSPECIFIED.);
#4455 = CARTESIAN_POINT('', (3., 62.1, 4.));
#4456 = CARTESIAN_POINT('', (3., 61.5, 4.));
#4457 = ORIENTED_EDGE('', *, *, #4458, .T.);
#4458 = EDGE_CURVE('', #4450, #4459, #4461, .T.);
#4459 = VERTEX_POINT('', #4460);
#4460 = CARTESIAN_POINT('', (2.5, 62.1, 4.));
#4461 = B_SPLINE_CURVE_WITH_KNOTS('', 1, (#4462, #4463), .UNSPECIFIED., .F., .U., (2, 2), (0.989795918367347, 1.), .UNSPECIFIED.);
#4462 = CARTESIAN_POINT('', (3.00000000000001, 62.1, 4.));
#4463 = CARTESIAN_POINT('', (2.5, 62.1, 4.));
#4464 = ORIENTED_EDGE('', *, *, #4465, .T.);
#4465 = EDGE_CURVE('', #4459, #4466, #4468, .T.);
#4466 = VERTEX_POINT('', #4467);
#4467 = CARTESIAN_POINT('', (2.5, 60.5, 4.));
#4468 = B_SPLINE_CURVE_WITH_KNOTS('', 1, (#4469, #4470), .UNSPECIFIED., .F., .U., (2, 2), (0., 1.), .UNSPECIFIED.);
#4469 = CARTESIAN_POINT('', (2.5, 62.1, 4.));
#4470 = CARTESIAN_POINT('', (2.5, 60.5, 4.));
#4471 = ORIENTED_EDGE('', *, *, #4472, .T.);
#4472 = EDGE_CURVE('', #4466, #4473, #4475, .T.);
#4473 = VERTEX_POINT('', #4474);
#4474 = CARTESIAN_POINT('', (51.5, 60.5, 4.));
#4475 = B_SPLINE_CURVE_WITH_KNOTS('', 1, (#4476, #4477), .UNSPECIFIED., .F., .U., (2, 2), (0., 1.), .UNSPECIFIED.);
#4476 = CARTESIAN_POINT('', (2.5, 60.5, 4.));
#4477 = CARTESIAN_POINT('', (51.5, 60.5, 4.));
#4478 = ORIENTED_EDGE('', *, *, #4479, .T.);
#4479 = EDGE_CURVE('', #4473, #4429, #4480, .T.);
#4480 = B_SPLINE_CURVE_WITH_KNOTS('', 1, (#4481, #4482), .UNSPECIFIED., .F., .U., (2, 2), (0., 1.), .UNSPECIFIED.);
#4481 = CARTESIAN_POINT('', (51.5, 60.5, 4.));
#4482 = CARTESIAN_POINT('', (51.5, 62.1, 4.));
#4483 = ORIENTED_EDGE('', *, *, #4428, .T.);
#4484 = ORIENTED_EDGE('', *, *, #4485, .F.);
#4485 = EDGE_CURVE('', #4486, #4422, #4488, .T.);
#4486 = VERTEX_POINT('', #4487);
#4487 = CARTESIAN_POINT('', (49., 61.5, 4.));
#4488 = B_SPLINE_CURVE_WITH_KNOTS('', 1, (#4489, #4490), .UNSPECIFIED., .F., .U., (2, 2), (0., 0.631578947368421), .UNSPECIFIED.);
#4489 = CARTESIAN_POINT('', (49., 61.5, 4.));
#4490 = CARTESIAN_POINT('', (49., 62.1, 4.));
#4491 = ORIENTED_EDGE('', *, *, #4492, .F.);
#4492 = EDGE_CURVE('', #4452, #4486, #4493, .T.);
#4493 = B_SPLINE_CURVE_WITH_KNOTS('', 1, (#4494, #4495), .UNSPECIFIED., .F., .U., (2, 2), (0., 1.), .UNSPECIFIED.);
#4494 = CARTESIAN_POINT('', (3., 61.5, 4.));
#4495 = CARTESIAN_POINT('', (49., 61.5, 4.));
#4496 = B_SPLINE_SURFACE_WITH_KNOTS('', 1, 1, ((#4497, #4498), (#4499, #4500)), .UNSPECIFIED., .F., .F., .U., (2, 2), (2, 2), (0., 1.), (0., 1.), .UNSPECIFIED.);
#4497 = CARTESIAN_POINT('', (53.9643635192823, 34.3356364807177, 4.));
#4498 = CARTESIAN_POINT('', (0.0356364807177414, 34.3356364807177, 4.));
#4499 = CARTESIAN_POINT('', (53.9643635192823, 88.2643635192823, 4.));
#4500 = CARTESIAN_POINT('', (0.0356364807177414, 88.2643635192823, 4.));
#4501 = ADVANCED_FACE('', (#4502), #4526, .T.);
#4502 = FACE_OUTER_BOUND('', #4503, .T.);
#4503 = EDGE_LOOP('', (#4504, #4511, #4520, #4525));
#4504 = ORIENTED_EDGE('', *, *, #4505, .F.);
#4505 = EDGE_CURVE('', #4506, #4450, #4508, .T.);
#4506 = VERTEX_POINT('', #4507);
#4507 = CARTESIAN_POINT('', (3., 62.1, 1.8));
#4508 = B_SPLINE_CURVE_WITH_KNOTS('', 1, (#4509, #4510), .UNSPECIFIED., .F., .U., (2, 2), (0., 1.), .UNSPECIFIED.);
#4509 = CARTESIAN_POINT('', (3., 62.1, 1.79999999999999));
#4510 = CARTESIAN_POINT('', (3., 62.1, 4.));
#4511 = ORIENTED_EDGE('', *, *, #4512, .F.);
#4512 = EDGE_CURVE('', #4513, #4506, #4515, .T.);
#4513 = VERTEX_POINT('', #4514);
#4514 = CARTESIAN_POINT('', (2.5, 62.1, 1.8));
#4515 = B_SPLINE_CURVE_WITH_KNOTS('', 3, (#4516, #4517, #4518, #4519), .UNSPECIFIED., .F., .U., (4, 4), (0., 0.499999999999999), .UNSPECIFIED.);
#4516 = CARTESIAN_POINT('', (2.5, 62.1, 1.8));
#4517 = CARTESIAN_POINT('', (2.66666666666667, 62.1, 1.8));
#4518 = CARTESIAN_POINT('', (2.83333333333333, 62.1, 1.8));
#4519 = CARTESIAN_POINT('', (3., 62.1, 1.8));
#4520 = ORIENTED_EDGE('', *, *, #4521, .T.);
#4521 = EDGE_CURVE('', #4513, #4459, #4522, .T.);
#4522 = B_SPLINE_CURVE_WITH_KNOTS('', 1, (#4523, #4524), .UNSPECIFIED., .F., .U., (2, 2), (0.102040816326531, 1.), .UNSPECIFIED.);
#4523 = CARTESIAN_POINT('', (2.5, 62.1, 1.8));
#4524 = CARTESIAN_POINT('', (2.5, 62.1, 4.));
#4525 = ORIENTED_EDGE('', *, *, #4458, .F.);
#4526 = B_SPLINE_SURFACE_WITH_KNOTS('', 1, 1, ((#4527, #4528), (#4529, #4530)), .UNSPECIFIED., .F., .F., .U., (2, 2), (2, 2), (0., 1.), (0., 1.), .UNSPECIFIED.);
#4527 = CARTESIAN_POINT('', (51.5, 62.1, 1.55));
#4528 = CARTESIAN_POINT('', (51.5, 62.1, 4.));
#4529 = CARTESIAN_POINT('', (2.5, 62.1, 1.55));
#4530 = CARTESIAN_POINT('', (2.5, 62.1, 4.));
#4531 = ADVANCED_FACE('', (#4532), #4549, .T.);
#4532 = FACE_OUTER_BOUND('', #4533, .T.);
#4533 = EDGE_LOOP('', (#4534, #4535, #4540, #4541, #4542));
#4534 = ORIENTED_EDGE('', *, *, #1346, .F.);
#4535 = ORIENTED_EDGE('', *, *, #4536, .T.);
#4536 = EDGE_CURVE('', #1347, #4466, #4537, .T.);
#4537 = B_SPLINE_CURVE_WITH_KNOTS('', 1, (#4538, #4539), .UNSPECIFIED., .F., .U., (2, 2), (0.0204081632653062, 1.), .UNSPECIFIED.);
#4538 = CARTESIAN_POINT('', (2.5, 60.5, 1.6));
#4539 = CARTESIAN_POINT('', (2.5, 60.5, 4.));
#4540 = ORIENTED_EDGE('', *, *, #4465, .F.);
#4541 = ORIENTED_EDGE('', *, *, #4521, .F.);
#4542 = ORIENTED_EDGE('', *, *, #4543, .T.);
#4543 = EDGE_CURVE('', #4513, #1340, #4544, .T.);
#4544 = B_SPLINE_CURVE_WITH_KNOTS('', 3, (#4545, #4546, #4547, #4548), .UNSPECIFIED., .F., .U., (4, 4), (0., 0.282842712474623), .UNSPECIFIED.);
#4545 = CARTESIAN_POINT('', (2.5, 62.1, 1.8));
#4546 = CARTESIAN_POINT('', (2.5, 62.0333333333333, 1.73333333333333));
#4547 = CARTESIAN_POINT('', (2.5, 61.9666666666667, 1.66666666666667));
#4548 = CARTESIAN_POINT('', (2.5, 61.9, 1.6));
#4549 = B_SPLINE_SURFACE_WITH_KNOTS('', 1, 1, ((#4550, #4551), (#4552, #4553)), .UNSPECIFIED., .F., .F., .U., (2, 2), (2, 2), (0., 1.), (0., 1.), .UNSPECIFIED.);
#4550 = CARTESIAN_POINT('', (2.5, 62.1, 1.55));
#4551 = CARTESIAN_POINT('', (2.5, 62.1, 4.));
#4552 = CARTESIAN_POINT('', (2.5, 60.5, 1.55));
#4553 = CARTESIAN_POINT('', (2.5, 60.5, 4.));
#4554 = ADVANCED_FACE('', (#4555), #4565, .T.);
#4555 = FACE_OUTER_BOUND('', #4556, .T.);
#4556 = EDGE_LOOP('', (#4557, #4558, #4563, #4564));
#4557 = ORIENTED_EDGE('', *, *, #1353, .F.);
#4558 = ORIENTED_EDGE('', *, *, #4559, .T.);
#4559 = EDGE_CURVE('', #1354, #4473, #4560, .T.);
#4560 = B_SPLINE_CURVE_WITH_KNOTS('', 1, (#4561, #4562), .UNSPECIFIED., .F., .U., (2, 2), (0.0204081632653062, 1.), .UNSPECIFIED.);
#4561 = CARTESIAN_POINT('', (51.5, 60.5, 1.6));
#4562 = CARTESIAN_POINT('', (51.5, 60.5, 4.));
#4563 = ORIENTED_EDGE('', *, *, #4472, .F.);
#4564 = ORIENTED_EDGE('', *, *, #4536, .F.);
#4565 = B_SPLINE_SURFACE_WITH_KNOTS('', 1, 1, ((#4566, #4567), (#4568, #4569)), .UNSPECIFIED., .F., .F., .U., (2, 2), (2, 2), (0., 1.), (0., 1.), .UNSPECIFIED.);
#4566 = CARTESIAN_POINT('', (2.5, 60.5, 1.55));
#4567 = CARTESIAN_POINT('', (2.5, 60.5, 4.));
#4568 = CARTESIAN_POINT('', (51.5, 60.5, 1.55));
#4569 = CARTESIAN_POINT('', (51.5, 60.5, 4.));
#4570 = ADVANCED_FACE('', (#4571), #4578, .T.);
#4571 = FACE_OUTER_BOUND('', #4572, .T.);
#4572 = EDGE_LOOP('', (#4573, #4574, #4575, #4576, #4577));
#4573 = ORIENTED_EDGE('', *, *, #1360, .F.);
#4574 = ORIENTED_EDGE('', *, *, #4397, .F.);
#4575 = ORIENTED_EDGE('', *, *, #4435, .T.);
#4576 = ORIENTED_EDGE('', *, *, #4479, .F.);
#4577 = ORIENTED_EDGE('', *, *, #4559, .F.);
#4578 = B_SPLINE_SURFACE_WITH_KNOTS('', 1, 1, ((#4579, #4580), (#4581, #4582)), .UNSPECIFIED., .F., .F., .U., (2, 2), (2, 2), (0., 1.), (0., 1.), .UNSPECIFIED.);
#4579 = CARTESIAN_POINT('', (51.5, 60.5, 1.55));
#4580 = CARTESIAN_POINT('', (51.5, 60.5, 4.));
#4581 = CARTESIAN_POINT('', (51.5, 62.1, 1.55));
#4582 = CARTESIAN_POINT('', (51.5, 62.1, 4.));
#4583 = ADVANCED_FACE('', (#4584), #4610, .F.);
#4584 = FACE_OUTER_BOUND('', #4585, .F.);
#4585 = EDGE_LOOP('', (#4586, #4595, #4596, #4597, #4598, #4605));
#4586 = ORIENTED_EDGE('', *, *, #4587, .T.);
#4587 = EDGE_CURVE('', #4588, #4506, #4590, .T.);
#4588 = VERTEX_POINT('', #4589);
#4589 = CARTESIAN_POINT('', (3.00000000000001, 62.4, 2.1));
#4590 = B_SPLINE_CURVE_WITH_KNOTS('', 3, (#4591, #4592, #4593, #4594), .UNSPECIFIED., .F., .U., (4, 4), (0., 0.424264068711928), .UNSPECIFIED.);
#4591 = CARTESIAN_POINT('', (3., 62.4, 2.1));
#4592 = CARTESIAN_POINT('', (3., 62.3, 2.));
#4593 = CARTESIAN_POINT('', (3., 62.2, 1.9));
#4594 = CARTESIAN_POINT('', (3., 62.1, 1.8));
#4595 = ORIENTED_EDGE('', *, *, #4512, .F.);
#4596 = ORIENTED_EDGE('', *, *, #4543, .T.);
#4597 = ORIENTED_EDGE('', *, *, #1339, .T.);
#4598 = ORIENTED_EDGE('', *, *, #4599, .T.);
#4599 = EDGE_CURVE('', #1333, #4600, #4602, .T.);
#4600 = VERTEX_POINT('', #4601);
#4601 = CARTESIAN_POINT('', (2.1, 62.4, 2.1));
#4602 = B_SPLINE_CURVE_WITH_KNOTS('', 1, (#4603, #4604), .UNSPECIFIED., .F., .U., (2, 2), (0., 1.), .UNSPECIFIED.);
#4603 = CARTESIAN_POINT('', (2.30710678118655, 61.9, 1.6));
#4604 = CARTESIAN_POINT('', (2.1, 62.4, 2.1));
#4605 = ORIENTED_EDGE('', *, *, #4606, .F.);
#4606 = EDGE_CURVE('', #4588, #4600, #4607, .T.);
#4607 = B_SPLINE_CURVE_WITH_KNOTS('', 1, (#4608, #4609), .UNSPECIFIED., .F., .U., (2, 2), (0.982889733840304, 1.), .UNSPECIFIED.);
#4608 = CARTESIAN_POINT('', (3.00000000000001, 62.4, 2.1));
#4609 = CARTESIAN_POINT('', (2.1, 62.4, 2.1));
#4610 = B_SPLINE_SURFACE_WITH_KNOTS('', 1, 1, ((#4611, #4612), (#4613, #4614)), .UNSPECIFIED., .F., .F., .U., (2, 2), (2, 2), (0., 1.), (0., 1.), .UNSPECIFIED.);
#4611 = CARTESIAN_POINT('', (54.4928932188134, 61.9, 1.6));
#4612 = CARTESIAN_POINT('', (54.7, 62.4, 2.1));
#4613 = CARTESIAN_POINT('', (2.30710678118655, 61.9, 1.6));
#4614 = CARTESIAN_POINT('', (2.1, 62.4, 2.1));
#4615 = ADVANCED_FACE('', (#4616), #4658, .F.);
#4616 = FACE_OUTER_BOUND('', #4617, .F.);
#4617 = EDGE_LOOP('', (#4618, #4627, #4632, #4639, #4646, #4653));
#4618 = ORIENTED_EDGE('', *, *, #4619, .F.);
#4619 = EDGE_CURVE('', #4620, #4622, #4624, .T.);
#4620 = VERTEX_POINT('', #4621);
#4621 = CARTESIAN_POINT('', (2.1, 62.4, 16.1));
#4622 = VERTEX_POINT('', #4623);
#4623 = CARTESIAN_POINT('', (1.7, 62., 16.1));
#4624 = B_SPLINE_CURVE_WITH_KNOTS('', 1, (#4625, #4626), .UNSPECIFIED., .F., .U., (2, 2), (0., 0.800000000000008), .UNSPECIFIED.);
#4625 = CARTESIAN_POINT('', (2.09999999999999, 62.4, 16.1));
#4626 = CARTESIAN_POINT('', (1.69999999999999, 62., 16.1));
#4627 = ORIENTED_EDGE('', *, *, #4628, .F.);
#4628 = EDGE_CURVE('', #4600, #4620, #4629, .T.);
#4629 = B_SPLINE_CURVE_WITH_KNOTS('', 1, (#4630, #4631), .UNSPECIFIED., .F., .U., (2, 2), (0., 0.445859872611465), .UNSPECIFIED.);
#4630 = CARTESIAN_POINT('', (2.1, 62.4, 2.1));
#4631 = CARTESIAN_POINT('', (2.1, 62.4, 16.1));
#4632 = ORIENTED_EDGE('', *, *, #4633, .T.);
#4633 = EDGE_CURVE('', #4600, #4634, #4636, .T.);
#4634 = VERTEX_POINT('', #4635);
#4635 = CARTESIAN_POINT('', (1.6, 61.9, 2.1));
#4636 = B_SPLINE_CURVE_WITH_KNOTS('', 1, (#4637, #4638), .UNSPECIFIED., .F., .U., (2, 2), (0., 1.), .UNSPECIFIED.);
#4637 = CARTESIAN_POINT('', (2.1, 62.4, 2.1));
#4638 = CARTESIAN_POINT('', (1.6, 61.9, 2.1));
#4639 = ORIENTED_EDGE('', *, *, #4640, .T.);
#4640 = EDGE_CURVE('', #4634, #4641, #4643, .T.);
#4641 = VERTEX_POINT('', #4642);
#4642 = CARTESIAN_POINT('', (1.6, 61.9, 13.));
#4643 = B_SPLINE_CURVE_WITH_KNOTS('', 1, (#4644, #4645), .UNSPECIFIED., .F., .U., (2, 2), (0., 0.347133757961783), .UNSPECIFIED.);
#4644 = CARTESIAN_POINT('', (1.6, 61.9, 2.1));
#4645 = CARTESIAN_POINT('', (1.6, 61.9, 13.));
#4646 = ORIENTED_EDGE('', *, *, #4647, .F.);
#4647 = EDGE_CURVE('', #4648, #4641, #4650, .T.);
#4648 = VERTEX_POINT('', #4649);
#4649 = CARTESIAN_POINT('', (1.7, 62., 13.));
#4650 = B_SPLINE_CURVE_WITH_KNOTS('', 1, (#4651, #4652), .UNSPECIFIED., .F., .U., (2, 2), (0.799999999999974, 1.), .UNSPECIFIED.);
#4651 = CARTESIAN_POINT('', (1.7, 62., 13.));
#4652 = CARTESIAN_POINT('', (1.59999999999998, 61.9, 13.));
#4653 = ORIENTED_EDGE('', *, *, #4654, .F.);
#4654 = EDGE_CURVE('', #4622, #4648, #4655, .T.);
#4655 = B_SPLINE_CURVE_WITH_KNOTS('', 1, (#4656, #4657), .UNSPECIFIED., .F., .U., (2, 2), (0.0882352941176483, 1.), .UNSPECIFIED.);
#4656 = CARTESIAN_POINT('', (1.7, 62., 16.1));
#4657 = CARTESIAN_POINT('', (1.7, 62., 13.));
#4658 = B_SPLINE_SURFACE_WITH_KNOTS('', 1, 1, ((#4659, #4660), (#4661, #4662)), .UNSPECIFIED., .F., .F., .U., (2, 2), (2, 2), (0., 1.), (0., 1.), .UNSPECIFIED.);
#4659 = CARTESIAN_POINT('', (2.1, 62.4, 2.1));
#4660 = CARTESIAN_POINT('', (2.1, 62.4, 33.5));
#4661 = CARTESIAN_POINT('', (1.6, 61.9, 2.1));
#4662 = CARTESIAN_POINT('', (1.6, 61.9, 33.5));
#4663 = ADVANCED_FACE('', (#4664), #4693, .T.);
#4664 = FACE_OUTER_BOUND('', #4665, .T.);
#4665 = EDGE_LOOP('', (#4666, #4675, #4680, #4681, #4688));
#4666 = ORIENTED_EDGE('', *, *, #4667, .F.);
#4667 = EDGE_CURVE('', #4668, #4670, #4672, .T.);
#4668 = VERTEX_POINT('', #4669);
#4669 = CARTESIAN_POINT('', (1.6, 27.4, 13.));
#4670 = VERTEX_POINT('', #4671);
#4671 = CARTESIAN_POINT('', (2.05, 27.4, 13.));
#4672 = B_SPLINE_CURVE_WITH_KNOTS('', 1, (#4673, #4674), .UNSPECIFIED., .F., .U., (2, 2), (0., 1.), .UNSPECIFIED.);
#4673 = CARTESIAN_POINT('', (1.6, 27.4, 13.));
#4674 = CARTESIAN_POINT('', (2.05, 27.4, 13.));
#4675 = ORIENTED_EDGE('', *, *, #4676, .F.);
#4676 = EDGE_CURVE('', #4641, #4668, #4677, .T.);
#4677 = B_SPLINE_CURVE_WITH_KNOTS('', 1, (#4678, #4679), .UNSPECIFIED., .F., .U., (2, 2), (0., 0.866794770192162), .UNSPECIFIED.);
#4678 = CARTESIAN_POINT('', (1.6, 61.9, 13.));
#4679 = CARTESIAN_POINT('', (1.6, 27.4, 13.));
#4680 = ORIENTED_EDGE('', *, *, #4647, .F.);
#4681 = ORIENTED_EDGE('', *, *, #4682, .F.);
#4682 = EDGE_CURVE('', #4683, #4648, #4685, .T.);
#4683 = VERTEX_POINT('', #4684);
#4684 = CARTESIAN_POINT('', (2.05, 62., 13.));
#4685 = B_SPLINE_CURVE_WITH_KNOTS('', 1, (#4686, #4687), .UNSPECIFIED., .F., .U., (2, 2), (0., 0.700000000000005), .UNSPECIFIED.);
#4686 = CARTESIAN_POINT('', (2.05, 62., 13.));
#4687 = CARTESIAN_POINT('', (1.7, 62., 13.));
#4688 = ORIENTED_EDGE('', *, *, #4689, .F.);
#4689 = EDGE_CURVE('', #4670, #4683, #4690, .T.);
#4690 = B_SPLINE_CURVE_WITH_KNOTS('', 1, (#4691, #4692), .UNSPECIFIED., .F., .U., (2, 2), (0.0894736842105263, 1.), .UNSPECIFIED.);
#4691 = CARTESIAN_POINT('', (2.05, 27.4, 13.));
#4692 = CARTESIAN_POINT('', (2.05, 62., 13.));
#4693 = B_SPLINE_SURFACE_WITH_KNOTS('', 1, 1, ((#4694, #4695), (#4696, #4697)), .UNSPECIFIED., .F., .F., .U., (2, 2), (2, 2), (0., 1.), (0., 1.), .UNSPECIFIED.);
#4694 = CARTESIAN_POINT('', (22.7018091322259, 22.0981908677741, 13.));
#4695 = CARTESIAN_POINT('', (22.7018091322259, 63.9018091322258, 13.));
#4696 = CARTESIAN_POINT('', (-19.1018091322259, 22.0981908677741, 13.));
#4697 = CARTESIAN_POINT('', (-19.1018091322259, 63.9018091322258, 13.));
#4698 = ADVANCED_FACE('', (#4699), #4766, .F.);
#4699 = FACE_OUTER_BOUND('', #4700, .F.);
#4700 = EDGE_LOOP('', (#4701, #4711, #4718, #4723, #4724, #4725, #4732, #4739, #4746, #4753, #4760));
#4701 = ORIENTED_EDGE('', *, *, #4702, .T.);
#4702 = EDGE_CURVE('', #4703, #4705, #4707, .T.);
#4703 = VERTEX_POINT('', #4704);
#4704 = CARTESIAN_POINT('', (1.6, 24.4498953970317, 13.));
#4705 = VERTEX_POINT('', #4706);
#4706 = CARTESIAN_POINT('', (1.6, 24.45, 13.05));
#4707 = (
   BOUNDED_CURVE ()
   B_SPLINE_CURVE (2, (#4708, #4709, #4710), .UNSPECIFIED., .F., .U.)
   B_SPLINE_CURVE_WITH_KNOTS ((3, 3), (0.996181383299876, 1.), .UNSPECIFIED.)
   CURVE ()
   GEOMETRIC_REPRESENTATION_ITEM ()
   RATIONAL_B_SPLINE_CURVE ((0.998758324238177, 0.999376782289531, 1.))
   REPRESENTATION_ITEM ('')
);
#4708 = CARTESIAN_POINT('', (1.6, 24.4498953970317, 13.));
#4709 = CARTESIAN_POINT('', (1.6, 24.45, 13.0249998905822));
#4710 = CARTESIAN_POINT('', (1.6, 24.45, 13.05));
#4711 = ORIENTED_EDGE('', *, *, #4712, .T.);
#4712 = EDGE_CURVE('', #4705, #4713, #4715, .T.);
#4713 = VERTEX_POINT('', #4714);
#4714 = CARTESIAN_POINT('', (1.6, 27.4, 13.05));
#4715 = B_SPLINE_CURVE_WITH_KNOTS('', 1, (#4716, #4717), .UNSPECIFIED., .F., .U., (2, 2), (0.157142857142857, 1.), .UNSPECIFIED.);
#4716 = CARTESIAN_POINT('', (1.6, 24.45, 13.05));
#4717 = CARTESIAN_POINT('', (1.6, 27.4, 13.05));
#4718 = ORIENTED_EDGE('', *, *, #4719, .F.);
#4719 = EDGE_CURVE('', #4668, #4713, #4720, .T.);
#4720 = B_SPLINE_CURVE_WITH_KNOTS('', 1, (#4721, #4722), .UNSPECIFIED., .F., .U., (2, 2), (0.0526315789473673, 0.0657894736842105), .UNSPECIFIED.);
#4721 = CARTESIAN_POINT('', (1.6, 27.4, 13.));
#4722 = CARTESIAN_POINT('', (1.6, 27.4, 13.05));
#4723 = ORIENTED_EDGE('', *, *, #4676, .F.);
#4724 = ORIENTED_EDGE('', *, *, #4640, .F.);
#4725 = ORIENTED_EDGE('', *, *, #4726, .T.);
#4726 = EDGE_CURVE('', #4634, #4727, #4729, .T.);
#4727 = VERTEX_POINT('', #4728);
#4728 = CARTESIAN_POINT('', (1.6, 59., 2.1));
#4729 = B_SPLINE_CURVE_WITH_KNOTS('', 1, (#4730, #4731), .UNSPECIFIED., .F., .U., (2, 2), (0., 0.0755208333333332), .UNSPECIFIED.);
#4730 = CARTESIAN_POINT('', (1.6, 61.9, 2.1));
#4731 = CARTESIAN_POINT('', (1.6, 59., 2.1));
#4732 = ORIENTED_EDGE('', *, *, #4733, .F.);
#4733 = EDGE_CURVE('', #4734, #4727, #4736, .T.);
#4734 = VERTEX_POINT('', #4735);
#4735 = CARTESIAN_POINT('', (1.6, 59., 4.));
#4736 = B_SPLINE_CURVE_WITH_KNOTS('', 1, (#4737, #4738), .UNSPECIFIED., .F., .U., (2, 2), (0., 1.), .UNSPECIFIED.);
#4737 = CARTESIAN_POINT('', (1.6, 59., 4.));
#4738 = CARTESIAN_POINT('', (1.6, 59., 2.09999999999999));
#4739 = ORIENTED_EDGE('', *, *, #4740, .F.);
#4740 = EDGE_CURVE('', #4741, #4734, #4743, .T.);
#4741 = VERTEX_POINT('', #4742);
#4742 = CARTESIAN_POINT('', (1.6, 27., 4.));
#4743 = B_SPLINE_CURVE_WITH_KNOTS('', 1, (#4744, #4745), .UNSPECIFIED., .F., .U., (2, 2), (0.045499482859347, 0.954500517140653), .UNSPECIFIED.);
#4744 = CARTESIAN_POINT('', (1.6, 27., 4.));
#4745 = CARTESIAN_POINT('', (1.6, 59., 4.));
#4746 = ORIENTED_EDGE('', *, *, #4747, .F.);
#4747 = EDGE_CURVE('', #4748, #4741, #4750, .T.);
#4748 = VERTEX_POINT('', #4749);
#4749 = CARTESIAN_POINT('', (1.6, 27., 2.1));
#4750 = B_SPLINE_CURVE_WITH_KNOTS('', 1, (#4751, #4752), .UNSPECIFIED., .F., .U., (2, 2), (0., 1.), .UNSPECIFIED.);
#4751 = CARTESIAN_POINT('', (1.6, 27., 2.09999999999999));
#4752 = CARTESIAN_POINT('', (1.6, 27., 4.));
#4753 = ORIENTED_EDGE('', *, *, #4754, .T.);
#4754 = EDGE_CURVE('', #4748, #4755, #4757, .T.);
#4755 = VERTEX_POINT('', #4756);
#4756 = CARTESIAN_POINT('', (1.6, 17.2853944456022, 2.1));
#4757 = B_SPLINE_CURVE_WITH_KNOTS('', 1, (#4758, #4759), .UNSPECIFIED., .F., .U., (2, 2), (0.908854166666667, 1.16183868631244), .UNSPECIFIED.);
#4758 = CARTESIAN_POINT('', (1.6, 27., 2.1));
#4759 = CARTESIAN_POINT('', (1.6, 17.2853944456022, 2.1));
#4760 = ORIENTED_EDGE('', *, *, #4761, .T.);
#4761 = EDGE_CURVE('', #4755, #4703, #4762, .T.);
#4762 = (
   BOUNDED_CURVE ()
   B_SPLINE_CURVE (2, (#4763, #4764, #4765), .UNSPECIFIED., .F., .U.)
   B_SPLINE_CURVE_WITH_KNOTS ((3, 3), (0., 1.), .UNSPECIFIED.)
   CURVE ()
   GEOMETRIC_REPRESENTATION_ITEM ()
   RATIONAL_B_SPLINE_CURVE ((1., 0.837938505866684, 1.))
   REPRESENTATION_ITEM ('')
);
#4763 = CARTESIAN_POINT('', (1.6, 17.2853944456022, 2.1));
#4764 = CARTESIAN_POINT('', (1.6, 24.4173294836161, 5.2168148234984));
#4765 = CARTESIAN_POINT('', (1.6, 24.4498953970317, 13.));
#4766 = B_SPLINE_SURFACE_WITH_KNOTS('', 1, 1, ((#4767, #4768), (#4769, #4770)), .UNSPECIFIED., .F., .F., .U., (2, 2), (2, 2), (-1.6, 1.), (0., 1.40178571428571), .UNSPECIFIED.);
#4767 = CARTESIAN_POINT('', (1.6, 61.9, 2.1));
#4768 = CARTESIAN_POINT('', (1.6, 61.9, 33.5));
#4769 = CARTESIAN_POINT('', (1.6, 2.1, 2.1));
#4770 = CARTESIAN_POINT('', (1.6, 2.1, 33.5));
#4771 = ADVANCED_FACE('', (#4772), #4804, .F.);
#4772 = FACE_OUTER_BOUND('', #4773, .F.);
#4773 = EDGE_LOOP('', (#4774, #4781, #4782, #4783, #4791, #4798));
#4774 = ORIENTED_EDGE('', *, *, #4775, .T.);
#4775 = EDGE_CURVE('', #4776, #4705, #4778, .T.);
#4776 = VERTEX_POINT('', #4777);
#4777 = CARTESIAN_POINT('', (1.2, 24.45, 13.05));
#4778 = B_SPLINE_CURVE_WITH_KNOTS('', 1, (#4779, #4780), .UNSPECIFIED., .F., .U., (2, 2), (0., 0.8), .UNSPECIFIED.);
#4779 = CARTESIAN_POINT('', (1.2, 24.45, 13.05));
#4780 = CARTESIAN_POINT('', (1.6, 24.45, 13.05));
#4781 = ORIENTED_EDGE('', *, *, #4702, .F.);
#4782 = ORIENTED_EDGE('', *, *, #4761, .F.);
#4783 = ORIENTED_EDGE('', *, *, #4784, .F.);
#4784 = EDGE_CURVE('', #4785, #4755, #4787, .T.);
#4785 = VERTEX_POINT('', #4786);
#4786 = CARTESIAN_POINT('', (1.6, 15.9205262752974, 1.6));
#4787 = (
   BOUNDED_CURVE ()
   B_SPLINE_CURVE (2, (#4788, #4789, #4790), .UNSPECIFIED., .F., .U.)
   B_SPLINE_CURVE_WITH_KNOTS ((3, 3), (0., 0.045552361096958), .UNSPECIFIED.)
   CURVE ()
   GEOMETRIC_REPRESENTATION_ITEM ()
   RATIONAL_B_SPLINE_CURVE ((1., 0.977817647403497, 0.959677128948818))
   REPRESENTATION_ITEM ('')
);
#4788 = CARTESIAN_POINT('', (1.6, 15.9205262752974, 1.6));
#4789 = CARTESIAN_POINT('', (1.6, 16.6181932641362, 1.80841818923413));
#4790 = CARTESIAN_POINT('', (1.6, 17.2853944456022, 2.1));
#4791 = ORIENTED_EDGE('', *, *, #4792, .F.);
#4792 = EDGE_CURVE('', #4793, #4785, #4795, .T.);
#4793 = VERTEX_POINT('', #4794);
#4794 = CARTESIAN_POINT('', (1.2, 15.9205262752974, 1.6));
#4795 = B_SPLINE_CURVE_WITH_KNOTS('', 1, (#4796, #4797), .UNSPECIFIED., .F., .U., (2, 2), (0., 0.799999999999992), .UNSPECIFIED.);
#4796 = CARTESIAN_POINT('', (1.2, 15.9205262752974, 1.6));
#4797 = CARTESIAN_POINT('', (1.6, 15.9205262752974, 1.6));
#4798 = ORIENTED_EDGE('', *, *, #4799, .T.);
#4799 = EDGE_CURVE('', #4793, #4776, #4800, .T.);
#4800 = (
   BOUNDED_CURVE ()
   B_SPLINE_CURVE (2, (#4801, #4802, #4803), .UNSPECIFIED., .F., .U.)
   B_SPLINE_CURVE_WITH_KNOTS ((3, 3), (41.2009228895487, 56.3130483155971), .UNSPECIFIED.)
   CURVE ()
   GEOMETRIC_REPRESENTATION_ITEM ()
   RATIONAL_B_SPLINE_CURVE ((0.908073922081676, 0.76419821738249, 1.))
   REPRESENTATION_ITEM ('')
);
#4801 = CARTESIAN_POINT('', (1.2, 15.9205262752974, 1.6));
#4802 = CARTESIAN_POINT('', (1.2, 24.45, 4.14806017378201));
#4803 = CARTESIAN_POINT('', (1.2, 24.45, 13.05));
#4804 = (
   BOUNDED_SURFACE ()
   B_SPLINE_SURFACE (2, 1, ((#4805, #4806), (#4807, #4808), (#4809, #4810), (#4811, #4812), (#4813, #4814), (#4815, #4816), (#4817, #4818), (#4819, #4820), (#4821, #4822)), .UNSPECIFIED., .T., .F., .U.)
   B_SPLINE_SURFACE_WITH_KNOTS ((3, 2, 2, 2, 3), (2, 2), (0., 18.771016105199, 37.542032210398, 56.3130483155971, 75.084064420796), (-0.01, 0.51), .UNSPECIFIED.)
   GEOMETRIC_REPRESENTATION_ITEM ()
   RATIONAL_B_SPLINE_SURFACE (((1., 1.), (0.707106781186548, 0.707106781186548), (1., 1.), (0.707106781186548, 0.707106781186548), (1., 1.), (0.707106781186548, 0.707106781186548), (1., 1.), (0.707106781186548, 0.707106781186548), (1., 1.)))
   REPRESENTATION_ITEM ('')
   SURFACE ()
);
#4805 = CARTESIAN_POINT('', (1.19, 12.5, 25.));
#4806 = CARTESIAN_POINT('', (1.71, 12.5, 25.));
#4807 = CARTESIAN_POINT('', (1.19, 0.550000000000001, 25.));
#4808 = CARTESIAN_POINT('', (1.71, 0.550000000000001, 25.));
#4809 = CARTESIAN_POINT('', (1.19, 0.550000000000001, 13.05));
#4810 = CARTESIAN_POINT('', (1.71, 0.550000000000001, 13.05));
#4811 = CARTESIAN_POINT('', (1.19, 0.549999999999999, 1.1));
#4812 = CARTESIAN_POINT('', (1.71, 0.549999999999999, 1.1));
#4813 = CARTESIAN_POINT('', (1.19, 12.5, 1.1));
#4814 = CARTESIAN_POINT('', (1.71, 12.5, 1.1));
#4815 = CARTESIAN_POINT('', (1.19, 24.45, 1.1));
#4816 = CARTESIAN_POINT('', (1.71, 24.45, 1.1));
#4817 = CARTESIAN_POINT('', (1.19, 24.45, 13.05));
#4818 = CARTESIAN_POINT('', (1.71, 24.45, 13.05));
#4819 = CARTESIAN_POINT('', (1.19, 24.45, 25.));
#4820 = CARTESIAN_POINT('', (1.71, 24.45, 25.));
#4821 = CARTESIAN_POINT('', (1.19, 12.5, 25.));
#4822 = CARTESIAN_POINT('', (1.71, 12.5, 25.));
#4823 = ADVANCED_FACE('', (#4824), #4846, .F.);
#4824 = FACE_OUTER_BOUND('', #4825, .F.);
#4825 = EDGE_LOOP('', (#4826, #4833, #4834, #4841));
#4826 = ORIENTED_EDGE('', *, *, #4827, .F.);
#4827 = EDGE_CURVE('', #4793, #4828, #4830, .T.);
#4828 = VERTEX_POINT('', #4829);
#4829 = CARTESIAN_POINT('', (1.2, 9.07947372470259, 1.6));
#4830 = B_SPLINE_CURVE_WITH_KNOTS('', 1, (#4831, #4832), .UNSPECIFIED., .F., .U., (2, 2), (0.489440969715715, 0.71016895095207), .UNSPECIFIED.);
#4831 = CARTESIAN_POINT('', (1.2, 15.9205262752974, 1.6));
#4832 = CARTESIAN_POINT('', (1.2, 9.0794737247026, 1.6));
#4833 = ORIENTED_EDGE('', *, *, #4792, .T.);
#4834 = ORIENTED_EDGE('', *, *, #4835, .F.);
#4835 = EDGE_CURVE('', #4836, #4785, #4838, .T.);
#4836 = VERTEX_POINT('', #4837);
#4837 = CARTESIAN_POINT('', (1.6, 9.07947372470259, 1.6));
#4838 = B_SPLINE_CURVE_WITH_KNOTS('', 1, (#4839, #4840), .UNSPECIFIED., .F., .U., (2, 2), (0.24931579082342, 0.477350875843247), .UNSPECIFIED.);
#4839 = CARTESIAN_POINT('', (1.6, 9.07947372470259, 1.6));
#4840 = CARTESIAN_POINT('', (1.6, 15.9205262752974, 1.6));
#4841 = ORIENTED_EDGE('', *, *, #4842, .F.);
#4842 = EDGE_CURVE('', #4828, #4836, #4843, .T.);
#4843 = B_SPLINE_CURVE_WITH_KNOTS('', 1, (#4844, #4845), .UNSPECIFIED., .F., .U., (2, 2), (0., 0.799999999999992), .UNSPECIFIED.);
#4844 = CARTESIAN_POINT('', (1.2, 9.07947372470259, 1.6));
#4845 = CARTESIAN_POINT('', (1.6, 9.07947372470259, 1.6));
#4846 = B_SPLINE_SURFACE_WITH_KNOTS('', 1, 1, ((#4847, #4848), (#4849, #4850)), .UNSPECIFIED., .F., .F., .U., (2, 2), (2, 2), (0., 1.), (0., 1.), .UNSPECIFIED.);
#4847 = CARTESIAN_POINT('', (17.803299670066, 0.0967003299340163, 1.60000000000001));
#4848 = CARTESIAN_POINT('', (17.803299670066, 33.103299670066, 1.60000000000001));
#4849 = CARTESIAN_POINT('', (-15.203299670066, 0.0967003299340163, 1.59999999999999));
#4850 = CARTESIAN_POINT('', (-15.203299670066, 33.103299670066, 1.59999999999999));
#4851 = ADVANCED_FACE('', (#4852), #4886, .F.);
#4852 = FACE_OUTER_BOUND('', #4853, .F.);
#4853 = EDGE_LOOP('', (#4854, #4866, #4873, #4879, #4880, #4881));
#4854 = ORIENTED_EDGE('', *, *, #4855, .F.);
#4855 = EDGE_CURVE('', #4856, #4858, #4860, .T.);
#4856 = VERTEX_POINT('', #4857);
#4857 = CARTESIAN_POINT('', (1.6, 10.14681067485, 2.1));
#4858 = VERTEX_POINT('', #4859);
#4859 = CARTESIAN_POINT('', (1.6, 14.85318932515, 2.1));
#4860 = (
   BOUNDED_CURVE ()
   B_SPLINE_CURVE (2, (#4861, #4862, #4863, #4864, #4865), .UNSPECIFIED., .F., .U.)
   B_SPLINE_CURVE_WITH_KNOTS ((3, 2, 3), (0.248577739943432, 0.333333333333333, 0.347176789223145), .UNSPECIFIED.)
   CURVE ()
   GEOMETRIC_REPRESENTATION_ITEM ()
   RATIONAL_B_SPLINE_CURVE ((0.899090607226613, 0.932342163329971, 1., 0.988949186241516, 0.978816261199904))
   REPRESENTATION_ITEM ('')
);
#4861 = CARTESIAN_POINT('', (1.6, 10.14681067485, 2.1));
#4862 = CARTESIAN_POINT('', (1.6, 12.175221599076, 1.66408813388983));
#4863 = CARTESIAN_POINT('', (1.6, 14.2251825576679, 1.98366613811428));
#4864 = CARTESIAN_POINT('', (1.6, 14.5408451289242, 2.03287625312045));
#4865 = CARTESIAN_POINT('', (1.6, 14.85318932515, 2.1));
#4866 = ORIENTED_EDGE('', *, *, #4867, .T.);
#4867 = EDGE_CURVE('', #4856, #4868, #4870, .T.);
#4868 = VERTEX_POINT('', #4869);
#4869 = CARTESIAN_POINT('', (1.6, 7.71460555439784, 2.1));
#4870 = B_SPLINE_CURVE_WITH_KNOTS('', 1, (#4871, #4872), .UNSPECIFIED., .F., .U., (2, 2), (1.34773930534245, 1.41107798035422), .UNSPECIFIED.);
#4871 = CARTESIAN_POINT('', (1.6, 10.14681067485, 2.1));
#4872 = CARTESIAN_POINT('', (1.6, 7.71460555439784, 2.1));
#4873 = ORIENTED_EDGE('', *, *, #4874, .T.);
#4874 = EDGE_CURVE('', #4868, #4836, #4875, .T.);
#4875 = (
   BOUNDED_CURVE ()
   B_SPLINE_CURVE (2, (#4876, #4877, #4878), .UNSPECIFIED., .F., .U.)
   B_SPLINE_CURVE_WITH_KNOTS ((3, 3), (0.855461434367013, 1.), .UNSPECIFIED.)
   CURVE ()
   GEOMETRIC_REPRESENTATION_ITEM ()
   RATIONAL_B_SPLINE_CURVE ((0.977582309270349, 0.986897310720828, 1.))
   REPRESENTATION_ITEM ('')
);
#4876 = CARTESIAN_POINT('', (1.6, 7.71460555439784, 2.1));
#4877 = CARTESIAN_POINT('', (1.6, 8.38180673586378, 1.80841818923413));
#4878 = CARTESIAN_POINT('', (1.6, 9.07947372470259, 1.6));
#4879 = ORIENTED_EDGE('', *, *, #4835, .T.);
#4880 = ORIENTED_EDGE('', *, *, #4784, .T.);
#4881 = ORIENTED_EDGE('', *, *, #4882, .T.);
#4882 = EDGE_CURVE('', #4755, #4858, #4883, .T.);
#4883 = B_SPLINE_CURVE_WITH_KNOTS('', 1, (#4884, #4885), .UNSPECIFIED., .F., .U., (2, 2), (1.16183868631244, 1.22517736132422), .UNSPECIFIED.);
#4884 = CARTESIAN_POINT('', (1.6, 17.2853944456022, 2.1));
#4885 = CARTESIAN_POINT('', (1.6, 14.85318932515, 2.1));
#4886 = B_SPLINE_SURFACE_WITH_KNOTS('', 1, 1, ((#4887, #4888), (#4889, #4890)), .UNSPECIFIED., .F., .F., .U., (2, 2), (2, 2), (0., 1.), (0., 1.), .UNSPECIFIED.);
#4887 = CARTESIAN_POINT('', (1.6, 1.6, 1.6));
#4888 = CARTESIAN_POINT('', (1.6, 1.6, 25.));
#4889 = CARTESIAN_POINT('', (1.6, 31.6, 1.6));
#4890 = CARTESIAN_POINT('', (1.6, 31.6, 25.));
#4891 = ADVANCED_FACE('', (#4892), #4925, .F.);
#4892 = FACE_OUTER_BOUND('', #4893, .F.);
#4893 = EDGE_LOOP('', (#4894, #4895, #4896, #4904, #4912, #4919));
#4894 = ORIENTED_EDGE('', *, *, #4842, .T.);
#4895 = ORIENTED_EDGE('', *, *, #4874, .F.);
#4896 = ORIENTED_EDGE('', *, *, #4897, .F.);
#4897 = EDGE_CURVE('', #4898, #4868, #4900, .T.);
#4898 = VERTEX_POINT('', #4899);
#4899 = CARTESIAN_POINT('', (1.6, 2.1, 7.16421203236135));
#4900 = (
   BOUNDED_CURVE ()
   B_SPLINE_CURVE (2, (#4901, #4902, #4903), .UNSPECIFIED., .F., .U.)
   B_SPLINE_CURVE_WITH_KNOTS ((3, 3), (0., 1.), .UNSPECIFIED.)
   CURVE ()
   GEOMETRIC_REPRESENTATION_ITEM ()
   RATIONAL_B_SPLINE_CURVE ((1., 0.948638049438036, 1.))
   REPRESENTATION_ITEM ('')
);
#4901 = CARTESIAN_POINT('', (1.6, 2.1, 7.16421203236134));
#4902 = CARTESIAN_POINT('', (1.6, 4.06286493264425, 3.695892172431));
#4903 = CARTESIAN_POINT('', (1.6, 7.71460555439784, 2.1));
#4904 = ORIENTED_EDGE('', *, *, #4905, .F.);
#4905 = EDGE_CURVE('', #4906, #4898, #4908, .T.);
#4906 = VERTEX_POINT('', #4907);
#4907 = CARTESIAN_POINT('', (1.6, 1.6, 8.15178603978961));
#4908 = (
   BOUNDED_CURVE ()
   B_SPLINE_CURVE (2, (#4909, #4910, #4911), .UNSPECIFIED., .F., .U.)
   B_SPLINE_CURVE_WITH_KNOTS ((3, 3), (0., 0.110330000278995), .UNSPECIFIED.)
   CURVE ()
   GEOMETRIC_REPRESENTATION_ITEM ()
   RATIONAL_B_SPLINE_CURVE ((1., 0.98999838067096, 0.982203718668647))
   REPRESENTATION_ITEM ('')
);
#4909 = CARTESIAN_POINT('', (1.6, 1.6, 8.15178603978961));
#4910 = CARTESIAN_POINT('', (1.6, 1.82710557699183, 7.64640779185684));
#4911 = CARTESIAN_POINT('', (1.6, 2.1, 7.16421203236135));
#4912 = ORIENTED_EDGE('', *, *, #4913, .F.);
#4913 = EDGE_CURVE('', #4914, #4906, #4916, .T.);
#4914 = VERTEX_POINT('', #4915);
#4915 = CARTESIAN_POINT('', (1.2, 1.6, 8.1517860397896));
#4916 = B_SPLINE_CURVE_WITH_KNOTS('', 1, (#4917, #4918), .UNSPECIFIED., .F., .U., (2, 2), (0., 1.), .UNSPECIFIED.);
#4917 = CARTESIAN_POINT('', (1.2, 1.6, 8.15178603978961));
#4918 = CARTESIAN_POINT('', (1.6, 1.6, 8.15178603978961));
#4919 = ORIENTED_EDGE('', *, *, #4920, .T.);
#4920 = EDGE_CURVE('', #4914, #4828, #4921, .T.);
#4921 = (
   BOUNDED_CURVE ()
   B_SPLINE_CURVE (2, (#4922, #4923, #4924), .UNSPECIFIED., .F., .U.)
   B_SPLINE_CURVE_WITH_KNOTS ((3, 3), (23.9974954845636, 33.8831415312473), .UNSPECIFIED.)
   CURVE ()
   GEOMETRIC_REPRESENTATION_ITEM ()
   RATIONAL_B_SPLINE_CURVE ((0.882310655418802, 0.813957161449067, 0.908073922081676))
   REPRESENTATION_ITEM ('')
);
#4922 = CARTESIAN_POINT('', (1.2, 1.6, 8.1517860397896));
#4923 = CARTESIAN_POINT('', (1.2, 3.84098257476523, 3.16492546910687));
#4924 = CARTESIAN_POINT('', (1.2, 9.07947372470259, 1.6));
#4925 = (
   BOUNDED_SURFACE ()
   B_SPLINE_SURFACE (2, 1, ((#4926, #4927), (#4928, #4929), (#4930, #4931), (#4932, #4933), (#4934, #4935), (#4936, #4937), (#4938, #4939), (#4940, #4941), (#4942, #4943)), .UNSPECIFIED., .T., .F., .U.)
   B_SPLINE_SURFACE_WITH_KNOTS ((3, 2, 2, 2, 3), (2, 2), (0., 18.771016105199, 37.542032210398, 56.3130483155971, 75.084064420796), (0., 0.5), .UNSPECIFIED.)
   GEOMETRIC_REPRESENTATION_ITEM ()
   RATIONAL_B_SPLINE_SURFACE (((1., 1.), (0.707106781186548, 0.707106781186548), (1., 1.), (0.707106781186548, 0.707106781186548), (1., 1.), (0.707106781186548, 0.707106781186548), (1., 1.), (0.707106781186548, 0.707106781186548), (1., 1.)))
   REPRESENTATION_ITEM ('')
   SURFACE ()
);
#4926 = CARTESIAN_POINT('', (1.2, 12.5, 25.));
#4927 = CARTESIAN_POINT('', (1.7, 12.5, 25.));
#4928 = CARTESIAN_POINT('', (1.2, 0.550000000000001, 25.));
#4929 = CARTESIAN_POINT('', (1.7, 0.550000000000001, 25.));
#4930 = CARTESIAN_POINT('', (1.2, 0.550000000000001, 13.05));
#4931 = CARTESIAN_POINT('', (1.7, 0.550000000000001, 13.05));
#4932 = CARTESIAN_POINT('', (1.2, 0.549999999999999, 1.1));
#4933 = CARTESIAN_POINT('', (1.7, 0.549999999999999, 1.1));
#4934 = CARTESIAN_POINT('', (1.2, 12.5, 1.1));
#4935 = CARTESIAN_POINT('', (1.7, 12.5, 1.1));
#4936 = CARTESIAN_POINT('', (1.2, 24.45, 1.1));
#4937 = CARTESIAN_POINT('', (1.7, 24.45, 1.1));
#4938 = CARTESIAN_POINT('', (1.2, 24.45, 13.05));
#4939 = CARTESIAN_POINT('', (1.7, 24.45, 13.05));
#4940 = CARTESIAN_POINT('', (1.2, 24.45, 25.));
#4941 = CARTESIAN_POINT('', (1.7, 24.45, 25.));
#4942 = CARTESIAN_POINT('', (1.2, 12.5, 25.));
#4943 = CARTESIAN_POINT('', (1.7, 12.5, 25.));
#4944 = ADVANCED_FACE('', (#4945), #4967, .F.);
#4945 = FACE_OUTER_BOUND('', #4946, .F.);
#4946 = EDGE_LOOP('', (#4947, #4956, #4961, #4962));
#4947 = ORIENTED_EDGE('', *, *, #4948, .F.);
#4948 = EDGE_CURVE('', #4949, #4951, #4953, .T.);
#4949 = VERTEX_POINT('', #4950);
#4950 = CARTESIAN_POINT('', (1.2, 1.6, 10.4751213620833));
#4951 = VERTEX_POINT('', #4952);
#4952 = CARTESIAN_POINT('', (1.6, 1.6, 10.4751213620833));
#4953 = B_SPLINE_CURVE_WITH_KNOTS('', 1, (#4954, #4955), .UNSPECIFIED., .F., .U., (2, 2), (0., 1.), .UNSPECIFIED.);
#4954 = CARTESIAN_POINT('', (1.2, 1.6, 10.4751213620833));
#4955 = CARTESIAN_POINT('', (1.6, 1.6, 10.4751213620833));
#4956 = ORIENTED_EDGE('', *, *, #4957, .F.);
#4957 = EDGE_CURVE('', #4914, #4949, #4958, .T.);
#4958 = B_SPLINE_CURVE_WITH_KNOTS('', 1, (#4959, #4960), .UNSPECIFIED., .F., .U., (2, 2), (0.279990856401265, 0.379278690687319), .UNSPECIFIED.);
#4959 = CARTESIAN_POINT('', (1.2, 1.6, 8.15178603978961));
#4960 = CARTESIAN_POINT('', (1.2, 1.6, 10.4751213620833));
#4961 = ORIENTED_EDGE('', *, *, #4913, .T.);
#4962 = ORIENTED_EDGE('', *, *, #4963, .T.);
#4963 = EDGE_CURVE('', #4906, #4951, #4964, .T.);
#4964 = B_SPLINE_CURVE_WITH_KNOTS('', 1, (#4965, #4966), .UNSPECIFIED., .F., .U., (2, 2), (0.279990856401265, 0.379278690687319), .UNSPECIFIED.);
#4965 = CARTESIAN_POINT('', (1.6, 1.6, 8.15178603978961));
#4966 = CARTESIAN_POINT('', (1.6, 1.6, 10.4751213620833));
#4967 = B_SPLINE_SURFACE_WITH_KNOTS('', 1, 1, ((#4968, #4969), (#4970, #4971)), .UNSPECIFIED., .F., .F., .U., (2, 2), (2, 2), (0., 1.), (0., 1.), .UNSPECIFIED.);
#4968 = CARTESIAN_POINT('', (1., 1.6, 1.6));
#4969 = CARTESIAN_POINT('', (1., 1.6, 25.));
#4970 = CARTESIAN_POINT('', (1.6, 1.6, 1.6));
#4971 = CARTESIAN_POINT('', (1.6, 1.6, 25.));
#4972 = ADVANCED_FACE('', (#4973), #4990, .F.);
#4973 = FACE_OUTER_BOUND('', #4974, .F.);
#4974 = EDGE_LOOP('', (#4975, #4983, #4984, #4985));
#4975 = ORIENTED_EDGE('', *, *, #4976, .F.);
#4976 = EDGE_CURVE('', #4951, #4977, #4979, .T.);
#4977 = VERTEX_POINT('', #4978);
#4978 = CARTESIAN_POINT('', (1.6, 2.1, 8.8930780618347));
#4979 = (
   BOUNDED_CURVE ()
   B_SPLINE_CURVE (2, (#4980, #4981, #4982), .UNSPECIFIED., .F., .U.)
   B_SPLINE_CURVE_WITH_KNOTS ((3, 3), (0., 0.0354188056819246), .UNSPECIFIED.)
   CURVE ()
   GEOMETRIC_REPRESENTATION_ITEM ()
   RATIONAL_B_SPLINE_CURVE ((1., 0.971726234528839, 0.949461007088394))
   REPRESENTATION_ITEM ('')
);
#4980 = CARTESIAN_POINT('', (1.6, 1.6, 10.4751213620833));
#4981 = CARTESIAN_POINT('', (1.6, 1.79124739427556, 9.66553112862272));
#4982 = CARTESIAN_POINT('', (1.6, 2.1, 8.8930780618347));
#4983 = ORIENTED_EDGE('', *, *, #4963, .F.);
#4984 = ORIENTED_EDGE('', *, *, #4905, .T.);
#4985 = ORIENTED_EDGE('', *, *, #4986, .T.);
#4986 = EDGE_CURVE('', #4898, #4977, #4987, .T.);
#4987 = B_SPLINE_CURVE_WITH_KNOTS('', 1, (#4988, #4989), .UNSPECIFIED., .F., .U., (2, 2), (0.226080894301846, 0.303262413474763), .UNSPECIFIED.);
#4988 = CARTESIAN_POINT('', (1.6, 2.1, 7.16421203236135));
#4989 = CARTESIAN_POINT('', (1.6, 2.1, 8.8930780618347));
#4990 = B_SPLINE_SURFACE_WITH_KNOTS('', 1, 1, ((#4991, #4992), (#4993, #4994)), .UNSPECIFIED., .F., .F., .U., (2, 2), (2, 2), (0., 1.), (0., 1.), .UNSPECIFIED.);
#4991 = CARTESIAN_POINT('', (1.6, 1.6, 1.6));
#4992 = CARTESIAN_POINT('', (1.6, 1.6, 25.));
#4993 = CARTESIAN_POINT('', (1.6, 31.6, 1.6));
#4994 = CARTESIAN_POINT('', (1.6, 31.6, 25.));
#4995 = ADVANCED_FACE('', (#4996), #5011, .F.);
#4996 = FACE_OUTER_BOUND('', #4997, .F.);
#4997 = EDGE_LOOP('', (#4998, #4999, #5006));
#4998 = ORIENTED_EDGE('', *, *, #4897, .T.);
#4999 = ORIENTED_EDGE('', *, *, #5000, .T.);
#5000 = EDGE_CURVE('', #4868, #5001, #5003, .T.);
#5001 = VERTEX_POINT('', #5002);
#5002 = CARTESIAN_POINT('', (1.6, 2.1, 2.1));
#5003 = B_SPLINE_CURVE_WITH_KNOTS('', 1, (#5004, #5005), .UNSPECIFIED., .F., .U., (2, 2), (1.41107798035422, 1.55729166666667), .UNSPECIFIED.);
#5004 = CARTESIAN_POINT('', (1.6, 7.71460555439784, 2.1));
#5005 = CARTESIAN_POINT('', (1.6, 2.10000000000001, 2.1));
#5006 = ORIENTED_EDGE('', *, *, #5007, .T.);
#5007 = EDGE_CURVE('', #5001, #4898, #5008, .T.);
#5008 = B_SPLINE_CURVE_WITH_KNOTS('', 1, (#5009, #5010), .UNSPECIFIED., .F., .U., (2, 2), (0., 0.226080894301846), .UNSPECIFIED.);
#5009 = CARTESIAN_POINT('', (1.6, 2.1, 2.1));
#5010 = CARTESIAN_POINT('', (1.6, 2.1, 7.16421203236135));
#5011 = B_SPLINE_SURFACE_WITH_KNOTS('', 1, 1, ((#5012, #5013), (#5014, #5015)), .UNSPECIFIED., .F., .F., .U., (2, 2), (2, 2), (-1.6, 1.), (0., 1.40178571428571), .UNSPECIFIED.);
#5012 = CARTESIAN_POINT('', (1.6, 61.9, 2.1));
#5013 = CARTESIAN_POINT('', (1.6, 61.9, 33.5));
#5014 = CARTESIAN_POINT('', (1.6, 2.1, 2.1));
#5015 = CARTESIAN_POINT('', (1.6, 2.1, 33.5));
#5016 = ADVANCED_FACE('', (#5017), #5094, .F.);
#5017 = FACE_OUTER_BOUND('', #5018, .F.);
#5018 = EDGE_LOOP('', (#5019, #5028, #5029, #5034, #5035, #5040, #5041, #5042, #5076, #5077, #5078, #5087));
#5019 = ORIENTED_EDGE('', *, *, #5020, .T.);
#5020 = EDGE_CURVE('', #5021, #4727, #5023, .T.);
#5021 = VERTEX_POINT('', #5022);
#5022 = CARTESIAN_POINT('', (2., 59., 1.7));
#5023 = B_SPLINE_CURVE_WITH_KNOTS('', 3, (#5024, #5025, #5026, #5027), .UNSPECIFIED., .F., .U., (4, 4), (0., 0.565685424949238), .UNSPECIFIED.);
#5024 = CARTESIAN_POINT('', (2., 59., 1.7));
#5025 = CARTESIAN_POINT('', (1.86666666666667, 59., 1.83333333333333));
#5026 = CARTESIAN_POINT('', (1.73333333333333, 59., 1.96666666666667));
#5027 = CARTESIAN_POINT('', (1.6, 59., 2.1));
#5028 = ORIENTED_EDGE('', *, *, #4726, .F.);
#5029 = ORIENTED_EDGE('', *, *, #5030, .F.);
#5030 = EDGE_CURVE('', #1326, #4634, #5031, .T.);
#5031 = B_SPLINE_CURVE_WITH_KNOTS('', 1, (#5032, #5033), .UNSPECIFIED., .F., .U., (2, 2), (0., 1.), .UNSPECIFIED.);
#5032 = CARTESIAN_POINT('', (2.1, 61.6928932188134, 1.6));
#5033 = CARTESIAN_POINT('', (1.6, 61.9, 2.1));
#5034 = ORIENTED_EDGE('', *, *, #1325, .T.);
#5035 = ORIENTED_EDGE('', *, *, #5036, .T.);
#5036 = EDGE_CURVE('', #1319, #5001, #5037, .T.);
#5037 = B_SPLINE_CURVE_WITH_KNOTS('', 1, (#5038, #5039), .UNSPECIFIED., .F., .U., (2, 2), (0., 1.), .UNSPECIFIED.);
#5038 = CARTESIAN_POINT('', (2.1, 2.30710678118655, 1.6));
#5039 = CARTESIAN_POINT('', (1.6, 2.1, 2.1));
#5040 = ORIENTED_EDGE('', *, *, #5000, .F.);
#5041 = ORIENTED_EDGE('', *, *, #4867, .F.);
#5042 = ORIENTED_EDGE('', *, *, #5043, .T.);
#5043 = EDGE_CURVE('', #4856, #4858, #5044, .T.);
#5044 = B_SPLINE_CURVE_WITH_KNOTS('', 3, (#5045, #5046, #5047, #5048, #5049, #5050, #5051, #5052, #5053, #5054, #5055, #5056, #5057, #5058, #5059, #5060, #5061, #5062, #5063, #5064, #5065, #5066, #5067, #5068, #5069, #5070, #5071, #5072, #5073, #5074, #5075), .UNSPECIFIED., .F., .U., (4, 3, 3, 3, 3, 3, 3, 3, 3, 3, 4), (0., 0.65302293917792, 1.30600784105482, 1.959022280251, 2.25017713566373, 2.37976934133701, 2.50963655358527, 3.17081924651805, 3.83208826851859, 4.49338244933295, 4.7754633903571), .UNSPECIFIED.);
#5045 = CARTESIAN_POINT('', (1.6, 10.14681067485, 2.1));
#5046 = CARTESIAN_POINT('', (1.64475748799519, 10.3550788699796, 2.05524251200481));
#5047 = CARTESIAN_POINT('', (1.68384748617371, 10.5659632257462, 2.0161525138263));
#5048 = CARTESIAN_POINT('', (1.71691581329473, 10.7785545662299, 1.98308418670528));
#5049 = CARTESIAN_POINT('', (1.74998221425077, 10.9911335236865, 1.95001778574924));
#5050 = CARTESIAN_POINT('', (1.77707817945959, 11.2057541078215, 1.92292182054042));
#5051 = CARTESIAN_POINT('', (1.79794311826981, 11.4214063639066, 1.9020568817302));
#5052 = CARTESIAN_POINT('', (1.81880900089108, 11.6370683748719, 1.88119099910893));
#5053 = CARTESIAN_POINT('', (1.83347643559837, 11.8541157802927, 1.86652356440163));
#5054 = CARTESIAN_POINT('', (1.84179882937137, 12.0714688309098, 1.85820117062863));
#5055 = CARTESIAN_POINT('', (1.84550947527784, 12.1683784736794, 1.85449052472217));
#5056 = CARTESIAN_POINT('', (1.8479632435057, 12.2654007820923, 1.8520367564943));
#5057 = CARTESIAN_POINT('', (1.84915517484962, 12.3624377608539, 1.85084482515038));
#5058 = CARTESIAN_POINT('', (1.84968570013196, 12.4056286466516, 1.85031429986804));
#5059 = CARTESIAN_POINT('', (1.84996639952617, 12.4488271158838, 1.85003360047383));
#5060 = CARTESIAN_POINT('', (1.84999716032705, 12.4920244958701, 1.85000283967296));
#5061 = CARTESIAN_POINT('', (1.85002798640517, 12.5353135446683, 1.84997201359483));
#5062 = CARTESIAN_POINT('', (1.84980781393871, 12.5786044055075, 1.85019218606129));
#5063 = CARTESIAN_POINT('', (1.84933673171098, 12.6218883495216, 1.85066326828902));
#5064 = CARTESIAN_POINT('', (1.84693834792703, 12.8422564791562, 1.85306165207297));
#5065 = CARTESIAN_POINT('', (1.83801761821787, 13.0626719699099, 1.86198238178213));
#5066 = CARTESIAN_POINT('', (1.82266686017645, 13.2819943935316, 1.87733313982355));
#5067 = CARTESIAN_POINT('', (1.80731409782269, 13.5013454535659, 1.89268590217731));
#5068 = CARTESIAN_POINT('', (1.78550434578487, 13.7199764818059, 1.91449565421514));
#5069 = CARTESIAN_POINT('', (1.75745704629062, 13.9368012962163, 1.94254295370938));
#5070 = CARTESIAN_POINT('', (1.7294086797015, 14.1536343600002, 1.9705913202985));
#5071 = CARTESIAN_POINT('', (1.69507752051399, 14.3690183590754, 2.00492247948601));
#5072 = CARTESIAN_POINT('', (1.65479180887395, 14.5819599523865, 2.04520819112605));
#5073 = CARTESIAN_POINT('', (1.63760757864943, 14.6727920914965, 2.06239242135058));
#5074 = CARTESIAN_POINT('', (1.6193335234861, 14.763225428106, 2.0806664765139));
#5075 = CARTESIAN_POINT('', (1.6, 14.85318932515, 2.1));
#5076 = ORIENTED_EDGE('', *, *, #4882, .F.);
#5077 = ORIENTED_EDGE('', *, *, #4754, .F.);
#5078 = ORIENTED_EDGE('', *, *, #5079, .F.);
#5079 = EDGE_CURVE('', #5080, #4748, #5082, .T.);
#5080 = VERTEX_POINT('', #5081);
#5081 = CARTESIAN_POINT('', (2., 27., 1.7));
#5082 = B_SPLINE_CURVE_WITH_KNOTS('', 3, (#5083, #5084, #5085, #5086), .UNSPECIFIED., .F., .U., (4, 4), (0., 0.565685424949238), .UNSPECIFIED.);
#5083 = CARTESIAN_POINT('', (2., 27., 1.7));
#5084 = CARTESIAN_POINT('', (1.86666666666667, 27., 1.83333333333333));
#5085 = CARTESIAN_POINT('', (1.73333333333333, 27., 1.96666666666667));
#5086 = CARTESIAN_POINT('', (1.6, 27., 2.1));
#5087 = ORIENTED_EDGE('', *, *, #5088, .F.);
#5088 = EDGE_CURVE('', #5021, #5080, #5089, .T.);
#5089 = B_SPLINE_CURVE_WITH_KNOTS('', 3, (#5090, #5091, #5092, #5093), .UNSPECIFIED., .F., .U., (4, 4), (0., 32.), .UNSPECIFIED.);
#5090 = CARTESIAN_POINT('', (2., 59., 1.7));
#5091 = CARTESIAN_POINT('', (2., 48.3333333333333, 1.7));
#5092 = CARTESIAN_POINT('', (2., 37.6666666666667, 1.7));
#5093 = CARTESIAN_POINT('', (2., 27., 1.7));
#5094 = B_SPLINE_SURFACE_WITH_KNOTS('', 1, 1, ((#5095, #5096), (#5097, #5098)), .UNSPECIFIED., .F., .F., .U., (2, 2), (2, 2), (-1.62934330852845, 1.), (0., 1.), .UNSPECIFIED.);
#5095 = CARTESIAN_POINT('', (2.1, 61.6928932188134, 1.6));
#5096 = CARTESIAN_POINT('', (1.6, 62.5748960961543, 2.1));
#5097 = CARTESIAN_POINT('', (2.1, 2.30710678118654, 1.6));
#5098 = CARTESIAN_POINT('', (1.6, 2.1, 2.1));
#5099 = ADVANCED_FACE('', (#5100), #5122, .T.);
#5100 = FACE_OUTER_BOUND('', #5101, .T.);
#5101 = EDGE_LOOP('', (#5102, #5103, #5110, #5117));
#5102 = ORIENTED_EDGE('', *, *, #5088, .F.);
#5103 = ORIENTED_EDGE('', *, *, #5104, .T.);
#5104 = EDGE_CURVE('', #5021, #5105, #5107, .T.);
#5105 = VERTEX_POINT('', #5106);
#5106 = CARTESIAN_POINT('', (2., 59., 4.));
#5107 = B_SPLINE_CURVE_WITH_KNOTS('', 1, (#5108, #5109), .UNSPECIFIED., .F., .U., (2, 2), (0.0416666666666665, 1.), .UNSPECIFIED.);
#5108 = CARTESIAN_POINT('', (2., 59., 1.7));
#5109 = CARTESIAN_POINT('', (2., 59., 4.));
#5110 = ORIENTED_EDGE('', *, *, #5111, .F.);
#5111 = EDGE_CURVE('', #5112, #5105, #5114, .T.);
#5112 = VERTEX_POINT('', #5113);
#5113 = CARTESIAN_POINT('', (2., 27., 4.));
#5114 = B_SPLINE_CURVE_WITH_KNOTS('', 1, (#5115, #5116), .UNSPECIFIED., .F., .U., (2, 2), (0., 1.), .UNSPECIFIED.);
#5115 = CARTESIAN_POINT('', (2., 27., 4.));
#5116 = CARTESIAN_POINT('', (2., 59., 4.));
#5117 = ORIENTED_EDGE('', *, *, #5118, .F.);
#5118 = EDGE_CURVE('', #5080, #5112, #5119, .T.);
#5119 = B_SPLINE_CURVE_WITH_KNOTS('', 1, (#5120, #5121), .UNSPECIFIED., .F., .U., (2, 2), (0.0416666666666667, 1.), .UNSPECIFIED.);
#5120 = CARTESIAN_POINT('', (2., 27., 1.7));
#5121 = CARTESIAN_POINT('', (2., 27., 4.));
#5122 = B_SPLINE_SURFACE_WITH_KNOTS('', 1, 1, ((#5123, #5124), (#5125, #5126)), .UNSPECIFIED., .F., .F., .U., (2, 2), (2, 2), (0., 1.), (0., 1.), .UNSPECIFIED.);
#5123 = CARTESIAN_POINT('', (2., 27., 1.6));
#5124 = CARTESIAN_POINT('', (2., 27., 4.));
#5125 = CARTESIAN_POINT('', (2., 59., 1.6));
#5126 = CARTESIAN_POINT('', (2., 59., 4.));
#5127 = ADVANCED_FACE('', (#5128), #5138, .T.);
#5128 = FACE_OUTER_BOUND('', #5129, .T.);
#5129 = EDGE_LOOP('', (#5130, #5131, #5136, #5137));
#5130 = ORIENTED_EDGE('', *, *, #4733, .F.);
#5131 = ORIENTED_EDGE('', *, *, #5132, .F.);
#5132 = EDGE_CURVE('', #5105, #4734, #5133, .T.);
#5133 = B_SPLINE_CURVE_WITH_KNOTS('', 1, (#5134, #5135), .UNSPECIFIED., .F., .U., (2, 2), (0., 0.888888888888889), .UNSPECIFIED.);
#5134 = CARTESIAN_POINT('', (2., 59., 4.));
#5135 = CARTESIAN_POINT('', (1.6, 59., 4.));
#5136 = ORIENTED_EDGE('', *, *, #5104, .F.);
#5137 = ORIENTED_EDGE('', *, *, #5020, .T.);
#5138 = B_SPLINE_SURFACE_WITH_KNOTS('', 1, 1, ((#5139, #5140), (#5141, #5142)), .UNSPECIFIED., .F., .F., .U., (2, 2), (2, 2), (0., 1.), (0., 1.), .UNSPECIFIED.);
#5139 = CARTESIAN_POINT('', (2., 59., 1.6));
#5140 = CARTESIAN_POINT('', (2., 59., 4.));
#5141 = CARTESIAN_POINT('', (1.55, 59., 1.6));
#5142 = CARTESIAN_POINT('', (1.55, 59., 4.));
#5143 = ADVANCED_FACE('', (#5144), #5154, .T.);
#5144 = FACE_OUTER_BOUND('', #5145, .T.);
#5145 = EDGE_LOOP('', (#5146, #5147, #5152, #5153));
#5146 = ORIENTED_EDGE('', *, *, #4740, .F.);
#5147 = ORIENTED_EDGE('', *, *, #5148, .T.);
#5148 = EDGE_CURVE('', #4741, #5112, #5149, .T.);
#5149 = B_SPLINE_CURVE_WITH_KNOTS('', 1, (#5150, #5151), .UNSPECIFIED., .F., .U., (2, 2), (0.111111111111111, 1.), .UNSPECIFIED.);
#5150 = CARTESIAN_POINT('', (1.6, 27., 4.));
#5151 = CARTESIAN_POINT('', (2., 27., 4.));
#5152 = ORIENTED_EDGE('', *, *, #5111, .T.);
#5153 = ORIENTED_EDGE('', *, *, #5132, .T.);
#5154 = B_SPLINE_SURFACE_WITH_KNOTS('', 1, 1, ((#5155, #5156), (#5157, #5158)), .UNSPECIFIED., .F., .F., .U., (2, 2), (2, 2), (0., 1.), (0., 1.), .UNSPECIFIED.);
#5155 = CARTESIAN_POINT('', (19.376740148349, 25.398259851651, 4.));
#5156 = CARTESIAN_POINT('', (-15.826740148349, 25.398259851651, 4.));
#5157 = CARTESIAN_POINT('', (19.376740148349, 60.601740148349, 4.));
#5158 = CARTESIAN_POINT('', (-15.826740148349, 60.601740148349, 4.));
#5159 = ADVANCED_FACE('', (#5160), #5166, .T.);
#5160 = FACE_OUTER_BOUND('', #5161, .T.);
#5161 = EDGE_LOOP('', (#5162, #5163, #5164, #5165));
#5162 = ORIENTED_EDGE('', *, *, #4747, .F.);
#5163 = ORIENTED_EDGE('', *, *, #5079, .F.);
#5164 = ORIENTED_EDGE('', *, *, #5118, .T.);
#5165 = ORIENTED_EDGE('', *, *, #5148, .F.);
#5166 = B_SPLINE_SURFACE_WITH_KNOTS('', 1, 1, ((#5167, #5168), (#5169, #5170)), .UNSPECIFIED., .F., .F., .U., (2, 2), (2, 2), (0., 1.), (0., 1.), .UNSPECIFIED.);
#5167 = CARTESIAN_POINT('', (1.55, 27., 1.6));
#5168 = CARTESIAN_POINT('', (1.55, 27., 4.));
#5169 = CARTESIAN_POINT('', (2., 27., 1.6));
#5170 = CARTESIAN_POINT('', (2., 27., 4.));
#5171 = ADVANCED_FACE('', (#5172), #5176, .F.);
#5172 = FACE_OUTER_BOUND('', #5173, .F.);
#5173 = EDGE_LOOP('', (#5174, #5175));
#5174 = ORIENTED_EDGE('', *, *, #4855, .T.);
#5175 = ORIENTED_EDGE('', *, *, #5043, .F.);
#5176 = (
   BOUNDED_SURFACE ()
   B_SPLINE_SURFACE (2, 1, ((#5177, #5178), (#5179, #5180), (#5181, #5182), (#5183, #5184), (#5185, #5186), (#5187, #5188), (#5189, #5190), (#5191, #5192), (#5193, #5194)), .UNSPECIFIED., .T., .F., .U.)
   B_SPLINE_SURFACE_WITH_KNOTS ((3, 2, 2, 2, 3), (2, 2), (0., 17.5929188601028, 35.1858377202057, 52.7787565803085, 70.3716754404114), (-1.14, 6.14), .UNSPECIFIED.)
   GEOMETRIC_REPRESENTATION_ITEM ()
   RATIONAL_B_SPLINE_SURFACE (((1., 1.), (0.707106781186548, 0.707106781186548), (1., 1.), (0.707106781186548, 0.707106781186548), (1., 1.), (0.707106781186548, 0.707106781186548), (1., 1.), (0.707106781186548, 0.707106781186548), (1., 1.)))
   REPRESENTATION_ITEM ('')
   SURFACE ()
);
#5177 = CARTESIAN_POINT('', (-2.14, 12.5, 24.25));
#5178 = CARTESIAN_POINT('', (5.14, 12.5, 24.25));
#5179 = CARTESIAN_POINT('', (-2.14, 1.3, 24.25));
#5180 = CARTESIAN_POINT('', (5.14, 1.3, 24.25));
#5181 = CARTESIAN_POINT('', (-2.14, 1.3, 13.05));
#5182 = CARTESIAN_POINT('', (5.14, 1.3, 13.05));
#5183 = CARTESIAN_POINT('', (-2.14, 1.3, 1.85));
#5184 = CARTESIAN_POINT('', (5.14, 1.3, 1.85));
#5185 = CARTESIAN_POINT('', (-2.14, 12.5, 1.85));
#5186 = CARTESIAN_POINT('', (5.14, 12.5, 1.85));
#5187 = CARTESIAN_POINT('', (-2.14, 23.7, 1.85));
#5188 = CARTESIAN_POINT('', (5.14, 23.7, 1.85));
#5189 = CARTESIAN_POINT('', (-2.14, 23.7, 13.05));
#5190 = CARTESIAN_POINT('', (5.14, 23.7, 13.05));
#5191 = CARTESIAN_POINT('', (-2.14, 23.7, 24.25));
#5192 = CARTESIAN_POINT('', (5.14, 23.7, 24.25));
#5193 = CARTESIAN_POINT('', (-2.14, 12.5, 24.25));
#5194 = CARTESIAN_POINT('', (5.14, 12.5, 24.25));
#5195 = ADVANCED_FACE('', (#5196), #5212, .F.);
#5196 = FACE_OUTER_BOUND('', #5197, .F.);
#5197 = EDGE_LOOP('', (#5198, #5199, #5206, #5211));
#5198 = ORIENTED_EDGE('', *, *, #1318, .T.);
#5199 = ORIENTED_EDGE('', *, *, #5200, .T.);
#5200 = EDGE_CURVE('', #1312, #5201, #5203, .T.);
#5201 = VERTEX_POINT('', #5202);
#5202 = CARTESIAN_POINT('', (2.1, 1.6, 2.1));
#5203 = B_SPLINE_CURVE_WITH_KNOTS('', 1, (#5204, #5205), .UNSPECIFIED., .F., .U., (2, 2), (0., 1.), .UNSPECIFIED.);
#5204 = CARTESIAN_POINT('', (2.30710678118655, 2.1, 1.6));
#5205 = CARTESIAN_POINT('', (2.1, 1.6, 2.1));
#5206 = ORIENTED_EDGE('', *, *, #5207, .F.);
#5207 = EDGE_CURVE('', #5001, #5201, #5208, .T.);
#5208 = B_SPLINE_CURVE_WITH_KNOTS('', 1, (#5209, #5210), .UNSPECIFIED., .F., .U., (2, 2), (0., 1.), .UNSPECIFIED.);
#5209 = CARTESIAN_POINT('', (1.6, 2.1, 2.1));
#5210 = CARTESIAN_POINT('', (2.1, 1.6, 2.1));
#5211 = ORIENTED_EDGE('', *, *, #5036, .F.);
#5212 = B_SPLINE_SURFACE_WITH_KNOTS('', 1, 1, ((#5213, #5214), (#5215, #5216)), .UNSPECIFIED., .F., .F., .U., (2, 2), (2, 2), (0., 1.), (0., 1.), .UNSPECIFIED.);
#5213 = CARTESIAN_POINT('', (2.1, 2.30710678118655, 1.6));
#5214 = CARTESIAN_POINT('', (1.6, 2.1, 2.1));
#5215 = CARTESIAN_POINT('', (2.30710678118655, 2.1, 1.6));
#5216 = CARTESIAN_POINT('', (2.1, 1.6, 2.1));
#5217 = ADVANCED_FACE('', (#5218), #5236, .F.);
#5218 = FACE_OUTER_BOUND('', #5219, .F.);
#5219 = EDGE_LOOP('', (#5220, #5228, #5229, #5230, #5231));
#5220 = ORIENTED_EDGE('', *, *, #5221, .T.);
#5221 = EDGE_CURVE('', #5222, #4977, #5224, .T.);
#5222 = VERTEX_POINT('', #5223);
#5223 = CARTESIAN_POINT('', (2.1, 1.6, 10.4751213620833));
#5224 = (
   BOUNDED_CURVE ()
   B_SPLINE_CURVE (2, (#5225, #5226, #5227), .UNSPECIFIED., .F., .U.)
   B_SPLINE_CURVE_WITH_KNOTS ((3, 3), (0., 1.), .UNSPECIFIED.)
   CURVE ()
   GEOMETRIC_REPRESENTATION_ITEM ()
   RATIONAL_B_SPLINE_CURVE ((1., 0.997253022133767, 1.))
   REPRESENTATION_ITEM ('')
);
#5225 = CARTESIAN_POINT('', (2.1, 1.6, 10.4751213620833));
#5226 = CARTESIAN_POINT('', (1.90875260572444, 1.79124739427556, 9.66553112862272));
#5227 = CARTESIAN_POINT('', (1.6, 2.1, 8.8930780618347));
#5228 = ORIENTED_EDGE('', *, *, #4986, .F.);
#5229 = ORIENTED_EDGE('', *, *, #5007, .F.);
#5230 = ORIENTED_EDGE('', *, *, #5207, .T.);
#5231 = ORIENTED_EDGE('', *, *, #5232, .T.);
#5232 = EDGE_CURVE('', #5201, #5222, #5233, .T.);
#5233 = B_SPLINE_CURVE_WITH_KNOTS('', 1, (#5234, #5235), .UNSPECIFIED., .F., .U., (2, 2), (0., 0.373889346521574), .UNSPECIFIED.);
#5234 = CARTESIAN_POINT('', (2.1, 1.6, 2.1));
#5235 = CARTESIAN_POINT('', (2.1, 1.6, 10.4751213620833));
#5236 = B_SPLINE_SURFACE_WITH_KNOTS('', 1, 1, ((#5237, #5238), (#5239, #5240)), .UNSPECIFIED., .F., .F., .U., (2, 2), (2, 2), (0., 1.), (0., 1.), .UNSPECIFIED.);
#5237 = CARTESIAN_POINT('', (1.6, 2.1, 2.1));
#5238 = CARTESIAN_POINT('', (1.6, 2.1, 24.5));
#5239 = CARTESIAN_POINT('', (2.1, 1.6, 2.1));
#5240 = CARTESIAN_POINT('', (2.1, 1.6, 24.5));
#5241 = ADVANCED_FACE('', (#5242), #5309, .F.);
#5242 = FACE_OUTER_BOUND('', #5243, .F.);
#5243 = EDGE_LOOP('', (#5244, #5254, #5261, #5269, #5276, #5286, #5293, #5301, #5302, #5303, #5304));
#5244 = ORIENTED_EDGE('', *, *, #5245, .F.);
#5245 = EDGE_CURVE('', #5246, #5248, #5250, .T.);
#5246 = VERTEX_POINT('', #5247);
#5247 = CARTESIAN_POINT('', (4., 1.6, 15.6248786379167));
#5248 = VERTEX_POINT('', #5249);
#5249 = CARTESIAN_POINT('', (4., 1.6, 10.4751213620833));
#5250 = (
   BOUNDED_CURVE ()
   B_SPLINE_CURVE (2, (#5251, #5252, #5253), .UNSPECIFIED., .F., .U.)
   B_SPLINE_CURVE_WITH_KNOTS ((3, 3), (0.265304887072564, 0.734695112927436), .UNSPECIFIED.)
   CURVE ()
   GEOMETRIC_REPRESENTATION_ITEM ()
   RATIONAL_B_SPLINE_CURVE ((0.95475113122172, 0.929177440206852, 0.95475113122172))
   REPRESENTATION_ITEM ('')
);
#5251 = CARTESIAN_POINT('', (4., 1.6, 15.6248786379167));
#5252 = CARTESIAN_POINT('', (4., 0.991743119266057, 13.05));
#5253 = CARTESIAN_POINT('', (4., 1.6, 10.4751213620833));
#5254 = ORIENTED_EDGE('', *, *, #5255, .F.);
#5255 = EDGE_CURVE('', #5256, #5246, #5258, .T.);
#5256 = VERTEX_POINT('', #5257);
#5257 = CARTESIAN_POINT('', (2.3, 1.6, 15.6248786379167));
#5258 = B_SPLINE_CURVE_WITH_KNOTS('', 1, (#5259, #5260), .UNSPECIFIED., .F., .U., (2, 2), (0.105263157894737, 1.), .UNSPECIFIED.);
#5259 = CARTESIAN_POINT('', (2.3, 1.6, 15.6248786379167));
#5260 = CARTESIAN_POINT('', (4., 1.6, 15.6248786379167));
#5261 = ORIENTED_EDGE('', *, *, #5262, .T.);
#5262 = EDGE_CURVE('', #5256, #5263, #5265, .T.);
#5263 = VERTEX_POINT('', #5264);
#5264 = CARTESIAN_POINT('', (2.3, 1.3, 13.05));
#5265 = (
   BOUNDED_CURVE ()
   B_SPLINE_CURVE (2, (#5266, #5267, #5268), .UNSPECIFIED., .F., .U.)
   B_SPLINE_CURVE_WITH_KNOTS ((3, 3), (0.824489447360808, 1.), .UNSPECIFIED.)
   CURVE ()
   GEOMETRIC_REPRESENTATION_ITEM ()
   RATIONAL_B_SPLINE_CURVE ((0.933654422950062, 0.959765660274785, 1.))
   REPRESENTATION_ITEM ('')
);
#5266 = CARTESIAN_POINT('', (2.3, 1.6, 15.6248786379167));
#5267 = CARTESIAN_POINT('', (2.3, 1.3, 14.3549158707994));
#5268 = CARTESIAN_POINT('', (2.3, 1.3, 13.05));
#5269 = ORIENTED_EDGE('', *, *, #5270, .F.);
#5270 = EDGE_CURVE('', #5271, #5263, #5273, .T.);
#5271 = VERTEX_POINT('', #5272);
#5272 = CARTESIAN_POINT('', (-0.9, 1.3, 13.05));
#5273 = B_SPLINE_CURVE_WITH_KNOTS('', 1, (#5274, #5275), .UNSPECIFIED., .F., .U., (2, 2), (0.17032967032967, 0.60989010989011), .UNSPECIFIED.);
#5274 = CARTESIAN_POINT('', (-0.9, 1.3, 13.05));
#5275 = CARTESIAN_POINT('', (2.3, 1.3, 13.05));
#5276 = ORIENTED_EDGE('', *, *, #5277, .T.);
#5277 = EDGE_CURVE('', #5271, #5278, #5280, .T.);
#5278 = VERTEX_POINT('', #5279);
#5279 = CARTESIAN_POINT('', (-0.9, 23.7, 13.05));
#5280 = (
   BOUNDED_CURVE ()
   B_SPLINE_CURVE (2, (#5281, #5282, #5283, #5284, #5285), .UNSPECIFIED., .F., .U.)
   B_SPLINE_CURVE_WITH_KNOTS ((3, 2, 3), (0.25, 0.5, 0.75), .UNSPECIFIED.)
   CURVE ()
   GEOMETRIC_REPRESENTATION_ITEM ()
   RATIONAL_B_SPLINE_CURVE ((1., 0.707106781186548, 1., 0.707106781186548, 1.))
   REPRESENTATION_ITEM ('')
);
#5281 = CARTESIAN_POINT('', (-0.9, 1.3, 13.05));
#5282 = CARTESIAN_POINT('', (-0.9, 1.3, 1.85));
#5283 = CARTESIAN_POINT('', (-0.9, 12.5, 1.85));
#5284 = CARTESIAN_POINT('', (-0.9, 23.7, 1.85));
#5285 = CARTESIAN_POINT('', (-0.9, 23.7, 13.05));
#5286 = ORIENTED_EDGE('', *, *, #5287, .T.);
#5287 = EDGE_CURVE('', #5278, #5288, #5290, .T.);
#5288 = VERTEX_POINT('', #5289);
#5289 = CARTESIAN_POINT('', (1.2, 23.7, 13.05));
#5290 = B_SPLINE_CURVE_WITH_KNOTS('', 1, (#5291, #5292), .UNSPECIFIED., .F., .U., (2, 2), (0.17032967032967, 0.458791208791209), .UNSPECIFIED.);
#5291 = CARTESIAN_POINT('', (-0.9, 23.7, 13.05));
#5292 = CARTESIAN_POINT('', (1.2, 23.7, 13.05));
#5293 = ORIENTED_EDGE('', *, *, #5294, .F.);
#5294 = EDGE_CURVE('', #4949, #5288, #5295, .T.);
#5295 = (
   BOUNDED_CURVE ()
   B_SPLINE_CURVE (2, (#5296, #5297, #5298, #5299, #5300), .UNSPECIFIED., .F., .U.)
   B_SPLINE_CURVE_WITH_KNOTS ((3, 2, 3), (0., 0.333333333333333, 0.647967354588075), .UNSPECIFIED.)
   CURVE ()
   GEOMETRIC_REPRESENTATION_ITEM ()
   RATIONAL_B_SPLINE_CURVE ((1., 0.733910042731996, 1., 0.748837140187797, 0.971820563810921))
   REPRESENTATION_ITEM ('')
);
#5296 = CARTESIAN_POINT('', (1.2, 1.6, 10.4751213620833));
#5297 = CARTESIAN_POINT('', (1.2, 3.98309555459303, 0.386979279363504));
#5298 = CARTESIAN_POINT('', (1.2, 14.2251825576679, 1.98366613811428));
#5299 = CARTESIAN_POINT('', (1.2, 23.7, 3.46073975550228));
#5300 = CARTESIAN_POINT('', (1.2, 23.7, 13.05));
#5301 = ORIENTED_EDGE('', *, *, #4948, .T.);
#5302 = ORIENTED_EDGE('', *, *, #4976, .T.);
#5303 = ORIENTED_EDGE('', *, *, #5221, .F.);
#5304 = ORIENTED_EDGE('', *, *, #5305, .T.);
#5305 = EDGE_CURVE('', #5222, #5248, #5306, .T.);
#5306 = B_SPLINE_CURVE_WITH_KNOTS('', 1, (#5307, #5308), .UNSPECIFIED., .F., .U., (2, 2), (0., 1.), .UNSPECIFIED.);
#5307 = CARTESIAN_POINT('', (2.1, 1.6, 10.4751213620833));
#5308 = CARTESIAN_POINT('', (4., 1.6, 10.4751213620833));
#5309 = (
   BOUNDED_SURFACE ()
   B_SPLINE_SURFACE (2, 1, ((#5310, #5311), (#5312, #5313), (#5314, #5315), (#5316, #5317), (#5318, #5319), (#5320, #5321), (#5322, #5323), (#5324, #5325), (#5326, #5327)), .UNSPECIFIED., .T., .F., .U.)
   B_SPLINE_SURFACE_WITH_KNOTS ((3, 2, 2, 2, 3), (2, 2), (0., 17.5929188601028, 35.1858377202057, 52.7787565803085, 70.3716754404114), (-1.14, 6.14), .UNSPECIFIED.)
   GEOMETRIC_REPRESENTATION_ITEM ()
   RATIONAL_B_SPLINE_SURFACE (((1., 1.), (0.707106781186548, 0.707106781186548), (1., 1.), (0.707106781186548, 0.707106781186548), (1., 1.), (0.707106781186548, 0.707106781186548), (1., 1.), (0.707106781186548, 0.707106781186548), (1., 1.)))
   REPRESENTATION_ITEM ('')
   SURFACE ()
);
#5310 = CARTESIAN_POINT('', (-2.14, 12.5, 24.25));
#5311 = CARTESIAN_POINT('', (5.14, 12.5, 24.25));
#5312 = CARTESIAN_POINT('', (-2.14, 1.3, 24.25));
#5313 = CARTESIAN_POINT('', (5.14, 1.3, 24.25));
#5314 = CARTESIAN_POINT('', (-2.14, 1.3, 13.05));
#5315 = CARTESIAN_POINT('', (5.14, 1.3, 13.05));
#5316 = CARTESIAN_POINT('', (-2.14, 1.3, 1.85));
#5317 = CARTESIAN_POINT('', (5.14, 1.3, 1.85));
#5318 = CARTESIAN_POINT('', (-2.14, 12.5, 1.85));
#5319 = CARTESIAN_POINT('', (5.14, 12.5, 1.85));
#5320 = CARTESIAN_POINT('', (-2.14, 23.7, 1.85));
#5321 = CARTESIAN_POINT('', (5.14, 23.7, 1.85));
#5322 = CARTESIAN_POINT('', (-2.14, 23.7, 13.05));
#5323 = CARTESIAN_POINT('', (5.14, 23.7, 13.05));
#5324 = CARTESIAN_POINT('', (-2.14, 23.7, 24.25));
#5325 = CARTESIAN_POINT('', (5.14, 23.7, 24.25));
#5326 = CARTESIAN_POINT('', (-2.14, 12.5, 24.25));
#5327 = CARTESIAN_POINT('', (5.14, 12.5, 24.25));
#5328 = ADVANCED_FACE('', (#5329), #5359, .F.);
#5329 = FACE_OUTER_BOUND('', #5330, .F.);
#5330 = EDGE_LOOP('', (#5331, #5338, #5339, #5340, #5347, #5354));
#5331 = ORIENTED_EDGE('', *, *, #5332, .F.);
#5332 = EDGE_CURVE('', #5248, #5333, #5335, .T.);
#5333 = VERTEX_POINT('', #5334);
#5334 = CARTESIAN_POINT('', (4., 1.6, 7.6));
#5335 = B_SPLINE_CURVE_WITH_KNOTS('', 1, (#5336, #5337), .UNSPECIFIED., .F., .U., (2, 2), (0.563795762391497, 0.713541666666666), .UNSPECIFIED.);
#5336 = CARTESIAN_POINT('', (4., 1.6, 10.4751213620833));
#5337 = CARTESIAN_POINT('', (4., 1.6, 7.6));
#5338 = ORIENTED_EDGE('', *, *, #5305, .F.);
#5339 = ORIENTED_EDGE('', *, *, #5232, .F.);
#5340 = ORIENTED_EDGE('', *, *, #5341, .T.);
#5341 = EDGE_CURVE('', #5201, #5342, #5344, .T.);
#5342 = VERTEX_POINT('', #5343);
#5343 = CARTESIAN_POINT('', (3., 1.6, 2.1));
#5344 = B_SPLINE_CURVE_WITH_KNOTS('', 1, (#5345, #5346), .UNSPECIFIED., .F., .U., (2, 2), (0., 0.0176817288801572), .UNSPECIFIED.);
#5345 = CARTESIAN_POINT('', (2.1, 1.6, 2.1));
#5346 = CARTESIAN_POINT('', (3., 1.6, 2.1));
#5347 = ORIENTED_EDGE('', *, *, #5348, .F.);
#5348 = EDGE_CURVE('', #5349, #5342, #5351, .T.);
#5349 = VERTEX_POINT('', #5350);
#5350 = CARTESIAN_POINT('', (3., 1.6, 7.6));
#5351 = B_SPLINE_CURVE_WITH_KNOTS('', 1, (#5352, #5353), .UNSPECIFIED., .F., .U., (2, 2), (0., 1.), .UNSPECIFIED.);
#5352 = CARTESIAN_POINT('', (3., 1.6, 7.6));
#5353 = CARTESIAN_POINT('', (3., 1.6, 2.1));
#5354 = ORIENTED_EDGE('', *, *, #5355, .F.);
#5355 = EDGE_CURVE('', #5333, #5349, #5356, .T.);
#5356 = B_SPLINE_CURVE_WITH_KNOTS('', 1, (#5357, #5358), .UNSPECIFIED., .F., .U., (2, 2), (0.913381010301577, 0.958969952248116), .UNSPECIFIED.);
#5357 = CARTESIAN_POINT('', (4., 1.6, 7.6));
#5358 = CARTESIAN_POINT('', (3., 1.6, 7.6));
#5359 = B_SPLINE_SURFACE_WITH_KNOTS('', 1, 1, ((#5360, #5361), (#5362, #5363)), .UNSPECIFIED., .F., .F., .U., (2, 2), (2, 2), (0., 1.68958742632613), (0., 1.40178571428571), .UNSPECIFIED.);
#5360 = CARTESIAN_POINT('', (2.1, 1.6, 2.1));
#5361 = CARTESIAN_POINT('', (2.1, 1.6, 33.5));
#5362 = CARTESIAN_POINT('', (88.1, 1.6, 2.1));
#5363 = CARTESIAN_POINT('', (88.1, 1.6, 33.5));
#5364 = ADVANCED_FACE('', (#5365), #5388, .T.);
#5365 = FACE_OUTER_BOUND('', #5366, .T.);
#5366 = EDGE_LOOP('', (#5367, #5368, #5375, #5380, #5381));
#5367 = ORIENTED_EDGE('', *, *, #5348, .F.);
#5368 = ORIENTED_EDGE('', *, *, #5369, .F.);
#5369 = EDGE_CURVE('', #5370, #5349, #5372, .T.);
#5370 = VERTEX_POINT('', #5371);
#5371 = CARTESIAN_POINT('', (3., 2.25, 7.6));
#5372 = B_SPLINE_CURVE_WITH_KNOTS('', 1, (#5373, #5374), .UNSPECIFIED., .F., .U., (2, 2), (0., 0.40625), .UNSPECIFIED.);
#5373 = CARTESIAN_POINT('', (3., 2.25, 7.6));
#5374 = CARTESIAN_POINT('', (3., 1.6, 7.6));
#5375 = ORIENTED_EDGE('', *, *, #5376, .F.);
#5376 = EDGE_CURVE('', #1298, #5370, #5377, .T.);
#5377 = B_SPLINE_CURVE_WITH_KNOTS('', 1, (#5378, #5379), .UNSPECIFIED., .F., .U., (2, 2), (0., 1.), .UNSPECIFIED.);
#5378 = CARTESIAN_POINT('', (3., 2.25, 1.6));
#5379 = CARTESIAN_POINT('', (3., 2.25, 7.6));
#5380 = ORIENTED_EDGE('', *, *, #1304, .F.);
#5381 = ORIENTED_EDGE('', *, *, #5382, .T.);
#5382 = EDGE_CURVE('', #1305, #5342, #5383, .T.);
#5383 = B_SPLINE_CURVE_WITH_KNOTS('', 3, (#5384, #5385, #5386, #5387), .UNSPECIFIED., .F., .U., (4, 4), (0., 0.707106781186548), .UNSPECIFIED.);
#5384 = CARTESIAN_POINT('', (3., 2.1, 1.6));
#5385 = CARTESIAN_POINT('', (3., 1.93333333333333, 1.76666666666667));
#5386 = CARTESIAN_POINT('', (3., 1.76666666666667, 1.93333333333333));
#5387 = CARTESIAN_POINT('', (3., 1.6, 2.1));
#5388 = B_SPLINE_SURFACE_WITH_KNOTS('', 1, 1, ((#5389, #5390), (#5391, #5392)), .UNSPECIFIED., .F., .F., .U., (2, 2), (2, 2), (0., 1.), (0., 1.), .UNSPECIFIED.);
#5389 = CARTESIAN_POINT('', (3., 2.25, 1.6));
#5390 = CARTESIAN_POINT('', (3., 2.25, 7.6));
#5391 = CARTESIAN_POINT('', (3., 0.65, 1.6));
#5392 = CARTESIAN_POINT('', (3., 0.65, 7.6));
#5393 = ADVANCED_FACE('', (#5394), #5410, .T.);
#5394 = FACE_OUTER_BOUND('', #5395, .T.);
#5395 = EDGE_LOOP('', (#5396, #5403, #5404, #5405));
#5396 = ORIENTED_EDGE('', *, *, #5397, .F.);
#5397 = EDGE_CURVE('', #1291, #5398, #5400, .T.);
#5398 = VERTEX_POINT('', #5399);
#5399 = CARTESIAN_POINT('', (4., 2.25, 7.6));
#5400 = B_SPLINE_CURVE_WITH_KNOTS('', 1, (#5401, #5402), .UNSPECIFIED., .F., .U., (2, 2), (0., 1.), .UNSPECIFIED.);
#5401 = CARTESIAN_POINT('', (4., 2.25, 1.6));
#5402 = CARTESIAN_POINT('', (4., 2.25, 7.6));
#5403 = ORIENTED_EDGE('', *, *, #1297, .F.);
#5404 = ORIENTED_EDGE('', *, *, #5376, .T.);
#5405 = ORIENTED_EDGE('', *, *, #5406, .F.);
#5406 = EDGE_CURVE('', #5398, #5370, #5407, .T.);
#5407 = B_SPLINE_CURVE_WITH_KNOTS('', 1, (#5408, #5409), .UNSPECIFIED., .F., .U., (2, 2), (0.95, 1.), .UNSPECIFIED.);
#5408 = CARTESIAN_POINT('', (4., 2.25, 7.6));
#5409 = CARTESIAN_POINT('', (3., 2.25, 7.6));
#5410 = B_SPLINE_SURFACE_WITH_KNOTS('', 1, 1, ((#5411, #5412), (#5413, #5414)), .UNSPECIFIED., .F., .F., .U., (2, 2), (2, 2), (0., 1.), (0., 1.), .UNSPECIFIED.);
#5411 = CARTESIAN_POINT('', (23., 2.25, 1.6));
#5412 = CARTESIAN_POINT('', (23., 2.25, 7.6));
#5413 = CARTESIAN_POINT('', (3., 2.25, 1.6));
#5414 = CARTESIAN_POINT('', (3., 2.25, 7.6));
#5415 = ADVANCED_FACE('', (#5416), #5460, .T.);
#5416 = FACE_OUTER_BOUND('', #5417, .T.);
#5417 = EDGE_LOOP('', (#5418, #5427, #5434, #5439, #5440, #5441, #5446, #5447, #5448, #5455));
#5418 = ORIENTED_EDGE('', *, *, #5419, .F.);
#5419 = EDGE_CURVE('', #5420, #5422, #5424, .T.);
#5420 = VERTEX_POINT('', #5421);
#5421 = CARTESIAN_POINT('', (4., 2.6, 2.8));
#5422 = VERTEX_POINT('', #5423);
#5423 = CARTESIAN_POINT('', (4., 2.6, 21.3));
#5424 = B_SPLINE_CURVE_WITH_KNOTS('', 1, (#5425, #5426), .UNSPECIFIED., .F., .U., (2, 2), (0.0609137055837564, 1.), .UNSPECIFIED.);
#5425 = CARTESIAN_POINT('', (4., 2.6, 2.8));
#5426 = CARTESIAN_POINT('', (4., 2.6, 21.3));
#5427 = ORIENTED_EDGE('', *, *, #5428, .F.);
#5428 = EDGE_CURVE('', #5429, #5420, #5431, .T.);
#5429 = VERTEX_POINT('', #5430);
#5430 = CARTESIAN_POINT('', (4., 5.5, 2.8));
#5431 = B_SPLINE_CURVE_WITH_KNOTS('', 1, (#5432, #5433), .UNSPECIFIED., .F., .U., (2, 2), (0., 0.966666666666667), .UNSPECIFIED.);
#5432 = CARTESIAN_POINT('', (4., 5.5, 2.8));
#5433 = CARTESIAN_POINT('', (4., 2.6, 2.8));
#5434 = ORIENTED_EDGE('', *, *, #5435, .F.);
#5435 = EDGE_CURVE('', #1284, #5429, #5436, .T.);
#5436 = B_SPLINE_CURVE_WITH_KNOTS('', 1, (#5437, #5438), .UNSPECIFIED., .F., .U., (2, 2), (0.0400000000000002, 1.), .UNSPECIFIED.);
#5437 = CARTESIAN_POINT('', (4., 5.5, 1.6));
#5438 = CARTESIAN_POINT('', (4., 5.5, 2.8));
#5439 = ORIENTED_EDGE('', *, *, #1290, .F.);
#5440 = ORIENTED_EDGE('', *, *, #5397, .T.);
#5441 = ORIENTED_EDGE('', *, *, #5442, .T.);
#5442 = EDGE_CURVE('', #5398, #5333, #5443, .T.);
#5443 = B_SPLINE_CURVE_WITH_KNOTS('', 1, (#5444, #5445), .UNSPECIFIED., .F., .U., (2, 2), (0., 1.), .UNSPECIFIED.);
#5444 = CARTESIAN_POINT('', (4., 2.25000000000001, 7.6));
#5445 = CARTESIAN_POINT('', (4., 1.6, 7.6));
#5446 = ORIENTED_EDGE('', *, *, #5332, .F.);
#5447 = ORIENTED_EDGE('', *, *, #5245, .F.);
#5448 = ORIENTED_EDGE('', *, *, #5449, .F.);
#5449 = EDGE_CURVE('', #5450, #5246, #5452, .T.);
#5450 = VERTEX_POINT('', #5451);
#5451 = CARTESIAN_POINT('', (4., 1.6, 21.3));
#5452 = B_SPLINE_CURVE_WITH_KNOTS('', 1, (#5453, #5454), .UNSPECIFIED., .F., .U., (2, 2), (0., 0.295579237608503), .UNSPECIFIED.);
#5453 = CARTESIAN_POINT('', (4., 1.6, 21.3));
#5454 = CARTESIAN_POINT('', (4., 1.6, 15.6248786379167));
#5455 = ORIENTED_EDGE('', *, *, #5456, .F.);
#5456 = EDGE_CURVE('', #5422, #5450, #5457, .T.);
#5457 = B_SPLINE_CURVE_WITH_KNOTS('', 1, (#5458, #5459), .UNSPECIFIED., .F., .U., (2, 2), (0., 0.512820512820513), .UNSPECIFIED.);
#5458 = CARTESIAN_POINT('', (4., 2.6, 21.3));
#5459 = CARTESIAN_POINT('', (4., 1.6, 21.3));
#5460 = B_SPLINE_SURFACE_WITH_KNOTS('', 1, 1, ((#5461, #5462), (#5463, #5464)), .UNSPECIFIED., .F., .F., .U., (2, 2), (2, 2), (-1.48717948717949, 1.), (-0.00253807106598985, 1.), .UNSPECIFIED.);
#5461 = CARTESIAN_POINT('', (4., 5.5, 1.55));
#5462 = CARTESIAN_POINT('', (4., 5.5, 21.3));
#5463 = CARTESIAN_POINT('', (4., 0.65, 1.55));
#5464 = CARTESIAN_POINT('', (4., 0.65, 21.3));
#5465 = ADVANCED_FACE('', (#5466), #5482, .T.);
#5466 = FACE_OUTER_BOUND('', #5467, .T.);
#5467 = EDGE_LOOP('', (#5468, #5469, #5470, #5477));
#5468 = ORIENTED_EDGE('', *, *, #1283, .F.);
#5469 = ORIENTED_EDGE('', *, *, #5435, .T.);
#5470 = ORIENTED_EDGE('', *, *, #5471, .F.);
#5471 = EDGE_CURVE('', #5472, #5429, #5474, .T.);
#5472 = VERTEX_POINT('', #5473);
#5473 = CARTESIAN_POINT('', (22., 5.5, 2.8));
#5474 = B_SPLINE_CURVE_WITH_KNOTS('', 1, (#5475, #5476), .UNSPECIFIED., .F., .U., (2, 2), (0., 1.), .UNSPECIFIED.);
#5475 = CARTESIAN_POINT('', (22., 5.5, 2.8));
#5476 = CARTESIAN_POINT('', (4., 5.5, 2.8));
#5477 = ORIENTED_EDGE('', *, *, #5478, .F.);
#5478 = EDGE_CURVE('', #1277, #5472, #5479, .T.);
#5479 = B_SPLINE_CURVE_WITH_KNOTS('', 1, (#5480, #5481), .UNSPECIFIED., .F., .U., (2, 2), (0.04, 1.), .UNSPECIFIED.);
#5480 = CARTESIAN_POINT('', (22., 5.5, 1.6));
#5481 = CARTESIAN_POINT('', (22., 5.5, 2.8));
#5482 = B_SPLINE_SURFACE_WITH_KNOTS('', 1, 1, ((#5483, #5484), (#5485, #5486)), .UNSPECIFIED., .F., .F., .U., (2, 2), (2, 2), (0., 1.), (0., 1.), .UNSPECIFIED.);
#5483 = CARTESIAN_POINT('', (22., 5.5, 1.55));
#5484 = CARTESIAN_POINT('', (22., 5.5, 2.8));
#5485 = CARTESIAN_POINT('', (4., 5.5, 1.55));
#5486 = CARTESIAN_POINT('', (4., 5.5, 2.8));
#5487 = ADVANCED_FACE('', (#5488), #5546, .T.);
#5488 = FACE_OUTER_BOUND('', #5489, .T.);
#5489 = EDGE_LOOP('', (#5490, #5499, #5506, #5513, #5520, #5525, #5526, #5527, #5534, #5541));
#5490 = ORIENTED_EDGE('', *, *, #5491, .F.);
#5491 = EDGE_CURVE('', #5492, #5494, #5496, .T.);
#5492 = VERTEX_POINT('', #5493);
#5493 = CARTESIAN_POINT('', (17., 2.6, 2.8));
#5494 = VERTEX_POINT('', #5495);
#5495 = CARTESIAN_POINT('', (17., 2.5, 2.8));
#5496 = B_SPLINE_CURVE_WITH_KNOTS('', 1, (#5497, #5498), .UNSPECIFIED., .F., .U., (2, 2), (0., 1.), .UNSPECIFIED.);
#5497 = CARTESIAN_POINT('', (17., 2.6, 2.8));
#5498 = CARTESIAN_POINT('', (17., 2.49999999999999, 2.8));
#5499 = ORIENTED_EDGE('', *, *, #5500, .F.);
#5500 = EDGE_CURVE('', #5501, #5492, #5503, .T.);
#5501 = VERTEX_POINT('', #5502);
#5502 = CARTESIAN_POINT('', (20., 2.6, 2.8));
#5503 = B_SPLINE_CURVE_WITH_KNOTS('', 1, (#5504, #5505), .UNSPECIFIED., .F., .U., (2, 2), (0., 1.), .UNSPECIFIED.);
#5504 = CARTESIAN_POINT('', (20., 2.6, 2.8));
#5505 = CARTESIAN_POINT('', (17., 2.6, 2.8));
#5506 = ORIENTED_EDGE('', *, *, #5507, .F.);
#5507 = EDGE_CURVE('', #5508, #5501, #5510, .T.);
#5508 = VERTEX_POINT('', #5509);
#5509 = CARTESIAN_POINT('', (20., 2.5, 2.8));
#5510 = B_SPLINE_CURVE_WITH_KNOTS('', 1, (#5511, #5512), .UNSPECIFIED., .F., .U., (2, 2), (0., 1.), .UNSPECIFIED.);
#5511 = CARTESIAN_POINT('', (20., 2.5, 2.8));
#5512 = CARTESIAN_POINT('', (20., 2.6, 2.8));
#5513 = ORIENTED_EDGE('', *, *, #5514, .T.);
#5514 = EDGE_CURVE('', #5508, #5515, #5517, .T.);
#5515 = VERTEX_POINT('', #5516);
#5516 = CARTESIAN_POINT('', (22., 2.5, 2.8));
#5517 = B_SPLINE_CURVE_WITH_KNOTS('', 1, (#5518, #5519), .UNSPECIFIED., .F., .U., (2, 2), (0.888888888888889, 1.), .UNSPECIFIED.);
#5518 = CARTESIAN_POINT('', (20., 2.5, 2.8));
#5519 = CARTESIAN_POINT('', (22., 2.5, 2.8));
#5520 = ORIENTED_EDGE('', *, *, #5521, .T.);
#5521 = EDGE_CURVE('', #5515, #5472, #5522, .T.);
#5522 = B_SPLINE_CURVE_WITH_KNOTS('', 1, (#5523, #5524), .UNSPECIFIED., .F., .U., (2, 2), (0., 1.), .UNSPECIFIED.);
#5523 = CARTESIAN_POINT('', (22., 2.5, 2.8));
#5524 = CARTESIAN_POINT('', (22., 5.5, 2.8));
#5525 = ORIENTED_EDGE('', *, *, #5471, .T.);
#5526 = ORIENTED_EDGE('', *, *, #5428, .T.);
#5527 = ORIENTED_EDGE('', *, *, #5528, .F.);
#5528 = EDGE_CURVE('', #5529, #5420, #5531, .T.);
#5529 = VERTEX_POINT('', #5530);
#5530 = CARTESIAN_POINT('', (7., 2.6, 2.8));
#5531 = B_SPLINE_CURVE_WITH_KNOTS('', 1, (#5532, #5533), .UNSPECIFIED., .F., .U., (2, 2), (0., 1.), .UNSPECIFIED.);
#5532 = CARTESIAN_POINT('', (7., 2.6, 2.8));
#5533 = CARTESIAN_POINT('', (4., 2.6, 2.8));
#5534 = ORIENTED_EDGE('', *, *, #5535, .F.);
#5535 = EDGE_CURVE('', #5536, #5529, #5538, .T.);
#5536 = VERTEX_POINT('', #5537);
#5537 = CARTESIAN_POINT('', (7., 2.5, 2.8));
#5538 = B_SPLINE_CURVE_WITH_KNOTS('', 1, (#5539, #5540), .UNSPECIFIED., .F., .U., (2, 2), (0.948717948717949, 1.), .UNSPECIFIED.);
#5539 = CARTESIAN_POINT('', (7., 2.5, 2.8));
#5540 = CARTESIAN_POINT('', (7., 2.6, 2.8));
#5541 = ORIENTED_EDGE('', *, *, #5542, .T.);
#5542 = EDGE_CURVE('', #5536, #5494, #5543, .T.);
#5543 = B_SPLINE_CURVE_WITH_KNOTS('', 1, (#5544, #5545), .UNSPECIFIED., .F., .U., (2, 2), (0.166666666666667, 0.722222222222222), .UNSPECIFIED.);
#5544 = CARTESIAN_POINT('', (7., 2.5, 2.8));
#5545 = CARTESIAN_POINT('', (17., 2.5, 2.8));
#5546 = B_SPLINE_SURFACE_WITH_KNOTS('', 1, 1, ((#5547, #5548), (#5549, #5550)), .UNSPECIFIED., .F., .F., .U., (2, 2), (2, 2), (0., 1.), (0., 1.), .UNSPECIFIED.);
#5547 = CARTESIAN_POINT('', (23.0365581749921, -6.03655817499206, 2.8));
#5548 = CARTESIAN_POINT('', (2.96344182500794, -6.03655817499206, 2.8));
#5549 = CARTESIAN_POINT('', (23.0365581749921, 14.0365581749921, 2.8));
#5550 = CARTESIAN_POINT('', (2.96344182500794, 14.0365581749921, 2.8));
#5551 = ADVANCED_FACE('', (#5552), #5574, .T.);
#5552 = FACE_OUTER_BOUND('', #5553, .T.);
#5553 = EDGE_LOOP('', (#5554, #5555, #5562, #5569));
#5554 = ORIENTED_EDGE('', *, *, #5500, .T.);
#5555 = ORIENTED_EDGE('', *, *, #5556, .T.);
#5556 = EDGE_CURVE('', #5492, #5557, #5559, .T.);
#5557 = VERTEX_POINT('', #5558);
#5558 = CARTESIAN_POINT('', (17., 2.6, 21.3));
#5559 = B_SPLINE_CURVE_WITH_KNOTS('', 1, (#5560, #5561), .UNSPECIFIED., .F., .U., (2, 2), (0.0609137055837564, 1.), .UNSPECIFIED.);
#5560 = CARTESIAN_POINT('', (17., 2.6, 2.8));
#5561 = CARTESIAN_POINT('', (17., 2.6, 21.3));
#5562 = ORIENTED_EDGE('', *, *, #5563, .F.);
#5563 = EDGE_CURVE('', #5564, #5557, #5566, .T.);
#5564 = VERTEX_POINT('', #5565);
#5565 = CARTESIAN_POINT('', (20., 2.6, 21.3));
#5566 = B_SPLINE_CURVE_WITH_KNOTS('', 1, (#5567, #5568), .UNSPECIFIED., .F., .U., (2, 2), (0., 1.), .UNSPECIFIED.);
#5567 = CARTESIAN_POINT('', (20., 2.6, 21.3));
#5568 = CARTESIAN_POINT('', (17., 2.6, 21.3));
#5569 = ORIENTED_EDGE('', *, *, #5570, .F.);
#5570 = EDGE_CURVE('', #5501, #5564, #5571, .T.);
#5571 = B_SPLINE_CURVE_WITH_KNOTS('', 1, (#5572, #5573), .UNSPECIFIED., .F., .U., (2, 2), (0.0609137055837564, 1.), .UNSPECIFIED.);
#5572 = CARTESIAN_POINT('', (20., 2.6, 2.8));
#5573 = CARTESIAN_POINT('', (20., 2.6, 21.3));
#5574 = B_SPLINE_SURFACE_WITH_KNOTS('', 1, 1, ((#5575, #5576), (#5577, #5578)), .UNSPECIFIED., .F., .F., .U., (2, 2), (2, 2), (0., 1.), (0., 1.), .UNSPECIFIED.);
#5575 = CARTESIAN_POINT('', (20., 2.6, 1.6));
#5576 = CARTESIAN_POINT('', (20., 2.6, 21.3));
#5577 = CARTESIAN_POINT('', (17., 2.6, 1.6));
#5578 = CARTESIAN_POINT('', (17., 2.6, 21.3));
#5579 = ADVANCED_FACE('', (#5580), #5624, .T.);
#5580 = FACE_OUTER_BOUND('', #5581, .T.);
#5581 = EDGE_LOOP('', (#5582, #5591, #5596, #5597, #5598, #5605, #5612, #5619));
#5582 = ORIENTED_EDGE('', *, *, #5583, .F.);
#5583 = EDGE_CURVE('', #5584, #5586, #5588, .T.);
#5584 = VERTEX_POINT('', #5585);
#5585 = CARTESIAN_POINT('', (17., 1.6, 21.3));
#5586 = VERTEX_POINT('', #5587);
#5587 = CARTESIAN_POINT('', (17., 1.6, 7.6));
#5588 = B_SPLINE_CURVE_WITH_KNOTS('', 1, (#5589, #5590), .UNSPECIFIED., .F., .U., (2, 2), (0., 0.713541666666666), .UNSPECIFIED.);
#5589 = CARTESIAN_POINT('', (17., 1.6, 21.3));
#5590 = CARTESIAN_POINT('', (17., 1.6, 7.6));
#5591 = ORIENTED_EDGE('', *, *, #5592, .F.);
#5592 = EDGE_CURVE('', #5557, #5584, #5593, .T.);
#5593 = B_SPLINE_CURVE_WITH_KNOTS('', 1, (#5594, #5595), .UNSPECIFIED., .F., .U., (2, 2), (0., 0.512820512820513), .UNSPECIFIED.);
#5594 = CARTESIAN_POINT('', (17., 2.6, 21.3));
#5595 = CARTESIAN_POINT('', (17., 1.6, 21.3));
#5596 = ORIENTED_EDGE('', *, *, #5556, .F.);
#5597 = ORIENTED_EDGE('', *, *, #5491, .T.);
#5598 = ORIENTED_EDGE('', *, *, #5599, .T.);
#5599 = EDGE_CURVE('', #5494, #5600, #5602, .T.);
#5600 = VERTEX_POINT('', #5601);
#5601 = CARTESIAN_POINT('', (17., 2.5, 1.6));
#5602 = B_SPLINE_CURVE_WITH_KNOTS('', 1, (#5603, #5604), .UNSPECIFIED., .F., .U., (2, 2), (0., 1.), .UNSPECIFIED.);
#5603 = CARTESIAN_POINT('', (17., 2.5, 2.8));
#5604 = CARTESIAN_POINT('', (17., 2.5, 1.6));
#5605 = ORIENTED_EDGE('', *, *, #5606, .F.);
#5606 = EDGE_CURVE('', #5607, #5600, #5609, .T.);
#5607 = VERTEX_POINT('', #5608);
#5608 = CARTESIAN_POINT('', (17., 2.25, 1.6));
#5609 = B_SPLINE_CURVE_WITH_KNOTS('', 1, (#5610, #5611), .UNSPECIFIED., .F., .U., (2, 2), (0.299999999999988, 0.799999999999996), .UNSPECIFIED.);
#5610 = CARTESIAN_POINT('', (17., 2.25, 1.6));
#5611 = CARTESIAN_POINT('', (17., 2.5, 1.6));
#5612 = ORIENTED_EDGE('', *, *, #5613, .T.);
#5613 = EDGE_CURVE('', #5607, #5614, #5616, .T.);
#5614 = VERTEX_POINT('', #5615);
#5615 = CARTESIAN_POINT('', (17., 2.25, 7.6));
#5616 = B_SPLINE_CURVE_WITH_KNOTS('', 1, (#5617, #5618), .UNSPECIFIED., .F., .U., (2, 2), (0., 1.), .UNSPECIFIED.);
#5617 = CARTESIAN_POINT('', (17., 2.25, 1.6));
#5618 = CARTESIAN_POINT('', (17., 2.25, 7.6));
#5619 = ORIENTED_EDGE('', *, *, #5620, .T.);
#5620 = EDGE_CURVE('', #5614, #5586, #5621, .T.);
#5621 = B_SPLINE_CURVE_WITH_KNOTS('', 1, (#5622, #5623), .UNSPECIFIED., .F., .U., (2, 2), (0., 1.), .UNSPECIFIED.);
#5622 = CARTESIAN_POINT('', (17., 2.25000000000001, 7.6));
#5623 = CARTESIAN_POINT('', (17., 1.59999999999999, 7.6));
#5624 = B_SPLINE_SURFACE_WITH_KNOTS('', 1, 1, ((#5625, #5626), (#5627, #5628)), .UNSPECIFIED., .F., .F., .U., (2, 2), (2, 2), (0., 1.), (0., 1.), .UNSPECIFIED.);
#5625 = CARTESIAN_POINT('', (17., 2.6, 1.6));
#5626 = CARTESIAN_POINT('', (17., 2.6, 21.3));
#5627 = CARTESIAN_POINT('', (17., 0.65, 1.6));
#5628 = CARTESIAN_POINT('', (17., 0.65, 21.3));
#5629 = ADVANCED_FACE('', (#5630), #5646, .T.);
#5630 = FACE_OUTER_BOUND('', #5631, .T.);
#5631 = EDGE_LOOP('', (#5632, #5633, #5634, #5641));
#5632 = ORIENTED_EDGE('', *, *, #5599, .F.);
#5633 = ORIENTED_EDGE('', *, *, #5542, .F.);
#5634 = ORIENTED_EDGE('', *, *, #5635, .F.);
#5635 = EDGE_CURVE('', #5636, #5536, #5638, .T.);
#5636 = VERTEX_POINT('', #5637);
#5637 = CARTESIAN_POINT('', (7., 2.5, 1.6));
#5638 = B_SPLINE_CURVE_WITH_KNOTS('', 1, (#5639, #5640), .UNSPECIFIED., .F., .U., (2, 2), (0., 1.), .UNSPECIFIED.);
#5639 = CARTESIAN_POINT('', (7., 2.5, 1.6));
#5640 = CARTESIAN_POINT('', (7., 2.5, 2.8));
#5641 = ORIENTED_EDGE('', *, *, #5642, .F.);
#5642 = EDGE_CURVE('', #5600, #5636, #5643, .T.);
#5643 = B_SPLINE_CURVE_WITH_KNOTS('', 1, (#5644, #5645), .UNSPECIFIED., .F., .U., (2, 2), (0.277777777777778, 0.833333333333333), .UNSPECIFIED.);
#5644 = CARTESIAN_POINT('', (17., 2.5, 1.6));
#5645 = CARTESIAN_POINT('', (7., 2.5, 1.6));
#5646 = B_SPLINE_SURFACE_WITH_KNOTS('', 1, 1, ((#5647, #5648), (#5649, #5650)), .UNSPECIFIED., .F., .F., .U., (2, 2), (2, 2), (0., 1.), (0., 1.), .UNSPECIFIED.);
#5647 = CARTESIAN_POINT('', (4., 2.5, 1.55));
#5648 = CARTESIAN_POINT('', (4., 2.5, 2.8));
#5649 = CARTESIAN_POINT('', (22., 2.5, 1.55));
#5650 = CARTESIAN_POINT('', (22., 2.5, 2.8));
#5651 = ADVANCED_FACE('', (#5652), #5696, .T.);
#5652 = FACE_OUTER_BOUND('', #5653, .T.);
#5653 = EDGE_LOOP('', (#5654, #5663, #5670, #5677, #5682, #5683, #5684, #5691));
#5654 = ORIENTED_EDGE('', *, *, #5655, .F.);
#5655 = EDGE_CURVE('', #5656, #5658, #5660, .T.);
#5656 = VERTEX_POINT('', #5657);
#5657 = CARTESIAN_POINT('', (7., 1.6, 7.6));
#5658 = VERTEX_POINT('', #5659);
#5659 = CARTESIAN_POINT('', (7., 1.6, 21.3));
#5660 = B_SPLINE_CURVE_WITH_KNOTS('', 1, (#5661, #5662), .UNSPECIFIED., .F., .U., (2, 2), (0.286458333333334, 1.), .UNSPECIFIED.);
#5661 = CARTESIAN_POINT('', (7., 1.6, 7.6));
#5662 = CARTESIAN_POINT('', (7., 1.6, 21.3));
#5663 = ORIENTED_EDGE('', *, *, #5664, .T.);
#5664 = EDGE_CURVE('', #5656, #5665, #5667, .T.);
#5665 = VERTEX_POINT('', #5666);
#5666 = CARTESIAN_POINT('', (7., 2.25, 7.6));
#5667 = B_SPLINE_CURVE_WITH_KNOTS('', 1, (#5668, #5669), .UNSPECIFIED., .F., .U., (2, 2), (0., 1.), .UNSPECIFIED.);
#5668 = CARTESIAN_POINT('', (7., 1.59999999999999, 7.6));
#5669 = CARTESIAN_POINT('', (7., 2.25, 7.6));
#5670 = ORIENTED_EDGE('', *, *, #5671, .T.);
#5671 = EDGE_CURVE('', #5665, #5672, #5674, .T.);
#5672 = VERTEX_POINT('', #5673);
#5673 = CARTESIAN_POINT('', (7., 2.25, 1.6));
#5674 = B_SPLINE_CURVE_WITH_KNOTS('', 1, (#5675, #5676), .UNSPECIFIED., .F., .U., (2, 2), (0., 1.), .UNSPECIFIED.);
#5675 = CARTESIAN_POINT('', (7., 2.25, 7.6));
#5676 = CARTESIAN_POINT('', (7., 2.25, 1.6));
#5677 = ORIENTED_EDGE('', *, *, #5678, .F.);
#5678 = EDGE_CURVE('', #5636, #5672, #5679, .T.);
#5679 = B_SPLINE_CURVE_WITH_KNOTS('', 1, (#5680, #5681), .UNSPECIFIED., .F., .U., (2, 2), (0.200000000000006, 0.700000000000013), .UNSPECIFIED.);
#5680 = CARTESIAN_POINT('', (7., 2.5, 1.6));
#5681 = CARTESIAN_POINT('', (7., 2.25, 1.6));
#5682 = ORIENTED_EDGE('', *, *, #5635, .T.);
#5683 = ORIENTED_EDGE('', *, *, #5535, .T.);
#5684 = ORIENTED_EDGE('', *, *, #5685, .T.);
#5685 = EDGE_CURVE('', #5529, #5686, #5688, .T.);
#5686 = VERTEX_POINT('', #5687);
#5687 = CARTESIAN_POINT('', (7., 2.6, 21.3));
#5688 = B_SPLINE_CURVE_WITH_KNOTS('', 1, (#5689, #5690), .UNSPECIFIED., .F., .U., (2, 2), (0.0609137055837564, 1.), .UNSPECIFIED.);
#5689 = CARTESIAN_POINT('', (7., 2.6, 2.8));
#5690 = CARTESIAN_POINT('', (7., 2.6, 21.3));
#5691 = ORIENTED_EDGE('', *, *, #5692, .F.);
#5692 = EDGE_CURVE('', #5658, #5686, #5693, .T.);
#5693 = B_SPLINE_CURVE_WITH_KNOTS('', 1, (#5694, #5695), .UNSPECIFIED., .F., .U., (2, 2), (0.487179487179487, 1.), .UNSPECIFIED.);
#5694 = CARTESIAN_POINT('', (7., 1.6, 21.3));
#5695 = CARTESIAN_POINT('', (7., 2.6, 21.3));
#5696 = B_SPLINE_SURFACE_WITH_KNOTS('', 1, 1, ((#5697, #5698), (#5699, #5700)), .UNSPECIFIED., .F., .F., .U., (2, 2), (2, 2), (0., 1.), (0., 1.), .UNSPECIFIED.);
#5697 = CARTESIAN_POINT('', (7., 0.65, 1.6));
#5698 = CARTESIAN_POINT('', (7., 0.65, 21.3));
#5699 = CARTESIAN_POINT('', (7., 2.6, 1.6));
#5700 = CARTESIAN_POINT('', (7., 2.6, 21.3));
#5701 = ADVANCED_FACE('', (#5702), #5716, .T.);
#5702 = FACE_OUTER_BOUND('', #5703, .T.);
#5703 = EDGE_LOOP('', (#5704, #5705, #5710, #5711));
#5704 = ORIENTED_EDGE('', *, *, #5613, .F.);
#5705 = ORIENTED_EDGE('', *, *, #5706, .F.);
#5706 = EDGE_CURVE('', #5672, #5607, #5707, .T.);
#5707 = B_SPLINE_CURVE_WITH_KNOTS('', 1, (#5708, #5709), .UNSPECIFIED., .F., .U., (2, 2), (0.2, 0.7), .UNSPECIFIED.);
#5708 = CARTESIAN_POINT('', (7., 2.25, 1.6));
#5709 = CARTESIAN_POINT('', (17., 2.25, 1.6));
#5710 = ORIENTED_EDGE('', *, *, #5671, .F.);
#5711 = ORIENTED_EDGE('', *, *, #5712, .F.);
#5712 = EDGE_CURVE('', #5614, #5665, #5713, .T.);
#5713 = B_SPLINE_CURVE_WITH_KNOTS('', 1, (#5714, #5715), .UNSPECIFIED., .F., .U., (2, 2), (0.3, 0.8), .UNSPECIFIED.);
#5714 = CARTESIAN_POINT('', (17., 2.25, 7.6));
#5715 = CARTESIAN_POINT('', (7., 2.25, 7.6));
#5716 = B_SPLINE_SURFACE_WITH_KNOTS('', 1, 1, ((#5717, #5718), (#5719, #5720)), .UNSPECIFIED., .F., .F., .U., (2, 2), (2, 2), (0., 1.), (0., 1.), .UNSPECIFIED.);
#5717 = CARTESIAN_POINT('', (23., 2.25, 1.6));
#5718 = CARTESIAN_POINT('', (23., 2.25, 7.6));
#5719 = CARTESIAN_POINT('', (3., 2.25, 1.6));
#5720 = CARTESIAN_POINT('', (3., 2.25, 7.6));
#5721 = ADVANCED_FACE('', (#5722), #5728, .F.);
#5722 = FACE_OUTER_BOUND('', #5723, .F.);
#5723 = EDGE_LOOP('', (#5724, #5725, #5726, #5727));
#5724 = ORIENTED_EDGE('', *, *, #5606, .F.);
#5725 = ORIENTED_EDGE('', *, *, #5706, .F.);
#5726 = ORIENTED_EDGE('', *, *, #5678, .F.);
#5727 = ORIENTED_EDGE('', *, *, #5642, .F.);
#5728 = B_SPLINE_SURFACE_WITH_KNOTS('', 1, 1, ((#5729, #5730), (#5731, #5732)), .UNSPECIFIED., .F., .F., .U., (2, 2), (2, 2), (-0.485501726427499, 0.914219965938561), (0.31282791323012, 1.2861227644335), .UNSPECIFIED.);
#5729 = CARTESIAN_POINT('', (88.1, 2.09999999999999, 1.6));
#5730 = CARTESIAN_POINT('', (88.1, 61.9, 1.6));
#5731 = CARTESIAN_POINT('', (2.09999999999997, 2.09999999999999, 1.6));
#5732 = CARTESIAN_POINT('', (2.09999999999996, 61.9, 1.6));
#5733 = ADVANCED_FACE('', (#5734), #5744, .T.);
#5734 = FACE_OUTER_BOUND('', #5735, .T.);
#5735 = EDGE_LOOP('', (#5736, #5737, #5738, #5739));
#5736 = ORIENTED_EDGE('', *, *, #5620, .F.);
#5737 = ORIENTED_EDGE('', *, *, #5712, .T.);
#5738 = ORIENTED_EDGE('', *, *, #5664, .F.);
#5739 = ORIENTED_EDGE('', *, *, #5740, .F.);
#5740 = EDGE_CURVE('', #5586, #5656, #5741, .T.);
#5741 = B_SPLINE_CURVE_WITH_KNOTS('', 1, (#5742, #5743), .UNSPECIFIED., .F., .U., (2, 2), (0.320724764996579, 0.776614184461962), .UNSPECIFIED.);
#5742 = CARTESIAN_POINT('', (17., 1.6, 7.6));
#5743 = CARTESIAN_POINT('', (7., 1.6, 7.6));
#5744 = B_SPLINE_SURFACE_WITH_KNOTS('', 1, 1, ((#5745, #5746), (#5747, #5748)), .UNSPECIFIED., .F., .F., .U., (2, 2), (2, 2), (0., 1.), (0., 1.), .UNSPECIFIED.);
#5745 = CARTESIAN_POINT('', (24.0351438595063, -9.58514385950632, 7.6));
#5746 = CARTESIAN_POINT('', (1.96485614049368, -9.58514385950632, 7.6));
#5747 = CARTESIAN_POINT('', (24.0351438595063, 12.4851438595063, 7.6));
#5748 = CARTESIAN_POINT('', (1.96485614049368, 12.4851438595063, 7.6));
#5749 = ADVANCED_FACE('', (#5750), #5830, .F.);
#5750 = FACE_OUTER_BOUND('', #5751, .F.);
#5751 = EDGE_LOOP('', (#5752, #5761, #5768, #5775, #5780, #5781, #5782, #5787, #5788, #5789, #5790, #5797, #5804, #5811, #5818, #5825));
#5752 = ORIENTED_EDGE('', *, *, #5753, .F.);
#5753 = EDGE_CURVE('', #5754, #5756, #5758, .T.);
#5754 = VERTEX_POINT('', #5755);
#5755 = CARTESIAN_POINT('', (27.0766758367895, 1.6, 23.05));
#5756 = VERTEX_POINT('', #5757);
#5757 = CARTESIAN_POINT('', (27., 1.6, 23.05));
#5758 = B_SPLINE_CURVE_WITH_KNOTS('', 1, (#5759, #5760), .UNSPECIFIED., .F., .U., (2, 2), (0., 0.153521009395947), .UNSPECIFIED.);
#5759 = CARTESIAN_POINT('', (27.0766758367895, 1.6, 23.05));
#5760 = CARTESIAN_POINT('', (27., 1.6, 23.05));
#5761 = ORIENTED_EDGE('', *, *, #5762, .T.);
#5762 = EDGE_CURVE('', #5754, #5763, #5765, .T.);
#5763 = VERTEX_POINT('', #5764);
#5764 = CARTESIAN_POINT('', (27.0766758367895, 1.6, 23.8));
#5765 = B_SPLINE_CURVE_WITH_KNOTS('', 1, (#5766, #5767), .UNSPECIFIED., .F., .U., (2, 2), (0.965437788018433, 1.), .UNSPECIFIED.);
#5766 = CARTESIAN_POINT('', (27.0766758367895, 1.6, 23.05));
#5767 = CARTESIAN_POINT('', (27.0766758367895, 1.6, 23.8));
#5768 = ORIENTED_EDGE('', *, *, #5769, .T.);
#5769 = EDGE_CURVE('', #5763, #5770, #5772, .T.);
#5770 = VERTEX_POINT('', #5771);
#5771 = CARTESIAN_POINT('', (2.3, 1.6, 23.8));
#5772 = B_SPLINE_CURVE_WITH_KNOTS('', 1, (#5773, #5774), .UNSPECIFIED., .F., .U., (2, 2), (0.709573536781518, 0.997674418604652), .UNSPECIFIED.);
#5773 = CARTESIAN_POINT('', (27.0766758367895, 1.6, 23.8));
#5774 = CARTESIAN_POINT('', (2.3, 1.6, 23.8));
#5775 = ORIENTED_EDGE('', *, *, #5776, .F.);
#5776 = EDGE_CURVE('', #5256, #5770, #5777, .T.);
#5777 = B_SPLINE_CURVE_WITH_KNOTS('', 1, (#5778, #5779), .UNSPECIFIED., .F., .U., (2, 2), (0.239523594224813, 1.), .UNSPECIFIED.);
#5778 = CARTESIAN_POINT('', (2.3, 1.6, 15.6248786379167));
#5779 = CARTESIAN_POINT('', (2.3, 1.6, 23.8));
#5780 = ORIENTED_EDGE('', *, *, #5255, .T.);
#5781 = ORIENTED_EDGE('', *, *, #5449, .F.);
#5782 = ORIENTED_EDGE('', *, *, #5783, .F.);
#5783 = EDGE_CURVE('', #5658, #5450, #5784, .T.);
#5784 = B_SPLINE_CURVE_WITH_KNOTS('', 1, (#5785, #5786), .UNSPECIFIED., .F., .U., (2, 2), (0.118889265317893, 0.881110734682107), .UNSPECIFIED.);
#5785 = CARTESIAN_POINT('', (7., 1.6, 21.3));
#5786 = CARTESIAN_POINT('', (4., 1.6, 21.3));
#5787 = ORIENTED_EDGE('', *, *, #5655, .F.);
#5788 = ORIENTED_EDGE('', *, *, #5740, .F.);
#5789 = ORIENTED_EDGE('', *, *, #5583, .F.);
#5790 = ORIENTED_EDGE('', *, *, #5791, .F.);
#5791 = EDGE_CURVE('', #5792, #5584, #5794, .T.);
#5792 = VERTEX_POINT('', #5793);
#5793 = CARTESIAN_POINT('', (20., 1.6, 21.3));
#5794 = B_SPLINE_CURVE_WITH_KNOTS('', 1, (#5795, #5796), .UNSPECIFIED., .F., .U., (2, 2), (0.118889265317891, 0.881110734682108), .UNSPECIFIED.);
#5795 = CARTESIAN_POINT('', (20., 1.6, 21.3));
#5796 = CARTESIAN_POINT('', (17., 1.6, 21.3));
#5797 = ORIENTED_EDGE('', *, *, #5798, .F.);
#5798 = EDGE_CURVE('', #5799, #5792, #5801, .T.);
#5799 = VERTEX_POINT('', #5800);
#5800 = CARTESIAN_POINT('', (20., 1.6, 7.6));
#5801 = B_SPLINE_CURVE_WITH_KNOTS('', 1, (#5802, #5803), .UNSPECIFIED., .F., .U., (2, 2), (0.286458333333334, 1.), .UNSPECIFIED.);
#5802 = CARTESIAN_POINT('', (20., 1.6, 7.6));
#5803 = CARTESIAN_POINT('', (20., 1.6, 21.3));
#5804 = ORIENTED_EDGE('', *, *, #5805, .F.);
#5805 = EDGE_CURVE('', #5806, #5799, #5808, .T.);
#5806 = VERTEX_POINT('', #5807);
#5807 = CARTESIAN_POINT('', (23., 1.6, 7.6));
#5808 = B_SPLINE_CURVE_WITH_KNOTS('', 1, (#5809, #5810), .UNSPECIFIED., .F., .U., (2, 2), (0.0471911133173491, 0.183957939156964), .UNSPECIFIED.);
#5809 = CARTESIAN_POINT('', (23., 1.6, 7.6));
#5810 = CARTESIAN_POINT('', (20., 1.6, 7.6));
#5811 = ORIENTED_EDGE('', *, *, #5812, .F.);
#5812 = EDGE_CURVE('', #5813, #5806, #5815, .T.);
#5813 = VERTEX_POINT('', #5814);
#5814 = CARTESIAN_POINT('', (23., 1.6, 2.1));
#5815 = B_SPLINE_CURVE_WITH_KNOTS('', 1, (#5816, #5817), .UNSPECIFIED., .F., .U., (2, 2), (0., 1.), .UNSPECIFIED.);
#5816 = CARTESIAN_POINT('', (23., 1.6, 2.10000000000001));
#5817 = CARTESIAN_POINT('', (23., 1.6, 7.6));
#5818 = ORIENTED_EDGE('', *, *, #5819, .T.);
#5819 = EDGE_CURVE('', #5813, #5820, #5822, .T.);
#5820 = VERTEX_POINT('', #5821);
#5821 = CARTESIAN_POINT('', (27., 1.6, 2.1));
#5822 = B_SPLINE_CURVE_WITH_KNOTS('', 1, (#5823, #5824), .UNSPECIFIED., .F., .U., (2, 2), (0.410609037328094, 0.489194499017682), .UNSPECIFIED.);
#5823 = CARTESIAN_POINT('', (23., 1.6, 2.1));
#5824 = CARTESIAN_POINT('', (27., 1.6, 2.1));
#5825 = ORIENTED_EDGE('', *, *, #5826, .F.);
#5826 = EDGE_CURVE('', #5756, #5820, #5827, .T.);
#5827 = B_SPLINE_CURVE_WITH_KNOTS('', 1, (#5828, #5829), .UNSPECIFIED., .F., .U., (2, 2), (0., 1.), .UNSPECIFIED.);
#5828 = CARTESIAN_POINT('', (27., 1.6, 23.05));
#5829 = CARTESIAN_POINT('', (27., 1.6, 2.09999999999999));
#5830 = B_SPLINE_SURFACE_WITH_KNOTS('', 1, 1, ((#5831, #5832), (#5833, #5834)), .UNSPECIFIED., .F., .F., .U., (2, 2), (2, 2), (0., 1.68958742632613), (0., 1.40178571428571), .UNSPECIFIED.);
#5831 = CARTESIAN_POINT('', (2.1, 1.6, 2.1));
#5832 = CARTESIAN_POINT('', (2.1, 1.6, 33.5));
#5833 = CARTESIAN_POINT('', (88.1, 1.6, 2.1));
#5834 = CARTESIAN_POINT('', (88.1, 1.6, 33.5));
#5835 = ADVANCED_FACE('', (#5836), #5860, .T.);
#5836 = FACE_OUTER_BOUND('', #5837, .T.);
#5837 = EDGE_LOOP('', (#5838, #5847, #5854, #5855));
#5838 = ORIENTED_EDGE('', *, *, #5839, .F.);
#5839 = EDGE_CURVE('', #5840, #5842, #5844, .T.);
#5840 = VERTEX_POINT('', #5841);
#5841 = CARTESIAN_POINT('', (27.0000000000002, 1.73160672689589, 1.96839327310412));
#5842 = VERTEX_POINT('', #5843);
#5843 = CARTESIAN_POINT('', (27., 1.7316067816596, 23.05));
#5844 = B_SPLINE_CURVE_WITH_KNOTS('', 1, (#5845, #5846), .UNSPECIFIED., .F., .U., (2, 2), (0.0194601502774478, 1.), .UNSPECIFIED.);
#5845 = CARTESIAN_POINT('', (27., 1.7316067816596, 1.96839323096513));
#5846 = CARTESIAN_POINT('', (27., 1.7316067816596, 23.05));
#5847 = ORIENTED_EDGE('', *, *, #5848, .F.);
#5848 = EDGE_CURVE('', #5820, #5840, #5849, .T.);
#5849 = B_SPLINE_CURVE_WITH_KNOTS('', 3, (#5850, #5851, #5852, #5853), .UNSPECIFIED., .F., .U., (4, 4), (0., 0.186120018075673), .UNSPECIFIED.);
#5850 = CARTESIAN_POINT('', (27., 1.6, 2.1));
#5851 = CARTESIAN_POINT('', (27., 1.64386890896529, 2.05613109103471));
#5852 = CARTESIAN_POINT('', (27., 1.68773781793058, 2.01226218206942));
#5853 = CARTESIAN_POINT('', (27., 1.73160672689587, 1.96839327310413));
#5854 = ORIENTED_EDGE('', *, *, #5826, .F.);
#5855 = ORIENTED_EDGE('', *, *, #5856, .F.);
#5856 = EDGE_CURVE('', #5842, #5756, #5857, .T.);
#5857 = B_SPLINE_CURVE_WITH_KNOTS('', 1, (#5858, #5859), .UNSPECIFIED., .F., .U., (2, 2), (0.899107343522445, 0.972222222222222), .UNSPECIFIED.);
#5858 = CARTESIAN_POINT('', (27., 1.7316067816596, 23.05));
#5859 = CARTESIAN_POINT('', (27., 1.6, 23.05));
#5860 = B_SPLINE_SURFACE_WITH_KNOTS('', 1, 1, ((#5861, #5862), (#5863, #5864)), .UNSPECIFIED., .F., .F., .U., (2, 2), (2, 2), (0., 1.), (0., 1.), .UNSPECIFIED.);
#5861 = CARTESIAN_POINT('', (27., 3.35, 1.55));
#5862 = CARTESIAN_POINT('', (27., 3.35, 23.05));
#5863 = CARTESIAN_POINT('', (27., 1.55, 1.55));
#5864 = CARTESIAN_POINT('', (27., 1.55, 23.05));
#5865 = ADVANCED_FACE('', (#5866), #5876, .T.);
#5866 = FACE_OUTER_BOUND('', #5867, .T.);
#5867 = EDGE_LOOP('', (#5868, #5874, #5875));
#5868 = ORIENTED_EDGE('', *, *, #5869, .F.);
#5869 = EDGE_CURVE('', #5842, #5754, #5870, .T.);
#5870 = (
   BOUNDED_CURVE ()
   B_SPLINE_CURVE (2, (#5871, #5872, #5873), .UNSPECIFIED., .F., .U.)
   B_SPLINE_CURVE_WITH_KNOTS ((3, 3), (0.351467526453201, 0.365244562519903), .UNSPECIFIED.)
   CURVE ()
   GEOMETRIC_REPRESENTATION_ITEM ()
   RATIONAL_B_SPLINE_CURVE ((0.977280371439195, 0.969146539867787, 0.961767156722665))
   REPRESENTATION_ITEM ('')
);
#5871 = CARTESIAN_POINT('', (27., 1.7316067816596, 23.05));
#5872 = CARTESIAN_POINT('', (27.0365789091964, 1.6647785690045, 23.05));
#5873 = CARTESIAN_POINT('', (27.0766758367895, 1.6, 23.05));
#5874 = ORIENTED_EDGE('', *, *, #5856, .T.);
#5875 = ORIENTED_EDGE('', *, *, #5753, .F.);
#5876 = B_SPLINE_SURFACE_WITH_KNOTS('', 1, 1, ((#5877, #5878), (#5879, #5880)), .UNSPECIFIED., .F., .F., .U., (2, 2), (2, 2), (0., 1.), (0., 1.), .UNSPECIFIED.);
#5877 = CARTESIAN_POINT('', (32.422772656229, -0.472772656229013, 23.05));
#5878 = CARTESIAN_POINT('', (26.577227343771, -0.472772656229013, 23.05));
#5879 = CARTESIAN_POINT('', (32.422772656229, 5.37277265622901, 23.05));
#5880 = CARTESIAN_POINT('', (26.577227343771, 5.37277265622901, 23.05));
#5881 = ADVANCED_FACE('', (#5882), #5938, .T.);
#5882 = FACE_OUTER_BOUND('', #5883, .T.);
#5883 = EDGE_LOOP('', (#5884, #5885, #5886, #5898, #5903, #5904, #5911, #5921, #5926, #5927, #5937));
#5884 = ORIENTED_EDGE('', *, *, #5869, .T.);
#5885 = ORIENTED_EDGE('', *, *, #5762, .T.);
#5886 = ORIENTED_EDGE('', *, *, #5887, .F.);
#5887 = EDGE_CURVE('', #5888, #5763, #5890, .T.);
#5888 = VERTEX_POINT('', #5889);
#5889 = CARTESIAN_POINT('', (32.35, 3.1, 23.8));
#5890 = (
   BOUNDED_CURVE ()
   B_SPLINE_CURVE (2, (#5891, #5892, #5893, #5894, #5895, #5896, #5897), .UNSPECIFIED., .F., .U.)
   B_SPLINE_CURVE_WITH_KNOTS ((3, 2, 2, 3), (0., 4.47676953136546, 8.95353906273092, 10.5646052210728), .UNSPECIFIED.)
   CURVE ()
   GEOMETRIC_REPRESENTATION_ITEM ()
   RATIONAL_B_SPLINE_CURVE ((1., 0.707106781186548, 1., 0.707106781186548, 1., 0.894595790662857, 0.865055729980275))
   REPRESENTATION_ITEM ('')
);
#5891 = CARTESIAN_POINT('', (32.35, 3.1, 23.8));
#5892 = CARTESIAN_POINT('', (32.35, 5.95, 23.8));
#5893 = CARTESIAN_POINT('', (29.5, 5.95, 23.8));
#5894 = CARTESIAN_POINT('', (26.65, 5.95, 23.8));
#5895 = CARTESIAN_POINT('', (26.65, 3.1, 23.8));
#5896 = CARTESIAN_POINT('', (26.65, 2.2893159101, 23.8));
#5897 = CARTESIAN_POINT('', (27.0766758367895, 1.6, 23.8));
#5898 = ORIENTED_EDGE('', *, *, #5899, .F.);
#5899 = EDGE_CURVE('', #1195, #5888, #5900, .T.);
#5900 = B_SPLINE_CURVE_WITH_KNOTS('', 1, (#5901, #5902), .UNSPECIFIED., .F., .U., (2, 2), (0.05, 22.25), .UNSPECIFIED.);
#5901 = CARTESIAN_POINT('', (32.35, 3.1, 1.6));
#5902 = CARTESIAN_POINT('', (32.35, 3.1, 23.8));
#5903 = ORIENTED_EDGE('', *, *, #1202, .T.);
#5904 = ORIENTED_EDGE('', *, *, #5905, .T.);
#5905 = EDGE_CURVE('', #1203, #5906, #5908, .T.);
#5906 = VERTEX_POINT('', #5907);
#5907 = CARTESIAN_POINT('', (27.6882329068007, 5.3, 21.3));
#5908 = B_SPLINE_CURVE_WITH_KNOTS('', 1, (#5909, #5910), .UNSPECIFIED., .F., .U., (2, 2), (0., 1.), .UNSPECIFIED.);
#5909 = CARTESIAN_POINT('', (27.6882329068007, 5.3, 1.6));
#5910 = CARTESIAN_POINT('', (27.6882329068007, 5.3, 21.3));
#5911 = ORIENTED_EDGE('', *, *, #5912, .T.);
#5912 = EDGE_CURVE('', #5906, #5913, #5915, .T.);
#5913 = VERTEX_POINT('', #5914);
#5914 = CARTESIAN_POINT('', (26.764584126682, 2.3, 21.3));
#5915 = (
   BOUNDED_CURVE ()
   B_SPLINE_CURVE (2, (#5916, #5917, #5918, #5919, #5920), .UNSPECIFIED., .F., .U.)
   B_SPLINE_CURVE_WITH_KNOTS ((3, 2, 3), (0.168826545245538, 0.5, 0.61130333267132), .UNSPECIFIED.)
   CURVE ()
   GEOMETRIC_REPRESENTATION_ITEM ()
   RATIONAL_B_SPLINE_CURVE ((0.905995547996142, 0.8607972877323, 1., 0.953215677253573, 0.927260358660938))
   REPRESENTATION_ITEM ('')
);
#5916 = CARTESIAN_POINT('', (27.6882329068007, 5.3, 21.3));
#5917 = CARTESIAN_POINT('', (26.65, 4.4449835383554, 21.3));
#5918 = CARTESIAN_POINT('', (26.65, 3.1, 21.3));
#5919 = CARTESIAN_POINT('', (26.65, 2.69179404869533, 21.3));
#5920 = CARTESIAN_POINT('', (26.764584126682, 2.3, 21.3));
#5921 = ORIENTED_EDGE('', *, *, #5922, .F.);
#5922 = EDGE_CURVE('', #1227, #5913, #5923, .T.);
#5923 = B_SPLINE_CURVE_WITH_KNOTS('', 1, (#5924, #5925), .UNSPECIFIED., .F., .U., (2, 2), (0., 1.), .UNSPECIFIED.);
#5924 = CARTESIAN_POINT('', (26.764584126682, 2.3, 1.6));
#5925 = CARTESIAN_POINT('', (26.764584126682, 2.3, 21.3));
#5926 = ORIENTED_EDGE('', *, *, #1233, .T.);
#5927 = ORIENTED_EDGE('', *, *, #5928, .F.);
#5928 = EDGE_CURVE('', #5840, #1234, #5929, .T.);
#5929 = B_SPLINE_CURVE_WITH_KNOTS('', 3, (#5930, #5931, #5932, #5933, #5934, #5935, #5936), .UNSPECIFIED., .F., .U., (4, 3, 4), (0.201245620367065, 0.436921013949071, 0.749035741676779), .UNSPECIFIED.);
#5930 = CARTESIAN_POINT('', (27.0000000000002, 1.73160672689589, 1.96839327310412));
#5931 = CARTESIAN_POINT('', (26.9716297014163, 1.78343818436234, 1.91656181563766));
#5932 = CARTESIAN_POINT('', (26.9450794109435, 1.83577178093503, 1.86422821906497));
#5933 = CARTESIAN_POINT('', (26.9203209743769, 1.88849014665168, 1.81150985334832));
#5934 = CARTESIAN_POINT('', (26.8875323468901, 1.95830727143428, 1.74169272856572));
#5935 = CARTESIAN_POINT('', (26.8578446034571, 2.02888756954628, 1.67111243045372));
#5936 = CARTESIAN_POINT('', (26.8311987709835, 2.1, 1.6));
#5937 = ORIENTED_EDGE('', *, *, #5839, .T.);
#5938 = (
   BOUNDED_SURFACE ()
   B_SPLINE_SURFACE (2, 1, ((#5939, #5940), (#5941, #5942), (#5943, #5944), (#5945, #5946), (#5947, #5948), (#5949, #5950), (#5951, #5952), (#5953, #5954), (#5955, #5956)), .UNSPECIFIED., .T., .F., .U.)
   B_SPLINE_SURFACE_WITH_KNOTS ((3, 2, 2, 2, 3), (2, 2), (0., 4.47676953136546, 8.95353906273092, 13.4303085940964, 17.9070781254618), (0., 22.25), .UNSPECIFIED.)
   GEOMETRIC_REPRESENTATION_ITEM ()
   RATIONAL_B_SPLINE_SURFACE (((1., 1.), (0.707106781186548, 0.707106781186548), (1., 1.), (0.707106781186548, 0.707106781186548), (1., 1.), (0.707106781186548, 0.707106781186548), (1., 1.), (0.707106781186548, 0.707106781186548), (1., 1.)))
   REPRESENTATION_ITEM ('')
   SURFACE ()
);
#5939 = CARTESIAN_POINT('', (32.35, 3.1, 1.55));
#5940 = CARTESIAN_POINT('', (32.35, 3.1, 23.8));
#5941 = CARTESIAN_POINT('', (32.35, 5.95, 1.55));
#5942 = CARTESIAN_POINT('', (32.35, 5.95, 23.8));
#5943 = CARTESIAN_POINT('', (29.5, 5.95, 1.55));
#5944 = CARTESIAN_POINT('', (29.5, 5.95, 23.8));
#5945 = CARTESIAN_POINT('', (26.65, 5.95, 1.55));
#5946 = CARTESIAN_POINT('', (26.65, 5.95, 23.8));
#5947 = CARTESIAN_POINT('', (26.65, 3.1, 1.55));
#5948 = CARTESIAN_POINT('', (26.65, 3.1, 23.8));
#5949 = CARTESIAN_POINT('', (26.65, 0.249999999999999, 1.55));
#5950 = CARTESIAN_POINT('', (26.65, 0.249999999999999, 23.8));
#5951 = CARTESIAN_POINT('', (29.5, 0.249999999999999, 1.55));
#5952 = CARTESIAN_POINT('', (29.5, 0.249999999999999, 23.8));
#5953 = CARTESIAN_POINT('', (32.35, 0.249999999999998, 1.55));
#5954 = CARTESIAN_POINT('', (32.35, 0.249999999999998, 23.8));
#5955 = CARTESIAN_POINT('', (32.35, 3.1, 1.55));
#5956 = CARTESIAN_POINT('', (32.35, 3.1, 23.8));
#5957 = ADVANCED_FACE('', (#5958, #6034), #6050, .T.);
#5958 = FACE_OUTER_BOUND('', #5959, .T.);
#5959 = EDGE_LOOP('', (#5960, #5961, #5962, #5969, #5976, #5986, #5993, #6000, #6007, #6014, #6021, #6028));
#5960 = ORIENTED_EDGE('', *, *, #5887, .T.);
#5961 = ORIENTED_EDGE('', *, *, #5769, .T.);
#5962 = ORIENTED_EDGE('', *, *, #5963, .F.);
#5963 = EDGE_CURVE('', #5964, #5770, #5966, .T.);
#5964 = VERTEX_POINT('', #5965);
#5965 = CARTESIAN_POINT('', (2.3, -1.3, 23.8));
#5966 = B_SPLINE_CURVE_WITH_KNOTS('', 1, (#5967, #5968), .UNSPECIFIED., .F., .U., (2, 2), (0.00347222222222266, 0.104166666666667), .UNSPECIFIED.);
#5967 = CARTESIAN_POINT('', (2.3, -1.3, 23.8));
#5968 = CARTESIAN_POINT('', (2.3, 1.6, 23.8));
#5969 = ORIENTED_EDGE('', *, *, #5970, .F.);
#5970 = EDGE_CURVE('', #5971, #5964, #5973, .T.);
#5971 = VERTEX_POINT('', #5972);
#5972 = CARTESIAN_POINT('', (85.35, -1.3, 23.8));
#5973 = B_SPLINE_CURVE_WITH_KNOTS('', 1, (#5974, #5975), .UNSPECIFIED., .F., .U., (2, 2), (0.0784851811196485, 0.990120746432492), .UNSPECIFIED.);
#5974 = CARTESIAN_POINT('', (85.35, -1.3, 23.8));
#5975 = CARTESIAN_POINT('', (2.3, -1.3, 23.8));
#5976 = ORIENTED_EDGE('', *, *, #5977, .F.);
#5977 = EDGE_CURVE('', #5978, #5971, #5980, .T.);
#5978 = VERTEX_POINT('', #5979);
#5979 = CARTESIAN_POINT('', (88.05, -4., 23.8));
#5980 = (
   BOUNDED_CURVE ()
   B_SPLINE_CURVE (2, (#5981, #5982, #5983, #5984, #5985), .UNSPECIFIED., .F., .U.)
   B_SPLINE_CURVE_WITH_KNOTS ((3, 2, 3), (0., 0.5, 0.84652410832093), .UNSPECIFIED.)
   CURVE ()
   GEOMETRIC_REPRESENTATION_ITEM ()
   RATIONAL_B_SPLINE_CURVE ((1., 0.894681145391272, 1., 0.927008955634657, 0.95519053752577))
   REPRESENTATION_ITEM ('')
);
#5981 = CARTESIAN_POINT('', (88.05, -4., 23.8));
#5982 = CARTESIAN_POINT('', (88.05, -2.65191707031895, 23.8));
#5983 = CARTESIAN_POINT('', (86.9724535003606, -1.84184230437915, 23.8));
#5984 = CARTESIAN_POINT('', (86.2517048695069, -1.3, 23.8));
#5985 = CARTESIAN_POINT('', (85.35, -1.3, 23.8));
#5986 = ORIENTED_EDGE('', *, *, #5987, .T.);
#5987 = EDGE_CURVE('', #5978, #5988, #5990, .T.);
#5988 = VERTEX_POINT('', #5989);
#5989 = CARTESIAN_POINT('', (88.05, -7., 23.8));
#5990 = B_SPLINE_CURVE_WITH_KNOTS('', 1, (#5991, #5992), .UNSPECIFIED., .F., .U., (2, 2), (0.75, 1.), .UNSPECIFIED.);
#5991 = CARTESIAN_POINT('', (88.05, -4., 23.8));
#5992 = CARTESIAN_POINT('', (88.05, -7., 23.8));
#5993 = ORIENTED_EDGE('', *, *, #5994, .T.);
#5994 = EDGE_CURVE('', #5988, #5995, #5997, .T.);
#5995 = VERTEX_POINT('', #5996);
#5996 = CARTESIAN_POINT('', (92.5, -7., 23.8));
#5997 = B_SPLINE_CURVE_WITH_KNOTS('', 1, (#5998, #5999), .UNSPECIFIED., .F., .U., (2, 2), (0., 1.), .UNSPECIFIED.);
#5998 = CARTESIAN_POINT('', (88.05, -7., 23.8));
#5999 = CARTESIAN_POINT('', (92.5, -7., 23.8));
#6000 = ORIENTED_EDGE('', *, *, #6001, .F.);
#6001 = EDGE_CURVE('', #6002, #5995, #6004, .T.);
#6002 = VERTEX_POINT('', #6003);
#6003 = CARTESIAN_POINT('', (92.5, 4.99157701947197, 23.8));
#6004 = B_SPLINE_CURVE_WITH_KNOTS('', 1, (#6005, #6006), .UNSPECIFIED., .F., .U., (2, 2), (0.760168459610561, 1.), .UNSPECIFIED.);
#6005 = CARTESIAN_POINT('', (92.5, 4.99157701947197, 23.8));
#6006 = CARTESIAN_POINT('', (92.5, -7., 23.8));
#6007 = ORIENTED_EDGE('', *, *, #6008, .F.);
#6008 = EDGE_CURVE('', #6009, #6002, #6011, .T.);
#6009 = VERTEX_POINT('', #6010);
#6010 = CARTESIAN_POINT('', (88.05, 4.99157701947197, 23.8));
#6011 = B_SPLINE_CURVE_WITH_KNOTS('', 1, (#6012, #6013), .UNSPECIFIED., .F., .U., (2, 2), (0.125, 0.68125), .UNSPECIFIED.);
#6012 = CARTESIAN_POINT('', (88.05, 4.99157701947197, 23.8));
#6013 = CARTESIAN_POINT('', (92.5, 4.99157701947197, 23.8));
#6014 = ORIENTED_EDGE('', *, *, #6015, .T.);
#6015 = EDGE_CURVE('', #6009, #6016, #6018, .T.);
#6016 = VERTEX_POINT('', #6017);
#6017 = CARTESIAN_POINT('', (88.05, 1.6, 23.8));
#6018 = B_SPLINE_CURVE_WITH_KNOTS('', 1, (#6019, #6020), .UNSPECIFIED., .F., .U., (2, 2), (0.000701915044002484, 0.283333333333333), .UNSPECIFIED.);
#6019 = CARTESIAN_POINT('', (88.05, 4.99157701947197, 23.8));
#6020 = CARTESIAN_POINT('', (88.05, 1.6, 23.8));
#6021 = ORIENTED_EDGE('', *, *, #6022, .T.);
#6022 = EDGE_CURVE('', #6016, #6023, #6025, .T.);
#6023 = VERTEX_POINT('', #6024);
#6024 = CARTESIAN_POINT('', (31.9233241632105, 1.6, 23.8));
#6025 = B_SPLINE_CURVE_WITH_KNOTS('', 1, (#6026, #6027), .UNSPECIFIED., .F., .U., (2, 2), (0.000581395348837507, 0.653217160892901), .UNSPECIFIED.);
#6026 = CARTESIAN_POINT('', (88.05, 1.6, 23.8));
#6027 = CARTESIAN_POINT('', (31.9233241632105, 1.6, 23.8));
#6028 = ORIENTED_EDGE('', *, *, #6029, .T.);
#6029 = EDGE_CURVE('', #6023, #5888, #6030, .T.);
#6030 = (
   BOUNDED_CURVE ()
   B_SPLINE_CURVE (2, (#6031, #6032, #6033), .UNSPECIFIED., .F., .U.)
   B_SPLINE_CURVE_WITH_KNOTS ((3, 3), (16.2960119671199, 17.9070781254618), .UNSPECIFIED.)
   CURVE ()
   GEOMETRIC_REPRESENTATION_ITEM ()
   RATIONAL_B_SPLINE_CURVE ((0.865055729980275, 0.894595790662857, 1.))
   REPRESENTATION_ITEM ('')
);
#6031 = CARTESIAN_POINT('', (31.9233241632105, 1.6, 23.8));
#6032 = CARTESIAN_POINT('', (32.35, 2.2893159101, 23.8));
#6033 = CARTESIAN_POINT('', (32.35, 3.1, 23.8));
#6034 = FACE_BOUND('', #6035, .T.);
#6035 = EDGE_LOOP('', (#6036));
#6036 = ORIENTED_EDGE('', *, *, #6037, .F.);
#6037 = EDGE_CURVE('', #6038, #6038, #6040, .T.);
#6038 = VERTEX_POINT('', #6039);
#6039 = CARTESIAN_POINT('', (30.95, 3.1, 23.8));
#6040 = (
   BOUNDED_CURVE ()
   B_SPLINE_CURVE (2, (#6041, #6042, #6043, #6044, #6045, #6046, #6047, #6048, #6049), .UNSPECIFIED., .T., .U.)
   B_SPLINE_CURVE_WITH_KNOTS ((3, 2, 2, 2, 3), (0., 0.25, 0.5, 0.75, 1.), .UNSPECIFIED.)
   CURVE ()
   GEOMETRIC_REPRESENTATION_ITEM ()
   RATIONAL_B_SPLINE_CURVE ((1., 0.707106781186548, 1., 0.707106781186548, 1., 0.707106781186548, 1., 0.707106781186548, 1.))
   REPRESENTATION_ITEM ('')
);
#6041 = CARTESIAN_POINT('', (30.95, 3.1, 23.8));
#6042 = CARTESIAN_POINT('', (30.95, 4.55, 23.8));
#6043 = CARTESIAN_POINT('', (29.5, 4.55, 23.8));
#6044 = CARTESIAN_POINT('', (28.05, 4.55, 23.8));
#6045 = CARTESIAN_POINT('', (28.05, 3.1, 23.8));
#6046 = CARTESIAN_POINT('', (28.05, 1.65, 23.8));
#6047 = CARTESIAN_POINT('', (29.5, 1.65, 23.8));
#6048 = CARTESIAN_POINT('', (30.95, 1.65, 23.8));
#6049 = CARTESIAN_POINT('', (30.95, 3.1, 23.8));
#6050 = B_SPLINE_SURFACE_WITH_KNOTS('', 1, 1, ((#6051, #6052), (#6053, #6054)), .UNSPECIFIED., .F., .F., .U., (2, 2), (2, 2), (-7.25353862262361, 16.5764222672117), (-14.2907735741452, 9.53918731569006), .UNSPECIFIED.);
#6051 = CARTESIAN_POINT('', (160.651549917642, -65.651549917642, 23.8));
#6052 = CARTESIAN_POINT('', (-50.651549917642, -65.651549917642, 23.8));
#6053 = CARTESIAN_POINT('', (160.651549917642, 145.651549917642, 23.8));
#6054 = CARTESIAN_POINT('', (-50.651549917642, 145.651549917642, 23.8));
#6055 = ADVANCED_FACE('', (#6056), #6073, .F.);
#6056 = FACE_OUTER_BOUND('', #6057, .F.);
#6057 = EDGE_LOOP('', (#6058, #6059, #6060, #6061, #6068));
#6058 = ORIENTED_EDGE('', *, *, #5262, .F.);
#6059 = ORIENTED_EDGE('', *, *, #5776, .T.);
#6060 = ORIENTED_EDGE('', *, *, #5963, .F.);
#6061 = ORIENTED_EDGE('', *, *, #6062, .F.);
#6062 = EDGE_CURVE('', #6063, #5964, #6065, .T.);
#6063 = VERTEX_POINT('', #6064);
#6064 = CARTESIAN_POINT('', (2.3, -1.3, 13.05));
#6065 = B_SPLINE_CURVE_WITH_KNOTS('', 1, (#6066, #6067), .UNSPECIFIED., .F., .U., (2, 2), (0., 1.), .UNSPECIFIED.);
#6066 = CARTESIAN_POINT('', (2.3, -1.3, 13.05));
#6067 = CARTESIAN_POINT('', (2.3, -1.3, 23.8));
#6068 = ORIENTED_EDGE('', *, *, #6069, .T.);
#6069 = EDGE_CURVE('', #6063, #5263, #6070, .T.);
#6070 = B_SPLINE_CURVE_WITH_KNOTS('', 1, (#6071, #6072), .UNSPECIFIED., .F., .U., (2, 2), (0.00347222222222223, 0.09375), .UNSPECIFIED.);
#6071 = CARTESIAN_POINT('', (2.3, -1.3, 13.05));
#6072 = CARTESIAN_POINT('', (2.3, 1.3, 13.05));
#6073 = B_SPLINE_SURFACE_WITH_KNOTS('', 1, 1, ((#6074, #6075), (#6076, #6077)), .UNSPECIFIED., .F., .F., .U., (2, 2), (2, 2), (0., 1.), (0., 1.), .UNSPECIFIED.);
#6074 = CARTESIAN_POINT('', (2.3, -1.4, 13.05));
#6075 = CARTESIAN_POINT('', (2.3, -1.4, 24.05));
#6076 = CARTESIAN_POINT('', (2.3, 27.4, 13.05));
#6077 = CARTESIAN_POINT('', (2.3, 27.4, 24.05));
#6078 = ADVANCED_FACE('', (#6079), #6110, .F.);
#6079 = FACE_OUTER_BOUND('', #6080, .F.);
#6080 = EDGE_LOOP('', (#6081, #6090, #6095, #6096, #6097, #6104));
#6081 = ORIENTED_EDGE('', *, *, #6082, .T.);
#6082 = EDGE_CURVE('', #6083, #6085, #6087, .T.);
#6083 = VERTEX_POINT('', #6084);
#6084 = CARTESIAN_POINT('', (-1.16271340717528, 0.550000000312046, 13.05));
#6085 = VERTEX_POINT('', #6086);
#6086 = CARTESIAN_POINT('', (-0.9, 0.550000000000001, 13.05));
#6087 = B_SPLINE_CURVE_WITH_KNOTS('', 1, (#6088, #6089), .UNSPECIFIED., .F., .U., (2, 2), (0.474573185649441, 1.), .UNSPECIFIED.);
#6088 = CARTESIAN_POINT('', (-1.16271340717528, 0.550000000000001, 13.05));
#6089 = CARTESIAN_POINT('', (-0.9, 0.550000000000001, 13.05));
#6090 = ORIENTED_EDGE('', *, *, #6091, .T.);
#6091 = EDGE_CURVE('', #6085, #5271, #6092, .T.);
#6092 = B_SPLINE_CURVE_WITH_KNOTS('', 1, (#6093, #6094), .UNSPECIFIED., .F., .U., (2, 2), (0., 0.031380753138076), .UNSPECIFIED.);
#6093 = CARTESIAN_POINT('', (-0.9, 0.549999999999983, 13.05));
#6094 = CARTESIAN_POINT('', (-0.9, 1.3, 13.05));
#6095 = ORIENTED_EDGE('', *, *, #5270, .T.);
#6096 = ORIENTED_EDGE('', *, *, #6069, .F.);
#6097 = ORIENTED_EDGE('', *, *, #6098, .F.);
#6098 = EDGE_CURVE('', #6099, #6063, #6101, .T.);
#6099 = VERTEX_POINT('', #6100);
#6100 = CARTESIAN_POINT('', (1.4, -1.3, 13.05));
#6101 = B_SPLINE_CURVE_WITH_KNOTS('', 1, (#6102, #6103), .UNSPECIFIED., .F., .U., (2, 2), (0., 0.0599193664965511), .UNSPECIFIED.);
#6102 = CARTESIAN_POINT('', (1.39999999999999, -1.3, 13.05));
#6103 = CARTESIAN_POINT('', (2.3, -1.3, 13.05));
#6104 = ORIENTED_EDGE('', *, *, #6105, .F.);
#6105 = EDGE_CURVE('', #6083, #6099, #6106, .T.);
#6106 = (
   BOUNDED_CURVE ()
   B_SPLINE_CURVE (2, (#6107, #6108, #6109), .UNSPECIFIED., .F., .U.)
   B_SPLINE_CURVE_WITH_KNOTS ((3, 3), (0.214091795196309, 1.), .UNSPECIFIED.)
   CURVE ()
   GEOMETRIC_REPRESENTATION_ITEM ()
   RATIONAL_B_SPLINE_CURVE ((0.901437625179497, 0.769812816203145, 1.))
   REPRESENTATION_ITEM ('')
);
#6107 = CARTESIAN_POINT('', (-1.16271340598261, 0.550000000707627, 13.05));
#6108 = CARTESIAN_POINT('', (-0.549105971135852, -1.3, 13.05));
#6109 = CARTESIAN_POINT('', (1.4, -1.3, 13.05));
#6110 = B_SPLINE_SURFACE_WITH_KNOTS('', 1, 1, ((#6111, #6112), (#6113, #6114)), .UNSPECIFIED., .F., .F., .U., (2, 2), (2, 2), (0., 1.), (0., 1.), .UNSPECIFIED.);
#6111 = CARTESIAN_POINT('', (16.4201855029928, -2.97018550299276, 13.05));
#6112 = CARTESIAN_POINT('', (16.4201855029928, 28.9701855029928, 13.05));
#6113 = CARTESIAN_POINT('', (-15.5201855029928, -2.97018550299276, 13.05));
#6114 = CARTESIAN_POINT('', (-15.5201855029928, 28.9701855029928, 13.05));
#6115 = ADVANCED_FACE('', (#6116, #6142), #6158, .T.);
#6116 = FACE_OUTER_BOUND('', #6117, .T.);
#6117 = EDGE_LOOP('', (#6118, #6119, #6126, #6135, #6140, #6141));
#6118 = ORIENTED_EDGE('', *, *, #6098, .F.);
#6119 = ORIENTED_EDGE('', *, *, #6120, .F.);
#6120 = EDGE_CURVE('', #6121, #6099, #6123, .T.);
#6121 = VERTEX_POINT('', #6122);
#6122 = CARTESIAN_POINT('', (1.4, -1.3, 0.37));
#6123 = B_SPLINE_CURVE_WITH_KNOTS('', 1, (#6124, #6125), .UNSPECIFIED., .F., .U., (2, 2), (0.0571917808219178, 0.491438356164384), .UNSPECIFIED.);
#6124 = CARTESIAN_POINT('', (1.4, -1.3, 0.37));
#6125 = CARTESIAN_POINT('', (1.4, -1.3, 13.05));
#6126 = ORIENTED_EDGE('', *, *, #6127, .T.);
#6127 = EDGE_CURVE('', #6121, #6128, #6130, .T.);
#6128 = VERTEX_POINT('', #6129);
#6129 = CARTESIAN_POINT('', (85.35, -1.3, 0.37));
#6130 = B_SPLINE_CURVE_WITH_KNOTS('', 3, (#6131, #6132, #6133, #6134), .UNSPECIFIED., .F., .U., (4, 4), (0., 83.95), .UNSPECIFIED.);
#6131 = CARTESIAN_POINT('', (1.4, -1.3, 0.37));
#6132 = CARTESIAN_POINT('', (29.3833333333333, -1.3, 0.37));
#6133 = CARTESIAN_POINT('', (57.3666666666667, -1.3, 0.37));
#6134 = CARTESIAN_POINT('', (85.35, -1.3, 0.37));
#6135 = ORIENTED_EDGE('', *, *, #6136, .T.);
#6136 = EDGE_CURVE('', #6128, #5971, #6137, .T.);
#6137 = B_SPLINE_CURVE_WITH_KNOTS('', 1, (#6138, #6139), .UNSPECIFIED., .F., .U., (2, 2), (0.0665338645418327, 1.), .UNSPECIFIED.);
#6138 = CARTESIAN_POINT('', (85.35, -1.3, 0.37));
#6139 = CARTESIAN_POINT('', (85.35, -1.3, 23.8));
#6140 = ORIENTED_EDGE('', *, *, #5970, .T.);
#6141 = ORIENTED_EDGE('', *, *, #6062, .F.);
#6142 = FACE_BOUND('', #6143, .T.);
#6143 = EDGE_LOOP('', (#6144));
#6144 = ORIENTED_EDGE('', *, *, #6145, .T.);
#6145 = EDGE_CURVE('', #6146, #6146, #6148, .T.);
#6146 = VERTEX_POINT('', #6147);
#6147 = CARTESIAN_POINT('', (48.2, -1.3, 13.3));
#6148 = (
   BOUNDED_CURVE ()
   B_SPLINE_CURVE (2, (#6149, #6150, #6151, #6152, #6153, #6154, #6155, #6156, #6157), .UNSPECIFIED., .T., .U.)
   B_SPLINE_CURVE_WITH_KNOTS ((3, 2, 2, 2, 3), (0., 0.25, 0.5, 0.75, 1.), .UNSPECIFIED.)
   CURVE ()
   GEOMETRIC_REPRESENTATION_ITEM ()
   RATIONAL_B_SPLINE_CURVE ((1., 0.707106781186548, 1., 0.707106781186548, 1., 0.707106781186548, 1., 0.707106781186548, 1.))
   REPRESENTATION_ITEM ('')
);
#6149 = CARTESIAN_POINT('', (48.2, -1.3, 13.3));
#6150 = CARTESIAN_POINT('', (48.2, -1.3, 7.1));
#6151 = CARTESIAN_POINT('', (42., -1.3, 7.1));
#6152 = CARTESIAN_POINT('', (35.8, -1.3, 7.1));
#6153 = CARTESIAN_POINT('', (35.8, -1.3, 13.3));
#6154 = CARTESIAN_POINT('', (35.8, -1.3, 19.5));
#6155 = CARTESIAN_POINT('', (42., -1.3, 19.5));
#6156 = CARTESIAN_POINT('', (48.2, -1.3, 19.5));
#6157 = CARTESIAN_POINT('', (48.2, -1.3, 13.3));
#6158 = B_SPLINE_SURFACE_WITH_KNOTS('', 1, 1, ((#6159, #6160), (#6161, #6162)), .UNSPECIFIED., .F., .F., .U., (2, 2), (2, 2), (0., 1.78627450980392), (0.0571917808219178, 1.25102739726027), .UNSPECIFIED.);
#6159 = CARTESIAN_POINT('', (1.4, -1.3, 0.37));
#6160 = CARTESIAN_POINT('', (1.4, -1.3, 35.23));
#6161 = CARTESIAN_POINT('', (92.5, -1.3, 0.37));
#6162 = CARTESIAN_POINT('', (92.5, -1.3, 35.23));
#6163 = ADVANCED_FACE('', (#6164), #6187, .F.);
#6164 = FACE_OUTER_BOUND('', #6165, .F.);
#6165 = EDGE_LOOP('', (#6166, #6173, #6174, #6175));
#6166 = ORIENTED_EDGE('', *, *, #6167, .F.);
#6167 = EDGE_CURVE('', #6146, #6168, #6170, .T.);
#6168 = VERTEX_POINT('', #6169);
#6169 = CARTESIAN_POINT('', (48.2, 1.6, 13.3));
#6170 = B_SPLINE_CURVE_WITH_KNOTS('', 1, (#6171, #6172), .UNSPECIFIED., .F., .U., (2, 2), (-0.3, 2.6), .UNSPECIFIED.);
#6171 = CARTESIAN_POINT('', (48.2, -1.3, 13.3));
#6172 = CARTESIAN_POINT('', (48.2, 1.6, 13.3));
#6173 = ORIENTED_EDGE('', *, *, #6145, .T.);
#6174 = ORIENTED_EDGE('', *, *, #6167, .T.);
#6175 = ORIENTED_EDGE('', *, *, #6176, .F.);
#6176 = EDGE_CURVE('', #6168, #6168, #6177, .T.);
#6177 = (
   BOUNDED_CURVE ()
   B_SPLINE_CURVE (2, (#6178, #6179, #6180, #6181, #6182, #6183, #6184, #6185, #6186), .UNSPECIFIED., .T., .U.)
   B_SPLINE_CURVE_WITH_KNOTS ((3, 2, 2, 2, 3), (0., 0.25, 0.5, 0.75, 1.), .UNSPECIFIED.)
   CURVE ()
   GEOMETRIC_REPRESENTATION_ITEM ()
   RATIONAL_B_SPLINE_CURVE ((1., 0.707106781186548, 1., 0.707106781186548, 1., 0.707106781186548, 1., 0.707106781186548, 1.))
   REPRESENTATION_ITEM ('')
);
#6178 = CARTESIAN_POINT('', (48.2, 1.6, 13.3));
#6179 = CARTESIAN_POINT('', (48.2, 1.6, 7.1));
#6180 = CARTESIAN_POINT('', (42., 1.6, 7.1));
#6181 = CARTESIAN_POINT('', (35.8, 1.6, 7.1));
#6182 = CARTESIAN_POINT('', (35.8, 1.6, 13.3));
#6183 = CARTESIAN_POINT('', (35.8, 1.6, 19.5));
#6184 = CARTESIAN_POINT('', (42., 1.6, 19.5));
#6185 = CARTESIAN_POINT('', (48.2, 1.6, 19.5));
#6186 = CARTESIAN_POINT('', (48.2, 1.6, 13.3));
#6187 = (
   BOUNDED_SURFACE ()
   B_SPLINE_SURFACE (2, 1, ((#6188, #6189), (#6190, #6191), (#6192, #6193), (#6194, #6195), (#6196, #6197), (#6198, #6199), (#6200, #6201), (#6202, #6203), (#6204, #6205)), .UNSPECIFIED., .T., .F., .U.)
   B_SPLINE_SURFACE_WITH_KNOTS ((3, 2, 2, 2, 3), (2, 2), (0., 9.73893722612836, 19.4778744522567, 29.2168116783851, 38.9557489045135), (-1.14, 6.14), .UNSPECIFIED.)
   GEOMETRIC_REPRESENTATION_ITEM ()
   RATIONAL_B_SPLINE_SURFACE (((1., 1.), (0.707106781186548, 0.707106781186548), (1., 1.), (0.707106781186548, 0.707106781186548), (1., 1.), (0.707106781186548, 0.707106781186548), (1., 1.), (0.707106781186548, 0.707106781186548), (1., 1.)))
   REPRESENTATION_ITEM ('')
   SURFACE ()
);
#6188 = CARTESIAN_POINT('', (48.2, -2.14, 13.3));
#6189 = CARTESIAN_POINT('', (48.2, 5.14, 13.3));
#6190 = CARTESIAN_POINT('', (48.2, -2.14, 7.1));
#6191 = CARTESIAN_POINT('', (48.2, 5.14, 7.1));
#6192 = CARTESIAN_POINT('', (42., -2.14, 7.1));
#6193 = CARTESIAN_POINT('', (42., 5.14, 7.1));
#6194 = CARTESIAN_POINT('', (35.8, -2.14, 7.1));
#6195 = CARTESIAN_POINT('', (35.8, 5.14, 7.1));
#6196 = CARTESIAN_POINT('', (35.8, -2.14, 13.3));
#6197 = CARTESIAN_POINT('', (35.8, 5.14, 13.3));
#6198 = CARTESIAN_POINT('', (35.8, -2.14, 19.5));
#6199 = CARTESIAN_POINT('', (35.8, 5.14, 19.5));
#6200 = CARTESIAN_POINT('', (42., -2.14, 19.5));
#6201 = CARTESIAN_POINT('', (42., 5.14, 19.5));
#6202 = CARTESIAN_POINT('', (48.2, -2.14, 19.5));
#6203 = CARTESIAN_POINT('', (48.2, 5.14, 19.5));
#6204 = CARTESIAN_POINT('', (48.2, -2.14, 13.3));
#6205 = CARTESIAN_POINT('', (48.2, 5.14, 13.3));
#6206 = ADVANCED_FACE('', (#6207, #6299), #6302, .F.);
#6207 = FACE_OUTER_BOUND('', #6208, .F.);
#6208 = EDGE_LOOP('', (#6209, #6218, #6225, #6232, #6239, #6246, #6253, #6260, #6267, #6274, #6281, #6288, #6293, #6294));
#6209 = ORIENTED_EDGE('', *, *, #6210, .F.);
#6210 = EDGE_CURVE('', #6211, #6213, #6215, .T.);
#6211 = VERTEX_POINT('', #6212);
#6212 = CARTESIAN_POINT('', (32., 1.6, 23.05));
#6213 = VERTEX_POINT('', #6214);
#6214 = CARTESIAN_POINT('', (31.9233241632105, 1.6, 23.05));
#6215 = B_SPLINE_CURVE_WITH_KNOTS('', 1, (#6216, #6217), .UNSPECIFIED., .F., .U., (2, 2), (0.846478990604051, 1.), .UNSPECIFIED.);
#6216 = CARTESIAN_POINT('', (32., 1.6, 23.05));
#6217 = CARTESIAN_POINT('', (31.9233241632105, 1.6, 23.05));
#6218 = ORIENTED_EDGE('', *, *, #6219, .F.);
#6219 = EDGE_CURVE('', #6220, #6211, #6222, .T.);
#6220 = VERTEX_POINT('', #6221);
#6221 = CARTESIAN_POINT('', (32., 1.6, 2.1));
#6222 = B_SPLINE_CURVE_WITH_KNOTS('', 1, (#6223, #6224), .UNSPECIFIED., .F., .U., (2, 2), (0., 1.), .UNSPECIFIED.);
#6223 = CARTESIAN_POINT('', (32., 1.6, 2.09999999999999));
#6224 = CARTESIAN_POINT('', (32., 1.6, 23.05));
#6225 = ORIENTED_EDGE('', *, *, #6226, .T.);
#6226 = EDGE_CURVE('', #6220, #6227, #6229, .T.);
#6227 = VERTEX_POINT('', #6228);
#6228 = CARTESIAN_POINT('', (54., 1.6, 2.1));
#6229 = B_SPLINE_CURVE_WITH_KNOTS('', 1, (#6230, #6231), .UNSPECIFIED., .F., .U., (2, 2), (0.587426326129666, 1.0196463654224), .UNSPECIFIED.);
#6230 = CARTESIAN_POINT('', (32., 1.6, 2.1));
#6231 = CARTESIAN_POINT('', (54., 1.6, 2.1));
#6232 = ORIENTED_EDGE('', *, *, #6233, .F.);
#6233 = EDGE_CURVE('', #6234, #6227, #6236, .T.);
#6234 = VERTEX_POINT('', #6235);
#6235 = CARTESIAN_POINT('', (54., 1.6, 23.));
#6236 = B_SPLINE_CURVE_WITH_KNOTS('', 1, (#6237, #6238), .UNSPECIFIED., .F., .U., (2, 2), (0., 1.), .UNSPECIFIED.);
#6237 = CARTESIAN_POINT('', (54., 1.6, 23.));
#6238 = CARTESIAN_POINT('', (54., 1.6, 2.1));
#6239 = ORIENTED_EDGE('', *, *, #6240, .F.);
#6240 = EDGE_CURVE('', #6241, #6234, #6243, .T.);
#6241 = VERTEX_POINT('', #6242);
#6242 = CARTESIAN_POINT('', (87., 1.6, 23.));
#6243 = B_SPLINE_CURVE_WITH_KNOTS('', 1, (#6244, #6245), .UNSPECIFIED., .F., .U., (2, 2), (0.0294103745742256, 0.953736432621332), .UNSPECIFIED.);
#6244 = CARTESIAN_POINT('', (87., 1.6, 23.));
#6245 = CARTESIAN_POINT('', (54., 1.6, 23.));
#6246 = ORIENTED_EDGE('', *, *, #6247, .F.);
#6247 = EDGE_CURVE('', #6248, #6241, #6250, .T.);
#6248 = VERTEX_POINT('', #6249);
#6249 = CARTESIAN_POINT('', (87., 1.6, 2.1));
#6250 = B_SPLINE_CURVE_WITH_KNOTS('', 1, (#6251, #6252), .UNSPECIFIED., .F., .U., (2, 2), (-1.0547118733939E-15, 1.), .UNSPECIFIED.);
#6251 = CARTESIAN_POINT('', (87., 1.6, 2.09999999999998));
#6252 = CARTESIAN_POINT('', (87., 1.6, 23.));
#6253 = ORIENTED_EDGE('', *, *, #6254, .T.);
#6254 = EDGE_CURVE('', #6248, #6255, #6257, .T.);
#6255 = VERTEX_POINT('', #6256);
#6256 = CARTESIAN_POINT('', (88.05, 1.6, 2.1));
#6257 = B_SPLINE_CURVE_WITH_KNOTS('', 1, (#6258, #6259), .UNSPECIFIED., .F., .U., (2, 2), (1.66797642436149, 1.68860510805501), .UNSPECIFIED.);
#6258 = CARTESIAN_POINT('', (87., 1.6, 2.1));
#6259 = CARTESIAN_POINT('', (88.05, 1.6, 2.1));
#6260 = ORIENTED_EDGE('', *, *, #6261, .F.);
#6261 = EDGE_CURVE('', #6262, #6255, #6264, .T.);
#6262 = VERTEX_POINT('', #6263);
#6263 = CARTESIAN_POINT('', (88.05, 1.6, 6.31344632863835));
#6264 = B_SPLINE_CURVE_WITH_KNOTS('', 1, (#6265, #6266), .UNSPECIFIED., .F., .U., (2, 2), (0.805831966422196, 1.), .UNSPECIFIED.);
#6265 = CARTESIAN_POINT('', (88.05, 1.6, 6.31344632863835));
#6266 = CARTESIAN_POINT('', (88.05, 1.6, 2.1));
#6267 = ORIENTED_EDGE('', *, *, #6268, .F.);
#6268 = EDGE_CURVE('', #6269, #6262, #6271, .T.);
#6269 = VERTEX_POINT('', #6270);
#6270 = CARTESIAN_POINT('', (87.05, 1.6, 6.31344632863835));
#6271 = B_SPLINE_CURVE_WITH_KNOTS('', 1, (#6272, #6273), .UNSPECIFIED., .F., .U., (2, 2), (0., 0.952380952380941), .UNSPECIFIED.);
#6272 = CARTESIAN_POINT('', (87.05, 1.6, 6.31344632863835));
#6273 = CARTESIAN_POINT('', (88.05, 1.6, 6.31344632863835));
#6274 = ORIENTED_EDGE('', *, *, #6275, .F.);
#6275 = EDGE_CURVE('', #6276, #6269, #6278, .T.);
#6276 = VERTEX_POINT('', #6277);
#6277 = CARTESIAN_POINT('', (87.05, 1.6, 19.6865536713617));
#6278 = B_SPLINE_CURVE_WITH_KNOTS('', 1, (#6279, #6280), .UNSPECIFIED., .F., .U., (2, 2), (0.293712703961379, 0.830785288006491), .UNSPECIFIED.);
#6279 = CARTESIAN_POINT('', (87.0500000000001, 1.6, 19.6865536713617));
#6280 = CARTESIAN_POINT('', (87.0500000000001, 1.6, 6.31344632863835));
#6281 = ORIENTED_EDGE('', *, *, #6282, .T.);
#6282 = EDGE_CURVE('', #6276, #6283, #6285, .T.);
#6283 = VERTEX_POINT('', #6284);
#6284 = CARTESIAN_POINT('', (88.05, 1.6, 19.6865536713617));
#6285 = B_SPLINE_CURVE_WITH_KNOTS('', 1, (#6286, #6287), .UNSPECIFIED., .F., .U., (2, 2), (0., 0.952380952380941), .UNSPECIFIED.);
#6286 = CARTESIAN_POINT('', (87.05, 1.6, 19.6865536713617));
#6287 = CARTESIAN_POINT('', (88.05, 1.6, 19.6865536713617));
#6288 = ORIENTED_EDGE('', *, *, #6289, .F.);
#6289 = EDGE_CURVE('', #6016, #6283, #6290, .T.);
#6290 = B_SPLINE_CURVE_WITH_KNOTS('', 1, (#6291, #6292), .UNSPECIFIED., .F., .U., (2, 2), (0., 0.189559738646929), .UNSPECIFIED.);
#6291 = CARTESIAN_POINT('', (88.05, 1.6, 23.8));
#6292 = CARTESIAN_POINT('', (88.05, 1.6, 19.6865536713617));
#6293 = ORIENTED_EDGE('', *, *, #6022, .T.);
#6294 = ORIENTED_EDGE('', *, *, #6295, .F.);
#6295 = EDGE_CURVE('', #6213, #6023, #6296, .T.);
#6296 = B_SPLINE_CURVE_WITH_KNOTS('', 1, (#6297, #6298), .UNSPECIFIED., .F., .U., (2, 2), (0.965437788018433, 1.), .UNSPECIFIED.);
#6297 = CARTESIAN_POINT('', (31.9233241632105, 1.6, 23.05));
#6298 = CARTESIAN_POINT('', (31.9233241632105, 1.6, 23.8));
#6299 = FACE_BOUND('', #6300, .F.);
#6300 = EDGE_LOOP('', (#6301));
#6301 = ORIENTED_EDGE('', *, *, #6176, .T.);
#6302 = B_SPLINE_SURFACE_WITH_KNOTS('', 1, 1, ((#6303, #6304), (#6305, #6306)), .UNSPECIFIED., .F., .F., .U., (2, 2), (2, 2), (0., 1.68958742632613), (0., 1.40178571428571), .UNSPECIFIED.);
#6303 = CARTESIAN_POINT('', (2.1, 1.6, 2.1));
#6304 = CARTESIAN_POINT('', (2.1, 1.6, 33.5));
#6305 = CARTESIAN_POINT('', (88.1, 1.6, 2.1));
#6306 = CARTESIAN_POINT('', (88.1, 1.6, 33.5));
#6307 = ADVANCED_FACE('', (#6308), #6339, .T.);
#6308 = FACE_OUTER_BOUND('', #6309, .T.);
#6309 = EDGE_LOOP('', (#6310, #6318, #6325, #6335, #6336, #6337, #6338));
#6310 = ORIENTED_EDGE('', *, *, #6311, .T.);
#6311 = EDGE_CURVE('', #6213, #6312, #6314, .T.);
#6312 = VERTEX_POINT('', #6313);
#6313 = CARTESIAN_POINT('', (32., 1.7316067816596, 23.05));
#6314 = (
   BOUNDED_CURVE ()
   B_SPLINE_CURVE (2, (#6315, #6316, #6317), .UNSPECIFIED., .F., .U.)
   B_SPLINE_CURVE_WITH_KNOTS ((3, 3), (0.862508169184221, 0.875223288999137), .UNSPECIFIED.)
   CURVE ()
   GEOMETRIC_REPRESENTATION_ITEM ()
   RATIONAL_B_SPLINE_CURVE ((0.89297146183531, 0.894445968854877, 0.896563102743625))
   REPRESENTATION_ITEM ('')
);
#6315 = CARTESIAN_POINT('', (31.9233241632105, 1.6, 23.05));
#6316 = CARTESIAN_POINT('', (31.9634210908036, 1.66477856900451, 23.05));
#6317 = CARTESIAN_POINT('', (32., 1.7316067816596, 23.05));
#6318 = ORIENTED_EDGE('', *, *, #6319, .F.);
#6319 = EDGE_CURVE('', #6320, #6312, #6322, .T.);
#6320 = VERTEX_POINT('', #6321);
#6321 = CARTESIAN_POINT('', (31.9999999999998, 1.73160672691264, 1.96839327308736));
#6322 = B_SPLINE_CURVE_WITH_KNOTS('', 1, (#6323, #6324), .UNSPECIFIED., .F., .U., (2, 2), (0.0194601502772682, 1.), .UNSPECIFIED.);
#6323 = CARTESIAN_POINT('', (32., 1.7316067816596, 1.96839323096127));
#6324 = CARTESIAN_POINT('', (32., 1.7316067816596, 23.05));
#6325 = ORIENTED_EDGE('', *, *, #6326, .T.);
#6326 = EDGE_CURVE('', #6320, #1188, #6327, .T.);
#6327 = B_SPLINE_CURVE_WITH_KNOTS('', 3, (#6328, #6329, #6330, #6331, #6332, #6333, #6334), .UNSPECIFIED., .F., .U., (4, 3, 4), (0.201245623617145, 0.436904295656345, 0.749035750811807), .UNSPECIFIED.);
#6328 = CARTESIAN_POINT('', (31.9999999999998, 1.73160672691264, 1.96839327308736));
#6329 = CARTESIAN_POINT('', (32.0283682847074, 1.78343450510071, 1.91656549489929));
#6330 = CARTESIAN_POINT('', (32.0549168190418, 1.83576434991719, 1.86423565008281));
#6331 = CARTESIAN_POINT('', (32.0796737512479, 1.88847891593972, 1.81152108406028));
#6332 = CARTESIAN_POINT('', (32.1124644701626, 1.95829970402327, 1.74170029597673));
#6333 = CARTESIAN_POINT('', (32.1421539684903, 2.02888375835784, 1.67111624164216));
#6334 = CARTESIAN_POINT('', (32.1688012290165, 2.1, 1.6));
#6335 = ORIENTED_EDGE('', *, *, #1194, .T.);
#6336 = ORIENTED_EDGE('', *, *, #5899, .T.);
#6337 = ORIENTED_EDGE('', *, *, #6029, .F.);
#6338 = ORIENTED_EDGE('', *, *, #6295, .F.);
#6339 = (
   BOUNDED_SURFACE ()
   B_SPLINE_SURFACE (2, 1, ((#6340, #6341), (#6342, #6343), (#6344, #6345), (#6346, #6347), (#6348, #6349), (#6350, #6351), (#6352, #6353), (#6354, #6355), (#6356, #6357)), .UNSPECIFIED., .T., .F., .U.)
   B_SPLINE_SURFACE_WITH_KNOTS ((3, 2, 2, 2, 3), (2, 2), (0., 4.47676953136546, 8.95353906273092, 13.4303085940964, 17.9070781254618), (0., 22.25), .UNSPECIFIED.)
   GEOMETRIC_REPRESENTATION_ITEM ()
   RATIONAL_B_SPLINE_SURFACE (((1., 1.), (0.707106781186548, 0.707106781186548), (1., 1.), (0.707106781186548, 0.707106781186548), (1., 1.), (0.707106781186548, 0.707106781186548), (1., 1.), (0.707106781186548, 0.707106781186548), (1., 1.)))
   REPRESENTATION_ITEM ('')
   SURFACE ()
);
#6340 = CARTESIAN_POINT('', (32.35, 3.1, 1.55));
#6341 = CARTESIAN_POINT('', (32.35, 3.1, 23.8));
#6342 = CARTESIAN_POINT('', (32.35, 5.95, 1.55));
#6343 = CARTESIAN_POINT('', (32.35, 5.95, 23.8));
#6344 = CARTESIAN_POINT('', (29.5, 5.95, 1.55));
#6345 = CARTESIAN_POINT('', (29.5, 5.95, 23.8));
#6346 = CARTESIAN_POINT('', (26.65, 5.95, 1.55));
#6347 = CARTESIAN_POINT('', (26.65, 5.95, 23.8));
#6348 = CARTESIAN_POINT('', (26.65, 3.1, 1.55));
#6349 = CARTESIAN_POINT('', (26.65, 3.1, 23.8));
#6350 = CARTESIAN_POINT('', (26.65, 0.249999999999999, 1.55));
#6351 = CARTESIAN_POINT('', (26.65, 0.249999999999999, 23.8));
#6352 = CARTESIAN_POINT('', (29.5, 0.249999999999999, 1.55));
#6353 = CARTESIAN_POINT('', (29.5, 0.249999999999999, 23.8));
#6354 = CARTESIAN_POINT('', (32.35, 0.249999999999998, 1.55));
#6355 = CARTESIAN_POINT('', (32.35, 0.249999999999998, 23.8));
#6356 = CARTESIAN_POINT('', (32.35, 3.1, 1.55));
#6357 = CARTESIAN_POINT('', (32.35, 3.1, 23.8));
#6358 = ADVANCED_FACE('', (#6359), #6375, .T.);
#6359 = FACE_OUTER_BOUND('', #6360, .T.);
#6360 = EDGE_LOOP('', (#6361, #6362, #6367, #6368));
#6361 = ORIENTED_EDGE('', *, *, #6319, .T.);
#6362 = ORIENTED_EDGE('', *, *, #6363, .F.);
#6363 = EDGE_CURVE('', #6211, #6312, #6364, .T.);
#6364 = B_SPLINE_CURVE_WITH_KNOTS('', 1, (#6365, #6366), .UNSPECIFIED., .F., .U., (2, 2), (0.0277777777777778, 0.100892656477555), .UNSPECIFIED.);
#6365 = CARTESIAN_POINT('', (32., 1.6, 23.05));
#6366 = CARTESIAN_POINT('', (32., 1.7316067816596, 23.05));
#6367 = ORIENTED_EDGE('', *, *, #6219, .F.);
#6368 = ORIENTED_EDGE('', *, *, #6369, .T.);
#6369 = EDGE_CURVE('', #6220, #6320, #6370, .T.);
#6370 = B_SPLINE_CURVE_WITH_KNOTS('', 3, (#6371, #6372, #6373, #6374), .UNSPECIFIED., .F., .U., (4, 4), (0., 0.186120018099369), .UNSPECIFIED.);
#6371 = CARTESIAN_POINT('', (32., 1.6, 2.1));
#6372 = CARTESIAN_POINT('', (32., 1.64386890897088, 2.05613109102912));
#6373 = CARTESIAN_POINT('', (32., 1.68773781794175, 2.01226218205825));
#6374 = CARTESIAN_POINT('', (32., 1.73160672691263, 1.96839327308737));
#6375 = B_SPLINE_SURFACE_WITH_KNOTS('', 1, 1, ((#6376, #6377), (#6378, #6379)), .UNSPECIFIED., .F., .F., .U., (2, 2), (2, 2), (0., 1.), (0., 1.), .UNSPECIFIED.);
#6376 = CARTESIAN_POINT('', (32., 1.55, 1.55));
#6377 = CARTESIAN_POINT('', (32., 1.55, 23.05));
#6378 = CARTESIAN_POINT('', (32., 3.35, 1.55));
#6379 = CARTESIAN_POINT('', (32., 3.35, 23.05));
#6380 = ADVANCED_FACE('', (#6381), #6386, .T.);
#6381 = FACE_OUTER_BOUND('', #6382, .T.);
#6382 = EDGE_LOOP('', (#6383, #6384, #6385));
#6383 = ORIENTED_EDGE('', *, *, #6311, .F.);
#6384 = ORIENTED_EDGE('', *, *, #6210, .F.);
#6385 = ORIENTED_EDGE('', *, *, #6363, .T.);
#6386 = B_SPLINE_SURFACE_WITH_KNOTS('', 1, 1, ((#6387, #6388), (#6389, #6390)), .UNSPECIFIED., .F., .F., .U., (2, 2), (2, 2), (0., 1.), (0., 1.), .UNSPECIFIED.);
#6387 = CARTESIAN_POINT('', (32.422772656229, -0.472772656229013, 23.05));
#6388 = CARTESIAN_POINT('', (26.577227343771, -0.472772656229013, 23.05));
#6389 = CARTESIAN_POINT('', (32.422772656229, 5.37277265622901, 23.05));
#6390 = CARTESIAN_POINT('', (26.577227343771, 5.37277265622901, 23.05));
#6391 = ADVANCED_FACE('', (#6392), #6403, .F.);
#6392 = FACE_OUTER_BOUND('', #6393, .F.);
#6393 = EDGE_LOOP('', (#6394, #6395, #6396, #6397, #6402));
#6394 = ORIENTED_EDGE('', *, *, #6369, .T.);
#6395 = ORIENTED_EDGE('', *, *, #6326, .T.);
#6396 = ORIENTED_EDGE('', *, *, #1187, .T.);
#6397 = ORIENTED_EDGE('', *, *, #6398, .T.);
#6398 = EDGE_CURVE('', #1181, #6227, #6399, .T.);
#6399 = B_SPLINE_CURVE_WITH_KNOTS('', 1, (#6400, #6401), .UNSPECIFIED., .F., .U., (2, 2), (0., 1.), .UNSPECIFIED.);
#6400 = CARTESIAN_POINT('', (54., 2.1, 1.6));
#6401 = CARTESIAN_POINT('', (54., 1.6, 2.1));
#6402 = ORIENTED_EDGE('', *, *, #6226, .F.);
#6403 = B_SPLINE_SURFACE_WITH_KNOTS('', 1, 1, ((#6404, #6405), (#6406, #6407)), .UNSPECIFIED., .F., .F., .U., (2, 2), (2, 2), (-0.0101014364198215, 1.69524518635289), (-3.34047684187247E-16, 1.), .UNSPECIFIED.);
#6404 = CARTESIAN_POINT('', (1.79712781938217, 2.1, 1.6));
#6405 = CARTESIAN_POINT('', (1.58583688623109, 1.6, 2.1));
#6406 = CARTESIAN_POINT('', (87.8928932188134, 2.1, 1.6));
#6407 = CARTESIAN_POINT('', (88.387979985362, 1.6, 2.1));
#6408 = ADVANCED_FACE('', (#6409), #6454, .T.);
#6409 = FACE_OUTER_BOUND('', #6410, .T.);
#6410 = EDGE_LOOP('', (#6411, #6420, #6427, #6434, #6439, #6440, #6441, #6442, #6449));
#6411 = ORIENTED_EDGE('', *, *, #6412, .T.);
#6412 = EDGE_CURVE('', #6413, #6415, #6417, .T.);
#6413 = VERTEX_POINT('', #6414);
#6414 = CARTESIAN_POINT('', (54., 2.7, 21.8));
#6415 = VERTEX_POINT('', #6416);
#6416 = CARTESIAN_POINT('', (54., 2., 21.8));
#6417 = B_SPLINE_CURVE_WITH_KNOTS('', 1, (#6418, #6419), .UNSPECIFIED., .F., .U., (2, 2), (0., 0.7), .UNSPECIFIED.);
#6418 = CARTESIAN_POINT('', (54., 2.7, 21.8));
#6419 = CARTESIAN_POINT('', (54., 2., 21.8));
#6420 = ORIENTED_EDGE('', *, *, #6421, .F.);
#6421 = EDGE_CURVE('', #6422, #6415, #6424, .T.);
#6422 = VERTEX_POINT('', #6423);
#6423 = CARTESIAN_POINT('', (54., 2., 8.6));
#6424 = B_SPLINE_CURVE_WITH_KNOTS('', 1, (#6425, #6426), .UNSPECIFIED., .F., .U., (2, 2), (0.328671328671329, 0.944055944055944), .UNSPECIFIED.);
#6425 = CARTESIAN_POINT('', (54., 2., 8.6));
#6426 = CARTESIAN_POINT('', (54., 2., 21.8));
#6427 = ORIENTED_EDGE('', *, *, #6428, .F.);
#6428 = EDGE_CURVE('', #6429, #6422, #6431, .T.);
#6429 = VERTEX_POINT('', #6430);
#6430 = CARTESIAN_POINT('', (54., 2.25, 8.6));
#6431 = B_SPLINE_CURVE_WITH_KNOTS('', 1, (#6432, #6433), .UNSPECIFIED., .F., .U., (2, 2), (0., 0.15625), .UNSPECIFIED.);
#6432 = CARTESIAN_POINT('', (54., 2.25, 8.6));
#6433 = CARTESIAN_POINT('', (54., 2., 8.6));
#6434 = ORIENTED_EDGE('', *, *, #6435, .F.);
#6435 = EDGE_CURVE('', #1174, #6429, #6436, .T.);
#6436 = B_SPLINE_CURVE_WITH_KNOTS('', 1, (#6437, #6438), .UNSPECIFIED., .F., .U., (2, 2), (0., 1.), .UNSPECIFIED.);
#6437 = CARTESIAN_POINT('', (54., 2.25, 1.6));
#6438 = CARTESIAN_POINT('', (54., 2.25, 8.6));
#6439 = ORIENTED_EDGE('', *, *, #1180, .F.);
#6440 = ORIENTED_EDGE('', *, *, #6398, .T.);
#6441 = ORIENTED_EDGE('', *, *, #6233, .F.);
#6442 = ORIENTED_EDGE('', *, *, #6443, .F.);
#6443 = EDGE_CURVE('', #6444, #6234, #6446, .T.);
#6444 = VERTEX_POINT('', #6445);
#6445 = CARTESIAN_POINT('', (54., 2.7, 23.));
#6446 = B_SPLINE_CURVE_WITH_KNOTS('', 1, (#6447, #6448), .UNSPECIFIED., .F., .U., (2, 2), (0., 1.1), .UNSPECIFIED.);
#6447 = CARTESIAN_POINT('', (54., 2.7, 23.));
#6448 = CARTESIAN_POINT('', (54., 1.6, 23.));
#6449 = ORIENTED_EDGE('', *, *, #6450, .F.);
#6450 = EDGE_CURVE('', #6413, #6444, #6451, .T.);
#6451 = B_SPLINE_CURVE_WITH_KNOTS('', 1, (#6452, #6453), .UNSPECIFIED., .F., .U., (2, 2), (0., 1.), .UNSPECIFIED.);
#6452 = CARTESIAN_POINT('', (54., 2.7, 21.8));
#6453 = CARTESIAN_POINT('', (54., 2.7, 23.));
#6454 = B_SPLINE_SURFACE_WITH_KNOTS('', 1, 1, ((#6455, #6456), (#6457, #6458)), .UNSPECIFIED., .F., .F., .U., (2, 2), (2, 2), (-0.28125, 1.), (-0.00714285714285715, 3.05714285714286), .UNSPECIFIED.);
#6455 = CARTESIAN_POINT('', (54., 2.7, 1.55));
#6456 = CARTESIAN_POINT('', (54., 2.7, 23.));
#6457 = CARTESIAN_POINT('', (54., 0.65, 1.55));
#6458 = CARTESIAN_POINT('', (54., 0.65, 23.));
#6459 = ADVANCED_FACE('', (#6460), #6476, .T.);
#6460 = FACE_OUTER_BOUND('', #6461, .T.);
#6461 = EDGE_LOOP('', (#6462, #6469, #6470, #6471));
#6462 = ORIENTED_EDGE('', *, *, #6463, .F.);
#6463 = EDGE_CURVE('', #1167, #6464, #6466, .T.);
#6464 = VERTEX_POINT('', #6465);
#6465 = CARTESIAN_POINT('', (64.6, 2.25, 8.6));
#6466 = B_SPLINE_CURVE_WITH_KNOTS('', 1, (#6467, #6468), .UNSPECIFIED., .F., .U., (2, 2), (0., 1.), .UNSPECIFIED.);
#6467 = CARTESIAN_POINT('', (64.6, 2.25, 1.6));
#6468 = CARTESIAN_POINT('', (64.6, 2.25, 8.59999999999999));
#6469 = ORIENTED_EDGE('', *, *, #1173, .F.);
#6470 = ORIENTED_EDGE('', *, *, #6435, .T.);
#6471 = ORIENTED_EDGE('', *, *, #6472, .F.);
#6472 = EDGE_CURVE('', #6464, #6429, #6473, .T.);
#6473 = B_SPLINE_CURVE_WITH_KNOTS('', 1, (#6474, #6475), .UNSPECIFIED., .F., .U., (2, 2), (0.678787878787879, 1.), .UNSPECIFIED.);
#6474 = CARTESIAN_POINT('', (64.6, 2.25, 8.6));
#6475 = CARTESIAN_POINT('', (54., 2.25, 8.6));
#6476 = B_SPLINE_SURFACE_WITH_KNOTS('', 1, 1, ((#6477, #6478), (#6479, #6480)), .UNSPECIFIED., .F., .F., .U., (2, 2), (2, 2), (0., 1.), (0., 1.), .UNSPECIFIED.);
#6477 = CARTESIAN_POINT('', (87., 2.25, 1.6));
#6478 = CARTESIAN_POINT('', (87., 2.25, 8.6));
#6479 = CARTESIAN_POINT('', (54., 2.25, 1.6));
#6480 = CARTESIAN_POINT('', (54., 2.25, 8.6));
#6481 = ADVANCED_FACE('', (#6482), #6526, .T.);
#6482 = FACE_OUTER_BOUND('', #6483, .T.);
#6483 = EDGE_LOOP('', (#6484, #6493, #6500, #6507, #6514, #6519, #6520, #6521));
#6484 = ORIENTED_EDGE('', *, *, #6485, .T.);
#6485 = EDGE_CURVE('', #6486, #6488, #6490, .T.);
#6486 = VERTEX_POINT('', #6487);
#6487 = CARTESIAN_POINT('', (64.6, 2., 8.6));
#6488 = VERTEX_POINT('', #6489);
#6489 = CARTESIAN_POINT('', (64.6, 2., 16.6));
#6490 = B_SPLINE_CURVE_WITH_KNOTS('', 1, (#6491, #6492), .UNSPECIFIED., .F., .U., (2, 2), (0., 1.), .UNSPECIFIED.);
#6491 = CARTESIAN_POINT('', (64.6, 2., 8.59999999999999));
#6492 = CARTESIAN_POINT('', (64.6, 2., 16.6));
#6493 = ORIENTED_EDGE('', *, *, #6494, .F.);
#6494 = EDGE_CURVE('', #6495, #6488, #6497, .T.);
#6495 = VERTEX_POINT('', #6496);
#6496 = CARTESIAN_POINT('', (64.6, 4., 16.6));
#6497 = B_SPLINE_CURVE_WITH_KNOTS('', 1, (#6498, #6499), .UNSPECIFIED., .F., .U., (2, 2), (0., 0.465116279069767), .UNSPECIFIED.);
#6498 = CARTESIAN_POINT('', (64.6, 4., 16.6));
#6499 = CARTESIAN_POINT('', (64.6, 2., 16.6));
#6500 = ORIENTED_EDGE('', *, *, #6501, .F.);
#6501 = EDGE_CURVE('', #6502, #6495, #6504, .T.);
#6502 = VERTEX_POINT('', #6503);
#6503 = CARTESIAN_POINT('', (64.6, 4., 4.5));
#6504 = B_SPLINE_CURVE_WITH_KNOTS('', 1, (#6505, #6506), .UNSPECIFIED., .F., .U., (2, 2), (0.193333333333333, 1.), .UNSPECIFIED.);
#6505 = CARTESIAN_POINT('', (64.6, 4., 4.5));
#6506 = CARTESIAN_POINT('', (64.6, 4., 16.6));
#6507 = ORIENTED_EDGE('', *, *, #6508, .T.);
#6508 = EDGE_CURVE('', #6502, #6509, #6511, .T.);
#6509 = VERTEX_POINT('', #6510);
#6510 = CARTESIAN_POINT('', (64.6, 2.9, 4.5));
#6511 = B_SPLINE_CURVE_WITH_KNOTS('', 1, (#6512, #6513), .UNSPECIFIED., .F., .U., (2, 2), (0., 1.), .UNSPECIFIED.);
#6512 = CARTESIAN_POINT('', (64.6, 4., 4.5));
#6513 = CARTESIAN_POINT('', (64.6, 2.90000000000001, 4.5));
#6514 = ORIENTED_EDGE('', *, *, #6515, .T.);
#6515 = EDGE_CURVE('', #6509, #1160, #6516, .T.);
#6516 = B_SPLINE_CURVE_WITH_KNOTS('', 1, (#6517, #6518), .UNSPECIFIED., .F., .U., (2, 2), (0., 1.), .UNSPECIFIED.);
#6517 = CARTESIAN_POINT('', (64.6, 2.9, 4.49999999999999));
#6518 = CARTESIAN_POINT('', (64.6, 2.9, 1.6));
#6519 = ORIENTED_EDGE('', *, *, #1166, .F.);
#6520 = ORIENTED_EDGE('', *, *, #6463, .T.);
#6521 = ORIENTED_EDGE('', *, *, #6522, .T.);
#6522 = EDGE_CURVE('', #6464, #6486, #6523, .T.);
#6523 = B_SPLINE_CURVE_WITH_KNOTS('', 1, (#6524, #6525), .UNSPECIFIED., .F., .U., (2, 2), (0., 1.), .UNSPECIFIED.);
#6524 = CARTESIAN_POINT('', (64.6, 2.25, 8.6));
#6525 = CARTESIAN_POINT('', (64.6, 2., 8.6));
#6526 = B_SPLINE_SURFACE_WITH_KNOTS('', 1, 1, ((#6527, #6528), (#6529, #6530)), .UNSPECIFIED., .F., .F., .U., (2, 2), (2, 2), (0., 1.), (0., 1.), .UNSPECIFIED.);
#6527 = CARTESIAN_POINT('', (64.6, 4., 1.6));
#6528 = CARTESIAN_POINT('', (64.6, 4., 16.6));
#6529 = CARTESIAN_POINT('', (64.6, -0.3, 1.6));
#6530 = CARTESIAN_POINT('', (64.6, -0.3, 16.6));
#6531 = ADVANCED_FACE('', (#6532), #6554, .T.);
#6532 = FACE_OUTER_BOUND('', #6533, .T.);
#6533 = EDGE_LOOP('', (#6534, #6541, #6542, #6549));
#6534 = ORIENTED_EDGE('', *, *, #6535, .T.);
#6535 = EDGE_CURVE('', #6536, #6502, #6538, .T.);
#6536 = VERTEX_POINT('', #6537);
#6537 = CARTESIAN_POINT('', (67.6, 4., 4.5));
#6538 = B_SPLINE_CURVE_WITH_KNOTS('', 1, (#6539, #6540), .UNSPECIFIED., .F., .U., (2, 2), (0., 1.), .UNSPECIFIED.);
#6539 = CARTESIAN_POINT('', (67.6, 4., 4.5));
#6540 = CARTESIAN_POINT('', (64.6, 4., 4.5));
#6541 = ORIENTED_EDGE('', *, *, #6501, .T.);
#6542 = ORIENTED_EDGE('', *, *, #6543, .F.);
#6543 = EDGE_CURVE('', #6544, #6495, #6546, .T.);
#6544 = VERTEX_POINT('', #6545);
#6545 = CARTESIAN_POINT('', (67.6, 4., 16.6));
#6546 = B_SPLINE_CURVE_WITH_KNOTS('', 1, (#6547, #6548), .UNSPECIFIED., .F., .U., (2, 2), (0., 1.), .UNSPECIFIED.);
#6547 = CARTESIAN_POINT('', (67.6, 4., 16.6));
#6548 = CARTESIAN_POINT('', (64.6, 4., 16.6));
#6549 = ORIENTED_EDGE('', *, *, #6550, .F.);
#6550 = EDGE_CURVE('', #6536, #6544, #6551, .T.);
#6551 = B_SPLINE_CURVE_WITH_KNOTS('', 1, (#6552, #6553), .UNSPECIFIED., .F., .U., (2, 2), (0.193333333333333, 1.), .UNSPECIFIED.);
#6552 = CARTESIAN_POINT('', (67.6, 4., 4.5));
#6553 = CARTESIAN_POINT('', (67.6, 4., 16.6));
#6554 = B_SPLINE_SURFACE_WITH_KNOTS('', 1, 1, ((#6555, #6556), (#6557, #6558)), .UNSPECIFIED., .F., .F., .U., (2, 2), (2, 2), (0., 1.), (0., 1.), .UNSPECIFIED.);
#6555 = CARTESIAN_POINT('', (67.6, 4., 1.6));
#6556 = CARTESIAN_POINT('', (67.6, 4., 16.6));
#6557 = CARTESIAN_POINT('', (64.6, 4., 1.6));
#6558 = CARTESIAN_POINT('', (64.6, 4., 16.6));
#6559 = ADVANCED_FACE('', (#6560), #6576, .T.);
#6560 = FACE_OUTER_BOUND('', #6561, .T.);
#6561 = EDGE_LOOP('', (#6562, #6569, #6574, #6575));
#6562 = ORIENTED_EDGE('', *, *, #6563, .T.);
#6563 = EDGE_CURVE('', #6488, #6564, #6566, .T.);
#6564 = VERTEX_POINT('', #6565);
#6565 = CARTESIAN_POINT('', (67.6, 2., 16.6));
#6566 = B_SPLINE_CURVE_WITH_KNOTS('', 1, (#6567, #6568), .UNSPECIFIED., .F., .U., (2, 2), (0.23991745635269, 0.76008254364731), .UNSPECIFIED.);
#6567 = CARTESIAN_POINT('', (64.6, 2., 16.6));
#6568 = CARTESIAN_POINT('', (67.6, 2., 16.6));
#6569 = ORIENTED_EDGE('', *, *, #6570, .T.);
#6570 = EDGE_CURVE('', #6564, #6544, #6571, .T.);
#6571 = B_SPLINE_CURVE_WITH_KNOTS('', 1, (#6572, #6573), .UNSPECIFIED., .F., .U., (2, 2), (0.534883720930233, 1.), .UNSPECIFIED.);
#6572 = CARTESIAN_POINT('', (67.6, 2., 16.6));
#6573 = CARTESIAN_POINT('', (67.6, 4., 16.6));
#6574 = ORIENTED_EDGE('', *, *, #6543, .T.);
#6575 = ORIENTED_EDGE('', *, *, #6494, .T.);
#6576 = B_SPLINE_SURFACE_WITH_KNOTS('', 1, 1, ((#6577, #6578), (#6579, #6580)), .UNSPECIFIED., .F., .F., .U., (2, 2), (2, 2), (0., 1.), (0., 1.), .UNSPECIFIED.);
#6577 = CARTESIAN_POINT('', (68.983699880362, -1.03369988036203, 16.6));
#6578 = CARTESIAN_POINT('', (63.216300119638, -1.03369988036203, 16.6));
#6579 = CARTESIAN_POINT('', (68.983699880362, 4.73369988036203, 16.6));
#6580 = CARTESIAN_POINT('', (63.216300119638, 4.73369988036203, 16.6));
#6581 = ADVANCED_FACE('', (#6582), #6646, .T.);
#6582 = FACE_OUTER_BOUND('', #6583, .T.);
#6583 = EDGE_LOOP('', (#6584, #6585, #6586, #6591, #6592, #6599, #6606, #6613, #6620, #6627, #6634, #6641));
#6584 = ORIENTED_EDGE('', *, *, #6563, .F.);
#6585 = ORIENTED_EDGE('', *, *, #6485, .F.);
#6586 = ORIENTED_EDGE('', *, *, #6587, .T.);
#6587 = EDGE_CURVE('', #6486, #6422, #6588, .T.);
#6588 = B_SPLINE_CURVE_WITH_KNOTS('', 1, (#6589, #6590), .UNSPECIFIED., .F., .U., (2, 2), (0.678787878787879, 1.), .UNSPECIFIED.);
#6589 = CARTESIAN_POINT('', (64.6, 2., 8.6));
#6590 = CARTESIAN_POINT('', (54., 2., 8.6));
#6591 = ORIENTED_EDGE('', *, *, #6421, .T.);
#6592 = ORIENTED_EDGE('', *, *, #6593, .F.);
#6593 = EDGE_CURVE('', #6594, #6415, #6596, .T.);
#6594 = VERTEX_POINT('', #6595);
#6595 = CARTESIAN_POINT('', (87., 2., 21.8));
#6596 = B_SPLINE_CURVE_WITH_KNOTS('', 1, (#6597, #6598), .UNSPECIFIED., .F., .U., (2, 2), (0., 1.), .UNSPECIFIED.);
#6597 = CARTESIAN_POINT('', (87., 2., 21.8));
#6598 = CARTESIAN_POINT('', (54., 2., 21.8));
#6599 = ORIENTED_EDGE('', *, *, #6600, .F.);
#6600 = EDGE_CURVE('', #6601, #6594, #6603, .T.);
#6601 = VERTEX_POINT('', #6602);
#6602 = CARTESIAN_POINT('', (87., 2., 8.6));
#6603 = B_SPLINE_CURVE_WITH_KNOTS('', 1, (#6604, #6605), .UNSPECIFIED., .F., .U., (2, 2), (0.328671328671329, 0.944055944055944), .UNSPECIFIED.);
#6604 = CARTESIAN_POINT('', (87., 2., 8.6));
#6605 = CARTESIAN_POINT('', (87., 2., 21.8));
#6606 = ORIENTED_EDGE('', *, *, #6607, .T.);
#6607 = EDGE_CURVE('', #6601, #6608, #6610, .T.);
#6608 = VERTEX_POINT('', #6609);
#6609 = CARTESIAN_POINT('', (86.5, 2., 8.6));
#6610 = B_SPLINE_CURVE_WITH_KNOTS('', 1, (#6611, #6612), .UNSPECIFIED., .F., .U., (2, 2), (0., 0.0151515151515152), .UNSPECIFIED.);
#6611 = CARTESIAN_POINT('', (87., 2., 8.6));
#6612 = CARTESIAN_POINT('', (86.5, 2., 8.6));
#6613 = ORIENTED_EDGE('', *, *, #6614, .F.);
#6614 = EDGE_CURVE('', #6615, #6608, #6617, .T.);
#6615 = VERTEX_POINT('', #6616);
#6616 = CARTESIAN_POINT('', (86.5, 2., 16.6));
#6617 = B_SPLINE_CURVE_WITH_KNOTS('', 1, (#6618, #6619), .UNSPECIFIED., .F., .U., (2, 2), (0., 1.), .UNSPECIFIED.);
#6618 = CARTESIAN_POINT('', (86.5, 2., 16.6));
#6619 = CARTESIAN_POINT('', (86.5, 2., 8.6));
#6620 = ORIENTED_EDGE('', *, *, #6621, .F.);
#6621 = EDGE_CURVE('', #6622, #6615, #6624, .T.);
#6622 = VERTEX_POINT('', #6623);
#6623 = CARTESIAN_POINT('', (83.5, 2., 16.6));
#6624 = B_SPLINE_CURVE_WITH_KNOTS('', 1, (#6625, #6626), .UNSPECIFIED., .F., .U., (2, 2), (0.283330244335051, 0.897618606333581), .UNSPECIFIED.);
#6625 = CARTESIAN_POINT('', (83.5, 2., 16.6));
#6626 = CARTESIAN_POINT('', (86.5, 2., 16.6));
#6627 = ORIENTED_EDGE('', *, *, #6628, .F.);
#6628 = EDGE_CURVE('', #6629, #6622, #6631, .T.);
#6629 = VERTEX_POINT('', #6630);
#6630 = CARTESIAN_POINT('', (83.5, 2., 8.6));
#6631 = B_SPLINE_CURVE_WITH_KNOTS('', 1, (#6632, #6633), .UNSPECIFIED., .F., .U., (2, 2), (0., 1.), .UNSPECIFIED.);
#6632 = CARTESIAN_POINT('', (83.5, 2., 8.59999999999999));
#6633 = CARTESIAN_POINT('', (83.5, 2., 16.6));
#6634 = ORIENTED_EDGE('', *, *, #6635, .T.);
#6635 = EDGE_CURVE('', #6629, #6636, #6638, .T.);
#6636 = VERTEX_POINT('', #6637);
#6637 = CARTESIAN_POINT('', (67.6, 2., 8.6));
#6638 = B_SPLINE_CURVE_WITH_KNOTS('', 1, (#6639, #6640), .UNSPECIFIED., .F., .U., (2, 2), (0.106060606060606, 0.587878787878788), .UNSPECIFIED.);
#6639 = CARTESIAN_POINT('', (83.5, 2., 8.6));
#6640 = CARTESIAN_POINT('', (67.6, 2., 8.6));
#6641 = ORIENTED_EDGE('', *, *, #6642, .F.);
#6642 = EDGE_CURVE('', #6564, #6636, #6643, .T.);
#6643 = B_SPLINE_CURVE_WITH_KNOTS('', 1, (#6644, #6645), .UNSPECIFIED., .F., .U., (2, 2), (0., 1.), .UNSPECIFIED.);
#6644 = CARTESIAN_POINT('', (67.6, 2., 16.6));
#6645 = CARTESIAN_POINT('', (67.6, 2., 8.6));
#6646 = B_SPLINE_SURFACE_WITH_KNOTS('', 1, 1, ((#6647, #6648), (#6649, #6650)), .UNSPECIFIED., .F., .F., .U., (2, 2), (2, 2), (0., 1.), (0., 1.), .UNSPECIFIED.);
#6647 = CARTESIAN_POINT('', (87., 2., 1.55));
#6648 = CARTESIAN_POINT('', (87., 2., 23.));
#6649 = CARTESIAN_POINT('', (54., 2., 1.55));
#6650 = CARTESIAN_POINT('', (54., 2., 23.));
#6651 = ADVANCED_FACE('', (#6652), #6658, .T.);
#6652 = FACE_OUTER_BOUND('', #6653, .T.);
#6653 = EDGE_LOOP('', (#6654, #6655, #6656, #6657));
#6654 = ORIENTED_EDGE('', *, *, #6522, .F.);
#6655 = ORIENTED_EDGE('', *, *, #6472, .T.);
#6656 = ORIENTED_EDGE('', *, *, #6428, .T.);
#6657 = ORIENTED_EDGE('', *, *, #6587, .F.);
#6658 = B_SPLINE_SURFACE_WITH_KNOTS('', 1, 1, ((#6659, #6660), (#6661, #6662)), .UNSPECIFIED., .F., .F., .U., (2, 2), (2, 2), (0., 1.), (0., 1.), .UNSPECIFIED.);
#6659 = CARTESIAN_POINT('', (88.671320810552, -16.721320810552, 8.6));
#6660 = CARTESIAN_POINT('', (52.328679189448, -16.721320810552, 8.6));
#6661 = CARTESIAN_POINT('', (88.671320810552, 19.621320810552, 8.6));
#6662 = CARTESIAN_POINT('', (52.328679189448, 19.621320810552, 8.6));
#6663 = ADVANCED_FACE('', (#6664), #6680, .T.);
#6664 = FACE_OUTER_BOUND('', #6665, .T.);
#6665 = EDGE_LOOP('', (#6666, #6667, #6668, #6675));
#6666 = ORIENTED_EDGE('', *, *, #6593, .T.);
#6667 = ORIENTED_EDGE('', *, *, #6412, .F.);
#6668 = ORIENTED_EDGE('', *, *, #6669, .F.);
#6669 = EDGE_CURVE('', #6670, #6413, #6672, .T.);
#6670 = VERTEX_POINT('', #6671);
#6671 = CARTESIAN_POINT('', (87., 2.7, 21.8));
#6672 = B_SPLINE_CURVE_WITH_KNOTS('', 1, (#6673, #6674), .UNSPECIFIED., .F., .U., (2, 2), (0., 1.), .UNSPECIFIED.);
#6673 = CARTESIAN_POINT('', (87., 2.7, 21.8));
#6674 = CARTESIAN_POINT('', (54., 2.7, 21.8));
#6675 = ORIENTED_EDGE('', *, *, #6676, .F.);
#6676 = EDGE_CURVE('', #6594, #6670, #6677, .T.);
#6677 = B_SPLINE_CURVE_WITH_KNOTS('', 1, (#6678, #6679), .UNSPECIFIED., .F., .U., (2, 2), (0.3, 1.), .UNSPECIFIED.);
#6678 = CARTESIAN_POINT('', (87., 2., 21.8));
#6679 = CARTESIAN_POINT('', (87., 2.7, 21.8));
#6680 = B_SPLINE_SURFACE_WITH_KNOTS('', 1, 1, ((#6681, #6682), (#6683, #6684)), .UNSPECIFIED., .F., .F., .U., (2, 2), (2, 2), (0., 1.), (0., 1.), .UNSPECIFIED.);
#6681 = CARTESIAN_POINT('', (88.6583314211411, -15.9583314211411, 21.8));
#6682 = CARTESIAN_POINT('', (88.6583314211411, 20.3583314211411, 21.8));
#6683 = CARTESIAN_POINT('', (52.3416685788589, -15.9583314211411, 21.8));
#6684 = CARTESIAN_POINT('', (52.3416685788589, 20.3583314211411, 21.8));
#6685 = ADVANCED_FACE('', (#6686), #6702, .T.);
#6686 = FACE_OUTER_BOUND('', #6687, .T.);
#6687 = EDGE_LOOP('', (#6688, #6695, #6696, #6697));
#6688 = ORIENTED_EDGE('', *, *, #6689, .F.);
#6689 = EDGE_CURVE('', #6670, #6690, #6692, .T.);
#6690 = VERTEX_POINT('', #6691);
#6691 = CARTESIAN_POINT('', (87., 2.7, 23.));
#6692 = B_SPLINE_CURVE_WITH_KNOTS('', 1, (#6693, #6694), .UNSPECIFIED., .F., .U., (2, 2), (0., 1.), .UNSPECIFIED.);
#6693 = CARTESIAN_POINT('', (87., 2.7, 21.8));
#6694 = CARTESIAN_POINT('', (87., 2.7, 23.));
#6695 = ORIENTED_EDGE('', *, *, #6669, .T.);
#6696 = ORIENTED_EDGE('', *, *, #6450, .T.);
#6697 = ORIENTED_EDGE('', *, *, #6698, .F.);
#6698 = EDGE_CURVE('', #6690, #6444, #6699, .T.);
#6699 = B_SPLINE_CURVE_WITH_KNOTS('', 1, (#6700, #6701), .UNSPECIFIED., .F., .U., (2, 2), (0., 1.), .UNSPECIFIED.);
#6700 = CARTESIAN_POINT('', (87., 2.7, 23.));
#6701 = CARTESIAN_POINT('', (54., 2.7, 23.));
#6702 = B_SPLINE_SURFACE_WITH_KNOTS('', 1, 1, ((#6703, #6704), (#6705, #6706)), .UNSPECIFIED., .F., .F., .U., (2, 2), (2, 2), (0., 1.), (0., 1.), .UNSPECIFIED.);
#6703 = CARTESIAN_POINT('', (87., 2.7, 21.8));
#6704 = CARTESIAN_POINT('', (87., 2.7, 23.));
#6705 = CARTESIAN_POINT('', (54., 2.7, 21.8));
#6706 = CARTESIAN_POINT('', (54., 2.7, 23.));
#6707 = ADVANCED_FACE('', (#6708), #6718, .T.);
#6708 = FACE_OUTER_BOUND('', #6709, .T.);
#6709 = EDGE_LOOP('', (#6710, #6711, #6712, #6717));
#6710 = ORIENTED_EDGE('', *, *, #6443, .T.);
#6711 = ORIENTED_EDGE('', *, *, #6240, .F.);
#6712 = ORIENTED_EDGE('', *, *, #6713, .T.);
#6713 = EDGE_CURVE('', #6241, #6690, #6714, .T.);
#6714 = B_SPLINE_CURVE_WITH_KNOTS('', 1, (#6715, #6716), .UNSPECIFIED., .F., .U., (2, 2), (-0.0999999999999998, 1.), .UNSPECIFIED.);
#6715 = CARTESIAN_POINT('', (87., 1.6, 23.));
#6716 = CARTESIAN_POINT('', (87., 2.7, 23.));
#6717 = ORIENTED_EDGE('', *, *, #6698, .T.);
#6718 = B_SPLINE_SURFACE_WITH_KNOTS('', 1, 1, ((#6719, #6720), (#6721, #6722)), .UNSPECIFIED., .F., .F., .U., (2, 2), (2, 2), (0., 1.01188991385641), (-0.000183013276599002, 1.0001830132766), .UNSPECIFIED.);
#6719 = CARTESIAN_POINT('', (88.6583314211411, -16.3766874215595, 23.));
#6720 = CARTESIAN_POINT('', (52.3416685788589, -16.3766874215595, 23.));
#6721 = CARTESIAN_POINT('', (88.6583314211411, 20.3583314211411, 23.));
#6722 = CARTESIAN_POINT('', (52.3416685788589, 20.3583314211411, 23.));
#6723 = ADVANCED_FACE('', (#6724), #6749, .T.);
#6724 = FACE_OUTER_BOUND('', #6725, .T.);
#6725 = EDGE_LOOP('', (#6726, #6727, #6728, #6729, #6730, #6731, #6736, #6737, #6744));
#6726 = ORIENTED_EDGE('', *, *, #6600, .T.);
#6727 = ORIENTED_EDGE('', *, *, #6676, .T.);
#6728 = ORIENTED_EDGE('', *, *, #6689, .T.);
#6729 = ORIENTED_EDGE('', *, *, #6713, .F.);
#6730 = ORIENTED_EDGE('', *, *, #6247, .F.);
#6731 = ORIENTED_EDGE('', *, *, #6732, .F.);
#6732 = EDGE_CURVE('', #1104, #6248, #6733, .T.);
#6733 = B_SPLINE_CURVE_WITH_KNOTS('', 1, (#6734, #6735), .UNSPECIFIED., .F., .U., (2, 2), (0., 1.), .UNSPECIFIED.);
#6734 = CARTESIAN_POINT('', (87., 2.1, 1.6));
#6735 = CARTESIAN_POINT('', (87., 1.6, 2.1));
#6736 = ORIENTED_EDGE('', *, *, #1110, .F.);
#6737 = ORIENTED_EDGE('', *, *, #6738, .T.);
#6738 = EDGE_CURVE('', #1111, #6739, #6741, .T.);
#6739 = VERTEX_POINT('', #6740);
#6740 = CARTESIAN_POINT('', (87., 2.25, 8.6));
#6741 = B_SPLINE_CURVE_WITH_KNOTS('', 1, (#6742, #6743), .UNSPECIFIED., .F., .U., (2, 2), (0., 1.), .UNSPECIFIED.);
#6742 = CARTESIAN_POINT('', (87., 2.25, 1.6));
#6743 = CARTESIAN_POINT('', (87., 2.25, 8.6));
#6744 = ORIENTED_EDGE('', *, *, #6745, .F.);
#6745 = EDGE_CURVE('', #6601, #6739, #6746, .T.);
#6746 = B_SPLINE_CURVE_WITH_KNOTS('', 1, (#6747, #6748), .UNSPECIFIED., .F., .U., (2, 2), (0.84375, 1.), .UNSPECIFIED.);
#6747 = CARTESIAN_POINT('', (87., 2., 8.6));
#6748 = CARTESIAN_POINT('', (87., 2.25, 8.6));
#6749 = B_SPLINE_SURFACE_WITH_KNOTS('', 1, 1, ((#6750, #6751), (#6752, #6753)), .UNSPECIFIED., .F., .F., .U., (2, 2), (2, 2), (0., 1.28125), (-0.00714285714285715, 3.05714285714286), .UNSPECIFIED.);
#6750 = CARTESIAN_POINT('', (87., 0.65, 1.55));
#6751 = CARTESIAN_POINT('', (87., 0.65, 23.));
#6752 = CARTESIAN_POINT('', (87., 2.7, 1.55));
#6753 = CARTESIAN_POINT('', (87., 2.7, 23.));
#6754 = ADVANCED_FACE('', (#6755), #6774, .F.);
#6755 = FACE_OUTER_BOUND('', #6756, .F.);
#6756 = EDGE_LOOP('', (#6757, #6758, #6759, #6766, #6773));
#6757 = ORIENTED_EDGE('', *, *, #6732, .F.);
#6758 = ORIENTED_EDGE('', *, *, #1103, .T.);
#6759 = ORIENTED_EDGE('', *, *, #6760, .T.);
#6760 = EDGE_CURVE('', #1097, #6761, #6763, .T.);
#6761 = VERTEX_POINT('', #6762);
#6762 = CARTESIAN_POINT('', (88.05, 1.72071067811865, 1.97928932188136));
#6763 = B_SPLINE_CURVE_WITH_KNOTS('', 1, (#6764, #6765), .UNSPECIFIED., .F., .U., (2, 2), (0., 0.75857864376271), .UNSPECIFIED.);
#6764 = CARTESIAN_POINT('', (87.8928932188134, 2.1, 1.6));
#6765 = CARTESIAN_POINT('', (88.05, 1.72071067811865, 1.97928932188136));
#6766 = ORIENTED_EDGE('', *, *, #6767, .F.);
#6767 = EDGE_CURVE('', #6255, #6761, #6768, .T.);
#6768 = B_SPLINE_CURVE_WITH_KNOTS('', 3, (#6769, #6770, #6771, #6772), .UNSPECIFIED., .F., .U., (4, 4), (0., 0.17071067811864), .UNSPECIFIED.);
#6769 = CARTESIAN_POINT('', (88.05, 1.6, 2.1));
#6770 = CARTESIAN_POINT('', (88.05, 1.64023689270621, 2.05976310729378));
#6771 = CARTESIAN_POINT('', (88.05, 1.68047378541243, 2.01952621458757));
#6772 = CARTESIAN_POINT('', (88.05, 1.72071067811864, 1.97928932188136));
#6773 = ORIENTED_EDGE('', *, *, #6254, .F.);
#6774 = B_SPLINE_SURFACE_WITH_KNOTS('', 1, 1, ((#6775, #6776), (#6777, #6778)), .UNSPECIFIED., .F., .F., .U., (2, 2), (2, 2), (-0.0101014364198215, 1.69524518635289), (-3.34047684187247E-16, 1.), .UNSPECIFIED.);
#6775 = CARTESIAN_POINT('', (1.79712781938217, 2.1, 1.6));
#6776 = CARTESIAN_POINT('', (1.58583688623109, 1.6, 2.1));
#6777 = CARTESIAN_POINT('', (87.8928932188134, 2.1, 1.6));
#6778 = CARTESIAN_POINT('', (88.387979985362, 1.6, 2.1));
#6779 = ADVANCED_FACE('', (#6780), #6823, .T.);
#6780 = FACE_OUTER_BOUND('', #6781, .T.);
#6781 = EDGE_LOOP('', (#6782, #6789, #6790, #6815, #6816, #6817));
#6782 = ORIENTED_EDGE('', *, *, #6783, .F.);
#6783 = EDGE_CURVE('', #1083, #6784, #6786, .T.);
#6784 = VERTEX_POINT('', #6785);
#6785 = CARTESIAN_POINT('', (88.05, 3., 4.21421602815093));
#6786 = B_SPLINE_CURVE_WITH_KNOTS('', 1, (#6787, #6788), .UNSPECIFIED., .F., .U., (2, 2), (0., 0.554629425239715), .UNSPECIFIED.);
#6787 = CARTESIAN_POINT('', (88.05, 3., 1.6));
#6788 = CARTESIAN_POINT('', (88.05, 3., 4.21421602815093));
#6789 = ORIENTED_EDGE('', *, *, #1089, .F.);
#6790 = ORIENTED_EDGE('', *, *, #6791, .T.);
#6791 = EDGE_CURVE('', #1090, #6761, #6792, .T.);
#6792 = B_SPLINE_CURVE_WITH_KNOTS('', 3, (#6793, #6794, #6795, #6796, #6797, #6798, #6799, #6800, #6801, #6802, #6803, #6804, #6805, #6806, #6807, #6808, #6809, #6810, #6811, #6812, #6813, #6814), .UNSPECIFIED., .F., .U., (4, 3, 3, 3, 3, 3, 3, 4), (0., 0.0889700562834814, 0.177352595360347, 0.265336826614835, 0.35303793981489, 0.440530315500503, 0.572158452070195, 0.656948376266855), .UNSPECIFIED.);
#6793 = CARTESIAN_POINT('', (88.05, 2.25710678118655, 1.6));
#6794 = CARTESIAN_POINT('', (88.05, 2.23289219893308, 1.61712229531503));
#6795 = CARTESIAN_POINT('', (88.05, 2.20867761667961, 1.63424459063005));
#6796 = CARTESIAN_POINT('', (88.05, 2.18446303442614, 1.65136688594508));
#6797 = CARTESIAN_POINT('', (88.05, 2.16040835410282, 1.66837611352098));
#6798 = CARTESIAN_POINT('', (88.05, 2.1363536737795, 1.68538534109688));
#6799 = CARTESIAN_POINT('', (88.05, 2.11229899345617, 1.70239456867277));
#6800 = CARTESIAN_POINT('', (88.05, 2.08835271879122, 1.71932714187251));
#6801 = CARTESIAN_POINT('', (88.05, 2.06440644412628, 1.73625971507225));
#6802 = CARTESIAN_POINT('', (88.05, 2.04046016946133, 1.753192288272));
#6803 = CARTESIAN_POINT('', (88.05, 2.01659094977086, 1.77007037537676));
#6804 = CARTESIAN_POINT('', (88.05, 1.9927217300804, 1.78694846248152));
#6805 = CARTESIAN_POINT('', (88.05, 1.96885251038993, 1.80382654958628));
#6806 = CARTESIAN_POINT('', (88.05, 1.94504010185508, 1.82066446513765));
#6807 = CARTESIAN_POINT('', (88.05, 1.92122769332023, 1.83750238068902));
#6808 = CARTESIAN_POINT('', (88.05, 1.89741528478538, 1.8543402962404));
#6809 = CARTESIAN_POINT('', (88.05, 1.86159064363103, 1.87967214293421));
#6810 = CARTESIAN_POINT('', (88.05, 1.82576600247668, 1.90500398962803));
#6811 = CARTESIAN_POINT('', (88.05, 1.78994136132233, 1.93033583632184));
#6812 = CARTESIAN_POINT('', (88.05, 1.7668644669211, 1.94665366484168));
#6813 = CARTESIAN_POINT('', (88.05, 1.74378757251988, 1.96297149336152));
#6814 = CARTESIAN_POINT('', (88.05, 1.72071067811864, 1.97928932188136));
#6815 = ORIENTED_EDGE('', *, *, #6767, .F.);
#6816 = ORIENTED_EDGE('', *, *, #6261, .F.);
#6817 = ORIENTED_EDGE('', *, *, #6818, .T.);
#6818 = EDGE_CURVE('', #6262, #6784, #6819, .T.);
#6819 = (
   BOUNDED_CURVE ()
   B_SPLINE_CURVE (2, (#6820, #6821, #6822), .UNSPECIFIED., .F., .U.)
   B_SPLINE_CURVE_WITH_KNOTS ((3, 3), (0., 0.470169403496221), .UNSPECIFIED.)
   CURVE ()
   GEOMETRIC_REPRESENTATION_ITEM ()
   RATIONAL_B_SPLINE_CURVE ((1., 0.99136359655893, 0.990848338426341))
   REPRESENTATION_ITEM ('')
);
#6820 = CARTESIAN_POINT('', (88.05, 1.6, 6.31344632863835));
#6821 = CARTESIAN_POINT('', (88.05, 2.20502655486025, 5.20049233312131));
#6822 = CARTESIAN_POINT('', (88.05, 3., 4.21421602815093));
#6823 = B_SPLINE_SURFACE_WITH_KNOTS('', 1, 1, ((#6824, #6825), (#6826, #6827)), .UNSPECIFIED., .F., .F., .U., (2, 2), (2, 2), (0., 1.), (0., 1.), .UNSPECIFIED.);
#6824 = CARTESIAN_POINT('', (88.05, 5., -1.3));
#6825 = CARTESIAN_POINT('', (88.05, 5., 23.8));
#6826 = CARTESIAN_POINT('', (88.05, -7., -1.3));
#6827 = CARTESIAN_POINT('', (88.05, -7., 23.8));
#6828 = ADVANCED_FACE('', (#6829), #6834, .F.);
#6829 = FACE_OUTER_BOUND('', #6830, .F.);
#6830 = EDGE_LOOP('', (#6831, #6832, #6833));
#6831 = ORIENTED_EDGE('', *, *, #6791, .T.);
#6832 = ORIENTED_EDGE('', *, *, #6760, .F.);
#6833 = ORIENTED_EDGE('', *, *, #1096, .T.);
#6834 = B_SPLINE_SURFACE_WITH_KNOTS('', 1, 1, ((#6835, #6836), (#6837, #6838)), .UNSPECIFIED., .F., .F., .U., (2, 2), (2, 2), (0., 1.), (0., 1.), .UNSPECIFIED.);
#6835 = CARTESIAN_POINT('', (87.8928932188134, 2.1, 1.6));
#6836 = CARTESIAN_POINT('', (88.1, 1.6, 2.1));
#6837 = CARTESIAN_POINT('', (88.1, 2.30710678118655, 1.6));
#6838 = CARTESIAN_POINT('', (88.6, 2.1, 2.1));
#6839 = ADVANCED_FACE('', (#6840), #6912, .F.);
#6840 = FACE_OUTER_BOUND('', #6841, .F.);
#6841 = EDGE_LOOP('', (#6842, #6852, #6859, #6865, #6866, #6874, #6881, #6889, #6890, #6896, #6897, #6905, #6906, #6907));
#6842 = ORIENTED_EDGE('', *, *, #6843, .T.);
#6843 = EDGE_CURVE('', #6844, #6846, #6848, .T.);
#6844 = VERTEX_POINT('', #6845);
#6845 = CARTESIAN_POINT('', (88.5, 3., 4.21421602815093));
#6846 = VERTEX_POINT('', #6847);
#6847 = CARTESIAN_POINT('', (88.5, 5.84410153986534, 1.55));
#6848 = (
   BOUNDED_CURVE ()
   B_SPLINE_CURVE (2, (#6849, #6850, #6851), .UNSPECIFIED., .F., .U.)
   B_SPLINE_CURVE_WITH_KNOTS ((3, 3), (0., 1.), .UNSPECIFIED.)
   CURVE ()
   GEOMETRIC_REPRESENTATION_ITEM ()
   RATIONAL_B_SPLINE_CURVE ((1., 0.990267073454537, 1.))
   REPRESENTATION_ITEM ('')
);
#6849 = CARTESIAN_POINT('', (88.5, 2.99999999999999, 4.21421602815094));
#6850 = CARTESIAN_POINT('', (88.5, 4.23482548331321, 2.68224144156418));
#6851 = CARTESIAN_POINT('', (88.5, 5.84410153986534, 1.55));
#6852 = ORIENTED_EDGE('', *, *, #6853, .F.);
#6853 = EDGE_CURVE('', #6854, #6846, #6856, .T.);
#6854 = VERTEX_POINT('', #6855);
#6855 = CARTESIAN_POINT('', (87.3, 5.84410153986534, 1.55));
#6856 = B_SPLINE_CURVE_WITH_KNOTS('', 1, (#6857, #6858), .UNSPECIFIED., .F., .U., (2, 2), (0.0856164383561643, 0.496575342465754), .UNSPECIFIED.);
#6857 = CARTESIAN_POINT('', (87.3, 5.84410153986534, 1.55));
#6858 = CARTESIAN_POINT('', (88.5, 5.84410153986534, 1.55));
#6859 = ORIENTED_EDGE('', *, *, #6860, .F.);
#6860 = EDGE_CURVE('', #1069, #6854, #6861, .T.);
#6861 = (
   BOUNDED_CURVE ()
   B_SPLINE_CURVE (2, (#6862, #6863, #6864), .UNSPECIFIED., .F., .U.)
   B_SPLINE_CURVE_WITH_KNOTS ((3, 3), (0.97780496225837, 1.), .UNSPECIFIED.)
   CURVE ()
   GEOMETRIC_REPRESENTATION_ITEM ()
   RATIONAL_B_SPLINE_CURVE ((0.999577543918691, 0.999783977327987, 1.))
   REPRESENTATION_ITEM ('')
);
#6862 = CARTESIAN_POINT('', (87.3, 5.77350013843598, 1.6));
#6863 = CARTESIAN_POINT('', (87.3, 5.80872359472897, 1.57489092871151));
#6864 = CARTESIAN_POINT('', (87.3, 5.84410153986534, 1.55));
#6865 = ORIENTED_EDGE('', *, *, #1068, .F.);
#6866 = ORIENTED_EDGE('', *, *, #6867, .T.);
#6867 = EDGE_CURVE('', #1062, #6868, #6870, .T.);
#6868 = VERTEX_POINT('', #6869);
#6869 = CARTESIAN_POINT('', (87.05, 6.21169719638983, 1.3));
#6870 = (
   BOUNDED_CURVE ()
   B_SPLINE_CURVE (2, (#6871, #6872, #6873), .UNSPECIFIED., .F., .U.)
   B_SPLINE_CURVE_WITH_KNOTS ((3, 3), (0.400120247973833, 0.405893604527393), .UNSPECIFIED.)
   CURVE ()
   GEOMETRIC_REPRESENTATION_ITEM ()
   RATIONAL_B_SPLINE_CURVE ((0.85946774219889, 0.860827030556152, 0.862498722531154))
   REPRESENTATION_ITEM ('')
);
#6871 = CARTESIAN_POINT('', (87.05, 5.77350013843594, 1.60000000000003));
#6872 = CARTESIAN_POINT('', (87.05, 5.98975323197162, 1.44584379520349));
#6873 = CARTESIAN_POINT('', (87.05, 6.21169719638983, 1.3));
#6874 = ORIENTED_EDGE('', *, *, #6875, .T.);
#6875 = EDGE_CURVE('', #6868, #6876, #6878, .T.);
#6876 = VERTEX_POINT('', #6877);
#6877 = CARTESIAN_POINT('', (92.5, 6.21169719638983, 1.3));
#6878 = B_SPLINE_CURVE_WITH_KNOTS('', 1, (#6879, #6880), .UNSPECIFIED., .F., .U., (2, 2), (0., 0.68125), .UNSPECIFIED.);
#6879 = CARTESIAN_POINT('', (87.05, 6.21169719638983, 1.3));
#6880 = CARTESIAN_POINT('', (92.5, 6.21169719638983, 1.3));
#6881 = ORIENTED_EDGE('', *, *, #6882, .F.);
#6882 = EDGE_CURVE('', #6002, #6876, #6883, .T.);
#6883 = (
   BOUNDED_CURVE ()
   B_SPLINE_CURVE (2, (#6884, #6885, #6886, #6887, #6888), .UNSPECIFIED., .F., .U.)
   B_SPLINE_CURVE_WITH_KNOTS ((3, 2, 3), (0.255651188623094, 0.5, 0.946978960747448), .UNSPECIFIED.)
   CURVE ()
   GEOMETRIC_REPRESENTATION_ITEM ()
   RATIONAL_B_SPLINE_CURVE ((0.890760025268004, 0.893174783070295, 1., 0.804588267993625, 0.958556267547523))
   REPRESENTATION_ITEM ('')
);
#6884 = CARTESIAN_POINT('', (92.5, 4.99157701947197, 23.8));
#6885 = CARTESIAN_POINT('', (92.5, 1.30412778747782, 20.7583928261271));
#6886 = CARTESIAN_POINT('', (92.5, 0.246795248001296, 16.0967725134404));
#6887 = CARTESIAN_POINT('', (92.5, -1.90029948220252, 6.63055442793999));
#6888 = CARTESIAN_POINT('', (92.5, 6.21169719638983, 1.3));
#6889 = ORIENTED_EDGE('', *, *, #6008, .F.);
#6890 = ORIENTED_EDGE('', *, *, #6891, .T.);
#6891 = EDGE_CURVE('', #6009, #6283, #6892, .T.);
#6892 = (
   BOUNDED_CURVE ()
   B_SPLINE_CURVE (2, (#6893, #6894, #6895), .UNSPECIFIED., .F., .U.)
   B_SPLINE_CURVE_WITH_KNOTS ((3, 3), (0., 1.), .UNSPECIFIED.)
   CURVE ()
   GEOMETRIC_REPRESENTATION_ITEM ()
   RATIONAL_B_SPLINE_CURVE ((1., 0.981705593975535, 1.))
   REPRESENTATION_ITEM ('')
);
#6893 = CARTESIAN_POINT('', (88.05, 4.99157701947197, 23.8));
#6894 = CARTESIAN_POINT('', (88.05, 2.8968800026272, 22.0721808294349));
#6895 = CARTESIAN_POINT('', (88.05, 1.6, 19.6865536713617));
#6896 = ORIENTED_EDGE('', *, *, #6282, .F.);
#6897 = ORIENTED_EDGE('', *, *, #6898, .T.);
#6898 = EDGE_CURVE('', #6276, #6269, #6899, .T.);
#6899 = (
   BOUNDED_CURVE ()
   B_SPLINE_CURVE (2, (#6900, #6901, #6902, #6903, #6904), .UNSPECIFIED., .F., .U.)
   B_SPLINE_CURVE_WITH_KNOTS ((3, 2, 3), (0.168676254796693, 0.25, 0.331323745203307), .UNSPECIFIED.)
   CURVE ()
   GEOMETRIC_REPRESENTATION_ITEM ()
   RATIONAL_B_SPLINE_CURVE ((0.871432672701119, 0.904723306005753, 1., 0.904723306005753, 0.871432672701119))
   REPRESENTATION_ITEM ('')
);
#6900 = CARTESIAN_POINT('', (87.05, 1.6, 19.6865536713617));
#6901 = CARTESIAN_POINT('', (87.05, -0.0999999999999995, 16.5593821824739));
#6902 = CARTESIAN_POINT('', (87.05, -0.0999999999999996, 13.));
#6903 = CARTESIAN_POINT('', (87.05, -0.1, 9.44061781752612));
#6904 = CARTESIAN_POINT('', (87.05, 1.6, 6.31344632863835));
#6905 = ORIENTED_EDGE('', *, *, #6268, .T.);
#6906 = ORIENTED_EDGE('', *, *, #6818, .T.);
#6907 = ORIENTED_EDGE('', *, *, #6908, .T.);
#6908 = EDGE_CURVE('', #6784, #6844, #6909, .T.);
#6909 = B_SPLINE_CURVE_WITH_KNOTS('', 1, (#6910, #6911), .UNSPECIFIED., .F., .U., (2, 2), (0.468750000000002, 0.750000000000004), .UNSPECIFIED.);
#6910 = CARTESIAN_POINT('', (88.05, 3., 4.21421602815093));
#6911 = CARTESIAN_POINT('', (88.5, 3., 4.21421602815093));
#6912 = (
   BOUNDED_SURFACE ()
   B_SPLINE_SURFACE (2, 1, ((#6913, #6914), (#6915, #6916), (#6917, #6918), (#6919, #6920), (#6921, #6922), (#6923, #6924), (#6925, #6926), (#6927, #6928), (#6929, #6930)), .UNSPECIFIED., .T., .F., .U.)
   B_SPLINE_SURFACE_WITH_KNOTS ((3, 2, 2, 2, 3), (2, 2), (0., 21.9911485751286, 43.9822971502571, 65.9734457253857, 87.9645943005142), (-0.16, 8.16), .UNSPECIFIED.)
   GEOMETRIC_REPRESENTATION_ITEM ()
   RATIONAL_B_SPLINE_SURFACE (((1., 1.), (0.707106781186548, 0.707106781186548), (1., 1.), (0.707106781186548, 0.707106781186548), (1., 1.), (0.707106781186548, 0.707106781186548), (1., 1.), (0.707106781186548, 0.707106781186548), (1., 1.)))
   REPRESENTATION_ITEM ('')
   SURFACE ()
);
#6913 = CARTESIAN_POINT('', (86.89, 13.9, 27.));
#6914 = CARTESIAN_POINT('', (95.21, 13.9, 27.));
#6915 = CARTESIAN_POINT('', (86.89, -0.0999999999999992, 27.));
#6916 = CARTESIAN_POINT('', (95.21, -0.0999999999999992, 27.));
#6917 = CARTESIAN_POINT('', (86.89, -0.0999999999999996, 13.));
#6918 = CARTESIAN_POINT('', (95.21, -0.0999999999999996, 13.));
#6919 = CARTESIAN_POINT('', (86.89, -0.100000000000001, -0.999999999999999));
#6920 = CARTESIAN_POINT('', (95.21, -0.100000000000001, -0.999999999999999));
#6921 = CARTESIAN_POINT('', (86.89, 13.9, -1.));
#6922 = CARTESIAN_POINT('', (95.21, 13.9, -1.));
#6923 = CARTESIAN_POINT('', (86.89, 27.9, -1.));
#6924 = CARTESIAN_POINT('', (95.21, 27.9, -1.));
#6925 = CARTESIAN_POINT('', (86.89, 27.9, 13.));
#6926 = CARTESIAN_POINT('', (95.21, 27.9, 13.));
#6927 = CARTESIAN_POINT('', (86.89, 27.9, 27.));
#6928 = CARTESIAN_POINT('', (95.21, 27.9, 27.));
#6929 = CARTESIAN_POINT('', (86.89, 13.9, 27.));
#6930 = CARTESIAN_POINT('', (95.21, 13.9, 27.));
#6931 = ADVANCED_FACE('', (#6932), #6962, .T.);
#6932 = FACE_OUTER_BOUND('', #6933, .T.);
#6933 = EDGE_LOOP('', (#6934, #6935, #6942, #6949, #6956, #6961));
#6934 = ORIENTED_EDGE('', *, *, #1075, .F.);
#6935 = ORIENTED_EDGE('', *, *, #6936, .T.);
#6936 = EDGE_CURVE('', #1076, #6937, #6939, .T.);
#6937 = VERTEX_POINT('', #6938);
#6938 = CARTESIAN_POINT('', (87.3, 3., 8.05));
#6939 = B_SPLINE_CURVE_WITH_KNOTS('', 1, (#6940, #6941), .UNSPECIFIED., .F., .U., (2, 2), (0.00769230769230761, 1.), .UNSPECIFIED.);
#6940 = CARTESIAN_POINT('', (87.3, 3., 1.6));
#6941 = CARTESIAN_POINT('', (87.3, 3., 8.05));
#6942 = ORIENTED_EDGE('', *, *, #6943, .F.);
#6943 = EDGE_CURVE('', #6944, #6937, #6946, .T.);
#6944 = VERTEX_POINT('', #6945);
#6945 = CARTESIAN_POINT('', (87.3, 6., 8.05));
#6946 = B_SPLINE_CURVE_WITH_KNOTS('', 1, (#6947, #6948), .UNSPECIFIED., .F., .U., (2, 2), (0., 1.), .UNSPECIFIED.);
#6947 = CARTESIAN_POINT('', (87.3, 6., 8.05));
#6948 = CARTESIAN_POINT('', (87.3, 3., 8.05));
#6949 = ORIENTED_EDGE('', *, *, #6950, .F.);
#6950 = EDGE_CURVE('', #6951, #6944, #6953, .T.);
#6951 = VERTEX_POINT('', #6952);
#6952 = CARTESIAN_POINT('', (87.3, 6., 1.55));
#6953 = B_SPLINE_CURVE_WITH_KNOTS('', 1, (#6954, #6955), .UNSPECIFIED., .F., .U., (2, 2), (0., 1.), .UNSPECIFIED.);
#6954 = CARTESIAN_POINT('', (87.3, 6., 1.55));
#6955 = CARTESIAN_POINT('', (87.3, 6., 8.05));
#6956 = ORIENTED_EDGE('', *, *, #6957, .T.);
#6957 = EDGE_CURVE('', #6951, #6854, #6958, .T.);
#6958 = B_SPLINE_CURVE_WITH_KNOTS('', 1, (#6959, #6960), .UNSPECIFIED., .F., .U., (2, 2), (0., 0.0519661533782205), .UNSPECIFIED.);
#6959 = CARTESIAN_POINT('', (87.3, 6., 1.55));
#6960 = CARTESIAN_POINT('', (87.3, 5.84410153986534, 1.55));
#6961 = ORIENTED_EDGE('', *, *, #6860, .F.);
#6962 = B_SPLINE_SURFACE_WITH_KNOTS('', 1, 1, ((#6963, #6964), (#6965, #6966)), .UNSPECIFIED., .F., .F., .U., (2, 2), (2, 2), (0., 1.), (0., 1.), .UNSPECIFIED.);
#6963 = CARTESIAN_POINT('', (87.3, 6., 1.55));
#6964 = CARTESIAN_POINT('', (87.3, 6., 8.05));
#6965 = CARTESIAN_POINT('', (87.3, 3., 1.55));
#6966 = CARTESIAN_POINT('', (87.3, 3., 8.05));
#6967 = ADVANCED_FACE('', (#6968), #6990, .T.);
#6968 = FACE_OUTER_BOUND('', #6969, .T.);
#6969 = EDGE_LOOP('', (#6970, #6979, #6984, #6985));
#6970 = ORIENTED_EDGE('', *, *, #6971, .T.);
#6971 = EDGE_CURVE('', #6972, #6974, #6976, .T.);
#6972 = VERTEX_POINT('', #6973);
#6973 = CARTESIAN_POINT('', (88.5, 3., 8.05));
#6974 = VERTEX_POINT('', #6975);
#6975 = CARTESIAN_POINT('', (88.5, 6., 8.05));
#6976 = B_SPLINE_CURVE_WITH_KNOTS('', 1, (#6977, #6978), .UNSPECIFIED., .F., .U., (2, 2), (0., 1.), .UNSPECIFIED.);
#6977 = CARTESIAN_POINT('', (88.5, 3., 8.05));
#6978 = CARTESIAN_POINT('', (88.5, 6., 8.05));
#6979 = ORIENTED_EDGE('', *, *, #6980, .T.);
#6980 = EDGE_CURVE('', #6974, #6944, #6981, .T.);
#6981 = B_SPLINE_CURVE_WITH_KNOTS('', 1, (#6982, #6983), .UNSPECIFIED., .F., .U., (2, 2), (0.249999999999996, 1.), .UNSPECIFIED.);
#6982 = CARTESIAN_POINT('', (88.5, 6., 8.05));
#6983 = CARTESIAN_POINT('', (87.3, 6., 8.05));
#6984 = ORIENTED_EDGE('', *, *, #6943, .T.);
#6985 = ORIENTED_EDGE('', *, *, #6986, .T.);
#6986 = EDGE_CURVE('', #6937, #6972, #6987, .T.);
#6987 = B_SPLINE_CURVE_WITH_KNOTS('', 1, (#6988, #6989), .UNSPECIFIED., .F., .U., (2, 2), (0., 0.750000000000004), .UNSPECIFIED.);
#6988 = CARTESIAN_POINT('', (87.3, 3., 8.05));
#6989 = CARTESIAN_POINT('', (88.5, 3., 8.05));
#6990 = B_SPLINE_SURFACE_WITH_KNOTS('', 1, 1, ((#6991, #6992), (#6993, #6994)), .UNSPECIFIED., .F., .F., .U., (2, 2), (2, 2), (0., 1.), (0., 1.), .UNSPECIFIED.);
#6991 = CARTESIAN_POINT('', (89.97, 2.63, 8.05));
#6992 = CARTESIAN_POINT('', (86.23, 2.63, 8.05));
#6993 = CARTESIAN_POINT('', (89.97, 6.37, 8.05));
#6994 = CARTESIAN_POINT('', (86.23, 6.37, 8.05));
#6995 = ADVANCED_FACE('', (#6996), #7008, .T.);
#6996 = FACE_OUTER_BOUND('', #6997, .T.);
#6997 = EDGE_LOOP('', (#6998, #6999, #7000, #7001, #7002, #7007));
#6998 = ORIENTED_EDGE('', *, *, #6936, .F.);
#6999 = ORIENTED_EDGE('', *, *, #1082, .F.);
#7000 = ORIENTED_EDGE('', *, *, #6783, .T.);
#7001 = ORIENTED_EDGE('', *, *, #6908, .T.);
#7002 = ORIENTED_EDGE('', *, *, #7003, .T.);
#7003 = EDGE_CURVE('', #6844, #6972, #7004, .T.);
#7004 = B_SPLINE_CURVE_WITH_KNOTS('', 1, (#7005, #7006), .UNSPECIFIED., .F., .U., (2, 2), (0.409879388946297, 1.), .UNSPECIFIED.);
#7005 = CARTESIAN_POINT('', (88.5, 3., 4.21421602815093));
#7006 = CARTESIAN_POINT('', (88.5, 3., 8.05));
#7007 = ORIENTED_EDGE('', *, *, #6986, .F.);
#7008 = B_SPLINE_SURFACE_WITH_KNOTS('', 1, 1, ((#7009, #7010), (#7011, #7012)), .UNSPECIFIED., .F., .F., .U., (2, 2), (2, 2), (0., 1.), (0., 1.), .UNSPECIFIED.);
#7009 = CARTESIAN_POINT('', (87.3, 3., 1.55));
#7010 = CARTESIAN_POINT('', (87.3, 3., 8.05));
#7011 = CARTESIAN_POINT('', (88.9, 3., 1.55));
#7012 = CARTESIAN_POINT('', (88.9, 3., 8.05));
#7013 = ADVANCED_FACE('', (#7014), #7018, .F.);
#7014 = FACE_OUTER_BOUND('', #7015, .F.);
#7015 = EDGE_LOOP('', (#7016, #7017));
#7016 = ORIENTED_EDGE('', *, *, #6275, .T.);
#7017 = ORIENTED_EDGE('', *, *, #6898, .F.);
#7018 = B_SPLINE_SURFACE_WITH_KNOTS('', 1, 1, ((#7019, #7020), (#7021, #7022)), .UNSPECIFIED., .F., .F., .U., (2, 2), (2, 2), (0., 1.), (0., 1.), .UNSPECIFIED.);
#7019 = CARTESIAN_POINT('', (87.0500000000001, -7.87888886054567, -8.77888886054567));
#7020 = CARTESIAN_POINT('', (87.05, 35.6788888605457, -8.77888886054567));
#7021 = CARTESIAN_POINT('', (87.0500000000001, -7.87888886054567, 34.7788888605457));
#7022 = CARTESIAN_POINT('', (87.0499999999999, 35.6788888605457, 34.7788888605457));
#7023 = ADVANCED_FACE('', (#7024), #7029, .T.);
#7024 = FACE_OUTER_BOUND('', #7025, .T.);
#7025 = EDGE_LOOP('', (#7026, #7027, #7028));
#7026 = ORIENTED_EDGE('', *, *, #6891, .T.);
#7027 = ORIENTED_EDGE('', *, *, #6289, .F.);
#7028 = ORIENTED_EDGE('', *, *, #6015, .F.);
#7029 = B_SPLINE_SURFACE_WITH_KNOTS('', 1, 1, ((#7030, #7031), (#7032, #7033)), .UNSPECIFIED., .F., .F., .U., (2, 2), (2, 2), (0., 1.), (0., 1.), .UNSPECIFIED.);
#7030 = CARTESIAN_POINT('', (88.05, 5., -1.3));
#7031 = CARTESIAN_POINT('', (88.05, 5., 23.8));
#7032 = CARTESIAN_POINT('', (88.05, -7., -1.3));
#7033 = CARTESIAN_POINT('', (88.05, -7., 23.8));
#7034 = ADVANCED_FACE('', (#7035), #7065, .T.);
#7035 = FACE_OUTER_BOUND('', #7036, .T.);
#7036 = EDGE_LOOP('', (#7037, #7054, #7059, #7060));
#7037 = ORIENTED_EDGE('', *, *, #7038, .T.);
#7038 = EDGE_CURVE('', #7039, #7041, #7043, .T.);
#7039 = VERTEX_POINT('', #7040);
#7040 = CARTESIAN_POINT('', (88.05, -7., 0.37));
#7041 = VERTEX_POINT('', #7042);
#7042 = CARTESIAN_POINT('', (92.5, -7., 0.37));
#7043 = B_SPLINE_CURVE_WITH_KNOTS('', 3, (#7044, #7045, #7046, #7047, #7048, #7049, #7050, #7051, #7052, #7053), .UNSPECIFIED., .F., .U., (4, 3, 3, 4), (2.225, 3.895, 5.00500000000001, 6.67500000000001), .UNSPECIFIED.);
#7044 = CARTESIAN_POINT('', (88.05, -7., 0.37));
#7045 = CARTESIAN_POINT('', (88.6066666666667, -7., 0.37));
#7046 = CARTESIAN_POINT('', (89.1633333333333, -7., 0.37));
#7047 = CARTESIAN_POINT('', (89.72, -7., 0.37));
#7048 = CARTESIAN_POINT('', (90.09, -7., 0.37));
#7049 = CARTESIAN_POINT('', (90.46, -7., 0.37));
#7050 = CARTESIAN_POINT('', (90.83, -7., 0.37));
#7051 = CARTESIAN_POINT('', (91.3866666666667, -7., 0.37));
#7052 = CARTESIAN_POINT('', (91.9433333333333, -7., 0.37));
#7053 = CARTESIAN_POINT('', (92.5, -7., 0.37));
#7054 = ORIENTED_EDGE('', *, *, #7055, .T.);
#7055 = EDGE_CURVE('', #7041, #5995, #7056, .T.);
#7056 = B_SPLINE_CURVE_WITH_KNOTS('', 1, (#7057, #7058), .UNSPECIFIED., .F., .U., (2, 2), (0.0665338645418327, 1.), .UNSPECIFIED.);
#7057 = CARTESIAN_POINT('', (92.5, -7., 0.37));
#7058 = CARTESIAN_POINT('', (92.5, -7., 23.8));
#7059 = ORIENTED_EDGE('', *, *, #5994, .F.);
#7060 = ORIENTED_EDGE('', *, *, #7061, .F.);
#7061 = EDGE_CURVE('', #7039, #5988, #7062, .T.);
#7062 = B_SPLINE_CURVE_WITH_KNOTS('', 1, (#7063, #7064), .UNSPECIFIED., .F., .U., (2, 2), (0.0665338645418327, 1.), .UNSPECIFIED.);
#7063 = CARTESIAN_POINT('', (88.05, -7., 0.37));
#7064 = CARTESIAN_POINT('', (88.05, -7., 23.8));
#7065 = B_SPLINE_SURFACE_WITH_KNOTS('', 1, 1, ((#7066, #7067), (#7068, #7069)), .UNSPECIFIED., .F., .F., .U., (2, 2), (2, 2), (0., 1.), (0.0665338645418327, 1.), .UNSPECIFIED.);
#7066 = CARTESIAN_POINT('', (88.05, -7., 0.37));
#7067 = CARTESIAN_POINT('', (88.05, -7., 23.8));
#7068 = CARTESIAN_POINT('', (92.5, -7., 0.37));
#7069 = CARTESIAN_POINT('', (92.5, -7., 23.8));
#7070 = ADVANCED_FACE('', (#7071), #7092, .T.);
#7071 = FACE_OUTER_BOUND('', #7072, .T.);
#7072 = EDGE_LOOP('', (#7073, #7085, #7086, #7087));
#7073 = ORIENTED_EDGE('', *, *, #7074, .T.);
#7074 = EDGE_CURVE('', #7075, #7039, #7077, .T.);
#7075 = VERTEX_POINT('', #7076);
#7076 = CARTESIAN_POINT('', (88.05, -4., 0.37));
#7077 = B_SPLINE_CURVE_WITH_KNOTS('', 3, (#7078, #7079, #7080, #7081, #7082, #7083, #7084), .UNSPECIFIED., .F., .U., (4, 3, 4), (0., 1.33, 3.), .UNSPECIFIED.);
#7078 = CARTESIAN_POINT('', (88.05, -4., 0.37));
#7079 = CARTESIAN_POINT('', (88.05, -4.44333333333334, 0.37));
#7080 = CARTESIAN_POINT('', (88.05, -4.88666666666667, 0.37));
#7081 = CARTESIAN_POINT('', (88.05, -5.33, 0.37));
#7082 = CARTESIAN_POINT('', (88.05, -5.88666666666667, 0.37));
#7083 = CARTESIAN_POINT('', (88.05, -6.44333333333333, 0.37));
#7084 = CARTESIAN_POINT('', (88.05, -7., 0.37));
#7085 = ORIENTED_EDGE('', *, *, #7061, .T.);
#7086 = ORIENTED_EDGE('', *, *, #5987, .F.);
#7087 = ORIENTED_EDGE('', *, *, #7088, .F.);
#7088 = EDGE_CURVE('', #7075, #5978, #7089, .T.);
#7089 = B_SPLINE_CURVE_WITH_KNOTS('', 1, (#7090, #7091), .UNSPECIFIED., .F., .U., (2, 2), (0.0665338645418327, 1.), .UNSPECIFIED.);
#7090 = CARTESIAN_POINT('', (88.05, -4., 0.37));
#7091 = CARTESIAN_POINT('', (88.05, -4., 23.8));
#7092 = B_SPLINE_SURFACE_WITH_KNOTS('', 1, 1, ((#7093, #7094), (#7095, #7096)), .UNSPECIFIED., .F., .F., .U., (2, 2), (2, 2), (0.75, 1.), (0.0665338645418327, 1.), .UNSPECIFIED.);
#7093 = CARTESIAN_POINT('', (88.05, -4., 0.37));
#7094 = CARTESIAN_POINT('', (88.05, -4., 23.8));
#7095 = CARTESIAN_POINT('', (88.05, -7., 0.37));
#7096 = CARTESIAN_POINT('', (88.05, -7., 23.8));
#7097 = ADVANCED_FACE('', (#7098), #7293, .T.);
#7098 = FACE_OUTER_BOUND('', #7099, .T.);
#7099 = EDGE_LOOP('', (#7100, #7109, #7121, #7136, #7145, #7157, #7169, #7184, #7193, #7205, #7217, #7232, #7241, #7253, #7265, #7280, #7290, #7291, #7292));
#7100 = ORIENTED_EDGE('', *, *, #7101, .T.);
#7101 = EDGE_CURVE('', #6128, #7102, #7104, .T.);
#7102 = VERTEX_POINT('', #7103);
#7103 = CARTESIAN_POINT('', (85.6205312329487, -1.31358736378868, 0.369999999999999));
#7104 = B_SPLINE_CURVE_WITH_KNOTS('', 3, (#7105, #7106, #7107, #7108), .UNSPECIFIED., .F., .U., (4, 4), (0., 0.43785963799484), .UNSPECIFIED.);
#7105 = CARTESIAN_POINT('', (85.35, -1.3, 0.37));
#7106 = CARTESIAN_POINT('', (85.44017704215, -1.3, 0.37));
#7107 = CARTESIAN_POINT('', (85.5308079226865, -1.30455191518281, 0.369999999999999));
#7108 = CARTESIAN_POINT('', (85.6205312329487, -1.31358736378868, 0.369999999999999));
#7109 = ORIENTED_EDGE('', *, *, #7110, .T.);
#7110 = EDGE_CURVE('', #7102, #7111, #7113, .T.);
#7111 = VERTEX_POINT('', #7112);
#7112 = CARTESIAN_POINT('', (85.8883548871351, -1.35421580330286, 0.369999999999999));
#7113 = B_SPLINE_CURVE_WITH_KNOTS('', 3, (#7114, #7115, #7116, #7117, #7118, #7119, #7120), .UNSPECIFIED., .F., .U., (4, 3, 4), (0.43785963799484, 0.437893890380859, 0.875744448798296), .UNSPECIFIED.);
#7114 = CARTESIAN_POINT('', (85.6205312329487, -1.31358736378868, 0.369999999999999));
#7115 = CARTESIAN_POINT('', (85.6205382517218, -1.31358807060348, 0.369999999999999));
#7116 = CARTESIAN_POINT('', (85.6205452704894, -1.31358877744572, 0.369999999999999));
#7117 = CARTESIAN_POINT('', (85.6205522892514, -1.31358948431539, 0.369999999999999));
#7118 = CARTESIAN_POINT('', (85.7102735969883, -1.32262544701027, 0.369999999999999));
#7119 = CARTESIAN_POINT('', (85.7999903364483, -1.3362357014095, 0.369999999999999));
#7120 = CARTESIAN_POINT('', (85.8883548871351, -1.35421580330286, 0.369999999999999));
#7121 = ORIENTED_EDGE('', *, *, #7122, .T.);
#7122 = EDGE_CURVE('', #7111, #7123, #7125, .T.);
#7123 = VERTEX_POINT('', #7124);
#7124 = CARTESIAN_POINT('', (86.1508167162442, -1.42149411732721, 0.369999999999999));
#7125 = B_SPLINE_CURVE_WITH_KNOTS('', 3, (#7126, #7127, #7128, #7129, #7130, #7131, #7132, #7133, #7134, #7135), .UNSPECIFIED., .F., .U., (4, 3, 3, 4), (0.875744448798296, 0.875787780761719, 1.31368167114258, 1.31372617403639), .UNSPECIFIED.);
#7126 = CARTESIAN_POINT('', (85.8883548871351, -1.35421580330286, 0.369999999999999));
#7127 = CARTESIAN_POINT('', (85.8883636321496, -1.35421758270705, 0.369999999999999));
#7128 = CARTESIAN_POINT('', (85.8883723771508, -1.35421936215403, 0.369999999999999));
#7129 = CARTESIAN_POINT('', (85.8883811221388, -1.35422114164382, 0.369999999999999));
#7130 = CARTESIAN_POINT('', (85.9767541501612, -1.37220388795053, 0.369999999999999));
#7131 = CARTESIAN_POINT('', (86.0646641764219, -1.3947383459265, 0.369999999999999));
#7132 = CARTESIAN_POINT('', (86.1507904573855, -1.42148596215567, 0.369999999999999));
#7133 = CARTESIAN_POINT('', (86.1507992103479, -1.42148868049989, 0.369999999999999));
#7134 = CARTESIAN_POINT('', (86.1508079633007, -1.4214913988904, 0.369999999999999));
#7135 = CARTESIAN_POINT('', (86.1508167162442, -1.42149411732721, 0.369999999999999));
#7136 = ORIENTED_EDGE('', *, *, #7137, .T.);
#7137 = EDGE_CURVE('', #7123, #7138, #7140, .T.);
#7138 = VERTEX_POINT('', #7139);
#7139 = CARTESIAN_POINT('', (86.4051153101399, -1.5146968630963, 0.369999999999999));
#7140 = B_SPLINE_CURVE_WITH_KNOTS('', 3, (#7141, #7142, #7143, #7144), .UNSPECIFIED., .F., .U., (4, 4), (1.31372617403639, 1.75153424444785), .UNSPECIFIED.);
#7141 = CARTESIAN_POINT('', (86.1508167162442, -1.42149411732721, 0.369999999999999));
#7142 = CARTESIAN_POINT('', (86.2369259315604, -1.44823740237077, 0.369999999999999));
#7143 = CARTESIAN_POINT('', (86.3221186024996, -1.47946129033829, 0.369999999999999));
#7144 = CARTESIAN_POINT('', (86.4051153101399, -1.5146968630963, 0.369999999999999));
#7145 = ORIENTED_EDGE('', *, *, #7146, .T.);
#7146 = EDGE_CURVE('', #7138, #7147, #7149, .T.);
#7147 = VERTEX_POINT('', #7148);
#7148 = CARTESIAN_POINT('', (86.6488415452965, -1.63293205838829, 0.369999999999999));
#7149 = B_SPLINE_CURVE_WITH_KNOTS('', 3, (#7150, #7151, #7152, #7153, #7154, #7155, #7156), .UNSPECIFIED., .F., .U., (4, 3, 4), (1.75153424444785, 1.75157556152344, 2.18942461666039), .UNSPECIFIED.);
#7150 = CARTESIAN_POINT('', (86.4051153101399, -1.5146968630963, 0.369999999999999));
#7151 = CARTESIAN_POINT('', (86.4051231427531, -1.51470018836808, 0.369999999999999));
#7152 = CARTESIAN_POINT('', (86.4051309753467, -1.51470351367559, 0.369999999999999));
#7153 = CARTESIAN_POINT('', (86.4051388079207, -1.51470683901884, 0.369999999999999));
#7154 = CARTESIAN_POINT('', (86.4881428706418, -1.54994646755327, 0.369999999999999));
#7155 = CARTESIAN_POINT('', (86.5697858951116, -1.5895531835597, 0.369999999999999));
#7156 = CARTESIAN_POINT('', (86.6488415452965, -1.63293205838829, 0.369999999999999));
#7157 = ORIENTED_EDGE('', *, *, #7158, .T.);
#7158 = EDGE_CURVE('', #7147, #7159, #7161, .T.);
#7159 = VERTEX_POINT('', #7160);
#7160 = CARTESIAN_POINT('', (86.8794959848312, -1.7749961725022, 0.369999999999999));
#7161 = B_SPLINE_CURVE_WITH_KNOTS('', 3, (#7162, #7163, #7164, #7165, #7166, #7167, #7168), .UNSPECIFIED., .F., .U., (4, 3, 4), (2.18942461666039, 2.1894694519043, 2.62731990597187), .UNSPECIFIED.);
#7162 = CARTESIAN_POINT('', (86.6488415452965, -1.63293205838829, 0.369999999999999));
#7163 = CARTESIAN_POINT('', (86.648849640505, -1.6329365003356, 0.369999999999999));
#7164 = CARTESIAN_POINT('', (86.6488577356862, -1.63294094232247, 0.369999999999999));
#7165 = CARTESIAN_POINT('', (86.6488658308404, -1.63294538434889, 0.369999999999999));
#7166 = CARTESIAN_POINT('', (86.7279212037058, -1.67632517029903, 0.369999999999999));
#7167 = CARTESIAN_POINT('', (86.8051847751277, -1.72391370821451, 0.369999999999999));
#7168 = CARTESIAN_POINT('', (86.8794959848312, -1.7749961725022, 0.369999999999999));
#7169 = ORIENTED_EDGE('', *, *, #7170, .T.);
#7170 = EDGE_CURVE('', #7159, #7171, #7173, .T.);
#7171 = VERTEX_POINT('', #7172);
#7172 = CARTESIAN_POINT('', (87.094794885824, -1.93949258521189, 0.37));
#7173 = B_SPLINE_CURVE_WITH_KNOTS('', 3, (#7174, #7175, #7176, #7177, #7178, #7179, #7180, #7181, #7182, #7183), .UNSPECIFIED., .F., .U., (4, 3, 3, 4), (2.62731990597187, 2.62736334228516, 3.06525723266602, 3.06530194009008), .UNSPECIFIED.);
#7174 = CARTESIAN_POINT('', (86.8794959848312, -1.7749961725022, 0.369999999999999));
#7175 = CARTESIAN_POINT('', (86.8795033567659, -1.77500124006328, 0.369999999999999));
#7176 = CARTESIAN_POINT('', (86.8795107286716, -1.77500630765875, 0.369999999999999));
#7177 = CARTESIAN_POINT('', (86.8795181005483, -1.7750113752886, 0.369999999999999));
#7178 = CARTESIAN_POINT('', (86.9538360963475, -1.82609960041881, 0.369999999999999));
#7179 = CARTESIAN_POINT('', (87.0259491355777, -1.88119664286587, 0.37));
#7180 = CARTESIAN_POINT('', (87.0947738056358, -1.93947473513013, 0.37));
#7181 = CARTESIAN_POINT('', (87.0947808323923, -1.93948068511811, 0.37));
#7182 = CARTESIAN_POINT('', (87.0947878591216, -1.93948663514536, 0.37));
#7183 = CARTESIAN_POINT('', (87.094794885824, -1.93949258521189, 0.37));
#7184 = ORIENTED_EDGE('', *, *, #7185, .T.);
#7185 = EDGE_CURVE('', #7171, #7186, #7188, .T.);
#7186 = VERTEX_POINT('', #7187);
#7187 = CARTESIAN_POINT('', (87.2924485012809, -2.12466167855859, 0.369999999999999));
#7188 = B_SPLINE_CURVE_WITH_KNOTS('', 3, (#7189, #7190, #7191, #7192), .UNSPECIFIED., .F., .U., (4, 4), (3.06530194009008, 3.50311006482446), .UNSPECIFIED.);
#7189 = CARTESIAN_POINT('', (87.094794885824, -1.93949258521189, 0.37));
#7190 = CARTESIAN_POINT('', (87.1636055460199, -1.99776003233851, 0.37));
#7191 = CARTESIAN_POINT('', (87.2298215608483, -2.05979360228406, 0.369999999999999));
#7192 = CARTESIAN_POINT('', (87.2924485012809, -2.12466167855859, 0.369999999999999));
#7193 = ORIENTED_EDGE('', *, *, #7194, .T.);
#7194 = EDGE_CURVE('', #7186, #7195, #7197, .T.);
#7195 = VERTEX_POINT('', #7196);
#7196 = CARTESIAN_POINT('', (87.470587664957, -2.3287406080365, 0.369999999999999));
#7197 = B_SPLINE_CURVE_WITH_KNOTS('', 3, (#7198, #7199, #7200, #7201, #7202, #7203, #7204), .UNSPECIFIED., .F., .U., (4, 3, 4), (3.50311006482446, 3.50315112304688, 3.94099963535397), .UNSPECIFIED.);
#7198 = CARTESIAN_POINT('', (87.2924485012809, -2.12466167855859, 0.369999999999999));
#7199 = CARTESIAN_POINT('', (87.2924543745178, -2.12466776197219, 0.369999999999999));
#7200 = CARTESIAN_POINT('', (87.2924602477232, -2.12467384541073, 0.369999999999999));
#7201 = CARTESIAN_POINT('', (87.292466120897, -2.1246799288742, 0.369999999999999));
#7202 = CARTESIAN_POINT('', (87.3550981653853, -2.18955452088348, 0.369999999999999));
#7203 = CARTESIAN_POINT('', (87.414770786646, -2.25791703326268, 0.369999999999999));
#7204 = CARTESIAN_POINT('', (87.470587664957, -2.3287406080365, 0.369999999999999));
#7205 = ORIENTED_EDGE('', *, *, #7206, .T.);
#7206 = EDGE_CURVE('', #7195, #7207, #7209, .T.);
#7207 = VERTEX_POINT('', #7208);
#7208 = CARTESIAN_POINT('', (87.6273828052598, -2.54964571283369, 0.369999999999999));
#7209 = B_SPLINE_CURVE_WITH_KNOTS('', 3, (#7210, #7211, #7212, #7213, #7214, #7215, #7216), .UNSPECIFIED., .F., .U., (4, 3, 4), (3.94099963535397, 3.94104501342774, 4.37889521884852), .UNSPECIFIED.);
#7210 = CARTESIAN_POINT('', (87.470587664957, -2.3287406080365, 0.369999999999999));
#7211 = CARTESIAN_POINT('', (87.4705934497487, -2.32874794810346, 0.369999999999999));
#7212 = CARTESIAN_POINT('', (87.4705992344989, -2.32875528819686, 0.369999999999999));
#7213 = CARTESIAN_POINT('', (87.4706050192077, -2.32876262831669, 0.369999999999999));
#7214 = CARTESIAN_POINT('', (87.5264213141352, -2.39958698707157, 0.369999999999999));
#7215 = CARTESIAN_POINT('', (87.5789435500613, -2.47358518786492, 0.369999999999999));
#7216 = CARTESIAN_POINT('', (87.6273828052598, -2.54964571283369, 0.369999999999999));
#7217 = ORIENTED_EDGE('', *, *, #7218, .T.);
#7218 = EDGE_CURVE('', #7207, #7219, #7221, .T.);
#7219 = VERTEX_POINT('', #7220);
#7220 = CARTESIAN_POINT('', (87.761277156865, -2.78519858710362, 0.369999999999999));
#7221 = B_SPLINE_CURVE_WITH_KNOTS('', 3, (#7222, #7223, #7224, #7225, #7226, #7227, #7228, #7229, #7230, #7231), .UNSPECIFIED., .F., .U., (4, 3, 3, 4), (4.37889521884852, 4.37893890380859, 4.81683279418945, 4.81687775359881), .UNSPECIFIED.);
#7222 = CARTESIAN_POINT('', (87.6273828052598, -2.54964571283369, 0.369999999999999));
#7223 = CARTESIAN_POINT('', (87.6273876381156, -2.54965330150433, 0.369999999999999));
#7224 = CARTESIAN_POINT('', (87.6273924709308, -2.54966089019549, 0.369999999999999));
#7225 = CARTESIAN_POINT('', (87.6273973037054, -2.54966847890718, 0.369999999999999));
#7226 = CARTESIAN_POINT('', (87.6758405769406, -2.62573700409883, 0.369999999999999));
#7227 = CARTESIAN_POINT('', (87.720687619729, -2.70463388151839, 0.369999999999999));
#7228 = CARTESIAN_POINT('', (87.7612646586189, -2.78517377946656, 0.369999999999999));
#7229 = CARTESIAN_POINT('', (87.7612688247416, -2.78518204865304, 0.369999999999999));
#7230 = CARTESIAN_POINT('', (87.7612729908237, -2.7851903178654, 0.369999999999999));
#7231 = CARTESIAN_POINT('', (87.761277156865, -2.78519858710362, 0.369999999999999));
#7232 = ORIENTED_EDGE('', *, *, #7233, .T.);
#7233 = EDGE_CURVE('', #7219, #7234, #7236, .T.);
#7234 = VERTEX_POINT('', #7235);
#7235 = CARTESIAN_POINT('', (87.870850449468, -3.03288417890518, 0.37));
#7236 = B_SPLINE_CURVE_WITH_KNOTS('', 3, (#7237, #7238, #7239, #7240), .UNSPECIFIED., .F., .U., (4, 4), (4.81687775359881, 5.25468562105716), .UNSPECIFIED.);
#7237 = CARTESIAN_POINT('', (87.761277156865, -2.78519858710362, 0.369999999999999));
#7238 = CARTESIAN_POINT('', (87.8018454317247, -2.86572316698588, 0.369999999999999));
#7239 = CARTESIAN_POINT('', (87.8385536231265, -2.94870041299612, 0.37));
#7240 = CARTESIAN_POINT('', (87.870850449468, -3.03288417890518, 0.37));
#7241 = ORIENTED_EDGE('', *, *, #7242, .T.);
#7242 = EDGE_CURVE('', #7234, #7243, #7245, .T.);
#7243 = VERTEX_POINT('', #7244);
#7244 = CARTESIAN_POINT('', (87.9550712793772, -3.2903496428818, 0.37));
#7245 = B_SPLINE_CURVE_WITH_KNOTS('', 3, (#7246, #7247, #7248, #7249, #7250, #7251, #7252), .UNSPECIFIED., .F., .U., (4, 3, 4), (5.25468562105716, 5.25472668457031, 5.69257471969805), .UNSPECIFIED.);
#7246 = CARTESIAN_POINT('', (87.870850449468, -3.03288417890518, 0.37));
#7247 = CARTESIAN_POINT('', (87.870853478699, -3.03289207479156, 0.37));
#7248 = CARTESIAN_POINT('', (87.8708565078912, -3.03289997068856, 0.37));
#7249 = CARTESIAN_POINT('', (87.8708595370445, -3.03290786659616, 0.37));
#7250 = CARTESIAN_POINT('', (87.9031584989361, -3.11709958247168, 0.37));
#7251 = CARTESIAN_POINT('', (87.9313703310512, -3.20334533177556, 0.37));
#7252 = CARTESIAN_POINT('', (87.9550712793772, -3.2903496428818, 0.37));
#7253 = ORIENTED_EDGE('', *, *, #7254, .T.);
#7254 = EDGE_CURVE('', #7243, #7255, #7257, .T.);
#7255 = VERTEX_POINT('', #7256);
#7256 = CARTESIAN_POINT('', (88.0130699760747, -3.55496258300699, 0.369999999999999));
#7257 = B_SPLINE_CURVE_WITH_KNOTS('', 3, (#7258, #7259, #7260, #7261, #7262, #7263, #7264), .UNSPECIFIED., .F., .U., (4, 3, 4), (5.69257471969805, 5.69262057495117, 6.13047052917902), .UNSPECIFIED.);
#7258 = CARTESIAN_POINT('', (87.9550712793772, -3.2903496428818, 0.37));
#7259 = CARTESIAN_POINT('', (87.9550737615466, -3.29035875472972, 0.37));
#7260 = CARTESIAN_POINT('', (87.9550762436665, -3.29036786658597, 0.37));
#7261 = CARTESIAN_POINT('', (87.9550787257369, -3.29037697845052, 0.37));
#7262 = CARTESIAN_POINT('', (87.978778833098, -3.37738182977195, 0.37));
#7263 = CARTESIAN_POINT('', (87.998206520838, -3.46602084159759, 0.369999999999999));
#7264 = CARTESIAN_POINT('', (88.0130699760747, -3.55496258300699, 0.369999999999999));
#7265 = ORIENTED_EDGE('', *, *, #7266, .T.);
#7266 = EDGE_CURVE('', #7255, #7267, #7269, .T.);
#7267 = VERTEX_POINT('', #7268);
#7268 = CARTESIAN_POINT('', (88.0442655595118, -3.82412193193543, 0.37));
#7269 = B_SPLINE_CURVE_WITH_KNOTS('', 3, (#7270, #7271, #7272, #7273, #7274, #7275, #7276, #7277, #7278, #7279), .UNSPECIFIED., .F., .U., (4, 3, 3, 4), (6.13047052917902, 6.13051446533203, 6.56840835571289, 6.56847419327224), .UNSPECIFIED.);
#7270 = CARTESIAN_POINT('', (88.0130699760747, -3.55496258300699, 0.369999999999999));
#7271 = CARTESIAN_POINT('', (88.0130714675515, -3.55497150788621, 0.369999999999999));
#7272 = CARTESIAN_POINT('', (88.0130729589823, -3.55498043276848, 0.369999999999999));
#7273 = CARTESIAN_POINT('', (88.0130744503672, -3.5549893576538, 0.369999999999999));
#7274 = CARTESIAN_POINT('', (88.027938480988, -3.64394008469005, 0.369999999999999));
#7275 = CARTESIAN_POINT('', (88.0383869593372, -3.7340888717786, 0.37));
#7276 = CARTESIAN_POINT('', (88.0442629094613, -3.82408134066745, 0.37));
#7277 = CARTESIAN_POINT('', (88.0442637929132, -3.82409487107891, 0.37));
#7278 = CARTESIAN_POINT('', (88.0442646762634, -3.82410840150157, 0.37));
#7279 = CARTESIAN_POINT('', (88.0442655595118, -3.82412193193543, 0.37));
#7280 = ORIENTED_EDGE('', *, *, #7281, .T.);
#7281 = EDGE_CURVE('', #7267, #7075, #7282, .T.);
#7282 = B_SPLINE_CURVE_WITH_KNOTS('', 3, (#7283, #7284, #7285, #7286, #7287, #7288, #7289), .UNSPECIFIED., .F., .U., (4, 3, 4), (6.56847419327224, 6.76302786254883, 6.85326757823444), .UNSPECIFIED.);
#7283 = CARTESIAN_POINT('', (88.0442655595118, -3.82412193193543, 0.37));
#7284 = CARTESIAN_POINT('', (88.0468756079254, -3.86410512058036, 0.37));
#7285 = CARTESIAN_POINT('', (88.048596888606, -3.90418612638086, 0.37));
#7286 = CARTESIAN_POINT('', (88.0494242856771, -3.94424584413165, 0.37));
#7287 = CARTESIAN_POINT('', (88.0498080567811, -3.96282671980322, 0.37));
#7288 = CARTESIAN_POINT('', (88.05, -3.98141516152928, 0.37));
#7289 = CARTESIAN_POINT('', (88.05, -4., 0.37));
#7290 = ORIENTED_EDGE('', *, *, #7088, .T.);
#7291 = ORIENTED_EDGE('', *, *, #5977, .T.);
#7292 = ORIENTED_EDGE('', *, *, #6136, .F.);
#7293 = (
   BOUNDED_SURFACE ()
   B_SPLINE_SURFACE (1, 2, ((#7294, #7295, #7296), (#7297, #7298, #7299)), .UNSPECIFIED., .F., .F., .U.)
   B_SPLINE_SURFACE_WITH_KNOTS ((2, 2), (3, 3), (1.77, 25.2), (0., 4.24115008234623), .UNSPECIFIED.)
   GEOMETRIC_REPRESENTATION_ITEM ()
   RATIONAL_B_SPLINE_SURFACE (((1., 0.707106781186546, 1.), (1., 0.707106781186546, 1.)))
   REPRESENTATION_ITEM ('')
   SURFACE ()
);
#7294 = CARTESIAN_POINT('', (88.05, -4., 0.369999999999998));
#7295 = CARTESIAN_POINT('', (88.05, -1.29999999999999, 0.369999999999998));
#7296 = CARTESIAN_POINT('', (85.35, -1.29999999999999, 0.369999999999998));
#7297 = CARTESIAN_POINT('', (88.05, -4., 23.8));
#7298 = CARTESIAN_POINT('', (88.05, -1.29999999999999, 23.8));
#7299 = CARTESIAN_POINT('', (85.35, -1.29999999999999, 23.8));
#7300 = ADVANCED_FACE('', (#7301), #7388, .T.);
#7301 = FACE_OUTER_BOUND('', #7302, .T.);
#7302 = EDGE_LOOP('', (#7303, #7304, #7311, #7368, #7373, #7374, #7375, #7376, #7377, #7378, #7379, #7380, #7381, #7382, #7383, #7384, #7385, #7386, #7387));
#7303 = ORIENTED_EDGE('', *, *, #7101, .F.);
#7304 = ORIENTED_EDGE('', *, *, #7305, .T.);
#7305 = EDGE_CURVE('', #6128, #7306, #7308, .T.);
#7306 = VERTEX_POINT('', #7307);
#7307 = CARTESIAN_POINT('', (85.35, 0.369999999999997, -1.3));
#7308 = B_SPLINE_CURVE_WITH_KNOTS('', 1, (#7309, #7310), .UNSPECIFIED., .F., .U., (2, 2), (0., 1.), .UNSPECIFIED.);
#7309 = CARTESIAN_POINT('', (85.35, -1.3, 0.37));
#7310 = CARTESIAN_POINT('', (85.35, 0.369999999999997, -1.3));
#7311 = ORIENTED_EDGE('', *, *, #7312, .T.);
#7312 = EDGE_CURVE('', #7306, #7313, #7315, .T.);
#7313 = VERTEX_POINT('', #7314);
#7314 = CARTESIAN_POINT('', (89.72, -4., -1.3));
#7315 = B_SPLINE_CURVE_WITH_KNOTS('', 3, (#7316, #7317, #7318, #7319, #7320, #7321, #7322, #7323, #7324, #7325, #7326, #7327, #7328, #7329, #7330, #7331, #7332, #7333, #7334, #7335, #7336, #7337, #7338, #7339, #7340, #7341, #7342, #7343, #7344, #7345, #7346, #7347, #7348, #7349, #7350, #7351, #7352, #7353, #7354, #7355, #7356, #7357, #7358, #7359, #7360, #7361, #7362, #7363, #7364, #7365, #7366, #7367), .UNSPECIFIED., .F., .U., (4, 3, 3, 3, 3, 3, 3, 3, 3, 3, 3, 3, 3, 3, 3, 3, 3, 4), (0., 0.437893890380859, 0.875787780761719, 1.31368167114258, 1.75157556152344, 2.1894694519043, 2.62736334228516, 3.06525723266602, 3.50315112304688, 3.94104501342774, 4.37893890380859, 4.81683279418945, 5.25472668457031, 5.69262057495117, 6.13051446533203, 6.56840835571289, 6.76302786254883, 6.85326757823444), .UNSPECIFIED.);
#7316 = CARTESIAN_POINT('', (85.35, 0.369999999999997, -1.3));
#7317 = CARTESIAN_POINT('', (85.4959646301269, 0.369999999999997, -1.3));
#7318 = CARTESIAN_POINT('', (85.6426639210138, 0.362631488286481, -1.3));
#7319 = CARTESIAN_POINT('', (85.7878938903808, 0.348005167978858, -1.3));
#7320 = CARTESIAN_POINT('', (85.9331238597479, 0.333378847671235, -1.3));
#7321 = CARTESIAN_POINT('', (86.0783464338108, 0.31134748606563, -1.3));
#7322 = CARTESIAN_POINT('', (86.2213798162025, 0.282242078154397, -1.3));
#7323 = CARTESIAN_POINT('', (86.3644131985942, 0.253136670243164, -1.3));
#7324 = CARTESIAN_POINT('', (86.5066972040606, 0.216664232704184, -1.3));
#7325 = CARTESIAN_POINT('', (86.6460941847314, 0.173372720511047, -1.3));
#7326 = CARTESIAN_POINT('', (86.7854911654021, 0.130081208317909, -1.3));
#7327 = CARTESIAN_POINT('', (86.923404330968, 0.0795348367846044, -1.3));
#7328 = CARTESIAN_POINT('', (87.0577617002272, 0.022493004995443, -1.3));
#7329 = CARTESIAN_POINT('', (87.1921190694863, -0.0345488267937183, -1.3));
#7330 = CARTESIAN_POINT('', (87.3242731219662, -0.0986603181561051, -1.3));
#7331 = CARTESIAN_POINT('', (87.4522384002862, -0.168878270223942, -1.3));
#7332 = CARTESIAN_POINT('', (87.5802036786061, -0.239096222291779, -1.3));
#7333 = CARTESIAN_POINT('', (87.7052683176865, -0.316127468960077, -1.3));
#7334 = CARTESIAN_POINT('', (87.8255533701467, -0.398814707411564, -1.3));
#7335 = CARTESIAN_POINT('', (87.945838422607, -0.481501945863051, -1.3));
#7336 = CARTESIAN_POINT('', (88.0625547120276, -0.570677529379206, -1.3));
#7337 = CARTESIAN_POINT('', (88.1739487150476, -0.665001700932848, -1.3));
#7338 = CARTESIAN_POINT('', (88.2853427180676, -0.759325872486489, -1.3));
#7339 = CARTESIAN_POINT('', (88.3925357584327, -0.859748126040501, -1.3));
#7340 = CARTESIAN_POINT('', (88.4939173882666, -0.964759736733416, -1.3));
#7341 = CARTESIAN_POINT('', (88.5952990181005, -1.06977134742633, -1.3));
#7342 = CARTESIAN_POINT('', (88.6918897737503, -1.1804293920259, -1.3));
#7343 = CARTESIAN_POINT('', (88.7822384940511, -1.29507136509035, -1.3));
#7344 = CARTESIAN_POINT('', (88.8725872143518, -1.4097133381548, -1.3));
#7345 = CARTESIAN_POINT('', (88.9576033752425, -1.52949325842107, -1.3));
#7346 = CARTESIAN_POINT('', (89.0360097100713, -1.65261157512014, -1.3));
#7347 = CARTESIAN_POINT('', (89.1144160449001, -1.7757298918192, -1.3));
#7348 = CARTESIAN_POINT('', (89.187001814154, -1.90342594897605, -1.3));
#7349 = CARTESIAN_POINT('', (89.2526765030239, -2.03378126528476, -1.3));
#7350 = CARTESIAN_POINT('', (89.3183511918938, -2.16413658159346, -1.3));
#7351 = CARTESIAN_POINT('', (89.377775900494, -2.29846335077724, -1.3));
#7352 = CARTESIAN_POINT('', (89.4300578432907, -2.43474347297232, -1.3));
#7353 = CARTESIAN_POINT('', (89.4823397860873, -2.5710235951674, -1.3));
#7354 = CARTESIAN_POINT('', (89.5280052480003, -2.71062890487963, -1.3));
#7355 = CARTESIAN_POINT('', (89.566368159804, -2.8514619984551, -1.3));
#7356 = CARTESIAN_POINT('', (89.6047310716077, -2.99229509203058, -1.3));
#7357 = CARTESIAN_POINT('', (89.636177605294, -3.13577363548109, -1.3));
#7358 = CARTESIAN_POINT('', (89.6602353141135, -3.27974203442494, -1.3));
#7359 = CARTESIAN_POINT('', (89.6842930229329, -3.42371043336879, -1.3));
#7360 = CARTESIAN_POINT('', (89.7012040786324, -3.56961791469394, -1.3));
#7361 = CARTESIAN_POINT('', (89.710714412722, -3.71527239211774, -1.3));
#7362 = CARTESIAN_POINT('', (89.714941227873, -3.78000771541721, -1.3));
#7363 = CARTESIAN_POINT('', (89.7177285850504, -3.84490153004276, -1.3));
#7364 = CARTESIAN_POINT('', (89.719068195707, -3.90976086624269, -1.3));
#7365 = CARTESIAN_POINT('', (89.7196893363458, -3.93983435760743, -1.3));
#7366 = CARTESIAN_POINT('', (89.72, -3.96992009477146, -1.3));
#7367 = CARTESIAN_POINT('', (89.72, -4., -1.3));
#7368 = ORIENTED_EDGE('', *, *, #7369, .F.);
#7369 = EDGE_CURVE('', #7075, #7313, #7370, .T.);
#7370 = B_SPLINE_CURVE_WITH_KNOTS('', 1, (#7371, #7372), .UNSPECIFIED., .F., .U., (2, 2), (0., 1.), .UNSPECIFIED.);
#7371 = CARTESIAN_POINT('', (88.05, -4., 0.37));
#7372 = CARTESIAN_POINT('', (89.72, -4., -1.3));
#7373 = ORIENTED_EDGE('', *, *, #7281, .F.);
#7374 = ORIENTED_EDGE('', *, *, #7266, .F.);
#7375 = ORIENTED_EDGE('', *, *, #7254, .F.);
#7376 = ORIENTED_EDGE('', *, *, #7242, .F.);
#7377 = ORIENTED_EDGE('', *, *, #7233, .F.);
#7378 = ORIENTED_EDGE('', *, *, #7218, .F.);
#7379 = ORIENTED_EDGE('', *, *, #7206, .F.);
#7380 = ORIENTED_EDGE('', *, *, #7194, .F.);
#7381 = ORIENTED_EDGE('', *, *, #7185, .F.);
#7382 = ORIENTED_EDGE('', *, *, #7170, .F.);
#7383 = ORIENTED_EDGE('', *, *, #7158, .F.);
#7384 = ORIENTED_EDGE('', *, *, #7146, .F.);
#7385 = ORIENTED_EDGE('', *, *, #7137, .F.);
#7386 = ORIENTED_EDGE('', *, *, #7122, .F.);
#7387 = ORIENTED_EDGE('', *, *, #7110, .F.);
#7388 = B_SPLINE_SURFACE_WITH_KNOTS('', 1, 3, ((#7389, #7390, #7391, #7392, #7393, #7394, #7395, #7396, #7397, #7398, #7399, #7400, #7401, #7402, #7403, #7404, #7405, #7406, #7407, #7408, #7409, #7410, #7411, #7412, #7413, #7414, #7415, #7416, #7417, #7418, #7419, #7420, #7421, #7422, #7423, #7424, #7425, #7426, #7427, #7428, #7429, #7430, #7431, #7432, #7433, #7434, #7435, #7436, #7437, #7438, #7439, #7440), (#7441, #7442, #7443, #7444, #7445, #7446, #7447, #7448, #7449, #7450, #7451, #7452, #7453, #7454, #7455, #7456, #7457, #7458, #7459, #7460, #7461, #7462, #7463, #7464, #7465, #7466, #7467, #7468, #7469, #7470, #7471, #7472, #7473, #7474, #7475, #7476, #7477, #7478, #7479, #7480, #7481, #7482, #7483, #7484, #7485, #7486, #7487, #7488, #7489, #7490, #7491, #7492)), .UNSPECIFIED., .F., .F., .U., (2, 2), (4, 3, 3, 3, 3, 3, 3, 3, 3, 3, 3, 3, 3, 3, 3, 3, 3, 4), (0., 1.), (0., 0.437893890380859, 0.875787780761719, 1.31368167114258, 1.75157556152344, 2.1894694519043, 2.62736334228516, 3.06525723266602, 3.50315112304688, 3.94104501342774, 4.37893890380859, 4.81683279418945, 5.25472668457031, 5.69262057495117, 6.13051446533203, 6.56840835571289, 6.76302786254883, 6.85326757823444), .UNSPECIFIED.);
#7389 = CARTESIAN_POINT('', (85.35, -1.3, 0.37));
#7390 = CARTESIAN_POINT('', (85.4401840964171, -1.3, 0.37));
#7391 = CARTESIAN_POINT('', (85.5308221022283, -1.30455262737476, 0.369999999999999));
#7392 = CARTESIAN_POINT('', (85.6205522892514, -1.31358948431539, 0.369999999999999));
#7393 = CARTESIAN_POINT('', (85.7102824762745, -1.32262634125603, 0.369999999999999));
#7394 = CARTESIAN_POINT('', (85.8000080941165, -1.33623839533711, 0.369999999999999));
#7395 = CARTESIAN_POINT('', (85.8883811221388, -1.35422114164382, 0.369999999999999));
#7396 = CARTESIAN_POINT('', (85.9767541501612, -1.37220388795053, 0.369999999999999));
#7397 = CARTESIAN_POINT('', (86.0646641764219, -1.3947383459265, 0.369999999999999));
#7398 = CARTESIAN_POINT('', (86.1507904573855, -1.42148596215567, 0.369999999999999));
#7399 = CARTESIAN_POINT('', (86.2369167383492, -1.44823357838484, 0.369999999999999));
#7400 = CARTESIAN_POINT('', (86.3221262456782, -1.47946360198663, 0.369999999999999));
#7401 = CARTESIAN_POINT('', (86.4051388079207, -1.51470683901884, 0.369999999999999));
#7402 = CARTESIAN_POINT('', (86.4881513701632, -1.54995007605104, 0.369999999999999));
#7403 = CARTESIAN_POINT('', (86.5698026154025, -1.58956129497059, 0.369999999999999));
#7404 = CARTESIAN_POINT('', (86.6488658308404, -1.63294538434889, 0.369999999999999));
#7405 = CARTESIAN_POINT('', (86.7279290462783, -1.67632947372718, 0.369999999999999));
#7406 = CARTESIAN_POINT('', (86.8052001047491, -1.7239231501584, 0.369999999999999));
#7407 = CARTESIAN_POINT('', (86.8795181005483, -1.7750113752886, 0.369999999999999));
#7408 = CARTESIAN_POINT('', (86.9538360963475, -1.82609960041881, 0.369999999999999));
#7409 = CARTESIAN_POINT('', (87.0259491355777, -1.88119664286587, 0.37));
#7410 = CARTESIAN_POINT('', (87.0947738056358, -1.93947473513013, 0.37));
#7411 = CARTESIAN_POINT('', (87.1635984756939, -1.99775282739439, 0.37));
#7412 = CARTESIAN_POINT('', (87.2298275853017, -2.0597986133431, 0.369999999999999));
#7413 = CARTESIAN_POINT('', (87.292466120897, -2.1246799288742, 0.369999999999999));
#7414 = CARTESIAN_POINT('', (87.3551046564923, -2.18956124440529, 0.369999999999999));
#7415 = CARTESIAN_POINT('', (87.4147831554063, -2.25793120331119, 0.369999999999999));
#7416 = CARTESIAN_POINT('', (87.4706050192077, -2.32876262831669, 0.369999999999999));
#7417 = CARTESIAN_POINT('', (87.5264268830091, -2.39959405332219, 0.369999999999999));
#7418 = CARTESIAN_POINT('', (87.5789540304702, -2.47359995371554, 0.369999999999999));
#7419 = CARTESIAN_POINT('', (87.6273973037054, -2.54966847890718, 0.369999999999999));
#7420 = CARTESIAN_POINT('', (87.6758405769406, -2.62573700409883, 0.369999999999999));
#7421 = CARTESIAN_POINT('', (87.720687619729, -2.70463388151839, 0.369999999999999));
#7422 = CARTESIAN_POINT('', (87.7612646586189, -2.78517377946656, 0.369999999999999));
#7423 = CARTESIAN_POINT('', (87.8018416975087, -2.86571367741473, 0.369999999999999));
#7424 = CARTESIAN_POINT('', (87.8385571925249, -2.94870733343216, 0.37));
#7425 = CARTESIAN_POINT('', (87.8708595370445, -3.03290786659616, 0.37));
#7426 = CARTESIAN_POINT('', (87.9031618815642, -3.11710839976017, 0.37));
#7427 = CARTESIAN_POINT('', (87.9313762401831, -3.20336339660755, 0.37));
#7428 = CARTESIAN_POINT('', (87.9550787257369, -3.29037697845052, 0.37));
#7429 = CARTESIAN_POINT('', (87.9787812112907, -3.37739056029349, 0.37));
#7430 = CARTESIAN_POINT('', (87.9982104197465, -3.46603863061756, 0.369999999999999));
#7431 = CARTESIAN_POINT('', (88.0130744503672, -3.5549893576538, 0.369999999999999));
#7432 = CARTESIAN_POINT('', (88.027938480988, -3.64394008469005, 0.369999999999999));
#7433 = CARTESIAN_POINT('', (88.0383869593372, -3.7340888717786, 0.37));
#7434 = CARTESIAN_POINT('', (88.0442629094613, -3.82408134066745, 0.37));
#7435 = CARTESIAN_POINT('', (88.0468744428497, -3.86407799350694, 0.37));
#7436 = CARTESIAN_POINT('', (88.0485966086123, -3.90417257004931, 0.37));
#7437 = CARTESIAN_POINT('', (88.0494242856771, -3.94424584413165, 0.37));
#7438 = CARTESIAN_POINT('', (88.0498080567811, -3.96282671980322, 0.37));
#7439 = CARTESIAN_POINT('', (88.05, -3.98141516152928, 0.37));
#7440 = CARTESIAN_POINT('', (88.05, -4., 0.37));
#7441 = CARTESIAN_POINT('', (85.35, 0.369999999999997, -1.3));
#7442 = CARTESIAN_POINT('', (85.4959646301269, 0.369999999999997, -1.3));
#7443 = CARTESIAN_POINT('', (85.6426639210138, 0.362631488286481, -1.3));
#7444 = CARTESIAN_POINT('', (85.7878938903808, 0.348005167978858, -1.3));
#7445 = CARTESIAN_POINT('', (85.9331238597479, 0.333378847671235, -1.3));
#7446 = CARTESIAN_POINT('', (86.0783464338108, 0.31134748606563, -1.3));
#7447 = CARTESIAN_POINT('', (86.2213798162025, 0.282242078154397, -1.3));
#7448 = CARTESIAN_POINT('', (86.3644131985942, 0.253136670243164, -1.3));
#7449 = CARTESIAN_POINT('', (86.5066972040606, 0.216664232704184, -1.3));
#7450 = CARTESIAN_POINT('', (86.6460941847314, 0.173372720511047, -1.3));
#7451 = CARTESIAN_POINT('', (86.7854911654021, 0.130081208317909, -1.3));
#7452 = CARTESIAN_POINT('', (86.923404330968, 0.0795348367846044, -1.3));
#7453 = CARTESIAN_POINT('', (87.0577617002272, 0.022493004995443, -1.3));
#7454 = CARTESIAN_POINT('', (87.1921190694863, -0.0345488267937183, -1.3));
#7455 = CARTESIAN_POINT('', (87.3242731219662, -0.0986603181561051, -1.3));
#7456 = CARTESIAN_POINT('', (87.4522384002862, -0.168878270223942, -1.3));
#7457 = CARTESIAN_POINT('', (87.5802036786061, -0.239096222291779, -1.3));
#7458 = CARTESIAN_POINT('', (87.7052683176865, -0.316127468960077, -1.3));
#7459 = CARTESIAN_POINT('', (87.8255533701467, -0.398814707411564, -1.3));
#7460 = CARTESIAN_POINT('', (87.945838422607, -0.481501945863051, -1.3));
#7461 = CARTESIAN_POINT('', (88.0625547120276, -0.570677529379206, -1.3));
#7462 = CARTESIAN_POINT('', (88.1739487150476, -0.665001700932848, -1.3));
#7463 = CARTESIAN_POINT('', (88.2853427180676, -0.759325872486489, -1.3));
#7464 = CARTESIAN_POINT('', (88.3925357584327, -0.859748126040501, -1.3));
#7465 = CARTESIAN_POINT('', (88.4939173882666, -0.964759736733416, -1.3));
#7466 = CARTESIAN_POINT('', (88.5952990181005, -1.06977134742633, -1.3));
#7467 = CARTESIAN_POINT('', (88.6918897737503, -1.1804293920259, -1.3));
#7468 = CARTESIAN_POINT('', (88.7822384940511, -1.29507136509035, -1.3));
#7469 = CARTESIAN_POINT('', (88.8725872143518, -1.4097133381548, -1.3));
#7470 = CARTESIAN_POINT('', (88.9576033752425, -1.52949325842107, -1.3));
#7471 = CARTESIAN_POINT('', (89.0360097100713, -1.65261157512014, -1.3));
#7472 = CARTESIAN_POINT('', (89.1144160449001, -1.7757298918192, -1.3));
#7473 = CARTESIAN_POINT('', (89.187001814154, -1.90342594897605, -1.3));
#7474 = CARTESIAN_POINT('', (89.2526765030239, -2.03378126528476, -1.3));
#7475 = CARTESIAN_POINT('', (89.3183511918938, -2.16413658159346, -1.3));
#7476 = CARTESIAN_POINT('', (89.377775900494, -2.29846335077724, -1.3));
#7477 = CARTESIAN_POINT('', (89.4300578432907, -2.43474347297232, -1.3));
#7478 = CARTESIAN_POINT('', (89.4823397860873, -2.5710235951674, -1.3));
#7479 = CARTESIAN_POINT('', (89.5280052480003, -2.71062890487963, -1.3));
#7480 = CARTESIAN_POINT('', (89.566368159804, -2.8514619984551, -1.3));
#7481 = CARTESIAN_POINT('', (89.6047310716077, -2.99229509203058, -1.3));
#7482 = CARTESIAN_POINT('', (89.636177605294, -3.13577363548109, -1.3));
#7483 = CARTESIAN_POINT('', (89.6602353141135, -3.27974203442494, -1.3));
#7484 = CARTESIAN_POINT('', (89.6842930229329, -3.42371043336879, -1.3));
#7485 = CARTESIAN_POINT('', (89.7012040786324, -3.56961791469394, -1.3));
#7486 = CARTESIAN_POINT('', (89.710714412722, -3.71527239211774, -1.3));
#7487 = CARTESIAN_POINT('', (89.714941227873, -3.78000771541721, -1.3));
#7488 = CARTESIAN_POINT('', (89.7177285850504, -3.84490153004276, -1.3));
#7489 = CARTESIAN_POINT('', (89.719068195707, -3.90976086624269, -1.3));
#7490 = CARTESIAN_POINT('', (89.7196893363458, -3.93983435760743, -1.3));
#7491 = CARTESIAN_POINT('', (89.72, -3.96992009477146, -1.3));
#7492 = CARTESIAN_POINT('', (89.72, -4., -1.3));
#7493 = ADVANCED_FACE('', (#7494), #7956, .T.);
#7494 = FACE_OUTER_BOUND('', #7495, .T.);
#7495 = EDGE_LOOP('', (#7496, #7505, #7514, #7544, #7553, #7560, #7561, #7570, #7633, #7642, #7705, #7714, #7777, #7786, #7858, #7867, #7874));
#7496 = ORIENTED_EDGE('', *, *, #7497, .T.);
#7497 = EDGE_CURVE('', #7498, #7500, #7502, .T.);
#7498 = VERTEX_POINT('', #7499);
#7499 = CARTESIAN_POINT('', (87.9664151263224, 41.4784444444444, -1.3));
#7500 = VERTEX_POINT('', #7501);
#7501 = CARTESIAN_POINT('', (88.6547236990991, 41.33, -1.3));
#7502 = B_SPLINE_CURVE_WITH_KNOTS('', 1, (#7503, #7504), .UNSPECIFIED., .F., .U., (2, 2), (0., 1.), .UNSPECIFIED.);
#7503 = CARTESIAN_POINT('', (87.9664151263224, 41.4784444444444, -1.3));
#7504 = CARTESIAN_POINT('', (88.6547236990991, 41.33, -1.3));
#7505 = ORIENTED_EDGE('', *, *, #7506, .F.);
#7506 = EDGE_CURVE('', #7507, #7500, #7509, .T.);
#7507 = VERTEX_POINT('', #7508);
#7508 = CARTESIAN_POINT('', (90.83, 41.33, -1.3));
#7509 = B_SPLINE_CURVE_WITH_KNOTS('', 3, (#7510, #7511, #7512, #7513), .UNSPECIFIED., .F., .U., (4, 4), (4.52, 6.69527630090086), .UNSPECIFIED.);
#7510 = CARTESIAN_POINT('', (90.83, 41.33, -1.3));
#7511 = CARTESIAN_POINT('', (90.1049078996997, 41.33, -1.3));
#7512 = CARTESIAN_POINT('', (89.3798157993994, 41.33, -1.3));
#7513 = CARTESIAN_POINT('', (88.6547236990991, 41.33, -1.3));
#7514 = ORIENTED_EDGE('', *, *, #7515, .F.);
#7515 = EDGE_CURVE('', #7516, #7507, #7518, .T.);
#7516 = VERTEX_POINT('', #7517);
#7517 = CARTESIAN_POINT('', (90.83, -5.33, -1.3));
#7518 = B_SPLINE_CURVE_WITH_KNOTS('', 3, (#7519, #7520, #7521, #7522, #7523, #7524, #7525, #7526, #7527, #7528, #7529, #7530, #7531, #7532, #7533, #7534, #7535, #7536, #7537, #7538, #7539, #7540, #7541, #7542, #7543), .UNSPECIFIED., .F., .U., (4, 3, 3, 3, 3, 3, 3, 3, 4), (26.67, 29.58625, 32.5025, 38.335, 50., 61.665, 67.4975, 70.41375, 73.33), .UNSPECIFIED.);
#7519 = CARTESIAN_POINT('', (90.83, -5.33, -1.3));
#7520 = CARTESIAN_POINT('', (90.83, -4.35791666666667, -1.3));
#7521 = CARTESIAN_POINT('', (90.83, -3.38583333333333, -1.3));
#7522 = CARTESIAN_POINT('', (90.83, -2.41375, -1.3));
#7523 = CARTESIAN_POINT('', (90.83, -1.44166666666667, -1.3));
#7524 = CARTESIAN_POINT('', (90.83, -0.469583333333336, -1.3));
#7525 = CARTESIAN_POINT('', (90.83, 0.502499999999998, -1.3));
#7526 = CARTESIAN_POINT('', (90.83, 2.44666666666666, -1.3));
#7527 = CARTESIAN_POINT('', (90.83, 4.39083333333333, -1.3));
#7528 = CARTESIAN_POINT('', (90.83, 6.335, -1.3));
#7529 = CARTESIAN_POINT('', (90.83, 10.2233333333333, -1.3));
#7530 = CARTESIAN_POINT('', (90.83, 14.1116666666667, -1.3));
#7531 = CARTESIAN_POINT('', (90.83, 18., -1.3));
#7532 = CARTESIAN_POINT('', (90.83, 21.8883333333333, -1.3));
#7533 = CARTESIAN_POINT('', (90.83, 25.7766666666667, -1.3));
#7534 = CARTESIAN_POINT('', (90.83, 29.665, -1.3));
#7535 = CARTESIAN_POINT('', (90.83, 31.6091666666667, -1.3));
#7536 = CARTESIAN_POINT('', (90.83, 33.5533333333333, -1.3));
#7537 = CARTESIAN_POINT('', (90.83, 35.4975, -1.3));
#7538 = CARTESIAN_POINT('', (90.83, 36.4695833333333, -1.3));
#7539 = CARTESIAN_POINT('', (90.83, 37.4416666666667, -1.3));
#7540 = CARTESIAN_POINT('', (90.83, 38.41375, -1.3));
#7541 = CARTESIAN_POINT('', (90.83, 39.3858333333333, -1.3));
#7542 = CARTESIAN_POINT('', (90.83, 40.3579166666667, -1.3));
#7543 = CARTESIAN_POINT('', (90.83, 41.33, -1.3));
#7544 = ORIENTED_EDGE('', *, *, #7545, .F.);
#7545 = EDGE_CURVE('', #7546, #7516, #7548, .T.);
#7546 = VERTEX_POINT('', #7547);
#7547 = CARTESIAN_POINT('', (89.72, -5.33, -1.3));
#7548 = B_SPLINE_CURVE_WITH_KNOTS('', 3, (#7549, #7550, #7551, #7552), .UNSPECIFIED., .F., .U., (4, 4), (3.895, 5.00500000000001), .UNSPECIFIED.);
#7549 = CARTESIAN_POINT('', (89.72, -5.33, -1.3));
#7550 = CARTESIAN_POINT('', (90.09, -5.33, -1.3));
#7551 = CARTESIAN_POINT('', (90.46, -5.33, -1.3));
#7552 = CARTESIAN_POINT('', (90.83, -5.33, -1.3));
#7553 = ORIENTED_EDGE('', *, *, #7554, .F.);
#7554 = EDGE_CURVE('', #7313, #7546, #7555, .T.);
#7555 = B_SPLINE_CURVE_WITH_KNOTS('', 3, (#7556, #7557, #7558, #7559), .UNSPECIFIED., .F., .U., (4, 4), (0., 1.33), .UNSPECIFIED.);
#7556 = CARTESIAN_POINT('', (89.72, -4., -1.3));
#7557 = CARTESIAN_POINT('', (89.72, -4.44333333333333, -1.3));
#7558 = CARTESIAN_POINT('', (89.72, -4.88666666666667, -1.3));
#7559 = CARTESIAN_POINT('', (89.72, -5.33, -1.3));
#7560 = ORIENTED_EDGE('', *, *, #7312, .F.);
#7561 = ORIENTED_EDGE('', *, *, #7562, .F.);
#7562 = EDGE_CURVE('', #7563, #7306, #7565, .T.);
#7563 = VERTEX_POINT('', #7564);
#7564 = CARTESIAN_POINT('', (1.4, 0.369999999999997, -1.3));
#7565 = B_SPLINE_CURVE_WITH_KNOTS('', 3, (#7566, #7567, #7568, #7569), .UNSPECIFIED., .F., .U., (4, 4), (0., 83.95), .UNSPECIFIED.);
#7566 = CARTESIAN_POINT('', (1.4, 0.369999999999997, -1.3));
#7567 = CARTESIAN_POINT('', (29.3833333333333, 0.369999999999997, -1.3));
#7568 = CARTESIAN_POINT('', (57.3666666666667, 0.369999999999997, -1.3));
#7569 = CARTESIAN_POINT('', (85.35, 0.369999999999997, -1.3));
#7570 = ORIENTED_EDGE('', *, *, #7571, .F.);
#7571 = EDGE_CURVE('', #7572, #7563, #7574, .T.);
#7572 = VERTEX_POINT('', #7573);
#7573 = CARTESIAN_POINT('', (0.370000000000005, 1.4, -1.3));
#7574 = B_SPLINE_CURVE_WITH_KNOTS('', 3, (#7575, #7576, #7577, #7578, #7579, #7580, #7581, #7582, #7583, #7584, #7585, #7586, #7587, #7588, #7589, #7590, #7591, #7592, #7593, #7594, #7595, #7596, #7597, #7598, #7599, #7600, #7601, #7602, #7603, #7604, #7605, #7606, #7607, #7608, #7609, #7610, #7611, #7612, #7613, #7614, #7615, #7616, #7617, #7618, #7619, #7620, #7621, #7622, #7623, #7624, #7625, #7626, #7627, #7628, #7629, #7630, #7631, #7632), .UNSPECIFIED., .F., .U., (4, 3, 3, 3, 3, 3, 3, 3, 3, 3, 3, 3, 3, 3, 3, 3, 3, 3, 3, 4), (0., 0.08649755859375, 0.1729951171875, 0.25949267578125, 0.345990234375, 0.43248779296875, 0.5189853515625, 0.60548291015625, 0.69198046875, 0.77847802734375, 0.8649755859375, 0.95147314453125, 1.037970703125, 1.12446826171875, 1.2109658203125, 1.29746337890625, 1.3839609375, 1.47045849609375, 1.5569560546875, 1.61605407621573), .UNSPECIFIED.);
#7575 = CARTESIAN_POINT('', (0.370000000000005, 1.4, -1.3));
#7576 = CARTESIAN_POINT('', (0.370000000000005, 1.37116748046875, -1.3));
#7577 = CARTESIAN_POINT('', (0.371217077847529, 1.3422331126854, -1.3));
#7578 = CARTESIAN_POINT('', (0.373638381291762, 1.31350244140625, -1.3));
#7579 = CARTESIAN_POINT('', (0.376059684735995, 1.2847717701271, -1.3));
#7580 = CARTESIAN_POINT('', (0.379702319845176, 1.25604181838731, -1.3));
#7581 = CARTESIAN_POINT('', (0.384527820665383, 1.22761597232507, -1.3));
#7582 = CARTESIAN_POINT('', (0.38935332148559, 1.19919012626283, -1.3));
#7583 = CARTESIAN_POINT('', (0.395395779302109, 1.17086756244801, -1.3));
#7584 = CARTESIAN_POINT('', (0.402591386213032, 1.14294736503282, -1.3));
#7585 = CARTESIAN_POINT('', (0.409786993123955, 1.11502716761762, -1.3));
#7586 = CARTESIAN_POINT('', (0.418186584782824, 1.08731208548762, -1.3));
#7587 = CARTESIAN_POINT('', (0.427701462130933, 1.06009478783391, -1.3));
#7588 = CARTESIAN_POINT('', (0.437216339479043, 1.03287749018021, -1.3));
#7589 = CARTESIAN_POINT('', (0.447913723393556, 1.00596569174728, -1.3));
#7590 = CARTESIAN_POINT('', (0.459680650301692, 0.97964357911059, -1.3));
#7591 = CARTESIAN_POINT('', (0.471447577209828, 0.953321466473902, -1.3));
#7592 = CARTESIAN_POINT('', (0.484367178309105, 0.927403078697184, -1.3));
#7593 = CARTESIAN_POINT('', (0.498303023579744, 0.90216211201378, -1.3));
#7594 = CARTESIAN_POINT('', (0.512238868850384, 0.876921145330376, -1.3));
#7595 = CARTESIAN_POINT('', (0.527289412503491, 0.85217927690346, -1.3));
#7596 = CARTESIAN_POINT('', (0.543295721925531, 0.828197779010171, -1.3));
#7597 = CARTESIAN_POINT('', (0.559302031347572, 0.804216281116882, -1.3));
#7598 = CARTESIAN_POINT('', (0.576377188202148, 0.780825728838222, -1.3));
#7599 = CARTESIAN_POINT('', (0.594340880111993, 0.758273124654046, -1.3));
#7600 = CARTESIAN_POINT('', (0.612304572021838, 0.735720520469871, -1.3));
#7601 = CARTESIAN_POINT('', (0.631283709201656, 0.713846534335234, -1.3));
#7602 = CARTESIAN_POINT('', (0.651077873384594, 0.692882153905114, -1.3));
#7603 = CARTESIAN_POINT('', (0.670872037567532, 0.671917773474993, -1.3));
#7604 = CARTESIAN_POINT('', (0.691621070921841, 0.651714889216286, -1.3));
#7605 = CARTESIAN_POINT('', (0.71310586520962, 0.63248684207333, -1.3));
#7606 = CARTESIAN_POINT('', (0.734590659497399, 0.613258794930374, -1.3));
#7607 = CARTESIAN_POINT('', (0.756963000880972, 0.594869742248801, -1.3));
#7608 = CARTESIAN_POINT('', (0.779986639111272, 0.577513871047383, -1.3));
#7609 = CARTESIAN_POINT('', (0.803010277341571, 0.560157999845966, -1.3));
#7610 = CARTESIAN_POINT('', (0.826847870233363, 0.543712694052696, -1.3));
#7611 = CARTESIAN_POINT('', (0.851247694591414, 0.528351614864821, -1.3));
#7612 = CARTESIAN_POINT('', (0.875647518949465, 0.512990535676946, -1.3));
#7613 = CARTESIAN_POINT('', (0.900781955093133, 0.498605159865063, -1.3));
#7614 = CARTESIAN_POINT('', (0.926385585259581, 0.485347395920126, -1.3));
#7615 = CARTESIAN_POINT('', (0.951989215426029, 0.472089631975189, -1.3));
#7616 = CARTESIAN_POINT('', (0.978242924603609, 0.459865816207275, -1.3));
#7617 = CARTESIAN_POINT('', (1.00486947559011, 0.448805031195196, -1.3));
#7618 = CARTESIAN_POINT('', (1.0314960265766, 0.437744246183117, -1.3));
#7619 = CARTESIAN_POINT('', (1.05868353110983, 0.427768349493351, -1.3));
#7620 = CARTESIAN_POINT('', (1.08614489117856, 0.418982685847645, -1.3));
#7621 = CARTESIAN_POINT('', (1.11360625124729, 0.410197022201939, -1.3));
#7622 = CARTESIAN_POINT('', (1.1415354763636, 0.402539522485246, -1.3));
#7623 = CARTESIAN_POINT('', (1.16963763600248, 0.396091049320951, -1.3));
#7624 = CARTESIAN_POINT('', (1.19773979564137, 0.389642576156657, -1.3));
#7625 = CARTESIAN_POINT('', (1.22621342644726, 0.384357572255178, -1.3));
#7626 = CARTESIAN_POINT('', (1.25475784901185, 0.380291846861851, -1.3));
#7627 = CARTESIAN_POINT('', (1.28330227157644, 0.376226121468524, -1.3));
#7628 = CARTESIAN_POINT('', (1.31211914705127, 0.373350950973174, -1.3));
#7629 = CARTESIAN_POINT('', (1.34090417139003, 0.371696696960928, -1.3));
#7630 = CARTESIAN_POINT('', (1.36057106159733, 0.370566455358526, -1.3));
#7631 = CARTESIAN_POINT('', (1.38030065949059, 0.369999999999997, -1.3));
#7632 = CARTESIAN_POINT('', (1.4, 0.369999999999997, -1.3));
#7633 = ORIENTED_EDGE('', *, *, #7634, .F.);
#7634 = EDGE_CURVE('', #7635, #7572, #7637, .T.);
#7635 = VERTEX_POINT('', #7636);
#7636 = CARTESIAN_POINT('', (0.370000000000005, 63.2, -1.3));
#7637 = B_SPLINE_CURVE_WITH_KNOTS('', 3, (#7638, #7639, #7640, #7641), .UNSPECIFIED., .F., .U., (4, 4), (0., 61.8), .UNSPECIFIED.);
#7638 = CARTESIAN_POINT('', (0.370000000000005, 63.2, -1.3));
#7639 = CARTESIAN_POINT('', (0.370000000000005, 42.6, -1.3));
#7640 = CARTESIAN_POINT('', (0.370000000000005, 22., -1.3));
#7641 = CARTESIAN_POINT('', (0.370000000000005, 1.4, -1.3));
#7642 = ORIENTED_EDGE('', *, *, #7643, .F.);
#7643 = EDGE_CURVE('', #7644, #7635, #7646, .T.);
#7644 = VERTEX_POINT('', #7645);
#7645 = CARTESIAN_POINT('', (1.4, 64.23, -1.3));
#7646 = B_SPLINE_CURVE_WITH_KNOTS('', 3, (#7647, #7648, #7649, #7650, #7651, #7652, #7653, #7654, #7655, #7656, #7657, #7658, #7659, #7660, #7661, #7662, #7663, #7664, #7665, #7666, #7667, #7668, #7669, #7670, #7671, #7672, #7673, #7674, #7675, #7676, #7677, #7678, #7679, #7680, #7681, #7682, #7683, #7684, #7685, #7686, #7687, #7688, #7689, #7690, #7691, #7692, #7693, #7694, #7695, #7696, #7697, #7698, #7699, #7700, #7701, #7702, #7703, #7704), .UNSPECIFIED., .F., .U., (4, 3, 3, 3, 3, 3, 3, 3, 3, 3, 3, 3, 3, 3, 3, 3, 3, 3, 3, 4), (0., 0.08649755859375, 0.1729951171875, 0.25949267578125, 0.345990234375, 0.43248779296875, 0.5189853515625, 0.60548291015625, 0.69198046875, 0.77847802734375, 0.8649755859375, 0.95147314453125, 1.037970703125, 1.12446826171875, 1.2109658203125, 1.29746337890625, 1.3839609375, 1.47045849609375, 1.5569560546875, 1.61605407621571), .UNSPECIFIED.);
#7647 = CARTESIAN_POINT('', (1.4, 64.23, -1.3));
#7648 = CARTESIAN_POINT('', (1.37116748046875, 64.23, -1.3));
#7649 = CARTESIAN_POINT('', (1.3422331126854, 64.2287829221525, -1.3));
#7650 = CARTESIAN_POINT('', (1.31350244140625, 64.2263616187083, -1.3));
#7651 = CARTESIAN_POINT('', (1.2847717701271, 64.223940315264, -1.3));
#7652 = CARTESIAN_POINT('', (1.25604181838731, 64.2202976801548, -1.3));
#7653 = CARTESIAN_POINT('', (1.22761597232508, 64.2154721793346, -1.3));
#7654 = CARTESIAN_POINT('', (1.19919012626284, 64.2106466785144, -1.3));
#7655 = CARTESIAN_POINT('', (1.17086756244801, 64.2046042206979, -1.3));
#7656 = CARTESIAN_POINT('', (1.14294736503282, 64.197408613787, -1.3));
#7657 = CARTESIAN_POINT('', (1.11502716761762, 64.1902130068761, -1.3));
#7658 = CARTESIAN_POINT('', (1.08731208548762, 64.1818134152172, -1.3));
#7659 = CARTESIAN_POINT('', (1.06009478783391, 64.1722985378691, -1.3));
#7660 = CARTESIAN_POINT('', (1.03287749018021, 64.162783660521, -1.3));
#7661 = CARTESIAN_POINT('', (1.00596569174728, 64.1520862766065, -1.3));
#7662 = CARTESIAN_POINT('', (0.979643579110594, 64.1403193496983, -1.3));
#7663 = CARTESIAN_POINT('', (0.953321466473905, 64.1285524227902, -1.3));
#7664 = CARTESIAN_POINT('', (0.927403078697173, 64.1156328216909, -1.3));
#7665 = CARTESIAN_POINT('', (0.90216211201377, 64.1016969764203, -1.3));
#7666 = CARTESIAN_POINT('', (0.876921145330366, 64.0877611311496, -1.3));
#7667 = CARTESIAN_POINT('', (0.852179276903449, 64.0727105874965, -1.3));
#7668 = CARTESIAN_POINT('', (0.828197779010161, 64.0567042780745, -1.3));
#7669 = CARTESIAN_POINT('', (0.804216281116872, 64.0406979686524, -1.3));
#7670 = CARTESIAN_POINT('', (0.780825728838229, 64.0236228117978, -1.3));
#7671 = CARTESIAN_POINT('', (0.758273124654053, 64.005659119888, -1.3));
#7672 = CARTESIAN_POINT('', (0.735720520469878, 63.9876954279782, -1.3));
#7673 = CARTESIAN_POINT('', (0.713846534335237, 63.9687162907983, -1.3));
#7674 = CARTESIAN_POINT('', (0.692882153905117, 63.9489221266154, -1.3));
#7675 = CARTESIAN_POINT('', (0.671917773474997, 63.9291279624325, -1.3));
#7676 = CARTESIAN_POINT('', (0.65171488921629, 63.9083789290782, -1.3));
#7677 = CARTESIAN_POINT('', (0.632486842073334, 63.8868941347904, -1.3));
#7678 = CARTESIAN_POINT('', (0.613258794930377, 63.8654093405026, -1.3));
#7679 = CARTESIAN_POINT('', (0.59486974224879, 63.843036999119, -1.3));
#7680 = CARTESIAN_POINT('', (0.577513871047373, 63.8200133608887, -1.3));
#7681 = CARTESIAN_POINT('', (0.560157999845955, 63.7969897226584, -1.3));
#7682 = CARTESIAN_POINT('', (0.543712694052693, 63.7731521297666, -1.3));
#7683 = CARTESIAN_POINT('', (0.528351614864818, 63.7487523054086, -1.3));
#7684 = CARTESIAN_POINT('', (0.512990535676942, 63.7243524810505, -1.3));
#7685 = CARTESIAN_POINT('', (0.498605159865066, 63.6992180449068, -1.3));
#7686 = CARTESIAN_POINT('', (0.48534739592013, 63.6736144147404, -1.3));
#7687 = CARTESIAN_POINT('', (0.472089631975193, 63.6480107845739, -1.3));
#7688 = CARTESIAN_POINT('', (0.459865816207271, 63.6217570753964, -1.3));
#7689 = CARTESIAN_POINT('', (0.448805031195192, 63.5951305244099, -1.3));
#7690 = CARTESIAN_POINT('', (0.437744246183114, 63.5685039734234, -1.3));
#7691 = CARTESIAN_POINT('', (0.42776834949335, 63.5413164688901, -1.3));
#7692 = CARTESIAN_POINT('', (0.418982685847645, 63.5138551088214, -1.3));
#7693 = CARTESIAN_POINT('', (0.41019702220194, 63.4863937487527, -1.3));
#7694 = CARTESIAN_POINT('', (0.402539522485238, 63.4584645236364, -1.3));
#7695 = CARTESIAN_POINT('', (0.396091049320944, 63.4303623639975, -1.3));
#7696 = CARTESIAN_POINT('', (0.38964257615665, 63.4022602043586, -1.3));
#7697 = CARTESIAN_POINT('', (0.384357572255178, 63.3737865735527, -1.3));
#7698 = CARTESIAN_POINT('', (0.380291846861851, 63.3452421509881, -1.3));
#7699 = CARTESIAN_POINT('', (0.376226121468525, 63.3166977284235, -1.3));
#7700 = CARTESIAN_POINT('', (0.373350950973162, 63.2878808529487, -1.3));
#7701 = CARTESIAN_POINT('', (0.371696696960917, 63.25909582861, -1.3));
#7702 = CARTESIAN_POINT('', (0.370566455358516, 63.2394289384027, -1.3));
#7703 = CARTESIAN_POINT('', (0.370000000000005, 63.2196993405094, -1.3));
#7704 = CARTESIAN_POINT('', (0.370000000000005, 63.2, -1.3));
#7705 = ORIENTED_EDGE('', *, *, #7706, .F.);
#7706 = EDGE_CURVE('', #7707, #7644, #7709, .T.);
#7707 = VERTEX_POINT('', #7708);
#7708 = CARTESIAN_POINT('', (56.4, 64.23, -1.3));
#7709 = B_SPLINE_CURVE_WITH_KNOTS('', 3, (#7710, #7711, #7712, #7713), .UNSPECIFIED., .F., .U., (4, 4), (0., 55.), .UNSPECIFIED.);
#7710 = CARTESIAN_POINT('', (56.4, 64.23, -1.3));
#7711 = CARTESIAN_POINT('', (38.0666666666667, 64.23, -1.3));
#7712 = CARTESIAN_POINT('', (19.7333333333333, 64.23, -1.3));
#7713 = CARTESIAN_POINT('', (1.4, 64.23, -1.3));
#7714 = ORIENTED_EDGE('', *, *, #7715, .F.);
#7715 = EDGE_CURVE('', #7716, #7707, #7718, .T.);
#7716 = VERTEX_POINT('', #7717);
#7717 = CARTESIAN_POINT('', (57.43, 63.2, -1.3));
#7718 = B_SPLINE_CURVE_WITH_KNOTS('', 3, (#7719, #7720, #7721, #7722, #7723, #7724, #7725, #7726, #7727, #7728, #7729, #7730, #7731, #7732, #7733, #7734, #7735, #7736, #7737, #7738, #7739, #7740, #7741, #7742, #7743, #7744, #7745, #7746, #7747, #7748, #7749, #7750, #7751, #7752, #7753, #7754, #7755, #7756, #7757, #7758, #7759, #7760, #7761, #7762, #7763, #7764, #7765, #7766, #7767, #7768, #7769, #7770, #7771, #7772, #7773, #7774, #7775, #7776), .UNSPECIFIED., .F., .U., (4, 3, 3, 3, 3, 3, 3, 3, 3, 3, 3, 3, 3, 3, 3, 3, 3, 3, 3, 4), (0., 0.08649755859375, 0.1729951171875, 0.25949267578125, 0.345990234375, 0.43248779296875, 0.5189853515625, 0.60548291015625, 0.69198046875, 0.77847802734375, 0.8649755859375, 0.95147314453125, 1.037970703125, 1.12446826171875, 1.2109658203125, 1.29746337890625, 1.3839609375, 1.47045849609375, 1.5569560546875, 1.61605407621576), .UNSPECIFIED.);
#7719 = CARTESIAN_POINT('', (57.43, 63.2, -1.3));
#7720 = CARTESIAN_POINT('', (57.43, 63.2288325195313, -1.3));
#7721 = CARTESIAN_POINT('', (57.4287829221525, 63.2577668873146, -1.3));
#7722 = CARTESIAN_POINT('', (57.4263616187082, 63.2864975585938, -1.3));
#7723 = CARTESIAN_POINT('', (57.423940315264, 63.3152282298729, -1.3));
#7724 = CARTESIAN_POINT('', (57.4202976801548, 63.3439581816127, -1.3));
#7725 = CARTESIAN_POINT('', (57.4154721793346, 63.3723840276749, -1.3));
#7726 = CARTESIAN_POINT('', (57.4106466785144, 63.4008098737372, -1.3));
#7727 = CARTESIAN_POINT('', (57.4046042206979, 63.429132437552, -1.3));
#7728 = CARTESIAN_POINT('', (57.397408613787, 63.4570526349672, -1.3));
#7729 = CARTESIAN_POINT('', (57.390213006876, 63.4849728323824, -1.3));
#7730 = CARTESIAN_POINT('', (57.3818134152172, 63.5126879145124, -1.3));
#7731 = CARTESIAN_POINT('', (57.3722985378691, 63.5399052121661, -1.3));
#7732 = CARTESIAN_POINT('', (57.362783660521, 63.5671225098198, -1.3));
#7733 = CARTESIAN_POINT('', (57.3520862766065, 63.5940343082527, -1.3));
#7734 = CARTESIAN_POINT('', (57.3403193496983, 63.6203564208894, -1.3));
#7735 = CARTESIAN_POINT('', (57.3285524227902, 63.6466785335261, -1.3));
#7736 = CARTESIAN_POINT('', (57.3156328216909, 63.6725969213028, -1.3));
#7737 = CARTESIAN_POINT('', (57.3016969764202, 63.6978378879862, -1.3));
#7738 = CARTESIAN_POINT('', (57.2877611311496, 63.7230788546696, -1.3));
#7739 = CARTESIAN_POINT('', (57.2727105874965, 63.7478207230965, -1.3));
#7740 = CARTESIAN_POINT('', (57.2567042780745, 63.7718022209898, -1.3));
#7741 = CARTESIAN_POINT('', (57.2406979686524, 63.7957837188831, -1.3));
#7742 = CARTESIAN_POINT('', (57.2236228117979, 63.8191742711618, -1.3));
#7743 = CARTESIAN_POINT('', (57.205659119888, 63.8417268753459, -1.3));
#7744 = CARTESIAN_POINT('', (57.1876954279782, 63.8642794795301, -1.3));
#7745 = CARTESIAN_POINT('', (57.1687162907984, 63.8861534656648, -1.3));
#7746 = CARTESIAN_POINT('', (57.1489221266154, 63.9071178460949, -1.3));
#7747 = CARTESIAN_POINT('', (57.1291279624325, 63.928082226525, -1.3));
#7748 = CARTESIAN_POINT('', (57.1083789290782, 63.9482851107837, -1.3));
#7749 = CARTESIAN_POINT('', (57.0868941347904, 63.9675131579267, -1.3));
#7750 = CARTESIAN_POINT('', (57.0654093405026, 63.9867412050696, -1.3));
#7751 = CARTESIAN_POINT('', (57.043036999119, 64.0051302577512, -1.3));
#7752 = CARTESIAN_POINT('', (57.0200133608887, 64.0224861289526, -1.3));
#7753 = CARTESIAN_POINT('', (56.9969897226584, 64.039842000154, -1.3));
#7754 = CARTESIAN_POINT('', (56.9731521297666, 64.0562873059473, -1.3));
#7755 = CARTESIAN_POINT('', (56.9487523054086, 64.0716483851352, -1.3));
#7756 = CARTESIAN_POINT('', (56.9243524810505, 64.087009464323, -1.3));
#7757 = CARTESIAN_POINT('', (56.8992180449069, 64.1013948401349, -1.3));
#7758 = CARTESIAN_POINT('', (56.8736144147404, 64.1146526040799, -1.3));
#7759 = CARTESIAN_POINT('', (56.848010784574, 64.1279103680248, -1.3));
#7760 = CARTESIAN_POINT('', (56.8217570753964, 64.1401341837927, -1.3));
#7761 = CARTESIAN_POINT('', (56.7951305244099, 64.1511949688048, -1.3));
#7762 = CARTESIAN_POINT('', (56.7685039734234, 64.1622557538169, -1.3));
#7763 = CARTESIAN_POINT('', (56.7413164688902, 64.1722316505066, -1.3));
#7764 = CARTESIAN_POINT('', (56.7138551088215, 64.1810173141524, -1.3));
#7765 = CARTESIAN_POINT('', (56.6863937487527, 64.1898029777981, -1.3));
#7766 = CARTESIAN_POINT('', (56.6584645236364, 64.1974604775148, -1.3));
#7767 = CARTESIAN_POINT('', (56.6303623639975, 64.2039089506791, -1.3));
#7768 = CARTESIAN_POINT('', (56.6022602043587, 64.2103574238433, -1.3));
#7769 = CARTESIAN_POINT('', (56.5737865735528, 64.2156424277448, -1.3));
#7770 = CARTESIAN_POINT('', (56.5452421509882, 64.2197081531381, -1.3));
#7771 = CARTESIAN_POINT('', (56.5166977284236, 64.2237738785315, -1.3));
#7772 = CARTESIAN_POINT('', (56.4878808529488, 64.2266490490268, -1.3));
#7773 = CARTESIAN_POINT('', (56.45909582861, 64.2283033030391, -1.3));
#7774 = CARTESIAN_POINT('', (56.4394289384027, 64.2294335446415, -1.3));
#7775 = CARTESIAN_POINT('', (56.4196993405094, 64.23, -1.3));
#7776 = CARTESIAN_POINT('', (56.4, 64.23, -1.3));
#7777 = ORIENTED_EDGE('', *, *, #7778, .F.);
#7778 = EDGE_CURVE('', #7779, #7716, #7781, .T.);
#7779 = VERTEX_POINT('', #7780);
#7780 = CARTESIAN_POINT('', (57.43, 44.8, -1.3));
#7781 = B_SPLINE_CURVE_WITH_KNOTS('', 3, (#7782, #7783, #7784, #7785), .UNSPECIFIED., .F., .U., (4, 4), (0., 18.4), .UNSPECIFIED.);
#7782 = CARTESIAN_POINT('', (57.43, 44.8, -1.3));
#7783 = CARTESIAN_POINT('', (57.43, 50.9333333333333, -1.3));
#7784 = CARTESIAN_POINT('', (57.43, 57.0666666666667, -1.3));
#7785 = CARTESIAN_POINT('', (57.43, 63.2, -1.3));
#7786 = ORIENTED_EDGE('', *, *, #7787, .F.);
#7787 = EDGE_CURVE('', #7788, #7779, #7790, .T.);
#7788 = VERTEX_POINT('', #7789);
#7789 = CARTESIAN_POINT('', (63.1, 39.13, -1.3));
#7790 = B_SPLINE_CURVE_WITH_KNOTS('', 3, (#7791, #7792, #7793, #7794, #7795, #7796, #7797, #7798, #7799, #7800, #7801, #7802, #7803, #7804, #7805, #7806, #7807, #7808, #7809, #7810, #7811, #7812, #7813, #7814, #7815, #7816, #7817, #7818, #7819, #7820, #7821, #7822, #7823, #7824, #7825, #7826, #7827, #7828, #7829, #7830, #7831, #7832, #7833, #7834, #7835, #7836, #7837, #7838, #7839, #7840, #7841, #7842, #7843, #7844, #7845, #7846, #7847, #7848, #7849, #7850, #7851, #7852, #7853, #7854, #7855, #7856, #7857), .UNSPECIFIED., .F., .U., (4, 3, 3, 3, 3, 3, 3, 3, 3, 3, 3, 3, 3, 3, 3, 3, 3, 3, 3, 3, 3, 3, 4), (0., 0.437893890380859, 0.875787780761719, 1.31368167114258, 1.75157556152344, 2.1894694519043, 2.62736334228516, 3.06525723266602, 3.50315112304688, 3.94104501342774, 4.37893890380859, 4.81683279418945, 5.25472668457031, 5.69262057495117, 6.13051446533203, 6.56840835571289, 7.00630224609375, 7.44419613647461, 7.88209002685547, 8.31998391723633, 8.53893086242676, 8.75787780761719, 8.89767409058983), .UNSPECIFIED.);
#7791 = CARTESIAN_POINT('', (63.1, 39.13, -1.3));
#7792 = CARTESIAN_POINT('', (62.954035369873, 39.13, -1.3));
#7793 = CARTESIAN_POINT('', (62.8076347880954, 39.135661710657, -1.3));
#7794 = CARTESIAN_POINT('', (62.6621061096191, 39.1469345536454, -1.3));
#7795 = CARTESIAN_POINT('', (62.5165774311428, 39.1582073966338, -1.3));
#7796 = CARTESIAN_POINT('', (62.3710513567747, 39.1751587090133, -1.3));
#7797 = CARTESIAN_POINT('', (62.2268279291422, 39.1976370579304, -1.3));
#7798 = CARTESIAN_POINT('', (62.0826045015097, 39.2201154068475, -1.3));
#7799 = CARTESIAN_POINT('', (61.9388222181888, 39.2482550641914, -1.3));
#7800 = CARTESIAN_POINT('', (61.7967655438242, 39.2818046471481, -1.3));
#7801 = CARTESIAN_POINT('', (61.6547088694596, 39.3153542301048, -1.3));
#7802 = CARTESIAN_POINT('', (61.5135292444842, 39.3545141433348, -1.3));
#7803 = CARTESIAN_POINT('', (61.3744878829545, 39.3989345556706, -1.3));
#7804 = CARTESIAN_POINT('', (61.2354465214249, 39.4433549680064, -1.3));
#7805 = CARTESIAN_POINT('', (61.0977128754061, 39.4933012197852, -1.3));
#7806 = CARTESIAN_POINT('', (60.9625173746464, 39.548327121163, -1.3));
#7807 = CARTESIAN_POINT('', (60.8273218738868, 39.6033530225409, -1.3));
#7808 = CARTESIAN_POINT('', (60.6938569432681, 39.663787264551, -1.3));
#7809 = CARTESIAN_POINT('', (60.5633148783967, 39.7290899639378, -1.3));
#7810 = CARTESIAN_POINT('', (60.4327728135253, 39.7943926633247, -1.3));
#7811 = CARTESIAN_POINT('', (60.3043738360588, 39.8649538984184, -1.3));
#7812 = CARTESIAN_POINT('', (60.179264985418, 39.9401433174841, -1.3));
#7813 = CARTESIAN_POINT('', (60.0541561347772, 40.0153327365497, -1.3));
#7814 = CARTESIAN_POINT('', (59.9315900873138, 40.0955994751255, -1.3));
#7815 = CARTESIAN_POINT('', (59.8126617745518, 40.1802264783318, -1.3));
#7816 = CARTESIAN_POINT('', (59.6937334617898, 40.2648534815381, -1.3));
#7817 = CARTESIAN_POINT('', (59.5777324788288, 40.3543462592606, -1.3));
#7818 = CARTESIAN_POINT('', (59.4656951088459, 40.4479053367219, -1.3));
#7819 = CARTESIAN_POINT('', (59.3536577388631, 40.5414644141833, -1.3));
#7820 = CARTESIAN_POINT('', (59.2449147392296, 40.6396486560101, -1.3));
#7821 = CARTESIAN_POINT('', (59.1404375546545, 40.7415809430999, -1.3));
#7822 = CARTESIAN_POINT('', (59.0359603700795, 40.8435132301897, -1.3));
#7823 = CARTESIAN_POINT('', (58.9351249178514, 40.9498024435952, -1.3));
#7824 = CARTESIAN_POINT('', (58.8388320013956, 41.059499059261, -1.3));
#7825 = CARTESIAN_POINT('', (58.7425390849398, 41.1691956749268, -1.3));
#7826 = CARTESIAN_POINT('', (58.6502135093499, 41.282954953249, -1.3));
#7827 = CARTESIAN_POINT('', (58.5626800559196, 41.3997606370947, -1.3));
#7828 = CARTESIAN_POINT('', (58.4751466024894, 41.5165663209404, -1.3));
#7829 = CARTESIAN_POINT('', (58.3918823999796, 41.6371161359249, -1.3));
#7830 = CARTESIAN_POINT('', (58.313631280814, 41.7603331623354, -1.3));
#7831 = CARTESIAN_POINT('', (58.2353801616484, 41.8835501887458, -1.3));
#7832 = CARTESIAN_POINT('', (58.1616747015677, 42.0101704496312, -1.3));
#7833 = CARTESIAN_POINT('', (58.0931733409261, 42.1390627955574, -1.3));
#7834 = CARTESIAN_POINT('', (58.0246719802846, 42.2679551414835, -1.3));
#7835 = CARTESIAN_POINT('', (57.9609655339089, 42.3998894963824, -1.3));
#7836 = CARTESIAN_POINT('', (57.9026231169648, 42.5336872378925, -1.3));
#7837 = CARTESIAN_POINT('', (57.8442807000207, 42.6674849794027, -1.3));
#7838 = CARTESIAN_POINT('', (57.7909538106424, 42.8039453332848, -1.3));
#7839 = CARTESIAN_POINT('', (57.7431188392615, 42.9418492446183, -1.3));
#7840 = CARTESIAN_POINT('', (57.6952838678807, 43.0797531559519, -1.3));
#7841 = CARTESIAN_POINT('', (57.6526550776758, 43.2199243782411, -1.3));
#7842 = CARTESIAN_POINT('', (57.6156132886797, 43.3611107058938, -1.3));
#7843 = CARTESIAN_POINT('', (57.5785714996836, 43.5022970335466, -1.3));
#7844 = CARTESIAN_POINT('', (57.5468954469358, 43.6453418272117, -1.3));
#7845 = CARTESIAN_POINT('', (57.5208681052849, 43.7889672105347, -1.3));
#7846 = CARTESIAN_POINT('', (57.4948407636341, 43.9325925938578, -1.3));
#7847 = CARTESIAN_POINT('', (57.4743066616819, 44.0776564969122, -1.3));
#7848 = CARTESIAN_POINT('', (57.4594492387743, 44.2228630058319, -1.3));
#7849 = CARTESIAN_POINT('', (57.4520205273204, 44.2954662602918, -1.3));
#7850 = CARTESIAN_POINT('', (57.4459771618028, 44.3684305809529, -1.3));
#7851 = CARTESIAN_POINT('', (57.4413596682731, 44.4412666782229, -1.3));
#7852 = CARTESIAN_POINT('', (57.4367421747433, 44.514102775493, -1.3));
#7853 = CARTESIAN_POINT('', (57.4335229453487, 44.5872461341693, -1.3));
#7854 = CARTESIAN_POINT('', (57.4317235678389, 44.6602062640527, -1.3));
#7855 = CARTESIAN_POINT('', (57.430574676324, 44.706790859942, -1.3));
#7856 = CARTESIAN_POINT('', (57.43, 44.7534012390091, -1.3));
#7857 = CARTESIAN_POINT('', (57.43, 44.8, -1.3));
#7858 = ORIENTED_EDGE('', *, *, #7859, .F.);
#7859 = EDGE_CURVE('', #7860, #7788, #7862, .T.);
#7860 = VERTEX_POINT('', #7861);
#7861 = CARTESIAN_POINT('', (82.7207843891258, 39.13, -1.3));
#7862 = B_SPLINE_CURVE_WITH_KNOTS('', 3, (#7863, #7864, #7865, #7866), .UNSPECIFIED., .F., .U., (4, 4), (0., 19.6207843891258), .UNSPECIFIED.);
#7863 = CARTESIAN_POINT('', (82.7207843891258, 39.13, -1.3));
#7864 = CARTESIAN_POINT('', (76.1805229260838, 39.13, -1.3));
#7865 = CARTESIAN_POINT('', (69.6402614630419, 39.13, -1.3));
#7866 = CARTESIAN_POINT('', (63.1, 39.13, -1.3));
#7867 = ORIENTED_EDGE('', *, *, #7868, .T.);
#7868 = EDGE_CURVE('', #7860, #7869, #7871, .T.);
#7869 = VERTEX_POINT('', #7870);
#7870 = CARTESIAN_POINT('', (84.2346266269391, 40.0948888888889, -1.3));
#7871 = B_SPLINE_CURVE_WITH_KNOTS('', 1, (#7872, #7873), .UNSPECIFIED., .F., .U., (2, 2), (0., 1.), .UNSPECIFIED.);
#7872 = CARTESIAN_POINT('', (82.7207843891258, 39.13, -1.3));
#7873 = CARTESIAN_POINT('', (84.2346266269391, 40.0948888888889, -1.3));
#7874 = ORIENTED_EDGE('', *, *, #7875, .F.);
#7875 = EDGE_CURVE('', #7498, #7869, #7876, .T.);
#7876 = B_SPLINE_CURVE_WITH_KNOTS('', 3, (#7877, #7878, #7879, #7880, #7881, #7882, #7883, #7884, #7885, #7886, #7887, #7888, #7889, #7890, #7891, #7892, #7893, #7894, #7895, #7896, #7897, #7898, #7899, #7900, #7901, #7902, #7903, #7904, #7905, #7906, #7907, #7908, #7909, #7910, #7911, #7912, #7913, #7914, #7915, #7916, #7917, #7918, #7919, #7920, #7921, #7922, #7923, #7924, #7925, #7926, #7927, #7928, #7929, #7930, #7931, #7932, #7933, #7934, #7935, #7936, #7937, #7938, #7939, #7940, #7941, #7942, #7943, #7944, #7945, #7946, #7947, #7948, #7949, #7950, #7951, #7952, #7953, #7954, #7955), .UNSPECIFIED., .F., .U., (4, 3, 3, 3, 3, 3, 3, 3, 3, 3, 3, 3, 3, 3, 3, 3, 3, 3, 3, 3, 3, 3, 3, 3, 3, 3, 4), (0., 0.194619506835938, 0.389239013671875, 0.583858520507813, 0.77847802734375, 0.973097534179688, 1.07040728759766, 1.16771704101563, 1.20616040039062, 1.30347015380859, 1.40077990722656, 1.5953994140625, 1.79001892089844, 1.98463842773438, 2.17925793457031, 2.37387744140625, 2.56849694824219, 2.76311645507813, 2.95773596191406, 3.15235546875, 3.34697497558594, 3.54159448242188, 3.73621398925781, 3.93083349609375, 4.12545300292969, 4.32007250976562, 4.4105820779513), .UNSPECIFIED.);
#7877 = CARTESIAN_POINT('', (87.9664151263224, 41.4784444444444, -1.3));
#7878 = CARTESIAN_POINT('', (87.9073084612833, 41.5051826230841, -1.3));
#7879 = CARTESIAN_POINT('', (87.84713920004, 41.5299444906288, -1.3));
#7880 = CARTESIAN_POINT('', (87.7863336797968, 41.5525545936132, -1.3));
#7881 = CARTESIAN_POINT('', (87.7255281595537, 41.5751646965976, -1.3));
#7882 = CARTESIAN_POINT('', (87.6637984699677, 41.5957300924481, -1.3));
#7883 = CARTESIAN_POINT('', (87.6015820048634, 41.614105062351, -1.3));
#7884 = CARTESIAN_POINT('', (87.5393655397591, 41.6324800322538, -1.3));
#7885 = CARTESIAN_POINT('', (87.4763677080576, 41.6487515805445, -1.3));
#7886 = CARTESIAN_POINT('', (87.4130348891709, 41.6628044130302, -1.3));
#7887 = CARTESIAN_POINT('', (87.3497020702842, 41.6768572455159, -1.3));
#7888 = CARTESIAN_POINT('', (87.2857343872681, 41.6887579014813, -1.3));
#7889 = CARTESIAN_POINT('', (87.2215850915432, 41.6984220572652, -1.3));
#7890 = CARTESIAN_POINT('', (87.1574357958184, 41.7080862130492, -1.3));
#7891 = CARTESIAN_POINT('', (87.0928011444738, 41.7155596278261, -1.3));
#7892 = CARTESIAN_POINT('', (87.028139114822, 41.7207893477338, -1.3));
#7893 = CARTESIAN_POINT('', (86.9958080999961, 41.7234042076877, -1.3));
#7894 = CARTESIAN_POINT('', (86.9633553831883, 41.7254675986101, -1.3));
#7895 = CARTESIAN_POINT('', (86.9309535442849, 41.7269685476211, -1.3));
#7896 = CARTESIAN_POINT('', (86.8985517053816, 41.7284694966322, -1.3));
#7897 = CARTESIAN_POINT('', (86.8660472100846, 41.7294151158946, -1.3));
#7898 = CARTESIAN_POINT('', (86.8336129136323, 41.7298003767117, -1.3));
#7899 = CARTESIAN_POINT('', (86.8207993644166, 41.729952578516, -1.3));
#7900 = CARTESIAN_POINT('', (86.8079835989816, 41.730017751244, -1.3));
#7901 = CARTESIAN_POINT('', (86.7951691645265, 41.7299958768572, -1.3));
#7902 = CARTESIAN_POINT('', (86.762732627312, 41.7299405073155, -1.3));
#7903 = CARTESIAN_POINT('', (86.7302201957867, 41.7293255222643, -1.3));
#7904 = CARTESIAN_POINT('', (86.6978047673929, 41.7281541921247, -1.3));
#7905 = CARTESIAN_POINT('', (86.665389338999, 41.726982861985, -1.3));
#7906 = CARTESIAN_POINT('', (86.6329173150455, 41.7252496364748, -1.3));
#7907 = CARTESIAN_POINT('', (86.6005613780919, 41.7229637326915, -1.3));
#7908 = CARTESIAN_POINT('', (86.5358495041847, 41.718391925125, -1.3));
#7909 = CARTESIAN_POINT('', (86.4711421877851, 41.7115762602843, -1.3));
#7910 = CARTESIAN_POINT('', (86.4068979210833, 41.702565031458, -1.3));
#7911 = CARTESIAN_POINT('', (86.3426536543815, 41.6935538026318, -1.3));
#7912 = CARTESIAN_POINT('', (86.2785682447849, 41.6823043422139, -1.3));
#7913 = CARTESIAN_POINT('', (86.2150957778813, 41.6688963597339, -1.3));
#7914 = CARTESIAN_POINT('', (86.1516233109778, 41.655488377254, -1.3));
#7915 = CARTESIAN_POINT('', (86.0884632485984, 41.6398583867518, -1.3));
#7916 = CARTESIAN_POINT('', (86.0260631196619, 41.6221171365782, -1.3));
#7917 = CARTESIAN_POINT('', (85.9636629907255, 41.6043758864046, -1.3));
#7918 = CARTESIAN_POINT('', (85.9017273345164, 41.5844393728475, -1.3));
#7919 = CARTESIAN_POINT('', (85.8406950042626, 41.5624488586925, -1.3));
#7920 = CARTESIAN_POINT('', (85.7796626740088, 41.5404583445376, -1.3));
#7921 = CARTESIAN_POINT('', (85.7192446854362, 41.5163097060729, -1.3));
#7922 = CARTESIAN_POINT('', (85.6598691381392, 41.4901740516484, -1.3));
#7923 = CARTESIAN_POINT('', (85.6004935908423, 41.4640383972239, -1.3));
#7924 = CARTESIAN_POINT('', (85.5418793453108, 41.4357919761474, -1.3));
#7925 = CARTESIAN_POINT('', (85.484441720481, 41.4056349321457, -1.3));
#7926 = CARTESIAN_POINT('', (85.4270040956512, 41.3754778881441, -1.3));
#7927 = CARTESIAN_POINT('', (85.3704711279547, 41.3432674294964, -1.3));
#7928 = CARTESIAN_POINT('', (85.3152433891604, 41.3092317876386, -1.3));
#7929 = CARTESIAN_POINT('', (85.2600156503661, 41.2751961457807, -1.3));
#7930 = CARTESIAN_POINT('', (85.205831640578, 41.239174164073, -1.3));
#7931 = CARTESIAN_POINT('', (85.1530752877151, 41.2014210809987, -1.3));
#7932 = CARTESIAN_POINT('', (85.1003189348523, 41.1636679979244, -1.3));
#7933 = CARTESIAN_POINT('', (85.0487404408768, 41.1240050549917, -1.3));
#7934 = CARTESIAN_POINT('', (84.9987052719831, 41.0827132891928, -1.3));
#7935 = CARTESIAN_POINT('', (84.9486701030895, 41.0414215233938, -1.3));
#7936 = CARTESIAN_POINT('', (84.8999413458761, 40.9983054207951, -1.3));
#7937 = CARTESIAN_POINT('', (84.8528642743533, 40.9536704862052, -1.3));
#7938 = CARTESIAN_POINT('', (84.8057872028305, 40.9090355516154, -1.3));
#7939 = CARTESIAN_POINT('', (84.7601389100031, 40.8626704414052, -1.3));
#7940 = CARTESIAN_POINT('', (84.7162428428462, 40.8149036816536, -1.3));
#7941 = CARTESIAN_POINT('', (84.6723467756893, 40.767136921902, -1.3));
#7942 = CARTESIAN_POINT('', (84.629995089065, 40.7177423399831, -1.3));
#7943 = CARTESIAN_POINT('', (84.5894878714122, 40.6670699276956, -1.3));
#7944 = CARTESIAN_POINT('', (84.5489806537593, 40.6163975154081, -1.3));
#7945 = CARTESIAN_POINT('', (84.5101261059307, 40.5642073420428, -1.3));
#7946 = CARTESIAN_POINT('', (84.4731995369291, 40.5108692079287, -1.3));
#7947 = CARTESIAN_POINT('', (84.4362729679274, 40.4575310738146, -1.3));
#7948 = CARTESIAN_POINT('', (84.4010995327533, 40.4027924262161, -1.3));
#7949 = CARTESIAN_POINT('', (84.3679284574021, 40.3470411230111, -1.3));
#7950 = CARTESIAN_POINT('', (84.3347573820509, 40.2912898198062, -1.3));
#7951 = CARTESIAN_POINT('', (84.3034316035513, 40.2342618820541, -1.3));
#7952 = CARTESIAN_POINT('', (84.2741730848218, 40.176361388699, -1.3));
#7953 = CARTESIAN_POINT('', (84.2605661451116, 40.1494342387102, -1.3));
#7954 = CARTESIAN_POINT('', (84.2473650106097, 40.1222376328501, -1.3));
#7955 = CARTESIAN_POINT('', (84.2346266269391, 40.0948888888889, -1.3));
#7956 = B_SPLINE_SURFACE_WITH_KNOTS('', 1, 1, ((#7957, #7958), (#7959, #7960)), .UNSPECIFIED., .F., .F., .U., (2, 2), (2, 2), (-0.493951078688927, 0.912474927539766), (0.215014495974221, 1.29649794714897), .UNSPECIFIED.);
#7957 = CARTESIAN_POINT('', (90.83, -5.33, -1.3));
#7958 = CARTESIAN_POINT('', (90.83, 64.23, -1.3));
#7959 = CARTESIAN_POINT('', (0.370000000000005, -5.33, -1.3));
#7960 = CARTESIAN_POINT('', (0.370000000000005, 64.23, -1.3));
#7961 = ADVANCED_FACE('', (#7962), #7991, .T.);
#7962 = FACE_OUTER_BOUND('', #7963, .T.);
#7963 = EDGE_LOOP('', (#7964, #7965, #7972, #7984));
#7964 = ORIENTED_EDGE('', *, *, #7506, .T.);
#7965 = ORIENTED_EDGE('', *, *, #7966, .T.);
#7966 = EDGE_CURVE('', #7500, #7967, #7969, .T.);
#7967 = VERTEX_POINT('', #7968);
#7968 = CARTESIAN_POINT('', (88.6547236990991, 43., 0.37));
#7969 = B_SPLINE_CURVE_WITH_KNOTS('', 1, (#7970, #7971), .UNSPECIFIED., .F., .U., (2, 2), (0., 1.), .UNSPECIFIED.);
#7970 = CARTESIAN_POINT('', (88.6547236990991, 41.33, -1.3));
#7971 = CARTESIAN_POINT('', (88.6547236990991, 43., 0.37));
#7972 = ORIENTED_EDGE('', *, *, #7973, .F.);
#7973 = EDGE_CURVE('', #7974, #7967, #7976, .T.);
#7974 = VERTEX_POINT('', #7975);
#7975 = CARTESIAN_POINT('', (92.5, 43., 0.369999999999998));
#7976 = B_SPLINE_CURVE_WITH_KNOTS('', 3, (#7977, #7978, #7979, #7980, #7981, #7982, #7983), .UNSPECIFIED., .F., .U., (4, 3, 4), (2.85, 4.52, 6.69527630090086), .UNSPECIFIED.);
#7977 = CARTESIAN_POINT('', (92.5, 43., 0.37));
#7978 = CARTESIAN_POINT('', (91.9433333333333, 43., 0.37));
#7979 = CARTESIAN_POINT('', (91.3866666666667, 43., 0.37));
#7980 = CARTESIAN_POINT('', (90.83, 43., 0.37));
#7981 = CARTESIAN_POINT('', (90.1049078996997, 43., 0.37));
#7982 = CARTESIAN_POINT('', (89.3798157993994, 43., 0.37));
#7983 = CARTESIAN_POINT('', (88.6547236990991, 43., 0.37));
#7984 = ORIENTED_EDGE('', *, *, #7985, .T.);
#7985 = EDGE_CURVE('', #7974, #7507, #7986, .T.);
#7986 = B_SPLINE_CURVE_WITH_KNOTS('', 3, (#7987, #7988, #7989, #7990), .UNSPECIFIED., .F., .U., (4, 4), (0., 2.89252484864), .UNSPECIFIED.);
#7987 = CARTESIAN_POINT('', (92.5, 43., 0.369999999999998));
#7988 = CARTESIAN_POINT('', (91.9433333333333, 42.4433333333333, -0.186666666666663));
#7989 = CARTESIAN_POINT('', (91.3866666666667, 41.8866666666667, -0.743333333333339));
#7990 = CARTESIAN_POINT('', (90.83, 41.33, -1.3));
#7991 = B_SPLINE_SURFACE_WITH_KNOTS('', 1, 1, ((#7992, #7993), (#7994, #7995)), .UNSPECIFIED., .F., .F., .U., (2, 2), (2, 2), (2.85, 6.69527630090086), (0., 1.), .UNSPECIFIED.);
#7992 = CARTESIAN_POINT('', (92.5, 41.33, -1.3));
#7993 = CARTESIAN_POINT('', (92.5, 43., 0.37));
#7994 = CARTESIAN_POINT('', (88.6547236990991, 41.33, -1.3));
#7995 = CARTESIAN_POINT('', (88.6547236990991, 43., 0.37));
#7996 = ADVANCED_FACE('', (#7997), #8011, .T.);
#7997 = FACE_OUTER_BOUND('', #7998, .T.);
#7998 = EDGE_LOOP('', (#7999, #8000, #8005, #8006));
#7999 = ORIENTED_EDGE('', *, *, #369, .T.);
#8000 = ORIENTED_EDGE('', *, *, #8001, .F.);
#8001 = EDGE_CURVE('', #7974, #363, #8002, .T.);
#8002 = B_SPLINE_CURVE_WITH_KNOTS('', 1, (#8003, #8004), .UNSPECIFIED., .F., .U., (2, 2), (0.043717277486911, 0.657068062827225), .UNSPECIFIED.);
#8003 = CARTESIAN_POINT('', (92.5, 43., 0.37));
#8004 = CARTESIAN_POINT('', (92.5, 43., 23.8));
#8005 = ORIENTED_EDGE('', *, *, #7973, .T.);
#8006 = ORIENTED_EDGE('', *, *, #8007, .T.);
#8007 = EDGE_CURVE('', #7967, #370, #8008, .T.);
#8008 = B_SPLINE_CURVE_WITH_KNOTS('', 1, (#8009, #8010), .UNSPECIFIED., .F., .U., (2, 2), (0.043717277486911, 0.657068062827225), .UNSPECIFIED.);
#8009 = CARTESIAN_POINT('', (88.6547236990991, 43., 0.37));
#8010 = CARTESIAN_POINT('', (88.6547236990991, 43., 23.8));
#8011 = B_SPLINE_SURFACE_WITH_KNOTS('', 1, 1, ((#8012, #8013), (#8014, #8015)), .UNSPECIFIED., .F., .F., .U., (2, 2), (2, 2), (0., 0.674609877351028), (0.043717277486911, 0.956282722513089), .UNSPECIFIED.);
#8012 = CARTESIAN_POINT('', (92.5, 43., 0.37));
#8013 = CARTESIAN_POINT('', (92.5, 43., 35.23));
#8014 = CARTESIAN_POINT('', (88.6547236990991, 43., 0.37));
#8015 = CARTESIAN_POINT('', (88.6547236990991, 43., 35.23));
#8016 = ADVANCED_FACE('', (#8017), #8062, .T.);
#8017 = FACE_OUTER_BOUND('', #8018, .T.);
#8018 = EDGE_LOOP('', (#8019, #8020, #8021, #8055));
#8019 = ORIENTED_EDGE('', *, *, #7515, .T.);
#8020 = ORIENTED_EDGE('', *, *, #7985, .F.);
#8021 = ORIENTED_EDGE('', *, *, #8022, .F.);
#8022 = EDGE_CURVE('', #7041, #7974, #8023, .T.);
#8023 = B_SPLINE_CURVE_WITH_KNOTS('', 3, (#8024, #8025, #8026, #8027, #8028, #8029, #8030, #8031, #8032, #8033, #8034, #8035, #8036, #8037, #8038, #8039, #8040, #8041, #8042, #8043, #8044, #8045, #8046, #8047, #8048, #8049, #8050, #8051, #8052, #8053, #8054), .UNSPECIFIED., .F., .U., (4, 3, 3, 3, 3, 3, 3, 3, 3, 3, 4), (25., 26.67, 29.58625, 32.5025, 38.335, 50., 61.665, 67.4975, 70.41375, 73.33, 75.), .UNSPECIFIED.);
#8024 = CARTESIAN_POINT('', (92.5, -7., 0.37));
#8025 = CARTESIAN_POINT('', (92.5, -6.44333333333333, 0.37));
#8026 = CARTESIAN_POINT('', (92.5, -5.88666666666667, 0.37));
#8027 = CARTESIAN_POINT('', (92.5, -5.33, 0.37));
#8028 = CARTESIAN_POINT('', (92.5, -4.35791666666666, 0.37));
#8029 = CARTESIAN_POINT('', (92.5, -3.38583333333333, 0.37));
#8030 = CARTESIAN_POINT('', (92.5, -2.41375, 0.37));
#8031 = CARTESIAN_POINT('', (92.5, -1.44166666666667, 0.37));
#8032 = CARTESIAN_POINT('', (92.5, -0.469583333333332, 0.37));
#8033 = CARTESIAN_POINT('', (92.5, 0.502500000000001, 0.37));
#8034 = CARTESIAN_POINT('', (92.5, 2.44666666666667, 0.37));
#8035 = CARTESIAN_POINT('', (92.5, 4.39083333333333, 0.37));
#8036 = CARTESIAN_POINT('', (92.5, 6.335, 0.37));
#8037 = CARTESIAN_POINT('', (92.5, 10.2233333333333, 0.37));
#8038 = CARTESIAN_POINT('', (92.5, 14.1116666666667, 0.37));
#8039 = CARTESIAN_POINT('', (92.5, 18., 0.37));
#8040 = CARTESIAN_POINT('', (92.5, 21.8883333333333, 0.37));
#8041 = CARTESIAN_POINT('', (92.5, 25.7766666666667, 0.37));
#8042 = CARTESIAN_POINT('', (92.5, 29.665, 0.37));
#8043 = CARTESIAN_POINT('', (92.5, 31.6091666666667, 0.37));
#8044 = CARTESIAN_POINT('', (92.5, 33.5533333333333, 0.37));
#8045 = CARTESIAN_POINT('', (92.5, 35.4975, 0.37));
#8046 = CARTESIAN_POINT('', (92.5, 36.4695833333333, 0.37));
#8047 = CARTESIAN_POINT('', (92.5, 37.4416666666667, 0.37));
#8048 = CARTESIAN_POINT('', (92.5, 38.41375, 0.37));
#8049 = CARTESIAN_POINT('', (92.5, 39.3858333333333, 0.37));
#8050 = CARTESIAN_POINT('', (92.5, 40.3579166666667, 0.37));
#8051 = CARTESIAN_POINT('', (92.5, 41.33, 0.37));
#8052 = CARTESIAN_POINT('', (92.5, 41.8866666666667, 0.37));
#8053 = CARTESIAN_POINT('', (92.5, 42.4433333333333, 0.37));
#8054 = CARTESIAN_POINT('', (92.5, 43., 0.37));
#8055 = ORIENTED_EDGE('', *, *, #8056, .T.);
#8056 = EDGE_CURVE('', #7041, #7516, #8057, .T.);
#8057 = B_SPLINE_CURVE_WITH_KNOTS('', 3, (#8058, #8059, #8060, #8061), .UNSPECIFIED., .F., .U., (4, 4), (0., 2.89252484864002), .UNSPECIFIED.);
#8058 = CARTESIAN_POINT('', (92.5, -7., 0.37));
#8059 = CARTESIAN_POINT('', (91.9433333333333, -6.44333333333334, -0.186666666666663));
#8060 = CARTESIAN_POINT('', (91.3866666666667, -5.88666666666666, -0.743333333333335));
#8061 = CARTESIAN_POINT('', (90.83, -5.33, -1.3));
#8062 = B_SPLINE_SURFACE_WITH_KNOTS('', 1, 1, ((#8063, #8064), (#8065, #8066)), .UNSPECIFIED., .F., .F., .U., (2, 2), (2, 2), (25., 75.), (0., 1.), .UNSPECIFIED.);
#8063 = CARTESIAN_POINT('', (90.83, -7., -1.3));
#8064 = CARTESIAN_POINT('', (92.5, -7., 0.37));
#8065 = CARTESIAN_POINT('', (90.8299999999995, 43., -1.3));
#8066 = CARTESIAN_POINT('', (92.4999999999995, 43., 0.370000000000003));
#8067 = ADVANCED_FACE('', (#8068), #8080, .T.);
#8068 = FACE_OUTER_BOUND('', #8069, .T.);
#8069 = EDGE_LOOP('', (#8070, #8071, #8072, #8073));
#8070 = ORIENTED_EDGE('', *, *, #7545, .T.);
#8071 = ORIENTED_EDGE('', *, *, #8056, .F.);
#8072 = ORIENTED_EDGE('', *, *, #7038, .F.);
#8073 = ORIENTED_EDGE('', *, *, #8074, .T.);
#8074 = EDGE_CURVE('', #7039, #7546, #8075, .T.);
#8075 = B_SPLINE_CURVE_WITH_KNOTS('', 3, (#8076, #8077, #8078, #8079), .UNSPECIFIED., .F., .U., (4, 4), (0., 2.89252484864002), .UNSPECIFIED.);
#8076 = CARTESIAN_POINT('', (88.05, -7., 0.37));
#8077 = CARTESIAN_POINT('', (88.6066666666667, -6.44333333333333, -0.186666666666666));
#8078 = CARTESIAN_POINT('', (89.1633333333333, -5.88666666666667, -0.743333333333329));
#8079 = CARTESIAN_POINT('', (89.72, -5.33, -1.3));
#8080 = B_SPLINE_SURFACE_WITH_KNOTS('', 1, 1, ((#8081, #8082), (#8083, #8084)), .UNSPECIFIED., .F., .F., .U., (2, 2), (2, 2), (2.225, 6.67500000000001), (0., 1.), .UNSPECIFIED.);
#8081 = CARTESIAN_POINT('', (88.05, -5.33, -1.3));
#8082 = CARTESIAN_POINT('', (88.05, -7., 0.37));
#8083 = CARTESIAN_POINT('', (92.5000000000001, -5.33, -1.3));
#8084 = CARTESIAN_POINT('', (92.5000000000001, -7., 0.37));
#8085 = ADVANCED_FACE('', (#8086), #8092, .T.);
#8086 = FACE_OUTER_BOUND('', #8087, .T.);
#8087 = EDGE_LOOP('', (#8088, #8089, #8090, #8091));
#8088 = ORIENTED_EDGE('', *, *, #7554, .T.);
#8089 = ORIENTED_EDGE('', *, *, #8074, .F.);
#8090 = ORIENTED_EDGE('', *, *, #7074, .F.);
#8091 = ORIENTED_EDGE('', *, *, #7369, .T.);
#8092 = B_SPLINE_SURFACE_WITH_KNOTS('', 1, 1, ((#8093, #8094), (#8095, #8096)), .UNSPECIFIED., .F., .F., .U., (2, 2), (2, 2), (0., 3.), (0., 1.), .UNSPECIFIED.);
#8093 = CARTESIAN_POINT('', (89.72, -4., -1.3));
#8094 = CARTESIAN_POINT('', (88.05, -4., 0.37));
#8095 = CARTESIAN_POINT('', (89.72, -6.99999999999999, -1.3));
#8096 = CARTESIAN_POINT('', (88.05, -7., 0.37));
#8097 = ADVANCED_FACE('', (#8098), #8191, .T.);
#8098 = FACE_OUTER_BOUND('', #8099, .T.);
#8099 = EDGE_LOOP('', (#8100, #8101, #8102, #8186));
#8100 = ORIENTED_EDGE('', *, *, #376, .F.);
#8101 = ORIENTED_EDGE('', *, *, #8007, .F.);
#8102 = ORIENTED_EDGE('', *, *, #8103, .T.);
#8103 = EDGE_CURVE('', #7967, #8104, #8106, .T.);
#8104 = VERTEX_POINT('', #8105);
#8105 = CARTESIAN_POINT('', (82.7207843891258, 40.8, 0.37));
#8106 = B_SPLINE_CURVE_WITH_KNOTS('', 3, (#8107, #8108, #8109, #8110, #8111, #8112, #8113, #8114, #8115, #8116, #8117, #8118, #8119, #8120, #8121, #8122, #8123, #8124, #8125, #8126, #8127, #8128, #8129, #8130, #8131, #8132, #8133, #8134, #8135, #8136, #8137, #8138, #8139, #8140, #8141, #8142, #8143, #8144, #8145, #8146, #8147, #8148, #8149, #8150, #8151, #8152, #8153, #8154, #8155, #8156, #8157, #8158, #8159, #8160, #8161, #8162, #8163, #8164, #8165, #8166, #8167, #8168, #8169, #8170, #8171, #8172, #8173, #8174, #8175, #8176, #8177, #8178, #8179, #8180, #8181, #8182, #8183, #8184, #8185), .UNSPECIFIED., .F., .U., (4, 3, 3, 3, 3, 3, 3, 3, 3, 3, 3, 3, 3, 3, 3, 3, 3, 3, 3, 3, 3, 3, 3, 3, 3, 3, 4), (0., 0.194619506835938, 0.389239013671875, 0.583858520507813, 0.77847802734375, 0.973097534179688, 1.07040728759766, 1.16771704101563, 1.20616040039062, 1.30347015380859, 1.40077990722656, 1.5953994140625, 1.79001892089844, 1.98463842773438, 2.17925793457031, 2.37387744140625, 2.56849694824219, 2.76311645507813, 2.95773596191406, 3.15235546875, 3.34697497558594, 3.54159448242188, 3.73621398925781, 3.93083349609375, 4.12545300292969, 4.32007250976562, 4.4105820779513), .UNSPECIFIED.);
#8107 = CARTESIAN_POINT('', (88.6547236990992, 43., 0.37));
#8108 = CARTESIAN_POINT('', (88.5607378359628, 43.042516538473, 0.37));
#8109 = CARTESIAN_POINT('', (88.465062332219, 43.0818905328019, 0.37));
#8110 = CARTESIAN_POINT('', (88.3683751092176, 43.1178429933779, 0.37));
#8111 = CARTESIAN_POINT('', (88.2716878862161, 43.1537954539538, 0.37));
#8112 = CARTESIAN_POINT('', (88.1735311359911, 43.1864966134334, 0.37));
#8113 = CARTESIAN_POINT('', (88.0746003610902, 43.2157147634556, 0.37));
#8114 = CARTESIAN_POINT('', (87.9756695861894, 43.2449329134778, 0.37));
#8115 = CARTESIAN_POINT('', (87.8754963555687, 43.2708064001591, 0.37));
#8116 = CARTESIAN_POINT('', (87.7747904598125, 43.2931518935109, 0.37));
#8117 = CARTESIAN_POINT('', (87.6740845640562, 43.3154973868628, 0.37));
#8118 = CARTESIAN_POINT('', (87.572369167034, 43.3344206914013, 0.37));
#8119 = CARTESIAN_POINT('', (87.4703649865528, 43.3497877235666, 0.37));
#8120 = CARTESIAN_POINT('', (87.3683608060716, 43.3651547557319, 0.37));
#8121 = CARTESIAN_POINT('', (87.2655848587039, 43.3770382774619, 0.37));
#8122 = CARTESIAN_POINT('', (87.1627653769254, 43.3853540865024, 0.37));
#8123 = CARTESIAN_POINT('', (87.1113556360362, 43.3895119910227, 0.37));
#8124 = CARTESIAN_POINT('', (87.0597523760945, 43.3927930013235, 0.37));
#8125 = CARTESIAN_POINT('', (87.0082300174142, 43.3951796693622, 0.37));
#8126 = CARTESIAN_POINT('', (86.956707658734, 43.397566337401, 0.37));
#8127 = CARTESIAN_POINT('', (86.9050220655056, 43.3990699722704, 0.37));
#8128 = CARTESIAN_POINT('', (86.8534480958818, 43.39968257781, 0.37));
#8129 = CARTESIAN_POINT('', (86.833073194302, 43.3999245948133, 0.37));
#8130 = CARTESIAN_POINT('', (86.8126947686986, 43.4000282263597, 0.37));
#8131 = CARTESIAN_POINT('', (86.7923184594944, 43.3999934437658, 0.37));
#8132 = CARTESIAN_POINT('', (86.7407409268212, 43.399905400325, 0.37));
#8133 = CARTESIAN_POINT('', (86.6890427141484, 43.3989275089008, 0.37));
#8134 = CARTESIAN_POINT('', (86.6374987467377, 43.3970649698095, 0.37));
#8135 = CARTESIAN_POINT('', (86.585954779327, 43.3952024307183, 0.37));
#8136 = CARTESIAN_POINT('', (86.534320818977, 43.3924464184227, 0.37));
#8137 = CARTESIAN_POINT('', (86.4828714492628, 43.3888115890854, 0.37));
#8138 = CARTESIAN_POINT('', (86.3799727098343, 43.3815419304107, 0.37));
#8139 = CARTESIAN_POINT('', (86.2770812173261, 43.3707043008054, 0.37));
#8140 = CARTESIAN_POINT('', (86.174926022924, 43.3563754917177, 0.37));
#8141 = CARTESIAN_POINT('', (86.0727708285219, 43.34204668263, 0.37));
#8142 = CARTESIAN_POINT('', (85.9708682337569, 43.3241588480433, 0.37));
#8143 = CARTESIAN_POINT('', (85.8699402828502, 43.3028387345592, 0.37));
#8144 = CARTESIAN_POINT('', (85.7690123319434, 43.2815186210752, 0.37));
#8145 = CARTESIAN_POINT('', (85.6685811373473, 43.2566652792872, 0.37));
#8146 = CARTESIAN_POINT('', (85.5693583174837, 43.2284548108134, 0.37));
#8147 = CARTESIAN_POINT('', (85.47013549762, 43.2002443423395, 0.37));
#8148 = CARTESIAN_POINT('', (85.3716512386303, 43.1685431723724, 0.37));
#8149 = CARTESIAN_POINT('', (85.2746033636684, 43.1335759237161, 0.37));
#8150 = CARTESIAN_POINT('', (85.1775554887066, 43.0986086750598, 0.37));
#8151 = CARTESIAN_POINT('', (85.0814844821424, 43.0602097799745, 0.37));
#8152 = CARTESIAN_POINT('', (84.9870710677126, 43.0186513188755, 0.37));
#8153 = CARTESIAN_POINT('', (84.8926576532828, 42.9770928577766, 0.37));
#8154 = CARTESIAN_POINT('', (84.7994547893634, 42.9321780539446, 0.37));
#8155 = CARTESIAN_POINT('', (84.7081228770899, 42.8842251571222, 0.37));
#8156 = CARTESIAN_POINT('', (84.6167909648163, 42.8362722602998, 0.37));
#8157 = CARTESIAN_POINT('', (84.5268975532849, 42.7850542165137, 0.37));
#8158 = CARTESIAN_POINT('', (84.4390795940713, 42.7309339379412, 0.37));
#8159 = CARTESIAN_POINT('', (84.3512616348577, 42.6768136593686, 0.37));
#8160 = CARTESIAN_POINT('', (84.2651033154067, 42.6195348898688, 0.37));
#8161 = CARTESIAN_POINT('', (84.1812151218085, 42.5595034856871, 0.37));
#8162 = CARTESIAN_POINT('', (84.0973269282103, 42.4994720815053, 0.37));
#8163 = CARTESIAN_POINT('', (84.0153116551044, 42.4364037976899, 0.37));
#8164 = CARTESIAN_POINT('', (83.935750432482, 42.3707455128507, 0.37));
#8165 = CARTESIAN_POINT('', (83.8561892098596, 42.3050872280114, 0.37));
#8166 = CARTESIAN_POINT('', (83.7787053202978, 42.2365280542678, 0.37));
#8167 = CARTESIAN_POINT('', (83.7038477860742, 42.1655537766514, 0.37));
#8168 = CARTESIAN_POINT('', (83.6289902518506, 42.094579499035, 0.37));
#8169 = CARTESIAN_POINT('', (83.5564046272133, 42.0208540587714, 0.37));
#8170 = CARTESIAN_POINT('', (83.4866052271406, 41.9448998471523, 0.37));
#8171 = CARTESIAN_POINT('', (83.4168058270678, 41.8689456355331, 0.37));
#8172 = CARTESIAN_POINT('', (83.3494621557571, 41.7904030141073, 0.37));
#8173 = CARTESIAN_POINT('', (83.2850513856377, 41.7098285069365, 0.37));
#8174 = CARTESIAN_POINT('', (83.2206406155183, 41.6292539997656, 0.37));
#8175 = CARTESIAN_POINT('', (83.1588577656143, 41.5462660915875, 0.37));
#8176 = CARTESIAN_POINT('', (83.1001406064243, 41.461452804127, 0.37));
#8177 = CARTESIAN_POINT('', (83.0414234472344, 41.3766395166664, 0.37));
#8178 = CARTESIAN_POINT('', (82.9854939566748, 41.2895992643012, 0.37));
#8179 = CARTESIAN_POINT('', (82.932748430498, 41.2009487821732, 0.37));
#8180 = CARTESIAN_POINT('', (82.8800029043212, 41.1122983000452, 0.37));
#8181 = CARTESIAN_POINT('', (82.8301915957529, 41.0216178336549, 0.37));
#8182 = CARTESIAN_POINT('', (82.7836674493633, 40.9295499113587, 0.37));
#8183 = CARTESIAN_POINT('', (82.7620309727923, 40.8867328884084, 0.37));
#8184 = CARTESIAN_POINT('', (82.7410397695207, 40.8434874020585, 0.37));
#8185 = CARTESIAN_POINT('', (82.7207843891258, 40.8, 0.37));
#8186 = ORIENTED_EDGE('', *, *, #8187, .T.);
#8187 = EDGE_CURVE('', #8104, #377, #8188, .T.);
#8188 = B_SPLINE_CURVE_WITH_KNOTS('', 1, (#8189, #8190), .UNSPECIFIED., .F., .U., (2, 2), (0.043717277486911, 0.657068062827225), .UNSPECIFIED.);
#8189 = CARTESIAN_POINT('', (82.7207843891258, 40.8, 0.37));
#8190 = CARTESIAN_POINT('', (82.7207843891258, 40.8, 23.8));
#8191 = (
   BOUNDED_SURFACE ()
   B_SPLINE_SURFACE (2, 1, ((#8192, #8193), (#8194, #8195), (#8196, #8197)), .UNSPECIFIED., .F., .F., .U.)
   B_SPLINE_SURFACE_WITH_KNOTS ((3, 3), (2, 2), (5.08948201199207, 12.1093134673471), (1.67, 36.53), .UNSPECIFIED.)
   GEOMETRIC_REPRESENTATION_ITEM ()
   RATIONAL_B_SPLINE_SURFACE (((1., 1.), (0.711010099297556, 0.711010099297556), (1., 1.)))
   REPRESENTATION_ITEM ('')
   SURFACE ()
);
#8192 = CARTESIAN_POINT('', (88.6547236990992, 43., 0.37));
#8193 = CARTESIAN_POINT('', (88.6547236990992, 43., 35.23));
#8194 = CARTESIAN_POINT('', (84.5998651706173, 44.8343029778706, 0.37));
#8195 = CARTESIAN_POINT('', (84.5998651706173, 44.8343029778706, 35.23));
#8196 = CARTESIAN_POINT('', (82.7207843891258, 40.8, 0.37));
#8197 = CARTESIAN_POINT('', (82.7207843891258, 40.8, 35.23));
#8198 = ADVANCED_FACE('', (#8199), #8217, .T.);
#8199 = FACE_OUTER_BOUND('', #8200, .T.);
#8200 = EDGE_LOOP('', (#8201, #8202, #8203, #8212));
#8201 = ORIENTED_EDGE('', *, *, #384, .T.);
#8202 = ORIENTED_EDGE('', *, *, #8187, .F.);
#8203 = ORIENTED_EDGE('', *, *, #8204, .T.);
#8204 = EDGE_CURVE('', #8104, #8205, #8207, .T.);
#8205 = VERTEX_POINT('', #8206);
#8206 = CARTESIAN_POINT('', (63.1, 40.8, 0.37));
#8207 = B_SPLINE_CURVE_WITH_KNOTS('', 3, (#8208, #8209, #8210, #8211), .UNSPECIFIED., .F., .U., (4, 4), (0., 19.6207843891258), .UNSPECIFIED.);
#8208 = CARTESIAN_POINT('', (82.7207843891258, 40.8, 0.37));
#8209 = CARTESIAN_POINT('', (76.1805229260838, 40.8, 0.37));
#8210 = CARTESIAN_POINT('', (69.6402614630419, 40.8, 0.37));
#8211 = CARTESIAN_POINT('', (63.1, 40.8, 0.37));
#8212 = ORIENTED_EDGE('', *, *, #8213, .T.);
#8213 = EDGE_CURVE('', #8205, #385, #8214, .T.);
#8214 = B_SPLINE_CURVE_WITH_KNOTS('', 1, (#8215, #8216), .UNSPECIFIED., .F., .U., (2, 2), (0.043717277486911, 0.657068062827225), .UNSPECIFIED.);
#8215 = CARTESIAN_POINT('', (63.1, 40.8, 0.37));
#8216 = CARTESIAN_POINT('', (63.1, 40.8, 23.8));
#8217 = B_SPLINE_SURFACE_WITH_KNOTS('', 1, 1, ((#8218, #8219), (#8220, #8221)), .UNSPECIFIED., .F., .F., .U., (2, 2), (2, 2), (0.172663795387177, 0.651219512195122), (0.043717277486911, 0.956282722513089), .UNSPECIFIED.);
#8218 = CARTESIAN_POINT('', (82.7207843891258, 40.8, 0.37));
#8219 = CARTESIAN_POINT('', (82.7207843891258, 40.8, 35.23));
#8220 = CARTESIAN_POINT('', (63.1, 40.8, 0.37));
#8221 = CARTESIAN_POINT('', (63.1, 40.8, 35.23));
#8222 = ADVANCED_FACE('', (#8223), #8304, .T.);
#8223 = FACE_OUTER_BOUND('', #8224, .T.);
#8224 = EDGE_LOOP('', (#8225, #8226, #8227, #8299));
#8225 = ORIENTED_EDGE('', *, *, #391, .T.);
#8226 = ORIENTED_EDGE('', *, *, #8213, .F.);
#8227 = ORIENTED_EDGE('', *, *, #8228, .T.);
#8228 = EDGE_CURVE('', #8205, #8229, #8231, .T.);
#8229 = VERTEX_POINT('', #8230);
#8230 = CARTESIAN_POINT('', (59.1, 44.8, 0.37));
#8231 = B_SPLINE_CURVE_WITH_KNOTS('', 3, (#8232, #8233, #8234, #8235, #8236, #8237, #8238, #8239, #8240, #8241, #8242, #8243, #8244, #8245, #8246, #8247, #8248, #8249, #8250, #8251, #8252, #8253, #8254, #8255, #8256, #8257, #8258, #8259, #8260, #8261, #8262, #8263, #8264, #8265, #8266, #8267, #8268, #8269, #8270, #8271, #8272, #8273, #8274, #8275, #8276, #8277, #8278, #8279, #8280, #8281, #8282, #8283, #8284, #8285, #8286, #8287, #8288, #8289, #8290, #8291, #8292, #8293, #8294, #8295, #8296, #8297, #8298), .UNSPECIFIED., .F., .U., (4, 3, 3, 3, 3, 3, 3, 3, 3, 3, 3, 3, 3, 3, 3, 3, 3, 3, 3, 3, 3, 3, 4), (0., 0.437893890380859, 0.875787780761719, 1.31368167114258, 1.75157556152344, 2.1894694519043, 2.62736334228516, 3.06525723266602, 3.50315112304688, 3.94104501342774, 4.37893890380859, 4.81683279418945, 5.25472668457031, 5.69262057495117, 6.13051446533203, 6.56840835571289, 7.00630224609375, 7.44419613647461, 7.88209002685547, 8.31998391723633, 8.53893086242676, 8.75787780761719, 8.89767409058983), .UNSPECIFIED.);
#8232 = CARTESIAN_POINT('', (63.1, 40.8, 0.37));
#8233 = CARTESIAN_POINT('', (62.9970267159598, 40.8, 0.37));
#8234 = CARTESIAN_POINT('', (62.8937458822543, 40.803994152139, 0.369999999999999));
#8235 = CARTESIAN_POINT('', (62.7910801478794, 40.8119467750586, 0.369999999999999));
#8236 = CARTESIAN_POINT('', (62.6884144135046, 40.8198993979781, 0.369999999999999));
#8237 = CARTESIAN_POINT('', (62.5857505162431, 40.8318579957766, 0.37));
#8238 = CARTESIAN_POINT('', (62.4840055937511, 40.8477157375171, 0.37));
#8239 = CARTESIAN_POINT('', (62.382260671259, 40.8635734792575, 0.37));
#8240 = CARTESIAN_POINT('', (62.2808269616852, 40.8834250893767, 0.37));
#8241 = CARTESIAN_POINT('', (62.1806106129271, 40.9070932255013, 0.37));
#8242 = CARTESIAN_POINT('', (62.080394264169, 40.930761361626, 0.37));
#8243 = CARTESIAN_POINT('', (61.9807966451387, 40.9583874027053, 0.37));
#8244 = CARTESIAN_POINT('', (61.8827075012025, 40.989724554265, 0.37));
#8245 = CARTESIAN_POINT('', (61.7846183572662, 41.0210617058246, 0.37));
#8246 = CARTESIAN_POINT('', (61.6874517639549, 41.0562971568149, 0.37));
#8247 = CARTESIAN_POINT('', (61.5920757493097, 41.0951161348593, 0.37));
#8248 = CARTESIAN_POINT('', (61.4966997346644, 41.1339351129036, 0.37));
#8249 = CARTESIAN_POINT('', (61.4025445807888, 41.1765694988014, 0.37));
#8250 = CARTESIAN_POINT('', (61.310451413331, 41.2226384225311, 0.37));
#8251 = CARTESIAN_POINT('', (61.2183582458732, 41.2687073462608, 0.37));
#8252 = CARTESIAN_POINT('', (61.1277769566553, 41.3184859953569, 0.37));
#8253 = CARTESIAN_POINT('', (61.039516744563, 41.3715296772374, 0.37));
#8254 = CARTESIAN_POINT('', (60.9512565324707, 41.424573359118, 0.37));
#8255 = CARTESIAN_POINT('', (60.8647901850538, 41.4811989242508, 0.37));
#8256 = CARTESIAN_POINT('', (60.7808901407772, 41.5409005138143, 0.37));
#8257 = CARTESIAN_POINT('', (60.6969900965007, 41.6006021033778, 0.37));
#8258 = CARTESIAN_POINT('', (60.6151551878863, 41.6637363381027, 0.37));
#8259 = CARTESIAN_POINT('', (60.5361164789037, 41.7297392146186, 0.37));
#8260 = CARTESIAN_POINT('', (60.457077769921, 41.7957420911346, 0.37));
#8261 = CARTESIAN_POINT('', (60.3803631317316, 41.8650078702011, 0.37));
#8262 = CARTESIAN_POINT('', (60.3066578868815, 41.93691777291, 0.37));
#8263 = CARTESIAN_POINT('', (60.2329526420314, 42.0088276756189, 0.37));
#8264 = CARTESIAN_POINT('', (60.1618165205301, 42.0838112476862, 0.369999999999999));
#8265 = CARTESIAN_POINT('', (60.0938850098029, 42.1611986308719, 0.369999999999999));
#8266 = CARTESIAN_POINT('', (60.0259534990757, 42.2385860140577, 0.369999999999999));
#8267 = CARTESIAN_POINT('', (59.9608208178835, 42.3188394731915, 0.369999999999999));
#8268 = CARTESIAN_POINT('', (59.8990688225183, 42.4012420720245, 0.369999999999999));
#8269 = CARTESIAN_POINT('', (59.837316827153, 42.4836446708575, 0.369999999999999));
#8270 = CARTESIAN_POINT('', (59.7785766490156, 42.5686886320458, 0.37));
#8271 = CARTESIAN_POINT('', (59.7233730376113, 42.6556142238698, 0.37));
#8272 = CARTESIAN_POINT('', (59.668169426207, 42.7425398156937, 0.37));
#8273 = CARTESIAN_POINT('', (59.6161726289719, 42.8318662783994, 0.37));
#8274 = CARTESIAN_POINT('', (59.5678471540925, 42.9227956229681, 0.37));
#8275 = CARTESIAN_POINT('', (59.5195216792131, 43.0137249675369, 0.37));
#8276 = CARTESIAN_POINT('', (59.4745788599004, 43.1068003501816, 0.37));
#8277 = CARTESIAN_POINT('', (59.4334201883349, 43.2011902912822, 0.37));
#8278 = CARTESIAN_POINT('', (59.3922615167695, 43.2955802323829, 0.37));
#8279 = CARTESIAN_POINT('', (59.3546411362557, 43.3918485596365, 0.37));
#8280 = CARTESIAN_POINT('', (59.3208951246995, 43.489135269572, 0.37));
#8281 = CARTESIAN_POINT('', (59.2871491131434, 43.5864219795075, 0.37));
#8282 = CARTESIAN_POINT('', (59.2570758925403, 43.6853082033447, 0.369999999999999));
#8283 = CARTESIAN_POINT('', (59.230944118998, 43.7849105508951, 0.369999999999999));
#8284 = CARTESIAN_POINT('', (59.2048123454558, 43.8845128984455, 0.369999999999999));
#8285 = CARTESIAN_POINT('', (59.1824659237643, 43.98542633313, 0.369999999999999));
#8286 = CARTESIAN_POINT('', (59.1641044834462, 44.0867493548746, 0.369999999999999));
#8287 = CARTESIAN_POINT('', (59.1457430431281, 44.1880723766192, 0.369999999999999));
#8288 = CARTESIAN_POINT('', (59.1312569041849, 44.2904102270986, 0.37));
#8289 = CARTESIAN_POINT('', (59.1207754770895, 44.3928486813629, 0.37));
#8290 = CARTESIAN_POINT('', (59.1155347635419, 44.444067908495, 0.37));
#8291 = CARTESIAN_POINT('', (59.1112713663512, 44.4955418560515, 0.37));
#8292 = CARTESIAN_POINT('', (59.1080138753249, 44.546925346189, 0.37));
#8293 = CARTESIAN_POINT('', (59.1047563842986, 44.5983088363266, 0.37));
#8294 = CARTESIAN_POINT('', (59.1024853229975, 44.649909089361, 0.37));
#8295 = CARTESIAN_POINT('', (59.1012159208742, 44.7013800804604, 0.37));
#8296 = CARTESIAN_POINT('', (59.1004054153963, 44.7342439929044, 0.37));
#8297 = CARTESIAN_POINT('', (59.1, 44.7671260945391, 0.37));
#8298 = CARTESIAN_POINT('', (59.1, 44.8, 0.37));
#8299 = ORIENTED_EDGE('', *, *, #8300, .T.);
#8300 = EDGE_CURVE('', #8229, #392, #8301, .T.);
#8301 = B_SPLINE_CURVE_WITH_KNOTS('', 1, (#8302, #8303), .UNSPECIFIED., .F., .U., (2, 2), (0.043717277486911, 0.657068062827225), .UNSPECIFIED.);
#8302 = CARTESIAN_POINT('', (59.1, 44.8, 0.37));
#8303 = CARTESIAN_POINT('', (59.1, 44.8, 23.8));
#8304 = (
   BOUNDED_SURFACE ()
   B_SPLINE_SURFACE (1, 2, ((#8305, #8306, #8307), (#8308, #8309, #8310)), .UNSPECIFIED., .F., .F., .U.)
   B_SPLINE_SURFACE_WITH_KNOTS ((2, 2), (3, 3), (1.77, 36.63), (12.5663706143592, 18.8495559215387), .UNSPECIFIED.)
   GEOMETRIC_REPRESENTATION_ITEM ()
   RATIONAL_B_SPLINE_SURFACE (((1., 0.707106781186546, 1.), (1., 0.707106781186546, 1.)))
   REPRESENTATION_ITEM ('')
   SURFACE ()
);
#8305 = CARTESIAN_POINT('', (59.1, 44.8, 0.369999999999996));
#8306 = CARTESIAN_POINT('', (59.1, 40.8, 0.369999999999996));
#8307 = CARTESIAN_POINT('', (63.1, 40.8, 0.369999999999996));
#8308 = CARTESIAN_POINT('', (59.1, 44.8, 35.23));
#8309 = CARTESIAN_POINT('', (59.1, 40.8, 35.23));
#8310 = CARTESIAN_POINT('', (63.1, 40.8, 35.23));
#8311 = ADVANCED_FACE('', (#8312), #8330, .T.);
#8312 = FACE_OUTER_BOUND('', #8313, .T.);
#8313 = EDGE_LOOP('', (#8314, #8315, #8316, #8325));
#8314 = ORIENTED_EDGE('', *, *, #399, .T.);
#8315 = ORIENTED_EDGE('', *, *, #8300, .F.);
#8316 = ORIENTED_EDGE('', *, *, #8317, .T.);
#8317 = EDGE_CURVE('', #8229, #8318, #8320, .T.);
#8318 = VERTEX_POINT('', #8319);
#8319 = CARTESIAN_POINT('', (59.1, 63.2, 0.37));
#8320 = B_SPLINE_CURVE_WITH_KNOTS('', 3, (#8321, #8322, #8323, #8324), .UNSPECIFIED., .F., .U., (4, 4), (0., 18.4), .UNSPECIFIED.);
#8321 = CARTESIAN_POINT('', (59.1, 44.8, 0.37));
#8322 = CARTESIAN_POINT('', (59.1, 50.9333333333333, 0.37));
#8323 = CARTESIAN_POINT('', (59.1, 57.0666666666667, 0.37));
#8324 = CARTESIAN_POINT('', (59.1, 63.2, 0.37));
#8325 = ORIENTED_EDGE('', *, *, #8326, .T.);
#8326 = EDGE_CURVE('', #8318, #400, #8327, .T.);
#8327 = B_SPLINE_CURVE_WITH_KNOTS('', 1, (#8328, #8329), .UNSPECIFIED., .F., .U., (2, 2), (0.043717277486911, 0.657068062827225), .UNSPECIFIED.);
#8328 = CARTESIAN_POINT('', (59.1, 63.2, 0.37));
#8329 = CARTESIAN_POINT('', (59.1, 63.2, 23.8));
#8330 = B_SPLINE_SURFACE_WITH_KNOTS('', 1, 1, ((#8331, #8332), (#8333, #8334)), .UNSPECIFIED., .F., .F., .U., (2, 2), (2, 2), (0.544554455445544, 1.), (0.043717277486911, 0.956282722513089), .UNSPECIFIED.);
#8331 = CARTESIAN_POINT('', (59.1, 44.8, 0.37));
#8332 = CARTESIAN_POINT('', (59.1, 44.8, 35.23));
#8333 = CARTESIAN_POINT('', (59.1, 63.2, 0.37));
#8334 = CARTESIAN_POINT('', (59.1, 63.2, 35.23));
#8335 = ADVANCED_FACE('', (#8336), #8408, .T.);
#8336 = FACE_OUTER_BOUND('', #8337, .T.);
#8337 = EDGE_LOOP('', (#8338, #8339, #8340, #8403));
#8338 = ORIENTED_EDGE('', *, *, #406, .F.);
#8339 = ORIENTED_EDGE('', *, *, #8326, .F.);
#8340 = ORIENTED_EDGE('', *, *, #8341, .T.);
#8341 = EDGE_CURVE('', #8318, #8342, #8344, .T.);
#8342 = VERTEX_POINT('', #8343);
#8343 = CARTESIAN_POINT('', (56.4, 65.9, 0.37));
#8344 = B_SPLINE_CURVE_WITH_KNOTS('', 3, (#8345, #8346, #8347, #8348, #8349, #8350, #8351, #8352, #8353, #8354, #8355, #8356, #8357, #8358, #8359, #8360, #8361, #8362, #8363, #8364, #8365, #8366, #8367, #8368, #8369, #8370, #8371, #8372, #8373, #8374, #8375, #8376, #8377, #8378, #8379, #8380, #8381, #8382, #8383, #8384, #8385, #8386, #8387, #8388, #8389, #8390, #8391, #8392, #8393, #8394, #8395, #8396, #8397, #8398, #8399, #8400, #8401, #8402), .UNSPECIFIED., .F., .U., (4, 3, 3, 3, 3, 3, 3, 3, 3, 3, 3, 3, 3, 3, 3, 3, 3, 3, 3, 4), (0., 0.08649755859375, 0.1729951171875, 0.25949267578125, 0.345990234375, 0.43248779296875, 0.5189853515625, 0.60548291015625, 0.69198046875, 0.77847802734375, 0.8649755859375, 0.95147314453125, 1.037970703125, 1.12446826171875, 1.2109658203125, 1.29746337890625, 1.3839609375, 1.47045849609375, 1.5569560546875, 1.61605407621576), .UNSPECIFIED.);
#8345 = CARTESIAN_POINT('', (59.1, 63.2, 0.37));
#8346 = CARTESIAN_POINT('', (59.1, 63.2755803910042, 0.37));
#8347 = CARTESIAN_POINT('', (59.0968096017588, 63.3514277628635, 0.369999999999999));
#8348 = CARTESIAN_POINT('', (59.0904624956429, 63.4267411730128, 0.369999999999999));
#8349 = CARTESIAN_POINT('', (59.0841153895269, 63.502054583162, 0.369999999999999));
#8350 = CARTESIAN_POINT('', (59.0745667343864, 63.5773661071401, 0.369999999999999));
#8351 = CARTESIAN_POINT('', (59.0619173633043, 63.6518804608955, 0.369999999999999));
#8352 = CARTESIAN_POINT('', (59.0492679922222, 63.7263948146508, 0.369999999999999));
#8353 = CARTESIAN_POINT('', (59.0334285396935, 63.8006384285344, 0.37));
#8354 = CARTESIAN_POINT('', (59.0145662691503, 63.8738272955451, 0.37));
#8355 = CARTESIAN_POINT('', (58.9957039986071, 63.9470161625558, 0.37));
#8356 = CARTESIAN_POINT('', (58.9736856515402, 64.0196673487217, 0.369999999999999));
#8357 = CARTESIAN_POINT('', (58.9487437400451, 64.0910136629596, 0.369999999999999));
#8358 = CARTESIAN_POINT('', (58.9238018285501, 64.1623599771975, 0.369999999999999));
#8359 = CARTESIAN_POINT('', (58.8957601425606, 64.2329054682352, 0.369999999999999));
#8360 = CARTESIAN_POINT('', (58.8649148001801, 64.3019051809722, 0.369999999999999));
#8361 = CARTESIAN_POINT('', (58.8340694577995, 64.3709048937091, 0.369999999999999));
#8362 = CARTESIAN_POINT('', (58.8002025422965, 64.4388462985607, 0.37));
#8363 = CARTESIAN_POINT('', (58.7636716857618, 64.5050119393813, 0.37));
#8364 = CARTESIAN_POINT('', (58.7271408292272, 64.5711775802019, 0.37));
#8365 = CARTESIAN_POINT('', (58.6876879478064, 64.6360349052045, 0.37));
#8366 = CARTESIAN_POINT('', (58.6457296609719, 64.6988990258956, 0.37));
#8367 = CARTESIAN_POINT('', (58.6037713741375, 64.7617631465868, 0.37));
#8368 = CARTESIAN_POINT('', (58.5590112542274, 64.8230781865406, 0.369999999999999));
#8369 = CARTESIAN_POINT('', (58.511921964755, 64.8821966635282, 0.369999999999999));
#8370 = CARTESIAN_POINT('', (58.4648326752826, 64.9413151405159, 0.369999999999999));
#8371 = CARTESIAN_POINT('', (58.415081538986, 64.9986547158202, 0.369999999999999));
#8372 = CARTESIAN_POINT('', (58.3631939241375, 65.0536098878215, 0.369999999999999));
#8373 = CARTESIAN_POINT('', (58.311306309289, 65.1085650598228, 0.369999999999999));
#8374 = CARTESIAN_POINT('', (58.2569156393311, 65.1615240768116, 0.37));
#8375 = CARTESIAN_POINT('', (58.2005962756642, 65.2119276955359, 0.37));
#8376 = CARTESIAN_POINT('', (58.1442769119972, 65.2623313142602, 0.37));
#8377 = CARTESIAN_POINT('', (58.0856309685645, 65.3105356271147, 0.37));
#8378 = CARTESIAN_POINT('', (58.0252777421356, 65.356031600167, 0.37));
#8379 = CARTESIAN_POINT('', (57.9649245157066, 65.4015275732193, 0.37));
#8380 = CARTESIAN_POINT('', (57.9024376217184, 65.4446366272405, 0.369999999999999));
#8381 = CARTESIAN_POINT('', (57.8384769170905, 65.4849035338495, 0.369999999999999));
#8382 = CARTESIAN_POINT('', (57.7745162124626, 65.5251704404585, 0.369999999999999));
#8383 = CARTESIAN_POINT('', (57.7086298264549, 65.5628796780236, 0.369999999999999));
#8384 = CARTESIAN_POINT('', (57.6415135143681, 65.597633039821, 0.369999999999999));
#8385 = CARTESIAN_POINT('', (57.5743972022813, 65.6323864016184, 0.369999999999999));
#8386 = CARTESIAN_POINT('', (57.5055767995828, 65.6644294138256, 0.37));
#8387 = CARTESIAN_POINT('', (57.4357790445696, 65.6934237046339, 0.37));
#8388 = CARTESIAN_POINT('', (57.3659812895565, 65.7224179954423, 0.37));
#8389 = CARTESIAN_POINT('', (57.2947130737899, 65.7485684042407, 0.37));
#8390 = CARTESIAN_POINT('', (57.2227269842893, 65.7715987846712, 0.37));
#8391 = CARTESIAN_POINT('', (57.1507408947887, 65.7946291651017, 0.37));
#8392 = CARTESIAN_POINT('', (57.0775283629304, 65.8147022226114, 0.369999999999999));
#8393 = CARTESIAN_POINT('', (57.0038625075664, 65.8316059872169, 0.369999999999999));
#8394 = CARTESIAN_POINT('', (56.9301966522023, 65.8485097518223, 0.369999999999999));
#8395 = CARTESIAN_POINT('', (56.8555570374684, 65.8623636455446, 0.37));
#8396 = CARTESIAN_POINT('', (56.7807318521049, 65.8730213723038, 0.37));
#8397 = CARTESIAN_POINT('', (56.7059066667414, 65.883679099063, 0.37));
#8398 = CARTESIAN_POINT('', (56.6303672844289, 65.8912159537594, 0.369999999999999));
#8399 = CARTESIAN_POINT('', (56.5549113953856, 65.8955523477721, 0.369999999999999));
#8400 = CARTESIAN_POINT('', (56.503357411347, 65.8985151170211, 0.369999999999999));
#8401 = CARTESIAN_POINT('', (56.4516390479373, 65.9, 0.37));
#8402 = CARTESIAN_POINT('', (56.4, 65.9, 0.37));
#8403 = ORIENTED_EDGE('', *, *, #8404, .T.);
#8404 = EDGE_CURVE('', #8342, #407, #8405, .T.);
#8405 = B_SPLINE_CURVE_WITH_KNOTS('', 1, (#8406, #8407), .UNSPECIFIED., .F., .U., (2, 2), (0.043717277486911, 0.657068062827225), .UNSPECIFIED.);
#8406 = CARTESIAN_POINT('', (56.4, 65.9, 0.37));
#8407 = CARTESIAN_POINT('', (56.4, 65.9, 23.8));
#8408 = (
   BOUNDED_SURFACE ()
   B_SPLINE_SURFACE (2, 1, ((#8409, #8410), (#8411, #8412), (#8413, #8414)), .UNSPECIFIED., .F., .F., .U.)
   B_SPLINE_SURFACE_WITH_KNOTS ((3, 3), (2, 2), (0., 4.24115008234623), (1.67, 36.53), .UNSPECIFIED.)
   GEOMETRIC_REPRESENTATION_ITEM ()
   RATIONAL_B_SPLINE_SURFACE (((1., 1.), (0.707106781186548, 0.707106781186548), (1., 1.)))
   REPRESENTATION_ITEM ('')
   SURFACE ()
);
#8409 = CARTESIAN_POINT('', (59.1, 63.2, 0.369999999999999));
#8410 = CARTESIAN_POINT('', (59.1, 63.2, 35.23));
#8411 = CARTESIAN_POINT('', (59.1, 65.9, 0.369999999999999));
#8412 = CARTESIAN_POINT('', (59.1, 65.9, 35.23));
#8413 = CARTESIAN_POINT('', (56.4, 65.9, 0.369999999999999));
#8414 = CARTESIAN_POINT('', (56.4, 65.9, 35.23));
#8415 = ADVANCED_FACE('', (#8416), #8494, .T.);
#8416 = FACE_OUTER_BOUND('', #8417, .T.);
#8417 = EDGE_LOOP('', (#8418, #8419, #8420, #8429, #8436, #8443, #8451, #8458, #8466, #8473, #8481, #8488));
#8418 = ORIENTED_EDGE('', *, *, #414, .T.);
#8419 = ORIENTED_EDGE('', *, *, #8404, .F.);
#8420 = ORIENTED_EDGE('', *, *, #8421, .T.);
#8421 = EDGE_CURVE('', #8342, #8422, #8424, .T.);
#8422 = VERTEX_POINT('', #8423);
#8423 = CARTESIAN_POINT('', (1.4, 65.9, 0.37));
#8424 = B_SPLINE_CURVE_WITH_KNOTS('', 3, (#8425, #8426, #8427, #8428), .UNSPECIFIED., .F., .U., (4, 4), (0., 55.), .UNSPECIFIED.);
#8425 = CARTESIAN_POINT('', (56.4, 65.9, 0.37));
#8426 = CARTESIAN_POINT('', (38.0666666666667, 65.9, 0.37));
#8427 = CARTESIAN_POINT('', (19.7333333333333, 65.9, 0.37));
#8428 = CARTESIAN_POINT('', (1.4, 65.9, 0.37));
#8429 = ORIENTED_EDGE('', *, *, #8430, .T.);
#8430 = EDGE_CURVE('', #8422, #8431, #8433, .T.);
#8431 = VERTEX_POINT('', #8432);
#8432 = CARTESIAN_POINT('', (1.4, 65.9, 23.8));
#8433 = B_SPLINE_CURVE_WITH_KNOTS('', 1, (#8434, #8435), .UNSPECIFIED., .F., .U., (2, 2), (0.043717277486911, 0.657068062827225), .UNSPECIFIED.);
#8434 = CARTESIAN_POINT('', (1.4, 65.9, 0.37));
#8435 = CARTESIAN_POINT('', (1.4, 65.9, 23.8));
#8436 = ORIENTED_EDGE('', *, *, #8437, .T.);
#8437 = EDGE_CURVE('', #8431, #8438, #8440, .T.);
#8438 = VERTEX_POINT('', #8439);
#8439 = CARTESIAN_POINT('', (8.475, 65.9, 23.8));
#8440 = B_SPLINE_CURVE_WITH_KNOTS('', 1, (#8441, #8442), .UNSPECIFIED., .F., .U., (2, 2), (0., 0.128636363636364), .UNSPECIFIED.);
#8441 = CARTESIAN_POINT('', (1.39999999999998, 65.9, 23.8));
#8442 = CARTESIAN_POINT('', (8.475, 65.9, 23.8));
#8443 = ORIENTED_EDGE('', *, *, #8444, .F.);
#8444 = EDGE_CURVE('', #8445, #8438, #8447, .T.);
#8445 = VERTEX_POINT('', #8446);
#8446 = CARTESIAN_POINT('', (6.875, 65.9, 22.2));
#8447 = (
   BOUNDED_CURVE ()
   B_SPLINE_CURVE (2, (#8448, #8449, #8450), .UNSPECIFIED., .F., .U.)
   B_SPLINE_CURVE_WITH_KNOTS ((3, 3), (0., 1.), .UNSPECIFIED.)
   CURVE ()
   GEOMETRIC_REPRESENTATION_ITEM ()
   RATIONAL_B_SPLINE_CURVE ((1., 0.707106781186533, 1.))
   REPRESENTATION_ITEM ('')
);
#8448 = CARTESIAN_POINT('', (6.875, 65.9, 22.2));
#8449 = CARTESIAN_POINT('', (6.87499999999995, 65.9, 23.8000000000001));
#8450 = CARTESIAN_POINT('', (8.475, 65.9, 23.8));
#8451 = ORIENTED_EDGE('', *, *, #8452, .F.);
#8452 = EDGE_CURVE('', #8453, #8445, #8455, .T.);
#8453 = VERTEX_POINT('', #8454);
#8454 = CARTESIAN_POINT('', (6.87500000000002, 65.9, 18.3));
#8455 = B_SPLINE_CURVE_WITH_KNOTS('', 1, (#8456, #8457), .UNSPECIFIED., .F., .U., (2, 2), (0., 1.), .UNSPECIFIED.);
#8456 = CARTESIAN_POINT('', (6.875, 65.9, 18.3));
#8457 = CARTESIAN_POINT('', (6.875, 65.9, 22.2));
#8458 = ORIENTED_EDGE('', *, *, #8459, .F.);
#8459 = EDGE_CURVE('', #8460, #8453, #8462, .T.);
#8460 = VERTEX_POINT('', #8461);
#8461 = CARTESIAN_POINT('', (8.475, 65.9, 16.7));
#8462 = (
   BOUNDED_CURVE ()
   B_SPLINE_CURVE (2, (#8463, #8464, #8465), .UNSPECIFIED., .F., .U.)
   B_SPLINE_CURVE_WITH_KNOTS ((3, 3), (0., 1.), .UNSPECIFIED.)
   CURVE ()
   GEOMETRIC_REPRESENTATION_ITEM ()
   RATIONAL_B_SPLINE_CURVE ((1., 0.707106781186559, 1.))
   REPRESENTATION_ITEM ('')
);
#8463 = CARTESIAN_POINT('', (8.475, 65.9, 16.7));
#8464 = CARTESIAN_POINT('', (6.87500000000004, 65.9, 16.7));
#8465 = CARTESIAN_POINT('', (6.87500000000002, 65.9, 18.3));
#8466 = ORIENTED_EDGE('', *, *, #8467, .F.);
#8467 = EDGE_CURVE('', #8468, #8460, #8470, .T.);
#8468 = VERTEX_POINT('', #8469);
#8469 = CARTESIAN_POINT('', (18.275, 65.9, 16.7));
#8470 = B_SPLINE_CURVE_WITH_KNOTS('', 1, (#8471, #8472), .UNSPECIFIED., .F., .U., (2, 2), (0., 1.), .UNSPECIFIED.);
#8471 = CARTESIAN_POINT('', (18.275, 65.9, 16.7));
#8472 = CARTESIAN_POINT('', (8.475, 65.9, 16.7));
#8473 = ORIENTED_EDGE('', *, *, #8474, .F.);
#8474 = EDGE_CURVE('', #8475, #8468, #8477, .T.);
#8475 = VERTEX_POINT('', #8476);
#8476 = CARTESIAN_POINT('', (19.875, 65.9, 18.3));
#8477 = (
   BOUNDED_CURVE ()
   B_SPLINE_CURVE (2, (#8478, #8479, #8480), .UNSPECIFIED., .F., .U.)
   B_SPLINE_CURVE_WITH_KNOTS ((3, 3), (0., 1.), .UNSPECIFIED.)
   CURVE ()
   GEOMETRIC_REPRESENTATION_ITEM ()
   RATIONAL_B_SPLINE_CURVE ((1., 0.707106781186542, 1.))
   REPRESENTATION_ITEM ('')
);
#8478 = CARTESIAN_POINT('', (19.875, 65.9, 18.3));
#8479 = CARTESIAN_POINT('', (19.875, 65.9, 16.7));
#8480 = CARTESIAN_POINT('', (18.275, 65.9, 16.7));
#8481 = ORIENTED_EDGE('', *, *, #8482, .F.);
#8482 = EDGE_CURVE('', #8483, #8475, #8485, .T.);
#8483 = VERTEX_POINT('', #8484);
#8484 = CARTESIAN_POINT('', (19.8750000000001, 65.9, 22.2));
#8485 = B_SPLINE_CURVE_WITH_KNOTS('', 1, (#8486, #8487), .UNSPECIFIED., .F., .U., (2, 2), (0., 1.), .UNSPECIFIED.);
#8486 = CARTESIAN_POINT('', (19.875, 65.9, 22.2));
#8487 = CARTESIAN_POINT('', (19.875, 65.9, 18.3));
#8488 = ORIENTED_EDGE('', *, *, #8489, .F.);
#8489 = EDGE_CURVE('', #415, #8483, #8490, .T.);
#8490 = (
   BOUNDED_CURVE ()
   B_SPLINE_CURVE (2, (#8491, #8492, #8493), .UNSPECIFIED., .F., .U.)
   B_SPLINE_CURVE_WITH_KNOTS ((3, 3), (0., 1.), .UNSPECIFIED.)
   CURVE ()
   GEOMETRIC_REPRESENTATION_ITEM ()
   RATIONAL_B_SPLINE_CURVE ((1., 0.70710678118652, 1.))
   REPRESENTATION_ITEM ('')
);
#8491 = CARTESIAN_POINT('', (18.275, 65.9, 23.8));
#8492 = CARTESIAN_POINT('', (19.8750000000001, 65.9, 23.8000000000001));
#8493 = CARTESIAN_POINT('', (19.8750000000001, 65.9, 22.2));
#8494 = B_SPLINE_SURFACE_WITH_KNOTS('', 1, 1, ((#8495, #8496), (#8497, #8498)), .UNSPECIFIED., .F., .F., .U., (2, 2), (2, 2), (0., 1.), (0.043717277486911, 0.956282722513089), .UNSPECIFIED.);
#8495 = CARTESIAN_POINT('', (56.4, 65.9, 0.37));
#8496 = CARTESIAN_POINT('', (56.4, 65.9, 35.23));
#8497 = CARTESIAN_POINT('', (1.4, 65.9, 0.37));
#8498 = CARTESIAN_POINT('', (1.4, 65.9, 35.23));
#8499 = ADVANCED_FACE('', (#8500), #8579, .T.);
#8500 = FACE_OUTER_BOUND('', #8501, .T.);
#8501 = EDGE_LOOP('', (#8502, #8510, #8511, #8574));
#8502 = ORIENTED_EDGE('', *, *, #8503, .F.);
#8503 = EDGE_CURVE('', #8431, #8504, #8506, .T.);
#8504 = VERTEX_POINT('', #8505);
#8505 = CARTESIAN_POINT('', (-1.3, 63.2, 23.8));
#8506 = (
   BOUNDED_CURVE ()
   B_SPLINE_CURVE (2, (#8507, #8508, #8509), .UNSPECIFIED., .F., .U.)
   B_SPLINE_CURVE_WITH_KNOTS ((3, 3), (0., 1.), .UNSPECIFIED.)
   CURVE ()
   GEOMETRIC_REPRESENTATION_ITEM ()
   RATIONAL_B_SPLINE_CURVE ((1., 0.707106781186548, 1.))
   REPRESENTATION_ITEM ('')
);
#8507 = CARTESIAN_POINT('', (1.4, 65.9, 23.8));
#8508 = CARTESIAN_POINT('', (-1.3, 65.9, 23.8));
#8509 = CARTESIAN_POINT('', (-1.3, 63.2, 23.8));
#8510 = ORIENTED_EDGE('', *, *, #8430, .F.);
#8511 = ORIENTED_EDGE('', *, *, #8512, .T.);
#8512 = EDGE_CURVE('', #8422, #8513, #8515, .T.);
#8513 = VERTEX_POINT('', #8514);
#8514 = CARTESIAN_POINT('', (-1.3, 63.2, 0.37));
#8515 = B_SPLINE_CURVE_WITH_KNOTS('', 3, (#8516, #8517, #8518, #8519, #8520, #8521, #8522, #8523, #8524, #8525, #8526, #8527, #8528, #8529, #8530, #8531, #8532, #8533, #8534, #8535, #8536, #8537, #8538, #8539, #8540, #8541, #8542, #8543, #8544, #8545, #8546, #8547, #8548, #8549, #8550, #8551, #8552, #8553, #8554, #8555, #8556, #8557, #8558, #8559, #8560, #8561, #8562, #8563, #8564, #8565, #8566, #8567, #8568, #8569, #8570, #8571, #8572, #8573), .UNSPECIFIED., .F., .U., (4, 3, 3, 3, 3, 3, 3, 3, 3, 3, 3, 3, 3, 3, 3, 3, 3, 3, 3, 4), (0., 0.08649755859375, 0.1729951171875, 0.25949267578125, 0.345990234375, 0.43248779296875, 0.5189853515625, 0.60548291015625, 0.69198046875, 0.77847802734375, 0.8649755859375, 0.95147314453125, 1.037970703125, 1.12446826171875, 1.2109658203125, 1.29746337890625, 1.3839609375, 1.47045849609375, 1.5569560546875, 1.61605407621571), .UNSPECIFIED.);
#8516 = CARTESIAN_POINT('', (1.4, 65.9, 0.37));
#8517 = CARTESIAN_POINT('', (1.32441960899575, 65.9, 0.37));
#8518 = CARTESIAN_POINT('', (1.24857223713648, 65.8968096017588, 0.369999999999999));
#8519 = CARTESIAN_POINT('', (1.17325882698724, 65.8904624956429, 0.369999999999999));
#8520 = CARTESIAN_POINT('', (1.097945416838, 65.8841153895269, 0.369999999999999));
#8521 = CARTESIAN_POINT('', (1.02263389285993, 65.8745667343864, 0.369999999999999));
#8522 = CARTESIAN_POINT('', (0.948119539104548, 65.8619173633043, 0.369999999999999));
#8523 = CARTESIAN_POINT('', (0.873605185349164, 65.8492679922222, 0.369999999999999));
#8524 = CARTESIAN_POINT('', (0.799361571465654, 65.8334285396935, 0.37));
#8525 = CARTESIAN_POINT('', (0.726172704454952, 65.8145662691503, 0.37));
#8526 = CARTESIAN_POINT('', (0.65298383744425, 65.7957039986071, 0.37));
#8527 = CARTESIAN_POINT('', (0.580332651278194, 65.7736856515402, 0.37));
#8528 = CARTESIAN_POINT('', (0.508986337040328, 65.7487437400451, 0.37));
#8529 = CARTESIAN_POINT('', (0.437640022802463, 65.7238018285501, 0.37));
#8530 = CARTESIAN_POINT('', (0.367094531764716, 65.6957601425606, 0.369999999999999));
#8531 = CARTESIAN_POINT('', (0.298094819027767, 65.66491480018, 0.369999999999999));
#8532 = CARTESIAN_POINT('', (0.229095106290818, 65.6340694577995, 0.369999999999999));
#8533 = CARTESIAN_POINT('', (0.1611537014392, 65.6002025422965, 0.369999999999999));
#8534 = CARTESIAN_POINT('', (0.0949880606186275, 65.5636716857618, 0.369999999999999));
#8535 = CARTESIAN_POINT('', (0.0288224197980548, 65.5271408292271, 0.369999999999999));
#8536 = CARTESIAN_POINT('', (-0.0360349052045513, 65.4876879478064, 0.37));
#8537 = CARTESIAN_POINT('', (-0.0988990258956963, 65.4457296609719, 0.37));
#8538 = CARTESIAN_POINT('', (-0.161763146586841, 65.4037713741374, 0.37));
#8539 = CARTESIAN_POINT('', (-0.223078186540585, 65.3590112542274, 0.37));
#8540 = CARTESIAN_POINT('', (-0.282196663528228, 65.311921964755, 0.37));
#8541 = CARTESIAN_POINT('', (-0.341315140515871, 65.2648326752826, 0.37));
#8542 = CARTESIAN_POINT('', (-0.39865471582024, 65.215081538986, 0.37));
#8543 = CARTESIAN_POINT('', (-0.453609887821526, 65.1631939241375, 0.37));
#8544 = CARTESIAN_POINT('', (-0.508565059822811, 65.111306309289, 0.37));
#8545 = CARTESIAN_POINT('', (-0.56152407681166, 65.0569156393311, 0.369999999999999));
#8546 = CARTESIAN_POINT('', (-0.611927695535914, 65.0005962756641, 0.369999999999999));
#8547 = CARTESIAN_POINT('', (-0.662331314260167, 64.9442769119972, 0.369999999999999));
#8548 = CARTESIAN_POINT('', (-0.710535627114805, 64.8856309685644, 0.37));
#8549 = CARTESIAN_POINT('', (-0.756031600167064, 64.8252777421355, 0.37));
#8550 = CARTESIAN_POINT('', (-0.801527573219324, 64.7649245157066, 0.37));
#8551 = CARTESIAN_POINT('', (-0.844636627240509, 64.7024376217184, 0.37));
#8552 = CARTESIAN_POINT('', (-0.884903533849502, 64.6384769170905, 0.37));
#8553 = CARTESIAN_POINT('', (-0.925170440458495, 64.5745162124626, 0.37));
#8554 = CARTESIAN_POINT('', (-0.96287967802363, 64.5086298264549, 0.37));
#8555 = CARTESIAN_POINT('', (-0.997633039821035, 64.4415135143681, 0.37));
#8556 = CARTESIAN_POINT('', (-1.03238640161844, 64.3743972022813, 0.37));
#8557 = CARTESIAN_POINT('', (-1.0644294138256, 64.3055767995827, 0.369999999999999));
#8558 = CARTESIAN_POINT('', (-1.09342370463396, 64.2357790445696, 0.369999999999999));
#8559 = CARTESIAN_POINT('', (-1.12241799544232, 64.1659812895564, 0.369999999999999));
#8560 = CARTESIAN_POINT('', (-1.14856840424073, 64.0947130737897, 0.37));
#8561 = CARTESIAN_POINT('', (-1.17159878467122, 64.0227269842892, 0.37));
#8562 = CARTESIAN_POINT('', (-1.19462916510171, 63.9507408947886, 0.37));
#8563 = CARTESIAN_POINT('', (-1.21470222261147, 63.8775283629303, 0.37));
#8564 = CARTESIAN_POINT('', (-1.2316059872169, 63.8038625075662, 0.37));
#8565 = CARTESIAN_POINT('', (-1.24850975182233, 63.7301966522022, 0.37));
#8566 = CARTESIAN_POINT('', (-1.26236364554458, 63.6555570374683, 0.369999999999999));
#8567 = CARTESIAN_POINT('', (-1.27302137230379, 63.5807318521048, 0.369999999999999));
#8568 = CARTESIAN_POINT('', (-1.28367909906299, 63.5059066667414, 0.369999999999999));
#8569 = CARTESIAN_POINT('', (-1.29121595375943, 63.4303672844287, 0.37));
#8570 = CARTESIAN_POINT('', (-1.29555234777212, 63.3549113953854, 0.37));
#8571 = CARTESIAN_POINT('', (-1.29851511702113, 63.3033574113468, 0.37));
#8572 = CARTESIAN_POINT('', (-1.3, 63.2516390479373, 0.37));
#8573 = CARTESIAN_POINT('', (-1.3, 63.2, 0.37));
#8574 = ORIENTED_EDGE('', *, *, #8575, .T.);
#8575 = EDGE_CURVE('', #8513, #8504, #8576, .T.);
#8576 = B_SPLINE_CURVE_WITH_KNOTS('', 1, (#8577, #8578), .UNSPECIFIED., .F., .U., (2, 2), (0.043717277486911, 0.657068062827225), .UNSPECIFIED.);
#8577 = CARTESIAN_POINT('', (-1.3, 63.2, 0.37));
#8578 = CARTESIAN_POINT('', (-1.3, 63.2, 23.8));
#8579 = (
   BOUNDED_SURFACE ()
   B_SPLINE_SURFACE (2, 1, ((#8580, #8581), (#8582, #8583), (#8584, #8585)), .UNSPECIFIED., .F., .F., .U.)
   B_SPLINE_SURFACE_WITH_KNOTS ((3, 3), (2, 2), (4.24115008234623, 8.48230016469246), (1.67, 36.53), .UNSPECIFIED.)
   GEOMETRIC_REPRESENTATION_ITEM ()
   RATIONAL_B_SPLINE_SURFACE (((1., 1.), (0.707106781186548, 0.707106781186548), (1., 1.)))
   REPRESENTATION_ITEM ('')
   SURFACE ()
);
#8580 = CARTESIAN_POINT('', (1.40000000000001, 65.9, 0.369999999999999));
#8581 = CARTESIAN_POINT('', (1.40000000000001, 65.9, 35.23));
#8582 = CARTESIAN_POINT('', (-1.3, 65.9, 0.369999999999999));
#8583 = CARTESIAN_POINT('', (-1.3, 65.9, 35.23));
#8584 = CARTESIAN_POINT('', (-1.3, 63.2, 0.369999999999999));
#8585 = CARTESIAN_POINT('', (-1.3, 63.2, 35.23));
#8586 = ADVANCED_FACE('', (#8587), #8635, .T.);
#8587 = FACE_OUTER_BOUND('', #8588, .T.);
#8588 = EDGE_LOOP('', (#8589, #8598, #8605, #8610, #8611, #8620, #8627));
#8589 = ORIENTED_EDGE('', *, *, #8590, .F.);
#8590 = EDGE_CURVE('', #8591, #8593, #8595, .T.);
#8591 = VERTEX_POINT('', #8592);
#8592 = CARTESIAN_POINT('', (-1.3, 27.4, 13.05));
#8593 = VERTEX_POINT('', #8594);
#8594 = CARTESIAN_POINT('', (-1.3, 24.45, 13.05));
#8595 = B_SPLINE_CURVE_WITH_KNOTS('', 1, (#8596, #8597), .UNSPECIFIED., .F., .U., (2, 2), (0.0569523009855091, 0.163951943758307), .UNSPECIFIED.);
#8596 = CARTESIAN_POINT('', (-1.3, 27.4, 13.05));
#8597 = CARTESIAN_POINT('', (-1.3, 24.45, 13.05));
#8598 = ORIENTED_EDGE('', *, *, #8599, .F.);
#8599 = EDGE_CURVE('', #8600, #8591, #8602, .T.);
#8600 = VERTEX_POINT('', #8601);
#8601 = CARTESIAN_POINT('', (-1.3, 27.4, 23.8));
#8602 = B_SPLINE_CURVE_WITH_KNOTS('', 1, (#8603, #8604), .UNSPECIFIED., .F., .U., (2, 2), (0., 1.), .UNSPECIFIED.);
#8603 = CARTESIAN_POINT('', (-1.3, 27.4, 23.8));
#8604 = CARTESIAN_POINT('', (-1.3, 27.4, 13.05));
#8605 = ORIENTED_EDGE('', *, *, #8606, .T.);
#8606 = EDGE_CURVE('', #8600, #8504, #8607, .T.);
#8607 = B_SPLINE_CURVE_WITH_KNOTS('', 1, (#8608, #8609), .UNSPECIFIED., .F., .U., (2, 2), (0.420711974110032, 1.), .UNSPECIFIED.);
#8608 = CARTESIAN_POINT('', (-1.3, 27.4, 23.8));
#8609 = CARTESIAN_POINT('', (-1.3, 63.2, 23.8));
#8610 = ORIENTED_EDGE('', *, *, #8575, .F.);
#8611 = ORIENTED_EDGE('', *, *, #8612, .T.);
#8612 = EDGE_CURVE('', #8513, #8613, #8615, .T.);
#8613 = VERTEX_POINT('', #8614);
#8614 = CARTESIAN_POINT('', (-1.3, 1.4, 0.37));
#8615 = B_SPLINE_CURVE_WITH_KNOTS('', 3, (#8616, #8617, #8618, #8619), .UNSPECIFIED., .F., .U., (4, 4), (0., 61.8), .UNSPECIFIED.);
#8616 = CARTESIAN_POINT('', (-1.3, 63.2, 0.37));
#8617 = CARTESIAN_POINT('', (-1.3, 42.6, 0.37));
#8618 = CARTESIAN_POINT('', (-1.3, 22., 0.37));
#8619 = CARTESIAN_POINT('', (-1.3, 1.4, 0.37));
#8620 = ORIENTED_EDGE('', *, *, #8621, .T.);
#8621 = EDGE_CURVE('', #8613, #8622, #8624, .T.);
#8622 = VERTEX_POINT('', #8623);
#8623 = CARTESIAN_POINT('', (-1.3, 1.4, 8.62365839546923));
#8624 = B_SPLINE_CURVE_WITH_KNOTS('', 1, (#8625, #8626), .UNSPECIFIED., .F., .U., (2, 2), (0.0571917808219178, 0.33985131491333), .UNSPECIFIED.);
#8625 = CARTESIAN_POINT('', (-1.3, 1.4, 0.37));
#8626 = CARTESIAN_POINT('', (-1.3, 1.4, 8.62365839546923));
#8627 = ORIENTED_EDGE('', *, *, #8628, .T.);
#8628 = EDGE_CURVE('', #8622, #8593, #8629, .T.);
#8629 = (
   BOUNDED_CURVE ()
   B_SPLINE_CURVE (2, (#8630, #8631, #8632, #8633, #8634), .UNSPECIFIED., .F., .U.)
   B_SPLINE_CURVE_WITH_KNOTS ((3, 2, 3), (0., 0.333333333333333, 0.635478642167435), .UNSPECIFIED.)
   CURVE ()
   GEOMETRIC_REPRESENTATION_ITEM ()
   RATIONAL_B_SPLINE_CURVE ((1., 0.750381488387133, 1., 0.773736813154065, 0.957659789112249))
   REPRESENTATION_ITEM ('')
);
#8630 = CARTESIAN_POINT('', (-1.3, 1.4, 8.62365839546924));
#8631 = CARTESIAN_POINT('', (-1.3, 5.2991286662791, -1.15424219661264));
#8632 = CARTESIAN_POINT('', (-1.3, 15.4907765072564, 1.48030873862041));
#8633 = CARTESIAN_POINT('', (-1.3, 24.45, 3.79627677441414));
#8634 = CARTESIAN_POINT('', (-1.3, 24.45, 13.05));
#8635 = B_SPLINE_SURFACE_WITH_KNOTS('', 1, 1, ((#8636, #8637), (#8638, #8639)), .UNSPECIFIED., .F., .F., .U., (2, 2), (2, 2), (-1.66379310344828, 1.), (0.0571917808219178, 1.25102739726027), .UNSPECIFIED.);
#8636 = CARTESIAN_POINT('', (-1.3, 63.2, 0.37));
#8637 = CARTESIAN_POINT('', (-1.3, 63.2, 35.23));
#8638 = CARTESIAN_POINT('', (-1.3, 1.4, 0.37));
#8639 = CARTESIAN_POINT('', (-1.3, 1.4, 35.23));
#8640 = ADVANCED_FACE('', (#8641), #8691, .F.);
#8641 = FACE_OUTER_BOUND('', #8642, .F.);
#8642 = EDGE_LOOP('', (#8643, #8652, #8659, #8666, #8671, #8672, #8673, #8678, #8679, #8686));
#8643 = ORIENTED_EDGE('', *, *, #8644, .F.);
#8644 = EDGE_CURVE('', #8645, #8647, #8649, .T.);
#8645 = VERTEX_POINT('', #8646);
#8646 = CARTESIAN_POINT('', (1.5, 27.4, 16.6));
#8647 = VERTEX_POINT('', #8648);
#8648 = CARTESIAN_POINT('', (1.6, 27.4, 16.6));
#8649 = B_SPLINE_CURVE_WITH_KNOTS('', 1, (#8650, #8651), .UNSPECIFIED., .F., .U., (2, 2), (0.69047619047619, 0.714285714285713), .UNSPECIFIED.);
#8650 = CARTESIAN_POINT('', (1.5, 27.4, 16.6));
#8651 = CARTESIAN_POINT('', (1.6, 27.4, 16.6));
#8652 = ORIENTED_EDGE('', *, *, #8653, .F.);
#8653 = EDGE_CURVE('', #8654, #8645, #8656, .T.);
#8654 = VERTEX_POINT('', #8655);
#8655 = CARTESIAN_POINT('', (1.5, 27.4, 16.1));
#8656 = B_SPLINE_CURVE_WITH_KNOTS('', 1, (#8657, #8658), .UNSPECIFIED., .F., .U., (2, 2), (0., 1.), .UNSPECIFIED.);
#8657 = CARTESIAN_POINT('', (1.5, 27.4, 16.1));
#8658 = CARTESIAN_POINT('', (1.5, 27.4, 16.6));
#8659 = ORIENTED_EDGE('', *, *, #8660, .F.);
#8660 = EDGE_CURVE('', #8661, #8654, #8663, .T.);
#8661 = VERTEX_POINT('', #8662);
#8662 = CARTESIAN_POINT('', (2.05, 27.4, 16.1));
#8663 = B_SPLINE_CURVE_WITH_KNOTS('', 1, (#8664, #8665), .UNSPECIFIED., .F., .U., (2, 2), (0.178571428571429, 0.30952380952381), .UNSPECIFIED.);
#8664 = CARTESIAN_POINT('', (2.05, 27.4, 16.1));
#8665 = CARTESIAN_POINT('', (1.5, 27.4, 16.1));
#8666 = ORIENTED_EDGE('', *, *, #8667, .F.);
#8667 = EDGE_CURVE('', #4670, #8661, #8668, .T.);
#8668 = B_SPLINE_CURVE_WITH_KNOTS('', 1, (#8669, #8670), .UNSPECIFIED., .F., .U., (2, 2), (0., 0.911764705882351), .UNSPECIFIED.);
#8669 = CARTESIAN_POINT('', (2.05, 27.4, 13.));
#8670 = CARTESIAN_POINT('', (2.05, 27.4, 16.1));
#8671 = ORIENTED_EDGE('', *, *, #4667, .F.);
#8672 = ORIENTED_EDGE('', *, *, #4719, .T.);
#8673 = ORIENTED_EDGE('', *, *, #8674, .T.);
#8674 = EDGE_CURVE('', #4713, #8591, #8675, .T.);
#8675 = B_SPLINE_CURVE_WITH_KNOTS('', 1, (#8676, #8677), .UNSPECIFIED., .F., .U., (2, 2), (0.189189189189188, 0.972972972972973), .UNSPECIFIED.);
#8676 = CARTESIAN_POINT('', (1.6, 27.4, 13.05));
#8677 = CARTESIAN_POINT('', (-1.3, 27.4, 13.05));
#8678 = ORIENTED_EDGE('', *, *, #8599, .F.);
#8679 = ORIENTED_EDGE('', *, *, #8680, .F.);
#8680 = EDGE_CURVE('', #8681, #8600, #8683, .T.);
#8681 = VERTEX_POINT('', #8682);
#8682 = CARTESIAN_POINT('', (1.6, 27.4, 23.8));
#8683 = B_SPLINE_CURVE_WITH_KNOTS('', 1, (#8684, #8685), .UNSPECIFIED., .F., .U., (2, 2), (0.194444444444441, 1.), .UNSPECIFIED.);
#8684 = CARTESIAN_POINT('', (1.6, 27.4, 23.8));
#8685 = CARTESIAN_POINT('', (-1.30000000000007, 27.4, 23.8));
#8686 = ORIENTED_EDGE('', *, *, #8687, .T.);
#8687 = EDGE_CURVE('', #8681, #8647, #8688, .T.);
#8688 = B_SPLINE_CURVE_WITH_KNOTS('', 1, (#8689, #8690), .UNSPECIFIED., .F., .U., (2, 2), (0., 0.669767441860465), .UNSPECIFIED.);
#8689 = CARTESIAN_POINT('', (1.6, 27.4, 23.8));
#8690 = CARTESIAN_POINT('', (1.6, 27.4, 16.6));
#8691 = B_SPLINE_SURFACE_WITH_KNOTS('', 1, 1, ((#8692, #8693), (#8694, #8695)), .UNSPECIFIED., .F., .F., .U., (2, 2), (2, 2), (-0.135135135135135, 1.), (-0.0227272727272727, 1.), .UNSPECIFIED.);
#8692 = CARTESIAN_POINT('', (2.8, 27.4, 12.8));
#8693 = CARTESIAN_POINT('', (2.8, 27.4, 24.05));
#8694 = CARTESIAN_POINT('', (-1.4, 27.4, 12.8));
#8695 = CARTESIAN_POINT('', (-1.4, 27.4, 24.05));
#8696 = ADVANCED_FACE('', (#8697), #8736, .T.);
#8697 = FACE_OUTER_BOUND('', #8698, .T.);
#8698 = EDGE_LOOP('', (#8699, #8700, #8707, #8714, #8721, #8728, #8733, #8734, #8735));
#8699 = ORIENTED_EDGE('', *, *, #8680, .F.);
#8700 = ORIENTED_EDGE('', *, *, #8701, .T.);
#8701 = EDGE_CURVE('', #8681, #8702, #8704, .T.);
#8702 = VERTEX_POINT('', #8703);
#8703 = CARTESIAN_POINT('', (1.6, 61.9, 23.8));
#8704 = B_SPLINE_CURVE_WITH_KNOTS('', 1, (#8705, #8706), .UNSPECIFIED., .F., .U., (2, 2), (0.249665183064833, 1.), .UNSPECIFIED.);
#8705 = CARTESIAN_POINT('', (1.6, 27.4, 23.8));
#8706 = CARTESIAN_POINT('', (1.6, 61.9, 23.8));
#8707 = ORIENTED_EDGE('', *, *, #8708, .T.);
#8708 = EDGE_CURVE('', #8702, #8709, #8711, .T.);
#8709 = VERTEX_POINT('', #8710);
#8710 = CARTESIAN_POINT('', (2.1, 62.4, 23.8));
#8711 = B_SPLINE_CURVE_WITH_KNOTS('', 1, (#8712, #8713), .UNSPECIFIED., .F., .U., (2, 2), (0., 1.), .UNSPECIFIED.);
#8712 = CARTESIAN_POINT('', (1.59999999999999, 61.9, 23.8));
#8713 = CARTESIAN_POINT('', (2.09999999999999, 62.4, 23.8));
#8714 = ORIENTED_EDGE('', *, *, #8715, .T.);
#8715 = EDGE_CURVE('', #8709, #8716, #8718, .T.);
#8716 = VERTEX_POINT('', #8717);
#8717 = CARTESIAN_POINT('', (8.475, 62.4, 23.8));
#8718 = B_SPLINE_CURVE_WITH_KNOTS('', 1, (#8719, #8720), .UNSPECIFIED., .F., .U., (2, 2), (0., 0.12119771863118), .UNSPECIFIED.);
#8719 = CARTESIAN_POINT('', (2.09999999999994, 62.4, 23.8));
#8720 = CARTESIAN_POINT('', (8.475, 62.4, 23.8));
#8721 = ORIENTED_EDGE('', *, *, #8722, .T.);
#8722 = EDGE_CURVE('', #8716, #8723, #8725, .T.);
#8723 = VERTEX_POINT('', #8724);
#8724 = CARTESIAN_POINT('', (8.475, 63.5, 23.8));
#8725 = B_SPLINE_CURVE_WITH_KNOTS('', 1, (#8726, #8727), .UNSPECIFIED., .F., .U., (2, 2), (0., 0.314285714285733), .UNSPECIFIED.);
#8726 = CARTESIAN_POINT('', (8.475, 62.3999999999999, 23.8));
#8727 = CARTESIAN_POINT('', (8.475, 63.5, 23.8));
#8728 = ORIENTED_EDGE('', *, *, #8729, .T.);
#8729 = EDGE_CURVE('', #8723, #8438, #8730, .T.);
#8730 = B_SPLINE_CURVE_WITH_KNOTS('', 1, (#8731, #8732), .UNSPECIFIED., .F., .U., (2, 2), (0., 0.600000000000001), .UNSPECIFIED.);
#8731 = CARTESIAN_POINT('', (8.475, 63.5, 23.8));
#8732 = CARTESIAN_POINT('', (8.475, 65.9, 23.8));
#8733 = ORIENTED_EDGE('', *, *, #8437, .F.);
#8734 = ORIENTED_EDGE('', *, *, #8503, .T.);
#8735 = ORIENTED_EDGE('', *, *, #8606, .F.);
#8736 = B_SPLINE_SURFACE_WITH_KNOTS('', 1, 1, ((#8737, #8738), (#8739, #8740)), .UNSPECIFIED., .F., .F., .U., (2, 2), (2, 2), (0., 1.), (0., 1.), .UNSPECIFIED.);
#8737 = CARTESIAN_POINT('', (160.651549917642, -65.651549917642, 23.8));
#8738 = CARTESIAN_POINT('', (-50.651549917642, -65.651549917642, 23.8));
#8739 = CARTESIAN_POINT('', (160.651549917642, 145.651549917642, 23.8));
#8740 = CARTESIAN_POINT('', (-50.651549917642, 145.651549917642, 23.8));
#8741 = ADVANCED_FACE('', (#8742), #8764, .F.);
#8742 = FACE_OUTER_BOUND('', #8743, .F.);
#8743 = EDGE_LOOP('', (#8744, #8753, #8758, #8759));
#8744 = ORIENTED_EDGE('', *, *, #8745, .F.);
#8745 = EDGE_CURVE('', #8746, #8748, #8750, .T.);
#8746 = VERTEX_POINT('', #8747);
#8747 = CARTESIAN_POINT('', (1.6, 61.9, 16.6));
#8748 = VERTEX_POINT('', #8749);
#8749 = CARTESIAN_POINT('', (2.1, 62.4, 16.6));
#8750 = B_SPLINE_CURVE_WITH_KNOTS('', 1, (#8751, #8752), .UNSPECIFIED., .F., .U., (2, 2), (0., 1.), .UNSPECIFIED.);
#8751 = CARTESIAN_POINT('', (1.59999999999999, 61.9, 16.6));
#8752 = CARTESIAN_POINT('', (2.1, 62.4, 16.6));
#8753 = ORIENTED_EDGE('', *, *, #8754, .T.);
#8754 = EDGE_CURVE('', #8746, #8702, #8755, .T.);
#8755 = B_SPLINE_CURVE_WITH_KNOTS('', 1, (#8756, #8757), .UNSPECIFIED., .F., .U., (2, 2), (0.461783439490446, 0.691082802547771), .UNSPECIFIED.);
#8756 = CARTESIAN_POINT('', (1.6, 61.9, 16.6));
#8757 = CARTESIAN_POINT('', (1.6, 61.9, 23.8));
#8758 = ORIENTED_EDGE('', *, *, #8708, .T.);
#8759 = ORIENTED_EDGE('', *, *, #8760, .F.);
#8760 = EDGE_CURVE('', #8748, #8709, #8761, .T.);
#8761 = B_SPLINE_CURVE_WITH_KNOTS('', 1, (#8762, #8763), .UNSPECIFIED., .F., .U., (2, 2), (0.461783439490446, 0.691082802547771), .UNSPECIFIED.);
#8762 = CARTESIAN_POINT('', (2.1, 62.4, 16.6));
#8763 = CARTESIAN_POINT('', (2.1, 62.4, 23.8));
#8764 = B_SPLINE_SURFACE_WITH_KNOTS('', 1, 1, ((#8765, #8766), (#8767, #8768)), .UNSPECIFIED., .F., .F., .U., (2, 2), (2, 2), (0., 1.), (0., 1.), .UNSPECIFIED.);
#8765 = CARTESIAN_POINT('', (2.1, 62.4, 2.1));
#8766 = CARTESIAN_POINT('', (2.1, 62.4, 33.5));
#8767 = CARTESIAN_POINT('', (1.6, 61.9, 2.1));
#8768 = CARTESIAN_POINT('', (1.6, 61.9, 33.5));
#8769 = ADVANCED_FACE('', (#8770), #8852, .F.);
#8770 = FACE_OUTER_BOUND('', #8771, .F.);
#8771 = EDGE_LOOP('', (#8772, #8779, #8780, #8781, #8788, #8796, #8803, #8811, #8816, #8817, #8818, #8819, #8826, #8833, #8838, #8839, #8840, #8847));
#8772 = ORIENTED_EDGE('', *, *, #8773, .F.);
#8773 = EDGE_CURVE('', #8748, #8774, #8776, .T.);
#8774 = VERTEX_POINT('', #8775);
#8775 = CARTESIAN_POINT('', (1.5, 62.4, 16.6));
#8776 = B_SPLINE_CURVE_WITH_KNOTS('', 1, (#8777, #8778), .UNSPECIFIED., .F., .U., (2, 2), (0.538461538461538, 1.), .UNSPECIFIED.);
#8777 = CARTESIAN_POINT('', (2.1, 62.4, 16.6));
#8778 = CARTESIAN_POINT('', (1.5, 62.4, 16.6));
#8779 = ORIENTED_EDGE('', *, *, #8760, .T.);
#8780 = ORIENTED_EDGE('', *, *, #8715, .T.);
#8781 = ORIENTED_EDGE('', *, *, #8782, .F.);
#8782 = EDGE_CURVE('', #8783, #8716, #8785, .T.);
#8783 = VERTEX_POINT('', #8784);
#8784 = CARTESIAN_POINT('', (8.47499999999997, 62.4, 19.4));
#8785 = B_SPLINE_CURVE_WITH_KNOTS('', 1, (#8786, #8787), .UNSPECIFIED., .F., .U., (2, 2), (0., 0.977777777777778), .UNSPECIFIED.);
#8786 = CARTESIAN_POINT('', (8.475, 62.4, 19.4));
#8787 = CARTESIAN_POINT('', (8.475, 62.4, 23.8));
#8788 = ORIENTED_EDGE('', *, *, #8789, .F.);
#8789 = EDGE_CURVE('', #8790, #8783, #8792, .T.);
#8790 = VERTEX_POINT('', #8791);
#8791 = CARTESIAN_POINT('', (9.475, 62.4, 18.4));
#8792 = (
   BOUNDED_CURVE ()
   B_SPLINE_CURVE (2, (#8793, #8794, #8795), .UNSPECIFIED., .F., .U.)
   B_SPLINE_CURVE_WITH_KNOTS ((3, 3), (0., 1.), .UNSPECIFIED.)
   CURVE ()
   GEOMETRIC_REPRESENTATION_ITEM ()
   RATIONAL_B_SPLINE_CURVE ((1., 0.707106781186524, 1.))
   REPRESENTATION_ITEM ('')
);
#8793 = CARTESIAN_POINT('', (9.475, 62.4, 18.4));
#8794 = CARTESIAN_POINT('', (8.47499999999995, 62.4, 18.4));
#8795 = CARTESIAN_POINT('', (8.47499999999997, 62.4, 19.4));
#8796 = ORIENTED_EDGE('', *, *, #8797, .F.);
#8797 = EDGE_CURVE('', #8798, #8790, #8800, .T.);
#8798 = VERTEX_POINT('', #8799);
#8799 = CARTESIAN_POINT('', (17.275, 62.4, 18.4));
#8800 = B_SPLINE_CURVE_WITH_KNOTS('', 1, (#8801, #8802), .UNSPECIFIED., .F., .U., (2, 2), (0., 1.), .UNSPECIFIED.);
#8801 = CARTESIAN_POINT('', (17.275, 62.4, 18.4));
#8802 = CARTESIAN_POINT('', (9.475, 62.4, 18.4));
#8803 = ORIENTED_EDGE('', *, *, #8804, .F.);
#8804 = EDGE_CURVE('', #8805, #8798, #8807, .T.);
#8805 = VERTEX_POINT('', #8806);
#8806 = CARTESIAN_POINT('', (18.275, 62.4, 19.4));
#8807 = (
   BOUNDED_CURVE ()
   B_SPLINE_CURVE (2, (#8808, #8809, #8810), .UNSPECIFIED., .F., .U.)
   B_SPLINE_CURVE_WITH_KNOTS ((3, 3), (0., 1.), .UNSPECIFIED.)
   CURVE ()
   GEOMETRIC_REPRESENTATION_ITEM ()
   RATIONAL_B_SPLINE_CURVE ((1., 0.707106781186522, 1.))
   REPRESENTATION_ITEM ('')
);
#8808 = CARTESIAN_POINT('', (18.275, 62.4, 19.4));
#8809 = CARTESIAN_POINT('', (18.2750000000001, 62.4, 18.3999999999999));
#8810 = CARTESIAN_POINT('', (17.275, 62.4, 18.4));
#8811 = ORIENTED_EDGE('', *, *, #8812, .F.);
#8812 = EDGE_CURVE('', #429, #8805, #8813, .T.);
#8813 = B_SPLINE_CURVE_WITH_KNOTS('', 1, (#8814, #8815), .UNSPECIFIED., .F., .U., (2, 2), (0.0222222222222225, 1.), .UNSPECIFIED.);
#8814 = CARTESIAN_POINT('', (18.275, 62.4, 23.8));
#8815 = CARTESIAN_POINT('', (18.275, 62.4, 19.4));
#8816 = ORIENTED_EDGE('', *, *, #435, .T.);
#8817 = ORIENTED_EDGE('', *, *, #4362, .F.);
#8818 = ORIENTED_EDGE('', *, *, #4386, .T.);
#8819 = ORIENTED_EDGE('', *, *, #8820, .F.);
#8820 = EDGE_CURVE('', #8821, #4376, #8823, .T.);
#8821 = VERTEX_POINT('', #8822);
#8822 = CARTESIAN_POINT('', (49., 62.4, 14.5));
#8823 = B_SPLINE_CURVE_WITH_KNOTS('', 1, (#8824, #8825), .UNSPECIFIED., .F., .U., (2, 2), (0., 1.), .UNSPECIFIED.);
#8824 = CARTESIAN_POINT('', (49., 62.4, 14.5));
#8825 = CARTESIAN_POINT('', (49., 62.4, 2.09999999999999));
#8826 = ORIENTED_EDGE('', *, *, #8827, .F.);
#8827 = EDGE_CURVE('', #8828, #8821, #8830, .T.);
#8828 = VERTEX_POINT('', #8829);
#8829 = CARTESIAN_POINT('', (3., 62.4, 14.5));
#8830 = B_SPLINE_CURVE_WITH_KNOTS('', 1, (#8831, #8832), .UNSPECIFIED., .F., .U., (2, 2), (0.0182906773446681, 0.953147519405493), .UNSPECIFIED.);
#8831 = CARTESIAN_POINT('', (3., 62.4, 14.5));
#8832 = CARTESIAN_POINT('', (49., 62.4, 14.5));
#8833 = ORIENTED_EDGE('', *, *, #8834, .F.);
#8834 = EDGE_CURVE('', #4588, #8828, #8835, .T.);
#8835 = B_SPLINE_CURVE_WITH_KNOTS('', 1, (#8836, #8837), .UNSPECIFIED., .F., .U., (2, 2), (0., 1.), .UNSPECIFIED.);
#8836 = CARTESIAN_POINT('', (3., 62.4, 2.1));
#8837 = CARTESIAN_POINT('', (3., 62.4, 14.5));
#8838 = ORIENTED_EDGE('', *, *, #4606, .T.);
#8839 = ORIENTED_EDGE('', *, *, #4628, .T.);
#8840 = ORIENTED_EDGE('', *, *, #8841, .T.);
#8841 = EDGE_CURVE('', #4620, #8842, #8844, .T.);
#8842 = VERTEX_POINT('', #8843);
#8843 = CARTESIAN_POINT('', (1.5, 62.4, 16.1));
#8844 = B_SPLINE_CURVE_WITH_KNOTS('', 1, (#8845, #8846), .UNSPECIFIED., .F., .U., (2, 2), (0.538461538461538, 1.), .UNSPECIFIED.);
#8845 = CARTESIAN_POINT('', (2.1, 62.4, 16.1));
#8846 = CARTESIAN_POINT('', (1.5, 62.4, 16.1));
#8847 = ORIENTED_EDGE('', *, *, #8848, .T.);
#8848 = EDGE_CURVE('', #8842, #8774, #8849, .T.);
#8849 = B_SPLINE_CURVE_WITH_KNOTS('', 1, (#8850, #8851), .UNSPECIFIED., .F., .U., (2, 2), (0., 1.), .UNSPECIFIED.);
#8850 = CARTESIAN_POINT('', (1.5, 62.4, 16.1));
#8851 = CARTESIAN_POINT('', (1.5, 62.4, 16.6));
#8852 = B_SPLINE_SURFACE_WITH_KNOTS('', 1, 1, ((#8853, #8854), (#8855, #8856)), .UNSPECIFIED., .F., .F., .U., (2, 2), (2, 2), (0., 1.01140684410646), (0., 1.), .UNSPECIFIED.);
#8853 = CARTESIAN_POINT('', (54.7, 62.4, 2.1));
#8854 = CARTESIAN_POINT('', (54.7, 62.4, 33.5));
#8855 = CARTESIAN_POINT('', (1.5, 62.4, 2.1));
#8856 = CARTESIAN_POINT('', (1.5, 62.4, 33.5));
#8857 = ADVANCED_FACE('', (#8858), #8894, .F.);
#8858 = FACE_OUTER_BOUND('', #8859, .F.);
#8859 = EDGE_LOOP('', (#8860, #8867, #8868, #8873, #8874, #8875, #8882, #8889));
#8860 = ORIENTED_EDGE('', *, *, #8861, .F.);
#8861 = EDGE_CURVE('', #8661, #8862, #8864, .T.);
#8862 = VERTEX_POINT('', #8863);
#8863 = CARTESIAN_POINT('', (2.05, 60.8, 16.1));
#8864 = B_SPLINE_CURVE_WITH_KNOTS('', 1, (#8865, #8866), .UNSPECIFIED., .F., .U., (2, 2), (0., 0.965317919075144), .UNSPECIFIED.);
#8865 = CARTESIAN_POINT('', (2.05, 27.4, 16.1));
#8866 = CARTESIAN_POINT('', (2.05, 60.8, 16.1));
#8867 = ORIENTED_EDGE('', *, *, #8660, .T.);
#8868 = ORIENTED_EDGE('', *, *, #8869, .F.);
#8869 = EDGE_CURVE('', #8842, #8654, #8870, .T.);
#8870 = B_SPLINE_CURVE_WITH_KNOTS('', 1, (#8871, #8872), .UNSPECIFIED., .F., .U., (2, 2), (0., 0.961538461538461), .UNSPECIFIED.);
#8871 = CARTESIAN_POINT('', (1.5, 62.4, 16.1));
#8872 = CARTESIAN_POINT('', (1.5, 27.4, 16.1));
#8873 = ORIENTED_EDGE('', *, *, #8841, .F.);
#8874 = ORIENTED_EDGE('', *, *, #4619, .T.);
#8875 = ORIENTED_EDGE('', *, *, #8876, .F.);
#8876 = EDGE_CURVE('', #8877, #4622, #8879, .T.);
#8877 = VERTEX_POINT('', #8878);
#8878 = CARTESIAN_POINT('', (2.7, 62., 16.1));
#8879 = B_SPLINE_CURVE_WITH_KNOTS('', 1, (#8880, #8881), .UNSPECIFIED., .F., .U., (2, 2), (0., 0.869565217391306), .UNSPECIFIED.);
#8880 = CARTESIAN_POINT('', (2.69999999999999, 62., 16.1));
#8881 = CARTESIAN_POINT('', (1.7, 62., 16.1));
#8882 = ORIENTED_EDGE('', *, *, #8883, .F.);
#8883 = EDGE_CURVE('', #8884, #8877, #8886, .T.);
#8884 = VERTEX_POINT('', #8885);
#8885 = CARTESIAN_POINT('', (2.7, 60.8, 16.1));
#8886 = B_SPLINE_CURVE_WITH_KNOTS('', 1, (#8887, #8888), .UNSPECIFIED., .F., .U., (2, 2), (0., 1.), .UNSPECIFIED.);
#8887 = CARTESIAN_POINT('', (2.7, 60.8, 16.1));
#8888 = CARTESIAN_POINT('', (2.7, 62., 16.1));
#8889 = ORIENTED_EDGE('', *, *, #8890, .F.);
#8890 = EDGE_CURVE('', #8862, #8884, #8891, .T.);
#8891 = B_SPLINE_CURVE_WITH_KNOTS('', 1, (#8892, #8893), .UNSPECIFIED., .F., .U., (2, 2), (0., 1.), .UNSPECIFIED.);
#8892 = CARTESIAN_POINT('', (2.05, 60.8, 16.1));
#8893 = CARTESIAN_POINT('', (2.70000000000001, 60.8, 16.1));
#8894 = B_SPLINE_SURFACE_WITH_KNOTS('', 1, 1, ((#8895, #8896), (#8897, #8898)), .UNSPECIFIED., .F., .F., .U., (2, 2), (2, 2), (0., 1.), (0., 1.), .UNSPECIFIED.);
#8895 = CARTESIAN_POINT('', (22.1827637883543, 24.1672362116457, 16.1));
#8896 = CARTESIAN_POINT('', (22.1827637883543, 64.2327637883543, 16.1));
#8897 = CARTESIAN_POINT('', (-17.8827637883543, 24.1672362116457, 16.1));
#8898 = CARTESIAN_POINT('', (-17.8827637883543, 64.2327637883543, 16.1));
#8899 = ADVANCED_FACE('', (#8900), #8922, .T.);
#8900 = FACE_OUTER_BOUND('', #8901, .T.);
#8901 = EDGE_LOOP('', (#8902, #8903, #8910, #8917));
#8902 = ORIENTED_EDGE('', *, *, #8883, .F.);
#8903 = ORIENTED_EDGE('', *, *, #8904, .F.);
#8904 = EDGE_CURVE('', #8905, #8884, #8907, .T.);
#8905 = VERTEX_POINT('', #8906);
#8906 = CARTESIAN_POINT('', (2.7, 60.8, 13.3));
#8907 = B_SPLINE_CURVE_WITH_KNOTS('', 1, (#8908, #8909), .UNSPECIFIED., .F., .U., (2, 2), (0., 0.903225806451612), .UNSPECIFIED.);
#8908 = CARTESIAN_POINT('', (2.7, 60.8, 13.3));
#8909 = CARTESIAN_POINT('', (2.7, 60.8, 16.1));
#8910 = ORIENTED_EDGE('', *, *, #8911, .T.);
#8911 = EDGE_CURVE('', #8905, #8912, #8914, .T.);
#8912 = VERTEX_POINT('', #8913);
#8913 = CARTESIAN_POINT('', (2.7, 62., 13.3));
#8914 = B_SPLINE_CURVE_WITH_KNOTS('', 1, (#8915, #8916), .UNSPECIFIED., .F., .U., (2, 2), (0., 1.), .UNSPECIFIED.);
#8915 = CARTESIAN_POINT('', (2.7, 60.8, 13.3));
#8916 = CARTESIAN_POINT('', (2.7, 62., 13.3));
#8917 = ORIENTED_EDGE('', *, *, #8918, .T.);
#8918 = EDGE_CURVE('', #8912, #8877, #8919, .T.);
#8919 = B_SPLINE_CURVE_WITH_KNOTS('', 1, (#8920, #8921), .UNSPECIFIED., .F., .U., (2, 2), (0., 0.903225806451612), .UNSPECIFIED.);
#8920 = CARTESIAN_POINT('', (2.7, 62., 13.3));
#8921 = CARTESIAN_POINT('', (2.7, 62., 16.1));
#8922 = B_SPLINE_SURFACE_WITH_KNOTS('', 1, 1, ((#8923, #8924), (#8925, #8926)), .UNSPECIFIED., .F., .F., .U., (2, 2), (2, 2), (0., 1.), (0., 1.), .UNSPECIFIED.);
#8923 = CARTESIAN_POINT('', (2.7, 60.8, 13.3));
#8924 = CARTESIAN_POINT('', (2.7, 60.8, 16.4));
#8925 = CARTESIAN_POINT('', (2.7, 62., 13.3));
#8926 = CARTESIAN_POINT('', (2.7, 62., 16.4));
#8927 = ADVANCED_FACE('', (#8928), #8944, .T.);
#8928 = FACE_OUTER_BOUND('', #8929, .T.);
#8929 = EDGE_LOOP('', (#8930, #8931, #8938, #8943));
#8930 = ORIENTED_EDGE('', *, *, #8890, .F.);
#8931 = ORIENTED_EDGE('', *, *, #8932, .T.);
#8932 = EDGE_CURVE('', #8862, #8933, #8935, .T.);
#8933 = VERTEX_POINT('', #8934);
#8934 = CARTESIAN_POINT('', (2.05, 60.8, 13.3));
#8935 = B_SPLINE_CURVE_WITH_KNOTS('', 1, (#8936, #8937), .UNSPECIFIED., .F., .U., (2, 2), (0.0967741935483874, 1.), .UNSPECIFIED.);
#8936 = CARTESIAN_POINT('', (2.05, 60.8, 16.1));
#8937 = CARTESIAN_POINT('', (2.05, 60.8, 13.3));
#8938 = ORIENTED_EDGE('', *, *, #8939, .T.);
#8939 = EDGE_CURVE('', #8933, #8905, #8940, .T.);
#8940 = B_SPLINE_CURVE_WITH_KNOTS('', 1, (#8941, #8942), .UNSPECIFIED., .F., .U., (2, 2), (0.434782608695652, 1.), .UNSPECIFIED.);
#8941 = CARTESIAN_POINT('', (2.05, 60.8, 13.3));
#8942 = CARTESIAN_POINT('', (2.7, 60.8, 13.3));
#8943 = ORIENTED_EDGE('', *, *, #8904, .T.);
#8944 = B_SPLINE_SURFACE_WITH_KNOTS('', 1, 1, ((#8945, #8946), (#8947, #8948)), .UNSPECIFIED., .F., .F., .U., (2, 2), (2, 2), (0., 1.), (0., 1.), .UNSPECIFIED.);
#8945 = CARTESIAN_POINT('', (1.55, 60.8, 13.3));
#8946 = CARTESIAN_POINT('', (1.55, 60.8, 16.4));
#8947 = CARTESIAN_POINT('', (2.7, 60.8, 13.3));
#8948 = CARTESIAN_POINT('', (2.7, 60.8, 16.4));
#8949 = ADVANCED_FACE('', (#8950), #8966, .T.);
#8950 = FACE_OUTER_BOUND('', #8951, .T.);
#8951 = EDGE_LOOP('', (#8952, #8959, #8964, #8965));
#8952 = ORIENTED_EDGE('', *, *, #8953, .T.);
#8953 = EDGE_CURVE('', #8933, #8954, #8956, .T.);
#8954 = VERTEX_POINT('', #8955);
#8955 = CARTESIAN_POINT('', (2.05, 62., 13.3));
#8956 = B_SPLINE_CURVE_WITH_KNOTS('', 1, (#8957, #8958), .UNSPECIFIED., .F., .U., (2, 2), (0.207472141599637, 1.), .UNSPECIFIED.);
#8957 = CARTESIAN_POINT('', (2.05, 60.8, 13.3));
#8958 = CARTESIAN_POINT('', (2.05, 62., 13.3));
#8959 = ORIENTED_EDGE('', *, *, #8960, .F.);
#8960 = EDGE_CURVE('', #8912, #8954, #8961, .T.);
#8961 = B_SPLINE_CURVE_WITH_KNOTS('', 1, (#8962, #8963), .UNSPECIFIED., .F., .U., (2, 2), (0., 0.565217391304348), .UNSPECIFIED.);
#8962 = CARTESIAN_POINT('', (2.7, 62., 13.3));
#8963 = CARTESIAN_POINT('', (2.05, 62., 13.3));
#8964 = ORIENTED_EDGE('', *, *, #8911, .F.);
#8965 = ORIENTED_EDGE('', *, *, #8939, .F.);
#8966 = B_SPLINE_SURFACE_WITH_KNOTS('', 1, 1, ((#8967, #8968), (#8969, #8970)), .UNSPECIFIED., .F., .F., .U., (2, 2), (2, 2), (0., 1.), (0., 1.), .UNSPECIFIED.);
#8967 = CARTESIAN_POINT('', (3.03914235762271, 60.4858576423773, 13.3));
#8968 = CARTESIAN_POINT('', (3.03914235762271, 62.3141423576227, 13.3));
#8969 = CARTESIAN_POINT('', (1.21085764237729, 60.4858576423773, 13.3));
#8970 = CARTESIAN_POINT('', (1.21085764237729, 62.3141423576227, 13.3));
#8971 = ADVANCED_FACE('', (#8972), #8984, .T.);
#8972 = FACE_OUTER_BOUND('', #8973, .T.);
#8973 = EDGE_LOOP('', (#8974, #8975, #8976, #8977, #8982, #8983));
#8974 = ORIENTED_EDGE('', *, *, #8876, .F.);
#8975 = ORIENTED_EDGE('', *, *, #8918, .F.);
#8976 = ORIENTED_EDGE('', *, *, #8960, .T.);
#8977 = ORIENTED_EDGE('', *, *, #8978, .F.);
#8978 = EDGE_CURVE('', #4683, #8954, #8979, .T.);
#8979 = B_SPLINE_CURVE_WITH_KNOTS('', 1, (#8980, #8981), .UNSPECIFIED., .F., .U., (2, 2), (0., 0.0882352941176473), .UNSPECIFIED.);
#8980 = CARTESIAN_POINT('', (2.05, 62., 13.));
#8981 = CARTESIAN_POINT('', (2.05, 62., 13.3));
#8982 = ORIENTED_EDGE('', *, *, #4682, .T.);
#8983 = ORIENTED_EDGE('', *, *, #4654, .F.);
#8984 = B_SPLINE_SURFACE_WITH_KNOTS('', 1, 1, ((#8985, #8986), (#8987, #8988)), .UNSPECIFIED., .F., .F., .U., (2, 2), (2, 2), (-1.3, 1.), (0., 1.), .UNSPECIFIED.);
#8985 = CARTESIAN_POINT('', (2.7, 62., 13.));
#8986 = CARTESIAN_POINT('', (2.7, 62., 16.4));
#8987 = CARTESIAN_POINT('', (1.55, 62., 13.));
#8988 = CARTESIAN_POINT('', (1.55, 62., 16.4));
#8989 = ADVANCED_FACE('', (#8990), #8998, .T.);
#8990 = FACE_OUTER_BOUND('', #8991, .T.);
#8991 = EDGE_LOOP('', (#8992, #8993, #8994, #8995, #8996, #8997));
#8992 = ORIENTED_EDGE('', *, *, #8861, .F.);
#8993 = ORIENTED_EDGE('', *, *, #8667, .F.);
#8994 = ORIENTED_EDGE('', *, *, #4689, .T.);
#8995 = ORIENTED_EDGE('', *, *, #8978, .T.);
#8996 = ORIENTED_EDGE('', *, *, #8953, .F.);
#8997 = ORIENTED_EDGE('', *, *, #8932, .F.);
#8998 = B_SPLINE_SURFACE_WITH_KNOTS('', 1, 1, ((#8999, #9000), (#9001, #9002)), .UNSPECIFIED., .F., .F., .U., (2, 2), (2, 2), (0., 1.), (0., 1.), .UNSPECIFIED.);
#8999 = CARTESIAN_POINT('', (2.05, 24., 13.));
#9000 = CARTESIAN_POINT('', (2.05, 24., 16.4));
#9001 = CARTESIAN_POINT('', (2.05, 62., 13.));
#9002 = CARTESIAN_POINT('', (2.05, 62., 16.4));
#9003 = ADVANCED_FACE('', (#9004), #9014, .F.);
#9004 = FACE_OUTER_BOUND('', #9005, .F.);
#9005 = EDGE_LOOP('', (#9006, #9007, #9012, #9013));
#9006 = ORIENTED_EDGE('', *, *, #8653, .T.);
#9007 = ORIENTED_EDGE('', *, *, #9008, .F.);
#9008 = EDGE_CURVE('', #8774, #8645, #9009, .T.);
#9009 = B_SPLINE_CURVE_WITH_KNOTS('', 1, (#9010, #9011), .UNSPECIFIED., .F., .U., (2, 2), (0., 0.961538461538461), .UNSPECIFIED.);
#9010 = CARTESIAN_POINT('', (1.5, 62.4, 16.6));
#9011 = CARTESIAN_POINT('', (1.5, 27.4, 16.6));
#9012 = ORIENTED_EDGE('', *, *, #8848, .F.);
#9013 = ORIENTED_EDGE('', *, *, #8869, .T.);
#9014 = B_SPLINE_SURFACE_WITH_KNOTS('', 1, 1, ((#9015, #9016), (#9017, #9018)), .UNSPECIFIED., .F., .F., .U., (2, 2), (2, 2), (0., 1.), (0., 1.), .UNSPECIFIED.);
#9015 = CARTESIAN_POINT('', (1.5, 62.4, 16.1));
#9016 = CARTESIAN_POINT('', (1.5, 62.4, 16.6));
#9017 = CARTESIAN_POINT('', (1.5, 26., 16.1));
#9018 = CARTESIAN_POINT('', (1.5, 26., 16.6));
#9019 = ADVANCED_FACE('', (#9020), #9031, .F.);
#9020 = FACE_OUTER_BOUND('', #9021, .F.);
#9021 = EDGE_LOOP('', (#9022, #9027, #9028, #9029, #9030));
#9022 = ORIENTED_EDGE('', *, *, #9023, .T.);
#9023 = EDGE_CURVE('', #8647, #8746, #9024, .T.);
#9024 = B_SPLINE_CURVE_WITH_KNOTS('', 1, (#9025, #9026), .UNSPECIFIED., .F., .U., (2, 2), (0., 1.), .UNSPECIFIED.);
#9025 = CARTESIAN_POINT('', (1.6, 27.4, 16.6));
#9026 = CARTESIAN_POINT('', (1.6, 61.9, 16.6));
#9027 = ORIENTED_EDGE('', *, *, #8745, .T.);
#9028 = ORIENTED_EDGE('', *, *, #8773, .T.);
#9029 = ORIENTED_EDGE('', *, *, #9008, .T.);
#9030 = ORIENTED_EDGE('', *, *, #8644, .T.);
#9031 = B_SPLINE_SURFACE_WITH_KNOTS('', 1, 1, ((#9032, #9033), (#9034, #9035)), .UNSPECIFIED., .F., .F., .U., (2, 2), (2, 2), (0., 1.), (0., 1.), .UNSPECIFIED.);
#9032 = CARTESIAN_POINT('', (22.1827637883543, 24.1672362116457, 16.6));
#9033 = CARTESIAN_POINT('', (-17.8827637883543, 24.1672362116457, 16.6));
#9034 = CARTESIAN_POINT('', (22.1827637883543, 64.2327637883543, 16.6));
#9035 = CARTESIAN_POINT('', (-17.8827637883543, 64.2327637883543, 16.6));
#9036 = ADVANCED_FACE('', (#9037), #9043, .F.);
#9037 = FACE_OUTER_BOUND('', #9038, .F.);
#9038 = EDGE_LOOP('', (#9039, #9040, #9041, #9042));
#9039 = ORIENTED_EDGE('', *, *, #9023, .F.);
#9040 = ORIENTED_EDGE('', *, *, #8687, .F.);
#9041 = ORIENTED_EDGE('', *, *, #8701, .T.);
#9042 = ORIENTED_EDGE('', *, *, #8754, .F.);
#9043 = B_SPLINE_SURFACE_WITH_KNOTS('', 1, 1, ((#9044, #9045), (#9046, #9047)), .UNSPECIFIED., .F., .F., .U., (2, 2), (2, 2), (-1.6, 1.), (0., 1.40178571428571), .UNSPECIFIED.);
#9044 = CARTESIAN_POINT('', (1.6, 61.9, 2.1));
#9045 = CARTESIAN_POINT('', (1.6, 61.9, 33.5));
#9046 = CARTESIAN_POINT('', (1.6, 2.1, 2.1));
#9047 = CARTESIAN_POINT('', (1.6, 2.1, 33.5));
#9048 = ADVANCED_FACE('', (#9049), #9081, .T.);
#9049 = FACE_OUTER_BOUND('', #9050, .T.);
#9050 = EDGE_LOOP('', (#9051, #9060, #9065, #9066, #9067, #9068, #9069, #9076));
#9051 = ORIENTED_EDGE('', *, *, #9052, .T.);
#9052 = EDGE_CURVE('', #9053, #9055, #9057, .T.);
#9053 = VERTEX_POINT('', #9054);
#9054 = CARTESIAN_POINT('', (3., 61., 13.3));
#9055 = VERTEX_POINT('', #9056);
#9056 = CARTESIAN_POINT('', (3., 61., 14.5));
#9057 = B_SPLINE_CURVE_WITH_KNOTS('', 1, (#9058, #9059), .UNSPECIFIED., .F., .U., (2, 2), (0., 1.), .UNSPECIFIED.);
#9058 = CARTESIAN_POINT('', (3., 61., 13.3));
#9059 = CARTESIAN_POINT('', (3., 61., 14.5));
#9060 = ORIENTED_EDGE('', *, *, #9061, .F.);
#9061 = EDGE_CURVE('', #8828, #9055, #9062, .T.);
#9062 = B_SPLINE_CURVE_WITH_KNOTS('', 1, (#9063, #9064), .UNSPECIFIED., .F., .U., (2, 2), (0.0526315789473802, 1.52631578947368), .UNSPECIFIED.);
#9063 = CARTESIAN_POINT('', (3., 62.4, 14.5));
#9064 = CARTESIAN_POINT('', (3., 61., 14.5));
#9065 = ORIENTED_EDGE('', *, *, #8834, .F.);
#9066 = ORIENTED_EDGE('', *, *, #4587, .T.);
#9067 = ORIENTED_EDGE('', *, *, #4505, .T.);
#9068 = ORIENTED_EDGE('', *, *, #4449, .T.);
#9069 = ORIENTED_EDGE('', *, *, #9070, .T.);
#9070 = EDGE_CURVE('', #4452, #9071, #9073, .T.);
#9071 = VERTEX_POINT('', #9072);
#9072 = CARTESIAN_POINT('', (3., 61.5, 13.3));
#9073 = B_SPLINE_CURVE_WITH_KNOTS('', 1, (#9074, #9075), .UNSPECIFIED., .F., .U., (2, 2), (0.189189189189189, 0.907335907335907), .UNSPECIFIED.);
#9074 = CARTESIAN_POINT('', (3., 61.5, 4.));
#9075 = CARTESIAN_POINT('', (3., 61.5, 13.3));
#9076 = ORIENTED_EDGE('', *, *, #9077, .T.);
#9077 = EDGE_CURVE('', #9071, #9053, #9078, .T.);
#9078 = B_SPLINE_CURVE_WITH_KNOTS('', 1, (#9079, #9080), .UNSPECIFIED., .F., .U., (2, 2), (0.642857142857142, 1.), .UNSPECIFIED.);
#9079 = CARTESIAN_POINT('', (3., 61.5, 13.3));
#9080 = CARTESIAN_POINT('', (3., 61., 13.3));
#9081 = B_SPLINE_SURFACE_WITH_KNOTS('', 1, 1, ((#9082, #9083), (#9084, #9085)), .UNSPECIFIED., .F., .F., .U., (2, 2), (2, 2), (-0.0357142857142888, 1.), (-9.79166666666667, 1.), .UNSPECIFIED.);
#9082 = CARTESIAN_POINT('', (3., 62.45, 1.55));
#9083 = CARTESIAN_POINT('', (3., 62.45, 14.5));
#9084 = CARTESIAN_POINT('', (3., 61., 1.55));
#9085 = CARTESIAN_POINT('', (3., 61., 14.5));
#9086 = ADVANCED_FACE('', (#9087), #9103, .T.);
#9087 = FACE_OUTER_BOUND('', #9088, .T.);
#9088 = EDGE_LOOP('', (#9089, #9096, #9101, #9102));
#9089 = ORIENTED_EDGE('', *, *, #9090, .T.);
#9090 = EDGE_CURVE('', #9055, #9091, #9093, .T.);
#9091 = VERTEX_POINT('', #9092);
#9092 = CARTESIAN_POINT('', (49., 61., 14.5));
#9093 = B_SPLINE_CURVE_WITH_KNOTS('', 1, (#9094, #9095), .UNSPECIFIED., .F., .U., (2, 2), (0., 1.), .UNSPECIFIED.);
#9094 = CARTESIAN_POINT('', (3., 61., 14.5));
#9095 = CARTESIAN_POINT('', (49., 61., 14.5));
#9096 = ORIENTED_EDGE('', *, *, #9097, .T.);
#9097 = EDGE_CURVE('', #9091, #8821, #9098, .T.);
#9098 = B_SPLINE_CURVE_WITH_KNOTS('', 1, (#9099, #9100), .UNSPECIFIED., .F., .U., (2, 2), (-0.526315789473683, 0.947368421052635), .UNSPECIFIED.);
#9099 = CARTESIAN_POINT('', (49., 61., 14.5));
#9100 = CARTESIAN_POINT('', (49., 62.4, 14.5));
#9101 = ORIENTED_EDGE('', *, *, #8827, .F.);
#9102 = ORIENTED_EDGE('', *, *, #9061, .T.);
#9103 = B_SPLINE_SURFACE_WITH_KNOTS('', 1, 1, ((#9104, #9105), (#9106, #9107)), .UNSPECIFIED., .F., .F., .U., (2, 2), (2, 2), (0., 1.00530742641279), (0., 1.), .UNSPECIFIED.);
#9104 = CARTESIAN_POINT('', (51.3117146791757, 36.3882853208243, 14.5));
#9105 = CARTESIAN_POINT('', (0.688285320824271, 36.3882853208243, 14.5));
#9106 = CARTESIAN_POINT('', (51.3117146791757, 87.2803948052584, 14.5));
#9107 = CARTESIAN_POINT('', (0.688285320824271, 87.2803948052584, 14.5));
#9108 = ADVANCED_FACE('', (#9109), #9135, .T.);
#9109 = FACE_OUTER_BOUND('', #9110, .T.);
#9110 = EDGE_LOOP('', (#9111, #9120, #9125, #9126, #9127, #9128, #9129, #9130));
#9111 = ORIENTED_EDGE('', *, *, #9112, .T.);
#9112 = EDGE_CURVE('', #9113, #9115, #9117, .T.);
#9113 = VERTEX_POINT('', #9114);
#9114 = CARTESIAN_POINT('', (49., 61., 13.3));
#9115 = VERTEX_POINT('', #9116);
#9116 = CARTESIAN_POINT('', (49., 61.5, 13.3));
#9117 = B_SPLINE_CURVE_WITH_KNOTS('', 1, (#9118, #9119), .UNSPECIFIED., .F., .U., (2, 2), (0., 0.357142857142858), .UNSPECIFIED.);
#9118 = CARTESIAN_POINT('', (49., 61., 13.3));
#9119 = CARTESIAN_POINT('', (49., 61.5, 13.3));
#9120 = ORIENTED_EDGE('', *, *, #9121, .F.);
#9121 = EDGE_CURVE('', #4486, #9115, #9122, .T.);
#9122 = B_SPLINE_CURVE_WITH_KNOTS('', 1, (#9123, #9124), .UNSPECIFIED., .F., .U., (2, 2), (0.189189189189189, 0.907335907335908), .UNSPECIFIED.);
#9123 = CARTESIAN_POINT('', (49., 61.5, 4.));
#9124 = CARTESIAN_POINT('', (49., 61.5, 13.3));
#9125 = ORIENTED_EDGE('', *, *, #4485, .T.);
#9126 = ORIENTED_EDGE('', *, *, #4421, .T.);
#9127 = ORIENTED_EDGE('', *, *, #4375, .F.);
#9128 = ORIENTED_EDGE('', *, *, #8820, .F.);
#9129 = ORIENTED_EDGE('', *, *, #9097, .F.);
#9130 = ORIENTED_EDGE('', *, *, #9131, .F.);
#9131 = EDGE_CURVE('', #9113, #9091, #9132, .T.);
#9132 = B_SPLINE_CURVE_WITH_KNOTS('', 1, (#9133, #9134), .UNSPECIFIED., .F., .U., (2, 2), (0., 1.), .UNSPECIFIED.);
#9133 = CARTESIAN_POINT('', (49., 61., 13.3));
#9134 = CARTESIAN_POINT('', (49., 61., 14.5));
#9135 = B_SPLINE_SURFACE_WITH_KNOTS('', 1, 1, ((#9136, #9137), (#9138, #9139)), .UNSPECIFIED., .F., .F., .U., (2, 2), (2, 2), (-0.526315789473683, 1.), (0., 1.), .UNSPECIFIED.);
#9136 = CARTESIAN_POINT('', (49., 61., 1.55));
#9137 = CARTESIAN_POINT('', (49., 61., 14.5));
#9138 = CARTESIAN_POINT('', (49., 62.45, 1.55));
#9139 = CARTESIAN_POINT('', (49., 62.45, 14.5));
#9140 = ADVANCED_FACE('', (#9141), #9151, .T.);
#9141 = FACE_OUTER_BOUND('', #9142, .T.);
#9142 = EDGE_LOOP('', (#9143, #9144, #9149, #9150));
#9143 = ORIENTED_EDGE('', *, *, #9052, .F.);
#9144 = ORIENTED_EDGE('', *, *, #9145, .T.);
#9145 = EDGE_CURVE('', #9053, #9113, #9146, .T.);
#9146 = B_SPLINE_CURVE_WITH_KNOTS('', 1, (#9147, #9148), .UNSPECIFIED., .F., .U., (2, 2), (0., 1.), .UNSPECIFIED.);
#9147 = CARTESIAN_POINT('', (3., 61., 13.3));
#9148 = CARTESIAN_POINT('', (49., 61., 13.3));
#9149 = ORIENTED_EDGE('', *, *, #9131, .T.);
#9150 = ORIENTED_EDGE('', *, *, #9090, .F.);
#9151 = B_SPLINE_SURFACE_WITH_KNOTS('', 1, 1, ((#9152, #9153), (#9154, #9155)), .UNSPECIFIED., .F., .F., .U., (2, 2), (2, 2), (0., 1.), (0., 1.), .UNSPECIFIED.);
#9152 = CARTESIAN_POINT('', (3., 61., 13.3));
#9153 = CARTESIAN_POINT('', (3., 61., 14.5));
#9154 = CARTESIAN_POINT('', (49., 61., 13.3));
#9155 = CARTESIAN_POINT('', (49., 61., 14.5));
#9156 = ADVANCED_FACE('', (#9157), #9167, .T.);
#9157 = FACE_OUTER_BOUND('', #9158, .T.);
#9158 = EDGE_LOOP('', (#9159, #9164, #9165, #9166));
#9159 = ORIENTED_EDGE('', *, *, #9160, .T.);
#9160 = EDGE_CURVE('', #9071, #9115, #9161, .T.);
#9161 = B_SPLINE_CURVE_WITH_KNOTS('', 1, (#9162, #9163), .UNSPECIFIED., .F., .U., (2, 2), (0., 1.), .UNSPECIFIED.);
#9162 = CARTESIAN_POINT('', (3., 61.5, 13.3));
#9163 = CARTESIAN_POINT('', (49., 61.5, 13.3));
#9164 = ORIENTED_EDGE('', *, *, #9112, .F.);
#9165 = ORIENTED_EDGE('', *, *, #9145, .F.);
#9166 = ORIENTED_EDGE('', *, *, #9077, .F.);
#9167 = B_SPLINE_SURFACE_WITH_KNOTS('', 1, 1, ((#9168, #9169), (#9170, #9171)), .UNSPECIFIED., .F., .F., .U., (2, 2), (2, 2), (0., 1.), (0., 1.), .UNSPECIFIED.);
#9168 = CARTESIAN_POINT('', (51.3117146791757, 36.3882853208243, 13.3));
#9169 = CARTESIAN_POINT('', (51.3117146791757, 87.0117146791757, 13.3));
#9170 = CARTESIAN_POINT('', (0.688285320824271, 36.3882853208243, 13.3));
#9171 = CARTESIAN_POINT('', (0.688285320824271, 87.0117146791757, 13.3));
#9172 = ADVANCED_FACE('', (#9173), #9179, .T.);
#9173 = FACE_OUTER_BOUND('', #9174, .T.);
#9174 = EDGE_LOOP('', (#9175, #9176, #9177, #9178));
#9175 = ORIENTED_EDGE('', *, *, #9160, .F.);
#9176 = ORIENTED_EDGE('', *, *, #9070, .F.);
#9177 = ORIENTED_EDGE('', *, *, #4492, .T.);
#9178 = ORIENTED_EDGE('', *, *, #9121, .T.);
#9179 = B_SPLINE_SURFACE_WITH_KNOTS('', 1, 1, ((#9180, #9181), (#9182, #9183)), .UNSPECIFIED., .F., .F., .U., (2, 2), (2, 2), (0., 1.), (0., 1.), .UNSPECIFIED.);
#9180 = CARTESIAN_POINT('', (3., 61.5, 1.55));
#9181 = CARTESIAN_POINT('', (3., 61.5, 14.5));
#9182 = CARTESIAN_POINT('', (49., 61.5, 1.55));
#9183 = CARTESIAN_POINT('', (49., 61.5, 14.5));
#9184 = ADVANCED_FACE('', (#9185), #9201, .F.);
#9185 = FACE_OUTER_BOUND('', #9186, .F.);
#9186 = EDGE_LOOP('', (#9187, #9188, #9189, #9196));
#9187 = ORIENTED_EDGE('', *, *, #428, .T.);
#9188 = ORIENTED_EDGE('', *, *, #8812, .T.);
#9189 = ORIENTED_EDGE('', *, *, #9190, .T.);
#9190 = EDGE_CURVE('', #8805, #9191, #9193, .T.);
#9191 = VERTEX_POINT('', #9192);
#9192 = CARTESIAN_POINT('', (18.275, 63.5, 19.4));
#9193 = B_SPLINE_CURVE_WITH_KNOTS('', 1, (#9194, #9195), .UNSPECIFIED., .F., .U., (2, 2), (0.999999999999993, 2.1), .UNSPECIFIED.);
#9194 = CARTESIAN_POINT('', (18.275, 62.4, 19.4));
#9195 = CARTESIAN_POINT('', (18.275, 63.5, 19.4));
#9196 = ORIENTED_EDGE('', *, *, #9197, .T.);
#9197 = EDGE_CURVE('', #9191, #422, #9198, .T.);
#9198 = B_SPLINE_CURVE_WITH_KNOTS('', 1, (#9199, #9200), .UNSPECIFIED., .F., .U., (2, 2), (0., 0.814814814814815), .UNSPECIFIED.);
#9199 = CARTESIAN_POINT('', (18.275, 63.5, 19.4));
#9200 = CARTESIAN_POINT('', (18.275, 63.5, 23.8));
#9201 = B_SPLINE_SURFACE_WITH_KNOTS('', 1, 1, ((#9202, #9203), (#9204, #9205)), .UNSPECIFIED., .F., .F., .U., (2, 2), (2, 2), (-0.525, 1.), (-1.95, 1.), .UNSPECIFIED.);
#9202 = CARTESIAN_POINT('', (18.275, 61.4, 19.4));
#9203 = CARTESIAN_POINT('', (18.275, 61.4, 25.3));
#9204 = CARTESIAN_POINT('', (18.275, 67.5, 19.4));
#9205 = CARTESIAN_POINT('', (18.275, 67.5, 25.3));
#9206 = ADVANCED_FACE('', (#9207), #9289, .F.);
#9207 = FACE_OUTER_BOUND('', #9208, .F.);
#9208 = EDGE_LOOP('', (#9209, #9219, #9224, #9232, #9239, #9247, #9254, #9262, #9269, #9275, #9276, #9284));
#9209 = ORIENTED_EDGE('', *, *, #9210, .T.);
#9210 = EDGE_CURVE('', #9211, #9213, #9215, .T.);
#9211 = VERTEX_POINT('', #9212);
#9212 = CARTESIAN_POINT('', (9.475, 63.5, 18.4));
#9213 = VERTEX_POINT('', #9214);
#9214 = CARTESIAN_POINT('', (8.47499999999997, 63.5, 19.4));
#9215 = (
   BOUNDED_CURVE ()
   B_SPLINE_CURVE (2, (#9216, #9217, #9218), .UNSPECIFIED., .F., .U.)
   B_SPLINE_CURVE_WITH_KNOTS ((3, 3), (0., 1.), .UNSPECIFIED.)
   CURVE ()
   GEOMETRIC_REPRESENTATION_ITEM ()
   RATIONAL_B_SPLINE_CURVE ((1., 0.707106781186524, 1.))
   REPRESENTATION_ITEM ('')
);
#9216 = CARTESIAN_POINT('', (9.475, 63.5, 18.4));
#9217 = CARTESIAN_POINT('', (8.47499999999995, 63.5, 18.4));
#9218 = CARTESIAN_POINT('', (8.47499999999997, 63.5, 19.4));
#9219 = ORIENTED_EDGE('', *, *, #9220, .F.);
#9220 = EDGE_CURVE('', #8723, #9213, #9221, .T.);
#9221 = B_SPLINE_CURVE_WITH_KNOTS('', 1, (#9222, #9223), .UNSPECIFIED., .F., .U., (2, 2), (0.185185185185185, 1.), .UNSPECIFIED.);
#9222 = CARTESIAN_POINT('', (8.475, 63.5, 23.8));
#9223 = CARTESIAN_POINT('', (8.475, 63.5, 19.4));
#9224 = ORIENTED_EDGE('', *, *, #9225, .F.);
#9225 = EDGE_CURVE('', #9226, #8723, #9228, .T.);
#9226 = VERTEX_POINT('', #9227);
#9227 = CARTESIAN_POINT('', (6.875, 63.5, 22.2));
#9228 = (
   BOUNDED_CURVE ()
   B_SPLINE_CURVE (2, (#9229, #9230, #9231), .UNSPECIFIED., .F., .U.)
   B_SPLINE_CURVE_WITH_KNOTS ((3, 3), (0., 1.), .UNSPECIFIED.)
   CURVE ()
   GEOMETRIC_REPRESENTATION_ITEM ()
   RATIONAL_B_SPLINE_CURVE ((1., 0.707106781186533, 1.))
   REPRESENTATION_ITEM ('')
);
#9229 = CARTESIAN_POINT('', (6.875, 63.5, 22.2));
#9230 = CARTESIAN_POINT('', (6.87499999999995, 63.5, 23.8000000000001));
#9231 = CARTESIAN_POINT('', (8.475, 63.5, 23.8));
#9232 = ORIENTED_EDGE('', *, *, #9233, .T.);
#9233 = EDGE_CURVE('', #9226, #9234, #9236, .T.);
#9234 = VERTEX_POINT('', #9235);
#9235 = CARTESIAN_POINT('', (6.875, 63.5, 18.3));
#9236 = B_SPLINE_CURVE_WITH_KNOTS('', 1, (#9237, #9238), .UNSPECIFIED., .F., .U., (2, 2), (0., 1.), .UNSPECIFIED.);
#9237 = CARTESIAN_POINT('', (6.875, 63.5, 22.2));
#9238 = CARTESIAN_POINT('', (6.875, 63.5, 18.3));
#9239 = ORIENTED_EDGE('', *, *, #9240, .F.);
#9240 = EDGE_CURVE('', #9241, #9234, #9243, .T.);
#9241 = VERTEX_POINT('', #9242);
#9242 = CARTESIAN_POINT('', (8.475, 63.5, 16.7));
#9243 = (
   BOUNDED_CURVE ()
   B_SPLINE_CURVE (2, (#9244, #9245, #9246), .UNSPECIFIED., .F., .U.)
   B_SPLINE_CURVE_WITH_KNOTS ((3, 3), (0., 1.), .UNSPECIFIED.)
   CURVE ()
   GEOMETRIC_REPRESENTATION_ITEM ()
   RATIONAL_B_SPLINE_CURVE ((1., 0.707106781186559, 1.))
   REPRESENTATION_ITEM ('')
);
#9244 = CARTESIAN_POINT('', (8.475, 63.5, 16.7));
#9245 = CARTESIAN_POINT('', (6.87500000000004, 63.5, 16.7));
#9246 = CARTESIAN_POINT('', (6.87500000000002, 63.5, 18.3));
#9247 = ORIENTED_EDGE('', *, *, #9248, .T.);
#9248 = EDGE_CURVE('', #9241, #9249, #9251, .T.);
#9249 = VERTEX_POINT('', #9250);
#9250 = CARTESIAN_POINT('', (18.275, 63.5, 16.7));
#9251 = B_SPLINE_CURVE_WITH_KNOTS('', 1, (#9252, #9253), .UNSPECIFIED., .F., .U., (2, 2), (0., 1.), .UNSPECIFIED.);
#9252 = CARTESIAN_POINT('', (8.475, 63.5, 16.7));
#9253 = CARTESIAN_POINT('', (18.275, 63.5, 16.7));
#9254 = ORIENTED_EDGE('', *, *, #9255, .F.);
#9255 = EDGE_CURVE('', #9256, #9249, #9258, .T.);
#9256 = VERTEX_POINT('', #9257);
#9257 = CARTESIAN_POINT('', (19.875, 63.5, 18.3));
#9258 = (
   BOUNDED_CURVE ()
   B_SPLINE_CURVE (2, (#9259, #9260, #9261), .UNSPECIFIED., .F., .U.)
   B_SPLINE_CURVE_WITH_KNOTS ((3, 3), (0., 1.), .UNSPECIFIED.)
   CURVE ()
   GEOMETRIC_REPRESENTATION_ITEM ()
   RATIONAL_B_SPLINE_CURVE ((1., 0.707106781186542, 1.))
   REPRESENTATION_ITEM ('')
);
#9259 = CARTESIAN_POINT('', (19.875, 63.5, 18.3));
#9260 = CARTESIAN_POINT('', (19.875, 63.5, 16.7));
#9261 = CARTESIAN_POINT('', (18.275, 63.5, 16.7));
#9262 = ORIENTED_EDGE('', *, *, #9263, .T.);
#9263 = EDGE_CURVE('', #9256, #9264, #9266, .T.);
#9264 = VERTEX_POINT('', #9265);
#9265 = CARTESIAN_POINT('', (19.875, 63.5, 22.2));
#9266 = B_SPLINE_CURVE_WITH_KNOTS('', 1, (#9267, #9268), .UNSPECIFIED., .F., .U., (2, 2), (0., 1.), .UNSPECIFIED.);
#9267 = CARTESIAN_POINT('', (19.875, 63.5, 18.3));
#9268 = CARTESIAN_POINT('', (19.875, 63.5, 22.2));
#9269 = ORIENTED_EDGE('', *, *, #9270, .F.);
#9270 = EDGE_CURVE('', #422, #9264, #9271, .T.);
#9271 = (
   BOUNDED_CURVE ()
   B_SPLINE_CURVE (2, (#9272, #9273, #9274), .UNSPECIFIED., .F., .U.)
   B_SPLINE_CURVE_WITH_KNOTS ((3, 3), (0., 1.), .UNSPECIFIED.)
   CURVE ()
   GEOMETRIC_REPRESENTATION_ITEM ()
   RATIONAL_B_SPLINE_CURVE ((1., 0.70710678118652, 1.))
   REPRESENTATION_ITEM ('')
);
#9272 = CARTESIAN_POINT('', (18.275, 63.5, 23.8));
#9273 = CARTESIAN_POINT('', (19.8750000000001, 63.5, 23.8000000000001));
#9274 = CARTESIAN_POINT('', (19.8750000000001, 63.5, 22.2));
#9275 = ORIENTED_EDGE('', *, *, #9197, .F.);
#9276 = ORIENTED_EDGE('', *, *, #9277, .T.);
#9277 = EDGE_CURVE('', #9191, #9278, #9280, .T.);
#9278 = VERTEX_POINT('', #9279);
#9279 = CARTESIAN_POINT('', (17.275, 63.5, 18.4));
#9280 = (
   BOUNDED_CURVE ()
   B_SPLINE_CURVE (2, (#9281, #9282, #9283), .UNSPECIFIED., .F., .U.)
   B_SPLINE_CURVE_WITH_KNOTS ((3, 3), (0., 1.), .UNSPECIFIED.)
   CURVE ()
   GEOMETRIC_REPRESENTATION_ITEM ()
   RATIONAL_B_SPLINE_CURVE ((1., 0.707106781186522, 1.))
   REPRESENTATION_ITEM ('')
);
#9281 = CARTESIAN_POINT('', (18.275, 63.5, 19.4));
#9282 = CARTESIAN_POINT('', (18.2750000000001, 63.5, 18.3999999999999));
#9283 = CARTESIAN_POINT('', (17.275, 63.5, 18.4));
#9284 = ORIENTED_EDGE('', *, *, #9285, .F.);
#9285 = EDGE_CURVE('', #9211, #9278, #9286, .T.);
#9286 = B_SPLINE_CURVE_WITH_KNOTS('', 1, (#9287, #9288), .UNSPECIFIED., .F., .U., (2, 2), (0., 1.), .UNSPECIFIED.);
#9287 = CARTESIAN_POINT('', (9.475, 63.5, 18.4));
#9288 = CARTESIAN_POINT('', (17.275, 63.5, 18.4));
#9289 = B_SPLINE_SURFACE_WITH_KNOTS('', 1, 1, ((#9290, #9291), (#9292, #9293)), .UNSPECIFIED., .F., .F., .U., (2, 2), (2, 2), (0., 1.), (0., 1.), .UNSPECIFIED.);
#9290 = CARTESIAN_POINT('', (21.5218720991557, 63.5, 12.1031279008444));
#9291 = CARTESIAN_POINT('', (5.22812790084436, 63.5, 12.1031279008444));
#9292 = CARTESIAN_POINT('', (21.5218720991557, 63.5, 28.3968720991557));
#9293 = CARTESIAN_POINT('', (5.22812790084436, 63.5, 28.3968720991557));
#9294 = ADVANCED_FACE('', (#9295), #9305, .F.);
#9295 = FACE_OUTER_BOUND('', #9296, .F.);
#9296 = EDGE_LOOP('', (#9297, #9298, #9303, #9304));
#9297 = ORIENTED_EDGE('', *, *, #8804, .T.);
#9298 = ORIENTED_EDGE('', *, *, #9299, .T.);
#9299 = EDGE_CURVE('', #8798, #9278, #9300, .T.);
#9300 = B_SPLINE_CURVE_WITH_KNOTS('', 1, (#9301, #9302), .UNSPECIFIED., .F., .U., (2, 2), (0.999999999999993, 2.1), .UNSPECIFIED.);
#9301 = CARTESIAN_POINT('', (17.275, 62.4, 18.4));
#9302 = CARTESIAN_POINT('', (17.275, 63.5, 18.4));
#9303 = ORIENTED_EDGE('', *, *, #9277, .F.);
#9304 = ORIENTED_EDGE('', *, *, #9190, .F.);
#9305 = (
   BOUNDED_SURFACE ()
   B_SPLINE_SURFACE (2, 1, ((#9306, #9307), (#9308, #9309), (#9310, #9311)), .UNSPECIFIED., .F., .F., .U.)
   B_SPLINE_SURFACE_WITH_KNOTS ((3, 3), (2, 2), (0., 1.), (0., 2.2), .UNSPECIFIED.)
   GEOMETRIC_REPRESENTATION_ITEM ()
   RATIONAL_B_SPLINE_SURFACE (((1., 1.), (0.707106781186522, 0.707106781186522), (1., 1.)))
   REPRESENTATION_ITEM ('')
   SURFACE ()
);
#9306 = CARTESIAN_POINT('', (18.275, 61.4, 19.4));
#9307 = CARTESIAN_POINT('', (18.275, 63.6, 19.4));
#9308 = CARTESIAN_POINT('', (18.2750000000001, 61.4, 18.3999999999999));
#9309 = CARTESIAN_POINT('', (18.2750000000001, 63.6, 18.3999999999999));
#9310 = CARTESIAN_POINT('', (17.275, 61.4, 18.4));
#9311 = CARTESIAN_POINT('', (17.275, 63.6, 18.4));
#9312 = ADVANCED_FACE('', (#9313), #9323, .F.);
#9313 = FACE_OUTER_BOUND('', #9314, .F.);
#9314 = EDGE_LOOP('', (#9315, #9316, #9321, #9322));
#9315 = ORIENTED_EDGE('', *, *, #8797, .T.);
#9316 = ORIENTED_EDGE('', *, *, #9317, .T.);
#9317 = EDGE_CURVE('', #8790, #9211, #9318, .T.);
#9318 = B_SPLINE_CURVE_WITH_KNOTS('', 1, (#9319, #9320), .UNSPECIFIED., .F., .U., (2, 2), (0.999999999999993, 2.1), .UNSPECIFIED.);
#9319 = CARTESIAN_POINT('', (9.475, 62.4, 18.4));
#9320 = CARTESIAN_POINT('', (9.475, 63.5, 18.4));
#9321 = ORIENTED_EDGE('', *, *, #9285, .T.);
#9322 = ORIENTED_EDGE('', *, *, #9299, .F.);
#9323 = B_SPLINE_SURFACE_WITH_KNOTS('', 1, 1, ((#9324, #9325), (#9326, #9327)), .UNSPECIFIED., .F., .F., .U., (2, 2), (2, 2), (0., 1.), (0., 1.), .UNSPECIFIED.);
#9324 = CARTESIAN_POINT('', (9.475, 61.4, 18.4));
#9325 = CARTESIAN_POINT('', (17.275, 61.4, 18.4));
#9326 = CARTESIAN_POINT('', (9.475, 63.6, 18.4));
#9327 = CARTESIAN_POINT('', (17.275, 63.6, 18.4));
#9328 = ADVANCED_FACE('', (#9329), #9339, .F.);
#9329 = FACE_OUTER_BOUND('', #9330, .F.);
#9330 = EDGE_LOOP('', (#9331, #9332, #9337, #9338));
#9331 = ORIENTED_EDGE('', *, *, #8789, .T.);
#9332 = ORIENTED_EDGE('', *, *, #9333, .T.);
#9333 = EDGE_CURVE('', #8783, #9213, #9334, .T.);
#9334 = B_SPLINE_CURVE_WITH_KNOTS('', 1, (#9335, #9336), .UNSPECIFIED., .F., .U., (2, 2), (1., 2.1), .UNSPECIFIED.);
#9335 = CARTESIAN_POINT('', (8.47499999999997, 62.4, 19.4));
#9336 = CARTESIAN_POINT('', (8.47499999999997, 63.5, 19.4));
#9337 = ORIENTED_EDGE('', *, *, #9210, .F.);
#9338 = ORIENTED_EDGE('', *, *, #9317, .F.);
#9339 = (
   BOUNDED_SURFACE ()
   B_SPLINE_SURFACE (2, 1, ((#9340, #9341), (#9342, #9343), (#9344, #9345)), .UNSPECIFIED., .F., .F., .U.)
   B_SPLINE_SURFACE_WITH_KNOTS ((3, 3), (2, 2), (0., 1.), (0., 2.2), .UNSPECIFIED.)
   GEOMETRIC_REPRESENTATION_ITEM ()
   RATIONAL_B_SPLINE_SURFACE (((1., 1.), (0.707106781186524, 0.707106781186524), (1., 1.)))
   REPRESENTATION_ITEM ('')
   SURFACE ()
);
#9340 = CARTESIAN_POINT('', (9.475, 61.4, 18.4));
#9341 = CARTESIAN_POINT('', (9.475, 63.6, 18.4));
#9342 = CARTESIAN_POINT('', (8.47499999999995, 61.4, 18.4));
#9343 = CARTESIAN_POINT('', (8.47499999999995, 63.6, 18.4));
#9344 = CARTESIAN_POINT('', (8.47499999999997, 61.4, 19.4));
#9345 = CARTESIAN_POINT('', (8.47499999999997, 63.6, 19.4));
#9346 = ADVANCED_FACE('', (#9347), #9353, .F.);
#9347 = FACE_OUTER_BOUND('', #9348, .F.);
#9348 = EDGE_LOOP('', (#9349, #9350, #9351, #9352));
#9349 = ORIENTED_EDGE('', *, *, #8722, .T.);
#9350 = ORIENTED_EDGE('', *, *, #9220, .T.);
#9351 = ORIENTED_EDGE('', *, *, #9333, .F.);
#9352 = ORIENTED_EDGE('', *, *, #8782, .T.);
#9353 = B_SPLINE_SURFACE_WITH_KNOTS('', 1, 1, ((#9354, #9355), (#9356, #9357)), .UNSPECIFIED., .F., .F., .U., (2, 2), (2, 2), (0., 2.77272727272727), (-0.0925925925925926, 1.), .UNSPECIFIED.);
#9354 = CARTESIAN_POINT('', (8.475, 61.4, 25.3));
#9355 = CARTESIAN_POINT('', (8.475, 61.4, 19.4));
#9356 = CARTESIAN_POINT('', (8.475, 67.5, 25.3));
#9357 = CARTESIAN_POINT('', (8.475, 67.5, 19.4));
#9358 = ADVANCED_FACE('', (#9359), #9369, .F.);
#9359 = FACE_OUTER_BOUND('', #9360, .F.);
#9360 = EDGE_LOOP('', (#9361, #9362, #9367, #9368));
#9361 = ORIENTED_EDGE('', *, *, #8444, .F.);
#9362 = ORIENTED_EDGE('', *, *, #9363, .F.);
#9363 = EDGE_CURVE('', #9226, #8445, #9364, .T.);
#9364 = B_SPLINE_CURVE_WITH_KNOTS('', 1, (#9365, #9366), .UNSPECIFIED., .F., .U., (2, 2), (0., 2.40000000000001), .UNSPECIFIED.);
#9365 = CARTESIAN_POINT('', (6.875, 63.5, 22.2));
#9366 = CARTESIAN_POINT('', (6.875, 65.9, 22.2));
#9367 = ORIENTED_EDGE('', *, *, #9225, .T.);
#9368 = ORIENTED_EDGE('', *, *, #8729, .T.);
#9369 = (
   BOUNDED_SURFACE ()
   B_SPLINE_SURFACE (2, 1, ((#9370, #9371), (#9372, #9373), (#9374, #9375)), .UNSPECIFIED., .F., .F., .U.)
   B_SPLINE_SURFACE_WITH_KNOTS ((3, 3), (2, 2), (0., 1.), (0., 4.), .UNSPECIFIED.)
   GEOMETRIC_REPRESENTATION_ITEM ()
   RATIONAL_B_SPLINE_SURFACE (((1., 1.), (0.707106781186533, 0.707106781186533), (1., 1.)))
   REPRESENTATION_ITEM ('')
   SURFACE ()
);
#9370 = CARTESIAN_POINT('', (6.875, 63.5, 22.2));
#9371 = CARTESIAN_POINT('', (6.875, 67.5, 22.2));
#9372 = CARTESIAN_POINT('', (6.87499999999995, 63.5, 23.8000000000001));
#9373 = CARTESIAN_POINT('', (6.87499999999995, 67.5, 23.8000000000001));
#9374 = CARTESIAN_POINT('', (8.475, 63.5, 23.8));
#9375 = CARTESIAN_POINT('', (8.475, 67.5, 23.8));
#9376 = ADVANCED_FACE('', (#9377), #9387, .F.);
#9377 = FACE_OUTER_BOUND('', #9378, .F.);
#9378 = EDGE_LOOP('', (#9379, #9380, #9385, #9386));
#9379 = ORIENTED_EDGE('', *, *, #8452, .F.);
#9380 = ORIENTED_EDGE('', *, *, #9381, .F.);
#9381 = EDGE_CURVE('', #9234, #8453, #9382, .T.);
#9382 = B_SPLINE_CURVE_WITH_KNOTS('', 1, (#9383, #9384), .UNSPECIFIED., .F., .U., (2, 2), (0., 2.40000000000001), .UNSPECIFIED.);
#9383 = CARTESIAN_POINT('', (6.87500000000002, 63.5, 18.3));
#9384 = CARTESIAN_POINT('', (6.87500000000002, 65.9, 18.3));
#9385 = ORIENTED_EDGE('', *, *, #9233, .F.);
#9386 = ORIENTED_EDGE('', *, *, #9363, .T.);
#9387 = B_SPLINE_SURFACE_WITH_KNOTS('', 1, 1, ((#9388, #9389), (#9390, #9391)), .UNSPECIFIED., .F., .F., .U., (2, 2), (2, 2), (0., 1.), (0., 1.), .UNSPECIFIED.);
#9388 = CARTESIAN_POINT('', (6.875, 63.5, 22.2));
#9389 = CARTESIAN_POINT('', (6.875, 63.5, 18.3));
#9390 = CARTESIAN_POINT('', (6.875, 67.5, 22.2));
#9391 = CARTESIAN_POINT('', (6.875, 67.5, 18.3));
#9392 = ADVANCED_FACE('', (#9393), #9403, .F.);
#9393 = FACE_OUTER_BOUND('', #9394, .F.);
#9394 = EDGE_LOOP('', (#9395, #9396, #9401, #9402));
#9395 = ORIENTED_EDGE('', *, *, #8459, .F.);
#9396 = ORIENTED_EDGE('', *, *, #9397, .F.);
#9397 = EDGE_CURVE('', #9241, #8460, #9398, .T.);
#9398 = B_SPLINE_CURVE_WITH_KNOTS('', 1, (#9399, #9400), .UNSPECIFIED., .F., .U., (2, 2), (0., 2.40000000000001), .UNSPECIFIED.);
#9399 = CARTESIAN_POINT('', (8.475, 63.5, 16.7));
#9400 = CARTESIAN_POINT('', (8.475, 65.9, 16.7));
#9401 = ORIENTED_EDGE('', *, *, #9240, .T.);
#9402 = ORIENTED_EDGE('', *, *, #9381, .T.);
#9403 = (
   BOUNDED_SURFACE ()
   B_SPLINE_SURFACE (2, 1, ((#9404, #9405), (#9406, #9407), (#9408, #9409)), .UNSPECIFIED., .F., .F., .U.)
   B_SPLINE_SURFACE_WITH_KNOTS ((3, 3), (2, 2), (0., 1.), (0., 4.), .UNSPECIFIED.)
   GEOMETRIC_REPRESENTATION_ITEM ()
   RATIONAL_B_SPLINE_SURFACE (((1., 1.), (0.707106781186559, 0.707106781186559), (1., 1.)))
   REPRESENTATION_ITEM ('')
   SURFACE ()
);
#9404 = CARTESIAN_POINT('', (8.475, 63.5, 16.7));
#9405 = CARTESIAN_POINT('', (8.475, 67.5, 16.7));
#9406 = CARTESIAN_POINT('', (6.87500000000004, 63.5, 16.7));
#9407 = CARTESIAN_POINT('', (6.87500000000004, 67.5, 16.7));
#9408 = CARTESIAN_POINT('', (6.87500000000002, 63.5, 18.3));
#9409 = CARTESIAN_POINT('', (6.87500000000002, 67.5, 18.3));
#9410 = ADVANCED_FACE('', (#9411), #9421, .F.);
#9411 = FACE_OUTER_BOUND('', #9412, .F.);
#9412 = EDGE_LOOP('', (#9413, #9414, #9419, #9420));
#9413 = ORIENTED_EDGE('', *, *, #8467, .F.);
#9414 = ORIENTED_EDGE('', *, *, #9415, .F.);
#9415 = EDGE_CURVE('', #9249, #8468, #9416, .T.);
#9416 = B_SPLINE_CURVE_WITH_KNOTS('', 1, (#9417, #9418), .UNSPECIFIED., .F., .U., (2, 2), (0., 2.40000000000001), .UNSPECIFIED.);
#9417 = CARTESIAN_POINT('', (18.275, 63.5, 16.7));
#9418 = CARTESIAN_POINT('', (18.275, 65.9, 16.7));
#9419 = ORIENTED_EDGE('', *, *, #9248, .F.);
#9420 = ORIENTED_EDGE('', *, *, #9397, .T.);
#9421 = B_SPLINE_SURFACE_WITH_KNOTS('', 1, 1, ((#9422, #9423), (#9424, #9425)), .UNSPECIFIED., .F., .F., .U., (2, 2), (2, 2), (0., 1.), (0., 1.), .UNSPECIFIED.);
#9422 = CARTESIAN_POINT('', (8.475, 63.5, 16.7));
#9423 = CARTESIAN_POINT('', (18.275, 63.5, 16.7));
#9424 = CARTESIAN_POINT('', (8.475, 67.5, 16.7));
#9425 = CARTESIAN_POINT('', (18.275, 67.5, 16.7));
#9426 = ADVANCED_FACE('', (#9427), #9437, .F.);
#9427 = FACE_OUTER_BOUND('', #9428, .F.);
#9428 = EDGE_LOOP('', (#9429, #9430, #9435, #9436));
#9429 = ORIENTED_EDGE('', *, *, #8474, .F.);
#9430 = ORIENTED_EDGE('', *, *, #9431, .F.);
#9431 = EDGE_CURVE('', #9256, #8475, #9432, .T.);
#9432 = B_SPLINE_CURVE_WITH_KNOTS('', 1, (#9433, #9434), .UNSPECIFIED., .F., .U., (2, 2), (0., 2.40000000000001), .UNSPECIFIED.);
#9433 = CARTESIAN_POINT('', (19.875, 63.5, 18.3));
#9434 = CARTESIAN_POINT('', (19.875, 65.9, 18.3));
#9435 = ORIENTED_EDGE('', *, *, #9255, .T.);
#9436 = ORIENTED_EDGE('', *, *, #9415, .T.);
#9437 = (
   BOUNDED_SURFACE ()
   B_SPLINE_SURFACE (2, 1, ((#9438, #9439), (#9440, #9441), (#9442, #9443)), .UNSPECIFIED., .F., .F., .U.)
   B_SPLINE_SURFACE_WITH_KNOTS ((3, 3), (2, 2), (0., 1.), (0., 4.), .UNSPECIFIED.)
   GEOMETRIC_REPRESENTATION_ITEM ()
   RATIONAL_B_SPLINE_SURFACE (((1., 1.), (0.707106781186542, 0.707106781186542), (1., 1.)))
   REPRESENTATION_ITEM ('')
   SURFACE ()
);
#9438 = CARTESIAN_POINT('', (19.875, 63.5, 18.3));
#9439 = CARTESIAN_POINT('', (19.875, 67.5, 18.3));
#9440 = CARTESIAN_POINT('', (19.875, 63.5, 16.7));
#9441 = CARTESIAN_POINT('', (19.875, 67.5, 16.7));
#9442 = CARTESIAN_POINT('', (18.275, 63.5, 16.7));
#9443 = CARTESIAN_POINT('', (18.275, 67.5, 16.7));
#9444 = ADVANCED_FACE('', (#9445), #9455, .F.);
#9445 = FACE_OUTER_BOUND('', #9446, .F.);
#9446 = EDGE_LOOP('', (#9447, #9448, #9453, #9454));
#9447 = ORIENTED_EDGE('', *, *, #8482, .F.);
#9448 = ORIENTED_EDGE('', *, *, #9449, .F.);
#9449 = EDGE_CURVE('', #9264, #8483, #9450, .T.);
#9450 = B_SPLINE_CURVE_WITH_KNOTS('', 1, (#9451, #9452), .UNSPECIFIED., .F., .U., (2, 2), (0., 2.40000000000001), .UNSPECIFIED.);
#9451 = CARTESIAN_POINT('', (19.8750000000001, 63.5, 22.2));
#9452 = CARTESIAN_POINT('', (19.8750000000001, 65.9, 22.2));
#9453 = ORIENTED_EDGE('', *, *, #9263, .F.);
#9454 = ORIENTED_EDGE('', *, *, #9431, .T.);
#9455 = B_SPLINE_SURFACE_WITH_KNOTS('', 1, 1, ((#9456, #9457), (#9458, #9459)), .UNSPECIFIED., .F., .F., .U., (2, 2), (2, 2), (0., 1.), (0., 1.), .UNSPECIFIED.);
#9456 = CARTESIAN_POINT('', (19.875, 63.5, 18.3));
#9457 = CARTESIAN_POINT('', (19.875, 63.5, 22.2));
#9458 = CARTESIAN_POINT('', (19.875, 67.5, 18.3));
#9459 = CARTESIAN_POINT('', (19.875, 67.5, 22.2));
#9460 = ADVANCED_FACE('', (#9461), #9467, .F.);
#9461 = FACE_OUTER_BOUND('', #9462, .F.);
#9462 = EDGE_LOOP('', (#9463, #9464, #9465, #9466));
#9463 = ORIENTED_EDGE('', *, *, #8489, .F.);
#9464 = ORIENTED_EDGE('', *, *, #421, .F.);
#9465 = ORIENTED_EDGE('', *, *, #9270, .T.);
#9466 = ORIENTED_EDGE('', *, *, #9449, .T.);
#9467 = (
   BOUNDED_SURFACE ()
   B_SPLINE_SURFACE (2, 1, ((#9468, #9469), (#9470, #9471), (#9472, #9473)), .UNSPECIFIED., .F., .F., .U.)
   B_SPLINE_SURFACE_WITH_KNOTS ((3, 3), (2, 2), (0., 1.), (0., 4.), .UNSPECIFIED.)
   GEOMETRIC_REPRESENTATION_ITEM ()
   RATIONAL_B_SPLINE_SURFACE (((1., 1.), (0.70710678118652, 0.70710678118652), (1., 1.)))
   REPRESENTATION_ITEM ('')
   SURFACE ()
);
#9468 = CARTESIAN_POINT('', (18.275, 63.5, 23.8));
#9469 = CARTESIAN_POINT('', (18.275, 67.5, 23.8));
#9470 = CARTESIAN_POINT('', (19.8750000000001, 63.5, 23.8000000000001));
#9471 = CARTESIAN_POINT('', (19.8750000000001, 67.5, 23.8000000000001));
#9472 = CARTESIAN_POINT('', (19.8750000000001, 63.5, 22.2));
#9473 = CARTESIAN_POINT('', (19.8750000000001, 67.5, 22.2));
#9474 = ADVANCED_FACE('', (#9475), #9499, .F.);
#9475 = FACE_OUTER_BOUND('', #9476, .F.);
#9476 = EDGE_LOOP('', (#9477, #9478, #9479, #9484, #9485, #9492, #9497, #9498));
#9477 = ORIENTED_EDGE('', *, *, #4712, .F.);
#9478 = ORIENTED_EDGE('', *, *, #4775, .F.);
#9479 = ORIENTED_EDGE('', *, *, #9480, .T.);
#9480 = EDGE_CURVE('', #4776, #5288, #9481, .T.);
#9481 = B_SPLINE_CURVE_WITH_KNOTS('', 1, (#9482, #9483), .UNSPECIFIED., .F., .U., (2, 2), (0., 0.0328227571115979), .UNSPECIFIED.);
#9482 = CARTESIAN_POINT('', (1.2, 24.45, 13.05));
#9483 = CARTESIAN_POINT('', (1.2, 23.7, 13.05));
#9484 = ORIENTED_EDGE('', *, *, #5287, .F.);
#9485 = ORIENTED_EDGE('', *, *, #9486, .T.);
#9486 = EDGE_CURVE('', #5278, #9487, #9489, .T.);
#9487 = VERTEX_POINT('', #9488);
#9488 = CARTESIAN_POINT('', (-0.9, 24.45, 13.05));
#9489 = B_SPLINE_CURVE_WITH_KNOTS('', 1, (#9490, #9491), .UNSPECIFIED., .F., .U., (2, 2), (0.968619246861925, 1.), .UNSPECIFIED.);
#9490 = CARTESIAN_POINT('', (-0.9, 23.7, 13.05));
#9491 = CARTESIAN_POINT('', (-0.9, 24.45, 13.05));
#9492 = ORIENTED_EDGE('', *, *, #9493, .F.);
#9493 = EDGE_CURVE('', #8593, #9487, #9494, .T.);
#9494 = B_SPLINE_CURVE_WITH_KNOTS('', 1, (#9495, #9496), .UNSPECIFIED., .F., .U., (2, 2), (0.2, 1.), .UNSPECIFIED.);
#9495 = CARTESIAN_POINT('', (-1.3, 24.45, 13.05));
#9496 = CARTESIAN_POINT('', (-0.9, 24.45, 13.05));
#9497 = ORIENTED_EDGE('', *, *, #8590, .F.);
#9498 = ORIENTED_EDGE('', *, *, #8674, .F.);
#9499 = B_SPLINE_SURFACE_WITH_KNOTS('', 1, 1, ((#9500, #9501), (#9502, #9503)), .UNSPECIFIED., .F., .F., .U., (2, 2), (2, 2), (0., 1.), (0., 1.), .UNSPECIFIED.);
#9500 = CARTESIAN_POINT('', (16.4201855029928, -2.97018550299276, 13.05));
#9501 = CARTESIAN_POINT('', (16.4201855029928, 28.9701855029928, 13.05));
#9502 = CARTESIAN_POINT('', (-15.5201855029928, -2.97018550299276, 13.05));
#9503 = CARTESIAN_POINT('', (-15.5201855029928, 28.9701855029928, 13.05));
#9504 = ADVANCED_FACE('', (#9505), #9546, .F.);
#9505 = FACE_OUTER_BOUND('', #9506, .F.);
#9506 = EDGE_LOOP('', (#9507, #9508, #9536, #9537, #9538));
#9507 = ORIENTED_EDGE('', *, *, #6082, .F.);
#9508 = ORIENTED_EDGE('', *, *, #9509, .T.);
#9509 = EDGE_CURVE('', #6083, #8622, #9510, .T.);
#9510 = B_SPLINE_CURVE_WITH_KNOTS('', 3, (#9511, #9512, #9513, #9514, #9515, #9516, #9517, #9518, #9519, #9520, #9521, #9522, #9523, #9524, #9525, #9526, #9527, #9528, #9529, #9530, #9531, #9532, #9533, #9534, #9535), .UNSPECIFIED., .F., .U., (4, 3, 3, 3, 3, 3, 3, 3, 4), (4.5363444375631, 4.5802589804682, 5.24088446645466, 5.9012042649019, 6.56120646095588, 7.22087235796677, 7.88017281933485, 8.53906069630972, 9.07265820067276), .UNSPECIFIED.);
#9511 = CARTESIAN_POINT('', (-1.16271340717528, 0.550000000312046, 13.05));
#9512 = CARTESIAN_POINT('', (-1.16271340720575, 0.550000000318707, 13.0353617658772));
#9513 = CARTESIAN_POINT('', (-1.16272232737948, 0.550026896918093, 13.0207235309034));
#9514 = CARTESIAN_POINT('', (-1.16274016760524, 0.550080690098964, 13.0060854596479));
#9515 = CARTESIAN_POINT('', (-1.16300854584706, 0.550889924213784, 12.7858786147764));
#9516 = CARTESIAN_POINT('', (-1.16532089453114, 0.557791853434892, 12.5656046709121));
#9517 = CARTESIAN_POINT('', (-1.16950786082129, 0.570765803178849, 12.3458185763649));
#9518 = CARTESIAN_POINT('', (-1.17369288969992, 0.583733749559545, 12.1261341822089));
#9519 = CARTESIAN_POINT('', (-1.17975231155716, 0.602778322399544, 11.9067558023854));
#9520 = CARTESIAN_POINT('', (-1.1872338749016, 0.627846597778863, 11.688209416199));
#9521 = CARTESIAN_POINT('', (-1.19471183974357, 0.652902815751643, 11.4697681470414));
#9522 = CARTESIAN_POINT('', (-1.20361372856843, 0.683996314669411, 11.2519831626233));
#9523 = CARTESIAN_POINT('', (-1.21324092207709, 0.721050897944336, 11.0353392218081));
#9524 = CARTESIAN_POINT('', (-1.22286321012332, 0.758086600341331, 10.8188056702469));
#9525 = CARTESIAN_POINT('', (-1.23321498555076, 0.801105538786828, 10.6032438125559));
#9526 = CARTESIAN_POINT('', (-1.24339119461181, 0.85001546180937, 10.3891053647468));
#9527 = CARTESIAN_POINT('', (-1.25356176635021, 0.898898290162867, 10.1750855433843));
#9528 = CARTESIAN_POINT('', (-1.26356346459456, 0.953703368800554, 9.96232206628092));
#9529 = CARTESIAN_POINT('', (-1.27231202732894, 1.01432082167546, 9.75126178477255));
#9530 = CARTESIAN_POINT('', (-1.28105511529019, 1.07490034068488, 9.54033358292024));
#9531 = CARTESIAN_POINT('', (-1.28855396236119, 1.14133509595236, 9.33093510876878));
#9532 = CARTESIAN_POINT('', (-1.2935498021289, 1.21348066199091, 9.12355361264834));
#9533 = CARTESIAN_POINT('', (-1.29759566140999, 1.27190743737154, 8.95560660277314));
#9534 = CARTESIAN_POINT('', (-1.3, 1.33411757786232, 8.78887268552307));
#9535 = CARTESIAN_POINT('', (-1.3, 1.4, 8.62365839546924));
#9536 = ORIENTED_EDGE('', *, *, #8628, .T.);
#9537 = ORIENTED_EDGE('', *, *, #9493, .T.);
#9538 = ORIENTED_EDGE('', *, *, #9539, .F.);
#9539 = EDGE_CURVE('', #6085, #9487, #9540, .T.);
#9540 = (
   BOUNDED_CURVE ()
   B_SPLINE_CURVE (2, (#9541, #9542, #9543, #9544, #9545), .UNSPECIFIED., .F., .U.)
   B_SPLINE_CURVE_WITH_KNOTS ((3, 2, 3), (18.771016105199, 37.542032210398, 56.3130483155971), .UNSPECIFIED.)
   CURVE ()
   GEOMETRIC_REPRESENTATION_ITEM ()
   RATIONAL_B_SPLINE_CURVE ((1., 0.707106781186548, 1., 0.707106781186548, 1.))
   REPRESENTATION_ITEM ('')
);
#9541 = CARTESIAN_POINT('', (-0.9, 0.550000000000001, 13.05));
#9542 = CARTESIAN_POINT('', (-0.9, 0.549999999999999, 1.1));
#9543 = CARTESIAN_POINT('', (-0.9, 12.5, 1.1));
#9544 = CARTESIAN_POINT('', (-0.9, 24.45, 1.1));
#9545 = CARTESIAN_POINT('', (-0.9, 24.45, 13.05));
#9546 = (
   BOUNDED_SURFACE ()
   B_SPLINE_SURFACE (2, 1, ((#9547, #9548), (#9549, #9550), (#9551, #9552), (#9553, #9554), (#9555, #9556), (#9557, #9558), (#9559, #9560), (#9561, #9562), (#9563, #9564)), .UNSPECIFIED., .T., .F., .U.)
   B_SPLINE_SURFACE_WITH_KNOTS ((3, 2, 2, 2, 3), (2, 2), (0., 18.771016105199, 37.542032210398, 56.3130483155971, 75.084064420796), (0., 0.5), .UNSPECIFIED.)
   GEOMETRIC_REPRESENTATION_ITEM ()
   RATIONAL_B_SPLINE_SURFACE (((1., 1.), (0.707106781186548, 0.707106781186548), (1., 1.), (0.707106781186548, 0.707106781186548), (1., 1.), (0.707106781186548, 0.707106781186548), (1., 1.), (0.707106781186548, 0.707106781186548), (1., 1.)))
   REPRESENTATION_ITEM ('')
   SURFACE ()
);
#9547 = CARTESIAN_POINT('', (-1.4, 12.5, 25.));
#9548 = CARTESIAN_POINT('', (-0.9, 12.5, 25.));
#9549 = CARTESIAN_POINT('', (-1.4, 0.550000000000001, 25.));
#9550 = CARTESIAN_POINT('', (-0.9, 0.550000000000001, 25.));
#9551 = CARTESIAN_POINT('', (-1.4, 0.550000000000001, 13.05));
#9552 = CARTESIAN_POINT('', (-0.9, 0.550000000000001, 13.05));
#9553 = CARTESIAN_POINT('', (-1.4, 0.549999999999999, 1.1));
#9554 = CARTESIAN_POINT('', (-0.9, 0.549999999999999, 1.1));
#9555 = CARTESIAN_POINT('', (-1.4, 12.5, 1.1));
#9556 = CARTESIAN_POINT('', (-0.9, 12.5, 1.1));
#9557 = CARTESIAN_POINT('', (-1.4, 24.45, 1.1));
#9558 = CARTESIAN_POINT('', (-0.9, 24.45, 1.1));
#9559 = CARTESIAN_POINT('', (-1.4, 24.45, 13.05));
#9560 = CARTESIAN_POINT('', (-0.9, 24.45, 13.05));
#9561 = CARTESIAN_POINT('', (-1.4, 24.45, 25.));
#9562 = CARTESIAN_POINT('', (-0.9, 24.45, 25.));
#9563 = CARTESIAN_POINT('', (-1.4, 12.5, 25.));
#9564 = CARTESIAN_POINT('', (-0.9, 12.5, 25.));
#9565 = ADVANCED_FACE('', (#9566), #9572, .F.);
#9566 = FACE_OUTER_BOUND('', #9567, .F.);
#9567 = EDGE_LOOP('', (#9568, #9569, #9570, #9571));
#9568 = ORIENTED_EDGE('', *, *, #9486, .F.);
#9569 = ORIENTED_EDGE('', *, *, #5277, .F.);
#9570 = ORIENTED_EDGE('', *, *, #6091, .F.);
#9571 = ORIENTED_EDGE('', *, *, #9539, .T.);
#9572 = B_SPLINE_SURFACE_WITH_KNOTS('', 1, 1, ((#9573, #9574), (#9575, #9576)), .UNSPECIFIED., .F., .F., .U., (2, 2), (2, 2), (0., 1.), (0., 1.), .UNSPECIFIED.);
#9573 = CARTESIAN_POINT('', (-0.9, -6.08983727739434, -5.53983727739434));
#9574 = CARTESIAN_POINT('', (-0.9, -6.08983727739434, 31.6398372773943));
#9575 = CARTESIAN_POINT('', (-0.9, 31.0898372773943, -5.53983727739434));
#9576 = CARTESIAN_POINT('', (-0.9, 31.0898372773943, 31.6398372773943));
#9577 = ADVANCED_FACE('', (#9578), #9645, .T.);
#9578 = FACE_OUTER_BOUND('', #9579, .T.);
#9579 = EDGE_LOOP('', (#9580, #9581, #9582, #9583, #9644));
#9580 = ORIENTED_EDGE('', *, *, #6105, .F.);
#9581 = ORIENTED_EDGE('', *, *, #9509, .T.);
#9582 = ORIENTED_EDGE('', *, *, #8621, .F.);
#9583 = ORIENTED_EDGE('', *, *, #9584, .T.);
#9584 = EDGE_CURVE('', #8613, #6121, #9585, .T.);
#9585 = B_SPLINE_CURVE_WITH_KNOTS('', 3, (#9586, #9587, #9588, #9589, #9590, #9591, #9592, #9593, #9594, #9595, #9596, #9597, #9598, #9599, #9600, #9601, #9602, #9603, #9604, #9605, #9606, #9607, #9608, #9609, #9610, #9611, #9612, #9613, #9614, #9615, #9616, #9617, #9618, #9619, #9620, #9621, #9622, #9623, #9624, #9625, #9626, #9627, #9628, #9629, #9630, #9631, #9632, #9633, #9634, #9635, #9636, #9637, #9638, #9639, #9640, #9641, #9642, #9643), .UNSPECIFIED., .F., .U., (4, 3, 3, 3, 3, 3, 3, 3, 3, 3, 3, 3, 3, 3, 3, 3, 3, 3, 3, 4), (0., 0.08649755859375, 0.1729951171875, 0.25949267578125, 0.345990234375, 0.43248779296875, 0.5189853515625, 0.60548291015625, 0.69198046875, 0.77847802734375, 0.8649755859375, 0.95147314453125, 1.037970703125, 1.12446826171875, 1.2109658203125, 1.29746337890625, 1.3839609375, 1.47045849609375, 1.5569560546875, 1.61605407621573), .UNSPECIFIED.);
#9586 = CARTESIAN_POINT('', (-1.3, 1.4, 0.37));
#9587 = CARTESIAN_POINT('', (-1.3, 1.32441960899575, 0.37));
#9588 = CARTESIAN_POINT('', (-1.29680960175881, 1.24857223713647, 0.37));
#9589 = CARTESIAN_POINT('', (-1.29046249564286, 1.17325882698723, 0.37));
#9590 = CARTESIAN_POINT('', (-1.28411538952691, 1.09794541683799, 0.37));
#9591 = CARTESIAN_POINT('', (-1.2745667343864, 1.02263389285994, 0.37));
#9592 = CARTESIAN_POINT('', (-1.2619173633043, 0.948119539104554, 0.37));
#9593 = CARTESIAN_POINT('', (-1.24926799222221, 0.873605185349171, 0.37));
#9594 = CARTESIAN_POINT('', (-1.23342853969348, 0.799361571465658, 0.37));
#9595 = CARTESIAN_POINT('', (-1.21456626915029, 0.726172704454956, 0.37));
#9596 = CARTESIAN_POINT('', (-1.19570399860709, 0.652983837444254, 0.37));
#9597 = CARTESIAN_POINT('', (-1.17368565154017, 0.580332651278211, 0.37));
#9598 = CARTESIAN_POINT('', (-1.14874374004513, 0.508986337040345, 0.37));
#9599 = CARTESIAN_POINT('', (-1.12380182855008, 0.437640022802479, 0.37));
#9600 = CARTESIAN_POINT('', (-1.09576014256058, 0.367094531764718, 0.37));
#9601 = CARTESIAN_POINT('', (-1.06491480018003, 0.298094819027768, 0.37));
#9602 = CARTESIAN_POINT('', (-1.03406945779948, 0.229095106290819, 0.37));
#9603 = CARTESIAN_POINT('', (-1.00020254229651, 0.16115370143922, 0.37));
#9604 = CARTESIAN_POINT('', (-0.963671685761819, 0.0949880606186466, 0.37));
#9605 = CARTESIAN_POINT('', (-0.927140829227132, 0.0288224197980736, 0.37));
#9606 = CARTESIAN_POINT('', (-0.887687947806385, -0.0360349052045233, 0.37));
#9607 = CARTESIAN_POINT('', (-0.845729660971911, -0.098899025895669, 0.37));
#9608 = CARTESIAN_POINT('', (-0.803771374137436, -0.161763146586815, 0.37));
#9609 = CARTESIAN_POINT('', (-0.759011254227386, -0.223078186540576, 0.37));
#9610 = CARTESIAN_POINT('', (-0.711921964754977, -0.28219666352822, 0.37));
#9611 = CARTESIAN_POINT('', (-0.664832675282569, -0.341315140515865, 0.37));
#9612 = CARTESIAN_POINT('', (-0.615081538985931, -0.398654715820256, 0.37));
#9613 = CARTESIAN_POINT('', (-0.563193924137452, -0.453609887821542, 0.37));
#9614 = CARTESIAN_POINT('', (-0.511306309288974, -0.508565059822828, 0.37));
#9615 = CARTESIAN_POINT('', (-0.456915639331103, -0.561524076811681, 0.37));
#9616 = CARTESIAN_POINT('', (-0.40059627566411, -0.611927695535935, 0.37));
#9617 = CARTESIAN_POINT('', (-0.344276911997117, -0.662331314260188, 0.37));
#9618 = CARTESIAN_POINT('', (-0.285630968564443, -0.710535627114798, 0.37));
#9619 = CARTESIAN_POINT('', (-0.225277742135503, -0.756031600167058, 0.37));
#9620 = CARTESIAN_POINT('', (-0.164924515706562, -0.801527573219318, 0.37));
#9621 = CARTESIAN_POINT('', (-0.102437621718369, -0.8446366272405, 0.37));
#9622 = CARTESIAN_POINT('', (-0.0384769170904682, -0.884903533849493, 0.37));
#9623 = CARTESIAN_POINT('', (0.0254837875374325, -0.925170440458487, 0.37));
#9624 = CARTESIAN_POINT('', (0.0913701735450933, -0.962879678023609, 0.37));
#9625 = CARTESIAN_POINT('', (0.158486485631899, -0.997633039821016, 0.37));
#9626 = CARTESIAN_POINT('', (0.225602797718704, -1.03238640161842, 0.37));
#9627 = CARTESIAN_POINT('', (0.294423200417233, -1.06442941382558, 0.37));
#9628 = CARTESIAN_POINT('', (0.364220955430378, -1.09342370463394, 0.37));
#9629 = CARTESIAN_POINT('', (0.434018710443524, -1.1224179954423, 0.37));
#9630 = CARTESIAN_POINT('', (0.505286926210222, -1.1485684042407, 0.37));
#9631 = CARTESIAN_POINT('', (0.577273015710776, -1.17159878467119, 0.37));
#9632 = CARTESIAN_POINT('', (0.649259105211331, -1.19462916510168, 0.37));
#9633 = CARTESIAN_POINT('', (0.722471637069624, -1.21470222261145, 0.37));
#9634 = CARTESIAN_POINT('', (0.796137492433687, -1.23160598721688, 0.37));
#9635 = CARTESIAN_POINT('', (0.86980334779775, -1.24850975182231, 0.37));
#9636 = CARTESIAN_POINT('', (0.94444296253163, -1.26236364554457, 0.37));
#9637 = CARTESIAN_POINT('', (1.01926814789512, -1.27302137230378, 0.37));
#9638 = CARTESIAN_POINT('', (1.09409333325861, -1.28367909906299, 0.37));
#9639 = CARTESIAN_POINT('', (1.16963271557121, -1.29121595375943, 0.37));
#9640 = CARTESIAN_POINT('', (1.24508860461456, -1.29555234777211, 0.37));
#9641 = CARTESIAN_POINT('', (1.2966425886531, -1.29851511702113, 0.37));
#9642 = CARTESIAN_POINT('', (1.34836095206271, -1.3, 0.37));
#9643 = CARTESIAN_POINT('', (1.4, -1.3, 0.37));
#9644 = ORIENTED_EDGE('', *, *, #6120, .T.);
#9645 = (
   BOUNDED_SURFACE ()
   B_SPLINE_SURFACE (2, 1, ((#9646, #9647), (#9648, #9649), (#9650, #9651)), .UNSPECIFIED., .F., .F., .U.)
   B_SPLINE_SURFACE_WITH_KNOTS ((3, 3), (2, 2), (8.48230016469244, 12.7234502470387), (1.67, 29.2), .UNSPECIFIED.)
   GEOMETRIC_REPRESENTATION_ITEM ()
   RATIONAL_B_SPLINE_SURFACE (((1., 1.), (0.707106781186548, 0.707106781186548), (1., 1.)))
   REPRESENTATION_ITEM ('')
   SURFACE ()
);
#9646 = CARTESIAN_POINT('', (-1.3, 1.4, 0.37));
#9647 = CARTESIAN_POINT('', (-1.3, 1.4, 27.9));
#9648 = CARTESIAN_POINT('', (-1.3, -1.3, 0.37));
#9649 = CARTESIAN_POINT('', (-1.3, -1.3, 27.9));
#9650 = CARTESIAN_POINT('', (1.4, -1.3, 0.37));
#9651 = CARTESIAN_POINT('', (1.4, -1.3, 27.9));
#9652 = ADVANCED_FACE('', (#9653), #9667, .T.);
#9653 = FACE_OUTER_BOUND('', #9654, .T.);
#9654 = EDGE_LOOP('', (#9655, #9656, #9661, #9662));
#9655 = ORIENTED_EDGE('', *, *, #7571, .T.);
#9656 = ORIENTED_EDGE('', *, *, #9657, .F.);
#9657 = EDGE_CURVE('', #6121, #7563, #9658, .T.);
#9658 = B_SPLINE_CURVE_WITH_KNOTS('', 1, (#9659, #9660), .UNSPECIFIED., .F., .U., (2, 2), (0., 1.), .UNSPECIFIED.);
#9659 = CARTESIAN_POINT('', (1.4, -1.3, 0.37));
#9660 = CARTESIAN_POINT('', (1.4, 0.369999999999997, -1.3));
#9661 = ORIENTED_EDGE('', *, *, #9584, .F.);
#9662 = ORIENTED_EDGE('', *, *, #9663, .T.);
#9663 = EDGE_CURVE('', #8613, #7572, #9664, .T.);
#9664 = B_SPLINE_CURVE_WITH_KNOTS('', 1, (#9665, #9666), .UNSPECIFIED., .F., .U., (2, 2), (0., 1.), .UNSPECIFIED.);
#9665 = CARTESIAN_POINT('', (-1.3, 1.4, 0.37));
#9666 = CARTESIAN_POINT('', (0.370000000000005, 1.4, -1.3));
#9667 = B_SPLINE_SURFACE_WITH_KNOTS('', 3, 1, ((#9668, #9669), (#9670, #9671), (#9672, #9673), (#9674, #9675), (#9676, #9677), (#9678, #9679), (#9680, #9681), (#9682, #9683), (#9684, #9685), (#9686, #9687), (#9688, #9689), (#9690, #9691), (#9692, #9693), (#9694, #9695), (#9696, #9697), (#9698, #9699), (#9700, #9701), (#9702, #9703), (#9704, #9705), (#9706, #9707), (#9708, #9709), (#9710, #9711), (#9712, #9713), (#9714, #9715), (#9716, #9717), (#9718, #9719), (#9720, #9721), (#9722, #9723), (#9724, #9725), (#9726, #9727), (#9728, #9729), (#9730, #9731), (#9732, #9733), (#9734, #9735), (#9736, #9737), (#9738, #9739), (#9740, #9741), (#9742, #9743), (#9744, #9745), (#9746, #9747), (#9748, #9749), (#9750, #9751), (#9752, #9753), (#9754, #9755), (#9756, #9757), (#9758, #9759), (#9760, #9761), (#9762, #9763), (#9764, #9765), (#9766, #9767), (#9768, #9769), (#9770, #9771), (#9772, #9773), (#9774, #9775), (#9776, #9777), (#9778, #9779), (#9780, #9781), (#9782, #9783)), .UNSPECIFIED., .F., .F., .U., (4, 3, 3, 3, 3, 3, 3, 3, 3, 3, 3, 3, 3, 3, 3, 3, 3, 3, 3, 4), (2, 2), (0., 0.08649755859375, 0.1729951171875, 0.25949267578125, 0.345990234375, 0.43248779296875, 0.5189853515625, 0.60548291015625, 0.69198046875, 0.77847802734375, 0.8649755859375, 0.95147314453125, 1.037970703125, 1.12446826171875, 1.2109658203125, 1.29746337890625, 1.3839609375, 1.47045849609375, 1.5569560546875, 1.61605407621573), (0., 1.), .UNSPECIFIED.);
#9668 = CARTESIAN_POINT('', (0.370000000000005, 1.4, -1.3));
#9669 = CARTESIAN_POINT('', (-1.3, 1.4, 0.37));
#9670 = CARTESIAN_POINT('', (0.370000000000005, 1.37116748046875, -1.3));
#9671 = CARTESIAN_POINT('', (-1.3, 1.32441960899575, 0.37));
#9672 = CARTESIAN_POINT('', (0.371217077847529, 1.3422331126854, -1.3));
#9673 = CARTESIAN_POINT('', (-1.29680960175881, 1.24857223713647, 0.37));
#9674 = CARTESIAN_POINT('', (0.373638381291762, 1.31350244140625, -1.3));
#9675 = CARTESIAN_POINT('', (-1.29046249564286, 1.17325882698723, 0.37));
#9676 = CARTESIAN_POINT('', (0.376059684735995, 1.2847717701271, -1.3));
#9677 = CARTESIAN_POINT('', (-1.28411538952691, 1.09794541683799, 0.37));
#9678 = CARTESIAN_POINT('', (0.379702319845176, 1.25604181838731, -1.3));
#9679 = CARTESIAN_POINT('', (-1.2745667343864, 1.02263389285994, 0.37));
#9680 = CARTESIAN_POINT('', (0.384527820665383, 1.22761597232507, -1.3));
#9681 = CARTESIAN_POINT('', (-1.2619173633043, 0.948119539104554, 0.37));
#9682 = CARTESIAN_POINT('', (0.38935332148559, 1.19919012626283, -1.3));
#9683 = CARTESIAN_POINT('', (-1.24926799222221, 0.873605185349171, 0.37));
#9684 = CARTESIAN_POINT('', (0.395395779302109, 1.17086756244801, -1.3));
#9685 = CARTESIAN_POINT('', (-1.23342853969348, 0.799361571465658, 0.37));
#9686 = CARTESIAN_POINT('', (0.402591386213032, 1.14294736503282, -1.3));
#9687 = CARTESIAN_POINT('', (-1.21456626915029, 0.726172704454956, 0.37));
#9688 = CARTESIAN_POINT('', (0.409786993123955, 1.11502716761762, -1.3));
#9689 = CARTESIAN_POINT('', (-1.19570399860709, 0.652983837444254, 0.37));
#9690 = CARTESIAN_POINT('', (0.418186584782824, 1.08731208548762, -1.3));
#9691 = CARTESIAN_POINT('', (-1.17368565154017, 0.580332651278211, 0.37));
#9692 = CARTESIAN_POINT('', (0.427701462130933, 1.06009478783391, -1.3));
#9693 = CARTESIAN_POINT('', (-1.14874374004513, 0.508986337040345, 0.37));
#9694 = CARTESIAN_POINT('', (0.437216339479043, 1.03287749018021, -1.3));
#9695 = CARTESIAN_POINT('', (-1.12380182855008, 0.437640022802479, 0.37));
#9696 = CARTESIAN_POINT('', (0.447913723393556, 1.00596569174728, -1.3));
#9697 = CARTESIAN_POINT('', (-1.09576014256058, 0.367094531764718, 0.37));
#9698 = CARTESIAN_POINT('', (0.459680650301692, 0.97964357911059, -1.3));
#9699 = CARTESIAN_POINT('', (-1.06491480018003, 0.298094819027768, 0.37));
#9700 = CARTESIAN_POINT('', (0.471447577209828, 0.953321466473902, -1.3));
#9701 = CARTESIAN_POINT('', (-1.03406945779948, 0.229095106290819, 0.37));
#9702 = CARTESIAN_POINT('', (0.484367178309105, 0.927403078697184, -1.3));
#9703 = CARTESIAN_POINT('', (-1.00020254229651, 0.16115370143922, 0.37));
#9704 = CARTESIAN_POINT('', (0.498303023579744, 0.90216211201378, -1.3));
#9705 = CARTESIAN_POINT('', (-0.963671685761819, 0.0949880606186466, 0.37));
#9706 = CARTESIAN_POINT('', (0.512238868850384, 0.876921145330376, -1.3));
#9707 = CARTESIAN_POINT('', (-0.927140829227132, 0.0288224197980736, 0.37));
#9708 = CARTESIAN_POINT('', (0.527289412503491, 0.85217927690346, -1.3));
#9709 = CARTESIAN_POINT('', (-0.887687947806385, -0.0360349052045233, 0.37));
#9710 = CARTESIAN_POINT('', (0.543295721925531, 0.828197779010171, -1.3));
#9711 = CARTESIAN_POINT('', (-0.845729660971911, -0.098899025895669, 0.37));
#9712 = CARTESIAN_POINT('', (0.559302031347572, 0.804216281116882, -1.3));
#9713 = CARTESIAN_POINT('', (-0.803771374137436, -0.161763146586815, 0.37));
#9714 = CARTESIAN_POINT('', (0.576377188202148, 0.780825728838222, -1.3));
#9715 = CARTESIAN_POINT('', (-0.759011254227386, -0.223078186540576, 0.37));
#9716 = CARTESIAN_POINT('', (0.594340880111993, 0.758273124654046, -1.3));
#9717 = CARTESIAN_POINT('', (-0.711921964754977, -0.28219666352822, 0.37));
#9718 = CARTESIAN_POINT('', (0.612304572021838, 0.735720520469871, -1.3));
#9719 = CARTESIAN_POINT('', (-0.664832675282569, -0.341315140515865, 0.37));
#9720 = CARTESIAN_POINT('', (0.631283709201656, 0.713846534335234, -1.3));
#9721 = CARTESIAN_POINT('', (-0.615081538985931, -0.398654715820256, 0.37));
#9722 = CARTESIAN_POINT('', (0.651077873384594, 0.692882153905114, -1.3));
#9723 = CARTESIAN_POINT('', (-0.563193924137452, -0.453609887821542, 0.37));
#9724 = CARTESIAN_POINT('', (0.670872037567532, 0.671917773474993, -1.3));
#9725 = CARTESIAN_POINT('', (-0.511306309288974, -0.508565059822828, 0.37));
#9726 = CARTESIAN_POINT('', (0.691621070921841, 0.651714889216286, -1.3));
#9727 = CARTESIAN_POINT('', (-0.456915639331103, -0.561524076811681, 0.37));
#9728 = CARTESIAN_POINT('', (0.71310586520962, 0.63248684207333, -1.3));
#9729 = CARTESIAN_POINT('', (-0.40059627566411, -0.611927695535935, 0.37));
#9730 = CARTESIAN_POINT('', (0.734590659497399, 0.613258794930374, -1.3));
#9731 = CARTESIAN_POINT('', (-0.344276911997117, -0.662331314260188, 0.37));
#9732 = CARTESIAN_POINT('', (0.756963000880972, 0.594869742248801, -1.3));
#9733 = CARTESIAN_POINT('', (-0.285630968564443, -0.710535627114798, 0.37));
#9734 = CARTESIAN_POINT('', (0.779986639111272, 0.577513871047383, -1.3));
#9735 = CARTESIAN_POINT('', (-0.225277742135503, -0.756031600167058, 0.37));
#9736 = CARTESIAN_POINT('', (0.803010277341571, 0.560157999845966, -1.3));
#9737 = CARTESIAN_POINT('', (-0.164924515706562, -0.801527573219318, 0.37));
#9738 = CARTESIAN_POINT('', (0.826847870233363, 0.543712694052696, -1.3));
#9739 = CARTESIAN_POINT('', (-0.102437621718369, -0.8446366272405, 0.37));
#9740 = CARTESIAN_POINT('', (0.851247694591414, 0.528351614864821, -1.3));
#9741 = CARTESIAN_POINT('', (-0.0384769170904682, -0.884903533849493, 0.37));
#9742 = CARTESIAN_POINT('', (0.875647518949465, 0.512990535676946, -1.3));
#9743 = CARTESIAN_POINT('', (0.0254837875374325, -0.925170440458487, 0.37));
#9744 = CARTESIAN_POINT('', (0.900781955093133, 0.498605159865063, -1.3));
#9745 = CARTESIAN_POINT('', (0.0913701735450933, -0.962879678023609, 0.37));
#9746 = CARTESIAN_POINT('', (0.926385585259581, 0.485347395920126, -1.3));
#9747 = CARTESIAN_POINT('', (0.158486485631899, -0.997633039821016, 0.37));
#9748 = CARTESIAN_POINT('', (0.951989215426029, 0.472089631975189, -1.3));
#9749 = CARTESIAN_POINT('', (0.225602797718704, -1.03238640161842, 0.37));
#9750 = CARTESIAN_POINT('', (0.978242924603609, 0.459865816207275, -1.3));
#9751 = CARTESIAN_POINT('', (0.294423200417233, -1.06442941382558, 0.37));
#9752 = CARTESIAN_POINT('', (1.00486947559011, 0.448805031195196, -1.3));
#9753 = CARTESIAN_POINT('', (0.364220955430378, -1.09342370463394, 0.37));
#9754 = CARTESIAN_POINT('', (1.0314960265766, 0.437744246183117, -1.3));
#9755 = CARTESIAN_POINT('', (0.434018710443524, -1.1224179954423, 0.37));
#9756 = CARTESIAN_POINT('', (1.05868353110983, 0.427768349493351, -1.3));
#9757 = CARTESIAN_POINT('', (0.505286926210222, -1.1485684042407, 0.37));
#9758 = CARTESIAN_POINT('', (1.08614489117856, 0.418982685847645, -1.3));
#9759 = CARTESIAN_POINT('', (0.577273015710776, -1.17159878467119, 0.37));
#9760 = CARTESIAN_POINT('', (1.11360625124729, 0.410197022201939, -1.3));
#9761 = CARTESIAN_POINT('', (0.649259105211331, -1.19462916510168, 0.37));
#9762 = CARTESIAN_POINT('', (1.1415354763636, 0.402539522485246, -1.3));
#9763 = CARTESIAN_POINT('', (0.722471637069624, -1.21470222261145, 0.37));
#9764 = CARTESIAN_POINT('', (1.16963763600248, 0.396091049320951, -1.3));
#9765 = CARTESIAN_POINT('', (0.796137492433687, -1.23160598721688, 0.37));
#9766 = CARTESIAN_POINT('', (1.19773979564137, 0.389642576156657, -1.3));
#9767 = CARTESIAN_POINT('', (0.86980334779775, -1.24850975182231, 0.37));
#9768 = CARTESIAN_POINT('', (1.22621342644726, 0.384357572255178, -1.3));
#9769 = CARTESIAN_POINT('', (0.94444296253163, -1.26236364554457, 0.37));
#9770 = CARTESIAN_POINT('', (1.25475784901185, 0.380291846861851, -1.3));
#9771 = CARTESIAN_POINT('', (1.01926814789512, -1.27302137230378, 0.37));
#9772 = CARTESIAN_POINT('', (1.28330227157644, 0.376226121468524, -1.3));
#9773 = CARTESIAN_POINT('', (1.09409333325861, -1.28367909906299, 0.37));
#9774 = CARTESIAN_POINT('', (1.31211914705127, 0.373350950973174, -1.3));
#9775 = CARTESIAN_POINT('', (1.16963271557121, -1.29121595375943, 0.37));
#9776 = CARTESIAN_POINT('', (1.34090417139003, 0.371696696960928, -1.3));
#9777 = CARTESIAN_POINT('', (1.24508860461456, -1.29555234777211, 0.37));
#9778 = CARTESIAN_POINT('', (1.36057106159733, 0.370566455358526, -1.3));
#9779 = CARTESIAN_POINT('', (1.2966425886531, -1.29851511702113, 0.37));
#9780 = CARTESIAN_POINT('', (1.38030065949059, 0.369999999999997, -1.3));
#9781 = CARTESIAN_POINT('', (1.34836095206271, -1.3, 0.37));
#9782 = CARTESIAN_POINT('', (1.4, 0.369999999999997, -1.3));
#9783 = CARTESIAN_POINT('', (1.4, -1.3, 0.37));
#9784 = ADVANCED_FACE('', (#9785), #9791, .T.);
#9785 = FACE_OUTER_BOUND('', #9786, .T.);
#9786 = EDGE_LOOP('', (#9787, #9788, #9789, #9790));
#9787 = ORIENTED_EDGE('', *, *, #7562, .T.);
#9788 = ORIENTED_EDGE('', *, *, #7305, .F.);
#9789 = ORIENTED_EDGE('', *, *, #6127, .F.);
#9790 = ORIENTED_EDGE('', *, *, #9657, .T.);
#9791 = B_SPLINE_SURFACE_WITH_KNOTS('', 1, 1, ((#9792, #9793), (#9794, #9795)), .UNSPECIFIED., .F., .F., .U., (2, 2), (2, 2), (0., 83.95), (0., 1.), .UNSPECIFIED.);
#9792 = CARTESIAN_POINT('', (1.4, 0.369999999999997, -1.3));
#9793 = CARTESIAN_POINT('', (1.4, -1.3, 0.37));
#9794 = CARTESIAN_POINT('', (85.35, 0.369999999999997, -1.3));
#9795 = CARTESIAN_POINT('', (85.35, -1.3, 0.37));
#9796 = ADVANCED_FACE('', (#9797), #9807, .T.);
#9797 = FACE_OUTER_BOUND('', #9798, .T.);
#9798 = EDGE_LOOP('', (#9799, #9800, #9801, #9802));
#9799 = ORIENTED_EDGE('', *, *, #7634, .T.);
#9800 = ORIENTED_EDGE('', *, *, #9663, .F.);
#9801 = ORIENTED_EDGE('', *, *, #8612, .F.);
#9802 = ORIENTED_EDGE('', *, *, #9803, .T.);
#9803 = EDGE_CURVE('', #8513, #7635, #9804, .T.);
#9804 = B_SPLINE_CURVE_WITH_KNOTS('', 1, (#9805, #9806), .UNSPECIFIED., .F., .U., (2, 2), (0., 1.), .UNSPECIFIED.);
#9805 = CARTESIAN_POINT('', (-1.3, 63.2, 0.37));
#9806 = CARTESIAN_POINT('', (0.370000000000005, 63.2, -1.3));
#9807 = B_SPLINE_SURFACE_WITH_KNOTS('', 1, 1, ((#9808, #9809), (#9810, #9811)), .UNSPECIFIED., .F., .F., .U., (2, 2), (2, 2), (0., 61.8), (0., 1.), .UNSPECIFIED.);
#9808 = CARTESIAN_POINT('', (0.370000000000005, 63.2, -1.3));
#9809 = CARTESIAN_POINT('', (-1.3, 63.2, 0.37));
#9810 = CARTESIAN_POINT('', (0.370000000000004, 1.39999999999998, -1.3));
#9811 = CARTESIAN_POINT('', (-1.3, 1.39999999999998, 0.37));
#9812 = ADVANCED_FACE('', (#9813), #9823, .T.);
#9813 = FACE_OUTER_BOUND('', #9814, .T.);
#9814 = EDGE_LOOP('', (#9815, #9816, #9817, #9818));
#9815 = ORIENTED_EDGE('', *, *, #7643, .T.);
#9816 = ORIENTED_EDGE('', *, *, #9803, .F.);
#9817 = ORIENTED_EDGE('', *, *, #8512, .F.);
#9818 = ORIENTED_EDGE('', *, *, #9819, .T.);
#9819 = EDGE_CURVE('', #8422, #7644, #9820, .T.);
#9820 = B_SPLINE_CURVE_WITH_KNOTS('', 1, (#9821, #9822), .UNSPECIFIED., .F., .U., (2, 2), (0., 1.), .UNSPECIFIED.);
#9821 = CARTESIAN_POINT('', (1.4, 65.9, 0.37));
#9822 = CARTESIAN_POINT('', (1.4, 64.23, -1.3));
#9823 = B_SPLINE_SURFACE_WITH_KNOTS('', 3, 1, ((#9824, #9825), (#9826, #9827), (#9828, #9829), (#9830, #9831), (#9832, #9833), (#9834, #9835), (#9836, #9837), (#9838, #9839), (#9840, #9841), (#9842, #9843), (#9844, #9845), (#9846, #9847), (#9848, #9849), (#9850, #9851), (#9852, #9853), (#9854, #9855), (#9856, #9857), (#9858, #9859), (#9860, #9861), (#9862, #9863), (#9864, #9865), (#9866, #9867), (#9868, #9869), (#9870, #9871), (#9872, #9873), (#9874, #9875), (#9876, #9877), (#9878, #9879), (#9880, #9881), (#9882, #9883), (#9884, #9885), (#9886, #9887), (#9888, #9889), (#9890, #9891), (#9892, #9893), (#9894, #9895), (#9896, #9897), (#9898, #9899), (#9900, #9901), (#9902, #9903), (#9904, #9905), (#9906, #9907), (#9908, #9909), (#9910, #9911), (#9912, #9913), (#9914, #9915), (#9916, #9917), (#9918, #9919), (#9920, #9921), (#9922, #9923), (#9924, #9925), (#9926, #9927), (#9928, #9929), (#9930, #9931), (#9932, #9933), (#9934, #9935), (#9936, #9937), (#9938, #9939)), .UNSPECIFIED., .F., .F., .U., (4, 3, 3, 3, 3, 3, 3, 3, 3, 3, 3, 3, 3, 3, 3, 3, 3, 3, 3, 4), (2, 2), (0., 0.08649755859375, 0.1729951171875, 0.25949267578125, 0.345990234375, 0.43248779296875, 0.5189853515625, 0.60548291015625, 0.69198046875, 0.77847802734375, 0.8649755859375, 0.95147314453125, 1.037970703125, 1.12446826171875, 1.2109658203125, 1.29746337890625, 1.3839609375, 1.47045849609375, 1.5569560546875, 1.61605407621571), (0., 1.), .UNSPECIFIED.);
#9824 = CARTESIAN_POINT('', (1.4, 64.23, -1.3));
#9825 = CARTESIAN_POINT('', (1.4, 65.9, 0.37));
#9826 = CARTESIAN_POINT('', (1.37116748046875, 64.23, -1.3));
#9827 = CARTESIAN_POINT('', (1.32441960899575, 65.9, 0.37));
#9828 = CARTESIAN_POINT('', (1.3422331126854, 64.2287829221525, -1.3));
#9829 = CARTESIAN_POINT('', (1.24857223713648, 65.8968096017588, 0.369999999999999));
#9830 = CARTESIAN_POINT('', (1.31350244140625, 64.2263616187083, -1.3));
#9831 = CARTESIAN_POINT('', (1.17325882698724, 65.8904624956429, 0.369999999999999));
#9832 = CARTESIAN_POINT('', (1.2847717701271, 64.223940315264, -1.3));
#9833 = CARTESIAN_POINT('', (1.097945416838, 65.8841153895269, 0.369999999999999));
#9834 = CARTESIAN_POINT('', (1.25604181838731, 64.2202976801548, -1.3));
#9835 = CARTESIAN_POINT('', (1.02263389285993, 65.8745667343864, 0.369999999999999));
#9836 = CARTESIAN_POINT('', (1.22761597232508, 64.2154721793346, -1.3));
#9837 = CARTESIAN_POINT('', (0.948119539104548, 65.8619173633043, 0.369999999999999));
#9838 = CARTESIAN_POINT('', (1.19919012626284, 64.2106466785144, -1.3));
#9839 = CARTESIAN_POINT('', (0.873605185349164, 65.8492679922222, 0.369999999999999));
#9840 = CARTESIAN_POINT('', (1.17086756244801, 64.2046042206979, -1.3));
#9841 = CARTESIAN_POINT('', (0.799361571465654, 65.8334285396935, 0.37));
#9842 = CARTESIAN_POINT('', (1.14294736503282, 64.197408613787, -1.3));
#9843 = CARTESIAN_POINT('', (0.726172704454952, 65.8145662691503, 0.37));
#9844 = CARTESIAN_POINT('', (1.11502716761762, 64.1902130068761, -1.3));
#9845 = CARTESIAN_POINT('', (0.65298383744425, 65.7957039986071, 0.37));
#9846 = CARTESIAN_POINT('', (1.08731208548762, 64.1818134152172, -1.3));
#9847 = CARTESIAN_POINT('', (0.580332651278194, 65.7736856515402, 0.37));
#9848 = CARTESIAN_POINT('', (1.06009478783391, 64.1722985378691, -1.3));
#9849 = CARTESIAN_POINT('', (0.508986337040328, 65.7487437400451, 0.37));
#9850 = CARTESIAN_POINT('', (1.03287749018021, 64.162783660521, -1.3));
#9851 = CARTESIAN_POINT('', (0.437640022802463, 65.7238018285501, 0.37));
#9852 = CARTESIAN_POINT('', (1.00596569174728, 64.1520862766065, -1.3));
#9853 = CARTESIAN_POINT('', (0.367094531764716, 65.6957601425606, 0.369999999999999));
#9854 = CARTESIAN_POINT('', (0.979643579110594, 64.1403193496983, -1.3));
#9855 = CARTESIAN_POINT('', (0.298094819027767, 65.66491480018, 0.369999999999999));
#9856 = CARTESIAN_POINT('', (0.953321466473905, 64.1285524227902, -1.3));
#9857 = CARTESIAN_POINT('', (0.229095106290818, 65.6340694577995, 0.369999999999999));
#9858 = CARTESIAN_POINT('', (0.927403078697173, 64.1156328216909, -1.3));
#9859 = CARTESIAN_POINT('', (0.1611537014392, 65.6002025422965, 0.369999999999999));
#9860 = CARTESIAN_POINT('', (0.90216211201377, 64.1016969764203, -1.3));
#9861 = CARTESIAN_POINT('', (0.0949880606186275, 65.5636716857618, 0.369999999999999));
#9862 = CARTESIAN_POINT('', (0.876921145330366, 64.0877611311496, -1.3));
#9863 = CARTESIAN_POINT('', (0.0288224197980548, 65.5271408292271, 0.369999999999999));
#9864 = CARTESIAN_POINT('', (0.852179276903449, 64.0727105874965, -1.3));
#9865 = CARTESIAN_POINT('', (-0.0360349052045513, 65.4876879478064, 0.37));
#9866 = CARTESIAN_POINT('', (0.828197779010161, 64.0567042780745, -1.3));
#9867 = CARTESIAN_POINT('', (-0.0988990258956963, 65.4457296609719, 0.37));
#9868 = CARTESIAN_POINT('', (0.804216281116872, 64.0406979686524, -1.3));
#9869 = CARTESIAN_POINT('', (-0.161763146586841, 65.4037713741374, 0.37));
#9870 = CARTESIAN_POINT('', (0.780825728838229, 64.0236228117978, -1.3));
#9871 = CARTESIAN_POINT('', (-0.223078186540585, 65.3590112542274, 0.37));
#9872 = CARTESIAN_POINT('', (0.758273124654053, 64.005659119888, -1.3));
#9873 = CARTESIAN_POINT('', (-0.282196663528228, 65.311921964755, 0.37));
#9874 = CARTESIAN_POINT('', (0.735720520469878, 63.9876954279782, -1.3));
#9875 = CARTESIAN_POINT('', (-0.341315140515871, 65.2648326752826, 0.37));
#9876 = CARTESIAN_POINT('', (0.713846534335237, 63.9687162907983, -1.3));
#9877 = CARTESIAN_POINT('', (-0.39865471582024, 65.215081538986, 0.37));
#9878 = CARTESIAN_POINT('', (0.692882153905117, 63.9489221266154, -1.3));
#9879 = CARTESIAN_POINT('', (-0.453609887821526, 65.1631939241375, 0.37));
#9880 = CARTESIAN_POINT('', (0.671917773474997, 63.9291279624325, -1.3));
#9881 = CARTESIAN_POINT('', (-0.508565059822811, 65.111306309289, 0.37));
#9882 = CARTESIAN_POINT('', (0.65171488921629, 63.9083789290782, -1.3));
#9883 = CARTESIAN_POINT('', (-0.56152407681166, 65.0569156393311, 0.369999999999999));
#9884 = CARTESIAN_POINT('', (0.632486842073334, 63.8868941347904, -1.3));
#9885 = CARTESIAN_POINT('', (-0.611927695535914, 65.0005962756641, 0.369999999999999));
#9886 = CARTESIAN_POINT('', (0.613258794930377, 63.8654093405026, -1.3));
#9887 = CARTESIAN_POINT('', (-0.662331314260167, 64.9442769119972, 0.369999999999999));
#9888 = CARTESIAN_POINT('', (0.59486974224879, 63.843036999119, -1.3));
#9889 = CARTESIAN_POINT('', (-0.710535627114805, 64.8856309685644, 0.37));
#9890 = CARTESIAN_POINT('', (0.577513871047373, 63.8200133608887, -1.3));
#9891 = CARTESIAN_POINT('', (-0.756031600167064, 64.8252777421355, 0.37));
#9892 = CARTESIAN_POINT('', (0.560157999845955, 63.7969897226584, -1.3));
#9893 = CARTESIAN_POINT('', (-0.801527573219324, 64.7649245157066, 0.37));
#9894 = CARTESIAN_POINT('', (0.543712694052693, 63.7731521297666, -1.3));
#9895 = CARTESIAN_POINT('', (-0.844636627240509, 64.7024376217184, 0.37));
#9896 = CARTESIAN_POINT('', (0.528351614864818, 63.7487523054086, -1.3));
#9897 = CARTESIAN_POINT('', (-0.884903533849502, 64.6384769170905, 0.37));
#9898 = CARTESIAN_POINT('', (0.512990535676942, 63.7243524810505, -1.3));
#9899 = CARTESIAN_POINT('', (-0.925170440458495, 64.5745162124626, 0.37));
#9900 = CARTESIAN_POINT('', (0.498605159865066, 63.6992180449068, -1.3));
#9901 = CARTESIAN_POINT('', (-0.96287967802363, 64.5086298264549, 0.37));
#9902 = CARTESIAN_POINT('', (0.48534739592013, 63.6736144147404, -1.3));
#9903 = CARTESIAN_POINT('', (-0.997633039821035, 64.4415135143681, 0.37));
#9904 = CARTESIAN_POINT('', (0.472089631975193, 63.6480107845739, -1.3));
#9905 = CARTESIAN_POINT('', (-1.03238640161844, 64.3743972022813, 0.37));
#9906 = CARTESIAN_POINT('', (0.459865816207271, 63.6217570753964, -1.3));
#9907 = CARTESIAN_POINT('', (-1.0644294138256, 64.3055767995827, 0.369999999999999));
#9908 = CARTESIAN_POINT('', (0.448805031195192, 63.5951305244099, -1.3));
#9909 = CARTESIAN_POINT('', (-1.09342370463396, 64.2357790445696, 0.369999999999999));
#9910 = CARTESIAN_POINT('', (0.437744246183114, 63.5685039734234, -1.3));
#9911 = CARTESIAN_POINT('', (-1.12241799544232, 64.1659812895564, 0.369999999999999));
#9912 = CARTESIAN_POINT('', (0.42776834949335, 63.5413164688901, -1.3));
#9913 = CARTESIAN_POINT('', (-1.14856840424073, 64.0947130737897, 0.37));
#9914 = CARTESIAN_POINT('', (0.418982685847645, 63.5138551088214, -1.3));
#9915 = CARTESIAN_POINT('', (-1.17159878467122, 64.0227269842892, 0.37));
#9916 = CARTESIAN_POINT('', (0.41019702220194, 63.4863937487527, -1.3));
#9917 = CARTESIAN_POINT('', (-1.19462916510171, 63.9507408947886, 0.37));
#9918 = CARTESIAN_POINT('', (0.402539522485238, 63.4584645236364, -1.3));
#9919 = CARTESIAN_POINT('', (-1.21470222261147, 63.8775283629303, 0.37));
#9920 = CARTESIAN_POINT('', (0.396091049320944, 63.4303623639975, -1.3));
#9921 = CARTESIAN_POINT('', (-1.2316059872169, 63.8038625075662, 0.37));
#9922 = CARTESIAN_POINT('', (0.38964257615665, 63.4022602043586, -1.3));
#9923 = CARTESIAN_POINT('', (-1.24850975182233, 63.7301966522022, 0.37));
#9924 = CARTESIAN_POINT('', (0.384357572255178, 63.3737865735527, -1.3));
#9925 = CARTESIAN_POINT('', (-1.26236364554458, 63.6555570374683, 0.369999999999999));
#9926 = CARTESIAN_POINT('', (0.380291846861851, 63.3452421509881, -1.3));
#9927 = CARTESIAN_POINT('', (-1.27302137230379, 63.5807318521048, 0.369999999999999));
#9928 = CARTESIAN_POINT('', (0.376226121468525, 63.3166977284235, -1.3));
#9929 = CARTESIAN_POINT('', (-1.28367909906299, 63.5059066667414, 0.369999999999999));
#9930 = CARTESIAN_POINT('', (0.373350950973162, 63.2878808529487, -1.3));
#9931 = CARTESIAN_POINT('', (-1.29121595375943, 63.4303672844287, 0.37));
#9932 = CARTESIAN_POINT('', (0.371696696960917, 63.25909582861, -1.3));
#9933 = CARTESIAN_POINT('', (-1.29555234777212, 63.3549113953854, 0.37));
#9934 = CARTESIAN_POINT('', (0.370566455358516, 63.2394289384027, -1.3));
#9935 = CARTESIAN_POINT('', (-1.29851511702113, 63.3033574113468, 0.37));
#9936 = CARTESIAN_POINT('', (0.370000000000005, 63.2196993405094, -1.3));
#9937 = CARTESIAN_POINT('', (-1.3, 63.2516390479373, 0.37));
#9938 = CARTESIAN_POINT('', (0.370000000000005, 63.2, -1.3));
#9939 = CARTESIAN_POINT('', (-1.3, 63.2, 0.37));
#9940 = ADVANCED_FACE('', (#9941), #9951, .T.);
#9941 = FACE_OUTER_BOUND('', #9942, .T.);
#9942 = EDGE_LOOP('', (#9943, #9944, #9945, #9946));
#9943 = ORIENTED_EDGE('', *, *, #7706, .T.);
#9944 = ORIENTED_EDGE('', *, *, #9819, .F.);
#9945 = ORIENTED_EDGE('', *, *, #8421, .F.);
#9946 = ORIENTED_EDGE('', *, *, #9947, .T.);
#9947 = EDGE_CURVE('', #8342, #7707, #9948, .T.);
#9948 = B_SPLINE_CURVE_WITH_KNOTS('', 1, (#9949, #9950), .UNSPECIFIED., .F., .U., (2, 2), (0., 1.), .UNSPECIFIED.);
#9949 = CARTESIAN_POINT('', (56.4, 65.9, 0.37));
#9950 = CARTESIAN_POINT('', (56.4, 64.23, -1.3));
#9951 = B_SPLINE_SURFACE_WITH_KNOTS('', 1, 1, ((#9952, #9953), (#9954, #9955)), .UNSPECIFIED., .F., .F., .U., (2, 2), (2, 2), (0., 55.), (0., 1.), .UNSPECIFIED.);
#9952 = CARTESIAN_POINT('', (56.4, 64.23, -1.3));
#9953 = CARTESIAN_POINT('', (56.4, 65.9, 0.37));
#9954 = CARTESIAN_POINT('', (1.39999999999998, 64.23, -1.3));
#9955 = CARTESIAN_POINT('', (1.39999999999998, 65.9, 0.37));
#9956 = ADVANCED_FACE('', (#9957), #9967, .T.);
#9957 = FACE_OUTER_BOUND('', #9958, .T.);
#9958 = EDGE_LOOP('', (#9959, #9960, #9961, #9962));
#9959 = ORIENTED_EDGE('', *, *, #7715, .T.);
#9960 = ORIENTED_EDGE('', *, *, #9947, .F.);
#9961 = ORIENTED_EDGE('', *, *, #8341, .F.);
#9962 = ORIENTED_EDGE('', *, *, #9963, .T.);
#9963 = EDGE_CURVE('', #8318, #7716, #9964, .T.);
#9964 = B_SPLINE_CURVE_WITH_KNOTS('', 1, (#9965, #9966), .UNSPECIFIED., .F., .U., (2, 2), (0., 1.), .UNSPECIFIED.);
#9965 = CARTESIAN_POINT('', (59.1, 63.2, 0.37));
#9966 = CARTESIAN_POINT('', (57.43, 63.2, -1.3));
#9967 = B_SPLINE_SURFACE_WITH_KNOTS('', 3, 1, ((#9968, #9969), (#9970, #9971), (#9972, #9973), (#9974, #9975), (#9976, #9977), (#9978, #9979), (#9980, #9981), (#9982, #9983), (#9984, #9985), (#9986, #9987), (#9988, #9989), (#9990, #9991), (#9992, #9993), (#9994, #9995), (#9996, #9997), (#9998, #9999), (#10000, #10001), (#10002, #10003), (#10004, #10005), (#10006, #10007), (#10008, #10009), (#10010, #10011), (#10012, #10013), (#10014, #10015), (#10016, #10017), (#10018, #10019), (#10020, #10021), (#10022, #10023), (#10024, #10025), (#10026, #10027), (#10028, #10029), (#10030, #10031), (#10032, #10033), (#10034, #10035), (#10036, #10037), (#10038, #10039), (#10040, #10041), (#10042, #10043), (#10044, #10045), (#10046, #10047), (#10048, #10049), (#10050, #10051), (#10052, #10053), (#10054, #10055), (#10056, #10057), (#10058, #10059), (#10060, #10061), (#10062, #10063), (#10064, #10065), (#10066, #10067), (#10068, #10069), (#10070, #10071), (#10072, #10073), (#10074, #10075), (#10076, #10077), (#10078, #10079), (#10080, #10081), (#10082, #10083)), .UNSPECIFIED., .F., .F., .U., (4, 3, 3, 3, 3, 3, 3, 3, 3, 3, 3, 3, 3, 3, 3, 3, 3, 3, 3, 4), (2, 2), (0., 0.08649755859375, 0.1729951171875, 0.25949267578125, 0.345990234375, 0.43248779296875, 0.5189853515625, 0.60548291015625, 0.69198046875, 0.77847802734375, 0.8649755859375, 0.95147314453125, 1.037970703125, 1.12446826171875, 1.2109658203125, 1.29746337890625, 1.3839609375, 1.47045849609375, 1.5569560546875, 1.61605407621576), (0., 1.), .UNSPECIFIED.);
#9968 = CARTESIAN_POINT('', (57.43, 63.2, -1.3));
#9969 = CARTESIAN_POINT('', (59.1, 63.2, 0.37));
#9970 = CARTESIAN_POINT('', (57.43, 63.2288325195313, -1.3));
#9971 = CARTESIAN_POINT('', (59.1, 63.2755803910042, 0.37));
#9972 = CARTESIAN_POINT('', (57.4287829221525, 63.2577668873146, -1.3));
#9973 = CARTESIAN_POINT('', (59.0968096017588, 63.3514277628635, 0.369999999999999));
#9974 = CARTESIAN_POINT('', (57.4263616187082, 63.2864975585938, -1.3));
#9975 = CARTESIAN_POINT('', (59.0904624956429, 63.4267411730128, 0.369999999999999));
#9976 = CARTESIAN_POINT('', (57.423940315264, 63.3152282298729, -1.3));
#9977 = CARTESIAN_POINT('', (59.0841153895269, 63.502054583162, 0.369999999999999));
#9978 = CARTESIAN_POINT('', (57.4202976801548, 63.3439581816127, -1.3));
#9979 = CARTESIAN_POINT('', (59.0745667343864, 63.5773661071401, 0.369999999999999));
#9980 = CARTESIAN_POINT('', (57.4154721793346, 63.3723840276749, -1.3));
#9981 = CARTESIAN_POINT('', (59.0619173633043, 63.6518804608955, 0.369999999999999));
#9982 = CARTESIAN_POINT('', (57.4106466785144, 63.4008098737372, -1.3));
#9983 = CARTESIAN_POINT('', (59.0492679922222, 63.7263948146508, 0.369999999999999));
#9984 = CARTESIAN_POINT('', (57.4046042206979, 63.429132437552, -1.3));
#9985 = CARTESIAN_POINT('', (59.0334285396935, 63.8006384285344, 0.37));
#9986 = CARTESIAN_POINT('', (57.397408613787, 63.4570526349672, -1.3));
#9987 = CARTESIAN_POINT('', (59.0145662691503, 63.8738272955451, 0.37));
#9988 = CARTESIAN_POINT('', (57.390213006876, 63.4849728323824, -1.3));
#9989 = CARTESIAN_POINT('', (58.9957039986071, 63.9470161625558, 0.37));
#9990 = CARTESIAN_POINT('', (57.3818134152172, 63.5126879145124, -1.3));
#9991 = CARTESIAN_POINT('', (58.9736856515402, 64.0196673487217, 0.369999999999999));
#9992 = CARTESIAN_POINT('', (57.3722985378691, 63.5399052121661, -1.3));
#9993 = CARTESIAN_POINT('', (58.9487437400451, 64.0910136629596, 0.369999999999999));
#9994 = CARTESIAN_POINT('', (57.362783660521, 63.5671225098198, -1.3));
#9995 = CARTESIAN_POINT('', (58.9238018285501, 64.1623599771975, 0.369999999999999));
#9996 = CARTESIAN_POINT('', (57.3520862766065, 63.5940343082527, -1.3));
#9997 = CARTESIAN_POINT('', (58.8957601425606, 64.2329054682352, 0.369999999999999));
#9998 = CARTESIAN_POINT('', (57.3403193496983, 63.6203564208894, -1.3));
#9999 = CARTESIAN_POINT('', (58.8649148001801, 64.3019051809722, 0.369999999999999));
#10000 = CARTESIAN_POINT('', (57.3285524227902, 63.6466785335261, -1.3));
#10001 = CARTESIAN_POINT('', (58.8340694577995, 64.3709048937091, 0.369999999999999));
#10002 = CARTESIAN_POINT('', (57.3156328216909, 63.6725969213028, -1.3));
#10003 = CARTESIAN_POINT('', (58.8002025422965, 64.4388462985607, 0.37));
#10004 = CARTESIAN_POINT('', (57.3016969764202, 63.6978378879862, -1.3));
#10005 = CARTESIAN_POINT('', (58.7636716857618, 64.5050119393813, 0.37));
#10006 = CARTESIAN_POINT('', (57.2877611311496, 63.7230788546696, -1.3));
#10007 = CARTESIAN_POINT('', (58.7271408292272, 64.5711775802019, 0.37));
#10008 = CARTESIAN_POINT('', (57.2727105874965, 63.7478207230965, -1.3));
#10009 = CARTESIAN_POINT('', (58.6876879478064, 64.6360349052045, 0.37));
#10010 = CARTESIAN_POINT('', (57.2567042780745, 63.7718022209898, -1.3));
#10011 = CARTESIAN_POINT('', (58.6457296609719, 64.6988990258956, 0.37));
#10012 = CARTESIAN_POINT('', (57.2406979686524, 63.7957837188831, -1.3));
#10013 = CARTESIAN_POINT('', (58.6037713741375, 64.7617631465868, 0.37));
#10014 = CARTESIAN_POINT('', (57.2236228117979, 63.8191742711618, -1.3));
#10015 = CARTESIAN_POINT('', (58.5590112542274, 64.8230781865406, 0.369999999999999));
#10016 = CARTESIAN_POINT('', (57.205659119888, 63.8417268753459, -1.3));
#10017 = CARTESIAN_POINT('', (58.511921964755, 64.8821966635282, 0.369999999999999));
#10018 = CARTESIAN_POINT('', (57.1876954279782, 63.8642794795301, -1.3));
#10019 = CARTESIAN_POINT('', (58.4648326752826, 64.9413151405159, 0.369999999999999));
#10020 = CARTESIAN_POINT('', (57.1687162907984, 63.8861534656648, -1.3));
#10021 = CARTESIAN_POINT('', (58.415081538986, 64.9986547158202, 0.369999999999999));
#10022 = CARTESIAN_POINT('', (57.1489221266154, 63.9071178460949, -1.3));
#10023 = CARTESIAN_POINT('', (58.3631939241375, 65.0536098878215, 0.369999999999999));
#10024 = CARTESIAN_POINT('', (57.1291279624325, 63.928082226525, -1.3));
#10025 = CARTESIAN_POINT('', (58.311306309289, 65.1085650598228, 0.369999999999999));
#10026 = CARTESIAN_POINT('', (57.1083789290782, 63.9482851107837, -1.3));
#10027 = CARTESIAN_POINT('', (58.2569156393311, 65.1615240768116, 0.37));
#10028 = CARTESIAN_POINT('', (57.0868941347904, 63.9675131579267, -1.3));
#10029 = CARTESIAN_POINT('', (58.2005962756642, 65.2119276955359, 0.37));
#10030 = CARTESIAN_POINT('', (57.0654093405026, 63.9867412050696, -1.3));
#10031 = CARTESIAN_POINT('', (58.1442769119972, 65.2623313142602, 0.37));
#10032 = CARTESIAN_POINT('', (57.043036999119, 64.0051302577512, -1.3));
#10033 = CARTESIAN_POINT('', (58.0856309685645, 65.3105356271147, 0.37));
#10034 = CARTESIAN_POINT('', (57.0200133608887, 64.0224861289526, -1.3));
#10035 = CARTESIAN_POINT('', (58.0252777421356, 65.356031600167, 0.37));
#10036 = CARTESIAN_POINT('', (56.9969897226584, 64.039842000154, -1.3));
#10037 = CARTESIAN_POINT('', (57.9649245157066, 65.4015275732193, 0.37));
#10038 = CARTESIAN_POINT('', (56.9731521297666, 64.0562873059473, -1.3));
#10039 = CARTESIAN_POINT('', (57.9024376217184, 65.4446366272405, 0.369999999999999));
#10040 = CARTESIAN_POINT('', (56.9487523054086, 64.0716483851352, -1.3));
#10041 = CARTESIAN_POINT('', (57.8384769170905, 65.4849035338495, 0.369999999999999));
#10042 = CARTESIAN_POINT('', (56.9243524810505, 64.087009464323, -1.3));
#10043 = CARTESIAN_POINT('', (57.7745162124626, 65.5251704404585, 0.369999999999999));
#10044 = CARTESIAN_POINT('', (56.8992180449069, 64.1013948401349, -1.3));
#10045 = CARTESIAN_POINT('', (57.7086298264549, 65.5628796780236, 0.369999999999999));
#10046 = CARTESIAN_POINT('', (56.8736144147404, 64.1146526040799, -1.3));
#10047 = CARTESIAN_POINT('', (57.6415135143681, 65.597633039821, 0.369999999999999));
#10048 = CARTESIAN_POINT('', (56.848010784574, 64.1279103680248, -1.3));
#10049 = CARTESIAN_POINT('', (57.5743972022813, 65.6323864016184, 0.369999999999999));
#10050 = CARTESIAN_POINT('', (56.8217570753964, 64.1401341837927, -1.3));
#10051 = CARTESIAN_POINT('', (57.5055767995828, 65.6644294138256, 0.37));
#10052 = CARTESIAN_POINT('', (56.7951305244099, 64.1511949688048, -1.3));
#10053 = CARTESIAN_POINT('', (57.4357790445696, 65.6934237046339, 0.37));
#10054 = CARTESIAN_POINT('', (56.7685039734234, 64.1622557538169, -1.3));
#10055 = CARTESIAN_POINT('', (57.3659812895565, 65.7224179954423, 0.37));
#10056 = CARTESIAN_POINT('', (56.7413164688902, 64.1722316505066, -1.3));
#10057 = CARTESIAN_POINT('', (57.2947130737899, 65.7485684042407, 0.37));
#10058 = CARTESIAN_POINT('', (56.7138551088215, 64.1810173141524, -1.3));
#10059 = CARTESIAN_POINT('', (57.2227269842893, 65.7715987846712, 0.37));
#10060 = CARTESIAN_POINT('', (56.6863937487527, 64.1898029777981, -1.3));
#10061 = CARTESIAN_POINT('', (57.1507408947887, 65.7946291651017, 0.37));
#10062 = CARTESIAN_POINT('', (56.6584645236364, 64.1974604775148, -1.3));
#10063 = CARTESIAN_POINT('', (57.0775283629304, 65.8147022226114, 0.369999999999999));
#10064 = CARTESIAN_POINT('', (56.6303623639975, 64.2039089506791, -1.3));
#10065 = CARTESIAN_POINT('', (57.0038625075664, 65.8316059872169, 0.369999999999999));
#10066 = CARTESIAN_POINT('', (56.6022602043587, 64.2103574238433, -1.3));
#10067 = CARTESIAN_POINT('', (56.9301966522023, 65.8485097518223, 0.369999999999999));
#10068 = CARTESIAN_POINT('', (56.5737865735528, 64.2156424277448, -1.3));
#10069 = CARTESIAN_POINT('', (56.8555570374684, 65.8623636455446, 0.37));
#10070 = CARTESIAN_POINT('', (56.5452421509882, 64.2197081531381, -1.3));
#10071 = CARTESIAN_POINT('', (56.7807318521049, 65.8730213723038, 0.37));
#10072 = CARTESIAN_POINT('', (56.5166977284236, 64.2237738785315, -1.3));
#10073 = CARTESIAN_POINT('', (56.7059066667414, 65.883679099063, 0.37));
#10074 = CARTESIAN_POINT('', (56.4878808529488, 64.2266490490268, -1.3));
#10075 = CARTESIAN_POINT('', (56.6303672844289, 65.8912159537594, 0.369999999999999));
#10076 = CARTESIAN_POINT('', (56.45909582861, 64.2283033030391, -1.3));
#10077 = CARTESIAN_POINT('', (56.5549113953856, 65.8955523477721, 0.369999999999999));
#10078 = CARTESIAN_POINT('', (56.4394289384027, 64.2294335446415, -1.3));
#10079 = CARTESIAN_POINT('', (56.503357411347, 65.8985151170211, 0.369999999999999));
#10080 = CARTESIAN_POINT('', (56.4196993405094, 64.23, -1.3));
#10081 = CARTESIAN_POINT('', (56.4516390479373, 65.9, 0.37));
#10082 = CARTESIAN_POINT('', (56.4, 64.23, -1.3));
#10083 = CARTESIAN_POINT('', (56.4, 65.9, 0.37));
#10084 = ADVANCED_FACE('', (#10085), #10095, .T.);
#10085 = FACE_OUTER_BOUND('', #10086, .T.);
#10086 = EDGE_LOOP('', (#10087, #10088, #10089, #10090));
#10087 = ORIENTED_EDGE('', *, *, #7778, .T.);
#10088 = ORIENTED_EDGE('', *, *, #9963, .F.);
#10089 = ORIENTED_EDGE('', *, *, #8317, .F.);
#10090 = ORIENTED_EDGE('', *, *, #10091, .T.);
#10091 = EDGE_CURVE('', #8229, #7779, #10092, .T.);
#10092 = B_SPLINE_CURVE_WITH_KNOTS('', 1, (#10093, #10094), .UNSPECIFIED., .F., .U., (2, 2), (0., 1.), .UNSPECIFIED.);
#10093 = CARTESIAN_POINT('', (59.1, 44.8, 0.37));
#10094 = CARTESIAN_POINT('', (57.43, 44.8, -1.3));
#10095 = B_SPLINE_SURFACE_WITH_KNOTS('', 1, 1, ((#10096, #10097), (#10098, #10099)), .UNSPECIFIED., .F., .F., .U., (2, 2), (2, 2), (0., 18.4), (0., 1.), .UNSPECIFIED.);
#10096 = CARTESIAN_POINT('', (57.43, 44.8, -1.3));
#10097 = CARTESIAN_POINT('', (59.1, 44.8, 0.37));
#10098 = CARTESIAN_POINT('', (57.43, 63.2, -1.3));
#10099 = CARTESIAN_POINT('', (59.1, 63.2, 0.37));
#10100 = ADVANCED_FACE('', (#10101), #10111, .T.);
#10101 = FACE_OUTER_BOUND('', #10102, .T.);
#10102 = EDGE_LOOP('', (#10103, #10104, #10109, #10110));
#10103 = ORIENTED_EDGE('', *, *, #8228, .F.);
#10104 = ORIENTED_EDGE('', *, *, #10105, .T.);
#10105 = EDGE_CURVE('', #8205, #7788, #10106, .T.);
#10106 = B_SPLINE_CURVE_WITH_KNOTS('', 1, (#10107, #10108), .UNSPECIFIED., .F., .U., (2, 2), (0., 1.), .UNSPECIFIED.);
#10107 = CARTESIAN_POINT('', (63.1, 40.8, 0.37));
#10108 = CARTESIAN_POINT('', (63.1, 39.13, -1.3));
#10109 = ORIENTED_EDGE('', *, *, #7787, .T.);
#10110 = ORIENTED_EDGE('', *, *, #10091, .F.);
#10111 = B_SPLINE_SURFACE_WITH_KNOTS('', 1, 3, ((#10112, #10113, #10114, #10115, #10116, #10117, #10118, #10119, #10120, #10121, #10122, #10123, #10124, #10125, #10126, #10127, #10128, #10129, #10130, #10131, #10132, #10133, #10134, #10135, #10136, #10137, #10138, #10139, #10140, #10141, #10142, #10143, #10144, #10145, #10146, #10147, #10148, #10149, #10150, #10151, #10152, #10153, #10154, #10155, #10156, #10157, #10158, #10159, #10160, #10161, #10162, #10163, #10164, #10165, #10166, #10167, #10168, #10169, #10170, #10171, #10172, #10173, #10174, #10175, #10176, #10177, #10178), (#10179, #10180, #10181, #10182, #10183, #10184, #10185, #10186, #10187, #10188, #10189, #10190, #10191, #10192, #10193, #10194, #10195, #10196, #10197, #10198, #10199, #10200, #10201, #10202, #10203, #10204, #10205, #10206, #10207, #10208, #10209, #10210, #10211, #10212, #10213, #10214, #10215, #10216, #10217, #10218, #10219, #10220, #10221, #10222, #10223, #10224, #10225, #10226, #10227, #10228, #10229, #10230, #10231, #10232, #10233, #10234, #10235, #10236, #10237, #10238, #10239, #10240, #10241, #10242, #10243, #10244, #10245)), .UNSPECIFIED., .F., .F., .U., (2, 2), (4, 3, 3, 3, 3, 3, 3, 3, 3, 3, 3, 3, 3, 3, 3, 3, 3, 3, 3, 3, 3, 3, 4), (0., 1.), (0., 0.437893890380859, 0.875787780761719, 1.31368167114258, 1.75157556152344, 2.1894694519043, 2.62736334228516, 3.06525723266602, 3.50315112304688, 3.94104501342774, 4.37893890380859, 4.81683279418945, 5.25472668457031, 5.69262057495117, 6.13051446533203, 6.56840835571289, 7.00630224609375, 7.44419613647461, 7.88209002685547, 8.31998391723633, 8.53893086242676, 8.75787780761719, 8.89767409058983), .UNSPECIFIED.);
#10112 = CARTESIAN_POINT('', (63.1, 40.8, 0.37));
#10113 = CARTESIAN_POINT('', (62.9970267159598, 40.8, 0.37));
#10114 = CARTESIAN_POINT('', (62.8937458822543, 40.803994152139, 0.369999999999999));
#10115 = CARTESIAN_POINT('', (62.7910801478794, 40.8119467750586, 0.369999999999999));
#10116 = CARTESIAN_POINT('', (62.6884144135046, 40.8198993979781, 0.369999999999999));
#10117 = CARTESIAN_POINT('', (62.5857505162431, 40.8318579957766, 0.37));
#10118 = CARTESIAN_POINT('', (62.4840055937511, 40.8477157375171, 0.37));
#10119 = CARTESIAN_POINT('', (62.382260671259, 40.8635734792575, 0.37));
#10120 = CARTESIAN_POINT('', (62.2808269616852, 40.8834250893767, 0.37));
#10121 = CARTESIAN_POINT('', (62.1806106129271, 40.9070932255013, 0.37));
#10122 = CARTESIAN_POINT('', (62.080394264169, 40.930761361626, 0.37));
#10123 = CARTESIAN_POINT('', (61.9807966451387, 40.9583874027053, 0.37));
#10124 = CARTESIAN_POINT('', (61.8827075012025, 40.989724554265, 0.37));
#10125 = CARTESIAN_POINT('', (61.7846183572662, 41.0210617058246, 0.37));
#10126 = CARTESIAN_POINT('', (61.6874517639549, 41.0562971568149, 0.37));
#10127 = CARTESIAN_POINT('', (61.5920757493097, 41.0951161348593, 0.37));
#10128 = CARTESIAN_POINT('', (61.4966997346644, 41.1339351129036, 0.37));
#10129 = CARTESIAN_POINT('', (61.4025445807888, 41.1765694988014, 0.37));
#10130 = CARTESIAN_POINT('', (61.310451413331, 41.2226384225311, 0.37));
#10131 = CARTESIAN_POINT('', (61.2183582458732, 41.2687073462608, 0.37));
#10132 = CARTESIAN_POINT('', (61.1277769566553, 41.3184859953569, 0.37));
#10133 = CARTESIAN_POINT('', (61.039516744563, 41.3715296772374, 0.37));
#10134 = CARTESIAN_POINT('', (60.9512565324707, 41.424573359118, 0.37));
#10135 = CARTESIAN_POINT('', (60.8647901850538, 41.4811989242508, 0.37));
#10136 = CARTESIAN_POINT('', (60.7808901407772, 41.5409005138143, 0.37));
#10137 = CARTESIAN_POINT('', (60.6969900965007, 41.6006021033778, 0.37));
#10138 = CARTESIAN_POINT('', (60.6151551878863, 41.6637363381027, 0.37));
#10139 = CARTESIAN_POINT('', (60.5361164789037, 41.7297392146186, 0.37));
#10140 = CARTESIAN_POINT('', (60.457077769921, 41.7957420911346, 0.37));
#10141 = CARTESIAN_POINT('', (60.3803631317316, 41.8650078702011, 0.37));
#10142 = CARTESIAN_POINT('', (60.3066578868815, 41.93691777291, 0.37));
#10143 = CARTESIAN_POINT('', (60.2329526420314, 42.0088276756189, 0.37));
#10144 = CARTESIAN_POINT('', (60.1618165205301, 42.0838112476862, 0.369999999999999));
#10145 = CARTESIAN_POINT('', (60.0938850098029, 42.1611986308719, 0.369999999999999));
#10146 = CARTESIAN_POINT('', (60.0259534990757, 42.2385860140577, 0.369999999999999));
#10147 = CARTESIAN_POINT('', (59.9608208178835, 42.3188394731915, 0.369999999999999));
#10148 = CARTESIAN_POINT('', (59.8990688225183, 42.4012420720245, 0.369999999999999));
#10149 = CARTESIAN_POINT('', (59.837316827153, 42.4836446708575, 0.369999999999999));
#10150 = CARTESIAN_POINT('', (59.7785766490156, 42.5686886320458, 0.37));
#10151 = CARTESIAN_POINT('', (59.7233730376113, 42.6556142238698, 0.37));
#10152 = CARTESIAN_POINT('', (59.668169426207, 42.7425398156937, 0.37));
#10153 = CARTESIAN_POINT('', (59.6161726289719, 42.8318662783994, 0.37));
#10154 = CARTESIAN_POINT('', (59.5678471540925, 42.9227956229681, 0.37));
#10155 = CARTESIAN_POINT('', (59.5195216792131, 43.0137249675369, 0.37));
#10156 = CARTESIAN_POINT('', (59.4745788599004, 43.1068003501816, 0.37));
#10157 = CARTESIAN_POINT('', (59.4334201883349, 43.2011902912822, 0.37));
#10158 = CARTESIAN_POINT('', (59.3922615167695, 43.2955802323829, 0.37));
#10159 = CARTESIAN_POINT('', (59.3546411362557, 43.3918485596365, 0.37));
#10160 = CARTESIAN_POINT('', (59.3208951246995, 43.489135269572, 0.37));
#10161 = CARTESIAN_POINT('', (59.2871491131434, 43.5864219795075, 0.37));
#10162 = CARTESIAN_POINT('', (59.2570758925403, 43.6853082033447, 0.369999999999999));
#10163 = CARTESIAN_POINT('', (59.230944118998, 43.7849105508951, 0.369999999999999));
#10164 = CARTESIAN_POINT('', (59.2048123454558, 43.8845128984455, 0.369999999999999));
#10165 = CARTESIAN_POINT('', (59.1824659237643, 43.98542633313, 0.369999999999999));
#10166 = CARTESIAN_POINT('', (59.1641044834462, 44.0867493548746, 0.369999999999999));
#10167 = CARTESIAN_POINT('', (59.1457430431281, 44.1880723766192, 0.369999999999999));
#10168 = CARTESIAN_POINT('', (59.1312569041849, 44.2904102270986, 0.37));
#10169 = CARTESIAN_POINT('', (59.1207754770895, 44.3928486813629, 0.37));
#10170 = CARTESIAN_POINT('', (59.1155347635419, 44.444067908495, 0.37));
#10171 = CARTESIAN_POINT('', (59.1112713663512, 44.4955418560515, 0.37));
#10172 = CARTESIAN_POINT('', (59.1080138753249, 44.546925346189, 0.37));
#10173 = CARTESIAN_POINT('', (59.1047563842986, 44.5983088363266, 0.37));
#10174 = CARTESIAN_POINT('', (59.1024853229975, 44.649909089361, 0.37));
#10175 = CARTESIAN_POINT('', (59.1012159208742, 44.7013800804604, 0.37));
#10176 = CARTESIAN_POINT('', (59.1004054153963, 44.7342439929044, 0.37));
#10177 = CARTESIAN_POINT('', (59.1, 44.7671260945391, 0.37));
#10178 = CARTESIAN_POINT('', (59.1, 44.8, 0.37));
#10179 = CARTESIAN_POINT('', (63.1, 39.13, -1.3));
#10180 = CARTESIAN_POINT('', (62.954035369873, 39.13, -1.3));
#10181 = CARTESIAN_POINT('', (62.8076347880954, 39.135661710657, -1.3));
#10182 = CARTESIAN_POINT('', (62.6621061096191, 39.1469345536454, -1.3));
#10183 = CARTESIAN_POINT('', (62.5165774311428, 39.1582073966338, -1.3));
#10184 = CARTESIAN_POINT('', (62.3710513567747, 39.1751587090133, -1.3));
#10185 = CARTESIAN_POINT('', (62.2268279291422, 39.1976370579304, -1.3));
#10186 = CARTESIAN_POINT('', (62.0826045015097, 39.2201154068475, -1.3));
#10187 = CARTESIAN_POINT('', (61.9388222181888, 39.2482550641914, -1.3));
#10188 = CARTESIAN_POINT('', (61.7967655438242, 39.2818046471481, -1.3));
#10189 = CARTESIAN_POINT('', (61.6547088694596, 39.3153542301048, -1.3));
#10190 = CARTESIAN_POINT('', (61.5135292444842, 39.3545141433348, -1.3));
#10191 = CARTESIAN_POINT('', (61.3744878829545, 39.3989345556706, -1.3));
#10192 = CARTESIAN_POINT('', (61.2354465214249, 39.4433549680064, -1.3));
#10193 = CARTESIAN_POINT('', (61.0977128754061, 39.4933012197852, -1.3));
#10194 = CARTESIAN_POINT('', (60.9625173746464, 39.548327121163, -1.3));
#10195 = CARTESIAN_POINT('', (60.8273218738868, 39.6033530225409, -1.3));
#10196 = CARTESIAN_POINT('', (60.6938569432681, 39.663787264551, -1.3));
#10197 = CARTESIAN_POINT('', (60.5633148783967, 39.7290899639378, -1.3));
#10198 = CARTESIAN_POINT('', (60.4327728135253, 39.7943926633247, -1.3));
#10199 = CARTESIAN_POINT('', (60.3043738360588, 39.8649538984184, -1.3));
#10200 = CARTESIAN_POINT('', (60.179264985418, 39.9401433174841, -1.3));
#10201 = CARTESIAN_POINT('', (60.0541561347772, 40.0153327365497, -1.3));
#10202 = CARTESIAN_POINT('', (59.9315900873138, 40.0955994751255, -1.3));
#10203 = CARTESIAN_POINT('', (59.8126617745518, 40.1802264783318, -1.3));
#10204 = CARTESIAN_POINT('', (59.6937334617898, 40.2648534815381, -1.3));
#10205 = CARTESIAN_POINT('', (59.5777324788288, 40.3543462592606, -1.3));
#10206 = CARTESIAN_POINT('', (59.4656951088459, 40.4479053367219, -1.3));
#10207 = CARTESIAN_POINT('', (59.3536577388631, 40.5414644141833, -1.3));
#10208 = CARTESIAN_POINT('', (59.2449147392296, 40.6396486560101, -1.3));
#10209 = CARTESIAN_POINT('', (59.1404375546545, 40.7415809430999, -1.3));
#10210 = CARTESIAN_POINT('', (59.0359603700795, 40.8435132301897, -1.3));
#10211 = CARTESIAN_POINT('', (58.9351249178514, 40.9498024435952, -1.3));
#10212 = CARTESIAN_POINT('', (58.8388320013956, 41.059499059261, -1.3));
#10213 = CARTESIAN_POINT('', (58.7425390849398, 41.1691956749268, -1.3));
#10214 = CARTESIAN_POINT('', (58.6502135093499, 41.282954953249, -1.3));
#10215 = CARTESIAN_POINT('', (58.5626800559196, 41.3997606370947, -1.3));
#10216 = CARTESIAN_POINT('', (58.4751466024894, 41.5165663209404, -1.3));
#10217 = CARTESIAN_POINT('', (58.3918823999796, 41.6371161359249, -1.3));
#10218 = CARTESIAN_POINT('', (58.313631280814, 41.7603331623354, -1.3));
#10219 = CARTESIAN_POINT('', (58.2353801616484, 41.8835501887458, -1.3));
#10220 = CARTESIAN_POINT('', (58.1616747015677, 42.0101704496312, -1.3));
#10221 = CARTESIAN_POINT('', (58.0931733409261, 42.1390627955574, -1.3));
#10222 = CARTESIAN_POINT('', (58.0246719802846, 42.2679551414835, -1.3));
#10223 = CARTESIAN_POINT('', (57.9609655339089, 42.3998894963824, -1.3));
#10224 = CARTESIAN_POINT('', (57.9026231169648, 42.5336872378925, -1.3));
#10225 = CARTESIAN_POINT('', (57.8442807000207, 42.6674849794027, -1.3));
#10226 = CARTESIAN_POINT('', (57.7909538106424, 42.8039453332848, -1.3));
#10227 = CARTESIAN_POINT('', (57.7431188392615, 42.9418492446183, -1.3));
#10228 = CARTESIAN_POINT('', (57.6952838678807, 43.0797531559519, -1.3));
#10229 = CARTESIAN_POINT('', (57.6526550776758, 43.2199243782411, -1.3));
#10230 = CARTESIAN_POINT('', (57.6156132886797, 43.3611107058938, -1.3));
#10231 = CARTESIAN_POINT('', (57.5785714996836, 43.5022970335466, -1.3));
#10232 = CARTESIAN_POINT('', (57.5468954469358, 43.6453418272117, -1.3));
#10233 = CARTESIAN_POINT('', (57.5208681052849, 43.7889672105347, -1.3));
#10234 = CARTESIAN_POINT('', (57.4948407636341, 43.9325925938578, -1.3));
#10235 = CARTESIAN_POINT('', (57.4743066616819, 44.0776564969122, -1.3));
#10236 = CARTESIAN_POINT('', (57.4594492387743, 44.2228630058319, -1.3));
#10237 = CARTESIAN_POINT('', (57.4520205273204, 44.2954662602918, -1.3));
#10238 = CARTESIAN_POINT('', (57.4459771618028, 44.3684305809529, -1.3));
#10239 = CARTESIAN_POINT('', (57.4413596682731, 44.4412666782229, -1.3));
#10240 = CARTESIAN_POINT('', (57.4367421747433, 44.514102775493, -1.3));
#10241 = CARTESIAN_POINT('', (57.4335229453487, 44.5872461341693, -1.3));
#10242 = CARTESIAN_POINT('', (57.4317235678389, 44.6602062640527, -1.3));
#10243 = CARTESIAN_POINT('', (57.430574676324, 44.706790859942, -1.3));
#10244 = CARTESIAN_POINT('', (57.43, 44.7534012390091, -1.3));
#10245 = CARTESIAN_POINT('', (57.43, 44.8, -1.3));
#10246 = ADVANCED_FACE('', (#10247), #10257, .T.);
#10247 = FACE_OUTER_BOUND('', #10248, .T.);
#10248 = EDGE_LOOP('', (#10249, #10250, #10251, #10252));
#10249 = ORIENTED_EDGE('', *, *, #7859, .T.);
#10250 = ORIENTED_EDGE('', *, *, #10105, .F.);
#10251 = ORIENTED_EDGE('', *, *, #8204, .F.);
#10252 = ORIENTED_EDGE('', *, *, #10253, .T.);
#10253 = EDGE_CURVE('', #8104, #7860, #10254, .T.);
#10254 = B_SPLINE_CURVE_WITH_KNOTS('', 1, (#10255, #10256), .UNSPECIFIED., .F., .U., (2, 2), (0., 1.), .UNSPECIFIED.);
#10255 = CARTESIAN_POINT('', (82.7207843891258, 40.8, 0.37));
#10256 = CARTESIAN_POINT('', (82.7207843891258, 39.13, -1.3));
#10257 = B_SPLINE_SURFACE_WITH_KNOTS('', 1, 1, ((#10258, #10259), (#10260, #10261)), .UNSPECIFIED., .F., .F., .U., (2, 2), (2, 2), (0., 19.6207843891258), (0., 1.), .UNSPECIFIED.);
#10258 = CARTESIAN_POINT('', (82.7207843891258, 39.13, -1.3));
#10259 = CARTESIAN_POINT('', (82.7207843891258, 40.8, 0.37));
#10260 = CARTESIAN_POINT('', (63.1, 39.13, -1.3));
#10261 = CARTESIAN_POINT('', (63.1, 40.8, 0.37));
#10262 = ADVANCED_FACE('', (#10263), #10272, .T.);
#10263 = FACE_OUTER_BOUND('', #10264, .T.);
#10264 = EDGE_LOOP('', (#10265, #10266, #10271));
#10265 = ORIENTED_EDGE('', *, *, #10253, .F.);
#10266 = ORIENTED_EDGE('', *, *, #10267, .F.);
#10267 = EDGE_CURVE('', #7869, #8104, #10268, .T.);
#10268 = B_SPLINE_CURVE_WITH_KNOTS('', 1, (#10269, #10270), .UNSPECIFIED., .F., .U., (2, 2), (0., 1.), .UNSPECIFIED.);
#10269 = CARTESIAN_POINT('', (84.2346266269391, 40.0948888888889, -1.3));
#10270 = CARTESIAN_POINT('', (82.7207843891258, 40.8, 0.37));
#10271 = ORIENTED_EDGE('', *, *, #7868, .F.);
#10272 = B_SPLINE_SURFACE_WITH_KNOTS('', 3, 3, ((#10273, #10274, #10275, #10276, #10277, #10278, #10279, #10280, #10281, #10282, #10283, #10284, #10285, #10286, #10287, #10288, #10289, #10290, #10291, #10292, #10293, #10294, #10295, #10296, #10297), (#10298, #10299, #10300, #10301, #10302, #10303, #10304, #10305, #10306, #10307, #10308, #10309, #10310, #10311, #10312, #10313, #10314, #10315, #10316, #10317, #10318, #10319, #10320, #10321, #10322), (#10323, #10324, #10325, #10326, #10327, #10328, #10329, #10330, #10331, #10332, #10333, #10334, #10335, #10336, #10337, #10338, #10339, #10340, #10341, #10342, #10343, #10344, #10345, #10346, #10347), (#10348, #10349, #10350, #10351, #10352, #10353, #10354, #10355, #10356, #10357, #10358, #10359, #10360, #10361, #10362, #10363, #10364, #10365, #10366, #10367, #10368, #10369, #10370, #10371, #10372), (#10373, #10374, #10375, #10376, #10377, #10378, #10379, #10380, #10381, #10382, #10383, #10384, #10385, #10386, #10387, #10388, #10389, #10390, #10391, #10392, #10393, #10394, #10395, #10396, #10397), (#10398, #10399, #10400, #10401, #10402, #10403, #10404, #10405, #10406, #10407, #10408, #10409, #10410, #10411, #10412, #10413, #10414, #10415, #10416, #10417, #10418, #10419, #10420, #10421, #10422), (#10423, #10424, #10425, #10426, #10427, #10428, #10429, #10430, #10431, #10432, #10433, #10434, #10435, #10436, #10437, #10438, #10439, #10440, #10441, #10442, #10443, #10444, #10445, #10446, #10447), (#10448, #10449, #10450, #10451, #10452, #10453, #10454, #10455, #10456, #10457, #10458, #10459, #10460, #10461, #10462, #10463, #10464, #10465, #10466, #10467, #10468, #10469, #10470, #10471, #10472), (#10473, #10474, #10475, #10476, #10477, #10478, #10479, #10480, #10481, #10482, #10483, #10484, #10485, #10486, #10487, #10488, #10489, #10490, #10491, #10492, #10493, #10494, #10495, #10496, #10497), (#10498, #10499, #10500, #10501, #10502, #10503, #10504, #10505, #10506, #10507, #10508, #10509, #10510, #10511, #10512, #10513, #10514, #10515, #10516, #10517, #10518, #10519, #10520, #10521, #10522), (#10523, #10524, #10525, #10526, #10527, #10528, #10529, #10530, #10531, #10532, #10533, #10534, #10535, #10536, #10537, #10538, #10539, #10540, #10541, #10542, #10543, #10544, #10545, #10546, #10547), (#10548, #10549, #10550, #10551, #10552, #10553, #10554, #10555, #10556, #10557, #10558, #10559, #10560, #10561, #10562, #10563, #10564, #10565, #10566, #10567, #10568, #10569, #10570, #10571, #10572), (#10573, #10574, #10575, #10576, #10577, #10578, #10579, #10580, #10581, #10582, #10583, #10584, #10585, #10586, #10587, #10588, #10589, #10590, #10591, #10592, #10593, #10594, #10595, #10596, #10597), (#10598, #10599, #10600, #10601, #10602, #10603, #10604, #10605, #10606, #10607, #10608, #10609, #10610, #10611, #10612, #10613, #10614, #10615, #10616, #10617, #10618, #10619, #10620, #10621, #10622), (#10623, #10624, #10625, #10626, #10627, #10628, #10629, #10630, #10631, #10632, #10633, #10634, #10635, #10636, #10637, #10638, #10639, #10640, #10641, #10642, #10643, #10644, #10645, #10646, #10647), (#10648, #10649, #10650, #10651, #10652, #10653, #10654, #10655, #10656, #10657, #10658, #10659, #10660, #10661, #10662, #10663, #10664, #10665, #10666, #10667, #10668, #10669, #10670, #10671, #10672)), .UNSPECIFIED., .F., .F., .U., (4, 3, 3, 3, 3, 4), (4, 3, 3, 3, 3, 3, 3, 3, 4), (0., 0.0625, 0.125, 0.25, 0.5, 1.), (0., 0.0625, 0.125, 0.25, 0.5, 0.75, 0.875, 0.9375, 1.), .UNSPECIFIED.);
#10273 = CARTESIAN_POINT('', (82.7207843891258, 39.13, -1.3));
#10274 = CARTESIAN_POINT('', (82.7523227690802, 39.1501018518519, -1.3));
#10275 = CARTESIAN_POINT('', (82.7838611490347, 39.1702037037037, -1.3));
#10276 = CARTESIAN_POINT('', (82.8153995289891, 39.1903055555556, -1.3));
#10277 = CARTESIAN_POINT('', (82.8469379089435, 39.2104074074074, -1.3));
#10278 = CARTESIAN_POINT('', (82.878476288898, 39.2305092592593, -1.3));
#10279 = CARTESIAN_POINT('', (82.9100146688524, 39.2506111111111, -1.3));
#10280 = CARTESIAN_POINT('', (82.9730914287613, 39.2908148148148, -1.3));
#10281 = CARTESIAN_POINT('', (83.0361681886702, 39.3310185185185, -1.3));
#10282 = CARTESIAN_POINT('', (83.0992449485791, 39.3712222222222, -1.3));
#10283 = CARTESIAN_POINT('', (83.2253984683969, 39.4516296296296, -1.3));
#10284 = CARTESIAN_POINT('', (83.3515519882147, 39.532037037037, -1.3));
#10285 = CARTESIAN_POINT('', (83.4777055080325, 39.6124444444445, -1.3));
#10286 = CARTESIAN_POINT('', (83.6038590278502, 39.6928518518519, -1.3));
#10287 = CARTESIAN_POINT('', (83.730012547668, 39.7732592592593, -1.3));
#10288 = CARTESIAN_POINT('', (83.8561660674858, 39.8536666666667, -1.3));
#10289 = CARTESIAN_POINT('', (83.9192428273947, 39.8938703703704, -1.3));
#10290 = CARTESIAN_POINT('', (83.9823195873036, 39.9340740740741, -1.3));
#10291 = CARTESIAN_POINT('', (84.0453963472124, 39.9742777777778, -1.3));
#10292 = CARTESIAN_POINT('', (84.0769347271669, 39.9943796296296, -1.3));
#10293 = CARTESIAN_POINT('', (84.1084731071213, 40.0144814814815, -1.3));
#10294 = CARTESIAN_POINT('', (84.1400114870758, 40.0345833333333, -1.3));
#10295 = CARTESIAN_POINT('', (84.1715498670302, 40.0546851851852, -1.3));
#10296 = CARTESIAN_POINT('', (84.2030882469846, 40.074787037037, -1.3));
#10297 = CARTESIAN_POINT('', (84.2346266269391, 40.0948888888889, -1.3));
#10298 = CARTESIAN_POINT('', (82.7207843891258, 39.1647916666667, -1.26520833333333));
#10299 = CARTESIAN_POINT('', (82.7523224448308, 39.1848933635162, -1.26520838500279));
#10300 = CARTESIAN_POINT('', (82.7837594967998, 39.2049306795153, -1.30000009988551));
#10301 = CARTESIAN_POINT('', (82.8150965209369, 39.2249042366735, -1.30000014469017));
#10302 = CARTESIAN_POINT('', (82.8464335450741, 39.2448777938318, -1.30000018949482));
#10303 = CARTESIAN_POINT('', (82.8776708756425, 39.2647878052399, -1.30000023088808));
#10304 = CARTESIAN_POINT('', (82.9088142827788, 39.2846379486453, -1.30000026891195));
#10305 = CARTESIAN_POINT('', (82.9711010970515, 39.324338235456, -1.3000003449597));
#10306 = CARTESIAN_POINT('', (83.0330090278276, 39.3637970172358, -1.30000040752991));
#10307 = CARTESIAN_POINT('', (83.0946261638973, 39.4030704399698, -1.30000045695869));
#10308 = CARTESIAN_POINT('', (83.2178604360366, 39.4816172854376, -1.30000055581624));
#10309 = CARTESIAN_POINT('', (83.3399109495016, 39.5594095776147, -1.30000060210806));
#10310 = CARTESIAN_POINT('', (83.4619360623901, 39.6371856294768, -1.30000059852297));
#10311 = CARTESIAN_POINT('', (83.5839611752785, 39.7149616813389, -1.30000059493787));
#10312 = CARTESIAN_POINT('', (83.7060117313014, 39.7927538994289, -1.30000054147586));
#10313 = CARTESIAN_POINT('', (83.8292460887154, 39.8713005968381, -1.30000044082576));
#10314 = CARTESIAN_POINT('', (83.8908632674224, 39.9105739455426, -1.30000039050071));
#10315 = CARTESIAN_POINT('', (83.952771251379, 39.9500326347039, -1.30000032837864));
#10316 = CARTESIAN_POINT('', (84.0150581296246, 39.9897328104803, -1.30000025479564));
#10317 = CARTESIAN_POINT('', (84.0462015687474, 40.0095828983685, -1.30000021800414));
#10318 = CARTESIAN_POINT('', (84.0774389338813, 40.0294928495639, -1.30000017834742));
#10319 = CARTESIAN_POINT('', (84.1087759953304, 40.0494663419586, -1.30000013586747));
#10320 = CARTESIAN_POINT('', (84.1401130567795, 40.0694398343532, -1.30000009338753));
#10321 = CARTESIAN_POINT('', (84.1715501486481, 40.0894770808836, -1.2652083814177));
#10322 = CARTESIAN_POINT('', (84.2030882469846, 40.1095787037037, -1.26520833333333));
#10323 = CARTESIAN_POINT('', (82.7207843891258, 39.1995833333333, -1.23041666666667));
#10324 = CARTESIAN_POINT('', (82.7522211093851, 39.2096017645893, -1.22039804167686));
#10325 = CARTESIAN_POINT('', (82.7840396130986, 39.2204897001324, -1.27623995580989));
#10326 = CARTESIAN_POINT('', (82.8161348582878, 39.2321801885033, -1.26747365905435));
#10327 = CARTESIAN_POINT('', (82.848230103477, 39.2438706768742, -1.2587073622988));
#10328 = CARTESIAN_POINT('', (82.8806027168855, 39.2563641176181, -1.25056722965467));
#10329 = CARTESIAN_POINT('', (82.9131566457207, 39.2695992887842, -1.24305326111051));
#10330 = CARTESIAN_POINT('', (82.9782645033912, 39.2960696311166, -1.22802532402221));
#10331 = CARTESIAN_POINT('', (83.0440916419534, 39.3255030832254, -1.21550204333382));
#10332 = CARTESIAN_POINT('', (83.1099482534994, 39.357459977016, -1.20548341895387));
#10333 = CARTESIAN_POINT('', (83.2416614765914, 39.4213737645973, -1.18544617019397));
#10334 = CARTESIAN_POINT('', (83.3734540044031, 39.4953567243302, -1.17542754666783));
#10335 = CARTESIAN_POINT('', (83.5006579632548, 39.5764336585109, -1.17542754764361));
#10336 = CARTESIAN_POINT('', (83.6278619221064, 39.6575105926916, -1.17542754861939));
#10337 = CARTESIAN_POINT('', (83.750572643956, 39.7457422635881, -1.1854461740971));
#10338 = CARTESIAN_POINT('', (83.8641222554218, 39.8381534737133, -1.20548342334488));
#10339 = CARTESIAN_POINT('', (83.9208970611546, 39.8843590787759, -1.21550204796878));
#10340 = CARTESIAN_POINT('', (83.9753719422324, 39.9316034198211, -1.22802532853519));
#10341 = CARTESIAN_POINT('', (84.0268570912149, 39.9794468290795, -1.24305326495265));
#10342 = CARTESIAN_POINT('', (84.0525996657061, 40.0033685337087, -1.25056723316138));
#10343 = CARTESIAN_POINT('', (84.0775933117465, 40.0274390522413, -1.25870736533287));
#10344 = CARTESIAN_POINT('', (84.1017419768572, 40.0515971629978, -1.26747366145568));
#10345 = CARTESIAN_POINT('', (84.1258906419681, 40.0757552737543, -1.2762399575785));
#10346 = CARTESIAN_POINT('', (84.149194952595, 40.1000013759906, -1.22039804265264));
#10347 = CARTESIAN_POINT('', (84.1715498670302, 40.1242685185185, -1.23041666666667));
#10348 = CARTESIAN_POINT('', (82.7207843891258, 39.234375, -1.195625));
#10349 = CARTESIAN_POINT('', (82.7520197400184, 39.2443292177418, -1.18567050977936));
#10350 = CARTESIAN_POINT('', (82.7835646606863, 39.2551029043031, -1.26807401563207));
#10351 = CARTESIAN_POINT('', (82.8153144891826, 39.2666293503631, -1.25936383775985));
#10352 = CARTESIAN_POINT('', (82.8470643176788, 39.278155796423, -1.25065365988763));
#10353 = CARTESIAN_POINT('', (82.8790199353618, 39.2904355638418, -1.24256563813422));
#10354 = CARTESIAN_POINT('', (82.9110893213274, 39.30341000042, -1.23509977238886));
#10355 = CARTESIAN_POINT('', (82.9752280932587, 39.3293588735764, -1.22016804089814));
#10356 = CARTESIAN_POINT('', (83.0398135277993, 39.3580810628679, -1.20772493343959));
#10357 = CARTESIAN_POINT('', (83.1042200092634, 39.389177814385, -1.19777044912701));
#10358 = CARTESIAN_POINT('', (83.2330329721916, 39.4513713174192, -1.17786148050185));
#10359 = CARTESIAN_POINT('', (83.3610758595418, 39.5230284832339, -1.16790700446054));
#10360 = CARTESIAN_POINT('', (83.4845398874285, 39.6017216748464, -1.16790701391342));
#10361 = CARTESIAN_POINT('', (83.6080039153153, 39.6804148664589, -1.16790702336631));
#10362 = CARTESIAN_POINT('', (83.7270231443044, 39.7662295308087, -1.17786151831339));
#10363 = CARTESIAN_POINT('', (83.8377887909297, 39.856738031218, -1.197770491665));
#10364 = CARTESIAN_POINT('', (83.8931716142424, 39.9019922814226, -1.2077249783408));
#10365 = CARTESIAN_POINT('', (83.9464774757872, 39.9484113438576, -1.22016808461774));
#10366 = CARTESIAN_POINT('', (83.9970807605359, 39.9955964650706, -1.2350998096096));
#10367 = CARTESIAN_POINT('', (84.0223824029102, 40.0191890256772, -1.24256567210553));
#10368 = CARTESIAN_POINT('', (84.0470062981412, 40.0429717606112, -1.25065368928019));
#10369 = CARTESIAN_POINT('', (84.0708604257663, 40.0668860180546, -1.25936386102281));
#10370 = CARTESIAN_POINT('', (84.0947145533915, 40.0908002754979, -1.26807403276543));
#10371 = CARTESIAN_POINT('', (84.1177997943499, 40.114846616904, -1.18567051923225));
#10372 = CARTESIAN_POINT('', (84.1400114870758, 40.1389583333333, -1.195625));
#10373 = CARTESIAN_POINT('', (82.7207843891258, 39.2691666666667, -1.16083333333333));
#10374 = CARTESIAN_POINT('', (82.7518183706518, 39.2790566708943, -1.15094297788187));
#10375 = CARTESIAN_POINT('', (82.7830897082739, 39.2897161084738, -1.25990807545425));
#10376 = CARTESIAN_POINT('', (82.8144941200773, 39.3010785122228, -1.25125401646535));
#10377 = CARTESIAN_POINT('', (82.8458985318807, 39.3124409159718, -1.24259995747645));
#10378 = CARTESIAN_POINT('', (82.877437153838, 39.3245070100656, -1.23456404661378));
#10379 = CARTESIAN_POINT('', (82.9090219969341, 39.3372207120558, -1.22714628366721));
#10380 = CARTESIAN_POINT('', (82.9721916831263, 39.3626481160361, -1.21231075777408));
#10381 = CARTESIAN_POINT('', (83.0355354136453, 39.3906590425104, -1.19994782354537));
#10382 = CARTESIAN_POINT('', (83.0984917650274, 39.420895651754, -1.19005747930015));
#10383 = CARTESIAN_POINT('', (83.2244044677918, 39.4813688702412, -1.17027679080972));
#10384 = CARTESIAN_POINT('', (83.3486977146805, 39.5507002421376, -1.16038646225324));
#10385 = CARTESIAN_POINT('', (83.4684218116023, 39.6270096911819, -1.16038648018323));
#10386 = CARTESIAN_POINT('', (83.5881459085241, 39.7033191402263, -1.16038649811322));
#10387 = CARTESIAN_POINT('', (83.7034736446529, 39.7867167980293, -1.17027686252968));
#10388 = CARTESIAN_POINT('', (83.8114553264378, 39.8753225887226, -1.19005755998511));
#10389 = CARTESIAN_POINT('', (83.8654461673303, 39.9196254840693, -1.19994790871283));
#10390 = CARTESIAN_POINT('', (83.917583009342, 39.965219267894, -1.21231084070029));
#10391 = CARTESIAN_POINT('', (83.9673044298569, 40.0117461010618, -1.22714635426655));
#10392 = CARTESIAN_POINT('', (83.9921651401143, 40.0350095176456, -1.23456411104969));
#10393 = CARTESIAN_POINT('', (84.016419284536, 40.0585044689812, -1.24260001322752));
#10394 = CARTESIAN_POINT('', (84.0399788746754, 40.0821748731113, -1.25125406058994));
#10395 = CARTESIAN_POINT('', (84.0635384648149, 40.1058452772414, -1.25990810795236));
#10396 = CARTESIAN_POINT('', (84.0864046361049, 40.1296918578175, -1.15094299581186));
#10397 = CARTESIAN_POINT('', (84.1084731071213, 40.1536481481482, -1.16083333333333));
#10398 = CARTESIAN_POINT('', (82.7207843891258, 39.3039583333333, -1.12604166666667));
#10399 = CARTESIAN_POINT('', (82.7515173016902, 39.3137523568009, -1.11624722504275));
#10400 = CARTESIAN_POINT('', (82.7824297438479, 39.3242729612965, -1.24786246248751));
#10401 = CARTESIAN_POINT('', (82.8134174474536, 39.335453688469, -1.23929232683782));
#10402 = CARTESIAN_POINT('', (82.8444051510593, 39.3466344156415, -1.23072219118814));
#10403 = CARTESIAN_POINT('', (82.8754694688347, 39.3584761278422, -1.22276420848567));
#10404 = CARTESIAN_POINT('', (82.9065255342944, 39.3709247329093, -1.21541837865065));
#10405 = CARTESIAN_POINT('', (82.9686376652139, 39.3958219430435, -1.2007267189806));
#10406 = CARTESIAN_POINT('', (83.0307038782775, 39.4231384972647, -1.18848367078031));
#10407 = CARTESIAN_POINT('', (83.0922149177524, 39.4525498069872, -1.17868923341151));
#10408 = CARTESIAN_POINT('', (83.2152369967023, 39.511372426432, -1.15910035867392));
#10409 = CARTESIAN_POINT('', (83.3359550972239, 39.5785209845897, -1.14930592726228));
#10410 = CARTESIAN_POINT('', (83.4521310293036, 39.6525689068316, -1.14930593407046));
#10411 = CARTESIAN_POINT('', (83.5683069613834, 39.7266168290734, -1.14930594087865));
#10412 = CARTESIAN_POINT('', (83.6801464831642, 39.8076952606278, -1.15910038590666));
#10413 = CARTESIAN_POINT('', (83.7854114052762, 39.8943776273343, -1.17868926404835));
#10414 = CARTESIAN_POINT('', (83.8380438663322, 39.9377188106875, -1.18848370311919));
#10415 = CARTESIAN_POINT('', (83.8890118559016, 39.9824477066156, -1.20072675046846));
#10416 = CARTESIAN_POINT('', (83.9378061192609, 40.028239727235, -1.21541840545788));
#10417 = CARTESIAN_POINT('', (83.9622032509405, 40.0511357375446, -1.22276423295259));
#10418 = CARTESIAN_POINT('', (83.9860537234375, 40.074295471812, -1.23072221235734));
#10419 = CARTESIAN_POINT('', (84.009272670944, 40.0976648384602, -1.23929234359234));
#10420 = CARTESIAN_POINT('', (84.0324916184505, 40.1210342051084, -1.24786247482735));
#10421 = CARTESIAN_POINT('', (84.0550803930451, 40.1446140658647, -1.11624723185094));
#10422 = CARTESIAN_POINT('', (84.0769347271669, 40.168337962963, -1.12604166666667));
#10423 = CARTESIAN_POINT('', (82.7207843891258, 39.33875, -1.09125));
#10424 = CARTESIAN_POINT('', (82.7511223045779, 39.3484181140696, -1.08158141121165));
#10425 = CARTESIAN_POINT('', (82.7815955888233, 39.3587767966331, -1.23234132900189));
#10426 = CARTESIAN_POINT('', (82.8120995685586, 39.3697593310144, -1.22388131567772));
#10427 = CARTESIAN_POINT('', (82.842603548294, 39.3807418653957, -1.21542130235355));
#10428 = CARTESIAN_POINT('', (82.873139759041, 39.39234923048, -1.20756557666496));
#10429 = CARTESIAN_POINT('', (82.903625551002, 39.4045287468873, -1.20031413841897));
#10430 = CARTESIAN_POINT('', (82.9645971349242, 39.4288877797019, -1.18581126192699));
#10431 = CARTESIAN_POINT('', (83.0253523907047, 39.4555260786219, -1.17372553520539));
#10432 = CARTESIAN_POINT('', (83.0854227253215, 39.4841449720062, -1.16405695671018));
#10433 = CARTESIAN_POINT('', (83.2055633945552, 39.5413827587749, -1.14471979971977));
#10434 = CARTESIAN_POINT('', (83.3228698404556, 39.6064826666905, -1.13505123563497));
#10435 = CARTESIAN_POINT('', (83.435677263323, 39.6783835829046, -1.135051252104));
#10436 = CARTESIAN_POINT('', (83.5484846861902, 39.7502844991188, -1.13505126857303));
#10437 = CARTESIAN_POINT('', (83.6570266493215, 39.829135291188, -1.14471986559589));
#10438 = CARTESIAN_POINT('', (83.7596383537474, 39.9138748467952, -1.16405703082081));
#10439 = CARTESIAN_POINT('', (83.8109442059603, 39.9562446245988, -1.17372561343328));
#10440 = CARTESIAN_POINT('', (83.8607438582019, 40.0000715286666, -1.18581133809625));
#10441 = CARTESIAN_POINT('', (83.9085687185957, 40.0450568881543, -1.20031420326577));
#10442 = CARTESIAN_POINT('', (83.9324811487926, 40.0675495678982, -1.20756563585054));
#10443 = CARTESIAN_POINT('', (83.9558962172313, 40.0903295262798, -1.21542135356193));
#10444 = CARTESIAN_POINT('', (83.9787312748829, 40.1133440845833, -1.22388135620697));
#10445 = CARTESIAN_POINT('', (84.0015663325346, 40.1363586428867, -1.23234135885201));
#10446 = CARTESIAN_POINT('', (84.0238229141911, 40.1596087792889, -1.08158142768068));
#10447 = CARTESIAN_POINT('', (84.0453963472124, 40.1830277777778, -1.09125));
#10448 = CARTESIAN_POINT('', (82.7207843891258, 39.4083333333333, -1.02166666666667));
#10449 = CARTESIAN_POINT('', (82.7503323103532, 39.4177496286072, -1.01224978354945));
#10450 = CARTESIAN_POINT('', (82.7799272787742, 39.4277844673065, -1.20129906203065));
#10451 = CARTESIAN_POINT('', (82.8094638107687, 39.4383706161052, -1.19305929335751));
#10452 = CARTESIAN_POINT('', (82.8390003427632, 39.448956764904, -1.18481952468436));
#10453 = CARTESIAN_POINT('', (82.8684803394535, 39.4600954357556, -1.17716831302354));
#10454 = CARTESIAN_POINT('', (82.8978255844173, 39.4717367748432, -1.17010565795562));
#10455 = CARTESIAN_POINT('', (82.9565160743448, 39.4950194530186, -1.15598034781978));
#10456 = CARTESIAN_POINT('', (83.0146494155592, 39.5203012413364, -1.14420926405554));
#10457 = CARTESIAN_POINT('', (83.0718383404598, 39.5473353020444, -1.13479240330753));
#10458 = CARTESIAN_POINT('', (83.1862161902609, 39.6014034234606, -1.11595868181149));
#10459 = CARTESIAN_POINT('', (83.2966993269192, 39.6624060308921, -1.10654185238035));
#10460 = CARTESIAN_POINT('', (83.4027697313615, 39.7300129350508, -1.10654188817107));
#10461 = CARTESIAN_POINT('', (83.5088401358038, 39.7976198392095, -1.10654192396179));
#10462 = CARTESIAN_POINT('', (83.6107869816362, 39.8720153523083, -1.11595882497436));
#10463 = CARTESIAN_POINT('', (83.7080922506898, 39.952869285717, -1.13479256436575));
#10464 = CARTESIAN_POINT('', (83.7567448852167, 39.9932962524213, -1.14420943406144));
#10465 = CARTESIAN_POINT('', (83.8042078628028, 40.0353191727684, -1.15598051335184));
#10466 = CARTESIAN_POINT('', (83.8500939172655, 40.0786912099929, -1.17010579888157));
#10467 = CARTESIAN_POINT('', (83.8730369444969, 40.1003772286051, -1.17716844164643));
#10468 = CARTESIAN_POINT('', (83.8955812048187, 40.1223976352155, -1.18481963597112));
#10469 = CARTESIAN_POINT('', (83.9176484827607, 40.1447025768295, -1.19305938143622));
#10470 = CARTESIAN_POINT('', (83.9397157607026, 40.1670075184435, -1.20129912690133));
#10471 = CARTESIAN_POINT('', (83.961307956483, 40.1895982061373, -1.01224981934017));
#10472 = CARTESIAN_POINT('', (83.9823195873035, 40.2124074074074, -1.02166666666667));
#10473 = CARTESIAN_POINT('', (82.7207843891258, 39.4779166666667, -0.952083333333333));
#10474 = CARTESIAN_POINT('', (82.7491634140329, 39.4869604123629, -0.943038928800447));
#10475 = CARTESIAN_POINT('', (82.7775563758933, 39.4965783175663, -1.15635667628589));
#10476 = CARTESIAN_POINT('', (82.8058552395825, 39.5067015227115, -1.14844282546435));
#10477 = CARTESIAN_POINT('', (82.8341541032717, 39.5168247278567, -1.14052897464281));
#10478 = CARTESIAN_POINT('', (82.8623609997178, 39.5274545913969, -1.13318040051428));
#10479 = CARTESIAN_POINT('', (82.8903984570288, 39.5385417340957, -1.12639710275344));
#10480 = CARTESIAN_POINT('', (82.9464733716509, 39.5607160194933, -1.11283050723178));
#10481 = CARTESIAN_POINT('', (83.00185019496, 39.5847064610221, -1.10152501718089));
#10482 = CARTESIAN_POINT('', (83.0561764408895, 39.6102883903264, -1.09248062999825));
#10483 = CARTESIAN_POINT('', (83.1648289327485, 39.6614522489351, -1.07439185563298));
#10484 = CARTESIAN_POINT('', (83.2691479185557, 39.7188984370889, -1.06534749274069));
#10485 = CARTESIAN_POINT('', (83.3692055143572, 39.7826729079248, -1.06534752050109));
#10486 = CARTESIAN_POINT('', (83.4692631101587, 39.8464473787608, -1.06534754826149));
#10487 = CARTESIAN_POINT('', (83.5653834446118, 39.91675672399, -1.07439196667457));
#10488 = CARTESIAN_POINT('', (83.6576386347764, 39.9936468974868, -1.09248075492005));
#10489 = CARTESIAN_POINT('', (83.7037662298587, 40.0320919842351, -1.10152514904278));
#10490 = CARTESIAN_POINT('', (83.7488947388677, 40.0721613720467, -1.11283063562362));
#10491 = CARTESIAN_POINT('', (83.7926716773265, 40.1136303936719, -1.12639721206001));
#10492 = CARTESIAN_POINT('', (83.8145601465558, 40.1343649044844, -1.13318050027821));
#10493 = CARTESIAN_POINT('', (83.8361056386956, 40.1554460830409, -1.14052906096029));
#10494 = CARTESIAN_POINT('', (83.8572306829209, 40.1768245510264, -1.14844289378095));
#10495 = CARTESIAN_POINT('', (83.8783557271461, 40.198203019012, -1.15635672660161));
#10496 = CARTESIAN_POINT('', (83.899062453372, 40.2198801338968, -0.943038956560845));
#10497 = CARTESIAN_POINT('', (83.9192428273946, 40.241787037037, -0.952083333333333));
#10498 = CARTESIAN_POINT('', (82.7207843891258, 39.5475, -0.8825));
#10499 = CARTESIAN_POINT('', (82.7477037155124, 39.5560785368831, -0.873920765571016));
#10500 = CARTESIAN_POINT('', (82.774646225019, 39.5652080533145, -1.1007214848063));
#10501 = CARTESIAN_POINT('', (82.8015000052462, 39.574817218453, -1.09321465742228));
#10502 = CARTESIAN_POINT('', (82.8283537854733, 39.5844263835915, -1.08570783003826));
#10503 = CARTESIAN_POINT('', (82.8551210926978, 39.5945166357991, -1.07873720603492));
#10504 = CARTESIAN_POINT('', (82.8817223755899, 39.6050372704654, -1.07230278512869));
#10505 = CARTESIAN_POINT('', (82.9349249413741, 39.626078539798, -1.05943394331621));
#10506 = CARTESIAN_POINT('', (82.9874418788931, 39.6488276160793, -1.04870991389214));
#10507 = CARTESIAN_POINT('', (83.0389197894643, 39.6730592494623, -1.04013069458778));
#10508 = CARTESIAN_POINT('', (83.1418756106068, 39.7215225162282, -1.02297225597906));
#10509 = CARTESIAN_POINT('', (83.2405364099821, 39.7758274709286, -1.01439305784917));
#10510 = CARTESIAN_POINT('', (83.3351371206273, 39.8361238441793, -1.01439308204857));
#10511 = CARTESIAN_POINT('', (83.4297378312724, 39.8964202174301, -1.01439310624796));
#10512 = CARTESIAN_POINT('', (83.5206216482364, 39.9629267533959, -1.02297235277664));
#10513 = CARTESIAN_POINT('', (83.6080235056295, 40.0357931834734, -1.04013080348507));
#10514 = CARTESIAN_POINT('', (83.651724434326, 40.0722263985121, -1.04871002883928));
#10515 = CARTESIAN_POINT('', (83.6945201437169, 40.1102274513102, -1.05943405523842));
#10516 = CARTESIAN_POINT('', (83.736057236803, 40.1495710931915, -1.07230288041381));
#10517 = CARTESIAN_POINT('', (83.7568257833459, 40.1692429141322, -1.0787372930015));
#10518 = CARTESIAN_POINT('', (83.7772742922753, 40.1892469510042, -1.08570790528326));
#10519 = CARTESIAN_POINT('', (83.7973232133911, 40.2095325001727, -1.09321471697548));
#10520 = CARTESIAN_POINT('', (83.8173721345068, 40.2298180493413, -1.10072152866771));
#10521 = CARTESIAN_POINT('', (83.8370237230133, 40.2503865481278, -0.873920789770412));
#10522 = CARTESIAN_POINT('', (83.8561660674858, 40.2711666666667, -0.8825));
#10523 = CARTESIAN_POINT('', (82.7207843891258, 39.6866666666667, -0.743333333333333));
#10524 = CARTESIAN_POINT('', (82.7447843184714, 39.6943147859236, -0.735684439112153));
#10525 = CARTESIAN_POINT('', (82.7688259232705, 39.7024675248111, -0.989451101847133));
#10526 = CARTESIAN_POINT('', (82.7927895365735, 39.7110486099361, -0.982758321338148));
#10527 = CARTESIAN_POINT('', (82.8167531498765, 39.719629695061, -0.976065540829163));
#10528 = CARTESIAN_POINT('', (82.8406412786578, 39.7286407246036, -0.969850817076213));
#10529 = CARTESIAN_POINT('', (82.8643702127121, 39.7380283432049, -0.964114149879173));
#10530 = CARTESIAN_POINT('', (82.9118280808207, 39.7568035804074, -0.952640815485092));
#10531 = CARTESIAN_POINT('', (82.9586252467592, 39.7770699261938, -0.94307970731465));
#10532 = CARTESIAN_POINT('', (83.0044064866139, 39.7986009677341, -0.93543082376684));
#10533 = CARTESIAN_POINT('', (83.0959689663234, 39.8416630508147, -0.920133056671219));
#10534 = CARTESIAN_POINT('', (83.1833133928349, 39.8896855386082, -0.912484188066127));
#10535 = CARTESIAN_POINT('', (83.2670003331675, 39.9430257166884, -0.91248420514352));
#10536 = CARTESIAN_POINT('', (83.3506872735, 39.9963658947687, -0.912484222220913));
#10537 = CARTESIAN_POINT('', (83.4310980554856, 40.0552668122077, -0.92013312498079));
#10538 = CARTESIAN_POINT('', (83.5087932473357, 40.1200857554467, -0.935430900615107));
#10539 = CARTESIAN_POINT('', (83.5476408432608, 40.1524952270662, -0.943079788432265));
#10540 = CARTESIAN_POINT('', (83.5857709534154, 40.1863596098372, -0.952640894468034));
#10541 = CARTESIAN_POINT('', (83.6228283557559, 40.2214524922308, -0.964114217121407));
#10542 = CARTESIAN_POINT('', (83.6413570569262, 40.2389989334277, -0.969850878448093));
#10543 = CARTESIAN_POINT('', (83.6596115994347, 40.2568486869307, -0.976065593929181));
#10544 = CARTESIAN_POINT('', (83.6775082743315, 40.2749483984653, -0.982758363364544));
#10545 = CARTESIAN_POINT('', (83.6954049492282, 40.2930481099999, -0.989451132799907));
#10546 = CARTESIAN_POINT('', (83.7129462622958, 40.3113993765898, -0.735684456189545));
#10547 = CARTESIAN_POINT('', (83.730012547668, 40.3299259259259, -0.743333333333333));
#10548 = CARTESIAN_POINT('', (82.7207843891258, 39.8258333333333, -0.604166666666667));
#10549 = CARTESIAN_POINT('', (82.7406811328152, 39.832173839387, -0.597825437174252));
#10550 = CARTESIAN_POINT('', (82.7608109566397, 39.8390592336592, -0.83542220329995));
#10551 = CARTESIAN_POINT('', (82.781040723428, 39.846404657043, -0.829873631315147));
#10552 = CARTESIAN_POINT('', (82.8012704902163, 39.8537500804267, -0.824325059330344));
#10553 = CARTESIAN_POINT('', (82.821602539811, 39.8615570245568, -0.819172815901706));
#10554 = CARTESIAN_POINT('', (82.8419372946687, 39.8697620204916, -0.81441690063395));
#10555 = CARTESIAN_POINT('', (82.8826068043841, 39.8861720123611, -0.804905070098439));
#10556 = CARTESIAN_POINT('', (82.9232648067738, 39.904159980308, -0.796978552206459));
#10557 = CARTESIAN_POINT('', (82.9634081753704, 39.9234052408371, -0.790637343795754));
#10558 = CARTESIAN_POINT('', (83.0436949125634, 39.9618957618953, -0.777954926974345));
#10559 = CARTESIAN_POINT('', (83.1217790556455, 40.0053236335329, -0.771613748078034));
#10560 = CARTESIAN_POINT('', (83.1968111273179, 40.0531474034525, -0.771613781808771));
#10561 = CARTESIAN_POINT('', (83.2718431989902, 40.1009711733721, -0.771613815539507));
#10562 = CARTESIAN_POINT('', (83.3441791052296, 40.1534176873743, -0.77795506189729));
#10563 = CARTESIAN_POINT('', (83.4129693698504, 40.2099454939713, -0.790637495584068));
#10564 = CARTESIAN_POINT('', (83.4473645021609, 40.2382093972697, -0.796978712427457));
#10565 = CARTESIAN_POINT('', (83.4808372083791, 40.267470668105, -0.804905226103095));
#10566 = CARTESIAN_POINT('', (83.5128843637834, 40.297408624196, -0.814417033448725));
#10567 = CARTESIAN_POINT('', (83.5289079414855, 40.3123776022415, -0.819172937121539));
#10568 = CARTESIAN_POINT('', (83.5445695485565, 40.3275121931748, -0.824325164211852));
#10569 = CARTESIAN_POINT('', (83.5597696086245, 40.3427489290661, -0.829873714324381));
#10570 = CARTESIAN_POINT('', (83.5749696686924, 40.3579856649574, -0.83542226443691));
#10571 = CARTESIAN_POINT('', (83.5897105204878, 40.3733260363621, -0.597825470904988));
#10572 = CARTESIAN_POINT('', (83.6038590278502, 40.3886851851852, -0.604166666666667));
#10573 = CARTESIAN_POINT('', (82.7207843891258, 39.965, -0.465));
#10574 = CARTESIAN_POINT('', (82.7365526064251, 39.9700248429588, -0.45997453700042));
#10575 = CARTESIAN_POINT('', (82.7527385355746, 39.9756300183523, -0.664013166782724));
#10576 = CARTESIAN_POINT('', (82.7692022692223, 39.9817263520329, -0.659615889094836));
#10577 = CARTESIAN_POINT('', (82.78566600287, 39.9878226857135, -0.655218611406948));
#10578 = CARTESIAN_POINT('', (82.8024095465953, 39.9944114562253, -0.651135426248868));
#10579 = CARTESIAN_POINT('', (82.8193217584416, 40.0014218238479, -0.647366333368518));
#10580 = CARTESIAN_POINT('', (82.8531461821342, 40.0154425590932, -0.639828147607818));
#10581 = CARTESIAN_POINT('', (82.8876261397012, 40.0311374846611, -0.633546330958041));
#10582 = CARTESIAN_POINT('', (82.922124061672, 40.0481002268221, -0.628520881402569));
#10583 = CARTESIAN_POINT('', (82.9911199056137, 40.0820257111441, -0.618469982291625));
#10584 = CARTESIAN_POINT('', (83.0600641280808, 40.1209437591963, -0.613444551557905));
#10585 = CARTESIAN_POINT('', (83.1265780599732, 40.1633382517132, -0.613444573068478));
#10586 = CARTESIAN_POINT('', (83.1930919918657, 40.2057327442301, -0.613444594579052));
#10587 = CARTESIAN_POINT('', (83.2574806954491, 40.2517981204693, -0.618470068333919));
#10588 = CARTESIAN_POINT('', (83.3173655025774, 40.3000182618589, -0.628520978200149));
#10589 = CARTESIAN_POINT('', (83.3473079061416, 40.3241283325537, -0.633546433133264));
#10590 = CARTESIAN_POINT('', (83.3760934650027, 40.3487574182973, -0.63982824709422));
#10591 = CARTESIAN_POINT('', (83.4030846111864, 40.3734991464012, -0.6473664180664));
#10592 = CARTESIAN_POINT('', (83.4165801842783, 40.3858700104531, -0.651135503552491));
#10593 = CARTESIAN_POINT('', (83.4296223688343, 40.3982659850155, -0.655218678291387));
#10594 = CARTESIAN_POINT('', (83.4421000239019, 40.4106162312354, -0.659615942031013));
#10595 = CARTESIAN_POINT('', (83.4545776789695, 40.4229664774554, -0.664013205770638));
#10596 = CARTESIAN_POINT('', (83.4664928091748, 40.4352722729518, -0.459974558510993));
#10597 = CARTESIAN_POINT('', (83.4777055080324, 40.4474444444445, -0.465));
#10598 = CARTESIAN_POINT('', (82.7207843891258, 40.2433333333333, -0.186666666666667));
#10599 = CARTESIAN_POINT('', (82.7282955536448, 40.2457268501024, -0.184272736652757));
#10600 = CARTESIAN_POINT('', (82.7365936934443, 40.2487715877385, -0.321195093748273));
#10601 = CARTESIAN_POINT('', (82.7455253608109, 40.2523697420128, -0.319100404654215));
#10602 = CARTESIAN_POINT('', (82.7544570281775, 40.2559678962871, -0.317005715560158));
#10603 = CARTESIAN_POINT('', (82.7640235601641, 40.2601203195622, -0.315060646943193));
#10604 = CARTESIAN_POINT('', (82.7740906859875, 40.2647414305606, -0.313265198837654));
#10605 = CARTESIAN_POINT('', (82.7942249376345, 40.2739836525575, -0.309674302626577));
#10606 = CARTESIAN_POINT('', (82.8163488055559, 40.2850924933673, -0.306681888461203));
#10607 = CARTESIAN_POINT('', (82.8395558342753, 40.297490198792, -0.304287956616197));
#10608 = CARTESIAN_POINT('', (82.8859698917141, 40.3222856096416, -0.299500092926186));
#10609 = CARTESIAN_POINT('', (82.9366342729515, 40.3521840105232, -0.297106158517647));
#10610 = CARTESIAN_POINT('', (82.986111925284, 40.3837199482347, -0.297106155587894));
#10611 = CARTESIAN_POINT('', (83.0355895776166, 40.4152558859462, -0.297106152658141));
#10612 = CARTESIAN_POINT('', (83.0840838758881, 40.4485589866592, -0.299500081207175));
#10613 = CARTESIAN_POINT('', (83.1261577680314, 40.4801637976341, -0.30428794343231));
#10614 = CARTESIAN_POINT('', (83.1471947141031, 40.4959662031216, -0.306681874544877));
#10615 = CARTESIAN_POINT('', (83.1666059782497, 40.511330918682, -0.30967428907647));
#10616 = CARTESIAN_POINT('', (83.1834851059925, 40.5256801908115, -0.313265187301753));
#10617 = CARTESIAN_POINT('', (83.1919246698638, 40.5328548268762, -0.315060636414394));
#10618 = CARTESIAN_POINT('', (83.1997280093898, 40.5397735686968, -0.317005706450457));
#10619 = CARTESIAN_POINT('', (83.2067608544567, 40.5463508355741, -0.319100397444277));
#10620 = CARTESIAN_POINT('', (83.2137936995236, 40.5529281024513, -0.321195088438096));
#10621 = CARTESIAN_POINT('', (83.2200573865489, 40.5591647461312, -0.184272733723004));
#10622 = CARTESIAN_POINT('', (83.2253984683969, 40.564962962963, -0.186666666666667));
#10623 = CARTESIAN_POINT('', (82.7207843891258, 40.5216666666667, 0.0916666666666666));
#10624 = CARTESIAN_POINT('', (82.7207856860241, 40.5216670799735, 0.091667079973536));
#10625 = CARTESIAN_POINT('', (82.7217723375438, 40.5222955619173, 0.0916674674487262));
#10626 = CARTESIAN_POINT('', (82.7236211728937, 40.5234736062146, 0.0916678290922369));
#10627 = CARTESIAN_POINT('', (82.7254700082435, 40.5246516505119, 0.0916681907357478));
#10628 = CARTESIAN_POINT('', (82.7281810274236, 40.5263792571627, 0.0916685265475793));
#10629 = CARTESIAN_POINT('', (82.7316310596426, 40.5285779198835, 0.0916688365277315));
#10630 = CARTESIAN_POINT('', (82.7385311240807, 40.532975245325, 0.0916694564880358));
#10631 = CARTESIAN_POINT('', (82.7483872406747, 40.5392567950466, 0.0916699731216229));
#10632 = CARTESIAN_POINT('', (82.7602140430953, 40.5467945187804, 0.0916703864284926));
#10633 = CARTESIAN_POINT('', (82.7838676479363, 40.5618699662481, 0.091671213042232));
#10634 = CARTESIAN_POINT('', (82.8154039960834, 40.5819701097649, 0.0916716263491021));
#10635 = CARTESIAN_POINT('', (82.8469401569007, 40.6020705471888, 0.0916716263491026));
#10636 = CARTESIAN_POINT('', (82.878476317718, 40.6221709846127, 0.0916716263491031));
#10637 = CARTESIAN_POINT('', (82.9100122912055, 40.6422717159437, 0.0916712130422339));
#10638 = CARTESIAN_POINT('', (82.9336651467276, 40.6573483390398, 0.0916703864284946));
#10639 = CARTESIAN_POINT('', (82.9454915744886, 40.6648866505879, 0.0916699731216251));
#10640 = CARTESIAN_POINT('', (82.9553472227582, 40.6711689350772, 0.091669456488038));
#10641 = CARTESIAN_POINT('', (82.962246725207, 40.6755671422401, 0.0916688365277333));
#10642 = CARTESIAN_POINT('', (82.9656964764314, 40.6777662458215, 0.091668526547581));
#10643 = CARTESIAN_POINT('', (82.9684071912006, 40.6794943300713, 0.0916681907357493));
#10644 = CARTESIAN_POINT('', (82.9702556987233, 40.680672888706, 0.0916678290922382));
#10645 = CARTESIAN_POINT('', (82.9721042062461, 40.6818514473408, 0.091667467448727));
#10646 = CARTESIAN_POINT('', (82.9730905065225, 40.6824804803604, 0.0916670799735365));
#10647 = CARTESIAN_POINT('', (82.9730914287613, 40.6824814814815, 0.0916666666666666));
#10648 = CARTESIAN_POINT('', (82.7207843891258, 40.8, 0.37));
#10649 = CARTESIAN_POINT('', (82.7207843891258, 40.8, 0.37));
#10650 = CARTESIAN_POINT('', (82.7207843891258, 40.8, 0.37));
#10651 = CARTESIAN_POINT('', (82.7207843891258, 40.8, 0.37));
#10652 = CARTESIAN_POINT('', (82.7207843891258, 40.8, 0.37));
#10653 = CARTESIAN_POINT('', (82.7207843891258, 40.8, 0.37));
#10654 = CARTESIAN_POINT('', (82.7207843891258, 40.8, 0.37));
#10655 = CARTESIAN_POINT('', (82.7207843891258, 40.8, 0.37));
#10656 = CARTESIAN_POINT('', (82.7207843891258, 40.8, 0.37));
#10657 = CARTESIAN_POINT('', (82.7207843891258, 40.8, 0.37));
#10658 = CARTESIAN_POINT('', (82.7207843891258, 40.8, 0.37));
#10659 = CARTESIAN_POINT('', (82.7207843891258, 40.8, 0.37));
#10660 = CARTESIAN_POINT('', (82.7207843891258, 40.8, 0.37));
#10661 = CARTESIAN_POINT('', (82.7207843891258, 40.8, 0.37));
#10662 = CARTESIAN_POINT('', (82.7207843891258, 40.8, 0.37));
#10663 = CARTESIAN_POINT('', (82.7207843891258, 40.8, 0.37));
#10664 = CARTESIAN_POINT('', (82.7207843891258, 40.8, 0.37));
#10665 = CARTESIAN_POINT('', (82.7207843891258, 40.8, 0.37));
#10666 = CARTESIAN_POINT('', (82.7207843891258, 40.8, 0.37));
#10667 = CARTESIAN_POINT('', (82.7207843891258, 40.8, 0.37));
#10668 = CARTESIAN_POINT('', (82.7207843891258, 40.8, 0.37));
#10669 = CARTESIAN_POINT('', (82.7207843891258, 40.8, 0.37));
#10670 = CARTESIAN_POINT('', (82.7207843891258, 40.8, 0.37));
#10671 = CARTESIAN_POINT('', (82.7207843891258, 40.8, 0.37));
#10672 = CARTESIAN_POINT('', (82.7207843891258, 40.8, 0.37));
#10673 = ADVANCED_FACE('', (#10674), #10684, .T.);
#10674 = FACE_OUTER_BOUND('', #10675, .T.);
#10675 = EDGE_LOOP('', (#10676, #10677, #10678, #10679));
#10676 = ORIENTED_EDGE('', *, *, #7875, .T.);
#10677 = ORIENTED_EDGE('', *, *, #10267, .T.);
#10678 = ORIENTED_EDGE('', *, *, #8103, .F.);
#10679 = ORIENTED_EDGE('', *, *, #10680, .T.);
#10680 = EDGE_CURVE('', #7967, #7498, #10681, .T.);
#10681 = B_SPLINE_CURVE_WITH_KNOTS('', 1, (#10682, #10683), .UNSPECIFIED., .F., .U., (2, 2), (0., 1.), .UNSPECIFIED.);
#10682 = CARTESIAN_POINT('', (88.6547236990992, 43., 0.37));
#10683 = CARTESIAN_POINT('', (87.9664151263224, 41.4784444444444, -1.3));
#10684 = B_SPLINE_SURFACE_WITH_KNOTS('', 3, 1, ((#10685, #10686), (#10687, #10688), (#10689, #10690), (#10691, #10692), (#10693, #10694), (#10695, #10696), (#10697, #10698), (#10699, #10700), (#10701, #10702), (#10703, #10704), (#10705, #10706), (#10707, #10708), (#10709, #10710), (#10711, #10712), (#10713, #10714), (#10715, #10716), (#10717, #10718), (#10719, #10720), (#10721, #10722), (#10723, #10724), (#10725, #10726), (#10727, #10728), (#10729, #10730), (#10731, #10732), (#10733, #10734), (#10735, #10736), (#10737, #10738), (#10739, #10740), (#10741, #10742), (#10743, #10744), (#10745, #10746), (#10747, #10748), (#10749, #10750), (#10751, #10752), (#10753, #10754), (#10755, #10756), (#10757, #10758), (#10759, #10760), (#10761, #10762), (#10763, #10764), (#10765, #10766), (#10767, #10768), (#10769, #10770), (#10771, #10772), (#10773, #10774), (#10775, #10776), (#10777, #10778), (#10779, #10780), (#10781, #10782), (#10783, #10784), (#10785, #10786), (#10787, #10788), (#10789, #10790), (#10791, #10792), (#10793, #10794), (#10795, #10796), (#10797, #10798), (#10799, #10800), (#10801, #10802), (#10803, #10804), (#10805, #10806), (#10807, #10808), (#10809, #10810), (#10811, #10812), (#10813, #10814), (#10815, #10816), (#10817, #10818), (#10819, #10820), (#10821, #10822), (#10823, #10824), (#10825, #10826), (#10827, #10828), (#10829, #10830), (#10831, #10832), (#10833, #10834), (#10835, #10836), (#10837, #10838), (#10839, #10840), (#10841, #10842)), .UNSPECIFIED., .F., .F., .U., (4, 3, 3, 3, 3, 3, 3, 3, 3, 3, 3, 3, 3, 3, 3, 3, 3, 3, 3, 3, 3, 3, 3, 3, 3, 3, 4), (2, 2), (0., 0.194619506835938, 0.389239013671875, 0.583858520507813, 0.77847802734375, 0.973097534179688, 1.07040728759766, 1.16771704101563, 1.20616040039062, 1.30347015380859, 1.40077990722656, 1.5953994140625, 1.79001892089844, 1.98463842773438, 2.17925793457031, 2.37387744140625, 2.56849694824219, 2.76311645507813, 2.95773596191406, 3.15235546875, 3.34697497558594, 3.54159448242188, 3.73621398925781, 3.93083349609375, 4.12545300292969, 4.32007250976562, 4.4105820779513), (0., 1.), .UNSPECIFIED.);
#10685 = CARTESIAN_POINT('', (87.9664151263224, 41.4784444444444, -1.3));
#10686 = CARTESIAN_POINT('', (88.6547236990992, 43., 0.37));
#10687 = CARTESIAN_POINT('', (87.9073084612833, 41.5051826230841, -1.3));
#10688 = CARTESIAN_POINT('', (88.5607378359628, 43.042516538473, 0.37));
#10689 = CARTESIAN_POINT('', (87.84713920004, 41.5299444906288, -1.3));
#10690 = CARTESIAN_POINT('', (88.465062332219, 43.0818905328019, 0.37));
#10691 = CARTESIAN_POINT('', (87.7863336797968, 41.5525545936132, -1.3));
#10692 = CARTESIAN_POINT('', (88.3683751092176, 43.1178429933779, 0.37));
#10693 = CARTESIAN_POINT('', (87.7255281595537, 41.5751646965976, -1.3));
#10694 = CARTESIAN_POINT('', (88.2716878862161, 43.1537954539538, 0.37));
#10695 = CARTESIAN_POINT('', (87.6637984699677, 41.5957300924481, -1.3));
#10696 = CARTESIAN_POINT('', (88.1735311359911, 43.1864966134334, 0.37));
#10697 = CARTESIAN_POINT('', (87.6015820048634, 41.614105062351, -1.3));
#10698 = CARTESIAN_POINT('', (88.0746003610902, 43.2157147634556, 0.37));
#10699 = CARTESIAN_POINT('', (87.5393655397591, 41.6324800322538, -1.3));
#10700 = CARTESIAN_POINT('', (87.9756695861894, 43.2449329134778, 0.37));
#10701 = CARTESIAN_POINT('', (87.4763677080576, 41.6487515805445, -1.3));
#10702 = CARTESIAN_POINT('', (87.8754963555687, 43.2708064001591, 0.37));
#10703 = CARTESIAN_POINT('', (87.4130348891709, 41.6628044130302, -1.3));
#10704 = CARTESIAN_POINT('', (87.7747904598125, 43.2931518935109, 0.37));
#10705 = CARTESIAN_POINT('', (87.3497020702842, 41.6768572455159, -1.3));
#10706 = CARTESIAN_POINT('', (87.6740845640562, 43.3154973868628, 0.37));
#10707 = CARTESIAN_POINT('', (87.2857343872681, 41.6887579014813, -1.3));
#10708 = CARTESIAN_POINT('', (87.572369167034, 43.3344206914013, 0.37));
#10709 = CARTESIAN_POINT('', (87.2215850915432, 41.6984220572652, -1.3));
#10710 = CARTESIAN_POINT('', (87.4703649865528, 43.3497877235666, 0.37));
#10711 = CARTESIAN_POINT('', (87.1574357958184, 41.7080862130492, -1.3));
#10712 = CARTESIAN_POINT('', (87.3683608060716, 43.3651547557319, 0.37));
#10713 = CARTESIAN_POINT('', (87.0928011444738, 41.7155596278261, -1.3));
#10714 = CARTESIAN_POINT('', (87.2655848587039, 43.3770382774619, 0.37));
#10715 = CARTESIAN_POINT('', (87.028139114822, 41.7207893477338, -1.3));
#10716 = CARTESIAN_POINT('', (87.1627653769254, 43.3853540865024, 0.37));
#10717 = CARTESIAN_POINT('', (86.9958080999961, 41.7234042076877, -1.3));
#10718 = CARTESIAN_POINT('', (87.1113556360362, 43.3895119910227, 0.37));
#10719 = CARTESIAN_POINT('', (86.9633553831883, 41.7254675986101, -1.3));
#10720 = CARTESIAN_POINT('', (87.0597523760945, 43.3927930013235, 0.37));
#10721 = CARTESIAN_POINT('', (86.9309535442849, 41.7269685476211, -1.3));
#10722 = CARTESIAN_POINT('', (87.0082300174142, 43.3951796693622, 0.37));
#10723 = CARTESIAN_POINT('', (86.8985517053816, 41.7284694966322, -1.3));
#10724 = CARTESIAN_POINT('', (86.956707658734, 43.397566337401, 0.37));
#10725 = CARTESIAN_POINT('', (86.8660472100846, 41.7294151158946, -1.3));
#10726 = CARTESIAN_POINT('', (86.9050220655056, 43.3990699722704, 0.37));
#10727 = CARTESIAN_POINT('', (86.8336129136323, 41.7298003767117, -1.3));
#10728 = CARTESIAN_POINT('', (86.8534480958818, 43.39968257781, 0.37));
#10729 = CARTESIAN_POINT('', (86.8207993644166, 41.729952578516, -1.3));
#10730 = CARTESIAN_POINT('', (86.833073194302, 43.3999245948133, 0.37));
#10731 = CARTESIAN_POINT('', (86.8079835989816, 41.730017751244, -1.3));
#10732 = CARTESIAN_POINT('', (86.8126947686986, 43.4000282263597, 0.37));
#10733 = CARTESIAN_POINT('', (86.7951691645265, 41.7299958768572, -1.3));
#10734 = CARTESIAN_POINT('', (86.7923184594944, 43.3999934437658, 0.37));
#10735 = CARTESIAN_POINT('', (86.762732627312, 41.7299405073155, -1.3));
#10736 = CARTESIAN_POINT('', (86.7407409268212, 43.399905400325, 0.37));
#10737 = CARTESIAN_POINT('', (86.7302201957867, 41.7293255222643, -1.3));
#10738 = CARTESIAN_POINT('', (86.6890427141484, 43.3989275089008, 0.37));
#10739 = CARTESIAN_POINT('', (86.6978047673929, 41.7281541921247, -1.3));
#10740 = CARTESIAN_POINT('', (86.6374987467377, 43.3970649698095, 0.37));
#10741 = CARTESIAN_POINT('', (86.665389338999, 41.726982861985, -1.3));
#10742 = CARTESIAN_POINT('', (86.585954779327, 43.3952024307183, 0.37));
#10743 = CARTESIAN_POINT('', (86.6329173150455, 41.7252496364748, -1.3));
#10744 = CARTESIAN_POINT('', (86.534320818977, 43.3924464184227, 0.37));
#10745 = CARTESIAN_POINT('', (86.6005613780919, 41.7229637326915, -1.3));
#10746 = CARTESIAN_POINT('', (86.4828714492628, 43.3888115890854, 0.37));
#10747 = CARTESIAN_POINT('', (86.5358495041847, 41.718391925125, -1.3));
#10748 = CARTESIAN_POINT('', (86.3799727098343, 43.3815419304107, 0.37));
#10749 = CARTESIAN_POINT('', (86.4711421877851, 41.7115762602843, -1.3));
#10750 = CARTESIAN_POINT('', (86.2770812173261, 43.3707043008054, 0.37));
#10751 = CARTESIAN_POINT('', (86.4068979210833, 41.702565031458, -1.3));
#10752 = CARTESIAN_POINT('', (86.174926022924, 43.3563754917177, 0.37));
#10753 = CARTESIAN_POINT('', (86.3426536543815, 41.6935538026318, -1.3));
#10754 = CARTESIAN_POINT('', (86.0727708285219, 43.34204668263, 0.37));
#10755 = CARTESIAN_POINT('', (86.2785682447849, 41.6823043422139, -1.3));
#10756 = CARTESIAN_POINT('', (85.9708682337569, 43.3241588480433, 0.37));
#10757 = CARTESIAN_POINT('', (86.2150957778813, 41.6688963597339, -1.3));
#10758 = CARTESIAN_POINT('', (85.8699402828502, 43.3028387345592, 0.37));
#10759 = CARTESIAN_POINT('', (86.1516233109778, 41.655488377254, -1.3));
#10760 = CARTESIAN_POINT('', (85.7690123319434, 43.2815186210752, 0.37));
#10761 = CARTESIAN_POINT('', (86.0884632485984, 41.6398583867518, -1.3));
#10762 = CARTESIAN_POINT('', (85.6685811373473, 43.2566652792872, 0.37));
#10763 = CARTESIAN_POINT('', (86.0260631196619, 41.6221171365782, -1.3));
#10764 = CARTESIAN_POINT('', (85.5693583174837, 43.2284548108134, 0.37));
#10765 = CARTESIAN_POINT('', (85.9636629907255, 41.6043758864046, -1.3));
#10766 = CARTESIAN_POINT('', (85.47013549762, 43.2002443423395, 0.37));
#10767 = CARTESIAN_POINT('', (85.9017273345164, 41.5844393728475, -1.3));
#10768 = CARTESIAN_POINT('', (85.3716512386303, 43.1685431723724, 0.37));
#10769 = CARTESIAN_POINT('', (85.8406950042626, 41.5624488586925, -1.3));
#10770 = CARTESIAN_POINT('', (85.2746033636684, 43.1335759237161, 0.37));
#10771 = CARTESIAN_POINT('', (85.7796626740088, 41.5404583445376, -1.3));
#10772 = CARTESIAN_POINT('', (85.1775554887066, 43.0986086750598, 0.37));
#10773 = CARTESIAN_POINT('', (85.7192446854362, 41.5163097060729, -1.3));
#10774 = CARTESIAN_POINT('', (85.0814844821424, 43.0602097799745, 0.37));
#10775 = CARTESIAN_POINT('', (85.6598691381392, 41.4901740516484, -1.3));
#10776 = CARTESIAN_POINT('', (84.9870710677126, 43.0186513188755, 0.37));
#10777 = CARTESIAN_POINT('', (85.6004935908423, 41.4640383972239, -1.3));
#10778 = CARTESIAN_POINT('', (84.8926576532828, 42.9770928577766, 0.37));
#10779 = CARTESIAN_POINT('', (85.5418793453108, 41.4357919761474, -1.3));
#10780 = CARTESIAN_POINT('', (84.7994547893634, 42.9321780539446, 0.37));
#10781 = CARTESIAN_POINT('', (85.484441720481, 41.4056349321457, -1.3));
#10782 = CARTESIAN_POINT('', (84.7081228770899, 42.8842251571222, 0.37));
#10783 = CARTESIAN_POINT('', (85.4270040956512, 41.3754778881441, -1.3));
#10784 = CARTESIAN_POINT('', (84.6167909648163, 42.8362722602998, 0.37));
#10785 = CARTESIAN_POINT('', (85.3704711279547, 41.3432674294964, -1.3));
#10786 = CARTESIAN_POINT('', (84.5268975532849, 42.7850542165137, 0.37));
#10787 = CARTESIAN_POINT('', (85.3152433891604, 41.3092317876386, -1.3));
#10788 = CARTESIAN_POINT('', (84.4390795940713, 42.7309339379412, 0.37));
#10789 = CARTESIAN_POINT('', (85.2600156503661, 41.2751961457807, -1.3));
#10790 = CARTESIAN_POINT('', (84.3512616348577, 42.6768136593686, 0.37));
#10791 = CARTESIAN_POINT('', (85.205831640578, 41.239174164073, -1.3));
#10792 = CARTESIAN_POINT('', (84.2651033154067, 42.6195348898688, 0.37));
#10793 = CARTESIAN_POINT('', (85.1530752877151, 41.2014210809987, -1.3));
#10794 = CARTESIAN_POINT('', (84.1812151218085, 42.5595034856871, 0.37));
#10795 = CARTESIAN_POINT('', (85.1003189348523, 41.1636679979244, -1.3));
#10796 = CARTESIAN_POINT('', (84.0973269282103, 42.4994720815053, 0.37));
#10797 = CARTESIAN_POINT('', (85.0487404408768, 41.1240050549917, -1.3));
#10798 = CARTESIAN_POINT('', (84.0153116551044, 42.4364037976899, 0.37));
#10799 = CARTESIAN_POINT('', (84.9987052719831, 41.0827132891928, -1.3));
#10800 = CARTESIAN_POINT('', (83.935750432482, 42.3707455128507, 0.37));
#10801 = CARTESIAN_POINT('', (84.9486701030895, 41.0414215233938, -1.3));
#10802 = CARTESIAN_POINT('', (83.8561892098596, 42.3050872280114, 0.37));
#10803 = CARTESIAN_POINT('', (84.8999413458761, 40.9983054207951, -1.3));
#10804 = CARTESIAN_POINT('', (83.7787053202978, 42.2365280542678, 0.37));
#10805 = CARTESIAN_POINT('', (84.8528642743533, 40.9536704862052, -1.3));
#10806 = CARTESIAN_POINT('', (83.7038477860742, 42.1655537766514, 0.37));
#10807 = CARTESIAN_POINT('', (84.8057872028305, 40.9090355516154, -1.3));
#10808 = CARTESIAN_POINT('', (83.6289902518506, 42.094579499035, 0.37));
#10809 = CARTESIAN_POINT('', (84.7601389100031, 40.8626704414052, -1.3));
#10810 = CARTESIAN_POINT('', (83.5564046272133, 42.0208540587714, 0.37));
#10811 = CARTESIAN_POINT('', (84.7162428428462, 40.8149036816536, -1.3));
#10812 = CARTESIAN_POINT('', (83.4866052271406, 41.9448998471523, 0.37));
#10813 = CARTESIAN_POINT('', (84.6723467756893, 40.767136921902, -1.3));
#10814 = CARTESIAN_POINT('', (83.4168058270678, 41.8689456355331, 0.37));
#10815 = CARTESIAN_POINT('', (84.629995089065, 40.7177423399831, -1.3));
#10816 = CARTESIAN_POINT('', (83.3494621557571, 41.7904030141073, 0.37));
#10817 = CARTESIAN_POINT('', (84.5894878714122, 40.6670699276956, -1.3));
#10818 = CARTESIAN_POINT('', (83.2850513856377, 41.7098285069365, 0.37));
#10819 = CARTESIAN_POINT('', (84.5489806537593, 40.6163975154081, -1.3));
#10820 = CARTESIAN_POINT('', (83.2206406155183, 41.6292539997656, 0.37));
#10821 = CARTESIAN_POINT('', (84.5101261059307, 40.5642073420428, -1.3));
#10822 = CARTESIAN_POINT('', (83.1588577656143, 41.5462660915875, 0.37));
#10823 = CARTESIAN_POINT('', (84.4731995369291, 40.5108692079287, -1.3));
#10824 = CARTESIAN_POINT('', (83.1001406064243, 41.461452804127, 0.37));
#10825 = CARTESIAN_POINT('', (84.4362729679274, 40.4575310738146, -1.3));
#10826 = CARTESIAN_POINT('', (83.0414234472344, 41.3766395166664, 0.37));
#10827 = CARTESIAN_POINT('', (84.4010995327533, 40.4027924262161, -1.3));
#10828 = CARTESIAN_POINT('', (82.9854939566748, 41.2895992643012, 0.37));
#10829 = CARTESIAN_POINT('', (84.3679284574021, 40.3470411230111, -1.3));
#10830 = CARTESIAN_POINT('', (82.932748430498, 41.2009487821732, 0.37));
#10831 = CARTESIAN_POINT('', (84.3347573820509, 40.2912898198062, -1.3));
#10832 = CARTESIAN_POINT('', (82.8800029043212, 41.1122983000452, 0.37));
#10833 = CARTESIAN_POINT('', (84.3034316035513, 40.2342618820541, -1.3));
#10834 = CARTESIAN_POINT('', (82.8301915957529, 41.0216178336549, 0.37));
#10835 = CARTESIAN_POINT('', (84.2741730848218, 40.176361388699, -1.3));
#10836 = CARTESIAN_POINT('', (82.7836674493633, 40.9295499113587, 0.37));
#10837 = CARTESIAN_POINT('', (84.2605661451116, 40.1494342387102, -1.3));
#10838 = CARTESIAN_POINT('', (82.7620309727923, 40.8867328884084, 0.37));
#10839 = CARTESIAN_POINT('', (84.2473650106097, 40.1222376328501, -1.3));
#10840 = CARTESIAN_POINT('', (82.7410397695207, 40.8434874020585, 0.37));
#10841 = CARTESIAN_POINT('', (84.2346266269391, 40.0948888888889, -1.3));
#10842 = CARTESIAN_POINT('', (82.7207843891258, 40.8, 0.37));
#10843 = ADVANCED_FACE('', (#10844), #10849, .T.);
#10844 = FACE_OUTER_BOUND('', #10845, .T.);
#10845 = EDGE_LOOP('', (#10846, #10847, #10848));
#10846 = ORIENTED_EDGE('', *, *, #10680, .F.);
#10847 = ORIENTED_EDGE('', *, *, #7966, .F.);
#10848 = ORIENTED_EDGE('', *, *, #7497, .F.);
#10849 = B_SPLINE_SURFACE_WITH_KNOTS('', 3, 3, ((#10850, #10851, #10852, #10853, #10854, #10855, #10856, #10857, #10858, #10859, #10860, #10861, #10862, #10863, #10864, #10865, #10866, #10867, #10868), (#10869, #10870, #10871, #10872, #10873, #10874, #10875, #10876, #10877, #10878, #10879, #10880, #10881, #10882, #10883, #10884, #10885, #10886, #10887), (#10888, #10889, #10890, #10891, #10892, #10893, #10894, #10895, #10896, #10897, #10898, #10899, #10900, #10901, #10902, #10903, #10904, #10905, #10906), (#10907, #10908, #10909, #10910, #10911, #10912, #10913, #10914, #10915, #10916, #10917, #10918, #10919, #10920, #10921, #10922, #10923, #10924, #10925), (#10926, #10927, #10928, #10929, #10930, #10931, #10932, #10933, #10934, #10935, #10936, #10937, #10938, #10939, #10940, #10941, #10942, #10943, #10944), (#10945, #10946, #10947, #10948, #10949, #10950, #10951, #10952, #10953, #10954, #10955, #10956, #10957, #10958, #10959, #10960, #10961, #10962, #10963), (#10964, #10965, #10966, #10967, #10968, #10969, #10970, #10971, #10972, #10973, #10974, #10975, #10976, #10977, #10978, #10979, #10980, #10981, #10982), (#10983, #10984, #10985, #10986, #10987, #10988, #10989, #10990, #10991, #10992, #10993, #10994, #10995, #10996, #10997, #10998, #10999, #11000, #11001), (#11002, #11003, #11004, #11005, #11006, #11007, #11008, #11009, #11010, #11011, #11012, #11013, #11014, #11015, #11016, #11017, #11018, #11019, #11020), (#11021, #11022, #11023, #11024, #11025, #11026, #11027, #11028, #11029, #11030, #11031, #11032, #11033, #11034, #11035, #11036, #11037, #11038, #11039), (#11040, #11041, #11042, #11043, #11044, #11045, #11046, #11047, #11048, #11049, #11050, #11051, #11052, #11053, #11054, #11055, #11056, #11057, #11058), (#11059, #11060, #11061, #11062, #11063, #11064, #11065, #11066, #11067, #11068, #11069, #11070, #11071, #11072, #11073, #11074, #11075, #11076, #11077), (#11078, #11079, #11080, #11081, #11082, #11083, #11084, #11085, #11086, #11087, #11088, #11089, #11090, #11091, #11092, #11093, #11094, #11095, #11096)), .UNSPECIFIED., .F., .F., .U., (4, 3, 3, 3, 4), (4, 3, 3, 3, 3, 3, 4), (0., 0.125, 0.25, 0.5, 1.), (0., 0.125, 0.25, 0.5, 0.75, 0.875, 1.), .UNSPECIFIED.);
#10850 = CARTESIAN_POINT('', (87.9664151263224, 41.4784444444444, -1.3));
#10851 = CARTESIAN_POINT('', (87.9950946501881, 41.4722592592593, -1.3));
#10852 = CARTESIAN_POINT('', (88.0237741740538, 41.4660740740741, -1.3));
#10853 = CARTESIAN_POINT('', (88.0524536979195, 41.4598888888889, -1.3));
#10854 = CARTESIAN_POINT('', (88.0811332217852, 41.4537037037037, -1.3));
#10855 = CARTESIAN_POINT('', (88.1098127456509, 41.4475185185185, -1.3));
#10856 = CARTESIAN_POINT('', (88.1384922695166, 41.4413333333333, -1.3));
#10857 = CARTESIAN_POINT('', (88.195851317248, 41.428962962963, -1.3));
#10858 = CARTESIAN_POINT('', (88.2532103649794, 41.4165925925926, -1.3));
#10859 = CARTESIAN_POINT('', (88.3105694127108, 41.4042222222222, -1.3));
#10860 = CARTESIAN_POINT('', (88.3679284604422, 41.3918518518519, -1.3));
#10861 = CARTESIAN_POINT('', (88.4252875081736, 41.3794814814815, -1.3));
#10862 = CARTESIAN_POINT('', (88.482646555905, 41.3671111111111, -1.3));
#10863 = CARTESIAN_POINT('', (88.5113260797707, 41.3609259259259, -1.3));
#10864 = CARTESIAN_POINT('', (88.5400056036363, 41.3547407407407, -1.3));
#10865 = CARTESIAN_POINT('', (88.568685127502, 41.3485555555556, -1.3));
#10866 = CARTESIAN_POINT('', (88.5973646513677, 41.3423703703704, -1.3));
#10867 = CARTESIAN_POINT('', (88.6260441752334, 41.3361851851852, -1.3));
#10868 = CARTESIAN_POINT('', (88.6547236990991, 41.33, -1.3));
#10869 = CARTESIAN_POINT('', (87.9950946501881, 41.5418425925926, -1.23041666666667));
#10870 = CARTESIAN_POINT('', (88.0237735974317, 41.5356575635373, -1.23041669841933));
#10871 = CARTESIAN_POINT('', (88.0520804952196, 41.5295527687033, -1.30000005955733));
#10872 = CARTESIAN_POINT('', (88.0800417024607, 41.5235225235216, -1.30000008340609));
#10873 = CARTESIAN_POINT('', (88.1080029097018, 41.5174922783399, -1.30000010725485));
#10874 = CARTESIAN_POINT('', (88.1356195814587, 41.5115363336322, -1.3000001271477));
#10875 = CARTESIAN_POINT('', (88.1629718185133, 41.5056374143796, -1.30000014307674));
#10876 = CARTESIAN_POINT('', (88.2176762926225, 41.4938395758744, -1.30000017493482));
#10877 = CARTESIAN_POINT('', (88.2713043135992, 41.4822738754007, -1.30000019093764));
#10878 = CARTESIAN_POINT('', (88.32490921388, 41.4707131454595, -1.30000019102197));
#10879 = CARTESIAN_POINT('', (88.3785141141608, 41.4591524155183, -1.30000019110629));
#10880 = CARTESIAN_POINT('', (88.4321421285402, 41.4475866846285, -1.30000017527212));
#10881 = CARTESIAN_POINT('', (88.4868465896285, 41.4357887852911, -1.30000014345621));
#10882 = CARTESIAN_POINT('', (88.5141988201725, 41.4298898356225, -1.30000012754825));
#10883 = CARTESIAN_POINT('', (88.541815483686, 41.4239338529717, -1.30000010764486));
#10884 = CARTESIAN_POINT('', (88.5697766811583, 41.4179035620888, -1.30000008373813));
#10885 = CARTESIAN_POINT('', (88.5977378786307, 41.4118732712058, -1.3000000598314));
#10886 = CARTESIAN_POINT('', (88.626044764894, 41.4057684232593, -1.23041669858799));
#10887 = CARTESIAN_POINT('', (88.6547236990991, 41.3995833333333, -1.23041666666667));
#10888 = CARTESIAN_POINT('', (88.0237741740538, 41.6052407407407, -1.16083333333333));
#10889 = CARTESIAN_POINT('', (88.0508223544903, 41.5963549787732, -1.15778093180973));
#10890 = CARTESIAN_POINT('', (88.0775615313927, 41.5879174086282, -1.27688091419556));
#10891 = CARTESIAN_POINT('', (88.1039719699699, 41.5799322865384, -1.27459161367954));
#10892 = CARTESIAN_POINT('', (88.130382408547, 41.5719471644486, -1.27230231316351));
#10893 = CARTESIAN_POINT('', (88.1564661301587, 41.564414054352, -1.27039456307896));
#10894 = CARTESIAN_POINT('', (88.1822974482916, 41.557316929194, -1.26886836328127));
#10895 = CARTESIAN_POINT('', (88.2339600845572, 41.5431226788781, -1.2658159636859));
#10896 = CARTESIAN_POINT('', (88.284580356842, 41.5306794316857, -1.26428976523796));
#10897 = CARTESIAN_POINT('', (88.3354746938575, 41.5197032783212, -1.26428976678054));
#10898 = CARTESIAN_POINT('', (88.386369030873, 41.5087271249568, -1.26428976832312));
#10899 = CARTESIAN_POINT('', (88.4376183435097, 41.4992006153281, -1.26581596985621));
#10900 = CARTESIAN_POINT('', (88.4905390607829, 41.4908398401397, -1.26886837022288));
#10901 = CARTESIAN_POINT('', (88.5169994194195, 41.4866594525455, -1.27039457040621));
#10902 = CARTESIAN_POINT('', (88.5438694414764, 41.4827722645385, -1.27230232029794));
#10903 = CARTESIAN_POINT('', (88.5712234408039, 41.4791622486594, -1.27459161975344));
#10904 = CARTESIAN_POINT('', (88.5985774401315, 41.4755522327802, -1.27688091920894));
#10905 = CARTESIAN_POINT('', (88.6264174376857, 41.4722189535741, -1.15778093489489));
#10906 = CARTESIAN_POINT('', (88.6547236990992, 41.4691666666667, -1.16083333333333));
#10907 = CARTESIAN_POINT('', (88.0524536979195, 41.6686388888889, -1.09125));
#10908 = CARTESIAN_POINT('', (88.0788154177005, 41.659978623923, -1.08827504970447));
#10909 = CARTESIAN_POINT('', (88.1047229101134, 41.6517881887148, -1.24549618689747));
#10910 = CARTESIAN_POINT('', (88.1301557965312, 41.6440719785861, -1.24326497409714));
#10911 = CARTESIAN_POINT('', (88.1555886829489, 41.6363557684574, -1.2410337612968));
#10912 = CARTESIAN_POINT('', (88.1805496164063, 41.6291132110768, -1.23917441725315));
#10913 = CARTESIAN_POINT('', (88.2051416566409, 41.6223220799513, -1.23768694198433));
#10914 = CARTESIAN_POINT('', (88.2543257371099, 41.6087398177005, -1.23471199144669));
#10915 = CARTESIAN_POINT('', (88.3019912602269, 41.5969725311421, -1.2332245160084));
#10916 = CARTESIAN_POINT('', (88.3499102249675, 41.5866380614557, -1.23322451581471));
#10917 = CARTESIAN_POINT('', (88.397829189708, 41.5763035917693, -1.23322451562102));
#10918 = CARTESIAN_POINT('', (88.4461077916158, 41.5673790357091, -1.23471199067194));
#10919 = CARTESIAN_POINT('', (88.496518030065, 41.5594822344544, -1.23768694111274));
#10920 = CARTESIAN_POINT('', (88.5217231492896, 41.5555338338271, -1.23917441633313));
#10921 = CARTESIAN_POINT('', (88.5474504312424, 41.5518446897462, -1.241033760401));
#10922 = CARTESIAN_POINT('', (88.5738029361383, 41.5483925751876, -1.24326497333449));
#10923 = CARTESIAN_POINT('', (88.6001554410342, 41.544940460629, -1.24549618626798));
#10924 = CARTESIAN_POINT('', (88.6271358213781, 41.5417248040582, -1.0882750493171));
#10925 = CARTESIAN_POINT('', (88.6547236990992, 41.53875, -1.09125));
#10926 = CARTESIAN_POINT('', (88.0811332217852, 41.732037037037, -1.02166666666667));
#10927 = CARTESIAN_POINT('', (88.1068084809108, 41.7236022690728, -1.01876916759921));
#10928 = CARTESIAN_POINT('', (88.1318842888341, 41.7156589688015, -1.21411145959937));
#10929 = CARTESIAN_POINT('', (88.1563396230925, 41.7082116706339, -1.21193833451473));
#10930 = CARTESIAN_POINT('', (88.1807949573509, 41.7007643724663, -1.2097652094301));
#10931 = CARTESIAN_POINT('', (88.2046331026539, 41.6938123678016, -1.20795427142734));
#10932 = CARTESIAN_POINT('', (88.2279858649902, 41.6873272307087, -1.20650552068739));
#10933 = CARTESIAN_POINT('', (88.2746913896627, 41.6743569565228, -1.20360801920749));
#10934 = CARTESIAN_POINT('', (88.319402163612, 41.6632656305985, -1.20215926677884));
#10935 = CARTESIAN_POINT('', (88.3643457560775, 41.6535728445902, -1.20215926484888));
#10936 = CARTESIAN_POINT('', (88.4092893485431, 41.6438800585819, -1.20215926291893));
#10937 = CARTESIAN_POINT('', (88.454597239722, 41.63555745609, -1.20360801148767));
#10938 = CARTESIAN_POINT('', (88.5024969993472, 41.6281246287692, -1.20650551200259));
#10939 = CARTESIAN_POINT('', (88.5264468791597, 41.6244082151088, -1.20795426226005));
#10940 = CARTESIAN_POINT('', (88.5510314210084, 41.620917114954, -1.20976520050406));
#10941 = CARTESIAN_POINT('', (88.5763824314727, 41.6176229017159, -1.21193832691554));
#10942 = CARTESIAN_POINT('', (88.601733441937, 41.6143286884778, -1.21411145332701));
#10943 = CARTESIAN_POINT('', (88.6278542050706, 41.6112306545422, -1.0187691637393));
#10944 = CARTESIAN_POINT('', (88.6547236990992, 41.6083333333333, -1.02166666666667));
#10945 = CARTESIAN_POINT('', (88.1098127456509, 41.7954351851852, -0.952083333333333));
#10946 = CARTESIAN_POINT('', (88.1344723013801, 41.7873340764722, -0.949300441198726));
#10947 = CARTESIAN_POINT('', (88.1584971551889, 41.7797177119937, -1.16866228518276));
#10948 = CARTESIAN_POINT('', (88.1818514471706, 41.7725938261064, -1.16657511543476));
#10949 = CARTESIAN_POINT('', (88.2052057391522, 41.765469940219, -1.16448794568677));
#10950 = CARTESIAN_POINT('', (88.2278931510689, 41.7588377386671, -1.16274863720673));
#10951 = CARTESIAN_POINT('', (88.2500491252343, 41.752668011248, -1.16135719014397));
#10952 = CARTESIAN_POINT('', (88.2943610735648, 41.74032855641, -1.15857429601846));
#10953 = CARTESIAN_POINT('', (88.3364876189846, 41.7298518635256, -1.15718284756207));
#10954 = CARTESIAN_POINT('', (88.3788272272057, 41.7207206675538, -1.15718284596935));
#10955 = CARTESIAN_POINT('', (88.4211668354268, 41.711589471582, -1.15718284437663));
#10956 = CARTESIAN_POINT('', (88.4638668798571, 41.7037719884263, -1.15857428964757));
#10957 = CARTESIAN_POINT('', (88.5093258267618, 41.6967509530456, -1.16135718297672));
#10958 = CARTESIAN_POINT('', (88.5320553002141, 41.6932404353553, -1.16274862964129));
#10959 = CARTESIAN_POINT('', (88.5554595859037, 41.6899322462099, -1.16448793832042));
#10960 = CARTESIAN_POINT('', (88.5796741268063, 41.6867971746699, -1.16657510916342));
#10961 = CARTESIAN_POINT('', (88.6038886677089, 41.6836621031298, -1.16866228000641));
#10962 = CARTESIAN_POINT('', (88.6289171448515, 41.6806993560452, -0.94930043801328));
#10963 = CARTESIAN_POINT('', (88.6547236990992, 41.6779166666667, -0.952083333333333));
#10964 = CARTESIAN_POINT('', (88.1384922695166, 41.8588333333333, -0.8825));
#10965 = CARTESIAN_POINT('', (88.1618834352424, 41.8511489005493, -0.879860235708557));
#10966 = CARTESIAN_POINT('', (88.1846890235498, 41.8439207268482, -1.11239419188239));
#10967 = CARTESIAN_POINT('', (88.2068474741855, 41.837162089176, -1.11041436854819));
#10968 = CARTESIAN_POINT('', (88.2290059248212, 41.8304034515038, -1.10843454521399));
#10969 = CARTESIAN_POINT('', (88.2505211361218, 41.8241135088838, -1.10678469237175));
#10970 = CARTESIAN_POINT('', (88.2715129266555, 41.8182664204933, -1.10546481004815));
#10971 = CARTESIAN_POINT('', (88.3134965077227, 41.8065722437124, -1.10282504540095));
#10972 = CARTESIAN_POINT('', (88.3533232448815, 41.7966631060614, -1.10150516282832));
#10973 = CARTESIAN_POINT('', (88.3933439625407, 41.7880320161604, -1.10150516254372));
#10974 = CARTESIAN_POINT('', (88.4333646801999, 41.7794009262595, -1.10150516225912));
#10975 = CARTESIAN_POINT('', (88.4737354207913, 41.7720142303595, -1.10282504426254));
#10976 = CARTESIAN_POINT('', (88.5168070093095, 41.7653649370807, -1.10546480876743));
#10977 = CARTESIAN_POINT('', (88.5383428035685, 41.7620402904413, -1.10678469101988));
#10978 = CARTESIAN_POINT('', (88.5605380191702, 41.7589034002702, -1.1084345438977));
#10979 = CARTESIAN_POINT('', (88.5835124753839, 41.7559284249644, -1.11041436742757));
#10980 = CARTESIAN_POINT('', (88.6064869315976, 41.7529534496585, -1.11239419095743));
#10981 = CARTESIAN_POINT('', (88.6302445259814, 41.7501395494121, -0.87986023513935));
#10982 = CARTESIAN_POINT('', (88.6547236990992, 41.7475, -0.8825));
#10983 = CARTESIAN_POINT('', (88.195851317248, 41.9856296296296, -0.743333333333333));
#10984 = CARTESIAN_POINT('', (88.2167057029669, 41.9787785487035, -0.740979824728218));
#10985 = CARTESIAN_POINT('', (88.2370727602715, 41.9723267565573, -0.999858005281651));
#10986 = CARTESIAN_POINT('', (88.2568395282153, 41.9662986153153, -0.998092874775042));
#10987 = CARTESIAN_POINT('', (88.2766062961592, 41.9602704740734, -0.996327744268432));
#10988 = CARTESIAN_POINT('', (88.2957771062276, 41.9546650493172, -0.994856802701781));
#10989 = CARTESIAN_POINT('', (88.3144405294979, 41.9494632389839, -0.993680049856496));
#10990 = CARTESIAN_POINT('', (88.3517673760385, 41.9390596183172, -0.991326544165926));
#10991 = CARTESIAN_POINT('', (88.3869944966752, 41.9302855911329, -0.990149793360824));
#10992 = CARTESIAN_POINT('', (88.4223774332106, 41.9226547133737, -0.990149795692461));
#10993 = CARTESIAN_POINT('', (88.457760369746, 41.9150238356145, -0.990149798024098));
#10994 = CARTESIAN_POINT('', (88.4934725026597, 41.908498714226, -0.991326553492474));
#10995 = CARTESIAN_POINT('', (88.5317693744048, 41.9025929051508, -0.993680060348862));
#10996 = CARTESIAN_POINT('', (88.5509178102773, 41.8996400006132, -0.994856813777056));
#10997 = CARTESIAN_POINT('', (88.5706948857032, 41.8968457083908, -0.996327755052253));
#10998 = CARTESIAN_POINT('', (88.5911891725392, 41.8941909255533, -0.998092883955862));
#10999 = CARTESIAN_POINT('', (88.6116834593751, 41.8915361427159, -0.999858012859471));
#11000 = CARTESIAN_POINT('', (88.6328992882412, 41.8890199361459, -0.740979829391492));
#11001 = CARTESIAN_POINT('', (88.6547236990992, 41.8866666666667, -0.743333333333333));
#11002 = CARTESIAN_POINT('', (88.2532103649794, 42.1124259259259, -0.604166666666667));
#11003 = CARTESIAN_POINT('', (88.2704993416304, 42.1067461379288, -0.602215515015112));
#11004 = CARTESIAN_POINT('', (88.2877435500881, 42.1013198990205, -0.844049924480281));
#11005 = CARTESIAN_POINT('', (88.304733461476, 42.0961923976974, -0.842586561543736));
#11006 = CARTESIAN_POINT('', (88.3217233728639, 42.0910648963744, -0.841123198607191));
#11007 = CARTESIAN_POINT('', (88.3384630299014, 42.0862352605125, -0.839903729935598));
#11008 = CARTESIAN_POINT('', (88.3549310002677, 42.0817081120336, -0.838928155343853));
#11009 = CARTESIAN_POINT('', (88.3878669410003, 42.0726538150758, -0.836977006160364));
#11010 = CARTESIAN_POINT('', (88.4196506349171, 42.0648235943877, -0.836001433296265));
#11011 = CARTESIAN_POINT('', (88.4515544650882, 42.0579430396255, -0.836001435270718));
#11012 = CARTESIAN_POINT('', (88.4834582952592, 42.0510624848633, -0.836001437245171));
#11013 = CARTESIAN_POINT('', (88.5156440834655, 42.0450966958426, -0.836977014058175));
#11014 = CARTESIAN_POINT('', (88.5493842133842, 42.0397712622195, -0.83892816422889));
#11015 = CARTESIAN_POINT('', (88.5662542783435, 42.0371085454079, -0.839903739314248));
#11016 = CARTESIAN_POINT('', (88.5834965532534, 42.0346094494001, -0.841123207739034));
#11017 = CARTESIAN_POINT('', (88.6010896065203, 42.0322785953082, -0.842586569318143));
#11018 = CARTESIAN_POINT('', (88.6186826597872, 42.0299477412163, -0.844049930897252));
#11019 = CARTESIAN_POINT('', (88.6366305333232, 42.0277842581306, -0.602215518964017));
#11020 = CARTESIAN_POINT('', (88.6547236990992, 42.0258333333333, -0.604166666666667));
#11021 = CARTESIAN_POINT('', (88.3105694127107, 42.2392222222222, -0.465));
#11022 = CARTESIAN_POINT('', (88.3242709674359, 42.2347209727998, -0.463453703824209));
#11023 = CARTESIAN_POINT('', (88.338359735254, 42.2303295015851, -0.670850694607147));
#11024 = CARTESIAN_POINT('', (88.3525489113048, 42.2261096629674, -0.669690972372531));
#11025 = CARTESIAN_POINT('', (88.3667380873556, 42.2218898243497, -0.668531250137914));
#11026 = CARTESIAN_POINT('', (88.381031136827, 42.2178408707943, -0.667564814885744));
#11027 = CARTESIAN_POINT('', (88.3953024804775, 42.2139898853407, -0.666791666639736));
#11028 = CARTESIAN_POINT('', (88.4238451677785, 42.2062879144336, -0.665245370147719));
#11029 = CARTESIAN_POINT('', (88.4522448888266, 42.1993899245664, -0.664472221680353));
#11030 = CARTESIAN_POINT('', (88.4807345882351, 42.1932456780126, -0.664472221427373));
#11031 = CARTESIAN_POINT('', (88.5092242876437, 42.1871014314588, -0.664472221174392));
#11032 = CARTESIAN_POINT('', (88.5379426697966, 42.1816810137747, -0.665245369135797));
#11033 = CARTESIAN_POINT('', (88.5671226798276, 42.1769341872337, -0.666791665501323));
#11034 = CARTESIAN_POINT('', (88.5817126848432, 42.1745607739633, -0.667564813684086));
#11035 = CARTESIAN_POINT('', (88.5964040607047, 42.1723587858679, -0.66853124896788));
#11036 = CARTESIAN_POINT('', (88.611071228794, 42.1703553052936, -0.66969097137642));
#11037 = CARTESIAN_POINT('', (88.6257383968833, 42.1683518247193, -0.670850693784961));
#11038 = CARTESIAN_POINT('', (88.6403848216964, 42.1665461051719, -0.463453703318248));
#11039 = CARTESIAN_POINT('', (88.6547236990992, 42.165, -0.465));
#11040 = CARTESIAN_POINT('', (88.4252875081736, 42.4928148148148, -0.186666666666667));
#11041 = CARTESIAN_POINT('', (88.4318142190467, 42.4906706425418, -0.185930081442405));
#11042 = CARTESIAN_POINT('', (88.439592105586, 42.4883487067142, -0.324452234860881));
#11043 = CARTESIAN_POINT('', (88.4481798109625, 42.4859441935074, -0.323899794030122));
#11044 = CARTESIAN_POINT('', (88.456767516339, 42.4835396803005, -0.323347353199362));
#11045 = CARTESIAN_POINT('', (88.4661673506782, 42.4810520913579, -0.322886984786035));
#11046 = CARTESIAN_POINT('', (88.4760454408971, 42.478553431955, -0.3225186892315));
#11047 = CARTESIAN_POINT('', (88.4958016213349, 42.4735561131491, -0.321782098122429));
#11048 = CARTESIAN_POINT('', (88.5174333966453, 42.4685225849237, -0.321413798448528));
#11049 = CARTESIAN_POINT('', (88.539094834529, 42.4638509547868, -0.321413793740681));
#11050 = CARTESIAN_POINT('', (88.5607562724126, 42.4591793246499, -0.321413789032835));
#11051 = CARTESIAN_POINT('', (88.5825398424586, 42.454849649639, -0.321782079291042));
#11052 = CARTESIAN_POINT('', (88.6025996127145, 42.4512600372623, -0.322518668046189));
#11053 = CARTESIAN_POINT('', (88.6126294978424, 42.4494652310739, -0.322886962423763));
#11054 = CARTESIAN_POINT('', (88.6222190756072, 42.4478574588037, -0.323347331425571));
#11055 = CARTESIAN_POINT('', (88.6310344733413, 42.4465087252645, -0.323899775492975));
#11056 = CARTESIAN_POINT('', (88.6398498710753, 42.4451599917252, -0.324452219560379));
#11057 = CARTESIAN_POINT('', (88.6478933984429, 42.4440697992544, -0.185930072026712));
#11058 = CARTESIAN_POINT('', (88.6547236990992, 42.4433333333333, -0.186666666666667));
#11059 = CARTESIAN_POINT('', (88.5400056036364, 42.7464074074074, 0.0916666666666663));
#11060 = CARTESIAN_POINT('', (88.5400067305598, 42.7464070371975, 0.0916667938380106));
#11061 = CARTESIAN_POINT('', (88.5417998985768, 42.7460202013624, 0.091666905112937));
#11062 = CARTESIAN_POINT('', (88.5449370982327, 42.7453435201059, 0.0916670004914453));
#11063 = CARTESIAN_POINT('', (88.5480742978887, 42.7446668388494, 0.0916670958699536));
#11064 = CARTESIAN_POINT('', (88.5525555291836, 42.7437003121715, 0.0916671753520439));
#11065 = CARTESIAN_POINT('', (88.5579327826633, 42.742540560276, 0.0916672389377161));
#11066 = CARTESIAN_POINT('', (88.5686872896227, 42.7402210564849, 0.0916673661090605));
#11067 = CARTESIAN_POINT('', (88.5830258853208, 42.7371286518233, 0.0916674296947327));
#11068 = CARTESIAN_POINT('', (88.5973644941226, 42.7340363079213, 0.0916674296947328));
#11069 = CARTESIAN_POINT('', (88.6117031029244, 42.7309439640194, 0.0916674296947328));
#11070 = CARTESIAN_POINT('', (88.62604172483, 42.727851680877, 0.0916673661090606));
#11071 = CARTESIAN_POINT('', (88.6367962842045, 42.7255324201245, 0.0916672389377162));
#11072 = CARTESIAN_POINT('', (88.6421735638917, 42.7243727897483, 0.0916671753520441));
#11073 = CARTESIAN_POINT('', (88.6466548279461, 42.7234064149695, 0.0916670958699538));
#11074 = CARTESIAN_POINT('', (88.6497920669133, 42.7227299159919, 0.0916670004914454));
#11075 = CARTESIAN_POINT('', (88.6529293058805, 42.7220534170144, 0.091666905112937));
#11076 = CARTESIAN_POINT('', (88.6547225197606, 42.721666793838, 0.0916667938380106));
#11077 = CARTESIAN_POINT('', (88.6547236990992, 42.7216666666667, 0.0916666666666662));
#11078 = CARTESIAN_POINT('', (88.6547236990992, 43., 0.369999999999999));
#11079 = CARTESIAN_POINT('', (88.6547236990992, 43., 0.369999999999999));
#11080 = CARTESIAN_POINT('', (88.6547236990992, 43., 0.369999999999999));
#11081 = CARTESIAN_POINT('', (88.6547236990992, 43., 0.369999999999999));
#11082 = CARTESIAN_POINT('', (88.6547236990992, 43., 0.369999999999999));
#11083 = CARTESIAN_POINT('', (88.6547236990992, 43., 0.369999999999999));
#11084 = CARTESIAN_POINT('', (88.6547236990992, 43., 0.369999999999999));
#11085 = CARTESIAN_POINT('', (88.6547236990992, 43., 0.369999999999999));
#11086 = CARTESIAN_POINT('', (88.6547236990992, 43., 0.369999999999999));
#11087 = CARTESIAN_POINT('', (88.6547236990992, 43., 0.369999999999999));
#11088 = CARTESIAN_POINT('', (88.6547236990992, 43., 0.369999999999999));
#11089 = CARTESIAN_POINT('', (88.6547236990992, 43., 0.369999999999999));
#11090 = CARTESIAN_POINT('', (88.6547236990992, 43., 0.369999999999999));
#11091 = CARTESIAN_POINT('', (88.6547236990992, 43., 0.369999999999999));
#11092 = CARTESIAN_POINT('', (88.6547236990992, 43., 0.369999999999999));
#11093 = CARTESIAN_POINT('', (88.6547236990992, 43., 0.369999999999999));
#11094 = CARTESIAN_POINT('', (88.6547236990992, 43., 0.369999999999999));
#11095 = CARTESIAN_POINT('', (88.6547236990992, 43., 0.369999999999999));
#11096 = CARTESIAN_POINT('', (88.6547236990992, 43., 0.369999999999999));
#11097 = ADVANCED_FACE('', (#11098), #11106, .F.);
#11098 = FACE_OUTER_BOUND('', #11099, .F.);
#11099 = EDGE_LOOP('', (#11100, #11101, #11102, #11103, #11104, #11105));
#11100 = ORIENTED_EDGE('', *, *, #9480, .F.);
#11101 = ORIENTED_EDGE('', *, *, #4799, .F.);
#11102 = ORIENTED_EDGE('', *, *, #4827, .T.);
#11103 = ORIENTED_EDGE('', *, *, #4920, .F.);
#11104 = ORIENTED_EDGE('', *, *, #4957, .T.);
#11105 = ORIENTED_EDGE('', *, *, #5294, .T.);
#11106 = B_SPLINE_SURFACE_WITH_KNOTS('', 1, 1, ((#11107, #11108), (#11109, #11110)), .UNSPECIFIED., .F., .F., .U., (2, 2), (2, 2), (0., 1.), (0., 1.), .UNSPECIFIED.);
#11107 = CARTESIAN_POINT('', (1.2, -6.08983727739434, -5.53983727739434));
#11108 = CARTESIAN_POINT('', (1.2, 31.0898372773943, -5.53983727739434));
#11109 = CARTESIAN_POINT('', (1.2, -6.08983727739434, 31.6398372773943));
#11110 = CARTESIAN_POINT('', (1.2, 31.0898372773943, 31.6398372773943));
#11111 = ADVANCED_FACE('', (#11112), #11134, .T.);
#11112 = FACE_OUTER_BOUND('', #11113, .T.);
#11113 = EDGE_LOOP('', (#11114, #11121, #11128, #11133));
#11114 = ORIENTED_EDGE('', *, *, #11115, .F.);
#11115 = EDGE_CURVE('', #11116, #6876, #11118, .T.);
#11116 = VERTEX_POINT('', #11117);
#11117 = CARTESIAN_POINT('', (92.5, 21.5883028036102, 1.3));
#11118 = B_SPLINE_CURVE_WITH_KNOTS('', 1, (#11119, #11120), .UNSPECIFIED., .F., .U., (2, 2), (0., 1.), .UNSPECIFIED.);
#11119 = CARTESIAN_POINT('', (92.5, 21.5883028036102, 1.3));
#11120 = CARTESIAN_POINT('', (92.5, 6.21169719638982, 1.3));
#11121 = ORIENTED_EDGE('', *, *, #11122, .F.);
#11122 = EDGE_CURVE('', #11123, #11116, #11125, .T.);
#11123 = VERTEX_POINT('', #11124);
#11124 = CARTESIAN_POINT('', (87.05, 21.5883028036102, 1.3));
#11125 = B_SPLINE_CURVE_WITH_KNOTS('', 1, (#11126, #11127), .UNSPECIFIED., .F., .U., (2, 2), (0., 0.68125), .UNSPECIFIED.);
#11126 = CARTESIAN_POINT('', (87.05, 21.5883028036102, 1.3));
#11127 = CARTESIAN_POINT('', (92.5, 21.5883028036102, 1.3));
#11128 = ORIENTED_EDGE('', *, *, #11129, .F.);
#11129 = EDGE_CURVE('', #6868, #11123, #11130, .T.);
#11130 = B_SPLINE_CURVE_WITH_KNOTS('', 1, (#11131, #11132), .UNSPECIFIED., .F., .U., (2, 2), (0.323491849082847, 0.676508150917152), .UNSPECIFIED.);
#11131 = CARTESIAN_POINT('', (87.0500000000001, 6.21169719638983, 1.3));
#11132 = CARTESIAN_POINT('', (87.05, 21.5883028036102, 1.3));
#11133 = ORIENTED_EDGE('', *, *, #6875, .T.);
#11134 = B_SPLINE_SURFACE_WITH_KNOTS('', 1, 1, ((#11135, #11136), (#11137, #11138)), .UNSPECIFIED., .F., .F., .U., (2, 2), (2, 2), (0., 1.), (0., 1.), .UNSPECIFIED.);
#11135 = CARTESIAN_POINT('', (147.394584572862, -35.3945845728624, 1.3));
#11136 = CARTESIAN_POINT('', (36.6054154271376, -35.3945845728624, 1.3));
#11137 = CARTESIAN_POINT('', (147.394584572862, 75.3945845728624, 1.3));
#11138 = CARTESIAN_POINT('', (36.6054154271376, 75.3945845728624, 1.3));
#11139 = ADVANCED_FACE('', (#11140), #11151, .F.);
#11140 = FACE_OUTER_BOUND('', #11141, .F.);
#11141 = EDGE_LOOP('', (#11142, #11143, #11149, #11150));
#11142 = ORIENTED_EDGE('', *, *, #1061, .T.);
#11143 = ORIENTED_EDGE('', *, *, #11144, .F.);
#11144 = EDGE_CURVE('', #11123, #1055, #11145, .T.);
#11145 = (
   BOUNDED_CURVE ()
   B_SPLINE_CURVE (2, (#11146, #11147, #11148), .UNSPECIFIED., .F., .U.)
   B_SPLINE_CURVE_WITH_KNOTS ((3, 3), (0.594106395472607, 0.599879752026167), .UNSPECIFIED.)
   CURVE ()
   GEOMETRIC_REPRESENTATION_ITEM ()
   RATIONAL_B_SPLINE_CURVE ((0.862498722531154, 0.860827030556152, 0.85946774219889))
   REPRESENTATION_ITEM ('')
);
#11146 = CARTESIAN_POINT('', (87.05, 21.5883028036102, 1.3));
#11147 = CARTESIAN_POINT('', (87.05, 21.8102467680284, 1.44584379520349));
#11148 = CARTESIAN_POINT('', (87.05, 22.0264998615641, 1.60000000000004));
#11149 = ORIENTED_EDGE('', *, *, #11129, .F.);
#11150 = ORIENTED_EDGE('', *, *, #6867, .F.);
#11151 = B_SPLINE_SURFACE_WITH_KNOTS('', 1, 1, ((#11152, #11153), (#11154, #11155)), .UNSPECIFIED., .F., .F., .U., (2, 2), (2, 2), (0., 1.), (0., 1.), .UNSPECIFIED.);
#11152 = CARTESIAN_POINT('', (87.0500000000001, -7.87888886054567, -8.77888886054567));
#11153 = CARTESIAN_POINT('', (87.05, 35.6788888605457, -8.77888886054567));
#11154 = CARTESIAN_POINT('', (87.0500000000001, -7.87888886054567, 34.7788888605457));
#11155 = CARTESIAN_POINT('', (87.0499999999999, 35.6788888605457, 34.7788888605457));
#11156 = ADVANCED_FACE('', (#11157), #11173, .T.);
#11157 = FACE_OUTER_BOUND('', #11158, .T.);
#11158 = EDGE_LOOP('', (#11159, #11166, #11171, #11172));
#11159 = ORIENTED_EDGE('', *, *, #11160, .F.);
#11160 = EDGE_CURVE('', #11161, #1118, #11163, .T.);
#11161 = VERTEX_POINT('', #11162);
#11162 = CARTESIAN_POINT('', (86.5, 2.25, 8.6));
#11163 = B_SPLINE_CURVE_WITH_KNOTS('', 1, (#11164, #11165), .UNSPECIFIED., .F., .U., (2, 2), (0., 1.), .UNSPECIFIED.);
#11164 = CARTESIAN_POINT('', (86.5, 2.25, 8.6));
#11165 = CARTESIAN_POINT('', (86.5, 2.25, 1.6));
#11166 = ORIENTED_EDGE('', *, *, #11167, .F.);
#11167 = EDGE_CURVE('', #6739, #11161, #11168, .T.);
#11168 = B_SPLINE_CURVE_WITH_KNOTS('', 1, (#11169, #11170), .UNSPECIFIED., .F., .U., (2, 2), (0., 0.0151515151515152), .UNSPECIFIED.);
#11169 = CARTESIAN_POINT('', (87., 2.25, 8.6));
#11170 = CARTESIAN_POINT('', (86.5, 2.25, 8.6));
#11171 = ORIENTED_EDGE('', *, *, #6738, .F.);
#11172 = ORIENTED_EDGE('', *, *, #1117, .F.);
#11173 = B_SPLINE_SURFACE_WITH_KNOTS('', 1, 1, ((#11174, #11175), (#11176, #11177)), .UNSPECIFIED., .F., .F., .U., (2, 2), (2, 2), (0., 1.), (0., 1.), .UNSPECIFIED.);
#11174 = CARTESIAN_POINT('', (87., 2.25, 1.6));
#11175 = CARTESIAN_POINT('', (87., 2.25, 8.6));
#11176 = CARTESIAN_POINT('', (54., 2.25, 1.6));
#11177 = CARTESIAN_POINT('', (54., 2.25, 8.6));
#11178 = ADVANCED_FACE('', (#11179), #11189, .T.);
#11179 = FACE_OUTER_BOUND('', #11180, .T.);
#11180 = EDGE_LOOP('', (#11181, #11186, #11187, #11188));
#11181 = ORIENTED_EDGE('', *, *, #11182, .F.);
#11182 = EDGE_CURVE('', #6608, #11161, #11183, .T.);
#11183 = B_SPLINE_CURVE_WITH_KNOTS('', 1, (#11184, #11185), .UNSPECIFIED., .F., .U., (2, 2), (0., 1.), .UNSPECIFIED.);
#11184 = CARTESIAN_POINT('', (86.5, 2., 8.6));
#11185 = CARTESIAN_POINT('', (86.5, 2.25, 8.6));
#11186 = ORIENTED_EDGE('', *, *, #6607, .F.);
#11187 = ORIENTED_EDGE('', *, *, #6745, .T.);
#11188 = ORIENTED_EDGE('', *, *, #11167, .T.);
#11189 = B_SPLINE_SURFACE_WITH_KNOTS('', 1, 1, ((#11190, #11191), (#11192, #11193)), .UNSPECIFIED., .F., .F., .U., (2, 2), (2, 2), (0., 1.), (0., 1.), .UNSPECIFIED.);
#11190 = CARTESIAN_POINT('', (88.671320810552, -16.721320810552, 8.6));
#11191 = CARTESIAN_POINT('', (52.328679189448, -16.721320810552, 8.6));
#11192 = CARTESIAN_POINT('', (88.671320810552, 19.621320810552, 8.6));
#11193 = CARTESIAN_POINT('', (52.328679189448, 19.621320810552, 8.6));
#11194 = ADVANCED_FACE('', (#11195), #11213, .T.);
#11195 = FACE_OUTER_BOUND('', #11196, .T.);
#11196 = EDGE_LOOP('', (#11197, #11198, #11199, #11200, #11201, #11208));
#11197 = ORIENTED_EDGE('', *, *, #6614, .T.);
#11198 = ORIENTED_EDGE('', *, *, #11182, .T.);
#11199 = ORIENTED_EDGE('', *, *, #11160, .T.);
#11200 = ORIENTED_EDGE('', *, *, #1124, .F.);
#11201 = ORIENTED_EDGE('', *, *, #11202, .T.);
#11202 = EDGE_CURVE('', #1125, #11203, #11205, .T.);
#11203 = VERTEX_POINT('', #11204);
#11204 = CARTESIAN_POINT('', (86.5, 4., 16.6));
#11205 = B_SPLINE_CURVE_WITH_KNOTS('', 1, (#11206, #11207), .UNSPECIFIED., .F., .U., (2, 2), (0., 1.), .UNSPECIFIED.);
#11206 = CARTESIAN_POINT('', (86.5, 4., 1.6));
#11207 = CARTESIAN_POINT('', (86.5, 4., 16.6));
#11208 = ORIENTED_EDGE('', *, *, #11209, .F.);
#11209 = EDGE_CURVE('', #6615, #11203, #11210, .T.);
#11210 = B_SPLINE_CURVE_WITH_KNOTS('', 1, (#11211, #11212), .UNSPECIFIED., .F., .U., (2, 2), (0.534883720930233, 1.), .UNSPECIFIED.);
#11211 = CARTESIAN_POINT('', (86.5, 2., 16.6));
#11212 = CARTESIAN_POINT('', (86.5, 4., 16.6));
#11213 = B_SPLINE_SURFACE_WITH_KNOTS('', 1, 1, ((#11214, #11215), (#11216, #11217)), .UNSPECIFIED., .F., .F., .U., (2, 2), (2, 2), (0., 1.), (0., 1.), .UNSPECIFIED.);
#11214 = CARTESIAN_POINT('', (86.5, -0.3, 1.6));
#11215 = CARTESIAN_POINT('', (86.5, -0.3, 16.6));
#11216 = CARTESIAN_POINT('', (86.5, 4., 1.6));
#11217 = CARTESIAN_POINT('', (86.5, 4., 16.6));
#11218 = ADVANCED_FACE('', (#11219), #11249, .T.);
#11219 = FACE_OUTER_BOUND('', #11220, .T.);
#11220 = EDGE_LOOP('', (#11221, #11228, #11235, #11242, #11247, #11248));
#11221 = ORIENTED_EDGE('', *, *, #11222, .T.);
#11222 = EDGE_CURVE('', #1132, #11223, #11225, .T.);
#11223 = VERTEX_POINT('', #11224);
#11224 = CARTESIAN_POINT('', (85., 4., 4.5));
#11225 = B_SPLINE_CURVE_WITH_KNOTS('', 1, (#11226, #11227), .UNSPECIFIED., .F., .U., (2, 2), (0., 1.), .UNSPECIFIED.);
#11226 = CARTESIAN_POINT('', (85., 4., 1.6));
#11227 = CARTESIAN_POINT('', (85., 4., 4.5));
#11228 = ORIENTED_EDGE('', *, *, #11229, .T.);
#11229 = EDGE_CURVE('', #11223, #11230, #11232, .T.);
#11230 = VERTEX_POINT('', #11231);
#11231 = CARTESIAN_POINT('', (83.5, 4., 4.5));
#11232 = B_SPLINE_CURVE_WITH_KNOTS('', 1, (#11233, #11234), .UNSPECIFIED., .F., .U., (2, 2), (0.5, 1.), .UNSPECIFIED.);
#11233 = CARTESIAN_POINT('', (85., 4., 4.5));
#11234 = CARTESIAN_POINT('', (83.5, 4., 4.5));
#11235 = ORIENTED_EDGE('', *, *, #11236, .T.);
#11236 = EDGE_CURVE('', #11230, #11237, #11239, .T.);
#11237 = VERTEX_POINT('', #11238);
#11238 = CARTESIAN_POINT('', (83.5, 4., 16.6));
#11239 = B_SPLINE_CURVE_WITH_KNOTS('', 1, (#11240, #11241), .UNSPECIFIED., .F., .U., (2, 2), (0.193333333333333, 1.), .UNSPECIFIED.);
#11240 = CARTESIAN_POINT('', (83.5, 4., 4.5));
#11241 = CARTESIAN_POINT('', (83.5, 4., 16.6));
#11242 = ORIENTED_EDGE('', *, *, #11243, .F.);
#11243 = EDGE_CURVE('', #11203, #11237, #11244, .T.);
#11244 = B_SPLINE_CURVE_WITH_KNOTS('', 1, (#11245, #11246), .UNSPECIFIED., .F., .U., (2, 2), (0., 1.), .UNSPECIFIED.);
#11245 = CARTESIAN_POINT('', (86.5, 4., 16.6));
#11246 = CARTESIAN_POINT('', (83.5, 4., 16.6));
#11247 = ORIENTED_EDGE('', *, *, #11202, .F.);
#11248 = ORIENTED_EDGE('', *, *, #1131, .F.);
#11249 = B_SPLINE_SURFACE_WITH_KNOTS('', 1, 1, ((#11250, #11251), (#11252, #11253)), .UNSPECIFIED., .F., .F., .U., (2, 2), (2, 2), (0., 1.), (0., 1.), .UNSPECIFIED.);
#11250 = CARTESIAN_POINT('', (86.5, 4., 1.6));
#11251 = CARTESIAN_POINT('', (86.5, 4., 16.6));
#11252 = CARTESIAN_POINT('', (83.5, 4., 1.6));
#11253 = CARTESIAN_POINT('', (83.5, 4., 16.6));
#11254 = ADVANCED_FACE('', (#11255), #11297, .T.);
#11255 = FACE_OUTER_BOUND('', #11256, .T.);
#11256 = EDGE_LOOP('', (#11257, #11258, #11263, #11264, #11271, #11278, #11285, #11292));
#11257 = ORIENTED_EDGE('', *, *, #6628, .T.);
#11258 = ORIENTED_EDGE('', *, *, #11259, .F.);
#11259 = EDGE_CURVE('', #11237, #6622, #11260, .T.);
#11260 = B_SPLINE_CURVE_WITH_KNOTS('', 1, (#11261, #11262), .UNSPECIFIED., .F., .U., (2, 2), (0., 0.465116279069767), .UNSPECIFIED.);
#11261 = CARTESIAN_POINT('', (83.5, 4., 16.6));
#11262 = CARTESIAN_POINT('', (83.5, 2., 16.6));
#11263 = ORIENTED_EDGE('', *, *, #11236, .F.);
#11264 = ORIENTED_EDGE('', *, *, #11265, .T.);
#11265 = EDGE_CURVE('', #11230, #11266, #11268, .T.);
#11266 = VERTEX_POINT('', #11267);
#11267 = CARTESIAN_POINT('', (83.5, 2.9, 4.5));
#11268 = B_SPLINE_CURVE_WITH_KNOTS('', 1, (#11269, #11270), .UNSPECIFIED., .F., .U., (2, 2), (0., 0.255813953488373), .UNSPECIFIED.);
#11269 = CARTESIAN_POINT('', (83.5, 4., 4.5));
#11270 = CARTESIAN_POINT('', (83.5, 2.9, 4.5));
#11271 = ORIENTED_EDGE('', *, *, #11272, .T.);
#11272 = EDGE_CURVE('', #11266, #11273, #11275, .T.);
#11273 = VERTEX_POINT('', #11274);
#11274 = CARTESIAN_POINT('', (83.5, 2.9, 1.6));
#11275 = B_SPLINE_CURVE_WITH_KNOTS('', 1, (#11276, #11277), .UNSPECIFIED., .F., .U., (2, 2), (0., 1.), .UNSPECIFIED.);
#11276 = CARTESIAN_POINT('', (83.5, 2.9, 4.49999999999999));
#11277 = CARTESIAN_POINT('', (83.5, 2.9, 1.6));
#11278 = ORIENTED_EDGE('', *, *, #11279, .F.);
#11279 = EDGE_CURVE('', #11280, #11273, #11282, .T.);
#11280 = VERTEX_POINT('', #11281);
#11281 = CARTESIAN_POINT('', (83.5, 2.25, 1.6));
#11282 = B_SPLINE_CURVE_WITH_KNOTS('', 1, (#11283, #11284), .UNSPECIFIED., .F., .U., (2, 2), (0.0789473684210485, 0.421052631578945), .UNSPECIFIED.);
#11283 = CARTESIAN_POINT('', (83.5, 2.25, 1.6));
#11284 = CARTESIAN_POINT('', (83.5, 2.9, 1.6));
#11285 = ORIENTED_EDGE('', *, *, #11286, .T.);
#11286 = EDGE_CURVE('', #11280, #11287, #11289, .T.);
#11287 = VERTEX_POINT('', #11288);
#11288 = CARTESIAN_POINT('', (83.5, 2.25, 8.6));
#11289 = B_SPLINE_CURVE_WITH_KNOTS('', 1, (#11290, #11291), .UNSPECIFIED., .F., .U., (2, 2), (0., 1.), .UNSPECIFIED.);
#11290 = CARTESIAN_POINT('', (83.5, 2.25, 1.6));
#11291 = CARTESIAN_POINT('', (83.5, 2.25, 8.59999999999999));
#11292 = ORIENTED_EDGE('', *, *, #11293, .T.);
#11293 = EDGE_CURVE('', #11287, #6629, #11294, .T.);
#11294 = B_SPLINE_CURVE_WITH_KNOTS('', 1, (#11295, #11296), .UNSPECIFIED., .F., .U., (2, 2), (0., 1.), .UNSPECIFIED.);
#11295 = CARTESIAN_POINT('', (83.5, 2.25, 8.6));
#11296 = CARTESIAN_POINT('', (83.5, 2., 8.6));
#11297 = B_SPLINE_SURFACE_WITH_KNOTS('', 1, 1, ((#11298, #11299), (#11300, #11301)), .UNSPECIFIED., .F., .F., .U., (2, 2), (2, 2), (0., 1.), (0., 1.), .UNSPECIFIED.);
#11298 = CARTESIAN_POINT('', (83.5, 4., 1.6));
#11299 = CARTESIAN_POINT('', (83.5, 4., 16.6));
#11300 = CARTESIAN_POINT('', (83.5, -0.3, 1.6));
#11301 = CARTESIAN_POINT('', (83.5, -0.3, 16.6));
#11302 = ADVANCED_FACE('', (#11303), #11309, .T.);
#11303 = FACE_OUTER_BOUND('', #11304, .T.);
#11304 = EDGE_LOOP('', (#11305, #11306, #11307, #11308));
#11305 = ORIENTED_EDGE('', *, *, #6621, .T.);
#11306 = ORIENTED_EDGE('', *, *, #11209, .T.);
#11307 = ORIENTED_EDGE('', *, *, #11243, .T.);
#11308 = ORIENTED_EDGE('', *, *, #11259, .T.);
#11309 = B_SPLINE_SURFACE_WITH_KNOTS('', 1, 1, ((#11310, #11311), (#11312, #11313)), .UNSPECIFIED., .F., .F., .U., (2, 2), (2, 2), (0., 1.), (0., 1.), .UNSPECIFIED.);
#11310 = CARTESIAN_POINT('', (87.883699880362, -1.03369988036203, 16.6));
#11311 = CARTESIAN_POINT('', (82.116300119638, -1.03369988036203, 16.6));
#11312 = CARTESIAN_POINT('', (87.883699880362, 4.73369988036203, 16.6));
#11313 = CARTESIAN_POINT('', (82.116300119638, 4.73369988036203, 16.6));
#11314 = ADVANCED_FACE('', (#11315), #11337, .T.);
#11315 = FACE_OUTER_BOUND('', #11316, .T.);
#11316 = EDGE_LOOP('', (#11317, #11326, #11331, #11332));
#11317 = ORIENTED_EDGE('', *, *, #11318, .F.);
#11318 = EDGE_CURVE('', #11319, #11321, #11323, .T.);
#11319 = VERTEX_POINT('', #11320);
#11320 = CARTESIAN_POINT('', (67.6, 2.9, 1.6));
#11321 = VERTEX_POINT('', #11322);
#11322 = CARTESIAN_POINT('', (67.6, 2.9, 4.5));
#11323 = B_SPLINE_CURVE_WITH_KNOTS('', 1, (#11324, #11325), .UNSPECIFIED., .F., .U., (2, 2), (0., 1.), .UNSPECIFIED.);
#11324 = CARTESIAN_POINT('', (67.6, 2.9, 1.6));
#11325 = CARTESIAN_POINT('', (67.6, 2.9, 4.49999999999999));
#11326 = ORIENTED_EDGE('', *, *, #11327, .F.);
#11327 = EDGE_CURVE('', #11273, #11319, #11328, .T.);
#11328 = B_SPLINE_CURVE_WITH_KNOTS('', 1, (#11329, #11330), .UNSPECIFIED., .F., .U., (2, 2), (0.0499999999999995, 0.580000000000001), .UNSPECIFIED.);
#11329 = CARTESIAN_POINT('', (83.5, 2.9, 1.6));
#11330 = CARTESIAN_POINT('', (67.6, 2.9, 1.6));
#11331 = ORIENTED_EDGE('', *, *, #11272, .F.);
#11332 = ORIENTED_EDGE('', *, *, #11333, .F.);
#11333 = EDGE_CURVE('', #11321, #11266, #11334, .T.);
#11334 = B_SPLINE_CURVE_WITH_KNOTS('', 1, (#11335, #11336), .UNSPECIFIED., .F., .U., (2, 2), (0.419999999999999, 0.95), .UNSPECIFIED.);
#11335 = CARTESIAN_POINT('', (67.6, 2.9, 4.5));
#11336 = CARTESIAN_POINT('', (83.5, 2.9, 4.5));
#11337 = B_SPLINE_SURFACE_WITH_KNOTS('', 1, 1, ((#11338, #11339), (#11340, #11341)), .UNSPECIFIED., .F., .F., .U., (2, 2), (2, 2), (0., 1.), (0., 1.), .UNSPECIFIED.);
#11338 = CARTESIAN_POINT('', (55., 2.9, 1.55));
#11339 = CARTESIAN_POINT('', (55., 2.9, 4.5));
#11340 = CARTESIAN_POINT('', (85., 2.9, 1.55));
#11341 = CARTESIAN_POINT('', (85., 2.9, 4.5));
#11342 = ADVANCED_FACE('', (#11343), #11359, .F.);
#11343 = FACE_OUTER_BOUND('', #11344, .F.);
#11344 = EDGE_LOOP('', (#11345, #11352, #11353, #11354));
#11345 = ORIENTED_EDGE('', *, *, #11346, .F.);
#11346 = EDGE_CURVE('', #11319, #11347, #11349, .T.);
#11347 = VERTEX_POINT('', #11348);
#11348 = CARTESIAN_POINT('', (67.6, 2.25, 1.6));
#11349 = B_SPLINE_CURVE_WITH_KNOTS('', 1, (#11350, #11351), .UNSPECIFIED., .F., .U., (2, 2), (0.578947368421051, 0.921052631578945), .UNSPECIFIED.);
#11350 = CARTESIAN_POINT('', (67.6, 2.9, 1.6));
#11351 = CARTESIAN_POINT('', (67.6, 2.25, 1.6));
#11352 = ORIENTED_EDGE('', *, *, #11327, .F.);
#11353 = ORIENTED_EDGE('', *, *, #11279, .F.);
#11354 = ORIENTED_EDGE('', *, *, #11355, .F.);
#11355 = EDGE_CURVE('', #11347, #11280, #11356, .T.);
#11356 = B_SPLINE_CURVE_WITH_KNOTS('', 1, (#11357, #11358), .UNSPECIFIED., .F., .U., (2, 2), (0.412121212121212, 0.893939393939394), .UNSPECIFIED.);
#11357 = CARTESIAN_POINT('', (67.6, 2.25, 1.6));
#11358 = CARTESIAN_POINT('', (83.5, 2.25, 1.6));
#11359 = B_SPLINE_SURFACE_WITH_KNOTS('', 1, 1, ((#11360, #11361), (#11362, #11363)), .UNSPECIFIED., .F., .F., .U., (2, 2), (2, 2), (-0.485501726427499, 0.914219965938561), (0.31282791323012, 1.2861227644335), .UNSPECIFIED.);
#11360 = CARTESIAN_POINT('', (88.1, 2.09999999999999, 1.6));
#11361 = CARTESIAN_POINT('', (88.1, 61.9, 1.6));
#11362 = CARTESIAN_POINT('', (2.09999999999997, 2.09999999999999, 1.6));
#11363 = CARTESIAN_POINT('', (2.09999999999996, 61.9, 1.6));
#11364 = ADVANCED_FACE('', (#11365), #11381, .T.);
#11365 = FACE_OUTER_BOUND('', #11366, .T.);
#11366 = EDGE_LOOP('', (#11367, #11374, #11379, #11380));
#11367 = ORIENTED_EDGE('', *, *, #11368, .F.);
#11368 = EDGE_CURVE('', #11369, #11347, #11371, .T.);
#11369 = VERTEX_POINT('', #11370);
#11370 = CARTESIAN_POINT('', (67.6, 2.25, 8.6));
#11371 = B_SPLINE_CURVE_WITH_KNOTS('', 1, (#11372, #11373), .UNSPECIFIED., .F., .U., (2, 2), (0., 1.), .UNSPECIFIED.);
#11372 = CARTESIAN_POINT('', (67.6, 2.25, 8.6));
#11373 = CARTESIAN_POINT('', (67.6, 2.25, 1.6));
#11374 = ORIENTED_EDGE('', *, *, #11375, .F.);
#11375 = EDGE_CURVE('', #11287, #11369, #11376, .T.);
#11376 = B_SPLINE_CURVE_WITH_KNOTS('', 1, (#11377, #11378), .UNSPECIFIED., .F., .U., (2, 2), (0.106060606060606, 0.587878787878788), .UNSPECIFIED.);
#11377 = CARTESIAN_POINT('', (83.5, 2.25, 8.6));
#11378 = CARTESIAN_POINT('', (67.6, 2.25, 8.6));
#11379 = ORIENTED_EDGE('', *, *, #11286, .F.);
#11380 = ORIENTED_EDGE('', *, *, #11355, .F.);
#11381 = B_SPLINE_SURFACE_WITH_KNOTS('', 1, 1, ((#11382, #11383), (#11384, #11385)), .UNSPECIFIED., .F., .F., .U., (2, 2), (2, 2), (0., 1.), (0., 1.), .UNSPECIFIED.);
#11382 = CARTESIAN_POINT('', (87., 2.25, 1.6));
#11383 = CARTESIAN_POINT('', (87., 2.25, 8.6));
#11384 = CARTESIAN_POINT('', (54., 2.25, 1.6));
#11385 = CARTESIAN_POINT('', (54., 2.25, 8.6));
#11386 = ADVANCED_FACE('', (#11387), #11397, .T.);
#11387 = FACE_OUTER_BOUND('', #11388, .T.);
#11388 = EDGE_LOOP('', (#11389, #11394, #11395, #11396));
#11389 = ORIENTED_EDGE('', *, *, #11390, .F.);
#11390 = EDGE_CURVE('', #6636, #11369, #11391, .T.);
#11391 = B_SPLINE_CURVE_WITH_KNOTS('', 1, (#11392, #11393), .UNSPECIFIED., .F., .U., (2, 2), (0., 1.), .UNSPECIFIED.);
#11392 = CARTESIAN_POINT('', (67.6, 2., 8.6));
#11393 = CARTESIAN_POINT('', (67.6, 2.25, 8.6));
#11394 = ORIENTED_EDGE('', *, *, #6635, .F.);
#11395 = ORIENTED_EDGE('', *, *, #11293, .F.);
#11396 = ORIENTED_EDGE('', *, *, #11375, .T.);
#11397 = B_SPLINE_SURFACE_WITH_KNOTS('', 1, 1, ((#11398, #11399), (#11400, #11401)), .UNSPECIFIED., .F., .F., .U., (2, 2), (2, 2), (0., 1.), (0., 1.), .UNSPECIFIED.);
#11398 = CARTESIAN_POINT('', (88.671320810552, -16.721320810552, 8.6));
#11399 = CARTESIAN_POINT('', (52.328679189448, -16.721320810552, 8.6));
#11400 = CARTESIAN_POINT('', (88.671320810552, 19.621320810552, 8.6));
#11401 = CARTESIAN_POINT('', (52.328679189448, 19.621320810552, 8.6));
#11402 = ADVANCED_FACE('', (#11403), #11417, .T.);
#11403 = FACE_OUTER_BOUND('', #11404, .T.);
#11404 = EDGE_LOOP('', (#11405, #11406, #11407, #11408, #11409, #11410, #11415, #11416));
#11405 = ORIENTED_EDGE('', *, *, #6642, .T.);
#11406 = ORIENTED_EDGE('', *, *, #11390, .T.);
#11407 = ORIENTED_EDGE('', *, *, #11368, .T.);
#11408 = ORIENTED_EDGE('', *, *, #11346, .F.);
#11409 = ORIENTED_EDGE('', *, *, #11318, .T.);
#11410 = ORIENTED_EDGE('', *, *, #11411, .T.);
#11411 = EDGE_CURVE('', #11321, #6536, #11412, .T.);
#11412 = B_SPLINE_CURVE_WITH_KNOTS('', 1, (#11413, #11414), .UNSPECIFIED., .F., .U., (2, 2), (0., 1.), .UNSPECIFIED.);
#11413 = CARTESIAN_POINT('', (67.6, 2.90000000000001, 4.5));
#11414 = CARTESIAN_POINT('', (67.6, 4., 4.5));
#11415 = ORIENTED_EDGE('', *, *, #6550, .T.);
#11416 = ORIENTED_EDGE('', *, *, #6570, .F.);
#11417 = B_SPLINE_SURFACE_WITH_KNOTS('', 1, 1, ((#11418, #11419), (#11420, #11421)), .UNSPECIFIED., .F., .F., .U., (2, 2), (2, 2), (0., 1.), (0., 1.), .UNSPECIFIED.);
#11418 = CARTESIAN_POINT('', (67.6, -0.3, 1.6));
#11419 = CARTESIAN_POINT('', (67.6, -0.3, 16.6));
#11420 = CARTESIAN_POINT('', (67.6, 4., 1.6));
#11421 = CARTESIAN_POINT('', (67.6, 4., 16.6));
#11422 = ADVANCED_FACE('', (#11423), #11457, .T.);
#11423 = FACE_OUTER_BOUND('', #11424, .T.);
#11424 = EDGE_LOOP('', (#11425, #11426, #11427, #11428, #11429, #11430, #11431, #11438, #11445, #11452));
#11425 = ORIENTED_EDGE('', *, *, #6508, .F.);
#11426 = ORIENTED_EDGE('', *, *, #6535, .F.);
#11427 = ORIENTED_EDGE('', *, *, #11411, .F.);
#11428 = ORIENTED_EDGE('', *, *, #11333, .T.);
#11429 = ORIENTED_EDGE('', *, *, #11265, .F.);
#11430 = ORIENTED_EDGE('', *, *, #11229, .F.);
#11431 = ORIENTED_EDGE('', *, *, #11432, .T.);
#11432 = EDGE_CURVE('', #11223, #11433, #11435, .T.);
#11433 = VERTEX_POINT('', #11434);
#11434 = CARTESIAN_POINT('', (85., 5.9, 4.5));
#11435 = B_SPLINE_CURVE_WITH_KNOTS('', 1, (#11436, #11437), .UNSPECIFIED., .F., .U., (2, 2), (0.366666666666667, 1.), .UNSPECIFIED.);
#11436 = CARTESIAN_POINT('', (85., 4., 4.5));
#11437 = CARTESIAN_POINT('', (85., 5.9, 4.5));
#11438 = ORIENTED_EDGE('', *, *, #11439, .T.);
#11439 = EDGE_CURVE('', #11433, #11440, #11442, .T.);
#11440 = VERTEX_POINT('', #11441);
#11441 = CARTESIAN_POINT('', (55., 5.9, 4.5));
#11442 = B_SPLINE_CURVE_WITH_KNOTS('', 1, (#11443, #11444), .UNSPECIFIED., .F., .U., (2, 2), (0., 1.), .UNSPECIFIED.);
#11443 = CARTESIAN_POINT('', (85., 5.9, 4.5));
#11444 = CARTESIAN_POINT('', (55., 5.9, 4.5));
#11445 = ORIENTED_EDGE('', *, *, #11446, .T.);
#11446 = EDGE_CURVE('', #11440, #11447, #11449, .T.);
#11447 = VERTEX_POINT('', #11448);
#11448 = CARTESIAN_POINT('', (55., 2.9, 4.5));
#11449 = B_SPLINE_CURVE_WITH_KNOTS('', 1, (#11450, #11451), .UNSPECIFIED., .F., .U., (2, 2), (0., 1.), .UNSPECIFIED.);
#11450 = CARTESIAN_POINT('', (55., 5.9, 4.5));
#11451 = CARTESIAN_POINT('', (55., 2.9, 4.5));
#11452 = ORIENTED_EDGE('', *, *, #11453, .T.);
#11453 = EDGE_CURVE('', #11447, #6509, #11454, .T.);
#11454 = B_SPLINE_CURVE_WITH_KNOTS('', 1, (#11455, #11456), .UNSPECIFIED., .F., .U., (2, 2), (0., 0.32), .UNSPECIFIED.);
#11455 = CARTESIAN_POINT('', (55., 2.9, 4.5));
#11456 = CARTESIAN_POINT('', (64.6, 2.9, 4.5));
#11457 = B_SPLINE_SURFACE_WITH_KNOTS('', 1, 1, ((#11458, #11459), (#11460, #11461)), .UNSPECIFIED., .F., .F., .U., (2, 2), (2, 2), (0., 1.), (0., 1.), .UNSPECIFIED.);
#11458 = CARTESIAN_POINT('', (86.5822947748495, -12.1822947748495, 4.5));
#11459 = CARTESIAN_POINT('', (53.4177052251505, -12.1822947748495, 4.5));
#11460 = CARTESIAN_POINT('', (86.5822947748495, 20.9822947748495, 4.5));
#11461 = CARTESIAN_POINT('', (53.4177052251505, 20.9822947748495, 4.5));
#11462 = ADVANCED_FACE('', (#11463), #11473, .T.);
#11463 = FACE_OUTER_BOUND('', #11464, .T.);
#11464 = EDGE_LOOP('', (#11465, #11466, #11467, #11472));
#11465 = ORIENTED_EDGE('', *, *, #11222, .F.);
#11466 = ORIENTED_EDGE('', *, *, #1138, .F.);
#11467 = ORIENTED_EDGE('', *, *, #11468, .T.);
#11468 = EDGE_CURVE('', #1139, #11433, #11469, .T.);
#11469 = B_SPLINE_CURVE_WITH_KNOTS('', 1, (#11470, #11471), .UNSPECIFIED., .F., .U., (2, 2), (0.0169491525423729, 1.), .UNSPECIFIED.);
#11470 = CARTESIAN_POINT('', (85., 5.9, 1.6));
#11471 = CARTESIAN_POINT('', (85., 5.9, 4.5));
#11472 = ORIENTED_EDGE('', *, *, #11432, .F.);
#11473 = B_SPLINE_SURFACE_WITH_KNOTS('', 1, 1, ((#11474, #11475), (#11476, #11477)), .UNSPECIFIED., .F., .F., .U., (2, 2), (2, 2), (0., 1.), (0., 1.), .UNSPECIFIED.);
#11474 = CARTESIAN_POINT('', (85., 2.9, 1.55));
#11475 = CARTESIAN_POINT('', (85., 2.9, 4.5));
#11476 = CARTESIAN_POINT('', (85., 5.9, 1.55));
#11477 = CARTESIAN_POINT('', (85., 5.9, 4.5));
#11478 = ADVANCED_FACE('', (#11479), #11489, .T.);
#11479 = FACE_OUTER_BOUND('', #11480, .T.);
#11480 = EDGE_LOOP('', (#11481, #11482, #11487, #11488));
#11481 = ORIENTED_EDGE('', *, *, #1145, .F.);
#11482 = ORIENTED_EDGE('', *, *, #11483, .T.);
#11483 = EDGE_CURVE('', #1146, #11440, #11484, .T.);
#11484 = B_SPLINE_CURVE_WITH_KNOTS('', 1, (#11485, #11486), .UNSPECIFIED., .F., .U., (2, 2), (0.0169491525423729, 1.), .UNSPECIFIED.);
#11485 = CARTESIAN_POINT('', (55., 5.9, 1.6));
#11486 = CARTESIAN_POINT('', (55., 5.9, 4.5));
#11487 = ORIENTED_EDGE('', *, *, #11439, .F.);
#11488 = ORIENTED_EDGE('', *, *, #11468, .F.);
#11489 = B_SPLINE_SURFACE_WITH_KNOTS('', 1, 1, ((#11490, #11491), (#11492, #11493)), .UNSPECIFIED., .F., .F., .U., (2, 2), (2, 2), (0., 1.), (0., 1.), .UNSPECIFIED.);
#11490 = CARTESIAN_POINT('', (85., 5.9, 1.55));
#11491 = CARTESIAN_POINT('', (85., 5.9, 4.5));
#11492 = CARTESIAN_POINT('', (55., 5.9, 1.55));
#11493 = CARTESIAN_POINT('', (55., 5.9, 4.5));
#11494 = ADVANCED_FACE('', (#11495), #11505, .T.);
#11495 = FACE_OUTER_BOUND('', #11496, .T.);
#11496 = EDGE_LOOP('', (#11497, #11498, #11503, #11504));
#11497 = ORIENTED_EDGE('', *, *, #1152, .F.);
#11498 = ORIENTED_EDGE('', *, *, #11499, .T.);
#11499 = EDGE_CURVE('', #1153, #11447, #11500, .T.);
#11500 = B_SPLINE_CURVE_WITH_KNOTS('', 1, (#11501, #11502), .UNSPECIFIED., .F., .U., (2, 2), (0.0169491525423729, 1.), .UNSPECIFIED.);
#11501 = CARTESIAN_POINT('', (55., 2.9, 1.6));
#11502 = CARTESIAN_POINT('', (55., 2.9, 4.5));
#11503 = ORIENTED_EDGE('', *, *, #11446, .F.);
#11504 = ORIENTED_EDGE('', *, *, #11483, .F.);
#11505 = B_SPLINE_SURFACE_WITH_KNOTS('', 1, 1, ((#11506, #11507), (#11508, #11509)), .UNSPECIFIED., .F., .F., .U., (2, 2), (2, 2), (0., 1.), (0., 1.), .UNSPECIFIED.);
#11506 = CARTESIAN_POINT('', (55., 5.9, 1.55));
#11507 = CARTESIAN_POINT('', (55., 5.9, 4.5));
#11508 = CARTESIAN_POINT('', (55., 2.9, 1.55));
#11509 = CARTESIAN_POINT('', (55., 2.9, 4.5));
#11510 = ADVANCED_FACE('', (#11511), #11517, .T.);
#11511 = FACE_OUTER_BOUND('', #11512, .T.);
#11512 = EDGE_LOOP('', (#11513, #11514, #11515, #11516));
#11513 = ORIENTED_EDGE('', *, *, #6515, .F.);
#11514 = ORIENTED_EDGE('', *, *, #11453, .F.);
#11515 = ORIENTED_EDGE('', *, *, #11499, .F.);
#11516 = ORIENTED_EDGE('', *, *, #1159, .F.);
#11517 = B_SPLINE_SURFACE_WITH_KNOTS('', 1, 1, ((#11518, #11519), (#11520, #11521)), .UNSPECIFIED., .F., .F., .U., (2, 2), (2, 2), (0., 1.), (0., 1.), .UNSPECIFIED.);
#11518 = CARTESIAN_POINT('', (55., 2.9, 1.55));
#11519 = CARTESIAN_POINT('', (55., 2.9, 4.5));
#11520 = CARTESIAN_POINT('', (85., 2.9, 1.55));
#11521 = CARTESIAN_POINT('', (85., 2.9, 4.5));
#11522 = ADVANCED_FACE('', (#11523), #11539, .T.);
#11523 = FACE_OUTER_BOUND('', #11524, .T.);
#11524 = EDGE_LOOP('', (#11525, #11526, #11527, #11534));
#11525 = ORIENTED_EDGE('', *, *, #5905, .F.);
#11526 = ORIENTED_EDGE('', *, *, #1212, .F.);
#11527 = ORIENTED_EDGE('', *, *, #11528, .T.);
#11528 = EDGE_CURVE('', #1213, #11529, #11531, .T.);
#11529 = VERTEX_POINT('', #11530);
#11530 = CARTESIAN_POINT('', (22.5, 5.3, 21.3));
#11531 = B_SPLINE_CURVE_WITH_KNOTS('', 1, (#11532, #11533), .UNSPECIFIED., .F., .U., (2, 2), (0.00253164556962026, 1.), .UNSPECIFIED.);
#11532 = CARTESIAN_POINT('', (22.5, 5.3, 1.6));
#11533 = CARTESIAN_POINT('', (22.5, 5.3, 21.3));
#11534 = ORIENTED_EDGE('', *, *, #11535, .F.);
#11535 = EDGE_CURVE('', #5906, #11529, #11536, .T.);
#11536 = B_SPLINE_CURVE_WITH_KNOTS('', 1, (#11537, #11538), .UNSPECIFIED., .F., .U., (2, 2), (0.0735298380713115, 1.), .UNSPECIFIED.);
#11537 = CARTESIAN_POINT('', (27.6882329068007, 5.3, 21.3));
#11538 = CARTESIAN_POINT('', (22.5, 5.3, 21.3));
#11539 = B_SPLINE_SURFACE_WITH_KNOTS('', 1, 1, ((#11540, #11541), (#11542, #11543)), .UNSPECIFIED., .F., .F., .U., (2, 2), (2, 2), (0., 1.), (0., 1.), .UNSPECIFIED.);
#11540 = CARTESIAN_POINT('', (28.1, 5.3, 1.55));
#11541 = CARTESIAN_POINT('', (28.1, 5.3, 21.3));
#11542 = CARTESIAN_POINT('', (22.5, 5.3, 1.55));
#11543 = CARTESIAN_POINT('', (22.5, 5.3, 21.3));
#11544 = ADVANCED_FACE('', (#11545), #11561, .T.);
#11545 = FACE_OUTER_BOUND('', #11546, .T.);
#11546 = EDGE_LOOP('', (#11547, #11548, #11555, #11560));
#11547 = ORIENTED_EDGE('', *, *, #1219, .F.);
#11548 = ORIENTED_EDGE('', *, *, #11549, .T.);
#11549 = EDGE_CURVE('', #1220, #11550, #11552, .T.);
#11550 = VERTEX_POINT('', #11551);
#11551 = CARTESIAN_POINT('', (22.5, 2.3, 21.3));
#11552 = B_SPLINE_CURVE_WITH_KNOTS('', 1, (#11553, #11554), .UNSPECIFIED., .F., .U., (2, 2), (0.00253164556962026, 1.), .UNSPECIFIED.);
#11553 = CARTESIAN_POINT('', (22.5, 2.3, 1.6));
#11554 = CARTESIAN_POINT('', (22.5, 2.3, 21.3));
#11555 = ORIENTED_EDGE('', *, *, #11556, .F.);
#11556 = EDGE_CURVE('', #11529, #11550, #11557, .T.);
#11557 = B_SPLINE_CURVE_WITH_KNOTS('', 1, (#11558, #11559), .UNSPECIFIED., .F., .U., (2, 2), (0., 1.), .UNSPECIFIED.);
#11558 = CARTESIAN_POINT('', (22.5, 5.3, 21.3));
#11559 = CARTESIAN_POINT('', (22.5, 2.3, 21.3));
#11560 = ORIENTED_EDGE('', *, *, #11528, .F.);
#11561 = B_SPLINE_SURFACE_WITH_KNOTS('', 1, 1, ((#11562, #11563), (#11564, #11565)), .UNSPECIFIED., .F., .F., .U., (2, 2), (2, 2), (0., 1.), (0., 1.), .UNSPECIFIED.);
#11562 = CARTESIAN_POINT('', (22.5, 5.3, 1.55));
#11563 = CARTESIAN_POINT('', (22.5, 5.3, 21.3));
#11564 = CARTESIAN_POINT('', (22.5, 2.3, 1.55));
#11565 = CARTESIAN_POINT('', (22.5, 2.3, 21.3));
#11566 = ADVANCED_FACE('', (#11567), #11577, .T.);
#11567 = FACE_OUTER_BOUND('', #11568, .T.);
#11568 = EDGE_LOOP('', (#11569, #11570, #11571, #11572));
#11569 = ORIENTED_EDGE('', *, *, #5912, .F.);
#11570 = ORIENTED_EDGE('', *, *, #11535, .T.);
#11571 = ORIENTED_EDGE('', *, *, #11556, .T.);
#11572 = ORIENTED_EDGE('', *, *, #11573, .T.);
#11573 = EDGE_CURVE('', #11550, #5913, #11574, .T.);
#11574 = B_SPLINE_CURVE_WITH_KNOTS('', 1, (#11575, #11576), .UNSPECIFIED., .F., .U., (2, 2), (0., 0.761532879764645), .UNSPECIFIED.);
#11575 = CARTESIAN_POINT('', (22.5, 2.3, 21.3));
#11576 = CARTESIAN_POINT('', (26.764584126682, 2.3, 21.3));
#11577 = B_SPLINE_SURFACE_WITH_KNOTS('', 1, 1, ((#11578, #11579), (#11580, #11581)), .UNSPECIFIED., .F., .F., .U., (2, 2), (2, 2), (0., 1.), (0., 1.), .UNSPECIFIED.);
#11578 = CARTESIAN_POINT('', (28.7941236383391, 0.305876361660909, 21.3));
#11579 = CARTESIAN_POINT('', (21.8058763616609, 0.305876361660909, 21.3));
#11580 = CARTESIAN_POINT('', (28.7941236383391, 7.29412363833909, 21.3));
#11581 = CARTESIAN_POINT('', (21.8058763616609, 7.29412363833909, 21.3));
#11582 = ADVANCED_FACE('', (#11583), #11589, .T.);
#11583 = FACE_OUTER_BOUND('', #11584, .T.);
#11584 = EDGE_LOOP('', (#11585, #11586, #11587, #11588));
#11585 = ORIENTED_EDGE('', *, *, #5922, .T.);
#11586 = ORIENTED_EDGE('', *, *, #11573, .F.);
#11587 = ORIENTED_EDGE('', *, *, #11549, .F.);
#11588 = ORIENTED_EDGE('', *, *, #1226, .F.);
#11589 = B_SPLINE_SURFACE_WITH_KNOTS('', 1, 1, ((#11590, #11591), (#11592, #11593)), .UNSPECIFIED., .F., .F., .U., (2, 2), (2, 2), (0., 1.), (0., 1.), .UNSPECIFIED.);
#11590 = CARTESIAN_POINT('', (22.5, 2.3, 1.55));
#11591 = CARTESIAN_POINT('', (22.5, 2.3, 21.3));
#11592 = CARTESIAN_POINT('', (28.1, 2.3, 1.55));
#11593 = CARTESIAN_POINT('', (28.1, 2.3, 21.3));
#11594 = ADVANCED_FACE('', (#11595), #11608, .F.);
#11595 = FACE_OUTER_BOUND('', #11596, .F.);
#11596 = EDGE_LOOP('', (#11597, #11598, #11599, #11606, #11607));
#11597 = ORIENTED_EDGE('', *, *, #5848, .F.);
#11598 = ORIENTED_EDGE('', *, *, #5819, .F.);
#11599 = ORIENTED_EDGE('', *, *, #11600, .F.);
#11600 = EDGE_CURVE('', #1242, #5813, #11601, .T.);
#11601 = B_SPLINE_CURVE_WITH_KNOTS('', 3, (#11602, #11603, #11604, #11605), .UNSPECIFIED., .F., .U., (4, 4), (0., 0.707106781186548), .UNSPECIFIED.);
#11602 = CARTESIAN_POINT('', (23., 2.1, 1.6));
#11603 = CARTESIAN_POINT('', (23., 1.93333333333333, 1.76666666666667));
#11604 = CARTESIAN_POINT('', (23., 1.76666666666667, 1.93333333333333));
#11605 = CARTESIAN_POINT('', (23., 1.6, 2.1));
#11606 = ORIENTED_EDGE('', *, *, #1241, .T.);
#11607 = ORIENTED_EDGE('', *, *, #5928, .F.);
#11608 = B_SPLINE_SURFACE_WITH_KNOTS('', 1, 1, ((#11609, #11610), (#11611, #11612)), .UNSPECIFIED., .F., .F., .U., (2, 2), (2, 2), (-0.0101014364198215, 1.69524518635289), (-3.34047684187247E-16, 1.), .UNSPECIFIED.);
#11609 = CARTESIAN_POINT('', (1.79712781938217, 2.1, 1.6));
#11610 = CARTESIAN_POINT('', (1.58583688623109, 1.6, 2.1));
#11611 = CARTESIAN_POINT('', (87.8928932188134, 2.1, 1.6));
#11612 = CARTESIAN_POINT('', (88.387979985362, 1.6, 2.1));
#11613 = ADVANCED_FACE('', (#11614), #11631, .T.);
#11614 = FACE_OUTER_BOUND('', #11615, .T.);
#11615 = EDGE_LOOP('', (#11616, #11617, #11618, #11619, #11626));
#11616 = ORIENTED_EDGE('', *, *, #5812, .F.);
#11617 = ORIENTED_EDGE('', *, *, #11600, .F.);
#11618 = ORIENTED_EDGE('', *, *, #1248, .F.);
#11619 = ORIENTED_EDGE('', *, *, #11620, .T.);
#11620 = EDGE_CURVE('', #1249, #11621, #11623, .T.);
#11621 = VERTEX_POINT('', #11622);
#11622 = CARTESIAN_POINT('', (23., 2.25, 7.6));
#11623 = B_SPLINE_CURVE_WITH_KNOTS('', 1, (#11624, #11625), .UNSPECIFIED., .F., .U., (2, 2), (0., 1.), .UNSPECIFIED.);
#11624 = CARTESIAN_POINT('', (23., 2.25, 1.6));
#11625 = CARTESIAN_POINT('', (23., 2.25, 7.6));
#11626 = ORIENTED_EDGE('', *, *, #11627, .F.);
#11627 = EDGE_CURVE('', #5806, #11621, #11628, .T.);
#11628 = B_SPLINE_CURVE_WITH_KNOTS('', 1, (#11629, #11630), .UNSPECIFIED., .F., .U., (2, 2), (0.59375, 1.), .UNSPECIFIED.);
#11629 = CARTESIAN_POINT('', (23., 1.6, 7.6));
#11630 = CARTESIAN_POINT('', (23., 2.25, 7.6));
#11631 = B_SPLINE_SURFACE_WITH_KNOTS('', 1, 1, ((#11632, #11633), (#11634, #11635)), .UNSPECIFIED., .F., .F., .U., (2, 2), (2, 2), (0., 1.), (0., 1.), .UNSPECIFIED.);
#11632 = CARTESIAN_POINT('', (23., 0.65, 1.6));
#11633 = CARTESIAN_POINT('', (23., 0.65, 7.6));
#11634 = CARTESIAN_POINT('', (23., 2.25, 1.6));
#11635 = CARTESIAN_POINT('', (23., 2.25, 7.6));
#11636 = ADVANCED_FACE('', (#11637), #11653, .T.);
#11637 = FACE_OUTER_BOUND('', #11638, .T.);
#11638 = EDGE_LOOP('', (#11639, #11646, #11651, #11652));
#11639 = ORIENTED_EDGE('', *, *, #11640, .F.);
#11640 = EDGE_CURVE('', #11641, #1256, #11643, .T.);
#11641 = VERTEX_POINT('', #11642);
#11642 = CARTESIAN_POINT('', (20., 2.25, 7.6));
#11643 = B_SPLINE_CURVE_WITH_KNOTS('', 1, (#11644, #11645), .UNSPECIFIED., .F., .U., (2, 2), (0., 1.), .UNSPECIFIED.);
#11644 = CARTESIAN_POINT('', (20., 2.25, 7.6));
#11645 = CARTESIAN_POINT('', (20., 2.25, 1.6));
#11646 = ORIENTED_EDGE('', *, *, #11647, .F.);
#11647 = EDGE_CURVE('', #11621, #11641, #11648, .T.);
#11648 = B_SPLINE_CURVE_WITH_KNOTS('', 1, (#11649, #11650), .UNSPECIFIED., .F., .U., (2, 2), (0., 0.15), .UNSPECIFIED.);
#11649 = CARTESIAN_POINT('', (23., 2.25, 7.6));
#11650 = CARTESIAN_POINT('', (20., 2.25, 7.6));
#11651 = ORIENTED_EDGE('', *, *, #11620, .F.);
#11652 = ORIENTED_EDGE('', *, *, #1255, .F.);
#11653 = B_SPLINE_SURFACE_WITH_KNOTS('', 1, 1, ((#11654, #11655), (#11656, #11657)), .UNSPECIFIED., .F., .F., .U., (2, 2), (2, 2), (0., 1.), (0., 1.), .UNSPECIFIED.);
#11654 = CARTESIAN_POINT('', (23., 2.25, 1.6));
#11655 = CARTESIAN_POINT('', (23., 2.25, 7.6));
#11656 = CARTESIAN_POINT('', (3., 2.25, 1.6));
#11657 = CARTESIAN_POINT('', (3., 2.25, 7.6));
#11658 = ADVANCED_FACE('', (#11659), #11669, .T.);
#11659 = FACE_OUTER_BOUND('', #11660, .T.);
#11660 = EDGE_LOOP('', (#11661, #11666, #11667, #11668));
#11661 = ORIENTED_EDGE('', *, *, #11662, .F.);
#11662 = EDGE_CURVE('', #5799, #11641, #11663, .T.);
#11663 = B_SPLINE_CURVE_WITH_KNOTS('', 1, (#11664, #11665), .UNSPECIFIED., .F., .U., (2, 2), (0., 1.), .UNSPECIFIED.);
#11664 = CARTESIAN_POINT('', (20., 1.59999999999999, 7.6));
#11665 = CARTESIAN_POINT('', (20., 2.25, 7.6));
#11666 = ORIENTED_EDGE('', *, *, #5805, .F.);
#11667 = ORIENTED_EDGE('', *, *, #11627, .T.);
#11668 = ORIENTED_EDGE('', *, *, #11647, .T.);
#11669 = B_SPLINE_SURFACE_WITH_KNOTS('', 1, 1, ((#11670, #11671), (#11672, #11673)), .UNSPECIFIED., .F., .F., .U., (2, 2), (2, 2), (0., 1.), (0., 1.), .UNSPECIFIED.);
#11670 = CARTESIAN_POINT('', (24.0351438595063, -9.58514385950632, 7.6));
#11671 = CARTESIAN_POINT('', (1.96485614049368, -9.58514385950632, 7.6));
#11672 = CARTESIAN_POINT('', (24.0351438595063, 12.4851438595063, 7.6));
#11673 = CARTESIAN_POINT('', (1.96485614049368, 12.4851438595063, 7.6));
#11674 = ADVANCED_FACE('', (#11675), #11693, .T.);
#11675 = FACE_OUTER_BOUND('', #11676, .T.);
#11676 = EDGE_LOOP('', (#11677, #11678, #11679, #11680, #11681, #11686, #11687, #11688));
#11677 = ORIENTED_EDGE('', *, *, #5798, .F.);
#11678 = ORIENTED_EDGE('', *, *, #11662, .T.);
#11679 = ORIENTED_EDGE('', *, *, #11640, .T.);
#11680 = ORIENTED_EDGE('', *, *, #1262, .F.);
#11681 = ORIENTED_EDGE('', *, *, #11682, .T.);
#11682 = EDGE_CURVE('', #1263, #5508, #11683, .T.);
#11683 = B_SPLINE_CURVE_WITH_KNOTS('', 1, (#11684, #11685), .UNSPECIFIED., .F., .U., (2, 2), (0., 1.), .UNSPECIFIED.);
#11684 = CARTESIAN_POINT('', (20., 2.5, 1.6));
#11685 = CARTESIAN_POINT('', (20., 2.5, 2.8));
#11686 = ORIENTED_EDGE('', *, *, #5507, .T.);
#11687 = ORIENTED_EDGE('', *, *, #5570, .T.);
#11688 = ORIENTED_EDGE('', *, *, #11689, .F.);
#11689 = EDGE_CURVE('', #5792, #5564, #11690, .T.);
#11690 = B_SPLINE_CURVE_WITH_KNOTS('', 1, (#11691, #11692), .UNSPECIFIED., .F., .U., (2, 2), (0.487179487179487, 1.), .UNSPECIFIED.);
#11691 = CARTESIAN_POINT('', (20., 1.6, 21.3));
#11692 = CARTESIAN_POINT('', (20., 2.6, 21.3));
#11693 = B_SPLINE_SURFACE_WITH_KNOTS('', 1, 1, ((#11694, #11695), (#11696, #11697)), .UNSPECIFIED., .F., .F., .U., (2, 2), (2, 2), (0., 1.), (0., 1.), .UNSPECIFIED.);
#11694 = CARTESIAN_POINT('', (20., 0.65, 1.6));
#11695 = CARTESIAN_POINT('', (20., 0.65, 21.3));
#11696 = CARTESIAN_POINT('', (20., 2.6, 1.6));
#11697 = CARTESIAN_POINT('', (20., 2.6, 21.3));
#11698 = ADVANCED_FACE('', (#11699), #11709, .T.);
#11699 = FACE_OUTER_BOUND('', #11700, .T.);
#11700 = EDGE_LOOP('', (#11701, #11702, #11703, #11708));
#11701 = ORIENTED_EDGE('', *, *, #11682, .F.);
#11702 = ORIENTED_EDGE('', *, *, #1269, .F.);
#11703 = ORIENTED_EDGE('', *, *, #11704, .T.);
#11704 = EDGE_CURVE('', #1270, #5515, #11705, .T.);
#11705 = B_SPLINE_CURVE_WITH_KNOTS('', 1, (#11706, #11707), .UNSPECIFIED., .F., .U., (2, 2), (0.04, 1.), .UNSPECIFIED.);
#11706 = CARTESIAN_POINT('', (22., 2.5, 1.6));
#11707 = CARTESIAN_POINT('', (22., 2.5, 2.8));
#11708 = ORIENTED_EDGE('', *, *, #5514, .F.);
#11709 = B_SPLINE_SURFACE_WITH_KNOTS('', 1, 1, ((#11710, #11711), (#11712, #11713)), .UNSPECIFIED., .F., .F., .U., (2, 2), (2, 2), (0., 1.), (0., 1.), .UNSPECIFIED.);
#11710 = CARTESIAN_POINT('', (4., 2.5, 1.55));
#11711 = CARTESIAN_POINT('', (4., 2.5, 2.8));
#11712 = CARTESIAN_POINT('', (22., 2.5, 1.55));
#11713 = CARTESIAN_POINT('', (22., 2.5, 2.8));
#11714 = ADVANCED_FACE('', (#11715), #11721, .T.);
#11715 = FACE_OUTER_BOUND('', #11716, .T.);
#11716 = EDGE_LOOP('', (#11717, #11718, #11719, #11720));
#11717 = ORIENTED_EDGE('', *, *, #1276, .F.);
#11718 = ORIENTED_EDGE('', *, *, #5478, .T.);
#11719 = ORIENTED_EDGE('', *, *, #5521, .F.);
#11720 = ORIENTED_EDGE('', *, *, #11704, .F.);
#11721 = B_SPLINE_SURFACE_WITH_KNOTS('', 1, 1, ((#11722, #11723), (#11724, #11725)), .UNSPECIFIED., .F., .F., .U., (2, 2), (2, 2), (0., 1.), (0., 1.), .UNSPECIFIED.);
#11722 = CARTESIAN_POINT('', (22., 2.5, 1.55));
#11723 = CARTESIAN_POINT('', (22., 2.5, 2.8));
#11724 = CARTESIAN_POINT('', (22., 5.5, 1.55));
#11725 = CARTESIAN_POINT('', (22., 5.5, 2.8));
#11726 = ADVANCED_FACE('', (#11727), #11733, .T.);
#11727 = FACE_OUTER_BOUND('', #11728, .T.);
#11728 = EDGE_LOOP('', (#11729, #11730, #11731, #11732));
#11729 = ORIENTED_EDGE('', *, *, #5791, .F.);
#11730 = ORIENTED_EDGE('', *, *, #11689, .T.);
#11731 = ORIENTED_EDGE('', *, *, #5563, .T.);
#11732 = ORIENTED_EDGE('', *, *, #5592, .T.);
#11733 = B_SPLINE_SURFACE_WITH_KNOTS('', 1, 1, ((#11734, #11735), (#11736, #11737)), .UNSPECIFIED., .F., .F., .U., (2, 2), (2, 2), (0., 1.), (0., 1.), .UNSPECIFIED.);
#11734 = CARTESIAN_POINT('', (20.4679319729096, -0.342931972909633, 21.3));
#11735 = CARTESIAN_POINT('', (16.5320680270904, -0.342931972909633, 21.3));
#11736 = CARTESIAN_POINT('', (20.4679319729096, 3.59293197290963, 21.3));
#11737 = CARTESIAN_POINT('', (16.5320680270904, 3.59293197290963, 21.3));
#11738 = ADVANCED_FACE('', (#11739), #11749, .T.);
#11739 = FACE_OUTER_BOUND('', #11740, .T.);
#11740 = EDGE_LOOP('', (#11741, #11742, #11743, #11748));
#11741 = ORIENTED_EDGE('', *, *, #5783, .F.);
#11742 = ORIENTED_EDGE('', *, *, #5692, .T.);
#11743 = ORIENTED_EDGE('', *, *, #11744, .T.);
#11744 = EDGE_CURVE('', #5686, #5422, #11745, .T.);
#11745 = B_SPLINE_CURVE_WITH_KNOTS('', 1, (#11746, #11747), .UNSPECIFIED., .F., .U., (2, 2), (0., 1.), .UNSPECIFIED.);
#11746 = CARTESIAN_POINT('', (7., 2.6, 21.3));
#11747 = CARTESIAN_POINT('', (4., 2.6, 21.3));
#11748 = ORIENTED_EDGE('', *, *, #5456, .T.);
#11749 = B_SPLINE_SURFACE_WITH_KNOTS('', 1, 1, ((#11750, #11751), (#11752, #11753)), .UNSPECIFIED., .F., .F., .U., (2, 2), (2, 2), (0., 1.), (0., 1.), .UNSPECIFIED.);
#11750 = CARTESIAN_POINT('', (7.46793197290963, -0.342931972909633, 21.3));
#11751 = CARTESIAN_POINT('', (3.53206802709037, -0.342931972909633, 21.3));
#11752 = CARTESIAN_POINT('', (7.46793197290963, 3.59293197290963, 21.3));
#11753 = CARTESIAN_POINT('', (3.53206802709037, 3.59293197290963, 21.3));
#11754 = ADVANCED_FACE('', (#11755), #11761, .T.);
#11755 = FACE_OUTER_BOUND('', #11756, .T.);
#11756 = EDGE_LOOP('', (#11757, #11758, #11759, #11760));
#11757 = ORIENTED_EDGE('', *, *, #5528, .T.);
#11758 = ORIENTED_EDGE('', *, *, #5419, .T.);
#11759 = ORIENTED_EDGE('', *, *, #11744, .F.);
#11760 = ORIENTED_EDGE('', *, *, #5685, .F.);
#11761 = B_SPLINE_SURFACE_WITH_KNOTS('', 1, 1, ((#11762, #11763), (#11764, #11765)), .UNSPECIFIED., .F., .F., .U., (2, 2), (2, 2), (0., 1.), (0., 1.), .UNSPECIFIED.);
#11762 = CARTESIAN_POINT('', (7., 2.6, 1.6));
#11763 = CARTESIAN_POINT('', (7., 2.6, 21.3));
#11764 = CARTESIAN_POINT('', (4., 2.6, 1.6));
#11765 = CARTESIAN_POINT('', (4., 2.6, 21.3));
#11766 = ADVANCED_FACE('', (#11767), #11773, .T.);
#11767 = FACE_OUTER_BOUND('', #11768, .T.);
#11768 = EDGE_LOOP('', (#11769, #11770, #11771, #11772));
#11769 = ORIENTED_EDGE('', *, *, #5442, .F.);
#11770 = ORIENTED_EDGE('', *, *, #5406, .T.);
#11771 = ORIENTED_EDGE('', *, *, #5369, .T.);
#11772 = ORIENTED_EDGE('', *, *, #5355, .F.);
#11773 = B_SPLINE_SURFACE_WITH_KNOTS('', 1, 1, ((#11774, #11775), (#11776, #11777)), .UNSPECIFIED., .F., .F., .U., (2, 2), (2, 2), (0., 1.), (0., 1.), .UNSPECIFIED.);
#11774 = CARTESIAN_POINT('', (24.0351438595063, -9.58514385950632, 7.6));
#11775 = CARTESIAN_POINT('', (1.96485614049368, -9.58514385950632, 7.6));
#11776 = CARTESIAN_POINT('', (24.0351438595063, 12.4851438595063, 7.6));
#11777 = CARTESIAN_POINT('', (1.96485614049368, 12.4851438595063, 7.6));
#11778 = ADVANCED_FACE('', (#11779), #11785, .F.);
#11779 = FACE_OUTER_BOUND('', #11780, .F.);
#11780 = EDGE_LOOP('', (#11781, #11782, #11783, #11784));
#11781 = ORIENTED_EDGE('', *, *, #5382, .T.);
#11782 = ORIENTED_EDGE('', *, *, #5341, .F.);
#11783 = ORIENTED_EDGE('', *, *, #5200, .F.);
#11784 = ORIENTED_EDGE('', *, *, #1311, .T.);
#11785 = B_SPLINE_SURFACE_WITH_KNOTS('', 1, 1, ((#11786, #11787), (#11788, #11789)), .UNSPECIFIED., .F., .F., .U., (2, 2), (2, 2), (-0.0101014364198215, 1.69524518635289), (-3.34047684187247E-16, 1.), .UNSPECIFIED.);
#11786 = CARTESIAN_POINT('', (1.79712781938217, 2.1, 1.6));
#11787 = CARTESIAN_POINT('', (1.58583688623109, 1.6, 2.1));
#11788 = CARTESIAN_POINT('', (87.8928932188134, 2.1, 1.6));
#11789 = CARTESIAN_POINT('', (88.387979985362, 1.6, 2.1));
#11790 = ADVANCED_FACE('', (#11791), #11797, .F.);
#11791 = FACE_OUTER_BOUND('', #11792, .F.);
#11792 = EDGE_LOOP('', (#11793, #11794, #11795, #11796));
#11793 = ORIENTED_EDGE('', *, *, #1332, .T.);
#11794 = ORIENTED_EDGE('', *, *, #5030, .T.);
#11795 = ORIENTED_EDGE('', *, *, #4633, .F.);
#11796 = ORIENTED_EDGE('', *, *, #4599, .F.);
#11797 = B_SPLINE_SURFACE_WITH_KNOTS('', 1, 1, ((#11798, #11799), (#11800, #11801)), .UNSPECIFIED., .F., .F., .U., (2, 2), (2, 2), (0., 1.), (0., 1.), .UNSPECIFIED.);
#11798 = CARTESIAN_POINT('', (2.30710678118655, 61.9, 1.6));
#11799 = CARTESIAN_POINT('', (2.1, 62.4, 2.1));
#11800 = CARTESIAN_POINT('', (2.1, 61.6928932188134, 1.6));
#11801 = CARTESIAN_POINT('', (1.6, 61.9, 2.1));
#11802 = ADVANCED_FACE('', (#11803), #11813, .F.);
#11803 = FACE_OUTER_BOUND('', #11804, .F.);
#11804 = EDGE_LOOP('', (#11805, #11806, #11807, #11808));
#11805 = ORIENTED_EDGE('', *, *, #1374, .T.);
#11806 = ORIENTED_EDGE('', *, *, #4391, .T.);
#11807 = ORIENTED_EDGE('', *, *, #4355, .F.);
#11808 = ORIENTED_EDGE('', *, *, #11809, .F.);
#11809 = EDGE_CURVE('', #1375, #4333, #11810, .T.);
#11810 = B_SPLINE_CURVE_WITH_KNOTS('', 1, (#11811, #11812), .UNSPECIFIED., .F., .U., (2, 2), (0., 1.), .UNSPECIFIED.);
#11811 = CARTESIAN_POINT('', (54.7, 61.6928932188134, 1.6));
#11812 = CARTESIAN_POINT('', (55.2, 61.9, 2.1));
#11813 = B_SPLINE_SURFACE_WITH_KNOTS('', 1, 1, ((#11814, #11815), (#11816, #11817)), .UNSPECIFIED., .F., .F., .U., (2, 2), (2, 2), (0., 1.), (0., 1.), .UNSPECIFIED.);
#11814 = CARTESIAN_POINT('', (54.7, 61.6928932188134, 1.6));
#11815 = CARTESIAN_POINT('', (55.2, 61.9, 2.1));
#11816 = CARTESIAN_POINT('', (54.4928932188134, 61.9, 1.6));
#11817 = CARTESIAN_POINT('', (54.7, 62.4, 2.1));
#11818 = ADVANCED_FACE('', (#11819), #11825, .F.);
#11819 = FACE_OUTER_BOUND('', #11820, .F.);
#11820 = EDGE_LOOP('', (#11821, #11822, #11823, #11824));
#11821 = ORIENTED_EDGE('', *, *, #4264, .T.);
#11822 = ORIENTED_EDGE('', *, *, #1381, .T.);
#11823 = ORIENTED_EDGE('', *, *, #11809, .T.);
#11824 = ORIENTED_EDGE('', *, *, #4332, .F.);
#11825 = B_SPLINE_SURFACE_WITH_KNOTS('', 1, 1, ((#11826, #11827), (#11828, #11829)), .UNSPECIFIED., .F., .F., .U., (2, 2), (2, 2), (0., 1.), (0., 1.), .UNSPECIFIED.);
#11826 = CARTESIAN_POINT('', (54.7, 23.7071067811865, 1.6));
#11827 = CARTESIAN_POINT('', (55.2, 23.5, 2.1));
#11828 = CARTESIAN_POINT('', (54.7, 61.6928932188134, 1.6));
#11829 = CARTESIAN_POINT('', (55.2, 61.9, 2.1));
#11830 = ADVANCED_FACE('', (#11831), #11837, .T.);
#11831 = FACE_OUTER_BOUND('', #11832, .T.);
#11832 = EDGE_LOOP('', (#11833, #11834, #11835, #11836));
#11833 = ORIENTED_EDGE('', *, *, #883, .T.);
#11834 = ORIENTED_EDGE('', *, *, #2233, .F.);
#11835 = ORIENTED_EDGE('', *, *, #2169, .F.);
#11836 = ORIENTED_EDGE('', *, *, #2148, .T.);
#11837 = B_SPLINE_SURFACE_WITH_KNOTS('', 1, 1, ((#11838, #11839), (#11840, #11841)), .UNSPECIFIED., .F., .F., .U., (2, 2), (2, 2), (0., 1.), (0., 1.), .UNSPECIFIED.);
#11838 = CARTESIAN_POINT('', (54., 36.3, 21.8));
#11839 = CARTESIAN_POINT('', (54., 36.3, 23.));
#11840 = CARTESIAN_POINT('', (87., 36.3, 21.8));
#11841 = CARTESIAN_POINT('', (87., 36.3, 23.));
#11842 = ADVANCED_FACE('', (#11843), #11869, .T.);
#11843 = FACE_OUTER_BOUND('', #11844, .T.);
#11844 = EDGE_LOOP('', (#11845, #11846, #11847, #11848, #11855, #11862, #11867, #11868));
#11845 = ORIENTED_EDGE('', *, *, #913, .T.);
#11846 = ORIENTED_EDGE('', *, *, #2090, .F.);
#11847 = ORIENTED_EDGE('', *, *, #2008, .F.);
#11848 = ORIENTED_EDGE('', *, *, #11849, .F.);
#11849 = EDGE_CURVE('', #11850, #2002, #11852, .T.);
#11850 = VERTEX_POINT('', #11851);
#11851 = CARTESIAN_POINT('', (83., 36.2, 6.4));
#11852 = B_SPLINE_CURVE_WITH_KNOTS('', 1, (#11853, #11854), .UNSPECIFIED., .F., .U., (2, 2), (0.0464612918833597, 0.530235913874443), .UNSPECIFIED.);
#11853 = CARTESIAN_POINT('', (83., 36.2, 6.4));
#11854 = CARTESIAN_POINT('', (68.6, 36.2, 6.4));
#11855 = ORIENTED_EDGE('', *, *, #11856, .F.);
#11856 = EDGE_CURVE('', #11857, #11850, #11859, .T.);
#11857 = VERTEX_POINT('', #11858);
#11858 = CARTESIAN_POINT('', (83., 36.2, 5.));
#11859 = B_SPLINE_CURVE_WITH_KNOTS('', 1, (#11860, #11861), .UNSPECIFIED., .F., .U., (2, 2), (0., 1.), .UNSPECIFIED.);
#11860 = CARTESIAN_POINT('', (83., 36.2, 5.));
#11861 = CARTESIAN_POINT('', (83., 36.2, 6.4));
#11862 = ORIENTED_EDGE('', *, *, #11863, .F.);
#11863 = EDGE_CURVE('', #2057, #11857, #11864, .T.);
#11864 = B_SPLINE_CURVE_WITH_KNOTS('', 1, (#11865, #11866), .UNSPECIFIED., .F., .U., (2, 2), (0.469764086125557, 0.95353870811664), .UNSPECIFIED.);
#11865 = CARTESIAN_POINT('', (68.6, 36.2, 5.));
#11866 = CARTESIAN_POINT('', (83., 36.2, 5.));
#11867 = ORIENTED_EDGE('', *, *, #2056, .F.);
#11868 = ORIENTED_EDGE('', *, *, #1726, .F.);
#11869 = B_SPLINE_SURFACE_WITH_KNOTS('', 1, 1, ((#11870, #11871), (#11872, #11873)), .UNSPECIFIED., .F., .F., .U., (2, 2), (2, 2), (0., 1.), (0., 1.), .UNSPECIFIED.);
#11870 = CARTESIAN_POINT('', (54., 36.2, 1.6));
#11871 = CARTESIAN_POINT('', (54., 36.2, 8.6));
#11872 = CARTESIAN_POINT('', (87., 36.2, 1.6));
#11873 = CARTESIAN_POINT('', (87., 36.2, 8.6));
#11874 = ADVANCED_FACE('', (#11875), #11891, .T.);
#11875 = FACE_OUTER_BOUND('', #11876, .T.);
#11876 = EDGE_LOOP('', (#11877, #11878, #11885, #11890));
#11877 = ORIENTED_EDGE('', *, *, #1999, .F.);
#11878 = ORIENTED_EDGE('', *, *, #11879, .T.);
#11879 = EDGE_CURVE('', #2000, #11880, #11882, .T.);
#11880 = VERTEX_POINT('', #11881);
#11881 = CARTESIAN_POINT('', (83., 36.1, 6.4));
#11882 = B_SPLINE_CURVE_WITH_KNOTS('', 1, (#11883, #11884), .UNSPECIFIED., .F., .U., (2, 2), (0.466666666666666, 1.), .UNSPECIFIED.);
#11883 = CARTESIAN_POINT('', (68.6, 36.1, 6.4));
#11884 = CARTESIAN_POINT('', (83., 36.1, 6.4));
#11885 = ORIENTED_EDGE('', *, *, #11886, .T.);
#11886 = EDGE_CURVE('', #11880, #11850, #11887, .T.);
#11887 = B_SPLINE_CURVE_WITH_KNOTS('', 1, (#11888, #11889), .UNSPECIFIED., .F., .U., (2, 2), (0., 0.0555555555555564), .UNSPECIFIED.);
#11888 = CARTESIAN_POINT('', (83., 36.1, 6.4));
#11889 = CARTESIAN_POINT('', (83., 36.2, 6.4));
#11890 = ORIENTED_EDGE('', *, *, #11849, .T.);
#11891 = B_SPLINE_SURFACE_WITH_KNOTS('', 1, 1, ((#11892, #11893), (#11894, #11895)), .UNSPECIFIED., .F., .F., .U., (2, 2), (2, 2), (0., 1.), (0., 1.), .UNSPECIFIED.);
#11892 = CARTESIAN_POINT('', (84.3829634145892, 22.1170365854108, 6.4));
#11893 = CARTESIAN_POINT('', (54.6170365854108, 22.1170365854108, 6.4));
#11894 = CARTESIAN_POINT('', (84.3829634145892, 51.8829634145892, 6.4));
#11895 = CARTESIAN_POINT('', (54.6170365854108, 51.8829634145892, 6.4));
#11896 = ADVANCED_FACE('', (#11897), #11913, .T.);
#11897 = FACE_OUTER_BOUND('', #11898, .T.);
#11898 = EDGE_LOOP('', (#11899, #11900, #11907, #11912));
#11899 = ORIENTED_EDGE('', *, *, #2070, .F.);
#11900 = ORIENTED_EDGE('', *, *, #11901, .T.);
#11901 = EDGE_CURVE('', #2064, #11902, #11904, .T.);
#11902 = VERTEX_POINT('', #11903);
#11903 = CARTESIAN_POINT('', (83., 36.1, 5.));
#11904 = B_SPLINE_CURVE_WITH_KNOTS('', 1, (#11905, #11906), .UNSPECIFIED., .F., .U., (2, 2), (0.466666666666666, 1.), .UNSPECIFIED.);
#11905 = CARTESIAN_POINT('', (68.6, 36.1, 5.));
#11906 = CARTESIAN_POINT('', (83., 36.1, 5.));
#11907 = ORIENTED_EDGE('', *, *, #11908, .T.);
#11908 = EDGE_CURVE('', #11902, #11880, #11909, .T.);
#11909 = B_SPLINE_CURVE_WITH_KNOTS('', 1, (#11910, #11911), .UNSPECIFIED., .F., .U., (2, 2), (0., 1.), .UNSPECIFIED.);
#11910 = CARTESIAN_POINT('', (83., 36.1, 5.));
#11911 = CARTESIAN_POINT('', (83., 36.1, 6.4));
#11912 = ORIENTED_EDGE('', *, *, #11879, .F.);
#11913 = B_SPLINE_SURFACE_WITH_KNOTS('', 1, 1, ((#11914, #11915), (#11916, #11917)), .UNSPECIFIED., .F., .F., .U., (2, 2), (2, 2), (0., 1.), (0., 1.), .UNSPECIFIED.);
#11914 = CARTESIAN_POINT('', (56., 36.1, 5.));
#11915 = CARTESIAN_POINT('', (56., 36.1, 6.4));
#11916 = CARTESIAN_POINT('', (83., 36.1, 5.));
#11917 = CARTESIAN_POINT('', (83., 36.1, 6.4));
#11918 = ADVANCED_FACE('', (#11919), #11929, .T.);
#11919 = FACE_OUTER_BOUND('', #11920, .T.);
#11920 = EDGE_LOOP('', (#11921, #11922, #11923, #11928));
#11921 = ORIENTED_EDGE('', *, *, #2063, .F.);
#11922 = ORIENTED_EDGE('', *, *, #11863, .T.);
#11923 = ORIENTED_EDGE('', *, *, #11924, .F.);
#11924 = EDGE_CURVE('', #11902, #11857, #11925, .T.);
#11925 = B_SPLINE_CURVE_WITH_KNOTS('', 1, (#11926, #11927), .UNSPECIFIED., .F., .U., (2, 2), (0., 0.0555555555555564), .UNSPECIFIED.);
#11926 = CARTESIAN_POINT('', (83., 36.1, 5.));
#11927 = CARTESIAN_POINT('', (83., 36.2, 5.));
#11928 = ORIENTED_EDGE('', *, *, #11901, .F.);
#11929 = B_SPLINE_SURFACE_WITH_KNOTS('', 1, 1, ((#11930, #11931), (#11932, #11933)), .UNSPECIFIED., .F., .F., .U., (2, 2), (2, 2), (0., 1.), (0., 1.), .UNSPECIFIED.);
#11930 = CARTESIAN_POINT('', (84.3829634145892, 22.1170365854108, 5.));
#11931 = CARTESIAN_POINT('', (84.3829634145892, 51.8829634145892, 5.));
#11932 = CARTESIAN_POINT('', (54.6170365854108, 22.1170365854108, 5.));
#11933 = CARTESIAN_POINT('', (54.6170365854108, 51.8829634145892, 5.));
#11934 = ADVANCED_FACE('', (#11935), #11941, .T.);
#11935 = FACE_OUTER_BOUND('', #11936, .T.);
#11936 = EDGE_LOOP('', (#11937, #11938, #11939, #11940));
#11937 = ORIENTED_EDGE('', *, *, #11856, .T.);
#11938 = ORIENTED_EDGE('', *, *, #11886, .F.);
#11939 = ORIENTED_EDGE('', *, *, #11908, .F.);
#11940 = ORIENTED_EDGE('', *, *, #11924, .T.);
#11941 = B_SPLINE_SURFACE_WITH_KNOTS('', 1, 1, ((#11942, #11943), (#11944, #11945)), .UNSPECIFIED., .F., .F., .U., (2, 2), (2, 2), (0., 1.), (0., 1.), .UNSPECIFIED.);
#11942 = CARTESIAN_POINT('', (83., 36.1, 5.));
#11943 = CARTESIAN_POINT('', (83., 36.1, 6.4));
#11944 = CARTESIAN_POINT('', (83., 37.9, 5.));
#11945 = CARTESIAN_POINT('', (83., 37.9, 6.4));
#11946 = ADVANCED_FACE('', (#11947, #11952), #11976, .F.);
#11947 = FACE_OUTER_BOUND('', #11948, .F.);
#11948 = EDGE_LOOP('', (#11949, #11950, #11951));
#11949 = ORIENTED_EDGE('', *, *, #527, .F.);
#11950 = ORIENTED_EDGE('', *, *, #515, .F.);
#11951 = ORIENTED_EDGE('', *, *, #542, .F.);
#11952 = FACE_BOUND('', #11953, .F.);
#11953 = EDGE_LOOP('', (#11954, #11964));
#11954 = ORIENTED_EDGE('', *, *, #11955, .T.);
#11955 = EDGE_CURVE('', #11956, #11958, #11960, .T.);
#11956 = VERTEX_POINT('', #11957);
#11957 = CARTESIAN_POINT('', (87.95, 38.9, 19.7));
#11958 = VERTEX_POINT('', #11959);
#11959 = CARTESIAN_POINT('', (87.945643923739, 39., 19.7));
#11960 = (
   BOUNDED_CURVE ()
   B_SPLINE_CURVE (2, (#11961, #11962, #11963), .UNSPECIFIED., .F., .U.)
   B_SPLINE_CURVE_WITH_KNOTS ((3, 3), (0., 0.0151280922113083), .UNSPECIFIED.)
   CURVE ()
   GEOMETRIC_REPRESENTATION_ITEM ()
   RATIONAL_B_SPLINE_CURVE ((1., 0.982276337510893, 0.966697676625444))
   REPRESENTATION_ITEM ('')
);
#11961 = CARTESIAN_POINT('', (87.95, 38.9, 19.7));
#11962 = CARTESIAN_POINT('', (87.95, 38.950094877002, 19.7));
#11963 = CARTESIAN_POINT('', (87.945643923739, 39., 19.7));
#11964 = ORIENTED_EDGE('', *, *, #11965, .T.);
#11965 = EDGE_CURVE('', #11958, #11956, #11966, .T.);
#11966 = (
   BOUNDED_CURVE ()
   B_SPLINE_CURVE (2, (#11967, #11968, #11969, #11970, #11971, #11972, #11973, #11974, #11975), .UNSPECIFIED., .F., .U.)
   B_SPLINE_CURVE_WITH_KNOTS ((3, 2, 2, 2, 3), (0., 0.25, 0.5, 0.75, 1.), .UNSPECIFIED.)
   CURVE ()
   GEOMETRIC_REPRESENTATION_ITEM ()
   RATIONAL_B_SPLINE_CURVE ((1., 0.714760415048885, 1., 0.714760415048885, 1., 0.714760415048885, 1., 0.714760415048885, 1.))
   REPRESENTATION_ITEM ('')
);
#11967 = CARTESIAN_POINT('', (87.945643923739, 39., 19.7));
#11968 = CARTESIAN_POINT('', (87.8477972356539, 40.1209746366256, 19.7));
#11969 = CARTESIAN_POINT('', (86.724958515899, 40.0475490297429, 19.7));
#11970 = CARTESIAN_POINT('', (85.6021197961441, 39.9741234228603, 19.7));
#11971 = CARTESIAN_POINT('', (85.65108953519, 38.8499525839818, 19.7));
#11972 = CARTESIAN_POINT('', (85.7000592742359, 37.7257817451033, 19.7));
#11973 = CARTESIAN_POINT('', (86.825029637118, 37.7502724160629, 19.7));
#11974 = CARTESIAN_POINT('', (87.95, 37.7747630870226, 19.7));
#11975 = CARTESIAN_POINT('', (87.95, 38.9, 19.7));
#11976 = B_SPLINE_SURFACE_WITH_KNOTS('', 1, 1, ((#11977, #11978), (#11979, #11980)), .UNSPECIFIED., .F., .F., .U., (2, 2), (2, 2), (0., 1.), (0., 1.), .UNSPECIFIED.);
#11977 = CARTESIAN_POINT('', (89.0556706319851, 36.6443293680149, 19.7));
#11978 = CARTESIAN_POINT('', (89.0556706319851, 41.1556706319851, 19.7));
#11979 = CARTESIAN_POINT('', (84.5443293680149, 36.6443293680149, 19.7));
#11980 = CARTESIAN_POINT('', (84.5443293680149, 41.1556706319851, 19.7));
#11981 = ADVANCED_FACE('', (#11982), #12006, .F.);
#11982 = FACE_OUTER_BOUND('', #11983, .F.);
#11983 = EDGE_LOOP('', (#11984, #12000));
#11984 = ORIENTED_EDGE('', *, *, #11985, .F.);
#11985 = EDGE_CURVE('', #11986, #11988, #11990, .T.);
#11986 = VERTEX_POINT('', #11987);
#11987 = CARTESIAN_POINT('', (87.945643923739, 39., 17.8));
#11988 = VERTEX_POINT('', #11989);
#11989 = CARTESIAN_POINT('', (87.95, 38.9, 17.8));
#11990 = (
   BOUNDED_CURVE ()
   B_SPLINE_CURVE (2, (#11991, #11992, #11993, #11994, #11995, #11996, #11997, #11998, #11999), .UNSPECIFIED., .F., .U.)
   B_SPLINE_CURVE_WITH_KNOTS ((3, 2, 2, 2, 3), (0., 0.25, 0.5, 0.75, 1.), .UNSPECIFIED.)
   CURVE ()
   GEOMETRIC_REPRESENTATION_ITEM ()
   RATIONAL_B_SPLINE_CURVE ((1., 0.714760415048885, 1., 0.714760415048885, 1., 0.714760415048885, 1., 0.714760415048885, 1.))
   REPRESENTATION_ITEM ('')
);
#11991 = CARTESIAN_POINT('', (87.945643923739, 39., 17.8));
#11992 = CARTESIAN_POINT('', (87.8477972356539, 40.1209746366256, 17.8));
#11993 = CARTESIAN_POINT('', (86.724958515899, 40.0475490297429, 17.8));
#11994 = CARTESIAN_POINT('', (85.6021197961441, 39.9741234228603, 17.8));
#11995 = CARTESIAN_POINT('', (85.65108953519, 38.8499525839818, 17.8));
#11996 = CARTESIAN_POINT('', (85.7000592742359, 37.7257817451033, 17.8));
#11997 = CARTESIAN_POINT('', (86.825029637118, 37.7502724160629, 17.8));
#11998 = CARTESIAN_POINT('', (87.95, 37.7747630870226, 17.8));
#11999 = CARTESIAN_POINT('', (87.95, 38.9, 17.8));
#12000 = ORIENTED_EDGE('', *, *, #12001, .F.);
#12001 = EDGE_CURVE('', #11988, #11986, #12002, .T.);
#12002 = (
   BOUNDED_CURVE ()
   B_SPLINE_CURVE (2, (#12003, #12004, #12005), .UNSPECIFIED., .F., .U.)
   B_SPLINE_CURVE_WITH_KNOTS ((3, 3), (0., 0.109310497713914), .UNSPECIFIED.)
   CURVE ()
   GEOMETRIC_REPRESENTATION_ITEM ()
   RATIONAL_B_SPLINE_CURVE ((1., 0.982276337510893, 0.966697676625444))
   REPRESENTATION_ITEM ('')
);
#12003 = CARTESIAN_POINT('', (87.95, 38.9, 17.8));
#12004 = CARTESIAN_POINT('', (87.95, 38.950094877002, 17.8));
#12005 = CARTESIAN_POINT('', (87.945643923739, 39., 17.8));
#12006 = B_SPLINE_SURFACE_WITH_KNOTS('', 1, 1, ((#12007, #12008), (#12009, #12010)), .UNSPECIFIED., .F., .F., .U., (2, 2), (2, 2), (0., 1.), (0., 1.), .UNSPECIFIED.);
#12007 = CARTESIAN_POINT('', (88.588980156402, 37.111019843598, 17.8));
#12008 = CARTESIAN_POINT('', (88.588980156402, 40.688980156402, 17.8));
#12009 = CARTESIAN_POINT('', (85.011019843598, 37.111019843598, 17.8));
#12010 = CARTESIAN_POINT('', (85.011019843598, 40.688980156402, 17.8));
#12011 = ADVANCED_FACE('', (#12012), #12042, .F.);
#12012 = FACE_OUTER_BOUND('', #12013, .F.);
#12013 = EDGE_LOOP('', (#12014, #12023, #12030, #12037));
#12014 = ORIENTED_EDGE('', *, *, #12015, .F.);
#12015 = EDGE_CURVE('', #12016, #12018, #12020, .T.);
#12016 = VERTEX_POINT('', #12017);
#12017 = CARTESIAN_POINT('', (38.1, 24.3, 6.5));
#12018 = VERTEX_POINT('', #12019);
#12019 = CARTESIAN_POINT('', (38.1, 24.3, 5.));
#12020 = B_SPLINE_CURVE_WITH_KNOTS('', 1, (#12021, #12022), .UNSPECIFIED., .F., .U., (2, 2), (0., 1.), .UNSPECIFIED.);
#12021 = CARTESIAN_POINT('', (38.1, 24.3, 6.5));
#12022 = CARTESIAN_POINT('', (38.1, 24.3, 5.));
#12023 = ORIENTED_EDGE('', *, *, #12024, .F.);
#12024 = EDGE_CURVE('', #12025, #12016, #12027, .T.);
#12025 = VERTEX_POINT('', #12026);
#12026 = CARTESIAN_POINT('', (38.1, 22.7, 6.5));
#12027 = B_SPLINE_CURVE_WITH_KNOTS('', 1, (#12028, #12029), .UNSPECIFIED., .F., .U., (2, 2), (0.0967741935483873, 0.612903225806452), .UNSPECIFIED.);
#12028 = CARTESIAN_POINT('', (38.1, 22.7, 6.5));
#12029 = CARTESIAN_POINT('', (38.1, 24.3, 6.5));
#12030 = ORIENTED_EDGE('', *, *, #12031, .F.);
#12031 = EDGE_CURVE('', #12032, #12025, #12034, .T.);
#12032 = VERTEX_POINT('', #12033);
#12033 = CARTESIAN_POINT('', (38.1, 22.7, 5.));
#12034 = B_SPLINE_CURVE_WITH_KNOTS('', 1, (#12035, #12036), .UNSPECIFIED., .F., .U., (2, 2), (0., 1.), .UNSPECIFIED.);
#12035 = CARTESIAN_POINT('', (38.1, 22.7, 5.));
#12036 = CARTESIAN_POINT('', (38.1, 22.7, 6.5));
#12037 = ORIENTED_EDGE('', *, *, #12038, .T.);
#12038 = EDGE_CURVE('', #12032, #12018, #12039, .T.);
#12039 = B_SPLINE_CURVE_WITH_KNOTS('', 1, (#12040, #12041), .UNSPECIFIED., .F., .U., (2, 2), (0.0967741935483873, 0.612903225806452), .UNSPECIFIED.);
#12040 = CARTESIAN_POINT('', (38.1, 22.7, 5.));
#12041 = CARTESIAN_POINT('', (38.1, 24.3, 5.));
#12042 = B_SPLINE_SURFACE_WITH_KNOTS('', 1, 1, ((#12043, #12044), (#12045, #12046)), .UNSPECIFIED., .F., .F., .U., (2, 2), (2, 2), (0., 1.), (0., 1.), .UNSPECIFIED.);
#12043 = CARTESIAN_POINT('', (38.1, 22.4, 5.));
#12044 = CARTESIAN_POINT('', (38.1, 22.4, 6.5));
#12045 = CARTESIAN_POINT('', (38.1, 25.5, 5.));
#12046 = CARTESIAN_POINT('', (38.1, 25.5, 6.5));
#12047 = ADVANCED_FACE('', (#12048), #12070, .F.);
#12048 = FACE_OUTER_BOUND('', #12049, .F.);
#12049 = EDGE_LOOP('', (#12050, #12057, #12058, #12065));
#12050 = ORIENTED_EDGE('', *, *, #12051, .F.);
#12051 = EDGE_CURVE('', #12018, #12052, #12054, .T.);
#12052 = VERTEX_POINT('', #12053);
#12053 = CARTESIAN_POINT('', (35.6, 24.3, 5.));
#12054 = B_SPLINE_CURVE_WITH_KNOTS('', 1, (#12055, #12056), .UNSPECIFIED., .F., .U., (2, 2), (0.214657976731918, 0.785342023268084), .UNSPECIFIED.);
#12055 = CARTESIAN_POINT('', (38.1, 24.3, 5.));
#12056 = CARTESIAN_POINT('', (35.6, 24.3, 5.));
#12057 = ORIENTED_EDGE('', *, *, #12038, .F.);
#12058 = ORIENTED_EDGE('', *, *, #12059, .F.);
#12059 = EDGE_CURVE('', #12060, #12032, #12062, .T.);
#12060 = VERTEX_POINT('', #12061);
#12061 = CARTESIAN_POINT('', (35.6, 22.7, 5.));
#12062 = B_SPLINE_CURVE_WITH_KNOTS('', 1, (#12063, #12064), .UNSPECIFIED., .F., .U., (2, 2), (0.214657976731918, 0.785342023268082), .UNSPECIFIED.);
#12063 = CARTESIAN_POINT('', (35.6, 22.7, 5.));
#12064 = CARTESIAN_POINT('', (38.1, 22.7, 5.));
#12065 = ORIENTED_EDGE('', *, *, #12066, .F.);
#12066 = EDGE_CURVE('', #12052, #12060, #12067, .T.);
#12067 = B_SPLINE_CURVE_WITH_KNOTS('', 1, (#12068, #12069), .UNSPECIFIED., .F., .U., (2, 2), (0.387096774193548, 0.903225806451613), .UNSPECIFIED.);
#12068 = CARTESIAN_POINT('', (35.6, 24.3, 5.));
#12069 = CARTESIAN_POINT('', (35.6, 22.7, 5.));
#12070 = B_SPLINE_SURFACE_WITH_KNOTS('', 1, 1, ((#12071, #12072), (#12073, #12074)), .UNSPECIFIED., .F., .F., .U., (2, 2), (2, 2), (0., 1.), (0., 1.), .UNSPECIFIED.);
#12071 = CARTESIAN_POINT('', (39.0403538526914, 21.7596461473086, 5.));
#12072 = CARTESIAN_POINT('', (39.0403538526914, 26.1403538526914, 5.));
#12073 = CARTESIAN_POINT('', (34.6596461473086, 21.7596461473086, 5.));
#12074 = CARTESIAN_POINT('', (34.6596461473086, 26.1403538526914, 5.));
#12075 = ADVANCED_FACE('', (#12076), #12098, .F.);
#12076 = FACE_OUTER_BOUND('', #12077, .F.);
#12077 = EDGE_LOOP('', (#12078, #12085, #12086, #12093));
#12078 = ORIENTED_EDGE('', *, *, #12079, .F.);
#12079 = EDGE_CURVE('', #12052, #12080, #12082, .T.);
#12080 = VERTEX_POINT('', #12081);
#12081 = CARTESIAN_POINT('', (35.6, 24.3, 6.5));
#12082 = B_SPLINE_CURVE_WITH_KNOTS('', 1, (#12083, #12084), .UNSPECIFIED., .F., .U., (2, 2), (0., 1.), .UNSPECIFIED.);
#12083 = CARTESIAN_POINT('', (35.6, 24.3, 5.));
#12084 = CARTESIAN_POINT('', (35.6, 24.3, 6.5));
#12085 = ORIENTED_EDGE('', *, *, #12066, .T.);
#12086 = ORIENTED_EDGE('', *, *, #12087, .F.);
#12087 = EDGE_CURVE('', #12088, #12060, #12090, .T.);
#12088 = VERTEX_POINT('', #12089);
#12089 = CARTESIAN_POINT('', (35.6, 22.7, 6.5));
#12090 = B_SPLINE_CURVE_WITH_KNOTS('', 1, (#12091, #12092), .UNSPECIFIED., .F., .U., (2, 2), (0., 1.), .UNSPECIFIED.);
#12091 = CARTESIAN_POINT('', (35.6, 22.7, 6.5));
#12092 = CARTESIAN_POINT('', (35.6, 22.7, 5.));
#12093 = ORIENTED_EDGE('', *, *, #12094, .F.);
#12094 = EDGE_CURVE('', #12080, #12088, #12095, .T.);
#12095 = B_SPLINE_CURVE_WITH_KNOTS('', 1, (#12096, #12097), .UNSPECIFIED., .F., .U., (2, 2), (0.387096774193548, 0.903225806451613), .UNSPECIFIED.);
#12096 = CARTESIAN_POINT('', (35.6, 24.3, 6.5));
#12097 = CARTESIAN_POINT('', (35.6, 22.7, 6.5));
#12098 = B_SPLINE_SURFACE_WITH_KNOTS('', 1, 1, ((#12099, #12100), (#12101, #12102)), .UNSPECIFIED., .F., .F., .U., (2, 2), (2, 2), (0., 1.), (0., 1.), .UNSPECIFIED.);
#12099 = CARTESIAN_POINT('', (35.6, 25.5, 5.));
#12100 = CARTESIAN_POINT('', (35.6, 25.5, 6.5));
#12101 = CARTESIAN_POINT('', (35.6, 22.4, 5.));
#12102 = CARTESIAN_POINT('', (35.6, 22.4, 6.5));
#12103 = ADVANCED_FACE('', (#12104), #12118, .F.);
#12104 = FACE_OUTER_BOUND('', #12105, .F.);
#12105 = EDGE_LOOP('', (#12106, #12111, #12112, #12117));
#12106 = ORIENTED_EDGE('', *, *, #12107, .F.);
#12107 = EDGE_CURVE('', #12080, #12016, #12108, .T.);
#12108 = B_SPLINE_CURVE_WITH_KNOTS('', 1, (#12109, #12110), .UNSPECIFIED., .F., .U., (2, 2), (0.214657976731918, 0.785342023268084), .UNSPECIFIED.);
#12109 = CARTESIAN_POINT('', (35.6, 24.3, 6.5));
#12110 = CARTESIAN_POINT('', (38.1, 24.3, 6.5));
#12111 = ORIENTED_EDGE('', *, *, #12094, .T.);
#12112 = ORIENTED_EDGE('', *, *, #12113, .F.);
#12113 = EDGE_CURVE('', #12025, #12088, #12114, .T.);
#12114 = B_SPLINE_CURVE_WITH_KNOTS('', 1, (#12115, #12116), .UNSPECIFIED., .F., .U., (2, 2), (0.214657976731919, 0.785342023268083), .UNSPECIFIED.);
#12115 = CARTESIAN_POINT('', (38.1, 22.7, 6.5));
#12116 = CARTESIAN_POINT('', (35.6, 22.7, 6.5));
#12117 = ORIENTED_EDGE('', *, *, #12024, .T.);
#12118 = B_SPLINE_SURFACE_WITH_KNOTS('', 1, 1, ((#12119, #12120), (#12121, #12122)), .UNSPECIFIED., .F., .F., .U., (2, 2), (2, 2), (0., 1.), (0., 1.), .UNSPECIFIED.);
#12119 = CARTESIAN_POINT('', (39.0403538526914, 21.7596461473086, 6.5));
#12120 = CARTESIAN_POINT('', (34.6596461473086, 21.7596461473086, 6.5));
#12121 = CARTESIAN_POINT('', (39.0403538526914, 26.1403538526914, 6.5));
#12122 = CARTESIAN_POINT('', (34.6596461473086, 26.1403538526914, 6.5));
#12123 = ADVANCED_FACE('', (#12124, #12162), #12168, .T.);
#12124 = FACE_OUTER_BOUND('', #12125, .T.);
#12125 = EDGE_LOOP('', (#12126, #12135, #12142, #12147, #12148, #12149, #12150, #12157));
#12126 = ORIENTED_EDGE('', *, *, #12127, .F.);
#12127 = EDGE_CURVE('', #12128, #12130, #12132, .T.);
#12128 = VERTEX_POINT('', #12129);
#12129 = CARTESIAN_POINT('', (37.8, 22.7, 10.));
#12130 = VERTEX_POINT('', #12131);
#12131 = CARTESIAN_POINT('', (47., 22.7, 10.));
#12132 = B_SPLINE_CURVE_WITH_KNOTS('', 1, (#12133, #12134), .UNSPECIFIED., .F., .U., (2, 2), (0.0678500729629645, 0.932149927037035), .UNSPECIFIED.);
#12133 = CARTESIAN_POINT('', (37.8, 22.7, 10.));
#12134 = CARTESIAN_POINT('', (47., 22.7, 10.));
#12135 = ORIENTED_EDGE('', *, *, #12136, .F.);
#12136 = EDGE_CURVE('', #12137, #12128, #12139, .T.);
#12137 = VERTEX_POINT('', #12138);
#12138 = CARTESIAN_POINT('', (37.8, 22.7, 14.5));
#12139 = B_SPLINE_CURVE_WITH_KNOTS('', 1, (#12140, #12141), .UNSPECIFIED., .F., .U., (2, 2), (0., 1.), .UNSPECIFIED.);
#12140 = CARTESIAN_POINT('', (37.8, 22.7, 14.5));
#12141 = CARTESIAN_POINT('', (37.8, 22.7, 10.));
#12142 = ORIENTED_EDGE('', *, *, #12143, .F.);
#12143 = EDGE_CURVE('', #3866, #12137, #12144, .T.);
#12144 = B_SPLINE_CURVE_WITH_KNOTS('', 1, (#12145, #12146), .UNSPECIFIED., .F., .U., (2, 2), (0., 0.262068965517241), .UNSPECIFIED.);
#12145 = CARTESIAN_POINT('', (34., 22.7, 14.5));
#12146 = CARTESIAN_POINT('', (37.8, 22.7, 14.5));
#12147 = ORIENTED_EDGE('', *, *, #3865, .F.);
#12148 = ORIENTED_EDGE('', *, *, #1614, .F.);
#12149 = ORIENTED_EDGE('', *, *, #3908, .T.);
#12150 = ORIENTED_EDGE('', *, *, #12151, .F.);
#12151 = EDGE_CURVE('', #12152, #3902, #12154, .T.);
#12152 = VERTEX_POINT('', #12153);
#12153 = CARTESIAN_POINT('', (47., 22.7, 14.5));
#12154 = B_SPLINE_CURVE_WITH_KNOTS('', 1, (#12155, #12156), .UNSPECIFIED., .F., .U., (2, 2), (0.896551724137931, 1.), .UNSPECIFIED.);
#12155 = CARTESIAN_POINT('', (47., 22.7, 14.5));
#12156 = CARTESIAN_POINT('', (48.5, 22.7, 14.5));
#12157 = ORIENTED_EDGE('', *, *, #12158, .F.);
#12158 = EDGE_CURVE('', #12130, #12152, #12159, .T.);
#12159 = B_SPLINE_CURVE_WITH_KNOTS('', 1, (#12160, #12161), .UNSPECIFIED., .F., .U., (2, 2), (0., 1.), .UNSPECIFIED.);
#12160 = CARTESIAN_POINT('', (47., 22.7, 10.));
#12161 = CARTESIAN_POINT('', (47., 22.7, 14.5));
#12162 = FACE_BOUND('', #12163, .T.);
#12163 = EDGE_LOOP('', (#12164, #12165, #12166, #12167));
#12164 = ORIENTED_EDGE('', *, *, #12113, .F.);
#12165 = ORIENTED_EDGE('', *, *, #12031, .F.);
#12166 = ORIENTED_EDGE('', *, *, #12059, .F.);
#12167 = ORIENTED_EDGE('', *, *, #12087, .F.);
#12168 = B_SPLINE_SURFACE_WITH_KNOTS('', 1, 1, ((#12169, #12170), (#12171, #12172)), .UNSPECIFIED., .F., .F., .U., (2, 2), (2, 2), (0., 1.), (0., 1.), .UNSPECIFIED.);
#12169 = CARTESIAN_POINT('', (34., 22.7, 1.55));
#12170 = CARTESIAN_POINT('', (34., 22.7, 14.5));
#12171 = CARTESIAN_POINT('', (48.5, 22.7, 1.55));
#12172 = CARTESIAN_POINT('', (48.5, 22.7, 14.5));
#12173 = ADVANCED_FACE('', (#12174), #12190, .T.);
#12174 = FACE_OUTER_BOUND('', #12175, .T.);
#12175 = EDGE_LOOP('', (#12176, #12183, #12184, #12185));
#12176 = ORIENTED_EDGE('', *, *, #12177, .F.);
#12177 = EDGE_CURVE('', #12152, #12178, #12180, .T.);
#12178 = VERTEX_POINT('', #12179);
#12179 = CARTESIAN_POINT('', (47., 24.4, 14.5));
#12180 = B_SPLINE_CURVE_WITH_KNOTS('', 1, (#12181, #12182), .UNSPECIFIED., .F., .U., (2, 2), (0., 1.), .UNSPECIFIED.);
#12181 = CARTESIAN_POINT('', (47., 22.7, 14.5));
#12182 = CARTESIAN_POINT('', (47., 24.4, 14.5));
#12183 = ORIENTED_EDGE('', *, *, #12151, .T.);
#12184 = ORIENTED_EDGE('', *, *, #3901, .T.);
#12185 = ORIENTED_EDGE('', *, *, #12186, .T.);
#12186 = EDGE_CURVE('', #3895, #12178, #12187, .T.);
#12187 = B_SPLINE_CURVE_WITH_KNOTS('', 1, (#12188, #12189), .UNSPECIFIED., .F., .U., (2, 2), (0., 0.103448275862069), .UNSPECIFIED.);
#12188 = CARTESIAN_POINT('', (48.5, 24.4, 14.5));
#12189 = CARTESIAN_POINT('', (47., 24.4, 14.5));
#12190 = B_SPLINE_SURFACE_WITH_KNOTS('', 1, 1, ((#12191, #12192), (#12193, #12194)), .UNSPECIFIED., .F., .F., .U., (2, 2), (2, 2), (-0.036892278507093, 1.), (-0.00244963183684267, 1.00244963183684), .UNSPECIFIED.);
#12191 = CARTESIAN_POINT('', (49.2734048258828, 15.4765951741172, 14.5));
#12192 = CARTESIAN_POINT('', (33.2265951741172, 15.4765951741172, 14.5));
#12193 = CARTESIAN_POINT('', (49.2734048258828, 32.0342876952174, 14.5));
#12194 = CARTESIAN_POINT('', (33.2265951741172, 32.0342876952174, 14.5));
#12195 = ADVANCED_FACE('', (#12196), #12212, .T.);
#12196 = FACE_OUTER_BOUND('', #12197, .T.);
#12197 = EDGE_LOOP('', (#12198, #12205, #12210, #12211));
#12198 = ORIENTED_EDGE('', *, *, #12199, .F.);
#12199 = EDGE_CURVE('', #12200, #12137, #12202, .T.);
#12200 = VERTEX_POINT('', #12201);
#12201 = CARTESIAN_POINT('', (37.8, 24.4, 14.5));
#12202 = B_SPLINE_CURVE_WITH_KNOTS('', 1, (#12203, #12204), .UNSPECIFIED., .F., .U., (2, 2), (0., 1.), .UNSPECIFIED.);
#12203 = CARTESIAN_POINT('', (37.8, 24.4, 14.5));
#12204 = CARTESIAN_POINT('', (37.8, 22.7, 14.5));
#12205 = ORIENTED_EDGE('', *, *, #12206, .T.);
#12206 = EDGE_CURVE('', #12200, #3873, #12207, .T.);
#12207 = B_SPLINE_CURVE_WITH_KNOTS('', 1, (#12208, #12209), .UNSPECIFIED., .F., .U., (2, 2), (0.737931034482759, 1.), .UNSPECIFIED.);
#12208 = CARTESIAN_POINT('', (37.8, 24.4, 14.5));
#12209 = CARTESIAN_POINT('', (34., 24.4, 14.5));
#12210 = ORIENTED_EDGE('', *, *, #3872, .T.);
#12211 = ORIENTED_EDGE('', *, *, #12143, .T.);
#12212 = B_SPLINE_SURFACE_WITH_KNOTS('', 1, 1, ((#12213, #12214), (#12215, #12216)), .UNSPECIFIED., .F., .F., .U., (2, 2), (2, 2), (-0.036892278507093, 1.), (-0.00244963183684267, 1.00244963183684), .UNSPECIFIED.);
#12213 = CARTESIAN_POINT('', (49.2734048258828, 15.4765951741172, 14.5));
#12214 = CARTESIAN_POINT('', (33.2265951741172, 15.4765951741172, 14.5));
#12215 = CARTESIAN_POINT('', (49.2734048258828, 32.0342876952174, 14.5));
#12216 = CARTESIAN_POINT('', (33.2265951741172, 32.0342876952174, 14.5));
#12217 = ADVANCED_FACE('', (#12218), #12240, .T.);
#12218 = FACE_OUTER_BOUND('', #12219, .T.);
#12219 = EDGE_LOOP('', (#12220, #12229, #12234, #12235));
#12220 = ORIENTED_EDGE('', *, *, #12221, .F.);
#12221 = EDGE_CURVE('', #12222, #12224, #12226, .T.);
#12222 = VERTEX_POINT('', #12223);
#12223 = CARTESIAN_POINT('', (47., 24.4, 13.3));
#12224 = VERTEX_POINT('', #12225);
#12225 = CARTESIAN_POINT('', (47., 24.3, 13.3));
#12226 = B_SPLINE_CURVE_WITH_KNOTS('', 1, (#12227, #12228), .UNSPECIFIED., .F., .U., (2, 2), (0., 1.), .UNSPECIFIED.);
#12227 = CARTESIAN_POINT('', (47., 24.4, 13.3));
#12228 = CARTESIAN_POINT('', (47., 24.3, 13.3));
#12229 = ORIENTED_EDGE('', *, *, #12230, .F.);
#12230 = EDGE_CURVE('', #3893, #12222, #12231, .T.);
#12231 = B_SPLINE_CURVE_WITH_KNOTS('', 1, (#12232, #12233), .UNSPECIFIED., .F., .U., (2, 2), (0., 0.103448275862069), .UNSPECIFIED.);
#12232 = CARTESIAN_POINT('', (48.5, 24.4, 13.3));
#12233 = CARTESIAN_POINT('', (47., 24.4, 13.3));
#12234 = ORIENTED_EDGE('', *, *, #3927, .F.);
#12235 = ORIENTED_EDGE('', *, *, #12236, .T.);
#12236 = EDGE_CURVE('', #3921, #12224, #12237, .T.);
#12237 = B_SPLINE_CURVE_WITH_KNOTS('', 1, (#12238, #12239), .UNSPECIFIED., .F., .U., (2, 2), (0., 0.103448275862069), .UNSPECIFIED.);
#12238 = CARTESIAN_POINT('', (48.5, 24.3, 13.3));
#12239 = CARTESIAN_POINT('', (47., 24.3, 13.3));
#12240 = B_SPLINE_SURFACE_WITH_KNOTS('', 1, 1, ((#12241, #12242), (#12243, #12244)), .UNSPECIFIED., .F., .F., .U., (2, 2), (2, 2), (0., 1.), (0., 1.), .UNSPECIFIED.);
#12241 = CARTESIAN_POINT('', (49.2342876952174, 16.0657123047826, 13.3));
#12242 = CARTESIAN_POINT('', (49.2342876952174, 32.0342876952174, 13.3));
#12243 = CARTESIAN_POINT('', (33.2657123047826, 16.0657123047826, 13.3));
#12244 = CARTESIAN_POINT('', (33.2657123047826, 32.0342876952174, 13.3));
#12245 = ADVANCED_FACE('', (#12246), #12268, .T.);
#12246 = FACE_OUTER_BOUND('', #12247, .T.);
#12247 = EDGE_LOOP('', (#12248, #12257, #12262, #12263));
#12248 = ORIENTED_EDGE('', *, *, #12249, .F.);
#12249 = EDGE_CURVE('', #12250, #12252, #12254, .T.);
#12250 = VERTEX_POINT('', #12251);
#12251 = CARTESIAN_POINT('', (37.8, 24.3, 13.3));
#12252 = VERTEX_POINT('', #12253);
#12253 = CARTESIAN_POINT('', (37.8, 24.4, 13.3));
#12254 = B_SPLINE_CURVE_WITH_KNOTS('', 1, (#12255, #12256), .UNSPECIFIED., .F., .U., (2, 2), (0., 1.), .UNSPECIFIED.);
#12255 = CARTESIAN_POINT('', (37.8, 24.3, 13.3));
#12256 = CARTESIAN_POINT('', (37.8, 24.4, 13.3));
#12257 = ORIENTED_EDGE('', *, *, #12258, .T.);
#12258 = EDGE_CURVE('', #12250, #3851, #12259, .T.);
#12259 = B_SPLINE_CURVE_WITH_KNOTS('', 1, (#12260, #12261), .UNSPECIFIED., .F., .U., (2, 2), (0.737931034482759, 1.), .UNSPECIFIED.);
#12260 = CARTESIAN_POINT('', (37.8, 24.3, 13.3));
#12261 = CARTESIAN_POINT('', (34., 24.3, 13.3));
#12262 = ORIENTED_EDGE('', *, *, #3848, .F.);
#12263 = ORIENTED_EDGE('', *, *, #12264, .F.);
#12264 = EDGE_CURVE('', #12252, #3849, #12265, .T.);
#12265 = B_SPLINE_CURVE_WITH_KNOTS('', 1, (#12266, #12267), .UNSPECIFIED., .F., .U., (2, 2), (0.737931034482759, 1.), .UNSPECIFIED.);
#12266 = CARTESIAN_POINT('', (37.8, 24.4, 13.3));
#12267 = CARTESIAN_POINT('', (34., 24.4, 13.3));
#12268 = B_SPLINE_SURFACE_WITH_KNOTS('', 1, 1, ((#12269, #12270), (#12271, #12272)), .UNSPECIFIED., .F., .F., .U., (2, 2), (2, 2), (0., 1.), (0., 1.), .UNSPECIFIED.);
#12269 = CARTESIAN_POINT('', (49.2342876952174, 16.0657123047826, 13.3));
#12270 = CARTESIAN_POINT('', (49.2342876952174, 32.0342876952174, 13.3));
#12271 = CARTESIAN_POINT('', (33.2657123047826, 16.0657123047826, 13.3));
#12272 = CARTESIAN_POINT('', (33.2657123047826, 32.0342876952174, 13.3));
#12273 = ADVANCED_FACE('', (#12274), #12284, .T.);
#12274 = FACE_OUTER_BOUND('', #12275, .T.);
#12275 = EDGE_LOOP('', (#12276, #12281, #12282, #12283));
#12276 = ORIENTED_EDGE('', *, *, #12277, .F.);
#12277 = EDGE_CURVE('', #12178, #12222, #12278, .T.);
#12278 = B_SPLINE_CURVE_WITH_KNOTS('', 1, (#12279, #12280), .UNSPECIFIED., .F., .U., (2, 2), (0., 1.), .UNSPECIFIED.);
#12279 = CARTESIAN_POINT('', (47., 24.4, 14.5));
#12280 = CARTESIAN_POINT('', (47., 24.4, 13.3));
#12281 = ORIENTED_EDGE('', *, *, #12186, .F.);
#12282 = ORIENTED_EDGE('', *, *, #3892, .F.);
#12283 = ORIENTED_EDGE('', *, *, #12230, .T.);
#12284 = B_SPLINE_SURFACE_WITH_KNOTS('', 1, 1, ((#12285, #12286), (#12287, #12288)), .UNSPECIFIED., .F., .F., .U., (2, 2), (2, 2), (0., 1.), (0., 1.), .UNSPECIFIED.);
#12285 = CARTESIAN_POINT('', (48.5, 24.4, 13.3));
#12286 = CARTESIAN_POINT('', (48.5, 24.4, 14.5));
#12287 = CARTESIAN_POINT('', (34., 24.4, 13.3));
#12288 = CARTESIAN_POINT('', (34., 24.4, 14.5));
#12289 = ADVANCED_FACE('', (#12290), #12300, .T.);
#12290 = FACE_OUTER_BOUND('', #12291, .T.);
#12291 = EDGE_LOOP('', (#12292, #12297, #12298, #12299));
#12292 = ORIENTED_EDGE('', *, *, #12293, .F.);
#12293 = EDGE_CURVE('', #12252, #12200, #12294, .T.);
#12294 = B_SPLINE_CURVE_WITH_KNOTS('', 1, (#12295, #12296), .UNSPECIFIED., .F., .U., (2, 2), (0., 1.), .UNSPECIFIED.);
#12295 = CARTESIAN_POINT('', (37.8, 24.4, 13.3));
#12296 = CARTESIAN_POINT('', (37.8, 24.4, 14.5));
#12297 = ORIENTED_EDGE('', *, *, #12264, .T.);
#12298 = ORIENTED_EDGE('', *, *, #3879, .T.);
#12299 = ORIENTED_EDGE('', *, *, #12206, .F.);
#12300 = B_SPLINE_SURFACE_WITH_KNOTS('', 1, 1, ((#12301, #12302), (#12303, #12304)), .UNSPECIFIED., .F., .F., .U., (2, 2), (2, 2), (0., 1.), (0., 1.), .UNSPECIFIED.);
#12301 = CARTESIAN_POINT('', (48.5, 24.4, 13.3));
#12302 = CARTESIAN_POINT('', (48.5, 24.4, 14.5));
#12303 = CARTESIAN_POINT('', (34., 24.4, 13.3));
#12304 = CARTESIAN_POINT('', (34., 24.4, 14.5));
#12305 = ADVANCED_FACE('', (#12306, #12336), #12342, .T.);
#12306 = FACE_OUTER_BOUND('', #12307, .T.);
#12307 = EDGE_LOOP('', (#12308, #12317, #12322, #12323, #12324, #12325, #12326, #12327, #12328, #12329, #12330, #12331));
#12308 = ORIENTED_EDGE('', *, *, #12309, .F.);
#12309 = EDGE_CURVE('', #12310, #12312, #12314, .T.);
#12310 = VERTEX_POINT('', #12311);
#12311 = CARTESIAN_POINT('', (47., 24.3, 10.));
#12312 = VERTEX_POINT('', #12313);
#12313 = CARTESIAN_POINT('', (37.8, 24.3, 10.));
#12314 = B_SPLINE_CURVE_WITH_KNOTS('', 1, (#12315, #12316), .UNSPECIFIED., .F., .U., (2, 2), (0.0678500729629645, 0.932149927037035), .UNSPECIFIED.);
#12315 = CARTESIAN_POINT('', (47., 24.3, 10.));
#12316 = CARTESIAN_POINT('', (37.8, 24.3, 10.));
#12317 = ORIENTED_EDGE('', *, *, #12318, .F.);
#12318 = EDGE_CURVE('', #12224, #12310, #12319, .T.);
#12319 = B_SPLINE_CURVE_WITH_KNOTS('', 1, (#12320, #12321), .UNSPECIFIED., .F., .U., (2, 2), (0., 1.), .UNSPECIFIED.);
#12320 = CARTESIAN_POINT('', (47., 24.3, 13.3));
#12321 = CARTESIAN_POINT('', (47., 24.3, 10.));
#12322 = ORIENTED_EDGE('', *, *, #12236, .F.);
#12323 = ORIENTED_EDGE('', *, *, #3920, .F.);
#12324 = ORIENTED_EDGE('', *, *, #3048, .T.);
#12325 = ORIENTED_EDGE('', *, *, #3110, .F.);
#12326 = ORIENTED_EDGE('', *, *, #3193, .F.);
#12327 = ORIENTED_EDGE('', *, *, #3166, .F.);
#12328 = ORIENTED_EDGE('', *, *, #3252, .T.);
#12329 = ORIENTED_EDGE('', *, *, #3857, .T.);
#12330 = ORIENTED_EDGE('', *, *, #12258, .F.);
#12331 = ORIENTED_EDGE('', *, *, #12332, .F.);
#12332 = EDGE_CURVE('', #12312, #12250, #12333, .T.);
#12333 = B_SPLINE_CURVE_WITH_KNOTS('', 1, (#12334, #12335), .UNSPECIFIED., .F., .U., (2, 2), (0., 1.), .UNSPECIFIED.);
#12334 = CARTESIAN_POINT('', (37.8, 24.3, 10.));
#12335 = CARTESIAN_POINT('', (37.8, 24.3, 13.3));
#12336 = FACE_BOUND('', #12337, .T.);
#12337 = EDGE_LOOP('', (#12338, #12339, #12340, #12341));
#12338 = ORIENTED_EDGE('', *, *, #12107, .F.);
#12339 = ORIENTED_EDGE('', *, *, #12079, .F.);
#12340 = ORIENTED_EDGE('', *, *, #12051, .F.);
#12341 = ORIENTED_EDGE('', *, *, #12015, .F.);
#12342 = B_SPLINE_SURFACE_WITH_KNOTS('', 1, 1, ((#12343, #12344), (#12345, #12346)), .UNSPECIFIED., .F., .F., .U., (2, 2), (2, 2), (0., 1.), (0., 1.), .UNSPECIFIED.);
#12343 = CARTESIAN_POINT('', (48.5, 24.3, 1.55));
#12344 = CARTESIAN_POINT('', (48.5, 24.3, 14.5));
#12345 = CARTESIAN_POINT('', (34., 24.3, 1.55));
#12346 = CARTESIAN_POINT('', (34., 24.3, 14.5));
#12347 = ADVANCED_FACE('', (#12348), #12360, .F.);
#12348 = FACE_OUTER_BOUND('', #12349, .F.);
#12349 = EDGE_LOOP('', (#12350, #12351, #12352, #12353, #12354, #12355));
#12350 = ORIENTED_EDGE('', *, *, #12318, .F.);
#12351 = ORIENTED_EDGE('', *, *, #12221, .F.);
#12352 = ORIENTED_EDGE('', *, *, #12277, .F.);
#12353 = ORIENTED_EDGE('', *, *, #12177, .F.);
#12354 = ORIENTED_EDGE('', *, *, #12158, .F.);
#12355 = ORIENTED_EDGE('', *, *, #12356, .T.);
#12356 = EDGE_CURVE('', #12130, #12310, #12357, .T.);
#12357 = B_SPLINE_CURVE_WITH_KNOTS('', 1, (#12358, #12359), .UNSPECIFIED., .F., .U., (2, 2), (0.0666666666666653, 0.6), .UNSPECIFIED.);
#12358 = CARTESIAN_POINT('', (47., 22.7, 10.));
#12359 = CARTESIAN_POINT('', (47., 24.3, 10.));
#12360 = B_SPLINE_SURFACE_WITH_KNOTS('', 1, 1, ((#12361, #12362), (#12363, #12364)), .UNSPECIFIED., .F., .F., .U., (2, 2), (2, 2), (0., 1.), (0., 1.), .UNSPECIFIED.);
#12361 = CARTESIAN_POINT('', (47., 22.5, 10.));
#12362 = CARTESIAN_POINT('', (47., 22.5, 14.6));
#12363 = CARTESIAN_POINT('', (47., 25.5, 10.));
#12364 = CARTESIAN_POINT('', (47., 25.5, 14.6));
#12365 = ADVANCED_FACE('', (#12366), #12376, .F.);
#12366 = FACE_OUTER_BOUND('', #12367, .F.);
#12367 = EDGE_LOOP('', (#12368, #12369, #12370, #12371));
#12368 = ORIENTED_EDGE('', *, *, #12309, .F.);
#12369 = ORIENTED_EDGE('', *, *, #12356, .F.);
#12370 = ORIENTED_EDGE('', *, *, #12127, .F.);
#12371 = ORIENTED_EDGE('', *, *, #12372, .F.);
#12372 = EDGE_CURVE('', #12312, #12128, #12373, .T.);
#12373 = B_SPLINE_CURVE_WITH_KNOTS('', 1, (#12374, #12375), .UNSPECIFIED., .F., .U., (2, 2), (0.400000000000001, 0.933333333333334), .UNSPECIFIED.);
#12374 = CARTESIAN_POINT('', (37.8, 24.3, 10.));
#12375 = CARTESIAN_POINT('', (37.8, 22.7, 10.));
#12376 = B_SPLINE_SURFACE_WITH_KNOTS('', 1, 1, ((#12377, #12378), (#12379, #12380)), .UNSPECIFIED., .F., .F., .U., (2, 2), (2, 2), (0., 1.), (0., 1.), .UNSPECIFIED.);
#12377 = CARTESIAN_POINT('', (47.7222269774973, 18.6777730225027, 10.));
#12378 = CARTESIAN_POINT('', (47.7222269774973, 29.3222269774973, 10.));
#12379 = CARTESIAN_POINT('', (37.0777730225027, 18.6777730225027, 10.));
#12380 = CARTESIAN_POINT('', (37.0777730225027, 29.3222269774973, 10.));
#12381 = ADVANCED_FACE('', (#12382), #12390, .F.);
#12382 = FACE_OUTER_BOUND('', #12383, .F.);
#12383 = EDGE_LOOP('', (#12384, #12385, #12386, #12387, #12388, #12389));
#12384 = ORIENTED_EDGE('', *, *, #12332, .F.);
#12385 = ORIENTED_EDGE('', *, *, #12372, .T.);
#12386 = ORIENTED_EDGE('', *, *, #12136, .F.);
#12387 = ORIENTED_EDGE('', *, *, #12199, .F.);
#12388 = ORIENTED_EDGE('', *, *, #12293, .F.);
#12389 = ORIENTED_EDGE('', *, *, #12249, .F.);
#12390 = B_SPLINE_SURFACE_WITH_KNOTS('', 1, 1, ((#12391, #12392), (#12393, #12394)), .UNSPECIFIED., .F., .F., .U., (2, 2), (2, 2), (0., 1.), (0., 1.), .UNSPECIFIED.);
#12391 = CARTESIAN_POINT('', (37.8, 25.5, 10.));
#12392 = CARTESIAN_POINT('', (37.8, 25.5, 14.6));
#12393 = CARTESIAN_POINT('', (37.8, 22.5, 10.));
#12394 = CARTESIAN_POINT('', (37.8, 22.5, 14.6));
#12395 = ADVANCED_FACE('', (#12396), #12407, .T.);
#12396 = FACE_OUTER_BOUND('', #12397, .T.);
#12397 = EDGE_LOOP('', (#12398, #12399, #12400, #12401, #12402));
#12398 = ORIENTED_EDGE('', *, *, #294, .F.);
#12399 = ORIENTED_EDGE('', *, *, #1001, .F.);
#12400 = ORIENTED_EDGE('', *, *, #1046, .F.);
#12401 = ORIENTED_EDGE('', *, *, #1022, .F.);
#12402 = ORIENTED_EDGE('', *, *, #12403, .F.);
#12403 = EDGE_CURVE('', #295, #1023, #12404, .T.);
#12404 = B_SPLINE_CURVE_WITH_KNOTS('', 1, (#12405, #12406), .UNSPECIFIED., .F., .U., (2, 2), (0.28900300749974, 1.), .UNSPECIFIED.);
#12405 = CARTESIAN_POINT('', (88.6, 30., 5.3705861655012));
#12406 = CARTESIAN_POINT('', (88.6, 30., 2.1));
#12407 = B_SPLINE_SURFACE_WITH_KNOTS('', 1, 1, ((#12408, #12409), (#12410, #12411)), .UNSPECIFIED., .F., .F., .U., (2, 2), (2, 2), (0., 1.), (0., 1.), .UNSPECIFIED.);
#12408 = CARTESIAN_POINT('', (88.05, 30., -1.3));
#12409 = CARTESIAN_POINT('', (88.05, 30., 6.7));
#12410 = CARTESIAN_POINT('', (92.5, 30., -1.3));
#12411 = CARTESIAN_POINT('', (92.5, 30., 6.7));
#12412 = ADVANCED_FACE('', (#12413), #12479, .F.);
#12413 = FACE_OUTER_BOUND('', #12414, .F.);
#12414 = EDGE_LOOP('', (#12415, #12421, #12422, #12423, #12432, #12440, #12441, #12451, #12461, #12467, #12468, #12469, #12470, #12471, #12472, #12478));
#12415 = ORIENTED_EDGE('', *, *, #12416, .T.);
#12416 = EDGE_CURVE('', #712, #229, #12417, .T.);
#12417 = (
   BOUNDED_CURVE ()
   B_SPLINE_CURVE (2, (#12418, #12419, #12420), .UNSPECIFIED., .F., .U.)
   B_SPLINE_CURVE_WITH_KNOTS ((3, 3), (0.0761527848852358, 0.258846095561623), .UNSPECIFIED.)
   CURVE ()
   GEOMETRIC_REPRESENTATION_ITEM ()
   RATIONAL_B_SPLINE_CURVE ((0.952569158715918, 0.905897193527317, 0.908272064265594))
   REPRESENTATION_ITEM ('')
);
#12418 = CARTESIAN_POINT('', (88.6, 24.5, 3.85450930786105));
#12419 = CARTESIAN_POINT('', (88.6, 26.6306596448306, 6.32403150141788));
#12420 = CARTESIAN_POINT('', (88.6, 27.4505073307459, 9.48094457568502));
#12421 = ORIENTED_EDGE('', *, *, #228, .T.);
#12422 = ORIENTED_EDGE('', *, *, #129, .T.);
#12423 = ORIENTED_EDGE('', *, *, #12424, .F.);
#12424 = EDGE_CURVE('', #12425, #132, #12427, .T.);
#12425 = VERTEX_POINT('', #12426);
#12426 = CARTESIAN_POINT('', (88.6, 27.8000130118975, 11.3297789759796));
#12427 = B_SPLINE_CURVE_WITH_KNOTS('', 3, (#12428, #12429, #12430, #12431), .UNSPECIFIED., .F., .U., (4, 4), (3.90000000000001, 5.2), .UNSPECIFIED.);
#12428 = CARTESIAN_POINT('', (88.6, 27.8000130118975, 11.3297789759796));
#12429 = CARTESIAN_POINT('', (88.1666666666667, 27.8000130118975, 11.3297789759796));
#12430 = CARTESIAN_POINT('', (87.7333333333333, 27.8000130118975, 11.3297789759796));
#12431 = CARTESIAN_POINT('', (87.3, 27.8000130118975, 11.3297789759796));
#12432 = ORIENTED_EDGE('', *, *, #12433, .T.);
#12433 = EDGE_CURVE('', #12425, #349, #12434, .T.);
#12434 = (
   BOUNDED_CURVE ()
   B_SPLINE_CURVE (2, (#12435, #12436, #12437, #12438, #12439), .UNSPECIFIED., .F., .U.)
   B_SPLINE_CURVE_WITH_KNOTS ((3, 2, 3), (0.311840415205684, 0.5, 0.720932153266601), .UNSPECIFIED.)
   CURVE ()
   GEOMETRIC_REPRESENTATION_ITEM ()
   RATIONAL_B_SPLINE_CURVE ((0.913776737824632, 0.930875491139838, 1., 0.918835776542204, 0.909398699711378))
   REPRESENTATION_ITEM ('')
);
#12435 = CARTESIAN_POINT('', (88.6, 27.8000130118975, 11.3297789759796));
#12436 = CARTESIAN_POINT('', (88.6, 28.1900196802592, 14.5755157299724));
#12437 = CARTESIAN_POINT('', (88.6, 27.1022725316515, 17.6583258795408));
#12438 = CARTESIAN_POINT('', (88.6, 25.8083322535955, 21.3255128974358));
#12439 = CARTESIAN_POINT('', (88.6, 22.808422980528, 23.8));
#12440 = ORIENTED_EDGE('', *, *, #355, .T.);
#12441 = ORIENTED_EDGE('', *, *, #12442, .F.);
#12442 = EDGE_CURVE('', #12443, #356, #12445, .T.);
#12443 = VERTEX_POINT('', #12444);
#12444 = CARTESIAN_POINT('', (92.5, 27.8000130118975, 11.3297789759796));
#12445 = (
   BOUNDED_CURVE ()
   B_SPLINE_CURVE (2, (#12446, #12447, #12448, #12449, #12450), .UNSPECIFIED., .F., .U.)
   B_SPLINE_CURVE_WITH_KNOTS ((3, 2, 3), (0.369295626674656, 0.5, 0.744348811376906), .UNSPECIFIED.)
   CURVE ()
   GEOMETRIC_REPRESENTATION_ITEM ()
   RATIONAL_B_SPLINE_CURVE ((0.915591180250943, 0.942858232231775, 1., 0.893174783070295, 0.890760025268004))
   REPRESENTATION_ITEM ('')
);
#12446 = CARTESIAN_POINT('', (92.5, 27.8000130118975, 11.3297789759796));
#12447 = CARTESIAN_POINT('', (92.5, 28.0889786381943, 13.7346259439864));
#12448 = CARTESIAN_POINT('', (92.5, 27.5532047519987, 16.0967725134404));
#12449 = CARTESIAN_POINT('', (92.5, 26.4958722125222, 20.7583928261271));
#12450 = CARTESIAN_POINT('', (92.5, 22.808422980528, 23.8));
#12451 = ORIENTED_EDGE('', *, *, #12452, .F.);
#12452 = EDGE_CURVE('', #12453, #12443, #12455, .T.);
#12453 = VERTEX_POINT('', #12454);
#12454 = CARTESIAN_POINT('', (92.5, 27.4505073307459, 9.48094457568504));
#12455 = (
   BOUNDED_CURVE ()
   B_SPLINE_CURVE (2, (#12456, #12457, #12458, #12459, #12460), .UNSPECIFIED., .F., .U.)
   B_SPLINE_CURVE_WITH_KNOTS ((3, 2, 3), (0.432256547646472, 0.5, 0.501158135861072), .UNSPECIFIED.)
   CURVE ()
   GEOMETRIC_REPRESENTATION_ITEM ()
   RATIONAL_B_SPLINE_CURVE ((0.971159544857287, 0.983319827484544, 1., 0.999714837297364, 0.999430995623337))
   REPRESENTATION_ITEM ('')
);
#12456 = CARTESIAN_POINT('', (92.5, 27.4505073307459, 9.48094457568504));
#12457 = CARTESIAN_POINT('', (92.5, 27.6835842806672, 10.3784328325375));
#12458 = CARTESIAN_POINT('', (92.5, 27.7962581468784, 11.2988211395284));
#12459 = CARTESIAN_POINT('', (92.5, 27.798152818888, 11.314297966781));
#12460 = CARTESIAN_POINT('', (92.5, 27.8000130118975, 11.3297789759793));
#12461 = ORIENTED_EDGE('', *, *, #12462, .F.);
#12462 = EDGE_CURVE('', #11116, #12453, #12463, .T.);
#12463 = (
   BOUNDED_CURVE ()
   B_SPLINE_CURVE (2, (#12464, #12465, #12466), .UNSPECIFIED., .F., .U.)
   B_SPLINE_CURVE_WITH_KNOTS ((3, 3), (0.0530210392525526, 0.320435062005152), .UNSPECIFIED.)
   CURVE ()
   GEOMETRIC_REPRESENTATION_ITEM ()
   RATIONAL_B_SPLINE_CURVE ((0.958556267547523, 0.866441860043806, 0.899379814328227))
   REPRESENTATION_ITEM ('')
);
#12464 = CARTESIAN_POINT('', (92.5, 21.5883028036102, 1.29999999999999));
#12465 = CARTESIAN_POINT('', (92.5, 26.095007789907, 4.26144551975983));
#12466 = CARTESIAN_POINT('', (92.5, 27.4505073307459, 9.48094457568504));
#12467 = ORIENTED_EDGE('', *, *, #11122, .F.);
#12468 = ORIENTED_EDGE('', *, *, #11144, .T.);
#12469 = ORIENTED_EDGE('', *, *, #1054, .T.);
#12470 = ORIENTED_EDGE('', *, *, #581, .F.);
#12471 = ORIENTED_EDGE('', *, *, #638, .T.);
#12472 = ORIENTED_EDGE('', *, *, #12473, .T.);
#12473 = EDGE_CURVE('', #624, #705, #12474, .T.);
#12474 = (
   BOUNDED_CURVE ()
   B_SPLINE_CURVE (2, (#12475, #12476, #12477), .UNSPECIFIED., .F., .U.)
   B_SPLINE_CURVE_WITH_KNOTS ((3, 3), (0., 1.), .UNSPECIFIED.)
   CURVE ()
   GEOMETRIC_REPRESENTATION_ITEM ()
   RATIONAL_B_SPLINE_CURVE ((1., 0.992456743650006, 1.))
   REPRESENTATION_ITEM ('')
);
#12475 = CARTESIAN_POINT('', (88.5, 21.9558984601346, 1.54999999999999));
#12476 = CARTESIAN_POINT('', (88.5, 23.3702839228018, 2.5451218926408));
#12477 = CARTESIAN_POINT('', (88.5, 24.5, 3.85450930786106));
#12478 = ORIENTED_EDGE('', *, *, #711, .T.);
#12479 = (
   BOUNDED_SURFACE ()
   B_SPLINE_SURFACE (2, 1, ((#12480, #12481), (#12482, #12483), (#12484, #12485), (#12486, #12487), (#12488, #12489), (#12490, #12491), (#12492, #12493), (#12494, #12495), (#12496, #12497)), .UNSPECIFIED., .T., .F., .U.)
   B_SPLINE_SURFACE_WITH_KNOTS ((3, 2, 2, 2, 3), (2, 2), (0., 21.9911485751286, 43.9822971502571, 65.9734457253857, 87.9645943005142), (-0.326399999999996, 8.3264), .UNSPECIFIED.)
   GEOMETRIC_REPRESENTATION_ITEM ()
   RATIONAL_B_SPLINE_SURFACE (((1., 1.), (0.707106781186548, 0.707106781186548), (1., 1.), (0.707106781186548, 0.707106781186548), (1., 1.), (0.707106781186548, 0.707106781186548), (1., 1.), (0.707106781186548, 0.707106781186548), (1., 1.)))
   REPRESENTATION_ITEM ('')
   SURFACE ()
);
#12480 = CARTESIAN_POINT('', (86.7236, 13.9, 27.));
#12481 = CARTESIAN_POINT('', (95.3764, 13.9, 27.));
#12482 = CARTESIAN_POINT('', (86.7236, -0.0999999999999992, 27.));
#12483 = CARTESIAN_POINT('', (95.3764, -0.0999999999999992, 27.));
#12484 = CARTESIAN_POINT('', (86.7236, -0.0999999999999996, 13.));
#12485 = CARTESIAN_POINT('', (95.3764, -0.0999999999999996, 13.));
#12486 = CARTESIAN_POINT('', (86.7236, -0.100000000000001, -0.999999999999999));
#12487 = CARTESIAN_POINT('', (95.3764, -0.100000000000001, -0.999999999999999));
#12488 = CARTESIAN_POINT('', (86.7236, 13.9, -1.));
#12489 = CARTESIAN_POINT('', (95.3764, 13.9, -1.));
#12490 = CARTESIAN_POINT('', (86.7236, 27.9, -1.));
#12491 = CARTESIAN_POINT('', (95.3764, 27.9, -1.));
#12492 = CARTESIAN_POINT('', (86.7236, 27.9, 13.));
#12493 = CARTESIAN_POINT('', (95.3764, 27.9, 13.));
#12494 = CARTESIAN_POINT('', (86.7236, 27.9, 27.));
#12495 = CARTESIAN_POINT('', (95.3764, 27.9, 27.));
#12496 = CARTESIAN_POINT('', (86.7236, 13.9, 27.));
#12497 = CARTESIAN_POINT('', (95.3764, 13.9, 27.));
#12498 = ADVANCED_FACE('', (#12499), #12506, .F.);
#12499 = FACE_OUTER_BOUND('', #12500, .F.);
#12500 = EDGE_LOOP('', (#12501, #12502, #12503, #12504, #12505));
#12501 = ORIENTED_EDGE('', *, *, #301, .F.);
#12502 = ORIENTED_EDGE('', *, *, #12416, .F.);
#12503 = ORIENTED_EDGE('', *, *, #718, .F.);
#12504 = ORIENTED_EDGE('', *, *, #1031, .T.);
#12505 = ORIENTED_EDGE('', *, *, #12403, .F.);
#12506 = B_SPLINE_SURFACE_WITH_KNOTS('', 1, 1, ((#12507, #12508), (#12509, #12510)), .UNSPECIFIED., .F., .F., .U., (2, 2), (2, 2), (0., 1.), (0., 1.), .UNSPECIFIED.);
#12507 = CARTESIAN_POINT('', (88.6, 2.1, 2.1));
#12508 = CARTESIAN_POINT('', (88.6, 2.1, 33.5));
#12509 = CARTESIAN_POINT('', (88.6, 37.4, 2.1));
#12510 = CARTESIAN_POINT('', (88.6, 37.4, 33.5));
#12511 = ADVANCED_FACE('', (#12512), #12517, .F.);
#12512 = FACE_OUTER_BOUND('', #12513, .F.);
#12513 = EDGE_LOOP('', (#12514, #12515, #12516));
#12514 = ORIENTED_EDGE('', *, *, #271, .F.);
#12515 = ORIENTED_EDGE('', *, *, #972, .F.);
#12516 = ORIENTED_EDGE('', *, *, #943, .T.);
#12517 = B_SPLINE_SURFACE_WITH_KNOTS('', 1, 1, ((#12518, #12519), (#12520, #12521)), .UNSPECIFIED., .F., .F., .U., (2, 2), (2, 2), (0., 1.), (0., 1.), .UNSPECIFIED.);
#12518 = CARTESIAN_POINT('', (88.6, 2.1, 2.1));
#12519 = CARTESIAN_POINT('', (88.6, 2.1, 33.5));
#12520 = CARTESIAN_POINT('', (88.6, 37.4, 2.1));
#12521 = CARTESIAN_POINT('', (88.6, 37.4, 33.5));
#12522 = ADVANCED_FACE('', (#12523), #12539, .F.);
#12523 = FACE_OUTER_BOUND('', #12524, .F.);
#12524 = EDGE_LOOP('', (#12525, #12526, #12527, #12528, #12529, #12530, #12531, #12532, #12533));
#12525 = ORIENTED_EDGE('', *, *, #101, .F.);
#12526 = ORIENTED_EDGE('', *, *, #852, .T.);
#12527 = ORIENTED_EDGE('', *, *, #813, .F.);
#12528 = ORIENTED_EDGE('', *, *, #834, .F.);
#12529 = ORIENTED_EDGE('', *, *, #764, .F.);
#12530 = ORIENTED_EDGE('', *, *, #860, .T.);
#12531 = ORIENTED_EDGE('', *, *, #348, .T.);
#12532 = ORIENTED_EDGE('', *, *, #12433, .F.);
#12533 = ORIENTED_EDGE('', *, *, #12534, .F.);
#12534 = EDGE_CURVE('', #95, #12425, #12535, .T.);
#12535 = (
   BOUNDED_CURVE ()
   B_SPLINE_CURVE (2, (#12536, #12537, #12538), .UNSPECIFIED., .F., .U.)
   B_SPLINE_CURVE_WITH_KNOTS ((3, 3), (0., 0.262630147678312), .UNSPECIFIED.)
   CURVE ()
   GEOMETRIC_REPRESENTATION_ITEM ()
   RATIONAL_B_SPLINE_CURVE ((1., 0.792966053306217, 0.912172242580106))
   REPRESENTATION_ITEM ('')
);
#12536 = CARTESIAN_POINT('', (88.6, 32.15, 14.25));
#12537 = CARTESIAN_POINT('', (88.6, 28.9948092257667, 14.25));
#12538 = CARTESIAN_POINT('', (88.6, 27.8000130118975, 11.3297789759796));
#12539 = B_SPLINE_SURFACE_WITH_KNOTS('', 1, 1, ((#12540, #12541), (#12542, #12543)), .UNSPECIFIED., .F., .F., .U., (2, 2), (2, 2), (0., 1.), (0., 1.), .UNSPECIFIED.);
#12540 = CARTESIAN_POINT('', (88.6, 2.1, 2.1));
#12541 = CARTESIAN_POINT('', (88.6, 2.1, 33.5));
#12542 = CARTESIAN_POINT('', (88.6, 37.4, 2.1));
#12543 = CARTESIAN_POINT('', (88.6, 37.4, 33.5));
#12544 = ADVANCED_FACE('', (#12545), #12581, .F.);
#12545 = FACE_OUTER_BOUND('', #12546, .F.);
#12546 = EDGE_LOOP('', (#12547, #12561, #12568, #12580));
#12547 = ORIENTED_EDGE('', *, *, #12548, .F.);
#12548 = EDGE_CURVE('', #12549, #12549, #12551, .T.);
#12549 = VERTEX_POINT('', #12550);
#12550 = CARTESIAN_POINT('', (92.5, 32.15, 12.85));
#12551 = (
   BOUNDED_CURVE ()
   B_SPLINE_CURVE (2, (#12552, #12553, #12554, #12555, #12556, #12557, #12558, #12559, #12560), .UNSPECIFIED., .T., .U.)
   B_SPLINE_CURVE_WITH_KNOTS ((3, 2, 2, 2, 3), (0., 0.25, 0.5, 0.75, 1.), .UNSPECIFIED.)
   CURVE ()
   GEOMETRIC_REPRESENTATION_ITEM ()
   RATIONAL_B_SPLINE_CURVE ((1., 0.707106781186548, 1., 0.707106781186548, 1., 0.707106781186548, 1., 0.707106781186548, 1.))
   REPRESENTATION_ITEM ('')
);
#12552 = CARTESIAN_POINT('', (92.5, 32.15, 12.85));
#12553 = CARTESIAN_POINT('', (92.5, 28.85, 12.85));
#12554 = CARTESIAN_POINT('', (92.5, 28.85, 9.55));
#12555 = CARTESIAN_POINT('', (92.5, 28.85, 6.25));
#12556 = CARTESIAN_POINT('', (92.5, 32.15, 6.25));
#12557 = CARTESIAN_POINT('', (92.5, 35.45, 6.25));
#12558 = CARTESIAN_POINT('', (92.5, 35.45, 9.55));
#12559 = CARTESIAN_POINT('', (92.5, 35.45, 12.85));
#12560 = CARTESIAN_POINT('', (92.5, 32.15, 12.85));
#12561 = ORIENTED_EDGE('', *, *, #12562, .F.);
#12562 = EDGE_CURVE('', #12563, #12549, #12565, .T.);
#12563 = VERTEX_POINT('', #12564);
#12564 = CARTESIAN_POINT('', (90.3, 32.15, 12.85));
#12565 = B_SPLINE_CURVE_WITH_KNOTS('', 1, (#12566, #12567), .UNSPECIFIED., .F., .U., (2, 2), (0., 2.2), .UNSPECIFIED.);
#12566 = CARTESIAN_POINT('', (90.3, 32.15, 12.85));
#12567 = CARTESIAN_POINT('', (92.5, 32.15, 12.85));
#12568 = ORIENTED_EDGE('', *, *, #12569, .T.);
#12569 = EDGE_CURVE('', #12563, #12563, #12570, .T.);
#12570 = (
   BOUNDED_CURVE ()
   B_SPLINE_CURVE (2, (#12571, #12572, #12573, #12574, #12575, #12576, #12577, #12578, #12579), .UNSPECIFIED., .T., .U.)
   B_SPLINE_CURVE_WITH_KNOTS ((3, 2, 2, 2, 3), (0., 0.25, 0.5, 0.75, 1.), .UNSPECIFIED.)
   CURVE ()
   GEOMETRIC_REPRESENTATION_ITEM ()
   RATIONAL_B_SPLINE_CURVE ((1., 0.707106781186548, 1., 0.707106781186548, 1., 0.707106781186548, 1., 0.707106781186548, 1.))
   REPRESENTATION_ITEM ('')
);
#12571 = CARTESIAN_POINT('', (90.3, 32.15, 12.85));
#12572 = CARTESIAN_POINT('', (90.3, 28.85, 12.85));
#12573 = CARTESIAN_POINT('', (90.3, 28.85, 9.55));
#12574 = CARTESIAN_POINT('', (90.3, 28.85, 6.25));
#12575 = CARTESIAN_POINT('', (90.3, 32.15, 6.25));
#12576 = CARTESIAN_POINT('', (90.3, 35.45, 6.25));
#12577 = CARTESIAN_POINT('', (90.3, 35.45, 9.55));
#12578 = CARTESIAN_POINT('', (90.3, 35.45, 12.85));
#12579 = CARTESIAN_POINT('', (90.3, 32.15, 12.85));
#12580 = ORIENTED_EDGE('', *, *, #12562, .T.);
#12581 = (
   BOUNDED_SURFACE ()
   B_SPLINE_SURFACE (2, 1, ((#12582, #12583), (#12584, #12585), (#12586, #12587), (#12588, #12589), (#12590, #12591), (#12592, #12593), (#12594, #12595), (#12596, #12597), (#12598, #12599)), .UNSPECIFIED., .T., .F., .U.)
   B_SPLINE_SURFACE_WITH_KNOTS ((3, 2, 2, 2, 3), (2, 2), (0., 5.18362787842316, 10.3672557568463, 15.5508836352695, 20.7345115136926), (0., 2.3), .UNSPECIFIED.)
   GEOMETRIC_REPRESENTATION_ITEM ()
   RATIONAL_B_SPLINE_SURFACE (((1., 1.), (0.707106781186548, 0.707106781186548), (1., 1.), (0.707106781186548, 0.707106781186548), (1., 1.), (0.707106781186548, 0.707106781186548), (1., 1.), (0.707106781186548, 0.707106781186548), (1., 1.)))
   REPRESENTATION_ITEM ('')
   SURFACE ()
);
#12582 = CARTESIAN_POINT('', (90.3, 32.15, 12.85));
#12583 = CARTESIAN_POINT('', (92.6, 32.15, 12.85));
#12584 = CARTESIAN_POINT('', (90.3, 28.85, 12.85));
#12585 = CARTESIAN_POINT('', (92.6, 28.85, 12.85));
#12586 = CARTESIAN_POINT('', (90.3, 28.85, 9.55));
#12587 = CARTESIAN_POINT('', (92.6, 28.85, 9.55));
#12588 = CARTESIAN_POINT('', (90.3, 28.85, 6.25));
#12589 = CARTESIAN_POINT('', (92.6, 28.85, 6.25));
#12590 = CARTESIAN_POINT('', (90.3, 32.15, 6.25));
#12591 = CARTESIAN_POINT('', (92.6, 32.15, 6.25));
#12592 = CARTESIAN_POINT('', (90.3, 35.45, 6.25));
#12593 = CARTESIAN_POINT('', (92.6, 35.45, 6.25));
#12594 = CARTESIAN_POINT('', (90.3, 35.45, 9.55));
#12595 = CARTESIAN_POINT('', (92.6, 35.45, 9.55));
#12596 = CARTESIAN_POINT('', (90.3, 35.45, 12.85));
#12597 = CARTESIAN_POINT('', (92.6, 35.45, 12.85));
#12598 = CARTESIAN_POINT('', (90.3, 32.15, 12.85));
#12599 = CARTESIAN_POINT('', (92.6, 32.15, 12.85));
#12600 = ADVANCED_FACE('', (#12601, #12604), #12607, .F.);
#12601 = FACE_OUTER_BOUND('', #12602, .F.);
#12602 = EDGE_LOOP('', (#12603));
#12603 = ORIENTED_EDGE('', *, *, #12569, .F.);
#12604 = FACE_BOUND('', #12605, .F.);
#12605 = EDGE_LOOP('', (#12606));
#12606 = ORIENTED_EDGE('', *, *, #193, .T.);
#12607 = B_SPLINE_SURFACE_WITH_KNOTS('', 1, 1, ((#12608, #12609), (#12610, #12611)), .UNSPECIFIED., .F., .F., .U., (2, 2), (2, 2), (0., 1.), (0., 1.), .UNSPECIFIED.);
#12608 = CARTESIAN_POINT('', (90.3000000000001, 27.0164047685857, 4.41640476858567));
#12609 = CARTESIAN_POINT('', (90.3, 37.2835952314143, 4.41640476858567));
#12610 = CARTESIAN_POINT('', (90.3000000000001, 27.0164047685857, 14.6835952314143));
#12611 = CARTESIAN_POINT('', (90.3, 37.2835952314143, 14.6835952314143));
#12612 = ADVANCED_FACE('', (#12613, #12625, #12628, #12644, #12660, #12676), #12692, .T.);
#12613 = FACE_OUTER_BOUND('', #12614, .T.);
#12614 = EDGE_LOOP('', (#12615, #12616, #12617, #12618, #12619, #12620, #12621, #12622, #12623, #12624));
#12615 = ORIENTED_EDGE('', *, *, #12452, .F.);
#12616 = ORIENTED_EDGE('', *, *, #12462, .F.);
#12617 = ORIENTED_EDGE('', *, *, #11115, .T.);
#12618 = ORIENTED_EDGE('', *, *, #6882, .F.);
#12619 = ORIENTED_EDGE('', *, *, #6001, .T.);
#12620 = ORIENTED_EDGE('', *, *, #7055, .F.);
#12621 = ORIENTED_EDGE('', *, *, #8022, .T.);
#12622 = ORIENTED_EDGE('', *, *, #8001, .T.);
#12623 = ORIENTED_EDGE('', *, *, #362, .T.);
#12624 = ORIENTED_EDGE('', *, *, #12442, .F.);
#12625 = FACE_BOUND('', #12626, .T.);
#12626 = EDGE_LOOP('', (#12627));
#12627 = ORIENTED_EDGE('', *, *, #12548, .F.);
#12628 = FACE_BOUND('', #12629, .T.);
#12629 = EDGE_LOOP('', (#12630));
#12630 = ORIENTED_EDGE('', *, *, #12631, .F.);
#12631 = EDGE_CURVE('', #12632, #12632, #12634, .T.);
#12632 = VERTEX_POINT('', #12633);
#12633 = CARTESIAN_POINT('', (92.5, -3.5, 4.85));
#12634 = (
   BOUNDED_CURVE ()
   B_SPLINE_CURVE (2, (#12635, #12636, #12637, #12638, #12639, #12640, #12641, #12642, #12643), .UNSPECIFIED., .T., .U.)
   B_SPLINE_CURVE_WITH_KNOTS ((3, 2, 2, 2, 3), (0., 0.25, 0.5, 0.75, 1.), .UNSPECIFIED.)
   CURVE ()
   GEOMETRIC_REPRESENTATION_ITEM ()
   RATIONAL_B_SPLINE_CURVE ((1., 0.707106781186548, 1., 0.707106781186548, 1., 0.707106781186548, 1., 0.707106781186548, 1.))
   REPRESENTATION_ITEM ('')
);
#12635 = CARTESIAN_POINT('', (92.5, -3.5, 4.85));
#12636 = CARTESIAN_POINT('', (92.5, -4.35, 4.85));
#12637 = CARTESIAN_POINT('', (92.5, -4.35, 4.));
#12638 = CARTESIAN_POINT('', (92.5, -4.35, 3.15));
#12639 = CARTESIAN_POINT('', (92.5, -3.5, 3.15));
#12640 = CARTESIAN_POINT('', (92.5, -2.65, 3.15));
#12641 = CARTESIAN_POINT('', (92.5, -2.65, 4.));
#12642 = CARTESIAN_POINT('', (92.5, -2.65, 4.85));
#12643 = CARTESIAN_POINT('', (92.5, -3.5, 4.85));
#12644 = FACE_BOUND('', #12645, .T.);
#12645 = EDGE_LOOP('', (#12646));
#12646 = ORIENTED_EDGE('', *, *, #12647, .F.);
#12647 = EDGE_CURVE('', #12648, #12648, #12650, .T.);
#12648 = VERTEX_POINT('', #12649);
#12649 = CARTESIAN_POINT('', (92.5, -3.5, 20.85));
#12650 = (
   BOUNDED_CURVE ()
   B_SPLINE_CURVE (2, (#12651, #12652, #12653, #12654, #12655, #12656, #12657, #12658, #12659), .UNSPECIFIED., .T., .U.)
   B_SPLINE_CURVE_WITH_KNOTS ((3, 2, 2, 2, 3), (0., 0.25, 0.5, 0.75, 1.), .UNSPECIFIED.)
   CURVE ()
   GEOMETRIC_REPRESENTATION_ITEM ()
   RATIONAL_B_SPLINE_CURVE ((1., 0.707106781186548, 1., 0.707106781186548, 1., 0.707106781186548, 1., 0.707106781186548, 1.))
   REPRESENTATION_ITEM ('')
);
#12651 = CARTESIAN_POINT('', (92.5, -3.5, 20.85));
#12652 = CARTESIAN_POINT('', (92.5, -4.35, 20.85));
#12653 = CARTESIAN_POINT('', (92.5, -4.35, 20.));
#12654 = CARTESIAN_POINT('', (92.5, -4.35, 19.15));
#12655 = CARTESIAN_POINT('', (92.5, -3.5, 19.15));
#12656 = CARTESIAN_POINT('', (92.5, -2.65, 19.15));
#12657 = CARTESIAN_POINT('', (92.5, -2.65, 20.));
#12658 = CARTESIAN_POINT('', (92.5, -2.65, 20.85));
#12659 = CARTESIAN_POINT('', (92.5, -3.5, 20.85));
#12660 = FACE_BOUND('', #12661, .T.);
#12661 = EDGE_LOOP('', (#12662));
#12662 = ORIENTED_EDGE('', *, *, #12663, .F.);
#12663 = EDGE_CURVE('', #12664, #12664, #12666, .T.);
#12664 = VERTEX_POINT('', #12665);
#12665 = CARTESIAN_POINT('', (92.5, 37.8, 4.05));
#12666 = (
   BOUNDED_CURVE ()
   B_SPLINE_CURVE (2, (#12667, #12668, #12669, #12670, #12671, #12672, #12673, #12674, #12675), .UNSPECIFIED., .T., .U.)
   B_SPLINE_CURVE_WITH_KNOTS ((3, 2, 2, 2, 3), (0., 0.25, 0.5, 0.75, 1.), .UNSPECIFIED.)
   CURVE ()
   GEOMETRIC_REPRESENTATION_ITEM ()
   RATIONAL_B_SPLINE_CURVE ((1., 0.707106781186548, 1., 0.707106781186548, 1., 0.707106781186548, 1., 0.707106781186548, 1.))
   REPRESENTATION_ITEM ('')
);
#12667 = CARTESIAN_POINT('', (92.5, 37.8, 4.05));
#12668 = CARTESIAN_POINT('', (92.5, 36.95, 4.05));
#12669 = CARTESIAN_POINT('', (92.5, 36.95, 3.2));
#12670 = CARTESIAN_POINT('', (92.5, 36.95, 2.35));
#12671 = CARTESIAN_POINT('', (92.5, 37.8, 2.35));
#12672 = CARTESIAN_POINT('', (92.5, 38.65, 2.35));
#12673 = CARTESIAN_POINT('', (92.5, 38.65, 3.2));
#12674 = CARTESIAN_POINT('', (92.5, 38.65, 4.05));
#12675 = CARTESIAN_POINT('', (92.5, 37.8, 4.05));
#12676 = FACE_BOUND('', #12677, .T.);
#12677 = EDGE_LOOP('', (#12678));
#12678 = ORIENTED_EDGE('', *, *, #12679, .F.);
#12679 = EDGE_CURVE('', #12680, #12680, #12682, .T.);
#12680 = VERTEX_POINT('', #12681);
#12681 = CARTESIAN_POINT('', (92.5, 34.5, 20.85));
#12682 = (
   BOUNDED_CURVE ()
   B_SPLINE_CURVE (2, (#12683, #12684, #12685, #12686, #12687, #12688, #12689, #12690, #12691), .UNSPECIFIED., .T., .U.)
   B_SPLINE_CURVE_WITH_KNOTS ((3, 2, 2, 2, 3), (0., 0.25, 0.5, 0.75, 1.), .UNSPECIFIED.)
   CURVE ()
   GEOMETRIC_REPRESENTATION_ITEM ()
   RATIONAL_B_SPLINE_CURVE ((1., 0.707106781186548, 1., 0.707106781186548, 1., 0.707106781186548, 1., 0.707106781186548, 1.))
   REPRESENTATION_ITEM ('')
);
#12683 = CARTESIAN_POINT('', (92.5, 34.5, 20.85));
#12684 = CARTESIAN_POINT('', (92.5, 33.65, 20.85));
#12685 = CARTESIAN_POINT('', (92.5, 33.65, 20.));
#12686 = CARTESIAN_POINT('', (92.5, 33.65, 19.15));
#12687 = CARTESIAN_POINT('', (92.5, 34.5, 19.15));
#12688 = CARTESIAN_POINT('', (92.5, 35.35, 19.15));
#12689 = CARTESIAN_POINT('', (92.5, 35.35, 20.));
#12690 = CARTESIAN_POINT('', (92.5, 35.35, 20.85));
#12691 = CARTESIAN_POINT('', (92.5, 34.5, 20.85));
#12692 = B_SPLINE_SURFACE_WITH_KNOTS('', 1, 1, ((#12693, #12694), (#12695, #12696)), .UNSPECIFIED., .F., .F., .U., (2, 2), (2, 2), (-3.27433628318584, 1.15044247787611), (0.20875, 4.56625), .UNSPECIFIED.);
#12693 = CARTESIAN_POINT('', (92.5, -7., 0.37));
#12694 = CARTESIAN_POINT('', (92.5, -7., 35.23));
#12695 = CARTESIAN_POINT('', (92.5, 43., 0.37));
#12696 = CARTESIAN_POINT('', (92.5, 43., 35.23));
#12697 = ADVANCED_FACE('', (#12698), #12714, .T.);
#12698 = FACE_OUTER_BOUND('', #12699, .T.);
#12699 = EDGE_LOOP('', (#12700, #12707, #12708, #12709));
#12700 = ORIENTED_EDGE('', *, *, #12701, .F.);
#12701 = EDGE_CURVE('', #6846, #12702, #12704, .T.);
#12702 = VERTEX_POINT('', #12703);
#12703 = CARTESIAN_POINT('', (88.5, 6., 1.55));
#12704 = B_SPLINE_CURVE_WITH_KNOTS('', 1, (#12705, #12706), .UNSPECIFIED., .F., .U., (2, 2), (0.948033846621779, 1.), .UNSPECIFIED.);
#12705 = CARTESIAN_POINT('', (88.5, 5.84410153986534, 1.55));
#12706 = CARTESIAN_POINT('', (88.5, 6., 1.55));
#12707 = ORIENTED_EDGE('', *, *, #6853, .F.);
#12708 = ORIENTED_EDGE('', *, *, #6957, .F.);
#12709 = ORIENTED_EDGE('', *, *, #12710, .F.);
#12710 = EDGE_CURVE('', #12702, #6951, #12711, .T.);
#12711 = B_SPLINE_CURVE_WITH_KNOTS('', 1, (#12712, #12713), .UNSPECIFIED., .F., .U., (2, 2), (0.249999999999996, 1.), .UNSPECIFIED.);
#12712 = CARTESIAN_POINT('', (88.5, 6., 1.55));
#12713 = CARTESIAN_POINT('', (87.3, 6., 1.55));
#12714 = B_SPLINE_SURFACE_WITH_KNOTS('', 1, 1, ((#12715, #12716), (#12717, #12718)), .UNSPECIFIED., .F., .F., .U., (2, 2), (2, 2), (0., 1.), (0., 1.), .UNSPECIFIED.);
#12715 = CARTESIAN_POINT('', (89.97, 2.63, 1.55));
#12716 = CARTESIAN_POINT('', (89.97, 6.37, 1.55));
#12717 = CARTESIAN_POINT('', (86.23, 2.63, 1.55));
#12718 = CARTESIAN_POINT('', (86.23, 6.37, 1.55));
#12719 = ADVANCED_FACE('', (#12720), #12730, .T.);
#12720 = FACE_OUTER_BOUND('', #12721, .T.);
#12721 = EDGE_LOOP('', (#12722, #12727, #12728, #12729));
#12722 = ORIENTED_EDGE('', *, *, #12723, .F.);
#12723 = EDGE_CURVE('', #12702, #6974, #12724, .T.);
#12724 = B_SPLINE_CURVE_WITH_KNOTS('', 1, (#12725, #12726), .UNSPECIFIED., .F., .U., (2, 2), (0., 1.), .UNSPECIFIED.);
#12725 = CARTESIAN_POINT('', (88.5, 6., 1.55));
#12726 = CARTESIAN_POINT('', (88.5, 6., 8.05));
#12727 = ORIENTED_EDGE('', *, *, #12710, .T.);
#12728 = ORIENTED_EDGE('', *, *, #6950, .T.);
#12729 = ORIENTED_EDGE('', *, *, #6980, .F.);
#12730 = B_SPLINE_SURFACE_WITH_KNOTS('', 1, 1, ((#12731, #12732), (#12733, #12734)), .UNSPECIFIED., .F., .F., .U., (2, 2), (2, 2), (0., 1.), (0., 1.), .UNSPECIFIED.);
#12731 = CARTESIAN_POINT('', (88.9, 6., 1.55));
#12732 = CARTESIAN_POINT('', (88.9, 6., 8.05));
#12733 = CARTESIAN_POINT('', (87.3, 6., 1.55));
#12734 = CARTESIAN_POINT('', (87.3, 6., 8.05));
#12735 = ADVANCED_FACE('', (#12736), #12742, .T.);
#12736 = FACE_OUTER_BOUND('', #12737, .T.);
#12737 = EDGE_LOOP('', (#12738, #12739, #12740, #12741));
#12738 = ORIENTED_EDGE('', *, *, #12424, .F.);
#12739 = ORIENTED_EDGE('', *, *, #12534, .F.);
#12740 = ORIENTED_EDGE('', *, *, #94, .F.);
#12741 = ORIENTED_EDGE('', *, *, #139, .T.);
#12742 = (
   BOUNDED_SURFACE ()
   B_SPLINE_SURFACE (2, 1, ((#12743, #12744), (#12745, #12746), (#12747, #12748), (#12749, #12750), (#12751, #12752), (#12753, #12754), (#12755, #12756), (#12757, #12758), (#12759, #12760)), .UNSPECIFIED., .T., .F., .U.)
   B_SPLINE_SURFACE_WITH_KNOTS ((3, 2, 2, 2, 3), (2, 2), (0., 7.38274273593601, 14.765485471872, 22.148228207808, 29.530970943744), (0., 5.2), .UNSPECIFIED.)
   GEOMETRIC_REPRESENTATION_ITEM ()
   RATIONAL_B_SPLINE_SURFACE (((1., 1.), (0.707106781186548, 0.707106781186548), (1., 1.), (0.707106781186548, 0.707106781186548), (1., 1.), (0.707106781186548, 0.707106781186548), (1., 1.), (0.707106781186548, 0.707106781186548), (1., 1.)))
   REPRESENTATION_ITEM ('')
   SURFACE ()
);
#12743 = CARTESIAN_POINT('', (87.3, 32.15, 14.25));
#12744 = CARTESIAN_POINT('', (92.5, 32.15, 14.25));
#12745 = CARTESIAN_POINT('', (87.3, 27.45, 14.25));
#12746 = CARTESIAN_POINT('', (92.5, 27.45, 14.25));
#12747 = CARTESIAN_POINT('', (87.3, 27.45, 9.55));
#12748 = CARTESIAN_POINT('', (92.5, 27.45, 9.55));
#12749 = CARTESIAN_POINT('', (87.3, 27.45, 4.85));
#12750 = CARTESIAN_POINT('', (92.5, 27.45, 4.85));
#12751 = CARTESIAN_POINT('', (87.3, 32.15, 4.85));
#12752 = CARTESIAN_POINT('', (92.5, 32.15, 4.85));
#12753 = CARTESIAN_POINT('', (87.3, 36.85, 4.85));
#12754 = CARTESIAN_POINT('', (92.5, 36.85, 4.85));
#12755 = CARTESIAN_POINT('', (87.3, 36.85, 9.55));
#12756 = CARTESIAN_POINT('', (92.5, 36.85, 9.55));
#12757 = CARTESIAN_POINT('', (87.3, 36.85, 14.25));
#12758 = CARTESIAN_POINT('', (92.5, 36.85, 14.25));
#12759 = CARTESIAN_POINT('', (87.3, 32.15, 14.25));
#12760 = CARTESIAN_POINT('', (92.5, 32.15, 14.25));
#12761 = ADVANCED_FACE('', (#12762), #12769, .T.);
#12762 = FACE_OUTER_BOUND('', #12763, .T.);
#12763 = EDGE_LOOP('', (#12764, #12765, #12766, #12767, #12768));
#12764 = ORIENTED_EDGE('', *, *, #6843, .T.);
#12765 = ORIENTED_EDGE('', *, *, #12701, .T.);
#12766 = ORIENTED_EDGE('', *, *, #12723, .T.);
#12767 = ORIENTED_EDGE('', *, *, #6971, .F.);
#12768 = ORIENTED_EDGE('', *, *, #7003, .F.);
#12769 = B_SPLINE_SURFACE_WITH_KNOTS('', 1, 1, ((#12770, #12771), (#12772, #12773)), .UNSPECIFIED., .F., .F., .U., (2, 2), (2, 2), (0., 1.), (0., 1.), .UNSPECIFIED.);
#12770 = CARTESIAN_POINT('', (88.5, 3., 1.55));
#12771 = CARTESIAN_POINT('', (88.5, 3., 8.05));
#12772 = CARTESIAN_POINT('', (88.5, 6., 1.55));
#12773 = CARTESIAN_POINT('', (88.5, 6., 8.05));
#12774 = ADVANCED_FACE('', (#12775), #12782, .T.);
#12775 = FACE_OUTER_BOUND('', #12776, .T.);
#12776 = EDGE_LOOP('', (#12777, #12778, #12779, #12780, #12781));
#12777 = ORIENTED_EDGE('', *, *, #12473, .T.);
#12778 = ORIENTED_EDGE('', *, *, #704, .F.);
#12779 = ORIENTED_EDGE('', *, *, #673, .F.);
#12780 = ORIENTED_EDGE('', *, *, #651, .F.);
#12781 = ORIENTED_EDGE('', *, *, #623, .F.);
#12782 = B_SPLINE_SURFACE_WITH_KNOTS('', 1, 1, ((#12783, #12784), (#12785, #12786)), .UNSPECIFIED., .F., .F., .U., (2, 2), (2, 2), (0., 1.), (0., 1.), .UNSPECIFIED.);
#12783 = CARTESIAN_POINT('', (88.5, 21.5, 1.55));
#12784 = CARTESIAN_POINT('', (88.5, 21.5, 8.05));
#12785 = CARTESIAN_POINT('', (88.5, 24.5, 1.55));
#12786 = CARTESIAN_POINT('', (88.5, 24.5, 8.05));
#12787 = ADVANCED_FACE('', (#12788), #12811, .F.);
#12788 = FACE_OUTER_BOUND('', #12789, .F.);
#12789 = EDGE_LOOP('', (#12790, #12804, #12809, #12810));
#12790 = ORIENTED_EDGE('', *, *, #12791, .F.);
#12791 = EDGE_CURVE('', #12792, #12792, #12794, .T.);
#12792 = VERTEX_POINT('', #12793);
#12793 = CARTESIAN_POINT('', (30.65, 3.1, 19.7));
#12794 = (
   BOUNDED_CURVE ()
   B_SPLINE_CURVE (2, (#12795, #12796, #12797, #12798, #12799, #12800, #12801, #12802, #12803), .UNSPECIFIED., .T., .U.)
   B_SPLINE_CURVE_WITH_KNOTS ((3, 2, 2, 2, 3), (0., 0.25, 0.5, 0.75, 1.), .UNSPECIFIED.)
   CURVE ()
   GEOMETRIC_REPRESENTATION_ITEM ()
   RATIONAL_B_SPLINE_CURVE ((1., 0.707106781186548, 1., 0.707106781186548, 1., 0.707106781186548, 1., 0.707106781186548, 1.))
   REPRESENTATION_ITEM ('')
);
#12795 = CARTESIAN_POINT('', (30.65, 3.1, 19.7));
#12796 = CARTESIAN_POINT('', (30.65, 4.25, 19.7));
#12797 = CARTESIAN_POINT('', (29.5, 4.25, 19.7));
#12798 = CARTESIAN_POINT('', (28.35, 4.25, 19.7));
#12799 = CARTESIAN_POINT('', (28.35, 3.1, 19.7));
#12800 = CARTESIAN_POINT('', (28.35, 1.95, 19.7));
#12801 = CARTESIAN_POINT('', (29.5, 1.95, 19.7));
#12802 = CARTESIAN_POINT('', (30.65, 1.95, 19.7));
#12803 = CARTESIAN_POINT('', (30.65, 3.1, 19.7));
#12804 = ORIENTED_EDGE('', *, *, #12805, .F.);
#12805 = EDGE_CURVE('', #30, #12792, #12806, .T.);
#12806 = B_SPLINE_CURVE_WITH_KNOTS('', 1, (#12807, #12808), .UNSPECIFIED., .F., .U., (2, 2), (0., 1.9), .UNSPECIFIED.);
#12807 = CARTESIAN_POINT('', (30.65, 3.1, 17.8));
#12808 = CARTESIAN_POINT('', (30.65, 3.1, 19.7));
#12809 = ORIENTED_EDGE('', *, *, #29, .T.);
#12810 = ORIENTED_EDGE('', *, *, #12805, .T.);
#12811 = (
   BOUNDED_SURFACE ()
   B_SPLINE_SURFACE (2, 1, ((#12812, #12813), (#12814, #12815), (#12816, #12817), (#12818, #12819), (#12820, #12821), (#12822, #12823), (#12824, #12825), (#12826, #12827), (#12828, #12829)), .UNSPECIFIED., .T., .F., .U.)
   B_SPLINE_SURFACE_WITH_KNOTS ((3, 2, 2, 2, 3), (2, 2), (0., 1.80641577581413, 3.61283155162826, 5.41924732744239, 7.22566310325652), (0., 6.15), .UNSPECIFIED.)
   GEOMETRIC_REPRESENTATION_ITEM ()
   RATIONAL_B_SPLINE_SURFACE (((1., 1.), (0.707106781186548, 0.707106781186548), (1., 1.), (0.707106781186548, 0.707106781186548), (1., 1.), (0.707106781186548, 0.707106781186548), (1., 1.), (0.707106781186548, 0.707106781186548), (1., 1.)))
   REPRESENTATION_ITEM ('')
   SURFACE ()
);
#12812 = CARTESIAN_POINT('', (30.65, 3.1, 17.8));
#12813 = CARTESIAN_POINT('', (30.65, 3.1, 23.95));
#12814 = CARTESIAN_POINT('', (30.65, 4.25, 17.8));
#12815 = CARTESIAN_POINT('', (30.65, 4.25, 23.95));
#12816 = CARTESIAN_POINT('', (29.5, 4.25, 17.8));
#12817 = CARTESIAN_POINT('', (29.5, 4.25, 23.95));
#12818 = CARTESIAN_POINT('', (28.35, 4.25, 17.8));
#12819 = CARTESIAN_POINT('', (28.35, 4.25, 23.95));
#12820 = CARTESIAN_POINT('', (28.35, 3.1, 17.8));
#12821 = CARTESIAN_POINT('', (28.35, 3.1, 23.95));
#12822 = CARTESIAN_POINT('', (28.35, 1.95, 17.8));
#12823 = CARTESIAN_POINT('', (28.35, 1.95, 23.95));
#12824 = CARTESIAN_POINT('', (29.5, 1.95, 17.8));
#12825 = CARTESIAN_POINT('', (29.5, 1.95, 23.95));
#12826 = CARTESIAN_POINT('', (30.65, 1.95, 17.8));
#12827 = CARTESIAN_POINT('', (30.65, 1.95, 23.95));
#12828 = CARTESIAN_POINT('', (30.65, 3.1, 17.8));
#12829 = CARTESIAN_POINT('', (30.65, 3.1, 23.95));
#12830 = ADVANCED_FACE('', (#12831), #12854, .F.);
#12831 = FACE_OUTER_BOUND('', #12832, .F.);
#12832 = EDGE_LOOP('', (#12833, #12834, #12841, #12853));
#12833 = ORIENTED_EDGE('', *, *, #6037, .F.);
#12834 = ORIENTED_EDGE('', *, *, #12835, .F.);
#12835 = EDGE_CURVE('', #12836, #6038, #12838, .T.);
#12836 = VERTEX_POINT('', #12837);
#12837 = CARTESIAN_POINT('', (30.95, 3.1, 19.7));
#12838 = B_SPLINE_CURVE_WITH_KNOTS('', 1, (#12839, #12840), .UNSPECIFIED., .F., .U., (2, 2), (0., 4.1), .UNSPECIFIED.);
#12839 = CARTESIAN_POINT('', (30.95, 3.1, 19.7));
#12840 = CARTESIAN_POINT('', (30.95, 3.1, 23.8));
#12841 = ORIENTED_EDGE('', *, *, #12842, .T.);
#12842 = EDGE_CURVE('', #12836, #12836, #12843, .T.);
#12843 = (
   BOUNDED_CURVE ()
   B_SPLINE_CURVE (2, (#12844, #12845, #12846, #12847, #12848, #12849, #12850, #12851, #12852), .UNSPECIFIED., .T., .U.)
   B_SPLINE_CURVE_WITH_KNOTS ((3, 2, 2, 2, 3), (0., 0.25, 0.5, 0.75, 1.), .UNSPECIFIED.)
   CURVE ()
   GEOMETRIC_REPRESENTATION_ITEM ()
   RATIONAL_B_SPLINE_CURVE ((1., 0.707106781186548, 1., 0.707106781186548, 1., 0.707106781186548, 1., 0.707106781186548, 1.))
   REPRESENTATION_ITEM ('')
);
#12844 = CARTESIAN_POINT('', (30.95, 3.1, 19.7));
#12845 = CARTESIAN_POINT('', (30.95, 4.55, 19.7));
#12846 = CARTESIAN_POINT('', (29.5, 4.55, 19.7));
#12847 = CARTESIAN_POINT('', (28.05, 4.55, 19.7));
#12848 = CARTESIAN_POINT('', (28.05, 3.1, 19.7));
#12849 = CARTESIAN_POINT('', (28.05, 1.65, 19.7));
#12850 = CARTESIAN_POINT('', (29.5, 1.65, 19.7));
#12851 = CARTESIAN_POINT('', (30.95, 1.65, 19.7));
#12852 = CARTESIAN_POINT('', (30.95, 3.1, 19.7));
#12853 = ORIENTED_EDGE('', *, *, #12835, .T.);
#12854 = (
   BOUNDED_SURFACE ()
   B_SPLINE_SURFACE (2, 1, ((#12855, #12856), (#12857, #12858), (#12859, #12860), (#12861, #12862), (#12863, #12864), (#12865, #12866), (#12867, #12868), (#12869, #12870), (#12871, #12872)), .UNSPECIFIED., .T., .F., .U.)
   B_SPLINE_SURFACE_WITH_KNOTS ((3, 2, 2, 2, 3), (2, 2), (0., 2.2776546738526, 4.5553093477052, 6.83296402155779, 9.11061869541039), (0., 4.25), .UNSPECIFIED.)
   GEOMETRIC_REPRESENTATION_ITEM ()
   RATIONAL_B_SPLINE_SURFACE (((1., 1.), (0.707106781186548, 0.707106781186548), (1., 1.), (0.707106781186548, 0.707106781186548), (1., 1.), (0.707106781186548, 0.707106781186548), (1., 1.), (0.707106781186548, 0.707106781186548), (1., 1.)))
   REPRESENTATION_ITEM ('')
   SURFACE ()
);
#12855 = CARTESIAN_POINT('', (30.95, 3.1, 19.7));
#12856 = CARTESIAN_POINT('', (30.95, 3.1, 23.95));
#12857 = CARTESIAN_POINT('', (30.95, 4.55, 19.7));
#12858 = CARTESIAN_POINT('', (30.95, 4.55, 23.95));
#12859 = CARTESIAN_POINT('', (29.5, 4.55, 19.7));
#12860 = CARTESIAN_POINT('', (29.5, 4.55, 23.95));
#12861 = CARTESIAN_POINT('', (28.05, 4.55, 19.7));
#12862 = CARTESIAN_POINT('', (28.05, 4.55, 23.95));
#12863 = CARTESIAN_POINT('', (28.05, 3.1, 19.7));
#12864 = CARTESIAN_POINT('', (28.05, 3.1, 23.95));
#12865 = CARTESIAN_POINT('', (28.05, 1.65, 19.7));
#12866 = CARTESIAN_POINT('', (28.05, 1.65, 23.95));
#12867 = CARTESIAN_POINT('', (29.5, 1.65, 19.7));
#12868 = CARTESIAN_POINT('', (29.5, 1.65, 23.95));
#12869 = CARTESIAN_POINT('', (30.95, 1.65, 19.7));
#12870 = CARTESIAN_POINT('', (30.95, 1.65, 23.95));
#12871 = CARTESIAN_POINT('', (30.95, 3.1, 19.7));
#12872 = CARTESIAN_POINT('', (30.95, 3.1, 23.95));
#12873 = ADVANCED_FACE('', (#12874, #12877), #12880, .F.);
#12874 = FACE_OUTER_BOUND('', #12875, .F.);
#12875 = EDGE_LOOP('', (#12876));
#12876 = ORIENTED_EDGE('', *, *, #12842, .F.);
#12877 = FACE_BOUND('', #12878, .F.);
#12878 = EDGE_LOOP('', (#12879));
#12879 = ORIENTED_EDGE('', *, *, #12791, .T.);
#12880 = B_SPLINE_SURFACE_WITH_KNOTS('', 1, 1, ((#12881, #12882), (#12883, #12884)), .UNSPECIFIED., .F., .F., .U., (2, 2), (2, 2), (0., 1.), (0., 1.), .UNSPECIFIED.);
#12881 = CARTESIAN_POINT('', (31.7556706319851, 0.844329368014913, 19.7));
#12882 = CARTESIAN_POINT('', (31.7556706319851, 5.35567063198509, 19.7));
#12883 = CARTESIAN_POINT('', (27.2443293680149, 0.844329368014913, 19.7));
#12884 = CARTESIAN_POINT('', (27.2443293680149, 5.35567063198509, 19.7));
#12885 = ADVANCED_FACE('', (#12886), #12909, .F.);
#12886 = FACE_OUTER_BOUND('', #12887, .F.);
#12887 = EDGE_LOOP('', (#12888, #12902, #12907, #12908));
#12888 = ORIENTED_EDGE('', *, *, #12889, .F.);
#12889 = EDGE_CURVE('', #12890, #12890, #12892, .T.);
#12890 = VERTEX_POINT('', #12891);
#12891 = CARTESIAN_POINT('', (30.65, 20.9, 19.7));
#12892 = (
   BOUNDED_CURVE ()
   B_SPLINE_CURVE (2, (#12893, #12894, #12895, #12896, #12897, #12898, #12899, #12900, #12901), .UNSPECIFIED., .T., .U.)
   B_SPLINE_CURVE_WITH_KNOTS ((3, 2, 2, 2, 3), (0., 0.25, 0.5, 0.75, 1.), .UNSPECIFIED.)
   CURVE ()
   GEOMETRIC_REPRESENTATION_ITEM ()
   RATIONAL_B_SPLINE_CURVE ((1., 0.707106781186548, 1., 0.707106781186548, 1., 0.707106781186548, 1., 0.707106781186548, 1.))
   REPRESENTATION_ITEM ('')
);
#12893 = CARTESIAN_POINT('', (30.65, 20.9, 19.7));
#12894 = CARTESIAN_POINT('', (30.65, 22.05, 19.7));
#12895 = CARTESIAN_POINT('', (29.5, 22.05, 19.7));
#12896 = CARTESIAN_POINT('', (28.35, 22.05, 19.7));
#12897 = CARTESIAN_POINT('', (28.35, 20.9, 19.7));
#12898 = CARTESIAN_POINT('', (28.35, 19.75, 19.7));
#12899 = CARTESIAN_POINT('', (29.5, 19.75, 19.7));
#12900 = CARTESIAN_POINT('', (30.65, 19.75, 19.7));
#12901 = CARTESIAN_POINT('', (30.65, 20.9, 19.7));
#12902 = ORIENTED_EDGE('', *, *, #12903, .F.);
#12903 = EDGE_CURVE('', #8, #12890, #12904, .T.);
#12904 = B_SPLINE_CURVE_WITH_KNOTS('', 1, (#12905, #12906), .UNSPECIFIED., .F., .U., (2, 2), (0., 1.9), .UNSPECIFIED.);
#12905 = CARTESIAN_POINT('', (30.65, 20.9, 17.8));
#12906 = CARTESIAN_POINT('', (30.65, 20.9, 19.7));
#12907 = ORIENTED_EDGE('', *, *, #7, .T.);
#12908 = ORIENTED_EDGE('', *, *, #12903, .T.);
#12909 = (
   BOUNDED_SURFACE ()
   B_SPLINE_SURFACE (2, 1, ((#12910, #12911), (#12912, #12913), (#12914, #12915), (#12916, #12917), (#12918, #12919), (#12920, #12921), (#12922, #12923), (#12924, #12925), (#12926, #12927)), .UNSPECIFIED., .T., .F., .U.)
   B_SPLINE_SURFACE_WITH_KNOTS ((3, 2, 2, 2, 3), (2, 2), (0., 1.80641577581413, 3.61283155162826, 5.41924732744239, 7.22566310325652), (0., 6.15), .UNSPECIFIED.)
   GEOMETRIC_REPRESENTATION_ITEM ()
   RATIONAL_B_SPLINE_SURFACE (((1., 1.), (0.707106781186548, 0.707106781186548), (1., 1.), (0.707106781186548, 0.707106781186548), (1., 1.), (0.707106781186548, 0.707106781186548), (1., 1.), (0.707106781186548, 0.707106781186548), (1., 1.)))
   REPRESENTATION_ITEM ('')
   SURFACE ()
);
#12910 = CARTESIAN_POINT('', (30.65, 20.9, 17.8));
#12911 = CARTESIAN_POINT('', (30.65, 20.9, 23.95));
#12912 = CARTESIAN_POINT('', (30.65, 22.05, 17.8));
#12913 = CARTESIAN_POINT('', (30.65, 22.05, 23.95));
#12914 = CARTESIAN_POINT('', (29.5, 22.05, 17.8));
#12915 = CARTESIAN_POINT('', (29.5, 22.05, 23.95));
#12916 = CARTESIAN_POINT('', (28.35, 22.05, 17.8));
#12917 = CARTESIAN_POINT('', (28.35, 22.05, 23.95));
#12918 = CARTESIAN_POINT('', (28.35, 20.9, 17.8));
#12919 = CARTESIAN_POINT('', (28.35, 20.9, 23.95));
#12920 = CARTESIAN_POINT('', (28.35, 19.75, 17.8));
#12921 = CARTESIAN_POINT('', (28.35, 19.75, 23.95));
#12922 = CARTESIAN_POINT('', (29.5, 19.75, 17.8));
#12923 = CARTESIAN_POINT('', (29.5, 19.75, 23.95));
#12924 = CARTESIAN_POINT('', (30.65, 19.75, 17.8));
#12925 = CARTESIAN_POINT('', (30.65, 19.75, 23.95));
#12926 = CARTESIAN_POINT('', (30.65, 20.9, 17.8));
#12927 = CARTESIAN_POINT('', (30.65, 20.9, 23.95));
#12928 = ADVANCED_FACE('', (#12929), #12952, .F.);
#12929 = FACE_OUTER_BOUND('', #12930, .F.);
#12930 = EDGE_LOOP('', (#12931, #12932, #12939, #12951));
#12931 = ORIENTED_EDGE('', *, *, #3810, .F.);
#12932 = ORIENTED_EDGE('', *, *, #12933, .F.);
#12933 = EDGE_CURVE('', #12934, #3811, #12936, .T.);
#12934 = VERTEX_POINT('', #12935);
#12935 = CARTESIAN_POINT('', (30.95, 20.9, 19.7));
#12936 = B_SPLINE_CURVE_WITH_KNOTS('', 1, (#12937, #12938), .UNSPECIFIED., .F., .U., (2, 2), (0., 4.1), .UNSPECIFIED.);
#12937 = CARTESIAN_POINT('', (30.95, 20.9, 19.7));
#12938 = CARTESIAN_POINT('', (30.95, 20.9, 23.8));
#12939 = ORIENTED_EDGE('', *, *, #12940, .T.);
#12940 = EDGE_CURVE('', #12934, #12934, #12941, .T.);
#12941 = (
   BOUNDED_CURVE ()
   B_SPLINE_CURVE (2, (#12942, #12943, #12944, #12945, #12946, #12947, #12948, #12949, #12950), .UNSPECIFIED., .T., .U.)
   B_SPLINE_CURVE_WITH_KNOTS ((3, 2, 2, 2, 3), (0., 0.25, 0.5, 0.75, 1.), .UNSPECIFIED.)
   CURVE ()
   GEOMETRIC_REPRESENTATION_ITEM ()
   RATIONAL_B_SPLINE_CURVE ((1., 0.707106781186548, 1., 0.707106781186548, 1., 0.707106781186548, 1., 0.707106781186548, 1.))
   REPRESENTATION_ITEM ('')
);
#12942 = CARTESIAN_POINT('', (30.95, 20.9, 19.7));
#12943 = CARTESIAN_POINT('', (30.95, 22.35, 19.7));
#12944 = CARTESIAN_POINT('', (29.5, 22.35, 19.7));
#12945 = CARTESIAN_POINT('', (28.05, 22.35, 19.7));
#12946 = CARTESIAN_POINT('', (28.05, 20.9, 19.7));
#12947 = CARTESIAN_POINT('', (28.05, 19.45, 19.7));
#12948 = CARTESIAN_POINT('', (29.5, 19.45, 19.7));
#12949 = CARTESIAN_POINT('', (30.95, 19.45, 19.7));
#12950 = CARTESIAN_POINT('', (30.95, 20.9, 19.7));
#12951 = ORIENTED_EDGE('', *, *, #12933, .T.);
#12952 = (
   BOUNDED_SURFACE ()
   B_SPLINE_SURFACE (2, 1, ((#12953, #12954), (#12955, #12956), (#12957, #12958), (#12959, #12960), (#12961, #12962), (#12963, #12964), (#12965, #12966), (#12967, #12968), (#12969, #12970)), .UNSPECIFIED., .T., .F., .U.)
   B_SPLINE_SURFACE_WITH_KNOTS ((3, 2, 2, 2, 3), (2, 2), (0., 2.2776546738526, 4.5553093477052, 6.8329640215578, 9.1106186954104), (0., 4.25), .UNSPECIFIED.)
   GEOMETRIC_REPRESENTATION_ITEM ()
   RATIONAL_B_SPLINE_SURFACE (((1., 1.), (0.707106781186548, 0.707106781186548), (1., 1.), (0.707106781186548, 0.707106781186548), (1., 1.), (0.707106781186548, 0.707106781186548), (1., 1.), (0.707106781186548, 0.707106781186548), (1., 1.)))
   REPRESENTATION_ITEM ('')
   SURFACE ()
);
#12953 = CARTESIAN_POINT('', (30.95, 20.9, 19.7));
#12954 = CARTESIAN_POINT('', (30.95, 20.9, 23.95));
#12955 = CARTESIAN_POINT('', (30.95, 22.35, 19.7));
#12956 = CARTESIAN_POINT('', (30.95, 22.35, 23.95));
#12957 = CARTESIAN_POINT('', (29.5, 22.35, 19.7));
#12958 = CARTESIAN_POINT('', (29.5, 22.35, 23.95));
#12959 = CARTESIAN_POINT('', (28.05, 22.35, 19.7));
#12960 = CARTESIAN_POINT('', (28.05, 22.35, 23.95));
#12961 = CARTESIAN_POINT('', (28.05, 20.9, 19.7));
#12962 = CARTESIAN_POINT('', (28.05, 20.9, 23.95));
#12963 = CARTESIAN_POINT('', (28.05, 19.45, 19.7));
#12964 = CARTESIAN_POINT('', (28.05, 19.45, 23.95));
#12965 = CARTESIAN_POINT('', (29.5, 19.45, 19.7));
#12966 = CARTESIAN_POINT('', (29.5, 19.45, 23.95));
#12967 = CARTESIAN_POINT('', (30.95, 19.45, 19.7));
#12968 = CARTESIAN_POINT('', (30.95, 19.45, 23.95));
#12969 = CARTESIAN_POINT('', (30.95, 20.9, 19.7));
#12970 = CARTESIAN_POINT('', (30.95, 20.9, 23.95));
#12971 = ADVANCED_FACE('', (#12972, #12975), #12978, .F.);
#12972 = FACE_OUTER_BOUND('', #12973, .F.);
#12973 = EDGE_LOOP('', (#12974));
#12974 = ORIENTED_EDGE('', *, *, #12940, .F.);
#12975 = FACE_BOUND('', #12976, .F.);
#12976 = EDGE_LOOP('', (#12977));
#12977 = ORIENTED_EDGE('', *, *, #12889, .T.);
#12978 = B_SPLINE_SURFACE_WITH_KNOTS('', 1, 1, ((#12979, #12980), (#12981, #12982)), .UNSPECIFIED., .F., .F., .U., (2, 2), (2, 2), (0., 1.), (0., 1.), .UNSPECIFIED.);
#12979 = CARTESIAN_POINT('', (31.7556706319851, 18.6443293680149, 19.7));
#12980 = CARTESIAN_POINT('', (31.7556706319851, 23.1556706319851, 19.7));
#12981 = CARTESIAN_POINT('', (27.2443293680149, 18.6443293680149, 19.7));
#12982 = CARTESIAN_POINT('', (27.2443293680149, 23.1556706319851, 19.7));
#12983 = ADVANCED_FACE('', (#12984), #13000, .F.);
#12984 = FACE_OUTER_BOUND('', #12985, .F.);
#12985 = EDGE_LOOP('', (#12986));
#12986 = ORIENTED_EDGE('', *, *, #12987, .F.);
#12987 = EDGE_CURVE('', #12988, #12988, #12990, .T.);
#12988 = VERTEX_POINT('', #12989);
#12989 = CARTESIAN_POINT('', (56.15, 42.6, 17.8));
#12990 = (
   BOUNDED_CURVE ()
   B_SPLINE_CURVE (2, (#12991, #12992, #12993, #12994, #12995, #12996, #12997, #12998, #12999), .UNSPECIFIED., .T., .U.)
   B_SPLINE_CURVE_WITH_KNOTS ((3, 2, 2, 2, 3), (0., 1.80641577581414, 3.61283155162826, 5.41924732744239, 7.22566310325652), .UNSPECIFIED.)
   CURVE ()
   GEOMETRIC_REPRESENTATION_ITEM ()
   RATIONAL_B_SPLINE_CURVE ((1., 0.707106781186548, 1., 0.707106781186548, 1., 0.707106781186548, 1., 0.707106781186548, 1.))
   REPRESENTATION_ITEM ('')
);
#12991 = CARTESIAN_POINT('', (56.15, 42.6, 17.8));
#12992 = CARTESIAN_POINT('', (56.15, 43.75, 17.8));
#12993 = CARTESIAN_POINT('', (55., 43.75, 17.8));
#12994 = CARTESIAN_POINT('', (53.85, 43.75, 17.8));
#12995 = CARTESIAN_POINT('', (53.85, 42.6, 17.8));
#12996 = CARTESIAN_POINT('', (53.85, 41.45, 17.8));
#12997 = CARTESIAN_POINT('', (55., 41.45, 17.8));
#12998 = CARTESIAN_POINT('', (56.15, 41.45, 17.8));
#12999 = CARTESIAN_POINT('', (56.15, 42.6, 17.8));
#13000 = B_SPLINE_SURFACE_WITH_KNOTS('', 1, 1, ((#13001, #13002), (#13003, #13004)), .UNSPECIFIED., .F., .F., .U., (2, 2), (2, 2), (0., 1.), (0., 1.), .UNSPECIFIED.);
#13001 = CARTESIAN_POINT('', (56.788980156402, 40.811019843598, 17.8));
#13002 = CARTESIAN_POINT('', (56.788980156402, 44.388980156402, 17.8));
#13003 = CARTESIAN_POINT('', (53.211019843598, 40.811019843598, 17.8));
#13004 = CARTESIAN_POINT('', (53.211019843598, 44.388980156402, 17.8));
#13005 = ADVANCED_FACE('', (#13006), #13029, .F.);
#13006 = FACE_OUTER_BOUND('', #13007, .F.);
#13007 = EDGE_LOOP('', (#13008, #13022, #13027, #13028));
#13008 = ORIENTED_EDGE('', *, *, #13009, .F.);
#13009 = EDGE_CURVE('', #13010, #13010, #13012, .T.);
#13010 = VERTEX_POINT('', #13011);
#13011 = CARTESIAN_POINT('', (56.15, 42.6, 19.7));
#13012 = (
   BOUNDED_CURVE ()
   B_SPLINE_CURVE (2, (#13013, #13014, #13015, #13016, #13017, #13018, #13019, #13020, #13021), .UNSPECIFIED., .T., .U.)
   B_SPLINE_CURVE_WITH_KNOTS ((3, 2, 2, 2, 3), (0., 0.25, 0.5, 0.75, 1.), .UNSPECIFIED.)
   CURVE ()
   GEOMETRIC_REPRESENTATION_ITEM ()
   RATIONAL_B_SPLINE_CURVE ((1., 0.707106781186548, 1., 0.707106781186548, 1., 0.707106781186548, 1., 0.707106781186548, 1.))
   REPRESENTATION_ITEM ('')
);
#13013 = CARTESIAN_POINT('', (56.15, 42.6, 19.7));
#13014 = CARTESIAN_POINT('', (56.15, 43.75, 19.7));
#13015 = CARTESIAN_POINT('', (55., 43.75, 19.7));
#13016 = CARTESIAN_POINT('', (53.85, 43.75, 19.7));
#13017 = CARTESIAN_POINT('', (53.85, 42.6, 19.7));
#13018 = CARTESIAN_POINT('', (53.85, 41.45, 19.7));
#13019 = CARTESIAN_POINT('', (55., 41.45, 19.7));
#13020 = CARTESIAN_POINT('', (56.15, 41.45, 19.7));
#13021 = CARTESIAN_POINT('', (56.15, 42.6, 19.7));
#13022 = ORIENTED_EDGE('', *, *, #13023, .F.);
#13023 = EDGE_CURVE('', #12988, #13010, #13024, .T.);
#13024 = B_SPLINE_CURVE_WITH_KNOTS('', 1, (#13025, #13026), .UNSPECIFIED., .F., .U., (2, 2), (0., 1.9), .UNSPECIFIED.);
#13025 = CARTESIAN_POINT('', (56.15, 42.6, 17.8));
#13026 = CARTESIAN_POINT('', (56.15, 42.6, 19.7));
#13027 = ORIENTED_EDGE('', *, *, #12987, .T.);
#13028 = ORIENTED_EDGE('', *, *, #13023, .T.);
#13029 = (
   BOUNDED_SURFACE ()
   B_SPLINE_SURFACE (2, 1, ((#13030, #13031), (#13032, #13033), (#13034, #13035), (#13036, #13037), (#13038, #13039), (#13040, #13041), (#13042, #13043), (#13044, #13045), (#13046, #13047)), .UNSPECIFIED., .T., .F., .U.)
   B_SPLINE_SURFACE_WITH_KNOTS ((3, 2, 2, 2, 3), (2, 2), (0., 1.80641577581414, 3.61283155162826, 5.41924732744239, 7.22566310325652), (0., 6.15), .UNSPECIFIED.)
   GEOMETRIC_REPRESENTATION_ITEM ()
   RATIONAL_B_SPLINE_SURFACE (((1., 1.), (0.707106781186548, 0.707106781186548), (1., 1.), (0.707106781186548, 0.707106781186548), (1., 1.), (0.707106781186548, 0.707106781186548), (1., 1.), (0.707106781186548, 0.707106781186548), (1., 1.)))
   REPRESENTATION_ITEM ('')
   SURFACE ()
);
#13030 = CARTESIAN_POINT('', (56.15, 42.6, 17.8));
#13031 = CARTESIAN_POINT('', (56.15, 42.6, 23.95));
#13032 = CARTESIAN_POINT('', (56.15, 43.75, 17.8));
#13033 = CARTESIAN_POINT('', (56.15, 43.75, 23.95));
#13034 = CARTESIAN_POINT('', (55., 43.75, 17.8));
#13035 = CARTESIAN_POINT('', (55., 43.75, 23.95));
#13036 = CARTESIAN_POINT('', (53.85, 43.75, 17.8));
#13037 = CARTESIAN_POINT('', (53.85, 43.75, 23.95));
#13038 = CARTESIAN_POINT('', (53.85, 42.6, 17.8));
#13039 = CARTESIAN_POINT('', (53.85, 42.6, 23.95));
#13040 = CARTESIAN_POINT('', (53.85, 41.45, 17.8));
#13041 = CARTESIAN_POINT('', (53.85, 41.45, 23.95));
#13042 = CARTESIAN_POINT('', (55., 41.45, 17.8));
#13043 = CARTESIAN_POINT('', (55., 41.45, 23.95));
#13044 = CARTESIAN_POINT('', (56.15, 41.45, 17.8));
#13045 = CARTESIAN_POINT('', (56.15, 41.45, 23.95));
#13046 = CARTESIAN_POINT('', (56.15, 42.6, 17.8));
#13047 = CARTESIAN_POINT('', (56.15, 42.6, 23.95));
#13048 = ADVANCED_FACE('', (#13049), #13072, .F.);
#13049 = FACE_OUTER_BOUND('', #13050, .F.);
#13050 = EDGE_LOOP('', (#13051, #13052, #13059, #13071));
#13051 = ORIENTED_EDGE('', *, *, #493, .F.);
#13052 = ORIENTED_EDGE('', *, *, #13053, .F.);
#13053 = EDGE_CURVE('', #13054, #494, #13056, .T.);
#13054 = VERTEX_POINT('', #13055);
#13055 = CARTESIAN_POINT('', (56.45, 42.6, 19.7));
#13056 = B_SPLINE_CURVE_WITH_KNOTS('', 1, (#13057, #13058), .UNSPECIFIED., .F., .U., (2, 2), (0., 4.10000000000003), .UNSPECIFIED.);
#13057 = CARTESIAN_POINT('', (56.45, 42.6, 19.7));
#13058 = CARTESIAN_POINT('', (56.45, 42.6, 23.8));
#13059 = ORIENTED_EDGE('', *, *, #13060, .T.);
#13060 = EDGE_CURVE('', #13054, #13054, #13061, .T.);
#13061 = (
   BOUNDED_CURVE ()
   B_SPLINE_CURVE (2, (#13062, #13063, #13064, #13065, #13066, #13067, #13068, #13069, #13070), .UNSPECIFIED., .T., .U.)
   B_SPLINE_CURVE_WITH_KNOTS ((3, 2, 2, 2, 3), (0., 2.27765467385261, 4.55530934770521, 6.83296402155781, 9.11061869541041), .UNSPECIFIED.)
   CURVE ()
   GEOMETRIC_REPRESENTATION_ITEM ()
   RATIONAL_B_SPLINE_CURVE ((1., 0.707106781186548, 1., 0.707106781186548, 1., 0.707106781186548, 1., 0.707106781186548, 1.))
   REPRESENTATION_ITEM ('')
);
#13062 = CARTESIAN_POINT('', (56.45, 42.6, 19.7));
#13063 = CARTESIAN_POINT('', (56.45, 44.05, 19.7));
#13064 = CARTESIAN_POINT('', (55., 44.05, 19.7));
#13065 = CARTESIAN_POINT('', (53.55, 44.05, 19.7));
#13066 = CARTESIAN_POINT('', (53.55, 42.6, 19.7));
#13067 = CARTESIAN_POINT('', (53.55, 41.15, 19.7));
#13068 = CARTESIAN_POINT('', (55., 41.15, 19.7));
#13069 = CARTESIAN_POINT('', (56.45, 41.15, 19.7));
#13070 = CARTESIAN_POINT('', (56.45, 42.6, 19.7));
#13071 = ORIENTED_EDGE('', *, *, #13053, .T.);
#13072 = (
   BOUNDED_SURFACE ()
   B_SPLINE_SURFACE (2, 1, ((#13073, #13074), (#13075, #13076), (#13077, #13078), (#13079, #13080), (#13081, #13082), (#13083, #13084), (#13085, #13086), (#13087, #13088), (#13089, #13090)), .UNSPECIFIED., .T., .F., .U.)
   B_SPLINE_SURFACE_WITH_KNOTS ((3, 2, 2, 2, 3), (2, 2), (0., 2.27765467385261, 4.55530934770521, 6.83296402155781, 9.11061869541041), (0., 4.25), .UNSPECIFIED.)
   GEOMETRIC_REPRESENTATION_ITEM ()
   RATIONAL_B_SPLINE_SURFACE (((1., 1.), (0.707106781186548, 0.707106781186548), (1., 1.), (0.707106781186548, 0.707106781186548), (1., 1.), (0.707106781186548, 0.707106781186548), (1., 1.), (0.707106781186548, 0.707106781186548), (1., 1.)))
   REPRESENTATION_ITEM ('')
   SURFACE ()
);
#13073 = CARTESIAN_POINT('', (56.45, 42.6, 19.7));
#13074 = CARTESIAN_POINT('', (56.45, 42.6, 23.95));
#13075 = CARTESIAN_POINT('', (56.45, 44.05, 19.7));
#13076 = CARTESIAN_POINT('', (56.45, 44.05, 23.95));
#13077 = CARTESIAN_POINT('', (55., 44.05, 19.7));
#13078 = CARTESIAN_POINT('', (55., 44.05, 23.95));
#13079 = CARTESIAN_POINT('', (53.55, 44.05, 19.7));
#13080 = CARTESIAN_POINT('', (53.55, 44.05, 23.95));
#13081 = CARTESIAN_POINT('', (53.55, 42.6, 19.7));
#13082 = CARTESIAN_POINT('', (53.55, 42.6, 23.95));
#13083 = CARTESIAN_POINT('', (53.55, 41.15, 19.7));
#13084 = CARTESIAN_POINT('', (53.55, 41.15, 23.95));
#13085 = CARTESIAN_POINT('', (55., 41.15, 19.7));
#13086 = CARTESIAN_POINT('', (55., 41.15, 23.95));
#13087 = CARTESIAN_POINT('', (56.45, 41.15, 19.7));
#13088 = CARTESIAN_POINT('', (56.45, 41.15, 23.95));
#13089 = CARTESIAN_POINT('', (56.45, 42.6, 19.7));
#13090 = CARTESIAN_POINT('', (56.45, 42.6, 23.95));
#13091 = ADVANCED_FACE('', (#13092, #13095), #13098, .F.);
#13092 = FACE_OUTER_BOUND('', #13093, .F.);
#13093 = EDGE_LOOP('', (#13094));
#13094 = ORIENTED_EDGE('', *, *, #13060, .F.);
#13095 = FACE_BOUND('', #13096, .F.);
#13096 = EDGE_LOOP('', (#13097));
#13097 = ORIENTED_EDGE('', *, *, #13009, .T.);
#13098 = B_SPLINE_SURFACE_WITH_KNOTS('', 1, 1, ((#13099, #13100), (#13101, #13102)), .UNSPECIFIED., .F., .F., .U., (2, 2), (2, 2), (0., 1.), (0., 1.), .UNSPECIFIED.);
#13099 = CARTESIAN_POINT('', (57.2556706319851, 40.3443293680149, 19.7));
#13100 = CARTESIAN_POINT('', (57.2556706319851, 44.8556706319851, 19.7));
#13101 = CARTESIAN_POINT('', (52.7443293680149, 40.3443293680149, 19.7));
#13102 = CARTESIAN_POINT('', (52.7443293680149, 44.8556706319851, 19.7));
#13103 = ADVANCED_FACE('', (#13104), #13116, .F.);
#13104 = FACE_OUTER_BOUND('', #13105, .F.);
#13105 = EDGE_LOOP('', (#13106, #13107, #13108, #13113, #13114, #13115));
#13106 = ORIENTED_EDGE('', *, *, #11965, .F.);
#13107 = ORIENTED_EDGE('', *, *, #11955, .F.);
#13108 = ORIENTED_EDGE('', *, *, #13109, .F.);
#13109 = EDGE_CURVE('', #11988, #11956, #13110, .T.);
#13110 = B_SPLINE_CURVE_WITH_KNOTS('', 1, (#13111, #13112), .UNSPECIFIED., .F., .U., (2, 2), (0., 1.9), .UNSPECIFIED.);
#13111 = CARTESIAN_POINT('', (87.95, 38.9, 17.8));
#13112 = CARTESIAN_POINT('', (87.95, 38.9, 19.7));
#13113 = ORIENTED_EDGE('', *, *, #12001, .T.);
#13114 = ORIENTED_EDGE('', *, *, #11985, .T.);
#13115 = ORIENTED_EDGE('', *, *, #13109, .T.);
#13116 = (
   BOUNDED_SURFACE ()
   B_SPLINE_SURFACE (2, 1, ((#13117, #13118), (#13119, #13120), (#13121, #13122), (#13123, #13124), (#13125, #13126), (#13127, #13128), (#13129, #13130), (#13131, #13132), (#13133, #13134)), .UNSPECIFIED., .T., .F., .U.)
   B_SPLINE_SURFACE_WITH_KNOTS ((3, 2, 2, 2, 3), (2, 2), (0., 1.80641577581415, 3.61283155162829, 5.41924732744243, 7.22566310325657), (-0.123, 6.273), .UNSPECIFIED.)
   GEOMETRIC_REPRESENTATION_ITEM ()
   RATIONAL_B_SPLINE_SURFACE (((1., 1.), (0.707106781186548, 0.707106781186548), (1., 1.), (0.707106781186548, 0.707106781186548), (1., 1.), (0.707106781186548, 0.707106781186548), (1., 1.), (0.707106781186548, 0.707106781186548), (1., 1.)))
   REPRESENTATION_ITEM ('')
   SURFACE ()
);
#13117 = CARTESIAN_POINT('', (87.95, 38.9, 17.677));
#13118 = CARTESIAN_POINT('', (87.95, 38.9, 24.073));
#13119 = CARTESIAN_POINT('', (87.95, 40.05, 17.677));
#13120 = CARTESIAN_POINT('', (87.95, 40.05, 24.073));
#13121 = CARTESIAN_POINT('', (86.8, 40.05, 17.677));
#13122 = CARTESIAN_POINT('', (86.8, 40.05, 24.073));
#13123 = CARTESIAN_POINT('', (85.65, 40.05, 17.677));
#13124 = CARTESIAN_POINT('', (85.65, 40.05, 24.073));
#13125 = CARTESIAN_POINT('', (85.65, 38.9, 17.677));
#13126 = CARTESIAN_POINT('', (85.65, 38.9, 24.073));
#13127 = CARTESIAN_POINT('', (85.65, 37.75, 17.677));
#13128 = CARTESIAN_POINT('', (85.65, 37.75, 24.073));
#13129 = CARTESIAN_POINT('', (86.8, 37.75, 17.677));
#13130 = CARTESIAN_POINT('', (86.8, 37.75, 24.073));
#13131 = CARTESIAN_POINT('', (87.95, 37.75, 17.677));
#13132 = CARTESIAN_POINT('', (87.95, 37.75, 24.073));
#13133 = CARTESIAN_POINT('', (87.95, 38.9, 17.677));
#13134 = CARTESIAN_POINT('', (87.95, 38.9, 24.073));
#13135 = ADVANCED_FACE('', (#13136), #13159, .F.);
#13136 = FACE_OUTER_BOUND('', #13137, .F.);
#13137 = EDGE_LOOP('', (#13138, #13139, #13146, #13158));
#13138 = ORIENTED_EDGE('', *, *, #12631, .F.);
#13139 = ORIENTED_EDGE('', *, *, #13140, .F.);
#13140 = EDGE_CURVE('', #13141, #12632, #13143, .T.);
#13141 = VERTEX_POINT('', #13142);
#13142 = CARTESIAN_POINT('', (89.3, -3.5, 4.85));
#13143 = B_SPLINE_CURVE_WITH_KNOTS('', 1, (#13144, #13145), .UNSPECIFIED., .F., .U., (2, 2), (0., 3.2), .UNSPECIFIED.);
#13144 = CARTESIAN_POINT('', (89.3, -3.5, 4.85));
#13145 = CARTESIAN_POINT('', (92.5, -3.5, 4.85));
#13146 = ORIENTED_EDGE('', *, *, #13147, .T.);
#13147 = EDGE_CURVE('', #13141, #13141, #13148, .T.);
#13148 = (
   BOUNDED_CURVE ()
   B_SPLINE_CURVE (2, (#13149, #13150, #13151, #13152, #13153, #13154, #13155, #13156, #13157), .UNSPECIFIED., .T., .U.)
   B_SPLINE_CURVE_WITH_KNOTS ((3, 2, 2, 2, 3), (0., 0.25, 0.5, 0.75, 1.), .UNSPECIFIED.)
   CURVE ()
   GEOMETRIC_REPRESENTATION_ITEM ()
   RATIONAL_B_SPLINE_CURVE ((1., 0.707106781186548, 1., 0.707106781186548, 1., 0.707106781186548, 1., 0.707106781186548, 1.))
   REPRESENTATION_ITEM ('')
);
#13149 = CARTESIAN_POINT('', (89.3, -3.5, 4.85));
#13150 = CARTESIAN_POINT('', (89.3, -4.35, 4.85));
#13151 = CARTESIAN_POINT('', (89.3, -4.35, 4.));
#13152 = CARTESIAN_POINT('', (89.3, -4.35, 3.15));
#13153 = CARTESIAN_POINT('', (89.3, -3.5, 3.15));
#13154 = CARTESIAN_POINT('', (89.3, -2.65, 3.15));
#13155 = CARTESIAN_POINT('', (89.3, -2.65, 4.));
#13156 = CARTESIAN_POINT('', (89.3, -2.65, 4.85));
#13157 = CARTESIAN_POINT('', (89.3, -3.5, 4.85));
#13158 = ORIENTED_EDGE('', *, *, #13140, .T.);
#13159 = (
   BOUNDED_SURFACE ()
   B_SPLINE_SURFACE (2, 1, ((#13160, #13161), (#13162, #13163), (#13164, #13165), (#13166, #13167), (#13168, #13169), (#13170, #13171), (#13172, #13173), (#13174, #13175), (#13176, #13177)), .UNSPECIFIED., .T., .F., .U.)
   B_SPLINE_SURFACE_WITH_KNOTS ((3, 2, 2, 2, 3), (2, 2), (0., 1.33517687777566, 2.67035375555132, 4.00553063332698, 5.34070751110265), (0., 3.3), .UNSPECIFIED.)
   GEOMETRIC_REPRESENTATION_ITEM ()
   RATIONAL_B_SPLINE_SURFACE (((1., 1.), (0.707106781186548, 0.707106781186548), (1., 1.), (0.707106781186548, 0.707106781186548), (1., 1.), (0.707106781186548, 0.707106781186548), (1., 1.), (0.707106781186548, 0.707106781186548), (1., 1.)))
   REPRESENTATION_ITEM ('')
   SURFACE ()
);
#13160 = CARTESIAN_POINT('', (89.3, -3.5, 4.85));
#13161 = CARTESIAN_POINT('', (92.6, -3.5, 4.85));
#13162 = CARTESIAN_POINT('', (89.3, -4.35, 4.85));
#13163 = CARTESIAN_POINT('', (92.6, -4.35, 4.85));
#13164 = CARTESIAN_POINT('', (89.3, -4.35, 4.));
#13165 = CARTESIAN_POINT('', (92.6, -4.35, 4.));
#13166 = CARTESIAN_POINT('', (89.3, -4.35, 3.15));
#13167 = CARTESIAN_POINT('', (92.6, -4.35, 3.15));
#13168 = CARTESIAN_POINT('', (89.3, -3.5, 3.15));
#13169 = CARTESIAN_POINT('', (92.6, -3.5, 3.15));
#13170 = CARTESIAN_POINT('', (89.3, -2.65, 3.15));
#13171 = CARTESIAN_POINT('', (92.6, -2.65, 3.15));
#13172 = CARTESIAN_POINT('', (89.3, -2.65, 4.));
#13173 = CARTESIAN_POINT('', (92.6, -2.65, 4.));
#13174 = CARTESIAN_POINT('', (89.3, -2.65, 4.85));
#13175 = CARTESIAN_POINT('', (92.6, -2.65, 4.85));
#13176 = CARTESIAN_POINT('', (89.3, -3.5, 4.85));
#13177 = CARTESIAN_POINT('', (92.6, -3.5, 4.85));
#13178 = ADVANCED_FACE('', (#13179), #13182, .F.);
#13179 = FACE_OUTER_BOUND('', #13180, .F.);
#13180 = EDGE_LOOP('', (#13181));
#13181 = ORIENTED_EDGE('', *, *, #13147, .F.);
#13182 = B_SPLINE_SURFACE_WITH_KNOTS('', 1, 1, ((#13183, #13184), (#13185, #13186)), .UNSPECIFIED., .F., .F., .U., (2, 2), (2, 2), (0., 1.), (0., 1.), .UNSPECIFIED.);
#13183 = CARTESIAN_POINT('', (89.3000000000001, -4.82228968081884, 2.67771031918116));
#13184 = CARTESIAN_POINT('', (89.3, -2.17771031918116, 2.67771031918116));
#13185 = CARTESIAN_POINT('', (89.3000000000001, -4.82228968081884, 5.32228968081884));
#13186 = CARTESIAN_POINT('', (89.3, -2.17771031918116, 5.32228968081884));
#13187 = ADVANCED_FACE('', (#13188), #13211, .F.);
#13188 = FACE_OUTER_BOUND('', #13189, .F.);
#13189 = EDGE_LOOP('', (#13190, #13191, #13198, #13210));
#13190 = ORIENTED_EDGE('', *, *, #12647, .F.);
#13191 = ORIENTED_EDGE('', *, *, #13192, .F.);
#13192 = EDGE_CURVE('', #13193, #12648, #13195, .T.);
#13193 = VERTEX_POINT('', #13194);
#13194 = CARTESIAN_POINT('', (89.3, -3.5, 20.85));
#13195 = B_SPLINE_CURVE_WITH_KNOTS('', 1, (#13196, #13197), .UNSPECIFIED., .F., .U., (2, 2), (0., 3.2), .UNSPECIFIED.);
#13196 = CARTESIAN_POINT('', (89.3, -3.5, 20.85));
#13197 = CARTESIAN_POINT('', (92.5, -3.5, 20.85));
#13198 = ORIENTED_EDGE('', *, *, #13199, .T.);
#13199 = EDGE_CURVE('', #13193, #13193, #13200, .T.);
#13200 = (
   BOUNDED_CURVE ()
   B_SPLINE_CURVE (2, (#13201, #13202, #13203, #13204, #13205, #13206, #13207, #13208, #13209), .UNSPECIFIED., .T., .U.)
   B_SPLINE_CURVE_WITH_KNOTS ((3, 2, 2, 2, 3), (0., 0.25, 0.5, 0.75, 1.), .UNSPECIFIED.)
   CURVE ()
   GEOMETRIC_REPRESENTATION_ITEM ()
   RATIONAL_B_SPLINE_CURVE ((1., 0.707106781186548, 1., 0.707106781186548, 1., 0.707106781186548, 1., 0.707106781186548, 1.))
   REPRESENTATION_ITEM ('')
);
#13201 = CARTESIAN_POINT('', (89.3, -3.5, 20.85));
#13202 = CARTESIAN_POINT('', (89.3, -4.35, 20.85));
#13203 = CARTESIAN_POINT('', (89.3, -4.35, 20.));
#13204 = CARTESIAN_POINT('', (89.3, -4.35, 19.15));
#13205 = CARTESIAN_POINT('', (89.3, -3.5, 19.15));
#13206 = CARTESIAN_POINT('', (89.3, -2.65, 19.15));
#13207 = CARTESIAN_POINT('', (89.3, -2.65, 20.));
#13208 = CARTESIAN_POINT('', (89.3, -2.65, 20.85));
#13209 = CARTESIAN_POINT('', (89.3, -3.5, 20.85));
#13210 = ORIENTED_EDGE('', *, *, #13192, .T.);
#13211 = (
   BOUNDED_SURFACE ()
   B_SPLINE_SURFACE (2, 1, ((#13212, #13213), (#13214, #13215), (#13216, #13217), (#13218, #13219), (#13220, #13221), (#13222, #13223), (#13224, #13225), (#13226, #13227), (#13228, #13229)), .UNSPECIFIED., .T., .F., .U.)
   B_SPLINE_SURFACE_WITH_KNOTS ((3, 2, 2, 2, 3), (2, 2), (0., 1.33517687777566, 2.67035375555133, 4.00553063332699, 5.34070751110266), (0., 3.3), .UNSPECIFIED.)
   GEOMETRIC_REPRESENTATION_ITEM ()
   RATIONAL_B_SPLINE_SURFACE (((1., 1.), (0.707106781186548, 0.707106781186548), (1., 1.), (0.707106781186548, 0.707106781186548), (1., 1.), (0.707106781186548, 0.707106781186548), (1., 1.), (0.707106781186548, 0.707106781186548), (1., 1.)))
   REPRESENTATION_ITEM ('')
   SURFACE ()
);
#13212 = CARTESIAN_POINT('', (89.3, -3.5, 20.85));
#13213 = CARTESIAN_POINT('', (92.6, -3.5, 20.85));
#13214 = CARTESIAN_POINT('', (89.3, -4.35, 20.85));
#13215 = CARTESIAN_POINT('', (92.6, -4.35, 20.85));
#13216 = CARTESIAN_POINT('', (89.3, -4.35, 20.));
#13217 = CARTESIAN_POINT('', (92.6, -4.35, 20.));
#13218 = CARTESIAN_POINT('', (89.3, -4.35, 19.15));
#13219 = CARTESIAN_POINT('', (92.6, -4.35, 19.15));
#13220 = CARTESIAN_POINT('', (89.3, -3.5, 19.15));
#13221 = CARTESIAN_POINT('', (92.6, -3.5, 19.15));
#13222 = CARTESIAN_POINT('', (89.3, -2.65, 19.15));
#13223 = CARTESIAN_POINT('', (92.6, -2.65, 19.15));
#13224 = CARTESIAN_POINT('', (89.3, -2.65, 20.));
#13225 = CARTESIAN_POINT('', (92.6, -2.65, 20.));
#13226 = CARTESIAN_POINT('', (89.3, -2.65, 20.85));
#13227 = CARTESIAN_POINT('', (92.6, -2.65, 20.85));
#13228 = CARTESIAN_POINT('', (89.3, -3.5, 20.85));
#13229 = CARTESIAN_POINT('', (92.6, -3.5, 20.85));
#13230 = ADVANCED_FACE('', (#13231), #13234, .F.);
#13231 = FACE_OUTER_BOUND('', #13232, .F.);
#13232 = EDGE_LOOP('', (#13233));
#13233 = ORIENTED_EDGE('', *, *, #13199, .F.);
#13234 = B_SPLINE_SURFACE_WITH_KNOTS('', 1, 1, ((#13235, #13236), (#13237, #13238)), .UNSPECIFIED., .F., .F., .U., (2, 2), (2, 2), (0., 1.), (0., 1.), .UNSPECIFIED.);
#13235 = CARTESIAN_POINT('', (89.3, -4.82228968081884, 18.6777103191812));
#13236 = CARTESIAN_POINT('', (89.3, -2.17771031918115, 18.6777103191812));
#13237 = CARTESIAN_POINT('', (89.3, -4.82228968081884, 21.3222896808188));
#13238 = CARTESIAN_POINT('', (89.3, -2.17771031918115, 21.3222896808188));
#13239 = ADVANCED_FACE('', (#13240), #13263, .F.);
#13240 = FACE_OUTER_BOUND('', #13241, .F.);
#13241 = EDGE_LOOP('', (#13242, #13243, #13250, #13262));
#13242 = ORIENTED_EDGE('', *, *, #12663, .F.);
#13243 = ORIENTED_EDGE('', *, *, #13244, .F.);
#13244 = EDGE_CURVE('', #13245, #12664, #13247, .T.);
#13245 = VERTEX_POINT('', #13246);
#13246 = CARTESIAN_POINT('', (89.3, 37.8, 4.05));
#13247 = B_SPLINE_CURVE_WITH_KNOTS('', 1, (#13248, #13249), .UNSPECIFIED., .F., .U., (2, 2), (0., 3.2), .UNSPECIFIED.);
#13248 = CARTESIAN_POINT('', (89.3, 37.8, 4.05));
#13249 = CARTESIAN_POINT('', (92.5, 37.8, 4.05));
#13250 = ORIENTED_EDGE('', *, *, #13251, .T.);
#13251 = EDGE_CURVE('', #13245, #13245, #13252, .T.);
#13252 = (
   BOUNDED_CURVE ()
   B_SPLINE_CURVE (2, (#13253, #13254, #13255, #13256, #13257, #13258, #13259, #13260, #13261), .UNSPECIFIED., .T., .U.)
   B_SPLINE_CURVE_WITH_KNOTS ((3, 2, 2, 2, 3), (0., 0.25, 0.5, 0.75, 1.), .UNSPECIFIED.)
   CURVE ()
   GEOMETRIC_REPRESENTATION_ITEM ()
   RATIONAL_B_SPLINE_CURVE ((1., 0.707106781186548, 1., 0.707106781186548, 1., 0.707106781186548, 1., 0.707106781186548, 1.))
   REPRESENTATION_ITEM ('')
);
#13253 = CARTESIAN_POINT('', (89.3, 37.8, 4.05));
#13254 = CARTESIAN_POINT('', (89.3, 36.95, 4.05));
#13255 = CARTESIAN_POINT('', (89.3, 36.95, 3.2));
#13256 = CARTESIAN_POINT('', (89.3, 36.95, 2.35));
#13257 = CARTESIAN_POINT('', (89.3, 37.8, 2.35));
#13258 = CARTESIAN_POINT('', (89.3, 38.65, 2.35));
#13259 = CARTESIAN_POINT('', (89.3, 38.65, 3.2));
#13260 = CARTESIAN_POINT('', (89.3, 38.65, 4.05));
#13261 = CARTESIAN_POINT('', (89.3, 37.8, 4.05));
#13262 = ORIENTED_EDGE('', *, *, #13244, .T.);
#13263 = (
   BOUNDED_SURFACE ()
   B_SPLINE_SURFACE (2, 1, ((#13264, #13265), (#13266, #13267), (#13268, #13269), (#13270, #13271), (#13272, #13273), (#13274, #13275), (#13276, #13277), (#13278, #13279), (#13280, #13281)), .UNSPECIFIED., .T., .F., .U.)
   B_SPLINE_SURFACE_WITH_KNOTS ((3, 2, 2, 2, 3), (2, 2), (0., 1.33517687777566, 2.67035375555132, 4.00553063332698, 5.34070751110265), (0., 3.3), .UNSPECIFIED.)
   GEOMETRIC_REPRESENTATION_ITEM ()
   RATIONAL_B_SPLINE_SURFACE (((1., 1.), (0.707106781186548, 0.707106781186548), (1., 1.), (0.707106781186548, 0.707106781186548), (1., 1.), (0.707106781186548, 0.707106781186548), (1., 1.), (0.707106781186548, 0.707106781186548), (1., 1.)))
   REPRESENTATION_ITEM ('')
   SURFACE ()
);
#13264 = CARTESIAN_POINT('', (89.3, 37.8, 4.05));
#13265 = CARTESIAN_POINT('', (92.6, 37.8, 4.05));
#13266 = CARTESIAN_POINT('', (89.3, 36.95, 4.05));
#13267 = CARTESIAN_POINT('', (92.6, 36.95, 4.05));
#13268 = CARTESIAN_POINT('', (89.3, 36.95, 3.2));
#13269 = CARTESIAN_POINT('', (92.6, 36.95, 3.2));
#13270 = CARTESIAN_POINT('', (89.3, 36.95, 2.35));
#13271 = CARTESIAN_POINT('', (92.6, 36.95, 2.35));
#13272 = CARTESIAN_POINT('', (89.3, 37.8, 2.35));
#13273 = CARTESIAN_POINT('', (92.6, 37.8, 2.35));
#13274 = CARTESIAN_POINT('', (89.3, 38.65, 2.35));
#13275 = CARTESIAN_POINT('', (92.6, 38.65, 2.35));
#13276 = CARTESIAN_POINT('', (89.3, 38.65, 3.2));
#13277 = CARTESIAN_POINT('', (92.6, 38.65, 3.2));
#13278 = CARTESIAN_POINT('', (89.3, 38.65, 4.05));
#13279 = CARTESIAN_POINT('', (92.6, 38.65, 4.05));
#13280 = CARTESIAN_POINT('', (89.3, 37.8, 4.05));
#13281 = CARTESIAN_POINT('', (92.6, 37.8, 4.05));
#13282 = ADVANCED_FACE('', (#13283), #13286, .F.);
#13283 = FACE_OUTER_BOUND('', #13284, .F.);
#13284 = EDGE_LOOP('', (#13285));
#13285 = ORIENTED_EDGE('', *, *, #13251, .F.);
#13286 = B_SPLINE_SURFACE_WITH_KNOTS('', 1, 1, ((#13287, #13288), (#13289, #13290)), .UNSPECIFIED., .F., .F., .U., (2, 2), (2, 2), (0., 1.), (0., 1.), .UNSPECIFIED.);
#13287 = CARTESIAN_POINT('', (89.3000000000001, 36.4777103191811, 1.87771031918116));
#13288 = CARTESIAN_POINT('', (89.3, 39.1222896808188, 1.87771031918116));
#13289 = CARTESIAN_POINT('', (89.3000000000001, 36.4777103191811, 4.52228968081884));
#13290 = CARTESIAN_POINT('', (89.3, 39.1222896808188, 4.52228968081884));
#13291 = ADVANCED_FACE('', (#13292), #13315, .F.);
#13292 = FACE_OUTER_BOUND('', #13293, .F.);
#13293 = EDGE_LOOP('', (#13294, #13295, #13302, #13314));
#13294 = ORIENTED_EDGE('', *, *, #12679, .F.);
#13295 = ORIENTED_EDGE('', *, *, #13296, .F.);
#13296 = EDGE_CURVE('', #13297, #12680, #13299, .T.);
#13297 = VERTEX_POINT('', #13298);
#13298 = CARTESIAN_POINT('', (89.3, 34.5, 20.85));
#13299 = B_SPLINE_CURVE_WITH_KNOTS('', 1, (#13300, #13301), .UNSPECIFIED., .F., .U., (2, 2), (0., 3.2), .UNSPECIFIED.);
#13300 = CARTESIAN_POINT('', (89.3, 34.5, 20.85));
#13301 = CARTESIAN_POINT('', (92.5, 34.5, 20.85));
#13302 = ORIENTED_EDGE('', *, *, #13303, .T.);
#13303 = EDGE_CURVE('', #13297, #13297, #13304, .T.);
#13304 = (
   BOUNDED_CURVE ()
   B_SPLINE_CURVE (2, (#13305, #13306, #13307, #13308, #13309, #13310, #13311, #13312, #13313), .UNSPECIFIED., .T., .U.)
   B_SPLINE_CURVE_WITH_KNOTS ((3, 2, 2, 2, 3), (0., 0.25, 0.5, 0.75, 1.), .UNSPECIFIED.)
   CURVE ()
   GEOMETRIC_REPRESENTATION_ITEM ()
   RATIONAL_B_SPLINE_CURVE ((1., 0.707106781186548, 1., 0.707106781186548, 1., 0.707106781186548, 1., 0.707106781186548, 1.))
   REPRESENTATION_ITEM ('')
);
#13305 = CARTESIAN_POINT('', (89.3, 34.5, 20.85));
#13306 = CARTESIAN_POINT('', (89.3, 33.65, 20.85));
#13307 = CARTESIAN_POINT('', (89.3, 33.65, 20.));
#13308 = CARTESIAN_POINT('', (89.3, 33.65, 19.15));
#13309 = CARTESIAN_POINT('', (89.3, 34.5, 19.15));
#13310 = CARTESIAN_POINT('', (89.3, 35.35, 19.15));
#13311 = CARTESIAN_POINT('', (89.3, 35.35, 20.));
#13312 = CARTESIAN_POINT('', (89.3, 35.35, 20.85));
#13313 = CARTESIAN_POINT('', (89.3, 34.5, 20.85));
#13314 = ORIENTED_EDGE('', *, *, #13296, .T.);
#13315 = (
   BOUNDED_SURFACE ()
   B_SPLINE_SURFACE (2, 1, ((#13316, #13317), (#13318, #13319), (#13320, #13321), (#13322, #13323), (#13324, #13325), (#13326, #13327), (#13328, #13329), (#13330, #13331), (#13332, #13333)), .UNSPECIFIED., .T., .F., .U.)
   B_SPLINE_SURFACE_WITH_KNOTS ((3, 2, 2, 2, 3), (2, 2), (0., 1.33517687777566, 2.67035375555133, 4.00553063332699, 5.34070751110266), (0., 3.3), .UNSPECIFIED.)
   GEOMETRIC_REPRESENTATION_ITEM ()
   RATIONAL_B_SPLINE_SURFACE (((1., 1.), (0.707106781186548, 0.707106781186548), (1., 1.), (0.707106781186548, 0.707106781186548), (1., 1.), (0.707106781186548, 0.707106781186548), (1., 1.), (0.707106781186548, 0.707106781186548), (1., 1.)))
   REPRESENTATION_ITEM ('')
   SURFACE ()
);
#13316 = CARTESIAN_POINT('', (89.3, 34.5, 20.85));
#13317 = CARTESIAN_POINT('', (92.6, 34.5, 20.85));
#13318 = CARTESIAN_POINT('', (89.3, 33.65, 20.85));
#13319 = CARTESIAN_POINT('', (92.6, 33.65, 20.85));
#13320 = CARTESIAN_POINT('', (89.3, 33.65, 20.));
#13321 = CARTESIAN_POINT('', (92.6, 33.65, 20.));
#13322 = CARTESIAN_POINT('', (89.3, 33.65, 19.15));
#13323 = CARTESIAN_POINT('', (92.6, 33.65, 19.15));
#13324 = CARTESIAN_POINT('', (89.3, 34.5, 19.15));
#13325 = CARTESIAN_POINT('', (92.6, 34.5, 19.15));
#13326 = CARTESIAN_POINT('', (89.3, 35.35, 19.15));
#13327 = CARTESIAN_POINT('', (92.6, 35.35, 19.15));
#13328 = CARTESIAN_POINT('', (89.3, 35.35, 20.));
#13329 = CARTESIAN_POINT('', (92.6, 35.35, 20.));
#13330 = CARTESIAN_POINT('', (89.3, 35.35, 20.85));
#13331 = CARTESIAN_POINT('', (92.6, 35.35, 20.85));
#13332 = CARTESIAN_POINT('', (89.3, 34.5, 20.85));
#13333 = CARTESIAN_POINT('', (92.6, 34.5, 20.85));
#13334 = ADVANCED_FACE('', (#13335), #13338, .F.);
#13335 = FACE_OUTER_BOUND('', #13336, .F.);
#13336 = EDGE_LOOP('', (#13337));
#13337 = ORIENTED_EDGE('', *, *, #13303, .F.);
#13338 = B_SPLINE_SURFACE_WITH_KNOTS('', 1, 1, ((#13339, #13340), (#13341, #13342)), .UNSPECIFIED., .F., .F., .U., (2, 2), (2, 2), (0., 1.), (0., 1.), .UNSPECIFIED.);
#13339 = CARTESIAN_POINT('', (89.3, 33.1777103191812, 18.6777103191812));
#13340 = CARTESIAN_POINT('', (89.3, 35.8222896808188, 18.6777103191812));
#13341 = CARTESIAN_POINT('', (89.3, 33.1777103191812, 21.3222896808188));
#13342 = CARTESIAN_POINT('', (89.3, 35.8222896808188, 21.3222896808188));
#13343 = PRESENTATION_STYLE_ASSIGNMENT((#13344));
#13344 = SURFACE_STYLE_USAGE(.POSITIVE., #13345);
#13345 = SURFACE_SIDE_STYLE('', (#13346));
#13346 = SURFACE_STYLE_FILL_AREA(#13347);
#13347 = FILL_AREA_STYLE('', (#13348));
#13348 = FILL_AREA_STYLE_COLOUR('', #13349);
#13349 = COLOUR_RGB('', 0.2, 0.231372549019608, 0.270588235294118);
#13350 = STYLED_ITEM('', (#13343), #1);
#13351 = DRAUGHTING_MODEL('#13351', (#13350), #13468);
#13352 = AXIS2_PLACEMENT_3D('F1345_makeSphere_housing_py_78_datum', #13353, #13354, #13355);
#13353 = CARTESIAN_POINT('', (29., 12., 22.));
#13354 = DIRECTION('', (0., 0., 1.));
#13355 = DIRECTION('', (1., 0., 0.));
#13356 = AXIS2_PLACEMENT_3D('F1347_makeSphere_housing_py_78_datum', #13357, #13358, #13359);
#13357 = CARTESIAN_POINT('', (33.5, 12., 22.));
#13358 = DIRECTION('', (0., 0., 1.));
#13359 = DIRECTION('', (1., 0., 0.));
#13360 = AXIS2_PLACEMENT_3D('F1349_makeSphere_housing_py_78_datum', #13361, #13362, #13363);
#13361 = CARTESIAN_POINT('', (33.5, 22., 22.));
#13362 = DIRECTION('', (0., 0., 1.));
#13363 = DIRECTION('', (1., 0., 0.));
#13364 = AXIS2_PLACEMENT_3D('F1351_makeSphere_housing_py_78_datum', #13365, #13366, #13367);
#13365 = CARTESIAN_POINT('', (50.8, 22., 22.));
#13366 = DIRECTION('', (0., 0., 1.));
#13367 = DIRECTION('', (1., 0., 0.));
#13368 = AXIS2_PLACEMENT_3D('F1353_makeSphere_housing_py_78_datum', #13369, #13370, #13371);
#13369 = CARTESIAN_POINT('', (51., 28., 26.));
#13370 = DIRECTION('', (0., 0., 1.));
#13371 = DIRECTION('', (1., 0., 0.));
#13372 = AXIS2_PLACEMENT_3D('F1382_makeSphere_housing_py_78_datum', #13373, #13374, #13375);
#13373 = CARTESIAN_POINT('', (42., 23., 13.3));
#13374 = DIRECTION('', (0., 0., 1.));
#13375 = DIRECTION('', (1., 0., 0.));
#13376 = AXIS2_PLACEMENT_3D('F1384_makeSphere_housing_py_78_datum', #13377, #13378, #13379);
#13377 = CARTESIAN_POINT('', (46., 23., 13.3));
#13378 = DIRECTION('', (0., 0., 1.));
#13379 = DIRECTION('', (1., 0., 0.));
#13380 = AXIS2_PLACEMENT_3D('F1386_makeSphere_housing_py_78_datum', #13381, #13382, #13383);
#13381 = CARTESIAN_POINT('', (46., 21.8, 13.3));
#13382 = DIRECTION('', (0., 0., 1.));
#13383 = DIRECTION('', (1., 0., 0.));
#13384 = AXIS2_PLACEMENT_3D('F1388_makeSphere_housing_py_78_datum', #13385, #13386, #13387);
#13385 = CARTESIAN_POINT('', (49.8, 21.8, 18.));
#13386 = DIRECTION('', (0., 0., 1.));
#13387 = DIRECTION('', (1., 0., 0.));
#13388 = AXIS2_PLACEMENT_3D('F1390_makeSphere_housing_py_78_datum', #13389, #13390, #13391);
#13389 = CARTESIAN_POINT('', (49.8, 26.2, 20.4));
#13390 = DIRECTION('', (0., 0., 1.));
#13391 = DIRECTION('', (1., 0., 0.));
#13392 = AXIS2_PLACEMENT_3D('F1392_makeSphere_housing_py_78_datum', #13393, #13394, #13395);
#13393 = CARTESIAN_POINT('', (25.4, 26.2, 20.4));
#13394 = DIRECTION('', (0., 0., 1.));
#13395 = DIRECTION('', (1., 0., 0.));
#13396 = AXIS2_PLACEMENT_3D('F1394_makeSphere_housing_py_78_datum', #13397, #13398, #13399);
#13397 = CARTESIAN_POINT('', (25.4, 26.2, 24.5));
#13398 = DIRECTION('', (0., 0., 1.));
#13399 = DIRECTION('', (1., 0., 0.));
#13400 = AXIS2_PLACEMENT_3D('F1438_makeSphere_housing_py_78_datum', #13401, #13402, #13403);
#13401 = CARTESIAN_POINT('', (52.1, 49., 6.));
#13402 = DIRECTION('', (0., 0., 1.));
#13403 = DIRECTION('', (1., 0., 0.));
#13404 = AXIS2_PLACEMENT_3D('F1440_makeSphere_housing_py_78_datum', #13405, #13406, #13407);
#13405 = CARTESIAN_POINT('', (53.7, 49., 6.));
#13406 = DIRECTION('', (0., 0., 1.));
#13407 = DIRECTION('', (1., 0., 0.));
#13408 = AXIS2_PLACEMENT_3D('F1442_makeSphere_housing_py_78_datum', #13409, #13410, #13411);
#13409 = CARTESIAN_POINT('', (53.7, 49., 18.5));
#13410 = DIRECTION('', (0., 0., 1.));
#13411 = DIRECTION('', (1., 0., 0.));
#13412 = AXIS2_PLACEMENT_3D('F1444_makeSphere_housing_py_78_datum', #13413, #13414, #13415);
#13413 = CARTESIAN_POINT('', (51.2, 49., 18.5));
#13414 = DIRECTION('', (0., 0., 1.));
#13415 = DIRECTION('', (1., 0., 0.));
#13416 = AXIS2_PLACEMENT_3D('F1446_makeSphere_housing_py_78_datum', #13417, #13418, #13419);
#13417 = CARTESIAN_POINT('', (51.2, 43.1, 17.15));
#13418 = DIRECTION('', (0., 0., 1.));
#13419 = DIRECTION('', (1., 0., 0.));
#13420 = AXIS2_PLACEMENT_3D('F1448_makeSphere_housing_py_78_datum', #13421, #13422, #13423);
#13421 = CARTESIAN_POINT('', (28.3, 43.1, 17.15));
#13422 = DIRECTION('', (0., 0., 1.));
#13423 = DIRECTION('', (1., 0., 0.));
#13424 = AXIS2_PLACEMENT_3D('F1450_makeSphere_housing_py_78_datum', #13425, #13426, #13427);
#13425 = CARTESIAN_POINT('', (28.3, 34.6, 18.6));
#13426 = DIRECTION('', (0., 0., 1.));
#13427 = DIRECTION('', (1., 0., 0.));
#13428 = AXIS2_PLACEMENT_3D('F1452_makeSphere_housing_py_78_datum', #13429, #13430, #13431);
#13429 = CARTESIAN_POINT('', (24.35, 34.6, 19.));
#13430 = DIRECTION('', (0., 0., 1.));
#13431 = DIRECTION('', (1., 0., 0.));
#13432 = AXIS2_PLACEMENT_3D('F1505_makeSphere_housing_py_78_datum', #13433, #13434, #13435);
#13433 = CARTESIAN_POINT('', (40.8, 49., 18.5));
#13434 = DIRECTION('', (0., 0., 1.));
#13435 = DIRECTION('', (1., 0., 0.));
#13436 = AXIS2_PLACEMENT_3D('F1507_makeSphere_housing_py_78_datum', #13437, #13438, #13439);
#13437 = CARTESIAN_POINT('', (51.2, 49., 18.5));
#13438 = DIRECTION('', (0., 0., 1.));
#13439 = DIRECTION('', (1., 0., 0.));
#13440 = AXIS2_PLACEMENT_3D('F1509_makeSphere_housing_py_78_datum', #13441, #13442, #13443);
#13441 = CARTESIAN_POINT('', (51.2, 42.5, 18.5));
#13442 = DIRECTION('', (0., 0., 1.));
#13443 = DIRECTION('', (1., 0., 0.));
#13444 = AXIS2_PLACEMENT_3D('F1511_makeSphere_housing_py_78_datum', #13445, #13446, #13447);
#13445 = CARTESIAN_POINT('', (49.8, 42.5, 21.4));
#13446 = DIRECTION('', (0., 0., 1.));
#13447 = DIRECTION('', (1., 0., 0.));
#13448 = AXIS2_PLACEMENT_3D('F1513_makeSphere_housing_py_78_datum', #13449, #13450, #13451);
#13449 = CARTESIAN_POINT('', (49.8, 23., 21.4));
#13450 = DIRECTION('', (0., 0., 1.));
#13451 = DIRECTION('', (1., 0., 0.));
#13452 = AXIS2_PLACEMENT_3D('F1515_makeSphere_housing_py_78_datum', #13453, #13454, #13455);
#13453 = CARTESIAN_POINT('', (46., 23., 18.));
#13454 = DIRECTION('', (0., 0., 1.));
#13455 = DIRECTION('', (1., 0., 0.));
#13456 = AXIS2_PLACEMENT_3D('F1517_makeSphere_housing_py_78_datum', #13457, #13458, #13459);
#13457 = CARTESIAN_POINT('', (46., 23., 13.3));
#13458 = DIRECTION('', (0., 0., 1.));
#13459 = DIRECTION('', (1., 0., 0.));
#13460 = AXIS2_PLACEMENT_3D('F1561_makeSphere_housing_py_78_datum', #13461, #13462, #13463);
#13461 = CARTESIAN_POINT('', (50.7, 28., 26.));
#13462 = DIRECTION('', (0., 0., 1.));
#13463 = DIRECTION('', (1., 0., 0.));
#13464 = AXIS2_PLACEMENT_3D('F1563_makeSphere_housing_py_78_datum', #13465, #13466, #13467);
#13465 = CARTESIAN_POINT('', (50.7, 35.5, 26.));
#13466 = DIRECTION('', (0., 0., 1.));
#13467 = DIRECTION('', (1., 0., 0.));
#13468 = (
   GEOMETRIC_REPRESENTATION_CONTEXT (3)
   GLOBAL_UNCERTAINTY_ASSIGNED_CONTEXT ((#13470))
   GLOBAL_UNIT_ASSIGNED_CONTEXT ((#13469, #13471, #13472))
   REPRESENTATION_CONTEXT ('', '3D')
);
#13469 = (
   LENGTH_UNIT ()
   NAMED_UNIT (*)
   SI_UNIT (.MILLI., .METRE.)
);
#13470 = UNCERTAINTY_MEASURE_WITH_UNIT(LENGTH_MEASURE(1.E-6), #13469, 'DISTANCE_ACCURACY_VALUE', '');
#13471 = (
   NAMED_UNIT (*)
   SI_UNIT ($, .STERADIAN.)
   SOLID_ANGLE_UNIT ()
);
#13472 = (
   NAMED_UNIT (*)
   PLANE_ANGLE_UNIT ()
   SI_UNIT ($, .RADIAN.)
);
#13473 = SHAPE_REPRESENTATION('', (#13488), #13468);
#13474 = PRODUCT_DEFINITION_SHAPE('', '', #13475);
#13475 = PRODUCT_DEFINITION('', '', #13478, #13482);
#13476 = APPLICATION_CONTEXT('automotive design');
#13477 = APPLICATION_PROTOCOL_DEFINITION('International Standard', 'automotive_design', 2002, #13476);
#13478 = PRODUCT_DEFINITION_FORMATION_WITH_SPECIFIED_SOURCE('', '', #13479, .NOT_KNOWN.);
#13479 = PRODUCT('Base', 'Base', '', (#13480));
#13480 = PRODUCT_CONTEXT('', #13476, 'mechanical');
#13481 = PRODUCT_RELATED_PRODUCT_CATEGORY('detail', '', (#13479));
#13482 = PRODUCT_DEFINITION_CONTEXT('part definition', #13476, 'design');
#13483 = SHAPE_DEFINITION_REPRESENTATION(#13474, #13473);
#13484 = CONSTRUCTIVE_GEOMETRY_REPRESENTATION('supplemental geometry', (#13352, #13356, #13360, #13364, #13368, #13372, #13376, #13380, #13384, #13388, #13392, #13396, #13400, #13404, #13408, #13412, #13416, #13420, #13424, #13428, #13432, #13436, #13440, #13444, #13448, #13452, #13456, #13460, #13464), #13468);
#13485 = CONSTRUCTIVE_GEOMETRY_REPRESENTATION_RELATIONSHIP('', '', #13473, #13484);
#13486 = SHAPE_REPRESENTATION_RELATIONSHIP('', '', #13473, #13487);
#13487 = ADVANCED_BREP_SHAPE_REPRESENTATION('', (#1), #13468);
#13488 = AXIS2_PLACEMENT_3D('', #13489, #13490, #13491);
#13489 = CARTESIAN_POINT('', (0., 0., 0.));
#13490 = DIRECTION('', (0., 0., 1.));
#13491 = DIRECTION('', (1., 0., 0.));
ENDSEC;
END-ISO-10303-21;
