ISO-10303-21;
HEADER;
FILE_DESCRIPTION(('STEP'), '1');
FILE_NAME('/Users/dev/dev/awv/classcad-ai/workspace/training/2026-09-16_12-50-53_pvs-cavity-boolean/files/26-current9-Upper_shell-result.step', '2026-09-16T14:19:39', (''), (''), 'Express 3.1.3.0', 'Express Tool', 'Unknown');
FILE_SCHEMA(('AUTOMOTIVE_DESIGN'));
ENDSEC;

DATA;
#1 = MANIFOLD_SOLID_BREP('Subtraction_0', #2);
#2 = CLOSED_SHELL('', (#3, #39, #67, #95, #115, #127, #172, #200, #237, #259, #271, #307, #335, #363, #383, #395, #431, #459, #487, #507, #519, #555, #592, #614, #645, #681, #709, #737, #757, #769, #805, #842, #864, #895, #931, #959, #987, #1007, #1019, #1055, #1120, #1142, #1170, #1192, #1228, #1256, #1292, #1320, #1350, #1394, #1418, #1451, #1502, #1566, #1682, #1710, #1746, #1774, #1808, #1836, #1864, #1892, #1948, #2004, #2016, #2453, #2489, #2585, #2615, #2702, #2732, #2819, #2895, #2965, #2998, #3086, #3129, #3188, #3202, #3247, #3290, #3321, #3387, #3442, #3477, #3765, #3871, #3887, #4158, #4417, #5084, #5338, #5745, #5784, #5974, #5998, #6215, #6237, #6261, #6312, #6336, #6410, #6542, #6554, #6570, #6698, #6714, #6842, #6858, #7036, #7048, #7072, #7102, #7115, #7131, #7149, #7175, #7205, #7229, #7304, #7336, #7366, #7410, #7443, #7475, #7534, #7554, #7566, #7595, #7623, #7643, #7657, #7689, #7705, #7739, #7761, #7772, #7844, #7872, #7896, #7935, #8004, #8026, #8048, #8070, #8086, #8102, #8155, #8171, #8193, #8213, #8243, #8258, #8274, #8311, #8323, #8343, #8363, #8383, #8399, #8575, #8618, #8661, #8673, #8716, #8759, #8771, #8814, #8857, #8869, #8912, #8955, #8967, #9010, #9053, #9065, #9085, #9105, #9131));
#3 = ADVANCED_FACE('', (#4), #34, .T.);
#4 = FACE_OUTER_BOUND('', #5, .T.);
#5 = EDGE_LOOP('', (#6, #15, #22, #29));
#6 = ORIENTED_EDGE('', *, *, #7, .F.);
#7 = EDGE_CURVE('', #8, #10, #12, .T.);
#8 = VERTEX_POINT('', #9);
#9 = CARTESIAN_POINT('', (59., 30.5, 34.));
#10 = VERTEX_POINT('', #11);
#11 = CARTESIAN_POINT('', (59., 28.9, 34.));
#12 = B_SPLINE_CURVE_WITH_KNOTS('', 1, (#13, #14), .UNSPECIFIED., .F., .U., (2, 2), (0., 1.), .UNSPECIFIED.);
#13 = CARTESIAN_POINT('', (59., 30.5, 34.));
#14 = CARTESIAN_POINT('', (59., 28.9, 34.));
#15 = ORIENTED_EDGE('', *, *, #16, .F.);
#16 = EDGE_CURVE('', #17, #8, #19, .T.);
#17 = VERTEX_POINT('', #18);
#18 = CARTESIAN_POINT('', (59., 30.5, 29.2));
#19 = B_SPLINE_CURVE_WITH_KNOTS('', 1, (#20, #21), .UNSPECIFIED., .F., .U., (2, 2), (0., 0.989690721649485), .UNSPECIFIED.);
#20 = CARTESIAN_POINT('', (59., 30.5, 29.2));
#21 = CARTESIAN_POINT('', (59., 30.5, 34.));
#22 = ORIENTED_EDGE('', *, *, #23, .T.);
#23 = EDGE_CURVE('', #17, #24, #26, .T.);
#24 = VERTEX_POINT('', #25);
#25 = CARTESIAN_POINT('', (59., 28.9, 29.2));
#26 = B_SPLINE_CURVE_WITH_KNOTS('', 1, (#27, #28), .UNSPECIFIED., .F., .U., (2, 2), (0., 1.), .UNSPECIFIED.);
#27 = CARTESIAN_POINT('', (59., 30.5, 29.2));
#28 = CARTESIAN_POINT('', (59., 28.9, 29.2));
#29 = ORIENTED_EDGE('', *, *, #30, .T.);
#30 = EDGE_CURVE('', #24, #10, #31, .T.);
#31 = B_SPLINE_CURVE_WITH_KNOTS('', 1, (#32, #33), .UNSPECIFIED., .F., .U., (2, 2), (0., 0.989690721649485), .UNSPECIFIED.);
#32 = CARTESIAN_POINT('', (59., 28.9, 29.2));
#33 = CARTESIAN_POINT('', (59., 28.9, 34.));
#34 = B_SPLINE_SURFACE_WITH_KNOTS('', 1, 1, ((#35, #36), (#37, #38)), .UNSPECIFIED., .F., .F., .U., (2, 2), (2, 2), (0., 1.), (0., 1.), .UNSPECIFIED.);
#35 = CARTESIAN_POINT('', (59., 30.5, 29.2));
#36 = CARTESIAN_POINT('', (59., 30.5, 34.05));
#37 = CARTESIAN_POINT('', (59., 28.9, 29.2));
#38 = CARTESIAN_POINT('', (59., 28.9, 34.05));
#39 = ADVANCED_FACE('', (#40), #62, .T.);
#40 = FACE_OUTER_BOUND('', #41, .T.);
#41 = EDGE_LOOP('', (#42, #49, #56, #61));
#42 = ORIENTED_EDGE('', *, *, #43, .F.);
#43 = EDGE_CURVE('', #44, #8, #46, .T.);
#44 = VERTEX_POINT('', #45);
#45 = CARTESIAN_POINT('', (80., 30.5, 34.));
#46 = B_SPLINE_CURVE_WITH_KNOTS('', 1, (#47, #48), .UNSPECIFIED., .F., .U., (2, 2), (0., 1.), .UNSPECIFIED.);
#47 = CARTESIAN_POINT('', (80., 30.5, 34.));
#48 = CARTESIAN_POINT('', (59., 30.5, 34.));
#49 = ORIENTED_EDGE('', *, *, #50, .F.);
#50 = EDGE_CURVE('', #51, #44, #53, .T.);
#51 = VERTEX_POINT('', #52);
#52 = CARTESIAN_POINT('', (80., 30.5, 29.2));
#53 = B_SPLINE_CURVE_WITH_KNOTS('', 1, (#54, #55), .UNSPECIFIED., .F., .U., (2, 2), (0., 0.989690721649485), .UNSPECIFIED.);
#54 = CARTESIAN_POINT('', (80., 30.5, 29.2));
#55 = CARTESIAN_POINT('', (80., 30.5, 34.));
#56 = ORIENTED_EDGE('', *, *, #57, .T.);
#57 = EDGE_CURVE('', #51, #17, #58, .T.);
#58 = B_SPLINE_CURVE_WITH_KNOTS('', 1, (#59, #60), .UNSPECIFIED., .F., .U., (2, 2), (0., 1.), .UNSPECIFIED.);
#59 = CARTESIAN_POINT('', (80., 30.5, 29.2));
#60 = CARTESIAN_POINT('', (59., 30.5, 29.2));
#61 = ORIENTED_EDGE('', *, *, #16, .T.);
#62 = B_SPLINE_SURFACE_WITH_KNOTS('', 1, 1, ((#63, #64), (#65, #66)), .UNSPECIFIED., .F., .F., .U., (2, 2), (2, 2), (0., 1.), (0., 1.), .UNSPECIFIED.);
#63 = CARTESIAN_POINT('', (80., 30.5, 29.2));
#64 = CARTESIAN_POINT('', (80., 30.5, 34.05));
#65 = CARTESIAN_POINT('', (59., 30.5, 29.2));
#66 = CARTESIAN_POINT('', (59., 30.5, 34.05));
#67 = ADVANCED_FACE('', (#68), #90, .T.);
#68 = FACE_OUTER_BOUND('', #69, .T.);
#69 = EDGE_LOOP('', (#70, #77, #84, #89));
#70 = ORIENTED_EDGE('', *, *, #71, .F.);
#71 = EDGE_CURVE('', #72, #44, #74, .T.);
#72 = VERTEX_POINT('', #73);
#73 = CARTESIAN_POINT('', (80., 28.9, 34.));
#74 = B_SPLINE_CURVE_WITH_KNOTS('', 1, (#75, #76), .UNSPECIFIED., .F., .U., (2, 2), (0., 1.), .UNSPECIFIED.);
#75 = CARTESIAN_POINT('', (80., 28.9, 34.));
#76 = CARTESIAN_POINT('', (80., 30.5, 34.));
#77 = ORIENTED_EDGE('', *, *, #78, .F.);
#78 = EDGE_CURVE('', #79, #72, #81, .T.);
#79 = VERTEX_POINT('', #80);
#80 = CARTESIAN_POINT('', (80., 28.9, 29.2));
#81 = B_SPLINE_CURVE_WITH_KNOTS('', 1, (#82, #83), .UNSPECIFIED., .F., .U., (2, 2), (0., 0.989690721649485), .UNSPECIFIED.);
#82 = CARTESIAN_POINT('', (80., 28.9, 29.2));
#83 = CARTESIAN_POINT('', (80., 28.9, 34.));
#84 = ORIENTED_EDGE('', *, *, #85, .T.);
#85 = EDGE_CURVE('', #79, #51, #86, .T.);
#86 = B_SPLINE_CURVE_WITH_KNOTS('', 1, (#87, #88), .UNSPECIFIED., .F., .U., (2, 2), (0., 1.), .UNSPECIFIED.);
#87 = CARTESIAN_POINT('', (80., 28.9, 29.2));
#88 = CARTESIAN_POINT('', (80., 30.5, 29.2));
#89 = ORIENTED_EDGE('', *, *, #50, .T.);
#90 = B_SPLINE_SURFACE_WITH_KNOTS('', 1, 1, ((#91, #92), (#93, #94)), .UNSPECIFIED., .F., .F., .U., (2, 2), (2, 2), (0., 1.), (0., 1.), .UNSPECIFIED.);
#91 = CARTESIAN_POINT('', (80., 28.9, 29.2));
#92 = CARTESIAN_POINT('', (80., 28.9, 34.05));
#93 = CARTESIAN_POINT('', (80., 30.5, 29.2));
#94 = CARTESIAN_POINT('', (80., 30.5, 34.05));
#95 = ADVANCED_FACE('', (#96), #110, .T.);
#96 = FACE_OUTER_BOUND('', #97, .T.);
#97 = EDGE_LOOP('', (#98, #103, #104, #109));
#98 = ORIENTED_EDGE('', *, *, #99, .F.);
#99 = EDGE_CURVE('', #10, #72, #100, .T.);
#100 = B_SPLINE_CURVE_WITH_KNOTS('', 1, (#101, #102), .UNSPECIFIED., .F., .U., (2, 2), (0., 1.), .UNSPECIFIED.);
#101 = CARTESIAN_POINT('', (59., 28.9, 34.));
#102 = CARTESIAN_POINT('', (80., 28.9, 34.));
#103 = ORIENTED_EDGE('', *, *, #30, .F.);
#104 = ORIENTED_EDGE('', *, *, #105, .T.);
#105 = EDGE_CURVE('', #24, #79, #106, .T.);
#106 = B_SPLINE_CURVE_WITH_KNOTS('', 1, (#107, #108), .UNSPECIFIED., .F., .U., (2, 2), (0., 1.), .UNSPECIFIED.);
#107 = CARTESIAN_POINT('', (59., 28.9, 29.2));
#108 = CARTESIAN_POINT('', (80., 28.9, 29.2));
#109 = ORIENTED_EDGE('', *, *, #78, .T.);
#110 = B_SPLINE_SURFACE_WITH_KNOTS('', 1, 1, ((#111, #112), (#113, #114)), .UNSPECIFIED., .F., .F., .U., (2, 2), (2, 2), (0., 1.), (0., 1.), .UNSPECIFIED.);
#111 = CARTESIAN_POINT('', (59., 28.9, 29.2));
#112 = CARTESIAN_POINT('', (59., 28.9, 34.05));
#113 = CARTESIAN_POINT('', (80., 28.9, 29.2));
#114 = CARTESIAN_POINT('', (80., 28.9, 34.05));
#115 = ADVANCED_FACE('', (#116), #122, .T.);
#116 = FACE_OUTER_BOUND('', #117, .T.);
#117 = EDGE_LOOP('', (#118, #119, #120, #121));
#118 = ORIENTED_EDGE('', *, *, #23, .F.);
#119 = ORIENTED_EDGE('', *, *, #57, .F.);
#120 = ORIENTED_EDGE('', *, *, #85, .F.);
#121 = ORIENTED_EDGE('', *, *, #105, .F.);
#122 = B_SPLINE_SURFACE_WITH_KNOTS('', 1, 1, ((#123, #124), (#125, #126)), .UNSPECIFIED., .F., .F., .U., (2, 2), (2, 2), (0., 1.), (0., 1.), .UNSPECIFIED.);
#123 = CARTESIAN_POINT('', (81.0834752988902, 18.1165247011098, 29.2));
#124 = CARTESIAN_POINT('', (81.0834752988902, 41.2834752988902, 29.2));
#125 = CARTESIAN_POINT('', (57.9165247011098, 18.1165247011098, 29.2));
#126 = CARTESIAN_POINT('', (57.9165247011098, 41.2834752988902, 29.2));
#127 = ADVANCED_FACE('', (#128), #167, .T.);
#128 = FACE_OUTER_BOUND('', #129, .T.);
#129 = EDGE_LOOP('', (#130, #139, #146, #153, #160));
#130 = ORIENTED_EDGE('', *, *, #131, .F.);
#131 = EDGE_CURVE('', #132, #134, #136, .T.);
#132 = VERTEX_POINT('', #133);
#133 = CARTESIAN_POINT('', (59., 3.6, 34.));
#134 = VERTEX_POINT('', #135);
#135 = CARTESIAN_POINT('', (59., 2.1, 34.));
#136 = B_SPLINE_CURVE_WITH_KNOTS('', 1, (#137, #138), .UNSPECIFIED., .F., .U., (2, 2), (0., 1.), .UNSPECIFIED.);
#137 = CARTESIAN_POINT('', (59., 3.6, 34.));
#138 = CARTESIAN_POINT('', (59., 2.09999999999997, 34.));
#139 = ORIENTED_EDGE('', *, *, #140, .F.);
#140 = EDGE_CURVE('', #141, #132, #143, .T.);
#141 = VERTEX_POINT('', #142);
#142 = CARTESIAN_POINT('', (59., 3.6, 29.2));
#143 = B_SPLINE_CURVE_WITH_KNOTS('', 1, (#144, #145), .UNSPECIFIED., .F., .U., (2, 2), (0., 0.989690721649485), .UNSPECIFIED.);
#144 = CARTESIAN_POINT('', (59., 3.6, 29.2));
#145 = CARTESIAN_POINT('', (59., 3.6, 34.));
#146 = ORIENTED_EDGE('', *, *, #147, .T.);
#147 = EDGE_CURVE('', #141, #148, #150, .T.);
#148 = VERTEX_POINT('', #149);
#149 = CARTESIAN_POINT('', (59., 2., 29.2));
#150 = B_SPLINE_CURVE_WITH_KNOTS('', 1, (#151, #152), .UNSPECIFIED., .F., .U., (2, 2), (0., 1.), .UNSPECIFIED.);
#151 = CARTESIAN_POINT('', (59., 3.6, 29.2));
#152 = CARTESIAN_POINT('', (59., 2., 29.2));
#153 = ORIENTED_EDGE('', *, *, #154, .T.);
#154 = EDGE_CURVE('', #148, #155, #157, .T.);
#155 = VERTEX_POINT('', #156);
#156 = CARTESIAN_POINT('', (59., 2., 33.9));
#157 = B_SPLINE_CURVE_WITH_KNOTS('', 1, (#158, #159), .UNSPECIFIED., .F., .U., (2, 2), (0., 0.969072164948455), .UNSPECIFIED.);
#158 = CARTESIAN_POINT('', (59., 2., 29.2));
#159 = CARTESIAN_POINT('', (59., 2., 33.9));
#160 = ORIENTED_EDGE('', *, *, #161, .T.);
#161 = EDGE_CURVE('', #155, #134, #162, .T.);
#162 = B_SPLINE_CURVE_WITH_KNOTS('', 3, (#163, #164, #165, #166), .UNSPECIFIED., .F., .U., (4, 4), (0., 0.141421356237306), .UNSPECIFIED.);
#163 = CARTESIAN_POINT('', (59., 2., 33.9));
#164 = CARTESIAN_POINT('', (59., 2.03333333333333, 33.9333333333333));
#165 = CARTESIAN_POINT('', (59., 2.06666666666667, 33.9666666666667));
#166 = CARTESIAN_POINT('', (59., 2.1, 34.));
#167 = B_SPLINE_SURFACE_WITH_KNOTS('', 1, 1, ((#168, #169), (#170, #171)), .UNSPECIFIED., .F., .F., .U., (2, 2), (2, 2), (0., 1.), (0., 1.), .UNSPECIFIED.);
#168 = CARTESIAN_POINT('', (59., 3.6, 29.2));
#169 = CARTESIAN_POINT('', (59., 3.6, 34.05));
#170 = CARTESIAN_POINT('', (59., 2., 29.2));
#171 = CARTESIAN_POINT('', (59., 2., 34.05));
#172 = ADVANCED_FACE('', (#173), #195, .T.);
#173 = FACE_OUTER_BOUND('', #174, .T.);
#174 = EDGE_LOOP('', (#175, #182, #189, #194));
#175 = ORIENTED_EDGE('', *, *, #176, .F.);
#176 = EDGE_CURVE('', #177, #132, #179, .T.);
#177 = VERTEX_POINT('', #178);
#178 = CARTESIAN_POINT('', (80., 3.6, 34.));
#179 = B_SPLINE_CURVE_WITH_KNOTS('', 1, (#180, #181), .UNSPECIFIED., .F., .U., (2, 2), (0., 1.), .UNSPECIFIED.);
#180 = CARTESIAN_POINT('', (80., 3.6, 34.));
#181 = CARTESIAN_POINT('', (59., 3.6, 34.));
#182 = ORIENTED_EDGE('', *, *, #183, .F.);
#183 = EDGE_CURVE('', #184, #177, #186, .T.);
#184 = VERTEX_POINT('', #185);
#185 = CARTESIAN_POINT('', (80., 3.6, 29.2));
#186 = B_SPLINE_CURVE_WITH_KNOTS('', 1, (#187, #188), .UNSPECIFIED., .F., .U., (2, 2), (0., 0.989690721649485), .UNSPECIFIED.);
#187 = CARTESIAN_POINT('', (80., 3.6, 29.2));
#188 = CARTESIAN_POINT('', (80., 3.6, 34.));
#189 = ORIENTED_EDGE('', *, *, #190, .T.);
#190 = EDGE_CURVE('', #184, #141, #191, .T.);
#191 = B_SPLINE_CURVE_WITH_KNOTS('', 1, (#192, #193), .UNSPECIFIED., .F., .U., (2, 2), (0., 1.), .UNSPECIFIED.);
#192 = CARTESIAN_POINT('', (80., 3.6, 29.2));
#193 = CARTESIAN_POINT('', (59., 3.6, 29.2));
#194 = ORIENTED_EDGE('', *, *, #140, .T.);
#195 = B_SPLINE_SURFACE_WITH_KNOTS('', 1, 1, ((#196, #197), (#198, #199)), .UNSPECIFIED., .F., .F., .U., (2, 2), (2, 2), (0., 1.), (0., 1.), .UNSPECIFIED.);
#196 = CARTESIAN_POINT('', (80., 3.6, 29.2));
#197 = CARTESIAN_POINT('', (80., 3.6, 34.05));
#198 = CARTESIAN_POINT('', (59., 3.6, 29.2));
#199 = CARTESIAN_POINT('', (59., 3.6, 34.05));
#200 = ADVANCED_FACE('', (#201), #232, .T.);
#201 = FACE_OUTER_BOUND('', #202, .T.);
#202 = EDGE_LOOP('', (#203, #210, #219, #226, #231));
#203 = ORIENTED_EDGE('', *, *, #204, .F.);
#204 = EDGE_CURVE('', #205, #177, #207, .T.);
#205 = VERTEX_POINT('', #206);
#206 = CARTESIAN_POINT('', (80., 2.1, 34.));
#207 = B_SPLINE_CURVE_WITH_KNOTS('', 1, (#208, #209), .UNSPECIFIED., .F., .U., (2, 2), (0., 1.), .UNSPECIFIED.);
#208 = CARTESIAN_POINT('', (80., 2.09999999999999, 34.));
#209 = CARTESIAN_POINT('', (80., 3.6, 34.));
#210 = ORIENTED_EDGE('', *, *, #211, .F.);
#211 = EDGE_CURVE('', #212, #205, #214, .T.);
#212 = VERTEX_POINT('', #213);
#213 = CARTESIAN_POINT('', (80., 2., 33.9));
#214 = B_SPLINE_CURVE_WITH_KNOTS('', 3, (#215, #216, #217, #218), .UNSPECIFIED., .F., .U., (4, 4), (0., 0.141421356237306), .UNSPECIFIED.);
#215 = CARTESIAN_POINT('', (80., 2., 33.9));
#216 = CARTESIAN_POINT('', (80., 2.03333333333333, 33.9333333333333));
#217 = CARTESIAN_POINT('', (80., 2.06666666666667, 33.9666666666667));
#218 = CARTESIAN_POINT('', (80., 2.1, 34.));
#219 = ORIENTED_EDGE('', *, *, #220, .F.);
#220 = EDGE_CURVE('', #221, #212, #223, .T.);
#221 = VERTEX_POINT('', #222);
#222 = CARTESIAN_POINT('', (80., 2., 29.2));
#223 = B_SPLINE_CURVE_WITH_KNOTS('', 1, (#224, #225), .UNSPECIFIED., .F., .U., (2, 2), (0., 0.969072164948455), .UNSPECIFIED.);
#224 = CARTESIAN_POINT('', (80., 2., 29.2));
#225 = CARTESIAN_POINT('', (80., 2., 33.9));
#226 = ORIENTED_EDGE('', *, *, #227, .T.);
#227 = EDGE_CURVE('', #221, #184, #228, .T.);
#228 = B_SPLINE_CURVE_WITH_KNOTS('', 1, (#229, #230), .UNSPECIFIED., .F., .U., (2, 2), (0., 1.), .UNSPECIFIED.);
#229 = CARTESIAN_POINT('', (80., 2., 29.2));
#230 = CARTESIAN_POINT('', (80., 3.6, 29.2));
#231 = ORIENTED_EDGE('', *, *, #183, .T.);
#232 = B_SPLINE_SURFACE_WITH_KNOTS('', 1, 1, ((#233, #234), (#235, #236)), .UNSPECIFIED., .F., .F., .U., (2, 2), (2, 2), (0., 1.), (0., 1.), .UNSPECIFIED.);
#233 = CARTESIAN_POINT('', (80., 2., 29.2));
#234 = CARTESIAN_POINT('', (80., 2., 34.05));
#235 = CARTESIAN_POINT('', (80., 3.6, 29.2));
#236 = CARTESIAN_POINT('', (80., 3.6, 34.05));
#237 = ADVANCED_FACE('', (#238), #254, .T.);
#238 = FACE_OUTER_BOUND('', #239, .T.);
#239 = EDGE_LOOP('', (#240, #247, #248, #253));
#240 = ORIENTED_EDGE('', *, *, #241, .T.);
#241 = EDGE_CURVE('', #212, #155, #242, .T.);
#242 = B_SPLINE_CURVE_WITH_KNOTS('', 3, (#243, #244, #245, #246), .UNSPECIFIED., .F., .U., (4, 4), (0., 21.), .UNSPECIFIED.);
#243 = CARTESIAN_POINT('', (80., 2., 33.9));
#244 = CARTESIAN_POINT('', (73., 2., 33.9));
#245 = CARTESIAN_POINT('', (66., 2., 33.9));
#246 = CARTESIAN_POINT('', (59., 2., 33.9));
#247 = ORIENTED_EDGE('', *, *, #154, .F.);
#248 = ORIENTED_EDGE('', *, *, #249, .T.);
#249 = EDGE_CURVE('', #148, #221, #250, .T.);
#250 = B_SPLINE_CURVE_WITH_KNOTS('', 1, (#251, #252), .UNSPECIFIED., .F., .U., (2, 2), (0., 1.), .UNSPECIFIED.);
#251 = CARTESIAN_POINT('', (59., 2., 29.2));
#252 = CARTESIAN_POINT('', (80., 2., 29.2));
#253 = ORIENTED_EDGE('', *, *, #220, .T.);
#254 = B_SPLINE_SURFACE_WITH_KNOTS('', 1, 1, ((#255, #256), (#257, #258)), .UNSPECIFIED., .F., .F., .U., (2, 2), (2, 2), (0., 1.), (0., 1.), .UNSPECIFIED.);
#255 = CARTESIAN_POINT('', (59., 2., 29.2));
#256 = CARTESIAN_POINT('', (59., 2., 34.05));
#257 = CARTESIAN_POINT('', (80., 2., 29.2));
#258 = CARTESIAN_POINT('', (80., 2., 34.05));
#259 = ADVANCED_FACE('', (#260), #266, .T.);
#260 = FACE_OUTER_BOUND('', #261, .T.);
#261 = EDGE_LOOP('', (#262, #263, #264, #265));
#262 = ORIENTED_EDGE('', *, *, #147, .F.);
#263 = ORIENTED_EDGE('', *, *, #190, .F.);
#264 = ORIENTED_EDGE('', *, *, #227, .F.);
#265 = ORIENTED_EDGE('', *, *, #249, .F.);
#266 = B_SPLINE_SURFACE_WITH_KNOTS('', 1, 1, ((#267, #268), (#269, #270)), .UNSPECIFIED., .F., .F., .U., (2, 2), (2, 2), (0., 1.), (0., 1.), .UNSPECIFIED.);
#267 = CARTESIAN_POINT('', (81.0834752988902, -8.78347529889023, 29.2));
#268 = CARTESIAN_POINT('', (81.0834752988902, 14.3834752988902, 29.2));
#269 = CARTESIAN_POINT('', (57.9165247011098, -8.78347529889023, 29.2));
#270 = CARTESIAN_POINT('', (57.9165247011098, 14.3834752988902, 29.2));
#271 = ADVANCED_FACE('', (#272), #302, .T.);
#272 = FACE_OUTER_BOUND('', #273, .T.);
#273 = EDGE_LOOP('', (#274, #283, #290, #297));
#274 = ORIENTED_EDGE('', *, *, #275, .F.);
#275 = EDGE_CURVE('', #276, #278, #280, .T.);
#276 = VERTEX_POINT('', #277);
#277 = CARTESIAN_POINT('', (6., 22., 25.));
#278 = VERTEX_POINT('', #279);
#279 = CARTESIAN_POINT('', (6., 20., 25.));
#280 = B_SPLINE_CURVE_WITH_KNOTS('', 1, (#281, #282), .UNSPECIFIED., .F., .U., (2, 2), (0., 1.), .UNSPECIFIED.);
#281 = CARTESIAN_POINT('', (6., 22., 25.));
#282 = CARTESIAN_POINT('', (6., 20., 25.));
#283 = ORIENTED_EDGE('', *, *, #284, .F.);
#284 = EDGE_CURVE('', #285, #276, #287, .T.);
#285 = VERTEX_POINT('', #286);
#286 = CARTESIAN_POINT('', (6., 22., 23.75));
#287 = B_SPLINE_CURVE_WITH_KNOTS('', 1, (#288, #289), .UNSPECIFIED., .F., .U., (2, 2), (0., 0.961538461538461), .UNSPECIFIED.);
#288 = CARTESIAN_POINT('', (6., 22., 23.75));
#289 = CARTESIAN_POINT('', (6., 22., 25.));
#290 = ORIENTED_EDGE('', *, *, #291, .T.);
#291 = EDGE_CURVE('', #285, #292, #294, .T.);
#292 = VERTEX_POINT('', #293);
#293 = CARTESIAN_POINT('', (6., 20., 23.75));
#294 = B_SPLINE_CURVE_WITH_KNOTS('', 1, (#295, #296), .UNSPECIFIED., .F., .U., (2, 2), (0., 1.), .UNSPECIFIED.);
#295 = CARTESIAN_POINT('', (6., 22., 23.75));
#296 = CARTESIAN_POINT('', (6., 20., 23.75));
#297 = ORIENTED_EDGE('', *, *, #298, .T.);
#298 = EDGE_CURVE('', #292, #278, #299, .T.);
#299 = B_SPLINE_CURVE_WITH_KNOTS('', 1, (#300, #301), .UNSPECIFIED., .F., .U., (2, 2), (0., 0.961538461538461), .UNSPECIFIED.);
#300 = CARTESIAN_POINT('', (6., 20., 23.75));
#301 = CARTESIAN_POINT('', (6., 20., 25.));
#302 = B_SPLINE_SURFACE_WITH_KNOTS('', 1, 1, ((#303, #304), (#305, #306)), .UNSPECIFIED., .F., .F., .U., (2, 2), (2, 2), (0., 1.), (0., 1.), .UNSPECIFIED.);
#303 = CARTESIAN_POINT('', (6., 22., 23.75));
#304 = CARTESIAN_POINT('', (6., 22., 25.05));
#305 = CARTESIAN_POINT('', (6., 20., 23.75));
#306 = CARTESIAN_POINT('', (6., 20., 25.05));
#307 = ADVANCED_FACE('', (#308), #330, .T.);
#308 = FACE_OUTER_BOUND('', #309, .T.);
#309 = EDGE_LOOP('', (#310, #317, #324, #329));
#310 = ORIENTED_EDGE('', *, *, #311, .F.);
#311 = EDGE_CURVE('', #312, #276, #314, .T.);
#312 = VERTEX_POINT('', #313);
#313 = CARTESIAN_POINT('', (20., 22., 25.));
#314 = B_SPLINE_CURVE_WITH_KNOTS('', 1, (#315, #316), .UNSPECIFIED., .F., .U., (2, 2), (0., 1.), .UNSPECIFIED.);
#315 = CARTESIAN_POINT('', (20., 22., 25.));
#316 = CARTESIAN_POINT('', (6., 22., 25.));
#317 = ORIENTED_EDGE('', *, *, #318, .F.);
#318 = EDGE_CURVE('', #319, #312, #321, .T.);
#319 = VERTEX_POINT('', #320);
#320 = CARTESIAN_POINT('', (20., 22., 23.75));
#321 = B_SPLINE_CURVE_WITH_KNOTS('', 1, (#322, #323), .UNSPECIFIED., .F., .U., (2, 2), (0., 0.961538461538461), .UNSPECIFIED.);
#322 = CARTESIAN_POINT('', (20., 22., 23.75));
#323 = CARTESIAN_POINT('', (20., 22., 25.));
#324 = ORIENTED_EDGE('', *, *, #325, .T.);
#325 = EDGE_CURVE('', #319, #285, #326, .T.);
#326 = B_SPLINE_CURVE_WITH_KNOTS('', 1, (#327, #328), .UNSPECIFIED., .F., .U., (2, 2), (0., 1.), .UNSPECIFIED.);
#327 = CARTESIAN_POINT('', (20., 22., 23.75));
#328 = CARTESIAN_POINT('', (6., 22., 23.75));
#329 = ORIENTED_EDGE('', *, *, #284, .T.);
#330 = B_SPLINE_SURFACE_WITH_KNOTS('', 1, 1, ((#331, #332), (#333, #334)), .UNSPECIFIED., .F., .F., .U., (2, 2), (2, 2), (0., 1.), (0., 1.), .UNSPECIFIED.);
#331 = CARTESIAN_POINT('', (20., 22., 23.75));
#332 = CARTESIAN_POINT('', (20., 22., 25.05));
#333 = CARTESIAN_POINT('', (6., 22., 23.75));
#334 = CARTESIAN_POINT('', (6., 22., 25.05));
#335 = ADVANCED_FACE('', (#336), #358, .T.);
#336 = FACE_OUTER_BOUND('', #337, .T.);
#337 = EDGE_LOOP('', (#338, #345, #352, #357));
#338 = ORIENTED_EDGE('', *, *, #339, .F.);
#339 = EDGE_CURVE('', #340, #312, #342, .T.);
#340 = VERTEX_POINT('', #341);
#341 = CARTESIAN_POINT('', (20., 20., 25.));
#342 = B_SPLINE_CURVE_WITH_KNOTS('', 1, (#343, #344), .UNSPECIFIED., .F., .U., (2, 2), (0., 1.), .UNSPECIFIED.);
#343 = CARTESIAN_POINT('', (20., 20., 25.));
#344 = CARTESIAN_POINT('', (20., 22., 25.));
#345 = ORIENTED_EDGE('', *, *, #346, .F.);
#346 = EDGE_CURVE('', #347, #340, #349, .T.);
#347 = VERTEX_POINT('', #348);
#348 = CARTESIAN_POINT('', (20., 20., 23.75));
#349 = B_SPLINE_CURVE_WITH_KNOTS('', 1, (#350, #351), .UNSPECIFIED., .F., .U., (2, 2), (0., 0.961538461538461), .UNSPECIFIED.);
#350 = CARTESIAN_POINT('', (20., 20., 23.75));
#351 = CARTESIAN_POINT('', (20., 20., 25.));
#352 = ORIENTED_EDGE('', *, *, #353, .T.);
#353 = EDGE_CURVE('', #347, #319, #354, .T.);
#354 = B_SPLINE_CURVE_WITH_KNOTS('', 1, (#355, #356), .UNSPECIFIED., .F., .U., (2, 2), (0., 1.), .UNSPECIFIED.);
#355 = CARTESIAN_POINT('', (20., 20., 23.75));
#356 = CARTESIAN_POINT('', (20., 22., 23.75));
#357 = ORIENTED_EDGE('', *, *, #318, .T.);
#358 = B_SPLINE_SURFACE_WITH_KNOTS('', 1, 1, ((#359, #360), (#361, #362)), .UNSPECIFIED., .F., .F., .U., (2, 2), (2, 2), (0., 1.), (0., 1.), .UNSPECIFIED.);
#359 = CARTESIAN_POINT('', (20., 20., 23.75));
#360 = CARTESIAN_POINT('', (20., 20., 25.05));
#361 = CARTESIAN_POINT('', (20., 22., 23.75));
#362 = CARTESIAN_POINT('', (20., 22., 25.05));
#363 = ADVANCED_FACE('', (#364), #378, .T.);
#364 = FACE_OUTER_BOUND('', #365, .T.);
#365 = EDGE_LOOP('', (#366, #371, #372, #377));
#366 = ORIENTED_EDGE('', *, *, #367, .F.);
#367 = EDGE_CURVE('', #278, #340, #368, .T.);
#368 = B_SPLINE_CURVE_WITH_KNOTS('', 1, (#369, #370), .UNSPECIFIED., .F., .U., (2, 2), (0., 1.), .UNSPECIFIED.);
#369 = CARTESIAN_POINT('', (6., 20., 25.));
#370 = CARTESIAN_POINT('', (20., 20., 25.));
#371 = ORIENTED_EDGE('', *, *, #298, .F.);
#372 = ORIENTED_EDGE('', *, *, #373, .T.);
#373 = EDGE_CURVE('', #292, #347, #374, .T.);
#374 = B_SPLINE_CURVE_WITH_KNOTS('', 1, (#375, #376), .UNSPECIFIED., .F., .U., (2, 2), (0., 1.), .UNSPECIFIED.);
#375 = CARTESIAN_POINT('', (6., 20., 23.75));
#376 = CARTESIAN_POINT('', (20., 20., 23.75));
#377 = ORIENTED_EDGE('', *, *, #346, .T.);
#378 = B_SPLINE_SURFACE_WITH_KNOTS('', 1, 1, ((#379, #380), (#381, #382)), .UNSPECIFIED., .F., .F., .U., (2, 2), (2, 2), (0., 1.), (0., 1.), .UNSPECIFIED.);
#379 = CARTESIAN_POINT('', (6., 20., 23.75));
#380 = CARTESIAN_POINT('', (6., 20., 25.05));
#381 = CARTESIAN_POINT('', (20., 20., 23.75));
#382 = CARTESIAN_POINT('', (20., 20., 25.05));
#383 = ADVANCED_FACE('', (#384), #390, .T.);
#384 = FACE_OUTER_BOUND('', #385, .T.);
#385 = EDGE_LOOP('', (#386, #387, #388, #389));
#386 = ORIENTED_EDGE('', *, *, #291, .F.);
#387 = ORIENTED_EDGE('', *, *, #325, .F.);
#388 = ORIENTED_EDGE('', *, *, #353, .F.);
#389 = ORIENTED_EDGE('', *, *, #373, .F.);
#390 = B_SPLINE_SURFACE_WITH_KNOTS('', 1, 1, ((#391, #392), (#393, #394)), .UNSPECIFIED., .F., .F., .U., (2, 2), (2, 2), (0., 1.), (0., 1.), .UNSPECIFIED.);
#391 = CARTESIAN_POINT('', (20.778174593052, 13.221825406948, 23.75));
#392 = CARTESIAN_POINT('', (20.778174593052, 28.778174593052, 23.75));
#393 = CARTESIAN_POINT('', (5.22182540694798, 13.221825406948, 23.75));
#394 = CARTESIAN_POINT('', (5.22182540694798, 28.778174593052, 23.75));
#395 = ADVANCED_FACE('', (#396), #426, .T.);
#396 = FACE_OUTER_BOUND('', #397, .T.);
#397 = EDGE_LOOP('', (#398, #407, #414, #421));
#398 = ORIENTED_EDGE('', *, *, #399, .F.);
#399 = EDGE_CURVE('', #400, #402, #404, .T.);
#400 = VERTEX_POINT('', #401);
#401 = CARTESIAN_POINT('', (6., 5., 25.));
#402 = VERTEX_POINT('', #403);
#403 = CARTESIAN_POINT('', (6., 3., 25.));
#404 = B_SPLINE_CURVE_WITH_KNOTS('', 1, (#405, #406), .UNSPECIFIED., .F., .U., (2, 2), (0., 1.), .UNSPECIFIED.);
#405 = CARTESIAN_POINT('', (6., 5., 25.));
#406 = CARTESIAN_POINT('', (6., 3., 25.));
#407 = ORIENTED_EDGE('', *, *, #408, .F.);
#408 = EDGE_CURVE('', #409, #400, #411, .T.);
#409 = VERTEX_POINT('', #410);
#410 = CARTESIAN_POINT('', (6., 5., 23.75));
#411 = B_SPLINE_CURVE_WITH_KNOTS('', 1, (#412, #413), .UNSPECIFIED., .F., .U., (2, 2), (0., 0.961538461538461), .UNSPECIFIED.);
#412 = CARTESIAN_POINT('', (6., 5., 23.75));
#413 = CARTESIAN_POINT('', (6., 5., 25.));
#414 = ORIENTED_EDGE('', *, *, #415, .T.);
#415 = EDGE_CURVE('', #409, #416, #418, .T.);
#416 = VERTEX_POINT('', #417);
#417 = CARTESIAN_POINT('', (6., 3., 23.75));
#418 = B_SPLINE_CURVE_WITH_KNOTS('', 1, (#419, #420), .UNSPECIFIED., .F., .U., (2, 2), (0., 1.), .UNSPECIFIED.);
#419 = CARTESIAN_POINT('', (6., 5., 23.75));
#420 = CARTESIAN_POINT('', (6., 3., 23.75));
#421 = ORIENTED_EDGE('', *, *, #422, .T.);
#422 = EDGE_CURVE('', #416, #402, #423, .T.);
#423 = B_SPLINE_CURVE_WITH_KNOTS('', 1, (#424, #425), .UNSPECIFIED., .F., .U., (2, 2), (0., 0.961538461538461), .UNSPECIFIED.);
#424 = CARTESIAN_POINT('', (6., 3., 23.75));
#425 = CARTESIAN_POINT('', (6., 3., 25.));
#426 = B_SPLINE_SURFACE_WITH_KNOTS('', 1, 1, ((#427, #428), (#429, #430)), .UNSPECIFIED., .F., .F., .U., (2, 2), (2, 2), (0., 1.), (0., 1.), .UNSPECIFIED.);
#427 = CARTESIAN_POINT('', (6., 5., 23.75));
#428 = CARTESIAN_POINT('', (6., 5., 25.05));
#429 = CARTESIAN_POINT('', (6., 3., 23.75));
#430 = CARTESIAN_POINT('', (6., 3., 25.05));
#431 = ADVANCED_FACE('', (#432), #454, .T.);
#432 = FACE_OUTER_BOUND('', #433, .T.);
#433 = EDGE_LOOP('', (#434, #441, #448, #453));
#434 = ORIENTED_EDGE('', *, *, #435, .F.);
#435 = EDGE_CURVE('', #436, #400, #438, .T.);
#436 = VERTEX_POINT('', #437);
#437 = CARTESIAN_POINT('', (20., 5., 25.));
#438 = B_SPLINE_CURVE_WITH_KNOTS('', 1, (#439, #440), .UNSPECIFIED., .F., .U., (2, 2), (0., 1.), .UNSPECIFIED.);
#439 = CARTESIAN_POINT('', (20., 5., 25.));
#440 = CARTESIAN_POINT('', (6., 5., 25.));
#441 = ORIENTED_EDGE('', *, *, #442, .F.);
#442 = EDGE_CURVE('', #443, #436, #445, .T.);
#443 = VERTEX_POINT('', #444);
#444 = CARTESIAN_POINT('', (20., 5., 23.75));
#445 = B_SPLINE_CURVE_WITH_KNOTS('', 1, (#446, #447), .UNSPECIFIED., .F., .U., (2, 2), (0., 0.961538461538461), .UNSPECIFIED.);
#446 = CARTESIAN_POINT('', (20., 5., 23.75));
#447 = CARTESIAN_POINT('', (20., 5., 25.));
#448 = ORIENTED_EDGE('', *, *, #449, .T.);
#449 = EDGE_CURVE('', #443, #409, #450, .T.);
#450 = B_SPLINE_CURVE_WITH_KNOTS('', 1, (#451, #452), .UNSPECIFIED., .F., .U., (2, 2), (0., 1.), .UNSPECIFIED.);
#451 = CARTESIAN_POINT('', (20., 5., 23.75));
#452 = CARTESIAN_POINT('', (6., 5., 23.75));
#453 = ORIENTED_EDGE('', *, *, #408, .T.);
#454 = B_SPLINE_SURFACE_WITH_KNOTS('', 1, 1, ((#455, #456), (#457, #458)), .UNSPECIFIED., .F., .F., .U., (2, 2), (2, 2), (0., 1.), (0., 1.), .UNSPECIFIED.);
#455 = CARTESIAN_POINT('', (20., 5., 23.75));
#456 = CARTESIAN_POINT('', (20., 5., 25.05));
#457 = CARTESIAN_POINT('', (6., 5., 23.75));
#458 = CARTESIAN_POINT('', (6., 5., 25.05));
#459 = ADVANCED_FACE('', (#460), #482, .T.);
#460 = FACE_OUTER_BOUND('', #461, .T.);
#461 = EDGE_LOOP('', (#462, #469, #476, #481));
#462 = ORIENTED_EDGE('', *, *, #463, .F.);
#463 = EDGE_CURVE('', #464, #436, #466, .T.);
#464 = VERTEX_POINT('', #465);
#465 = CARTESIAN_POINT('', (20., 3., 25.));
#466 = B_SPLINE_CURVE_WITH_KNOTS('', 1, (#467, #468), .UNSPECIFIED., .F., .U., (2, 2), (0., 1.), .UNSPECIFIED.);
#467 = CARTESIAN_POINT('', (20., 3., 25.));
#468 = CARTESIAN_POINT('', (20., 5., 25.));
#469 = ORIENTED_EDGE('', *, *, #470, .F.);
#470 = EDGE_CURVE('', #471, #464, #473, .T.);
#471 = VERTEX_POINT('', #472);
#472 = CARTESIAN_POINT('', (20., 3., 23.75));
#473 = B_SPLINE_CURVE_WITH_KNOTS('', 1, (#474, #475), .UNSPECIFIED., .F., .U., (2, 2), (0., 0.961538461538461), .UNSPECIFIED.);
#474 = CARTESIAN_POINT('', (20., 3., 23.75));
#475 = CARTESIAN_POINT('', (20., 3., 25.));
#476 = ORIENTED_EDGE('', *, *, #477, .T.);
#477 = EDGE_CURVE('', #471, #443, #478, .T.);
#478 = B_SPLINE_CURVE_WITH_KNOTS('', 1, (#479, #480), .UNSPECIFIED., .F., .U., (2, 2), (0., 1.), .UNSPECIFIED.);
#479 = CARTESIAN_POINT('', (20., 3., 23.75));
#480 = CARTESIAN_POINT('', (20., 5., 23.75));
#481 = ORIENTED_EDGE('', *, *, #442, .T.);
#482 = B_SPLINE_SURFACE_WITH_KNOTS('', 1, 1, ((#483, #484), (#485, #486)), .UNSPECIFIED., .F., .F., .U., (2, 2), (2, 2), (0., 1.), (0., 1.), .UNSPECIFIED.);
#483 = CARTESIAN_POINT('', (20., 3., 23.75));
#484 = CARTESIAN_POINT('', (20., 3., 25.05));
#485 = CARTESIAN_POINT('', (20., 5., 23.75));
#486 = CARTESIAN_POINT('', (20., 5., 25.05));
#487 = ADVANCED_FACE('', (#488), #502, .T.);
#488 = FACE_OUTER_BOUND('', #489, .T.);
#489 = EDGE_LOOP('', (#490, #495, #496, #501));
#490 = ORIENTED_EDGE('', *, *, #491, .F.);
#491 = EDGE_CURVE('', #402, #464, #492, .T.);
#492 = B_SPLINE_CURVE_WITH_KNOTS('', 1, (#493, #494), .UNSPECIFIED., .F., .U., (2, 2), (0., 1.), .UNSPECIFIED.);
#493 = CARTESIAN_POINT('', (6., 3., 25.));
#494 = CARTESIAN_POINT('', (20., 3., 25.));
#495 = ORIENTED_EDGE('', *, *, #422, .F.);
#496 = ORIENTED_EDGE('', *, *, #497, .T.);
#497 = EDGE_CURVE('', #416, #471, #498, .T.);
#498 = B_SPLINE_CURVE_WITH_KNOTS('', 1, (#499, #500), .UNSPECIFIED., .F., .U., (2, 2), (0., 1.), .UNSPECIFIED.);
#499 = CARTESIAN_POINT('', (6., 3., 23.75));
#500 = CARTESIAN_POINT('', (20., 3., 23.75));
#501 = ORIENTED_EDGE('', *, *, #470, .T.);
#502 = B_SPLINE_SURFACE_WITH_KNOTS('', 1, 1, ((#503, #504), (#505, #506)), .UNSPECIFIED., .F., .F., .U., (2, 2), (2, 2), (0., 1.), (0., 1.), .UNSPECIFIED.);
#503 = CARTESIAN_POINT('', (6., 3., 23.75));
#504 = CARTESIAN_POINT('', (6., 3., 25.05));
#505 = CARTESIAN_POINT('', (20., 3., 23.75));
#506 = CARTESIAN_POINT('', (20., 3., 25.05));
#507 = ADVANCED_FACE('', (#508), #514, .T.);
#508 = FACE_OUTER_BOUND('', #509, .T.);
#509 = EDGE_LOOP('', (#510, #511, #512, #513));
#510 = ORIENTED_EDGE('', *, *, #415, .F.);
#511 = ORIENTED_EDGE('', *, *, #449, .F.);
#512 = ORIENTED_EDGE('', *, *, #477, .F.);
#513 = ORIENTED_EDGE('', *, *, #497, .F.);
#514 = B_SPLINE_SURFACE_WITH_KNOTS('', 1, 1, ((#515, #516), (#517, #518)), .UNSPECIFIED., .F., .F., .U., (2, 2), (2, 2), (0., 1.), (0., 1.), .UNSPECIFIED.);
#515 = CARTESIAN_POINT('', (20.778174593052, -3.77817459305202, 23.75));
#516 = CARTESIAN_POINT('', (20.778174593052, 11.778174593052, 23.75));
#517 = CARTESIAN_POINT('', (5.22182540694798, -3.77817459305202, 23.75));
#518 = CARTESIAN_POINT('', (5.22182540694798, 11.778174593052, 23.75));
#519 = ADVANCED_FACE('', (#520), #550, .T.);
#520 = FACE_OUTER_BOUND('', #521, .T.);
#521 = EDGE_LOOP('', (#522, #531, #538, #545));
#522 = ORIENTED_EDGE('', *, *, #523, .F.);
#523 = EDGE_CURVE('', #524, #526, #528, .T.);
#524 = VERTEX_POINT('', #525);
#525 = CARTESIAN_POINT('', (10., 23., 27.4));
#526 = VERTEX_POINT('', #527);
#527 = CARTESIAN_POINT('', (16., 23., 27.4));
#528 = B_SPLINE_CURVE_WITH_KNOTS('', 1, (#529, #530), .UNSPECIFIED., .F., .U., (2, 2), (0.0961700423375325, 0.903829957662467), .UNSPECIFIED.);
#529 = CARTESIAN_POINT('', (10., 23., 27.4));
#530 = CARTESIAN_POINT('', (16., 23., 27.4));
#531 = ORIENTED_EDGE('', *, *, #532, .F.);
#532 = EDGE_CURVE('', #533, #524, #535, .T.);
#533 = VERTEX_POINT('', #534);
#534 = CARTESIAN_POINT('', (10., 24.6, 27.4));
#535 = B_SPLINE_CURVE_WITH_KNOTS('', 1, (#536, #537), .UNSPECIFIED., .F., .U., (2, 2), (0., 0.516129032258064), .UNSPECIFIED.);
#536 = CARTESIAN_POINT('', (10., 24.6, 27.4));
#537 = CARTESIAN_POINT('', (10., 23., 27.4));
#538 = ORIENTED_EDGE('', *, *, #539, .F.);
#539 = EDGE_CURVE('', #540, #533, #542, .T.);
#540 = VERTEX_POINT('', #541);
#541 = CARTESIAN_POINT('', (16., 24.6, 27.4));
#542 = B_SPLINE_CURVE_WITH_KNOTS('', 1, (#543, #544), .UNSPECIFIED., .F., .U., (2, 2), (0., 1.), .UNSPECIFIED.);
#543 = CARTESIAN_POINT('', (16., 24.6, 27.4));
#544 = CARTESIAN_POINT('', (10., 24.6, 27.4));
#545 = ORIENTED_EDGE('', *, *, #546, .F.);
#546 = EDGE_CURVE('', #526, #540, #547, .T.);
#547 = B_SPLINE_CURVE_WITH_KNOTS('', 1, (#548, #549), .UNSPECIFIED., .F., .U., (2, 2), (0.483870967741936, 1.), .UNSPECIFIED.);
#548 = CARTESIAN_POINT('', (16., 23., 27.4));
#549 = CARTESIAN_POINT('', (16., 24.6, 27.4));
#550 = B_SPLINE_SURFACE_WITH_KNOTS('', 1, 1, ((#551, #552), (#553, #554)), .UNSPECIFIED., .F., .F., .U., (2, 2), (2, 2), (0., 1.), (0., 1.), .UNSPECIFIED.);
#551 = CARTESIAN_POINT('', (16.7144346810787, 19.3355653189213, 27.4));
#552 = CARTESIAN_POINT('', (16.7144346810787, 26.7644346810787, 27.4));
#553 = CARTESIAN_POINT('', (9.28556531892133, 19.3355653189213, 27.4));
#554 = CARTESIAN_POINT('', (9.28556531892133, 26.7644346810787, 27.4));
#555 = ADVANCED_FACE('', (#556), #587, .T.);
#556 = FACE_OUTER_BOUND('', #557, .T.);
#557 = EDGE_LOOP('', (#558, #567, #572, #573, #580));
#558 = ORIENTED_EDGE('', *, *, #559, .F.);
#559 = EDGE_CURVE('', #560, #562, #564, .T.);
#560 = VERTEX_POINT('', #561);
#561 = CARTESIAN_POINT('', (10., 24.6, 34.));
#562 = VERTEX_POINT('', #563);
#563 = CARTESIAN_POINT('', (10., 23.5, 34.));
#564 = B_SPLINE_CURVE_WITH_KNOTS('', 1, (#565, #566), .UNSPECIFIED., .F., .U., (2, 2), (0., 0.354838709677421), .UNSPECIFIED.);
#565 = CARTESIAN_POINT('', (10., 24.6, 34.));
#566 = CARTESIAN_POINT('', (10., 23.5, 34.));
#567 = ORIENTED_EDGE('', *, *, #568, .F.);
#568 = EDGE_CURVE('', #533, #560, #569, .T.);
#569 = B_SPLINE_CURVE_WITH_KNOTS('', 1, (#570, #571), .UNSPECIFIED., .F., .U., (2, 2), (0., 0.992481203007519), .UNSPECIFIED.);
#570 = CARTESIAN_POINT('', (10., 24.6, 27.4));
#571 = CARTESIAN_POINT('', (10., 24.6, 34.));
#572 = ORIENTED_EDGE('', *, *, #532, .T.);
#573 = ORIENTED_EDGE('', *, *, #574, .F.);
#574 = EDGE_CURVE('', #575, #524, #577, .T.);
#575 = VERTEX_POINT('', #576);
#576 = CARTESIAN_POINT('', (10., 23., 33.5));
#577 = B_SPLINE_CURVE_WITH_KNOTS('', 1, (#578, #579), .UNSPECIFIED., .F., .U., (2, 2), (0., 1.), .UNSPECIFIED.);
#578 = CARTESIAN_POINT('', (10., 23., 33.5));
#579 = CARTESIAN_POINT('', (10., 23., 27.4));
#580 = ORIENTED_EDGE('', *, *, #581, .T.);
#581 = EDGE_CURVE('', #575, #562, #582, .T.);
#582 = B_SPLINE_CURVE_WITH_KNOTS('', 3, (#583, #584, #585, #586), .UNSPECIFIED., .F., .U., (4, 4), (0., 0.707106781186548), .UNSPECIFIED.);
#583 = CARTESIAN_POINT('', (10., 23., 33.5));
#584 = CARTESIAN_POINT('', (10., 23.1666666666667, 33.6666666666667));
#585 = CARTESIAN_POINT('', (10., 23.3333333333333, 33.8333333333333));
#586 = CARTESIAN_POINT('', (10., 23.5, 34.));
#587 = B_SPLINE_SURFACE_WITH_KNOTS('', 1, 1, ((#588, #589), (#590, #591)), .UNSPECIFIED., .F., .F., .U., (2, 2), (2, 2), (0., 1.), (0., 1.), .UNSPECIFIED.);
#588 = CARTESIAN_POINT('', (10., 24.6, 27.4));
#589 = CARTESIAN_POINT('', (10., 24.6, 34.05));
#590 = CARTESIAN_POINT('', (10., 21.5, 27.4));
#591 = CARTESIAN_POINT('', (10., 21.5, 34.05));
#592 = ADVANCED_FACE('', (#593), #609, .T.);
#593 = FACE_OUTER_BOUND('', #594, .T.);
#594 = EDGE_LOOP('', (#595, #602, #607, #608));
#595 = ORIENTED_EDGE('', *, *, #596, .F.);
#596 = EDGE_CURVE('', #597, #560, #599, .T.);
#597 = VERTEX_POINT('', #598);
#598 = CARTESIAN_POINT('', (16., 24.6, 34.));
#599 = B_SPLINE_CURVE_WITH_KNOTS('', 1, (#600, #601), .UNSPECIFIED., .F., .U., (2, 2), (0., 1.), .UNSPECIFIED.);
#600 = CARTESIAN_POINT('', (16., 24.6, 34.));
#601 = CARTESIAN_POINT('', (10., 24.6, 34.));
#602 = ORIENTED_EDGE('', *, *, #603, .F.);
#603 = EDGE_CURVE('', #540, #597, #604, .T.);
#604 = B_SPLINE_CURVE_WITH_KNOTS('', 1, (#605, #606), .UNSPECIFIED., .F., .U., (2, 2), (0., 0.992481203007519), .UNSPECIFIED.);
#605 = CARTESIAN_POINT('', (16., 24.6, 27.4));
#606 = CARTESIAN_POINT('', (16., 24.6, 34.));
#607 = ORIENTED_EDGE('', *, *, #539, .T.);
#608 = ORIENTED_EDGE('', *, *, #568, .T.);
#609 = B_SPLINE_SURFACE_WITH_KNOTS('', 1, 1, ((#610, #611), (#612, #613)), .UNSPECIFIED., .F., .F., .U., (2, 2), (2, 2), (0., 1.), (0., 1.), .UNSPECIFIED.);
#610 = CARTESIAN_POINT('', (16., 24.6, 27.4));
#611 = CARTESIAN_POINT('', (16., 24.6, 34.05));
#612 = CARTESIAN_POINT('', (10., 24.6, 27.4));
#613 = CARTESIAN_POINT('', (10., 24.6, 34.05));
#614 = ADVANCED_FACE('', (#615), #640, .T.);
#615 = FACE_OUTER_BOUND('', #616, .T.);
#616 = EDGE_LOOP('', (#617, #624, #633, #638, #639));
#617 = ORIENTED_EDGE('', *, *, #618, .F.);
#618 = EDGE_CURVE('', #619, #597, #621, .T.);
#619 = VERTEX_POINT('', #620);
#620 = CARTESIAN_POINT('', (16., 23.5, 34.));
#621 = B_SPLINE_CURVE_WITH_KNOTS('', 1, (#622, #623), .UNSPECIFIED., .F., .U., (2, 2), (0.645161290322579, 1.), .UNSPECIFIED.);
#622 = CARTESIAN_POINT('', (16., 23.5, 34.));
#623 = CARTESIAN_POINT('', (16., 24.6, 34.));
#624 = ORIENTED_EDGE('', *, *, #625, .F.);
#625 = EDGE_CURVE('', #626, #619, #628, .T.);
#626 = VERTEX_POINT('', #627);
#627 = CARTESIAN_POINT('', (16., 23., 33.5));
#628 = B_SPLINE_CURVE_WITH_KNOTS('', 3, (#629, #630, #631, #632), .UNSPECIFIED., .F., .U., (4, 4), (0., 0.707106781186548), .UNSPECIFIED.);
#629 = CARTESIAN_POINT('', (16., 23., 33.5));
#630 = CARTESIAN_POINT('', (16., 23.1666666666667, 33.6666666666667));
#631 = CARTESIAN_POINT('', (16., 23.3333333333333, 33.8333333333333));
#632 = CARTESIAN_POINT('', (16., 23.5, 34.));
#633 = ORIENTED_EDGE('', *, *, #634, .F.);
#634 = EDGE_CURVE('', #526, #626, #635, .T.);
#635 = B_SPLINE_CURVE_WITH_KNOTS('', 1, (#636, #637), .UNSPECIFIED., .F., .U., (2, 2), (0., 1.), .UNSPECIFIED.);
#636 = CARTESIAN_POINT('', (16., 23., 27.4));
#637 = CARTESIAN_POINT('', (16., 23., 33.5));
#638 = ORIENTED_EDGE('', *, *, #546, .T.);
#639 = ORIENTED_EDGE('', *, *, #603, .T.);
#640 = B_SPLINE_SURFACE_WITH_KNOTS('', 1, 1, ((#641, #642), (#643, #644)), .UNSPECIFIED., .F., .F., .U., (2, 2), (2, 2), (0., 1.), (0., 1.), .UNSPECIFIED.);
#641 = CARTESIAN_POINT('', (16., 21.5, 27.4));
#642 = CARTESIAN_POINT('', (16., 21.5, 34.05));
#643 = CARTESIAN_POINT('', (16., 24.6, 27.4));
#644 = CARTESIAN_POINT('', (16., 24.6, 34.05));
#645 = ADVANCED_FACE('', (#646), #676, .T.);
#646 = FACE_OUTER_BOUND('', #647, .T.);
#647 = EDGE_LOOP('', (#648, #657, #664, #671));
#648 = ORIENTED_EDGE('', *, *, #649, .F.);
#649 = EDGE_CURVE('', #650, #652, #654, .T.);
#650 = VERTEX_POINT('', #651);
#651 = CARTESIAN_POINT('', (19.9, 44., 34.));
#652 = VERTEX_POINT('', #653);
#653 = CARTESIAN_POINT('', (19.9, 38., 34.));
#654 = B_SPLINE_CURVE_WITH_KNOTS('', 1, (#655, #656), .UNSPECIFIED., .F., .U., (2, 2), (0., 1.), .UNSPECIFIED.);
#655 = CARTESIAN_POINT('', (19.9, 44., 34.));
#656 = CARTESIAN_POINT('', (19.9, 38., 34.));
#657 = ORIENTED_EDGE('', *, *, #658, .F.);
#658 = EDGE_CURVE('', #659, #650, #661, .T.);
#659 = VERTEX_POINT('', #660);
#660 = CARTESIAN_POINT('', (19.9, 44., 27.4));
#661 = B_SPLINE_CURVE_WITH_KNOTS('', 1, (#662, #663), .UNSPECIFIED., .F., .U., (2, 2), (0., 0.992481203007519), .UNSPECIFIED.);
#662 = CARTESIAN_POINT('', (19.9, 44., 27.4));
#663 = CARTESIAN_POINT('', (19.9, 44., 34.));
#664 = ORIENTED_EDGE('', *, *, #665, .T.);
#665 = EDGE_CURVE('', #659, #666, #668, .T.);
#666 = VERTEX_POINT('', #667);
#667 = CARTESIAN_POINT('', (19.9, 38., 27.4));
#668 = B_SPLINE_CURVE_WITH_KNOTS('', 1, (#669, #670), .UNSPECIFIED., .F., .U., (2, 2), (0., 1.), .UNSPECIFIED.);
#669 = CARTESIAN_POINT('', (19.9, 44., 27.4));
#670 = CARTESIAN_POINT('', (19.9, 38., 27.4));
#671 = ORIENTED_EDGE('', *, *, #672, .T.);
#672 = EDGE_CURVE('', #666, #652, #673, .T.);
#673 = B_SPLINE_CURVE_WITH_KNOTS('', 1, (#674, #675), .UNSPECIFIED., .F., .U., (2, 2), (0., 0.992481203007519), .UNSPECIFIED.);
#674 = CARTESIAN_POINT('', (19.9, 38., 27.4));
#675 = CARTESIAN_POINT('', (19.9, 38., 34.));
#676 = B_SPLINE_SURFACE_WITH_KNOTS('', 1, 1, ((#677, #678), (#679, #680)), .UNSPECIFIED., .F., .F., .U., (2, 2), (2, 2), (0., 1.), (0., 1.), .UNSPECIFIED.);
#677 = CARTESIAN_POINT('', (19.9, 44., 27.4));
#678 = CARTESIAN_POINT('', (19.9, 44., 34.05));
#679 = CARTESIAN_POINT('', (19.9, 38., 27.4));
#680 = CARTESIAN_POINT('', (19.9, 38., 34.05));
#681 = ADVANCED_FACE('', (#682), #704, .T.);
#682 = FACE_OUTER_BOUND('', #683, .T.);
#683 = EDGE_LOOP('', (#684, #691, #698, #703));
#684 = ORIENTED_EDGE('', *, *, #685, .F.);
#685 = EDGE_CURVE('', #686, #650, #688, .T.);
#686 = VERTEX_POINT('', #687);
#687 = CARTESIAN_POINT('', (21.2, 44., 34.));
#688 = B_SPLINE_CURVE_WITH_KNOTS('', 1, (#689, #690), .UNSPECIFIED., .F., .U., (2, 2), (0., 1.), .UNSPECIFIED.);
#689 = CARTESIAN_POINT('', (21.2, 44., 34.));
#690 = CARTESIAN_POINT('', (19.9, 44., 34.));
#691 = ORIENTED_EDGE('', *, *, #692, .F.);
#692 = EDGE_CURVE('', #693, #686, #695, .T.);
#693 = VERTEX_POINT('', #694);
#694 = CARTESIAN_POINT('', (21.2, 44., 27.4));
#695 = B_SPLINE_CURVE_WITH_KNOTS('', 1, (#696, #697), .UNSPECIFIED., .F., .U., (2, 2), (0., 0.992481203007519), .UNSPECIFIED.);
#696 = CARTESIAN_POINT('', (21.2, 44., 27.4));
#697 = CARTESIAN_POINT('', (21.2, 44., 34.));
#698 = ORIENTED_EDGE('', *, *, #699, .T.);
#699 = EDGE_CURVE('', #693, #659, #700, .T.);
#700 = B_SPLINE_CURVE_WITH_KNOTS('', 1, (#701, #702), .UNSPECIFIED., .F., .U., (2, 2), (0., 1.), .UNSPECIFIED.);
#701 = CARTESIAN_POINT('', (21.2, 44., 27.4));
#702 = CARTESIAN_POINT('', (19.9, 44., 27.4));
#703 = ORIENTED_EDGE('', *, *, #658, .T.);
#704 = B_SPLINE_SURFACE_WITH_KNOTS('', 1, 1, ((#705, #706), (#707, #708)), .UNSPECIFIED., .F., .F., .U., (2, 2), (2, 2), (0., 1.), (0., 1.), .UNSPECIFIED.);
#705 = CARTESIAN_POINT('', (21.2, 44., 27.4));
#706 = CARTESIAN_POINT('', (21.2, 44., 34.05));
#707 = CARTESIAN_POINT('', (19.9, 44., 27.4));
#708 = CARTESIAN_POINT('', (19.9, 44., 34.05));
#709 = ADVANCED_FACE('', (#710), #732, .T.);
#710 = FACE_OUTER_BOUND('', #711, .T.);
#711 = EDGE_LOOP('', (#712, #719, #726, #731));
#712 = ORIENTED_EDGE('', *, *, #713, .F.);
#713 = EDGE_CURVE('', #714, #686, #716, .T.);
#714 = VERTEX_POINT('', #715);
#715 = CARTESIAN_POINT('', (21.2, 38., 34.));
#716 = B_SPLINE_CURVE_WITH_KNOTS('', 1, (#717, #718), .UNSPECIFIED., .F., .U., (2, 2), (0., 1.), .UNSPECIFIED.);
#717 = CARTESIAN_POINT('', (21.2, 38., 34.));
#718 = CARTESIAN_POINT('', (21.2, 44., 34.));
#719 = ORIENTED_EDGE('', *, *, #720, .F.);
#720 = EDGE_CURVE('', #721, #714, #723, .T.);
#721 = VERTEX_POINT('', #722);
#722 = CARTESIAN_POINT('', (21.2, 38., 27.4));
#723 = B_SPLINE_CURVE_WITH_KNOTS('', 1, (#724, #725), .UNSPECIFIED., .F., .U., (2, 2), (0., 0.992481203007519), .UNSPECIFIED.);
#724 = CARTESIAN_POINT('', (21.2, 38., 27.4));
#725 = CARTESIAN_POINT('', (21.2, 38., 34.));
#726 = ORIENTED_EDGE('', *, *, #727, .T.);
#727 = EDGE_CURVE('', #721, #693, #728, .T.);
#728 = B_SPLINE_CURVE_WITH_KNOTS('', 1, (#729, #730), .UNSPECIFIED., .F., .U., (2, 2), (0., 1.), .UNSPECIFIED.);
#729 = CARTESIAN_POINT('', (21.2, 38., 27.4));
#730 = CARTESIAN_POINT('', (21.2, 44., 27.4));
#731 = ORIENTED_EDGE('', *, *, #692, .T.);
#732 = B_SPLINE_SURFACE_WITH_KNOTS('', 1, 1, ((#733, #734), (#735, #736)), .UNSPECIFIED., .F., .F., .U., (2, 2), (2, 2), (0., 1.), (0., 1.), .UNSPECIFIED.);
#733 = CARTESIAN_POINT('', (21.2, 38., 27.4));
#734 = CARTESIAN_POINT('', (21.2, 38., 34.05));
#735 = CARTESIAN_POINT('', (21.2, 44., 27.4));
#736 = CARTESIAN_POINT('', (21.2, 44., 34.05));
#737 = ADVANCED_FACE('', (#738), #752, .T.);
#738 = FACE_OUTER_BOUND('', #739, .T.);
#739 = EDGE_LOOP('', (#740, #745, #746, #751));
#740 = ORIENTED_EDGE('', *, *, #741, .F.);
#741 = EDGE_CURVE('', #652, #714, #742, .T.);
#742 = B_SPLINE_CURVE_WITH_KNOTS('', 1, (#743, #744), .UNSPECIFIED., .F., .U., (2, 2), (0., 1.), .UNSPECIFIED.);
#743 = CARTESIAN_POINT('', (19.9, 38., 34.));
#744 = CARTESIAN_POINT('', (21.2, 38., 34.));
#745 = ORIENTED_EDGE('', *, *, #672, .F.);
#746 = ORIENTED_EDGE('', *, *, #747, .T.);
#747 = EDGE_CURVE('', #666, #721, #748, .T.);
#748 = B_SPLINE_CURVE_WITH_KNOTS('', 1, (#749, #750), .UNSPECIFIED., .F., .U., (2, 2), (0., 1.), .UNSPECIFIED.);
#749 = CARTESIAN_POINT('', (19.9, 38., 27.4));
#750 = CARTESIAN_POINT('', (21.2, 38., 27.4));
#751 = ORIENTED_EDGE('', *, *, #720, .T.);
#752 = B_SPLINE_SURFACE_WITH_KNOTS('', 1, 1, ((#753, #754), (#755, #756)), .UNSPECIFIED., .F., .F., .U., (2, 2), (2, 2), (0., 1.), (0., 1.), .UNSPECIFIED.);
#753 = CARTESIAN_POINT('', (19.9, 38., 27.4));
#754 = CARTESIAN_POINT('', (19.9, 38., 34.05));
#755 = CARTESIAN_POINT('', (21.2, 38., 27.4));
#756 = CARTESIAN_POINT('', (21.2, 38., 34.05));
#757 = ADVANCED_FACE('', (#758), #764, .T.);
#758 = FACE_OUTER_BOUND('', #759, .T.);
#759 = EDGE_LOOP('', (#760, #761, #762, #763));
#760 = ORIENTED_EDGE('', *, *, #665, .F.);
#761 = ORIENTED_EDGE('', *, *, #699, .F.);
#762 = ORIENTED_EDGE('', *, *, #727, .F.);
#763 = ORIENTED_EDGE('', *, *, #747, .F.);
#764 = B_SPLINE_SURFACE_WITH_KNOTS('', 1, 1, ((#765, #766), (#767, #768)), .UNSPECIFIED., .F., .F., .U., (2, 2), (2, 2), (0., 1.), (0., 1.), .UNSPECIFIED.);
#765 = CARTESIAN_POINT('', (23.9265700051976, 37.6234299948024, 27.4));
#766 = CARTESIAN_POINT('', (23.9265700051976, 44.3765700051976, 27.4));
#767 = CARTESIAN_POINT('', (17.1734299948024, 37.6234299948024, 27.4));
#768 = CARTESIAN_POINT('', (17.1734299948024, 44.3765700051976, 27.4));
#769 = ADVANCED_FACE('', (#770), #800, .T.);
#770 = FACE_OUTER_BOUND('', #771, .T.);
#771 = EDGE_LOOP('', (#772, #781, #788, #795));
#772 = ORIENTED_EDGE('', *, *, #773, .F.);
#773 = EDGE_CURVE('', #774, #776, #778, .T.);
#774 = VERTEX_POINT('', #775);
#775 = CARTESIAN_POINT('', (1.6, 44., 27.4));
#776 = VERTEX_POINT('', #777);
#777 = CARTESIAN_POINT('', (1.6, 38., 27.4));
#778 = B_SPLINE_CURVE_WITH_KNOTS('', 1, (#779, #780), .UNSPECIFIED., .F., .U., (2, 2), (0.055762209078728, 0.944237790921272), .UNSPECIFIED.);
#779 = CARTESIAN_POINT('', (1.6, 44., 27.4));
#780 = CARTESIAN_POINT('', (1.6, 38., 27.4));
#781 = ORIENTED_EDGE('', *, *, #782, .F.);
#782 = EDGE_CURVE('', #783, #774, #785, .T.);
#783 = VERTEX_POINT('', #784);
#784 = CARTESIAN_POINT('', (2.8, 44., 27.4));
#785 = B_SPLINE_CURVE_WITH_KNOTS('', 1, (#786, #787), .UNSPECIFIED., .F., .U., (2, 2), (0., 0.923076923076923), .UNSPECIFIED.);
#786 = CARTESIAN_POINT('', (2.8, 44., 27.4));
#787 = CARTESIAN_POINT('', (1.6, 44., 27.4));
#788 = ORIENTED_EDGE('', *, *, #789, .F.);
#789 = EDGE_CURVE('', #790, #783, #792, .T.);
#790 = VERTEX_POINT('', #791);
#791 = CARTESIAN_POINT('', (2.8, 38., 27.4));
#792 = B_SPLINE_CURVE_WITH_KNOTS('', 1, (#793, #794), .UNSPECIFIED., .F., .U., (2, 2), (0., 1.), .UNSPECIFIED.);
#793 = CARTESIAN_POINT('', (2.8, 38., 27.4));
#794 = CARTESIAN_POINT('', (2.8, 44., 27.4));
#795 = ORIENTED_EDGE('', *, *, #796, .F.);
#796 = EDGE_CURVE('', #776, #790, #797, .T.);
#797 = B_SPLINE_CURVE_WITH_KNOTS('', 1, (#798, #799), .UNSPECIFIED., .F., .U., (2, 2), (0.076923076923077, 1.), .UNSPECIFIED.);
#798 = CARTESIAN_POINT('', (1.6, 38., 27.4));
#799 = CARTESIAN_POINT('', (2.8, 38., 27.4));
#800 = B_SPLINE_SURFACE_WITH_KNOTS('', 1, 1, ((#801, #802), (#803, #804)), .UNSPECIFIED., .F., .F., .U., (2, 2), (2, 2), (0., 1.), (0., 1.), .UNSPECIFIED.);
#801 = CARTESIAN_POINT('', (5.52657000519758, 37.6234299948024, 27.4));
#802 = CARTESIAN_POINT('', (5.52657000519758, 44.3765700051976, 27.4));
#803 = CARTESIAN_POINT('', (-1.22657000519758, 37.6234299948024, 27.4));
#804 = CARTESIAN_POINT('', (-1.22657000519758, 44.3765700051976, 27.4));
#805 = ADVANCED_FACE('', (#806), #837, .T.);
#806 = FACE_OUTER_BOUND('', #807, .T.);
#807 = EDGE_LOOP('', (#808, #817, #822, #823, #830));
#808 = ORIENTED_EDGE('', *, *, #809, .F.);
#809 = EDGE_CURVE('', #810, #812, #814, .T.);
#810 = VERTEX_POINT('', #811);
#811 = CARTESIAN_POINT('', (2.8, 44., 34.));
#812 = VERTEX_POINT('', #813);
#813 = CARTESIAN_POINT('', (2.1, 44., 34.));
#814 = B_SPLINE_CURVE_WITH_KNOTS('', 1, (#815, #816), .UNSPECIFIED., .F., .U., (2, 2), (0., 1.), .UNSPECIFIED.);
#815 = CARTESIAN_POINT('', (2.8, 44., 34.));
#816 = CARTESIAN_POINT('', (2.09999999999997, 44., 34.));
#817 = ORIENTED_EDGE('', *, *, #818, .F.);
#818 = EDGE_CURVE('', #783, #810, #819, .T.);
#819 = B_SPLINE_CURVE_WITH_KNOTS('', 1, (#820, #821), .UNSPECIFIED., .F., .U., (2, 2), (0., 0.992481203007519), .UNSPECIFIED.);
#820 = CARTESIAN_POINT('', (2.8, 44., 27.4));
#821 = CARTESIAN_POINT('', (2.8, 44., 34.));
#822 = ORIENTED_EDGE('', *, *, #782, .T.);
#823 = ORIENTED_EDGE('', *, *, #824, .F.);
#824 = EDGE_CURVE('', #825, #774, #827, .T.);
#825 = VERTEX_POINT('', #826);
#826 = CARTESIAN_POINT('', (1.6, 44., 33.5));
#827 = B_SPLINE_CURVE_WITH_KNOTS('', 1, (#828, #829), .UNSPECIFIED., .F., .U., (2, 2), (0., 1.), .UNSPECIFIED.);
#828 = CARTESIAN_POINT('', (1.6, 44., 33.5));
#829 = CARTESIAN_POINT('', (1.6, 44., 27.4));
#830 = ORIENTED_EDGE('', *, *, #831, .T.);
#831 = EDGE_CURVE('', #825, #812, #832, .T.);
#832 = B_SPLINE_CURVE_WITH_KNOTS('', 3, (#833, #834, #835, #836), .UNSPECIFIED., .F., .U., (4, 4), (0., 0.707106781186547), .UNSPECIFIED.);
#833 = CARTESIAN_POINT('', (1.6, 44., 33.5));
#834 = CARTESIAN_POINT('', (1.76666666666667, 44., 33.6666666666667));
#835 = CARTESIAN_POINT('', (1.93333333333333, 44., 33.8333333333333));
#836 = CARTESIAN_POINT('', (2.1, 44., 34.));
#837 = B_SPLINE_SURFACE_WITH_KNOTS('', 1, 1, ((#838, #839), (#840, #841)), .UNSPECIFIED., .F., .F., .U., (2, 2), (2, 2), (0., 1.), (0., 1.), .UNSPECIFIED.);
#838 = CARTESIAN_POINT('', (2.8, 44., 27.4));
#839 = CARTESIAN_POINT('', (2.8, 44., 34.05));
#840 = CARTESIAN_POINT('', (1.5, 44., 27.4));
#841 = CARTESIAN_POINT('', (1.5, 44., 34.05));
#842 = ADVANCED_FACE('', (#843), #859, .T.);
#843 = FACE_OUTER_BOUND('', #844, .T.);
#844 = EDGE_LOOP('', (#845, #852, #857, #858));
#845 = ORIENTED_EDGE('', *, *, #846, .F.);
#846 = EDGE_CURVE('', #847, #810, #849, .T.);
#847 = VERTEX_POINT('', #848);
#848 = CARTESIAN_POINT('', (2.8, 38., 34.));
#849 = B_SPLINE_CURVE_WITH_KNOTS('', 1, (#850, #851), .UNSPECIFIED., .F., .U., (2, 2), (0., 1.), .UNSPECIFIED.);
#850 = CARTESIAN_POINT('', (2.8, 38., 34.));
#851 = CARTESIAN_POINT('', (2.8, 44., 34.));
#852 = ORIENTED_EDGE('', *, *, #853, .F.);
#853 = EDGE_CURVE('', #790, #847, #854, .T.);
#854 = B_SPLINE_CURVE_WITH_KNOTS('', 1, (#855, #856), .UNSPECIFIED., .F., .U., (2, 2), (0., 0.992481203007519), .UNSPECIFIED.);
#855 = CARTESIAN_POINT('', (2.8, 38., 27.4));
#856 = CARTESIAN_POINT('', (2.8, 38., 34.));
#857 = ORIENTED_EDGE('', *, *, #789, .T.);
#858 = ORIENTED_EDGE('', *, *, #818, .T.);
#859 = B_SPLINE_SURFACE_WITH_KNOTS('', 1, 1, ((#860, #861), (#862, #863)), .UNSPECIFIED., .F., .F., .U., (2, 2), (2, 2), (0., 1.), (0., 1.), .UNSPECIFIED.);
#860 = CARTESIAN_POINT('', (2.8, 38., 27.4));
#861 = CARTESIAN_POINT('', (2.8, 38., 34.05));
#862 = CARTESIAN_POINT('', (2.8, 44., 27.4));
#863 = CARTESIAN_POINT('', (2.8, 44., 34.05));
#864 = ADVANCED_FACE('', (#865), #890, .T.);
#865 = FACE_OUTER_BOUND('', #866, .T.);
#866 = EDGE_LOOP('', (#867, #874, #883, #888, #889));
#867 = ORIENTED_EDGE('', *, *, #868, .F.);
#868 = EDGE_CURVE('', #869, #847, #871, .T.);
#869 = VERTEX_POINT('', #870);
#870 = CARTESIAN_POINT('', (2.1, 38., 34.));
#871 = B_SPLINE_CURVE_WITH_KNOTS('', 1, (#872, #873), .UNSPECIFIED., .F., .U., (2, 2), (0., 1.), .UNSPECIFIED.);
#872 = CARTESIAN_POINT('', (2.1, 38., 34.));
#873 = CARTESIAN_POINT('', (2.8, 38., 34.));
#874 = ORIENTED_EDGE('', *, *, #875, .F.);
#875 = EDGE_CURVE('', #876, #869, #878, .T.);
#876 = VERTEX_POINT('', #877);
#877 = CARTESIAN_POINT('', (1.6, 38., 33.5));
#878 = B_SPLINE_CURVE_WITH_KNOTS('', 3, (#879, #880, #881, #882), .UNSPECIFIED., .F., .U., (4, 4), (0., 0.707106781186547), .UNSPECIFIED.);
#879 = CARTESIAN_POINT('', (1.6, 38., 33.5));
#880 = CARTESIAN_POINT('', (1.76666666666667, 38., 33.6666666666667));
#881 = CARTESIAN_POINT('', (1.93333333333333, 38., 33.8333333333333));
#882 = CARTESIAN_POINT('', (2.1, 38., 34.));
#883 = ORIENTED_EDGE('', *, *, #884, .F.);
#884 = EDGE_CURVE('', #776, #876, #885, .T.);
#885 = B_SPLINE_CURVE_WITH_KNOTS('', 1, (#886, #887), .UNSPECIFIED., .F., .U., (2, 2), (0., 1.), .UNSPECIFIED.);
#886 = CARTESIAN_POINT('', (1.6, 38., 27.4));
#887 = CARTESIAN_POINT('', (1.6, 38., 33.5));
#888 = ORIENTED_EDGE('', *, *, #796, .T.);
#889 = ORIENTED_EDGE('', *, *, #853, .T.);
#890 = B_SPLINE_SURFACE_WITH_KNOTS('', 1, 1, ((#891, #892), (#893, #894)), .UNSPECIFIED., .F., .F., .U., (2, 2), (2, 2), (0., 1.), (0., 1.), .UNSPECIFIED.);
#891 = CARTESIAN_POINT('', (1.5, 38., 27.4));
#892 = CARTESIAN_POINT('', (1.5, 38., 34.05));
#893 = CARTESIAN_POINT('', (2.8, 38., 27.4));
#894 = CARTESIAN_POINT('', (2.8, 38., 34.05));
#895 = ADVANCED_FACE('', (#896), #926, .T.);
#896 = FACE_OUTER_BOUND('', #897, .T.);
#897 = EDGE_LOOP('', (#898, #907, #914, #921));
#898 = ORIENTED_EDGE('', *, *, #899, .F.);
#899 = EDGE_CURVE('', #900, #902, #904, .T.);
#900 = VERTEX_POINT('', #901);
#901 = CARTESIAN_POINT('', (47., 42., 34.));
#902 = VERTEX_POINT('', #903);
#903 = CARTESIAN_POINT('', (47., 39., 34.));
#904 = B_SPLINE_CURVE_WITH_KNOTS('', 1, (#905, #906), .UNSPECIFIED., .F., .U., (2, 2), (0., 1.), .UNSPECIFIED.);
#905 = CARTESIAN_POINT('', (47., 42., 34.));
#906 = CARTESIAN_POINT('', (47., 39., 34.));
#907 = ORIENTED_EDGE('', *, *, #908, .F.);
#908 = EDGE_CURVE('', #909, #900, #911, .T.);
#909 = VERTEX_POINT('', #910);
#910 = CARTESIAN_POINT('', (47., 42., 25.35));
#911 = B_SPLINE_CURVE_WITH_KNOTS('', 1, (#912, #913), .UNSPECIFIED., .F., .U., (2, 2), (0., 0.994252873563219), .UNSPECIFIED.);
#912 = CARTESIAN_POINT('', (47., 42., 25.35));
#913 = CARTESIAN_POINT('', (47., 42., 34.));
#914 = ORIENTED_EDGE('', *, *, #915, .T.);
#915 = EDGE_CURVE('', #909, #916, #918, .T.);
#916 = VERTEX_POINT('', #917);
#917 = CARTESIAN_POINT('', (47., 39., 25.35));
#918 = B_SPLINE_CURVE_WITH_KNOTS('', 1, (#919, #920), .UNSPECIFIED., .F., .U., (2, 2), (0., 1.), .UNSPECIFIED.);
#919 = CARTESIAN_POINT('', (47., 42., 25.35));
#920 = CARTESIAN_POINT('', (47., 39., 25.35));
#921 = ORIENTED_EDGE('', *, *, #922, .T.);
#922 = EDGE_CURVE('', #916, #902, #923, .T.);
#923 = B_SPLINE_CURVE_WITH_KNOTS('', 1, (#924, #925), .UNSPECIFIED., .F., .U., (2, 2), (0., 0.994252873563219), .UNSPECIFIED.);
#924 = CARTESIAN_POINT('', (47., 39., 25.35));
#925 = CARTESIAN_POINT('', (47., 39., 34.));
#926 = B_SPLINE_SURFACE_WITH_KNOTS('', 1, 1, ((#927, #928), (#929, #930)), .UNSPECIFIED., .F., .F., .U., (2, 2), (2, 2), (0., 1.), (0., 1.), .UNSPECIFIED.);
#927 = CARTESIAN_POINT('', (47., 42., 25.35));
#928 = CARTESIAN_POINT('', (47., 42., 34.05));
#929 = CARTESIAN_POINT('', (47., 39., 25.35));
#930 = CARTESIAN_POINT('', (47., 39., 34.05));
#931 = ADVANCED_FACE('', (#932), #954, .T.);
#932 = FACE_OUTER_BOUND('', #933, .T.);
#933 = EDGE_LOOP('', (#934, #941, #948, #953));
#934 = ORIENTED_EDGE('', *, *, #935, .F.);
#935 = EDGE_CURVE('', #936, #900, #938, .T.);
#936 = VERTEX_POINT('', #937);
#937 = CARTESIAN_POINT('', (49., 42., 34.));
#938 = B_SPLINE_CURVE_WITH_KNOTS('', 1, (#939, #940), .UNSPECIFIED., .F., .U., (2, 2), (0., 1.), .UNSPECIFIED.);
#939 = CARTESIAN_POINT('', (49., 42., 34.));
#940 = CARTESIAN_POINT('', (47., 42., 34.));
#941 = ORIENTED_EDGE('', *, *, #942, .F.);
#942 = EDGE_CURVE('', #943, #936, #945, .T.);
#943 = VERTEX_POINT('', #944);
#944 = CARTESIAN_POINT('', (49., 42., 25.35));
#945 = B_SPLINE_CURVE_WITH_KNOTS('', 1, (#946, #947), .UNSPECIFIED., .F., .U., (2, 2), (0., 0.994252873563219), .UNSPECIFIED.);
#946 = CARTESIAN_POINT('', (49., 42., 25.35));
#947 = CARTESIAN_POINT('', (49., 42., 34.));
#948 = ORIENTED_EDGE('', *, *, #949, .T.);
#949 = EDGE_CURVE('', #943, #909, #950, .T.);
#950 = B_SPLINE_CURVE_WITH_KNOTS('', 1, (#951, #952), .UNSPECIFIED., .F., .U., (2, 2), (0., 1.), .UNSPECIFIED.);
#951 = CARTESIAN_POINT('', (49., 42., 25.35));
#952 = CARTESIAN_POINT('', (47., 42., 25.35));
#953 = ORIENTED_EDGE('', *, *, #908, .T.);
#954 = B_SPLINE_SURFACE_WITH_KNOTS('', 1, 1, ((#955, #956), (#957, #958)), .UNSPECIFIED., .F., .F., .U., (2, 2), (2, 2), (0., 1.), (0., 1.), .UNSPECIFIED.);
#955 = CARTESIAN_POINT('', (49., 42., 25.35));
#956 = CARTESIAN_POINT('', (49., 42., 34.05));
#957 = CARTESIAN_POINT('', (47., 42., 25.35));
#958 = CARTESIAN_POINT('', (47., 42., 34.05));
#959 = ADVANCED_FACE('', (#960), #982, .T.);
#960 = FACE_OUTER_BOUND('', #961, .T.);
#961 = EDGE_LOOP('', (#962, #969, #976, #981));
#962 = ORIENTED_EDGE('', *, *, #963, .F.);
#963 = EDGE_CURVE('', #964, #936, #966, .T.);
#964 = VERTEX_POINT('', #965);
#965 = CARTESIAN_POINT('', (49., 39., 34.));
#966 = B_SPLINE_CURVE_WITH_KNOTS('', 1, (#967, #968), .UNSPECIFIED., .F., .U., (2, 2), (0., 1.), .UNSPECIFIED.);
#967 = CARTESIAN_POINT('', (49., 39., 34.));
#968 = CARTESIAN_POINT('', (49., 42., 34.));
#969 = ORIENTED_EDGE('', *, *, #970, .F.);
#970 = EDGE_CURVE('', #971, #964, #973, .T.);
#971 = VERTEX_POINT('', #972);
#972 = CARTESIAN_POINT('', (49., 39., 25.35));
#973 = B_SPLINE_CURVE_WITH_KNOTS('', 1, (#974, #975), .UNSPECIFIED., .F., .U., (2, 2), (0., 0.994252873563219), .UNSPECIFIED.);
#974 = CARTESIAN_POINT('', (49., 39., 25.35));
#975 = CARTESIAN_POINT('', (49., 39., 34.));
#976 = ORIENTED_EDGE('', *, *, #977, .T.);
#977 = EDGE_CURVE('', #971, #943, #978, .T.);
#978 = B_SPLINE_CURVE_WITH_KNOTS('', 1, (#979, #980), .UNSPECIFIED., .F., .U., (2, 2), (0., 1.), .UNSPECIFIED.);
#979 = CARTESIAN_POINT('', (49., 39., 25.35));
#980 = CARTESIAN_POINT('', (49., 42., 25.35));
#981 = ORIENTED_EDGE('', *, *, #942, .T.);
#982 = B_SPLINE_SURFACE_WITH_KNOTS('', 1, 1, ((#983, #984), (#985, #986)), .UNSPECIFIED., .F., .F., .U., (2, 2), (2, 2), (0., 1.), (0., 1.), .UNSPECIFIED.);
#983 = CARTESIAN_POINT('', (49., 39., 25.35));
#984 = CARTESIAN_POINT('', (49., 39., 34.05));
#985 = CARTESIAN_POINT('', (49., 42., 25.35));
#986 = CARTESIAN_POINT('', (49., 42., 34.05));
#987 = ADVANCED_FACE('', (#988), #1002, .T.);
#988 = FACE_OUTER_BOUND('', #989, .T.);
#989 = EDGE_LOOP('', (#990, #995, #996, #1001));
#990 = ORIENTED_EDGE('', *, *, #991, .F.);
#991 = EDGE_CURVE('', #902, #964, #992, .T.);
#992 = B_SPLINE_CURVE_WITH_KNOTS('', 1, (#993, #994), .UNSPECIFIED., .F., .U., (2, 2), (0., 1.), .UNSPECIFIED.);
#993 = CARTESIAN_POINT('', (47., 39., 34.));
#994 = CARTESIAN_POINT('', (49., 39., 34.));
#995 = ORIENTED_EDGE('', *, *, #922, .F.);
#996 = ORIENTED_EDGE('', *, *, #997, .T.);
#997 = EDGE_CURVE('', #916, #971, #998, .T.);
#998 = B_SPLINE_CURVE_WITH_KNOTS('', 1, (#999, #1000), .UNSPECIFIED., .F., .U., (2, 2), (0., 1.), .UNSPECIFIED.);
#999 = CARTESIAN_POINT('', (47., 39., 25.35));
#1000 = CARTESIAN_POINT('', (49., 39., 25.35));
#1001 = ORIENTED_EDGE('', *, *, #970, .T.);
#1002 = B_SPLINE_SURFACE_WITH_KNOTS('', 1, 1, ((#1003, #1004), (#1005, #1006)), .UNSPECIFIED., .F., .F., .U., (2, 2), (2, 2), (0., 1.), (0., 1.), .UNSPECIFIED.);
#1003 = CARTESIAN_POINT('', (47., 39., 25.35));
#1004 = CARTESIAN_POINT('', (47., 39., 34.05));
#1005 = CARTESIAN_POINT('', (49., 39., 25.35));
#1006 = CARTESIAN_POINT('', (49., 39., 34.05));
#1007 = ADVANCED_FACE('', (#1008), #1014, .T.);
#1008 = FACE_OUTER_BOUND('', #1009, .T.);
#1009 = EDGE_LOOP('', (#1010, #1011, #1012, #1013));
#1010 = ORIENTED_EDGE('', *, *, #915, .F.);
#1011 = ORIENTED_EDGE('', *, *, #949, .F.);
#1012 = ORIENTED_EDGE('', *, *, #977, .F.);
#1013 = ORIENTED_EDGE('', *, *, #997, .F.);
#1014 = B_SPLINE_SURFACE_WITH_KNOTS('', 1, 1, ((#1015, #1016), (#1017, #1018)), .UNSPECIFIED., .F., .F., .U., (2, 2), (2, 2), (0., 1.), (0., 1.), .UNSPECIFIED.);
#1015 = CARTESIAN_POINT('', (49.9830532015052, 38.5169467984948, 25.35));
#1016 = CARTESIAN_POINT('', (49.9830532015052, 42.4830532015052, 25.35));
#1017 = CARTESIAN_POINT('', (46.0169467984948, 38.5169467984948, 25.35));
#1018 = CARTESIAN_POINT('', (46.0169467984948, 42.4830532015052, 25.35));
#1019 = ADVANCED_FACE('', (#1020), #1050, .T.);
#1020 = FACE_OUTER_BOUND('', #1021, .T.);
#1021 = EDGE_LOOP('', (#1022, #1031, #1038, #1045));
#1022 = ORIENTED_EDGE('', *, *, #1023, .F.);
#1023 = EDGE_CURVE('', #1024, #1026, #1028, .T.);
#1024 = VERTEX_POINT('', #1025);
#1025 = CARTESIAN_POINT('', (46., 21.4, 25.));
#1026 = VERTEX_POINT('', #1027);
#1027 = CARTESIAN_POINT('', (49., 21.4, 25.));
#1028 = B_SPLINE_CURVE_WITH_KNOTS('', 1, (#1029, #1030), .UNSPECIFIED., .F., .U., (2, 2), (0., 1.), .UNSPECIFIED.);
#1029 = CARTESIAN_POINT('', (46., 21.4, 25.));
#1030 = CARTESIAN_POINT('', (49., 21.4, 25.));
#1031 = ORIENTED_EDGE('', *, *, #1032, .F.);
#1032 = EDGE_CURVE('', #1033, #1024, #1035, .T.);
#1033 = VERTEX_POINT('', #1034);
#1034 = CARTESIAN_POINT('', (46., 21.4, 23.5));
#1035 = B_SPLINE_CURVE_WITH_KNOTS('', 1, (#1036, #1037), .UNSPECIFIED., .F., .U., (2, 2), (0., 0.14218009478673), .UNSPECIFIED.);
#1036 = CARTESIAN_POINT('', (46., 21.4, 23.5));
#1037 = CARTESIAN_POINT('', (46., 21.4, 25.));
#1038 = ORIENTED_EDGE('', *, *, #1039, .T.);
#1039 = EDGE_CURVE('', #1033, #1040, #1042, .T.);
#1040 = VERTEX_POINT('', #1041);
#1041 = CARTESIAN_POINT('', (49., 21.4, 23.5));
#1042 = B_SPLINE_CURVE_WITH_KNOTS('', 1, (#1043, #1044), .UNSPECIFIED., .F., .U., (2, 2), (0., 1.), .UNSPECIFIED.);
#1043 = CARTESIAN_POINT('', (46., 21.4, 23.5));
#1044 = CARTESIAN_POINT('', (49., 21.4, 23.5));
#1045 = ORIENTED_EDGE('', *, *, #1046, .T.);
#1046 = EDGE_CURVE('', #1040, #1026, #1047, .T.);
#1047 = B_SPLINE_CURVE_WITH_KNOTS('', 1, (#1048, #1049), .UNSPECIFIED., .F., .U., (2, 2), (0., 0.142180094786729), .UNSPECIFIED.);
#1048 = CARTESIAN_POINT('', (49., 21.4, 23.5));
#1049 = CARTESIAN_POINT('', (49., 21.4, 25.));
#1050 = B_SPLINE_SURFACE_WITH_KNOTS('', 1, 1, ((#1051, #1052), (#1053, #1054)), .UNSPECIFIED., .F., .F., .U., (2, 2), (2, 2), (0., 1.), (0., 1.), .UNSPECIFIED.);
#1051 = CARTESIAN_POINT('', (46., 21.4, 23.5));
#1052 = CARTESIAN_POINT('', (46., 21.4, 34.05));
#1053 = CARTESIAN_POINT('', (49., 21.4, 23.5));
#1054 = CARTESIAN_POINT('', (49., 21.4, 34.05));
#1055 = ADVANCED_FACE('', (#1056), #1115, .T.);
#1056 = FACE_OUTER_BOUND('', #1057, .T.);
#1057 = EDGE_LOOP('', (#1058, #1067, #1074, #1081, #1086, #1087, #1094, #1101, #1110));
#1058 = ORIENTED_EDGE('', *, *, #1059, .F.);
#1059 = EDGE_CURVE('', #1060, #1062, #1064, .T.);
#1060 = VERTEX_POINT('', #1061);
#1061 = CARTESIAN_POINT('', (46., 25.3, 16.7));
#1062 = VERTEX_POINT('', #1063);
#1063 = CARTESIAN_POINT('', (46., 25.3, 34.));
#1064 = B_SPLINE_CURVE_WITH_KNOTS('', 1, (#1065, #1066), .UNSPECIFIED., .F., .U., (2, 2), (0., 0.997118155619597), .UNSPECIFIED.);
#1065 = CARTESIAN_POINT('', (46., 25.3, 16.7));
#1066 = CARTESIAN_POINT('', (46., 25.3, 34.));
#1067 = ORIENTED_EDGE('', *, *, #1068, .T.);
#1068 = EDGE_CURVE('', #1060, #1069, #1071, .T.);
#1069 = VERTEX_POINT('', #1070);
#1070 = CARTESIAN_POINT('', (46., 23.7, 16.7));
#1071 = B_SPLINE_CURVE_WITH_KNOTS('', 1, (#1072, #1073), .UNSPECIFIED., .F., .U., (2, 2), (0., 1.), .UNSPECIFIED.);
#1072 = CARTESIAN_POINT('', (46., 25.3, 16.7));
#1073 = CARTESIAN_POINT('', (46., 23.7, 16.7));
#1074 = ORIENTED_EDGE('', *, *, #1075, .T.);
#1075 = EDGE_CURVE('', #1069, #1076, #1078, .T.);
#1076 = VERTEX_POINT('', #1077);
#1077 = CARTESIAN_POINT('', (46., 23.7, 23.5));
#1078 = B_SPLINE_CURVE_WITH_KNOTS('', 1, (#1079, #1080), .UNSPECIFIED., .F., .U., (2, 2), (0., 0.39193083573487), .UNSPECIFIED.);
#1079 = CARTESIAN_POINT('', (46., 23.7, 16.7));
#1080 = CARTESIAN_POINT('', (46., 23.7, 23.5));
#1081 = ORIENTED_EDGE('', *, *, #1082, .T.);
#1082 = EDGE_CURVE('', #1076, #1033, #1083, .T.);
#1083 = B_SPLINE_CURVE_WITH_KNOTS('', 1, (#1084, #1085), .UNSPECIFIED., .F., .U., (2, 2), (0.410256410256411, 1.), .UNSPECIFIED.);
#1084 = CARTESIAN_POINT('', (46., 23.7, 23.5));
#1085 = CARTESIAN_POINT('', (46., 21.4, 23.5));
#1086 = ORIENTED_EDGE('', *, *, #1032, .T.);
#1087 = ORIENTED_EDGE('', *, *, #1088, .F.);
#1088 = EDGE_CURVE('', #1089, #1024, #1091, .T.);
#1089 = VERTEX_POINT('', #1090);
#1090 = CARTESIAN_POINT('', (46., 23., 25.));
#1091 = B_SPLINE_CURVE_WITH_KNOTS('', 1, (#1092, #1093), .UNSPECIFIED., .F., .U., (2, 2), (0., 1.), .UNSPECIFIED.);
#1092 = CARTESIAN_POINT('', (46., 23., 25.));
#1093 = CARTESIAN_POINT('', (46., 21.4, 25.));
#1094 = ORIENTED_EDGE('', *, *, #1095, .F.);
#1095 = EDGE_CURVE('', #1096, #1089, #1098, .T.);
#1096 = VERTEX_POINT('', #1097);
#1097 = CARTESIAN_POINT('', (46., 23., 33.5));
#1098 = B_SPLINE_CURVE_WITH_KNOTS('', 1, (#1099, #1100), .UNSPECIFIED., .F., .U., (2, 2), (0., 1.), .UNSPECIFIED.);
#1099 = CARTESIAN_POINT('', (46., 23., 33.5));
#1100 = CARTESIAN_POINT('', (46., 23., 25.));
#1101 = ORIENTED_EDGE('', *, *, #1102, .T.);
#1102 = EDGE_CURVE('', #1096, #1103, #1105, .T.);
#1103 = VERTEX_POINT('', #1104);
#1104 = CARTESIAN_POINT('', (46., 23.5, 34.));
#1105 = B_SPLINE_CURVE_WITH_KNOTS('', 3, (#1106, #1107, #1108, #1109), .UNSPECIFIED., .F., .U., (4, 4), (0., 0.707106781186548), .UNSPECIFIED.);
#1106 = CARTESIAN_POINT('', (46., 23., 33.5));
#1107 = CARTESIAN_POINT('', (46., 23.1666666666667, 33.6666666666667));
#1108 = CARTESIAN_POINT('', (46., 23.3333333333333, 33.8333333333333));
#1109 = CARTESIAN_POINT('', (46., 23.5, 34.));
#1110 = ORIENTED_EDGE('', *, *, #1111, .F.);
#1111 = EDGE_CURVE('', #1062, #1103, #1112, .T.);
#1112 = B_SPLINE_CURVE_WITH_KNOTS('', 1, (#1113, #1114), .UNSPECIFIED., .F., .U., (2, 2), (0., 1.125), .UNSPECIFIED.);
#1113 = CARTESIAN_POINT('', (46., 25.3, 34.));
#1114 = CARTESIAN_POINT('', (46., 23.5, 34.));
#1115 = B_SPLINE_SURFACE_WITH_KNOTS('', 1, 1, ((#1116, #1117), (#1118, #1119)), .UNSPECIFIED., .F., .F., .U., (2, 2), (2, 2), (0., 1.), (-0.644549763033175, 1.), .UNSPECIFIED.);
#1116 = CARTESIAN_POINT('', (46., 25.3, 16.7));
#1117 = CARTESIAN_POINT('', (46., 25.3, 34.05));
#1118 = CARTESIAN_POINT('', (46., 21.4, 16.7));
#1119 = CARTESIAN_POINT('', (46., 21.4, 34.05));
#1120 = ADVANCED_FACE('', (#1121), #1137, .T.);
#1121 = FACE_OUTER_BOUND('', #1122, .T.);
#1122 = EDGE_LOOP('', (#1123, #1130, #1135, #1136));
#1123 = ORIENTED_EDGE('', *, *, #1124, .T.);
#1124 = EDGE_CURVE('', #1076, #1125, #1127, .T.);
#1125 = VERTEX_POINT('', #1126);
#1126 = CARTESIAN_POINT('', (49., 23.7, 23.5));
#1127 = B_SPLINE_CURVE_WITH_KNOTS('', 1, (#1128, #1129), .UNSPECIFIED., .F., .U., (2, 2), (0., 1.), .UNSPECIFIED.);
#1128 = CARTESIAN_POINT('', (46., 23.7, 23.5));
#1129 = CARTESIAN_POINT('', (49., 23.7, 23.5));
#1130 = ORIENTED_EDGE('', *, *, #1131, .F.);
#1131 = EDGE_CURVE('', #1040, #1125, #1132, .T.);
#1132 = B_SPLINE_CURVE_WITH_KNOTS('', 1, (#1133, #1134), .UNSPECIFIED., .F., .U., (2, 2), (0., 0.589743589743589), .UNSPECIFIED.);
#1133 = CARTESIAN_POINT('', (49., 21.4, 23.5));
#1134 = CARTESIAN_POINT('', (49., 23.7, 23.5));
#1135 = ORIENTED_EDGE('', *, *, #1039, .F.);
#1136 = ORIENTED_EDGE('', *, *, #1082, .F.);
#1137 = B_SPLINE_SURFACE_WITH_KNOTS('', 1, 1, ((#1138, #1139), (#1140, #1141)), .UNSPECIFIED., .F., .F., .U., (2, 2), (2, 2), (0., 1.), (0., 1.), .UNSPECIFIED.);
#1138 = CARTESIAN_POINT('', (50.2062012120314, 20.6437987879686, 23.5));
#1139 = CARTESIAN_POINT('', (50.2062012120314, 26.0562012120314, 23.5));
#1140 = CARTESIAN_POINT('', (44.7937987879686, 20.6437987879686, 23.5));
#1141 = CARTESIAN_POINT('', (44.7937987879686, 26.0562012120314, 23.5));
#1142 = ADVANCED_FACE('', (#1143), #1165, .T.);
#1143 = FACE_OUTER_BOUND('', #1144, .T.);
#1144 = EDGE_LOOP('', (#1145, #1154, #1159, #1160));
#1145 = ORIENTED_EDGE('', *, *, #1146, .F.);
#1146 = EDGE_CURVE('', #1147, #1149, #1151, .T.);
#1147 = VERTEX_POINT('', #1148);
#1148 = CARTESIAN_POINT('', (49., 25.3, 16.7));
#1149 = VERTEX_POINT('', #1150);
#1150 = CARTESIAN_POINT('', (49., 25.3, 34.));
#1151 = B_SPLINE_CURVE_WITH_KNOTS('', 1, (#1152, #1153), .UNSPECIFIED., .F., .U., (2, 2), (0., 0.997118155619597), .UNSPECIFIED.);
#1152 = CARTESIAN_POINT('', (49., 25.3, 16.7));
#1153 = CARTESIAN_POINT('', (49., 25.3, 34.));
#1154 = ORIENTED_EDGE('', *, *, #1155, .T.);
#1155 = EDGE_CURVE('', #1147, #1060, #1156, .T.);
#1156 = B_SPLINE_CURVE_WITH_KNOTS('', 1, (#1157, #1158), .UNSPECIFIED., .F., .U., (2, 2), (0., 1.), .UNSPECIFIED.);
#1157 = CARTESIAN_POINT('', (49., 25.3, 16.7));
#1158 = CARTESIAN_POINT('', (46., 25.3, 16.7));
#1159 = ORIENTED_EDGE('', *, *, #1059, .T.);
#1160 = ORIENTED_EDGE('', *, *, #1161, .F.);
#1161 = EDGE_CURVE('', #1149, #1062, #1162, .T.);
#1162 = B_SPLINE_CURVE_WITH_KNOTS('', 1, (#1163, #1164), .UNSPECIFIED., .F., .U., (2, 2), (0., 1.), .UNSPECIFIED.);
#1163 = CARTESIAN_POINT('', (49., 25.3, 34.));
#1164 = CARTESIAN_POINT('', (46., 25.3, 34.));
#1165 = B_SPLINE_SURFACE_WITH_KNOTS('', 1, 1, ((#1166, #1167), (#1168, #1169)), .UNSPECIFIED., .F., .F., .U., (2, 2), (2, 2), (0., 1.), (0., 1.), .UNSPECIFIED.);
#1166 = CARTESIAN_POINT('', (49., 25.3, 16.7));
#1167 = CARTESIAN_POINT('', (49., 25.3, 34.05));
#1168 = CARTESIAN_POINT('', (46., 25.3, 16.7));
#1169 = CARTESIAN_POINT('', (46., 25.3, 34.05));
#1170 = ADVANCED_FACE('', (#1171), #1187, .T.);
#1171 = FACE_OUTER_BOUND('', #1172, .T.);
#1172 = EDGE_LOOP('', (#1173, #1174, #1175, #1182));
#1173 = ORIENTED_EDGE('', *, *, #1068, .F.);
#1174 = ORIENTED_EDGE('', *, *, #1155, .F.);
#1175 = ORIENTED_EDGE('', *, *, #1176, .F.);
#1176 = EDGE_CURVE('', #1177, #1147, #1179, .T.);
#1177 = VERTEX_POINT('', #1178);
#1178 = CARTESIAN_POINT('', (49., 23.7, 16.7));
#1179 = B_SPLINE_CURVE_WITH_KNOTS('', 1, (#1180, #1181), .UNSPECIFIED., .F., .U., (2, 2), (0., 1.), .UNSPECIFIED.);
#1180 = CARTESIAN_POINT('', (49., 23.7, 16.7));
#1181 = CARTESIAN_POINT('', (49., 25.3, 16.7));
#1182 = ORIENTED_EDGE('', *, *, #1183, .F.);
#1183 = EDGE_CURVE('', #1069, #1177, #1184, .T.);
#1184 = B_SPLINE_CURVE_WITH_KNOTS('', 1, (#1185, #1186), .UNSPECIFIED., .F., .U., (2, 2), (0., 1.), .UNSPECIFIED.);
#1185 = CARTESIAN_POINT('', (46., 23.7, 16.7));
#1186 = CARTESIAN_POINT('', (49., 23.7, 16.7));
#1187 = B_SPLINE_SURFACE_WITH_KNOTS('', 1, 1, ((#1188, #1189), (#1190, #1191)), .UNSPECIFIED., .F., .F., .U., (2, 2), (2, 2), (0., 1.), (0., 1.), .UNSPECIFIED.);
#1188 = CARTESIAN_POINT('', (49.37, 22.63, 16.7));
#1189 = CARTESIAN_POINT('', (49.37, 26.37, 16.7));
#1190 = CARTESIAN_POINT('', (45.63, 22.63, 16.7));
#1191 = CARTESIAN_POINT('', (45.63, 26.37, 16.7));
#1192 = ADVANCED_FACE('', (#1193), #1223, .F.);
#1193 = FACE_OUTER_BOUND('', #1194, .F.);
#1194 = EDGE_LOOP('', (#1195, #1204, #1211, #1218));
#1195 = ORIENTED_EDGE('', *, *, #1196, .F.);
#1196 = EDGE_CURVE('', #1197, #1199, #1201, .T.);
#1197 = VERTEX_POINT('', #1198);
#1198 = CARTESIAN_POINT('', (87.8928932188134, 2.1, 34.));
#1199 = VERTEX_POINT('', #1200);
#1200 = CARTESIAN_POINT('', (88.1, 2.30710678118655, 34.));
#1201 = B_SPLINE_CURVE_WITH_KNOTS('', 1, (#1202, #1203), .UNSPECIFIED., .F., .U., (2, 2), (0., 1.), .UNSPECIFIED.);
#1202 = CARTESIAN_POINT('', (87.8928932188134, 2.1, 34.));
#1203 = CARTESIAN_POINT('', (88.1, 2.30710678118655, 34.));
#1204 = ORIENTED_EDGE('', *, *, #1205, .T.);
#1205 = EDGE_CURVE('', #1197, #1206, #1208, .T.);
#1206 = VERTEX_POINT('', #1207);
#1207 = CARTESIAN_POINT('', (88.1, 1.6, 33.5));
#1208 = B_SPLINE_CURVE_WITH_KNOTS('', 1, (#1209, #1210), .UNSPECIFIED., .F., .U., (2, 2), (0., 1.), .UNSPECIFIED.);
#1209 = CARTESIAN_POINT('', (87.8928932188134, 2.1, 34.));
#1210 = CARTESIAN_POINT('', (88.1, 1.6, 33.5));
#1211 = ORIENTED_EDGE('', *, *, #1212, .T.);
#1212 = EDGE_CURVE('', #1206, #1213, #1215, .T.);
#1213 = VERTEX_POINT('', #1214);
#1214 = CARTESIAN_POINT('', (88.6, 2.1, 33.5));
#1215 = B_SPLINE_CURVE_WITH_KNOTS('', 1, (#1216, #1217), .UNSPECIFIED., .F., .U., (2, 2), (0., 1.), .UNSPECIFIED.);
#1216 = CARTESIAN_POINT('', (88.1, 1.6, 33.5));
#1217 = CARTESIAN_POINT('', (88.6, 2.1, 33.5));
#1218 = ORIENTED_EDGE('', *, *, #1219, .F.);
#1219 = EDGE_CURVE('', #1199, #1213, #1220, .T.);
#1220 = B_SPLINE_CURVE_WITH_KNOTS('', 1, (#1221, #1222), .UNSPECIFIED., .F., .U., (2, 2), (0., 1.), .UNSPECIFIED.);
#1221 = CARTESIAN_POINT('', (88.1, 2.30710678118655, 34.));
#1222 = CARTESIAN_POINT('', (88.6, 2.1, 33.5));
#1223 = B_SPLINE_SURFACE_WITH_KNOTS('', 1, 1, ((#1224, #1225), (#1226, #1227)), .UNSPECIFIED., .F., .F., .U., (2, 2), (2, 2), (0., 1.), (0., 1.), .UNSPECIFIED.);
#1224 = CARTESIAN_POINT('', (87.8928932188134, 2.1, 34.));
#1225 = CARTESIAN_POINT('', (88.1, 2.30710678118655, 34.));
#1226 = CARTESIAN_POINT('', (88.1, 1.6, 33.5));
#1227 = CARTESIAN_POINT('', (88.6, 2.1, 33.5));
#1228 = ADVANCED_FACE('', (#1229), #1251, .F.);
#1229 = FACE_OUTER_BOUND('', #1230, .F.);
#1230 = EDGE_LOOP('', (#1231, #1240, #1245, #1246));
#1231 = ORIENTED_EDGE('', *, *, #1232, .T.);
#1232 = EDGE_CURVE('', #1233, #1235, #1237, .T.);
#1233 = VERTEX_POINT('', #1234);
#1234 = CARTESIAN_POINT('', (88.1, 1.6, 24.));
#1235 = VERTEX_POINT('', #1236);
#1236 = CARTESIAN_POINT('', (88.6, 2.1, 24.));
#1237 = B_SPLINE_CURVE_WITH_KNOTS('', 1, (#1238, #1239), .UNSPECIFIED., .F., .U., (2, 2), (0., 1.), .UNSPECIFIED.);
#1238 = CARTESIAN_POINT('', (88.1, 1.60000000000001, 24.));
#1239 = CARTESIAN_POINT('', (88.6, 2.09999999999999, 24.));
#1240 = ORIENTED_EDGE('', *, *, #1241, .T.);
#1241 = EDGE_CURVE('', #1235, #1213, #1242, .T.);
#1242 = B_SPLINE_CURVE_WITH_KNOTS('', 1, (#1243, #1244), .UNSPECIFIED., .F., .U., (2, 2), (0.697452229299363, 1.), .UNSPECIFIED.);
#1243 = CARTESIAN_POINT('', (88.6, 2.1, 24.));
#1244 = CARTESIAN_POINT('', (88.6, 2.1, 33.5));
#1245 = ORIENTED_EDGE('', *, *, #1212, .F.);
#1246 = ORIENTED_EDGE('', *, *, #1247, .F.);
#1247 = EDGE_CURVE('', #1233, #1206, #1248, .T.);
#1248 = B_SPLINE_CURVE_WITH_KNOTS('', 1, (#1249, #1250), .UNSPECIFIED., .F., .U., (2, 2), (0.697452229299363, 1.), .UNSPECIFIED.);
#1249 = CARTESIAN_POINT('', (88.1, 1.6, 24.));
#1250 = CARTESIAN_POINT('', (88.1, 1.6, 33.5));
#1251 = B_SPLINE_SURFACE_WITH_KNOTS('', 1, 1, ((#1252, #1253), (#1254, #1255)), .UNSPECIFIED., .F., .F., .U., (2, 2), (2, 2), (0., 1.), (0., 1.), .UNSPECIFIED.);
#1252 = CARTESIAN_POINT('', (88.1, 1.6, 2.1));
#1253 = CARTESIAN_POINT('', (88.1, 1.6, 33.5));
#1254 = CARTESIAN_POINT('', (88.6, 2.1, 2.1));
#1255 = CARTESIAN_POINT('', (88.6, 2.1, 33.5));
#1256 = ADVANCED_FACE('', (#1257), #1287, .F.);
#1257 = FACE_OUTER_BOUND('', #1258, .F.);
#1258 = EDGE_LOOP('', (#1259, #1260, #1267, #1274, #1279, #1280, #1285, #1286));
#1259 = ORIENTED_EDGE('', *, *, #161, .T.);
#1260 = ORIENTED_EDGE('', *, *, #1261, .F.);
#1261 = EDGE_CURVE('', #1262, #134, #1264, .T.);
#1262 = VERTEX_POINT('', #1263);
#1263 = CARTESIAN_POINT('', (49.7071067811866, 2.1, 34.));
#1264 = B_SPLINE_CURVE_WITH_KNOTS('', 1, (#1265, #1266), .UNSPECIFIED., .F., .U., (2, 2), (0., 0.243360006058604), .UNSPECIFIED.);
#1265 = CARTESIAN_POINT('', (49.7071067811866, 2.1, 34.));
#1266 = CARTESIAN_POINT('', (59., 2.1, 34.));
#1267 = ORIENTED_EDGE('', *, *, #1268, .T.);
#1268 = EDGE_CURVE('', #1262, #1269, #1271, .T.);
#1269 = VERTEX_POINT('', #1270);
#1270 = CARTESIAN_POINT('', (49.5, 1.6, 33.5));
#1271 = B_SPLINE_CURVE_WITH_KNOTS('', 1, (#1272, #1273), .UNSPECIFIED., .F., .U., (2, 2), (0., 1.), .UNSPECIFIED.);
#1272 = CARTESIAN_POINT('', (49.7071067811866, 2.1, 34.));
#1273 = CARTESIAN_POINT('', (49.5, 1.6, 33.5));
#1274 = ORIENTED_EDGE('', *, *, #1275, .T.);
#1275 = EDGE_CURVE('', #1269, #1206, #1276, .T.);
#1276 = B_SPLINE_CURVE_WITH_KNOTS('', 1, (#1277, #1278), .UNSPECIFIED., .F., .U., (2, 2), (0., 1.), .UNSPECIFIED.);
#1277 = CARTESIAN_POINT('', (49.5, 1.6, 33.5));
#1278 = CARTESIAN_POINT('', (88.1, 1.6, 33.5));
#1279 = ORIENTED_EDGE('', *, *, #1205, .F.);
#1280 = ORIENTED_EDGE('', *, *, #1281, .F.);
#1281 = EDGE_CURVE('', #205, #1197, #1282, .T.);
#1282 = B_SPLINE_CURVE_WITH_KNOTS('', 1, (#1283, #1284), .UNSPECIFIED., .F., .U., (2, 2), (0.793302850218738, 1.), .UNSPECIFIED.);
#1283 = CARTESIAN_POINT('', (80., 2.1, 34.));
#1284 = CARTESIAN_POINT('', (87.8928932188134, 2.1, 34.));
#1285 = ORIENTED_EDGE('', *, *, #211, .F.);
#1286 = ORIENTED_EDGE('', *, *, #241, .T.);
#1287 = B_SPLINE_SURFACE_WITH_KNOTS('', 1, 1, ((#1288, #1289), (#1290, #1291)), .UNSPECIFIED., .F., .F., .U., (2, 2), (2, 2), (0., 1.), (0., 1.), .UNSPECIFIED.);
#1288 = CARTESIAN_POINT('', (49.7071067811866, 2.1, 34.));
#1289 = CARTESIAN_POINT('', (87.8928932188134, 2.1, 34.));
#1290 = CARTESIAN_POINT('', (49.5, 1.6, 33.5));
#1291 = CARTESIAN_POINT('', (88.1, 1.6, 33.5));
#1292 = ADVANCED_FACE('', (#1293), #1315, .F.);
#1293 = FACE_OUTER_BOUND('', #1294, .F.);
#1294 = EDGE_LOOP('', (#1295, #1302, #1309, #1314));
#1295 = ORIENTED_EDGE('', *, *, #1296, .F.);
#1296 = EDGE_CURVE('', #1297, #1262, #1299, .T.);
#1297 = VERTEX_POINT('', #1298);
#1298 = CARTESIAN_POINT('', (49.5, 2.30710678118655, 34.));
#1299 = B_SPLINE_CURVE_WITH_KNOTS('', 1, (#1300, #1301), .UNSPECIFIED., .F., .U., (2, 2), (0., 1.), .UNSPECIFIED.);
#1300 = CARTESIAN_POINT('', (49.5, 2.30710678118655, 34.));
#1301 = CARTESIAN_POINT('', (49.7071067811866, 2.1, 34.));
#1302 = ORIENTED_EDGE('', *, *, #1303, .T.);
#1303 = EDGE_CURVE('', #1297, #1304, #1306, .T.);
#1304 = VERTEX_POINT('', #1305);
#1305 = CARTESIAN_POINT('', (49., 2.1, 33.5));
#1306 = B_SPLINE_CURVE_WITH_KNOTS('', 1, (#1307, #1308), .UNSPECIFIED., .F., .U., (2, 2), (0., 1.), .UNSPECIFIED.);
#1307 = CARTESIAN_POINT('', (49.5, 2.30710678118655, 34.));
#1308 = CARTESIAN_POINT('', (49., 2.1, 33.5));
#1309 = ORIENTED_EDGE('', *, *, #1310, .T.);
#1310 = EDGE_CURVE('', #1304, #1269, #1311, .T.);
#1311 = B_SPLINE_CURVE_WITH_KNOTS('', 1, (#1312, #1313), .UNSPECIFIED., .F., .U., (2, 2), (0., 1.), .UNSPECIFIED.);
#1312 = CARTESIAN_POINT('', (49., 2.1, 33.5));
#1313 = CARTESIAN_POINT('', (49.5, 1.6, 33.5));
#1314 = ORIENTED_EDGE('', *, *, #1268, .F.);
#1315 = B_SPLINE_SURFACE_WITH_KNOTS('', 1, 1, ((#1316, #1317), (#1318, #1319)), .UNSPECIFIED., .F., .F., .U., (2, 2), (2, 2), (0., 1.), (0., 1.), .UNSPECIFIED.);
#1316 = CARTESIAN_POINT('', (49.5, 2.30710678118655, 34.));
#1317 = CARTESIAN_POINT('', (49.7071067811866, 2.1, 34.));
#1318 = CARTESIAN_POINT('', (49., 2.1, 33.5));
#1319 = CARTESIAN_POINT('', (49.5, 1.6, 33.5));
#1320 = ADVANCED_FACE('', (#1321), #1345, .F.);
#1321 = FACE_OUTER_BOUND('', #1322, .F.);
#1322 = EDGE_LOOP('', (#1323, #1334, #1339, #1340));
#1323 = ORIENTED_EDGE('', *, *, #1324, .F.);
#1324 = EDGE_CURVE('', #1325, #1327, #1329, .T.);
#1325 = VERTEX_POINT('', #1326);
#1326 = CARTESIAN_POINT('', (49., 23., 33.5));
#1327 = VERTEX_POINT('', #1328);
#1328 = CARTESIAN_POINT('', (49.5, 23.5, 34.));
#1329 = B_SPLINE_CURVE_WITH_KNOTS('', 3, (#1330, #1331, #1332, #1333), .UNSPECIFIED., .F., .U., (4, 4), (0., 0.866025403784443), .UNSPECIFIED.);
#1330 = CARTESIAN_POINT('', (49., 23., 33.5));
#1331 = CARTESIAN_POINT('', (49.1666666666667, 23.1666666666667, 33.6666666666667));
#1332 = CARTESIAN_POINT('', (49.3333333333333, 23.3333333333333, 33.8333333333333));
#1333 = CARTESIAN_POINT('', (49.5, 23.5, 34.));
#1334 = ORIENTED_EDGE('', *, *, #1335, .T.);
#1335 = EDGE_CURVE('', #1325, #1304, #1336, .T.);
#1336 = B_SPLINE_CURVE_WITH_KNOTS('', 1, (#1337, #1338), .UNSPECIFIED., .F., .U., (2, 2), (0.407932011331445, 1.), .UNSPECIFIED.);
#1337 = CARTESIAN_POINT('', (49., 23., 33.5));
#1338 = CARTESIAN_POINT('', (49., 2.1, 33.5));
#1339 = ORIENTED_EDGE('', *, *, #1303, .F.);
#1340 = ORIENTED_EDGE('', *, *, #1341, .F.);
#1341 = EDGE_CURVE('', #1327, #1297, #1342, .T.);
#1342 = B_SPLINE_CURVE_WITH_KNOTS('', 1, (#1343, #1344), .UNSPECIFIED., .F., .U., (2, 2), (0.392506364828418, 1.), .UNSPECIFIED.);
#1343 = CARTESIAN_POINT('', (49.5, 23.5, 34.));
#1344 = CARTESIAN_POINT('', (49.5, 2.30710678118655, 34.));
#1345 = B_SPLINE_SURFACE_WITH_KNOTS('', 1, 1, ((#1346, #1347), (#1348, #1349)), .UNSPECIFIED., .F., .F., .U., (2, 2), (2, 2), (0., 1.), (0., 1.), .UNSPECIFIED.);
#1346 = CARTESIAN_POINT('', (49.5, 37.1928932188134, 34.));
#1347 = CARTESIAN_POINT('', (49.5, 2.30710678118655, 34.));
#1348 = CARTESIAN_POINT('', (49., 37.4, 33.5));
#1349 = CARTESIAN_POINT('', (49., 2.1, 33.5));
#1350 = ADVANCED_FACE('', (#1351), #1389, .F.);
#1351 = FACE_OUTER_BOUND('', #1352, .F.);
#1352 = EDGE_LOOP('', (#1353, #1354, #1363, #1368, #1369, #1370, #1375, #1376, #1377, #1384));
#1353 = ORIENTED_EDGE('', *, *, #1335, .F.);
#1354 = ORIENTED_EDGE('', *, *, #1355, .T.);
#1355 = EDGE_CURVE('', #1325, #1356, #1358, .T.);
#1356 = VERTEX_POINT('', #1357);
#1357 = CARTESIAN_POINT('', (49., 23.5, 34.));
#1358 = B_SPLINE_CURVE_WITH_KNOTS('', 3, (#1359, #1360, #1361, #1362), .UNSPECIFIED., .F., .U., (4, 4), (0., 0.707106781186548), .UNSPECIFIED.);
#1359 = CARTESIAN_POINT('', (49., 23., 33.5));
#1360 = CARTESIAN_POINT('', (49., 23.1666666666667, 33.6666666666667));
#1361 = CARTESIAN_POINT('', (49., 23.3333333333333, 33.8333333333333));
#1362 = CARTESIAN_POINT('', (49., 23.5, 34.));
#1363 = ORIENTED_EDGE('', *, *, #1364, .T.);
#1364 = EDGE_CURVE('', #1356, #1149, #1365, .T.);
#1365 = B_SPLINE_CURVE_WITH_KNOTS('', 1, (#1366, #1367), .UNSPECIFIED., .F., .U., (2, 2), (-0.124999999999999, 1.), .UNSPECIFIED.);
#1366 = CARTESIAN_POINT('', (49., 23.5, 34.));
#1367 = CARTESIAN_POINT('', (49., 25.3, 34.));
#1368 = ORIENTED_EDGE('', *, *, #1146, .F.);
#1369 = ORIENTED_EDGE('', *, *, #1176, .F.);
#1370 = ORIENTED_EDGE('', *, *, #1371, .T.);
#1371 = EDGE_CURVE('', #1177, #1125, #1372, .T.);
#1372 = B_SPLINE_CURVE_WITH_KNOTS('', 1, (#1373, #1374), .UNSPECIFIED., .F., .U., (2, 2), (0., 0.39193083573487), .UNSPECIFIED.);
#1373 = CARTESIAN_POINT('', (49., 23.7, 16.7));
#1374 = CARTESIAN_POINT('', (49., 23.7, 23.5));
#1375 = ORIENTED_EDGE('', *, *, #1131, .F.);
#1376 = ORIENTED_EDGE('', *, *, #1046, .T.);
#1377 = ORIENTED_EDGE('', *, *, #1378, .T.);
#1378 = EDGE_CURVE('', #1026, #1379, #1381, .T.);
#1379 = VERTEX_POINT('', #1380);
#1380 = CARTESIAN_POINT('', (49., 2.1, 25.));
#1381 = B_SPLINE_CURVE_WITH_KNOTS('', 1, (#1382, #1383), .UNSPECIFIED., .F., .U., (2, 2), (0.0765550239234467, 1.), .UNSPECIFIED.);
#1382 = CARTESIAN_POINT('', (49., 21.4, 25.));
#1383 = CARTESIAN_POINT('', (49., 2.10000000000002, 25.));
#1384 = ORIENTED_EDGE('', *, *, #1385, .T.);
#1385 = EDGE_CURVE('', #1379, #1304, #1386, .T.);
#1386 = B_SPLINE_CURVE_WITH_KNOTS('', 1, (#1387, #1388), .UNSPECIFIED., .F., .U., (2, 2), (0.729299363057325, 1.), .UNSPECIFIED.);
#1387 = CARTESIAN_POINT('', (49., 2.1, 25.));
#1388 = CARTESIAN_POINT('', (49., 2.1, 33.5));
#1389 = B_SPLINE_SURFACE_WITH_KNOTS('', 1, 1, ((#1390, #1391), (#1392, #1393)), .UNSPECIFIED., .F., .F., .U., (2, 2), (2, 2), (0., 1.), (0., 1.01751592356688), .UNSPECIFIED.);
#1390 = CARTESIAN_POINT('', (49., 37.4, 2.1));
#1391 = CARTESIAN_POINT('', (49., 37.4, 34.05));
#1392 = CARTESIAN_POINT('', (49., 2.1, 2.1));
#1393 = CARTESIAN_POINT('', (49., 2.1, 34.05));
#1394 = ADVANCED_FACE('', (#1395), #1413, .F.);
#1395 = FACE_OUTER_BOUND('', #1396, .F.);
#1396 = EDGE_LOOP('', (#1397, #1406, #1411, #1412));
#1397 = ORIENTED_EDGE('', *, *, #1398, .F.);
#1398 = EDGE_CURVE('', #1399, #1379, #1401, .T.);
#1399 = VERTEX_POINT('', #1400);
#1400 = CARTESIAN_POINT('', (49.5, 1.6, 24.5));
#1401 = B_SPLINE_CURVE_WITH_KNOTS('', 3, (#1402, #1403, #1404, #1405), .UNSPECIFIED., .F., .U., (4, 4), (0., 0.866025403784439), .UNSPECIFIED.);
#1402 = CARTESIAN_POINT('', (49.5, 1.6, 24.5));
#1403 = CARTESIAN_POINT('', (49.3333333333333, 1.76666666666667, 24.6666666666667));
#1404 = CARTESIAN_POINT('', (49.1666666666667, 1.93333333333333, 24.8333333333333));
#1405 = CARTESIAN_POINT('', (49., 2.1, 25.));
#1406 = ORIENTED_EDGE('', *, *, #1407, .T.);
#1407 = EDGE_CURVE('', #1399, #1269, #1408, .T.);
#1408 = B_SPLINE_CURVE_WITH_KNOTS('', 1, (#1409, #1410), .UNSPECIFIED., .F., .U., (2, 2), (0.713375796178344, 1.), .UNSPECIFIED.);
#1409 = CARTESIAN_POINT('', (49.5, 1.6, 24.5));
#1410 = CARTESIAN_POINT('', (49.5, 1.6, 33.5));
#1411 = ORIENTED_EDGE('', *, *, #1310, .F.);
#1412 = ORIENTED_EDGE('', *, *, #1385, .F.);
#1413 = B_SPLINE_SURFACE_WITH_KNOTS('', 1, 1, ((#1414, #1415), (#1416, #1417)), .UNSPECIFIED., .F., .F., .U., (2, 2), (2, 2), (0., 1.), (0., 1.), .UNSPECIFIED.);
#1414 = CARTESIAN_POINT('', (49., 2.1, 2.1));
#1415 = CARTESIAN_POINT('', (49., 2.1, 33.5));
#1416 = CARTESIAN_POINT('', (49.5, 1.6, 2.1));
#1417 = CARTESIAN_POINT('', (49.5, 1.6, 33.5));
#1418 = ADVANCED_FACE('', (#1419), #1446, .F.);
#1419 = FACE_OUTER_BOUND('', #1420, .F.);
#1420 = EDGE_LOOP('', (#1421, #1435, #1440, #1441));
#1421 = ORIENTED_EDGE('', *, *, #1422, .F.);
#1422 = EDGE_CURVE('', #1423, #1425, #1427, .T.);
#1423 = VERTEX_POINT('', #1424);
#1424 = CARTESIAN_POINT('', (31.9233241632105, 1.6, 24.5));
#1425 = VERTEX_POINT('', #1426);
#1426 = CARTESIAN_POINT('', (32.1688012290165, 2.1, 25.));
#1427 = B_SPLINE_CURVE_WITH_KNOTS('', 3, (#1428, #1429, #1430, #1431, #1432, #1433, #1434), .UNSPECIFIED., .F., .U., (4, 3, 4), (0., 0.436904295656341, 0.749035750811808), .UNSPECIFIED.);
#1428 = CARTESIAN_POINT('', (31.9233241632105, 1.6, 24.5));
#1429 = CARTESIAN_POINT('', (31.9817183840081, 1.69433875083381, 24.5943387508338));
#1430 = CARTESIAN_POINT('', (32.0337751219528, 1.79074765003887, 24.6907476500389));
#1431 = CARTESIAN_POINT('', (32.0796737512479, 1.88847891593971, 24.7884789159397));
#1432 = CARTESIAN_POINT('', (32.1124644701627, 1.95829970402327, 24.8582997040233));
#1433 = CARTESIAN_POINT('', (32.1421539684903, 2.02888375835784, 24.9288837583578));
#1434 = CARTESIAN_POINT('', (32.1688012290165, 2.1, 25.));
#1435 = ORIENTED_EDGE('', *, *, #1436, .T.);
#1436 = EDGE_CURVE('', #1423, #1399, #1437, .T.);
#1437 = B_SPLINE_CURVE_WITH_KNOTS('', 1, (#1438, #1439), .UNSPECIFIED., .F., .U., (2, 2), (0.585919924621032, 0.931237721021611), .UNSPECIFIED.);
#1438 = CARTESIAN_POINT('', (31.9233241632105, 1.6, 24.5));
#1439 = CARTESIAN_POINT('', (49.5, 1.6, 24.5));
#1440 = ORIENTED_EDGE('', *, *, #1398, .T.);
#1441 = ORIENTED_EDGE('', *, *, #1442, .F.);
#1442 = EDGE_CURVE('', #1425, #1379, #1443, .T.);
#1443 = B_SPLINE_CURVE_WITH_KNOTS('', 1, (#1444, #1445), .UNSPECIFIED., .F., .U., (2, 2), (0.591487160147992, 0.924872058326765), .UNSPECIFIED.);
#1444 = CARTESIAN_POINT('', (32.1688012290165, 2.1, 25.));
#1445 = CARTESIAN_POINT('', (49., 2.1, 25.));
#1446 = B_SPLINE_SURFACE_WITH_KNOTS('', 1, 1, ((#1447, #1448), (#1449, #1450)), .UNSPECIFIED., .F., .F., .U., (2, 2), (2, 2), (0., 1.), (0., 1.), .UNSPECIFIED.);
#1447 = CARTESIAN_POINT('', (2.30710678118655, 2.1, 25.));
#1448 = CARTESIAN_POINT('', (52.7928932188134, 2.1, 25.));
#1449 = CARTESIAN_POINT('', (2.1, 1.6, 24.5));
#1450 = CARTESIAN_POINT('', (53., 1.6, 24.5));
#1451 = ADVANCED_FACE('', (#1452), #1483, .T.);
#1452 = FACE_OUTER_BOUND('', #1453, .T.);
#1453 = EDGE_LOOP('', (#1454, #1461, #1469, #1476, #1482));
#1454 = ORIENTED_EDGE('', *, *, #1455, .F.);
#1455 = EDGE_CURVE('', #1456, #1423, #1458, .T.);
#1456 = VERTEX_POINT('', #1457);
#1457 = CARTESIAN_POINT('', (31.9233241632105, 1.6, 24.));
#1458 = B_SPLINE_CURVE_WITH_KNOTS('', 1, (#1459, #1460), .UNSPECIFIED., .F., .U., (2, 2), (0., 0.128205128205128), .UNSPECIFIED.);
#1459 = CARTESIAN_POINT('', (31.9233241632105, 1.6, 24.));
#1460 = CARTESIAN_POINT('', (31.9233241632105, 1.6, 24.5));
#1461 = ORIENTED_EDGE('', *, *, #1462, .T.);
#1462 = EDGE_CURVE('', #1456, #1463, #1465, .T.);
#1463 = VERTEX_POINT('', #1464);
#1464 = CARTESIAN_POINT('', (32.35, 3.1, 24.));
#1465 = (
   BOUNDED_CURVE ()
   B_SPLINE_CURVE (2, (#1466, #1467, #1468), .UNSPECIFIED., .F., .U.)
   B_SPLINE_CURVE_WITH_KNOTS ((3, 3), (16.2960119671199, 17.9070781254618), .UNSPECIFIED.)
   CURVE ()
   GEOMETRIC_REPRESENTATION_ITEM ()
   RATIONAL_B_SPLINE_CURVE ((0.865055729980275, 0.894595790662857, 1.))
   REPRESENTATION_ITEM ('')
);
#1466 = CARTESIAN_POINT('', (31.9233241632105, 1.6, 24.));
#1467 = CARTESIAN_POINT('', (32.35, 2.2893159101, 24.));
#1468 = CARTESIAN_POINT('', (32.35, 3.1, 24.));
#1469 = ORIENTED_EDGE('', *, *, #1470, .T.);
#1470 = EDGE_CURVE('', #1463, #1471, #1473, .T.);
#1471 = VERTEX_POINT('', #1472);
#1472 = CARTESIAN_POINT('', (32.35, 3.1, 25.));
#1473 = B_SPLINE_CURVE_WITH_KNOTS('', 1, (#1474, #1475), .UNSPECIFIED., .F., .U., (2, 2), (0., 1.), .UNSPECIFIED.);
#1474 = CARTESIAN_POINT('', (32.35, 3.1, 24.));
#1475 = CARTESIAN_POINT('', (32.35, 3.1, 25.));
#1476 = ORIENTED_EDGE('', *, *, #1477, .F.);
#1477 = EDGE_CURVE('', #1425, #1471, #1478, .T.);
#1478 = (
   BOUNDED_CURVE ()
   B_SPLINE_CURVE (2, (#1479, #1480, #1481), .UNSPECIFIED., .F., .U.)
   B_SPLINE_CURVE_WITH_KNOTS ((3, 3), (0., 1.), .UNSPECIFIED.)
   CURVE ()
   GEOMETRIC_REPRESENTATION_ITEM ()
   RATIONAL_B_SPLINE_CURVE ((1., 0.983977002745857, 1.))
   REPRESENTATION_ITEM ('')
);
#1479 = CARTESIAN_POINT('', (32.1688012290165, 2.1, 25.));
#1480 = CARTESIAN_POINT('', (32.35, 2.58358350269704, 25.));
#1481 = CARTESIAN_POINT('', (32.35, 3.1, 25.));
#1482 = ORIENTED_EDGE('', *, *, #1422, .F.);
#1483 = (
   BOUNDED_SURFACE ()
   B_SPLINE_SURFACE (2, 1, ((#1484, #1485), (#1486, #1487), (#1488, #1489), (#1490, #1491), (#1492, #1493), (#1494, #1495), (#1496, #1497), (#1498, #1499), (#1500, #1501)), .UNSPECIFIED., .T., .F., .U.)
   B_SPLINE_SURFACE_WITH_KNOTS ((3, 2, 2, 2, 3), (2, 2), (0., 4.47676953136546, 8.95353906273092, 13.4303085940964, 17.9070781254618), (0., 3.9), .UNSPECIFIED.)
   GEOMETRIC_REPRESENTATION_ITEM ()
   RATIONAL_B_SPLINE_SURFACE (((1., 1.), (0.707106781186548, 0.707106781186548), (1., 1.), (0.707106781186548, 0.707106781186548), (1., 1.), (0.707106781186548, 0.707106781186548), (1., 1.), (0.707106781186548, 0.707106781186548), (1., 1.)))
   REPRESENTATION_ITEM ('')
   SURFACE ()
);
#1484 = CARTESIAN_POINT('', (32.35, 3.1, 24.));
#1485 = CARTESIAN_POINT('', (32.35, 3.1, 27.9));
#1486 = CARTESIAN_POINT('', (32.35, 5.95, 24.));
#1487 = CARTESIAN_POINT('', (32.35, 5.95, 27.9));
#1488 = CARTESIAN_POINT('', (29.5, 5.95, 24.));
#1489 = CARTESIAN_POINT('', (29.5, 5.95, 27.9));
#1490 = CARTESIAN_POINT('', (26.65, 5.95, 24.));
#1491 = CARTESIAN_POINT('', (26.65, 5.95, 27.9));
#1492 = CARTESIAN_POINT('', (26.65, 3.1, 24.));
#1493 = CARTESIAN_POINT('', (26.65, 3.1, 27.9));
#1494 = CARTESIAN_POINT('', (26.65, 0.249999999999999, 24.));
#1495 = CARTESIAN_POINT('', (26.65, 0.249999999999999, 27.9));
#1496 = CARTESIAN_POINT('', (29.5, 0.249999999999999, 24.));
#1497 = CARTESIAN_POINT('', (29.5, 0.249999999999999, 27.9));
#1498 = CARTESIAN_POINT('', (32.35, 0.249999999999998, 24.));
#1499 = CARTESIAN_POINT('', (32.35, 0.249999999999998, 27.9));
#1500 = CARTESIAN_POINT('', (32.35, 3.1, 24.));
#1501 = CARTESIAN_POINT('', (32.35, 3.1, 27.9));
#1502 = ADVANCED_FACE('', (#1503), #1547, .T.);
#1503 = FACE_OUTER_BOUND('', #1504, .T.);
#1504 = EDGE_LOOP('', (#1505, #1514, #1526, #1536, #1537));
#1505 = ORIENTED_EDGE('', *, *, #1506, .T.);
#1506 = EDGE_CURVE('', #1507, #1509, #1511, .T.);
#1507 = VERTEX_POINT('', #1508);
#1508 = CARTESIAN_POINT('', (27.0766758367895, 1.6, 24.));
#1509 = VERTEX_POINT('', #1510);
#1510 = CARTESIAN_POINT('', (27.0766758367895, 1.6, 24.5));
#1511 = B_SPLINE_CURVE_WITH_KNOTS('', 1, (#1512, #1513), .UNSPECIFIED., .F., .U., (2, 2), (0., 0.128205128205128), .UNSPECIFIED.);
#1512 = CARTESIAN_POINT('', (27.0766758367895, 1.6, 24.));
#1513 = CARTESIAN_POINT('', (27.0766758367895, 1.6, 24.5));
#1514 = ORIENTED_EDGE('', *, *, #1515, .T.);
#1515 = EDGE_CURVE('', #1509, #1516, #1518, .T.);
#1516 = VERTEX_POINT('', #1517);
#1517 = CARTESIAN_POINT('', (26.8311987709835, 2.1, 25.));
#1518 = B_SPLINE_CURVE_WITH_KNOTS('', 3, (#1519, #1520, #1521, #1522, #1523, #1524, #1525), .UNSPECIFIED., .F., .U., (4, 3, 4), (0., 0.436921013949067, 0.749035741676778), .UNSPECIFIED.);
#1519 = CARTESIAN_POINT('', (27.0766758367895, 1.6, 24.5));
#1520 = CARTESIAN_POINT('', (27.018279381517, 1.69434236073847, 24.5943423607385));
#1521 = CARTESIAN_POINT('', (26.966220892243, 1.79075503119237, 24.6907550311924));
#1522 = CARTESIAN_POINT('', (26.9203209743769, 1.88849014665168, 24.7884901466517));
#1523 = CARTESIAN_POINT('', (26.8875323468901, 1.95830727143428, 24.8583072714343));
#1524 = CARTESIAN_POINT('', (26.8578446034571, 2.02888756954628, 24.9288875695463));
#1525 = CARTESIAN_POINT('', (26.8311987709835, 2.1, 25.));
#1526 = ORIENTED_EDGE('', *, *, #1527, .F.);
#1527 = EDGE_CURVE('', #1471, #1516, #1528, .T.);
#1528 = (
   BOUNDED_CURVE ()
   B_SPLINE_CURVE (2, (#1529, #1530, #1531, #1532, #1533, #1534, #1535), .UNSPECIFIED., .F., .U.)
   B_SPLINE_CURVE_WITH_KNOTS ((3, 2, 2, 3), (0., 0.333333333333333, 0.666666666666667, 1.), .UNSPECIFIED.)
   CURVE ()
   GEOMETRIC_REPRESENTATION_ITEM ()
   RATIONAL_B_SPLINE_CURVE ((1., 0.834622048057227, 1., 0.834622048057227, 1., 0.834622048057227, 1.))
   REPRESENTATION_ITEM ('')
);
#1529 = CARTESIAN_POINT('', (32.35, 3.1, 25.));
#1530 = CARTESIAN_POINT('', (32.35, 4.98090610325742, 25.));
#1531 = CARTESIAN_POINT('', (30.6205855896885, 5.72045567338632, 25.));
#1532 = CARTESIAN_POINT('', (28.8911711793769, 6.46000524351522, 25.));
#1533 = CARTESIAN_POINT('', (27.531201448293, 5.16066306386955, 25.));
#1534 = CARTESIAN_POINT('', (26.171231717209, 3.86132088422388, 25.));
#1535 = CARTESIAN_POINT('', (26.8311987709835, 2.1, 25.));
#1536 = ORIENTED_EDGE('', *, *, #1470, .F.);
#1537 = ORIENTED_EDGE('', *, *, #1538, .T.);
#1538 = EDGE_CURVE('', #1463, #1507, #1539, .T.);
#1539 = (
   BOUNDED_CURVE ()
   B_SPLINE_CURVE (2, (#1540, #1541, #1542, #1543, #1544, #1545, #1546), .UNSPECIFIED., .F., .U.)
   B_SPLINE_CURVE_WITH_KNOTS ((3, 2, 2, 3), (0., 4.47676953136546, 8.95353906273092, 10.5646052210728), .UNSPECIFIED.)
   CURVE ()
   GEOMETRIC_REPRESENTATION_ITEM ()
   RATIONAL_B_SPLINE_CURVE ((1., 0.707106781186548, 1., 0.707106781186548, 1., 0.894595790662857, 0.865055729980275))
   REPRESENTATION_ITEM ('')
);
#1540 = CARTESIAN_POINT('', (32.35, 3.1, 24.));
#1541 = CARTESIAN_POINT('', (32.35, 5.95, 24.));
#1542 = CARTESIAN_POINT('', (29.5, 5.95, 24.));
#1543 = CARTESIAN_POINT('', (26.65, 5.95, 24.));
#1544 = CARTESIAN_POINT('', (26.65, 3.1, 24.));
#1545 = CARTESIAN_POINT('', (26.65, 2.2893159101, 24.));
#1546 = CARTESIAN_POINT('', (27.0766758367895, 1.6, 24.));
#1547 = (
   BOUNDED_SURFACE ()
   B_SPLINE_SURFACE (2, 1, ((#1548, #1549), (#1550, #1551), (#1552, #1553), (#1554, #1555), (#1556, #1557), (#1558, #1559), (#1560, #1561), (#1562, #1563), (#1564, #1565)), .UNSPECIFIED., .T., .F., .U.)
   B_SPLINE_SURFACE_WITH_KNOTS ((3, 2, 2, 2, 3), (2, 2), (0., 4.47676953136546, 8.95353906273092, 13.4303085940964, 17.9070781254618), (0., 3.9), .UNSPECIFIED.)
   GEOMETRIC_REPRESENTATION_ITEM ()
   RATIONAL_B_SPLINE_SURFACE (((1., 1.), (0.707106781186548, 0.707106781186548), (1., 1.), (0.707106781186548, 0.707106781186548), (1., 1.), (0.707106781186548, 0.707106781186548), (1., 1.), (0.707106781186548, 0.707106781186548), (1., 1.)))
   REPRESENTATION_ITEM ('')
   SURFACE ()
);
#1548 = CARTESIAN_POINT('', (32.35, 3.1, 24.));
#1549 = CARTESIAN_POINT('', (32.35, 3.1, 27.9));
#1550 = CARTESIAN_POINT('', (32.35, 5.95, 24.));
#1551 = CARTESIAN_POINT('', (32.35, 5.95, 27.9));
#1552 = CARTESIAN_POINT('', (29.5, 5.95, 24.));
#1553 = CARTESIAN_POINT('', (29.5, 5.95, 27.9));
#1554 = CARTESIAN_POINT('', (26.65, 5.95, 24.));
#1555 = CARTESIAN_POINT('', (26.65, 5.95, 27.9));
#1556 = CARTESIAN_POINT('', (26.65, 3.1, 24.));
#1557 = CARTESIAN_POINT('', (26.65, 3.1, 27.9));
#1558 = CARTESIAN_POINT('', (26.65, 0.249999999999999, 24.));
#1559 = CARTESIAN_POINT('', (26.65, 0.249999999999999, 27.9));
#1560 = CARTESIAN_POINT('', (29.5, 0.249999999999999, 24.));
#1561 = CARTESIAN_POINT('', (29.5, 0.249999999999999, 27.9));
#1562 = CARTESIAN_POINT('', (32.35, 0.249999999999998, 24.));
#1563 = CARTESIAN_POINT('', (32.35, 0.249999999999998, 27.9));
#1564 = CARTESIAN_POINT('', (32.35, 3.1, 24.));
#1565 = CARTESIAN_POINT('', (32.35, 3.1, 27.9));
#1566 = ADVANCED_FACE('', (#1567), #1663, .T.);
#1567 = FACE_OUTER_BOUND('', #1568, .T.);
#1568 = EDGE_LOOP('', (#1569, #1583, #1590, #1605, #1615, #1630, #1637, #1643, #1650, #1662));
#1569 = ORIENTED_EDGE('', *, *, #1570, .F.);
#1570 = EDGE_CURVE('', #1571, #1573, #1575, .T.);
#1571 = VERTEX_POINT('', #1572);
#1572 = CARTESIAN_POINT('', (27.5732151132002, 23., 25.));
#1573 = VERTEX_POINT('', #1574);
#1574 = CARTESIAN_POINT('', (32.35, 20.9, 25.));
#1575 = (
   BOUNDED_CURVE ()
   B_SPLINE_CURVE (2, (#1576, #1577, #1578, #1579, #1580, #1581, #1582), .UNSPECIFIED., .F., .U.)
   B_SPLINE_CURVE_WITH_KNOTS ((3, 2, 2, 3), (0., 0.333333333333333, 0.666666666666667, 1.), .UNSPECIFIED.)
   CURVE ()
   GEOMETRIC_REPRESENTATION_ITEM ()
   RATIONAL_B_SPLINE_CURVE ((1., 0.788971316286209, 1., 0.788971316286209, 1., 0.788971316286209, 1.))
   REPRESENTATION_ITEM ('')
);
#1576 = CARTESIAN_POINT('', (27.5732151132003, 23., 25.));
#1577 = CARTESIAN_POINT('', (25.9377905585961, 21.4994708022322, 25.));
#1578 = CARTESIAN_POINT('', (26.9920069854557, 19.5463120599648, 25.));
#1579 = CARTESIAN_POINT('', (28.0462234123153, 17.5931533176974, 25.));
#1580 = CARTESIAN_POINT('', (30.1981117061576, 18.1368242825101, 25.));
#1581 = CARTESIAN_POINT('', (32.35, 18.6804952473229, 25.));
#1582 = CARTESIAN_POINT('', (32.35, 20.9, 25.));
#1583 = ORIENTED_EDGE('', *, *, #1584, .T.);
#1584 = EDGE_CURVE('', #1571, #1585, #1587, .T.);
#1585 = VERTEX_POINT('', #1586);
#1586 = CARTESIAN_POINT('', (27.5732151132002, 23., 33.5));
#1587 = B_SPLINE_CURVE_WITH_KNOTS('', 1, (#1588, #1589), .UNSPECIFIED., .F., .U., (2, 2), (0., 1.), .UNSPECIFIED.);
#1588 = CARTESIAN_POINT('', (27.5732151132002, 23., 25.));
#1589 = CARTESIAN_POINT('', (27.5732151132002, 23., 33.5));
#1590 = ORIENTED_EDGE('', *, *, #1591, .T.);
#1591 = EDGE_CURVE('', #1585, #1592, #1594, .T.);
#1592 = VERTEX_POINT('', #1593);
#1593 = CARTESIAN_POINT('', (28.3327382470071, 23.5, 34.));
#1594 = B_SPLINE_CURVE_WITH_KNOTS('', 3, (#1595, #1596, #1597, #1598, #1599, #1600, #1601, #1602, #1603, #1604), .UNSPECIFIED., .F., .U., (4, 3, 3, 4), (0., 0.437687552690846, 0.729159195291406, 1.04236556796191), .UNSPECIFIED.);
#1595 = CARTESIAN_POINT('', (27.5732151132002, 23., 33.5));
#1596 = CARTESIAN_POINT('', (27.6622741727748, 23.0817131666766, 33.5817131666766));
#1597 = CARTESIAN_POINT('', (27.7587036378792, 23.1597319344985, 33.6597319344985));
#1598 = CARTESIAN_POINT('', (27.8622279043401, 23.2324241815497, 33.7324241815497));
#1599 = CARTESIAN_POINT('', (27.9311683798205, 23.2808325233498, 33.7808325233498));
#1600 = CARTESIAN_POINT('', (28.0034332446798, 23.3270038348653, 33.8270038348653));
#1601 = CARTESIAN_POINT('', (28.0787977647766, 23.3703611490217, 33.8703611490217));
#1602 = CARTESIAN_POINT('', (28.1597821368992, 23.416951571934, 33.916951571934));
#1603 = CARTESIAN_POINT('', (28.2446000797598, 23.460430649382, 33.960430649382));
#1604 = CARTESIAN_POINT('', (28.3327382470071, 23.5, 34.));
#1605 = ORIENTED_EDGE('', *, *, #1606, .F.);
#1606 = EDGE_CURVE('', #1607, #1592, #1609, .T.);
#1607 = VERTEX_POINT('', #1608);
#1608 = CARTESIAN_POINT('', (30.6672617529929, 23.5, 34.));
#1609 = (
   BOUNDED_CURVE ()
   B_SPLINE_CURVE (2, (#1610, #1611, #1612, #1613, #1614), .UNSPECIFIED., .F., .U.)
   B_SPLINE_CURVE_WITH_KNOTS ((3, 2, 3), (0.180447517804287, 0.25, 0.319552482195713), .UNSPECIFIED.)
   CURVE ()
   GEOMETRIC_REPRESENTATION_ITEM ()
   RATIONAL_B_SPLINE_CURVE ((0.882368714996307, 0.918514198452929, 1., 0.918514198452929, 0.882368714996307))
   REPRESENTATION_ITEM ('')
);
#1610 = CARTESIAN_POINT('', (30.6672617529929, 23.5, 34.));
#1611 = CARTESIAN_POINT('', (30.1104029350513, 23.75, 34.));
#1612 = CARTESIAN_POINT('', (29.5, 23.75, 34.));
#1613 = CARTESIAN_POINT('', (28.8895970649487, 23.75, 34.));
#1614 = CARTESIAN_POINT('', (28.3327382470071, 23.5, 34.));
#1615 = ORIENTED_EDGE('', *, *, #1616, .F.);
#1616 = EDGE_CURVE('', #1617, #1607, #1619, .T.);
#1617 = VERTEX_POINT('', #1618);
#1618 = CARTESIAN_POINT('', (31.4267848867998, 23., 33.5));
#1619 = B_SPLINE_CURVE_WITH_KNOTS('', 3, (#1620, #1621, #1622, #1623, #1624, #1625, #1626, #1627, #1628, #1629), .UNSPECIFIED., .F., .U., (4, 3, 3, 4), (0., 0.43769763634542, 0.729173412189852, 1.04236556250755), .UNSPECIFIED.);
#1620 = CARTESIAN_POINT('', (31.4267848867998, 23., 33.5));
#1621 = CARTESIAN_POINT('', (31.3377237754401, 23.0817150492235, 33.5817150492235));
#1622 = CARTESIAN_POINT('', (31.2412919116705, 23.1597355347418, 33.6597355347418));
#1623 = CARTESIAN_POINT('', (31.1377649241169, 23.232429217218, 33.732429217218));
#1624 = CARTESIAN_POINT('', (31.0688232472325, 23.280838086125, 33.780838086125));
#1625 = CARTESIAN_POINT('', (30.9965570840705, 23.3270098474283, 33.8270098474283));
#1626 = CARTESIAN_POINT('', (30.9211911846061, 23.3703675064245, 33.8703675064245));
#1627 = CARTESIAN_POINT('', (30.8402101560952, 23.4169555236085, 33.9169555236085));
#1628 = CARTESIAN_POINT('', (30.7553959179841, 23.4604324461822, 33.9604324461822));
#1629 = CARTESIAN_POINT('', (30.6672617529929, 23.5, 34.));
#1630 = ORIENTED_EDGE('', *, *, #1631, .F.);
#1631 = EDGE_CURVE('', #1632, #1617, #1634, .T.);
#1632 = VERTEX_POINT('', #1633);
#1633 = CARTESIAN_POINT('', (31.4267848867998, 23., 25.));
#1634 = B_SPLINE_CURVE_WITH_KNOTS('', 1, (#1635, #1636), .UNSPECIFIED., .F., .U., (2, 2), (0., 1.), .UNSPECIFIED.);
#1635 = CARTESIAN_POINT('', (31.4267848867998, 23., 25.));
#1636 = CARTESIAN_POINT('', (31.4267848867998, 23., 33.5));
#1637 = ORIENTED_EDGE('', *, *, #1638, .F.);
#1638 = EDGE_CURVE('', #1573, #1632, #1639, .T.);
#1639 = (
   BOUNDED_CURVE ()
   B_SPLINE_CURVE (2, (#1640, #1641, #1642), .UNSPECIFIED., .F., .U.)
   B_SPLINE_CURVE_WITH_KNOTS ((3, 3), (0., 1.), .UNSPECIFIED.)
   CURVE ()
   GEOMETRIC_REPRESENTATION_ITEM ()
   RATIONAL_B_SPLINE_CURVE ((1., 0.915441115681754, 1.))
   REPRESENTATION_ITEM ('')
);
#1640 = CARTESIAN_POINT('', (32.35, 20.9, 25.));
#1641 = CARTESIAN_POINT('', (32.35, 22.1529347964861, 25.));
#1642 = CARTESIAN_POINT('', (31.4267848867997, 23., 25.));
#1643 = ORIENTED_EDGE('', *, *, #1644, .F.);
#1644 = EDGE_CURVE('', #1645, #1573, #1647, .T.);
#1645 = VERTEX_POINT('', #1646);
#1646 = CARTESIAN_POINT('', (32.35, 20.9, 24.));
#1647 = B_SPLINE_CURVE_WITH_KNOTS('', 1, (#1648, #1649), .UNSPECIFIED., .F., .U., (2, 2), (0., 1.), .UNSPECIFIED.);
#1648 = CARTESIAN_POINT('', (32.35, 20.9, 24.));
#1649 = CARTESIAN_POINT('', (32.35, 20.9, 25.));
#1650 = ORIENTED_EDGE('', *, *, #1651, .T.);
#1651 = EDGE_CURVE('', #1645, #1645, #1652, .T.);
#1652 = (
   BOUNDED_CURVE ()
   B_SPLINE_CURVE (2, (#1653, #1654, #1655, #1656, #1657, #1658, #1659, #1660, #1661), .UNSPECIFIED., .T., .U.)
   B_SPLINE_CURVE_WITH_KNOTS ((3, 2, 2, 2, 3), (0., 4.47676953136546, 8.95353906273092, 13.4303085940964, 17.9070781254618), .UNSPECIFIED.)
   CURVE ()
   GEOMETRIC_REPRESENTATION_ITEM ()
   RATIONAL_B_SPLINE_CURVE ((1., 0.707106781186548, 1., 0.707106781186548, 1., 0.707106781186548, 1., 0.707106781186548, 1.))
   REPRESENTATION_ITEM ('')
);
#1653 = CARTESIAN_POINT('', (32.35, 20.9, 24.));
#1654 = CARTESIAN_POINT('', (32.35, 23.75, 24.));
#1655 = CARTESIAN_POINT('', (29.5, 23.75, 24.));
#1656 = CARTESIAN_POINT('', (26.65, 23.75, 24.));
#1657 = CARTESIAN_POINT('', (26.65, 20.9, 24.));
#1658 = CARTESIAN_POINT('', (26.65, 18.05, 24.));
#1659 = CARTESIAN_POINT('', (29.5, 18.05, 24.));
#1660 = CARTESIAN_POINT('', (32.35, 18.05, 24.));
#1661 = CARTESIAN_POINT('', (32.35, 20.9, 24.));
#1662 = ORIENTED_EDGE('', *, *, #1644, .T.);
#1663 = (
   BOUNDED_SURFACE ()
   B_SPLINE_SURFACE (2, 1, ((#1664, #1665), (#1666, #1667), (#1668, #1669), (#1670, #1671), (#1672, #1673), (#1674, #1675), (#1676, #1677), (#1678, #1679), (#1680, #1681)), .UNSPECIFIED., .T., .F., .U.)
   B_SPLINE_SURFACE_WITH_KNOTS ((3, 2, 2, 2, 3), (2, 2), (0., 4.47676953136546, 8.95353906273092, 13.4303085940964, 17.9070781254618), (0., 12.9), .UNSPECIFIED.)
   GEOMETRIC_REPRESENTATION_ITEM ()
   RATIONAL_B_SPLINE_SURFACE (((1., 1.), (0.707106781186548, 0.707106781186548), (1., 1.), (0.707106781186548, 0.707106781186548), (1., 1.), (0.707106781186548, 0.707106781186548), (1., 1.), (0.707106781186548, 0.707106781186548), (1., 1.)))
   REPRESENTATION_ITEM ('')
   SURFACE ()
);
#1664 = CARTESIAN_POINT('', (32.35, 20.9, 24.));
#1665 = CARTESIAN_POINT('', (32.35, 20.9, 36.9));
#1666 = CARTESIAN_POINT('', (32.35, 23.75, 24.));
#1667 = CARTESIAN_POINT('', (32.35, 23.75, 36.9));
#1668 = CARTESIAN_POINT('', (29.5, 23.75, 24.));
#1669 = CARTESIAN_POINT('', (29.5, 23.75, 36.9));
#1670 = CARTESIAN_POINT('', (26.65, 23.75, 24.));
#1671 = CARTESIAN_POINT('', (26.65, 23.75, 36.9));
#1672 = CARTESIAN_POINT('', (26.65, 20.9, 24.));
#1673 = CARTESIAN_POINT('', (26.65, 20.9, 36.9));
#1674 = CARTESIAN_POINT('', (26.65, 18.05, 24.));
#1675 = CARTESIAN_POINT('', (26.65, 18.05, 36.9));
#1676 = CARTESIAN_POINT('', (29.5, 18.05, 24.));
#1677 = CARTESIAN_POINT('', (29.5, 18.05, 36.9));
#1678 = CARTESIAN_POINT('', (32.35, 18.05, 24.));
#1679 = CARTESIAN_POINT('', (32.35, 18.05, 36.9));
#1680 = CARTESIAN_POINT('', (32.35, 20.9, 24.));
#1681 = CARTESIAN_POINT('', (32.35, 20.9, 36.9));
#1682 = ADVANCED_FACE('', (#1683), #1705, .F.);
#1683 = FACE_OUTER_BOUND('', #1684, .F.);
#1684 = EDGE_LOOP('', (#1685, #1686, #1693, #1700));
#1685 = ORIENTED_EDGE('', *, *, #581, .T.);
#1686 = ORIENTED_EDGE('', *, *, #1687, .F.);
#1687 = EDGE_CURVE('', #1688, #562, #1690, .T.);
#1688 = VERTEX_POINT('', #1689);
#1689 = CARTESIAN_POINT('', (2.30710678118655, 23.5, 34.));
#1690 = B_SPLINE_CURVE_WITH_KNOTS('', 1, (#1691, #1692), .UNSPECIFIED., .F., .U., (2, 2), (0., 0.147413572621122), .UNSPECIFIED.);
#1691 = CARTESIAN_POINT('', (2.30710678118655, 23.5, 34.));
#1692 = CARTESIAN_POINT('', (10., 23.5, 34.));
#1693 = ORIENTED_EDGE('', *, *, #1694, .T.);
#1694 = EDGE_CURVE('', #1688, #1695, #1697, .T.);
#1695 = VERTEX_POINT('', #1696);
#1696 = CARTESIAN_POINT('', (2.1, 23., 33.5));
#1697 = B_SPLINE_CURVE_WITH_KNOTS('', 1, (#1698, #1699), .UNSPECIFIED., .F., .U., (2, 2), (0., 1.), .UNSPECIFIED.);
#1698 = CARTESIAN_POINT('', (2.30710678118655, 23.5, 34.));
#1699 = CARTESIAN_POINT('', (2.1, 23., 33.5));
#1700 = ORIENTED_EDGE('', *, *, #1701, .T.);
#1701 = EDGE_CURVE('', #1695, #575, #1702, .T.);
#1702 = B_SPLINE_CURVE_WITH_KNOTS('', 1, (#1703, #1704), .UNSPECIFIED., .F., .U., (2, 2), (0., 0.150190114068441), .UNSPECIFIED.);
#1703 = CARTESIAN_POINT('', (2.1, 23., 33.5));
#1704 = CARTESIAN_POINT('', (10., 23., 33.5));
#1705 = B_SPLINE_SURFACE_WITH_KNOTS('', 1, 1, ((#1706, #1707), (#1708, #1709)), .UNSPECIFIED., .F., .F., .U., (2, 2), (2, 2), (0., 1.), (0., 1.), .UNSPECIFIED.);
#1706 = CARTESIAN_POINT('', (2.30710678118655, 23.5, 34.));
#1707 = CARTESIAN_POINT('', (54.4928932188135, 23.5, 34.));
#1708 = CARTESIAN_POINT('', (2.1, 23., 33.5));
#1709 = CARTESIAN_POINT('', (54.7, 23., 33.5));
#1710 = ADVANCED_FACE('', (#1711), #1741, .F.);
#1711 = FACE_OUTER_BOUND('', #1712, .F.);
#1712 = EDGE_LOOP('', (#1713, #1724, #1729, #1736));
#1713 = ORIENTED_EDGE('', *, *, #1714, .T.);
#1714 = EDGE_CURVE('', #1715, #1717, #1719, .T.);
#1715 = VERTEX_POINT('', #1716);
#1716 = CARTESIAN_POINT('', (1.6, 23.5, 24.5));
#1717 = VERTEX_POINT('', #1718);
#1718 = CARTESIAN_POINT('', (2.1, 23., 25.));
#1719 = B_SPLINE_CURVE_WITH_KNOTS('', 3, (#1720, #1721, #1722, #1723), .UNSPECIFIED., .F., .U., (4, 4), (0., 0.866025403784439), .UNSPECIFIED.);
#1720 = CARTESIAN_POINT('', (1.6, 23.5, 24.5));
#1721 = CARTESIAN_POINT('', (1.76666666666667, 23.3333333333333, 24.6666666666667));
#1722 = CARTESIAN_POINT('', (1.93333333333333, 23.1666666666667, 24.8333333333333));
#1723 = CARTESIAN_POINT('', (2.1, 23., 25.));
#1724 = ORIENTED_EDGE('', *, *, #1725, .T.);
#1725 = EDGE_CURVE('', #1717, #1695, #1726, .T.);
#1726 = B_SPLINE_CURVE_WITH_KNOTS('', 1, (#1727, #1728), .UNSPECIFIED., .F., .U., (2, 2), (0.729299363057325, 1.), .UNSPECIFIED.);
#1727 = CARTESIAN_POINT('', (2.1, 23., 25.));
#1728 = CARTESIAN_POINT('', (2.1, 23., 33.5));
#1729 = ORIENTED_EDGE('', *, *, #1730, .F.);
#1730 = EDGE_CURVE('', #1731, #1695, #1733, .T.);
#1731 = VERTEX_POINT('', #1732);
#1732 = CARTESIAN_POINT('', (1.6, 23.5, 33.5));
#1733 = B_SPLINE_CURVE_WITH_KNOTS('', 1, (#1734, #1735), .UNSPECIFIED., .F., .U., (2, 2), (0., 1.), .UNSPECIFIED.);
#1734 = CARTESIAN_POINT('', (1.6, 23.5, 33.5));
#1735 = CARTESIAN_POINT('', (2.1, 23., 33.5));
#1736 = ORIENTED_EDGE('', *, *, #1737, .F.);
#1737 = EDGE_CURVE('', #1715, #1731, #1738, .T.);
#1738 = B_SPLINE_CURVE_WITH_KNOTS('', 1, (#1739, #1740), .UNSPECIFIED., .F., .U., (2, 2), (0.713375796178344, 1.), .UNSPECIFIED.);
#1739 = CARTESIAN_POINT('', (1.6, 23.5, 24.5));
#1740 = CARTESIAN_POINT('', (1.6, 23.5, 33.5));
#1741 = B_SPLINE_SURFACE_WITH_KNOTS('', 1, 1, ((#1742, #1743), (#1744, #1745)), .UNSPECIFIED., .F., .F., .U., (2, 2), (2, 2), (0., 1.), (0., 1.), .UNSPECIFIED.);
#1742 = CARTESIAN_POINT('', (1.6, 23.5, 2.1));
#1743 = CARTESIAN_POINT('', (1.6, 23.5, 33.5));
#1744 = CARTESIAN_POINT('', (2.1, 23., 2.1));
#1745 = CARTESIAN_POINT('', (2.1, 23., 33.5));
#1746 = ADVANCED_FACE('', (#1747), #1769, .F.);
#1747 = FACE_OUTER_BOUND('', #1748, .F.);
#1748 = EDGE_LOOP('', (#1749, #1750, #1757, #1764));
#1749 = ORIENTED_EDGE('', *, *, #831, .T.);
#1750 = ORIENTED_EDGE('', *, *, #1751, .F.);
#1751 = EDGE_CURVE('', #1752, #812, #1754, .T.);
#1752 = VERTEX_POINT('', #1753);
#1753 = CARTESIAN_POINT('', (2.1, 61.6928932188134, 34.));
#1754 = B_SPLINE_CURVE_WITH_KNOTS('', 1, (#1755, #1756), .UNSPECIFIED., .F., .U., (2, 2), (0., 0.465776672752725), .UNSPECIFIED.);
#1755 = CARTESIAN_POINT('', (2.1, 61.6928932188134, 34.));
#1756 = CARTESIAN_POINT('', (2.1, 44., 34.));
#1757 = ORIENTED_EDGE('', *, *, #1758, .T.);
#1758 = EDGE_CURVE('', #1752, #1759, #1761, .T.);
#1759 = VERTEX_POINT('', #1760);
#1760 = CARTESIAN_POINT('', (1.6, 61.9, 33.5));
#1761 = B_SPLINE_CURVE_WITH_KNOTS('', 1, (#1762, #1763), .UNSPECIFIED., .F., .U., (2, 2), (0., 1.), .UNSPECIFIED.);
#1762 = CARTESIAN_POINT('', (2.1, 61.6928932188134, 34.));
#1763 = CARTESIAN_POINT('', (1.6, 61.9, 33.5));
#1764 = ORIENTED_EDGE('', *, *, #1765, .T.);
#1765 = EDGE_CURVE('', #1759, #825, #1766, .T.);
#1766 = B_SPLINE_CURVE_WITH_KNOTS('', 1, (#1767, #1768), .UNSPECIFIED., .F., .U., (2, 2), (0., 0.466145833333333), .UNSPECIFIED.);
#1767 = CARTESIAN_POINT('', (1.6, 61.9, 33.5));
#1768 = CARTESIAN_POINT('', (1.6, 44., 33.5));
#1769 = B_SPLINE_SURFACE_WITH_KNOTS('', 1, 1, ((#1770, #1771), (#1772, #1773)), .UNSPECIFIED., .F., .F., .U., (2, 2), (2, 2), (0., 1.), (0., 1.), .UNSPECIFIED.);
#1770 = CARTESIAN_POINT('', (2.1, 61.6928932188134, 34.));
#1771 = CARTESIAN_POINT('', (2.1, 23.7071067811865, 34.));
#1772 = CARTESIAN_POINT('', (1.6, 61.9, 33.5));
#1773 = CARTESIAN_POINT('', (1.6, 23.5, 33.5));
#1774 = ADVANCED_FACE('', (#1775), #1803, .F.);
#1775 = FACE_OUTER_BOUND('', #1776, .F.);
#1776 = EDGE_LOOP('', (#1777, #1786, #1791, #1798));
#1777 = ORIENTED_EDGE('', *, *, #1778, .T.);
#1778 = EDGE_CURVE('', #1779, #1781, #1783, .T.);
#1779 = VERTEX_POINT('', #1780);
#1780 = CARTESIAN_POINT('', (2.1, 62.4, 24.));
#1781 = VERTEX_POINT('', #1782);
#1782 = CARTESIAN_POINT('', (1.6, 61.9, 24.));
#1783 = B_SPLINE_CURVE_WITH_KNOTS('', 1, (#1784, #1785), .UNSPECIFIED., .F., .U., (2, 2), (0., 1.), .UNSPECIFIED.);
#1784 = CARTESIAN_POINT('', (2.10000000000002, 62.4, 24.));
#1785 = CARTESIAN_POINT('', (1.6, 61.9, 24.));
#1786 = ORIENTED_EDGE('', *, *, #1787, .T.);
#1787 = EDGE_CURVE('', #1781, #1759, #1788, .T.);
#1788 = B_SPLINE_CURVE_WITH_KNOTS('', 1, (#1789, #1790), .UNSPECIFIED., .F., .U., (2, 2), (0.697452229299363, 1.), .UNSPECIFIED.);
#1789 = CARTESIAN_POINT('', (1.6, 61.9, 24.));
#1790 = CARTESIAN_POINT('', (1.6, 61.9, 33.5));
#1791 = ORIENTED_EDGE('', *, *, #1792, .F.);
#1792 = EDGE_CURVE('', #1793, #1759, #1795, .T.);
#1793 = VERTEX_POINT('', #1794);
#1794 = CARTESIAN_POINT('', (2.1, 62.4, 33.5));
#1795 = B_SPLINE_CURVE_WITH_KNOTS('', 1, (#1796, #1797), .UNSPECIFIED., .F., .U., (2, 2), (0., 1.), .UNSPECIFIED.);
#1796 = CARTESIAN_POINT('', (2.1, 62.4, 33.5));
#1797 = CARTESIAN_POINT('', (1.6, 61.9, 33.5));
#1798 = ORIENTED_EDGE('', *, *, #1799, .F.);
#1799 = EDGE_CURVE('', #1779, #1793, #1800, .T.);
#1800 = B_SPLINE_CURVE_WITH_KNOTS('', 1, (#1801, #1802), .UNSPECIFIED., .F., .U., (2, 2), (0.697452229299363, 1.), .UNSPECIFIED.);
#1801 = CARTESIAN_POINT('', (2.1, 62.4, 24.));
#1802 = CARTESIAN_POINT('', (2.1, 62.4, 33.5));
#1803 = B_SPLINE_SURFACE_WITH_KNOTS('', 1, 1, ((#1804, #1805), (#1806, #1807)), .UNSPECIFIED., .F., .F., .U., (2, 2), (2, 2), (0., 1.), (0., 1.), .UNSPECIFIED.);
#1804 = CARTESIAN_POINT('', (2.1, 62.4, 2.1));
#1805 = CARTESIAN_POINT('', (2.1, 62.4, 33.5));
#1806 = CARTESIAN_POINT('', (1.6, 61.9, 2.1));
#1807 = CARTESIAN_POINT('', (1.6, 61.9, 33.5));
#1808 = ADVANCED_FACE('', (#1809), #1831, .F.);
#1809 = FACE_OUTER_BOUND('', #1810, .F.);
#1810 = EDGE_LOOP('', (#1811, #1818, #1819, #1826));
#1811 = ORIENTED_EDGE('', *, *, #1812, .T.);
#1812 = EDGE_CURVE('', #1813, #1779, #1815, .T.);
#1813 = VERTEX_POINT('', #1814);
#1814 = CARTESIAN_POINT('', (54.7, 62.4, 24.));
#1815 = B_SPLINE_CURVE_WITH_KNOTS('', 1, (#1816, #1817), .UNSPECIFIED., .F., .U., (2, 2), (0., 1.), .UNSPECIFIED.);
#1816 = CARTESIAN_POINT('', (54.7, 62.4, 24.));
#1817 = CARTESIAN_POINT('', (2.09999999999999, 62.4, 24.));
#1818 = ORIENTED_EDGE('', *, *, #1799, .T.);
#1819 = ORIENTED_EDGE('', *, *, #1820, .F.);
#1820 = EDGE_CURVE('', #1821, #1793, #1823, .T.);
#1821 = VERTEX_POINT('', #1822);
#1822 = CARTESIAN_POINT('', (54.7, 62.4, 33.5));
#1823 = B_SPLINE_CURVE_WITH_KNOTS('', 1, (#1824, #1825), .UNSPECIFIED., .F., .U., (2, 2), (0., 1.), .UNSPECIFIED.);
#1824 = CARTESIAN_POINT('', (54.7, 62.4, 33.5));
#1825 = CARTESIAN_POINT('', (2.1, 62.4, 33.5));
#1826 = ORIENTED_EDGE('', *, *, #1827, .F.);
#1827 = EDGE_CURVE('', #1813, #1821, #1828, .T.);
#1828 = B_SPLINE_CURVE_WITH_KNOTS('', 1, (#1829, #1830), .UNSPECIFIED., .F., .U., (2, 2), (0.697452229299363, 1.), .UNSPECIFIED.);
#1829 = CARTESIAN_POINT('', (54.7, 62.4, 24.));
#1830 = CARTESIAN_POINT('', (54.7, 62.4, 33.5));
#1831 = B_SPLINE_SURFACE_WITH_KNOTS('', 1, 1, ((#1832, #1833), (#1834, #1835)), .UNSPECIFIED., .F., .F., .U., (2, 2), (2, 2), (0., 1.), (0., 1.), .UNSPECIFIED.);
#1832 = CARTESIAN_POINT('', (54.7, 62.4, 2.1));
#1833 = CARTESIAN_POINT('', (54.7, 62.4, 33.5));
#1834 = CARTESIAN_POINT('', (2.1, 62.4, 2.1));
#1835 = CARTESIAN_POINT('', (2.1, 62.4, 33.5));
#1836 = ADVANCED_FACE('', (#1837), #1859, .F.);
#1837 = FACE_OUTER_BOUND('', #1838, .F.);
#1838 = EDGE_LOOP('', (#1839, #1846, #1847, #1854));
#1839 = ORIENTED_EDGE('', *, *, #1840, .T.);
#1840 = EDGE_CURVE('', #1841, #1813, #1843, .T.);
#1841 = VERTEX_POINT('', #1842);
#1842 = CARTESIAN_POINT('', (55.2, 61.9, 24.));
#1843 = B_SPLINE_CURVE_WITH_KNOTS('', 1, (#1844, #1845), .UNSPECIFIED., .F., .U., (2, 2), (0., 1.), .UNSPECIFIED.);
#1844 = CARTESIAN_POINT('', (55.2, 61.9, 24.));
#1845 = CARTESIAN_POINT('', (54.7, 62.4, 24.));
#1846 = ORIENTED_EDGE('', *, *, #1827, .T.);
#1847 = ORIENTED_EDGE('', *, *, #1848, .F.);
#1848 = EDGE_CURVE('', #1849, #1821, #1851, .T.);
#1849 = VERTEX_POINT('', #1850);
#1850 = CARTESIAN_POINT('', (55.2, 61.9, 33.5));
#1851 = B_SPLINE_CURVE_WITH_KNOTS('', 1, (#1852, #1853), .UNSPECIFIED., .F., .U., (2, 2), (0., 1.), .UNSPECIFIED.);
#1852 = CARTESIAN_POINT('', (55.2, 61.9, 33.5));
#1853 = CARTESIAN_POINT('', (54.7, 62.4, 33.5));
#1854 = ORIENTED_EDGE('', *, *, #1855, .F.);
#1855 = EDGE_CURVE('', #1841, #1849, #1856, .T.);
#1856 = B_SPLINE_CURVE_WITH_KNOTS('', 1, (#1857, #1858), .UNSPECIFIED., .F., .U., (2, 2), (0.697452229299363, 1.), .UNSPECIFIED.);
#1857 = CARTESIAN_POINT('', (55.2, 61.9, 24.));
#1858 = CARTESIAN_POINT('', (55.2, 61.9, 33.5));
#1859 = B_SPLINE_SURFACE_WITH_KNOTS('', 1, 1, ((#1860, #1861), (#1862, #1863)), .UNSPECIFIED., .F., .F., .U., (2, 2), (2, 2), (0., 1.), (0., 1.), .UNSPECIFIED.);
#1860 = CARTESIAN_POINT('', (55.2, 61.9, 2.1));
#1861 = CARTESIAN_POINT('', (55.2, 61.9, 33.5));
#1862 = CARTESIAN_POINT('', (54.7, 62.4, 2.1));
#1863 = CARTESIAN_POINT('', (54.7, 62.4, 33.5));
#1864 = ADVANCED_FACE('', (#1865), #1887, .F.);
#1865 = FACE_OUTER_BOUND('', #1866, .F.);
#1866 = EDGE_LOOP('', (#1867, #1876, #1881, #1882));
#1867 = ORIENTED_EDGE('', *, *, #1868, .F.);
#1868 = EDGE_CURVE('', #1869, #1871, #1873, .T.);
#1869 = VERTEX_POINT('', #1870);
#1870 = CARTESIAN_POINT('', (55.2, 45.4429737951659, 24.));
#1871 = VERTEX_POINT('', #1872);
#1872 = CARTESIAN_POINT('', (55.2, 45.4429737951659, 33.5));
#1873 = B_SPLINE_CURVE_WITH_KNOTS('', 1, (#1874, #1875), .UNSPECIFIED., .F., .U., (2, 2), (0., 1.), .UNSPECIFIED.);
#1874 = CARTESIAN_POINT('', (55.2, 45.4429737951659, 24.));
#1875 = CARTESIAN_POINT('', (55.2, 45.4429737951659, 33.5));
#1876 = ORIENTED_EDGE('', *, *, #1877, .T.);
#1877 = EDGE_CURVE('', #1869, #1841, #1878, .T.);
#1878 = B_SPLINE_CURVE_WITH_KNOTS('', 1, (#1879, #1880), .UNSPECIFIED., .F., .U., (2, 2), (0.31429057479858, 1.), .UNSPECIFIED.);
#1879 = CARTESIAN_POINT('', (55.2, 45.4429737951659, 24.));
#1880 = CARTESIAN_POINT('', (55.2, 61.9, 24.));
#1881 = ORIENTED_EDGE('', *, *, #1855, .T.);
#1882 = ORIENTED_EDGE('', *, *, #1883, .F.);
#1883 = EDGE_CURVE('', #1871, #1849, #1884, .T.);
#1884 = B_SPLINE_CURVE_WITH_KNOTS('', 1, (#1885, #1886), .UNSPECIFIED., .F., .U., (2, 2), (0.571431609249112, 1.), .UNSPECIFIED.);
#1885 = CARTESIAN_POINT('', (55.2, 45.4429737951659, 33.5));
#1886 = CARTESIAN_POINT('', (55.2, 61.9, 33.5));
#1887 = B_SPLINE_SURFACE_WITH_KNOTS('', 1, 1, ((#1888, #1889), (#1890, #1891)), .UNSPECIFIED., .F., .F., .U., (2, 2), (2, 2), (0., 1.), (0., 1.), .UNSPECIFIED.);
#1888 = CARTESIAN_POINT('', (55.2, 23.5, 2.1));
#1889 = CARTESIAN_POINT('', (55.2, 23.5, 33.5));
#1890 = CARTESIAN_POINT('', (55.2, 61.9, 2.1));
#1891 = CARTESIAN_POINT('', (55.2, 61.9, 33.5));
#1892 = ADVANCED_FACE('', (#1893), #1929, .F.);
#1893 = FACE_OUTER_BOUND('', #1894, .F.);
#1894 = EDGE_LOOP('', (#1895, #1909, #1916, #1928));
#1895 = ORIENTED_EDGE('', *, *, #1896, .T.);
#1896 = EDGE_CURVE('', #1897, #1897, #1899, .T.);
#1897 = VERTEX_POINT('', #1898);
#1898 = CARTESIAN_POINT('', (56.15, 42.6, 24.));
#1899 = (
   BOUNDED_CURVE ()
   B_SPLINE_CURVE (2, (#1900, #1901, #1902, #1903, #1904, #1905, #1906, #1907, #1908), .UNSPECIFIED., .T., .U.)
   B_SPLINE_CURVE_WITH_KNOTS ((3, 2, 2, 2, 3), (0., 0.25, 0.5, 0.75, 1.), .UNSPECIFIED.)
   CURVE ()
   GEOMETRIC_REPRESENTATION_ITEM ()
   RATIONAL_B_SPLINE_CURVE ((1., 0.707106781186548, 1., 0.707106781186548, 1., 0.707106781186548, 1., 0.707106781186548, 1.))
   REPRESENTATION_ITEM ('')
);
#1900 = CARTESIAN_POINT('', (56.15, 42.6, 24.));
#1901 = CARTESIAN_POINT('', (56.15, 43.75, 24.));
#1902 = CARTESIAN_POINT('', (55., 43.75, 24.));
#1903 = CARTESIAN_POINT('', (53.85, 43.75, 24.));
#1904 = CARTESIAN_POINT('', (53.85, 42.6, 24.));
#1905 = CARTESIAN_POINT('', (53.85, 41.45, 24.));
#1906 = CARTESIAN_POINT('', (55., 41.45, 24.));
#1907 = CARTESIAN_POINT('', (56.15, 41.45, 24.));
#1908 = CARTESIAN_POINT('', (56.15, 42.6, 24.));
#1909 = ORIENTED_EDGE('', *, *, #1910, .T.);
#1910 = EDGE_CURVE('', #1897, #1911, #1913, .T.);
#1911 = VERTEX_POINT('', #1912);
#1912 = CARTESIAN_POINT('', (56.15, 42.6, 36.9));
#1913 = B_SPLINE_CURVE_WITH_KNOTS('', 1, (#1914, #1915), .UNSPECIFIED., .F., .U., (2, 2), (0.100000000000001, 13.), .UNSPECIFIED.);
#1914 = CARTESIAN_POINT('', (56.15, 42.6, 24.));
#1915 = CARTESIAN_POINT('', (56.15, 42.6, 36.9));
#1916 = ORIENTED_EDGE('', *, *, #1917, .F.);
#1917 = EDGE_CURVE('', #1911, #1911, #1918, .T.);
#1918 = (
   BOUNDED_CURVE ()
   B_SPLINE_CURVE (2, (#1919, #1920, #1921, #1922, #1923, #1924, #1925, #1926, #1927), .UNSPECIFIED., .T., .U.)
   B_SPLINE_CURVE_WITH_KNOTS ((3, 2, 2, 2, 3), (0., 0.25, 0.5, 0.75, 1.), .UNSPECIFIED.)
   CURVE ()
   GEOMETRIC_REPRESENTATION_ITEM ()
   RATIONAL_B_SPLINE_CURVE ((1., 0.707106781186548, 1., 0.707106781186548, 1., 0.707106781186548, 1., 0.707106781186548, 1.))
   REPRESENTATION_ITEM ('')
);
#1919 = CARTESIAN_POINT('', (56.15, 42.6, 36.9));
#1920 = CARTESIAN_POINT('', (56.15, 43.75, 36.9));
#1921 = CARTESIAN_POINT('', (55., 43.75, 36.9));
#1922 = CARTESIAN_POINT('', (53.85, 43.75, 36.9));
#1923 = CARTESIAN_POINT('', (53.85, 42.6, 36.9));
#1924 = CARTESIAN_POINT('', (53.85, 41.45, 36.9));
#1925 = CARTESIAN_POINT('', (55., 41.45, 36.9));
#1926 = CARTESIAN_POINT('', (56.15, 41.45, 36.9));
#1927 = CARTESIAN_POINT('', (56.15, 42.6, 36.9));
#1928 = ORIENTED_EDGE('', *, *, #1910, .F.);
#1929 = (
   BOUNDED_SURFACE ()
   B_SPLINE_SURFACE (2, 1, ((#1930, #1931), (#1932, #1933), (#1934, #1935), (#1936, #1937), (#1938, #1939), (#1940, #1941), (#1942, #1943), (#1944, #1945), (#1946, #1947)), .UNSPECIFIED., .T., .F., .U.)
   B_SPLINE_SURFACE_WITH_KNOTS ((3, 2, 2, 2, 3), (2, 2), (0., 1.80641577581414, 3.61283155162826, 5.41924732744239, 7.22566310325652), (0., 14.), .UNSPECIFIED.)
   GEOMETRIC_REPRESENTATION_ITEM ()
   RATIONAL_B_SPLINE_SURFACE (((1., 1.), (0.707106781186548, 0.707106781186548), (1., 1.), (0.707106781186548, 0.707106781186548), (1., 1.), (0.707106781186548, 0.707106781186548), (1., 1.), (0.707106781186548, 0.707106781186548), (1., 1.)))
   REPRESENTATION_ITEM ('')
   SURFACE ()
);
#1930 = CARTESIAN_POINT('', (56.15, 42.6, 23.9));
#1931 = CARTESIAN_POINT('', (56.15, 42.6, 37.9));
#1932 = CARTESIAN_POINT('', (56.15, 43.75, 23.9));
#1933 = CARTESIAN_POINT('', (56.15, 43.75, 37.9));
#1934 = CARTESIAN_POINT('', (55., 43.75, 23.9));
#1935 = CARTESIAN_POINT('', (55., 43.75, 37.9));
#1936 = CARTESIAN_POINT('', (53.85, 43.75, 23.9));
#1937 = CARTESIAN_POINT('', (53.85, 43.75, 37.9));
#1938 = CARTESIAN_POINT('', (53.85, 42.6, 23.9));
#1939 = CARTESIAN_POINT('', (53.85, 42.6, 37.9));
#1940 = CARTESIAN_POINT('', (53.85, 41.45, 23.9));
#1941 = CARTESIAN_POINT('', (53.85, 41.45, 37.9));
#1942 = CARTESIAN_POINT('', (55., 41.45, 23.9));
#1943 = CARTESIAN_POINT('', (55., 41.45, 37.9));
#1944 = CARTESIAN_POINT('', (56.15, 41.45, 23.9));
#1945 = CARTESIAN_POINT('', (56.15, 41.45, 37.9));
#1946 = CARTESIAN_POINT('', (56.15, 42.6, 23.9));
#1947 = CARTESIAN_POINT('', (56.15, 42.6, 37.9));
#1948 = ADVANCED_FACE('', (#1949), #1985, .F.);
#1949 = FACE_OUTER_BOUND('', #1950, .F.);
#1950 = EDGE_LOOP('', (#1951, #1965, #1972, #1984));
#1951 = ORIENTED_EDGE('', *, *, #1952, .T.);
#1952 = EDGE_CURVE('', #1953, #1953, #1955, .T.);
#1953 = VERTEX_POINT('', #1954);
#1954 = CARTESIAN_POINT('', (30.65, 20.9, 24.));
#1955 = (
   BOUNDED_CURVE ()
   B_SPLINE_CURVE (2, (#1956, #1957, #1958, #1959, #1960, #1961, #1962, #1963, #1964), .UNSPECIFIED., .T., .U.)
   B_SPLINE_CURVE_WITH_KNOTS ((3, 2, 2, 2, 3), (0., 0.25, 0.5, 0.75, 1.), .UNSPECIFIED.)
   CURVE ()
   GEOMETRIC_REPRESENTATION_ITEM ()
   RATIONAL_B_SPLINE_CURVE ((1., 0.707106781186548, 1., 0.707106781186548, 1., 0.707106781186548, 1., 0.707106781186548, 1.))
   REPRESENTATION_ITEM ('')
);
#1956 = CARTESIAN_POINT('', (30.65, 20.9, 24.));
#1957 = CARTESIAN_POINT('', (30.65, 22.05, 24.));
#1958 = CARTESIAN_POINT('', (29.5, 22.05, 24.));
#1959 = CARTESIAN_POINT('', (28.35, 22.05, 24.));
#1960 = CARTESIAN_POINT('', (28.35, 20.9, 24.));
#1961 = CARTESIAN_POINT('', (28.35, 19.75, 24.));
#1962 = CARTESIAN_POINT('', (29.5, 19.75, 24.));
#1963 = CARTESIAN_POINT('', (30.65, 19.75, 24.));
#1964 = CARTESIAN_POINT('', (30.65, 20.9, 24.));
#1965 = ORIENTED_EDGE('', *, *, #1966, .T.);
#1966 = EDGE_CURVE('', #1953, #1967, #1969, .T.);
#1967 = VERTEX_POINT('', #1968);
#1968 = CARTESIAN_POINT('', (30.65, 20.9, 36.9));
#1969 = B_SPLINE_CURVE_WITH_KNOTS('', 1, (#1970, #1971), .UNSPECIFIED., .F., .U., (2, 2), (0.100000000000001, 13.), .UNSPECIFIED.);
#1970 = CARTESIAN_POINT('', (30.65, 20.9, 24.));
#1971 = CARTESIAN_POINT('', (30.65, 20.9, 36.9));
#1972 = ORIENTED_EDGE('', *, *, #1973, .F.);
#1973 = EDGE_CURVE('', #1967, #1967, #1974, .T.);
#1974 = (
   BOUNDED_CURVE ()
   B_SPLINE_CURVE (2, (#1975, #1976, #1977, #1978, #1979, #1980, #1981, #1982, #1983), .UNSPECIFIED., .T., .U.)
   B_SPLINE_CURVE_WITH_KNOTS ((3, 2, 2, 2, 3), (0., 0.25, 0.5, 0.75, 1.), .UNSPECIFIED.)
   CURVE ()
   GEOMETRIC_REPRESENTATION_ITEM ()
   RATIONAL_B_SPLINE_CURVE ((1., 0.707106781186548, 1., 0.707106781186548, 1., 0.707106781186548, 1., 0.707106781186548, 1.))
   REPRESENTATION_ITEM ('')
);
#1975 = CARTESIAN_POINT('', (30.65, 20.9, 36.9));
#1976 = CARTESIAN_POINT('', (30.65, 22.05, 36.9));
#1977 = CARTESIAN_POINT('', (29.5, 22.05, 36.9));
#1978 = CARTESIAN_POINT('', (28.35, 22.05, 36.9));
#1979 = CARTESIAN_POINT('', (28.35, 20.9, 36.9));
#1980 = CARTESIAN_POINT('', (28.35, 19.75, 36.9));
#1981 = CARTESIAN_POINT('', (29.5, 19.75, 36.9));
#1982 = CARTESIAN_POINT('', (30.65, 19.75, 36.9));
#1983 = CARTESIAN_POINT('', (30.65, 20.9, 36.9));
#1984 = ORIENTED_EDGE('', *, *, #1966, .F.);
#1985 = (
   BOUNDED_SURFACE ()
   B_SPLINE_SURFACE (2, 1, ((#1986, #1987), (#1988, #1989), (#1990, #1991), (#1992, #1993), (#1994, #1995), (#1996, #1997), (#1998, #1999), (#2000, #2001), (#2002, #2003)), .UNSPECIFIED., .T., .F., .U.)
   B_SPLINE_SURFACE_WITH_KNOTS ((3, 2, 2, 2, 3), (2, 2), (0., 1.80641577581413, 3.61283155162826, 5.41924732744239, 7.22566310325652), (0., 14.), .UNSPECIFIED.)
   GEOMETRIC_REPRESENTATION_ITEM ()
   RATIONAL_B_SPLINE_SURFACE (((1., 1.), (0.707106781186548, 0.707106781186548), (1., 1.), (0.707106781186548, 0.707106781186548), (1., 1.), (0.707106781186548, 0.707106781186548), (1., 1.), (0.707106781186548, 0.707106781186548), (1., 1.)))
   REPRESENTATION_ITEM ('')
   SURFACE ()
);
#1986 = CARTESIAN_POINT('', (30.65, 20.9, 23.9));
#1987 = CARTESIAN_POINT('', (30.65, 20.9, 37.9));
#1988 = CARTESIAN_POINT('', (30.65, 22.05, 23.9));
#1989 = CARTESIAN_POINT('', (30.65, 22.05, 37.9));
#1990 = CARTESIAN_POINT('', (29.5, 22.05, 23.9));
#1991 = CARTESIAN_POINT('', (29.5, 22.05, 37.9));
#1992 = CARTESIAN_POINT('', (28.35, 22.05, 23.9));
#1993 = CARTESIAN_POINT('', (28.35, 22.05, 37.9));
#1994 = CARTESIAN_POINT('', (28.35, 20.9, 23.9));
#1995 = CARTESIAN_POINT('', (28.35, 20.9, 37.9));
#1996 = CARTESIAN_POINT('', (28.35, 19.75, 23.9));
#1997 = CARTESIAN_POINT('', (28.35, 19.75, 37.9));
#1998 = CARTESIAN_POINT('', (29.5, 19.75, 23.9));
#1999 = CARTESIAN_POINT('', (29.5, 19.75, 37.9));
#2000 = CARTESIAN_POINT('', (30.65, 19.75, 23.9));
#2001 = CARTESIAN_POINT('', (30.65, 19.75, 37.9));
#2002 = CARTESIAN_POINT('', (30.65, 20.9, 23.9));
#2003 = CARTESIAN_POINT('', (30.65, 20.9, 37.9));
#2004 = ADVANCED_FACE('', (#2005, #2008), #2011, .T.);
#2005 = FACE_OUTER_BOUND('', #2006, .T.);
#2006 = EDGE_LOOP('', (#2007));
#2007 = ORIENTED_EDGE('', *, *, #1651, .F.);
#2008 = FACE_BOUND('', #2009, .T.);
#2009 = EDGE_LOOP('', (#2010));
#2010 = ORIENTED_EDGE('', *, *, #1952, .T.);
#2011 = B_SPLINE_SURFACE_WITH_KNOTS('', 1, 1, ((#2012, #2013), (#2014, #2015)), .UNSPECIFIED., .F., .F., .U., (2, 2), (2, 2), (0., 1.), (0., 1.), .UNSPECIFIED.);
#2012 = CARTESIAN_POINT('', (33.9335595180397, 16.4664404819603, 24.));
#2013 = CARTESIAN_POINT('', (33.9335595180397, 25.3335595180397, 24.));
#2014 = CARTESIAN_POINT('', (25.0664404819603, 16.4664404819603, 24.));
#2015 = CARTESIAN_POINT('', (25.0664404819603, 25.3335595180397, 24.));
#2016 = ADVANCED_FACE('', (#2017), #2052, .T.);
#2017 = FACE_OUTER_BOUND('', #2018, .T.);
#2018 = EDGE_LOOP('', (#2019, #2033, #2040, #2047));
#2019 = ORIENTED_EDGE('', *, *, #2020, .T.);
#2020 = EDGE_CURVE('', #2021, #2023, #2025, .T.);
#2021 = VERTEX_POINT('', #2022);
#2022 = CARTESIAN_POINT('', (84.2035144863939, 40.0750587124202, 36.9));
#2023 = VERTEX_POINT('', #2024);
#2024 = CARTESIAN_POINT('', (84.2164967797796, 40.1033333333333, 36.88));
#2025 = B_SPLINE_CURVE_WITH_KNOTS('', 3, (#2026, #2027, #2028, #2029, #2030, #2031, #2032), .UNSPECIFIED., .F., .U., (4, 3, 4), (0., 0.0266119579900973, 0.0369864958987785), .UNSPECIFIED.);
#2026 = CARTESIAN_POINT('', (84.2035144863939, 40.0750587124202, 36.9));
#2027 = CARTESIAN_POINT('', (84.2068064574285, 40.082332863926, 36.896135012904));
#2028 = CARTESIAN_POINT('', (84.2097685656607, 40.0888037238884, 36.8906722920457));
#2029 = CARTESIAN_POINT('', (84.212827290166, 40.0954235105143, 36.8856214398302));
#2030 = CARTESIAN_POINT('', (84.2140197185226, 40.098004201019, 36.8836523905104));
#2031 = CARTESIAN_POINT('', (84.215231727332, 40.1006173219159, 36.881726826099));
#2032 = CARTESIAN_POINT('', (84.2164967797796, 40.1033333333333, 36.88));
#2033 = ORIENTED_EDGE('', *, *, #2034, .T.);
#2034 = EDGE_CURVE('', #2023, #2035, #2037, .T.);
#2035 = VERTEX_POINT('', #2036);
#2036 = CARTESIAN_POINT('', (82.7207843891258, 40.8, 35.23));
#2037 = B_SPLINE_CURVE_WITH_KNOTS('', 1, (#2038, #2039), .UNSPECIFIED., .F., .U., (2, 2), (0.0119760479041893, 1.), .UNSPECIFIED.);
#2038 = CARTESIAN_POINT('', (84.2164967797796, 40.1033333333333, 36.88));
#2039 = CARTESIAN_POINT('', (82.7207843891258, 40.8, 35.23));
#2040 = ORIENTED_EDGE('', *, *, #2041, .T.);
#2041 = EDGE_CURVE('', #2035, #2042, #2044, .T.);
#2042 = VERTEX_POINT('', #2043);
#2043 = CARTESIAN_POINT('', (82.7207843891258, 39.13, 36.9));
#2044 = B_SPLINE_CURVE_WITH_KNOTS('', 1, (#2045, #2046), .UNSPECIFIED., .F., .U., (2, 2), (0., 1.), .UNSPECIFIED.);
#2045 = CARTESIAN_POINT('', (82.7207843891258, 40.8, 35.23));
#2046 = CARTESIAN_POINT('', (82.7207843891258, 39.13, 36.9));
#2047 = ORIENTED_EDGE('', *, *, #2048, .T.);
#2048 = EDGE_CURVE('', #2042, #2021, #2049, .T.);
#2049 = B_SPLINE_CURVE_WITH_KNOTS('', 1, (#2050, #2051), .UNSPECIFIED., .F., .U., (2, 2), (0., 0.979448227980416), .UNSPECIFIED.);
#2050 = CARTESIAN_POINT('', (82.7207843891258, 39.13, 36.9));
#2051 = CARTESIAN_POINT('', (84.2035144863939, 40.0750587124202, 36.9));
#2052 = B_SPLINE_SURFACE_WITH_KNOTS('', 3, 3, ((#2053, #2054, #2055, #2056, #2057, #2058, #2059, #2060, #2061, #2062, #2063, #2064, #2065, #2066, #2067, #2068), (#2069, #2070, #2071, #2072, #2073, #2074, #2075, #2076, #2077, #2078, #2079, #2080, #2081, #2082, #2083, #2084), (#2085, #2086, #2087, #2088, #2089, #2090, #2091, #2092, #2093, #2094, #2095, #2096, #2097, #2098, #2099, #2100), (#2101, #2102, #2103, #2104, #2105, #2106, #2107, #2108, #2109, #2110, #2111, #2112, #2113, #2114, #2115, #2116), (#2117, #2118, #2119, #2120, #2121, #2122, #2123, #2124, #2125, #2126, #2127, #2128, #2129, #2130, #2131, #2132), (#2133, #2134, #2135, #2136, #2137, #2138, #2139, #2140, #2141, #2142, #2143, #2144, #2145, #2146, #2147, #2148), (#2149, #2150, #2151, #2152, #2153, #2154, #2155, #2156, #2157, #2158, #2159, #2160, #2161, #2162, #2163, #2164), (#2165, #2166, #2167, #2168, #2169, #2170, #2171, #2172, #2173, #2174, #2175, #2176, #2177, #2178, #2179, #2180), (#2181, #2182, #2183, #2184, #2185, #2186, #2187, #2188, #2189, #2190, #2191, #2192, #2193, #2194, #2195, #2196), (#2197, #2198, #2199, #2200, #2201, #2202, #2203, #2204, #2205, #2206, #2207, #2208, #2209, #2210, #2211, #2212), (#2213, #2214, #2215, #2216, #2217, #2218, #2219, #2220, #2221, #2222, #2223, #2224, #2225, #2226, #2227, #2228), (#2229, #2230, #2231, #2232, #2233, #2234, #2235, #2236, #2237, #2238, #2239, #2240, #2241, #2242, #2243, #2244), (#2245, #2246, #2247, #2248, #2249, #2250, #2251, #2252, #2253, #2254, #2255, #2256, #2257, #2258, #2259, #2260), (#2261, #2262, #2263, #2264, #2265, #2266, #2267, #2268, #2269, #2270, #2271, #2272, #2273, #2274, #2275, #2276), (#2277, #2278, #2279, #2280, #2281, #2282, #2283, #2284, #2285, #2286, #2287, #2288, #2289, #2290, #2291, #2292), (#2293, #2294, #2295, #2296, #2297, #2298, #2299, #2300, #2301, #2302, #2303, #2304, #2305, #2306, #2307, #2308), (#2309, #2310, #2311, #2312, #2313, #2314, #2315, #2316, #2317, #2318, #2319, #2320, #2321, #2322, #2323, #2324), (#2325, #2326, #2327, #2328, #2329, #2330, #2331, #2332, #2333, #2334, #2335, #2336, #2337, #2338, #2339, #2340), (#2341, #2342, #2343, #2344, #2345, #2346, #2347, #2348, #2349, #2350, #2351, #2352, #2353, #2354, #2355, #2356), (#2357, #2358, #2359, #2360, #2361, #2362, #2363, #2364, #2365, #2366, #2367, #2368, #2369, #2370, #2371, #2372), (#2373, #2374, #2375, #2376, #2377, #2378, #2379, #2380, #2381, #2382, #2383, #2384, #2385, #2386, #2387, #2388), (#2389, #2390, #2391, #2392, #2393, #2394, #2395, #2396, #2397, #2398, #2399, #2400, #2401, #2402, #2403, #2404), (#2405, #2406, #2407, #2408, #2409, #2410, #2411, #2412, #2413, #2414, #2415, #2416, #2417, #2418, #2419, #2420), (#2421, #2422, #2423, #2424, #2425, #2426, #2427, #2428, #2429, #2430, #2431, #2432, #2433, #2434, #2435, #2436), (#2437, #2438, #2439, #2440, #2441, #2442, #2443, #2444, #2445, #2446, #2447, #2448, #2449, #2450, #2451, #2452)), .UNSPECIFIED., .F., .F., .U., (4, 3, 3, 3, 3, 3, 3, 3, 4), (4, 3, 3, 3, 3, 4), (0., 0.0625, 0.125, 0.25, 0.5, 0.75, 0.875, 0.9375, 1.), (0., 0.0625, 0.125, 0.25, 0.5, 1.), .UNSPECIFIED.);
#2053 = CARTESIAN_POINT('', (82.7207843891258, 39.13, 36.9));
#2054 = CARTESIAN_POINT('', (82.7207843891258, 39.1647916666667, 36.8652083333333));
#2055 = CARTESIAN_POINT('', (82.7207843891258, 39.1995833333333, 36.8304166666667));
#2056 = CARTESIAN_POINT('', (82.7207843891258, 39.234375, 36.795625));
#2057 = CARTESIAN_POINT('', (82.7207843891258, 39.2691666666667, 36.7608333333333));
#2058 = CARTESIAN_POINT('', (82.7207843891258, 39.3039583333333, 36.7260416666667));
#2059 = CARTESIAN_POINT('', (82.7207843891258, 39.33875, 36.69125));
#2060 = CARTESIAN_POINT('', (82.7207843891258, 39.4083333333333, 36.6216666666667));
#2061 = CARTESIAN_POINT('', (82.7207843891258, 39.4779166666667, 36.5520833333333));
#2062 = CARTESIAN_POINT('', (82.7207843891258, 39.5475, 36.4825));
#2063 = CARTESIAN_POINT('', (82.7207843891258, 39.6866666666667, 36.3433333333333));
#2064 = CARTESIAN_POINT('', (82.7207843891258, 39.8258333333333, 36.2041666666667));
#2065 = CARTESIAN_POINT('', (82.7207843891258, 39.965, 36.065));
#2066 = CARTESIAN_POINT('', (82.7207843891258, 40.2433333333333, 35.7866666666667));
#2067 = CARTESIAN_POINT('', (82.7207843891258, 40.5216666666667, 35.5083333333333));
#2068 = CARTESIAN_POINT('', (82.7207843891258, 40.8, 35.23));
#2069 = CARTESIAN_POINT('', (82.7523227690802, 39.1501018518519, 36.9));
#2070 = CARTESIAN_POINT('', (82.752322444826, 39.1848933635077, 36.8652083849932));
#2071 = CARTESIAN_POINT('', (82.7522211093748, 39.2096017645714, 36.8203980416564));
#2072 = CARTESIAN_POINT('', (82.7520197400311, 39.244329217764, 36.7856705098048));
#2073 = CARTESIAN_POINT('', (82.7518183706874, 39.2790566709566, 36.7509429779532));
#2074 = CARTESIAN_POINT('', (82.7515173017193, 39.3137523568446, 36.7162472250914));
#2075 = CARTESIAN_POINT('', (82.7511223046, 39.3484181141084, 36.6815814112559));
#2076 = CARTESIAN_POINT('', (82.7503323103614, 39.4177496286359, 36.612249783585));
#2077 = CARTESIAN_POINT('', (82.7491634140443, 39.486960412407, 36.5430389288571));
#2078 = CARTESIAN_POINT('', (82.7477037155449, 39.55607853694, 36.4739207656361));
#2079 = CARTESIAN_POINT('', (82.7447843185461, 39.6943147860062, 36.3356844391941));
#2080 = CARTESIAN_POINT('', (82.7406811328682, 39.8321738394894, 36.1978254372851));
#2081 = CARTESIAN_POINT('', (82.736552606454, 39.9700248430094, 36.0599745370582));
#2082 = CARTESIAN_POINT('', (82.7282955536256, 40.2457268500494, 35.7842727366046));
#2083 = CARTESIAN_POINT('', (82.7207856860241, 40.5216670799735, 35.5083329200264));
#2084 = CARTESIAN_POINT('', (82.7207843891258, 40.8, 35.23));
#2085 = CARTESIAN_POINT('', (82.7838611490347, 39.1702037037037, 36.9));
#2086 = CARTESIAN_POINT('', (82.7837594960867, 39.2049306794061, 36.900000100466));
#2087 = CARTESIAN_POINT('', (82.784039614075, 39.2204897002304, 36.8762399549257));
#2088 = CARTESIAN_POINT('', (82.7835646625667, 39.2551029045909, 36.8680740141015));
#2089 = CARTESIAN_POINT('', (82.7830897110584, 39.2897161089515, 36.8599080732773));
#2090 = CARTESIAN_POINT('', (82.782429746278, 39.3242729616943, 36.8478624605592));
#2091 = CARTESIAN_POINT('', (82.7815955920994, 39.3587767971346, 36.8323413263352));
#2092 = CARTESIAN_POINT('', (82.7799272837422, 39.4277844680153, 36.8012990578873));
#2093 = CARTESIAN_POINT('', (82.7775563806776, 39.4965783182803, 36.7563566723434));
#2094 = CARTESIAN_POINT('', (82.7746462298329, 39.5652080540515, 36.7007214808879));
#2095 = CARTESIAN_POINT('', (82.7688259281433, 39.7024675255938, 36.5894510979771));
#2096 = CARTESIAN_POINT('', (82.7608109620005, 39.8390592345481, 36.435422199035));
#2097 = CARTESIAN_POINT('', (82.7527385398536, 39.9756300190074, 36.2640131632997));
#2098 = CARTESIAN_POINT('', (82.7365936955598, 40.2487715879259, 35.9211950918292));
#2099 = CARTESIAN_POINT('', (82.7217723375438, 40.5222955619173, 35.5083325325513));
#2100 = CARTESIAN_POINT('', (82.7207843891258, 40.8, 35.23));
#2101 = CARTESIAN_POINT('', (82.8153995289891, 39.1903055555555, 36.9));
#2102 = CARTESIAN_POINT('', (82.8150965189439, 39.2249042363887, 36.9000001463482));
#2103 = CARTESIAN_POINT('', (82.8161348610609, 39.2321801888264, 36.8674736566214));
#2104 = CARTESIAN_POINT('', (82.8153144944377, 39.266629351114, 36.859363833388));
#2105 = CARTESIAN_POINT('', (82.8144941278146, 39.3010785134016, 36.8512540101546));
#2106 = CARTESIAN_POINT('', (82.8134174542115, 39.3354536894725, 36.8392923212862));
#2107 = CARTESIAN_POINT('', (82.8120995777143, 39.3697593323228, 36.823881308061));
#2108 = CARTESIAN_POINT('', (82.80946382472, 39.4383706180233, 36.7930592816106));
#2109 = CARTESIAN_POINT('', (82.8058552530083, 39.5067015246034, 36.7484428142267));
#2110 = CARTESIAN_POINT('', (82.8015000186994, 39.5748172203755, 36.6932146462303));
#2111 = CARTESIAN_POINT('', (82.7927895500816, 39.7110486119197, 36.5827583102376));
#2112 = CARTESIAN_POINT('', (82.7810407383654, 39.846404659273, 36.4298736190277));
#2113 = CARTESIAN_POINT('', (82.7692022811807, 39.9817263537418, 36.2596158791464));
#2114 = CARTESIAN_POINT('', (82.7455253668113, 40.2523697426794, 35.919100399384));
#2115 = CARTESIAN_POINT('', (82.7236211728937, 40.5234736062146, 35.5083321709077));
#2116 = CARTESIAN_POINT('', (82.7207843891258, 40.8, 35.23));
#2117 = CARTESIAN_POINT('', (82.8469379089435, 39.2104074074074, 36.9));
#2118 = CARTESIAN_POINT('', (82.8464335418011, 39.2448777933713, 36.9000001922305));
#2119 = CARTESIAN_POINT('', (82.8482301080467, 39.2438706774224, 36.8587073583172));
#2120 = CARTESIAN_POINT('', (82.8470643263088, 39.2781557976371, 36.8506536526745));
#2121 = CARTESIAN_POINT('', (82.8458985445708, 39.3124409178518, 36.8425999470319));
#2122 = CARTESIAN_POINT('', (82.8444051621449, 39.3466344172507, 36.8307221820131));
#2123 = CARTESIAN_POINT('', (82.8426035633292, 39.3807418675109, 36.8154212897867));
#2124 = CARTESIAN_POINT('', (82.8390003656976, 39.4489567680312, 36.7848195053339));
#2125 = CARTESIAN_POINT('', (82.8341541253389, 39.5168247309265, 36.74052895611));
#2126 = CARTESIAN_POINT('', (82.8283538075659, 39.5844263866996, 36.6857078115727));
#2127 = CARTESIAN_POINT('', (82.8167531720198, 39.7196296982456, 36.5760655224981));
#2128 = CARTESIAN_POINT('', (82.8012705147304, 39.8537500839979, 36.4243250390204));
#2129 = CARTESIAN_POINT('', (82.7856660225079, 39.9878226884762, 36.2552185949931));
#2130 = CARTESIAN_POINT('', (82.7544570380628, 40.255967897433, 35.9170057069387));
#2131 = CARTESIAN_POINT('', (82.7254700082435, 40.5246516505119, 35.5083318092642));
#2132 = CARTESIAN_POINT('', (82.7207843891258, 40.8, 35.23));
#2133 = CARTESIAN_POINT('', (82.878476288898, 39.2305092592593, 36.9));
#2134 = CARTESIAN_POINT('', (82.877670870518, 39.2647878045289, 36.9000002351887));
#2135 = CARTESIAN_POINT('', (82.880602724062, 39.2563641185003, 36.8505672234394));
#2136 = CARTESIAN_POINT('', (82.8790199488735, 39.2904355657165, 36.8425656267947));
#2137 = CARTESIAN_POINT('', (82.8774371736849, 39.3245070129328, 36.8345640301499));
#2138 = CARTESIAN_POINT('', (82.8754694861749, 39.3584761303087, 36.822764194041));
#2139 = CARTESIAN_POINT('', (82.8731397825813, 39.3923492337462, 36.807565556909));
#2140 = CARTESIAN_POINT('', (82.8684803753943, 39.460095440621, 36.777168282645));
#2141 = CARTESIAN_POINT('', (82.862361034295, 39.5274545961525, 36.7331803713904));
#2142 = CARTESIAN_POINT('', (82.8551211272878, 39.5945166405983, 36.6787371770057));
#2143 = CARTESIAN_POINT('', (82.8406413132732, 39.72864072949, 36.5698507882361));
#2144 = CARTESIAN_POINT('', (82.8216025781706, 39.8615570300237, 36.4191727839225));
#2145 = CARTESIAN_POINT('', (82.8024095773419, 39.9944114604913, 36.2511354004451));
#2146 = CARTESIAN_POINT('', (82.7640235756847, 40.2601203214263, 35.9150606334902));
#2147 = CARTESIAN_POINT('', (82.7281810274236, 40.5263792571627, 35.5083314734524));
#2148 = CARTESIAN_POINT('', (82.7207843891258, 40.8, 35.23));
#2149 = CARTESIAN_POINT('', (82.9100146688524, 39.2506111111111, 36.9));
#2150 = CARTESIAN_POINT('', (82.9088142753633, 39.2846379476262, 36.9000002751527));
#2151 = CARTESIAN_POINT('', (82.9131566561273, 39.2695992900846, 36.843053252135));
#2152 = CARTESIAN_POINT('', (82.91108934088, 39.3034100031069, 36.8350997559339));
#2153 = CARTESIAN_POINT('', (82.9090220256327, 39.3372207161292, 36.8271462597327));
#2154 = CARTESIAN_POINT('', (82.9065255593708, 39.3709247364261, 36.8154183576691));
#2155 = CARTESIAN_POINT('', (82.9036255850669, 39.4045287515685, 36.8003141097507));
#2156 = CARTESIAN_POINT('', (82.8978256364591, 39.4717367818533, 36.770105613914));
#2157 = CARTESIAN_POINT('', (82.8903985070917, 39.5385417409272, 36.7263970605023));
#2158 = CARTESIAN_POINT('', (82.8817224256445, 39.6050372773439, 36.6723027430039));
#2159 = CARTESIAN_POINT('', (82.8643702627501, 39.7380283501772, 36.5641141080069));
#2160 = CARTESIAN_POINT('', (82.8419373501568, 39.8697620282794, 36.4144168541788));
#2161 = CARTESIAN_POINT('', (82.8193218029346, 40.0014218299621, 36.2473662959242));
#2162 = CARTESIAN_POINT('', (82.7740907084902, 40.2647414333276, 35.9132651794151));
#2163 = CARTESIAN_POINT('', (82.7316310596426, 40.5285779198835, 35.5083311634723));
#2164 = CARTESIAN_POINT('', (82.7207843891258, 40.8, 35.23));
#2165 = CARTESIAN_POINT('', (82.9730914287613, 39.2908148148148, 36.9));
#2166 = CARTESIAN_POINT('', (82.9711010850539, 39.3243382338209, 36.9000003550806));
#2167 = CARTESIAN_POINT('', (82.9782645202579, 39.2960696332533, 36.8280253095263));
#2168 = CARTESIAN_POINT('', (82.9752281248931, 39.3293588778877, 36.8201680142122));
#2169 = CARTESIAN_POINT('', (82.9721917295282, 39.3626481225221, 36.8123107188981));
#2170 = CARTESIAN_POINT('', (82.9686377057629, 39.3958219486607, 36.8007266849253));
#2171 = CARTESIAN_POINT('', (82.9645971900382, 39.4288877872132, 36.7858112154342));
#2172 = CARTESIAN_POINT('', (82.9565161585888, 39.495019464318, 36.7559802764521));
#2173 = CARTESIAN_POINT('', (82.946473452685, 39.5607160304767, 36.7128304387261));
#2174 = CARTESIAN_POINT('', (82.9349250223579, 39.626078550835, 36.6594338750003));
#2175 = CARTESIAN_POINT('', (82.9118281617038, 39.7568035915516, 36.5526407475486));
#2176 = CARTESIAN_POINT('', (82.8826068941293, 39.8861720247907, 36.4049049946914));
#2177 = CARTESIAN_POINT('', (82.8531462541198, 40.0154425689039, 36.2398280868826));
#2178 = CARTESIAN_POINT('', (82.794224974101, 40.2739836571301, 35.9096742712648));
#2179 = CARTESIAN_POINT('', (82.7385311240807, 40.532975245325, 35.508330543512));
#2180 = CARTESIAN_POINT('', (82.7207843891258, 40.8, 35.23));
#2181 = CARTESIAN_POINT('', (83.0361681886702, 39.3310185185185, 36.9));
#2182 = CARTESIAN_POINT('', (83.0330090094896, 39.3637970147547, 36.9000004230313));
#2183 = CARTESIAN_POINT('', (83.0440916677732, 39.325503086535, 36.8155020212112));
#2184 = CARTESIAN_POINT('', (83.0398135761517, 39.35808106941, 36.8077248925668));
#2185 = CARTESIAN_POINT('', (83.03553548453, 39.3906590522851, 36.7999477639224));
#2186 = CARTESIAN_POINT('', (83.0307039402258, 39.423138505754, 36.7884836185827));
#2187 = CARTESIAN_POINT('', (83.0253524749453, 39.4555260900198, 36.7737254639959));
#2188 = CARTESIAN_POINT('', (83.0146495443841, 39.5203012585512, 36.7442091548224));
#2189 = CARTESIAN_POINT('', (83.001850318868, 39.5847064777177, 36.701524912276));
#2190 = CARTESIAN_POINT('', (82.9874420026751, 39.6488276328272, 36.6487098092578));
#2191 = CARTESIAN_POINT('', (82.9586253702893, 39.7770699430462, 36.5430796032214));
#2192 = CARTESIAN_POINT('', (82.9232649439079, 39.9041599990802, 36.3969784366206));
#2193 = CARTESIAN_POINT('', (82.8876262497296, 40.0311374995481, 36.2335462379498));
#2194 = CARTESIAN_POINT('', (82.816348861373, 40.2850925004838, 35.9066818406081));
#2195 = CARTESIAN_POINT('', (82.7483872406747, 40.5392567950466, 35.5083300268784));
#2196 = CARTESIAN_POINT('', (82.7207843891258, 40.8, 35.23));
#2197 = CARTESIAN_POINT('', (83.0992449485791, 39.3712222222222, 36.9));
#2198 = CARTESIAN_POINT('', (83.0946261385161, 39.4030704365518, 36.9000004784422));
#2199 = CARTESIAN_POINT('', (83.1099482892713, 39.3574599816357, 36.8054833883651));
#2200 = CARTESIAN_POINT('', (83.1042200761864, 39.3891778233972, 36.7977703924812));
#2201 = CARTESIAN_POINT('', (83.0984918631016, 39.4208956651586, 36.7900573965972));
#2202 = CARTESIAN_POINT('', (83.0922150034666, 39.4525498186507, 36.7786891610369));
#2203 = CARTESIAN_POINT('', (83.0854228419163, 39.4841449877074, 36.7640568580205));
#2204 = CARTESIAN_POINT('', (83.0718385188158, 39.5473353258208, 36.7347922519878));
#2205 = CARTESIAN_POINT('', (83.0561766124306, 39.6102884133518, 36.6924804846277));
#2206 = CARTESIAN_POINT('', (83.0389199607873, 39.6730592725335, 36.6401305495744));
#2207 = CARTESIAN_POINT('', (83.0044066575005, 39.7986009908967, 36.5354306794677));
#2208 = CARTESIAN_POINT('', (82.9634083651383, 39.9234052666167, 36.3906371835236));
#2209 = CARTESIAN_POINT('', (82.922124213959, 40.0481002473298, 36.2285207525018));
#2210 = CARTESIAN_POINT('', (82.8395559116006, 40.2974902087559, 35.9042878904582));
#2211 = CARTESIAN_POINT('', (82.7602140430953, 40.5467945187804, 35.5083296135715));
#2212 = CARTESIAN_POINT('', (82.7207843891258, 40.8, 35.23));
#2213 = CARTESIAN_POINT('', (83.2253984683969, 39.4516296296296, 36.9));
#2214 = CARTESIAN_POINT('', (83.2178603965692, 39.481617280146, 36.9000005892639));
#2215 = CARTESIAN_POINT('', (83.2416615322672, 39.4213737718373, 36.7854461226729));
#2216 = CARTESIAN_POINT('', (83.233033076256, 39.4513713313714, 36.7778613923098));
#2217 = CARTESIAN_POINT('', (83.2244046202446, 39.4813688909056, 36.7702766619467));
#2218 = CARTESIAN_POINT('', (83.215237129948, 39.5113724444441, 36.7591002459452));
#2219 = CARTESIAN_POINT('', (83.2055635758584, 39.5413827830828, 36.7447196460697));
#2220 = CARTESIAN_POINT('', (83.1862164676792, 39.60140346036, 36.7159584463187));
#2221 = CARTESIAN_POINT('', (83.1648291995559, 39.66145228462, 36.6743916293312));
#2222 = CARTESIAN_POINT('', (83.1418758770116, 39.7215225519459, 36.6229720302075));
#2223 = CARTESIAN_POINT('', (83.0959692319229, 39.8416630865978, 36.5201328319601));
#2224 = CARTESIAN_POINT('', (83.0436952075989, 39.9618958016897, 36.3779546773296));
#2225 = CARTESIAN_POINT('', (82.9911201424179, 40.0820257428931, 36.2184697816058));
#2226 = CARTESIAN_POINT('', (82.8859700120558, 40.3222856252999, 35.8994999901583));
#2227 = CARTESIAN_POINT('', (82.7838676479363, 40.5618699662481, 35.5083287869578));
#2228 = CARTESIAN_POINT('', (82.7207843891258, 40.8, 35.23));
#2229 = CARTESIAN_POINT('', (83.3515519882147, 39.532037037037, 36.9));
#2230 = CARTESIAN_POINT('', (83.3399108931376, 39.5594095700867, 36.9000006499262));
#2231 = CARTESIAN_POINT('', (83.3734540839781, 39.4953567347396, 36.7754274788567));
#2232 = CARTESIAN_POINT('', (83.361076008158, 39.523028503083, 36.7679068783776));
#2233 = CARTESIAN_POINT('', (83.3486979323379, 39.5507002714265, 36.7603862778984));
#2234 = CARTESIAN_POINT('', (83.3359552874666, 39.5785210101587, 36.7493057660406));
#2235 = CARTESIAN_POINT('', (83.322870099378, 39.6064827012721, 36.7350510159704));
#2236 = CARTESIAN_POINT('', (83.2966997232008, 39.662406083499, 36.70654151583));
#2237 = CARTESIAN_POINT('', (83.2691482996666, 39.7188984879035, 36.6653471692422));
#2238 = CARTESIAN_POINT('', (83.2405367904395, 39.7758275217425, 36.6143927350767));
#2239 = CARTESIAN_POINT('', (83.1833137719853, 39.8896855894205, 36.5124838667459));
#2240 = CARTESIAN_POINT('', (83.1217794769279, 40.0053236900017, 36.371613391031));
#2241 = CARTESIAN_POINT('', (83.0600644662652, 40.1209438043642, 36.2134442646491));
#2242 = CARTESIAN_POINT('', (82.9366344449397, 40.3521840330891, 35.8971060118853));
#2243 = CARTESIAN_POINT('', (82.8154039960834, 40.5819701097649, 35.5083283736509));
#2244 = CARTESIAN_POINT('', (82.7207843891258, 40.8, 35.23));
#2245 = CARTESIAN_POINT('', (83.4777055080325, 39.6124444444445, 36.9));
#2246 = CARTESIAN_POINT('', (83.4619359947648, 39.6371856204635, 36.9000006559279));
#2247 = CARTESIAN_POINT('', (83.5006580587694, 39.5764336710452, 36.7754274663194));
#2248 = CARTESIAN_POINT('', (83.4845400657374, 39.6017216986121, 36.7679068625529));
#2249 = CARTESIAN_POINT('', (83.4684220727055, 39.6270097261789, 36.7603862587863));
#2250 = CARTESIAN_POINT('', (83.452131257525, 39.6525689374093, 36.7493057404878));
#2251 = CARTESIAN_POINT('', (83.4356775739767, 39.6783836243096, 36.7350509884003));
#2252 = CARTESIAN_POINT('', (83.4027702068799, 39.7300129981103, 36.7065414842254));
#2253 = CARTESIAN_POINT('', (83.3692059716629, 39.7826729687964, 36.6653471321669));
#2254 = CARTESIAN_POINT('', (83.3351375770982, 39.8361239050194, 36.6143926945655));
#2255 = CARTESIAN_POINT('', (83.2670007879687, 39.9430257774652, 36.5124838193627));
#2256 = CARTESIAN_POINT('', (83.1968116327296, 40.0531474709694, 36.3716133530863));
#2257 = CARTESIAN_POINT('', (83.1265784657251, 40.1633383057932, 36.2134442286391));
#2258 = CARTESIAN_POINT('', (82.9861121317161, 40.383719975441, 35.8971059797448));
#2259 = CARTESIAN_POINT('', (82.8469401569007, 40.6020705471888, 35.5083283736509));
#2260 = CARTESIAN_POINT('', (82.7207843891258, 40.8, 35.23));
#2261 = CARTESIAN_POINT('', (83.6038590278502, 39.6928518518519, 36.9));
#2262 = CARTESIAN_POINT('', (83.583961096392, 39.7149616708402, 36.9000006619295));
#2263 = CARTESIAN_POINT('', (83.6278620335606, 39.6575106073508, 36.7754274537821));
#2264 = CARTESIAN_POINT('', (83.6080041233169, 39.680414894141, 36.7679068467282));
#2265 = CARTESIAN_POINT('', (83.5881462130732, 39.7033191809313, 36.7603862396742));
#2266 = CARTESIAN_POINT('', (83.5683072275835, 39.7266168646599, 36.7493057149349));
#2267 = CARTESIAN_POINT('', (83.5484850485753, 39.7502845473471, 36.7350509608302));
#2268 = CARTESIAN_POINT('', (83.5088406905591, 39.7976199127215, 36.7065414526207));
#2269 = CARTESIAN_POINT('', (83.4692636436591, 39.8464474496894, 36.6653470950917));
#2270 = CARTESIAN_POINT('', (83.4297383637567, 39.8964202882962, 36.6143926540543));
#2271 = CARTESIAN_POINT('', (83.350687803952, 39.9963659655099, 36.5124837719794));
#2272 = CARTESIAN_POINT('', (83.2718437885312, 40.100971251937, 36.3716133151417));
#2273 = CARTESIAN_POINT('', (83.193092465185, 40.2057328072223, 36.2134441926292));
#2274 = CARTESIAN_POINT('', (83.0355898184926, 40.4152559177928, 35.8971059476042));
#2275 = CARTESIAN_POINT('', (82.878476317718, 40.6221709846127, 35.5083283736509));
#2276 = CARTESIAN_POINT('', (82.7207843891258, 40.8, 35.23));
#2277 = CARTESIAN_POINT('', (83.730012547668, 39.7732592592593, 36.9));
#2278 = CARTESIAN_POINT('', (83.706011646789, 39.7927538882152, 36.9000006132705));
#2279 = CARTESIAN_POINT('', (83.7505727633902, 39.7457422793637, 36.7854460725238));
#2280 = CARTESIAN_POINT('', (83.7270233671398, 39.7662295604776, 36.777861329011));
#2281 = CARTESIAN_POINT('', (83.7034739708893, 39.7867168415914, 36.7702765854983));
#2282 = CARTESIAN_POINT('', (83.6801467683244, 39.8076952987529, 36.7591001437337));
#2283 = CARTESIAN_POINT('', (83.6570270375502, 39.8291353428778, 36.7447195357892));
#2284 = CARTESIAN_POINT('', (83.6107875760017, 39.8720154311276, 36.7159583199001));
#2285 = CARTESIAN_POINT('', (83.5653840161982, 39.9167568000259, 36.6743914810304));
#2286 = CARTESIAN_POINT('', (83.5206222186949, 39.9629268293483, 36.6229718681626));
#2287 = CARTESIAN_POINT('', (83.4310986236883, 40.0552668879932, 36.5201326424271));
#2288 = CARTESIAN_POINT('', (83.3441797367822, 40.1534177714958, 36.3779545255509));
#2289 = CARTESIAN_POINT('', (83.2574812025233, 40.2517981879825, 36.2184696375659));
#2290 = CARTESIAN_POINT('', (83.0840841340054, 40.4485590209561, 35.899499861596));
#2291 = CARTESIAN_POINT('', (82.9100122912055, 40.6422717159437, 35.5083287869578));
#2292 = CARTESIAN_POINT('', (82.7207843891258, 40.8, 35.23));
#2293 = CARTESIAN_POINT('', (83.8561660674858, 39.8536666666667, 36.9));
#2294 = CARTESIAN_POINT('', (83.8292460126586, 39.871300586736, 36.9000005054496));
#2295 = CARTESIAN_POINT('', (83.8641223629218, 39.838153487895, 36.8054833319473));
#2296 = CARTESIAN_POINT('', (83.8377889914701, 39.8567380578543, 36.79777032127));
#2297 = CARTESIAN_POINT('', (83.8114556200185, 39.8753226278135, 36.7900573105927));
#2298 = CARTESIAN_POINT('', (83.7854116618941, 39.8943776615373, 36.7786890460489));
#2299 = CARTESIAN_POINT('', (83.7596387031332, 39.9138748932015, 36.7640567339549));
#2300 = CARTESIAN_POINT('', (83.7080927856114, 39.9528693565298, 36.7347921097669));
#2301 = CARTESIAN_POINT('', (83.6576391491938, 39.9936469657688, 36.6924803177893));
#2302 = CARTESIAN_POINT('', (83.6080240190128, 40.0357932516623, 36.6401303672739));
#2303 = CARTESIAN_POINT('', (83.5087937586509, 40.1200858234492, 36.535430466243));
#2304 = CARTESIAN_POINT('', (83.4129699382, 40.209945569467, 36.3906370127726));
#2305 = CARTESIAN_POINT('', (83.3173659589181, 40.3000183224712, 36.2285205904569));
#2306 = CARTESIAN_POINT('', (83.1261580003542, 40.4801638284797, 35.9042877458256));
#2307 = CARTESIAN_POINT('', (82.9336651467275, 40.6573483390398, 35.5083296135715));
#2308 = CARTESIAN_POINT('', (82.7207843891258, 40.8, 35.23));
#2309 = CARTESIAN_POINT('', (83.9192428273947, 39.8938703703704, 36.9));
#2310 = CARTESIAN_POINT('', (83.8908631955934, 39.9105739359964, 36.9000004515392));
#2311 = CARTESIAN_POINT('', (83.9208971626876, 39.8843590921606, 36.8155019616591));
#2312 = CARTESIAN_POINT('', (83.8931718036353, 39.9019923065426, 36.8077248173995));
#2313 = CARTESIAN_POINT('', (83.8654464445831, 39.9196255209245, 36.7999476731399));
#2314 = CARTESIAN_POINT('', (83.838044108679, 39.9377188429294, 36.7884834972065));
#2315 = CARTESIAN_POINT('', (83.8109445359248, 39.9562446683633, 36.7737253330378));
#2316 = CARTESIAN_POINT('', (83.7567453904163, 39.9932963192309, 36.7442090047003));
#2317 = CARTESIAN_POINT('', (83.7037667156916, 40.0320920486402, 36.7015247361688));
#2318 = CARTESIAN_POINT('', (83.6517249191718, 40.0722264628192, 36.6487096168295));
#2319 = CARTESIAN_POINT('', (83.5476413261323, 40.1524952911772, 36.543079378151));
#2320 = CARTESIAN_POINT('', (83.447365038909, 40.2382094684526, 36.3969782563834));
#2321 = CARTESIAN_POINT('', (83.3473083371156, 40.3241283897155, 36.2335460669024));
#2322 = CARTESIAN_POINT('', (83.1471949335287, 40.4959662322414, 35.9066816879404));
#2323 = CARTESIAN_POINT('', (82.9454915744885, 40.6648866505879, 35.5083300268784));
#2324 = CARTESIAN_POINT('', (82.7207843891258, 40.8, 35.23));
#2325 = CARTESIAN_POINT('', (83.9823195873036, 39.9340740740741, 36.9));
#2326 = CARTESIAN_POINT('', (83.9527711872981, 39.950032626199, 36.9000003828382));
#2327 = CARTESIAN_POINT('', (83.9753720328197, 39.9316034317854, 36.8280252515413));
#2328 = CARTESIAN_POINT('', (83.9464776447505, 39.9484113662825, 36.820167941023));
#2329 = CARTESIAN_POINT('', (83.9175832566812, 39.9652193007797, 36.8123106305047));
#2330 = CARTESIAN_POINT('', (83.8890120721017, 39.9824477353984, 36.8007265667432));
#2331 = CARTESIAN_POINT('', (83.8607441525734, 40.0000715677359, 36.7858110879224));
#2332 = CARTESIAN_POINT('', (83.8042083135169, 40.0353192324109, 36.7559801302806));
#2333 = CARTESIAN_POINT('', (83.7488951723025, 40.0721614295439, 36.7128302672533));
#2334 = CARTESIAN_POINT('', (83.6945205762628, 40.1102275087182, 36.6594336876359));
#2335 = CARTESIAN_POINT('', (83.5857713841836, 40.1863596670669, 36.5526405284011));
#2336 = CARTESIAN_POINT('', (83.4808376872222, 40.2674707316318, 36.4049048191974));
#2337 = CARTESIAN_POINT('', (83.3760938494879, 40.3487574693267, 36.2398279203365));
#2338 = CARTESIAN_POINT('', (83.1666061740193, 40.5113309447164, 35.9096741226147));
#2339 = CARTESIAN_POINT('', (82.9553472227582, 40.6711689350772, 35.5083305435119));
#2340 = CARTESIAN_POINT('', (82.7207843891258, 40.8, 35.23));
#2341 = CARTESIAN_POINT('', (84.0453963472124, 39.9742777777778, 36.9));
#2342 = CARTESIAN_POINT('', (84.0150580778679, 39.9897328036127, 36.9000002987842));
#2343 = CARTESIAN_POINT('', (84.0268571643836, 39.9794468387466, 36.8430532027694));
#2344 = CARTESIAN_POINT('', (83.9970808970036, 39.9955964831786, 36.8350996936241));
#2345 = CARTESIAN_POINT('', (83.9673046296236, 40.0117461276107, 36.8271461844788));
#2346 = CARTESIAN_POINT('', (83.9378062938782, 40.0282397504737, 36.8154182570546));
#2347 = CARTESIAN_POINT('', (83.9085689563529, 40.0450569197024, 36.8003140011933));
#2348 = CARTESIAN_POINT('', (83.8500942813023, 40.0786912581599, 36.7701054894707));
#2349 = CARTESIAN_POINT('', (83.7926720274061, 40.113630440103, 36.7263969145187));
#2350 = CARTESIAN_POINT('', (83.7360575861604, 40.149571139548, 36.672302583491));
#2351 = CARTESIAN_POINT('', (83.622828703669, 40.2214525384381, 36.5641139214354));
#2352 = CARTESIAN_POINT('', (83.5128847505305, 40.2974086754855, 36.4144167047717));
#2353 = CARTESIAN_POINT('', (83.4030849217264, 40.373499187607, 36.247366154135));
#2354 = CARTESIAN_POINT('', (83.1834852641179, 40.5256802118499, 35.9132650528616));
#2355 = CARTESIAN_POINT('', (82.962246725207, 40.6755671422401, 35.5083311634722));
#2356 = CARTESIAN_POINT('', (82.7207843891258, 40.8, 35.23));
#2357 = CARTESIAN_POINT('', (84.0769347271669, 39.9943796296296, 36.9));
#2358 = CARTESIAN_POINT('', (84.0462015231528, 40.0095828923195, 36.9000002567572));
#2359 = CARTESIAN_POINT('', (84.0525997301656, 40.0033685422272, 36.8505671783835));
#2360 = CARTESIAN_POINT('', (84.0223825231302, 40.0191890416267, 36.8425655699247));
#2361 = CARTESIAN_POINT('', (83.9921653160949, 40.0350095410262, 36.8345639614659));
#2362 = CARTESIAN_POINT('', (83.9622034047664, 40.0511357580114, 36.8227641022103));
#2363 = CARTESIAN_POINT('', (83.9324813582426, 40.0675495956857, 36.8075654578288));
#2364 = CARTESIAN_POINT('', (83.873037265195, 40.1003772710343, 36.7771681690658));
#2365 = CARTESIAN_POINT('', (83.8145604549579, 40.1343649453825, 36.7331802381514));
#2366 = CARTESIAN_POINT('', (83.7568260911091, 40.1692429549629, 36.6787370314185));
#2367 = CARTESIAN_POINT('', (83.6413573634116, 40.2389989741238, 36.5698506179526));
#2368 = CARTESIAN_POINT('', (83.5289082821847, 40.3123776474123, 36.4191726475589));
#2369 = CARTESIAN_POINT('', (83.4165804578456, 40.3858700467471, 36.2511352710343));
#2370 = CARTESIAN_POINT('', (83.1919248091672, 40.5328548454167, 35.915060517985));
#2371 = CARTESIAN_POINT('', (82.9656964764314, 40.6777662458215, 35.5083314734524));
#2372 = CARTESIAN_POINT('', (82.7207843891258, 40.8, 35.23));
#2373 = CARTESIAN_POINT('', (84.1084731071213, 40.0144814814815, 36.9));
#2374 = CARTESIAN_POINT('', (84.0774388955929, 40.0294928444897, 36.9000002108919));
#2375 = CARTESIAN_POINT('', (84.0775933658784, 40.0274390594055, 36.858707319334));
#2376 = CARTESIAN_POINT('', (84.047006399097, 40.0429717740158, 36.8506536034696));
#2377 = CARTESIAN_POINT('', (84.0164194323156, 40.0585044886261, 36.8425998876052));
#2378 = CARTESIAN_POINT('', (83.986053852613, 40.0742954890148, 36.8307221025596));
#2379 = CARTESIAN_POINT('', (83.9558963931187, 40.0903295496336, 36.8154212040609));
#2380 = CARTESIAN_POINT('', (83.89558147413, 40.122397670871, 36.7848194070632));
#2381 = CARTESIAN_POINT('', (83.8361058976809, 40.1554461174125, 36.7405288408294));
#2382 = CARTESIAN_POINT('', (83.7772745507221, 40.1892469853198, 36.6857076856082));
#2383 = CARTESIAN_POINT('', (83.6596118568047, 40.2568487211346, 36.5760653751658));
#2384 = CARTESIAN_POINT('', (83.54456983466, 40.3275122311321, 36.4243249210362));
#2385 = CARTESIAN_POINT('', (83.4296225985648, 40.3982660155183, 36.2552184830246));
#2386 = CARTESIAN_POINT('', (83.1997281263742, 40.5397735842907, 35.9170056070016));
#2387 = CARTESIAN_POINT('', (82.9684071912006, 40.6794943300713, 35.5083318092642));
#2388 = CARTESIAN_POINT('', (82.7207843891258, 40.8, 35.23));
#2389 = CARTESIAN_POINT('', (84.1400114870758, 40.0345833333333, 36.9));
#2390 = CARTESIAN_POINT('', (84.1087759656241, 40.0494663380184, 36.9000001611179));
#2391 = CARTESIAN_POINT('', (84.1017420188567, 40.0515971685501, 36.8674736257679));
#2392 = CARTESIAN_POINT('', (84.0708605040935, 40.0668860284437, 36.8593637944444));
#2393 = CARTESIAN_POINT('', (84.0399789893303, 40.0821748883373, 36.8512539631209));
#2394 = CARTESIAN_POINT('', (84.0092727711649, 40.09766485179, 36.8392922584021));
#2395 = CARTESIAN_POINT('', (83.9787314113462, 40.1133441026835, 36.8238812402126));
#2396 = CARTESIAN_POINT('', (83.9176486917087, 40.1447026044705, 36.7930592038336));
#2397 = CARTESIAN_POINT('', (83.8572308838571, 40.1768245776681, 36.748442722987));
#2398 = CARTESIAN_POINT('', (83.7973234139085, 40.209532526769, 36.6932145465348));
#2399 = CARTESIAN_POINT('', (83.6775084740114, 40.2749484249708, 36.5827581936304));
#2400 = CARTESIAN_POINT('', (83.5597698305988, 40.3427489584846, 36.4298735256482));
#2401 = CARTESIAN_POINT('', (83.4421002021397, 40.4106162548765, 36.2596157905281));
#2402 = CARTESIAN_POINT('', (83.2067609452214, 40.5463508476604, 35.919100320288));
#2403 = CARTESIAN_POINT('', (82.9702556987233, 40.680672888706, 35.5083321709078));
#2404 = CARTESIAN_POINT('', (82.7207843891258, 40.8, 35.23));
#2405 = CARTESIAN_POINT('', (84.1715498670302, 40.0546851851852, 36.9));
#2406 = CARTESIAN_POINT('', (84.1401130356553, 40.069439831547, 36.900000111344));
#2407 = CARTESIAN_POINT('', (84.1258906718349, 40.0757552776947, 36.8762399322018));
#2408 = CARTESIAN_POINT('', (84.09471460909, 40.0908002828716, 36.8680739854192));
#2409 = CARTESIAN_POINT('', (84.063538546345, 40.1058452880485, 36.8599080386366));
#2410 = CARTESIAN_POINT('', (84.0324916897169, 40.1210342145651, 36.8478624142446));
#2411 = CARTESIAN_POINT('', (84.0015664295738, 40.1363586557334, 36.8323412763644));
#2412 = CARTESIAN_POINT('', (83.9397159092873, 40.1670075380701, 36.8012990006039));
#2413 = CARTESIAN_POINT('', (83.8783558700334, 40.1982030379237, 36.7563566051446));
#2414 = CARTESIAN_POINT('', (83.817372277095, 40.2298180682181, 36.7007214074614));
#2415 = CARTESIAN_POINT('', (83.6954050912182, 40.293048128807, 36.5894510120949));
#2416 = CARTESIAN_POINT('', (83.5749698265375, 40.3579856858371, 36.4354221302603));
#2417 = CARTESIAN_POINT('', (83.4545778057145, 40.4229664942348, 36.2640130980317));
#2418 = CARTESIAN_POINT('', (83.2137937640686, 40.5529281110301, 35.9211950335744));
#2419 = CARTESIAN_POINT('', (82.9721042062461, 40.6818514473408, 35.5083325325513));
#2420 = CARTESIAN_POINT('', (82.7207843891258, 40.8, 35.23));
#2421 = CARTESIAN_POINT('', (84.2030882469846, 40.074787037037, 36.9));
#2422 = CARTESIAN_POINT('', (84.171550137382, 40.0894770793898, 36.8652083909948));
#2423 = CARTESIAN_POINT('', (84.1491949685243, 40.1000013780975, 36.8203980291191));
#2424 = CARTESIAN_POINT('', (84.1177998240554, 40.1148466208427, 36.7856704939801));
#2425 = CARTESIAN_POINT('', (84.0864046795865, 40.1296918635879, 36.7509429588411));
#2426 = CARTESIAN_POINT('', (84.0550804310528, 40.1446140709172, 36.7162471995385));
#2427 = CARTESIAN_POINT('', (84.0238229659446, 40.159608786151, 36.6815813836858));
#2428 = CARTESIAN_POINT('', (83.961308035728, 40.1895982166185, 36.6122497519803));
#2429 = CARTESIAN_POINT('', (83.8990625295782, 40.2198801439979, 36.5430388917819));
#2430 = CARTESIAN_POINT('', (83.8370237990592, 40.2503865582109, 36.4739207251249));
#2431 = CARTESIAN_POINT('', (83.7129463380213, 40.3113993866367, 36.3356843918108));
#2432 = CARTESIAN_POINT('', (83.5897106046701, 40.3733260475125, 36.1978253993404));
#2433 = CARTESIAN_POINT('', (83.4664928767712, 40.4352722819146, 36.0599745010483));
#2434 = CARTESIAN_POINT('', (83.2200574209735, 40.5591647507186, 35.784272704464));
#2435 = CARTESIAN_POINT('', (82.9730905065225, 40.6824804803604, 35.5083329200265));
#2436 = CARTESIAN_POINT('', (82.7207843891258, 40.8, 35.23));
#2437 = CARTESIAN_POINT('', (84.2346266269391, 40.0948888888889, 36.9));
#2438 = CARTESIAN_POINT('', (84.2030882469846, 40.1095787037037, 36.8652083333333));
#2439 = CARTESIAN_POINT('', (84.1715498670302, 40.1242685185185, 36.8304166666667));
#2440 = CARTESIAN_POINT('', (84.1400114870758, 40.1389583333333, 36.795625));
#2441 = CARTESIAN_POINT('', (84.1084731071213, 40.1536481481482, 36.7608333333333));
#2442 = CARTESIAN_POINT('', (84.0769347271669, 40.168337962963, 36.7260416666667));
#2443 = CARTESIAN_POINT('', (84.0453963472124, 40.1830277777778, 36.69125));
#2444 = CARTESIAN_POINT('', (83.9823195873035, 40.2124074074074, 36.6216666666667));
#2445 = CARTESIAN_POINT('', (83.9192428273946, 40.241787037037, 36.5520833333333));
#2446 = CARTESIAN_POINT('', (83.8561660674858, 40.2711666666667, 36.4825));
#2447 = CARTESIAN_POINT('', (83.730012547668, 40.3299259259259, 36.3433333333333));
#2448 = CARTESIAN_POINT('', (83.6038590278502, 40.3886851851852, 36.2041666666667));
#2449 = CARTESIAN_POINT('', (83.4777055080324, 40.4474444444445, 36.065));
#2450 = CARTESIAN_POINT('', (83.2253984683969, 40.564962962963, 35.7866666666667));
#2451 = CARTESIAN_POINT('', (82.9730914287613, 40.6824814814815, 35.5083333333333));
#2452 = CARTESIAN_POINT('', (82.7207843891258, 40.8, 35.23));
#2453 = ADVANCED_FACE('', (#2454), #2484, .T.);
#2454 = FACE_OUTER_BOUND('', #2455, .T.);
#2455 = EDGE_LOOP('', (#2456, #2465, #2472, #2479));
#2456 = ORIENTED_EDGE('', *, *, #2457, .T.);
#2457 = EDGE_CURVE('', #2458, #2460, #2462, .T.);
#2458 = VERTEX_POINT('', #2459);
#2459 = CARTESIAN_POINT('', (82.7207843891258, 40.8, 24.));
#2460 = VERTEX_POINT('', #2461);
#2461 = CARTESIAN_POINT('', (63.1, 40.8, 24.));
#2462 = B_SPLINE_CURVE_WITH_KNOTS('', 1, (#2463, #2464), .UNSPECIFIED., .F., .U., (2, 2), (0., 1.), .UNSPECIFIED.);
#2463 = CARTESIAN_POINT('', (82.7207843891258, 40.8, 24.));
#2464 = CARTESIAN_POINT('', (63.1000000000001, 40.8, 24.));
#2465 = ORIENTED_EDGE('', *, *, #2466, .T.);
#2466 = EDGE_CURVE('', #2460, #2467, #2469, .T.);
#2467 = VERTEX_POINT('', #2468);
#2468 = CARTESIAN_POINT('', (63.1, 40.8, 35.23));
#2469 = B_SPLINE_CURVE_WITH_KNOTS('', 1, (#2470, #2471), .UNSPECIFIED., .F., .U., (2, 2), (0.662303664921466, 0.956282722513089), .UNSPECIFIED.);
#2470 = CARTESIAN_POINT('', (63.1, 40.8, 24.));
#2471 = CARTESIAN_POINT('', (63.1, 40.8, 35.23));
#2472 = ORIENTED_EDGE('', *, *, #2473, .F.);
#2473 = EDGE_CURVE('', #2035, #2467, #2474, .T.);
#2474 = B_SPLINE_CURVE_WITH_KNOTS('', 3, (#2475, #2476, #2477, #2478), .UNSPECIFIED., .F., .U., (4, 4), (0., 19.6207843891258), .UNSPECIFIED.);
#2475 = CARTESIAN_POINT('', (82.7207843891258, 40.8, 35.23));
#2476 = CARTESIAN_POINT('', (76.1805229260838, 40.8, 35.23));
#2477 = CARTESIAN_POINT('', (69.6402614630419, 40.8, 35.23));
#2478 = CARTESIAN_POINT('', (63.1, 40.8, 35.23));
#2479 = ORIENTED_EDGE('', *, *, #2480, .F.);
#2480 = EDGE_CURVE('', #2458, #2035, #2481, .T.);
#2481 = B_SPLINE_CURVE_WITH_KNOTS('', 1, (#2482, #2483), .UNSPECIFIED., .F., .U., (2, 2), (0.662303664921466, 0.956282722513089), .UNSPECIFIED.);
#2482 = CARTESIAN_POINT('', (82.7207843891258, 40.8, 24.));
#2483 = CARTESIAN_POINT('', (82.7207843891258, 40.8, 35.23));
#2484 = B_SPLINE_SURFACE_WITH_KNOTS('', 1, 1, ((#2485, #2486), (#2487, #2488)), .UNSPECIFIED., .F., .F., .U., (2, 2), (2, 2), (0.172663795387177, 0.651219512195122), (0.043717277486911, 0.956282722513089), .UNSPECIFIED.);
#2485 = CARTESIAN_POINT('', (82.7207843891258, 40.8, 0.37));
#2486 = CARTESIAN_POINT('', (82.7207843891258, 40.8, 35.23));
#2487 = CARTESIAN_POINT('', (63.1, 40.8, 0.37));
#2488 = CARTESIAN_POINT('', (63.1, 40.8, 35.23));
#2489 = ADVANCED_FACE('', (#2490), #2578, .T.);
#2490 = FACE_OUTER_BOUND('', #2491, .T.);
#2491 = EDGE_LOOP('', (#2492, #2500, #2507, #2577));
#2492 = ORIENTED_EDGE('', *, *, #2493, .F.);
#2493 = EDGE_CURVE('', #2494, #2460, #2496, .T.);
#2494 = VERTEX_POINT('', #2495);
#2495 = CARTESIAN_POINT('', (59.1, 44.8, 24.));
#2496 = (
   BOUNDED_CURVE ()
   B_SPLINE_CURVE (2, (#2497, #2498, #2499), .UNSPECIFIED., .F., .U.)
   B_SPLINE_CURVE_WITH_KNOTS ((3, 3), (0., 1.), .UNSPECIFIED.)
   CURVE ()
   GEOMETRIC_REPRESENTATION_ITEM ()
   RATIONAL_B_SPLINE_CURVE ((1., 0.707106781186546, 1.))
   REPRESENTATION_ITEM ('')
);
#2497 = CARTESIAN_POINT('', (59.1, 44.8, 24.));
#2498 = CARTESIAN_POINT('', (59.1, 40.8, 24.));
#2499 = CARTESIAN_POINT('', (63.1, 40.8, 24.));
#2500 = ORIENTED_EDGE('', *, *, #2501, .T.);
#2501 = EDGE_CURVE('', #2494, #2502, #2504, .T.);
#2502 = VERTEX_POINT('', #2503);
#2503 = CARTESIAN_POINT('', (59.1, 44.8, 35.23));
#2504 = B_SPLINE_CURVE_WITH_KNOTS('', 1, (#2505, #2506), .UNSPECIFIED., .F., .U., (2, 2), (0.662303664921466, 0.956282722513089), .UNSPECIFIED.);
#2505 = CARTESIAN_POINT('', (59.1, 44.8, 24.));
#2506 = CARTESIAN_POINT('', (59.1, 44.8, 35.23));
#2507 = ORIENTED_EDGE('', *, *, #2508, .F.);
#2508 = EDGE_CURVE('', #2467, #2502, #2509, .T.);
#2509 = B_SPLINE_CURVE_WITH_KNOTS('', 3, (#2510, #2511, #2512, #2513, #2514, #2515, #2516, #2517, #2518, #2519, #2520, #2521, #2522, #2523, #2524, #2525, #2526, #2527, #2528, #2529, #2530, #2531, #2532, #2533, #2534, #2535, #2536, #2537, #2538, #2539, #2540, #2541, #2542, #2543, #2544, #2545, #2546, #2547, #2548, #2549, #2550, #2551, #2552, #2553, #2554, #2555, #2556, #2557, #2558, #2559, #2560, #2561, #2562, #2563, #2564, #2565, #2566, #2567, #2568, #2569, #2570, #2571, #2572, #2573, #2574, #2575, #2576), .UNSPECIFIED., .F., .U., (4, 3, 3, 3, 3, 3, 3, 3, 3, 3, 3, 3, 3, 3, 3, 3, 3, 3, 3, 3, 3, 3, 4), (0., 0.437893890380859, 0.875787780761719, 1.31368167114258, 1.75157556152344, 2.1894694519043, 2.62736334228516, 3.06525723266602, 3.50315112304688, 3.94104501342774, 4.37893890380859, 4.81683279418945, 5.25472668457031, 5.69262057495117, 6.13051446533203, 6.56840835571289, 7.00630224609375, 7.44419613647461, 7.88209002685547, 8.31998391723633, 8.53893086242676, 8.75787780761719, 8.89767409058968), .UNSPECIFIED.);
#2510 = CARTESIAN_POINT('', (63.1, 40.8, 35.23));
#2511 = CARTESIAN_POINT('', (62.9970267159598, 40.8, 35.23));
#2512 = CARTESIAN_POINT('', (62.8937458822542, 40.803994152139, 35.23));
#2513 = CARTESIAN_POINT('', (62.7910801478794, 40.8119467750586, 35.23));
#2514 = CARTESIAN_POINT('', (62.6884144135046, 40.8198993979781, 35.23));
#2515 = CARTESIAN_POINT('', (62.5857505162432, 40.8318579957766, 35.23));
#2516 = CARTESIAN_POINT('', (62.4840055937511, 40.8477157375171, 35.23));
#2517 = CARTESIAN_POINT('', (62.3822606712591, 40.8635734792575, 35.23));
#2518 = CARTESIAN_POINT('', (62.2808269616853, 40.8834250893767, 35.23));
#2519 = CARTESIAN_POINT('', (62.1806106129272, 40.9070932255013, 35.23));
#2520 = CARTESIAN_POINT('', (62.0803942641691, 40.9307613616259, 35.23));
#2521 = CARTESIAN_POINT('', (61.9807966451388, 40.9583874027053, 35.23));
#2522 = CARTESIAN_POINT('', (61.8827075012026, 40.9897245542649, 35.23));
#2523 = CARTESIAN_POINT('', (61.7846183572663, 41.0210617058246, 35.23));
#2524 = CARTESIAN_POINT('', (61.687451763955, 41.0562971568149, 35.23));
#2525 = CARTESIAN_POINT('', (61.5920757493097, 41.0951161348593, 35.23));
#2526 = CARTESIAN_POINT('', (61.4966997346645, 41.1339351129036, 35.23));
#2527 = CARTESIAN_POINT('', (61.4025445807888, 41.1765694988014, 35.23));
#2528 = CARTESIAN_POINT('', (61.310451413331, 41.222638422531, 35.23));
#2529 = CARTESIAN_POINT('', (61.2183582458733, 41.2687073462607, 35.23));
#2530 = CARTESIAN_POINT('', (61.1277769566553, 41.3184859953569, 35.23));
#2531 = CARTESIAN_POINT('', (61.039516744563, 41.3715296772374, 35.23));
#2532 = CARTESIAN_POINT('', (60.9512565324707, 41.4245733591179, 35.23));
#2533 = CARTESIAN_POINT('', (60.8647901850539, 41.4811989242507, 35.23));
#2534 = CARTESIAN_POINT('', (60.7808901407773, 41.5409005138143, 35.23));
#2535 = CARTESIAN_POINT('', (60.6969900965008, 41.6006021033778, 35.23));
#2536 = CARTESIAN_POINT('', (60.6151551878863, 41.6637363381026, 35.23));
#2537 = CARTESIAN_POINT('', (60.5361164789037, 41.7297392146186, 35.23));
#2538 = CARTESIAN_POINT('', (60.4570777699211, 41.7957420911345, 35.23));
#2539 = CARTESIAN_POINT('', (60.3803631317317, 41.8650078702011, 35.23));
#2540 = CARTESIAN_POINT('', (60.3066578868816, 41.9369177729099, 35.23));
#2541 = CARTESIAN_POINT('', (60.2329526420314, 42.0088276756188, 35.23));
#2542 = CARTESIAN_POINT('', (60.1618165205301, 42.0838112476861, 35.23));
#2543 = CARTESIAN_POINT('', (60.0938850098029, 42.1611986308719, 35.23));
#2544 = CARTESIAN_POINT('', (60.0259534990757, 42.2385860140576, 35.23));
#2545 = CARTESIAN_POINT('', (59.9608208178836, 42.3188394731915, 35.23));
#2546 = CARTESIAN_POINT('', (59.8990688225183, 42.4012420720244, 35.23));
#2547 = CARTESIAN_POINT('', (59.837316827153, 42.4836446708574, 35.23));
#2548 = CARTESIAN_POINT('', (59.7785766490156, 42.5686886320458, 35.23));
#2549 = CARTESIAN_POINT('', (59.7233730376113, 42.6556142238697, 35.23));
#2550 = CARTESIAN_POINT('', (59.668169426207, 42.7425398156937, 35.23));
#2551 = CARTESIAN_POINT('', (59.6161726289719, 42.8318662783994, 35.23));
#2552 = CARTESIAN_POINT('', (59.5678471540925, 42.9227956229681, 35.23));
#2553 = CARTESIAN_POINT('', (59.5195216792131, 43.0137249675368, 35.23));
#2554 = CARTESIAN_POINT('', (59.4745788599005, 43.1068003501815, 35.23));
#2555 = CARTESIAN_POINT('', (59.433420188335, 43.2011902912821, 35.23));
#2556 = CARTESIAN_POINT('', (59.3922615167695, 43.2955802323828, 35.23));
#2557 = CARTESIAN_POINT('', (59.3546411362557, 43.3918485596365, 35.23));
#2558 = CARTESIAN_POINT('', (59.3208951246995, 43.4891352695719, 35.23));
#2559 = CARTESIAN_POINT('', (59.2871491131434, 43.5864219795074, 35.23));
#2560 = CARTESIAN_POINT('', (59.2570758925403, 43.6853082033446, 35.23));
#2561 = CARTESIAN_POINT('', (59.230944118998, 43.7849105508951, 35.23));
#2562 = CARTESIAN_POINT('', (59.2048123454558, 43.8845128984455, 35.23));
#2563 = CARTESIAN_POINT('', (59.1824659237643, 43.9854263331299, 35.23));
#2564 = CARTESIAN_POINT('', (59.1641044834462, 44.0867493548745, 35.23));
#2565 = CARTESIAN_POINT('', (59.1457430431281, 44.1880723766192, 35.23));
#2566 = CARTESIAN_POINT('', (59.1312569041849, 44.2904102270985, 35.23));
#2567 = CARTESIAN_POINT('', (59.1207754770895, 44.3928486813628, 35.23));
#2568 = CARTESIAN_POINT('', (59.1155347635419, 44.444067908495, 35.23));
#2569 = CARTESIAN_POINT('', (59.1112713663512, 44.4955418560515, 35.23));
#2570 = CARTESIAN_POINT('', (59.1080138753249, 44.5469253461891, 35.23));
#2571 = CARTESIAN_POINT('', (59.1047563842986, 44.5983088363267, 35.23));
#2572 = CARTESIAN_POINT('', (59.1024853229975, 44.649909089361, 35.23));
#2573 = CARTESIAN_POINT('', (59.1012159208742, 44.7013800804604, 35.23));
#2574 = CARTESIAN_POINT('', (59.1004054153963, 44.7342439929044, 35.23));
#2575 = CARTESIAN_POINT('', (59.1, 44.7671260945391, 35.23));
#2576 = CARTESIAN_POINT('', (59.1, 44.8, 35.23));
#2577 = ORIENTED_EDGE('', *, *, #2466, .F.);
#2578 = (
   BOUNDED_SURFACE ()
   B_SPLINE_SURFACE (1, 2, ((#2579, #2580, #2581), (#2582, #2583, #2584)), .UNSPECIFIED., .F., .F., .U.)
   B_SPLINE_SURFACE_WITH_KNOTS ((2, 2), (3, 3), (1.77, 36.63), (12.5663706143592, 18.8495559215387), .UNSPECIFIED.)
   GEOMETRIC_REPRESENTATION_ITEM ()
   RATIONAL_B_SPLINE_SURFACE (((1., 0.707106781186546, 1.), (1., 0.707106781186546, 1.)))
   REPRESENTATION_ITEM ('')
   SURFACE ()
);
#2579 = CARTESIAN_POINT('', (59.1, 44.8, 0.369999999999996));
#2580 = CARTESIAN_POINT('', (59.1, 40.8, 0.369999999999996));
#2581 = CARTESIAN_POINT('', (63.1, 40.8, 0.369999999999996));
#2582 = CARTESIAN_POINT('', (59.1, 44.8, 35.23));
#2583 = CARTESIAN_POINT('', (59.1, 40.8, 35.23));
#2584 = CARTESIAN_POINT('', (63.1, 40.8, 35.23));
#2585 = ADVANCED_FACE('', (#2586), #2610, .T.);
#2586 = FACE_OUTER_BOUND('', #2587, .T.);
#2587 = EDGE_LOOP('', (#2588, #2595, #2602, #2609));
#2588 = ORIENTED_EDGE('', *, *, #2589, .T.);
#2589 = EDGE_CURVE('', #2494, #2590, #2592, .T.);
#2590 = VERTEX_POINT('', #2591);
#2591 = CARTESIAN_POINT('', (59.1, 63.2, 24.));
#2592 = B_SPLINE_CURVE_WITH_KNOTS('', 1, (#2593, #2594), .UNSPECIFIED., .F., .U., (2, 2), (0., 1.), .UNSPECIFIED.);
#2593 = CARTESIAN_POINT('', (59.1, 44.8, 24.));
#2594 = CARTESIAN_POINT('', (59.1, 63.2, 24.));
#2595 = ORIENTED_EDGE('', *, *, #2596, .T.);
#2596 = EDGE_CURVE('', #2590, #2597, #2599, .T.);
#2597 = VERTEX_POINT('', #2598);
#2598 = CARTESIAN_POINT('', (59.1, 63.2, 35.23));
#2599 = B_SPLINE_CURVE_WITH_KNOTS('', 1, (#2600, #2601), .UNSPECIFIED., .F., .U., (2, 2), (0.662303664921466, 0.956282722513089), .UNSPECIFIED.);
#2600 = CARTESIAN_POINT('', (59.1, 63.2, 24.));
#2601 = CARTESIAN_POINT('', (59.1, 63.2, 35.23));
#2602 = ORIENTED_EDGE('', *, *, #2603, .F.);
#2603 = EDGE_CURVE('', #2502, #2597, #2604, .T.);
#2604 = B_SPLINE_CURVE_WITH_KNOTS('', 3, (#2605, #2606, #2607, #2608), .UNSPECIFIED., .F., .U., (4, 4), (0., 18.4), .UNSPECIFIED.);
#2605 = CARTESIAN_POINT('', (59.1, 44.8, 35.23));
#2606 = CARTESIAN_POINT('', (59.1, 50.9333333333333, 35.23));
#2607 = CARTESIAN_POINT('', (59.1, 57.0666666666667, 35.23));
#2608 = CARTESIAN_POINT('', (59.1, 63.2, 35.23));
#2609 = ORIENTED_EDGE('', *, *, #2501, .F.);
#2610 = B_SPLINE_SURFACE_WITH_KNOTS('', 1, 1, ((#2611, #2612), (#2613, #2614)), .UNSPECIFIED., .F., .F., .U., (2, 2), (2, 2), (0.544554455445544, 1.), (0.043717277486911, 0.956282722513089), .UNSPECIFIED.);
#2611 = CARTESIAN_POINT('', (59.1, 44.8, 0.37));
#2612 = CARTESIAN_POINT('', (59.1, 44.8, 35.23));
#2613 = CARTESIAN_POINT('', (59.1, 63.2, 0.37));
#2614 = CARTESIAN_POINT('', (59.1, 63.2, 35.23));
#2615 = ADVANCED_FACE('', (#2616), #2695, .T.);
#2616 = FACE_OUTER_BOUND('', #2617, .T.);
#2617 = EDGE_LOOP('', (#2618, #2626, #2633, #2694));
#2618 = ORIENTED_EDGE('', *, *, #2619, .T.);
#2619 = EDGE_CURVE('', #2590, #2620, #2622, .T.);
#2620 = VERTEX_POINT('', #2621);
#2621 = CARTESIAN_POINT('', (56.4, 65.9, 24.));
#2622 = (
   BOUNDED_CURVE ()
   B_SPLINE_CURVE (2, (#2623, #2624, #2625), .UNSPECIFIED., .F., .U.)
   B_SPLINE_CURVE_WITH_KNOTS ((3, 3), (0., 1.), .UNSPECIFIED.)
   CURVE ()
   GEOMETRIC_REPRESENTATION_ITEM ()
   RATIONAL_B_SPLINE_CURVE ((1., 0.707106781186548, 1.))
   REPRESENTATION_ITEM ('')
);
#2623 = CARTESIAN_POINT('', (59.1, 63.2, 24.));
#2624 = CARTESIAN_POINT('', (59.1, 65.9, 24.));
#2625 = CARTESIAN_POINT('', (56.4, 65.9, 24.));
#2626 = ORIENTED_EDGE('', *, *, #2627, .T.);
#2627 = EDGE_CURVE('', #2620, #2628, #2630, .T.);
#2628 = VERTEX_POINT('', #2629);
#2629 = CARTESIAN_POINT('', (56.4, 65.9, 35.23));
#2630 = B_SPLINE_CURVE_WITH_KNOTS('', 1, (#2631, #2632), .UNSPECIFIED., .F., .U., (2, 2), (0.662303664921466, 0.956282722513089), .UNSPECIFIED.);
#2631 = CARTESIAN_POINT('', (56.4, 65.9, 24.));
#2632 = CARTESIAN_POINT('', (56.4, 65.9, 35.23));
#2633 = ORIENTED_EDGE('', *, *, #2634, .F.);
#2634 = EDGE_CURVE('', #2597, #2628, #2635, .T.);
#2635 = B_SPLINE_CURVE_WITH_KNOTS('', 3, (#2636, #2637, #2638, #2639, #2640, #2641, #2642, #2643, #2644, #2645, #2646, #2647, #2648, #2649, #2650, #2651, #2652, #2653, #2654, #2655, #2656, #2657, #2658, #2659, #2660, #2661, #2662, #2663, #2664, #2665, #2666, #2667, #2668, #2669, #2670, #2671, #2672, #2673, #2674, #2675, #2676, #2677, #2678, #2679, #2680, #2681, #2682, #2683, #2684, #2685, #2686, #2687, #2688, #2689, #2690, #2691, #2692, #2693), .UNSPECIFIED., .F., .U., (4, 3, 3, 3, 3, 3, 3, 3, 3, 3, 3, 3, 3, 3, 3, 3, 3, 3, 3, 4), (0., 0.08649755859375, 0.1729951171875, 0.25949267578125, 0.345990234375, 0.43248779296875, 0.5189853515625, 0.60548291015625, 0.69198046875, 0.77847802734375, 0.8649755859375, 0.95147314453125, 1.037970703125, 1.12446826171875, 1.2109658203125, 1.29746337890625, 1.3839609375, 1.47045849609375, 1.5569560546875, 1.61605407621574), .UNSPECIFIED.);
#2636 = CARTESIAN_POINT('', (59.1, 63.2, 35.23));
#2637 = CARTESIAN_POINT('', (59.1, 63.2755803910042, 35.23));
#2638 = CARTESIAN_POINT('', (59.0968096017588, 63.3514277628636, 35.23));
#2639 = CARTESIAN_POINT('', (59.0904624956429, 63.4267411730128, 35.23));
#2640 = CARTESIAN_POINT('', (59.0841153895269, 63.502054583162, 35.23));
#2641 = CARTESIAN_POINT('', (59.0745667343864, 63.5773661071401, 35.23));
#2642 = CARTESIAN_POINT('', (59.0619173633043, 63.6518804608955, 35.23));
#2643 = CARTESIAN_POINT('', (59.0492679922222, 63.7263948146509, 35.23));
#2644 = CARTESIAN_POINT('', (59.0334285396935, 63.8006384285343, 35.23));
#2645 = CARTESIAN_POINT('', (59.0145662691503, 63.873827295545, 35.23));
#2646 = CARTESIAN_POINT('', (58.9957039986071, 63.9470161625557, 35.23));
#2647 = CARTESIAN_POINT('', (58.9736856515402, 64.0196673487218, 35.23));
#2648 = CARTESIAN_POINT('', (58.9487437400451, 64.0910136629596, 35.23));
#2649 = CARTESIAN_POINT('', (58.9238018285501, 64.1623599771975, 35.23));
#2650 = CARTESIAN_POINT('', (58.8957601425606, 64.2329054682352, 35.23));
#2651 = CARTESIAN_POINT('', (58.86491480018, 64.3019051809722, 35.23));
#2652 = CARTESIAN_POINT('', (58.8340694577995, 64.3709048937092, 35.23));
#2653 = CARTESIAN_POINT('', (58.8002025422965, 64.4388462985608, 35.23));
#2654 = CARTESIAN_POINT('', (58.7636716857618, 64.5050119393813, 35.23));
#2655 = CARTESIAN_POINT('', (58.7271408292271, 64.5711775802019, 35.23));
#2656 = CARTESIAN_POINT('', (58.6876879478064, 64.6360349052046, 35.23));
#2657 = CARTESIAN_POINT('', (58.6457296609719, 64.6988990258957, 35.23));
#2658 = CARTESIAN_POINT('', (58.6037713741374, 64.7617631465868, 35.23));
#2659 = CARTESIAN_POINT('', (58.5590112542274, 64.8230781865406, 35.23));
#2660 = CARTESIAN_POINT('', (58.511921964755, 64.8821966635282, 35.23));
#2661 = CARTESIAN_POINT('', (58.4648326752826, 64.9413151405159, 35.23));
#2662 = CARTESIAN_POINT('', (58.415081538986, 64.9986547158202, 35.23));
#2663 = CARTESIAN_POINT('', (58.3631939241375, 65.0536098878215, 35.23));
#2664 = CARTESIAN_POINT('', (58.311306309289, 65.1085650598228, 35.23));
#2665 = CARTESIAN_POINT('', (58.2569156393311, 65.1615240768117, 35.23));
#2666 = CARTESIAN_POINT('', (58.2005962756641, 65.2119276955359, 35.23));
#2667 = CARTESIAN_POINT('', (58.1442769119971, 65.2623313142602, 35.23));
#2668 = CARTESIAN_POINT('', (58.0856309685644, 65.3105356271148, 35.23));
#2669 = CARTESIAN_POINT('', (58.0252777421355, 65.3560316001671, 35.23));
#2670 = CARTESIAN_POINT('', (57.9649245157065, 65.4015275732193, 35.23));
#2671 = CARTESIAN_POINT('', (57.9024376217183, 65.4446366272405, 35.23));
#2672 = CARTESIAN_POINT('', (57.8384769170904, 65.4849035338495, 35.23));
#2673 = CARTESIAN_POINT('', (57.7745162124625, 65.5251704404585, 35.23));
#2674 = CARTESIAN_POINT('', (57.7086298264549, 65.5628796780236, 35.23));
#2675 = CARTESIAN_POINT('', (57.6415135143681, 65.597633039821, 35.23));
#2676 = CARTESIAN_POINT('', (57.5743972022813, 65.6323864016184, 35.23));
#2677 = CARTESIAN_POINT('', (57.5055767995828, 65.6644294138256, 35.23));
#2678 = CARTESIAN_POINT('', (57.4357790445696, 65.6934237046339, 35.23));
#2679 = CARTESIAN_POINT('', (57.3659812895565, 65.7224179954423, 35.23));
#2680 = CARTESIAN_POINT('', (57.2947130737897, 65.7485684042407, 35.23));
#2681 = CARTESIAN_POINT('', (57.2227269842892, 65.7715987846712, 35.23));
#2682 = CARTESIAN_POINT('', (57.1507408947886, 65.7946291651017, 35.23));
#2683 = CARTESIAN_POINT('', (57.0775283629303, 65.8147022226115, 35.23));
#2684 = CARTESIAN_POINT('', (57.0038625075662, 65.8316059872169, 35.23));
#2685 = CARTESIAN_POINT('', (56.9301966522021, 65.8485097518223, 35.23));
#2686 = CARTESIAN_POINT('', (56.8555570374683, 65.8623636455446, 35.23));
#2687 = CARTESIAN_POINT('', (56.7807318521048, 65.8730213723038, 35.23));
#2688 = CARTESIAN_POINT('', (56.7059066667413, 65.883679099063, 35.23));
#2689 = CARTESIAN_POINT('', (56.6303672844288, 65.8912159537594, 35.23));
#2690 = CARTESIAN_POINT('', (56.5549113953854, 65.8955523477721, 35.23));
#2691 = CARTESIAN_POINT('', (56.5033574113469, 65.8985151170211, 35.23));
#2692 = CARTESIAN_POINT('', (56.4516390479373, 65.9, 35.23));
#2693 = CARTESIAN_POINT('', (56.4, 65.9, 35.23));
#2694 = ORIENTED_EDGE('', *, *, #2596, .F.);
#2695 = (
   BOUNDED_SURFACE ()
   B_SPLINE_SURFACE (2, 1, ((#2696, #2697), (#2698, #2699), (#2700, #2701)), .UNSPECIFIED., .F., .F., .U.)
   B_SPLINE_SURFACE_WITH_KNOTS ((3, 3), (2, 2), (0., 4.24115008234623), (1.67, 36.53), .UNSPECIFIED.)
   GEOMETRIC_REPRESENTATION_ITEM ()
   RATIONAL_B_SPLINE_SURFACE (((1., 1.), (0.707106781186548, 0.707106781186548), (1., 1.)))
   REPRESENTATION_ITEM ('')
   SURFACE ()
);
#2696 = CARTESIAN_POINT('', (59.1, 63.2, 0.369999999999999));
#2697 = CARTESIAN_POINT('', (59.1, 63.2, 35.23));
#2698 = CARTESIAN_POINT('', (59.1, 65.9, 0.369999999999999));
#2699 = CARTESIAN_POINT('', (59.1, 65.9, 35.23));
#2700 = CARTESIAN_POINT('', (56.4, 65.9, 0.369999999999999));
#2701 = CARTESIAN_POINT('', (56.4, 65.9, 35.23));
#2702 = ADVANCED_FACE('', (#2703), #2727, .T.);
#2703 = FACE_OUTER_BOUND('', #2704, .T.);
#2704 = EDGE_LOOP('', (#2705, #2712, #2719, #2726));
#2705 = ORIENTED_EDGE('', *, *, #2706, .T.);
#2706 = EDGE_CURVE('', #2620, #2707, #2709, .T.);
#2707 = VERTEX_POINT('', #2708);
#2708 = CARTESIAN_POINT('', (1.4, 65.9, 24.));
#2709 = B_SPLINE_CURVE_WITH_KNOTS('', 1, (#2710, #2711), .UNSPECIFIED., .F., .U., (2, 2), (0., 1.), .UNSPECIFIED.);
#2710 = CARTESIAN_POINT('', (56.3999999999999, 65.9, 24.));
#2711 = CARTESIAN_POINT('', (1.39999999999995, 65.9, 24.));
#2712 = ORIENTED_EDGE('', *, *, #2713, .T.);
#2713 = EDGE_CURVE('', #2707, #2714, #2716, .T.);
#2714 = VERTEX_POINT('', #2715);
#2715 = CARTESIAN_POINT('', (1.4, 65.9, 35.23));
#2716 = B_SPLINE_CURVE_WITH_KNOTS('', 1, (#2717, #2718), .UNSPECIFIED., .F., .U., (2, 2), (0.662303664921466, 0.956282722513089), .UNSPECIFIED.);
#2717 = CARTESIAN_POINT('', (1.4, 65.9, 24.));
#2718 = CARTESIAN_POINT('', (1.4, 65.9, 35.23));
#2719 = ORIENTED_EDGE('', *, *, #2720, .F.);
#2720 = EDGE_CURVE('', #2628, #2714, #2721, .T.);
#2721 = B_SPLINE_CURVE_WITH_KNOTS('', 3, (#2722, #2723, #2724, #2725), .UNSPECIFIED., .F., .U., (4, 4), (0., 55.), .UNSPECIFIED.);
#2722 = CARTESIAN_POINT('', (56.4, 65.9, 35.23));
#2723 = CARTESIAN_POINT('', (38.0666666666667, 65.9, 35.23));
#2724 = CARTESIAN_POINT('', (19.7333333333333, 65.9, 35.23));
#2725 = CARTESIAN_POINT('', (1.4, 65.9, 35.23));
#2726 = ORIENTED_EDGE('', *, *, #2627, .F.);
#2727 = B_SPLINE_SURFACE_WITH_KNOTS('', 1, 1, ((#2728, #2729), (#2730, #2731)), .UNSPECIFIED., .F., .F., .U., (2, 2), (2, 2), (0., 1.), (0.043717277486911, 0.956282722513089), .UNSPECIFIED.);
#2728 = CARTESIAN_POINT('', (56.4, 65.9, 0.37));
#2729 = CARTESIAN_POINT('', (56.4, 65.9, 35.23));
#2730 = CARTESIAN_POINT('', (1.4, 65.9, 0.37));
#2731 = CARTESIAN_POINT('', (1.4, 65.9, 35.23));
#2732 = ADVANCED_FACE('', (#2733), #2812, .T.);
#2733 = FACE_OUTER_BOUND('', #2734, .T.);
#2734 = EDGE_LOOP('', (#2735, #2743, #2750, #2811));
#2735 = ORIENTED_EDGE('', *, *, #2736, .T.);
#2736 = EDGE_CURVE('', #2707, #2737, #2739, .T.);
#2737 = VERTEX_POINT('', #2738);
#2738 = CARTESIAN_POINT('', (-1.3, 63.2, 24.));
#2739 = (
   BOUNDED_CURVE ()
   B_SPLINE_CURVE (2, (#2740, #2741, #2742), .UNSPECIFIED., .F., .U.)
   B_SPLINE_CURVE_WITH_KNOTS ((3, 3), (0., 1.), .UNSPECIFIED.)
   CURVE ()
   GEOMETRIC_REPRESENTATION_ITEM ()
   RATIONAL_B_SPLINE_CURVE ((1., 0.707106781186548, 1.))
   REPRESENTATION_ITEM ('')
);
#2740 = CARTESIAN_POINT('', (1.4, 65.9, 24.));
#2741 = CARTESIAN_POINT('', (-1.3, 65.9, 24.));
#2742 = CARTESIAN_POINT('', (-1.3, 63.2, 24.));
#2743 = ORIENTED_EDGE('', *, *, #2744, .T.);
#2744 = EDGE_CURVE('', #2737, #2745, #2747, .T.);
#2745 = VERTEX_POINT('', #2746);
#2746 = CARTESIAN_POINT('', (-1.3, 63.2, 35.23));
#2747 = B_SPLINE_CURVE_WITH_KNOTS('', 1, (#2748, #2749), .UNSPECIFIED., .F., .U., (2, 2), (0.662303664921466, 0.956282722513089), .UNSPECIFIED.);
#2748 = CARTESIAN_POINT('', (-1.3, 63.2, 24.));
#2749 = CARTESIAN_POINT('', (-1.3, 63.2, 35.23));
#2750 = ORIENTED_EDGE('', *, *, #2751, .F.);
#2751 = EDGE_CURVE('', #2714, #2745, #2752, .T.);
#2752 = B_SPLINE_CURVE_WITH_KNOTS('', 3, (#2753, #2754, #2755, #2756, #2757, #2758, #2759, #2760, #2761, #2762, #2763, #2764, #2765, #2766, #2767, #2768, #2769, #2770, #2771, #2772, #2773, #2774, #2775, #2776, #2777, #2778, #2779, #2780, #2781, #2782, #2783, #2784, #2785, #2786, #2787, #2788, #2789, #2790, #2791, #2792, #2793, #2794, #2795, #2796, #2797, #2798, #2799, #2800, #2801, #2802, #2803, #2804, #2805, #2806, #2807, #2808, #2809, #2810), .UNSPECIFIED., .F., .U., (4, 3, 3, 3, 3, 3, 3, 3, 3, 3, 3, 3, 3, 3, 3, 3, 3, 3, 3, 4), (0., 0.08649755859375, 0.1729951171875, 0.25949267578125, 0.345990234375, 0.43248779296875, 0.5189853515625, 0.60548291015625, 0.69198046875, 0.77847802734375, 0.8649755859375, 0.95147314453125, 1.037970703125, 1.12446826171875, 1.2109658203125, 1.29746337890625, 1.3839609375, 1.47045849609375, 1.5569560546875, 1.61605407621575), .UNSPECIFIED.);
#2753 = CARTESIAN_POINT('', (1.4, 65.9, 35.23));
#2754 = CARTESIAN_POINT('', (1.32441960899575, 65.9, 35.23));
#2755 = CARTESIAN_POINT('', (1.24857223713644, 65.8968096017588, 35.23));
#2756 = CARTESIAN_POINT('', (1.1732588269872, 65.8904624956429, 35.23));
#2757 = CARTESIAN_POINT('', (1.09794541683796, 65.8841153895269, 35.23));
#2758 = CARTESIAN_POINT('', (1.02263389285986, 65.8745667343864, 35.23));
#2759 = CARTESIAN_POINT('', (0.94811953910448, 65.8619173633043, 35.23));
#2760 = CARTESIAN_POINT('', (0.873605185349097, 65.8492679922222, 35.23));
#2761 = CARTESIAN_POINT('', (0.799361571465585, 65.8334285396935, 35.23));
#2762 = CARTESIAN_POINT('', (0.726172704454883, 65.8145662691503, 35.23));
#2763 = CARTESIAN_POINT('', (0.65298383744418, 65.7957039986071, 35.23));
#2764 = CARTESIAN_POINT('', (0.580332651278125, 65.7736856515401, 35.23));
#2765 = CARTESIAN_POINT('', (0.50898633704026, 65.7487437400451, 35.23));
#2766 = CARTESIAN_POINT('', (0.437640022802395, 65.7238018285501, 35.23));
#2767 = CARTESIAN_POINT('', (0.36709453176462, 65.6957601425605, 35.23));
#2768 = CARTESIAN_POINT('', (0.298094819027672, 65.66491480018, 35.23));
#2769 = CARTESIAN_POINT('', (0.229095106290725, 65.6340694577994, 35.23));
#2770 = CARTESIAN_POINT('', (0.161153701439146, 65.6002025422965, 35.23));
#2771 = CARTESIAN_POINT('', (0.094988060618574, 65.5636716857618, 35.23));
#2772 = CARTESIAN_POINT('', (0.0288224197980024, 65.5271408292271, 35.23));
#2773 = CARTESIAN_POINT('', (-0.0360349052045771, 65.4876879478064, 35.23));
#2774 = CARTESIAN_POINT('', (-0.0988990258957221, 65.4457296609719, 35.23));
#2775 = CARTESIAN_POINT('', (-0.161763146586867, 65.4037713741374, 35.23));
#2776 = CARTESIAN_POINT('', (-0.223078186540652, 65.3590112542273, 35.23));
#2777 = CARTESIAN_POINT('', (-0.282196663528295, 65.3119219647549, 35.23));
#2778 = CARTESIAN_POINT('', (-0.341315140515937, 65.2648326752825, 35.23));
#2779 = CARTESIAN_POINT('', (-0.398654715820308, 65.2150815389859, 35.23));
#2780 = CARTESIAN_POINT('', (-0.453609887821592, 65.1631939241374, 35.23));
#2781 = CARTESIAN_POINT('', (-0.508565059822876, 65.1113063092889, 35.23));
#2782 = CARTESIAN_POINT('', (-0.561524076811711, 65.0569156393311, 35.23));
#2783 = CARTESIAN_POINT('', (-0.611927695535963, 65.0005962756641, 35.23));
#2784 = CARTESIAN_POINT('', (-0.662331314260216, 64.9442769119971, 35.23));
#2785 = CARTESIAN_POINT('', (-0.710535627114837, 64.8856309685644, 35.23));
#2786 = CARTESIAN_POINT('', (-0.756031600167095, 64.8252777421355, 35.23));
#2787 = CARTESIAN_POINT('', (-0.801527573219353, 64.7649245157065, 35.23));
#2788 = CARTESIAN_POINT('', (-0.844636627240527, 64.7024376217183, 35.23));
#2789 = CARTESIAN_POINT('', (-0.884903533849519, 64.6384769170904, 35.23));
#2790 = CARTESIAN_POINT('', (-0.925170440458512, 64.5745162124625, 35.23));
#2791 = CARTESIAN_POINT('', (-0.96287967802363, 64.5086298264549, 35.23));
#2792 = CARTESIAN_POINT('', (-0.997633039821035, 64.4415135143681, 35.23));
#2793 = CARTESIAN_POINT('', (-1.03238640161844, 64.3743972022813, 35.23));
#2794 = CARTESIAN_POINT('', (-1.06442941382562, 64.3055767995827, 35.23));
#2795 = CARTESIAN_POINT('', (-1.09342370463398, 64.2357790445695, 35.23));
#2796 = CARTESIAN_POINT('', (-1.12241799544234, 64.1659812895564, 35.23));
#2797 = CARTESIAN_POINT('', (-1.14856840424072, 64.0947130737897, 35.23));
#2798 = CARTESIAN_POINT('', (-1.17159878467121, 64.0227269842892, 35.23));
#2799 = CARTESIAN_POINT('', (-1.1946291651017, 63.9507408947886, 35.23));
#2800 = CARTESIAN_POINT('', (-1.21470222261145, 63.8775283629303, 35.23));
#2801 = CARTESIAN_POINT('', (-1.23160598721689, 63.8038625075663, 35.23));
#2802 = CARTESIAN_POINT('', (-1.24850975182232, 63.7301966522022, 35.23));
#2803 = CARTESIAN_POINT('', (-1.26236364554458, 63.6555570374683, 35.23));
#2804 = CARTESIAN_POINT('', (-1.27302137230379, 63.5807318521048, 35.23));
#2805 = CARTESIAN_POINT('', (-1.28367909906299, 63.5059066667413, 35.23));
#2806 = CARTESIAN_POINT('', (-1.29121595375943, 63.4303672844288, 35.23));
#2807 = CARTESIAN_POINT('', (-1.29555234777211, 63.3549113953855, 35.23));
#2808 = CARTESIAN_POINT('', (-1.29851511702113, 63.3033574113469, 35.23));
#2809 = CARTESIAN_POINT('', (-1.3, 63.2516390479373, 35.23));
#2810 = CARTESIAN_POINT('', (-1.3, 63.2, 35.23));
#2811 = ORIENTED_EDGE('', *, *, #2713, .F.);
#2812 = (
   BOUNDED_SURFACE ()
   B_SPLINE_SURFACE (2, 1, ((#2813, #2814), (#2815, #2816), (#2817, #2818)), .UNSPECIFIED., .F., .F., .U.)
   B_SPLINE_SURFACE_WITH_KNOTS ((3, 3), (2, 2), (4.24115008234623, 8.48230016469246), (1.67, 36.53), .UNSPECIFIED.)
   GEOMETRIC_REPRESENTATION_ITEM ()
   RATIONAL_B_SPLINE_SURFACE (((1., 1.), (0.707106781186548, 0.707106781186548), (1., 1.)))
   REPRESENTATION_ITEM ('')
   SURFACE ()
);
#2813 = CARTESIAN_POINT('', (1.40000000000001, 65.9, 0.369999999999999));
#2814 = CARTESIAN_POINT('', (1.40000000000001, 65.9, 35.23));
#2815 = CARTESIAN_POINT('', (-1.3, 65.9, 0.369999999999999));
#2816 = CARTESIAN_POINT('', (-1.3, 65.9, 35.23));
#2817 = CARTESIAN_POINT('', (-1.3, 63.2, 0.369999999999999));
#2818 = CARTESIAN_POINT('', (-1.3, 63.2, 35.23));
#2819 = ADVANCED_FACE('', (#2820), #2890, .T.);
#2820 = FACE_OUTER_BOUND('', #2821, .T.);
#2821 = EDGE_LOOP('', (#2822, #2831, #2841, #2849, #2856, #2863, #2870, #2877, #2878, #2885));
#2822 = ORIENTED_EDGE('', *, *, #2823, .T.);
#2823 = EDGE_CURVE('', #2824, #2826, #2828, .T.);
#2824 = VERTEX_POINT('', #2825);
#2825 = CARTESIAN_POINT('', (-1.3, 27.4, 13.25));
#2826 = VERTEX_POINT('', #2827);
#2827 = CARTESIAN_POINT('', (-1.3, 24.4483262426166, 13.25));
#2828 = B_SPLINE_CURVE_WITH_KNOTS('', 1, (#2829, #2830), .UNSPECIFIED., .F., .U., (2, 2), (0.0569523009855091, 0.164012652721736), .UNSPECIFIED.);
#2829 = CARTESIAN_POINT('', (-1.3, 27.4, 13.25));
#2830 = CARTESIAN_POINT('', (-1.3, 24.4483262426166, 13.25));
#2831 = ORIENTED_EDGE('', *, *, #2832, .T.);
#2832 = EDGE_CURVE('', #2826, #2833, #2835, .T.);
#2833 = VERTEX_POINT('', #2834);
#2834 = CARTESIAN_POINT('', (-1.3, 12.5, 25.));
#2835 = (
   BOUNDED_CURVE ()
   B_SPLINE_CURVE (2, (#2836, #2837, #2838, #2839, #2840), .UNSPECIFIED., .F., .U.)
   B_SPLINE_CURVE_WITH_KNOTS ((3, 2, 3), (0.639530599617447, 0.666666666666667, 1.), .UNSPECIFIED.)
   CURVE ()
   GEOMETRIC_REPRESENTATION_ITEM ()
   RATIONAL_B_SPLINE_CURVE ((0.962666603127605, 0.97967900599644, 1., 0.750381488387133, 1.))
   REPRESENTATION_ITEM ('')
);
#2836 = CARTESIAN_POINT('', (-1.3, 24.4483262426166, 13.25));
#2837 = CARTESIAN_POINT('', (-1.3, 24.4373407609638, 13.9062905935991));
#2838 = CARTESIAN_POINT('', (-1.3, 24.3545415468816, 14.5574298369267));
#2839 = CARTESIAN_POINT('', (-1.3, 23.0266587455296, 25.));
#2840 = CARTESIAN_POINT('', (-1.3, 12.5, 25.));
#2841 = ORIENTED_EDGE('', *, *, #2842, .T.);
#2842 = EDGE_CURVE('', #2833, #2843, #2845, .T.);
#2843 = VERTEX_POINT('', #2844);
#2844 = CARTESIAN_POINT('', (-1.3, 1.4, 17.4763416045308));
#2845 = (
   BOUNDED_CURVE ()
   B_SPLINE_CURVE (2, (#2846, #2847, #2848), .UNSPECIFIED., .F., .U.)
   B_SPLINE_CURVE_WITH_KNOTS ((3, 3), (0., 1.), .UNSPECIFIED.)
   CURVE ()
   GEOMETRIC_REPRESENTATION_ITEM ()
   RATIONAL_B_SPLINE_CURVE ((1., 0.827769640416601, 1.))
   REPRESENTATION_ITEM ('')
);
#2846 = CARTESIAN_POINT('', (-1.3, 12.5, 25.));
#2847 = CARTESIAN_POINT('', (-1.3, 4.40020560127411, 25.));
#2848 = CARTESIAN_POINT('', (-1.3, 1.4, 17.4763416045308));
#2849 = ORIENTED_EDGE('', *, *, #2850, .T.);
#2850 = EDGE_CURVE('', #2843, #2851, #2853, .T.);
#2851 = VERTEX_POINT('', #2852);
#2852 = CARTESIAN_POINT('', (-1.3, 1.4, 27.9));
#2853 = B_SPLINE_CURVE_WITH_KNOTS('', 1, (#2854, #2855), .UNSPECIFIED., .F., .U., (2, 2), (0.643025397415437, 1.), .UNSPECIFIED.);
#2854 = CARTESIAN_POINT('', (-1.3, 1.4, 17.4763416045308));
#2855 = CARTESIAN_POINT('', (-1.3, 1.4, 27.9));
#2856 = ORIENTED_EDGE('', *, *, #2857, .F.);
#2857 = EDGE_CURVE('', #2858, #2851, #2860, .T.);
#2858 = VERTEX_POINT('', #2859);
#2859 = CARTESIAN_POINT('', (-1.3, 22.8, 27.9));
#2860 = B_SPLINE_CURVE_WITH_KNOTS('', 1, (#2861, #2862), .UNSPECIFIED., .F., .U., (2, 2), (0.0775862068965519, 1.), .UNSPECIFIED.);
#2861 = CARTESIAN_POINT('', (-1.3, 22.8, 27.9));
#2862 = CARTESIAN_POINT('', (-1.3, 1.4, 27.9));
#2863 = ORIENTED_EDGE('', *, *, #2864, .T.);
#2864 = EDGE_CURVE('', #2858, #2865, #2867, .T.);
#2865 = VERTEX_POINT('', #2866);
#2866 = CARTESIAN_POINT('', (-1.3, 22.8, 35.23));
#2867 = B_SPLINE_CURVE_WITH_KNOTS('', 1, (#2868, #2869), .UNSPECIFIED., .F., .U., (2, 2), (0.764397905759163, 0.956282722513089), .UNSPECIFIED.);
#2868 = CARTESIAN_POINT('', (-1.3, 22.8, 27.9));
#2869 = CARTESIAN_POINT('', (-1.3, 22.8, 35.23));
#2870 = ORIENTED_EDGE('', *, *, #2871, .F.);
#2871 = EDGE_CURVE('', #2745, #2865, #2872, .T.);
#2872 = B_SPLINE_CURVE_WITH_KNOTS('', 3, (#2873, #2874, #2875, #2876), .UNSPECIFIED., .F., .U., (4, 4), (0., 40.4), .UNSPECIFIED.);
#2873 = CARTESIAN_POINT('', (-1.3, 63.2, 35.23));
#2874 = CARTESIAN_POINT('', (-1.3, 49.7333333333333, 35.23));
#2875 = CARTESIAN_POINT('', (-1.3, 36.2666666666667, 35.23));
#2876 = CARTESIAN_POINT('', (-1.3, 22.8, 35.23));
#2877 = ORIENTED_EDGE('', *, *, #2744, .F.);
#2878 = ORIENTED_EDGE('', *, *, #2879, .T.);
#2879 = EDGE_CURVE('', #2737, #2880, #2882, .T.);
#2880 = VERTEX_POINT('', #2881);
#2881 = CARTESIAN_POINT('', (-1.3, 27.4, 24.));
#2882 = B_SPLINE_CURVE_WITH_KNOTS('', 1, (#2883, #2884), .UNSPECIFIED., .F., .U., (2, 2), (0., 0.579288025889968), .UNSPECIFIED.);
#2883 = CARTESIAN_POINT('', (-1.3, 63.2, 24.));
#2884 = CARTESIAN_POINT('', (-1.3, 27.4, 24.));
#2885 = ORIENTED_EDGE('', *, *, #2886, .T.);
#2886 = EDGE_CURVE('', #2880, #2824, #2887, .T.);
#2887 = B_SPLINE_CURVE_WITH_KNOTS('', 1, (#2888, #2889), .UNSPECIFIED., .F., .U., (2, 2), (0., 1.), .UNSPECIFIED.);
#2888 = CARTESIAN_POINT('', (-1.3, 27.4, 24.));
#2889 = CARTESIAN_POINT('', (-1.3, 27.4, 13.25));
#2890 = B_SPLINE_SURFACE_WITH_KNOTS('', 1, 1, ((#2891, #2892), (#2893, #2894)), .UNSPECIFIED., .F., .F., .U., (2, 2), (2, 2), (-1.66379310344828, 1.), (0.0571917808219178, 1.25102739726027), .UNSPECIFIED.);
#2891 = CARTESIAN_POINT('', (-1.3, 63.2, 0.37));
#2892 = CARTESIAN_POINT('', (-1.3, 63.2, 35.23));
#2893 = CARTESIAN_POINT('', (-1.3, 1.4, 0.37));
#2894 = CARTESIAN_POINT('', (-1.3, 1.4, 35.23));
#2895 = ADVANCED_FACE('', (#2896), #2946, .F.);
#2896 = FACE_OUTER_BOUND('', #2897, .F.);
#2897 = EDGE_LOOP('', (#2898, #2907, #2915, #2920, #2921));
#2898 = ORIENTED_EDGE('', *, *, #2899, .T.);
#2899 = EDGE_CURVE('', #2900, #2902, #2904, .T.);
#2900 = VERTEX_POINT('', #2901);
#2901 = CARTESIAN_POINT('', (-1.16326800266534, 0.551673768766589, 13.2499999999999));
#2902 = VERTEX_POINT('', #2903);
#2903 = CARTESIAN_POINT('', (-0.9, 0.551673757383423, 13.25));
#2904 = B_SPLINE_CURVE_WITH_KNOTS('', 1, (#2905, #2906), .UNSPECIFIED., .F., .U., (2, 2), (0.473463994671421, 1.), .UNSPECIFIED.);
#2905 = CARTESIAN_POINT('', (-1.16326800266429, 0.551673757383423, 13.25));
#2906 = CARTESIAN_POINT('', (-0.9, 0.551673757383423, 13.25));
#2907 = ORIENTED_EDGE('', *, *, #2908, .F.);
#2908 = EDGE_CURVE('', #2909, #2902, #2911, .T.);
#2909 = VERTEX_POINT('', #2910);
#2910 = CARTESIAN_POINT('', (-0.9, 12.5, 25.));
#2911 = (
   BOUNDED_CURVE ()
   B_SPLINE_CURVE (2, (#2912, #2913, #2914), .UNSPECIFIED., .F., .U.)
   B_SPLINE_CURVE_WITH_KNOTS ((3, 3), (0., 18.5496238485896), .UNSPECIFIED.)
   CURVE ()
   GEOMETRIC_REPRESENTATION_ITEM ()
   RATIONAL_B_SPLINE_CURVE ((1., 0.710561271358806, 0.993172506706626))
   REPRESENTATION_ITEM ('')
);
#2912 = CARTESIAN_POINT('', (-0.9, 12.5, 25.));
#2913 = CARTESIAN_POINT('', (-0.9, 0.748354024751602, 25.));
#2914 = CARTESIAN_POINT('', (-0.9, 0.551673757383422, 13.25));
#2915 = ORIENTED_EDGE('', *, *, #2916, .F.);
#2916 = EDGE_CURVE('', #2833, #2909, #2917, .T.);
#2917 = B_SPLINE_CURVE_WITH_KNOTS('', 1, (#2918, #2919), .UNSPECIFIED., .F., .U., (2, 2), (0.1, 0.5), .UNSPECIFIED.);
#2918 = CARTESIAN_POINT('', (-1.3, 12.5, 25.));
#2919 = CARTESIAN_POINT('', (-0.9, 12.5, 25.));
#2920 = ORIENTED_EDGE('', *, *, #2842, .T.);
#2921 = ORIENTED_EDGE('', *, *, #2922, .T.);
#2922 = EDGE_CURVE('', #2843, #2900, #2923, .T.);
#2923 = B_SPLINE_CURVE_WITH_KNOTS('', 3, (#2924, #2925, #2926, #2927, #2928, #2929, #2930, #2931, #2932, #2933, #2934, #2935, #2936, #2937, #2938, #2939, #2940, #2941, #2942, #2943, #2944, #2945), .UNSPECIFIED., .F., .U., (4, 3, 3, 3, 3, 3, 3, 4), (0., 0.655825698890367, 1.3110233753626, 1.96574491483097, 2.62008437752297, 3.2740982823102, 3.92781749357868, 4.33633519286822), .UNSPECIFIED.);
#2924 = CARTESIAN_POINT('', (-1.3, 1.4, 17.4763416045308));
#2925 = CARTESIAN_POINT('', (-1.3, 1.31902626007479, 17.2732826015271));
#2926 = CARTESIAN_POINT('', (-1.29637323363036, 1.24359631335776, 17.0679138187375));
#2927 = CARTESIAN_POINT('', (-1.29051714244676, 1.17390819077173, 16.8607931364655));
#2928 = CARTESIAN_POINT('', (-1.28466665908938, 1.10428680192811, 16.6538707941364));
#2929 = CARTESIAN_POINT('', (-1.27658442857348, 1.04033270656435, 16.4450170507031));
#2930 = CARTESIAN_POINT('', (-1.26747559267358, 0.982179509249831, 16.2346995372963));
#2931 = CARTESIAN_POINT('', (-1.2583733762322, 0.924068572294478, 16.0245348631842));
#2932 = CARTESIAN_POINT('', (-1.24823887967855, 0.871703446688275, 15.8127423817501));
#2933 = CARTESIAN_POINT('', (-1.23810369823789, 0.825187963466703, 15.5997576182095));
#2934 = CARTESIAN_POINT('', (-1.22797443139942, 0.778699625351576, 15.386897146489));
#2935 = CARTESIAN_POINT('', (-1.21783830669285, 0.738018909021778, 15.1726841100396));
#2936 = CARTESIAN_POINT('', (-1.20854677780858, 0.703233390593157, 14.9575632527359));
#2937 = CARTESIAN_POINT('', (-1.19925987180104, 0.668465179236998, 14.7425494259562));
#2938 = CARTESIAN_POINT('', (-1.19081213024091, 0.639560219445974, 14.5264639268675));
#2939 = CARTESIAN_POINT('', (-1.1838475512105, 0.61658961450369, 14.3097847474384));
#2940 = CARTESIAN_POINT('', (-1.17688611036461, 0.593629359935227, 14.0932032019424));
#2941 = CARTESIAN_POINT('', (-1.17140360737778, 0.576580624696323, 13.8758575006847));
#2942 = CARTESIAN_POINT('', (-1.16779944399752, 0.565490554034268, 13.6582633345474));
#2943 = CARTESIAN_POINT('', (-1.16554715508419, 0.558560223590055, 13.5222858894961));
#2944 = CARTESIAN_POINT('', (-1.16402274188525, 0.553952926060423, 13.3861543782717));
#2945 = CARTESIAN_POINT('', (-1.16326800266534, 0.551673768766589, 13.2499999999999));
#2946 = (
   BOUNDED_SURFACE ()
   B_SPLINE_SURFACE (2, 1, ((#2947, #2948), (#2949, #2950), (#2951, #2952), (#2953, #2954), (#2955, #2956), (#2957, #2958), (#2959, #2960), (#2961, #2962), (#2963, #2964)), .UNSPECIFIED., .T., .F., .U.)
   B_SPLINE_SURFACE_WITH_KNOTS ((3, 2, 2, 2, 3), (2, 2), (0., 18.771016105199, 37.542032210398, 56.3130483155971, 75.084064420796), (0., 0.5), .UNSPECIFIED.)
   GEOMETRIC_REPRESENTATION_ITEM ()
   RATIONAL_B_SPLINE_SURFACE (((1., 1.), (0.707106781186548, 0.707106781186548), (1., 1.), (0.707106781186548, 0.707106781186548), (1., 1.), (0.707106781186548, 0.707106781186548), (1., 1.), (0.707106781186548, 0.707106781186548), (1., 1.)))
   REPRESENTATION_ITEM ('')
   SURFACE ()
);
#2947 = CARTESIAN_POINT('', (-1.4, 12.5, 25.));
#2948 = CARTESIAN_POINT('', (-0.9, 12.5, 25.));
#2949 = CARTESIAN_POINT('', (-1.4, 0.550000000000001, 25.));
#2950 = CARTESIAN_POINT('', (-0.9, 0.550000000000001, 25.));
#2951 = CARTESIAN_POINT('', (-1.4, 0.550000000000001, 13.05));
#2952 = CARTESIAN_POINT('', (-0.9, 0.550000000000001, 13.05));
#2953 = CARTESIAN_POINT('', (-1.4, 0.549999999999999, 1.1));
#2954 = CARTESIAN_POINT('', (-0.9, 0.549999999999999, 1.1));
#2955 = CARTESIAN_POINT('', (-1.4, 12.5, 1.1));
#2956 = CARTESIAN_POINT('', (-0.9, 12.5, 1.1));
#2957 = CARTESIAN_POINT('', (-1.4, 24.45, 1.1));
#2958 = CARTESIAN_POINT('', (-0.9, 24.45, 1.1));
#2959 = CARTESIAN_POINT('', (-1.4, 24.45, 13.05));
#2960 = CARTESIAN_POINT('', (-0.9, 24.45, 13.05));
#2961 = CARTESIAN_POINT('', (-1.4, 24.45, 25.));
#2962 = CARTESIAN_POINT('', (-0.9, 24.45, 25.));
#2963 = CARTESIAN_POINT('', (-1.4, 12.5, 25.));
#2964 = CARTESIAN_POINT('', (-0.9, 12.5, 25.));
#2965 = ADVANCED_FACE('', (#2966), #2991, .T.);
#2966 = FACE_OUTER_BOUND('', #2967, .T.);
#2967 = EDGE_LOOP('', (#2968, #2976, #2983, #2989, #2990));
#2968 = ORIENTED_EDGE('', *, *, #2969, .T.);
#2969 = EDGE_CURVE('', #2900, #2970, #2972, .T.);
#2970 = VERTEX_POINT('', #2971);
#2971 = CARTESIAN_POINT('', (1.4, -1.3, 13.25));
#2972 = (
   BOUNDED_CURVE ()
   B_SPLINE_CURVE (2, (#2973, #2974, #2975), .UNSPECIFIED., .F., .U.)
   B_SPLINE_CURVE_WITH_KNOTS ((3, 3), (0.213675495334502, 1.), .UNSPECIFIED.)
   CURVE ()
   GEOMETRIC_REPRESENTATION_ITEM ()
   RATIONAL_B_SPLINE_CURVE ((0.901577171457738, 0.769690884796629, 1.))
   REPRESENTATION_ITEM ('')
);
#2973 = CARTESIAN_POINT('', (-1.16326795904994, 0.551673783201316, 13.25));
#2974 = CARTESIAN_POINT('', (-0.550447356466236, -1.3, 13.25));
#2975 = CARTESIAN_POINT('', (1.4, -1.3, 13.25));
#2976 = ORIENTED_EDGE('', *, *, #2977, .T.);
#2977 = EDGE_CURVE('', #2970, #2978, #2980, .T.);
#2978 = VERTEX_POINT('', #2979);
#2979 = CARTESIAN_POINT('', (1.4, -1.3, 27.9));
#2980 = B_SPLINE_CURVE_WITH_KNOTS('', 1, (#2981, #2982), .UNSPECIFIED., .F., .U., (2, 2), (0.498287671232877, 1.), .UNSPECIFIED.);
#2981 = CARTESIAN_POINT('', (1.4, -1.3, 13.25));
#2982 = CARTESIAN_POINT('', (1.4, -1.3, 27.9));
#2983 = ORIENTED_EDGE('', *, *, #2984, .F.);
#2984 = EDGE_CURVE('', #2851, #2978, #2985, .T.);
#2985 = (
   BOUNDED_CURVE ()
   B_SPLINE_CURVE (2, (#2986, #2987, #2988), .UNSPECIFIED., .F., .U.)
   B_SPLINE_CURVE_WITH_KNOTS ((3, 3), (0.5, 0.75), .UNSPECIFIED.)
   CURVE ()
   GEOMETRIC_REPRESENTATION_ITEM ()
   RATIONAL_B_SPLINE_CURVE ((1., 0.707106781186548, 1.))
   REPRESENTATION_ITEM ('')
);
#2986 = CARTESIAN_POINT('', (-1.3, 1.4, 27.9));
#2987 = CARTESIAN_POINT('', (-1.3, -1.3, 27.9));
#2988 = CARTESIAN_POINT('', (1.4, -1.3, 27.9));
#2989 = ORIENTED_EDGE('', *, *, #2850, .F.);
#2990 = ORIENTED_EDGE('', *, *, #2922, .T.);
#2991 = (
   BOUNDED_SURFACE ()
   B_SPLINE_SURFACE (2, 1, ((#2992, #2993), (#2994, #2995), (#2996, #2997)), .UNSPECIFIED., .F., .F., .U.)
   B_SPLINE_SURFACE_WITH_KNOTS ((3, 3), (2, 2), (8.48230016469244, 12.7234502470387), (1.67, 29.2), .UNSPECIFIED.)
   GEOMETRIC_REPRESENTATION_ITEM ()
   RATIONAL_B_SPLINE_SURFACE (((1., 1.), (0.707106781186548, 0.707106781186548), (1., 1.)))
   REPRESENTATION_ITEM ('')
   SURFACE ()
);
#2992 = CARTESIAN_POINT('', (-1.3, 1.4, 0.37));
#2993 = CARTESIAN_POINT('', (-1.3, 1.4, 27.9));
#2994 = CARTESIAN_POINT('', (-1.3, -1.3, 0.37));
#2995 = CARTESIAN_POINT('', (-1.3, -1.3, 27.9));
#2996 = CARTESIAN_POINT('', (1.4, -1.3, 0.37));
#2997 = CARTESIAN_POINT('', (1.4, -1.3, 27.9));
#2998 = ADVANCED_FACE('', (#2999, #3065), #3081, .T.);
#2999 = FACE_OUTER_BOUND('', #3000, .T.);
#3000 = EDGE_LOOP('', (#3001, #3015, #3022, #3028, #3029, #3030, #3037, #3045, #3052, #3060));
#3001 = ORIENTED_EDGE('', *, *, #3002, .F.);
#3002 = EDGE_CURVE('', #3003, #3005, #3007, .T.);
#3003 = VERTEX_POINT('', #3004);
#3004 = CARTESIAN_POINT('', (26.764584126682, 20.1, 27.9));
#3005 = VERTEX_POINT('', #3006);
#3006 = CARTESIAN_POINT('', (32.235415873318, 20.1, 27.9));
#3007 = (
   BOUNDED_CURVE ()
   B_SPLINE_CURVE (2, (#3008, #3009, #3010, #3011, #3012, #3013, #3014), .UNSPECIFIED., .F., .U.)
   B_SPLINE_CURVE_WITH_KNOTS ((3, 2, 2, 3), (0.259719673479239, 0.333333333333333, 0.666666666666667, 0.924237073815662), .UNSPECIFIED.)
   CURVE ()
   GEOMETRIC_REPRESENTATION_ITEM ()
   RATIONAL_B_SPLINE_CURVE ((0.930816562218242, 0.955603775373805, 1., 0.798967452896694, 1., 0.844659894977206, 0.929385874538145))
   REPRESENTATION_ITEM ('')
);
#3008 = CARTESIAN_POINT('', (26.764584126682, 20.1, 27.9));
#3009 = CARTESIAN_POINT('', (26.8757666780008, 19.7198368553582, 27.9));
#3010 = CARTESIAN_POINT('', (27.0864021061484, 19.3843993907381, 27.9));
#3011 = CARTESIAN_POINT('', (28.2271784949858, 17.5677100382611, 27.9));
#3012 = CARTESIAN_POINT('', (30.2885892474929, 18.1612727410824, 27.9));
#3013 = CARTESIAN_POINT('', (31.7952968173113, 18.5951141850619, 27.9));
#3014 = CARTESIAN_POINT('', (32.235415873318, 20.1, 27.9));
#3015 = ORIENTED_EDGE('', *, *, #3016, .F.);
#3016 = EDGE_CURVE('', #3017, #3003, #3019, .T.);
#3017 = VERTEX_POINT('', #3018);
#3018 = CARTESIAN_POINT('', (1.4, 20.1, 27.9));
#3019 = B_SPLINE_CURVE_WITH_KNOTS('', 1, (#3020, #3021), .UNSPECIFIED., .F., .U., (2, 2), (0., 0.461174256848764), .UNSPECIFIED.);
#3020 = CARTESIAN_POINT('', (1.4, 20.1, 27.9));
#3021 = CARTESIAN_POINT('', (26.764584126682, 20.1, 27.9));
#3022 = ORIENTED_EDGE('', *, *, #3023, .F.);
#3023 = EDGE_CURVE('', #2858, #3017, #3024, .T.);
#3024 = (
   BOUNDED_CURVE ()
   B_SPLINE_CURVE (2, (#3025, #3026, #3027), .UNSPECIFIED., .F., .U.)
   B_SPLINE_CURVE_WITH_KNOTS ((3, 3), (0., 0.5), .UNSPECIFIED.)
   CURVE ()
   GEOMETRIC_REPRESENTATION_ITEM ()
   RATIONAL_B_SPLINE_CURVE ((1., 0.707106781186548, 1.))
   REPRESENTATION_ITEM ('')
);
#3025 = CARTESIAN_POINT('', (-1.3, 22.8, 27.9));
#3026 = CARTESIAN_POINT('', (-1.3, 20.1, 27.9));
#3027 = CARTESIAN_POINT('', (1.4, 20.1, 27.9));
#3028 = ORIENTED_EDGE('', *, *, #2857, .T.);
#3029 = ORIENTED_EDGE('', *, *, #2984, .T.);
#3030 = ORIENTED_EDGE('', *, *, #3031, .T.);
#3031 = EDGE_CURVE('', #2978, #3032, #3034, .T.);
#3032 = VERTEX_POINT('', #3033);
#3033 = CARTESIAN_POINT('', (48.8, -1.3, 27.9));
#3034 = B_SPLINE_CURVE_WITH_KNOTS('', 1, (#3035, #3036), .UNSPECIFIED., .F., .U., (2, 2), (0., 0.929411764705882), .UNSPECIFIED.);
#3035 = CARTESIAN_POINT('', (1.4, -1.3, 27.9));
#3036 = CARTESIAN_POINT('', (48.8, -1.3, 27.9));
#3037 = ORIENTED_EDGE('', *, *, #3038, .F.);
#3038 = EDGE_CURVE('', #3039, #3032, #3041, .T.);
#3039 = VERTEX_POINT('', #3040);
#3040 = CARTESIAN_POINT('', (46.1, 1.4, 27.9));
#3041 = (
   BOUNDED_CURVE ()
   B_SPLINE_CURVE (2, (#3042, #3043, #3044), .UNSPECIFIED., .F., .U.)
   B_SPLINE_CURVE_WITH_KNOTS ((3, 3), (0.5, 1.), .UNSPECIFIED.)
   CURVE ()
   GEOMETRIC_REPRESENTATION_ITEM ()
   RATIONAL_B_SPLINE_CURVE ((1., 0.707106781186548, 1.))
   REPRESENTATION_ITEM ('')
);
#3042 = CARTESIAN_POINT('', (46.1, 1.4, 27.9));
#3043 = CARTESIAN_POINT('', (46.1, -1.3, 27.9));
#3044 = CARTESIAN_POINT('', (48.8, -1.3, 27.9));
#3045 = ORIENTED_EDGE('', *, *, #3046, .F.);
#3046 = EDGE_CURVE('', #3047, #3039, #3049, .T.);
#3047 = VERTEX_POINT('', #3048);
#3048 = CARTESIAN_POINT('', (46.1, 16.1, 27.9));
#3049 = B_SPLINE_CURVE_WITH_KNOTS('', 1, (#3050, #3051), .UNSPECIFIED., .F., .U., (2, 2), (0.313084112149533, 1.), .UNSPECIFIED.);
#3050 = CARTESIAN_POINT('', (46.1, 16.1, 27.9));
#3051 = CARTESIAN_POINT('', (46.1, 1.4, 27.9));
#3052 = ORIENTED_EDGE('', *, *, #3053, .T.);
#3053 = EDGE_CURVE('', #3047, #3054, #3056, .T.);
#3054 = VERTEX_POINT('', #3055);
#3055 = CARTESIAN_POINT('', (42.1, 20.1, 27.9));
#3056 = (
   BOUNDED_CURVE ()
   B_SPLINE_CURVE (2, (#3057, #3058, #3059), .UNSPECIFIED., .F., .U.)
   B_SPLINE_CURVE_WITH_KNOTS ((3, 3), (0., 0.25), .UNSPECIFIED.)
   CURVE ()
   GEOMETRIC_REPRESENTATION_ITEM ()
   RATIONAL_B_SPLINE_CURVE ((1., 0.707106781186548, 1.))
   REPRESENTATION_ITEM ('')
);
#3057 = CARTESIAN_POINT('', (46.1, 16.1, 27.9));
#3058 = CARTESIAN_POINT('', (46.1, 20.1, 27.9));
#3059 = CARTESIAN_POINT('', (42.1, 20.1, 27.9));
#3060 = ORIENTED_EDGE('', *, *, #3061, .F.);
#3061 = EDGE_CURVE('', #3005, #3054, #3062, .T.);
#3062 = B_SPLINE_CURVE_WITH_KNOTS('', 1, (#3063, #3064), .UNSPECIFIED., .F., .U., (2, 2), (0.560643924969418, 0.74), .UNSPECIFIED.);
#3063 = CARTESIAN_POINT('', (32.235415873318, 20.1, 27.9));
#3064 = CARTESIAN_POINT('', (42.1, 20.1, 27.9));
#3065 = FACE_BOUND('', #3066, .T.);
#3066 = EDGE_LOOP('', (#3067));
#3067 = ORIENTED_EDGE('', *, *, #3068, .F.);
#3068 = EDGE_CURVE('', #3069, #3069, #3071, .T.);
#3069 = VERTEX_POINT('', #3070);
#3070 = CARTESIAN_POINT('', (30.65, 3.1, 27.9));
#3071 = (
   BOUNDED_CURVE ()
   B_SPLINE_CURVE (2, (#3072, #3073, #3074, #3075, #3076, #3077, #3078, #3079, #3080), .UNSPECIFIED., .T., .U.)
   B_SPLINE_CURVE_WITH_KNOTS ((3, 2, 2, 2, 3), (0., 0.25, 0.5, 0.75, 1.), .UNSPECIFIED.)
   CURVE ()
   GEOMETRIC_REPRESENTATION_ITEM ()
   RATIONAL_B_SPLINE_CURVE ((1., 0.707106781186548, 1., 0.707106781186548, 1., 0.707106781186548, 1., 0.707106781186548, 1.))
   REPRESENTATION_ITEM ('')
);
#3072 = CARTESIAN_POINT('', (30.65, 3.1, 27.9));
#3073 = CARTESIAN_POINT('', (30.65, 4.25, 27.9));
#3074 = CARTESIAN_POINT('', (29.5, 4.25, 27.9));
#3075 = CARTESIAN_POINT('', (28.35, 4.25, 27.9));
#3076 = CARTESIAN_POINT('', (28.35, 3.1, 27.9));
#3077 = CARTESIAN_POINT('', (28.35, 1.95, 27.9));
#3078 = CARTESIAN_POINT('', (29.5, 1.95, 27.9));
#3079 = CARTESIAN_POINT('', (30.65, 1.95, 27.9));
#3080 = CARTESIAN_POINT('', (30.65, 3.1, 27.9));
#3081 = B_SPLINE_SURFACE_WITH_KNOTS('', 1, 1, ((#3082, #3083), (#3084, #3085)), .UNSPECIFIED., .F., .F., .U., (2, 2), (2, 2), (0.277670883384144, 0.652365408589887), (0.159509954273619, 0.938439236962737), .UNSPECIFIED.);
#3082 = CARTESIAN_POINT('', (48.8, -1.3, 27.9));
#3083 = CARTESIAN_POINT('', (-1.3, -1.3, 27.9));
#3084 = CARTESIAN_POINT('', (48.8, 22.8, 27.9));
#3085 = CARTESIAN_POINT('', (-1.3, 22.8, 27.9));
#3086 = ADVANCED_FACE('', (#3087), #3110, .F.);
#3087 = FACE_OUTER_BOUND('', #3088, .F.);
#3088 = EDGE_LOOP('', (#3089, #3103, #3108, #3109));
#3089 = ORIENTED_EDGE('', *, *, #3090, .T.);
#3090 = EDGE_CURVE('', #3091, #3091, #3093, .T.);
#3091 = VERTEX_POINT('', #3092);
#3092 = CARTESIAN_POINT('', (30.65, 3.1, 24.));
#3093 = (
   BOUNDED_CURVE ()
   B_SPLINE_CURVE (2, (#3094, #3095, #3096, #3097, #3098, #3099, #3100, #3101, #3102), .UNSPECIFIED., .T., .U.)
   B_SPLINE_CURVE_WITH_KNOTS ((3, 2, 2, 2, 3), (0., 0.25, 0.5, 0.75, 1.), .UNSPECIFIED.)
   CURVE ()
   GEOMETRIC_REPRESENTATION_ITEM ()
   RATIONAL_B_SPLINE_CURVE ((1., 0.707106781186548, 1., 0.707106781186548, 1., 0.707106781186548, 1., 0.707106781186548, 1.))
   REPRESENTATION_ITEM ('')
);
#3094 = CARTESIAN_POINT('', (30.65, 3.1, 24.));
#3095 = CARTESIAN_POINT('', (30.65, 4.25, 24.));
#3096 = CARTESIAN_POINT('', (29.5, 4.25, 24.));
#3097 = CARTESIAN_POINT('', (28.35, 4.25, 24.));
#3098 = CARTESIAN_POINT('', (28.35, 3.1, 24.));
#3099 = CARTESIAN_POINT('', (28.35, 1.95, 24.));
#3100 = CARTESIAN_POINT('', (29.5, 1.95, 24.));
#3101 = CARTESIAN_POINT('', (30.65, 1.95, 24.));
#3102 = CARTESIAN_POINT('', (30.65, 3.1, 24.));
#3103 = ORIENTED_EDGE('', *, *, #3104, .T.);
#3104 = EDGE_CURVE('', #3091, #3069, #3105, .T.);
#3105 = B_SPLINE_CURVE_WITH_KNOTS('', 1, (#3106, #3107), .UNSPECIFIED., .F., .U., (2, 2), (0.100000000000001, 4.), .UNSPECIFIED.);
#3106 = CARTESIAN_POINT('', (30.65, 3.1, 24.));
#3107 = CARTESIAN_POINT('', (30.65, 3.1, 27.9));
#3108 = ORIENTED_EDGE('', *, *, #3068, .F.);
#3109 = ORIENTED_EDGE('', *, *, #3104, .F.);
#3110 = (
   BOUNDED_SURFACE ()
   B_SPLINE_SURFACE (2, 1, ((#3111, #3112), (#3113, #3114), (#3115, #3116), (#3117, #3118), (#3119, #3120), (#3121, #3122), (#3123, #3124), (#3125, #3126), (#3127, #3128)), .UNSPECIFIED., .T., .F., .U.)
   B_SPLINE_SURFACE_WITH_KNOTS ((3, 2, 2, 2, 3), (2, 2), (0., 1.80641577581413, 3.61283155162826, 5.41924732744239, 7.22566310325652), (0., 14.), .UNSPECIFIED.)
   GEOMETRIC_REPRESENTATION_ITEM ()
   RATIONAL_B_SPLINE_SURFACE (((1., 1.), (0.707106781186548, 0.707106781186548), (1., 1.), (0.707106781186548, 0.707106781186548), (1., 1.), (0.707106781186548, 0.707106781186548), (1., 1.), (0.707106781186548, 0.707106781186548), (1., 1.)))
   REPRESENTATION_ITEM ('')
   SURFACE ()
);
#3111 = CARTESIAN_POINT('', (30.65, 3.1, 23.9));
#3112 = CARTESIAN_POINT('', (30.65, 3.1, 37.9));
#3113 = CARTESIAN_POINT('', (30.65, 4.25, 23.9));
#3114 = CARTESIAN_POINT('', (30.65, 4.25, 37.9));
#3115 = CARTESIAN_POINT('', (29.5, 4.25, 23.9));
#3116 = CARTESIAN_POINT('', (29.5, 4.25, 37.9));
#3117 = CARTESIAN_POINT('', (28.35, 4.25, 23.9));
#3118 = CARTESIAN_POINT('', (28.35, 4.25, 37.9));
#3119 = CARTESIAN_POINT('', (28.35, 3.1, 23.9));
#3120 = CARTESIAN_POINT('', (28.35, 3.1, 37.9));
#3121 = CARTESIAN_POINT('', (28.35, 1.95, 23.9));
#3122 = CARTESIAN_POINT('', (28.35, 1.95, 37.9));
#3123 = CARTESIAN_POINT('', (29.5, 1.95, 23.9));
#3124 = CARTESIAN_POINT('', (29.5, 1.95, 37.9));
#3125 = CARTESIAN_POINT('', (30.65, 1.95, 23.9));
#3126 = CARTESIAN_POINT('', (30.65, 1.95, 37.9));
#3127 = CARTESIAN_POINT('', (30.65, 3.1, 23.9));
#3128 = CARTESIAN_POINT('', (30.65, 3.1, 37.9));
#3129 = ADVANCED_FACE('', (#3130, #3180), #3183, .T.);
#3130 = FACE_OUTER_BOUND('', #3131, .T.);
#3131 = EDGE_LOOP('', (#3132, #3133, #3138, #3139, #3146, #3153, #3160, #3167, #3174, #3179));
#3132 = ORIENTED_EDGE('', *, *, #1462, .F.);
#3133 = ORIENTED_EDGE('', *, *, #3134, .T.);
#3134 = EDGE_CURVE('', #1456, #1233, #3135, .T.);
#3135 = B_SPLINE_CURVE_WITH_KNOTS('', 1, (#3136, #3137), .UNSPECIFIED., .F., .U., (2, 2), (0.346782839107098, 1.), .UNSPECIFIED.);
#3136 = CARTESIAN_POINT('', (31.9233241632105, 1.6, 24.));
#3137 = CARTESIAN_POINT('', (88.1000000000001, 1.6, 24.));
#3138 = ORIENTED_EDGE('', *, *, #1232, .T.);
#3139 = ORIENTED_EDGE('', *, *, #3140, .T.);
#3140 = EDGE_CURVE('', #1235, #3141, #3143, .T.);
#3141 = VERTEX_POINT('', #3142);
#3142 = CARTESIAN_POINT('', (88.6, 5.23974596215562, 24.));
#3143 = B_SPLINE_CURVE_WITH_KNOTS('', 1, (#3144, #3145), .UNSPECIFIED., .F., .U., (2, 2), (0., 0.0889446448202708), .UNSPECIFIED.);
#3144 = CARTESIAN_POINT('', (88.6, 2.10000000000005, 24.));
#3145 = CARTESIAN_POINT('', (88.6, 5.23974596215561, 24.));
#3146 = ORIENTED_EDGE('', *, *, #3147, .T.);
#3147 = EDGE_CURVE('', #3141, #3148, #3150, .T.);
#3148 = VERTEX_POINT('', #3149);
#3149 = CARTESIAN_POINT('', (92.5, 5.23974596215561, 24.));
#3150 = B_SPLINE_CURVE_WITH_KNOTS('', 1, (#3151, #3152), .UNSPECIFIED., .F., .U., (2, 2), (0.19375, 0.68125), .UNSPECIFIED.);
#3151 = CARTESIAN_POINT('', (88.6, 5.23974596215561, 24.));
#3152 = CARTESIAN_POINT('', (92.5, 5.23974596215561, 24.));
#3153 = ORIENTED_EDGE('', *, *, #3154, .F.);
#3154 = EDGE_CURVE('', #3155, #3148, #3157, .T.);
#3155 = VERTEX_POINT('', #3156);
#3156 = CARTESIAN_POINT('', (92.5, -1.3, 24.));
#3157 = B_SPLINE_CURVE_WITH_KNOTS('', 1, (#3158, #3159), .UNSPECIFIED., .F., .U., (2, 2), (0.114, 0.244794919243112), .UNSPECIFIED.);
#3158 = CARTESIAN_POINT('', (92.5, -1.3, 24.));
#3159 = CARTESIAN_POINT('', (92.5, 5.23974596215561, 24.));
#3160 = ORIENTED_EDGE('', *, *, #3161, .F.);
#3161 = EDGE_CURVE('', #3162, #3155, #3164, .T.);
#3162 = VERTEX_POINT('', #3163);
#3163 = CARTESIAN_POINT('', (2.3, -1.3, 24.));
#3164 = B_SPLINE_CURVE_WITH_KNOTS('', 1, (#3165, #3166), .UNSPECIFIED., .F., .U., (2, 2), (0.00987925356750879, 1.), .UNSPECIFIED.);
#3165 = CARTESIAN_POINT('', (2.3, -1.3, 24.));
#3166 = CARTESIAN_POINT('', (92.5, -1.3, 24.));
#3167 = ORIENTED_EDGE('', *, *, #3168, .F.);
#3168 = EDGE_CURVE('', #3169, #3162, #3171, .T.);
#3169 = VERTEX_POINT('', #3170);
#3170 = CARTESIAN_POINT('', (2.3, 1.6, 24.));
#3171 = B_SPLINE_CURVE_WITH_KNOTS('', 1, (#3172, #3173), .UNSPECIFIED., .F., .U., (2, 2), (0.895833333333333, 0.996527777777778), .UNSPECIFIED.);
#3172 = CARTESIAN_POINT('', (2.3, 1.6, 24.));
#3173 = CARTESIAN_POINT('', (2.3, -1.3, 24.));
#3174 = ORIENTED_EDGE('', *, *, #3175, .T.);
#3175 = EDGE_CURVE('', #3169, #1507, #3176, .T.);
#3176 = B_SPLINE_CURVE_WITH_KNOTS('', 1, (#3177, #3178), .UNSPECIFIED., .F., .U., (2, 2), (0.00232558139534824, 0.290426463218481), .UNSPECIFIED.);
#3177 = CARTESIAN_POINT('', (2.3, 1.6, 24.));
#3178 = CARTESIAN_POINT('', (27.0766758367895, 1.6, 24.));
#3179 = ORIENTED_EDGE('', *, *, #1538, .F.);
#3180 = FACE_BOUND('', #3181, .T.);
#3181 = EDGE_LOOP('', (#3182));
#3182 = ORIENTED_EDGE('', *, *, #3090, .T.);
#3183 = B_SPLINE_SURFACE_WITH_KNOTS('', 1, 1, ((#3184, #3185), (#3186, #3187)), .UNSPECIFIED., .F., .F., .U., (2, 2), (2, 2), (-14.2907735741452, 9.53918731569006), (-7.25353862262361, 16.5764222672117), .UNSPECIFIED.);
#3184 = CARTESIAN_POINT('', (160.651549917642, -65.651549917642, 23.9999999999999));
#3185 = CARTESIAN_POINT('', (160.651549917642, 145.651549917642, 23.9999999999999));
#3186 = CARTESIAN_POINT('', (-50.651549917642, -65.651549917642, 24.0000000000001));
#3187 = CARTESIAN_POINT('', (-50.651549917642, 145.651549917642, 24.0000000000001));
#3188 = ADVANCED_FACE('', (#3189), #3197, .F.);
#3189 = FACE_OUTER_BOUND('', #3190, .F.);
#3190 = EDGE_LOOP('', (#3191, #3192, #3193, #3194, #3195, #3196));
#3191 = ORIENTED_EDGE('', *, *, #1455, .F.);
#3192 = ORIENTED_EDGE('', *, *, #3134, .T.);
#3193 = ORIENTED_EDGE('', *, *, #1247, .T.);
#3194 = ORIENTED_EDGE('', *, *, #1275, .F.);
#3195 = ORIENTED_EDGE('', *, *, #1407, .F.);
#3196 = ORIENTED_EDGE('', *, *, #1436, .F.);
#3197 = B_SPLINE_SURFACE_WITH_KNOTS('', 1, 1, ((#3198, #3199), (#3200, #3201)), .UNSPECIFIED., .F., .F., .U., (2, 2), (2, 2), (0., 1.68958742632613), (0., 1.40178571428571), .UNSPECIFIED.);
#3198 = CARTESIAN_POINT('', (2.1, 1.6, 2.1));
#3199 = CARTESIAN_POINT('', (2.1, 1.6, 33.5));
#3200 = CARTESIAN_POINT('', (88.1, 1.6, 2.1));
#3201 = CARTESIAN_POINT('', (88.1, 1.6, 33.5));
#3202 = ADVANCED_FACE('', (#3203), #3242, .F.);
#3203 = FACE_OUTER_BOUND('', #3204, .F.);
#3204 = EDGE_LOOP('', (#3205, #3214, #3219, #3220, #3221, #3229, #3237));
#3205 = ORIENTED_EDGE('', *, *, #3206, .T.);
#3206 = EDGE_CURVE('', #3207, #3209, #3211, .T.);
#3207 = VERTEX_POINT('', #3208);
#3208 = CARTESIAN_POINT('', (88.6, 36.6903620206016, 24.));
#3209 = VERTEX_POINT('', #3210);
#3210 = CARTESIAN_POINT('', (88.6, 36.6903620206016, 33.5));
#3211 = B_SPLINE_CURVE_WITH_KNOTS('', 1, (#3212, #3213), .UNSPECIFIED., .F., .U., (2, 2), (0., 1.), .UNSPECIFIED.);
#3212 = CARTESIAN_POINT('', (88.6, 36.6903620206016, 24.));
#3213 = CARTESIAN_POINT('', (88.6, 36.6903620206016, 33.5));
#3214 = ORIENTED_EDGE('', *, *, #3215, .F.);
#3215 = EDGE_CURVE('', #1213, #3209, #3216, .T.);
#3216 = B_SPLINE_CURVE_WITH_KNOTS('', 1, (#3217, #3218), .UNSPECIFIED., .F., .U., (2, 2), (0., 0.979896941093528), .UNSPECIFIED.);
#3217 = CARTESIAN_POINT('', (88.6, 2.1, 33.5));
#3218 = CARTESIAN_POINT('', (88.6, 36.6903620206016, 33.5));
#3219 = ORIENTED_EDGE('', *, *, #1241, .F.);
#3220 = ORIENTED_EDGE('', *, *, #3140, .T.);
#3221 = ORIENTED_EDGE('', *, *, #3222, .F.);
#3222 = EDGE_CURVE('', #3223, #3141, #3225, .T.);
#3223 = VERTEX_POINT('', #3224);
#3224 = CARTESIAN_POINT('', (88.6, 13.9, 27.));
#3225 = (
   BOUNDED_CURVE ()
   B_SPLINE_CURVE (2, (#3226, #3227, #3228), .UNSPECIFIED., .F., .U.)
   B_SPLINE_CURVE_WITH_KNOTS ((3, 3), (0., 0.662132479449487), .UNSPECIFIED.)
   CURVE ()
   GEOMETRIC_REPRESENTATION_ITEM ()
   RATIONAL_B_SPLINE_CURVE ((1., 0.918534937113659, 0.944951202382201))
   REPRESENTATION_ITEM ('')
);
#3226 = CARTESIAN_POINT('', (88.6, 13.9, 27.));
#3227 = CARTESIAN_POINT('', (88.6, 9.05025773880715, 27.));
#3228 = CARTESIAN_POINT('', (88.6, 5.23974596215562, 24.));
#3229 = ORIENTED_EDGE('', *, *, #3230, .F.);
#3230 = EDGE_CURVE('', #3231, #3223, #3233, .T.);
#3231 = VERTEX_POINT('', #3232);
#3232 = CARTESIAN_POINT('', (88.6, 22.5602540378444, 24.));
#3233 = (
   BOUNDED_CURVE ()
   B_SPLINE_CURVE (2, (#3234, #3235, #3236), .UNSPECIFIED., .F., .U.)
   B_SPLINE_CURVE_WITH_KNOTS ((3, 3), (0.729889907886398, 1.), .UNSPECIFIED.)
   CURVE ()
   GEOMETRIC_REPRESENTATION_ITEM ()
   RATIONAL_B_SPLINE_CURVE ((0.908751355620413, 0.900769192938345, 1.))
   REPRESENTATION_ITEM ('')
);
#3234 = CARTESIAN_POINT('', (88.6, 22.5602540378444, 24.));
#3235 = CARTESIAN_POINT('', (88.6, 18.7497422611929, 27.));
#3236 = CARTESIAN_POINT('', (88.6, 13.9, 27.));
#3237 = ORIENTED_EDGE('', *, *, #3238, .T.);
#3238 = EDGE_CURVE('', #3231, #3207, #3239, .T.);
#3239 = B_SPLINE_CURVE_WITH_KNOTS('', 1, (#3240, #3241), .UNSPECIFIED., .F., .U., (2, 2), (0.579610595972927, 0.979896941093527), .UNSPECIFIED.);
#3240 = CARTESIAN_POINT('', (88.6, 22.5602540378444, 24.));
#3241 = CARTESIAN_POINT('', (88.6, 36.6903620206016, 24.));
#3242 = B_SPLINE_SURFACE_WITH_KNOTS('', 1, 1, ((#3243, #3244), (#3245, #3246)), .UNSPECIFIED., .F., .F., .U., (2, 2), (2, 2), (0., 1.), (0., 1.), .UNSPECIFIED.);
#3243 = CARTESIAN_POINT('', (88.6, 2.1, 2.1));
#3244 = CARTESIAN_POINT('', (88.6, 2.1, 33.5));
#3245 = CARTESIAN_POINT('', (88.6, 37.4, 2.1));
#3246 = CARTESIAN_POINT('', (88.6, 37.4, 33.5));
#3247 = ADVANCED_FACE('', (#3248), #3271, .F.);
#3248 = FACE_OUTER_BOUND('', #3249, .F.);
#3249 = EDGE_LOOP('', (#3250, #3257, #3258, #3265));
#3250 = ORIENTED_EDGE('', *, *, #3251, .F.);
#3251 = EDGE_CURVE('', #3231, #3252, #3254, .T.);
#3252 = VERTEX_POINT('', #3253);
#3253 = CARTESIAN_POINT('', (92.5, 22.5602540378444, 24.));
#3254 = B_SPLINE_CURVE_WITH_KNOTS('', 1, (#3255, #3256), .UNSPECIFIED., .F., .U., (2, 2), (0.19375, 0.68125), .UNSPECIFIED.);
#3255 = CARTESIAN_POINT('', (88.6, 22.5602540378444, 24.));
#3256 = CARTESIAN_POINT('', (92.5, 22.5602540378444, 24.));
#3257 = ORIENTED_EDGE('', *, *, #3230, .T.);
#3258 = ORIENTED_EDGE('', *, *, #3259, .T.);
#3259 = EDGE_CURVE('', #3223, #3260, #3262, .T.);
#3260 = VERTEX_POINT('', #3261);
#3261 = CARTESIAN_POINT('', (92.5, 13.9, 27.));
#3262 = B_SPLINE_CURVE_WITH_KNOTS('', 1, (#3263, #3264), .UNSPECIFIED., .F., .U., (2, 2), (1.55, 5.45), .UNSPECIFIED.);
#3263 = CARTESIAN_POINT('', (88.6, 13.9, 27.));
#3264 = CARTESIAN_POINT('', (92.5, 13.9, 27.));
#3265 = ORIENTED_EDGE('', *, *, #3266, .F.);
#3266 = EDGE_CURVE('', #3252, #3260, #3267, .T.);
#3267 = (
   BOUNDED_CURVE ()
   B_SPLINE_CURVE (2, (#3268, #3269, #3270), .UNSPECIFIED., .F., .U.)
   B_SPLINE_CURVE_WITH_KNOTS ((3, 3), (0.752473074727679, 1.), .UNSPECIFIED.)
   CURVE ()
   GEOMETRIC_REPRESENTATION_ITEM ()
   RATIONAL_B_SPLINE_CURVE ((0.890714873267816, 0.891785364785868, 1.))
   REPRESENTATION_ITEM ('')
);
#3268 = CARTESIAN_POINT('', (92.5, 22.5602540378444, 24.));
#3269 = CARTESIAN_POINT('', (92.5, 18.7497422611929, 27.));
#3270 = CARTESIAN_POINT('', (92.5, 13.9, 27.));
#3271 = (
   BOUNDED_SURFACE ()
   B_SPLINE_SURFACE (2, 1, ((#3272, #3273), (#3274, #3275), (#3276, #3277), (#3278, #3279), (#3280, #3281), (#3282, #3283), (#3284, #3285), (#3286, #3287), (#3288, #3289)), .UNSPECIFIED., .T., .F., .U.)
   B_SPLINE_SURFACE_WITH_KNOTS ((3, 2, 2, 2, 3), (2, 2), (0., 21.9911485751286, 43.9822971502571, 65.9734457253857, 87.9645943005142), (0., 8.), .UNSPECIFIED.)
   GEOMETRIC_REPRESENTATION_ITEM ()
   RATIONAL_B_SPLINE_SURFACE (((1., 1.), (0.707106781186548, 0.707106781186548), (1., 1.), (0.707106781186548, 0.707106781186548), (1., 1.), (0.707106781186548, 0.707106781186548), (1., 1.), (0.707106781186548, 0.707106781186548), (1., 1.)))
   REPRESENTATION_ITEM ('')
   SURFACE ()
);
#3272 = CARTESIAN_POINT('', (87.05, 13.9, 27.));
#3273 = CARTESIAN_POINT('', (95.05, 13.9, 27.));
#3274 = CARTESIAN_POINT('', (87.05, -0.0999999999999992, 27.));
#3275 = CARTESIAN_POINT('', (95.05, -0.0999999999999992, 27.));
#3276 = CARTESIAN_POINT('', (87.05, -0.0999999999999996, 13.));
#3277 = CARTESIAN_POINT('', (95.05, -0.0999999999999996, 13.));
#3278 = CARTESIAN_POINT('', (87.05, -0.100000000000001, -0.999999999999999));
#3279 = CARTESIAN_POINT('', (95.05, -0.100000000000001, -0.999999999999999));
#3280 = CARTESIAN_POINT('', (87.05, 13.9, -1.));
#3281 = CARTESIAN_POINT('', (95.05, 13.9, -1.));
#3282 = CARTESIAN_POINT('', (87.05, 27.9, -1.));
#3283 = CARTESIAN_POINT('', (95.05, 27.9, -1.));
#3284 = CARTESIAN_POINT('', (87.05, 27.9, 13.));
#3285 = CARTESIAN_POINT('', (95.05, 27.9, 13.));
#3286 = CARTESIAN_POINT('', (87.05, 27.9, 27.));
#3287 = CARTESIAN_POINT('', (95.05, 27.9, 27.));
#3288 = CARTESIAN_POINT('', (87.05, 13.9, 27.));
#3289 = CARTESIAN_POINT('', (95.05, 13.9, 27.));
#3290 = ADVANCED_FACE('', (#3291), #3302, .F.);
#3291 = FACE_OUTER_BOUND('', #3292, .F.);
#3292 = EDGE_LOOP('', (#3293, #3294, #3300, #3301));
#3293 = ORIENTED_EDGE('', *, *, #3147, .T.);
#3294 = ORIENTED_EDGE('', *, *, #3295, .F.);
#3295 = EDGE_CURVE('', #3260, #3148, #3296, .T.);
#3296 = (
   BOUNDED_CURVE ()
   B_SPLINE_CURVE (2, (#3297, #3298, #3299), .UNSPECIFIED., .F., .U.)
   B_SPLINE_CURVE_WITH_KNOTS ((3, 3), (0., 0.247526925272321), .UNSPECIFIED.)
   CURVE ()
   GEOMETRIC_REPRESENTATION_ITEM ()
   RATIONAL_B_SPLINE_CURVE ((1., 0.891785364785868, 0.890714873267816))
   REPRESENTATION_ITEM ('')
);
#3297 = CARTESIAN_POINT('', (92.5, 13.9, 27.));
#3298 = CARTESIAN_POINT('', (92.5, 9.05025773880714, 27.));
#3299 = CARTESIAN_POINT('', (92.5, 5.23974596215561, 24.));
#3300 = ORIENTED_EDGE('', *, *, #3259, .F.);
#3301 = ORIENTED_EDGE('', *, *, #3222, .T.);
#3302 = (
   BOUNDED_SURFACE ()
   B_SPLINE_SURFACE (2, 1, ((#3303, #3304), (#3305, #3306), (#3307, #3308), (#3309, #3310), (#3311, #3312), (#3313, #3314), (#3315, #3316), (#3317, #3318), (#3319, #3320)), .UNSPECIFIED., .T., .F., .U.)
   B_SPLINE_SURFACE_WITH_KNOTS ((3, 2, 2, 2, 3), (2, 2), (0., 21.9911485751286, 43.9822971502571, 65.9734457253857, 87.9645943005142), (0., 8.), .UNSPECIFIED.)
   GEOMETRIC_REPRESENTATION_ITEM ()
   RATIONAL_B_SPLINE_SURFACE (((1., 1.), (0.707106781186548, 0.707106781186548), (1., 1.), (0.707106781186548, 0.707106781186548), (1., 1.), (0.707106781186548, 0.707106781186548), (1., 1.), (0.707106781186548, 0.707106781186548), (1., 1.)))
   REPRESENTATION_ITEM ('')
   SURFACE ()
);
#3303 = CARTESIAN_POINT('', (87.05, 13.9, 27.));
#3304 = CARTESIAN_POINT('', (95.05, 13.9, 27.));
#3305 = CARTESIAN_POINT('', (87.05, -0.0999999999999992, 27.));
#3306 = CARTESIAN_POINT('', (95.05, -0.0999999999999992, 27.));
#3307 = CARTESIAN_POINT('', (87.05, -0.0999999999999996, 13.));
#3308 = CARTESIAN_POINT('', (95.05, -0.0999999999999996, 13.));
#3309 = CARTESIAN_POINT('', (87.05, -0.100000000000001, -0.999999999999999));
#3310 = CARTESIAN_POINT('', (95.05, -0.100000000000001, -0.999999999999999));
#3311 = CARTESIAN_POINT('', (87.05, 13.9, -1.));
#3312 = CARTESIAN_POINT('', (95.05, 13.9, -1.));
#3313 = CARTESIAN_POINT('', (87.05, 27.9, -1.));
#3314 = CARTESIAN_POINT('', (95.05, 27.9, -1.));
#3315 = CARTESIAN_POINT('', (87.05, 27.9, 13.));
#3316 = CARTESIAN_POINT('', (95.05, 27.9, 13.));
#3317 = CARTESIAN_POINT('', (87.05, 27.9, 27.));
#3318 = CARTESIAN_POINT('', (95.05, 27.9, 27.));
#3319 = CARTESIAN_POINT('', (87.05, 13.9, 27.));
#3320 = CARTESIAN_POINT('', (95.05, 13.9, 27.));
#3321 = ADVANCED_FACE('', (#3322), #3382, .T.);
#3322 = FACE_OUTER_BOUND('', #3323, .T.);
#3323 = EDGE_LOOP('', (#3324, #3331, #3338, #3374, #3379, #3380, #3381));
#3324 = ORIENTED_EDGE('', *, *, #3325, .T.);
#3325 = EDGE_CURVE('', #3252, #3326, #3328, .T.);
#3326 = VERTEX_POINT('', #3327);
#3327 = CARTESIAN_POINT('', (92.5, 43., 24.));
#3328 = B_SPLINE_CURVE_WITH_KNOTS('', 1, (#3329, #3330), .UNSPECIFIED., .F., .U., (2, 2), (0.591205080756888, 1.), .UNSPECIFIED.);
#3329 = CARTESIAN_POINT('', (92.5, 22.5602540378444, 24.));
#3330 = CARTESIAN_POINT('', (92.5, 43., 24.));
#3331 = ORIENTED_EDGE('', *, *, #3332, .T.);
#3332 = EDGE_CURVE('', #3326, #3333, #3335, .T.);
#3333 = VERTEX_POINT('', #3334);
#3334 = CARTESIAN_POINT('', (92.5, 43., 35.23));
#3335 = B_SPLINE_CURVE_WITH_KNOTS('', 1, (#3336, #3337), .UNSPECIFIED., .F., .U., (2, 2), (0.662303664921466, 0.956282722513089), .UNSPECIFIED.);
#3336 = CARTESIAN_POINT('', (92.5, 43., 24.));
#3337 = CARTESIAN_POINT('', (92.5, 43., 35.23));
#3338 = ORIENTED_EDGE('', *, *, #3339, .F.);
#3339 = EDGE_CURVE('', #3340, #3333, #3342, .T.);
#3340 = VERTEX_POINT('', #3341);
#3341 = CARTESIAN_POINT('', (92.5, -1.3, 35.23));
#3342 = B_SPLINE_CURVE_WITH_KNOTS('', 3, (#3343, #3344, #3345, #3346, #3347, #3348, #3349, #3350, #3351, #3352, #3353, #3354, #3355, #3356, #3357, #3358, #3359, #3360, #3361, #3362, #3363, #3364, #3365, #3366, #3367, #3368, #3369, #3370, #3371, #3372, #3373), .UNSPECIFIED., .F., .U., (4, 3, 3, 3, 3, 3, 3, 3, 3, 3, 4), (30.7, 32.37, 34.93, 37.49, 42.61, 52.85, 63.09, 68.21, 70.77, 73.33, 75.), .UNSPECIFIED.);
#3343 = CARTESIAN_POINT('', (92.5, -1.3, 35.23));
#3344 = CARTESIAN_POINT('', (92.5, -0.743333333333337, 35.23));
#3345 = CARTESIAN_POINT('', (92.5, -0.186666666666666, 35.23));
#3346 = CARTESIAN_POINT('', (92.5, 0.370000000000001, 35.23));
#3347 = CARTESIAN_POINT('', (92.5, 1.22333333333333, 35.23));
#3348 = CARTESIAN_POINT('', (92.5, 2.07666666666667, 35.23));
#3349 = CARTESIAN_POINT('', (92.5, 2.93, 35.23));
#3350 = CARTESIAN_POINT('', (92.5, 3.78333333333333, 35.23));
#3351 = CARTESIAN_POINT('', (92.5, 4.63666666666666, 35.23));
#3352 = CARTESIAN_POINT('', (92.5, 5.49, 35.23));
#3353 = CARTESIAN_POINT('', (92.5, 7.19666666666666, 35.23));
#3354 = CARTESIAN_POINT('', (92.5, 8.90333333333333, 35.23));
#3355 = CARTESIAN_POINT('', (92.5, 10.61, 35.23));
#3356 = CARTESIAN_POINT('', (92.5, 14.0233333333333, 35.23));
#3357 = CARTESIAN_POINT('', (92.5, 17.4366666666667, 35.23));
#3358 = CARTESIAN_POINT('', (92.5, 20.85, 35.23));
#3359 = CARTESIAN_POINT('', (92.5, 24.2633333333333, 35.23));
#3360 = CARTESIAN_POINT('', (92.5, 27.6766666666667, 35.23));
#3361 = CARTESIAN_POINT('', (92.5, 31.09, 35.23));
#3362 = CARTESIAN_POINT('', (92.5, 32.7966666666667, 35.23));
#3363 = CARTESIAN_POINT('', (92.5, 34.5033333333333, 35.23));
#3364 = CARTESIAN_POINT('', (92.5, 36.21, 35.23));
#3365 = CARTESIAN_POINT('', (92.5, 37.0633333333333, 35.23));
#3366 = CARTESIAN_POINT('', (92.5, 37.9166666666667, 35.23));
#3367 = CARTESIAN_POINT('', (92.5, 38.77, 35.23));
#3368 = CARTESIAN_POINT('', (92.5, 39.6233333333333, 35.23));
#3369 = CARTESIAN_POINT('', (92.5, 40.4766666666667, 35.23));
#3370 = CARTESIAN_POINT('', (92.5, 41.33, 35.23));
#3371 = CARTESIAN_POINT('', (92.5, 41.8866666666667, 35.23));
#3372 = CARTESIAN_POINT('', (92.5, 42.4433333333333, 35.23));
#3373 = CARTESIAN_POINT('', (92.5, 43., 35.23));
#3374 = ORIENTED_EDGE('', *, *, #3375, .F.);
#3375 = EDGE_CURVE('', #3155, #3340, #3376, .T.);
#3376 = B_SPLINE_CURVE_WITH_KNOTS('', 1, (#3377, #3378), .UNSPECIFIED., .F., .U., (2, 2), (0.662303664921466, 0.956282722513089), .UNSPECIFIED.);
#3377 = CARTESIAN_POINT('', (92.5, -1.3, 24.));
#3378 = CARTESIAN_POINT('', (92.5, -1.3, 35.23));
#3379 = ORIENTED_EDGE('', *, *, #3154, .T.);
#3380 = ORIENTED_EDGE('', *, *, #3295, .F.);
#3381 = ORIENTED_EDGE('', *, *, #3266, .F.);
#3382 = B_SPLINE_SURFACE_WITH_KNOTS('', 1, 1, ((#3383, #3384), (#3385, #3386)), .UNSPECIFIED., .F., .F., .U., (2, 2), (2, 2), (-3.27433628318584, 1.15044247787611), (0.20875, 4.56625), .UNSPECIFIED.);
#3383 = CARTESIAN_POINT('', (92.5, -7., 0.37));
#3384 = CARTESIAN_POINT('', (92.5, -7., 35.23));
#3385 = CARTESIAN_POINT('', (92.5, 43., 0.37));
#3386 = CARTESIAN_POINT('', (92.5, 43., 35.23));
#3387 = ADVANCED_FACE('', (#3388), #3437, .T.);
#3388 = FACE_OUTER_BOUND('', #3389, .T.);
#3389 = EDGE_LOOP('', (#3390, #3391, #3400, #3430));
#3390 = ORIENTED_EDGE('', *, *, #3339, .T.);
#3391 = ORIENTED_EDGE('', *, *, #3392, .T.);
#3392 = EDGE_CURVE('', #3333, #3393, #3395, .T.);
#3393 = VERTEX_POINT('', #3394);
#3394 = CARTESIAN_POINT('', (90.83, 41.33, 36.9));
#3395 = B_SPLINE_CURVE_WITH_KNOTS('', 3, (#3396, #3397, #3398, #3399), .UNSPECIFIED., .F., .U., (4, 4), (0., 2.89252484864004), .UNSPECIFIED.);
#3396 = CARTESIAN_POINT('', (92.5, 43., 35.23));
#3397 = CARTESIAN_POINT('', (91.9433333333333, 42.4433333333333, 35.7866666666667));
#3398 = CARTESIAN_POINT('', (91.3866666666667, 41.8866666666667, 36.3433333333333));
#3399 = CARTESIAN_POINT('', (90.83, 41.33, 36.9));
#3400 = ORIENTED_EDGE('', *, *, #3401, .F.);
#3401 = EDGE_CURVE('', #3402, #3393, #3404, .T.);
#3402 = VERTEX_POINT('', #3403);
#3403 = CARTESIAN_POINT('', (90.83, 0.369999999999997, 36.9));
#3404 = B_SPLINE_CURVE_WITH_KNOTS('', 3, (#3405, #3406, #3407, #3408, #3409, #3410, #3411, #3412, #3413, #3414, #3415, #3416, #3417, #3418, #3419, #3420, #3421, #3422, #3423, #3424, #3425, #3426, #3427, #3428, #3429), .UNSPECIFIED., .F., .U., (4, 3, 3, 3, 3, 3, 3, 3, 4), (32.37, 34.93, 37.49, 42.61, 52.85, 63.09, 68.21, 70.77, 73.33), .UNSPECIFIED.);
#3405 = CARTESIAN_POINT('', (90.83, 0.369999999999997, 36.9));
#3406 = CARTESIAN_POINT('', (90.83, 1.22333333333333, 36.9));
#3407 = CARTESIAN_POINT('', (90.83, 2.07666666666667, 36.9));
#3408 = CARTESIAN_POINT('', (90.83, 2.93, 36.9));
#3409 = CARTESIAN_POINT('', (90.83, 3.78333333333333, 36.9));
#3410 = CARTESIAN_POINT('', (90.83, 4.63666666666666, 36.9));
#3411 = CARTESIAN_POINT('', (90.83, 5.49, 36.9));
#3412 = CARTESIAN_POINT('', (90.83, 7.19666666666666, 36.9));
#3413 = CARTESIAN_POINT('', (90.83, 8.90333333333333, 36.9));
#3414 = CARTESIAN_POINT('', (90.83, 10.61, 36.9));
#3415 = CARTESIAN_POINT('', (90.83, 14.0233333333333, 36.9));
#3416 = CARTESIAN_POINT('', (90.83, 17.4366666666667, 36.9));
#3417 = CARTESIAN_POINT('', (90.83, 20.85, 36.9));
#3418 = CARTESIAN_POINT('', (90.83, 24.2633333333333, 36.9));
#3419 = CARTESIAN_POINT('', (90.83, 27.6766666666667, 36.9));
#3420 = CARTESIAN_POINT('', (90.83, 31.09, 36.9));
#3421 = CARTESIAN_POINT('', (90.83, 32.7966666666667, 36.9));
#3422 = CARTESIAN_POINT('', (90.83, 34.5033333333333, 36.9));
#3423 = CARTESIAN_POINT('', (90.83, 36.21, 36.9));
#3424 = CARTESIAN_POINT('', (90.83, 37.0633333333333, 36.9));
#3425 = CARTESIAN_POINT('', (90.83, 37.9166666666667, 36.9));
#3426 = CARTESIAN_POINT('', (90.83, 38.77, 36.9));
#3427 = CARTESIAN_POINT('', (90.83, 39.6233333333333, 36.9));
#3428 = CARTESIAN_POINT('', (90.83, 40.4766666666667, 36.9));
#3429 = CARTESIAN_POINT('', (90.83, 41.33, 36.9));
#3430 = ORIENTED_EDGE('', *, *, #3431, .F.);
#3431 = EDGE_CURVE('', #3340, #3402, #3432, .T.);
#3432 = B_SPLINE_CURVE_WITH_KNOTS('', 3, (#3433, #3434, #3435, #3436), .UNSPECIFIED., .F., .U., (4, 4), (0., 2.89252484864004), .UNSPECIFIED.);
#3433 = CARTESIAN_POINT('', (92.5, -1.3, 35.23));
#3434 = CARTESIAN_POINT('', (91.9433333333333, -0.743333333333337, 35.7866666666667));
#3435 = CARTESIAN_POINT('', (91.3866666666667, -0.18666666666667, 36.3433333333333));
#3436 = CARTESIAN_POINT('', (90.83, 0.369999999999997, 36.9));
#3437 = B_SPLINE_SURFACE_WITH_KNOTS('', 1, 1, ((#3438, #3439), (#3440, #3441)), .UNSPECIFIED., .F., .F., .U., (2, 2), (2, 2), (30.7, 75.), (0., 1.), .UNSPECIFIED.);
#3438 = CARTESIAN_POINT('', (92.5, -1.3, 35.23));
#3439 = CARTESIAN_POINT('', (90.83, -1.3, 36.9));
#3440 = CARTESIAN_POINT('', (92.4999999999995, 43., 35.2300000000001));
#3441 = CARTESIAN_POINT('', (90.8299999999995, 43., 36.9000000000001));
#3442 = ADVANCED_FACE('', (#3443), #3472, .T.);
#3443 = FACE_OUTER_BOUND('', #3444, .T.);
#3444 = EDGE_LOOP('', (#3445, #3457, #3464, #3471));
#3445 = ORIENTED_EDGE('', *, *, #3446, .T.);
#3446 = EDGE_CURVE('', #3333, #3447, #3449, .T.);
#3447 = VERTEX_POINT('', #3448);
#3448 = CARTESIAN_POINT('', (88.6547236990991, 43., 35.23));
#3449 = B_SPLINE_CURVE_WITH_KNOTS('', 3, (#3450, #3451, #3452, #3453, #3454, #3455, #3456), .UNSPECIFIED., .F., .U., (4, 3, 4), (2.85, 4.52, 6.69527630090086), .UNSPECIFIED.);
#3450 = CARTESIAN_POINT('', (92.5, 43., 35.23));
#3451 = CARTESIAN_POINT('', (91.9433333333333, 43., 35.23));
#3452 = CARTESIAN_POINT('', (91.3866666666667, 43., 35.23));
#3453 = CARTESIAN_POINT('', (90.83, 43., 35.23));
#3454 = CARTESIAN_POINT('', (90.1049078996997, 43., 35.23));
#3455 = CARTESIAN_POINT('', (89.3798157993994, 43., 35.23));
#3456 = CARTESIAN_POINT('', (88.6547236990991, 43., 35.23));
#3457 = ORIENTED_EDGE('', *, *, #3458, .F.);
#3458 = EDGE_CURVE('', #3459, #3447, #3461, .T.);
#3459 = VERTEX_POINT('', #3460);
#3460 = CARTESIAN_POINT('', (88.6547236990991, 41.33, 36.9));
#3461 = B_SPLINE_CURVE_WITH_KNOTS('', 1, (#3462, #3463), .UNSPECIFIED., .F., .U., (2, 2), (0., 1.), .UNSPECIFIED.);
#3462 = CARTESIAN_POINT('', (88.6547236990991, 41.33, 36.9));
#3463 = CARTESIAN_POINT('', (88.6547236990991, 43., 35.23));
#3464 = ORIENTED_EDGE('', *, *, #3465, .F.);
#3465 = EDGE_CURVE('', #3393, #3459, #3466, .T.);
#3466 = B_SPLINE_CURVE_WITH_KNOTS('', 3, (#3467, #3468, #3469, #3470), .UNSPECIFIED., .F., .U., (4, 4), (4.52, 6.69527630090086), .UNSPECIFIED.);
#3467 = CARTESIAN_POINT('', (90.83, 41.33, 36.9));
#3468 = CARTESIAN_POINT('', (90.1049078996997, 41.33, 36.9));
#3469 = CARTESIAN_POINT('', (89.3798157993994, 41.33, 36.9));
#3470 = CARTESIAN_POINT('', (88.6547236990991, 41.33, 36.9));
#3471 = ORIENTED_EDGE('', *, *, #3392, .F.);
#3472 = B_SPLINE_SURFACE_WITH_KNOTS('', 1, 1, ((#3473, #3474), (#3475, #3476)), .UNSPECIFIED., .F., .F., .U., (2, 2), (2, 2), (2.8499615, 6.69527630090086), (0., 1.), .UNSPECIFIED.);
#3473 = CARTESIAN_POINT('', (92.5000385, 43., 35.23));
#3474 = CARTESIAN_POINT('', (92.5000385002114, 41.33, 36.9));
#3475 = CARTESIAN_POINT('', (88.6547237007328, 42.9999999991047, 35.2299999995914));
#3476 = CARTESIAN_POINT('', (88.6547237009442, 41.3299999991047, 36.8999999995915));
#3477 = ADVANCED_FACE('', (#3478), #3517, .T.);
#3478 = FACE_OUTER_BOUND('', #3479, .T.);
#3479 = EDGE_LOOP('', (#3480, #3506, #3511, #3512));
#3480 = ORIENTED_EDGE('', *, *, #3481, .T.);
#3481 = EDGE_CURVE('', #3482, #3484, #3486, .T.);
#3482 = VERTEX_POINT('', #3483);
#3483 = CARTESIAN_POINT('', (87.9746583427628, 41.4966666666667, 36.88));
#3484 = VERTEX_POINT('', #3485);
#3485 = CARTESIAN_POINT('', (88.0530449858538, 41.4597613684534, 36.9));
#3486 = B_SPLINE_CURVE_WITH_KNOTS('', 3, (#3487, #3488, #3489, #3490, #3491, #3492, #3493, #3494, #3495, #3496, #3497, #3498, #3499, #3500, #3501, #3502, #3503, #3504, #3505), .UNSPECIFIED., .F., .U., (4, 3, 3, 3, 3, 3, 4), (0., 0.0173261853563729, 0.03442661006308, 0.0513944448261036, 0.0627341913535486, 0.0703156693283135, 0.0895948890453988), .UNSPECIFIED.);
#3487 = CARTESIAN_POINT('', (87.9746583427628, 41.4966666666667, 36.88));
#3488 = CARTESIAN_POINT('', (87.9798078555282, 41.4943371731631, 36.8811879255336));
#3489 = CARTESIAN_POINT('', (87.9848040279561, 41.4920587734689, 36.8830962943024));
#3490 = CARTESIAN_POINT('', (87.9897202459991, 41.4898003274886, 36.8851175341909));
#3491 = CARTESIAN_POINT('', (87.9945724055919, 41.4875713091186, 36.8871124372707));
#3492 = CARTESIAN_POINT('', (87.9993725877436, 41.4853498955639, 36.8892420962204));
#3493 = CARTESIAN_POINT('', (88.0042269771378, 41.4830867944251, 36.891192709137));
#3494 = CARTESIAN_POINT('', (88.0090437275126, 41.4808412404794, 36.893128197771));
#3495 = CARTESIAN_POINT('', (88.0139232443351, 41.4785500658765, 36.8948909404202));
#3496 = CARTESIAN_POINT('', (88.0188813194744, 41.476204248315, 36.8962709200686));
#3497 = CARTESIAN_POINT('', (88.0221948427453, 41.4746365187302, 36.8971931720616));
#3498 = CARTESIAN_POINT('', (88.0255480480376, 41.473042158726, 36.8979471447993));
#3499 = CARTESIAN_POINT('', (88.0289201978058, 41.4714305643795, 36.898512061483));
#3500 = CARTESIAN_POINT('', (88.0311747349009, 41.4703530917029, 36.8988897510005));
#3501 = CARTESIAN_POINT('', (88.0334402024865, 41.4692667446778, 36.899184365358));
#3502 = CARTESIAN_POINT('', (88.0357088665401, 41.4681751492362, 36.8994037213637));
#3503 = CARTESIAN_POINT('', (88.0414779359615, 41.4653992909627, 36.8999615298337));
#3504 = CARTESIAN_POINT('', (88.0472730324215, 41.4625868339035, 36.900000001808));
#3505 = CARTESIAN_POINT('', (88.0530449858538, 41.4597613684535, 36.9));
#3506 = ORIENTED_EDGE('', *, *, #3507, .T.);
#3507 = EDGE_CURVE('', #3484, #3459, #3508, .T.);
#3508 = B_SPLINE_CURVE_WITH_KNOTS('', 1, (#3509, #3510), .UNSPECIFIED., .F., .U., (2, 2), (0.125859044849503, 1.), .UNSPECIFIED.);
#3509 = CARTESIAN_POINT('', (88.0530449858538, 41.4597613684534, 36.9));
#3510 = CARTESIAN_POINT('', (88.6547236990991, 41.33, 36.9));
#3511 = ORIENTED_EDGE('', *, *, #3458, .T.);
#3512 = ORIENTED_EDGE('', *, *, #3513, .T.);
#3513 = EDGE_CURVE('', #3447, #3482, #3514, .T.);
#3514 = B_SPLINE_CURVE_WITH_KNOTS('', 1, (#3515, #3516), .UNSPECIFIED., .F., .U., (2, 2), (0., 0.988023952095804), .UNSPECIFIED.);
#3515 = CARTESIAN_POINT('', (88.6547236990992, 43., 35.23));
#3516 = CARTESIAN_POINT('', (87.9746583427628, 41.4966666666667, 36.88));
#3517 = B_SPLINE_SURFACE_WITH_KNOTS('', 3, 3, ((#3518, #3519, #3520, #3521, #3522, #3523, #3524, #3525, #3526, #3527, #3528, #3529, #3530), (#3531, #3532, #3533, #3534, #3535, #3536, #3537, #3538, #3539, #3540, #3541, #3542, #3543), (#3544, #3545, #3546, #3547, #3548, #3549, #3550, #3551, #3552, #3553, #3554, #3555, #3556), (#3557, #3558, #3559, #3560, #3561, #3562, #3563, #3564, #3565, #3566, #3567, #3568, #3569), (#3570, #3571, #3572, #3573, #3574, #3575, #3576, #3577, #3578, #3579, #3580, #3581, #3582), (#3583, #3584, #3585, #3586, #3587, #3588, #3589, #3590, #3591, #3592, #3593, #3594, #3595), (#3596, #3597, #3598, #3599, #3600, #3601, #3602, #3603, #3604, #3605, #3606, #3607, #3608), (#3609, #3610, #3611, #3612, #3613, #3614, #3615, #3616, #3617, #3618, #3619, #3620, #3621), (#3622, #3623, #3624, #3625, #3626, #3627, #3628, #3629, #3630, #3631, #3632, #3633, #3634), (#3635, #3636, #3637, #3638, #3639, #3640, #3641, #3642, #3643, #3644, #3645, #3646, #3647), (#3648, #3649, #3650, #3651, #3652, #3653, #3654, #3655, #3656, #3657, #3658, #3659, #3660), (#3661, #3662, #3663, #3664, #3665, #3666, #3667, #3668, #3669, #3670, #3671, #3672, #3673), (#3674, #3675, #3676, #3677, #3678, #3679, #3680, #3681, #3682, #3683, #3684, #3685, #3686), (#3687, #3688, #3689, #3690, #3691, #3692, #3693, #3694, #3695, #3696, #3697, #3698, #3699), (#3700, #3701, #3702, #3703, #3704, #3705, #3706, #3707, #3708, #3709, #3710, #3711, #3712), (#3713, #3714, #3715, #3716, #3717, #3718, #3719, #3720, #3721, #3722, #3723, #3724, #3725), (#3726, #3727, #3728, #3729, #3730, #3731, #3732, #3733, #3734, #3735, #3736, #3737, #3738), (#3739, #3740, #3741, #3742, #3743, #3744, #3745, #3746, #3747, #3748, #3749, #3750, #3751), (#3752, #3753, #3754, #3755, #3756, #3757, #3758, #3759, #3760, #3761, #3762, #3763, #3764)), .UNSPECIFIED., .F., .F., .U., (4, 3, 3, 3, 3, 3, 4), (4, 3, 3, 3, 4), (0., 0.125, 0.25, 0.5, 0.75, 0.875, 1.), (0., 0.125, 0.25, 0.5, 1.), .UNSPECIFIED.);
#3518 = CARTESIAN_POINT('', (87.9664151263224, 41.4784444444444, 36.9));
#3519 = CARTESIAN_POINT('', (87.9950946501881, 41.5418425925926, 36.8304166666667));
#3520 = CARTESIAN_POINT('', (88.0237741740538, 41.6052407407407, 36.7608333333333));
#3521 = CARTESIAN_POINT('', (88.0524536979195, 41.6686388888889, 36.69125));
#3522 = CARTESIAN_POINT('', (88.0811332217852, 41.732037037037, 36.6216666666667));
#3523 = CARTESIAN_POINT('', (88.1098127456509, 41.7954351851852, 36.5520833333333));
#3524 = CARTESIAN_POINT('', (88.1384922695166, 41.8588333333333, 36.4825));
#3525 = CARTESIAN_POINT('', (88.195851317248, 41.9856296296296, 36.3433333333333));
#3526 = CARTESIAN_POINT('', (88.2532103649794, 42.1124259259259, 36.2041666666667));
#3527 = CARTESIAN_POINT('', (88.3105694127107, 42.2392222222222, 36.065));
#3528 = CARTESIAN_POINT('', (88.4252875081736, 42.4928148148148, 35.7866666666667));
#3529 = CARTESIAN_POINT('', (88.5400056036364, 42.7464074074074, 35.5083333333333));
#3530 = CARTESIAN_POINT('', (88.6547236990992, 43., 35.23));
#3531 = CARTESIAN_POINT('', (87.9950946501881, 41.4722592592593, 36.9));
#3532 = CARTESIAN_POINT('', (88.0237735962849, 41.535657562005, 36.8304166965557));
#3533 = CARTESIAN_POINT('', (88.0508223629735, 41.5963549902104, 36.7577809457083));
#3534 = CARTESIAN_POINT('', (88.0788154203347, 41.6599786274426, 36.688275053985));
#3535 = CARTESIAN_POINT('', (88.1068084776959, 41.7236022646748, 36.6187691622617));
#3536 = CARTESIAN_POINT('', (88.134472308004, 41.7873340853849, 36.5493004520348));
#3537 = CARTESIAN_POINT('', (88.161883439113, 41.8511489057209, 36.4798602419983));
#3538 = CARTESIAN_POINT('', (88.216705701331, 41.9787785463929, 36.3409798219253));
#3539 = CARTESIAN_POINT('', (88.2704993464154, 42.1067461443569, 36.2022155228316));
#3540 = CARTESIAN_POINT('', (88.3242709708764, 42.2347209773968, 36.0634537094151));
#3541 = CARTESIAN_POINT('', (88.4318142197984, 42.4906706434766, 35.785930082582));
#3542 = CARTESIAN_POINT('', (88.5400067305598, 42.7464070371975, 35.508333206162));
#3543 = CARTESIAN_POINT('', (88.6547236990992, 43., 35.23));
#3544 = CARTESIAN_POINT('', (88.0237741740538, 41.4660740740741, 36.9));
#3545 = CARTESIAN_POINT('', (88.0520804932126, 41.5295527660207, 36.9000000562948));
#3546 = CARTESIAN_POINT('', (88.0775615462312, 41.5879174286863, 36.8768809385611));
#3547 = CARTESIAN_POINT('', (88.1047229147232, 41.6517881948765, 36.8454961943911));
#3548 = CARTESIAN_POINT('', (88.1318842832152, 41.7156589610668, 36.8141114502211));
#3549 = CARTESIAN_POINT('', (88.1584971667518, 41.7797177277293, 36.7686623042841));
#3550 = CARTESIAN_POINT('', (88.1846890303233, 41.8439207359022, 36.7123942028935));
#3551 = CARTESIAN_POINT('', (88.2370727574664, 41.9723267522479, 36.5998580001123));
#3552 = CARTESIAN_POINT('', (88.2877435584546, 42.1013199103068, 36.4440499381971));
#3553 = CARTESIAN_POINT('', (88.338359741275, 42.230329509633, 36.2708507043948));
#3554 = CARTESIAN_POINT('', (88.4395921069159, 42.4883487082854, 35.9244522367902));
#3555 = CARTESIAN_POINT('', (88.5417998985768, 42.7460202013624, 35.5083330948871));
#3556 = CARTESIAN_POINT('', (88.6547236990992, 43., 35.23));
#3557 = CARTESIAN_POINT('', (88.0524536979195, 41.4598888888889, 36.9));
#3558 = CARTESIAN_POINT('', (88.0800416998266, 41.5235225199992, 36.9000000791224));
#3559 = CARTESIAN_POINT('', (88.1039719894359, 41.5799323129212, 36.8745916457159));
#3560 = CARTESIAN_POINT('', (88.1301558025815, 41.6440719866766, 36.8432649839362));
#3561 = CARTESIAN_POINT('', (88.1563396157271, 41.7082116604319, 36.8119383221565));
#3562 = CARTESIAN_POINT('', (88.1818514623089, 41.7725938469408, 36.7665751406865));
#3563 = CARTESIAN_POINT('', (88.2068474830758, 41.837162101064, 36.7104143830056));
#3564 = CARTESIAN_POINT('', (88.2568395246096, 41.9662986093103, 36.5980928676436));
#3565 = CARTESIAN_POINT('', (88.3047334724474, 42.0961924125594, 36.4425865795969));
#3566 = CARTESIAN_POINT('', (88.3525489192073, 42.2261096735345, 36.2696909852235));
#3567 = CARTESIAN_POINT('', (88.4481798127271, 42.4859441954845, 35.9238997964769));
#3568 = CARTESIAN_POINT('', (88.5449370982327, 42.7453435201059, 35.5083329995085));
#3569 = CARTESIAN_POINT('', (88.6547236990992, 43., 35.23));
#3570 = CARTESIAN_POINT('', (88.0811332217852, 41.4537037037037, 36.9));
#3571 = CARTESIAN_POINT('', (88.1080029064404, 41.5174922739778, 36.9000001019501));
#3572 = CARTESIAN_POINT('', (88.1303824326406, 41.5719471971561, 36.8723023528706));
#3573 = CARTESIAN_POINT('', (88.1555886904398, 41.6363557784766, 36.8410337734813));
#3574 = CARTESIAN_POINT('', (88.1807949482391, 41.700764359797, 36.8097651940919));
#3575 = CARTESIAN_POINT('', (88.205205757866, 41.7654699661524, 36.764487977089));
#3576 = CARTESIAN_POINT('', (88.2290059358282, 41.8304034662258, 36.7084345631177));
#3577 = CARTESIAN_POINT('', (88.2766062917528, 41.9602704663727, 36.596327735175));
#3578 = CARTESIAN_POINT('', (88.3217233864403, 42.0910649148121, 36.4411232209966));
#3579 = CARTESIAN_POINT('', (88.3667380971396, 42.221889837436, 36.2685312660523));
#3580 = CARTESIAN_POINT('', (88.4567675185382, 42.4835396826838, 35.9233473561637));
#3581 = CARTESIAN_POINT('', (88.5480742978887, 42.7446668388494, 35.50833290413));
#3582 = CARTESIAN_POINT('', (88.6547236990992, 43., 35.23));
#3583 = CARTESIAN_POINT('', (88.1098127456509, 41.4475185185185, 36.9));
#3584 = CARTESIAN_POINT('', (88.1356195778032, 41.511536328741, 36.9000001211996));
#3585 = CARTESIAN_POINT('', (88.1564661571522, 41.564414091088, 36.8703946076606));
#3586 = CARTESIAN_POINT('', (88.1805496248027, 41.6291132223112, 36.8391744309153));
#3587 = CARTESIAN_POINT('', (88.2046330924532, 41.6938123535345, 36.80795425417));
#3588 = CARTESIAN_POINT('', (88.2278931719946, 41.7588377679753, 36.7627486726448));
#3589 = CARTESIAN_POINT('', (88.2505211484594, 41.8241135253915, 36.7067847124467));
#3590 = CARTESIAN_POINT('', (88.2957771013889, 41.954665040224, 36.5948567920505));
#3591 = CARTESIAN_POINT('', (88.3384630451064, 42.0862352812434, 36.4399037550973));
#3592 = CARTESIAN_POINT('', (88.3810311477937, 42.2178408854679, 36.2675648327301));
#3593 = CARTESIAN_POINT('', (88.4661673531683, 42.4810520939168, 35.9228869879957));
#3594 = CARTESIAN_POINT('', (88.5525555291836, 42.7437003121715, 35.508332824648));
#3595 = CARTESIAN_POINT('', (88.6547236990992, 43., 35.23));
#3596 = CARTESIAN_POINT('', (88.1384922695166, 41.4413333333333, 36.9));
#3597 = CARTESIAN_POINT('', (88.1629718146427, 41.5056374091984, 36.9000001367762));
#3598 = CARTESIAN_POINT('', (88.1822974768576, 41.5573169681823, 36.8688684105766));
#3599 = CARTESIAN_POINT('', (88.2051416655312, 41.6223220918518, 36.837686956456));
#3600 = CARTESIAN_POINT('', (88.2279858542048, 41.6873272155213, 36.8065055023354));
#3601 = CARTESIAN_POINT('', (88.2500491473296, 41.7526680425731, 36.7613572279592));
#3602 = CARTESIAN_POINT('', (88.2715129397188, 41.8182664379796, 36.7054648313126));
#3603 = CARTESIAN_POINT('', (88.314440524497, 41.9494632287927, 36.5936800380194));
#3604 = CARTESIAN_POINT('', (88.3549310163518, 42.0817081340626, 36.438928182066));
#3605 = CARTESIAN_POINT('', (88.3953024920893, 42.2139899008841, 36.2667916855414));
#3606 = CARTESIAN_POINT('', (88.4760454435643, 42.4785534345273, 35.9225186924922));
#3607 = CARTESIAN_POINT('', (88.5579327826633, 42.742540560276, 35.5083327610623));
#3608 = CARTESIAN_POINT('', (88.6547236990992, 43., 35.23));
#3609 = CARTESIAN_POINT('', (88.195851317248, 41.428962962963, 36.9));
#3610 = CARTESIAN_POINT('', (88.2176762883218, 41.4938395701134, 36.9000001679294));
#3611 = CARTESIAN_POINT('', (88.2339601162683, 41.5431227223708, 36.8658160164085));
#3612 = CARTESIAN_POINT('', (88.254325746988, 41.6087398309328, 36.8347120075373));
#3613 = CARTESIAN_POINT('', (88.2746913777078, 41.6743569394948, 36.8036079986662));
#3614 = CARTESIAN_POINT('', (88.2943610979996, 41.7403285917687, 36.758574338588));
#3615 = CARTESIAN_POINT('', (88.3134965222375, 41.8065722631559, 36.7028250690444));
#3616 = CARTESIAN_POINT('', (88.3517673707133, 41.9390596059301, 36.5913265299571));
#3617 = CARTESIAN_POINT('', (88.3878669588427, 42.0726538397009, 36.4369770360035));
#3618 = CARTESIAN_POINT('', (88.4238451806805, 42.2062879317167, 36.2652453911641));
#3619 = CARTESIAN_POINT('', (88.4958016243563, 42.4735561157482, 35.9217821014852));
#3620 = CARTESIAN_POINT('', (88.5686872896227, 42.7402210564849, 35.5083326338909));
#3621 = CARTESIAN_POINT('', (88.6547236990992, 43., 35.23));
#3622 = CARTESIAN_POINT('', (88.2532103649794, 41.4165925925926, 36.9));
#3623 = CARTESIAN_POINT('', (88.2713043095852, 41.4822738700164, 36.9000001843909));
#3624 = CARTESIAN_POINT('', (88.2845803863889, 41.5306794725777, 36.8642898147443));
#3625 = CARTESIAN_POINT('', (88.3019912694465, 41.5969725435091, 36.8332245310455));
#3626 = CARTESIAN_POINT('', (88.3194021525042, 41.6632656144404, 36.8021592473468));
#3627 = CARTESIAN_POINT('', (88.3364876415899, 41.7298518974859, 36.7571828882515));
#3628 = CARTESIAN_POINT('', (88.3533232584286, 41.7966631242333, 36.7015051849237));
#3629 = CARTESIAN_POINT('', (88.3869944921059, 41.9302855777281, 36.590149778268));
#3630 = CARTESIAN_POINT('', (88.4196506515199, 42.0648236176285, 36.4360014614129));
#3631 = CARTESIAN_POINT('', (88.4522449008684, 42.1993899407192, 36.2644722413207));
#3632 = CARTESIAN_POINT('', (88.5174333995655, 42.4685225869006, 35.9214138011361));
#3633 = CARTESIAN_POINT('', (88.5830258853208, 42.7371286518233, 35.5083325703052));
#3634 = CARTESIAN_POINT('', (88.6547236990992, 43., 35.23));
#3635 = CARTESIAN_POINT('', (88.3105694127108, 41.4042222222222, 36.9));
#3636 = CARTESIAN_POINT('', (88.3249092104394, 41.4707131408372, 36.9000001854022));
#3637 = CARTESIAN_POINT('', (88.3354747191339, 41.5197033136671, 36.8642898095099));
#3638 = CARTESIAN_POINT('', (88.34991023287, 41.5866380720726, 36.8332245287227));
#3639 = CARTESIAN_POINT('', (88.3643457466061, 41.653572830478, 36.8021592479354));
#3640 = CARTESIAN_POINT('', (88.3788272463835, 41.7207206976108, 36.7571828817934));
#3641 = CARTESIAN_POINT('', (88.3933439741525, 41.7880320317607, 36.7015051815105));
#3642 = CARTESIAN_POINT('', (88.4223774296906, 41.9226547000606, 36.5901497809446));
#3643 = CARTESIAN_POINT('', (88.4515544792695, 42.0579430598007, 36.4360014596309));
#3644 = CARTESIAN_POINT('', (88.4807345985567, 42.1932456918795, 36.2644722382867));
#3645 = CARTESIAN_POINT('', (88.5390948371311, 42.4638509560373, 35.9214137955983));
#3646 = CARTESIAN_POINT('', (88.5973644941226, 42.7340363079213, 35.5083325703052));
#3647 = CARTESIAN_POINT('', (88.6547236990992, 43., 35.23));
#3648 = CARTESIAN_POINT('', (88.3679284604422, 41.3918518518519, 36.9));
#3649 = CARTESIAN_POINT('', (88.3785141112937, 41.459152411658, 36.9000001864135));
#3650 = CARTESIAN_POINT('', (88.3863690518788, 41.5087271547565, 36.8642898042754));
#3651 = CARTESIAN_POINT('', (88.3978291962934, 41.5763036006361, 36.8332245263998));
#3652 = CARTESIAN_POINT('', (88.4092893407081, 41.6438800465157, 36.8021592485241));
#3653 = CARTESIAN_POINT('', (88.421166851177, 41.7115894977357, 36.7571828753353));
#3654 = CARTESIAN_POINT('', (88.4333646898764, 41.7794009392882, 36.7015051780973));
#3655 = CARTESIAN_POINT('', (88.4577603672753, 41.9150238223932, 36.5901497836212));
#3656 = CARTESIAN_POINT('', (88.4834583070192, 42.0510625019729, 36.4360014578489));
#3657 = CARTESIAN_POINT('', (88.509224296245, 42.1871014430399, 36.2644722352528));
#3658 = CARTESIAN_POINT('', (88.5607562746967, 42.4591793251739, 35.9214137900604));
#3659 = CARTESIAN_POINT('', (88.6117031029244, 42.7309439640194, 35.5083325703053));
#3660 = CARTESIAN_POINT('', (88.6547236990992, 43., 35.23));
#3661 = CARTESIAN_POINT('', (88.4252875081736, 41.3794814814815, 36.9));
#3662 = CARTESIAN_POINT('', (88.4321421265333, 41.4475866819153, 36.9000001719746));
#3663 = CARTESIAN_POINT('', (88.4376183581386, 41.4992006366362, 36.8658159954707));
#3664 = CARTESIAN_POINT('', (88.4461077962256, 41.567379041941, 36.8347119982459));
#3665 = CARTESIAN_POINT('', (88.4545972343127, 41.6355574472458, 36.803608001021));
#3666 = CARTESIAN_POINT('', (88.4638668905816, 41.7037720081721, 36.7585743127555));
#3667 = CARTESIAN_POINT('', (88.4737354275649, 41.7720142395166, 36.7028250553915));
#3668 = CARTESIAN_POINT('', (88.4934725015316, 41.9084987022057, 36.5913265406636));
#3669 = CARTESIAN_POINT('', (88.5156440916223, 42.0450967082053, 36.4369770288755));
#3670 = CARTESIAN_POINT('', (88.5379426758175, 42.1816810219144, 36.2652453790282));
#3671 = CARTESIAN_POINT('', (88.5825398442078, 42.4548496493325, 35.9217820793338));
#3672 = CARTESIAN_POINT('', (88.62604172483, 42.727851680877, 35.5083326338909));
#3673 = CARTESIAN_POINT('', (88.6547236990992, 43., 35.23));
#3674 = CARTESIAN_POINT('', (88.482646555905, 41.3671111111111, 36.9));
#3675 = CARTESIAN_POINT('', (88.4868465883383, 41.4357887835388, 36.9000001413271));
#3676 = CARTESIAN_POINT('', (88.4905390701315, 41.4908398541703, 36.8688683870216));
#3677 = CARTESIAN_POINT('', (88.4965180330285, 41.5594822384794, 36.837686946003));
#3678 = CARTESIAN_POINT('', (88.5024969959255, 41.6281246227884, 36.8065055049845));
#3679 = CARTESIAN_POINT('', (88.509325833433, 41.6967509668061, 36.7613571988976));
#3680 = CARTESIAN_POINT('', (88.5168070136639, 41.7653649429948, 36.7054648159532));
#3681 = CARTESIAN_POINT('', (88.5317693741256, 41.9025928953723, 36.5936800500642));
#3682 = CARTESIAN_POINT('', (88.5493842185721, 42.0397712704533, 36.438928174047));
#3683 = CARTESIAN_POINT('', (88.5671226836983, 42.1769341924908, 36.2667916718886));
#3684 = CARTESIAN_POINT('', (88.6025996139505, 42.4512600365657, 35.9225186675718));
#3685 = CARTESIAN_POINT('', (88.6367962842045, 42.7255324201245, 35.5083327610623));
#3686 = CARTESIAN_POINT('', (88.6547236990992, 43., 35.23));
#3687 = CARTESIAN_POINT('', (88.5113260797707, 41.3609259259259, 36.9));
#3688 = CARTESIAN_POINT('', (88.5141988192407, 41.4298898343506, 36.9000001260033));
#3689 = CARTESIAN_POINT('', (88.5169994261279, 41.4866594629373, 36.870394582797));
#3690 = CARTESIAN_POINT('', (88.5217231514299, 41.5555338367485, 36.8391744198816));
#3691 = CARTESIAN_POINT('', (88.5264468767319, 41.6244082105597, 36.8079542569662));
#3692 = CARTESIAN_POINT('', (88.5320553048588, 41.6932404461231, 36.7627486419687));
#3693 = CARTESIAN_POINT('', (88.5383428067134, 41.7620402947339, 36.706784696234));
#3694 = CARTESIAN_POINT('', (88.5509178104227, 41.8996399919556, 36.5948568047645));
#3695 = CARTESIAN_POINT('', (88.566254282047, 42.0371085515773, 36.4399037466328));
#3696 = CARTESIAN_POINT('', (88.5817126876386, 42.174560777779, 36.2675648183188));
#3697 = CARTESIAN_POINT('', (88.6126294988219, 42.4494652301823, 35.9228869616909));
#3698 = CARTESIAN_POINT('', (88.6421735638917, 42.7243727897483, 35.5083328246479));
#3699 = CARTESIAN_POINT('', (88.6547236990992, 43., 35.23));
#3700 = CARTESIAN_POINT('', (88.5400056036363, 41.3547407407407, 36.9));
#3701 = CARTESIAN_POINT('', (88.5418154830767, 41.4239338521337, 36.9000001066274));
#3702 = CARTESIAN_POINT('', (88.5438694458187, 41.4827722715951, 36.8723023286613));
#3703 = CARTESIAN_POINT('', (88.5474504326418, 41.5518446916711, 36.841033762738));
#3704 = CARTESIAN_POINT('', (88.5510314194649, 41.6209171117471, 36.8097651968146));
#3705 = CARTESIAN_POINT('', (88.5554595887649, 41.6899322540907, 36.7644879472202));
#3706 = CARTESIAN_POINT('', (88.5605380212265, 41.7589034030986, 36.7084345473316));
#3707 = CARTESIAN_POINT('', (88.5706948861497, 41.8968457011142, 36.5963277475544));
#3708 = CARTESIAN_POINT('', (88.583496555631, 42.0346094536595, 36.4411232127549));
#3709 = CARTESIAN_POINT('', (88.5964040625325, 42.1723587883821, 36.2685312520203));
#3710 = CARTESIAN_POINT('', (88.6222190763354, 42.4478574578272, 35.9233473305511));
#3711 = CARTESIAN_POINT('', (88.6466548279461, 42.7234064149695, 35.50833290413));
#3712 = CARTESIAN_POINT('', (88.6547236990992, 43., 35.23));
#3713 = CARTESIAN_POINT('', (88.568685127502, 41.3485555555556, 36.9));
#3714 = CARTESIAN_POINT('', (88.569776680782, 41.4179035615666, 36.9000000831045));
#3715 = CARTESIAN_POINT('', (88.5712234434547, 41.4791622532042, 36.8745916251053));
#3716 = CARTESIAN_POINT('', (88.5738029370027, 41.5483925763869, 36.8432649747899));
#3717 = CARTESIAN_POINT('', (88.5763824305506, 41.6176228995697, 36.8119383244745));
#3718 = CARTESIAN_POINT('', (88.5796741284485, 41.6867971801353, 36.7665751152577));
#3719 = CARTESIAN_POINT('', (88.583512476654, 41.7559284267267, 36.7104143695661));
#3720 = CARTESIAN_POINT('', (88.5911891730649, 41.8941909199094, 36.5980928781829));
#3721 = CARTESIAN_POINT('', (88.6010896079576, 42.0322785980995, 36.4425865725802));
#3722 = CARTESIAN_POINT('', (88.6110712299229, 42.1703553068601, 36.2696909732773));
#3723 = CARTESIAN_POINT('', (88.6310344738535, 42.4465087243814, 35.9238997746716));
#3724 = CARTESIAN_POINT('', (88.6497920669133, 42.7227299159919, 35.5083329995085));
#3725 = CARTESIAN_POINT('', (88.6547236990992, 43., 35.23));
#3726 = CARTESIAN_POINT('', (88.5973646513677, 41.3423703703704, 36.9));
#3727 = CARTESIAN_POINT('', (88.5977378784873, 41.4118732709995, 36.9000000595816));
#3728 = CARTESIAN_POINT('', (88.5985774410907, 41.4755522348133, 36.8768809215492));
#3729 = CARTESIAN_POINT('', (88.6001554413635, 41.5449404611029, 36.8454961868418));
#3730 = CARTESIAN_POINT('', (88.6017334416363, 41.6143286873923, 36.8141114521344));
#3731 = CARTESIAN_POINT('', (88.6038886681321, 41.6836621061799, 36.7686622832952));
#3732 = CARTESIAN_POINT('', (88.6064869320814, 41.7529534503548, 36.7123941918006));
#3733 = CARTESIAN_POINT('', (88.6116834599802, 41.8915361387046, 36.5998580088114));
#3734 = CARTESIAN_POINT('', (88.6186826602842, 42.0299477425395, 36.4440499324056));
#3735 = CARTESIAN_POINT('', (88.6257383973133, 42.1683518253382, 36.2708506945344));
#3736 = CARTESIAN_POINT('', (88.6398498713717, 42.4451599909356, 35.9244522187921));
#3737 = CARTESIAN_POINT('', (88.6529293058805, 42.7220534170144, 35.508333094887));
#3738 = CARTESIAN_POINT('', (88.6547236990992, 43., 35.23));
#3739 = CARTESIAN_POINT('', (88.6260441752334, 41.3361851851852, 36.9));
#3740 = CARTESIAN_POINT('', (88.626044764894, 41.4057684232509, 36.8304166985783));
#3741 = CARTESIAN_POINT('', (88.6264174376279, 41.472218953919, 36.7577809352394));
#3742 = CARTESIAN_POINT('', (88.6271358213781, 41.5417248040775, 36.6882750493392));
#3743 = CARTESIAN_POINT('', (88.6278542051284, 41.6112306542361, 36.6187691634391));
#3744 = CARTESIAN_POINT('', (88.6289171446202, 41.6806993571514, 36.5493004391186));
#3745 = CARTESIAN_POINT('', (88.6302445259814, 41.7501395494405, 36.4798602351719));
#3746 = CARTESIAN_POINT('', (88.6328992887038, 41.8890199340187, 36.3409798272785));
#3747 = CARTESIAN_POINT('', (88.6366305332653, 42.0277842584276, 36.2022155192676));
#3748 = CARTESIAN_POINT('', (88.6403848216964, 42.1665461051972, 36.0634537033472));
#3749 = CARTESIAN_POINT('', (88.6478933985585, 42.4440697987364, 35.7859300715063));
#3750 = CARTESIAN_POINT('', (88.6547225197606, 42.721666793838, 35.508333206162));
#3751 = CARTESIAN_POINT('', (88.6547236990992, 43., 35.23));
#3752 = CARTESIAN_POINT('', (88.6547236990991, 41.33, 36.9));
#3753 = CARTESIAN_POINT('', (88.6547236990991, 41.3995833333333, 36.8304166666667));
#3754 = CARTESIAN_POINT('', (88.6547236990992, 41.4691666666667, 36.7608333333333));
#3755 = CARTESIAN_POINT('', (88.6547236990992, 41.53875, 36.69125));
#3756 = CARTESIAN_POINT('', (88.6547236990992, 41.6083333333333, 36.6216666666667));
#3757 = CARTESIAN_POINT('', (88.6547236990992, 41.6779166666667, 36.5520833333333));
#3758 = CARTESIAN_POINT('', (88.6547236990992, 41.7475, 36.4825));
#3759 = CARTESIAN_POINT('', (88.6547236990992, 41.8866666666667, 36.3433333333333));
#3760 = CARTESIAN_POINT('', (88.6547236990992, 42.0258333333333, 36.2041666666667));
#3761 = CARTESIAN_POINT('', (88.6547236990992, 42.165, 36.065));
#3762 = CARTESIAN_POINT('', (88.6547236990992, 42.4433333333333, 35.7866666666666));
#3763 = CARTESIAN_POINT('', (88.6547236990992, 42.7216666666667, 35.5083333333333));
#3764 = CARTESIAN_POINT('', (88.6547236990992, 43., 35.23));
#3765 = ADVANCED_FACE('', (#3766), #3864, .T.);
#3766 = FACE_OUTER_BOUND('', #3767, .T.);
#3767 = EDGE_LOOP('', (#3768, #3776, #3777, #3859));
#3768 = ORIENTED_EDGE('', *, *, #3769, .T.);
#3769 = EDGE_CURVE('', #3770, #2458, #3772, .T.);
#3770 = VERTEX_POINT('', #3771);
#3771 = CARTESIAN_POINT('', (88.6547236990991, 43., 24.));
#3772 = (
   BOUNDED_CURVE ()
   B_SPLINE_CURVE (2, (#3773, #3774, #3775), .UNSPECIFIED., .F., .U.)
   B_SPLINE_CURVE_WITH_KNOTS ((3, 3), (0., 1.), .UNSPECIFIED.)
   CURVE ()
   GEOMETRIC_REPRESENTATION_ITEM ()
   RATIONAL_B_SPLINE_CURVE ((1., 0.711010099297556, 1.))
   REPRESENTATION_ITEM ('')
);
#3773 = CARTESIAN_POINT('', (88.6547236990992, 43., 24.));
#3774 = CARTESIAN_POINT('', (84.5998651706173, 44.8343029778706, 24.));
#3775 = CARTESIAN_POINT('', (82.7207843891258, 40.8, 24.));
#3776 = ORIENTED_EDGE('', *, *, #2480, .T.);
#3777 = ORIENTED_EDGE('', *, *, #3778, .F.);
#3778 = EDGE_CURVE('', #3447, #2035, #3779, .T.);
#3779 = B_SPLINE_CURVE_WITH_KNOTS('', 3, (#3780, #3781, #3782, #3783, #3784, #3785, #3786, #3787, #3788, #3789, #3790, #3791, #3792, #3793, #3794, #3795, #3796, #3797, #3798, #3799, #3800, #3801, #3802, #3803, #3804, #3805, #3806, #3807, #3808, #3809, #3810, #3811, #3812, #3813, #3814, #3815, #3816, #3817, #3818, #3819, #3820, #3821, #3822, #3823, #3824, #3825, #3826, #3827, #3828, #3829, #3830, #3831, #3832, #3833, #3834, #3835, #3836, #3837, #3838, #3839, #3840, #3841, #3842, #3843, #3844, #3845, #3846, #3847, #3848, #3849, #3850, #3851, #3852, #3853, #3854, #3855, #3856, #3857, #3858), .UNSPECIFIED., .F., .U., (4, 3, 3, 3, 3, 3, 3, 3, 3, 3, 3, 3, 3, 3, 3, 3, 3, 3, 3, 3, 3, 3, 3, 3, 3, 3, 4), (0., 0.194619506835938, 0.389239013671875, 0.583858520507813, 0.77847802734375, 0.973097534179688, 1.07040728759766, 1.16771704101563, 1.20616040039062, 1.30347015380859, 1.40077990722656, 1.5953994140625, 1.79001892089844, 1.98463842773438, 2.17925793457031, 2.37387744140625, 2.56849694824219, 2.76311645507813, 2.95773596191406, 3.15235546875, 3.34697497558594, 3.54159448242188, 3.73621398925781, 3.93083349609375, 4.12545300292969, 4.32007250976562, 4.41058207795117), .UNSPECIFIED.);
#3780 = CARTESIAN_POINT('', (88.6547236990992, 43., 35.23));
#3781 = CARTESIAN_POINT('', (88.5607378359628, 43.042516538473, 35.23));
#3782 = CARTESIAN_POINT('', (88.465062332219, 43.0818905328019, 35.23));
#3783 = CARTESIAN_POINT('', (88.3683751092176, 43.1178429933779, 35.23));
#3784 = CARTESIAN_POINT('', (88.2716878862161, 43.1537954539538, 35.23));
#3785 = CARTESIAN_POINT('', (88.1735311359911, 43.1864966134334, 35.23));
#3786 = CARTESIAN_POINT('', (88.0746003610902, 43.2157147634556, 35.23));
#3787 = CARTESIAN_POINT('', (87.9756695861894, 43.2449329134778, 35.23));
#3788 = CARTESIAN_POINT('', (87.8754963555687, 43.2708064001591, 35.23));
#3789 = CARTESIAN_POINT('', (87.7747904598124, 43.2931518935109, 35.23));
#3790 = CARTESIAN_POINT('', (87.6740845640562, 43.3154973868628, 35.23));
#3791 = CARTESIAN_POINT('', (87.572369167034, 43.3344206914014, 35.23));
#3792 = CARTESIAN_POINT('', (87.4703649865528, 43.3497877235666, 35.23));
#3793 = CARTESIAN_POINT('', (87.3683608060716, 43.3651547557319, 35.23));
#3794 = CARTESIAN_POINT('', (87.2655848587039, 43.3770382774619, 35.23));
#3795 = CARTESIAN_POINT('', (87.1627653769254, 43.3853540865024, 35.23));
#3796 = CARTESIAN_POINT('', (87.1113556360361, 43.3895119910227, 35.23));
#3797 = CARTESIAN_POINT('', (87.0597523760944, 43.3927930013235, 35.23));
#3798 = CARTESIAN_POINT('', (87.0082300174142, 43.3951796693622, 35.23));
#3799 = CARTESIAN_POINT('', (86.956707658734, 43.397566337401, 35.23));
#3800 = CARTESIAN_POINT('', (86.9050220655055, 43.3990699722704, 35.23));
#3801 = CARTESIAN_POINT('', (86.8534480958817, 43.39968257781, 35.23));
#3802 = CARTESIAN_POINT('', (86.8330731943019, 43.3999245948133, 35.23));
#3803 = CARTESIAN_POINT('', (86.8126947686986, 43.4000282263597, 35.23));
#3804 = CARTESIAN_POINT('', (86.7923184594944, 43.3999934437658, 35.23));
#3805 = CARTESIAN_POINT('', (86.7407409268212, 43.399905400325, 35.23));
#3806 = CARTESIAN_POINT('', (86.6890427141483, 43.3989275089008, 35.23));
#3807 = CARTESIAN_POINT('', (86.6374987467376, 43.3970649698095, 35.23));
#3808 = CARTESIAN_POINT('', (86.5859547793269, 43.3952024307183, 35.23));
#3809 = CARTESIAN_POINT('', (86.5343208189769, 43.3924464184227, 35.23));
#3810 = CARTESIAN_POINT('', (86.4828714492627, 43.3888115890854, 35.23));
#3811 = CARTESIAN_POINT('', (86.3799727098342, 43.3815419304107, 35.23));
#3812 = CARTESIAN_POINT('', (86.2770812173259, 43.3707043008054, 35.23));
#3813 = CARTESIAN_POINT('', (86.1749260229238, 43.3563754917177, 35.23));
#3814 = CARTESIAN_POINT('', (86.0727708285217, 43.34204668263, 35.23));
#3815 = CARTESIAN_POINT('', (85.9708682337567, 43.3241588480433, 35.23));
#3816 = CARTESIAN_POINT('', (85.86994028285, 43.3028387345592, 35.23));
#3817 = CARTESIAN_POINT('', (85.7690123319433, 43.2815186210751, 35.23));
#3818 = CARTESIAN_POINT('', (85.6685811373471, 43.2566652792872, 35.23));
#3819 = CARTESIAN_POINT('', (85.5693583174835, 43.2284548108133, 35.23));
#3820 = CARTESIAN_POINT('', (85.4701354976199, 43.2002443423395, 35.23));
#3821 = CARTESIAN_POINT('', (85.3716512386301, 43.1685431723723, 35.23));
#3822 = CARTESIAN_POINT('', (85.2746033636682, 43.133575923716, 35.23));
#3823 = CARTESIAN_POINT('', (85.1775554887064, 43.0986086750597, 35.23));
#3824 = CARTESIAN_POINT('', (85.0814844821421, 43.0602097799744, 35.23));
#3825 = CARTESIAN_POINT('', (84.9870710677123, 43.0186513188754, 35.23));
#3826 = CARTESIAN_POINT('', (84.8926576532826, 42.9770928577764, 35.23));
#3827 = CARTESIAN_POINT('', (84.7994547893631, 42.9321780539444, 35.23));
#3828 = CARTESIAN_POINT('', (84.7081228770896, 42.884225157122, 35.23));
#3829 = CARTESIAN_POINT('', (84.616790964816, 42.8362722602996, 35.23));
#3830 = CARTESIAN_POINT('', (84.5268975532846, 42.7850542165135, 35.23));
#3831 = CARTESIAN_POINT('', (84.439079594071, 42.730933937941, 35.23));
#3832 = CARTESIAN_POINT('', (84.3512616348575, 42.6768136593685, 35.23));
#3833 = CARTESIAN_POINT('', (84.2651033154064, 42.6195348898686, 35.23));
#3834 = CARTESIAN_POINT('', (84.1812151218082, 42.5595034856868, 35.23));
#3835 = CARTESIAN_POINT('', (84.09732692821, 42.4994720815051, 35.23));
#3836 = CARTESIAN_POINT('', (84.0153116551041, 42.4364037976897, 35.23));
#3837 = CARTESIAN_POINT('', (83.9357504324817, 42.3707455128504, 35.23));
#3838 = CARTESIAN_POINT('', (83.8561892098594, 42.3050872280112, 35.23));
#3839 = CARTESIAN_POINT('', (83.7787053202975, 42.2365280542676, 35.23));
#3840 = CARTESIAN_POINT('', (83.703847786074, 42.1655537766512, 35.23));
#3841 = CARTESIAN_POINT('', (83.6289902518504, 42.0945794990348, 35.23));
#3842 = CARTESIAN_POINT('', (83.5564046272131, 42.0208540587712, 35.23));
#3843 = CARTESIAN_POINT('', (83.4866052271404, 41.9448998471521, 35.23));
#3844 = CARTESIAN_POINT('', (83.4168058270677, 41.8689456355329, 35.23));
#3845 = CARTESIAN_POINT('', (83.3494621557569, 41.7904030141071, 35.23));
#3846 = CARTESIAN_POINT('', (83.2850513856375, 41.7098285069362, 35.23));
#3847 = CARTESIAN_POINT('', (83.2206406155181, 41.6292539997653, 35.23));
#3848 = CARTESIAN_POINT('', (83.1588577656141, 41.5462660915872, 35.23));
#3849 = CARTESIAN_POINT('', (83.1001406064241, 41.4614528041267, 35.23));
#3850 = CARTESIAN_POINT('', (83.0414234472342, 41.3766395166662, 35.23));
#3851 = CARTESIAN_POINT('', (82.9854939566747, 41.289599264301, 35.23));
#3852 = CARTESIAN_POINT('', (82.9327484304979, 41.200948782173, 35.23));
#3853 = CARTESIAN_POINT('', (82.880002904321, 41.1122983000449, 35.23));
#3854 = CARTESIAN_POINT('', (82.8301915957528, 41.0216178336547, 35.23));
#3855 = CARTESIAN_POINT('', (82.7836674493632, 40.9295499113586, 35.23));
#3856 = CARTESIAN_POINT('', (82.7620309727922, 40.8867328884083, 35.23));
#3857 = CARTESIAN_POINT('', (82.7410397695207, 40.8434874020584, 35.23));
#3858 = CARTESIAN_POINT('', (82.7207843891258, 40.8, 35.23));
#3859 = ORIENTED_EDGE('', *, *, #3860, .F.);
#3860 = EDGE_CURVE('', #3770, #3447, #3861, .T.);
#3861 = B_SPLINE_CURVE_WITH_KNOTS('', 1, (#3862, #3863), .UNSPECIFIED., .F., .U., (2, 2), (0.662303664921466, 0.956282722513089), .UNSPECIFIED.);
#3862 = CARTESIAN_POINT('', (88.6547236990991, 43., 24.));
#3863 = CARTESIAN_POINT('', (88.6547236990991, 43., 35.23));
#3864 = (
   BOUNDED_SURFACE ()
   B_SPLINE_SURFACE (2, 1, ((#3865, #3866), (#3867, #3868), (#3869, #3870)), .UNSPECIFIED., .F., .F., .U.)
   B_SPLINE_SURFACE_WITH_KNOTS ((3, 3), (2, 2), (5.08948201199207, 12.1093134673471), (1.67, 36.53), .UNSPECIFIED.)
   GEOMETRIC_REPRESENTATION_ITEM ()
   RATIONAL_B_SPLINE_SURFACE (((1., 1.), (0.711010099297556, 0.711010099297556), (1., 1.)))
   REPRESENTATION_ITEM ('')
   SURFACE ()
);
#3865 = CARTESIAN_POINT('', (88.6547236990992, 43., 0.37));
#3866 = CARTESIAN_POINT('', (88.6547236990992, 43., 35.23));
#3867 = CARTESIAN_POINT('', (84.5998651706173, 44.8343029778706, 0.37));
#3868 = CARTESIAN_POINT('', (84.5998651706173, 44.8343029778706, 35.23));
#3869 = CARTESIAN_POINT('', (82.7207843891258, 40.8, 0.37));
#3870 = CARTESIAN_POINT('', (82.7207843891258, 40.8, 35.23));
#3871 = ADVANCED_FACE('', (#3872), #3882, .T.);
#3872 = FACE_OUTER_BOUND('', #3873, .T.);
#3873 = EDGE_LOOP('', (#3874, #3879, #3880, #3881));
#3874 = ORIENTED_EDGE('', *, *, #3875, .T.);
#3875 = EDGE_CURVE('', #3326, #3770, #3876, .T.);
#3876 = B_SPLINE_CURVE_WITH_KNOTS('', 1, (#3877, #3878), .UNSPECIFIED., .F., .U., (2, 2), (0., 1.), .UNSPECIFIED.);
#3877 = CARTESIAN_POINT('', (92.5, 43., 24.));
#3878 = CARTESIAN_POINT('', (88.6547236990991, 43., 24.));
#3879 = ORIENTED_EDGE('', *, *, #3860, .T.);
#3880 = ORIENTED_EDGE('', *, *, #3446, .F.);
#3881 = ORIENTED_EDGE('', *, *, #3332, .F.);
#3882 = B_SPLINE_SURFACE_WITH_KNOTS('', 1, 1, ((#3883, #3884), (#3885, #3886)), .UNSPECIFIED., .F., .F., .U., (2, 2), (2, 2), (0., 0.674609877351028), (0.043717277486911, 0.956282722513089), .UNSPECIFIED.);
#3883 = CARTESIAN_POINT('', (92.5, 43., 0.37));
#3884 = CARTESIAN_POINT('', (92.5, 43., 35.23));
#3885 = CARTESIAN_POINT('', (88.6547236990991, 43., 0.37));
#3886 = CARTESIAN_POINT('', (88.6547236990991, 43., 35.23));
#3887 = ADVANCED_FACE('', (#3888), #3999, .T.);
#3888 = FACE_OUTER_BOUND('', #3889, .T.);
#3889 = EDGE_LOOP('', (#3890, #3996, #3997, #3998));
#3890 = ORIENTED_EDGE('', *, *, #3891, .T.);
#3891 = EDGE_CURVE('', #2023, #3482, #3892, .T.);
#3892 = B_SPLINE_CURVE_WITH_KNOTS('', 3, (#3893, #3894, #3895, #3896, #3897, #3898, #3899, #3900, #3901, #3902, #3903, #3904, #3905, #3906, #3907, #3908, #3909, #3910, #3911, #3912, #3913, #3914, #3915, #3916, #3917, #3918, #3919, #3920, #3921, #3922, #3923, #3924, #3925, #3926, #3927, #3928, #3929, #3930, #3931, #3932, #3933, #3934, #3935, #3936, #3937, #3938, #3939, #3940, #3941, #3942, #3943, #3944, #3945, #3946, #3947, #3948, #3949, #3950, #3951, #3952, #3953, #3954, #3955, #3956, #3957, #3958, #3959, #3960, #3961, #3962, #3963, #3964, #3965, #3966, #3967, #3968, #3969, #3970, #3971, #3972, #3973, #3974, #3975, #3976, #3977, #3978, #3979, #3980, #3981, #3982, #3983, #3984, #3985, #3986, #3987, #3988, #3989, #3990, #3991, #3992, #3993, #3994, #3995), .UNSPECIFIED., .F., .U., (4, 3, 3, 3, 3, 3, 3, 3, 3, 3, 3, 3, 3, 3, 3, 3, 3, 3, 3, 3, 3, 3, 3, 3, 3, 3, 3, 3, 3, 3, 3, 3, 3, 3, 4), (0., 0.0866357845204328, 0.173254137456178, 0.259834769984638, 0.346407263812287, 0.476296240715683, 0.606197715234232, 0.735990787810011, 0.865780628198699, 0.995575370114434, 1.12526649587253, 1.25495854885884, 1.3846469088675, 1.5142366296003, 1.6438312915751, 1.73025578784373, 1.85977367998689, 2.05388328782972, 2.24788258574955, 2.44176719212982, 2.63552913180518, 2.82916652727627, 3.02267719880186, 3.10894989101952, 3.16649267913852, 3.22403494558669, 3.26247907209108, 3.34927427954367, 3.40705000059631, 3.53731146901994, 3.66754232147591, 3.86324608369878, 4.05882329729948, 4.25427715953825, 4.4446701006241), .UNSPECIFIED.);
#3893 = CARTESIAN_POINT('', (84.2164967797797, 40.1033333333333, 36.88));
#3894 = CARTESIAN_POINT('', (84.2286899642677, 40.1295115588649, 36.88));
#3895 = CARTESIAN_POINT('', (84.241282538524, 40.155507437484, 36.8799998874288));
#3896 = CARTESIAN_POINT('', (84.2542657767443, 40.1813029558011, 36.8799999913247));
#3897 = CARTESIAN_POINT('', (84.2672464026674, 40.2070932839214, 36.8800000951997));
#3898 = CARTESIAN_POINT('', (84.2806205326497, 40.2326892875565, 36.879998861042));
#3899 = CARTESIAN_POINT('', (84.2943789030588, 40.258073237555, 36.8799985806922));
#3900 = CARTESIAN_POINT('', (84.308131281997, 40.2834461333959, 36.8799983004644));
#3901 = CARTESIAN_POINT('', (84.3222707398365, 40.3086130146706, 36.8799990390419));
#3902 = CARTESIAN_POINT('', (84.3367874913504, 40.3335564646124, 36.8799996512238));
#3903 = CARTESIAN_POINT('', (84.3513028782693, 40.358497569835, 36.8800002633482));
#3904 = CARTESIAN_POINT('', (84.3661988359183, 40.3832210384502, 36.8799995284354));
#3905 = CARTESIAN_POINT('', (84.3814650574608, 40.4077097637533, 36.8799989382189));
#3906 = CARTESIAN_POINT('', (84.4043697216293, 40.4444514045984, 36.8799980526879));
#3907 = CARTESIAN_POINT('', (84.4281180167855, 40.4806803691815, 36.879999623693));
#3908 = CARTESIAN_POINT('', (84.452672961847, 40.516340241396, 36.879999970114));
#3909 = CARTESIAN_POINT('', (84.4772302695282, 40.5520035447204, 36.8800003165683));
#3910 = CARTESIAN_POINT('', (84.5026071312293, 40.5871161605195, 36.8799980623571));
#3911 = CARTESIAN_POINT('', (84.5287640222559, 40.621623400573, 36.8799986850801));
#3912 = CARTESIAN_POINT('', (84.5548990855255, 40.6561018445573, 36.8799993072834));
#3913 = CARTESIAN_POINT('', (84.5818264276921, 40.6899938010356, 36.8799999146765));
#3914 = CARTESIAN_POINT('', (84.6095041790905, 40.7232465709766, 36.8799989942062));
#3915 = CARTESIAN_POINT('', (84.6371812412405, 40.7564985128367, 36.8799980737589));
#3916 = CARTESIAN_POINT('', (84.6656230198454, 40.7891285340054, 36.8799994856273));
#3917 = CARTESIAN_POINT('', (84.6947852926341, 40.8210859001852, 36.8799999441841));
#3918 = CARTESIAN_POINT('', (84.7239486667392, 40.8530444732383, 36.8800004027582));
#3919 = CARTESIAN_POINT('', (84.7538477050751, 40.8843469048415, 36.8799980882132));
#3920 = CARTESIAN_POINT('', (84.7844359160792, 40.9149445212234, 36.8799986456872));
#3921 = CARTESIAN_POINT('', (84.8149997082752, 40.9455177112889, 36.8799992027161));
#3922 = CARTESIAN_POINT('', (84.8462673954491, 40.9754030392332, 36.880000012473));
#3923 = CARTESIAN_POINT('', (84.8781904353952, 41.0045541089251, 36.8799990590252));
#3924 = CARTESIAN_POINT('', (84.9101137035754, 41.0337053870329, 36.8799981055706));
#3925 = CARTESIAN_POINT('', (84.9427088540923, 41.0621374820765, 36.8799993379233));
#3926 = CARTESIAN_POINT('', (84.9759252831708, 41.0898062533988, 36.879999907398));
#3927 = CARTESIAN_POINT('', (85.0091407664123, 41.1174742368535, 36.8800004768565));
#3928 = CARTESIAN_POINT('', (85.0429946810278, 41.1443932575952, 36.8799981253331));
#3929 = CARTESIAN_POINT('', (85.0774344720343, 41.1705215264041, 36.87999860728));
#3930 = CARTESIAN_POINT('', (85.1118480685847, 41.1966299223923, 36.8799990888604));
#3931 = CARTESIAN_POINT('', (85.1468644378251, 41.2219622643446, 36.8800001149261));
#3932 = CARTESIAN_POINT('', (85.1824293027719, 41.2464792859663, 36.8799991328864));
#3933 = CARTESIAN_POINT('', (85.2179955238031, 41.2709972424193, 36.8799981508093));
#3934 = CARTESIAN_POINT('', (85.2541286598939, 41.2947124850608, 36.8799991829038));
#3935 = CARTESIAN_POINT('', (85.2907726987467, 41.3175882513678, 36.8799998584129));
#3936 = CARTESIAN_POINT('', (85.3152099907682, 41.332843714438, 36.8800003088986));
#3937 = CARTESIAN_POINT('', (85.3398814507219, 41.3477303226558, 36.8799992001903));
#3938 = CARTESIAN_POINT('', (85.3647700662153, 41.3622378108477, 36.879998737523));
#3939 = CARTESIAN_POINT('', (85.4020687622591, 41.3839790922209, 36.8799980441583));
#3940 = CARTESIAN_POINT('', (85.4398713534056, 41.4048780291176, 36.8800001648985));
#3941 = CARTESIAN_POINT('', (85.4781193088424, 41.4249022631272, 36.8799999932022));
#3942 = CARTESIAN_POINT('', (85.5354418571621, 41.4549127593346, 36.8799997358794));
#3943 = CARTESIAN_POINT('', (85.5938207874307, 41.4829862972138, 36.8800001060808));
#3944 = CARTESIAN_POINT('', (85.6530531706051, 41.5090252912805, 36.8799999988684));
#3945 = CARTESIAN_POINT('', (85.7122518927996, 41.5350494877312, 36.8799998917169));
#3946 = CARTESIAN_POINT('', (85.7723716313763, 41.5590715829985, 36.8799999393111));
#3947 = CARTESIAN_POINT('', (85.8332036433758, 41.58100816948, 36.8799999996456));
#3948 = CARTESIAN_POINT('', (85.893999691755, 41.6029317871471, 36.8800000599445));
#3949 = CARTESIAN_POINT('', (85.9555774718843, 41.6227977153143, 36.8799997648953));
#3950 = CARTESIAN_POINT('', (86.0177234308158, 41.6405370585536, 36.8799999946127));
#3951 = CARTESIAN_POINT('', (86.0798300713087, 41.6582651784842, 36.8800002241848));
#3952 = CARTESIAN_POINT('', (86.1425758985059, 41.6738898809802, 36.8799995878682));
#3953 = CARTESIAN_POINT('', (86.2057435836673, 41.687357047751, 36.8799999832023));
#3954 = CARTESIAN_POINT('', (86.2688706665871, 41.7008155582421, 36.8800003782823));
#3955 = CARTESIAN_POINT('', (86.3324918774357, 41.7121348323718, 36.8799994093385));
#3956 = CARTESIAN_POINT('', (86.3963871384025, 41.7212757146286, 36.8799999649301));
#3957 = CARTESIAN_POINT('', (86.4602405837916, 41.7304106147317, 36.8800005201581));
#3958 = CARTESIAN_POINT('', (86.5244412749943, 41.737380499327, 36.8799992305097));
#3959 = CARTESIAN_POINT('', (86.5887674199928, 41.7421612897834, 36.8799999393843));
#3960 = CARTESIAN_POINT('', (86.6174458885508, 41.7442927053811, 36.8800002554213));
#3961 = CARTESIAN_POINT('', (86.6461599090151, 41.7459902009489, 36.8799995225955));
#3962 = CARTESIAN_POINT('', (86.6748897508958, 41.7472526100733, 36.8799998313382));
#3963 = CARTESIAN_POINT('', (86.6940521899196, 41.7480946208985, 36.8800000372655));
#3964 = CARTESIAN_POINT('', (86.7132241064837, 41.7487432057586, 36.8799998464838));
#3965 = CARTESIAN_POINT('', (86.732399639395, 41.74919816637, 36.879999708143));
#3966 = CARTESIAN_POINT('', (86.751574998465, 41.7496531228567, 36.8799995698036));
#3967 = CARTESIAN_POINT('', (86.770755927873, 41.7499145049679, 36.8799998896221));
#3968 = CARTESIAN_POINT('', (86.7899365637806, 41.7499822327957, 36.8799999861428));
#3969 = CARTESIAN_POINT('', (86.802751192727, 41.7500274819203, 36.8800000506286));
#3970 = CARTESIAN_POINT('', (86.8155664183291, 41.7499862988062, 36.879999997367));
#3971 = CARTESIAN_POINT('', (86.828380491775, 41.7498586890733, 36.8799999994643));
#3972 = CARTESIAN_POINT('', (86.8573107930766, 41.7495705849012, 36.8800000041992));
#3973 = CARTESIAN_POINT('', (86.8862400597638, 41.7488418168493, 36.8799995875015));
#3974 = CARTESIAN_POINT('', (86.9151481719724, 41.7476728917647, 36.8799998897864));
#3975 = CARTESIAN_POINT('', (86.9343910204677, 41.7468947901666, 36.880000091004));
#3976 = CARTESIAN_POINT('', (86.953626969678, 41.7459215812893, 36.8799997603665));
#3977 = CARTESIAN_POINT('', (86.9728500911327, 41.744753565073, 36.8799996746883));
#3978 = CARTESIAN_POINT('', (87.0161906498094, 41.7421201490861, 36.8799994815179));
#3979 = CARTESIAN_POINT('', (87.0594823088578, 41.7384950713883, 36.8799993165979));
#3980 = CARTESIAN_POINT('', (87.1026572670295, 41.7338840093967, 36.8799986878896));
#3981 = CARTESIAN_POINT('', (87.145822077587, 41.7292740311647, 36.8799980593291));
#3982 = CARTESIAN_POINT('', (87.1888927683991, 41.7236761265161, 36.8800003220958));
#3983 = CARTESIAN_POINT('', (87.2318019159813, 41.7170990584917, 36.8799999690267));
#3984 = CARTESIAN_POINT('', (87.296283422915, 41.707215402411, 36.8799994384538));
#3985 = CARTESIAN_POINT('', (87.3604631568496, 41.6951094077349, 36.8800004766407));
#3986 = CARTESIAN_POINT('', (87.424114348585, 41.68082384913, 36.8799999722593));
#3987 = CARTESIAN_POINT('', (87.4877243813231, 41.6665475280469, 36.8799994682041));
#3988 = CARTESIAN_POINT('', (87.5508814019782, 41.6500776661345, 36.8800004454113));
#3989 = CARTESIAN_POINT('', (87.6133625432032, 41.6314723819424, 36.8799999762466));
#3990 = CARTESIAN_POINT('', (87.6758042773126, 41.6128788321804, 36.8799995073778));
#3991 = CARTESIAN_POINT('', (87.7376443634566, 41.592130705952, 36.8800004057885));
#3992 = CARTESIAN_POINT('', (87.7986648564, 41.5693011266231, 36.8799999807583));
#3993 = CARTESIAN_POINT('', (87.8581053350117, 41.547062677598, 36.8799995667335));
#3994 = CARTESIAN_POINT('', (87.916835301396, 41.5228241703684, 36.88));
#3995 = CARTESIAN_POINT('', (87.9746583427628, 41.4966666666667, 36.88));
#3996 = ORIENTED_EDGE('', *, *, #3513, .F.);
#3997 = ORIENTED_EDGE('', *, *, #3778, .T.);
#3998 = ORIENTED_EDGE('', *, *, #2034, .F.);
#3999 = B_SPLINE_SURFACE_WITH_KNOTS('', 3, 1, ((#4000, #4001), (#4002, #4003), (#4004, #4005), (#4006, #4007), (#4008, #4009), (#4010, #4011), (#4012, #4013), (#4014, #4015), (#4016, #4017), (#4018, #4019), (#4020, #4021), (#4022, #4023), (#4024, #4025), (#4026, #4027), (#4028, #4029), (#4030, #4031), (#4032, #4033), (#4034, #4035), (#4036, #4037), (#4038, #4039), (#4040, #4041), (#4042, #4043), (#4044, #4045), (#4046, #4047), (#4048, #4049), (#4050, #4051), (#4052, #4053), (#4054, #4055), (#4056, #4057), (#4058, #4059), (#4060, #4061), (#4062, #4063), (#4064, #4065), (#4066, #4067), (#4068, #4069), (#4070, #4071), (#4072, #4073), (#4074, #4075), (#4076, #4077), (#4078, #4079), (#4080, #4081), (#4082, #4083), (#4084, #4085), (#4086, #4087), (#4088, #4089), (#4090, #4091), (#4092, #4093), (#4094, #4095), (#4096, #4097), (#4098, #4099), (#4100, #4101), (#4102, #4103), (#4104, #4105), (#4106, #4107), (#4108, #4109), (#4110, #4111), (#4112, #4113), (#4114, #4115), (#4116, #4117), (#4118, #4119), (#4120, #4121), (#4122, #4123), (#4124, #4125), (#4126, #4127), (#4128, #4129), (#4130, #4131), (#4132, #4133), (#4134, #4135), (#4136, #4137), (#4138, #4139), (#4140, #4141), (#4142, #4143), (#4144, #4145), (#4146, #4147), (#4148, #4149), (#4150, #4151), (#4152, #4153), (#4154, #4155), (#4156, #4157)), .UNSPECIFIED., .F., .F., .U., (4, 3, 3, 3, 3, 3, 3, 3, 3, 3, 3, 3, 3, 3, 3, 3, 3, 3, 3, 3, 3, 3, 3, 3, 3, 3, 4), (2, 2), (0., 0.194619506835938, 0.389239013671875, 0.583858520507813, 0.77847802734375, 0.973097534179688, 1.07040728759766, 1.16771704101563, 1.20616040039062, 1.30347015380859, 1.40077990722656, 1.5953994140625, 1.79001892089844, 1.98463842773438, 2.17925793457031, 2.37387744140625, 2.56849694824219, 2.76311645507813, 2.95773596191406, 3.15235546875, 3.34697497558594, 3.54159448242188, 3.73621398925781, 3.93083349609375, 4.12545300292969, 4.32007250976562, 4.41058207795117), (0., 1.), .UNSPECIFIED.);
#4000 = CARTESIAN_POINT('', (88.6547236990992, 43., 35.23));
#4001 = CARTESIAN_POINT('', (87.9664151263224, 41.4784444444444, 36.9));
#4002 = CARTESIAN_POINT('', (88.5607378359628, 43.042516538473, 35.23));
#4003 = CARTESIAN_POINT('', (87.9073084612833, 41.5051826230841, 36.9));
#4004 = CARTESIAN_POINT('', (88.465062332219, 43.0818905328019, 35.23));
#4005 = CARTESIAN_POINT('', (87.84713920004, 41.5299444906288, 36.9));
#4006 = CARTESIAN_POINT('', (88.3683751092176, 43.1178429933779, 35.23));
#4007 = CARTESIAN_POINT('', (87.7863336797968, 41.5525545936132, 36.9));
#4008 = CARTESIAN_POINT('', (88.2716878862161, 43.1537954539538, 35.23));
#4009 = CARTESIAN_POINT('', (87.7255281595537, 41.5751646965976, 36.9));
#4010 = CARTESIAN_POINT('', (88.1735311359911, 43.1864966134334, 35.23));
#4011 = CARTESIAN_POINT('', (87.6637984699677, 41.5957300924481, 36.9));
#4012 = CARTESIAN_POINT('', (88.0746003610902, 43.2157147634556, 35.23));
#4013 = CARTESIAN_POINT('', (87.6015820048634, 41.614105062351, 36.9));
#4014 = CARTESIAN_POINT('', (87.9756695861894, 43.2449329134778, 35.23));
#4015 = CARTESIAN_POINT('', (87.5393655397591, 41.6324800322538, 36.9));
#4016 = CARTESIAN_POINT('', (87.8754963555687, 43.2708064001591, 35.23));
#4017 = CARTESIAN_POINT('', (87.4763677080576, 41.6487515805445, 36.9));
#4018 = CARTESIAN_POINT('', (87.7747904598124, 43.2931518935109, 35.23));
#4019 = CARTESIAN_POINT('', (87.4130348891709, 41.6628044130302, 36.9));
#4020 = CARTESIAN_POINT('', (87.6740845640562, 43.3154973868628, 35.23));
#4021 = CARTESIAN_POINT('', (87.3497020702842, 41.6768572455159, 36.9));
#4022 = CARTESIAN_POINT('', (87.572369167034, 43.3344206914014, 35.23));
#4023 = CARTESIAN_POINT('', (87.2857343872681, 41.6887579014813, 36.9));
#4024 = CARTESIAN_POINT('', (87.4703649865528, 43.3497877235666, 35.23));
#4025 = CARTESIAN_POINT('', (87.2215850915432, 41.6984220572652, 36.9));
#4026 = CARTESIAN_POINT('', (87.3683608060716, 43.3651547557319, 35.23));
#4027 = CARTESIAN_POINT('', (87.1574357958184, 41.7080862130492, 36.9));
#4028 = CARTESIAN_POINT('', (87.2655848587039, 43.3770382774619, 35.23));
#4029 = CARTESIAN_POINT('', (87.0928011444738, 41.7155596278261, 36.9));
#4030 = CARTESIAN_POINT('', (87.1627653769254, 43.3853540865024, 35.23));
#4031 = CARTESIAN_POINT('', (87.0281391148219, 41.7207893477338, 36.9));
#4032 = CARTESIAN_POINT('', (87.1113556360361, 43.3895119910227, 35.23));
#4033 = CARTESIAN_POINT('', (86.995808099996, 41.7234042076877, 36.9));
#4034 = CARTESIAN_POINT('', (87.0597523760944, 43.3927930013235, 35.23));
#4035 = CARTESIAN_POINT('', (86.9633553831883, 41.7254675986101, 36.9));
#4036 = CARTESIAN_POINT('', (87.0082300174142, 43.3951796693622, 35.23));
#4037 = CARTESIAN_POINT('', (86.9309535442849, 41.7269685476211, 36.9));
#4038 = CARTESIAN_POINT('', (86.956707658734, 43.397566337401, 35.23));
#4039 = CARTESIAN_POINT('', (86.8985517053816, 41.7284694966322, 36.9));
#4040 = CARTESIAN_POINT('', (86.9050220655055, 43.3990699722704, 35.23));
#4041 = CARTESIAN_POINT('', (86.8660472100845, 41.7294151158946, 36.9));
#4042 = CARTESIAN_POINT('', (86.8534480958817, 43.39968257781, 35.23));
#4043 = CARTESIAN_POINT('', (86.8336129136322, 41.7298003767117, 36.9));
#4044 = CARTESIAN_POINT('', (86.8330731943019, 43.3999245948133, 35.23));
#4045 = CARTESIAN_POINT('', (86.8207993644165, 41.729952578516, 36.9));
#4046 = CARTESIAN_POINT('', (86.8126947686986, 43.4000282263597, 35.23));
#4047 = CARTESIAN_POINT('', (86.8079835989816, 41.730017751244, 36.9));
#4048 = CARTESIAN_POINT('', (86.7923184594944, 43.3999934437658, 35.23));
#4049 = CARTESIAN_POINT('', (86.7951691645265, 41.7299958768572, 36.9));
#4050 = CARTESIAN_POINT('', (86.7407409268212, 43.399905400325, 35.23));
#4051 = CARTESIAN_POINT('', (86.762732627312, 41.7299405073155, 36.9));
#4052 = CARTESIAN_POINT('', (86.6890427141483, 43.3989275089008, 35.23));
#4053 = CARTESIAN_POINT('', (86.7302201957866, 41.7293255222643, 36.9));
#4054 = CARTESIAN_POINT('', (86.6374987467376, 43.3970649698095, 35.23));
#4055 = CARTESIAN_POINT('', (86.6978047673928, 41.7281541921247, 36.9));
#4056 = CARTESIAN_POINT('', (86.5859547793269, 43.3952024307183, 35.23));
#4057 = CARTESIAN_POINT('', (86.6653893389989, 41.726982861985, 36.9));
#4058 = CARTESIAN_POINT('', (86.5343208189769, 43.3924464184227, 35.23));
#4059 = CARTESIAN_POINT('', (86.6329173150455, 41.7252496364748, 36.9));
#4060 = CARTESIAN_POINT('', (86.4828714492627, 43.3888115890854, 35.23));
#4061 = CARTESIAN_POINT('', (86.6005613780919, 41.7229637326915, 36.9));
#4062 = CARTESIAN_POINT('', (86.3799727098342, 43.3815419304107, 35.23));
#4063 = CARTESIAN_POINT('', (86.5358495041847, 41.718391925125, 36.9));
#4064 = CARTESIAN_POINT('', (86.2770812173259, 43.3707043008054, 35.23));
#4065 = CARTESIAN_POINT('', (86.471142187785, 41.7115762602843, 36.9));
#4066 = CARTESIAN_POINT('', (86.1749260229238, 43.3563754917177, 35.23));
#4067 = CARTESIAN_POINT('', (86.4068979210832, 41.702565031458, 36.9));
#4068 = CARTESIAN_POINT('', (86.0727708285217, 43.34204668263, 35.23));
#4069 = CARTESIAN_POINT('', (86.3426536543815, 41.6935538026318, 36.9));
#4070 = CARTESIAN_POINT('', (85.9708682337567, 43.3241588480433, 35.23));
#4071 = CARTESIAN_POINT('', (86.2785682447848, 41.6823043422139, 36.9));
#4072 = CARTESIAN_POINT('', (85.86994028285, 43.3028387345592, 35.23));
#4073 = CARTESIAN_POINT('', (86.2150957778812, 41.6688963597339, 36.9));
#4074 = CARTESIAN_POINT('', (85.7690123319433, 43.2815186210751, 35.23));
#4075 = CARTESIAN_POINT('', (86.1516233109777, 41.6554883772539, 36.9));
#4076 = CARTESIAN_POINT('', (85.6685811373471, 43.2566652792872, 35.23));
#4077 = CARTESIAN_POINT('', (86.0884632485983, 41.6398583867517, 36.9));
#4078 = CARTESIAN_POINT('', (85.5693583174835, 43.2284548108133, 35.23));
#4079 = CARTESIAN_POINT('', (86.0260631196618, 41.6221171365782, 36.9));
#4080 = CARTESIAN_POINT('', (85.4701354976199, 43.2002443423395, 35.23));
#4081 = CARTESIAN_POINT('', (85.9636629907254, 41.6043758864046, 36.9));
#4082 = CARTESIAN_POINT('', (85.3716512386301, 43.1685431723723, 35.23));
#4083 = CARTESIAN_POINT('', (85.9017273345163, 41.5844393728475, 36.9));
#4084 = CARTESIAN_POINT('', (85.2746033636682, 43.133575923716, 35.23));
#4085 = CARTESIAN_POINT('', (85.8406950042625, 41.5624488586925, 36.9));
#4086 = CARTESIAN_POINT('', (85.1775554887064, 43.0986086750597, 35.23));
#4087 = CARTESIAN_POINT('', (85.7796626740087, 41.5404583445375, 36.9));
#4088 = CARTESIAN_POINT('', (85.0814844821421, 43.0602097799744, 35.23));
#4089 = CARTESIAN_POINT('', (85.719244685436, 41.5163097060728, 36.9));
#4090 = CARTESIAN_POINT('', (84.9870710677123, 43.0186513188754, 35.23));
#4091 = CARTESIAN_POINT('', (85.6598691381391, 41.4901740516483, 36.9));
#4092 = CARTESIAN_POINT('', (84.8926576532826, 42.9770928577764, 35.23));
#4093 = CARTESIAN_POINT('', (85.6004935908421, 41.4640383972239, 36.9));
#4094 = CARTESIAN_POINT('', (84.7994547893631, 42.9321780539444, 35.23));
#4095 = CARTESIAN_POINT('', (85.5418793453106, 41.4357919761473, 36.9));
#4096 = CARTESIAN_POINT('', (84.7081228770896, 42.884225157122, 35.23));
#4097 = CARTESIAN_POINT('', (85.4844417204808, 41.4056349321456, 36.9));
#4098 = CARTESIAN_POINT('', (84.616790964816, 42.8362722602996, 35.23));
#4099 = CARTESIAN_POINT('', (85.427004095651, 41.375477888144, 36.9));
#4100 = CARTESIAN_POINT('', (84.5268975532846, 42.7850542165135, 35.23));
#4101 = CARTESIAN_POINT('', (85.3704711279545, 41.3432674294963, 36.9));
#4102 = CARTESIAN_POINT('', (84.439079594071, 42.730933937941, 35.23));
#4103 = CARTESIAN_POINT('', (85.3152433891602, 41.3092317876385, 36.9));
#4104 = CARTESIAN_POINT('', (84.3512616348575, 42.6768136593685, 35.23));
#4105 = CARTESIAN_POINT('', (85.2600156503659, 41.2751961457806, 36.9));
#4106 = CARTESIAN_POINT('', (84.2651033154064, 42.6195348898686, 35.23));
#4107 = CARTESIAN_POINT('', (85.2058316405778, 41.2391741640729, 36.9));
#4108 = CARTESIAN_POINT('', (84.1812151218082, 42.5595034856868, 35.23));
#4109 = CARTESIAN_POINT('', (85.153075287715, 41.2014210809986, 36.9));
#4110 = CARTESIAN_POINT('', (84.09732692821, 42.4994720815051, 35.23));
#4111 = CARTESIAN_POINT('', (85.1003189348521, 41.1636679979243, 36.9));
#4112 = CARTESIAN_POINT('', (84.0153116551041, 42.4364037976897, 35.23));
#4113 = CARTESIAN_POINT('', (85.0487404408766, 41.1240050549915, 36.9));
#4114 = CARTESIAN_POINT('', (83.9357504324817, 42.3707455128504, 35.23));
#4115 = CARTESIAN_POINT('', (84.998705271983, 41.0827132891926, 36.9));
#4116 = CARTESIAN_POINT('', (83.8561892098594, 42.3050872280112, 35.23));
#4117 = CARTESIAN_POINT('', (84.9486701030893, 41.0414215233937, 36.9));
#4118 = CARTESIAN_POINT('', (83.7787053202975, 42.2365280542676, 35.23));
#4119 = CARTESIAN_POINT('', (84.899941345876, 40.9983054207949, 36.9));
#4120 = CARTESIAN_POINT('', (83.703847786074, 42.1655537766512, 35.23));
#4121 = CARTESIAN_POINT('', (84.8528642743532, 40.9536704862051, 36.9));
#4122 = CARTESIAN_POINT('', (83.6289902518504, 42.0945794990348, 35.23));
#4123 = CARTESIAN_POINT('', (84.8057872028303, 40.9090355516152, 36.9));
#4124 = CARTESIAN_POINT('', (83.5564046272131, 42.0208540587712, 35.23));
#4125 = CARTESIAN_POINT('', (84.7601389100029, 40.862670441405, 36.9));
#4126 = CARTESIAN_POINT('', (83.4866052271404, 41.9448998471521, 35.23));
#4127 = CARTESIAN_POINT('', (84.7162428428461, 40.8149036816534, 36.9));
#4128 = CARTESIAN_POINT('', (83.4168058270677, 41.8689456355329, 35.23));
#4129 = CARTESIAN_POINT('', (84.6723467756892, 40.7671369219018, 36.9));
#4130 = CARTESIAN_POINT('', (83.3494621557569, 41.7904030141071, 35.23));
#4131 = CARTESIAN_POINT('', (84.6299950890649, 40.7177423399829, 36.9));
#4132 = CARTESIAN_POINT('', (83.2850513856375, 41.7098285069362, 35.23));
#4133 = CARTESIAN_POINT('', (84.5894878714121, 40.6670699276955, 36.9));
#4134 = CARTESIAN_POINT('', (83.2206406155181, 41.6292539997653, 35.23));
#4135 = CARTESIAN_POINT('', (84.5489806537592, 40.616397515408, 36.9));
#4136 = CARTESIAN_POINT('', (83.1588577656141, 41.5462660915872, 35.23));
#4137 = CARTESIAN_POINT('', (84.5101261059306, 40.5642073420426, 36.9));
#4138 = CARTESIAN_POINT('', (83.1001406064241, 41.4614528041267, 35.23));
#4139 = CARTESIAN_POINT('', (84.473199536929, 40.5108692079286, 36.9));
#4140 = CARTESIAN_POINT('', (83.0414234472342, 41.3766395166662, 35.23));
#4141 = CARTESIAN_POINT('', (84.4362729679273, 40.4575310738145, 36.9));
#4142 = CARTESIAN_POINT('', (82.9854939566747, 41.289599264301, 35.23));
#4143 = CARTESIAN_POINT('', (84.4010995327532, 40.402792426216, 36.9));
#4144 = CARTESIAN_POINT('', (82.9327484304979, 41.200948782173, 35.23));
#4145 = CARTESIAN_POINT('', (84.367928457402, 40.347041123011, 36.9));
#4146 = CARTESIAN_POINT('', (82.880002904321, 41.1122983000449, 35.23));
#4147 = CARTESIAN_POINT('', (84.3347573820508, 40.291289819806, 36.9));
#4148 = CARTESIAN_POINT('', (82.8301915957528, 41.0216178336547, 35.23));
#4149 = CARTESIAN_POINT('', (84.3034316035512, 40.2342618820539, 36.9));
#4150 = CARTESIAN_POINT('', (82.7836674493632, 40.9295499113586, 35.23));
#4151 = CARTESIAN_POINT('', (84.2741730848218, 40.1763613886988, 36.9));
#4152 = CARTESIAN_POINT('', (82.7620309727922, 40.8867328884083, 35.23));
#4153 = CARTESIAN_POINT('', (84.2605661451115, 40.1494342387101, 36.9));
#4154 = CARTESIAN_POINT('', (82.7410397695207, 40.8434874020584, 35.23));
#4155 = CARTESIAN_POINT('', (84.2473650106096, 40.1222376328501, 36.9));
#4156 = CARTESIAN_POINT('', (82.7207843891258, 40.8, 35.23));
#4157 = CARTESIAN_POINT('', (84.2346266269391, 40.0948888888889, 36.9));
#4158 = ADVANCED_FACE('', (#4159), #4258, .T.);
#4159 = FACE_OUTER_BOUND('', #4160, .T.);
#4160 = EDGE_LOOP('', (#4161, #4162, #4169, #4253));
#4161 = ORIENTED_EDGE('', *, *, #3891, .F.);
#4162 = ORIENTED_EDGE('', *, *, #4163, .F.);
#4163 = EDGE_CURVE('', #4164, #2023, #4166, .T.);
#4164 = VERTEX_POINT('', #4165);
#4165 = CARTESIAN_POINT('', (84.2346266269391, 40.0948888888889, 36.9));
#4166 = B_SPLINE_CURVE_WITH_KNOTS('', 1, (#4167, #4168), .UNSPECIFIED., .F., .U., (2, 2), (0., 0.0119760479041893), .UNSPECIFIED.);
#4167 = CARTESIAN_POINT('', (84.2346266269391, 40.0948888888889, 36.9));
#4168 = CARTESIAN_POINT('', (84.2164967797796, 40.1033333333333, 36.88));
#4169 = ORIENTED_EDGE('', *, *, #4170, .F.);
#4170 = EDGE_CURVE('', #4171, #4164, #4173, .T.);
#4171 = VERTEX_POINT('', #4172);
#4172 = CARTESIAN_POINT('', (87.9664151263224, 41.4784444444444, 36.9));
#4173 = B_SPLINE_CURVE_WITH_KNOTS('', 3, (#4174, #4175, #4176, #4177, #4178, #4179, #4180, #4181, #4182, #4183, #4184, #4185, #4186, #4187, #4188, #4189, #4190, #4191, #4192, #4193, #4194, #4195, #4196, #4197, #4198, #4199, #4200, #4201, #4202, #4203, #4204, #4205, #4206, #4207, #4208, #4209, #4210, #4211, #4212, #4213, #4214, #4215, #4216, #4217, #4218, #4219, #4220, #4221, #4222, #4223, #4224, #4225, #4226, #4227, #4228, #4229, #4230, #4231, #4232, #4233, #4234, #4235, #4236, #4237, #4238, #4239, #4240, #4241, #4242, #4243, #4244, #4245, #4246, #4247, #4248, #4249, #4250, #4251, #4252), .UNSPECIFIED., .F., .U., (4, 3, 3, 3, 3, 3, 3, 3, 3, 3, 3, 3, 3, 3, 3, 3, 3, 3, 3, 3, 3, 3, 3, 3, 3, 3, 4), (0., 0.194619506835938, 0.389239013671875, 0.583858520507813, 0.77847802734375, 0.973097534179688, 1.07040728759766, 1.16771704101563, 1.20616040039062, 1.30347015380859, 1.40077990722656, 1.5953994140625, 1.79001892089844, 1.98463842773438, 2.17925793457031, 2.37387744140625, 2.56849694824219, 2.76311645507813, 2.95773596191406, 3.15235546875, 3.34697497558594, 3.54159448242188, 3.73621398925781, 3.93083349609375, 4.12545300292969, 4.32007250976562, 4.41058207795117), .UNSPECIFIED.);
#4174 = CARTESIAN_POINT('', (87.9664151263224, 41.4784444444444, 36.9));
#4175 = CARTESIAN_POINT('', (87.9073084612833, 41.5051826230841, 36.9));
#4176 = CARTESIAN_POINT('', (87.84713920004, 41.5299444906288, 36.9));
#4177 = CARTESIAN_POINT('', (87.7863336797968, 41.5525545936132, 36.9));
#4178 = CARTESIAN_POINT('', (87.7255281595537, 41.5751646965976, 36.9));
#4179 = CARTESIAN_POINT('', (87.6637984699677, 41.5957300924481, 36.9));
#4180 = CARTESIAN_POINT('', (87.6015820048634, 41.614105062351, 36.9));
#4181 = CARTESIAN_POINT('', (87.5393655397591, 41.6324800322538, 36.9));
#4182 = CARTESIAN_POINT('', (87.4763677080576, 41.6487515805445, 36.9));
#4183 = CARTESIAN_POINT('', (87.4130348891709, 41.6628044130302, 36.9));
#4184 = CARTESIAN_POINT('', (87.3497020702842, 41.6768572455159, 36.9));
#4185 = CARTESIAN_POINT('', (87.2857343872681, 41.6887579014813, 36.9));
#4186 = CARTESIAN_POINT('', (87.2215850915432, 41.6984220572652, 36.9));
#4187 = CARTESIAN_POINT('', (87.1574357958184, 41.7080862130492, 36.9));
#4188 = CARTESIAN_POINT('', (87.0928011444738, 41.7155596278261, 36.9));
#4189 = CARTESIAN_POINT('', (87.0281391148219, 41.7207893477338, 36.9));
#4190 = CARTESIAN_POINT('', (86.995808099996, 41.7234042076877, 36.9));
#4191 = CARTESIAN_POINT('', (86.9633553831883, 41.7254675986101, 36.9));
#4192 = CARTESIAN_POINT('', (86.9309535442849, 41.7269685476211, 36.9));
#4193 = CARTESIAN_POINT('', (86.8985517053816, 41.7284694966322, 36.9));
#4194 = CARTESIAN_POINT('', (86.8660472100845, 41.7294151158946, 36.9));
#4195 = CARTESIAN_POINT('', (86.8336129136322, 41.7298003767117, 36.9));
#4196 = CARTESIAN_POINT('', (86.8207993644165, 41.729952578516, 36.9));
#4197 = CARTESIAN_POINT('', (86.8079835989816, 41.730017751244, 36.9));
#4198 = CARTESIAN_POINT('', (86.7951691645265, 41.7299958768572, 36.9));
#4199 = CARTESIAN_POINT('', (86.762732627312, 41.7299405073155, 36.9));
#4200 = CARTESIAN_POINT('', (86.7302201957866, 41.7293255222643, 36.9));
#4201 = CARTESIAN_POINT('', (86.6978047673928, 41.7281541921247, 36.9));
#4202 = CARTESIAN_POINT('', (86.6653893389989, 41.726982861985, 36.9));
#4203 = CARTESIAN_POINT('', (86.6329173150455, 41.7252496364748, 36.9));
#4204 = CARTESIAN_POINT('', (86.6005613780919, 41.7229637326915, 36.9));
#4205 = CARTESIAN_POINT('', (86.5358495041847, 41.718391925125, 36.9));
#4206 = CARTESIAN_POINT('', (86.471142187785, 41.7115762602843, 36.9));
#4207 = CARTESIAN_POINT('', (86.4068979210832, 41.702565031458, 36.9));
#4208 = CARTESIAN_POINT('', (86.3426536543815, 41.6935538026318, 36.9));
#4209 = CARTESIAN_POINT('', (86.2785682447848, 41.6823043422139, 36.9));
#4210 = CARTESIAN_POINT('', (86.2150957778812, 41.6688963597339, 36.9));
#4211 = CARTESIAN_POINT('', (86.1516233109777, 41.6554883772539, 36.9));
#4212 = CARTESIAN_POINT('', (86.0884632485983, 41.6398583867517, 36.9));
#4213 = CARTESIAN_POINT('', (86.0260631196618, 41.6221171365782, 36.9));
#4214 = CARTESIAN_POINT('', (85.9636629907254, 41.6043758864046, 36.9));
#4215 = CARTESIAN_POINT('', (85.9017273345163, 41.5844393728475, 36.9));
#4216 = CARTESIAN_POINT('', (85.8406950042625, 41.5624488586925, 36.9));
#4217 = CARTESIAN_POINT('', (85.7796626740087, 41.5404583445375, 36.9));
#4218 = CARTESIAN_POINT('', (85.719244685436, 41.5163097060728, 36.9));
#4219 = CARTESIAN_POINT('', (85.6598691381391, 41.4901740516483, 36.9));
#4220 = CARTESIAN_POINT('', (85.6004935908421, 41.4640383972239, 36.9));
#4221 = CARTESIAN_POINT('', (85.5418793453106, 41.4357919761473, 36.9));
#4222 = CARTESIAN_POINT('', (85.4844417204808, 41.4056349321456, 36.9));
#4223 = CARTESIAN_POINT('', (85.427004095651, 41.375477888144, 36.9));
#4224 = CARTESIAN_POINT('', (85.3704711279545, 41.3432674294963, 36.9));
#4225 = CARTESIAN_POINT('', (85.3152433891602, 41.3092317876385, 36.9));
#4226 = CARTESIAN_POINT('', (85.2600156503659, 41.2751961457806, 36.9));
#4227 = CARTESIAN_POINT('', (85.2058316405778, 41.2391741640729, 36.9));
#4228 = CARTESIAN_POINT('', (85.153075287715, 41.2014210809986, 36.9));
#4229 = CARTESIAN_POINT('', (85.1003189348521, 41.1636679979243, 36.9));
#4230 = CARTESIAN_POINT('', (85.0487404408766, 41.1240050549915, 36.9));
#4231 = CARTESIAN_POINT('', (84.998705271983, 41.0827132891926, 36.9));
#4232 = CARTESIAN_POINT('', (84.9486701030893, 41.0414215233937, 36.9));
#4233 = CARTESIAN_POINT('', (84.899941345876, 40.9983054207949, 36.9));
#4234 = CARTESIAN_POINT('', (84.8528642743532, 40.9536704862051, 36.9));
#4235 = CARTESIAN_POINT('', (84.8057872028303, 40.9090355516152, 36.9));
#4236 = CARTESIAN_POINT('', (84.7601389100029, 40.862670441405, 36.9));
#4237 = CARTESIAN_POINT('', (84.7162428428461, 40.8149036816534, 36.9));
#4238 = CARTESIAN_POINT('', (84.6723467756892, 40.7671369219018, 36.9));
#4239 = CARTESIAN_POINT('', (84.6299950890649, 40.7177423399829, 36.9));
#4240 = CARTESIAN_POINT('', (84.5894878714121, 40.6670699276955, 36.9));
#4241 = CARTESIAN_POINT('', (84.5489806537592, 40.616397515408, 36.9));
#4242 = CARTESIAN_POINT('', (84.5101261059306, 40.5642073420426, 36.9));
#4243 = CARTESIAN_POINT('', (84.473199536929, 40.5108692079286, 36.9));
#4244 = CARTESIAN_POINT('', (84.4362729679273, 40.4575310738145, 36.9));
#4245 = CARTESIAN_POINT('', (84.4010995327532, 40.402792426216, 36.9));
#4246 = CARTESIAN_POINT('', (84.367928457402, 40.347041123011, 36.9));
#4247 = CARTESIAN_POINT('', (84.3347573820508, 40.291289819806, 36.9));
#4248 = CARTESIAN_POINT('', (84.3034316035512, 40.2342618820539, 36.9));
#4249 = CARTESIAN_POINT('', (84.2741730848218, 40.1763613886988, 36.9));
#4250 = CARTESIAN_POINT('', (84.2605661451115, 40.1494342387101, 36.9));
#4251 = CARTESIAN_POINT('', (84.2473650106096, 40.1222376328501, 36.9));
#4252 = CARTESIAN_POINT('', (84.2346266269391, 40.0948888888889, 36.9));
#4253 = ORIENTED_EDGE('', *, *, #4254, .F.);
#4254 = EDGE_CURVE('', #3482, #4171, #4255, .T.);
#4255 = B_SPLINE_CURVE_WITH_KNOTS('', 1, (#4256, #4257), .UNSPECIFIED., .F., .U., (2, 2), (0.988023952095804, 1.), .UNSPECIFIED.);
#4256 = CARTESIAN_POINT('', (87.9746583427628, 41.4966666666667, 36.88));
#4257 = CARTESIAN_POINT('', (87.9664151263224, 41.4784444444444, 36.9));
#4258 = B_SPLINE_SURFACE_WITH_KNOTS('', 3, 1, ((#4259, #4260), (#4261, #4262), (#4263, #4264), (#4265, #4266), (#4267, #4268), (#4269, #4270), (#4271, #4272), (#4273, #4274), (#4275, #4276), (#4277, #4278), (#4279, #4280), (#4281, #4282), (#4283, #4284), (#4285, #4286), (#4287, #4288), (#4289, #4290), (#4291, #4292), (#4293, #4294), (#4295, #4296), (#4297, #4298), (#4299, #4300), (#4301, #4302), (#4303, #4304), (#4305, #4306), (#4307, #4308), (#4309, #4310), (#4311, #4312), (#4313, #4314), (#4315, #4316), (#4317, #4318), (#4319, #4320), (#4321, #4322), (#4323, #4324), (#4325, #4326), (#4327, #4328), (#4329, #4330), (#4331, #4332), (#4333, #4334), (#4335, #4336), (#4337, #4338), (#4339, #4340), (#4341, #4342), (#4343, #4344), (#4345, #4346), (#4347, #4348), (#4349, #4350), (#4351, #4352), (#4353, #4354), (#4355, #4356), (#4357, #4358), (#4359, #4360), (#4361, #4362), (#4363, #4364), (#4365, #4366), (#4367, #4368), (#4369, #4370), (#4371, #4372), (#4373, #4374), (#4375, #4376), (#4377, #4378), (#4379, #4380), (#4381, #4382), (#4383, #4384), (#4385, #4386), (#4387, #4388), (#4389, #4390), (#4391, #4392), (#4393, #4394), (#4395, #4396), (#4397, #4398), (#4399, #4400), (#4401, #4402), (#4403, #4404), (#4405, #4406), (#4407, #4408), (#4409, #4410), (#4411, #4412), (#4413, #4414), (#4415, #4416)), .UNSPECIFIED., .F., .F., .U., (4, 3, 3, 3, 3, 3, 3, 3, 3, 3, 3, 3, 3, 3, 3, 3, 3, 3, 3, 3, 3, 3, 3, 3, 3, 3, 4), (2, 2), (0., 0.194619506835938, 0.389239013671875, 0.583858520507813, 0.77847802734375, 0.973097534179688, 1.07040728759766, 1.16771704101563, 1.20616040039062, 1.30347015380859, 1.40077990722656, 1.5953994140625, 1.79001892089844, 1.98463842773438, 2.17925793457031, 2.37387744140625, 2.56849694824219, 2.76311645507813, 2.95773596191406, 3.15235546875, 3.34697497558594, 3.54159448242188, 3.73621398925781, 3.93083349609375, 4.12545300292969, 4.32007250976562, 4.41058207795117), (0., 1.), .UNSPECIFIED.);
#4259 = CARTESIAN_POINT('', (88.6547236990992, 43., 35.23));
#4260 = CARTESIAN_POINT('', (87.9664151263224, 41.4784444444444, 36.9));
#4261 = CARTESIAN_POINT('', (88.5607378359628, 43.042516538473, 35.23));
#4262 = CARTESIAN_POINT('', (87.9073084612833, 41.5051826230841, 36.9));
#4263 = CARTESIAN_POINT('', (88.465062332219, 43.0818905328019, 35.23));
#4264 = CARTESIAN_POINT('', (87.84713920004, 41.5299444906288, 36.9));
#4265 = CARTESIAN_POINT('', (88.3683751092176, 43.1178429933779, 35.23));
#4266 = CARTESIAN_POINT('', (87.7863336797968, 41.5525545936132, 36.9));
#4267 = CARTESIAN_POINT('', (88.2716878862161, 43.1537954539538, 35.23));
#4268 = CARTESIAN_POINT('', (87.7255281595537, 41.5751646965976, 36.9));
#4269 = CARTESIAN_POINT('', (88.1735311359911, 43.1864966134334, 35.23));
#4270 = CARTESIAN_POINT('', (87.6637984699677, 41.5957300924481, 36.9));
#4271 = CARTESIAN_POINT('', (88.0746003610902, 43.2157147634556, 35.23));
#4272 = CARTESIAN_POINT('', (87.6015820048634, 41.614105062351, 36.9));
#4273 = CARTESIAN_POINT('', (87.9756695861894, 43.2449329134778, 35.23));
#4274 = CARTESIAN_POINT('', (87.5393655397591, 41.6324800322538, 36.9));
#4275 = CARTESIAN_POINT('', (87.8754963555687, 43.2708064001591, 35.23));
#4276 = CARTESIAN_POINT('', (87.4763677080576, 41.6487515805445, 36.9));
#4277 = CARTESIAN_POINT('', (87.7747904598124, 43.2931518935109, 35.23));
#4278 = CARTESIAN_POINT('', (87.4130348891709, 41.6628044130302, 36.9));
#4279 = CARTESIAN_POINT('', (87.6740845640562, 43.3154973868628, 35.23));
#4280 = CARTESIAN_POINT('', (87.3497020702842, 41.6768572455159, 36.9));
#4281 = CARTESIAN_POINT('', (87.572369167034, 43.3344206914014, 35.23));
#4282 = CARTESIAN_POINT('', (87.2857343872681, 41.6887579014813, 36.9));
#4283 = CARTESIAN_POINT('', (87.4703649865528, 43.3497877235666, 35.23));
#4284 = CARTESIAN_POINT('', (87.2215850915432, 41.6984220572652, 36.9));
#4285 = CARTESIAN_POINT('', (87.3683608060716, 43.3651547557319, 35.23));
#4286 = CARTESIAN_POINT('', (87.1574357958184, 41.7080862130492, 36.9));
#4287 = CARTESIAN_POINT('', (87.2655848587039, 43.3770382774619, 35.23));
#4288 = CARTESIAN_POINT('', (87.0928011444738, 41.7155596278261, 36.9));
#4289 = CARTESIAN_POINT('', (87.1627653769254, 43.3853540865024, 35.23));
#4290 = CARTESIAN_POINT('', (87.0281391148219, 41.7207893477338, 36.9));
#4291 = CARTESIAN_POINT('', (87.1113556360361, 43.3895119910227, 35.23));
#4292 = CARTESIAN_POINT('', (86.995808099996, 41.7234042076877, 36.9));
#4293 = CARTESIAN_POINT('', (87.0597523760944, 43.3927930013235, 35.23));
#4294 = CARTESIAN_POINT('', (86.9633553831883, 41.7254675986101, 36.9));
#4295 = CARTESIAN_POINT('', (87.0082300174142, 43.3951796693622, 35.23));
#4296 = CARTESIAN_POINT('', (86.9309535442849, 41.7269685476211, 36.9));
#4297 = CARTESIAN_POINT('', (86.956707658734, 43.397566337401, 35.23));
#4298 = CARTESIAN_POINT('', (86.8985517053816, 41.7284694966322, 36.9));
#4299 = CARTESIAN_POINT('', (86.9050220655055, 43.3990699722704, 35.23));
#4300 = CARTESIAN_POINT('', (86.8660472100845, 41.7294151158946, 36.9));
#4301 = CARTESIAN_POINT('', (86.8534480958817, 43.39968257781, 35.23));
#4302 = CARTESIAN_POINT('', (86.8336129136322, 41.7298003767117, 36.9));
#4303 = CARTESIAN_POINT('', (86.8330731943019, 43.3999245948133, 35.23));
#4304 = CARTESIAN_POINT('', (86.8207993644165, 41.729952578516, 36.9));
#4305 = CARTESIAN_POINT('', (86.8126947686986, 43.4000282263597, 35.23));
#4306 = CARTESIAN_POINT('', (86.8079835989816, 41.730017751244, 36.9));
#4307 = CARTESIAN_POINT('', (86.7923184594944, 43.3999934437658, 35.23));
#4308 = CARTESIAN_POINT('', (86.7951691645265, 41.7299958768572, 36.9));
#4309 = CARTESIAN_POINT('', (86.7407409268212, 43.399905400325, 35.23));
#4310 = CARTESIAN_POINT('', (86.762732627312, 41.7299405073155, 36.9));
#4311 = CARTESIAN_POINT('', (86.6890427141483, 43.3989275089008, 35.23));
#4312 = CARTESIAN_POINT('', (86.7302201957866, 41.7293255222643, 36.9));
#4313 = CARTESIAN_POINT('', (86.6374987467376, 43.3970649698095, 35.23));
#4314 = CARTESIAN_POINT('', (86.6978047673928, 41.7281541921247, 36.9));
#4315 = CARTESIAN_POINT('', (86.5859547793269, 43.3952024307183, 35.23));
#4316 = CARTESIAN_POINT('', (86.6653893389989, 41.726982861985, 36.9));
#4317 = CARTESIAN_POINT('', (86.5343208189769, 43.3924464184227, 35.23));
#4318 = CARTESIAN_POINT('', (86.6329173150455, 41.7252496364748, 36.9));
#4319 = CARTESIAN_POINT('', (86.4828714492627, 43.3888115890854, 35.23));
#4320 = CARTESIAN_POINT('', (86.6005613780919, 41.7229637326915, 36.9));
#4321 = CARTESIAN_POINT('', (86.3799727098342, 43.3815419304107, 35.23));
#4322 = CARTESIAN_POINT('', (86.5358495041847, 41.718391925125, 36.9));
#4323 = CARTESIAN_POINT('', (86.2770812173259, 43.3707043008054, 35.23));
#4324 = CARTESIAN_POINT('', (86.471142187785, 41.7115762602843, 36.9));
#4325 = CARTESIAN_POINT('', (86.1749260229238, 43.3563754917177, 35.23));
#4326 = CARTESIAN_POINT('', (86.4068979210832, 41.702565031458, 36.9));
#4327 = CARTESIAN_POINT('', (86.0727708285217, 43.34204668263, 35.23));
#4328 = CARTESIAN_POINT('', (86.3426536543815, 41.6935538026318, 36.9));
#4329 = CARTESIAN_POINT('', (85.9708682337567, 43.3241588480433, 35.23));
#4330 = CARTESIAN_POINT('', (86.2785682447848, 41.6823043422139, 36.9));
#4331 = CARTESIAN_POINT('', (85.86994028285, 43.3028387345592, 35.23));
#4332 = CARTESIAN_POINT('', (86.2150957778812, 41.6688963597339, 36.9));
#4333 = CARTESIAN_POINT('', (85.7690123319433, 43.2815186210751, 35.23));
#4334 = CARTESIAN_POINT('', (86.1516233109777, 41.6554883772539, 36.9));
#4335 = CARTESIAN_POINT('', (85.6685811373471, 43.2566652792872, 35.23));
#4336 = CARTESIAN_POINT('', (86.0884632485983, 41.6398583867517, 36.9));
#4337 = CARTESIAN_POINT('', (85.5693583174835, 43.2284548108133, 35.23));
#4338 = CARTESIAN_POINT('', (86.0260631196618, 41.6221171365782, 36.9));
#4339 = CARTESIAN_POINT('', (85.4701354976199, 43.2002443423395, 35.23));
#4340 = CARTESIAN_POINT('', (85.9636629907254, 41.6043758864046, 36.9));
#4341 = CARTESIAN_POINT('', (85.3716512386301, 43.1685431723723, 35.23));
#4342 = CARTESIAN_POINT('', (85.9017273345163, 41.5844393728475, 36.9));
#4343 = CARTESIAN_POINT('', (85.2746033636682, 43.133575923716, 35.23));
#4344 = CARTESIAN_POINT('', (85.8406950042625, 41.5624488586925, 36.9));
#4345 = CARTESIAN_POINT('', (85.1775554887064, 43.0986086750597, 35.23));
#4346 = CARTESIAN_POINT('', (85.7796626740087, 41.5404583445375, 36.9));
#4347 = CARTESIAN_POINT('', (85.0814844821421, 43.0602097799744, 35.23));
#4348 = CARTESIAN_POINT('', (85.719244685436, 41.5163097060728, 36.9));
#4349 = CARTESIAN_POINT('', (84.9870710677123, 43.0186513188754, 35.23));
#4350 = CARTESIAN_POINT('', (85.6598691381391, 41.4901740516483, 36.9));
#4351 = CARTESIAN_POINT('', (84.8926576532826, 42.9770928577764, 35.23));
#4352 = CARTESIAN_POINT('', (85.6004935908421, 41.4640383972239, 36.9));
#4353 = CARTESIAN_POINT('', (84.7994547893631, 42.9321780539444, 35.23));
#4354 = CARTESIAN_POINT('', (85.5418793453106, 41.4357919761473, 36.9));
#4355 = CARTESIAN_POINT('', (84.7081228770896, 42.884225157122, 35.23));
#4356 = CARTESIAN_POINT('', (85.4844417204808, 41.4056349321456, 36.9));
#4357 = CARTESIAN_POINT('', (84.616790964816, 42.8362722602996, 35.23));
#4358 = CARTESIAN_POINT('', (85.427004095651, 41.375477888144, 36.9));
#4359 = CARTESIAN_POINT('', (84.5268975532846, 42.7850542165135, 35.23));
#4360 = CARTESIAN_POINT('', (85.3704711279545, 41.3432674294963, 36.9));
#4361 = CARTESIAN_POINT('', (84.439079594071, 42.730933937941, 35.23));
#4362 = CARTESIAN_POINT('', (85.3152433891602, 41.3092317876385, 36.9));
#4363 = CARTESIAN_POINT('', (84.3512616348575, 42.6768136593685, 35.23));
#4364 = CARTESIAN_POINT('', (85.2600156503659, 41.2751961457806, 36.9));
#4365 = CARTESIAN_POINT('', (84.2651033154064, 42.6195348898686, 35.23));
#4366 = CARTESIAN_POINT('', (85.2058316405778, 41.2391741640729, 36.9));
#4367 = CARTESIAN_POINT('', (84.1812151218082, 42.5595034856868, 35.23));
#4368 = CARTESIAN_POINT('', (85.153075287715, 41.2014210809986, 36.9));
#4369 = CARTESIAN_POINT('', (84.09732692821, 42.4994720815051, 35.23));
#4370 = CARTESIAN_POINT('', (85.1003189348521, 41.1636679979243, 36.9));
#4371 = CARTESIAN_POINT('', (84.0153116551041, 42.4364037976897, 35.23));
#4372 = CARTESIAN_POINT('', (85.0487404408766, 41.1240050549915, 36.9));
#4373 = CARTESIAN_POINT('', (83.9357504324817, 42.3707455128504, 35.23));
#4374 = CARTESIAN_POINT('', (84.998705271983, 41.0827132891926, 36.9));
#4375 = CARTESIAN_POINT('', (83.8561892098594, 42.3050872280112, 35.23));
#4376 = CARTESIAN_POINT('', (84.9486701030893, 41.0414215233937, 36.9));
#4377 = CARTESIAN_POINT('', (83.7787053202975, 42.2365280542676, 35.23));
#4378 = CARTESIAN_POINT('', (84.899941345876, 40.9983054207949, 36.9));
#4379 = CARTESIAN_POINT('', (83.703847786074, 42.1655537766512, 35.23));
#4380 = CARTESIAN_POINT('', (84.8528642743532, 40.9536704862051, 36.9));
#4381 = CARTESIAN_POINT('', (83.6289902518504, 42.0945794990348, 35.23));
#4382 = CARTESIAN_POINT('', (84.8057872028303, 40.9090355516152, 36.9));
#4383 = CARTESIAN_POINT('', (83.5564046272131, 42.0208540587712, 35.23));
#4384 = CARTESIAN_POINT('', (84.7601389100029, 40.862670441405, 36.9));
#4385 = CARTESIAN_POINT('', (83.4866052271404, 41.9448998471521, 35.23));
#4386 = CARTESIAN_POINT('', (84.7162428428461, 40.8149036816534, 36.9));
#4387 = CARTESIAN_POINT('', (83.4168058270677, 41.8689456355329, 35.23));
#4388 = CARTESIAN_POINT('', (84.6723467756892, 40.7671369219018, 36.9));
#4389 = CARTESIAN_POINT('', (83.3494621557569, 41.7904030141071, 35.23));
#4390 = CARTESIAN_POINT('', (84.6299950890649, 40.7177423399829, 36.9));
#4391 = CARTESIAN_POINT('', (83.2850513856375, 41.7098285069362, 35.23));
#4392 = CARTESIAN_POINT('', (84.5894878714121, 40.6670699276955, 36.9));
#4393 = CARTESIAN_POINT('', (83.2206406155181, 41.6292539997653, 35.23));
#4394 = CARTESIAN_POINT('', (84.5489806537592, 40.616397515408, 36.9));
#4395 = CARTESIAN_POINT('', (83.1588577656141, 41.5462660915872, 35.23));
#4396 = CARTESIAN_POINT('', (84.5101261059306, 40.5642073420426, 36.9));
#4397 = CARTESIAN_POINT('', (83.1001406064241, 41.4614528041267, 35.23));
#4398 = CARTESIAN_POINT('', (84.473199536929, 40.5108692079286, 36.9));
#4399 = CARTESIAN_POINT('', (83.0414234472342, 41.3766395166662, 35.23));
#4400 = CARTESIAN_POINT('', (84.4362729679273, 40.4575310738145, 36.9));
#4401 = CARTESIAN_POINT('', (82.9854939566747, 41.289599264301, 35.23));
#4402 = CARTESIAN_POINT('', (84.4010995327532, 40.402792426216, 36.9));
#4403 = CARTESIAN_POINT('', (82.9327484304979, 41.200948782173, 35.23));
#4404 = CARTESIAN_POINT('', (84.367928457402, 40.347041123011, 36.9));
#4405 = CARTESIAN_POINT('', (82.880002904321, 41.1122983000449, 35.23));
#4406 = CARTESIAN_POINT('', (84.3347573820508, 40.291289819806, 36.9));
#4407 = CARTESIAN_POINT('', (82.8301915957528, 41.0216178336547, 35.23));
#4408 = CARTESIAN_POINT('', (84.3034316035512, 40.2342618820539, 36.9));
#4409 = CARTESIAN_POINT('', (82.7836674493632, 40.9295499113586, 35.23));
#4410 = CARTESIAN_POINT('', (84.2741730848218, 40.1763613886988, 36.9));
#4411 = CARTESIAN_POINT('', (82.7620309727922, 40.8867328884083, 35.23));
#4412 = CARTESIAN_POINT('', (84.2605661451115, 40.1494342387101, 36.9));
#4413 = CARTESIAN_POINT('', (82.7410397695207, 40.8434874020584, 35.23));
#4414 = CARTESIAN_POINT('', (84.2473650106096, 40.1222376328501, 36.9));
#4415 = CARTESIAN_POINT('', (82.7207843891258, 40.8, 35.23));
#4416 = CARTESIAN_POINT('', (84.2346266269391, 40.0948888888889, 36.9));
#4417 = ADVANCED_FACE('', (#4418, #4941, #4944, #4947, #4963, #4979, #4995, #5011, #5027, #5043), #5079, .T.);
#4418 = FACE_OUTER_BOUND('', #4419, .T.);
#4419 = EDGE_LOOP('', (#4420, #4425, #4426, #4435, #4489, #4497, #4515, #4524, #4587, #4596, #4659, #4668, #4731, #4740, #4752, #4760, #4769, #4841, #4850, #4913, #4932, #4933, #4934, #4935, #4940));
#4420 = ORIENTED_EDGE('', *, *, #4421, .F.);
#4421 = EDGE_CURVE('', #2021, #4164, #4422, .T.);
#4422 = B_SPLINE_CURVE_WITH_KNOTS('', 1, (#4423, #4424), .UNSPECIFIED., .F., .U., (2, 2), (0.979448227980416, 1.), .UNSPECIFIED.);
#4423 = CARTESIAN_POINT('', (84.2035144863939, 40.0750587124202, 36.9));
#4424 = CARTESIAN_POINT('', (84.2346266269391, 40.0948888888889, 36.9));
#4425 = ORIENTED_EDGE('', *, *, #2048, .F.);
#4426 = ORIENTED_EDGE('', *, *, #4427, .T.);
#4427 = EDGE_CURVE('', #2042, #4428, #4430, .T.);
#4428 = VERTEX_POINT('', #4429);
#4429 = CARTESIAN_POINT('', (63.1, 39.13, 36.9));
#4430 = B_SPLINE_CURVE_WITH_KNOTS('', 3, (#4431, #4432, #4433, #4434), .UNSPECIFIED., .F., .U., (4, 4), (0., 19.6207843891258), .UNSPECIFIED.);
#4431 = CARTESIAN_POINT('', (82.7207843891258, 39.13, 36.9));
#4432 = CARTESIAN_POINT('', (76.1805229260838, 39.13, 36.9));
#4433 = CARTESIAN_POINT('', (69.6402614630419, 39.13, 36.9));
#4434 = CARTESIAN_POINT('', (63.1, 39.13, 36.9));
#4435 = ORIENTED_EDGE('', *, *, #4436, .T.);
#4436 = EDGE_CURVE('', #4428, #4437, #4439, .T.);
#4437 = VERTEX_POINT('', #4438);
#4438 = CARTESIAN_POINT('', (57.8493690124566, 42.6599685822063, 36.9));
#4439 = B_SPLINE_CURVE_WITH_KNOTS('', 3, (#4440, #4441, #4442, #4443, #4444, #4445, #4446, #4447, #4448, #4449, #4450, #4451, #4452, #4453, #4454, #4455, #4456, #4457, #4458, #4459, #4460, #4461, #4462, #4463, #4464, #4465, #4466, #4467, #4468, #4469, #4470, #4471, #4472, #4473, #4474, #4475, #4476, #4477, #4478, #4479, #4480, #4481, #4482, #4483, #4484, #4485, #4486, #4487, #4488), .UNSPECIFIED., .F., .U., (4, 3, 3, 3, 3, 3, 3, 3, 3, 3, 3, 3, 3, 3, 3, 3, 4), (0., 0.437893890380859, 0.875787780761719, 1.31368167114258, 1.75157556152344, 2.1894694519043, 2.62736334228516, 3.06525723266602, 3.50315112304688, 3.94104501342774, 4.37893890380859, 4.81683279418945, 5.25472668457031, 5.69262057495117, 6.13051446533203, 6.56840835571289, 6.70536138953769), .UNSPECIFIED.);
#4440 = CARTESIAN_POINT('', (63.1, 39.13, 36.9));
#4441 = CARTESIAN_POINT('', (62.954035369873, 39.13, 36.9));
#4442 = CARTESIAN_POINT('', (62.8076347880954, 39.135661710657, 36.9));
#4443 = CARTESIAN_POINT('', (62.6621061096191, 39.1469345536454, 36.9));
#4444 = CARTESIAN_POINT('', (62.5165774311428, 39.1582073966338, 36.9));
#4445 = CARTESIAN_POINT('', (62.3710513567747, 39.1751587090133, 36.9));
#4446 = CARTESIAN_POINT('', (62.2268279291422, 39.1976370579304, 36.9));
#4447 = CARTESIAN_POINT('', (62.0826045015098, 39.2201154068475, 36.9));
#4448 = CARTESIAN_POINT('', (61.9388222181889, 39.2482550641914, 36.9));
#4449 = CARTESIAN_POINT('', (61.7967655438243, 39.2818046471481, 36.9));
#4450 = CARTESIAN_POINT('', (61.6547088694597, 39.3153542301047, 36.9));
#4451 = CARTESIAN_POINT('', (61.5135292444843, 39.3545141433347, 36.9));
#4452 = CARTESIAN_POINT('', (61.3744878829546, 39.3989345556706, 36.9));
#4453 = CARTESIAN_POINT('', (61.235446521425, 39.4433549680064, 36.9));
#4454 = CARTESIAN_POINT('', (61.0977128754062, 39.4933012197851, 36.9));
#4455 = CARTESIAN_POINT('', (60.9625173746465, 39.548327121163, 36.9));
#4456 = CARTESIAN_POINT('', (60.8273218738869, 39.6033530225409, 36.9));
#4457 = CARTESIAN_POINT('', (60.6938569432682, 39.6637872645509, 36.9));
#4458 = CARTESIAN_POINT('', (60.5633148783968, 39.7290899639378, 36.9));
#4459 = CARTESIAN_POINT('', (60.4327728135254, 39.7943926633246, 36.9));
#4460 = CARTESIAN_POINT('', (60.3043738360589, 39.8649538984184, 36.9));
#4461 = CARTESIAN_POINT('', (60.1792649854181, 39.940143317484, 36.9));
#4462 = CARTESIAN_POINT('', (60.0541561347773, 40.0153327365497, 36.9));
#4463 = CARTESIAN_POINT('', (59.9315900873139, 40.0955994751254, 36.9));
#4464 = CARTESIAN_POINT('', (59.8126617745518, 40.1802264783317, 36.9));
#4465 = CARTESIAN_POINT('', (59.6937334617898, 40.264853481538, 36.9));
#4466 = CARTESIAN_POINT('', (59.5777324788289, 40.3543462592605, 36.9));
#4467 = CARTESIAN_POINT('', (59.465695108846, 40.4479053367219, 36.9));
#4468 = CARTESIAN_POINT('', (59.3536577388631, 40.5414644141832, 36.9));
#4469 = CARTESIAN_POINT('', (59.2449147392297, 40.63964865601, 36.9));
#4470 = CARTESIAN_POINT('', (59.1404375546546, 40.7415809430998, 36.9));
#4471 = CARTESIAN_POINT('', (59.0359603700796, 40.8435132301897, 36.9));
#4472 = CARTESIAN_POINT('', (58.9351249178515, 40.9498024435951, 36.9));
#4473 = CARTESIAN_POINT('', (58.8388320013956, 41.0594990592609, 36.9));
#4474 = CARTESIAN_POINT('', (58.7425390849398, 41.1691956749267, 36.9));
#4475 = CARTESIAN_POINT('', (58.6502135093499, 41.2829549532489, 36.9));
#4476 = CARTESIAN_POINT('', (58.5626800559197, 41.3997606370946, 36.9));
#4477 = CARTESIAN_POINT('', (58.4751466024894, 41.5165663209404, 36.9));
#4478 = CARTESIAN_POINT('', (58.3918823999797, 41.6371161359249, 36.9));
#4479 = CARTESIAN_POINT('', (58.3136312808141, 41.7603331623353, 36.9));
#4480 = CARTESIAN_POINT('', (58.2353801616485, 41.8835501887458, 36.9));
#4481 = CARTESIAN_POINT('', (58.1616747015677, 42.0101704496311, 36.9));
#4482 = CARTESIAN_POINT('', (58.0931733409262, 42.1390627955573, 36.9));
#4483 = CARTESIAN_POINT('', (58.0246719802846, 42.2679551414835, 36.9));
#4484 = CARTESIAN_POINT('', (57.9609655339089, 42.3998894963823, 36.9));
#4485 = CARTESIAN_POINT('', (57.9026231169648, 42.5336872378924, 36.9));
#4486 = CARTESIAN_POINT('', (57.884376296955, 42.5755330069731, 36.9));
#4487 = CARTESIAN_POINT('', (57.8666200708687, 42.6176392195332, 36.9));
#4488 = CARTESIAN_POINT('', (57.8493690124566, 42.6599685822063, 36.9));
#4489 = ORIENTED_EDGE('', *, *, #4490, .T.);
#4490 = EDGE_CURVE('', #4437, #4491, #4493, .T.);
#4491 = VERTEX_POINT('', #4492);
#4492 = CARTESIAN_POINT('', (57.4881980025206, 43.9897376372007, 36.9));
#4493 = (
   BOUNDED_CURVE ()
   B_SPLINE_CURVE (2, (#4494, #4495, #4496), .UNSPECIFIED., .F., .U.)
   B_SPLINE_CURVE_WITH_KNOTS ((3, 3), (0.00370393468556561, 0.0830840773860436), .UNSPECIFIED.)
   CURVE ()
   GEOMETRIC_REPRESENTATION_ITEM ()
   RATIONAL_B_SPLINE_CURVE ((0.991449724886197, 0.901205819070544, 0.870020499392249))
   REPRESENTATION_ITEM ('')
);
#4494 = CARTESIAN_POINT('', (57.8493690124566, 42.6599685822063, 36.9));
#4495 = CARTESIAN_POINT('', (57.8344288038061, 43.369843086525, 36.9));
#4496 = CARTESIAN_POINT('', (57.4881980025206, 43.9897376372007, 36.9));
#4497 = ORIENTED_EDGE('', *, *, #4498, .T.);
#4498 = EDGE_CURVE('', #4491, #4499, #4501, .T.);
#4499 = VERTEX_POINT('', #4500);
#4500 = CARTESIAN_POINT('', (57.43, 44.8, 36.9));
#4501 = B_SPLINE_CURVE_WITH_KNOTS('', 3, (#4502, #4503, #4504, #4505, #4506, #4507, #4508, #4509, #4510, #4511, #4512, #4513, #4514), .UNSPECIFIED., .F., .U., (4, 3, 3, 3, 4), (8.0853174130713, 8.31998391723633, 8.53893086242676, 8.75787780761719, 8.89767409058968), .UNSPECIFIED.);
#4502 = CARTESIAN_POINT('', (57.4881980025206, 43.9897376372007, 36.9));
#4503 = CARTESIAN_POINT('', (57.4770036353531, 44.0672721756704, 36.9));
#4504 = CARTESIAN_POINT('', (57.4674113034918, 44.145047113492, 36.9));
#4505 = CARTESIAN_POINT('', (57.4594492387743, 44.2228630058319, 36.9));
#4506 = CARTESIAN_POINT('', (57.4520205273204, 44.2954662602917, 36.9));
#4507 = CARTESIAN_POINT('', (57.4459771618028, 44.368430580953, 36.9));
#4508 = CARTESIAN_POINT('', (57.4413596682731, 44.441266678223, 36.9));
#4509 = CARTESIAN_POINT('', (57.4367421747433, 44.5141027754931, 36.9));
#4510 = CARTESIAN_POINT('', (57.4335229453487, 44.5872461341693, 36.9));
#4511 = CARTESIAN_POINT('', (57.4317235678389, 44.6602062640527, 36.9));
#4512 = CARTESIAN_POINT('', (57.430574676324, 44.706790859942, 36.9));
#4513 = CARTESIAN_POINT('', (57.43, 44.7534012390092, 36.9));
#4514 = CARTESIAN_POINT('', (57.43, 44.8, 36.9));
#4515 = ORIENTED_EDGE('', *, *, #4516, .T.);
#4516 = EDGE_CURVE('', #4499, #4517, #4519, .T.);
#4517 = VERTEX_POINT('', #4518);
#4518 = CARTESIAN_POINT('', (57.43, 63.2, 36.9));
#4519 = B_SPLINE_CURVE_WITH_KNOTS('', 3, (#4520, #4521, #4522, #4523), .UNSPECIFIED., .F., .U., (4, 4), (0., 18.4), .UNSPECIFIED.);
#4520 = CARTESIAN_POINT('', (57.43, 44.8, 36.9));
#4521 = CARTESIAN_POINT('', (57.43, 50.9333333333333, 36.9));
#4522 = CARTESIAN_POINT('', (57.43, 57.0666666666667, 36.9));
#4523 = CARTESIAN_POINT('', (57.43, 63.2, 36.9));
#4524 = ORIENTED_EDGE('', *, *, #4525, .T.);
#4525 = EDGE_CURVE('', #4517, #4526, #4528, .T.);
#4526 = VERTEX_POINT('', #4527);
#4527 = CARTESIAN_POINT('', (56.4, 64.23, 36.9));
#4528 = B_SPLINE_CURVE_WITH_KNOTS('', 3, (#4529, #4530, #4531, #4532, #4533, #4534, #4535, #4536, #4537, #4538, #4539, #4540, #4541, #4542, #4543, #4544, #4545, #4546, #4547, #4548, #4549, #4550, #4551, #4552, #4553, #4554, #4555, #4556, #4557, #4558, #4559, #4560, #4561, #4562, #4563, #4564, #4565, #4566, #4567, #4568, #4569, #4570, #4571, #4572, #4573, #4574, #4575, #4576, #4577, #4578, #4579, #4580, #4581, #4582, #4583, #4584, #4585, #4586), .UNSPECIFIED., .F., .U., (4, 3, 3, 3, 3, 3, 3, 3, 3, 3, 3, 3, 3, 3, 3, 3, 3, 3, 3, 4), (0., 0.08649755859375, 0.1729951171875, 0.25949267578125, 0.345990234375, 0.43248779296875, 0.5189853515625, 0.60548291015625, 0.69198046875, 0.77847802734375, 0.8649755859375, 0.95147314453125, 1.037970703125, 1.12446826171875, 1.2109658203125, 1.29746337890625, 1.3839609375, 1.47045849609375, 1.5569560546875, 1.61605407621574), .UNSPECIFIED.);
#4529 = CARTESIAN_POINT('', (57.43, 63.2, 36.9));
#4530 = CARTESIAN_POINT('', (57.43, 63.2288325195313, 36.9));
#4531 = CARTESIAN_POINT('', (57.4287829221525, 63.2577668873146, 36.9));
#4532 = CARTESIAN_POINT('', (57.4263616187082, 63.2864975585938, 36.9));
#4533 = CARTESIAN_POINT('', (57.423940315264, 63.3152282298729, 36.9));
#4534 = CARTESIAN_POINT('', (57.4202976801548, 63.3439581816127, 36.9));
#4535 = CARTESIAN_POINT('', (57.4154721793346, 63.3723840276749, 36.9));
#4536 = CARTESIAN_POINT('', (57.4106466785144, 63.4008098737372, 36.9));
#4537 = CARTESIAN_POINT('', (57.4046042206979, 63.429132437552, 36.9));
#4538 = CARTESIAN_POINT('', (57.397408613787, 63.4570526349672, 36.9));
#4539 = CARTESIAN_POINT('', (57.390213006876, 63.4849728323824, 36.9));
#4540 = CARTESIAN_POINT('', (57.3818134152172, 63.5126879145124, 36.9));
#4541 = CARTESIAN_POINT('', (57.3722985378691, 63.5399052121661, 36.9));
#4542 = CARTESIAN_POINT('', (57.362783660521, 63.5671225098198, 36.9));
#4543 = CARTESIAN_POINT('', (57.3520862766064, 63.5940343082527, 36.9));
#4544 = CARTESIAN_POINT('', (57.3403193496983, 63.6203564208894, 36.9));
#4545 = CARTESIAN_POINT('', (57.3285524227902, 63.6466785335261, 36.9));
#4546 = CARTESIAN_POINT('', (57.3156328216909, 63.6725969213028, 36.9));
#4547 = CARTESIAN_POINT('', (57.3016969764203, 63.6978378879862, 36.9));
#4548 = CARTESIAN_POINT('', (57.2877611311496, 63.7230788546696, 36.9));
#4549 = CARTESIAN_POINT('', (57.2727105874965, 63.7478207230966, 36.9));
#4550 = CARTESIAN_POINT('', (57.2567042780745, 63.7718022209898, 36.9));
#4551 = CARTESIAN_POINT('', (57.2406979686524, 63.7957837188831, 36.9));
#4552 = CARTESIAN_POINT('', (57.2236228117979, 63.8191742711618, 36.9));
#4553 = CARTESIAN_POINT('', (57.205659119888, 63.841726875346, 36.9));
#4554 = CARTESIAN_POINT('', (57.1876954279782, 63.8642794795301, 36.9));
#4555 = CARTESIAN_POINT('', (57.1687162907984, 63.8861534656648, 36.9));
#4556 = CARTESIAN_POINT('', (57.1489221266154, 63.9071178460949, 36.9));
#4557 = CARTESIAN_POINT('', (57.1291279624325, 63.928082226525, 36.9));
#4558 = CARTESIAN_POINT('', (57.1083789290782, 63.9482851107837, 36.9));
#4559 = CARTESIAN_POINT('', (57.0868941347904, 63.9675131579267, 36.9));
#4560 = CARTESIAN_POINT('', (57.0654093405026, 63.9867412050696, 36.9));
#4561 = CARTESIAN_POINT('', (57.043036999119, 64.0051302577512, 36.9));
#4562 = CARTESIAN_POINT('', (57.0200133608887, 64.0224861289526, 36.9));
#4563 = CARTESIAN_POINT('', (56.9969897226584, 64.0398420001541, 36.9));
#4564 = CARTESIAN_POINT('', (56.9731521297666, 64.0562873059473, 36.9));
#4565 = CARTESIAN_POINT('', (56.9487523054086, 64.0716483851352, 36.9));
#4566 = CARTESIAN_POINT('', (56.9243524810505, 64.0870094643231, 36.9));
#4567 = CARTESIAN_POINT('', (56.8992180449069, 64.101394840135, 36.9));
#4568 = CARTESIAN_POINT('', (56.8736144147404, 64.1146526040799, 36.9));
#4569 = CARTESIAN_POINT('', (56.848010784574, 64.1279103680248, 36.9));
#4570 = CARTESIAN_POINT('', (56.8217570753964, 64.1401341837928, 36.9));
#4571 = CARTESIAN_POINT('', (56.7951305244099, 64.1511949688048, 36.9));
#4572 = CARTESIAN_POINT('', (56.7685039734234, 64.1622557538169, 36.9));
#4573 = CARTESIAN_POINT('', (56.7413164688902, 64.1722316505067, 36.9));
#4574 = CARTESIAN_POINT('', (56.7138551088214, 64.1810173141524, 36.9));
#4575 = CARTESIAN_POINT('', (56.6863937487527, 64.1898029777981, 36.9));
#4576 = CARTESIAN_POINT('', (56.6584645236364, 64.1974604775148, 36.9));
#4577 = CARTESIAN_POINT('', (56.6303623639975, 64.2039089506791, 36.9));
#4578 = CARTESIAN_POINT('', (56.6022602043586, 64.2103574238434, 36.9));
#4579 = CARTESIAN_POINT('', (56.5737865735527, 64.2156424277448, 36.9));
#4580 = CARTESIAN_POINT('', (56.5452421509881, 64.2197081531381, 36.9));
#4581 = CARTESIAN_POINT('', (56.5166977284235, 64.2237738785315, 36.9));
#4582 = CARTESIAN_POINT('', (56.4878808529487, 64.2266490490268, 36.9));
#4583 = CARTESIAN_POINT('', (56.45909582861, 64.2283033030391, 36.9));
#4584 = CARTESIAN_POINT('', (56.4394289384027, 64.2294335446415, 36.9));
#4585 = CARTESIAN_POINT('', (56.4196993405094, 64.23, 36.9));
#4586 = CARTESIAN_POINT('', (56.4, 64.23, 36.9));
#4587 = ORIENTED_EDGE('', *, *, #4588, .T.);
#4588 = EDGE_CURVE('', #4526, #4589, #4591, .T.);
#4589 = VERTEX_POINT('', #4590);
#4590 = CARTESIAN_POINT('', (1.40000000000001, 64.23, 36.9));
#4591 = B_SPLINE_CURVE_WITH_KNOTS('', 3, (#4592, #4593, #4594, #4595), .UNSPECIFIED., .F., .U., (4, 4), (0., 55.), .UNSPECIFIED.);
#4592 = CARTESIAN_POINT('', (56.4, 64.23, 36.9));
#4593 = CARTESIAN_POINT('', (38.0666666666667, 64.23, 36.9));
#4594 = CARTESIAN_POINT('', (19.7333333333333, 64.23, 36.9));
#4595 = CARTESIAN_POINT('', (1.39999999999999, 64.23, 36.9));
#4596 = ORIENTED_EDGE('', *, *, #4597, .T.);
#4597 = EDGE_CURVE('', #4589, #4598, #4600, .T.);
#4598 = VERTEX_POINT('', #4599);
#4599 = CARTESIAN_POINT('', (0.370000000000005, 63.2, 36.9));
#4600 = B_SPLINE_CURVE_WITH_KNOTS('', 3, (#4601, #4602, #4603, #4604, #4605, #4606, #4607, #4608, #4609, #4610, #4611, #4612, #4613, #4614, #4615, #4616, #4617, #4618, #4619, #4620, #4621, #4622, #4623, #4624, #4625, #4626, #4627, #4628, #4629, #4630, #4631, #4632, #4633, #4634, #4635, #4636, #4637, #4638, #4639, #4640, #4641, #4642, #4643, #4644, #4645, #4646, #4647, #4648, #4649, #4650, #4651, #4652, #4653, #4654, #4655, #4656, #4657, #4658), .UNSPECIFIED., .F., .U., (4, 3, 3, 3, 3, 3, 3, 3, 3, 3, 3, 3, 3, 3, 3, 3, 3, 3, 3, 4), (0., 0.08649755859375, 0.1729951171875, 0.25949267578125, 0.345990234375, 0.43248779296875, 0.5189853515625, 0.60548291015625, 0.69198046875, 0.77847802734375, 0.8649755859375, 0.95147314453125, 1.037970703125, 1.12446826171875, 1.2109658203125, 1.29746337890625, 1.3839609375, 1.47045849609375, 1.5569560546875, 1.61605407621575), .UNSPECIFIED.);
#4601 = CARTESIAN_POINT('', (1.40000000000001, 64.23, 36.9));
#4602 = CARTESIAN_POINT('', (1.37116748046876, 64.23, 36.9));
#4603 = CARTESIAN_POINT('', (1.3422331126854, 64.2287829221525, 36.9));
#4604 = CARTESIAN_POINT('', (1.31350244140624, 64.2263616187082, 36.9));
#4605 = CARTESIAN_POINT('', (1.28477177012709, 64.223940315264, 36.9));
#4606 = CARTESIAN_POINT('', (1.25604181838728, 64.2202976801548, 36.9));
#4607 = CARTESIAN_POINT('', (1.22761597232504, 64.2154721793346, 36.9));
#4608 = CARTESIAN_POINT('', (1.1991901262628, 64.2106466785144, 36.9));
#4609 = CARTESIAN_POINT('', (1.17086756244798, 64.2046042206979, 36.9));
#4610 = CARTESIAN_POINT('', (1.14294736503278, 64.197408613787, 36.9));
#4611 = CARTESIAN_POINT('', (1.11502716761759, 64.190213006876, 36.9));
#4612 = CARTESIAN_POINT('', (1.08731208548758, 64.1818134152172, 36.9));
#4613 = CARTESIAN_POINT('', (1.06009478783388, 64.1722985378691, 36.9));
#4614 = CARTESIAN_POINT('', (1.03287749018017, 64.162783660521, 36.9));
#4615 = CARTESIAN_POINT('', (1.00596569174725, 64.1520862766064, 36.9));
#4616 = CARTESIAN_POINT('', (0.979643579110558, 64.1403193496983, 36.9));
#4617 = CARTESIAN_POINT('', (0.95332146647387, 64.1285524227902, 36.9));
#4618 = CARTESIAN_POINT('', (0.927403078697159, 64.1156328216909, 36.9));
#4619 = CARTESIAN_POINT('', (0.902162112013755, 64.1016969764202, 36.9));
#4620 = CARTESIAN_POINT('', (0.876921145330352, 64.0877611311496, 36.9));
#4621 = CARTESIAN_POINT('', (0.852179276903442, 64.0727105874965, 36.9));
#4622 = CARTESIAN_POINT('', (0.828197779010154, 64.0567042780744, 36.9));
#4623 = CARTESIAN_POINT('', (0.804216281116865, 64.0406979686524, 36.9));
#4624 = CARTESIAN_POINT('', (0.7808257288382, 64.0236228117978, 36.9));
#4625 = CARTESIAN_POINT('', (0.758273124654025, 64.005659119888, 36.9));
#4626 = CARTESIAN_POINT('', (0.73572052046985, 63.9876954279782, 36.9));
#4627 = CARTESIAN_POINT('', (0.713846534335222, 63.9687162907983, 36.9));
#4628 = CARTESIAN_POINT('', (0.692882153905103, 63.9489221266154, 36.9));
#4629 = CARTESIAN_POINT('', (0.671917773474983, 63.9291279624324, 36.9));
#4630 = CARTESIAN_POINT('', (0.65171488921629, 63.9083789290781, 36.9));
#4631 = CARTESIAN_POINT('', (0.632486842073334, 63.8868941347904, 36.9));
#4632 = CARTESIAN_POINT('', (0.613258794930378, 63.8654093405026, 36.9));
#4633 = CARTESIAN_POINT('', (0.594869742248776, 63.843036999119, 36.9));
#4634 = CARTESIAN_POINT('', (0.577513871047358, 63.8200133608887, 36.9));
#4635 = CARTESIAN_POINT('', (0.560157999845941, 63.7969897226584, 36.9));
#4636 = CARTESIAN_POINT('', (0.543712694052692, 63.7731521297666, 36.9));
#4637 = CARTESIAN_POINT('', (0.528351614864818, 63.7487523054086, 36.9));
#4638 = CARTESIAN_POINT('', (0.512990535676943, 63.7243524810505, 36.9));
#4639 = CARTESIAN_POINT('', (0.498605159865052, 63.6992180449068, 36.9));
#4640 = CARTESIAN_POINT('', (0.485347395920115, 63.6736144147404, 36.9));
#4641 = CARTESIAN_POINT('', (0.472089631975179, 63.6480107845739, 36.9));
#4642 = CARTESIAN_POINT('', (0.459865816207256, 63.6217570753964, 36.9));
#4643 = CARTESIAN_POINT('', (0.448805031195178, 63.5951305244099, 36.9));
#4644 = CARTESIAN_POINT('', (0.4377442461831, 63.5685039734234, 36.9));
#4645 = CARTESIAN_POINT('', (0.427768349493343, 63.5413164688901, 36.9));
#4646 = CARTESIAN_POINT('', (0.418982685847638, 63.5138551088214, 36.9));
#4647 = CARTESIAN_POINT('', (0.410197022201933, 63.4863937487527, 36.9));
#4648 = CARTESIAN_POINT('', (0.402539522485238, 63.4584645236364, 36.9));
#4649 = CARTESIAN_POINT('', (0.396091049320944, 63.4303623639975, 36.9));
#4650 = CARTESIAN_POINT('', (0.38964257615665, 63.4022602043586, 36.9));
#4651 = CARTESIAN_POINT('', (0.384357572255164, 63.3737865735527, 36.9));
#4652 = CARTESIAN_POINT('', (0.380291846861837, 63.3452421509881, 36.9));
#4653 = CARTESIAN_POINT('', (0.376226121468511, 63.3166977284235, 36.9));
#4654 = CARTESIAN_POINT('', (0.373350950973171, 63.2878808529487, 36.9));
#4655 = CARTESIAN_POINT('', (0.371696696960925, 63.25909582861, 36.9));
#4656 = CARTESIAN_POINT('', (0.370566455358522, 63.2394289384027, 36.9));
#4657 = CARTESIAN_POINT('', (0.370000000000005, 63.2196993405094, 36.9));
#4658 = CARTESIAN_POINT('', (0.370000000000005, 63.2, 36.9));
#4659 = ORIENTED_EDGE('', *, *, #4660, .T.);
#4660 = EDGE_CURVE('', #4598, #4661, #4663, .T.);
#4661 = VERTEX_POINT('', #4662);
#4662 = CARTESIAN_POINT('', (0.370000000000005, 22.8, 36.9));
#4663 = B_SPLINE_CURVE_WITH_KNOTS('', 3, (#4664, #4665, #4666, #4667), .UNSPECIFIED., .F., .U., (4, 4), (0., 40.4), .UNSPECIFIED.);
#4664 = CARTESIAN_POINT('', (0.370000000000005, 63.2, 36.9));
#4665 = CARTESIAN_POINT('', (0.370000000000005, 49.7333333333333, 36.9));
#4666 = CARTESIAN_POINT('', (0.370000000000005, 36.2666666666667, 36.9));
#4667 = CARTESIAN_POINT('', (0.370000000000005, 22.8, 36.9));
#4668 = ORIENTED_EDGE('', *, *, #4669, .T.);
#4669 = EDGE_CURVE('', #4661, #4670, #4672, .T.);
#4670 = VERTEX_POINT('', #4671);
#4671 = CARTESIAN_POINT('', (1.40000000000001, 21.77, 36.9));
#4672 = B_SPLINE_CURVE_WITH_KNOTS('', 3, (#4673, #4674, #4675, #4676, #4677, #4678, #4679, #4680, #4681, #4682, #4683, #4684, #4685, #4686, #4687, #4688, #4689, #4690, #4691, #4692, #4693, #4694, #4695, #4696, #4697, #4698, #4699, #4700, #4701, #4702, #4703, #4704, #4705, #4706, #4707, #4708, #4709, #4710, #4711, #4712, #4713, #4714, #4715, #4716, #4717, #4718, #4719, #4720, #4721, #4722, #4723, #4724, #4725, #4726, #4727, #4728, #4729, #4730), .UNSPECIFIED., .F., .U., (4, 3, 3, 3, 3, 3, 3, 3, 3, 3, 3, 3, 3, 3, 3, 3, 3, 3, 3, 4), (0., 0.08649755859375, 0.1729951171875, 0.25949267578125, 0.345990234375, 0.43248779296875, 0.5189853515625, 0.60548291015625, 0.69198046875, 0.77847802734375, 0.8649755859375, 0.95147314453125, 1.037970703125, 1.12446826171875, 1.2109658203125, 1.29746337890625, 1.3839609375, 1.47045849609375, 1.5569560546875, 1.61605407621577), .UNSPECIFIED.);
#4673 = CARTESIAN_POINT('', (0.370000000000005, 22.8, 36.9));
#4674 = CARTESIAN_POINT('', (0.370000000000005, 22.7711674804687, 36.9));
#4675 = CARTESIAN_POINT('', (0.371217077847537, 22.7422331126854, 36.9));
#4676 = CARTESIAN_POINT('', (0.373638381291769, 22.7135024414063, 36.9));
#4677 = CARTESIAN_POINT('', (0.376059684736002, 22.6847717701271, 36.9));
#4678 = CARTESIAN_POINT('', (0.379702319845176, 22.6560418183873, 36.9));
#4679 = CARTESIAN_POINT('', (0.384527820665383, 22.6276159723251, 36.9));
#4680 = CARTESIAN_POINT('', (0.38935332148559, 22.5991901262628, 36.9));
#4681 = CARTESIAN_POINT('', (0.395395779302109, 22.570867562448, 36.9));
#4682 = CARTESIAN_POINT('', (0.402591386213032, 22.5429473650328, 36.9));
#4683 = CARTESIAN_POINT('', (0.409786993123956, 22.5150271676176, 36.9));
#4684 = CARTESIAN_POINT('', (0.418186584782817, 22.4873120854876, 36.9));
#4685 = CARTESIAN_POINT('', (0.427701462130926, 22.4600947878339, 36.9));
#4686 = CARTESIAN_POINT('', (0.437216339479036, 22.4328774901802, 36.9));
#4687 = CARTESIAN_POINT('', (0.44791372339357, 22.4059656917473, 36.9));
#4688 = CARTESIAN_POINT('', (0.459680650301706, 22.3796435791106, 36.9));
#4689 = CARTESIAN_POINT('', (0.471447577209843, 22.3533214664739, 36.9));
#4690 = CARTESIAN_POINT('', (0.484367178309111, 22.3274030786972, 36.9));
#4691 = CARTESIAN_POINT('', (0.498303023579751, 22.3021621120138, 36.9));
#4692 = CARTESIAN_POINT('', (0.512238868850392, 22.2769211453304, 36.9));
#4693 = CARTESIAN_POINT('', (0.527289412503491, 22.2521792769034, 36.9));
#4694 = CARTESIAN_POINT('', (0.543295721925531, 22.2281977790101, 36.9));
#4695 = CARTESIAN_POINT('', (0.559302031347572, 22.2042162811169, 36.9));
#4696 = CARTESIAN_POINT('', (0.576377188202169, 22.1808257288382, 36.9));
#4697 = CARTESIAN_POINT('', (0.594340880112014, 22.158273124654, 36.9));
#4698 = CARTESIAN_POINT('', (0.61230457202186, 22.1357205204699, 36.9));
#4699 = CARTESIAN_POINT('', (0.631283709201684, 22.1138465343352, 36.9));
#4700 = CARTESIAN_POINT('', (0.651077873384622, 22.0928821539051, 36.9));
#4701 = CARTESIAN_POINT('', (0.670872037567561, 22.071917773475, 36.9));
#4702 = CARTESIAN_POINT('', (0.691621070921862, 22.0517148892163, 36.9));
#4703 = CARTESIAN_POINT('', (0.713105865209641, 22.0324868420733, 36.9));
#4704 = CARTESIAN_POINT('', (0.734590659497421, 22.0132587949304, 36.9));
#4705 = CARTESIAN_POINT('', (0.756963000881, 21.9948697422488, 36.9));
#4706 = CARTESIAN_POINT('', (0.7799866391113, 21.9775138710474, 36.9));
#4707 = CARTESIAN_POINT('', (0.8030102773416, 21.9601579998459, 36.9));
#4708 = CARTESIAN_POINT('', (0.826847870233384, 21.9437126940527, 36.9));
#4709 = CARTESIAN_POINT('', (0.851247694591436, 21.9283516148648, 36.9));
#4710 = CARTESIAN_POINT('', (0.875647518949487, 21.9129905356769, 36.9));
#4711 = CARTESIAN_POINT('', (0.900781955093133, 21.8986051598651, 36.9));
#4712 = CARTESIAN_POINT('', (0.926385585259581, 21.8853473959201, 36.9));
#4713 = CARTESIAN_POINT('', (0.951989215426029, 21.8720896319752, 36.9));
#4714 = CARTESIAN_POINT('', (0.97824292460363, 21.8598658162073, 36.9));
#4715 = CARTESIAN_POINT('', (1.00486947559013, 21.8488050311952, 36.9));
#4716 = CARTESIAN_POINT('', (1.03149602657662, 21.8377442461831, 36.9));
#4717 = CARTESIAN_POINT('', (1.05868353110985, 21.8277683494934, 36.9));
#4718 = CARTESIAN_POINT('', (1.08614489117858, 21.8189826858476, 36.9));
#4719 = CARTESIAN_POINT('', (1.11360625124731, 21.8101970222019, 36.9));
#4720 = CARTESIAN_POINT('', (1.14153547636361, 21.8025395224852, 36.9));
#4721 = CARTESIAN_POINT('', (1.16963763600249, 21.7960910493209, 36.9));
#4722 = CARTESIAN_POINT('', (1.19773979564137, 21.7896425761567, 36.9));
#4723 = CARTESIAN_POINT('', (1.22621342644726, 21.7843575722552, 36.9));
#4724 = CARTESIAN_POINT('', (1.25475784901185, 21.7802918468618, 36.9));
#4725 = CARTESIAN_POINT('', (1.28330227157644, 21.7762261214685, 36.9));
#4726 = CARTESIAN_POINT('', (1.31211914705126, 21.7733509509732, 36.9));
#4727 = CARTESIAN_POINT('', (1.34090417139002, 21.7716966969609, 36.9));
#4728 = CARTESIAN_POINT('', (1.36057106159733, 21.7705664553585, 36.9));
#4729 = CARTESIAN_POINT('', (1.38030065949057, 21.77, 36.9));
#4730 = CARTESIAN_POINT('', (1.39999999999999, 21.77, 36.9));
#4731 = ORIENTED_EDGE('', *, *, #4732, .T.);
#4732 = EDGE_CURVE('', #4670, #4733, #4735, .T.);
#4733 = VERTEX_POINT('', #4734);
#4734 = CARTESIAN_POINT('', (26.7860361093043, 21.77, 36.9));
#4735 = B_SPLINE_CURVE_WITH_KNOTS('', 3, (#4736, #4737, #4738, #4739), .UNSPECIFIED., .F., .U., (4, 4), (0., 25.3860361093043), .UNSPECIFIED.);
#4736 = CARTESIAN_POINT('', (1.40000000000001, 21.77, 36.9));
#4737 = CARTESIAN_POINT('', (9.86201203643478, 21.77, 36.9));
#4738 = CARTESIAN_POINT('', (18.3240240728695, 21.77, 36.9));
#4739 = CARTESIAN_POINT('', (26.7860361093043, 21.77, 36.9));
#4740 = ORIENTED_EDGE('', *, *, #4741, .T.);
#4741 = EDGE_CURVE('', #4733, #4742, #4744, .T.);
#4742 = VERTEX_POINT('', #4743);
#4743 = CARTESIAN_POINT('', (32.35, 20.9, 36.9));
#4744 = (
   BOUNDED_CURVE ()
   B_SPLINE_CURVE (2, (#4745, #4746, #4747, #4748, #4749, #4750, #4751), .UNSPECIFIED., .F., .U.)
   B_SPLINE_CURVE_WITH_KNOTS ((3, 2, 2, 3), (0.44807995741064, 0.5, 0.75, 1.), .UNSPECIFIED.)
   CURVE ()
   GEOMETRIC_REPRESENTATION_ITEM ()
   RATIONAL_B_SPLINE_CURVE ((0.903609358822081, 0.939171886420283, 1., 0.707106781186548, 1., 0.707106781186548, 1.))
   REPRESENTATION_ITEM ('')
);
#4745 = CARTESIAN_POINT('', (26.7860361093043, 21.77, 36.9));
#4746 = CARTESIAN_POINT('', (26.65, 21.3456355304797, 36.9));
#4747 = CARTESIAN_POINT('', (26.65, 20.9, 36.9));
#4748 = CARTESIAN_POINT('', (26.65, 18.05, 36.9));
#4749 = CARTESIAN_POINT('', (29.5, 18.05, 36.9));
#4750 = CARTESIAN_POINT('', (32.35, 18.05, 36.9));
#4751 = CARTESIAN_POINT('', (32.35, 20.9, 36.9));
#4752 = ORIENTED_EDGE('', *, *, #4753, .T.);
#4753 = EDGE_CURVE('', #4742, #4754, #4756, .T.);
#4754 = VERTEX_POINT('', #4755);
#4755 = CARTESIAN_POINT('', (32.2139638906957, 21.77, 36.9));
#4756 = (
   BOUNDED_CURVE ()
   B_SPLINE_CURVE (2, (#4757, #4758, #4759), .UNSPECIFIED., .F., .U.)
   B_SPLINE_CURVE_WITH_KNOTS ((3, 3), (0., 0.0519200425893601), .UNSPECIFIED.)
   CURVE ()
   GEOMETRIC_REPRESENTATION_ITEM ()
   RATIONAL_B_SPLINE_CURVE ((1., 0.939171886420283, 0.903609358822081))
   REPRESENTATION_ITEM ('')
);
#4757 = CARTESIAN_POINT('', (32.35, 20.9, 36.9));
#4758 = CARTESIAN_POINT('', (32.35, 21.3456355304797, 36.9));
#4759 = CARTESIAN_POINT('', (32.2139638906957, 21.77, 36.9));
#4760 = ORIENTED_EDGE('', *, *, #4761, .T.);
#4761 = EDGE_CURVE('', #4754, #4762, #4764, .T.);
#4762 = VERTEX_POINT('', #4763);
#4763 = CARTESIAN_POINT('', (42.1, 21.77, 36.9));
#4764 = B_SPLINE_CURVE_WITH_KNOTS('', 3, (#4765, #4766, #4767, #4768), .UNSPECIFIED., .F., .U., (4, 4), (30.8139638906957, 40.7), .UNSPECIFIED.);
#4765 = CARTESIAN_POINT('', (32.2139638906957, 21.77, 36.9));
#4766 = CARTESIAN_POINT('', (35.5093092604638, 21.77, 36.9));
#4767 = CARTESIAN_POINT('', (38.8046546302319, 21.77, 36.9));
#4768 = CARTESIAN_POINT('', (42.1, 21.77, 36.9));
#4769 = ORIENTED_EDGE('', *, *, #4770, .T.);
#4770 = EDGE_CURVE('', #4762, #4771, #4773, .T.);
#4771 = VERTEX_POINT('', #4772);
#4772 = CARTESIAN_POINT('', (47.77, 16.1, 36.9));
#4773 = B_SPLINE_CURVE_WITH_KNOTS('', 3, (#4774, #4775, #4776, #4777, #4778, #4779, #4780, #4781, #4782, #4783, #4784, #4785, #4786, #4787, #4788, #4789, #4790, #4791, #4792, #4793, #4794, #4795, #4796, #4797, #4798, #4799, #4800, #4801, #4802, #4803, #4804, #4805, #4806, #4807, #4808, #4809, #4810, #4811, #4812, #4813, #4814, #4815, #4816, #4817, #4818, #4819, #4820, #4821, #4822, #4823, #4824, #4825, #4826, #4827, #4828, #4829, #4830, #4831, #4832, #4833, #4834, #4835, #4836, #4837, #4838, #4839, #4840), .UNSPECIFIED., .F., .U., (4, 3, 3, 3, 3, 3, 3, 3, 3, 3, 3, 3, 3, 3, 3, 3, 3, 3, 3, 3, 3, 3, 4), (0., 0.437893890380859, 0.875787780761719, 1.31368167114258, 1.75157556152344, 2.1894694519043, 2.62736334228516, 3.06525723266602, 3.50315112304688, 3.94104501342774, 4.37893890380859, 4.81683279418945, 5.25472668457031, 5.69262057495117, 6.13051446533203, 6.56840835571289, 7.00630224609375, 7.44419613647461, 7.88209002685547, 8.31998391723633, 8.53893086242676, 8.75787780761719, 8.89767409058972), .UNSPECIFIED.);
#4774 = CARTESIAN_POINT('', (42.1, 21.77, 36.9));
#4775 = CARTESIAN_POINT('', (42.245964630127, 21.77, 36.9));
#4776 = CARTESIAN_POINT('', (42.3923652119046, 21.764338289343, 36.9));
#4777 = CARTESIAN_POINT('', (42.5378938903809, 21.7530654463546, 36.9));
#4778 = CARTESIAN_POINT('', (42.6834225688572, 21.7417926033662, 36.9));
#4779 = CARTESIAN_POINT('', (42.8289486432253, 21.7248412909867, 36.9));
#4780 = CARTESIAN_POINT('', (42.9731720708578, 21.7023629420696, 36.9));
#4781 = CARTESIAN_POINT('', (43.1173954984902, 21.6798845931525, 36.9));
#4782 = CARTESIAN_POINT('', (43.2611777818111, 21.6517449358086, 36.9));
#4783 = CARTESIAN_POINT('', (43.4032344561757, 21.6181953528519, 36.9));
#4784 = CARTESIAN_POINT('', (43.5452911305403, 21.5846457698953, 36.9));
#4785 = CARTESIAN_POINT('', (43.6864707555157, 21.5454858566653, 36.9));
#4786 = CARTESIAN_POINT('', (43.8255121170454, 21.5010654443294, 36.9));
#4787 = CARTESIAN_POINT('', (43.964553478575, 21.4566450319936, 36.9));
#4788 = CARTESIAN_POINT('', (44.1022871245938, 21.4066987802149, 36.9));
#4789 = CARTESIAN_POINT('', (44.2374826253535, 21.351672878837, 36.9));
#4790 = CARTESIAN_POINT('', (44.3726781261131, 21.2966469774591, 36.9));
#4791 = CARTESIAN_POINT('', (44.5061430567318, 21.2362127354491, 36.9));
#4792 = CARTESIAN_POINT('', (44.6366851216032, 21.1709100360622, 36.9));
#4793 = CARTESIAN_POINT('', (44.7672271864746, 21.1056073366754, 36.9));
#4794 = CARTESIAN_POINT('', (44.8956261639411, 21.0350461015816, 36.9));
#4795 = CARTESIAN_POINT('', (45.0207350145819, 20.959856682516, 36.9));
#4796 = CARTESIAN_POINT('', (45.1458438652227, 20.8846672634503, 36.9));
#4797 = CARTESIAN_POINT('', (45.2684099126861, 20.8044005248746, 36.9));
#4798 = CARTESIAN_POINT('', (45.3873382254482, 20.7197735216683, 36.9));
#4799 = CARTESIAN_POINT('', (45.5062665382102, 20.635146518462, 36.9));
#4800 = CARTESIAN_POINT('', (45.6222675211711, 20.5456537407395, 36.9));
#4801 = CARTESIAN_POINT('', (45.734304891154, 20.4520946632782, 36.9));
#4802 = CARTESIAN_POINT('', (45.8463422611368, 20.3585355858168, 36.9));
#4803 = CARTESIAN_POINT('', (45.9550852607703, 20.26035134399, 36.9));
#4804 = CARTESIAN_POINT('', (46.0595624453454, 20.1584190569002, 36.9));
#4805 = CARTESIAN_POINT('', (46.1640396299205, 20.0564867698103, 36.9));
#4806 = CARTESIAN_POINT('', (46.2648750821485, 19.9501975564049, 36.9));
#4807 = CARTESIAN_POINT('', (46.3611679986044, 19.8405009407391, 36.9));
#4808 = CARTESIAN_POINT('', (46.4574609150602, 19.7308043250733, 36.9));
#4809 = CARTESIAN_POINT('', (46.54978649065, 19.6170450467511, 36.9));
#4810 = CARTESIAN_POINT('', (46.6373199440803, 19.5002393629054, 36.9));
#4811 = CARTESIAN_POINT('', (46.7248533975106, 19.3834336790596, 36.9));
#4812 = CARTESIAN_POINT('', (46.8081176000204, 19.2628838640751, 36.9));
#4813 = CARTESIAN_POINT('', (46.8863687191859, 19.1396668376647, 36.9));
#4814 = CARTESIAN_POINT('', (46.9646198383515, 19.0164498112542, 36.9));
#4815 = CARTESIAN_POINT('', (47.0383252984323, 18.8898295503689, 36.9));
#4816 = CARTESIAN_POINT('', (47.1068266590738, 18.7609372044427, 36.9));
#4817 = CARTESIAN_POINT('', (47.1753280197154, 18.6320448585165, 36.9));
#4818 = CARTESIAN_POINT('', (47.2390344660911, 18.5001105036177, 36.9));
#4819 = CARTESIAN_POINT('', (47.2973768830352, 18.3663127621076, 36.9));
#4820 = CARTESIAN_POINT('', (47.3557192999793, 18.2325150205974, 36.9));
#4821 = CARTESIAN_POINT('', (47.4090461893576, 18.0960546667153, 36.9));
#4822 = CARTESIAN_POINT('', (47.4568811607384, 17.9581507553818, 36.9));
#4823 = CARTESIAN_POINT('', (47.5047161321193, 17.8202468440482, 36.9));
#4824 = CARTESIAN_POINT('', (47.5473449223242, 17.680075621759, 36.9));
#4825 = CARTESIAN_POINT('', (47.5843867113203, 17.5388892941063, 36.9));
#4826 = CARTESIAN_POINT('', (47.6214285003164, 17.3977029664535, 36.9));
#4827 = CARTESIAN_POINT('', (47.6531045530642, 17.2546581727884, 36.9));
#4828 = CARTESIAN_POINT('', (47.679131894715, 17.1110327894653, 36.9));
#4829 = CARTESIAN_POINT('', (47.7051592363659, 16.9674074061423, 36.9));
#4830 = CARTESIAN_POINT('', (47.7256933383181, 16.8223435030878, 36.9));
#4831 = CARTESIAN_POINT('', (47.7405507612257, 16.6771369941681, 36.9));
#4832 = CARTESIAN_POINT('', (47.7479794726796, 16.6045337397083, 36.9));
#4833 = CARTESIAN_POINT('', (47.7540228381972, 16.531569419047, 36.9));
#4834 = CARTESIAN_POINT('', (47.758640331727, 16.458733321777, 36.9));
#4835 = CARTESIAN_POINT('', (47.7632578252567, 16.385897224507, 36.9));
#4836 = CARTESIAN_POINT('', (47.7664770546513, 16.3127538658307, 36.9));
#4837 = CARTESIAN_POINT('', (47.7682764321611, 16.2397937359473, 36.9));
#4838 = CARTESIAN_POINT('', (47.769425323676, 16.193209140058, 36.9));
#4839 = CARTESIAN_POINT('', (47.77, 16.1465987609908, 36.9));
#4840 = CARTESIAN_POINT('', (47.77, 16.1, 36.9));
#4841 = ORIENTED_EDGE('', *, *, #4842, .T.);
#4842 = EDGE_CURVE('', #4771, #4843, #4845, .T.);
#4843 = VERTEX_POINT('', #4844);
#4844 = CARTESIAN_POINT('', (47.77, 1.40000000000001, 36.9));
#4845 = B_SPLINE_CURVE_WITH_KNOTS('', 3, (#4846, #4847, #4848, #4849), .UNSPECIFIED., .F., .U., (4, 4), (0., 14.7), .UNSPECIFIED.);
#4846 = CARTESIAN_POINT('', (47.77, 16.1, 36.9));
#4847 = CARTESIAN_POINT('', (47.77, 11.2, 36.9));
#4848 = CARTESIAN_POINT('', (47.77, 6.3, 36.9));
#4849 = CARTESIAN_POINT('', (47.77, 1.4, 36.9));
#4850 = ORIENTED_EDGE('', *, *, #4851, .T.);
#4851 = EDGE_CURVE('', #4843, #4852, #4854, .T.);
#4852 = VERTEX_POINT('', #4853);
#4853 = CARTESIAN_POINT('', (48.8, 0.369999999999997, 36.9));
#4854 = B_SPLINE_CURVE_WITH_KNOTS('', 3, (#4855, #4856, #4857, #4858, #4859, #4860, #4861, #4862, #4863, #4864, #4865, #4866, #4867, #4868, #4869, #4870, #4871, #4872, #4873, #4874, #4875, #4876, #4877, #4878, #4879, #4880, #4881, #4882, #4883, #4884, #4885, #4886, #4887, #4888, #4889, #4890, #4891, #4892, #4893, #4894, #4895, #4896, #4897, #4898, #4899, #4900, #4901, #4902, #4903, #4904, #4905, #4906, #4907, #4908, #4909, #4910, #4911, #4912), .UNSPECIFIED., .F., .U., (4, 3, 3, 3, 3, 3, 3, 3, 3, 3, 3, 3, 3, 3, 3, 3, 3, 3, 3, 4), (0., 0.08649755859375, 0.1729951171875, 0.25949267578125, 0.345990234375, 0.43248779296875, 0.5189853515625, 0.60548291015625, 0.69198046875, 0.77847802734375, 0.8649755859375, 0.95147314453125, 1.037970703125, 1.12446826171875, 1.2109658203125, 1.29746337890625, 1.3839609375, 1.47045849609375, 1.5569560546875, 1.61605407621576), .UNSPECIFIED.);
#4855 = CARTESIAN_POINT('', (47.77, 1.40000000000001, 36.9));
#4856 = CARTESIAN_POINT('', (47.77, 1.37116748046876, 36.9));
#4857 = CARTESIAN_POINT('', (47.7712170778475, 1.34223311268541, 36.9));
#4858 = CARTESIAN_POINT('', (47.7736383812918, 1.31350244140626, 36.9));
#4859 = CARTESIAN_POINT('', (47.776059684736, 1.2847717701271, 36.9));
#4860 = CARTESIAN_POINT('', (47.7797023198452, 1.2560418183873, 36.9));
#4861 = CARTESIAN_POINT('', (47.7845278206654, 1.22761597232507, 36.9));
#4862 = CARTESIAN_POINT('', (47.7893533214856, 1.19919012626283, 36.9));
#4863 = CARTESIAN_POINT('', (47.7953957793021, 1.17086756244801, 36.9));
#4864 = CARTESIAN_POINT('', (47.802591386213, 1.14294736503282, 36.9));
#4865 = CARTESIAN_POINT('', (47.809786993124, 1.11502716761762, 36.9));
#4866 = CARTESIAN_POINT('', (47.8181865847828, 1.08731208548762, 36.9));
#4867 = CARTESIAN_POINT('', (47.8277014621309, 1.06009478783391, 36.9));
#4868 = CARTESIAN_POINT('', (47.837216339479, 1.03287749018021, 36.9));
#4869 = CARTESIAN_POINT('', (47.8479137233936, 1.00596569174728, 36.9));
#4870 = CARTESIAN_POINT('', (47.8596806503017, 0.97964357911059, 36.9));
#4871 = CARTESIAN_POINT('', (47.8714475772098, 0.953321466473902, 36.9));
#4872 = CARTESIAN_POINT('', (47.8843671783091, 0.927403078697191, 36.9));
#4873 = CARTESIAN_POINT('', (47.8983030235797, 0.902162112013787, 36.9));
#4874 = CARTESIAN_POINT('', (47.9122388688504, 0.876921145330383, 36.9));
#4875 = CARTESIAN_POINT('', (47.9272894125035, 0.852179276903464, 36.9));
#4876 = CARTESIAN_POINT('', (47.9432957219255, 0.828197779010175, 36.9));
#4877 = CARTESIAN_POINT('', (47.9593020313476, 0.804216281116886, 36.9));
#4878 = CARTESIAN_POINT('', (47.9763771882021, 0.780825728838233, 36.9));
#4879 = CARTESIAN_POINT('', (47.994340880112, 0.758273124654057, 36.9));
#4880 = CARTESIAN_POINT('', (48.0123045720218, 0.735720520469881, 36.9));
#4881 = CARTESIAN_POINT('', (48.0312837092017, 0.713846534335234, 36.9));
#4882 = CARTESIAN_POINT('', (48.0510778733846, 0.692882153905114, 36.9));
#4883 = CARTESIAN_POINT('', (48.0708720375675, 0.671917773474993, 36.9));
#4884 = CARTESIAN_POINT('', (48.0916210709218, 0.651714889216272, 36.9));
#4885 = CARTESIAN_POINT('', (48.1131058652096, 0.632486842073316, 36.9));
#4886 = CARTESIAN_POINT('', (48.1345906594974, 0.61325879493036, 36.9));
#4887 = CARTESIAN_POINT('', (48.156963000881, 0.59486974224879, 36.9));
#4888 = CARTESIAN_POINT('', (48.1799866391113, 0.577513871047373, 36.9));
#4889 = CARTESIAN_POINT('', (48.2030102773416, 0.560157999845955, 36.9));
#4890 = CARTESIAN_POINT('', (48.2268478702334, 0.543712694052689, 36.9));
#4891 = CARTESIAN_POINT('', (48.2512476945914, 0.528351614864814, 36.9));
#4892 = CARTESIAN_POINT('', (48.2756475189495, 0.512990535676939, 36.9));
#4893 = CARTESIAN_POINT('', (48.3007819550931, 0.498605159865055, 36.9));
#4894 = CARTESIAN_POINT('', (48.3263855852596, 0.485347395920119, 36.9));
#4895 = CARTESIAN_POINT('', (48.351989215426, 0.472089631975183, 36.9));
#4896 = CARTESIAN_POINT('', (48.3782429246036, 0.459865816207271, 36.9));
#4897 = CARTESIAN_POINT('', (48.4048694755901, 0.448805031195192, 36.9));
#4898 = CARTESIAN_POINT('', (48.4314960265766, 0.437744246183114, 36.9));
#4899 = CARTESIAN_POINT('', (48.4586835311098, 0.427768349493351, 36.9));
#4900 = CARTESIAN_POINT('', (48.4861448911786, 0.418982685847645, 36.9));
#4901 = CARTESIAN_POINT('', (48.5136062512473, 0.41019702220194, 36.9));
#4902 = CARTESIAN_POINT('', (48.5415354763636, 0.402539522485242, 36.9));
#4903 = CARTESIAN_POINT('', (48.5696376360025, 0.396091049320948, 36.9));
#4904 = CARTESIAN_POINT('', (48.5977397956414, 0.389642576156653, 36.9));
#4905 = CARTESIAN_POINT('', (48.6262134264473, 0.384357572255171, 36.9));
#4906 = CARTESIAN_POINT('', (48.6547578490119, 0.380291846861844, 36.9));
#4907 = CARTESIAN_POINT('', (48.6833022715765, 0.376226121468518, 36.9));
#4908 = CARTESIAN_POINT('', (48.7121191470513, 0.373350950973174, 36.9));
#4909 = CARTESIAN_POINT('', (48.74090417139, 0.371696696960928, 36.9));
#4910 = CARTESIAN_POINT('', (48.7605710615973, 0.370566455358525, 36.9));
#4911 = CARTESIAN_POINT('', (48.7803006594906, 0.369999999999997, 36.9));
#4912 = CARTESIAN_POINT('', (48.8, 0.369999999999997, 36.9));
#4913 = ORIENTED_EDGE('', *, *, #4914, .T.);
#4914 = EDGE_CURVE('', #4852, #3402, #4915, .T.);
#4915 = B_SPLINE_CURVE_WITH_KNOTS('', 3, (#4916, #4917, #4918, #4919, #4920, #4921, #4922, #4923, #4924, #4925, #4926, #4927, #4928, #4929, #4930, #4931), .UNSPECIFIED., .F., .U., (4, 3, 3, 3, 3, 4), (0., 21.015, 31.5225, 36.77625, 39.403125, 42.03), .UNSPECIFIED.);
#4916 = CARTESIAN_POINT('', (48.8, 0.369999999999997, 36.9));
#4917 = CARTESIAN_POINT('', (55.805, 0.369999999999997, 36.9));
#4918 = CARTESIAN_POINT('', (62.81, 0.369999999999997, 36.9));
#4919 = CARTESIAN_POINT('', (69.815, 0.369999999999997, 36.9));
#4920 = CARTESIAN_POINT('', (73.3175, 0.369999999999997, 36.9));
#4921 = CARTESIAN_POINT('', (76.82, 0.369999999999997, 36.9));
#4922 = CARTESIAN_POINT('', (80.3225, 0.369999999999997, 36.9));
#4923 = CARTESIAN_POINT('', (82.07375, 0.369999999999997, 36.9));
#4924 = CARTESIAN_POINT('', (83.825, 0.369999999999997, 36.9));
#4925 = CARTESIAN_POINT('', (85.57625, 0.369999999999997, 36.9));
#4926 = CARTESIAN_POINT('', (86.451875, 0.369999999999997, 36.9));
#4927 = CARTESIAN_POINT('', (87.3275, 0.369999999999997, 36.9));
#4928 = CARTESIAN_POINT('', (88.203125, 0.369999999999997, 36.9));
#4929 = CARTESIAN_POINT('', (89.07875, 0.369999999999997, 36.9));
#4930 = CARTESIAN_POINT('', (89.954375, 0.369999999999997, 36.9));
#4931 = CARTESIAN_POINT('', (90.83, 0.369999999999997, 36.9));
#4932 = ORIENTED_EDGE('', *, *, #3401, .T.);
#4933 = ORIENTED_EDGE('', *, *, #3465, .T.);
#4934 = ORIENTED_EDGE('', *, *, #3507, .F.);
#4935 = ORIENTED_EDGE('', *, *, #4936, .F.);
#4936 = EDGE_CURVE('', #4171, #3484, #4937, .T.);
#4937 = B_SPLINE_CURVE_WITH_KNOTS('', 1, (#4938, #4939), .UNSPECIFIED., .F., .U., (2, 2), (0., 0.125859044849503), .UNSPECIFIED.);
#4938 = CARTESIAN_POINT('', (87.9664151263224, 41.4784444444444, 36.9));
#4939 = CARTESIAN_POINT('', (88.0530449858538, 41.4597613684534, 36.9));
#4940 = ORIENTED_EDGE('', *, *, #4170, .T.);
#4941 = FACE_BOUND('', #4942, .T.);
#4942 = EDGE_LOOP('', (#4943));
#4943 = ORIENTED_EDGE('', *, *, #1973, .F.);
#4944 = FACE_BOUND('', #4945, .T.);
#4945 = EDGE_LOOP('', (#4946));
#4946 = ORIENTED_EDGE('', *, *, #1917, .F.);
#4947 = FACE_BOUND('', #4948, .T.);
#4948 = EDGE_LOOP('', (#4949));
#4949 = ORIENTED_EDGE('', *, *, #4950, .F.);
#4950 = EDGE_CURVE('', #4951, #4951, #4953, .T.);
#4951 = VERTEX_POINT('', #4952);
#4952 = CARTESIAN_POINT('', (87.95, 38.9, 36.8999999999999));
#4953 = (
   BOUNDED_CURVE ()
   B_SPLINE_CURVE (2, (#4954, #4955, #4956, #4957, #4958, #4959, #4960, #4961, #4962), .UNSPECIFIED., .T., .U.)
   B_SPLINE_CURVE_WITH_KNOTS ((3, 2, 2, 2, 3), (0., 0.25, 0.5, 0.75, 1.), .UNSPECIFIED.)
   CURVE ()
   GEOMETRIC_REPRESENTATION_ITEM ()
   RATIONAL_B_SPLINE_CURVE ((1., 0.707106781186548, 1., 0.707106781186548, 1., 0.707106781186548, 1., 0.707106781186548, 1.))
   REPRESENTATION_ITEM ('')
);
#4954 = CARTESIAN_POINT('', (87.95, 38.9, 36.8999999999999));
#4955 = CARTESIAN_POINT('', (87.95, 40.05, 36.8999999999999));
#4956 = CARTESIAN_POINT('', (86.8, 40.05, 36.8999999999999));
#4957 = CARTESIAN_POINT('', (85.65, 40.05, 36.8999999999999));
#4958 = CARTESIAN_POINT('', (85.65, 38.9, 36.8999999999999));
#4959 = CARTESIAN_POINT('', (85.65, 37.75, 36.8999999999999));
#4960 = CARTESIAN_POINT('', (86.8, 37.75, 36.8999999999999));
#4961 = CARTESIAN_POINT('', (87.95, 37.75, 36.8999999999999));
#4962 = CARTESIAN_POINT('', (87.95, 38.9, 36.8999999999999));
#4963 = FACE_BOUND('', #4964, .T.);
#4964 = EDGE_LOOP('', (#4965));
#4965 = ORIENTED_EDGE('', *, *, #4966, .F.);
#4966 = EDGE_CURVE('', #4967, #4967, #4969, .T.);
#4967 = VERTEX_POINT('', #4968);
#4968 = CARTESIAN_POINT('', (31.62, 29.03, 36.9));
#4969 = (
   BOUNDED_CURVE ()
   B_SPLINE_CURVE (2, (#4970, #4971, #4972, #4973, #4974, #4975, #4976, #4977, #4978), .UNSPECIFIED., .T., .U.)
   B_SPLINE_CURVE_WITH_KNOTS ((3, 2, 2, 2, 3), (0., 0.25, 0.5, 0.75, 1.), .UNSPECIFIED.)
   CURVE ()
   GEOMETRIC_REPRESENTATION_ITEM ()
   RATIONAL_B_SPLINE_CURVE ((1., 0.707106781186548, 1., 0.707106781186548, 1., 0.707106781186548, 1., 0.707106781186548, 1.))
   REPRESENTATION_ITEM ('')
);
#4970 = CARTESIAN_POINT('', (31.62, 29.03, 36.9));
#4971 = CARTESIAN_POINT('', (31.62, 31.03, 36.9));
#4972 = CARTESIAN_POINT('', (29.62, 31.03, 36.9));
#4973 = CARTESIAN_POINT('', (27.62, 31.03, 36.9));
#4974 = CARTESIAN_POINT('', (27.62, 29.03, 36.9));
#4975 = CARTESIAN_POINT('', (27.62, 27.03, 36.9));
#4976 = CARTESIAN_POINT('', (29.62, 27.03, 36.9));
#4977 = CARTESIAN_POINT('', (31.62, 27.03, 36.9));
#4978 = CARTESIAN_POINT('', (31.62, 29.03, 36.9));
#4979 = FACE_BOUND('', #4980, .T.);
#4980 = EDGE_LOOP('', (#4981));
#4981 = ORIENTED_EDGE('', *, *, #4982, .F.);
#4982 = EDGE_CURVE('', #4983, #4983, #4985, .T.);
#4983 = VERTEX_POINT('', #4984);
#4984 = CARTESIAN_POINT('', (39.24, 29.03, 36.9));
#4985 = (
   BOUNDED_CURVE ()
   B_SPLINE_CURVE (2, (#4986, #4987, #4988, #4989, #4990, #4991, #4992, #4993, #4994), .UNSPECIFIED., .T., .U.)
   B_SPLINE_CURVE_WITH_KNOTS ((3, 2, 2, 2, 3), (0., 0.25, 0.5, 0.75, 1.), .UNSPECIFIED.)
   CURVE ()
   GEOMETRIC_REPRESENTATION_ITEM ()
   RATIONAL_B_SPLINE_CURVE ((1., 0.707106781186548, 1., 0.707106781186548, 1., 0.707106781186548, 1., 0.707106781186548, 1.))
   REPRESENTATION_ITEM ('')
);
#4986 = CARTESIAN_POINT('', (39.24, 29.03, 36.9));
#4987 = CARTESIAN_POINT('', (39.24, 31.03, 36.9));
#4988 = CARTESIAN_POINT('', (37.24, 31.03, 36.9));
#4989 = CARTESIAN_POINT('', (35.24, 31.03, 36.9));
#4990 = CARTESIAN_POINT('', (35.24, 29.03, 36.9));
#4991 = CARTESIAN_POINT('', (35.24, 27.03, 36.9));
#4992 = CARTESIAN_POINT('', (37.24, 27.03, 36.9));
#4993 = CARTESIAN_POINT('', (39.24, 27.03, 36.9));
#4994 = CARTESIAN_POINT('', (39.24, 29.03, 36.9));
#4995 = FACE_BOUND('', #4996, .T.);
#4996 = EDGE_LOOP('', (#4997));
#4997 = ORIENTED_EDGE('', *, *, #4998, .F.);
#4998 = EDGE_CURVE('', #4999, #4999, #5001, .T.);
#4999 = VERTEX_POINT('', #5000);
#5000 = CARTESIAN_POINT('', (46.86, 29.03, 36.9));
#5001 = (
   BOUNDED_CURVE ()
   B_SPLINE_CURVE (2, (#5002, #5003, #5004, #5005, #5006, #5007, #5008, #5009, #5010), .UNSPECIFIED., .T., .U.)
   B_SPLINE_CURVE_WITH_KNOTS ((3, 2, 2, 2, 3), (0., 0.25, 0.5, 0.75, 1.), .UNSPECIFIED.)
   CURVE ()
   GEOMETRIC_REPRESENTATION_ITEM ()
   RATIONAL_B_SPLINE_CURVE ((1., 0.707106781186548, 1., 0.707106781186548, 1., 0.707106781186548, 1., 0.707106781186548, 1.))
   REPRESENTATION_ITEM ('')
);
#5002 = CARTESIAN_POINT('', (46.86, 29.03, 36.9));
#5003 = CARTESIAN_POINT('', (46.86, 31.03, 36.9));
#5004 = CARTESIAN_POINT('', (44.86, 31.03, 36.9));
#5005 = CARTESIAN_POINT('', (42.86, 31.03, 36.9));
#5006 = CARTESIAN_POINT('', (42.86, 29.03, 36.9));
#5007 = CARTESIAN_POINT('', (42.86, 27.03, 36.9));
#5008 = CARTESIAN_POINT('', (44.86, 27.03, 36.9));
#5009 = CARTESIAN_POINT('', (46.86, 27.03, 36.9));
#5010 = CARTESIAN_POINT('', (46.86, 29.03, 36.9));
#5011 = FACE_BOUND('', #5012, .T.);
#5012 = EDGE_LOOP('', (#5013));
#5013 = ORIENTED_EDGE('', *, *, #5014, .F.);
#5014 = EDGE_CURVE('', #5015, #5015, #5017, .T.);
#5015 = VERTEX_POINT('', #5016);
#5016 = CARTESIAN_POINT('', (34.16, 39.19, 36.9));
#5017 = (
   BOUNDED_CURVE ()
   B_SPLINE_CURVE (2, (#5018, #5019, #5020, #5021, #5022, #5023, #5024, #5025, #5026), .UNSPECIFIED., .T., .U.)
   B_SPLINE_CURVE_WITH_KNOTS ((3, 2, 2, 2, 3), (0., 0.25, 0.5, 0.75, 1.), .UNSPECIFIED.)
   CURVE ()
   GEOMETRIC_REPRESENTATION_ITEM ()
   RATIONAL_B_SPLINE_CURVE ((1., 0.707106781186548, 1., 0.707106781186548, 1., 0.707106781186548, 1., 0.707106781186548, 1.))
   REPRESENTATION_ITEM ('')
);
#5018 = CARTESIAN_POINT('', (34.16, 39.19, 36.9));
#5019 = CARTESIAN_POINT('', (34.16, 41.19, 36.9));
#5020 = CARTESIAN_POINT('', (32.16, 41.19, 36.9));
#5021 = CARTESIAN_POINT('', (30.16, 41.19, 36.9));
#5022 = CARTESIAN_POINT('', (30.16, 39.19, 36.9));
#5023 = CARTESIAN_POINT('', (30.16, 37.19, 36.9));
#5024 = CARTESIAN_POINT('', (32.16, 37.19, 36.9));
#5025 = CARTESIAN_POINT('', (34.16, 37.19, 36.9));
#5026 = CARTESIAN_POINT('', (34.16, 39.19, 36.9));
#5027 = FACE_BOUND('', #5028, .T.);
#5028 = EDGE_LOOP('', (#5029));
#5029 = ORIENTED_EDGE('', *, *, #5030, .F.);
#5030 = EDGE_CURVE('', #5031, #5031, #5033, .T.);
#5031 = VERTEX_POINT('', #5032);
#5032 = CARTESIAN_POINT('', (44.32, 39.19, 36.9));
#5033 = (
   BOUNDED_CURVE ()
   B_SPLINE_CURVE (2, (#5034, #5035, #5036, #5037, #5038, #5039, #5040, #5041, #5042), .UNSPECIFIED., .T., .U.)
   B_SPLINE_CURVE_WITH_KNOTS ((3, 2, 2, 2, 3), (0., 0.25, 0.5, 0.75, 1.), .UNSPECIFIED.)
   CURVE ()
   GEOMETRIC_REPRESENTATION_ITEM ()
   RATIONAL_B_SPLINE_CURVE ((1., 0.707106781186548, 1., 0.707106781186548, 1., 0.707106781186548, 1., 0.707106781186548, 1.))
   REPRESENTATION_ITEM ('')
);
#5034 = CARTESIAN_POINT('', (44.32, 39.19, 36.9));
#5035 = CARTESIAN_POINT('', (44.32, 41.19, 36.9));
#5036 = CARTESIAN_POINT('', (42.32, 41.19, 36.9));
#5037 = CARTESIAN_POINT('', (40.32, 41.19, 36.9));
#5038 = CARTESIAN_POINT('', (40.32, 39.19, 36.9));
#5039 = CARTESIAN_POINT('', (40.32, 37.19, 36.9));
#5040 = CARTESIAN_POINT('', (42.32, 37.19, 36.9));
#5041 = CARTESIAN_POINT('', (44.32, 37.19, 36.9));
#5042 = CARTESIAN_POINT('', (44.32, 39.19, 36.9));
#5043 = FACE_BOUND('', #5044, .T.);
#5044 = EDGE_LOOP('', (#5045, #5057, #5064, #5074));
#5045 = ORIENTED_EDGE('', *, *, #5046, .F.);
#5046 = EDGE_CURVE('', #5047, #5049, #5051, .T.);
#5047 = VERTEX_POINT('', #5048);
#5048 = CARTESIAN_POINT('', (21.55, 53.4, 36.9000000000001));
#5049 = VERTEX_POINT('', #5050);
#5050 = CARTESIAN_POINT('', (19.55, 53.4, 36.9000000000001));
#5051 = (
   BOUNDED_CURVE ()
   B_SPLINE_CURVE (2, (#5052, #5053, #5054, #5055, #5056), .UNSPECIFIED., .F., .U.)
   B_SPLINE_CURVE_WITH_KNOTS ((3, 2, 3), (0., 0.25, 0.5), .UNSPECIFIED.)
   CURVE ()
   GEOMETRIC_REPRESENTATION_ITEM ()
   RATIONAL_B_SPLINE_CURVE ((1., 0.707106781186548, 1., 0.707106781186548, 1.))
   REPRESENTATION_ITEM ('')
);
#5052 = CARTESIAN_POINT('', (21.55, 53.4, 36.9000000000001));
#5053 = CARTESIAN_POINT('', (21.55, 54.4, 36.9000000000001));
#5054 = CARTESIAN_POINT('', (20.55, 54.4, 36.9000000000001));
#5055 = CARTESIAN_POINT('', (19.55, 54.4, 36.9000000000001));
#5056 = CARTESIAN_POINT('', (19.55, 53.4, 36.9000000000001));
#5057 = ORIENTED_EDGE('', *, *, #5058, .F.);
#5058 = EDGE_CURVE('', #5059, #5047, #5061, .T.);
#5059 = VERTEX_POINT('', #5060);
#5060 = CARTESIAN_POINT('', (21.55, 47.4, 36.9000000000001));
#5061 = B_SPLINE_CURVE_WITH_KNOTS('', 1, (#5062, #5063), .UNSPECIFIED., .F., .U., (2, 2), (0., 1.), .UNSPECIFIED.);
#5062 = CARTESIAN_POINT('', (21.55, 47.4, 36.9000000000001));
#5063 = CARTESIAN_POINT('', (21.55, 53.4, 36.9000000000001));
#5064 = ORIENTED_EDGE('', *, *, #5065, .F.);
#5065 = EDGE_CURVE('', #5066, #5059, #5068, .T.);
#5066 = VERTEX_POINT('', #5067);
#5067 = CARTESIAN_POINT('', (19.55, 47.4, 36.9000000000001));
#5068 = (
   BOUNDED_CURVE ()
   B_SPLINE_CURVE (2, (#5069, #5070, #5071, #5072, #5073), .UNSPECIFIED., .F., .U.)
   B_SPLINE_CURVE_WITH_KNOTS ((3, 2, 3), (0.5, 0.75, 1.), .UNSPECIFIED.)
   CURVE ()
   GEOMETRIC_REPRESENTATION_ITEM ()
   RATIONAL_B_SPLINE_CURVE ((1., 0.707106781186548, 1., 0.707106781186548, 1.))
   REPRESENTATION_ITEM ('')
);
#5069 = CARTESIAN_POINT('', (19.55, 47.4, 36.9000000000001));
#5070 = CARTESIAN_POINT('', (19.55, 46.4, 36.9000000000001));
#5071 = CARTESIAN_POINT('', (20.55, 46.4, 36.9000000000001));
#5072 = CARTESIAN_POINT('', (21.55, 46.4, 36.9000000000001));
#5073 = CARTESIAN_POINT('', (21.55, 47.4, 36.9000000000001));
#5074 = ORIENTED_EDGE('', *, *, #5075, .F.);
#5075 = EDGE_CURVE('', #5049, #5066, #5076, .T.);
#5076 = B_SPLINE_CURVE_WITH_KNOTS('', 1, (#5077, #5078), .UNSPECIFIED., .F., .U., (2, 2), (0., 1.), .UNSPECIFIED.);
#5077 = CARTESIAN_POINT('', (19.55, 53.4, 36.9000000000001));
#5078 = CARTESIAN_POINT('', (19.55, 47.4, 36.9000000000001));
#5079 = B_SPLINE_SURFACE_WITH_KNOTS('', 1, 1, ((#5080, #5081), (#5082, #5083)), .UNSPECIFIED., .F., .F., .U., (2, 2), (2, 2), (-4.26253897440316, 2.93934923079186), (-3.54077128706762, 6.6609638686158), .UNSPECIFIED.);
#5080 = CARTESIAN_POINT('', (90.83, 0.369999999999997, 36.8999999999999));
#5081 = CARTESIAN_POINT('', (0.370000000000005, 0.369999999999997, 36.9));
#5082 = CARTESIAN_POINT('', (90.83, 64.23, 36.9));
#5083 = CARTESIAN_POINT('', (0.370000000000005, 64.23, 36.9000000000001));
#5084 = ADVANCED_FACE('', (#5085), #5090, .T.);
#5085 = FACE_OUTER_BOUND('', #5086, .T.);
#5086 = EDGE_LOOP('', (#5087, #5088, #5089));
#5087 = ORIENTED_EDGE('', *, *, #3481, .F.);
#5088 = ORIENTED_EDGE('', *, *, #4254, .T.);
#5089 = ORIENTED_EDGE('', *, *, #4936, .T.);
#5090 = B_SPLINE_SURFACE_WITH_KNOTS('', 3, 3, ((#5091, #5092, #5093, #5094, #5095, #5096, #5097, #5098, #5099, #5100, #5101, #5102, #5103), (#5104, #5105, #5106, #5107, #5108, #5109, #5110, #5111, #5112, #5113, #5114, #5115, #5116), (#5117, #5118, #5119, #5120, #5121, #5122, #5123, #5124, #5125, #5126, #5127, #5128, #5129), (#5130, #5131, #5132, #5133, #5134, #5135, #5136, #5137, #5138, #5139, #5140, #5141, #5142), (#5143, #5144, #5145, #5146, #5147, #5148, #5149, #5150, #5151, #5152, #5153, #5154, #5155), (#5156, #5157, #5158, #5159, #5160, #5161, #5162, #5163, #5164, #5165, #5166, #5167, #5168), (#5169, #5170, #5171, #5172, #5173, #5174, #5175, #5176, #5177, #5178, #5179, #5180, #5181), (#5182, #5183, #5184, #5185, #5186, #5187, #5188, #5189, #5190, #5191, #5192, #5193, #5194), (#5195, #5196, #5197, #5198, #5199, #5200, #5201, #5202, #5203, #5204, #5205, #5206, #5207), (#5208, #5209, #5210, #5211, #5212, #5213, #5214, #5215, #5216, #5217, #5218, #5219, #5220), (#5221, #5222, #5223, #5224, #5225, #5226, #5227, #5228, #5229, #5230, #5231, #5232, #5233), (#5234, #5235, #5236, #5237, #5238, #5239, #5240, #5241, #5242, #5243, #5244, #5245, #5246), (#5247, #5248, #5249, #5250, #5251, #5252, #5253, #5254, #5255, #5256, #5257, #5258, #5259), (#5260, #5261, #5262, #5263, #5264, #5265, #5266, #5267, #5268, #5269, #5270, #5271, #5272), (#5273, #5274, #5275, #5276, #5277, #5278, #5279, #5280, #5281, #5282, #5283, #5284, #5285), (#5286, #5287, #5288, #5289, #5290, #5291, #5292, #5293, #5294, #5295, #5296, #5297, #5298), (#5299, #5300, #5301, #5302, #5303, #5304, #5305, #5306, #5307, #5308, #5309, #5310, #5311), (#5312, #5313, #5314, #5315, #5316, #5317, #5318, #5319, #5320, #5321, #5322, #5323, #5324), (#5325, #5326, #5327, #5328, #5329, #5330, #5331, #5332, #5333, #5334, #5335, #5336, #5337)), .UNSPECIFIED., .F., .F., .U., (4, 3, 3, 3, 3, 3, 4), (4, 3, 3, 3, 4), (0., 0.125, 0.25, 0.5, 0.75, 0.875, 1.), (0., 0.125, 0.25, 0.5, 1.), .UNSPECIFIED.);
#5091 = CARTESIAN_POINT('', (87.9664151263224, 41.4784444444444, 36.9));
#5092 = CARTESIAN_POINT('', (87.9950946501881, 41.5418425925926, 36.8304166666667));
#5093 = CARTESIAN_POINT('', (88.0237741740538, 41.6052407407407, 36.7608333333333));
#5094 = CARTESIAN_POINT('', (88.0524536979195, 41.6686388888889, 36.69125));
#5095 = CARTESIAN_POINT('', (88.0811332217852, 41.732037037037, 36.6216666666667));
#5096 = CARTESIAN_POINT('', (88.1098127456509, 41.7954351851852, 36.5520833333333));
#5097 = CARTESIAN_POINT('', (88.1384922695166, 41.8588333333333, 36.4825));
#5098 = CARTESIAN_POINT('', (88.195851317248, 41.9856296296296, 36.3433333333333));
#5099 = CARTESIAN_POINT('', (88.2532103649794, 42.1124259259259, 36.2041666666667));
#5100 = CARTESIAN_POINT('', (88.3105694127107, 42.2392222222222, 36.065));
#5101 = CARTESIAN_POINT('', (88.4252875081736, 42.4928148148148, 35.7866666666667));
#5102 = CARTESIAN_POINT('', (88.5400056036364, 42.7464074074074, 35.5083333333333));
#5103 = CARTESIAN_POINT('', (88.6547236990992, 43., 35.23));
#5104 = CARTESIAN_POINT('', (87.9950946501881, 41.4722592592593, 36.9));
#5105 = CARTESIAN_POINT('', (88.0237735962849, 41.535657562005, 36.8304166965557));
#5106 = CARTESIAN_POINT('', (88.0508223629735, 41.5963549902104, 36.7577809457083));
#5107 = CARTESIAN_POINT('', (88.0788154203347, 41.6599786274426, 36.688275053985));
#5108 = CARTESIAN_POINT('', (88.1068084776959, 41.7236022646748, 36.6187691622617));
#5109 = CARTESIAN_POINT('', (88.134472308004, 41.7873340853849, 36.5493004520348));
#5110 = CARTESIAN_POINT('', (88.161883439113, 41.8511489057209, 36.4798602419983));
#5111 = CARTESIAN_POINT('', (88.216705701331, 41.9787785463929, 36.3409798219253));
#5112 = CARTESIAN_POINT('', (88.2704993464154, 42.1067461443569, 36.2022155228316));
#5113 = CARTESIAN_POINT('', (88.3242709708764, 42.2347209773968, 36.0634537094151));
#5114 = CARTESIAN_POINT('', (88.4318142197984, 42.4906706434766, 35.785930082582));
#5115 = CARTESIAN_POINT('', (88.5400067305598, 42.7464070371975, 35.508333206162));
#5116 = CARTESIAN_POINT('', (88.6547236990992, 43., 35.23));
#5117 = CARTESIAN_POINT('', (88.0237741740538, 41.4660740740741, 36.9));
#5118 = CARTESIAN_POINT('', (88.0520804932126, 41.5295527660207, 36.9000000562948));
#5119 = CARTESIAN_POINT('', (88.0775615462312, 41.5879174286863, 36.8768809385611));
#5120 = CARTESIAN_POINT('', (88.1047229147232, 41.6517881948765, 36.8454961943911));
#5121 = CARTESIAN_POINT('', (88.1318842832152, 41.7156589610668, 36.8141114502211));
#5122 = CARTESIAN_POINT('', (88.1584971667518, 41.7797177277293, 36.7686623042841));
#5123 = CARTESIAN_POINT('', (88.1846890303233, 41.8439207359022, 36.7123942028935));
#5124 = CARTESIAN_POINT('', (88.2370727574664, 41.9723267522479, 36.5998580001123));
#5125 = CARTESIAN_POINT('', (88.2877435584546, 42.1013199103068, 36.4440499381971));
#5126 = CARTESIAN_POINT('', (88.338359741275, 42.230329509633, 36.2708507043948));
#5127 = CARTESIAN_POINT('', (88.4395921069159, 42.4883487082854, 35.9244522367902));
#5128 = CARTESIAN_POINT('', (88.5417998985768, 42.7460202013624, 35.5083330948871));
#5129 = CARTESIAN_POINT('', (88.6547236990992, 43., 35.23));
#5130 = CARTESIAN_POINT('', (88.0524536979195, 41.4598888888889, 36.9));
#5131 = CARTESIAN_POINT('', (88.0800416998266, 41.5235225199992, 36.9000000791224));
#5132 = CARTESIAN_POINT('', (88.1039719894359, 41.5799323129212, 36.8745916457159));
#5133 = CARTESIAN_POINT('', (88.1301558025815, 41.6440719866766, 36.8432649839362));
#5134 = CARTESIAN_POINT('', (88.1563396157271, 41.7082116604319, 36.8119383221565));
#5135 = CARTESIAN_POINT('', (88.1818514623089, 41.7725938469408, 36.7665751406865));
#5136 = CARTESIAN_POINT('', (88.2068474830758, 41.837162101064, 36.7104143830056));
#5137 = CARTESIAN_POINT('', (88.2568395246096, 41.9662986093103, 36.5980928676436));
#5138 = CARTESIAN_POINT('', (88.3047334724474, 42.0961924125594, 36.4425865795969));
#5139 = CARTESIAN_POINT('', (88.3525489192073, 42.2261096735345, 36.2696909852235));
#5140 = CARTESIAN_POINT('', (88.4481798127271, 42.4859441954845, 35.9238997964769));
#5141 = CARTESIAN_POINT('', (88.5449370982327, 42.7453435201059, 35.5083329995085));
#5142 = CARTESIAN_POINT('', (88.6547236990992, 43., 35.23));
#5143 = CARTESIAN_POINT('', (88.0811332217852, 41.4537037037037, 36.9));
#5144 = CARTESIAN_POINT('', (88.1080029064404, 41.5174922739778, 36.9000001019501));
#5145 = CARTESIAN_POINT('', (88.1303824326406, 41.5719471971561, 36.8723023528706));
#5146 = CARTESIAN_POINT('', (88.1555886904398, 41.6363557784766, 36.8410337734813));
#5147 = CARTESIAN_POINT('', (88.1807949482391, 41.700764359797, 36.8097651940919));
#5148 = CARTESIAN_POINT('', (88.205205757866, 41.7654699661524, 36.764487977089));
#5149 = CARTESIAN_POINT('', (88.2290059358282, 41.8304034662258, 36.7084345631177));
#5150 = CARTESIAN_POINT('', (88.2766062917528, 41.9602704663727, 36.596327735175));
#5151 = CARTESIAN_POINT('', (88.3217233864403, 42.0910649148121, 36.4411232209966));
#5152 = CARTESIAN_POINT('', (88.3667380971396, 42.221889837436, 36.2685312660523));
#5153 = CARTESIAN_POINT('', (88.4567675185382, 42.4835396826838, 35.9233473561637));
#5154 = CARTESIAN_POINT('', (88.5480742978887, 42.7446668388494, 35.50833290413));
#5155 = CARTESIAN_POINT('', (88.6547236990992, 43., 35.23));
#5156 = CARTESIAN_POINT('', (88.1098127456509, 41.4475185185185, 36.9));
#5157 = CARTESIAN_POINT('', (88.1356195778032, 41.511536328741, 36.9000001211996));
#5158 = CARTESIAN_POINT('', (88.1564661571522, 41.564414091088, 36.8703946076606));
#5159 = CARTESIAN_POINT('', (88.1805496248027, 41.6291132223112, 36.8391744309153));
#5160 = CARTESIAN_POINT('', (88.2046330924532, 41.6938123535345, 36.80795425417));
#5161 = CARTESIAN_POINT('', (88.2278931719946, 41.7588377679753, 36.7627486726448));
#5162 = CARTESIAN_POINT('', (88.2505211484594, 41.8241135253915, 36.7067847124467));
#5163 = CARTESIAN_POINT('', (88.2957771013889, 41.954665040224, 36.5948567920505));
#5164 = CARTESIAN_POINT('', (88.3384630451064, 42.0862352812434, 36.4399037550973));
#5165 = CARTESIAN_POINT('', (88.3810311477937, 42.2178408854679, 36.2675648327301));
#5166 = CARTESIAN_POINT('', (88.4661673531683, 42.4810520939168, 35.9228869879957));
#5167 = CARTESIAN_POINT('', (88.5525555291836, 42.7437003121715, 35.508332824648));
#5168 = CARTESIAN_POINT('', (88.6547236990992, 43., 35.23));
#5169 = CARTESIAN_POINT('', (88.1384922695166, 41.4413333333333, 36.9));
#5170 = CARTESIAN_POINT('', (88.1629718146427, 41.5056374091984, 36.9000001367762));
#5171 = CARTESIAN_POINT('', (88.1822974768576, 41.5573169681823, 36.8688684105766));
#5172 = CARTESIAN_POINT('', (88.2051416655312, 41.6223220918518, 36.837686956456));
#5173 = CARTESIAN_POINT('', (88.2279858542048, 41.6873272155213, 36.8065055023354));
#5174 = CARTESIAN_POINT('', (88.2500491473296, 41.7526680425731, 36.7613572279592));
#5175 = CARTESIAN_POINT('', (88.2715129397188, 41.8182664379796, 36.7054648313126));
#5176 = CARTESIAN_POINT('', (88.314440524497, 41.9494632287927, 36.5936800380194));
#5177 = CARTESIAN_POINT('', (88.3549310163518, 42.0817081340626, 36.438928182066));
#5178 = CARTESIAN_POINT('', (88.3953024920893, 42.2139899008841, 36.2667916855414));
#5179 = CARTESIAN_POINT('', (88.4760454435643, 42.4785534345273, 35.9225186924922));
#5180 = CARTESIAN_POINT('', (88.5579327826633, 42.742540560276, 35.5083327610623));
#5181 = CARTESIAN_POINT('', (88.6547236990992, 43., 35.23));
#5182 = CARTESIAN_POINT('', (88.195851317248, 41.428962962963, 36.9));
#5183 = CARTESIAN_POINT('', (88.2176762883218, 41.4938395701134, 36.9000001679294));
#5184 = CARTESIAN_POINT('', (88.2339601162683, 41.5431227223708, 36.8658160164085));
#5185 = CARTESIAN_POINT('', (88.254325746988, 41.6087398309328, 36.8347120075373));
#5186 = CARTESIAN_POINT('', (88.2746913777078, 41.6743569394948, 36.8036079986662));
#5187 = CARTESIAN_POINT('', (88.2943610979996, 41.7403285917687, 36.758574338588));
#5188 = CARTESIAN_POINT('', (88.3134965222375, 41.8065722631559, 36.7028250690444));
#5189 = CARTESIAN_POINT('', (88.3517673707133, 41.9390596059301, 36.5913265299571));
#5190 = CARTESIAN_POINT('', (88.3878669588427, 42.0726538397009, 36.4369770360035));
#5191 = CARTESIAN_POINT('', (88.4238451806805, 42.2062879317167, 36.2652453911641));
#5192 = CARTESIAN_POINT('', (88.4958016243563, 42.4735561157482, 35.9217821014852));
#5193 = CARTESIAN_POINT('', (88.5686872896227, 42.7402210564849, 35.5083326338909));
#5194 = CARTESIAN_POINT('', (88.6547236990992, 43., 35.23));
#5195 = CARTESIAN_POINT('', (88.2532103649794, 41.4165925925926, 36.9));
#5196 = CARTESIAN_POINT('', (88.2713043095852, 41.4822738700164, 36.9000001843909));
#5197 = CARTESIAN_POINT('', (88.2845803863889, 41.5306794725777, 36.8642898147443));
#5198 = CARTESIAN_POINT('', (88.3019912694465, 41.5969725435091, 36.8332245310455));
#5199 = CARTESIAN_POINT('', (88.3194021525042, 41.6632656144404, 36.8021592473468));
#5200 = CARTESIAN_POINT('', (88.3364876415899, 41.7298518974859, 36.7571828882515));
#5201 = CARTESIAN_POINT('', (88.3533232584286, 41.7966631242333, 36.7015051849237));
#5202 = CARTESIAN_POINT('', (88.3869944921059, 41.9302855777281, 36.590149778268));
#5203 = CARTESIAN_POINT('', (88.4196506515199, 42.0648236176285, 36.4360014614129));
#5204 = CARTESIAN_POINT('', (88.4522449008684, 42.1993899407192, 36.2644722413207));
#5205 = CARTESIAN_POINT('', (88.5174333995655, 42.4685225869006, 35.9214138011361));
#5206 = CARTESIAN_POINT('', (88.5830258853208, 42.7371286518233, 35.5083325703052));
#5207 = CARTESIAN_POINT('', (88.6547236990992, 43., 35.23));
#5208 = CARTESIAN_POINT('', (88.3105694127108, 41.4042222222222, 36.9));
#5209 = CARTESIAN_POINT('', (88.3249092104394, 41.4707131408372, 36.9000001854022));
#5210 = CARTESIAN_POINT('', (88.3354747191339, 41.5197033136671, 36.8642898095099));
#5211 = CARTESIAN_POINT('', (88.34991023287, 41.5866380720726, 36.8332245287227));
#5212 = CARTESIAN_POINT('', (88.3643457466061, 41.653572830478, 36.8021592479354));
#5213 = CARTESIAN_POINT('', (88.3788272463835, 41.7207206976108, 36.7571828817934));
#5214 = CARTESIAN_POINT('', (88.3933439741525, 41.7880320317607, 36.7015051815105));
#5215 = CARTESIAN_POINT('', (88.4223774296906, 41.9226547000606, 36.5901497809446));
#5216 = CARTESIAN_POINT('', (88.4515544792695, 42.0579430598007, 36.4360014596309));
#5217 = CARTESIAN_POINT('', (88.4807345985567, 42.1932456918795, 36.2644722382867));
#5218 = CARTESIAN_POINT('', (88.5390948371311, 42.4638509560373, 35.9214137955983));
#5219 = CARTESIAN_POINT('', (88.5973644941226, 42.7340363079213, 35.5083325703052));
#5220 = CARTESIAN_POINT('', (88.6547236990992, 43., 35.23));
#5221 = CARTESIAN_POINT('', (88.3679284604422, 41.3918518518519, 36.9));
#5222 = CARTESIAN_POINT('', (88.3785141112937, 41.459152411658, 36.9000001864135));
#5223 = CARTESIAN_POINT('', (88.3863690518788, 41.5087271547565, 36.8642898042754));
#5224 = CARTESIAN_POINT('', (88.3978291962934, 41.5763036006361, 36.8332245263998));
#5225 = CARTESIAN_POINT('', (88.4092893407081, 41.6438800465157, 36.8021592485241));
#5226 = CARTESIAN_POINT('', (88.421166851177, 41.7115894977357, 36.7571828753353));
#5227 = CARTESIAN_POINT('', (88.4333646898764, 41.7794009392882, 36.7015051780973));
#5228 = CARTESIAN_POINT('', (88.4577603672753, 41.9150238223932, 36.5901497836212));
#5229 = CARTESIAN_POINT('', (88.4834583070192, 42.0510625019729, 36.4360014578489));
#5230 = CARTESIAN_POINT('', (88.509224296245, 42.1871014430399, 36.2644722352528));
#5231 = CARTESIAN_POINT('', (88.5607562746967, 42.4591793251739, 35.9214137900604));
#5232 = CARTESIAN_POINT('', (88.6117031029244, 42.7309439640194, 35.5083325703053));
#5233 = CARTESIAN_POINT('', (88.6547236990992, 43., 35.23));
#5234 = CARTESIAN_POINT('', (88.4252875081736, 41.3794814814815, 36.9));
#5235 = CARTESIAN_POINT('', (88.4321421265333, 41.4475866819153, 36.9000001719746));
#5236 = CARTESIAN_POINT('', (88.4376183581386, 41.4992006366362, 36.8658159954707));
#5237 = CARTESIAN_POINT('', (88.4461077962256, 41.567379041941, 36.8347119982459));
#5238 = CARTESIAN_POINT('', (88.4545972343127, 41.6355574472458, 36.803608001021));
#5239 = CARTESIAN_POINT('', (88.4638668905816, 41.7037720081721, 36.7585743127555));
#5240 = CARTESIAN_POINT('', (88.4737354275649, 41.7720142395166, 36.7028250553915));
#5241 = CARTESIAN_POINT('', (88.4934725015316, 41.9084987022057, 36.5913265406636));
#5242 = CARTESIAN_POINT('', (88.5156440916223, 42.0450967082053, 36.4369770288755));
#5243 = CARTESIAN_POINT('', (88.5379426758175, 42.1816810219144, 36.2652453790282));
#5244 = CARTESIAN_POINT('', (88.5825398442078, 42.4548496493325, 35.9217820793338));
#5245 = CARTESIAN_POINT('', (88.62604172483, 42.727851680877, 35.5083326338909));
#5246 = CARTESIAN_POINT('', (88.6547236990992, 43., 35.23));
#5247 = CARTESIAN_POINT('', (88.482646555905, 41.3671111111111, 36.9));
#5248 = CARTESIAN_POINT('', (88.4868465883383, 41.4357887835388, 36.9000001413271));
#5249 = CARTESIAN_POINT('', (88.4905390701315, 41.4908398541703, 36.8688683870216));
#5250 = CARTESIAN_POINT('', (88.4965180330285, 41.5594822384794, 36.837686946003));
#5251 = CARTESIAN_POINT('', (88.5024969959255, 41.6281246227884, 36.8065055049845));
#5252 = CARTESIAN_POINT('', (88.509325833433, 41.6967509668061, 36.7613571988976));
#5253 = CARTESIAN_POINT('', (88.5168070136639, 41.7653649429948, 36.7054648159532));
#5254 = CARTESIAN_POINT('', (88.5317693741256, 41.9025928953723, 36.5936800500642));
#5255 = CARTESIAN_POINT('', (88.5493842185721, 42.0397712704533, 36.438928174047));
#5256 = CARTESIAN_POINT('', (88.5671226836983, 42.1769341924908, 36.2667916718886));
#5257 = CARTESIAN_POINT('', (88.6025996139505, 42.4512600365657, 35.9225186675718));
#5258 = CARTESIAN_POINT('', (88.6367962842045, 42.7255324201245, 35.5083327610623));
#5259 = CARTESIAN_POINT('', (88.6547236990992, 43., 35.23));
#5260 = CARTESIAN_POINT('', (88.5113260797707, 41.3609259259259, 36.9));
#5261 = CARTESIAN_POINT('', (88.5141988192407, 41.4298898343506, 36.9000001260033));
#5262 = CARTESIAN_POINT('', (88.5169994261279, 41.4866594629373, 36.870394582797));
#5263 = CARTESIAN_POINT('', (88.5217231514299, 41.5555338367485, 36.8391744198816));
#5264 = CARTESIAN_POINT('', (88.5264468767319, 41.6244082105597, 36.8079542569662));
#5265 = CARTESIAN_POINT('', (88.5320553048588, 41.6932404461231, 36.7627486419687));
#5266 = CARTESIAN_POINT('', (88.5383428067134, 41.7620402947339, 36.706784696234));
#5267 = CARTESIAN_POINT('', (88.5509178104227, 41.8996399919556, 36.5948568047645));
#5268 = CARTESIAN_POINT('', (88.566254282047, 42.0371085515773, 36.4399037466328));
#5269 = CARTESIAN_POINT('', (88.5817126876386, 42.174560777779, 36.2675648183188));
#5270 = CARTESIAN_POINT('', (88.6126294988219, 42.4494652301823, 35.9228869616909));
#5271 = CARTESIAN_POINT('', (88.6421735638917, 42.7243727897483, 35.5083328246479));
#5272 = CARTESIAN_POINT('', (88.6547236990992, 43., 35.23));
#5273 = CARTESIAN_POINT('', (88.5400056036363, 41.3547407407407, 36.9));
#5274 = CARTESIAN_POINT('', (88.5418154830767, 41.4239338521337, 36.9000001066274));
#5275 = CARTESIAN_POINT('', (88.5438694458187, 41.4827722715951, 36.8723023286613));
#5276 = CARTESIAN_POINT('', (88.5474504326418, 41.5518446916711, 36.841033762738));
#5277 = CARTESIAN_POINT('', (88.5510314194649, 41.6209171117471, 36.8097651968146));
#5278 = CARTESIAN_POINT('', (88.5554595887649, 41.6899322540907, 36.7644879472202));
#5279 = CARTESIAN_POINT('', (88.5605380212265, 41.7589034030986, 36.7084345473316));
#5280 = CARTESIAN_POINT('', (88.5706948861497, 41.8968457011142, 36.5963277475544));
#5281 = CARTESIAN_POINT('', (88.583496555631, 42.0346094536595, 36.4411232127549));
#5282 = CARTESIAN_POINT('', (88.5964040625325, 42.1723587883821, 36.2685312520203));
#5283 = CARTESIAN_POINT('', (88.6222190763354, 42.4478574578272, 35.9233473305511));
#5284 = CARTESIAN_POINT('', (88.6466548279461, 42.7234064149695, 35.50833290413));
#5285 = CARTESIAN_POINT('', (88.6547236990992, 43., 35.23));
#5286 = CARTESIAN_POINT('', (88.568685127502, 41.3485555555556, 36.9));
#5287 = CARTESIAN_POINT('', (88.569776680782, 41.4179035615666, 36.9000000831045));
#5288 = CARTESIAN_POINT('', (88.5712234434547, 41.4791622532042, 36.8745916251053));
#5289 = CARTESIAN_POINT('', (88.5738029370027, 41.5483925763869, 36.8432649747899));
#5290 = CARTESIAN_POINT('', (88.5763824305506, 41.6176228995697, 36.8119383244745));
#5291 = CARTESIAN_POINT('', (88.5796741284485, 41.6867971801353, 36.7665751152577));
#5292 = CARTESIAN_POINT('', (88.583512476654, 41.7559284267267, 36.7104143695661));
#5293 = CARTESIAN_POINT('', (88.5911891730649, 41.8941909199094, 36.5980928781829));
#5294 = CARTESIAN_POINT('', (88.6010896079576, 42.0322785980995, 36.4425865725802));
#5295 = CARTESIAN_POINT('', (88.6110712299229, 42.1703553068601, 36.2696909732773));
#5296 = CARTESIAN_POINT('', (88.6310344738535, 42.4465087243814, 35.9238997746716));
#5297 = CARTESIAN_POINT('', (88.6497920669133, 42.7227299159919, 35.5083329995085));
#5298 = CARTESIAN_POINT('', (88.6547236990992, 43., 35.23));
#5299 = CARTESIAN_POINT('', (88.5973646513677, 41.3423703703704, 36.9));
#5300 = CARTESIAN_POINT('', (88.5977378784873, 41.4118732709995, 36.9000000595816));
#5301 = CARTESIAN_POINT('', (88.5985774410907, 41.4755522348133, 36.8768809215492));
#5302 = CARTESIAN_POINT('', (88.6001554413635, 41.5449404611029, 36.8454961868418));
#5303 = CARTESIAN_POINT('', (88.6017334416363, 41.6143286873923, 36.8141114521344));
#5304 = CARTESIAN_POINT('', (88.6038886681321, 41.6836621061799, 36.7686622832952));
#5305 = CARTESIAN_POINT('', (88.6064869320814, 41.7529534503548, 36.7123941918006));
#5306 = CARTESIAN_POINT('', (88.6116834599802, 41.8915361387046, 36.5998580088114));
#5307 = CARTESIAN_POINT('', (88.6186826602842, 42.0299477425395, 36.4440499324056));
#5308 = CARTESIAN_POINT('', (88.6257383973133, 42.1683518253382, 36.2708506945344));
#5309 = CARTESIAN_POINT('', (88.6398498713717, 42.4451599909356, 35.9244522187921));
#5310 = CARTESIAN_POINT('', (88.6529293058805, 42.7220534170144, 35.508333094887));
#5311 = CARTESIAN_POINT('', (88.6547236990992, 43., 35.23));
#5312 = CARTESIAN_POINT('', (88.6260441752334, 41.3361851851852, 36.9));
#5313 = CARTESIAN_POINT('', (88.626044764894, 41.4057684232509, 36.8304166985783));
#5314 = CARTESIAN_POINT('', (88.6264174376279, 41.472218953919, 36.7577809352394));
#5315 = CARTESIAN_POINT('', (88.6271358213781, 41.5417248040775, 36.6882750493392));
#5316 = CARTESIAN_POINT('', (88.6278542051284, 41.6112306542361, 36.6187691634391));
#5317 = CARTESIAN_POINT('', (88.6289171446202, 41.6806993571514, 36.5493004391186));
#5318 = CARTESIAN_POINT('', (88.6302445259814, 41.7501395494405, 36.4798602351719));
#5319 = CARTESIAN_POINT('', (88.6328992887038, 41.8890199340187, 36.3409798272785));
#5320 = CARTESIAN_POINT('', (88.6366305332653, 42.0277842584276, 36.2022155192676));
#5321 = CARTESIAN_POINT('', (88.6403848216964, 42.1665461051972, 36.0634537033472));
#5322 = CARTESIAN_POINT('', (88.6478933985585, 42.4440697987364, 35.7859300715063));
#5323 = CARTESIAN_POINT('', (88.6547225197606, 42.721666793838, 35.508333206162));
#5324 = CARTESIAN_POINT('', (88.6547236990992, 43., 35.23));
#5325 = CARTESIAN_POINT('', (88.6547236990991, 41.33, 36.9));
#5326 = CARTESIAN_POINT('', (88.6547236990991, 41.3995833333333, 36.8304166666667));
#5327 = CARTESIAN_POINT('', (88.6547236990992, 41.4691666666667, 36.7608333333333));
#5328 = CARTESIAN_POINT('', (88.6547236990992, 41.53875, 36.69125));
#5329 = CARTESIAN_POINT('', (88.6547236990992, 41.6083333333333, 36.6216666666667));
#5330 = CARTESIAN_POINT('', (88.6547236990992, 41.6779166666667, 36.5520833333333));
#5331 = CARTESIAN_POINT('', (88.6547236990992, 41.7475, 36.4825));
#5332 = CARTESIAN_POINT('', (88.6547236990992, 41.8866666666667, 36.3433333333333));
#5333 = CARTESIAN_POINT('', (88.6547236990992, 42.0258333333333, 36.2041666666667));
#5334 = CARTESIAN_POINT('', (88.6547236990992, 42.165, 36.065));
#5335 = CARTESIAN_POINT('', (88.6547236990992, 42.4433333333333, 35.7866666666666));
#5336 = CARTESIAN_POINT('', (88.6547236990992, 42.7216666666667, 35.5083333333333));
#5337 = CARTESIAN_POINT('', (88.6547236990992, 43., 35.23));
#5338 = ADVANCED_FACE('', (#5339), #5344, .T.);
#5339 = FACE_OUTER_BOUND('', #5340, .T.);
#5340 = EDGE_LOOP('', (#5341, #5342, #5343));
#5341 = ORIENTED_EDGE('', *, *, #2020, .F.);
#5342 = ORIENTED_EDGE('', *, *, #4421, .T.);
#5343 = ORIENTED_EDGE('', *, *, #4163, .T.);
#5344 = B_SPLINE_SURFACE_WITH_KNOTS('', 3, 3, ((#5345, #5346, #5347, #5348, #5349, #5350, #5351, #5352, #5353, #5354, #5355, #5356, #5357, #5358, #5359, #5360), (#5361, #5362, #5363, #5364, #5365, #5366, #5367, #5368, #5369, #5370, #5371, #5372, #5373, #5374, #5375, #5376), (#5377, #5378, #5379, #5380, #5381, #5382, #5383, #5384, #5385, #5386, #5387, #5388, #5389, #5390, #5391, #5392), (#5393, #5394, #5395, #5396, #5397, #5398, #5399, #5400, #5401, #5402, #5403, #5404, #5405, #5406, #5407, #5408), (#5409, #5410, #5411, #5412, #5413, #5414, #5415, #5416, #5417, #5418, #5419, #5420, #5421, #5422, #5423, #5424), (#5425, #5426, #5427, #5428, #5429, #5430, #5431, #5432, #5433, #5434, #5435, #5436, #5437, #5438, #5439, #5440), (#5441, #5442, #5443, #5444, #5445, #5446, #5447, #5448, #5449, #5450, #5451, #5452, #5453, #5454, #5455, #5456), (#5457, #5458, #5459, #5460, #5461, #5462, #5463, #5464, #5465, #5466, #5467, #5468, #5469, #5470, #5471, #5472), (#5473, #5474, #5475, #5476, #5477, #5478, #5479, #5480, #5481, #5482, #5483, #5484, #5485, #5486, #5487, #5488), (#5489, #5490, #5491, #5492, #5493, #5494, #5495, #5496, #5497, #5498, #5499, #5500, #5501, #5502, #5503, #5504), (#5505, #5506, #5507, #5508, #5509, #5510, #5511, #5512, #5513, #5514, #5515, #5516, #5517, #5518, #5519, #5520), (#5521, #5522, #5523, #5524, #5525, #5526, #5527, #5528, #5529, #5530, #5531, #5532, #5533, #5534, #5535, #5536), (#5537, #5538, #5539, #5540, #5541, #5542, #5543, #5544, #5545, #5546, #5547, #5548, #5549, #5550, #5551, #5552), (#5553, #5554, #5555, #5556, #5557, #5558, #5559, #5560, #5561, #5562, #5563, #5564, #5565, #5566, #5567, #5568), (#5569, #5570, #5571, #5572, #5573, #5574, #5575, #5576, #5577, #5578, #5579, #5580, #5581, #5582, #5583, #5584), (#5585, #5586, #5587, #5588, #5589, #5590, #5591, #5592, #5593, #5594, #5595, #5596, #5597, #5598, #5599, #5600), (#5601, #5602, #5603, #5604, #5605, #5606, #5607, #5608, #5609, #5610, #5611, #5612, #5613, #5614, #5615, #5616), (#5617, #5618, #5619, #5620, #5621, #5622, #5623, #5624, #5625, #5626, #5627, #5628, #5629, #5630, #5631, #5632), (#5633, #5634, #5635, #5636, #5637, #5638, #5639, #5640, #5641, #5642, #5643, #5644, #5645, #5646, #5647, #5648), (#5649, #5650, #5651, #5652, #5653, #5654, #5655, #5656, #5657, #5658, #5659, #5660, #5661, #5662, #5663, #5664), (#5665, #5666, #5667, #5668, #5669, #5670, #5671, #5672, #5673, #5674, #5675, #5676, #5677, #5678, #5679, #5680), (#5681, #5682, #5683, #5684, #5685, #5686, #5687, #5688, #5689, #5690, #5691, #5692, #5693, #5694, #5695, #5696), (#5697, #5698, #5699, #5700, #5701, #5702, #5703, #5704, #5705, #5706, #5707, #5708, #5709, #5710, #5711, #5712), (#5713, #5714, #5715, #5716, #5717, #5718, #5719, #5720, #5721, #5722, #5723, #5724, #5725, #5726, #5727, #5728), (#5729, #5730, #5731, #5732, #5733, #5734, #5735, #5736, #5737, #5738, #5739, #5740, #5741, #5742, #5743, #5744)), .UNSPECIFIED., .F., .F., .U., (4, 3, 3, 3, 3, 3, 3, 3, 4), (4, 3, 3, 3, 3, 4), (0., 0.0625, 0.125, 0.25, 0.5, 0.75, 0.875, 0.9375, 1.), (0., 0.0625, 0.125, 0.25, 0.5, 1.), .UNSPECIFIED.);
#5345 = CARTESIAN_POINT('', (82.7207843891258, 39.13, 36.9));
#5346 = CARTESIAN_POINT('', (82.7207843891258, 39.1647916666667, 36.8652083333333));
#5347 = CARTESIAN_POINT('', (82.7207843891258, 39.1995833333333, 36.8304166666667));
#5348 = CARTESIAN_POINT('', (82.7207843891258, 39.234375, 36.795625));
#5349 = CARTESIAN_POINT('', (82.7207843891258, 39.2691666666667, 36.7608333333333));
#5350 = CARTESIAN_POINT('', (82.7207843891258, 39.3039583333333, 36.7260416666667));
#5351 = CARTESIAN_POINT('', (82.7207843891258, 39.33875, 36.69125));
#5352 = CARTESIAN_POINT('', (82.7207843891258, 39.4083333333333, 36.6216666666667));
#5353 = CARTESIAN_POINT('', (82.7207843891258, 39.4779166666667, 36.5520833333333));
#5354 = CARTESIAN_POINT('', (82.7207843891258, 39.5475, 36.4825));
#5355 = CARTESIAN_POINT('', (82.7207843891258, 39.6866666666667, 36.3433333333333));
#5356 = CARTESIAN_POINT('', (82.7207843891258, 39.8258333333333, 36.2041666666667));
#5357 = CARTESIAN_POINT('', (82.7207843891258, 39.965, 36.065));
#5358 = CARTESIAN_POINT('', (82.7207843891258, 40.2433333333333, 35.7866666666667));
#5359 = CARTESIAN_POINT('', (82.7207843891258, 40.5216666666667, 35.5083333333333));
#5360 = CARTESIAN_POINT('', (82.7207843891258, 40.8, 35.23));
#5361 = CARTESIAN_POINT('', (82.7523227690802, 39.1501018518519, 36.9));
#5362 = CARTESIAN_POINT('', (82.752322444826, 39.1848933635077, 36.8652083849932));
#5363 = CARTESIAN_POINT('', (82.7522211093748, 39.2096017645714, 36.8203980416564));
#5364 = CARTESIAN_POINT('', (82.7520197400311, 39.244329217764, 36.7856705098048));
#5365 = CARTESIAN_POINT('', (82.7518183706874, 39.2790566709566, 36.7509429779532));
#5366 = CARTESIAN_POINT('', (82.7515173017193, 39.3137523568446, 36.7162472250914));
#5367 = CARTESIAN_POINT('', (82.7511223046, 39.3484181141084, 36.6815814112559));
#5368 = CARTESIAN_POINT('', (82.7503323103614, 39.4177496286359, 36.612249783585));
#5369 = CARTESIAN_POINT('', (82.7491634140443, 39.486960412407, 36.5430389288571));
#5370 = CARTESIAN_POINT('', (82.7477037155449, 39.55607853694, 36.4739207656361));
#5371 = CARTESIAN_POINT('', (82.7447843185461, 39.6943147860062, 36.3356844391941));
#5372 = CARTESIAN_POINT('', (82.7406811328682, 39.8321738394894, 36.1978254372851));
#5373 = CARTESIAN_POINT('', (82.736552606454, 39.9700248430094, 36.0599745370582));
#5374 = CARTESIAN_POINT('', (82.7282955536256, 40.2457268500494, 35.7842727366046));
#5375 = CARTESIAN_POINT('', (82.7207856860241, 40.5216670799735, 35.5083329200264));
#5376 = CARTESIAN_POINT('', (82.7207843891258, 40.8, 35.23));
#5377 = CARTESIAN_POINT('', (82.7838611490347, 39.1702037037037, 36.9));
#5378 = CARTESIAN_POINT('', (82.7837594960867, 39.2049306794061, 36.900000100466));
#5379 = CARTESIAN_POINT('', (82.784039614075, 39.2204897002304, 36.8762399549257));
#5380 = CARTESIAN_POINT('', (82.7835646625667, 39.2551029045909, 36.8680740141015));
#5381 = CARTESIAN_POINT('', (82.7830897110584, 39.2897161089515, 36.8599080732773));
#5382 = CARTESIAN_POINT('', (82.782429746278, 39.3242729616943, 36.8478624605592));
#5383 = CARTESIAN_POINT('', (82.7815955920994, 39.3587767971346, 36.8323413263352));
#5384 = CARTESIAN_POINT('', (82.7799272837422, 39.4277844680153, 36.8012990578873));
#5385 = CARTESIAN_POINT('', (82.7775563806776, 39.4965783182803, 36.7563566723434));
#5386 = CARTESIAN_POINT('', (82.7746462298329, 39.5652080540515, 36.7007214808879));
#5387 = CARTESIAN_POINT('', (82.7688259281433, 39.7024675255938, 36.5894510979771));
#5388 = CARTESIAN_POINT('', (82.7608109620005, 39.8390592345481, 36.435422199035));
#5389 = CARTESIAN_POINT('', (82.7527385398536, 39.9756300190074, 36.2640131632997));
#5390 = CARTESIAN_POINT('', (82.7365936955598, 40.2487715879259, 35.9211950918292));
#5391 = CARTESIAN_POINT('', (82.7217723375438, 40.5222955619173, 35.5083325325513));
#5392 = CARTESIAN_POINT('', (82.7207843891258, 40.8, 35.23));
#5393 = CARTESIAN_POINT('', (82.8153995289891, 39.1903055555555, 36.9));
#5394 = CARTESIAN_POINT('', (82.8150965189439, 39.2249042363887, 36.9000001463482));
#5395 = CARTESIAN_POINT('', (82.8161348610609, 39.2321801888264, 36.8674736566214));
#5396 = CARTESIAN_POINT('', (82.8153144944377, 39.266629351114, 36.859363833388));
#5397 = CARTESIAN_POINT('', (82.8144941278146, 39.3010785134016, 36.8512540101546));
#5398 = CARTESIAN_POINT('', (82.8134174542115, 39.3354536894725, 36.8392923212862));
#5399 = CARTESIAN_POINT('', (82.8120995777143, 39.3697593323228, 36.823881308061));
#5400 = CARTESIAN_POINT('', (82.80946382472, 39.4383706180233, 36.7930592816106));
#5401 = CARTESIAN_POINT('', (82.8058552530083, 39.5067015246034, 36.7484428142267));
#5402 = CARTESIAN_POINT('', (82.8015000186994, 39.5748172203755, 36.6932146462303));
#5403 = CARTESIAN_POINT('', (82.7927895500816, 39.7110486119197, 36.5827583102376));
#5404 = CARTESIAN_POINT('', (82.7810407383654, 39.846404659273, 36.4298736190277));
#5405 = CARTESIAN_POINT('', (82.7692022811807, 39.9817263537418, 36.2596158791464));
#5406 = CARTESIAN_POINT('', (82.7455253668113, 40.2523697426794, 35.919100399384));
#5407 = CARTESIAN_POINT('', (82.7236211728937, 40.5234736062146, 35.5083321709077));
#5408 = CARTESIAN_POINT('', (82.7207843891258, 40.8, 35.23));
#5409 = CARTESIAN_POINT('', (82.8469379089435, 39.2104074074074, 36.9));
#5410 = CARTESIAN_POINT('', (82.8464335418011, 39.2448777933713, 36.9000001922305));
#5411 = CARTESIAN_POINT('', (82.8482301080467, 39.2438706774224, 36.8587073583172));
#5412 = CARTESIAN_POINT('', (82.8470643263088, 39.2781557976371, 36.8506536526745));
#5413 = CARTESIAN_POINT('', (82.8458985445708, 39.3124409178518, 36.8425999470319));
#5414 = CARTESIAN_POINT('', (82.8444051621449, 39.3466344172507, 36.8307221820131));
#5415 = CARTESIAN_POINT('', (82.8426035633292, 39.3807418675109, 36.8154212897867));
#5416 = CARTESIAN_POINT('', (82.8390003656976, 39.4489567680312, 36.7848195053339));
#5417 = CARTESIAN_POINT('', (82.8341541253389, 39.5168247309265, 36.74052895611));
#5418 = CARTESIAN_POINT('', (82.8283538075659, 39.5844263866996, 36.6857078115727));
#5419 = CARTESIAN_POINT('', (82.8167531720198, 39.7196296982456, 36.5760655224981));
#5420 = CARTESIAN_POINT('', (82.8012705147304, 39.8537500839979, 36.4243250390204));
#5421 = CARTESIAN_POINT('', (82.7856660225079, 39.9878226884762, 36.2552185949931));
#5422 = CARTESIAN_POINT('', (82.7544570380628, 40.255967897433, 35.9170057069387));
#5423 = CARTESIAN_POINT('', (82.7254700082435, 40.5246516505119, 35.5083318092642));
#5424 = CARTESIAN_POINT('', (82.7207843891258, 40.8, 35.23));
#5425 = CARTESIAN_POINT('', (82.878476288898, 39.2305092592593, 36.9));
#5426 = CARTESIAN_POINT('', (82.877670870518, 39.2647878045289, 36.9000002351887));
#5427 = CARTESIAN_POINT('', (82.880602724062, 39.2563641185003, 36.8505672234394));
#5428 = CARTESIAN_POINT('', (82.8790199488735, 39.2904355657165, 36.8425656267947));
#5429 = CARTESIAN_POINT('', (82.8774371736849, 39.3245070129328, 36.8345640301499));
#5430 = CARTESIAN_POINT('', (82.8754694861749, 39.3584761303087, 36.822764194041));
#5431 = CARTESIAN_POINT('', (82.8731397825813, 39.3923492337462, 36.807565556909));
#5432 = CARTESIAN_POINT('', (82.8684803753943, 39.460095440621, 36.777168282645));
#5433 = CARTESIAN_POINT('', (82.862361034295, 39.5274545961525, 36.7331803713904));
#5434 = CARTESIAN_POINT('', (82.8551211272878, 39.5945166405983, 36.6787371770057));
#5435 = CARTESIAN_POINT('', (82.8406413132732, 39.72864072949, 36.5698507882361));
#5436 = CARTESIAN_POINT('', (82.8216025781706, 39.8615570300237, 36.4191727839225));
#5437 = CARTESIAN_POINT('', (82.8024095773419, 39.9944114604913, 36.2511354004451));
#5438 = CARTESIAN_POINT('', (82.7640235756847, 40.2601203214263, 35.9150606334902));
#5439 = CARTESIAN_POINT('', (82.7281810274236, 40.5263792571627, 35.5083314734524));
#5440 = CARTESIAN_POINT('', (82.7207843891258, 40.8, 35.23));
#5441 = CARTESIAN_POINT('', (82.9100146688524, 39.2506111111111, 36.9));
#5442 = CARTESIAN_POINT('', (82.9088142753633, 39.2846379476262, 36.9000002751527));
#5443 = CARTESIAN_POINT('', (82.9131566561273, 39.2695992900846, 36.843053252135));
#5444 = CARTESIAN_POINT('', (82.91108934088, 39.3034100031069, 36.8350997559339));
#5445 = CARTESIAN_POINT('', (82.9090220256327, 39.3372207161292, 36.8271462597327));
#5446 = CARTESIAN_POINT('', (82.9065255593708, 39.3709247364261, 36.8154183576691));
#5447 = CARTESIAN_POINT('', (82.9036255850669, 39.4045287515685, 36.8003141097507));
#5448 = CARTESIAN_POINT('', (82.8978256364591, 39.4717367818533, 36.770105613914));
#5449 = CARTESIAN_POINT('', (82.8903985070917, 39.5385417409272, 36.7263970605023));
#5450 = CARTESIAN_POINT('', (82.8817224256445, 39.6050372773439, 36.6723027430039));
#5451 = CARTESIAN_POINT('', (82.8643702627501, 39.7380283501772, 36.5641141080069));
#5452 = CARTESIAN_POINT('', (82.8419373501568, 39.8697620282794, 36.4144168541788));
#5453 = CARTESIAN_POINT('', (82.8193218029346, 40.0014218299621, 36.2473662959242));
#5454 = CARTESIAN_POINT('', (82.7740907084902, 40.2647414333276, 35.9132651794151));
#5455 = CARTESIAN_POINT('', (82.7316310596426, 40.5285779198835, 35.5083311634723));
#5456 = CARTESIAN_POINT('', (82.7207843891258, 40.8, 35.23));
#5457 = CARTESIAN_POINT('', (82.9730914287613, 39.2908148148148, 36.9));
#5458 = CARTESIAN_POINT('', (82.9711010850539, 39.3243382338209, 36.9000003550806));
#5459 = CARTESIAN_POINT('', (82.9782645202579, 39.2960696332533, 36.8280253095263));
#5460 = CARTESIAN_POINT('', (82.9752281248931, 39.3293588778877, 36.8201680142122));
#5461 = CARTESIAN_POINT('', (82.9721917295282, 39.3626481225221, 36.8123107188981));
#5462 = CARTESIAN_POINT('', (82.9686377057629, 39.3958219486607, 36.8007266849253));
#5463 = CARTESIAN_POINT('', (82.9645971900382, 39.4288877872132, 36.7858112154342));
#5464 = CARTESIAN_POINT('', (82.9565161585888, 39.495019464318, 36.7559802764521));
#5465 = CARTESIAN_POINT('', (82.946473452685, 39.5607160304767, 36.7128304387261));
#5466 = CARTESIAN_POINT('', (82.9349250223579, 39.626078550835, 36.6594338750003));
#5467 = CARTESIAN_POINT('', (82.9118281617038, 39.7568035915516, 36.5526407475486));
#5468 = CARTESIAN_POINT('', (82.8826068941293, 39.8861720247907, 36.4049049946914));
#5469 = CARTESIAN_POINT('', (82.8531462541198, 40.0154425689039, 36.2398280868826));
#5470 = CARTESIAN_POINT('', (82.794224974101, 40.2739836571301, 35.9096742712648));
#5471 = CARTESIAN_POINT('', (82.7385311240807, 40.532975245325, 35.508330543512));
#5472 = CARTESIAN_POINT('', (82.7207843891258, 40.8, 35.23));
#5473 = CARTESIAN_POINT('', (83.0361681886702, 39.3310185185185, 36.9));
#5474 = CARTESIAN_POINT('', (83.0330090094896, 39.3637970147547, 36.9000004230313));
#5475 = CARTESIAN_POINT('', (83.0440916677732, 39.325503086535, 36.8155020212112));
#5476 = CARTESIAN_POINT('', (83.0398135761517, 39.35808106941, 36.8077248925668));
#5477 = CARTESIAN_POINT('', (83.03553548453, 39.3906590522851, 36.7999477639224));
#5478 = CARTESIAN_POINT('', (83.0307039402258, 39.423138505754, 36.7884836185827));
#5479 = CARTESIAN_POINT('', (83.0253524749453, 39.4555260900198, 36.7737254639959));
#5480 = CARTESIAN_POINT('', (83.0146495443841, 39.5203012585512, 36.7442091548224));
#5481 = CARTESIAN_POINT('', (83.001850318868, 39.5847064777177, 36.701524912276));
#5482 = CARTESIAN_POINT('', (82.9874420026751, 39.6488276328272, 36.6487098092578));
#5483 = CARTESIAN_POINT('', (82.9586253702893, 39.7770699430462, 36.5430796032214));
#5484 = CARTESIAN_POINT('', (82.9232649439079, 39.9041599990802, 36.3969784366206));
#5485 = CARTESIAN_POINT('', (82.8876262497296, 40.0311374995481, 36.2335462379498));
#5486 = CARTESIAN_POINT('', (82.816348861373, 40.2850925004838, 35.9066818406081));
#5487 = CARTESIAN_POINT('', (82.7483872406747, 40.5392567950466, 35.5083300268784));
#5488 = CARTESIAN_POINT('', (82.7207843891258, 40.8, 35.23));
#5489 = CARTESIAN_POINT('', (83.0992449485791, 39.3712222222222, 36.9));
#5490 = CARTESIAN_POINT('', (83.0946261385161, 39.4030704365518, 36.9000004784422));
#5491 = CARTESIAN_POINT('', (83.1099482892713, 39.3574599816357, 36.8054833883651));
#5492 = CARTESIAN_POINT('', (83.1042200761864, 39.3891778233972, 36.7977703924812));
#5493 = CARTESIAN_POINT('', (83.0984918631016, 39.4208956651586, 36.7900573965972));
#5494 = CARTESIAN_POINT('', (83.0922150034666, 39.4525498186507, 36.7786891610369));
#5495 = CARTESIAN_POINT('', (83.0854228419163, 39.4841449877074, 36.7640568580205));
#5496 = CARTESIAN_POINT('', (83.0718385188158, 39.5473353258208, 36.7347922519878));
#5497 = CARTESIAN_POINT('', (83.0561766124306, 39.6102884133518, 36.6924804846277));
#5498 = CARTESIAN_POINT('', (83.0389199607873, 39.6730592725335, 36.6401305495744));
#5499 = CARTESIAN_POINT('', (83.0044066575005, 39.7986009908967, 36.5354306794677));
#5500 = CARTESIAN_POINT('', (82.9634083651383, 39.9234052666167, 36.3906371835236));
#5501 = CARTESIAN_POINT('', (82.922124213959, 40.0481002473298, 36.2285207525018));
#5502 = CARTESIAN_POINT('', (82.8395559116006, 40.2974902087559, 35.9042878904582));
#5503 = CARTESIAN_POINT('', (82.7602140430953, 40.5467945187804, 35.5083296135715));
#5504 = CARTESIAN_POINT('', (82.7207843891258, 40.8, 35.23));
#5505 = CARTESIAN_POINT('', (83.2253984683969, 39.4516296296296, 36.9));
#5506 = CARTESIAN_POINT('', (83.2178603965692, 39.481617280146, 36.9000005892639));
#5507 = CARTESIAN_POINT('', (83.2416615322672, 39.4213737718373, 36.7854461226729));
#5508 = CARTESIAN_POINT('', (83.233033076256, 39.4513713313714, 36.7778613923098));
#5509 = CARTESIAN_POINT('', (83.2244046202446, 39.4813688909056, 36.7702766619467));
#5510 = CARTESIAN_POINT('', (83.215237129948, 39.5113724444441, 36.7591002459452));
#5511 = CARTESIAN_POINT('', (83.2055635758584, 39.5413827830828, 36.7447196460697));
#5512 = CARTESIAN_POINT('', (83.1862164676792, 39.60140346036, 36.7159584463187));
#5513 = CARTESIAN_POINT('', (83.1648291995559, 39.66145228462, 36.6743916293312));
#5514 = CARTESIAN_POINT('', (83.1418758770116, 39.7215225519459, 36.6229720302075));
#5515 = CARTESIAN_POINT('', (83.0959692319229, 39.8416630865978, 36.5201328319601));
#5516 = CARTESIAN_POINT('', (83.0436952075989, 39.9618958016897, 36.3779546773296));
#5517 = CARTESIAN_POINT('', (82.9911201424179, 40.0820257428931, 36.2184697816058));
#5518 = CARTESIAN_POINT('', (82.8859700120558, 40.3222856252999, 35.8994999901583));
#5519 = CARTESIAN_POINT('', (82.7838676479363, 40.5618699662481, 35.5083287869578));
#5520 = CARTESIAN_POINT('', (82.7207843891258, 40.8, 35.23));
#5521 = CARTESIAN_POINT('', (83.3515519882147, 39.532037037037, 36.9));
#5522 = CARTESIAN_POINT('', (83.3399108931376, 39.5594095700867, 36.9000006499262));
#5523 = CARTESIAN_POINT('', (83.3734540839781, 39.4953567347396, 36.7754274788567));
#5524 = CARTESIAN_POINT('', (83.361076008158, 39.523028503083, 36.7679068783776));
#5525 = CARTESIAN_POINT('', (83.3486979323379, 39.5507002714265, 36.7603862778984));
#5526 = CARTESIAN_POINT('', (83.3359552874666, 39.5785210101587, 36.7493057660406));
#5527 = CARTESIAN_POINT('', (83.322870099378, 39.6064827012721, 36.7350510159704));
#5528 = CARTESIAN_POINT('', (83.2966997232008, 39.662406083499, 36.70654151583));
#5529 = CARTESIAN_POINT('', (83.2691482996666, 39.7188984879035, 36.6653471692422));
#5530 = CARTESIAN_POINT('', (83.2405367904395, 39.7758275217425, 36.6143927350767));
#5531 = CARTESIAN_POINT('', (83.1833137719853, 39.8896855894205, 36.5124838667459));
#5532 = CARTESIAN_POINT('', (83.1217794769279, 40.0053236900017, 36.371613391031));
#5533 = CARTESIAN_POINT('', (83.0600644662652, 40.1209438043642, 36.2134442646491));
#5534 = CARTESIAN_POINT('', (82.9366344449397, 40.3521840330891, 35.8971060118853));
#5535 = CARTESIAN_POINT('', (82.8154039960834, 40.5819701097649, 35.5083283736509));
#5536 = CARTESIAN_POINT('', (82.7207843891258, 40.8, 35.23));
#5537 = CARTESIAN_POINT('', (83.4777055080325, 39.6124444444445, 36.9));
#5538 = CARTESIAN_POINT('', (83.4619359947648, 39.6371856204635, 36.9000006559279));
#5539 = CARTESIAN_POINT('', (83.5006580587694, 39.5764336710452, 36.7754274663194));
#5540 = CARTESIAN_POINT('', (83.4845400657374, 39.6017216986121, 36.7679068625529));
#5541 = CARTESIAN_POINT('', (83.4684220727055, 39.6270097261789, 36.7603862587863));
#5542 = CARTESIAN_POINT('', (83.452131257525, 39.6525689374093, 36.7493057404878));
#5543 = CARTESIAN_POINT('', (83.4356775739767, 39.6783836243096, 36.7350509884003));
#5544 = CARTESIAN_POINT('', (83.4027702068799, 39.7300129981103, 36.7065414842254));
#5545 = CARTESIAN_POINT('', (83.3692059716629, 39.7826729687964, 36.6653471321669));
#5546 = CARTESIAN_POINT('', (83.3351375770982, 39.8361239050194, 36.6143926945655));
#5547 = CARTESIAN_POINT('', (83.2670007879687, 39.9430257774652, 36.5124838193627));
#5548 = CARTESIAN_POINT('', (83.1968116327296, 40.0531474709694, 36.3716133530863));
#5549 = CARTESIAN_POINT('', (83.1265784657251, 40.1633383057932, 36.2134442286391));
#5550 = CARTESIAN_POINT('', (82.9861121317161, 40.383719975441, 35.8971059797448));
#5551 = CARTESIAN_POINT('', (82.8469401569007, 40.6020705471888, 35.5083283736509));
#5552 = CARTESIAN_POINT('', (82.7207843891258, 40.8, 35.23));
#5553 = CARTESIAN_POINT('', (83.6038590278502, 39.6928518518519, 36.9));
#5554 = CARTESIAN_POINT('', (83.583961096392, 39.7149616708402, 36.9000006619295));
#5555 = CARTESIAN_POINT('', (83.6278620335606, 39.6575106073508, 36.7754274537821));
#5556 = CARTESIAN_POINT('', (83.6080041233169, 39.680414894141, 36.7679068467282));
#5557 = CARTESIAN_POINT('', (83.5881462130732, 39.7033191809313, 36.7603862396742));
#5558 = CARTESIAN_POINT('', (83.5683072275835, 39.7266168646599, 36.7493057149349));
#5559 = CARTESIAN_POINT('', (83.5484850485753, 39.7502845473471, 36.7350509608302));
#5560 = CARTESIAN_POINT('', (83.5088406905591, 39.7976199127215, 36.7065414526207));
#5561 = CARTESIAN_POINT('', (83.4692636436591, 39.8464474496894, 36.6653470950917));
#5562 = CARTESIAN_POINT('', (83.4297383637567, 39.8964202882962, 36.6143926540543));
#5563 = CARTESIAN_POINT('', (83.350687803952, 39.9963659655099, 36.5124837719794));
#5564 = CARTESIAN_POINT('', (83.2718437885312, 40.100971251937, 36.3716133151417));
#5565 = CARTESIAN_POINT('', (83.193092465185, 40.2057328072223, 36.2134441926292));
#5566 = CARTESIAN_POINT('', (83.0355898184926, 40.4152559177928, 35.8971059476042));
#5567 = CARTESIAN_POINT('', (82.878476317718, 40.6221709846127, 35.5083283736509));
#5568 = CARTESIAN_POINT('', (82.7207843891258, 40.8, 35.23));
#5569 = CARTESIAN_POINT('', (83.730012547668, 39.7732592592593, 36.9));
#5570 = CARTESIAN_POINT('', (83.706011646789, 39.7927538882152, 36.9000006132705));
#5571 = CARTESIAN_POINT('', (83.7505727633902, 39.7457422793637, 36.7854460725238));
#5572 = CARTESIAN_POINT('', (83.7270233671398, 39.7662295604776, 36.777861329011));
#5573 = CARTESIAN_POINT('', (83.7034739708893, 39.7867168415914, 36.7702765854983));
#5574 = CARTESIAN_POINT('', (83.6801467683244, 39.8076952987529, 36.7591001437337));
#5575 = CARTESIAN_POINT('', (83.6570270375502, 39.8291353428778, 36.7447195357892));
#5576 = CARTESIAN_POINT('', (83.6107875760017, 39.8720154311276, 36.7159583199001));
#5577 = CARTESIAN_POINT('', (83.5653840161982, 39.9167568000259, 36.6743914810304));
#5578 = CARTESIAN_POINT('', (83.5206222186949, 39.9629268293483, 36.6229718681626));
#5579 = CARTESIAN_POINT('', (83.4310986236883, 40.0552668879932, 36.5201326424271));
#5580 = CARTESIAN_POINT('', (83.3441797367822, 40.1534177714958, 36.3779545255509));
#5581 = CARTESIAN_POINT('', (83.2574812025233, 40.2517981879825, 36.2184696375659));
#5582 = CARTESIAN_POINT('', (83.0840841340054, 40.4485590209561, 35.899499861596));
#5583 = CARTESIAN_POINT('', (82.9100122912055, 40.6422717159437, 35.5083287869578));
#5584 = CARTESIAN_POINT('', (82.7207843891258, 40.8, 35.23));
#5585 = CARTESIAN_POINT('', (83.8561660674858, 39.8536666666667, 36.9));
#5586 = CARTESIAN_POINT('', (83.8292460126586, 39.871300586736, 36.9000005054496));
#5587 = CARTESIAN_POINT('', (83.8641223629218, 39.838153487895, 36.8054833319473));
#5588 = CARTESIAN_POINT('', (83.8377889914701, 39.8567380578543, 36.79777032127));
#5589 = CARTESIAN_POINT('', (83.8114556200185, 39.8753226278135, 36.7900573105927));
#5590 = CARTESIAN_POINT('', (83.7854116618941, 39.8943776615373, 36.7786890460489));
#5591 = CARTESIAN_POINT('', (83.7596387031332, 39.9138748932015, 36.7640567339549));
#5592 = CARTESIAN_POINT('', (83.7080927856114, 39.9528693565298, 36.7347921097669));
#5593 = CARTESIAN_POINT('', (83.6576391491938, 39.9936469657688, 36.6924803177893));
#5594 = CARTESIAN_POINT('', (83.6080240190128, 40.0357932516623, 36.6401303672739));
#5595 = CARTESIAN_POINT('', (83.5087937586509, 40.1200858234492, 36.535430466243));
#5596 = CARTESIAN_POINT('', (83.4129699382, 40.209945569467, 36.3906370127726));
#5597 = CARTESIAN_POINT('', (83.3173659589181, 40.3000183224712, 36.2285205904569));
#5598 = CARTESIAN_POINT('', (83.1261580003542, 40.4801638284797, 35.9042877458256));
#5599 = CARTESIAN_POINT('', (82.9336651467275, 40.6573483390398, 35.5083296135715));
#5600 = CARTESIAN_POINT('', (82.7207843891258, 40.8, 35.23));
#5601 = CARTESIAN_POINT('', (83.9192428273947, 39.8938703703704, 36.9));
#5602 = CARTESIAN_POINT('', (83.8908631955934, 39.9105739359964, 36.9000004515392));
#5603 = CARTESIAN_POINT('', (83.9208971626876, 39.8843590921606, 36.8155019616591));
#5604 = CARTESIAN_POINT('', (83.8931718036353, 39.9019923065426, 36.8077248173995));
#5605 = CARTESIAN_POINT('', (83.8654464445831, 39.9196255209245, 36.7999476731399));
#5606 = CARTESIAN_POINT('', (83.838044108679, 39.9377188429294, 36.7884834972065));
#5607 = CARTESIAN_POINT('', (83.8109445359248, 39.9562446683633, 36.7737253330378));
#5608 = CARTESIAN_POINT('', (83.7567453904163, 39.9932963192309, 36.7442090047003));
#5609 = CARTESIAN_POINT('', (83.7037667156916, 40.0320920486402, 36.7015247361688));
#5610 = CARTESIAN_POINT('', (83.6517249191718, 40.0722264628192, 36.6487096168295));
#5611 = CARTESIAN_POINT('', (83.5476413261323, 40.1524952911772, 36.543079378151));
#5612 = CARTESIAN_POINT('', (83.447365038909, 40.2382094684526, 36.3969782563834));
#5613 = CARTESIAN_POINT('', (83.3473083371156, 40.3241283897155, 36.2335460669024));
#5614 = CARTESIAN_POINT('', (83.1471949335287, 40.4959662322414, 35.9066816879404));
#5615 = CARTESIAN_POINT('', (82.9454915744885, 40.6648866505879, 35.5083300268784));
#5616 = CARTESIAN_POINT('', (82.7207843891258, 40.8, 35.23));
#5617 = CARTESIAN_POINT('', (83.9823195873036, 39.9340740740741, 36.9));
#5618 = CARTESIAN_POINT('', (83.9527711872981, 39.950032626199, 36.9000003828382));
#5619 = CARTESIAN_POINT('', (83.9753720328197, 39.9316034317854, 36.8280252515413));
#5620 = CARTESIAN_POINT('', (83.9464776447505, 39.9484113662825, 36.820167941023));
#5621 = CARTESIAN_POINT('', (83.9175832566812, 39.9652193007797, 36.8123106305047));
#5622 = CARTESIAN_POINT('', (83.8890120721017, 39.9824477353984, 36.8007265667432));
#5623 = CARTESIAN_POINT('', (83.8607441525734, 40.0000715677359, 36.7858110879224));
#5624 = CARTESIAN_POINT('', (83.8042083135169, 40.0353192324109, 36.7559801302806));
#5625 = CARTESIAN_POINT('', (83.7488951723025, 40.0721614295439, 36.7128302672533));
#5626 = CARTESIAN_POINT('', (83.6945205762628, 40.1102275087182, 36.6594336876359));
#5627 = CARTESIAN_POINT('', (83.5857713841836, 40.1863596670669, 36.5526405284011));
#5628 = CARTESIAN_POINT('', (83.4808376872222, 40.2674707316318, 36.4049048191974));
#5629 = CARTESIAN_POINT('', (83.3760938494879, 40.3487574693267, 36.2398279203365));
#5630 = CARTESIAN_POINT('', (83.1666061740193, 40.5113309447164, 35.9096741226147));
#5631 = CARTESIAN_POINT('', (82.9553472227582, 40.6711689350772, 35.5083305435119));
#5632 = CARTESIAN_POINT('', (82.7207843891258, 40.8, 35.23));
#5633 = CARTESIAN_POINT('', (84.0453963472124, 39.9742777777778, 36.9));
#5634 = CARTESIAN_POINT('', (84.0150580778679, 39.9897328036127, 36.9000002987842));
#5635 = CARTESIAN_POINT('', (84.0268571643836, 39.9794468387466, 36.8430532027694));
#5636 = CARTESIAN_POINT('', (83.9970808970036, 39.9955964831786, 36.8350996936241));
#5637 = CARTESIAN_POINT('', (83.9673046296236, 40.0117461276107, 36.8271461844788));
#5638 = CARTESIAN_POINT('', (83.9378062938782, 40.0282397504737, 36.8154182570546));
#5639 = CARTESIAN_POINT('', (83.9085689563529, 40.0450569197024, 36.8003140011933));
#5640 = CARTESIAN_POINT('', (83.8500942813023, 40.0786912581599, 36.7701054894707));
#5641 = CARTESIAN_POINT('', (83.7926720274061, 40.113630440103, 36.7263969145187));
#5642 = CARTESIAN_POINT('', (83.7360575861604, 40.149571139548, 36.672302583491));
#5643 = CARTESIAN_POINT('', (83.622828703669, 40.2214525384381, 36.5641139214354));
#5644 = CARTESIAN_POINT('', (83.5128847505305, 40.2974086754855, 36.4144167047717));
#5645 = CARTESIAN_POINT('', (83.4030849217264, 40.373499187607, 36.247366154135));
#5646 = CARTESIAN_POINT('', (83.1834852641179, 40.5256802118499, 35.9132650528616));
#5647 = CARTESIAN_POINT('', (82.962246725207, 40.6755671422401, 35.5083311634722));
#5648 = CARTESIAN_POINT('', (82.7207843891258, 40.8, 35.23));
#5649 = CARTESIAN_POINT('', (84.0769347271669, 39.9943796296296, 36.9));
#5650 = CARTESIAN_POINT('', (84.0462015231528, 40.0095828923195, 36.9000002567572));
#5651 = CARTESIAN_POINT('', (84.0525997301656, 40.0033685422272, 36.8505671783835));
#5652 = CARTESIAN_POINT('', (84.0223825231302, 40.0191890416267, 36.8425655699247));
#5653 = CARTESIAN_POINT('', (83.9921653160949, 40.0350095410262, 36.8345639614659));
#5654 = CARTESIAN_POINT('', (83.9622034047664, 40.0511357580114, 36.8227641022103));
#5655 = CARTESIAN_POINT('', (83.9324813582426, 40.0675495956857, 36.8075654578288));
#5656 = CARTESIAN_POINT('', (83.873037265195, 40.1003772710343, 36.7771681690658));
#5657 = CARTESIAN_POINT('', (83.8145604549579, 40.1343649453825, 36.7331802381514));
#5658 = CARTESIAN_POINT('', (83.7568260911091, 40.1692429549629, 36.6787370314185));
#5659 = CARTESIAN_POINT('', (83.6413573634116, 40.2389989741238, 36.5698506179526));
#5660 = CARTESIAN_POINT('', (83.5289082821847, 40.3123776474123, 36.4191726475589));
#5661 = CARTESIAN_POINT('', (83.4165804578456, 40.3858700467471, 36.2511352710343));
#5662 = CARTESIAN_POINT('', (83.1919248091672, 40.5328548454167, 35.915060517985));
#5663 = CARTESIAN_POINT('', (82.9656964764314, 40.6777662458215, 35.5083314734524));
#5664 = CARTESIAN_POINT('', (82.7207843891258, 40.8, 35.23));
#5665 = CARTESIAN_POINT('', (84.1084731071213, 40.0144814814815, 36.9));
#5666 = CARTESIAN_POINT('', (84.0774388955929, 40.0294928444897, 36.9000002108919));
#5667 = CARTESIAN_POINT('', (84.0775933658784, 40.0274390594055, 36.858707319334));
#5668 = CARTESIAN_POINT('', (84.047006399097, 40.0429717740158, 36.8506536034696));
#5669 = CARTESIAN_POINT('', (84.0164194323156, 40.0585044886261, 36.8425998876052));
#5670 = CARTESIAN_POINT('', (83.986053852613, 40.0742954890148, 36.8307221025596));
#5671 = CARTESIAN_POINT('', (83.9558963931187, 40.0903295496336, 36.8154212040609));
#5672 = CARTESIAN_POINT('', (83.89558147413, 40.122397670871, 36.7848194070632));
#5673 = CARTESIAN_POINT('', (83.8361058976809, 40.1554461174125, 36.7405288408294));
#5674 = CARTESIAN_POINT('', (83.7772745507221, 40.1892469853198, 36.6857076856082));
#5675 = CARTESIAN_POINT('', (83.6596118568047, 40.2568487211346, 36.5760653751658));
#5676 = CARTESIAN_POINT('', (83.54456983466, 40.3275122311321, 36.4243249210362));
#5677 = CARTESIAN_POINT('', (83.4296225985648, 40.3982660155183, 36.2552184830246));
#5678 = CARTESIAN_POINT('', (83.1997281263742, 40.5397735842907, 35.9170056070016));
#5679 = CARTESIAN_POINT('', (82.9684071912006, 40.6794943300713, 35.5083318092642));
#5680 = CARTESIAN_POINT('', (82.7207843891258, 40.8, 35.23));
#5681 = CARTESIAN_POINT('', (84.1400114870758, 40.0345833333333, 36.9));
#5682 = CARTESIAN_POINT('', (84.1087759656241, 40.0494663380184, 36.9000001611179));
#5683 = CARTESIAN_POINT('', (84.1017420188567, 40.0515971685501, 36.8674736257679));
#5684 = CARTESIAN_POINT('', (84.0708605040935, 40.0668860284437, 36.8593637944444));
#5685 = CARTESIAN_POINT('', (84.0399789893303, 40.0821748883373, 36.8512539631209));
#5686 = CARTESIAN_POINT('', (84.0092727711649, 40.09766485179, 36.8392922584021));
#5687 = CARTESIAN_POINT('', (83.9787314113462, 40.1133441026835, 36.8238812402126));
#5688 = CARTESIAN_POINT('', (83.9176486917087, 40.1447026044705, 36.7930592038336));
#5689 = CARTESIAN_POINT('', (83.8572308838571, 40.1768245776681, 36.748442722987));
#5690 = CARTESIAN_POINT('', (83.7973234139085, 40.209532526769, 36.6932145465348));
#5691 = CARTESIAN_POINT('', (83.6775084740114, 40.2749484249708, 36.5827581936304));
#5692 = CARTESIAN_POINT('', (83.5597698305988, 40.3427489584846, 36.4298735256482));
#5693 = CARTESIAN_POINT('', (83.4421002021397, 40.4106162548765, 36.2596157905281));
#5694 = CARTESIAN_POINT('', (83.2067609452214, 40.5463508476604, 35.919100320288));
#5695 = CARTESIAN_POINT('', (82.9702556987233, 40.680672888706, 35.5083321709078));
#5696 = CARTESIAN_POINT('', (82.7207843891258, 40.8, 35.23));
#5697 = CARTESIAN_POINT('', (84.1715498670302, 40.0546851851852, 36.9));
#5698 = CARTESIAN_POINT('', (84.1401130356553, 40.069439831547, 36.900000111344));
#5699 = CARTESIAN_POINT('', (84.1258906718349, 40.0757552776947, 36.8762399322018));
#5700 = CARTESIAN_POINT('', (84.09471460909, 40.0908002828716, 36.8680739854192));
#5701 = CARTESIAN_POINT('', (84.063538546345, 40.1058452880485, 36.8599080386366));
#5702 = CARTESIAN_POINT('', (84.0324916897169, 40.1210342145651, 36.8478624142446));
#5703 = CARTESIAN_POINT('', (84.0015664295738, 40.1363586557334, 36.8323412763644));
#5704 = CARTESIAN_POINT('', (83.9397159092873, 40.1670075380701, 36.8012990006039));
#5705 = CARTESIAN_POINT('', (83.8783558700334, 40.1982030379237, 36.7563566051446));
#5706 = CARTESIAN_POINT('', (83.817372277095, 40.2298180682181, 36.7007214074614));
#5707 = CARTESIAN_POINT('', (83.6954050912182, 40.293048128807, 36.5894510120949));
#5708 = CARTESIAN_POINT('', (83.5749698265375, 40.3579856858371, 36.4354221302603));
#5709 = CARTESIAN_POINT('', (83.4545778057145, 40.4229664942348, 36.2640130980317));
#5710 = CARTESIAN_POINT('', (83.2137937640686, 40.5529281110301, 35.9211950335744));
#5711 = CARTESIAN_POINT('', (82.9721042062461, 40.6818514473408, 35.5083325325513));
#5712 = CARTESIAN_POINT('', (82.7207843891258, 40.8, 35.23));
#5713 = CARTESIAN_POINT('', (84.2030882469846, 40.074787037037, 36.9));
#5714 = CARTESIAN_POINT('', (84.171550137382, 40.0894770793898, 36.8652083909948));
#5715 = CARTESIAN_POINT('', (84.1491949685243, 40.1000013780975, 36.8203980291191));
#5716 = CARTESIAN_POINT('', (84.1177998240554, 40.1148466208427, 36.7856704939801));
#5717 = CARTESIAN_POINT('', (84.0864046795865, 40.1296918635879, 36.7509429588411));
#5718 = CARTESIAN_POINT('', (84.0550804310528, 40.1446140709172, 36.7162471995385));
#5719 = CARTESIAN_POINT('', (84.0238229659446, 40.159608786151, 36.6815813836858));
#5720 = CARTESIAN_POINT('', (83.961308035728, 40.1895982166185, 36.6122497519803));
#5721 = CARTESIAN_POINT('', (83.8990625295782, 40.2198801439979, 36.5430388917819));
#5722 = CARTESIAN_POINT('', (83.8370237990592, 40.2503865582109, 36.4739207251249));
#5723 = CARTESIAN_POINT('', (83.7129463380213, 40.3113993866367, 36.3356843918108));
#5724 = CARTESIAN_POINT('', (83.5897106046701, 40.3733260475125, 36.1978253993404));
#5725 = CARTESIAN_POINT('', (83.4664928767712, 40.4352722819146, 36.0599745010483));
#5726 = CARTESIAN_POINT('', (83.2200574209735, 40.5591647507186, 35.784272704464));
#5727 = CARTESIAN_POINT('', (82.9730905065225, 40.6824804803604, 35.5083329200265));
#5728 = CARTESIAN_POINT('', (82.7207843891258, 40.8, 35.23));
#5729 = CARTESIAN_POINT('', (84.2346266269391, 40.0948888888889, 36.9));
#5730 = CARTESIAN_POINT('', (84.2030882469846, 40.1095787037037, 36.8652083333333));
#5731 = CARTESIAN_POINT('', (84.1715498670302, 40.1242685185185, 36.8304166666667));
#5732 = CARTESIAN_POINT('', (84.1400114870758, 40.1389583333333, 36.795625));
#5733 = CARTESIAN_POINT('', (84.1084731071213, 40.1536481481482, 36.7608333333333));
#5734 = CARTESIAN_POINT('', (84.0769347271669, 40.168337962963, 36.7260416666667));
#5735 = CARTESIAN_POINT('', (84.0453963472124, 40.1830277777778, 36.69125));
#5736 = CARTESIAN_POINT('', (83.9823195873035, 40.2124074074074, 36.6216666666667));
#5737 = CARTESIAN_POINT('', (83.9192428273946, 40.241787037037, 36.5520833333333));
#5738 = CARTESIAN_POINT('', (83.8561660674858, 40.2711666666667, 36.4825));
#5739 = CARTESIAN_POINT('', (83.730012547668, 40.3299259259259, 36.3433333333333));
#5740 = CARTESIAN_POINT('', (83.6038590278502, 40.3886851851852, 36.2041666666667));
#5741 = CARTESIAN_POINT('', (83.4777055080324, 40.4474444444445, 36.065));
#5742 = CARTESIAN_POINT('', (83.2253984683969, 40.564962962963, 35.7866666666667));
#5743 = CARTESIAN_POINT('', (82.9730914287613, 40.6824814814815, 35.5083333333333));
#5744 = CARTESIAN_POINT('', (82.7207843891258, 40.8, 35.23));
#5745 = ADVANCED_FACE('', (#5746), #5779, .T.);
#5746 = FACE_OUTER_BOUND('', #5747, .T.);
#5747 = EDGE_LOOP('', (#5748, #5772, #5773, #5774));
#5748 = ORIENTED_EDGE('', *, *, #5749, .T.);
#5749 = EDGE_CURVE('', #5750, #3340, #5752, .T.);
#5750 = VERTEX_POINT('', #5751);
#5751 = CARTESIAN_POINT('', (48.8, -1.3, 35.23));
#5752 = B_SPLINE_CURVE_WITH_KNOTS('', 3, (#5753, #5754, #5755, #5756, #5757, #5758, #5759, #5760, #5761, #5762, #5763, #5764, #5765, #5766, #5767, #5768, #5769, #5770, #5771), .UNSPECIFIED., .F., .U., (4, 3, 3, 3, 3, 3, 4), (0., 21.015, 31.5225, 36.77625, 39.403125, 42.03, 43.7), .UNSPECIFIED.);
#5753 = CARTESIAN_POINT('', (48.8, -1.3, 35.23));
#5754 = CARTESIAN_POINT('', (55.805, -1.3, 35.23));
#5755 = CARTESIAN_POINT('', (62.81, -1.3, 35.23));
#5756 = CARTESIAN_POINT('', (69.815, -1.3, 35.23));
#5757 = CARTESIAN_POINT('', (73.3175, -1.3, 35.23));
#5758 = CARTESIAN_POINT('', (76.82, -1.3, 35.23));
#5759 = CARTESIAN_POINT('', (80.3225, -1.3, 35.23));
#5760 = CARTESIAN_POINT('', (82.07375, -1.3, 35.23));
#5761 = CARTESIAN_POINT('', (83.825, -1.3, 35.23));
#5762 = CARTESIAN_POINT('', (85.57625, -1.3, 35.23));
#5763 = CARTESIAN_POINT('', (86.451875, -1.3, 35.23));
#5764 = CARTESIAN_POINT('', (87.3275, -1.3, 35.23));
#5765 = CARTESIAN_POINT('', (88.203125, -1.3, 35.23));
#5766 = CARTESIAN_POINT('', (89.07875, -1.3, 35.23));
#5767 = CARTESIAN_POINT('', (89.954375, -1.3, 35.23));
#5768 = CARTESIAN_POINT('', (90.83, -1.3, 35.23));
#5769 = CARTESIAN_POINT('', (91.3866666666667, -1.3, 35.23));
#5770 = CARTESIAN_POINT('', (91.9433333333333, -1.3, 35.23));
#5771 = CARTESIAN_POINT('', (92.5, -1.3, 35.23));
#5772 = ORIENTED_EDGE('', *, *, #3431, .T.);
#5773 = ORIENTED_EDGE('', *, *, #4914, .F.);
#5774 = ORIENTED_EDGE('', *, *, #5775, .F.);
#5775 = EDGE_CURVE('', #5750, #4852, #5776, .T.);
#5776 = B_SPLINE_CURVE_WITH_KNOTS('', 1, (#5777, #5778), .UNSPECIFIED., .F., .U., (2, 2), (0., 1.), .UNSPECIFIED.);
#5777 = CARTESIAN_POINT('', (48.8, -1.3, 35.23));
#5778 = CARTESIAN_POINT('', (48.8, 0.369999999999997, 36.9));
#5779 = B_SPLINE_SURFACE_WITH_KNOTS('', 1, 1, ((#5780, #5781), (#5782, #5783)), .UNSPECIFIED., .F., .F., .U., (2, 2), (2, 2), (0., 43.700447), (0., 1.), .UNSPECIFIED.);
#5780 = CARTESIAN_POINT('', (48.8, -1.3, 35.23));
#5781 = CARTESIAN_POINT('', (48.8, 0.369999999999997, 36.9));
#5782 = CARTESIAN_POINT('', (92.500447, -1.3, 35.23));
#5783 = CARTESIAN_POINT('', (92.500447, 0.369999999999997, 36.9));
#5784 = ADVANCED_FACE('', (#5785), #5857, .T.);
#5785 = FACE_OUTER_BOUND('', #5786, .T.);
#5786 = EDGE_LOOP('', (#5787, #5850, #5851, #5852));
#5787 = ORIENTED_EDGE('', *, *, #5788, .T.);
#5788 = EDGE_CURVE('', #5789, #5750, #5791, .T.);
#5789 = VERTEX_POINT('', #5790);
#5790 = CARTESIAN_POINT('', (46.1, 1.4, 35.23));
#5791 = B_SPLINE_CURVE_WITH_KNOTS('', 3, (#5792, #5793, #5794, #5795, #5796, #5797, #5798, #5799, #5800, #5801, #5802, #5803, #5804, #5805, #5806, #5807, #5808, #5809, #5810, #5811, #5812, #5813, #5814, #5815, #5816, #5817, #5818, #5819, #5820, #5821, #5822, #5823, #5824, #5825, #5826, #5827, #5828, #5829, #5830, #5831, #5832, #5833, #5834, #5835, #5836, #5837, #5838, #5839, #5840, #5841, #5842, #5843, #5844, #5845, #5846, #5847, #5848, #5849), .UNSPECIFIED., .F., .U., (4, 3, 3, 3, 3, 3, 3, 3, 3, 3, 3, 3, 3, 3, 3, 3, 3, 3, 3, 4), (0., 0.08649755859375, 0.1729951171875, 0.25949267578125, 0.345990234375, 0.43248779296875, 0.5189853515625, 0.60548291015625, 0.69198046875, 0.77847802734375, 0.8649755859375, 0.95147314453125, 1.037970703125, 1.12446826171875, 1.2109658203125, 1.29746337890625, 1.3839609375, 1.47045849609375, 1.5569560546875, 1.61605407621576), .UNSPECIFIED.);
#5792 = CARTESIAN_POINT('', (46.1, 1.4, 35.23));
#5793 = CARTESIAN_POINT('', (46.1, 1.32441960899575, 35.23));
#5794 = CARTESIAN_POINT('', (46.1031903982412, 1.24857223713648, 35.23));
#5795 = CARTESIAN_POINT('', (46.1095375043571, 1.17325882698724, 35.23));
#5796 = CARTESIAN_POINT('', (46.1158846104731, 1.09794541683799, 35.23));
#5797 = CARTESIAN_POINT('', (46.1254332656136, 1.02263389285992, 35.23));
#5798 = CARTESIAN_POINT('', (46.1380826366957, 0.948119539104534, 35.23));
#5799 = CARTESIAN_POINT('', (46.1507320077778, 0.873605185349151, 35.23));
#5800 = CARTESIAN_POINT('', (46.1665714603065, 0.799361571465665, 35.23));
#5801 = CARTESIAN_POINT('', (46.1854337308497, 0.726172704454963, 35.23));
#5802 = CARTESIAN_POINT('', (46.2042960013929, 0.652983837444261, 35.23));
#5803 = CARTESIAN_POINT('', (46.2263143484598, 0.580332651278205, 35.23));
#5804 = CARTESIAN_POINT('', (46.2512562599549, 0.508986337040338, 35.23));
#5805 = CARTESIAN_POINT('', (46.2761981714499, 0.437640022802472, 35.23));
#5806 = CARTESIAN_POINT('', (46.3042398574394, 0.367094531764714, 35.23));
#5807 = CARTESIAN_POINT('', (46.33508519982, 0.298094819027765, 35.23));
#5808 = CARTESIAN_POINT('', (46.3659305422005, 0.229095106290816, 35.23));
#5809 = CARTESIAN_POINT('', (46.3997974577035, 0.161153701439237, 35.23));
#5810 = CARTESIAN_POINT('', (46.4363283142382, 0.0949880606186644, 35.23));
#5811 = CARTESIAN_POINT('', (46.4728591707729, 0.0288224197980913, 35.23));
#5812 = CARTESIAN_POINT('', (46.5123120521936, -0.0360349052045075, 35.23));
#5813 = CARTESIAN_POINT('', (46.5542703390281, -0.0988990258956532, 35.23));
#5814 = CARTESIAN_POINT('', (46.5962286258626, -0.161763146586799, 35.23));
#5815 = CARTESIAN_POINT('', (46.6409887457726, -0.223078186540556, 35.23));
#5816 = CARTESIAN_POINT('', (46.688078035245, -0.282196663528201, 35.23));
#5817 = CARTESIAN_POINT('', (46.7351673247174, -0.341315140515846, 35.23));
#5818 = CARTESIAN_POINT('', (46.7849184610141, -0.398654715820254, 35.23));
#5819 = CARTESIAN_POINT('', (46.8368060758625, -0.453609887821539, 35.23));
#5820 = CARTESIAN_POINT('', (46.888693690711, -0.508565059822825, 35.23));
#5821 = CARTESIAN_POINT('', (46.9430843606689, -0.561524076811705, 35.23));
#5822 = CARTESIAN_POINT('', (46.9994037243359, -0.611927695535958, 35.23));
#5823 = CARTESIAN_POINT('', (47.0557230880029, -0.662331314260212, 35.23));
#5824 = CARTESIAN_POINT('', (47.1143690314356, -0.710535627114819, 35.23));
#5825 = CARTESIAN_POINT('', (47.1747222578645, -0.756031600167078, 35.23));
#5826 = CARTESIAN_POINT('', (47.2350754842935, -0.801527573219337, 35.23));
#5827 = CARTESIAN_POINT('', (47.2975623782817, -0.844636627240517, 35.23));
#5828 = CARTESIAN_POINT('', (47.3615230829096, -0.88490353384951, 35.23));
#5829 = CARTESIAN_POINT('', (47.4254837875375, -0.925170440458503, 35.23));
#5830 = CARTESIAN_POINT('', (47.4913701735451, -0.962879678023632, 35.23));
#5831 = CARTESIAN_POINT('', (47.5584864856319, -0.997633039821037, 35.23));
#5832 = CARTESIAN_POINT('', (47.6256027977187, -1.03238640161844, 35.23));
#5833 = CARTESIAN_POINT('', (47.6944232004173, -1.06442941382559, 35.23));
#5834 = CARTESIAN_POINT('', (47.7642209554304, -1.09342370463395, 35.23));
#5835 = CARTESIAN_POINT('', (47.8340187104436, -1.12241799544231, 35.23));
#5836 = CARTESIAN_POINT('', (47.9052869262102, -1.14856840424071, 35.23));
#5837 = CARTESIAN_POINT('', (47.9772730157108, -1.1715987846712, 35.23));
#5838 = CARTESIAN_POINT('', (48.0492591052114, -1.19462916510169, 35.23));
#5839 = CARTESIAN_POINT('', (48.1224716370697, -1.21470222261146, 35.23));
#5840 = CARTESIAN_POINT('', (48.1961374924337, -1.23160598721689, 35.23));
#5841 = CARTESIAN_POINT('', (48.2698033477978, -1.24850975182232, 35.23));
#5842 = CARTESIAN_POINT('', (48.3444429625317, -1.26236364554458, 35.23));
#5843 = CARTESIAN_POINT('', (48.4192681478952, -1.27302137230379, 35.23));
#5844 = CARTESIAN_POINT('', (48.4940933332587, -1.28367909906299, 35.23));
#5845 = CARTESIAN_POINT('', (48.5696327155712, -1.29121595375943, 35.23));
#5846 = CARTESIAN_POINT('', (48.6450886046146, -1.29555234777211, 35.23));
#5847 = CARTESIAN_POINT('', (48.6966425886531, -1.29851511702113, 35.23));
#5848 = CARTESIAN_POINT('', (48.7483609520627, -1.3, 35.23));
#5849 = CARTESIAN_POINT('', (48.8, -1.3, 35.23));
#5850 = ORIENTED_EDGE('', *, *, #5775, .T.);
#5851 = ORIENTED_EDGE('', *, *, #4851, .F.);
#5852 = ORIENTED_EDGE('', *, *, #5853, .F.);
#5853 = EDGE_CURVE('', #5789, #4843, #5854, .T.);
#5854 = B_SPLINE_CURVE_WITH_KNOTS('', 1, (#5855, #5856), .UNSPECIFIED., .F., .U., (2, 2), (0., 1.), .UNSPECIFIED.);
#5855 = CARTESIAN_POINT('', (46.1, 1.4, 35.23));
#5856 = CARTESIAN_POINT('', (47.77, 1.40000000000001, 36.9));
#5857 = B_SPLINE_SURFACE_WITH_KNOTS('', 3, 1, ((#5858, #5859), (#5860, #5861), (#5862, #5863), (#5864, #5865), (#5866, #5867), (#5868, #5869), (#5870, #5871), (#5872, #5873), (#5874, #5875), (#5876, #5877), (#5878, #5879), (#5880, #5881), (#5882, #5883), (#5884, #5885), (#5886, #5887), (#5888, #5889), (#5890, #5891), (#5892, #5893), (#5894, #5895), (#5896, #5897), (#5898, #5899), (#5900, #5901), (#5902, #5903), (#5904, #5905), (#5906, #5907), (#5908, #5909), (#5910, #5911), (#5912, #5913), (#5914, #5915), (#5916, #5917), (#5918, #5919), (#5920, #5921), (#5922, #5923), (#5924, #5925), (#5926, #5927), (#5928, #5929), (#5930, #5931), (#5932, #5933), (#5934, #5935), (#5936, #5937), (#5938, #5939), (#5940, #5941), (#5942, #5943), (#5944, #5945), (#5946, #5947), (#5948, #5949), (#5950, #5951), (#5952, #5953), (#5954, #5955), (#5956, #5957), (#5958, #5959), (#5960, #5961), (#5962, #5963), (#5964, #5965), (#5966, #5967), (#5968, #5969), (#5970, #5971), (#5972, #5973)), .UNSPECIFIED., .F., .F., .U., (4, 3, 3, 3, 3, 3, 3, 3, 3, 3, 3, 3, 3, 3, 3, 3, 3, 3, 3, 4), (2, 2), (0., 0.08649755859375, 0.1729951171875, 0.25949267578125, 0.345990234375, 0.43248779296875, 0.5189853515625, 0.60548291015625, 0.69198046875, 0.77847802734375, 0.8649755859375, 0.95147314453125, 1.037970703125, 1.12446826171875, 1.2109658203125, 1.29746337890625, 1.3839609375, 1.47045849609375, 1.5569560546875, 1.61605407621576), (0., 1.), .UNSPECIFIED.);
#5858 = CARTESIAN_POINT('', (46.1, 1.4, 35.23));
#5859 = CARTESIAN_POINT('', (47.77, 1.40000000000001, 36.9));
#5860 = CARTESIAN_POINT('', (46.1, 1.32441960899575, 35.23));
#5861 = CARTESIAN_POINT('', (47.77, 1.37116748046876, 36.9));
#5862 = CARTESIAN_POINT('', (46.1031903982412, 1.24857223713648, 35.23));
#5863 = CARTESIAN_POINT('', (47.7712170778475, 1.34223311268541, 36.9));
#5864 = CARTESIAN_POINT('', (46.1095375043571, 1.17325882698724, 35.23));
#5865 = CARTESIAN_POINT('', (47.7736383812918, 1.31350244140626, 36.9));
#5866 = CARTESIAN_POINT('', (46.1158846104731, 1.09794541683799, 35.23));
#5867 = CARTESIAN_POINT('', (47.776059684736, 1.2847717701271, 36.9));
#5868 = CARTESIAN_POINT('', (46.1254332656136, 1.02263389285992, 35.23));
#5869 = CARTESIAN_POINT('', (47.7797023198452, 1.2560418183873, 36.9));
#5870 = CARTESIAN_POINT('', (46.1380826366957, 0.948119539104534, 35.23));
#5871 = CARTESIAN_POINT('', (47.7845278206654, 1.22761597232507, 36.9));
#5872 = CARTESIAN_POINT('', (46.1507320077778, 0.873605185349151, 35.23));
#5873 = CARTESIAN_POINT('', (47.7893533214856, 1.19919012626283, 36.9));
#5874 = CARTESIAN_POINT('', (46.1665714603065, 0.799361571465665, 35.23));
#5875 = CARTESIAN_POINT('', (47.7953957793021, 1.17086756244801, 36.9));
#5876 = CARTESIAN_POINT('', (46.1854337308497, 0.726172704454963, 35.23));
#5877 = CARTESIAN_POINT('', (47.802591386213, 1.14294736503282, 36.9));
#5878 = CARTESIAN_POINT('', (46.2042960013929, 0.652983837444261, 35.23));
#5879 = CARTESIAN_POINT('', (47.809786993124, 1.11502716761762, 36.9));
#5880 = CARTESIAN_POINT('', (46.2263143484598, 0.580332651278205, 35.23));
#5881 = CARTESIAN_POINT('', (47.8181865847828, 1.08731208548762, 36.9));
#5882 = CARTESIAN_POINT('', (46.2512562599549, 0.508986337040338, 35.23));
#5883 = CARTESIAN_POINT('', (47.8277014621309, 1.06009478783391, 36.9));
#5884 = CARTESIAN_POINT('', (46.2761981714499, 0.437640022802472, 35.23));
#5885 = CARTESIAN_POINT('', (47.837216339479, 1.03287749018021, 36.9));
#5886 = CARTESIAN_POINT('', (46.3042398574394, 0.367094531764714, 35.23));
#5887 = CARTESIAN_POINT('', (47.8479137233936, 1.00596569174728, 36.9));
#5888 = CARTESIAN_POINT('', (46.33508519982, 0.298094819027765, 35.23));
#5889 = CARTESIAN_POINT('', (47.8596806503017, 0.97964357911059, 36.9));
#5890 = CARTESIAN_POINT('', (46.3659305422005, 0.229095106290816, 35.23));
#5891 = CARTESIAN_POINT('', (47.8714475772098, 0.953321466473902, 36.9));
#5892 = CARTESIAN_POINT('', (46.3997974577035, 0.161153701439237, 35.23));
#5893 = CARTESIAN_POINT('', (47.8843671783091, 0.927403078697191, 36.9));
#5894 = CARTESIAN_POINT('', (46.4363283142382, 0.0949880606186644, 35.23));
#5895 = CARTESIAN_POINT('', (47.8983030235797, 0.902162112013787, 36.9));
#5896 = CARTESIAN_POINT('', (46.4728591707729, 0.0288224197980913, 35.23));
#5897 = CARTESIAN_POINT('', (47.9122388688504, 0.876921145330383, 36.9));
#5898 = CARTESIAN_POINT('', (46.5123120521936, -0.0360349052045075, 35.23));
#5899 = CARTESIAN_POINT('', (47.9272894125035, 0.852179276903464, 36.9));
#5900 = CARTESIAN_POINT('', (46.5542703390281, -0.0988990258956532, 35.23));
#5901 = CARTESIAN_POINT('', (47.9432957219255, 0.828197779010175, 36.9));
#5902 = CARTESIAN_POINT('', (46.5962286258626, -0.161763146586799, 35.23));
#5903 = CARTESIAN_POINT('', (47.9593020313476, 0.804216281116886, 36.9));
#5904 = CARTESIAN_POINT('', (46.6409887457726, -0.223078186540556, 35.23));
#5905 = CARTESIAN_POINT('', (47.9763771882021, 0.780825728838233, 36.9));
#5906 = CARTESIAN_POINT('', (46.688078035245, -0.282196663528201, 35.23));
#5907 = CARTESIAN_POINT('', (47.994340880112, 0.758273124654057, 36.9));
#5908 = CARTESIAN_POINT('', (46.7351673247174, -0.341315140515846, 35.23));
#5909 = CARTESIAN_POINT('', (48.0123045720218, 0.735720520469881, 36.9));
#5910 = CARTESIAN_POINT('', (46.7849184610141, -0.398654715820254, 35.23));
#5911 = CARTESIAN_POINT('', (48.0312837092017, 0.713846534335234, 36.9));
#5912 = CARTESIAN_POINT('', (46.8368060758625, -0.453609887821539, 35.23));
#5913 = CARTESIAN_POINT('', (48.0510778733846, 0.692882153905114, 36.9));
#5914 = CARTESIAN_POINT('', (46.888693690711, -0.508565059822825, 35.23));
#5915 = CARTESIAN_POINT('', (48.0708720375675, 0.671917773474993, 36.9));
#5916 = CARTESIAN_POINT('', (46.9430843606689, -0.561524076811705, 35.23));
#5917 = CARTESIAN_POINT('', (48.0916210709218, 0.651714889216272, 36.9));
#5918 = CARTESIAN_POINT('', (46.9994037243359, -0.611927695535958, 35.23));
#5919 = CARTESIAN_POINT('', (48.1131058652096, 0.632486842073316, 36.9));
#5920 = CARTESIAN_POINT('', (47.0557230880029, -0.662331314260212, 35.23));
#5921 = CARTESIAN_POINT('', (48.1345906594974, 0.61325879493036, 36.9));
#5922 = CARTESIAN_POINT('', (47.1143690314356, -0.710535627114819, 35.23));
#5923 = CARTESIAN_POINT('', (48.156963000881, 0.59486974224879, 36.9));
#5924 = CARTESIAN_POINT('', (47.1747222578645, -0.756031600167078, 35.23));
#5925 = CARTESIAN_POINT('', (48.1799866391113, 0.577513871047373, 36.9));
#5926 = CARTESIAN_POINT('', (47.2350754842935, -0.801527573219337, 35.23));
#5927 = CARTESIAN_POINT('', (48.2030102773416, 0.560157999845955, 36.9));
#5928 = CARTESIAN_POINT('', (47.2975623782817, -0.844636627240517, 35.23));
#5929 = CARTESIAN_POINT('', (48.2268478702334, 0.543712694052689, 36.9));
#5930 = CARTESIAN_POINT('', (47.3615230829096, -0.88490353384951, 35.23));
#5931 = CARTESIAN_POINT('', (48.2512476945914, 0.528351614864814, 36.9));
#5932 = CARTESIAN_POINT('', (47.4254837875375, -0.925170440458503, 35.23));
#5933 = CARTESIAN_POINT('', (48.2756475189495, 0.512990535676939, 36.9));
#5934 = CARTESIAN_POINT('', (47.4913701735451, -0.962879678023632, 35.23));
#5935 = CARTESIAN_POINT('', (48.3007819550931, 0.498605159865055, 36.9));
#5936 = CARTESIAN_POINT('', (47.5584864856319, -0.997633039821037, 35.23));
#5937 = CARTESIAN_POINT('', (48.3263855852596, 0.485347395920119, 36.9));
#5938 = CARTESIAN_POINT('', (47.6256027977187, -1.03238640161844, 35.23));
#5939 = CARTESIAN_POINT('', (48.351989215426, 0.472089631975183, 36.9));
#5940 = CARTESIAN_POINT('', (47.6944232004173, -1.06442941382559, 35.23));
#5941 = CARTESIAN_POINT('', (48.3782429246036, 0.459865816207271, 36.9));
#5942 = CARTESIAN_POINT('', (47.7642209554304, -1.09342370463395, 35.23));
#5943 = CARTESIAN_POINT('', (48.4048694755901, 0.448805031195192, 36.9));
#5944 = CARTESIAN_POINT('', (47.8340187104436, -1.12241799544231, 35.23));
#5945 = CARTESIAN_POINT('', (48.4314960265766, 0.437744246183114, 36.9));
#5946 = CARTESIAN_POINT('', (47.9052869262102, -1.14856840424071, 35.23));
#5947 = CARTESIAN_POINT('', (48.4586835311098, 0.427768349493351, 36.9));
#5948 = CARTESIAN_POINT('', (47.9772730157108, -1.1715987846712, 35.23));
#5949 = CARTESIAN_POINT('', (48.4861448911786, 0.418982685847645, 36.9));
#5950 = CARTESIAN_POINT('', (48.0492591052114, -1.19462916510169, 35.23));
#5951 = CARTESIAN_POINT('', (48.5136062512473, 0.41019702220194, 36.9));
#5952 = CARTESIAN_POINT('', (48.1224716370697, -1.21470222261146, 35.23));
#5953 = CARTESIAN_POINT('', (48.5415354763636, 0.402539522485242, 36.9));
#5954 = CARTESIAN_POINT('', (48.1961374924337, -1.23160598721689, 35.23));
#5955 = CARTESIAN_POINT('', (48.5696376360025, 0.396091049320948, 36.9));
#5956 = CARTESIAN_POINT('', (48.2698033477978, -1.24850975182232, 35.23));
#5957 = CARTESIAN_POINT('', (48.5977397956414, 0.389642576156653, 36.9));
#5958 = CARTESIAN_POINT('', (48.3444429625317, -1.26236364554458, 35.23));
#5959 = CARTESIAN_POINT('', (48.6262134264473, 0.384357572255171, 36.9));
#5960 = CARTESIAN_POINT('', (48.4192681478952, -1.27302137230379, 35.23));
#5961 = CARTESIAN_POINT('', (48.6547578490119, 0.380291846861844, 36.9));
#5962 = CARTESIAN_POINT('', (48.4940933332587, -1.28367909906299, 35.23));
#5963 = CARTESIAN_POINT('', (48.6833022715765, 0.376226121468518, 36.9));
#5964 = CARTESIAN_POINT('', (48.5696327155712, -1.29121595375943, 35.23));
#5965 = CARTESIAN_POINT('', (48.7121191470513, 0.373350950973174, 36.9));
#5966 = CARTESIAN_POINT('', (48.6450886046146, -1.29555234777211, 35.23));
#5967 = CARTESIAN_POINT('', (48.74090417139, 0.371696696960928, 36.9));
#5968 = CARTESIAN_POINT('', (48.6966425886531, -1.29851511702113, 35.23));
#5969 = CARTESIAN_POINT('', (48.7605710615973, 0.370566455358525, 36.9));
#5970 = CARTESIAN_POINT('', (48.7483609520627, -1.3, 35.23));
#5971 = CARTESIAN_POINT('', (48.7803006594906, 0.369999999999997, 36.9));
#5972 = CARTESIAN_POINT('', (48.8, -1.3, 35.23));
#5973 = CARTESIAN_POINT('', (48.8, 0.369999999999997, 36.9));
#5974 = ADVANCED_FACE('', (#5975), #5993, .T.);
#5975 = FACE_OUTER_BOUND('', #5976, .T.);
#5976 = EDGE_LOOP('', (#5977, #5986, #5987, #5988));
#5977 = ORIENTED_EDGE('', *, *, #5978, .T.);
#5978 = EDGE_CURVE('', #5979, #5789, #5981, .T.);
#5979 = VERTEX_POINT('', #5980);
#5980 = CARTESIAN_POINT('', (46.1, 16.1, 35.23));
#5981 = B_SPLINE_CURVE_WITH_KNOTS('', 3, (#5982, #5983, #5984, #5985), .UNSPECIFIED., .F., .U., (4, 4), (0., 14.7), .UNSPECIFIED.);
#5982 = CARTESIAN_POINT('', (46.1, 16.1, 35.23));
#5983 = CARTESIAN_POINT('', (46.1, 11.2, 35.23));
#5984 = CARTESIAN_POINT('', (46.1, 6.3, 35.23));
#5985 = CARTESIAN_POINT('', (46.1, 1.4, 35.23));
#5986 = ORIENTED_EDGE('', *, *, #5853, .T.);
#5987 = ORIENTED_EDGE('', *, *, #4842, .F.);
#5988 = ORIENTED_EDGE('', *, *, #5989, .F.);
#5989 = EDGE_CURVE('', #5979, #4771, #5990, .T.);
#5990 = B_SPLINE_CURVE_WITH_KNOTS('', 1, (#5991, #5992), .UNSPECIFIED., .F., .U., (2, 2), (0., 1.), .UNSPECIFIED.);
#5991 = CARTESIAN_POINT('', (46.1, 16.1, 35.23));
#5992 = CARTESIAN_POINT('', (47.77, 16.1, 36.9));
#5993 = B_SPLINE_SURFACE_WITH_KNOTS('', 1, 1, ((#5994, #5995), (#5996, #5997)), .UNSPECIFIED., .F., .F., .U., (2, 2), (2, 2), (0., 14.7), (0., 1.), .UNSPECIFIED.);
#5994 = CARTESIAN_POINT('', (46.1, 16.1, 35.23));
#5995 = CARTESIAN_POINT('', (47.77, 16.1, 36.9));
#5996 = CARTESIAN_POINT('', (46.1, 1.4, 35.23));
#5997 = CARTESIAN_POINT('', (47.77, 1.4, 36.9));
#5998 = ADVANCED_FACE('', (#5999), #6080, .T.);
#5999 = FACE_OUTER_BOUND('', #6000, .T.);
#6000 = EDGE_LOOP('', (#6001, #6002, #6009, #6079));
#6001 = ORIENTED_EDGE('', *, *, #4770, .F.);
#6002 = ORIENTED_EDGE('', *, *, #6003, .F.);
#6003 = EDGE_CURVE('', #6004, #4762, #6006, .T.);
#6004 = VERTEX_POINT('', #6005);
#6005 = CARTESIAN_POINT('', (42.1, 20.1, 35.23));
#6006 = B_SPLINE_CURVE_WITH_KNOTS('', 1, (#6007, #6008), .UNSPECIFIED., .F., .U., (2, 2), (0., 1.), .UNSPECIFIED.);
#6007 = CARTESIAN_POINT('', (42.1, 20.1, 35.23));
#6008 = CARTESIAN_POINT('', (42.1, 21.77, 36.9));
#6009 = ORIENTED_EDGE('', *, *, #6010, .T.);
#6010 = EDGE_CURVE('', #6004, #5979, #6011, .T.);
#6011 = B_SPLINE_CURVE_WITH_KNOTS('', 3, (#6012, #6013, #6014, #6015, #6016, #6017, #6018, #6019, #6020, #6021, #6022, #6023, #6024, #6025, #6026, #6027, #6028, #6029, #6030, #6031, #6032, #6033, #6034, #6035, #6036, #6037, #6038, #6039, #6040, #6041, #6042, #6043, #6044, #6045, #6046, #6047, #6048, #6049, #6050, #6051, #6052, #6053, #6054, #6055, #6056, #6057, #6058, #6059, #6060, #6061, #6062, #6063, #6064, #6065, #6066, #6067, #6068, #6069, #6070, #6071, #6072, #6073, #6074, #6075, #6076, #6077, #6078), .UNSPECIFIED., .F., .U., (4, 3, 3, 3, 3, 3, 3, 3, 3, 3, 3, 3, 3, 3, 3, 3, 3, 3, 3, 3, 3, 3, 4), (0., 0.437893890380859, 0.875787780761719, 1.31368167114258, 1.75157556152344, 2.1894694519043, 2.62736334228516, 3.06525723266602, 3.50315112304688, 3.94104501342774, 4.37893890380859, 4.81683279418945, 5.25472668457031, 5.69262057495117, 6.13051446533203, 6.56840835571289, 7.00630224609375, 7.44419613647461, 7.88209002685547, 8.31998391723633, 8.53893086242676, 8.75787780761719, 8.89767409058972), .UNSPECIFIED.);
#6012 = CARTESIAN_POINT('', (42.1, 20.1, 35.23));
#6013 = CARTESIAN_POINT('', (42.2029732840402, 20.1, 35.23));
#6014 = CARTESIAN_POINT('', (42.3062541177457, 20.096005847861, 35.23));
#6015 = CARTESIAN_POINT('', (42.4089198521205, 20.0880532249414, 35.23));
#6016 = CARTESIAN_POINT('', (42.5115855864954, 20.0801006020219, 35.23));
#6017 = CARTESIAN_POINT('', (42.6142494837568, 20.0681420042234, 35.23));
#6018 = CARTESIAN_POINT('', (42.7159944062489, 20.0522842624829, 35.23));
#6019 = CARTESIAN_POINT('', (42.8177393287409, 20.0364265207425, 35.23));
#6020 = CARTESIAN_POINT('', (42.9191730383147, 20.0165749106234, 35.23));
#6021 = CARTESIAN_POINT('', (43.0193893870728, 19.9929067744987, 35.23));
#6022 = CARTESIAN_POINT('', (43.1196057358309, 19.9692386383741, 35.23));
#6023 = CARTESIAN_POINT('', (43.2192033548612, 19.9416125972947, 35.23));
#6024 = CARTESIAN_POINT('', (43.3172924987974, 19.9102754457351, 35.23));
#6025 = CARTESIAN_POINT('', (43.4153816427337, 19.8789382941754, 35.23));
#6026 = CARTESIAN_POINT('', (43.512548236045, 19.8437028431851, 35.23));
#6027 = CARTESIAN_POINT('', (43.6079242506903, 19.8048838651407, 35.23));
#6028 = CARTESIAN_POINT('', (43.7033002653355, 19.7660648870964, 35.23));
#6029 = CARTESIAN_POINT('', (43.7974554192112, 19.7234305011986, 35.23));
#6030 = CARTESIAN_POINT('', (43.889548586669, 19.677361577469, 35.23));
#6031 = CARTESIAN_POINT('', (43.9816417541267, 19.6312926537393, 35.23));
#6032 = CARTESIAN_POINT('', (44.0722230433447, 19.5815140046431, 35.23));
#6033 = CARTESIAN_POINT('', (44.160483255437, 19.5284703227626, 35.23));
#6034 = CARTESIAN_POINT('', (44.2487434675293, 19.4754266408821, 35.23));
#6035 = CARTESIAN_POINT('', (44.3352098149461, 19.4188010757493, 35.23));
#6036 = CARTESIAN_POINT('', (44.4191098592227, 19.3590994861857, 35.23));
#6037 = CARTESIAN_POINT('', (44.5030099034992, 19.2993978966222, 35.23));
#6038 = CARTESIAN_POINT('', (44.5848448121137, 19.2362636618974, 35.23));
#6039 = CARTESIAN_POINT('', (44.6638835210963, 19.1702607853814, 35.23));
#6040 = CARTESIAN_POINT('', (44.7429222300789, 19.1042579088655, 35.23));
#6041 = CARTESIAN_POINT('', (44.8196368682683, 19.034992129799, 35.23));
#6042 = CARTESIAN_POINT('', (44.8933421131184, 18.9630822270901, 35.23));
#6043 = CARTESIAN_POINT('', (44.9670473579686, 18.8911723243812, 35.23));
#6044 = CARTESIAN_POINT('', (45.0381834794699, 18.8161887523139, 35.23));
#6045 = CARTESIAN_POINT('', (45.1061149901971, 18.7388013691281, 35.23));
#6046 = CARTESIAN_POINT('', (45.1740465009243, 18.6614139859424, 35.23));
#6047 = CARTESIAN_POINT('', (45.2391791821164, 18.5811605268085, 35.23));
#6048 = CARTESIAN_POINT('', (45.3009311774817, 18.4987579279756, 35.23));
#6049 = CARTESIAN_POINT('', (45.362683172847, 18.4163553291426, 35.23));
#6050 = CARTESIAN_POINT('', (45.4214233509844, 18.3313113679542, 35.23));
#6051 = CARTESIAN_POINT('', (45.4766269623887, 18.2443857761303, 35.23));
#6052 = CARTESIAN_POINT('', (45.531830573793, 18.1574601843063, 35.23));
#6053 = CARTESIAN_POINT('', (45.5838273710281, 18.0681337216006, 35.23));
#6054 = CARTESIAN_POINT('', (45.6321528459075, 17.9772043770319, 35.23));
#6055 = CARTESIAN_POINT('', (45.6804783207869, 17.8862750324632, 35.23));
#6056 = CARTESIAN_POINT('', (45.7254211400995, 17.7931996498185, 35.23));
#6057 = CARTESIAN_POINT('', (45.766579811665, 17.6988097087179, 35.23));
#6058 = CARTESIAN_POINT('', (45.8077384832305, 17.6044197676172, 35.23));
#6059 = CARTESIAN_POINT('', (45.8453588637443, 17.5081514403636, 35.23));
#6060 = CARTESIAN_POINT('', (45.8791048753005, 17.4108647304281, 35.23));
#6061 = CARTESIAN_POINT('', (45.9128508868566, 17.3135780204926, 35.23));
#6062 = CARTESIAN_POINT('', (45.9429241074597, 17.2146917966554, 35.23));
#6063 = CARTESIAN_POINT('', (45.969055881002, 17.115089449105, 35.23));
#6064 = CARTESIAN_POINT('', (45.9951876545442, 17.0154871015545, 35.23));
#6065 = CARTESIAN_POINT('', (46.0175340762357, 16.9145736668701, 35.23));
#6066 = CARTESIAN_POINT('', (46.0358955165538, 16.8132506451255, 35.23));
#6067 = CARTESIAN_POINT('', (46.0542569568719, 16.7119276233808, 35.23));
#6068 = CARTESIAN_POINT('', (46.0687430958151, 16.6095897729015, 35.23));
#6069 = CARTESIAN_POINT('', (46.0792245229105, 16.5071513186372, 35.23));
#6070 = CARTESIAN_POINT('', (46.0844652364581, 16.455932091505, 35.23));
#6071 = CARTESIAN_POINT('', (46.0887286336488, 16.4044581439485, 35.23));
#6072 = CARTESIAN_POINT('', (46.0919861246751, 16.3530746538109, 35.23));
#6073 = CARTESIAN_POINT('', (46.0952436157014, 16.3016911636733, 35.23));
#6074 = CARTESIAN_POINT('', (46.0975146770025, 16.250090910639, 35.23));
#6075 = CARTESIAN_POINT('', (46.0987840791258, 16.1986199195396, 35.23));
#6076 = CARTESIAN_POINT('', (46.0995945846037, 16.1657560070957, 35.23));
#6077 = CARTESIAN_POINT('', (46.1, 16.1328739054609, 35.23));
#6078 = CARTESIAN_POINT('', (46.1, 16.1, 35.23));
#6079 = ORIENTED_EDGE('', *, *, #5989, .T.);
#6080 = B_SPLINE_SURFACE_WITH_KNOTS('', 1, 3, ((#6081, #6082, #6083, #6084, #6085, #6086, #6087, #6088, #6089, #6090, #6091, #6092, #6093, #6094, #6095, #6096, #6097, #6098, #6099, #6100, #6101, #6102, #6103, #6104, #6105, #6106, #6107, #6108, #6109, #6110, #6111, #6112, #6113, #6114, #6115, #6116, #6117, #6118, #6119, #6120, #6121, #6122, #6123, #6124, #6125, #6126, #6127, #6128, #6129, #6130, #6131, #6132, #6133, #6134, #6135, #6136, #6137, #6138, #6139, #6140, #6141, #6142, #6143, #6144, #6145, #6146, #6147), (#6148, #6149, #6150, #6151, #6152, #6153, #6154, #6155, #6156, #6157, #6158, #6159, #6160, #6161, #6162, #6163, #6164, #6165, #6166, #6167, #6168, #6169, #6170, #6171, #6172, #6173, #6174, #6175, #6176, #6177, #6178, #6179, #6180, #6181, #6182, #6183, #6184, #6185, #6186, #6187, #6188, #6189, #6190, #6191, #6192, #6193, #6194, #6195, #6196, #6197, #6198, #6199, #6200, #6201, #6202, #6203, #6204, #6205, #6206, #6207, #6208, #6209, #6210, #6211, #6212, #6213, #6214)), .UNSPECIFIED., .F., .F., .U., (2, 2), (4, 3, 3, 3, 3, 3, 3, 3, 3, 3, 3, 3, 3, 3, 3, 3, 3, 3, 3, 3, 3, 3, 4), (0., 1.), (0., 0.437893890380859, 0.875787780761719, 1.31368167114258, 1.75157556152344, 2.1894694519043, 2.62736334228516, 3.06525723266602, 3.50315112304688, 3.94104501342774, 4.37893890380859, 4.81683279418945, 5.25472668457031, 5.69262057495117, 6.13051446533203, 6.56840835571289, 7.00630224609375, 7.44419613647461, 7.88209002685547, 8.31998391723633, 8.53893086242676, 8.75787780761719, 8.89767409058972), .UNSPECIFIED.);
#6081 = CARTESIAN_POINT('', (42.1, 21.77, 36.9));
#6082 = CARTESIAN_POINT('', (42.245964630127, 21.77, 36.9));
#6083 = CARTESIAN_POINT('', (42.3923652119046, 21.764338289343, 36.9));
#6084 = CARTESIAN_POINT('', (42.5378938903809, 21.7530654463546, 36.9));
#6085 = CARTESIAN_POINT('', (42.6834225688572, 21.7417926033662, 36.9));
#6086 = CARTESIAN_POINT('', (42.8289486432253, 21.7248412909867, 36.9));
#6087 = CARTESIAN_POINT('', (42.9731720708578, 21.7023629420696, 36.9));
#6088 = CARTESIAN_POINT('', (43.1173954984902, 21.6798845931525, 36.9));
#6089 = CARTESIAN_POINT('', (43.2611777818111, 21.6517449358086, 36.9));
#6090 = CARTESIAN_POINT('', (43.4032344561757, 21.6181953528519, 36.9));
#6091 = CARTESIAN_POINT('', (43.5452911305403, 21.5846457698953, 36.9));
#6092 = CARTESIAN_POINT('', (43.6864707555157, 21.5454858566653, 36.9));
#6093 = CARTESIAN_POINT('', (43.8255121170454, 21.5010654443294, 36.9));
#6094 = CARTESIAN_POINT('', (43.964553478575, 21.4566450319936, 36.9));
#6095 = CARTESIAN_POINT('', (44.1022871245938, 21.4066987802149, 36.9));
#6096 = CARTESIAN_POINT('', (44.2374826253535, 21.351672878837, 36.9));
#6097 = CARTESIAN_POINT('', (44.3726781261131, 21.2966469774591, 36.9));
#6098 = CARTESIAN_POINT('', (44.5061430567318, 21.2362127354491, 36.9));
#6099 = CARTESIAN_POINT('', (44.6366851216032, 21.1709100360622, 36.9));
#6100 = CARTESIAN_POINT('', (44.7672271864746, 21.1056073366754, 36.9));
#6101 = CARTESIAN_POINT('', (44.8956261639411, 21.0350461015816, 36.9));
#6102 = CARTESIAN_POINT('', (45.0207350145819, 20.959856682516, 36.9));
#6103 = CARTESIAN_POINT('', (45.1458438652227, 20.8846672634503, 36.9));
#6104 = CARTESIAN_POINT('', (45.2684099126861, 20.8044005248746, 36.9));
#6105 = CARTESIAN_POINT('', (45.3873382254482, 20.7197735216683, 36.9));
#6106 = CARTESIAN_POINT('', (45.5062665382102, 20.635146518462, 36.9));
#6107 = CARTESIAN_POINT('', (45.6222675211711, 20.5456537407395, 36.9));
#6108 = CARTESIAN_POINT('', (45.734304891154, 20.4520946632782, 36.9));
#6109 = CARTESIAN_POINT('', (45.8463422611368, 20.3585355858168, 36.9));
#6110 = CARTESIAN_POINT('', (45.9550852607703, 20.26035134399, 36.9));
#6111 = CARTESIAN_POINT('', (46.0595624453454, 20.1584190569002, 36.9));
#6112 = CARTESIAN_POINT('', (46.1640396299205, 20.0564867698103, 36.9));
#6113 = CARTESIAN_POINT('', (46.2648750821485, 19.9501975564049, 36.9));
#6114 = CARTESIAN_POINT('', (46.3611679986044, 19.8405009407391, 36.9));
#6115 = CARTESIAN_POINT('', (46.4574609150602, 19.7308043250733, 36.9));
#6116 = CARTESIAN_POINT('', (46.54978649065, 19.6170450467511, 36.9));
#6117 = CARTESIAN_POINT('', (46.6373199440803, 19.5002393629054, 36.9));
#6118 = CARTESIAN_POINT('', (46.7248533975106, 19.3834336790596, 36.9));
#6119 = CARTESIAN_POINT('', (46.8081176000204, 19.2628838640751, 36.9));
#6120 = CARTESIAN_POINT('', (46.8863687191859, 19.1396668376647, 36.9));
#6121 = CARTESIAN_POINT('', (46.9646198383515, 19.0164498112542, 36.9));
#6122 = CARTESIAN_POINT('', (47.0383252984323, 18.8898295503689, 36.9));
#6123 = CARTESIAN_POINT('', (47.1068266590738, 18.7609372044427, 36.9));
#6124 = CARTESIAN_POINT('', (47.1753280197154, 18.6320448585165, 36.9));
#6125 = CARTESIAN_POINT('', (47.2390344660911, 18.5001105036177, 36.9));
#6126 = CARTESIAN_POINT('', (47.2973768830352, 18.3663127621076, 36.9));
#6127 = CARTESIAN_POINT('', (47.3557192999793, 18.2325150205974, 36.9));
#6128 = CARTESIAN_POINT('', (47.4090461893576, 18.0960546667153, 36.9));
#6129 = CARTESIAN_POINT('', (47.4568811607384, 17.9581507553818, 36.9));
#6130 = CARTESIAN_POINT('', (47.5047161321193, 17.8202468440482, 36.9));
#6131 = CARTESIAN_POINT('', (47.5473449223242, 17.680075621759, 36.9));
#6132 = CARTESIAN_POINT('', (47.5843867113203, 17.5388892941063, 36.9));
#6133 = CARTESIAN_POINT('', (47.6214285003164, 17.3977029664535, 36.9));
#6134 = CARTESIAN_POINT('', (47.6531045530642, 17.2546581727884, 36.9));
#6135 = CARTESIAN_POINT('', (47.679131894715, 17.1110327894653, 36.9));
#6136 = CARTESIAN_POINT('', (47.7051592363659, 16.9674074061423, 36.9));
#6137 = CARTESIAN_POINT('', (47.7256933383181, 16.8223435030878, 36.9));
#6138 = CARTESIAN_POINT('', (47.7405507612257, 16.6771369941681, 36.9));
#6139 = CARTESIAN_POINT('', (47.7479794726796, 16.6045337397083, 36.9));
#6140 = CARTESIAN_POINT('', (47.7540228381972, 16.531569419047, 36.9));
#6141 = CARTESIAN_POINT('', (47.758640331727, 16.458733321777, 36.9));
#6142 = CARTESIAN_POINT('', (47.7632578252567, 16.385897224507, 36.9));
#6143 = CARTESIAN_POINT('', (47.7664770546513, 16.3127538658307, 36.9));
#6144 = CARTESIAN_POINT('', (47.7682764321611, 16.2397937359473, 36.9));
#6145 = CARTESIAN_POINT('', (47.769425323676, 16.193209140058, 36.9));
#6146 = CARTESIAN_POINT('', (47.77, 16.1465987609908, 36.9));
#6147 = CARTESIAN_POINT('', (47.77, 16.1, 36.9));
#6148 = CARTESIAN_POINT('', (42.1, 20.1, 35.23));
#6149 = CARTESIAN_POINT('', (42.2029732840402, 20.1, 35.23));
#6150 = CARTESIAN_POINT('', (42.3062541177457, 20.096005847861, 35.23));
#6151 = CARTESIAN_POINT('', (42.4089198521205, 20.0880532249414, 35.23));
#6152 = CARTESIAN_POINT('', (42.5115855864954, 20.0801006020219, 35.23));
#6153 = CARTESIAN_POINT('', (42.6142494837568, 20.0681420042234, 35.23));
#6154 = CARTESIAN_POINT('', (42.7159944062489, 20.0522842624829, 35.23));
#6155 = CARTESIAN_POINT('', (42.8177393287409, 20.0364265207425, 35.23));
#6156 = CARTESIAN_POINT('', (42.9191730383147, 20.0165749106234, 35.23));
#6157 = CARTESIAN_POINT('', (43.0193893870728, 19.9929067744987, 35.23));
#6158 = CARTESIAN_POINT('', (43.1196057358309, 19.9692386383741, 35.23));
#6159 = CARTESIAN_POINT('', (43.2192033548612, 19.9416125972947, 35.23));
#6160 = CARTESIAN_POINT('', (43.3172924987974, 19.9102754457351, 35.23));
#6161 = CARTESIAN_POINT('', (43.4153816427337, 19.8789382941754, 35.23));
#6162 = CARTESIAN_POINT('', (43.512548236045, 19.8437028431851, 35.23));
#6163 = CARTESIAN_POINT('', (43.6079242506903, 19.8048838651407, 35.23));
#6164 = CARTESIAN_POINT('', (43.7033002653355, 19.7660648870964, 35.23));
#6165 = CARTESIAN_POINT('', (43.7974554192112, 19.7234305011986, 35.23));
#6166 = CARTESIAN_POINT('', (43.889548586669, 19.677361577469, 35.23));
#6167 = CARTESIAN_POINT('', (43.9816417541267, 19.6312926537393, 35.23));
#6168 = CARTESIAN_POINT('', (44.0722230433447, 19.5815140046431, 35.23));
#6169 = CARTESIAN_POINT('', (44.160483255437, 19.5284703227626, 35.23));
#6170 = CARTESIAN_POINT('', (44.2487434675293, 19.4754266408821, 35.23));
#6171 = CARTESIAN_POINT('', (44.3352098149461, 19.4188010757493, 35.23));
#6172 = CARTESIAN_POINT('', (44.4191098592227, 19.3590994861857, 35.23));
#6173 = CARTESIAN_POINT('', (44.5030099034992, 19.2993978966222, 35.23));
#6174 = CARTESIAN_POINT('', (44.5848448121137, 19.2362636618974, 35.23));
#6175 = CARTESIAN_POINT('', (44.6638835210963, 19.1702607853814, 35.23));
#6176 = CARTESIAN_POINT('', (44.7429222300789, 19.1042579088655, 35.23));
#6177 = CARTESIAN_POINT('', (44.8196368682683, 19.034992129799, 35.23));
#6178 = CARTESIAN_POINT('', (44.8933421131184, 18.9630822270901, 35.23));
#6179 = CARTESIAN_POINT('', (44.9670473579686, 18.8911723243812, 35.23));
#6180 = CARTESIAN_POINT('', (45.0381834794699, 18.8161887523139, 35.23));
#6181 = CARTESIAN_POINT('', (45.1061149901971, 18.7388013691281, 35.23));
#6182 = CARTESIAN_POINT('', (45.1740465009243, 18.6614139859424, 35.23));
#6183 = CARTESIAN_POINT('', (45.2391791821164, 18.5811605268085, 35.23));
#6184 = CARTESIAN_POINT('', (45.3009311774817, 18.4987579279756, 35.23));
#6185 = CARTESIAN_POINT('', (45.362683172847, 18.4163553291426, 35.23));
#6186 = CARTESIAN_POINT('', (45.4214233509844, 18.3313113679542, 35.23));
#6187 = CARTESIAN_POINT('', (45.4766269623887, 18.2443857761303, 35.23));
#6188 = CARTESIAN_POINT('', (45.531830573793, 18.1574601843063, 35.23));
#6189 = CARTESIAN_POINT('', (45.5838273710281, 18.0681337216006, 35.23));
#6190 = CARTESIAN_POINT('', (45.6321528459075, 17.9772043770319, 35.23));
#6191 = CARTESIAN_POINT('', (45.6804783207869, 17.8862750324632, 35.23));
#6192 = CARTESIAN_POINT('', (45.7254211400995, 17.7931996498185, 35.23));
#6193 = CARTESIAN_POINT('', (45.766579811665, 17.6988097087179, 35.23));
#6194 = CARTESIAN_POINT('', (45.8077384832305, 17.6044197676172, 35.23));
#6195 = CARTESIAN_POINT('', (45.8453588637443, 17.5081514403636, 35.23));
#6196 = CARTESIAN_POINT('', (45.8791048753005, 17.4108647304281, 35.23));
#6197 = CARTESIAN_POINT('', (45.9128508868566, 17.3135780204926, 35.23));
#6198 = CARTESIAN_POINT('', (45.9429241074597, 17.2146917966554, 35.23));
#6199 = CARTESIAN_POINT('', (45.969055881002, 17.115089449105, 35.23));
#6200 = CARTESIAN_POINT('', (45.9951876545442, 17.0154871015545, 35.23));
#6201 = CARTESIAN_POINT('', (46.0175340762357, 16.9145736668701, 35.23));
#6202 = CARTESIAN_POINT('', (46.0358955165538, 16.8132506451255, 35.23));
#6203 = CARTESIAN_POINT('', (46.0542569568719, 16.7119276233808, 35.23));
#6204 = CARTESIAN_POINT('', (46.0687430958151, 16.6095897729015, 35.23));
#6205 = CARTESIAN_POINT('', (46.0792245229105, 16.5071513186372, 35.23));
#6206 = CARTESIAN_POINT('', (46.0844652364581, 16.455932091505, 35.23));
#6207 = CARTESIAN_POINT('', (46.0887286336488, 16.4044581439485, 35.23));
#6208 = CARTESIAN_POINT('', (46.0919861246751, 16.3530746538109, 35.23));
#6209 = CARTESIAN_POINT('', (46.0952436157014, 16.3016911636733, 35.23));
#6210 = CARTESIAN_POINT('', (46.0975146770025, 16.250090910639, 35.23));
#6211 = CARTESIAN_POINT('', (46.0987840791258, 16.1986199195396, 35.23));
#6212 = CARTESIAN_POINT('', (46.0995945846037, 16.1657560070957, 35.23));
#6213 = CARTESIAN_POINT('', (46.1, 16.1328739054609, 35.23));
#6214 = CARTESIAN_POINT('', (46.1, 16.1, 35.23));
#6215 = ADVANCED_FACE('', (#6216), #6230, .T.);
#6216 = FACE_OUTER_BOUND('', #6217, .T.);
#6217 = EDGE_LOOP('', (#6218, #6219, #6224, #6225));
#6218 = ORIENTED_EDGE('', *, *, #6010, .F.);
#6219 = ORIENTED_EDGE('', *, *, #6220, .F.);
#6220 = EDGE_CURVE('', #3054, #6004, #6221, .T.);
#6221 = B_SPLINE_CURVE_WITH_KNOTS('', 1, (#6222, #6223), .UNSPECIFIED., .F., .U., (2, 2), (0.764397905759162, 0.956282722513089), .UNSPECIFIED.);
#6222 = CARTESIAN_POINT('', (42.1, 20.1, 27.9));
#6223 = CARTESIAN_POINT('', (42.1, 20.1, 35.23));
#6224 = ORIENTED_EDGE('', *, *, #3053, .F.);
#6225 = ORIENTED_EDGE('', *, *, #6226, .T.);
#6226 = EDGE_CURVE('', #3047, #5979, #6227, .T.);
#6227 = B_SPLINE_CURVE_WITH_KNOTS('', 1, (#6228, #6229), .UNSPECIFIED., .F., .U., (2, 2), (0.764397905759162, 0.956282722513089), .UNSPECIFIED.);
#6228 = CARTESIAN_POINT('', (46.1, 16.1, 27.9));
#6229 = CARTESIAN_POINT('', (46.1, 16.1, 35.23));
#6230 = (
   BOUNDED_SURFACE ()
   B_SPLINE_SURFACE (1, 2, ((#6231, #6232, #6233), (#6234, #6235, #6236)), .UNSPECIFIED., .F., .F., .U.)
   B_SPLINE_SURFACE_WITH_KNOTS ((2, 2), (3, 3), (29.3, 36.63), (0., 6.28318530717959), .UNSPECIFIED.)
   GEOMETRIC_REPRESENTATION_ITEM ()
   RATIONAL_B_SPLINE_SURFACE (((1., 0.707106781186548, 1.), (1., 0.707106781186548, 1.)))
   REPRESENTATION_ITEM ('')
   SURFACE ()
);
#6231 = CARTESIAN_POINT('', (46.1, 16.1, 27.9));
#6232 = CARTESIAN_POINT('', (46.1, 20.1, 27.9));
#6233 = CARTESIAN_POINT('', (42.1, 20.1, 27.9));
#6234 = CARTESIAN_POINT('', (46.1, 16.1, 35.23));
#6235 = CARTESIAN_POINT('', (46.1, 20.1, 35.23));
#6236 = CARTESIAN_POINT('', (42.1, 20.1, 35.23));
#6237 = ADVANCED_FACE('', (#6238), #6256, .T.);
#6238 = FACE_OUTER_BOUND('', #6239, .T.);
#6239 = EDGE_LOOP('', (#6240, #6247, #6248, #6249));
#6240 = ORIENTED_EDGE('', *, *, #6241, .F.);
#6241 = EDGE_CURVE('', #3005, #6242, #6244, .T.);
#6242 = VERTEX_POINT('', #6243);
#6243 = CARTESIAN_POINT('', (32.235415873318, 20.1, 35.23));
#6244 = B_SPLINE_CURVE_WITH_KNOTS('', 1, (#6245, #6246), .UNSPECIFIED., .F., .U., (2, 2), (0., 1.), .UNSPECIFIED.);
#6245 = CARTESIAN_POINT('', (32.235415873318, 20.1, 27.9));
#6246 = CARTESIAN_POINT('', (32.235415873318, 20.1, 35.23));
#6247 = ORIENTED_EDGE('', *, *, #3061, .T.);
#6248 = ORIENTED_EDGE('', *, *, #6220, .T.);
#6249 = ORIENTED_EDGE('', *, *, #6250, .F.);
#6250 = EDGE_CURVE('', #6242, #6004, #6251, .T.);
#6251 = B_SPLINE_CURVE_WITH_KNOTS('', 3, (#6252, #6253, #6254, #6255), .UNSPECIFIED., .F., .U., (4, 4), (30.835415873318, 40.7), .UNSPECIFIED.);
#6252 = CARTESIAN_POINT('', (32.235415873318, 20.1, 35.23));
#6253 = CARTESIAN_POINT('', (35.523610582212, 20.1, 35.23));
#6254 = CARTESIAN_POINT('', (38.811805291106, 20.1, 35.23));
#6255 = CARTESIAN_POINT('', (42.1, 20.1, 35.23));
#6256 = B_SPLINE_SURFACE_WITH_KNOTS('', 1, 1, ((#6257, #6258), (#6259, #6260)), .UNSPECIFIED., .F., .F., .U., (2, 2), (2, 2), (0., 0.74), (0.764397905759162, 0.956282722513089), .UNSPECIFIED.);
#6257 = CARTESIAN_POINT('', (1.4, 20.1, 27.9));
#6258 = CARTESIAN_POINT('', (1.4, 20.1, 35.23));
#6259 = CARTESIAN_POINT('', (42.1, 20.1, 27.9));
#6260 = CARTESIAN_POINT('', (42.1, 20.1, 35.23));
#6261 = ADVANCED_FACE('', (#6262), #6293, .T.);
#6262 = FACE_OUTER_BOUND('', #6263, .T.);
#6263 = EDGE_LOOP('', (#6264, #6272, #6277, #6278, #6279, #6287, #6292));
#6264 = ORIENTED_EDGE('', *, *, #6265, .T.);
#6265 = EDGE_CURVE('', #4733, #6266, #6268, .T.);
#6266 = VERTEX_POINT('', #6267);
#6267 = CARTESIAN_POINT('', (26.764584126682, 20.1, 35.23));
#6268 = (
   BOUNDED_CURVE ()
   B_SPLINE_CURVE (2, (#6269, #6270, #6271), .UNSPECIFIED., .F., .U.)
   B_SPLINE_CURVE_WITH_KNOTS ((3, 3), (0., 1.), .UNSPECIFIED.)
   CURVE ()
   GEOMETRIC_REPRESENTATION_ITEM ()
   RATIONAL_B_SPLINE_CURVE ((1., 0.956110410161211, 1.))
   REPRESENTATION_ITEM ('')
);
#6269 = CARTESIAN_POINT('', (26.7860361093043, 21.77, 36.9));
#6270 = CARTESIAN_POINT('', (26.5194186109984, 20.9382870539888, 36.0682870539888));
#6271 = CARTESIAN_POINT('', (26.764584126682, 20.1, 35.23));
#6272 = ORIENTED_EDGE('', *, *, #6273, .F.);
#6273 = EDGE_CURVE('', #3003, #6266, #6274, .T.);
#6274 = B_SPLINE_CURVE_WITH_KNOTS('', 1, (#6275, #6276), .UNSPECIFIED., .F., .U., (2, 2), (0., 1.), .UNSPECIFIED.);
#6275 = CARTESIAN_POINT('', (26.764584126682, 20.1, 27.9));
#6276 = CARTESIAN_POINT('', (26.764584126682, 20.1, 35.23));
#6277 = ORIENTED_EDGE('', *, *, #3002, .T.);
#6278 = ORIENTED_EDGE('', *, *, #6241, .T.);
#6279 = ORIENTED_EDGE('', *, *, #6280, .T.);
#6280 = EDGE_CURVE('', #6242, #6281, #6283, .T.);
#6281 = VERTEX_POINT('', #6282);
#6282 = CARTESIAN_POINT('', (32.35, 20.9, 36.03));
#6283 = (
   BOUNDED_CURVE ()
   B_SPLINE_CURVE (2, (#6284, #6285, #6286), .UNSPECIFIED., .F., .U.)
   B_SPLINE_CURVE_WITH_KNOTS ((3, 3), (0., 1.), .UNSPECIFIED.)
   CURVE ()
   GEOMETRIC_REPRESENTATION_ITEM ()
   RATIONAL_B_SPLINE_CURVE ((1., 0.989897732917262, 1.))
   REPRESENTATION_ITEM ('')
);
#6284 = CARTESIAN_POINT('', (32.235415873318, 20.1, 35.23));
#6285 = CARTESIAN_POINT('', (32.35, 20.4917940486953, 35.6217940486953));
#6286 = CARTESIAN_POINT('', (32.35, 20.9, 36.03));
#6287 = ORIENTED_EDGE('', *, *, #6288, .T.);
#6288 = EDGE_CURVE('', #6281, #4742, #6289, .T.);
#6289 = B_SPLINE_CURVE_WITH_KNOTS('', 1, (#6290, #6291), .UNSPECIFIED., .F., .U., (2, 2), (12.03, 12.9), .UNSPECIFIED.);
#6290 = CARTESIAN_POINT('', (32.35, 20.9, 36.03));
#6291 = CARTESIAN_POINT('', (32.35, 20.9, 36.9));
#6292 = ORIENTED_EDGE('', *, *, #4741, .F.);
#6293 = (
   BOUNDED_SURFACE ()
   B_SPLINE_SURFACE (2, 1, ((#6294, #6295), (#6296, #6297), (#6298, #6299), (#6300, #6301), (#6302, #6303), (#6304, #6305), (#6306, #6307), (#6308, #6309), (#6310, #6311)), .UNSPECIFIED., .T., .F., .U.)
   B_SPLINE_SURFACE_WITH_KNOTS ((3, 2, 2, 2, 3), (2, 2), (0., 4.47676953136546, 8.95353906273092, 13.4303085940964, 17.9070781254618), (0., 12.9), .UNSPECIFIED.)
   GEOMETRIC_REPRESENTATION_ITEM ()
   RATIONAL_B_SPLINE_SURFACE (((1., 1.), (0.707106781186548, 0.707106781186548), (1., 1.), (0.707106781186548, 0.707106781186548), (1., 1.), (0.707106781186548, 0.707106781186548), (1., 1.), (0.707106781186548, 0.707106781186548), (1., 1.)))
   REPRESENTATION_ITEM ('')
   SURFACE ()
);
#6294 = CARTESIAN_POINT('', (32.35, 20.9, 24.));
#6295 = CARTESIAN_POINT('', (32.35, 20.9, 36.9));
#6296 = CARTESIAN_POINT('', (32.35, 23.75, 24.));
#6297 = CARTESIAN_POINT('', (32.35, 23.75, 36.9));
#6298 = CARTESIAN_POINT('', (29.5, 23.75, 24.));
#6299 = CARTESIAN_POINT('', (29.5, 23.75, 36.9));
#6300 = CARTESIAN_POINT('', (26.65, 23.75, 24.));
#6301 = CARTESIAN_POINT('', (26.65, 23.75, 36.9));
#6302 = CARTESIAN_POINT('', (26.65, 20.9, 24.));
#6303 = CARTESIAN_POINT('', (26.65, 20.9, 36.9));
#6304 = CARTESIAN_POINT('', (26.65, 18.05, 24.));
#6305 = CARTESIAN_POINT('', (26.65, 18.05, 36.9));
#6306 = CARTESIAN_POINT('', (29.5, 18.05, 24.));
#6307 = CARTESIAN_POINT('', (29.5, 18.05, 36.9));
#6308 = CARTESIAN_POINT('', (32.35, 18.05, 24.));
#6309 = CARTESIAN_POINT('', (32.35, 18.05, 36.9));
#6310 = CARTESIAN_POINT('', (32.35, 20.9, 24.));
#6311 = CARTESIAN_POINT('', (32.35, 20.9, 36.9));
#6312 = ADVANCED_FACE('', (#6313), #6331, .T.);
#6313 = FACE_OUTER_BOUND('', #6314, .T.);
#6314 = EDGE_LOOP('', (#6315, #6316, #6325, #6330));
#6315 = ORIENTED_EDGE('', *, *, #6273, .T.);
#6316 = ORIENTED_EDGE('', *, *, #6317, .F.);
#6317 = EDGE_CURVE('', #6318, #6266, #6320, .T.);
#6318 = VERTEX_POINT('', #6319);
#6319 = CARTESIAN_POINT('', (1.4, 20.1, 35.23));
#6320 = B_SPLINE_CURVE_WITH_KNOTS('', 3, (#6321, #6322, #6323, #6324), .UNSPECIFIED., .F., .U., (4, 4), (0., 25.364584126682), .UNSPECIFIED.);
#6321 = CARTESIAN_POINT('', (1.4, 20.1, 35.23));
#6322 = CARTESIAN_POINT('', (9.85486137556067, 20.1, 35.23));
#6323 = CARTESIAN_POINT('', (18.3097227511213, 20.1, 35.23));
#6324 = CARTESIAN_POINT('', (26.764584126682, 20.1, 35.23));
#6325 = ORIENTED_EDGE('', *, *, #6326, .F.);
#6326 = EDGE_CURVE('', #3017, #6318, #6327, .T.);
#6327 = B_SPLINE_CURVE_WITH_KNOTS('', 1, (#6328, #6329), .UNSPECIFIED., .F., .U., (2, 2), (0.764397905759162, 0.956282722513089), .UNSPECIFIED.);
#6328 = CARTESIAN_POINT('', (1.4, 20.1, 27.9));
#6329 = CARTESIAN_POINT('', (1.4, 20.1, 35.23));
#6330 = ORIENTED_EDGE('', *, *, #3016, .T.);
#6331 = B_SPLINE_SURFACE_WITH_KNOTS('', 1, 1, ((#6332, #6333), (#6334, #6335)), .UNSPECIFIED., .F., .F., .U., (2, 2), (2, 2), (0., 0.74), (0.764397905759162, 0.956282722513089), .UNSPECIFIED.);
#6332 = CARTESIAN_POINT('', (1.4, 20.1, 27.9));
#6333 = CARTESIAN_POINT('', (1.4, 20.1, 35.23));
#6334 = CARTESIAN_POINT('', (42.1, 20.1, 27.9));
#6335 = CARTESIAN_POINT('', (42.1, 20.1, 35.23));
#6336 = ADVANCED_FACE('', (#6337), #6403, .T.);
#6337 = FACE_OUTER_BOUND('', #6338, .T.);
#6338 = EDGE_LOOP('', (#6339, #6400, #6401, #6402));
#6339 = ORIENTED_EDGE('', *, *, #6340, .F.);
#6340 = EDGE_CURVE('', #2865, #6318, #6341, .T.);
#6341 = B_SPLINE_CURVE_WITH_KNOTS('', 3, (#6342, #6343, #6344, #6345, #6346, #6347, #6348, #6349, #6350, #6351, #6352, #6353, #6354, #6355, #6356, #6357, #6358, #6359, #6360, #6361, #6362, #6363, #6364, #6365, #6366, #6367, #6368, #6369, #6370, #6371, #6372, #6373, #6374, #6375, #6376, #6377, #6378, #6379, #6380, #6381, #6382, #6383, #6384, #6385, #6386, #6387, #6388, #6389, #6390, #6391, #6392, #6393, #6394, #6395, #6396, #6397, #6398, #6399), .UNSPECIFIED., .F., .U., (4, 3, 3, 3, 3, 3, 3, 3, 3, 3, 3, 3, 3, 3, 3, 3, 3, 3, 3, 4), (0., 0.08649755859375, 0.1729951171875, 0.25949267578125, 0.345990234375, 0.43248779296875, 0.5189853515625, 0.60548291015625, 0.69198046875, 0.77847802734375, 0.8649755859375, 0.95147314453125, 1.037970703125, 1.12446826171875, 1.2109658203125, 1.29746337890625, 1.3839609375, 1.47045849609375, 1.5569560546875, 1.61605407621577), .UNSPECIFIED.);
#6342 = CARTESIAN_POINT('', (-1.3, 22.8, 35.23));
#6343 = CARTESIAN_POINT('', (-1.3, 22.7244196089957, 35.23));
#6344 = CARTESIAN_POINT('', (-1.29680960175881, 22.6485722371365, 35.23));
#6345 = CARTESIAN_POINT('', (-1.29046249564286, 22.5732588269872, 35.23));
#6346 = CARTESIAN_POINT('', (-1.28411538952691, 22.497945416838, 35.23));
#6347 = CARTESIAN_POINT('', (-1.27456673438639, 22.4226338928599, 35.23));
#6348 = CARTESIAN_POINT('', (-1.2619173633043, 22.3481195391045, 35.23));
#6349 = CARTESIAN_POINT('', (-1.2492679922222, 22.2736051853492, 35.23));
#6350 = CARTESIAN_POINT('', (-1.23342853969348, 22.1993615714656, 35.23));
#6351 = CARTESIAN_POINT('', (-1.21456626915028, 22.1261727044549, 35.23));
#6352 = CARTESIAN_POINT('', (-1.19570399860708, 22.0529838374442, 35.23));
#6353 = CARTESIAN_POINT('', (-1.17368565154015, 21.9803326512782, 35.23));
#6354 = CARTESIAN_POINT('', (-1.14874374004511, 21.9089863370403, 35.23));
#6355 = CARTESIAN_POINT('', (-1.12380182855006, 21.8376400228024, 35.23));
#6356 = CARTESIAN_POINT('', (-1.09576014256056, 21.7670945317647, 35.23));
#6357 = CARTESIAN_POINT('', (-1.06491480018001, 21.6980948190277, 35.23));
#6358 = CARTESIAN_POINT('', (-1.03406945779945, 21.6290951062908, 35.23));
#6359 = CARTESIAN_POINT('', (-1.00020254229648, 21.5611537014392, 35.23));
#6360 = CARTESIAN_POINT('', (-0.963671685761797, 21.4949880606186, 35.23));
#6361 = CARTESIAN_POINT('', (-0.927140829227109, 21.428822419798, 35.23));
#6362 = CARTESIAN_POINT('', (-0.887687947806355, 21.3639650947954, 35.23));
#6363 = CARTESIAN_POINT('', (-0.845729660971879, 21.3011009741043, 35.23));
#6364 = CARTESIAN_POINT('', (-0.803771374137404, 21.2382368534131, 35.23));
#6365 = CARTESIAN_POINT('', (-0.759011254227351, 21.1769218134594, 35.23));
#6366 = CARTESIAN_POINT('', (-0.711921964754941, 21.1178033364717, 35.23));
#6367 = CARTESIAN_POINT('', (-0.664832675282531, 21.0586848594841, 35.23));
#6368 = CARTESIAN_POINT('', (-0.615081538985896, 21.0013452841797, 35.23));
#6369 = CARTESIAN_POINT('', (-0.563193924137416, 20.9463901121784, 35.23));
#6370 = CARTESIAN_POINT('', (-0.511306309288937, 20.8914349401771, 35.23));
#6371 = CARTESIAN_POINT('', (-0.456915639331057, 20.8384759231883, 35.23));
#6372 = CARTESIAN_POINT('', (-0.400596275664063, 20.788072304464, 35.23));
#6373 = CARTESIAN_POINT('', (-0.344276911997069, 20.7376686857398, 35.23));
#6374 = CARTESIAN_POINT('', (-0.285630968564398, 20.6894643728852, 35.23));
#6375 = CARTESIAN_POINT('', (-0.225277742135457, 20.6439683998329, 35.23));
#6376 = CARTESIAN_POINT('', (-0.164924515706515, 20.5984724267806, 35.23));
#6377 = CARTESIAN_POINT('', (-0.102437621718317, 20.5553633727595, 35.23));
#6378 = CARTESIAN_POINT('', (-0.0384769170904153, 20.5150964661505, 35.23));
#6379 = CARTESIAN_POINT('', (0.0254837875374863, 20.4748295595415, 35.23));
#6380 = CARTESIAN_POINT('', (0.0913701735451412, 20.4371203219764, 35.23));
#6381 = CARTESIAN_POINT('', (0.158486485631948, 20.402366960179, 35.23));
#6382 = CARTESIAN_POINT('', (0.225602797718754, 20.3676135983815, 35.23));
#6383 = CARTESIAN_POINT('', (0.294423200417265, 20.3355705861744, 35.23));
#6384 = CARTESIAN_POINT('', (0.364220955430411, 20.306576295366, 35.23));
#6385 = CARTESIAN_POINT('', (0.434018710443557, 20.2775820045577, 35.23));
#6386 = CARTESIAN_POINT('', (0.505286926210256, 20.2514315957593, 35.23));
#6387 = CARTESIAN_POINT('', (0.577273015710811, 20.2284012153288, 35.23));
#6388 = CARTESIAN_POINT('', (0.649259105211365, 20.2053708348983, 35.23));
#6389 = CARTESIAN_POINT('', (0.722471637069647, 20.1852977773885, 35.23));
#6390 = CARTESIAN_POINT('', (0.796137492433711, 20.1683940127831, 35.23));
#6391 = CARTESIAN_POINT('', (0.869803347797774, 20.1514902481777, 35.23));
#6392 = CARTESIAN_POINT('', (0.944442962531627, 20.1376363544554, 35.23));
#6393 = CARTESIAN_POINT('', (1.01926814789512, 20.1269786276962, 35.23));
#6394 = CARTESIAN_POINT('', (1.09409333325861, 20.116320900937, 35.23));
#6395 = CARTESIAN_POINT('', (1.16963271557118, 20.1087840462406, 35.23));
#6396 = CARTESIAN_POINT('', (1.24508860461453, 20.1044476522279, 35.23));
#6397 = CARTESIAN_POINT('', (1.29664258865311, 20.1014848829789, 35.23));
#6398 = CARTESIAN_POINT('', (1.34836095206267, 20.1, 35.23));
#6399 = CARTESIAN_POINT('', (1.4, 20.1, 35.23));
#6400 = ORIENTED_EDGE('', *, *, #2864, .F.);
#6401 = ORIENTED_EDGE('', *, *, #3023, .T.);
#6402 = ORIENTED_EDGE('', *, *, #6326, .T.);
#6403 = (
   BOUNDED_SURFACE ()
   B_SPLINE_SURFACE (2, 1, ((#6404, #6405), (#6406, #6407), (#6408, #6409)), .UNSPECIFIED., .F., .F., .U.)
   B_SPLINE_SURFACE_WITH_KNOTS ((3, 3), (2, 2), (8.48230016469244, 12.7234502470387), (29.2, 36.53), .UNSPECIFIED.)
   GEOMETRIC_REPRESENTATION_ITEM ()
   RATIONAL_B_SPLINE_SURFACE (((1., 1.), (0.707106781186546, 0.707106781186546), (1., 1.)))
   REPRESENTATION_ITEM ('')
   SURFACE ()
);
#6404 = CARTESIAN_POINT('', (-1.3, 22.8, 27.9));
#6405 = CARTESIAN_POINT('', (-1.3, 22.8, 35.23));
#6406 = CARTESIAN_POINT('', (-1.3, 20.1, 27.9));
#6407 = CARTESIAN_POINT('', (-1.3, 20.1, 35.23));
#6408 = CARTESIAN_POINT('', (1.40000000000001, 20.1, 27.9));
#6409 = CARTESIAN_POINT('', (1.40000000000001, 20.1, 35.23));
#6410 = ADVANCED_FACE('', (#6411), #6425, .T.);
#6411 = FACE_OUTER_BOUND('', #6412, .T.);
#6412 = EDGE_LOOP('', (#6413, #6414, #6419, #6420));
#6413 = ORIENTED_EDGE('', *, *, #6340, .T.);
#6414 = ORIENTED_EDGE('', *, *, #6415, .T.);
#6415 = EDGE_CURVE('', #6318, #4670, #6416, .T.);
#6416 = B_SPLINE_CURVE_WITH_KNOTS('', 1, (#6417, #6418), .UNSPECIFIED., .F., .U., (2, 2), (0., 1.), .UNSPECIFIED.);
#6417 = CARTESIAN_POINT('', (1.4, 20.1, 35.23));
#6418 = CARTESIAN_POINT('', (1.40000000000001, 21.77, 36.9));
#6419 = ORIENTED_EDGE('', *, *, #4669, .F.);
#6420 = ORIENTED_EDGE('', *, *, #6421, .F.);
#6421 = EDGE_CURVE('', #2865, #4661, #6422, .T.);
#6422 = B_SPLINE_CURVE_WITH_KNOTS('', 1, (#6423, #6424), .UNSPECIFIED., .F., .U., (2, 2), (0., 1.), .UNSPECIFIED.);
#6423 = CARTESIAN_POINT('', (-1.3, 22.8, 35.23));
#6424 = CARTESIAN_POINT('', (0.370000000000005, 22.8, 36.9));
#6425 = B_SPLINE_SURFACE_WITH_KNOTS('', 3, 1, ((#6426, #6427), (#6428, #6429), (#6430, #6431), (#6432, #6433), (#6434, #6435), (#6436, #6437), (#6438, #6439), (#6440, #6441), (#6442, #6443), (#6444, #6445), (#6446, #6447), (#6448, #6449), (#6450, #6451), (#6452, #6453), (#6454, #6455), (#6456, #6457), (#6458, #6459), (#6460, #6461), (#6462, #6463), (#6464, #6465), (#6466, #6467), (#6468, #6469), (#6470, #6471), (#6472, #6473), (#6474, #6475), (#6476, #6477), (#6478, #6479), (#6480, #6481), (#6482, #6483), (#6484, #6485), (#6486, #6487), (#6488, #6489), (#6490, #6491), (#6492, #6493), (#6494, #6495), (#6496, #6497), (#6498, #6499), (#6500, #6501), (#6502, #6503), (#6504, #6505), (#6506, #6507), (#6508, #6509), (#6510, #6511), (#6512, #6513), (#6514, #6515), (#6516, #6517), (#6518, #6519), (#6520, #6521), (#6522, #6523), (#6524, #6525), (#6526, #6527), (#6528, #6529), (#6530, #6531), (#6532, #6533), (#6534, #6535), (#6536, #6537), (#6538, #6539), (#6540, #6541)), .UNSPECIFIED., .F., .F., .U., (4, 3, 3, 3, 3, 3, 3, 3, 3, 3, 3, 3, 3, 3, 3, 3, 3, 3, 3, 4), (2, 2), (0., 0.08649755859375, 0.1729951171875, 0.25949267578125, 0.345990234375, 0.43248779296875, 0.5189853515625, 0.60548291015625, 0.69198046875, 0.77847802734375, 0.8649755859375, 0.95147314453125, 1.037970703125, 1.12446826171875, 1.2109658203125, 1.29746337890625, 1.3839609375, 1.47045849609375, 1.5569560546875, 1.61605407621577), (0., 1.), .UNSPECIFIED.);
#6426 = CARTESIAN_POINT('', (-1.3, 22.8, 35.23));
#6427 = CARTESIAN_POINT('', (0.370000000000005, 22.8, 36.9));
#6428 = CARTESIAN_POINT('', (-1.3, 22.7244196089957, 35.23));
#6429 = CARTESIAN_POINT('', (0.370000000000005, 22.7711674804687, 36.9));
#6430 = CARTESIAN_POINT('', (-1.29680960175881, 22.6485722371365, 35.23));
#6431 = CARTESIAN_POINT('', (0.371217077847537, 22.7422331126854, 36.9));
#6432 = CARTESIAN_POINT('', (-1.29046249564286, 22.5732588269872, 35.23));
#6433 = CARTESIAN_POINT('', (0.373638381291769, 22.7135024414063, 36.9));
#6434 = CARTESIAN_POINT('', (-1.28411538952691, 22.497945416838, 35.23));
#6435 = CARTESIAN_POINT('', (0.376059684736002, 22.6847717701271, 36.9));
#6436 = CARTESIAN_POINT('', (-1.27456673438639, 22.4226338928599, 35.23));
#6437 = CARTESIAN_POINT('', (0.379702319845176, 22.6560418183873, 36.9));
#6438 = CARTESIAN_POINT('', (-1.2619173633043, 22.3481195391045, 35.23));
#6439 = CARTESIAN_POINT('', (0.384527820665383, 22.6276159723251, 36.9));
#6440 = CARTESIAN_POINT('', (-1.2492679922222, 22.2736051853492, 35.23));
#6441 = CARTESIAN_POINT('', (0.38935332148559, 22.5991901262628, 36.9));
#6442 = CARTESIAN_POINT('', (-1.23342853969348, 22.1993615714656, 35.23));
#6443 = CARTESIAN_POINT('', (0.395395779302109, 22.570867562448, 36.9));
#6444 = CARTESIAN_POINT('', (-1.21456626915028, 22.1261727044549, 35.23));
#6445 = CARTESIAN_POINT('', (0.402591386213032, 22.5429473650328, 36.9));
#6446 = CARTESIAN_POINT('', (-1.19570399860708, 22.0529838374442, 35.23));
#6447 = CARTESIAN_POINT('', (0.409786993123956, 22.5150271676176, 36.9));
#6448 = CARTESIAN_POINT('', (-1.17368565154015, 21.9803326512782, 35.23));
#6449 = CARTESIAN_POINT('', (0.418186584782817, 22.4873120854876, 36.9));
#6450 = CARTESIAN_POINT('', (-1.14874374004511, 21.9089863370403, 35.23));
#6451 = CARTESIAN_POINT('', (0.427701462130926, 22.4600947878339, 36.9));
#6452 = CARTESIAN_POINT('', (-1.12380182855006, 21.8376400228024, 35.23));
#6453 = CARTESIAN_POINT('', (0.437216339479036, 22.4328774901802, 36.9));
#6454 = CARTESIAN_POINT('', (-1.09576014256056, 21.7670945317647, 35.23));
#6455 = CARTESIAN_POINT('', (0.44791372339357, 22.4059656917473, 36.9));
#6456 = CARTESIAN_POINT('', (-1.06491480018001, 21.6980948190277, 35.23));
#6457 = CARTESIAN_POINT('', (0.459680650301706, 22.3796435791106, 36.9));
#6458 = CARTESIAN_POINT('', (-1.03406945779945, 21.6290951062908, 35.23));
#6459 = CARTESIAN_POINT('', (0.471447577209843, 22.3533214664739, 36.9));
#6460 = CARTESIAN_POINT('', (-1.00020254229648, 21.5611537014392, 35.23));
#6461 = CARTESIAN_POINT('', (0.484367178309111, 22.3274030786972, 36.9));
#6462 = CARTESIAN_POINT('', (-0.963671685761797, 21.4949880606186, 35.23));
#6463 = CARTESIAN_POINT('', (0.498303023579751, 22.3021621120138, 36.9));
#6464 = CARTESIAN_POINT('', (-0.927140829227109, 21.428822419798, 35.23));
#6465 = CARTESIAN_POINT('', (0.512238868850392, 22.2769211453304, 36.9));
#6466 = CARTESIAN_POINT('', (-0.887687947806355, 21.3639650947954, 35.23));
#6467 = CARTESIAN_POINT('', (0.527289412503491, 22.2521792769034, 36.9));
#6468 = CARTESIAN_POINT('', (-0.845729660971879, 21.3011009741043, 35.23));
#6469 = CARTESIAN_POINT('', (0.543295721925531, 22.2281977790101, 36.9));
#6470 = CARTESIAN_POINT('', (-0.803771374137404, 21.2382368534131, 35.23));
#6471 = CARTESIAN_POINT('', (0.559302031347572, 22.2042162811169, 36.9));
#6472 = CARTESIAN_POINT('', (-0.759011254227351, 21.1769218134594, 35.23));
#6473 = CARTESIAN_POINT('', (0.576377188202169, 22.1808257288382, 36.9));
#6474 = CARTESIAN_POINT('', (-0.711921964754941, 21.1178033364717, 35.23));
#6475 = CARTESIAN_POINT('', (0.594340880112014, 22.158273124654, 36.9));
#6476 = CARTESIAN_POINT('', (-0.664832675282531, 21.0586848594841, 35.23));
#6477 = CARTESIAN_POINT('', (0.61230457202186, 22.1357205204699, 36.9));
#6478 = CARTESIAN_POINT('', (-0.615081538985896, 21.0013452841797, 35.23));
#6479 = CARTESIAN_POINT('', (0.631283709201684, 22.1138465343352, 36.9));
#6480 = CARTESIAN_POINT('', (-0.563193924137416, 20.9463901121784, 35.23));
#6481 = CARTESIAN_POINT('', (0.651077873384622, 22.0928821539051, 36.9));
#6482 = CARTESIAN_POINT('', (-0.511306309288937, 20.8914349401771, 35.23));
#6483 = CARTESIAN_POINT('', (0.670872037567561, 22.071917773475, 36.9));
#6484 = CARTESIAN_POINT('', (-0.456915639331057, 20.8384759231883, 35.23));
#6485 = CARTESIAN_POINT('', (0.691621070921862, 22.0517148892163, 36.9));
#6486 = CARTESIAN_POINT('', (-0.400596275664063, 20.788072304464, 35.23));
#6487 = CARTESIAN_POINT('', (0.713105865209641, 22.0324868420733, 36.9));
#6488 = CARTESIAN_POINT('', (-0.344276911997069, 20.7376686857398, 35.23));
#6489 = CARTESIAN_POINT('', (0.734590659497421, 22.0132587949304, 36.9));
#6490 = CARTESIAN_POINT('', (-0.285630968564398, 20.6894643728852, 35.23));
#6491 = CARTESIAN_POINT('', (0.756963000881, 21.9948697422488, 36.9));
#6492 = CARTESIAN_POINT('', (-0.225277742135457, 20.6439683998329, 35.23));
#6493 = CARTESIAN_POINT('', (0.7799866391113, 21.9775138710474, 36.9));
#6494 = CARTESIAN_POINT('', (-0.164924515706515, 20.5984724267806, 35.23));
#6495 = CARTESIAN_POINT('', (0.8030102773416, 21.9601579998459, 36.9));
#6496 = CARTESIAN_POINT('', (-0.102437621718317, 20.5553633727595, 35.23));
#6497 = CARTESIAN_POINT('', (0.826847870233384, 21.9437126940527, 36.9));
#6498 = CARTESIAN_POINT('', (-0.0384769170904153, 20.5150964661505, 35.23));
#6499 = CARTESIAN_POINT('', (0.851247694591436, 21.9283516148648, 36.9));
#6500 = CARTESIAN_POINT('', (0.0254837875374863, 20.4748295595415, 35.23));
#6501 = CARTESIAN_POINT('', (0.875647518949487, 21.9129905356769, 36.9));
#6502 = CARTESIAN_POINT('', (0.0913701735451412, 20.4371203219764, 35.23));
#6503 = CARTESIAN_POINT('', (0.900781955093133, 21.8986051598651, 36.9));
#6504 = CARTESIAN_POINT('', (0.158486485631948, 20.402366960179, 35.23));
#6505 = CARTESIAN_POINT('', (0.926385585259581, 21.8853473959201, 36.9));
#6506 = CARTESIAN_POINT('', (0.225602797718754, 20.3676135983815, 35.23));
#6507 = CARTESIAN_POINT('', (0.951989215426029, 21.8720896319752, 36.9));
#6508 = CARTESIAN_POINT('', (0.294423200417265, 20.3355705861744, 35.23));
#6509 = CARTESIAN_POINT('', (0.97824292460363, 21.8598658162073, 36.9));
#6510 = CARTESIAN_POINT('', (0.364220955430411, 20.306576295366, 35.23));
#6511 = CARTESIAN_POINT('', (1.00486947559013, 21.8488050311952, 36.9));
#6512 = CARTESIAN_POINT('', (0.434018710443557, 20.2775820045577, 35.23));
#6513 = CARTESIAN_POINT('', (1.03149602657662, 21.8377442461831, 36.9));
#6514 = CARTESIAN_POINT('', (0.505286926210256, 20.2514315957593, 35.23));
#6515 = CARTESIAN_POINT('', (1.05868353110985, 21.8277683494934, 36.9));
#6516 = CARTESIAN_POINT('', (0.577273015710811, 20.2284012153288, 35.23));
#6517 = CARTESIAN_POINT('', (1.08614489117858, 21.8189826858476, 36.9));
#6518 = CARTESIAN_POINT('', (0.649259105211365, 20.2053708348983, 35.23));
#6519 = CARTESIAN_POINT('', (1.11360625124731, 21.8101970222019, 36.9));
#6520 = CARTESIAN_POINT('', (0.722471637069647, 20.1852977773885, 35.23));
#6521 = CARTESIAN_POINT('', (1.14153547636361, 21.8025395224852, 36.9));
#6522 = CARTESIAN_POINT('', (0.796137492433711, 20.1683940127831, 35.23));
#6523 = CARTESIAN_POINT('', (1.16963763600249, 21.7960910493209, 36.9));
#6524 = CARTESIAN_POINT('', (0.869803347797774, 20.1514902481777, 35.23));
#6525 = CARTESIAN_POINT('', (1.19773979564137, 21.7896425761567, 36.9));
#6526 = CARTESIAN_POINT('', (0.944442962531627, 20.1376363544554, 35.23));
#6527 = CARTESIAN_POINT('', (1.22621342644726, 21.7843575722552, 36.9));
#6528 = CARTESIAN_POINT('', (1.01926814789512, 20.1269786276962, 35.23));
#6529 = CARTESIAN_POINT('', (1.25475784901185, 21.7802918468618, 36.9));
#6530 = CARTESIAN_POINT('', (1.09409333325861, 20.116320900937, 35.23));
#6531 = CARTESIAN_POINT('', (1.28330227157644, 21.7762261214685, 36.9));
#6532 = CARTESIAN_POINT('', (1.16963271557118, 20.1087840462406, 35.23));
#6533 = CARTESIAN_POINT('', (1.31211914705126, 21.7733509509732, 36.9));
#6534 = CARTESIAN_POINT('', (1.24508860461453, 20.1044476522279, 35.23));
#6535 = CARTESIAN_POINT('', (1.34090417139002, 21.7716966969609, 36.9));
#6536 = CARTESIAN_POINT('', (1.29664258865311, 20.1014848829789, 35.23));
#6537 = CARTESIAN_POINT('', (1.36057106159733, 21.7705664553585, 36.9));
#6538 = CARTESIAN_POINT('', (1.34836095206267, 20.1, 35.23));
#6539 = CARTESIAN_POINT('', (1.38030065949057, 21.77, 36.9));
#6540 = CARTESIAN_POINT('', (1.4, 20.1, 35.23));
#6541 = CARTESIAN_POINT('', (1.39999999999999, 21.77, 36.9));
#6542 = ADVANCED_FACE('', (#6543), #6549, .T.);
#6543 = FACE_OUTER_BOUND('', #6544, .T.);
#6544 = EDGE_LOOP('', (#6545, #6546, #6547, #6548));
#6545 = ORIENTED_EDGE('', *, *, #6265, .F.);
#6546 = ORIENTED_EDGE('', *, *, #4732, .F.);
#6547 = ORIENTED_EDGE('', *, *, #6415, .F.);
#6548 = ORIENTED_EDGE('', *, *, #6317, .T.);
#6549 = B_SPLINE_SURFACE_WITH_KNOTS('', 1, 1, ((#6550, #6551), (#6552, #6553)), .UNSPECIFIED., .F., .F., .U., (2, 2), (2, 2), (0., 40.7), (0., 1.), .UNSPECIFIED.);
#6550 = CARTESIAN_POINT('', (1.4, 20.1, 35.23));
#6551 = CARTESIAN_POINT('', (1.40000000000001, 21.77, 36.9));
#6552 = CARTESIAN_POINT('', (42.1, 20.1, 35.23));
#6553 = CARTESIAN_POINT('', (42.1, 21.77, 36.9));
#6554 = ADVANCED_FACE('', (#6555), #6565, .T.);
#6555 = FACE_OUTER_BOUND('', #6556, .T.);
#6556 = EDGE_LOOP('', (#6557, #6558, #6559, #6560));
#6557 = ORIENTED_EDGE('', *, *, #2871, .T.);
#6558 = ORIENTED_EDGE('', *, *, #6421, .T.);
#6559 = ORIENTED_EDGE('', *, *, #4660, .F.);
#6560 = ORIENTED_EDGE('', *, *, #6561, .F.);
#6561 = EDGE_CURVE('', #2745, #4598, #6562, .T.);
#6562 = B_SPLINE_CURVE_WITH_KNOTS('', 1, (#6563, #6564), .UNSPECIFIED., .F., .U., (2, 2), (0., 1.), .UNSPECIFIED.);
#6563 = CARTESIAN_POINT('', (-1.3, 63.2, 35.23));
#6564 = CARTESIAN_POINT('', (0.370000000000005, 63.2, 36.9));
#6565 = B_SPLINE_SURFACE_WITH_KNOTS('', 1, 1, ((#6566, #6567), (#6568, #6569)), .UNSPECIFIED., .F., .F., .U., (2, 2), (2, 2), (0., 40.4), (0., 1.), .UNSPECIFIED.);
#6566 = CARTESIAN_POINT('', (-1.3, 63.2, 35.23));
#6567 = CARTESIAN_POINT('', (0.370000000000005, 63.2, 36.9));
#6568 = CARTESIAN_POINT('', (-1.3, 22.8, 35.23));
#6569 = CARTESIAN_POINT('', (0.370000000000005, 22.8, 36.9));
#6570 = ADVANCED_FACE('', (#6571), #6581, .T.);
#6571 = FACE_OUTER_BOUND('', #6572, .T.);
#6572 = EDGE_LOOP('', (#6573, #6574, #6575, #6576));
#6573 = ORIENTED_EDGE('', *, *, #2751, .T.);
#6574 = ORIENTED_EDGE('', *, *, #6561, .T.);
#6575 = ORIENTED_EDGE('', *, *, #4597, .F.);
#6576 = ORIENTED_EDGE('', *, *, #6577, .F.);
#6577 = EDGE_CURVE('', #2714, #4589, #6578, .T.);
#6578 = B_SPLINE_CURVE_WITH_KNOTS('', 1, (#6579, #6580), .UNSPECIFIED., .F., .U., (2, 2), (0., 1.), .UNSPECIFIED.);
#6579 = CARTESIAN_POINT('', (1.4, 65.9, 35.23));
#6580 = CARTESIAN_POINT('', (1.40000000000001, 64.23, 36.9));
#6581 = B_SPLINE_SURFACE_WITH_KNOTS('', 3, 1, ((#6582, #6583), (#6584, #6585), (#6586, #6587), (#6588, #6589), (#6590, #6591), (#6592, #6593), (#6594, #6595), (#6596, #6597), (#6598, #6599), (#6600, #6601), (#6602, #6603), (#6604, #6605), (#6606, #6607), (#6608, #6609), (#6610, #6611), (#6612, #6613), (#6614, #6615), (#6616, #6617), (#6618, #6619), (#6620, #6621), (#6622, #6623), (#6624, #6625), (#6626, #6627), (#6628, #6629), (#6630, #6631), (#6632, #6633), (#6634, #6635), (#6636, #6637), (#6638, #6639), (#6640, #6641), (#6642, #6643), (#6644, #6645), (#6646, #6647), (#6648, #6649), (#6650, #6651), (#6652, #6653), (#6654, #6655), (#6656, #6657), (#6658, #6659), (#6660, #6661), (#6662, #6663), (#6664, #6665), (#6666, #6667), (#6668, #6669), (#6670, #6671), (#6672, #6673), (#6674, #6675), (#6676, #6677), (#6678, #6679), (#6680, #6681), (#6682, #6683), (#6684, #6685), (#6686, #6687), (#6688, #6689), (#6690, #6691), (#6692, #6693), (#6694, #6695), (#6696, #6697)), .UNSPECIFIED., .F., .F., .U., (4, 3, 3, 3, 3, 3, 3, 3, 3, 3, 3, 3, 3, 3, 3, 3, 3, 3, 3, 4), (2, 2), (0., 0.08649755859375, 0.1729951171875, 0.25949267578125, 0.345990234375, 0.43248779296875, 0.5189853515625, 0.60548291015625, 0.69198046875, 0.77847802734375, 0.8649755859375, 0.95147314453125, 1.037970703125, 1.12446826171875, 1.2109658203125, 1.29746337890625, 1.3839609375, 1.47045849609375, 1.5569560546875, 1.61605407621575), (0., 1.), .UNSPECIFIED.);
#6582 = CARTESIAN_POINT('', (1.4, 65.9, 35.23));
#6583 = CARTESIAN_POINT('', (1.40000000000001, 64.23, 36.9));
#6584 = CARTESIAN_POINT('', (1.32441960899575, 65.9, 35.23));
#6585 = CARTESIAN_POINT('', (1.37116748046876, 64.23, 36.9));
#6586 = CARTESIAN_POINT('', (1.24857223713644, 65.8968096017588, 35.23));
#6587 = CARTESIAN_POINT('', (1.3422331126854, 64.2287829221525, 36.9));
#6588 = CARTESIAN_POINT('', (1.1732588269872, 65.8904624956429, 35.23));
#6589 = CARTESIAN_POINT('', (1.31350244140624, 64.2263616187082, 36.9));
#6590 = CARTESIAN_POINT('', (1.09794541683796, 65.8841153895269, 35.23));
#6591 = CARTESIAN_POINT('', (1.28477177012709, 64.223940315264, 36.9));
#6592 = CARTESIAN_POINT('', (1.02263389285986, 65.8745667343864, 35.23));
#6593 = CARTESIAN_POINT('', (1.25604181838728, 64.2202976801548, 36.9));
#6594 = CARTESIAN_POINT('', (0.94811953910448, 65.8619173633043, 35.23));
#6595 = CARTESIAN_POINT('', (1.22761597232504, 64.2154721793346, 36.9));
#6596 = CARTESIAN_POINT('', (0.873605185349097, 65.8492679922222, 35.23));
#6597 = CARTESIAN_POINT('', (1.1991901262628, 64.2106466785144, 36.9));
#6598 = CARTESIAN_POINT('', (0.799361571465585, 65.8334285396935, 35.23));
#6599 = CARTESIAN_POINT('', (1.17086756244798, 64.2046042206979, 36.9));
#6600 = CARTESIAN_POINT('', (0.726172704454883, 65.8145662691503, 35.23));
#6601 = CARTESIAN_POINT('', (1.14294736503278, 64.197408613787, 36.9));
#6602 = CARTESIAN_POINT('', (0.65298383744418, 65.7957039986071, 35.23));
#6603 = CARTESIAN_POINT('', (1.11502716761759, 64.190213006876, 36.9));
#6604 = CARTESIAN_POINT('', (0.580332651278125, 65.7736856515401, 35.23));
#6605 = CARTESIAN_POINT('', (1.08731208548758, 64.1818134152172, 36.9));
#6606 = CARTESIAN_POINT('', (0.50898633704026, 65.7487437400451, 35.23));
#6607 = CARTESIAN_POINT('', (1.06009478783388, 64.1722985378691, 36.9));
#6608 = CARTESIAN_POINT('', (0.437640022802395, 65.7238018285501, 35.23));
#6609 = CARTESIAN_POINT('', (1.03287749018017, 64.162783660521, 36.9));
#6610 = CARTESIAN_POINT('', (0.36709453176462, 65.6957601425605, 35.23));
#6611 = CARTESIAN_POINT('', (1.00596569174725, 64.1520862766064, 36.9));
#6612 = CARTESIAN_POINT('', (0.298094819027672, 65.66491480018, 35.23));
#6613 = CARTESIAN_POINT('', (0.979643579110558, 64.1403193496983, 36.9));
#6614 = CARTESIAN_POINT('', (0.229095106290725, 65.6340694577994, 35.23));
#6615 = CARTESIAN_POINT('', (0.95332146647387, 64.1285524227902, 36.9));
#6616 = CARTESIAN_POINT('', (0.161153701439146, 65.6002025422965, 35.23));
#6617 = CARTESIAN_POINT('', (0.927403078697159, 64.1156328216909, 36.9));
#6618 = CARTESIAN_POINT('', (0.094988060618574, 65.5636716857618, 35.23));
#6619 = CARTESIAN_POINT('', (0.902162112013755, 64.1016969764202, 36.9));
#6620 = CARTESIAN_POINT('', (0.0288224197980024, 65.5271408292271, 35.23));
#6621 = CARTESIAN_POINT('', (0.876921145330352, 64.0877611311496, 36.9));
#6622 = CARTESIAN_POINT('', (-0.0360349052045771, 65.4876879478064, 35.23));
#6623 = CARTESIAN_POINT('', (0.852179276903442, 64.0727105874965, 36.9));
#6624 = CARTESIAN_POINT('', (-0.0988990258957221, 65.4457296609719, 35.23));
#6625 = CARTESIAN_POINT('', (0.828197779010154, 64.0567042780744, 36.9));
#6626 = CARTESIAN_POINT('', (-0.161763146586867, 65.4037713741374, 35.23));
#6627 = CARTESIAN_POINT('', (0.804216281116865, 64.0406979686524, 36.9));
#6628 = CARTESIAN_POINT('', (-0.223078186540652, 65.3590112542273, 35.23));
#6629 = CARTESIAN_POINT('', (0.7808257288382, 64.0236228117978, 36.9));
#6630 = CARTESIAN_POINT('', (-0.282196663528295, 65.3119219647549, 35.23));
#6631 = CARTESIAN_POINT('', (0.758273124654025, 64.005659119888, 36.9));
#6632 = CARTESIAN_POINT('', (-0.341315140515937, 65.2648326752825, 35.23));
#6633 = CARTESIAN_POINT('', (0.73572052046985, 63.9876954279782, 36.9));
#6634 = CARTESIAN_POINT('', (-0.398654715820308, 65.2150815389859, 35.23));
#6635 = CARTESIAN_POINT('', (0.713846534335222, 63.9687162907983, 36.9));
#6636 = CARTESIAN_POINT('', (-0.453609887821592, 65.1631939241374, 35.23));
#6637 = CARTESIAN_POINT('', (0.692882153905103, 63.9489221266154, 36.9));
#6638 = CARTESIAN_POINT('', (-0.508565059822876, 65.1113063092889, 35.23));
#6639 = CARTESIAN_POINT('', (0.671917773474983, 63.9291279624324, 36.9));
#6640 = CARTESIAN_POINT('', (-0.561524076811711, 65.0569156393311, 35.23));
#6641 = CARTESIAN_POINT('', (0.65171488921629, 63.9083789290781, 36.9));
#6642 = CARTESIAN_POINT('', (-0.611927695535963, 65.0005962756641, 35.23));
#6643 = CARTESIAN_POINT('', (0.632486842073334, 63.8868941347904, 36.9));
#6644 = CARTESIAN_POINT('', (-0.662331314260216, 64.9442769119971, 35.23));
#6645 = CARTESIAN_POINT('', (0.613258794930378, 63.8654093405026, 36.9));
#6646 = CARTESIAN_POINT('', (-0.710535627114837, 64.8856309685644, 35.23));
#6647 = CARTESIAN_POINT('', (0.594869742248776, 63.843036999119, 36.9));
#6648 = CARTESIAN_POINT('', (-0.756031600167095, 64.8252777421355, 35.23));
#6649 = CARTESIAN_POINT('', (0.577513871047358, 63.8200133608887, 36.9));
#6650 = CARTESIAN_POINT('', (-0.801527573219353, 64.7649245157065, 35.23));
#6651 = CARTESIAN_POINT('', (0.560157999845941, 63.7969897226584, 36.9));
#6652 = CARTESIAN_POINT('', (-0.844636627240527, 64.7024376217183, 35.23));
#6653 = CARTESIAN_POINT('', (0.543712694052692, 63.7731521297666, 36.9));
#6654 = CARTESIAN_POINT('', (-0.884903533849519, 64.6384769170904, 35.23));
#6655 = CARTESIAN_POINT('', (0.528351614864818, 63.7487523054086, 36.9));
#6656 = CARTESIAN_POINT('', (-0.925170440458512, 64.5745162124625, 35.23));
#6657 = CARTESIAN_POINT('', (0.512990535676943, 63.7243524810505, 36.9));
#6658 = CARTESIAN_POINT('', (-0.96287967802363, 64.5086298264549, 35.23));
#6659 = CARTESIAN_POINT('', (0.498605159865052, 63.6992180449068, 36.9));
#6660 = CARTESIAN_POINT('', (-0.997633039821035, 64.4415135143681, 35.23));
#6661 = CARTESIAN_POINT('', (0.485347395920115, 63.6736144147404, 36.9));
#6662 = CARTESIAN_POINT('', (-1.03238640161844, 64.3743972022813, 35.23));
#6663 = CARTESIAN_POINT('', (0.472089631975179, 63.6480107845739, 36.9));
#6664 = CARTESIAN_POINT('', (-1.06442941382562, 64.3055767995827, 35.23));
#6665 = CARTESIAN_POINT('', (0.459865816207256, 63.6217570753964, 36.9));
#6666 = CARTESIAN_POINT('', (-1.09342370463398, 64.2357790445695, 35.23));
#6667 = CARTESIAN_POINT('', (0.448805031195178, 63.5951305244099, 36.9));
#6668 = CARTESIAN_POINT('', (-1.12241799544234, 64.1659812895564, 35.23));
#6669 = CARTESIAN_POINT('', (0.4377442461831, 63.5685039734234, 36.9));
#6670 = CARTESIAN_POINT('', (-1.14856840424072, 64.0947130737897, 35.23));
#6671 = CARTESIAN_POINT('', (0.427768349493343, 63.5413164688901, 36.9));
#6672 = CARTESIAN_POINT('', (-1.17159878467121, 64.0227269842892, 35.23));
#6673 = CARTESIAN_POINT('', (0.418982685847638, 63.5138551088214, 36.9));
#6674 = CARTESIAN_POINT('', (-1.1946291651017, 63.9507408947886, 35.23));
#6675 = CARTESIAN_POINT('', (0.410197022201933, 63.4863937487527, 36.9));
#6676 = CARTESIAN_POINT('', (-1.21470222261145, 63.8775283629303, 35.23));
#6677 = CARTESIAN_POINT('', (0.402539522485238, 63.4584645236364, 36.9));
#6678 = CARTESIAN_POINT('', (-1.23160598721689, 63.8038625075663, 35.23));
#6679 = CARTESIAN_POINT('', (0.396091049320944, 63.4303623639975, 36.9));
#6680 = CARTESIAN_POINT('', (-1.24850975182232, 63.7301966522022, 35.23));
#6681 = CARTESIAN_POINT('', (0.38964257615665, 63.4022602043586, 36.9));
#6682 = CARTESIAN_POINT('', (-1.26236364554458, 63.6555570374683, 35.23));
#6683 = CARTESIAN_POINT('', (0.384357572255164, 63.3737865735527, 36.9));
#6684 = CARTESIAN_POINT('', (-1.27302137230379, 63.5807318521048, 35.23));
#6685 = CARTESIAN_POINT('', (0.380291846861837, 63.3452421509881, 36.9));
#6686 = CARTESIAN_POINT('', (-1.28367909906299, 63.5059066667413, 35.23));
#6687 = CARTESIAN_POINT('', (0.376226121468511, 63.3166977284235, 36.9));
#6688 = CARTESIAN_POINT('', (-1.29121595375943, 63.4303672844288, 35.23));
#6689 = CARTESIAN_POINT('', (0.373350950973171, 63.2878808529487, 36.9));
#6690 = CARTESIAN_POINT('', (-1.29555234777211, 63.3549113953855, 35.23));
#6691 = CARTESIAN_POINT('', (0.371696696960925, 63.25909582861, 36.9));
#6692 = CARTESIAN_POINT('', (-1.29851511702113, 63.3033574113469, 35.23));
#6693 = CARTESIAN_POINT('', (0.370566455358522, 63.2394289384027, 36.9));
#6694 = CARTESIAN_POINT('', (-1.3, 63.2516390479373, 35.23));
#6695 = CARTESIAN_POINT('', (0.370000000000005, 63.2196993405094, 36.9));
#6696 = CARTESIAN_POINT('', (-1.3, 63.2, 35.23));
#6697 = CARTESIAN_POINT('', (0.370000000000005, 63.2, 36.9));
#6698 = ADVANCED_FACE('', (#6699), #6709, .T.);
#6699 = FACE_OUTER_BOUND('', #6700, .T.);
#6700 = EDGE_LOOP('', (#6701, #6702, #6703, #6704));
#6701 = ORIENTED_EDGE('', *, *, #2720, .T.);
#6702 = ORIENTED_EDGE('', *, *, #6577, .T.);
#6703 = ORIENTED_EDGE('', *, *, #4588, .F.);
#6704 = ORIENTED_EDGE('', *, *, #6705, .F.);
#6705 = EDGE_CURVE('', #2628, #4526, #6706, .T.);
#6706 = B_SPLINE_CURVE_WITH_KNOTS('', 1, (#6707, #6708), .UNSPECIFIED., .F., .U., (2, 2), (0., 1.), .UNSPECIFIED.);
#6707 = CARTESIAN_POINT('', (56.4, 65.9, 35.23));
#6708 = CARTESIAN_POINT('', (56.4, 64.23, 36.9));
#6709 = B_SPLINE_SURFACE_WITH_KNOTS('', 1, 1, ((#6710, #6711), (#6712, #6713)), .UNSPECIFIED., .F., .F., .U., (2, 2), (2, 2), (0., 55.), (0., 1.), .UNSPECIFIED.);
#6710 = CARTESIAN_POINT('', (56.4, 65.9, 35.23));
#6711 = CARTESIAN_POINT('', (56.4, 64.23, 36.9));
#6712 = CARTESIAN_POINT('', (1.39999999999998, 65.9, 35.23));
#6713 = CARTESIAN_POINT('', (1.39999999999998, 64.23, 36.9));
#6714 = ADVANCED_FACE('', (#6715), #6725, .T.);
#6715 = FACE_OUTER_BOUND('', #6716, .T.);
#6716 = EDGE_LOOP('', (#6717, #6718, #6719, #6720));
#6717 = ORIENTED_EDGE('', *, *, #2634, .T.);
#6718 = ORIENTED_EDGE('', *, *, #6705, .T.);
#6719 = ORIENTED_EDGE('', *, *, #4525, .F.);
#6720 = ORIENTED_EDGE('', *, *, #6721, .F.);
#6721 = EDGE_CURVE('', #2597, #4517, #6722, .T.);
#6722 = B_SPLINE_CURVE_WITH_KNOTS('', 1, (#6723, #6724), .UNSPECIFIED., .F., .U., (2, 2), (0., 1.), .UNSPECIFIED.);
#6723 = CARTESIAN_POINT('', (59.1, 63.2, 35.23));
#6724 = CARTESIAN_POINT('', (57.43, 63.2, 36.9));
#6725 = B_SPLINE_SURFACE_WITH_KNOTS('', 3, 1, ((#6726, #6727), (#6728, #6729), (#6730, #6731), (#6732, #6733), (#6734, #6735), (#6736, #6737), (#6738, #6739), (#6740, #6741), (#6742, #6743), (#6744, #6745), (#6746, #6747), (#6748, #6749), (#6750, #6751), (#6752, #6753), (#6754, #6755), (#6756, #6757), (#6758, #6759), (#6760, #6761), (#6762, #6763), (#6764, #6765), (#6766, #6767), (#6768, #6769), (#6770, #6771), (#6772, #6773), (#6774, #6775), (#6776, #6777), (#6778, #6779), (#6780, #6781), (#6782, #6783), (#6784, #6785), (#6786, #6787), (#6788, #6789), (#6790, #6791), (#6792, #6793), (#6794, #6795), (#6796, #6797), (#6798, #6799), (#6800, #6801), (#6802, #6803), (#6804, #6805), (#6806, #6807), (#6808, #6809), (#6810, #6811), (#6812, #6813), (#6814, #6815), (#6816, #6817), (#6818, #6819), (#6820, #6821), (#6822, #6823), (#6824, #6825), (#6826, #6827), (#6828, #6829), (#6830, #6831), (#6832, #6833), (#6834, #6835), (#6836, #6837), (#6838, #6839), (#6840, #6841)), .UNSPECIFIED., .F., .F., .U., (4, 3, 3, 3, 3, 3, 3, 3, 3, 3, 3, 3, 3, 3, 3, 3, 3, 3, 3, 4), (2, 2), (0., 0.08649755859375, 0.1729951171875, 0.25949267578125, 0.345990234375, 0.43248779296875, 0.5189853515625, 0.60548291015625, 0.69198046875, 0.77847802734375, 0.8649755859375, 0.95147314453125, 1.037970703125, 1.12446826171875, 1.2109658203125, 1.29746337890625, 1.3839609375, 1.47045849609375, 1.5569560546875, 1.61605407621574), (0., 1.), .UNSPECIFIED.);
#6726 = CARTESIAN_POINT('', (59.1, 63.2, 35.23));
#6727 = CARTESIAN_POINT('', (57.43, 63.2, 36.9));
#6728 = CARTESIAN_POINT('', (59.1, 63.2755803910042, 35.23));
#6729 = CARTESIAN_POINT('', (57.43, 63.2288325195313, 36.9));
#6730 = CARTESIAN_POINT('', (59.0968096017588, 63.3514277628636, 35.23));
#6731 = CARTESIAN_POINT('', (57.4287829221525, 63.2577668873146, 36.9));
#6732 = CARTESIAN_POINT('', (59.0904624956429, 63.4267411730128, 35.23));
#6733 = CARTESIAN_POINT('', (57.4263616187082, 63.2864975585938, 36.9));
#6734 = CARTESIAN_POINT('', (59.0841153895269, 63.502054583162, 35.23));
#6735 = CARTESIAN_POINT('', (57.423940315264, 63.3152282298729, 36.9));
#6736 = CARTESIAN_POINT('', (59.0745667343864, 63.5773661071401, 35.23));
#6737 = CARTESIAN_POINT('', (57.4202976801548, 63.3439581816127, 36.9));
#6738 = CARTESIAN_POINT('', (59.0619173633043, 63.6518804608955, 35.23));
#6739 = CARTESIAN_POINT('', (57.4154721793346, 63.3723840276749, 36.9));
#6740 = CARTESIAN_POINT('', (59.0492679922222, 63.7263948146509, 35.23));
#6741 = CARTESIAN_POINT('', (57.4106466785144, 63.4008098737372, 36.9));
#6742 = CARTESIAN_POINT('', (59.0334285396935, 63.8006384285343, 35.23));
#6743 = CARTESIAN_POINT('', (57.4046042206979, 63.429132437552, 36.9));
#6744 = CARTESIAN_POINT('', (59.0145662691503, 63.873827295545, 35.23));
#6745 = CARTESIAN_POINT('', (57.397408613787, 63.4570526349672, 36.9));
#6746 = CARTESIAN_POINT('', (58.9957039986071, 63.9470161625557, 35.23));
#6747 = CARTESIAN_POINT('', (57.390213006876, 63.4849728323824, 36.9));
#6748 = CARTESIAN_POINT('', (58.9736856515402, 64.0196673487218, 35.23));
#6749 = CARTESIAN_POINT('', (57.3818134152172, 63.5126879145124, 36.9));
#6750 = CARTESIAN_POINT('', (58.9487437400451, 64.0910136629596, 35.23));
#6751 = CARTESIAN_POINT('', (57.3722985378691, 63.5399052121661, 36.9));
#6752 = CARTESIAN_POINT('', (58.9238018285501, 64.1623599771975, 35.23));
#6753 = CARTESIAN_POINT('', (57.362783660521, 63.5671225098198, 36.9));
#6754 = CARTESIAN_POINT('', (58.8957601425606, 64.2329054682352, 35.23));
#6755 = CARTESIAN_POINT('', (57.3520862766064, 63.5940343082527, 36.9));
#6756 = CARTESIAN_POINT('', (58.86491480018, 64.3019051809722, 35.23));
#6757 = CARTESIAN_POINT('', (57.3403193496983, 63.6203564208894, 36.9));
#6758 = CARTESIAN_POINT('', (58.8340694577995, 64.3709048937092, 35.23));
#6759 = CARTESIAN_POINT('', (57.3285524227902, 63.6466785335261, 36.9));
#6760 = CARTESIAN_POINT('', (58.8002025422965, 64.4388462985608, 35.23));
#6761 = CARTESIAN_POINT('', (57.3156328216909, 63.6725969213028, 36.9));
#6762 = CARTESIAN_POINT('', (58.7636716857618, 64.5050119393813, 35.23));
#6763 = CARTESIAN_POINT('', (57.3016969764203, 63.6978378879862, 36.9));
#6764 = CARTESIAN_POINT('', (58.7271408292271, 64.5711775802019, 35.23));
#6765 = CARTESIAN_POINT('', (57.2877611311496, 63.7230788546696, 36.9));
#6766 = CARTESIAN_POINT('', (58.6876879478064, 64.6360349052046, 35.23));
#6767 = CARTESIAN_POINT('', (57.2727105874965, 63.7478207230966, 36.9));
#6768 = CARTESIAN_POINT('', (58.6457296609719, 64.6988990258957, 35.23));
#6769 = CARTESIAN_POINT('', (57.2567042780745, 63.7718022209898, 36.9));
#6770 = CARTESIAN_POINT('', (58.6037713741374, 64.7617631465868, 35.23));
#6771 = CARTESIAN_POINT('', (57.2406979686524, 63.7957837188831, 36.9));
#6772 = CARTESIAN_POINT('', (58.5590112542274, 64.8230781865406, 35.23));
#6773 = CARTESIAN_POINT('', (57.2236228117979, 63.8191742711618, 36.9));
#6774 = CARTESIAN_POINT('', (58.511921964755, 64.8821966635282, 35.23));
#6775 = CARTESIAN_POINT('', (57.205659119888, 63.841726875346, 36.9));
#6776 = CARTESIAN_POINT('', (58.4648326752826, 64.9413151405159, 35.23));
#6777 = CARTESIAN_POINT('', (57.1876954279782, 63.8642794795301, 36.9));
#6778 = CARTESIAN_POINT('', (58.415081538986, 64.9986547158202, 35.23));
#6779 = CARTESIAN_POINT('', (57.1687162907984, 63.8861534656648, 36.9));
#6780 = CARTESIAN_POINT('', (58.3631939241375, 65.0536098878215, 35.23));
#6781 = CARTESIAN_POINT('', (57.1489221266154, 63.9071178460949, 36.9));
#6782 = CARTESIAN_POINT('', (58.311306309289, 65.1085650598228, 35.23));
#6783 = CARTESIAN_POINT('', (57.1291279624325, 63.928082226525, 36.9));
#6784 = CARTESIAN_POINT('', (58.2569156393311, 65.1615240768117, 35.23));
#6785 = CARTESIAN_POINT('', (57.1083789290782, 63.9482851107837, 36.9));
#6786 = CARTESIAN_POINT('', (58.2005962756641, 65.2119276955359, 35.23));
#6787 = CARTESIAN_POINT('', (57.0868941347904, 63.9675131579267, 36.9));
#6788 = CARTESIAN_POINT('', (58.1442769119971, 65.2623313142602, 35.23));
#6789 = CARTESIAN_POINT('', (57.0654093405026, 63.9867412050696, 36.9));
#6790 = CARTESIAN_POINT('', (58.0856309685644, 65.3105356271148, 35.23));
#6791 = CARTESIAN_POINT('', (57.043036999119, 64.0051302577512, 36.9));
#6792 = CARTESIAN_POINT('', (58.0252777421355, 65.3560316001671, 35.23));
#6793 = CARTESIAN_POINT('', (57.0200133608887, 64.0224861289526, 36.9));
#6794 = CARTESIAN_POINT('', (57.9649245157065, 65.4015275732193, 35.23));
#6795 = CARTESIAN_POINT('', (56.9969897226584, 64.0398420001541, 36.9));
#6796 = CARTESIAN_POINT('', (57.9024376217183, 65.4446366272405, 35.23));
#6797 = CARTESIAN_POINT('', (56.9731521297666, 64.0562873059473, 36.9));
#6798 = CARTESIAN_POINT('', (57.8384769170904, 65.4849035338495, 35.23));
#6799 = CARTESIAN_POINT('', (56.9487523054086, 64.0716483851352, 36.9));
#6800 = CARTESIAN_POINT('', (57.7745162124625, 65.5251704404585, 35.23));
#6801 = CARTESIAN_POINT('', (56.9243524810505, 64.0870094643231, 36.9));
#6802 = CARTESIAN_POINT('', (57.7086298264549, 65.5628796780236, 35.23));
#6803 = CARTESIAN_POINT('', (56.8992180449069, 64.101394840135, 36.9));
#6804 = CARTESIAN_POINT('', (57.6415135143681, 65.597633039821, 35.23));
#6805 = CARTESIAN_POINT('', (56.8736144147404, 64.1146526040799, 36.9));
#6806 = CARTESIAN_POINT('', (57.5743972022813, 65.6323864016184, 35.23));
#6807 = CARTESIAN_POINT('', (56.848010784574, 64.1279103680248, 36.9));
#6808 = CARTESIAN_POINT('', (57.5055767995828, 65.6644294138256, 35.23));
#6809 = CARTESIAN_POINT('', (56.8217570753964, 64.1401341837928, 36.9));
#6810 = CARTESIAN_POINT('', (57.4357790445696, 65.6934237046339, 35.23));
#6811 = CARTESIAN_POINT('', (56.7951305244099, 64.1511949688048, 36.9));
#6812 = CARTESIAN_POINT('', (57.3659812895565, 65.7224179954423, 35.23));
#6813 = CARTESIAN_POINT('', (56.7685039734234, 64.1622557538169, 36.9));
#6814 = CARTESIAN_POINT('', (57.2947130737897, 65.7485684042407, 35.23));
#6815 = CARTESIAN_POINT('', (56.7413164688902, 64.1722316505067, 36.9));
#6816 = CARTESIAN_POINT('', (57.2227269842892, 65.7715987846712, 35.23));
#6817 = CARTESIAN_POINT('', (56.7138551088214, 64.1810173141524, 36.9));
#6818 = CARTESIAN_POINT('', (57.1507408947886, 65.7946291651017, 35.23));
#6819 = CARTESIAN_POINT('', (56.6863937487527, 64.1898029777981, 36.9));
#6820 = CARTESIAN_POINT('', (57.0775283629303, 65.8147022226115, 35.23));
#6821 = CARTESIAN_POINT('', (56.6584645236364, 64.1974604775148, 36.9));
#6822 = CARTESIAN_POINT('', (57.0038625075662, 65.8316059872169, 35.23));
#6823 = CARTESIAN_POINT('', (56.6303623639975, 64.2039089506791, 36.9));
#6824 = CARTESIAN_POINT('', (56.9301966522021, 65.8485097518223, 35.23));
#6825 = CARTESIAN_POINT('', (56.6022602043586, 64.2103574238434, 36.9));
#6826 = CARTESIAN_POINT('', (56.8555570374683, 65.8623636455446, 35.23));
#6827 = CARTESIAN_POINT('', (56.5737865735527, 64.2156424277448, 36.9));
#6828 = CARTESIAN_POINT('', (56.7807318521048, 65.8730213723038, 35.23));
#6829 = CARTESIAN_POINT('', (56.5452421509881, 64.2197081531381, 36.9));
#6830 = CARTESIAN_POINT('', (56.7059066667413, 65.883679099063, 35.23));
#6831 = CARTESIAN_POINT('', (56.5166977284235, 64.2237738785315, 36.9));
#6832 = CARTESIAN_POINT('', (56.6303672844288, 65.8912159537594, 35.23));
#6833 = CARTESIAN_POINT('', (56.4878808529487, 64.2266490490268, 36.9));
#6834 = CARTESIAN_POINT('', (56.5549113953854, 65.8955523477721, 35.23));
#6835 = CARTESIAN_POINT('', (56.45909582861, 64.2283033030391, 36.9));
#6836 = CARTESIAN_POINT('', (56.5033574113469, 65.8985151170211, 35.23));
#6837 = CARTESIAN_POINT('', (56.4394289384027, 64.2294335446415, 36.9));
#6838 = CARTESIAN_POINT('', (56.4516390479373, 65.9, 35.23));
#6839 = CARTESIAN_POINT('', (56.4196993405094, 64.23, 36.9));
#6840 = CARTESIAN_POINT('', (56.4, 65.9, 35.23));
#6841 = CARTESIAN_POINT('', (56.4, 64.23, 36.9));
#6842 = ADVANCED_FACE('', (#6843), #6853, .T.);
#6843 = FACE_OUTER_BOUND('', #6844, .T.);
#6844 = EDGE_LOOP('', (#6845, #6846, #6847, #6848));
#6845 = ORIENTED_EDGE('', *, *, #2603, .T.);
#6846 = ORIENTED_EDGE('', *, *, #6721, .T.);
#6847 = ORIENTED_EDGE('', *, *, #4516, .F.);
#6848 = ORIENTED_EDGE('', *, *, #6849, .F.);
#6849 = EDGE_CURVE('', #2502, #4499, #6850, .T.);
#6850 = B_SPLINE_CURVE_WITH_KNOTS('', 1, (#6851, #6852), .UNSPECIFIED., .F., .U., (2, 2), (0., 1.), .UNSPECIFIED.);
#6851 = CARTESIAN_POINT('', (59.1, 44.8, 35.23));
#6852 = CARTESIAN_POINT('', (57.43, 44.8, 36.9));
#6853 = B_SPLINE_SURFACE_WITH_KNOTS('', 1, 1, ((#6854, #6855), (#6856, #6857)), .UNSPECIFIED., .F., .F., .U., (2, 2), (2, 2), (0., 18.4), (0., 1.), .UNSPECIFIED.);
#6854 = CARTESIAN_POINT('', (59.1, 44.8, 35.23));
#6855 = CARTESIAN_POINT('', (57.43, 44.8, 36.9));
#6856 = CARTESIAN_POINT('', (59.1, 63.2, 35.23));
#6857 = CARTESIAN_POINT('', (57.43, 63.2, 36.9));
#6858 = ADVANCED_FACE('', (#6859), #6901, .T.);
#6859 = FACE_OUTER_BOUND('', #6860, .T.);
#6860 = EDGE_LOOP('', (#6861, #6892, #6893, #6898, #6899, #6900));
#6861 = ORIENTED_EDGE('', *, *, #6862, .T.);
#6862 = EDGE_CURVE('', #4491, #4437, #6863, .T.);
#6863 = B_SPLINE_CURVE_WITH_KNOTS('', 3, (#6864, #6865, #6866, #6867, #6868, #6869, #6870, #6871, #6872, #6873, #6874, #6875, #6876, #6877, #6878, #6879, #6880, #6881, #6882, #6883, #6884, #6885, #6886, #6887, #6888, #6889, #6890, #6891), .UNSPECIFIED., .F., .U., (4, 3, 3, 3, 3, 3, 3, 3, 3, 4), (0., 0.193919337245863, 0.323331631031873, 0.517276562111633, 0.646653651400292, 0.77609681687627, 0.970116134879269, 1.09953979311787, 1.29368272370547, 1.42107462469781), .UNSPECIFIED.);
#6864 = CARTESIAN_POINT('', (57.4881980025206, 43.9897376372007, 36.9));
#6865 = CARTESIAN_POINT('', (57.5178750104874, 43.9366036715032, 36.8782202404247));
#6866 = CARTESIAN_POINT('', (57.5463029304317, 43.8816951287642, 36.8587854633693));
#6867 = CARTESIAN_POINT('', (57.5731556281885, 43.8253040900618, 36.8421336041034));
#6868 = CARTESIAN_POINT('', (57.5910758070649, 43.7876714652236, 36.8310209665809));
#6869 = CARTESIAN_POINT('', (57.6083228628099, 43.7493213233487, 36.8211303510121));
#6870 = CARTESIAN_POINT('', (57.6247957589941, 43.7103815666549, 36.8125759944719));
#6871 = CARTESIAN_POINT('', (57.6494830172265, 43.652024140113, 36.7997559289194));
#6872 = CARTESIAN_POINT('', (57.6724949689301, 43.5921727510859, 36.7899122240932));
#6873 = CARTESIAN_POINT('', (57.6935126232948, 43.5313912970129, 36.7833336924817));
#6874 = CARTESIAN_POINT('', (57.7075331131847, 43.4908451091495, 36.7789452752803));
#6875 = CARTESIAN_POINT('', (57.7206956637917, 43.4498075017296, 36.7759972928143));
#6876 = CARTESIAN_POINT('', (57.732922355342, 43.4084772103602, 36.7745341723185));
#6877 = CARTESIAN_POINT('', (57.7451552913763, 43.3671258105542, 36.7730703045696));
#6878 = CARTESIAN_POINT('', (57.7564716629222, 43.3254125989658, 36.7730913647247));
#6879 = CARTESIAN_POINT('', (57.7668140192663, 43.2835496929934, 36.7745942511192));
#6880 = CARTESIAN_POINT('', (57.7823159340801, 43.2208023672732, 36.7768468922086));
#6881 = CARTESIAN_POINT('', (57.7956700051459, 43.1575256915603, 36.7824468183862));
#6882 = CARTESIAN_POINT('', (57.8067859129509, 43.094421721671, 36.791218147687));
#6883 = CARTESIAN_POINT('', (57.8142009552652, 43.0523272193477, 36.7970692017851));
#6884 = CARTESIAN_POINT('', (57.8206386921464, 43.0102251676303, 36.8043372261364));
#6885 = CARTESIAN_POINT('', (57.8261020731034, 42.9683029627915, 36.8129305387921));
#6886 = CARTESIAN_POINT('', (57.8342974587412, 42.9054172445629, 36.825821001982));
#6887 = CARTESIAN_POINT('', (57.8403178162118, 42.8427749681569, 36.8417311481235));
#6888 = CARTESIAN_POINT('', (57.8442535149646, 42.7808920744847, 36.8602503190067));
#6889 = CARTESIAN_POINT('', (57.8468360254085, 42.7402860146093, 36.8724021515584));
#6890 = CARTESIAN_POINT('', (57.8485277414018, 42.699941040893, 36.8856932427601));
#6891 = CARTESIAN_POINT('', (57.8493690124566, 42.6599685822064, 36.9));
#6892 = ORIENTED_EDGE('', *, *, #4436, .F.);
#6893 = ORIENTED_EDGE('', *, *, #6894, .F.);
#6894 = EDGE_CURVE('', #2467, #4428, #6895, .T.);
#6895 = B_SPLINE_CURVE_WITH_KNOTS('', 1, (#6896, #6897), .UNSPECIFIED., .F., .U., (2, 2), (0., 1.), .UNSPECIFIED.);
#6896 = CARTESIAN_POINT('', (63.1, 40.8, 35.23));
#6897 = CARTESIAN_POINT('', (63.1, 39.13, 36.9));
#6898 = ORIENTED_EDGE('', *, *, #2508, .T.);
#6899 = ORIENTED_EDGE('', *, *, #6849, .T.);
#6900 = ORIENTED_EDGE('', *, *, #4498, .F.);
#6901 = B_SPLINE_SURFACE_WITH_KNOTS('', 1, 3, ((#6902, #6903, #6904, #6905, #6906, #6907, #6908, #6909, #6910, #6911, #6912, #6913, #6914, #6915, #6916, #6917, #6918, #6919, #6920, #6921, #6922, #6923, #6924, #6925, #6926, #6927, #6928, #6929, #6930, #6931, #6932, #6933, #6934, #6935, #6936, #6937, #6938, #6939, #6940, #6941, #6942, #6943, #6944, #6945, #6946, #6947, #6948, #6949, #6950, #6951, #6952, #6953, #6954, #6955, #6956, #6957, #6958, #6959, #6960, #6961, #6962, #6963, #6964, #6965, #6966, #6967, #6968), (#6969, #6970, #6971, #6972, #6973, #6974, #6975, #6976, #6977, #6978, #6979, #6980, #6981, #6982, #6983, #6984, #6985, #6986, #6987, #6988, #6989, #6990, #6991, #6992, #6993, #6994, #6995, #6996, #6997, #6998, #6999, #7000, #7001, #7002, #7003, #7004, #7005, #7006, #7007, #7008, #7009, #7010, #7011, #7012, #7013, #7014, #7015, #7016, #7017, #7018, #7019, #7020, #7021, #7022, #7023, #7024, #7025, #7026, #7027, #7028, #7029, #7030, #7031, #7032, #7033, #7034, #7035)), .UNSPECIFIED., .F., .F., .U., (2, 2), (4, 3, 3, 3, 3, 3, 3, 3, 3, 3, 3, 3, 3, 3, 3, 3, 3, 3, 3, 3, 3, 3, 4), (0., 1.), (0., 0.437893890380859, 0.875787780761719, 1.31368167114258, 1.75157556152344, 2.1894694519043, 2.62736334228516, 3.06525723266602, 3.50315112304688, 3.94104501342774, 4.37893890380859, 4.81683279418945, 5.25472668457031, 5.69262057495117, 6.13051446533203, 6.56840835571289, 7.00630224609375, 7.44419613647461, 7.88209002685547, 8.31998391723633, 8.53893086242676, 8.75787780761719, 8.89767409058968), .UNSPECIFIED.);
#6902 = CARTESIAN_POINT('', (63.1, 39.13, 36.9));
#6903 = CARTESIAN_POINT('', (62.954035369873, 39.13, 36.9));
#6904 = CARTESIAN_POINT('', (62.8076347880954, 39.135661710657, 36.9));
#6905 = CARTESIAN_POINT('', (62.6621061096191, 39.1469345536454, 36.9));
#6906 = CARTESIAN_POINT('', (62.5165774311428, 39.1582073966338, 36.9));
#6907 = CARTESIAN_POINT('', (62.3710513567747, 39.1751587090133, 36.9));
#6908 = CARTESIAN_POINT('', (62.2268279291422, 39.1976370579304, 36.9));
#6909 = CARTESIAN_POINT('', (62.0826045015098, 39.2201154068475, 36.9));
#6910 = CARTESIAN_POINT('', (61.9388222181889, 39.2482550641914, 36.9));
#6911 = CARTESIAN_POINT('', (61.7967655438243, 39.2818046471481, 36.9));
#6912 = CARTESIAN_POINT('', (61.6547088694597, 39.3153542301047, 36.9));
#6913 = CARTESIAN_POINT('', (61.5135292444843, 39.3545141433347, 36.9));
#6914 = CARTESIAN_POINT('', (61.3744878829546, 39.3989345556706, 36.9));
#6915 = CARTESIAN_POINT('', (61.235446521425, 39.4433549680064, 36.9));
#6916 = CARTESIAN_POINT('', (61.0977128754062, 39.4933012197851, 36.9));
#6917 = CARTESIAN_POINT('', (60.9625173746465, 39.548327121163, 36.9));
#6918 = CARTESIAN_POINT('', (60.8273218738869, 39.6033530225409, 36.9));
#6919 = CARTESIAN_POINT('', (60.6938569432682, 39.6637872645509, 36.9));
#6920 = CARTESIAN_POINT('', (60.5633148783968, 39.7290899639378, 36.9));
#6921 = CARTESIAN_POINT('', (60.4327728135254, 39.7943926633246, 36.9));
#6922 = CARTESIAN_POINT('', (60.3043738360589, 39.8649538984184, 36.9));
#6923 = CARTESIAN_POINT('', (60.1792649854181, 39.940143317484, 36.9));
#6924 = CARTESIAN_POINT('', (60.0541561347773, 40.0153327365497, 36.9));
#6925 = CARTESIAN_POINT('', (59.9315900873139, 40.0955994751254, 36.9));
#6926 = CARTESIAN_POINT('', (59.8126617745518, 40.1802264783317, 36.9));
#6927 = CARTESIAN_POINT('', (59.6937334617898, 40.264853481538, 36.9));
#6928 = CARTESIAN_POINT('', (59.5777324788289, 40.3543462592605, 36.9));
#6929 = CARTESIAN_POINT('', (59.465695108846, 40.4479053367219, 36.9));
#6930 = CARTESIAN_POINT('', (59.3536577388631, 40.5414644141832, 36.9));
#6931 = CARTESIAN_POINT('', (59.2449147392297, 40.63964865601, 36.9));
#6932 = CARTESIAN_POINT('', (59.1404375546546, 40.7415809430998, 36.9));
#6933 = CARTESIAN_POINT('', (59.0359603700796, 40.8435132301897, 36.9));
#6934 = CARTESIAN_POINT('', (58.9351249178515, 40.9498024435951, 36.9));
#6935 = CARTESIAN_POINT('', (58.8388320013956, 41.0594990592609, 36.9));
#6936 = CARTESIAN_POINT('', (58.7425390849398, 41.1691956749267, 36.9));
#6937 = CARTESIAN_POINT('', (58.6502135093499, 41.2829549532489, 36.9));
#6938 = CARTESIAN_POINT('', (58.5626800559197, 41.3997606370946, 36.9));
#6939 = CARTESIAN_POINT('', (58.4751466024894, 41.5165663209404, 36.9));
#6940 = CARTESIAN_POINT('', (58.3918823999797, 41.6371161359249, 36.9));
#6941 = CARTESIAN_POINT('', (58.3136312808141, 41.7603331623353, 36.9));
#6942 = CARTESIAN_POINT('', (58.2353801616485, 41.8835501887458, 36.9));
#6943 = CARTESIAN_POINT('', (58.1616747015677, 42.0101704496311, 36.9));
#6944 = CARTESIAN_POINT('', (58.0931733409262, 42.1390627955573, 36.9));
#6945 = CARTESIAN_POINT('', (58.0246719802846, 42.2679551414835, 36.9));
#6946 = CARTESIAN_POINT('', (57.9609655339089, 42.3998894963823, 36.9));
#6947 = CARTESIAN_POINT('', (57.9026231169648, 42.5336872378924, 36.9));
#6948 = CARTESIAN_POINT('', (57.8442807000207, 42.6674849794026, 36.9));
#6949 = CARTESIAN_POINT('', (57.7909538106424, 42.8039453332847, 36.9));
#6950 = CARTESIAN_POINT('', (57.7431188392616, 42.9418492446182, 36.9));
#6951 = CARTESIAN_POINT('', (57.6952838678807, 43.0797531559518, 36.9));
#6952 = CARTESIAN_POINT('', (57.6526550776758, 43.219924378241, 36.9));
#6953 = CARTESIAN_POINT('', (57.6156132886797, 43.3611107058937, 36.9));
#6954 = CARTESIAN_POINT('', (57.5785714996836, 43.5022970335465, 36.9));
#6955 = CARTESIAN_POINT('', (57.5468954469358, 43.6453418272116, 36.9));
#6956 = CARTESIAN_POINT('', (57.5208681052849, 43.7889672105347, 36.9));
#6957 = CARTESIAN_POINT('', (57.4948407636341, 43.9325925938577, 36.9));
#6958 = CARTESIAN_POINT('', (57.4743066616819, 44.0776564969122, 36.9));
#6959 = CARTESIAN_POINT('', (57.4594492387743, 44.2228630058319, 36.9));
#6960 = CARTESIAN_POINT('', (57.4520205273204, 44.2954662602917, 36.9));
#6961 = CARTESIAN_POINT('', (57.4459771618028, 44.368430580953, 36.9));
#6962 = CARTESIAN_POINT('', (57.4413596682731, 44.441266678223, 36.9));
#6963 = CARTESIAN_POINT('', (57.4367421747433, 44.5141027754931, 36.9));
#6964 = CARTESIAN_POINT('', (57.4335229453487, 44.5872461341693, 36.9));
#6965 = CARTESIAN_POINT('', (57.4317235678389, 44.6602062640527, 36.9));
#6966 = CARTESIAN_POINT('', (57.430574676324, 44.706790859942, 36.9));
#6967 = CARTESIAN_POINT('', (57.43, 44.7534012390092, 36.9));
#6968 = CARTESIAN_POINT('', (57.43, 44.8, 36.9));
#6969 = CARTESIAN_POINT('', (63.1, 40.8, 35.23));
#6970 = CARTESIAN_POINT('', (62.9970267159598, 40.8, 35.23));
#6971 = CARTESIAN_POINT('', (62.8937458822542, 40.803994152139, 35.23));
#6972 = CARTESIAN_POINT('', (62.7910801478794, 40.8119467750586, 35.23));
#6973 = CARTESIAN_POINT('', (62.6884144135046, 40.8198993979781, 35.23));
#6974 = CARTESIAN_POINT('', (62.5857505162432, 40.8318579957766, 35.23));
#6975 = CARTESIAN_POINT('', (62.4840055937511, 40.8477157375171, 35.23));
#6976 = CARTESIAN_POINT('', (62.3822606712591, 40.8635734792575, 35.23));
#6977 = CARTESIAN_POINT('', (62.2808269616853, 40.8834250893767, 35.23));
#6978 = CARTESIAN_POINT('', (62.1806106129272, 40.9070932255013, 35.23));
#6979 = CARTESIAN_POINT('', (62.0803942641691, 40.9307613616259, 35.23));
#6980 = CARTESIAN_POINT('', (61.9807966451388, 40.9583874027053, 35.23));
#6981 = CARTESIAN_POINT('', (61.8827075012026, 40.9897245542649, 35.23));
#6982 = CARTESIAN_POINT('', (61.7846183572663, 41.0210617058246, 35.23));
#6983 = CARTESIAN_POINT('', (61.687451763955, 41.0562971568149, 35.23));
#6984 = CARTESIAN_POINT('', (61.5920757493097, 41.0951161348593, 35.23));
#6985 = CARTESIAN_POINT('', (61.4966997346645, 41.1339351129036, 35.23));
#6986 = CARTESIAN_POINT('', (61.4025445807888, 41.1765694988014, 35.23));
#6987 = CARTESIAN_POINT('', (61.310451413331, 41.222638422531, 35.23));
#6988 = CARTESIAN_POINT('', (61.2183582458733, 41.2687073462607, 35.23));
#6989 = CARTESIAN_POINT('', (61.1277769566553, 41.3184859953569, 35.23));
#6990 = CARTESIAN_POINT('', (61.039516744563, 41.3715296772374, 35.23));
#6991 = CARTESIAN_POINT('', (60.9512565324707, 41.4245733591179, 35.23));
#6992 = CARTESIAN_POINT('', (60.8647901850539, 41.4811989242507, 35.23));
#6993 = CARTESIAN_POINT('', (60.7808901407773, 41.5409005138143, 35.23));
#6994 = CARTESIAN_POINT('', (60.6969900965008, 41.6006021033778, 35.23));
#6995 = CARTESIAN_POINT('', (60.6151551878863, 41.6637363381026, 35.23));
#6996 = CARTESIAN_POINT('', (60.5361164789037, 41.7297392146186, 35.23));
#6997 = CARTESIAN_POINT('', (60.4570777699211, 41.7957420911345, 35.23));
#6998 = CARTESIAN_POINT('', (60.3803631317317, 41.8650078702011, 35.23));
#6999 = CARTESIAN_POINT('', (60.3066578868816, 41.9369177729099, 35.23));
#7000 = CARTESIAN_POINT('', (60.2329526420314, 42.0088276756188, 35.23));
#7001 = CARTESIAN_POINT('', (60.1618165205301, 42.0838112476861, 35.23));
#7002 = CARTESIAN_POINT('', (60.0938850098029, 42.1611986308719, 35.23));
#7003 = CARTESIAN_POINT('', (60.0259534990757, 42.2385860140576, 35.23));
#7004 = CARTESIAN_POINT('', (59.9608208178836, 42.3188394731915, 35.23));
#7005 = CARTESIAN_POINT('', (59.8990688225183, 42.4012420720244, 35.23));
#7006 = CARTESIAN_POINT('', (59.837316827153, 42.4836446708574, 35.23));
#7007 = CARTESIAN_POINT('', (59.7785766490156, 42.5686886320458, 35.23));
#7008 = CARTESIAN_POINT('', (59.7233730376113, 42.6556142238697, 35.23));
#7009 = CARTESIAN_POINT('', (59.668169426207, 42.7425398156937, 35.23));
#7010 = CARTESIAN_POINT('', (59.6161726289719, 42.8318662783994, 35.23));
#7011 = CARTESIAN_POINT('', (59.5678471540925, 42.9227956229681, 35.23));
#7012 = CARTESIAN_POINT('', (59.5195216792131, 43.0137249675368, 35.23));
#7013 = CARTESIAN_POINT('', (59.4745788599005, 43.1068003501815, 35.23));
#7014 = CARTESIAN_POINT('', (59.433420188335, 43.2011902912821, 35.23));
#7015 = CARTESIAN_POINT('', (59.3922615167695, 43.2955802323828, 35.23));
#7016 = CARTESIAN_POINT('', (59.3546411362557, 43.3918485596365, 35.23));
#7017 = CARTESIAN_POINT('', (59.3208951246995, 43.4891352695719, 35.23));
#7018 = CARTESIAN_POINT('', (59.2871491131434, 43.5864219795074, 35.23));
#7019 = CARTESIAN_POINT('', (59.2570758925403, 43.6853082033446, 35.23));
#7020 = CARTESIAN_POINT('', (59.230944118998, 43.7849105508951, 35.23));
#7021 = CARTESIAN_POINT('', (59.2048123454558, 43.8845128984455, 35.23));
#7022 = CARTESIAN_POINT('', (59.1824659237643, 43.9854263331299, 35.23));
#7023 = CARTESIAN_POINT('', (59.1641044834462, 44.0867493548745, 35.23));
#7024 = CARTESIAN_POINT('', (59.1457430431281, 44.1880723766192, 35.23));
#7025 = CARTESIAN_POINT('', (59.1312569041849, 44.2904102270985, 35.23));
#7026 = CARTESIAN_POINT('', (59.1207754770895, 44.3928486813628, 35.23));
#7027 = CARTESIAN_POINT('', (59.1155347635419, 44.444067908495, 35.23));
#7028 = CARTESIAN_POINT('', (59.1112713663512, 44.4955418560515, 35.23));
#7029 = CARTESIAN_POINT('', (59.1080138753249, 44.5469253461891, 35.23));
#7030 = CARTESIAN_POINT('', (59.1047563842986, 44.5983088363267, 35.23));
#7031 = CARTESIAN_POINT('', (59.1024853229975, 44.649909089361, 35.23));
#7032 = CARTESIAN_POINT('', (59.1012159208742, 44.7013800804604, 35.23));
#7033 = CARTESIAN_POINT('', (59.1004054153963, 44.7342439929044, 35.23));
#7034 = CARTESIAN_POINT('', (59.1, 44.7671260945391, 35.23));
#7035 = CARTESIAN_POINT('', (59.1, 44.8, 35.23));
#7036 = ADVANCED_FACE('', (#7037), #7043, .T.);
#7037 = FACE_OUTER_BOUND('', #7038, .T.);
#7038 = EDGE_LOOP('', (#7039, #7040, #7041, #7042));
#7039 = ORIENTED_EDGE('', *, *, #2473, .T.);
#7040 = ORIENTED_EDGE('', *, *, #6894, .T.);
#7041 = ORIENTED_EDGE('', *, *, #4427, .F.);
#7042 = ORIENTED_EDGE('', *, *, #2041, .F.);
#7043 = B_SPLINE_SURFACE_WITH_KNOTS('', 1, 1, ((#7044, #7045), (#7046, #7047)), .UNSPECIFIED., .F., .F., .U., (2, 2), (2, 2), (0., 19.6207843891258), (0., 1.), .UNSPECIFIED.);
#7044 = CARTESIAN_POINT('', (82.7207843891258, 40.8, 35.23));
#7045 = CARTESIAN_POINT('', (82.7207843891258, 39.13, 36.9));
#7046 = CARTESIAN_POINT('', (63.1, 40.8, 35.23));
#7047 = CARTESIAN_POINT('', (63.1, 39.13, 36.9));
#7048 = ADVANCED_FACE('', (#7049), #7053, .T.);
#7049 = FACE_OUTER_BOUND('', #7050, .T.);
#7050 = EDGE_LOOP('', (#7051, #7052));
#7051 = ORIENTED_EDGE('', *, *, #6862, .F.);
#7052 = ORIENTED_EDGE('', *, *, #4490, .F.);
#7053 = (
   BOUNDED_SURFACE ()
   B_SPLINE_SURFACE (2, 1, ((#7054, #7055), (#7056, #7057), (#7058, #7059), (#7060, #7061), (#7062, #7063), (#7064, #7065), (#7066, #7067), (#7068, #7069), (#7070, #7071)), .UNSPECIFIED., .T., .F., .U.)
   B_SPLINE_SURFACE_WITH_KNOTS ((3, 2, 2, 2, 3), (2, 2), (0., 4.47676953136546, 8.95353906273092, 13.4303085940964, 17.9070781254618), (0., 12.9), .UNSPECIFIED.)
   GEOMETRIC_REPRESENTATION_ITEM ()
   RATIONAL_B_SPLINE_SURFACE (((1., 1.), (0.707106781186548, 0.707106781186548), (1., 1.), (0.707106781186548, 0.707106781186548), (1., 1.), (0.707106781186548, 0.707106781186548), (1., 1.), (0.707106781186548, 0.707106781186548), (1., 1.)))
   REPRESENTATION_ITEM ('')
   SURFACE ()
);
#7054 = CARTESIAN_POINT('', (57.85, 42.6, 24.));
#7055 = CARTESIAN_POINT('', (57.85, 42.6, 36.9));
#7056 = CARTESIAN_POINT('', (57.85, 45.45, 24.));
#7057 = CARTESIAN_POINT('', (57.85, 45.45, 36.9));
#7058 = CARTESIAN_POINT('', (55., 45.45, 24.));
#7059 = CARTESIAN_POINT('', (55., 45.45, 36.9));
#7060 = CARTESIAN_POINT('', (52.15, 45.45, 24.));
#7061 = CARTESIAN_POINT('', (52.15, 45.45, 36.9));
#7062 = CARTESIAN_POINT('', (52.15, 42.6, 24.));
#7063 = CARTESIAN_POINT('', (52.15, 42.6, 36.9));
#7064 = CARTESIAN_POINT('', (52.15, 39.75, 24.));
#7065 = CARTESIAN_POINT('', (52.15, 39.75, 36.9));
#7066 = CARTESIAN_POINT('', (55., 39.75, 24.));
#7067 = CARTESIAN_POINT('', (55., 39.75, 36.9));
#7068 = CARTESIAN_POINT('', (57.85, 39.75, 24.));
#7069 = CARTESIAN_POINT('', (57.85, 39.75, 36.9));
#7070 = CARTESIAN_POINT('', (57.85, 42.6, 24.));
#7071 = CARTESIAN_POINT('', (57.85, 42.6, 36.9));
#7072 = ADVANCED_FACE('', (#7073), #7083, .T.);
#7073 = FACE_OUTER_BOUND('', #7074, .T.);
#7074 = EDGE_LOOP('', (#7075, #7081, #7082));
#7075 = ORIENTED_EDGE('', *, *, #7076, .T.);
#7076 = EDGE_CURVE('', #6281, #4754, #7077, .T.);
#7077 = (
   BOUNDED_CURVE ()
   B_SPLINE_CURVE (2, (#7078, #7079, #7080), .UNSPECIFIED., .F., .U.)
   B_SPLINE_CURVE_WITH_KNOTS ((3, 3), (0., 1.), .UNSPECIFIED.)
   CURVE ()
   GEOMETRIC_REPRESENTATION_ITEM ()
   RATIONAL_B_SPLINE_CURVE ((1., 0.987994947310725, 1.))
   REPRESENTATION_ITEM ('')
);
#7078 = CARTESIAN_POINT('', (32.35, 20.9, 36.03));
#7079 = CARTESIAN_POINT('', (32.35, 21.3456355304797, 36.4756355304797));
#7080 = CARTESIAN_POINT('', (32.2139638906957, 21.77, 36.9));
#7081 = ORIENTED_EDGE('', *, *, #4753, .F.);
#7082 = ORIENTED_EDGE('', *, *, #6288, .F.);
#7083 = (
   BOUNDED_SURFACE ()
   B_SPLINE_SURFACE (2, 1, ((#7084, #7085), (#7086, #7087), (#7088, #7089), (#7090, #7091), (#7092, #7093), (#7094, #7095), (#7096, #7097), (#7098, #7099), (#7100, #7101)), .UNSPECIFIED., .T., .F., .U.)
   B_SPLINE_SURFACE_WITH_KNOTS ((3, 2, 2, 2, 3), (2, 2), (0., 4.47676953136546, 8.95353906273092, 13.4303085940964, 17.9070781254618), (0., 12.9), .UNSPECIFIED.)
   GEOMETRIC_REPRESENTATION_ITEM ()
   RATIONAL_B_SPLINE_SURFACE (((1., 1.), (0.707106781186548, 0.707106781186548), (1., 1.), (0.707106781186548, 0.707106781186548), (1., 1.), (0.707106781186548, 0.707106781186548), (1., 1.), (0.707106781186548, 0.707106781186548), (1., 1.)))
   REPRESENTATION_ITEM ('')
   SURFACE ()
);
#7084 = CARTESIAN_POINT('', (32.35, 20.9, 24.));
#7085 = CARTESIAN_POINT('', (32.35, 20.9, 36.9));
#7086 = CARTESIAN_POINT('', (32.35, 23.75, 24.));
#7087 = CARTESIAN_POINT('', (32.35, 23.75, 36.9));
#7088 = CARTESIAN_POINT('', (29.5, 23.75, 24.));
#7089 = CARTESIAN_POINT('', (29.5, 23.75, 36.9));
#7090 = CARTESIAN_POINT('', (26.65, 23.75, 24.));
#7091 = CARTESIAN_POINT('', (26.65, 23.75, 36.9));
#7092 = CARTESIAN_POINT('', (26.65, 20.9, 24.));
#7093 = CARTESIAN_POINT('', (26.65, 20.9, 36.9));
#7094 = CARTESIAN_POINT('', (26.65, 18.05, 24.));
#7095 = CARTESIAN_POINT('', (26.65, 18.05, 36.9));
#7096 = CARTESIAN_POINT('', (29.5, 18.05, 24.));
#7097 = CARTESIAN_POINT('', (29.5, 18.05, 36.9));
#7098 = CARTESIAN_POINT('', (32.35, 18.05, 24.));
#7099 = CARTESIAN_POINT('', (32.35, 18.05, 36.9));
#7100 = CARTESIAN_POINT('', (32.35, 20.9, 24.));
#7101 = CARTESIAN_POINT('', (32.35, 20.9, 36.9));
#7102 = ADVANCED_FACE('', (#7103), #7110, .T.);
#7103 = FACE_OUTER_BOUND('', #7104, .T.);
#7104 = EDGE_LOOP('', (#7105, #7106, #7107, #7108, #7109));
#7105 = ORIENTED_EDGE('', *, *, #7076, .F.);
#7106 = ORIENTED_EDGE('', *, *, #6280, .F.);
#7107 = ORIENTED_EDGE('', *, *, #6250, .T.);
#7108 = ORIENTED_EDGE('', *, *, #6003, .T.);
#7109 = ORIENTED_EDGE('', *, *, #4761, .F.);
#7110 = B_SPLINE_SURFACE_WITH_KNOTS('', 1, 1, ((#7111, #7112), (#7113, #7114)), .UNSPECIFIED., .F., .F., .U., (2, 2), (2, 2), (0., 40.7), (0., 1.), .UNSPECIFIED.);
#7111 = CARTESIAN_POINT('', (1.4, 20.1, 35.23));
#7112 = CARTESIAN_POINT('', (1.40000000000001, 21.77, 36.9));
#7113 = CARTESIAN_POINT('', (42.1, 20.1, 35.23));
#7114 = CARTESIAN_POINT('', (42.1, 21.77, 36.9));
#7115 = ADVANCED_FACE('', (#7116), #7126, .T.);
#7116 = FACE_OUTER_BOUND('', #7117, .T.);
#7117 = EDGE_LOOP('', (#7118, #7119, #7120, #7121));
#7118 = ORIENTED_EDGE('', *, *, #5978, .F.);
#7119 = ORIENTED_EDGE('', *, *, #6226, .F.);
#7120 = ORIENTED_EDGE('', *, *, #3046, .T.);
#7121 = ORIENTED_EDGE('', *, *, #7122, .T.);
#7122 = EDGE_CURVE('', #3039, #5789, #7123, .T.);
#7123 = B_SPLINE_CURVE_WITH_KNOTS('', 1, (#7124, #7125), .UNSPECIFIED., .F., .U., (2, 2), (0.764397905759162, 0.956282722513089), .UNSPECIFIED.);
#7124 = CARTESIAN_POINT('', (46.1, 1.4, 27.9));
#7125 = CARTESIAN_POINT('', (46.1, 1.4, 35.23));
#7126 = B_SPLINE_SURFACE_WITH_KNOTS('', 1, 1, ((#7127, #7128), (#7129, #7130)), .UNSPECIFIED., .F., .F., .U., (2, 2), (2, 2), (0.599455040871935, 1.), (0.764397905759162, 0.956282722513089), .UNSPECIFIED.);
#7127 = CARTESIAN_POINT('', (46.1, 16.1, 27.9));
#7128 = CARTESIAN_POINT('', (46.1, 16.1, 35.23));
#7129 = CARTESIAN_POINT('', (46.1, 1.4, 27.9));
#7130 = CARTESIAN_POINT('', (46.1, 1.4, 35.23));
#7131 = ADVANCED_FACE('', (#7132), #7142, .T.);
#7132 = FACE_OUTER_BOUND('', #7133, .T.);
#7133 = EDGE_LOOP('', (#7134, #7135, #7136, #7137));
#7134 = ORIENTED_EDGE('', *, *, #5788, .F.);
#7135 = ORIENTED_EDGE('', *, *, #7122, .F.);
#7136 = ORIENTED_EDGE('', *, *, #3038, .T.);
#7137 = ORIENTED_EDGE('', *, *, #7138, .T.);
#7138 = EDGE_CURVE('', #3032, #5750, #7139, .T.);
#7139 = B_SPLINE_CURVE_WITH_KNOTS('', 1, (#7140, #7141), .UNSPECIFIED., .F., .U., (2, 2), (0.764397905759162, 0.956282722513089), .UNSPECIFIED.);
#7140 = CARTESIAN_POINT('', (48.8, -1.3, 27.9));
#7141 = CARTESIAN_POINT('', (48.8, -1.3, 35.23));
#7142 = (
   BOUNDED_SURFACE ()
   B_SPLINE_SURFACE (2, 1, ((#7143, #7144), (#7145, #7146), (#7147, #7148)), .UNSPECIFIED., .F., .F., .U.)
   B_SPLINE_SURFACE_WITH_KNOTS ((3, 3), (2, 2), (8.48230016469245, 12.7234502470387), (29.2, 36.53), .UNSPECIFIED.)
   GEOMETRIC_REPRESENTATION_ITEM ()
   RATIONAL_B_SPLINE_SURFACE (((1., 1.), (0.707106781186548, 0.707106781186548), (1., 1.)))
   REPRESENTATION_ITEM ('')
   SURFACE ()
);
#7143 = CARTESIAN_POINT('', (46.1, 1.4, 27.9));
#7144 = CARTESIAN_POINT('', (46.1, 1.4, 35.23));
#7145 = CARTESIAN_POINT('', (46.1, -1.3, 27.9));
#7146 = CARTESIAN_POINT('', (46.1, -1.3, 35.23));
#7147 = CARTESIAN_POINT('', (48.8, -1.3, 27.9));
#7148 = CARTESIAN_POINT('', (48.8, -1.3, 35.23));
#7149 = ADVANCED_FACE('', (#7150), #7170, .T.);
#7150 = FACE_OUTER_BOUND('', #7151, .T.);
#7151 = EDGE_LOOP('', (#7152, #7159, #7164, #7165, #7166, #7167, #7168, #7169));
#7152 = ORIENTED_EDGE('', *, *, #7153, .T.);
#7153 = EDGE_CURVE('', #2970, #7154, #7156, .T.);
#7154 = VERTEX_POINT('', #7155);
#7155 = CARTESIAN_POINT('', (2.3, -1.3, 13.25));
#7156 = B_SPLINE_CURVE_WITH_KNOTS('', 1, (#7157, #7158), .UNSPECIFIED., .F., .U., (2, 2), (0., 0.0599193664965511), .UNSPECIFIED.);
#7157 = CARTESIAN_POINT('', (1.39999999999999, -1.3, 13.25));
#7158 = CARTESIAN_POINT('', (2.3, -1.3, 13.25));
#7159 = ORIENTED_EDGE('', *, *, #7160, .T.);
#7160 = EDGE_CURVE('', #7154, #3162, #7161, .T.);
#7161 = B_SPLINE_CURVE_WITH_KNOTS('', 1, (#7162, #7163), .UNSPECIFIED., .F., .U., (2, 2), (0., 1.), .UNSPECIFIED.);
#7162 = CARTESIAN_POINT('', (2.3, -1.3, 13.25));
#7163 = CARTESIAN_POINT('', (2.3, -1.3, 24.));
#7164 = ORIENTED_EDGE('', *, *, #3161, .T.);
#7165 = ORIENTED_EDGE('', *, *, #3375, .T.);
#7166 = ORIENTED_EDGE('', *, *, #5749, .F.);
#7167 = ORIENTED_EDGE('', *, *, #7138, .F.);
#7168 = ORIENTED_EDGE('', *, *, #3031, .F.);
#7169 = ORIENTED_EDGE('', *, *, #2977, .F.);
#7170 = B_SPLINE_SURFACE_WITH_KNOTS('', 1, 1, ((#7171, #7172), (#7173, #7174)), .UNSPECIFIED., .F., .F., .U., (2, 2), (2, 2), (0., 1.78627450980392), (0.0571917808219178, 1.25102739726027), .UNSPECIFIED.);
#7171 = CARTESIAN_POINT('', (1.4, -1.3, 0.37));
#7172 = CARTESIAN_POINT('', (1.4, -1.3, 35.23));
#7173 = CARTESIAN_POINT('', (92.5, -1.3, 0.37));
#7174 = CARTESIAN_POINT('', (92.5, -1.3, 35.23));
#7175 = ADVANCED_FACE('', (#7176), #7200, .T.);
#7176 = FACE_OUTER_BOUND('', #7177, .T.);
#7177 = EDGE_LOOP('', (#7178, #7185, #7186, #7187, #7194));
#7178 = ORIENTED_EDGE('', *, *, #7179, .T.);
#7179 = EDGE_CURVE('', #7180, #3169, #7182, .T.);
#7180 = VERTEX_POINT('', #7181);
#7181 = CARTESIAN_POINT('', (2.3, 1.6, 15.6248786379167));
#7182 = B_SPLINE_CURVE_WITH_KNOTS('', 1, (#7183, #7184), .UNSPECIFIED., .F., .U., (2, 2), (0.220918943062023, 1.), .UNSPECIFIED.);
#7183 = CARTESIAN_POINT('', (2.3, 1.6, 15.6248786379167));
#7184 = CARTESIAN_POINT('', (2.3, 1.6, 24.));
#7185 = ORIENTED_EDGE('', *, *, #3168, .T.);
#7186 = ORIENTED_EDGE('', *, *, #7160, .F.);
#7187 = ORIENTED_EDGE('', *, *, #7188, .T.);
#7188 = EDGE_CURVE('', #7154, #7189, #7191, .T.);
#7189 = VERTEX_POINT('', #7190);
#7190 = CARTESIAN_POINT('', (2.3, 1.30178585666447, 13.25));
#7191 = B_SPLINE_CURVE_WITH_KNOTS('', 1, (#7192, #7193), .UNSPECIFIED., .F., .U., (2, 2), (0.00347222222222223, 0.0938120089119606), .UNSPECIFIED.);
#7192 = CARTESIAN_POINT('', (2.3, -1.3, 13.25));
#7193 = CARTESIAN_POINT('', (2.3, 1.30178585666447, 13.25));
#7194 = ORIENTED_EDGE('', *, *, #7195, .F.);
#7195 = EDGE_CURVE('', #7180, #7189, #7196, .T.);
#7196 = (
   BOUNDED_CURVE ()
   B_SPLINE_CURVE (2, (#7197, #7198, #7199), .UNSPECIFIED., .F., .U.)
   B_SPLINE_CURVE_WITH_KNOTS ((3, 3), (0.83331690598472, 1.), .UNSPECIFIED.)
   CURVE ()
   GEOMETRIC_REPRESENTATION_ITEM ()
   RATIONAL_B_SPLINE_CURVE ((0.939837464342918, 0.963901767007841, 1.))
   REPRESENTATION_ITEM ('')
);
#7197 = CARTESIAN_POINT('', (2.3, 1.6, 15.6248786379167));
#7198 = CARTESIAN_POINT('', (2.3, 1.32327970790975, 14.4534637450486));
#7199 = CARTESIAN_POINT('', (2.3, 1.30178585666447, 13.25));
#7200 = B_SPLINE_SURFACE_WITH_KNOTS('', 1, 1, ((#7201, #7202), (#7203, #7204)), .UNSPECIFIED., .F., .F., .U., (2, 2), (2, 2), (0., 1.), (0., 1.), .UNSPECIFIED.);
#7201 = CARTESIAN_POINT('', (2.3, -1.4, 13.25));
#7202 = CARTESIAN_POINT('', (2.3, -1.4, 24.25));
#7203 = CARTESIAN_POINT('', (2.3, 27.4, 13.25));
#7204 = CARTESIAN_POINT('', (2.3, 27.4, 24.25));
#7205 = ADVANCED_FACE('', (#7206), #7224, .T.);
#7206 = FACE_OUTER_BOUND('', #7207, .T.);
#7207 = EDGE_LOOP('', (#7208, #7215, #7220, #7221, #7222, #7223));
#7208 = ORIENTED_EDGE('', *, *, #7209, .T.);
#7209 = EDGE_CURVE('', #2902, #7210, #7212, .T.);
#7210 = VERTEX_POINT('', #7211);
#7211 = CARTESIAN_POINT('', (-0.9, 1.30178585666447, 13.25));
#7212 = B_SPLINE_CURVE_WITH_KNOTS('', 1, (#7213, #7214), .UNSPECIFIED., .F., .U., (2, 2), (7.0031689683747E-5, 0.0314554751742461), .UNSPECIFIED.);
#7213 = CARTESIAN_POINT('', (-0.9, 0.551673757383425, 13.25));
#7214 = CARTESIAN_POINT('', (-0.9, 1.30178585666447, 13.25));
#7215 = ORIENTED_EDGE('', *, *, #7216, .T.);
#7216 = EDGE_CURVE('', #7210, #7189, #7217, .T.);
#7217 = B_SPLINE_CURVE_WITH_KNOTS('', 1, (#7218, #7219), .UNSPECIFIED., .F., .U., (2, 2), (0.17032967032967, 0.60989010989011), .UNSPECIFIED.);
#7218 = CARTESIAN_POINT('', (-0.9, 1.30178585666447, 13.25));
#7219 = CARTESIAN_POINT('', (2.3, 1.30178585666447, 13.25));
#7220 = ORIENTED_EDGE('', *, *, #7188, .F.);
#7221 = ORIENTED_EDGE('', *, *, #7153, .F.);
#7222 = ORIENTED_EDGE('', *, *, #2969, .F.);
#7223 = ORIENTED_EDGE('', *, *, #2899, .T.);
#7224 = B_SPLINE_SURFACE_WITH_KNOTS('', 1, 1, ((#7225, #7226), (#7227, #7228)), .UNSPECIFIED., .F., .F., .U., (2, 2), (2, 2), (0., 1.), (0., 1.), .UNSPECIFIED.);
#7225 = CARTESIAN_POINT('', (16.4201855029928, -2.97018550299276, 13.25));
#7226 = CARTESIAN_POINT('', (16.4201855029928, 28.9701855029928, 13.25));
#7227 = CARTESIAN_POINT('', (-15.5201855029928, -2.97018550299276, 13.25));
#7228 = CARTESIAN_POINT('', (-15.5201855029928, 28.9701855029928, 13.25));
#7229 = ADVANCED_FACE('', (#7230), #7285, .F.);
#7230 = FACE_OUTER_BOUND('', #7231, .F.);
#7231 = EDGE_LOOP('', (#7232, #7233, #7234, #7241, #7249, #7257, #7264, #7272, #7279));
#7232 = ORIENTED_EDGE('', *, *, #7216, .T.);
#7233 = ORIENTED_EDGE('', *, *, #7195, .F.);
#7234 = ORIENTED_EDGE('', *, *, #7235, .F.);
#7235 = EDGE_CURVE('', #7236, #7180, #7238, .T.);
#7236 = VERTEX_POINT('', #7237);
#7237 = CARTESIAN_POINT('', (2.1, 1.6, 15.6248786379167));
#7238 = B_SPLINE_CURVE_WITH_KNOTS('', 1, (#7239, #7240), .UNSPECIFIED., .F., .U., (2, 2), (0., 0.105263157894737), .UNSPECIFIED.);
#7239 = CARTESIAN_POINT('', (2.1, 1.6, 15.6248786379167));
#7240 = CARTESIAN_POINT('', (2.3, 1.6, 15.6248786379167));
#7241 = ORIENTED_EDGE('', *, *, #7242, .F.);
#7242 = EDGE_CURVE('', #7243, #7236, #7245, .T.);
#7243 = VERTEX_POINT('', #7244);
#7244 = CARTESIAN_POINT('', (1.6, 2.1, 17.2069219381653));
#7245 = (
   BOUNDED_CURVE ()
   B_SPLINE_CURVE (2, (#7246, #7247, #7248), .UNSPECIFIED., .F., .U.)
   B_SPLINE_CURVE_WITH_KNOTS ((3, 3), (0., 1.), .UNSPECIFIED.)
   CURVE ()
   GEOMETRIC_REPRESENTATION_ITEM ()
   RATIONAL_B_SPLINE_CURVE ((1., 0.997253022133767, 1.))
   REPRESENTATION_ITEM ('')
);
#7246 = CARTESIAN_POINT('', (1.6, 2.1, 17.2069219381653));
#7247 = CARTESIAN_POINT('', (1.90875260572444, 1.79124739427556, 16.4344688713773));
#7248 = CARTESIAN_POINT('', (2.1, 1.6, 15.6248786379167));
#7249 = ORIENTED_EDGE('', *, *, #7250, .T.);
#7250 = EDGE_CURVE('', #7243, #7251, #7253, .T.);
#7251 = VERTEX_POINT('', #7252);
#7252 = CARTESIAN_POINT('', (1.6, 1.6, 15.6248786379167));
#7253 = (
   BOUNDED_CURVE ()
   B_SPLINE_CURVE (2, (#7254, #7255, #7256), .UNSPECIFIED., .F., .U.)
   B_SPLINE_CURVE_WITH_KNOTS ((3, 3), (0.883317976831184, 1.), .UNSPECIFIED.)
   CURVE ()
   GEOMETRIC_REPRESENTATION_ITEM ()
   RATIONAL_B_SPLINE_CURVE ((0.955513551663923, 0.974818553735503, 1.))
   REPRESENTATION_ITEM ('')
);
#7254 = CARTESIAN_POINT('', (1.6, 2.1, 17.2069219381653));
#7255 = CARTESIAN_POINT('', (1.6, 1.79124739427556, 16.4344688713773));
#7256 = CARTESIAN_POINT('', (1.6, 1.6, 15.6248786379167));
#7257 = ORIENTED_EDGE('', *, *, #7258, .F.);
#7258 = EDGE_CURVE('', #7259, #7251, #7261, .T.);
#7259 = VERTEX_POINT('', #7260);
#7260 = CARTESIAN_POINT('', (1.2, 1.6, 15.6248786379167));
#7261 = B_SPLINE_CURVE_WITH_KNOTS('', 1, (#7262, #7263), .UNSPECIFIED., .F., .U., (2, 2), (0., 1.), .UNSPECIFIED.);
#7262 = CARTESIAN_POINT('', (1.2, 1.6, 15.6248786379167));
#7263 = CARTESIAN_POINT('', (1.6, 1.6, 15.6248786379167));
#7264 = ORIENTED_EDGE('', *, *, #7265, .F.);
#7265 = EDGE_CURVE('', #7266, #7259, #7268, .T.);
#7266 = VERTEX_POINT('', #7267);
#7267 = CARTESIAN_POINT('', (1.2, 12.5, 24.25));
#7268 = (
   BOUNDED_CURVE ()
   B_SPLINE_CURVE (2, (#7269, #7270, #7271), .UNSPECIFIED., .F., .U.)
   B_SPLINE_CURVE_WITH_KNOTS ((3, 3), (0., 1.), .UNSPECIFIED.)
   CURVE ()
   GEOMETRIC_REPRESENTATION_ITEM ()
   RATIONAL_B_SPLINE_CURVE ((1., 0.784187438813395, 1.))
   REPRESENTATION_ITEM ('')
);
#7269 = CARTESIAN_POINT('', (1.2, 12.5, 24.25));
#7270 = CARTESIAN_POINT('', (1.2, 3.637489976575, 24.25));
#7271 = CARTESIAN_POINT('', (1.2, 1.6, 15.6248786379167));
#7272 = ORIENTED_EDGE('', *, *, #7273, .F.);
#7273 = EDGE_CURVE('', #7274, #7266, #7276, .T.);
#7274 = VERTEX_POINT('', #7275);
#7275 = CARTESIAN_POINT('', (-0.9, 12.5, 24.25));
#7276 = B_SPLINE_CURVE_WITH_KNOTS('', 1, (#7277, #7278), .UNSPECIFIED., .F., .U., (2, 2), (0.1, 2.2), .UNSPECIFIED.);
#7277 = CARTESIAN_POINT('', (-0.9, 12.5, 24.25));
#7278 = CARTESIAN_POINT('', (1.2, 12.5, 24.25));
#7279 = ORIENTED_EDGE('', *, *, #7280, .T.);
#7280 = EDGE_CURVE('', #7274, #7210, #7281, .T.);
#7281 = (
   BOUNDED_CURVE ()
   B_SPLINE_CURVE (2, (#7282, #7283, #7284), .UNSPECIFIED., .F., .U.)
   B_SPLINE_CURVE_WITH_KNOTS ((3, 3), (0., 0.246854655073728), .UNSPECIFIED.)
   CURVE ()
   GEOMETRIC_REPRESENTATION_ITEM ()
   RATIONAL_B_SPLINE_CURVE ((1., 0.710791781985485, 0.992722723190655))
   REPRESENTATION_ITEM ('')
);
#7282 = CARTESIAN_POINT('', (-0.9, 12.5, 24.25));
#7283 = CARTESIAN_POINT('', (-0.9, 1.49824575391597, 24.25));
#7284 = CARTESIAN_POINT('', (-0.9, 1.30178585666447, 13.25));
#7285 = (
   BOUNDED_SURFACE ()
   B_SPLINE_SURFACE (2, 1, ((#7286, #7287), (#7288, #7289), (#7290, #7291), (#7292, #7293), (#7294, #7295), (#7296, #7297), (#7298, #7299), (#7300, #7301), (#7302, #7303)), .UNSPECIFIED., .T., .F., .U.)
   B_SPLINE_SURFACE_WITH_KNOTS ((3, 2, 2, 2, 3), (2, 2), (0., 17.5929188601028, 35.1858377202057, 52.7787565803085, 70.3716754404114), (-1.14, 6.14), .UNSPECIFIED.)
   GEOMETRIC_REPRESENTATION_ITEM ()
   RATIONAL_B_SPLINE_SURFACE (((1., 1.), (0.707106781186548, 0.707106781186548), (1., 1.), (0.707106781186548, 0.707106781186548), (1., 1.), (0.707106781186548, 0.707106781186548), (1., 1.), (0.707106781186548, 0.707106781186548), (1., 1.)))
   REPRESENTATION_ITEM ('')
   SURFACE ()
);
#7286 = CARTESIAN_POINT('', (-2.14, 12.5, 24.25));
#7287 = CARTESIAN_POINT('', (5.14, 12.5, 24.25));
#7288 = CARTESIAN_POINT('', (-2.14, 1.3, 24.25));
#7289 = CARTESIAN_POINT('', (5.14, 1.3, 24.25));
#7290 = CARTESIAN_POINT('', (-2.14, 1.3, 13.05));
#7291 = CARTESIAN_POINT('', (5.14, 1.3, 13.05));
#7292 = CARTESIAN_POINT('', (-2.14, 1.3, 1.85));
#7293 = CARTESIAN_POINT('', (5.14, 1.3, 1.85));
#7294 = CARTESIAN_POINT('', (-2.14, 12.5, 1.85));
#7295 = CARTESIAN_POINT('', (5.14, 12.5, 1.85));
#7296 = CARTESIAN_POINT('', (-2.14, 23.7, 1.85));
#7297 = CARTESIAN_POINT('', (5.14, 23.7, 1.85));
#7298 = CARTESIAN_POINT('', (-2.14, 23.7, 13.05));
#7299 = CARTESIAN_POINT('', (5.14, 23.7, 13.05));
#7300 = CARTESIAN_POINT('', (-2.14, 23.7, 24.25));
#7301 = CARTESIAN_POINT('', (5.14, 23.7, 24.25));
#7302 = CARTESIAN_POINT('', (-2.14, 12.5, 24.25));
#7303 = CARTESIAN_POINT('', (5.14, 12.5, 24.25));
#7304 = ADVANCED_FACE('', (#7305), #7331, .F.);
#7305 = FACE_OUTER_BOUND('', #7306, .F.);
#7306 = EDGE_LOOP('', (#7307, #7316, #7322, #7323, #7324, #7325));
#7307 = ORIENTED_EDGE('', *, *, #7308, .T.);
#7308 = EDGE_CURVE('', #7309, #7311, #7313, .T.);
#7309 = VERTEX_POINT('', #7310);
#7310 = CARTESIAN_POINT('', (-0.9, 23.6982141433355, 13.25));
#7311 = VERTEX_POINT('', #7312);
#7312 = CARTESIAN_POINT('', (-0.9, 24.4483262426166, 13.25));
#7313 = B_SPLINE_CURVE_WITH_KNOTS('', 1, (#7314, #7315), .UNSPECIFIED., .F., .U., (2, 2), (0.968544524825754, 0.999929968310317), .UNSPECIFIED.);
#7314 = CARTESIAN_POINT('', (-0.9, 23.6982141433355, 13.25));
#7315 = CARTESIAN_POINT('', (-0.9, 24.4483262426166, 13.25));
#7316 = ORIENTED_EDGE('', *, *, #7317, .T.);
#7317 = EDGE_CURVE('', #7311, #2909, #7318, .T.);
#7318 = (
   BOUNDED_CURVE ()
   B_SPLINE_CURVE (2, (#7319, #7320, #7321), .UNSPECIFIED., .F., .U.)
   B_SPLINE_CURVE_WITH_KNOTS ((3, 3), (56.5344405722064, 75.084064420796), .UNSPECIFIED.)
   CURVE ()
   GEOMETRIC_REPRESENTATION_ITEM ()
   RATIONAL_B_SPLINE_CURVE ((0.993172506706627, 0.710561271358805, 1.))
   REPRESENTATION_ITEM ('')
);
#7319 = CARTESIAN_POINT('', (-0.9, 24.4483262426166, 13.25));
#7320 = CARTESIAN_POINT('', (-0.9, 24.2516459752484, 25.));
#7321 = CARTESIAN_POINT('', (-0.9, 12.5, 25.));
#7322 = ORIENTED_EDGE('', *, *, #2908, .T.);
#7323 = ORIENTED_EDGE('', *, *, #7209, .T.);
#7324 = ORIENTED_EDGE('', *, *, #7280, .F.);
#7325 = ORIENTED_EDGE('', *, *, #7326, .F.);
#7326 = EDGE_CURVE('', #7309, #7274, #7327, .T.);
#7327 = (
   BOUNDED_CURVE ()
   B_SPLINE_CURVE (2, (#7328, #7329, #7330), .UNSPECIFIED., .F., .U.)
   B_SPLINE_CURVE_WITH_KNOTS ((3, 3), (0.753145344926271, 1.), .UNSPECIFIED.)
   CURVE ()
   GEOMETRIC_REPRESENTATION_ITEM ()
   RATIONAL_B_SPLINE_CURVE ((0.992722723190656, 0.710791781985484, 1.))
   REPRESENTATION_ITEM ('')
);
#7328 = CARTESIAN_POINT('', (-0.9, 23.6982141433355, 13.25));
#7329 = CARTESIAN_POINT('', (-0.9, 23.5017542460841, 24.25));
#7330 = CARTESIAN_POINT('', (-0.9, 12.5, 24.25));
#7331 = B_SPLINE_SURFACE_WITH_KNOTS('', 1, 1, ((#7332, #7333), (#7334, #7335)), .UNSPECIFIED., .F., .F., .U., (2, 2), (2, 2), (0., 1.), (0., 1.), .UNSPECIFIED.);
#7332 = CARTESIAN_POINT('', (-0.9, -6.08983727739434, -5.53983727739434));
#7333 = CARTESIAN_POINT('', (-0.9, -6.08983727739434, 31.6398372773943));
#7334 = CARTESIAN_POINT('', (-0.9, 31.0898372773943, -5.53983727739434));
#7335 = CARTESIAN_POINT('', (-0.9, 31.0898372773943, 31.6398372773943));
#7336 = ADVANCED_FACE('', (#7337), #7347, .F.);
#7337 = FACE_OUTER_BOUND('', #7338, .F.);
#7338 = EDGE_LOOP('', (#7339, #7344, #7345, #7346));
#7339 = ORIENTED_EDGE('', *, *, #7340, .F.);
#7340 = EDGE_CURVE('', #2826, #7311, #7341, .T.);
#7341 = B_SPLINE_CURVE_WITH_KNOTS('', 1, (#7342, #7343), .UNSPECIFIED., .F., .U., (2, 2), (0.2, 1.), .UNSPECIFIED.);
#7342 = CARTESIAN_POINT('', (-1.3, 24.4483262426166, 13.25));
#7343 = CARTESIAN_POINT('', (-0.9, 24.4483262426166, 13.25));
#7344 = ORIENTED_EDGE('', *, *, #2832, .T.);
#7345 = ORIENTED_EDGE('', *, *, #2916, .T.);
#7346 = ORIENTED_EDGE('', *, *, #7317, .F.);
#7347 = (
   BOUNDED_SURFACE ()
   B_SPLINE_SURFACE (2, 1, ((#7348, #7349), (#7350, #7351), (#7352, #7353), (#7354, #7355), (#7356, #7357), (#7358, #7359), (#7360, #7361), (#7362, #7363), (#7364, #7365)), .UNSPECIFIED., .T., .F., .U.)
   B_SPLINE_SURFACE_WITH_KNOTS ((3, 2, 2, 2, 3), (2, 2), (0., 18.771016105199, 37.542032210398, 56.3130483155971, 75.084064420796), (0., 0.5), .UNSPECIFIED.)
   GEOMETRIC_REPRESENTATION_ITEM ()
   RATIONAL_B_SPLINE_SURFACE (((1., 1.), (0.707106781186548, 0.707106781186548), (1., 1.), (0.707106781186548, 0.707106781186548), (1., 1.), (0.707106781186548, 0.707106781186548), (1., 1.), (0.707106781186548, 0.707106781186548), (1., 1.)))
   REPRESENTATION_ITEM ('')
   SURFACE ()
);
#7348 = CARTESIAN_POINT('', (-1.4, 12.5, 25.));
#7349 = CARTESIAN_POINT('', (-0.9, 12.5, 25.));
#7350 = CARTESIAN_POINT('', (-1.4, 0.550000000000001, 25.));
#7351 = CARTESIAN_POINT('', (-0.9, 0.550000000000001, 25.));
#7352 = CARTESIAN_POINT('', (-1.4, 0.550000000000001, 13.05));
#7353 = CARTESIAN_POINT('', (-0.9, 0.550000000000001, 13.05));
#7354 = CARTESIAN_POINT('', (-1.4, 0.549999999999999, 1.1));
#7355 = CARTESIAN_POINT('', (-0.9, 0.549999999999999, 1.1));
#7356 = CARTESIAN_POINT('', (-1.4, 12.5, 1.1));
#7357 = CARTESIAN_POINT('', (-0.9, 12.5, 1.1));
#7358 = CARTESIAN_POINT('', (-1.4, 24.45, 1.1));
#7359 = CARTESIAN_POINT('', (-0.9, 24.45, 1.1));
#7360 = CARTESIAN_POINT('', (-1.4, 24.45, 13.05));
#7361 = CARTESIAN_POINT('', (-0.9, 24.45, 13.05));
#7362 = CARTESIAN_POINT('', (-1.4, 24.45, 25.));
#7363 = CARTESIAN_POINT('', (-0.9, 24.45, 25.));
#7364 = CARTESIAN_POINT('', (-1.4, 12.5, 25.));
#7365 = CARTESIAN_POINT('', (-0.9, 12.5, 25.));
#7366 = ADVANCED_FACE('', (#7367), #7405, .T.);
#7367 = FACE_OUTER_BOUND('', #7368, .T.);
#7368 = EDGE_LOOP('', (#7369, #7378, #7385, #7390, #7391, #7392, #7393, #7400));
#7369 = ORIENTED_EDGE('', *, *, #7370, .F.);
#7370 = EDGE_CURVE('', #7371, #7373, #7375, .T.);
#7371 = VERTEX_POINT('', #7372);
#7372 = CARTESIAN_POINT('', (1.2, 24.4483262426166, 13.25));
#7373 = VERTEX_POINT('', #7374);
#7374 = CARTESIAN_POINT('', (1.6, 24.4483262426166, 13.25));
#7375 = B_SPLINE_CURVE_WITH_KNOTS('', 1, (#7376, #7377), .UNSPECIFIED., .F., .U., (2, 2), (0., 0.8), .UNSPECIFIED.);
#7376 = CARTESIAN_POINT('', (1.2, 24.4483262426166, 13.25));
#7377 = CARTESIAN_POINT('', (1.6, 24.4483262426166, 13.25));
#7378 = ORIENTED_EDGE('', *, *, #7379, .T.);
#7379 = EDGE_CURVE('', #7371, #7380, #7382, .T.);
#7380 = VERTEX_POINT('', #7381);
#7381 = CARTESIAN_POINT('', (1.2, 23.6982141433355, 13.25));
#7382 = B_SPLINE_CURVE_WITH_KNOTS('', 1, (#7383, #7384), .UNSPECIFIED., .F., .U., (2, 2), (7.324977608036E-5, 0.0329009127643097), .UNSPECIFIED.);
#7383 = CARTESIAN_POINT('', (1.2, 24.4483262426166, 13.25));
#7384 = CARTESIAN_POINT('', (1.2, 23.6982141433355, 13.25));
#7385 = ORIENTED_EDGE('', *, *, #7386, .F.);
#7386 = EDGE_CURVE('', #7309, #7380, #7387, .T.);
#7387 = B_SPLINE_CURVE_WITH_KNOTS('', 1, (#7388, #7389), .UNSPECIFIED., .F., .U., (2, 2), (0.17032967032967, 0.458791208791209), .UNSPECIFIED.);
#7388 = CARTESIAN_POINT('', (-0.9, 23.6982141433355, 13.25));
#7389 = CARTESIAN_POINT('', (1.2, 23.6982141433355, 13.25));
#7390 = ORIENTED_EDGE('', *, *, #7308, .T.);
#7391 = ORIENTED_EDGE('', *, *, #7340, .F.);
#7392 = ORIENTED_EDGE('', *, *, #2823, .F.);
#7393 = ORIENTED_EDGE('', *, *, #7394, .F.);
#7394 = EDGE_CURVE('', #7395, #2824, #7397, .T.);
#7395 = VERTEX_POINT('', #7396);
#7396 = CARTESIAN_POINT('', (1.6, 27.4, 13.25));
#7397 = B_SPLINE_CURVE_WITH_KNOTS('', 1, (#7398, #7399), .UNSPECIFIED., .F., .U., (2, 2), (0.189189189189189, 0.972972972972973), .UNSPECIFIED.);
#7398 = CARTESIAN_POINT('', (1.6, 27.4, 13.25));
#7399 = CARTESIAN_POINT('', (-1.3, 27.4, 13.25));
#7400 = ORIENTED_EDGE('', *, *, #7401, .T.);
#7401 = EDGE_CURVE('', #7395, #7373, #7402, .T.);
#7402 = B_SPLINE_CURVE_WITH_KNOTS('', 1, (#7403, #7404), .UNSPECIFIED., .F., .U., (2, 2), (0.120323870194276, 0.346511673713242), .UNSPECIFIED.);
#7403 = CARTESIAN_POINT('', (1.6, 27.4, 13.25));
#7404 = CARTESIAN_POINT('', (1.6, 24.4483262426166, 13.25));
#7405 = B_SPLINE_SURFACE_WITH_KNOTS('', 1, 1, ((#7406, #7407), (#7408, #7409)), .UNSPECIFIED., .F., .F., .U., (2, 2), (2, 2), (0., 1.), (0., 1.), .UNSPECIFIED.);
#7406 = CARTESIAN_POINT('', (16.4201855029928, -2.97018550299276, 13.25));
#7407 = CARTESIAN_POINT('', (16.4201855029928, 28.9701855029928, 13.25));
#7408 = CARTESIAN_POINT('', (-15.5201855029928, -2.97018550299276, 13.25));
#7409 = CARTESIAN_POINT('', (-15.5201855029928, 28.9701855029928, 13.25));
#7410 = ADVANCED_FACE('', (#7411), #7424, .F.);
#7411 = FACE_OUTER_BOUND('', #7412, .F.);
#7412 = EDGE_LOOP('', (#7413, #7414, #7415, #7416));
#7413 = ORIENTED_EDGE('', *, *, #7386, .F.);
#7414 = ORIENTED_EDGE('', *, *, #7326, .T.);
#7415 = ORIENTED_EDGE('', *, *, #7273, .T.);
#7416 = ORIENTED_EDGE('', *, *, #7417, .F.);
#7417 = EDGE_CURVE('', #7380, #7266, #7418, .T.);
#7418 = (
   BOUNDED_CURVE ()
   B_SPLINE_CURVE (2, (#7419, #7420, #7421, #7422, #7423), .UNSPECIFIED., .F., .U.)
   B_SPLINE_CURVE_WITH_KNOTS ((3, 2, 3), (0.652239093689403, 0.666666666666667, 1.), .UNSPECIFIED.)
   CURVE ()
   GEOMETRIC_REPRESENTATION_ITEM ()
   RATIONAL_B_SPLINE_CURVE ((0.977962788868087, 0.988482903168997, 1., 0.733910042731996, 1.))
   REPRESENTATION_ITEM ('')
);
#7419 = CARTESIAN_POINT('', (1.2, 23.6982141433355, 13.25));
#7420 = CARTESIAN_POINT('', (1.2, 23.6922657059994, 13.5830593755398));
#7421 = CARTESIAN_POINT('', (1.2, 23.6665334650714, 13.9151764984325));
#7422 = CARTESIAN_POINT('', (1.2, 22.8657973694001, 24.25));
#7423 = CARTESIAN_POINT('', (1.2, 12.5, 24.25));
#7424 = (
   BOUNDED_SURFACE ()
   B_SPLINE_SURFACE (2, 1, ((#7425, #7426), (#7427, #7428), (#7429, #7430), (#7431, #7432), (#7433, #7434), (#7435, #7436), (#7437, #7438), (#7439, #7440), (#7441, #7442)), .UNSPECIFIED., .T., .F., .U.)
   B_SPLINE_SURFACE_WITH_KNOTS ((3, 2, 2, 2, 3), (2, 2), (0., 17.5929188601028, 35.1858377202057, 52.7787565803085, 70.3716754404114), (-1.14, 6.14), .UNSPECIFIED.)
   GEOMETRIC_REPRESENTATION_ITEM ()
   RATIONAL_B_SPLINE_SURFACE (((1., 1.), (0.707106781186548, 0.707106781186548), (1., 1.), (0.707106781186548, 0.707106781186548), (1., 1.), (0.707106781186548, 0.707106781186548), (1., 1.), (0.707106781186548, 0.707106781186548), (1., 1.)))
   REPRESENTATION_ITEM ('')
   SURFACE ()
);
#7425 = CARTESIAN_POINT('', (-2.14, 12.5, 24.25));
#7426 = CARTESIAN_POINT('', (5.14, 12.5, 24.25));
#7427 = CARTESIAN_POINT('', (-2.14, 1.3, 24.25));
#7428 = CARTESIAN_POINT('', (5.14, 1.3, 24.25));
#7429 = CARTESIAN_POINT('', (-2.14, 1.3, 13.05));
#7430 = CARTESIAN_POINT('', (5.14, 1.3, 13.05));
#7431 = CARTESIAN_POINT('', (-2.14, 1.3, 1.85));
#7432 = CARTESIAN_POINT('', (5.14, 1.3, 1.85));
#7433 = CARTESIAN_POINT('', (-2.14, 12.5, 1.85));
#7434 = CARTESIAN_POINT('', (5.14, 12.5, 1.85));
#7435 = CARTESIAN_POINT('', (-2.14, 23.7, 1.85));
#7436 = CARTESIAN_POINT('', (5.14, 23.7, 1.85));
#7437 = CARTESIAN_POINT('', (-2.14, 23.7, 13.05));
#7438 = CARTESIAN_POINT('', (5.14, 23.7, 13.05));
#7439 = CARTESIAN_POINT('', (-2.14, 23.7, 24.25));
#7440 = CARTESIAN_POINT('', (5.14, 23.7, 24.25));
#7441 = CARTESIAN_POINT('', (-2.14, 12.5, 24.25));
#7442 = CARTESIAN_POINT('', (5.14, 12.5, 24.25));
#7443 = ADVANCED_FACE('', (#7444), #7470, .F.);
#7444 = FACE_OUTER_BOUND('', #7445, .F.);
#7445 = EDGE_LOOP('', (#7446, #7447, #7448, #7449, #7456, #7464));
#7446 = ORIENTED_EDGE('', *, *, #7379, .T.);
#7447 = ORIENTED_EDGE('', *, *, #7417, .T.);
#7448 = ORIENTED_EDGE('', *, *, #7265, .T.);
#7449 = ORIENTED_EDGE('', *, *, #7450, .T.);
#7450 = EDGE_CURVE('', #7259, #7451, #7453, .T.);
#7451 = VERTEX_POINT('', #7452);
#7452 = CARTESIAN_POINT('', (1.2, 1.6, 17.9482139602104));
#7453 = B_SPLINE_CURVE_WITH_KNOTS('', 1, (#7454, #7455), .UNSPECIFIED., .F., .U., (2, 2), (0.59935378794516, 0.698641622231213), .UNSPECIFIED.);
#7454 = CARTESIAN_POINT('', (1.2, 1.6, 15.6248786379167));
#7455 = CARTESIAN_POINT('', (1.2, 1.6, 17.9482139602104));
#7456 = ORIENTED_EDGE('', *, *, #7457, .F.);
#7457 = EDGE_CURVE('', #7458, #7451, #7460, .T.);
#7458 = VERTEX_POINT('', #7459);
#7459 = CARTESIAN_POINT('', (1.2, 12.5, 25.));
#7460 = (
   BOUNDED_CURVE ()
   B_SPLINE_CURVE (2, (#7461, #7462, #7463), .UNSPECIFIED., .F., .U.)
   B_SPLINE_CURVE_WITH_KNOTS ((3, 3), (0., 13.5445367258345), .UNSPECIFIED.)
   CURVE ()
   GEOMETRIC_REPRESENTATION_ITEM ()
   RATIONAL_B_SPLINE_CURVE ((1., 0.788658060025429, 0.882310655418802))
   REPRESENTATION_ITEM ('')
);
#7461 = CARTESIAN_POINT('', (1.2, 12.5, 25.));
#7462 = CARTESIAN_POINT('', (1.2, 4.76891347013892, 25.));
#7463 = CARTESIAN_POINT('', (1.2, 1.6, 17.9482139602104));
#7464 = ORIENTED_EDGE('', *, *, #7465, .F.);
#7465 = EDGE_CURVE('', #7371, #7458, #7466, .T.);
#7466 = (
   BOUNDED_CURVE ()
   B_SPLINE_CURVE (2, (#7467, #7468, #7469), .UNSPECIFIED., .F., .U.)
   B_SPLINE_CURVE_WITH_KNOTS ((3, 3), (56.5344405722064, 75.084064420796), .UNSPECIFIED.)
   CURVE ()
   GEOMETRIC_REPRESENTATION_ITEM ()
   RATIONAL_B_SPLINE_CURVE ((0.993172506706627, 0.710561271358805, 1.))
   REPRESENTATION_ITEM ('')
);
#7467 = CARTESIAN_POINT('', (1.2, 24.4483262426166, 13.25));
#7468 = CARTESIAN_POINT('', (1.2, 24.2516459752484, 25.));
#7469 = CARTESIAN_POINT('', (1.2, 12.5, 25.));
#7470 = B_SPLINE_SURFACE_WITH_KNOTS('', 1, 1, ((#7471, #7472), (#7473, #7474)), .UNSPECIFIED., .F., .F., .U., (2, 2), (2, 2), (0., 1.), (0., 1.), .UNSPECIFIED.);
#7471 = CARTESIAN_POINT('', (1.2, -6.08983727739434, -5.53983727739434));
#7472 = CARTESIAN_POINT('', (1.2, 31.0898372773943, -5.53983727739434));
#7473 = CARTESIAN_POINT('', (1.2, -6.08983727739434, 31.6398372773943));
#7474 = CARTESIAN_POINT('', (1.2, 31.0898372773943, 31.6398372773943));
#7475 = ADVANCED_FACE('', (#7476), #7515, .F.);
#7476 = FACE_OUTER_BOUND('', #7477, .F.);
#7477 = EDGE_LOOP('', (#7478, #7488, #7493, #7494, #7501, #7509));
#7478 = ORIENTED_EDGE('', *, *, #7479, .F.);
#7479 = EDGE_CURVE('', #7480, #7482, #7484, .T.);
#7480 = VERTEX_POINT('', #7481);
#7481 = CARTESIAN_POINT('', (1.6, 12.5, 25.));
#7482 = VERTEX_POINT('', #7483);
#7483 = CARTESIAN_POINT('', (1.6, 9.07947372470259, 24.5));
#7484 = (
   BOUNDED_CURVE ()
   B_SPLINE_CURVE (2, (#7485, #7486, #7487), .UNSPECIFIED., .F., .U.)
   B_SPLINE_CURVE_WITH_KNOTS ((3, 3), (0., 0.257973261478665), .UNSPECIFIED.)
   CURVE ()
   GEOMETRIC_REPRESENTATION_ITEM ()
   RATIONAL_B_SPLINE_CURVE ((1., 0.958623858889501, 0.938595593918355))
   REPRESENTATION_ITEM ('')
);
#7485 = CARTESIAN_POINT('', (1.6, 12.5, 25.));
#7486 = CARTESIAN_POINT('', (1.6, 10.7531927782135, 25.));
#7487 = CARTESIAN_POINT('', (1.6, 9.07947372470259, 24.5));
#7488 = ORIENTED_EDGE('', *, *, #7489, .F.);
#7489 = EDGE_CURVE('', #7458, #7480, #7490, .T.);
#7490 = B_SPLINE_CURVE_WITH_KNOTS('', 1, (#7491, #7492), .UNSPECIFIED., .F., .U., (2, 2), (0., 0.4), .UNSPECIFIED.);
#7491 = CARTESIAN_POINT('', (1.2, 12.5, 25.));
#7492 = CARTESIAN_POINT('', (1.6, 12.5, 25.));
#7493 = ORIENTED_EDGE('', *, *, #7457, .T.);
#7494 = ORIENTED_EDGE('', *, *, #7495, .T.);
#7495 = EDGE_CURVE('', #7451, #7496, #7498, .T.);
#7496 = VERTEX_POINT('', #7497);
#7497 = CARTESIAN_POINT('', (1.6, 1.6, 17.9482139602104));
#7498 = B_SPLINE_CURVE_WITH_KNOTS('', 1, (#7499, #7500), .UNSPECIFIED., .F., .U., (2, 2), (0., 1.), .UNSPECIFIED.);
#7499 = CARTESIAN_POINT('', (1.2, 1.6, 17.9482139602104));
#7500 = CARTESIAN_POINT('', (1.6, 1.6, 17.9482139602104));
#7501 = ORIENTED_EDGE('', *, *, #7502, .F.);
#7502 = EDGE_CURVE('', #7503, #7496, #7505, .T.);
#7503 = VERTEX_POINT('', #7504);
#7504 = CARTESIAN_POINT('', (1.6, 2.1, 18.9357879676387));
#7505 = (
   BOUNDED_CURVE ()
   B_SPLINE_CURVE (2, (#7506, #7507, #7508), .UNSPECIFIED., .F., .U.)
   B_SPLINE_CURVE_WITH_KNOTS ((3, 3), (0.915795729042454, 1.), .UNSPECIFIED.)
   CURVE ()
   GEOMETRIC_REPRESENTATION_ITEM ()
   RATIONAL_B_SPLINE_CURVE ((0.975263513170246, 0.986494539095734, 1.))
   REPRESENTATION_ITEM ('')
);
#7506 = CARTESIAN_POINT('', (1.6, 2.1, 18.9357879676387));
#7507 = CARTESIAN_POINT('', (1.6, 1.82710557699183, 18.4535922081432));
#7508 = CARTESIAN_POINT('', (1.6, 1.6, 17.9482139602104));
#7509 = ORIENTED_EDGE('', *, *, #7510, .F.);
#7510 = EDGE_CURVE('', #7482, #7503, #7511, .T.);
#7511 = (
   BOUNDED_CURVE ()
   B_SPLINE_CURVE (2, (#7512, #7513, #7514), .UNSPECIFIED., .F., .U.)
   B_SPLINE_CURVE_WITH_KNOTS ((3, 3), (0.279165869967189, 1.), .UNSPECIFIED.)
   CURVE ()
   GEOMETRIC_REPRESENTATION_ITEM ()
   RATIONAL_B_SPLINE_CURVE ((0.945211542955874, 0.90187114017454, 1.))
   REPRESENTATION_ITEM ('')
);
#7512 = CARTESIAN_POINT('', (1.6, 9.07947372470259, 24.5));
#7513 = CARTESIAN_POINT('', (1.6, 4.46964726068349, 23.1228792537346));
#7514 = CARTESIAN_POINT('', (1.6, 2.1, 18.9357879676387));
#7515 = (
   BOUNDED_SURFACE ()
   B_SPLINE_SURFACE (2, 1, ((#7516, #7517), (#7518, #7519), (#7520, #7521), (#7522, #7523), (#7524, #7525), (#7526, #7527), (#7528, #7529), (#7530, #7531), (#7532, #7533)), .UNSPECIFIED., .T., .F., .U.)
   B_SPLINE_SURFACE_WITH_KNOTS ((3, 2, 2, 2, 3), (2, 2), (0., 18.771016105199, 37.542032210398, 56.3130483155971, 75.084064420796), (0., 0.5), .UNSPECIFIED.)
   GEOMETRIC_REPRESENTATION_ITEM ()
   RATIONAL_B_SPLINE_SURFACE (((1., 1.), (0.707106781186548, 0.707106781186548), (1., 1.), (0.707106781186548, 0.707106781186548), (1., 1.), (0.707106781186548, 0.707106781186548), (1., 1.), (0.707106781186548, 0.707106781186548), (1., 1.)))
   REPRESENTATION_ITEM ('')
   SURFACE ()
);
#7516 = CARTESIAN_POINT('', (1.2, 12.5, 25.));
#7517 = CARTESIAN_POINT('', (1.7, 12.5, 25.));
#7518 = CARTESIAN_POINT('', (1.2, 0.550000000000001, 25.));
#7519 = CARTESIAN_POINT('', (1.7, 0.550000000000001, 25.));
#7520 = CARTESIAN_POINT('', (1.2, 0.550000000000001, 13.05));
#7521 = CARTESIAN_POINT('', (1.7, 0.550000000000001, 13.05));
#7522 = CARTESIAN_POINT('', (1.2, 0.549999999999999, 1.1));
#7523 = CARTESIAN_POINT('', (1.7, 0.549999999999999, 1.1));
#7524 = CARTESIAN_POINT('', (1.2, 12.5, 1.1));
#7525 = CARTESIAN_POINT('', (1.7, 12.5, 1.1));
#7526 = CARTESIAN_POINT('', (1.2, 24.45, 1.1));
#7527 = CARTESIAN_POINT('', (1.7, 24.45, 1.1));
#7528 = CARTESIAN_POINT('', (1.2, 24.45, 13.05));
#7529 = CARTESIAN_POINT('', (1.7, 24.45, 13.05));
#7530 = CARTESIAN_POINT('', (1.2, 24.45, 25.));
#7531 = CARTESIAN_POINT('', (1.7, 24.45, 25.));
#7532 = CARTESIAN_POINT('', (1.2, 12.5, 25.));
#7533 = CARTESIAN_POINT('', (1.7, 12.5, 25.));
#7534 = ADVANCED_FACE('', (#7535), #7549, .F.);
#7535 = FACE_OUTER_BOUND('', #7536, .F.);
#7536 = EDGE_LOOP('', (#7537, #7538, #7543, #7544));
#7537 = ORIENTED_EDGE('', *, *, #7250, .F.);
#7538 = ORIENTED_EDGE('', *, *, #7539, .T.);
#7539 = EDGE_CURVE('', #7243, #7503, #7540, .T.);
#7540 = B_SPLINE_CURVE_WITH_KNOTS('', 1, (#7541, #7542), .UNSPECIFIED., .F., .U., (2, 2), (0.674416157953808, 0.751597677126726), .UNSPECIFIED.);
#7541 = CARTESIAN_POINT('', (1.6, 2.1, 17.2069219381653));
#7542 = CARTESIAN_POINT('', (1.6, 2.1, 18.9357879676387));
#7543 = ORIENTED_EDGE('', *, *, #7502, .T.);
#7544 = ORIENTED_EDGE('', *, *, #7545, .F.);
#7545 = EDGE_CURVE('', #7251, #7496, #7546, .T.);
#7546 = B_SPLINE_CURVE_WITH_KNOTS('', 1, (#7547, #7548), .UNSPECIFIED., .F., .U., (2, 2), (0.59935378794516, 0.698641622231214), .UNSPECIFIED.);
#7547 = CARTESIAN_POINT('', (1.6, 1.6, 15.6248786379167));
#7548 = CARTESIAN_POINT('', (1.6, 1.6, 17.9482139602104));
#7549 = B_SPLINE_SURFACE_WITH_KNOTS('', 1, 1, ((#7550, #7551), (#7552, #7553)), .UNSPECIFIED., .F., .F., .U., (2, 2), (2, 2), (0., 1.), (0., 1.), .UNSPECIFIED.);
#7550 = CARTESIAN_POINT('', (1.6, 1.6, 1.6));
#7551 = CARTESIAN_POINT('', (1.6, 1.6, 25.));
#7552 = CARTESIAN_POINT('', (1.6, 31.6, 1.6));
#7553 = CARTESIAN_POINT('', (1.6, 31.6, 25.));
#7554 = ADVANCED_FACE('', (#7555), #7561, .F.);
#7555 = FACE_OUTER_BOUND('', #7556, .F.);
#7556 = EDGE_LOOP('', (#7557, #7558, #7559, #7560));
#7557 = ORIENTED_EDGE('', *, *, #7258, .T.);
#7558 = ORIENTED_EDGE('', *, *, #7545, .T.);
#7559 = ORIENTED_EDGE('', *, *, #7495, .F.);
#7560 = ORIENTED_EDGE('', *, *, #7450, .F.);
#7561 = B_SPLINE_SURFACE_WITH_KNOTS('', 1, 1, ((#7562, #7563), (#7564, #7565)), .UNSPECIFIED., .F., .F., .U., (2, 2), (2, 2), (0., 1.), (0., 1.), .UNSPECIFIED.);
#7562 = CARTESIAN_POINT('', (1., 1.6, 1.6));
#7563 = CARTESIAN_POINT('', (1., 1.6, 25.));
#7564 = CARTESIAN_POINT('', (1.6, 1.6, 1.6));
#7565 = CARTESIAN_POINT('', (1.6, 1.6, 25.));
#7566 = ADVANCED_FACE('', (#7567), #7590, .F.);
#7567 = FACE_OUTER_BOUND('', #7568, .F.);
#7568 = EDGE_LOOP('', (#7569, #7570, #7577, #7584, #7589));
#7569 = ORIENTED_EDGE('', *, *, #7242, .T.);
#7570 = ORIENTED_EDGE('', *, *, #7571, .T.);
#7571 = EDGE_CURVE('', #7236, #7572, #7574, .T.);
#7572 = VERTEX_POINT('', #7573);
#7573 = CARTESIAN_POINT('', (2.1, 1.6, 24.5));
#7574 = B_SPLINE_CURVE_WITH_KNOTS('', 1, (#7575, #7576), .UNSPECIFIED., .F., .U., (2, 2), (0.603789224906998, 1.), .UNSPECIFIED.);
#7575 = CARTESIAN_POINT('', (2.1, 1.6, 15.6248786379167));
#7576 = CARTESIAN_POINT('', (2.1, 1.6, 24.5));
#7577 = ORIENTED_EDGE('', *, *, #7578, .F.);
#7578 = EDGE_CURVE('', #7579, #7572, #7581, .T.);
#7579 = VERTEX_POINT('', #7580);
#7580 = CARTESIAN_POINT('', (1.6, 2.1, 24.5));
#7581 = B_SPLINE_CURVE_WITH_KNOTS('', 1, (#7582, #7583), .UNSPECIFIED., .F., .U., (2, 2), (0., 1.), .UNSPECIFIED.);
#7582 = CARTESIAN_POINT('', (1.6, 2.1, 24.5));
#7583 = CARTESIAN_POINT('', (2.1, 1.6, 24.5));
#7584 = ORIENTED_EDGE('', *, *, #7585, .F.);
#7585 = EDGE_CURVE('', #7503, #7579, #7586, .T.);
#7586 = B_SPLINE_CURVE_WITH_KNOTS('', 1, (#7587, #7588), .UNSPECIFIED., .F., .U., (2, 2), (0.751597677126726, 1.), .UNSPECIFIED.);
#7587 = CARTESIAN_POINT('', (1.6, 2.1, 18.9357879676387));
#7588 = CARTESIAN_POINT('', (1.6, 2.1, 24.5));
#7589 = ORIENTED_EDGE('', *, *, #7539, .F.);
#7590 = B_SPLINE_SURFACE_WITH_KNOTS('', 1, 1, ((#7591, #7592), (#7593, #7594)), .UNSPECIFIED., .F., .F., .U., (2, 2), (2, 2), (0., 1.), (0., 1.), .UNSPECIFIED.);
#7591 = CARTESIAN_POINT('', (1.6, 2.1, 2.1));
#7592 = CARTESIAN_POINT('', (1.6, 2.1, 24.5));
#7593 = CARTESIAN_POINT('', (2.1, 1.6, 2.1));
#7594 = CARTESIAN_POINT('', (2.1, 1.6, 24.5));
#7595 = ADVANCED_FACE('', (#7596), #7618, .F.);
#7596 = FACE_OUTER_BOUND('', #7597, .F.);
#7597 = EDGE_LOOP('', (#7598, #7607, #7612, #7613));
#7598 = ORIENTED_EDGE('', *, *, #7599, .F.);
#7599 = EDGE_CURVE('', #7600, #7602, #7604, .T.);
#7600 = VERTEX_POINT('', #7601);
#7601 = CARTESIAN_POINT('', (2.1, 2.30710678118654, 25.));
#7602 = VERTEX_POINT('', #7603);
#7603 = CARTESIAN_POINT('', (2.30710678118655, 2.1, 25.));
#7604 = B_SPLINE_CURVE_WITH_KNOTS('', 1, (#7605, #7606), .UNSPECIFIED., .F., .U., (2, 2), (0., 1.), .UNSPECIFIED.);
#7605 = CARTESIAN_POINT('', (2.1, 2.30710678118655, 25.));
#7606 = CARTESIAN_POINT('', (2.30710678118655, 2.1, 25.));
#7607 = ORIENTED_EDGE('', *, *, #7608, .T.);
#7608 = EDGE_CURVE('', #7600, #7579, #7609, .T.);
#7609 = B_SPLINE_CURVE_WITH_KNOTS('', 1, (#7610, #7611), .UNSPECIFIED., .F., .U., (2, 2), (0., 1.), .UNSPECIFIED.);
#7610 = CARTESIAN_POINT('', (2.1, 2.30710678118655, 25.));
#7611 = CARTESIAN_POINT('', (1.6, 2.1, 24.5));
#7612 = ORIENTED_EDGE('', *, *, #7578, .T.);
#7613 = ORIENTED_EDGE('', *, *, #7614, .F.);
#7614 = EDGE_CURVE('', #7602, #7572, #7615, .T.);
#7615 = B_SPLINE_CURVE_WITH_KNOTS('', 1, (#7616, #7617), .UNSPECIFIED., .F., .U., (2, 2), (0., 1.), .UNSPECIFIED.);
#7616 = CARTESIAN_POINT('', (2.30710678118655, 2.1, 25.));
#7617 = CARTESIAN_POINT('', (2.1, 1.6, 24.5));
#7618 = B_SPLINE_SURFACE_WITH_KNOTS('', 1, 1, ((#7619, #7620), (#7621, #7622)), .UNSPECIFIED., .F., .F., .U., (2, 2), (2, 2), (0., 1.), (0., 1.), .UNSPECIFIED.);
#7619 = CARTESIAN_POINT('', (2.1, 2.30710678118655, 25.));
#7620 = CARTESIAN_POINT('', (2.30710678118655, 2.1, 25.));
#7621 = CARTESIAN_POINT('', (1.6, 2.1, 24.5));
#7622 = CARTESIAN_POINT('', (2.1, 1.6, 24.5));
#7623 = ADVANCED_FACE('', (#7624), #7638, .F.);
#7624 = FACE_OUTER_BOUND('', #7625, .F.);
#7625 = EDGE_LOOP('', (#7626, #7627, #7632, #7633));
#7626 = ORIENTED_EDGE('', *, *, #1515, .T.);
#7627 = ORIENTED_EDGE('', *, *, #7628, .F.);
#7628 = EDGE_CURVE('', #7602, #1516, #7629, .T.);
#7629 = B_SPLINE_CURVE_WITH_KNOTS('', 1, (#7630, #7631), .UNSPECIFIED., .F., .U., (2, 2), (0., 0.485762305002329), .UNSPECIFIED.);
#7630 = CARTESIAN_POINT('', (2.30710678118655, 2.1, 25.));
#7631 = CARTESIAN_POINT('', (26.8311987709835, 2.1, 25.));
#7632 = ORIENTED_EDGE('', *, *, #7614, .T.);
#7633 = ORIENTED_EDGE('', *, *, #7634, .T.);
#7634 = EDGE_CURVE('', #7572, #1509, #7635, .T.);
#7635 = B_SPLINE_CURVE_WITH_KNOTS('', 1, (#7636, #7637), .UNSPECIFIED., .F., .U., (2, 2), (0., 0.490700900526316), .UNSPECIFIED.);
#7636 = CARTESIAN_POINT('', (2.1, 1.6, 24.5));
#7637 = CARTESIAN_POINT('', (27.0766758367895, 1.6, 24.5));
#7638 = B_SPLINE_SURFACE_WITH_KNOTS('', 1, 1, ((#7639, #7640), (#7641, #7642)), .UNSPECIFIED., .F., .F., .U., (2, 2), (2, 2), (0., 1.), (0., 1.), .UNSPECIFIED.);
#7639 = CARTESIAN_POINT('', (2.30710678118655, 2.1, 25.));
#7640 = CARTESIAN_POINT('', (52.7928932188134, 2.1, 25.));
#7641 = CARTESIAN_POINT('', (2.1, 1.6, 24.5));
#7642 = CARTESIAN_POINT('', (53., 1.6, 24.5));
#7643 = ADVANCED_FACE('', (#7644), #7652, .F.);
#7644 = FACE_OUTER_BOUND('', #7645, .F.);
#7645 = EDGE_LOOP('', (#7646, #7647, #7648, #7649, #7650, #7651));
#7646 = ORIENTED_EDGE('', *, *, #1506, .T.);
#7647 = ORIENTED_EDGE('', *, *, #7634, .F.);
#7648 = ORIENTED_EDGE('', *, *, #7571, .F.);
#7649 = ORIENTED_EDGE('', *, *, #7235, .T.);
#7650 = ORIENTED_EDGE('', *, *, #7179, .T.);
#7651 = ORIENTED_EDGE('', *, *, #3175, .T.);
#7652 = B_SPLINE_SURFACE_WITH_KNOTS('', 1, 1, ((#7653, #7654), (#7655, #7656)), .UNSPECIFIED., .F., .F., .U., (2, 2), (2, 2), (0., 1.68958742632613), (0., 1.40178571428571), .UNSPECIFIED.);
#7653 = CARTESIAN_POINT('', (2.1, 1.6, 2.1));
#7654 = CARTESIAN_POINT('', (2.1, 1.6, 33.5));
#7655 = CARTESIAN_POINT('', (88.1, 1.6, 2.1));
#7656 = CARTESIAN_POINT('', (88.1, 1.6, 33.5));
#7657 = ADVANCED_FACE('', (#7658), #7684, .F.);
#7658 = FACE_OUTER_BOUND('', #7659, .F.);
#7659 = EDGE_LOOP('', (#7660, #7661, #7668, #7673, #7678, #7679));
#7660 = ORIENTED_EDGE('', *, *, #1714, .F.);
#7661 = ORIENTED_EDGE('', *, *, #7662, .T.);
#7662 = EDGE_CURVE('', #1715, #7663, #7665, .T.);
#7663 = VERTEX_POINT('', #7664);
#7664 = CARTESIAN_POINT('', (1.6, 15.9205262752974, 24.5));
#7665 = B_SPLINE_CURVE_WITH_KNOTS('', 1, (#7666, #7667), .UNSPECIFIED., .F., .U., (2, 2), (0.0695652173913044, 0.399107553247939), .UNSPECIFIED.);
#7666 = CARTESIAN_POINT('', (1.6, 23.5, 24.5));
#7667 = CARTESIAN_POINT('', (1.6, 15.9205262752974, 24.5));
#7668 = ORIENTED_EDGE('', *, *, #7669, .T.);
#7669 = EDGE_CURVE('', #7663, #7482, #7670, .T.);
#7670 = B_SPLINE_CURVE_WITH_KNOTS('', 1, (#7671, #7672), .UNSPECIFIED., .F., .U., (2, 2), (0.399107553247939, 0.696544620665105), .UNSPECIFIED.);
#7671 = CARTESIAN_POINT('', (1.6, 15.9205262752974, 24.5));
#7672 = CARTESIAN_POINT('', (1.6, 9.07947372470259, 24.5));
#7673 = ORIENTED_EDGE('', *, *, #7674, .T.);
#7674 = EDGE_CURVE('', #7482, #7579, #7675, .T.);
#7675 = B_SPLINE_CURVE_WITH_KNOTS('', 1, (#7676, #7677), .UNSPECIFIED., .F., .U., (2, 2), (0.696544620665105, 1.), .UNSPECIFIED.);
#7676 = CARTESIAN_POINT('', (1.6, 9.07947372470259, 24.5));
#7677 = CARTESIAN_POINT('', (1.6, 2.1, 24.5));
#7678 = ORIENTED_EDGE('', *, *, #7608, .F.);
#7679 = ORIENTED_EDGE('', *, *, #7680, .F.);
#7680 = EDGE_CURVE('', #1717, #7600, #7681, .T.);
#7681 = B_SPLINE_CURVE_WITH_KNOTS('', 1, (#7682, #7683), .UNSPECIFIED., .F., .U., (2, 2), (0.0838090461911027, 1.), .UNSPECIFIED.);
#7682 = CARTESIAN_POINT('', (2.1, 23., 25.));
#7683 = CARTESIAN_POINT('', (2.1, 2.30710678118654, 25.));
#7684 = B_SPLINE_SURFACE_WITH_KNOTS('', 1, 1, ((#7685, #7686), (#7687, #7688)), .UNSPECIFIED., .F., .F., .U., (2, 2), (2, 2), (0., 1.), (0., 1.), .UNSPECIFIED.);
#7685 = CARTESIAN_POINT('', (2.1, 24.8928932188135, 25.));
#7686 = CARTESIAN_POINT('', (2.1, 2.30710678118654, 25.));
#7687 = CARTESIAN_POINT('', (1.6, 25.1, 24.5));
#7688 = CARTESIAN_POINT('', (1.6, 2.1, 24.5));
#7689 = ADVANCED_FACE('', (#7690), #7700, .F.);
#7690 = FACE_OUTER_BOUND('', #7691, .F.);
#7691 = EDGE_LOOP('', (#7692, #7693, #7699));
#7692 = ORIENTED_EDGE('', *, *, #7669, .F.);
#7693 = ORIENTED_EDGE('', *, *, #7694, .T.);
#7694 = EDGE_CURVE('', #7663, #7480, #7695, .T.);
#7695 = (
   BOUNDED_CURVE ()
   B_SPLINE_CURVE (2, (#7696, #7697, #7698), .UNSPECIFIED., .F., .U.)
   B_SPLINE_CURVE_WITH_KNOTS ((3, 3), (0.894008154956452, 1.), .UNSPECIFIED.)
   CURVE ()
   GEOMETRIC_REPRESENTATION_ITEM ()
   RATIONAL_B_SPLINE_CURVE ((0.918654343970361, 0.948385804325148, 1.))
   REPRESENTATION_ITEM ('')
);
#7696 = CARTESIAN_POINT('', (1.6, 15.9205262752974, 24.5));
#7697 = CARTESIAN_POINT('', (1.6, 14.2468072217865, 25.));
#7698 = CARTESIAN_POINT('', (1.6, 12.5, 25.));
#7699 = ORIENTED_EDGE('', *, *, #7479, .T.);
#7700 = B_SPLINE_SURFACE_WITH_KNOTS('', 1, 1, ((#7701, #7702), (#7703, #7704)), .UNSPECIFIED., .F., .F., .U., (2, 2), (2, 2), (0., 1.), (0., 1.), .UNSPECIFIED.);
#7701 = CARTESIAN_POINT('', (1.6, 1.6, 1.6));
#7702 = CARTESIAN_POINT('', (1.6, 1.6, 25.));
#7703 = CARTESIAN_POINT('', (1.6, 31.6, 1.6));
#7704 = CARTESIAN_POINT('', (1.6, 31.6, 25.));
#7705 = ADVANCED_FACE('', (#7706), #7720, .F.);
#7706 = FACE_OUTER_BOUND('', #7707, .F.);
#7707 = EDGE_LOOP('', (#7708, #7709, #7710, #7711, #7712));
#7708 = ORIENTED_EDGE('', *, *, #7370, .F.);
#7709 = ORIENTED_EDGE('', *, *, #7465, .T.);
#7710 = ORIENTED_EDGE('', *, *, #7489, .T.);
#7711 = ORIENTED_EDGE('', *, *, #7694, .F.);
#7712 = ORIENTED_EDGE('', *, *, #7713, .F.);
#7713 = EDGE_CURVE('', #7373, #7663, #7714, .T.);
#7714 = (
   BOUNDED_CURVE ()
   B_SPLINE_CURVE (2, (#7715, #7716, #7717, #7718, #7719), .UNSPECIFIED., .F., .U.)
   B_SPLINE_CURVE_WITH_KNOTS ((3, 2, 3), (0.42720057087568, 0.5, 0.889825956315503), .UNSPECIFIED.)
   CURVE ()
   GEOMETRIC_REPRESENTATION_ITEM ()
   RATIONAL_B_SPLINE_CURVE ((0.944284804883442, 0.967395177514421, 1., 0.825407887687791, 0.923057923964584))
   REPRESENTATION_ITEM ('')
);
#7715 = CARTESIAN_POINT('', (1.6, 24.4483262426166, 13.25));
#7716 = CARTESIAN_POINT('', (1.6, 24.4293427861418, 14.3841026558668));
#7717 = CARTESIAN_POINT('', (1.6, 24.197328754891, 15.4943813123161));
#7718 = CARTESIAN_POINT('', (1.6, 22.7412249635753, 22.4624123074986));
#7719 = CARTESIAN_POINT('', (1.6, 15.9205262752974, 24.5));
#7720 = (
   BOUNDED_SURFACE ()
   B_SPLINE_SURFACE (2, 1, ((#7721, #7722), (#7723, #7724), (#7725, #7726), (#7727, #7728), (#7729, #7730), (#7731, #7732), (#7733, #7734), (#7735, #7736), (#7737, #7738)), .UNSPECIFIED., .T., .F., .U.)
   B_SPLINE_SURFACE_WITH_KNOTS ((3, 2, 2, 2, 3), (2, 2), (0., 18.771016105199, 37.542032210398, 56.3130483155971, 75.084064420796), (0., 0.5), .UNSPECIFIED.)
   GEOMETRIC_REPRESENTATION_ITEM ()
   RATIONAL_B_SPLINE_SURFACE (((1., 1.), (0.707106781186548, 0.707106781186548), (1., 1.), (0.707106781186548, 0.707106781186548), (1., 1.), (0.707106781186548, 0.707106781186548), (1., 1.), (0.707106781186548, 0.707106781186548), (1., 1.)))
   REPRESENTATION_ITEM ('')
   SURFACE ()
);
#7721 = CARTESIAN_POINT('', (1.2, 12.5, 25.));
#7722 = CARTESIAN_POINT('', (1.7, 12.5, 25.));
#7723 = CARTESIAN_POINT('', (1.2, 0.550000000000001, 25.));
#7724 = CARTESIAN_POINT('', (1.7, 0.550000000000001, 25.));
#7725 = CARTESIAN_POINT('', (1.2, 0.550000000000001, 13.05));
#7726 = CARTESIAN_POINT('', (1.7, 0.550000000000001, 13.05));
#7727 = CARTESIAN_POINT('', (1.2, 0.549999999999999, 1.1));
#7728 = CARTESIAN_POINT('', (1.7, 0.549999999999999, 1.1));
#7729 = CARTESIAN_POINT('', (1.2, 12.5, 1.1));
#7730 = CARTESIAN_POINT('', (1.7, 12.5, 1.1));
#7731 = CARTESIAN_POINT('', (1.2, 24.45, 1.1));
#7732 = CARTESIAN_POINT('', (1.7, 24.45, 1.1));
#7733 = CARTESIAN_POINT('', (1.2, 24.45, 13.05));
#7734 = CARTESIAN_POINT('', (1.7, 24.45, 13.05));
#7735 = CARTESIAN_POINT('', (1.2, 24.45, 25.));
#7736 = CARTESIAN_POINT('', (1.7, 24.45, 25.));
#7737 = CARTESIAN_POINT('', (1.2, 12.5, 25.));
#7738 = CARTESIAN_POINT('', (1.7, 12.5, 25.));
#7739 = ADVANCED_FACE('', (#7740), #7756, .T.);
#7740 = FACE_OUTER_BOUND('', #7741, .T.);
#7741 = EDGE_LOOP('', (#7742, #7749, #7750, #7751));
#7742 = ORIENTED_EDGE('', *, *, #7743, .T.);
#7743 = EDGE_CURVE('', #7744, #7395, #7746, .T.);
#7744 = VERTEX_POINT('', #7745);
#7745 = CARTESIAN_POINT('', (1.6, 27.4, 24.));
#7746 = B_SPLINE_CURVE_WITH_KNOTS('', 1, (#7747, #7748), .UNSPECIFIED., .F., .U., (2, 2), (0., 1.), .UNSPECIFIED.);
#7747 = CARTESIAN_POINT('', (1.6, 27.4, 24.));
#7748 = CARTESIAN_POINT('', (1.6, 27.4, 13.25));
#7749 = ORIENTED_EDGE('', *, *, #7394, .T.);
#7750 = ORIENTED_EDGE('', *, *, #2886, .F.);
#7751 = ORIENTED_EDGE('', *, *, #7752, .T.);
#7752 = EDGE_CURVE('', #2880, #7744, #7753, .T.);
#7753 = B_SPLINE_CURVE_WITH_KNOTS('', 1, (#7754, #7755), .UNSPECIFIED., .F., .U., (2, 2), (0.0270270270270286, 0.810810810810812), .UNSPECIFIED.);
#7754 = CARTESIAN_POINT('', (-1.3, 27.4, 24.));
#7755 = CARTESIAN_POINT('', (1.6, 27.4, 24.));
#7756 = B_SPLINE_SURFACE_WITH_KNOTS('', 1, 1, ((#7757, #7758), (#7759, #7760)), .UNSPECIFIED., .F., .F., .U., (2, 2), (2, 2), (0., 1.), (0., 1.), .UNSPECIFIED.);
#7757 = CARTESIAN_POINT('', (2.3, 27.4, 13.25));
#7758 = CARTESIAN_POINT('', (2.3, 27.4, 24.25));
#7759 = CARTESIAN_POINT('', (-1.4, 27.4, 13.25));
#7760 = CARTESIAN_POINT('', (-1.4, 27.4, 24.25));
#7761 = ADVANCED_FACE('', (#7762), #7767, .F.);
#7762 = FACE_OUTER_BOUND('', #7763, .F.);
#7763 = EDGE_LOOP('', (#7764, #7765, #7766));
#7764 = ORIENTED_EDGE('', *, *, #7510, .T.);
#7765 = ORIENTED_EDGE('', *, *, #7585, .T.);
#7766 = ORIENTED_EDGE('', *, *, #7674, .F.);
#7767 = B_SPLINE_SURFACE_WITH_KNOTS('', 1, 1, ((#7768, #7769), (#7770, #7771)), .UNSPECIFIED., .F., .F., .U., (2, 2), (2, 2), (-1.6, 1.), (0., 1.40178571428571), .UNSPECIFIED.);
#7768 = CARTESIAN_POINT('', (1.6, 61.9, 2.1));
#7769 = CARTESIAN_POINT('', (1.6, 61.9, 33.5));
#7770 = CARTESIAN_POINT('', (1.6, 2.1, 2.1));
#7771 = CARTESIAN_POINT('', (1.6, 2.1, 33.5));
#7772 = ADVANCED_FACE('', (#7773), #7825, .T.);
#7773 = FACE_OUTER_BOUND('', #7774, .T.);
#7774 = EDGE_LOOP('', (#7775, #7787, #7799, #7806, #7814, #7815));
#7775 = ORIENTED_EDGE('', *, *, #7776, .F.);
#7776 = EDGE_CURVE('', #7777, #7779, #7781, .T.);
#7777 = VERTEX_POINT('', #7778);
#7778 = CARTESIAN_POINT('', (84.3766758367895, 37.4, 34.));
#7779 = VERTEX_POINT('', #7780);
#7780 = CARTESIAN_POINT('', (88.1, 36.3637626294055, 34.));
#7781 = (
   BOUNDED_CURVE ()
   B_SPLINE_CURVE (2, (#7782, #7783, #7784, #7785, #7786), .UNSPECIFIED., .F., .U.)
   B_SPLINE_CURVE_WITH_KNOTS ((3, 2, 3), (0.633706258220221, 0.666666666666667, 1.), .UNSPECIFIED.)
   CURVE ()
   GEOMETRIC_REPRESENTATION_ITEM ()
   RATIONAL_B_SPLINE_CURVE ((0.960195448559755, 0.977913815270781, 1., 0.776639249226289, 1.))
   REPRESENTATION_ITEM ('')
);
#7782 = CARTESIAN_POINT('', (84.3766758367895, 37.4, 34.));
#7783 = CARTESIAN_POINT('', (84.4722207507183, 37.2456424676029, 34.));
#7784 = CARTESIAN_POINT('', (84.5865781397051, 37.1046550001828, 34.));
#7785 = CARTESIAN_POINT('', (86.0428137205442, 35.3093100003656, 34.));
#7786 = CARTESIAN_POINT('', (88.1, 36.3637626294055, 34.));
#7787 = ORIENTED_EDGE('', *, *, #7788, .F.);
#7788 = EDGE_CURVE('', #7789, #7777, #7791, .T.);
#7789 = VERTEX_POINT('', #7790);
#7790 = CARTESIAN_POINT('', (84.1311987709835, 37.9, 33.5));
#7791 = B_SPLINE_CURVE_WITH_KNOTS('', 3, (#7792, #7793, #7794, #7795, #7796, #7797, #7798), .UNSPECIFIED., .F., .U., (4, 3, 4), (0., 0.439188398956382, 0.749042386865504), .UNSPECIFIED.);
#7792 = CARTESIAN_POINT('', (84.1311987709835, 37.9, 33.5));
#7793 = CARTESIAN_POINT('', (84.1686931263064, 37.799935018433, 33.600064981567));
#7794 = CARTESIAN_POINT('', (84.2122228209485, 37.700891207037, 33.699108792963));
#7795 = CARTESIAN_POINT('', (84.2619563489632, 37.6035300136787, 33.7964699863213));
#7796 = CARTESIAN_POINT('', (84.2970440972389, 37.5348402347561, 33.8651597652439));
#7797 = CARTESIAN_POINT('', (84.3352624600732, 37.4669053576512, 33.9330946423488));
#7798 = CARTESIAN_POINT('', (84.3766758367895, 37.4, 34.));
#7799 = ORIENTED_EDGE('', *, *, #7800, .F.);
#7800 = EDGE_CURVE('', #7801, #7789, #7803, .T.);
#7801 = VERTEX_POINT('', #7802);
#7802 = CARTESIAN_POINT('', (84.1311987709835, 37.9, 24.));
#7803 = B_SPLINE_CURVE_WITH_KNOTS('', 1, (#7804, #7805), .UNSPECIFIED., .F., .U., (2, 2), (0., 1.), .UNSPECIFIED.);
#7804 = CARTESIAN_POINT('', (84.1311987709835, 37.9, 24.));
#7805 = CARTESIAN_POINT('', (84.1311987709835, 37.9, 33.5));
#7806 = ORIENTED_EDGE('', *, *, #7807, .T.);
#7807 = EDGE_CURVE('', #7801, #3207, #7808, .T.);
#7808 = (
   BOUNDED_CURVE ()
   B_SPLINE_CURVE (2, (#7809, #7810, #7811, #7812, #7813), .UNSPECIFIED., .F., .U.)
   B_SPLINE_CURVE_WITH_KNOTS ((3, 2, 3), (10.0206370575082, 13.4303085940963, 15.3933677100965), .UNSPECIFIED.)
   CURVE ()
   GEOMETRIC_REPRESENTATION_ITEM ()
   RATIONAL_B_SPLINE_CURVE ((0.893652646589252, 0.776921803892075, 1., 0.871566606416075, 0.855769050932515))
   REPRESENTATION_ITEM ('')
);
#7809 = CARTESIAN_POINT('', (84.1311987709835, 37.9, 24.));
#7810 = CARTESIAN_POINT('', (84.8243938954034, 36.05, 24.));
#7811 = CARTESIAN_POINT('', (86.8, 36.05, 24.));
#7812 = CARTESIAN_POINT('', (87.8139065326191, 36.05, 24.));
#7813 = CARTESIAN_POINT('', (88.6, 36.6903620206016, 24.));
#7814 = ORIENTED_EDGE('', *, *, #3206, .T.);
#7815 = ORIENTED_EDGE('', *, *, #7816, .T.);
#7816 = EDGE_CURVE('', #3209, #7779, #7817, .T.);
#7817 = B_SPLINE_CURVE_WITH_KNOTS('', 3, (#7818, #7819, #7820, #7821, #7822, #7823, #7824), .UNSPECIFIED., .F., .U., (4, 3, 4), (0., 0.437383827286697, 0.779614630915976), .UNSPECIFIED.);
#7818 = CARTESIAN_POINT('', (88.6, 36.6903620206016, 33.5));
#7819 = CARTESIAN_POINT('', (88.5106679267197, 36.6175909452473, 33.5893320732803));
#7820 = CARTESIAN_POINT('', (88.4184760849586, 36.5515031985594, 33.6815239150414));
#7821 = CARTESIAN_POINT('', (88.324380367296, 36.4919376055004, 33.775619632704));
#7822 = CARTESIAN_POINT('', (88.2507552100206, 36.4453305306397, 33.8492447899794));
#7823 = CARTESIAN_POINT('', (88.1758370856181, 36.4026344686295, 33.9241629143819));
#7824 = CARTESIAN_POINT('', (88.1, 36.3637626294055, 34.));
#7825 = (
   BOUNDED_SURFACE ()
   B_SPLINE_SURFACE (2, 1, ((#7826, #7827), (#7828, #7829), (#7830, #7831), (#7832, #7833), (#7834, #7835), (#7836, #7837), (#7838, #7839), (#7840, #7841), (#7842, #7843)), .UNSPECIFIED., .T., .F., .U.)
   B_SPLINE_SURFACE_WITH_KNOTS ((3, 2, 2, 2, 3), (2, 2), (0., 4.47676953136545, 8.9535390627309, 13.4303085940963, 17.9070781254618), (0., 12.9), .UNSPECIFIED.)
   GEOMETRIC_REPRESENTATION_ITEM ()
   RATIONAL_B_SPLINE_SURFACE (((1., 1.), (0.707106781186548, 0.707106781186548), (1., 1.), (0.707106781186548, 0.707106781186548), (1., 1.), (0.707106781186548, 0.707106781186548), (1., 1.), (0.707106781186548, 0.707106781186548), (1., 1.)))
   REPRESENTATION_ITEM ('')
   SURFACE ()
);
#7826 = CARTESIAN_POINT('', (89.65, 38.9, 24.));
#7827 = CARTESIAN_POINT('', (89.65, 38.9, 36.9));
#7828 = CARTESIAN_POINT('', (89.65, 41.75, 24.));
#7829 = CARTESIAN_POINT('', (89.65, 41.75, 36.9));
#7830 = CARTESIAN_POINT('', (86.8, 41.75, 24.));
#7831 = CARTESIAN_POINT('', (86.8, 41.75, 36.9));
#7832 = CARTESIAN_POINT('', (83.95, 41.75, 24.));
#7833 = CARTESIAN_POINT('', (83.95, 41.75, 36.9));
#7834 = CARTESIAN_POINT('', (83.95, 38.9, 24.));
#7835 = CARTESIAN_POINT('', (83.95, 38.9, 36.9));
#7836 = CARTESIAN_POINT('', (83.95, 36.05, 24.));
#7837 = CARTESIAN_POINT('', (83.95, 36.05, 36.9));
#7838 = CARTESIAN_POINT('', (86.8, 36.05, 24.));
#7839 = CARTESIAN_POINT('', (86.8, 36.05, 36.9));
#7840 = CARTESIAN_POINT('', (89.65, 36.05, 24.));
#7841 = CARTESIAN_POINT('', (89.65, 36.05, 36.9));
#7842 = CARTESIAN_POINT('', (89.65, 38.9, 24.));
#7843 = CARTESIAN_POINT('', (89.65, 38.9, 36.9));
#7844 = ADVANCED_FACE('', (#7845), #7867, .F.);
#7845 = FACE_OUTER_BOUND('', #7846, .F.);
#7846 = EDGE_LOOP('', (#7847, #7848, #7855, #7862));
#7847 = ORIENTED_EDGE('', *, *, #7800, .F.);
#7848 = ORIENTED_EDGE('', *, *, #7849, .T.);
#7849 = EDGE_CURVE('', #7801, #7850, #7852, .T.);
#7850 = VERTEX_POINT('', #7851);
#7851 = CARTESIAN_POINT('', (55.2, 37.9, 24.));
#7852 = B_SPLINE_CURVE_WITH_KNOTS('', 1, (#7853, #7854), .UNSPECIFIED., .F., .U., (2, 2), (0.120632256201108, 1.), .UNSPECIFIED.);
#7853 = CARTESIAN_POINT('', (84.1311987709835, 37.9, 24.));
#7854 = CARTESIAN_POINT('', (55.1999999999999, 37.9, 24.));
#7855 = ORIENTED_EDGE('', *, *, #7856, .T.);
#7856 = EDGE_CURVE('', #7850, #7857, #7859, .T.);
#7857 = VERTEX_POINT('', #7858);
#7858 = CARTESIAN_POINT('', (55.2, 37.9, 33.5));
#7859 = B_SPLINE_CURVE_WITH_KNOTS('', 1, (#7860, #7861), .UNSPECIFIED., .F., .U., (2, 2), (0.697452229299363, 1.), .UNSPECIFIED.);
#7860 = CARTESIAN_POINT('', (55.2, 37.9, 24.));
#7861 = CARTESIAN_POINT('', (55.2, 37.9, 33.5));
#7862 = ORIENTED_EDGE('', *, *, #7863, .F.);
#7863 = EDGE_CURVE('', #7789, #7857, #7864, .T.);
#7864 = B_SPLINE_CURVE_WITH_KNOTS('', 1, (#7865, #7866), .UNSPECIFIED., .F., .U., (2, 2), (0.102818684689547, 0.852331606217617), .UNSPECIFIED.);
#7865 = CARTESIAN_POINT('', (84.1311987709835, 37.9, 33.5));
#7866 = CARTESIAN_POINT('', (55.2, 37.9, 33.5));
#7867 = B_SPLINE_SURFACE_WITH_KNOTS('', 1, 1, ((#7868, #7869), (#7870, #7871)), .UNSPECIFIED., .F., .F., .U., (2, 2), (2, 2), (0., 1.), (0., 1.), .UNSPECIFIED.);
#7868 = CARTESIAN_POINT('', (88.1, 37.9, 2.1));
#7869 = CARTESIAN_POINT('', (88.1, 37.9, 33.5));
#7870 = CARTESIAN_POINT('', (49.5, 37.9, 2.1));
#7871 = CARTESIAN_POINT('', (49.5, 37.9, 33.5));
#7872 = ADVANCED_FACE('', (#7873), #7891, .F.);
#7873 = FACE_OUTER_BOUND('', #7874, .F.);
#7874 = EDGE_LOOP('', (#7875, #7876, #7877, #7886));
#7875 = ORIENTED_EDGE('', *, *, #7788, .F.);
#7876 = ORIENTED_EDGE('', *, *, #7863, .T.);
#7877 = ORIENTED_EDGE('', *, *, #7878, .T.);
#7878 = EDGE_CURVE('', #7857, #7879, #7881, .T.);
#7879 = VERTEX_POINT('', #7880);
#7880 = CARTESIAN_POINT('', (54.7, 37.4, 34.));
#7881 = B_SPLINE_CURVE_WITH_KNOTS('', 3, (#7882, #7883, #7884, #7885), .UNSPECIFIED., .F., .U., (4, 4), (0., 0.866025403784439), .UNSPECIFIED.);
#7882 = CARTESIAN_POINT('', (55.2, 37.9, 33.5));
#7883 = CARTESIAN_POINT('', (55.0333333333333, 37.7333333333333, 33.6666666666667));
#7884 = CARTESIAN_POINT('', (54.8666666666667, 37.5666666666667, 33.8333333333333));
#7885 = CARTESIAN_POINT('', (54.7, 37.4, 34.));
#7886 = ORIENTED_EDGE('', *, *, #7887, .F.);
#7887 = EDGE_CURVE('', #7777, #7879, #7888, .T.);
#7888 = B_SPLINE_CURVE_WITH_KNOTS('', 1, (#7889, #7890), .UNSPECIFIED., .F., .U., (2, 2), (0.0920818375121696, 0.869247338221804), .UNSPECIFIED.);
#7889 = CARTESIAN_POINT('', (84.3766758367895, 37.4, 34.));
#7890 = CARTESIAN_POINT('', (54.7, 37.4, 34.));
#7891 = B_SPLINE_SURFACE_WITH_KNOTS('', 1, 1, ((#7892, #7893), (#7894, #7895)), .UNSPECIFIED., .F., .F., .U., (2, 2), (2, 2), (0., 1.), (0., 1.), .UNSPECIFIED.);
#7892 = CARTESIAN_POINT('', (87.8928932188134, 37.4, 34.));
#7893 = CARTESIAN_POINT('', (49.7071067811866, 37.4, 34.));
#7894 = CARTESIAN_POINT('', (88.1, 37.9, 33.5));
#7895 = CARTESIAN_POINT('', (49.5, 37.9, 33.5));
#7896 = ADVANCED_FACE('', (#7897), #7930, .F.);
#7897 = FACE_OUTER_BOUND('', #7898, .F.);
#7898 = EDGE_LOOP('', (#7899, #7919, #7924, #7925));
#7899 = ORIENTED_EDGE('', *, *, #7900, .T.);
#7900 = EDGE_CURVE('', #7901, #7903, #7905, .T.);
#7901 = VERTEX_POINT('', #7902);
#7902 = CARTESIAN_POINT('', (55.2, 39.7570262048341, 33.5));
#7903 = VERTEX_POINT('', #7904);
#7904 = CARTESIAN_POINT('', (54.7, 39.7658334558463, 34.));
#7905 = B_SPLINE_CURVE_WITH_KNOTS('', 3, (#7906, #7907, #7908, #7909, #7910, #7911, #7912, #7913, #7914, #7915, #7916, #7917, #7918), .UNSPECIFIED., .F., .U., (4, 3, 3, 3, 4), (0., 0.19418212726987, 0.280586888619365, 0.367170601878668, 0.707555189068157), .UNSPECIFIED.);
#7906 = CARTESIAN_POINT('', (55.2, 39.7570262048341, 33.5));
#7907 = CARTESIAN_POINT('', (55.1542873562845, 39.7538103719064, 33.5457126437155));
#7908 = CARTESIAN_POINT('', (55.1085292049123, 39.7516993247908, 33.5914707950877));
#7909 = CARTESIAN_POINT('', (55.062765589931, 39.750691227557, 33.637234410069));
#7910 = CARTESIAN_POINT('', (55.0424022625407, 39.7502426569181, 33.6575977374593));
#7911 = CARTESIAN_POINT('', (55.0220359453854, 39.7500124240811, 33.6779640546146));
#7912 = CARTESIAN_POINT('', (55.0016701495749, 39.7500004893684, 33.6983298504251));
#7913 = CARTESIAN_POINT('', (54.9812621743984, 39.7499885299379, 33.7187378256016));
#7914 = CARTESIAN_POINT('', (54.9608535460845, 39.750195773108, 33.7391464539155));
#7915 = CARTESIAN_POINT('', (54.9404477974085, 39.7506222547429, 33.7595522025915));
#7916 = CARTESIAN_POINT('', (54.8602271406832, 39.7522988723164, 33.8397728593168));
#7917 = CARTESIAN_POINT('', (54.7800056242114, 39.7573647625323, 33.9199943757886));
#7918 = CARTESIAN_POINT('', (54.7, 39.7658334558463, 34.));
#7919 = ORIENTED_EDGE('', *, *, #7920, .F.);
#7920 = EDGE_CURVE('', #7879, #7903, #7921, .T.);
#7921 = B_SPLINE_CURVE_WITH_KNOTS('', 1, (#7922, #7923), .UNSPECIFIED., .F., .U., (2, 2), (0.360474127376495, 0.42275619858571), .UNSPECIFIED.);
#7922 = CARTESIAN_POINT('', (54.7, 37.4, 34.));
#7923 = CARTESIAN_POINT('', (54.7, 39.7658334558463, 34.));
#7924 = ORIENTED_EDGE('', *, *, #7878, .F.);
#7925 = ORIENTED_EDGE('', *, *, #7926, .T.);
#7926 = EDGE_CURVE('', #7857, #7901, #7927, .T.);
#7927 = B_SPLINE_CURVE_WITH_KNOTS('', 1, (#7928, #7929), .UNSPECIFIED., .F., .U., (2, 2), (0.375, 0.423360057417555), .UNSPECIFIED.);
#7928 = CARTESIAN_POINT('', (55.2, 37.9, 33.5));
#7929 = CARTESIAN_POINT('', (55.2, 39.7570262048341, 33.5));
#7930 = B_SPLINE_SURFACE_WITH_KNOTS('', 1, 1, ((#7931, #7932), (#7933, #7934)), .UNSPECIFIED., .F., .F., .U., (2, 2), (2, 2), (0., 1.), (0., 1.), .UNSPECIFIED.);
#7931 = CARTESIAN_POINT('', (54.7, 23.7071067811865, 34.));
#7932 = CARTESIAN_POINT('', (54.7, 61.6928932188134, 34.));
#7933 = CARTESIAN_POINT('', (55.2, 23.5, 33.5));
#7934 = CARTESIAN_POINT('', (55.2, 61.9, 33.5));
#7935 = ADVANCED_FACE('', (#7936), #7985, .T.);
#7936 = FACE_OUTER_BOUND('', #7937, .T.);
#7937 = EDGE_LOOP('', (#7938, #7948, #7964, #7965, #7979, #7984));
#7938 = ORIENTED_EDGE('', *, *, #7939, .F.);
#7939 = EDGE_CURVE('', #7940, #7903, #7942, .T.);
#7940 = VERTEX_POINT('', #7941);
#7941 = CARTESIAN_POINT('', (54.7, 45.4341665441537, 34.));
#7942 = (
   BOUNDED_CURVE ()
   B_SPLINE_CURVE (2, (#7943, #7944, #7945, #7946, #7947), .UNSPECIFIED., .F., .U.)
   B_SPLINE_CURVE_WITH_KNOTS ((3, 2, 3), (0.268260701426482, 0.5, 0.731739298573518), .UNSPECIFIED.)
   CURVE ()
   GEOMETRIC_REPRESENTATION_ITEM ()
   RATIONAL_B_SPLINE_CURVE ((0.960337833001007, 0.728500523660923, 1., 0.728500523660923, 0.960337833001006))
   REPRESENTATION_ITEM ('')
);
#7943 = CARTESIAN_POINT('', (54.7, 45.4341665441537, 34.));
#7944 = CARTESIAN_POINT('', (52.15, 45.164245920901, 34.));
#7945 = CARTESIAN_POINT('', (52.15, 42.6, 34.));
#7946 = CARTESIAN_POINT('', (52.15, 40.035754079099, 34.));
#7947 = CARTESIAN_POINT('', (54.7, 39.7658334558463, 34.));
#7948 = ORIENTED_EDGE('', *, *, #7949, .F.);
#7949 = EDGE_CURVE('', #1871, #7940, #7950, .T.);
#7950 = B_SPLINE_CURVE_WITH_KNOTS('', 3, (#7951, #7952, #7953, #7954, #7955, #7956, #7957, #7958, #7959, #7960, #7961, #7962, #7963), .UNSPECIFIED., .F., .U., (4, 3, 3, 3, 4), (0., 0.194182170972824, 0.280586935048306, 0.36717064858123, 0.707555189082638), .UNSPECIFIED.);
#7951 = CARTESIAN_POINT('', (55.2, 45.4429737951659, 33.5));
#7952 = CARTESIAN_POINT('', (55.1542873459963, 45.4461896288174, 33.5457126540037));
#7953 = CARTESIAN_POINT('', (55.108529184314, 45.4483006761596, 33.591470815686));
#7954 = CARTESIAN_POINT('', (55.0627655590276, 45.4493087731237, 33.6372344409724));
#7955 = CARTESIAN_POINT('', (55.0424022309924, 45.4497573435559, 33.6575977690076));
#7956 = CARTESIAN_POINT('', (55.0220359131933, 45.4499875761725, 33.6779640868067));
#7957 = CARTESIAN_POINT('', (55.0016701167402, 45.4499995106508, 33.6983298832599));
#7958 = CARTESIAN_POINT('', (54.9812621414991, 45.4500114698463, 33.718737858501));
#7959 = CARTESIAN_POINT('', (54.9608535131218, 45.4498042264397, 33.7391464868782));
#7960 = CARTESIAN_POINT('', (54.9404477643838, 45.4493777445669, 33.7595522356162));
#7961 = CARTESIAN_POINT('', (54.8602271186716, 45.4477011262934, 33.8397728813284));
#7962 = CARTESIAN_POINT('', (54.7800056132376, 45.4426352363062, 33.9199943867624));
#7963 = CARTESIAN_POINT('', (54.7, 45.4341665441537, 34.));
#7964 = ORIENTED_EDGE('', *, *, #1868, .F.);
#7965 = ORIENTED_EDGE('', *, *, #7966, .T.);
#7966 = EDGE_CURVE('', #1869, #7967, #7969, .T.);
#7967 = VERTEX_POINT('', #7968);
#7968 = CARTESIAN_POINT('', (55.2, 39.7570262048341, 24.));
#7969 = (
   BOUNDED_CURVE ()
   B_SPLINE_CURVE (2, (#7970, #7971, #7972, #7973, #7974, #7975, #7976, #7977, #7978), .UNSPECIFIED., .F., .U.)
   B_SPLINE_CURVE_WITH_KNOTS ((3, 2, 2, 2, 3), (4.25754136930385, 4.47676953136546, 8.95353906273092, 13.4303085940964, 13.649536756158), .UNSPECIFIED.)
   CURVE ()
   GEOMETRIC_REPRESENTATION_ITEM ()
   RATIONAL_B_SPLINE_CURVE ((0.972718700217826, 0.985656969475219, 1., 0.707106781186548, 1., 0.707106781186548, 1., 0.985656969475219, 0.972718700217826))
   REPRESENTATION_ITEM ('')
);
#7970 = CARTESIAN_POINT('', (55.2, 45.4429737951659, 24.));
#7971 = CARTESIAN_POINT('', (55.1001234188859, 45.45, 24.));
#7972 = CARTESIAN_POINT('', (55., 45.45, 24.));
#7973 = CARTESIAN_POINT('', (52.15, 45.45, 24.));
#7974 = CARTESIAN_POINT('', (52.15, 42.6, 24.));
#7975 = CARTESIAN_POINT('', (52.15, 39.75, 24.));
#7976 = CARTESIAN_POINT('', (55., 39.75, 24.));
#7977 = CARTESIAN_POINT('', (55.1001234188859, 39.75, 24.));
#7978 = CARTESIAN_POINT('', (55.2, 39.7570262048341, 24.));
#7979 = ORIENTED_EDGE('', *, *, #7980, .T.);
#7980 = EDGE_CURVE('', #7967, #7901, #7981, .T.);
#7981 = B_SPLINE_CURVE_WITH_KNOTS('', 1, (#7982, #7983), .UNSPECIFIED., .F., .U., (2, 2), (0., 1.), .UNSPECIFIED.);
#7982 = CARTESIAN_POINT('', (55.2, 39.7570262048341, 24.));
#7983 = CARTESIAN_POINT('', (55.2, 39.7570262048341, 33.5));
#7984 = ORIENTED_EDGE('', *, *, #7900, .T.);
#7985 = (
   BOUNDED_SURFACE ()
   B_SPLINE_SURFACE (2, 1, ((#7986, #7987), (#7988, #7989), (#7990, #7991), (#7992, #7993), (#7994, #7995), (#7996, #7997), (#7998, #7999), (#8000, #8001), (#8002, #8003)), .UNSPECIFIED., .T., .F., .U.)
   B_SPLINE_SURFACE_WITH_KNOTS ((3, 2, 2, 2, 3), (2, 2), (0., 4.47676953136546, 8.95353906273092, 13.4303085940964, 17.9070781254618), (0., 12.9), .UNSPECIFIED.)
   GEOMETRIC_REPRESENTATION_ITEM ()
   RATIONAL_B_SPLINE_SURFACE (((1., 1.), (0.707106781186548, 0.707106781186548), (1., 1.), (0.707106781186548, 0.707106781186548), (1., 1.), (0.707106781186548, 0.707106781186548), (1., 1.), (0.707106781186548, 0.707106781186548), (1., 1.)))
   REPRESENTATION_ITEM ('')
   SURFACE ()
);
#7986 = CARTESIAN_POINT('', (57.85, 42.6, 24.));
#7987 = CARTESIAN_POINT('', (57.85, 42.6, 36.9));
#7988 = CARTESIAN_POINT('', (57.85, 45.45, 24.));
#7989 = CARTESIAN_POINT('', (57.85, 45.45, 36.9));
#7990 = CARTESIAN_POINT('', (55., 45.45, 24.));
#7991 = CARTESIAN_POINT('', (55., 45.45, 36.9));
#7992 = CARTESIAN_POINT('', (52.15, 45.45, 24.));
#7993 = CARTESIAN_POINT('', (52.15, 45.45, 36.9));
#7994 = CARTESIAN_POINT('', (52.15, 42.6, 24.));
#7995 = CARTESIAN_POINT('', (52.15, 42.6, 36.9));
#7996 = CARTESIAN_POINT('', (52.15, 39.75, 24.));
#7997 = CARTESIAN_POINT('', (52.15, 39.75, 36.9));
#7998 = CARTESIAN_POINT('', (55., 39.75, 24.));
#7999 = CARTESIAN_POINT('', (55., 39.75, 36.9));
#8000 = CARTESIAN_POINT('', (57.85, 39.75, 24.));
#8001 = CARTESIAN_POINT('', (57.85, 39.75, 36.9));
#8002 = CARTESIAN_POINT('', (57.85, 42.6, 24.));
#8003 = CARTESIAN_POINT('', (57.85, 42.6, 36.9));
#8004 = ADVANCED_FACE('', (#8005), #8021, .F.);
#8005 = FACE_OUTER_BOUND('', #8006, .F.);
#8006 = EDGE_LOOP('', (#8007, #8008, #8009, #8016));
#8007 = ORIENTED_EDGE('', *, *, #7949, .F.);
#8008 = ORIENTED_EDGE('', *, *, #1883, .T.);
#8009 = ORIENTED_EDGE('', *, *, #8010, .F.);
#8010 = EDGE_CURVE('', #8011, #1849, #8013, .T.);
#8011 = VERTEX_POINT('', #8012);
#8012 = CARTESIAN_POINT('', (54.7, 61.6928932188134, 34.));
#8013 = B_SPLINE_CURVE_WITH_KNOTS('', 1, (#8014, #8015), .UNSPECIFIED., .F., .U., (2, 2), (0., 1.), .UNSPECIFIED.);
#8014 = CARTESIAN_POINT('', (54.7, 61.6928932188134, 34.));
#8015 = CARTESIAN_POINT('', (55.2, 61.9, 33.5));
#8016 = ORIENTED_EDGE('', *, *, #8017, .F.);
#8017 = EDGE_CURVE('', #7940, #8011, #8018, .T.);
#8018 = B_SPLINE_CURVE_WITH_KNOTS('', 1, (#8019, #8020), .UNSPECIFIED., .F., .U., (2, 2), (0.571978674145479, 1.), .UNSPECIFIED.);
#8019 = CARTESIAN_POINT('', (54.7, 45.4341665441537, 34.));
#8020 = CARTESIAN_POINT('', (54.7, 61.6928932188134, 34.));
#8021 = B_SPLINE_SURFACE_WITH_KNOTS('', 1, 1, ((#8022, #8023), (#8024, #8025)), .UNSPECIFIED., .F., .F., .U., (2, 2), (2, 2), (0., 1.), (0., 1.), .UNSPECIFIED.);
#8022 = CARTESIAN_POINT('', (54.7, 23.7071067811865, 34.));
#8023 = CARTESIAN_POINT('', (54.7, 61.6928932188134, 34.));
#8024 = CARTESIAN_POINT('', (55.2, 23.5, 33.5));
#8025 = CARTESIAN_POINT('', (55.2, 61.9, 33.5));
#8026 = ADVANCED_FACE('', (#8027), #8043, .F.);
#8027 = FACE_OUTER_BOUND('', #8028, .F.);
#8028 = EDGE_LOOP('', (#8029, #8036, #8037, #8038));
#8029 = ORIENTED_EDGE('', *, *, #8030, .F.);
#8030 = EDGE_CURVE('', #8011, #8031, #8033, .T.);
#8031 = VERTEX_POINT('', #8032);
#8032 = CARTESIAN_POINT('', (54.4928932188134, 61.9, 34.));
#8033 = B_SPLINE_CURVE_WITH_KNOTS('', 1, (#8034, #8035), .UNSPECIFIED., .F., .U., (2, 2), (0., 1.), .UNSPECIFIED.);
#8034 = CARTESIAN_POINT('', (54.7, 61.6928932188134, 34.));
#8035 = CARTESIAN_POINT('', (54.4928932188134, 61.9, 34.));
#8036 = ORIENTED_EDGE('', *, *, #8010, .T.);
#8037 = ORIENTED_EDGE('', *, *, #1848, .T.);
#8038 = ORIENTED_EDGE('', *, *, #8039, .F.);
#8039 = EDGE_CURVE('', #8031, #1821, #8040, .T.);
#8040 = B_SPLINE_CURVE_WITH_KNOTS('', 1, (#8041, #8042), .UNSPECIFIED., .F., .U., (2, 2), (0., 1.), .UNSPECIFIED.);
#8041 = CARTESIAN_POINT('', (54.4928932188134, 61.9, 34.));
#8042 = CARTESIAN_POINT('', (54.7, 62.4, 33.5));
#8043 = B_SPLINE_SURFACE_WITH_KNOTS('', 1, 1, ((#8044, #8045), (#8046, #8047)), .UNSPECIFIED., .F., .F., .U., (2, 2), (2, 2), (0., 1.), (0., 1.), .UNSPECIFIED.);
#8044 = CARTESIAN_POINT('', (54.7, 61.6928932188134, 34.));
#8045 = CARTESIAN_POINT('', (54.4928932188134, 61.9, 34.));
#8046 = CARTESIAN_POINT('', (55.2, 61.9, 33.5));
#8047 = CARTESIAN_POINT('', (54.7, 62.4, 33.5));
#8048 = ADVANCED_FACE('', (#8049), #8065, .F.);
#8049 = FACE_OUTER_BOUND('', #8050, .F.);
#8050 = EDGE_LOOP('', (#8051, #8058, #8059, #8060));
#8051 = ORIENTED_EDGE('', *, *, #8052, .F.);
#8052 = EDGE_CURVE('', #8031, #8053, #8055, .T.);
#8053 = VERTEX_POINT('', #8054);
#8054 = CARTESIAN_POINT('', (2.30710678118655, 61.9, 34.));
#8055 = B_SPLINE_CURVE_WITH_KNOTS('', 1, (#8056, #8057), .UNSPECIFIED., .F., .U., (2, 2), (0., 1.), .UNSPECIFIED.);
#8056 = CARTESIAN_POINT('', (54.4928932188134, 61.9, 34.));
#8057 = CARTESIAN_POINT('', (2.30710678118655, 61.9, 34.));
#8058 = ORIENTED_EDGE('', *, *, #8039, .T.);
#8059 = ORIENTED_EDGE('', *, *, #1820, .T.);
#8060 = ORIENTED_EDGE('', *, *, #8061, .F.);
#8061 = EDGE_CURVE('', #8053, #1793, #8062, .T.);
#8062 = B_SPLINE_CURVE_WITH_KNOTS('', 1, (#8063, #8064), .UNSPECIFIED., .F., .U., (2, 2), (0., 1.), .UNSPECIFIED.);
#8063 = CARTESIAN_POINT('', (2.30710678118655, 61.9, 34.));
#8064 = CARTESIAN_POINT('', (2.1, 62.4, 33.5));
#8065 = B_SPLINE_SURFACE_WITH_KNOTS('', 1, 1, ((#8066, #8067), (#8068, #8069)), .UNSPECIFIED., .F., .F., .U., (2, 2), (2, 2), (0., 1.), (0., 1.), .UNSPECIFIED.);
#8066 = CARTESIAN_POINT('', (54.4928932188134, 61.9, 34.));
#8067 = CARTESIAN_POINT('', (2.30710678118655, 61.9, 34.));
#8068 = CARTESIAN_POINT('', (54.7, 62.4, 33.5));
#8069 = CARTESIAN_POINT('', (2.1, 62.4, 33.5));
#8070 = ADVANCED_FACE('', (#8071), #8081, .F.);
#8071 = FACE_OUTER_BOUND('', #8072, .F.);
#8072 = EDGE_LOOP('', (#8073, #8078, #8079, #8080));
#8073 = ORIENTED_EDGE('', *, *, #8074, .F.);
#8074 = EDGE_CURVE('', #8053, #1752, #8075, .T.);
#8075 = B_SPLINE_CURVE_WITH_KNOTS('', 1, (#8076, #8077), .UNSPECIFIED., .F., .U., (2, 2), (0., 1.), .UNSPECIFIED.);
#8076 = CARTESIAN_POINT('', (2.30710678118655, 61.9, 34.));
#8077 = CARTESIAN_POINT('', (2.1, 61.6928932188134, 34.));
#8078 = ORIENTED_EDGE('', *, *, #8061, .T.);
#8079 = ORIENTED_EDGE('', *, *, #1792, .T.);
#8080 = ORIENTED_EDGE('', *, *, #1758, .F.);
#8081 = B_SPLINE_SURFACE_WITH_KNOTS('', 1, 1, ((#8082, #8083), (#8084, #8085)), .UNSPECIFIED., .F., .F., .U., (2, 2), (2, 2), (0., 1.), (0., 1.), .UNSPECIFIED.);
#8082 = CARTESIAN_POINT('', (2.30710678118655, 61.9, 34.));
#8083 = CARTESIAN_POINT('', (2.1, 61.6928932188134, 34.));
#8084 = CARTESIAN_POINT('', (2.1, 62.4, 33.5));
#8085 = CARTESIAN_POINT('', (1.6, 61.9, 33.5));
#8086 = ADVANCED_FACE('', (#8087), #8097, .F.);
#8087 = FACE_OUTER_BOUND('', #8088, .F.);
#8088 = EDGE_LOOP('', (#8089, #8090, #8091, #8092));
#8089 = ORIENTED_EDGE('', *, *, #7980, .T.);
#8090 = ORIENTED_EDGE('', *, *, #7926, .F.);
#8091 = ORIENTED_EDGE('', *, *, #7856, .F.);
#8092 = ORIENTED_EDGE('', *, *, #8093, .T.);
#8093 = EDGE_CURVE('', #7850, #7967, #8094, .T.);
#8094 = B_SPLINE_CURVE_WITH_KNOTS('', 1, (#8095, #8096), .UNSPECIFIED., .F., .U., (2, 2), (0., 0.0773760918680887), .UNSPECIFIED.);
#8095 = CARTESIAN_POINT('', (55.2, 37.9, 24.));
#8096 = CARTESIAN_POINT('', (55.2, 39.7570262048341, 24.));
#8097 = B_SPLINE_SURFACE_WITH_KNOTS('', 1, 1, ((#8098, #8099), (#8100, #8101)), .UNSPECIFIED., .F., .F., .U., (2, 2), (2, 2), (0., 1.), (0., 1.), .UNSPECIFIED.);
#8098 = CARTESIAN_POINT('', (55.2, 23.5, 2.1));
#8099 = CARTESIAN_POINT('', (55.2, 23.5, 33.5));
#8100 = CARTESIAN_POINT('', (55.2, 61.9, 2.1));
#8101 = CARTESIAN_POINT('', (55.2, 61.9, 33.5));
#8102 = ADVANCED_FACE('', (#8103, #8131, #8134), #8150, .T.);
#8103 = FACE_OUTER_BOUND('', #8104, .T.);
#8104 = EDGE_LOOP('', (#8105, #8106, #8107, #8108, #8109, #8110, #8111, #8112, #8113, #8118, #8119, #8120, #8121, #8122, #8123, #8124, #8125, #8126, #8127, #8128, #8129, #8130));
#8105 = ORIENTED_EDGE('', *, *, #7807, .F.);
#8106 = ORIENTED_EDGE('', *, *, #7849, .T.);
#8107 = ORIENTED_EDGE('', *, *, #8093, .T.);
#8108 = ORIENTED_EDGE('', *, *, #7966, .F.);
#8109 = ORIENTED_EDGE('', *, *, #1877, .T.);
#8110 = ORIENTED_EDGE('', *, *, #1840, .T.);
#8111 = ORIENTED_EDGE('', *, *, #1812, .T.);
#8112 = ORIENTED_EDGE('', *, *, #1778, .T.);
#8113 = ORIENTED_EDGE('', *, *, #8114, .T.);
#8114 = EDGE_CURVE('', #1781, #7744, #8115, .T.);
#8115 = B_SPLINE_CURVE_WITH_KNOTS('', 1, (#8116, #8117), .UNSPECIFIED., .F., .U., (2, 2), (0., 0.750334816935167), .UNSPECIFIED.);
#8116 = CARTESIAN_POINT('', (1.6, 61.9, 24.));
#8117 = CARTESIAN_POINT('', (1.6, 27.4, 24.));
#8118 = ORIENTED_EDGE('', *, *, #7752, .F.);
#8119 = ORIENTED_EDGE('', *, *, #2879, .F.);
#8120 = ORIENTED_EDGE('', *, *, #2736, .F.);
#8121 = ORIENTED_EDGE('', *, *, #2706, .F.);
#8122 = ORIENTED_EDGE('', *, *, #2619, .F.);
#8123 = ORIENTED_EDGE('', *, *, #2589, .F.);
#8124 = ORIENTED_EDGE('', *, *, #2493, .T.);
#8125 = ORIENTED_EDGE('', *, *, #2457, .F.);
#8126 = ORIENTED_EDGE('', *, *, #3769, .F.);
#8127 = ORIENTED_EDGE('', *, *, #3875, .F.);
#8128 = ORIENTED_EDGE('', *, *, #3325, .F.);
#8129 = ORIENTED_EDGE('', *, *, #3251, .F.);
#8130 = ORIENTED_EDGE('', *, *, #3238, .T.);
#8131 = FACE_BOUND('', #8132, .T.);
#8132 = EDGE_LOOP('', (#8133));
#8133 = ORIENTED_EDGE('', *, *, #1896, .T.);
#8134 = FACE_BOUND('', #8135, .T.);
#8135 = EDGE_LOOP('', (#8136));
#8136 = ORIENTED_EDGE('', *, *, #8137, .T.);
#8137 = EDGE_CURVE('', #8138, #8138, #8140, .T.);
#8138 = VERTEX_POINT('', #8139);
#8139 = CARTESIAN_POINT('', (87.95, 38.9, 24.));
#8140 = (
   BOUNDED_CURVE ()
   B_SPLINE_CURVE (2, (#8141, #8142, #8143, #8144, #8145, #8146, #8147, #8148, #8149), .UNSPECIFIED., .T., .U.)
   B_SPLINE_CURVE_WITH_KNOTS ((3, 2, 2, 2, 3), (0., 0.25, 0.5, 0.75, 1.), .UNSPECIFIED.)
   CURVE ()
   GEOMETRIC_REPRESENTATION_ITEM ()
   RATIONAL_B_SPLINE_CURVE ((1., 0.707106781186548, 1., 0.707106781186548, 1., 0.707106781186548, 1., 0.707106781186548, 1.))
   REPRESENTATION_ITEM ('')
);
#8141 = CARTESIAN_POINT('', (87.95, 38.9, 24.));
#8142 = CARTESIAN_POINT('', (87.95, 40.05, 24.));
#8143 = CARTESIAN_POINT('', (86.8, 40.05, 24.));
#8144 = CARTESIAN_POINT('', (85.65, 40.05, 24.));
#8145 = CARTESIAN_POINT('', (85.65, 38.9, 24.));
#8146 = CARTESIAN_POINT('', (85.65, 37.75, 24.));
#8147 = CARTESIAN_POINT('', (86.8, 37.75, 24.));
#8148 = CARTESIAN_POINT('', (87.95, 37.75, 24.));
#8149 = CARTESIAN_POINT('', (87.95, 38.9, 24.));
#8150 = B_SPLINE_SURFACE_WITH_KNOTS('', 1, 1, ((#8151, #8152), (#8153, #8154)), .UNSPECIFIED., .F., .F., .U., (2, 2), (2, 2), (-7.82869724846915, 16.0012636413662), (-11.2909266236569, 12.5390342661785), .UNSPECIFIED.);
#8151 = CARTESIAN_POINT('', (160.651549917642, -65.651549917642, 23.9999999999999));
#8152 = CARTESIAN_POINT('', (160.651549917642, 145.651549917642, 23.9999999999999));
#8153 = CARTESIAN_POINT('', (-50.651549917642, -65.651549917642, 24.0000000000002));
#8154 = CARTESIAN_POINT('', (-50.651549917642, 145.651549917642, 24.0000000000002));
#8155 = ADVANCED_FACE('', (#8156), #8166, .F.);
#8156 = FACE_OUTER_BOUND('', #8157, .F.);
#8157 = EDGE_LOOP('', (#8158, #8159, #8164, #8165));
#8158 = ORIENTED_EDGE('', *, *, #7816, .T.);
#8159 = ORIENTED_EDGE('', *, *, #8160, .F.);
#8160 = EDGE_CURVE('', #1199, #7779, #8161, .T.);
#8161 = B_SPLINE_CURVE_WITH_KNOTS('', 1, (#8162, #8163), .UNSPECIFIED., .F., .U., (2, 2), (0., 0.976232997043356), .UNSPECIFIED.);
#8162 = CARTESIAN_POINT('', (88.1, 2.30710678118655, 34.));
#8163 = CARTESIAN_POINT('', (88.1, 36.3637626294055, 34.));
#8164 = ORIENTED_EDGE('', *, *, #1219, .T.);
#8165 = ORIENTED_EDGE('', *, *, #3215, .T.);
#8166 = B_SPLINE_SURFACE_WITH_KNOTS('', 1, 1, ((#8167, #8168), (#8169, #8170)), .UNSPECIFIED., .F., .F., .U., (2, 2), (2, 2), (0., 1.), (0., 1.), .UNSPECIFIED.);
#8167 = CARTESIAN_POINT('', (88.1, 2.30710678118655, 34.));
#8168 = CARTESIAN_POINT('', (88.1, 37.1928932188134, 34.));
#8169 = CARTESIAN_POINT('', (88.6, 2.1, 33.5));
#8170 = CARTESIAN_POINT('', (88.6, 37.4, 33.5));
#8171 = ADVANCED_FACE('', (#8172), #8188, .F.);
#8172 = FACE_OUTER_BOUND('', #8173, .F.);
#8173 = EDGE_LOOP('', (#8174, #8181, #8186, #8187));
#8174 = ORIENTED_EDGE('', *, *, #8175, .F.);
#8175 = EDGE_CURVE('', #8176, #1688, #8178, .T.);
#8176 = VERTEX_POINT('', #8177);
#8177 = CARTESIAN_POINT('', (2.1, 23.7071067811865, 34.));
#8178 = B_SPLINE_CURVE_WITH_KNOTS('', 1, (#8179, #8180), .UNSPECIFIED., .F., .U., (2, 2), (0., 1.), .UNSPECIFIED.);
#8179 = CARTESIAN_POINT('', (2.1, 23.7071067811865, 34.));
#8180 = CARTESIAN_POINT('', (2.30710678118655, 23.5, 34.));
#8181 = ORIENTED_EDGE('', *, *, #8182, .T.);
#8182 = EDGE_CURVE('', #8176, #1731, #8183, .T.);
#8183 = B_SPLINE_CURVE_WITH_KNOTS('', 1, (#8184, #8185), .UNSPECIFIED., .F., .U., (2, 2), (0., 1.), .UNSPECIFIED.);
#8184 = CARTESIAN_POINT('', (2.1, 23.7071067811865, 34.));
#8185 = CARTESIAN_POINT('', (1.6, 23.5, 33.5));
#8186 = ORIENTED_EDGE('', *, *, #1730, .T.);
#8187 = ORIENTED_EDGE('', *, *, #1694, .F.);
#8188 = B_SPLINE_SURFACE_WITH_KNOTS('', 1, 1, ((#8189, #8190), (#8191, #8192)), .UNSPECIFIED., .F., .F., .U., (2, 2), (2, 2), (0., 1.), (0., 1.), .UNSPECIFIED.);
#8189 = CARTESIAN_POINT('', (2.1, 23.7071067811865, 34.));
#8190 = CARTESIAN_POINT('', (2.30710678118655, 23.5, 34.));
#8191 = CARTESIAN_POINT('', (1.6, 23.5, 33.5));
#8192 = CARTESIAN_POINT('', (2.1, 23., 33.5));
#8193 = ADVANCED_FACE('', (#8194), #8208, .F.);
#8194 = FACE_OUTER_BOUND('', #8195, .F.);
#8195 = EDGE_LOOP('', (#8196, #8197, #8202, #8203));
#8196 = ORIENTED_EDGE('', *, *, #1102, .T.);
#8197 = ORIENTED_EDGE('', *, *, #8198, .F.);
#8198 = EDGE_CURVE('', #1607, #1103, #8199, .T.);
#8199 = B_SPLINE_CURVE_WITH_KNOTS('', 1, (#8200, #8201), .UNSPECIFIED., .F., .U., (2, 2), (0.543445963120681, 0.837256582710232), .UNSPECIFIED.);
#8200 = CARTESIAN_POINT('', (30.6672617529929, 23.5, 34.));
#8201 = CARTESIAN_POINT('', (46., 23.5, 34.));
#8202 = ORIENTED_EDGE('', *, *, #1616, .F.);
#8203 = ORIENTED_EDGE('', *, *, #8204, .T.);
#8204 = EDGE_CURVE('', #1617, #1096, #8205, .T.);
#8205 = B_SPLINE_CURVE_WITH_KNOTS('', 1, (#8206, #8207), .UNSPECIFIED., .F., .U., (2, 2), (0.557543438912543, 0.834600760456274), .UNSPECIFIED.);
#8206 = CARTESIAN_POINT('', (31.4267848867998, 23., 33.5));
#8207 = CARTESIAN_POINT('', (46., 23., 33.5));
#8208 = B_SPLINE_SURFACE_WITH_KNOTS('', 1, 1, ((#8209, #8210), (#8211, #8212)), .UNSPECIFIED., .F., .F., .U., (2, 2), (2, 2), (0., 1.), (0., 1.), .UNSPECIFIED.);
#8209 = CARTESIAN_POINT('', (2.30710678118655, 23.5, 34.));
#8210 = CARTESIAN_POINT('', (54.4928932188135, 23.5, 34.));
#8211 = CARTESIAN_POINT('', (2.1, 23., 33.5));
#8212 = CARTESIAN_POINT('', (54.7, 23., 33.5));
#8213 = ADVANCED_FACE('', (#8214), #8224, .F.);
#8214 = FACE_OUTER_BOUND('', #8215, .F.);
#8215 = EDGE_LOOP('', (#8216, #8217, #8222, #8223));
#8216 = ORIENTED_EDGE('', *, *, #8137, .T.);
#8217 = ORIENTED_EDGE('', *, *, #8218, .T.);
#8218 = EDGE_CURVE('', #8138, #4951, #8219, .T.);
#8219 = B_SPLINE_CURVE_WITH_KNOTS('', 1, (#8220, #8221), .UNSPECIFIED., .F., .U., (2, 2), (0.100000000000001, 13.), .UNSPECIFIED.);
#8220 = CARTESIAN_POINT('', (87.95, 38.9, 24.));
#8221 = CARTESIAN_POINT('', (87.95, 38.9, 36.8999999999999));
#8222 = ORIENTED_EDGE('', *, *, #4950, .F.);
#8223 = ORIENTED_EDGE('', *, *, #8218, .F.);
#8224 = (
   BOUNDED_SURFACE ()
   B_SPLINE_SURFACE (2, 1, ((#8225, #8226), (#8227, #8228), (#8229, #8230), (#8231, #8232), (#8233, #8234), (#8235, #8236), (#8237, #8238), (#8239, #8240), (#8241, #8242)), .UNSPECIFIED., .T., .F., .U.)
   B_SPLINE_SURFACE_WITH_KNOTS ((3, 2, 2, 2, 3), (2, 2), (0., 1.80641577581415, 3.61283155162829, 5.41924732744243, 7.22566310325657), (0., 14.), .UNSPECIFIED.)
   GEOMETRIC_REPRESENTATION_ITEM ()
   RATIONAL_B_SPLINE_SURFACE (((1., 1.), (0.707106781186548, 0.707106781186548), (1., 1.), (0.707106781186548, 0.707106781186548), (1., 1.), (0.707106781186548, 0.707106781186548), (1., 1.), (0.707106781186548, 0.707106781186548), (1., 1.)))
   REPRESENTATION_ITEM ('')
   SURFACE ()
);
#8225 = CARTESIAN_POINT('', (87.95, 38.9, 23.9));
#8226 = CARTESIAN_POINT('', (87.95, 38.9, 37.9));
#8227 = CARTESIAN_POINT('', (87.95, 40.05, 23.9));
#8228 = CARTESIAN_POINT('', (87.95, 40.05, 37.9));
#8229 = CARTESIAN_POINT('', (86.8, 40.05, 23.9));
#8230 = CARTESIAN_POINT('', (86.8, 40.05, 37.9));
#8231 = CARTESIAN_POINT('', (85.65, 40.05, 23.9));
#8232 = CARTESIAN_POINT('', (85.65, 40.05, 37.9));
#8233 = CARTESIAN_POINT('', (85.65, 38.9, 23.9));
#8234 = CARTESIAN_POINT('', (85.65, 38.9, 37.9));
#8235 = CARTESIAN_POINT('', (85.65, 37.75, 23.9));
#8236 = CARTESIAN_POINT('', (85.65, 37.75, 37.9));
#8237 = CARTESIAN_POINT('', (86.8, 37.75, 23.9));
#8238 = CARTESIAN_POINT('', (86.8, 37.75, 37.9));
#8239 = CARTESIAN_POINT('', (87.95, 37.75, 23.9));
#8240 = CARTESIAN_POINT('', (87.95, 37.75, 37.9));
#8241 = CARTESIAN_POINT('', (87.95, 38.9, 23.9));
#8242 = CARTESIAN_POINT('', (87.95, 38.9, 37.9));
#8243 = ADVANCED_FACE('', (#8244), #8253, .F.);
#8244 = FACE_OUTER_BOUND('', #8245, .F.);
#8245 = EDGE_LOOP('', (#8246, #8247, #8248));
#8246 = ORIENTED_EDGE('', *, *, #1355, .F.);
#8247 = ORIENTED_EDGE('', *, *, #1324, .T.);
#8248 = ORIENTED_EDGE('', *, *, #8249, .F.);
#8249 = EDGE_CURVE('', #1356, #1327, #8250, .T.);
#8250 = B_SPLINE_CURVE_WITH_KNOTS('', 1, (#8251, #8252), .UNSPECIFIED., .F., .U., (2, 2), (0.894743500217657, 0.904324653135562), .UNSPECIFIED.);
#8251 = CARTESIAN_POINT('', (49., 23.5, 34.));
#8252 = CARTESIAN_POINT('', (49.5, 23.5, 34.));
#8253 = B_SPLINE_SURFACE_WITH_KNOTS('', 1, 1, ((#8254, #8255), (#8256, #8257)), .UNSPECIFIED., .F., .F., .U., (2, 2), (2, 2), (0., 1.), (0., 1.), .UNSPECIFIED.);
#8254 = CARTESIAN_POINT('', (2.30710678118655, 23.5, 34.));
#8255 = CARTESIAN_POINT('', (54.4928932188135, 23.5, 34.));
#8256 = CARTESIAN_POINT('', (2.1, 23., 33.5));
#8257 = CARTESIAN_POINT('', (54.7, 23., 33.5));
#8258 = ADVANCED_FACE('', (#8259), #8269, .F.);
#8259 = FACE_OUTER_BOUND('', #8260, .F.);
#8260 = EDGE_LOOP('', (#8261, #8262, #8263, #8264));
#8261 = ORIENTED_EDGE('', *, *, #1095, .F.);
#8262 = ORIENTED_EDGE('', *, *, #8204, .F.);
#8263 = ORIENTED_EDGE('', *, *, #1631, .F.);
#8264 = ORIENTED_EDGE('', *, *, #8265, .T.);
#8265 = EDGE_CURVE('', #1632, #1089, #8266, .T.);
#8266 = B_SPLINE_CURVE_WITH_KNOTS('', 1, (#8267, #8268), .UNSPECIFIED., .F., .U., (2, 2), (0.576164732550093, 0.862475442043222), .UNSPECIFIED.);
#8267 = CARTESIAN_POINT('', (31.4267848867998, 23., 25.));
#8268 = CARTESIAN_POINT('', (46., 23., 25.));
#8269 = B_SPLINE_SURFACE_WITH_KNOTS('', 1, 1, ((#8270, #8271), (#8272, #8273)), .UNSPECIFIED., .F., .F., .U., (2, 2), (2, 2), (0., 1.), (0., 1.), .UNSPECIFIED.);
#8270 = CARTESIAN_POINT('', (2.1, 23., 2.1));
#8271 = CARTESIAN_POINT('', (2.1, 23., 33.5));
#8272 = CARTESIAN_POINT('', (54.7, 23., 2.1));
#8273 = CARTESIAN_POINT('', (54.7, 23., 33.5));
#8274 = ADVANCED_FACE('', (#8275, #8294, #8300), #8306, .F.);
#8275 = FACE_OUTER_BOUND('', #8276, .F.);
#8276 = EDGE_LOOP('', (#8277, #8278, #8279, #8280, #8281, #8286, #8287, #8288, #8289, #8290, #8291, #8292, #8293));
#8277 = ORIENTED_EDGE('', *, *, #1088, .F.);
#8278 = ORIENTED_EDGE('', *, *, #8265, .F.);
#8279 = ORIENTED_EDGE('', *, *, #1638, .F.);
#8280 = ORIENTED_EDGE('', *, *, #1570, .F.);
#8281 = ORIENTED_EDGE('', *, *, #8282, .F.);
#8282 = EDGE_CURVE('', #1717, #1571, #8283, .T.);
#8283 = B_SPLINE_CURVE_WITH_KNOTS('', 1, (#8284, #8285), .UNSPECIFIED., .F., .U., (2, 2), (0., 0.500456092597254), .UNSPECIFIED.);
#8284 = CARTESIAN_POINT('', (2.1, 23., 25.));
#8285 = CARTESIAN_POINT('', (27.5732151132002, 23., 25.));
#8286 = ORIENTED_EDGE('', *, *, #7680, .T.);
#8287 = ORIENTED_EDGE('', *, *, #7599, .T.);
#8288 = ORIENTED_EDGE('', *, *, #7628, .T.);
#8289 = ORIENTED_EDGE('', *, *, #1527, .F.);
#8290 = ORIENTED_EDGE('', *, *, #1477, .F.);
#8291 = ORIENTED_EDGE('', *, *, #1442, .T.);
#8292 = ORIENTED_EDGE('', *, *, #1378, .F.);
#8293 = ORIENTED_EDGE('', *, *, #1023, .F.);
#8294 = FACE_BOUND('', #8295, .F.);
#8295 = EDGE_LOOP('', (#8296, #8297, #8298, #8299));
#8296 = ORIENTED_EDGE('', *, *, #399, .F.);
#8297 = ORIENTED_EDGE('', *, *, #435, .F.);
#8298 = ORIENTED_EDGE('', *, *, #463, .F.);
#8299 = ORIENTED_EDGE('', *, *, #491, .F.);
#8300 = FACE_BOUND('', #8301, .F.);
#8301 = EDGE_LOOP('', (#8302, #8303, #8304, #8305));
#8302 = ORIENTED_EDGE('', *, *, #275, .F.);
#8303 = ORIENTED_EDGE('', *, *, #311, .F.);
#8304 = ORIENTED_EDGE('', *, *, #339, .F.);
#8305 = ORIENTED_EDGE('', *, *, #367, .F.);
#8306 = B_SPLINE_SURFACE_WITH_KNOTS('', 1, 1, ((#8307, #8308), (#8309, #8310)), .UNSPECIFIED., .F., .F., .U., (2, 2), (2, 2), (0.31282791323012, 0.68717208676988), (0.0857800340614394, 0.914219965938561), .UNSPECIFIED.);
#8307 = CARTESIAN_POINT('', (53., 2.1, 25.));
#8308 = CARTESIAN_POINT('', (2.1, 2.1, 25.));
#8309 = CARTESIAN_POINT('', (53., 25.1, 25.));
#8310 = CARTESIAN_POINT('', (2.1, 25.1, 25.));
#8311 = ADVANCED_FACE('', (#8312), #8318, .T.);
#8312 = FACE_OUTER_BOUND('', #8313, .T.);
#8313 = EDGE_LOOP('', (#8314, #8315, #8316, #8317));
#8314 = ORIENTED_EDGE('', *, *, #1124, .F.);
#8315 = ORIENTED_EDGE('', *, *, #1075, .F.);
#8316 = ORIENTED_EDGE('', *, *, #1183, .T.);
#8317 = ORIENTED_EDGE('', *, *, #1371, .T.);
#8318 = B_SPLINE_SURFACE_WITH_KNOTS('', 1, 1, ((#8319, #8320), (#8321, #8322)), .UNSPECIFIED., .F., .F., .U., (2, 2), (2, 2), (0., 1.), (0., 1.), .UNSPECIFIED.);
#8319 = CARTESIAN_POINT('', (46., 23.7, 16.7));
#8320 = CARTESIAN_POINT('', (46., 23.7, 34.05));
#8321 = CARTESIAN_POINT('', (49., 23.7, 16.7));
#8322 = CARTESIAN_POINT('', (49., 23.7, 34.05));
#8323 = ADVANCED_FACE('', (#8324), #8338, .F.);
#8324 = FACE_OUTER_BOUND('', #8325, .F.);
#8325 = EDGE_LOOP('', (#8326, #8327, #8332, #8333));
#8326 = ORIENTED_EDGE('', *, *, #875, .F.);
#8327 = ORIENTED_EDGE('', *, *, #8328, .T.);
#8328 = EDGE_CURVE('', #876, #1731, #8329, .T.);
#8329 = B_SPLINE_CURVE_WITH_KNOTS('', 1, (#8330, #8331), .UNSPECIFIED., .F., .U., (2, 2), (0.622395833333333, 1.), .UNSPECIFIED.);
#8330 = CARTESIAN_POINT('', (1.6, 38., 33.5));
#8331 = CARTESIAN_POINT('', (1.6, 23.5, 33.5));
#8332 = ORIENTED_EDGE('', *, *, #8182, .F.);
#8333 = ORIENTED_EDGE('', *, *, #8334, .F.);
#8334 = EDGE_CURVE('', #869, #8176, #8335, .T.);
#8335 = B_SPLINE_CURVE_WITH_KNOTS('', 1, (#8336, #8337), .UNSPECIFIED., .F., .U., (2, 2), (0.623730490817071, 1.), .UNSPECIFIED.);
#8336 = CARTESIAN_POINT('', (2.1, 38., 34.));
#8337 = CARTESIAN_POINT('', (2.1, 23.7071067811865, 34.));
#8338 = B_SPLINE_SURFACE_WITH_KNOTS('', 1, 1, ((#8339, #8340), (#8341, #8342)), .UNSPECIFIED., .F., .F., .U., (2, 2), (2, 2), (0., 1.), (0., 1.), .UNSPECIFIED.);
#8339 = CARTESIAN_POINT('', (2.1, 61.6928932188134, 34.));
#8340 = CARTESIAN_POINT('', (2.1, 23.7071067811865, 34.));
#8341 = CARTESIAN_POINT('', (1.6, 61.9, 33.5));
#8342 = CARTESIAN_POINT('', (1.6, 23.5, 33.5));
#8343 = ADVANCED_FACE('', (#8344), #8358, .F.);
#8344 = FACE_OUTER_BOUND('', #8345, .F.);
#8345 = EDGE_LOOP('', (#8346, #8347, #8348, #8349, #8350, #8351, #8352, #8353, #8354, #8355, #8356, #8357));
#8346 = ORIENTED_EDGE('', *, *, #773, .F.);
#8347 = ORIENTED_EDGE('', *, *, #824, .F.);
#8348 = ORIENTED_EDGE('', *, *, #1765, .F.);
#8349 = ORIENTED_EDGE('', *, *, #1787, .F.);
#8350 = ORIENTED_EDGE('', *, *, #8114, .T.);
#8351 = ORIENTED_EDGE('', *, *, #7743, .T.);
#8352 = ORIENTED_EDGE('', *, *, #7401, .T.);
#8353 = ORIENTED_EDGE('', *, *, #7713, .T.);
#8354 = ORIENTED_EDGE('', *, *, #7662, .F.);
#8355 = ORIENTED_EDGE('', *, *, #1737, .T.);
#8356 = ORIENTED_EDGE('', *, *, #8328, .F.);
#8357 = ORIENTED_EDGE('', *, *, #884, .F.);
#8358 = B_SPLINE_SURFACE_WITH_KNOTS('', 1, 1, ((#8359, #8360), (#8361, #8362)), .UNSPECIFIED., .F., .F., .U., (2, 2), (2, 2), (-1.6, 1.), (0., 1.40178571428571), .UNSPECIFIED.);
#8359 = CARTESIAN_POINT('', (1.6, 61.9, 2.1));
#8360 = CARTESIAN_POINT('', (1.6, 61.9, 33.5));
#8361 = CARTESIAN_POINT('', (1.6, 2.1, 2.1));
#8362 = CARTESIAN_POINT('', (1.6, 2.1, 33.5));
#8363 = ADVANCED_FACE('', (#8364), #8378, .F.);
#8364 = FACE_OUTER_BOUND('', #8365, .F.);
#8365 = EDGE_LOOP('', (#8366, #8367, #8372, #8373));
#8366 = ORIENTED_EDGE('', *, *, #625, .F.);
#8367 = ORIENTED_EDGE('', *, *, #8368, .T.);
#8368 = EDGE_CURVE('', #626, #1585, #8369, .T.);
#8369 = B_SPLINE_CURVE_WITH_KNOTS('', 1, (#8370, #8371), .UNSPECIFIED., .F., .U., (2, 2), (0.26425855513308, 0.484281656144491), .UNSPECIFIED.);
#8370 = CARTESIAN_POINT('', (16., 23., 33.5));
#8371 = CARTESIAN_POINT('', (27.5732151132002, 23., 33.5));
#8372 = ORIENTED_EDGE('', *, *, #1591, .T.);
#8373 = ORIENTED_EDGE('', *, *, #8374, .F.);
#8374 = EDGE_CURVE('', #619, #1592, #8375, .T.);
#8375 = B_SPLINE_CURVE_WITH_KNOTS('', 1, (#8376, #8377), .UNSPECIFIED., .F., .U., (2, 2), (0.262387407635973, 0.498711109718098), .UNSPECIFIED.);
#8376 = CARTESIAN_POINT('', (16., 23.5, 34.));
#8377 = CARTESIAN_POINT('', (28.3327382470071, 23.5, 34.));
#8378 = B_SPLINE_SURFACE_WITH_KNOTS('', 1, 1, ((#8379, #8380), (#8381, #8382)), .UNSPECIFIED., .F., .F., .U., (2, 2), (2, 2), (0., 1.), (0., 1.), .UNSPECIFIED.);
#8379 = CARTESIAN_POINT('', (2.30710678118655, 23.5, 34.));
#8380 = CARTESIAN_POINT('', (54.4928932188135, 23.5, 34.));
#8381 = CARTESIAN_POINT('', (2.1, 23., 33.5));
#8382 = CARTESIAN_POINT('', (54.7, 23., 33.5));
#8383 = ADVANCED_FACE('', (#8384), #8394, .F.);
#8384 = FACE_OUTER_BOUND('', #8385, .F.);
#8385 = EDGE_LOOP('', (#8386, #8387, #8388, #8389, #8390, #8391, #8392, #8393));
#8386 = ORIENTED_EDGE('', *, *, #523, .F.);
#8387 = ORIENTED_EDGE('', *, *, #574, .F.);
#8388 = ORIENTED_EDGE('', *, *, #1701, .F.);
#8389 = ORIENTED_EDGE('', *, *, #1725, .F.);
#8390 = ORIENTED_EDGE('', *, *, #8282, .T.);
#8391 = ORIENTED_EDGE('', *, *, #1584, .T.);
#8392 = ORIENTED_EDGE('', *, *, #8368, .F.);
#8393 = ORIENTED_EDGE('', *, *, #634, .F.);
#8394 = B_SPLINE_SURFACE_WITH_KNOTS('', 1, 1, ((#8395, #8396), (#8397, #8398)), .UNSPECIFIED., .F., .F., .U., (2, 2), (2, 2), (0., 1.), (0., 1.), .UNSPECIFIED.);
#8395 = CARTESIAN_POINT('', (2.1, 23., 2.1));
#8396 = CARTESIAN_POINT('', (2.1, 23., 33.5));
#8397 = CARTESIAN_POINT('', (54.7, 23., 2.1));
#8398 = CARTESIAN_POINT('', (54.7, 23., 33.5));
#8399 = ADVANCED_FACE('', (#8400, #8436, #8442, #8448, #8454, #8470, #8486, #8502, #8518, #8534), #8570, .F.);
#8400 = FACE_OUTER_BOUND('', #8401, .F.);
#8401 = EDGE_LOOP('', (#8402, #8403, #8404, #8405, #8406, #8407, #8408, #8409, #8410, #8411, #8412, #8413, #8414, #8415, #8416, #8417, #8418, #8419, #8420, #8421, #8422, #8423, #8424, #8425, #8426, #8427, #8428, #8429, #8430, #8431, #8432, #8433, #8434, #8435));
#8402 = ORIENTED_EDGE('', *, *, #131, .F.);
#8403 = ORIENTED_EDGE('', *, *, #176, .F.);
#8404 = ORIENTED_EDGE('', *, *, #204, .F.);
#8405 = ORIENTED_EDGE('', *, *, #1281, .T.);
#8406 = ORIENTED_EDGE('', *, *, #1196, .T.);
#8407 = ORIENTED_EDGE('', *, *, #8160, .T.);
#8408 = ORIENTED_EDGE('', *, *, #7776, .F.);
#8409 = ORIENTED_EDGE('', *, *, #7887, .T.);
#8410 = ORIENTED_EDGE('', *, *, #7920, .T.);
#8411 = ORIENTED_EDGE('', *, *, #7939, .F.);
#8412 = ORIENTED_EDGE('', *, *, #8017, .T.);
#8413 = ORIENTED_EDGE('', *, *, #8030, .T.);
#8414 = ORIENTED_EDGE('', *, *, #8052, .T.);
#8415 = ORIENTED_EDGE('', *, *, #8074, .T.);
#8416 = ORIENTED_EDGE('', *, *, #1751, .T.);
#8417 = ORIENTED_EDGE('', *, *, #809, .F.);
#8418 = ORIENTED_EDGE('', *, *, #846, .F.);
#8419 = ORIENTED_EDGE('', *, *, #868, .F.);
#8420 = ORIENTED_EDGE('', *, *, #8334, .T.);
#8421 = ORIENTED_EDGE('', *, *, #8175, .T.);
#8422 = ORIENTED_EDGE('', *, *, #1687, .T.);
#8423 = ORIENTED_EDGE('', *, *, #559, .F.);
#8424 = ORIENTED_EDGE('', *, *, #596, .F.);
#8425 = ORIENTED_EDGE('', *, *, #618, .F.);
#8426 = ORIENTED_EDGE('', *, *, #8374, .T.);
#8427 = ORIENTED_EDGE('', *, *, #1606, .F.);
#8428 = ORIENTED_EDGE('', *, *, #8198, .T.);
#8429 = ORIENTED_EDGE('', *, *, #1111, .F.);
#8430 = ORIENTED_EDGE('', *, *, #1161, .F.);
#8431 = ORIENTED_EDGE('', *, *, #1364, .F.);
#8432 = ORIENTED_EDGE('', *, *, #8249, .T.);
#8433 = ORIENTED_EDGE('', *, *, #1341, .T.);
#8434 = ORIENTED_EDGE('', *, *, #1296, .T.);
#8435 = ORIENTED_EDGE('', *, *, #1261, .T.);
#8436 = FACE_BOUND('', #8437, .F.);
#8437 = EDGE_LOOP('', (#8438, #8439, #8440, #8441));
#8438 = ORIENTED_EDGE('', *, *, #899, .F.);
#8439 = ORIENTED_EDGE('', *, *, #935, .F.);
#8440 = ORIENTED_EDGE('', *, *, #963, .F.);
#8441 = ORIENTED_EDGE('', *, *, #991, .F.);
#8442 = FACE_BOUND('', #8443, .F.);
#8443 = EDGE_LOOP('', (#8444, #8445, #8446, #8447));
#8444 = ORIENTED_EDGE('', *, *, #649, .F.);
#8445 = ORIENTED_EDGE('', *, *, #685, .F.);
#8446 = ORIENTED_EDGE('', *, *, #713, .F.);
#8447 = ORIENTED_EDGE('', *, *, #741, .F.);
#8448 = FACE_BOUND('', #8449, .F.);
#8449 = EDGE_LOOP('', (#8450, #8451, #8452, #8453));
#8450 = ORIENTED_EDGE('', *, *, #7, .F.);
#8451 = ORIENTED_EDGE('', *, *, #43, .F.);
#8452 = ORIENTED_EDGE('', *, *, #71, .F.);
#8453 = ORIENTED_EDGE('', *, *, #99, .F.);
#8454 = FACE_BOUND('', #8455, .F.);
#8455 = EDGE_LOOP('', (#8456));
#8456 = ORIENTED_EDGE('', *, *, #8457, .F.);
#8457 = EDGE_CURVE('', #8458, #8458, #8460, .T.);
#8458 = VERTEX_POINT('', #8459);
#8459 = CARTESIAN_POINT('', (32.82, 29.03, 34.));
#8460 = (
   BOUNDED_CURVE ()
   B_SPLINE_CURVE (2, (#8461, #8462, #8463, #8464, #8465, #8466, #8467, #8468, #8469), .UNSPECIFIED., .T., .U.)
   B_SPLINE_CURVE_WITH_KNOTS ((3, 2, 2, 2, 3), (0., 0.25, 0.5, 0.75, 1.), .UNSPECIFIED.)
   CURVE ()
   GEOMETRIC_REPRESENTATION_ITEM ()
   RATIONAL_B_SPLINE_CURVE ((1., 0.707106781186548, 1., 0.707106781186548, 1., 0.707106781186548, 1., 0.707106781186548, 1.))
   REPRESENTATION_ITEM ('')
);
#8461 = CARTESIAN_POINT('', (32.82, 29.03, 34.));
#8462 = CARTESIAN_POINT('', (32.82, 32.23, 34.));
#8463 = CARTESIAN_POINT('', (29.62, 32.23, 34.));
#8464 = CARTESIAN_POINT('', (26.42, 32.23, 34.));
#8465 = CARTESIAN_POINT('', (26.42, 29.03, 34.));
#8466 = CARTESIAN_POINT('', (26.42, 25.83, 34.));
#8467 = CARTESIAN_POINT('', (29.62, 25.83, 34.));
#8468 = CARTESIAN_POINT('', (32.82, 25.83, 34.));
#8469 = CARTESIAN_POINT('', (32.82, 29.03, 34.));
#8470 = FACE_BOUND('', #8471, .F.);
#8471 = EDGE_LOOP('', (#8472));
#8472 = ORIENTED_EDGE('', *, *, #8473, .F.);
#8473 = EDGE_CURVE('', #8474, #8474, #8476, .T.);
#8474 = VERTEX_POINT('', #8475);
#8475 = CARTESIAN_POINT('', (40.44, 29.03, 34.));
#8476 = (
   BOUNDED_CURVE ()
   B_SPLINE_CURVE (2, (#8477, #8478, #8479, #8480, #8481, #8482, #8483, #8484, #8485), .UNSPECIFIED., .T., .U.)
   B_SPLINE_CURVE_WITH_KNOTS ((3, 2, 2, 2, 3), (0., 0.25, 0.5, 0.75, 1.), .UNSPECIFIED.)
   CURVE ()
   GEOMETRIC_REPRESENTATION_ITEM ()
   RATIONAL_B_SPLINE_CURVE ((1., 0.707106781186548, 1., 0.707106781186548, 1., 0.707106781186548, 1., 0.707106781186548, 1.))
   REPRESENTATION_ITEM ('')
);
#8477 = CARTESIAN_POINT('', (40.44, 29.03, 34.));
#8478 = CARTESIAN_POINT('', (40.44, 32.23, 34.));
#8479 = CARTESIAN_POINT('', (37.24, 32.23, 34.));
#8480 = CARTESIAN_POINT('', (34.04, 32.23, 34.));
#8481 = CARTESIAN_POINT('', (34.04, 29.03, 34.));
#8482 = CARTESIAN_POINT('', (34.04, 25.83, 34.));
#8483 = CARTESIAN_POINT('', (37.24, 25.83, 34.));
#8484 = CARTESIAN_POINT('', (40.44, 25.83, 34.));
#8485 = CARTESIAN_POINT('', (40.44, 29.03, 34.));
#8486 = FACE_BOUND('', #8487, .F.);
#8487 = EDGE_LOOP('', (#8488));
#8488 = ORIENTED_EDGE('', *, *, #8489, .F.);
#8489 = EDGE_CURVE('', #8490, #8490, #8492, .T.);
#8490 = VERTEX_POINT('', #8491);
#8491 = CARTESIAN_POINT('', (48.06, 29.03, 34.));
#8492 = (
   BOUNDED_CURVE ()
   B_SPLINE_CURVE (2, (#8493, #8494, #8495, #8496, #8497, #8498, #8499, #8500, #8501), .UNSPECIFIED., .T., .U.)
   B_SPLINE_CURVE_WITH_KNOTS ((3, 2, 2, 2, 3), (0., 0.25, 0.5, 0.75, 1.), .UNSPECIFIED.)
   CURVE ()
   GEOMETRIC_REPRESENTATION_ITEM ()
   RATIONAL_B_SPLINE_CURVE ((1., 0.707106781186548, 1., 0.707106781186548, 1., 0.707106781186548, 1., 0.707106781186548, 1.))
   REPRESENTATION_ITEM ('')
);
#8493 = CARTESIAN_POINT('', (48.06, 29.03, 34.));
#8494 = CARTESIAN_POINT('', (48.06, 32.23, 34.));
#8495 = CARTESIAN_POINT('', (44.86, 32.23, 34.));
#8496 = CARTESIAN_POINT('', (41.66, 32.23, 34.));
#8497 = CARTESIAN_POINT('', (41.66, 29.03, 34.));
#8498 = CARTESIAN_POINT('', (41.66, 25.83, 34.));
#8499 = CARTESIAN_POINT('', (44.86, 25.83, 34.));
#8500 = CARTESIAN_POINT('', (48.06, 25.83, 34.));
#8501 = CARTESIAN_POINT('', (48.06, 29.03, 34.));
#8502 = FACE_BOUND('', #8503, .F.);
#8503 = EDGE_LOOP('', (#8504));
#8504 = ORIENTED_EDGE('', *, *, #8505, .F.);
#8505 = EDGE_CURVE('', #8506, #8506, #8508, .T.);
#8506 = VERTEX_POINT('', #8507);
#8507 = CARTESIAN_POINT('', (35.36, 39.19, 34.));
#8508 = (
   BOUNDED_CURVE ()
   B_SPLINE_CURVE (2, (#8509, #8510, #8511, #8512, #8513, #8514, #8515, #8516, #8517), .UNSPECIFIED., .T., .U.)
   B_SPLINE_CURVE_WITH_KNOTS ((3, 2, 2, 2, 3), (0., 0.25, 0.5, 0.75, 1.), .UNSPECIFIED.)
   CURVE ()
   GEOMETRIC_REPRESENTATION_ITEM ()
   RATIONAL_B_SPLINE_CURVE ((1., 0.707106781186548, 1., 0.707106781186548, 1., 0.707106781186548, 1., 0.707106781186548, 1.))
   REPRESENTATION_ITEM ('')
);
#8509 = CARTESIAN_POINT('', (35.36, 39.19, 34.));
#8510 = CARTESIAN_POINT('', (35.36, 42.39, 34.));
#8511 = CARTESIAN_POINT('', (32.16, 42.39, 34.));
#8512 = CARTESIAN_POINT('', (28.96, 42.39, 34.));
#8513 = CARTESIAN_POINT('', (28.96, 39.19, 34.));
#8514 = CARTESIAN_POINT('', (28.96, 35.99, 34.));
#8515 = CARTESIAN_POINT('', (32.16, 35.99, 34.));
#8516 = CARTESIAN_POINT('', (35.36, 35.99, 34.));
#8517 = CARTESIAN_POINT('', (35.36, 39.19, 34.));
#8518 = FACE_BOUND('', #8519, .F.);
#8519 = EDGE_LOOP('', (#8520));
#8520 = ORIENTED_EDGE('', *, *, #8521, .F.);
#8521 = EDGE_CURVE('', #8522, #8522, #8524, .T.);
#8522 = VERTEX_POINT('', #8523);
#8523 = CARTESIAN_POINT('', (45.52, 39.19, 34.));
#8524 = (
   BOUNDED_CURVE ()
   B_SPLINE_CURVE (2, (#8525, #8526, #8527, #8528, #8529, #8530, #8531, #8532, #8533), .UNSPECIFIED., .T., .U.)
   B_SPLINE_CURVE_WITH_KNOTS ((3, 2, 2, 2, 3), (0., 0.25, 0.5, 0.75, 1.), .UNSPECIFIED.)
   CURVE ()
   GEOMETRIC_REPRESENTATION_ITEM ()
   RATIONAL_B_SPLINE_CURVE ((1., 0.707106781186548, 1., 0.707106781186548, 1., 0.707106781186548, 1., 0.707106781186548, 1.))
   REPRESENTATION_ITEM ('')
);
#8525 = CARTESIAN_POINT('', (45.52, 39.19, 34.));
#8526 = CARTESIAN_POINT('', (45.52, 42.39, 34.));
#8527 = CARTESIAN_POINT('', (42.32, 42.39, 34.));
#8528 = CARTESIAN_POINT('', (39.12, 42.39, 34.));
#8529 = CARTESIAN_POINT('', (39.12, 39.19, 34.));
#8530 = CARTESIAN_POINT('', (39.12, 35.99, 34.));
#8531 = CARTESIAN_POINT('', (42.32, 35.99, 34.));
#8532 = CARTESIAN_POINT('', (45.52, 35.99, 34.));
#8533 = CARTESIAN_POINT('', (45.52, 39.19, 34.));
#8534 = FACE_BOUND('', #8535, .F.);
#8535 = EDGE_LOOP('', (#8536, #8548, #8555, #8565));
#8536 = ORIENTED_EDGE('', *, *, #8537, .F.);
#8537 = EDGE_CURVE('', #8538, #8540, #8542, .T.);
#8538 = VERTEX_POINT('', #8539);
#8539 = CARTESIAN_POINT('', (21.55, 53.4, 34.));
#8540 = VERTEX_POINT('', #8541);
#8541 = CARTESIAN_POINT('', (19.55, 53.4, 34.));
#8542 = (
   BOUNDED_CURVE ()
   B_SPLINE_CURVE (2, (#8543, #8544, #8545, #8546, #8547), .UNSPECIFIED., .F., .U.)
   B_SPLINE_CURVE_WITH_KNOTS ((3, 2, 3), (0., 0.25, 0.5), .UNSPECIFIED.)
   CURVE ()
   GEOMETRIC_REPRESENTATION_ITEM ()
   RATIONAL_B_SPLINE_CURVE ((1., 0.707106781186548, 1., 0.707106781186548, 1.))
   REPRESENTATION_ITEM ('')
);
#8543 = CARTESIAN_POINT('', (21.55, 53.4, 34.));
#8544 = CARTESIAN_POINT('', (21.55, 54.4, 34.));
#8545 = CARTESIAN_POINT('', (20.55, 54.4, 34.));
#8546 = CARTESIAN_POINT('', (19.55, 54.4, 34.));
#8547 = CARTESIAN_POINT('', (19.55, 53.4, 34.));
#8548 = ORIENTED_EDGE('', *, *, #8549, .F.);
#8549 = EDGE_CURVE('', #8550, #8538, #8552, .T.);
#8550 = VERTEX_POINT('', #8551);
#8551 = CARTESIAN_POINT('', (21.55, 47.4, 34.));
#8552 = B_SPLINE_CURVE_WITH_KNOTS('', 1, (#8553, #8554), .UNSPECIFIED., .F., .U., (2, 2), (0., 1.), .UNSPECIFIED.);
#8553 = CARTESIAN_POINT('', (21.55, 47.4, 34.));
#8554 = CARTESIAN_POINT('', (21.55, 53.4, 34.));
#8555 = ORIENTED_EDGE('', *, *, #8556, .F.);
#8556 = EDGE_CURVE('', #8557, #8550, #8559, .T.);
#8557 = VERTEX_POINT('', #8558);
#8558 = CARTESIAN_POINT('', (19.55, 47.4, 34.));
#8559 = (
   BOUNDED_CURVE ()
   B_SPLINE_CURVE (2, (#8560, #8561, #8562, #8563, #8564), .UNSPECIFIED., .F., .U.)
   B_SPLINE_CURVE_WITH_KNOTS ((3, 2, 3), (0.5, 0.75, 1.), .UNSPECIFIED.)
   CURVE ()
   GEOMETRIC_REPRESENTATION_ITEM ()
   RATIONAL_B_SPLINE_CURVE ((1., 0.707106781186548, 1., 0.707106781186548, 1.))
   REPRESENTATION_ITEM ('')
);
#8560 = CARTESIAN_POINT('', (19.55, 47.4, 34.));
#8561 = CARTESIAN_POINT('', (19.55, 46.4, 34.));
#8562 = CARTESIAN_POINT('', (20.55, 46.4, 34.));
#8563 = CARTESIAN_POINT('', (21.55, 46.4, 34.));
#8564 = CARTESIAN_POINT('', (21.55, 47.4, 34.));
#8565 = ORIENTED_EDGE('', *, *, #8566, .F.);
#8566 = EDGE_CURVE('', #8540, #8557, #8567, .T.);
#8567 = B_SPLINE_CURVE_WITH_KNOTS('', 1, (#8568, #8569), .UNSPECIFIED., .F., .U., (2, 2), (0., 1.), .UNSPECIFIED.);
#8568 = CARTESIAN_POINT('', (19.55, 53.4, 34.));
#8569 = CARTESIAN_POINT('', (19.55, 47.4, 34.));
#8570 = B_SPLINE_SURFACE_WITH_KNOTS('', 1, 1, ((#8571, #8572), (#8573, #8574)), .UNSPECIFIED., .F., .F., .U., (2, 2), (2, 2), (0.193246158775312, 1.23255945652241), (0.164569454071588, 1.65923406287177), .UNSPECIFIED.);
#8571 = CARTESIAN_POINT('', (88.1, 2.1, 34.));
#8572 = CARTESIAN_POINT('', (2.09999999999998, 2.1, 34.));
#8573 = CARTESIAN_POINT('', (88.1, 61.9, 34.));
#8574 = CARTESIAN_POINT('', (2.09999999999998, 61.9, 34.));
#8575 = ADVANCED_FACE('', (#8576), #8599, .F.);
#8576 = FACE_OUTER_BOUND('', #8577, .F.);
#8577 = EDGE_LOOP('', (#8578, #8592, #8597, #8598));
#8578 = ORIENTED_EDGE('', *, *, #8579, .T.);
#8579 = EDGE_CURVE('', #8580, #8580, #8582, .T.);
#8580 = VERTEX_POINT('', #8581);
#8581 = CARTESIAN_POINT('', (31.62, 29.03, 34.1));
#8582 = (
   BOUNDED_CURVE ()
   B_SPLINE_CURVE (2, (#8583, #8584, #8585, #8586, #8587, #8588, #8589, #8590, #8591), .UNSPECIFIED., .T., .U.)
   B_SPLINE_CURVE_WITH_KNOTS ((3, 2, 2, 2, 3), (0., 0.25, 0.5, 0.75, 1.), .UNSPECIFIED.)
   CURVE ()
   GEOMETRIC_REPRESENTATION_ITEM ()
   RATIONAL_B_SPLINE_CURVE ((1., 0.707106781186548, 1., 0.707106781186548, 1., 0.707106781186548, 1., 0.707106781186548, 1.))
   REPRESENTATION_ITEM ('')
);
#8583 = CARTESIAN_POINT('', (31.62, 29.03, 34.1));
#8584 = CARTESIAN_POINT('', (31.62, 31.03, 34.1));
#8585 = CARTESIAN_POINT('', (29.62, 31.03, 34.1));
#8586 = CARTESIAN_POINT('', (27.62, 31.03, 34.1));
#8587 = CARTESIAN_POINT('', (27.62, 29.03, 34.1));
#8588 = CARTESIAN_POINT('', (27.62, 27.03, 34.1));
#8589 = CARTESIAN_POINT('', (29.62, 27.03, 34.1));
#8590 = CARTESIAN_POINT('', (31.62, 27.03, 34.1));
#8591 = CARTESIAN_POINT('', (31.62, 29.03, 34.1));
#8592 = ORIENTED_EDGE('', *, *, #8593, .T.);
#8593 = EDGE_CURVE('', #8580, #4967, #8594, .T.);
#8594 = B_SPLINE_CURVE_WITH_KNOTS('', 1, (#8595, #8596), .UNSPECIFIED., .F., .U., (2, 2), (2.1, 4.90000000000003), .UNSPECIFIED.);
#8595 = CARTESIAN_POINT('', (31.62, 29.03, 34.1));
#8596 = CARTESIAN_POINT('', (31.62, 29.03, 36.9));
#8597 = ORIENTED_EDGE('', *, *, #4966, .F.);
#8598 = ORIENTED_EDGE('', *, *, #8593, .F.);
#8599 = (
   BOUNDED_SURFACE ()
   B_SPLINE_SURFACE (2, 1, ((#8600, #8601), (#8602, #8603), (#8604, #8605), (#8606, #8607), (#8608, #8609), (#8610, #8611), (#8612, #8613), (#8614, #8615), (#8616, #8617)), .UNSPECIFIED., .T., .F., .U.)
   B_SPLINE_SURFACE_WITH_KNOTS ((3, 2, 2, 2, 3), (2, 2), (0., 3.1415926535898, 6.28318530717959, 9.42477796076938, 12.5663706143592), (0., 8.3), .UNSPECIFIED.)
   GEOMETRIC_REPRESENTATION_ITEM ()
   RATIONAL_B_SPLINE_SURFACE (((1., 1.), (0.707106781186548, 0.707106781186548), (1., 1.), (0.707106781186548, 0.707106781186548), (1., 1.), (0.707106781186548, 0.707106781186548), (1., 1.), (0.707106781186548, 0.707106781186548), (1., 1.)))
   REPRESENTATION_ITEM ('')
   SURFACE ()
);
#8600 = CARTESIAN_POINT('', (31.62, 29.03, 32.));
#8601 = CARTESIAN_POINT('', (31.62, 29.03, 40.3));
#8602 = CARTESIAN_POINT('', (31.62, 31.03, 32.));
#8603 = CARTESIAN_POINT('', (31.62, 31.03, 40.3));
#8604 = CARTESIAN_POINT('', (29.62, 31.03, 32.));
#8605 = CARTESIAN_POINT('', (29.62, 31.03, 40.3));
#8606 = CARTESIAN_POINT('', (27.62, 31.03, 32.));
#8607 = CARTESIAN_POINT('', (27.62, 31.03, 40.3));
#8608 = CARTESIAN_POINT('', (27.62, 29.03, 32.));
#8609 = CARTESIAN_POINT('', (27.62, 29.03, 40.3));
#8610 = CARTESIAN_POINT('', (27.62, 27.03, 32.));
#8611 = CARTESIAN_POINT('', (27.62, 27.03, 40.3));
#8612 = CARTESIAN_POINT('', (29.62, 27.03, 32.));
#8613 = CARTESIAN_POINT('', (29.62, 27.03, 40.3));
#8614 = CARTESIAN_POINT('', (31.62, 27.03, 32.));
#8615 = CARTESIAN_POINT('', (31.62, 27.03, 40.3));
#8616 = CARTESIAN_POINT('', (31.62, 29.03, 32.));
#8617 = CARTESIAN_POINT('', (31.62, 29.03, 40.3));
#8618 = ADVANCED_FACE('', (#8619), #8642, .F.);
#8619 = FACE_OUTER_BOUND('', #8620, .F.);
#8620 = EDGE_LOOP('', (#8621, #8622, #8629, #8641));
#8621 = ORIENTED_EDGE('', *, *, #8457, .T.);
#8622 = ORIENTED_EDGE('', *, *, #8623, .T.);
#8623 = EDGE_CURVE('', #8458, #8624, #8626, .T.);
#8624 = VERTEX_POINT('', #8625);
#8625 = CARTESIAN_POINT('', (32.82, 29.03, 34.1));
#8626 = B_SPLINE_CURVE_WITH_KNOTS('', 1, (#8627, #8628), .UNSPECIFIED., .F., .U., (2, 2), (1.25, 1.35), .UNSPECIFIED.);
#8627 = CARTESIAN_POINT('', (32.82, 29.03, 34.));
#8628 = CARTESIAN_POINT('', (32.82, 29.03, 34.1));
#8629 = ORIENTED_EDGE('', *, *, #8630, .F.);
#8630 = EDGE_CURVE('', #8624, #8624, #8631, .T.);
#8631 = (
   BOUNDED_CURVE ()
   B_SPLINE_CURVE (2, (#8632, #8633, #8634, #8635, #8636, #8637, #8638, #8639, #8640), .UNSPECIFIED., .T., .U.)
   B_SPLINE_CURVE_WITH_KNOTS ((3, 2, 2, 2, 3), (0., 5.02654824574368, 10.0530964914874, 15.079644737231, 20.1061929829747), .UNSPECIFIED.)
   CURVE ()
   GEOMETRIC_REPRESENTATION_ITEM ()
   RATIONAL_B_SPLINE_CURVE ((1., 0.707106781186548, 1., 0.707106781186548, 1., 0.707106781186548, 1., 0.707106781186548, 1.))
   REPRESENTATION_ITEM ('')
);
#8632 = CARTESIAN_POINT('', (32.82, 29.03, 34.1));
#8633 = CARTESIAN_POINT('', (32.82, 32.23, 34.1));
#8634 = CARTESIAN_POINT('', (29.62, 32.23, 34.1));
#8635 = CARTESIAN_POINT('', (26.42, 32.23, 34.1));
#8636 = CARTESIAN_POINT('', (26.42, 29.03, 34.1));
#8637 = CARTESIAN_POINT('', (26.42, 25.83, 34.1));
#8638 = CARTESIAN_POINT('', (29.62, 25.83, 34.1));
#8639 = CARTESIAN_POINT('', (32.82, 25.83, 34.1));
#8640 = CARTESIAN_POINT('', (32.82, 29.03, 34.1));
#8641 = ORIENTED_EDGE('', *, *, #8623, .F.);
#8642 = (
   BOUNDED_SURFACE ()
   B_SPLINE_SURFACE (2, 1, ((#8643, #8644), (#8645, #8646), (#8647, #8648), (#8649, #8650), (#8651, #8652), (#8653, #8654), (#8655, #8656), (#8657, #8658), (#8659, #8660)), .UNSPECIFIED., .T., .F., .U.)
   B_SPLINE_SURFACE_WITH_KNOTS ((3, 2, 2, 2, 3), (2, 2), (0., 5.02654824574368, 10.0530964914874, 15.079644737231, 20.1061929829747), (0., 1.35), .UNSPECIFIED.)
   GEOMETRIC_REPRESENTATION_ITEM ()
   RATIONAL_B_SPLINE_SURFACE (((1., 1.), (0.707106781186548, 0.707106781186548), (1., 1.), (0.707106781186548, 0.707106781186548), (1., 1.), (0.707106781186548, 0.707106781186548), (1., 1.), (0.707106781186548, 0.707106781186548), (1., 1.)))
   REPRESENTATION_ITEM ('')
   SURFACE ()
);
#8643 = CARTESIAN_POINT('', (32.82, 29.03, 32.75));
#8644 = CARTESIAN_POINT('', (32.82, 29.03, 34.1));
#8645 = CARTESIAN_POINT('', (32.82, 32.23, 32.75));
#8646 = CARTESIAN_POINT('', (32.82, 32.23, 34.1));
#8647 = CARTESIAN_POINT('', (29.62, 32.23, 32.75));
#8648 = CARTESIAN_POINT('', (29.62, 32.23, 34.1));
#8649 = CARTESIAN_POINT('', (26.42, 32.23, 32.75));
#8650 = CARTESIAN_POINT('', (26.42, 32.23, 34.1));
#8651 = CARTESIAN_POINT('', (26.42, 29.03, 32.75));
#8652 = CARTESIAN_POINT('', (26.42, 29.03, 34.1));
#8653 = CARTESIAN_POINT('', (26.42, 25.83, 32.75));
#8654 = CARTESIAN_POINT('', (26.42, 25.83, 34.1));
#8655 = CARTESIAN_POINT('', (29.62, 25.83, 32.75));
#8656 = CARTESIAN_POINT('', (29.62, 25.83, 34.1));
#8657 = CARTESIAN_POINT('', (32.82, 25.83, 32.75));
#8658 = CARTESIAN_POINT('', (32.82, 25.83, 34.1));
#8659 = CARTESIAN_POINT('', (32.82, 29.03, 32.75));
#8660 = CARTESIAN_POINT('', (32.82, 29.03, 34.1));
#8661 = ADVANCED_FACE('', (#8662, #8665), #8668, .F.);
#8662 = FACE_OUTER_BOUND('', #8663, .F.);
#8663 = EDGE_LOOP('', (#8664));
#8664 = ORIENTED_EDGE('', *, *, #8630, .T.);
#8665 = FACE_BOUND('', #8666, .F.);
#8666 = EDGE_LOOP('', (#8667));
#8667 = ORIENTED_EDGE('', *, *, #8579, .F.);
#8668 = B_SPLINE_SURFACE_WITH_KNOTS('', 1, 1, ((#8669, #8670), (#8671, #8672)), .UNSPECIFIED., .F., .F., .U., (2, 2), (2, 2), (0., 1.), (0., 1.), .UNSPECIFIED.);
#8669 = CARTESIAN_POINT('', (34.5980317395533, 24.0519682604467, 34.1));
#8670 = CARTESIAN_POINT('', (24.6419682604467, 24.0519682604467, 34.1));
#8671 = CARTESIAN_POINT('', (34.5980317395533, 34.0080317395533, 34.1));
#8672 = CARTESIAN_POINT('', (24.6419682604467, 34.0080317395533, 34.1));
#8673 = ADVANCED_FACE('', (#8674), #8697, .F.);
#8674 = FACE_OUTER_BOUND('', #8675, .F.);
#8675 = EDGE_LOOP('', (#8676, #8690, #8695, #8696));
#8676 = ORIENTED_EDGE('', *, *, #8677, .T.);
#8677 = EDGE_CURVE('', #8678, #8678, #8680, .T.);
#8678 = VERTEX_POINT('', #8679);
#8679 = CARTESIAN_POINT('', (39.24, 29.03, 34.1));
#8680 = (
   BOUNDED_CURVE ()
   B_SPLINE_CURVE (2, (#8681, #8682, #8683, #8684, #8685, #8686, #8687, #8688, #8689), .UNSPECIFIED., .T., .U.)
   B_SPLINE_CURVE_WITH_KNOTS ((3, 2, 2, 2, 3), (0., 0.25, 0.5, 0.75, 1.), .UNSPECIFIED.)
   CURVE ()
   GEOMETRIC_REPRESENTATION_ITEM ()
   RATIONAL_B_SPLINE_CURVE ((1., 0.707106781186548, 1., 0.707106781186548, 1., 0.707106781186548, 1., 0.707106781186548, 1.))
   REPRESENTATION_ITEM ('')
);
#8681 = CARTESIAN_POINT('', (39.24, 29.03, 34.1));
#8682 = CARTESIAN_POINT('', (39.24, 31.03, 34.1));
#8683 = CARTESIAN_POINT('', (37.24, 31.03, 34.1));
#8684 = CARTESIAN_POINT('', (35.24, 31.03, 34.1));
#8685 = CARTESIAN_POINT('', (35.24, 29.03, 34.1));
#8686 = CARTESIAN_POINT('', (35.24, 27.03, 34.1));
#8687 = CARTESIAN_POINT('', (37.24, 27.03, 34.1));
#8688 = CARTESIAN_POINT('', (39.24, 27.03, 34.1));
#8689 = CARTESIAN_POINT('', (39.24, 29.03, 34.1));
#8690 = ORIENTED_EDGE('', *, *, #8691, .T.);
#8691 = EDGE_CURVE('', #8678, #4983, #8692, .T.);
#8692 = B_SPLINE_CURVE_WITH_KNOTS('', 1, (#8693, #8694), .UNSPECIFIED., .F., .U., (2, 2), (2.1, 4.90000000000001), .UNSPECIFIED.);
#8693 = CARTESIAN_POINT('', (39.24, 29.03, 34.1));
#8694 = CARTESIAN_POINT('', (39.24, 29.03, 36.9));
#8695 = ORIENTED_EDGE('', *, *, #4982, .F.);
#8696 = ORIENTED_EDGE('', *, *, #8691, .F.);
#8697 = (
   BOUNDED_SURFACE ()
   B_SPLINE_SURFACE (2, 1, ((#8698, #8699), (#8700, #8701), (#8702, #8703), (#8704, #8705), (#8706, #8707), (#8708, #8709), (#8710, #8711), (#8712, #8713), (#8714, #8715)), .UNSPECIFIED., .T., .F., .U.)
   B_SPLINE_SURFACE_WITH_KNOTS ((3, 2, 2, 2, 3), (2, 2), (0., 3.1415926535898, 6.28318530717959, 9.42477796076938, 12.5663706143592), (0., 8.3), .UNSPECIFIED.)
   GEOMETRIC_REPRESENTATION_ITEM ()
   RATIONAL_B_SPLINE_SURFACE (((1., 1.), (0.707106781186548, 0.707106781186548), (1., 1.), (0.707106781186548, 0.707106781186548), (1., 1.), (0.707106781186548, 0.707106781186548), (1., 1.), (0.707106781186548, 0.707106781186548), (1., 1.)))
   REPRESENTATION_ITEM ('')
   SURFACE ()
);
#8698 = CARTESIAN_POINT('', (39.24, 29.03, 32.));
#8699 = CARTESIAN_POINT('', (39.24, 29.03, 40.3));
#8700 = CARTESIAN_POINT('', (39.24, 31.03, 32.));
#8701 = CARTESIAN_POINT('', (39.24, 31.03, 40.3));
#8702 = CARTESIAN_POINT('', (37.24, 31.03, 32.));
#8703 = CARTESIAN_POINT('', (37.24, 31.03, 40.3));
#8704 = CARTESIAN_POINT('', (35.24, 31.03, 32.));
#8705 = CARTESIAN_POINT('', (35.24, 31.03, 40.3));
#8706 = CARTESIAN_POINT('', (35.24, 29.03, 32.));
#8707 = CARTESIAN_POINT('', (35.24, 29.03, 40.3));
#8708 = CARTESIAN_POINT('', (35.24, 27.03, 32.));
#8709 = CARTESIAN_POINT('', (35.24, 27.03, 40.3));
#8710 = CARTESIAN_POINT('', (37.24, 27.03, 32.));
#8711 = CARTESIAN_POINT('', (37.24, 27.03, 40.3));
#8712 = CARTESIAN_POINT('', (39.24, 27.03, 32.));
#8713 = CARTESIAN_POINT('', (39.24, 27.03, 40.3));
#8714 = CARTESIAN_POINT('', (39.24, 29.03, 32.));
#8715 = CARTESIAN_POINT('', (39.24, 29.03, 40.3));
#8716 = ADVANCED_FACE('', (#8717), #8740, .F.);
#8717 = FACE_OUTER_BOUND('', #8718, .F.);
#8718 = EDGE_LOOP('', (#8719, #8720, #8727, #8739));
#8719 = ORIENTED_EDGE('', *, *, #8473, .T.);
#8720 = ORIENTED_EDGE('', *, *, #8721, .T.);
#8721 = EDGE_CURVE('', #8474, #8722, #8724, .T.);
#8722 = VERTEX_POINT('', #8723);
#8723 = CARTESIAN_POINT('', (40.44, 29.03, 34.1));
#8724 = B_SPLINE_CURVE_WITH_KNOTS('', 1, (#8725, #8726), .UNSPECIFIED., .F., .U., (2, 2), (1.25, 1.35), .UNSPECIFIED.);
#8725 = CARTESIAN_POINT('', (40.44, 29.03, 34.));
#8726 = CARTESIAN_POINT('', (40.44, 29.03, 34.1));
#8727 = ORIENTED_EDGE('', *, *, #8728, .F.);
#8728 = EDGE_CURVE('', #8722, #8722, #8729, .T.);
#8729 = (
   BOUNDED_CURVE ()
   B_SPLINE_CURVE (2, (#8730, #8731, #8732, #8733, #8734, #8735, #8736, #8737, #8738), .UNSPECIFIED., .T., .U.)
   B_SPLINE_CURVE_WITH_KNOTS ((3, 2, 2, 2, 3), (0., 5.02654824574368, 10.0530964914874, 15.079644737231, 20.1061929829747), .UNSPECIFIED.)
   CURVE ()
   GEOMETRIC_REPRESENTATION_ITEM ()
   RATIONAL_B_SPLINE_CURVE ((1., 0.707106781186548, 1., 0.707106781186548, 1., 0.707106781186548, 1., 0.707106781186548, 1.))
   REPRESENTATION_ITEM ('')
);
#8730 = CARTESIAN_POINT('', (40.44, 29.03, 34.1));
#8731 = CARTESIAN_POINT('', (40.44, 32.23, 34.1));
#8732 = CARTESIAN_POINT('', (37.24, 32.23, 34.1));
#8733 = CARTESIAN_POINT('', (34.04, 32.23, 34.1));
#8734 = CARTESIAN_POINT('', (34.04, 29.03, 34.1));
#8735 = CARTESIAN_POINT('', (34.04, 25.83, 34.1));
#8736 = CARTESIAN_POINT('', (37.24, 25.83, 34.1));
#8737 = CARTESIAN_POINT('', (40.44, 25.83, 34.1));
#8738 = CARTESIAN_POINT('', (40.44, 29.03, 34.1));
#8739 = ORIENTED_EDGE('', *, *, #8721, .F.);
#8740 = (
   BOUNDED_SURFACE ()
   B_SPLINE_SURFACE (2, 1, ((#8741, #8742), (#8743, #8744), (#8745, #8746), (#8747, #8748), (#8749, #8750), (#8751, #8752), (#8753, #8754), (#8755, #8756), (#8757, #8758)), .UNSPECIFIED., .T., .F., .U.)
   B_SPLINE_SURFACE_WITH_KNOTS ((3, 2, 2, 2, 3), (2, 2), (0., 5.02654824574368, 10.0530964914874, 15.079644737231, 20.1061929829747), (0., 1.35), .UNSPECIFIED.)
   GEOMETRIC_REPRESENTATION_ITEM ()
   RATIONAL_B_SPLINE_SURFACE (((1., 1.), (0.707106781186548, 0.707106781186548), (1., 1.), (0.707106781186548, 0.707106781186548), (1., 1.), (0.707106781186548, 0.707106781186548), (1., 1.), (0.707106781186548, 0.707106781186548), (1., 1.)))
   REPRESENTATION_ITEM ('')
   SURFACE ()
);
#8741 = CARTESIAN_POINT('', (40.44, 29.03, 32.75));
#8742 = CARTESIAN_POINT('', (40.44, 29.03, 34.1));
#8743 = CARTESIAN_POINT('', (40.44, 32.23, 32.75));
#8744 = CARTESIAN_POINT('', (40.44, 32.23, 34.1));
#8745 = CARTESIAN_POINT('', (37.24, 32.23, 32.75));
#8746 = CARTESIAN_POINT('', (37.24, 32.23, 34.1));
#8747 = CARTESIAN_POINT('', (34.04, 32.23, 32.75));
#8748 = CARTESIAN_POINT('', (34.04, 32.23, 34.1));
#8749 = CARTESIAN_POINT('', (34.04, 29.03, 32.75));
#8750 = CARTESIAN_POINT('', (34.04, 29.03, 34.1));
#8751 = CARTESIAN_POINT('', (34.04, 25.83, 32.75));
#8752 = CARTESIAN_POINT('', (34.04, 25.83, 34.1));
#8753 = CARTESIAN_POINT('', (37.24, 25.83, 32.75));
#8754 = CARTESIAN_POINT('', (37.24, 25.83, 34.1));
#8755 = CARTESIAN_POINT('', (40.44, 25.83, 32.75));
#8756 = CARTESIAN_POINT('', (40.44, 25.83, 34.1));
#8757 = CARTESIAN_POINT('', (40.44, 29.03, 32.75));
#8758 = CARTESIAN_POINT('', (40.44, 29.03, 34.1));
#8759 = ADVANCED_FACE('', (#8760, #8763), #8766, .F.);
#8760 = FACE_OUTER_BOUND('', #8761, .F.);
#8761 = EDGE_LOOP('', (#8762));
#8762 = ORIENTED_EDGE('', *, *, #8728, .T.);
#8763 = FACE_BOUND('', #8764, .F.);
#8764 = EDGE_LOOP('', (#8765));
#8765 = ORIENTED_EDGE('', *, *, #8677, .F.);
#8766 = B_SPLINE_SURFACE_WITH_KNOTS('', 1, 1, ((#8767, #8768), (#8769, #8770)), .UNSPECIFIED., .F., .F., .U., (2, 2), (2, 2), (0., 1.), (0., 1.), .UNSPECIFIED.);
#8767 = CARTESIAN_POINT('', (42.2180317395533, 24.0519682604467, 34.1));
#8768 = CARTESIAN_POINT('', (32.2619682604467, 24.0519682604467, 34.1));
#8769 = CARTESIAN_POINT('', (42.2180317395533, 34.0080317395533, 34.1));
#8770 = CARTESIAN_POINT('', (32.2619682604467, 34.0080317395533, 34.1));
#8771 = ADVANCED_FACE('', (#8772), #8795, .F.);
#8772 = FACE_OUTER_BOUND('', #8773, .F.);
#8773 = EDGE_LOOP('', (#8774, #8788, #8793, #8794));
#8774 = ORIENTED_EDGE('', *, *, #8775, .T.);
#8775 = EDGE_CURVE('', #8776, #8776, #8778, .T.);
#8776 = VERTEX_POINT('', #8777);
#8777 = CARTESIAN_POINT('', (46.86, 29.03, 34.1));
#8778 = (
   BOUNDED_CURVE ()
   B_SPLINE_CURVE (2, (#8779, #8780, #8781, #8782, #8783, #8784, #8785, #8786, #8787), .UNSPECIFIED., .T., .U.)
   B_SPLINE_CURVE_WITH_KNOTS ((3, 2, 2, 2, 3), (0., 0.25, 0.5, 0.75, 1.), .UNSPECIFIED.)
   CURVE ()
   GEOMETRIC_REPRESENTATION_ITEM ()
   RATIONAL_B_SPLINE_CURVE ((1., 0.707106781186548, 1., 0.707106781186548, 1., 0.707106781186548, 1., 0.707106781186548, 1.))
   REPRESENTATION_ITEM ('')
);
#8779 = CARTESIAN_POINT('', (46.86, 29.03, 34.1));
#8780 = CARTESIAN_POINT('', (46.86, 31.03, 34.1));
#8781 = CARTESIAN_POINT('', (44.86, 31.03, 34.1));
#8782 = CARTESIAN_POINT('', (42.86, 31.03, 34.1));
#8783 = CARTESIAN_POINT('', (42.86, 29.03, 34.1));
#8784 = CARTESIAN_POINT('', (42.86, 27.03, 34.1));
#8785 = CARTESIAN_POINT('', (44.86, 27.03, 34.1));
#8786 = CARTESIAN_POINT('', (46.86, 27.03, 34.1));
#8787 = CARTESIAN_POINT('', (46.86, 29.03, 34.1));
#8788 = ORIENTED_EDGE('', *, *, #8789, .T.);
#8789 = EDGE_CURVE('', #8776, #4999, #8790, .T.);
#8790 = B_SPLINE_CURVE_WITH_KNOTS('', 1, (#8791, #8792), .UNSPECIFIED., .F., .U., (2, 2), (2.1, 4.9), .UNSPECIFIED.);
#8791 = CARTESIAN_POINT('', (46.86, 29.03, 34.1));
#8792 = CARTESIAN_POINT('', (46.86, 29.03, 36.9));
#8793 = ORIENTED_EDGE('', *, *, #4998, .F.);
#8794 = ORIENTED_EDGE('', *, *, #8789, .F.);
#8795 = (
   BOUNDED_SURFACE ()
   B_SPLINE_SURFACE (2, 1, ((#8796, #8797), (#8798, #8799), (#8800, #8801), (#8802, #8803), (#8804, #8805), (#8806, #8807), (#8808, #8809), (#8810, #8811), (#8812, #8813)), .UNSPECIFIED., .T., .F., .U.)
   B_SPLINE_SURFACE_WITH_KNOTS ((3, 2, 2, 2, 3), (2, 2), (0., 3.14159265358979, 6.28318530717959, 9.42477796076938, 12.5663706143592), (0., 8.3), .UNSPECIFIED.)
   GEOMETRIC_REPRESENTATION_ITEM ()
   RATIONAL_B_SPLINE_SURFACE (((1., 1.), (0.707106781186548, 0.707106781186548), (1., 1.), (0.707106781186548, 0.707106781186548), (1., 1.), (0.707106781186548, 0.707106781186548), (1., 1.), (0.707106781186548, 0.707106781186548), (1., 1.)))
   REPRESENTATION_ITEM ('')
   SURFACE ()
);
#8796 = CARTESIAN_POINT('', (46.86, 29.03, 32.));
#8797 = CARTESIAN_POINT('', (46.86, 29.03, 40.3));
#8798 = CARTESIAN_POINT('', (46.86, 31.03, 32.));
#8799 = CARTESIAN_POINT('', (46.86, 31.03, 40.3));
#8800 = CARTESIAN_POINT('', (44.86, 31.03, 32.));
#8801 = CARTESIAN_POINT('', (44.86, 31.03, 40.3));
#8802 = CARTESIAN_POINT('', (42.86, 31.03, 32.));
#8803 = CARTESIAN_POINT('', (42.86, 31.03, 40.3));
#8804 = CARTESIAN_POINT('', (42.86, 29.03, 32.));
#8805 = CARTESIAN_POINT('', (42.86, 29.03, 40.3));
#8806 = CARTESIAN_POINT('', (42.86, 27.03, 32.));
#8807 = CARTESIAN_POINT('', (42.86, 27.03, 40.3));
#8808 = CARTESIAN_POINT('', (44.86, 27.03, 32.));
#8809 = CARTESIAN_POINT('', (44.86, 27.03, 40.3));
#8810 = CARTESIAN_POINT('', (46.86, 27.03, 32.));
#8811 = CARTESIAN_POINT('', (46.86, 27.03, 40.3));
#8812 = CARTESIAN_POINT('', (46.86, 29.03, 32.));
#8813 = CARTESIAN_POINT('', (46.86, 29.03, 40.3));
#8814 = ADVANCED_FACE('', (#8815), #8838, .F.);
#8815 = FACE_OUTER_BOUND('', #8816, .F.);
#8816 = EDGE_LOOP('', (#8817, #8818, #8825, #8837));
#8817 = ORIENTED_EDGE('', *, *, #8489, .T.);
#8818 = ORIENTED_EDGE('', *, *, #8819, .T.);
#8819 = EDGE_CURVE('', #8490, #8820, #8822, .T.);
#8820 = VERTEX_POINT('', #8821);
#8821 = CARTESIAN_POINT('', (48.06, 29.03, 34.1));
#8822 = B_SPLINE_CURVE_WITH_KNOTS('', 1, (#8823, #8824), .UNSPECIFIED., .F., .U., (2, 2), (1.25, 1.35), .UNSPECIFIED.);
#8823 = CARTESIAN_POINT('', (48.06, 29.03, 34.));
#8824 = CARTESIAN_POINT('', (48.06, 29.03, 34.1));
#8825 = ORIENTED_EDGE('', *, *, #8826, .F.);
#8826 = EDGE_CURVE('', #8820, #8820, #8827, .T.);
#8827 = (
   BOUNDED_CURVE ()
   B_SPLINE_CURVE (2, (#8828, #8829, #8830, #8831, #8832, #8833, #8834, #8835, #8836), .UNSPECIFIED., .T., .U.)
   B_SPLINE_CURVE_WITH_KNOTS ((3, 2, 2, 2, 3), (0., 5.02654824574368, 10.0530964914874, 15.079644737231, 20.1061929829747), .UNSPECIFIED.)
   CURVE ()
   GEOMETRIC_REPRESENTATION_ITEM ()
   RATIONAL_B_SPLINE_CURVE ((1., 0.707106781186548, 1., 0.707106781186548, 1., 0.707106781186548, 1., 0.707106781186548, 1.))
   REPRESENTATION_ITEM ('')
);
#8828 = CARTESIAN_POINT('', (48.06, 29.03, 34.1));
#8829 = CARTESIAN_POINT('', (48.06, 32.23, 34.1));
#8830 = CARTESIAN_POINT('', (44.86, 32.23, 34.1));
#8831 = CARTESIAN_POINT('', (41.66, 32.23, 34.1));
#8832 = CARTESIAN_POINT('', (41.66, 29.03, 34.1));
#8833 = CARTESIAN_POINT('', (41.66, 25.83, 34.1));
#8834 = CARTESIAN_POINT('', (44.86, 25.83, 34.1));
#8835 = CARTESIAN_POINT('', (48.06, 25.83, 34.1));
#8836 = CARTESIAN_POINT('', (48.06, 29.03, 34.1));
#8837 = ORIENTED_EDGE('', *, *, #8819, .F.);
#8838 = (
   BOUNDED_SURFACE ()
   B_SPLINE_SURFACE (2, 1, ((#8839, #8840), (#8841, #8842), (#8843, #8844), (#8845, #8846), (#8847, #8848), (#8849, #8850), (#8851, #8852), (#8853, #8854), (#8855, #8856)), .UNSPECIFIED., .T., .F., .U.)
   B_SPLINE_SURFACE_WITH_KNOTS ((3, 2, 2, 2, 3), (2, 2), (0., 5.02654824574368, 10.0530964914874, 15.079644737231, 20.1061929829747), (0., 1.35), .UNSPECIFIED.)
   GEOMETRIC_REPRESENTATION_ITEM ()
   RATIONAL_B_SPLINE_SURFACE (((1., 1.), (0.707106781186548, 0.707106781186548), (1., 1.), (0.707106781186548, 0.707106781186548), (1., 1.), (0.707106781186548, 0.707106781186548), (1., 1.), (0.707106781186548, 0.707106781186548), (1., 1.)))
   REPRESENTATION_ITEM ('')
   SURFACE ()
);
#8839 = CARTESIAN_POINT('', (48.06, 29.03, 32.75));
#8840 = CARTESIAN_POINT('', (48.06, 29.03, 34.1));
#8841 = CARTESIAN_POINT('', (48.06, 32.23, 32.75));
#8842 = CARTESIAN_POINT('', (48.06, 32.23, 34.1));
#8843 = CARTESIAN_POINT('', (44.86, 32.23, 32.75));
#8844 = CARTESIAN_POINT('', (44.86, 32.23, 34.1));
#8845 = CARTESIAN_POINT('', (41.66, 32.23, 32.75));
#8846 = CARTESIAN_POINT('', (41.66, 32.23, 34.1));
#8847 = CARTESIAN_POINT('', (41.66, 29.03, 32.75));
#8848 = CARTESIAN_POINT('', (41.66, 29.03, 34.1));
#8849 = CARTESIAN_POINT('', (41.66, 25.83, 32.75));
#8850 = CARTESIAN_POINT('', (41.66, 25.83, 34.1));
#8851 = CARTESIAN_POINT('', (44.86, 25.83, 32.75));
#8852 = CARTESIAN_POINT('', (44.86, 25.83, 34.1));
#8853 = CARTESIAN_POINT('', (48.06, 25.83, 32.75));
#8854 = CARTESIAN_POINT('', (48.06, 25.83, 34.1));
#8855 = CARTESIAN_POINT('', (48.06, 29.03, 32.75));
#8856 = CARTESIAN_POINT('', (48.06, 29.03, 34.1));
#8857 = ADVANCED_FACE('', (#8858, #8861), #8864, .F.);
#8858 = FACE_OUTER_BOUND('', #8859, .F.);
#8859 = EDGE_LOOP('', (#8860));
#8860 = ORIENTED_EDGE('', *, *, #8826, .T.);
#8861 = FACE_BOUND('', #8862, .F.);
#8862 = EDGE_LOOP('', (#8863));
#8863 = ORIENTED_EDGE('', *, *, #8775, .F.);
#8864 = B_SPLINE_SURFACE_WITH_KNOTS('', 1, 1, ((#8865, #8866), (#8867, #8868)), .UNSPECIFIED., .F., .F., .U., (2, 2), (2, 2), (0., 1.), (0., 1.), .UNSPECIFIED.);
#8865 = CARTESIAN_POINT('', (49.8380317395533, 24.0519682604467, 34.1));
#8866 = CARTESIAN_POINT('', (39.8819682604467, 24.0519682604467, 34.1));
#8867 = CARTESIAN_POINT('', (49.8380317395533, 34.0080317395533, 34.1));
#8868 = CARTESIAN_POINT('', (39.8819682604467, 34.0080317395533, 34.1));
#8869 = ADVANCED_FACE('', (#8870), #8893, .F.);
#8870 = FACE_OUTER_BOUND('', #8871, .F.);
#8871 = EDGE_LOOP('', (#8872, #8886, #8891, #8892));
#8872 = ORIENTED_EDGE('', *, *, #8873, .T.);
#8873 = EDGE_CURVE('', #8874, #8874, #8876, .T.);
#8874 = VERTEX_POINT('', #8875);
#8875 = CARTESIAN_POINT('', (34.16, 39.19, 34.1));
#8876 = (
   BOUNDED_CURVE ()
   B_SPLINE_CURVE (2, (#8877, #8878, #8879, #8880, #8881, #8882, #8883, #8884, #8885), .UNSPECIFIED., .T., .U.)
   B_SPLINE_CURVE_WITH_KNOTS ((3, 2, 2, 2, 3), (0., 0.25, 0.5, 0.75, 1.), .UNSPECIFIED.)
   CURVE ()
   GEOMETRIC_REPRESENTATION_ITEM ()
   RATIONAL_B_SPLINE_CURVE ((1., 0.707106781186548, 1., 0.707106781186548, 1., 0.707106781186548, 1., 0.707106781186548, 1.))
   REPRESENTATION_ITEM ('')
);
#8877 = CARTESIAN_POINT('', (34.16, 39.19, 34.1));
#8878 = CARTESIAN_POINT('', (34.16, 41.19, 34.1));
#8879 = CARTESIAN_POINT('', (32.16, 41.19, 34.1));
#8880 = CARTESIAN_POINT('', (30.16, 41.19, 34.1));
#8881 = CARTESIAN_POINT('', (30.16, 39.19, 34.1));
#8882 = CARTESIAN_POINT('', (30.16, 37.19, 34.1));
#8883 = CARTESIAN_POINT('', (32.16, 37.19, 34.1));
#8884 = CARTESIAN_POINT('', (34.16, 37.19, 34.1));
#8885 = CARTESIAN_POINT('', (34.16, 39.19, 34.1));
#8886 = ORIENTED_EDGE('', *, *, #8887, .T.);
#8887 = EDGE_CURVE('', #8874, #5015, #8888, .T.);
#8888 = B_SPLINE_CURVE_WITH_KNOTS('', 1, (#8889, #8890), .UNSPECIFIED., .F., .U., (2, 2), (2.1, 4.90000000000004), .UNSPECIFIED.);
#8889 = CARTESIAN_POINT('', (34.16, 39.19, 34.1));
#8890 = CARTESIAN_POINT('', (34.16, 39.19, 36.9));
#8891 = ORIENTED_EDGE('', *, *, #5014, .F.);
#8892 = ORIENTED_EDGE('', *, *, #8887, .F.);
#8893 = (
   BOUNDED_SURFACE ()
   B_SPLINE_SURFACE (2, 1, ((#8894, #8895), (#8896, #8897), (#8898, #8899), (#8900, #8901), (#8902, #8903), (#8904, #8905), (#8906, #8907), (#8908, #8909), (#8910, #8911)), .UNSPECIFIED., .T., .F., .U.)
   B_SPLINE_SURFACE_WITH_KNOTS ((3, 2, 2, 2, 3), (2, 2), (0., 3.14159265358979, 6.28318530717959, 9.42477796076938, 12.5663706143592), (0., 8.3), .UNSPECIFIED.)
   GEOMETRIC_REPRESENTATION_ITEM ()
   RATIONAL_B_SPLINE_SURFACE (((1., 1.), (0.707106781186548, 0.707106781186548), (1., 1.), (0.707106781186548, 0.707106781186548), (1., 1.), (0.707106781186548, 0.707106781186548), (1., 1.), (0.707106781186548, 0.707106781186548), (1., 1.)))
   REPRESENTATION_ITEM ('')
   SURFACE ()
);
#8894 = CARTESIAN_POINT('', (34.16, 39.19, 32.));
#8895 = CARTESIAN_POINT('', (34.16, 39.19, 40.3));
#8896 = CARTESIAN_POINT('', (34.16, 41.19, 32.));
#8897 = CARTESIAN_POINT('', (34.16, 41.19, 40.3));
#8898 = CARTESIAN_POINT('', (32.16, 41.19, 32.));
#8899 = CARTESIAN_POINT('', (32.16, 41.19, 40.3));
#8900 = CARTESIAN_POINT('', (30.16, 41.19, 32.));
#8901 = CARTESIAN_POINT('', (30.16, 41.19, 40.3));
#8902 = CARTESIAN_POINT('', (30.16, 39.19, 32.));
#8903 = CARTESIAN_POINT('', (30.16, 39.19, 40.3));
#8904 = CARTESIAN_POINT('', (30.16, 37.19, 32.));
#8905 = CARTESIAN_POINT('', (30.16, 37.19, 40.3));
#8906 = CARTESIAN_POINT('', (32.16, 37.19, 32.));
#8907 = CARTESIAN_POINT('', (32.16, 37.19, 40.3));
#8908 = CARTESIAN_POINT('', (34.16, 37.19, 32.));
#8909 = CARTESIAN_POINT('', (34.16, 37.19, 40.3));
#8910 = CARTESIAN_POINT('', (34.16, 39.19, 32.));
#8911 = CARTESIAN_POINT('', (34.16, 39.19, 40.3));
#8912 = ADVANCED_FACE('', (#8913), #8936, .F.);
#8913 = FACE_OUTER_BOUND('', #8914, .F.);
#8914 = EDGE_LOOP('', (#8915, #8916, #8923, #8935));
#8915 = ORIENTED_EDGE('', *, *, #8505, .T.);
#8916 = ORIENTED_EDGE('', *, *, #8917, .T.);
#8917 = EDGE_CURVE('', #8506, #8918, #8920, .T.);
#8918 = VERTEX_POINT('', #8919);
#8919 = CARTESIAN_POINT('', (35.36, 39.19, 34.1));
#8920 = B_SPLINE_CURVE_WITH_KNOTS('', 1, (#8921, #8922), .UNSPECIFIED., .F., .U., (2, 2), (1.25, 1.35), .UNSPECIFIED.);
#8921 = CARTESIAN_POINT('', (35.36, 39.19, 34.));
#8922 = CARTESIAN_POINT('', (35.36, 39.19, 34.1));
#8923 = ORIENTED_EDGE('', *, *, #8924, .F.);
#8924 = EDGE_CURVE('', #8918, #8918, #8925, .T.);
#8925 = (
   BOUNDED_CURVE ()
   B_SPLINE_CURVE (2, (#8926, #8927, #8928, #8929, #8930, #8931, #8932, #8933, #8934), .UNSPECIFIED., .T., .U.)
   B_SPLINE_CURVE_WITH_KNOTS ((3, 2, 2, 2, 3), (0., 5.02654824574368, 10.0530964914874, 15.079644737231, 20.1061929829747), .UNSPECIFIED.)
   CURVE ()
   GEOMETRIC_REPRESENTATION_ITEM ()
   RATIONAL_B_SPLINE_CURVE ((1., 0.707106781186548, 1., 0.707106781186548, 1., 0.707106781186548, 1., 0.707106781186548, 1.))
   REPRESENTATION_ITEM ('')
);
#8926 = CARTESIAN_POINT('', (35.36, 39.19, 34.1));
#8927 = CARTESIAN_POINT('', (35.36, 42.39, 34.1));
#8928 = CARTESIAN_POINT('', (32.16, 42.39, 34.1));
#8929 = CARTESIAN_POINT('', (28.96, 42.39, 34.1));
#8930 = CARTESIAN_POINT('', (28.96, 39.19, 34.1));
#8931 = CARTESIAN_POINT('', (28.96, 35.99, 34.1));
#8932 = CARTESIAN_POINT('', (32.16, 35.99, 34.1));
#8933 = CARTESIAN_POINT('', (35.36, 35.99, 34.1));
#8934 = CARTESIAN_POINT('', (35.36, 39.19, 34.1));
#8935 = ORIENTED_EDGE('', *, *, #8917, .F.);
#8936 = (
   BOUNDED_SURFACE ()
   B_SPLINE_SURFACE (2, 1, ((#8937, #8938), (#8939, #8940), (#8941, #8942), (#8943, #8944), (#8945, #8946), (#8947, #8948), (#8949, #8950), (#8951, #8952), (#8953, #8954)), .UNSPECIFIED., .T., .F., .U.)
   B_SPLINE_SURFACE_WITH_KNOTS ((3, 2, 2, 2, 3), (2, 2), (0., 5.02654824574368, 10.0530964914874, 15.079644737231, 20.1061929829747), (0., 1.35), .UNSPECIFIED.)
   GEOMETRIC_REPRESENTATION_ITEM ()
   RATIONAL_B_SPLINE_SURFACE (((1., 1.), (0.707106781186548, 0.707106781186548), (1., 1.), (0.707106781186548, 0.707106781186548), (1., 1.), (0.707106781186548, 0.707106781186548), (1., 1.), (0.707106781186548, 0.707106781186548), (1., 1.)))
   REPRESENTATION_ITEM ('')
   SURFACE ()
);
#8937 = CARTESIAN_POINT('', (35.36, 39.19, 32.75));
#8938 = CARTESIAN_POINT('', (35.36, 39.19, 34.1));
#8939 = CARTESIAN_POINT('', (35.36, 42.39, 32.75));
#8940 = CARTESIAN_POINT('', (35.36, 42.39, 34.1));
#8941 = CARTESIAN_POINT('', (32.16, 42.39, 32.75));
#8942 = CARTESIAN_POINT('', (32.16, 42.39, 34.1));
#8943 = CARTESIAN_POINT('', (28.96, 42.39, 32.75));
#8944 = CARTESIAN_POINT('', (28.96, 42.39, 34.1));
#8945 = CARTESIAN_POINT('', (28.96, 39.19, 32.75));
#8946 = CARTESIAN_POINT('', (28.96, 39.19, 34.1));
#8947 = CARTESIAN_POINT('', (28.96, 35.99, 32.75));
#8948 = CARTESIAN_POINT('', (28.96, 35.99, 34.1));
#8949 = CARTESIAN_POINT('', (32.16, 35.99, 32.75));
#8950 = CARTESIAN_POINT('', (32.16, 35.99, 34.1));
#8951 = CARTESIAN_POINT('', (35.36, 35.99, 32.75));
#8952 = CARTESIAN_POINT('', (35.36, 35.99, 34.1));
#8953 = CARTESIAN_POINT('', (35.36, 39.19, 32.75));
#8954 = CARTESIAN_POINT('', (35.36, 39.19, 34.1));
#8955 = ADVANCED_FACE('', (#8956, #8959), #8962, .F.);
#8956 = FACE_OUTER_BOUND('', #8957, .F.);
#8957 = EDGE_LOOP('', (#8958));
#8958 = ORIENTED_EDGE('', *, *, #8924, .T.);
#8959 = FACE_BOUND('', #8960, .F.);
#8960 = EDGE_LOOP('', (#8961));
#8961 = ORIENTED_EDGE('', *, *, #8873, .F.);
#8962 = B_SPLINE_SURFACE_WITH_KNOTS('', 1, 1, ((#8963, #8964), (#8965, #8966)), .UNSPECIFIED., .F., .F., .U., (2, 2), (2, 2), (0., 1.), (0., 1.), .UNSPECIFIED.);
#8963 = CARTESIAN_POINT('', (37.1380317395533, 34.2119682604467, 34.1));
#8964 = CARTESIAN_POINT('', (27.1819682604467, 34.2119682604467, 34.1));
#8965 = CARTESIAN_POINT('', (37.1380317395533, 44.1680317395533, 34.1));
#8966 = CARTESIAN_POINT('', (27.1819682604467, 44.1680317395533, 34.1));
#8967 = ADVANCED_FACE('', (#8968), #8991, .F.);
#8968 = FACE_OUTER_BOUND('', #8969, .F.);
#8969 = EDGE_LOOP('', (#8970, #8984, #8989, #8990));
#8970 = ORIENTED_EDGE('', *, *, #8971, .T.);
#8971 = EDGE_CURVE('', #8972, #8972, #8974, .T.);
#8972 = VERTEX_POINT('', #8973);
#8973 = CARTESIAN_POINT('', (44.32, 39.19, 34.1));
#8974 = (
   BOUNDED_CURVE ()
   B_SPLINE_CURVE (2, (#8975, #8976, #8977, #8978, #8979, #8980, #8981, #8982, #8983), .UNSPECIFIED., .T., .U.)
   B_SPLINE_CURVE_WITH_KNOTS ((3, 2, 2, 2, 3), (0., 0.25, 0.5, 0.75, 1.), .UNSPECIFIED.)
   CURVE ()
   GEOMETRIC_REPRESENTATION_ITEM ()
   RATIONAL_B_SPLINE_CURVE ((1., 0.707106781186548, 1., 0.707106781186548, 1., 0.707106781186548, 1., 0.707106781186548, 1.))
   REPRESENTATION_ITEM ('')
);
#8975 = CARTESIAN_POINT('', (44.32, 39.19, 34.1));
#8976 = CARTESIAN_POINT('', (44.32, 41.19, 34.1));
#8977 = CARTESIAN_POINT('', (42.32, 41.19, 34.1));
#8978 = CARTESIAN_POINT('', (40.32, 41.19, 34.1));
#8979 = CARTESIAN_POINT('', (40.32, 39.19, 34.1));
#8980 = CARTESIAN_POINT('', (40.32, 37.19, 34.1));
#8981 = CARTESIAN_POINT('', (42.32, 37.19, 34.1));
#8982 = CARTESIAN_POINT('', (44.32, 37.19, 34.1));
#8983 = CARTESIAN_POINT('', (44.32, 39.19, 34.1));
#8984 = ORIENTED_EDGE('', *, *, #8985, .T.);
#8985 = EDGE_CURVE('', #8972, #5031, #8986, .T.);
#8986 = B_SPLINE_CURVE_WITH_KNOTS('', 1, (#8987, #8988), .UNSPECIFIED., .F., .U., (2, 2), (2.1, 4.90000000000002), .UNSPECIFIED.);
#8987 = CARTESIAN_POINT('', (44.32, 39.19, 34.1));
#8988 = CARTESIAN_POINT('', (44.32, 39.19, 36.9));
#8989 = ORIENTED_EDGE('', *, *, #5030, .F.);
#8990 = ORIENTED_EDGE('', *, *, #8985, .F.);
#8991 = (
   BOUNDED_SURFACE ()
   B_SPLINE_SURFACE (2, 1, ((#8992, #8993), (#8994, #8995), (#8996, #8997), (#8998, #8999), (#9000, #9001), (#9002, #9003), (#9004, #9005), (#9006, #9007), (#9008, #9009)), .UNSPECIFIED., .T., .F., .U.)
   B_SPLINE_SURFACE_WITH_KNOTS ((3, 2, 2, 2, 3), (2, 2), (0., 3.1415926535898, 6.28318530717959, 9.42477796076938, 12.5663706143592), (0., 8.3), .UNSPECIFIED.)
   GEOMETRIC_REPRESENTATION_ITEM ()
   RATIONAL_B_SPLINE_SURFACE (((1., 1.), (0.707106781186548, 0.707106781186548), (1., 1.), (0.707106781186548, 0.707106781186548), (1., 1.), (0.707106781186548, 0.707106781186548), (1., 1.), (0.707106781186548, 0.707106781186548), (1., 1.)))
   REPRESENTATION_ITEM ('')
   SURFACE ()
);
#8992 = CARTESIAN_POINT('', (44.32, 39.19, 32.));
#8993 = CARTESIAN_POINT('', (44.32, 39.19, 40.3));
#8994 = CARTESIAN_POINT('', (44.32, 41.19, 32.));
#8995 = CARTESIAN_POINT('', (44.32, 41.19, 40.3));
#8996 = CARTESIAN_POINT('', (42.32, 41.19, 32.));
#8997 = CARTESIAN_POINT('', (42.32, 41.19, 40.3));
#8998 = CARTESIAN_POINT('', (40.32, 41.19, 32.));
#8999 = CARTESIAN_POINT('', (40.32, 41.19, 40.3));
#9000 = CARTESIAN_POINT('', (40.32, 39.19, 32.));
#9001 = CARTESIAN_POINT('', (40.32, 39.19, 40.3));
#9002 = CARTESIAN_POINT('', (40.32, 37.19, 32.));
#9003 = CARTESIAN_POINT('', (40.32, 37.19, 40.3));
#9004 = CARTESIAN_POINT('', (42.32, 37.19, 32.));
#9005 = CARTESIAN_POINT('', (42.32, 37.19, 40.3));
#9006 = CARTESIAN_POINT('', (44.32, 37.19, 32.));
#9007 = CARTESIAN_POINT('', (44.32, 37.19, 40.3));
#9008 = CARTESIAN_POINT('', (44.32, 39.19, 32.));
#9009 = CARTESIAN_POINT('', (44.32, 39.19, 40.3));
#9010 = ADVANCED_FACE('', (#9011), #9034, .F.);
#9011 = FACE_OUTER_BOUND('', #9012, .F.);
#9012 = EDGE_LOOP('', (#9013, #9014, #9021, #9033));
#9013 = ORIENTED_EDGE('', *, *, #8521, .T.);
#9014 = ORIENTED_EDGE('', *, *, #9015, .T.);
#9015 = EDGE_CURVE('', #8522, #9016, #9018, .T.);
#9016 = VERTEX_POINT('', #9017);
#9017 = CARTESIAN_POINT('', (45.52, 39.19, 34.1));
#9018 = B_SPLINE_CURVE_WITH_KNOTS('', 1, (#9019, #9020), .UNSPECIFIED., .F., .U., (2, 2), (1.25, 1.35), .UNSPECIFIED.);
#9019 = CARTESIAN_POINT('', (45.52, 39.19, 34.));
#9020 = CARTESIAN_POINT('', (45.52, 39.19, 34.1));
#9021 = ORIENTED_EDGE('', *, *, #9022, .F.);
#9022 = EDGE_CURVE('', #9016, #9016, #9023, .T.);
#9023 = (
   BOUNDED_CURVE ()
   B_SPLINE_CURVE (2, (#9024, #9025, #9026, #9027, #9028, #9029, #9030, #9031, #9032), .UNSPECIFIED., .T., .U.)
   B_SPLINE_CURVE_WITH_KNOTS ((3, 2, 2, 2, 3), (0., 5.02654824574368, 10.0530964914874, 15.079644737231, 20.1061929829747), .UNSPECIFIED.)
   CURVE ()
   GEOMETRIC_REPRESENTATION_ITEM ()
   RATIONAL_B_SPLINE_CURVE ((1., 0.707106781186548, 1., 0.707106781186548, 1., 0.707106781186548, 1., 0.707106781186548, 1.))
   REPRESENTATION_ITEM ('')
);
#9024 = CARTESIAN_POINT('', (45.52, 39.19, 34.1));
#9025 = CARTESIAN_POINT('', (45.52, 42.39, 34.1));
#9026 = CARTESIAN_POINT('', (42.32, 42.39, 34.1));
#9027 = CARTESIAN_POINT('', (39.12, 42.39, 34.1));
#9028 = CARTESIAN_POINT('', (39.12, 39.19, 34.1));
#9029 = CARTESIAN_POINT('', (39.12, 35.99, 34.1));
#9030 = CARTESIAN_POINT('', (42.32, 35.99, 34.1));
#9031 = CARTESIAN_POINT('', (45.52, 35.99, 34.1));
#9032 = CARTESIAN_POINT('', (45.52, 39.19, 34.1));
#9033 = ORIENTED_EDGE('', *, *, #9015, .F.);
#9034 = (
   BOUNDED_SURFACE ()
   B_SPLINE_SURFACE (2, 1, ((#9035, #9036), (#9037, #9038), (#9039, #9040), (#9041, #9042), (#9043, #9044), (#9045, #9046), (#9047, #9048), (#9049, #9050), (#9051, #9052)), .UNSPECIFIED., .T., .F., .U.)
   B_SPLINE_SURFACE_WITH_KNOTS ((3, 2, 2, 2, 3), (2, 2), (0., 5.02654824574368, 10.0530964914874, 15.079644737231, 20.1061929829747), (0., 1.35), .UNSPECIFIED.)
   GEOMETRIC_REPRESENTATION_ITEM ()
   RATIONAL_B_SPLINE_SURFACE (((1., 1.), (0.707106781186548, 0.707106781186548), (1., 1.), (0.707106781186548, 0.707106781186548), (1., 1.), (0.707106781186548, 0.707106781186548), (1., 1.), (0.707106781186548, 0.707106781186548), (1., 1.)))
   REPRESENTATION_ITEM ('')
   SURFACE ()
);
#9035 = CARTESIAN_POINT('', (45.52, 39.19, 32.75));
#9036 = CARTESIAN_POINT('', (45.52, 39.19, 34.1));
#9037 = CARTESIAN_POINT('', (45.52, 42.39, 32.75));
#9038 = CARTESIAN_POINT('', (45.52, 42.39, 34.1));
#9039 = CARTESIAN_POINT('', (42.32, 42.39, 32.75));
#9040 = CARTESIAN_POINT('', (42.32, 42.39, 34.1));
#9041 = CARTESIAN_POINT('', (39.12, 42.39, 32.75));
#9042 = CARTESIAN_POINT('', (39.12, 42.39, 34.1));
#9043 = CARTESIAN_POINT('', (39.12, 39.19, 32.75));
#9044 = CARTESIAN_POINT('', (39.12, 39.19, 34.1));
#9045 = CARTESIAN_POINT('', (39.12, 35.99, 32.75));
#9046 = CARTESIAN_POINT('', (39.12, 35.99, 34.1));
#9047 = CARTESIAN_POINT('', (42.32, 35.99, 32.75));
#9048 = CARTESIAN_POINT('', (42.32, 35.99, 34.1));
#9049 = CARTESIAN_POINT('', (45.52, 35.99, 32.75));
#9050 = CARTESIAN_POINT('', (45.52, 35.99, 34.1));
#9051 = CARTESIAN_POINT('', (45.52, 39.19, 32.75));
#9052 = CARTESIAN_POINT('', (45.52, 39.19, 34.1));
#9053 = ADVANCED_FACE('', (#9054, #9057), #9060, .F.);
#9054 = FACE_OUTER_BOUND('', #9055, .F.);
#9055 = EDGE_LOOP('', (#9056));
#9056 = ORIENTED_EDGE('', *, *, #9022, .T.);
#9057 = FACE_BOUND('', #9058, .F.);
#9058 = EDGE_LOOP('', (#9059));
#9059 = ORIENTED_EDGE('', *, *, #8971, .F.);
#9060 = B_SPLINE_SURFACE_WITH_KNOTS('', 1, 1, ((#9061, #9062), (#9063, #9064)), .UNSPECIFIED., .F., .F., .U., (2, 2), (2, 2), (0., 1.), (0., 1.), .UNSPECIFIED.);
#9061 = CARTESIAN_POINT('', (47.2980317395533, 34.2119682604467, 34.1));
#9062 = CARTESIAN_POINT('', (37.3419682604467, 34.2119682604467, 34.1));
#9063 = CARTESIAN_POINT('', (47.2980317395533, 44.1680317395533, 34.1));
#9064 = CARTESIAN_POINT('', (37.3419682604467, 44.1680317395533, 34.1));
#9065 = ADVANCED_FACE('', (#9066), #9080, .F.);
#9066 = FACE_OUTER_BOUND('', #9067, .F.);
#9067 = EDGE_LOOP('', (#9068, #9069, #9074, #9075));
#9068 = ORIENTED_EDGE('', *, *, #8566, .T.);
#9069 = ORIENTED_EDGE('', *, *, #9070, .T.);
#9070 = EDGE_CURVE('', #8557, #5066, #9071, .T.);
#9071 = B_SPLINE_CURVE_WITH_KNOTS('', 1, (#9072, #9073), .UNSPECIFIED., .F., .U., (2, 2), (0.2, 0.780000000000015), .UNSPECIFIED.);
#9072 = CARTESIAN_POINT('', (19.55, 47.4, 34.));
#9073 = CARTESIAN_POINT('', (19.55, 47.4, 36.9000000000001));
#9074 = ORIENTED_EDGE('', *, *, #5075, .F.);
#9075 = ORIENTED_EDGE('', *, *, #9076, .F.);
#9076 = EDGE_CURVE('', #8540, #5049, #9077, .T.);
#9077 = B_SPLINE_CURVE_WITH_KNOTS('', 1, (#9078, #9079), .UNSPECIFIED., .F., .U., (2, 2), (0.2, 0.780000000000015), .UNSPECIFIED.);
#9078 = CARTESIAN_POINT('', (19.55, 53.4, 34.));
#9079 = CARTESIAN_POINT('', (19.55, 53.4, 36.9000000000001));
#9080 = B_SPLINE_SURFACE_WITH_KNOTS('', 1, 1, ((#9081, #9082), (#9083, #9084)), .UNSPECIFIED., .F., .F., .U., (2, 2), (2, 2), (0., 1.), (0., 1.), .UNSPECIFIED.);
#9081 = CARTESIAN_POINT('', (19.55, 53.4, 33.));
#9082 = CARTESIAN_POINT('', (19.55, 53.4, 38.));
#9083 = CARTESIAN_POINT('', (19.55, 47.4, 33.));
#9084 = CARTESIAN_POINT('', (19.55, 47.4, 38.));
#9085 = ADVANCED_FACE('', (#9086), #9100, .F.);
#9086 = FACE_OUTER_BOUND('', #9087, .F.);
#9087 = EDGE_LOOP('', (#9088, #9089, #9094, #9095));
#9088 = ORIENTED_EDGE('', *, *, #8549, .T.);
#9089 = ORIENTED_EDGE('', *, *, #9090, .T.);
#9090 = EDGE_CURVE('', #8538, #5047, #9091, .T.);
#9091 = B_SPLINE_CURVE_WITH_KNOTS('', 1, (#9092, #9093), .UNSPECIFIED., .F., .U., (2, 2), (0.2, 0.780000000000014), .UNSPECIFIED.);
#9092 = CARTESIAN_POINT('', (21.55, 53.4, 34.));
#9093 = CARTESIAN_POINT('', (21.55, 53.4, 36.9000000000001));
#9094 = ORIENTED_EDGE('', *, *, #5058, .F.);
#9095 = ORIENTED_EDGE('', *, *, #9096, .F.);
#9096 = EDGE_CURVE('', #8550, #5059, #9097, .T.);
#9097 = B_SPLINE_CURVE_WITH_KNOTS('', 1, (#9098, #9099), .UNSPECIFIED., .F., .U., (2, 2), (0.2, 0.780000000000015), .UNSPECIFIED.);
#9098 = CARTESIAN_POINT('', (21.55, 47.4, 34.));
#9099 = CARTESIAN_POINT('', (21.55, 47.4, 36.9000000000001));
#9100 = B_SPLINE_SURFACE_WITH_KNOTS('', 1, 1, ((#9101, #9102), (#9103, #9104)), .UNSPECIFIED., .F., .F., .U., (2, 2), (2, 2), (0., 1.), (0., 1.), .UNSPECIFIED.);
#9101 = CARTESIAN_POINT('', (21.55, 47.4, 33.));
#9102 = CARTESIAN_POINT('', (21.55, 47.4, 38.));
#9103 = CARTESIAN_POINT('', (21.55, 53.4, 33.));
#9104 = CARTESIAN_POINT('', (21.55, 53.4, 38.));
#9105 = ADVANCED_FACE('', (#9106), #9112, .F.);
#9106 = FACE_OUTER_BOUND('', #9107, .F.);
#9107 = EDGE_LOOP('', (#9108, #9109, #9110, #9111));
#9108 = ORIENTED_EDGE('', *, *, #9070, .F.);
#9109 = ORIENTED_EDGE('', *, *, #8556, .T.);
#9110 = ORIENTED_EDGE('', *, *, #9096, .T.);
#9111 = ORIENTED_EDGE('', *, *, #5065, .F.);
#9112 = (
   BOUNDED_SURFACE ()
   B_SPLINE_SURFACE (2, 1, ((#9113, #9114), (#9115, #9116), (#9117, #9118), (#9119, #9120), (#9121, #9122), (#9123, #9124), (#9125, #9126), (#9127, #9128), (#9129, #9130)), .UNSPECIFIED., .T., .F., .U.)
   B_SPLINE_SURFACE_WITH_KNOTS ((3, 2, 2, 2, 3), (2, 2), (0., 1.5707963267949, 3.1415926535898, 4.7123889803847, 6.28318530717959), (0., 5.), .UNSPECIFIED.)
   GEOMETRIC_REPRESENTATION_ITEM ()
   RATIONAL_B_SPLINE_SURFACE (((1., 1.), (0.707106781186548, 0.707106781186548), (1., 1.), (0.707106781186548, 0.707106781186548), (1., 1.), (0.707106781186548, 0.707106781186548), (1., 1.), (0.707106781186548, 0.707106781186548), (1., 1.)))
   REPRESENTATION_ITEM ('')
   SURFACE ()
);
#9113 = CARTESIAN_POINT('', (21.55, 47.4, 33.));
#9114 = CARTESIAN_POINT('', (21.55, 47.4, 38.));
#9115 = CARTESIAN_POINT('', (21.55, 48.4, 33.));
#9116 = CARTESIAN_POINT('', (21.55, 48.4, 38.));
#9117 = CARTESIAN_POINT('', (20.55, 48.4, 33.));
#9118 = CARTESIAN_POINT('', (20.55, 48.4, 38.));
#9119 = CARTESIAN_POINT('', (19.55, 48.4, 33.));
#9120 = CARTESIAN_POINT('', (19.55, 48.4, 38.));
#9121 = CARTESIAN_POINT('', (19.55, 47.4, 33.));
#9122 = CARTESIAN_POINT('', (19.55, 47.4, 38.));
#9123 = CARTESIAN_POINT('', (19.55, 46.4, 33.));
#9124 = CARTESIAN_POINT('', (19.55, 46.4, 38.));
#9125 = CARTESIAN_POINT('', (20.55, 46.4, 33.));
#9126 = CARTESIAN_POINT('', (20.55, 46.4, 38.));
#9127 = CARTESIAN_POINT('', (21.55, 46.4, 33.));
#9128 = CARTESIAN_POINT('', (21.55, 46.4, 38.));
#9129 = CARTESIAN_POINT('', (21.55, 47.4, 33.));
#9130 = CARTESIAN_POINT('', (21.55, 47.4, 38.));
#9131 = ADVANCED_FACE('', (#9132), #9138, .F.);
#9132 = FACE_OUTER_BOUND('', #9133, .F.);
#9133 = EDGE_LOOP('', (#9134, #9135, #9136, #9137));
#9134 = ORIENTED_EDGE('', *, *, #9076, .T.);
#9135 = ORIENTED_EDGE('', *, *, #5046, .F.);
#9136 = ORIENTED_EDGE('', *, *, #9090, .F.);
#9137 = ORIENTED_EDGE('', *, *, #8537, .T.);
#9138 = (
   BOUNDED_SURFACE ()
   B_SPLINE_SURFACE (2, 1, ((#9139, #9140), (#9141, #9142), (#9143, #9144), (#9145, #9146), (#9147, #9148), (#9149, #9150), (#9151, #9152), (#9153, #9154), (#9155, #9156)), .UNSPECIFIED., .T., .F., .U.)
   B_SPLINE_SURFACE_WITH_KNOTS ((3, 2, 2, 2, 3), (2, 2), (0., 1.5707963267949, 3.1415926535898, 4.71238898038469, 6.28318530717958), (0., 5.), .UNSPECIFIED.)
   GEOMETRIC_REPRESENTATION_ITEM ()
   RATIONAL_B_SPLINE_SURFACE (((1., 1.), (0.707106781186548, 0.707106781186548), (1., 1.), (0.707106781186548, 0.707106781186548), (1., 1.), (0.707106781186548, 0.707106781186548), (1., 1.), (0.707106781186548, 0.707106781186548), (1., 1.)))
   REPRESENTATION_ITEM ('')
   SURFACE ()
);
#9139 = CARTESIAN_POINT('', (21.55, 53.4, 33.));
#9140 = CARTESIAN_POINT('', (21.55, 53.4, 38.));
#9141 = CARTESIAN_POINT('', (21.55, 54.4, 33.));
#9142 = CARTESIAN_POINT('', (21.55, 54.4, 38.));
#9143 = CARTESIAN_POINT('', (20.55, 54.4, 33.));
#9144 = CARTESIAN_POINT('', (20.55, 54.4, 38.));
#9145 = CARTESIAN_POINT('', (19.55, 54.4, 33.));
#9146 = CARTESIAN_POINT('', (19.55, 54.4, 38.));
#9147 = CARTESIAN_POINT('', (19.55, 53.4, 33.));
#9148 = CARTESIAN_POINT('', (19.55, 53.4, 38.));
#9149 = CARTESIAN_POINT('', (19.55, 52.4, 33.));
#9150 = CARTESIAN_POINT('', (19.55, 52.4, 38.));
#9151 = CARTESIAN_POINT('', (20.55, 52.4, 33.));
#9152 = CARTESIAN_POINT('', (20.55, 52.4, 38.));
#9153 = CARTESIAN_POINT('', (21.55, 52.4, 33.));
#9154 = CARTESIAN_POINT('', (21.55, 52.4, 38.));
#9155 = CARTESIAN_POINT('', (21.55, 53.4, 33.));
#9156 = CARTESIAN_POINT('', (21.55, 53.4, 38.));
#9157 = PRESENTATION_STYLE_ASSIGNMENT((#9158));
#9158 = SURFACE_STYLE_USAGE(.POSITIVE., #9159);
#9159 = SURFACE_SIDE_STYLE('', (#9160));
#9160 = SURFACE_STYLE_FILL_AREA(#9161);
#9161 = FILL_AREA_STYLE('', (#9162));
#9162 = FILL_AREA_STYLE_COLOUR('', #9163);
#9163 = COLOUR_RGB('', 0.27843137254902, 0.32156862745098, 0.368627450980392);
#9164 = STYLED_ITEM('', (#9157), #1);
#9165 = DRAUGHTING_MODEL('#9165', (#9164), #9282);
#9166 = AXIS2_PLACEMENT_3D('F1044_makeSphere_housing_py_78_datum', #9167, #9168, #9169);
#9167 = CARTESIAN_POINT('', (29., 12., 22.));
#9168 = DIRECTION('', (0., 0., 1.));
#9169 = DIRECTION('', (1., 0., 0.));
#9170 = AXIS2_PLACEMENT_3D('F1046_makeSphere_housing_py_78_datum', #9171, #9172, #9173);
#9171 = CARTESIAN_POINT('', (33.5, 12., 22.));
#9172 = DIRECTION('', (0., 0., 1.));
#9173 = DIRECTION('', (1., 0., 0.));
#9174 = AXIS2_PLACEMENT_3D('F1048_makeSphere_housing_py_78_datum', #9175, #9176, #9177);
#9175 = CARTESIAN_POINT('', (33.5, 22., 22.));
#9176 = DIRECTION('', (0., 0., 1.));
#9177 = DIRECTION('', (1., 0., 0.));
#9178 = AXIS2_PLACEMENT_3D('F1050_makeSphere_housing_py_78_datum', #9179, #9180, #9181);
#9179 = CARTESIAN_POINT('', (50.8, 22., 22.));
#9180 = DIRECTION('', (0., 0., 1.));
#9181 = DIRECTION('', (1., 0., 0.));
#9182 = AXIS2_PLACEMENT_3D('F1052_makeSphere_housing_py_78_datum', #9183, #9184, #9185);
#9183 = CARTESIAN_POINT('', (51., 28., 26.));
#9184 = DIRECTION('', (0., 0., 1.));
#9185 = DIRECTION('', (1., 0., 0.));
#9186 = AXIS2_PLACEMENT_3D('F1081_makeSphere_housing_py_78_datum', #9187, #9188, #9189);
#9187 = CARTESIAN_POINT('', (42., 23., 13.3));
#9188 = DIRECTION('', (0., 0., 1.));
#9189 = DIRECTION('', (1., 0., 0.));
#9190 = AXIS2_PLACEMENT_3D('F1083_makeSphere_housing_py_78_datum', #9191, #9192, #9193);
#9191 = CARTESIAN_POINT('', (46., 23., 13.3));
#9192 = DIRECTION('', (0., 0., 1.));
#9193 = DIRECTION('', (1., 0., 0.));
#9194 = AXIS2_PLACEMENT_3D('F1085_makeSphere_housing_py_78_datum', #9195, #9196, #9197);
#9195 = CARTESIAN_POINT('', (46., 21.8, 13.3));
#9196 = DIRECTION('', (0., 0., 1.));
#9197 = DIRECTION('', (1., 0., 0.));
#9198 = AXIS2_PLACEMENT_3D('F1087_makeSphere_housing_py_78_datum', #9199, #9200, #9201);
#9199 = CARTESIAN_POINT('', (49.8, 21.8, 18.));
#9200 = DIRECTION('', (0., 0., 1.));
#9201 = DIRECTION('', (1., 0., 0.));
#9202 = AXIS2_PLACEMENT_3D('F1089_makeSphere_housing_py_78_datum', #9203, #9204, #9205);
#9203 = CARTESIAN_POINT('', (49.8, 26.2, 20.4));
#9204 = DIRECTION('', (0., 0., 1.));
#9205 = DIRECTION('', (1., 0., 0.));
#9206 = AXIS2_PLACEMENT_3D('F1091_makeSphere_housing_py_78_datum', #9207, #9208, #9209);
#9207 = CARTESIAN_POINT('', (25.4, 26.2, 20.4));
#9208 = DIRECTION('', (0., 0., 1.));
#9209 = DIRECTION('', (1., 0., 0.));
#9210 = AXIS2_PLACEMENT_3D('F1093_makeSphere_housing_py_78_datum', #9211, #9212, #9213);
#9211 = CARTESIAN_POINT('', (25.4, 26.2, 24.5));
#9212 = DIRECTION('', (0., 0., 1.));
#9213 = DIRECTION('', (1., 0., 0.));
#9214 = AXIS2_PLACEMENT_3D('F1137_makeSphere_housing_py_78_datum', #9215, #9216, #9217);
#9215 = CARTESIAN_POINT('', (52.1, 49., 6.));
#9216 = DIRECTION('', (0., 0., 1.));
#9217 = DIRECTION('', (1., 0., 0.));
#9218 = AXIS2_PLACEMENT_3D('F1139_makeSphere_housing_py_78_datum', #9219, #9220, #9221);
#9219 = CARTESIAN_POINT('', (53.7, 49., 6.));
#9220 = DIRECTION('', (0., 0., 1.));
#9221 = DIRECTION('', (1., 0., 0.));
#9222 = AXIS2_PLACEMENT_3D('F1141_makeSphere_housing_py_78_datum', #9223, #9224, #9225);
#9223 = CARTESIAN_POINT('', (53.7, 49., 18.5));
#9224 = DIRECTION('', (0., 0., 1.));
#9225 = DIRECTION('', (1., 0., 0.));
#9226 = AXIS2_PLACEMENT_3D('F1143_makeSphere_housing_py_78_datum', #9227, #9228, #9229);
#9227 = CARTESIAN_POINT('', (51.2, 49., 18.5));
#9228 = DIRECTION('', (0., 0., 1.));
#9229 = DIRECTION('', (1., 0., 0.));
#9230 = AXIS2_PLACEMENT_3D('F1145_makeSphere_housing_py_78_datum', #9231, #9232, #9233);
#9231 = CARTESIAN_POINT('', (51.2, 43.1, 17.15));
#9232 = DIRECTION('', (0., 0., 1.));
#9233 = DIRECTION('', (1., 0., 0.));
#9234 = AXIS2_PLACEMENT_3D('F1147_makeSphere_housing_py_78_datum', #9235, #9236, #9237);
#9235 = CARTESIAN_POINT('', (28.3, 43.1, 17.15));
#9236 = DIRECTION('', (0., 0., 1.));
#9237 = DIRECTION('', (1., 0., 0.));
#9238 = AXIS2_PLACEMENT_3D('F1149_makeSphere_housing_py_78_datum', #9239, #9240, #9241);
#9239 = CARTESIAN_POINT('', (28.3, 34.6, 18.6));
#9240 = DIRECTION('', (0., 0., 1.));
#9241 = DIRECTION('', (1., 0., 0.));
#9242 = AXIS2_PLACEMENT_3D('F1151_makeSphere_housing_py_78_datum', #9243, #9244, #9245);
#9243 = CARTESIAN_POINT('', (24.35, 34.6, 19.));
#9244 = DIRECTION('', (0., 0., 1.));
#9245 = DIRECTION('', (1., 0., 0.));
#9246 = AXIS2_PLACEMENT_3D('F1204_makeSphere_housing_py_78_datum', #9247, #9248, #9249);
#9247 = CARTESIAN_POINT('', (40.8, 49., 18.5));
#9248 = DIRECTION('', (0., 0., 1.));
#9249 = DIRECTION('', (1., 0., 0.));
#9250 = AXIS2_PLACEMENT_3D('F1206_makeSphere_housing_py_78_datum', #9251, #9252, #9253);
#9251 = CARTESIAN_POINT('', (51.2, 49., 18.5));
#9252 = DIRECTION('', (0., 0., 1.));
#9253 = DIRECTION('', (1., 0., 0.));
#9254 = AXIS2_PLACEMENT_3D('F1208_makeSphere_housing_py_78_datum', #9255, #9256, #9257);
#9255 = CARTESIAN_POINT('', (51.2, 42.5, 18.5));
#9256 = DIRECTION('', (0., 0., 1.));
#9257 = DIRECTION('', (1., 0., 0.));
#9258 = AXIS2_PLACEMENT_3D('F1210_makeSphere_housing_py_78_datum', #9259, #9260, #9261);
#9259 = CARTESIAN_POINT('', (49.8, 42.5, 21.4));
#9260 = DIRECTION('', (0., 0., 1.));
#9261 = DIRECTION('', (1., 0., 0.));
#9262 = AXIS2_PLACEMENT_3D('F1212_makeSphere_housing_py_78_datum', #9263, #9264, #9265);
#9263 = CARTESIAN_POINT('', (49.8, 23., 21.4));
#9264 = DIRECTION('', (0., 0., 1.));
#9265 = DIRECTION('', (1., 0., 0.));
#9266 = AXIS2_PLACEMENT_3D('F1214_makeSphere_housing_py_78_datum', #9267, #9268, #9269);
#9267 = CARTESIAN_POINT('', (46., 23., 18.));
#9268 = DIRECTION('', (0., 0., 1.));
#9269 = DIRECTION('', (1., 0., 0.));
#9270 = AXIS2_PLACEMENT_3D('F1216_makeSphere_housing_py_78_datum', #9271, #9272, #9273);
#9271 = CARTESIAN_POINT('', (46., 23., 13.3));
#9272 = DIRECTION('', (0., 0., 1.));
#9273 = DIRECTION('', (1., 0., 0.));
#9274 = AXIS2_PLACEMENT_3D('F1260_makeSphere_housing_py_78_datum', #9275, #9276, #9277);
#9275 = CARTESIAN_POINT('', (50.7, 28., 26.));
#9276 = DIRECTION('', (0., 0., 1.));
#9277 = DIRECTION('', (1., 0., 0.));
#9278 = AXIS2_PLACEMENT_3D('F1262_makeSphere_housing_py_78_datum', #9279, #9280, #9281);
#9279 = CARTESIAN_POINT('', (50.7, 35.5, 26.));
#9280 = DIRECTION('', (0., 0., 1.));
#9281 = DIRECTION('', (1., 0., 0.));
#9282 = (
   GEOMETRIC_REPRESENTATION_CONTEXT (3)
   GLOBAL_UNCERTAINTY_ASSIGNED_CONTEXT ((#9284))
   GLOBAL_UNIT_ASSIGNED_CONTEXT ((#9283, #9285, #9286))
   REPRESENTATION_CONTEXT ('', '3D')
);
#9283 = (
   LENGTH_UNIT ()
   NAMED_UNIT (*)
   SI_UNIT (.MILLI., .METRE.)
);
#9284 = UNCERTAINTY_MEASURE_WITH_UNIT(LENGTH_MEASURE(1.E-6), #9283, 'DISTANCE_ACCURACY_VALUE', '');
#9285 = (
   NAMED_UNIT (*)
   SI_UNIT ($, .STERADIAN.)
   SOLID_ANGLE_UNIT ()
);
#9286 = (
   NAMED_UNIT (*)
   PLANE_ANGLE_UNIT ()
   SI_UNIT ($, .RADIAN.)
);
#9287 = SHAPE_REPRESENTATION('', (#9302), #9282);
#9288 = PRODUCT_DEFINITION_SHAPE('', '', #9289);
#9289 = PRODUCT_DEFINITION('', '', #9292, #9296);
#9290 = APPLICATION_CONTEXT('automotive design');
#9291 = APPLICATION_PROTOCOL_DEFINITION('International Standard', 'automotive_design', 2002, #9290);
#9292 = PRODUCT_DEFINITION_FORMATION_WITH_SPECIFIED_SOURCE('', '', #9293, .NOT_KNOWN.);
#9293 = PRODUCT('Upper_shell', 'Upper_shell', '', (#9294));
#9294 = PRODUCT_CONTEXT('', #9290, 'mechanical');
#9295 = PRODUCT_RELATED_PRODUCT_CATEGORY('detail', '', (#9293));
#9296 = PRODUCT_DEFINITION_CONTEXT('part definition', #9290, 'design');
#9297 = SHAPE_DEFINITION_REPRESENTATION(#9288, #9287);
#9298 = CONSTRUCTIVE_GEOMETRY_REPRESENTATION('supplemental geometry', (#9166, #9170, #9174, #9178, #9182, #9186, #9190, #9194, #9198, #9202, #9206, #9210, #9214, #9218, #9222, #9226, #9230, #9234, #9238, #9242, #9246, #9250, #9254, #9258, #9262, #9266, #9270, #9274, #9278), #9282);
#9299 = CONSTRUCTIVE_GEOMETRY_REPRESENTATION_RELATIONSHIP('', '', #9287, #9298);
#9300 = SHAPE_REPRESENTATION_RELATIONSHIP('', '', #9287, #9301);
#9301 = ADVANCED_BREP_SHAPE_REPRESENTATION('', (#1), #9282);
#9302 = AXIS2_PLACEMENT_3D('', #9303, #9304, #9305);
#9303 = CARTESIAN_POINT('', (0., 0., 0.));
#9304 = DIRECTION('', (0., 0., 1.));
#9305 = DIRECTION('', (1., 0., 0.));
ENDSEC;
END-ISO-10303-21;
