[0;32m[2026-09-16 13:49:15.382][INFO] STARTING CLASSCAD...
[0m[0;32m[2026-09-16 13:49:15.382][INFO] Current working directory  : /Users/dev/dev/awv/classcad
[0m[0;32m[2026-09-16 13:49:15.382][INFO] Config file: /Users/dev/dev/awv/classcad/.classcad.ini
[0m[0;32m[2026-09-16 13:49:15.382][INFO] Config file: /Users/dev/dev/awv/classcad/.classcad.ini
[0m[0;32m[2026-09-16 13:49:15.382][INFO] Config file: /Users/dev/dev/awv/classcad/.classcad.user.ini
[0m[0;32m[2026-09-16 13:49:15.382][INFO] Config file: /Users/dev/dev/awv/classcad-ai/workspace/training/2026-09-16_12-50-53_pvs-cavity-boolean/worker.ini
[0m[0;32m[2026-09-16 13:49:15.382][INFO] Ensure CompressionService is loaded
[0m[0;32m[2026-09-16 13:49:15.382][INFO] Ensure JWTService is loaded
[0m[0;32m[2026-09-16 13:49:15.382][INFO] Run the command 'worker'
[0m[0;32m[2026-09-16 13:49:15.382][INFO] Current working directory  : /Users/dev/dev/awv/classcad
[0m[0;32m[2026-09-16 13:49:15.382][INFO] Executable | file name     : classcad-cli
[0m[0;32m[2026-09-16 13:49:15.382][INFO] Executable | file path     : /Users/dev/dev/awv/classcad/runtime/output/arm64-osx-clang/release/classcad-cli
[0m[0;32m[2026-09-16 13:49:15.382][INFO] Executable | directory     : /Users/dev/dev/awv/classcad/runtime/output/arm64-osx-clang/release
[0m[0;32m[2026-09-16 13:49:15.382][INFO] Config | verbose file name : /Users/dev/dev/awv/classcad-ai/workspace/training/2026-09-16_12-50-53_pvs-cavity-boolean/files/worker.log
[0m[0;32m[2026-09-16 13:49:15.382][INFO] Config | verbose level     : 16583
[0m[0;32m[2026-09-16 13:49:15.382][INFO] Config | log level         : debug
[0m[0;32m[2026-09-16 13:49:15.382][INFO] Config | data path         : ./data
[0m[0;32m[2026-09-16 13:49:15.382][INFO] Config | class path        : 
[0m[0;32m[2026-09-16 13:49:15.382][INFO] Config | classes system    : ./cclasses/Source;System;Common.*;BaseModeling.*;CAD;Sheet;
[0m[0;32m[2026-09-16 13:49:15.382][INFO] Config | classes user      : ./cclasses/Source/Tests;*;
[0m[0;32m[2026-09-16 13:49:15.382][INFO] Config | classes user      : ./standalone/t3d/Source;T3D.*;T3DSolidEditor.*;T3DSolidEditor;T3DTesting;GTC.*;ISO_Tool.*;ISOChecker.*;
[0m[0;32m[2026-09-16 13:49:15.382][INFO] Config | classes user      : ./cclasses/Source/FeatureModeler;*;
[0m[0;32m[2026-09-16 13:49:15.422][VERB] libSMLibService.dylib is loaded
[0m[0;32m[2026-09-16 13:49:15.423][VERB] libSMLibExpressService.dylib is loaded
[0m[0;32m[2026-09-16 13:49:15.424][VERB] libBrepSimplificationService.dylib is loaded
[0m[0;32m[2026-09-16 13:49:15.426][VERB] libECXMLService.dylib is loaded
[0m[0;32m[2026-09-16 13:49:15.426][VERB] libJWTService.dylib is loaded
[0m[0;32m[2026-09-16 13:49:15.426][VERB] libGenericService.dylib is loaded
[0m[0;32m[2026-09-16 13:49:15.427][VERB] libLGSService.dylib is loaded
[0m[0;32m[2026-09-16 13:49:15.429][VERB] libLGS3DService.dylib is loaded
[0m[0;32m[2026-09-16 13:49:15.431][VERB] libIDEConnectionService.dylib is loaded
[0m[2026-09-16 13:49:15] [info] asio listen error: system:48 (Address already in use)[0;32m[2026-09-16 13:49:15.431][VERB] libRapidXmlService.dylib is loaded
[0m
[0;32m[2026-09-16 13:49:15.431][VERB] libNetworkService.dylib is loaded
[0m[0;32m[2026-09-16 13:49:15.432][VERB] libTestService.dylib is loaded
[0m[0;31m[2026-09-16 13:49:15.433][ERROR] The Service-DLL DxfService could not be loaded.
ErrorCode: dlopen(DxfServiced.dylib, 0x0001): tried: 'DxfServiced.dylib' (no such file), '/System/Volumes/Preboot/Cryptexes/OSDxfServiced.dylib' (no such file), '/Users/dev/dev/awv/classcad/runtime/output/arm64-osx-clang/release/DxfServiced.dylib' (no such file), '/Users/dev/dev/awv/classcad/runtime/output/arm64-osx-clang/release/DxfServiced.dylib' (no such file), '/usr/lib/DxfServiced.dylib' (no such file, not in dyld cache), 'DxfServiced.dylib' (no such file)
The service functions of this DLL are therefore not available.
[0m[0;32m[2026-09-16 13:49:15.433][VERB] libCryptoRtService.dylib is loaded
[0m[0;31m[2026-09-16 13:49:15.434][ERROR] The Service-DLL CryptoDevService could not be loaded.
ErrorCode: dlopen(CryptoDevServiced.dylib, 0x0001): tried: 'CryptoDevServiced.dylib' (no such file), '/System/Volumes/Preboot/Cryptexes/OSCryptoDevServiced.dylib' (no such file), '/Users/dev/dev/awv/classcad/runtime/output/arm64-osx-clang/release/CryptoDevServiced.dylib' (no such file), '/Users/dev/dev/awv/classcad/runtime/output/arm64-osx-clang/release/CryptoDevServiced.dylib' (no such file), '/usr/lib/CryptoDevServiced.dylib' (no such file, not in dyld cache), 'CryptoDevServiced.dylib' (no such file)
The service functions of this DLL are therefore not available.
[0m[0;33m[2026-09-16 13:49:15.445][WARN] Path does not exist '/Users/dev/dev/awv/classcad/standalone/t3d/Source'. It is defined for class path 't3d'.
[0m[0;32m[2026-09-16 13:49:15.446][INFO] Load classes for 'system' from '/Users/dev/dev/awv/classcad/cclasses/Source'
[0m[0;32m[2026-09-16 13:49:15.571][INFO] Load classes for 'tests' from '/Users/dev/dev/awv/classcad/cclasses/Source/Tests'
[0m[0;32m[2026-09-16 13:49:15.654][INFO] Load classes for 't3d' from '/Users/dev/dev/awv/classcad/standalone/t3d/Source'
[0m[0;33m[2026-09-16 13:49:15.654][WARN] Tried to load from invalid class path 't3d'
[0m[0;32m[2026-09-16 13:49:15.654][INFO] Load classes for 'fm' from '/Users/dev/dev/awv/classcad/cclasses/Source/FeatureModeler'
[0m[0;32m[2026-09-16 13:49:15.668][VERB] 0x7ca8e61500 Create Zeichnung
[0m[0;32m[2026-09-16 13:49:15.668][VERB] 0x7ca8e61500 SetZeichnung
[0m[0;32m[2026-09-16 13:49:15.669][VERB] Grundklasse::InitApplication was successful.
[0m[0;32m[2026-09-16 13:49:15.669][VERB] [info] Initializing BaseModelerApp
[0m[0;32m[2026-09-16 13:49:15.669][VERB] Change application string/text encoding to UTF-8
[0m[0;32m[2026-09-16 13:49:15.669][VERB] [info] Developer mode is active
[0m[0;32m[2026-09-16 13:49:15.669][VERB] [info] Initializing BuerliDemoApp
[0m[0;32m[2026-09-16 13:49:15.669][VERB] API v0/common already registered!
[0m[0;32m[2026-09-16 13:49:15.670][VERB] API v0/basemodeler already registered!
[0m[0;32m[2026-09-16 13:49:15.670][VERB] Registered API's:
[0m[0;32m[2026-09-16 13:49:15.670][VERB]   v0
[0m[0;32m[2026-09-16 13:49:15.670][VERB]     assemblybuilder
[0m[0;32m[2026-09-16 13:49:15.670][VERB]     basemodeler
[0m[0;32m[2026-09-16 13:49:15.670][VERB]     common
[0m[0;32m[2026-09-16 13:49:15.670][VERB]     developer
[0m[0;32m[2026-09-16 13:49:15.670][VERB]     drawing2d
[0m[0;32m[2026-09-16 13:49:15.670][VERB]     feature
[0m[0;32m[2026-09-16 13:49:15.670][VERB]     geometry
[0m[0;32m[2026-09-16 13:49:15.670][VERB]     geometryformatconverter
[0m[0;32m[2026-09-16 13:49:15.670][VERB]     network
[0m[0;32m[2026-09-16 13:49:15.670][VERB]     sketcher
[0m[0;32m[2026-09-16 13:49:15.670][VERB]     solid
[0m[0;32m[2026-09-16 13:49:15.670][VERB]     tooling
[0m[0;32m[2026-09-16 13:49:15.670][VERB]   v1
[0m[0;32m[2026-09-16 13:49:15.671][VERB]     assembly
[0m[0;32m[2026-09-16 13:49:15.671][VERB]     brep
[0m[0;32m[2026-09-16 13:49:15.671][VERB]     common
[0m[0;32m[2026-09-16 13:49:15.671][VERB]     curve
[0m[0;32m[2026-09-16 13:49:15.671][VERB]     drawing2d
[0m[0;32m[2026-09-16 13:49:15.671][VERB]     part
[0m[0;32m[2026-09-16 13:49:15.671][VERB]     script
[0m[0;32m[2026-09-16 13:49:15.671][VERB]     sketch
[0m[0;32m[2026-09-16 13:49:15.671][VERB]     solid
[0m[0;32m[2026-09-16 13:49:15.671][VERB]     utils
[0m[0;32m[2026-09-16 13:49:15.671][VERB] 0x7ca8e61980 Create Zeichnung
[0m[0;32m[2026-09-16 13:49:15.671][VERB] 0x7ca8e61980 SetZeichnung
[0m[0;32m[2026-09-16 13:49:15.671][INFO] WorkerCommandCompletion: 824 completion candidates built
[0m[0;32m[2026-09-16 13:49:15.671][INFO] Server start listen on 0.0.0.0:19094 for http and ws connections
[0m[0;32m[2026-09-16 13:49:15.671][INFO] Server start listen on 0.0.0.0:19095 for https and wss connections
[0m[0;32m[2026-09-16 13:49:16.673][INFO] Worker is ready
[0m

[0;32m[2026-09-16 13:49:18.471][INFO] GET /
[0m[0;32m[2026-09-16 13:49:18.471][VERB] 0x7ca8e61080 Create Zeichnung
[0m[0;32m[2026-09-16 13:49:18.471][INFO] WS handleNewConnection: created main session="87b8d5f6-c69c-4b56-910c-347c440ec742"
[0m[0;32m[2026-09-16 13:49:18.473][INFO] GET /
[0m[0;32m[2026-09-16 13:49:18.473][VERB] 0x7ca8e61680 Create Zeichnung
[0m[0;32m[2026-09-16 13:49:18.473][INFO] WS handleNewConnection: created main session="205ff02f-88ca-4603-b3d1-a7a9a8b59b97"
[0m[0;32m[2026-09-16 13:49:18.479][VERB] 0x7ca8e61680 SetZeichnung
[0m[0;32m[2026-09-16 13:49:18.479][VERB] COMMANDCALL: _C.SafeAPI.Execute(["v1.part.create",[{"name":"Base"}]])
[0m[0;32m[2026-09-16 13:49:18.493][VERB] RETURN: {"result":"$4"}
[0m[0;32m[2026-09-16 13:49:18.520][VERB] COMMANDCALL: _C.SafeAPI.Execute(["v1.part.expression",[{"toCreate":[{"value":22,"name":"display_1"},{"value":11,"name":"eye_offset_y"},{"value":8,"name":"eye_offset_z"},{"value":11,"name":"diopter_width"},{"value":1.6,"name":"hub_2"},{"value":2.54,"name":"perf_pitch"},{"value":4.22,"name":"perf ...
[0m[0;32m[2026-09-16 13:49:18.676][VERB] RETURN: {"result":1}
[0m[0;32m[2026-09-16 13:49:18.677][VERB] COMMANDCALL: _C.SafeAPI.Execute(["v1.part.getWorkGeometry",[{"name":"XAxis","id":4}]])
[0m[0;32m[2026-09-16 13:49:18.677][VERB] RETURN: {"result":"$26"}
[0m[0;32m[2026-09-16 13:49:18.678][VERB] COMMANDCALL: _C.SafeAPI.Execute(["v1.part.getWorkGeometry",[{"name":"YAxis","id":4}]])
[0m[0;32m[2026-09-16 13:49:18.678][VERB] RETURN: {"result":"$30"}
[0m[0;32m[2026-09-16 13:49:18.678][VERB] COMMANDCALL: _C.SafeAPI.Execute(["v1.part.getWorkGeometry",[{"name":"ZAxis","id":4}]])
[0m[0;32m[2026-09-16 13:49:18.678][VERB] RETURN: {"result":"$34"}
[0m[0;32m[2026-09-16 13:49:18.679][VERB] COMMANDCALL: _C.SafeAPI.Execute(["v1.part.getWorkGeometry",[{"name":"Top","id":4}]])
[0m[0;32m[2026-09-16 13:49:18.679][VERB] RETURN: {"result":"$38"}
[0m[0;32m[2026-09-16 13:49:18.679][VERB] COMMANDCALL: _C.SafeAPI.Execute(["v1.part.getWorkGeometry",[{"name":"Front","id":4}]])
[0m[0;32m[2026-09-16 13:49:18.679][VERB] RETURN: {"result":"$42"}
[0m[0;32m[2026-09-16 13:49:18.679][VERB] COMMANDCALL: _C.SafeAPI.Execute(["v1.part.getWorkGeometry",[{"name":"Right","id":4}]])
[0m[0;32m[2026-09-16 13:49:18.680][VERB] RETURN: {"result":"$46"}
[0m[0;32m[2026-09-16 13:49:18.681][VERB] COMMANDCALL: _C.SafeAPI.Execute(["v1.part.workPlane",[{"type":"PLANE","references":[38],"name":"F65_makeBox_cad_primitives_py_8_plane","offset":"@expr.d66_plane_offset","id":4}]])
[0m[0;32m[2026-09-16 13:49:18.686][VERB] RETURN: {"result":"$56"}
[0m[0;32m[2026-09-16 13:49:18.686][VERB] COMMANDCALL: _C.SafeAPI.Execute(["v1.sketch.create",[{"planeId":56,"name":"F65_makeBox_cad_primitives_py_8_profile","id":4}]])
[0m[0;32m[2026-09-16 13:49:18.689][VERB] RETURN: {"result":"$62"}
[0m[0;32m[2026-09-16 13:49:18.689][VERB] COMMANDCALL: _C.SafeAPI.Execute(["v1.sketch.rectangle",[{"startPos":[1.4,-1.3,0],"id":62,"genFixation":0,"endPos":[52.4,27.3,0]}]])
[0m[0;32m[2026-09-16 13:49:18.698][VERB] RETURN: {"result":["$68","$72","$78","$84"]}
[0m[0;32m[2026-09-16 13:49:18.698][VERB] COMMANDCALL: _C.SafeAPI.Execute(["v1.sketch.getPoints",[{"id":68}]])
[0m[0;32m[2026-09-16 13:49:18.699][VERB] RETURN: {"result":{"endId":"$70","startId":"$69"}}
[0m[0;32m[2026-09-16 13:49:18.699][VERB] COMMANDCALL: _C.SafeAPI.Execute(["v1.sketch.point",[{"pos":[-1000,-1000,0],"id":62}]])
[0m[0;32m[2026-09-16 13:49:18.701][VERB] RETURN: {"result":"$100"}
[0m[0;32m[2026-09-16 13:49:18.702][VERB] COMMANDCALL: _C.SafeAPI.Execute(["v1.sketch.constraint",[{"type":"FIXATION","id":62,"geomIds":[100]}]])
[0m[0;32m[2026-09-16 13:49:18.704][VERB] RETURN: {"result":"$102"}
[0m[0;32m[2026-09-16 13:49:18.705][VERB] COMMANDCALL: _C.SafeAPI.Execute(["v1.sketch.dimension",[{"type":"HORIZONTAL_DISTANCE","value":"@expr.d67_position_x","name":"position_x","id":62,"geomIds":[100,69]}]])
[0m[0;32m[2026-09-16 13:49:18.714][VERB] RETURN: {"result":"$106"}
[0m[0;32m[2026-09-16 13:49:18.715][VERB] COMMANDCALL: _C.SafeAPI.Execute(["v1.sketch.dimension",[{"type":"VERTICAL_DISTANCE","value":"@expr.d68_position_y","name":"position_y","id":62,"geomIds":[100,69]}]])
[0m[0;32m[2026-09-16 13:49:18.722][VERB] RETURN: {"result":"$110"}
[0m[0;32m[2026-09-16 13:49:18.722][VERB] COMMANDCALL: _C.SafeAPI.Execute(["v1.sketch.dimension",[{"type":"OFFSET","value":"@expr.d69_width","name":"width","id":62,"geomIds":[68]}]])
[0m[0;32m[2026-09-16 13:49:18.730][VERB] RETURN: {"result":"$114"}
[0m[0;32m[2026-09-16 13:49:18.730][VERB] COMMANDCALL: _C.SafeAPI.Execute(["v1.sketch.dimension",[{"type":"OFFSET","value":"@expr.d70_depth","name":"depth","id":62,"geomIds":[72]}]])
[0m[0;32m[2026-09-16 13:49:18.739][VERB] RETURN: {"result":"$118"}
[0m[0;32m[2026-09-16 13:49:18.740][VERB] COMMANDCALL: _C.SafeAPI.Execute(["v1.part.extrusion",[{"references":[68,72,78,84],"name":"F65_makeBox_cad_primitives_py_8","taperAngle":0,"limit2":"@expr.d71_height","id":4}]])
[0m[0;32m[2026-09-16 13:49:18.747][VERB] RETURN: {"result":"$122"}
[0m[0;32m[2026-09-16 13:49:18.748][VERB] COMMANDCALL: _C.SafeAPI.Execute(["v1.part.workPlane",[{"type":"PLANE","references":[38],"name":"F72_makeBox_cad_primitives_py_8_plane","offset":"@expr.d73_plane_offset","id":4}]])
[0m[0;32m[2026-09-16 13:49:18.751][VERB] RETURN: {"result":"$165"}
[0m[0;32m[2026-09-16 13:49:18.752][VERB] COMMANDCALL: _C.SafeAPI.Execute(["v1.sketch.create",[{"planeId":165,"name":"F72_makeBox_cad_primitives_py_8_profile","id":4}]])
[0m[0;32m[2026-09-16 13:49:18.754][VERB] RETURN: {"result":"$171"}
[0m[0;32m[2026-09-16 13:49:18.754][VERB] COMMANDCALL: _C.SafeAPI.Execute(["v1.sketch.rectangle",[{"startPos":[-1.3,1.4,0],"id":171,"genFixation":0,"endPos":[55.1,24.6,0]}]])
[0m[0;32m[2026-09-16 13:49:18.761][VERB] RETURN: {"result":["$177","$181","$187","$193"]}
[0m[0;32m[2026-09-16 13:49:18.761][VERB] COMMANDCALL: _C.SafeAPI.Execute(["v1.sketch.getPoints",[{"id":177}]])
[0m[0;32m[2026-09-16 13:49:18.762][VERB] RETURN: {"result":{"endId":"$179","startId":"$178"}}
[0m[0;32m[2026-09-16 13:49:18.762][VERB] COMMANDCALL: _C.SafeAPI.Execute(["v1.sketch.point",[{"pos":[-1000,-1000,0],"id":171}]])
[0m[0;32m[2026-09-16 13:49:18.764][VERB] RETURN: {"result":"$209"}
[0m[0;32m[2026-09-16 13:49:18.764][VERB] COMMANDCALL: _C.SafeAPI.Execute(["v1.sketch.constraint",[{"type":"FIXATION","id":171,"geomIds":[209]}]])
[0m[0;32m[2026-09-16 13:49:18.765][VERB] RETURN: {"result":"$211"}
[0m[0;32m[2026-09-16 13:49:18.766][VERB] COMMANDCALL: _C.SafeAPI.Execute(["v1.sketch.dimension",[{"type":"HORIZONTAL_DISTANCE","value":"@expr.d74_position_x","name":"position_x","id":171,"geomIds":[209,178]}]])
[0m[0;32m[2026-09-16 13:49:18.772][VERB] RETURN: {"result":"$215"}
[0m[0;32m[2026-09-16 13:49:18.772][VERB] COMMANDCALL: _C.SafeAPI.Execute(["v1.sketch.dimension",[{"type":"VERTICAL_DISTANCE","value":"@expr.d75_position_y","name":"position_y","id":171,"geomIds":[209,178]}]])
[0m[0;32m[2026-09-16 13:49:18.778][VERB] RETURN: {"result":"$219"}
[0m[0;32m[2026-09-16 13:49:18.779][VERB] COMMANDCALL: _C.SafeAPI.Execute(["v1.sketch.dimension",[{"type":"OFFSET","value":"@expr.d76_width","name":"width","id":171,"geomIds":[177]}]])
[0m[0;32m[2026-09-16 13:49:18.786][VERB] RETURN: {"result":"$223"}
[0m[0;32m[2026-09-16 13:49:18.787][VERB] COMMANDCALL: _C.SafeAPI.Execute(["v1.sketch.dimension",[{"type":"OFFSET","value":"@expr.d77_depth","name":"depth","id":171,"geomIds":[181]}]])
[0m[0;32m[2026-09-16 13:49:18.794][VERB] RETURN: {"result":"$227"}
[0m[0;32m[2026-09-16 13:49:18.795][VERB] COMMANDCALL: _C.SafeAPI.Execute(["v1.part.extrusion",[{"references":[177,181,187,193],"name":"F72_makeBox_cad_primitives_py_8","taperAngle":0,"limit2":"@expr.d78_height","id":4}]])
[0m[0;32m[2026-09-16 13:49:18.799][VERB] RETURN: {"result":"$231"}
[0m[0;32m[2026-09-16 13:49:18.800][VERB] COMMANDCALL: _C.SafeAPI.Execute(["v1.part.workPlane",[{"type":"PLANE","references":[38],"name":"F79_makeCylinder_cad_primitives_py_12_plane","offset":"@expr.d80_plane_offset","id":4}]])
[0m[0;32m[2026-09-16 13:49:18.803][VERB] RETURN: {"result":"$274"}
[0m[0;32m[2026-09-16 13:49:18.804][VERB] COMMANDCALL: _C.SafeAPI.Execute(["v1.sketch.create",[{"planeId":274,"name":"F79_makeCylinder_cad_primitives_py_12_profile","id":4}]])
[0m[0;32m[2026-09-16 13:49:18.806][VERB] RETURN: {"result":"$280"}
[0m[0;32m[2026-09-16 13:49:18.806][VERB] COMMANDCALL: _C.SafeAPI.Execute(["v1.sketch.circle",[{"radius":2.7,"id":280,"genFixation":0,"centerPos":[1.4,1.4,0]}]])
[0m[0;32m[2026-09-16 13:49:18.808][VERB] RETURN: {"result":"$286"}
[0m[0;32m[2026-09-16 13:49:18.808][VERB] COMMANDCALL: _C.SafeAPI.Execute(["v1.sketch.getPoints",[{"id":286}]])
[0m[0;32m[2026-09-16 13:49:18.808][VERB] RETURN: {"result":{"centerId":"$287"}}
[0m[0;32m[2026-09-16 13:49:18.808][VERB] COMMANDCALL: _C.SafeAPI.Execute(["v1.sketch.point",[{"pos":[-1000,-1000,0],"id":280}]])
[0m[0;32m[2026-09-16 13:49:18.809][VERB] RETURN: {"result":"$289"}
[0m[0;32m[2026-09-16 13:49:18.809][VERB] COMMANDCALL: _C.SafeAPI.Execute(["v1.sketch.constraint",[{"type":"FIXATION","id":280,"geomIds":[289]}]])
[0m[0;32m[2026-09-16 13:49:18.810][VERB] RETURN: {"result":"$291"}
[0m[0;32m[2026-09-16 13:49:18.811][VERB] COMMANDCALL: _C.SafeAPI.Execute(["v1.sketch.dimension",[{"type":"HORIZONTAL_DISTANCE","value":"@expr.d81_position_x","name":"position_x","id":280,"geomIds":[289,287]}]])
[0m[0;32m[2026-09-16 13:49:18.815][VERB] RETURN: {"result":"$295"}
[0m[0;32m[2026-09-16 13:49:18.815][VERB] COMMANDCALL: _C.SafeAPI.Execute(["v1.sketch.dimension",[{"type":"VERTICAL_DISTANCE","value":"@expr.d82_position_y","name":"position_y","id":280,"geomIds":[289,287]}]])
[0m[0;32m[2026-09-16 13:49:18.820][VERB] RETURN: {"result":"$299"}
[0m[0;32m[2026-09-16 13:49:18.820][VERB] COMMANDCALL: _C.SafeAPI.Execute(["v1.sketch.dimension",[{"type":"RADIUS","value":"@expr.d83_radius","name":"radius","id":280,"geomIds":[286]}]])
[0m[0;32m[2026-09-16 13:49:18.826][VERB] RETURN: {"result":"$303"}
[0m[0;32m[2026-09-16 13:49:18.826][VERB] COMMANDCALL: _C.SafeAPI.Execute(["v1.part.extrusion",[{"references":[286],"name":"F79_makeCylinder_cad_primitives_py_12","taperAngle":0,"limit2":"@expr.d84_height","id":4}]])
[0m[0;32m[2026-09-16 13:49:18.832][VERB] RETURN: {"result":"$307"}
[0m[0;32m[2026-09-16 13:49:18.832][VERB] COMMANDCALL: _C.SafeAPI.Execute(["v1.part.workPlane",[{"type":"PLANE","references":[38],"name":"F85_makeCylinder_cad_primitives_py_12_plane","offset":"@expr.d86_plane_offset","id":4}]])
[0m[0;32m[2026-09-16 13:49:18.835][VERB] RETURN: {"result":"$329"}
[0m[0;32m[2026-09-16 13:49:18.836][VERB] COMMANDCALL: _C.SafeAPI.Execute(["v1.sketch.create",[{"planeId":329,"name":"F85_makeCylinder_cad_primitives_py_12_profile","id":4}]])
[0m[0;32m[2026-09-16 13:49:18.838][VERB] RETURN: {"result":"$335"}
[0m[0;32m[2026-09-16 13:49:18.838][VERB] COMMANDCALL: _C.SafeAPI.Execute(["v1.sketch.circle",[{"radius":2.7,"id":335,"genFixation":0,"centerPos":[1.4,24.6,0]}]])
[0m[0;32m[2026-09-16 13:49:18.839][VERB] RETURN: {"result":"$341"}
[0m[0;32m[2026-09-16 13:49:18.839][VERB] COMMANDCALL: _C.SafeAPI.Execute(["v1.sketch.getPoints",[{"id":341}]])
[0m[0;32m[2026-09-16 13:49:18.840][VERB] RETURN: {"result":{"centerId":"$342"}}
[0m[0;32m[2026-09-16 13:49:18.840][VERB] COMMANDCALL: _C.SafeAPI.Execute(["v1.sketch.point",[{"pos":[-1000,-1000,0],"id":335}]])
[0m[0;32m[2026-09-16 13:49:18.841][VERB] RETURN: {"result":"$344"}
[0m[0;32m[2026-09-16 13:49:18.841][VERB] COMMANDCALL: _C.SafeAPI.Execute(["v1.sketch.constraint",[{"type":"FIXATION","id":335,"geomIds":[344]}]])
[0m[0;32m[2026-09-16 13:49:18.842][VERB] RETURN: {"result":"$346"}
[0m[0;32m[2026-09-16 13:49:18.842][VERB] COMMANDCALL: _C.SafeAPI.Execute(["v1.sketch.dimension",[{"type":"HORIZONTAL_DISTANCE","value":"@expr.d87_position_x","name":"position_x","id":335,"geomIds":[344,342]}]])
[0m[0;32m[2026-09-16 13:49:18.847][VERB] RETURN: {"result":"$350"}
[0m[0;32m[2026-09-16 13:49:18.847][VERB] COMMANDCALL: _C.SafeAPI.Execute(["v1.sketch.dimension",[{"type":"VERTICAL_DISTANCE","value":"@expr.d88_position_y","name":"position_y","id":335,"geomIds":[344,342]}]])
[0m[0;32m[2026-09-16 13:49:18.852][VERB] RETURN: {"result":"$354"}
[0m[0;32m[2026-09-16 13:49:18.853][VERB] COMMANDCALL: _C.SafeAPI.Execute(["v1.sketch.dimension",[{"type":"RADIUS","value":"@expr.d89_radius","name":"radius","id":335,"geomIds":[341]}]])
[0m[0;32m[2026-09-16 13:49:18.858][VERB] RETURN: {"result":"$358"}
[0m[0;32m[2026-09-16 13:49:18.858][VERB] COMMANDCALL: _C.SafeAPI.Execute(["v1.part.extrusion",[{"references":[341],"name":"F85_makeCylinder_cad_primitives_py_12","taperAngle":0,"limit2":"@expr.d90_height","id":4}]])
[0m[0;32m[2026-09-16 13:49:18.864][VERB] RETURN: {"result":"$362"}
[0m[0;32m[2026-09-16 13:49:18.864][VERB] COMMANDCALL: _C.SafeAPI.Execute(["v1.part.workPlane",[{"type":"PLANE","references":[38],"name":"F91_makeCylinder_cad_primitives_py_12_plane","offset":"@expr.d92_plane_offset","id":4}]])
[0m[0;32m[2026-09-16 13:49:18.868][VERB] RETURN: {"result":"$384"}
[0m[0;32m[2026-09-16 13:49:18.868][VERB] COMMANDCALL: _C.SafeAPI.Execute(["v1.sketch.create",[{"planeId":384,"name":"F91_makeCylinder_cad_primitives_py_12_profile","id":4}]])
[0m[0;32m[2026-09-16 13:49:18.870][VERB] RETURN: {"result":"$390"}
[0m[0;32m[2026-09-16 13:49:18.870][VERB] COMMANDCALL: _C.SafeAPI.Execute(["v1.sketch.circle",[{"radius":2.7,"id":390,"genFixation":0,"centerPos":[52.4,1.4,0]}]])
[0m[0;32m[2026-09-16 13:49:18.872][VERB] RETURN: {"result":"$396"}
[0m[0;32m[2026-09-16 13:49:18.872][VERB] COMMANDCALL: _C.SafeAPI.Execute(["v1.sketch.getPoints",[{"id":396}]])
[0m[0;32m[2026-09-16 13:49:18.873][VERB] RETURN: {"result":{"centerId":"$397"}}
[0m[0;32m[2026-09-16 13:49:18.873][VERB] COMMANDCALL: _C.SafeAPI.Execute(["v1.sketch.point",[{"pos":[-1000,-1000,0],"id":390}]])
[0m[0;32m[2026-09-16 13:49:18.874][VERB] RETURN: {"result":"$399"}
[0m[0;32m[2026-09-16 13:49:18.874][VERB] COMMANDCALL: _C.SafeAPI.Execute(["v1.sketch.constraint",[{"type":"FIXATION","id":390,"geomIds":[399]}]])
[0m[0;32m[2026-09-16 13:49:18.875][VERB] RETURN: {"result":"$401"}
[0m[0;32m[2026-09-16 13:49:18.875][VERB] COMMANDCALL: _C.SafeAPI.Execute(["v1.sketch.dimension",[{"type":"HORIZONTAL_DISTANCE","value":"@expr.d93_position_x","name":"position_x","id":390,"geomIds":[399,397]}]])
[0m[0;32m[2026-09-16 13:49:18.880][VERB] RETURN: {"result":"$405"}
[0m[0;32m[2026-09-16 13:49:18.880][VERB] COMMANDCALL: _C.SafeAPI.Execute(["v1.sketch.dimension",[{"type":"VERTICAL_DISTANCE","value":"@expr.d94_position_y","name":"position_y","id":390,"geomIds":[399,397]}]])
[0m[0;32m[2026-09-16 13:49:18.885][VERB] RETURN: {"result":"$409"}
[0m[0;32m[2026-09-16 13:49:18.886][VERB] COMMANDCALL: _C.SafeAPI.Execute(["v1.sketch.dimension",[{"type":"RADIUS","value":"@expr.d95_radius","name":"radius","id":390,"geomIds":[396]}]])
[0m[0;32m[2026-09-16 13:49:18.892][VERB] RETURN: {"result":"$413"}
[0m[0;32m[2026-09-16 13:49:18.892][VERB] COMMANDCALL: _C.SafeAPI.Execute(["v1.part.extrusion",[{"references":[396],"name":"F91_makeCylinder_cad_primitives_py_12","taperAngle":0,"limit2":"@expr.d96_height","id":4}]])
[0m[0;32m[2026-09-16 13:49:18.897][VERB] RETURN: {"result":"$417"}
[0m[0;32m[2026-09-16 13:49:18.898][VERB] COMMANDCALL: _C.SafeAPI.Execute(["v1.part.workPlane",[{"type":"PLANE","references":[38],"name":"F97_makeCylinder_cad_primitives_py_12_plane","offset":"@expr.d98_plane_offset","id":4}]])
[0m[0;32m[2026-09-16 13:49:18.901][VERB] RETURN: {"result":"$439"}
[0m[0;32m[2026-09-16 13:49:18.902][VERB] COMMANDCALL: _C.SafeAPI.Execute(["v1.sketch.create",[{"planeId":439,"name":"F97_makeCylinder_cad_primitives_py_12_profile","id":4}]])
[0m[0;32m[2026-09-16 13:49:18.904][VERB] RETURN: {"result":"$445"}
[0m[0;32m[2026-09-16 13:49:18.904][VERB] COMMANDCALL: _C.SafeAPI.Execute(["v1.sketch.circle",[{"radius":2.7,"id":445,"genFixation":0,"centerPos":[52.4,24.6,0]}]])
[0m[0;32m[2026-09-16 13:49:18.905][VERB] RETURN: {"result":"$451"}
[0m[0;32m[2026-09-16 13:49:18.905][VERB] COMMANDCALL: _C.SafeAPI.Execute(["v1.sketch.getPoints",[{"id":451}]])
[0m[0;32m[2026-09-16 13:49:18.906][VERB] RETURN: {"result":{"centerId":"$452"}}
[0m[0;32m[2026-09-16 13:49:18.906][VERB] COMMANDCALL: _C.SafeAPI.Execute(["v1.sketch.point",[{"pos":[-1000,-1000,0],"id":445}]])
[0m[0;32m[2026-09-16 13:49:18.907][VERB] RETURN: {"result":"$454"}
[0m[0;32m[2026-09-16 13:49:18.907][VERB] COMMANDCALL: _C.SafeAPI.Execute(["v1.sketch.constraint",[{"type":"FIXATION","id":445,"geomIds":[454]}]])
[0m[0;32m[2026-09-16 13:49:18.908][VERB] RETURN: {"result":"$456"}
[0m[0;32m[2026-09-16 13:49:18.908][VERB] COMMANDCALL: _C.SafeAPI.Execute(["v1.sketch.dimension",[{"type":"HORIZONTAL_DISTANCE","value":"@expr.d99_position_x","name":"position_x","id":445,"geomIds":[454,452]}]])
[0m[0;32m[2026-09-16 13:49:18.913][VERB] RETURN: {"result":"$460"}
[0m[0;32m[2026-09-16 13:49:18.913][VERB] COMMANDCALL: _C.SafeAPI.Execute(["v1.sketch.dimension",[{"type":"VERTICAL_DISTANCE","value":"@expr.d100_position_y","name":"position_y","id":445,"geomIds":[454,452]}]])
[0m[0;32m[2026-09-16 13:49:18.918][VERB] RETURN: {"result":"$464"}
[0m[0;32m[2026-09-16 13:49:18.919][VERB] COMMANDCALL: _C.SafeAPI.Execute(["v1.sketch.dimension",[{"type":"RADIUS","value":"@expr.d101_radius","name":"radius","id":445,"geomIds":[451]}]])
[0m[0;32m[2026-09-16 13:49:18.924][VERB] RETURN: {"result":"$468"}
[0m[0;32m[2026-09-16 13:49:18.924][VERB] COMMANDCALL: _C.SafeAPI.Execute(["v1.part.extrusion",[{"references":[451],"name":"F97_makeCylinder_cad_primitives_py_12","taperAngle":0,"limit2":"@expr.d102_height","id":4}]])
[0m[0;32m[2026-09-16 13:49:18.929][VERB] RETURN: {"result":"$472"}
[0m[0;32m[2026-09-16 13:49:18.930][VERB] COMMANDCALL: _C.SafeAPI.Execute(["v1.part.workPlane",[{"type":"PLANE","references":[38],"name":"F103_makeBox_cad_primitives_py_8_plane","offset":"@expr.d104_plane_offset","id":4}]])
[0m[0;32m[2026-09-16 13:49:18.933][VERB] RETURN: {"result":"$494"}
[0m[0;32m[2026-09-16 13:49:18.933][VERB] COMMANDCALL: _C.SafeAPI.Execute(["v1.sketch.create",[{"planeId":494,"name":"F103_makeBox_cad_primitives_py_8_profile","id":4}]])
[0m[0;32m[2026-09-16 13:49:18.935][VERB] RETURN: {"result":"$500"}
[0m[0;32m[2026-09-16 13:49:18.936][VERB] COMMANDCALL: _C.SafeAPI.Execute(["v1.sketch.rectangle",[{"startPos":[1.4,20.1,0],"id":500,"genFixation":0,"endPos":[56.4,65.9,0]}]])
[0m[0;32m[2026-09-16 13:49:18.942][VERB] RETURN: {"result":["$506","$510","$516","$522"]}
[0m[0;32m[2026-09-16 13:49:18.943][VERB] COMMANDCALL: _C.SafeAPI.Execute(["v1.sketch.getPoints",[{"id":506}]])
[0m[0;32m[2026-09-16 13:49:18.943][VERB] RETURN: {"result":{"endId":"$508","startId":"$507"}}
[0m[0;32m[2026-09-16 13:49:18.943][VERB] COMMANDCALL: _C.SafeAPI.Execute(["v1.sketch.point",[{"pos":[-1000,-1000,0],"id":500}]])
[0m[0;32m[2026-09-16 13:49:18.945][VERB] RETURN: {"result":"$538"}
[0m[0;32m[2026-09-16 13:49:18.945][VERB] COMMANDCALL: _C.SafeAPI.Execute(["v1.sketch.constraint",[{"type":"FIXATION","id":500,"geomIds":[538]}]])
[0m[0;32m[2026-09-16 13:49:18.947][VERB] RETURN: {"result":"$540"}
[0m[0;32m[2026-09-16 13:49:18.947][VERB] COMMANDCALL: _C.SafeAPI.Execute(["v1.sketch.dimension",[{"type":"HORIZONTAL_DISTANCE","value":"@expr.d105_position_x","name":"position_x","id":500,"geomIds":[538,507]}]])
[0m[0;32m[2026-09-16 13:49:18.953][VERB] RETURN: {"result":"$544"}
[0m[0;32m[2026-09-16 13:49:18.953][VERB] COMMANDCALL: _C.SafeAPI.Execute(["v1.sketch.dimension",[{"type":"VERTICAL_DISTANCE","value":"@expr.d106_position_y","name":"position_y","id":500,"geomIds":[538,507]}]])
[0m[0;32m[2026-09-16 13:49:18.959][VERB] RETURN: {"result":"$548"}
[0m[0;32m[2026-09-16 13:49:18.960][VERB] COMMANDCALL: _C.SafeAPI.Execute(["v1.sketch.dimension",[{"type":"OFFSET","value":"@expr.d107_width","name":"width","id":500,"geomIds":[506]}]])
[0m[0;32m[2026-09-16 13:49:18.967][VERB] RETURN: {"result":"$552"}
[0m[0;32m[2026-09-16 13:49:18.967][VERB] COMMANDCALL: _C.SafeAPI.Execute(["v1.sketch.dimension",[{"type":"OFFSET","value":"@expr.d108_depth","name":"depth","id":500,"geomIds":[510]}]])
[0m[0;32m[2026-09-16 13:49:18.975][VERB] RETURN: {"result":"$556"}
[0m[0;32m[2026-09-16 13:49:18.975][VERB] COMMANDCALL: _C.SafeAPI.Execute(["v1.part.extrusion",[{"references":[506,510,516,522],"name":"F103_makeBox_cad_primitives_py_8","taperAngle":0,"limit2":"@expr.d109_height","id":4}]])
[0m[0;32m[2026-09-16 13:49:18.980][VERB] RETURN: {"result":"$560"}
[0m[0;32m[2026-09-16 13:49:18.981][VERB] COMMANDCALL: _C.SafeAPI.Execute(["v1.part.workPlane",[{"type":"PLANE","references":[38],"name":"F110_makeBox_cad_primitives_py_8_plane","offset":"@expr.d111_plane_offset","id":4}]])
[0m[0;32m[2026-09-16 13:49:18.984][VERB] RETURN: {"result":"$603"}
[0m[0;32m[2026-09-16 13:49:18.984][VERB] COMMANDCALL: _C.SafeAPI.Execute(["v1.sketch.create",[{"planeId":603,"name":"F110_makeBox_cad_primitives_py_8_profile","id":4}]])
[0m[0;32m[2026-09-16 13:49:18.987][VERB] RETURN: {"result":"$609"}
[0m[0;32m[2026-09-16 13:49:18.987][VERB] COMMANDCALL: _C.SafeAPI.Execute(["v1.sketch.rectangle",[{"startPos":[-1.3,22.8,0],"id":609,"genFixation":0,"endPos":[59.1,63.2,0]}]])
[0m[0;32m[2026-09-16 13:49:18.994][VERB] RETURN: {"result":["$615","$619","$625","$631"]}
[0m[0;32m[2026-09-16 13:49:18.994][VERB] COMMANDCALL: _C.SafeAPI.Execute(["v1.sketch.getPoints",[{"id":615}]])
[0m[0;32m[2026-09-16 13:49:18.994][VERB] RETURN: {"result":{"endId":"$617","startId":"$616"}}
[0m[0;32m[2026-09-16 13:49:18.994][VERB] COMMANDCALL: _C.SafeAPI.Execute(["v1.sketch.point",[{"pos":[-1000,-1000,0],"id":609}]])
[0m[0;32m[2026-09-16 13:49:18.996][VERB] RETURN: {"result":"$647"}
[0m[0;32m[2026-09-16 13:49:18.996][VERB] COMMANDCALL: _C.SafeAPI.Execute(["v1.sketch.constraint",[{"type":"FIXATION","id":609,"geomIds":[647]}]])
[0m[0;32m[2026-09-16 13:49:18.998][VERB] RETURN: {"result":"$649"}
[0m[0;32m[2026-09-16 13:49:18.998][VERB] COMMANDCALL: _C.SafeAPI.Execute(["v1.sketch.dimension",[{"type":"HORIZONTAL_DISTANCE","value":"@expr.d112_position_x","name":"position_x","id":609,"geomIds":[647,616]}]])
[0m[0;32m[2026-09-16 13:49:19.003][VERB] RETURN: {"result":"$653"}
[0m[0;32m[2026-09-16 13:49:19.003][VERB] COMMANDCALL: _C.SafeAPI.Execute(["v1.sketch.dimension",[{"type":"VERTICAL_DISTANCE","value":"@expr.d113_position_y","name":"position_y","id":609,"geomIds":[647,616]}]])
[0m[0;32m[2026-09-16 13:49:19.009][VERB] RETURN: {"result":"$657"}
[0m[0;32m[2026-09-16 13:49:19.010][VERB] COMMANDCALL: _C.SafeAPI.Execute(["v1.sketch.dimension",[{"type":"OFFSET","value":"@expr.d114_width","name":"width","id":609,"geomIds":[615]}]])
[0m[0;32m[2026-09-16 13:49:19.018][VERB] RETURN: {"result":"$661"}
[0m[0;32m[2026-09-16 13:49:19.018][VERB] COMMANDCALL: _C.SafeAPI.Execute(["v1.sketch.dimension",[{"type":"OFFSET","value":"@expr.d115_depth","name":"depth","id":609,"geomIds":[619]}]])
[0m[0;32m[2026-09-16 13:49:19.027][VERB] RETURN: {"result":"$665"}
[0m[0;32m[2026-09-16 13:49:19.027][VERB] COMMANDCALL: _C.SafeAPI.Execute(["v1.part.extrusion",[{"references":[615,619,625,631],"name":"F110_makeBox_cad_primitives_py_8","taperAngle":0,"limit2":"@expr.d116_height","id":4}]])
[0m[0;32m[2026-09-16 13:49:19.032][VERB] RETURN: {"result":"$669"}
[0m[0;32m[2026-09-16 13:49:19.032][VERB] COMMANDCALL: _C.SafeAPI.Execute(["v1.part.workPlane",[{"type":"PLANE","references":[38],"name":"F117_makeCylinder_cad_primitives_py_12_plane","offset":"@expr.d118_plane_offset","id":4}]])
[0m[0;32m[2026-09-16 13:49:19.036][VERB] RETURN: {"result":"$712"}
[0m[0;32m[2026-09-16 13:49:19.037][VERB] COMMANDCALL: _C.SafeAPI.Execute(["v1.sketch.create",[{"planeId":712,"name":"F117_makeCylinder_cad_primitives_py_12_profile","id":4}]])
[0m[0;32m[2026-09-16 13:49:19.039][VERB] RETURN: {"result":"$718"}
[0m[0;32m[2026-09-16 13:49:19.039][VERB] COMMANDCALL: _C.SafeAPI.Execute(["v1.sketch.circle",[{"radius":2.7,"id":718,"genFixation":0,"centerPos":[1.4,22.8,0]}]])
[0m[0;32m[2026-09-16 13:49:19.040][VERB] RETURN: {"result":"$724"}
[0m[0;32m[2026-09-16 13:49:19.041][VERB] COMMANDCALL: _C.SafeAPI.Execute(["v1.sketch.getPoints",[{"id":724}]])
[0m[0;32m[2026-09-16 13:49:19.041][VERB] RETURN: {"result":{"centerId":"$725"}}
[0m[0;32m[2026-09-16 13:49:19.041][VERB] COMMANDCALL: _C.SafeAPI.Execute(["v1.sketch.point",[{"pos":[-1000,-1000,0],"id":718}]])
[0m[0;32m[2026-09-16 13:49:19.042][VERB] RETURN: {"result":"$727"}
[0m[0;32m[2026-09-16 13:49:19.042][VERB] COMMANDCALL: _C.SafeAPI.Execute(["v1.sketch.constraint",[{"type":"FIXATION","id":718,"geomIds":[727]}]])
[0m[0;32m[2026-09-16 13:49:19.043][VERB] RETURN: {"result":"$729"}
[0m[0;32m[2026-09-16 13:49:19.044][VERB] COMMANDCALL: _C.SafeAPI.Execute(["v1.sketch.dimension",[{"type":"HORIZONTAL_DISTANCE","value":"@expr.d119_position_x","name":"position_x","id":718,"geomIds":[727,725]}]])
[0m[0;32m[2026-09-16 13:49:19.048][VERB] RETURN: {"result":"$733"}
[0m[0;32m[2026-09-16 13:49:19.049][VERB] COMMANDCALL: _C.SafeAPI.Execute(["v1.sketch.dimension",[{"type":"VERTICAL_DISTANCE","value":"@expr.d120_position_y","name":"position_y","id":718,"geomIds":[727,725]}]])
[0m[0;32m[2026-09-16 13:49:19.054][VERB] RETURN: {"result":"$737"}
[0m[0;32m[2026-09-16 13:49:19.054][VERB] COMMANDCALL: _C.SafeAPI.Execute(["v1.sketch.dimension",[{"type":"RADIUS","value":"@expr.d121_radius","name":"radius","id":718,"geomIds":[724]}]])
[0m[0;32m[2026-09-16 13:49:19.060][VERB] RETURN: {"result":"$741"}
[0m[0;32m[2026-09-16 13:49:19.060][VERB] COMMANDCALL: _C.SafeAPI.Execute(["v1.part.extrusion",[{"references":[724],"name":"F117_makeCylinder_cad_primitives_py_12","taperAngle":0,"limit2":"@expr.d122_height","id":4}]])
[0m[0;32m[2026-09-16 13:49:19.066][VERB] RETURN: {"result":"$745"}
[0m[0;32m[2026-09-16 13:49:19.066][VERB] COMMANDCALL: _C.SafeAPI.Execute(["v1.part.workPlane",[{"type":"PLANE","references":[38],"name":"F123_makeCylinder_cad_primitives_py_12_plane","offset":"@expr.d124_plane_offset","id":4}]])
[0m[0;32m[2026-09-16 13:49:19.070][VERB] RETURN: {"result":"$767"}
[0m[0;32m[2026-09-16 13:49:19.071][VERB] COMMANDCALL: _C.SafeAPI.Execute(["v1.sketch.create",[{"planeId":767,"name":"F123_makeCylinder_cad_primitives_py_12_profile","id":4}]])
[0m[0;32m[2026-09-16 13:49:19.073][VERB] RETURN: {"result":"$773"}
[0m[0;32m[2026-09-16 13:49:19.073][VERB] COMMANDCALL: _C.SafeAPI.Execute(["v1.sketch.circle",[{"radius":2.7,"id":773,"genFixation":0,"centerPos":[1.4,63.2,0]}]])
[0m[0;32m[2026-09-16 13:49:19.075][VERB] RETURN: {"result":"$779"}
[0m[0;32m[2026-09-16 13:49:19.075][VERB] COMMANDCALL: _C.SafeAPI.Execute(["v1.sketch.getPoints",[{"id":779}]])
[0m[0;32m[2026-09-16 13:49:19.075][VERB] RETURN: {"result":{"centerId":"$780"}}
[0m[0;32m[2026-09-16 13:49:19.075][VERB] COMMANDCALL: _C.SafeAPI.Execute(["v1.sketch.point",[{"pos":[-1000,-1000,0],"id":773}]])
[0m[0;32m[2026-09-16 13:49:19.076][VERB] RETURN: {"result":"$782"}
[0m[0;32m[2026-09-16 13:49:19.077][VERB] COMMANDCALL: _C.SafeAPI.Execute(["v1.sketch.constraint",[{"type":"FIXATION","id":773,"geomIds":[782]}]])
[0m[0;32m[2026-09-16 13:49:19.078][VERB] RETURN: {"result":"$784"}
[0m[0;32m[2026-09-16 13:49:19.078][VERB] COMMANDCALL: _C.SafeAPI.Execute(["v1.sketch.dimension",[{"type":"HORIZONTAL_DISTANCE","value":"@expr.d125_position_x","name":"position_x","id":773,"geomIds":[782,780]}]])
[0m[0;32m[2026-09-16 13:49:19.083][VERB] RETURN: {"result":"$788"}
[0m[0;32m[2026-09-16 13:49:19.083][VERB] COMMANDCALL: _C.SafeAPI.Execute(["v1.sketch.dimension",[{"type":"VERTICAL_DISTANCE","value":"@expr.d126_position_y","name":"position_y","id":773,"geomIds":[782,780]}]])
[0m[0;32m[2026-09-16 13:49:19.089][VERB] RETURN: {"result":"$792"}
[0m[0;32m[2026-09-16 13:49:19.089][VERB] COMMANDCALL: _C.SafeAPI.Execute(["v1.sketch.dimension",[{"type":"RADIUS","value":"@expr.d127_radius","name":"radius","id":773,"geomIds":[779]}]])
[0m[0;32m[2026-09-16 13:49:19.095][VERB] RETURN: {"result":"$796"}
[0m[0;32m[2026-09-16 13:49:19.095][VERB] COMMANDCALL: _C.SafeAPI.Execute(["v1.part.extrusion",[{"references":[779],"name":"F123_makeCylinder_cad_primitives_py_12","taperAngle":0,"limit2":"@expr.d128_height","id":4}]])
[0m[0;32m[2026-09-16 13:49:19.100][VERB] RETURN: {"result":"$800"}
[0m[0;32m[2026-09-16 13:49:19.101][VERB] COMMANDCALL: _C.SafeAPI.Execute(["v1.part.workPlane",[{"type":"PLANE","references":[38],"name":"F129_makeCylinder_cad_primitives_py_12_plane","offset":"@expr.d130_plane_offset","id":4}]])
[0m[0;32m[2026-09-16 13:49:19.104][VERB] RETURN: {"result":"$822"}
[0m[0;32m[2026-09-16 13:49:19.105][VERB] COMMANDCALL: _C.SafeAPI.Execute(["v1.sketch.create",[{"planeId":822,"name":"F129_makeCylinder_cad_primitives_py_12_profile","id":4}]])
[0m[0;32m[2026-09-16 13:49:19.107][VERB] RETURN: {"result":"$828"}
[0m[0;32m[2026-09-16 13:49:19.107][VERB] COMMANDCALL: _C.SafeAPI.Execute(["v1.sketch.circle",[{"radius":2.7,"id":828,"genFixation":0,"centerPos":[56.4,22.8,0]}]])
[0m[0;32m[2026-09-16 13:49:19.108][VERB] RETURN: {"result":"$834"}
[0m[0;32m[2026-09-16 13:49:19.108][VERB] COMMANDCALL: _C.SafeAPI.Execute(["v1.sketch.getPoints",[{"id":834}]])
[0m[0;32m[2026-09-16 13:49:19.109][VERB] RETURN: {"result":{"centerId":"$835"}}
[0m[0;32m[2026-09-16 13:49:19.109][VERB] COMMANDCALL: _C.SafeAPI.Execute(["v1.sketch.point",[{"pos":[-1000,-1000,0],"id":828}]])
[0m[0;32m[2026-09-16 13:49:19.110][VERB] RETURN: {"result":"$837"}
[0m[0;32m[2026-09-16 13:49:19.110][VERB] COMMANDCALL: _C.SafeAPI.Execute(["v1.sketch.constraint",[{"type":"FIXATION","id":828,"geomIds":[837]}]])
[0m[0;32m[2026-09-16 13:49:19.111][VERB] RETURN: {"result":"$839"}
[0m[0;32m[2026-09-16 13:49:19.111][VERB] COMMANDCALL: _C.SafeAPI.Execute(["v1.sketch.dimension",[{"type":"HORIZONTAL_DISTANCE","value":"@expr.d131_position_x","name":"position_x","id":828,"geomIds":[837,835]}]])
[0m[0;32m[2026-09-16 13:49:19.115][VERB] RETURN: {"result":"$843"}
[0m[0;32m[2026-09-16 13:49:19.116][VERB] COMMANDCALL: _C.SafeAPI.Execute(["v1.sketch.dimension",[{"type":"VERTICAL_DISTANCE","value":"@expr.d132_position_y","name":"position_y","id":828,"geomIds":[837,835]}]])
[0m[0;32m[2026-09-16 13:49:19.121][VERB] RETURN: {"result":"$847"}
[0m[0;32m[2026-09-16 13:49:19.122][VERB] COMMANDCALL: _C.SafeAPI.Execute(["v1.sketch.dimension",[{"type":"RADIUS","value":"@expr.d133_radius","name":"radius","id":828,"geomIds":[834]}]])
[0m[0;32m[2026-09-16 13:49:19.127][VERB] RETURN: {"result":"$851"}
[0m[0;32m[2026-09-16 13:49:19.127][VERB] COMMANDCALL: _C.SafeAPI.Execute(["v1.part.extrusion",[{"references":[834],"name":"F129_makeCylinder_cad_primitives_py_12","taperAngle":0,"limit2":"@expr.d134_height","id":4}]])
[0m[0;32m[2026-09-16 13:49:19.133][VERB] RETURN: {"result":"$855"}
[0m[0;32m[2026-09-16 13:49:19.133][VERB] COMMANDCALL: _C.SafeAPI.Execute(["v1.part.workPlane",[{"type":"PLANE","references":[38],"name":"F135_makeCylinder_cad_primitives_py_12_plane","offset":"@expr.d136_plane_offset","id":4}]])
[0m[0;32m[2026-09-16 13:49:19.137][VERB] RETURN: {"result":"$877"}
[0m[0;32m[2026-09-16 13:49:19.138][VERB] COMMANDCALL: _C.SafeAPI.Execute(["v1.sketch.create",[{"planeId":877,"name":"F135_makeCylinder_cad_primitives_py_12_profile","id":4}]])
[0m[0;32m[2026-09-16 13:49:19.140][VERB] RETURN: {"result":"$883"}
[0m[0;32m[2026-09-16 13:49:19.140][VERB] COMMANDCALL: _C.SafeAPI.Execute(["v1.sketch.circle",[{"radius":2.7,"id":883,"genFixation":0,"centerPos":[56.4,63.2,0]}]])
[0m[0;32m[2026-09-16 13:49:19.141][VERB] RETURN: {"result":"$889"}
[0m[0;32m[2026-09-16 13:49:19.141][VERB] COMMANDCALL: _C.SafeAPI.Execute(["v1.sketch.getPoints",[{"id":889}]])
[0m[0;32m[2026-09-16 13:49:19.142][VERB] RETURN: {"result":{"centerId":"$890"}}
[0m[0;32m[2026-09-16 13:49:19.142][VERB] COMMANDCALL: _C.SafeAPI.Execute(["v1.sketch.point",[{"pos":[-1000,-1000,0],"id":883}]])
[0m[0;32m[2026-09-16 13:49:19.143][VERB] RETURN: {"result":"$892"}
[0m[0;32m[2026-09-16 13:49:19.143][VERB] COMMANDCALL: _C.SafeAPI.Execute(["v1.sketch.constraint",[{"type":"FIXATION","id":883,"geomIds":[892]}]])
[0m[0;32m[2026-09-16 13:49:19.144][VERB] RETURN: {"result":"$894"}
[0m[0;32m[2026-09-16 13:49:19.144][VERB] COMMANDCALL: _C.SafeAPI.Execute(["v1.sketch.dimension",[{"type":"HORIZONTAL_DISTANCE","value":"@expr.d137_position_x","name":"position_x","id":883,"geomIds":[892,890]}]])
[0m[0;32m[2026-09-16 13:49:19.149][VERB] RETURN: {"result":"$898"}
[0m[0;32m[2026-09-16 13:49:19.149][VERB] COMMANDCALL: _C.SafeAPI.Execute(["v1.sketch.dimension",[{"type":"VERTICAL_DISTANCE","value":"@expr.d138_position_y","name":"position_y","id":883,"geomIds":[892,890]}]])
[0m[0;32m[2026-09-16 13:49:19.155][VERB] RETURN: {"result":"$902"}
[0m[0;32m[2026-09-16 13:49:19.155][VERB] COMMANDCALL: _C.SafeAPI.Execute(["v1.sketch.dimension",[{"type":"RADIUS","value":"@expr.d139_radius","name":"radius","id":883,"geomIds":[889]}]])
[0m[0;32m[2026-09-16 13:49:19.160][VERB] RETURN: {"result":"$906"}
[0m[0;32m[2026-09-16 13:49:19.161][VERB] COMMANDCALL: _C.SafeAPI.Execute(["v1.part.extrusion",[{"references":[889],"name":"F135_makeCylinder_cad_primitives_py_12","taperAngle":0,"limit2":"@expr.d140_height","id":4}]])
[0m[0;32m[2026-09-16 13:49:19.166][VERB] RETURN: {"result":"$910"}
[0m[0;32m[2026-09-16 13:49:19.166][VERB] COMMANDCALL: _C.SafeAPI.Execute(["v1.part.workPlane",[{"type":"PLANE","references":[38],"name":"F141_makeBox_cad_primitives_py_8_plane","offset":"@expr.d142_plane_offset","id":4}]])
[0m[0;32m[2026-09-16 13:49:19.170][VERB] RETURN: {"result":"$932"}
[0m[0;32m[2026-09-16 13:49:19.171][VERB] COMMANDCALL: _C.SafeAPI.Execute(["v1.sketch.create",[{"planeId":932,"name":"F141_makeBox_cad_primitives_py_8_profile","id":4}]])
[0m[0;32m[2026-09-16 13:49:19.173][VERB] RETURN: {"result":"$938"}
[0m[0;32m[2026-09-16 13:49:19.173][VERB] COMMANDCALL: _C.SafeAPI.Execute(["v1.sketch.rectangle",[{"startPos":[48.8,-1.3,0],"id":938,"genFixation":0,"endPos":[89.8,40.8,0]}]])
[0m[0;32m[2026-09-16 13:49:19.180][VERB] RETURN: {"result":["$944","$948","$954","$960"]}
[0m[0;32m[2026-09-16 13:49:19.180][VERB] COMMANDCALL: _C.SafeAPI.Execute(["v1.sketch.getPoints",[{"id":944}]])
[0m[0;32m[2026-09-16 13:49:19.180][VERB] RETURN: {"result":{"endId":"$946","startId":"$945"}}
[0m[0;32m[2026-09-16 13:49:19.181][VERB] COMMANDCALL: _C.SafeAPI.Execute(["v1.sketch.point",[{"pos":[-1000,-1000,0],"id":938}]])
[0m[0;32m[2026-09-16 13:49:19.183][VERB] RETURN: {"result":"$976"}
[0m[0;32m[2026-09-16 13:49:19.183][VERB] COMMANDCALL: _C.SafeAPI.Execute(["v1.sketch.constraint",[{"type":"FIXATION","id":938,"geomIds":[976]}]])
[0m[0;32m[2026-09-16 13:49:19.185][VERB] RETURN: {"result":"$978"}
[0m[0;32m[2026-09-16 13:49:19.185][VERB] COMMANDCALL: _C.SafeAPI.Execute(["v1.sketch.dimension",[{"type":"HORIZONTAL_DISTANCE","value":"@expr.d143_position_x","name":"position_x","id":938,"geomIds":[976,945]}]])
[0m[0;32m[2026-09-16 13:49:19.191][VERB] RETURN: {"result":"$982"}
[0m[0;32m[2026-09-16 13:49:19.191][VERB] COMMANDCALL: _C.SafeAPI.Execute(["v1.sketch.dimension",[{"type":"VERTICAL_DISTANCE","value":"@expr.d144_position_y","name":"position_y","id":938,"geomIds":[976,945]}]])
[0m[0;32m[2026-09-16 13:49:19.198][VERB] RETURN: {"result":"$986"}
[0m[0;32m[2026-09-16 13:49:19.198][VERB] COMMANDCALL: _C.SafeAPI.Execute(["v1.sketch.dimension",[{"type":"OFFSET","value":"@expr.d145_width","name":"width","id":938,"geomIds":[944]}]])
[0m[0;32m[2026-09-16 13:49:19.206][VERB] RETURN: {"result":"$990"}
[0m[0;32m[2026-09-16 13:49:19.206][VERB] COMMANDCALL: _C.SafeAPI.Execute(["v1.sketch.dimension",[{"type":"OFFSET","value":"@expr.d146_depth","name":"depth","id":938,"geomIds":[948]}]])
[0m[0;32m[2026-09-16 13:49:19.214][VERB] RETURN: {"result":"$994"}
[0m[0;32m[2026-09-16 13:49:19.215][VERB] COMMANDCALL: _C.SafeAPI.Execute(["v1.part.extrusion",[{"references":[944,948,954,960],"name":"F141_makeBox_cad_primitives_py_8","taperAngle":0,"limit2":"@expr.d147_height","id":4}]])
[0m[0;32m[2026-09-16 13:49:19.220][VERB] RETURN: {"result":"$998"}
[0m[0;32m[2026-09-16 13:49:19.220][VERB] COMMANDCALL: _C.SafeAPI.Execute(["v1.part.workPlane",[{"type":"PLANE","references":[38],"name":"F148_makeBox_cad_primitives_py_8_plane","offset":"@expr.d149_plane_offset","id":4}]])
[0m[0;32m[2026-09-16 13:49:19.224][VERB] RETURN: {"result":"$1041"}
[0m[0;32m[2026-09-16 13:49:19.224][VERB] COMMANDCALL: _C.SafeAPI.Execute(["v1.sketch.create",[{"planeId":1041,"name":"F148_makeBox_cad_primitives_py_8_profile","id":4}]])
[0m[0;32m[2026-09-16 13:49:19.226][VERB] RETURN: {"result":"$1047"}
[0m[0;32m[2026-09-16 13:49:19.226][VERB] COMMANDCALL: _C.SafeAPI.Execute(["v1.sketch.rectangle",[{"startPos":[46.1,1.4,0],"id":1047,"genFixation":0,"endPos":[92.5,38.1,0]}]])
[0m[0;32m[2026-09-16 13:49:19.233][VERB] RETURN: {"result":["$1053","$1057","$1063","$1069"]}
[0m[0;32m[2026-09-16 13:49:19.234][VERB] COMMANDCALL: _C.SafeAPI.Execute(["v1.sketch.getPoints",[{"id":1053}]])
[0m[0;32m[2026-09-16 13:49:19.234][VERB] RETURN: {"result":{"endId":"$1055","startId":"$1054"}}
[0m[0;32m[2026-09-16 13:49:19.234][VERB] COMMANDCALL: _C.SafeAPI.Execute(["v1.sketch.point",[{"pos":[-1000,-1000,0],"id":1047}]])
[0m[0;32m[2026-09-16 13:49:19.236][VERB] RETURN: {"result":"$1085"}
[0m[0;32m[2026-09-16 13:49:19.236][VERB] COMMANDCALL: _C.SafeAPI.Execute(["v1.sketch.constraint",[{"type":"FIXATION","id":1047,"geomIds":[1085]}]])
[0m[0;32m[2026-09-16 13:49:19.238][VERB] RETURN: {"result":"$1087"}
[0m[0;32m[2026-09-16 13:49:19.238][VERB] COMMANDCALL: _C.SafeAPI.Execute(["v1.sketch.dimension",[{"type":"HORIZONTAL_DISTANCE","value":"@expr.d150_position_x","name":"position_x","id":1047,"geomIds":[1085,1054]}]])
[0m[0;32m[2026-09-16 13:49:19.244][VERB] RETURN: {"result":"$1091"}
[0m[0;32m[2026-09-16 13:49:19.244][VERB] COMMANDCALL: _C.SafeAPI.Execute(["v1.sketch.dimension",[{"type":"VERTICAL_DISTANCE","value":"@expr.d151_position_y","name":"position_y","id":1047,"geomIds":[1085,1054]}]])
[0m[0;32m[2026-09-16 13:49:19.251][VERB] RETURN: {"result":"$1095"}
[0m[0;32m[2026-09-16 13:49:19.251][VERB] COMMANDCALL: _C.SafeAPI.Execute(["v1.sketch.dimension",[{"type":"OFFSET","value":"@expr.d152_width","name":"width","id":1047,"geomIds":[1053]}]])
[0m[0;32m[2026-09-16 13:49:19.258][VERB] RETURN: {"result":"$1099"}
[0m[0;32m[2026-09-16 13:49:19.259][VERB] COMMANDCALL: _C.SafeAPI.Execute(["v1.sketch.dimension",[{"type":"OFFSET","value":"@expr.d153_depth","name":"depth","id":1047,"geomIds":[1057]}]])
[0m[0;32m[2026-09-16 13:49:19.267][VERB] RETURN: {"result":"$1103"}
[0m[0;32m[2026-09-16 13:49:19.267][VERB] COMMANDCALL: _C.SafeAPI.Execute(["v1.part.extrusion",[{"references":[1053,1057,1063,1069],"name":"F148_makeBox_cad_primitives_py_8","taperAngle":0,"limit2":"@expr.d154_height","id":4}]])
[0m[0;32m[2026-09-16 13:49:19.272][VERB] RETURN: {"result":"$1107"}
[0m[0;32m[2026-09-16 13:49:19.273][VERB] COMMANDCALL: _C.SafeAPI.Execute(["v1.part.workPlane",[{"type":"PLANE","references":[38],"name":"F155_makeCylinder_cad_primitives_py_12_plane","offset":"@expr.d156_plane_offset","id":4}]])
[0m[0;32m[2026-09-16 13:49:19.277][VERB] RETURN: {"result":"$1150"}
[0m[0;32m[2026-09-16 13:49:19.278][VERB] COMMANDCALL: _C.SafeAPI.Execute(["v1.sketch.create",[{"planeId":1150,"name":"F155_makeCylinder_cad_primitives_py_12_profile","id":4}]])
[0m[0;32m[2026-09-16 13:49:19.280][VERB] RETURN: {"result":"$1156"}
[0m[0;32m[2026-09-16 13:49:19.280][VERB] COMMANDCALL: _C.SafeAPI.Execute(["v1.sketch.circle",[{"radius":2.7,"id":1156,"genFixation":0,"centerPos":[48.8,1.4,0]}]])
[0m[0;32m[2026-09-16 13:49:19.281][VERB] RETURN: {"result":"$1162"}
[0m[0;32m[2026-09-16 13:49:19.282][VERB] COMMANDCALL: _C.SafeAPI.Execute(["v1.sketch.getPoints",[{"id":1162}]])
[0m[0;32m[2026-09-16 13:49:19.282][VERB] RETURN: {"result":{"centerId":"$1163"}}
[0m[0;32m[2026-09-16 13:49:19.282][VERB] COMMANDCALL: _C.SafeAPI.Execute(["v1.sketch.point",[{"pos":[-1000,-1000,0],"id":1156}]])
[0m[0;32m[2026-09-16 13:49:19.283][VERB] RETURN: {"result":"$1165"}
[0m[0;32m[2026-09-16 13:49:19.283][VERB] COMMANDCALL: _C.SafeAPI.Execute(["v1.sketch.constraint",[{"type":"FIXATION","id":1156,"geomIds":[1165]}]])
[0m[0;32m[2026-09-16 13:49:19.284][VERB] RETURN: {"result":"$1167"}
[0m[0;32m[2026-09-16 13:49:19.284][VERB] COMMANDCALL: _C.SafeAPI.Execute(["v1.sketch.dimension",[{"type":"HORIZONTAL_DISTANCE","value":"@expr.d157_position_x","name":"position_x","id":1156,"geomIds":[1165,1163]}]])
[0m[0;32m[2026-09-16 13:49:19.290][VERB] RETURN: {"result":"$1171"}
[0m[0;32m[2026-09-16 13:49:19.290][VERB] COMMANDCALL: _C.SafeAPI.Execute(["v1.sketch.dimension",[{"type":"VERTICAL_DISTANCE","value":"@expr.d158_position_y","name":"position_y","id":1156,"geomIds":[1165,1163]}]])
[0m[0;32m[2026-09-16 13:49:19.295][VERB] RETURN: {"result":"$1175"}
[0m[0;32m[2026-09-16 13:49:19.296][VERB] COMMANDCALL: _C.SafeAPI.Execute(["v1.sketch.dimension",[{"type":"RADIUS","value":"@expr.d159_radius","name":"radius","id":1156,"geomIds":[1162]}]])
[0m[0;32m[2026-09-16 13:49:19.301][VERB] RETURN: {"result":"$1179"}
[0m[0;32m[2026-09-16 13:49:19.302][VERB] COMMANDCALL: _C.SafeAPI.Execute(["v1.part.extrusion",[{"references":[1162],"name":"F155_makeCylinder_cad_primitives_py_12","taperAngle":0,"limit2":"@expr.d160_height","id":4}]])
[0m[0;32m[2026-09-16 13:49:19.307][VERB] RETURN: {"result":"$1183"}
[0m[0;32m[2026-09-16 13:49:19.308][VERB] COMMANDCALL: _C.SafeAPI.Execute(["v1.part.workPlane",[{"type":"PLANE","references":[38],"name":"F161_makeCylinder_cad_primitives_py_12_plane","offset":"@expr.d162_plane_offset","id":4}]])
[0m[0;32m[2026-09-16 13:49:19.311][VERB] RETURN: {"result":"$1205"}
[0m[0;32m[2026-09-16 13:49:19.312][VERB] COMMANDCALL: _C.SafeAPI.Execute(["v1.sketch.create",[{"planeId":1205,"name":"F161_makeCylinder_cad_primitives_py_12_profile","id":4}]])
[0m[0;32m[2026-09-16 13:49:19.314][VERB] RETURN: {"result":"$1211"}
[0m[0;32m[2026-09-16 13:49:19.314][VERB] COMMANDCALL: _C.SafeAPI.Execute(["v1.sketch.circle",[{"radius":2.7,"id":1211,"genFixation":0,"centerPos":[48.8,38.1,0]}]])
[0m[0;32m[2026-09-16 13:49:19.315][VERB] RETURN: {"result":"$1217"}
[0m[0;32m[2026-09-16 13:49:19.315][VERB] COMMANDCALL: _C.SafeAPI.Execute(["v1.sketch.getPoints",[{"id":1217}]])
[0m[0;32m[2026-09-16 13:49:19.316][VERB] RETURN: {"result":{"centerId":"$1218"}}
[0m[0;32m[2026-09-16 13:49:19.316][VERB] COMMANDCALL: _C.SafeAPI.Execute(["v1.sketch.point",[{"pos":[-1000,-1000,0],"id":1211}]])
[0m[0;32m[2026-09-16 13:49:19.317][VERB] RETURN: {"result":"$1220"}
[0m[0;32m[2026-09-16 13:49:19.317][VERB] COMMANDCALL: _C.SafeAPI.Execute(["v1.sketch.constraint",[{"type":"FIXATION","id":1211,"geomIds":[1220]}]])
[0m[0;32m[2026-09-16 13:49:19.318][VERB] RETURN: {"result":"$1222"}
[0m[0;32m[2026-09-16 13:49:19.318][VERB] COMMANDCALL: _C.SafeAPI.Execute(["v1.sketch.dimension",[{"type":"HORIZONTAL_DISTANCE","value":"@expr.d163_position_x","name":"position_x","id":1211,"geomIds":[1220,1218]}]])
[0m[0;32m[2026-09-16 13:49:19.323][VERB] RETURN: {"result":"$1226"}
[0m[0;32m[2026-09-16 13:49:19.323][VERB] COMMANDCALL: _C.SafeAPI.Execute(["v1.sketch.dimension",[{"type":"VERTICAL_DISTANCE","value":"@expr.d164_position_y","name":"position_y","id":1211,"geomIds":[1220,1218]}]])
[0m[0;32m[2026-09-16 13:49:19.329][VERB] RETURN: {"result":"$1230"}
[0m[0;32m[2026-09-16 13:49:19.329][VERB] COMMANDCALL: _C.SafeAPI.Execute(["v1.sketch.dimension",[{"type":"RADIUS","value":"@expr.d165_radius","name":"radius","id":1211,"geomIds":[1217]}]])
[0m[0;32m[2026-09-16 13:49:19.335][VERB] RETURN: {"result":"$1234"}
[0m[0;32m[2026-09-16 13:49:19.336][VERB] COMMANDCALL: _C.SafeAPI.Execute(["v1.part.extrusion",[{"references":[1217],"name":"F161_makeCylinder_cad_primitives_py_12","taperAngle":0,"limit2":"@expr.d166_height","id":4}]])
[0m[0;32m[2026-09-16 13:49:19.341][VERB] RETURN: {"result":"$1238"}
[0m[0;32m[2026-09-16 13:49:19.341][VERB] COMMANDCALL: _C.SafeAPI.Execute(["v1.part.workPlane",[{"type":"PLANE","references":[38],"name":"F167_makeCylinder_cad_primitives_py_12_plane","offset":"@expr.d168_plane_offset","id":4}]])
[0m[0;32m[2026-09-16 13:49:19.345][VERB] RETURN: {"result":"$1260"}
[0m[0;32m[2026-09-16 13:49:19.346][VERB] COMMANDCALL: _C.SafeAPI.Execute(["v1.sketch.create",[{"planeId":1260,"name":"F167_makeCylinder_cad_primitives_py_12_profile","id":4}]])
[0m[0;32m[2026-09-16 13:49:19.348][VERB] RETURN: {"result":"$1266"}
[0m[0;32m[2026-09-16 13:49:19.348][VERB] COMMANDCALL: _C.SafeAPI.Execute(["v1.sketch.circle",[{"radius":2.7,"id":1266,"genFixation":0,"centerPos":[89.8,1.4,0]}]])
[0m[0;32m[2026-09-16 13:49:19.349][VERB] RETURN: {"result":"$1272"}
[0m[0;32m[2026-09-16 13:49:19.349][VERB] COMMANDCALL: _C.SafeAPI.Execute(["v1.sketch.getPoints",[{"id":1272}]])
[0m[0;32m[2026-09-16 13:49:19.350][VERB] RETURN: {"result":{"centerId":"$1273"}}
[0m[0;32m[2026-09-16 13:49:19.350][VERB] COMMANDCALL: _C.SafeAPI.Execute(["v1.sketch.point",[{"pos":[-1000,-1000,0],"id":1266}]])
[0m[0;32m[2026-09-16 13:49:19.352][VERB] RETURN: {"result":"$1275"}
[0m[0;32m[2026-09-16 13:49:19.352][VERB] COMMANDCALL: _C.SafeAPI.Execute(["v1.sketch.constraint",[{"type":"FIXATION","id":1266,"geomIds":[1275]}]])
[0m[0;32m[2026-09-16 13:49:19.353][VERB] RETURN: {"result":"$1277"}
[0m[0;32m[2026-09-16 13:49:19.354][VERB] COMMANDCALL: _C.SafeAPI.Execute(["v1.sketch.dimension",[{"type":"HORIZONTAL_DISTANCE","value":"@expr.d169_position_x","name":"position_x","id":1266,"geomIds":[1275,1273]}]])
[0m[0;32m[2026-09-16 13:49:19.358][VERB] RETURN: {"result":"$1281"}
[0m[0;32m[2026-09-16 13:49:19.359][VERB] COMMANDCALL: _C.SafeAPI.Execute(["v1.sketch.dimension",[{"type":"VERTICAL_DISTANCE","value":"@expr.d170_position_y","name":"position_y","id":1266,"geomIds":[1275,1273]}]])
[0m[0;32m[2026-09-16 13:49:19.364][VERB] RETURN: {"result":"$1285"}
[0m[0;32m[2026-09-16 13:49:19.364][VERB] COMMANDCALL: _C.SafeAPI.Execute(["v1.sketch.dimension",[{"type":"RADIUS","value":"@expr.d171_radius","name":"radius","id":1266,"geomIds":[1272]}]])
[0m[0;32m[2026-09-16 13:49:19.370][VERB] RETURN: {"result":"$1289"}
[0m[0;32m[2026-09-16 13:49:19.370][VERB] COMMANDCALL: _C.SafeAPI.Execute(["v1.part.extrusion",[{"references":[1272],"name":"F167_makeCylinder_cad_primitives_py_12","taperAngle":0,"limit2":"@expr.d172_height","id":4}]])
[0m[0;32m[2026-09-16 13:49:19.376][VERB] RETURN: {"result":"$1293"}
[0m[0;32m[2026-09-16 13:49:19.376][VERB] COMMANDCALL: _C.SafeAPI.Execute(["v1.part.workPlane",[{"type":"PLANE","references":[38],"name":"F173_makeCylinder_cad_primitives_py_12_plane","offset":"@expr.d174_plane_offset","id":4}]])
[0m[0;32m[2026-09-16 13:49:19.380][VERB] RETURN: {"result":"$1315"}
[0m[0;32m[2026-09-16 13:49:19.381][VERB] COMMANDCALL: _C.SafeAPI.Execute(["v1.sketch.create",[{"planeId":1315,"name":"F173_makeCylinder_cad_primitives_py_12_profile","id":4}]])
[0m[0;32m[2026-09-16 13:49:19.383][VERB] RETURN: {"result":"$1321"}
[0m[0;32m[2026-09-16 13:49:19.383][VERB] COMMANDCALL: _C.SafeAPI.Execute(["v1.sketch.circle",[{"radius":2.7,"id":1321,"genFixation":0,"centerPos":[89.8,38.1,0]}]])
[0m[0;32m[2026-09-16 13:49:19.384][VERB] RETURN: {"result":"$1327"}
[0m[0;32m[2026-09-16 13:49:19.384][VERB] COMMANDCALL: _C.SafeAPI.Execute(["v1.sketch.getPoints",[{"id":1327}]])
[0m[0;32m[2026-09-16 13:49:19.385][VERB] RETURN: {"result":{"centerId":"$1328"}}
[0m[0;32m[2026-09-16 13:49:19.385][VERB] COMMANDCALL: _C.SafeAPI.Execute(["v1.sketch.point",[{"pos":[-1000,-1000,0],"id":1321}]])
[0m[0;32m[2026-09-16 13:49:19.386][VERB] RETURN: {"result":"$1330"}
[0m[0;32m[2026-09-16 13:49:19.386][VERB] COMMANDCALL: _C.SafeAPI.Execute(["v1.sketch.constraint",[{"type":"FIXATION","id":1321,"geomIds":[1330]}]])
[0m[0;32m[2026-09-16 13:49:19.387][VERB] RETURN: {"result":"$1332"}
[0m[0;32m[2026-09-16 13:49:19.388][VERB] COMMANDCALL: _C.SafeAPI.Execute(["v1.sketch.dimension",[{"type":"HORIZONTAL_DISTANCE","value":"@expr.d175_position_x","name":"position_x","id":1321,"geomIds":[1330,1328]}]])
[0m[0;32m[2026-09-16 13:49:19.392][VERB] RETURN: {"result":"$1336"}
[0m[0;32m[2026-09-16 13:49:19.393][VERB] COMMANDCALL: _C.SafeAPI.Execute(["v1.sketch.dimension",[{"type":"VERTICAL_DISTANCE","value":"@expr.d176_position_y","name":"position_y","id":1321,"geomIds":[1330,1328]}]])
[0m[0;32m[2026-09-16 13:49:19.398][VERB] RETURN: {"result":"$1340"}
[0m[0;32m[2026-09-16 13:49:19.399][VERB] COMMANDCALL: _C.SafeAPI.Execute(["v1.sketch.dimension",[{"type":"RADIUS","value":"@expr.d177_radius","name":"radius","id":1321,"geomIds":[1327]}]])
[0m[0;32m[2026-09-16 13:49:19.404][VERB] RETURN: {"result":"$1344"}
[0m[0;32m[2026-09-16 13:49:19.405][VERB] COMMANDCALL: _C.SafeAPI.Execute(["v1.part.extrusion",[{"references":[1327],"name":"F173_makeCylinder_cad_primitives_py_12","taperAngle":0,"limit2":"@expr.d178_height","id":4}]])
[0m[0;32m[2026-09-16 13:49:19.411][VERB] RETURN: {"result":"$1348"}
[0m[0;32m[2026-09-16 13:49:19.411][VERB] COMMANDCALL: _C.SafeAPI.Execute(["v1.part.workPlane",[{"type":"PLANE","references":[38],"name":"F179_makeBox_shell_skin_py_38_plane","offset":"@expr.d180_plane_offset","id":4}]])
[0m[0;32m[2026-09-16 13:49:19.415][VERB] RETURN: {"result":"$1370"}
[0m[0;32m[2026-09-16 13:49:19.415][VERB] COMMANDCALL: _C.SafeAPI.Execute(["v1.sketch.create",[{"planeId":1370,"name":"F179_makeBox_shell_skin_py_38_profile","id":4}]])
[0m[0;32m[2026-09-16 13:49:19.417][VERB] RETURN: {"result":"$1376"}
[0m[0;32m[2026-09-16 13:49:19.418][VERB] COMMANDCALL: _C.SafeAPI.Execute(["v1.sketch.rectangle",[{"startPos":[89.8,-1.3,0],"id":1376,"genFixation":0,"endPos":[92.5,40.8,0]}]])
[0m[0;32m[2026-09-16 13:49:19.424][VERB] RETURN: {"result":["$1382","$1386","$1392","$1398"]}
[0m[0;32m[2026-09-16 13:49:19.425][VERB] COMMANDCALL: _C.SafeAPI.Execute(["v1.sketch.getPoints",[{"id":1382}]])
[0m[0;32m[2026-09-16 13:49:19.425][VERB] RETURN: {"result":{"endId":"$1384","startId":"$1383"}}
[0m[0;32m[2026-09-16 13:49:19.425][VERB] COMMANDCALL: _C.SafeAPI.Execute(["v1.sketch.point",[{"pos":[-1000,-1000,0],"id":1376}]])
[0m[0;32m[2026-09-16 13:49:19.427][VERB] RETURN: {"result":"$1414"}
[0m[0;32m[2026-09-16 13:49:19.427][VERB] COMMANDCALL: _C.SafeAPI.Execute(["v1.sketch.constraint",[{"type":"FIXATION","id":1376,"geomIds":[1414]}]])
[0m[0;32m[2026-09-16 13:49:19.429][VERB] RETURN: {"result":"$1416"}
[0m[0;32m[2026-09-16 13:49:19.429][VERB] COMMANDCALL: _C.SafeAPI.Execute(["v1.sketch.dimension",[{"type":"HORIZONTAL_DISTANCE","value":"@expr.d181_position_x","name":"position_x","id":1376,"geomIds":[1414,1383]}]])
[0m[0;32m[2026-09-16 13:49:19.435][VERB] RETURN: {"result":"$1420"}
[0m[0;32m[2026-09-16 13:49:19.436][VERB] COMMANDCALL: _C.SafeAPI.Execute(["v1.sketch.dimension",[{"type":"VERTICAL_DISTANCE","value":"@expr.d182_position_y","name":"position_y","id":1376,"geomIds":[1414,1383]}]])
[0m[0;32m[2026-09-16 13:49:19.442][VERB] RETURN: {"result":"$1424"}
[0m[0;32m[2026-09-16 13:49:19.443][VERB] COMMANDCALL: _C.SafeAPI.Execute(["v1.sketch.dimension",[{"type":"OFFSET","value":"@expr.d183_width","name":"width","id":1376,"geomIds":[1382]}]])
[0m[0;32m[2026-09-16 13:49:19.450][VERB] RETURN: {"result":"$1428"}
[0m[0;32m[2026-09-16 13:49:19.450][VERB] COMMANDCALL: _C.SafeAPI.Execute(["v1.sketch.dimension",[{"type":"OFFSET","value":"@expr.d184_depth","name":"depth","id":1376,"geomIds":[1386]}]])
[0m[0;32m[2026-09-16 13:49:19.459][VERB] RETURN: {"result":"$1432"}
[0m[0;32m[2026-09-16 13:49:19.460][VERB] COMMANDCALL: _C.SafeAPI.Execute(["v1.part.extrusion",[{"references":[1382,1386,1392,1398],"name":"F179_makeBox_shell_skin_py_38","taperAngle":0,"limit2":"@expr.d185_height","id":4}]])
[0m[0;32m[2026-09-16 13:49:19.465][VERB] RETURN: {"result":"$1436"}
[0m[0;32m[2026-09-16 13:49:19.466][VERB] COMMANDCALL: _C.SafeAPI.Execute(["v1.part.workPlane",[{"type":"PLANE","references":[38],"name":"F186_makeBox_cad_primitives_py_8_plane","offset":"@expr.d187_plane_offset","id":4}]])
[0m[0;32m[2026-09-16 13:49:19.470][VERB] RETURN: {"result":"$1479"}
[0m[0;32m[2026-09-16 13:49:19.470][VERB] COMMANDCALL: _C.SafeAPI.Execute(["v1.sketch.create",[{"planeId":1479,"name":"F186_makeBox_cad_primitives_py_8_profile","id":4}]])
[0m[0;32m[2026-09-16 13:49:19.475][VERB] RETURN: {"result":"$1485"}
[0m[0;32m[2026-09-16 13:49:19.475][VERB] COMMANDCALL: _C.SafeAPI.Execute(["v1.sketch.rectangle",[{"startPos":[88.05,-7,0],"id":1485,"genFixation":0,"endPos":[92.5,5,0]}]])
[0m[0;32m[2026-09-16 13:49:19.482][VERB] RETURN: {"result":["$1491","$1495","$1501","$1507"]}
[0m[0;32m[2026-09-16 13:49:19.483][VERB] COMMANDCALL: _C.SafeAPI.Execute(["v1.sketch.getPoints",[{"id":1491}]])
[0m[0;32m[2026-09-16 13:49:19.483][VERB] RETURN: {"result":{"endId":"$1493","startId":"$1492"}}
[0m[0;32m[2026-09-16 13:49:19.483][VERB] COMMANDCALL: _C.SafeAPI.Execute(["v1.sketch.point",[{"pos":[-1000,-1000,0],"id":1485}]])
[0m[0;32m[2026-09-16 13:49:19.486][VERB] RETURN: {"result":"$1523"}
[0m[0;32m[2026-09-16 13:49:19.486][VERB] COMMANDCALL: _C.SafeAPI.Execute(["v1.sketch.constraint",[{"type":"FIXATION","id":1485,"geomIds":[1523]}]])
[0m[0;32m[2026-09-16 13:49:19.488][VERB] RETURN: {"result":"$1525"}
[0m[0;32m[2026-09-16 13:49:19.488][VERB] COMMANDCALL: _C.SafeAPI.Execute(["v1.sketch.dimension",[{"type":"HORIZONTAL_DISTANCE","value":"@expr.d188_position_x","name":"position_x","id":1485,"geomIds":[1523,1492]}]])
[0m[0;32m[2026-09-16 13:49:19.494][VERB] RETURN: {"result":"$1529"}
[0m[0;32m[2026-09-16 13:49:19.495][VERB] COMMANDCALL: _C.SafeAPI.Execute(["v1.sketch.dimension",[{"type":"VERTICAL_DISTANCE","value":"@expr.d189_position_y","name":"position_y","id":1485,"geomIds":[1523,1492]}]])
[0m[0;32m[2026-09-16 13:49:19.501][VERB] RETURN: {"result":"$1533"}
[0m[0;32m[2026-09-16 13:49:19.501][VERB] COMMANDCALL: _C.SafeAPI.Execute(["v1.sketch.dimension",[{"type":"OFFSET","value":"@expr.d190_width","name":"width","id":1485,"geomIds":[1491]}]])
[0m[0;32m[2026-09-16 13:49:19.508][VERB] RETURN: {"result":"$1537"}
[0m[0;32m[2026-09-16 13:49:19.508][VERB] COMMANDCALL: _C.SafeAPI.Execute(["v1.sketch.dimension",[{"type":"OFFSET","value":"@expr.d191_depth","name":"depth","id":1485,"geomIds":[1495]}]])
[0m[0;32m[2026-09-16 13:49:19.516][VERB] RETURN: {"result":"$1541"}
[0m[0;32m[2026-09-16 13:49:19.516][VERB] COMMANDCALL: _C.SafeAPI.Execute(["v1.part.extrusion",[{"references":[1491,1495,1501,1507],"name":"F186_makeBox_cad_primitives_py_8","taperAngle":0,"limit2":"@expr.d192_height","id":4}]])
[0m[0;32m[2026-09-16 13:49:19.521][VERB] RETURN: {"result":"$1545"}
[0m[0;32m[2026-09-16 13:49:19.522][VERB] COMMANDCALL: _C.SafeAPI.Execute(["v1.part.workPlane",[{"type":"PLANE","references":[38],"name":"F194_makeBox_cad_primitives_py_8_plane","offset":"@expr.d195_plane_offset","id":4}]])
[0m[0;32m[2026-09-16 13:49:19.525][VERB] RETURN: {"result":"$1588"}
[0m[0;32m[2026-09-16 13:49:19.525][VERB] COMMANDCALL: _C.SafeAPI.Execute(["v1.sketch.create",[{"planeId":1588,"name":"F194_makeBox_cad_primitives_py_8_profile","id":4}]])
[0m[0;32m[2026-09-16 13:49:19.528][VERB] RETURN: {"result":"$1594"}
[0m[0;32m[2026-09-16 13:49:19.528][VERB] COMMANDCALL: _C.SafeAPI.Execute(["v1.sketch.rectangle",[{"startPos":[85.35,-4,0],"id":1594,"genFixation":0,"endPos":[88.05,-1.3,0]}]])
[0m[0;32m[2026-09-16 13:49:19.534][VERB] RETURN: {"result":["$1600","$1604","$1610","$1616"]}
[0m[0;32m[2026-09-16 13:49:19.535][VERB] COMMANDCALL: _C.SafeAPI.Execute(["v1.sketch.getPoints",[{"id":1600}]])
[0m[0;32m[2026-09-16 13:49:19.535][VERB] RETURN: {"result":{"endId":"$1602","startId":"$1601"}}
[0m[0;32m[2026-09-16 13:49:19.535][VERB] COMMANDCALL: _C.SafeAPI.Execute(["v1.sketch.point",[{"pos":[-1000,-1000,0],"id":1594}]])
[0m[0;32m[2026-09-16 13:49:19.538][VERB] RETURN: {"result":"$1632"}
[0m[0;32m[2026-09-16 13:49:19.538][VERB] COMMANDCALL: _C.SafeAPI.Execute(["v1.sketch.constraint",[{"type":"FIXATION","id":1594,"geomIds":[1632]}]])
[0m[0;32m[2026-09-16 13:49:19.539][VERB] RETURN: {"result":"$1634"}
[0m[0;32m[2026-09-16 13:49:19.540][VERB] COMMANDCALL: _C.SafeAPI.Execute(["v1.sketch.dimension",[{"type":"HORIZONTAL_DISTANCE","value":"@expr.d196_position_x","name":"position_x","id":1594,"geomIds":[1632,1601]}]])
[0m[0;32m[2026-09-16 13:49:19.546][VERB] RETURN: {"result":"$1638"}
[0m[0;32m[2026-09-16 13:49:19.546][VERB] COMMANDCALL: _C.SafeAPI.Execute(["v1.sketch.dimension",[{"type":"VERTICAL_DISTANCE","value":"@expr.d197_position_y","name":"position_y","id":1594,"geomIds":[1632,1601]}]])
[0m[0;32m[2026-09-16 13:49:19.552][VERB] RETURN: {"result":"$1642"}
[0m[0;32m[2026-09-16 13:49:19.553][VERB] COMMANDCALL: _C.SafeAPI.Execute(["v1.sketch.dimension",[{"type":"OFFSET","value":"@expr.d198_width","name":"width","id":1594,"geomIds":[1600]}]])
[0m[0;32m[2026-09-16 13:49:19.560][VERB] RETURN: {"result":"$1646"}
[0m[0;32m[2026-09-16 13:49:19.560][VERB] COMMANDCALL: _C.SafeAPI.Execute(["v1.sketch.dimension",[{"type":"OFFSET","value":"@expr.d199_depth","name":"depth","id":1594,"geomIds":[1604]}]])
[0m[0;32m[2026-09-16 13:49:19.568][VERB] RETURN: {"result":"$1650"}
[0m[0;32m[2026-09-16 13:49:19.569][VERB] COMMANDCALL: _C.SafeAPI.Execute(["v1.part.extrusion",[{"references":[1600,1604,1610,1616],"name":"F194_makeBox_cad_primitives_py_8","taperAngle":0,"limit2":"@expr.d200_height","id":4}]])
[0m[0;32m[2026-09-16 13:49:19.574][VERB] RETURN: {"result":"$1654"}
[0m[0;32m[2026-09-16 13:49:19.574][VERB] COMMANDCALL: _C.SafeAPI.Execute(["v1.part.workPlane",[{"type":"PLANE","references":[38],"name":"F201_makeCylinder_cad_primitives_py_12_plane","offset":"@expr.d202_plane_offset","id":4}]])
[0m[0;32m[2026-09-16 13:49:19.578][VERB] RETURN: {"result":"$1697"}
[0m[0;32m[2026-09-16 13:49:19.579][VERB] COMMANDCALL: _C.SafeAPI.Execute(["v1.sketch.create",[{"planeId":1697,"name":"F201_makeCylinder_cad_primitives_py_12_profile","id":4}]])
[0m[0;32m[2026-09-16 13:49:19.581][VERB] RETURN: {"result":"$1703"}
[0m[0;32m[2026-09-16 13:49:19.581][VERB] COMMANDCALL: _C.SafeAPI.Execute(["v1.sketch.circle",[{"radius":2.7,"id":1703,"genFixation":0,"centerPos":[85.35,-4,0]}]])
[0m[0;32m[2026-09-16 13:49:19.582][VERB] RETURN: {"result":"$1709"}
[0m[0;32m[2026-09-16 13:49:19.583][VERB] COMMANDCALL: _C.SafeAPI.Execute(["v1.sketch.getPoints",[{"id":1709}]])
[0m[0;32m[2026-09-16 13:49:19.583][VERB] RETURN: {"result":{"centerId":"$1710"}}
[0m[0;32m[2026-09-16 13:49:19.583][VERB] COMMANDCALL: _C.SafeAPI.Execute(["v1.sketch.point",[{"pos":[-1000,-1000,0],"id":1703}]])
[0m[0;32m[2026-09-16 13:49:19.584][VERB] RETURN: {"result":"$1712"}
[0m[0;32m[2026-09-16 13:49:19.584][VERB] COMMANDCALL: _C.SafeAPI.Execute(["v1.sketch.constraint",[{"type":"FIXATION","id":1703,"geomIds":[1712]}]])
[0m[0;32m[2026-09-16 13:49:19.585][VERB] RETURN: {"result":"$1714"}
[0m[0;32m[2026-09-16 13:49:19.586][VERB] COMMANDCALL: _C.SafeAPI.Execute(["v1.sketch.dimension",[{"type":"HORIZONTAL_DISTANCE","value":"@expr.d203_position_x","name":"position_x","id":1703,"geomIds":[1712,1710]}]])
[0m[0;32m[2026-09-16 13:49:19.590][VERB] RETURN: {"result":"$1718"}
[0m[0;32m[2026-09-16 13:49:19.590][VERB] COMMANDCALL: _C.SafeAPI.Execute(["v1.sketch.dimension",[{"type":"VERTICAL_DISTANCE","value":"@expr.d204_position_y","name":"position_y","id":1703,"geomIds":[1712,1710]}]])
[0m[0;32m[2026-09-16 13:49:19.595][VERB] RETURN: {"result":"$1722"}
[0m[0;32m[2026-09-16 13:49:19.596][VERB] COMMANDCALL: _C.SafeAPI.Execute(["v1.sketch.dimension",[{"type":"RADIUS","value":"@expr.d205_radius","name":"radius","id":1703,"geomIds":[1709]}]])
[0m[0;32m[2026-09-16 13:49:19.601][VERB] RETURN: {"result":"$1726"}
[0m[0;32m[2026-09-16 13:49:19.601][VERB] COMMANDCALL: _C.SafeAPI.Execute(["v1.part.extrusion",[{"references":[1709],"name":"F201_makeCylinder_cad_primitives_py_12","taperAngle":0,"limit2":"@expr.d206_height","id":4}]])
[0m[0;32m[2026-09-16 13:49:19.607][VERB] RETURN: {"result":"$1730"}
[0m[0;32m[2026-09-16 13:49:19.607][VERB] COMMANDCALL: _C.SafeAPI.Execute(["v1.part.boolean",[{"type":"SUBTRACTION","tools":[1730],"target":1654,"name":"F193_cut_housing_shell_py_25","id":4}]])
[0m[0;32m[2026-09-16 13:49:19.613][VERB] RETURN: {"result":"$1752"}
[0m[0;32m[2026-09-16 13:49:19.614][VERB] COMMANDCALL: _C.SafeAPI.Execute(["v1.part.workPlane",[{"type":"PLANE","references":[38],"name":"F207_makeBox_cad_primitives_py_8_plane","offset":"@expr.d208_plane_offset","id":4}]])
[0m[0;32m[2026-09-16 13:49:19.618][VERB] RETURN: {"result":"$1770"}
[0m[0;32m[2026-09-16 13:49:19.618][VERB] COMMANDCALL: _C.SafeAPI.Execute(["v1.sketch.create",[{"planeId":1770,"name":"F207_makeBox_cad_primitives_py_8_profile","id":4}]])
[0m[0;32m[2026-09-16 13:49:19.620][VERB] RETURN: {"result":"$1776"}
[0m[0;32m[2026-09-16 13:49:19.620][VERB] COMMANDCALL: _C.SafeAPI.Execute(["v1.sketch.rectangle",[{"startPos":[88.05,30,0],"id":1776,"genFixation":0,"endPos":[92.5,41.3,0]}]])
[0m[0;32m[2026-09-16 13:49:19.627][VERB] RETURN: {"result":["$1782","$1786","$1792","$1798"]}
[0m[0;32m[2026-09-16 13:49:19.627][VERB] COMMANDCALL: _C.SafeAPI.Execute(["v1.sketch.getPoints",[{"id":1782}]])
[0m[0;32m[2026-09-16 13:49:19.627][VERB] RETURN: {"result":{"endId":"$1784","startId":"$1783"}}
[0m[0;32m[2026-09-16 13:49:19.628][VERB] COMMANDCALL: _C.SafeAPI.Execute(["v1.sketch.point",[{"pos":[-1000,-1000,0],"id":1776}]])
[0m[0;32m[2026-09-16 13:49:19.629][VERB] RETURN: {"result":"$1814"}
[0m[0;32m[2026-09-16 13:49:19.630][VERB] COMMANDCALL: _C.SafeAPI.Execute(["v1.sketch.constraint",[{"type":"FIXATION","id":1776,"geomIds":[1814]}]])
[0m[0;32m[2026-09-16 13:49:19.631][VERB] RETURN: {"result":"$1816"}
[0m[0;32m[2026-09-16 13:49:19.631][VERB] COMMANDCALL: _C.SafeAPI.Execute(["v1.sketch.dimension",[{"type":"HORIZONTAL_DISTANCE","value":"@expr.d209_position_x","name":"position_x","id":1776,"geomIds":[1814,1783]}]])
[0m[0;32m[2026-09-16 13:49:19.637][VERB] RETURN: {"result":"$1820"}
[0m[0;32m[2026-09-16 13:49:19.637][VERB] COMMANDCALL: _C.SafeAPI.Execute(["v1.sketch.dimension",[{"type":"VERTICAL_DISTANCE","value":"@expr.d210_position_y","name":"position_y","id":1776,"geomIds":[1814,1783]}]])
[0m[0;32m[2026-09-16 13:49:19.643][VERB] RETURN: {"result":"$1824"}
[0m[0;32m[2026-09-16 13:49:19.644][VERB] COMMANDCALL: _C.SafeAPI.Execute(["v1.sketch.dimension",[{"type":"OFFSET","value":"@expr.d211_width","name":"width","id":1776,"geomIds":[1782]}]])
[0m[0;32m[2026-09-16 13:49:19.651][VERB] RETURN: {"result":"$1828"}
[0m[0;32m[2026-09-16 13:49:19.651][VERB] COMMANDCALL: _C.SafeAPI.Execute(["v1.sketch.dimension",[{"type":"OFFSET","value":"@expr.d212_depth","name":"depth","id":1776,"geomIds":[1786]}]])
[0m[0;32m[2026-09-16 13:49:19.659][VERB] RETURN: {"result":"$1832"}
[0m[0;32m[2026-09-16 13:49:19.659][VERB] COMMANDCALL: _C.SafeAPI.Execute(["v1.part.extrusion",[{"references":[1782,1786,1792,1798],"name":"F207_makeBox_cad_primitives_py_8","taperAngle":0,"limit2":"@expr.d213_height","id":4}]])
[0m[0;32m[2026-09-16 13:49:19.663][VERB] RETURN: {"result":"$1836"}
[0m[0;32m[2026-09-16 13:49:19.664][VERB] COMMANDCALL: _C.SafeAPI.Execute(["v1.part.workPlane",[{"type":"PLANE","references":[38],"name":"F214_makeBox_cad_primitives_py_8_plane","offset":"@expr.d215_plane_offset","id":4}]])
[0m[0;32m[2026-09-16 13:49:19.667][VERB] RETURN: {"result":"$1879"}
[0m[0;32m[2026-09-16 13:49:19.668][VERB] COMMANDCALL: _C.SafeAPI.Execute(["v1.sketch.create",[{"planeId":1879,"name":"F214_makeBox_cad_primitives_py_8_profile","id":4}]])
[0m[0;32m[2026-09-16 13:49:19.670][VERB] RETURN: {"result":"$1885"}
[0m[0;32m[2026-09-16 13:49:19.670][VERB] COMMANDCALL: _C.SafeAPI.Execute(["v1.sketch.rectangle",[{"startPos":[88.05,30,0],"id":1885,"genFixation":0,"endPos":[92.5,38,0]}]])
[0m[0;32m[2026-09-16 13:49:19.677][VERB] RETURN: {"result":["$1891","$1895","$1901","$1907"]}
[0m[0;32m[2026-09-16 13:49:19.677][VERB] COMMANDCALL: _C.SafeAPI.Execute(["v1.sketch.getPoints",[{"id":1891}]])
[0m[0;32m[2026-09-16 13:49:19.677][VERB] RETURN: {"result":{"endId":"$1893","startId":"$1892"}}
[0m[0;32m[2026-09-16 13:49:19.677][VERB] COMMANDCALL: _C.SafeAPI.Execute(["v1.sketch.point",[{"pos":[-1000,-1000,0],"id":1885}]])
[0m[0;32m[2026-09-16 13:49:19.679][VERB] RETURN: {"result":"$1923"}
[0m[0;32m[2026-09-16 13:49:19.679][VERB] COMMANDCALL: _C.SafeAPI.Execute(["v1.sketch.constraint",[{"type":"FIXATION","id":1885,"geomIds":[1923]}]])
[0m[0;32m[2026-09-16 13:49:19.681][VERB] RETURN: {"result":"$1925"}
[0m[0;32m[2026-09-16 13:49:19.681][VERB] COMMANDCALL: _C.SafeAPI.Execute(["v1.sketch.dimension",[{"type":"HORIZONTAL_DISTANCE","value":"@expr.d216_position_x","name":"position_x","id":1885,"geomIds":[1923,1892]}]])
[0m[0;32m[2026-09-16 13:49:19.686][VERB] RETURN: {"result":"$1929"}
[0m[0;32m[2026-09-16 13:49:19.687][VERB] COMMANDCALL: _C.SafeAPI.Execute(["v1.sketch.dimension",[{"type":"VERTICAL_DISTANCE","value":"@expr.d217_position_y","name":"position_y","id":1885,"geomIds":[1923,1892]}]])
[0m[0;32m[2026-09-16 13:49:19.693][VERB] RETURN: {"result":"$1933"}
[0m[0;32m[2026-09-16 13:49:19.693][VERB] COMMANDCALL: _C.SafeAPI.Execute(["v1.sketch.dimension",[{"type":"OFFSET","value":"@expr.d218_width","name":"width","id":1885,"geomIds":[1891]}]])
[0m[0;32m[2026-09-16 13:49:19.701][VERB] RETURN: {"result":"$1937"}
[0m[0;32m[2026-09-16 13:49:19.701][VERB] COMMANDCALL: _C.SafeAPI.Execute(["v1.sketch.dimension",[{"type":"OFFSET","value":"@expr.d219_depth","name":"depth","id":1885,"geomIds":[1895]}]])
[0m[0;32m[2026-09-16 13:49:19.710][VERB] RETURN: {"result":"$1941"}
[0m[0;32m[2026-09-16 13:49:19.710][VERB] COMMANDCALL: _C.SafeAPI.Execute(["v1.part.extrusion",[{"references":[1891,1895,1901,1907],"name":"F214_makeBox_cad_primitives_py_8","taperAngle":0,"limit2":"@expr.d220_height","id":4}]])
[0m[0;32m[2026-09-16 13:49:19.715][VERB] RETURN: {"result":"$1945"}
[0m[0;32m[2026-09-16 13:49:19.715][VERB] COMMANDCALL: _C.SafeAPI.Execute(["v1.part.workPlane",[{"type":"PLANE","references":[38],"name":"F222_makeBox_cad_primitives_py_8_plane","offset":"@expr.d223_plane_offset","id":4}]])
[0m[0;32m[2026-09-16 13:49:19.719][VERB] RETURN: {"result":"$1988"}
[0m[0;32m[2026-09-16 13:49:19.720][VERB] COMMANDCALL: _C.SafeAPI.Execute(["v1.sketch.create",[{"planeId":1988,"name":"F222_makeBox_cad_primitives_py_8_profile","id":4}]])
[0m[0;32m[2026-09-16 13:49:19.722][VERB] RETURN: {"result":"$1994"}
[0m[0;32m[2026-09-16 13:49:19.722][VERB] COMMANDCALL: _C.SafeAPI.Execute(["v1.sketch.rectangle",[{"startPos":[59.1,40.8,0],"id":1994,"genFixation":0,"endPos":[63.1,44.8,0]}]])
[0m[0;32m[2026-09-16 13:49:19.729][VERB] RETURN: {"result":["$2000","$2004","$2010","$2016"]}
[0m[0;32m[2026-09-16 13:49:19.729][VERB] COMMANDCALL: _C.SafeAPI.Execute(["v1.sketch.getPoints",[{"id":2000}]])
[0m[0;32m[2026-09-16 13:49:19.730][VERB] RETURN: {"result":{"endId":"$2002","startId":"$2001"}}
[0m[0;32m[2026-09-16 13:49:19.730][VERB] COMMANDCALL: _C.SafeAPI.Execute(["v1.sketch.point",[{"pos":[-1000,-1000,0],"id":1994}]])
[0m[0;32m[2026-09-16 13:49:19.732][VERB] RETURN: {"result":"$2032"}
[0m[0;32m[2026-09-16 13:49:19.732][VERB] COMMANDCALL: _C.SafeAPI.Execute(["v1.sketch.constraint",[{"type":"FIXATION","id":1994,"geomIds":[2032]}]])
[0m[0;32m[2026-09-16 13:49:19.734][VERB] RETURN: {"result":"$2034"}
[0m[0;32m[2026-09-16 13:49:19.734][VERB] COMMANDCALL: _C.SafeAPI.Execute(["v1.sketch.dimension",[{"type":"HORIZONTAL_DISTANCE","value":"@expr.d224_position_x","name":"position_x","id":1994,"geomIds":[2032,2001]}]])
[0m[0;32m[2026-09-16 13:49:19.740][VERB] RETURN: {"result":"$2038"}
[0m[0;32m[2026-09-16 13:49:19.741][VERB] COMMANDCALL: _C.SafeAPI.Execute(["v1.sketch.dimension",[{"type":"VERTICAL_DISTANCE","value":"@expr.d225_position_y","name":"position_y","id":1994,"geomIds":[2032,2001]}]])
[0m[0;32m[2026-09-16 13:49:19.747][VERB] RETURN: {"result":"$2042"}
[0m[0;32m[2026-09-16 13:49:19.747][VERB] COMMANDCALL: _C.SafeAPI.Execute(["v1.sketch.dimension",[{"type":"OFFSET","value":"@expr.d226_width","name":"width","id":1994,"geomIds":[2000]}]])
[0m[0;32m[2026-09-16 13:49:19.755][VERB] RETURN: {"result":"$2046"}
[0m[0;32m[2026-09-16 13:49:19.755][VERB] COMMANDCALL: _C.SafeAPI.Execute(["v1.sketch.dimension",[{"type":"OFFSET","value":"@expr.d227_depth","name":"depth","id":1994,"geomIds":[2004]}]])
[0m[0;32m[2026-09-16 13:49:19.763][VERB] RETURN: {"result":"$2050"}
[0m[0;32m[2026-09-16 13:49:19.764][VERB] COMMANDCALL: _C.SafeAPI.Execute(["v1.part.extrusion",[{"references":[2000,2004,2010,2016],"name":"F222_makeBox_cad_primitives_py_8","taperAngle":0,"limit2":"@expr.d228_height","id":4}]])
[0m[0;32m[2026-09-16 13:49:19.769][VERB] RETURN: {"result":"$2054"}
[0m[0;32m[2026-09-16 13:49:19.770][VERB] COMMANDCALL: _C.SafeAPI.Execute(["v1.part.workPlane",[{"type":"PLANE","references":[38],"name":"F229_makeCylinder_cad_primitives_py_12_plane","offset":"@expr.d230_plane_offset","id":4}]])
[0m[0;32m[2026-09-16 13:49:19.773][VERB] RETURN: {"result":"$2097"}
[0m[0;32m[2026-09-16 13:49:19.774][VERB] COMMANDCALL: _C.SafeAPI.Execute(["v1.sketch.create",[{"planeId":2097,"name":"F229_makeCylinder_cad_primitives_py_12_profile","id":4}]])
[0m[0;32m[2026-09-16 13:49:19.777][VERB] RETURN: {"result":"$2103"}
[0m[0;32m[2026-09-16 13:49:19.777][VERB] COMMANDCALL: _C.SafeAPI.Execute(["v1.sketch.circle",[{"radius":4,"id":2103,"genFixation":0,"centerPos":[63.1,44.8,0]}]])
[0m[0;32m[2026-09-16 13:49:19.779][VERB] RETURN: {"result":"$2109"}
[0m[0;32m[2026-09-16 13:49:19.779][VERB] COMMANDCALL: _C.SafeAPI.Execute(["v1.sketch.getPoints",[{"id":2109}]])
[0m[0;32m[2026-09-16 13:49:19.779][VERB] RETURN: {"result":{"centerId":"$2110"}}
[0m[0;32m[2026-09-16 13:49:19.779][VERB] COMMANDCALL: _C.SafeAPI.Execute(["v1.sketch.point",[{"pos":[-1000,-1000,0],"id":2103}]])
[0m[0;32m[2026-09-16 13:49:19.780][VERB] RETURN: {"result":"$2112"}
[0m[0;32m[2026-09-16 13:49:19.780][VERB] COMMANDCALL: _C.SafeAPI.Execute(["v1.sketch.constraint",[{"type":"FIXATION","id":2103,"geomIds":[2112]}]])
[0m[0;32m[2026-09-16 13:49:19.781][VERB] RETURN: {"result":"$2114"}
[0m[0;32m[2026-09-16 13:49:19.782][VERB] COMMANDCALL: _C.SafeAPI.Execute(["v1.sketch.dimension",[{"type":"HORIZONTAL_DISTANCE","value":"@expr.d231_position_x","name":"position_x","id":2103,"geomIds":[2112,2110]}]])
[0m[0;32m[2026-09-16 13:49:19.787][VERB] RETURN: {"result":"$2118"}
[0m[0;32m[2026-09-16 13:49:19.787][VERB] COMMANDCALL: _C.SafeAPI.Execute(["v1.sketch.dimension",[{"type":"VERTICAL_DISTANCE","value":"@expr.d232_position_y","name":"position_y","id":2103,"geomIds":[2112,2110]}]])
[0m[0;32m[2026-09-16 13:49:19.793][VERB] RETURN: {"result":"$2122"}
[0m[0;32m[2026-09-16 13:49:19.793][VERB] COMMANDCALL: _C.SafeAPI.Execute(["v1.sketch.dimension",[{"type":"RADIUS","value":"@expr.d233_radius","name":"radius","id":2103,"geomIds":[2109]}]])
[0m[0;32m[2026-09-16 13:49:19.798][VERB] RETURN: {"result":"$2126"}
[0m[0;32m[2026-09-16 13:49:19.799][VERB] COMMANDCALL: _C.SafeAPI.Execute(["v1.part.extrusion",[{"references":[2109],"name":"F229_makeCylinder_cad_primitives_py_12","taperAngle":0,"limit2":"@expr.d234_height","id":4}]])
[0m[0;32m[2026-09-16 13:49:19.805][VERB] RETURN: {"result":"$2130"}
[0m[0;32m[2026-09-16 13:49:19.805][VERB] COMMANDCALL: _C.SafeAPI.Execute(["v1.part.boolean",[{"type":"SUBTRACTION","tools":[2130],"target":2054,"name":"F221_cut_housing_shell_py_39","id":4}]])
[0m[0;32m[2026-09-16 13:49:19.810][VERB] RETURN: {"result":"$2152"}
[0m[0;32m[2026-09-16 13:49:19.810][VERB] COMMANDCALL: _C.SafeAPI.Execute(["v1.part.workPlane",[{"type":"PLANE","references":[38],"name":"F236_makeBox_cad_primitives_py_8_plane","offset":"@expr.d237_plane_offset","id":4}]])
[0m[0;32m[2026-09-16 13:49:19.814][VERB] RETURN: {"result":"$2170"}
[0m[0;32m[2026-09-16 13:49:19.814][VERB] COMMANDCALL: _C.SafeAPI.Execute(["v1.sketch.create",[{"planeId":2170,"name":"F236_makeBox_cad_primitives_py_8_profile","id":4}]])
[0m[0;32m[2026-09-16 13:49:19.817][VERB] RETURN: {"result":"$2176"}
[0m[0;32m[2026-09-16 13:49:19.817][VERB] COMMANDCALL: _C.SafeAPI.Execute(["v1.sketch.rectangle",[{"startPos":[42.1,16.1,0],"id":2176,"genFixation":0,"endPos":[46.1,20.1,0]}]])
[0m[0;32m[2026-09-16 13:49:19.823][VERB] RETURN: {"result":["$2182","$2186","$2192","$2198"]}
[0m[0;32m[2026-09-16 13:49:19.824][VERB] COMMANDCALL: _C.SafeAPI.Execute(["v1.sketch.getPoints",[{"id":2182}]])
[0m[0;32m[2026-09-16 13:49:19.824][VERB] RETURN: {"result":{"endId":"$2184","startId":"$2183"}}
[0m[0;32m[2026-09-16 13:49:19.824][VERB] COMMANDCALL: _C.SafeAPI.Execute(["v1.sketch.point",[{"pos":[-1000,-1000,0],"id":2176}]])
[0m[0;32m[2026-09-16 13:49:19.826][VERB] RETURN: {"result":"$2214"}
[0m[0;32m[2026-09-16 13:49:19.826][VERB] COMMANDCALL: _C.SafeAPI.Execute(["v1.sketch.constraint",[{"type":"FIXATION","id":2176,"geomIds":[2214]}]])
[0m[0;32m[2026-09-16 13:49:19.828][VERB] RETURN: {"result":"$2216"}
[0m[0;32m[2026-09-16 13:49:19.828][VERB] COMMANDCALL: _C.SafeAPI.Execute(["v1.sketch.dimension",[{"type":"HORIZONTAL_DISTANCE","value":"@expr.d238_position_x","name":"position_x","id":2176,"geomIds":[2214,2183]}]])
[0m[0;32m[2026-09-16 13:49:19.833][VERB] RETURN: {"result":"$2220"}
[0m[0;32m[2026-09-16 13:49:19.834][VERB] COMMANDCALL: _C.SafeAPI.Execute(["v1.sketch.dimension",[{"type":"VERTICAL_DISTANCE","value":"@expr.d239_position_y","name":"position_y","id":2176,"geomIds":[2214,2183]}]])
[0m[0;32m[2026-09-16 13:49:19.840][VERB] RETURN: {"result":"$2224"}
[0m[0;32m[2026-09-16 13:49:19.840][VERB] COMMANDCALL: _C.SafeAPI.Execute(["v1.sketch.dimension",[{"type":"OFFSET","value":"@expr.d240_width","name":"width","id":2176,"geomIds":[2182]}]])
[0m[0;32m[2026-09-16 13:49:19.847][VERB] RETURN: {"result":"$2228"}
[0m[0;32m[2026-09-16 13:49:19.848][VERB] COMMANDCALL: _C.SafeAPI.Execute(["v1.sketch.dimension",[{"type":"OFFSET","value":"@expr.d241_depth","name":"depth","id":2176,"geomIds":[2186]}]])
[0m[0;32m[2026-09-16 13:49:19.856][VERB] RETURN: {"result":"$2232"}
[0m[0;32m[2026-09-16 13:49:19.856][VERB] COMMANDCALL: _C.SafeAPI.Execute(["v1.part.extrusion",[{"references":[2182,2186,2192,2198],"name":"F236_makeBox_cad_primitives_py_8","taperAngle":0,"limit2":"@expr.d242_height","id":4}]])
[0m[0;32m[2026-09-16 13:49:19.861][VERB] RETURN: {"result":"$2236"}
[0m[0;32m[2026-09-16 13:49:19.861][VERB] COMMANDCALL: _C.SafeAPI.Execute(["v1.part.workPlane",[{"type":"PLANE","references":[38],"name":"F243_makeCylinder_cad_primitives_py_12_plane","offset":"@expr.d244_plane_offset","id":4}]])
[0m[0;32m[2026-09-16 13:49:19.865][VERB] RETURN: {"result":"$2279"}
[0m[0;32m[2026-09-16 13:49:19.865][VERB] COMMANDCALL: _C.SafeAPI.Execute(["v1.sketch.create",[{"planeId":2279,"name":"F243_makeCylinder_cad_primitives_py_12_profile","id":4}]])
[0m[0;32m[2026-09-16 13:49:19.867][VERB] RETURN: {"result":"$2285"}
[0m[0;32m[2026-09-16 13:49:19.867][VERB] COMMANDCALL: _C.SafeAPI.Execute(["v1.sketch.circle",[{"radius":4,"id":2285,"genFixation":0,"centerPos":[42.1,16.1,0]}]])
[0m[0;32m[2026-09-16 13:49:19.869][VERB] RETURN: {"result":"$2291"}
[0m[0;32m[2026-09-16 13:49:19.869][VERB] COMMANDCALL: _C.SafeAPI.Execute(["v1.sketch.getPoints",[{"id":2291}]])
[0m[0;32m[2026-09-16 13:49:19.869][VERB] RETURN: {"result":{"centerId":"$2292"}}
[0m[0;32m[2026-09-16 13:49:19.869][VERB] COMMANDCALL: _C.SafeAPI.Execute(["v1.sketch.point",[{"pos":[-1000,-1000,0],"id":2285}]])
[0m[0;32m[2026-09-16 13:49:19.870][VERB] RETURN: {"result":"$2294"}
[0m[0;32m[2026-09-16 13:49:19.870][VERB] COMMANDCALL: _C.SafeAPI.Execute(["v1.sketch.constraint",[{"type":"FIXATION","id":2285,"geomIds":[2294]}]])
[0m[0;32m[2026-09-16 13:49:19.871][VERB] RETURN: {"result":"$2296"}
[0m[0;32m[2026-09-16 13:49:19.871][VERB] COMMANDCALL: _C.SafeAPI.Execute(["v1.sketch.dimension",[{"type":"HORIZONTAL_DISTANCE","value":"@expr.d245_position_x","name":"position_x","id":2285,"geomIds":[2294,2292]}]])
[0m[0;32m[2026-09-16 13:49:19.875][VERB] RETURN: {"result":"$2300"}
[0m[0;32m[2026-09-16 13:49:19.876][VERB] COMMANDCALL: _C.SafeAPI.Execute(["v1.sketch.dimension",[{"type":"VERTICAL_DISTANCE","value":"@expr.d246_position_y","name":"position_y","id":2285,"geomIds":[2294,2292]}]])
[0m[0;32m[2026-09-16 13:49:19.881][VERB] RETURN: {"result":"$2304"}
[0m[0;32m[2026-09-16 13:49:19.881][VERB] COMMANDCALL: _C.SafeAPI.Execute(["v1.sketch.dimension",[{"type":"RADIUS","value":"@expr.d247_radius","name":"radius","id":2285,"geomIds":[2291]}]])
[0m[0;32m[2026-09-16 13:49:19.887][VERB] RETURN: {"result":"$2308"}
[0m[0;32m[2026-09-16 13:49:19.887][VERB] COMMANDCALL: _C.SafeAPI.Execute(["v1.part.extrusion",[{"references":[2291],"name":"F243_makeCylinder_cad_primitives_py_12","taperAngle":0,"limit2":"@expr.d248_height","id":4}]])
[0m[0;32m[2026-09-16 13:49:19.892][VERB] RETURN: {"result":"$2312"}
[0m[0;32m[2026-09-16 13:49:19.893][VERB] COMMANDCALL: _C.SafeAPI.Execute(["v1.part.boolean",[{"type":"SUBTRACTION","tools":[2312],"target":2236,"name":"F235_cut_housing_shell_py_48","id":4}]])
[0m[0;32m[2026-09-16 13:49:19.898][VERB] RETURN: {"result":"$2334"}
[0m[0;32m[2026-09-16 13:49:19.898][VERB] COMMANDCALL: _C.SafeAPI.Execute(["v1.part.workPlane",[{"type":"PLANE","references":[38],"name":"F249_makeCylinder_cad_primitives_py_12_plane","offset":"@expr.d250_plane_offset","id":4}]])
[0m[0;32m[2026-09-16 13:49:19.902][VERB] RETURN: {"result":"$2352"}
[0m[0;32m[2026-09-16 13:49:19.903][VERB] COMMANDCALL: _C.SafeAPI.Execute(["v1.sketch.create",[{"planeId":2352,"name":"F249_makeCylinder_cad_primitives_py_12_profile","id":4}]])
[0m[0;32m[2026-09-16 13:49:19.905][VERB] RETURN: {"result":"$2358"}
[0m[0;32m[2026-09-16 13:49:19.905][VERB] COMMANDCALL: _C.SafeAPI.Execute(["v1.sketch.circle",[{"radius":4.5,"id":2358,"genFixation":0,"centerPos":[86.8,38.9,0]}]])
[0m[0;32m[2026-09-16 13:49:19.906][VERB] RETURN: {"result":"$2364"}
[0m[0;32m[2026-09-16 13:49:19.906][VERB] COMMANDCALL: _C.SafeAPI.Execute(["v1.sketch.getPoints",[{"id":2364}]])
[0m[0;32m[2026-09-16 13:49:19.906][VERB] RETURN: {"result":{"centerId":"$2365"}}
[0m[0;32m[2026-09-16 13:49:19.906][VERB] COMMANDCALL: _C.SafeAPI.Execute(["v1.sketch.point",[{"pos":[-1000,-1000,0],"id":2358}]])
[0m[0;32m[2026-09-16 13:49:19.907][VERB] RETURN: {"result":"$2367"}
[0m[0;32m[2026-09-16 13:49:19.907][VERB] COMMANDCALL: _C.SafeAPI.Execute(["v1.sketch.constraint",[{"type":"FIXATION","id":2358,"geomIds":[2367]}]])
[0m[0;32m[2026-09-16 13:49:19.908][VERB] RETURN: {"result":"$2369"}
[0m[0;32m[2026-09-16 13:49:19.908][VERB] COMMANDCALL: _C.SafeAPI.Execute(["v1.sketch.dimension",[{"type":"HORIZONTAL_DISTANCE","value":"@expr.d251_position_x","name":"position_x","id":2358,"geomIds":[2367,2365]}]])
[0m[0;32m[2026-09-16 13:49:19.913][VERB] RETURN: {"result":"$2373"}
[0m[0;32m[2026-09-16 13:49:19.913][VERB] COMMANDCALL: _C.SafeAPI.Execute(["v1.sketch.dimension",[{"type":"VERTICAL_DISTANCE","value":"@expr.d252_position_y","name":"position_y","id":2358,"geomIds":[2367,2365]}]])
[0m[0;32m[2026-09-16 13:49:19.919][VERB] RETURN: {"result":"$2377"}
[0m[0;32m[2026-09-16 13:49:19.919][VERB] COMMANDCALL: _C.SafeAPI.Execute(["v1.sketch.dimension",[{"type":"RADIUS","value":"@expr.d253_radius","name":"radius","id":2358,"geomIds":[2364]}]])
[0m[0;32m[2026-09-16 13:49:19.924][VERB] RETURN: {"result":"$2381"}
[0m[0;32m[2026-09-16 13:49:19.924][VERB] COMMANDCALL: _C.SafeAPI.Execute(["v1.part.extrusion",[{"references":[2364],"name":"F249_makeCylinder_cad_primitives_py_12","taperAngle":0,"limit2":"@expr.d254_height","id":4}]])
[0m[0;32m[2026-09-16 13:49:19.930][VERB] RETURN: {"result":"$2385"}
[0m[0;32m[2026-09-16 13:49:19.930][VERB] COMMANDCALL: _C.SafeAPI.Execute(["v1.part.workPlane",[{"type":"PLANE","references":[38],"name":"F255_makeBox_cad_primitives_py_8_plane","offset":"@expr.d256_plane_offset","id":4}]])
[0m[0;32m[2026-09-16 13:49:19.933][VERB] RETURN: {"result":"$2407"}
[0m[0;32m[2026-09-16 13:49:19.934][VERB] COMMANDCALL: _C.SafeAPI.Execute(["v1.sketch.create",[{"planeId":2407,"name":"F255_makeBox_cad_primitives_py_8_profile","id":4}]])
[0m[0;32m[2026-09-16 13:49:19.936][VERB] RETURN: {"result":"$2413"}
[0m[0;32m[2026-09-16 13:49:19.936][VERB] COMMANDCALL: _C.SafeAPI.Execute(["v1.sketch.rectangle",[{"startPos":[86.8,30,0],"id":2413,"genFixation":0,"endPos":[92.5,43,0]}]])
[0m[0;32m[2026-09-16 13:49:19.942][VERB] RETURN: {"result":["$2419","$2423","$2429","$2435"]}
[0m[0;32m[2026-09-16 13:49:19.943][VERB] COMMANDCALL: _C.SafeAPI.Execute(["v1.sketch.getPoints",[{"id":2419}]])
[0m[0;32m[2026-09-16 13:49:19.943][VERB] RETURN: {"result":{"endId":"$2421","startId":"$2420"}}
[0m[0;32m[2026-09-16 13:49:19.943][VERB] COMMANDCALL: _C.SafeAPI.Execute(["v1.sketch.point",[{"pos":[-1000,-1000,0],"id":2413}]])
[0m[0;32m[2026-09-16 13:49:19.945][VERB] RETURN: {"result":"$2451"}
[0m[0;32m[2026-09-16 13:49:19.945][VERB] COMMANDCALL: _C.SafeAPI.Execute(["v1.sketch.constraint",[{"type":"FIXATION","id":2413,"geomIds":[2451]}]])
[0m[0;32m[2026-09-16 13:49:19.947][VERB] RETURN: {"result":"$2453"}
[0m[0;32m[2026-09-16 13:49:19.947][VERB] COMMANDCALL: _C.SafeAPI.Execute(["v1.sketch.dimension",[{"type":"HORIZONTAL_DISTANCE","value":"@expr.d257_position_x","name":"position_x","id":2413,"geomIds":[2451,2420]}]])
[0m[0;32m[2026-09-16 13:49:19.953][VERB] RETURN: {"result":"$2457"}
[0m[0;32m[2026-09-16 13:49:19.953][VERB] COMMANDCALL: _C.SafeAPI.Execute(["v1.sketch.dimension",[{"type":"VERTICAL_DISTANCE","value":"@expr.d258_position_y","name":"position_y","id":2413,"geomIds":[2451,2420]}]])
[0m[0;32m[2026-09-16 13:49:19.959][VERB] RETURN: {"result":"$2461"}
[0m[0;32m[2026-09-16 13:49:19.960][VERB] COMMANDCALL: _C.SafeAPI.Execute(["v1.sketch.dimension",[{"type":"OFFSET","value":"@expr.d259_width","name":"width","id":2413,"geomIds":[2419]}]])
[0m[0;32m[2026-09-16 13:49:19.967][VERB] RETURN: {"result":"$2465"}
[0m[0;32m[2026-09-16 13:49:19.967][VERB] COMMANDCALL: _C.SafeAPI.Execute(["v1.sketch.dimension",[{"type":"OFFSET","value":"@expr.d260_depth","name":"depth","id":2413,"geomIds":[2423]}]])
[0m[0;32m[2026-09-16 13:49:19.975][VERB] RETURN: {"result":"$2469"}
[0m[0;32m[2026-09-16 13:49:19.975][VERB] COMMANDCALL: _C.SafeAPI.Execute(["v1.part.extrusion",[{"references":[2419,2423,2429,2435],"name":"F255_makeBox_cad_primitives_py_8","taperAngle":0,"limit2":"@expr.d261_height","id":4}]])
[0m[0;32m[2026-09-16 13:49:19.981][VERB] RETURN: {"result":"$2473"}
[0m[0;32m[2026-09-16 13:49:19.981][VERB] COMMANDCALL: _C.SafeAPI.Execute(["v1.part.boolean",[{"type":"UNION","tools":[231,307,362,417,472,560,669,745,800,855,910,998,1107,1183,1238,1293,1348,1436,1545,1752,1836,1945,2152,2334,2385,2473],"target":122,"name":"F64_union_cad_primitives_py_17","id":4}]])
[0m[0;32m[2026-09-16 13:49:20.025][VERB] RETURN: {"result":"$2516"}
[0m[0;32m[2026-09-16 13:49:20.025][VERB] COMMANDCALL: _C.SafeAPI.Execute(["v1.common.setDatabaseSettings",[{"isSketchGraphicEnabled":1,"isGraphicEnabled":1,"isCCGraphicEnabled":1,"doCurveTessellation":1}]])
[0m[0;32m[2026-09-16 13:49:20.026][VERB] RETURN: {"result":null}
[0m[2026-09-16 13:49:20.075][DEBUG] Build graphic in: 29ms
[0;32m[2026-09-16 13:49:20.102][VERB] COMMANDCALL: _C.SafeAPI.Execute(["v1.part.chamfer",[{"references":[2823,3034,2933,3097,2625,3098,2780,2794,2793,2705,2781,2670,2680,2814,2813,3084,3083,3077,3073,3121,3120,3155,3154,3022,3090,2994,3032,3150,3151,3152,3153],"name":"F63_chamfer_shell_skin_py_17","id":4,"distance1":"@expr.d262_cha ...
[0m[0;32m[2026-09-16 13:49:20.287][VERB] RETURN: {"result":"$3169"}
[0m[0;32m[2026-09-16 13:49:20.288][VERB] COMMANDCALL: _C.SafeAPI.Execute(["v1.sketch.create",[{"planeId":38,"name":"F263_chamfer_shell_skin_py_17_middle_profile","id":4}]])
[0m[0;32m[2026-09-16 13:49:20.291][VERB] RETURN: {"result":"$3508"}
[0m[0;32m[2026-09-16 13:49:20.291][VERB] COMMANDCALL: _C.SafeAPI.Execute(["v1.sketch.point",[{"pos":[-1000,-1000,0],"id":3508}]])
[0m[0;32m[2026-09-16 13:49:20.292][VERB] RETURN: {"result":"$3514"}
[0m[0;32m[2026-09-16 13:49:20.292][VERB] COMMANDCALL: _C.SafeAPI.Execute(["v1.sketch.constraint",[{"type":"FIXATION","id":3508,"geomIds":[3514]}]])
[0m[0;32m[2026-09-16 13:49:20.293][VERB] RETURN: {"result":"$3516"}
[0m[0;32m[2026-09-16 13:49:20.293][VERB] COMMANDCALL: _C.SafeAPI.Execute(["v1.sketch.line",[{"startPos":[2.1,1.6,0],"genIncidence":0,"genTangency":0,"genFixation":0,"genVertAndHoriz":0,"id":3508,"endPos":[53,1.6,0]}]])
[0m[0;32m[2026-09-16 13:49:20.295][VERB] RETURN: {"result":"$3518"}
[0m[0;32m[2026-09-16 13:49:20.295][VERB] COMMANDCALL: _C.SafeAPI.Execute(["v1.sketch.getPoints",[{"id":3518}]])
[0m[0;32m[2026-09-16 13:49:20.295][VERB] RETURN: {"result":{"endId":"$3520","startId":"$3519"}}
[0m[0;32m[2026-09-16 13:49:20.296][VERB] COMMANDCALL: _C.SafeAPI.Execute(["v1.sketch.dimension",[{"type":"HORIZONTAL_DISTANCE","value":"@expr.d264_x","name":"x","id":3508,"geomIds":[3514,3519]}]])
[0m[0;32m[2026-09-16 13:49:20.300][VERB] RETURN: {"result":"$3524"}
[0m[0;32m[2026-09-16 13:49:20.301][VERB] COMMANDCALL: _C.SafeAPI.Execute(["v1.sketch.dimension",[{"type":"VERTICAL_DISTANCE","value":"@expr.d265_y","name":"y","id":3508,"geomIds":[3514,3519]}]])
[0m[0;32m[2026-09-16 13:49:20.306][VERB] RETURN: {"result":"$3528"}
[0m[0;32m[2026-09-16 13:49:20.306][VERB] COMMANDCALL: _C.SafeAPI.Execute(["v1.sketch.dimension",[{"type":"HORIZONTAL_DISTANCE","value":"@expr.d266_x","name":"x","id":3508,"geomIds":[3514,3520]}]])
[0m[0;32m[2026-09-16 13:49:20.312][VERB] RETURN: {"result":"$3532"}
[0m[0;32m[2026-09-16 13:49:20.312][VERB] COMMANDCALL: _C.SafeAPI.Execute(["v1.sketch.dimension",[{"type":"VERTICAL_DISTANCE","value":"@expr.d267_y","name":"y","id":3508,"geomIds":[3514,3520]}]])
[0m[0;32m[2026-09-16 13:49:20.318][VERB] RETURN: {"result":"$3536"}
[0m[0;32m[2026-09-16 13:49:20.319][VERB] COMMANDCALL: _C.SafeAPI.Execute(["v1.sketch.line",[{"startPos":[53,1.6,0],"genIncidence":0,"genTangency":0,"genFixation":0,"genVertAndHoriz":0,"id":3508,"endPos":[53.5,2.1,0]}]])
[0m[0;32m[2026-09-16 13:49:20.322][VERB] RETURN: {"result":"$3538"}
[0m[0;32m[2026-09-16 13:49:20.322][VERB] COMMANDCALL: _C.SafeAPI.Execute(["v1.sketch.getPoints",[{"id":3538}]])
[0m[0;32m[2026-09-16 13:49:20.323][VERB] RETURN: {"result":{"endId":"$3540","startId":"$3539"}}
[0m[0;32m[2026-09-16 13:49:20.323][VERB] COMMANDCALL: _C.SafeAPI.Execute(["v1.sketch.dimension",[{"type":"HORIZONTAL_DISTANCE","value":"@expr.d268_x","name":"x","id":3508,"geomIds":[3514,3539]}]])
[0m[0;32m[2026-09-16 13:49:20.330][VERB] RETURN: {"result":"$3544"}
[0m[0;32m[2026-09-16 13:49:20.331][VERB] COMMANDCALL: _C.SafeAPI.Execute(["v1.sketch.dimension",[{"type":"VERTICAL_DISTANCE","value":"@expr.d269_y","name":"y","id":3508,"geomIds":[3514,3539]}]])
[0m[0;32m[2026-09-16 13:49:20.339][VERB] RETURN: {"result":"$3548"}
[0m[0;32m[2026-09-16 13:49:20.339][VERB] COMMANDCALL: _C.SafeAPI.Execute(["v1.sketch.dimension",[{"type":"HORIZONTAL_DISTANCE","value":"@expr.d270_x","name":"x","id":3508,"geomIds":[3514,3540]}]])
[0m[0;32m[2026-09-16 13:49:20.348][VERB] RETURN: {"result":"$3552"}
[0m[0;32m[2026-09-16 13:49:20.349][VERB] COMMANDCALL: _C.SafeAPI.Execute(["v1.sketch.dimension",[{"type":"VERTICAL_DISTANCE","value":"@expr.d271_y","name":"y","id":3508,"geomIds":[3514,3540]}]])
[0m[0;32m[2026-09-16 13:49:20.360][VERB] RETURN: {"result":"$3556"}
[0m[0;32m[2026-09-16 13:49:20.360][VERB] COMMANDCALL: _C.SafeAPI.Execute(["v1.sketch.line",[{"startPos":[53.5,2.1,0],"genIncidence":0,"genTangency":0,"genFixation":0,"genVertAndHoriz":0,"id":3508,"endPos":[53.5,25.1,0]}]])
[0m[0;32m[2026-09-16 13:49:20.365][VERB] RETURN: {"result":"$3558"}
[0m[0;32m[2026-09-16 13:49:20.366][VERB] COMMANDCALL: _C.SafeAPI.Execute(["v1.sketch.getPoints",[{"id":3558}]])
[0m[0;32m[2026-09-16 13:49:20.366][VERB] RETURN: {"result":{"endId":"$3560","startId":"$3559"}}
[0m[0;32m[2026-09-16 13:49:20.366][VERB] COMMANDCALL: _C.SafeAPI.Execute(["v1.sketch.dimension",[{"type":"HORIZONTAL_DISTANCE","value":"@expr.d272_x","name":"x","id":3508,"geomIds":[3514,3559]}]])
[0m[0;32m[2026-09-16 13:49:20.377][VERB] RETURN: {"result":"$3564"}
[0m[0;32m[2026-09-16 13:49:20.378][VERB] COMMANDCALL: _C.SafeAPI.Execute(["v1.sketch.dimension",[{"type":"VERTICAL_DISTANCE","value":"@expr.d273_y","name":"y","id":3508,"geomIds":[3514,3559]}]])
[0m[0;32m[2026-09-16 13:49:20.391][VERB] RETURN: {"result":"$3568"}
[0m[0;32m[2026-09-16 13:49:20.391][VERB] COMMANDCALL: _C.SafeAPI.Execute(["v1.sketch.dimension",[{"type":"HORIZONTAL_DISTANCE","value":"@expr.d274_x","name":"x","id":3508,"geomIds":[3514,3560]}]])
[0m[0;32m[2026-09-16 13:49:20.403][VERB] RETURN: {"result":"$3572"}
[0m[0;32m[2026-09-16 13:49:20.404][VERB] COMMANDCALL: _C.SafeAPI.Execute(["v1.sketch.dimension",[{"type":"VERTICAL_DISTANCE","value":"@expr.d275_y","name":"y","id":3508,"geomIds":[3514,3560]}]])
[0m[0;32m[2026-09-16 13:49:20.418][VERB] RETURN: {"result":"$3576"}
[0m[0;32m[2026-09-16 13:49:20.419][VERB] COMMANDCALL: _C.SafeAPI.Execute(["v1.sketch.line",[{"startPos":[53.5,25.1,0],"genIncidence":0,"genTangency":0,"genFixation":0,"genVertAndHoriz":0,"id":3508,"endPos":[53,25.6,0]}]])
[0m[0;32m[2026-09-16 13:49:20.425][VERB] RETURN: {"result":"$3578"}
[0m[0;32m[2026-09-16 13:49:20.425][VERB] COMMANDCALL: _C.SafeAPI.Execute(["v1.sketch.getPoints",[{"id":3578}]])
[0m[0;32m[2026-09-16 13:49:20.426][VERB] RETURN: {"result":{"endId":"$3580","startId":"$3579"}}
[0m[0;32m[2026-09-16 13:49:20.426][VERB] COMMANDCALL: _C.SafeAPI.Execute(["v1.sketch.dimension",[{"type":"HORIZONTAL_DISTANCE","value":"@expr.d276_x","name":"x","id":3508,"geomIds":[3514,3579]}]])
[0m[0;32m[2026-09-16 13:49:20.440][VERB] RETURN: {"result":"$3584"}
[0m[0;32m[2026-09-16 13:49:20.440][VERB] COMMANDCALL: _C.SafeAPI.Execute(["v1.sketch.dimension",[{"type":"VERTICAL_DISTANCE","value":"@expr.d277_y","name":"y","id":3508,"geomIds":[3514,3579]}]])
[0m[0;32m[2026-09-16 13:49:20.455][VERB] RETURN: {"result":"$3588"}
[0m[0;32m[2026-09-16 13:49:20.455][VERB] COMMANDCALL: _C.SafeAPI.Execute(["v1.sketch.dimension",[{"type":"HORIZONTAL_DISTANCE","value":"@expr.d278_x","name":"x","id":3508,"geomIds":[3514,3580]}]])
[0m[0;32m[2026-09-16 13:49:20.472][VERB] RETURN: {"result":"$3592"}
[0m[0;32m[2026-09-16 13:49:20.472][VERB] COMMANDCALL: _C.SafeAPI.Execute(["v1.sketch.dimension",[{"type":"VERTICAL_DISTANCE","value":"@expr.d279_y","name":"y","id":3508,"geomIds":[3514,3580]}]])
[0m[0;32m[2026-09-16 13:49:20.489][VERB] RETURN: {"result":"$3596"}
[0m[0;32m[2026-09-16 13:49:20.489][VERB] COMMANDCALL: _C.SafeAPI.Execute(["v1.sketch.line",[{"startPos":[53,25.6,0],"genIncidence":0,"genTangency":0,"genFixation":0,"genVertAndHoriz":0,"id":3508,"endPos":[2.1,25.6,0]}]])
[0m[0;32m[2026-09-16 13:49:20.498][VERB] RETURN: {"result":"$3598"}
[0m[0;32m[2026-09-16 13:49:20.499][VERB] COMMANDCALL: _C.SafeAPI.Execute(["v1.sketch.getPoints",[{"id":3598}]])
[0m[0;32m[2026-09-16 13:49:20.499][VERB] RETURN: {"result":{"endId":"$3600","startId":"$3599"}}
[0m[0;32m[2026-09-16 13:49:20.499][VERB] COMMANDCALL: _C.SafeAPI.Execute(["v1.sketch.dimension",[{"type":"HORIZONTAL_DISTANCE","value":"@expr.d280_x","name":"x","id":3508,"geomIds":[3514,3599]}]])
[0m[0;32m[2026-09-16 13:49:20.516][VERB] RETURN: {"result":"$3604"}
[0m[0;32m[2026-09-16 13:49:20.517][VERB] COMMANDCALL: _C.SafeAPI.Execute(["v1.sketch.dimension",[{"type":"VERTICAL_DISTANCE","value":"@expr.d281_y","name":"y","id":3508,"geomIds":[3514,3599]}]])
[0m[0;32m[2026-09-16 13:49:20.535][VERB] RETURN: {"result":"$3608"}
[0m[0;32m[2026-09-16 13:49:20.536][VERB] COMMANDCALL: _C.SafeAPI.Execute(["v1.sketch.dimension",[{"type":"HORIZONTAL_DISTANCE","value":"@expr.d282_x","name":"x","id":3508,"geomIds":[3514,3600]}]])
[0m[0;32m[2026-09-16 13:49:20.554][VERB] RETURN: {"result":"$3612"}
[0m[0;32m[2026-09-16 13:49:20.554][VERB] COMMANDCALL: _C.SafeAPI.Execute(["v1.sketch.dimension",[{"type":"VERTICAL_DISTANCE","value":"@expr.d283_y","name":"y","id":3508,"geomIds":[3514,3600]}]])
[0m[0;32m[2026-09-16 13:49:20.574][VERB] RETURN: {"result":"$3616"}
[0m[0;32m[2026-09-16 13:49:20.574][VERB] COMMANDCALL: _C.SafeAPI.Execute(["v1.sketch.line",[{"startPos":[2.1,25.6,0],"genIncidence":0,"genTangency":0,"genFixation":0,"genVertAndHoriz":0,"id":3508,"endPos":[1.6,25.1,0]}]])
[0m[0;32m[2026-09-16 13:49:20.584][VERB] RETURN: {"result":"$3618"}
[0m[0;32m[2026-09-16 13:49:20.584][VERB] COMMANDCALL: _C.SafeAPI.Execute(["v1.sketch.getPoints",[{"id":3618}]])
[0m[0;32m[2026-09-16 13:49:20.585][VERB] RETURN: {"result":{"endId":"$3620","startId":"$3619"}}
[0m[0;32m[2026-09-16 13:49:20.585][VERB] COMMANDCALL: _C.SafeAPI.Execute(["v1.sketch.dimension",[{"type":"HORIZONTAL_DISTANCE","value":"@expr.d284_x","name":"x","id":3508,"geomIds":[3514,3619]}]])
[0m[0;32m[2026-09-16 13:49:20.605][VERB] RETURN: {"result":"$3624"}
[0m[0;32m[2026-09-16 13:49:20.605][VERB] COMMANDCALL: _C.SafeAPI.Execute(["v1.sketch.dimension",[{"type":"VERTICAL_DISTANCE","value":"@expr.d285_y","name":"y","id":3508,"geomIds":[3514,3619]}]])
[0m[0;32m[2026-09-16 13:49:20.626][VERB] RETURN: {"result":"$3628"}
[0m[0;32m[2026-09-16 13:49:20.626][VERB] COMMANDCALL: _C.SafeAPI.Execute(["v1.sketch.dimension",[{"type":"HORIZONTAL_DISTANCE","value":"@expr.d286_x","name":"x","id":3508,"geomIds":[3514,3620]}]])
[0m[0;32m[2026-09-16 13:49:20.647][VERB] RETURN: {"result":"$3632"}
[0m[0;32m[2026-09-16 13:49:20.648][VERB] COMMANDCALL: _C.SafeAPI.Execute(["v1.sketch.dimension",[{"type":"VERTICAL_DISTANCE","value":"@expr.d287_y","name":"y","id":3508,"geomIds":[3514,3620]}]])
[0m[0;32m[2026-09-16 13:49:20.670][VERB] RETURN: {"result":"$3636"}
[0m[0;32m[2026-09-16 13:49:20.671][VERB] COMMANDCALL: _C.SafeAPI.Execute(["v1.sketch.line",[{"startPos":[1.6,25.1,0],"genIncidence":0,"genTangency":0,"genFixation":0,"genVertAndHoriz":0,"id":3508,"endPos":[1.6,2.1,0]}]])
[0m[0;32m[2026-09-16 13:49:20.683][VERB] RETURN: {"result":"$3638"}
[0m[0;32m[2026-09-16 13:49:20.683][VERB] COMMANDCALL: _C.SafeAPI.Execute(["v1.sketch.getPoints",[{"id":3638}]])
[0m[0;32m[2026-09-16 13:49:20.683][VERB] RETURN: {"result":{"endId":"$3640","startId":"$3639"}}
[0m[0;32m[2026-09-16 13:49:20.683][VERB] COMMANDCALL: _C.SafeAPI.Execute(["v1.sketch.dimension",[{"type":"HORIZONTAL_DISTANCE","value":"@expr.d288_x","name":"x","id":3508,"geomIds":[3514,3639]}]])
[0m[0;32m[2026-09-16 13:49:20.707][VERB] RETURN: {"result":"$3644"}
[0m[0;32m[2026-09-16 13:49:20.707][VERB] COMMANDCALL: _C.SafeAPI.Execute(["v1.sketch.dimension",[{"type":"VERTICAL_DISTANCE","value":"@expr.d289_y","name":"y","id":3508,"geomIds":[3514,3639]}]])
[0m[0;32m[2026-09-16 13:49:20.731][VERB] RETURN: {"result":"$3648"}
[0m[0;32m[2026-09-16 13:49:20.731][VERB] COMMANDCALL: _C.SafeAPI.Execute(["v1.sketch.dimension",[{"type":"HORIZONTAL_DISTANCE","value":"@expr.d290_x","name":"x","id":3508,"geomIds":[3514,3640]}]])
[0m[0;32m[2026-09-16 13:49:20.755][VERB] RETURN: {"result":"$3652"}
[0m[0;32m[2026-09-16 13:49:20.755][VERB] COMMANDCALL: _C.SafeAPI.Execute(["v1.sketch.dimension",[{"type":"VERTICAL_DISTANCE","value":"@expr.d291_y","name":"y","id":3508,"geomIds":[3514,3640]}]])
[0m[0;32m[2026-09-16 13:49:20.780][VERB] RETURN: {"result":"$3656"}
[0m[0;32m[2026-09-16 13:49:20.780][VERB] COMMANDCALL: _C.SafeAPI.Execute(["v1.sketch.line",[{"startPos":[1.6,2.1,0],"genIncidence":0,"genTangency":0,"genFixation":0,"genVertAndHoriz":0,"id":3508,"endPos":[2.1,1.6,0]}]])
[0m[0;32m[2026-09-16 13:49:20.793][VERB] RETURN: {"result":"$3658"}
[0m[0;32m[2026-09-16 13:49:20.794][VERB] COMMANDCALL: _C.SafeAPI.Execute(["v1.sketch.getPoints",[{"id":3658}]])
[0m[0;32m[2026-09-16 13:49:20.794][VERB] RETURN: {"result":{"endId":"$3660","startId":"$3659"}}
[0m[0;32m[2026-09-16 13:49:20.794][VERB] COMMANDCALL: _C.SafeAPI.Execute(["v1.sketch.dimension",[{"type":"HORIZONTAL_DISTANCE","value":"@expr.d292_x","name":"x","id":3508,"geomIds":[3514,3659]}]])
[0m[0;32m[2026-09-16 13:49:20.820][VERB] RETURN: {"result":"$3664"}
[0m[0;32m[2026-09-16 13:49:20.821][VERB] COMMANDCALL: _C.SafeAPI.Execute(["v1.sketch.dimension",[{"type":"VERTICAL_DISTANCE","value":"@expr.d293_y","name":"y","id":3508,"geomIds":[3514,3659]}]])
[0m[0;32m[2026-09-16 13:49:20.848][VERB] RETURN: {"result":"$3668"}
[0m[0;32m[2026-09-16 13:49:20.848][VERB] COMMANDCALL: _C.SafeAPI.Execute(["v1.sketch.dimension",[{"type":"HORIZONTAL_DISTANCE","value":"@expr.d294_x","name":"x","id":3508,"geomIds":[3514,3660]}]])
[0m[0;32m[2026-09-16 13:49:20.876][VERB] RETURN: {"result":"$3672"}
[0m[0;32m[2026-09-16 13:49:20.876][VERB] COMMANDCALL: _C.SafeAPI.Execute(["v1.sketch.dimension",[{"type":"VERTICAL_DISTANCE","value":"@expr.d295_y","name":"y","id":3508,"geomIds":[3514,3660]}]])
[0m[0;32m[2026-09-16 13:49:20.904][VERB] RETURN: {"result":"$3676"}
[0m[0;32m[2026-09-16 13:49:20.904][VERB] COMMANDCALL: _C.SafeAPI.Execute(["v1.part.extrusion",[{"references":[3518,3538,3558,3578,3598,3618,3638,3658],"name":"F263_chamfer_shell_skin_py_17_middle","taperAngle":0,"limit2":"@expr.d296_height","id":4}]])
[0m[0;32m[2026-09-16 13:49:20.910][VERB] RETURN: {"result":"$3680"}
[0m[0;32m[2026-09-16 13:49:20.911][VERB] COMMANDCALL: _C.SafeAPI.Execute(["v1.part.translation",[{"references":[34],"name":"F263_chamfer_shell_skin_py_17_middle_2","id":4,"targets":[3680],"distance":"@expr.d297_position"}]])
[0m[0;32m[2026-09-16 13:49:20.916][VERB] RETURN: {"result":"$3751"}
[0m[0;32m[2026-09-16 13:49:20.916][VERB] COMMANDCALL: _C.SafeAPI.Execute(["v1.part.extrusion",[{"references":[3518,3538,3558,3578,3598,3618,3638,3658],"name":"F263_chamfer_shell_skin_py_17_bottom","taperAngle":0.78539816339745,"limit2":"@expr.d298_bevel_height","id":4}]])
[0m[0;32m[2026-09-16 13:49:20.925][VERB] RETURN: {"result":"$3762"}
[0m[0;32m[2026-09-16 13:49:20.925][VERB] COMMANDCALL: _C.SafeAPI.Execute(["v1.part.translation",[{"references":[34],"name":"F263_chamfer_shell_skin_py_17_bottom_2","id":4,"targets":[3762],"distance":"@expr.d299_position"}]])
[0m[0;32m[2026-09-16 13:49:20.929][VERB] RETURN: {"result":"$3825"}
[0m[0;32m[2026-09-16 13:49:20.930][VERB] COMMANDCALL: _C.SafeAPI.Execute(["v1.part.extrusion",[{"references":[3518,3538,3558,3578,3598,3618,3638,3658],"name":"F263_chamfer_shell_skin_py_17_top","taperAngle":0.78539816339745,"limit2":"@expr.d300_bevel_height","id":4}]])
[0m[0;32m[2026-09-16 13:49:20.938][VERB] RETURN: {"result":"$3836"}
[0m[0;32m[2026-09-16 13:49:20.939][VERB] COMMANDCALL: _C.SafeAPI.Execute(["v1.part.translation",[{"references":[34],"name":"F263_chamfer_shell_skin_py_17_top_2","id":4,"targets":[3836],"distance":"@expr.d301_position"}]])
[0m[0;32m[2026-09-16 13:49:20.943][VERB] RETURN: {"result":"$3899"}
[0m[0;32m[2026-09-16 13:49:20.943][VERB] COMMANDCALL: _C.SafeAPI.Execute(["v1.part.boolean",[{"type":"UNION","tools":[3825,3899],"target":3751,"name":"F263_chamfer_shell_skin_py_17","id":4}]])
[0m[0;32m[2026-09-16 13:49:20.966][VERB] RETURN: {"result":"$3910"}
[0m[0;32m[2026-09-16 13:49:20.967][VERB] COMMANDCALL: _C.SafeAPI.Execute(["v1.part.workPlane",[{"type":"PLANE","references":[38],"name":"F302_makeBox_cad_primitives_py_8_plane","offset":"@expr.d303_plane_offset","id":4}]])
[0m[0;32m[2026-09-16 13:49:20.971][VERB] RETURN: {"result":"$3989"}
[0m[0;32m[2026-09-16 13:49:20.971][VERB] COMMANDCALL: _C.SafeAPI.Execute(["v1.sketch.create",[{"planeId":3989,"name":"F302_makeBox_cad_primitives_py_8_profile","id":4}]])
[0m[0;32m[2026-09-16 13:49:20.973][VERB] RETURN: {"result":"$3995"}
[0m[0;32m[2026-09-16 13:49:20.974][VERB] COMMANDCALL: _C.SafeAPI.Execute(["v1.sketch.rectangle",[{"startPos":[88.05,-7,0],"id":3995,"genFixation":0,"endPos":[92.5,5,0]}]])
[0m[0;32m[2026-09-16 13:49:20.980][VERB] RETURN: {"result":["$4001","$4005","$4011","$4017"]}
[0m[0;32m[2026-09-16 13:49:20.980][VERB] COMMANDCALL: _C.SafeAPI.Execute(["v1.sketch.getPoints",[{"id":4001}]])
[0m[0;32m[2026-09-16 13:49:20.980][VERB] RETURN: {"result":{"endId":"$4003","startId":"$4002"}}
[0m[0;32m[2026-09-16 13:49:20.981][VERB] COMMANDCALL: _C.SafeAPI.Execute(["v1.sketch.point",[{"pos":[-1000,-1000,0],"id":3995}]])
[0m[0;32m[2026-09-16 13:49:20.982][VERB] RETURN: {"result":"$4033"}
[0m[0;32m[2026-09-16 13:49:20.983][VERB] COMMANDCALL: _C.SafeAPI.Execute(["v1.sketch.constraint",[{"type":"FIXATION","id":3995,"geomIds":[4033]}]])
[0m[0;32m[2026-09-16 13:49:20.984][VERB] RETURN: {"result":"$4035"}
[0m[0;32m[2026-09-16 13:49:20.984][VERB] COMMANDCALL: _C.SafeAPI.Execute(["v1.sketch.dimension",[{"type":"HORIZONTAL_DISTANCE","value":"@expr.d304_position_x","name":"position_x","id":3995,"geomIds":[4033,4002]}]])
[0m[0;32m[2026-09-16 13:49:20.990][VERB] RETURN: {"result":"$4039"}
[0m[0;32m[2026-09-16 13:49:20.990][VERB] COMMANDCALL: _C.SafeAPI.Execute(["v1.sketch.dimension",[{"type":"VERTICAL_DISTANCE","value":"@expr.d305_position_y","name":"position_y","id":3995,"geomIds":[4033,4002]}]])
[0m[0;32m[2026-09-16 13:49:20.997][VERB] RETURN: {"result":"$4043"}
[0m[0;32m[2026-09-16 13:49:20.997][VERB] COMMANDCALL: _C.SafeAPI.Execute(["v1.sketch.dimension",[{"type":"OFFSET","value":"@expr.d306_width","name":"width","id":3995,"geomIds":[4001]}]])
[0m[0;32m[2026-09-16 13:49:21.004][VERB] RETURN: {"result":"$4047"}
[0m[0;32m[2026-09-16 13:49:21.004][VERB] COMMANDCALL: _C.SafeAPI.Execute(["v1.sketch.dimension",[{"type":"OFFSET","value":"@expr.d307_depth","name":"depth","id":3995,"geomIds":[4005]}]])
[0m[0;32m[2026-09-16 13:49:21.013][VERB] RETURN: {"result":"$4051"}
[0m[0;32m[2026-09-16 13:49:21.013][VERB] COMMANDCALL: _C.SafeAPI.Execute(["v1.part.extrusion",[{"references":[4001,4005,4011,4017],"name":"F302_makeBox_cad_primitives_py_8","taperAngle":0,"limit2":"@expr.d308_height","id":4}]])
[0m[0;32m[2026-09-16 13:49:21.018][VERB] RETURN: {"result":"$4055"}
[0m[0;32m[2026-09-16 13:49:21.019][VERB] COMMANDCALL: _C.SafeAPI.Execute(["v1.part.boolean",[{"type":"SUBTRACTION","tools":[4055],"target":3910,"name":"F62_union_housing_shell_py_61_cavity_0_stock_0","id":4}]])
[0m[0;32m[2026-09-16 13:49:21.031][VERB] RETURN: {"result":"$4098"}
[0m[0;32m[2026-09-16 13:49:21.031][VERB] COMMANDCALL: _C.SafeAPI.Execute(["v1.part.workPlane",[{"type":"PLANE","references":[38],"name":"F310_makeBox_cad_primitives_py_8_plane","offset":"@expr.d311_plane_offset","id":4}]])
[0m[0;32m[2026-09-16 13:49:21.036][VERB] RETURN: {"result":"$4110"}
[0m[0;32m[2026-09-16 13:49:21.036][VERB] COMMANDCALL: _C.SafeAPI.Execute(["v1.sketch.create",[{"planeId":4110,"name":"F310_makeBox_cad_primitives_py_8_profile","id":4}]])
[0m[0;32m[2026-09-16 13:49:21.038][VERB] RETURN: {"result":"$4116"}
[0m[0;32m[2026-09-16 13:49:21.038][VERB] COMMANDCALL: _C.SafeAPI.Execute(["v1.sketch.rectangle",[{"startPos":[85.35,-4,0],"id":4116,"genFixation":0,"endPos":[88.05,-1.3,0]}]])
[0m[0;32m[2026-09-16 13:49:21.045][VERB] RETURN: {"result":["$4122","$4126","$4132","$4138"]}
[0m[0;32m[2026-09-16 13:49:21.045][VERB] COMMANDCALL: _C.SafeAPI.Execute(["v1.sketch.getPoints",[{"id":4122}]])
[0m[0;32m[2026-09-16 13:49:21.045][VERB] RETURN: {"result":{"endId":"$4124","startId":"$4123"}}
[0m[0;32m[2026-09-16 13:49:21.045][VERB] COMMANDCALL: _C.SafeAPI.Execute(["v1.sketch.point",[{"pos":[-1000,-1000,0],"id":4116}]])
[0m[0;32m[2026-09-16 13:49:21.047][VERB] RETURN: {"result":"$4154"}
[0m[0;32m[2026-09-16 13:49:21.047][VERB] COMMANDCALL: _C.SafeAPI.Execute(["v1.sketch.constraint",[{"type":"FIXATION","id":4116,"geomIds":[4154]}]])
[0m[0;32m[2026-09-16 13:49:21.049][VERB] RETURN: {"result":"$4156"}
[0m[0;32m[2026-09-16 13:49:21.049][VERB] COMMANDCALL: _C.SafeAPI.Execute(["v1.sketch.dimension",[{"type":"HORIZONTAL_DISTANCE","value":"@expr.d312_position_x","name":"position_x","id":4116,"geomIds":[4154,4123]}]])
[0m[0;32m[2026-09-16 13:49:21.055][VERB] RETURN: {"result":"$4160"}
[0m[0;32m[2026-09-16 13:49:21.055][VERB] COMMANDCALL: _C.SafeAPI.Execute(["v1.sketch.dimension",[{"type":"VERTICAL_DISTANCE","value":"@expr.d313_position_y","name":"position_y","id":4116,"geomIds":[4154,4123]}]])
[0m[0;32m[2026-09-16 13:49:21.061][VERB] RETURN: {"result":"$4164"}
[0m[0;32m[2026-09-16 13:49:21.062][VERB] COMMANDCALL: _C.SafeAPI.Execute(["v1.sketch.dimension",[{"type":"OFFSET","value":"@expr.d314_width","name":"width","id":4116,"geomIds":[4122]}]])
[0m[0;32m[2026-09-16 13:49:21.069][VERB] RETURN: {"result":"$4168"}
[0m[0;32m[2026-09-16 13:49:21.069][VERB] COMMANDCALL: _C.SafeAPI.Execute(["v1.sketch.dimension",[{"type":"OFFSET","value":"@expr.d315_depth","name":"depth","id":4116,"geomIds":[4126]}]])
[0m[0;32m[2026-09-16 13:49:21.078][VERB] RETURN: {"result":"$4172"}
[0m[0;32m[2026-09-16 13:49:21.078][VERB] COMMANDCALL: _C.SafeAPI.Execute(["v1.part.extrusion",[{"references":[4122,4126,4132,4138],"name":"F310_makeBox_cad_primitives_py_8","taperAngle":0,"limit2":"@expr.d316_height","id":4}]])
[0m[0;32m[2026-09-16 13:49:21.083][VERB] RETURN: {"result":"$4176"}
[0m[0;32m[2026-09-16 13:49:21.084][VERB] COMMANDCALL: _C.SafeAPI.Execute(["v1.part.workPlane",[{"type":"PLANE","references":[38],"name":"F317_makeCylinder_cad_primitives_py_12_plane","offset":"@expr.d318_plane_offset","id":4}]])
[0m[0;32m[2026-09-16 13:49:21.087][VERB] RETURN: {"result":"$4219"}
[0m[0;32m[2026-09-16 13:49:21.088][VERB] COMMANDCALL: _C.SafeAPI.Execute(["v1.sketch.create",[{"planeId":4219,"name":"F317_makeCylinder_cad_primitives_py_12_profile","id":4}]])
[0m[0;32m[2026-09-16 13:49:21.090][VERB] RETURN: {"result":"$4225"}
[0m[0;32m[2026-09-16 13:49:21.090][VERB] COMMANDCALL: _C.SafeAPI.Execute(["v1.sketch.circle",[{"radius":2.7,"id":4225,"genFixation":0,"centerPos":[85.35,-4,0]}]])
[0m[0;32m[2026-09-16 13:49:21.091][VERB] RETURN: {"result":"$4231"}
[0m[0;32m[2026-09-16 13:49:21.091][VERB] COMMANDCALL: _C.SafeAPI.Execute(["v1.sketch.getPoints",[{"id":4231}]])
[0m[0;32m[2026-09-16 13:49:21.092][VERB] RETURN: {"result":{"centerId":"$4232"}}
[0m[0;32m[2026-09-16 13:49:21.092][VERB] COMMANDCALL: _C.SafeAPI.Execute(["v1.sketch.point",[{"pos":[-1000,-1000,0],"id":4225}]])
[0m[0;32m[2026-09-16 13:49:21.093][VERB] RETURN: {"result":"$4234"}
[0m[0;32m[2026-09-16 13:49:21.093][VERB] COMMANDCALL: _C.SafeAPI.Execute(["v1.sketch.constraint",[{"type":"FIXATION","id":4225,"geomIds":[4234]}]])
[0m[0;32m[2026-09-16 13:49:21.094][VERB] RETURN: {"result":"$4236"}
[0m[0;32m[2026-09-16 13:49:21.094][VERB] COMMANDCALL: _C.SafeAPI.Execute(["v1.sketch.dimension",[{"type":"HORIZONTAL_DISTANCE","value":"@expr.d319_position_x","name":"position_x","id":4225,"geomIds":[4234,4232]}]])
[0m[0;32m[2026-09-16 13:49:21.098][VERB] RETURN: {"result":"$4240"}
[0m[0;32m[2026-09-16 13:49:21.099][VERB] COMMANDCALL: _C.SafeAPI.Execute(["v1.sketch.dimension",[{"type":"VERTICAL_DISTANCE","value":"@expr.d320_position_y","name":"position_y","id":4225,"geomIds":[4234,4232]}]])
[0m[0;32m[2026-09-16 13:49:21.104][VERB] RETURN: {"result":"$4244"}
[0m[0;32m[2026-09-16 13:49:21.104][VERB] COMMANDCALL: _C.SafeAPI.Execute(["v1.sketch.dimension",[{"type":"RADIUS","value":"@expr.d321_radius","name":"radius","id":4225,"geomIds":[4231]}]])
[0m[0;32m[2026-09-16 13:49:21.109][VERB] RETURN: {"result":"$4248"}
[0m[0;32m[2026-09-16 13:49:21.109][VERB] COMMANDCALL: _C.SafeAPI.Execute(["v1.part.extrusion",[{"references":[4231],"name":"F317_makeCylinder_cad_primitives_py_12","taperAngle":0,"limit2":"@expr.d322_height","id":4}]])
[0m[0;32m[2026-09-16 13:49:21.115][VERB] RETURN: {"result":"$4252"}
[0m[0;32m[2026-09-16 13:49:21.115][VERB] COMMANDCALL: _C.SafeAPI.Execute(["v1.part.boolean",[{"type":"SUBTRACTION","tools":[4252],"target":4176,"name":"F309_cut_housing_shell_py_25","id":4}]])
[0m[0;32m[2026-09-16 13:49:21.121][VERB] RETURN: {"result":"$4274"}
[0m[0;32m[2026-09-16 13:49:21.121][VERB] COMMANDCALL: _C.SafeAPI.Execute(["v1.part.boolean",[{"type":"SUBTRACTION","tools":[4274],"target":4098,"name":"F62_union_housing_shell_py_61_cavity_0_stock_1","id":4}]])
[0m[0;32m[2026-09-16 13:49:21.130][VERB] RETURN: {"result":"$4292"}
[0m[0;32m[2026-09-16 13:49:21.131][VERB] COMMANDCALL: _C.SafeAPI.Execute(["v1.part.workPlane",[{"type":"PLANE","references":[38],"name":"F323_makeBox_cad_primitives_py_8_plane","offset":"@expr.d324_plane_offset","id":4}]])
[0m[0;32m[2026-09-16 13:49:21.135][VERB] RETURN: {"result":"$4304"}
[0m[0;32m[2026-09-16 13:49:21.136][VERB] COMMANDCALL: _C.SafeAPI.Execute(["v1.sketch.create",[{"planeId":4304,"name":"F323_makeBox_cad_primitives_py_8_profile","id":4}]])
[0m[0;32m[2026-09-16 13:49:21.138][VERB] RETURN: {"result":"$4310"}
[0m[0;32m[2026-09-16 13:49:21.138][VERB] COMMANDCALL: _C.SafeAPI.Execute(["v1.sketch.rectangle",[{"startPos":[88.05,30,0],"id":4310,"genFixation":0,"endPos":[92.5,41.3,0]}]])
[0m[0;32m[2026-09-16 13:49:21.145][VERB] RETURN: {"result":["$4316","$4320","$4326","$4332"]}
[0m[0;32m[2026-09-16 13:49:21.145][VERB] COMMANDCALL: _C.SafeAPI.Execute(["v1.sketch.getPoints",[{"id":4316}]])
[0m[0;32m[2026-09-16 13:49:21.145][VERB] RETURN: {"result":{"endId":"$4318","startId":"$4317"}}
[0m[0;32m[2026-09-16 13:49:21.145][VERB] COMMANDCALL: _C.SafeAPI.Execute(["v1.sketch.point",[{"pos":[-1000,-1000,0],"id":4310}]])
[0m[0;32m[2026-09-16 13:49:21.147][VERB] RETURN: {"result":"$4348"}
[0m[0;32m[2026-09-16 13:49:21.147][VERB] COMMANDCALL: _C.SafeAPI.Execute(["v1.sketch.constraint",[{"type":"FIXATION","id":4310,"geomIds":[4348]}]])
[0m[0;32m[2026-09-16 13:49:21.149][VERB] RETURN: {"result":"$4350"}
[0m[0;32m[2026-09-16 13:49:21.149][VERB] COMMANDCALL: _C.SafeAPI.Execute(["v1.sketch.dimension",[{"type":"HORIZONTAL_DISTANCE","value":"@expr.d325_position_x","name":"position_x","id":4310,"geomIds":[4348,4317]}]])
[0m[0;32m[2026-09-16 13:49:21.154][VERB] RETURN: {"result":"$4354"}
[0m[0;32m[2026-09-16 13:49:21.155][VERB] COMMANDCALL: _C.SafeAPI.Execute(["v1.sketch.dimension",[{"type":"VERTICAL_DISTANCE","value":"@expr.d326_position_y","name":"position_y","id":4310,"geomIds":[4348,4317]}]])
[0m[0;32m[2026-09-16 13:49:21.161][VERB] RETURN: {"result":"$4358"}
[0m[0;32m[2026-09-16 13:49:21.161][VERB] COMMANDCALL: _C.SafeAPI.Execute(["v1.sketch.dimension",[{"type":"OFFSET","value":"@expr.d327_width","name":"width","id":4310,"geomIds":[4316]}]])
[0m[0;32m[2026-09-16 13:49:21.169][VERB] RETURN: {"result":"$4362"}
[0m[0;32m[2026-09-16 13:49:21.170][VERB] COMMANDCALL: _C.SafeAPI.Execute(["v1.sketch.dimension",[{"type":"OFFSET","value":"@expr.d328_depth","name":"depth","id":4310,"geomIds":[4320]}]])
[0m[0;32m[2026-09-16 13:49:21.178][VERB] RETURN: {"result":"$4366"}
[0m[0;32m[2026-09-16 13:49:21.178][VERB] COMMANDCALL: _C.SafeAPI.Execute(["v1.part.extrusion",[{"references":[4316,4320,4326,4332],"name":"F323_makeBox_cad_primitives_py_8","taperAngle":0,"limit2":"@expr.d329_height","id":4}]])
[0m[0;32m[2026-09-16 13:49:21.184][VERB] RETURN: {"result":"$4370"}
[0m[0;32m[2026-09-16 13:49:21.184][VERB] COMMANDCALL: _C.SafeAPI.Execute(["v1.part.boolean",[{"type":"SUBTRACTION","tools":[4370],"target":4292,"name":"F62_union_housing_shell_py_61_cavity_0_stock_2","id":4}]])
[0m[0;32m[2026-09-16 13:49:21.197][VERB] RETURN: {"result":"$4413"}
[0m[0;32m[2026-09-16 13:49:21.197][VERB] COMMANDCALL: _C.SafeAPI.Execute(["v1.part.workPlane",[{"type":"PLANE","references":[38],"name":"F330_makeBox_cad_primitives_py_8_plane","offset":"@expr.d331_plane_offset","id":4}]])
[0m[0;32m[2026-09-16 13:49:21.201][VERB] RETURN: {"result":"$4425"}
[0m[0;32m[2026-09-16 13:49:21.201][VERB] COMMANDCALL: _C.SafeAPI.Execute(["v1.sketch.create",[{"planeId":4425,"name":"F330_makeBox_cad_primitives_py_8_profile","id":4}]])
[0m[0;32m[2026-09-16 13:49:21.204][VERB] RETURN: {"result":"$4431"}
[0m[0;32m[2026-09-16 13:49:21.204][VERB] COMMANDCALL: _C.SafeAPI.Execute(["v1.sketch.rectangle",[{"startPos":[88.05,30,0],"id":4431,"genFixation":0,"endPos":[92.5,38,0]}]])
[0m[0;32m[2026-09-16 13:49:21.210][VERB] RETURN: {"result":["$4437","$4441","$4447","$4453"]}
[0m[0;32m[2026-09-16 13:49:21.210][VERB] COMMANDCALL: _C.SafeAPI.Execute(["v1.sketch.getPoints",[{"id":4437}]])
[0m[0;32m[2026-09-16 13:49:21.211][VERB] RETURN: {"result":{"endId":"$4439","startId":"$4438"}}
[0m[0;32m[2026-09-16 13:49:21.211][VERB] COMMANDCALL: _C.SafeAPI.Execute(["v1.sketch.point",[{"pos":[-1000,-1000,0],"id":4431}]])
[0m[0;32m[2026-09-16 13:49:21.213][VERB] RETURN: {"result":"$4469"}
[0m[0;32m[2026-09-16 13:49:21.213][VERB] COMMANDCALL: _C.SafeAPI.Execute(["v1.sketch.constraint",[{"type":"FIXATION","id":4431,"geomIds":[4469]}]])
[0m[0;32m[2026-09-16 13:49:21.215][VERB] RETURN: {"result":"$4471"}
[0m[0;32m[2026-09-16 13:49:21.215][VERB] COMMANDCALL: _C.SafeAPI.Execute(["v1.sketch.dimension",[{"type":"HORIZONTAL_DISTANCE","value":"@expr.d332_position_x","name":"position_x","id":4431,"geomIds":[4469,4438]}]])
[0m[0;32m[2026-09-16 13:49:21.221][VERB] RETURN: {"result":"$4475"}
[0m[0;32m[2026-09-16 13:49:21.221][VERB] COMMANDCALL: _C.SafeAPI.Execute(["v1.sketch.dimension",[{"type":"VERTICAL_DISTANCE","value":"@expr.d333_position_y","name":"position_y","id":4431,"geomIds":[4469,4438]}]])
[0m[0;32m[2026-09-16 13:49:21.227][VERB] RETURN: {"result":"$4479"}
[0m[0;32m[2026-09-16 13:49:21.227][VERB] COMMANDCALL: _C.SafeAPI.Execute(["v1.sketch.dimension",[{"type":"OFFSET","value":"@expr.d334_width","name":"width","id":4431,"geomIds":[4437]}]])
[0m[0;32m[2026-09-16 13:49:21.235][VERB] RETURN: {"result":"$4483"}
[0m[0;32m[2026-09-16 13:49:21.235][VERB] COMMANDCALL: _C.SafeAPI.Execute(["v1.sketch.dimension",[{"type":"OFFSET","value":"@expr.d335_depth","name":"depth","id":4431,"geomIds":[4441]}]])
[0m[0;32m[2026-09-16 13:49:21.243][VERB] RETURN: {"result":"$4487"}
[0m[0;32m[2026-09-16 13:49:21.243][VERB] COMMANDCALL: _C.SafeAPI.Execute(["v1.part.extrusion",[{"references":[4437,4441,4447,4453],"name":"F330_makeBox_cad_primitives_py_8","taperAngle":0,"limit2":"@expr.d336_height","id":4}]])
[0m[0;32m[2026-09-16 13:49:21.249][VERB] RETURN: {"result":"$4491"}
[0m[0;32m[2026-09-16 13:49:21.249][VERB] COMMANDCALL: _C.SafeAPI.Execute(["v1.part.boolean",[{"type":"SUBTRACTION","tools":[4491],"target":4413,"name":"F62_union_housing_shell_py_61_cavity_0_stock_3","id":4}]])
[0m[0;32m[2026-09-16 13:49:21.261][VERB] RETURN: {"result":"$4534"}
[0m[0;32m[2026-09-16 13:49:21.261][VERB] COMMANDCALL: _C.SafeAPI.Execute(["v1.part.boolean",[{"type":"SUBTRACTION","tools":[4534],"target":3169,"name":"F62_union_housing_shell_py_61_cavity_0","id":4}]])
[0m[0;32m[2026-09-16 13:49:21.319][VERB] RETURN: {"result":"$4546"}
[0m[0;32m[2026-09-16 13:49:21.320][VERB] COMMANDCALL: _C.SafeAPI.Execute(["v1.sketch.create",[{"planeId":38,"name":"F337_chamfer_shell_skin_py_17_middle_profile","id":4}]])
[0m[0;32m[2026-09-16 13:49:21.322][VERB] RETURN: {"result":"$4714"}
[0m[0;32m[2026-09-16 13:49:21.322][VERB] COMMANDCALL: _C.SafeAPI.Execute(["v1.sketch.point",[{"pos":[-1000,-1000,0],"id":4714}]])
[0m[0;32m[2026-09-16 13:49:21.323][VERB] RETURN: {"result":"$4720"}
[0m[0;32m[2026-09-16 13:49:21.323][VERB] COMMANDCALL: _C.SafeAPI.Execute(["v1.sketch.constraint",[{"type":"FIXATION","id":4714,"geomIds":[4720]}]])
[0m[0;32m[2026-09-16 13:49:21.324][VERB] RETURN: {"result":"$4722"}
[0m[0;32m[2026-09-16 13:49:21.324][VERB] COMMANDCALL: _C.SafeAPI.Execute(["v1.sketch.line",[{"startPos":[2.1,23,0],"genIncidence":0,"genTangency":0,"genFixation":0,"genVertAndHoriz":0,"id":4714,"endPos":[54.7,23,0]}]])
[0m[0;32m[2026-09-16 13:49:21.325][VERB] RETURN: {"result":"$4724"}
[0m[0;32m[2026-09-16 13:49:21.326][VERB] COMMANDCALL: _C.SafeAPI.Execute(["v1.sketch.getPoints",[{"id":4724}]])
[0m[0;32m[2026-09-16 13:49:21.326][VERB] RETURN: {"result":{"endId":"$4726","startId":"$4725"}}
[0m[0;32m[2026-09-16 13:49:21.326][VERB] COMMANDCALL: _C.SafeAPI.Execute(["v1.sketch.dimension",[{"type":"HORIZONTAL_DISTANCE","value":"@expr.d338_x","name":"x","id":4714,"geomIds":[4720,4725]}]])
[0m[0;32m[2026-09-16 13:49:21.331][VERB] RETURN: {"result":"$4730"}
[0m[0;32m[2026-09-16 13:49:21.331][VERB] COMMANDCALL: _C.SafeAPI.Execute(["v1.sketch.dimension",[{"type":"VERTICAL_DISTANCE","value":"@expr.d339_y","name":"y","id":4714,"geomIds":[4720,4725]}]])
[0m[0;32m[2026-09-16 13:49:21.336][VERB] RETURN: {"result":"$4734"}
[0m[0;32m[2026-09-16 13:49:21.336][VERB] COMMANDCALL: _C.SafeAPI.Execute(["v1.sketch.dimension",[{"type":"HORIZONTAL_DISTANCE","value":"@expr.d340_x","name":"x","id":4714,"geomIds":[4720,4726]}]])
[0m[0;32m[2026-09-16 13:49:21.342][VERB] RETURN: {"result":"$4738"}
[0m[0;32m[2026-09-16 13:49:21.342][VERB] COMMANDCALL: _C.SafeAPI.Execute(["v1.sketch.dimension",[{"type":"VERTICAL_DISTANCE","value":"@expr.d341_y","name":"y","id":4714,"geomIds":[4720,4726]}]])
[0m[0;32m[2026-09-16 13:49:21.349][VERB] RETURN: {"result":"$4742"}
[0m[0;32m[2026-09-16 13:49:21.350][VERB] COMMANDCALL: _C.SafeAPI.Execute(["v1.sketch.line",[{"startPos":[54.7,23,0],"genIncidence":0,"genTangency":0,"genFixation":0,"genVertAndHoriz":0,"id":4714,"endPos":[55.2,23.5,0]}]])
[0m[0;32m[2026-09-16 13:49:21.353][VERB] RETURN: {"result":"$4744"}
[0m[0;32m[2026-09-16 13:49:21.353][VERB] COMMANDCALL: _C.SafeAPI.Execute(["v1.sketch.getPoints",[{"id":4744}]])
[0m[0;32m[2026-09-16 13:49:21.353][VERB] RETURN: {"result":{"endId":"$4746","startId":"$4745"}}
[0m[0;32m[2026-09-16 13:49:21.353][VERB] COMMANDCALL: _C.SafeAPI.Execute(["v1.sketch.dimension",[{"type":"HORIZONTAL_DISTANCE","value":"@expr.d342_x","name":"x","id":4714,"geomIds":[4720,4745]}]])
[0m[0;32m[2026-09-16 13:49:21.361][VERB] RETURN: {"result":"$4750"}
[0m[0;32m[2026-09-16 13:49:21.361][VERB] COMMANDCALL: _C.SafeAPI.Execute(["v1.sketch.dimension",[{"type":"VERTICAL_DISTANCE","value":"@expr.d343_y","name":"y","id":4714,"geomIds":[4720,4745]}]])
[0m[0;32m[2026-09-16 13:49:21.370][VERB] RETURN: {"result":"$4754"}
[0m[0;32m[2026-09-16 13:49:21.370][VERB] COMMANDCALL: _C.SafeAPI.Execute(["v1.sketch.dimension",[{"type":"HORIZONTAL_DISTANCE","value":"@expr.d344_x","name":"x","id":4714,"geomIds":[4720,4746]}]])
[0m[0;32m[2026-09-16 13:49:21.379][VERB] RETURN: {"result":"$4758"}
[0m[0;32m[2026-09-16 13:49:21.379][VERB] COMMANDCALL: _C.SafeAPI.Execute(["v1.sketch.dimension",[{"type":"VERTICAL_DISTANCE","value":"@expr.d345_y","name":"y","id":4714,"geomIds":[4720,4746]}]])
[0m[0;32m[2026-09-16 13:49:21.389][VERB] RETURN: {"result":"$4762"}
[0m[0;32m[2026-09-16 13:49:21.389][VERB] COMMANDCALL: _C.SafeAPI.Execute(["v1.sketch.line",[{"startPos":[55.2,23.5,0],"genIncidence":0,"genTangency":0,"genFixation":0,"genVertAndHoriz":0,"id":4714,"endPos":[55.2,61.9,0]}]])
[0m[0;32m[2026-09-16 13:49:21.394][VERB] RETURN: {"result":"$4764"}
[0m[0;32m[2026-09-16 13:49:21.394][VERB] COMMANDCALL: _C.SafeAPI.Execute(["v1.sketch.getPoints",[{"id":4764}]])
[0m[0;32m[2026-09-16 13:49:21.394][VERB] RETURN: {"result":{"endId":"$4766","startId":"$4765"}}
[0m[0;32m[2026-09-16 13:49:21.395][VERB] COMMANDCALL: _C.SafeAPI.Execute(["v1.sketch.dimension",[{"type":"HORIZONTAL_DISTANCE","value":"@expr.d346_x","name":"x","id":4714,"geomIds":[4720,4765]}]])
[0m[0;32m[2026-09-16 13:49:21.405][VERB] RETURN: {"result":"$4770"}
[0m[0;32m[2026-09-16 13:49:21.406][VERB] COMMANDCALL: _C.SafeAPI.Execute(["v1.sketch.dimension",[{"type":"VERTICAL_DISTANCE","value":"@expr.d347_y","name":"y","id":4714,"geomIds":[4720,4765]}]])
[0m[0;32m[2026-09-16 13:49:21.418][VERB] RETURN: {"result":"$4774"}
[0m[0;32m[2026-09-16 13:49:21.418][VERB] COMMANDCALL: _C.SafeAPI.Execute(["v1.sketch.dimension",[{"type":"HORIZONTAL_DISTANCE","value":"@expr.d348_x","name":"x","id":4714,"geomIds":[4720,4766]}]])
[0m[0;32m[2026-09-16 13:49:21.430][VERB] RETURN: {"result":"$4778"}
[0m[0;32m[2026-09-16 13:49:21.431][VERB] COMMANDCALL: _C.SafeAPI.Execute(["v1.sketch.dimension",[{"type":"VERTICAL_DISTANCE","value":"@expr.d349_y","name":"y","id":4714,"geomIds":[4720,4766]}]])
[0m[0;32m[2026-09-16 13:49:21.444][VERB] RETURN: {"result":"$4782"}
[0m[0;32m[2026-09-16 13:49:21.444][VERB] COMMANDCALL: _C.SafeAPI.Execute(["v1.sketch.line",[{"startPos":[55.2,61.9,0],"genIncidence":0,"genTangency":0,"genFixation":0,"genVertAndHoriz":0,"id":4714,"endPos":[54.7,62.4,0]}]])
[0m[0;32m[2026-09-16 13:49:21.451][VERB] RETURN: {"result":"$4784"}
[0m[0;32m[2026-09-16 13:49:21.451][VERB] COMMANDCALL: _C.SafeAPI.Execute(["v1.sketch.getPoints",[{"id":4784}]])
[0m[0;32m[2026-09-16 13:49:21.451][VERB] RETURN: {"result":{"endId":"$4786","startId":"$4785"}}
[0m[0;32m[2026-09-16 13:49:21.451][VERB] COMMANDCALL: _C.SafeAPI.Execute(["v1.sketch.dimension",[{"type":"HORIZONTAL_DISTANCE","value":"@expr.d350_x","name":"x","id":4714,"geomIds":[4720,4785]}]])
[0m[0;32m[2026-09-16 13:49:21.465][VERB] RETURN: {"result":"$4790"}
[0m[0;32m[2026-09-16 13:49:21.465][VERB] COMMANDCALL: _C.SafeAPI.Execute(["v1.sketch.dimension",[{"type":"VERTICAL_DISTANCE","value":"@expr.d351_y","name":"y","id":4714,"geomIds":[4720,4785]}]])
[0m[0;32m[2026-09-16 13:49:21.480][VERB] RETURN: {"result":"$4794"}
[0m[0;32m[2026-09-16 13:49:21.481][VERB] COMMANDCALL: _C.SafeAPI.Execute(["v1.sketch.dimension",[{"type":"HORIZONTAL_DISTANCE","value":"@expr.d352_x","name":"x","id":4714,"geomIds":[4720,4786]}]])
[0m[0;32m[2026-09-16 13:49:21.496][VERB] RETURN: {"result":"$4798"}
[0m[0;32m[2026-09-16 13:49:21.497][VERB] COMMANDCALL: _C.SafeAPI.Execute(["v1.sketch.dimension",[{"type":"VERTICAL_DISTANCE","value":"@expr.d353_y","name":"y","id":4714,"geomIds":[4720,4786]}]])
[0m[0;32m[2026-09-16 13:49:21.513][VERB] RETURN: {"result":"$4802"}
[0m[0;32m[2026-09-16 13:49:21.513][VERB] COMMANDCALL: _C.SafeAPI.Execute(["v1.sketch.line",[{"startPos":[54.7,62.4,0],"genIncidence":0,"genTangency":0,"genFixation":0,"genVertAndHoriz":0,"id":4714,"endPos":[2.1,62.4,0]}]])
[0m[0;32m[2026-09-16 13:49:21.521][VERB] RETURN: {"result":"$4804"}
[0m[0;32m[2026-09-16 13:49:21.522][VERB] COMMANDCALL: _C.SafeAPI.Execute(["v1.sketch.getPoints",[{"id":4804}]])
[0m[0;32m[2026-09-16 13:49:21.522][VERB] RETURN: {"result":{"endId":"$4806","startId":"$4805"}}
[0m[0;32m[2026-09-16 13:49:21.523][VERB] COMMANDCALL: _C.SafeAPI.Execute(["v1.sketch.dimension",[{"type":"HORIZONTAL_DISTANCE","value":"@expr.d354_x","name":"x","id":4714,"geomIds":[4720,4805]}]])
[0m[0;32m[2026-09-16 13:49:21.541][VERB] RETURN: {"result":"$4810"}
[0m[0;32m[2026-09-16 13:49:21.542][VERB] COMMANDCALL: _C.SafeAPI.Execute(["v1.sketch.dimension",[{"type":"VERTICAL_DISTANCE","value":"@expr.d355_y","name":"y","id":4714,"geomIds":[4720,4805]}]])
[0m[0;32m[2026-09-16 13:49:21.560][VERB] RETURN: {"result":"$4814"}
[0m[0;32m[2026-09-16 13:49:21.560][VERB] COMMANDCALL: _C.SafeAPI.Execute(["v1.sketch.dimension",[{"type":"HORIZONTAL_DISTANCE","value":"@expr.d356_x","name":"x","id":4714,"geomIds":[4720,4806]}]])
[0m[0;32m[2026-09-16 13:49:21.578][VERB] RETURN: {"result":"$4818"}
[0m[0;32m[2026-09-16 13:49:21.579][VERB] COMMANDCALL: _C.SafeAPI.Execute(["v1.sketch.dimension",[{"type":"VERTICAL_DISTANCE","value":"@expr.d357_y","name":"y","id":4714,"geomIds":[4720,4806]}]])
[0m[0;32m[2026-09-16 13:49:21.598][VERB] RETURN: {"result":"$4822"}
[0m[0;32m[2026-09-16 13:49:21.598][VERB] COMMANDCALL: _C.SafeAPI.Execute(["v1.sketch.line",[{"startPos":[2.1,62.4,0],"genIncidence":0,"genTangency":0,"genFixation":0,"genVertAndHoriz":0,"id":4714,"endPos":[1.6,61.9,0]}]])
[0m[0;32m[2026-09-16 13:49:21.608][VERB] RETURN: {"result":"$4824"}
[0m[0;32m[2026-09-16 13:49:21.608][VERB] COMMANDCALL: _C.SafeAPI.Execute(["v1.sketch.getPoints",[{"id":4824}]])
[0m[0;32m[2026-09-16 13:49:21.608][VERB] RETURN: {"result":{"endId":"$4826","startId":"$4825"}}
[0m[0;32m[2026-09-16 13:49:21.608][VERB] COMMANDCALL: _C.SafeAPI.Execute(["v1.sketch.dimension",[{"type":"HORIZONTAL_DISTANCE","value":"@expr.d358_x","name":"x","id":4714,"geomIds":[4720,4825]}]])
[0m[0;32m[2026-09-16 13:49:21.629][VERB] RETURN: {"result":"$4830"}
[0m[0;32m[2026-09-16 13:49:21.629][VERB] COMMANDCALL: _C.SafeAPI.Execute(["v1.sketch.dimension",[{"type":"VERTICAL_DISTANCE","value":"@expr.d359_y","name":"y","id":4714,"geomIds":[4720,4825]}]])
[0m[0;32m[2026-09-16 13:49:21.649][VERB] RETURN: {"result":"$4834"}
[0m[0;32m[2026-09-16 13:49:21.649][VERB] COMMANDCALL: _C.SafeAPI.Execute(["v1.sketch.dimension",[{"type":"HORIZONTAL_DISTANCE","value":"@expr.d360_x","name":"x","id":4714,"geomIds":[4720,4826]}]])
[0m[0;32m[2026-09-16 13:49:21.670][VERB] RETURN: {"result":"$4838"}
[0m[0;32m[2026-09-16 13:49:21.671][VERB] COMMANDCALL: _C.SafeAPI.Execute(["v1.sketch.dimension",[{"type":"VERTICAL_DISTANCE","value":"@expr.d361_y","name":"y","id":4714,"geomIds":[4720,4826]}]])
[0m[0;32m[2026-09-16 13:49:21.693][VERB] RETURN: {"result":"$4842"}
[0m[0;32m[2026-09-16 13:49:21.694][VERB] COMMANDCALL: _C.SafeAPI.Execute(["v1.sketch.line",[{"startPos":[1.6,61.9,0],"genIncidence":0,"genTangency":0,"genFixation":0,"genVertAndHoriz":0,"id":4714,"endPos":[1.6,23.5,0]}]])
[0m[0;32m[2026-09-16 13:49:21.705][VERB] RETURN: {"result":"$4844"}
[0m[0;32m[2026-09-16 13:49:21.705][VERB] COMMANDCALL: _C.SafeAPI.Execute(["v1.sketch.getPoints",[{"id":4844}]])
[0m[0;32m[2026-09-16 13:49:21.706][VERB] RETURN: {"result":{"endId":"$4846","startId":"$4845"}}
[0m[0;32m[2026-09-16 13:49:21.706][VERB] COMMANDCALL: _C.SafeAPI.Execute(["v1.sketch.dimension",[{"type":"HORIZONTAL_DISTANCE","value":"@expr.d362_x","name":"x","id":4714,"geomIds":[4720,4845]}]])
[0m[0;32m[2026-09-16 13:49:21.730][VERB] RETURN: {"result":"$4850"}
[0m[0;32m[2026-09-16 13:49:21.730][VERB] COMMANDCALL: _C.SafeAPI.Execute(["v1.sketch.dimension",[{"type":"VERTICAL_DISTANCE","value":"@expr.d363_y","name":"y","id":4714,"geomIds":[4720,4845]}]])
[0m[0;32m[2026-09-16 13:49:21.754][VERB] RETURN: {"result":"$4854"}
[0m[0;32m[2026-09-16 13:49:21.754][VERB] COMMANDCALL: _C.SafeAPI.Execute(["v1.sketch.dimension",[{"type":"HORIZONTAL_DISTANCE","value":"@expr.d364_x","name":"x","id":4714,"geomIds":[4720,4846]}]])
[0m[0;32m[2026-09-16 13:49:21.778][VERB] RETURN: {"result":"$4858"}
[0m[0;32m[2026-09-16 13:49:21.779][VERB] COMMANDCALL: _C.SafeAPI.Execute(["v1.sketch.dimension",[{"type":"VERTICAL_DISTANCE","value":"@expr.d365_y","name":"y","id":4714,"geomIds":[4720,4846]}]])
[0m[0;32m[2026-09-16 13:49:21.804][VERB] RETURN: {"result":"$4862"}
[0m[0;32m[2026-09-16 13:49:21.804][VERB] COMMANDCALL: _C.SafeAPI.Execute(["v1.sketch.line",[{"startPos":[1.6,23.5,0],"genIncidence":0,"genTangency":0,"genFixation":0,"genVertAndHoriz":0,"id":4714,"endPos":[2.1,23,0]}]])
[0m[0;32m[2026-09-16 13:49:21.818][VERB] RETURN: {"result":"$4864"}
[0m[0;32m[2026-09-16 13:49:21.818][VERB] COMMANDCALL: _C.SafeAPI.Execute(["v1.sketch.getPoints",[{"id":4864}]])
[0m[0;32m[2026-09-16 13:49:21.818][VERB] RETURN: {"result":{"endId":"$4866","startId":"$4865"}}
[0m[0;32m[2026-09-16 13:49:21.819][VERB] COMMANDCALL: _C.SafeAPI.Execute(["v1.sketch.dimension",[{"type":"HORIZONTAL_DISTANCE","value":"@expr.d366_x","name":"x","id":4714,"geomIds":[4720,4865]}]])
[0m[0;32m[2026-09-16 13:49:21.845][VERB] RETURN: {"result":"$4870"}
[0m[0;32m[2026-09-16 13:49:21.846][VERB] COMMANDCALL: _C.SafeAPI.Execute(["v1.sketch.dimension",[{"type":"VERTICAL_DISTANCE","value":"@expr.d367_y","name":"y","id":4714,"geomIds":[4720,4865]}]])
[0m[0;32m[2026-09-16 13:49:21.873][VERB] RETURN: {"result":"$4874"}
[0m[0;32m[2026-09-16 13:49:21.874][VERB] COMMANDCALL: _C.SafeAPI.Execute(["v1.sketch.dimension",[{"type":"HORIZONTAL_DISTANCE","value":"@expr.d368_x","name":"x","id":4714,"geomIds":[4720,4866]}]])
[0m[0;32m[2026-09-16 13:49:21.902][VERB] RETURN: {"result":"$4878"}
[0m[0;32m[2026-09-16 13:49:21.902][VERB] COMMANDCALL: _C.SafeAPI.Execute(["v1.sketch.dimension",[{"type":"VERTICAL_DISTANCE","value":"@expr.d369_y","name":"y","id":4714,"geomIds":[4720,4866]}]])
[0m[0;32m[2026-09-16 13:49:21.930][VERB] RETURN: {"result":"$4882"}
[0m[0;32m[2026-09-16 13:49:21.931][VERB] COMMANDCALL: _C.SafeAPI.Execute(["v1.part.extrusion",[{"references":[4724,4744,4764,4784,4804,4824,4844,4864],"name":"F337_chamfer_shell_skin_py_17_middle","taperAngle":0,"limit2":"@expr.d370_height","id":4}]])
[0m[0;32m[2026-09-16 13:49:21.937][VERB] RETURN: {"result":"$4886"}
[0m[0;32m[2026-09-16 13:49:21.937][VERB] COMMANDCALL: _C.SafeAPI.Execute(["v1.part.translation",[{"references":[34],"name":"F337_chamfer_shell_skin_py_17_middle_2","id":4,"targets":[4886],"distance":"@expr.d371_position"}]])
[0m[0;32m[2026-09-16 13:49:21.942][VERB] RETURN: {"result":"$4957"}
[0m[0;32m[2026-09-16 13:49:21.942][VERB] COMMANDCALL: _C.SafeAPI.Execute(["v1.part.extrusion",[{"references":[4724,4744,4764,4784,4804,4824,4844,4864],"name":"F337_chamfer_shell_skin_py_17_bottom","taperAngle":0.78539816339745,"limit2":"@expr.d372_bevel_height","id":4}]])
[0m[0;32m[2026-09-16 13:49:21.951][VERB] RETURN: {"result":"$4968"}
[0m[0;32m[2026-09-16 13:49:21.952][VERB] COMMANDCALL: _C.SafeAPI.Execute(["v1.part.translation",[{"references":[34],"name":"F337_chamfer_shell_skin_py_17_bottom_2","id":4,"targets":[4968],"distance":"@expr.d373_position"}]])
[0m[0;32m[2026-09-16 13:49:21.956][VERB] RETURN: {"result":"$5031"}
[0m[0;32m[2026-09-16 13:49:21.957][VERB] COMMANDCALL: _C.SafeAPI.Execute(["v1.part.extrusion",[{"references":[4724,4744,4764,4784,4804,4824,4844,4864],"name":"F337_chamfer_shell_skin_py_17_top","taperAngle":0.78539816339745,"limit2":"@expr.d374_bevel_height","id":4}]])
[0m[0;32m[2026-09-16 13:49:21.966][VERB] RETURN: {"result":"$5042"}
[0m[0;32m[2026-09-16 13:49:21.966][VERB] COMMANDCALL: _C.SafeAPI.Execute(["v1.part.translation",[{"references":[34],"name":"F337_chamfer_shell_skin_py_17_top_2","id":4,"targets":[5042],"distance":"@expr.d375_position"}]])
[0m[0;32m[2026-09-16 13:49:21.971][VERB] RETURN: {"result":"$5105"}
[0m[0;32m[2026-09-16 13:49:21.971][VERB] COMMANDCALL: _C.SafeAPI.Execute(["v1.part.boolean",[{"type":"UNION","tools":[5031,5105],"target":4957,"name":"F337_chamfer_shell_skin_py_17","id":4}]])
[0m[0;32m[2026-09-16 13:49:21.995][VERB] RETURN: {"result":"$5116"}
[0m[0;32m[2026-09-16 13:49:21.996][VERB] COMMANDCALL: _C.SafeAPI.Execute(["v1.part.workPlane",[{"type":"PLANE","references":[38],"name":"F376_makeBox_cad_primitives_py_8_plane","offset":"@expr.d377_plane_offset","id":4}]])
[0m[0;32m[2026-09-16 13:49:21.999][VERB] RETURN: {"result":"$5195"}
[0m[0;32m[2026-09-16 13:49:22.000][VERB] COMMANDCALL: _C.SafeAPI.Execute(["v1.sketch.create",[{"planeId":5195,"name":"F376_makeBox_cad_primitives_py_8_profile","id":4}]])
[0m[0;32m[2026-09-16 13:49:22.002][VERB] RETURN: {"result":"$5201"}
[0m[0;32m[2026-09-16 13:49:22.003][VERB] COMMANDCALL: _C.SafeAPI.Execute(["v1.sketch.rectangle",[{"startPos":[88.05,-7,0],"id":5201,"genFixation":0,"endPos":[92.5,5,0]}]])
[0m[0;32m[2026-09-16 13:49:22.010][VERB] RETURN: {"result":["$5207","$5211","$5217","$5223"]}
[0m[0;32m[2026-09-16 13:49:22.010][VERB] COMMANDCALL: _C.SafeAPI.Execute(["v1.sketch.getPoints",[{"id":5207}]])
[0m[0;32m[2026-09-16 13:49:22.010][VERB] RETURN: {"result":{"endId":"$5209","startId":"$5208"}}
[0m[0;32m[2026-09-16 13:49:22.010][VERB] COMMANDCALL: _C.SafeAPI.Execute(["v1.sketch.point",[{"pos":[-1000,-1000,0],"id":5201}]])
[0m[0;32m[2026-09-16 13:49:22.012][VERB] RETURN: {"result":"$5239"}
[0m[0;32m[2026-09-16 13:49:22.013][VERB] COMMANDCALL: _C.SafeAPI.Execute(["v1.sketch.constraint",[{"type":"FIXATION","id":5201,"geomIds":[5239]}]])
[0m[0;32m[2026-09-16 13:49:22.014][VERB] RETURN: {"result":"$5241"}
[0m[0;32m[2026-09-16 13:49:22.014][VERB] COMMANDCALL: _C.SafeAPI.Execute(["v1.sketch.dimension",[{"type":"HORIZONTAL_DISTANCE","value":"@expr.d378_position_x","name":"position_x","id":5201,"geomIds":[5239,5208]}]])
[0m[0;32m[2026-09-16 13:49:22.020][VERB] RETURN: {"result":"$5245"}
[0m[0;32m[2026-09-16 13:49:22.021][VERB] COMMANDCALL: _C.SafeAPI.Execute(["v1.sketch.dimension",[{"type":"VERTICAL_DISTANCE","value":"@expr.d379_position_y","name":"position_y","id":5201,"geomIds":[5239,5208]}]])
[0m[0;32m[2026-09-16 13:49:22.027][VERB] RETURN: {"result":"$5249"}
[0m[0;32m[2026-09-16 13:49:22.028][VERB] COMMANDCALL: _C.SafeAPI.Execute(["v1.sketch.dimension",[{"type":"OFFSET","value":"@expr.d380_width","name":"width","id":5201,"geomIds":[5207]}]])
[0m[0;32m[2026-09-16 13:49:22.035][VERB] RETURN: {"result":"$5253"}
[0m[0;32m[2026-09-16 13:49:22.036][VERB] COMMANDCALL: _C.SafeAPI.Execute(["v1.sketch.dimension",[{"type":"OFFSET","value":"@expr.d381_depth","name":"depth","id":5201,"geomIds":[5211]}]])
[0m[0;32m[2026-09-16 13:49:22.044][VERB] RETURN: {"result":"$5257"}
[0m[0;32m[2026-09-16 13:49:22.044][VERB] COMMANDCALL: _C.SafeAPI.Execute(["v1.part.extrusion",[{"references":[5207,5211,5217,5223],"name":"F376_makeBox_cad_primitives_py_8","taperAngle":0,"limit2":"@expr.d382_height","id":4}]])
[0m[0;32m[2026-09-16 13:49:22.050][VERB] RETURN: {"result":"$5261"}
[0m[0;32m[2026-09-16 13:49:22.050][VERB] COMMANDCALL: _C.SafeAPI.Execute(["v1.part.boolean",[{"type":"SUBTRACTION","tools":[5261],"target":5116,"name":"F62_union_housing_shell_py_61_cavity_1_stock_0","id":4}]])
[0m[0;32m[2026-09-16 13:49:22.063][VERB] RETURN: {"result":"$5304"}
[0m[0;32m[2026-09-16 13:49:22.064][VERB] COMMANDCALL: _C.SafeAPI.Execute(["v1.part.workPlane",[{"type":"PLANE","references":[38],"name":"F384_makeBox_cad_primitives_py_8_plane","offset":"@expr.d385_plane_offset","id":4}]])
[0m[0;32m[2026-09-16 13:49:22.068][VERB] RETURN: {"result":"$5316"}
[0m[0;32m[2026-09-16 13:49:22.069][VERB] COMMANDCALL: _C.SafeAPI.Execute(["v1.sketch.create",[{"planeId":5316,"name":"F384_makeBox_cad_primitives_py_8_profile","id":4}]])
[0m[0;32m[2026-09-16 13:49:22.071][VERB] RETURN: {"result":"$5322"}
[0m[0;32m[2026-09-16 13:49:22.071][VERB] COMMANDCALL: _C.SafeAPI.Execute(["v1.sketch.rectangle",[{"startPos":[85.35,-4,0],"id":5322,"genFixation":0,"endPos":[88.05,-1.3,0]}]])
[0m[0;32m[2026-09-16 13:49:22.078][VERB] RETURN: {"result":["$5328","$5332","$5338","$5344"]}
[0m[0;32m[2026-09-16 13:49:22.078][VERB] COMMANDCALL: _C.SafeAPI.Execute(["v1.sketch.getPoints",[{"id":5328}]])
[0m[0;32m[2026-09-16 13:49:22.078][VERB] RETURN: {"result":{"endId":"$5330","startId":"$5329"}}
[0m[0;32m[2026-09-16 13:49:22.078][VERB] COMMANDCALL: _C.SafeAPI.Execute(["v1.sketch.point",[{"pos":[-1000,-1000,0],"id":5322}]])
[0m[0;32m[2026-09-16 13:49:22.081][VERB] RETURN: {"result":"$5360"}
[0m[0;32m[2026-09-16 13:49:22.081][VERB] COMMANDCALL: _C.SafeAPI.Execute(["v1.sketch.constraint",[{"type":"FIXATION","id":5322,"geomIds":[5360]}]])
[0m[0;32m[2026-09-16 13:49:22.083][VERB] RETURN: {"result":"$5362"}
[0m[0;32m[2026-09-16 13:49:22.083][VERB] COMMANDCALL: _C.SafeAPI.Execute(["v1.sketch.dimension",[{"type":"HORIZONTAL_DISTANCE","value":"@expr.d386_position_x","name":"position_x","id":5322,"geomIds":[5360,5329]}]])
[0m[0;32m[2026-09-16 13:49:22.089][VERB] RETURN: {"result":"$5366"}
[0m[0;32m[2026-09-16 13:49:22.090][VERB] COMMANDCALL: _C.SafeAPI.Execute(["v1.sketch.dimension",[{"type":"VERTICAL_DISTANCE","value":"@expr.d387_position_y","name":"position_y","id":5322,"geomIds":[5360,5329]}]])
[0m[0;32m[2026-09-16 13:49:22.097][VERB] RETURN: {"result":"$5370"}
[0m[0;32m[2026-09-16 13:49:22.097][VERB] COMMANDCALL: _C.SafeAPI.Execute(["v1.sketch.dimension",[{"type":"OFFSET","value":"@expr.d388_width","name":"width","id":5322,"geomIds":[5328]}]])
[0m[0;32m[2026-09-16 13:49:22.105][VERB] RETURN: {"result":"$5374"}
[0m[0;32m[2026-09-16 13:49:22.105][VERB] COMMANDCALL: _C.SafeAPI.Execute(["v1.sketch.dimension",[{"type":"OFFSET","value":"@expr.d389_depth","name":"depth","id":5322,"geomIds":[5332]}]])
[0m[0;32m[2026-09-16 13:49:22.114][VERB] RETURN: {"result":"$5378"}
[0m[0;32m[2026-09-16 13:49:22.115][VERB] COMMANDCALL: _C.SafeAPI.Execute(["v1.part.extrusion",[{"references":[5328,5332,5338,5344],"name":"F384_makeBox_cad_primitives_py_8","taperAngle":0,"limit2":"@expr.d390_height","id":4}]])
[0m[0;32m[2026-09-16 13:49:22.121][VERB] RETURN: {"result":"$5382"}
[0m[0;32m[2026-09-16 13:49:22.121][VERB] COMMANDCALL: _C.SafeAPI.Execute(["v1.part.workPlane",[{"type":"PLANE","references":[38],"name":"F391_makeCylinder_cad_primitives_py_12_plane","offset":"@expr.d392_plane_offset","id":4}]])
[0m[0;32m[2026-09-16 13:49:22.126][VERB] RETURN: {"result":"$5425"}
[0m[0;32m[2026-09-16 13:49:22.126][VERB] COMMANDCALL: _C.SafeAPI.Execute(["v1.sketch.create",[{"planeId":5425,"name":"F391_makeCylinder_cad_primitives_py_12_profile","id":4}]])
[0m[0;32m[2026-09-16 13:49:22.129][VERB] RETURN: {"result":"$5431"}
[0m[0;32m[2026-09-16 13:49:22.129][VERB] COMMANDCALL: _C.SafeAPI.Execute(["v1.sketch.circle",[{"radius":2.7,"id":5431,"genFixation":0,"centerPos":[85.35,-4,0]}]])
[0m[0;32m[2026-09-16 13:49:22.130][VERB] RETURN: {"result":"$5437"}
[0m[0;32m[2026-09-16 13:49:22.131][VERB] COMMANDCALL: _C.SafeAPI.Execute(["v1.sketch.getPoints",[{"id":5437}]])
[0m[0;32m[2026-09-16 13:49:22.131][VERB] RETURN: {"result":{"centerId":"$5438"}}
[0m[0;32m[2026-09-16 13:49:22.131][VERB] COMMANDCALL: _C.SafeAPI.Execute(["v1.sketch.point",[{"pos":[-1000,-1000,0],"id":5431}]])
[0m[0;32m[2026-09-16 13:49:22.132][VERB] RETURN: {"result":"$5440"}
[0m[0;32m[2026-09-16 13:49:22.133][VERB] COMMANDCALL: _C.SafeAPI.Execute(["v1.sketch.constraint",[{"type":"FIXATION","id":5431,"geomIds":[5440]}]])
[0m[0;32m[2026-09-16 13:49:22.134][VERB] RETURN: {"result":"$5442"}
[0m[0;32m[2026-09-16 13:49:22.134][VERB] COMMANDCALL: _C.SafeAPI.Execute(["v1.sketch.dimension",[{"type":"HORIZONTAL_DISTANCE","value":"@expr.d393_position_x","name":"position_x","id":5431,"geomIds":[5440,5438]}]])
[0m[0;32m[2026-09-16 13:49:22.139][VERB] RETURN: {"result":"$5446"}
[0m[0;32m[2026-09-16 13:49:22.139][VERB] COMMANDCALL: _C.SafeAPI.Execute(["v1.sketch.dimension",[{"type":"VERTICAL_DISTANCE","value":"@expr.d394_position_y","name":"position_y","id":5431,"geomIds":[5440,5438]}]])
[0m[0;32m[2026-09-16 13:49:22.145][VERB] RETURN: {"result":"$5450"}
[0m[0;32m[2026-09-16 13:49:22.145][VERB] COMMANDCALL: _C.SafeAPI.Execute(["v1.sketch.dimension",[{"type":"RADIUS","value":"@expr.d395_radius","name":"radius","id":5431,"geomIds":[5437]}]])
[0m[0;32m[2026-09-16 13:49:22.150][VERB] RETURN: {"result":"$5454"}
[0m[0;32m[2026-09-16 13:49:22.151][VERB] COMMANDCALL: _C.SafeAPI.Execute(["v1.part.extrusion",[{"references":[5437],"name":"F391_makeCylinder_cad_primitives_py_12","taperAngle":0,"limit2":"@expr.d396_height","id":4}]])
[0m[0;32m[2026-09-16 13:49:22.157][VERB] RETURN: {"result":"$5458"}
[0m[0;32m[2026-09-16 13:49:22.158][VERB] COMMANDCALL: _C.SafeAPI.Execute(["v1.part.boolean",[{"type":"SUBTRACTION","tools":[5458],"target":5382,"name":"F383_cut_housing_shell_py_25","id":4}]])
[0m[0;32m[2026-09-16 13:49:22.164][VERB] RETURN: {"result":"$5480"}
[0m[0;32m[2026-09-16 13:49:22.164][VERB] COMMANDCALL: _C.SafeAPI.Execute(["v1.part.boolean",[{"type":"SUBTRACTION","tools":[5480],"target":5304,"name":"F62_union_housing_shell_py_61_cavity_1_stock_1","id":4}]])
[0m[0;32m[2026-09-16 13:49:22.175][VERB] RETURN: {"result":"$5498"}
[0m[0;32m[2026-09-16 13:49:22.175][VERB] COMMANDCALL: _C.SafeAPI.Execute(["v1.part.workPlane",[{"type":"PLANE","references":[38],"name":"F397_makeBox_cad_primitives_py_8_plane","offset":"@expr.d398_plane_offset","id":4}]])
[0m[0;32m[2026-09-16 13:49:22.180][VERB] RETURN: {"result":"$5510"}
[0m[0;32m[2026-09-16 13:49:22.180][VERB] COMMANDCALL: _C.SafeAPI.Execute(["v1.sketch.create",[{"planeId":5510,"name":"F397_makeBox_cad_primitives_py_8_profile","id":4}]])
[0m[0;32m[2026-09-16 13:49:22.183][VERB] RETURN: {"result":"$5516"}
[0m[0;32m[2026-09-16 13:49:22.183][VERB] COMMANDCALL: _C.SafeAPI.Execute(["v1.sketch.rectangle",[{"startPos":[88.05,30,0],"id":5516,"genFixation":0,"endPos":[92.5,41.3,0]}]])
[0m[0;32m[2026-09-16 13:49:22.190][VERB] RETURN: {"result":["$5522","$5526","$5532","$5538"]}
[0m[0;32m[2026-09-16 13:49:22.190][VERB] COMMANDCALL: _C.SafeAPI.Execute(["v1.sketch.getPoints",[{"id":5522}]])
[0m[0;32m[2026-09-16 13:49:22.191][VERB] RETURN: {"result":{"endId":"$5524","startId":"$5523"}}
[0m[0;32m[2026-09-16 13:49:22.191][VERB] COMMANDCALL: _C.SafeAPI.Execute(["v1.sketch.point",[{"pos":[-1000,-1000,0],"id":5516}]])
[0m[0;32m[2026-09-16 13:49:22.193][VERB] RETURN: {"result":"$5554"}
[0m[0;32m[2026-09-16 13:49:22.193][VERB] COMMANDCALL: _C.SafeAPI.Execute(["v1.sketch.constraint",[{"type":"FIXATION","id":5516,"geomIds":[5554]}]])
[0m[0;32m[2026-09-16 13:49:22.195][VERB] RETURN: {"result":"$5556"}
[0m[0;32m[2026-09-16 13:49:22.195][VERB] COMMANDCALL: _C.SafeAPI.Execute(["v1.sketch.dimension",[{"type":"HORIZONTAL_DISTANCE","value":"@expr.d399_position_x","name":"position_x","id":5516,"geomIds":[5554,5523]}]])
[0m[0;32m[2026-09-16 13:49:22.201][VERB] RETURN: {"result":"$5560"}
[0m[0;32m[2026-09-16 13:49:22.201][VERB] COMMANDCALL: _C.SafeAPI.Execute(["v1.sketch.dimension",[{"type":"VERTICAL_DISTANCE","value":"@expr.d400_position_y","name":"position_y","id":5516,"geomIds":[5554,5523]}]])
[0m[0;32m[2026-09-16 13:49:22.209][VERB] RETURN: {"result":"$5564"}
[0m[0;32m[2026-09-16 13:49:22.209][VERB] COMMANDCALL: _C.SafeAPI.Execute(["v1.sketch.dimension",[{"type":"OFFSET","value":"@expr.d401_width","name":"width","id":5516,"geomIds":[5522]}]])
[0m[0;32m[2026-09-16 13:49:22.218][VERB] RETURN: {"result":"$5568"}
[0m[0;32m[2026-09-16 13:49:22.218][VERB] COMMANDCALL: _C.SafeAPI.Execute(["v1.sketch.dimension",[{"type":"OFFSET","value":"@expr.d402_depth","name":"depth","id":5516,"geomIds":[5526]}]])
[0m[0;32m[2026-09-16 13:49:22.227][VERB] RETURN: {"result":"$5572"}
[0m[0;32m[2026-09-16 13:49:22.227][VERB] COMMANDCALL: _C.SafeAPI.Execute(["v1.part.extrusion",[{"references":[5522,5526,5532,5538],"name":"F397_makeBox_cad_primitives_py_8","taperAngle":0,"limit2":"@expr.d403_height","id":4}]])
[0m[0;32m[2026-09-16 13:49:22.234][VERB] RETURN: {"result":"$5576"}
[0m[0;32m[2026-09-16 13:49:22.234][VERB] COMMANDCALL: _C.SafeAPI.Execute(["v1.part.boolean",[{"type":"SUBTRACTION","tools":[5576],"target":5498,"name":"F62_union_housing_shell_py_61_cavity_1_stock_2","id":4}]])
[0m[0;32m[2026-09-16 13:49:22.247][VERB] RETURN: {"result":"$5619"}
[0m[0;32m[2026-09-16 13:49:22.247][VERB] COMMANDCALL: _C.SafeAPI.Execute(["v1.part.workPlane",[{"type":"PLANE","references":[38],"name":"F404_makeBox_cad_primitives_py_8_plane","offset":"@expr.d405_plane_offset","id":4}]])
[0m[0;32m[2026-09-16 13:49:22.252][VERB] RETURN: {"result":"$5631"}
[0m[0;32m[2026-09-16 13:49:22.253][VERB] COMMANDCALL: _C.SafeAPI.Execute(["v1.sketch.create",[{"planeId":5631,"name":"F404_makeBox_cad_primitives_py_8_profile","id":4}]])
[0m[0;32m[2026-09-16 13:49:22.255][VERB] RETURN: {"result":"$5637"}
[0m[0;32m[2026-09-16 13:49:22.255][VERB] COMMANDCALL: _C.SafeAPI.Execute(["v1.sketch.rectangle",[{"startPos":[88.05,30,0],"id":5637,"genFixation":0,"endPos":[92.5,38,0]}]])
[0m[0;32m[2026-09-16 13:49:22.263][VERB] RETURN: {"result":["$5643","$5647","$5653","$5659"]}
[0m[0;32m[2026-09-16 13:49:22.263][VERB] COMMANDCALL: _C.SafeAPI.Execute(["v1.sketch.getPoints",[{"id":5643}]])
[0m[0;32m[2026-09-16 13:49:22.263][VERB] RETURN: {"result":{"endId":"$5645","startId":"$5644"}}
[0m[0;32m[2026-09-16 13:49:22.263][VERB] COMMANDCALL: _C.SafeAPI.Execute(["v1.sketch.point",[{"pos":[-1000,-1000,0],"id":5637}]])
[0m[0;32m[2026-09-16 13:49:22.265][VERB] RETURN: {"result":"$5675"}
[0m[0;32m[2026-09-16 13:49:22.266][VERB] COMMANDCALL: _C.SafeAPI.Execute(["v1.sketch.constraint",[{"type":"FIXATION","id":5637,"geomIds":[5675]}]])
[0m[0;32m[2026-09-16 13:49:22.267][VERB] RETURN: {"result":"$5677"}
[0m[0;32m[2026-09-16 13:49:22.267][VERB] COMMANDCALL: _C.SafeAPI.Execute(["v1.sketch.dimension",[{"type":"HORIZONTAL_DISTANCE","value":"@expr.d406_position_x","name":"position_x","id":5637,"geomIds":[5675,5644]}]])
[0m[0;32m[2026-09-16 13:49:22.274][VERB] RETURN: {"result":"$5681"}
[0m[0;32m[2026-09-16 13:49:22.275][VERB] COMMANDCALL: _C.SafeAPI.Execute(["v1.sketch.dimension",[{"type":"VERTICAL_DISTANCE","value":"@expr.d407_position_y","name":"position_y","id":5637,"geomIds":[5675,5644]}]])
[0m[0;32m[2026-09-16 13:49:22.282][VERB] RETURN: {"result":"$5685"}
[0m[0;32m[2026-09-16 13:49:22.282][VERB] COMMANDCALL: _C.SafeAPI.Execute(["v1.sketch.dimension",[{"type":"OFFSET","value":"@expr.d408_width","name":"width","id":5637,"geomIds":[5643]}]])
[0m[0;32m[2026-09-16 13:49:22.290][VERB] RETURN: {"result":"$5689"}
[0m[0;32m[2026-09-16 13:49:22.291][VERB] COMMANDCALL: _C.SafeAPI.Execute(["v1.sketch.dimension",[{"type":"OFFSET","value":"@expr.d409_depth","name":"depth","id":5637,"geomIds":[5647]}]])
[0m[0;32m[2026-09-16 13:49:22.300][VERB] RETURN: {"result":"$5693"}
[0m[0;32m[2026-09-16 13:49:22.300][VERB] COMMANDCALL: _C.SafeAPI.Execute(["v1.part.extrusion",[{"references":[5643,5647,5653,5659],"name":"F404_makeBox_cad_primitives_py_8","taperAngle":0,"limit2":"@expr.d410_height","id":4}]])
[0m[0;32m[2026-09-16 13:49:22.307][VERB] RETURN: {"result":"$5697"}
[0m[0;32m[2026-09-16 13:49:22.308][VERB] COMMANDCALL: _C.SafeAPI.Execute(["v1.part.boolean",[{"type":"SUBTRACTION","tools":[5697],"target":5619,"name":"F62_union_housing_shell_py_61_cavity_1_stock_3","id":4}]])
[0m[0;32m[2026-09-16 13:49:22.321][VERB] RETURN: {"result":"$5740"}
[0m[0;32m[2026-09-16 13:49:22.321][VERB] COMMANDCALL: _C.SafeAPI.Execute(["v1.part.boolean",[{"type":"SUBTRACTION","tools":[5740],"target":4546,"name":"F62_union_housing_shell_py_61_cavity_1","id":4}]])
[0m[0;32m[2026-09-16 13:49:22.409][VERB] RETURN: {"result":"$5752"}
[0m[0;32m[2026-09-16 13:49:22.410][VERB] COMMANDCALL: _C.SafeAPI.Execute(["v1.sketch.create",[{"planeId":38,"name":"F411_chamfer_shell_skin_py_17_middle_profile","id":4}]])
[0m[0;32m[2026-09-16 13:49:22.412][VERB] RETURN: {"result":"$5901"}
[0m[0;32m[2026-09-16 13:49:22.413][VERB] COMMANDCALL: _C.SafeAPI.Execute(["v1.sketch.point",[{"pos":[-1000,-1000,0],"id":5901}]])
[0m[0;32m[2026-09-16 13:49:22.414][VERB] RETURN: {"result":"$5907"}
[0m[0;32m[2026-09-16 13:49:22.414][VERB] COMMANDCALL: _C.SafeAPI.Execute(["v1.sketch.constraint",[{"type":"FIXATION","id":5901,"geomIds":[5907]}]])
[0m[0;32m[2026-09-16 13:49:22.415][VERB] RETURN: {"result":"$5909"}
[0m[0;32m[2026-09-16 13:49:22.415][VERB] COMMANDCALL: _C.SafeAPI.Execute(["v1.sketch.line",[{"startPos":[49.5,1.6,0],"genIncidence":0,"genTangency":0,"genFixation":0,"genVertAndHoriz":0,"id":5901,"endPos":[88.1,1.6,0]}]])
[0m[0;32m[2026-09-16 13:49:22.417][VERB] RETURN: {"result":"$5911"}
[0m[0;32m[2026-09-16 13:49:22.417][VERB] COMMANDCALL: _C.SafeAPI.Execute(["v1.sketch.getPoints",[{"id":5911}]])
[0m[0;32m[2026-09-16 13:49:22.417][VERB] RETURN: {"result":{"endId":"$5913","startId":"$5912"}}
[0m[0;32m[2026-09-16 13:49:22.418][VERB] COMMANDCALL: _C.SafeAPI.Execute(["v1.sketch.dimension",[{"type":"HORIZONTAL_DISTANCE","value":"@expr.d412_x","name":"x","id":5901,"geomIds":[5907,5912]}]])
[0m[0;32m[2026-09-16 13:49:22.422][VERB] RETURN: {"result":"$5917"}
[0m[0;32m[2026-09-16 13:49:22.423][VERB] COMMANDCALL: _C.SafeAPI.Execute(["v1.sketch.dimension",[{"type":"VERTICAL_DISTANCE","value":"@expr.d413_y","name":"y","id":5901,"geomIds":[5907,5912]}]])
[0m[0;32m[2026-09-16 13:49:22.429][VERB] RETURN: {"result":"$5921"}
[0m[0;32m[2026-09-16 13:49:22.429][VERB] COMMANDCALL: _C.SafeAPI.Execute(["v1.sketch.dimension",[{"type":"HORIZONTAL_DISTANCE","value":"@expr.d414_x","name":"x","id":5901,"geomIds":[5907,5913]}]])
[0m[0;32m[2026-09-16 13:49:22.436][VERB] RETURN: {"result":"$5925"}
[0m[0;32m[2026-09-16 13:49:22.436][VERB] COMMANDCALL: _C.SafeAPI.Execute(["v1.sketch.dimension",[{"type":"VERTICAL_DISTANCE","value":"@expr.d415_y","name":"y","id":5901,"geomIds":[5907,5913]}]])
[0m[0;32m[2026-09-16 13:49:22.444][VERB] RETURN: {"result":"$5929"}
[0m[0;32m[2026-09-16 13:49:22.444][VERB] COMMANDCALL: _C.SafeAPI.Execute(["v1.sketch.line",[{"startPos":[88.1,1.6,0],"genIncidence":0,"genTangency":0,"genFixation":0,"genVertAndHoriz":0,"id":5901,"endPos":[88.6,2.1,0]}]])
[0m[0;32m[2026-09-16 13:49:22.448][VERB] RETURN: {"result":"$5931"}
[0m[0;32m[2026-09-16 13:49:22.449][VERB] COMMANDCALL: _C.SafeAPI.Execute(["v1.sketch.getPoints",[{"id":5931}]])
[0m[0;32m[2026-09-16 13:49:22.449][VERB] RETURN: {"result":{"endId":"$5933","startId":"$5932"}}
[0m[0;32m[2026-09-16 13:49:22.449][VERB] COMMANDCALL: _C.SafeAPI.Execute(["v1.sketch.dimension",[{"type":"HORIZONTAL_DISTANCE","value":"@expr.d416_x","name":"x","id":5901,"geomIds":[5907,5932]}]])
[0m[0;32m[2026-09-16 13:49:22.457][VERB] RETURN: {"result":"$5937"}
[0m[0;32m[2026-09-16 13:49:22.458][VERB] COMMANDCALL: _C.SafeAPI.Execute(["v1.sketch.dimension",[{"type":"VERTICAL_DISTANCE","value":"@expr.d417_y","name":"y","id":5901,"geomIds":[5907,5932]}]])
[0m[0;32m[2026-09-16 13:49:22.468][VERB] RETURN: {"result":"$5941"}
[0m[0;32m[2026-09-16 13:49:22.468][VERB] COMMANDCALL: _C.SafeAPI.Execute(["v1.sketch.dimension",[{"type":"HORIZONTAL_DISTANCE","value":"@expr.d418_x","name":"x","id":5901,"geomIds":[5907,5933]}]])
[0m[0;32m[2026-09-16 13:49:22.479][VERB] RETURN: {"result":"$5945"}
[0m[0;32m[2026-09-16 13:49:22.479][VERB] COMMANDCALL: _C.SafeAPI.Execute(["v1.sketch.dimension",[{"type":"VERTICAL_DISTANCE","value":"@expr.d419_y","name":"y","id":5901,"geomIds":[5907,5933]}]])
[0m[0;32m[2026-09-16 13:49:22.490][VERB] RETURN: {"result":"$5949"}
[0m[0;32m[2026-09-16 13:49:22.491][VERB] COMMANDCALL: _C.SafeAPI.Execute(["v1.sketch.line",[{"startPos":[88.6,2.1,0],"genIncidence":0,"genTangency":0,"genFixation":0,"genVertAndHoriz":0,"id":5901,"endPos":[88.6,37.4,0]}]])
[0m[0;32m[2026-09-16 13:49:22.496][VERB] RETURN: {"result":"$5951"}
[0m[0;32m[2026-09-16 13:49:22.496][VERB] COMMANDCALL: _C.SafeAPI.Execute(["v1.sketch.getPoints",[{"id":5951}]])
[0m[0;32m[2026-09-16 13:49:22.497][VERB] RETURN: {"result":{"endId":"$5953","startId":"$5952"}}
[0m[0;32m[2026-09-16 13:49:22.497][VERB] COMMANDCALL: _C.SafeAPI.Execute(["v1.sketch.dimension",[{"type":"HORIZONTAL_DISTANCE","value":"@expr.d420_x","name":"x","id":5901,"geomIds":[5907,5952]}]])
[0m[0;32m[2026-09-16 13:49:22.509][VERB] RETURN: {"result":"$5957"}
[0m[0;32m[2026-09-16 13:49:22.509][VERB] COMMANDCALL: _C.SafeAPI.Execute(["v1.sketch.dimension",[{"type":"VERTICAL_DISTANCE","value":"@expr.d421_y","name":"y","id":5901,"geomIds":[5907,5952]}]])
[0m[0;32m[2026-09-16 13:49:22.523][VERB] RETURN: {"result":"$5961"}
[0m[0;32m[2026-09-16 13:49:22.523][VERB] COMMANDCALL: _C.SafeAPI.Execute(["v1.sketch.dimension",[{"type":"HORIZONTAL_DISTANCE","value":"@expr.d422_x","name":"x","id":5901,"geomIds":[5907,5953]}]])
[0m[0;32m[2026-09-16 13:49:22.537][VERB] RETURN: {"result":"$5965"}
[0m[0;32m[2026-09-16 13:49:22.537][VERB] COMMANDCALL: _C.SafeAPI.Execute(["v1.sketch.dimension",[{"type":"VERTICAL_DISTANCE","value":"@expr.d423_y","name":"y","id":5901,"geomIds":[5907,5953]}]])
[0m[0;32m[2026-09-16 13:49:22.551][VERB] RETURN: {"result":"$5969"}
[0m[0;32m[2026-09-16 13:49:22.551][VERB] COMMANDCALL: _C.SafeAPI.Execute(["v1.sketch.line",[{"startPos":[88.6,37.4,0],"genIncidence":0,"genTangency":0,"genFixation":0,"genVertAndHoriz":0,"id":5901,"endPos":[88.1,37.9,0]}]])
[0m[0;32m[2026-09-16 13:49:22.558][VERB] RETURN: {"result":"$5971"}
[0m[0;32m[2026-09-16 13:49:22.559][VERB] COMMANDCALL: _C.SafeAPI.Execute(["v1.sketch.getPoints",[{"id":5971}]])
[0m[0;32m[2026-09-16 13:49:22.559][VERB] RETURN: {"result":{"endId":"$5973","startId":"$5972"}}
[0m[0;32m[2026-09-16 13:49:22.559][VERB] COMMANDCALL: _C.SafeAPI.Execute(["v1.sketch.dimension",[{"type":"HORIZONTAL_DISTANCE","value":"@expr.d424_x","name":"x","id":5901,"geomIds":[5907,5972]}]])
[0m[0;32m[2026-09-16 13:49:22.574][VERB] RETURN: {"result":"$5977"}
[0m[0;32m[2026-09-16 13:49:22.574][VERB] COMMANDCALL: _C.SafeAPI.Execute(["v1.sketch.dimension",[{"type":"VERTICAL_DISTANCE","value":"@expr.d425_y","name":"y","id":5901,"geomIds":[5907,5972]}]])
[0m[0;32m[2026-09-16 13:49:22.590][VERB] RETURN: {"result":"$5981"}
[0m[0;32m[2026-09-16 13:49:22.590][VERB] COMMANDCALL: _C.SafeAPI.Execute(["v1.sketch.dimension",[{"type":"HORIZONTAL_DISTANCE","value":"@expr.d426_x","name":"x","id":5901,"geomIds":[5907,5973]}]])
[0m[0;32m[2026-09-16 13:49:22.607][VERB] RETURN: {"result":"$5985"}
[0m[0;32m[2026-09-16 13:49:22.607][VERB] COMMANDCALL: _C.SafeAPI.Execute(["v1.sketch.dimension",[{"type":"VERTICAL_DISTANCE","value":"@expr.d427_y","name":"y","id":5901,"geomIds":[5907,5973]}]])
[0m[0;32m[2026-09-16 13:49:22.623][VERB] RETURN: {"result":"$5989"}
[0m[0;32m[2026-09-16 13:49:22.624][VERB] COMMANDCALL: _C.SafeAPI.Execute(["v1.sketch.line",[{"startPos":[88.1,37.9,0],"genIncidence":0,"genTangency":0,"genFixation":0,"genVertAndHoriz":0,"id":5901,"endPos":[49.5,37.9,0]}]])
[0m[0;32m[2026-09-16 13:49:22.632][VERB] RETURN: {"result":"$5991"}
[0m[0;32m[2026-09-16 13:49:22.632][VERB] COMMANDCALL: _C.SafeAPI.Execute(["v1.sketch.getPoints",[{"id":5991}]])
[0m[0;32m[2026-09-16 13:49:22.632][VERB] RETURN: {"result":{"endId":"$5993","startId":"$5992"}}
[0m[0;32m[2026-09-16 13:49:22.633][VERB] COMMANDCALL: _C.SafeAPI.Execute(["v1.sketch.dimension",[{"type":"HORIZONTAL_DISTANCE","value":"@expr.d428_x","name":"x","id":5901,"geomIds":[5907,5992]}]])
[0m[0;32m[2026-09-16 13:49:22.651][VERB] RETURN: {"result":"$5997"}
[0m[0;32m[2026-09-16 13:49:22.651][VERB] COMMANDCALL: _C.SafeAPI.Execute(["v1.sketch.dimension",[{"type":"VERTICAL_DISTANCE","value":"@expr.d429_y","name":"y","id":5901,"geomIds":[5907,5992]}]])
[0m[0;32m[2026-09-16 13:49:22.670][VERB] RETURN: {"result":"$6001"}
[0m[0;32m[2026-09-16 13:49:22.670][VERB] COMMANDCALL: _C.SafeAPI.Execute(["v1.sketch.dimension",[{"type":"HORIZONTAL_DISTANCE","value":"@expr.d430_x","name":"x","id":5901,"geomIds":[5907,5993]}]])
[0m[0;32m[2026-09-16 13:49:22.689][VERB] RETURN: {"result":"$6005"}
[0m[0;32m[2026-09-16 13:49:22.690][VERB] COMMANDCALL: _C.SafeAPI.Execute(["v1.sketch.dimension",[{"type":"VERTICAL_DISTANCE","value":"@expr.d431_y","name":"y","id":5901,"geomIds":[5907,5993]}]])
[0m[0;32m[2026-09-16 13:49:22.710][VERB] RETURN: {"result":"$6009"}
[0m[0;32m[2026-09-16 13:49:22.711][VERB] COMMANDCALL: _C.SafeAPI.Execute(["v1.sketch.line",[{"startPos":[49.5,37.9,0],"genIncidence":0,"genTangency":0,"genFixation":0,"genVertAndHoriz":0,"id":5901,"endPos":[49,37.4,0]}]])
[0m[0;32m[2026-09-16 13:49:22.721][VERB] RETURN: {"result":"$6011"}
[0m[0;32m[2026-09-16 13:49:22.721][VERB] COMMANDCALL: _C.SafeAPI.Execute(["v1.sketch.getPoints",[{"id":6011}]])
[0m[0;32m[2026-09-16 13:49:22.721][VERB] RETURN: {"result":{"endId":"$6013","startId":"$6012"}}
[0m[0;32m[2026-09-16 13:49:22.722][VERB] COMMANDCALL: _C.SafeAPI.Execute(["v1.sketch.dimension",[{"type":"HORIZONTAL_DISTANCE","value":"@expr.d432_x","name":"x","id":5901,"geomIds":[5907,6012]}]])
[0m[0;32m[2026-09-16 13:49:22.742][VERB] RETURN: {"result":"$6017"}
[0m[0;32m[2026-09-16 13:49:22.742][VERB] COMMANDCALL: _C.SafeAPI.Execute(["v1.sketch.dimension",[{"type":"VERTICAL_DISTANCE","value":"@expr.d433_y","name":"y","id":5901,"geomIds":[5907,6012]}]])
[0m[0;32m[2026-09-16 13:49:22.764][VERB] RETURN: {"result":"$6021"}
[0m[0;32m[2026-09-16 13:49:22.765][VERB] COMMANDCALL: _C.SafeAPI.Execute(["v1.sketch.dimension",[{"type":"HORIZONTAL_DISTANCE","value":"@expr.d434_x","name":"x","id":5901,"geomIds":[5907,6013]}]])
[0m[0;32m[2026-09-16 13:49:22.787][VERB] RETURN: {"result":"$6025"}
[0m[0;32m[2026-09-16 13:49:22.787][VERB] COMMANDCALL: _C.SafeAPI.Execute(["v1.sketch.dimension",[{"type":"VERTICAL_DISTANCE","value":"@expr.d435_y","name":"y","id":5901,"geomIds":[5907,6013]}]])
[0m[0;32m[2026-09-16 13:49:22.810][VERB] RETURN: {"result":"$6029"}
[0m[0;32m[2026-09-16 13:49:22.811][VERB] COMMANDCALL: _C.SafeAPI.Execute(["v1.sketch.line",[{"startPos":[49,37.4,0],"genIncidence":0,"genTangency":0,"genFixation":0,"genVertAndHoriz":0,"id":5901,"endPos":[49,2.1,0]}]])
[0m[0;32m[2026-09-16 13:49:22.823][VERB] RETURN: {"result":"$6031"}
[0m[0;32m[2026-09-16 13:49:22.823][VERB] COMMANDCALL: _C.SafeAPI.Execute(["v1.sketch.getPoints",[{"id":6031}]])
[0m[0;32m[2026-09-16 13:49:22.823][VERB] RETURN: {"result":{"endId":"$6033","startId":"$6032"}}
[0m[0;32m[2026-09-16 13:49:22.824][VERB] COMMANDCALL: _C.SafeAPI.Execute(["v1.sketch.dimension",[{"type":"HORIZONTAL_DISTANCE","value":"@expr.d436_x","name":"x","id":5901,"geomIds":[5907,6032]}]])
[0m[0;32m[2026-09-16 13:49:22.848][VERB] RETURN: {"result":"$6037"}
[0m[0;32m[2026-09-16 13:49:22.848][VERB] COMMANDCALL: _C.SafeAPI.Execute(["v1.sketch.dimension",[{"type":"VERTICAL_DISTANCE","value":"@expr.d437_y","name":"y","id":5901,"geomIds":[5907,6032]}]])
[0m[0;32m[2026-09-16 13:49:22.873][VERB] RETURN: {"result":"$6041"}
[0m[0;32m[2026-09-16 13:49:22.873][VERB] COMMANDCALL: _C.SafeAPI.Execute(["v1.sketch.dimension",[{"type":"HORIZONTAL_DISTANCE","value":"@expr.d438_x","name":"x","id":5901,"geomIds":[5907,6033]}]])
[0m[0;32m[2026-09-16 13:49:22.899][VERB] RETURN: {"result":"$6045"}
[0m[0;32m[2026-09-16 13:49:22.899][VERB] COMMANDCALL: _C.SafeAPI.Execute(["v1.sketch.dimension",[{"type":"VERTICAL_DISTANCE","value":"@expr.d439_y","name":"y","id":5901,"geomIds":[5907,6033]}]])
[0m[0;32m[2026-09-16 13:49:22.924][VERB] RETURN: {"result":"$6049"}
[0m[0;32m[2026-09-16 13:49:22.925][VERB] COMMANDCALL: _C.SafeAPI.Execute(["v1.sketch.line",[{"startPos":[49,2.1,0],"genIncidence":0,"genTangency":0,"genFixation":0,"genVertAndHoriz":0,"id":5901,"endPos":[49.5,1.6,0]}]])
[0m[0;32m[2026-09-16 13:49:22.938][VERB] RETURN: {"result":"$6051"}
[0m[0;32m[2026-09-16 13:49:22.938][VERB] COMMANDCALL: _C.SafeAPI.Execute(["v1.sketch.getPoints",[{"id":6051}]])
[0m[0;32m[2026-09-16 13:49:22.938][VERB] RETURN: {"result":{"endId":"$6053","startId":"$6052"}}
[0m[0;32m[2026-09-16 13:49:22.938][VERB] COMMANDCALL: _C.SafeAPI.Execute(["v1.sketch.dimension",[{"type":"HORIZONTAL_DISTANCE","value":"@expr.d440_x","name":"x","id":5901,"geomIds":[5907,6052]}]])
[0m[0;32m[2026-09-16 13:49:22.965][VERB] RETURN: {"result":"$6057"}
[0m[0;32m[2026-09-16 13:49:22.965][VERB] COMMANDCALL: _C.SafeAPI.Execute(["v1.sketch.dimension",[{"type":"VERTICAL_DISTANCE","value":"@expr.d441_y","name":"y","id":5901,"geomIds":[5907,6052]}]])
[0m[0;32m[2026-09-16 13:49:22.992][VERB] RETURN: {"result":"$6061"}
[0m[0;32m[2026-09-16 13:49:22.992][VERB] COMMANDCALL: _C.SafeAPI.Execute(["v1.sketch.dimension",[{"type":"HORIZONTAL_DISTANCE","value":"@expr.d442_x","name":"x","id":5901,"geomIds":[5907,6053]}]])
[0m[0;32m[2026-09-16 13:49:23.021][VERB] RETURN: {"result":"$6065"}
[0m[0;32m[2026-09-16 13:49:23.021][VERB] COMMANDCALL: _C.SafeAPI.Execute(["v1.sketch.dimension",[{"type":"VERTICAL_DISTANCE","value":"@expr.d443_y","name":"y","id":5901,"geomIds":[5907,6053]}]])
[0m[0;32m[2026-09-16 13:49:23.050][VERB] RETURN: {"result":"$6069"}
[0m[0;32m[2026-09-16 13:49:23.051][VERB] COMMANDCALL: _C.SafeAPI.Execute(["v1.part.extrusion",[{"references":[5911,5931,5951,5971,5991,6011,6031,6051],"name":"F411_chamfer_shell_skin_py_17_middle","taperAngle":0,"limit2":"@expr.d444_height","id":4}]])
[0m[0;32m[2026-09-16 13:49:23.057][VERB] RETURN: {"result":"$6073"}
[0m[0;32m[2026-09-16 13:49:23.058][VERB] COMMANDCALL: _C.SafeAPI.Execute(["v1.part.translation",[{"references":[34],"name":"F411_chamfer_shell_skin_py_17_middle_2","id":4,"targets":[6073],"distance":"@expr.d445_position"}]])
[0m[0;32m[2026-09-16 13:49:23.063][VERB] RETURN: {"result":"$6144"}
[0m[0;32m[2026-09-16 13:49:23.063][VERB] COMMANDCALL: _C.SafeAPI.Execute(["v1.part.extrusion",[{"references":[5911,5931,5951,5971,5991,6011,6031,6051],"name":"F411_chamfer_shell_skin_py_17_bottom","taperAngle":0.78539816339745,"limit2":"@expr.d446_bevel_height","id":4}]])
[0m[0;32m[2026-09-16 13:49:23.072][VERB] RETURN: {"result":"$6155"}
[0m[0;32m[2026-09-16 13:49:23.073][VERB] COMMANDCALL: _C.SafeAPI.Execute(["v1.part.translation",[{"references":[34],"name":"F411_chamfer_shell_skin_py_17_bottom_2","id":4,"targets":[6155],"distance":"@expr.d447_position"}]])
[0m[0;32m[2026-09-16 13:49:23.078][VERB] RETURN: {"result":"$6218"}
[0m[0;32m[2026-09-16 13:49:23.078][VERB] COMMANDCALL: _C.SafeAPI.Execute(["v1.part.extrusion",[{"references":[5911,5931,5951,5971,5991,6011,6031,6051],"name":"F411_chamfer_shell_skin_py_17_top","taperAngle":0.78539816339745,"limit2":"@expr.d448_bevel_height","id":4}]])
[0m[0;32m[2026-09-16 13:49:23.087][VERB] RETURN: {"result":"$6229"}
[0m[0;32m[2026-09-16 13:49:23.087][VERB] COMMANDCALL: _C.SafeAPI.Execute(["v1.part.translation",[{"references":[34],"name":"F411_chamfer_shell_skin_py_17_top_2","id":4,"targets":[6229],"distance":"@expr.d449_position"}]])
[0m[0;32m[2026-09-16 13:49:23.092][VERB] RETURN: {"result":"$6292"}
[0m[0;32m[2026-09-16 13:49:23.093][VERB] COMMANDCALL: _C.SafeAPI.Execute(["v1.part.boolean",[{"type":"UNION","tools":[6218,6292],"target":6144,"name":"F411_chamfer_shell_skin_py_17","id":4}]])
[0m[0;32m[2026-09-16 13:49:23.116][VERB] RETURN: {"result":"$6303"}
[0m[0;32m[2026-09-16 13:49:23.117][VERB] COMMANDCALL: _C.SafeAPI.Execute(["v1.part.workPlane",[{"type":"PLANE","references":[38],"name":"F450_makeBox_cad_primitives_py_8_plane","offset":"@expr.d451_plane_offset","id":4}]])
[0m[0;32m[2026-09-16 13:49:23.121][VERB] RETURN: {"result":"$6382"}
[0m[0;32m[2026-09-16 13:49:23.121][VERB] COMMANDCALL: _C.SafeAPI.Execute(["v1.sketch.create",[{"planeId":6382,"name":"F450_makeBox_cad_primitives_py_8_profile","id":4}]])
[0m[0;32m[2026-09-16 13:49:23.124][VERB] RETURN: {"result":"$6388"}
[0m[0;32m[2026-09-16 13:49:23.124][VERB] COMMANDCALL: _C.SafeAPI.Execute(["v1.sketch.rectangle",[{"startPos":[88.05,-7,0],"id":6388,"genFixation":0,"endPos":[92.5,5,0]}]])
[0m[0;32m[2026-09-16 13:49:23.131][VERB] RETURN: {"result":["$6394","$6398","$6404","$6410"]}
[0m[0;32m[2026-09-16 13:49:23.131][VERB] COMMANDCALL: _C.SafeAPI.Execute(["v1.sketch.getPoints",[{"id":6394}]])
[0m[0;32m[2026-09-16 13:49:23.131][VERB] RETURN: {"result":{"endId":"$6396","startId":"$6395"}}
[0m[0;32m[2026-09-16 13:49:23.131][VERB] COMMANDCALL: _C.SafeAPI.Execute(["v1.sketch.point",[{"pos":[-1000,-1000,0],"id":6388}]])
[0m[0;32m[2026-09-16 13:49:23.133][VERB] RETURN: {"result":"$6426"}
[0m[0;32m[2026-09-16 13:49:23.134][VERB] COMMANDCALL: _C.SafeAPI.Execute(["v1.sketch.constraint",[{"type":"FIXATION","id":6388,"geomIds":[6426]}]])
[0m[0;32m[2026-09-16 13:49:23.135][VERB] RETURN: {"result":"$6428"}
[0m[0;32m[2026-09-16 13:49:23.136][VERB] COMMANDCALL: _C.SafeAPI.Execute(["v1.sketch.dimension",[{"type":"HORIZONTAL_DISTANCE","value":"@expr.d452_position_x","name":"position_x","id":6388,"geomIds":[6426,6395]}]])
[0m[0;32m[2026-09-16 13:49:23.141][VERB] RETURN: {"result":"$6432"}
[0m[0;32m[2026-09-16 13:49:23.142][VERB] COMMANDCALL: _C.SafeAPI.Execute(["v1.sketch.dimension",[{"type":"VERTICAL_DISTANCE","value":"@expr.d453_position_y","name":"position_y","id":6388,"geomIds":[6426,6395]}]])
[0m[0;32m[2026-09-16 13:49:23.150][VERB] RETURN: {"result":"$6436"}
[0m[0;32m[2026-09-16 13:49:23.150][VERB] COMMANDCALL: _C.SafeAPI.Execute(["v1.sketch.dimension",[{"type":"OFFSET","value":"@expr.d454_width","name":"width","id":6388,"geomIds":[6394]}]])
[0m[0;32m[2026-09-16 13:49:23.158][VERB] RETURN: {"result":"$6440"}
[0m[0;32m[2026-09-16 13:49:23.158][VERB] COMMANDCALL: _C.SafeAPI.Execute(["v1.sketch.dimension",[{"type":"OFFSET","value":"@expr.d455_depth","name":"depth","id":6388,"geomIds":[6398]}]])
[0m[0;32m[2026-09-16 13:49:23.166][VERB] RETURN: {"result":"$6444"}
[0m[0;32m[2026-09-16 13:49:23.167][VERB] COMMANDCALL: _C.SafeAPI.Execute(["v1.part.extrusion",[{"references":[6394,6398,6404,6410],"name":"F450_makeBox_cad_primitives_py_8","taperAngle":0,"limit2":"@expr.d456_height","id":4}]])
[0m[0;32m[2026-09-16 13:49:23.173][VERB] RETURN: {"result":"$6448"}
[0m[0;32m[2026-09-16 13:49:23.173][VERB] COMMANDCALL: _C.SafeAPI.Execute(["v1.part.boolean",[{"type":"SUBTRACTION","tools":[6448],"target":6303,"name":"F62_union_housing_shell_py_61_cavity_2_stock_0","id":4}]])
[0m[0;32m[2026-09-16 13:49:23.186][VERB] RETURN: {"result":"$6491"}
[0m[0;32m[2026-09-16 13:49:23.187][VERB] COMMANDCALL: _C.SafeAPI.Execute(["v1.part.workPlane",[{"type":"PLANE","references":[38],"name":"F458_makeBox_cad_primitives_py_8_plane","offset":"@expr.d459_plane_offset","id":4}]])
[0m[0;32m[2026-09-16 13:49:23.191][VERB] RETURN: {"result":"$6550"}
[0m[0;32m[2026-09-16 13:49:23.191][VERB] COMMANDCALL: _C.SafeAPI.Execute(["v1.sketch.create",[{"planeId":6550,"name":"F458_makeBox_cad_primitives_py_8_profile","id":4}]])
[0m[0;32m[2026-09-16 13:49:23.193][VERB] RETURN: {"result":"$6556"}
[0m[0;32m[2026-09-16 13:49:23.193][VERB] COMMANDCALL: _C.SafeAPI.Execute(["v1.sketch.rectangle",[{"startPos":[85.35,-4,0],"id":6556,"genFixation":0,"endPos":[88.05,-1.3,0]}]])
[0m[0;32m[2026-09-16 13:49:23.200][VERB] RETURN: {"result":["$6562","$6566","$6572","$6578"]}
[0m[0;32m[2026-09-16 13:49:23.200][VERB] COMMANDCALL: _C.SafeAPI.Execute(["v1.sketch.getPoints",[{"id":6562}]])
[0m[0;32m[2026-09-16 13:49:23.201][VERB] RETURN: {"result":{"endId":"$6564","startId":"$6563"}}
[0m[0;32m[2026-09-16 13:49:23.201][VERB] COMMANDCALL: _C.SafeAPI.Execute(["v1.sketch.point",[{"pos":[-1000,-1000,0],"id":6556}]])
[0m[0;32m[2026-09-16 13:49:23.203][VERB] RETURN: {"result":"$6594"}
[0m[0;32m[2026-09-16 13:49:23.203][VERB] COMMANDCALL: _C.SafeAPI.Execute(["v1.sketch.constraint",[{"type":"FIXATION","id":6556,"geomIds":[6594]}]])
[0m[0;32m[2026-09-16 13:49:23.205][VERB] RETURN: {"result":"$6596"}
[0m[0;32m[2026-09-16 13:49:23.205][VERB] COMMANDCALL: _C.SafeAPI.Execute(["v1.sketch.dimension",[{"type":"HORIZONTAL_DISTANCE","value":"@expr.d460_position_x","name":"position_x","id":6556,"geomIds":[6594,6563]}]])
[0m[0;32m[2026-09-16 13:49:23.211][VERB] RETURN: {"result":"$6600"}
[0m[0;32m[2026-09-16 13:49:23.211][VERB] COMMANDCALL: _C.SafeAPI.Execute(["v1.sketch.dimension",[{"type":"VERTICAL_DISTANCE","value":"@expr.d461_position_y","name":"position_y","id":6556,"geomIds":[6594,6563]}]])
[0m[0;32m[2026-09-16 13:49:23.218][VERB] RETURN: {"result":"$6604"}
[0m[0;32m[2026-09-16 13:49:23.219][VERB] COMMANDCALL: _C.SafeAPI.Execute(["v1.sketch.dimension",[{"type":"OFFSET","value":"@expr.d462_width","name":"width","id":6556,"geomIds":[6562]}]])
[0m[0;32m[2026-09-16 13:49:23.226][VERB] RETURN: {"result":"$6608"}
[0m[0;32m[2026-09-16 13:49:23.226][VERB] COMMANDCALL: _C.SafeAPI.Execute(["v1.sketch.dimension",[{"type":"OFFSET","value":"@expr.d463_depth","name":"depth","id":6556,"geomIds":[6566]}]])
[0m[0;32m[2026-09-16 13:49:23.235][VERB] RETURN: {"result":"$6612"}
[0m[0;32m[2026-09-16 13:49:23.235][VERB] COMMANDCALL: _C.SafeAPI.Execute(["v1.part.extrusion",[{"references":[6562,6566,6572,6578],"name":"F458_makeBox_cad_primitives_py_8","taperAngle":0,"limit2":"@expr.d464_height","id":4}]])
[0m[0;32m[2026-09-16 13:49:23.241][VERB] RETURN: {"result":"$6616"}
[0m[0;32m[2026-09-16 13:49:23.241][VERB] COMMANDCALL: _C.SafeAPI.Execute(["v1.part.workPlane",[{"type":"PLANE","references":[38],"name":"F465_makeCylinder_cad_primitives_py_12_plane","offset":"@expr.d466_plane_offset","id":4}]])
[0m[0;32m[2026-09-16 13:49:23.245][VERB] RETURN: {"result":"$6659"}
[0m[0;32m[2026-09-16 13:49:23.246][VERB] COMMANDCALL: _C.SafeAPI.Execute(["v1.sketch.create",[{"planeId":6659,"name":"F465_makeCylinder_cad_primitives_py_12_profile","id":4}]])
[0m[0;32m[2026-09-16 13:49:23.248][VERB] RETURN: {"result":"$6665"}
[0m[0;32m[2026-09-16 13:49:23.248][VERB] COMMANDCALL: _C.SafeAPI.Execute(["v1.sketch.circle",[{"radius":2.7,"id":6665,"genFixation":0,"centerPos":[85.35,-4,0]}]])
[0m[0;32m[2026-09-16 13:49:23.249][VERB] RETURN: {"result":"$6671"}
[0m[0;32m[2026-09-16 13:49:23.249][VERB] COMMANDCALL: _C.SafeAPI.Execute(["v1.sketch.getPoints",[{"id":6671}]])
[0m[0;32m[2026-09-16 13:49:23.249][VERB] RETURN: {"result":{"centerId":"$6672"}}
[0m[0;32m[2026-09-16 13:49:23.250][VERB] COMMANDCALL: _C.SafeAPI.Execute(["v1.sketch.point",[{"pos":[-1000,-1000,0],"id":6665}]])
[0m[0;32m[2026-09-16 13:49:23.250][VERB] RETURN: {"result":"$6674"}
[0m[0;32m[2026-09-16 13:49:23.251][VERB] COMMANDCALL: _C.SafeAPI.Execute(["v1.sketch.constraint",[{"type":"FIXATION","id":6665,"geomIds":[6674]}]])
[0m[0;32m[2026-09-16 13:49:23.252][VERB] RETURN: {"result":"$6676"}
[0m[0;32m[2026-09-16 13:49:23.252][VERB] COMMANDCALL: _C.SafeAPI.Execute(["v1.sketch.dimension",[{"type":"HORIZONTAL_DISTANCE","value":"@expr.d467_position_x","name":"position_x","id":6665,"geomIds":[6674,6672]}]])
[0m[0;32m[2026-09-16 13:49:23.257][VERB] RETURN: {"result":"$6680"}
[0m[0;32m[2026-09-16 13:49:23.257][VERB] COMMANDCALL: _C.SafeAPI.Execute(["v1.sketch.dimension",[{"type":"VERTICAL_DISTANCE","value":"@expr.d468_position_y","name":"position_y","id":6665,"geomIds":[6674,6672]}]])
[0m[0;32m[2026-09-16 13:49:23.263][VERB] RETURN: {"result":"$6684"}
[0m[0;32m[2026-09-16 13:49:23.263][VERB] COMMANDCALL: _C.SafeAPI.Execute(["v1.sketch.dimension",[{"type":"RADIUS","value":"@expr.d469_radius","name":"radius","id":6665,"geomIds":[6671]}]])
[0m[0;32m[2026-09-16 13:49:23.269][VERB] RETURN: {"result":"$6688"}
[0m[0;32m[2026-09-16 13:49:23.269][VERB] COMMANDCALL: _C.SafeAPI.Execute(["v1.part.extrusion",[{"references":[6671],"name":"F465_makeCylinder_cad_primitives_py_12","taperAngle":0,"limit2":"@expr.d470_height","id":4}]])
[0m[0;32m[2026-09-16 13:49:23.275][VERB] RETURN: {"result":"$6692"}
[0m[0;32m[2026-09-16 13:49:23.276][VERB] COMMANDCALL: _C.SafeAPI.Execute(["v1.part.boolean",[{"type":"SUBTRACTION","tools":[6692],"target":6616,"name":"F457_cut_housing_shell_py_25","id":4}]])
[0m[0;32m[2026-09-16 13:49:23.281][VERB] RETURN: {"result":"$6714"}
[0m[0;32m[2026-09-16 13:49:23.282][VERB] COMMANDCALL: _C.SafeAPI.Execute(["v1.part.boolean",[{"type":"SUBTRACTION","tools":[6714],"target":6491,"name":"F62_union_housing_shell_py_61_cavity_2_stock_1","id":4}]])
[0m[0;32m[2026-09-16 13:49:23.292][VERB] RETURN: {"result":"$6732"}
[0m[0;32m[2026-09-16 13:49:23.293][VERB] COMMANDCALL: _C.SafeAPI.Execute(["v1.part.workPlane",[{"type":"PLANE","references":[38],"name":"F471_makeBox_cad_primitives_py_8_plane","offset":"@expr.d472_plane_offset","id":4}]])
[0m[0;32m[2026-09-16 13:49:23.297][VERB] RETURN: {"result":"$6744"}
[0m[0;32m[2026-09-16 13:49:23.297][VERB] COMMANDCALL: _C.SafeAPI.Execute(["v1.sketch.create",[{"planeId":6744,"name":"F471_makeBox_cad_primitives_py_8_profile","id":4}]])
[0m[0;32m[2026-09-16 13:49:23.300][VERB] RETURN: {"result":"$6750"}
[0m[0;32m[2026-09-16 13:49:23.300][VERB] COMMANDCALL: _C.SafeAPI.Execute(["v1.sketch.rectangle",[{"startPos":[88.05,30,0],"id":6750,"genFixation":0,"endPos":[92.5,41.3,0]}]])
[0m[0;32m[2026-09-16 13:49:23.307][VERB] RETURN: {"result":["$6756","$6760","$6766","$6772"]}
[0m[0;32m[2026-09-16 13:49:23.307][VERB] COMMANDCALL: _C.SafeAPI.Execute(["v1.sketch.getPoints",[{"id":6756}]])
[0m[0;32m[2026-09-16 13:49:23.307][VERB] RETURN: {"result":{"endId":"$6758","startId":"$6757"}}
[0m[0;32m[2026-09-16 13:49:23.307][VERB] COMMANDCALL: _C.SafeAPI.Execute(["v1.sketch.point",[{"pos":[-1000,-1000,0],"id":6750}]])
[0m[0;32m[2026-09-16 13:49:23.309][VERB] RETURN: {"result":"$6788"}
[0m[0;32m[2026-09-16 13:49:23.310][VERB] COMMANDCALL: _C.SafeAPI.Execute(["v1.sketch.constraint",[{"type":"FIXATION","id":6750,"geomIds":[6788]}]])
[0m[0;32m[2026-09-16 13:49:23.311][VERB] RETURN: {"result":"$6790"}
[0m[0;32m[2026-09-16 13:49:23.312][VERB] COMMANDCALL: _C.SafeAPI.Execute(["v1.sketch.dimension",[{"type":"HORIZONTAL_DISTANCE","value":"@expr.d473_position_x","name":"position_x","id":6750,"geomIds":[6788,6757]}]])
[0m[0;32m[2026-09-16 13:49:23.317][VERB] RETURN: {"result":"$6794"}
[0m[0;32m[2026-09-16 13:49:23.318][VERB] COMMANDCALL: _C.SafeAPI.Execute(["v1.sketch.dimension",[{"type":"VERTICAL_DISTANCE","value":"@expr.d474_position_y","name":"position_y","id":6750,"geomIds":[6788,6757]}]])
[0m[0;32m[2026-09-16 13:49:23.324][VERB] RETURN: {"result":"$6798"}
[0m[0;32m[2026-09-16 13:49:23.324][VERB] COMMANDCALL: _C.SafeAPI.Execute(["v1.sketch.dimension",[{"type":"OFFSET","value":"@expr.d475_width","name":"width","id":6750,"geomIds":[6756]}]])
[0m[0;32m[2026-09-16 13:49:23.332][VERB] RETURN: {"result":"$6802"}
[0m[0;32m[2026-09-16 13:49:23.332][VERB] COMMANDCALL: _C.SafeAPI.Execute(["v1.sketch.dimension",[{"type":"OFFSET","value":"@expr.d476_depth","name":"depth","id":6750,"geomIds":[6760]}]])
[0m[0;32m[2026-09-16 13:49:23.340][VERB] RETURN: {"result":"$6806"}
[0m[0;32m[2026-09-16 13:49:23.340][VERB] COMMANDCALL: _C.SafeAPI.Execute(["v1.part.extrusion",[{"references":[6756,6760,6766,6772],"name":"F471_makeBox_cad_primitives_py_8","taperAngle":0,"limit2":"@expr.d477_height","id":4}]])
[0m[0;32m[2026-09-16 13:49:23.346][VERB] RETURN: {"result":"$6810"}
[0m[0;32m[2026-09-16 13:49:23.347][VERB] COMMANDCALL: _C.SafeAPI.Execute(["v1.part.boolean",[{"type":"SUBTRACTION","tools":[6810],"target":6732,"name":"F62_union_housing_shell_py_61_cavity_2_stock_2","id":4}]])
[0m[0;32m[2026-09-16 13:49:23.361][VERB] RETURN: {"result":"$6853"}
[0m[0;32m[2026-09-16 13:49:23.361][VERB] COMMANDCALL: _C.SafeAPI.Execute(["v1.part.workPlane",[{"type":"PLANE","references":[38],"name":"F478_makeBox_cad_primitives_py_8_plane","offset":"@expr.d479_plane_offset","id":4}]])
[0m[0;32m[2026-09-16 13:49:23.366][VERB] RETURN: {"result":"$6912"}
[0m[0;32m[2026-09-16 13:49:23.366][VERB] COMMANDCALL: _C.SafeAPI.Execute(["v1.sketch.create",[{"planeId":6912,"name":"F478_makeBox_cad_primitives_py_8_profile","id":4}]])
[0m[0;32m[2026-09-16 13:49:23.368][VERB] RETURN: {"result":"$6918"}
[0m[0;32m[2026-09-16 13:49:23.368][VERB] COMMANDCALL: _C.SafeAPI.Execute(["v1.sketch.rectangle",[{"startPos":[88.05,30,0],"id":6918,"genFixation":0,"endPos":[92.5,38,0]}]])
[0m[0;32m[2026-09-16 13:49:23.375][VERB] RETURN: {"result":["$6924","$6928","$6934","$6940"]}
[0m[0;32m[2026-09-16 13:49:23.376][VERB] COMMANDCALL: _C.SafeAPI.Execute(["v1.sketch.getPoints",[{"id":6924}]])
[0m[0;32m[2026-09-16 13:49:23.376][VERB] RETURN: {"result":{"endId":"$6926","startId":"$6925"}}
[0m[0;32m[2026-09-16 13:49:23.376][VERB] COMMANDCALL: _C.SafeAPI.Execute(["v1.sketch.point",[{"pos":[-1000,-1000,0],"id":6918}]])
[0m[0;32m[2026-09-16 13:49:23.378][VERB] RETURN: {"result":"$6956"}
[0m[0;32m[2026-09-16 13:49:23.378][VERB] COMMANDCALL: _C.SafeAPI.Execute(["v1.sketch.constraint",[{"type":"FIXATION","id":6918,"geomIds":[6956]}]])
[0m[0;32m[2026-09-16 13:49:23.380][VERB] RETURN: {"result":"$6958"}
[0m[0;32m[2026-09-16 13:49:23.380][VERB] COMMANDCALL: _C.SafeAPI.Execute(["v1.sketch.dimension",[{"type":"HORIZONTAL_DISTANCE","value":"@expr.d480_position_x","name":"position_x","id":6918,"geomIds":[6956,6925]}]])
[0m[0;32m[2026-09-16 13:49:23.386][VERB] RETURN: {"result":"$6962"}
[0m[0;32m[2026-09-16 13:49:23.386][VERB] COMMANDCALL: _C.SafeAPI.Execute(["v1.sketch.dimension",[{"type":"VERTICAL_DISTANCE","value":"@expr.d481_position_y","name":"position_y","id":6918,"geomIds":[6956,6925]}]])
[0m[0;32m[2026-09-16 13:49:23.394][VERB] RETURN: {"result":"$6966"}
[0m[0;32m[2026-09-16 13:49:23.394][VERB] COMMANDCALL: _C.SafeAPI.Execute(["v1.sketch.dimension",[{"type":"OFFSET","value":"@expr.d482_width","name":"width","id":6918,"geomIds":[6924]}]])
[0m[0;32m[2026-09-16 13:49:23.401][VERB] RETURN: {"result":"$6970"}
[0m[0;32m[2026-09-16 13:49:23.402][VERB] COMMANDCALL: _C.SafeAPI.Execute(["v1.sketch.dimension",[{"type":"OFFSET","value":"@expr.d483_depth","name":"depth","id":6918,"geomIds":[6928]}]])
[0m[0;32m[2026-09-16 13:49:23.410][VERB] RETURN: {"result":"$6974"}
[0m[0;32m[2026-09-16 13:49:23.411][VERB] COMMANDCALL: _C.SafeAPI.Execute(["v1.part.extrusion",[{"references":[6924,6928,6934,6940],"name":"F478_makeBox_cad_primitives_py_8","taperAngle":0,"limit2":"@expr.d484_height","id":4}]])
[0m[0;32m[2026-09-16 13:49:23.417][VERB] RETURN: {"result":"$6978"}
[0m[0;32m[2026-09-16 13:49:23.417][VERB] COMMANDCALL: _C.SafeAPI.Execute(["v1.part.boolean",[{"type":"SUBTRACTION","tools":[6978],"target":6853,"name":"F62_union_housing_shell_py_61_cavity_2_stock_3","id":4}]])
[0m[0;32m[2026-09-16 13:49:23.431][VERB] RETURN: {"result":"$7021"}
[0m[0;32m[2026-09-16 13:49:23.431][VERB] COMMANDCALL: _C.SafeAPI.Execute(["v1.part.boolean",[{"type":"SUBTRACTION","tools":[7021],"target":5752,"name":"F62_union_housing_shell_py_61_cavity_2","id":4}]])
[0m[0;32m[2026-09-16 13:49:23.557][VERB] RETURN: {"result":"$7076"}
[0m[0;32m[2026-09-16 13:49:23.557][VERB] COMMANDCALL: _C.SafeAPI.Execute(["v1.part.workPlane",[{"type":"PLANE","references":[46],"name":"F485_makeCylinder_cad_primitives_py_12_plane","offset":"@expr.d486_plane_offset","id":4}]])
[0m[0;32m[2026-09-16 13:49:23.562][VERB] RETURN: {"result":"$7295"}
[0m[0;32m[2026-09-16 13:49:23.562][VERB] COMMANDCALL: _C.SafeAPI.Execute(["v1.sketch.create",[{"planeId":7295,"name":"F485_makeCylinder_cad_primitives_py_12_profile","id":4}]])
[0m[0;32m[2026-09-16 13:49:23.564][VERB] RETURN: {"result":"$7301"}
[0m[0;32m[2026-09-16 13:49:23.564][VERB] COMMANDCALL: _C.SafeAPI.Execute(["v1.sketch.circle",[{"radius":11.2,"id":7301,"genFixation":0,"centerPos":[13.05,-12.5,0]}]])
[0m[0;32m[2026-09-16 13:49:23.566][VERB] RETURN: {"result":"$7307"}
[0m[0;32m[2026-09-16 13:49:23.566][VERB] COMMANDCALL: _C.SafeAPI.Execute(["v1.sketch.getPoints",[{"id":7307}]])
[0m[0;32m[2026-09-16 13:49:23.566][VERB] RETURN: {"result":{"centerId":"$7308"}}
[0m[0;32m[2026-09-16 13:49:23.566][VERB] COMMANDCALL: _C.SafeAPI.Execute(["v1.sketch.point",[{"pos":[-1000,-1000,0],"id":7301}]])
[0m[0;32m[2026-09-16 13:49:23.567][VERB] RETURN: {"result":"$7310"}
[0m[0;32m[2026-09-16 13:49:23.567][VERB] COMMANDCALL: _C.SafeAPI.Execute(["v1.sketch.constraint",[{"type":"FIXATION","id":7301,"geomIds":[7310]}]])
[0m[0;32m[2026-09-16 13:49:23.568][VERB] RETURN: {"result":"$7312"}
[0m[0;32m[2026-09-16 13:49:23.569][VERB] COMMANDCALL: _C.SafeAPI.Execute(["v1.sketch.dimension",[{"type":"HORIZONTAL_DISTANCE","value":"@expr.d487_position_x","name":"position_x","id":7301,"geomIds":[7310,7308]}]])
[0m[0;32m[2026-09-16 13:49:23.573][VERB] RETURN: {"result":"$7316"}
[0m[0;32m[2026-09-16 13:49:23.574][VERB] COMMANDCALL: _C.SafeAPI.Execute(["v1.sketch.dimension",[{"type":"VERTICAL_DISTANCE","value":"@expr.d488_position_y","name":"position_y","id":7301,"geomIds":[7310,7308]}]])
[0m[0;32m[2026-09-16 13:49:23.579][VERB] RETURN: {"result":"$7320"}
[0m[0;32m[2026-09-16 13:49:23.579][VERB] COMMANDCALL: _C.SafeAPI.Execute(["v1.sketch.dimension",[{"type":"RADIUS","value":"@expr.d489_radius","name":"radius","id":7301,"geomIds":[7307]}]])
[0m[0;32m[2026-09-16 13:49:23.584][VERB] RETURN: {"result":"$7324"}
[0m[0;32m[2026-09-16 13:49:23.585][VERB] COMMANDCALL: _C.SafeAPI.Execute(["v1.part.extrusion",[{"references":[7307],"name":"F485_makeCylinder_cad_primitives_py_12","taperAngle":0,"limit2":"@expr.d490_height","id":4}]])
[0m[0;32m[2026-09-16 13:49:23.591][VERB] RETURN: {"result":"$7328"}
[0m[0;32m[2026-09-16 13:49:23.592][VERB] COMMANDCALL: _C.SafeAPI.Execute(["v1.part.boolean",[{"type":"SUBTRACTION","tools":[7328],"target":7076,"name":"F61_cut_housing_shell_py_94","id":4}]])
[0m[0;32m[2026-09-16 13:49:23.621][VERB] RETURN: {"result":"$7350"}
[0m[0;32m[2026-09-16 13:49:23.621][VERB] COMMANDCALL: _C.SafeAPI.Execute(["v1.part.workPlane",[{"type":"PLANE","references":[42],"name":"F491_makeCylinder_cad_primitives_py_12_plane","offset":"@expr.d492_plane_offset","id":4}]])
[0m[0;32m[2026-09-16 13:49:23.626][VERB] RETURN: {"result":"$7403"}
[0m[0;32m[2026-09-16 13:49:23.626][VERB] COMMANDCALL: _C.SafeAPI.Execute(["v1.sketch.create",[{"planeId":7403,"name":"F491_makeCylinder_cad_primitives_py_12_profile","id":4}]])
[0m[0;32m[2026-09-16 13:49:23.628][VERB] RETURN: {"result":"$7409"}
[0m[0;32m[2026-09-16 13:49:23.629][VERB] COMMANDCALL: _C.SafeAPI.Execute(["v1.sketch.circle",[{"radius":6.2,"id":7409,"genFixation":0,"centerPos":[42,-13.3,0]}]])
[0m[0;32m[2026-09-16 13:49:23.630][VERB] RETURN: {"result":"$7415"}
[0m[0;32m[2026-09-16 13:49:23.630][VERB] COMMANDCALL: _C.SafeAPI.Execute(["v1.sketch.getPoints",[{"id":7415}]])
[0m[0;32m[2026-09-16 13:49:23.630][VERB] RETURN: {"result":{"centerId":"$7416"}}
[0m[0;32m[2026-09-16 13:49:23.630][VERB] COMMANDCALL: _C.SafeAPI.Execute(["v1.sketch.point",[{"pos":[-1000,-1000,0],"id":7409}]])
[0m[0;32m[2026-09-16 13:49:23.631][VERB] RETURN: {"result":"$7418"}
[0m[0;32m[2026-09-16 13:49:23.632][VERB] COMMANDCALL: _C.SafeAPI.Execute(["v1.sketch.constraint",[{"type":"FIXATION","id":7409,"geomIds":[7418]}]])
[0m[0;32m[2026-09-16 13:49:23.633][VERB] RETURN: {"result":"$7420"}
[0m[0;32m[2026-09-16 13:49:23.633][VERB] COMMANDCALL: _C.SafeAPI.Execute(["v1.sketch.dimension",[{"type":"HORIZONTAL_DISTANCE","value":"@expr.d493_position_x","name":"position_x","id":7409,"geomIds":[7418,7416]}]])
[0m[0;32m[2026-09-16 13:49:23.637][VERB] RETURN: {"result":"$7424"}
[0m[0;32m[2026-09-16 13:49:23.638][VERB] COMMANDCALL: _C.SafeAPI.Execute(["v1.sketch.dimension",[{"type":"VERTICAL_DISTANCE","value":"@expr.d494_position_y","name":"position_y","id":7409,"geomIds":[7418,7416]}]])
[0m[0;32m[2026-09-16 13:49:23.643][VERB] RETURN: {"result":"$7428"}
[0m[0;32m[2026-09-16 13:49:23.643][VERB] COMMANDCALL: _C.SafeAPI.Execute(["v1.sketch.dimension",[{"type":"RADIUS","value":"@expr.d495_radius","name":"radius","id":7409,"geomIds":[7415]}]])
[0m[0;32m[2026-09-16 13:49:23.648][VERB] RETURN: {"result":"$7432"}
[0m[0;32m[2026-09-16 13:49:23.648][VERB] COMMANDCALL: _C.SafeAPI.Execute(["v1.part.extrusion",[{"references":[7415],"name":"F491_makeCylinder_cad_primitives_py_12","taperAngle":0,"limit2":"@expr.d496_height","id":4}]])
[0m[0;32m[2026-09-16 13:49:23.655][VERB] RETURN: {"result":"$7436"}
[0m[0;32m[2026-09-16 13:49:23.655][VERB] COMMANDCALL: _C.SafeAPI.Execute(["v1.part.boolean",[{"type":"SUBTRACTION","tools":[7436],"target":7350,"name":"F60_cut_housing_shell_py_94","id":4}]])
[0m[0;32m[2026-09-16 13:49:23.678][VERB] RETURN: {"result":"$7458"}
[0m[0;32m[2026-09-16 13:49:23.678][VERB] COMMANDCALL: _C.SafeAPI.Execute(["v1.part.workPlane",[{"type":"PLANE","references":[46],"name":"F498_makeCylinder_cad_primitives_py_12_plane","offset":"@expr.d499_plane_offset","id":4}]])
[0m[0;32m[2026-09-16 13:49:23.683][VERB] RETURN: {"result":"$7480"}
[0m[0;32m[2026-09-16 13:49:23.683][VERB] COMMANDCALL: _C.SafeAPI.Execute(["v1.sketch.create",[{"planeId":7480,"name":"F498_makeCylinder_cad_primitives_py_12_profile","id":4}]])
[0m[0;32m[2026-09-16 13:49:23.685][VERB] RETURN: {"result":"$7486"}
[0m[0;32m[2026-09-16 13:49:23.686][VERB] COMMANDCALL: _C.SafeAPI.Execute(["v1.sketch.circle",[{"radius":14,"id":7486,"genFixation":0,"centerPos":[13,-13.9,0]}]])
[0m[0;32m[2026-09-16 13:49:23.687][VERB] RETURN: {"result":"$7492"}
[0m[0;32m[2026-09-16 13:49:23.687][VERB] COMMANDCALL: _C.SafeAPI.Execute(["v1.sketch.getPoints",[{"id":7492}]])
[0m[0;32m[2026-09-16 13:49:23.687][VERB] RETURN: {"result":{"centerId":"$7493"}}
[0m[0;32m[2026-09-16 13:49:23.687][VERB] COMMANDCALL: _C.SafeAPI.Execute(["v1.sketch.point",[{"pos":[-1000,-1000,0],"id":7486}]])
[0m[0;32m[2026-09-16 13:49:23.688][VERB] RETURN: {"result":"$7495"}
[0m[0;32m[2026-09-16 13:49:23.689][VERB] COMMANDCALL: _C.SafeAPI.Execute(["v1.sketch.constraint",[{"type":"FIXATION","id":7486,"geomIds":[7495]}]])
[0m[0;32m[2026-09-16 13:49:23.690][VERB] RETURN: {"result":"$7497"}
[0m[0;32m[2026-09-16 13:49:23.690][VERB] COMMANDCALL: _C.SafeAPI.Execute(["v1.sketch.dimension",[{"type":"HORIZONTAL_DISTANCE","value":"@expr.d500_position_x","name":"position_x","id":7486,"geomIds":[7495,7493]}]])
[0m[0;32m[2026-09-16 13:49:23.695][VERB] RETURN: {"result":"$7501"}
[0m[0;32m[2026-09-16 13:49:23.695][VERB] COMMANDCALL: _C.SafeAPI.Execute(["v1.sketch.dimension",[{"type":"VERTICAL_DISTANCE","value":"@expr.d501_position_y","name":"position_y","id":7486,"geomIds":[7495,7493]}]])
[0m[0;32m[2026-09-16 13:49:23.700][VERB] RETURN: {"result":"$7505"}
[0m[0;32m[2026-09-16 13:49:23.700][VERB] COMMANDCALL: _C.SafeAPI.Execute(["v1.sketch.dimension",[{"type":"RADIUS","value":"@expr.d502_radius","name":"radius","id":7486,"geomIds":[7492]}]])
[0m[0;32m[2026-09-16 13:49:23.706][VERB] RETURN: {"result":"$7509"}
[0m[0;32m[2026-09-16 13:49:23.706][VERB] COMMANDCALL: _C.SafeAPI.Execute(["v1.part.extrusion",[{"references":[7492],"name":"F498_makeCylinder_cad_primitives_py_12","taperAngle":0,"limit2":"@expr.d503_height","id":4}]])
[0m[0;32m[2026-09-16 13:49:23.714][VERB] RETURN: {"result":"$7513"}
[0m[0;32m[2026-09-16 13:49:23.714][VERB] COMMANDCALL: _C.SafeAPI.Execute(["v1.part.workPlane",[{"type":"PLANE","references":[38],"name":"F504_makeBox_cad_primitives_py_8_plane","offset":"@expr.d505_plane_offset","id":4}]])
[0m[0;32m[2026-09-16 13:49:23.719][VERB] RETURN: {"result":"$7535"}
[0m[0;32m[2026-09-16 13:49:23.719][VERB] COMMANDCALL: _C.SafeAPI.Execute(["v1.sketch.create",[{"planeId":7535,"name":"F504_makeBox_cad_primitives_py_8_profile","id":4}]])
[0m[0;32m[2026-09-16 13:49:23.721][VERB] RETURN: {"result":"$7541"}
[0m[0;32m[2026-09-16 13:49:23.721][VERB] COMMANDCALL: _C.SafeAPI.Execute(["v1.sketch.rectangle",[{"startPos":[86,-30,0],"id":7541,"genFixation":0,"endPos":[98,70,0]}]])
[0m[0;32m[2026-09-16 13:49:23.728][VERB] RETURN: {"result":["$7547","$7551","$7557","$7563"]}
[0m[0;32m[2026-09-16 13:49:23.729][VERB] COMMANDCALL: _C.SafeAPI.Execute(["v1.sketch.getPoints",[{"id":7547}]])
[0m[0;32m[2026-09-16 13:49:23.729][VERB] RETURN: {"result":{"endId":"$7549","startId":"$7548"}}
[0m[0;32m[2026-09-16 13:49:23.729][VERB] COMMANDCALL: _C.SafeAPI.Execute(["v1.sketch.point",[{"pos":[-1000,-1000,0],"id":7541}]])
[0m[0;32m[2026-09-16 13:49:23.731][VERB] RETURN: {"result":"$7579"}
[0m[0;32m[2026-09-16 13:49:23.731][VERB] COMMANDCALL: _C.SafeAPI.Execute(["v1.sketch.constraint",[{"type":"FIXATION","id":7541,"geomIds":[7579]}]])
[0m[0;32m[2026-09-16 13:49:23.733][VERB] RETURN: {"result":"$7581"}
[0m[0;32m[2026-09-16 13:49:23.733][VERB] COMMANDCALL: _C.SafeAPI.Execute(["v1.sketch.dimension",[{"type":"HORIZONTAL_DISTANCE","value":"@expr.d506_position_x","name":"position_x","id":7541,"geomIds":[7579,7548]}]])
[0m[0;32m[2026-09-16 13:49:23.738][VERB] RETURN: {"result":"$7585"}
[0m[0;32m[2026-09-16 13:49:23.739][VERB] COMMANDCALL: _C.SafeAPI.Execute(["v1.sketch.dimension",[{"type":"VERTICAL_DISTANCE","value":"@expr.d507_position_y","name":"position_y","id":7541,"geomIds":[7579,7548]}]])
[0m[0;32m[2026-09-16 13:49:23.745][VERB] RETURN: {"result":"$7589"}
[0m[0;32m[2026-09-16 13:49:23.745][VERB] COMMANDCALL: _C.SafeAPI.Execute(["v1.sketch.dimension",[{"type":"OFFSET","value":"@expr.d508_width","name":"width","id":7541,"geomIds":[7547]}]])
[0m[0;32m[2026-09-16 13:49:23.752][VERB] RETURN: {"result":"$7593"}
[0m[0;32m[2026-09-16 13:49:23.752][VERB] COMMANDCALL: _C.SafeAPI.Execute(["v1.sketch.dimension",[{"type":"OFFSET","value":"@expr.d509_depth","name":"depth","id":7541,"geomIds":[7551]}]])
[0m[0;32m[2026-09-16 13:49:23.761][VERB] RETURN: {"result":"$7597"}
[0m[0;32m[2026-09-16 13:49:23.761][VERB] COMMANDCALL: _C.SafeAPI.Execute(["v1.part.extrusion",[{"references":[7547,7551,7557,7563],"name":"F504_makeBox_cad_primitives_py_8","taperAngle":0,"limit2":"@expr.d510_height","id":4}]])
[0m[0;32m[2026-09-16 13:49:23.767][VERB] RETURN: {"result":"$7601"}
[0m[0;32m[2026-09-16 13:49:23.767][VERB] COMMANDCALL: _C.SafeAPI.Execute(["v1.part.boolean",[{"type":"SUBTRACTION","tools":[7601],"target":7513,"name":"F497_cut_housing_shell_py_68","id":4}]])
[0m[0;32m[2026-09-16 13:49:23.773][VERB] RETURN: {"result":"$7644"}
[0m[0;32m[2026-09-16 13:49:23.773][VERB] COMMANDCALL: _C.SafeAPI.Execute(["v1.part.boolean",[{"type":"SUBTRACTION","tools":[7644],"target":7458,"name":"F59_cut_housing_shell_py_94","id":4}]])
[0m[0;32m[2026-09-16 13:49:23.811][VERB] RETURN: {"result":"$7674"}
[0m[0;32m[2026-09-16 13:49:23.812][VERB] COMMANDCALL: _C.SafeAPI.Execute(["v1.sketch.create",[{"planeId":42,"name":"F513_extrude_housing_components_py_153_profile","id":4}]])
[0m[0;32m[2026-09-16 13:49:23.814][VERB] RETURN: {"result":"$7766"}
[0m[0;32m[2026-09-16 13:49:23.815][VERB] COMMANDCALL: _C.SafeAPI.Execute(["v1.sketch.point",[{"pos":[-1000,-1000,0],"id":7766}]])
[0m[0;32m[2026-09-16 13:49:23.816][VERB] RETURN: {"result":"$7772"}
[0m[0;32m[2026-09-16 13:49:23.816][VERB] COMMANDCALL: _C.SafeAPI.Execute(["v1.sketch.constraint",[{"type":"FIXATION","id":7766,"geomIds":[7772]}]])
[0m[0;32m[2026-09-16 13:49:23.818][VERB] RETURN: {"result":"$7774"}
[0m[0;32m[2026-09-16 13:49:23.818][VERB] COMMANDCALL: _C.SafeAPI.Execute(["v1.sketch.line",[{"startPos":[8.475,-16.7,0],"genIncidence":0,"genTangency":0,"genFixation":0,"genVertAndHoriz":0,"id":7766,"endPos":[18.275,-16.7,0]}]])
[0m[0;32m[2026-09-16 13:49:23.820][VERB] RETURN: {"result":"$7776"}
[0m[0;32m[2026-09-16 13:49:23.820][VERB] COMMANDCALL: _C.SafeAPI.Execute(["v1.sketch.getPoints",[{"id":7776}]])
[0m[0;32m[2026-09-16 13:49:23.821][VERB] RETURN: {"result":{"endId":"$7778","startId":"$7777"}}
[0m[0;32m[2026-09-16 13:49:23.821][VERB] COMMANDCALL: _C.SafeAPI.Execute(["v1.sketch.dimension",[{"type":"HORIZONTAL_DISTANCE","value":"@expr.d514_x","name":"x","id":7766,"geomIds":[7772,7777]}]])
[0m[0;32m[2026-09-16 13:49:23.828][VERB] RETURN: {"result":"$7782"}
[0m[0;32m[2026-09-16 13:49:23.828][VERB] COMMANDCALL: _C.SafeAPI.Execute(["v1.sketch.dimension",[{"type":"VERTICAL_DISTANCE","value":"@expr.d515_y","name":"y","id":7766,"geomIds":[7772,7777]}]])
[0m[0;32m[2026-09-16 13:49:23.835][VERB] RETURN: {"result":"$7786"}
[0m[0;32m[2026-09-16 13:49:23.837][VERB] COMMANDCALL: _C.SafeAPI.Execute(["v1.sketch.dimension",[{"type":"HORIZONTAL_DISTANCE","value":"@expr.d516_x","name":"x","id":7766,"geomIds":[7772,7778]}]])
[0m[0;32m[2026-09-16 13:49:23.843][VERB] RETURN: {"result":"$7790"}
[0m[0;32m[2026-09-16 13:49:23.844][VERB] COMMANDCALL: _C.SafeAPI.Execute(["v1.sketch.dimension",[{"type":"VERTICAL_DISTANCE","value":"@expr.d517_y","name":"y","id":7766,"geomIds":[7772,7778]}]])
[0m[0;32m[2026-09-16 13:49:23.851][VERB] RETURN: {"result":"$7794"}
[0m[0;32m[2026-09-16 13:49:23.851][VERB] COMMANDCALL: _C.SafeAPI.Execute(["v1.sketch.arcBy3Points",[{"startPos":[18.275,-16.7,0],"genIncidence":0,"genTangency":0,"genFixation":0,"genVertAndHoriz":0,"midPos":[19.406370849898,-17.168629150102,0],"id":7766,"endPos":[19.875,-18.3,0]}]])
[0m[0;32m[2026-09-16 13:49:23.855][VERB] RETURN: {"result":"$7796"}
[0m[0;32m[2026-09-16 13:49:23.855][VERB] COMMANDCALL: _C.SafeAPI.Execute(["v1.sketch.getPoints",[{"id":7796}]])
[0m[0;32m[2026-09-16 13:49:23.856][VERB] RETURN: {"result":{"centerId":"$7799","endId":"$7797","startId":"$7798"}}
[0m[0;32m[2026-09-16 13:49:23.856][VERB] COMMANDCALL: _C.SafeAPI.Execute(["v1.sketch.dimension",[{"type":"HORIZONTAL_DISTANCE","value":"@expr.d518_x","name":"x","id":7766,"geomIds":[7772,7798]}]])
[0m[0;32m[2026-09-16 13:49:23.864][VERB] RETURN: {"result":"$7803"}
[0m[0;32m[2026-09-16 13:49:23.864][VERB] COMMANDCALL: _C.SafeAPI.Execute(["v1.sketch.dimension",[{"type":"VERTICAL_DISTANCE","value":"@expr.d519_y","name":"y","id":7766,"geomIds":[7772,7798]}]])
[0m[0;32m[2026-09-16 13:49:23.873][VERB] RETURN: {"result":"$7807"}
[0m[0;32m[2026-09-16 13:49:23.873][VERB] COMMANDCALL: _C.SafeAPI.Execute(["v1.sketch.dimension",[{"type":"HORIZONTAL_DISTANCE","value":"@expr.d520_x","name":"x","id":7766,"geomIds":[7772,7797]}]])
[0m[0;32m[2026-09-16 13:49:23.882][VERB] RETURN: {"result":"$7811"}
[0m[0;32m[2026-09-16 13:49:23.883][VERB] COMMANDCALL: _C.SafeAPI.Execute(["v1.sketch.dimension",[{"type":"VERTICAL_DISTANCE","value":"@expr.d521_y","name":"y","id":7766,"geomIds":[7772,7797]}]])
[0m[0;32m[2026-09-16 13:49:23.893][VERB] RETURN: {"result":"$7815"}
[0m[0;32m[2026-09-16 13:49:23.894][VERB] COMMANDCALL: _C.SafeAPI.Execute(["v1.sketch.dimension",[{"type":"RADIUS","value":"@expr.d522_arc_radius","name":"arc_radius","id":7766,"geomIds":[7796]}]])
[0m[0;32m[2026-09-16 13:49:23.904][VERB] RETURN: {"result":"$7819"}
[0m[0;32m[2026-09-16 13:49:23.904][VERB] COMMANDCALL: _C.SafeAPI.Execute(["v1.sketch.line",[{"startPos":[19.875,-18.3,0],"genIncidence":0,"genTangency":0,"genFixation":0,"genVertAndHoriz":0,"id":7766,"endPos":[19.875,-22.2,0]}]])
[0m[0;32m[2026-09-16 13:49:23.910][VERB] RETURN: {"result":"$7821"}
[0m[0;32m[2026-09-16 13:49:23.910][VERB] COMMANDCALL: _C.SafeAPI.Execute(["v1.sketch.getPoints",[{"id":7821}]])
[0m[0;32m[2026-09-16 13:49:23.910][VERB] RETURN: {"result":{"endId":"$7823","startId":"$7822"}}
[0m[0;32m[2026-09-16 13:49:23.911][VERB] COMMANDCALL: _C.SafeAPI.Execute(["v1.sketch.dimension",[{"type":"HORIZONTAL_DISTANCE","value":"@expr.d523_x","name":"x","id":7766,"geomIds":[7772,7822]}]])
[0m[0;32m[2026-09-16 13:49:23.922][VERB] RETURN: {"result":"$7827"}
[0m[0;32m[2026-09-16 13:49:23.923][VERB] COMMANDCALL: _C.SafeAPI.Execute(["v1.sketch.dimension",[{"type":"VERTICAL_DISTANCE","value":"@expr.d524_y","name":"y","id":7766,"geomIds":[7772,7822]}]])
[0m[0;32m[2026-09-16 13:49:23.936][VERB] RETURN: {"result":"$7831"}
[0m[0;32m[2026-09-16 13:49:23.936][VERB] COMMANDCALL: _C.SafeAPI.Execute(["v1.sketch.dimension",[{"type":"HORIZONTAL_DISTANCE","value":"@expr.d525_x","name":"x","id":7766,"geomIds":[7772,7823]}]])
[0m[0;32m[2026-09-16 13:49:23.949][VERB] RETURN: {"result":"$7835"}
[0m[0;32m[2026-09-16 13:49:23.949][VERB] COMMANDCALL: _C.SafeAPI.Execute(["v1.sketch.dimension",[{"type":"VERTICAL_DISTANCE","value":"@expr.d526_y","name":"y","id":7766,"geomIds":[7772,7823]}]])
[0m[0;32m[2026-09-16 13:49:23.963][VERB] RETURN: {"result":"$7839"}
[0m[0;32m[2026-09-16 13:49:23.963][VERB] COMMANDCALL: _C.SafeAPI.Execute(["v1.sketch.arcBy3Points",[{"startPos":[19.875,-22.2,0],"genIncidence":0,"genTangency":0,"genFixation":0,"genVertAndHoriz":0,"midPos":[19.406370849898,-23.331370849898,0],"id":7766,"endPos":[18.275,-23.8,0]}]])
[0m[0;32m[2026-09-16 13:49:23.970][VERB] RETURN: {"result":"$7841"}
[0m[0;32m[2026-09-16 13:49:23.970][VERB] COMMANDCALL: _C.SafeAPI.Execute(["v1.sketch.getPoints",[{"id":7841}]])
[0m[0;32m[2026-09-16 13:49:23.970][VERB] RETURN: {"result":{"centerId":"$7844","endId":"$7842","startId":"$7843"}}
[0m[0;32m[2026-09-16 13:49:23.971][VERB] COMMANDCALL: _C.SafeAPI.Execute(["v1.sketch.dimension",[{"type":"HORIZONTAL_DISTANCE","value":"@expr.d527_x","name":"x","id":7766,"geomIds":[7772,7843]}]])
[0m[0;32m[2026-09-16 13:49:23.986][VERB] RETURN: {"result":"$7848"}
[0m[0;32m[2026-09-16 13:49:23.986][VERB] COMMANDCALL: _C.SafeAPI.Execute(["v1.sketch.dimension",[{"type":"VERTICAL_DISTANCE","value":"@expr.d528_y","name":"y","id":7766,"geomIds":[7772,7843]}]])
[0m[0;32m[2026-09-16 13:49:24.002][VERB] RETURN: {"result":"$7852"}
[0m[0;32m[2026-09-16 13:49:24.002][VERB] COMMANDCALL: _C.SafeAPI.Execute(["v1.sketch.dimension",[{"type":"HORIZONTAL_DISTANCE","value":"@expr.d529_x","name":"x","id":7766,"geomIds":[7772,7842]}]])
[0m[0;32m[2026-09-16 13:49:24.019][VERB] RETURN: {"result":"$7856"}
[0m[0;32m[2026-09-16 13:49:24.019][VERB] COMMANDCALL: _C.SafeAPI.Execute(["v1.sketch.dimension",[{"type":"VERTICAL_DISTANCE","value":"@expr.d530_y","name":"y","id":7766,"geomIds":[7772,7842]}]])
[0m[0;32m[2026-09-16 13:49:24.037][VERB] RETURN: {"result":"$7860"}
[0m[0;32m[2026-09-16 13:49:24.037][VERB] COMMANDCALL: _C.SafeAPI.Execute(["v1.sketch.dimension",[{"type":"RADIUS","value":"@expr.d531_arc_radius","name":"arc_radius","id":7766,"geomIds":[7841]}]])
[0m[0;32m[2026-09-16 13:49:24.055][VERB] RETURN: {"result":"$7864"}
[0m[0;32m[2026-09-16 13:49:24.055][VERB] COMMANDCALL: _C.SafeAPI.Execute(["v1.sketch.line",[{"startPos":[18.275,-23.8,0],"genIncidence":0,"genTangency":0,"genFixation":0,"genVertAndHoriz":0,"id":7766,"endPos":[8.475,-23.8,0]}]])
[0m[0;32m[2026-09-16 13:49:24.063][VERB] RETURN: {"result":"$7866"}
[0m[0;32m[2026-09-16 13:49:24.064][VERB] COMMANDCALL: _C.SafeAPI.Execute(["v1.sketch.getPoints",[{"id":7866}]])
[0m[0;32m[2026-09-16 13:49:24.064][VERB] RETURN: {"result":{"endId":"$7868","startId":"$7867"}}
[0m[0;32m[2026-09-16 13:49:24.064][VERB] COMMANDCALL: _C.SafeAPI.Execute(["v1.sketch.dimension",[{"type":"HORIZONTAL_DISTANCE","value":"@expr.d532_x","name":"x","id":7766,"geomIds":[7772,7867]}]])
[0m[0;32m[2026-09-16 13:49:24.082][VERB] RETURN: {"result":"$7872"}
[0m[0;32m[2026-09-16 13:49:24.083][VERB] COMMANDCALL: _C.SafeAPI.Execute(["v1.sketch.dimension",[{"type":"VERTICAL_DISTANCE","value":"@expr.d533_y","name":"y","id":7766,"geomIds":[7772,7867]}]])
[0m[0;32m[2026-09-16 13:49:24.102][VERB] RETURN: {"result":"$7876"}
[0m[0;32m[2026-09-16 13:49:24.102][VERB] COMMANDCALL: _C.SafeAPI.Execute(["v1.sketch.dimension",[{"type":"HORIZONTAL_DISTANCE","value":"@expr.d534_x","name":"x","id":7766,"geomIds":[7772,7868]}]])
[0m[0;32m[2026-09-16 13:49:24.122][VERB] RETURN: {"result":"$7880"}
[0m[0;32m[2026-09-16 13:49:24.122][VERB] COMMANDCALL: _C.SafeAPI.Execute(["v1.sketch.dimension",[{"type":"VERTICAL_DISTANCE","value":"@expr.d535_y","name":"y","id":7766,"geomIds":[7772,7868]}]])
[0m[0;32m[2026-09-16 13:49:24.144][VERB] RETURN: {"result":"$7884"}
[0m[0;32m[2026-09-16 13:49:24.144][VERB] COMMANDCALL: _C.SafeAPI.Execute(["v1.sketch.arcBy3Points",[{"startPos":[8.475,-23.8,0],"genIncidence":0,"genTangency":0,"genFixation":0,"genVertAndHoriz":0,"midPos":[7.3436291501015,-23.331370849898,0],"id":7766,"endPos":[6.875,-22.2,0]}]])
[0m[0;32m[2026-09-16 13:49:24.155][VERB] RETURN: {"result":"$7886"}
[0m[0;32m[2026-09-16 13:49:24.155][VERB] COMMANDCALL: _C.SafeAPI.Execute(["v1.sketch.getPoints",[{"id":7886}]])
[0m[0;32m[2026-09-16 13:49:24.155][VERB] RETURN: {"result":{"centerId":"$7889","endId":"$7887","startId":"$7888"}}
[0m[0;32m[2026-09-16 13:49:24.156][VERB] COMMANDCALL: _C.SafeAPI.Execute(["v1.sketch.dimension",[{"type":"HORIZONTAL_DISTANCE","value":"@expr.d536_x","name":"x","id":7766,"geomIds":[7772,7888]}]])
[0m[0;32m[2026-09-16 13:49:24.178][VERB] RETURN: {"result":"$7893"}
[0m[0;32m[2026-09-16 13:49:24.178][VERB] COMMANDCALL: _C.SafeAPI.Execute(["v1.sketch.dimension",[{"type":"VERTICAL_DISTANCE","value":"@expr.d537_y","name":"y","id":7766,"geomIds":[7772,7888]}]])
[0m[0;32m[2026-09-16 13:49:24.201][VERB] RETURN: {"result":"$7897"}
[0m[0;32m[2026-09-16 13:49:24.201][VERB] COMMANDCALL: _C.SafeAPI.Execute(["v1.sketch.dimension",[{"type":"HORIZONTAL_DISTANCE","value":"@expr.d538_x","name":"x","id":7766,"geomIds":[7772,7887]}]])
[0m[0;32m[2026-09-16 13:49:24.225][VERB] RETURN: {"result":"$7901"}
[0m[0;32m[2026-09-16 13:49:24.225][VERB] COMMANDCALL: _C.SafeAPI.Execute(["v1.sketch.dimension",[{"type":"VERTICAL_DISTANCE","value":"@expr.d539_y","name":"y","id":7766,"geomIds":[7772,7887]}]])
[0m[0;32m[2026-09-16 13:49:24.249][VERB] RETURN: {"result":"$7905"}
[0m[0;32m[2026-09-16 13:49:24.250][VERB] COMMANDCALL: _C.SafeAPI.Execute(["v1.sketch.dimension",[{"type":"RADIUS","value":"@expr.d540_arc_radius","name":"arc_radius","id":7766,"geomIds":[7886]}]])
[0m[0;32m[2026-09-16 13:49:24.274][VERB] RETURN: {"result":"$7909"}
[0m[0;32m[2026-09-16 13:49:24.274][VERB] COMMANDCALL: _C.SafeAPI.Execute(["v1.sketch.line",[{"startPos":[6.875,-22.2,0],"genIncidence":0,"genTangency":0,"genFixation":0,"genVertAndHoriz":0,"id":7766,"endPos":[6.875,-18.3,0]}]])
[0m[0;32m[2026-09-16 13:49:24.287][VERB] RETURN: {"result":"$7911"}
[0m[0;32m[2026-09-16 13:49:24.287][VERB] COMMANDCALL: _C.SafeAPI.Execute(["v1.sketch.getPoints",[{"id":7911}]])
[0m[0;32m[2026-09-16 13:49:24.287][VERB] RETURN: {"result":{"endId":"$7913","startId":"$7912"}}
[0m[0;32m[2026-09-16 13:49:24.288][VERB] COMMANDCALL: _C.SafeAPI.Execute(["v1.sketch.dimension",[{"type":"HORIZONTAL_DISTANCE","value":"@expr.d541_x","name":"x","id":7766,"geomIds":[7772,7912]}]])
[0m[0;32m[2026-09-16 13:49:24.313][VERB] RETURN: {"result":"$7917"}
[0m[0;32m[2026-09-16 13:49:24.314][VERB] COMMANDCALL: _C.SafeAPI.Execute(["v1.sketch.dimension",[{"type":"VERTICAL_DISTANCE","value":"@expr.d542_y","name":"y","id":7766,"geomIds":[7772,7912]}]])
[0m[0;32m[2026-09-16 13:49:24.340][VERB] RETURN: {"result":"$7921"}
[0m[0;32m[2026-09-16 13:49:24.340][VERB] COMMANDCALL: _C.SafeAPI.Execute(["v1.sketch.dimension",[{"type":"HORIZONTAL_DISTANCE","value":"@expr.d543_x","name":"x","id":7766,"geomIds":[7772,7913]}]])
[0m[0;32m[2026-09-16 13:49:24.367][VERB] RETURN: {"result":"$7925"}
[0m[0;32m[2026-09-16 13:49:24.367][VERB] COMMANDCALL: _C.SafeAPI.Execute(["v1.sketch.dimension",[{"type":"VERTICAL_DISTANCE","value":"@expr.d544_y","name":"y","id":7766,"geomIds":[7772,7913]}]])
[0m[0;32m[2026-09-16 13:49:24.395][VERB] RETURN: {"result":"$7929"}
[0m[0;32m[2026-09-16 13:49:24.395][VERB] COMMANDCALL: _C.SafeAPI.Execute(["v1.sketch.arcBy3Points",[{"startPos":[6.875,-18.3,0],"genIncidence":0,"genTangency":0,"genFixation":0,"genVertAndHoriz":0,"midPos":[7.3436291501015,-17.168629150102,0],"id":7766,"endPos":[8.475,-16.7,0]}]])
[0m[0;32m[2026-09-16 13:49:24.410][VERB] RETURN: {"result":"$7931"}
[0m[0;32m[2026-09-16 13:49:24.410][VERB] COMMANDCALL: _C.SafeAPI.Execute(["v1.sketch.getPoints",[{"id":7931}]])
[0m[0;32m[2026-09-16 13:49:24.410][VERB] RETURN: {"result":{"centerId":"$7934","endId":"$7932","startId":"$7933"}}
[0m[0;32m[2026-09-16 13:49:24.411][VERB] COMMANDCALL: _C.SafeAPI.Execute(["v1.sketch.dimension",[{"type":"HORIZONTAL_DISTANCE","value":"@expr.d545_x","name":"x","id":7766,"geomIds":[7772,7933]}]])
[0m[0;32m[2026-09-16 13:49:24.440][VERB] RETURN: {"result":"$7938"}
[0m[0;32m[2026-09-16 13:49:24.440][VERB] COMMANDCALL: _C.SafeAPI.Execute(["v1.sketch.dimension",[{"type":"VERTICAL_DISTANCE","value":"@expr.d546_y","name":"y","id":7766,"geomIds":[7772,7933]}]])
[0m[0;32m[2026-09-16 13:49:24.471][VERB] RETURN: {"result":"$7942"}
[0m[0;32m[2026-09-16 13:49:24.471][VERB] COMMANDCALL: _C.SafeAPI.Execute(["v1.sketch.dimension",[{"type":"HORIZONTAL_DISTANCE","value":"@expr.d547_x","name":"x","id":7766,"geomIds":[7772,7932]}]])
[0m[0;32m[2026-09-16 13:49:24.500][VERB] RETURN: {"result":"$7946"}
[0m[0;32m[2026-09-16 13:49:24.500][VERB] COMMANDCALL: _C.SafeAPI.Execute(["v1.sketch.dimension",[{"type":"VERTICAL_DISTANCE","value":"@expr.d548_y","name":"y","id":7766,"geomIds":[7772,7932]}]])
[0m[0;32m[2026-09-16 13:49:24.532][VERB] RETURN: {"result":"$7950"}
[0m[0;32m[2026-09-16 13:49:24.532][VERB] COMMANDCALL: _C.SafeAPI.Execute(["v1.sketch.dimension",[{"type":"RADIUS","value":"@expr.d549_arc_radius","name":"arc_radius","id":7766,"geomIds":[7931]}]])
[0m[0;32m[2026-09-16 13:49:24.563][VERB] RETURN: {"result":"$7954"}
[0m[0;32m[2026-09-16 13:49:24.564][VERB] COMMANDCALL: _C.SafeAPI.Execute(["v1.part.extrusion",[{"references":[7776,7796,7821,7841,7866,7886,7911,7931],"name":"F513_extrude_housing_components_py_153","taperAngle":0,"limit2":"@expr.d550_height","id":4}]])
[0m[0;32m[2026-09-16 13:49:24.573][VERB] RETURN: {"result":"$7958"}
[0m[0;32m[2026-09-16 13:49:24.573][VERB] COMMANDCALL: _C.SafeAPI.Execute(["v1.part.translation",[{"references":[30],"name":"F513_extrude_housing_components_py_153_1","id":4,"targets":[7958],"distance":"@expr.d551_position"}]])
[0m[0;32m[2026-09-16 13:49:24.578][VERB] RETURN: {"result":"$8029"}
[0m[0;32m[2026-09-16 13:49:24.579][VERB] COMMANDCALL: _C.SafeAPI.Execute(["v1.part.workPlane",[{"type":"PLANE","references":[38],"name":"F552_makeBox_cad_primitives_py_8_plane","offset":"@expr.d553_plane_offset","id":4}]])
[0m[0;32m[2026-09-16 13:49:24.583][VERB] RETURN: {"result":"$8040"}
[0m[0;32m[2026-09-16 13:49:24.584][VERB] COMMANDCALL: _C.SafeAPI.Execute(["v1.sketch.create",[{"planeId":8040,"name":"F552_makeBox_cad_primitives_py_8_profile","id":4}]])
[0m[0;32m[2026-09-16 13:49:24.586][VERB] RETURN: {"result":"$8046"}
[0m[0;32m[2026-09-16 13:49:24.586][VERB] COMMANDCALL: _C.SafeAPI.Execute(["v1.sketch.rectangle",[{"startPos":[8.475,63.5,0],"id":8046,"genFixation":0,"endPos":[18.275,67.5,0]}]])
[0m[0;32m[2026-09-16 13:49:24.593][VERB] RETURN: {"result":["$8052","$8056","$8062","$8068"]}
[0m[0;32m[2026-09-16 13:49:24.594][VERB] COMMANDCALL: _C.SafeAPI.Execute(["v1.sketch.getPoints",[{"id":8052}]])
[0m[0;32m[2026-09-16 13:49:24.594][VERB] RETURN: {"result":{"endId":"$8054","startId":"$8053"}}
[0m[0;32m[2026-09-16 13:49:24.594][VERB] COMMANDCALL: _C.SafeAPI.Execute(["v1.sketch.point",[{"pos":[-1000,-1000,0],"id":8046}]])
[0m[0;32m[2026-09-16 13:49:24.596][VERB] RETURN: {"result":"$8084"}
[0m[0;32m[2026-09-16 13:49:24.596][VERB] COMMANDCALL: _C.SafeAPI.Execute(["v1.sketch.constraint",[{"type":"FIXATION","id":8046,"geomIds":[8084]}]])
[0m[0;32m[2026-09-16 13:49:24.597][VERB] RETURN: {"result":"$8086"}
[0m[0;32m[2026-09-16 13:49:24.598][VERB] COMMANDCALL: _C.SafeAPI.Execute(["v1.sketch.dimension",[{"type":"HORIZONTAL_DISTANCE","value":"@expr.d554_position_x","name":"position_x","id":8046,"geomIds":[8084,8053]}]])
[0m[0;32m[2026-09-16 13:49:24.604][VERB] RETURN: {"result":"$8090"}
[0m[0;32m[2026-09-16 13:49:24.604][VERB] COMMANDCALL: _C.SafeAPI.Execute(["v1.sketch.dimension",[{"type":"VERTICAL_DISTANCE","value":"@expr.d555_position_y","name":"position_y","id":8046,"geomIds":[8084,8053]}]])
[0m[0;32m[2026-09-16 13:49:24.611][VERB] RETURN: {"result":"$8094"}
[0m[0;32m[2026-09-16 13:49:24.611][VERB] COMMANDCALL: _C.SafeAPI.Execute(["v1.sketch.dimension",[{"type":"OFFSET","value":"@expr.d556_width","name":"width","id":8046,"geomIds":[8052]}]])
[0m[0;32m[2026-09-16 13:49:24.618][VERB] RETURN: {"result":"$8098"}
[0m[0;32m[2026-09-16 13:49:24.618][VERB] COMMANDCALL: _C.SafeAPI.Execute(["v1.sketch.dimension",[{"type":"OFFSET","value":"@expr.d557_depth","name":"depth","id":8046,"geomIds":[8056]}]])
[0m[0;32m[2026-09-16 13:49:24.627][VERB] RETURN: {"result":"$8102"}
[0m[0;32m[2026-09-16 13:49:24.627][VERB] COMMANDCALL: _C.SafeAPI.Execute(["v1.part.extrusion",[{"references":[8052,8056,8062,8068],"name":"F552_makeBox_cad_primitives_py_8","taperAngle":0,"limit2":"@expr.d558_height","id":4}]])
[0m[0;32m[2026-09-16 13:49:24.633][VERB] RETURN: {"result":"$8106"}
[0m[0;32m[2026-09-16 13:49:24.634][VERB] COMMANDCALL: _C.SafeAPI.Execute(["v1.sketch.create",[{"planeId":42,"name":"F559_extrude_housing_components_py_153_profile","id":4}]])
[0m[0;32m[2026-09-16 13:49:24.636][VERB] RETURN: {"result":"$8147"}
[0m[0;32m[2026-09-16 13:49:24.636][VERB] COMMANDCALL: _C.SafeAPI.Execute(["v1.sketch.point",[{"pos":[-1000,-1000,0],"id":8147}]])
[0m[0;32m[2026-09-16 13:49:24.637][VERB] RETURN: {"result":"$8153"}
[0m[0;32m[2026-09-16 13:49:24.637][VERB] COMMANDCALL: _C.SafeAPI.Execute(["v1.sketch.constraint",[{"type":"FIXATION","id":8147,"geomIds":[8153]}]])
[0m[0;32m[2026-09-16 13:49:24.638][VERB] RETURN: {"result":"$8155"}
[0m[0;32m[2026-09-16 13:49:24.638][VERB] COMMANDCALL: _C.SafeAPI.Execute(["v1.sketch.line",[{"startPos":[9.475,-18.4,0],"genIncidence":0,"genTangency":0,"genFixation":0,"genVertAndHoriz":0,"id":8147,"endPos":[17.275,-18.4,0]}]])
[0m[0;32m[2026-09-16 13:49:24.640][VERB] RETURN: {"result":"$8157"}
[0m[0;32m[2026-09-16 13:49:24.640][VERB] COMMANDCALL: _C.SafeAPI.Execute(["v1.sketch.getPoints",[{"id":8157}]])
[0m[0;32m[2026-09-16 13:49:24.640][VERB] RETURN: {"result":{"endId":"$8159","startId":"$8158"}}
[0m[0;32m[2026-09-16 13:49:24.640][VERB] COMMANDCALL: _C.SafeAPI.Execute(["v1.sketch.dimension",[{"type":"HORIZONTAL_DISTANCE","value":"@expr.d560_x","name":"x","id":8147,"geomIds":[8153,8158]}]])
[0m[0;32m[2026-09-16 13:49:24.645][VERB] RETURN: {"result":"$8163"}
[0m[0;32m[2026-09-16 13:49:24.646][VERB] COMMANDCALL: _C.SafeAPI.Execute(["v1.sketch.dimension",[{"type":"VERTICAL_DISTANCE","value":"@expr.d561_y","name":"y","id":8147,"geomIds":[8153,8158]}]])
[0m[0;32m[2026-09-16 13:49:24.651][VERB] RETURN: {"result":"$8167"}
[0m[0;32m[2026-09-16 13:49:24.652][VERB] COMMANDCALL: _C.SafeAPI.Execute(["v1.sketch.dimension",[{"type":"HORIZONTAL_DISTANCE","value":"@expr.d562_x","name":"x","id":8147,"geomIds":[8153,8159]}]])
[0m[0;32m[2026-09-16 13:49:24.657][VERB] RETURN: {"result":"$8171"}
[0m[0;32m[2026-09-16 13:49:24.658][VERB] COMMANDCALL: _C.SafeAPI.Execute(["v1.sketch.dimension",[{"type":"VERTICAL_DISTANCE","value":"@expr.d563_y","name":"y","id":8147,"geomIds":[8153,8159]}]])
[0m[0;32m[2026-09-16 13:49:24.664][VERB] RETURN: {"result":"$8175"}
[0m[0;32m[2026-09-16 13:49:24.665][VERB] COMMANDCALL: _C.SafeAPI.Execute(["v1.sketch.arcBy3Points",[{"startPos":[17.275,-18.4,0],"genIncidence":0,"genTangency":0,"genFixation":0,"genVertAndHoriz":0,"midPos":[17.982106781187,-18.692893218813,0],"id":8147,"endPos":[18.275,-19.4,0]}]])
[0m[0;32m[2026-09-16 13:49:24.668][VERB] RETURN: {"result":"$8177"}
[0m[0;32m[2026-09-16 13:49:24.668][VERB] COMMANDCALL: _C.SafeAPI.Execute(["v1.sketch.getPoints",[{"id":8177}]])
[0m[0;32m[2026-09-16 13:49:24.669][VERB] RETURN: {"result":{"centerId":"$8180","endId":"$8178","startId":"$8179"}}
[0m[0;32m[2026-09-16 13:49:24.669][VERB] COMMANDCALL: _C.SafeAPI.Execute(["v1.sketch.dimension",[{"type":"HORIZONTAL_DISTANCE","value":"@expr.d564_x","name":"x","id":8147,"geomIds":[8153,8179]}]])
[0m[0;32m[2026-09-16 13:49:24.676][VERB] RETURN: {"result":"$8184"}
[0m[0;32m[2026-09-16 13:49:24.677][VERB] COMMANDCALL: _C.SafeAPI.Execute(["v1.sketch.dimension",[{"type":"VERTICAL_DISTANCE","value":"@expr.d565_y","name":"y","id":8147,"geomIds":[8153,8179]}]])
[0m[0;32m[2026-09-16 13:49:24.685][VERB] RETURN: {"result":"$8188"}
[0m[0;32m[2026-09-16 13:49:24.686][VERB] COMMANDCALL: _C.SafeAPI.Execute(["v1.sketch.dimension",[{"type":"HORIZONTAL_DISTANCE","value":"@expr.d566_x","name":"x","id":8147,"geomIds":[8153,8178]}]])
[0m[0;32m[2026-09-16 13:49:24.695][VERB] RETURN: {"result":"$8192"}
[0m[0;32m[2026-09-16 13:49:24.696][VERB] COMMANDCALL: _C.SafeAPI.Execute(["v1.sketch.dimension",[{"type":"VERTICAL_DISTANCE","value":"@expr.d567_y","name":"y","id":8147,"geomIds":[8153,8178]}]])
[0m[0;32m[2026-09-16 13:49:24.706][VERB] RETURN: {"result":"$8196"}
[0m[0;32m[2026-09-16 13:49:24.707][VERB] COMMANDCALL: _C.SafeAPI.Execute(["v1.sketch.dimension",[{"type":"RADIUS","value":"@expr.d568_arc_radius","name":"arc_radius","id":8147,"geomIds":[8177]}]])
[0m[0;32m[2026-09-16 13:49:24.716][VERB] RETURN: {"result":"$8200"}
[0m[0;32m[2026-09-16 13:49:24.717][VERB] COMMANDCALL: _C.SafeAPI.Execute(["v1.sketch.line",[{"startPos":[18.275,-19.4,0],"genIncidence":0,"genTangency":0,"genFixation":0,"genVertAndHoriz":0,"id":8147,"endPos":[18.275,-24.8,0]}]])
[0m[0;32m[2026-09-16 13:49:24.722][VERB] RETURN: {"result":"$8202"}
[0m[0;32m[2026-09-16 13:49:24.722][VERB] COMMANDCALL: _C.SafeAPI.Execute(["v1.sketch.getPoints",[{"id":8202}]])
[0m[0;32m[2026-09-16 13:49:24.722][VERB] RETURN: {"result":{"endId":"$8204","startId":"$8203"}}
[0m[0;32m[2026-09-16 13:49:24.723][VERB] COMMANDCALL: _C.SafeAPI.Execute(["v1.sketch.dimension",[{"type":"HORIZONTAL_DISTANCE","value":"@expr.d569_x","name":"x","id":8147,"geomIds":[8153,8203]}]])
[0m[0;32m[2026-09-16 13:49:24.735][VERB] RETURN: {"result":"$8208"}
[0m[0;32m[2026-09-16 13:49:24.735][VERB] COMMANDCALL: _C.SafeAPI.Execute(["v1.sketch.dimension",[{"type":"VERTICAL_DISTANCE","value":"@expr.d570_y","name":"y","id":8147,"geomIds":[8153,8203]}]])
[0m[0;32m[2026-09-16 13:49:24.747][VERB] RETURN: {"result":"$8212"}
[0m[0;32m[2026-09-16 13:49:24.748][VERB] COMMANDCALL: _C.SafeAPI.Execute(["v1.sketch.dimension",[{"type":"HORIZONTAL_DISTANCE","value":"@expr.d571_x","name":"x","id":8147,"geomIds":[8153,8204]}]])
[0m[0;32m[2026-09-16 13:49:24.761][VERB] RETURN: {"result":"$8216"}
[0m[0;32m[2026-09-16 13:49:24.761][VERB] COMMANDCALL: _C.SafeAPI.Execute(["v1.sketch.dimension",[{"type":"VERTICAL_DISTANCE","value":"@expr.d572_y","name":"y","id":8147,"geomIds":[8153,8204]}]])
[0m[0;32m[2026-09-16 13:49:24.775][VERB] RETURN: {"result":"$8220"}
[0m[0;32m[2026-09-16 13:49:24.775][VERB] COMMANDCALL: _C.SafeAPI.Execute(["v1.sketch.line",[{"startPos":[18.275,-24.8,0],"genIncidence":0,"genTangency":0,"genFixation":0,"genVertAndHoriz":0,"id":8147,"endPos":[8.475,-24.8,0]}]])
[0m[0;32m[2026-09-16 13:49:24.784][VERB] RETURN: {"result":"$8222"}
[0m[0;32m[2026-09-16 13:49:24.785][VERB] COMMANDCALL: _C.SafeAPI.Execute(["v1.sketch.getPoints",[{"id":8222}]])
[0m[0;32m[2026-09-16 13:49:24.785][VERB] RETURN: {"result":{"endId":"$8224","startId":"$8223"}}
[0m[0;32m[2026-09-16 13:49:24.785][VERB] COMMANDCALL: _C.SafeAPI.Execute(["v1.sketch.dimension",[{"type":"HORIZONTAL_DISTANCE","value":"@expr.d573_x","name":"x","id":8147,"geomIds":[8153,8223]}]])
[0m[0;32m[2026-09-16 13:49:24.800][VERB] RETURN: {"result":"$8228"}
[0m[0;32m[2026-09-16 13:49:24.800][VERB] COMMANDCALL: _C.SafeAPI.Execute(["v1.sketch.dimension",[{"type":"VERTICAL_DISTANCE","value":"@expr.d574_y","name":"y","id":8147,"geomIds":[8153,8223]}]])
[0m[0;32m[2026-09-16 13:49:24.816][VERB] RETURN: {"result":"$8232"}
[0m[0;32m[2026-09-16 13:49:24.816][VERB] COMMANDCALL: _C.SafeAPI.Execute(["v1.sketch.dimension",[{"type":"HORIZONTAL_DISTANCE","value":"@expr.d575_x","name":"x","id":8147,"geomIds":[8153,8224]}]])
[0m[0;32m[2026-09-16 13:49:24.833][VERB] RETURN: {"result":"$8236"}
[0m[0;32m[2026-09-16 13:49:24.834][VERB] COMMANDCALL: _C.SafeAPI.Execute(["v1.sketch.dimension",[{"type":"VERTICAL_DISTANCE","value":"@expr.d576_y","name":"y","id":8147,"geomIds":[8153,8224]}]])
[0m[0;32m[2026-09-16 13:49:24.851][VERB] RETURN: {"result":"$8240"}
[0m[0;32m[2026-09-16 13:49:24.851][VERB] COMMANDCALL: _C.SafeAPI.Execute(["v1.sketch.line",[{"startPos":[8.475,-24.8,0],"genIncidence":0,"genTangency":0,"genFixation":0,"genVertAndHoriz":0,"id":8147,"endPos":[8.475,-19.4,0]}]])
[0m[0;32m[2026-09-16 13:49:24.860][VERB] RETURN: {"result":"$8242"}
[0m[0;32m[2026-09-16 13:49:24.860][VERB] COMMANDCALL: _C.SafeAPI.Execute(["v1.sketch.getPoints",[{"id":8242}]])
[0m[0;32m[2026-09-16 13:49:24.860][VERB] RETURN: {"result":{"endId":"$8244","startId":"$8243"}}
[0m[0;32m[2026-09-16 13:49:24.861][VERB] COMMANDCALL: _C.SafeAPI.Execute(["v1.sketch.dimension",[{"type":"HORIZONTAL_DISTANCE","value":"@expr.d577_x","name":"x","id":8147,"geomIds":[8153,8243]}]])
[0m[0;32m[2026-09-16 13:49:24.878][VERB] RETURN: {"result":"$8248"}
[0m[0;32m[2026-09-16 13:49:24.879][VERB] COMMANDCALL: _C.SafeAPI.Execute(["v1.sketch.dimension",[{"type":"VERTICAL_DISTANCE","value":"@expr.d578_y","name":"y","id":8147,"geomIds":[8153,8243]}]])
[0m[0;32m[2026-09-16 13:49:24.897][VERB] RETURN: {"result":"$8252"}
[0m[0;32m[2026-09-16 13:49:24.898][VERB] COMMANDCALL: _C.SafeAPI.Execute(["v1.sketch.dimension",[{"type":"HORIZONTAL_DISTANCE","value":"@expr.d579_x","name":"x","id":8147,"geomIds":[8153,8244]}]])
[0m[0;32m[2026-09-16 13:49:24.917][VERB] RETURN: {"result":"$8256"}
[0m[0;32m[2026-09-16 13:49:24.917][VERB] COMMANDCALL: _C.SafeAPI.Execute(["v1.sketch.dimension",[{"type":"VERTICAL_DISTANCE","value":"@expr.d580_y","name":"y","id":8147,"geomIds":[8153,8244]}]])
[0m[0;32m[2026-09-16 13:49:24.937][VERB] RETURN: {"result":"$8260"}
[0m[0;32m[2026-09-16 13:49:24.937][VERB] COMMANDCALL: _C.SafeAPI.Execute(["v1.sketch.arcBy3Points",[{"startPos":[8.475,-19.4,0],"genIncidence":0,"genTangency":0,"genFixation":0,"genVertAndHoriz":0,"midPos":[8.7678932188135,-18.692893218813,0],"id":8147,"endPos":[9.475,-18.4,0]}]])
[0m[0;32m[2026-09-16 13:49:24.948][VERB] RETURN: {"result":"$8262"}
[0m[0;32m[2026-09-16 13:49:24.948][VERB] COMMANDCALL: _C.SafeAPI.Execute(["v1.sketch.getPoints",[{"id":8262}]])
[0m[0;32m[2026-09-16 13:49:24.948][VERB] RETURN: {"result":{"centerId":"$8265","endId":"$8263","startId":"$8264"}}
[0m[0;32m[2026-09-16 13:49:24.949][VERB] COMMANDCALL: _C.SafeAPI.Execute(["v1.sketch.dimension",[{"type":"HORIZONTAL_DISTANCE","value":"@expr.d581_x","name":"x","id":8147,"geomIds":[8153,8264]}]])
[0m[0;32m[2026-09-16 13:49:24.970][VERB] RETURN: {"result":"$8269"}
[0m[0;32m[2026-09-16 13:49:24.971][VERB] COMMANDCALL: _C.SafeAPI.Execute(["v1.sketch.dimension",[{"type":"VERTICAL_DISTANCE","value":"@expr.d582_y","name":"y","id":8147,"geomIds":[8153,8264]}]])
[0m[0;32m[2026-09-16 13:49:24.993][VERB] RETURN: {"result":"$8273"}
[0m[0;32m[2026-09-16 13:49:24.993][VERB] COMMANDCALL: _C.SafeAPI.Execute(["v1.sketch.dimension",[{"type":"HORIZONTAL_DISTANCE","value":"@expr.d583_x","name":"x","id":8147,"geomIds":[8153,8263]}]])
[0m[0;32m[2026-09-16 13:49:25.015][VERB] RETURN: {"result":"$8277"}
[0m[0;32m[2026-09-16 13:49:25.016][VERB] COMMANDCALL: _C.SafeAPI.Execute(["v1.sketch.dimension",[{"type":"VERTICAL_DISTANCE","value":"@expr.d584_y","name":"y","id":8147,"geomIds":[8153,8263]}]])
[0m[0;32m[2026-09-16 13:49:25.039][VERB] RETURN: {"result":"$8281"}
[0m[0;32m[2026-09-16 13:49:25.039][VERB] COMMANDCALL: _C.SafeAPI.Execute(["v1.sketch.dimension",[{"type":"RADIUS","value":"@expr.d585_arc_radius","name":"arc_radius","id":8147,"geomIds":[8262]}]])
[0m[0;32m[2026-09-16 13:49:25.063][VERB] RETURN: {"result":"$8285"}
[0m[0;32m[2026-09-16 13:49:25.063][VERB] COMMANDCALL: _C.SafeAPI.Execute(["v1.part.extrusion",[{"references":[8157,8177,8202,8222,8242,8262],"name":"F559_extrude_housing_components_py_153","taperAngle":0,"limit2":"@expr.d586_height","id":4}]])
[0m[0;32m[2026-09-16 13:49:25.071][VERB] RETURN: {"result":"$8289"}
[0m[0;32m[2026-09-16 13:49:25.071][VERB] COMMANDCALL: _C.SafeAPI.Execute(["v1.part.translation",[{"references":[30],"name":"F559_extrude_housing_components_py_153_1","id":4,"targets":[8289],"distance":"@expr.d587_position"}]])
[0m[0;32m[2026-09-16 13:49:25.076][VERB] RETURN: {"result":"$8346"}
[0m[0;32m[2026-09-16 13:49:25.076][VERB] COMMANDCALL: _C.SafeAPI.Execute(["v1.part.boolean",[{"type":"UNION","tools":[8106,8346],"target":8029,"name":"F512_union_housing_components_py_161","id":4}]])
[0m[0;32m[2026-09-16 13:49:25.086][VERB] RETURN: {"result":"$8357"}
[0m[0;32m[2026-09-16 13:49:25.086][VERB] COMMANDCALL: _C.SafeAPI.Execute(["v1.part.workPlane",[{"type":"PLANE","references":[38],"name":"F588_makeBox_cad_primitives_py_8_plane","offset":"@expr.d589_plane_offset","id":4}]])
[0m[0;32m[2026-09-16 13:49:25.091][VERB] RETURN: {"result":"$8450"}
[0m[0;32m[2026-09-16 13:49:25.091][VERB] COMMANDCALL: _C.SafeAPI.Execute(["v1.sketch.create",[{"planeId":8450,"name":"F588_makeBox_cad_primitives_py_8_profile","id":4}]])
[0m[0;32m[2026-09-16 13:49:25.093][VERB] RETURN: {"result":"$8456"}
[0m[0;32m[2026-09-16 13:49:25.094][VERB] COMMANDCALL: _C.SafeAPI.Execute(["v1.sketch.rectangle",[{"startPos":[-10,50,0],"id":8456,"genFixation":0,"endPos":[50,80,0]}]])
[0m[0;32m[2026-09-16 13:49:25.100][VERB] RETURN: {"result":["$8462","$8466","$8472","$8478"]}
[0m[0;32m[2026-09-16 13:49:25.101][VERB] COMMANDCALL: _C.SafeAPI.Execute(["v1.sketch.getPoints",[{"id":8462}]])
[0m[0;32m[2026-09-16 13:49:25.101][VERB] RETURN: {"result":{"endId":"$8464","startId":"$8463"}}
[0m[0;32m[2026-09-16 13:49:25.101][VERB] COMMANDCALL: _C.SafeAPI.Execute(["v1.sketch.point",[{"pos":[-1000,-1000,0],"id":8456}]])
[0m[0;32m[2026-09-16 13:49:25.103][VERB] RETURN: {"result":"$8494"}
[0m[0;32m[2026-09-16 13:49:25.103][VERB] COMMANDCALL: _C.SafeAPI.Execute(["v1.sketch.constraint",[{"type":"FIXATION","id":8456,"geomIds":[8494]}]])
[0m[0;32m[2026-09-16 13:49:25.105][VERB] RETURN: {"result":"$8496"}
[0m[0;32m[2026-09-16 13:49:25.106][VERB] COMMANDCALL: _C.SafeAPI.Execute(["v1.sketch.dimension",[{"type":"HORIZONTAL_DISTANCE","value":"@expr.d590_position_x","name":"position_x","id":8456,"geomIds":[8494,8463]}]])
[0m[0;32m[2026-09-16 13:49:25.111][VERB] RETURN: {"result":"$8500"}
[0m[0;32m[2026-09-16 13:49:25.112][VERB] COMMANDCALL: _C.SafeAPI.Execute(["v1.sketch.dimension",[{"type":"VERTICAL_DISTANCE","value":"@expr.d591_position_y","name":"position_y","id":8456,"geomIds":[8494,8463]}]])
[0m[0;32m[2026-09-16 13:49:25.118][VERB] RETURN: {"result":"$8504"}
[0m[0;32m[2026-09-16 13:49:25.119][VERB] COMMANDCALL: _C.SafeAPI.Execute(["v1.sketch.dimension",[{"type":"OFFSET","value":"@expr.d592_width","name":"width","id":8456,"geomIds":[8462]}]])
[0m[0;32m[2026-09-16 13:49:25.126][VERB] RETURN: {"result":"$8508"}
[0m[0;32m[2026-09-16 13:49:25.127][VERB] COMMANDCALL: _C.SafeAPI.Execute(["v1.sketch.dimension",[{"type":"OFFSET","value":"@expr.d593_depth","name":"depth","id":8456,"geomIds":[8466]}]])
[0m[0;32m[2026-09-16 13:49:25.135][VERB] RETURN: {"result":"$8512"}
[0m[0;32m[2026-09-16 13:49:25.135][VERB] COMMANDCALL: _C.SafeAPI.Execute(["v1.part.extrusion",[{"references":[8462,8466,8472,8478],"name":"F588_makeBox_cad_primitives_py_8","taperAngle":0,"limit2":"@expr.d594_height","id":4}]])
[0m[0;32m[2026-09-16 13:49:25.141][VERB] RETURN: {"result":"$8516"}
[0m[0;32m[2026-09-16 13:49:25.141][VERB] COMMANDCALL: _C.SafeAPI.Execute(["v1.part.boolean",[{"type":"INTERSECTION","tools":[8516],"target":8357,"name":"F511_common_housing_components_py_165","id":4}]])
[0m[0;32m[2026-09-16 13:49:25.147][VERB] RETURN: {"result":"$8559"}
[0m[0;32m[2026-09-16 13:49:25.148][VERB] COMMANDCALL: _C.SafeAPI.Execute(["v1.part.boolean",[{"type":"SUBTRACTION","tools":[8559],"target":7674,"name":"F58_cut_housing_shell_py_94","id":4}]])
[0m[0;32m[2026-09-16 13:49:25.194][VERB] RETURN: {"result":"$8589"}
[0m[0;32m[2026-09-16 13:49:25.194][VERB] COMMANDCALL: _C.SafeAPI.Execute(["v1.part.workPlane",[{"type":"PLANE","references":[46],"name":"F595_makeCylinder_cad_primitives_py_12_plane","offset":"@expr.d596_plane_offset","id":4}]])
[0m[0;32m[2026-09-16 13:49:25.199][VERB] RETURN: {"result":"$8714"}
[0m[0;32m[2026-09-16 13:49:25.199][VERB] COMMANDCALL: _C.SafeAPI.Execute(["v1.sketch.create",[{"planeId":8714,"name":"F595_makeCylinder_cad_primitives_py_12_profile","id":4}]])
[0m[0;32m[2026-09-16 13:49:25.202][VERB] RETURN: {"result":"$8720"}
[0m[0;32m[2026-09-16 13:49:25.202][VERB] COMMANDCALL: _C.SafeAPI.Execute(["v1.sketch.circle",[{"radius":11.2,"id":8720,"genFixation":0,"centerPos":[13.05,-12.5,0]}]])
[0m[0;32m[2026-09-16 13:49:25.203][VERB] RETURN: {"result":"$8726"}
[0m[0;32m[2026-09-16 13:49:25.203][VERB] COMMANDCALL: _C.SafeAPI.Execute(["v1.sketch.getPoints",[{"id":8726}]])
[0m[0;32m[2026-09-16 13:49:25.204][VERB] RETURN: {"result":{"centerId":"$8727"}}
[0m[0;32m[2026-09-16 13:49:25.204][VERB] COMMANDCALL: _C.SafeAPI.Execute(["v1.sketch.point",[{"pos":[-1000,-1000,0],"id":8720}]])
[0m[0;32m[2026-09-16 13:49:25.205][VERB] RETURN: {"result":"$8729"}
[0m[0;32m[2026-09-16 13:49:25.205][VERB] COMMANDCALL: _C.SafeAPI.Execute(["v1.sketch.constraint",[{"type":"FIXATION","id":8720,"geomIds":[8729]}]])
[0m[0;32m[2026-09-16 13:49:25.206][VERB] RETURN: {"result":"$8731"}
[0m[0;32m[2026-09-16 13:49:25.206][VERB] COMMANDCALL: _C.SafeAPI.Execute(["v1.sketch.dimension",[{"type":"HORIZONTAL_DISTANCE","value":"@expr.d597_position_x","name":"position_x","id":8720,"geomIds":[8729,8727]}]])
[0m[0;32m[2026-09-16 13:49:25.211][VERB] RETURN: {"result":"$8735"}
[0m[0;32m[2026-09-16 13:49:25.211][VERB] COMMANDCALL: _C.SafeAPI.Execute(["v1.sketch.dimension",[{"type":"VERTICAL_DISTANCE","value":"@expr.d598_position_y","name":"position_y","id":8720,"geomIds":[8729,8727]}]])
[0m[0;32m[2026-09-16 13:49:25.216][VERB] RETURN: {"result":"$8739"}
[0m[0;32m[2026-09-16 13:49:25.216][VERB] COMMANDCALL: _C.SafeAPI.Execute(["v1.sketch.dimension",[{"type":"RADIUS","value":"@expr.d599_radius","name":"radius","id":8720,"geomIds":[8726]}]])
[0m[0;32m[2026-09-16 13:49:25.222][VERB] RETURN: {"result":"$8743"}
[0m[0;32m[2026-09-16 13:49:25.222][VERB] COMMANDCALL: _C.SafeAPI.Execute(["v1.part.extrusion",[{"references":[8726],"name":"F595_makeCylinder_cad_primitives_py_12","taperAngle":0,"limit2":"@expr.d600_height","id":4}]])
[0m[0;32m[2026-09-16 13:49:25.229][VERB] RETURN: {"result":"$8747"}
[0m[0;32m[2026-09-16 13:49:25.229][VERB] COMMANDCALL: _C.SafeAPI.Execute(["v1.part.boolean",[{"type":"SUBTRACTION","tools":[8747],"target":8589,"name":"F57_cut_housing_shell_py_94","id":4}]])
[0m[0;32m[2026-09-16 13:49:25.264][VERB] RETURN: {"result":"$8769"}
[0m[0;32m[2026-09-16 13:49:25.264][VERB] COMMANDCALL: _C.SafeAPI.Execute(["v1.part.workPlane",[{"type":"PLANE","references":[42],"name":"F601_makeCylinder_cad_primitives_py_12_plane","offset":"@expr.d602_plane_offset","id":4}]])
[0m[0;32m[2026-09-16 13:49:25.269][VERB] RETURN: {"result":"$8802"}
[0m[0;32m[2026-09-16 13:49:25.269][VERB] COMMANDCALL: _C.SafeAPI.Execute(["v1.sketch.create",[{"planeId":8802,"name":"F601_makeCylinder_cad_primitives_py_12_profile","id":4}]])
[0m[0;32m[2026-09-16 13:49:25.271][VERB] RETURN: {"result":"$8808"}
[0m[0;32m[2026-09-16 13:49:25.272][VERB] COMMANDCALL: _C.SafeAPI.Execute(["v1.sketch.circle",[{"radius":6.2,"id":8808,"genFixation":0,"centerPos":[42,-13.3,0]}]])
[0m[0;32m[2026-09-16 13:49:25.273][VERB] RETURN: {"result":"$8814"}
[0m[0;32m[2026-09-16 13:49:25.273][VERB] COMMANDCALL: _C.SafeAPI.Execute(["v1.sketch.getPoints",[{"id":8814}]])
[0m[0;32m[2026-09-16 13:49:25.273][VERB] RETURN: {"result":{"centerId":"$8815"}}
[0m[0;32m[2026-09-16 13:49:25.273][VERB] COMMANDCALL: _C.SafeAPI.Execute(["v1.sketch.point",[{"pos":[-1000,-1000,0],"id":8808}]])
[0m[0;32m[2026-09-16 13:49:25.274][VERB] RETURN: {"result":"$8817"}
[0m[0;32m[2026-09-16 13:49:25.274][VERB] COMMANDCALL: _C.SafeAPI.Execute(["v1.sketch.constraint",[{"type":"FIXATION","id":8808,"geomIds":[8817]}]])
[0m[0;32m[2026-09-16 13:49:25.275][VERB] RETURN: {"result":"$8819"}
[0m[0;32m[2026-09-16 13:49:25.276][VERB] COMMANDCALL: _C.SafeAPI.Execute(["v1.sketch.dimension",[{"type":"HORIZONTAL_DISTANCE","value":"@expr.d603_position_x","name":"position_x","id":8808,"geomIds":[8817,8815]}]])
[0m[0;32m[2026-09-16 13:49:25.280][VERB] RETURN: {"result":"$8823"}
[0m[0;32m[2026-09-16 13:49:25.281][VERB] COMMANDCALL: _C.SafeAPI.Execute(["v1.sketch.dimension",[{"type":"VERTICAL_DISTANCE","value":"@expr.d604_position_y","name":"position_y","id":8808,"geomIds":[8817,8815]}]])
[0m[0;32m[2026-09-16 13:49:25.286][VERB] RETURN: {"result":"$8827"}
[0m[0;32m[2026-09-16 13:49:25.286][VERB] COMMANDCALL: _C.SafeAPI.Execute(["v1.sketch.dimension",[{"type":"RADIUS","value":"@expr.d605_radius","name":"radius","id":8808,"geomIds":[8814]}]])
[0m[0;32m[2026-09-16 13:49:25.292][VERB] RETURN: {"result":"$8831"}
[0m[0;32m[2026-09-16 13:49:25.292][VERB] COMMANDCALL: _C.SafeAPI.Execute(["v1.part.extrusion",[{"references":[8814],"name":"F601_makeCylinder_cad_primitives_py_12","taperAngle":0,"limit2":"@expr.d606_height","id":4}]])
[0m[0;32m[2026-09-16 13:49:25.299][VERB] RETURN: {"result":"$8835"}
[0m[0;32m[2026-09-16 13:49:25.299][VERB] COMMANDCALL: _C.SafeAPI.Execute(["v1.part.boolean",[{"type":"SUBTRACTION","tools":[8835],"target":8769,"name":"F56_cut_housing_shell_py_94","id":4}]])
[0m[0;32m[2026-09-16 13:49:25.325][VERB] RETURN: {"result":"$8857"}
[0m[0;32m[2026-09-16 13:49:25.326][VERB] COMMANDCALL: _C.SafeAPI.Execute(["v1.part.workPlane",[{"type":"PLANE","references":[46],"name":"F607_makeCylinder_cad_primitives_py_12_plane","offset":"@expr.d608_plane_offset","id":4}]])
[0m[0;32m[2026-09-16 13:49:25.330][VERB] RETURN: {"result":"$8874"}
[0m[0;32m[2026-09-16 13:49:25.331][VERB] COMMANDCALL: _C.SafeAPI.Execute(["v1.sketch.create",[{"planeId":8874,"name":"F607_makeCylinder_cad_primitives_py_12_profile","id":4}]])
[0m[0;32m[2026-09-16 13:49:25.333][VERB] RETURN: {"result":"$8880"}
[0m[0;32m[2026-09-16 13:49:25.333][VERB] COMMANDCALL: _C.SafeAPI.Execute(["v1.sketch.circle",[{"radius":11.95,"id":8880,"genFixation":0,"centerPos":[13.05,-12.5,0]}]])
[0m[0;32m[2026-09-16 13:49:25.334][VERB] RETURN: {"result":"$8886"}
[0m[0;32m[2026-09-16 13:49:25.334][VERB] COMMANDCALL: _C.SafeAPI.Execute(["v1.sketch.getPoints",[{"id":8886}]])
[0m[0;32m[2026-09-16 13:49:25.335][VERB] RETURN: {"result":{"centerId":"$8887"}}
[0m[0;32m[2026-09-16 13:49:25.335][VERB] COMMANDCALL: _C.SafeAPI.Execute(["v1.sketch.point",[{"pos":[-1000,-1000,0],"id":8880}]])
[0m[0;32m[2026-09-16 13:49:25.336][VERB] RETURN: {"result":"$8889"}
[0m[0;32m[2026-09-16 13:49:25.336][VERB] COMMANDCALL: _C.SafeAPI.Execute(["v1.sketch.constraint",[{"type":"FIXATION","id":8880,"geomIds":[8889]}]])
[0m[0;32m[2026-09-16 13:49:25.337][VERB] RETURN: {"result":"$8891"}
[0m[0;32m[2026-09-16 13:49:25.337][VERB] COMMANDCALL: _C.SafeAPI.Execute(["v1.sketch.dimension",[{"type":"HORIZONTAL_DISTANCE","value":"@expr.d609_position_x","name":"position_x","id":8880,"geomIds":[8889,8887]}]])
[0m[0;32m[2026-09-16 13:49:25.342][VERB] RETURN: {"result":"$8895"}
[0m[0;32m[2026-09-16 13:49:25.342][VERB] COMMANDCALL: _C.SafeAPI.Execute(["v1.sketch.dimension",[{"type":"VERTICAL_DISTANCE","value":"@expr.d610_position_y","name":"position_y","id":8880,"geomIds":[8889,8887]}]])
[0m[0;32m[2026-09-16 13:49:25.348][VERB] RETURN: {"result":"$8899"}
[0m[0;32m[2026-09-16 13:49:25.348][VERB] COMMANDCALL: _C.SafeAPI.Execute(["v1.sketch.dimension",[{"type":"RADIUS","value":"@expr.d611_radius","name":"radius","id":8880,"geomIds":[8886]}]])
[0m[0;32m[2026-09-16 13:49:25.353][VERB] RETURN: {"result":"$8903"}
[0m[0;32m[2026-09-16 13:49:25.354][VERB] COMMANDCALL: _C.SafeAPI.Execute(["v1.part.extrusion",[{"references":[8886],"name":"F607_makeCylinder_cad_primitives_py_12","taperAngle":0,"limit2":"@expr.d612_height","id":4}]])
[0m[0;32m[2026-09-16 13:49:25.360][VERB] RETURN: {"result":"$8907"}
[0m[0;32m[2026-09-16 13:49:25.361][VERB] COMMANDCALL: _C.SafeAPI.Execute(["v1.part.boolean",[{"type":"SUBTRACTION","tools":[8907],"target":8857,"name":"F55_cut_housing_shell_py_94","id":4}]])
[0m[0;32m[2026-09-16 13:49:25.390][VERB] RETURN: {"result":"$8929"}
[0m[0;32m[2026-09-16 13:49:25.391][VERB] COMMANDCALL: _C.SafeAPI.Execute(["v1.part.workPlane",[{"type":"PLANE","references":[46],"name":"F614_makeCylinder_cad_primitives_py_12_plane","offset":"@expr.d615_plane_offset","id":4}]])
[0m[0;32m[2026-09-16 13:49:25.395][VERB] RETURN: {"result":"$8963"}
[0m[0;32m[2026-09-16 13:49:25.396][VERB] COMMANDCALL: _C.SafeAPI.Execute(["v1.sketch.create",[{"planeId":8963,"name":"F614_makeCylinder_cad_primitives_py_12_profile","id":4}]])
[0m[0;32m[2026-09-16 13:49:25.398][VERB] RETURN: {"result":"$8969"}
[0m[0;32m[2026-09-16 13:49:25.398][VERB] COMMANDCALL: _C.SafeAPI.Execute(["v1.sketch.circle",[{"radius":11.95,"id":8969,"genFixation":0,"centerPos":[13.05,-12.5,0]}]])
[0m[0;32m[2026-09-16 13:49:25.399][VERB] RETURN: {"result":"$8975"}
[0m[0;32m[2026-09-16 13:49:25.399][VERB] COMMANDCALL: _C.SafeAPI.Execute(["v1.sketch.getPoints",[{"id":8975}]])
[0m[0;32m[2026-09-16 13:49:25.399][VERB] RETURN: {"result":{"centerId":"$8976"}}
[0m[0;32m[2026-09-16 13:49:25.400][VERB] COMMANDCALL: _C.SafeAPI.Execute(["v1.sketch.point",[{"pos":[-1000,-1000,0],"id":8969}]])
[0m[0;32m[2026-09-16 13:49:25.401][VERB] RETURN: {"result":"$8978"}
[0m[0;32m[2026-09-16 13:49:25.401][VERB] COMMANDCALL: _C.SafeAPI.Execute(["v1.sketch.constraint",[{"type":"FIXATION","id":8969,"geomIds":[8978]}]])
[0m[0;32m[2026-09-16 13:49:25.402][VERB] RETURN: {"result":"$8980"}
[0m[0;32m[2026-09-16 13:49:25.402][VERB] COMMANDCALL: _C.SafeAPI.Execute(["v1.sketch.dimension",[{"type":"HORIZONTAL_DISTANCE","value":"@expr.d616_position_x","name":"position_x","id":8969,"geomIds":[8978,8976]}]])
[0m[0;32m[2026-09-16 13:49:25.407][VERB] RETURN: {"result":"$8984"}
[0m[0;32m[2026-09-16 13:49:25.407][VERB] COMMANDCALL: _C.SafeAPI.Execute(["v1.sketch.dimension",[{"type":"VERTICAL_DISTANCE","value":"@expr.d617_position_y","name":"position_y","id":8969,"geomIds":[8978,8976]}]])
[0m[0;32m[2026-09-16 13:49:25.412][VERB] RETURN: {"result":"$8988"}
[0m[0;32m[2026-09-16 13:49:25.413][VERB] COMMANDCALL: _C.SafeAPI.Execute(["v1.sketch.dimension",[{"type":"RADIUS","value":"@expr.d618_radius","name":"radius","id":8969,"geomIds":[8975]}]])
[0m[0;32m[2026-09-16 13:49:25.418][VERB] RETURN: {"result":"$8992"}
[0m[0;32m[2026-09-16 13:49:25.419][VERB] COMMANDCALL: _C.SafeAPI.Execute(["v1.part.extrusion",[{"references":[8975],"name":"F614_makeCylinder_cad_primitives_py_12","taperAngle":0,"limit2":"@expr.d619_height","id":4}]])
[0m[0;32m[2026-09-16 13:49:25.425][VERB] RETURN: {"result":"$8996"}
[0m[0;32m[2026-09-16 13:49:25.426][VERB] COMMANDCALL: _C.SafeAPI.Execute(["v1.part.workPlane",[{"type":"PLANE","references":[38],"name":"F620_makeBox_cad_primitives_py_8_plane","offset":"@expr.d621_plane_offset","id":4}]])
[0m[0;32m[2026-09-16 13:49:25.430][VERB] RETURN: {"result":"$9018"}
[0m[0;32m[2026-09-16 13:49:25.431][VERB] COMMANDCALL: _C.SafeAPI.Execute(["v1.sketch.create",[{"planeId":9018,"name":"F620_makeBox_cad_primitives_py_8_profile","id":4}]])
[0m[0;32m[2026-09-16 13:49:25.433][VERB] RETURN: {"result":"$9024"}
[0m[0;32m[2026-09-16 13:49:25.433][VERB] COMMANDCALL: _C.SafeAPI.Execute(["v1.sketch.rectangle",[{"startPos":[1,1.6,0],"id":9024,"genFixation":0,"endPos":[1.6,31.6,0]}]])
[0m[0;32m[2026-09-16 13:49:25.440][VERB] RETURN: {"result":["$9030","$9034","$9040","$9046"]}
[0m[0;32m[2026-09-16 13:49:25.440][VERB] COMMANDCALL: _C.SafeAPI.Execute(["v1.sketch.getPoints",[{"id":9030}]])
[0m[0;32m[2026-09-16 13:49:25.441][VERB] RETURN: {"result":{"endId":"$9032","startId":"$9031"}}
[0m[0;32m[2026-09-16 13:49:25.441][VERB] COMMANDCALL: _C.SafeAPI.Execute(["v1.sketch.point",[{"pos":[-1000,-1000,0],"id":9024}]])
[0m[0;32m[2026-09-16 13:49:25.443][VERB] RETURN: {"result":"$9062"}
[0m[0;32m[2026-09-16 13:49:25.443][VERB] COMMANDCALL: _C.SafeAPI.Execute(["v1.sketch.constraint",[{"type":"FIXATION","id":9024,"geomIds":[9062]}]])
[0m[0;32m[2026-09-16 13:49:25.444][VERB] RETURN: {"result":"$9064"}
[0m[0;32m[2026-09-16 13:49:25.445][VERB] COMMANDCALL: _C.SafeAPI.Execute(["v1.sketch.dimension",[{"type":"HORIZONTAL_DISTANCE","value":"@expr.d622_position_x","name":"position_x","id":9024,"geomIds":[9062,9031]}]])
[0m[0;32m[2026-09-16 13:49:25.450][VERB] RETURN: {"result":"$9068"}
[0m[0;32m[2026-09-16 13:49:25.450][VERB] COMMANDCALL: _C.SafeAPI.Execute(["v1.sketch.dimension",[{"type":"VERTICAL_DISTANCE","value":"@expr.d623_position_y","name":"position_y","id":9024,"geomIds":[9062,9031]}]])
[0m[0;32m[2026-09-16 13:49:25.457][VERB] RETURN: {"result":"$9072"}
[0m[0;32m[2026-09-16 13:49:25.458][VERB] COMMANDCALL: _C.SafeAPI.Execute(["v1.sketch.dimension",[{"type":"OFFSET","value":"@expr.d624_width","name":"width","id":9024,"geomIds":[9030]}]])
[0m[0;32m[2026-09-16 13:49:25.466][VERB] RETURN: {"result":"$9076"}
[0m[0;32m[2026-09-16 13:49:25.466][VERB] COMMANDCALL: _C.SafeAPI.Execute(["v1.sketch.dimension",[{"type":"OFFSET","value":"@expr.d625_depth","name":"depth","id":9024,"geomIds":[9034]}]])
[0m[0;32m[2026-09-16 13:49:25.475][VERB] RETURN: {"result":"$9080"}
[0m[0;32m[2026-09-16 13:49:25.475][VERB] COMMANDCALL: _C.SafeAPI.Execute(["v1.part.extrusion",[{"references":[9030,9034,9040,9046],"name":"F620_makeBox_cad_primitives_py_8","taperAngle":0,"limit2":"@expr.d626_height","id":4}]])
[0m[0;32m[2026-09-16 13:49:25.482][VERB] RETURN: {"result":"$9084"}
[0m[0;32m[2026-09-16 13:49:25.482][VERB] COMMANDCALL: _C.SafeAPI.Execute(["v1.part.boolean",[{"type":"INTERSECTION","tools":[9084],"target":8996,"name":"F613_common_housing_shell_py_90","id":4}]])
[0m[0;32m[2026-09-16 13:49:25.490][VERB] RETURN: {"result":"$9127"}
[0m[0;32m[2026-09-16 13:49:25.490][VERB] COMMANDCALL: _C.SafeAPI.Execute(["v1.part.boolean",[{"type":"SUBTRACTION","tools":[9127],"target":8929,"name":"F54_cut_housing_shell_py_94","id":4}]])
[0m[0;32m[2026-09-16 13:49:25.532][VERB] RETURN: {"result":"$9175"}
[0m[0;32m[2026-09-16 13:49:25.532][VERB] COMMANDCALL: _C.SafeAPI.Execute(["v1.part.workPlane",[{"type":"PLANE","references":[38],"name":"F627_makeBox_cad_primitives_py_8_plane","offset":"@expr.d628_plane_offset","id":4}]])
[0m[0;32m[2026-09-16 13:49:25.537][VERB] RETURN: {"result":"$9286"}
[0m[0;32m[2026-09-16 13:49:25.537][VERB] COMMANDCALL: _C.SafeAPI.Execute(["v1.sketch.create",[{"planeId":9286,"name":"F627_makeBox_cad_primitives_py_8_profile","id":4}]])
[0m[0;32m[2026-09-16 13:49:25.539][VERB] RETURN: {"result":"$9292"}
[0m[0;32m[2026-09-16 13:49:25.540][VERB] COMMANDCALL: _C.SafeAPI.Execute(["v1.sketch.rectangle",[{"startPos":[-20,-20,0],"id":9292,"genFixation":0,"endPos":[130,100,0]}]])
[0m[0;32m[2026-09-16 13:49:25.546][VERB] RETURN: {"result":["$9298","$9302","$9308","$9314"]}
[0m[0;32m[2026-09-16 13:49:25.547][VERB] COMMANDCALL: _C.SafeAPI.Execute(["v1.sketch.getPoints",[{"id":9298}]])
[0m[0;32m[2026-09-16 13:49:25.547][VERB] RETURN: {"result":{"endId":"$9300","startId":"$9299"}}
[0m[0;32m[2026-09-16 13:49:25.547][VERB] COMMANDCALL: _C.SafeAPI.Execute(["v1.sketch.point",[{"pos":[-1000,-1000,0],"id":9292}]])
[0m[0;32m[2026-09-16 13:49:25.549][VERB] RETURN: {"result":"$9330"}
[0m[0;32m[2026-09-16 13:49:25.549][VERB] COMMANDCALL: _C.SafeAPI.Execute(["v1.sketch.constraint",[{"type":"FIXATION","id":9292,"geomIds":[9330]}]])
[0m[0;32m[2026-09-16 13:49:25.551][VERB] RETURN: {"result":"$9332"}
[0m[0;32m[2026-09-16 13:49:25.551][VERB] COMMANDCALL: _C.SafeAPI.Execute(["v1.sketch.dimension",[{"type":"HORIZONTAL_DISTANCE","value":"@expr.d629_position_x","name":"position_x","id":9292,"geomIds":[9330,9299]}]])
[0m[0;32m[2026-09-16 13:49:25.557][VERB] RETURN: {"result":"$9336"}
[0m[0;32m[2026-09-16 13:49:25.557][VERB] COMMANDCALL: _C.SafeAPI.Execute(["v1.sketch.dimension",[{"type":"VERTICAL_DISTANCE","value":"@expr.d630_position_y","name":"position_y","id":9292,"geomIds":[9330,9299]}]])
[0m[0;32m[2026-09-16 13:49:25.563][VERB] RETURN: {"result":"$9340"}
[0m[0;32m[2026-09-16 13:49:25.563][VERB] COMMANDCALL: _C.SafeAPI.Execute(["v1.sketch.dimension",[{"type":"OFFSET","value":"@expr.d631_width","name":"width","id":9292,"geomIds":[9298]}]])
[0m[0;32m[2026-09-16 13:49:25.571][VERB] RETURN: {"result":"$9344"}
[0m[0;32m[2026-09-16 13:49:25.571][VERB] COMMANDCALL: _C.SafeAPI.Execute(["v1.sketch.dimension",[{"type":"OFFSET","value":"@expr.d632_depth","name":"depth","id":9292,"geomIds":[9302]}]])
[0m[0;32m[2026-09-16 13:49:25.580][VERB] RETURN: {"result":"$9348"}
[0m[0;32m[2026-09-16 13:49:25.580][VERB] COMMANDCALL: _C.SafeAPI.Execute(["v1.part.extrusion",[{"references":[9298,9302,9308,9314],"name":"F627_makeBox_cad_primitives_py_8","taperAngle":0,"limit2":"@expr.d633_height","id":4}]])
[0m[0;32m[2026-09-16 13:49:25.587][VERB] RETURN: {"result":"$9352"}
[0m[0;32m[2026-09-16 13:49:25.587][VERB] COMMANDCALL: _C.SafeAPI.Execute(["v1.part.boolean",[{"type":"INTERSECTION","tools":[9352],"target":9175,"name":"F53_common_housing_shell_py_95","id":4}]])
[0m[0;32m[2026-09-16 13:49:25.639][VERB] RETURN: {"result":"$9395"}
[0m[0;32m[2026-09-16 13:49:25.639][VERB] COMMANDCALL: _C.SafeAPI.Execute(["v1.part.workPlane",[{"type":"PLANE","references":[38],"name":"F634_makeBox_cad_primitives_py_8_plane","offset":"@expr.d635_plane_offset","id":4}]])
[0m[0;32m[2026-09-16 13:49:25.644][VERB] RETURN: {"result":"$9560"}
[0m[0;32m[2026-09-16 13:49:25.644][VERB] COMMANDCALL: _C.SafeAPI.Execute(["v1.sketch.create",[{"planeId":9560,"name":"F634_makeBox_cad_primitives_py_8_profile","id":4}]])
[0m[0;32m[2026-09-16 13:49:25.646][VERB] RETURN: {"result":"$9566"}
[0m[0;32m[2026-09-16 13:49:25.647][VERB] COMMANDCALL: _C.SafeAPI.Execute(["v1.sketch.rectangle",[{"startPos":[-1.4,-1.4,0],"id":9566,"genFixation":0,"endPos":[2.3,27.4,0]}]])
[0m[0;32m[2026-09-16 13:49:25.653][VERB] RETURN: {"result":["$9572","$9576","$9582","$9588"]}
[0m[0;32m[2026-09-16 13:49:25.653][VERB] COMMANDCALL: _C.SafeAPI.Execute(["v1.sketch.getPoints",[{"id":9572}]])
[0m[0;32m[2026-09-16 13:49:25.653][VERB] RETURN: {"result":{"endId":"$9574","startId":"$9573"}}
[0m[0;32m[2026-09-16 13:49:25.654][VERB] COMMANDCALL: _C.SafeAPI.Execute(["v1.sketch.point",[{"pos":[-1000,-1000,0],"id":9566}]])
[0m[0;32m[2026-09-16 13:49:25.655][VERB] RETURN: {"result":"$9604"}
[0m[0;32m[2026-09-16 13:49:25.656][VERB] COMMANDCALL: _C.SafeAPI.Execute(["v1.sketch.constraint",[{"type":"FIXATION","id":9566,"geomIds":[9604]}]])
[0m[0;32m[2026-09-16 13:49:25.657][VERB] RETURN: {"result":"$9606"}
[0m[0;32m[2026-09-16 13:49:25.657][VERB] COMMANDCALL: _C.SafeAPI.Execute(["v1.sketch.dimension",[{"type":"HORIZONTAL_DISTANCE","value":"@expr.d636_position_x","name":"position_x","id":9566,"geomIds":[9604,9573]}]])
[0m[0;32m[2026-09-16 13:49:25.663][VERB] RETURN: {"result":"$9610"}
[0m[0;32m[2026-09-16 13:49:25.663][VERB] COMMANDCALL: _C.SafeAPI.Execute(["v1.sketch.dimension",[{"type":"VERTICAL_DISTANCE","value":"@expr.d637_position_y","name":"position_y","id":9566,"geomIds":[9604,9573]}]])
[0m[0;32m[2026-09-16 13:49:25.670][VERB] RETURN: {"result":"$9614"}
[0m[0;32m[2026-09-16 13:49:25.670][VERB] COMMANDCALL: _C.SafeAPI.Execute(["v1.sketch.dimension",[{"type":"OFFSET","value":"@expr.d638_width","name":"width","id":9566,"geomIds":[9572]}]])
[0m[0;32m[2026-09-16 13:49:25.678][VERB] RETURN: {"result":"$9618"}
[0m[0;32m[2026-09-16 13:49:25.679][VERB] COMMANDCALL: _C.SafeAPI.Execute(["v1.sketch.dimension",[{"type":"OFFSET","value":"@expr.d639_depth","name":"depth","id":9566,"geomIds":[9576]}]])
[0m[0;32m[2026-09-16 13:49:25.687][VERB] RETURN: {"result":"$9622"}
[0m[0;32m[2026-09-16 13:49:25.688][VERB] COMMANDCALL: _C.SafeAPI.Execute(["v1.part.extrusion",[{"references":[9572,9576,9582,9588],"name":"F634_makeBox_cad_primitives_py_8","taperAngle":0,"limit2":"@expr.d640_height","id":4}]])
[0m[0;32m[2026-09-16 13:49:25.694][VERB] RETURN: {"result":"$9626"}
[0m[0;32m[2026-09-16 13:49:25.694][VERB] COMMANDCALL: _C.SafeAPI.Execute(["v1.part.boolean",[{"type":"SUBTRACTION","tools":[9626],"target":9395,"name":"F52_cut_housing_shell_py_99","id":4}]])
[0m[0;32m[2026-09-16 13:49:25.720][VERB] RETURN: {"result":"$9669"}
[0m[0;32m[2026-09-16 13:49:25.721][VERB] COMMANDCALL: _C.SafeAPI.Execute(["v1.part.workPlane",[{"type":"PLANE","references":[38],"name":"F641_makeBox_cad_primitives_py_8_plane","offset":"@expr.d642_plane_offset","id":4}]])
[0m[0;32m[2026-09-16 13:49:25.725][VERB] RETURN: {"result":"$9756"}
[0m[0;32m[2026-09-16 13:49:25.726][VERB] COMMANDCALL: _C.SafeAPI.Execute(["v1.sketch.create",[{"planeId":9756,"name":"F641_makeBox_cad_primitives_py_8_profile","id":4}]])
[0m[0;32m[2026-09-16 13:49:25.728][VERB] RETURN: {"result":"$9762"}
[0m[0;32m[2026-09-16 13:49:25.729][VERB] COMMANDCALL: _C.SafeAPI.Execute(["v1.sketch.rectangle",[{"startPos":[4,2.5,0],"id":9762,"genFixation":0,"endPos":[22,5.5,0]}]])
[0m[0;32m[2026-09-16 13:49:25.736][VERB] RETURN: {"result":["$9768","$9772","$9778","$9784"]}
[0m[0;32m[2026-09-16 13:49:25.736][VERB] COMMANDCALL: _C.SafeAPI.Execute(["v1.sketch.getPoints",[{"id":9768}]])
[0m[0;32m[2026-09-16 13:49:25.736][VERB] RETURN: {"result":{"endId":"$9770","startId":"$9769"}}
[0m[0;32m[2026-09-16 13:49:25.736][VERB] COMMANDCALL: _C.SafeAPI.Execute(["v1.sketch.point",[{"pos":[-1000,-1000,0],"id":9762}]])
[0m[0;32m[2026-09-16 13:49:25.738][VERB] RETURN: {"result":"$9800"}
[0m[0;32m[2026-09-16 13:49:25.738][VERB] COMMANDCALL: _C.SafeAPI.Execute(["v1.sketch.constraint",[{"type":"FIXATION","id":9762,"geomIds":[9800]}]])
[0m[0;32m[2026-09-16 13:49:25.740][VERB] RETURN: {"result":"$9802"}
[0m[0;32m[2026-09-16 13:49:25.740][VERB] COMMANDCALL: _C.SafeAPI.Execute(["v1.sketch.dimension",[{"type":"HORIZONTAL_DISTANCE","value":"@expr.d643_position_x","name":"position_x","id":9762,"geomIds":[9800,9769]}]])
[0m[0;32m[2026-09-16 13:49:25.746][VERB] RETURN: {"result":"$9806"}
[0m[0;32m[2026-09-16 13:49:25.746][VERB] COMMANDCALL: _C.SafeAPI.Execute(["v1.sketch.dimension",[{"type":"VERTICAL_DISTANCE","value":"@expr.d644_position_y","name":"position_y","id":9762,"geomIds":[9800,9769]}]])
[0m[0;32m[2026-09-16 13:49:25.753][VERB] RETURN: {"result":"$9810"}
[0m[0;32m[2026-09-16 13:49:25.753][VERB] COMMANDCALL: _C.SafeAPI.Execute(["v1.sketch.dimension",[{"type":"OFFSET","value":"@expr.d645_width","name":"width","id":9762,"geomIds":[9768]}]])
[0m[0;32m[2026-09-16 13:49:25.760][VERB] RETURN: {"result":"$9814"}
[0m[0;32m[2026-09-16 13:49:25.761][VERB] COMMANDCALL: _C.SafeAPI.Execute(["v1.sketch.dimension",[{"type":"OFFSET","value":"@expr.d646_depth","name":"depth","id":9762,"geomIds":[9772]}]])
[0m[0;32m[2026-09-16 13:49:25.769][VERB] RETURN: {"result":"$9818"}
[0m[0;32m[2026-09-16 13:49:25.769][VERB] COMMANDCALL: _C.SafeAPI.Execute(["v1.part.extrusion",[{"references":[9768,9772,9778,9784],"name":"F641_makeBox_cad_primitives_py_8","taperAngle":0,"limit2":"@expr.d647_height","id":4}]])
[0m[0;32m[2026-09-16 13:49:25.776][VERB] RETURN: {"result":"$9822"}
[0m[0;32m[2026-09-16 13:49:25.777][VERB] COMMANDCALL: _C.SafeAPI.Execute(["v1.part.workPlane",[{"type":"PLANE","references":[38],"name":"F648_makeBox_cad_primitives_py_8_plane","offset":"@expr.d649_plane_offset","id":4}]])
[0m[0;32m[2026-09-16 13:49:25.781][VERB] RETURN: {"result":"$9865"}
[0m[0;32m[2026-09-16 13:49:25.782][VERB] COMMANDCALL: _C.SafeAPI.Execute(["v1.sketch.create",[{"planeId":9865,"name":"F648_makeBox_cad_primitives_py_8_profile","id":4}]])
[0m[0;32m[2026-09-16 13:49:25.784][VERB] RETURN: {"result":"$9871"}
[0m[0;32m[2026-09-16 13:49:25.784][VERB] COMMANDCALL: _C.SafeAPI.Execute(["v1.sketch.rectangle",[{"startPos":[4,19.5,0],"id":9871,"genFixation":0,"endPos":[22,22.5,0]}]])
[0m[0;32m[2026-09-16 13:49:25.791][VERB] RETURN: {"result":["$9877","$9881","$9887","$9893"]}
[0m[0;32m[2026-09-16 13:49:25.791][VERB] COMMANDCALL: _C.SafeAPI.Execute(["v1.sketch.getPoints",[{"id":9877}]])
[0m[0;32m[2026-09-16 13:49:25.791][VERB] RETURN: {"result":{"endId":"$9879","startId":"$9878"}}
[0m[0;32m[2026-09-16 13:49:25.792][VERB] COMMANDCALL: _C.SafeAPI.Execute(["v1.sketch.point",[{"pos":[-1000,-1000,0],"id":9871}]])
[0m[0;32m[2026-09-16 13:49:25.794][VERB] RETURN: {"result":"$9909"}
[0m[0;32m[2026-09-16 13:49:25.794][VERB] COMMANDCALL: _C.SafeAPI.Execute(["v1.sketch.constraint",[{"type":"FIXATION","id":9871,"geomIds":[9909]}]])
[0m[0;32m[2026-09-16 13:49:25.795][VERB] RETURN: {"result":"$9911"}
[0m[0;32m[2026-09-16 13:49:25.796][VERB] COMMANDCALL: _C.SafeAPI.Execute(["v1.sketch.dimension",[{"type":"HORIZONTAL_DISTANCE","value":"@expr.d650_position_x","name":"position_x","id":9871,"geomIds":[9909,9878]}]])
[0m[0;32m[2026-09-16 13:49:25.801][VERB] RETURN: {"result":"$9915"}
[0m[0;32m[2026-09-16 13:49:25.801][VERB] COMMANDCALL: _C.SafeAPI.Execute(["v1.sketch.dimension",[{"type":"VERTICAL_DISTANCE","value":"@expr.d651_position_y","name":"position_y","id":9871,"geomIds":[9909,9878]}]])
[0m[0;32m[2026-09-16 13:49:25.808][VERB] RETURN: {"result":"$9919"}
[0m[0;32m[2026-09-16 13:49:25.809][VERB] COMMANDCALL: _C.SafeAPI.Execute(["v1.sketch.dimension",[{"type":"OFFSET","value":"@expr.d652_width","name":"width","id":9871,"geomIds":[9877]}]])
[0m[0;32m[2026-09-16 13:49:25.816][VERB] RETURN: {"result":"$9923"}
[0m[0;32m[2026-09-16 13:49:25.817][VERB] COMMANDCALL: _C.SafeAPI.Execute(["v1.sketch.dimension",[{"type":"OFFSET","value":"@expr.d653_depth","name":"depth","id":9871,"geomIds":[9881]}]])
[0m[0;32m[2026-09-16 13:49:25.825][VERB] RETURN: {"result":"$9927"}
[0m[0;32m[2026-09-16 13:49:25.826][VERB] COMMANDCALL: _C.SafeAPI.Execute(["v1.part.extrusion",[{"references":[9877,9881,9887,9893],"name":"F648_makeBox_cad_primitives_py_8","taperAngle":0,"limit2":"@expr.d654_height","id":4}]])
[0m[0;32m[2026-09-16 13:49:25.832][VERB] RETURN: {"result":"$9931"}
[0m[0;32m[2026-09-16 13:49:25.832][VERB] COMMANDCALL: _C.SafeAPI.Execute(["v1.part.workPlane",[{"type":"PLANE","references":[38],"name":"F655_makeBox_cad_primitives_py_8_plane","offset":"@expr.d656_plane_offset","id":4}]])
[0m[0;32m[2026-09-16 13:49:25.837][VERB] RETURN: {"result":"$9974"}
[0m[0;32m[2026-09-16 13:49:25.837][VERB] COMMANDCALL: _C.SafeAPI.Execute(["v1.sketch.create",[{"planeId":9974,"name":"F655_makeBox_cad_primitives_py_8_profile","id":4}]])
[0m[0;32m[2026-09-16 13:49:25.839][VERB] RETURN: {"result":"$9980"}
[0m[0;32m[2026-09-16 13:49:25.840][VERB] COMMANDCALL: _C.SafeAPI.Execute(["v1.sketch.rectangle",[{"startPos":[3,0.65,0],"id":9980,"genFixation":0,"endPos":[23,2.25,0]}]])
[0m[0;32m[2026-09-16 13:49:25.846][VERB] RETURN: {"result":["$9986","$9990","$9996","$10002"]}
[0m[0;32m[2026-09-16 13:49:25.846][VERB] COMMANDCALL: _C.SafeAPI.Execute(["v1.sketch.getPoints",[{"id":9986}]])
[0m[0;32m[2026-09-16 13:49:25.846][VERB] RETURN: {"result":{"endId":"$9988","startId":"$9987"}}
[0m[0;32m[2026-09-16 13:49:25.846][VERB] COMMANDCALL: _C.SafeAPI.Execute(["v1.sketch.point",[{"pos":[-1000,-1000,0],"id":9980}]])
[0m[0;32m[2026-09-16 13:49:25.848][VERB] RETURN: {"result":"$10018"}
[0m[0;32m[2026-09-16 13:49:25.848][VERB] COMMANDCALL: _C.SafeAPI.Execute(["v1.sketch.constraint",[{"type":"FIXATION","id":9980,"geomIds":[10018]}]])
[0m[0;32m[2026-09-16 13:49:25.850][VERB] RETURN: {"result":"$10020"}
[0m[0;32m[2026-09-16 13:49:25.850][VERB] COMMANDCALL: _C.SafeAPI.Execute(["v1.sketch.dimension",[{"type":"HORIZONTAL_DISTANCE","value":"@expr.d657_position_x","name":"position_x","id":9980,"geomIds":[10018,9987]}]])
[0m[0;32m[2026-09-16 13:49:25.856][VERB] RETURN: {"result":"$10024"}
[0m[0;32m[2026-09-16 13:49:25.857][VERB] COMMANDCALL: _C.SafeAPI.Execute(["v1.sketch.dimension",[{"type":"VERTICAL_DISTANCE","value":"@expr.d658_position_y","name":"position_y","id":9980,"geomIds":[10018,9987]}]])
[0m[0;32m[2026-09-16 13:49:25.863][VERB] RETURN: {"result":"$10028"}
[0m[0;32m[2026-09-16 13:49:25.864][VERB] COMMANDCALL: _C.SafeAPI.Execute(["v1.sketch.dimension",[{"type":"OFFSET","value":"@expr.d659_width","name":"width","id":9980,"geomIds":[9986]}]])
[0m[0;32m[2026-09-16 13:49:25.871][VERB] RETURN: {"result":"$10032"}
[0m[0;32m[2026-09-16 13:49:25.871][VERB] COMMANDCALL: _C.SafeAPI.Execute(["v1.sketch.dimension",[{"type":"OFFSET","value":"@expr.d660_depth","name":"depth","id":9980,"geomIds":[9990]}]])
[0m[0;32m[2026-09-16 13:49:25.880][VERB] RETURN: {"result":"$10036"}
[0m[0;32m[2026-09-16 13:49:25.880][VERB] COMMANDCALL: _C.SafeAPI.Execute(["v1.part.extrusion",[{"references":[9986,9990,9996,10002],"name":"F655_makeBox_cad_primitives_py_8","taperAngle":0,"limit2":"@expr.d661_height","id":4}]])
[0m[0;32m[2026-09-16 13:49:25.887][VERB] RETURN: {"result":"$10040"}
[0m[0;32m[2026-09-16 13:49:25.887][VERB] COMMANDCALL: _C.SafeAPI.Execute(["v1.part.workPlane",[{"type":"PLANE","references":[38],"name":"F662_makeBox_cad_primitives_py_8_plane","offset":"@expr.d663_plane_offset","id":4}]])
[0m[0;32m[2026-09-16 13:49:25.891][VERB] RETURN: {"result":"$10083"}
[0m[0;32m[2026-09-16 13:49:25.892][VERB] COMMANDCALL: _C.SafeAPI.Execute(["v1.sketch.create",[{"planeId":10083,"name":"F662_makeBox_cad_primitives_py_8_profile","id":4}]])
[0m[0;32m[2026-09-16 13:49:25.894][VERB] RETURN: {"result":"$10089"}
[0m[0;32m[2026-09-16 13:49:25.894][VERB] COMMANDCALL: _C.SafeAPI.Execute(["v1.sketch.rectangle",[{"startPos":[3,22.8,0],"id":10089,"genFixation":0,"endPos":[23,24,0]}]])
[0m[0;32m[2026-09-16 13:49:25.901][VERB] RETURN: {"result":["$10095","$10099","$10105","$10111"]}
[0m[0;32m[2026-09-16 13:49:25.901][VERB] COMMANDCALL: _C.SafeAPI.Execute(["v1.sketch.getPoints",[{"id":10095}]])
[0m[0;32m[2026-09-16 13:49:25.901][VERB] RETURN: {"result":{"endId":"$10097","startId":"$10096"}}
[0m[0;32m[2026-09-16 13:49:25.901][VERB] COMMANDCALL: _C.SafeAPI.Execute(["v1.sketch.point",[{"pos":[-1000,-1000,0],"id":10089}]])
[0m[0;32m[2026-09-16 13:49:25.903][VERB] RETURN: {"result":"$10127"}
[0m[0;32m[2026-09-16 13:49:25.903][VERB] COMMANDCALL: _C.SafeAPI.Execute(["v1.sketch.constraint",[{"type":"FIXATION","id":10089,"geomIds":[10127]}]])
[0m[0;32m[2026-09-16 13:49:25.905][VERB] RETURN: {"result":"$10129"}
[0m[0;32m[2026-09-16 13:49:25.906][VERB] COMMANDCALL: _C.SafeAPI.Execute(["v1.sketch.dimension",[{"type":"HORIZONTAL_DISTANCE","value":"@expr.d664_position_x","name":"position_x","id":10089,"geomIds":[10127,10096]}]])
[0m[0;32m[2026-09-16 13:49:25.911][VERB] RETURN: {"result":"$10133"}
[0m[0;32m[2026-09-16 13:49:25.912][VERB] COMMANDCALL: _C.SafeAPI.Execute(["v1.sketch.dimension",[{"type":"VERTICAL_DISTANCE","value":"@expr.d665_position_y","name":"position_y","id":10089,"geomIds":[10127,10096]}]])
[0m[0;32m[2026-09-16 13:49:25.919][VERB] RETURN: {"result":"$10137"}
[0m[0;32m[2026-09-16 13:49:25.919][VERB] COMMANDCALL: _C.SafeAPI.Execute(["v1.sketch.dimension",[{"type":"OFFSET","value":"@expr.d666_width","name":"width","id":10089,"geomIds":[10095]}]])
[0m[0;32m[2026-09-16 13:49:25.927][VERB] RETURN: {"result":"$10141"}
[0m[0;32m[2026-09-16 13:49:25.927][VERB] COMMANDCALL: _C.SafeAPI.Execute(["v1.sketch.dimension",[{"type":"OFFSET","value":"@expr.d667_depth","name":"depth","id":10089,"geomIds":[10099]}]])
[0m[0;32m[2026-09-16 13:49:25.936][VERB] RETURN: {"result":"$10145"}
[0m[0;32m[2026-09-16 13:49:25.936][VERB] COMMANDCALL: _C.SafeAPI.Execute(["v1.part.extrusion",[{"references":[10095,10099,10105,10111],"name":"F662_makeBox_cad_primitives_py_8","taperAngle":0,"limit2":"@expr.d668_height","id":4}]])
[0m[0;32m[2026-09-16 13:49:25.943][VERB] RETURN: {"result":"$10149"}
[0m[0;32m[2026-09-16 13:49:25.943][VERB] COMMANDCALL: _C.SafeAPI.Execute(["v1.part.workPlane",[{"type":"PLANE","references":[38],"name":"F669_makeBox_cad_primitives_py_8_plane","offset":"@expr.d670_plane_offset","id":4}]])
[0m[0;32m[2026-09-16 13:49:25.948][VERB] RETURN: {"result":"$10192"}
[0m[0;32m[2026-09-16 13:49:25.948][VERB] COMMANDCALL: _C.SafeAPI.Execute(["v1.sketch.create",[{"planeId":10192,"name":"F669_makeBox_cad_primitives_py_8_profile","id":4}]])
[0m[0;32m[2026-09-16 13:49:25.950][VERB] RETURN: {"result":"$10198"}
[0m[0;32m[2026-09-16 13:49:25.950][VERB] COMMANDCALL: _C.SafeAPI.Execute(["v1.sketch.rectangle",[{"startPos":[22.5,2.3,0],"id":10198,"genFixation":0,"endPos":[28.1,5.3,0]}]])
[0m[0;32m[2026-09-16 13:49:25.957][VERB] RETURN: {"result":["$10204","$10208","$10214","$10220"]}
[0m[0;32m[2026-09-16 13:49:25.957][VERB] COMMANDCALL: _C.SafeAPI.Execute(["v1.sketch.getPoints",[{"id":10204}]])
[0m[0;32m[2026-09-16 13:49:25.957][VERB] RETURN: {"result":{"endId":"$10206","startId":"$10205"}}
[0m[0;32m[2026-09-16 13:49:25.958][VERB] COMMANDCALL: _C.SafeAPI.Execute(["v1.sketch.point",[{"pos":[-1000,-1000,0],"id":10198}]])
[0m[0;32m[2026-09-16 13:49:25.959][VERB] RETURN: {"result":"$10236"}
[0m[0;32m[2026-09-16 13:49:25.960][VERB] COMMANDCALL: _C.SafeAPI.Execute(["v1.sketch.constraint",[{"type":"FIXATION","id":10198,"geomIds":[10236]}]])
[0m[0;32m[2026-09-16 13:49:25.961][VERB] RETURN: {"result":"$10238"}
[0m[0;32m[2026-09-16 13:49:25.961][VERB] COMMANDCALL: _C.SafeAPI.Execute(["v1.sketch.dimension",[{"type":"HORIZONTAL_DISTANCE","value":"@expr.d671_position_x","name":"position_x","id":10198,"geomIds":[10236,10205]}]])
[0m[0;32m[2026-09-16 13:49:25.967][VERB] RETURN: {"result":"$10242"}
[0m[0;32m[2026-09-16 13:49:25.967][VERB] COMMANDCALL: _C.SafeAPI.Execute(["v1.sketch.dimension",[{"type":"VERTICAL_DISTANCE","value":"@expr.d672_position_y","name":"position_y","id":10198,"geomIds":[10236,10205]}]])
[0m[0;32m[2026-09-16 13:49:25.974][VERB] RETURN: {"result":"$10246"}
[0m[0;32m[2026-09-16 13:49:25.974][VERB] COMMANDCALL: _C.SafeAPI.Execute(["v1.sketch.dimension",[{"type":"OFFSET","value":"@expr.d673_width","name":"width","id":10198,"geomIds":[10204]}]])
[0m[0;32m[2026-09-16 13:49:25.981][VERB] RETURN: {"result":"$10250"}
[0m[0;32m[2026-09-16 13:49:25.982][VERB] COMMANDCALL: _C.SafeAPI.Execute(["v1.sketch.dimension",[{"type":"OFFSET","value":"@expr.d674_depth","name":"depth","id":10198,"geomIds":[10208]}]])
[0m[0;32m[2026-09-16 13:49:25.990][VERB] RETURN: {"result":"$10254"}
[0m[0;32m[2026-09-16 13:49:25.990][VERB] COMMANDCALL: _C.SafeAPI.Execute(["v1.part.extrusion",[{"references":[10204,10208,10214,10220],"name":"F669_makeBox_cad_primitives_py_8","taperAngle":0,"limit2":"@expr.d675_height","id":4}]])
[0m[0;32m[2026-09-16 13:49:25.997][VERB] RETURN: {"result":"$10258"}
[0m[0;32m[2026-09-16 13:49:25.998][VERB] COMMANDCALL: _C.SafeAPI.Execute(["v1.part.workPlane",[{"type":"PLANE","references":[38],"name":"F676_makeBox_cad_primitives_py_8_plane","offset":"@expr.d677_plane_offset","id":4}]])
[0m[0;32m[2026-09-16 13:49:26.003][VERB] RETURN: {"result":"$10301"}
[0m[0;32m[2026-09-16 13:49:26.003][VERB] COMMANDCALL: _C.SafeAPI.Execute(["v1.sketch.create",[{"planeId":10301,"name":"F676_makeBox_cad_primitives_py_8_profile","id":4}]])
[0m[0;32m[2026-09-16 13:49:26.005][VERB] RETURN: {"result":"$10307"}
[0m[0;32m[2026-09-16 13:49:26.005][VERB] COMMANDCALL: _C.SafeAPI.Execute(["v1.sketch.rectangle",[{"startPos":[22.5,20,0],"id":10307,"genFixation":0,"endPos":[28.1,23,0]}]])
[0m[0;32m[2026-09-16 13:49:26.012][VERB] RETURN: {"result":["$10313","$10317","$10323","$10329"]}
[0m[0;32m[2026-09-16 13:49:26.012][VERB] COMMANDCALL: _C.SafeAPI.Execute(["v1.sketch.getPoints",[{"id":10313}]])
[0m[0;32m[2026-09-16 13:49:26.012][VERB] RETURN: {"result":{"endId":"$10315","startId":"$10314"}}
[0m[0;32m[2026-09-16 13:49:26.013][VERB] COMMANDCALL: _C.SafeAPI.Execute(["v1.sketch.point",[{"pos":[-1000,-1000,0],"id":10307}]])
[0m[0;32m[2026-09-16 13:49:26.015][VERB] RETURN: {"result":"$10345"}
[0m[0;32m[2026-09-16 13:49:26.015][VERB] COMMANDCALL: _C.SafeAPI.Execute(["v1.sketch.constraint",[{"type":"FIXATION","id":10307,"geomIds":[10345]}]])
[0m[0;32m[2026-09-16 13:49:26.016][VERB] RETURN: {"result":"$10347"}
[0m[0;32m[2026-09-16 13:49:26.017][VERB] COMMANDCALL: _C.SafeAPI.Execute(["v1.sketch.dimension",[{"type":"HORIZONTAL_DISTANCE","value":"@expr.d678_position_x","name":"position_x","id":10307,"geomIds":[10345,10314]}]])
[0m[0;32m[2026-09-16 13:49:26.022][VERB] RETURN: {"result":"$10351"}
[0m[0;32m[2026-09-16 13:49:26.023][VERB] COMMANDCALL: _C.SafeAPI.Execute(["v1.sketch.dimension",[{"type":"VERTICAL_DISTANCE","value":"@expr.d679_position_y","name":"position_y","id":10307,"geomIds":[10345,10314]}]])
[0m[0;32m[2026-09-16 13:49:26.029][VERB] RETURN: {"result":"$10355"}
[0m[0;32m[2026-09-16 13:49:26.029][VERB] COMMANDCALL: _C.SafeAPI.Execute(["v1.sketch.dimension",[{"type":"OFFSET","value":"@expr.d680_width","name":"width","id":10307,"geomIds":[10313]}]])
[0m[0;32m[2026-09-16 13:49:26.037][VERB] RETURN: {"result":"$10359"}
[0m[0;32m[2026-09-16 13:49:26.037][VERB] COMMANDCALL: _C.SafeAPI.Execute(["v1.sketch.dimension",[{"type":"OFFSET","value":"@expr.d681_depth","name":"depth","id":10307,"geomIds":[10317]}]])
[0m[0;32m[2026-09-16 13:49:26.045][VERB] RETURN: {"result":"$10363"}
[0m[0;32m[2026-09-16 13:49:26.046][VERB] COMMANDCALL: _C.SafeAPI.Execute(["v1.part.extrusion",[{"references":[10313,10317,10323,10329],"name":"F676_makeBox_cad_primitives_py_8","taperAngle":0,"limit2":"@expr.d682_height","id":4}]])
[0m[0;32m[2026-09-16 13:49:26.052][VERB] RETURN: {"result":"$10367"}
[0m[0;32m[2026-09-16 13:49:26.053][VERB] COMMANDCALL: _C.SafeAPI.Execute(["v1.part.workPlane",[{"type":"PLANE","references":[38],"name":"F683_makeBox_cad_primitives_py_8_plane","offset":"@expr.d684_plane_offset","id":4}]])
[0m[0;32m[2026-09-16 13:49:26.057][VERB] RETURN: {"result":"$10410"}
[0m[0;32m[2026-09-16 13:49:26.058][VERB] COMMANDCALL: _C.SafeAPI.Execute(["v1.sketch.create",[{"planeId":10410,"name":"F683_makeBox_cad_primitives_py_8_profile","id":4}]])
[0m[0;32m[2026-09-16 13:49:26.060][VERB] RETURN: {"result":"$10416"}
[0m[0;32m[2026-09-16 13:49:26.060][VERB] COMMANDCALL: _C.SafeAPI.Execute(["v1.sketch.rectangle",[{"startPos":[55,2.9,0],"id":10416,"genFixation":0,"endPos":[85,5.9,0]}]])
[0m[0;32m[2026-09-16 13:49:26.067][VERB] RETURN: {"result":["$10422","$10426","$10432","$10438"]}
[0m[0;32m[2026-09-16 13:49:26.067][VERB] COMMANDCALL: _C.SafeAPI.Execute(["v1.sketch.getPoints",[{"id":10422}]])
[0m[0;32m[2026-09-16 13:49:26.067][VERB] RETURN: {"result":{"endId":"$10424","startId":"$10423"}}
[0m[0;32m[2026-09-16 13:49:26.067][VERB] COMMANDCALL: _C.SafeAPI.Execute(["v1.sketch.point",[{"pos":[-1000,-1000,0],"id":10416}]])
[0m[0;32m[2026-09-16 13:49:26.069][VERB] RETURN: {"result":"$10454"}
[0m[0;32m[2026-09-16 13:49:26.070][VERB] COMMANDCALL: _C.SafeAPI.Execute(["v1.sketch.constraint",[{"type":"FIXATION","id":10416,"geomIds":[10454]}]])
[0m[0;32m[2026-09-16 13:49:26.071][VERB] RETURN: {"result":"$10456"}
[0m[0;32m[2026-09-16 13:49:26.071][VERB] COMMANDCALL: _C.SafeAPI.Execute(["v1.sketch.dimension",[{"type":"HORIZONTAL_DISTANCE","value":"@expr.d685_position_x","name":"position_x","id":10416,"geomIds":[10454,10423]}]])
[0m[0;32m[2026-09-16 13:49:26.077][VERB] RETURN: {"result":"$10460"}
[0m[0;32m[2026-09-16 13:49:26.077][VERB] COMMANDCALL: _C.SafeAPI.Execute(["v1.sketch.dimension",[{"type":"VERTICAL_DISTANCE","value":"@expr.d686_position_y","name":"position_y","id":10416,"geomIds":[10454,10423]}]])
[0m[0;32m[2026-09-16 13:49:26.084][VERB] RETURN: {"result":"$10464"}
[0m[0;32m[2026-09-16 13:49:26.084][VERB] COMMANDCALL: _C.SafeAPI.Execute(["v1.sketch.dimension",[{"type":"OFFSET","value":"@expr.d687_width","name":"width","id":10416,"geomIds":[10422]}]])
[0m[0;32m[2026-09-16 13:49:26.092][VERB] RETURN: {"result":"$10468"}
[0m[0;32m[2026-09-16 13:49:26.092][VERB] COMMANDCALL: _C.SafeAPI.Execute(["v1.sketch.dimension",[{"type":"OFFSET","value":"@expr.d688_depth","name":"depth","id":10416,"geomIds":[10426]}]])
[0m[0;32m[2026-09-16 13:49:26.100][VERB] RETURN: {"result":"$10472"}
[0m[0;32m[2026-09-16 13:49:26.100][VERB] COMMANDCALL: _C.SafeAPI.Execute(["v1.part.extrusion",[{"references":[10422,10426,10432,10438],"name":"F683_makeBox_cad_primitives_py_8","taperAngle":0,"limit2":"@expr.d689_height","id":4}]])
[0m[0;32m[2026-09-16 13:49:26.107][VERB] RETURN: {"result":"$10476"}
[0m[0;32m[2026-09-16 13:49:26.108][VERB] COMMANDCALL: _C.SafeAPI.Execute(["v1.part.workPlane",[{"type":"PLANE","references":[38],"name":"F690_makeBox_cad_primitives_py_8_plane","offset":"@expr.d691_plane_offset","id":4}]])
[0m[0;32m[2026-09-16 13:49:26.113][VERB] RETURN: {"result":"$10519"}
[0m[0;32m[2026-09-16 13:49:26.113][VERB] COMMANDCALL: _C.SafeAPI.Execute(["v1.sketch.create",[{"planeId":10519,"name":"F690_makeBox_cad_primitives_py_8_profile","id":4}]])
[0m[0;32m[2026-09-16 13:49:26.115][VERB] RETURN: {"result":"$10525"}
[0m[0;32m[2026-09-16 13:49:26.115][VERB] COMMANDCALL: _C.SafeAPI.Execute(["v1.sketch.rectangle",[{"startPos":[55,21.9,0],"id":10525,"genFixation":0,"endPos":[85,24.9,0]}]])
[0m[0;32m[2026-09-16 13:49:26.122][VERB] RETURN: {"result":["$10531","$10535","$10541","$10547"]}
[0m[0;32m[2026-09-16 13:49:26.122][VERB] COMMANDCALL: _C.SafeAPI.Execute(["v1.sketch.getPoints",[{"id":10531}]])
[0m[0;32m[2026-09-16 13:49:26.122][VERB] RETURN: {"result":{"endId":"$10533","startId":"$10532"}}
[0m[0;32m[2026-09-16 13:49:26.122][VERB] COMMANDCALL: _C.SafeAPI.Execute(["v1.sketch.point",[{"pos":[-1000,-1000,0],"id":10525}]])
[0m[0;32m[2026-09-16 13:49:26.125][VERB] RETURN: {"result":"$10563"}
[0m[0;32m[2026-09-16 13:49:26.125][VERB] COMMANDCALL: _C.SafeAPI.Execute(["v1.sketch.constraint",[{"type":"FIXATION","id":10525,"geomIds":[10563]}]])
[0m[0;32m[2026-09-16 13:49:26.126][VERB] RETURN: {"result":"$10565"}
[0m[0;32m[2026-09-16 13:49:26.126][VERB] COMMANDCALL: _C.SafeAPI.Execute(["v1.sketch.dimension",[{"type":"HORIZONTAL_DISTANCE","value":"@expr.d692_position_x","name":"position_x","id":10525,"geomIds":[10563,10532]}]])
[0m[0;32m[2026-09-16 13:49:26.132][VERB] RETURN: {"result":"$10569"}
[0m[0;32m[2026-09-16 13:49:26.133][VERB] COMMANDCALL: _C.SafeAPI.Execute(["v1.sketch.dimension",[{"type":"VERTICAL_DISTANCE","value":"@expr.d693_position_y","name":"position_y","id":10525,"geomIds":[10563,10532]}]])
[0m[0;32m[2026-09-16 13:49:26.139][VERB] RETURN: {"result":"$10573"}
[0m[0;32m[2026-09-16 13:49:26.140][VERB] COMMANDCALL: _C.SafeAPI.Execute(["v1.sketch.dimension",[{"type":"OFFSET","value":"@expr.d694_width","name":"width","id":10525,"geomIds":[10531]}]])
[0m[0;32m[2026-09-16 13:49:26.147][VERB] RETURN: {"result":"$10577"}
[0m[0;32m[2026-09-16 13:49:26.147][VERB] COMMANDCALL: _C.SafeAPI.Execute(["v1.sketch.dimension",[{"type":"OFFSET","value":"@expr.d695_depth","name":"depth","id":10525,"geomIds":[10535]}]])
[0m[0;32m[2026-09-16 13:49:26.156][VERB] RETURN: {"result":"$10581"}
[0m[0;32m[2026-09-16 13:49:26.156][VERB] COMMANDCALL: _C.SafeAPI.Execute(["v1.part.extrusion",[{"references":[10531,10535,10541,10547],"name":"F690_makeBox_cad_primitives_py_8","taperAngle":0,"limit2":"@expr.d696_height","id":4}]])
[0m[0;32m[2026-09-16 13:49:26.163][VERB] RETURN: {"result":"$10585"}
[0m[0;32m[2026-09-16 13:49:26.163][VERB] COMMANDCALL: _C.SafeAPI.Execute(["v1.part.workPlane",[{"type":"PLANE","references":[38],"name":"F697_makeBox_cad_primitives_py_8_plane","offset":"@expr.d698_plane_offset","id":4}]])
[0m[0;32m[2026-09-16 13:49:26.168][VERB] RETURN: {"result":"$10628"}
[0m[0;32m[2026-09-16 13:49:26.169][VERB] COMMANDCALL: _C.SafeAPI.Execute(["v1.sketch.create",[{"planeId":10628,"name":"F697_makeBox_cad_primitives_py_8_profile","id":4}]])
[0m[0;32m[2026-09-16 13:49:26.171][VERB] RETURN: {"result":"$10634"}
[0m[0;32m[2026-09-16 13:49:26.171][VERB] COMMANDCALL: _C.SafeAPI.Execute(["v1.sketch.rectangle",[{"startPos":[54,0.65,0],"id":10634,"genFixation":0,"endPos":[87,2.25,0]}]])
[0m[0;32m[2026-09-16 13:49:26.178][VERB] RETURN: {"result":["$10640","$10644","$10650","$10656"]}
[0m[0;32m[2026-09-16 13:49:26.178][VERB] COMMANDCALL: _C.SafeAPI.Execute(["v1.sketch.getPoints",[{"id":10640}]])
[0m[0;32m[2026-09-16 13:49:26.178][VERB] RETURN: {"result":{"endId":"$10642","startId":"$10641"}}
[0m[0;32m[2026-09-16 13:49:26.178][VERB] COMMANDCALL: _C.SafeAPI.Execute(["v1.sketch.point",[{"pos":[-1000,-1000,0],"id":10634}]])
[0m[0;32m[2026-09-16 13:49:26.181][VERB] RETURN: {"result":"$10672"}
[0m[0;32m[2026-09-16 13:49:26.181][VERB] COMMANDCALL: _C.SafeAPI.Execute(["v1.sketch.constraint",[{"type":"FIXATION","id":10634,"geomIds":[10672]}]])
[0m[0;32m[2026-09-16 13:49:26.182][VERB] RETURN: {"result":"$10674"}
[0m[0;32m[2026-09-16 13:49:26.182][VERB] COMMANDCALL: _C.SafeAPI.Execute(["v1.sketch.dimension",[{"type":"HORIZONTAL_DISTANCE","value":"@expr.d699_position_x","name":"position_x","id":10634,"geomIds":[10672,10641]}]])
[0m[0;32m[2026-09-16 13:49:26.188][VERB] RETURN: {"result":"$10678"}
[0m[0;32m[2026-09-16 13:49:26.189][VERB] COMMANDCALL: _C.SafeAPI.Execute(["v1.sketch.dimension",[{"type":"VERTICAL_DISTANCE","value":"@expr.d700_position_y","name":"position_y","id":10634,"geomIds":[10672,10641]}]])
[0m[0;32m[2026-09-16 13:49:26.195][VERB] RETURN: {"result":"$10682"}
[0m[0;32m[2026-09-16 13:49:26.196][VERB] COMMANDCALL: _C.SafeAPI.Execute(["v1.sketch.dimension",[{"type":"OFFSET","value":"@expr.d701_width","name":"width","id":10634,"geomIds":[10640]}]])
[0m[0;32m[2026-09-16 13:49:26.203][VERB] RETURN: {"result":"$10686"}
[0m[0;32m[2026-09-16 13:49:26.204][VERB] COMMANDCALL: _C.SafeAPI.Execute(["v1.sketch.dimension",[{"type":"OFFSET","value":"@expr.d702_depth","name":"depth","id":10634,"geomIds":[10644]}]])
[0m[0;32m[2026-09-16 13:49:26.212][VERB] RETURN: {"result":"$10690"}
[0m[0;32m[2026-09-16 13:49:26.212][VERB] COMMANDCALL: _C.SafeAPI.Execute(["v1.part.extrusion",[{"references":[10640,10644,10650,10656],"name":"F697_makeBox_cad_primitives_py_8","taperAngle":0,"limit2":"@expr.d703_height","id":4}]])
[0m[0;32m[2026-09-16 13:49:26.219][VERB] RETURN: {"result":"$10694"}
[0m[0;32m[2026-09-16 13:49:26.219][VERB] COMMANDCALL: _C.SafeAPI.Execute(["v1.part.workPlane",[{"type":"PLANE","references":[38],"name":"F704_makeBox_cad_primitives_py_8_plane","offset":"@expr.d705_plane_offset","id":4}]])
[0m[0;32m[2026-09-16 13:49:26.224][VERB] RETURN: {"result":"$10737"}
[0m[0;32m[2026-09-16 13:49:26.225][VERB] COMMANDCALL: _C.SafeAPI.Execute(["v1.sketch.create",[{"planeId":10737,"name":"F704_makeBox_cad_primitives_py_8_profile","id":4}]])
[0m[0;32m[2026-09-16 13:49:26.227][VERB] RETURN: {"result":"$10743"}
[0m[0;32m[2026-09-16 13:49:26.227][VERB] COMMANDCALL: _C.SafeAPI.Execute(["v1.sketch.rectangle",[{"startPos":[54,36.2,0],"id":10743,"genFixation":0,"endPos":[87,37.8,0]}]])
[0m[0;32m[2026-09-16 13:49:26.234][VERB] RETURN: {"result":["$10749","$10753","$10759","$10765"]}
[0m[0;32m[2026-09-16 13:49:26.234][VERB] COMMANDCALL: _C.SafeAPI.Execute(["v1.sketch.getPoints",[{"id":10749}]])
[0m[0;32m[2026-09-16 13:49:26.235][VERB] RETURN: {"result":{"endId":"$10751","startId":"$10750"}}
[0m[0;32m[2026-09-16 13:49:26.235][VERB] COMMANDCALL: _C.SafeAPI.Execute(["v1.sketch.point",[{"pos":[-1000,-1000,0],"id":10743}]])
[0m[0;32m[2026-09-16 13:49:26.237][VERB] RETURN: {"result":"$10781"}
[0m[0;32m[2026-09-16 13:49:26.237][VERB] COMMANDCALL: _C.SafeAPI.Execute(["v1.sketch.constraint",[{"type":"FIXATION","id":10743,"geomIds":[10781]}]])
[0m[0;32m[2026-09-16 13:49:26.239][VERB] RETURN: {"result":"$10783"}
[0m[0;32m[2026-09-16 13:49:26.239][VERB] COMMANDCALL: _C.SafeAPI.Execute(["v1.sketch.dimension",[{"type":"HORIZONTAL_DISTANCE","value":"@expr.d706_position_x","name":"position_x","id":10743,"geomIds":[10781,10750]}]])
[0m[0;32m[2026-09-16 13:49:26.245][VERB] RETURN: {"result":"$10787"}
[0m[0;32m[2026-09-16 13:49:26.245][VERB] COMMANDCALL: _C.SafeAPI.Execute(["v1.sketch.dimension",[{"type":"VERTICAL_DISTANCE","value":"@expr.d707_position_y","name":"position_y","id":10743,"geomIds":[10781,10750]}]])
[0m[0;32m[2026-09-16 13:49:26.252][VERB] RETURN: {"result":"$10791"}
[0m[0;32m[2026-09-16 13:49:26.252][VERB] COMMANDCALL: _C.SafeAPI.Execute(["v1.sketch.dimension",[{"type":"OFFSET","value":"@expr.d708_width","name":"width","id":10743,"geomIds":[10749]}]])
[0m[0;32m[2026-09-16 13:49:26.259][VERB] RETURN: {"result":"$10795"}
[0m[0;32m[2026-09-16 13:49:26.259][VERB] COMMANDCALL: _C.SafeAPI.Execute(["v1.sketch.dimension",[{"type":"OFFSET","value":"@expr.d709_depth","name":"depth","id":10743,"geomIds":[10753]}]])
[0m[0;32m[2026-09-16 13:49:26.268][VERB] RETURN: {"result":"$10799"}
[0m[0;32m[2026-09-16 13:49:26.268][VERB] COMMANDCALL: _C.SafeAPI.Execute(["v1.part.extrusion",[{"references":[10749,10753,10759,10765],"name":"F704_makeBox_cad_primitives_py_8","taperAngle":0,"limit2":"@expr.d710_height","id":4}]])
[0m[0;32m[2026-09-16 13:49:26.275][VERB] RETURN: {"result":"$10803"}
[0m[0;32m[2026-09-16 13:49:26.275][VERB] COMMANDCALL: _C.SafeAPI.Execute(["v1.part.workPlane",[{"type":"PLANE","references":[38],"name":"F711_makeBox_cad_primitives_py_8_plane","offset":"@expr.d712_plane_offset","id":4}]])
[0m[0;32m[2026-09-16 13:49:26.281][VERB] RETURN: {"result":"$10846"}
[0m[0;32m[2026-09-16 13:49:26.281][VERB] COMMANDCALL: _C.SafeAPI.Execute(["v1.sketch.create",[{"planeId":10846,"name":"F711_makeBox_cad_primitives_py_8_profile","id":4}]])
[0m[0;32m[2026-09-16 13:49:26.283][VERB] RETURN: {"result":"$10852"}
[0m[0;32m[2026-09-16 13:49:26.283][VERB] COMMANDCALL: _C.SafeAPI.Execute(["v1.sketch.rectangle",[{"startPos":[52.4,2.3,0],"id":10852,"genFixation":0,"endPos":[53.8,5.1,0]}]])
[0m[0;32m[2026-09-16 13:49:26.290][VERB] RETURN: {"result":["$10858","$10862","$10868","$10874"]}
[0m[0;32m[2026-09-16 13:49:26.290][VERB] COMMANDCALL: _C.SafeAPI.Execute(["v1.sketch.getPoints",[{"id":10858}]])
[0m[0;32m[2026-09-16 13:49:26.291][VERB] RETURN: {"result":{"endId":"$10860","startId":"$10859"}}
[0m[0;32m[2026-09-16 13:49:26.291][VERB] COMMANDCALL: _C.SafeAPI.Execute(["v1.sketch.point",[{"pos":[-1000,-1000,0],"id":10852}]])
[0m[0;32m[2026-09-16 13:49:26.293][VERB] RETURN: {"result":"$10890"}
[0m[0;32m[2026-09-16 13:49:26.293][VERB] COMMANDCALL: _C.SafeAPI.Execute(["v1.sketch.constraint",[{"type":"FIXATION","id":10852,"geomIds":[10890]}]])
[0m[0;32m[2026-09-16 13:49:26.295][VERB] RETURN: {"result":"$10892"}
[0m[0;32m[2026-09-16 13:49:26.295][VERB] COMMANDCALL: _C.SafeAPI.Execute(["v1.sketch.dimension",[{"type":"HORIZONTAL_DISTANCE","value":"@expr.d713_position_x","name":"position_x","id":10852,"geomIds":[10890,10859]}]])
[0m[0;32m[2026-09-16 13:49:26.301][VERB] RETURN: {"result":"$10896"}
[0m[0;32m[2026-09-16 13:49:26.301][VERB] COMMANDCALL: _C.SafeAPI.Execute(["v1.sketch.dimension",[{"type":"VERTICAL_DISTANCE","value":"@expr.d714_position_y","name":"position_y","id":10852,"geomIds":[10890,10859]}]])
[0m[0;32m[2026-09-16 13:49:26.307][VERB] RETURN: {"result":"$10900"}
[0m[0;32m[2026-09-16 13:49:26.307][VERB] COMMANDCALL: _C.SafeAPI.Execute(["v1.sketch.dimension",[{"type":"OFFSET","value":"@expr.d715_width","name":"width","id":10852,"geomIds":[10858]}]])
[0m[0;32m[2026-09-16 13:49:26.315][VERB] RETURN: {"result":"$10904"}
[0m[0;32m[2026-09-16 13:49:26.316][VERB] COMMANDCALL: _C.SafeAPI.Execute(["v1.sketch.dimension",[{"type":"OFFSET","value":"@expr.d716_depth","name":"depth","id":10852,"geomIds":[10862]}]])
[0m[0;32m[2026-09-16 13:49:26.324][VERB] RETURN: {"result":"$10908"}
[0m[0;32m[2026-09-16 13:49:26.324][VERB] COMMANDCALL: _C.SafeAPI.Execute(["v1.part.extrusion",[{"references":[10858,10862,10868,10874],"name":"F711_makeBox_cad_primitives_py_8","taperAngle":0,"limit2":"@expr.d717_height","id":4}]])
[0m[0;32m[2026-09-16 13:49:26.332][VERB] RETURN: {"result":"$10912"}
[0m[0;32m[2026-09-16 13:49:26.332][VERB] COMMANDCALL: _C.SafeAPI.Execute(["v1.part.workPlane",[{"type":"PLANE","references":[38],"name":"F718_makeBox_cad_primitives_py_8_plane","offset":"@expr.d719_plane_offset","id":4}]])
[0m[0;32m[2026-09-16 13:49:26.337][VERB] RETURN: {"result":"$10955"}
[0m[0;32m[2026-09-16 13:49:26.338][VERB] COMMANDCALL: _C.SafeAPI.Execute(["v1.sketch.create",[{"planeId":10955,"name":"F718_makeBox_cad_primitives_py_8_profile","id":4}]])
[0m[0;32m[2026-09-16 13:49:26.340][VERB] RETURN: {"result":"$10961"}
[0m[0;32m[2026-09-16 13:49:26.340][VERB] COMMANDCALL: _C.SafeAPI.Execute(["v1.sketch.rectangle",[{"startPos":[52.7,33.2,0],"id":10961,"genFixation":0,"endPos":[53.9,35.8,0]}]])
[0m[0;32m[2026-09-16 13:49:26.347][VERB] RETURN: {"result":["$10967","$10971","$10977","$10983"]}
[0m[0;32m[2026-09-16 13:49:26.347][VERB] COMMANDCALL: _C.SafeAPI.Execute(["v1.sketch.getPoints",[{"id":10967}]])
[0m[0;32m[2026-09-16 13:49:26.347][VERB] RETURN: {"result":{"endId":"$10969","startId":"$10968"}}
[0m[0;32m[2026-09-16 13:49:26.347][VERB] COMMANDCALL: _C.SafeAPI.Execute(["v1.sketch.point",[{"pos":[-1000,-1000,0],"id":10961}]])
[0m[0;32m[2026-09-16 13:49:26.349][VERB] RETURN: {"result":"$10999"}
[0m[0;32m[2026-09-16 13:49:26.350][VERB] COMMANDCALL: _C.SafeAPI.Execute(["v1.sketch.constraint",[{"type":"FIXATION","id":10961,"geomIds":[10999]}]])
[0m[0;32m[2026-09-16 13:49:26.351][VERB] RETURN: {"result":"$11001"}
[0m[0;32m[2026-09-16 13:49:26.351][VERB] COMMANDCALL: _C.SafeAPI.Execute(["v1.sketch.dimension",[{"type":"HORIZONTAL_DISTANCE","value":"@expr.d720_position_x","name":"position_x","id":10961,"geomIds":[10999,10968]}]])
[0m[0;32m[2026-09-16 13:49:26.357][VERB] RETURN: {"result":"$11005"}
[0m[0;32m[2026-09-16 13:49:26.357][VERB] COMMANDCALL: _C.SafeAPI.Execute(["v1.sketch.dimension",[{"type":"VERTICAL_DISTANCE","value":"@expr.d721_position_y","name":"position_y","id":10961,"geomIds":[10999,10968]}]])
[0m[0;32m[2026-09-16 13:49:26.364][VERB] RETURN: {"result":"$11009"}
[0m[0;32m[2026-09-16 13:49:26.364][VERB] COMMANDCALL: _C.SafeAPI.Execute(["v1.sketch.dimension",[{"type":"OFFSET","value":"@expr.d722_width","name":"width","id":10961,"geomIds":[10967]}]])
[0m[0;32m[2026-09-16 13:49:26.372][VERB] RETURN: {"result":"$11013"}
[0m[0;32m[2026-09-16 13:49:26.372][VERB] COMMANDCALL: _C.SafeAPI.Execute(["v1.sketch.dimension",[{"type":"OFFSET","value":"@expr.d723_depth","name":"depth","id":10961,"geomIds":[10971]}]])
[0m[0;32m[2026-09-16 13:49:26.381][VERB] RETURN: {"result":"$11017"}
[0m[0;32m[2026-09-16 13:49:26.382][VERB] COMMANDCALL: _C.SafeAPI.Execute(["v1.part.extrusion",[{"references":[10967,10971,10977,10983],"name":"F718_makeBox_cad_primitives_py_8","taperAngle":0,"limit2":"@expr.d724_height","id":4}]])
[0m[0;32m[2026-09-16 13:49:26.388][VERB] RETURN: {"result":"$11021"}
[0m[0;32m[2026-09-16 13:49:26.389][VERB] COMMANDCALL: _C.SafeAPI.Execute(["v1.part.workPlane",[{"type":"PLANE","references":[38],"name":"F725_makeBox_cad_primitives_py_8_plane","offset":"@expr.d726_plane_offset","id":4}]])
[0m[0;32m[2026-09-16 13:49:26.393][VERB] RETURN: {"result":"$11064"}
[0m[0;32m[2026-09-16 13:49:26.393][VERB] COMMANDCALL: _C.SafeAPI.Execute(["v1.sketch.create",[{"planeId":11064,"name":"F725_makeBox_cad_primitives_py_8_profile","id":4}]])
[0m[0;32m[2026-09-16 13:49:26.396][VERB] RETURN: {"result":"$11070"}
[0m[0;32m[2026-09-16 13:49:26.396][VERB] COMMANDCALL: _C.SafeAPI.Execute(["v1.sketch.rectangle",[{"startPos":[87.3,3,0],"id":11070,"genFixation":0,"endPos":[88.9,6,0]}]])
[0m[0;32m[2026-09-16 13:49:26.402][VERB] RETURN: {"result":["$11076","$11080","$11086","$11092"]}
[0m[0;32m[2026-09-16 13:49:26.402][VERB] COMMANDCALL: _C.SafeAPI.Execute(["v1.sketch.getPoints",[{"id":11076}]])
[0m[0;32m[2026-09-16 13:49:26.403][VERB] RETURN: {"result":{"endId":"$11078","startId":"$11077"}}
[0m[0;32m[2026-09-16 13:49:26.403][VERB] COMMANDCALL: _C.SafeAPI.Execute(["v1.sketch.point",[{"pos":[-1000,-1000,0],"id":11070}]])
[0m[0;32m[2026-09-16 13:49:26.405][VERB] RETURN: {"result":"$11108"}
[0m[0;32m[2026-09-16 13:49:26.405][VERB] COMMANDCALL: _C.SafeAPI.Execute(["v1.sketch.constraint",[{"type":"FIXATION","id":11070,"geomIds":[11108]}]])
[0m[0;32m[2026-09-16 13:49:26.406][VERB] RETURN: {"result":"$11110"}
[0m[0;32m[2026-09-16 13:49:26.406][VERB] COMMANDCALL: _C.SafeAPI.Execute(["v1.sketch.dimension",[{"type":"HORIZONTAL_DISTANCE","value":"@expr.d727_position_x","name":"position_x","id":11070,"geomIds":[11108,11077]}]])
[0m[0;32m[2026-09-16 13:49:26.414][VERB] RETURN: {"result":"$11114"}
[0m[0;32m[2026-09-16 13:49:26.414][VERB] COMMANDCALL: _C.SafeAPI.Execute(["v1.sketch.dimension",[{"type":"VERTICAL_DISTANCE","value":"@expr.d728_position_y","name":"position_y","id":11070,"geomIds":[11108,11077]}]])
[0m[0;32m[2026-09-16 13:49:26.422][VERB] RETURN: {"result":"$11118"}
[0m[0;32m[2026-09-16 13:49:26.422][VERB] COMMANDCALL: _C.SafeAPI.Execute(["v1.sketch.dimension",[{"type":"OFFSET","value":"@expr.d729_width","name":"width","id":11070,"geomIds":[11076]}]])
[0m[0;32m[2026-09-16 13:49:26.430][VERB] RETURN: {"result":"$11122"}
[0m[0;32m[2026-09-16 13:49:26.430][VERB] COMMANDCALL: _C.SafeAPI.Execute(["v1.sketch.dimension",[{"type":"OFFSET","value":"@expr.d730_depth","name":"depth","id":11070,"geomIds":[11080]}]])
[0m[0;32m[2026-09-16 13:49:26.439][VERB] RETURN: {"result":"$11126"}
[0m[0;32m[2026-09-16 13:49:26.440][VERB] COMMANDCALL: _C.SafeAPI.Execute(["v1.part.extrusion",[{"references":[11076,11080,11086,11092],"name":"F725_makeBox_cad_primitives_py_8","taperAngle":0,"limit2":"@expr.d731_height","id":4}]])
[0m[0;32m[2026-09-16 13:49:26.447][VERB] RETURN: {"result":"$11130"}
[0m[0;32m[2026-09-16 13:49:26.447][VERB] COMMANDCALL: _C.SafeAPI.Execute(["v1.part.workPlane",[{"type":"PLANE","references":[38],"name":"F732_makeBox_cad_primitives_py_8_plane","offset":"@expr.d733_plane_offset","id":4}]])
[0m[0;32m[2026-09-16 13:49:26.452][VERB] RETURN: {"result":"$11173"}
[0m[0;32m[2026-09-16 13:49:26.452][VERB] COMMANDCALL: _C.SafeAPI.Execute(["v1.sketch.create",[{"planeId":11173,"name":"F732_makeBox_cad_primitives_py_8_profile","id":4}]])
[0m[0;32m[2026-09-16 13:49:26.455][VERB] RETURN: {"result":"$11179"}
[0m[0;32m[2026-09-16 13:49:26.455][VERB] COMMANDCALL: _C.SafeAPI.Execute(["v1.sketch.rectangle",[{"startPos":[87.3,21.5,0],"id":11179,"genFixation":0,"endPos":[88.9,24.5,0]}]])
[0m[0;32m[2026-09-16 13:49:26.462][VERB] RETURN: {"result":["$11185","$11189","$11195","$11201"]}
[0m[0;32m[2026-09-16 13:49:26.462][VERB] COMMANDCALL: _C.SafeAPI.Execute(["v1.sketch.getPoints",[{"id":11185}]])
[0m[0;32m[2026-09-16 13:49:26.462][VERB] RETURN: {"result":{"endId":"$11187","startId":"$11186"}}
[0m[0;32m[2026-09-16 13:49:26.462][VERB] COMMANDCALL: _C.SafeAPI.Execute(["v1.sketch.point",[{"pos":[-1000,-1000,0],"id":11179}]])
[0m[0;32m[2026-09-16 13:49:26.464][VERB] RETURN: {"result":"$11217"}
[0m[0;32m[2026-09-16 13:49:26.465][VERB] COMMANDCALL: _C.SafeAPI.Execute(["v1.sketch.constraint",[{"type":"FIXATION","id":11179,"geomIds":[11217]}]])
[0m[0;32m[2026-09-16 13:49:26.466][VERB] RETURN: {"result":"$11219"}
[0m[0;32m[2026-09-16 13:49:26.467][VERB] COMMANDCALL: _C.SafeAPI.Execute(["v1.sketch.dimension",[{"type":"HORIZONTAL_DISTANCE","value":"@expr.d734_position_x","name":"position_x","id":11179,"geomIds":[11217,11186]}]])
[0m[0;32m[2026-09-16 13:49:26.473][VERB] RETURN: {"result":"$11223"}
[0m[0;32m[2026-09-16 13:49:26.473][VERB] COMMANDCALL: _C.SafeAPI.Execute(["v1.sketch.dimension",[{"type":"VERTICAL_DISTANCE","value":"@expr.d735_position_y","name":"position_y","id":11179,"geomIds":[11217,11186]}]])
[0m[0;32m[2026-09-16 13:49:26.480][VERB] RETURN: {"result":"$11227"}
[0m[0;32m[2026-09-16 13:49:26.480][VERB] COMMANDCALL: _C.SafeAPI.Execute(["v1.sketch.dimension",[{"type":"OFFSET","value":"@expr.d736_width","name":"width","id":11179,"geomIds":[11185]}]])
[0m[0;32m[2026-09-16 13:49:26.488][VERB] RETURN: {"result":"$11231"}
[0m[0;32m[2026-09-16 13:49:26.488][VERB] COMMANDCALL: _C.SafeAPI.Execute(["v1.sketch.dimension",[{"type":"OFFSET","value":"@expr.d737_depth","name":"depth","id":11179,"geomIds":[11189]}]])
[0m[0;32m[2026-09-16 13:49:26.496][VERB] RETURN: {"result":"$11235"}
[0m[0;32m[2026-09-16 13:49:26.497][VERB] COMMANDCALL: _C.SafeAPI.Execute(["v1.part.extrusion",[{"references":[11185,11189,11195,11201],"name":"F732_makeBox_cad_primitives_py_8","taperAngle":0,"limit2":"@expr.d738_height","id":4}]])
[0m[0;32m[2026-09-16 13:49:26.504][VERB] RETURN: {"result":"$11239"}
[0m[0;32m[2026-09-16 13:49:26.504][VERB] COMMANDCALL: _C.SafeAPI.Execute(["v1.part.workPlane",[{"type":"PLANE","references":[38],"name":"F739_makeBox_cad_primitives_py_8_plane","offset":"@expr.d740_plane_offset","id":4}]])
[0m[0;32m[2026-09-16 13:49:26.508][VERB] RETURN: {"result":"$11282"}
[0m[0;32m[2026-09-16 13:49:26.509][VERB] COMMANDCALL: _C.SafeAPI.Execute(["v1.sketch.create",[{"planeId":11282,"name":"F739_makeBox_cad_primitives_py_8_profile","id":4}]])
[0m[0;32m[2026-09-16 13:49:26.511][VERB] RETURN: {"result":"$11288"}
[0m[0;32m[2026-09-16 13:49:26.511][VERB] COMMANDCALL: _C.SafeAPI.Execute(["v1.sketch.rectangle",[{"startPos":[2.5,24.1,0],"id":11288,"genFixation":0,"endPos":[52.5,25.5,0]}]])
[0m[0;32m[2026-09-16 13:49:26.517][VERB] RETURN: {"result":["$11294","$11298","$11304","$11310"]}
[0m[0;32m[2026-09-16 13:49:26.517][VERB] COMMANDCALL: _C.SafeAPI.Execute(["v1.sketch.getPoints",[{"id":11294}]])
[0m[0;32m[2026-09-16 13:49:26.518][VERB] RETURN: {"result":{"endId":"$11296","startId":"$11295"}}
[0m[0;32m[2026-09-16 13:49:26.518][VERB] COMMANDCALL: _C.SafeAPI.Execute(["v1.sketch.point",[{"pos":[-1000,-1000,0],"id":11288}]])
[0m[0;32m[2026-09-16 13:49:26.520][VERB] RETURN: {"result":"$11326"}
[0m[0;32m[2026-09-16 13:49:26.520][VERB] COMMANDCALL: _C.SafeAPI.Execute(["v1.sketch.constraint",[{"type":"FIXATION","id":11288,"geomIds":[11326]}]])
[0m[0;32m[2026-09-16 13:49:26.522][VERB] RETURN: {"result":"$11328"}
[0m[0;32m[2026-09-16 13:49:26.522][VERB] COMMANDCALL: _C.SafeAPI.Execute(["v1.sketch.dimension",[{"type":"HORIZONTAL_DISTANCE","value":"@expr.d741_position_x","name":"position_x","id":11288,"geomIds":[11326,11295]}]])
[0m[0;32m[2026-09-16 13:49:26.528][VERB] RETURN: {"result":"$11332"}
[0m[0;32m[2026-09-16 13:49:26.528][VERB] COMMANDCALL: _C.SafeAPI.Execute(["v1.sketch.dimension",[{"type":"VERTICAL_DISTANCE","value":"@expr.d742_position_y","name":"position_y","id":11288,"geomIds":[11326,11295]}]])
[0m[0;32m[2026-09-16 13:49:26.535][VERB] RETURN: {"result":"$11336"}
[0m[0;32m[2026-09-16 13:49:26.535][VERB] COMMANDCALL: _C.SafeAPI.Execute(["v1.sketch.dimension",[{"type":"OFFSET","value":"@expr.d743_width","name":"width","id":11288,"geomIds":[11294]}]])
[0m[0;32m[2026-09-16 13:49:26.543][VERB] RETURN: {"result":"$11340"}
[0m[0;32m[2026-09-16 13:49:26.543][VERB] COMMANDCALL: _C.SafeAPI.Execute(["v1.sketch.dimension",[{"type":"OFFSET","value":"@expr.d744_depth","name":"depth","id":11288,"geomIds":[11298]}]])
[0m[0;32m[2026-09-16 13:49:26.551][VERB] RETURN: {"result":"$11344"}
[0m[0;32m[2026-09-16 13:49:26.551][VERB] COMMANDCALL: _C.SafeAPI.Execute(["v1.part.extrusion",[{"references":[11294,11298,11304,11310],"name":"F739_makeBox_cad_primitives_py_8","taperAngle":0,"limit2":"@expr.d745_height","id":4}]])
[0m[0;32m[2026-09-16 13:49:26.558][VERB] RETURN: {"result":"$11348"}
[0m[0;32m[2026-09-16 13:49:26.559][VERB] COMMANDCALL: _C.SafeAPI.Execute(["v1.part.workPlane",[{"type":"PLANE","references":[38],"name":"F746_makeBox_cad_primitives_py_8_plane","offset":"@expr.d747_plane_offset","id":4}]])
[0m[0;32m[2026-09-16 13:49:26.564][VERB] RETURN: {"result":"$11391"}
[0m[0;32m[2026-09-16 13:49:26.564][VERB] COMMANDCALL: _C.SafeAPI.Execute(["v1.sketch.create",[{"planeId":11391,"name":"F746_makeBox_cad_primitives_py_8_profile","id":4}]])
[0m[0;32m[2026-09-16 13:49:26.567][VERB] RETURN: {"result":"$11397"}
[0m[0;32m[2026-09-16 13:49:26.567][VERB] COMMANDCALL: _C.SafeAPI.Execute(["v1.sketch.rectangle",[{"startPos":[2.5,60.5,0],"id":11397,"genFixation":0,"endPos":[51.5,62.1,0]}]])
[0m[0;32m[2026-09-16 13:49:26.573][VERB] RETURN: {"result":["$11403","$11407","$11413","$11419"]}
[0m[0;32m[2026-09-16 13:49:26.574][VERB] COMMANDCALL: _C.SafeAPI.Execute(["v1.sketch.getPoints",[{"id":11403}]])
[0m[0;32m[2026-09-16 13:49:26.574][VERB] RETURN: {"result":{"endId":"$11405","startId":"$11404"}}
[0m[0;32m[2026-09-16 13:49:26.574][VERB] COMMANDCALL: _C.SafeAPI.Execute(["v1.sketch.point",[{"pos":[-1000,-1000,0],"id":11397}]])
[0m[0;32m[2026-09-16 13:49:26.576][VERB] RETURN: {"result":"$11435"}
[0m[0;32m[2026-09-16 13:49:26.576][VERB] COMMANDCALL: _C.SafeAPI.Execute(["v1.sketch.constraint",[{"type":"FIXATION","id":11397,"geomIds":[11435]}]])
[0m[0;32m[2026-09-16 13:49:26.578][VERB] RETURN: {"result":"$11437"}
[0m[0;32m[2026-09-16 13:49:26.578][VERB] COMMANDCALL: _C.SafeAPI.Execute(["v1.sketch.dimension",[{"type":"HORIZONTAL_DISTANCE","value":"@expr.d748_position_x","name":"position_x","id":11397,"geomIds":[11435,11404]}]])
[0m[0;32m[2026-09-16 13:49:26.584][VERB] RETURN: {"result":"$11441"}
[0m[0;32m[2026-09-16 13:49:26.584][VERB] COMMANDCALL: _C.SafeAPI.Execute(["v1.sketch.dimension",[{"type":"VERTICAL_DISTANCE","value":"@expr.d749_position_y","name":"position_y","id":11397,"geomIds":[11435,11404]}]])
[0m[0;32m[2026-09-16 13:49:26.591][VERB] RETURN: {"result":"$11445"}
[0m[0;32m[2026-09-16 13:49:26.592][VERB] COMMANDCALL: _C.SafeAPI.Execute(["v1.sketch.dimension",[{"type":"OFFSET","value":"@expr.d750_width","name":"width","id":11397,"geomIds":[11403]}]])
[0m[0;32m[2026-09-16 13:49:26.599][VERB] RETURN: {"result":"$11449"}
[0m[0;32m[2026-09-16 13:49:26.599][VERB] COMMANDCALL: _C.SafeAPI.Execute(["v1.sketch.dimension",[{"type":"OFFSET","value":"@expr.d751_depth","name":"depth","id":11397,"geomIds":[11407]}]])
[0m[0;32m[2026-09-16 13:49:26.608][VERB] RETURN: {"result":"$11453"}
[0m[0;32m[2026-09-16 13:49:26.608][VERB] COMMANDCALL: _C.SafeAPI.Execute(["v1.part.extrusion",[{"references":[11403,11407,11413,11419],"name":"F746_makeBox_cad_primitives_py_8","taperAngle":0,"limit2":"@expr.d752_height","id":4}]])
[0m[0;32m[2026-09-16 13:49:26.615][VERB] RETURN: {"result":"$11457"}
[0m[0;32m[2026-09-16 13:49:26.615][VERB] COMMANDCALL: _C.SafeAPI.Execute(["v1.part.workPlane",[{"type":"PLANE","references":[38],"name":"F753_makeBox_cad_primitives_py_8_plane","offset":"@expr.d754_plane_offset","id":4}]])
[0m[0;32m[2026-09-16 13:49:26.620][VERB] RETURN: {"result":"$11500"}
[0m[0;32m[2026-09-16 13:49:26.621][VERB] COMMANDCALL: _C.SafeAPI.Execute(["v1.sketch.create",[{"planeId":11500,"name":"F753_makeBox_cad_primitives_py_8_profile","id":4}]])
[0m[0;32m[2026-09-16 13:49:26.623][VERB] RETURN: {"result":"$11506"}
[0m[0;32m[2026-09-16 13:49:26.623][VERB] COMMANDCALL: _C.SafeAPI.Execute(["v1.sketch.rectangle",[{"startPos":[1.55,27,0],"id":11506,"genFixation":0,"endPos":[2,59,0]}]])
[0m[0;32m[2026-09-16 13:49:26.630][VERB] RETURN: {"result":["$11512","$11516","$11522","$11528"]}
[0m[0;32m[2026-09-16 13:49:26.630][VERB] COMMANDCALL: _C.SafeAPI.Execute(["v1.sketch.getPoints",[{"id":11512}]])
[0m[0;32m[2026-09-16 13:49:26.630][VERB] RETURN: {"result":{"endId":"$11514","startId":"$11513"}}
[0m[0;32m[2026-09-16 13:49:26.630][VERB] COMMANDCALL: _C.SafeAPI.Execute(["v1.sketch.point",[{"pos":[-1000,-1000,0],"id":11506}]])
[0m[0;32m[2026-09-16 13:49:26.633][VERB] RETURN: {"result":"$11544"}
[0m[0;32m[2026-09-16 13:49:26.633][VERB] COMMANDCALL: _C.SafeAPI.Execute(["v1.sketch.constraint",[{"type":"FIXATION","id":11506,"geomIds":[11544]}]])
[0m[0;32m[2026-09-16 13:49:26.635][VERB] RETURN: {"result":"$11546"}
[0m[0;32m[2026-09-16 13:49:26.635][VERB] COMMANDCALL: _C.SafeAPI.Execute(["v1.sketch.dimension",[{"type":"HORIZONTAL_DISTANCE","value":"@expr.d755_position_x","name":"position_x","id":11506,"geomIds":[11544,11513]}]])
[0m[0;32m[2026-09-16 13:49:26.641][VERB] RETURN: {"result":"$11550"}
[0m[0;32m[2026-09-16 13:49:26.641][VERB] COMMANDCALL: _C.SafeAPI.Execute(["v1.sketch.dimension",[{"type":"VERTICAL_DISTANCE","value":"@expr.d756_position_y","name":"position_y","id":11506,"geomIds":[11544,11513]}]])
[0m[0;32m[2026-09-16 13:49:26.648][VERB] RETURN: {"result":"$11554"}
[0m[0;32m[2026-09-16 13:49:26.648][VERB] COMMANDCALL: _C.SafeAPI.Execute(["v1.sketch.dimension",[{"type":"OFFSET","value":"@expr.d757_width","name":"width","id":11506,"geomIds":[11512]}]])
[0m[0;32m[2026-09-16 13:49:26.655][VERB] RETURN: {"result":"$11558"}
[0m[0;32m[2026-09-16 13:49:26.656][VERB] COMMANDCALL: _C.SafeAPI.Execute(["v1.sketch.dimension",[{"type":"OFFSET","value":"@expr.d758_depth","name":"depth","id":11506,"geomIds":[11516]}]])
[0m[0;32m[2026-09-16 13:49:26.664][VERB] RETURN: {"result":"$11562"}
[0m[0;32m[2026-09-16 13:49:26.664][VERB] COMMANDCALL: _C.SafeAPI.Execute(["v1.part.extrusion",[{"references":[11512,11516,11522,11528],"name":"F753_makeBox_cad_primitives_py_8","taperAngle":0,"limit2":"@expr.d759_height","id":4}]])
[0m[0;32m[2026-09-16 13:49:26.671][VERB] RETURN: {"result":"$11566"}
[0m[0;32m[2026-09-16 13:49:26.672][VERB] COMMANDCALL: _C.SafeAPI.Execute(["v1.part.workPlane",[{"type":"PLANE","references":[38],"name":"F760_makeBox_cad_primitives_py_8_plane","offset":"@expr.d761_plane_offset","id":4}]])
[0m[0;32m[2026-09-16 13:49:26.676][VERB] RETURN: {"result":"$11609"}
[0m[0;32m[2026-09-16 13:49:26.677][VERB] COMMANDCALL: _C.SafeAPI.Execute(["v1.sketch.create",[{"planeId":11609,"name":"F760_makeBox_cad_primitives_py_8_profile","id":4}]])
[0m[0;32m[2026-09-16 13:49:26.679][VERB] RETURN: {"result":"$11615"}
[0m[0;32m[2026-09-16 13:49:26.679][VERB] COMMANDCALL: _C.SafeAPI.Execute(["v1.sketch.rectangle",[{"startPos":[52.7,27,0],"id":11615,"genFixation":0,"endPos":[54.3,38,0]}]])
[0m[0;32m[2026-09-16 13:49:26.686][VERB] RETURN: {"result":["$11621","$11625","$11631","$11637"]}
[0m[0;32m[2026-09-16 13:49:26.686][VERB] COMMANDCALL: _C.SafeAPI.Execute(["v1.sketch.getPoints",[{"id":11621}]])
[0m[0;32m[2026-09-16 13:49:26.686][VERB] RETURN: {"result":{"endId":"$11623","startId":"$11622"}}
[0m[0;32m[2026-09-16 13:49:26.686][VERB] COMMANDCALL: _C.SafeAPI.Execute(["v1.sketch.point",[{"pos":[-1000,-1000,0],"id":11615}]])
[0m[0;32m[2026-09-16 13:49:26.688][VERB] RETURN: {"result":"$11653"}
[0m[0;32m[2026-09-16 13:49:26.689][VERB] COMMANDCALL: _C.SafeAPI.Execute(["v1.sketch.constraint",[{"type":"FIXATION","id":11615,"geomIds":[11653]}]])
[0m[0;32m[2026-09-16 13:49:26.690][VERB] RETURN: {"result":"$11655"}
[0m[0;32m[2026-09-16 13:49:26.690][VERB] COMMANDCALL: _C.SafeAPI.Execute(["v1.sketch.dimension",[{"type":"HORIZONTAL_DISTANCE","value":"@expr.d762_position_x","name":"position_x","id":11615,"geomIds":[11653,11622]}]])
[0m[0;32m[2026-09-16 13:49:26.697][VERB] RETURN: {"result":"$11659"}
[0m[0;32m[2026-09-16 13:49:26.697][VERB] COMMANDCALL: _C.SafeAPI.Execute(["v1.sketch.dimension",[{"type":"VERTICAL_DISTANCE","value":"@expr.d763_position_y","name":"position_y","id":11615,"geomIds":[11653,11622]}]])
[0m[0;32m[2026-09-16 13:49:26.704][VERB] RETURN: {"result":"$11663"}
[0m[0;32m[2026-09-16 13:49:26.704][VERB] COMMANDCALL: _C.SafeAPI.Execute(["v1.sketch.dimension",[{"type":"OFFSET","value":"@expr.d764_width","name":"width","id":11615,"geomIds":[11621]}]])
[0m[0;32m[2026-09-16 13:49:26.712][VERB] RETURN: {"result":"$11667"}
[0m[0;32m[2026-09-16 13:49:26.712][VERB] COMMANDCALL: _C.SafeAPI.Execute(["v1.sketch.dimension",[{"type":"OFFSET","value":"@expr.d765_depth","name":"depth","id":11615,"geomIds":[11625]}]])
[0m[0;32m[2026-09-16 13:49:26.721][VERB] RETURN: {"result":"$11671"}
[0m[0;32m[2026-09-16 13:49:26.721][VERB] COMMANDCALL: _C.SafeAPI.Execute(["v1.part.extrusion",[{"references":[11621,11625,11631,11637],"name":"F760_makeBox_cad_primitives_py_8","taperAngle":0,"limit2":"@expr.d766_height","id":4}]])
[0m[0;32m[2026-09-16 13:49:26.728][VERB] RETURN: {"result":"$11675"}
[0m[0;32m[2026-09-16 13:49:26.729][VERB] COMMANDCALL: _C.SafeAPI.Execute(["v1.part.workPlane",[{"type":"PLANE","references":[38],"name":"F767_makeBox_cad_primitives_py_8_plane","offset":"@expr.d768_plane_offset","id":4}]])
[0m[0;32m[2026-09-16 13:49:26.734][VERB] RETURN: {"result":"$11718"}
[0m[0;32m[2026-09-16 13:49:26.734][VERB] COMMANDCALL: _C.SafeAPI.Execute(["v1.sketch.create",[{"planeId":11718,"name":"F767_makeBox_cad_primitives_py_8_profile","id":4}]])
[0m[0;32m[2026-09-16 13:49:26.736][VERB] RETURN: {"result":"$11724"}
[0m[0;32m[2026-09-16 13:49:26.736][VERB] COMMANDCALL: _C.SafeAPI.Execute(["v1.sketch.rectangle",[{"startPos":[3,22.7,0],"id":11724,"genFixation":0,"endPos":[26,24.3,0]}]])
[0m[0;32m[2026-09-16 13:49:26.743][VERB] RETURN: {"result":["$11730","$11734","$11740","$11746"]}
[0m[0;32m[2026-09-16 13:49:26.743][VERB] COMMANDCALL: _C.SafeAPI.Execute(["v1.sketch.getPoints",[{"id":11730}]])
[0m[0;32m[2026-09-16 13:49:26.743][VERB] RETURN: {"result":{"endId":"$11732","startId":"$11731"}}
[0m[0;32m[2026-09-16 13:49:26.744][VERB] COMMANDCALL: _C.SafeAPI.Execute(["v1.sketch.point",[{"pos":[-1000,-1000,0],"id":11724}]])
[0m[0;32m[2026-09-16 13:49:26.746][VERB] RETURN: {"result":"$11762"}
[0m[0;32m[2026-09-16 13:49:26.746][VERB] COMMANDCALL: _C.SafeAPI.Execute(["v1.sketch.constraint",[{"type":"FIXATION","id":11724,"geomIds":[11762]}]])
[0m[0;32m[2026-09-16 13:49:26.748][VERB] RETURN: {"result":"$11764"}
[0m[0;32m[2026-09-16 13:49:26.748][VERB] COMMANDCALL: _C.SafeAPI.Execute(["v1.sketch.dimension",[{"type":"HORIZONTAL_DISTANCE","value":"@expr.d769_position_x","name":"position_x","id":11724,"geomIds":[11762,11731]}]])
[0m[0;32m[2026-09-16 13:49:26.755][VERB] RETURN: {"result":"$11768"}
[0m[0;32m[2026-09-16 13:49:26.755][VERB] COMMANDCALL: _C.SafeAPI.Execute(["v1.sketch.dimension",[{"type":"VERTICAL_DISTANCE","value":"@expr.d770_position_y","name":"position_y","id":11724,"geomIds":[11762,11731]}]])
[0m[0;32m[2026-09-16 13:49:26.762][VERB] RETURN: {"result":"$11772"}
[0m[0;32m[2026-09-16 13:49:26.762][VERB] COMMANDCALL: _C.SafeAPI.Execute(["v1.sketch.dimension",[{"type":"OFFSET","value":"@expr.d771_width","name":"width","id":11724,"geomIds":[11730]}]])
[0m[0;32m[2026-09-16 13:49:26.770][VERB] RETURN: {"result":"$11776"}
[0m[0;32m[2026-09-16 13:49:26.770][VERB] COMMANDCALL: _C.SafeAPI.Execute(["v1.sketch.dimension",[{"type":"OFFSET","value":"@expr.d772_depth","name":"depth","id":11724,"geomIds":[11734]}]])
[0m[0;32m[2026-09-16 13:49:26.778][VERB] RETURN: {"result":"$11780"}
[0m[0;32m[2026-09-16 13:49:26.778][VERB] COMMANDCALL: _C.SafeAPI.Execute(["v1.part.extrusion",[{"references":[11730,11734,11740,11746],"name":"F767_makeBox_cad_primitives_py_8","taperAngle":0,"limit2":"@expr.d773_height","id":4}]])
[0m[0;32m[2026-09-16 13:49:26.785][VERB] RETURN: {"result":"$11784"}
[0m[0;32m[2026-09-16 13:49:26.785][VERB] COMMANDCALL: _C.SafeAPI.Execute(["v1.part.workPlane",[{"type":"PLANE","references":[38],"name":"F774_makeBox_cad_primitives_py_8_plane","offset":"@expr.d775_plane_offset","id":4}]])
[0m[0;32m[2026-09-16 13:49:26.790][VERB] RETURN: {"result":"$11827"}
[0m[0;32m[2026-09-16 13:49:26.790][VERB] COMMANDCALL: _C.SafeAPI.Execute(["v1.sketch.create",[{"planeId":11827,"name":"F774_makeBox_cad_primitives_py_8_profile","id":4}]])
[0m[0;32m[2026-09-16 13:49:26.792][VERB] RETURN: {"result":"$11833"}
[0m[0;32m[2026-09-16 13:49:26.792][VERB] COMMANDCALL: _C.SafeAPI.Execute(["v1.sketch.rectangle",[{"startPos":[3,23.7,0],"id":11833,"genFixation":0,"endPos":[26,24.4,0]}]])
[0m[0;32m[2026-09-16 13:49:26.799][VERB] RETURN: {"result":["$11839","$11843","$11849","$11855"]}
[0m[0;32m[2026-09-16 13:49:26.800][VERB] COMMANDCALL: _C.SafeAPI.Execute(["v1.sketch.getPoints",[{"id":11839}]])
[0m[0;32m[2026-09-16 13:49:26.800][VERB] RETURN: {"result":{"endId":"$11841","startId":"$11840"}}
[0m[0;32m[2026-09-16 13:49:26.800][VERB] COMMANDCALL: _C.SafeAPI.Execute(["v1.sketch.point",[{"pos":[-1000,-1000,0],"id":11833}]])
[0m[0;32m[2026-09-16 13:49:26.802][VERB] RETURN: {"result":"$11871"}
[0m[0;32m[2026-09-16 13:49:26.802][VERB] COMMANDCALL: _C.SafeAPI.Execute(["v1.sketch.constraint",[{"type":"FIXATION","id":11833,"geomIds":[11871]}]])
[0m[0;32m[2026-09-16 13:49:26.804][VERB] RETURN: {"result":"$11873"}
[0m[0;32m[2026-09-16 13:49:26.804][VERB] COMMANDCALL: _C.SafeAPI.Execute(["v1.sketch.dimension",[{"type":"HORIZONTAL_DISTANCE","value":"@expr.d776_position_x","name":"position_x","id":11833,"geomIds":[11871,11840]}]])
[0m[0;32m[2026-09-16 13:49:26.810][VERB] RETURN: {"result":"$11877"}
[0m[0;32m[2026-09-16 13:49:26.811][VERB] COMMANDCALL: _C.SafeAPI.Execute(["v1.sketch.dimension",[{"type":"VERTICAL_DISTANCE","value":"@expr.d777_position_y","name":"position_y","id":11833,"geomIds":[11871,11840]}]])
[0m[0;32m[2026-09-16 13:49:26.817][VERB] RETURN: {"result":"$11881"}
[0m[0;32m[2026-09-16 13:49:26.817][VERB] COMMANDCALL: _C.SafeAPI.Execute(["v1.sketch.dimension",[{"type":"OFFSET","value":"@expr.d778_width","name":"width","id":11833,"geomIds":[11839]}]])
[0m[0;32m[2026-09-16 13:49:26.825][VERB] RETURN: {"result":"$11885"}
[0m[0;32m[2026-09-16 13:49:26.825][VERB] COMMANDCALL: _C.SafeAPI.Execute(["v1.sketch.dimension",[{"type":"OFFSET","value":"@expr.d779_depth","name":"depth","id":11833,"geomIds":[11843]}]])
[0m[0;32m[2026-09-16 13:49:26.833][VERB] RETURN: {"result":"$11889"}
[0m[0;32m[2026-09-16 13:49:26.834][VERB] COMMANDCALL: _C.SafeAPI.Execute(["v1.part.extrusion",[{"references":[11839,11843,11849,11855],"name":"F774_makeBox_cad_primitives_py_8","taperAngle":0,"limit2":"@expr.d780_height","id":4}]])
[0m[0;32m[2026-09-16 13:49:26.841][VERB] RETURN: {"result":"$11893"}
[0m[0;32m[2026-09-16 13:49:26.841][VERB] COMMANDCALL: _C.SafeAPI.Execute(["v1.part.workPlane",[{"type":"PLANE","references":[38],"name":"F781_makeBox_cad_primitives_py_8_plane","offset":"@expr.d782_plane_offset","id":4}]])
[0m[0;32m[2026-09-16 13:49:26.846][VERB] RETURN: {"result":"$11936"}
[0m[0;32m[2026-09-16 13:49:26.846][VERB] COMMANDCALL: _C.SafeAPI.Execute(["v1.sketch.create",[{"planeId":11936,"name":"F781_makeBox_cad_primitives_py_8_profile","id":4}]])
[0m[0;32m[2026-09-16 13:49:26.848][VERB] RETURN: {"result":"$11942"}
[0m[0;32m[2026-09-16 13:49:26.849][VERB] COMMANDCALL: _C.SafeAPI.Execute(["v1.sketch.rectangle",[{"startPos":[34,22.7,0],"id":11942,"genFixation":0,"endPos":[48.5,24.3,0]}]])
[0m[0;32m[2026-09-16 13:49:26.855][VERB] RETURN: {"result":["$11948","$11952","$11958","$11964"]}
[0m[0;32m[2026-09-16 13:49:26.856][VERB] COMMANDCALL: _C.SafeAPI.Execute(["v1.sketch.getPoints",[{"id":11948}]])
[0m[0;32m[2026-09-16 13:49:26.856][VERB] RETURN: {"result":{"endId":"$11950","startId":"$11949"}}
[0m[0;32m[2026-09-16 13:49:26.856][VERB] COMMANDCALL: _C.SafeAPI.Execute(["v1.sketch.point",[{"pos":[-1000,-1000,0],"id":11942}]])
[0m[0;32m[2026-09-16 13:49:26.858][VERB] RETURN: {"result":"$11980"}
[0m[0;32m[2026-09-16 13:49:26.858][VERB] COMMANDCALL: _C.SafeAPI.Execute(["v1.sketch.constraint",[{"type":"FIXATION","id":11942,"geomIds":[11980]}]])
[0m[0;32m[2026-09-16 13:49:26.860][VERB] RETURN: {"result":"$11982"}
[0m[0;32m[2026-09-16 13:49:26.860][VERB] COMMANDCALL: _C.SafeAPI.Execute(["v1.sketch.dimension",[{"type":"HORIZONTAL_DISTANCE","value":"@expr.d783_position_x","name":"position_x","id":11942,"geomIds":[11980,11949]}]])
[0m[0;32m[2026-09-16 13:49:26.866][VERB] RETURN: {"result":"$11986"}
[0m[0;32m[2026-09-16 13:49:26.866][VERB] COMMANDCALL: _C.SafeAPI.Execute(["v1.sketch.dimension",[{"type":"VERTICAL_DISTANCE","value":"@expr.d784_position_y","name":"position_y","id":11942,"geomIds":[11980,11949]}]])
[0m[0;32m[2026-09-16 13:49:26.873][VERB] RETURN: {"result":"$11990"}
[0m[0;32m[2026-09-16 13:49:26.873][VERB] COMMANDCALL: _C.SafeAPI.Execute(["v1.sketch.dimension",[{"type":"OFFSET","value":"@expr.d785_width","name":"width","id":11942,"geomIds":[11948]}]])
[0m[0;32m[2026-09-16 13:49:26.881][VERB] RETURN: {"result":"$11994"}
[0m[0;32m[2026-09-16 13:49:26.881][VERB] COMMANDCALL: _C.SafeAPI.Execute(["v1.sketch.dimension",[{"type":"OFFSET","value":"@expr.d786_depth","name":"depth","id":11942,"geomIds":[11952]}]])
[0m[0;32m[2026-09-16 13:49:26.889][VERB] RETURN: {"result":"$11998"}
[0m[0;32m[2026-09-16 13:49:26.890][VERB] COMMANDCALL: _C.SafeAPI.Execute(["v1.part.extrusion",[{"references":[11948,11952,11958,11964],"name":"F781_makeBox_cad_primitives_py_8","taperAngle":0,"limit2":"@expr.d787_height","id":4}]])
[0m[0;32m[2026-09-16 13:49:26.897][VERB] RETURN: {"result":"$12002"}
[0m[0;32m[2026-09-16 13:49:26.897][VERB] COMMANDCALL: _C.SafeAPI.Execute(["v1.part.workPlane",[{"type":"PLANE","references":[38],"name":"F788_makeBox_cad_primitives_py_8_plane","offset":"@expr.d789_plane_offset","id":4}]])
[0m[0;32m[2026-09-16 13:49:26.902][VERB] RETURN: {"result":"$12045"}
[0m[0;32m[2026-09-16 13:49:26.902][VERB] COMMANDCALL: _C.SafeAPI.Execute(["v1.sketch.create",[{"planeId":12045,"name":"F788_makeBox_cad_primitives_py_8_profile","id":4}]])
[0m[0;32m[2026-09-16 13:49:26.904][VERB] RETURN: {"result":"$12051"}
[0m[0;32m[2026-09-16 13:49:26.904][VERB] COMMANDCALL: _C.SafeAPI.Execute(["v1.sketch.rectangle",[{"startPos":[34,23.7,0],"id":12051,"genFixation":0,"endPos":[48.5,24.4,0]}]])
[0m[0;32m[2026-09-16 13:49:26.911][VERB] RETURN: {"result":["$12057","$12061","$12067","$12073"]}
[0m[0;32m[2026-09-16 13:49:26.912][VERB] COMMANDCALL: _C.SafeAPI.Execute(["v1.sketch.getPoints",[{"id":12057}]])
[0m[0;32m[2026-09-16 13:49:26.912][VERB] RETURN: {"result":{"endId":"$12059","startId":"$12058"}}
[0m[0;32m[2026-09-16 13:49:26.912][VERB] COMMANDCALL: _C.SafeAPI.Execute(["v1.sketch.point",[{"pos":[-1000,-1000,0],"id":12051}]])
[0m[0;32m[2026-09-16 13:49:26.914][VERB] RETURN: {"result":"$12089"}
[0m[0;32m[2026-09-16 13:49:26.914][VERB] COMMANDCALL: _C.SafeAPI.Execute(["v1.sketch.constraint",[{"type":"FIXATION","id":12051,"geomIds":[12089]}]])
[0m[0;32m[2026-09-16 13:49:26.916][VERB] RETURN: {"result":"$12091"}
[0m[0;32m[2026-09-16 13:49:26.916][VERB] COMMANDCALL: _C.SafeAPI.Execute(["v1.sketch.dimension",[{"type":"HORIZONTAL_DISTANCE","value":"@expr.d790_position_x","name":"position_x","id":12051,"geomIds":[12089,12058]}]])
[0m[0;32m[2026-09-16 13:49:26.922][VERB] RETURN: {"result":"$12095"}
[0m[0;32m[2026-09-16 13:49:26.922][VERB] COMMANDCALL: _C.SafeAPI.Execute(["v1.sketch.dimension",[{"type":"VERTICAL_DISTANCE","value":"@expr.d791_position_y","name":"position_y","id":12051,"geomIds":[12089,12058]}]])
[0m[0;32m[2026-09-16 13:49:26.929][VERB] RETURN: {"result":"$12099"}
[0m[0;32m[2026-09-16 13:49:26.929][VERB] COMMANDCALL: _C.SafeAPI.Execute(["v1.sketch.dimension",[{"type":"OFFSET","value":"@expr.d792_width","name":"width","id":12051,"geomIds":[12057]}]])
[0m[0;32m[2026-09-16 13:49:26.937][VERB] RETURN: {"result":"$12103"}
[0m[0;32m[2026-09-16 13:49:26.937][VERB] COMMANDCALL: _C.SafeAPI.Execute(["v1.sketch.dimension",[{"type":"OFFSET","value":"@expr.d793_depth","name":"depth","id":12051,"geomIds":[12061]}]])
[0m[0;32m[2026-09-16 13:49:26.946][VERB] RETURN: {"result":"$12107"}
[0m[0;32m[2026-09-16 13:49:26.946][VERB] COMMANDCALL: _C.SafeAPI.Execute(["v1.part.extrusion",[{"references":[12057,12061,12067,12073],"name":"F788_makeBox_cad_primitives_py_8","taperAngle":0,"limit2":"@expr.d794_height","id":4}]])
[0m[0;32m[2026-09-16 13:49:26.953][VERB] RETURN: {"result":"$12111"}
[0m[0;32m[2026-09-16 13:49:26.954][VERB] COMMANDCALL: _C.SafeAPI.Execute(["v1.part.workPlane",[{"type":"PLANE","references":[38],"name":"F795_makeBox_cad_primitives_py_8_plane","offset":"@expr.d796_plane_offset","id":4}]])
[0m[0;32m[2026-09-16 13:49:26.959][VERB] RETURN: {"result":"$12154"}
[0m[0;32m[2026-09-16 13:49:26.959][VERB] COMMANDCALL: _C.SafeAPI.Execute(["v1.sketch.create",[{"planeId":12154,"name":"F795_makeBox_cad_primitives_py_8_profile","id":4}]])
[0m[0;32m[2026-09-16 13:49:26.962][VERB] RETURN: {"result":"$12160"}
[0m[0;32m[2026-09-16 13:49:26.962][VERB] COMMANDCALL: _C.SafeAPI.Execute(["v1.sketch.rectangle",[{"startPos":[3,61.5,0],"id":12160,"genFixation":0,"endPos":[49,62.45,0]}]])
[0m[0;32m[2026-09-16 13:49:26.968][VERB] RETURN: {"result":["$12166","$12170","$12176","$12182"]}
[0m[0;32m[2026-09-16 13:49:26.968][VERB] COMMANDCALL: _C.SafeAPI.Execute(["v1.sketch.getPoints",[{"id":12166}]])
[0m[0;32m[2026-09-16 13:49:26.968][VERB] RETURN: {"result":{"endId":"$12168","startId":"$12167"}}
[0m[0;32m[2026-09-16 13:49:26.969][VERB] COMMANDCALL: _C.SafeAPI.Execute(["v1.sketch.point",[{"pos":[-1000,-1000,0],"id":12160}]])
[0m[0;32m[2026-09-16 13:49:26.971][VERB] RETURN: {"result":"$12198"}
[0m[0;32m[2026-09-16 13:49:26.971][VERB] COMMANDCALL: _C.SafeAPI.Execute(["v1.sketch.constraint",[{"type":"FIXATION","id":12160,"geomIds":[12198]}]])
[0m[0;32m[2026-09-16 13:49:26.973][VERB] RETURN: {"result":"$12200"}
[0m[0;32m[2026-09-16 13:49:26.973][VERB] COMMANDCALL: _C.SafeAPI.Execute(["v1.sketch.dimension",[{"type":"HORIZONTAL_DISTANCE","value":"@expr.d797_position_x","name":"position_x","id":12160,"geomIds":[12198,12167]}]])
[0m[0;32m[2026-09-16 13:49:26.979][VERB] RETURN: {"result":"$12204"}
[0m[0;32m[2026-09-16 13:49:26.979][VERB] COMMANDCALL: _C.SafeAPI.Execute(["v1.sketch.dimension",[{"type":"VERTICAL_DISTANCE","value":"@expr.d798_position_y","name":"position_y","id":12160,"geomIds":[12198,12167]}]])
[0m[0;32m[2026-09-16 13:49:26.986][VERB] RETURN: {"result":"$12208"}
[0m[0;32m[2026-09-16 13:49:26.986][VERB] COMMANDCALL: _C.SafeAPI.Execute(["v1.sketch.dimension",[{"type":"OFFSET","value":"@expr.d799_width","name":"width","id":12160,"geomIds":[12166]}]])
[0m[0;32m[2026-09-16 13:49:26.994][VERB] RETURN: {"result":"$12212"}
[0m[0;32m[2026-09-16 13:49:26.994][VERB] COMMANDCALL: _C.SafeAPI.Execute(["v1.sketch.dimension",[{"type":"OFFSET","value":"@expr.d800_depth","name":"depth","id":12160,"geomIds":[12170]}]])
[0m[0;32m[2026-09-16 13:49:27.003][VERB] RETURN: {"result":"$12216"}
[0m[0;32m[2026-09-16 13:49:27.003][VERB] COMMANDCALL: _C.SafeAPI.Execute(["v1.part.extrusion",[{"references":[12166,12170,12176,12182],"name":"F795_makeBox_cad_primitives_py_8","taperAngle":0,"limit2":"@expr.d801_height","id":4}]])
[0m[0;32m[2026-09-16 13:49:27.010][VERB] RETURN: {"result":"$12220"}
[0m[0;32m[2026-09-16 13:49:27.011][VERB] COMMANDCALL: _C.SafeAPI.Execute(["v1.part.workPlane",[{"type":"PLANE","references":[38],"name":"F802_makeBox_cad_primitives_py_8_plane","offset":"@expr.d803_plane_offset","id":4}]])
[0m[0;32m[2026-09-16 13:49:27.016][VERB] RETURN: {"result":"$12263"}
[0m[0;32m[2026-09-16 13:49:27.016][VERB] COMMANDCALL: _C.SafeAPI.Execute(["v1.sketch.create",[{"planeId":12263,"name":"F802_makeBox_cad_primitives_py_8_profile","id":4}]])
[0m[0;32m[2026-09-16 13:49:27.018][VERB] RETURN: {"result":"$12269"}
[0m[0;32m[2026-09-16 13:49:27.019][VERB] COMMANDCALL: _C.SafeAPI.Execute(["v1.sketch.rectangle",[{"startPos":[3,61,0],"id":12269,"genFixation":0,"endPos":[49,62.4,0]}]])
[0m[0;32m[2026-09-16 13:49:27.025][VERB] RETURN: {"result":["$12275","$12279","$12285","$12291"]}
[0m[0;32m[2026-09-16 13:49:27.026][VERB] COMMANDCALL: _C.SafeAPI.Execute(["v1.sketch.getPoints",[{"id":12275}]])
[0m[0;32m[2026-09-16 13:49:27.026][VERB] RETURN: {"result":{"endId":"$12277","startId":"$12276"}}
[0m[0;32m[2026-09-16 13:49:27.026][VERB] COMMANDCALL: _C.SafeAPI.Execute(["v1.sketch.point",[{"pos":[-1000,-1000,0],"id":12269}]])
[0m[0;32m[2026-09-16 13:49:27.028][VERB] RETURN: {"result":"$12307"}
[0m[0;32m[2026-09-16 13:49:27.028][VERB] COMMANDCALL: _C.SafeAPI.Execute(["v1.sketch.constraint",[{"type":"FIXATION","id":12269,"geomIds":[12307]}]])
[0m[0;32m[2026-09-16 13:49:27.030][VERB] RETURN: {"result":"$12309"}
[0m[0;32m[2026-09-16 13:49:27.030][VERB] COMMANDCALL: _C.SafeAPI.Execute(["v1.sketch.dimension",[{"type":"HORIZONTAL_DISTANCE","value":"@expr.d804_position_x","name":"position_x","id":12269,"geomIds":[12307,12276]}]])
[0m[0;32m[2026-09-16 13:49:27.036][VERB] RETURN: {"result":"$12313"}
[0m[0;32m[2026-09-16 13:49:27.036][VERB] COMMANDCALL: _C.SafeAPI.Execute(["v1.sketch.dimension",[{"type":"VERTICAL_DISTANCE","value":"@expr.d805_position_y","name":"position_y","id":12269,"geomIds":[12307,12276]}]])
[0m[0;32m[2026-09-16 13:49:27.043][VERB] RETURN: {"result":"$12317"}
[0m[0;32m[2026-09-16 13:49:27.043][VERB] COMMANDCALL: _C.SafeAPI.Execute(["v1.sketch.dimension",[{"type":"OFFSET","value":"@expr.d806_width","name":"width","id":12269,"geomIds":[12275]}]])
[0m[0;32m[2026-09-16 13:49:27.050][VERB] RETURN: {"result":"$12321"}
[0m[0;32m[2026-09-16 13:49:27.051][VERB] COMMANDCALL: _C.SafeAPI.Execute(["v1.sketch.dimension",[{"type":"OFFSET","value":"@expr.d807_depth","name":"depth","id":12269,"geomIds":[12279]}]])
[0m[0;32m[2026-09-16 13:49:27.058][VERB] RETURN: {"result":"$12325"}
[0m[0;32m[2026-09-16 13:49:27.059][VERB] COMMANDCALL: _C.SafeAPI.Execute(["v1.part.extrusion",[{"references":[12275,12279,12285,12291],"name":"F802_makeBox_cad_primitives_py_8","taperAngle":0,"limit2":"@expr.d808_height","id":4}]])
[0m[0;32m[2026-09-16 13:49:27.066][VERB] RETURN: {"result":"$12329"}
[0m[0;32m[2026-09-16 13:49:27.066][VERB] COMMANDCALL: _C.SafeAPI.Execute(["v1.part.workPlane",[{"type":"PLANE","references":[38],"name":"F809_makeBox_cad_primitives_py_8_plane","offset":"@expr.d810_plane_offset","id":4}]])
[0m[0;32m[2026-09-16 13:49:27.071][VERB] RETURN: {"result":"$12372"}
[0m[0;32m[2026-09-16 13:49:27.071][VERB] COMMANDCALL: _C.SafeAPI.Execute(["v1.sketch.create",[{"planeId":12372,"name":"F809_makeBox_cad_primitives_py_8_profile","id":4}]])
[0m[0;32m[2026-09-16 13:49:27.074][VERB] RETURN: {"result":"$12378"}
[0m[0;32m[2026-09-16 13:49:27.074][VERB] COMMANDCALL: _C.SafeAPI.Execute(["v1.sketch.rectangle",[{"startPos":[1.55,24,0],"id":12378,"genFixation":0,"endPos":[2.05,62,0]}]])
[0m[0;32m[2026-09-16 13:49:27.081][VERB] RETURN: {"result":["$12384","$12388","$12394","$12400"]}
[0m[0;32m[2026-09-16 13:49:27.081][VERB] COMMANDCALL: _C.SafeAPI.Execute(["v1.sketch.getPoints",[{"id":12384}]])
[0m[0;32m[2026-09-16 13:49:27.082][VERB] RETURN: {"result":{"endId":"$12386","startId":"$12385"}}
[0m[0;32m[2026-09-16 13:49:27.082][VERB] COMMANDCALL: _C.SafeAPI.Execute(["v1.sketch.point",[{"pos":[-1000,-1000,0],"id":12378}]])
[0m[0;32m[2026-09-16 13:49:27.084][VERB] RETURN: {"result":"$12416"}
[0m[0;32m[2026-09-16 13:49:27.084][VERB] COMMANDCALL: _C.SafeAPI.Execute(["v1.sketch.constraint",[{"type":"FIXATION","id":12378,"geomIds":[12416]}]])
[0m[0;32m[2026-09-16 13:49:27.085][VERB] RETURN: {"result":"$12418"}
[0m[0;32m[2026-09-16 13:49:27.086][VERB] COMMANDCALL: _C.SafeAPI.Execute(["v1.sketch.dimension",[{"type":"HORIZONTAL_DISTANCE","value":"@expr.d811_position_x","name":"position_x","id":12378,"geomIds":[12416,12385]}]])
[0m[0;32m[2026-09-16 13:49:27.091][VERB] RETURN: {"result":"$12422"}
[0m[0;32m[2026-09-16 13:49:27.091][VERB] COMMANDCALL: _C.SafeAPI.Execute(["v1.sketch.dimension",[{"type":"VERTICAL_DISTANCE","value":"@expr.d812_position_y","name":"position_y","id":12378,"geomIds":[12416,12385]}]])
[0m[0;32m[2026-09-16 13:49:27.098][VERB] RETURN: {"result":"$12426"}
[0m[0;32m[2026-09-16 13:49:27.098][VERB] COMMANDCALL: _C.SafeAPI.Execute(["v1.sketch.dimension",[{"type":"OFFSET","value":"@expr.d813_width","name":"width","id":12378,"geomIds":[12384]}]])
[0m[0;32m[2026-09-16 13:49:27.105][VERB] RETURN: {"result":"$12430"}
[0m[0;32m[2026-09-16 13:49:27.106][VERB] COMMANDCALL: _C.SafeAPI.Execute(["v1.sketch.dimension",[{"type":"OFFSET","value":"@expr.d814_depth","name":"depth","id":12378,"geomIds":[12388]}]])
[0m[0;32m[2026-09-16 13:49:27.114][VERB] RETURN: {"result":"$12434"}
[0m[0;32m[2026-09-16 13:49:27.114][VERB] COMMANDCALL: _C.SafeAPI.Execute(["v1.part.extrusion",[{"references":[12384,12388,12394,12400],"name":"F809_makeBox_cad_primitives_py_8","taperAngle":0,"limit2":"@expr.d815_height","id":4}]])
[0m[0;32m[2026-09-16 13:49:27.121][VERB] RETURN: {"result":"$12438"}
[0m[0;32m[2026-09-16 13:49:27.122][VERB] COMMANDCALL: _C.SafeAPI.Execute(["v1.part.workPlane",[{"type":"PLANE","references":[38],"name":"F816_makeBox_cad_primitives_py_8_plane","offset":"@expr.d817_plane_offset","id":4}]])
[0m[0;32m[2026-09-16 13:49:27.126][VERB] RETURN: {"result":"$12481"}
[0m[0;32m[2026-09-16 13:49:27.127][VERB] COMMANDCALL: _C.SafeAPI.Execute(["v1.sketch.create",[{"planeId":12481,"name":"F816_makeBox_cad_primitives_py_8_profile","id":4}]])
[0m[0;32m[2026-09-16 13:49:27.129][VERB] RETURN: {"result":"$12487"}
[0m[0;32m[2026-09-16 13:49:27.129][VERB] COMMANDCALL: _C.SafeAPI.Execute(["v1.sketch.rectangle",[{"startPos":[1.55,24,0],"id":12487,"genFixation":0,"endPos":[2.7,25.5,0]}]])
[0m[0;32m[2026-09-16 13:49:27.136][VERB] RETURN: {"result":["$12493","$12497","$12503","$12509"]}
[0m[0;32m[2026-09-16 13:49:27.136][VERB] COMMANDCALL: _C.SafeAPI.Execute(["v1.sketch.getPoints",[{"id":12493}]])
[0m[0;32m[2026-09-16 13:49:27.136][VERB] RETURN: {"result":{"endId":"$12495","startId":"$12494"}}
[0m[0;32m[2026-09-16 13:49:27.136][VERB] COMMANDCALL: _C.SafeAPI.Execute(["v1.sketch.point",[{"pos":[-1000,-1000,0],"id":12487}]])
[0m[0;32m[2026-09-16 13:49:27.138][VERB] RETURN: {"result":"$12525"}
[0m[0;32m[2026-09-16 13:49:27.139][VERB] COMMANDCALL: _C.SafeAPI.Execute(["v1.sketch.constraint",[{"type":"FIXATION","id":12487,"geomIds":[12525]}]])
[0m[0;32m[2026-09-16 13:49:27.140][VERB] RETURN: {"result":"$12527"}
[0m[0;32m[2026-09-16 13:49:27.140][VERB] COMMANDCALL: _C.SafeAPI.Execute(["v1.sketch.dimension",[{"type":"HORIZONTAL_DISTANCE","value":"@expr.d818_position_x","name":"position_x","id":12487,"geomIds":[12525,12494]}]])
[0m[0;32m[2026-09-16 13:49:27.147][VERB] RETURN: {"result":"$12531"}
[0m[0;32m[2026-09-16 13:49:27.147][VERB] COMMANDCALL: _C.SafeAPI.Execute(["v1.sketch.dimension",[{"type":"VERTICAL_DISTANCE","value":"@expr.d819_position_y","name":"position_y","id":12487,"geomIds":[12525,12494]}]])
[0m[0;32m[2026-09-16 13:49:27.153][VERB] RETURN: {"result":"$12535"}
[0m[0;32m[2026-09-16 13:49:27.154][VERB] COMMANDCALL: _C.SafeAPI.Execute(["v1.sketch.dimension",[{"type":"OFFSET","value":"@expr.d820_width","name":"width","id":12487,"geomIds":[12493]}]])
[0m[0;32m[2026-09-16 13:49:27.162][VERB] RETURN: {"result":"$12539"}
[0m[0;32m[2026-09-16 13:49:27.162][VERB] COMMANDCALL: _C.SafeAPI.Execute(["v1.sketch.dimension",[{"type":"OFFSET","value":"@expr.d821_depth","name":"depth","id":12487,"geomIds":[12497]}]])
[0m[0;32m[2026-09-16 13:49:27.170][VERB] RETURN: {"result":"$12543"}
[0m[0;32m[2026-09-16 13:49:27.171][VERB] COMMANDCALL: _C.SafeAPI.Execute(["v1.part.extrusion",[{"references":[12493,12497,12503,12509],"name":"F816_makeBox_cad_primitives_py_8","taperAngle":0,"limit2":"@expr.d822_height","id":4}]])
[0m[0;32m[2026-09-16 13:49:27.178][VERB] RETURN: {"result":"$12547"}
[0m[0;32m[2026-09-16 13:49:27.178][VERB] COMMANDCALL: _C.SafeAPI.Execute(["v1.part.workPlane",[{"type":"PLANE","references":[38],"name":"F823_makeBox_cad_primitives_py_8_plane","offset":"@expr.d824_plane_offset","id":4}]])
[0m[0;32m[2026-09-16 13:49:27.183][VERB] RETURN: {"result":"$12590"}
[0m[0;32m[2026-09-16 13:49:27.183][VERB] COMMANDCALL: _C.SafeAPI.Execute(["v1.sketch.create",[{"planeId":12590,"name":"F823_makeBox_cad_primitives_py_8_profile","id":4}]])
[0m[0;32m[2026-09-16 13:49:27.186][VERB] RETURN: {"result":"$12596"}
[0m[0;32m[2026-09-16 13:49:27.186][VERB] COMMANDCALL: _C.SafeAPI.Execute(["v1.sketch.rectangle",[{"startPos":[1.55,60.8,0],"id":12596,"genFixation":0,"endPos":[2.7,62,0]}]])
[0m[0;32m[2026-09-16 13:49:27.193][VERB] RETURN: {"result":["$12602","$12606","$12612","$12618"]}
[0m[0;32m[2026-09-16 13:49:27.193][VERB] COMMANDCALL: _C.SafeAPI.Execute(["v1.sketch.getPoints",[{"id":12602}]])
[0m[0;32m[2026-09-16 13:49:27.193][VERB] RETURN: {"result":{"endId":"$12604","startId":"$12603"}}
[0m[0;32m[2026-09-16 13:49:27.193][VERB] COMMANDCALL: _C.SafeAPI.Execute(["v1.sketch.point",[{"pos":[-1000,-1000,0],"id":12596}]])
[0m[0;32m[2026-09-16 13:49:27.196][VERB] RETURN: {"result":"$12634"}
[0m[0;32m[2026-09-16 13:49:27.196][VERB] COMMANDCALL: _C.SafeAPI.Execute(["v1.sketch.constraint",[{"type":"FIXATION","id":12596,"geomIds":[12634]}]])
[0m[0;32m[2026-09-16 13:49:27.197][VERB] RETURN: {"result":"$12636"}
[0m[0;32m[2026-09-16 13:49:27.197][VERB] COMMANDCALL: _C.SafeAPI.Execute(["v1.sketch.dimension",[{"type":"HORIZONTAL_DISTANCE","value":"@expr.d825_position_x","name":"position_x","id":12596,"geomIds":[12634,12603]}]])
[0m[0;32m[2026-09-16 13:49:27.203][VERB] RETURN: {"result":"$12640"}
[0m[0;32m[2026-09-16 13:49:27.204][VERB] COMMANDCALL: _C.SafeAPI.Execute(["v1.sketch.dimension",[{"type":"VERTICAL_DISTANCE","value":"@expr.d826_position_y","name":"position_y","id":12596,"geomIds":[12634,12603]}]])
[0m[0;32m[2026-09-16 13:49:27.210][VERB] RETURN: {"result":"$12644"}
[0m[0;32m[2026-09-16 13:49:27.211][VERB] COMMANDCALL: _C.SafeAPI.Execute(["v1.sketch.dimension",[{"type":"OFFSET","value":"@expr.d827_width","name":"width","id":12596,"geomIds":[12602]}]])
[0m[0;32m[2026-09-16 13:49:27.218][VERB] RETURN: {"result":"$12648"}
[0m[0;32m[2026-09-16 13:49:27.219][VERB] COMMANDCALL: _C.SafeAPI.Execute(["v1.sketch.dimension",[{"type":"OFFSET","value":"@expr.d828_depth","name":"depth","id":12596,"geomIds":[12606]}]])
[0m[0;32m[2026-09-16 13:49:27.227][VERB] RETURN: {"result":"$12652"}
[0m[0;32m[2026-09-16 13:49:27.227][VERB] COMMANDCALL: _C.SafeAPI.Execute(["v1.part.extrusion",[{"references":[12602,12606,12612,12618],"name":"F823_makeBox_cad_primitives_py_8","taperAngle":0,"limit2":"@expr.d829_height","id":4}]])
[0m[0;32m[2026-09-16 13:49:27.235][VERB] RETURN: {"result":"$12656"}
[0m[0;32m[2026-09-16 13:49:27.235][VERB] COMMANDCALL: _C.SafeAPI.Execute(["v1.part.workPlane",[{"type":"PLANE","references":[38],"name":"F830_makeBox_cad_primitives_py_8_plane","offset":"@expr.d831_plane_offset","id":4}]])
[0m[0;32m[2026-09-16 13:49:27.240][VERB] RETURN: {"result":"$12699"}
[0m[0;32m[2026-09-16 13:49:27.240][VERB] COMMANDCALL: _C.SafeAPI.Execute(["v1.sketch.create",[{"planeId":12699,"name":"F830_makeBox_cad_primitives_py_8_profile","id":4}]])
[0m[0;32m[2026-09-16 13:49:27.242][VERB] RETURN: {"result":"$12705"}
[0m[0;32m[2026-09-16 13:49:27.242][VERB] COMMANDCALL: _C.SafeAPI.Execute(["v1.sketch.rectangle",[{"startPos":[54,1.55,0],"id":12705,"genFixation":0,"endPos":[87,2,0]}]])
[0m[0;32m[2026-09-16 13:49:27.249][VERB] RETURN: {"result":["$12711","$12715","$12721","$12727"]}
[0m[0;32m[2026-09-16 13:49:27.249][VERB] COMMANDCALL: _C.SafeAPI.Execute(["v1.sketch.getPoints",[{"id":12711}]])
[0m[0;32m[2026-09-16 13:49:27.250][VERB] RETURN: {"result":{"endId":"$12713","startId":"$12712"}}
[0m[0;32m[2026-09-16 13:49:27.250][VERB] COMMANDCALL: _C.SafeAPI.Execute(["v1.sketch.point",[{"pos":[-1000,-1000,0],"id":12705}]])
[0m[0;32m[2026-09-16 13:49:27.252][VERB] RETURN: {"result":"$12743"}
[0m[0;32m[2026-09-16 13:49:27.252][VERB] COMMANDCALL: _C.SafeAPI.Execute(["v1.sketch.constraint",[{"type":"FIXATION","id":12705,"geomIds":[12743]}]])
[0m[0;32m[2026-09-16 13:49:27.254][VERB] RETURN: {"result":"$12745"}
[0m[0;32m[2026-09-16 13:49:27.254][VERB] COMMANDCALL: _C.SafeAPI.Execute(["v1.sketch.dimension",[{"type":"HORIZONTAL_DISTANCE","value":"@expr.d832_position_x","name":"position_x","id":12705,"geomIds":[12743,12712]}]])
[0m[0;32m[2026-09-16 13:49:27.259][VERB] RETURN: {"result":"$12749"}
[0m[0;32m[2026-09-16 13:49:27.259][VERB] COMMANDCALL: _C.SafeAPI.Execute(["v1.sketch.dimension",[{"type":"VERTICAL_DISTANCE","value":"@expr.d833_position_y","name":"position_y","id":12705,"geomIds":[12743,12712]}]])
[0m[0;32m[2026-09-16 13:49:27.266][VERB] RETURN: {"result":"$12753"}
[0m[0;32m[2026-09-16 13:49:27.267][VERB] COMMANDCALL: _C.SafeAPI.Execute(["v1.sketch.dimension",[{"type":"OFFSET","value":"@expr.d834_width","name":"width","id":12705,"geomIds":[12711]}]])
[0m[0;32m[2026-09-16 13:49:27.274][VERB] RETURN: {"result":"$12757"}
[0m[0;32m[2026-09-16 13:49:27.274][VERB] COMMANDCALL: _C.SafeAPI.Execute(["v1.sketch.dimension",[{"type":"OFFSET","value":"@expr.d835_depth","name":"depth","id":12705,"geomIds":[12715]}]])
[0m[0;32m[2026-09-16 13:49:27.283][VERB] RETURN: {"result":"$12761"}
[0m[0;32m[2026-09-16 13:49:27.283][VERB] COMMANDCALL: _C.SafeAPI.Execute(["v1.part.extrusion",[{"references":[12711,12715,12721,12727],"name":"F830_makeBox_cad_primitives_py_8","taperAngle":0,"limit2":"@expr.d836_height","id":4}]])
[0m[0;32m[2026-09-16 13:49:27.291][VERB] RETURN: {"result":"$12765"}
[0m[0;32m[2026-09-16 13:49:27.291][VERB] COMMANDCALL: _C.SafeAPI.Execute(["v1.part.workPlane",[{"type":"PLANE","references":[38],"name":"F837_makeBox_cad_primitives_py_8_plane","offset":"@expr.d838_plane_offset","id":4}]])
[0m[0;32m[2026-09-16 13:49:27.296][VERB] RETURN: {"result":"$12808"}
[0m[0;32m[2026-09-16 13:49:27.296][VERB] COMMANDCALL: _C.SafeAPI.Execute(["v1.sketch.create",[{"planeId":12808,"name":"F837_makeBox_cad_primitives_py_8_profile","id":4}]])
[0m[0;32m[2026-09-16 13:49:27.299][VERB] RETURN: {"result":"$12814"}
[0m[0;32m[2026-09-16 13:49:27.299][VERB] COMMANDCALL: _C.SafeAPI.Execute(["v1.sketch.rectangle",[{"startPos":[54,1.7,0],"id":12814,"genFixation":0,"endPos":[87,2.7,0]}]])
[0m[0;32m[2026-09-16 13:49:27.305][VERB] RETURN: {"result":["$12820","$12824","$12830","$12836"]}
[0m[0;32m[2026-09-16 13:49:27.306][VERB] COMMANDCALL: _C.SafeAPI.Execute(["v1.sketch.getPoints",[{"id":12820}]])
[0m[0;32m[2026-09-16 13:49:27.306][VERB] RETURN: {"result":{"endId":"$12822","startId":"$12821"}}
[0m[0;32m[2026-09-16 13:49:27.306][VERB] COMMANDCALL: _C.SafeAPI.Execute(["v1.sketch.point",[{"pos":[-1000,-1000,0],"id":12814}]])
[0m[0;32m[2026-09-16 13:49:27.308][VERB] RETURN: {"result":"$12852"}
[0m[0;32m[2026-09-16 13:49:27.308][VERB] COMMANDCALL: _C.SafeAPI.Execute(["v1.sketch.constraint",[{"type":"FIXATION","id":12814,"geomIds":[12852]}]])
[0m[0;32m[2026-09-16 13:49:27.310][VERB] RETURN: {"result":"$12854"}
[0m[0;32m[2026-09-16 13:49:27.310][VERB] COMMANDCALL: _C.SafeAPI.Execute(["v1.sketch.dimension",[{"type":"HORIZONTAL_DISTANCE","value":"@expr.d839_position_x","name":"position_x","id":12814,"geomIds":[12852,12821]}]])
[0m[0;32m[2026-09-16 13:49:27.316][VERB] RETURN: {"result":"$12858"}
[0m[0;32m[2026-09-16 13:49:27.317][VERB] COMMANDCALL: _C.SafeAPI.Execute(["v1.sketch.dimension",[{"type":"VERTICAL_DISTANCE","value":"@expr.d840_position_y","name":"position_y","id":12814,"geomIds":[12852,12821]}]])
[0m[0;32m[2026-09-16 13:49:27.323][VERB] RETURN: {"result":"$12862"}
[0m[0;32m[2026-09-16 13:49:27.324][VERB] COMMANDCALL: _C.SafeAPI.Execute(["v1.sketch.dimension",[{"type":"OFFSET","value":"@expr.d841_width","name":"width","id":12814,"geomIds":[12820]}]])
[0m[0;32m[2026-09-16 13:49:27.331][VERB] RETURN: {"result":"$12866"}
[0m[0;32m[2026-09-16 13:49:27.332][VERB] COMMANDCALL: _C.SafeAPI.Execute(["v1.sketch.dimension",[{"type":"OFFSET","value":"@expr.d842_depth","name":"depth","id":12814,"geomIds":[12824]}]])
[0m[0;32m[2026-09-16 13:49:27.340][VERB] RETURN: {"result":"$12870"}
[0m[0;32m[2026-09-16 13:49:27.341][VERB] COMMANDCALL: _C.SafeAPI.Execute(["v1.part.extrusion",[{"references":[12820,12824,12830,12836],"name":"F837_makeBox_cad_primitives_py_8","taperAngle":0,"limit2":"@expr.d843_height","id":4}]])
[0m[0;32m[2026-09-16 13:49:27.348][VERB] RETURN: {"result":"$12874"}
[0m[0;32m[2026-09-16 13:49:27.348][VERB] COMMANDCALL: _C.SafeAPI.Execute(["v1.part.workPlane",[{"type":"PLANE","references":[38],"name":"F844_makeBox_cad_primitives_py_8_plane","offset":"@expr.d845_plane_offset","id":4}]])
[0m[0;32m[2026-09-16 13:49:27.353][VERB] RETURN: {"result":"$12917"}
[0m[0;32m[2026-09-16 13:49:27.354][VERB] COMMANDCALL: _C.SafeAPI.Execute(["v1.sketch.create",[{"planeId":12917,"name":"F844_makeBox_cad_primitives_py_8_profile","id":4}]])
[0m[0;32m[2026-09-16 13:49:27.356][VERB] RETURN: {"result":"$12923"}
[0m[0;32m[2026-09-16 13:49:27.356][VERB] COMMANDCALL: _C.SafeAPI.Execute(["v1.sketch.rectangle",[{"startPos":[54,36.4,0],"id":12923,"genFixation":0,"endPos":[87,37.9,0]}]])
[0m[0;32m[2026-09-16 13:49:27.363][VERB] RETURN: {"result":["$12929","$12933","$12939","$12945"]}
[0m[0;32m[2026-09-16 13:49:27.363][VERB] COMMANDCALL: _C.SafeAPI.Execute(["v1.sketch.getPoints",[{"id":12929}]])
[0m[0;32m[2026-09-16 13:49:27.363][VERB] RETURN: {"result":{"endId":"$12931","startId":"$12930"}}
[0m[0;32m[2026-09-16 13:49:27.363][VERB] COMMANDCALL: _C.SafeAPI.Execute(["v1.sketch.point",[{"pos":[-1000,-1000,0],"id":12923}]])
[0m[0;32m[2026-09-16 13:49:27.365][VERB] RETURN: {"result":"$12961"}
[0m[0;32m[2026-09-16 13:49:27.366][VERB] COMMANDCALL: _C.SafeAPI.Execute(["v1.sketch.constraint",[{"type":"FIXATION","id":12923,"geomIds":[12961]}]])
[0m[0;32m[2026-09-16 13:49:27.367][VERB] RETURN: {"result":"$12963"}
[0m[0;32m[2026-09-16 13:49:27.367][VERB] COMMANDCALL: _C.SafeAPI.Execute(["v1.sketch.dimension",[{"type":"HORIZONTAL_DISTANCE","value":"@expr.d846_position_x","name":"position_x","id":12923,"geomIds":[12961,12930]}]])
[0m[0;32m[2026-09-16 13:49:27.373][VERB] RETURN: {"result":"$12967"}
[0m[0;32m[2026-09-16 13:49:27.374][VERB] COMMANDCALL: _C.SafeAPI.Execute(["v1.sketch.dimension",[{"type":"VERTICAL_DISTANCE","value":"@expr.d847_position_y","name":"position_y","id":12923,"geomIds":[12961,12930]}]])
[0m[0;32m[2026-09-16 13:49:27.381][VERB] RETURN: {"result":"$12971"}
[0m[0;32m[2026-09-16 13:49:27.381][VERB] COMMANDCALL: _C.SafeAPI.Execute(["v1.sketch.dimension",[{"type":"OFFSET","value":"@expr.d848_width","name":"width","id":12923,"geomIds":[12929]}]])
[0m[0;32m[2026-09-16 13:49:27.389][VERB] RETURN: {"result":"$12975"}
[0m[0;32m[2026-09-16 13:49:27.389][VERB] COMMANDCALL: _C.SafeAPI.Execute(["v1.sketch.dimension",[{"type":"OFFSET","value":"@expr.d849_depth","name":"depth","id":12923,"geomIds":[12933]}]])
[0m[0;32m[2026-09-16 13:49:27.397][VERB] RETURN: {"result":"$12979"}
[0m[0;32m[2026-09-16 13:49:27.397][VERB] COMMANDCALL: _C.SafeAPI.Execute(["v1.part.extrusion",[{"references":[12929,12933,12939,12945],"name":"F844_makeBox_cad_primitives_py_8","taperAngle":0,"limit2":"@expr.d850_height","id":4}]])
[0m[0;32m[2026-09-16 13:49:27.404][VERB] RETURN: {"result":"$12983"}
[0m[0;32m[2026-09-16 13:49:27.405][VERB] COMMANDCALL: _C.SafeAPI.Execute(["v1.part.workPlane",[{"type":"PLANE","references":[38],"name":"F851_makeBox_cad_primitives_py_8_plane","offset":"@expr.d852_plane_offset","id":4}]])
[0m[0;32m[2026-09-16 13:49:27.409][VERB] RETURN: {"result":"$13026"}
[0m[0;32m[2026-09-16 13:49:27.410][VERB] COMMANDCALL: _C.SafeAPI.Execute(["v1.sketch.create",[{"planeId":13026,"name":"F851_makeBox_cad_primitives_py_8_profile","id":4}]])
[0m[0;32m[2026-09-16 13:49:27.412][VERB] RETURN: {"result":"$13032"}
[0m[0;32m[2026-09-16 13:49:27.413][VERB] COMMANDCALL: _C.SafeAPI.Execute(["v1.sketch.rectangle",[{"startPos":[54,36.3,0],"id":13032,"genFixation":0,"endPos":[87,37.8,0]}]])
[0m[0;32m[2026-09-16 13:49:27.419][VERB] RETURN: {"result":["$13038","$13042","$13048","$13054"]}
[0m[0;32m[2026-09-16 13:49:27.420][VERB] COMMANDCALL: _C.SafeAPI.Execute(["v1.sketch.getPoints",[{"id":13038}]])
[0m[0;32m[2026-09-16 13:49:27.420][VERB] RETURN: {"result":{"endId":"$13040","startId":"$13039"}}
[0m[0;32m[2026-09-16 13:49:27.420][VERB] COMMANDCALL: _C.SafeAPI.Execute(["v1.sketch.point",[{"pos":[-1000,-1000,0],"id":13032}]])
[0m[0;32m[2026-09-16 13:49:27.422][VERB] RETURN: {"result":"$13070"}
[0m[0;32m[2026-09-16 13:49:27.423][VERB] COMMANDCALL: _C.SafeAPI.Execute(["v1.sketch.constraint",[{"type":"FIXATION","id":13032,"geomIds":[13070]}]])
[0m[0;32m[2026-09-16 13:49:27.424][VERB] RETURN: {"result":"$13072"}
[0m[0;32m[2026-09-16 13:49:27.424][VERB] COMMANDCALL: _C.SafeAPI.Execute(["v1.sketch.dimension",[{"type":"HORIZONTAL_DISTANCE","value":"@expr.d853_position_x","name":"position_x","id":13032,"geomIds":[13070,13039]}]])
[0m[0;32m[2026-09-16 13:49:27.430][VERB] RETURN: {"result":"$13076"}
[0m[0;32m[2026-09-16 13:49:27.431][VERB] COMMANDCALL: _C.SafeAPI.Execute(["v1.sketch.dimension",[{"type":"VERTICAL_DISTANCE","value":"@expr.d854_position_y","name":"position_y","id":13032,"geomIds":[13070,13039]}]])
[0m[0;32m[2026-09-16 13:49:27.437][VERB] RETURN: {"result":"$13080"}
[0m[0;32m[2026-09-16 13:49:27.438][VERB] COMMANDCALL: _C.SafeAPI.Execute(["v1.sketch.dimension",[{"type":"OFFSET","value":"@expr.d855_width","name":"width","id":13032,"geomIds":[13038]}]])
[0m[0;32m[2026-09-16 13:49:27.445][VERB] RETURN: {"result":"$13084"}
[0m[0;32m[2026-09-16 13:49:27.445][VERB] COMMANDCALL: _C.SafeAPI.Execute(["v1.sketch.dimension",[{"type":"OFFSET","value":"@expr.d856_depth","name":"depth","id":13032,"geomIds":[13042]}]])
[0m[0;32m[2026-09-16 13:49:27.453][VERB] RETURN: {"result":"$13088"}
[0m[0;32m[2026-09-16 13:49:27.454][VERB] COMMANDCALL: _C.SafeAPI.Execute(["v1.part.extrusion",[{"references":[13038,13042,13048,13054],"name":"F851_makeBox_cad_primitives_py_8","taperAngle":0,"limit2":"@expr.d857_height","id":4}]])
[0m[0;32m[2026-09-16 13:49:27.461][VERB] RETURN: {"result":"$13092"}
[0m[0;32m[2026-09-16 13:49:27.462][VERB] COMMANDCALL: _C.SafeAPI.Execute(["v1.part.workPlane",[{"type":"PLANE","references":[38],"name":"F858_makeBox_cad_primitives_py_8_plane","offset":"@expr.d859_plane_offset","id":4}]])
[0m[0;32m[2026-09-16 13:49:27.468][VERB] RETURN: {"result":"$13135"}
[0m[0;32m[2026-09-16 13:49:27.468][VERB] COMMANDCALL: _C.SafeAPI.Execute(["v1.sketch.create",[{"planeId":13135,"name":"F858_makeBox_cad_primitives_py_8_profile","id":4}]])
[0m[0;32m[2026-09-16 13:49:27.470][VERB] RETURN: {"result":"$13141"}
[0m[0;32m[2026-09-16 13:49:27.471][VERB] COMMANDCALL: _C.SafeAPI.Execute(["v1.sketch.rectangle",[{"startPos":[52.65,24.5,0],"id":13141,"genFixation":0,"endPos":[53.85,26.1,0]}]])
[0m[0;32m[2026-09-16 13:49:27.477][VERB] RETURN: {"result":["$13147","$13151","$13157","$13163"]}
[0m[0;32m[2026-09-16 13:49:27.478][VERB] COMMANDCALL: _C.SafeAPI.Execute(["v1.sketch.getPoints",[{"id":13147}]])
[0m[0;32m[2026-09-16 13:49:27.478][VERB] RETURN: {"result":{"endId":"$13149","startId":"$13148"}}
[0m[0;32m[2026-09-16 13:49:27.478][VERB] COMMANDCALL: _C.SafeAPI.Execute(["v1.sketch.point",[{"pos":[-1000,-1000,0],"id":13141}]])
[0m[0;32m[2026-09-16 13:49:27.480][VERB] RETURN: {"result":"$13179"}
[0m[0;32m[2026-09-16 13:49:27.480][VERB] COMMANDCALL: _C.SafeAPI.Execute(["v1.sketch.constraint",[{"type":"FIXATION","id":13141,"geomIds":[13179]}]])
[0m[0;32m[2026-09-16 13:49:27.482][VERB] RETURN: {"result":"$13181"}
[0m[0;32m[2026-09-16 13:49:27.482][VERB] COMMANDCALL: _C.SafeAPI.Execute(["v1.sketch.dimension",[{"type":"HORIZONTAL_DISTANCE","value":"@expr.d860_position_x","name":"position_x","id":13141,"geomIds":[13179,13148]}]])
[0m[0;32m[2026-09-16 13:49:27.488][VERB] RETURN: {"result":"$13185"}
[0m[0;32m[2026-09-16 13:49:27.488][VERB] COMMANDCALL: _C.SafeAPI.Execute(["v1.sketch.dimension",[{"type":"VERTICAL_DISTANCE","value":"@expr.d861_position_y","name":"position_y","id":13141,"geomIds":[13179,13148]}]])
[0m[0;32m[2026-09-16 13:49:27.495][VERB] RETURN: {"result":"$13189"}
[0m[0;32m[2026-09-16 13:49:27.495][VERB] COMMANDCALL: _C.SafeAPI.Execute(["v1.sketch.dimension",[{"type":"OFFSET","value":"@expr.d862_width","name":"width","id":13141,"geomIds":[13147]}]])
[0m[0;32m[2026-09-16 13:49:27.503][VERB] RETURN: {"result":"$13193"}
[0m[0;32m[2026-09-16 13:49:27.503][VERB] COMMANDCALL: _C.SafeAPI.Execute(["v1.sketch.dimension",[{"type":"OFFSET","value":"@expr.d863_depth","name":"depth","id":13141,"geomIds":[13151]}]])
[0m[0;32m[2026-09-16 13:49:27.512][VERB] RETURN: {"result":"$13197"}
[0m[0;32m[2026-09-16 13:49:27.512][VERB] COMMANDCALL: _C.SafeAPI.Execute(["v1.part.extrusion",[{"references":[13147,13151,13157,13163],"name":"F858_makeBox_cad_primitives_py_8","taperAngle":0,"limit2":"@expr.d864_height","id":4}]])
[0m[0;32m[2026-09-16 13:49:27.520][VERB] RETURN: {"result":"$13201"}
[0m[0;32m[2026-09-16 13:49:27.520][VERB] COMMANDCALL: _C.SafeAPI.Execute(["v1.part.workPlane",[{"type":"PLANE","references":[38],"name":"F865_makeBox_cad_primitives_py_8_plane","offset":"@expr.d866_plane_offset","id":4}]])
[0m[0;32m[2026-09-16 13:49:27.525][VERB] RETURN: {"result":"$13244"}
[0m[0;32m[2026-09-16 13:49:27.525][VERB] COMMANDCALL: _C.SafeAPI.Execute(["v1.sketch.create",[{"planeId":13244,"name":"F865_makeBox_cad_primitives_py_8_profile","id":4}]])
[0m[0;32m[2026-09-16 13:49:27.528][VERB] RETURN: {"result":"$13250"}
[0m[0;32m[2026-09-16 13:49:27.528][VERB] COMMANDCALL: _C.SafeAPI.Execute(["v1.sketch.rectangle",[{"startPos":[52.65,24.35,0],"id":13250,"genFixation":0,"endPos":[53.85,26.1,0]}]])
[0m[0;32m[2026-09-16 13:49:27.535][VERB] RETURN: {"result":["$13256","$13260","$13266","$13272"]}
[0m[0;32m[2026-09-16 13:49:27.535][VERB] COMMANDCALL: _C.SafeAPI.Execute(["v1.sketch.getPoints",[{"id":13256}]])
[0m[0;32m[2026-09-16 13:49:27.535][VERB] RETURN: {"result":{"endId":"$13258","startId":"$13257"}}
[0m[0;32m[2026-09-16 13:49:27.535][VERB] COMMANDCALL: _C.SafeAPI.Execute(["v1.sketch.point",[{"pos":[-1000,-1000,0],"id":13250}]])
[0m[0;32m[2026-09-16 13:49:27.537][VERB] RETURN: {"result":"$13288"}
[0m[0;32m[2026-09-16 13:49:27.538][VERB] COMMANDCALL: _C.SafeAPI.Execute(["v1.sketch.constraint",[{"type":"FIXATION","id":13250,"geomIds":[13288]}]])
[0m[0;32m[2026-09-16 13:49:27.539][VERB] RETURN: {"result":"$13290"}
[0m[0;32m[2026-09-16 13:49:27.539][VERB] COMMANDCALL: _C.SafeAPI.Execute(["v1.sketch.dimension",[{"type":"HORIZONTAL_DISTANCE","value":"@expr.d867_position_x","name":"position_x","id":13250,"geomIds":[13288,13257]}]])
[0m[0;32m[2026-09-16 13:49:27.545][VERB] RETURN: {"result":"$13294"}
[0m[0;32m[2026-09-16 13:49:27.546][VERB] COMMANDCALL: _C.SafeAPI.Execute(["v1.sketch.dimension",[{"type":"VERTICAL_DISTANCE","value":"@expr.d868_position_y","name":"position_y","id":13250,"geomIds":[13288,13257]}]])
[0m[0;32m[2026-09-16 13:49:27.552][VERB] RETURN: {"result":"$13298"}
[0m[0;32m[2026-09-16 13:49:27.552][VERB] COMMANDCALL: _C.SafeAPI.Execute(["v1.sketch.dimension",[{"type":"OFFSET","value":"@expr.d869_width","name":"width","id":13250,"geomIds":[13256]}]])
[0m[0;32m[2026-09-16 13:49:27.560][VERB] RETURN: {"result":"$13302"}
[0m[0;32m[2026-09-16 13:49:27.561][VERB] COMMANDCALL: _C.SafeAPI.Execute(["v1.sketch.dimension",[{"type":"OFFSET","value":"@expr.d870_depth","name":"depth","id":13250,"geomIds":[13260]}]])
[0m[0;32m[2026-09-16 13:49:27.569][VERB] RETURN: {"result":"$13306"}
[0m[0;32m[2026-09-16 13:49:27.570][VERB] COMMANDCALL: _C.SafeAPI.Execute(["v1.part.extrusion",[{"references":[13256,13260,13266,13272],"name":"F865_makeBox_cad_primitives_py_8","taperAngle":0,"limit2":"@expr.d871_height","id":4}]])
[0m[0;32m[2026-09-16 13:49:27.577][VERB] RETURN: {"result":"$13310"}
[0m[0;32m[2026-09-16 13:49:27.578][VERB] COMMANDCALL: _C.SafeAPI.Execute(["v1.part.workPlane",[{"type":"PLANE","references":[38],"name":"F872_makeBox_cad_primitives_py_8_plane","offset":"@expr.d873_plane_offset","id":4}]])
[0m[0;32m[2026-09-16 13:49:27.583][VERB] RETURN: {"result":"$13353"}
[0m[0;32m[2026-09-16 13:49:27.583][VERB] COMMANDCALL: _C.SafeAPI.Execute(["v1.sketch.create",[{"planeId":13353,"name":"F872_makeBox_cad_primitives_py_8_profile","id":4}]])
[0m[0;32m[2026-09-16 13:49:27.585][VERB] RETURN: {"result":"$13359"}
[0m[0;32m[2026-09-16 13:49:27.585][VERB] COMMANDCALL: _C.SafeAPI.Execute(["v1.sketch.rectangle",[{"startPos":[56,36.1,0],"id":13359,"genFixation":0,"endPos":[83,37.9,0]}]])
[0m[0;32m[2026-09-16 13:49:27.592][VERB] RETURN: {"result":["$13365","$13369","$13375","$13381"]}
[0m[0;32m[2026-09-16 13:49:27.592][VERB] COMMANDCALL: _C.SafeAPI.Execute(["v1.sketch.getPoints",[{"id":13365}]])
[0m[0;32m[2026-09-16 13:49:27.592][VERB] RETURN: {"result":{"endId":"$13367","startId":"$13366"}}
[0m[0;32m[2026-09-16 13:49:27.592][VERB] COMMANDCALL: _C.SafeAPI.Execute(["v1.sketch.point",[{"pos":[-1000,-1000,0],"id":13359}]])
[0m[0;32m[2026-09-16 13:49:27.594][VERB] RETURN: {"result":"$13397"}
[0m[0;32m[2026-09-16 13:49:27.595][VERB] COMMANDCALL: _C.SafeAPI.Execute(["v1.sketch.constraint",[{"type":"FIXATION","id":13359,"geomIds":[13397]}]])
[0m[0;32m[2026-09-16 13:49:27.596][VERB] RETURN: {"result":"$13399"}
[0m[0;32m[2026-09-16 13:49:27.597][VERB] COMMANDCALL: _C.SafeAPI.Execute(["v1.sketch.dimension",[{"type":"HORIZONTAL_DISTANCE","value":"@expr.d874_position_x","name":"position_x","id":13359,"geomIds":[13397,13366]}]])
[0m[0;32m[2026-09-16 13:49:27.603][VERB] RETURN: {"result":"$13403"}
[0m[0;32m[2026-09-16 13:49:27.603][VERB] COMMANDCALL: _C.SafeAPI.Execute(["v1.sketch.dimension",[{"type":"VERTICAL_DISTANCE","value":"@expr.d875_position_y","name":"position_y","id":13359,"geomIds":[13397,13366]}]])
[0m[0;32m[2026-09-16 13:49:27.610][VERB] RETURN: {"result":"$13407"}
[0m[0;32m[2026-09-16 13:49:27.610][VERB] COMMANDCALL: _C.SafeAPI.Execute(["v1.sketch.dimension",[{"type":"OFFSET","value":"@expr.d876_width","name":"width","id":13359,"geomIds":[13365]}]])
[0m[0;32m[2026-09-16 13:49:27.617][VERB] RETURN: {"result":"$13411"}
[0m[0;32m[2026-09-16 13:49:27.618][VERB] COMMANDCALL: _C.SafeAPI.Execute(["v1.sketch.dimension",[{"type":"OFFSET","value":"@expr.d877_depth","name":"depth","id":13359,"geomIds":[13369]}]])
[0m[0;32m[2026-09-16 13:49:27.626][VERB] RETURN: {"result":"$13415"}
[0m[0;32m[2026-09-16 13:49:27.627][VERB] COMMANDCALL: _C.SafeAPI.Execute(["v1.part.extrusion",[{"references":[13365,13369,13375,13381],"name":"F872_makeBox_cad_primitives_py_8","taperAngle":0,"limit2":"@expr.d878_height","id":4}]])
[0m[0;32m[2026-09-16 13:49:27.634][VERB] RETURN: {"result":"$13419"}
[0m[0;32m[2026-09-16 13:49:27.634][VERB] COMMANDCALL: _C.SafeAPI.Execute(["v1.part.workPlane",[{"type":"PLANE","references":[38],"name":"F879_makeBox_cad_primitives_py_8_plane","offset":"@expr.d880_plane_offset","id":4}]])
[0m[0;32m[2026-09-16 13:49:27.639][VERB] RETURN: {"result":"$13462"}
[0m[0;32m[2026-09-16 13:49:27.640][VERB] COMMANDCALL: _C.SafeAPI.Execute(["v1.sketch.create",[{"planeId":13462,"name":"F879_makeBox_cad_primitives_py_8_profile","id":4}]])
[0m[0;32m[2026-09-16 13:49:27.642][VERB] RETURN: {"result":"$13468"}
[0m[0;32m[2026-09-16 13:49:27.642][VERB] COMMANDCALL: _C.SafeAPI.Execute(["v1.sketch.rectangle",[{"startPos":[83.5,-0.3,0],"id":13468,"genFixation":0,"endPos":[86.5,4,0]}]])
[0m[0;32m[2026-09-16 13:49:27.649][VERB] RETURN: {"result":["$13474","$13478","$13484","$13490"]}
[0m[0;32m[2026-09-16 13:49:27.650][VERB] COMMANDCALL: _C.SafeAPI.Execute(["v1.sketch.getPoints",[{"id":13474}]])
[0m[0;32m[2026-09-16 13:49:27.650][VERB] RETURN: {"result":{"endId":"$13476","startId":"$13475"}}
[0m[0;32m[2026-09-16 13:49:27.650][VERB] COMMANDCALL: _C.SafeAPI.Execute(["v1.sketch.point",[{"pos":[-1000,-1000,0],"id":13468}]])
[0m[0;32m[2026-09-16 13:49:27.652][VERB] RETURN: {"result":"$13506"}
[0m[0;32m[2026-09-16 13:49:27.652][VERB] COMMANDCALL: _C.SafeAPI.Execute(["v1.sketch.constraint",[{"type":"FIXATION","id":13468,"geomIds":[13506]}]])
[0m[0;32m[2026-09-16 13:49:27.654][VERB] RETURN: {"result":"$13508"}
[0m[0;32m[2026-09-16 13:49:27.654][VERB] COMMANDCALL: _C.SafeAPI.Execute(["v1.sketch.dimension",[{"type":"HORIZONTAL_DISTANCE","value":"@expr.d881_position_x","name":"position_x","id":13468,"geomIds":[13506,13475]}]])
[0m[0;32m[2026-09-16 13:49:27.660][VERB] RETURN: {"result":"$13512"}
[0m[0;32m[2026-09-16 13:49:27.661][VERB] COMMANDCALL: _C.SafeAPI.Execute(["v1.sketch.dimension",[{"type":"VERTICAL_DISTANCE","value":"@expr.d882_position_y","name":"position_y","id":13468,"geomIds":[13506,13475]}]])
[0m[0;32m[2026-09-16 13:49:27.667][VERB] RETURN: {"result":"$13516"}
[0m[0;32m[2026-09-16 13:49:27.668][VERB] COMMANDCALL: _C.SafeAPI.Execute(["v1.sketch.dimension",[{"type":"OFFSET","value":"@expr.d883_width","name":"width","id":13468,"geomIds":[13474]}]])
[0m[0;32m[2026-09-16 13:49:27.675][VERB] RETURN: {"result":"$13520"}
[0m[0;32m[2026-09-16 13:49:27.675][VERB] COMMANDCALL: _C.SafeAPI.Execute(["v1.sketch.dimension",[{"type":"OFFSET","value":"@expr.d884_depth","name":"depth","id":13468,"geomIds":[13478]}]])
[0m[0;32m[2026-09-16 13:49:27.684][VERB] RETURN: {"result":"$13524"}
[0m[0;32m[2026-09-16 13:49:27.684][VERB] COMMANDCALL: _C.SafeAPI.Execute(["v1.part.extrusion",[{"references":[13474,13478,13484,13490],"name":"F879_makeBox_cad_primitives_py_8","taperAngle":0,"limit2":"@expr.d885_height","id":4}]])
[0m[0;32m[2026-09-16 13:49:27.692][VERB] RETURN: {"result":"$13528"}
[0m[0;32m[2026-09-16 13:49:27.692][VERB] COMMANDCALL: _C.SafeAPI.Execute(["v1.part.workPlane",[{"type":"PLANE","references":[38],"name":"F886_makeBox_cad_primitives_py_8_plane","offset":"@expr.d887_plane_offset","id":4}]])
[0m[0;32m[2026-09-16 13:49:27.698][VERB] RETURN: {"result":"$13571"}
[0m[0;32m[2026-09-16 13:49:27.698][VERB] COMMANDCALL: _C.SafeAPI.Execute(["v1.sketch.create",[{"planeId":13571,"name":"F886_makeBox_cad_primitives_py_8_profile","id":4}]])
[0m[0;32m[2026-09-16 13:49:27.700][VERB] RETURN: {"result":"$13577"}
[0m[0;32m[2026-09-16 13:49:27.700][VERB] COMMANDCALL: _C.SafeAPI.Execute(["v1.sketch.rectangle",[{"startPos":[64.6,-0.3,0],"id":13577,"genFixation":0,"endPos":[67.6,4,0]}]])
[0m[0;32m[2026-09-16 13:49:27.707][VERB] RETURN: {"result":["$13583","$13587","$13593","$13599"]}
[0m[0;32m[2026-09-16 13:49:27.708][VERB] COMMANDCALL: _C.SafeAPI.Execute(["v1.sketch.getPoints",[{"id":13583}]])
[0m[0;32m[2026-09-16 13:49:27.708][VERB] RETURN: {"result":{"endId":"$13585","startId":"$13584"}}
[0m[0;32m[2026-09-16 13:49:27.708][VERB] COMMANDCALL: _C.SafeAPI.Execute(["v1.sketch.point",[{"pos":[-1000,-1000,0],"id":13577}]])
[0m[0;32m[2026-09-16 13:49:27.710][VERB] RETURN: {"result":"$13615"}
[0m[0;32m[2026-09-16 13:49:27.710][VERB] COMMANDCALL: _C.SafeAPI.Execute(["v1.sketch.constraint",[{"type":"FIXATION","id":13577,"geomIds":[13615]}]])
[0m[0;32m[2026-09-16 13:49:27.712][VERB] RETURN: {"result":"$13617"}
[0m[0;32m[2026-09-16 13:49:27.712][VERB] COMMANDCALL: _C.SafeAPI.Execute(["v1.sketch.dimension",[{"type":"HORIZONTAL_DISTANCE","value":"@expr.d888_position_x","name":"position_x","id":13577,"geomIds":[13615,13584]}]])
[0m[0;32m[2026-09-16 13:49:27.718][VERB] RETURN: {"result":"$13621"}
[0m[0;32m[2026-09-16 13:49:27.718][VERB] COMMANDCALL: _C.SafeAPI.Execute(["v1.sketch.dimension",[{"type":"VERTICAL_DISTANCE","value":"@expr.d889_position_y","name":"position_y","id":13577,"geomIds":[13615,13584]}]])
[0m[0;32m[2026-09-16 13:49:27.725][VERB] RETURN: {"result":"$13625"}
[0m[0;32m[2026-09-16 13:49:27.725][VERB] COMMANDCALL: _C.SafeAPI.Execute(["v1.sketch.dimension",[{"type":"OFFSET","value":"@expr.d890_width","name":"width","id":13577,"geomIds":[13583]}]])
[0m[0;32m[2026-09-16 13:49:27.733][VERB] RETURN: {"result":"$13629"}
[0m[0;32m[2026-09-16 13:49:27.733][VERB] COMMANDCALL: _C.SafeAPI.Execute(["v1.sketch.dimension",[{"type":"OFFSET","value":"@expr.d891_depth","name":"depth","id":13577,"geomIds":[13587]}]])
[0m[0;32m[2026-09-16 13:49:27.741][VERB] RETURN: {"result":"$13633"}
[0m[0;32m[2026-09-16 13:49:27.742][VERB] COMMANDCALL: _C.SafeAPI.Execute(["v1.part.extrusion",[{"references":[13583,13587,13593,13599],"name":"F886_makeBox_cad_primitives_py_8","taperAngle":0,"limit2":"@expr.d892_height","id":4}]])
[0m[0;32m[2026-09-16 13:49:27.749][VERB] RETURN: {"result":"$13637"}
[0m[0;32m[2026-09-16 13:49:27.750][VERB] COMMANDCALL: _C.SafeAPI.Execute(["v1.part.workPlane",[{"type":"PLANE","references":[38],"name":"F893_makeBox_cad_primitives_py_8_plane","offset":"@expr.d894_plane_offset","id":4}]])
[0m[0;32m[2026-09-16 13:49:27.755][VERB] RETURN: {"result":"$13680"}
[0m[0;32m[2026-09-16 13:49:27.755][VERB] COMMANDCALL: _C.SafeAPI.Execute(["v1.sketch.create",[{"planeId":13680,"name":"F893_makeBox_cad_primitives_py_8_profile","id":4}]])
[0m[0;32m[2026-09-16 13:49:27.757][VERB] RETURN: {"result":"$13686"}
[0m[0;32m[2026-09-16 13:49:27.757][VERB] COMMANDCALL: _C.SafeAPI.Execute(["v1.sketch.rectangle",[{"startPos":[4,0.65,0],"id":13686,"genFixation":0,"endPos":[7,2.6,0]}]])
[0m[0;32m[2026-09-16 13:49:27.764][VERB] RETURN: {"result":["$13692","$13696","$13702","$13708"]}
[0m[0;32m[2026-09-16 13:49:27.764][VERB] COMMANDCALL: _C.SafeAPI.Execute(["v1.sketch.getPoints",[{"id":13692}]])
[0m[0;32m[2026-09-16 13:49:27.764][VERB] RETURN: {"result":{"endId":"$13694","startId":"$13693"}}
[0m[0;32m[2026-09-16 13:49:27.764][VERB] COMMANDCALL: _C.SafeAPI.Execute(["v1.sketch.point",[{"pos":[-1000,-1000,0],"id":13686}]])
[0m[0;32m[2026-09-16 13:49:27.766][VERB] RETURN: {"result":"$13724"}
[0m[0;32m[2026-09-16 13:49:27.767][VERB] COMMANDCALL: _C.SafeAPI.Execute(["v1.sketch.constraint",[{"type":"FIXATION","id":13686,"geomIds":[13724]}]])
[0m[0;32m[2026-09-16 13:49:27.768][VERB] RETURN: {"result":"$13726"}
[0m[0;32m[2026-09-16 13:49:27.768][VERB] COMMANDCALL: _C.SafeAPI.Execute(["v1.sketch.dimension",[{"type":"HORIZONTAL_DISTANCE","value":"@expr.d895_position_x","name":"position_x","id":13686,"geomIds":[13724,13693]}]])
[0m[0;32m[2026-09-16 13:49:27.775][VERB] RETURN: {"result":"$13730"}
[0m[0;32m[2026-09-16 13:49:27.775][VERB] COMMANDCALL: _C.SafeAPI.Execute(["v1.sketch.dimension",[{"type":"VERTICAL_DISTANCE","value":"@expr.d896_position_y","name":"position_y","id":13686,"geomIds":[13724,13693]}]])
[0m[0;32m[2026-09-16 13:49:27.781][VERB] RETURN: {"result":"$13734"}
[0m[0;32m[2026-09-16 13:49:27.782][VERB] COMMANDCALL: _C.SafeAPI.Execute(["v1.sketch.dimension",[{"type":"OFFSET","value":"@expr.d897_width","name":"width","id":13686,"geomIds":[13692]}]])
[0m[0;32m[2026-09-16 13:49:27.789][VERB] RETURN: {"result":"$13738"}
[0m[0;32m[2026-09-16 13:49:27.789][VERB] COMMANDCALL: _C.SafeAPI.Execute(["v1.sketch.dimension",[{"type":"OFFSET","value":"@expr.d898_depth","name":"depth","id":13686,"geomIds":[13696]}]])
[0m[0;32m[2026-09-16 13:49:27.798][VERB] RETURN: {"result":"$13742"}
[0m[0;32m[2026-09-16 13:49:27.798][VERB] COMMANDCALL: _C.SafeAPI.Execute(["v1.part.extrusion",[{"references":[13692,13696,13702,13708],"name":"F893_makeBox_cad_primitives_py_8","taperAngle":0,"limit2":"@expr.d899_height","id":4}]])
[0m[0;32m[2026-09-16 13:49:27.805][VERB] RETURN: {"result":"$13746"}
[0m[0;32m[2026-09-16 13:49:27.806][VERB] COMMANDCALL: _C.SafeAPI.Execute(["v1.part.workPlane",[{"type":"PLANE","references":[38],"name":"F900_makeBox_cad_primitives_py_8_plane","offset":"@expr.d901_plane_offset","id":4}]])
[0m[0;32m[2026-09-16 13:49:27.811][VERB] RETURN: {"result":"$13789"}
[0m[0;32m[2026-09-16 13:49:27.811][VERB] COMMANDCALL: _C.SafeAPI.Execute(["v1.sketch.create",[{"planeId":13789,"name":"F900_makeBox_cad_primitives_py_8_profile","id":4}]])
[0m[0;32m[2026-09-16 13:49:27.813][VERB] RETURN: {"result":"$13795"}
[0m[0;32m[2026-09-16 13:49:27.813][VERB] COMMANDCALL: _C.SafeAPI.Execute(["v1.sketch.rectangle",[{"startPos":[17,0.65,0],"id":13795,"genFixation":0,"endPos":[20,2.6,0]}]])
[0m[0;32m[2026-09-16 13:49:27.820][VERB] RETURN: {"result":["$13801","$13805","$13811","$13817"]}
[0m[0;32m[2026-09-16 13:49:27.820][VERB] COMMANDCALL: _C.SafeAPI.Execute(["v1.sketch.getPoints",[{"id":13801}]])
[0m[0;32m[2026-09-16 13:49:27.820][VERB] RETURN: {"result":{"endId":"$13803","startId":"$13802"}}
[0m[0;32m[2026-09-16 13:49:27.820][VERB] COMMANDCALL: _C.SafeAPI.Execute(["v1.sketch.point",[{"pos":[-1000,-1000,0],"id":13795}]])
[0m[0;32m[2026-09-16 13:49:27.822][VERB] RETURN: {"result":"$13833"}
[0m[0;32m[2026-09-16 13:49:27.823][VERB] COMMANDCALL: _C.SafeAPI.Execute(["v1.sketch.constraint",[{"type":"FIXATION","id":13795,"geomIds":[13833]}]])
[0m[0;32m[2026-09-16 13:49:27.824][VERB] RETURN: {"result":"$13835"}
[0m[0;32m[2026-09-16 13:49:27.824][VERB] COMMANDCALL: _C.SafeAPI.Execute(["v1.sketch.dimension",[{"type":"HORIZONTAL_DISTANCE","value":"@expr.d902_position_x","name":"position_x","id":13795,"geomIds":[13833,13802]}]])
[0m[0;32m[2026-09-16 13:49:27.830][VERB] RETURN: {"result":"$13839"}
[0m[0;32m[2026-09-16 13:49:27.830][VERB] COMMANDCALL: _C.SafeAPI.Execute(["v1.sketch.dimension",[{"type":"VERTICAL_DISTANCE","value":"@expr.d903_position_y","name":"position_y","id":13795,"geomIds":[13833,13802]}]])
[0m[0;32m[2026-09-16 13:49:27.837][VERB] RETURN: {"result":"$13843"}
[0m[0;32m[2026-09-16 13:49:27.837][VERB] COMMANDCALL: _C.SafeAPI.Execute(["v1.sketch.dimension",[{"type":"OFFSET","value":"@expr.d904_width","name":"width","id":13795,"geomIds":[13801]}]])
[0m[0;32m[2026-09-16 13:49:27.845][VERB] RETURN: {"result":"$13847"}
[0m[0;32m[2026-09-16 13:49:27.845][VERB] COMMANDCALL: _C.SafeAPI.Execute(["v1.sketch.dimension",[{"type":"OFFSET","value":"@expr.d905_depth","name":"depth","id":13795,"geomIds":[13805]}]])
[0m[0;32m[2026-09-16 13:49:27.853][VERB] RETURN: {"result":"$13851"}
[0m[0;32m[2026-09-16 13:49:27.853][VERB] COMMANDCALL: _C.SafeAPI.Execute(["v1.part.extrusion",[{"references":[13801,13805,13811,13817],"name":"F900_makeBox_cad_primitives_py_8","taperAngle":0,"limit2":"@expr.d906_height","id":4}]])
[0m[0;32m[2026-09-16 13:49:27.860][VERB] RETURN: {"result":"$13855"}
[0m[0;32m[2026-09-16 13:49:27.861][VERB] COMMANDCALL: _C.SafeAPI.Execute(["v1.part.workPlane",[{"type":"PLANE","references":[38],"name":"F907_makeBox_cad_primitives_py_8_plane","offset":"@expr.d908_plane_offset","id":4}]])
[0m[0;32m[2026-09-16 13:49:27.866][VERB] RETURN: {"result":"$13898"}
[0m[0;32m[2026-09-16 13:49:27.866][VERB] COMMANDCALL: _C.SafeAPI.Execute(["v1.sketch.create",[{"planeId":13898,"name":"F907_makeBox_cad_primitives_py_8_profile","id":4}]])
[0m[0;32m[2026-09-16 13:49:27.868][VERB] RETURN: {"result":"$13904"}
[0m[0;32m[2026-09-16 13:49:27.869][VERB] COMMANDCALL: _C.SafeAPI.Execute(["v1.sketch.rectangle",[{"startPos":[10.5,23.8,0],"id":13904,"genFixation":0,"endPos":[13.5,27.8,0]}]])
[0m[0;32m[2026-09-16 13:49:27.878][VERB] RETURN: {"result":["$13910","$13914","$13920","$13926"]}
[0m[0;32m[2026-09-16 13:49:27.878][VERB] COMMANDCALL: _C.SafeAPI.Execute(["v1.sketch.getPoints",[{"id":13910}]])
[0m[0;32m[2026-09-16 13:49:27.879][VERB] RETURN: {"result":{"endId":"$13912","startId":"$13911"}}
[0m[0;32m[2026-09-16 13:49:27.879][VERB] COMMANDCALL: _C.SafeAPI.Execute(["v1.sketch.point",[{"pos":[-1000,-1000,0],"id":13904}]])
[0m[0;32m[2026-09-16 13:49:27.881][VERB] RETURN: {"result":"$13942"}
[0m[0;32m[2026-09-16 13:49:27.881][VERB] COMMANDCALL: _C.SafeAPI.Execute(["v1.sketch.constraint",[{"type":"FIXATION","id":13904,"geomIds":[13942]}]])
[0m[0;32m[2026-09-16 13:49:27.883][VERB] RETURN: {"result":"$13944"}
[0m[0;32m[2026-09-16 13:49:27.883][VERB] COMMANDCALL: _C.SafeAPI.Execute(["v1.sketch.dimension",[{"type":"HORIZONTAL_DISTANCE","value":"@expr.d909_position_x","name":"position_x","id":13904,"geomIds":[13942,13911]}]])
[0m[0;32m[2026-09-16 13:49:27.889][VERB] RETURN: {"result":"$13948"}
[0m[0;32m[2026-09-16 13:49:27.889][VERB] COMMANDCALL: _C.SafeAPI.Execute(["v1.sketch.dimension",[{"type":"VERTICAL_DISTANCE","value":"@expr.d910_position_y","name":"position_y","id":13904,"geomIds":[13942,13911]}]])
[0m[0;32m[2026-09-16 13:49:27.896][VERB] RETURN: {"result":"$13952"}
[0m[0;32m[2026-09-16 13:49:27.896][VERB] COMMANDCALL: _C.SafeAPI.Execute(["v1.sketch.dimension",[{"type":"OFFSET","value":"@expr.d911_width","name":"width","id":13904,"geomIds":[13910]}]])
[0m[0;32m[2026-09-16 13:49:27.904][VERB] RETURN: {"result":"$13956"}
[0m[0;32m[2026-09-16 13:49:27.904][VERB] COMMANDCALL: _C.SafeAPI.Execute(["v1.sketch.dimension",[{"type":"OFFSET","value":"@expr.d912_depth","name":"depth","id":13904,"geomIds":[13914]}]])
[0m[0;32m[2026-09-16 13:49:27.912][VERB] RETURN: {"result":"$13960"}
[0m[0;32m[2026-09-16 13:49:27.912][VERB] COMMANDCALL: _C.SafeAPI.Execute(["v1.part.extrusion",[{"references":[13910,13914,13920,13926],"name":"F907_makeBox_cad_primitives_py_8","taperAngle":0,"limit2":"@expr.d913_height","id":4}]])
[0m[0;32m[2026-09-16 13:49:27.920][VERB] RETURN: {"result":"$13964"}
[0m[0;32m[2026-09-16 13:49:27.920][VERB] COMMANDCALL: _C.SafeAPI.Execute(["v1.part.workPlane",[{"type":"PLANE","references":[38],"name":"F914_makeBox_cad_primitives_py_8_plane","offset":"@expr.d915_plane_offset","id":4}]])
[0m[0;32m[2026-09-16 13:49:27.925][VERB] RETURN: {"result":"$14007"}
[0m[0;32m[2026-09-16 13:49:27.925][VERB] COMMANDCALL: _C.SafeAPI.Execute(["v1.sketch.create",[{"planeId":14007,"name":"F914_makeBox_cad_primitives_py_8_profile","id":4}]])
[0m[0;32m[2026-09-16 13:49:27.928][VERB] RETURN: {"result":"$14013"}
[0m[0;32m[2026-09-16 13:49:27.928][VERB] COMMANDCALL: _C.SafeAPI.Execute(["v1.sketch.rectangle",[{"startPos":[40,23.8,0],"id":14013,"genFixation":0,"endPos":[43,27.8,0]}]])
[0m[0;32m[2026-09-16 13:49:27.935][VERB] RETURN: {"result":["$14019","$14023","$14029","$14035"]}
[0m[0;32m[2026-09-16 13:49:27.935][VERB] COMMANDCALL: _C.SafeAPI.Execute(["v1.sketch.getPoints",[{"id":14019}]])
[0m[0;32m[2026-09-16 13:49:27.936][VERB] RETURN: {"result":{"endId":"$14021","startId":"$14020"}}
[0m[0;32m[2026-09-16 13:49:27.936][VERB] COMMANDCALL: _C.SafeAPI.Execute(["v1.sketch.point",[{"pos":[-1000,-1000,0],"id":14013}]])
[0m[0;32m[2026-09-16 13:49:27.938][VERB] RETURN: {"result":"$14051"}
[0m[0;32m[2026-09-16 13:49:27.938][VERB] COMMANDCALL: _C.SafeAPI.Execute(["v1.sketch.constraint",[{"type":"FIXATION","id":14013,"geomIds":[14051]}]])
[0m[0;32m[2026-09-16 13:49:27.939][VERB] RETURN: {"result":"$14053"}
[0m[0;32m[2026-09-16 13:49:27.939][VERB] COMMANDCALL: _C.SafeAPI.Execute(["v1.sketch.dimension",[{"type":"HORIZONTAL_DISTANCE","value":"@expr.d916_position_x","name":"position_x","id":14013,"geomIds":[14051,14020]}]])
[0m[0;32m[2026-09-16 13:49:27.945][VERB] RETURN: {"result":"$14057"}
[0m[0;32m[2026-09-16 13:49:27.946][VERB] COMMANDCALL: _C.SafeAPI.Execute(["v1.sketch.dimension",[{"type":"VERTICAL_DISTANCE","value":"@expr.d917_position_y","name":"position_y","id":14013,"geomIds":[14051,14020]}]])
[0m[0;32m[2026-09-16 13:49:27.952][VERB] RETURN: {"result":"$14061"}
[0m[0;32m[2026-09-16 13:49:27.952][VERB] COMMANDCALL: _C.SafeAPI.Execute(["v1.sketch.dimension",[{"type":"OFFSET","value":"@expr.d918_width","name":"width","id":14013,"geomIds":[14019]}]])
[0m[0;32m[2026-09-16 13:49:27.960][VERB] RETURN: {"result":"$14065"}
[0m[0;32m[2026-09-16 13:49:27.960][VERB] COMMANDCALL: _C.SafeAPI.Execute(["v1.sketch.dimension",[{"type":"OFFSET","value":"@expr.d919_depth","name":"depth","id":14013,"geomIds":[14023]}]])
[0m[0;32m[2026-09-16 13:49:27.968][VERB] RETURN: {"result":"$14069"}
[0m[0;32m[2026-09-16 13:49:27.969][VERB] COMMANDCALL: _C.SafeAPI.Execute(["v1.part.extrusion",[{"references":[14019,14023,14029,14035],"name":"F914_makeBox_cad_primitives_py_8","taperAngle":0,"limit2":"@expr.d920_height","id":4}]])
[0m[0;32m[2026-09-16 13:49:27.976][VERB] RETURN: {"result":"$14073"}
[0m[0;32m[2026-09-16 13:49:27.977][VERB] COMMANDCALL: _C.SafeAPI.Execute(["v1.part.workPlane",[{"type":"PLANE","references":[38],"name":"F921_makeBox_cad_primitives_py_8_plane","offset":"@expr.d922_plane_offset","id":4}]])
[0m[0;32m[2026-09-16 13:49:27.982][VERB] RETURN: {"result":"$14116"}
[0m[0;32m[2026-09-16 13:49:27.983][VERB] COMMANDCALL: _C.SafeAPI.Execute(["v1.sketch.create",[{"planeId":14116,"name":"F921_makeBox_cad_primitives_py_8_profile","id":4}]])
[0m[0;32m[2026-09-16 13:49:27.985][VERB] RETURN: {"result":"$14122"}
[0m[0;32m[2026-09-16 13:49:27.985][VERB] COMMANDCALL: _C.SafeAPI.Execute(["v1.sketch.rectangle",[{"startPos":[61.6,24.4,0],"id":14122,"genFixation":0,"endPos":[68.6,36.7,0]}]])
[0m[0;32m[2026-09-16 13:49:27.992][VERB] RETURN: {"result":["$14128","$14132","$14138","$14144"]}
[0m[0;32m[2026-09-16 13:49:27.992][VERB] COMMANDCALL: _C.SafeAPI.Execute(["v1.sketch.getPoints",[{"id":14128}]])
[0m[0;32m[2026-09-16 13:49:27.992][VERB] RETURN: {"result":{"endId":"$14130","startId":"$14129"}}
[0m[0;32m[2026-09-16 13:49:27.992][VERB] COMMANDCALL: _C.SafeAPI.Execute(["v1.sketch.point",[{"pos":[-1000,-1000,0],"id":14122}]])
[0m[0;32m[2026-09-16 13:49:27.995][VERB] RETURN: {"result":"$14160"}
[0m[0;32m[2026-09-16 13:49:27.995][VERB] COMMANDCALL: _C.SafeAPI.Execute(["v1.sketch.constraint",[{"type":"FIXATION","id":14122,"geomIds":[14160]}]])
[0m[0;32m[2026-09-16 13:49:27.996][VERB] RETURN: {"result":"$14162"}
[0m[0;32m[2026-09-16 13:49:27.996][VERB] COMMANDCALL: _C.SafeAPI.Execute(["v1.sketch.dimension",[{"type":"HORIZONTAL_DISTANCE","value":"@expr.d923_position_x","name":"position_x","id":14122,"geomIds":[14160,14129]}]])
[0m[0;32m[2026-09-16 13:49:28.002][VERB] RETURN: {"result":"$14166"}
[0m[0;32m[2026-09-16 13:49:28.002][VERB] COMMANDCALL: _C.SafeAPI.Execute(["v1.sketch.dimension",[{"type":"VERTICAL_DISTANCE","value":"@expr.d924_position_y","name":"position_y","id":14122,"geomIds":[14160,14129]}]])
[0m[0;32m[2026-09-16 13:49:28.009][VERB] RETURN: {"result":"$14170"}
[0m[0;32m[2026-09-16 13:49:28.009][VERB] COMMANDCALL: _C.SafeAPI.Execute(["v1.sketch.dimension",[{"type":"OFFSET","value":"@expr.d925_width","name":"width","id":14122,"geomIds":[14128]}]])
[0m[0;32m[2026-09-16 13:49:28.017][VERB] RETURN: {"result":"$14174"}
[0m[0;32m[2026-09-16 13:49:28.017][VERB] COMMANDCALL: _C.SafeAPI.Execute(["v1.sketch.dimension",[{"type":"OFFSET","value":"@expr.d926_depth","name":"depth","id":14122,"geomIds":[14132]}]])
[0m[0;32m[2026-09-16 13:49:28.025][VERB] RETURN: {"result":"$14178"}
[0m[0;32m[2026-09-16 13:49:28.026][VERB] COMMANDCALL: _C.SafeAPI.Execute(["v1.part.extrusion",[{"references":[14128,14132,14138,14144],"name":"F921_makeBox_cad_primitives_py_8","taperAngle":0,"limit2":"@expr.d927_height","id":4}]])
[0m[0;32m[2026-09-16 13:49:28.032][VERB] RETURN: {"result":"$14182"}
[0m[0;32m[2026-09-16 13:49:28.033][VERB] COMMANDCALL: _C.SafeAPI.Execute(["v1.part.workPlane",[{"type":"PLANE","references":[38],"name":"F928_makeBox_cad_primitives_py_8_plane","offset":"@expr.d929_plane_offset","id":4}]])
[0m[0;32m[2026-09-16 13:49:28.039][VERB] RETURN: {"result":"$14225"}
[0m[0;32m[2026-09-16 13:49:28.039][VERB] COMMANDCALL: _C.SafeAPI.Execute(["v1.sketch.create",[{"planeId":14225,"name":"F928_makeBox_cad_primitives_py_8_profile","id":4}]])
[0m[0;32m[2026-09-16 13:49:28.041][VERB] RETURN: {"result":"$14231"}
[0m[0;32m[2026-09-16 13:49:28.041][VERB] COMMANDCALL: _C.SafeAPI.Execute(["v1.sketch.rectangle",[{"startPos":[50.2,2.3,0],"id":14231,"genFixation":0,"endPos":[53.8,5.1,0]}]])
[0m[0;32m[2026-09-16 13:49:28.047][VERB] RETURN: {"result":["$14237","$14241","$14247","$14253"]}
[0m[0;32m[2026-09-16 13:49:28.048][VERB] COMMANDCALL: _C.SafeAPI.Execute(["v1.sketch.getPoints",[{"id":14237}]])
[0m[0;32m[2026-09-16 13:49:28.048][VERB] RETURN: {"result":{"endId":"$14239","startId":"$14238"}}
[0m[0;32m[2026-09-16 13:49:28.048][VERB] COMMANDCALL: _C.SafeAPI.Execute(["v1.sketch.point",[{"pos":[-1000,-1000,0],"id":14231}]])
[0m[0;32m[2026-09-16 13:49:28.050][VERB] RETURN: {"result":"$14269"}
[0m[0;32m[2026-09-16 13:49:28.050][VERB] COMMANDCALL: _C.SafeAPI.Execute(["v1.sketch.constraint",[{"type":"FIXATION","id":14231,"geomIds":[14269]}]])
[0m[0;32m[2026-09-16 13:49:28.052][VERB] RETURN: {"result":"$14271"}
[0m[0;32m[2026-09-16 13:49:28.052][VERB] COMMANDCALL: _C.SafeAPI.Execute(["v1.sketch.dimension",[{"type":"HORIZONTAL_DISTANCE","value":"@expr.d930_position_x","name":"position_x","id":14231,"geomIds":[14269,14238]}]])
[0m[0;32m[2026-09-16 13:49:28.058][VERB] RETURN: {"result":"$14275"}
[0m[0;32m[2026-09-16 13:49:28.058][VERB] COMMANDCALL: _C.SafeAPI.Execute(["v1.sketch.dimension",[{"type":"VERTICAL_DISTANCE","value":"@expr.d931_position_y","name":"position_y","id":14231,"geomIds":[14269,14238]}]])
[0m[0;32m[2026-09-16 13:49:28.065][VERB] RETURN: {"result":"$14279"}
[0m[0;32m[2026-09-16 13:49:28.065][VERB] COMMANDCALL: _C.SafeAPI.Execute(["v1.sketch.dimension",[{"type":"OFFSET","value":"@expr.d932_width","name":"width","id":14231,"geomIds":[14237]}]])
[0m[0;32m[2026-09-16 13:49:28.073][VERB] RETURN: {"result":"$14283"}
[0m[0;32m[2026-09-16 13:49:28.073][VERB] COMMANDCALL: _C.SafeAPI.Execute(["v1.sketch.dimension",[{"type":"OFFSET","value":"@expr.d933_depth","name":"depth","id":14231,"geomIds":[14241]}]])
[0m[0;32m[2026-09-16 13:49:28.082][VERB] RETURN: {"result":"$14287"}
[0m[0;32m[2026-09-16 13:49:28.082][VERB] COMMANDCALL: _C.SafeAPI.Execute(["v1.part.extrusion",[{"references":[14237,14241,14247,14253],"name":"F928_makeBox_cad_primitives_py_8","taperAngle":0,"limit2":"@expr.d934_height","id":4}]])
[0m[0;32m[2026-09-16 13:49:28.089][VERB] RETURN: {"result":"$14291"}
[0m[0;32m[2026-09-16 13:49:28.089][VERB] COMMANDCALL: _C.SafeAPI.Execute(["v1.part.workPlane",[{"type":"PLANE","references":[38],"name":"F935_makeBox_cad_primitives_py_8_plane","offset":"@expr.d936_plane_offset","id":4}]])
[0m[0;32m[2026-09-16 13:49:28.095][VERB] RETURN: {"result":"$14334"}
[0m[0;32m[2026-09-16 13:49:28.095][VERB] COMMANDCALL: _C.SafeAPI.Execute(["v1.sketch.create",[{"planeId":14334,"name":"F935_makeBox_cad_primitives_py_8_profile","id":4}]])
[0m[0;32m[2026-09-16 13:49:28.098][VERB] RETURN: {"result":"$14340"}
[0m[0;32m[2026-09-16 13:49:28.098][VERB] COMMANDCALL: _C.SafeAPI.Execute(["v1.sketch.rectangle",[{"startPos":[50.6,24.5,0],"id":14340,"genFixation":0,"endPos":[53.85,25.8,0]}]])
[0m[0;32m[2026-09-16 13:49:28.105][VERB] RETURN: {"result":["$14346","$14350","$14356","$14362"]}
[0m[0;32m[2026-09-16 13:49:28.105][VERB] COMMANDCALL: _C.SafeAPI.Execute(["v1.sketch.getPoints",[{"id":14346}]])
[0m[0;32m[2026-09-16 13:49:28.105][VERB] RETURN: {"result":{"endId":"$14348","startId":"$14347"}}
[0m[0;32m[2026-09-16 13:49:28.105][VERB] COMMANDCALL: _C.SafeAPI.Execute(["v1.sketch.point",[{"pos":[-1000,-1000,0],"id":14340}]])
[0m[0;32m[2026-09-16 13:49:28.107][VERB] RETURN: {"result":"$14378"}
[0m[0;32m[2026-09-16 13:49:28.107][VERB] COMMANDCALL: _C.SafeAPI.Execute(["v1.sketch.constraint",[{"type":"FIXATION","id":14340,"geomIds":[14378]}]])
[0m[0;32m[2026-09-16 13:49:28.109][VERB] RETURN: {"result":"$14380"}
[0m[0;32m[2026-09-16 13:49:28.109][VERB] COMMANDCALL: _C.SafeAPI.Execute(["v1.sketch.dimension",[{"type":"HORIZONTAL_DISTANCE","value":"@expr.d937_position_x","name":"position_x","id":14340,"geomIds":[14378,14347]}]])
[0m[0;32m[2026-09-16 13:49:28.115][VERB] RETURN: {"result":"$14384"}
[0m[0;32m[2026-09-16 13:49:28.115][VERB] COMMANDCALL: _C.SafeAPI.Execute(["v1.sketch.dimension",[{"type":"VERTICAL_DISTANCE","value":"@expr.d938_position_y","name":"position_y","id":14340,"geomIds":[14378,14347]}]])
[0m[0;32m[2026-09-16 13:49:28.122][VERB] RETURN: {"result":"$14388"}
[0m[0;32m[2026-09-16 13:49:28.122][VERB] COMMANDCALL: _C.SafeAPI.Execute(["v1.sketch.dimension",[{"type":"OFFSET","value":"@expr.d939_width","name":"width","id":14340,"geomIds":[14346]}]])
[0m[0;32m[2026-09-16 13:49:28.129][VERB] RETURN: {"result":"$14392"}
[0m[0;32m[2026-09-16 13:49:28.130][VERB] COMMANDCALL: _C.SafeAPI.Execute(["v1.sketch.dimension",[{"type":"OFFSET","value":"@expr.d940_depth","name":"depth","id":14340,"geomIds":[14350]}]])
[0m[0;32m[2026-09-16 13:49:28.138][VERB] RETURN: {"result":"$14396"}
[0m[0;32m[2026-09-16 13:49:28.138][VERB] COMMANDCALL: _C.SafeAPI.Execute(["v1.part.extrusion",[{"references":[14346,14350,14356,14362],"name":"F935_makeBox_cad_primitives_py_8","taperAngle":0,"limit2":"@expr.d941_height","id":4}]])
[0m[0;32m[2026-09-16 13:49:28.146][VERB] RETURN: {"result":"$14400"}
[0m[0;32m[2026-09-16 13:49:28.146][VERB] COMMANDCALL: _C.SafeAPI.Execute(["v1.part.workPlane",[{"type":"PLANE","references":[38],"name":"F942_makeBox_cad_primitives_py_8_plane","offset":"@expr.d943_plane_offset","id":4}]])
[0m[0;32m[2026-09-16 13:49:28.151][VERB] RETURN: {"result":"$14443"}
[0m[0;32m[2026-09-16 13:49:28.151][VERB] COMMANDCALL: _C.SafeAPI.Execute(["v1.sketch.create",[{"planeId":14443,"name":"F942_makeBox_cad_primitives_py_8_profile","id":4}]])
[0m[0;32m[2026-09-16 13:49:28.154][VERB] RETURN: {"result":"$14449"}
[0m[0;32m[2026-09-16 13:49:28.154][VERB] COMMANDCALL: _C.SafeAPI.Execute(["v1.sketch.rectangle",[{"startPos":[52.3,24.5,0],"id":14449,"genFixation":0,"endPos":[53.85,27.5,0]}]])
[0m[0;32m[2026-09-16 13:49:28.161][VERB] RETURN: {"result":["$14455","$14459","$14465","$14471"]}
[0m[0;32m[2026-09-16 13:49:28.161][VERB] COMMANDCALL: _C.SafeAPI.Execute(["v1.sketch.getPoints",[{"id":14455}]])
[0m[0;32m[2026-09-16 13:49:28.161][VERB] RETURN: {"result":{"endId":"$14457","startId":"$14456"}}
[0m[0;32m[2026-09-16 13:49:28.161][VERB] COMMANDCALL: _C.SafeAPI.Execute(["v1.sketch.point",[{"pos":[-1000,-1000,0],"id":14449}]])
[0m[0;32m[2026-09-16 13:49:28.163][VERB] RETURN: {"result":"$14487"}
[0m[0;32m[2026-09-16 13:49:28.164][VERB] COMMANDCALL: _C.SafeAPI.Execute(["v1.sketch.constraint",[{"type":"FIXATION","id":14449,"geomIds":[14487]}]])
[0m[0;32m[2026-09-16 13:49:28.165][VERB] RETURN: {"result":"$14489"}
[0m[0;32m[2026-09-16 13:49:28.165][VERB] COMMANDCALL: _C.SafeAPI.Execute(["v1.sketch.dimension",[{"type":"HORIZONTAL_DISTANCE","value":"@expr.d944_position_x","name":"position_x","id":14449,"geomIds":[14487,14456]}]])
[0m[0;32m[2026-09-16 13:49:28.171][VERB] RETURN: {"result":"$14493"}
[0m[0;32m[2026-09-16 13:49:28.172][VERB] COMMANDCALL: _C.SafeAPI.Execute(["v1.sketch.dimension",[{"type":"VERTICAL_DISTANCE","value":"@expr.d945_position_y","name":"position_y","id":14449,"geomIds":[14487,14456]}]])
[0m[0;32m[2026-09-16 13:49:28.178][VERB] RETURN: {"result":"$14497"}
[0m[0;32m[2026-09-16 13:49:28.178][VERB] COMMANDCALL: _C.SafeAPI.Execute(["v1.sketch.dimension",[{"type":"OFFSET","value":"@expr.d946_width","name":"width","id":14449,"geomIds":[14455]}]])
[0m[0;32m[2026-09-16 13:49:28.186][VERB] RETURN: {"result":"$14501"}
[0m[0;32m[2026-09-16 13:49:28.187][VERB] COMMANDCALL: _C.SafeAPI.Execute(["v1.sketch.dimension",[{"type":"OFFSET","value":"@expr.d947_depth","name":"depth","id":14449,"geomIds":[14459]}]])
[0m[0;32m[2026-09-16 13:49:28.195][VERB] RETURN: {"result":"$14505"}
[0m[0;32m[2026-09-16 13:49:28.195][VERB] COMMANDCALL: _C.SafeAPI.Execute(["v1.part.extrusion",[{"references":[14455,14459,14465,14471],"name":"F942_makeBox_cad_primitives_py_8","taperAngle":0,"limit2":"@expr.d948_height","id":4}]])
[0m[0;32m[2026-09-16 13:49:28.203][VERB] RETURN: {"result":"$14509"}
[0m[0;32m[2026-09-16 13:49:28.203][VERB] COMMANDCALL: _C.SafeAPI.Execute(["v1.part.boolean",[{"type":"UNION","tools":[9822,9931,10040,10149,10258,10367,10476,10585,10694,10803,10912,11021,11130,11239,11348,11457,11566,11675,11784,11893,12002,12111,12220,12329,12438,12547,12656,12765,12874,12983,13092,13201,13310,13419,13528,13637,1374 ...
[0m[0;32m[2026-09-16 13:49:28.627][VERB] RETURN: {"result":"$14552"}
[0m[0;32m[2026-09-16 13:49:28.628][VERB] COMMANDCALL: _C.SafeAPI.Execute(["v1.part.workPlane",[{"type":"PLANE","references":[38],"name":"F949_makeBox_cad_primitives_py_8_plane","offset":"@expr.d950_plane_offset","id":4}]])
[0m[0;32m[2026-09-16 13:49:28.633][VERB] RETURN: {"result":"$16568"}
[0m[0;32m[2026-09-16 13:49:28.634][VERB] COMMANDCALL: _C.SafeAPI.Execute(["v1.sketch.create",[{"planeId":16568,"name":"F949_makeBox_cad_primitives_py_8_profile","id":4}]])
[0m[0;32m[2026-09-16 13:49:28.636][VERB] RETURN: {"result":"$16574"}
[0m[0;32m[2026-09-16 13:49:28.636][VERB] COMMANDCALL: _C.SafeAPI.Execute(["v1.sketch.rectangle",[{"startPos":[73,21.8,0],"id":16574,"genFixation":0,"endPos":[77,25.1,0]}]])
[0m[0;32m[2026-09-16 13:49:28.643][VERB] RETURN: {"result":["$16580","$16584","$16590","$16596"]}
[0m[0;32m[2026-09-16 13:49:28.644][VERB] COMMANDCALL: _C.SafeAPI.Execute(["v1.sketch.getPoints",[{"id":16580}]])
[0m[0;32m[2026-09-16 13:49:28.644][VERB] RETURN: {"result":{"endId":"$16582","startId":"$16581"}}
[0m[0;32m[2026-09-16 13:49:28.644][VERB] COMMANDCALL: _C.SafeAPI.Execute(["v1.sketch.point",[{"pos":[-1000,-1000,0],"id":16574}]])
[0m[0;32m[2026-09-16 13:49:28.646][VERB] RETURN: {"result":"$16612"}
[0m[0;32m[2026-09-16 13:49:28.646][VERB] COMMANDCALL: _C.SafeAPI.Execute(["v1.sketch.constraint",[{"type":"FIXATION","id":16574,"geomIds":[16612]}]])
[0m[0;32m[2026-09-16 13:49:28.648][VERB] RETURN: {"result":"$16614"}
[0m[0;32m[2026-09-16 13:49:28.648][VERB] COMMANDCALL: _C.SafeAPI.Execute(["v1.sketch.dimension",[{"type":"HORIZONTAL_DISTANCE","value":"@expr.d951_position_x","name":"position_x","id":16574,"geomIds":[16612,16581]}]])
[0m[0;32m[2026-09-16 13:49:28.654][VERB] RETURN: {"result":"$16618"}
[0m[0;32m[2026-09-16 13:49:28.654][VERB] COMMANDCALL: _C.SafeAPI.Execute(["v1.sketch.dimension",[{"type":"VERTICAL_DISTANCE","value":"@expr.d952_position_y","name":"position_y","id":16574,"geomIds":[16612,16581]}]])
[0m[0;32m[2026-09-16 13:49:28.661][VERB] RETURN: {"result":"$16622"}
[0m[0;32m[2026-09-16 13:49:28.661][VERB] COMMANDCALL: _C.SafeAPI.Execute(["v1.sketch.dimension",[{"type":"OFFSET","value":"@expr.d953_width","name":"width","id":16574,"geomIds":[16580]}]])
[0m[0;32m[2026-09-16 13:49:28.669][VERB] RETURN: {"result":"$16626"}
[0m[0;32m[2026-09-16 13:49:28.670][VERB] COMMANDCALL: _C.SafeAPI.Execute(["v1.sketch.dimension",[{"type":"OFFSET","value":"@expr.d954_depth","name":"depth","id":16574,"geomIds":[16584]}]])
[0m[0;32m[2026-09-16 13:49:28.678][VERB] RETURN: {"result":"$16630"}
[0m[0;32m[2026-09-16 13:49:28.679][VERB] COMMANDCALL: _C.SafeAPI.Execute(["v1.part.extrusion",[{"references":[16580,16584,16590,16596],"name":"F949_makeBox_cad_primitives_py_8","taperAngle":0,"limit2":"@expr.d955_height","id":4}]])
[0m[0;32m[2026-09-16 13:49:28.688][VERB] RETURN: {"result":"$16634"}
[0m[0;32m[2026-09-16 13:49:28.688][VERB] COMMANDCALL: _C.SafeAPI.Execute(["v1.part.boolean",[{"type":"SUBTRACTION","tools":[16634],"target":14552,"name":"F50_cut_housing_py_273","id":4}]])
[0m[0;32m[2026-09-16 13:49:28.714][VERB] RETURN: {"result":"$16677"}
[0m[0;32m[2026-09-16 13:49:28.714][VERB] COMMANDCALL: _C.SafeAPI.Execute(["v1.part.workPlane",[{"type":"PLANE","references":[38],"name":"F956_makeBox_cad_primitives_py_8_plane","offset":"@expr.d957_plane_offset","id":4}]])
[0m[0;32m[2026-09-16 13:49:28.720][VERB] RETURN: {"result":"$16723"}
[0m[0;32m[2026-09-16 13:49:28.720][VERB] COMMANDCALL: _C.SafeAPI.Execute(["v1.sketch.create",[{"planeId":16723,"name":"F956_makeBox_cad_primitives_py_8_profile","id":4}]])
[0m[0;32m[2026-09-16 13:49:28.723][VERB] RETURN: {"result":"$16729"}
[0m[0;32m[2026-09-16 13:49:28.723][VERB] COMMANDCALL: _C.SafeAPI.Execute(["v1.sketch.rectangle",[{"startPos":[1.6,23.9,0],"id":16729,"genFixation":0,"endPos":[2.8,27.4,0]}]])
[0m[0;32m[2026-09-16 13:49:28.730][VERB] RETURN: {"result":["$16735","$16739","$16745","$16751"]}
[0m[0;32m[2026-09-16 13:49:28.730][VERB] COMMANDCALL: _C.SafeAPI.Execute(["v1.sketch.getPoints",[{"id":16735}]])
[0m[0;32m[2026-09-16 13:49:28.731][VERB] RETURN: {"result":{"endId":"$16737","startId":"$16736"}}
[0m[0;32m[2026-09-16 13:49:28.731][VERB] COMMANDCALL: _C.SafeAPI.Execute(["v1.sketch.point",[{"pos":[-1000,-1000,0],"id":16729}]])
[0m[0;32m[2026-09-16 13:49:28.733][VERB] RETURN: {"result":"$16767"}
[0m[0;32m[2026-09-16 13:49:28.733][VERB] COMMANDCALL: _C.SafeAPI.Execute(["v1.sketch.constraint",[{"type":"FIXATION","id":16729,"geomIds":[16767]}]])
[0m[0;32m[2026-09-16 13:49:28.735][VERB] RETURN: {"result":"$16769"}
[0m[0;32m[2026-09-16 13:49:28.735][VERB] COMMANDCALL: _C.SafeAPI.Execute(["v1.sketch.dimension",[{"type":"HORIZONTAL_DISTANCE","value":"@expr.d958_position_x","name":"position_x","id":16729,"geomIds":[16767,16736]}]])
[0m[0;32m[2026-09-16 13:49:28.741][VERB] RETURN: {"result":"$16773"}
[0m[0;32m[2026-09-16 13:49:28.741][VERB] COMMANDCALL: _C.SafeAPI.Execute(["v1.sketch.dimension",[{"type":"VERTICAL_DISTANCE","value":"@expr.d959_position_y","name":"position_y","id":16729,"geomIds":[16767,16736]}]])
[0m[0;32m[2026-09-16 13:49:28.748][VERB] RETURN: {"result":"$16777"}
[0m[0;32m[2026-09-16 13:49:28.748][VERB] COMMANDCALL: _C.SafeAPI.Execute(["v1.sketch.dimension",[{"type":"OFFSET","value":"@expr.d960_width","name":"width","id":16729,"geomIds":[16735]}]])
[0m[0;32m[2026-09-16 13:49:28.756][VERB] RETURN: {"result":"$16781"}
[0m[0;32m[2026-09-16 13:49:28.756][VERB] COMMANDCALL: _C.SafeAPI.Execute(["v1.sketch.dimension",[{"type":"OFFSET","value":"@expr.d961_depth","name":"depth","id":16729,"geomIds":[16739]}]])
[0m[0;32m[2026-09-16 13:49:28.765][VERB] RETURN: {"result":"$16785"}
[0m[0;32m[2026-09-16 13:49:28.765][VERB] COMMANDCALL: _C.SafeAPI.Execute(["v1.part.extrusion",[{"references":[16735,16739,16745,16751],"name":"F956_makeBox_cad_primitives_py_8","taperAngle":0,"limit2":"@expr.d962_height","id":4}]])
[0m[0;32m[2026-09-16 13:49:28.773][VERB] RETURN: {"result":"$16789"}
[0m[0;32m[2026-09-16 13:49:28.774][VERB] COMMANDCALL: _C.SafeAPI.Execute(["v1.part.boolean",[{"type":"SUBTRACTION","tools":[16789],"target":16677,"name":"F49_cut_housing_py_277","id":4}]])
[0m[0;32m[2026-09-16 13:49:28.800][VERB] RETURN: {"result":"$16832"}
[0m[0;32m[2026-09-16 13:49:28.801][VERB] COMMANDCALL: _C.SafeAPI.Execute(["v1.part.workPlane",[{"type":"PLANE","references":[38],"name":"F963_makeBox_cad_primitives_py_8_plane","offset":"@expr.d964_plane_offset","id":4}]])
[0m[0;32m[2026-09-16 13:49:28.806][VERB] RETURN: {"result":"$16874"}
[0m[0;32m[2026-09-16 13:49:28.807][VERB] COMMANDCALL: _C.SafeAPI.Execute(["v1.sketch.create",[{"planeId":16874,"name":"F963_makeBox_cad_primitives_py_8_profile","id":4}]])
[0m[0;32m[2026-09-16 13:49:28.809][VERB] RETURN: {"result":"$16880"}
[0m[0;32m[2026-09-16 13:49:28.809][VERB] COMMANDCALL: _C.SafeAPI.Execute(["v1.sketch.rectangle",[{"startPos":[1.5,23.9,0],"id":16880,"genFixation":0,"endPos":[1.6,27.4,0]}]])
[0m[0;32m[2026-09-16 13:49:28.816][VERB] RETURN: {"result":["$16886","$16890","$16896","$16902"]}
[0m[0;32m[2026-09-16 13:49:28.816][VERB] COMMANDCALL: _C.SafeAPI.Execute(["v1.sketch.getPoints",[{"id":16886}]])
[0m[0;32m[2026-09-16 13:49:28.816][VERB] RETURN: {"result":{"endId":"$16888","startId":"$16887"}}
[0m[0;32m[2026-09-16 13:49:28.816][VERB] COMMANDCALL: _C.SafeAPI.Execute(["v1.sketch.point",[{"pos":[-1000,-1000,0],"id":16880}]])
[0m[0;32m[2026-09-16 13:49:28.819][VERB] RETURN: {"result":"$16918"}
[0m[0;32m[2026-09-16 13:49:28.819][VERB] COMMANDCALL: _C.SafeAPI.Execute(["v1.sketch.constraint",[{"type":"FIXATION","id":16880,"geomIds":[16918]}]])
[0m[0;32m[2026-09-16 13:49:28.821][VERB] RETURN: {"result":"$16920"}
[0m[0;32m[2026-09-16 13:49:28.821][VERB] COMMANDCALL: _C.SafeAPI.Execute(["v1.sketch.dimension",[{"type":"HORIZONTAL_DISTANCE","value":"@expr.d965_position_x","name":"position_x","id":16880,"geomIds":[16918,16887]}]])
[0m[0;32m[2026-09-16 13:49:28.827][VERB] RETURN: {"result":"$16924"}
[0m[0;32m[2026-09-16 13:49:28.827][VERB] COMMANDCALL: _C.SafeAPI.Execute(["v1.sketch.dimension",[{"type":"VERTICAL_DISTANCE","value":"@expr.d966_position_y","name":"position_y","id":16880,"geomIds":[16918,16887]}]])
[0m[0;32m[2026-09-16 13:49:28.833][VERB] RETURN: {"result":"$16928"}
[0m[0;32m[2026-09-16 13:49:28.834][VERB] COMMANDCALL: _C.SafeAPI.Execute(["v1.sketch.dimension",[{"type":"OFFSET","value":"@expr.d967_width","name":"width","id":16880,"geomIds":[16886]}]])
[0m[0;32m[2026-09-16 13:49:28.841][VERB] RETURN: {"result":"$16932"}
[0m[0;32m[2026-09-16 13:49:28.841][VERB] COMMANDCALL: _C.SafeAPI.Execute(["v1.sketch.dimension",[{"type":"OFFSET","value":"@expr.d968_depth","name":"depth","id":16880,"geomIds":[16890]}]])
[0m[0;32m[2026-09-16 13:49:28.850][VERB] RETURN: {"result":"$16936"}
[0m[0;32m[2026-09-16 13:49:28.850][VERB] COMMANDCALL: _C.SafeAPI.Execute(["v1.part.extrusion",[{"references":[16886,16890,16896,16902],"name":"F963_makeBox_cad_primitives_py_8","taperAngle":0,"limit2":"@expr.d969_height","id":4}]])
[0m[0;32m[2026-09-16 13:49:28.858][VERB] RETURN: {"result":"$16940"}
[0m[0;32m[2026-09-16 13:49:28.858][VERB] COMMANDCALL: _C.SafeAPI.Execute(["v1.part.boolean",[{"type":"SUBTRACTION","tools":[16940],"target":16832,"name":"F48_cut_housing_py_280","id":4}]])
[0m[0;32m[2026-09-16 13:49:28.885][VERB] RETURN: {"result":"$16983"}
[0m[0;32m[2026-09-16 13:49:28.886][VERB] COMMANDCALL: _C.SafeAPI.Execute(["v1.part.workPlane",[{"type":"PLANE","references":[46],"name":"F971_makeCylinder_cad_primitives_py_12_plane","offset":"@expr.d972_plane_offset","id":4}]])
[0m[0;32m[2026-09-16 13:49:28.891][VERB] RETURN: {"result":"$17016"}
[0m[0;32m[2026-09-16 13:49:28.892][VERB] COMMANDCALL: _C.SafeAPI.Execute(["v1.sketch.create",[{"planeId":17016,"name":"F971_makeCylinder_cad_primitives_py_12_profile","id":4}]])
[0m[0;32m[2026-09-16 13:49:28.894][VERB] RETURN: {"result":"$17022"}
[0m[0;32m[2026-09-16 13:49:28.894][VERB] COMMANDCALL: _C.SafeAPI.Execute(["v1.sketch.circle",[{"radius":11.95,"id":17022,"genFixation":0,"centerPos":[13.05,-12.5,0]}]])
[0m[0;32m[2026-09-16 13:49:28.896][VERB] RETURN: {"result":"$17028"}
[0m[0;32m[2026-09-16 13:49:28.896][VERB] COMMANDCALL: _C.SafeAPI.Execute(["v1.sketch.getPoints",[{"id":17028}]])
[0m[0;32m[2026-09-16 13:49:28.896][VERB] RETURN: {"result":{"centerId":"$17029"}}
[0m[0;32m[2026-09-16 13:49:28.897][VERB] COMMANDCALL: _C.SafeAPI.Execute(["v1.sketch.point",[{"pos":[-1000,-1000,0],"id":17022}]])
[0m[0;32m[2026-09-16 13:49:28.898][VERB] RETURN: {"result":"$17031"}
[0m[0;32m[2026-09-16 13:49:28.898][VERB] COMMANDCALL: _C.SafeAPI.Execute(["v1.sketch.constraint",[{"type":"FIXATION","id":17022,"geomIds":[17031]}]])
[0m[0;32m[2026-09-16 13:49:28.899][VERB] RETURN: {"result":"$17033"}
[0m[0;32m[2026-09-16 13:49:28.899][VERB] COMMANDCALL: _C.SafeAPI.Execute(["v1.sketch.dimension",[{"type":"HORIZONTAL_DISTANCE","value":"@expr.d973_position_x","name":"position_x","id":17022,"geomIds":[17031,17029]}]])
[0m[0;32m[2026-09-16 13:49:28.904][VERB] RETURN: {"result":"$17037"}
[0m[0;32m[2026-09-16 13:49:28.904][VERB] COMMANDCALL: _C.SafeAPI.Execute(["v1.sketch.dimension",[{"type":"VERTICAL_DISTANCE","value":"@expr.d974_position_y","name":"position_y","id":17022,"geomIds":[17031,17029]}]])
[0m[0;32m[2026-09-16 13:49:28.910][VERB] RETURN: {"result":"$17041"}
[0m[0;32m[2026-09-16 13:49:28.910][VERB] COMMANDCALL: _C.SafeAPI.Execute(["v1.sketch.dimension",[{"type":"RADIUS","value":"@expr.d975_radius","name":"radius","id":17022,"geomIds":[17028]}]])
[0m[0;32m[2026-09-16 13:49:28.916][VERB] RETURN: {"result":"$17045"}
[0m[0;32m[2026-09-16 13:49:28.916][VERB] COMMANDCALL: _C.SafeAPI.Execute(["v1.part.extrusion",[{"references":[17028],"name":"F971_makeCylinder_cad_primitives_py_12","taperAngle":0,"limit2":"@expr.d976_height","id":4}]])
[0m[0;32m[2026-09-16 13:49:28.924][VERB] RETURN: {"result":"$17049"}
[0m[0;32m[2026-09-16 13:49:28.925][VERB] COMMANDCALL: _C.SafeAPI.Execute(["v1.part.workPlane",[{"type":"PLANE","references":[38],"name":"F977_makeBox_cad_primitives_py_8_plane","offset":"@expr.d978_plane_offset","id":4}]])
[0m[0;32m[2026-09-16 13:49:28.930][VERB] RETURN: {"result":"$17071"}
[0m[0;32m[2026-09-16 13:49:28.930][VERB] COMMANDCALL: _C.SafeAPI.Execute(["v1.sketch.create",[{"planeId":17071,"name":"F977_makeBox_cad_primitives_py_8_profile","id":4}]])
[0m[0;32m[2026-09-16 13:49:28.933][VERB] RETURN: {"result":"$17077"}
[0m[0;32m[2026-09-16 13:49:28.933][VERB] COMMANDCALL: _C.SafeAPI.Execute(["v1.sketch.rectangle",[{"startPos":[1,1.6,0],"id":17077,"genFixation":0,"endPos":[1.6,31.6,0]}]])
[0m[0;32m[2026-09-16 13:49:28.939][VERB] RETURN: {"result":["$17083","$17087","$17093","$17099"]}
[0m[0;32m[2026-09-16 13:49:28.940][VERB] COMMANDCALL: _C.SafeAPI.Execute(["v1.sketch.getPoints",[{"id":17083}]])
[0m[0;32m[2026-09-16 13:49:28.940][VERB] RETURN: {"result":{"endId":"$17085","startId":"$17084"}}
[0m[0;32m[2026-09-16 13:49:28.940][VERB] COMMANDCALL: _C.SafeAPI.Execute(["v1.sketch.point",[{"pos":[-1000,-1000,0],"id":17077}]])
[0m[0;32m[2026-09-16 13:49:28.942][VERB] RETURN: {"result":"$17115"}
[0m[0;32m[2026-09-16 13:49:28.942][VERB] COMMANDCALL: _C.SafeAPI.Execute(["v1.sketch.constraint",[{"type":"FIXATION","id":17077,"geomIds":[17115]}]])
[0m[0;32m[2026-09-16 13:49:28.944][VERB] RETURN: {"result":"$17117"}
[0m[0;32m[2026-09-16 13:49:28.944][VERB] COMMANDCALL: _C.SafeAPI.Execute(["v1.sketch.dimension",[{"type":"HORIZONTAL_DISTANCE","value":"@expr.d979_position_x","name":"position_x","id":17077,"geomIds":[17115,17084]}]])
[0m[0;32m[2026-09-16 13:49:28.950][VERB] RETURN: {"result":"$17121"}
[0m[0;32m[2026-09-16 13:49:28.951][VERB] COMMANDCALL: _C.SafeAPI.Execute(["v1.sketch.dimension",[{"type":"VERTICAL_DISTANCE","value":"@expr.d980_position_y","name":"position_y","id":17077,"geomIds":[17115,17084]}]])
[0m[0;32m[2026-09-16 13:49:28.958][VERB] RETURN: {"result":"$17125"}
[0m[0;32m[2026-09-16 13:49:28.958][VERB] COMMANDCALL: _C.SafeAPI.Execute(["v1.sketch.dimension",[{"type":"OFFSET","value":"@expr.d981_width","name":"width","id":17077,"geomIds":[17083]}]])
[0m[0;32m[2026-09-16 13:49:28.965][VERB] RETURN: {"result":"$17129"}
[0m[0;32m[2026-09-16 13:49:28.966][VERB] COMMANDCALL: _C.SafeAPI.Execute(["v1.sketch.dimension",[{"type":"OFFSET","value":"@expr.d982_depth","name":"depth","id":17077,"geomIds":[17087]}]])
[0m[0;32m[2026-09-16 13:49:28.975][VERB] RETURN: {"result":"$17133"}
[0m[0;32m[2026-09-16 13:49:28.975][VERB] COMMANDCALL: _C.SafeAPI.Execute(["v1.part.extrusion",[{"references":[17083,17087,17093,17099],"name":"F977_makeBox_cad_primitives_py_8","taperAngle":0,"limit2":"@expr.d983_height","id":4}]])
[0m[0;32m[2026-09-16 13:49:28.982][VERB] RETURN: {"result":"$17137"}
[0m[0;32m[2026-09-16 13:49:28.983][VERB] COMMANDCALL: _C.SafeAPI.Execute(["v1.part.boolean",[{"type":"INTERSECTION","tools":[17137],"target":17049,"name":"F970_common_housing_shell_py_90","id":4}]])
[0m[0;32m[2026-09-16 13:49:28.992][VERB] RETURN: {"result":"$17180"}
[0m[0;32m[2026-09-16 13:49:28.993][VERB] COMMANDCALL: _C.SafeAPI.Execute(["v1.part.boolean",[{"type":"SUBTRACTION","tools":[17180],"target":16983,"name":"F47_cut_housing_py_281","id":4}]])
[0m[0;32m[2026-09-16 13:49:29.038][VERB] RETURN: {"result":"$17228"}
[0m[0;32m[2026-09-16 13:49:29.038][VERB] COMMANDCALL: _C.SafeAPI.Execute(["v1.part.workPlane",[{"type":"PLANE","references":[38],"name":"F984_makeBox_cad_primitives_py_8_plane","offset":"@expr.d985_plane_offset","id":4}]])
[0m[0;32m[2026-09-16 13:49:29.044][VERB] RETURN: {"result":"$17247"}
[0m[0;32m[2026-09-16 13:49:29.044][VERB] COMMANDCALL: _C.SafeAPI.Execute(["v1.sketch.create",[{"planeId":17247,"name":"F984_makeBox_cad_primitives_py_8_profile","id":4}]])
[0m[0;32m[2026-09-16 13:49:29.047][VERB] RETURN: {"result":"$17253"}
[0m[0;32m[2026-09-16 13:49:29.047][VERB] COMMANDCALL: _C.SafeAPI.Execute(["v1.sketch.rectangle",[{"startPos":[1.5,26,0],"id":17253,"genFixation":0,"endPos":[2.8,62.4,0]}]])
[0m[0;32m[2026-09-16 13:49:29.054][VERB] RETURN: {"result":["$17259","$17263","$17269","$17275"]}
[0m[0;32m[2026-09-16 13:49:29.054][VERB] COMMANDCALL: _C.SafeAPI.Execute(["v1.sketch.getPoints",[{"id":17259}]])
[0m[0;32m[2026-09-16 13:49:29.054][VERB] RETURN: {"result":{"endId":"$17261","startId":"$17260"}}
[0m[0;32m[2026-09-16 13:49:29.054][VERB] COMMANDCALL: _C.SafeAPI.Execute(["v1.sketch.point",[{"pos":[-1000,-1000,0],"id":17253}]])
[0m[0;32m[2026-09-16 13:49:29.056][VERB] RETURN: {"result":"$17291"}
[0m[0;32m[2026-09-16 13:49:29.057][VERB] COMMANDCALL: _C.SafeAPI.Execute(["v1.sketch.constraint",[{"type":"FIXATION","id":17253,"geomIds":[17291]}]])
[0m[0;32m[2026-09-16 13:49:29.058][VERB] RETURN: {"result":"$17293"}
[0m[0;32m[2026-09-16 13:49:29.058][VERB] COMMANDCALL: _C.SafeAPI.Execute(["v1.sketch.dimension",[{"type":"HORIZONTAL_DISTANCE","value":"@expr.d986_position_x","name":"position_x","id":17253,"geomIds":[17291,17260]}]])
[0m[0;32m[2026-09-16 13:49:29.065][VERB] RETURN: {"result":"$17297"}
[0m[0;32m[2026-09-16 13:49:29.065][VERB] COMMANDCALL: _C.SafeAPI.Execute(["v1.sketch.dimension",[{"type":"VERTICAL_DISTANCE","value":"@expr.d987_position_y","name":"position_y","id":17253,"geomIds":[17291,17260]}]])
[0m[0;32m[2026-09-16 13:49:29.071][VERB] RETURN: {"result":"$17301"}
[0m[0;32m[2026-09-16 13:49:29.072][VERB] COMMANDCALL: _C.SafeAPI.Execute(["v1.sketch.dimension",[{"type":"OFFSET","value":"@expr.d988_width","name":"width","id":17253,"geomIds":[17259]}]])
[0m[0;32m[2026-09-16 13:49:29.079][VERB] RETURN: {"result":"$17305"}
[0m[0;32m[2026-09-16 13:49:29.080][VERB] COMMANDCALL: _C.SafeAPI.Execute(["v1.sketch.dimension",[{"type":"OFFSET","value":"@expr.d989_depth","name":"depth","id":17253,"geomIds":[17263]}]])
[0m[0;32m[2026-09-16 13:49:29.088][VERB] RETURN: {"result":"$17309"}
[0m[0;32m[2026-09-16 13:49:29.089][VERB] COMMANDCALL: _C.SafeAPI.Execute(["v1.part.extrusion",[{"references":[17259,17263,17269,17275],"name":"F984_makeBox_cad_primitives_py_8","taperAngle":0,"limit2":"@expr.d990_height","id":4}]])
[0m[0;32m[2026-09-16 13:49:29.096][VERB] RETURN: {"result":"$17313"}
[0m[0;32m[2026-09-16 13:49:29.097][VERB] COMMANDCALL: _C.SafeAPI.Execute(["v1.part.boolean",[{"type":"SUBTRACTION","tools":[17313],"target":17228,"name":"F46_cut_housing_py_284","id":4}]])
[0m[0;32m[2026-09-16 13:49:29.124][VERB] RETURN: {"result":"$17356"}
[0m[0;32m[2026-09-16 13:49:29.124][VERB] COMMANDCALL: _C.SafeAPI.Execute(["v1.part.workPlane",[{"type":"PLANE","references":[38],"name":"F991_makeCylinder_cad_primitives_py_12_plane","offset":"@expr.d992_plane_offset","id":4}]])
[0m[0;32m[2026-09-16 13:49:29.130][VERB] RETURN: {"result":"$17425"}
[0m[0;32m[2026-09-16 13:49:29.130][VERB] COMMANDCALL: _C.SafeAPI.Execute(["v1.sketch.create",[{"planeId":17425,"name":"F991_makeCylinder_cad_primitives_py_12_profile","id":4}]])
[0m[0;32m[2026-09-16 13:49:29.133][VERB] RETURN: {"result":"$17431"}
[0m[0;32m[2026-09-16 13:49:29.133][VERB] COMMANDCALL: _C.SafeAPI.Execute(["v1.sketch.circle",[{"radius":0.65,"id":17431,"genFixation":0,"centerPos":[27.08,25.22,0]}]])
[0m[0;32m[2026-09-16 13:49:29.134][VERB] RETURN: {"result":"$17437"}
[0m[0;32m[2026-09-16 13:49:29.134][VERB] COMMANDCALL: _C.SafeAPI.Execute(["v1.sketch.getPoints",[{"id":17437}]])
[0m[0;32m[2026-09-16 13:49:29.135][VERB] RETURN: {"result":{"centerId":"$17438"}}
[0m[0;32m[2026-09-16 13:49:29.135][VERB] COMMANDCALL: _C.SafeAPI.Execute(["v1.sketch.point",[{"pos":[-1000,-1000,0],"id":17431}]])
[0m[0;32m[2026-09-16 13:49:29.136][VERB] RETURN: {"result":"$17440"}
[0m[0;32m[2026-09-16 13:49:29.136][VERB] COMMANDCALL: _C.SafeAPI.Execute(["v1.sketch.constraint",[{"type":"FIXATION","id":17431,"geomIds":[17440]}]])
[0m[0;32m[2026-09-16 13:49:29.137][VERB] RETURN: {"result":"$17442"}
[0m[0;32m[2026-09-16 13:49:29.137][VERB] COMMANDCALL: _C.SafeAPI.Execute(["v1.sketch.dimension",[{"type":"HORIZONTAL_DISTANCE","value":"@expr.d993_position_x","name":"position_x","id":17431,"geomIds":[17440,17438]}]])
[0m[0;32m[2026-09-16 13:49:29.142][VERB] RETURN: {"result":"$17446"}
[0m[0;32m[2026-09-16 13:49:29.143][VERB] COMMANDCALL: _C.SafeAPI.Execute(["v1.sketch.dimension",[{"type":"VERTICAL_DISTANCE","value":"@expr.d994_position_y","name":"position_y","id":17431,"geomIds":[17440,17438]}]])
[0m[0;32m[2026-09-16 13:49:29.148][VERB] RETURN: {"result":"$17450"}
[0m[0;32m[2026-09-16 13:49:29.148][VERB] COMMANDCALL: _C.SafeAPI.Execute(["v1.sketch.dimension",[{"type":"RADIUS","value":"@expr.d995_radius","name":"radius","id":17431,"geomIds":[17437]}]])
[0m[0;32m[2026-09-16 13:49:29.154][VERB] RETURN: {"result":"$17454"}
[0m[0;32m[2026-09-16 13:49:29.154][VERB] COMMANDCALL: _C.SafeAPI.Execute(["v1.part.extrusion",[{"references":[17437],"name":"F991_makeCylinder_cad_primitives_py_12","taperAngle":0,"limit2":"@expr.d996_height","id":4}]])
[0m[0;32m[2026-09-16 13:49:29.163][VERB] RETURN: {"result":"$17458"}
[0m[0;32m[2026-09-16 13:49:29.163][VERB] COMMANDCALL: _C.SafeAPI.Execute(["v1.part.boolean",[{"type":"SUBTRACTION","tools":[17458],"target":17356,"name":"F45_cut_housing_py_289","id":4}]])
[0m[0;32m[2026-09-16 13:49:29.185][VERB] RETURN: {"result":"$17480"}
[0m[0;32m[2026-09-16 13:49:29.186][VERB] COMMANDCALL: _C.SafeAPI.Execute(["v1.part.workPlane",[{"type":"PLANE","references":[38],"name":"F997_makeCylinder_cad_primitives_py_12_plane","offset":"@expr.d998_plane_offset","id":4}]])
[0m[0;32m[2026-09-16 13:49:29.191][VERB] RETURN: {"result":"$17492"}
[0m[0;32m[2026-09-16 13:49:29.191][VERB] COMMANDCALL: _C.SafeAPI.Execute(["v1.sketch.create",[{"planeId":17492,"name":"F997_makeCylinder_cad_primitives_py_12_profile","id":4}]])
[0m[0;32m[2026-09-16 13:49:29.194][VERB] RETURN: {"result":"$17498"}
[0m[0;32m[2026-09-16 13:49:29.194][VERB] COMMANDCALL: _C.SafeAPI.Execute(["v1.sketch.circle",[{"radius":0.65,"id":17498,"genFixation":0,"centerPos":[32.16,25.22,0]}]])
[0m[0;32m[2026-09-16 13:49:29.195][VERB] RETURN: {"result":"$17504"}
[0m[0;32m[2026-09-16 13:49:29.195][VERB] COMMANDCALL: _C.SafeAPI.Execute(["v1.sketch.getPoints",[{"id":17504}]])
[0m[0;32m[2026-09-16 13:49:29.195][VERB] RETURN: {"result":{"centerId":"$17505"}}
[0m[0;32m[2026-09-16 13:49:29.196][VERB] COMMANDCALL: _C.SafeAPI.Execute(["v1.sketch.point",[{"pos":[-1000,-1000,0],"id":17498}]])
[0m[0;32m[2026-09-16 13:49:29.197][VERB] RETURN: {"result":"$17507"}
[0m[0;32m[2026-09-16 13:49:29.197][VERB] COMMANDCALL: _C.SafeAPI.Execute(["v1.sketch.constraint",[{"type":"FIXATION","id":17498,"geomIds":[17507]}]])
[0m[0;32m[2026-09-16 13:49:29.198][VERB] RETURN: {"result":"$17509"}
[0m[0;32m[2026-09-16 13:49:29.198][VERB] COMMANDCALL: _C.SafeAPI.Execute(["v1.sketch.dimension",[{"type":"HORIZONTAL_DISTANCE","value":"@expr.d999_position_x","name":"position_x","id":17498,"geomIds":[17507,17505]}]])
[0m[0;32m[2026-09-16 13:49:29.203][VERB] RETURN: {"result":"$17513"}
[0m[0;32m[2026-09-16 13:49:29.203][VERB] COMMANDCALL: _C.SafeAPI.Execute(["v1.sketch.dimension",[{"type":"VERTICAL_DISTANCE","value":"@expr.d1000_position_y","name":"position_y","id":17498,"geomIds":[17507,17505]}]])
[0m[0;32m[2026-09-16 13:49:29.209][VERB] RETURN: {"result":"$17517"}
[0m[0;32m[2026-09-16 13:49:29.209][VERB] COMMANDCALL: _C.SafeAPI.Execute(["v1.sketch.dimension",[{"type":"RADIUS","value":"@expr.d1001_radius","name":"radius","id":17498,"geomIds":[17504]}]])
[0m[0;32m[2026-09-16 13:49:29.215][VERB] RETURN: {"result":"$17521"}
[0m[0;32m[2026-09-16 13:49:29.215][VERB] COMMANDCALL: _C.SafeAPI.Execute(["v1.part.extrusion",[{"references":[17504],"name":"F997_makeCylinder_cad_primitives_py_12","taperAngle":0,"limit2":"@expr.d1002_height","id":4}]])
[0m[0;32m[2026-09-16 13:49:29.223][VERB] RETURN: {"result":"$17525"}
[0m[0;32m[2026-09-16 13:49:29.224][VERB] COMMANDCALL: _C.SafeAPI.Execute(["v1.part.boolean",[{"type":"SUBTRACTION","tools":[17525],"target":17480,"name":"F44_cut_housing_py_289","id":4}]])
[0m[0;32m[2026-09-16 13:49:29.245][VERB] RETURN: {"result":"$17547"}
[0m[0;32m[2026-09-16 13:49:29.246][VERB] COMMANDCALL: _C.SafeAPI.Execute(["v1.part.workPlane",[{"type":"PLANE","references":[38],"name":"F1003_makeCylinder_cad_primitives_py_12_plane","offset":"@expr.d1004_plane_offset","id":4}]])
[0m[0;32m[2026-09-16 13:49:29.252][VERB] RETURN: {"result":"$17559"}
[0m[0;32m[2026-09-16 13:49:29.252][VERB] COMMANDCALL: _C.SafeAPI.Execute(["v1.sketch.create",[{"planeId":17559,"name":"F1003_makeCylinder_cad_primitives_py_12_profile","id":4}]])
[0m[0;32m[2026-09-16 13:49:29.254][VERB] RETURN: {"result":"$17565"}
[0m[0;32m[2026-09-16 13:49:29.255][VERB] COMMANDCALL: _C.SafeAPI.Execute(["v1.sketch.circle",[{"radius":0.65,"id":17565,"genFixation":0,"centerPos":[34.7,25.22,0]}]])
[0m[0;32m[2026-09-16 13:49:29.256][VERB] RETURN: {"result":"$17571"}
[0m[0;32m[2026-09-16 13:49:29.256][VERB] COMMANDCALL: _C.SafeAPI.Execute(["v1.sketch.getPoints",[{"id":17571}]])
[0m[0;32m[2026-09-16 13:49:29.256][VERB] RETURN: {"result":{"centerId":"$17572"}}
[0m[0;32m[2026-09-16 13:49:29.256][VERB] COMMANDCALL: _C.SafeAPI.Execute(["v1.sketch.point",[{"pos":[-1000,-1000,0],"id":17565}]])
[0m[0;32m[2026-09-16 13:49:29.257][VERB] RETURN: {"result":"$17574"}
[0m[0;32m[2026-09-16 13:49:29.257][VERB] COMMANDCALL: _C.SafeAPI.Execute(["v1.sketch.constraint",[{"type":"FIXATION","id":17565,"geomIds":[17574]}]])
[0m[0;32m[2026-09-16 13:49:29.258][VERB] RETURN: {"result":"$17576"}
[0m[0;32m[2026-09-16 13:49:29.258][VERB] COMMANDCALL: _C.SafeAPI.Execute(["v1.sketch.dimension",[{"type":"HORIZONTAL_DISTANCE","value":"@expr.d1005_position_x","name":"position_x","id":17565,"geomIds":[17574,17572]}]])
[0m[0;32m[2026-09-16 13:49:29.263][VERB] RETURN: {"result":"$17580"}
[0m[0;32m[2026-09-16 13:49:29.264][VERB] COMMANDCALL: _C.SafeAPI.Execute(["v1.sketch.dimension",[{"type":"VERTICAL_DISTANCE","value":"@expr.d1006_position_y","name":"position_y","id":17565,"geomIds":[17574,17572]}]])
[0m[0;32m[2026-09-16 13:49:29.269][VERB] RETURN: {"result":"$17584"}
[0m[0;32m[2026-09-16 13:49:29.269][VERB] COMMANDCALL: _C.SafeAPI.Execute(["v1.sketch.dimension",[{"type":"RADIUS","value":"@expr.d1007_radius","name":"radius","id":17565,"geomIds":[17571]}]])
[0m[0;32m[2026-09-16 13:49:29.275][VERB] RETURN: {"result":"$17588"}
[0m[0;32m[2026-09-16 13:49:29.275][VERB] COMMANDCALL: _C.SafeAPI.Execute(["v1.part.extrusion",[{"references":[17571],"name":"F1003_makeCylinder_cad_primitives_py_12","taperAngle":0,"limit2":"@expr.d1008_height","id":4}]])
[0m[0;32m[2026-09-16 13:49:29.283][VERB] RETURN: {"result":"$17592"}
[0m[0;32m[2026-09-16 13:49:29.284][VERB] COMMANDCALL: _C.SafeAPI.Execute(["v1.part.boolean",[{"type":"SUBTRACTION","tools":[17592],"target":17547,"name":"F43_cut_housing_py_289","id":4}]])
[0m[0;32m[2026-09-16 13:49:29.306][VERB] RETURN: {"result":"$17614"}
[0m[0;32m[2026-09-16 13:49:29.306][VERB] COMMANDCALL: _C.SafeAPI.Execute(["v1.part.workPlane",[{"type":"PLANE","references":[38],"name":"F1009_makeCylinder_cad_primitives_py_12_plane","offset":"@expr.d1010_plane_offset","id":4}]])
[0m[0;32m[2026-09-16 13:49:29.312][VERB] RETURN: {"result":"$17626"}
[0m[0;32m[2026-09-16 13:49:29.312][VERB] COMMANDCALL: _C.SafeAPI.Execute(["v1.sketch.create",[{"planeId":17626,"name":"F1009_makeCylinder_cad_primitives_py_12_profile","id":4}]])
[0m[0;32m[2026-09-16 13:49:29.314][VERB] RETURN: {"result":"$17632"}
[0m[0;32m[2026-09-16 13:49:29.314][VERB] COMMANDCALL: _C.SafeAPI.Execute(["v1.sketch.circle",[{"radius":0.65,"id":17632,"genFixation":0,"centerPos":[39.78,25.22,0]}]])
[0m[0;32m[2026-09-16 13:49:29.315][VERB] RETURN: {"result":"$17638"}
[0m[0;32m[2026-09-16 13:49:29.315][VERB] COMMANDCALL: _C.SafeAPI.Execute(["v1.sketch.getPoints",[{"id":17638}]])
[0m[0;32m[2026-09-16 13:49:29.316][VERB] RETURN: {"result":{"centerId":"$17639"}}
[0m[0;32m[2026-09-16 13:49:29.316][VERB] COMMANDCALL: _C.SafeAPI.Execute(["v1.sketch.point",[{"pos":[-1000,-1000,0],"id":17632}]])
[0m[0;32m[2026-09-16 13:49:29.317][VERB] RETURN: {"result":"$17641"}
[0m[0;32m[2026-09-16 13:49:29.317][VERB] COMMANDCALL: _C.SafeAPI.Execute(["v1.sketch.constraint",[{"type":"FIXATION","id":17632,"geomIds":[17641]}]])
[0m[0;32m[2026-09-16 13:49:29.318][VERB] RETURN: {"result":"$17643"}
[0m[0;32m[2026-09-16 13:49:29.318][VERB] COMMANDCALL: _C.SafeAPI.Execute(["v1.sketch.dimension",[{"type":"HORIZONTAL_DISTANCE","value":"@expr.d1011_position_x","name":"position_x","id":17632,"geomIds":[17641,17639]}]])
[0m[0;32m[2026-09-16 13:49:29.323][VERB] RETURN: {"result":"$17647"}
[0m[0;32m[2026-09-16 13:49:29.323][VERB] COMMANDCALL: _C.SafeAPI.Execute(["v1.sketch.dimension",[{"type":"VERTICAL_DISTANCE","value":"@expr.d1012_position_y","name":"position_y","id":17632,"geomIds":[17641,17639]}]])
[0m[0;32m[2026-09-16 13:49:29.329][VERB] RETURN: {"result":"$17651"}
[0m[0;32m[2026-09-16 13:49:29.329][VERB] COMMANDCALL: _C.SafeAPI.Execute(["v1.sketch.dimension",[{"type":"RADIUS","value":"@expr.d1013_radius","name":"radius","id":17632,"geomIds":[17638]}]])
[0m[0;32m[2026-09-16 13:49:29.334][VERB] RETURN: {"result":"$17655"}
[0m[0;32m[2026-09-16 13:49:29.335][VERB] COMMANDCALL: _C.SafeAPI.Execute(["v1.part.extrusion",[{"references":[17638],"name":"F1009_makeCylinder_cad_primitives_py_12","taperAngle":0,"limit2":"@expr.d1014_height","id":4}]])
[0m[0;32m[2026-09-16 13:49:29.343][VERB] RETURN: {"result":"$17659"}
[0m[0;32m[2026-09-16 13:49:29.344][VERB] COMMANDCALL: _C.SafeAPI.Execute(["v1.part.boolean",[{"type":"SUBTRACTION","tools":[17659],"target":17614,"name":"F42_cut_housing_py_289","id":4}]])
[0m[0;32m[2026-09-16 13:49:29.365][VERB] RETURN: {"result":"$17681"}
[0m[0;32m[2026-09-16 13:49:29.366][VERB] COMMANDCALL: _C.SafeAPI.Execute(["v1.part.workPlane",[{"type":"PLANE","references":[38],"name":"F1015_makeCylinder_cad_primitives_py_12_plane","offset":"@expr.d1016_plane_offset","id":4}]])
[0m[0;32m[2026-09-16 13:49:29.372][VERB] RETURN: {"result":"$17693"}
[0m[0;32m[2026-09-16 13:49:29.372][VERB] COMMANDCALL: _C.SafeAPI.Execute(["v1.sketch.create",[{"planeId":17693,"name":"F1015_makeCylinder_cad_primitives_py_12_profile","id":4}]])
[0m[0;32m[2026-09-16 13:49:29.374][VERB] RETURN: {"result":"$17699"}
[0m[0;32m[2026-09-16 13:49:29.374][VERB] COMMANDCALL: _C.SafeAPI.Execute(["v1.sketch.circle",[{"radius":0.65,"id":17699,"genFixation":0,"centerPos":[42.32,25.22,0]}]])
[0m[0;32m[2026-09-16 13:49:29.376][VERB] RETURN: {"result":"$17705"}
[0m[0;32m[2026-09-16 13:49:29.376][VERB] COMMANDCALL: _C.SafeAPI.Execute(["v1.sketch.getPoints",[{"id":17705}]])
[0m[0;32m[2026-09-16 13:49:29.376][VERB] RETURN: {"result":{"centerId":"$17706"}}
[0m[0;32m[2026-09-16 13:49:29.376][VERB] COMMANDCALL: _C.SafeAPI.Execute(["v1.sketch.point",[{"pos":[-1000,-1000,0],"id":17699}]])
[0m[0;32m[2026-09-16 13:49:29.377][VERB] RETURN: {"result":"$17708"}
[0m[0;32m[2026-09-16 13:49:29.378][VERB] COMMANDCALL: _C.SafeAPI.Execute(["v1.sketch.constraint",[{"type":"FIXATION","id":17699,"geomIds":[17708]}]])
[0m[0;32m[2026-09-16 13:49:29.379][VERB] RETURN: {"result":"$17710"}
[0m[0;32m[2026-09-16 13:49:29.379][VERB] COMMANDCALL: _C.SafeAPI.Execute(["v1.sketch.dimension",[{"type":"HORIZONTAL_DISTANCE","value":"@expr.d1017_position_x","name":"position_x","id":17699,"geomIds":[17708,17706]}]])
[0m[0;32m[2026-09-16 13:49:29.383][VERB] RETURN: {"result":"$17714"}
[0m[0;32m[2026-09-16 13:49:29.384][VERB] COMMANDCALL: _C.SafeAPI.Execute(["v1.sketch.dimension",[{"type":"VERTICAL_DISTANCE","value":"@expr.d1018_position_y","name":"position_y","id":17699,"geomIds":[17708,17706]}]])
[0m[0;32m[2026-09-16 13:49:29.389][VERB] RETURN: {"result":"$17718"}
[0m[0;32m[2026-09-16 13:49:29.389][VERB] COMMANDCALL: _C.SafeAPI.Execute(["v1.sketch.dimension",[{"type":"RADIUS","value":"@expr.d1019_radius","name":"radius","id":17699,"geomIds":[17705]}]])
[0m[0;32m[2026-09-16 13:49:29.394][VERB] RETURN: {"result":"$17722"}
[0m[0;32m[2026-09-16 13:49:29.394][VERB] COMMANDCALL: _C.SafeAPI.Execute(["v1.part.extrusion",[{"references":[17705],"name":"F1015_makeCylinder_cad_primitives_py_12","taperAngle":0,"limit2":"@expr.d1020_height","id":4}]])
[0m[0;32m[2026-09-16 13:49:29.403][VERB] RETURN: {"result":"$17726"}
[0m[0;32m[2026-09-16 13:49:29.403][VERB] COMMANDCALL: _C.SafeAPI.Execute(["v1.part.boolean",[{"type":"SUBTRACTION","tools":[17726],"target":17681,"name":"F41_cut_housing_py_289","id":4}]])
[0m[0;32m[2026-09-16 13:49:29.428][VERB] RETURN: {"result":"$17748"}
[0m[0;32m[2026-09-16 13:49:29.428][VERB] COMMANDCALL: _C.SafeAPI.Execute(["v1.part.workPlane",[{"type":"PLANE","references":[38],"name":"F1021_makeCylinder_cad_primitives_py_12_plane","offset":"@expr.d1022_plane_offset","id":4}]])
[0m[0;32m[2026-09-16 13:49:29.434][VERB] RETURN: {"result":"$17760"}
[0m[0;32m[2026-09-16 13:49:29.434][VERB] COMMANDCALL: _C.SafeAPI.Execute(["v1.sketch.create",[{"planeId":17760,"name":"F1021_makeCylinder_cad_primitives_py_12_profile","id":4}]])
[0m[0;32m[2026-09-16 13:49:29.437][VERB] RETURN: {"result":"$17766"}
[0m[0;32m[2026-09-16 13:49:29.437][VERB] COMMANDCALL: _C.SafeAPI.Execute(["v1.sketch.circle",[{"radius":0.65,"id":17766,"genFixation":0,"centerPos":[47.4,25.22,0]}]])
[0m[0;32m[2026-09-16 13:49:29.438][VERB] RETURN: {"result":"$17772"}
[0m[0;32m[2026-09-16 13:49:29.438][VERB] COMMANDCALL: _C.SafeAPI.Execute(["v1.sketch.getPoints",[{"id":17772}]])
[0m[0;32m[2026-09-16 13:49:29.438][VERB] RETURN: {"result":{"centerId":"$17773"}}
[0m[0;32m[2026-09-16 13:49:29.438][VERB] COMMANDCALL: _C.SafeAPI.Execute(["v1.sketch.point",[{"pos":[-1000,-1000,0],"id":17766}]])
[0m[0;32m[2026-09-16 13:49:29.439][VERB] RETURN: {"result":"$17775"}
[0m[0;32m[2026-09-16 13:49:29.440][VERB] COMMANDCALL: _C.SafeAPI.Execute(["v1.sketch.constraint",[{"type":"FIXATION","id":17766,"geomIds":[17775]}]])
[0m[0;32m[2026-09-16 13:49:29.440][VERB] RETURN: {"result":"$17777"}
[0m[0;32m[2026-09-16 13:49:29.441][VERB] COMMANDCALL: _C.SafeAPI.Execute(["v1.sketch.dimension",[{"type":"HORIZONTAL_DISTANCE","value":"@expr.d1023_position_x","name":"position_x","id":17766,"geomIds":[17775,17773]}]])
[0m[0;32m[2026-09-16 13:49:29.445][VERB] RETURN: {"result":"$17781"}
[0m[0;32m[2026-09-16 13:49:29.445][VERB] COMMANDCALL: _C.SafeAPI.Execute(["v1.sketch.dimension",[{"type":"VERTICAL_DISTANCE","value":"@expr.d1024_position_y","name":"position_y","id":17766,"geomIds":[17775,17773]}]])
[0m[0;32m[2026-09-16 13:49:29.451][VERB] RETURN: {"result":"$17785"}
[0m[0;32m[2026-09-16 13:49:29.451][VERB] COMMANDCALL: _C.SafeAPI.Execute(["v1.sketch.dimension",[{"type":"RADIUS","value":"@expr.d1025_radius","name":"radius","id":17766,"geomIds":[17772]}]])
[0m[0;32m[2026-09-16 13:49:29.456][VERB] RETURN: {"result":"$17789"}
[0m[0;32m[2026-09-16 13:49:29.457][VERB] COMMANDCALL: _C.SafeAPI.Execute(["v1.part.extrusion",[{"references":[17772],"name":"F1021_makeCylinder_cad_primitives_py_12","taperAngle":0,"limit2":"@expr.d1026_height","id":4}]])
[0m[0;32m[2026-09-16 13:49:29.465][VERB] RETURN: {"result":"$17793"}
[0m[0;32m[2026-09-16 13:49:29.465][VERB] COMMANDCALL: _C.SafeAPI.Execute(["v1.part.boolean",[{"type":"SUBTRACTION","tools":[17793],"target":17748,"name":"F40_cut_housing_py_289","id":4}]])
[0m[0;32m[2026-09-16 13:49:29.487][VERB] RETURN: {"result":"$17815"}
[0m[0;32m[2026-09-16 13:49:29.487][VERB] COMMANDCALL: _C.SafeAPI.Execute(["v1.part.workPlane",[{"type":"PLANE","references":[38],"name":"F1027_makeCylinder_cad_primitives_py_12_plane","offset":"@expr.d1028_plane_offset","id":4}]])
[0m[0;32m[2026-09-16 13:49:29.493][VERB] RETURN: {"result":"$17827"}
[0m[0;32m[2026-09-16 13:49:29.493][VERB] COMMANDCALL: _C.SafeAPI.Execute(["v1.sketch.create",[{"planeId":17827,"name":"F1027_makeCylinder_cad_primitives_py_12_profile","id":4}]])
[0m[0;32m[2026-09-16 13:49:29.496][VERB] RETURN: {"result":"$17833"}
[0m[0;32m[2026-09-16 13:49:29.496][VERB] COMMANDCALL: _C.SafeAPI.Execute(["v1.sketch.circle",[{"radius":2.85,"id":17833,"genFixation":0,"centerPos":[29.5,3.1,0]}]])
[0m[0;32m[2026-09-16 13:49:29.497][VERB] RETURN: {"result":"$17839"}
[0m[0;32m[2026-09-16 13:49:29.497][VERB] COMMANDCALL: _C.SafeAPI.Execute(["v1.sketch.getPoints",[{"id":17839}]])
[0m[0;32m[2026-09-16 13:49:29.497][VERB] RETURN: {"result":{"centerId":"$17840"}}
[0m[0;32m[2026-09-16 13:49:29.497][VERB] COMMANDCALL: _C.SafeAPI.Execute(["v1.sketch.point",[{"pos":[-1000,-1000,0],"id":17833}]])
[0m[0;32m[2026-09-16 13:49:29.498][VERB] RETURN: {"result":"$17842"}
[0m[0;32m[2026-09-16 13:49:29.498][VERB] COMMANDCALL: _C.SafeAPI.Execute(["v1.sketch.constraint",[{"type":"FIXATION","id":17833,"geomIds":[17842]}]])
[0m[0;32m[2026-09-16 13:49:29.499][VERB] RETURN: {"result":"$17844"}
[0m[0;32m[2026-09-16 13:49:29.500][VERB] COMMANDCALL: _C.SafeAPI.Execute(["v1.sketch.dimension",[{"type":"HORIZONTAL_DISTANCE","value":"@expr.d1029_position_x","name":"position_x","id":17833,"geomIds":[17842,17840]}]])
[0m[0;32m[2026-09-16 13:49:29.504][VERB] RETURN: {"result":"$17848"}
[0m[0;32m[2026-09-16 13:49:29.504][VERB] COMMANDCALL: _C.SafeAPI.Execute(["v1.sketch.dimension",[{"type":"VERTICAL_DISTANCE","value":"@expr.d1030_position_y","name":"position_y","id":17833,"geomIds":[17842,17840]}]])
[0m[0;32m[2026-09-16 13:49:29.510][VERB] RETURN: {"result":"$17852"}
[0m[0;32m[2026-09-16 13:49:29.511][VERB] COMMANDCALL: _C.SafeAPI.Execute(["v1.sketch.dimension",[{"type":"RADIUS","value":"@expr.d1031_radius","name":"radius","id":17833,"geomIds":[17839]}]])
[0m[0;32m[2026-09-16 13:49:29.516][VERB] RETURN: {"result":"$17856"}
[0m[0;32m[2026-09-16 13:49:29.516][VERB] COMMANDCALL: _C.SafeAPI.Execute(["v1.part.extrusion",[{"references":[17839],"name":"F1027_makeCylinder_cad_primitives_py_12","taperAngle":0,"limit2":"@expr.d1032_height","id":4}]])
[0m[0;32m[2026-09-16 13:49:29.524][VERB] RETURN: {"result":"$17860"}
[0m[0;32m[2026-09-16 13:49:29.525][VERB] COMMANDCALL: _C.SafeAPI.Execute(["v1.part.boolean",[{"type":"UNION","tools":[17860],"target":17815,"name":"F39_union_housing_py_303","id":4}]])
[0m[0;32m[2026-09-16 13:49:29.552][VERB] RETURN: {"result":"$17882"}
[0m[0;32m[2026-09-16 13:49:29.553][VERB] COMMANDCALL: _C.SafeAPI.Execute(["v1.part.workPlane",[{"type":"PLANE","references":[38],"name":"F1033_makeCylinder_cad_primitives_py_12_plane","offset":"@expr.d1034_plane_offset","id":4}]])
[0m[0;32m[2026-09-16 13:49:29.559][VERB] RETURN: {"result":"$17946"}
[0m[0;32m[2026-09-16 13:49:29.559][VERB] COMMANDCALL: _C.SafeAPI.Execute(["v1.sketch.create",[{"planeId":17946,"name":"F1033_makeCylinder_cad_primitives_py_12_profile","id":4}]])
[0m[0;32m[2026-09-16 13:49:29.561][VERB] RETURN: {"result":"$17952"}
[0m[0;32m[2026-09-16 13:49:29.562][VERB] COMMANDCALL: _C.SafeAPI.Execute(["v1.sketch.circle",[{"radius":0.85,"id":17952,"genFixation":0,"centerPos":[29.5,3.1,0]}]])
[0m[0;32m[2026-09-16 13:49:29.563][VERB] RETURN: {"result":"$17958"}
[0m[0;32m[2026-09-16 13:49:29.563][VERB] COMMANDCALL: _C.SafeAPI.Execute(["v1.sketch.getPoints",[{"id":17958}]])
[0m[0;32m[2026-09-16 13:49:29.563][VERB] RETURN: {"result":{"centerId":"$17959"}}
[0m[0;32m[2026-09-16 13:49:29.563][VERB] COMMANDCALL: _C.SafeAPI.Execute(["v1.sketch.point",[{"pos":[-1000,-1000,0],"id":17952}]])
[0m[0;32m[2026-09-16 13:49:29.564][VERB] RETURN: {"result":"$17961"}
[0m[0;32m[2026-09-16 13:49:29.564][VERB] COMMANDCALL: _C.SafeAPI.Execute(["v1.sketch.constraint",[{"type":"FIXATION","id":17952,"geomIds":[17961]}]])
[0m[0;32m[2026-09-16 13:49:29.566][VERB] RETURN: {"result":"$17963"}
[0m[0;32m[2026-09-16 13:49:29.566][VERB] COMMANDCALL: _C.SafeAPI.Execute(["v1.sketch.dimension",[{"type":"HORIZONTAL_DISTANCE","value":"@expr.d1035_position_x","name":"position_x","id":17952,"geomIds":[17961,17959]}]])
[0m[0;32m[2026-09-16 13:49:29.570][VERB] RETURN: {"result":"$17967"}
[0m[0;32m[2026-09-16 13:49:29.571][VERB] COMMANDCALL: _C.SafeAPI.Execute(["v1.sketch.dimension",[{"type":"VERTICAL_DISTANCE","value":"@expr.d1036_position_y","name":"position_y","id":17952,"geomIds":[17961,17959]}]])
[0m[0;32m[2026-09-16 13:49:29.576][VERB] RETURN: {"result":"$17971"}
[0m[0;32m[2026-09-16 13:49:29.576][VERB] COMMANDCALL: _C.SafeAPI.Execute(["v1.sketch.dimension",[{"type":"RADIUS","value":"@expr.d1037_radius","name":"radius","id":17952,"geomIds":[17958]}]])
[0m[0;32m[2026-09-16 13:49:29.581][VERB] RETURN: {"result":"$17975"}
[0m[0;32m[2026-09-16 13:49:29.581][VERB] COMMANDCALL: _C.SafeAPI.Execute(["v1.part.extrusion",[{"references":[17958],"name":"F1033_makeCylinder_cad_primitives_py_12","taperAngle":0,"limit2":"@expr.d1038_height","id":4}]])
[0m[0;32m[2026-09-16 13:49:29.591][VERB] RETURN: {"result":"$17979"}
[0m[0;32m[2026-09-16 13:49:29.591][VERB] COMMANDCALL: _C.SafeAPI.Execute(["v1.part.boolean",[{"type":"SUBTRACTION","tools":[17979],"target":17882,"name":"F38_cut_housing_py_306","id":4}]])
[0m[0;32m[2026-09-16 13:49:29.614][VERB] RETURN: {"result":"$18001"}
[0m[0;32m[2026-09-16 13:49:29.614][VERB] COMMANDCALL: _C.SafeAPI.Execute(["v1.part.workPlane",[{"type":"PLANE","references":[38],"name":"F1039_makeCylinder_cad_primitives_py_12_plane","offset":"@expr.d1040_plane_offset","id":4}]])
[0m[0;32m[2026-09-16 13:49:29.621][VERB] RETURN: {"result":"$18023"}
[0m[0;32m[2026-09-16 13:49:29.621][VERB] COMMANDCALL: _C.SafeAPI.Execute(["v1.sketch.create",[{"planeId":18023,"name":"F1039_makeCylinder_cad_primitives_py_12_profile","id":4}]])
[0m[0;32m[2026-09-16 13:49:29.624][VERB] RETURN: {"result":"$18029"}
[0m[0;32m[2026-09-16 13:49:29.624][VERB] COMMANDCALL: _C.SafeAPI.Execute(["v1.sketch.circle",[{"radius":2.85,"id":18029,"genFixation":0,"centerPos":[29.5,20.9,0]}]])
[0m[0;32m[2026-09-16 13:49:29.625][VERB] RETURN: {"result":"$18035"}
[0m[0;32m[2026-09-16 13:49:29.625][VERB] COMMANDCALL: _C.SafeAPI.Execute(["v1.sketch.getPoints",[{"id":18035}]])
[0m[0;32m[2026-09-16 13:49:29.625][VERB] RETURN: {"result":{"centerId":"$18036"}}
[0m[0;32m[2026-09-16 13:49:29.626][VERB] COMMANDCALL: _C.SafeAPI.Execute(["v1.sketch.point",[{"pos":[-1000,-1000,0],"id":18029}]])
[0m[0;32m[2026-09-16 13:49:29.627][VERB] RETURN: {"result":"$18038"}
[0m[0;32m[2026-09-16 13:49:29.627][VERB] COMMANDCALL: _C.SafeAPI.Execute(["v1.sketch.constraint",[{"type":"FIXATION","id":18029,"geomIds":[18038]}]])
[0m[0;32m[2026-09-16 13:49:29.628][VERB] RETURN: {"result":"$18040"}
[0m[0;32m[2026-09-16 13:49:29.629][VERB] COMMANDCALL: _C.SafeAPI.Execute(["v1.sketch.dimension",[{"type":"HORIZONTAL_DISTANCE","value":"@expr.d1041_position_x","name":"position_x","id":18029,"geomIds":[18038,18036]}]])
[0m[0;32m[2026-09-16 13:49:29.634][VERB] RETURN: {"result":"$18044"}
[0m[0;32m[2026-09-16 13:49:29.634][VERB] COMMANDCALL: _C.SafeAPI.Execute(["v1.sketch.dimension",[{"type":"VERTICAL_DISTANCE","value":"@expr.d1042_position_y","name":"position_y","id":18029,"geomIds":[18038,18036]}]])
[0m[0;32m[2026-09-16 13:49:29.639][VERB] RETURN: {"result":"$18048"}
[0m[0;32m[2026-09-16 13:49:29.640][VERB] COMMANDCALL: _C.SafeAPI.Execute(["v1.sketch.dimension",[{"type":"RADIUS","value":"@expr.d1043_radius","name":"radius","id":18029,"geomIds":[18035]}]])
[0m[0;32m[2026-09-16 13:49:29.646][VERB] RETURN: {"result":"$18052"}
[0m[0;32m[2026-09-16 13:49:29.646][VERB] COMMANDCALL: _C.SafeAPI.Execute(["v1.part.extrusion",[{"references":[18035],"name":"F1039_makeCylinder_cad_primitives_py_12","taperAngle":0,"limit2":"@expr.d1044_height","id":4}]])
[0m[0;32m[2026-09-16 13:49:29.655][VERB] RETURN: {"result":"$18056"}
[0m[0;32m[2026-09-16 13:49:29.655][VERB] COMMANDCALL: _C.SafeAPI.Execute(["v1.part.boolean",[{"type":"UNION","tools":[18056],"target":18001,"name":"F37_union_housing_py_303","id":4}]])
[0m[0;32m[2026-09-16 13:49:29.682][VERB] RETURN: {"result":"$18078"}
[0m[0;32m[2026-09-16 13:49:29.683][VERB] COMMANDCALL: _C.SafeAPI.Execute(["v1.part.workPlane",[{"type":"PLANE","references":[38],"name":"F1045_makeCylinder_cad_primitives_py_12_plane","offset":"@expr.d1046_plane_offset","id":4}]])
[0m[0;32m[2026-09-16 13:49:29.689][VERB] RETURN: {"result":"$18115"}
[0m[0;32m[2026-09-16 13:49:29.689][VERB] COMMANDCALL: _C.SafeAPI.Execute(["v1.sketch.create",[{"planeId":18115,"name":"F1045_makeCylinder_cad_primitives_py_12_profile","id":4}]])
[0m[0;32m[2026-09-16 13:49:29.692][VERB] RETURN: {"result":"$18121"}
[0m[0;32m[2026-09-16 13:49:29.692][VERB] COMMANDCALL: _C.SafeAPI.Execute(["v1.sketch.circle",[{"radius":0.85,"id":18121,"genFixation":0,"centerPos":[29.5,20.9,0]}]])
[0m[0;32m[2026-09-16 13:49:29.693][VERB] RETURN: {"result":"$18127"}
[0m[0;32m[2026-09-16 13:49:29.693][VERB] COMMANDCALL: _C.SafeAPI.Execute(["v1.sketch.getPoints",[{"id":18127}]])
[0m[0;32m[2026-09-16 13:49:29.693][VERB] RETURN: {"result":{"centerId":"$18128"}}
[0m[0;32m[2026-09-16 13:49:29.694][VERB] COMMANDCALL: _C.SafeAPI.Execute(["v1.sketch.point",[{"pos":[-1000,-1000,0],"id":18121}]])
[0m[0;32m[2026-09-16 13:49:29.695][VERB] RETURN: {"result":"$18130"}
[0m[0;32m[2026-09-16 13:49:29.695][VERB] COMMANDCALL: _C.SafeAPI.Execute(["v1.sketch.constraint",[{"type":"FIXATION","id":18121,"geomIds":[18130]}]])
[0m[0;32m[2026-09-16 13:49:29.696][VERB] RETURN: {"result":"$18132"}
[0m[0;32m[2026-09-16 13:49:29.696][VERB] COMMANDCALL: _C.SafeAPI.Execute(["v1.sketch.dimension",[{"type":"HORIZONTAL_DISTANCE","value":"@expr.d1047_position_x","name":"position_x","id":18121,"geomIds":[18130,18128]}]])
[0m[0;32m[2026-09-16 13:49:29.700][VERB] RETURN: {"result":"$18136"}
[0m[0;32m[2026-09-16 13:49:29.701][VERB] COMMANDCALL: _C.SafeAPI.Execute(["v1.sketch.dimension",[{"type":"VERTICAL_DISTANCE","value":"@expr.d1048_position_y","name":"position_y","id":18121,"geomIds":[18130,18128]}]])
[0m[0;32m[2026-09-16 13:49:29.706][VERB] RETURN: {"result":"$18140"}
[0m[0;32m[2026-09-16 13:49:29.706][VERB] COMMANDCALL: _C.SafeAPI.Execute(["v1.sketch.dimension",[{"type":"RADIUS","value":"@expr.d1049_radius","name":"radius","id":18121,"geomIds":[18127]}]])
[0m[0;32m[2026-09-16 13:49:29.711][VERB] RETURN: {"result":"$18144"}
[0m[0;32m[2026-09-16 13:49:29.712][VERB] COMMANDCALL: _C.SafeAPI.Execute(["v1.part.extrusion",[{"references":[18127],"name":"F1045_makeCylinder_cad_primitives_py_12","taperAngle":0,"limit2":"@expr.d1050_height","id":4}]])
[0m[0;32m[2026-09-16 13:49:29.720][VERB] RETURN: {"result":"$18148"}
[0m[0;32m[2026-09-16 13:49:29.721][VERB] COMMANDCALL: _C.SafeAPI.Execute(["v1.part.boolean",[{"type":"SUBTRACTION","tools":[18148],"target":18078,"name":"F36_cut_housing_py_306","id":4}]])
[0m[0;32m[2026-09-16 13:49:29.744][VERB] RETURN: {"result":"$18170"}
[0m[0;32m[2026-09-16 13:49:29.744][VERB] COMMANDCALL: _C.SafeAPI.Execute(["v1.part.workPlane",[{"type":"PLANE","references":[38],"name":"F1051_makeCylinder_cad_primitives_py_12_plane","offset":"@expr.d1052_plane_offset","id":4}]])
[0m[0;32m[2026-09-16 13:49:29.750][VERB] RETURN: {"result":"$18192"}
[0m[0;32m[2026-09-16 13:49:29.751][VERB] COMMANDCALL: _C.SafeAPI.Execute(["v1.sketch.create",[{"planeId":18192,"name":"F1051_makeCylinder_cad_primitives_py_12_profile","id":4}]])
[0m[0;32m[2026-09-16 13:49:29.753][VERB] RETURN: {"result":"$18198"}
[0m[0;32m[2026-09-16 13:49:29.753][VERB] COMMANDCALL: _C.SafeAPI.Execute(["v1.sketch.circle",[{"radius":2.85,"id":18198,"genFixation":0,"centerPos":[55,42.6,0]}]])
[0m[0;32m[2026-09-16 13:49:29.754][VERB] RETURN: {"result":"$18204"}
[0m[0;32m[2026-09-16 13:49:29.755][VERB] COMMANDCALL: _C.SafeAPI.Execute(["v1.sketch.getPoints",[{"id":18204}]])
[0m[0;32m[2026-09-16 13:49:29.755][VERB] RETURN: {"result":{"centerId":"$18205"}}
[0m[0;32m[2026-09-16 13:49:29.755][VERB] COMMANDCALL: _C.SafeAPI.Execute(["v1.sketch.point",[{"pos":[-1000,-1000,0],"id":18198}]])
[0m[0;32m[2026-09-16 13:49:29.756][VERB] RETURN: {"result":"$18207"}
[0m[0;32m[2026-09-16 13:49:29.756][VERB] COMMANDCALL: _C.SafeAPI.Execute(["v1.sketch.constraint",[{"type":"FIXATION","id":18198,"geomIds":[18207]}]])
[0m[0;32m[2026-09-16 13:49:29.757][VERB] RETURN: {"result":"$18209"}
[0m[0;32m[2026-09-16 13:49:29.757][VERB] COMMANDCALL: _C.SafeAPI.Execute(["v1.sketch.dimension",[{"type":"HORIZONTAL_DISTANCE","value":"@expr.d1053_position_x","name":"position_x","id":18198,"geomIds":[18207,18205]}]])
[0m[0;32m[2026-09-16 13:49:29.762][VERB] RETURN: {"result":"$18213"}
[0m[0;32m[2026-09-16 13:49:29.762][VERB] COMMANDCALL: _C.SafeAPI.Execute(["v1.sketch.dimension",[{"type":"VERTICAL_DISTANCE","value":"@expr.d1054_position_y","name":"position_y","id":18198,"geomIds":[18207,18205]}]])
[0m[0;32m[2026-09-16 13:49:29.767][VERB] RETURN: {"result":"$18217"}
[0m[0;32m[2026-09-16 13:49:29.768][VERB] COMMANDCALL: _C.SafeAPI.Execute(["v1.sketch.dimension",[{"type":"RADIUS","value":"@expr.d1055_radius","name":"radius","id":18198,"geomIds":[18204]}]])
[0m[0;32m[2026-09-16 13:49:29.773][VERB] RETURN: {"result":"$18221"}
[0m[0;32m[2026-09-16 13:49:29.773][VERB] COMMANDCALL: _C.SafeAPI.Execute(["v1.part.extrusion",[{"references":[18204],"name":"F1051_makeCylinder_cad_primitives_py_12","taperAngle":0,"limit2":"@expr.d1056_height","id":4}]])
[0m[0;32m[2026-09-16 13:49:29.783][VERB] RETURN: {"result":"$18225"}
[0m[0;32m[2026-09-16 13:49:29.783][VERB] COMMANDCALL: _C.SafeAPI.Execute(["v1.part.boolean",[{"type":"UNION","tools":[18225],"target":18170,"name":"F35_union_housing_py_303","id":4}]])
[0m[0;32m[2026-09-16 13:49:29.809][VERB] RETURN: {"result":"$18247"}
[0m[0;32m[2026-09-16 13:49:29.810][VERB] COMMANDCALL: _C.SafeAPI.Execute(["v1.part.workPlane",[{"type":"PLANE","references":[38],"name":"F1057_makeCylinder_cad_primitives_py_12_plane","offset":"@expr.d1058_plane_offset","id":4}]])
[0m[0;32m[2026-09-16 13:49:29.816][VERB] RETURN: {"result":"$18287"}
[0m[0;32m[2026-09-16 13:49:29.816][VERB] COMMANDCALL: _C.SafeAPI.Execute(["v1.sketch.create",[{"planeId":18287,"name":"F1057_makeCylinder_cad_primitives_py_12_profile","id":4}]])
[0m[0;32m[2026-09-16 13:49:29.818][VERB] RETURN: {"result":"$18293"}
[0m[0;32m[2026-09-16 13:49:29.819][VERB] COMMANDCALL: _C.SafeAPI.Execute(["v1.sketch.circle",[{"radius":0.85,"id":18293,"genFixation":0,"centerPos":[55,42.6,0]}]])
[0m[0;32m[2026-09-16 13:49:29.820][VERB] RETURN: {"result":"$18299"}
[0m[0;32m[2026-09-16 13:49:29.820][VERB] COMMANDCALL: _C.SafeAPI.Execute(["v1.sketch.getPoints",[{"id":18299}]])
[0m[0;32m[2026-09-16 13:49:29.820][VERB] RETURN: {"result":{"centerId":"$18300"}}
[0m[0;32m[2026-09-16 13:49:29.820][VERB] COMMANDCALL: _C.SafeAPI.Execute(["v1.sketch.point",[{"pos":[-1000,-1000,0],"id":18293}]])
[0m[0;32m[2026-09-16 13:49:29.821][VERB] RETURN: {"result":"$18302"}
[0m[0;32m[2026-09-16 13:49:29.821][VERB] COMMANDCALL: _C.SafeAPI.Execute(["v1.sketch.constraint",[{"type":"FIXATION","id":18293,"geomIds":[18302]}]])
[0m[0;32m[2026-09-16 13:49:29.822][VERB] RETURN: {"result":"$18304"}
[0m[0;32m[2026-09-16 13:49:29.822][VERB] COMMANDCALL: _C.SafeAPI.Execute(["v1.sketch.dimension",[{"type":"HORIZONTAL_DISTANCE","value":"@expr.d1059_position_x","name":"position_x","id":18293,"geomIds":[18302,18300]}]])
[0m[0;32m[2026-09-16 13:49:29.827][VERB] RETURN: {"result":"$18308"}
[0m[0;32m[2026-09-16 13:49:29.827][VERB] COMMANDCALL: _C.SafeAPI.Execute(["v1.sketch.dimension",[{"type":"VERTICAL_DISTANCE","value":"@expr.d1060_position_y","name":"position_y","id":18293,"geomIds":[18302,18300]}]])
[0m[0;32m[2026-09-16 13:49:29.833][VERB] RETURN: {"result":"$18312"}
[0m[0;32m[2026-09-16 13:49:29.833][VERB] COMMANDCALL: _C.SafeAPI.Execute(["v1.sketch.dimension",[{"type":"RADIUS","value":"@expr.d1061_radius","name":"radius","id":18293,"geomIds":[18299]}]])
[0m[0;32m[2026-09-16 13:49:29.838][VERB] RETURN: {"result":"$18316"}
[0m[0;32m[2026-09-16 13:49:29.839][VERB] COMMANDCALL: _C.SafeAPI.Execute(["v1.part.extrusion",[{"references":[18299],"name":"F1057_makeCylinder_cad_primitives_py_12","taperAngle":0,"limit2":"@expr.d1062_height","id":4}]])
[0m[0;32m[2026-09-16 13:49:29.847][VERB] RETURN: {"result":"$18320"}
[0m[0;32m[2026-09-16 13:49:29.848][VERB] COMMANDCALL: _C.SafeAPI.Execute(["v1.part.boolean",[{"type":"SUBTRACTION","tools":[18320],"target":18247,"name":"F34_cut_housing_py_306","id":4}]])
[0m[0;32m[2026-09-16 13:49:29.871][VERB] RETURN: {"result":"$18342"}
[0m[0;32m[2026-09-16 13:49:29.872][VERB] COMMANDCALL: _C.SafeAPI.Execute(["v1.part.workPlane",[{"type":"PLANE","references":[38],"name":"F1064_makeCylinder_cad_primitives_py_12_plane","offset":"@expr.d1065_plane_offset","id":4}]])
[0m[0;32m[2026-09-16 13:49:29.878][VERB] RETURN: {"result":"$18364"}
[0m[0;32m[2026-09-16 13:49:29.878][VERB] COMMANDCALL: _C.SafeAPI.Execute(["v1.sketch.create",[{"planeId":18364,"name":"F1064_makeCylinder_cad_primitives_py_12_profile","id":4}]])
[0m[0;32m[2026-09-16 13:49:29.880][VERB] RETURN: {"result":"$18370"}
[0m[0;32m[2026-09-16 13:49:29.881][VERB] COMMANDCALL: _C.SafeAPI.Execute(["v1.sketch.circle",[{"radius":2.85,"id":18370,"genFixation":0,"centerPos":[86.8,38.9,0]}]])
[0m[0;32m[2026-09-16 13:49:29.882][VERB] RETURN: {"result":"$18376"}
[0m[0;32m[2026-09-16 13:49:29.882][VERB] COMMANDCALL: _C.SafeAPI.Execute(["v1.sketch.getPoints",[{"id":18376}]])
[0m[0;32m[2026-09-16 13:49:29.882][VERB] RETURN: {"result":{"centerId":"$18377"}}
[0m[0;32m[2026-09-16 13:49:29.882][VERB] COMMANDCALL: _C.SafeAPI.Execute(["v1.sketch.point",[{"pos":[-1000,-1000,0],"id":18370}]])
[0m[0;32m[2026-09-16 13:49:29.883][VERB] RETURN: {"result":"$18379"}
[0m[0;32m[2026-09-16 13:49:29.883][VERB] COMMANDCALL: _C.SafeAPI.Execute(["v1.sketch.constraint",[{"type":"FIXATION","id":18370,"geomIds":[18379]}]])
[0m[0;32m[2026-09-16 13:49:29.885][VERB] RETURN: {"result":"$18381"}
[0m[0;32m[2026-09-16 13:49:29.885][VERB] COMMANDCALL: _C.SafeAPI.Execute(["v1.sketch.dimension",[{"type":"HORIZONTAL_DISTANCE","value":"@expr.d1066_position_x","name":"position_x","id":18370,"geomIds":[18379,18377]}]])
[0m[0;32m[2026-09-16 13:49:29.889][VERB] RETURN: {"result":"$18385"}
[0m[0;32m[2026-09-16 13:49:29.889][VERB] COMMANDCALL: _C.SafeAPI.Execute(["v1.sketch.dimension",[{"type":"VERTICAL_DISTANCE","value":"@expr.d1067_position_y","name":"position_y","id":18370,"geomIds":[18379,18377]}]])
[0m[0;32m[2026-09-16 13:49:29.894][VERB] RETURN: {"result":"$18389"}
[0m[0;32m[2026-09-16 13:49:29.895][VERB] COMMANDCALL: _C.SafeAPI.Execute(["v1.sketch.dimension",[{"type":"RADIUS","value":"@expr.d1068_radius","name":"radius","id":18370,"geomIds":[18376]}]])
[0m[0;32m[2026-09-16 13:49:29.900][VERB] RETURN: {"result":"$18393"}
[0m[0;32m[2026-09-16 13:49:29.901][VERB] COMMANDCALL: _C.SafeAPI.Execute(["v1.part.extrusion",[{"references":[18376],"name":"F1064_makeCylinder_cad_primitives_py_12","taperAngle":0,"limit2":"@expr.d1069_height","id":4}]])
[0m[0;32m[2026-09-16 13:49:29.909][VERB] RETURN: {"result":"$18397"}
[0m[0;32m[2026-09-16 13:49:29.909][VERB] COMMANDCALL: _C.SafeAPI.Execute(["v1.part.workPlane",[{"type":"PLANE","references":[38],"name":"F1072_makeBox_cad_primitives_py_8_plane","offset":"@expr.d1073_plane_offset","id":4}]])
[0m[0;32m[2026-09-16 13:49:29.916][VERB] RETURN: {"result":"$18419"}
[0m[0;32m[2026-09-16 13:49:29.916][VERB] COMMANDCALL: _C.SafeAPI.Execute(["v1.sketch.create",[{"planeId":18419,"name":"F1072_makeBox_cad_primitives_py_8_profile","id":4}]])
[0m[0;32m[2026-09-16 13:49:29.919][VERB] RETURN: {"result":"$18425"}
[0m[0;32m[2026-09-16 13:49:29.919][VERB] COMMANDCALL: _C.SafeAPI.Execute(["v1.sketch.rectangle",[{"startPos":[1.4,-1.3,0],"id":18425,"genFixation":0,"endPos":[52.4,27.3,0]}]])
[0m[0;32m[2026-09-16 13:49:29.925][VERB] RETURN: {"result":["$18431","$18435","$18441","$18447"]}
[0m[0;32m[2026-09-16 13:49:29.926][VERB] COMMANDCALL: _C.SafeAPI.Execute(["v1.sketch.getPoints",[{"id":18431}]])
[0m[0;32m[2026-09-16 13:49:29.926][VERB] RETURN: {"result":{"endId":"$18433","startId":"$18432"}}
[0m[0;32m[2026-09-16 13:49:29.926][VERB] COMMANDCALL: _C.SafeAPI.Execute(["v1.sketch.point",[{"pos":[-1000,-1000,0],"id":18425}]])
[0m[0;32m[2026-09-16 13:49:29.928][VERB] RETURN: {"result":"$18463"}
[0m[0;32m[2026-09-16 13:49:29.928][VERB] COMMANDCALL: _C.SafeAPI.Execute(["v1.sketch.constraint",[{"type":"FIXATION","id":18425,"geomIds":[18463]}]])
[0m[0;32m[2026-09-16 13:49:29.930][VERB] RETURN: {"result":"$18465"}
[0m[0;32m[2026-09-16 13:49:29.930][VERB] COMMANDCALL: _C.SafeAPI.Execute(["v1.sketch.dimension",[{"type":"HORIZONTAL_DISTANCE","value":"@expr.d1074_position_x","name":"position_x","id":18425,"geomIds":[18463,18432]}]])
[0m[0;32m[2026-09-16 13:49:29.936][VERB] RETURN: {"result":"$18469"}
[0m[0;32m[2026-09-16 13:49:29.936][VERB] COMMANDCALL: _C.SafeAPI.Execute(["v1.sketch.dimension",[{"type":"VERTICAL_DISTANCE","value":"@expr.d1075_position_y","name":"position_y","id":18425,"geomIds":[18463,18432]}]])
[0m[0;32m[2026-09-16 13:49:29.943][VERB] RETURN: {"result":"$18473"}
[0m[0;32m[2026-09-16 13:49:29.943][VERB] COMMANDCALL: _C.SafeAPI.Execute(["v1.sketch.dimension",[{"type":"OFFSET","value":"@expr.d1076_width","name":"width","id":18425,"geomIds":[18431]}]])
[0m[0;32m[2026-09-16 13:49:29.950][VERB] RETURN: {"result":"$18477"}
[0m[0;32m[2026-09-16 13:49:29.950][VERB] COMMANDCALL: _C.SafeAPI.Execute(["v1.sketch.dimension",[{"type":"OFFSET","value":"@expr.d1077_depth","name":"depth","id":18425,"geomIds":[18435]}]])
[0m[0;32m[2026-09-16 13:49:29.959][VERB] RETURN: {"result":"$18481"}
[0m[0;32m[2026-09-16 13:49:29.959][VERB] COMMANDCALL: _C.SafeAPI.Execute(["v1.part.extrusion",[{"references":[18431,18435,18441,18447],"name":"F1072_makeBox_cad_primitives_py_8","taperAngle":0,"limit2":"@expr.d1078_height","id":4}]])
[0m[0;32m[2026-09-16 13:49:29.968][VERB] RETURN: {"result":"$18485"}
[0m[0;32m[2026-09-16 13:49:29.968][VERB] COMMANDCALL: _C.SafeAPI.Execute(["v1.part.workPlane",[{"type":"PLANE","references":[38],"name":"F1079_makeBox_cad_primitives_py_8_plane","offset":"@expr.d1080_plane_offset","id":4}]])
[0m[0;32m[2026-09-16 13:49:29.974][VERB] RETURN: {"result":"$18528"}
[0m[0;32m[2026-09-16 13:49:29.975][VERB] COMMANDCALL: _C.SafeAPI.Execute(["v1.sketch.create",[{"planeId":18528,"name":"F1079_makeBox_cad_primitives_py_8_profile","id":4}]])
[0m[0;32m[2026-09-16 13:49:29.977][VERB] RETURN: {"result":"$18534"}
[0m[0;32m[2026-09-16 13:49:29.977][VERB] COMMANDCALL: _C.SafeAPI.Execute(["v1.sketch.rectangle",[{"startPos":[-1.3,1.4,0],"id":18534,"genFixation":0,"endPos":[55.1,24.6,0]}]])
[0m[0;32m[2026-09-16 13:49:29.984][VERB] RETURN: {"result":["$18540","$18544","$18550","$18556"]}
[0m[0;32m[2026-09-16 13:49:29.984][VERB] COMMANDCALL: _C.SafeAPI.Execute(["v1.sketch.getPoints",[{"id":18540}]])
[0m[0;32m[2026-09-16 13:49:29.984][VERB] RETURN: {"result":{"endId":"$18542","startId":"$18541"}}
[0m[0;32m[2026-09-16 13:49:29.985][VERB] COMMANDCALL: _C.SafeAPI.Execute(["v1.sketch.point",[{"pos":[-1000,-1000,0],"id":18534}]])
[0m[0;32m[2026-09-16 13:49:29.987][VERB] RETURN: {"result":"$18572"}
[0m[0;32m[2026-09-16 13:49:29.987][VERB] COMMANDCALL: _C.SafeAPI.Execute(["v1.sketch.constraint",[{"type":"FIXATION","id":18534,"geomIds":[18572]}]])
[0m[0;32m[2026-09-16 13:49:29.989][VERB] RETURN: {"result":"$18574"}
[0m[0;32m[2026-09-16 13:49:29.989][VERB] COMMANDCALL: _C.SafeAPI.Execute(["v1.sketch.dimension",[{"type":"HORIZONTAL_DISTANCE","value":"@expr.d1081_position_x","name":"position_x","id":18534,"geomIds":[18572,18541]}]])
[0m[0;32m[2026-09-16 13:49:29.995][VERB] RETURN: {"result":"$18578"}
[0m[0;32m[2026-09-16 13:49:29.995][VERB] COMMANDCALL: _C.SafeAPI.Execute(["v1.sketch.dimension",[{"type":"VERTICAL_DISTANCE","value":"@expr.d1082_position_y","name":"position_y","id":18534,"geomIds":[18572,18541]}]])
[0m[0;32m[2026-09-16 13:49:30.002][VERB] RETURN: {"result":"$18582"}
[0m[0;32m[2026-09-16 13:49:30.002][VERB] COMMANDCALL: _C.SafeAPI.Execute(["v1.sketch.dimension",[{"type":"OFFSET","value":"@expr.d1083_width","name":"width","id":18534,"geomIds":[18540]}]])
[0m[0;32m[2026-09-16 13:49:30.009][VERB] RETURN: {"result":"$18586"}
[0m[0;32m[2026-09-16 13:49:30.010][VERB] COMMANDCALL: _C.SafeAPI.Execute(["v1.sketch.dimension",[{"type":"OFFSET","value":"@expr.d1084_depth","name":"depth","id":18534,"geomIds":[18544]}]])
[0m[0;32m[2026-09-16 13:49:30.017][VERB] RETURN: {"result":"$18590"}
[0m[0;32m[2026-09-16 13:49:30.018][VERB] COMMANDCALL: _C.SafeAPI.Execute(["v1.part.extrusion",[{"references":[18540,18544,18550,18556],"name":"F1079_makeBox_cad_primitives_py_8","taperAngle":0,"limit2":"@expr.d1085_height","id":4}]])
[0m[0;32m[2026-09-16 13:49:30.026][VERB] RETURN: {"result":"$18594"}
[0m[0;32m[2026-09-16 13:49:30.026][VERB] COMMANDCALL: _C.SafeAPI.Execute(["v1.part.workPlane",[{"type":"PLANE","references":[38],"name":"F1086_makeCylinder_cad_primitives_py_12_plane","offset":"@expr.d1087_plane_offset","id":4}]])
[0m[0;32m[2026-09-16 13:49:30.032][VERB] RETURN: {"result":"$18637"}
[0m[0;32m[2026-09-16 13:49:30.032][VERB] COMMANDCALL: _C.SafeAPI.Execute(["v1.sketch.create",[{"planeId":18637,"name":"F1086_makeCylinder_cad_primitives_py_12_profile","id":4}]])
[0m[0;32m[2026-09-16 13:49:30.035][VERB] RETURN: {"result":"$18643"}
[0m[0;32m[2026-09-16 13:49:30.035][VERB] COMMANDCALL: _C.SafeAPI.Execute(["v1.sketch.circle",[{"radius":2.7,"id":18643,"genFixation":0,"centerPos":[1.4,1.4,0]}]])
[0m[0;32m[2026-09-16 13:49:30.036][VERB] RETURN: {"result":"$18649"}
[0m[0;32m[2026-09-16 13:49:30.036][VERB] COMMANDCALL: _C.SafeAPI.Execute(["v1.sketch.getPoints",[{"id":18649}]])
[0m[0;32m[2026-09-16 13:49:30.037][VERB] RETURN: {"result":{"centerId":"$18650"}}
[0m[0;32m[2026-09-16 13:49:30.037][VERB] COMMANDCALL: _C.SafeAPI.Execute(["v1.sketch.point",[{"pos":[-1000,-1000,0],"id":18643}]])
[0m[0;32m[2026-09-16 13:49:30.038][VERB] RETURN: {"result":"$18652"}
[0m[0;32m[2026-09-16 13:49:30.038][VERB] COMMANDCALL: _C.SafeAPI.Execute(["v1.sketch.constraint",[{"type":"FIXATION","id":18643,"geomIds":[18652]}]])
[0m[0;32m[2026-09-16 13:49:30.039][VERB] RETURN: {"result":"$18654"}
[0m[0;32m[2026-09-16 13:49:30.039][VERB] COMMANDCALL: _C.SafeAPI.Execute(["v1.sketch.dimension",[{"type":"HORIZONTAL_DISTANCE","value":"@expr.d1088_position_x","name":"position_x","id":18643,"geomIds":[18652,18650]}]])
[0m[0;32m[2026-09-16 13:49:30.043][VERB] RETURN: {"result":"$18658"}
[0m[0;32m[2026-09-16 13:49:30.044][VERB] COMMANDCALL: _C.SafeAPI.Execute(["v1.sketch.dimension",[{"type":"VERTICAL_DISTANCE","value":"@expr.d1089_position_y","name":"position_y","id":18643,"geomIds":[18652,18650]}]])
[0m[0;32m[2026-09-16 13:49:30.049][VERB] RETURN: {"result":"$18662"}
[0m[0;32m[2026-09-16 13:49:30.049][VERB] COMMANDCALL: _C.SafeAPI.Execute(["v1.sketch.dimension",[{"type":"RADIUS","value":"@expr.d1090_radius","name":"radius","id":18643,"geomIds":[18649]}]])
[0m[0;32m[2026-09-16 13:49:30.055][VERB] RETURN: {"result":"$18666"}
[0m[0;32m[2026-09-16 13:49:30.055][VERB] COMMANDCALL: _C.SafeAPI.Execute(["v1.part.extrusion",[{"references":[18649],"name":"F1086_makeCylinder_cad_primitives_py_12","taperAngle":0,"limit2":"@expr.d1091_height","id":4}]])
[0m[0;32m[2026-09-16 13:49:30.064][VERB] RETURN: {"result":"$18670"}
[0m[0;32m[2026-09-16 13:49:30.064][VERB] COMMANDCALL: _C.SafeAPI.Execute(["v1.part.workPlane",[{"type":"PLANE","references":[38],"name":"F1092_makeCylinder_cad_primitives_py_12_plane","offset":"@expr.d1093_plane_offset","id":4}]])
[0m[0;32m[2026-09-16 13:49:30.070][VERB] RETURN: {"result":"$18692"}
[0m[0;32m[2026-09-16 13:49:30.070][VERB] COMMANDCALL: _C.SafeAPI.Execute(["v1.sketch.create",[{"planeId":18692,"name":"F1092_makeCylinder_cad_primitives_py_12_profile","id":4}]])
[0m[0;32m[2026-09-16 13:49:30.073][VERB] RETURN: {"result":"$18698"}
[0m[0;32m[2026-09-16 13:49:30.073][VERB] COMMANDCALL: _C.SafeAPI.Execute(["v1.sketch.circle",[{"radius":2.7,"id":18698,"genFixation":0,"centerPos":[1.4,24.6,0]}]])
[0m[0;32m[2026-09-16 13:49:30.074][VERB] RETURN: {"result":"$18704"}
[0m[0;32m[2026-09-16 13:49:30.074][VERB] COMMANDCALL: _C.SafeAPI.Execute(["v1.sketch.getPoints",[{"id":18704}]])
[0m[0;32m[2026-09-16 13:49:30.074][VERB] RETURN: {"result":{"centerId":"$18705"}}
[0m[0;32m[2026-09-16 13:49:30.074][VERB] COMMANDCALL: _C.SafeAPI.Execute(["v1.sketch.point",[{"pos":[-1000,-1000,0],"id":18698}]])
[0m[0;32m[2026-09-16 13:49:30.075][VERB] RETURN: {"result":"$18707"}
[0m[0;32m[2026-09-16 13:49:30.075][VERB] COMMANDCALL: _C.SafeAPI.Execute(["v1.sketch.constraint",[{"type":"FIXATION","id":18698,"geomIds":[18707]}]])
[0m[0;32m[2026-09-16 13:49:30.076][VERB] RETURN: {"result":"$18709"}
[0m[0;32m[2026-09-16 13:49:30.077][VERB] COMMANDCALL: _C.SafeAPI.Execute(["v1.sketch.dimension",[{"type":"HORIZONTAL_DISTANCE","value":"@expr.d1094_position_x","name":"position_x","id":18698,"geomIds":[18707,18705]}]])
[0m[0;32m[2026-09-16 13:49:30.082][VERB] RETURN: {"result":"$18713"}
[0m[0;32m[2026-09-16 13:49:30.082][VERB] COMMANDCALL: _C.SafeAPI.Execute(["v1.sketch.dimension",[{"type":"VERTICAL_DISTANCE","value":"@expr.d1095_position_y","name":"position_y","id":18698,"geomIds":[18707,18705]}]])
[0m[0;32m[2026-09-16 13:49:30.087][VERB] RETURN: {"result":"$18717"}
[0m[0;32m[2026-09-16 13:49:30.087][VERB] COMMANDCALL: _C.SafeAPI.Execute(["v1.sketch.dimension",[{"type":"RADIUS","value":"@expr.d1096_radius","name":"radius","id":18698,"geomIds":[18704]}]])
[0m[0;32m[2026-09-16 13:49:30.093][VERB] RETURN: {"result":"$18721"}
[0m[0;32m[2026-09-16 13:49:30.093][VERB] COMMANDCALL: _C.SafeAPI.Execute(["v1.part.extrusion",[{"references":[18704],"name":"F1092_makeCylinder_cad_primitives_py_12","taperAngle":0,"limit2":"@expr.d1097_height","id":4}]])
[0m[0;32m[2026-09-16 13:49:30.102][VERB] RETURN: {"result":"$18725"}
[0m[0;32m[2026-09-16 13:49:30.102][VERB] COMMANDCALL: _C.SafeAPI.Execute(["v1.part.workPlane",[{"type":"PLANE","references":[38],"name":"F1098_makeCylinder_cad_primitives_py_12_plane","offset":"@expr.d1099_plane_offset","id":4}]])
[0m[0;32m[2026-09-16 13:49:30.108][VERB] RETURN: {"result":"$18747"}
[0m[0;32m[2026-09-16 13:49:30.108][VERB] COMMANDCALL: _C.SafeAPI.Execute(["v1.sketch.create",[{"planeId":18747,"name":"F1098_makeCylinder_cad_primitives_py_12_profile","id":4}]])
[0m[0;32m[2026-09-16 13:49:30.110][VERB] RETURN: {"result":"$18753"}
[0m[0;32m[2026-09-16 13:49:30.111][VERB] COMMANDCALL: _C.SafeAPI.Execute(["v1.sketch.circle",[{"radius":2.7,"id":18753,"genFixation":0,"centerPos":[52.4,1.4,0]}]])
[0m[0;32m[2026-09-16 13:49:30.112][VERB] RETURN: {"result":"$18759"}
[0m[0;32m[2026-09-16 13:49:30.112][VERB] COMMANDCALL: _C.SafeAPI.Execute(["v1.sketch.getPoints",[{"id":18759}]])
[0m[0;32m[2026-09-16 13:49:30.112][VERB] RETURN: {"result":{"centerId":"$18760"}}
[0m[0;32m[2026-09-16 13:49:30.112][VERB] COMMANDCALL: _C.SafeAPI.Execute(["v1.sketch.point",[{"pos":[-1000,-1000,0],"id":18753}]])
[0m[0;32m[2026-09-16 13:49:30.113][VERB] RETURN: {"result":"$18762"}
[0m[0;32m[2026-09-16 13:49:30.113][VERB] COMMANDCALL: _C.SafeAPI.Execute(["v1.sketch.constraint",[{"type":"FIXATION","id":18753,"geomIds":[18762]}]])
[0m[0;32m[2026-09-16 13:49:30.114][VERB] RETURN: {"result":"$18764"}
[0m[0;32m[2026-09-16 13:49:30.114][VERB] COMMANDCALL: _C.SafeAPI.Execute(["v1.sketch.dimension",[{"type":"HORIZONTAL_DISTANCE","value":"@expr.d1100_position_x","name":"position_x","id":18753,"geomIds":[18762,18760]}]])
[0m[0;32m[2026-09-16 13:49:30.119][VERB] RETURN: {"result":"$18768"}
[0m[0;32m[2026-09-16 13:49:30.119][VERB] COMMANDCALL: _C.SafeAPI.Execute(["v1.sketch.dimension",[{"type":"VERTICAL_DISTANCE","value":"@expr.d1101_position_y","name":"position_y","id":18753,"geomIds":[18762,18760]}]])
[0m[0;32m[2026-09-16 13:49:30.124][VERB] RETURN: {"result":"$18772"}
[0m[0;32m[2026-09-16 13:49:30.125][VERB] COMMANDCALL: _C.SafeAPI.Execute(["v1.sketch.dimension",[{"type":"RADIUS","value":"@expr.d1102_radius","name":"radius","id":18753,"geomIds":[18759]}]])
[0m[0;32m[2026-09-16 13:49:30.130][VERB] RETURN: {"result":"$18776"}
[0m[0;32m[2026-09-16 13:49:30.130][VERB] COMMANDCALL: _C.SafeAPI.Execute(["v1.part.extrusion",[{"references":[18759],"name":"F1098_makeCylinder_cad_primitives_py_12","taperAngle":0,"limit2":"@expr.d1103_height","id":4}]])
[0m[0;32m[2026-09-16 13:49:30.139][VERB] RETURN: {"result":"$18780"}
[0m[0;32m[2026-09-16 13:49:30.140][VERB] COMMANDCALL: _C.SafeAPI.Execute(["v1.part.workPlane",[{"type":"PLANE","references":[38],"name":"F1104_makeCylinder_cad_primitives_py_12_plane","offset":"@expr.d1105_plane_offset","id":4}]])
[0m[0;32m[2026-09-16 13:49:30.146][VERB] RETURN: {"result":"$18802"}
[0m[0;32m[2026-09-16 13:49:30.146][VERB] COMMANDCALL: _C.SafeAPI.Execute(["v1.sketch.create",[{"planeId":18802,"name":"F1104_makeCylinder_cad_primitives_py_12_profile","id":4}]])
[0m[0;32m[2026-09-16 13:49:30.148][VERB] RETURN: {"result":"$18808"}
[0m[0;32m[2026-09-16 13:49:30.149][VERB] COMMANDCALL: _C.SafeAPI.Execute(["v1.sketch.circle",[{"radius":2.7,"id":18808,"genFixation":0,"centerPos":[52.4,24.6,0]}]])
[0m[0;32m[2026-09-16 13:49:30.150][VERB] RETURN: {"result":"$18814"}
[0m[0;32m[2026-09-16 13:49:30.150][VERB] COMMANDCALL: _C.SafeAPI.Execute(["v1.sketch.getPoints",[{"id":18814}]])
[0m[0;32m[2026-09-16 13:49:30.150][VERB] RETURN: {"result":{"centerId":"$18815"}}
[0m[0;32m[2026-09-16 13:49:30.150][VERB] COMMANDCALL: _C.SafeAPI.Execute(["v1.sketch.point",[{"pos":[-1000,-1000,0],"id":18808}]])
[0m[0;32m[2026-09-16 13:49:30.151][VERB] RETURN: {"result":"$18817"}
[0m[0;32m[2026-09-16 13:49:30.151][VERB] COMMANDCALL: _C.SafeAPI.Execute(["v1.sketch.constraint",[{"type":"FIXATION","id":18808,"geomIds":[18817]}]])
[0m[0;32m[2026-09-16 13:49:30.152][VERB] RETURN: {"result":"$18819"}
[0m[0;32m[2026-09-16 13:49:30.153][VERB] COMMANDCALL: _C.SafeAPI.Execute(["v1.sketch.dimension",[{"type":"HORIZONTAL_DISTANCE","value":"@expr.d1106_position_x","name":"position_x","id":18808,"geomIds":[18817,18815]}]])
[0m[0;32m[2026-09-16 13:49:30.157][VERB] RETURN: {"result":"$18823"}
[0m[0;32m[2026-09-16 13:49:30.157][VERB] COMMANDCALL: _C.SafeAPI.Execute(["v1.sketch.dimension",[{"type":"VERTICAL_DISTANCE","value":"@expr.d1107_position_y","name":"position_y","id":18808,"geomIds":[18817,18815]}]])
[0m[0;32m[2026-09-16 13:49:30.163][VERB] RETURN: {"result":"$18827"}
[0m[0;32m[2026-09-16 13:49:30.163][VERB] COMMANDCALL: _C.SafeAPI.Execute(["v1.sketch.dimension",[{"type":"RADIUS","value":"@expr.d1108_radius","name":"radius","id":18808,"geomIds":[18814]}]])
[0m[0;32m[2026-09-16 13:49:30.168][VERB] RETURN: {"result":"$18831"}
[0m[0;32m[2026-09-16 13:49:30.168][VERB] COMMANDCALL: _C.SafeAPI.Execute(["v1.part.extrusion",[{"references":[18814],"name":"F1104_makeCylinder_cad_primitives_py_12","taperAngle":0,"limit2":"@expr.d1109_height","id":4}]])
[0m[0;32m[2026-09-16 13:49:30.178][VERB] RETURN: {"result":"$18835"}
[0m[0;32m[2026-09-16 13:49:30.178][VERB] COMMANDCALL: _C.SafeAPI.Execute(["v1.part.workPlane",[{"type":"PLANE","references":[38],"name":"F1110_makeBox_cad_primitives_py_8_plane","offset":"@expr.d1111_plane_offset","id":4}]])
[0m[0;32m[2026-09-16 13:49:30.184][VERB] RETURN: {"result":"$18857"}
[0m[0;32m[2026-09-16 13:49:30.184][VERB] COMMANDCALL: _C.SafeAPI.Execute(["v1.sketch.create",[{"planeId":18857,"name":"F1110_makeBox_cad_primitives_py_8_profile","id":4}]])
[0m[0;32m[2026-09-16 13:49:30.186][VERB] RETURN: {"result":"$18863"}
[0m[0;32m[2026-09-16 13:49:30.187][VERB] COMMANDCALL: _C.SafeAPI.Execute(["v1.sketch.rectangle",[{"startPos":[1.4,20.1,0],"id":18863,"genFixation":0,"endPos":[56.4,65.9,0]}]])
[0m[0;32m[2026-09-16 13:49:30.193][VERB] RETURN: {"result":["$18869","$18873","$18879","$18885"]}
[0m[0;32m[2026-09-16 13:49:30.194][VERB] COMMANDCALL: _C.SafeAPI.Execute(["v1.sketch.getPoints",[{"id":18869}]])
[0m[0;32m[2026-09-16 13:49:30.194][VERB] RETURN: {"result":{"endId":"$18871","startId":"$18870"}}
[0m[0;32m[2026-09-16 13:49:30.194][VERB] COMMANDCALL: _C.SafeAPI.Execute(["v1.sketch.point",[{"pos":[-1000,-1000,0],"id":18863}]])
[0m[0;32m[2026-09-16 13:49:30.196][VERB] RETURN: {"result":"$18901"}
[0m[0;32m[2026-09-16 13:49:30.196][VERB] COMMANDCALL: _C.SafeAPI.Execute(["v1.sketch.constraint",[{"type":"FIXATION","id":18863,"geomIds":[18901]}]])
[0m[0;32m[2026-09-16 13:49:30.197][VERB] RETURN: {"result":"$18903"}
[0m[0;32m[2026-09-16 13:49:30.198][VERB] COMMANDCALL: _C.SafeAPI.Execute(["v1.sketch.dimension",[{"type":"HORIZONTAL_DISTANCE","value":"@expr.d1112_position_x","name":"position_x","id":18863,"geomIds":[18901,18870]}]])
[0m[0;32m[2026-09-16 13:49:30.203][VERB] RETURN: {"result":"$18907"}
[0m[0;32m[2026-09-16 13:49:30.203][VERB] COMMANDCALL: _C.SafeAPI.Execute(["v1.sketch.dimension",[{"type":"VERTICAL_DISTANCE","value":"@expr.d1113_position_y","name":"position_y","id":18863,"geomIds":[18901,18870]}]])
[0m[0;32m[2026-09-16 13:49:30.210][VERB] RETURN: {"result":"$18911"}
[0m[0;32m[2026-09-16 13:49:30.210][VERB] COMMANDCALL: _C.SafeAPI.Execute(["v1.sketch.dimension",[{"type":"OFFSET","value":"@expr.d1114_width","name":"width","id":18863,"geomIds":[18869]}]])
[0m[0;32m[2026-09-16 13:49:30.217][VERB] RETURN: {"result":"$18915"}
[0m[0;32m[2026-09-16 13:49:30.218][VERB] COMMANDCALL: _C.SafeAPI.Execute(["v1.sketch.dimension",[{"type":"OFFSET","value":"@expr.d1115_depth","name":"depth","id":18863,"geomIds":[18873]}]])
[0m[0;32m[2026-09-16 13:49:30.226][VERB] RETURN: {"result":"$18919"}
[0m[0;32m[2026-09-16 13:49:30.227][VERB] COMMANDCALL: _C.SafeAPI.Execute(["v1.part.extrusion",[{"references":[18869,18873,18879,18885],"name":"F1110_makeBox_cad_primitives_py_8","taperAngle":0,"limit2":"@expr.d1116_height","id":4}]])
[0m[0;32m[2026-09-16 13:49:30.235][VERB] RETURN: {"result":"$18923"}
[0m[0;32m[2026-09-16 13:49:30.235][VERB] COMMANDCALL: _C.SafeAPI.Execute(["v1.part.workPlane",[{"type":"PLANE","references":[38],"name":"F1117_makeBox_cad_primitives_py_8_plane","offset":"@expr.d1118_plane_offset","id":4}]])
[0m[0;32m[2026-09-16 13:49:30.241][VERB] RETURN: {"result":"$18966"}
[0m[0;32m[2026-09-16 13:49:30.242][VERB] COMMANDCALL: _C.SafeAPI.Execute(["v1.sketch.create",[{"planeId":18966,"name":"F1117_makeBox_cad_primitives_py_8_profile","id":4}]])
[0m[0;32m[2026-09-16 13:49:30.244][VERB] RETURN: {"result":"$18972"}
[0m[0;32m[2026-09-16 13:49:30.244][VERB] COMMANDCALL: _C.SafeAPI.Execute(["v1.sketch.rectangle",[{"startPos":[-1.3,22.8,0],"id":18972,"genFixation":0,"endPos":[59.1,63.2,0]}]])
[0m[0;32m[2026-09-16 13:49:30.250][VERB] RETURN: {"result":["$18978","$18982","$18988","$18994"]}
[0m[0;32m[2026-09-16 13:49:30.251][VERB] COMMANDCALL: _C.SafeAPI.Execute(["v1.sketch.getPoints",[{"id":18978}]])
[0m[0;32m[2026-09-16 13:49:30.251][VERB] RETURN: {"result":{"endId":"$18980","startId":"$18979"}}
[0m[0;32m[2026-09-16 13:49:30.251][VERB] COMMANDCALL: _C.SafeAPI.Execute(["v1.sketch.point",[{"pos":[-1000,-1000,0],"id":18972}]])
[0m[0;32m[2026-09-16 13:49:30.253][VERB] RETURN: {"result":"$19010"}
[0m[0;32m[2026-09-16 13:49:30.253][VERB] COMMANDCALL: _C.SafeAPI.Execute(["v1.sketch.constraint",[{"type":"FIXATION","id":18972,"geomIds":[19010]}]])
[0m[0;32m[2026-09-16 13:49:30.255][VERB] RETURN: {"result":"$19012"}
[0m[0;32m[2026-09-16 13:49:30.255][VERB] COMMANDCALL: _C.SafeAPI.Execute(["v1.sketch.dimension",[{"type":"HORIZONTAL_DISTANCE","value":"@expr.d1119_position_x","name":"position_x","id":18972,"geomIds":[19010,18979]}]])
[0m[0;32m[2026-09-16 13:49:30.261][VERB] RETURN: {"result":"$19016"}
[0m[0;32m[2026-09-16 13:49:30.261][VERB] COMMANDCALL: _C.SafeAPI.Execute(["v1.sketch.dimension",[{"type":"VERTICAL_DISTANCE","value":"@expr.d1120_position_y","name":"position_y","id":18972,"geomIds":[19010,18979]}]])
[0m[0;32m[2026-09-16 13:49:30.268][VERB] RETURN: {"result":"$19020"}
[0m[0;32m[2026-09-16 13:49:30.268][VERB] COMMANDCALL: _C.SafeAPI.Execute(["v1.sketch.dimension",[{"type":"OFFSET","value":"@expr.d1121_width","name":"width","id":18972,"geomIds":[18978]}]])
[0m[0;32m[2026-09-16 13:49:30.276][VERB] RETURN: {"result":"$19024"}
[0m[0;32m[2026-09-16 13:49:30.276][VERB] COMMANDCALL: _C.SafeAPI.Execute(["v1.sketch.dimension",[{"type":"OFFSET","value":"@expr.d1122_depth","name":"depth","id":18972,"geomIds":[18982]}]])
[0m[0;32m[2026-09-16 13:49:30.284][VERB] RETURN: {"result":"$19028"}
[0m[0;32m[2026-09-16 13:49:30.285][VERB] COMMANDCALL: _C.SafeAPI.Execute(["v1.part.extrusion",[{"references":[18978,18982,18988,18994],"name":"F1117_makeBox_cad_primitives_py_8","taperAngle":0,"limit2":"@expr.d1123_height","id":4}]])
[0m[0;32m[2026-09-16 13:49:30.293][VERB] RETURN: {"result":"$19032"}
[0m[0;32m[2026-09-16 13:49:30.294][VERB] COMMANDCALL: _C.SafeAPI.Execute(["v1.part.workPlane",[{"type":"PLANE","references":[38],"name":"F1124_makeCylinder_cad_primitives_py_12_plane","offset":"@expr.d1125_plane_offset","id":4}]])
[0m[0;32m[2026-09-16 13:49:30.299][VERB] RETURN: {"result":"$19075"}
[0m[0;32m[2026-09-16 13:49:30.299][VERB] COMMANDCALL: _C.SafeAPI.Execute(["v1.sketch.create",[{"planeId":19075,"name":"F1124_makeCylinder_cad_primitives_py_12_profile","id":4}]])
[0m[0;32m[2026-09-16 13:49:30.301][VERB] RETURN: {"result":"$19081"}
[0m[0;32m[2026-09-16 13:49:30.302][VERB] COMMANDCALL: _C.SafeAPI.Execute(["v1.sketch.circle",[{"radius":2.7,"id":19081,"genFixation":0,"centerPos":[1.4,22.8,0]}]])
[0m[0;32m[2026-09-16 13:49:30.303][VERB] RETURN: {"result":"$19087"}
[0m[0;32m[2026-09-16 13:49:30.303][VERB] COMMANDCALL: _C.SafeAPI.Execute(["v1.sketch.getPoints",[{"id":19087}]])
[0m[0;32m[2026-09-16 13:49:30.303][VERB] RETURN: {"result":{"centerId":"$19088"}}
[0m[0;32m[2026-09-16 13:49:30.303][VERB] COMMANDCALL: _C.SafeAPI.Execute(["v1.sketch.point",[{"pos":[-1000,-1000,0],"id":19081}]])
[0m[0;32m[2026-09-16 13:49:30.305][VERB] RETURN: {"result":"$19090"}
[0m[0;32m[2026-09-16 13:49:30.305][VERB] COMMANDCALL: _C.SafeAPI.Execute(["v1.sketch.constraint",[{"type":"FIXATION","id":19081,"geomIds":[19090]}]])
[0m[0;32m[2026-09-16 13:49:30.306][VERB] RETURN: {"result":"$19092"}
[0m[0;32m[2026-09-16 13:49:30.306][VERB] COMMANDCALL: _C.SafeAPI.Execute(["v1.sketch.dimension",[{"type":"HORIZONTAL_DISTANCE","value":"@expr.d1126_position_x","name":"position_x","id":19081,"geomIds":[19090,19088]}]])
[0m[0;32m[2026-09-16 13:49:30.311][VERB] RETURN: {"result":"$19096"}
[0m[0;32m[2026-09-16 13:49:30.311][VERB] COMMANDCALL: _C.SafeAPI.Execute(["v1.sketch.dimension",[{"type":"VERTICAL_DISTANCE","value":"@expr.d1127_position_y","name":"position_y","id":19081,"geomIds":[19090,19088]}]])
[0m[0;32m[2026-09-16 13:49:30.316][VERB] RETURN: {"result":"$19100"}
[0m[0;32m[2026-09-16 13:49:30.316][VERB] COMMANDCALL: _C.SafeAPI.Execute(["v1.sketch.dimension",[{"type":"RADIUS","value":"@expr.d1128_radius","name":"radius","id":19081,"geomIds":[19087]}]])
[0m[0;32m[2026-09-16 13:49:30.321][VERB] RETURN: {"result":"$19104"}
[0m[0;32m[2026-09-16 13:49:30.322][VERB] COMMANDCALL: _C.SafeAPI.Execute(["v1.part.extrusion",[{"references":[19087],"name":"F1124_makeCylinder_cad_primitives_py_12","taperAngle":0,"limit2":"@expr.d1129_height","id":4}]])
[0m[0;32m[2026-09-16 13:49:30.330][VERB] RETURN: {"result":"$19108"}
[0m[0;32m[2026-09-16 13:49:30.331][VERB] COMMANDCALL: _C.SafeAPI.Execute(["v1.part.workPlane",[{"type":"PLANE","references":[38],"name":"F1130_makeCylinder_cad_primitives_py_12_plane","offset":"@expr.d1131_plane_offset","id":4}]])
[0m[0;32m[2026-09-16 13:49:30.336][VERB] RETURN: {"result":"$19130"}
[0m[0;32m[2026-09-16 13:49:30.337][VERB] COMMANDCALL: _C.SafeAPI.Execute(["v1.sketch.create",[{"planeId":19130,"name":"F1130_makeCylinder_cad_primitives_py_12_profile","id":4}]])
[0m[0;32m[2026-09-16 13:49:30.339][VERB] RETURN: {"result":"$19136"}
[0m[0;32m[2026-09-16 13:49:30.339][VERB] COMMANDCALL: _C.SafeAPI.Execute(["v1.sketch.circle",[{"radius":2.7,"id":19136,"genFixation":0,"centerPos":[1.4,63.2,0]}]])
[0m[0;32m[2026-09-16 13:49:30.340][VERB] RETURN: {"result":"$19142"}
[0m[0;32m[2026-09-16 13:49:30.340][VERB] COMMANDCALL: _C.SafeAPI.Execute(["v1.sketch.getPoints",[{"id":19142}]])
[0m[0;32m[2026-09-16 13:49:30.340][VERB] RETURN: {"result":{"centerId":"$19143"}}
[0m[0;32m[2026-09-16 13:49:30.340][VERB] COMMANDCALL: _C.SafeAPI.Execute(["v1.sketch.point",[{"pos":[-1000,-1000,0],"id":19136}]])
[0m[0;32m[2026-09-16 13:49:30.341][VERB] RETURN: {"result":"$19145"}
[0m[0;32m[2026-09-16 13:49:30.341][VERB] COMMANDCALL: _C.SafeAPI.Execute(["v1.sketch.constraint",[{"type":"FIXATION","id":19136,"geomIds":[19145]}]])
[0m[0;32m[2026-09-16 13:49:30.342][VERB] RETURN: {"result":"$19147"}
[0m[0;32m[2026-09-16 13:49:30.343][VERB] COMMANDCALL: _C.SafeAPI.Execute(["v1.sketch.dimension",[{"type":"HORIZONTAL_DISTANCE","value":"@expr.d1132_position_x","name":"position_x","id":19136,"geomIds":[19145,19143]}]])
[0m[0;32m[2026-09-16 13:49:30.347][VERB] RETURN: {"result":"$19151"}
[0m[0;32m[2026-09-16 13:49:30.347][VERB] COMMANDCALL: _C.SafeAPI.Execute(["v1.sketch.dimension",[{"type":"VERTICAL_DISTANCE","value":"@expr.d1133_position_y","name":"position_y","id":19136,"geomIds":[19145,19143]}]])
[0m[0;32m[2026-09-16 13:49:30.353][VERB] RETURN: {"result":"$19155"}
[0m[0;32m[2026-09-16 13:49:30.353][VERB] COMMANDCALL: _C.SafeAPI.Execute(["v1.sketch.dimension",[{"type":"RADIUS","value":"@expr.d1134_radius","name":"radius","id":19136,"geomIds":[19142]}]])
[0m[0;32m[2026-09-16 13:49:30.359][VERB] RETURN: {"result":"$19159"}
[0m[0;32m[2026-09-16 13:49:30.359][VERB] COMMANDCALL: _C.SafeAPI.Execute(["v1.part.extrusion",[{"references":[19142],"name":"F1130_makeCylinder_cad_primitives_py_12","taperAngle":0,"limit2":"@expr.d1135_height","id":4}]])
[0m[0;32m[2026-09-16 13:49:30.367][VERB] RETURN: {"result":"$19163"}
[0m[0;32m[2026-09-16 13:49:30.368][VERB] COMMANDCALL: _C.SafeAPI.Execute(["v1.part.workPlane",[{"type":"PLANE","references":[38],"name":"F1136_makeCylinder_cad_primitives_py_12_plane","offset":"@expr.d1137_plane_offset","id":4}]])
[0m[0;32m[2026-09-16 13:49:30.374][VERB] RETURN: {"result":"$19185"}
[0m[0;32m[2026-09-16 13:49:30.375][VERB] COMMANDCALL: _C.SafeAPI.Execute(["v1.sketch.create",[{"planeId":19185,"name":"F1136_makeCylinder_cad_primitives_py_12_profile","id":4}]])
[0m[0;32m[2026-09-16 13:49:30.377][VERB] RETURN: {"result":"$19191"}
[0m[0;32m[2026-09-16 13:49:30.377][VERB] COMMANDCALL: _C.SafeAPI.Execute(["v1.sketch.circle",[{"radius":2.7,"id":19191,"genFixation":0,"centerPos":[56.4,22.8,0]}]])
[0m[0;32m[2026-09-16 13:49:30.378][VERB] RETURN: {"result":"$19197"}
[0m[0;32m[2026-09-16 13:49:30.378][VERB] COMMANDCALL: _C.SafeAPI.Execute(["v1.sketch.getPoints",[{"id":19197}]])
[0m[0;32m[2026-09-16 13:49:30.379][VERB] RETURN: {"result":{"centerId":"$19198"}}
[0m[0;32m[2026-09-16 13:49:30.379][VERB] COMMANDCALL: _C.SafeAPI.Execute(["v1.sketch.point",[{"pos":[-1000,-1000,0],"id":19191}]])
[0m[0;32m[2026-09-16 13:49:30.380][VERB] RETURN: {"result":"$19200"}
[0m[0;32m[2026-09-16 13:49:30.380][VERB] COMMANDCALL: _C.SafeAPI.Execute(["v1.sketch.constraint",[{"type":"FIXATION","id":19191,"geomIds":[19200]}]])
[0m[0;32m[2026-09-16 13:49:30.381][VERB] RETURN: {"result":"$19202"}
[0m[0;32m[2026-09-16 13:49:30.381][VERB] COMMANDCALL: _C.SafeAPI.Execute(["v1.sketch.dimension",[{"type":"HORIZONTAL_DISTANCE","value":"@expr.d1138_position_x","name":"position_x","id":19191,"geomIds":[19200,19198]}]])
[0m[0;32m[2026-09-16 13:49:30.385][VERB] RETURN: {"result":"$19206"}
[0m[0;32m[2026-09-16 13:49:30.386][VERB] COMMANDCALL: _C.SafeAPI.Execute(["v1.sketch.dimension",[{"type":"VERTICAL_DISTANCE","value":"@expr.d1139_position_y","name":"position_y","id":19191,"geomIds":[19200,19198]}]])
[0m[0;32m[2026-09-16 13:49:30.391][VERB] RETURN: {"result":"$19210"}
[0m[0;32m[2026-09-16 13:49:30.391][VERB] COMMANDCALL: _C.SafeAPI.Execute(["v1.sketch.dimension",[{"type":"RADIUS","value":"@expr.d1140_radius","name":"radius","id":19191,"geomIds":[19197]}]])
[0m[0;32m[2026-09-16 13:49:30.396][VERB] RETURN: {"result":"$19214"}
[0m[0;32m[2026-09-16 13:49:30.396][VERB] COMMANDCALL: _C.SafeAPI.Execute(["v1.part.extrusion",[{"references":[19197],"name":"F1136_makeCylinder_cad_primitives_py_12","taperAngle":0,"limit2":"@expr.d1141_height","id":4}]])
[0m[0;32m[2026-09-16 13:49:30.405][VERB] RETURN: {"result":"$19218"}
[0m[0;32m[2026-09-16 13:49:30.406][VERB] COMMANDCALL: _C.SafeAPI.Execute(["v1.part.workPlane",[{"type":"PLANE","references":[38],"name":"F1142_makeCylinder_cad_primitives_py_12_plane","offset":"@expr.d1143_plane_offset","id":4}]])
[0m[0;32m[2026-09-16 13:49:30.412][VERB] RETURN: {"result":"$19240"}
[0m[0;32m[2026-09-16 13:49:30.412][VERB] COMMANDCALL: _C.SafeAPI.Execute(["v1.sketch.create",[{"planeId":19240,"name":"F1142_makeCylinder_cad_primitives_py_12_profile","id":4}]])
[0m[0;32m[2026-09-16 13:49:30.414][VERB] RETURN: {"result":"$19246"}
[0m[0;32m[2026-09-16 13:49:30.415][VERB] COMMANDCALL: _C.SafeAPI.Execute(["v1.sketch.circle",[{"radius":2.7,"id":19246,"genFixation":0,"centerPos":[56.4,63.2,0]}]])
[0m[0;32m[2026-09-16 13:49:30.416][VERB] RETURN: {"result":"$19252"}
[0m[0;32m[2026-09-16 13:49:30.416][VERB] COMMANDCALL: _C.SafeAPI.Execute(["v1.sketch.getPoints",[{"id":19252}]])
[0m[0;32m[2026-09-16 13:49:30.416][VERB] RETURN: {"result":{"centerId":"$19253"}}
[0m[0;32m[2026-09-16 13:49:30.416][VERB] COMMANDCALL: _C.SafeAPI.Execute(["v1.sketch.point",[{"pos":[-1000,-1000,0],"id":19246}]])
[0m[0;32m[2026-09-16 13:49:30.417][VERB] RETURN: {"result":"$19255"}
[0m[0;32m[2026-09-16 13:49:30.417][VERB] COMMANDCALL: _C.SafeAPI.Execute(["v1.sketch.constraint",[{"type":"FIXATION","id":19246,"geomIds":[19255]}]])
[0m[0;32m[2026-09-16 13:49:30.418][VERB] RETURN: {"result":"$19257"}
[0m[0;32m[2026-09-16 13:49:30.419][VERB] COMMANDCALL: _C.SafeAPI.Execute(["v1.sketch.dimension",[{"type":"HORIZONTAL_DISTANCE","value":"@expr.d1144_position_x","name":"position_x","id":19246,"geomIds":[19255,19253]}]])
[0m[0;32m[2026-09-16 13:49:30.423][VERB] RETURN: {"result":"$19261"}
[0m[0;32m[2026-09-16 13:49:30.423][VERB] COMMANDCALL: _C.SafeAPI.Execute(["v1.sketch.dimension",[{"type":"VERTICAL_DISTANCE","value":"@expr.d1145_position_y","name":"position_y","id":19246,"geomIds":[19255,19253]}]])
[0m[0;32m[2026-09-16 13:49:30.428][VERB] RETURN: {"result":"$19265"}
[0m[0;32m[2026-09-16 13:49:30.429][VERB] COMMANDCALL: _C.SafeAPI.Execute(["v1.sketch.dimension",[{"type":"RADIUS","value":"@expr.d1146_radius","name":"radius","id":19246,"geomIds":[19252]}]])
[0m[0;32m[2026-09-16 13:49:30.434][VERB] RETURN: {"result":"$19269"}
[0m[0;32m[2026-09-16 13:49:30.434][VERB] COMMANDCALL: _C.SafeAPI.Execute(["v1.part.extrusion",[{"references":[19252],"name":"F1142_makeCylinder_cad_primitives_py_12","taperAngle":0,"limit2":"@expr.d1147_height","id":4}]])
[0m[0;32m[2026-09-16 13:49:30.443][VERB] RETURN: {"result":"$19273"}
[0m[0;32m[2026-09-16 13:49:30.443][VERB] COMMANDCALL: _C.SafeAPI.Execute(["v1.part.workPlane",[{"type":"PLANE","references":[38],"name":"F1148_makeBox_cad_primitives_py_8_plane","offset":"@expr.d1149_plane_offset","id":4}]])
[0m[0;32m[2026-09-16 13:49:30.449][VERB] RETURN: {"result":"$19295"}
[0m[0;32m[2026-09-16 13:49:30.450][VERB] COMMANDCALL: _C.SafeAPI.Execute(["v1.sketch.create",[{"planeId":19295,"name":"F1148_makeBox_cad_primitives_py_8_profile","id":4}]])
[0m[0;32m[2026-09-16 13:49:30.452][VERB] RETURN: {"result":"$19301"}
[0m[0;32m[2026-09-16 13:49:30.452][VERB] COMMANDCALL: _C.SafeAPI.Execute(["v1.sketch.rectangle",[{"startPos":[48.8,-1.3,0],"id":19301,"genFixation":0,"endPos":[89.8,40.8,0]}]])
[0m[0;32m[2026-09-16 13:49:30.459][VERB] RETURN: {"result":["$19307","$19311","$19317","$19323"]}
[0m[0;32m[2026-09-16 13:49:30.459][VERB] COMMANDCALL: _C.SafeAPI.Execute(["v1.sketch.getPoints",[{"id":19307}]])
[0m[0;32m[2026-09-16 13:49:30.459][VERB] RETURN: {"result":{"endId":"$19309","startId":"$19308"}}
[0m[0;32m[2026-09-16 13:49:30.459][VERB] COMMANDCALL: _C.SafeAPI.Execute(["v1.sketch.point",[{"pos":[-1000,-1000,0],"id":19301}]])
[0m[0;32m[2026-09-16 13:49:30.461][VERB] RETURN: {"result":"$19339"}
[0m[0;32m[2026-09-16 13:49:30.462][VERB] COMMANDCALL: _C.SafeAPI.Execute(["v1.sketch.constraint",[{"type":"FIXATION","id":19301,"geomIds":[19339]}]])
[0m[0;32m[2026-09-16 13:49:30.463][VERB] RETURN: {"result":"$19341"}
[0m[0;32m[2026-09-16 13:49:30.463][VERB] COMMANDCALL: _C.SafeAPI.Execute(["v1.sketch.dimension",[{"type":"HORIZONTAL_DISTANCE","value":"@expr.d1150_position_x","name":"position_x","id":19301,"geomIds":[19339,19308]}]])
[0m[0;32m[2026-09-16 13:49:30.469][VERB] RETURN: {"result":"$19345"}
[0m[0;32m[2026-09-16 13:49:30.470][VERB] COMMANDCALL: _C.SafeAPI.Execute(["v1.sketch.dimension",[{"type":"VERTICAL_DISTANCE","value":"@expr.d1151_position_y","name":"position_y","id":19301,"geomIds":[19339,19308]}]])
[0m[0;32m[2026-09-16 13:49:30.476][VERB] RETURN: {"result":"$19349"}
[0m[0;32m[2026-09-16 13:49:30.476][VERB] COMMANDCALL: _C.SafeAPI.Execute(["v1.sketch.dimension",[{"type":"OFFSET","value":"@expr.d1152_width","name":"width","id":19301,"geomIds":[19307]}]])
[0m[0;32m[2026-09-16 13:49:30.483][VERB] RETURN: {"result":"$19353"}
[0m[0;32m[2026-09-16 13:49:30.483][VERB] COMMANDCALL: _C.SafeAPI.Execute(["v1.sketch.dimension",[{"type":"OFFSET","value":"@expr.d1153_depth","name":"depth","id":19301,"geomIds":[19311]}]])
[0m[0;32m[2026-09-16 13:49:30.492][VERB] RETURN: {"result":"$19357"}
[0m[0;32m[2026-09-16 13:49:30.492][VERB] COMMANDCALL: _C.SafeAPI.Execute(["v1.part.extrusion",[{"references":[19307,19311,19317,19323],"name":"F1148_makeBox_cad_primitives_py_8","taperAngle":0,"limit2":"@expr.d1154_height","id":4}]])
[0m[0;32m[2026-09-16 13:49:30.500][VERB] RETURN: {"result":"$19361"}
[0m[0;32m[2026-09-16 13:49:30.501][VERB] COMMANDCALL: _C.SafeAPI.Execute(["v1.part.workPlane",[{"type":"PLANE","references":[38],"name":"F1155_makeBox_cad_primitives_py_8_plane","offset":"@expr.d1156_plane_offset","id":4}]])
[0m[0;32m[2026-09-16 13:49:30.508][VERB] RETURN: {"result":"$19404"}
[0m[0;32m[2026-09-16 13:49:30.508][VERB] COMMANDCALL: _C.SafeAPI.Execute(["v1.sketch.create",[{"planeId":19404,"name":"F1155_makeBox_cad_primitives_py_8_profile","id":4}]])
[0m[0;32m[2026-09-16 13:49:30.510][VERB] RETURN: {"result":"$19410"}
[0m[0;32m[2026-09-16 13:49:30.511][VERB] COMMANDCALL: _C.SafeAPI.Execute(["v1.sketch.rectangle",[{"startPos":[46.1,1.4,0],"id":19410,"genFixation":0,"endPos":[92.5,38.1,0]}]])
[0m[0;32m[2026-09-16 13:49:30.517][VERB] RETURN: {"result":["$19416","$19420","$19426","$19432"]}
[0m[0;32m[2026-09-16 13:49:30.517][VERB] COMMANDCALL: _C.SafeAPI.Execute(["v1.sketch.getPoints",[{"id":19416}]])
[0m[0;32m[2026-09-16 13:49:30.517][VERB] RETURN: {"result":{"endId":"$19418","startId":"$19417"}}
[0m[0;32m[2026-09-16 13:49:30.517][VERB] COMMANDCALL: _C.SafeAPI.Execute(["v1.sketch.point",[{"pos":[-1000,-1000,0],"id":19410}]])
[0m[0;32m[2026-09-16 13:49:30.520][VERB] RETURN: {"result":"$19448"}
[0m[0;32m[2026-09-16 13:49:30.520][VERB] COMMANDCALL: _C.SafeAPI.Execute(["v1.sketch.constraint",[{"type":"FIXATION","id":19410,"geomIds":[19448]}]])
[0m[0;32m[2026-09-16 13:49:30.521][VERB] RETURN: {"result":"$19450"}
[0m[0;32m[2026-09-16 13:49:30.521][VERB] COMMANDCALL: _C.SafeAPI.Execute(["v1.sketch.dimension",[{"type":"HORIZONTAL_DISTANCE","value":"@expr.d1157_position_x","name":"position_x","id":19410,"geomIds":[19448,19417]}]])
[0m[0;32m[2026-09-16 13:49:30.527][VERB] RETURN: {"result":"$19454"}
[0m[0;32m[2026-09-16 13:49:30.527][VERB] COMMANDCALL: _C.SafeAPI.Execute(["v1.sketch.dimension",[{"type":"VERTICAL_DISTANCE","value":"@expr.d1158_position_y","name":"position_y","id":19410,"geomIds":[19448,19417]}]])
[0m[0;32m[2026-09-16 13:49:30.534][VERB] RETURN: {"result":"$19458"}
[0m[0;32m[2026-09-16 13:49:30.534][VERB] COMMANDCALL: _C.SafeAPI.Execute(["v1.sketch.dimension",[{"type":"OFFSET","value":"@expr.d1159_width","name":"width","id":19410,"geomIds":[19416]}]])
[0m[0;32m[2026-09-16 13:49:30.542][VERB] RETURN: {"result":"$19462"}
[0m[0;32m[2026-09-16 13:49:30.542][VERB] COMMANDCALL: _C.SafeAPI.Execute(["v1.sketch.dimension",[{"type":"OFFSET","value":"@expr.d1160_depth","name":"depth","id":19410,"geomIds":[19420]}]])
[0m[0;32m[2026-09-16 13:49:30.551][VERB] RETURN: {"result":"$19466"}
[0m[0;32m[2026-09-16 13:49:30.551][VERB] COMMANDCALL: _C.SafeAPI.Execute(["v1.part.extrusion",[{"references":[19416,19420,19426,19432],"name":"F1155_makeBox_cad_primitives_py_8","taperAngle":0,"limit2":"@expr.d1161_height","id":4}]])
[0m[0;32m[2026-09-16 13:49:30.560][VERB] RETURN: {"result":"$19470"}
[0m[0;32m[2026-09-16 13:49:30.560][VERB] COMMANDCALL: _C.SafeAPI.Execute(["v1.part.workPlane",[{"type":"PLANE","references":[38],"name":"F1162_makeCylinder_cad_primitives_py_12_plane","offset":"@expr.d1163_plane_offset","id":4}]])
[0m[0;32m[2026-09-16 13:49:30.566][VERB] RETURN: {"result":"$19513"}
[0m[0;32m[2026-09-16 13:49:30.567][VERB] COMMANDCALL: _C.SafeAPI.Execute(["v1.sketch.create",[{"planeId":19513,"name":"F1162_makeCylinder_cad_primitives_py_12_profile","id":4}]])
[0m[0;32m[2026-09-16 13:49:30.569][VERB] RETURN: {"result":"$19519"}
[0m[0;32m[2026-09-16 13:49:30.569][VERB] COMMANDCALL: _C.SafeAPI.Execute(["v1.sketch.circle",[{"radius":2.7,"id":19519,"genFixation":0,"centerPos":[48.8,1.4,0]}]])
[0m[0;32m[2026-09-16 13:49:30.570][VERB] RETURN: {"result":"$19525"}
[0m[0;32m[2026-09-16 13:49:30.570][VERB] COMMANDCALL: _C.SafeAPI.Execute(["v1.sketch.getPoints",[{"id":19525}]])
[0m[0;32m[2026-09-16 13:49:30.570][VERB] RETURN: {"result":{"centerId":"$19526"}}
[0m[0;32m[2026-09-16 13:49:30.571][VERB] COMMANDCALL: _C.SafeAPI.Execute(["v1.sketch.point",[{"pos":[-1000,-1000,0],"id":19519}]])
[0m[0;32m[2026-09-16 13:49:30.572][VERB] RETURN: {"result":"$19528"}
[0m[0;32m[2026-09-16 13:49:30.572][VERB] COMMANDCALL: _C.SafeAPI.Execute(["v1.sketch.constraint",[{"type":"FIXATION","id":19519,"geomIds":[19528]}]])
[0m[0;32m[2026-09-16 13:49:30.573][VERB] RETURN: {"result":"$19530"}
[0m[0;32m[2026-09-16 13:49:30.573][VERB] COMMANDCALL: _C.SafeAPI.Execute(["v1.sketch.dimension",[{"type":"HORIZONTAL_DISTANCE","value":"@expr.d1164_position_x","name":"position_x","id":19519,"geomIds":[19528,19526]}]])
[0m[0;32m[2026-09-16 13:49:30.577][VERB] RETURN: {"result":"$19534"}
[0m[0;32m[2026-09-16 13:49:30.578][VERB] COMMANDCALL: _C.SafeAPI.Execute(["v1.sketch.dimension",[{"type":"VERTICAL_DISTANCE","value":"@expr.d1165_position_y","name":"position_y","id":19519,"geomIds":[19528,19526]}]])
[0m[0;32m[2026-09-16 13:49:30.583][VERB] RETURN: {"result":"$19538"}
[0m[0;32m[2026-09-16 13:49:30.583][VERB] COMMANDCALL: _C.SafeAPI.Execute(["v1.sketch.dimension",[{"type":"RADIUS","value":"@expr.d1166_radius","name":"radius","id":19519,"geomIds":[19525]}]])
[0m[0;32m[2026-09-16 13:49:30.589][VERB] RETURN: {"result":"$19542"}
[0m[0;32m[2026-09-16 13:49:30.589][VERB] COMMANDCALL: _C.SafeAPI.Execute(["v1.part.extrusion",[{"references":[19525],"name":"F1162_makeCylinder_cad_primitives_py_12","taperAngle":0,"limit2":"@expr.d1167_height","id":4}]])
[0m[0;32m[2026-09-16 13:49:30.598][VERB] RETURN: {"result":"$19546"}
[0m[0;32m[2026-09-16 13:49:30.598][VERB] COMMANDCALL: _C.SafeAPI.Execute(["v1.part.workPlane",[{"type":"PLANE","references":[38],"name":"F1168_makeCylinder_cad_primitives_py_12_plane","offset":"@expr.d1169_plane_offset","id":4}]])
[0m[0;32m[2026-09-16 13:49:30.604][VERB] RETURN: {"result":"$19568"}
[0m[0;32m[2026-09-16 13:49:30.605][VERB] COMMANDCALL: _C.SafeAPI.Execute(["v1.sketch.create",[{"planeId":19568,"name":"F1168_makeCylinder_cad_primitives_py_12_profile","id":4}]])
[0m[0;32m[2026-09-16 13:49:30.607][VERB] RETURN: {"result":"$19574"}
[0m[0;32m[2026-09-16 13:49:30.607][VERB] COMMANDCALL: _C.SafeAPI.Execute(["v1.sketch.circle",[{"radius":2.7,"id":19574,"genFixation":0,"centerPos":[48.8,38.1,0]}]])
[0m[0;32m[2026-09-16 13:49:30.608][VERB] RETURN: {"result":"$19580"}
[0m[0;32m[2026-09-16 13:49:30.609][VERB] COMMANDCALL: _C.SafeAPI.Execute(["v1.sketch.getPoints",[{"id":19580}]])
[0m[0;32m[2026-09-16 13:49:30.609][VERB] RETURN: {"result":{"centerId":"$19581"}}
[0m[0;32m[2026-09-16 13:49:30.609][VERB] COMMANDCALL: _C.SafeAPI.Execute(["v1.sketch.point",[{"pos":[-1000,-1000,0],"id":19574}]])
[0m[0;32m[2026-09-16 13:49:30.610][VERB] RETURN: {"result":"$19583"}
[0m[0;32m[2026-09-16 13:49:30.610][VERB] COMMANDCALL: _C.SafeAPI.Execute(["v1.sketch.constraint",[{"type":"FIXATION","id":19574,"geomIds":[19583]}]])
[0m[0;32m[2026-09-16 13:49:30.611][VERB] RETURN: {"result":"$19585"}
[0m[0;32m[2026-09-16 13:49:30.611][VERB] COMMANDCALL: _C.SafeAPI.Execute(["v1.sketch.dimension",[{"type":"HORIZONTAL_DISTANCE","value":"@expr.d1170_position_x","name":"position_x","id":19574,"geomIds":[19583,19581]}]])
[0m[0;32m[2026-09-16 13:49:30.616][VERB] RETURN: {"result":"$19589"}
[0m[0;32m[2026-09-16 13:49:30.616][VERB] COMMANDCALL: _C.SafeAPI.Execute(["v1.sketch.dimension",[{"type":"VERTICAL_DISTANCE","value":"@expr.d1171_position_y","name":"position_y","id":19574,"geomIds":[19583,19581]}]])
[0m[0;32m[2026-09-16 13:49:30.621][VERB] RETURN: {"result":"$19593"}
[0m[0;32m[2026-09-16 13:49:30.621][VERB] COMMANDCALL: _C.SafeAPI.Execute(["v1.sketch.dimension",[{"type":"RADIUS","value":"@expr.d1172_radius","name":"radius","id":19574,"geomIds":[19580]}]])
[0m[0;32m[2026-09-16 13:49:30.627][VERB] RETURN: {"result":"$19597"}
[0m[0;32m[2026-09-16 13:49:30.627][VERB] COMMANDCALL: _C.SafeAPI.Execute(["v1.part.extrusion",[{"references":[19580],"name":"F1168_makeCylinder_cad_primitives_py_12","taperAngle":0,"limit2":"@expr.d1173_height","id":4}]])
[0m[0;32m[2026-09-16 13:49:30.636][VERB] RETURN: {"result":"$19601"}
[0m[0;32m[2026-09-16 13:49:30.636][VERB] COMMANDCALL: _C.SafeAPI.Execute(["v1.part.workPlane",[{"type":"PLANE","references":[38],"name":"F1174_makeCylinder_cad_primitives_py_12_plane","offset":"@expr.d1175_plane_offset","id":4}]])
[0m[0;32m[2026-09-16 13:49:30.642][VERB] RETURN: {"result":"$19623"}
[0m[0;32m[2026-09-16 13:49:30.643][VERB] COMMANDCALL: _C.SafeAPI.Execute(["v1.sketch.create",[{"planeId":19623,"name":"F1174_makeCylinder_cad_primitives_py_12_profile","id":4}]])
[0m[0;32m[2026-09-16 13:49:30.645][VERB] RETURN: {"result":"$19629"}
[0m[0;32m[2026-09-16 13:49:30.645][VERB] COMMANDCALL: _C.SafeAPI.Execute(["v1.sketch.circle",[{"radius":2.7,"id":19629,"genFixation":0,"centerPos":[89.8,1.4,0]}]])
[0m[0;32m[2026-09-16 13:49:30.647][VERB] RETURN: {"result":"$19635"}
[0m[0;32m[2026-09-16 13:49:30.647][VERB] COMMANDCALL: _C.SafeAPI.Execute(["v1.sketch.getPoints",[{"id":19635}]])
[0m[0;32m[2026-09-16 13:49:30.647][VERB] RETURN: {"result":{"centerId":"$19636"}}
[0m[0;32m[2026-09-16 13:49:30.647][VERB] COMMANDCALL: _C.SafeAPI.Execute(["v1.sketch.point",[{"pos":[-1000,-1000,0],"id":19629}]])
[0m[0;32m[2026-09-16 13:49:30.648][VERB] RETURN: {"result":"$19638"}
[0m[0;32m[2026-09-16 13:49:30.648][VERB] COMMANDCALL: _C.SafeAPI.Execute(["v1.sketch.constraint",[{"type":"FIXATION","id":19629,"geomIds":[19638]}]])
[0m[0;32m[2026-09-16 13:49:30.649][VERB] RETURN: {"result":"$19640"}
[0m[0;32m[2026-09-16 13:49:30.649][VERB] COMMANDCALL: _C.SafeAPI.Execute(["v1.sketch.dimension",[{"type":"HORIZONTAL_DISTANCE","value":"@expr.d1176_position_x","name":"position_x","id":19629,"geomIds":[19638,19636]}]])
[0m[0;32m[2026-09-16 13:49:30.654][VERB] RETURN: {"result":"$19644"}
[0m[0;32m[2026-09-16 13:49:30.654][VERB] COMMANDCALL: _C.SafeAPI.Execute(["v1.sketch.dimension",[{"type":"VERTICAL_DISTANCE","value":"@expr.d1177_position_y","name":"position_y","id":19629,"geomIds":[19638,19636]}]])
[0m[0;32m[2026-09-16 13:49:30.660][VERB] RETURN: {"result":"$19648"}
[0m[0;32m[2026-09-16 13:49:30.660][VERB] COMMANDCALL: _C.SafeAPI.Execute(["v1.sketch.dimension",[{"type":"RADIUS","value":"@expr.d1178_radius","name":"radius","id":19629,"geomIds":[19635]}]])
[0m[0;32m[2026-09-16 13:49:30.665][VERB] RETURN: {"result":"$19652"}
[0m[0;32m[2026-09-16 13:49:30.665][VERB] COMMANDCALL: _C.SafeAPI.Execute(["v1.part.extrusion",[{"references":[19635],"name":"F1174_makeCylinder_cad_primitives_py_12","taperAngle":0,"limit2":"@expr.d1179_height","id":4}]])
[0m[0;32m[2026-09-16 13:49:30.675][VERB] RETURN: {"result":"$19656"}
[0m[0;32m[2026-09-16 13:49:30.675][VERB] COMMANDCALL: _C.SafeAPI.Execute(["v1.part.workPlane",[{"type":"PLANE","references":[38],"name":"F1180_makeCylinder_cad_primitives_py_12_plane","offset":"@expr.d1181_plane_offset","id":4}]])
[0m[0;32m[2026-09-16 13:49:30.682][VERB] RETURN: {"result":"$19678"}
[0m[0;32m[2026-09-16 13:49:30.682][VERB] COMMANDCALL: _C.SafeAPI.Execute(["v1.sketch.create",[{"planeId":19678,"name":"F1180_makeCylinder_cad_primitives_py_12_profile","id":4}]])
[0m[0;32m[2026-09-16 13:49:30.684][VERB] RETURN: {"result":"$19684"}
[0m[0;32m[2026-09-16 13:49:30.684][VERB] COMMANDCALL: _C.SafeAPI.Execute(["v1.sketch.circle",[{"radius":2.7,"id":19684,"genFixation":0,"centerPos":[89.8,38.1,0]}]])
[0m[0;32m[2026-09-16 13:49:30.686][VERB] RETURN: {"result":"$19690"}
[0m[0;32m[2026-09-16 13:49:30.686][VERB] COMMANDCALL: _C.SafeAPI.Execute(["v1.sketch.getPoints",[{"id":19690}]])
[0m[0;32m[2026-09-16 13:49:30.686][VERB] RETURN: {"result":{"centerId":"$19691"}}
[0m[0;32m[2026-09-16 13:49:30.686][VERB] COMMANDCALL: _C.SafeAPI.Execute(["v1.sketch.point",[{"pos":[-1000,-1000,0],"id":19684}]])
[0m[0;32m[2026-09-16 13:49:30.687][VERB] RETURN: {"result":"$19693"}
[0m[0;32m[2026-09-16 13:49:30.688][VERB] COMMANDCALL: _C.SafeAPI.Execute(["v1.sketch.constraint",[{"type":"FIXATION","id":19684,"geomIds":[19693]}]])
[0m[0;32m[2026-09-16 13:49:30.689][VERB] RETURN: {"result":"$19695"}
[0m[0;32m[2026-09-16 13:49:30.689][VERB] COMMANDCALL: _C.SafeAPI.Execute(["v1.sketch.dimension",[{"type":"HORIZONTAL_DISTANCE","value":"@expr.d1182_position_x","name":"position_x","id":19684,"geomIds":[19693,19691]}]])
[0m[0;32m[2026-09-16 13:49:30.694][VERB] RETURN: {"result":"$19699"}
[0m[0;32m[2026-09-16 13:49:30.694][VERB] COMMANDCALL: _C.SafeAPI.Execute(["v1.sketch.dimension",[{"type":"VERTICAL_DISTANCE","value":"@expr.d1183_position_y","name":"position_y","id":19684,"geomIds":[19693,19691]}]])
[0m[0;32m[2026-09-16 13:49:30.699][VERB] RETURN: {"result":"$19703"}
[0m[0;32m[2026-09-16 13:49:30.700][VERB] COMMANDCALL: _C.SafeAPI.Execute(["v1.sketch.dimension",[{"type":"RADIUS","value":"@expr.d1184_radius","name":"radius","id":19684,"geomIds":[19690]}]])
[0m[0;32m[2026-09-16 13:49:30.705][VERB] RETURN: {"result":"$19707"}
[0m[0;32m[2026-09-16 13:49:30.705][VERB] COMMANDCALL: _C.SafeAPI.Execute(["v1.part.extrusion",[{"references":[19690],"name":"F1180_makeCylinder_cad_primitives_py_12","taperAngle":0,"limit2":"@expr.d1185_height","id":4}]])
[0m[0;32m[2026-09-16 13:49:30.714][VERB] RETURN: {"result":"$19711"}
[0m[0;32m[2026-09-16 13:49:30.715][VERB] COMMANDCALL: _C.SafeAPI.Execute(["v1.part.workPlane",[{"type":"PLANE","references":[38],"name":"F1186_makeBox_shell_skin_py_38_plane","offset":"@expr.d1187_plane_offset","id":4}]])
[0m[0;32m[2026-09-16 13:49:30.722][VERB] RETURN: {"result":"$19733"}
[0m[0;32m[2026-09-16 13:49:30.722][VERB] COMMANDCALL: _C.SafeAPI.Execute(["v1.sketch.create",[{"planeId":19733,"name":"F1186_makeBox_shell_skin_py_38_profile","id":4}]])
[0m[0;32m[2026-09-16 13:49:30.724][VERB] RETURN: {"result":"$19739"}
[0m[0;32m[2026-09-16 13:49:30.724][VERB] COMMANDCALL: _C.SafeAPI.Execute(["v1.sketch.rectangle",[{"startPos":[89.8,-1.3,0],"id":19739,"genFixation":0,"endPos":[92.5,40.8,0]}]])
[0m[0;32m[2026-09-16 13:49:30.731][VERB] RETURN: {"result":["$19745","$19749","$19755","$19761"]}
[0m[0;32m[2026-09-16 13:49:30.731][VERB] COMMANDCALL: _C.SafeAPI.Execute(["v1.sketch.getPoints",[{"id":19745}]])
[0m[0;32m[2026-09-16 13:49:30.731][VERB] RETURN: {"result":{"endId":"$19747","startId":"$19746"}}
[0m[0;32m[2026-09-16 13:49:30.732][VERB] COMMANDCALL: _C.SafeAPI.Execute(["v1.sketch.point",[{"pos":[-1000,-1000,0],"id":19739}]])
[0m[0;32m[2026-09-16 13:49:30.733][VERB] RETURN: {"result":"$19777"}
[0m[0;32m[2026-09-16 13:49:30.734][VERB] COMMANDCALL: _C.SafeAPI.Execute(["v1.sketch.constraint",[{"type":"FIXATION","id":19739,"geomIds":[19777]}]])
[0m[0;32m[2026-09-16 13:49:30.735][VERB] RETURN: {"result":"$19779"}
[0m[0;32m[2026-09-16 13:49:30.736][VERB] COMMANDCALL: _C.SafeAPI.Execute(["v1.sketch.dimension",[{"type":"HORIZONTAL_DISTANCE","value":"@expr.d1188_position_x","name":"position_x","id":19739,"geomIds":[19777,19746]}]])
[0m[0;32m[2026-09-16 13:49:30.741][VERB] RETURN: {"result":"$19783"}
[0m[0;32m[2026-09-16 13:49:30.742][VERB] COMMANDCALL: _C.SafeAPI.Execute(["v1.sketch.dimension",[{"type":"VERTICAL_DISTANCE","value":"@expr.d1189_position_y","name":"position_y","id":19739,"geomIds":[19777,19746]}]])
[0m[0;32m[2026-09-16 13:49:30.748][VERB] RETURN: {"result":"$19787"}
[0m[0;32m[2026-09-16 13:49:30.748][VERB] COMMANDCALL: _C.SafeAPI.Execute(["v1.sketch.dimension",[{"type":"OFFSET","value":"@expr.d1190_width","name":"width","id":19739,"geomIds":[19745]}]])
[0m[0;32m[2026-09-16 13:49:30.756][VERB] RETURN: {"result":"$19791"}
[0m[0;32m[2026-09-16 13:49:30.756][VERB] COMMANDCALL: _C.SafeAPI.Execute(["v1.sketch.dimension",[{"type":"OFFSET","value":"@expr.d1191_depth","name":"depth","id":19739,"geomIds":[19749]}]])
[0m[0;32m[2026-09-16 13:49:30.764][VERB] RETURN: {"result":"$19795"}
[0m[0;32m[2026-09-16 13:49:30.764][VERB] COMMANDCALL: _C.SafeAPI.Execute(["v1.part.extrusion",[{"references":[19745,19749,19755,19761],"name":"F1186_makeBox_shell_skin_py_38","taperAngle":0,"limit2":"@expr.d1192_height","id":4}]])
[0m[0;32m[2026-09-16 13:49:30.773][VERB] RETURN: {"result":"$19799"}
[0m[0;32m[2026-09-16 13:49:30.774][VERB] COMMANDCALL: _C.SafeAPI.Execute(["v1.part.workPlane",[{"type":"PLANE","references":[38],"name":"F1193_makeBox_cad_primitives_py_8_plane","offset":"@expr.d1194_plane_offset","id":4}]])
[0m[0;32m[2026-09-16 13:49:30.780][VERB] RETURN: {"result":"$19842"}
[0m[0;32m[2026-09-16 13:49:30.780][VERB] COMMANDCALL: _C.SafeAPI.Execute(["v1.sketch.create",[{"planeId":19842,"name":"F1193_makeBox_cad_primitives_py_8_profile","id":4}]])
[0m[0;32m[2026-09-16 13:49:30.783][VERB] RETURN: {"result":"$19848"}
[0m[0;32m[2026-09-16 13:49:30.783][VERB] COMMANDCALL: _C.SafeAPI.Execute(["v1.sketch.rectangle",[{"startPos":[88.05,-7,0],"id":19848,"genFixation":0,"endPos":[92.5,5,0]}]])
[0m[0;32m[2026-09-16 13:49:30.790][VERB] RETURN: {"result":["$19854","$19858","$19864","$19870"]}
[0m[0;32m[2026-09-16 13:49:30.790][VERB] COMMANDCALL: _C.SafeAPI.Execute(["v1.sketch.getPoints",[{"id":19854}]])
[0m[0;32m[2026-09-16 13:49:30.790][VERB] RETURN: {"result":{"endId":"$19856","startId":"$19855"}}
[0m[0;32m[2026-09-16 13:49:30.790][VERB] COMMANDCALL: _C.SafeAPI.Execute(["v1.sketch.point",[{"pos":[-1000,-1000,0],"id":19848}]])
[0m[0;32m[2026-09-16 13:49:30.792][VERB] RETURN: {"result":"$19886"}
[0m[0;32m[2026-09-16 13:49:30.792][VERB] COMMANDCALL: _C.SafeAPI.Execute(["v1.sketch.constraint",[{"type":"FIXATION","id":19848,"geomIds":[19886]}]])
[0m[0;32m[2026-09-16 13:49:30.794][VERB] RETURN: {"result":"$19888"}
[0m[0;32m[2026-09-16 13:49:30.794][VERB] COMMANDCALL: _C.SafeAPI.Execute(["v1.sketch.dimension",[{"type":"HORIZONTAL_DISTANCE","value":"@expr.d1195_position_x","name":"position_x","id":19848,"geomIds":[19886,19855]}]])
[0m[0;32m[2026-09-16 13:49:30.800][VERB] RETURN: {"result":"$19892"}
[0m[0;32m[2026-09-16 13:49:30.800][VERB] COMMANDCALL: _C.SafeAPI.Execute(["v1.sketch.dimension",[{"type":"VERTICAL_DISTANCE","value":"@expr.d1196_position_y","name":"position_y","id":19848,"geomIds":[19886,19855]}]])
[0m[0;32m[2026-09-16 13:49:30.807][VERB] RETURN: {"result":"$19896"}
[0m[0;32m[2026-09-16 13:49:30.807][VERB] COMMANDCALL: _C.SafeAPI.Execute(["v1.sketch.dimension",[{"type":"OFFSET","value":"@expr.d1197_width","name":"width","id":19848,"geomIds":[19854]}]])
[0m[0;32m[2026-09-16 13:49:30.815][VERB] RETURN: {"result":"$19900"}
[0m[0;32m[2026-09-16 13:49:30.815][VERB] COMMANDCALL: _C.SafeAPI.Execute(["v1.sketch.dimension",[{"type":"OFFSET","value":"@expr.d1198_depth","name":"depth","id":19848,"geomIds":[19858]}]])
[0m[0;32m[2026-09-16 13:49:30.824][VERB] RETURN: {"result":"$19904"}
[0m[0;32m[2026-09-16 13:49:30.824][VERB] COMMANDCALL: _C.SafeAPI.Execute(["v1.part.extrusion",[{"references":[19854,19858,19864,19870],"name":"F1193_makeBox_cad_primitives_py_8","taperAngle":0,"limit2":"@expr.d1199_height","id":4}]])
[0m[0;32m[2026-09-16 13:49:30.833][VERB] RETURN: {"result":"$19908"}
[0m[0;32m[2026-09-16 13:49:30.833][VERB] COMMANDCALL: _C.SafeAPI.Execute(["v1.part.workPlane",[{"type":"PLANE","references":[38],"name":"F1201_makeBox_cad_primitives_py_8_plane","offset":"@expr.d1202_plane_offset","id":4}]])
[0m[0;32m[2026-09-16 13:49:30.839][VERB] RETURN: {"result":"$19951"}
[0m[0;32m[2026-09-16 13:49:30.840][VERB] COMMANDCALL: _C.SafeAPI.Execute(["v1.sketch.create",[{"planeId":19951,"name":"F1201_makeBox_cad_primitives_py_8_profile","id":4}]])
[0m[0;32m[2026-09-16 13:49:30.842][VERB] RETURN: {"result":"$19957"}
[0m[0;32m[2026-09-16 13:49:30.842][VERB] COMMANDCALL: _C.SafeAPI.Execute(["v1.sketch.rectangle",[{"startPos":[85.35,-4,0],"id":19957,"genFixation":0,"endPos":[88.05,-1.3,0]}]])
[0m[0;32m[2026-09-16 13:49:30.848][VERB] RETURN: {"result":["$19963","$19967","$19973","$19979"]}
[0m[0;32m[2026-09-16 13:49:30.849][VERB] COMMANDCALL: _C.SafeAPI.Execute(["v1.sketch.getPoints",[{"id":19963}]])
[0m[0;32m[2026-09-16 13:49:30.849][VERB] RETURN: {"result":{"endId":"$19965","startId":"$19964"}}
[0m[0;32m[2026-09-16 13:49:30.849][VERB] COMMANDCALL: _C.SafeAPI.Execute(["v1.sketch.point",[{"pos":[-1000,-1000,0],"id":19957}]])
[0m[0;32m[2026-09-16 13:49:30.851][VERB] RETURN: {"result":"$19995"}
[0m[0;32m[2026-09-16 13:49:30.851][VERB] COMMANDCALL: _C.SafeAPI.Execute(["v1.sketch.constraint",[{"type":"FIXATION","id":19957,"geomIds":[19995]}]])
[0m[0;32m[2026-09-16 13:49:30.852][VERB] RETURN: {"result":"$19997"}
[0m[0;32m[2026-09-16 13:49:30.853][VERB] COMMANDCALL: _C.SafeAPI.Execute(["v1.sketch.dimension",[{"type":"HORIZONTAL_DISTANCE","value":"@expr.d1203_position_x","name":"position_x","id":19957,"geomIds":[19995,19964]}]])
[0m[0;32m[2026-09-16 13:49:30.858][VERB] RETURN: {"result":"$20001"}
[0m[0;32m[2026-09-16 13:49:30.859][VERB] COMMANDCALL: _C.SafeAPI.Execute(["v1.sketch.dimension",[{"type":"VERTICAL_DISTANCE","value":"@expr.d1204_position_y","name":"position_y","id":19957,"geomIds":[19995,19964]}]])
[0m[0;32m[2026-09-16 13:49:30.865][VERB] RETURN: {"result":"$20005"}
[0m[0;32m[2026-09-16 13:49:30.866][VERB] COMMANDCALL: _C.SafeAPI.Execute(["v1.sketch.dimension",[{"type":"OFFSET","value":"@expr.d1205_width","name":"width","id":19957,"geomIds":[19963]}]])
[0m[0;32m[2026-09-16 13:49:30.873][VERB] RETURN: {"result":"$20009"}
[0m[0;32m[2026-09-16 13:49:30.874][VERB] COMMANDCALL: _C.SafeAPI.Execute(["v1.sketch.dimension",[{"type":"OFFSET","value":"@expr.d1206_depth","name":"depth","id":19957,"geomIds":[19967]}]])
[0m[0;32m[2026-09-16 13:49:30.882][VERB] RETURN: {"result":"$20013"}
[0m[0;32m[2026-09-16 13:49:30.882][VERB] COMMANDCALL: _C.SafeAPI.Execute(["v1.part.extrusion",[{"references":[19963,19967,19973,19979],"name":"F1201_makeBox_cad_primitives_py_8","taperAngle":0,"limit2":"@expr.d1207_height","id":4}]])
[0m[0;32m[2026-09-16 13:49:30.891][VERB] RETURN: {"result":"$20017"}
[0m[0;32m[2026-09-16 13:49:30.891][VERB] COMMANDCALL: _C.SafeAPI.Execute(["v1.part.workPlane",[{"type":"PLANE","references":[38],"name":"F1208_makeCylinder_cad_primitives_py_12_plane","offset":"@expr.d1209_plane_offset","id":4}]])
[0m[0;32m[2026-09-16 13:49:30.897][VERB] RETURN: {"result":"$20060"}
[0m[0;32m[2026-09-16 13:49:30.897][VERB] COMMANDCALL: _C.SafeAPI.Execute(["v1.sketch.create",[{"planeId":20060,"name":"F1208_makeCylinder_cad_primitives_py_12_profile","id":4}]])
[0m[0;32m[2026-09-16 13:49:30.899][VERB] RETURN: {"result":"$20066"}
[0m[0;32m[2026-09-16 13:49:30.899][VERB] COMMANDCALL: _C.SafeAPI.Execute(["v1.sketch.circle",[{"radius":2.7,"id":20066,"genFixation":0,"centerPos":[85.35,-4,0]}]])
[0m[0;32m[2026-09-16 13:49:30.901][VERB] RETURN: {"result":"$20072"}
[0m[0;32m[2026-09-16 13:49:30.901][VERB] COMMANDCALL: _C.SafeAPI.Execute(["v1.sketch.getPoints",[{"id":20072}]])
[0m[0;32m[2026-09-16 13:49:30.901][VERB] RETURN: {"result":{"centerId":"$20073"}}
[0m[0;32m[2026-09-16 13:49:30.901][VERB] COMMANDCALL: _C.SafeAPI.Execute(["v1.sketch.point",[{"pos":[-1000,-1000,0],"id":20066}]])
[0m[0;32m[2026-09-16 13:49:30.902][VERB] RETURN: {"result":"$20075"}
[0m[0;32m[2026-09-16 13:49:30.902][VERB] COMMANDCALL: _C.SafeAPI.Execute(["v1.sketch.constraint",[{"type":"FIXATION","id":20066,"geomIds":[20075]}]])
[0m[0;32m[2026-09-16 13:49:30.904][VERB] RETURN: {"result":"$20077"}
[0m[0;32m[2026-09-16 13:49:30.904][VERB] COMMANDCALL: _C.SafeAPI.Execute(["v1.sketch.dimension",[{"type":"HORIZONTAL_DISTANCE","value":"@expr.d1210_position_x","name":"position_x","id":20066,"geomIds":[20075,20073]}]])
[0m[0;32m[2026-09-16 13:49:30.910][VERB] RETURN: {"result":"$20081"}
[0m[0;32m[2026-09-16 13:49:30.910][VERB] COMMANDCALL: _C.SafeAPI.Execute(["v1.sketch.dimension",[{"type":"VERTICAL_DISTANCE","value":"@expr.d1211_position_y","name":"position_y","id":20066,"geomIds":[20075,20073]}]])
[0m[0;32m[2026-09-16 13:49:30.916][VERB] RETURN: {"result":"$20085"}
[0m[0;32m[2026-09-16 13:49:30.916][VERB] COMMANDCALL: _C.SafeAPI.Execute(["v1.sketch.dimension",[{"type":"RADIUS","value":"@expr.d1212_radius","name":"radius","id":20066,"geomIds":[20072]}]])
[0m[0;32m[2026-09-16 13:49:30.922][VERB] RETURN: {"result":"$20089"}
[0m[0;32m[2026-09-16 13:49:30.922][VERB] COMMANDCALL: _C.SafeAPI.Execute(["v1.part.extrusion",[{"references":[20072],"name":"F1208_makeCylinder_cad_primitives_py_12","taperAngle":0,"limit2":"@expr.d1213_height","id":4}]])
[0m[0;32m[2026-09-16 13:49:30.932][VERB] RETURN: {"result":"$20093"}
[0m[0;32m[2026-09-16 13:49:30.932][VERB] COMMANDCALL: _C.SafeAPI.Execute(["v1.part.boolean",[{"type":"SUBTRACTION","tools":[20093],"target":20017,"name":"F1200_cut_housing_shell_py_25","id":4}]])
[0m[0;32m[2026-09-16 13:49:30.941][VERB] RETURN: {"result":"$20115"}
[0m[0;32m[2026-09-16 13:49:30.941][VERB] COMMANDCALL: _C.SafeAPI.Execute(["v1.part.workPlane",[{"type":"PLANE","references":[38],"name":"F1214_makeBox_cad_primitives_py_8_plane","offset":"@expr.d1215_plane_offset","id":4}]])
[0m[0;32m[2026-09-16 13:49:30.948][VERB] RETURN: {"result":"$20133"}
[0m[0;32m[2026-09-16 13:49:30.948][VERB] COMMANDCALL: _C.SafeAPI.Execute(["v1.sketch.create",[{"planeId":20133,"name":"F1214_makeBox_cad_primitives_py_8_profile","id":4}]])
[0m[0;32m[2026-09-16 13:49:30.950][VERB] RETURN: {"result":"$20139"}
[0m[0;32m[2026-09-16 13:49:30.951][VERB] COMMANDCALL: _C.SafeAPI.Execute(["v1.sketch.rectangle",[{"startPos":[88.05,30,0],"id":20139,"genFixation":0,"endPos":[92.5,41.3,0]}]])
[0m[0;32m[2026-09-16 13:49:30.957][VERB] RETURN: {"result":["$20145","$20149","$20155","$20161"]}
[0m[0;32m[2026-09-16 13:49:30.958][VERB] COMMANDCALL: _C.SafeAPI.Execute(["v1.sketch.getPoints",[{"id":20145}]])
[0m[0;32m[2026-09-16 13:49:30.958][VERB] RETURN: {"result":{"endId":"$20147","startId":"$20146"}}
[0m[0;32m[2026-09-16 13:49:30.958][VERB] COMMANDCALL: _C.SafeAPI.Execute(["v1.sketch.point",[{"pos":[-1000,-1000,0],"id":20139}]])
[0m[0;32m[2026-09-16 13:49:30.960][VERB] RETURN: {"result":"$20177"}
[0m[0;32m[2026-09-16 13:49:30.960][VERB] COMMANDCALL: _C.SafeAPI.Execute(["v1.sketch.constraint",[{"type":"FIXATION","id":20139,"geomIds":[20177]}]])
[0m[0;32m[2026-09-16 13:49:30.962][VERB] RETURN: {"result":"$20179"}
[0m[0;32m[2026-09-16 13:49:30.962][VERB] COMMANDCALL: _C.SafeAPI.Execute(["v1.sketch.dimension",[{"type":"HORIZONTAL_DISTANCE","value":"@expr.d1216_position_x","name":"position_x","id":20139,"geomIds":[20177,20146]}]])
[0m[0;32m[2026-09-16 13:49:30.968][VERB] RETURN: {"result":"$20183"}
[0m[0;32m[2026-09-16 13:49:30.968][VERB] COMMANDCALL: _C.SafeAPI.Execute(["v1.sketch.dimension",[{"type":"VERTICAL_DISTANCE","value":"@expr.d1217_position_y","name":"position_y","id":20139,"geomIds":[20177,20146]}]])
[0m[0;32m[2026-09-16 13:49:30.975][VERB] RETURN: {"result":"$20187"}
[0m[0;32m[2026-09-16 13:49:30.975][VERB] COMMANDCALL: _C.SafeAPI.Execute(["v1.sketch.dimension",[{"type":"OFFSET","value":"@expr.d1218_width","name":"width","id":20139,"geomIds":[20145]}]])
[0m[0;32m[2026-09-16 13:49:30.982][VERB] RETURN: {"result":"$20191"}
[0m[0;32m[2026-09-16 13:49:30.982][VERB] COMMANDCALL: _C.SafeAPI.Execute(["v1.sketch.dimension",[{"type":"OFFSET","value":"@expr.d1219_depth","name":"depth","id":20139,"geomIds":[20149]}]])
[0m[0;32m[2026-09-16 13:49:30.990][VERB] RETURN: {"result":"$20195"}
[0m[0;32m[2026-09-16 13:49:30.991][VERB] COMMANDCALL: _C.SafeAPI.Execute(["v1.part.extrusion",[{"references":[20145,20149,20155,20161],"name":"F1214_makeBox_cad_primitives_py_8","taperAngle":0,"limit2":"@expr.d1220_height","id":4}]])
[0m[0;32m[2026-09-16 13:49:30.999][VERB] RETURN: {"result":"$20199"}
[0m[0;32m[2026-09-16 13:49:31.000][VERB] COMMANDCALL: _C.SafeAPI.Execute(["v1.part.workPlane",[{"type":"PLANE","references":[38],"name":"F1221_makeBox_cad_primitives_py_8_plane","offset":"@expr.d1222_plane_offset","id":4}]])
[0m[0;32m[2026-09-16 13:49:31.006][VERB] RETURN: {"result":"$20242"}
[0m[0;32m[2026-09-16 13:49:31.007][VERB] COMMANDCALL: _C.SafeAPI.Execute(["v1.sketch.create",[{"planeId":20242,"name":"F1221_makeBox_cad_primitives_py_8_profile","id":4}]])
[0m[0;32m[2026-09-16 13:49:31.009][VERB] RETURN: {"result":"$20248"}
[0m[0;32m[2026-09-16 13:49:31.009][VERB] COMMANDCALL: _C.SafeAPI.Execute(["v1.sketch.rectangle",[{"startPos":[88.05,30,0],"id":20248,"genFixation":0,"endPos":[92.5,38,0]}]])
[0m[0;32m[2026-09-16 13:49:31.016][VERB] RETURN: {"result":["$20254","$20258","$20264","$20270"]}
[0m[0;32m[2026-09-16 13:49:31.016][VERB] COMMANDCALL: _C.SafeAPI.Execute(["v1.sketch.getPoints",[{"id":20254}]])
[0m[0;32m[2026-09-16 13:49:31.016][VERB] RETURN: {"result":{"endId":"$20256","startId":"$20255"}}
[0m[0;32m[2026-09-16 13:49:31.016][VERB] COMMANDCALL: _C.SafeAPI.Execute(["v1.sketch.point",[{"pos":[-1000,-1000,0],"id":20248}]])
[0m[0;32m[2026-09-16 13:49:31.018][VERB] RETURN: {"result":"$20286"}
[0m[0;32m[2026-09-16 13:49:31.019][VERB] COMMANDCALL: _C.SafeAPI.Execute(["v1.sketch.constraint",[{"type":"FIXATION","id":20248,"geomIds":[20286]}]])
[0m[0;32m[2026-09-16 13:49:31.020][VERB] RETURN: {"result":"$20288"}
[0m[0;32m[2026-09-16 13:49:31.020][VERB] COMMANDCALL: _C.SafeAPI.Execute(["v1.sketch.dimension",[{"type":"HORIZONTAL_DISTANCE","value":"@expr.d1223_position_x","name":"position_x","id":20248,"geomIds":[20286,20255]}]])
[0m[0;32m[2026-09-16 13:49:31.026][VERB] RETURN: {"result":"$20292"}
[0m[0;32m[2026-09-16 13:49:31.027][VERB] COMMANDCALL: _C.SafeAPI.Execute(["v1.sketch.dimension",[{"type":"VERTICAL_DISTANCE","value":"@expr.d1224_position_y","name":"position_y","id":20248,"geomIds":[20286,20255]}]])
[0m[0;32m[2026-09-16 13:49:31.033][VERB] RETURN: {"result":"$20296"}
[0m[0;32m[2026-09-16 13:49:31.033][VERB] COMMANDCALL: _C.SafeAPI.Execute(["v1.sketch.dimension",[{"type":"OFFSET","value":"@expr.d1225_width","name":"width","id":20248,"geomIds":[20254]}]])
[0m[0;32m[2026-09-16 13:49:31.041][VERB] RETURN: {"result":"$20300"}
[0m[0;32m[2026-09-16 13:49:31.041][VERB] COMMANDCALL: _C.SafeAPI.Execute(["v1.sketch.dimension",[{"type":"OFFSET","value":"@expr.d1226_depth","name":"depth","id":20248,"geomIds":[20258]}]])
[0m[0;32m[2026-09-16 13:49:31.050][VERB] RETURN: {"result":"$20304"}
[0m[0;32m[2026-09-16 13:49:31.050][VERB] COMMANDCALL: _C.SafeAPI.Execute(["v1.part.extrusion",[{"references":[20254,20258,20264,20270],"name":"F1221_makeBox_cad_primitives_py_8","taperAngle":0,"limit2":"@expr.d1227_height","id":4}]])
[0m[0;32m[2026-09-16 13:49:31.059][VERB] RETURN: {"result":"$20308"}
[0m[0;32m[2026-09-16 13:49:31.059][VERB] COMMANDCALL: _C.SafeAPI.Execute(["v1.part.workPlane",[{"type":"PLANE","references":[38],"name":"F1229_makeBox_cad_primitives_py_8_plane","offset":"@expr.d1230_plane_offset","id":4}]])
[0m[0;32m[2026-09-16 13:49:31.066][VERB] RETURN: {"result":"$20351"}
[0m[0;32m[2026-09-16 13:49:31.066][VERB] COMMANDCALL: _C.SafeAPI.Execute(["v1.sketch.create",[{"planeId":20351,"name":"F1229_makeBox_cad_primitives_py_8_profile","id":4}]])
[0m[0;32m[2026-09-16 13:49:31.068][VERB] RETURN: {"result":"$20357"}
[0m[0;32m[2026-09-16 13:49:31.069][VERB] COMMANDCALL: _C.SafeAPI.Execute(["v1.sketch.rectangle",[{"startPos":[59.1,40.8,0],"id":20357,"genFixation":0,"endPos":[63.1,44.8,0]}]])
[0m[0;32m[2026-09-16 13:49:31.075][VERB] RETURN: {"result":["$20363","$20367","$20373","$20379"]}
[0m[0;32m[2026-09-16 13:49:31.075][VERB] COMMANDCALL: _C.SafeAPI.Execute(["v1.sketch.getPoints",[{"id":20363}]])
[0m[0;32m[2026-09-16 13:49:31.076][VERB] RETURN: {"result":{"endId":"$20365","startId":"$20364"}}
[0m[0;32m[2026-09-16 13:49:31.076][VERB] COMMANDCALL: _C.SafeAPI.Execute(["v1.sketch.point",[{"pos":[-1000,-1000,0],"id":20357}]])
[0m[0;32m[2026-09-16 13:49:31.078][VERB] RETURN: {"result":"$20395"}
[0m[0;32m[2026-09-16 13:49:31.078][VERB] COMMANDCALL: _C.SafeAPI.Execute(["v1.sketch.constraint",[{"type":"FIXATION","id":20357,"geomIds":[20395]}]])
[0m[0;32m[2026-09-16 13:49:31.080][VERB] RETURN: {"result":"$20397"}
[0m[0;32m[2026-09-16 13:49:31.080][VERB] COMMANDCALL: _C.SafeAPI.Execute(["v1.sketch.dimension",[{"type":"HORIZONTAL_DISTANCE","value":"@expr.d1231_position_x","name":"position_x","id":20357,"geomIds":[20395,20364]}]])
[0m[0;32m[2026-09-16 13:49:31.086][VERB] RETURN: {"result":"$20401"}
[0m[0;32m[2026-09-16 13:49:31.086][VERB] COMMANDCALL: _C.SafeAPI.Execute(["v1.sketch.dimension",[{"type":"VERTICAL_DISTANCE","value":"@expr.d1232_position_y","name":"position_y","id":20357,"geomIds":[20395,20364]}]])
[0m[0;32m[2026-09-16 13:49:31.093][VERB] RETURN: {"result":"$20405"}
[0m[0;32m[2026-09-16 13:49:31.093][VERB] COMMANDCALL: _C.SafeAPI.Execute(["v1.sketch.dimension",[{"type":"OFFSET","value":"@expr.d1233_width","name":"width","id":20357,"geomIds":[20363]}]])
[0m[0;32m[2026-09-16 13:49:31.100][VERB] RETURN: {"result":"$20409"}
[0m[0;32m[2026-09-16 13:49:31.101][VERB] COMMANDCALL: _C.SafeAPI.Execute(["v1.sketch.dimension",[{"type":"OFFSET","value":"@expr.d1234_depth","name":"depth","id":20357,"geomIds":[20367]}]])
[0m[0;32m[2026-09-16 13:49:31.109][VERB] RETURN: {"result":"$20413"}
[0m[0;32m[2026-09-16 13:49:31.109][VERB] COMMANDCALL: _C.SafeAPI.Execute(["v1.part.extrusion",[{"references":[20363,20367,20373,20379],"name":"F1229_makeBox_cad_primitives_py_8","taperAngle":0,"limit2":"@expr.d1235_height","id":4}]])
[0m[0;32m[2026-09-16 13:49:31.117][VERB] RETURN: {"result":"$20417"}
[0m[0;32m[2026-09-16 13:49:31.117][VERB] COMMANDCALL: _C.SafeAPI.Execute(["v1.part.workPlane",[{"type":"PLANE","references":[38],"name":"F1236_makeCylinder_cad_primitives_py_12_plane","offset":"@expr.d1237_plane_offset","id":4}]])
[0m[0;32m[2026-09-16 13:49:31.124][VERB] RETURN: {"result":"$20460"}
[0m[0;32m[2026-09-16 13:49:31.124][VERB] COMMANDCALL: _C.SafeAPI.Execute(["v1.sketch.create",[{"planeId":20460,"name":"F1236_makeCylinder_cad_primitives_py_12_profile","id":4}]])
[0m[0;32m[2026-09-16 13:49:31.127][VERB] RETURN: {"result":"$20466"}
[0m[0;32m[2026-09-16 13:49:31.127][VERB] COMMANDCALL: _C.SafeAPI.Execute(["v1.sketch.circle",[{"radius":4,"id":20466,"genFixation":0,"centerPos":[63.1,44.8,0]}]])
[0m[0;32m[2026-09-16 13:49:31.128][VERB] RETURN: {"result":"$20472"}
[0m[0;32m[2026-09-16 13:49:31.128][VERB] COMMANDCALL: _C.SafeAPI.Execute(["v1.sketch.getPoints",[{"id":20472}]])
[0m[0;32m[2026-09-16 13:49:31.129][VERB] RETURN: {"result":{"centerId":"$20473"}}
[0m[0;32m[2026-09-16 13:49:31.129][VERB] COMMANDCALL: _C.SafeAPI.Execute(["v1.sketch.point",[{"pos":[-1000,-1000,0],"id":20466}]])
[0m[0;32m[2026-09-16 13:49:31.130][VERB] RETURN: {"result":"$20475"}
[0m[0;32m[2026-09-16 13:49:31.130][VERB] COMMANDCALL: _C.SafeAPI.Execute(["v1.sketch.constraint",[{"type":"FIXATION","id":20466,"geomIds":[20475]}]])
[0m[0;32m[2026-09-16 13:49:31.131][VERB] RETURN: {"result":"$20477"}
[0m[0;32m[2026-09-16 13:49:31.131][VERB] COMMANDCALL: _C.SafeAPI.Execute(["v1.sketch.dimension",[{"type":"HORIZONTAL_DISTANCE","value":"@expr.d1238_position_x","name":"position_x","id":20466,"geomIds":[20475,20473]}]])
[0m[0;32m[2026-09-16 13:49:31.135][VERB] RETURN: {"result":"$20481"}
[0m[0;32m[2026-09-16 13:49:31.136][VERB] COMMANDCALL: _C.SafeAPI.Execute(["v1.sketch.dimension",[{"type":"VERTICAL_DISTANCE","value":"@expr.d1239_position_y","name":"position_y","id":20466,"geomIds":[20475,20473]}]])
[0m[0;32m[2026-09-16 13:49:31.141][VERB] RETURN: {"result":"$20485"}
[0m[0;32m[2026-09-16 13:49:31.141][VERB] COMMANDCALL: _C.SafeAPI.Execute(["v1.sketch.dimension",[{"type":"RADIUS","value":"@expr.d1240_radius","name":"radius","id":20466,"geomIds":[20472]}]])
[0m[0;32m[2026-09-16 13:49:31.147][VERB] RETURN: {"result":"$20489"}
[0m[0;32m[2026-09-16 13:49:31.147][VERB] COMMANDCALL: _C.SafeAPI.Execute(["v1.part.extrusion",[{"references":[20472],"name":"F1236_makeCylinder_cad_primitives_py_12","taperAngle":0,"limit2":"@expr.d1241_height","id":4}]])
[0m[0;32m[2026-09-16 13:49:31.156][VERB] RETURN: {"result":"$20493"}
[0m[0;32m[2026-09-16 13:49:31.156][VERB] COMMANDCALL: _C.SafeAPI.Execute(["v1.part.boolean",[{"type":"SUBTRACTION","tools":[20493],"target":20417,"name":"F1228_cut_housing_shell_py_39","id":4}]])
[0m[0;32m[2026-09-16 13:49:31.166][VERB] RETURN: {"result":"$20515"}
[0m[0;32m[2026-09-16 13:49:31.166][VERB] COMMANDCALL: _C.SafeAPI.Execute(["v1.part.workPlane",[{"type":"PLANE","references":[38],"name":"F1243_makeBox_cad_primitives_py_8_plane","offset":"@expr.d1244_plane_offset","id":4}]])
[0m[0;32m[2026-09-16 13:49:31.173][VERB] RETURN: {"result":"$20533"}
[0m[0;32m[2026-09-16 13:49:31.173][VERB] COMMANDCALL: _C.SafeAPI.Execute(["v1.sketch.create",[{"planeId":20533,"name":"F1243_makeBox_cad_primitives_py_8_profile","id":4}]])
[0m[0;32m[2026-09-16 13:49:31.176][VERB] RETURN: {"result":"$20539"}
[0m[0;32m[2026-09-16 13:49:31.176][VERB] COMMANDCALL: _C.SafeAPI.Execute(["v1.sketch.rectangle",[{"startPos":[42.1,16.1,0],"id":20539,"genFixation":0,"endPos":[46.1,20.1,0]}]])
[0m[0;32m[2026-09-16 13:49:31.183][VERB] RETURN: {"result":["$20545","$20549","$20555","$20561"]}
[0m[0;32m[2026-09-16 13:49:31.183][VERB] COMMANDCALL: _C.SafeAPI.Execute(["v1.sketch.getPoints",[{"id":20545}]])
[0m[0;32m[2026-09-16 13:49:31.183][VERB] RETURN: {"result":{"endId":"$20547","startId":"$20546"}}
[0m[0;32m[2026-09-16 13:49:31.183][VERB] COMMANDCALL: _C.SafeAPI.Execute(["v1.sketch.point",[{"pos":[-1000,-1000,0],"id":20539}]])
[0m[0;32m[2026-09-16 13:49:31.185][VERB] RETURN: {"result":"$20577"}
[0m[0;32m[2026-09-16 13:49:31.185][VERB] COMMANDCALL: _C.SafeAPI.Execute(["v1.sketch.constraint",[{"type":"FIXATION","id":20539,"geomIds":[20577]}]])
[0m[0;32m[2026-09-16 13:49:31.187][VERB] RETURN: {"result":"$20579"}
[0m[0;32m[2026-09-16 13:49:31.187][VERB] COMMANDCALL: _C.SafeAPI.Execute(["v1.sketch.dimension",[{"type":"HORIZONTAL_DISTANCE","value":"@expr.d1245_position_x","name":"position_x","id":20539,"geomIds":[20577,20546]}]])
[0m[0;32m[2026-09-16 13:49:31.193][VERB] RETURN: {"result":"$20583"}
[0m[0;32m[2026-09-16 13:49:31.193][VERB] COMMANDCALL: _C.SafeAPI.Execute(["v1.sketch.dimension",[{"type":"VERTICAL_DISTANCE","value":"@expr.d1246_position_y","name":"position_y","id":20539,"geomIds":[20577,20546]}]])
[0m[0;32m[2026-09-16 13:49:31.199][VERB] RETURN: {"result":"$20587"}
[0m[0;32m[2026-09-16 13:49:31.200][VERB] COMMANDCALL: _C.SafeAPI.Execute(["v1.sketch.dimension",[{"type":"OFFSET","value":"@expr.d1247_width","name":"width","id":20539,"geomIds":[20545]}]])
[0m[0;32m[2026-09-16 13:49:31.207][VERB] RETURN: {"result":"$20591"}
[0m[0;32m[2026-09-16 13:49:31.207][VERB] COMMANDCALL: _C.SafeAPI.Execute(["v1.sketch.dimension",[{"type":"OFFSET","value":"@expr.d1248_depth","name":"depth","id":20539,"geomIds":[20549]}]])
[0m[0;32m[2026-09-16 13:49:31.215][VERB] RETURN: {"result":"$20595"}
[0m[0;32m[2026-09-16 13:49:31.216][VERB] COMMANDCALL: _C.SafeAPI.Execute(["v1.part.extrusion",[{"references":[20545,20549,20555,20561],"name":"F1243_makeBox_cad_primitives_py_8","taperAngle":0,"limit2":"@expr.d1249_height","id":4}]])
[0m[0;32m[2026-09-16 13:49:31.225][VERB] RETURN: {"result":"$20599"}
[0m[0;32m[2026-09-16 13:49:31.225][VERB] COMMANDCALL: _C.SafeAPI.Execute(["v1.part.workPlane",[{"type":"PLANE","references":[38],"name":"F1250_makeCylinder_cad_primitives_py_12_plane","offset":"@expr.d1251_plane_offset","id":4}]])
[0m[0;32m[2026-09-16 13:49:31.232][VERB] RETURN: {"result":"$20642"}
[0m[0;32m[2026-09-16 13:49:31.232][VERB] COMMANDCALL: _C.SafeAPI.Execute(["v1.sketch.create",[{"planeId":20642,"name":"F1250_makeCylinder_cad_primitives_py_12_profile","id":4}]])
[0m[0;32m[2026-09-16 13:49:31.235][VERB] RETURN: {"result":"$20648"}
[0m[0;32m[2026-09-16 13:49:31.235][VERB] COMMANDCALL: _C.SafeAPI.Execute(["v1.sketch.circle",[{"radius":4,"id":20648,"genFixation":0,"centerPos":[42.1,16.1,0]}]])
[0m[0;32m[2026-09-16 13:49:31.236][VERB] RETURN: {"result":"$20654"}
[0m[0;32m[2026-09-16 13:49:31.236][VERB] COMMANDCALL: _C.SafeAPI.Execute(["v1.sketch.getPoints",[{"id":20654}]])
[0m[0;32m[2026-09-16 13:49:31.236][VERB] RETURN: {"result":{"centerId":"$20655"}}
[0m[0;32m[2026-09-16 13:49:31.237][VERB] COMMANDCALL: _C.SafeAPI.Execute(["v1.sketch.point",[{"pos":[-1000,-1000,0],"id":20648}]])
[0m[0;32m[2026-09-16 13:49:31.238][VERB] RETURN: {"result":"$20657"}
[0m[0;32m[2026-09-16 13:49:31.238][VERB] COMMANDCALL: _C.SafeAPI.Execute(["v1.sketch.constraint",[{"type":"FIXATION","id":20648,"geomIds":[20657]}]])
[0m[0;32m[2026-09-16 13:49:31.239][VERB] RETURN: {"result":"$20659"}
[0m[0;32m[2026-09-16 13:49:31.239][VERB] COMMANDCALL: _C.SafeAPI.Execute(["v1.sketch.dimension",[{"type":"HORIZONTAL_DISTANCE","value":"@expr.d1252_position_x","name":"position_x","id":20648,"geomIds":[20657,20655]}]])
[0m[0;32m[2026-09-16 13:49:31.244][VERB] RETURN: {"result":"$20663"}
[0m[0;32m[2026-09-16 13:49:31.244][VERB] COMMANDCALL: _C.SafeAPI.Execute(["v1.sketch.dimension",[{"type":"VERTICAL_DISTANCE","value":"@expr.d1253_position_y","name":"position_y","id":20648,"geomIds":[20657,20655]}]])
[0m[0;32m[2026-09-16 13:49:31.249][VERB] RETURN: {"result":"$20667"}
[0m[0;32m[2026-09-16 13:49:31.249][VERB] COMMANDCALL: _C.SafeAPI.Execute(["v1.sketch.dimension",[{"type":"RADIUS","value":"@expr.d1254_radius","name":"radius","id":20648,"geomIds":[20654]}]])
[0m[0;32m[2026-09-16 13:49:31.255][VERB] RETURN: {"result":"$20671"}
[0m[0;32m[2026-09-16 13:49:31.255][VERB] COMMANDCALL: _C.SafeAPI.Execute(["v1.part.extrusion",[{"references":[20654],"name":"F1250_makeCylinder_cad_primitives_py_12","taperAngle":0,"limit2":"@expr.d1255_height","id":4}]])
[0m[0;32m[2026-09-16 13:49:31.265][VERB] RETURN: {"result":"$20675"}
[0m[0;32m[2026-09-16 13:49:31.265][VERB] COMMANDCALL: _C.SafeAPI.Execute(["v1.part.boolean",[{"type":"SUBTRACTION","tools":[20675],"target":20599,"name":"F1242_cut_housing_shell_py_48","id":4}]])
[0m[0;32m[2026-09-16 13:49:31.275][VERB] RETURN: {"result":"$20697"}
[0m[0;32m[2026-09-16 13:49:31.275][VERB] COMMANDCALL: _C.SafeAPI.Execute(["v1.part.workPlane",[{"type":"PLANE","references":[38],"name":"F1256_makeCylinder_cad_primitives_py_12_plane","offset":"@expr.d1257_plane_offset","id":4}]])
[0m[0;32m[2026-09-16 13:49:31.282][VERB] RETURN: {"result":"$20715"}
[0m[0;32m[2026-09-16 13:49:31.282][VERB] COMMANDCALL: _C.SafeAPI.Execute(["v1.sketch.create",[{"planeId":20715,"name":"F1256_makeCylinder_cad_primitives_py_12_profile","id":4}]])
[0m[0;32m[2026-09-16 13:49:31.285][VERB] RETURN: {"result":"$20721"}
[0m[0;32m[2026-09-16 13:49:31.285][VERB] COMMANDCALL: _C.SafeAPI.Execute(["v1.sketch.circle",[{"radius":4.5,"id":20721,"genFixation":0,"centerPos":[86.8,38.9,0]}]])
[0m[0;32m[2026-09-16 13:49:31.286][VERB] RETURN: {"result":"$20727"}
[0m[0;32m[2026-09-16 13:49:31.286][VERB] COMMANDCALL: _C.SafeAPI.Execute(["v1.sketch.getPoints",[{"id":20727}]])
[0m[0;32m[2026-09-16 13:49:31.287][VERB] RETURN: {"result":{"centerId":"$20728"}}
[0m[0;32m[2026-09-16 13:49:31.287][VERB] COMMANDCALL: _C.SafeAPI.Execute(["v1.sketch.point",[{"pos":[-1000,-1000,0],"id":20721}]])
[0m[0;32m[2026-09-16 13:49:31.288][VERB] RETURN: {"result":"$20730"}
[0m[0;32m[2026-09-16 13:49:31.288][VERB] COMMANDCALL: _C.SafeAPI.Execute(["v1.sketch.constraint",[{"type":"FIXATION","id":20721,"geomIds":[20730]}]])
[0m[0;32m[2026-09-16 13:49:31.289][VERB] RETURN: {"result":"$20732"}
[0m[0;32m[2026-09-16 13:49:31.289][VERB] COMMANDCALL: _C.SafeAPI.Execute(["v1.sketch.dimension",[{"type":"HORIZONTAL_DISTANCE","value":"@expr.d1258_position_x","name":"position_x","id":20721,"geomIds":[20730,20728]}]])
[0m[0;32m[2026-09-16 13:49:31.294][VERB] RETURN: {"result":"$20736"}
[0m[0;32m[2026-09-16 13:49:31.294][VERB] COMMANDCALL: _C.SafeAPI.Execute(["v1.sketch.dimension",[{"type":"VERTICAL_DISTANCE","value":"@expr.d1259_position_y","name":"position_y","id":20721,"geomIds":[20730,20728]}]])
[0m[0;32m[2026-09-16 13:49:31.299][VERB] RETURN: {"result":"$20740"}
[0m[0;32m[2026-09-16 13:49:31.299][VERB] COMMANDCALL: _C.SafeAPI.Execute(["v1.sketch.dimension",[{"type":"RADIUS","value":"@expr.d1260_radius","name":"radius","id":20721,"geomIds":[20727]}]])
[0m[0;32m[2026-09-16 13:49:31.305][VERB] RETURN: {"result":"$20744"}
[0m[0;32m[2026-09-16 13:49:31.305][VERB] COMMANDCALL: _C.SafeAPI.Execute(["v1.part.extrusion",[{"references":[20727],"name":"F1256_makeCylinder_cad_primitives_py_12","taperAngle":0,"limit2":"@expr.d1261_height","id":4}]])
[0m[0;32m[2026-09-16 13:49:31.315][VERB] RETURN: {"result":"$20748"}
[0m[0;32m[2026-09-16 13:49:31.315][VERB] COMMANDCALL: _C.SafeAPI.Execute(["v1.part.workPlane",[{"type":"PLANE","references":[38],"name":"F1262_makeBox_cad_primitives_py_8_plane","offset":"@expr.d1263_plane_offset","id":4}]])
[0m[0;32m[2026-09-16 13:49:31.321][VERB] RETURN: {"result":"$20770"}
[0m[0;32m[2026-09-16 13:49:31.322][VERB] COMMANDCALL: _C.SafeAPI.Execute(["v1.sketch.create",[{"planeId":20770,"name":"F1262_makeBox_cad_primitives_py_8_profile","id":4}]])
[0m[0;32m[2026-09-16 13:49:31.324][VERB] RETURN: {"result":"$20776"}
[0m[0;32m[2026-09-16 13:49:31.324][VERB] COMMANDCALL: _C.SafeAPI.Execute(["v1.sketch.rectangle",[{"startPos":[86.8,30,0],"id":20776,"genFixation":0,"endPos":[92.5,43,0]}]])
[0m[0;32m[2026-09-16 13:49:31.331][VERB] RETURN: {"result":["$20782","$20786","$20792","$20798"]}
[0m[0;32m[2026-09-16 13:49:31.331][VERB] COMMANDCALL: _C.SafeAPI.Execute(["v1.sketch.getPoints",[{"id":20782}]])
[0m[0;32m[2026-09-16 13:49:31.331][VERB] RETURN: {"result":{"endId":"$20784","startId":"$20783"}}
[0m[0;32m[2026-09-16 13:49:31.331][VERB] COMMANDCALL: _C.SafeAPI.Execute(["v1.sketch.point",[{"pos":[-1000,-1000,0],"id":20776}]])
[0m[0;32m[2026-09-16 13:49:31.333][VERB] RETURN: {"result":"$20814"}
[0m[0;32m[2026-09-16 13:49:31.333][VERB] COMMANDCALL: _C.SafeAPI.Execute(["v1.sketch.constraint",[{"type":"FIXATION","id":20776,"geomIds":[20814]}]])
[0m[0;32m[2026-09-16 13:49:31.335][VERB] RETURN: {"result":"$20816"}
[0m[0;32m[2026-09-16 13:49:31.335][VERB] COMMANDCALL: _C.SafeAPI.Execute(["v1.sketch.dimension",[{"type":"HORIZONTAL_DISTANCE","value":"@expr.d1264_position_x","name":"position_x","id":20776,"geomIds":[20814,20783]}]])
[0m[0;32m[2026-09-16 13:49:31.341][VERB] RETURN: {"result":"$20820"}
[0m[0;32m[2026-09-16 13:49:31.341][VERB] COMMANDCALL: _C.SafeAPI.Execute(["v1.sketch.dimension",[{"type":"VERTICAL_DISTANCE","value":"@expr.d1265_position_y","name":"position_y","id":20776,"geomIds":[20814,20783]}]])
[0m[0;32m[2026-09-16 13:49:31.348][VERB] RETURN: {"result":"$20824"}
[0m[0;32m[2026-09-16 13:49:31.348][VERB] COMMANDCALL: _C.SafeAPI.Execute(["v1.sketch.dimension",[{"type":"OFFSET","value":"@expr.d1266_width","name":"width","id":20776,"geomIds":[20782]}]])
[0m[0;32m[2026-09-16 13:49:31.356][VERB] RETURN: {"result":"$20828"}
[0m[0;32m[2026-09-16 13:49:31.356][VERB] COMMANDCALL: _C.SafeAPI.Execute(["v1.sketch.dimension",[{"type":"OFFSET","value":"@expr.d1267_depth","name":"depth","id":20776,"geomIds":[20786]}]])
[0m[0;32m[2026-09-16 13:49:31.364][VERB] RETURN: {"result":"$20832"}
[0m[0;32m[2026-09-16 13:49:31.364][VERB] COMMANDCALL: _C.SafeAPI.Execute(["v1.part.extrusion",[{"references":[20782,20786,20792,20798],"name":"F1262_makeBox_cad_primitives_py_8","taperAngle":0,"limit2":"@expr.d1268_height","id":4}]])
[0m[0;32m[2026-09-16 13:49:31.373][VERB] RETURN: {"result":"$20836"}
[0m[0;32m[2026-09-16 13:49:31.373][VERB] COMMANDCALL: _C.SafeAPI.Execute(["v1.part.boolean",[{"type":"UNION","tools":[18594,18670,18725,18780,18835,18923,19032,19108,19163,19218,19273,19361,19470,19546,19601,19656,19711,19799,19908,20115,20199,20308,20515,20697,20748,20836],"target":18485,"name":"F1071_union_cad_primitives_py_17","id":4}]])
[0m[0;32m[2026-09-16 13:49:31.421][VERB] RETURN: {"result":"$20879"}
[0m[2026-09-16 13:49:33.092][DEBUG] Build graphic in: 1550ms
[0;32m[2026-09-16 13:49:33.205][VERB] COMMANDCALL: _C.SafeAPI.Execute(["v1.part.chamfer",[{"references":[21186,21397,21296,21460,20988,21461,21143,21157,21156,21068,21144,21033,21043,21177,21176,21447,21446,21440,21436,21484,21483,21518,21517,21385,21453,21357,21395,21513,21514,21515,21516],"name":"F1070_chamfer_shell_skin_py_17"," ...
[0m[0;32m[2026-09-16 13:49:33.415][VERB] RETURN: {"result":"$21532"}
[0m[0;32m[2026-09-16 13:49:33.416][VERB] COMMANDCALL: _C.SafeAPI.Execute(["v1.part.boolean",[{"type":"INTERSECTION","tools":[21532],"target":18397,"name":"F1063_common_housing_py_303","id":4}]])
[0m[0;32m[2026-09-16 13:49:33.438][VERB] RETURN: {"result":"$21873"}
[0m[0;32m[2026-09-16 13:49:33.438][VERB] COMMANDCALL: _C.SafeAPI.Execute(["v1.part.boolean",[{"type":"UNION","tools":[21873],"target":18342,"name":"F33_union_housing_py_303","id":4}]])
[0m[0;32m[2026-09-16 13:49:33.472][VERB] RETURN: {"result":"$21885"}
[0m[0;32m[2026-09-16 13:49:33.473][VERB] COMMANDCALL: _C.SafeAPI.Execute(["v1.part.workPlane",[{"type":"PLANE","references":[38],"name":"F1270_makeCylinder_cad_primitives_py_12_plane","offset":"@expr.d1271_plane_offset","id":4}]])
[0m[0;32m[2026-09-16 13:49:33.480][VERB] RETURN: {"result":"$21964"}
[0m[0;32m[2026-09-16 13:49:33.480][VERB] COMMANDCALL: _C.SafeAPI.Execute(["v1.sketch.create",[{"planeId":21964,"name":"F1270_makeCylinder_cad_primitives_py_12_profile","id":4}]])
[0m[0;32m[2026-09-16 13:49:33.483][VERB] RETURN: {"result":"$21970"}
[0m[0;32m[2026-09-16 13:49:33.483][VERB] COMMANDCALL: _C.SafeAPI.Execute(["v1.sketch.circle",[{"radius":1.45,"id":21970,"genFixation":0,"centerPos":[86.8,38.9,0]}]])
[0m[0;32m[2026-09-16 13:49:33.484][VERB] RETURN: {"result":"$21976"}
[0m[0;32m[2026-09-16 13:49:33.484][VERB] COMMANDCALL: _C.SafeAPI.Execute(["v1.sketch.getPoints",[{"id":21976}]])
[0m[0;32m[2026-09-16 13:49:33.485][VERB] RETURN: {"result":{"centerId":"$21977"}}
[0m[0;32m[2026-09-16 13:49:33.485][VERB] COMMANDCALL: _C.SafeAPI.Execute(["v1.sketch.point",[{"pos":[-1000,-1000,0],"id":21970}]])
[0m[0;32m[2026-09-16 13:49:33.486][VERB] RETURN: {"result":"$21979"}
[0m[0;32m[2026-09-16 13:49:33.486][VERB] COMMANDCALL: _C.SafeAPI.Execute(["v1.sketch.constraint",[{"type":"FIXATION","id":21970,"geomIds":[21979]}]])
[0m[0;32m[2026-09-16 13:49:33.487][VERB] RETURN: {"result":"$21981"}
[0m[0;32m[2026-09-16 13:49:33.487][VERB] COMMANDCALL: _C.SafeAPI.Execute(["v1.sketch.dimension",[{"type":"HORIZONTAL_DISTANCE","value":"@expr.d1272_position_x","name":"position_x","id":21970,"geomIds":[21979,21977]}]])
[0m[0;32m[2026-09-16 13:49:33.492][VERB] RETURN: {"result":"$21985"}
[0m[0;32m[2026-09-16 13:49:33.492][VERB] COMMANDCALL: _C.SafeAPI.Execute(["v1.sketch.dimension",[{"type":"VERTICAL_DISTANCE","value":"@expr.d1273_position_y","name":"position_y","id":21970,"geomIds":[21979,21977]}]])
[0m[0;32m[2026-09-16 13:49:33.498][VERB] RETURN: {"result":"$21989"}
[0m[0;32m[2026-09-16 13:49:33.498][VERB] COMMANDCALL: _C.SafeAPI.Execute(["v1.sketch.dimension",[{"type":"RADIUS","value":"@expr.d1274_radius","name":"radius","id":21970,"geomIds":[21976]}]])
[0m[0;32m[2026-09-16 13:49:33.503][VERB] RETURN: {"result":"$21993"}
[0m[0;32m[2026-09-16 13:49:33.504][VERB] COMMANDCALL: _C.SafeAPI.Execute(["v1.part.extrusion",[{"references":[21976],"name":"F1270_makeCylinder_cad_primitives_py_12","taperAngle":0,"limit2":"@expr.d1275_height","id":4}]])
[0m[0;32m[2026-09-16 13:49:33.513][VERB] RETURN: {"result":"$21997"}
[0m[0;32m[2026-09-16 13:49:33.514][VERB] COMMANDCALL: _C.SafeAPI.Execute(["v1.part.boolean",[{"type":"SUBTRACTION","tools":[21997],"target":21885,"name":"F32_cut_housing_py_308","id":4}]])
[0m[0;32m[2026-09-16 13:49:33.539][VERB] RETURN: {"result":"$22019"}
[0m[0;32m[2026-09-16 13:49:33.539][VERB] COMMANDCALL: _C.SafeAPI.Execute(["v1.part.workPlane",[{"type":"PLANE","references":[38],"name":"F1276_makeCylinder_cad_primitives_py_12_plane","offset":"@expr.d1277_plane_offset","id":4}]])
[0m[0;32m[2026-09-16 13:49:33.546][VERB] RETURN: {"result":"$22041"}
[0m[0;32m[2026-09-16 13:49:33.547][VERB] COMMANDCALL: _C.SafeAPI.Execute(["v1.sketch.create",[{"planeId":22041,"name":"F1276_makeCylinder_cad_primitives_py_12_profile","id":4}]])
[0m[0;32m[2026-09-16 13:49:33.549][VERB] RETURN: {"result":"$22047"}
[0m[0;32m[2026-09-16 13:49:33.549][VERB] COMMANDCALL: _C.SafeAPI.Execute(["v1.sketch.circle",[{"radius":1.15,"id":22047,"genFixation":0,"centerPos":[86.8,38.9,0]}]])
[0m[0;32m[2026-09-16 13:49:33.550][VERB] RETURN: {"result":"$22053"}
[0m[0;32m[2026-09-16 13:49:33.550][VERB] COMMANDCALL: _C.SafeAPI.Execute(["v1.sketch.getPoints",[{"id":22053}]])
[0m[0;32m[2026-09-16 13:49:33.551][VERB] RETURN: {"result":{"centerId":"$22054"}}
[0m[0;32m[2026-09-16 13:49:33.551][VERB] COMMANDCALL: _C.SafeAPI.Execute(["v1.sketch.point",[{"pos":[-1000,-1000,0],"id":22047}]])
[0m[0;32m[2026-09-16 13:49:33.552][VERB] RETURN: {"result":"$22056"}
[0m[0;32m[2026-09-16 13:49:33.552][VERB] COMMANDCALL: _C.SafeAPI.Execute(["v1.sketch.constraint",[{"type":"FIXATION","id":22047,"geomIds":[22056]}]])
[0m[0;32m[2026-09-16 13:49:33.553][VERB] RETURN: {"result":"$22058"}
[0m[0;32m[2026-09-16 13:49:33.553][VERB] COMMANDCALL: _C.SafeAPI.Execute(["v1.sketch.dimension",[{"type":"HORIZONTAL_DISTANCE","value":"@expr.d1278_position_x","name":"position_x","id":22047,"geomIds":[22056,22054]}]])
[0m[0;32m[2026-09-16 13:49:33.558][VERB] RETURN: {"result":"$22062"}
[0m[0;32m[2026-09-16 13:49:33.559][VERB] COMMANDCALL: _C.SafeAPI.Execute(["v1.sketch.dimension",[{"type":"VERTICAL_DISTANCE","value":"@expr.d1279_position_y","name":"position_y","id":22047,"geomIds":[22056,22054]}]])
[0m[0;32m[2026-09-16 13:49:33.565][VERB] RETURN: {"result":"$22066"}
[0m[0;32m[2026-09-16 13:49:33.565][VERB] COMMANDCALL: _C.SafeAPI.Execute(["v1.sketch.dimension",[{"type":"RADIUS","value":"@expr.d1280_radius","name":"radius","id":22047,"geomIds":[22053]}]])
[0m[0;32m[2026-09-16 13:49:33.571][VERB] RETURN: {"result":"$22070"}
[0m[0;32m[2026-09-16 13:49:33.571][VERB] COMMANDCALL: _C.SafeAPI.Execute(["v1.part.extrusion",[{"references":[22053],"name":"F1276_makeCylinder_cad_primitives_py_12","taperAngle":0,"limit2":"@expr.d1281_height","id":4}]])
[0m[0;32m[2026-09-16 13:49:33.580][VERB] RETURN: {"result":"$22074"}
[0m[0;32m[2026-09-16 13:49:33.580][VERB] COMMANDCALL: _C.SafeAPI.Execute(["v1.part.boolean",[{"type":"SUBTRACTION","tools":[22074],"target":22019,"name":"F31_cut_housing_py_310","id":4}]])
[0m[0;32m[2026-09-16 13:49:33.606][VERB] RETURN: {"result":"$22096"}
[0m[0;32m[2026-09-16 13:49:33.607][VERB] COMMANDCALL: _C.SafeAPI.Execute(["v1.part.workPlane",[{"type":"PLANE","references":[38],"name":"F1282_makeBox_cad_primitives_py_8_plane","offset":"@expr.d1283_plane_offset","id":4}]])
[0m[0;32m[2026-09-16 13:49:33.613][VERB] RETURN: {"result":"$22118"}
[0m[0;32m[2026-09-16 13:49:33.614][VERB] COMMANDCALL: _C.SafeAPI.Execute(["v1.sketch.create",[{"planeId":22118,"name":"F1282_makeBox_cad_primitives_py_8_profile","id":4}]])
[0m[0;32m[2026-09-16 13:49:33.616][VERB] RETURN: {"result":"$22124"}
[0m[0;32m[2026-09-16 13:49:33.616][VERB] COMMANDCALL: _C.SafeAPI.Execute(["v1.sketch.rectangle",[{"startPos":[27,1.55,0],"id":22124,"genFixation":0,"endPos":[32,3.35,0]}]])
[0m[0;32m[2026-09-16 13:49:33.623][VERB] RETURN: {"result":["$22130","$22134","$22140","$22146"]}
[0m[0;32m[2026-09-16 13:49:33.624][VERB] COMMANDCALL: _C.SafeAPI.Execute(["v1.sketch.getPoints",[{"id":22130}]])
[0m[0;32m[2026-09-16 13:49:33.624][VERB] RETURN: {"result":{"endId":"$22132","startId":"$22131"}}
[0m[0;32m[2026-09-16 13:49:33.624][VERB] COMMANDCALL: _C.SafeAPI.Execute(["v1.sketch.point",[{"pos":[-1000,-1000,0],"id":22124}]])
[0m[0;32m[2026-09-16 13:49:33.626][VERB] RETURN: {"result":"$22162"}
[0m[0;32m[2026-09-16 13:49:33.626][VERB] COMMANDCALL: _C.SafeAPI.Execute(["v1.sketch.constraint",[{"type":"FIXATION","id":22124,"geomIds":[22162]}]])
[0m[0;32m[2026-09-16 13:49:33.628][VERB] RETURN: {"result":"$22164"}
[0m[0;32m[2026-09-16 13:49:33.628][VERB] COMMANDCALL: _C.SafeAPI.Execute(["v1.sketch.dimension",[{"type":"HORIZONTAL_DISTANCE","value":"@expr.d1284_position_x","name":"position_x","id":22124,"geomIds":[22162,22131]}]])
[0m[0;32m[2026-09-16 13:49:33.634][VERB] RETURN: {"result":"$22168"}
[0m[0;32m[2026-09-16 13:49:33.634][VERB] COMMANDCALL: _C.SafeAPI.Execute(["v1.sketch.dimension",[{"type":"VERTICAL_DISTANCE","value":"@expr.d1285_position_y","name":"position_y","id":22124,"geomIds":[22162,22131]}]])
[0m[0;32m[2026-09-16 13:49:33.640][VERB] RETURN: {"result":"$22172"}
[0m[0;32m[2026-09-16 13:49:33.640][VERB] COMMANDCALL: _C.SafeAPI.Execute(["v1.sketch.dimension",[{"type":"OFFSET","value":"@expr.d1286_width","name":"width","id":22124,"geomIds":[22130]}]])
[0m[0;32m[2026-09-16 13:49:33.648][VERB] RETURN: {"result":"$22176"}
[0m[0;32m[2026-09-16 13:49:33.649][VERB] COMMANDCALL: _C.SafeAPI.Execute(["v1.sketch.dimension",[{"type":"OFFSET","value":"@expr.d1287_depth","name":"depth","id":22124,"geomIds":[22134]}]])
[0m[0;32m[2026-09-16 13:49:33.657][VERB] RETURN: {"result":"$22180"}
[0m[0;32m[2026-09-16 13:49:33.657][VERB] COMMANDCALL: _C.SafeAPI.Execute(["v1.part.extrusion",[{"references":[22130,22134,22140,22146],"name":"F1282_makeBox_cad_primitives_py_8","taperAngle":0,"limit2":"@expr.d1288_height","id":4}]])
[0m[0;32m[2026-09-16 13:49:33.667][VERB] RETURN: {"result":"$22184"}
[0m[0;32m[2026-09-16 13:49:33.667][VERB] COMMANDCALL: _C.SafeAPI.Execute(["v1.part.workPlane",[{"type":"PLANE","references":[38],"name":"F1289_makeBox_cad_primitives_py_8_plane","offset":"@expr.d1290_plane_offset","id":4}]])
[0m[0;32m[2026-09-16 13:49:33.674][VERB] RETURN: {"result":"$22227"}
[0m[0;32m[2026-09-16 13:49:33.674][VERB] COMMANDCALL: _C.SafeAPI.Execute(["v1.sketch.create",[{"planeId":22227,"name":"F1289_makeBox_cad_primitives_py_8_profile","id":4}]])
[0m[0;32m[2026-09-16 13:49:33.676][VERB] RETURN: {"result":"$22233"}
[0m[0;32m[2026-09-16 13:49:33.677][VERB] COMMANDCALL: _C.SafeAPI.Execute(["v1.sketch.rectangle",[{"startPos":[54,40.4,0],"id":22233,"genFixation":0,"endPos":[56.2,44,0]}]])
[0m[0;32m[2026-09-16 13:49:33.684][VERB] RETURN: {"result":["$22239","$22243","$22249","$22255"]}
[0m[0;32m[2026-09-16 13:49:33.684][VERB] COMMANDCALL: _C.SafeAPI.Execute(["v1.sketch.getPoints",[{"id":22239}]])
[0m[0;32m[2026-09-16 13:49:33.684][VERB] RETURN: {"result":{"endId":"$22241","startId":"$22240"}}
[0m[0;32m[2026-09-16 13:49:33.684][VERB] COMMANDCALL: _C.SafeAPI.Execute(["v1.sketch.point",[{"pos":[-1000,-1000,0],"id":22233}]])
[0m[0;32m[2026-09-16 13:49:33.686][VERB] RETURN: {"result":"$22271"}
[0m[0;32m[2026-09-16 13:49:33.686][VERB] COMMANDCALL: _C.SafeAPI.Execute(["v1.sketch.constraint",[{"type":"FIXATION","id":22233,"geomIds":[22271]}]])
[0m[0;32m[2026-09-16 13:49:33.688][VERB] RETURN: {"result":"$22273"}
[0m[0;32m[2026-09-16 13:49:33.689][VERB] COMMANDCALL: _C.SafeAPI.Execute(["v1.sketch.dimension",[{"type":"HORIZONTAL_DISTANCE","value":"@expr.d1291_position_x","name":"position_x","id":22233,"geomIds":[22271,22240]}]])
[0m[0;32m[2026-09-16 13:49:33.695][VERB] RETURN: {"result":"$22277"}
[0m[0;32m[2026-09-16 13:49:33.695][VERB] COMMANDCALL: _C.SafeAPI.Execute(["v1.sketch.dimension",[{"type":"VERTICAL_DISTANCE","value":"@expr.d1292_position_y","name":"position_y","id":22233,"geomIds":[22271,22240]}]])
[0m[0;32m[2026-09-16 13:49:33.702][VERB] RETURN: {"result":"$22281"}
[0m[0;32m[2026-09-16 13:49:33.702][VERB] COMMANDCALL: _C.SafeAPI.Execute(["v1.sketch.dimension",[{"type":"OFFSET","value":"@expr.d1293_width","name":"width","id":22233,"geomIds":[22239]}]])
[0m[0;32m[2026-09-16 13:49:33.710][VERB] RETURN: {"result":"$22285"}
[0m[0;32m[2026-09-16 13:49:33.710][VERB] COMMANDCALL: _C.SafeAPI.Execute(["v1.sketch.dimension",[{"type":"OFFSET","value":"@expr.d1294_depth","name":"depth","id":22233,"geomIds":[22243]}]])
[0m[0;32m[2026-09-16 13:49:33.719][VERB] RETURN: {"result":"$22289"}
[0m[0;32m[2026-09-16 13:49:33.719][VERB] COMMANDCALL: _C.SafeAPI.Execute(["v1.part.extrusion",[{"references":[22239,22243,22249,22255],"name":"F1289_makeBox_cad_primitives_py_8","taperAngle":0,"limit2":"@expr.d1295_height","id":4}]])
[0m[0;32m[2026-09-16 13:49:33.728][VERB] RETURN: {"result":"$22293"}
[0m[0;32m[2026-09-16 13:49:33.729][VERB] COMMANDCALL: _C.SafeAPI.Execute(["v1.part.workPlane",[{"type":"PLANE","references":[38],"name":"F1296_makeBox_cad_primitives_py_8_plane","offset":"@expr.d1297_plane_offset","id":4}]])
[0m[0;32m[2026-09-16 13:49:33.735][VERB] RETURN: {"result":"$22336"}
[0m[0;32m[2026-09-16 13:49:33.735][VERB] COMMANDCALL: _C.SafeAPI.Execute(["v1.sketch.create",[{"planeId":22336,"name":"F1296_makeBox_cad_primitives_py_8_profile","id":4}]])
[0m[0;32m[2026-09-16 13:49:33.737][VERB] RETURN: {"result":"$22342"}
[0m[0;32m[2026-09-16 13:49:33.738][VERB] COMMANDCALL: _C.SafeAPI.Execute(["v1.sketch.rectangle",[{"startPos":[84.5,37.5,0],"id":22342,"genFixation":0,"endPos":[88.6,39,0]}]])
[0m[0;32m[2026-09-16 13:49:33.745][VERB] RETURN: {"result":["$22348","$22352","$22358","$22364"]}
[0m[0;32m[2026-09-16 13:49:33.745][VERB] COMMANDCALL: _C.SafeAPI.Execute(["v1.sketch.getPoints",[{"id":22348}]])
[0m[0;32m[2026-09-16 13:49:33.745][VERB] RETURN: {"result":{"endId":"$22350","startId":"$22349"}}
[0m[0;32m[2026-09-16 13:49:33.745][VERB] COMMANDCALL: _C.SafeAPI.Execute(["v1.sketch.point",[{"pos":[-1000,-1000,0],"id":22342}]])
[0m[0;32m[2026-09-16 13:49:33.747][VERB] RETURN: {"result":"$22380"}
[0m[0;32m[2026-09-16 13:49:33.747][VERB] COMMANDCALL: _C.SafeAPI.Execute(["v1.sketch.constraint",[{"type":"FIXATION","id":22342,"geomIds":[22380]}]])
[0m[0;32m[2026-09-16 13:49:33.749][VERB] RETURN: {"result":"$22382"}
[0m[0;32m[2026-09-16 13:49:33.749][VERB] COMMANDCALL: _C.SafeAPI.Execute(["v1.sketch.dimension",[{"type":"HORIZONTAL_DISTANCE","value":"@expr.d1298_position_x","name":"position_x","id":22342,"geomIds":[22380,22349]}]])
[0m[0;32m[2026-09-16 13:49:33.756][VERB] RETURN: {"result":"$22386"}
[0m[0;32m[2026-09-16 13:49:33.756][VERB] COMMANDCALL: _C.SafeAPI.Execute(["v1.sketch.dimension",[{"type":"VERTICAL_DISTANCE","value":"@expr.d1299_position_y","name":"position_y","id":22342,"geomIds":[22380,22349]}]])
[0m[0;32m[2026-09-16 13:49:33.763][VERB] RETURN: {"result":"$22390"}
[0m[0;32m[2026-09-16 13:49:33.764][VERB] COMMANDCALL: _C.SafeAPI.Execute(["v1.sketch.dimension",[{"type":"OFFSET","value":"@expr.d1300_width","name":"width","id":22342,"geomIds":[22348]}]])
[0m[0;32m[2026-09-16 13:49:33.771][VERB] RETURN: {"result":"$22394"}
[0m[0;32m[2026-09-16 13:49:33.772][VERB] COMMANDCALL: _C.SafeAPI.Execute(["v1.sketch.dimension",[{"type":"OFFSET","value":"@expr.d1301_depth","name":"depth","id":22342,"geomIds":[22352]}]])
[0m[0;32m[2026-09-16 13:49:33.780][VERB] RETURN: {"result":"$22398"}
[0m[0;32m[2026-09-16 13:49:33.781][VERB] COMMANDCALL: _C.SafeAPI.Execute(["v1.part.extrusion",[{"references":[22348,22352,22358,22364],"name":"F1296_makeBox_cad_primitives_py_8","taperAngle":0,"limit2":"@expr.d1302_height","id":4}]])
[0m[0;32m[2026-09-16 13:49:33.790][VERB] RETURN: {"result":"$22402"}
[0m[0;32m[2026-09-16 13:49:33.791][VERB] COMMANDCALL: _C.SafeAPI.Execute(["v1.part.boolean",[{"type":"UNION","tools":[22184,22293,22402],"target":22096,"name":"F30_union_cad_primitives_py_17","id":4}]])
[0m[0;32m[2026-09-16 13:49:33.846][VERB] RETURN: {"result":"$22445"}
[0m[0;32m[2026-09-16 13:49:33.847][VERB] COMMANDCALL: _C.SafeAPI.Execute(["v1.part.workPlane",[{"type":"PLANE","references":[38],"name":"F1303_makeBox_cad_primitives_py_8_plane","offset":"@expr.d1304_plane_offset","id":4}]])
[0m[0;32m[2026-09-16 13:49:33.854][VERB] RETURN: {"result":"$22575"}
[0m[0;32m[2026-09-16 13:49:33.854][VERB] COMMANDCALL: _C.SafeAPI.Execute(["v1.sketch.create",[{"planeId":22575,"name":"F1303_makeBox_cad_primitives_py_8_profile","id":4}]])
[0m[0;32m[2026-09-16 13:49:33.856][VERB] RETURN: {"result":"$22581"}
[0m[0;32m[2026-09-16 13:49:33.857][VERB] COMMANDCALL: _C.SafeAPI.Execute(["v1.sketch.rectangle",[{"startPos":[26.2,6,0],"id":22581,"genFixation":0,"endPos":[32.7,18,0]}]])
[0m[0;32m[2026-09-16 13:49:33.863][VERB] RETURN: {"result":["$22587","$22591","$22597","$22603"]}
[0m[0;32m[2026-09-16 13:49:33.864][VERB] COMMANDCALL: _C.SafeAPI.Execute(["v1.sketch.getPoints",[{"id":22587}]])
[0m[0;32m[2026-09-16 13:49:33.864][VERB] RETURN: {"result":{"endId":"$22589","startId":"$22588"}}
[0m[0;32m[2026-09-16 13:49:33.864][VERB] COMMANDCALL: _C.SafeAPI.Execute(["v1.sketch.point",[{"pos":[-1000,-1000,0],"id":22581}]])
[0m[0;32m[2026-09-16 13:49:33.867][VERB] RETURN: {"result":"$22619"}
[0m[0;32m[2026-09-16 13:49:33.867][VERB] COMMANDCALL: _C.SafeAPI.Execute(["v1.sketch.constraint",[{"type":"FIXATION","id":22581,"geomIds":[22619]}]])
[0m[0;32m[2026-09-16 13:49:33.869][VERB] RETURN: {"result":"$22621"}
[0m[0;32m[2026-09-16 13:49:33.869][VERB] COMMANDCALL: _C.SafeAPI.Execute(["v1.sketch.dimension",[{"type":"HORIZONTAL_DISTANCE","value":"@expr.d1305_position_x","name":"position_x","id":22581,"geomIds":[22619,22588]}]])
[0m[0;32m[2026-09-16 13:49:33.876][VERB] RETURN: {"result":"$22625"}
[0m[0;32m[2026-09-16 13:49:33.876][VERB] COMMANDCALL: _C.SafeAPI.Execute(["v1.sketch.dimension",[{"type":"VERTICAL_DISTANCE","value":"@expr.d1306_position_y","name":"position_y","id":22581,"geomIds":[22619,22588]}]])
[0m[0;32m[2026-09-16 13:49:33.883][VERB] RETURN: {"result":"$22629"}
[0m[0;32m[2026-09-16 13:49:33.884][VERB] COMMANDCALL: _C.SafeAPI.Execute(["v1.sketch.dimension",[{"type":"OFFSET","value":"@expr.d1307_width","name":"width","id":22581,"geomIds":[22587]}]])
[0m[0;32m[2026-09-16 13:49:33.892][VERB] RETURN: {"result":"$22633"}
[0m[0;32m[2026-09-16 13:49:33.892][VERB] COMMANDCALL: _C.SafeAPI.Execute(["v1.sketch.dimension",[{"type":"OFFSET","value":"@expr.d1308_depth","name":"depth","id":22581,"geomIds":[22591]}]])
[0m[0;32m[2026-09-16 13:49:33.900][VERB] RETURN: {"result":"$22637"}
[0m[0;32m[2026-09-16 13:49:33.901][VERB] COMMANDCALL: _C.SafeAPI.Execute(["v1.part.extrusion",[{"references":[22587,22591,22597,22603],"name":"F1303_makeBox_cad_primitives_py_8","taperAngle":0,"limit2":"@expr.d1309_height","id":4}]])
[0m[0;32m[2026-09-16 13:49:33.910][VERB] RETURN: {"result":"$22641"}
[0m[0;32m[2026-09-16 13:49:33.910][VERB] COMMANDCALL: _C.SafeAPI.Execute(["v1.part.boolean",[{"type":"SUBTRACTION","tools":[22641],"target":22445,"name":"F29_cut_housing_py_417","id":4}]])
[0m[0;32m[2026-09-16 13:49:33.941][VERB] RETURN: {"result":"$22684"}
[0m[0;32m[2026-09-16 13:49:33.941][VERB] COMMANDCALL: _C.SafeAPI.Execute(["v1.part.workPlane",[{"type":"PLANE","references":[38],"name":"F1310_makeBox_cad_primitives_py_8_plane","offset":"@expr.d1311_plane_offset","id":4}]])
[0m[0;32m[2026-09-16 13:49:33.948][VERB] RETURN: {"result":"$22696"}
[0m[0;32m[2026-09-16 13:49:33.948][VERB] COMMANDCALL: _C.SafeAPI.Execute(["v1.sketch.create",[{"planeId":22696,"name":"F1310_makeBox_cad_primitives_py_8_profile","id":4}]])
[0m[0;32m[2026-09-16 13:49:33.950][VERB] RETURN: {"result":"$22702"}
[0m[0;32m[2026-09-16 13:49:33.950][VERB] COMMANDCALL: _C.SafeAPI.Execute(["v1.sketch.rectangle",[{"startPos":[38,20.6,0],"id":22702,"genFixation":0,"endPos":[46,25.4,0]}]])
[0m[0;32m[2026-09-16 13:49:33.957][VERB] RETURN: {"result":["$22708","$22712","$22718","$22724"]}
[0m[0;32m[2026-09-16 13:49:33.957][VERB] COMMANDCALL: _C.SafeAPI.Execute(["v1.sketch.getPoints",[{"id":22708}]])
[0m[0;32m[2026-09-16 13:49:33.958][VERB] RETURN: {"result":{"endId":"$22710","startId":"$22709"}}
[0m[0;32m[2026-09-16 13:49:33.958][VERB] COMMANDCALL: _C.SafeAPI.Execute(["v1.sketch.point",[{"pos":[-1000,-1000,0],"id":22702}]])
[0m[0;32m[2026-09-16 13:49:33.960][VERB] RETURN: {"result":"$22740"}
[0m[0;32m[2026-09-16 13:49:33.960][VERB] COMMANDCALL: _C.SafeAPI.Execute(["v1.sketch.constraint",[{"type":"FIXATION","id":22702,"geomIds":[22740]}]])
[0m[0;32m[2026-09-16 13:49:33.962][VERB] RETURN: {"result":"$22742"}
[0m[0;32m[2026-09-16 13:49:33.962][VERB] COMMANDCALL: _C.SafeAPI.Execute(["v1.sketch.dimension",[{"type":"HORIZONTAL_DISTANCE","value":"@expr.d1312_position_x","name":"position_x","id":22702,"geomIds":[22740,22709]}]])
[0m[0;32m[2026-09-16 13:49:33.968][VERB] RETURN: {"result":"$22746"}
[0m[0;32m[2026-09-16 13:49:33.968][VERB] COMMANDCALL: _C.SafeAPI.Execute(["v1.sketch.dimension",[{"type":"VERTICAL_DISTANCE","value":"@expr.d1313_position_y","name":"position_y","id":22702,"geomIds":[22740,22709]}]])
[0m[0;32m[2026-09-16 13:49:33.975][VERB] RETURN: {"result":"$22750"}
[0m[0;32m[2026-09-16 13:49:33.975][VERB] COMMANDCALL: _C.SafeAPI.Execute(["v1.sketch.dimension",[{"type":"OFFSET","value":"@expr.d1314_width","name":"width","id":22702,"geomIds":[22708]}]])
[0m[0;32m[2026-09-16 13:49:33.983][VERB] RETURN: {"result":"$22754"}
[0m[0;32m[2026-09-16 13:49:33.983][VERB] COMMANDCALL: _C.SafeAPI.Execute(["v1.sketch.dimension",[{"type":"OFFSET","value":"@expr.d1315_depth","name":"depth","id":22702,"geomIds":[22712]}]])
[0m[0;32m[2026-09-16 13:49:33.992][VERB] RETURN: {"result":"$22758"}
[0m[0;32m[2026-09-16 13:49:33.992][VERB] COMMANDCALL: _C.SafeAPI.Execute(["v1.part.extrusion",[{"references":[22708,22712,22718,22724],"name":"F1310_makeBox_cad_primitives_py_8","taperAngle":0,"limit2":"@expr.d1316_height","id":4}]])
[0m[0;32m[2026-09-16 13:49:34.001][VERB] RETURN: {"result":"$22762"}
[0m[0;32m[2026-09-16 13:49:34.002][VERB] COMMANDCALL: _C.SafeAPI.Execute(["v1.part.boolean",[{"type":"SUBTRACTION","tools":[22762],"target":22684,"name":"F28_cut_housing_py_417","id":4}]])
[0m[0;32m[2026-09-16 13:49:34.030][VERB] RETURN: {"result":"$22805"}
[0m[0;32m[2026-09-16 13:49:34.031][VERB] COMMANDCALL: _C.SafeAPI.Execute(["v1.part.workPlane",[{"type":"PLANE","references":[38],"name":"F1317_makeBox_cad_primitives_py_8_plane","offset":"@expr.d1318_plane_offset","id":4}]])
[0m[0;32m[2026-09-16 13:49:34.037][VERB] RETURN: {"result":"$22866"}
[0m[0;32m[2026-09-16 13:49:34.038][VERB] COMMANDCALL: _C.SafeAPI.Execute(["v1.sketch.create",[{"planeId":22866,"name":"F1317_makeBox_cad_primitives_py_8_profile","id":4}]])
[0m[0;32m[2026-09-16 13:49:34.040][VERB] RETURN: {"result":"$22872"}
[0m[0;32m[2026-09-16 13:49:34.040][VERB] COMMANDCALL: _C.SafeAPI.Execute(["v1.sketch.rectangle",[{"startPos":[34,48,0],"id":22872,"genFixation":0,"endPos":[40,56,0]}]])
[0m[0;32m[2026-09-16 13:49:34.047][VERB] RETURN: {"result":["$22878","$22882","$22888","$22894"]}
[0m[0;32m[2026-09-16 13:49:34.047][VERB] COMMANDCALL: _C.SafeAPI.Execute(["v1.sketch.getPoints",[{"id":22878}]])
[0m[0;32m[2026-09-16 13:49:34.047][VERB] RETURN: {"result":{"endId":"$22880","startId":"$22879"}}
[0m[0;32m[2026-09-16 13:49:34.048][VERB] COMMANDCALL: _C.SafeAPI.Execute(["v1.sketch.point",[{"pos":[-1000,-1000,0],"id":22872}]])
[0m[0;32m[2026-09-16 13:49:34.050][VERB] RETURN: {"result":"$22910"}
[0m[0;32m[2026-09-16 13:49:34.050][VERB] COMMANDCALL: _C.SafeAPI.Execute(["v1.sketch.constraint",[{"type":"FIXATION","id":22872,"geomIds":[22910]}]])
[0m[0;32m[2026-09-16 13:49:34.051][VERB] RETURN: {"result":"$22912"}
[0m[0;32m[2026-09-16 13:49:34.051][VERB] COMMANDCALL: _C.SafeAPI.Execute(["v1.sketch.dimension",[{"type":"HORIZONTAL_DISTANCE","value":"@expr.d1319_position_x","name":"position_x","id":22872,"geomIds":[22910,22879]}]])
[0m[0;32m[2026-09-16 13:49:34.058][VERB] RETURN: {"result":"$22916"}
[0m[0;32m[2026-09-16 13:49:34.058][VERB] COMMANDCALL: _C.SafeAPI.Execute(["v1.sketch.dimension",[{"type":"VERTICAL_DISTANCE","value":"@expr.d1320_position_y","name":"position_y","id":22872,"geomIds":[22910,22879]}]])
[0m[0;32m[2026-09-16 13:49:34.065][VERB] RETURN: {"result":"$22920"}
[0m[0;32m[2026-09-16 13:49:34.065][VERB] COMMANDCALL: _C.SafeAPI.Execute(["v1.sketch.dimension",[{"type":"OFFSET","value":"@expr.d1321_width","name":"width","id":22872,"geomIds":[22878]}]])
[0m[0;32m[2026-09-16 13:49:34.072][VERB] RETURN: {"result":"$22924"}
[0m[0;32m[2026-09-16 13:49:34.073][VERB] COMMANDCALL: _C.SafeAPI.Execute(["v1.sketch.dimension",[{"type":"OFFSET","value":"@expr.d1322_depth","name":"depth","id":22872,"geomIds":[22882]}]])
[0m[0;32m[2026-09-16 13:49:34.081][VERB] RETURN: {"result":"$22928"}
[0m[0;32m[2026-09-16 13:49:34.082][VERB] COMMANDCALL: _C.SafeAPI.Execute(["v1.part.extrusion",[{"references":[22878,22882,22888,22894],"name":"F1317_makeBox_cad_primitives_py_8","taperAngle":0,"limit2":"@expr.d1323_height","id":4}]])
[0m[0;32m[2026-09-16 13:49:34.092][VERB] RETURN: {"result":"$22932"}
[0m[0;32m[2026-09-16 13:49:34.092][VERB] COMMANDCALL: _C.SafeAPI.Execute(["v1.part.boolean",[{"type":"SUBTRACTION","tools":[22932],"target":22805,"name":"F27_cut_housing_py_417","id":4}]])
[0m[0;32m[2026-09-16 13:49:34.121][VERB] RETURN: {"result":"$22975"}
[0m[0;32m[2026-09-16 13:49:34.121][VERB] COMMANDCALL: _C.SafeAPI.Execute(["v1.part.workPlane",[{"type":"PLANE","references":[38],"name":"F1324_makeBox_cad_primitives_py_8_plane","offset":"@expr.d1325_plane_offset","id":4}]])
[0m[0;32m[2026-09-16 13:49:34.128][VERB] RETURN: {"result":"$22987"}
[0m[0;32m[2026-09-16 13:49:34.129][VERB] COMMANDCALL: _C.SafeAPI.Execute(["v1.sketch.create",[{"planeId":22987,"name":"F1324_makeBox_cad_primitives_py_8_profile","id":4}]])
[0m[0;32m[2026-09-16 13:49:34.131][VERB] RETURN: {"result":"$22993"}
[0m[0;32m[2026-09-16 13:49:34.132][VERB] COMMANDCALL: _C.SafeAPI.Execute(["v1.sketch.rectangle",[{"startPos":[49.2,24,0],"id":22993,"genFixation":0,"endPos":[53,36.5,0]}]])
[0m[0;32m[2026-09-16 13:49:34.139][VERB] RETURN: {"result":["$22999","$23003","$23009","$23015"]}
[0m[0;32m[2026-09-16 13:49:34.139][VERB] COMMANDCALL: _C.SafeAPI.Execute(["v1.sketch.getPoints",[{"id":22999}]])
[0m[0;32m[2026-09-16 13:49:34.139][VERB] RETURN: {"result":{"endId":"$23001","startId":"$23000"}}
[0m[0;32m[2026-09-16 13:49:34.139][VERB] COMMANDCALL: _C.SafeAPI.Execute(["v1.sketch.point",[{"pos":[-1000,-1000,0],"id":22993}]])
[0m[0;32m[2026-09-16 13:49:34.141][VERB] RETURN: {"result":"$23031"}
[0m[0;32m[2026-09-16 13:49:34.141][VERB] COMMANDCALL: _C.SafeAPI.Execute(["v1.sketch.constraint",[{"type":"FIXATION","id":22993,"geomIds":[23031]}]])
[0m[0;32m[2026-09-16 13:49:34.143][VERB] RETURN: {"result":"$23033"}
[0m[0;32m[2026-09-16 13:49:34.143][VERB] COMMANDCALL: _C.SafeAPI.Execute(["v1.sketch.dimension",[{"type":"HORIZONTAL_DISTANCE","value":"@expr.d1326_position_x","name":"position_x","id":22993,"geomIds":[23031,23000]}]])
[0m[0;32m[2026-09-16 13:49:34.150][VERB] RETURN: {"result":"$23037"}
[0m[0;32m[2026-09-16 13:49:34.150][VERB] COMMANDCALL: _C.SafeAPI.Execute(["v1.sketch.dimension",[{"type":"VERTICAL_DISTANCE","value":"@expr.d1327_position_y","name":"position_y","id":22993,"geomIds":[23031,23000]}]])
[0m[0;32m[2026-09-16 13:49:34.157][VERB] RETURN: {"result":"$23041"}
[0m[0;32m[2026-09-16 13:49:34.157][VERB] COMMANDCALL: _C.SafeAPI.Execute(["v1.sketch.dimension",[{"type":"OFFSET","value":"@expr.d1328_width","name":"width","id":22993,"geomIds":[22999]}]])
[0m[0;32m[2026-09-16 13:49:34.165][VERB] RETURN: {"result":"$23045"}
[0m[0;32m[2026-09-16 13:49:34.165][VERB] COMMANDCALL: _C.SafeAPI.Execute(["v1.sketch.dimension",[{"type":"OFFSET","value":"@expr.d1329_depth","name":"depth","id":22993,"geomIds":[23003]}]])
[0m[0;32m[2026-09-16 13:49:34.174][VERB] RETURN: {"result":"$23049"}
[0m[0;32m[2026-09-16 13:49:34.175][VERB] COMMANDCALL: _C.SafeAPI.Execute(["v1.part.extrusion",[{"references":[22999,23003,23009,23015],"name":"F1324_makeBox_cad_primitives_py_8","taperAngle":0,"limit2":"@expr.d1330_height","id":4}]])
[0m[0;32m[2026-09-16 13:49:34.185][VERB] RETURN: {"result":"$23053"}
[0m[0;32m[2026-09-16 13:49:34.185][VERB] COMMANDCALL: _C.SafeAPI.Execute(["v1.part.boolean",[{"type":"SUBTRACTION","tools":[23053],"target":22975,"name":"F26_cut_housing_py_417","id":4}]])
[0m[0;32m[2026-09-16 13:49:34.214][VERB] RETURN: {"result":"$23096"}
[0m[0;32m[2026-09-16 13:49:34.215][VERB] COMMANDCALL: _C.SafeAPI.Execute(["v1.part.workPlane",[{"type":"PLANE","references":[38],"name":"F1331_makeBox_cad_primitives_py_8_plane","offset":"@expr.d1332_plane_offset","id":4}]])
[0m[0;32m[2026-09-16 13:49:34.223][VERB] RETURN: {"result":"$23108"}
[0m[0;32m[2026-09-16 13:49:34.224][VERB] COMMANDCALL: _C.SafeAPI.Execute(["v1.sketch.create",[{"planeId":23108,"name":"F1331_makeBox_cad_primitives_py_8_profile","id":4}]])
[0m[0;32m[2026-09-16 13:49:34.227][VERB] RETURN: {"result":"$23114"}
[0m[0;32m[2026-09-16 13:49:34.227][VERB] COMMANDCALL: _C.SafeAPI.Execute(["v1.sketch.rectangle",[{"startPos":[49.2,5.3,0],"id":23114,"genFixation":0,"endPos":[53.7,24.3,0]}]])
[0m[0;32m[2026-09-16 13:49:34.234][VERB] RETURN: {"result":["$23120","$23124","$23130","$23136"]}
[0m[0;32m[2026-09-16 13:49:34.234][VERB] COMMANDCALL: _C.SafeAPI.Execute(["v1.sketch.getPoints",[{"id":23120}]])
[0m[0;32m[2026-09-16 13:49:34.234][VERB] RETURN: {"result":{"endId":"$23122","startId":"$23121"}}
[0m[0;32m[2026-09-16 13:49:34.235][VERB] COMMANDCALL: _C.SafeAPI.Execute(["v1.sketch.point",[{"pos":[-1000,-1000,0],"id":23114}]])
[0m[0;32m[2026-09-16 13:49:34.237][VERB] RETURN: {"result":"$23152"}
[0m[0;32m[2026-09-16 13:49:34.237][VERB] COMMANDCALL: _C.SafeAPI.Execute(["v1.sketch.constraint",[{"type":"FIXATION","id":23114,"geomIds":[23152]}]])
[0m[0;32m[2026-09-16 13:49:34.239][VERB] RETURN: {"result":"$23154"}
[0m[0;32m[2026-09-16 13:49:34.239][VERB] COMMANDCALL: _C.SafeAPI.Execute(["v1.sketch.dimension",[{"type":"HORIZONTAL_DISTANCE","value":"@expr.d1333_position_x","name":"position_x","id":23114,"geomIds":[23152,23121]}]])
[0m[0;32m[2026-09-16 13:49:34.245][VERB] RETURN: {"result":"$23158"}
[0m[0;32m[2026-09-16 13:49:34.246][VERB] COMMANDCALL: _C.SafeAPI.Execute(["v1.sketch.dimension",[{"type":"VERTICAL_DISTANCE","value":"@expr.d1334_position_y","name":"position_y","id":23114,"geomIds":[23152,23121]}]])
[0m[0;32m[2026-09-16 13:49:34.252][VERB] RETURN: {"result":"$23162"}
[0m[0;32m[2026-09-16 13:49:34.252][VERB] COMMANDCALL: _C.SafeAPI.Execute(["v1.sketch.dimension",[{"type":"OFFSET","value":"@expr.d1335_width","name":"width","id":23114,"geomIds":[23120]}]])
[0m[0;32m[2026-09-16 13:49:34.260][VERB] RETURN: {"result":"$23166"}
[0m[0;32m[2026-09-16 13:49:34.260][VERB] COMMANDCALL: _C.SafeAPI.Execute(["v1.sketch.dimension",[{"type":"OFFSET","value":"@expr.d1336_depth","name":"depth","id":23114,"geomIds":[23124]}]])
[0m[0;32m[2026-09-16 13:49:34.269][VERB] RETURN: {"result":"$23170"}
[0m[0;32m[2026-09-16 13:49:34.269][VERB] COMMANDCALL: _C.SafeAPI.Execute(["v1.part.extrusion",[{"references":[23120,23124,23130,23136],"name":"F1331_makeBox_cad_primitives_py_8","taperAngle":0,"limit2":"@expr.d1337_height","id":4}]])
[0m[0;32m[2026-09-16 13:49:34.278][VERB] RETURN: {"result":"$23174"}
[0m[0;32m[2026-09-16 13:49:34.278][VERB] COMMANDCALL: _C.SafeAPI.Execute(["v1.part.boolean",[{"type":"SUBTRACTION","tools":[23174],"target":23096,"name":"F25_cut_housing_py_417","id":4}]])
[0m[0;32m[2026-09-16 13:49:34.308][VERB] RETURN: {"result":"$23217"}
[0m[0;32m[2026-09-16 13:49:34.308][VERB] COMMANDCALL: _C.SafeAPI.Execute(["v1.part.workPlane",[{"type":"PLANE","references":[38],"name":"F1338_makeBox_cad_primitives_py_8_plane","offset":"@expr.d1339_plane_offset","id":4}]])
[0m[0;32m[2026-09-16 13:49:34.315][VERB] RETURN: {"result":"$23229"}
[0m[0;32m[2026-09-16 13:49:34.315][VERB] COMMANDCALL: _C.SafeAPI.Execute(["v1.sketch.create",[{"planeId":23229,"name":"F1338_makeBox_cad_primitives_py_8_profile","id":4}]])
[0m[0;32m[2026-09-16 13:49:34.318][VERB] RETURN: {"result":"$23235"}
[0m[0;32m[2026-09-16 13:49:34.318][VERB] COMMANDCALL: _C.SafeAPI.Execute(["v1.sketch.rectangle",[{"startPos":[3.3,25,0],"id":23235,"genFixation":0,"endPos":[24,32,0]}]])
[0m[0;32m[2026-09-16 13:49:34.325][VERB] RETURN: {"result":["$23241","$23245","$23251","$23257"]}
[0m[0;32m[2026-09-16 13:49:34.325][VERB] COMMANDCALL: _C.SafeAPI.Execute(["v1.sketch.getPoints",[{"id":23241}]])
[0m[0;32m[2026-09-16 13:49:34.325][VERB] RETURN: {"result":{"endId":"$23243","startId":"$23242"}}
[0m[0;32m[2026-09-16 13:49:34.325][VERB] COMMANDCALL: _C.SafeAPI.Execute(["v1.sketch.point",[{"pos":[-1000,-1000,0],"id":23235}]])
[0m[0;32m[2026-09-16 13:49:34.327][VERB] RETURN: {"result":"$23273"}
[0m[0;32m[2026-09-16 13:49:34.327][VERB] COMMANDCALL: _C.SafeAPI.Execute(["v1.sketch.constraint",[{"type":"FIXATION","id":23235,"geomIds":[23273]}]])
[0m[0;32m[2026-09-16 13:49:34.329][VERB] RETURN: {"result":"$23275"}
[0m[0;32m[2026-09-16 13:49:34.329][VERB] COMMANDCALL: _C.SafeAPI.Execute(["v1.sketch.dimension",[{"type":"HORIZONTAL_DISTANCE","value":"@expr.d1340_position_x","name":"position_x","id":23235,"geomIds":[23273,23242]}]])
[0m[0;32m[2026-09-16 13:49:34.335][VERB] RETURN: {"result":"$23279"}
[0m[0;32m[2026-09-16 13:49:34.335][VERB] COMMANDCALL: _C.SafeAPI.Execute(["v1.sketch.dimension",[{"type":"VERTICAL_DISTANCE","value":"@expr.d1341_position_y","name":"position_y","id":23235,"geomIds":[23273,23242]}]])
[0m[0;32m[2026-09-16 13:49:34.342][VERB] RETURN: {"result":"$23283"}
[0m[0;32m[2026-09-16 13:49:34.342][VERB] COMMANDCALL: _C.SafeAPI.Execute(["v1.sketch.dimension",[{"type":"OFFSET","value":"@expr.d1342_width","name":"width","id":23235,"geomIds":[23241]}]])
[0m[0;32m[2026-09-16 13:49:34.349][VERB] RETURN: {"result":"$23287"}
[0m[0;32m[2026-09-16 13:49:34.350][VERB] COMMANDCALL: _C.SafeAPI.Execute(["v1.sketch.dimension",[{"type":"OFFSET","value":"@expr.d1343_depth","name":"depth","id":23235,"geomIds":[23245]}]])
[0m[0;32m[2026-09-16 13:49:34.358][VERB] RETURN: {"result":"$23291"}
[0m[0;32m[2026-09-16 13:49:34.358][VERB] COMMANDCALL: _C.SafeAPI.Execute(["v1.part.extrusion",[{"references":[23241,23245,23251,23257],"name":"F1338_makeBox_cad_primitives_py_8","taperAngle":0,"limit2":"@expr.d1344_height","id":4}]])
[0m[0;32m[2026-09-16 13:49:34.367][VERB] RETURN: {"result":"$23295"}
[0m[0;32m[2026-09-16 13:49:34.368][VERB] COMMANDCALL: _C.SafeAPI.Execute(["v1.part.boolean",[{"type":"SUBTRACTION","tools":[23295],"target":23217,"name":"F24_cut_housing_py_417","id":4}]])
[0m[0;32m[2026-09-16 13:49:34.397][VERB] RETURN: {"result":"$23338"}
[0m[0;32m[2026-09-16 13:49:34.398][VERB] COMMANDCALL: _C.SafeAPI.Execute(["v1.part.workCSys",[{"name":"F1345_makeSphere_housing_py_78_datum","offset":[29,12,22],"id":4}]])
[0m[0;32m[2026-09-16 13:49:34.405][VERB] RETURN: {"result":"$23350"}
[0m[0;32m[2026-09-16 13:49:34.405][VERB] COMMANDCALL: _C.SafeAPI.Execute(["v1.part.sphere",[{"references":[23350],"name":"F1345_makeSphere_housing_py_78","radius":"@expr.d1346_radius","id":4}]])
[0m[0;32m[2026-09-16 13:49:34.415][VERB] RETURN: {"result":"$23358"}
[0m[0;32m[2026-09-16 13:49:34.415][VERB] COMMANDCALL: _C.SafeAPI.Execute(["v1.part.boolean",[{"type":"SUBTRACTION","tools":[23358],"target":23338,"name":"F23_cut_housing_py_417_tool_0","id":4}]])
[0m[0;32m[2026-09-16 13:49:34.437][VERB] RETURN: {"result":"$23373"}
[0m[0;32m[2026-09-16 13:49:34.437][VERB] COMMANDCALL: _C.SafeAPI.Execute(["v1.part.workCSys",[{"name":"F1347_makeSphere_housing_py_78_datum","offset":[33.5,12,22],"id":4}]])
[0m[0;32m[2026-09-16 13:49:34.444][VERB] RETURN: {"result":"$23385"}
[0m[0;32m[2026-09-16 13:49:34.444][VERB] COMMANDCALL: _C.SafeAPI.Execute(["v1.part.sphere",[{"references":[23385],"name":"F1347_makeSphere_housing_py_78","radius":"@expr.d1348_radius","id":4}]])
[0m[0;32m[2026-09-16 13:49:34.453][VERB] RETURN: {"result":"$23393"}
[0m[0;32m[2026-09-16 13:49:34.454][VERB] COMMANDCALL: _C.SafeAPI.Execute(["v1.part.boolean",[{"type":"SUBTRACTION","tools":[23393],"target":23373,"name":"F23_cut_housing_py_417_tool_1","id":4}]])
[0m[0;32m[2026-09-16 13:49:34.476][VERB] RETURN: {"result":"$23408"}
[0m[0;32m[2026-09-16 13:49:34.476][VERB] COMMANDCALL: _C.SafeAPI.Execute(["v1.part.workCSys",[{"name":"F1349_makeSphere_housing_py_78_datum","offset":[33.5,22,22],"id":4}]])
[0m[0;32m[2026-09-16 13:49:34.483][VERB] RETURN: {"result":"$23420"}
[0m[0;32m[2026-09-16 13:49:34.484][VERB] COMMANDCALL: _C.SafeAPI.Execute(["v1.part.sphere",[{"references":[23420],"name":"F1349_makeSphere_housing_py_78","radius":"@expr.d1350_radius","id":4}]])
[0m[0;32m[2026-09-16 13:49:34.498][VERB] RETURN: {"result":"$23428"}
[0m[0;32m[2026-09-16 13:49:34.498][VERB] COMMANDCALL: _C.SafeAPI.Execute(["v1.part.boolean",[{"type":"SUBTRACTION","tools":[23428],"target":23408,"name":"F23_cut_housing_py_417_tool_2","id":4}]])
[0m[0;32m[2026-09-16 13:49:34.523][VERB] RETURN: {"result":"$23443"}
[0m[0;32m[2026-09-16 13:49:34.523][VERB] COMMANDCALL: _C.SafeAPI.Execute(["v1.part.workCSys",[{"name":"F1351_makeSphere_housing_py_78_datum","offset":[50.8,22,22],"id":4}]])
[0m[0;32m[2026-09-16 13:49:34.530][VERB] RETURN: {"result":"$23455"}
[0m[0;32m[2026-09-16 13:49:34.530][VERB] COMMANDCALL: _C.SafeAPI.Execute(["v1.part.sphere",[{"references":[23455],"name":"F1351_makeSphere_housing_py_78","radius":"@expr.d1352_radius","id":4}]])
[0m[0;32m[2026-09-16 13:49:34.539][VERB] RETURN: {"result":"$23463"}
[0m[0;32m[2026-09-16 13:49:34.539][VERB] COMMANDCALL: _C.SafeAPI.Execute(["v1.part.boolean",[{"type":"SUBTRACTION","tools":[23463],"target":23443,"name":"F23_cut_housing_py_417_tool_3","id":4}]])
[0m[0;32m[2026-09-16 13:49:34.561][VERB] RETURN: {"result":"$23478"}
[0m[0;32m[2026-09-16 13:49:34.562][VERB] COMMANDCALL: _C.SafeAPI.Execute(["v1.part.workCSys",[{"name":"F1353_makeSphere_housing_py_78_datum","offset":[51,28,26],"id":4}]])
[0m[0;32m[2026-09-16 13:49:34.568][VERB] RETURN: {"result":"$23490"}
[0m[0;32m[2026-09-16 13:49:34.569][VERB] COMMANDCALL: _C.SafeAPI.Execute(["v1.part.sphere",[{"references":[23490],"name":"F1353_makeSphere_housing_py_78","radius":"@expr.d1354_radius","id":4}]])
[0m[0;32m[2026-09-16 13:49:34.577][VERB] RETURN: {"result":"$23498"}
[0m[0;32m[2026-09-16 13:49:34.578][VERB] COMMANDCALL: _C.SafeAPI.Execute(["v1.part.boolean",[{"type":"SUBTRACTION","tools":[23498],"target":23478,"name":"F23_cut_housing_py_417_tool_4","id":4}]])
[0m[0;32m[2026-09-16 13:49:34.599][VERB] RETURN: {"result":"$23513"}
[0m[0;32m[2026-09-16 13:49:34.600][VERB] COMMANDCALL: _C.SafeAPI.Execute(["v1.part.workPlane",[{"type":"PLANE","references":[46],"name":"F1355_makeCylinder_housing_py_81_plane","offset":"@expr.d1356_plane_offset","id":4}]])
[0m[0;32m[2026-09-16 13:49:34.607][VERB] RETURN: {"result":"$23525"}
[0m[0;32m[2026-09-16 13:49:34.607][VERB] COMMANDCALL: _C.SafeAPI.Execute(["v1.sketch.create",[{"planeId":23525,"name":"F1355_makeCylinder_housing_py_81_profile","id":4}]])
[0m[0;32m[2026-09-16 13:49:34.610][VERB] RETURN: {"result":"$23531"}
[0m[0;32m[2026-09-16 13:49:34.610][VERB] COMMANDCALL: _C.SafeAPI.Execute(["v1.sketch.circle",[{"radius":1,"id":23531,"genFixation":0,"centerPos":[22,-12,0]}]])
[0m[0;32m[2026-09-16 13:49:34.611][VERB] RETURN: {"result":"$23537"}
[0m[0;32m[2026-09-16 13:49:34.612][VERB] COMMANDCALL: _C.SafeAPI.Execute(["v1.sketch.getPoints",[{"id":23537}]])
[0m[0;32m[2026-09-16 13:49:34.612][VERB] RETURN: {"result":{"centerId":"$23538"}}
[0m[0;32m[2026-09-16 13:49:34.612][VERB] COMMANDCALL: _C.SafeAPI.Execute(["v1.sketch.point",[{"pos":[-1000,-1000,0],"id":23531}]])
[0m[0;32m[2026-09-16 13:49:34.613][VERB] RETURN: {"result":"$23540"}
[0m[0;32m[2026-09-16 13:49:34.613][VERB] COMMANDCALL: _C.SafeAPI.Execute(["v1.sketch.constraint",[{"type":"FIXATION","id":23531,"geomIds":[23540]}]])
[0m[0;32m[2026-09-16 13:49:34.614][VERB] RETURN: {"result":"$23542"}
[0m[0;32m[2026-09-16 13:49:34.614][VERB] COMMANDCALL: _C.SafeAPI.Execute(["v1.sketch.dimension",[{"type":"HORIZONTAL_DISTANCE","value":"@expr.d1357_position_x","name":"position_x","id":23531,"geomIds":[23540,23538]}]])
[0m[0;32m[2026-09-16 13:49:34.619][VERB] RETURN: {"result":"$23546"}
[0m[0;32m[2026-09-16 13:49:34.619][VERB] COMMANDCALL: _C.SafeAPI.Execute(["v1.sketch.dimension",[{"type":"VERTICAL_DISTANCE","value":"@expr.d1358_position_y","name":"position_y","id":23531,"geomIds":[23540,23538]}]])
[0m[0;32m[2026-09-16 13:49:34.625][VERB] RETURN: {"result":"$23550"}
[0m[0;32m[2026-09-16 13:49:34.625][VERB] COMMANDCALL: _C.SafeAPI.Execute(["v1.sketch.dimension",[{"type":"RADIUS","value":"@expr.d1359_radius","name":"radius","id":23531,"geomIds":[23537]}]])
[0m[0;32m[2026-09-16 13:49:34.630][VERB] RETURN: {"result":"$23554"}
[0m[0;32m[2026-09-16 13:49:34.631][VERB] COMMANDCALL: _C.SafeAPI.Execute(["v1.part.extrusion",[{"references":[23537],"name":"F1355_makeCylinder_housing_py_81","taperAngle":0,"limit2":"@expr.d1360_height","id":4}]])
[0m[0;32m[2026-09-16 13:49:34.642][VERB] RETURN: {"result":"$23558"}
[0m[0;32m[2026-09-16 13:49:34.642][VERB] COMMANDCALL: _C.SafeAPI.Execute(["v1.part.boolean",[{"type":"SUBTRACTION","tools":[23558],"target":23513,"name":"F23_cut_housing_py_417_tool_5","id":4}]])
[0m[0;32m[2026-09-16 13:49:34.668][VERB] RETURN: {"result":"$23580"}
[0m[0;32m[2026-09-16 13:49:34.669][VERB] COMMANDCALL: _C.SafeAPI.Execute(["v1.part.workPlane",[{"type":"PLANE","references":[42],"name":"F1361_makeCylinder_housing_py_81_plane","offset":"@expr.d1362_plane_offset","id":4}]])
[0m[0;32m[2026-09-16 13:49:34.676][VERB] RETURN: {"result":"$23592"}
[0m[0;32m[2026-09-16 13:49:34.677][VERB] COMMANDCALL: _C.SafeAPI.Execute(["v1.sketch.create",[{"planeId":23592,"name":"F1361_makeCylinder_housing_py_81_profile","id":4}]])
[0m[0;32m[2026-09-16 13:49:34.679][VERB] RETURN: {"result":"$23598"}
[0m[0;32m[2026-09-16 13:49:34.679][VERB] COMMANDCALL: _C.SafeAPI.Execute(["v1.sketch.circle",[{"radius":1,"id":23598,"genFixation":0,"centerPos":[33.5,-22,0]}]])
[0m[0;32m[2026-09-16 13:49:34.681][VERB] RETURN: {"result":"$23604"}
[0m[0;32m[2026-09-16 13:49:34.681][VERB] COMMANDCALL: _C.SafeAPI.Execute(["v1.sketch.getPoints",[{"id":23604}]])
[0m[0;32m[2026-09-16 13:49:34.681][VERB] RETURN: {"result":{"centerId":"$23605"}}
[0m[0;32m[2026-09-16 13:49:34.682][VERB] COMMANDCALL: _C.SafeAPI.Execute(["v1.sketch.point",[{"pos":[-1000,-1000,0],"id":23598}]])
[0m[0;32m[2026-09-16 13:49:34.683][VERB] RETURN: {"result":"$23607"}
[0m[0;32m[2026-09-16 13:49:34.683][VERB] COMMANDCALL: _C.SafeAPI.Execute(["v1.sketch.constraint",[{"type":"FIXATION","id":23598,"geomIds":[23607]}]])
[0m[0;32m[2026-09-16 13:49:34.684][VERB] RETURN: {"result":"$23609"}
[0m[0;32m[2026-09-16 13:49:34.684][VERB] COMMANDCALL: _C.SafeAPI.Execute(["v1.sketch.dimension",[{"type":"HORIZONTAL_DISTANCE","value":"@expr.d1363_position_x","name":"position_x","id":23598,"geomIds":[23607,23605]}]])
[0m[0;32m[2026-09-16 13:49:34.689][VERB] RETURN: {"result":"$23613"}
[0m[0;32m[2026-09-16 13:49:34.689][VERB] COMMANDCALL: _C.SafeAPI.Execute(["v1.sketch.dimension",[{"type":"VERTICAL_DISTANCE","value":"@expr.d1364_position_y","name":"position_y","id":23598,"geomIds":[23607,23605]}]])
[0m[0;32m[2026-09-16 13:49:34.694][VERB] RETURN: {"result":"$23617"}
[0m[0;32m[2026-09-16 13:49:34.695][VERB] COMMANDCALL: _C.SafeAPI.Execute(["v1.sketch.dimension",[{"type":"RADIUS","value":"@expr.d1365_radius","name":"radius","id":23598,"geomIds":[23604]}]])
[0m[0;32m[2026-09-16 13:49:34.700][VERB] RETURN: {"result":"$23621"}
[0m[0;32m[2026-09-16 13:49:34.700][VERB] COMMANDCALL: _C.SafeAPI.Execute(["v1.part.extrusion",[{"references":[23604],"name":"F1361_makeCylinder_housing_py_81","taperAngle":0,"limit2":"@expr.d1366_height","id":4}]])
[0m[0;32m[2026-09-16 13:49:34.710][VERB] RETURN: {"result":"$23625"}
[0m[0;32m[2026-09-16 13:49:34.710][VERB] COMMANDCALL: _C.SafeAPI.Execute(["v1.part.boolean",[{"type":"SUBTRACTION","tools":[23625],"target":23580,"name":"F23_cut_housing_py_417_tool_6","id":4}]])
[0m[0;32m[2026-09-16 13:49:34.735][VERB] RETURN: {"result":"$23647"}
[0m[0;32m[2026-09-16 13:49:34.736][VERB] COMMANDCALL: _C.SafeAPI.Execute(["v1.part.workPlane",[{"type":"PLANE","references":[46],"name":"F1367_makeCylinder_housing_py_81_plane","offset":"@expr.d1368_plane_offset","id":4}]])
[0m[0;32m[2026-09-16 13:49:34.743][VERB] RETURN: {"result":"$23659"}
[0m[0;32m[2026-09-16 13:49:34.744][VERB] COMMANDCALL: _C.SafeAPI.Execute(["v1.sketch.create",[{"planeId":23659,"name":"F1367_makeCylinder_housing_py_81_profile","id":4}]])
[0m[0;32m[2026-09-16 13:49:34.746][VERB] RETURN: {"result":"$23665"}
[0m[0;32m[2026-09-16 13:49:34.746][VERB] COMMANDCALL: _C.SafeAPI.Execute(["v1.sketch.circle",[{"radius":1,"id":23665,"genFixation":0,"centerPos":[22,-22,0]}]])
[0m[0;32m[2026-09-16 13:49:34.748][VERB] RETURN: {"result":"$23671"}
[0m[0;32m[2026-09-16 13:49:34.748][VERB] COMMANDCALL: _C.SafeAPI.Execute(["v1.sketch.getPoints",[{"id":23671}]])
[0m[0;32m[2026-09-16 13:49:34.748][VERB] RETURN: {"result":{"centerId":"$23672"}}
[0m[0;32m[2026-09-16 13:49:34.748][VERB] COMMANDCALL: _C.SafeAPI.Execute(["v1.sketch.point",[{"pos":[-1000,-1000,0],"id":23665}]])
[0m[0;32m[2026-09-16 13:49:34.749][VERB] RETURN: {"result":"$23674"}
[0m[0;32m[2026-09-16 13:49:34.749][VERB] COMMANDCALL: _C.SafeAPI.Execute(["v1.sketch.constraint",[{"type":"FIXATION","id":23665,"geomIds":[23674]}]])
[0m[0;32m[2026-09-16 13:49:34.750][VERB] RETURN: {"result":"$23676"}
[0m[0;32m[2026-09-16 13:49:34.751][VERB] COMMANDCALL: _C.SafeAPI.Execute(["v1.sketch.dimension",[{"type":"HORIZONTAL_DISTANCE","value":"@expr.d1369_position_x","name":"position_x","id":23665,"geomIds":[23674,23672]}]])
[0m[0;32m[2026-09-16 13:49:34.755][VERB] RETURN: {"result":"$23680"}
[0m[0;32m[2026-09-16 13:49:34.756][VERB] COMMANDCALL: _C.SafeAPI.Execute(["v1.sketch.dimension",[{"type":"VERTICAL_DISTANCE","value":"@expr.d1370_position_y","name":"position_y","id":23665,"geomIds":[23674,23672]}]])
[0m[0;32m[2026-09-16 13:49:34.761][VERB] RETURN: {"result":"$23684"}
[0m[0;32m[2026-09-16 13:49:34.762][VERB] COMMANDCALL: _C.SafeAPI.Execute(["v1.sketch.dimension",[{"type":"RADIUS","value":"@expr.d1371_radius","name":"radius","id":23665,"geomIds":[23671]}]])
[0m[0;32m[2026-09-16 13:49:34.767][VERB] RETURN: {"result":"$23688"}
[0m[0;32m[2026-09-16 13:49:34.768][VERB] COMMANDCALL: _C.SafeAPI.Execute(["v1.part.extrusion",[{"references":[23671],"name":"F1367_makeCylinder_housing_py_81","taperAngle":0,"limit2":"@expr.d1372_height","id":4}]])
[0m[0;32m[2026-09-16 13:49:34.778][VERB] RETURN: {"result":"$23692"}
[0m[0;32m[2026-09-16 13:49:34.778][VERB] COMMANDCALL: _C.SafeAPI.Execute(["v1.part.boolean",[{"type":"SUBTRACTION","tools":[23692],"target":23647,"name":"F23_cut_housing_py_417_tool_7","id":4}]])
[0m[0;32m[2026-09-16 13:49:34.805][VERB] RETURN: {"result":"$23714"}
[0m[0;32m[2026-09-16 13:49:34.805][VERB] COMMANDCALL: _C.SafeAPI.Execute(["v1.part.workPlane",[{"type":"PLANE","references":[38],"name":"F1373_makeCylinder_housing_py_81_local_plane","offset":"@expr.d1374_plane_offset","id":4}]])
[0m[0;32m[2026-09-16 13:49:34.812][VERB] RETURN: {"result":"$23726"}
[0m[0;32m[2026-09-16 13:49:34.812][VERB] COMMANDCALL: _C.SafeAPI.Execute(["v1.sketch.create",[{"planeId":23726,"name":"F1373_makeCylinder_housing_py_81_local_profile","id":4}]])
[0m[0;32m[2026-09-16 13:49:34.815][VERB] RETURN: {"result":"$23732"}
[0m[0;32m[2026-09-16 13:49:34.815][VERB] COMMANDCALL: _C.SafeAPI.Execute(["v1.sketch.circle",[{"radius":1,"id":23732,"genFixation":0,"centerPos":[0,0,0]}]])
[0m[0;32m[2026-09-16 13:49:34.816][VERB] RETURN: {"result":"$23738"}
[0m[0;32m[2026-09-16 13:49:34.816][VERB] COMMANDCALL: _C.SafeAPI.Execute(["v1.sketch.getPoints",[{"id":23738}]])
[0m[0;32m[2026-09-16 13:49:34.817][VERB] RETURN: {"result":{"centerId":"$23739"}}
[0m[0;32m[2026-09-16 13:49:34.817][VERB] COMMANDCALL: _C.SafeAPI.Execute(["v1.sketch.point",[{"pos":[-1000,-1000,0],"id":23732}]])
[0m[0;32m[2026-09-16 13:49:34.818][VERB] RETURN: {"result":"$23741"}
[0m[0;32m[2026-09-16 13:49:34.818][VERB] COMMANDCALL: _C.SafeAPI.Execute(["v1.sketch.constraint",[{"type":"FIXATION","id":23732,"geomIds":[23741]}]])
[0m[0;32m[2026-09-16 13:49:34.819][VERB] RETURN: {"result":"$23743"}
[0m[0;32m[2026-09-16 13:49:34.819][VERB] COMMANDCALL: _C.SafeAPI.Execute(["v1.sketch.dimension",[{"type":"HORIZONTAL_DISTANCE","value":"@expr.d1375_position_x","name":"position_x","id":23732,"geomIds":[23741,23739]}]])
[0m[0;32m[2026-09-16 13:49:34.824][VERB] RETURN: {"result":"$23747"}
[0m[0;32m[2026-09-16 13:49:34.825][VERB] COMMANDCALL: _C.SafeAPI.Execute(["v1.sketch.dimension",[{"type":"VERTICAL_DISTANCE","value":"@expr.d1376_position_y","name":"position_y","id":23732,"geomIds":[23741,23739]}]])
[0m[0;32m[2026-09-16 13:49:34.831][VERB] RETURN: {"result":"$23751"}
[0m[0;32m[2026-09-16 13:49:34.831][VERB] COMMANDCALL: _C.SafeAPI.Execute(["v1.sketch.dimension",[{"type":"RADIUS","value":"@expr.d1377_radius","name":"radius","id":23732,"geomIds":[23738]}]])
[0m[0;32m[2026-09-16 13:49:34.837][VERB] RETURN: {"result":"$23755"}
[0m[0;32m[2026-09-16 13:49:34.837][VERB] COMMANDCALL: _C.SafeAPI.Execute(["v1.part.extrusion",[{"references":[23738],"name":"F1373_makeCylinder_housing_py_81_local","taperAngle":0,"limit2":"@expr.d1378_height","id":4}]])
[0m[0;32m[2026-09-16 13:49:34.847][VERB] RETURN: {"result":"$23759"}
[0m[0;32m[2026-09-16 13:49:34.847][VERB] COMMANDCALL: _C.SafeAPI.Execute(["v1.part.workAxis",[{"name":"F1373_makeCylinder_housing_py_81_axis","id":4,"position":[0,0,0],"direction":[-6,0.2,0]}]])
[0m[0;32m[2026-09-16 13:49:34.854][VERB] RETURN: {"result":"$23781"}
[0m[0;32m[2026-09-16 13:49:34.854][VERB] COMMANDCALL: _C.SafeAPI.Execute(["v1.part.rotation",[{"targets":[23759],"name":"F1373_makeCylinder_housing_py_81_orientation","id":4,"references":[23781],"angle":0.98304996378591}]])
[0m[0;32m[2026-09-16 13:49:34.862][VERB] RETURN: {"result":"$23789"}
[0m[0;32m[2026-09-16 13:49:34.863][VERB] COMMANDCALL: _C.SafeAPI.Execute(["v1.part.translation",[{"references":[26],"name":"F1373_makeCylinder_housing_py_81_0","id":4,"targets":[23789],"distance":"@expr.d1379_position"}]])
[0m[0;32m[2026-09-16 13:49:34.871][VERB] RETURN: {"result":"$23800"}
[0m[0;32m[2026-09-16 13:49:34.871][VERB] COMMANDCALL: _C.SafeAPI.Execute(["v1.part.translation",[{"references":[30],"name":"F1373_makeCylinder_housing_py_81_1","id":4,"targets":[23800],"distance":"@expr.d1380_position"}]])
[0m[0;32m[2026-09-16 13:49:34.880][VERB] RETURN: {"result":"$23811"}
[0m[0;32m[2026-09-16 13:49:34.881][VERB] COMMANDCALL: _C.SafeAPI.Execute(["v1.part.translation",[{"references":[34],"name":"F1373_makeCylinder_housing_py_81_2","id":4,"targets":[23811],"distance":"@expr.d1381_position"}]])
[0m[0;32m[2026-09-16 13:49:34.889][VERB] RETURN: {"result":"$23822"}
[0m[0;32m[2026-09-16 13:49:34.889][VERB] COMMANDCALL: _C.SafeAPI.Execute(["v1.part.boolean",[{"type":"SUBTRACTION","tools":[23822],"target":23714,"name":"F23_cut_housing_py_417_tool_8","id":4}]])
[0m[0;32m[2026-09-16 13:49:34.916][VERB] RETURN: {"result":"$23833"}
[0m[0;32m[2026-09-16 13:49:34.917][VERB] COMMANDCALL: _C.SafeAPI.Execute(["v1.part.workCSys",[{"name":"F1382_makeSphere_housing_py_78_datum","offset":[42,23,13.3],"id":4}]])
[0m[0;32m[2026-09-16 13:49:34.923][VERB] RETURN: {"result":"$23845"}
[0m[0;32m[2026-09-16 13:49:34.923][VERB] COMMANDCALL: _C.SafeAPI.Execute(["v1.part.sphere",[{"references":[23845],"name":"F1382_makeSphere_housing_py_78","radius":"@expr.d1383_radius","id":4}]])
[0m[0;32m[2026-09-16 13:49:34.932][VERB] RETURN: {"result":"$23853"}
[0m[0;32m[2026-09-16 13:49:34.932][VERB] COMMANDCALL: _C.SafeAPI.Execute(["v1.part.boolean",[{"type":"SUBTRACTION","tools":[23853],"target":23833,"name":"F22_cut_housing_py_417_tool_0","id":4}]])
[0m[0;32m[2026-09-16 13:49:34.954][VERB] RETURN: {"result":"$23868"}
[0m[0;32m[2026-09-16 13:49:34.954][VERB] COMMANDCALL: _C.SafeAPI.Execute(["v1.part.workCSys",[{"name":"F1384_makeSphere_housing_py_78_datum","offset":[46,23,13.3],"id":4}]])
[0m[0;32m[2026-09-16 13:49:34.960][VERB] RETURN: {"result":"$23880"}
[0m[0;32m[2026-09-16 13:49:34.961][VERB] COMMANDCALL: _C.SafeAPI.Execute(["v1.part.sphere",[{"references":[23880],"name":"F1384_makeSphere_housing_py_78","radius":"@expr.d1385_radius","id":4}]])
[0m[0;32m[2026-09-16 13:49:34.970][VERB] RETURN: {"result":"$23888"}
[0m[0;32m[2026-09-16 13:49:34.970][VERB] COMMANDCALL: _C.SafeAPI.Execute(["v1.part.boolean",[{"type":"SUBTRACTION","tools":[23888],"target":23868,"name":"F22_cut_housing_py_417_tool_1","id":4}]])
[0m[0;32m[2026-09-16 13:49:34.993][VERB] RETURN: {"result":"$23903"}
[0m[0;32m[2026-09-16 13:49:34.993][VERB] COMMANDCALL: _C.SafeAPI.Execute(["v1.part.workCSys",[{"name":"F1386_makeSphere_housing_py_78_datum","offset":[46,21.8,13.3],"id":4}]])
[0m[0;32m[2026-09-16 13:49:35.000][VERB] RETURN: {"result":"$23936"}
[0m[0;32m[2026-09-16 13:49:35.000][VERB] COMMANDCALL: _C.SafeAPI.Execute(["v1.part.sphere",[{"references":[23936],"name":"F1386_makeSphere_housing_py_78","radius":"@expr.d1387_radius","id":4}]])
[0m[0;32m[2026-09-16 13:49:35.008][VERB] RETURN: {"result":"$23944"}
[0m[0;32m[2026-09-16 13:49:35.009][VERB] COMMANDCALL: _C.SafeAPI.Execute(["v1.part.boolean",[{"type":"SUBTRACTION","tools":[23944],"target":23903,"name":"F22_cut_housing_py_417_tool_2","id":4}]])
[0m[0;32m[2026-09-16 13:49:35.031][VERB] RETURN: {"result":"$23959"}
[0m[0;32m[2026-09-16 13:49:35.031][VERB] COMMANDCALL: _C.SafeAPI.Execute(["v1.part.workCSys",[{"name":"F1388_makeSphere_housing_py_78_datum","offset":[49.8,21.8,18],"id":4}]])
[0m[0;32m[2026-09-16 13:49:35.037][VERB] RETURN: {"result":"$23971"}
[0m[0;32m[2026-09-16 13:49:35.038][VERB] COMMANDCALL: _C.SafeAPI.Execute(["v1.part.sphere",[{"references":[23971],"name":"F1388_makeSphere_housing_py_78","radius":"@expr.d1389_radius","id":4}]])
[0m[0;32m[2026-09-16 13:49:35.047][VERB] RETURN: {"result":"$23979"}
[0m[0;32m[2026-09-16 13:49:35.047][VERB] COMMANDCALL: _C.SafeAPI.Execute(["v1.part.boolean",[{"type":"SUBTRACTION","tools":[23979],"target":23959,"name":"F22_cut_housing_py_417_tool_3","id":4}]])
[0m[0;32m[2026-09-16 13:49:35.070][VERB] RETURN: {"result":"$23994"}
[0m[0;32m[2026-09-16 13:49:35.071][VERB] COMMANDCALL: _C.SafeAPI.Execute(["v1.part.workCSys",[{"name":"F1390_makeSphere_housing_py_78_datum","offset":[49.8,26.2,20.4],"id":4}]])
[0m[0;32m[2026-09-16 13:49:35.076][VERB] RETURN: {"result":"$24006"}
[0m[0;32m[2026-09-16 13:49:35.077][VERB] COMMANDCALL: _C.SafeAPI.Execute(["v1.part.sphere",[{"references":[24006],"name":"F1390_makeSphere_housing_py_78","radius":"@expr.d1391_radius","id":4}]])
[0m[0;32m[2026-09-16 13:49:35.086][VERB] RETURN: {"result":"$24014"}
[0m[0;32m[2026-09-16 13:49:35.086][VERB] COMMANDCALL: _C.SafeAPI.Execute(["v1.part.boolean",[{"type":"SUBTRACTION","tools":[24014],"target":23994,"name":"F22_cut_housing_py_417_tool_4","id":4}]])
[0m[0;32m[2026-09-16 13:49:35.108][VERB] RETURN: {"result":"$24029"}
[0m[0;32m[2026-09-16 13:49:35.108][VERB] COMMANDCALL: _C.SafeAPI.Execute(["v1.part.workCSys",[{"name":"F1392_makeSphere_housing_py_78_datum","offset":[25.4,26.2,20.4],"id":4}]])
[0m[0;32m[2026-09-16 13:49:35.114][VERB] RETURN: {"result":"$24041"}
[0m[0;32m[2026-09-16 13:49:35.114][VERB] COMMANDCALL: _C.SafeAPI.Execute(["v1.part.sphere",[{"references":[24041],"name":"F1392_makeSphere_housing_py_78","radius":"@expr.d1393_radius","id":4}]])
[0m[0;32m[2026-09-16 13:49:35.123][VERB] RETURN: {"result":"$24049"}
[0m[0;32m[2026-09-16 13:49:35.123][VERB] COMMANDCALL: _C.SafeAPI.Execute(["v1.part.boolean",[{"type":"SUBTRACTION","tools":[24049],"target":24029,"name":"F22_cut_housing_py_417_tool_5","id":4}]])
[0m[0;32m[2026-09-16 13:49:35.146][VERB] RETURN: {"result":"$24064"}
[0m[0;32m[2026-09-16 13:49:35.146][VERB] COMMANDCALL: _C.SafeAPI.Execute(["v1.part.workCSys",[{"name":"F1394_makeSphere_housing_py_78_datum","offset":[25.4,26.2,24.5],"id":4}]])
[0m[0;32m[2026-09-16 13:49:35.153][VERB] RETURN: {"result":"$24076"}
[0m[0;32m[2026-09-16 13:49:35.153][VERB] COMMANDCALL: _C.SafeAPI.Execute(["v1.part.sphere",[{"references":[24076],"name":"F1394_makeSphere_housing_py_78","radius":"@expr.d1395_radius","id":4}]])
[0m[0;32m[2026-09-16 13:49:35.161][VERB] RETURN: {"result":"$24084"}
[0m[0;32m[2026-09-16 13:49:35.162][VERB] COMMANDCALL: _C.SafeAPI.Execute(["v1.part.boolean",[{"type":"SUBTRACTION","tools":[24084],"target":24064,"name":"F22_cut_housing_py_417_tool_6","id":4}]])
[0m[0;32m[2026-09-16 13:49:35.184][VERB] RETURN: {"result":"$24099"}
[0m[0;32m[2026-09-16 13:49:35.184][VERB] COMMANDCALL: _C.SafeAPI.Execute(["v1.part.workPlane",[{"type":"PLANE","references":[46],"name":"F1396_makeCylinder_housing_py_81_plane","offset":"@expr.d1397_plane_offset","id":4}]])
[0m[0;32m[2026-09-16 13:49:35.191][VERB] RETURN: {"result":"$24111"}
[0m[0;32m[2026-09-16 13:49:35.192][VERB] COMMANDCALL: _C.SafeAPI.Execute(["v1.sketch.create",[{"planeId":24111,"name":"F1396_makeCylinder_housing_py_81_profile","id":4}]])
[0m[0;32m[2026-09-16 13:49:35.194][VERB] RETURN: {"result":"$24117"}
[0m[0;32m[2026-09-16 13:49:35.194][VERB] COMMANDCALL: _C.SafeAPI.Execute(["v1.sketch.circle",[{"radius":0.65,"id":24117,"genFixation":0,"centerPos":[13.3,-23,0]}]])
[0m[0;32m[2026-09-16 13:49:35.196][VERB] RETURN: {"result":"$24123"}
[0m[0;32m[2026-09-16 13:49:35.196][VERB] COMMANDCALL: _C.SafeAPI.Execute(["v1.sketch.getPoints",[{"id":24123}]])
[0m[0;32m[2026-09-16 13:49:35.196][VERB] RETURN: {"result":{"centerId":"$24124"}}
[0m[0;32m[2026-09-16 13:49:35.196][VERB] COMMANDCALL: _C.SafeAPI.Execute(["v1.sketch.point",[{"pos":[-1000,-1000,0],"id":24117}]])
[0m[0;32m[2026-09-16 13:49:35.197][VERB] RETURN: {"result":"$24126"}
[0m[0;32m[2026-09-16 13:49:35.197][VERB] COMMANDCALL: _C.SafeAPI.Execute(["v1.sketch.constraint",[{"type":"FIXATION","id":24117,"geomIds":[24126]}]])
[0m[0;32m[2026-09-16 13:49:35.198][VERB] RETURN: {"result":"$24128"}
[0m[0;32m[2026-09-16 13:49:35.198][VERB] COMMANDCALL: _C.SafeAPI.Execute(["v1.sketch.dimension",[{"type":"HORIZONTAL_DISTANCE","value":"@expr.d1398_position_x","name":"position_x","id":24117,"geomIds":[24126,24124]}]])
[0m[0;32m[2026-09-16 13:49:35.203][VERB] RETURN: {"result":"$24132"}
[0m[0;32m[2026-09-16 13:49:35.203][VERB] COMMANDCALL: _C.SafeAPI.Execute(["v1.sketch.dimension",[{"type":"VERTICAL_DISTANCE","value":"@expr.d1399_position_y","name":"position_y","id":24117,"geomIds":[24126,24124]}]])
[0m[0;32m[2026-09-16 13:49:35.209][VERB] RETURN: {"result":"$24136"}
[0m[0;32m[2026-09-16 13:49:35.209][VERB] COMMANDCALL: _C.SafeAPI.Execute(["v1.sketch.dimension",[{"type":"RADIUS","value":"@expr.d1400_radius","name":"radius","id":24117,"geomIds":[24123]}]])
[0m[0;32m[2026-09-16 13:49:35.214][VERB] RETURN: {"result":"$24140"}
[0m[0;32m[2026-09-16 13:49:35.214][VERB] COMMANDCALL: _C.SafeAPI.Execute(["v1.part.extrusion",[{"references":[24123],"name":"F1396_makeCylinder_housing_py_81","taperAngle":0,"limit2":"@expr.d1401_height","id":4}]])
[0m[0;32m[2026-09-16 13:49:35.225][VERB] RETURN: {"result":"$24144"}
[0m[0;32m[2026-09-16 13:49:35.225][VERB] COMMANDCALL: _C.SafeAPI.Execute(["v1.part.boolean",[{"type":"SUBTRACTION","tools":[24144],"target":24099,"name":"F22_cut_housing_py_417_tool_7","id":4}]])
[0m[0;32m[2026-09-16 13:49:35.260][VERB] RETURN: {"result":"$24166"}
[0m[0;32m[2026-09-16 13:49:35.260][VERB] COMMANDCALL: _C.SafeAPI.Execute(["v1.part.workPlane",[{"type":"PLANE","references":[42],"name":"F1402_makeCylinder_housing_py_81_plane","offset":"@expr.d1403_plane_offset","id":4}]])
[0m[0;32m[2026-09-16 13:49:35.268][VERB] RETURN: {"result":"$24178"}
[0m[0;32m[2026-09-16 13:49:35.268][VERB] COMMANDCALL: _C.SafeAPI.Execute(["v1.sketch.create",[{"planeId":24178,"name":"F1402_makeCylinder_housing_py_81_profile","id":4}]])
[0m[0;32m[2026-09-16 13:49:35.270][VERB] RETURN: {"result":"$24184"}
[0m[0;32m[2026-09-16 13:49:35.271][VERB] COMMANDCALL: _C.SafeAPI.Execute(["v1.sketch.circle",[{"radius":0.65,"id":24184,"genFixation":0,"centerPos":[46,-13.3,0]}]])
[0m[0;32m[2026-09-16 13:49:35.272][VERB] RETURN: {"result":"$24190"}
[0m[0;32m[2026-09-16 13:49:35.272][VERB] COMMANDCALL: _C.SafeAPI.Execute(["v1.sketch.getPoints",[{"id":24190}]])
[0m[0;32m[2026-09-16 13:49:35.272][VERB] RETURN: {"result":{"centerId":"$24191"}}
[0m[0;32m[2026-09-16 13:49:35.272][VERB] COMMANDCALL: _C.SafeAPI.Execute(["v1.sketch.point",[{"pos":[-1000,-1000,0],"id":24184}]])
[0m[0;32m[2026-09-16 13:49:35.273][VERB] RETURN: {"result":"$24193"}
[0m[0;32m[2026-09-16 13:49:35.274][VERB] COMMANDCALL: _C.SafeAPI.Execute(["v1.sketch.constraint",[{"type":"FIXATION","id":24184,"geomIds":[24193]}]])
[0m[0;32m[2026-09-16 13:49:35.275][VERB] RETURN: {"result":"$24195"}
[0m[0;32m[2026-09-16 13:49:35.275][VERB] COMMANDCALL: _C.SafeAPI.Execute(["v1.sketch.dimension",[{"type":"HORIZONTAL_DISTANCE","value":"@expr.d1404_position_x","name":"position_x","id":24184,"geomIds":[24193,24191]}]])
[0m[0;32m[2026-09-16 13:49:35.280][VERB] RETURN: {"result":"$24199"}
[0m[0;32m[2026-09-16 13:49:35.280][VERB] COMMANDCALL: _C.SafeAPI.Execute(["v1.sketch.dimension",[{"type":"VERTICAL_DISTANCE","value":"@expr.d1405_position_y","name":"position_y","id":24184,"geomIds":[24193,24191]}]])
[0m[0;32m[2026-09-16 13:49:35.285][VERB] RETURN: {"result":"$24203"}
[0m[0;32m[2026-09-16 13:49:35.285][VERB] COMMANDCALL: _C.SafeAPI.Execute(["v1.sketch.dimension",[{"type":"RADIUS","value":"@expr.d1406_radius","name":"radius","id":24184,"geomIds":[24190]}]])
[0m[0;32m[2026-09-16 13:49:35.291][VERB] RETURN: {"result":"$24207"}
[0m[0;32m[2026-09-16 13:49:35.291][VERB] COMMANDCALL: _C.SafeAPI.Execute(["v1.part.extrusion",[{"references":[24190],"name":"F1402_makeCylinder_housing_py_81","taperAngle":0,"limit2":"@expr.d1407_height","id":4}]])
[0m[0;32m[2026-09-16 13:49:35.301][VERB] RETURN: {"result":"$24211"}
[0m[0;32m[2026-09-16 13:49:35.301][VERB] COMMANDCALL: _C.SafeAPI.Execute(["v1.part.boolean",[{"type":"SUBTRACTION","tools":[24211],"target":24166,"name":"F22_cut_housing_py_417_tool_8","id":4}]])
[0m[0;32m[2026-09-16 13:49:35.336][VERB] RETURN: {"result":"$24233"}
[0m[0;32m[2026-09-16 13:49:35.337][VERB] COMMANDCALL: _C.SafeAPI.Execute(["v1.part.workPlane",[{"type":"PLANE","references":[38],"name":"F1408_makeCylinder_housing_py_81_local_plane","offset":"@expr.d1409_plane_offset","id":4}]])
[0m[0;32m[2026-09-16 13:49:35.344][VERB] RETURN: {"result":"$24265"}
[0m[0;32m[2026-09-16 13:49:35.344][VERB] COMMANDCALL: _C.SafeAPI.Execute(["v1.sketch.create",[{"planeId":24265,"name":"F1408_makeCylinder_housing_py_81_local_profile","id":4}]])
[0m[0;32m[2026-09-16 13:49:35.346][VERB] RETURN: {"result":"$24271"}
[0m[0;32m[2026-09-16 13:49:35.346][VERB] COMMANDCALL: _C.SafeAPI.Execute(["v1.sketch.circle",[{"radius":0.65,"id":24271,"genFixation":0,"centerPos":[0,0,0]}]])
[0m[0;32m[2026-09-16 13:49:35.348][VERB] RETURN: {"result":"$24277"}
[0m[0;32m[2026-09-16 13:49:35.348][VERB] COMMANDCALL: _C.SafeAPI.Execute(["v1.sketch.getPoints",[{"id":24277}]])
[0m[0;32m[2026-09-16 13:49:35.348][VERB] RETURN: {"result":{"centerId":"$24278"}}
[0m[0;32m[2026-09-16 13:49:35.348][VERB] COMMANDCALL: _C.SafeAPI.Execute(["v1.sketch.point",[{"pos":[-1000,-1000,0],"id":24271}]])
[0m[0;32m[2026-09-16 13:49:35.349][VERB] RETURN: {"result":"$24280"}
[0m[0;32m[2026-09-16 13:49:35.349][VERB] COMMANDCALL: _C.SafeAPI.Execute(["v1.sketch.constraint",[{"type":"FIXATION","id":24271,"geomIds":[24280]}]])
[0m[0;32m[2026-09-16 13:49:35.350][VERB] RETURN: {"result":"$24282"}
[0m[0;32m[2026-09-16 13:49:35.350][VERB] COMMANDCALL: _C.SafeAPI.Execute(["v1.sketch.dimension",[{"type":"HORIZONTAL_DISTANCE","value":"@expr.d1410_position_x","name":"position_x","id":24271,"geomIds":[24280,24278]}]])
[0m[0;32m[2026-09-16 13:49:35.355][VERB] RETURN: {"result":"$24286"}
[0m[0;32m[2026-09-16 13:49:35.356][VERB] COMMANDCALL: _C.SafeAPI.Execute(["v1.sketch.dimension",[{"type":"VERTICAL_DISTANCE","value":"@expr.d1411_position_y","name":"position_y","id":24271,"geomIds":[24280,24278]}]])
[0m[0;32m[2026-09-16 13:49:35.361][VERB] RETURN: {"result":"$24290"}
[0m[0;32m[2026-09-16 13:49:35.362][VERB] COMMANDCALL: _C.SafeAPI.Execute(["v1.sketch.dimension",[{"type":"RADIUS","value":"@expr.d1412_radius","name":"radius","id":24271,"geomIds":[24277]}]])
[0m[0;32m[2026-09-16 13:49:35.367][VERB] RETURN: {"result":"$24294"}
[0m[0;32m[2026-09-16 13:49:35.367][VERB] COMMANDCALL: _C.SafeAPI.Execute(["v1.part.extrusion",[{"references":[24277],"name":"F1408_makeCylinder_housing_py_81_local","taperAngle":0,"limit2":"@expr.d1413_height","id":4}]])
[0m[0;32m[2026-09-16 13:49:35.378][VERB] RETURN: {"result":"$24298"}
[0m[0;32m[2026-09-16 13:49:35.378][VERB] COMMANDCALL: _C.SafeAPI.Execute(["v1.part.workAxis",[{"name":"F1408_makeCylinder_housing_py_81_axis","id":4,"position":[0,0,0],"direction":[0,3.8,0]}]])
[0m[0;32m[2026-09-16 13:49:35.384][VERB] RETURN: {"result":"$24320"}
[0m[0;32m[2026-09-16 13:49:35.384][VERB] COMMANDCALL: _C.SafeAPI.Execute(["v1.part.rotation",[{"targets":[24298],"name":"F1408_makeCylinder_housing_py_81_orientation","id":4,"references":[24320],"angle":0.67990885487236}]])
[0m[0;32m[2026-09-16 13:49:35.392][VERB] RETURN: {"result":"$24328"}
[0m[0;32m[2026-09-16 13:49:35.392][VERB] COMMANDCALL: _C.SafeAPI.Execute(["v1.part.translation",[{"references":[26],"name":"F1408_makeCylinder_housing_py_81_0","id":4,"targets":[24328],"distance":"@expr.d1414_position"}]])
[0m[0;32m[2026-09-16 13:49:35.401][VERB] RETURN: {"result":"$24339"}
[0m[0;32m[2026-09-16 13:49:35.402][VERB] COMMANDCALL: _C.SafeAPI.Execute(["v1.part.translation",[{"references":[30],"name":"F1408_makeCylinder_housing_py_81_1","id":4,"targets":[24339],"distance":"@expr.d1415_position"}]])
[0m[0;32m[2026-09-16 13:49:35.410][VERB] RETURN: {"result":"$24350"}
[0m[0;32m[2026-09-16 13:49:35.410][VERB] COMMANDCALL: _C.SafeAPI.Execute(["v1.part.translation",[{"references":[34],"name":"F1408_makeCylinder_housing_py_81_2","id":4,"targets":[24350],"distance":"@expr.d1416_position"}]])
[0m[0;32m[2026-09-16 13:49:35.419][VERB] RETURN: {"result":"$24361"}
[0m[0;32m[2026-09-16 13:49:35.419][VERB] COMMANDCALL: _C.SafeAPI.Execute(["v1.part.boolean",[{"type":"SUBTRACTION","tools":[24361],"target":24233,"name":"F22_cut_housing_py_417_tool_9","id":4}]])
[0m[0;32m[2026-09-16 13:49:35.448][VERB] RETURN: {"result":"$24372"}
[0m[0;32m[2026-09-16 13:49:35.448][VERB] COMMANDCALL: _C.SafeAPI.Execute(["v1.part.workPlane",[{"type":"PLANE","references":[38],"name":"F1417_makeCylinder_housing_py_81_local_plane","offset":"@expr.d1418_plane_offset","id":4}]])
[0m[0;32m[2026-09-16 13:49:35.456][VERB] RETURN: {"result":"$24384"}
[0m[0;32m[2026-09-16 13:49:35.456][VERB] COMMANDCALL: _C.SafeAPI.Execute(["v1.sketch.create",[{"planeId":24384,"name":"F1417_makeCylinder_housing_py_81_local_profile","id":4}]])
[0m[0;32m[2026-09-16 13:49:35.459][VERB] RETURN: {"result":"$24390"}
[0m[0;32m[2026-09-16 13:49:35.459][VERB] COMMANDCALL: _C.SafeAPI.Execute(["v1.sketch.circle",[{"radius":0.65,"id":24390,"genFixation":0,"centerPos":[0,0,0]}]])
[0m[0;32m[2026-09-16 13:49:35.461][VERB] RETURN: {"result":"$24396"}
[0m[0;32m[2026-09-16 13:49:35.461][VERB] COMMANDCALL: _C.SafeAPI.Execute(["v1.sketch.getPoints",[{"id":24396}]])
[0m[0;32m[2026-09-16 13:49:35.461][VERB] RETURN: {"result":{"centerId":"$24397"}}
[0m[0;32m[2026-09-16 13:49:35.461][VERB] COMMANDCALL: _C.SafeAPI.Execute(["v1.sketch.point",[{"pos":[-1000,-1000,0],"id":24390}]])
[0m[0;32m[2026-09-16 13:49:35.462][VERB] RETURN: {"result":"$24399"}
[0m[0;32m[2026-09-16 13:49:35.462][VERB] COMMANDCALL: _C.SafeAPI.Execute(["v1.sketch.constraint",[{"type":"FIXATION","id":24390,"geomIds":[24399]}]])
[0m[0;32m[2026-09-16 13:49:35.463][VERB] RETURN: {"result":"$24401"}
[0m[0;32m[2026-09-16 13:49:35.464][VERB] COMMANDCALL: _C.SafeAPI.Execute(["v1.sketch.dimension",[{"type":"HORIZONTAL_DISTANCE","value":"@expr.d1419_position_x","name":"position_x","id":24390,"geomIds":[24399,24397]}]])
[0m[0;32m[2026-09-16 13:49:35.469][VERB] RETURN: {"result":"$24405"}
[0m[0;32m[2026-09-16 13:49:35.469][VERB] COMMANDCALL: _C.SafeAPI.Execute(["v1.sketch.dimension",[{"type":"VERTICAL_DISTANCE","value":"@expr.d1420_position_y","name":"position_y","id":24390,"geomIds":[24399,24397]}]])
[0m[0;32m[2026-09-16 13:49:35.474][VERB] RETURN: {"result":"$24409"}
[0m[0;32m[2026-09-16 13:49:35.474][VERB] COMMANDCALL: _C.SafeAPI.Execute(["v1.sketch.dimension",[{"type":"RADIUS","value":"@expr.d1421_radius","name":"radius","id":24390,"geomIds":[24396]}]])
[0m[0;32m[2026-09-16 13:49:35.480][VERB] RETURN: {"result":"$24413"}
[0m[0;32m[2026-09-16 13:49:35.480][VERB] COMMANDCALL: _C.SafeAPI.Execute(["v1.part.extrusion",[{"references":[24396],"name":"F1417_makeCylinder_housing_py_81_local","taperAngle":0,"limit2":"@expr.d1422_height","id":4}]])
[0m[0;32m[2026-09-16 13:49:35.490][VERB] RETURN: {"result":"$24417"}
[0m[0;32m[2026-09-16 13:49:35.490][VERB] COMMANDCALL: _C.SafeAPI.Execute(["v1.part.workAxis",[{"name":"F1417_makeCylinder_housing_py_81_axis","id":4,"position":[0,0,0],"direction":[-4.4,0,0]}]])
[0m[0;32m[2026-09-16 13:49:35.496][VERB] RETURN: {"result":"$24439"}
[0m[0;32m[2026-09-16 13:49:35.497][VERB] COMMANDCALL: _C.SafeAPI.Execute(["v1.part.rotation",[{"targets":[24417],"name":"F1417_makeCylinder_housing_py_81_orientation","id":4,"references":[24439],"angle":1.0714496051148}]])
[0m[0;32m[2026-09-16 13:49:35.505][VERB] RETURN: {"result":"$24447"}
[0m[0;32m[2026-09-16 13:49:35.505][VERB] COMMANDCALL: _C.SafeAPI.Execute(["v1.part.translation",[{"references":[26],"name":"F1417_makeCylinder_housing_py_81_0","id":4,"targets":[24447],"distance":"@expr.d1423_position"}]])
[0m[0;32m[2026-09-16 13:49:35.513][VERB] RETURN: {"result":"$24458"}
[0m[0;32m[2026-09-16 13:49:35.514][VERB] COMMANDCALL: _C.SafeAPI.Execute(["v1.part.translation",[{"references":[30],"name":"F1417_makeCylinder_housing_py_81_1","id":4,"targets":[24458],"distance":"@expr.d1424_position"}]])
[0m[0;32m[2026-09-16 13:49:35.522][VERB] RETURN: {"result":"$24469"}
[0m[0;32m[2026-09-16 13:49:35.522][VERB] COMMANDCALL: _C.SafeAPI.Execute(["v1.part.translation",[{"references":[34],"name":"F1417_makeCylinder_housing_py_81_2","id":4,"targets":[24469],"distance":"@expr.d1425_position"}]])
[0m[0;32m[2026-09-16 13:49:35.530][VERB] RETURN: {"result":"$24480"}
[0m[0;32m[2026-09-16 13:49:35.530][VERB] COMMANDCALL: _C.SafeAPI.Execute(["v1.part.boolean",[{"type":"SUBTRACTION","tools":[24480],"target":24372,"name":"F22_cut_housing_py_417_tool_10","id":4}]])
[0m[0;32m[2026-09-16 13:49:35.558][VERB] RETURN: {"result":"$24491"}
[0m[0;32m[2026-09-16 13:49:35.558][VERB] COMMANDCALL: _C.SafeAPI.Execute(["v1.part.workPlane",[{"type":"PLANE","references":[46],"name":"F1426_makeCylinder_housing_py_81_plane","offset":"@expr.d1427_plane_offset","id":4}]])
[0m[0;32m[2026-09-16 13:49:35.566][VERB] RETURN: {"result":"$24503"}
[0m[0;32m[2026-09-16 13:49:35.566][VERB] COMMANDCALL: _C.SafeAPI.Execute(["v1.sketch.create",[{"planeId":24503,"name":"F1426_makeCylinder_housing_py_81_profile","id":4}]])
[0m[0;32m[2026-09-16 13:49:35.568][VERB] RETURN: {"result":"$24509"}
[0m[0;32m[2026-09-16 13:49:35.569][VERB] COMMANDCALL: _C.SafeAPI.Execute(["v1.sketch.circle",[{"radius":0.65,"id":24509,"genFixation":0,"centerPos":[20.4,-26.2,0]}]])
[0m[0;32m[2026-09-16 13:49:35.570][VERB] RETURN: {"result":"$24515"}
[0m[0;32m[2026-09-16 13:49:35.570][VERB] COMMANDCALL: _C.SafeAPI.Execute(["v1.sketch.getPoints",[{"id":24515}]])
[0m[0;32m[2026-09-16 13:49:35.570][VERB] RETURN: {"result":{"centerId":"$24516"}}
[0m[0;32m[2026-09-16 13:49:35.570][VERB] COMMANDCALL: _C.SafeAPI.Execute(["v1.sketch.point",[{"pos":[-1000,-1000,0],"id":24509}]])
[0m[0;32m[2026-09-16 13:49:35.571][VERB] RETURN: {"result":"$24518"}
[0m[0;32m[2026-09-16 13:49:35.571][VERB] COMMANDCALL: _C.SafeAPI.Execute(["v1.sketch.constraint",[{"type":"FIXATION","id":24509,"geomIds":[24518]}]])
[0m[0;32m[2026-09-16 13:49:35.572][VERB] RETURN: {"result":"$24520"}
[0m[0;32m[2026-09-16 13:49:35.573][VERB] COMMANDCALL: _C.SafeAPI.Execute(["v1.sketch.dimension",[{"type":"HORIZONTAL_DISTANCE","value":"@expr.d1428_position_x","name":"position_x","id":24509,"geomIds":[24518,24516]}]])
[0m[0;32m[2026-09-16 13:49:35.577][VERB] RETURN: {"result":"$24524"}
[0m[0;32m[2026-09-16 13:49:35.578][VERB] COMMANDCALL: _C.SafeAPI.Execute(["v1.sketch.dimension",[{"type":"VERTICAL_DISTANCE","value":"@expr.d1429_position_y","name":"position_y","id":24509,"geomIds":[24518,24516]}]])
[0m[0;32m[2026-09-16 13:49:35.584][VERB] RETURN: {"result":"$24528"}
[0m[0;32m[2026-09-16 13:49:35.584][VERB] COMMANDCALL: _C.SafeAPI.Execute(["v1.sketch.dimension",[{"type":"RADIUS","value":"@expr.d1430_radius","name":"radius","id":24509,"geomIds":[24515]}]])
[0m[0;32m[2026-09-16 13:49:35.589][VERB] RETURN: {"result":"$24532"}
[0m[0;32m[2026-09-16 13:49:35.590][VERB] COMMANDCALL: _C.SafeAPI.Execute(["v1.part.extrusion",[{"references":[24515],"name":"F1426_makeCylinder_housing_py_81","taperAngle":0,"limit2":"@expr.d1431_height","id":4}]])
[0m[0;32m[2026-09-16 13:49:35.601][VERB] RETURN: {"result":"$24536"}
[0m[0;32m[2026-09-16 13:49:35.601][VERB] COMMANDCALL: _C.SafeAPI.Execute(["v1.part.boolean",[{"type":"SUBTRACTION","tools":[24536],"target":24491,"name":"F22_cut_housing_py_417_tool_11","id":4}]])
[0m[0;32m[2026-09-16 13:49:35.628][VERB] RETURN: {"result":"$24558"}
[0m[0;32m[2026-09-16 13:49:35.629][VERB] COMMANDCALL: _C.SafeAPI.Execute(["v1.part.workPlane",[{"type":"PLANE","references":[38],"name":"F1432_makeCylinder_housing_py_81_plane","offset":"@expr.d1433_plane_offset","id":4}]])
[0m[0;32m[2026-09-16 13:49:35.637][VERB] RETURN: {"result":"$24570"}
[0m[0;32m[2026-09-16 13:49:35.637][VERB] COMMANDCALL: _C.SafeAPI.Execute(["v1.sketch.create",[{"planeId":24570,"name":"F1432_makeCylinder_housing_py_81_profile","id":4}]])
[0m[0;32m[2026-09-16 13:49:35.639][VERB] RETURN: {"result":"$24576"}
[0m[0;32m[2026-09-16 13:49:35.639][VERB] COMMANDCALL: _C.SafeAPI.Execute(["v1.sketch.circle",[{"radius":0.65,"id":24576,"genFixation":0,"centerPos":[25.4,26.2,0]}]])
[0m[0;32m[2026-09-16 13:49:35.641][VERB] RETURN: {"result":"$24582"}
[0m[0;32m[2026-09-16 13:49:35.641][VERB] COMMANDCALL: _C.SafeAPI.Execute(["v1.sketch.getPoints",[{"id":24582}]])
[0m[0;32m[2026-09-16 13:49:35.641][VERB] RETURN: {"result":{"centerId":"$24583"}}
[0m[0;32m[2026-09-16 13:49:35.641][VERB] COMMANDCALL: _C.SafeAPI.Execute(["v1.sketch.point",[{"pos":[-1000,-1000,0],"id":24576}]])
[0m[0;32m[2026-09-16 13:49:35.642][VERB] RETURN: {"result":"$24585"}
[0m[0;32m[2026-09-16 13:49:35.642][VERB] COMMANDCALL: _C.SafeAPI.Execute(["v1.sketch.constraint",[{"type":"FIXATION","id":24576,"geomIds":[24585]}]])
[0m[0;32m[2026-09-16 13:49:35.644][VERB] RETURN: {"result":"$24587"}
[0m[0;32m[2026-09-16 13:49:35.644][VERB] COMMANDCALL: _C.SafeAPI.Execute(["v1.sketch.dimension",[{"type":"HORIZONTAL_DISTANCE","value":"@expr.d1434_position_x","name":"position_x","id":24576,"geomIds":[24585,24583]}]])
[0m[0;32m[2026-09-16 13:49:35.648][VERB] RETURN: {"result":"$24591"}
[0m[0;32m[2026-09-16 13:49:35.649][VERB] COMMANDCALL: _C.SafeAPI.Execute(["v1.sketch.dimension",[{"type":"VERTICAL_DISTANCE","value":"@expr.d1435_position_y","name":"position_y","id":24576,"geomIds":[24585,24583]}]])
[0m[0;32m[2026-09-16 13:49:35.654][VERB] RETURN: {"result":"$24595"}
[0m[0;32m[2026-09-16 13:49:35.654][VERB] COMMANDCALL: _C.SafeAPI.Execute(["v1.sketch.dimension",[{"type":"RADIUS","value":"@expr.d1436_radius","name":"radius","id":24576,"geomIds":[24582]}]])
[0m[0;32m[2026-09-16 13:49:35.660][VERB] RETURN: {"result":"$24599"}
[0m[0;32m[2026-09-16 13:49:35.660][VERB] COMMANDCALL: _C.SafeAPI.Execute(["v1.part.extrusion",[{"references":[24582],"name":"F1432_makeCylinder_housing_py_81","taperAngle":0,"limit2":"@expr.d1437_height","id":4}]])
[0m[0;32m[2026-09-16 13:49:35.671][VERB] RETURN: {"result":"$24603"}
[0m[0;32m[2026-09-16 13:49:35.671][VERB] COMMANDCALL: _C.SafeAPI.Execute(["v1.part.boolean",[{"type":"SUBTRACTION","tools":[24603],"target":24558,"name":"F22_cut_housing_py_417_tool_12","id":4}]])
[0m[0;32m[2026-09-16 13:49:35.699][VERB] RETURN: {"result":"$24625"}
[0m[0;32m[2026-09-16 13:49:35.699][VERB] COMMANDCALL: _C.SafeAPI.Execute(["v1.part.workCSys",[{"name":"F1438_makeSphere_housing_py_78_datum","offset":[52.1,49,6],"id":4}]])
[0m[0;32m[2026-09-16 13:49:35.706][VERB] RETURN: {"result":"$24637"}
[0m[0;32m[2026-09-16 13:49:35.706][VERB] COMMANDCALL: _C.SafeAPI.Execute(["v1.part.sphere",[{"references":[24637],"name":"F1438_makeSphere_housing_py_78","radius":"@expr.d1439_radius","id":4}]])
[0m[0;32m[2026-09-16 13:49:35.716][VERB] RETURN: {"result":"$24645"}
[0m[0;32m[2026-09-16 13:49:35.716][VERB] COMMANDCALL: _C.SafeAPI.Execute(["v1.part.boolean",[{"type":"SUBTRACTION","tools":[24645],"target":24625,"name":"F21_cut_housing_py_417_tool_0","id":4}]])
[0m[0;32m[2026-09-16 13:49:35.739][VERB] RETURN: {"result":"$24660"}
[0m[0;32m[2026-09-16 13:49:35.739][VERB] COMMANDCALL: _C.SafeAPI.Execute(["v1.part.workCSys",[{"name":"F1440_makeSphere_housing_py_78_datum","offset":[53.7,49,6],"id":4}]])
[0m[0;32m[2026-09-16 13:49:35.746][VERB] RETURN: {"result":"$24672"}
[0m[0;32m[2026-09-16 13:49:35.746][VERB] COMMANDCALL: _C.SafeAPI.Execute(["v1.part.sphere",[{"references":[24672],"name":"F1440_makeSphere_housing_py_78","radius":"@expr.d1441_radius","id":4}]])
[0m[0;32m[2026-09-16 13:49:35.755][VERB] RETURN: {"result":"$24680"}
[0m[0;32m[2026-09-16 13:49:35.755][VERB] COMMANDCALL: _C.SafeAPI.Execute(["v1.part.boolean",[{"type":"SUBTRACTION","tools":[24680],"target":24660,"name":"F21_cut_housing_py_417_tool_1","id":4}]])
[0m[0;32m[2026-09-16 13:49:35.778][VERB] RETURN: {"result":"$24695"}
[0m[0;32m[2026-09-16 13:49:35.778][VERB] COMMANDCALL: _C.SafeAPI.Execute(["v1.part.workCSys",[{"name":"F1442_makeSphere_housing_py_78_datum","offset":[53.7,49,18.5],"id":4}]])
[0m[0;32m[2026-09-16 13:49:35.785][VERB] RETURN: {"result":"$24707"}
[0m[0;32m[2026-09-16 13:49:35.785][VERB] COMMANDCALL: _C.SafeAPI.Execute(["v1.part.sphere",[{"references":[24707],"name":"F1442_makeSphere_housing_py_78","radius":"@expr.d1443_radius","id":4}]])
[0m[0;32m[2026-09-16 13:49:35.795][VERB] RETURN: {"result":"$24715"}
[0m[0;32m[2026-09-16 13:49:35.795][VERB] COMMANDCALL: _C.SafeAPI.Execute(["v1.part.boolean",[{"type":"SUBTRACTION","tools":[24715],"target":24695,"name":"F21_cut_housing_py_417_tool_2","id":4}]])
[0m[0;32m[2026-09-16 13:49:35.817][VERB] RETURN: {"result":"$24730"}
[0m[0;32m[2026-09-16 13:49:35.818][VERB] COMMANDCALL: _C.SafeAPI.Execute(["v1.part.workCSys",[{"name":"F1444_makeSphere_housing_py_78_datum","offset":[51.2,49,18.5],"id":4}]])
[0m[0;32m[2026-09-16 13:49:35.825][VERB] RETURN: {"result":"$24742"}
[0m[0;32m[2026-09-16 13:49:35.825][VERB] COMMANDCALL: _C.SafeAPI.Execute(["v1.part.sphere",[{"references":[24742],"name":"F1444_makeSphere_housing_py_78","radius":"@expr.d1445_radius","id":4}]])
[0m[0;32m[2026-09-16 13:49:35.835][VERB] RETURN: {"result":"$24750"}
[0m[0;32m[2026-09-16 13:49:35.836][VERB] COMMANDCALL: _C.SafeAPI.Execute(["v1.part.boolean",[{"type":"SUBTRACTION","tools":[24750],"target":24730,"name":"F21_cut_housing_py_417_tool_3","id":4}]])
[0m[0;32m[2026-09-16 13:49:35.858][VERB] RETURN: {"result":"$24765"}
[0m[0;32m[2026-09-16 13:49:35.858][VERB] COMMANDCALL: _C.SafeAPI.Execute(["v1.part.workCSys",[{"name":"F1446_makeSphere_housing_py_78_datum","offset":[51.2,43.1,17.15],"id":4}]])
[0m[0;32m[2026-09-16 13:49:35.865][VERB] RETURN: {"result":"$24777"}
[0m[0;32m[2026-09-16 13:49:35.865][VERB] COMMANDCALL: _C.SafeAPI.Execute(["v1.part.sphere",[{"references":[24777],"name":"F1446_makeSphere_housing_py_78","radius":"@expr.d1447_radius","id":4}]])
[0m[0;32m[2026-09-16 13:49:35.875][VERB] RETURN: {"result":"$24785"}
[0m[0;32m[2026-09-16 13:49:35.875][VERB] COMMANDCALL: _C.SafeAPI.Execute(["v1.part.boolean",[{"type":"SUBTRACTION","tools":[24785],"target":24765,"name":"F21_cut_housing_py_417_tool_4","id":4}]])
[0m[0;32m[2026-09-16 13:49:35.899][VERB] RETURN: {"result":"$24800"}
[0m[0;32m[2026-09-16 13:49:35.899][VERB] COMMANDCALL: _C.SafeAPI.Execute(["v1.part.workCSys",[{"name":"F1448_makeSphere_housing_py_78_datum","offset":[28.3,43.1,17.15],"id":4}]])
[0m[0;32m[2026-09-16 13:49:35.906][VERB] RETURN: {"result":"$24812"}
[0m[0;32m[2026-09-16 13:49:35.906][VERB] COMMANDCALL: _C.SafeAPI.Execute(["v1.part.sphere",[{"references":[24812],"name":"F1448_makeSphere_housing_py_78","radius":"@expr.d1449_radius","id":4}]])
[0m[0;32m[2026-09-16 13:49:35.916][VERB] RETURN: {"result":"$24820"}
[0m[0;32m[2026-09-16 13:49:35.916][VERB] COMMANDCALL: _C.SafeAPI.Execute(["v1.part.boolean",[{"type":"SUBTRACTION","tools":[24820],"target":24800,"name":"F21_cut_housing_py_417_tool_5","id":4}]])
[0m[0;32m[2026-09-16 13:49:35.941][VERB] RETURN: {"result":"$24835"}
[0m[0;32m[2026-09-16 13:49:35.941][VERB] COMMANDCALL: _C.SafeAPI.Execute(["v1.part.workCSys",[{"name":"F1450_makeSphere_housing_py_78_datum","offset":[28.3,34.6,18.6],"id":4}]])
[0m[0;32m[2026-09-16 13:49:35.949][VERB] RETURN: {"result":"$24847"}
[0m[0;32m[2026-09-16 13:49:35.949][VERB] COMMANDCALL: _C.SafeAPI.Execute(["v1.part.sphere",[{"references":[24847],"name":"F1450_makeSphere_housing_py_78","radius":"@expr.d1451_radius","id":4}]])
[0m[0;32m[2026-09-16 13:49:35.960][VERB] RETURN: {"result":"$24855"}
[0m[0;32m[2026-09-16 13:49:35.960][VERB] COMMANDCALL: _C.SafeAPI.Execute(["v1.part.boolean",[{"type":"SUBTRACTION","tools":[24855],"target":24835,"name":"F21_cut_housing_py_417_tool_6","id":4}]])
[0m[0;32m[2026-09-16 13:49:35.982][VERB] RETURN: {"result":"$24870"}
[0m[0;32m[2026-09-16 13:49:35.982][VERB] COMMANDCALL: _C.SafeAPI.Execute(["v1.part.workCSys",[{"name":"F1452_makeSphere_housing_py_78_datum","offset":[24.35,34.6,19],"id":4}]])
[0m[0;32m[2026-09-16 13:49:35.988][VERB] RETURN: {"result":"$24882"}
[0m[0;32m[2026-09-16 13:49:35.989][VERB] COMMANDCALL: _C.SafeAPI.Execute(["v1.part.sphere",[{"references":[24882],"name":"F1452_makeSphere_housing_py_78","radius":"@expr.d1453_radius","id":4}]])
[0m[0;32m[2026-09-16 13:49:35.999][VERB] RETURN: {"result":"$24890"}
[0m[0;32m[2026-09-16 13:49:35.999][VERB] COMMANDCALL: _C.SafeAPI.Execute(["v1.part.boolean",[{"type":"SUBTRACTION","tools":[24890],"target":24870,"name":"F21_cut_housing_py_417_tool_7","id":4}]])
[0m[0;32m[2026-09-16 13:49:36.021][VERB] RETURN: {"result":"$24905"}
[0m[0;32m[2026-09-16 13:49:36.022][VERB] COMMANDCALL: _C.SafeAPI.Execute(["v1.part.workPlane",[{"type":"PLANE","references":[46],"name":"F1454_makeCylinder_housing_py_81_plane","offset":"@expr.d1455_plane_offset","id":4}]])
[0m[0;32m[2026-09-16 13:49:36.030][VERB] RETURN: {"result":"$24917"}
[0m[0;32m[2026-09-16 13:49:36.030][VERB] COMMANDCALL: _C.SafeAPI.Execute(["v1.sketch.create",[{"planeId":24917,"name":"F1454_makeCylinder_housing_py_81_profile","id":4}]])
[0m[0;32m[2026-09-16 13:49:36.033][VERB] RETURN: {"result":"$24923"}
[0m[0;32m[2026-09-16 13:49:36.033][VERB] COMMANDCALL: _C.SafeAPI.Execute(["v1.sketch.circle",[{"radius":0.6,"id":24923,"genFixation":0,"centerPos":[6,-49,0]}]])
[0m[0;32m[2026-09-16 13:49:36.034][VERB] RETURN: {"result":"$24929"}
[0m[0;32m[2026-09-16 13:49:36.034][VERB] COMMANDCALL: _C.SafeAPI.Execute(["v1.sketch.getPoints",[{"id":24929}]])
[0m[0;32m[2026-09-16 13:49:36.035][VERB] RETURN: {"result":{"centerId":"$24930"}}
[0m[0;32m[2026-09-16 13:49:36.035][VERB] COMMANDCALL: _C.SafeAPI.Execute(["v1.sketch.point",[{"pos":[-1000,-1000,0],"id":24923}]])
[0m[0;32m[2026-09-16 13:49:36.036][VERB] RETURN: {"result":"$24932"}
[0m[0;32m[2026-09-16 13:49:36.036][VERB] COMMANDCALL: _C.SafeAPI.Execute(["v1.sketch.constraint",[{"type":"FIXATION","id":24923,"geomIds":[24932]}]])
[0m[0;32m[2026-09-16 13:49:36.038][VERB] RETURN: {"result":"$24934"}
[0m[0;32m[2026-09-16 13:49:36.038][VERB] COMMANDCALL: _C.SafeAPI.Execute(["v1.sketch.dimension",[{"type":"HORIZONTAL_DISTANCE","value":"@expr.d1456_position_x","name":"position_x","id":24923,"geomIds":[24932,24930]}]])
[0m[0;32m[2026-09-16 13:49:36.043][VERB] RETURN: {"result":"$24938"}
[0m[0;32m[2026-09-16 13:49:36.043][VERB] COMMANDCALL: _C.SafeAPI.Execute(["v1.sketch.dimension",[{"type":"VERTICAL_DISTANCE","value":"@expr.d1457_position_y","name":"position_y","id":24923,"geomIds":[24932,24930]}]])
[0m[0;32m[2026-09-16 13:49:36.049][VERB] RETURN: {"result":"$24942"}
[0m[0;32m[2026-09-16 13:49:36.049][VERB] COMMANDCALL: _C.SafeAPI.Execute(["v1.sketch.dimension",[{"type":"RADIUS","value":"@expr.d1458_radius","name":"radius","id":24923,"geomIds":[24929]}]])
[0m[0;32m[2026-09-16 13:49:36.055][VERB] RETURN: {"result":"$24946"}
[0m[0;32m[2026-09-16 13:49:36.055][VERB] COMMANDCALL: _C.SafeAPI.Execute(["v1.part.extrusion",[{"references":[24929],"name":"F1454_makeCylinder_housing_py_81","taperAngle":0,"limit2":"@expr.d1459_height","id":4}]])
[0m[0;32m[2026-09-16 13:49:36.066][VERB] RETURN: {"result":"$24950"}
[0m[0;32m[2026-09-16 13:49:36.067][VERB] COMMANDCALL: _C.SafeAPI.Execute(["v1.part.boolean",[{"type":"SUBTRACTION","tools":[24950],"target":24905,"name":"F21_cut_housing_py_417_tool_8","id":4}]])
[0m[0;32m[2026-09-16 13:49:36.093][VERB] RETURN: {"result":"$24972"}
[0m[0;32m[2026-09-16 13:49:36.094][VERB] COMMANDCALL: _C.SafeAPI.Execute(["v1.part.workPlane",[{"type":"PLANE","references":[38],"name":"F1460_makeCylinder_housing_py_81_plane","offset":"@expr.d1461_plane_offset","id":4}]])
[0m[0;32m[2026-09-16 13:49:36.101][VERB] RETURN: {"result":"$24984"}
[0m[0;32m[2026-09-16 13:49:36.101][VERB] COMMANDCALL: _C.SafeAPI.Execute(["v1.sketch.create",[{"planeId":24984,"name":"F1460_makeCylinder_housing_py_81_profile","id":4}]])
[0m[0;32m[2026-09-16 13:49:36.104][VERB] RETURN: {"result":"$24990"}
[0m[0;32m[2026-09-16 13:49:36.104][VERB] COMMANDCALL: _C.SafeAPI.Execute(["v1.sketch.circle",[{"radius":0.6,"id":24990,"genFixation":0,"centerPos":[53.7,49,0]}]])
[0m[0;32m[2026-09-16 13:49:36.105][VERB] RETURN: {"result":"$24996"}
[0m[0;32m[2026-09-16 13:49:36.105][VERB] COMMANDCALL: _C.SafeAPI.Execute(["v1.sketch.getPoints",[{"id":24996}]])
[0m[0;32m[2026-09-16 13:49:36.105][VERB] RETURN: {"result":{"centerId":"$24997"}}
[0m[0;32m[2026-09-16 13:49:36.106][VERB] COMMANDCALL: _C.SafeAPI.Execute(["v1.sketch.point",[{"pos":[-1000,-1000,0],"id":24990}]])
[0m[0;32m[2026-09-16 13:49:36.107][VERB] RETURN: {"result":"$24999"}
[0m[0;32m[2026-09-16 13:49:36.107][VERB] COMMANDCALL: _C.SafeAPI.Execute(["v1.sketch.constraint",[{"type":"FIXATION","id":24990,"geomIds":[24999]}]])
[0m[0;32m[2026-09-16 13:49:36.108][VERB] RETURN: {"result":"$25001"}
[0m[0;32m[2026-09-16 13:49:36.108][VERB] COMMANDCALL: _C.SafeAPI.Execute(["v1.sketch.dimension",[{"type":"HORIZONTAL_DISTANCE","value":"@expr.d1462_position_x","name":"position_x","id":24990,"geomIds":[24999,24997]}]])
[0m[0;32m[2026-09-16 13:49:36.113][VERB] RETURN: {"result":"$25005"}
[0m[0;32m[2026-09-16 13:49:36.113][VERB] COMMANDCALL: _C.SafeAPI.Execute(["v1.sketch.dimension",[{"type":"VERTICAL_DISTANCE","value":"@expr.d1463_position_y","name":"position_y","id":24990,"geomIds":[24999,24997]}]])
[0m[0;32m[2026-09-16 13:49:36.119][VERB] RETURN: {"result":"$25009"}
[0m[0;32m[2026-09-16 13:49:36.119][VERB] COMMANDCALL: _C.SafeAPI.Execute(["v1.sketch.dimension",[{"type":"RADIUS","value":"@expr.d1464_radius","name":"radius","id":24990,"geomIds":[24996]}]])
[0m[0;32m[2026-09-16 13:49:36.125][VERB] RETURN: {"result":"$25013"}
[0m[0;32m[2026-09-16 13:49:36.125][VERB] COMMANDCALL: _C.SafeAPI.Execute(["v1.part.extrusion",[{"references":[24996],"name":"F1460_makeCylinder_housing_py_81","taperAngle":0,"limit2":"@expr.d1465_height","id":4}]])
[0m[0;32m[2026-09-16 13:49:36.136][VERB] RETURN: {"result":"$25017"}
[0m[0;32m[2026-09-16 13:49:36.136][VERB] COMMANDCALL: _C.SafeAPI.Execute(["v1.part.boolean",[{"type":"SUBTRACTION","tools":[25017],"target":24972,"name":"F21_cut_housing_py_417_tool_9","id":4}]])
[0m[0;32m[2026-09-16 13:49:36.163][VERB] RETURN: {"result":"$25039"}
[0m[0;32m[2026-09-16 13:49:36.164][VERB] COMMANDCALL: _C.SafeAPI.Execute(["v1.part.workPlane",[{"type":"PLANE","references":[46],"name":"F1466_makeCylinder_housing_py_81_plane","offset":"@expr.d1467_plane_offset","id":4}]])
[0m[0;32m[2026-09-16 13:49:36.172][VERB] RETURN: {"result":"$25051"}
[0m[0;32m[2026-09-16 13:49:36.172][VERB] COMMANDCALL: _C.SafeAPI.Execute(["v1.sketch.create",[{"planeId":25051,"name":"F1466_makeCylinder_housing_py_81_profile","id":4}]])
[0m[0;32m[2026-09-16 13:49:36.174][VERB] RETURN: {"result":"$25057"}
[0m[0;32m[2026-09-16 13:49:36.175][VERB] COMMANDCALL: _C.SafeAPI.Execute(["v1.sketch.circle",[{"radius":0.6,"id":25057,"genFixation":0,"centerPos":[18.5,-49,0]}]])
[0m[0;32m[2026-09-16 13:49:36.176][VERB] RETURN: {"result":"$25063"}
[0m[0;32m[2026-09-16 13:49:36.176][VERB] COMMANDCALL: _C.SafeAPI.Execute(["v1.sketch.getPoints",[{"id":25063}]])
[0m[0;32m[2026-09-16 13:49:36.176][VERB] RETURN: {"result":{"centerId":"$25064"}}
[0m[0;32m[2026-09-16 13:49:36.177][VERB] COMMANDCALL: _C.SafeAPI.Execute(["v1.sketch.point",[{"pos":[-1000,-1000,0],"id":25057}]])
[0m[0;32m[2026-09-16 13:49:36.178][VERB] RETURN: {"result":"$25066"}
[0m[0;32m[2026-09-16 13:49:36.178][VERB] COMMANDCALL: _C.SafeAPI.Execute(["v1.sketch.constraint",[{"type":"FIXATION","id":25057,"geomIds":[25066]}]])
[0m[0;32m[2026-09-16 13:49:36.179][VERB] RETURN: {"result":"$25068"}
[0m[0;32m[2026-09-16 13:49:36.179][VERB] COMMANDCALL: _C.SafeAPI.Execute(["v1.sketch.dimension",[{"type":"HORIZONTAL_DISTANCE","value":"@expr.d1468_position_x","name":"position_x","id":25057,"geomIds":[25066,25064]}]])
[0m[0;32m[2026-09-16 13:49:36.184][VERB] RETURN: {"result":"$25072"}
[0m[0;32m[2026-09-16 13:49:36.184][VERB] COMMANDCALL: _C.SafeAPI.Execute(["v1.sketch.dimension",[{"type":"VERTICAL_DISTANCE","value":"@expr.d1469_position_y","name":"position_y","id":25057,"geomIds":[25066,25064]}]])
[0m[0;32m[2026-09-16 13:49:36.190][VERB] RETURN: {"result":"$25076"}
[0m[0;32m[2026-09-16 13:49:36.190][VERB] COMMANDCALL: _C.SafeAPI.Execute(["v1.sketch.dimension",[{"type":"RADIUS","value":"@expr.d1470_radius","name":"radius","id":25057,"geomIds":[25063]}]])
[0m[0;32m[2026-09-16 13:49:36.196][VERB] RETURN: {"result":"$25080"}
[0m[0;32m[2026-09-16 13:49:36.196][VERB] COMMANDCALL: _C.SafeAPI.Execute(["v1.part.extrusion",[{"references":[25063],"name":"F1466_makeCylinder_housing_py_81","taperAngle":0,"limit2":"@expr.d1471_height","id":4}]])
[0m[0;32m[2026-09-16 13:49:36.208][VERB] RETURN: {"result":"$25084"}
[0m[0;32m[2026-09-16 13:49:36.208][VERB] COMMANDCALL: _C.SafeAPI.Execute(["v1.part.boolean",[{"type":"SUBTRACTION","tools":[25084],"target":25039,"name":"F21_cut_housing_py_417_tool_10","id":4}]])
[0m[0;32m[2026-09-16 13:49:36.236][VERB] RETURN: {"result":"$25106"}
[0m[0;32m[2026-09-16 13:49:36.237][VERB] COMMANDCALL: _C.SafeAPI.Execute(["v1.part.workPlane",[{"type":"PLANE","references":[38],"name":"F1472_makeCylinder_housing_py_81_local_plane","offset":"@expr.d1473_plane_offset","id":4}]])
[0m[0;32m[2026-09-16 13:49:36.245][VERB] RETURN: {"result":"$25118"}
[0m[0;32m[2026-09-16 13:49:36.245][VERB] COMMANDCALL: _C.SafeAPI.Execute(["v1.sketch.create",[{"planeId":25118,"name":"F1472_makeCylinder_housing_py_81_local_profile","id":4}]])
[0m[0;32m[2026-09-16 13:49:36.247][VERB] RETURN: {"result":"$25124"}
[0m[0;32m[2026-09-16 13:49:36.247][VERB] COMMANDCALL: _C.SafeAPI.Execute(["v1.sketch.circle",[{"radius":0.6,"id":25124,"genFixation":0,"centerPos":[0,0,0]}]])
[0m[0;32m[2026-09-16 13:49:36.249][VERB] RETURN: {"result":"$25130"}
[0m[0;32m[2026-09-16 13:49:36.249][VERB] COMMANDCALL: _C.SafeAPI.Execute(["v1.sketch.getPoints",[{"id":25130}]])
[0m[0;32m[2026-09-16 13:49:36.249][VERB] RETURN: {"result":{"centerId":"$25131"}}
[0m[0;32m[2026-09-16 13:49:36.249][VERB] COMMANDCALL: _C.SafeAPI.Execute(["v1.sketch.point",[{"pos":[-1000,-1000,0],"id":25124}]])
[0m[0;32m[2026-09-16 13:49:36.250][VERB] RETURN: {"result":"$25133"}
[0m[0;32m[2026-09-16 13:49:36.250][VERB] COMMANDCALL: _C.SafeAPI.Execute(["v1.sketch.constraint",[{"type":"FIXATION","id":25124,"geomIds":[25133]}]])
[0m[0;32m[2026-09-16 13:49:36.251][VERB] RETURN: {"result":"$25135"}
[0m[0;32m[2026-09-16 13:49:36.251][VERB] COMMANDCALL: _C.SafeAPI.Execute(["v1.sketch.dimension",[{"type":"HORIZONTAL_DISTANCE","value":"@expr.d1474_position_x","name":"position_x","id":25124,"geomIds":[25133,25131]}]])
[0m[0;32m[2026-09-16 13:49:36.256][VERB] RETURN: {"result":"$25139"}
[0m[0;32m[2026-09-16 13:49:36.257][VERB] COMMANDCALL: _C.SafeAPI.Execute(["v1.sketch.dimension",[{"type":"VERTICAL_DISTANCE","value":"@expr.d1475_position_y","name":"position_y","id":25124,"geomIds":[25133,25131]}]])
[0m[0;32m[2026-09-16 13:49:36.262][VERB] RETURN: {"result":"$25143"}
[0m[0;32m[2026-09-16 13:49:36.262][VERB] COMMANDCALL: _C.SafeAPI.Execute(["v1.sketch.dimension",[{"type":"RADIUS","value":"@expr.d1476_radius","name":"radius","id":25124,"geomIds":[25130]}]])
[0m[0;32m[2026-09-16 13:49:36.268][VERB] RETURN: {"result":"$25147"}
[0m[0;32m[2026-09-16 13:49:36.268][VERB] COMMANDCALL: _C.SafeAPI.Execute(["v1.part.extrusion",[{"references":[25130],"name":"F1472_makeCylinder_housing_py_81_local","taperAngle":0,"limit2":"@expr.d1477_height","id":4}]])
[0m[0;32m[2026-09-16 13:49:36.279][VERB] RETURN: {"result":"$25151"}
[0m[0;32m[2026-09-16 13:49:36.280][VERB] COMMANDCALL: _C.SafeAPI.Execute(["v1.part.workAxis",[{"name":"F1472_makeCylinder_housing_py_81_axis","id":4,"position":[0,0,0],"direction":[5.9,0,0]}]])
[0m[0;32m[2026-09-16 13:49:36.287][VERB] RETURN: {"result":"$25173"}
[0m[0;32m[2026-09-16 13:49:36.287][VERB] COMMANDCALL: _C.SafeAPI.Execute(["v1.part.rotation",[{"targets":[25151],"name":"F1472_makeCylinder_housing_py_81_orientation","id":4,"references":[25173],"angle":1.7957375918461}]])
[0m[0;32m[2026-09-16 13:49:36.297][VERB] RETURN: {"result":"$25181"}
[0m[0;32m[2026-09-16 13:49:36.297][VERB] COMMANDCALL: _C.SafeAPI.Execute(["v1.part.translation",[{"references":[26],"name":"F1472_makeCylinder_housing_py_81_0","id":4,"targets":[25181],"distance":"@expr.d1478_position"}]])
[0m[0;32m[2026-09-16 13:49:36.306][VERB] RETURN: {"result":"$25192"}
[0m[0;32m[2026-09-16 13:49:36.306][VERB] COMMANDCALL: _C.SafeAPI.Execute(["v1.part.translation",[{"references":[30],"name":"F1472_makeCylinder_housing_py_81_1","id":4,"targets":[25192],"distance":"@expr.d1479_position"}]])
[0m[0;32m[2026-09-16 13:49:36.315][VERB] RETURN: {"result":"$25203"}
[0m[0;32m[2026-09-16 13:49:36.315][VERB] COMMANDCALL: _C.SafeAPI.Execute(["v1.part.translation",[{"references":[34],"name":"F1472_makeCylinder_housing_py_81_2","id":4,"targets":[25203],"distance":"@expr.d1480_position"}]])
[0m[0;32m[2026-09-16 13:49:36.324][VERB] RETURN: {"result":"$25214"}
[0m[0;32m[2026-09-16 13:49:36.324][VERB] COMMANDCALL: _C.SafeAPI.Execute(["v1.part.boolean",[{"type":"SUBTRACTION","tools":[25214],"target":25106,"name":"F21_cut_housing_py_417_tool_11","id":4}]])
[0m[0;32m[2026-09-16 13:49:36.351][VERB] RETURN: {"result":"$25225"}
[0m[0;32m[2026-09-16 13:49:36.352][VERB] COMMANDCALL: _C.SafeAPI.Execute(["v1.part.workPlane",[{"type":"PLANE","references":[46],"name":"F1481_makeCylinder_housing_py_81_plane","offset":"@expr.d1482_plane_offset","id":4}]])
[0m[0;32m[2026-09-16 13:49:36.360][VERB] RETURN: {"result":"$25237"}
[0m[0;32m[2026-09-16 13:49:36.360][VERB] COMMANDCALL: _C.SafeAPI.Execute(["v1.sketch.create",[{"planeId":25237,"name":"F1481_makeCylinder_housing_py_81_profile","id":4}]])
[0m[0;32m[2026-09-16 13:49:36.363][VERB] RETURN: {"result":"$25243"}
[0m[0;32m[2026-09-16 13:49:36.363][VERB] COMMANDCALL: _C.SafeAPI.Execute(["v1.sketch.circle",[{"radius":0.6,"id":25243,"genFixation":0,"centerPos":[17.15,-43.1,0]}]])
[0m[0;32m[2026-09-16 13:49:36.364][VERB] RETURN: {"result":"$25249"}
[0m[0;32m[2026-09-16 13:49:36.364][VERB] COMMANDCALL: _C.SafeAPI.Execute(["v1.sketch.getPoints",[{"id":25249}]])
[0m[0;32m[2026-09-16 13:49:36.364][VERB] RETURN: {"result":{"centerId":"$25250"}}
[0m[0;32m[2026-09-16 13:49:36.365][VERB] COMMANDCALL: _C.SafeAPI.Execute(["v1.sketch.point",[{"pos":[-1000,-1000,0],"id":25243}]])
[0m[0;32m[2026-09-16 13:49:36.366][VERB] RETURN: {"result":"$25252"}
[0m[0;32m[2026-09-16 13:49:36.366][VERB] COMMANDCALL: _C.SafeAPI.Execute(["v1.sketch.constraint",[{"type":"FIXATION","id":25243,"geomIds":[25252]}]])
[0m[0;32m[2026-09-16 13:49:36.367][VERB] RETURN: {"result":"$25254"}
[0m[0;32m[2026-09-16 13:49:36.367][VERB] COMMANDCALL: _C.SafeAPI.Execute(["v1.sketch.dimension",[{"type":"HORIZONTAL_DISTANCE","value":"@expr.d1483_position_x","name":"position_x","id":25243,"geomIds":[25252,25250]}]])
[0m[0;32m[2026-09-16 13:49:36.372][VERB] RETURN: {"result":"$25258"}
[0m[0;32m[2026-09-16 13:49:36.372][VERB] COMMANDCALL: _C.SafeAPI.Execute(["v1.sketch.dimension",[{"type":"VERTICAL_DISTANCE","value":"@expr.d1484_position_y","name":"position_y","id":25243,"geomIds":[25252,25250]}]])
[0m[0;32m[2026-09-16 13:49:36.378][VERB] RETURN: {"result":"$25262"}
[0m[0;32m[2026-09-16 13:49:36.378][VERB] COMMANDCALL: _C.SafeAPI.Execute(["v1.sketch.dimension",[{"type":"RADIUS","value":"@expr.d1485_radius","name":"radius","id":25243,"geomIds":[25249]}]])
[0m[0;32m[2026-09-16 13:49:36.383][VERB] RETURN: {"result":"$25266"}
[0m[0;32m[2026-09-16 13:49:36.383][VERB] COMMANDCALL: _C.SafeAPI.Execute(["v1.part.extrusion",[{"references":[25249],"name":"F1481_makeCylinder_housing_py_81","taperAngle":0,"limit2":"@expr.d1486_height","id":4}]])
[0m[0;32m[2026-09-16 13:49:36.394][VERB] RETURN: {"result":"$25270"}
[0m[0;32m[2026-09-16 13:49:36.395][VERB] COMMANDCALL: _C.SafeAPI.Execute(["v1.part.boolean",[{"type":"SUBTRACTION","tools":[25270],"target":25225,"name":"F21_cut_housing_py_417_tool_12","id":4}]])
[0m[0;32m[2026-09-16 13:49:36.422][VERB] RETURN: {"result":"$25292"}
[0m[0;32m[2026-09-16 13:49:36.422][VERB] COMMANDCALL: _C.SafeAPI.Execute(["v1.part.workPlane",[{"type":"PLANE","references":[38],"name":"F1487_makeCylinder_housing_py_81_local_plane","offset":"@expr.d1488_plane_offset","id":4}]])
[0m[0;32m[2026-09-16 13:49:36.430][VERB] RETURN: {"result":"$25304"}
[0m[0;32m[2026-09-16 13:49:36.430][VERB] COMMANDCALL: _C.SafeAPI.Execute(["v1.sketch.create",[{"planeId":25304,"name":"F1487_makeCylinder_housing_py_81_local_profile","id":4}]])
[0m[0;32m[2026-09-16 13:49:36.432][VERB] RETURN: {"result":"$25310"}
[0m[0;32m[2026-09-16 13:49:36.433][VERB] COMMANDCALL: _C.SafeAPI.Execute(["v1.sketch.circle",[{"radius":0.6,"id":25310,"genFixation":0,"centerPos":[0,0,0]}]])
[0m[0;32m[2026-09-16 13:49:36.434][VERB] RETURN: {"result":"$25316"}
[0m[0;32m[2026-09-16 13:49:36.434][VERB] COMMANDCALL: _C.SafeAPI.Execute(["v1.sketch.getPoints",[{"id":25316}]])
[0m[0;32m[2026-09-16 13:49:36.435][VERB] RETURN: {"result":{"centerId":"$25317"}}
[0m[0;32m[2026-09-16 13:49:36.435][VERB] COMMANDCALL: _C.SafeAPI.Execute(["v1.sketch.point",[{"pos":[-1000,-1000,0],"id":25310}]])
[0m[0;32m[2026-09-16 13:49:36.436][VERB] RETURN: {"result":"$25319"}
[0m[0;32m[2026-09-16 13:49:36.436][VERB] COMMANDCALL: _C.SafeAPI.Execute(["v1.sketch.constraint",[{"type":"FIXATION","id":25310,"geomIds":[25319]}]])
[0m[0;32m[2026-09-16 13:49:36.437][VERB] RETURN: {"result":"$25321"}
[0m[0;32m[2026-09-16 13:49:36.438][VERB] COMMANDCALL: _C.SafeAPI.Execute(["v1.sketch.dimension",[{"type":"HORIZONTAL_DISTANCE","value":"@expr.d1489_position_x","name":"position_x","id":25310,"geomIds":[25319,25317]}]])
[0m[0;32m[2026-09-16 13:49:36.443][VERB] RETURN: {"result":"$25325"}
[0m[0;32m[2026-09-16 13:49:36.443][VERB] COMMANDCALL: _C.SafeAPI.Execute(["v1.sketch.dimension",[{"type":"VERTICAL_DISTANCE","value":"@expr.d1490_position_y","name":"position_y","id":25310,"geomIds":[25319,25317]}]])
[0m[0;32m[2026-09-16 13:49:36.449][VERB] RETURN: {"result":"$25329"}
[0m[0;32m[2026-09-16 13:49:36.449][VERB] COMMANDCALL: _C.SafeAPI.Execute(["v1.sketch.dimension",[{"type":"RADIUS","value":"@expr.d1491_radius","name":"radius","id":25310,"geomIds":[25316]}]])
[0m[0;32m[2026-09-16 13:49:36.455][VERB] RETURN: {"result":"$25333"}
[0m[0;32m[2026-09-16 13:49:36.455][VERB] COMMANDCALL: _C.SafeAPI.Execute(["v1.part.extrusion",[{"references":[25316],"name":"F1487_makeCylinder_housing_py_81_local","taperAngle":0,"limit2":"@expr.d1492_height","id":4}]])
[0m[0;32m[2026-09-16 13:49:36.466][VERB] RETURN: {"result":"$25337"}
[0m[0;32m[2026-09-16 13:49:36.467][VERB] COMMANDCALL: _C.SafeAPI.Execute(["v1.part.workAxis",[{"name":"F1487_makeCylinder_housing_py_81_axis","id":4,"position":[0,0,0],"direction":[8.5,0,0]}]])
[0m[0;32m[2026-09-16 13:49:36.474][VERB] RETURN: {"result":"$25359"}
[0m[0;32m[2026-09-16 13:49:36.475][VERB] COMMANDCALL: _C.SafeAPI.Execute(["v1.part.rotation",[{"targets":[25337],"name":"F1487_makeCylinder_housing_py_81_orientation","id":4,"references":[25359],"angle":1.4018345124753}]])
[0m[0;32m[2026-09-16 13:49:36.483][VERB] RETURN: {"result":"$25367"}
[0m[0;32m[2026-09-16 13:49:36.483][VERB] COMMANDCALL: _C.SafeAPI.Execute(["v1.part.translation",[{"references":[26],"name":"F1487_makeCylinder_housing_py_81_0","id":4,"targets":[25367],"distance":"@expr.d1493_position"}]])
[0m[0;32m[2026-09-16 13:49:36.492][VERB] RETURN: {"result":"$25378"}
[0m[0;32m[2026-09-16 13:49:36.493][VERB] COMMANDCALL: _C.SafeAPI.Execute(["v1.part.translation",[{"references":[30],"name":"F1487_makeCylinder_housing_py_81_1","id":4,"targets":[25378],"distance":"@expr.d1494_position"}]])
[0m[0;32m[2026-09-16 13:49:36.502][VERB] RETURN: {"result":"$25389"}
[0m[0;32m[2026-09-16 13:49:36.502][VERB] COMMANDCALL: _C.SafeAPI.Execute(["v1.part.translation",[{"references":[34],"name":"F1487_makeCylinder_housing_py_81_2","id":4,"targets":[25389],"distance":"@expr.d1495_position"}]])
[0m[0;32m[2026-09-16 13:49:36.511][VERB] RETURN: {"result":"$25400"}
[0m[0;32m[2026-09-16 13:49:36.512][VERB] COMMANDCALL: _C.SafeAPI.Execute(["v1.part.boolean",[{"type":"SUBTRACTION","tools":[25400],"target":25292,"name":"F21_cut_housing_py_417_tool_13","id":4}]])
[0m[0;32m[2026-09-16 13:49:36.539][VERB] RETURN: {"result":"$25411"}
[0m[0;32m[2026-09-16 13:49:36.540][VERB] COMMANDCALL: _C.SafeAPI.Execute(["v1.part.workPlane",[{"type":"PLANE","references":[38],"name":"F1496_makeCylinder_housing_py_81_local_plane","offset":"@expr.d1497_plane_offset","id":4}]])
[0m[0;32m[2026-09-16 13:49:36.548][VERB] RETURN: {"result":"$25423"}
[0m[0;32m[2026-09-16 13:49:36.549][VERB] COMMANDCALL: _C.SafeAPI.Execute(["v1.sketch.create",[{"planeId":25423,"name":"F1496_makeCylinder_housing_py_81_local_profile","id":4}]])
[0m[0;32m[2026-09-16 13:49:36.551][VERB] RETURN: {"result":"$25429"}
[0m[0;32m[2026-09-16 13:49:36.552][VERB] COMMANDCALL: _C.SafeAPI.Execute(["v1.sketch.circle",[{"radius":0.6,"id":25429,"genFixation":0,"centerPos":[0,0,0]}]])
[0m[0;32m[2026-09-16 13:49:36.553][VERB] RETURN: {"result":"$25435"}
[0m[0;32m[2026-09-16 13:49:36.553][VERB] COMMANDCALL: _C.SafeAPI.Execute(["v1.sketch.getPoints",[{"id":25435}]])
[0m[0;32m[2026-09-16 13:49:36.553][VERB] RETURN: {"result":{"centerId":"$25436"}}
[0m[0;32m[2026-09-16 13:49:36.554][VERB] COMMANDCALL: _C.SafeAPI.Execute(["v1.sketch.point",[{"pos":[-1000,-1000,0],"id":25429}]])
[0m[0;32m[2026-09-16 13:49:36.555][VERB] RETURN: {"result":"$25438"}
[0m[0;32m[2026-09-16 13:49:36.555][VERB] COMMANDCALL: _C.SafeAPI.Execute(["v1.sketch.constraint",[{"type":"FIXATION","id":25429,"geomIds":[25438]}]])
[0m[0;32m[2026-09-16 13:49:36.556][VERB] RETURN: {"result":"$25440"}
[0m[0;32m[2026-09-16 13:49:36.556][VERB] COMMANDCALL: _C.SafeAPI.Execute(["v1.sketch.dimension",[{"type":"HORIZONTAL_DISTANCE","value":"@expr.d1498_position_x","name":"position_x","id":25429,"geomIds":[25438,25436]}]])
[0m[0;32m[2026-09-16 13:49:36.561][VERB] RETURN: {"result":"$25444"}
[0m[0;32m[2026-09-16 13:49:36.561][VERB] COMMANDCALL: _C.SafeAPI.Execute(["v1.sketch.dimension",[{"type":"VERTICAL_DISTANCE","value":"@expr.d1499_position_y","name":"position_y","id":25429,"geomIds":[25438,25436]}]])
[0m[0;32m[2026-09-16 13:49:36.567][VERB] RETURN: {"result":"$25448"}
[0m[0;32m[2026-09-16 13:49:36.567][VERB] COMMANDCALL: _C.SafeAPI.Execute(["v1.sketch.dimension",[{"type":"RADIUS","value":"@expr.d1500_radius","name":"radius","id":25429,"geomIds":[25435]}]])
[0m[0;32m[2026-09-16 13:49:36.573][VERB] RETURN: {"result":"$25452"}
[0m[0;32m[2026-09-16 13:49:36.573][VERB] COMMANDCALL: _C.SafeAPI.Execute(["v1.part.extrusion",[{"references":[25435],"name":"F1496_makeCylinder_housing_py_81_local","taperAngle":0,"limit2":"@expr.d1501_height","id":4}]])
[0m[0;32m[2026-09-16 13:49:36.584][VERB] RETURN: {"result":"$25456"}
[0m[0;32m[2026-09-16 13:49:36.585][VERB] COMMANDCALL: _C.SafeAPI.Execute(["v1.part.workAxis",[{"name":"F1496_makeCylinder_housing_py_81_axis","id":4,"position":[0,0,0],"direction":[0,-3.95,0]}]])
[0m[0;32m[2026-09-16 13:49:36.592][VERB] RETURN: {"result":"$25478"}
[0m[0;32m[2026-09-16 13:49:36.592][VERB] COMMANDCALL: _C.SafeAPI.Execute(["v1.part.rotation",[{"targets":[25456],"name":"F1496_makeCylinder_housing_py_81_orientation","id":4,"references":[25478],"angle":1.4698745421276}]])
[0m[0;32m[2026-09-16 13:49:36.601][VERB] RETURN: {"result":"$25486"}
[0m[0;32m[2026-09-16 13:49:36.601][VERB] COMMANDCALL: _C.SafeAPI.Execute(["v1.part.translation",[{"references":[26],"name":"F1496_makeCylinder_housing_py_81_0","id":4,"targets":[25486],"distance":"@expr.d1502_position"}]])
[0m[0;32m[2026-09-16 13:49:36.610][VERB] RETURN: {"result":"$25497"}
[0m[0;32m[2026-09-16 13:49:36.610][VERB] COMMANDCALL: _C.SafeAPI.Execute(["v1.part.translation",[{"references":[30],"name":"F1496_makeCylinder_housing_py_81_1","id":4,"targets":[25497],"distance":"@expr.d1503_position"}]])
[0m[0;32m[2026-09-16 13:49:36.618][VERB] RETURN: {"result":"$25508"}
[0m[0;32m[2026-09-16 13:49:36.618][VERB] COMMANDCALL: _C.SafeAPI.Execute(["v1.part.translation",[{"references":[34],"name":"F1496_makeCylinder_housing_py_81_2","id":4,"targets":[25508],"distance":"@expr.d1504_position"}]])
[0m[0;32m[2026-09-16 13:49:36.628][VERB] RETURN: {"result":"$25519"}
[0m[0;32m[2026-09-16 13:49:36.628][VERB] COMMANDCALL: _C.SafeAPI.Execute(["v1.part.boolean",[{"type":"SUBTRACTION","tools":[25519],"target":25411,"name":"F21_cut_housing_py_417_tool_14","id":4}]])
[0m[0;32m[2026-09-16 13:49:36.655][VERB] RETURN: {"result":"$25530"}
[0m[0;32m[2026-09-16 13:49:36.655][VERB] COMMANDCALL: _C.SafeAPI.Execute(["v1.part.workCSys",[{"name":"F1505_makeSphere_housing_py_78_datum","offset":[40.8,49,18.5],"id":4}]])
[0m[0;32m[2026-09-16 13:49:36.663][VERB] RETURN: {"result":"$25542"}
[0m[0;32m[2026-09-16 13:49:36.663][VERB] COMMANDCALL: _C.SafeAPI.Execute(["v1.part.sphere",[{"references":[25542],"name":"F1505_makeSphere_housing_py_78","radius":"@expr.d1506_radius","id":4}]])
[0m[0;32m[2026-09-16 13:49:36.673][VERB] RETURN: {"result":"$25550"}
[0m[0;32m[2026-09-16 13:49:36.674][VERB] COMMANDCALL: _C.SafeAPI.Execute(["v1.part.boolean",[{"type":"SUBTRACTION","tools":[25550],"target":25530,"name":"F20_cut_housing_py_417_tool_0","id":4}]])
[0m[0;32m[2026-09-16 13:49:36.697][VERB] RETURN: {"result":"$25565"}
[0m[0;32m[2026-09-16 13:49:36.697][VERB] COMMANDCALL: _C.SafeAPI.Execute(["v1.part.workCSys",[{"name":"F1507_makeSphere_housing_py_78_datum","offset":[51.2,49,18.5],"id":4}]])
[0m[0;32m[2026-09-16 13:49:36.704][VERB] RETURN: {"result":"$25577"}
[0m[0;32m[2026-09-16 13:49:36.704][VERB] COMMANDCALL: _C.SafeAPI.Execute(["v1.part.sphere",[{"references":[25577],"name":"F1507_makeSphere_housing_py_78","radius":"@expr.d1508_radius","id":4}]])
[0m[0;32m[2026-09-16 13:49:36.713][VERB] RETURN: {"result":"$25585"}
[0m[0;32m[2026-09-16 13:49:36.714][VERB] COMMANDCALL: _C.SafeAPI.Execute(["v1.part.boolean",[{"type":"SUBTRACTION","tools":[25585],"target":25565,"name":"F20_cut_housing_py_417_tool_1","id":4}]])
[0m[0;32m[2026-09-16 13:49:36.736][VERB] RETURN: {"result":"$25600"}
[0m[0;32m[2026-09-16 13:49:36.737][VERB] COMMANDCALL: _C.SafeAPI.Execute(["v1.part.workCSys",[{"name":"F1509_makeSphere_housing_py_78_datum","offset":[51.2,42.5,18.5],"id":4}]])
[0m[0;32m[2026-09-16 13:49:36.743][VERB] RETURN: {"result":"$25612"}
[0m[0;32m[2026-09-16 13:49:36.743][VERB] COMMANDCALL: _C.SafeAPI.Execute(["v1.part.sphere",[{"references":[25612],"name":"F1509_makeSphere_housing_py_78","radius":"@expr.d1510_radius","id":4}]])
[0m[0;32m[2026-09-16 13:49:36.753][VERB] RETURN: {"result":"$25620"}
[0m[0;32m[2026-09-16 13:49:36.753][VERB] COMMANDCALL: _C.SafeAPI.Execute(["v1.part.boolean",[{"type":"SUBTRACTION","tools":[25620],"target":25600,"name":"F20_cut_housing_py_417_tool_2","id":4}]])
[0m[0;32m[2026-09-16 13:49:36.777][VERB] RETURN: {"result":"$25635"}
[0m[0;32m[2026-09-16 13:49:36.777][VERB] COMMANDCALL: _C.SafeAPI.Execute(["v1.part.workCSys",[{"name":"F1511_makeSphere_housing_py_78_datum","offset":[49.8,42.5,21.4],"id":4}]])
[0m[0;32m[2026-09-16 13:49:36.784][VERB] RETURN: {"result":"$25647"}
[0m[0;32m[2026-09-16 13:49:36.784][VERB] COMMANDCALL: _C.SafeAPI.Execute(["v1.part.sphere",[{"references":[25647],"name":"F1511_makeSphere_housing_py_78","radius":"@expr.d1512_radius","id":4}]])
[0m[0;32m[2026-09-16 13:49:36.794][VERB] RETURN: {"result":"$25655"}
[0m[0;32m[2026-09-16 13:49:36.794][VERB] COMMANDCALL: _C.SafeAPI.Execute(["v1.part.boolean",[{"type":"SUBTRACTION","tools":[25655],"target":25635,"name":"F20_cut_housing_py_417_tool_3","id":4}]])
[0m[0;32m[2026-09-16 13:49:36.818][VERB] RETURN: {"result":"$25670"}
[0m[0;32m[2026-09-16 13:49:36.818][VERB] COMMANDCALL: _C.SafeAPI.Execute(["v1.part.workCSys",[{"name":"F1513_makeSphere_housing_py_78_datum","offset":[49.8,23,21.4],"id":4}]])
[0m[0;32m[2026-09-16 13:49:36.825][VERB] RETURN: {"result":"$25682"}
[0m[0;32m[2026-09-16 13:49:36.826][VERB] COMMANDCALL: _C.SafeAPI.Execute(["v1.part.sphere",[{"references":[25682],"name":"F1513_makeSphere_housing_py_78","radius":"@expr.d1514_radius","id":4}]])
[0m[0;32m[2026-09-16 13:49:36.836][VERB] RETURN: {"result":"$25690"}
[0m[0;32m[2026-09-16 13:49:36.836][VERB] COMMANDCALL: _C.SafeAPI.Execute(["v1.part.boolean",[{"type":"SUBTRACTION","tools":[25690],"target":25670,"name":"F20_cut_housing_py_417_tool_4","id":4}]])
[0m[0;32m[2026-09-16 13:49:36.859][VERB] RETURN: {"result":"$25705"}
[0m[0;32m[2026-09-16 13:49:36.859][VERB] COMMANDCALL: _C.SafeAPI.Execute(["v1.part.workCSys",[{"name":"F1515_makeSphere_housing_py_78_datum","offset":[46,23,18],"id":4}]])
[0m[0;32m[2026-09-16 13:49:36.867][VERB] RETURN: {"result":"$25717"}
[0m[0;32m[2026-09-16 13:49:36.867][VERB] COMMANDCALL: _C.SafeAPI.Execute(["v1.part.sphere",[{"references":[25717],"name":"F1515_makeSphere_housing_py_78","radius":"@expr.d1516_radius","id":4}]])
[0m[0;32m[2026-09-16 13:49:36.877][VERB] RETURN: {"result":"$25725"}
[0m[0;32m[2026-09-16 13:49:36.877][VERB] COMMANDCALL: _C.SafeAPI.Execute(["v1.part.boolean",[{"type":"SUBTRACTION","tools":[25725],"target":25705,"name":"F20_cut_housing_py_417_tool_5","id":4}]])
[0m[0;32m[2026-09-16 13:49:36.901][VERB] RETURN: {"result":"$25740"}
[0m[0;32m[2026-09-16 13:49:36.901][VERB] COMMANDCALL: _C.SafeAPI.Execute(["v1.part.workCSys",[{"name":"F1517_makeSphere_housing_py_78_datum","offset":[46,23,13.3],"id":4}]])
[0m[0;32m[2026-09-16 13:49:36.908][VERB] RETURN: {"result":"$25752"}
[0m[0;32m[2026-09-16 13:49:36.909][VERB] COMMANDCALL: _C.SafeAPI.Execute(["v1.part.sphere",[{"references":[25752],"name":"F1517_makeSphere_housing_py_78","radius":"@expr.d1518_radius","id":4}]])
[0m[0;32m[2026-09-16 13:49:36.919][VERB] RETURN: {"result":"$25760"}
[0m[0;32m[2026-09-16 13:49:36.919][VERB] COMMANDCALL: _C.SafeAPI.Execute(["v1.part.boolean",[{"type":"SUBTRACTION","tools":[25760],"target":25740,"name":"F20_cut_housing_py_417_tool_6","id":4}]])
[0m[0;32m[2026-09-16 13:49:36.942][VERB] RETURN: {"result":"$25775"}
[0m[0;32m[2026-09-16 13:49:36.942][VERB] COMMANDCALL: _C.SafeAPI.Execute(["v1.part.workPlane",[{"type":"PLANE","references":[46],"name":"F1519_makeCylinder_housing_py_81_plane","offset":"@expr.d1520_plane_offset","id":4}]])
[0m[0;32m[2026-09-16 13:49:36.950][VERB] RETURN: {"result":"$25787"}
[0m[0;32m[2026-09-16 13:49:36.950][VERB] COMMANDCALL: _C.SafeAPI.Execute(["v1.sketch.create",[{"planeId":25787,"name":"F1519_makeCylinder_housing_py_81_profile","id":4}]])
[0m[0;32m[2026-09-16 13:49:36.953][VERB] RETURN: {"result":"$25793"}
[0m[0;32m[2026-09-16 13:49:36.953][VERB] COMMANDCALL: _C.SafeAPI.Execute(["v1.sketch.circle",[{"radius":0.65,"id":25793,"genFixation":0,"centerPos":[18.5,-49,0]}]])
[0m[0;32m[2026-09-16 13:49:36.954][VERB] RETURN: {"result":"$25799"}
[0m[0;32m[2026-09-16 13:49:36.955][VERB] COMMANDCALL: _C.SafeAPI.Execute(["v1.sketch.getPoints",[{"id":25799}]])
[0m[0;32m[2026-09-16 13:49:36.955][VERB] RETURN: {"result":{"centerId":"$25800"}}
[0m[0;32m[2026-09-16 13:49:36.955][VERB] COMMANDCALL: _C.SafeAPI.Execute(["v1.sketch.point",[{"pos":[-1000,-1000,0],"id":25793}]])
[0m[0;32m[2026-09-16 13:49:36.956][VERB] RETURN: {"result":"$25802"}
[0m[0;32m[2026-09-16 13:49:36.956][VERB] COMMANDCALL: _C.SafeAPI.Execute(["v1.sketch.constraint",[{"type":"FIXATION","id":25793,"geomIds":[25802]}]])
[0m[0;32m[2026-09-16 13:49:36.957][VERB] RETURN: {"result":"$25804"}
[0m[0;32m[2026-09-16 13:49:36.957][VERB] COMMANDCALL: _C.SafeAPI.Execute(["v1.sketch.dimension",[{"type":"HORIZONTAL_DISTANCE","value":"@expr.d1521_position_x","name":"position_x","id":25793,"geomIds":[25802,25800]}]])
[0m[0;32m[2026-09-16 13:49:36.962][VERB] RETURN: {"result":"$25808"}
[0m[0;32m[2026-09-16 13:49:36.963][VERB] COMMANDCALL: _C.SafeAPI.Execute(["v1.sketch.dimension",[{"type":"VERTICAL_DISTANCE","value":"@expr.d1522_position_y","name":"position_y","id":25793,"geomIds":[25802,25800]}]])
[0m[0;32m[2026-09-16 13:49:36.969][VERB] RETURN: {"result":"$25812"}
[0m[0;32m[2026-09-16 13:49:36.970][VERB] COMMANDCALL: _C.SafeAPI.Execute(["v1.sketch.dimension",[{"type":"RADIUS","value":"@expr.d1523_radius","name":"radius","id":25793,"geomIds":[25799]}]])
[0m[0;32m[2026-09-16 13:49:36.977][VERB] RETURN: {"result":"$25816"}
[0m[0;32m[2026-09-16 13:49:36.977][VERB] COMMANDCALL: _C.SafeAPI.Execute(["v1.part.extrusion",[{"references":[25799],"name":"F1519_makeCylinder_housing_py_81","taperAngle":0,"limit2":"@expr.d1524_height","id":4}]])
[0m[0;32m[2026-09-16 13:49:36.991][VERB] RETURN: {"result":"$25820"}
[0m[0;32m[2026-09-16 13:49:36.991][VERB] COMMANDCALL: _C.SafeAPI.Execute(["v1.part.boolean",[{"type":"SUBTRACTION","tools":[25820],"target":25775,"name":"F20_cut_housing_py_417_tool_7","id":4}]])
[0m[0;32m[2026-09-16 13:49:37.021][VERB] RETURN: {"result":"$25842"}
[0m[0;32m[2026-09-16 13:49:37.022][VERB] COMMANDCALL: _C.SafeAPI.Execute(["v1.part.workPlane",[{"type":"PLANE","references":[42],"name":"F1525_makeCylinder_housing_py_81_plane","offset":"@expr.d1526_plane_offset","id":4}]])
[0m[0;32m[2026-09-16 13:49:37.030][VERB] RETURN: {"result":"$25854"}
[0m[0;32m[2026-09-16 13:49:37.030][VERB] COMMANDCALL: _C.SafeAPI.Execute(["v1.sketch.create",[{"planeId":25854,"name":"F1525_makeCylinder_housing_py_81_profile","id":4}]])
[0m[0;32m[2026-09-16 13:49:37.033][VERB] RETURN: {"result":"$25860"}
[0m[0;32m[2026-09-16 13:49:37.033][VERB] COMMANDCALL: _C.SafeAPI.Execute(["v1.sketch.circle",[{"radius":0.65,"id":25860,"genFixation":0,"centerPos":[51.2,-18.5,0]}]])
[0m[0;32m[2026-09-16 13:49:37.035][VERB] RETURN: {"result":"$25866"}
[0m[0;32m[2026-09-16 13:49:37.035][VERB] COMMANDCALL: _C.SafeAPI.Execute(["v1.sketch.getPoints",[{"id":25866}]])
[0m[0;32m[2026-09-16 13:49:37.035][VERB] RETURN: {"result":{"centerId":"$25867"}}
[0m[0;32m[2026-09-16 13:49:37.036][VERB] COMMANDCALL: _C.SafeAPI.Execute(["v1.sketch.point",[{"pos":[-1000,-1000,0],"id":25860}]])
[0m[0;32m[2026-09-16 13:49:37.037][VERB] RETURN: {"result":"$25869"}
[0m[0;32m[2026-09-16 13:49:37.037][VERB] COMMANDCALL: _C.SafeAPI.Execute(["v1.sketch.constraint",[{"type":"FIXATION","id":25860,"geomIds":[25869]}]])
[0m[0;32m[2026-09-16 13:49:37.038][VERB] RETURN: {"result":"$25871"}
[0m[0;32m[2026-09-16 13:49:37.039][VERB] COMMANDCALL: _C.SafeAPI.Execute(["v1.sketch.dimension",[{"type":"HORIZONTAL_DISTANCE","value":"@expr.d1527_position_x","name":"position_x","id":25860,"geomIds":[25869,25867]}]])
[0m[0;32m[2026-09-16 13:49:37.044][VERB] RETURN: {"result":"$25875"}
[0m[0;32m[2026-09-16 13:49:37.044][VERB] COMMANDCALL: _C.SafeAPI.Execute(["v1.sketch.dimension",[{"type":"VERTICAL_DISTANCE","value":"@expr.d1528_position_y","name":"position_y","id":25860,"geomIds":[25869,25867]}]])
[0m[0;32m[2026-09-16 13:49:37.050][VERB] RETURN: {"result":"$25879"}
[0m[0;32m[2026-09-16 13:49:37.051][VERB] COMMANDCALL: _C.SafeAPI.Execute(["v1.sketch.dimension",[{"type":"RADIUS","value":"@expr.d1529_radius","name":"radius","id":25860,"geomIds":[25866]}]])
[0m[0;32m[2026-09-16 13:49:37.056][VERB] RETURN: {"result":"$25883"}
[0m[0;32m[2026-09-16 13:49:37.057][VERB] COMMANDCALL: _C.SafeAPI.Execute(["v1.part.extrusion",[{"references":[25866],"name":"F1525_makeCylinder_housing_py_81","taperAngle":0,"limit2":"@expr.d1530_height","id":4}]])
[0m[0;32m[2026-09-16 13:49:37.068][VERB] RETURN: {"result":"$25887"}
[0m[0;32m[2026-09-16 13:49:37.069][VERB] COMMANDCALL: _C.SafeAPI.Execute(["v1.part.boolean",[{"type":"SUBTRACTION","tools":[25887],"target":25842,"name":"F20_cut_housing_py_417_tool_8","id":4}]])
[0m[0;32m[2026-09-16 13:49:37.097][VERB] RETURN: {"result":"$25909"}
[0m[0;32m[2026-09-16 13:49:37.098][VERB] COMMANDCALL: _C.SafeAPI.Execute(["v1.part.workPlane",[{"type":"PLANE","references":[38],"name":"F1531_makeCylinder_housing_py_81_local_plane","offset":"@expr.d1532_plane_offset","id":4}]])
[0m[0;32m[2026-09-16 13:49:37.106][VERB] RETURN: {"result":"$25921"}
[0m[0;32m[2026-09-16 13:49:37.106][VERB] COMMANDCALL: _C.SafeAPI.Execute(["v1.sketch.create",[{"planeId":25921,"name":"F1531_makeCylinder_housing_py_81_local_profile","id":4}]])
[0m[0;32m[2026-09-16 13:49:37.109][VERB] RETURN: {"result":"$25927"}
[0m[0;32m[2026-09-16 13:49:37.109][VERB] COMMANDCALL: _C.SafeAPI.Execute(["v1.sketch.circle",[{"radius":0.65,"id":25927,"genFixation":0,"centerPos":[0,0,0]}]])
[0m[0;32m[2026-09-16 13:49:37.110][VERB] RETURN: {"result":"$25933"}
[0m[0;32m[2026-09-16 13:49:37.110][VERB] COMMANDCALL: _C.SafeAPI.Execute(["v1.sketch.getPoints",[{"id":25933}]])
[0m[0;32m[2026-09-16 13:49:37.110][VERB] RETURN: {"result":{"centerId":"$25934"}}
[0m[0;32m[2026-09-16 13:49:37.111][VERB] COMMANDCALL: _C.SafeAPI.Execute(["v1.sketch.point",[{"pos":[-1000,-1000,0],"id":25927}]])
[0m[0;32m[2026-09-16 13:49:37.112][VERB] RETURN: {"result":"$25936"}
[0m[0;32m[2026-09-16 13:49:37.112][VERB] COMMANDCALL: _C.SafeAPI.Execute(["v1.sketch.constraint",[{"type":"FIXATION","id":25927,"geomIds":[25936]}]])
[0m[0;32m[2026-09-16 13:49:37.113][VERB] RETURN: {"result":"$25938"}
[0m[0;32m[2026-09-16 13:49:37.113][VERB] COMMANDCALL: _C.SafeAPI.Execute(["v1.sketch.dimension",[{"type":"HORIZONTAL_DISTANCE","value":"@expr.d1533_position_x","name":"position_x","id":25927,"geomIds":[25936,25934]}]])
[0m[0;32m[2026-09-16 13:49:37.118][VERB] RETURN: {"result":"$25942"}
[0m[0;32m[2026-09-16 13:49:37.118][VERB] COMMANDCALL: _C.SafeAPI.Execute(["v1.sketch.dimension",[{"type":"VERTICAL_DISTANCE","value":"@expr.d1534_position_y","name":"position_y","id":25927,"geomIds":[25936,25934]}]])
[0m[0;32m[2026-09-16 13:49:37.124][VERB] RETURN: {"result":"$25946"}
[0m[0;32m[2026-09-16 13:49:37.125][VERB] COMMANDCALL: _C.SafeAPI.Execute(["v1.sketch.dimension",[{"type":"RADIUS","value":"@expr.d1535_radius","name":"radius","id":25927,"geomIds":[25933]}]])
[0m[0;32m[2026-09-16 13:49:37.131][VERB] RETURN: {"result":"$25950"}
[0m[0;32m[2026-09-16 13:49:37.131][VERB] COMMANDCALL: _C.SafeAPI.Execute(["v1.part.extrusion",[{"references":[25933],"name":"F1531_makeCylinder_housing_py_81_local","taperAngle":0,"limit2":"@expr.d1536_height","id":4}]])
[0m[0;32m[2026-09-16 13:49:37.142][VERB] RETURN: {"result":"$25954"}
[0m[0;32m[2026-09-16 13:49:37.143][VERB] COMMANDCALL: _C.SafeAPI.Execute(["v1.part.workAxis",[{"name":"F1531_makeCylinder_housing_py_81_axis","id":4,"position":[0,0,0],"direction":[0,-1.4,0]}]])
[0m[0;32m[2026-09-16 13:49:37.149][VERB] RETURN: {"result":"$25976"}
[0m[0;32m[2026-09-16 13:49:37.150][VERB] COMMANDCALL: _C.SafeAPI.Execute(["v1.part.rotation",[{"targets":[25954],"name":"F1531_makeCylinder_housing_py_81_orientation","id":4,"references":[25976],"angle":0.44975961306984}]])
[0m[0;32m[2026-09-16 13:49:37.158][VERB] RETURN: {"result":"$25984"}
[0m[0;32m[2026-09-16 13:49:37.158][VERB] COMMANDCALL: _C.SafeAPI.Execute(["v1.part.translation",[{"references":[26],"name":"F1531_makeCylinder_housing_py_81_0","id":4,"targets":[25984],"distance":"@expr.d1537_position"}]])
[0m[0;32m[2026-09-16 13:49:37.167][VERB] RETURN: {"result":"$25995"}
[0m[0;32m[2026-09-16 13:49:37.168][VERB] COMMANDCALL: _C.SafeAPI.Execute(["v1.part.translation",[{"references":[30],"name":"F1531_makeCylinder_housing_py_81_1","id":4,"targets":[25995],"distance":"@expr.d1538_position"}]])
[0m[0;32m[2026-09-16 13:49:37.178][VERB] RETURN: {"result":"$26006"}
[0m[0;32m[2026-09-16 13:49:37.178][VERB] COMMANDCALL: _C.SafeAPI.Execute(["v1.part.translation",[{"references":[34],"name":"F1531_makeCylinder_housing_py_81_2","id":4,"targets":[26006],"distance":"@expr.d1539_position"}]])
[0m[0;32m[2026-09-16 13:49:37.188][VERB] RETURN: {"result":"$26017"}
[0m[0;32m[2026-09-16 13:49:37.189][VERB] COMMANDCALL: _C.SafeAPI.Execute(["v1.part.boolean",[{"type":"SUBTRACTION","tools":[26017],"target":25909,"name":"F20_cut_housing_py_417_tool_9","id":4}]])
[0m[0;32m[2026-09-16 13:49:37.217][VERB] RETURN: {"result":"$26028"}
[0m[0;32m[2026-09-16 13:49:37.217][VERB] COMMANDCALL: _C.SafeAPI.Execute(["v1.part.workPlane",[{"type":"PLANE","references":[42],"name":"F1540_makeCylinder_housing_py_81_plane","offset":"@expr.d1541_plane_offset","id":4}]])
[0m[0;32m[2026-09-16 13:49:37.226][VERB] RETURN: {"result":"$26040"}
[0m[0;32m[2026-09-16 13:49:37.226][VERB] COMMANDCALL: _C.SafeAPI.Execute(["v1.sketch.create",[{"planeId":26040,"name":"F1540_makeCylinder_housing_py_81_profile","id":4}]])
[0m[0;32m[2026-09-16 13:49:37.229][VERB] RETURN: {"result":"$26046"}
[0m[0;32m[2026-09-16 13:49:37.229][VERB] COMMANDCALL: _C.SafeAPI.Execute(["v1.sketch.circle",[{"radius":0.65,"id":26046,"genFixation":0,"centerPos":[49.8,-21.4,0]}]])
[0m[0;32m[2026-09-16 13:49:37.230][VERB] RETURN: {"result":"$26052"}
[0m[0;32m[2026-09-16 13:49:37.230][VERB] COMMANDCALL: _C.SafeAPI.Execute(["v1.sketch.getPoints",[{"id":26052}]])
[0m[0;32m[2026-09-16 13:49:37.231][VERB] RETURN: {"result":{"centerId":"$26053"}}
[0m[0;32m[2026-09-16 13:49:37.231][VERB] COMMANDCALL: _C.SafeAPI.Execute(["v1.sketch.point",[{"pos":[-1000,-1000,0],"id":26046}]])
[0m[0;32m[2026-09-16 13:49:37.232][VERB] RETURN: {"result":"$26055"}
[0m[0;32m[2026-09-16 13:49:37.232][VERB] COMMANDCALL: _C.SafeAPI.Execute(["v1.sketch.constraint",[{"type":"FIXATION","id":26046,"geomIds":[26055]}]])
[0m[0;32m[2026-09-16 13:49:37.233][VERB] RETURN: {"result":"$26057"}
[0m[0;32m[2026-09-16 13:49:37.233][VERB] COMMANDCALL: _C.SafeAPI.Execute(["v1.sketch.dimension",[{"type":"HORIZONTAL_DISTANCE","value":"@expr.d1542_position_x","name":"position_x","id":26046,"geomIds":[26055,26053]}]])
[0m[0;32m[2026-09-16 13:49:37.238][VERB] RETURN: {"result":"$26061"}
[0m[0;32m[2026-09-16 13:49:37.238][VERB] COMMANDCALL: _C.SafeAPI.Execute(["v1.sketch.dimension",[{"type":"VERTICAL_DISTANCE","value":"@expr.d1543_position_y","name":"position_y","id":26046,"geomIds":[26055,26053]}]])
[0m[0;32m[2026-09-16 13:49:37.244][VERB] RETURN: {"result":"$26065"}
[0m[0;32m[2026-09-16 13:49:37.244][VERB] COMMANDCALL: _C.SafeAPI.Execute(["v1.sketch.dimension",[{"type":"RADIUS","value":"@expr.d1544_radius","name":"radius","id":26046,"geomIds":[26052]}]])
[0m[0;32m[2026-09-16 13:49:37.250][VERB] RETURN: {"result":"$26069"}
[0m[0;32m[2026-09-16 13:49:37.251][VERB] COMMANDCALL: _C.SafeAPI.Execute(["v1.part.extrusion",[{"references":[26052],"name":"F1540_makeCylinder_housing_py_81","taperAngle":0,"limit2":"@expr.d1545_height","id":4}]])
[0m[0;32m[2026-09-16 13:49:37.262][VERB] RETURN: {"result":"$26073"}
[0m[0;32m[2026-09-16 13:49:37.262][VERB] COMMANDCALL: _C.SafeAPI.Execute(["v1.part.boolean",[{"type":"SUBTRACTION","tools":[26073],"target":26028,"name":"F20_cut_housing_py_417_tool_10","id":4}]])
[0m[0;32m[2026-09-16 13:49:37.290][VERB] RETURN: {"result":"$26095"}
[0m[0;32m[2026-09-16 13:49:37.290][VERB] COMMANDCALL: _C.SafeAPI.Execute(["v1.part.workPlane",[{"type":"PLANE","references":[38],"name":"F1546_makeCylinder_housing_py_81_local_plane","offset":"@expr.d1547_plane_offset","id":4}]])
[0m[0;32m[2026-09-16 13:49:37.299][VERB] RETURN: {"result":"$26107"}
[0m[0;32m[2026-09-16 13:49:37.299][VERB] COMMANDCALL: _C.SafeAPI.Execute(["v1.sketch.create",[{"planeId":26107,"name":"F1546_makeCylinder_housing_py_81_local_profile","id":4}]])
[0m[0;32m[2026-09-16 13:49:37.302][VERB] RETURN: {"result":"$26113"}
[0m[0;32m[2026-09-16 13:49:37.302][VERB] COMMANDCALL: _C.SafeAPI.Execute(["v1.sketch.circle",[{"radius":0.65,"id":26113,"genFixation":0,"centerPos":[0,0,0]}]])
[0m[0;32m[2026-09-16 13:49:37.303][VERB] RETURN: {"result":"$26119"}
[0m[0;32m[2026-09-16 13:49:37.303][VERB] COMMANDCALL: _C.SafeAPI.Execute(["v1.sketch.getPoints",[{"id":26119}]])
[0m[0;32m[2026-09-16 13:49:37.304][VERB] RETURN: {"result":{"centerId":"$26120"}}
[0m[0;32m[2026-09-16 13:49:37.304][VERB] COMMANDCALL: _C.SafeAPI.Execute(["v1.sketch.point",[{"pos":[-1000,-1000,0],"id":26113}]])
[0m[0;32m[2026-09-16 13:49:37.305][VERB] RETURN: {"result":"$26122"}
[0m[0;32m[2026-09-16 13:49:37.305][VERB] COMMANDCALL: _C.SafeAPI.Execute(["v1.sketch.constraint",[{"type":"FIXATION","id":26113,"geomIds":[26122]}]])
[0m[0;32m[2026-09-16 13:49:37.306][VERB] RETURN: {"result":"$26124"}
[0m[0;32m[2026-09-16 13:49:37.306][VERB] COMMANDCALL: _C.SafeAPI.Execute(["v1.sketch.dimension",[{"type":"HORIZONTAL_DISTANCE","value":"@expr.d1548_position_x","name":"position_x","id":26113,"geomIds":[26122,26120]}]])
[0m[0;32m[2026-09-16 13:49:37.311][VERB] RETURN: {"result":"$26128"}
[0m[0;32m[2026-09-16 13:49:37.311][VERB] COMMANDCALL: _C.SafeAPI.Execute(["v1.sketch.dimension",[{"type":"VERTICAL_DISTANCE","value":"@expr.d1549_position_y","name":"position_y","id":26113,"geomIds":[26122,26120]}]])
[0m[0;32m[2026-09-16 13:49:37.318][VERB] RETURN: {"result":"$26132"}
[0m[0;32m[2026-09-16 13:49:37.318][VERB] COMMANDCALL: _C.SafeAPI.Execute(["v1.sketch.dimension",[{"type":"RADIUS","value":"@expr.d1550_radius","name":"radius","id":26113,"geomIds":[26119]}]])
[0m[0;32m[2026-09-16 13:49:37.325][VERB] RETURN: {"result":"$26136"}
[0m[0;32m[2026-09-16 13:49:37.325][VERB] COMMANDCALL: _C.SafeAPI.Execute(["v1.part.extrusion",[{"references":[26119],"name":"F1546_makeCylinder_housing_py_81_local","taperAngle":0,"limit2":"@expr.d1551_height","id":4}]])
[0m[0;32m[2026-09-16 13:49:37.338][VERB] RETURN: {"result":"$26140"}
[0m[0;32m[2026-09-16 13:49:37.338][VERB] COMMANDCALL: _C.SafeAPI.Execute(["v1.part.workAxis",[{"name":"F1546_makeCylinder_housing_py_81_axis","id":4,"position":[0,0,0],"direction":[0,-3.8,0]}]])
[0m[0;32m[2026-09-16 13:49:37.346][VERB] RETURN: {"result":"$26162"}
[0m[0;32m[2026-09-16 13:49:37.347][VERB] COMMANDCALL: _C.SafeAPI.Execute(["v1.part.rotation",[{"targets":[26140],"name":"F1546_makeCylinder_housing_py_81_orientation","id":4,"references":[26162],"angle":2.3006959849466}]])
[0m[0;32m[2026-09-16 13:49:37.355][VERB] RETURN: {"result":"$26170"}
[0m[0;32m[2026-09-16 13:49:37.355][VERB] COMMANDCALL: _C.SafeAPI.Execute(["v1.part.translation",[{"references":[26],"name":"F1546_makeCylinder_housing_py_81_0","id":4,"targets":[26170],"distance":"@expr.d1552_position"}]])
[0m[0;32m[2026-09-16 13:49:37.363][VERB] RETURN: {"result":"$26181"}
[0m[0;32m[2026-09-16 13:49:37.364][VERB] COMMANDCALL: _C.SafeAPI.Execute(["v1.part.translation",[{"references":[30],"name":"F1546_makeCylinder_housing_py_81_1","id":4,"targets":[26181],"distance":"@expr.d1553_position"}]])
[0m[0;32m[2026-09-16 13:49:37.373][VERB] RETURN: {"result":"$26192"}
[0m[0;32m[2026-09-16 13:49:37.374][VERB] COMMANDCALL: _C.SafeAPI.Execute(["v1.part.translation",[{"references":[34],"name":"F1546_makeCylinder_housing_py_81_2","id":4,"targets":[26192],"distance":"@expr.d1554_position"}]])
[0m[0;32m[2026-09-16 13:49:37.383][VERB] RETURN: {"result":"$26203"}
[0m[0;32m[2026-09-16 13:49:37.383][VERB] COMMANDCALL: _C.SafeAPI.Execute(["v1.part.boolean",[{"type":"SUBTRACTION","tools":[26203],"target":26095,"name":"F20_cut_housing_py_417_tool_11","id":4}]])
[0m[0;32m[2026-09-16 13:49:37.413][VERB] RETURN: {"result":"$26214"}
[0m[0;32m[2026-09-16 13:49:37.413][VERB] COMMANDCALL: _C.SafeAPI.Execute(["v1.part.workPlane",[{"type":"PLANE","references":[38],"name":"F1555_makeCylinder_housing_py_81_plane","offset":"@expr.d1556_plane_offset","id":4}]])
[0m[0;32m[2026-09-16 13:49:37.422][VERB] RETURN: {"result":"$26226"}
[0m[0;32m[2026-09-16 13:49:37.422][VERB] COMMANDCALL: _C.SafeAPI.Execute(["v1.sketch.create",[{"planeId":26226,"name":"F1555_makeCylinder_housing_py_81_profile","id":4}]])
[0m[0;32m[2026-09-16 13:49:37.425][VERB] RETURN: {"result":"$26232"}
[0m[0;32m[2026-09-16 13:49:37.425][VERB] COMMANDCALL: _C.SafeAPI.Execute(["v1.sketch.circle",[{"radius":0.65,"id":26232,"genFixation":0,"centerPos":[46,23,0]}]])
[0m[0;32m[2026-09-16 13:49:37.427][VERB] RETURN: {"result":"$26238"}
[0m[0;32m[2026-09-16 13:49:37.427][VERB] COMMANDCALL: _C.SafeAPI.Execute(["v1.sketch.getPoints",[{"id":26238}]])
[0m[0;32m[2026-09-16 13:49:37.427][VERB] RETURN: {"result":{"centerId":"$26239"}}
[0m[0;32m[2026-09-16 13:49:37.428][VERB] COMMANDCALL: _C.SafeAPI.Execute(["v1.sketch.point",[{"pos":[-1000,-1000,0],"id":26232}]])
[0m[0;32m[2026-09-16 13:49:37.429][VERB] RETURN: {"result":"$26241"}
[0m[0;32m[2026-09-16 13:49:37.429][VERB] COMMANDCALL: _C.SafeAPI.Execute(["v1.sketch.constraint",[{"type":"FIXATION","id":26232,"geomIds":[26241]}]])
[0m[0;32m[2026-09-16 13:49:37.430][VERB] RETURN: {"result":"$26243"}
[0m[0;32m[2026-09-16 13:49:37.430][VERB] COMMANDCALL: _C.SafeAPI.Execute(["v1.sketch.dimension",[{"type":"HORIZONTAL_DISTANCE","value":"@expr.d1557_position_x","name":"position_x","id":26232,"geomIds":[26241,26239]}]])
[0m[0;32m[2026-09-16 13:49:37.436][VERB] RETURN: {"result":"$26247"}
[0m[0;32m[2026-09-16 13:49:37.436][VERB] COMMANDCALL: _C.SafeAPI.Execute(["v1.sketch.dimension",[{"type":"VERTICAL_DISTANCE","value":"@expr.d1558_position_y","name":"position_y","id":26232,"geomIds":[26241,26239]}]])
[0m[0;32m[2026-09-16 13:49:37.441][VERB] RETURN: {"result":"$26251"}
[0m[0;32m[2026-09-16 13:49:37.442][VERB] COMMANDCALL: _C.SafeAPI.Execute(["v1.sketch.dimension",[{"type":"RADIUS","value":"@expr.d1559_radius","name":"radius","id":26232,"geomIds":[26238]}]])
[0m[0;32m[2026-09-16 13:49:37.448][VERB] RETURN: {"result":"$26255"}
[0m[0;32m[2026-09-16 13:49:37.448][VERB] COMMANDCALL: _C.SafeAPI.Execute(["v1.part.extrusion",[{"references":[26238],"name":"F1555_makeCylinder_housing_py_81","taperAngle":0,"limit2":"@expr.d1560_height","id":4}]])
[0m[0;32m[2026-09-16 13:49:37.459][VERB] RETURN: {"result":"$26259"}
[0m[0;32m[2026-09-16 13:49:37.459][VERB] COMMANDCALL: _C.SafeAPI.Execute(["v1.part.boolean",[{"type":"SUBTRACTION","tools":[26259],"target":26214,"name":"F20_cut_housing_py_417_tool_12","id":4}]])
[0m[0;32m[2026-09-16 13:49:37.497][VERB] RETURN: {"result":"$26281"}
[0m[0;32m[2026-09-16 13:49:37.498][VERB] COMMANDCALL: _C.SafeAPI.Execute(["v1.part.workCSys",[{"name":"F1561_makeSphere_housing_py_78_datum","offset":[50.7,28,26],"id":4}]])
[0m[0;32m[2026-09-16 13:49:37.505][VERB] RETURN: {"result":"$26325"}
[0m[0;32m[2026-09-16 13:49:37.505][VERB] COMMANDCALL: _C.SafeAPI.Execute(["v1.part.sphere",[{"references":[26325],"name":"F1561_makeSphere_housing_py_78","radius":"@expr.d1562_radius","id":4}]])
[0m[0;32m[2026-09-16 13:49:37.515][VERB] RETURN: {"result":"$26333"}
[0m[0;32m[2026-09-16 13:49:37.515][VERB] COMMANDCALL: _C.SafeAPI.Execute(["v1.part.boolean",[{"type":"SUBTRACTION","tools":[26333],"target":26281,"name":"F19_cut_housing_py_417_tool_0","id":4}]])
[0m[0;32m[2026-09-16 13:49:37.539][VERB] RETURN: {"result":"$26348"}
[0m[0;32m[2026-09-16 13:49:37.540][VERB] COMMANDCALL: _C.SafeAPI.Execute(["v1.part.workCSys",[{"name":"F1563_makeSphere_housing_py_78_datum","offset":[50.7,35.5,26],"id":4}]])
[0m[0;32m[2026-09-16 13:49:37.547][VERB] RETURN: {"result":"$26360"}
[0m[0;32m[2026-09-16 13:49:37.548][VERB] COMMANDCALL: _C.SafeAPI.Execute(["v1.part.sphere",[{"references":[26360],"name":"F1563_makeSphere_housing_py_78","radius":"@expr.d1564_radius","id":4}]])
[0m[0;32m[2026-09-16 13:49:37.558][VERB] RETURN: {"result":"$26368"}
[0m[0;32m[2026-09-16 13:49:37.558][VERB] COMMANDCALL: _C.SafeAPI.Execute(["v1.part.boolean",[{"type":"SUBTRACTION","tools":[26368],"target":26348,"name":"F19_cut_housing_py_417_tool_1","id":4}]])
[0m[0;32m[2026-09-16 13:49:37.582][VERB] RETURN: {"result":"$26383"}
[0m[0;32m[2026-09-16 13:49:37.582][VERB] COMMANDCALL: _C.SafeAPI.Execute(["v1.part.workPlane",[{"type":"PLANE","references":[42],"name":"F1565_makeCylinder_housing_py_81_plane","offset":"@expr.d1566_plane_offset","id":4}]])
[0m[0;32m[2026-09-16 13:49:37.590][VERB] RETURN: {"result":"$26395"}
[0m[0;32m[2026-09-16 13:49:37.590][VERB] COMMANDCALL: _C.SafeAPI.Execute(["v1.sketch.create",[{"planeId":26395,"name":"F1565_makeCylinder_housing_py_81_profile","id":4}]])
[0m[0;32m[2026-09-16 13:49:37.593][VERB] RETURN: {"result":"$26401"}
[0m[0;32m[2026-09-16 13:49:37.593][VERB] COMMANDCALL: _C.SafeAPI.Execute(["v1.sketch.circle",[{"radius":0.65,"id":26401,"genFixation":0,"centerPos":[50.7,-26,0]}]])
[0m[0;32m[2026-09-16 13:49:37.594][VERB] RETURN: {"result":"$26407"}
[0m[0;32m[2026-09-16 13:49:37.594][VERB] COMMANDCALL: _C.SafeAPI.Execute(["v1.sketch.getPoints",[{"id":26407}]])
[0m[0;32m[2026-09-16 13:49:37.595][VERB] RETURN: {"result":{"centerId":"$26408"}}
[0m[0;32m[2026-09-16 13:49:37.595][VERB] COMMANDCALL: _C.SafeAPI.Execute(["v1.sketch.point",[{"pos":[-1000,-1000,0],"id":26401}]])
[0m[0;32m[2026-09-16 13:49:37.596][VERB] RETURN: {"result":"$26410"}
[0m[0;32m[2026-09-16 13:49:37.596][VERB] COMMANDCALL: _C.SafeAPI.Execute(["v1.sketch.constraint",[{"type":"FIXATION","id":26401,"geomIds":[26410]}]])
[0m[0;32m[2026-09-16 13:49:37.597][VERB] RETURN: {"result":"$26412"}
[0m[0;32m[2026-09-16 13:49:37.597][VERB] COMMANDCALL: _C.SafeAPI.Execute(["v1.sketch.dimension",[{"type":"HORIZONTAL_DISTANCE","value":"@expr.d1567_position_x","name":"position_x","id":26401,"geomIds":[26410,26408]}]])
[0m[0;32m[2026-09-16 13:49:37.602][VERB] RETURN: {"result":"$26416"}
[0m[0;32m[2026-09-16 13:49:37.602][VERB] COMMANDCALL: _C.SafeAPI.Execute(["v1.sketch.dimension",[{"type":"VERTICAL_DISTANCE","value":"@expr.d1568_position_y","name":"position_y","id":26401,"geomIds":[26410,26408]}]])
[0m[0;32m[2026-09-16 13:49:37.608][VERB] RETURN: {"result":"$26420"}
[0m[0;32m[2026-09-16 13:49:37.608][VERB] COMMANDCALL: _C.SafeAPI.Execute(["v1.sketch.dimension",[{"type":"RADIUS","value":"@expr.d1569_radius","name":"radius","id":26401,"geomIds":[26407]}]])
[0m[0;32m[2026-09-16 13:49:37.614][VERB] RETURN: {"result":"$26424"}
[0m[0;32m[2026-09-16 13:49:37.614][VERB] COMMANDCALL: _C.SafeAPI.Execute(["v1.part.extrusion",[{"references":[26407],"name":"F1565_makeCylinder_housing_py_81","taperAngle":0,"limit2":"@expr.d1570_height","id":4}]])
[0m[0;32m[2026-09-16 13:49:37.626][VERB] RETURN: {"result":"$26428"}
[0m[0;32m[2026-09-16 13:49:37.626][VERB] COMMANDCALL: _C.SafeAPI.Execute(["v1.part.boolean",[{"type":"SUBTRACTION","tools":[26428],"target":26383,"name":"F19_cut_housing_py_417_tool_2","id":4}]])
[0m[0;32m[2026-09-16 13:49:37.655][VERB] RETURN: {"result":"$26450"}
[0m[0;32m[2026-09-16 13:49:37.655][VERB] COMMANDCALL: _C.SafeAPI.Execute(["v1.part.workPlane",[{"type":"PLANE","references":[38],"name":"F1571_makeBox_cad_primitives_py_8_plane","offset":"@expr.d1572_plane_offset","id":4}]])
[0m[0;32m[2026-09-16 13:49:37.664][VERB] RETURN: {"result":"$26462"}
[0m[0;32m[2026-09-16 13:49:37.665][VERB] COMMANDCALL: _C.SafeAPI.Execute(["v1.sketch.create",[{"planeId":26462,"name":"F1571_makeBox_cad_primitives_py_8_profile","id":4}]])
[0m[0;32m[2026-09-16 13:49:37.668][VERB] RETURN: {"result":"$26468"}
[0m[0;32m[2026-09-16 13:49:37.668][VERB] COMMANDCALL: _C.SafeAPI.Execute(["v1.sketch.rectangle",[{"startPos":[35.6,22.4,0],"id":26468,"genFixation":0,"endPos":[38.1,25.5,0]}]])
[0m[0;32m[2026-09-16 13:49:37.674][VERB] RETURN: {"result":["$26474","$26478","$26484","$26490"]}
[0m[0;32m[2026-09-16 13:49:37.675][VERB] COMMANDCALL: _C.SafeAPI.Execute(["v1.sketch.getPoints",[{"id":26474}]])
[0m[0;32m[2026-09-16 13:49:37.675][VERB] RETURN: {"result":{"endId":"$26476","startId":"$26475"}}
[0m[0;32m[2026-09-16 13:49:37.675][VERB] COMMANDCALL: _C.SafeAPI.Execute(["v1.sketch.point",[{"pos":[-1000,-1000,0],"id":26468}]])
[0m[0;32m[2026-09-16 13:49:37.677][VERB] RETURN: {"result":"$26506"}
[0m[0;32m[2026-09-16 13:49:37.677][VERB] COMMANDCALL: _C.SafeAPI.Execute(["v1.sketch.constraint",[{"type":"FIXATION","id":26468,"geomIds":[26506]}]])
[0m[0;32m[2026-09-16 13:49:37.679][VERB] RETURN: {"result":"$26508"}
[0m[0;32m[2026-09-16 13:49:37.679][VERB] COMMANDCALL: _C.SafeAPI.Execute(["v1.sketch.dimension",[{"type":"HORIZONTAL_DISTANCE","value":"@expr.d1573_position_x","name":"position_x","id":26468,"geomIds":[26506,26475]}]])
[0m[0;32m[2026-09-16 13:49:37.686][VERB] RETURN: {"result":"$26512"}
[0m[0;32m[2026-09-16 13:49:37.686][VERB] COMMANDCALL: _C.SafeAPI.Execute(["v1.sketch.dimension",[{"type":"VERTICAL_DISTANCE","value":"@expr.d1574_position_y","name":"position_y","id":26468,"geomIds":[26506,26475]}]])
[0m[0;32m[2026-09-16 13:49:37.692][VERB] RETURN: {"result":"$26516"}
[0m[0;32m[2026-09-16 13:49:37.693][VERB] COMMANDCALL: _C.SafeAPI.Execute(["v1.sketch.dimension",[{"type":"OFFSET","value":"@expr.d1575_width","name":"width","id":26468,"geomIds":[26474]}]])
[0m[0;32m[2026-09-16 13:49:37.704][VERB] RETURN: {"result":"$26520"}
[0m[0;32m[2026-09-16 13:49:37.704][VERB] COMMANDCALL: _C.SafeAPI.Execute(["v1.sketch.dimension",[{"type":"OFFSET","value":"@expr.d1576_depth","name":"depth","id":26468,"geomIds":[26478]}]])
[0m[0;32m[2026-09-16 13:49:37.714][VERB] RETURN: {"result":"$26524"}
[0m[0;32m[2026-09-16 13:49:37.714][VERB] COMMANDCALL: _C.SafeAPI.Execute(["v1.part.extrusion",[{"references":[26474,26478,26484,26490],"name":"F1571_makeBox_cad_primitives_py_8","taperAngle":0,"limit2":"@expr.d1577_height","id":4}]])
[0m[0;32m[2026-09-16 13:49:37.726][VERB] RETURN: {"result":"$26528"}
[0m[0;32m[2026-09-16 13:49:37.726][VERB] COMMANDCALL: _C.SafeAPI.Execute(["v1.part.boolean",[{"type":"SUBTRACTION","tools":[26528],"target":26450,"name":"F18_cut_housing_py_432","id":4}]])
[0m[0;32m[2026-09-16 13:49:37.757][VERB] RETURN: {"result":"$26571"}
[0m[0;32m[2026-09-16 13:49:37.757][VERB] COMMANDCALL: _C.SafeAPI.Execute(["v1.part.workPlane",[{"type":"PLANE","references":[38],"name":"F1578_makeBox_cad_primitives_py_8_plane","offset":"@expr.d1579_plane_offset","id":4}]])
[0m[0;32m[2026-09-16 13:49:37.765][VERB] RETURN: {"result":"$26617"}
[0m[0;32m[2026-09-16 13:49:37.766][VERB] COMMANDCALL: _C.SafeAPI.Execute(["v1.sketch.create",[{"planeId":26617,"name":"F1578_makeBox_cad_primitives_py_8_profile","id":4}]])
[0m[0;32m[2026-09-16 13:49:37.769][VERB] RETURN: {"result":"$26623"}
[0m[0;32m[2026-09-16 13:49:37.769][VERB] COMMANDCALL: _C.SafeAPI.Execute(["v1.sketch.rectangle",[{"startPos":[37.8,22.5,0],"id":26623,"genFixation":0,"endPos":[47,25.5,0]}]])
[0m[0;32m[2026-09-16 13:49:37.776][VERB] RETURN: {"result":["$26629","$26633","$26639","$26645"]}
[0m[0;32m[2026-09-16 13:49:37.776][VERB] COMMANDCALL: _C.SafeAPI.Execute(["v1.sketch.getPoints",[{"id":26629}]])
[0m[0;32m[2026-09-16 13:49:37.777][VERB] RETURN: {"result":{"endId":"$26631","startId":"$26630"}}
[0m[0;32m[2026-09-16 13:49:37.777][VERB] COMMANDCALL: _C.SafeAPI.Execute(["v1.sketch.point",[{"pos":[-1000,-1000,0],"id":26623}]])
[0m[0;32m[2026-09-16 13:49:37.779][VERB] RETURN: {"result":"$26661"}
[0m[0;32m[2026-09-16 13:49:37.779][VERB] COMMANDCALL: _C.SafeAPI.Execute(["v1.sketch.constraint",[{"type":"FIXATION","id":26623,"geomIds":[26661]}]])
[0m[0;32m[2026-09-16 13:49:37.781][VERB] RETURN: {"result":"$26663"}
[0m[0;32m[2026-09-16 13:49:37.781][VERB] COMMANDCALL: _C.SafeAPI.Execute(["v1.sketch.dimension",[{"type":"HORIZONTAL_DISTANCE","value":"@expr.d1580_position_x","name":"position_x","id":26623,"geomIds":[26661,26630]}]])
[0m[0;32m[2026-09-16 13:49:37.788][VERB] RETURN: {"result":"$26667"}
[0m[0;32m[2026-09-16 13:49:37.789][VERB] COMMANDCALL: _C.SafeAPI.Execute(["v1.sketch.dimension",[{"type":"VERTICAL_DISTANCE","value":"@expr.d1581_position_y","name":"position_y","id":26623,"geomIds":[26661,26630]}]])
[0m[0;32m[2026-09-16 13:49:37.796][VERB] RETURN: {"result":"$26671"}
[0m[0;32m[2026-09-16 13:49:37.797][VERB] COMMANDCALL: _C.SafeAPI.Execute(["v1.sketch.dimension",[{"type":"OFFSET","value":"@expr.d1582_width","name":"width","id":26623,"geomIds":[26629]}]])
[0m[0;32m[2026-09-16 13:49:37.805][VERB] RETURN: {"result":"$26675"}
[0m[0;32m[2026-09-16 13:49:37.805][VERB] COMMANDCALL: _C.SafeAPI.Execute(["v1.sketch.dimension",[{"type":"OFFSET","value":"@expr.d1583_depth","name":"depth","id":26623,"geomIds":[26633]}]])
[0m[0;32m[2026-09-16 13:49:37.814][VERB] RETURN: {"result":"$26679"}
[0m[0;32m[2026-09-16 13:49:37.815][VERB] COMMANDCALL: _C.SafeAPI.Execute(["v1.part.extrusion",[{"references":[26629,26633,26639,26645],"name":"F1578_makeBox_cad_primitives_py_8","taperAngle":0,"limit2":"@expr.d1584_height","id":4}]])
[0m[0;32m[2026-09-16 13:49:37.827][VERB] RETURN: {"result":"$26683"}
[0m[0;32m[2026-09-16 13:49:37.827][VERB] COMMANDCALL: _C.SafeAPI.Execute(["v1.part.boolean",[{"type":"SUBTRACTION","tools":[26683],"target":26571,"name":"F17_cut_housing_py_435","id":4}]])
[0m[0;32m[2026-09-16 13:49:37.863][VERB] RETURN: {"result":"$26726"}
[0m[0;32m[2026-09-16 13:49:37.863][VERB] COMMANDCALL: _C.SafeAPI.Execute(["v1.part.workPlane",[{"type":"PLANE","references":[46],"name":"F1587_makeCylinder_cad_primitives_py_12_plane","offset":"@expr.d1588_plane_offset","id":4}]])
[0m[0;32m[2026-09-16 13:49:37.872][VERB] RETURN: {"result":"$26788"}
[0m[0;32m[2026-09-16 13:49:37.872][VERB] COMMANDCALL: _C.SafeAPI.Execute(["v1.sketch.create",[{"planeId":26788,"name":"F1587_makeCylinder_cad_primitives_py_12_profile","id":4}]])
[0m[0;32m[2026-09-16 13:49:37.875][VERB] RETURN: {"result":"$26794"}
[0m[0;32m[2026-09-16 13:49:37.875][VERB] COMMANDCALL: _C.SafeAPI.Execute(["v1.sketch.circle",[{"radius":4.7,"id":26794,"genFixation":0,"centerPos":[9.55,-32.15,0]}]])
[0m[0;32m[2026-09-16 13:49:37.877][VERB] RETURN: {"result":"$26800"}
[0m[0;32m[2026-09-16 13:49:37.877][VERB] COMMANDCALL: _C.SafeAPI.Execute(["v1.sketch.getPoints",[{"id":26800}]])
[0m[0;32m[2026-09-16 13:49:37.877][VERB] RETURN: {"result":{"centerId":"$26801"}}
[0m[0;32m[2026-09-16 13:49:37.877][VERB] COMMANDCALL: _C.SafeAPI.Execute(["v1.sketch.point",[{"pos":[-1000,-1000,0],"id":26794}]])
[0m[0;32m[2026-09-16 13:49:37.879][VERB] RETURN: {"result":"$26803"}
[0m[0;32m[2026-09-16 13:49:37.879][VERB] COMMANDCALL: _C.SafeAPI.Execute(["v1.sketch.constraint",[{"type":"FIXATION","id":26794,"geomIds":[26803]}]])
[0m[0;32m[2026-09-16 13:49:37.880][VERB] RETURN: {"result":"$26805"}
[0m[0;32m[2026-09-16 13:49:37.880][VERB] COMMANDCALL: _C.SafeAPI.Execute(["v1.sketch.dimension",[{"type":"HORIZONTAL_DISTANCE","value":"@expr.d1589_position_x","name":"position_x","id":26794,"geomIds":[26803,26801]}]])
[0m[0;32m[2026-09-16 13:49:37.886][VERB] RETURN: {"result":"$26809"}
[0m[0;32m[2026-09-16 13:49:37.886][VERB] COMMANDCALL: _C.SafeAPI.Execute(["v1.sketch.dimension",[{"type":"VERTICAL_DISTANCE","value":"@expr.d1590_position_y","name":"position_y","id":26794,"geomIds":[26803,26801]}]])
[0m[0;32m[2026-09-16 13:49:37.892][VERB] RETURN: {"result":"$26813"}
[0m[0;32m[2026-09-16 13:49:37.893][VERB] COMMANDCALL: _C.SafeAPI.Execute(["v1.sketch.dimension",[{"type":"RADIUS","value":"@expr.d1591_radius","name":"radius","id":26794,"geomIds":[26800]}]])
[0m[0;32m[2026-09-16 13:49:37.898][VERB] RETURN: {"result":"$26817"}
[0m[0;32m[2026-09-16 13:49:37.898][VERB] COMMANDCALL: _C.SafeAPI.Execute(["v1.part.extrusion",[{"references":[26800],"name":"F1587_makeCylinder_cad_primitives_py_12","taperAngle":0,"limit2":"@expr.d1592_height","id":4}]])
[0m[0;32m[2026-09-16 13:49:37.912][VERB] RETURN: {"result":"$26821"}
[0m[0;32m[2026-09-16 13:49:37.912][VERB] COMMANDCALL: _C.SafeAPI.Execute(["v1.part.workPlane",[{"type":"PLANE","references":[46],"name":"F1593_makeCylinder_cad_primitives_py_12_plane","offset":"@expr.d1594_plane_offset","id":4}]])
[0m[0;32m[2026-09-16 13:49:37.921][VERB] RETURN: {"result":"$26843"}
[0m[0;32m[2026-09-16 13:49:37.921][VERB] COMMANDCALL: _C.SafeAPI.Execute(["v1.sketch.create",[{"planeId":26843,"name":"F1593_makeCylinder_cad_primitives_py_12_profile","id":4}]])
[0m[0;32m[2026-09-16 13:49:37.924][VERB] RETURN: {"result":"$26849"}
[0m[0;32m[2026-09-16 13:49:37.924][VERB] COMMANDCALL: _C.SafeAPI.Execute(["v1.sketch.circle",[{"radius":3.3,"id":26849,"genFixation":0,"centerPos":[9.55,-32.15,0]}]])
[0m[0;32m[2026-09-16 13:49:37.926][VERB] RETURN: {"result":"$26855"}
[0m[0;32m[2026-09-16 13:49:37.926][VERB] COMMANDCALL: _C.SafeAPI.Execute(["v1.sketch.getPoints",[{"id":26855}]])
[0m[0;32m[2026-09-16 13:49:37.926][VERB] RETURN: {"result":{"centerId":"$26856"}}
[0m[0;32m[2026-09-16 13:49:37.926][VERB] COMMANDCALL: _C.SafeAPI.Execute(["v1.sketch.point",[{"pos":[-1000,-1000,0],"id":26849}]])
[0m[0;32m[2026-09-16 13:49:37.927][VERB] RETURN: {"result":"$26858"}
[0m[0;32m[2026-09-16 13:49:37.928][VERB] COMMANDCALL: _C.SafeAPI.Execute(["v1.sketch.constraint",[{"type":"FIXATION","id":26849,"geomIds":[26858]}]])
[0m[0;32m[2026-09-16 13:49:37.929][VERB] RETURN: {"result":"$26860"}
[0m[0;32m[2026-09-16 13:49:37.929][VERB] COMMANDCALL: _C.SafeAPI.Execute(["v1.sketch.dimension",[{"type":"HORIZONTAL_DISTANCE","value":"@expr.d1595_position_x","name":"position_x","id":26849,"geomIds":[26858,26856]}]])
[0m[0;32m[2026-09-16 13:49:37.934][VERB] RETURN: {"result":"$26864"}
[0m[0;32m[2026-09-16 13:49:37.934][VERB] COMMANDCALL: _C.SafeAPI.Execute(["v1.sketch.dimension",[{"type":"VERTICAL_DISTANCE","value":"@expr.d1596_position_y","name":"position_y","id":26849,"geomIds":[26858,26856]}]])
[0m[0;32m[2026-09-16 13:49:37.939][VERB] RETURN: {"result":"$26868"}
[0m[0;32m[2026-09-16 13:49:37.940][VERB] COMMANDCALL: _C.SafeAPI.Execute(["v1.sketch.dimension",[{"type":"RADIUS","value":"@expr.d1597_radius","name":"radius","id":26849,"geomIds":[26855]}]])
[0m[0;32m[2026-09-16 13:49:37.945][VERB] RETURN: {"result":"$26872"}
[0m[0;32m[2026-09-16 13:49:37.946][VERB] COMMANDCALL: _C.SafeAPI.Execute(["v1.part.extrusion",[{"references":[26855],"name":"F1593_makeCylinder_cad_primitives_py_12","taperAngle":0,"limit2":"@expr.d1598_height","id":4}]])
[0m[0;32m[2026-09-16 13:49:37.958][VERB] RETURN: {"result":"$26876"}
[0m[0;32m[2026-09-16 13:49:37.958][VERB] COMMANDCALL: _C.SafeAPI.Execute(["v1.part.boolean",[{"type":"SUBTRACTION","tools":[26876],"target":26821,"name":"F1586_cut_diopter_control_py_25","id":4}]])
[0m[0;32m[2026-09-16 13:49:37.970][VERB] RETURN: {"result":"$26898"}
[0m[0;32m[2026-09-16 13:49:37.970][VERB] COMMANDCALL: _C.SafeAPI.Execute(["v1.part.workPlane",[{"type":"PLANE","references":[46],"name":"F1599_makeCylinder_cad_primitives_py_12_plane","offset":"@expr.d1600_plane_offset","id":4}]])
[0m[0;32m[2026-09-16 13:49:37.978][VERB] RETURN: {"result":"$26920"}
[0m[0;32m[2026-09-16 13:49:37.978][VERB] COMMANDCALL: _C.SafeAPI.Execute(["v1.sketch.create",[{"planeId":26920,"name":"F1599_makeCylinder_cad_primitives_py_12_profile","id":4}]])
[0m[0;32m[2026-09-16 13:49:37.981][VERB] RETURN: {"result":"$26926"}
[0m[0;32m[2026-09-16 13:49:37.981][VERB] COMMANDCALL: _C.SafeAPI.Execute(["v1.sketch.circle",[{"radius":2.2,"id":26926,"genFixation":0,"centerPos":[9.55,-32.15,0]}]])
[0m[0;32m[2026-09-16 13:49:37.983][VERB] RETURN: {"result":"$26932"}
[0m[0;32m[2026-09-16 13:49:37.983][VERB] COMMANDCALL: _C.SafeAPI.Execute(["v1.sketch.getPoints",[{"id":26932}]])
[0m[0;32m[2026-09-16 13:49:37.983][VERB] RETURN: {"result":{"centerId":"$26933"}}
[0m[0;32m[2026-09-16 13:49:37.983][VERB] COMMANDCALL: _C.SafeAPI.Execute(["v1.sketch.point",[{"pos":[-1000,-1000,0],"id":26926}]])
[0m[0;32m[2026-09-16 13:49:37.984][VERB] RETURN: {"result":"$26935"}
[0m[0;32m[2026-09-16 13:49:37.985][VERB] COMMANDCALL: _C.SafeAPI.Execute(["v1.sketch.constraint",[{"type":"FIXATION","id":26926,"geomIds":[26935]}]])
[0m[0;32m[2026-09-16 13:49:37.986][VERB] RETURN: {"result":"$26937"}
[0m[0;32m[2026-09-16 13:49:37.986][VERB] COMMANDCALL: _C.SafeAPI.Execute(["v1.sketch.dimension",[{"type":"HORIZONTAL_DISTANCE","value":"@expr.d1601_position_x","name":"position_x","id":26926,"geomIds":[26935,26933]}]])
[0m[0;32m[2026-09-16 13:49:37.992][VERB] RETURN: {"result":"$26941"}
[0m[0;32m[2026-09-16 13:49:37.992][VERB] COMMANDCALL: _C.SafeAPI.Execute(["v1.sketch.dimension",[{"type":"VERTICAL_DISTANCE","value":"@expr.d1602_position_y","name":"position_y","id":26926,"geomIds":[26935,26933]}]])
[0m[0;32m[2026-09-16 13:49:37.998][VERB] RETURN: {"result":"$26945"}
[0m[0;32m[2026-09-16 13:49:37.998][VERB] COMMANDCALL: _C.SafeAPI.Execute(["v1.sketch.dimension",[{"type":"RADIUS","value":"@expr.d1603_radius","name":"radius","id":26926,"geomIds":[26932]}]])
[0m[0;32m[2026-09-16 13:49:38.004][VERB] RETURN: {"result":"$26949"}
[0m[0;32m[2026-09-16 13:49:38.005][VERB] COMMANDCALL: _C.SafeAPI.Execute(["v1.part.extrusion",[{"references":[26932],"name":"F1599_makeCylinder_cad_primitives_py_12","taperAngle":0,"limit2":"@expr.d1604_height","id":4}]])
[0m[0;32m[2026-09-16 13:49:38.016][VERB] RETURN: {"result":"$26953"}
[0m[0;32m[2026-09-16 13:49:38.017][VERB] COMMANDCALL: _C.SafeAPI.Execute(["v1.part.boolean",[{"type":"SUBTRACTION","tools":[26953],"target":26898,"name":"F1585_cut_diopter_control_py_25","id":4}]])
[0m[0;32m[2026-09-16 13:49:38.029][VERB] RETURN: {"result":"$26975"}
[0m[0;32m[2026-09-16 13:49:38.030][VERB] COMMANDCALL: _C.SafeAPI.Execute(["v1.part.boolean",[{"type":"UNION","tools":[26975],"target":26726,"name":"F16_union_housing_py_460","id":4}]])
[0m[0;32m[2026-09-16 13:49:38.069][VERB] Use original faceId as origin information for a splitted face.
[0m[0;32m[2026-09-16 13:49:38.073][VERB] RETURN: {"result":"$26997"}
[0m[0;32m[2026-09-16 13:49:38.073][VERB] COMMANDCALL: _C.SafeAPI.Execute(["v1.part.workPlane",[{"type":"PLANE","references":[46],"name":"F1605_makeCylinder_cad_primitives_py_12_plane","offset":"@expr.d1606_plane_offset","id":4}]])
[0m[0;32m[2026-09-16 13:49:38.082][VERB] RETURN: {"result":"$27079"}
[0m[0;32m[2026-09-16 13:49:38.083][VERB] COMMANDCALL: _C.SafeAPI.Execute(["v1.sketch.create",[{"planeId":27079,"name":"F1605_makeCylinder_cad_primitives_py_12_profile","id":4}]])
[0m[0;32m[2026-09-16 13:49:38.086][VERB] RETURN: {"result":"$27085"}
[0m[0;32m[2026-09-16 13:49:38.086][VERB] COMMANDCALL: _C.SafeAPI.Execute(["v1.sketch.circle",[{"radius":3.3,"id":27085,"genFixation":0,"centerPos":[9.55,-32.15,0]}]])
[0m[0;32m[2026-09-16 13:49:38.088][VERB] RETURN: {"result":"$27091"}
[0m[0;32m[2026-09-16 13:49:38.088][VERB] COMMANDCALL: _C.SafeAPI.Execute(["v1.sketch.getPoints",[{"id":27091}]])
[0m[0;32m[2026-09-16 13:49:38.088][VERB] RETURN: {"result":{"centerId":"$27092"}}
[0m[0;32m[2026-09-16 13:49:38.088][VERB] COMMANDCALL: _C.SafeAPI.Execute(["v1.sketch.point",[{"pos":[-1000,-1000,0],"id":27085}]])
[0m[0;32m[2026-09-16 13:49:38.089][VERB] RETURN: {"result":"$27094"}
[0m[0;32m[2026-09-16 13:49:38.090][VERB] COMMANDCALL: _C.SafeAPI.Execute(["v1.sketch.constraint",[{"type":"FIXATION","id":27085,"geomIds":[27094]}]])
[0m[0;32m[2026-09-16 13:49:38.091][VERB] RETURN: {"result":"$27096"}
[0m[0;32m[2026-09-16 13:49:38.091][VERB] COMMANDCALL: _C.SafeAPI.Execute(["v1.sketch.dimension",[{"type":"HORIZONTAL_DISTANCE","value":"@expr.d1607_position_x","name":"position_x","id":27085,"geomIds":[27094,27092]}]])
[0m[0;32m[2026-09-16 13:49:38.096][VERB] RETURN: {"result":"$27100"}
[0m[0;32m[2026-09-16 13:49:38.097][VERB] COMMANDCALL: _C.SafeAPI.Execute(["v1.sketch.dimension",[{"type":"VERTICAL_DISTANCE","value":"@expr.d1608_position_y","name":"position_y","id":27085,"geomIds":[27094,27092]}]])
[0m[0;32m[2026-09-16 13:49:38.103][VERB] RETURN: {"result":"$27104"}
[0m[0;32m[2026-09-16 13:49:38.103][VERB] COMMANDCALL: _C.SafeAPI.Execute(["v1.sketch.dimension",[{"type":"RADIUS","value":"@expr.d1609_radius","name":"radius","id":27085,"geomIds":[27091]}]])
[0m[0;32m[2026-09-16 13:49:38.110][VERB] RETURN: {"result":"$27108"}
[0m[0;32m[2026-09-16 13:49:38.110][VERB] COMMANDCALL: _C.SafeAPI.Execute(["v1.part.extrusion",[{"references":[27091],"name":"F1605_makeCylinder_cad_primitives_py_12","taperAngle":0,"limit2":"@expr.d1610_height","id":4}]])
[0m[0;32m[2026-09-16 13:49:38.123][VERB] RETURN: {"result":"$27112"}
[0m[0;32m[2026-09-16 13:49:38.124][VERB] COMMANDCALL: _C.SafeAPI.Execute(["v1.part.boolean",[{"type":"SUBTRACTION","tools":[27112],"target":26997,"name":"F15_cut_housing_py_460","id":4}]])
[0m[0;32m[2026-09-16 13:49:38.155][VERB] RETURN: {"result":"$27134"}
[0m[0;32m[2026-09-16 13:49:38.155][VERB] COMMANDCALL: _C.SafeAPI.Execute(["v1.part.workPlane",[{"type":"PLANE","references":[46],"name":"F1611_makeCylinder_cad_primitives_py_12_plane","offset":"@expr.d1612_plane_offset","id":4}]])
[0m[0;32m[2026-09-16 13:49:38.165][VERB] RETURN: {"result":"$27156"}
[0m[0;32m[2026-09-16 13:49:38.166][VERB] COMMANDCALL: _C.SafeAPI.Execute(["v1.sketch.create",[{"planeId":27156,"name":"F1611_makeCylinder_cad_primitives_py_12_profile","id":4}]])
[0m[0;32m[2026-09-16 13:49:38.169][VERB] RETURN: {"result":"$27162"}
[0m[0;32m[2026-09-16 13:49:38.169][VERB] COMMANDCALL: _C.SafeAPI.Execute(["v1.sketch.circle",[{"radius":2.2,"id":27162,"genFixation":0,"centerPos":[9.55,-32.15,0]}]])
[0m[0;32m[2026-09-16 13:49:38.171][VERB] RETURN: {"result":"$27168"}
[0m[0;32m[2026-09-16 13:49:38.171][VERB] COMMANDCALL: _C.SafeAPI.Execute(["v1.sketch.getPoints",[{"id":27168}]])
[0m[0;32m[2026-09-16 13:49:38.171][VERB] RETURN: {"result":{"centerId":"$27169"}}
[0m[0;32m[2026-09-16 13:49:38.172][VERB] COMMANDCALL: _C.SafeAPI.Execute(["v1.sketch.point",[{"pos":[-1000,-1000,0],"id":27162}]])
[0m[0;32m[2026-09-16 13:49:38.173][VERB] RETURN: {"result":"$27171"}
[0m[0;32m[2026-09-16 13:49:38.173][VERB] COMMANDCALL: _C.SafeAPI.Execute(["v1.sketch.constraint",[{"type":"FIXATION","id":27162,"geomIds":[27171]}]])
[0m[0;32m[2026-09-16 13:49:38.175][VERB] RETURN: {"result":"$27173"}
[0m[0;32m[2026-09-16 13:49:38.175][VERB] COMMANDCALL: _C.SafeAPI.Execute(["v1.sketch.dimension",[{"type":"HORIZONTAL_DISTANCE","value":"@expr.d1613_position_x","name":"position_x","id":27162,"geomIds":[27171,27169]}]])
[0m[0;32m[2026-09-16 13:49:38.181][VERB] RETURN: {"result":"$27177"}
[0m[0;32m[2026-09-16 13:49:38.181][VERB] COMMANDCALL: _C.SafeAPI.Execute(["v1.sketch.dimension",[{"type":"VERTICAL_DISTANCE","value":"@expr.d1614_position_y","name":"position_y","id":27162,"geomIds":[27171,27169]}]])
[0m[0;32m[2026-09-16 13:49:38.187][VERB] RETURN: {"result":"$27181"}
[0m[0;32m[2026-09-16 13:49:38.188][VERB] COMMANDCALL: _C.SafeAPI.Execute(["v1.sketch.dimension",[{"type":"RADIUS","value":"@expr.d1615_radius","name":"radius","id":27162,"geomIds":[27168]}]])
[0m[0;32m[2026-09-16 13:49:38.194][VERB] RETURN: {"result":"$27185"}
[0m[0;32m[2026-09-16 13:49:38.194][VERB] COMMANDCALL: _C.SafeAPI.Execute(["v1.part.extrusion",[{"references":[27168],"name":"F1611_makeCylinder_cad_primitives_py_12","taperAngle":0,"limit2":"@expr.d1616_height","id":4}]])
[0m[0;32m[2026-09-16 13:49:38.207][VERB] RETURN: {"result":"$27189"}
[0m[0;32m[2026-09-16 13:49:38.208][VERB] COMMANDCALL: _C.SafeAPI.Execute(["v1.part.boolean",[{"type":"SUBTRACTION","tools":[27189],"target":27134,"name":"F14_cut_housing_py_460","id":4}]])
[0m[0;32m[2026-09-16 13:49:38.241][VERB] RETURN: {"result":"$27211"}
[0m[0;32m[2026-09-16 13:49:38.241][VERB] COMMANDCALL: _C.SafeAPI.Execute(["v1.part.workPlane",[{"type":"PLANE","references":[46],"name":"F1619_makeCylinder_cad_primitives_py_12_plane","offset":"@expr.d1620_plane_offset","id":4}]])
[0m[0;32m[2026-09-16 13:49:38.250][VERB] RETURN: {"result":"$27229"}
[0m[0;32m[2026-09-16 13:49:38.251][VERB] COMMANDCALL: _C.SafeAPI.Execute(["v1.sketch.create",[{"planeId":27229,"name":"F1619_makeCylinder_cad_primitives_py_12_profile","id":4}]])
[0m[0;32m[2026-09-16 13:49:38.253][VERB] RETURN: {"result":"$27235"}
[0m[0;32m[2026-09-16 13:49:38.254][VERB] COMMANDCALL: _C.SafeAPI.Execute(["v1.sketch.circle",[{"radius":14,"id":27235,"genFixation":0,"centerPos":[13,-13.9,0]}]])
[0m[0;32m[2026-09-16 13:49:38.255][VERB] RETURN: {"result":"$27241"}
[0m[0;32m[2026-09-16 13:49:38.256][VERB] COMMANDCALL: _C.SafeAPI.Execute(["v1.sketch.getPoints",[{"id":27241}]])
[0m[0;32m[2026-09-16 13:49:38.256][VERB] RETURN: {"result":{"centerId":"$27242"}}
[0m[0;32m[2026-09-16 13:49:38.256][VERB] COMMANDCALL: _C.SafeAPI.Execute(["v1.sketch.point",[{"pos":[-1000,-1000,0],"id":27235}]])
[0m[0;32m[2026-09-16 13:49:38.257][VERB] RETURN: {"result":"$27244"}
[0m[0;32m[2026-09-16 13:49:38.258][VERB] COMMANDCALL: _C.SafeAPI.Execute(["v1.sketch.constraint",[{"type":"FIXATION","id":27235,"geomIds":[27244]}]])
[0m[0;32m[2026-09-16 13:49:38.259][VERB] RETURN: {"result":"$27246"}
[0m[0;32m[2026-09-16 13:49:38.259][VERB] COMMANDCALL: _C.SafeAPI.Execute(["v1.sketch.dimension",[{"type":"HORIZONTAL_DISTANCE","value":"@expr.d1621_position_x","name":"position_x","id":27235,"geomIds":[27244,27242]}]])
[0m[0;32m[2026-09-16 13:49:38.265][VERB] RETURN: {"result":"$27250"}
[0m[0;32m[2026-09-16 13:49:38.265][VERB] COMMANDCALL: _C.SafeAPI.Execute(["v1.sketch.dimension",[{"type":"VERTICAL_DISTANCE","value":"@expr.d1622_position_y","name":"position_y","id":27235,"geomIds":[27244,27242]}]])
[0m[0;32m[2026-09-16 13:49:38.272][VERB] RETURN: {"result":"$27254"}
[0m[0;32m[2026-09-16 13:49:38.272][VERB] COMMANDCALL: _C.SafeAPI.Execute(["v1.sketch.dimension",[{"type":"RADIUS","value":"@expr.d1623_radius","name":"radius","id":27235,"geomIds":[27241]}]])
[0m[0;32m[2026-09-16 13:49:38.279][VERB] RETURN: {"result":"$27258"}
[0m[0;32m[2026-09-16 13:49:38.279][VERB] COMMANDCALL: _C.SafeAPI.Execute(["v1.part.extrusion",[{"references":[27241],"name":"F1619_makeCylinder_cad_primitives_py_12","taperAngle":0,"limit2":"@expr.d1624_height","id":4}]])
[0m[0;32m[2026-09-16 13:49:38.292][VERB] RETURN: {"result":"$27262"}
[0m[0;32m[2026-09-16 13:49:38.292][VERB] COMMANDCALL: _C.SafeAPI.Execute(["v1.part.workPlane",[{"type":"PLANE","references":[38],"name":"F1625_makeBox_cad_primitives_py_8_plane","offset":"@expr.d1626_plane_offset","id":4}]])
[0m[0;32m[2026-09-16 13:49:38.302][VERB] RETURN: {"result":"$27284"}
[0m[0;32m[2026-09-16 13:49:38.302][VERB] COMMANDCALL: _C.SafeAPI.Execute(["v1.sketch.create",[{"planeId":27284,"name":"F1625_makeBox_cad_primitives_py_8_profile","id":4}]])
[0m[0;32m[2026-09-16 13:49:38.305][VERB] RETURN: {"result":"$27290"}
[0m[0;32m[2026-09-16 13:49:38.305][VERB] COMMANDCALL: _C.SafeAPI.Execute(["v1.sketch.rectangle",[{"startPos":[86,-30,0],"id":27290,"genFixation":0,"endPos":[98,70,0]}]])
[0m[0;32m[2026-09-16 13:49:38.312][VERB] RETURN: {"result":["$27296","$27300","$27306","$27312"]}
[0m[0;32m[2026-09-16 13:49:38.313][VERB] COMMANDCALL: _C.SafeAPI.Execute(["v1.sketch.getPoints",[{"id":27296}]])
[0m[0;32m[2026-09-16 13:49:38.313][VERB] RETURN: {"result":{"endId":"$27298","startId":"$27297"}}
[0m[0;32m[2026-09-16 13:49:38.313][VERB] COMMANDCALL: _C.SafeAPI.Execute(["v1.sketch.point",[{"pos":[-1000,-1000,0],"id":27290}]])
[0m[0;32m[2026-09-16 13:49:38.315][VERB] RETURN: {"result":"$27328"}
[0m[0;32m[2026-09-16 13:49:38.316][VERB] COMMANDCALL: _C.SafeAPI.Execute(["v1.sketch.constraint",[{"type":"FIXATION","id":27290,"geomIds":[27328]}]])
[0m[0;32m[2026-09-16 13:49:38.317][VERB] RETURN: {"result":"$27330"}
[0m[0;32m[2026-09-16 13:49:38.318][VERB] COMMANDCALL: _C.SafeAPI.Execute(["v1.sketch.dimension",[{"type":"HORIZONTAL_DISTANCE","value":"@expr.d1627_position_x","name":"position_x","id":27290,"geomIds":[27328,27297]}]])
[0m[0;32m[2026-09-16 13:49:38.324][VERB] RETURN: {"result":"$27334"}
[0m[0;32m[2026-09-16 13:49:38.324][VERB] COMMANDCALL: _C.SafeAPI.Execute(["v1.sketch.dimension",[{"type":"VERTICAL_DISTANCE","value":"@expr.d1628_position_y","name":"position_y","id":27290,"geomIds":[27328,27297]}]])
[0m[0;32m[2026-09-16 13:49:38.331][VERB] RETURN: {"result":"$27338"}
[0m[0;32m[2026-09-16 13:49:38.332][VERB] COMMANDCALL: _C.SafeAPI.Execute(["v1.sketch.dimension",[{"type":"OFFSET","value":"@expr.d1629_width","name":"width","id":27290,"geomIds":[27296]}]])
[0m[0;32m[2026-09-16 13:49:38.340][VERB] RETURN: {"result":"$27342"}
[0m[0;32m[2026-09-16 13:49:38.340][VERB] COMMANDCALL: _C.SafeAPI.Execute(["v1.sketch.dimension",[{"type":"OFFSET","value":"@expr.d1630_depth","name":"depth","id":27290,"geomIds":[27300]}]])
[0m[0;32m[2026-09-16 13:49:38.350][VERB] RETURN: {"result":"$27346"}
[0m[0;32m[2026-09-16 13:49:38.350][VERB] COMMANDCALL: _C.SafeAPI.Execute(["v1.part.extrusion",[{"references":[27296,27300,27306,27312],"name":"F1625_makeBox_cad_primitives_py_8","taperAngle":0,"limit2":"@expr.d1631_height","id":4}]])
[0m[0;32m[2026-09-16 13:49:38.362][VERB] RETURN: {"result":"$27350"}
[0m[0;32m[2026-09-16 13:49:38.363][VERB] COMMANDCALL: _C.SafeAPI.Execute(["v1.part.boolean",[{"type":"SUBTRACTION","tools":[27350],"target":27262,"name":"F1618_cut_housing_shell_py_68","id":4}]])
[0m[0;32m[2026-09-16 13:49:38.375][VERB] RETURN: {"result":"$27393"}
[0m[0;32m[2026-09-16 13:49:38.375][VERB] COMMANDCALL: _C.SafeAPI.Execute(["v1.part.workPlane",[{"type":"PLANE","references":[38],"name":"F1632_makeBox_cad_primitives_py_8_plane","offset":"@expr.d1633_plane_offset","id":4}]])
[0m[0;32m[2026-09-16 13:49:38.384][VERB] RETURN: {"result":"$27423"}
[0m[0;32m[2026-09-16 13:49:38.385][VERB] COMMANDCALL: _C.SafeAPI.Execute(["v1.sketch.create",[{"planeId":27423,"name":"F1632_makeBox_cad_primitives_py_8_profile","id":4}]])
[0m[0;32m[2026-09-16 13:49:38.387][VERB] RETURN: {"result":"$27429"}
[0m[0;32m[2026-09-16 13:49:38.387][VERB] COMMANDCALL: _C.SafeAPI.Execute(["v1.sketch.rectangle",[{"startPos":[87.3,3,0],"id":27429,"genFixation":0,"endPos":[88.5,6,0]}]])
[0m[0;32m[2026-09-16 13:49:38.394][VERB] RETURN: {"result":["$27435","$27439","$27445","$27451"]}
[0m[0;32m[2026-09-16 13:49:38.394][VERB] COMMANDCALL: _C.SafeAPI.Execute(["v1.sketch.getPoints",[{"id":27435}]])
[0m[0;32m[2026-09-16 13:49:38.394][VERB] RETURN: {"result":{"endId":"$27437","startId":"$27436"}}
[0m[0;32m[2026-09-16 13:49:38.395][VERB] COMMANDCALL: _C.SafeAPI.Execute(["v1.sketch.point",[{"pos":[-1000,-1000,0],"id":27429}]])
[0m[0;32m[2026-09-16 13:49:38.397][VERB] RETURN: {"result":"$27467"}
[0m[0;32m[2026-09-16 13:49:38.397][VERB] COMMANDCALL: _C.SafeAPI.Execute(["v1.sketch.constraint",[{"type":"FIXATION","id":27429,"geomIds":[27467]}]])
[0m[0;32m[2026-09-16 13:49:38.399][VERB] RETURN: {"result":"$27469"}
[0m[0;32m[2026-09-16 13:49:38.399][VERB] COMMANDCALL: _C.SafeAPI.Execute(["v1.sketch.dimension",[{"type":"HORIZONTAL_DISTANCE","value":"@expr.d1634_position_x","name":"position_x","id":27429,"geomIds":[27467,27436]}]])
[0m[0;32m[2026-09-16 13:49:38.405][VERB] RETURN: {"result":"$27473"}
[0m[0;32m[2026-09-16 13:49:38.406][VERB] COMMANDCALL: _C.SafeAPI.Execute(["v1.sketch.dimension",[{"type":"VERTICAL_DISTANCE","value":"@expr.d1635_position_y","name":"position_y","id":27429,"geomIds":[27467,27436]}]])
[0m[0;32m[2026-09-16 13:49:38.412][VERB] RETURN: {"result":"$27477"}
[0m[0;32m[2026-09-16 13:49:38.413][VERB] COMMANDCALL: _C.SafeAPI.Execute(["v1.sketch.dimension",[{"type":"OFFSET","value":"@expr.d1636_width","name":"width","id":27429,"geomIds":[27435]}]])
[0m[0;32m[2026-09-16 13:49:38.421][VERB] RETURN: {"result":"$27481"}
[0m[0;32m[2026-09-16 13:49:38.421][VERB] COMMANDCALL: _C.SafeAPI.Execute(["v1.sketch.dimension",[{"type":"OFFSET","value":"@expr.d1637_depth","name":"depth","id":27429,"geomIds":[27439]}]])
[0m[0;32m[2026-09-16 13:49:38.430][VERB] RETURN: {"result":"$27485"}
[0m[0;32m[2026-09-16 13:49:38.430][VERB] COMMANDCALL: _C.SafeAPI.Execute(["v1.part.extrusion",[{"references":[27435,27439,27445,27451],"name":"F1632_makeBox_cad_primitives_py_8","taperAngle":0,"limit2":"@expr.d1638_height","id":4}]])
[0m[0;32m[2026-09-16 13:49:38.442][VERB] RETURN: {"result":"$27489"}
[0m[0;32m[2026-09-16 13:49:38.442][VERB] COMMANDCALL: _C.SafeAPI.Execute(["v1.part.boolean",[{"type":"SUBTRACTION","tools":[27489],"target":27393,"name":"F1617_cut_housing_py_463_tool_0","id":4}]])
[0m[0;32m[2026-09-16 13:49:38.456][VERB] RETURN: {"result":"$27532"}
[0m[0;32m[2026-09-16 13:49:38.456][VERB] COMMANDCALL: _C.SafeAPI.Execute(["v1.part.workPlane",[{"type":"PLANE","references":[38],"name":"F1639_makeBox_cad_primitives_py_8_plane","offset":"@expr.d1640_plane_offset","id":4}]])
[0m[0;32m[2026-09-16 13:49:38.465][VERB] RETURN: {"result":"$27584"}
[0m[0;32m[2026-09-16 13:49:38.465][VERB] COMMANDCALL: _C.SafeAPI.Execute(["v1.sketch.create",[{"planeId":27584,"name":"F1639_makeBox_cad_primitives_py_8_profile","id":4}]])
[0m[0;32m[2026-09-16 13:49:38.468][VERB] RETURN: {"result":"$27590"}
[0m[0;32m[2026-09-16 13:49:38.468][VERB] COMMANDCALL: _C.SafeAPI.Execute(["v1.sketch.rectangle",[{"startPos":[87.3,21.5,0],"id":27590,"genFixation":0,"endPos":[88.5,24.5,0]}]])
[0m[0;32m[2026-09-16 13:49:38.475][VERB] RETURN: {"result":["$27596","$27600","$27606","$27612"]}
[0m[0;32m[2026-09-16 13:49:38.475][VERB] COMMANDCALL: _C.SafeAPI.Execute(["v1.sketch.getPoints",[{"id":27596}]])
[0m[0;32m[2026-09-16 13:49:38.475][VERB] RETURN: {"result":{"endId":"$27598","startId":"$27597"}}
[0m[0;32m[2026-09-16 13:49:38.475][VERB] COMMANDCALL: _C.SafeAPI.Execute(["v1.sketch.point",[{"pos":[-1000,-1000,0],"id":27590}]])
[0m[0;32m[2026-09-16 13:49:38.478][VERB] RETURN: {"result":"$27628"}
[0m[0;32m[2026-09-16 13:49:38.478][VERB] COMMANDCALL: _C.SafeAPI.Execute(["v1.sketch.constraint",[{"type":"FIXATION","id":27590,"geomIds":[27628]}]])
[0m[0;32m[2026-09-16 13:49:38.480][VERB] RETURN: {"result":"$27630"}
[0m[0;32m[2026-09-16 13:49:38.480][VERB] COMMANDCALL: _C.SafeAPI.Execute(["v1.sketch.dimension",[{"type":"HORIZONTAL_DISTANCE","value":"@expr.d1641_position_x","name":"position_x","id":27590,"geomIds":[27628,27597]}]])
[0m[0;32m[2026-09-16 13:49:38.486][VERB] RETURN: {"result":"$27634"}
[0m[0;32m[2026-09-16 13:49:38.487][VERB] COMMANDCALL: _C.SafeAPI.Execute(["v1.sketch.dimension",[{"type":"VERTICAL_DISTANCE","value":"@expr.d1642_position_y","name":"position_y","id":27590,"geomIds":[27628,27597]}]])
[0m[0;32m[2026-09-16 13:49:38.493][VERB] RETURN: {"result":"$27638"}
[0m[0;32m[2026-09-16 13:49:38.494][VERB] COMMANDCALL: _C.SafeAPI.Execute(["v1.sketch.dimension",[{"type":"OFFSET","value":"@expr.d1643_width","name":"width","id":27590,"geomIds":[27596]}]])
[0m[0;32m[2026-09-16 13:49:38.502][VERB] RETURN: {"result":"$27642"}
[0m[0;32m[2026-09-16 13:49:38.502][VERB] COMMANDCALL: _C.SafeAPI.Execute(["v1.sketch.dimension",[{"type":"OFFSET","value":"@expr.d1644_depth","name":"depth","id":27590,"geomIds":[27600]}]])
[0m[0;32m[2026-09-16 13:49:38.511][VERB] RETURN: {"result":"$27646"}
[0m[0;32m[2026-09-16 13:49:38.511][VERB] COMMANDCALL: _C.SafeAPI.Execute(["v1.part.extrusion",[{"references":[27596,27600,27606,27612],"name":"F1639_makeBox_cad_primitives_py_8","taperAngle":0,"limit2":"@expr.d1645_height","id":4}]])
[0m[0;32m[2026-09-16 13:49:38.522][VERB] RETURN: {"result":"$27650"}
[0m[0;32m[2026-09-16 13:49:38.522][VERB] COMMANDCALL: _C.SafeAPI.Execute(["v1.part.boolean",[{"type":"SUBTRACTION","tools":[27650],"target":27532,"name":"F1617_cut_housing_py_463_tool_1","id":4}]])
[0m[0;32m[2026-09-16 13:49:38.534][VERB] RETURN: {"result":"$27693"}
[0m[0;32m[2026-09-16 13:49:38.535][VERB] COMMANDCALL: _C.SafeAPI.Execute(["v1.part.boolean",[{"type":"SUBTRACTION","tools":[27693],"target":27211,"name":"F13_cut_housing_py_463","id":4}]])
[0m[0;32m[2026-09-16 13:49:38.611][VERB] RETURN: {"result":"$27745"}
[0m[0;32m[2026-09-16 13:49:38.612][VERB] COMMANDCALL: _C.SafeAPI.Execute(["v1.sketch.create",[{"planeId":42,"name":"F1648_extrude_housing_components_py_153_profile","id":4}]])
[0m[0;32m[2026-09-16 13:49:38.614][VERB] RETURN: {"result":"$27814"}
[0m[0;32m[2026-09-16 13:49:38.614][VERB] COMMANDCALL: _C.SafeAPI.Execute(["v1.sketch.point",[{"pos":[-1000,-1000,0],"id":27814}]])
[0m[0;32m[2026-09-16 13:49:38.615][VERB] RETURN: {"result":"$27820"}
[0m[0;32m[2026-09-16 13:49:38.615][VERB] COMMANDCALL: _C.SafeAPI.Execute(["v1.sketch.constraint",[{"type":"FIXATION","id":27814,"geomIds":[27820]}]])
[0m[0;32m[2026-09-16 13:49:38.616][VERB] RETURN: {"result":"$27822"}
[0m[0;32m[2026-09-16 13:49:38.617][VERB] COMMANDCALL: _C.SafeAPI.Execute(["v1.sketch.line",[{"startPos":[8.475,-16.7,0],"genIncidence":0,"genTangency":0,"genFixation":0,"genVertAndHoriz":0,"id":27814,"endPos":[18.275,-16.7,0]}]])
[0m[0;32m[2026-09-16 13:49:38.618][VERB] RETURN: {"result":"$27824"}
[0m[0;32m[2026-09-16 13:49:38.618][VERB] COMMANDCALL: _C.SafeAPI.Execute(["v1.sketch.getPoints",[{"id":27824}]])
[0m[0;32m[2026-09-16 13:49:38.618][VERB] RETURN: {"result":{"endId":"$27826","startId":"$27825"}}
[0m[0;32m[2026-09-16 13:49:38.618][VERB] COMMANDCALL: _C.SafeAPI.Execute(["v1.sketch.dimension",[{"type":"HORIZONTAL_DISTANCE","value":"@expr.d1649_x","name":"x","id":27814,"geomIds":[27820,27825]}]])
[0m[0;32m[2026-09-16 13:49:38.624][VERB] RETURN: {"result":"$27830"}
[0m[0;32m[2026-09-16 13:49:38.624][VERB] COMMANDCALL: _C.SafeAPI.Execute(["v1.sketch.dimension",[{"type":"VERTICAL_DISTANCE","value":"@expr.d1650_y","name":"y","id":27814,"geomIds":[27820,27825]}]])
[0m[0;32m[2026-09-16 13:49:38.630][VERB] RETURN: {"result":"$27834"}
[0m[0;32m[2026-09-16 13:49:38.630][VERB] COMMANDCALL: _C.SafeAPI.Execute(["v1.sketch.dimension",[{"type":"HORIZONTAL_DISTANCE","value":"@expr.d1651_x","name":"x","id":27814,"geomIds":[27820,27826]}]])
[0m[0;32m[2026-09-16 13:49:38.638][VERB] RETURN: {"result":"$27838"}
[0m[0;32m[2026-09-16 13:49:38.638][VERB] COMMANDCALL: _C.SafeAPI.Execute(["v1.sketch.dimension",[{"type":"VERTICAL_DISTANCE","value":"@expr.d1652_y","name":"y","id":27814,"geomIds":[27820,27826]}]])
[0m[0;32m[2026-09-16 13:49:38.646][VERB] RETURN: {"result":"$27842"}
[0m[0;32m[2026-09-16 13:49:38.646][VERB] COMMANDCALL: _C.SafeAPI.Execute(["v1.sketch.arcBy3Points",[{"startPos":[18.275,-16.7,0],"genIncidence":0,"genTangency":0,"genFixation":0,"genVertAndHoriz":0,"midPos":[19.406370849898,-17.168629150102,0],"id":27814,"endPos":[19.875,-18.3,0]}]])
[0m[0;32m[2026-09-16 13:49:38.650][VERB] RETURN: {"result":"$27844"}
[0m[0;32m[2026-09-16 13:49:38.650][VERB] COMMANDCALL: _C.SafeAPI.Execute(["v1.sketch.getPoints",[{"id":27844}]])
[0m[0;32m[2026-09-16 13:49:38.650][VERB] RETURN: {"result":{"centerId":"$27847","endId":"$27845","startId":"$27846"}}
[0m[0;32m[2026-09-16 13:49:38.651][VERB] COMMANDCALL: _C.SafeAPI.Execute(["v1.sketch.dimension",[{"type":"HORIZONTAL_DISTANCE","value":"@expr.d1653_x","name":"x","id":27814,"geomIds":[27820,27846]}]])
[0m[0;32m[2026-09-16 13:49:38.659][VERB] RETURN: {"result":"$27851"}
[0m[0;32m[2026-09-16 13:49:38.660][VERB] COMMANDCALL: _C.SafeAPI.Execute(["v1.sketch.dimension",[{"type":"VERTICAL_DISTANCE","value":"@expr.d1654_y","name":"y","id":27814,"geomIds":[27820,27846]}]])
[0m[0;32m[2026-09-16 13:49:38.669][VERB] RETURN: {"result":"$27855"}
[0m[0;32m[2026-09-16 13:49:38.670][VERB] COMMANDCALL: _C.SafeAPI.Execute(["v1.sketch.dimension",[{"type":"HORIZONTAL_DISTANCE","value":"@expr.d1655_x","name":"x","id":27814,"geomIds":[27820,27845]}]])
[0m[0;32m[2026-09-16 13:49:38.680][VERB] RETURN: {"result":"$27859"}
[0m[0;32m[2026-09-16 13:49:38.680][VERB] COMMANDCALL: _C.SafeAPI.Execute(["v1.sketch.dimension",[{"type":"VERTICAL_DISTANCE","value":"@expr.d1656_y","name":"y","id":27814,"geomIds":[27820,27845]}]])
[0m[0;32m[2026-09-16 13:49:38.691][VERB] RETURN: {"result":"$27863"}
[0m[0;32m[2026-09-16 13:49:38.691][VERB] COMMANDCALL: _C.SafeAPI.Execute(["v1.sketch.dimension",[{"type":"RADIUS","value":"@expr.d1657_arc_radius","name":"arc_radius","id":27814,"geomIds":[27844]}]])
[0m[0;32m[2026-09-16 13:49:38.702][VERB] RETURN: {"result":"$27867"}
[0m[0;32m[2026-09-16 13:49:38.702][VERB] COMMANDCALL: _C.SafeAPI.Execute(["v1.sketch.line",[{"startPos":[19.875,-18.3,0],"genIncidence":0,"genTangency":0,"genFixation":0,"genVertAndHoriz":0,"id":27814,"endPos":[19.875,-22.2,0]}]])
[0m[0;32m[2026-09-16 13:49:38.707][VERB] RETURN: {"result":"$27869"}
[0m[0;32m[2026-09-16 13:49:38.708][VERB] COMMANDCALL: _C.SafeAPI.Execute(["v1.sketch.getPoints",[{"id":27869}]])
[0m[0;32m[2026-09-16 13:49:38.708][VERB] RETURN: {"result":{"endId":"$27871","startId":"$27870"}}
[0m[0;32m[2026-09-16 13:49:38.708][VERB] COMMANDCALL: _C.SafeAPI.Execute(["v1.sketch.dimension",[{"type":"HORIZONTAL_DISTANCE","value":"@expr.d1658_x","name":"x","id":27814,"geomIds":[27820,27870]}]])
[0m[0;32m[2026-09-16 13:49:38.720][VERB] RETURN: {"result":"$27875"}
[0m[0;32m[2026-09-16 13:49:38.720][VERB] COMMANDCALL: _C.SafeAPI.Execute(["v1.sketch.dimension",[{"type":"VERTICAL_DISTANCE","value":"@expr.d1659_y","name":"y","id":27814,"geomIds":[27820,27870]}]])
[0m[0;32m[2026-09-16 13:49:38.733][VERB] RETURN: {"result":"$27879"}
[0m[0;32m[2026-09-16 13:49:38.734][VERB] COMMANDCALL: _C.SafeAPI.Execute(["v1.sketch.dimension",[{"type":"HORIZONTAL_DISTANCE","value":"@expr.d1660_x","name":"x","id":27814,"geomIds":[27820,27871]}]])
[0m[0;32m[2026-09-16 13:49:38.749][VERB] RETURN: {"result":"$27883"}
[0m[0;32m[2026-09-16 13:49:38.750][VERB] COMMANDCALL: _C.SafeAPI.Execute(["v1.sketch.dimension",[{"type":"VERTICAL_DISTANCE","value":"@expr.d1661_y","name":"y","id":27814,"geomIds":[27820,27871]}]])
[0m[0;32m[2026-09-16 13:49:38.768][VERB] RETURN: {"result":"$27887"}
[0m[0;32m[2026-09-16 13:49:38.768][VERB] COMMANDCALL: _C.SafeAPI.Execute(["v1.sketch.arcBy3Points",[{"startPos":[19.875,-22.2,0],"genIncidence":0,"genTangency":0,"genFixation":0,"genVertAndHoriz":0,"midPos":[19.406370849898,-23.331370849898,0],"id":27814,"endPos":[18.275,-23.8,0]}]])
[0m[0;32m[2026-09-16 13:49:38.777][VERB] RETURN: {"result":"$27889"}
[0m[0;32m[2026-09-16 13:49:38.777][VERB] COMMANDCALL: _C.SafeAPI.Execute(["v1.sketch.getPoints",[{"id":27889}]])
[0m[0;32m[2026-09-16 13:49:38.777][VERB] RETURN: {"result":{"centerId":"$27892","endId":"$27890","startId":"$27891"}}
[0m[0;32m[2026-09-16 13:49:38.778][VERB] COMMANDCALL: _C.SafeAPI.Execute(["v1.sketch.dimension",[{"type":"HORIZONTAL_DISTANCE","value":"@expr.d1662_x","name":"x","id":27814,"geomIds":[27820,27891]}]])
[0m[0;32m[2026-09-16 13:49:38.794][VERB] RETURN: {"result":"$27896"}
[0m[0;32m[2026-09-16 13:49:38.794][VERB] COMMANDCALL: _C.SafeAPI.Execute(["v1.sketch.dimension",[{"type":"VERTICAL_DISTANCE","value":"@expr.d1663_y","name":"y","id":27814,"geomIds":[27820,27891]}]])
[0m[0;32m[2026-09-16 13:49:38.810][VERB] RETURN: {"result":"$27900"}
[0m[0;32m[2026-09-16 13:49:38.810][VERB] COMMANDCALL: _C.SafeAPI.Execute(["v1.sketch.dimension",[{"type":"HORIZONTAL_DISTANCE","value":"@expr.d1664_x","name":"x","id":27814,"geomIds":[27820,27890]}]])
[0m[0;32m[2026-09-16 13:49:38.827][VERB] RETURN: {"result":"$27904"}
[0m[0;32m[2026-09-16 13:49:38.828][VERB] COMMANDCALL: _C.SafeAPI.Execute(["v1.sketch.dimension",[{"type":"VERTICAL_DISTANCE","value":"@expr.d1665_y","name":"y","id":27814,"geomIds":[27820,27890]}]])
[0m[0;32m[2026-09-16 13:49:38.844][VERB] RETURN: {"result":"$27908"}
[0m[0;32m[2026-09-16 13:49:38.845][VERB] COMMANDCALL: _C.SafeAPI.Execute(["v1.sketch.dimension",[{"type":"RADIUS","value":"@expr.d1666_arc_radius","name":"arc_radius","id":27814,"geomIds":[27889]}]])
[0m[0;32m[2026-09-16 13:49:38.862][VERB] RETURN: {"result":"$27912"}
[0m[0;32m[2026-09-16 13:49:38.862][VERB] COMMANDCALL: _C.SafeAPI.Execute(["v1.sketch.line",[{"startPos":[18.275,-23.8,0],"genIncidence":0,"genTangency":0,"genFixation":0,"genVertAndHoriz":0,"id":27814,"endPos":[8.475,-23.8,0]}]])
[0m[0;32m[2026-09-16 13:49:38.872][VERB] RETURN: {"result":"$27914"}
[0m[0;32m[2026-09-16 13:49:38.872][VERB] COMMANDCALL: _C.SafeAPI.Execute(["v1.sketch.getPoints",[{"id":27914}]])
[0m[0;32m[2026-09-16 13:49:38.872][VERB] RETURN: {"result":{"endId":"$27916","startId":"$27915"}}
[0m[0;32m[2026-09-16 13:49:38.872][VERB] COMMANDCALL: _C.SafeAPI.Execute(["v1.sketch.dimension",[{"type":"HORIZONTAL_DISTANCE","value":"@expr.d1667_x","name":"x","id":27814,"geomIds":[27820,27915]}]])
[0m[0;32m[2026-09-16 13:49:38.891][VERB] RETURN: {"result":"$27920"}
[0m[0;32m[2026-09-16 13:49:38.892][VERB] COMMANDCALL: _C.SafeAPI.Execute(["v1.sketch.dimension",[{"type":"VERTICAL_DISTANCE","value":"@expr.d1668_y","name":"y","id":27814,"geomIds":[27820,27915]}]])
[0m[0;32m[2026-09-16 13:49:38.911][VERB] RETURN: {"result":"$27924"}
[0m[0;32m[2026-09-16 13:49:38.912][VERB] COMMANDCALL: _C.SafeAPI.Execute(["v1.sketch.dimension",[{"type":"HORIZONTAL_DISTANCE","value":"@expr.d1669_x","name":"x","id":27814,"geomIds":[27820,27916]}]])
[0m[0;32m[2026-09-16 13:49:38.932][VERB] RETURN: {"result":"$27928"}
[0m[0;32m[2026-09-16 13:49:38.933][VERB] COMMANDCALL: _C.SafeAPI.Execute(["v1.sketch.dimension",[{"type":"VERTICAL_DISTANCE","value":"@expr.d1670_y","name":"y","id":27814,"geomIds":[27820,27916]}]])
[0m[0;32m[2026-09-16 13:49:38.954][VERB] RETURN: {"result":"$27932"}
[0m[0;32m[2026-09-16 13:49:38.955][VERB] COMMANDCALL: _C.SafeAPI.Execute(["v1.sketch.arcBy3Points",[{"startPos":[8.475,-23.8,0],"genIncidence":0,"genTangency":0,"genFixation":0,"genVertAndHoriz":0,"midPos":[7.3436291501015,-23.331370849898,0],"id":27814,"endPos":[6.875,-22.2,0]}]])
[0m[0;32m[2026-09-16 13:49:38.965][VERB] RETURN: {"result":"$27934"}
[0m[0;32m[2026-09-16 13:49:38.966][VERB] COMMANDCALL: _C.SafeAPI.Execute(["v1.sketch.getPoints",[{"id":27934}]])
[0m[0;32m[2026-09-16 13:49:38.966][VERB] RETURN: {"result":{"centerId":"$27937","endId":"$27935","startId":"$27936"}}
[0m[0;32m[2026-09-16 13:49:38.966][VERB] COMMANDCALL: _C.SafeAPI.Execute(["v1.sketch.dimension",[{"type":"HORIZONTAL_DISTANCE","value":"@expr.d1671_x","name":"x","id":27814,"geomIds":[27820,27936]}]])
[0m[0;32m[2026-09-16 13:49:38.988][VERB] RETURN: {"result":"$27941"}
[0m[0;32m[2026-09-16 13:49:38.989][VERB] COMMANDCALL: _C.SafeAPI.Execute(["v1.sketch.dimension",[{"type":"VERTICAL_DISTANCE","value":"@expr.d1672_y","name":"y","id":27814,"geomIds":[27820,27936]}]])
[0m[0;32m[2026-09-16 13:49:39.013][VERB] RETURN: {"result":"$27945"}
[0m[0;32m[2026-09-16 13:49:39.013][VERB] COMMANDCALL: _C.SafeAPI.Execute(["v1.sketch.dimension",[{"type":"HORIZONTAL_DISTANCE","value":"@expr.d1673_x","name":"x","id":27814,"geomIds":[27820,27935]}]])
[0m[0;32m[2026-09-16 13:49:39.037][VERB] RETURN: {"result":"$27949"}
[0m[0;32m[2026-09-16 13:49:39.038][VERB] COMMANDCALL: _C.SafeAPI.Execute(["v1.sketch.dimension",[{"type":"VERTICAL_DISTANCE","value":"@expr.d1674_y","name":"y","id":27814,"geomIds":[27820,27935]}]])
[0m[0;32m[2026-09-16 13:49:39.064][VERB] RETURN: {"result":"$27953"}
[0m[0;32m[2026-09-16 13:49:39.064][VERB] COMMANDCALL: _C.SafeAPI.Execute(["v1.sketch.dimension",[{"type":"RADIUS","value":"@expr.d1675_arc_radius","name":"arc_radius","id":27814,"geomIds":[27934]}]])
[0m[0;32m[2026-09-16 13:49:39.090][VERB] RETURN: {"result":"$27957"}
[0m[0;32m[2026-09-16 13:49:39.090][VERB] COMMANDCALL: _C.SafeAPI.Execute(["v1.sketch.line",[{"startPos":[6.875,-22.2,0],"genIncidence":0,"genTangency":0,"genFixation":0,"genVertAndHoriz":0,"id":27814,"endPos":[6.875,-18.3,0]}]])
[0m[0;32m[2026-09-16 13:49:39.103][VERB] RETURN: {"result":"$27959"}
[0m[0;32m[2026-09-16 13:49:39.104][VERB] COMMANDCALL: _C.SafeAPI.Execute(["v1.sketch.getPoints",[{"id":27959}]])
[0m[0;32m[2026-09-16 13:49:39.104][VERB] RETURN: {"result":{"endId":"$27961","startId":"$27960"}}
[0m[0;32m[2026-09-16 13:49:39.104][VERB] COMMANDCALL: _C.SafeAPI.Execute(["v1.sketch.dimension",[{"type":"HORIZONTAL_DISTANCE","value":"@expr.d1676_x","name":"x","id":27814,"geomIds":[27820,27960]}]])
[0m[0;32m[2026-09-16 13:49:39.130][VERB] RETURN: {"result":"$27965"}
[0m[0;32m[2026-09-16 13:49:39.131][VERB] COMMANDCALL: _C.SafeAPI.Execute(["v1.sketch.dimension",[{"type":"VERTICAL_DISTANCE","value":"@expr.d1677_y","name":"y","id":27814,"geomIds":[27820,27960]}]])
[0m[0;32m[2026-09-16 13:49:39.158][VERB] RETURN: {"result":"$27969"}
[0m[0;32m[2026-09-16 13:49:39.159][VERB] COMMANDCALL: _C.SafeAPI.Execute(["v1.sketch.dimension",[{"type":"HORIZONTAL_DISTANCE","value":"@expr.d1678_x","name":"x","id":27814,"geomIds":[27820,27961]}]])
[0m[0;32m[2026-09-16 13:49:39.187][VERB] RETURN: {"result":"$27973"}
[0m[0;32m[2026-09-16 13:49:39.187][VERB] COMMANDCALL: _C.SafeAPI.Execute(["v1.sketch.dimension",[{"type":"VERTICAL_DISTANCE","value":"@expr.d1679_y","name":"y","id":27814,"geomIds":[27820,27961]}]])
[0m[0;32m[2026-09-16 13:49:39.216][VERB] RETURN: {"result":"$27977"}
[0m[0;32m[2026-09-16 13:49:39.216][VERB] COMMANDCALL: _C.SafeAPI.Execute(["v1.sketch.arcBy3Points",[{"startPos":[6.875,-18.3,0],"genIncidence":0,"genTangency":0,"genFixation":0,"genVertAndHoriz":0,"midPos":[7.3436291501015,-17.168629150102,0],"id":27814,"endPos":[8.475,-16.7,0]}]])
[0m[0;32m[2026-09-16 13:49:39.232][VERB] RETURN: {"result":"$27979"}
[0m[0;32m[2026-09-16 13:49:39.232][VERB] COMMANDCALL: _C.SafeAPI.Execute(["v1.sketch.getPoints",[{"id":27979}]])
[0m[0;32m[2026-09-16 13:49:39.232][VERB] RETURN: {"result":{"centerId":"$27982","endId":"$27980","startId":"$27981"}}
[0m[0;32m[2026-09-16 13:49:39.232][VERB] COMMANDCALL: _C.SafeAPI.Execute(["v1.sketch.dimension",[{"type":"HORIZONTAL_DISTANCE","value":"@expr.d1680_x","name":"x","id":27814,"geomIds":[27820,27981]}]])
[0m[0;32m[2026-09-16 13:49:39.263][VERB] RETURN: {"result":"$27986"}
[0m[0;32m[2026-09-16 13:49:39.264][VERB] COMMANDCALL: _C.SafeAPI.Execute(["v1.sketch.dimension",[{"type":"VERTICAL_DISTANCE","value":"@expr.d1681_y","name":"y","id":27814,"geomIds":[27820,27981]}]])
[0m[0;32m[2026-09-16 13:49:39.295][VERB] RETURN: {"result":"$27990"}
[0m[0;32m[2026-09-16 13:49:39.295][VERB] COMMANDCALL: _C.SafeAPI.Execute(["v1.sketch.dimension",[{"type":"HORIZONTAL_DISTANCE","value":"@expr.d1682_x","name":"x","id":27814,"geomIds":[27820,27980]}]])
[0m[0;32m[2026-09-16 13:49:39.329][VERB] RETURN: {"result":"$27994"}
[0m[0;32m[2026-09-16 13:49:39.329][VERB] COMMANDCALL: _C.SafeAPI.Execute(["v1.sketch.dimension",[{"type":"VERTICAL_DISTANCE","value":"@expr.d1683_y","name":"y","id":27814,"geomIds":[27820,27980]}]])
[0m[0;32m[2026-09-16 13:49:39.361][VERB] RETURN: {"result":"$27998"}
[0m[0;32m[2026-09-16 13:49:39.361][VERB] COMMANDCALL: _C.SafeAPI.Execute(["v1.sketch.dimension",[{"type":"RADIUS","value":"@expr.d1684_arc_radius","name":"arc_radius","id":27814,"geomIds":[27979]}]])
[0m[0;32m[2026-09-16 13:49:39.394][VERB] RETURN: {"result":"$28002"}
[0m[0;32m[2026-09-16 13:49:39.394][VERB] COMMANDCALL: _C.SafeAPI.Execute(["v1.part.extrusion",[{"references":[27824,27844,27869,27889,27914,27934,27959,27979],"name":"F1648_extrude_housing_components_py_153","taperAngle":0,"limit2":"@expr.d1685_height","id":4}]])
[0m[0;32m[2026-09-16 13:49:39.408][VERB] RETURN: {"result":"$28006"}
[0m[0;32m[2026-09-16 13:49:39.409][VERB] COMMANDCALL: _C.SafeAPI.Execute(["v1.part.translation",[{"references":[30],"name":"F1648_extrude_housing_components_py_153_1","id":4,"targets":[28006],"distance":"@expr.d1686_position"}]])
[0m[0;32m[2026-09-16 13:49:39.420][VERB] RETURN: {"result":"$28077"}
[0m[0;32m[2026-09-16 13:49:39.420][VERB] COMMANDCALL: _C.SafeAPI.Execute(["v1.part.workPlane",[{"type":"PLANE","references":[38],"name":"F1687_makeBox_cad_primitives_py_8_plane","offset":"@expr.d1688_plane_offset","id":4}]])
[0m[0;32m[2026-09-16 13:49:39.429][VERB] RETURN: {"result":"$28088"}
[0m[0;32m[2026-09-16 13:49:39.430][VERB] COMMANDCALL: _C.SafeAPI.Execute(["v1.sketch.create",[{"planeId":28088,"name":"F1687_makeBox_cad_primitives_py_8_profile","id":4}]])
[0m[0;32m[2026-09-16 13:49:39.432][VERB] RETURN: {"result":"$28094"}
[0m[0;32m[2026-09-16 13:49:39.432][VERB] COMMANDCALL: _C.SafeAPI.Execute(["v1.sketch.rectangle",[{"startPos":[8.475,63.5,0],"id":28094,"genFixation":0,"endPos":[18.275,67.5,0]}]])
[0m[0;32m[2026-09-16 13:49:39.439][VERB] RETURN: {"result":["$28100","$28104","$28110","$28116"]}
[0m[0;32m[2026-09-16 13:49:39.440][VERB] COMMANDCALL: _C.SafeAPI.Execute(["v1.sketch.getPoints",[{"id":28100}]])
[0m[0;32m[2026-09-16 13:49:39.440][VERB] RETURN: {"result":{"endId":"$28102","startId":"$28101"}}
[0m[0;32m[2026-09-16 13:49:39.440][VERB] COMMANDCALL: _C.SafeAPI.Execute(["v1.sketch.point",[{"pos":[-1000,-1000,0],"id":28094}]])
[0m[0;32m[2026-09-16 13:49:39.442][VERB] RETURN: {"result":"$28132"}
[0m[0;32m[2026-09-16 13:49:39.442][VERB] COMMANDCALL: _C.SafeAPI.Execute(["v1.sketch.constraint",[{"type":"FIXATION","id":28094,"geomIds":[28132]}]])
[0m[0;32m[2026-09-16 13:49:39.444][VERB] RETURN: {"result":"$28134"}
[0m[0;32m[2026-09-16 13:49:39.444][VERB] COMMANDCALL: _C.SafeAPI.Execute(["v1.sketch.dimension",[{"type":"HORIZONTAL_DISTANCE","value":"@expr.d1689_position_x","name":"position_x","id":28094,"geomIds":[28132,28101]}]])
[0m[0;32m[2026-09-16 13:49:39.453][VERB] RETURN: {"result":"$28138"}
[0m[0;32m[2026-09-16 13:49:39.454][VERB] COMMANDCALL: _C.SafeAPI.Execute(["v1.sketch.dimension",[{"type":"VERTICAL_DISTANCE","value":"@expr.d1690_position_y","name":"position_y","id":28094,"geomIds":[28132,28101]}]])
[0m[0;32m[2026-09-16 13:49:39.461][VERB] RETURN: {"result":"$28142"}
[0m[0;32m[2026-09-16 13:49:39.461][VERB] COMMANDCALL: _C.SafeAPI.Execute(["v1.sketch.dimension",[{"type":"OFFSET","value":"@expr.d1691_width","name":"width","id":28094,"geomIds":[28100]}]])
[0m[0;32m[2026-09-16 13:49:39.470][VERB] RETURN: {"result":"$28146"}
[0m[0;32m[2026-09-16 13:49:39.470][VERB] COMMANDCALL: _C.SafeAPI.Execute(["v1.sketch.dimension",[{"type":"OFFSET","value":"@expr.d1692_depth","name":"depth","id":28094,"geomIds":[28104]}]])
[0m[0;32m[2026-09-16 13:49:39.479][VERB] RETURN: {"result":"$28150"}
[0m[0;32m[2026-09-16 13:49:39.479][VERB] COMMANDCALL: _C.SafeAPI.Execute(["v1.part.extrusion",[{"references":[28100,28104,28110,28116],"name":"F1687_makeBox_cad_primitives_py_8","taperAngle":0,"limit2":"@expr.d1693_height","id":4}]])
[0m[0;32m[2026-09-16 13:49:39.490][VERB] RETURN: {"result":"$28154"}
[0m[0;32m[2026-09-16 13:49:39.490][VERB] COMMANDCALL: _C.SafeAPI.Execute(["v1.sketch.create",[{"planeId":42,"name":"F1694_extrude_housing_components_py_153_profile","id":4}]])
[0m[0;32m[2026-09-16 13:49:39.493][VERB] RETURN: {"result":"$28195"}
[0m[0;32m[2026-09-16 13:49:39.493][VERB] COMMANDCALL: _C.SafeAPI.Execute(["v1.sketch.point",[{"pos":[-1000,-1000,0],"id":28195}]])
[0m[0;32m[2026-09-16 13:49:39.494][VERB] RETURN: {"result":"$28201"}
[0m[0;32m[2026-09-16 13:49:39.495][VERB] COMMANDCALL: _C.SafeAPI.Execute(["v1.sketch.constraint",[{"type":"FIXATION","id":28195,"geomIds":[28201]}]])
[0m[0;32m[2026-09-16 13:49:39.496][VERB] RETURN: {"result":"$28203"}
[0m[0;32m[2026-09-16 13:49:39.496][VERB] COMMANDCALL: _C.SafeAPI.Execute(["v1.sketch.line",[{"startPos":[9.475,-18.4,0],"genIncidence":0,"genTangency":0,"genFixation":0,"genVertAndHoriz":0,"id":28195,"endPos":[17.275,-18.4,0]}]])
[0m[0;32m[2026-09-16 13:49:39.498][VERB] RETURN: {"result":"$28205"}
[0m[0;32m[2026-09-16 13:49:39.498][VERB] COMMANDCALL: _C.SafeAPI.Execute(["v1.sketch.getPoints",[{"id":28205}]])
[0m[0;32m[2026-09-16 13:49:39.498][VERB] RETURN: {"result":{"endId":"$28207","startId":"$28206"}}
[0m[0;32m[2026-09-16 13:49:39.499][VERB] COMMANDCALL: _C.SafeAPI.Execute(["v1.sketch.dimension",[{"type":"HORIZONTAL_DISTANCE","value":"@expr.d1695_x","name":"x","id":28195,"geomIds":[28201,28206]}]])
[0m[0;32m[2026-09-16 13:49:39.504][VERB] RETURN: {"result":"$28211"}
[0m[0;32m[2026-09-16 13:49:39.505][VERB] COMMANDCALL: _C.SafeAPI.Execute(["v1.sketch.dimension",[{"type":"VERTICAL_DISTANCE","value":"@expr.d1696_y","name":"y","id":28195,"geomIds":[28201,28206]}]])
[0m[0;32m[2026-09-16 13:49:39.511][VERB] RETURN: {"result":"$28215"}
[0m[0;32m[2026-09-16 13:49:39.511][VERB] COMMANDCALL: _C.SafeAPI.Execute(["v1.sketch.dimension",[{"type":"HORIZONTAL_DISTANCE","value":"@expr.d1697_x","name":"x","id":28195,"geomIds":[28201,28207]}]])
[0m[0;32m[2026-09-16 13:49:39.517][VERB] RETURN: {"result":"$28219"}
[0m[0;32m[2026-09-16 13:49:39.518][VERB] COMMANDCALL: _C.SafeAPI.Execute(["v1.sketch.dimension",[{"type":"VERTICAL_DISTANCE","value":"@expr.d1698_y","name":"y","id":28195,"geomIds":[28201,28207]}]])
[0m[0;32m[2026-09-16 13:49:39.525][VERB] RETURN: {"result":"$28223"}
[0m[0;32m[2026-09-16 13:49:39.525][VERB] COMMANDCALL: _C.SafeAPI.Execute(["v1.sketch.arcBy3Points",[{"startPos":[17.275,-18.4,0],"genIncidence":0,"genTangency":0,"genFixation":0,"genVertAndHoriz":0,"midPos":[17.982106781187,-18.692893218813,0],"id":28195,"endPos":[18.275,-19.4,0]}]])
[0m[0;32m[2026-09-16 13:49:39.529][VERB] RETURN: {"result":"$28225"}
[0m[0;32m[2026-09-16 13:49:39.529][VERB] COMMANDCALL: _C.SafeAPI.Execute(["v1.sketch.getPoints",[{"id":28225}]])
[0m[0;32m[2026-09-16 13:49:39.529][VERB] RETURN: {"result":{"centerId":"$28228","endId":"$28226","startId":"$28227"}}
[0m[0;32m[2026-09-16 13:49:39.529][VERB] COMMANDCALL: _C.SafeAPI.Execute(["v1.sketch.dimension",[{"type":"HORIZONTAL_DISTANCE","value":"@expr.d1699_x","name":"x","id":28195,"geomIds":[28201,28227]}]])
[0m[0;32m[2026-09-16 13:49:39.538][VERB] RETURN: {"result":"$28232"}
[0m[0;32m[2026-09-16 13:49:39.539][VERB] COMMANDCALL: _C.SafeAPI.Execute(["v1.sketch.dimension",[{"type":"VERTICAL_DISTANCE","value":"@expr.d1700_y","name":"y","id":28195,"geomIds":[28201,28227]}]])
[0m[0;32m[2026-09-16 13:49:39.548][VERB] RETURN: {"result":"$28236"}
[0m[0;32m[2026-09-16 13:49:39.548][VERB] COMMANDCALL: _C.SafeAPI.Execute(["v1.sketch.dimension",[{"type":"HORIZONTAL_DISTANCE","value":"@expr.d1701_x","name":"x","id":28195,"geomIds":[28201,28226]}]])
[0m[0;32m[2026-09-16 13:49:39.559][VERB] RETURN: {"result":"$28240"}
[0m[0;32m[2026-09-16 13:49:39.559][VERB] COMMANDCALL: _C.SafeAPI.Execute(["v1.sketch.dimension",[{"type":"VERTICAL_DISTANCE","value":"@expr.d1702_y","name":"y","id":28195,"geomIds":[28201,28226]}]])
[0m[0;32m[2026-09-16 13:49:39.569][VERB] RETURN: {"result":"$28244"}
[0m[0;32m[2026-09-16 13:49:39.570][VERB] COMMANDCALL: _C.SafeAPI.Execute(["v1.sketch.dimension",[{"type":"RADIUS","value":"@expr.d1703_arc_radius","name":"arc_radius","id":28195,"geomIds":[28225]}]])
[0m[0;32m[2026-09-16 13:49:39.581][VERB] RETURN: {"result":"$28248"}
[0m[0;32m[2026-09-16 13:49:39.581][VERB] COMMANDCALL: _C.SafeAPI.Execute(["v1.sketch.line",[{"startPos":[18.275,-19.4,0],"genIncidence":0,"genTangency":0,"genFixation":0,"genVertAndHoriz":0,"id":28195,"endPos":[18.275,-24.8,0]}]])
[0m[0;32m[2026-09-16 13:49:39.587][VERB] RETURN: {"result":"$28250"}
[0m[0;32m[2026-09-16 13:49:39.588][VERB] COMMANDCALL: _C.SafeAPI.Execute(["v1.sketch.getPoints",[{"id":28250}]])
[0m[0;32m[2026-09-16 13:49:39.588][VERB] RETURN: {"result":{"endId":"$28252","startId":"$28251"}}
[0m[0;32m[2026-09-16 13:49:39.588][VERB] COMMANDCALL: _C.SafeAPI.Execute(["v1.sketch.dimension",[{"type":"HORIZONTAL_DISTANCE","value":"@expr.d1704_x","name":"x","id":28195,"geomIds":[28201,28251]}]])
[0m[0;32m[2026-09-16 13:49:39.601][VERB] RETURN: {"result":"$28256"}
[0m[0;32m[2026-09-16 13:49:39.602][VERB] COMMANDCALL: _C.SafeAPI.Execute(["v1.sketch.dimension",[{"type":"VERTICAL_DISTANCE","value":"@expr.d1705_y","name":"y","id":28195,"geomIds":[28201,28251]}]])
[0m[0;32m[2026-09-16 13:49:39.616][VERB] RETURN: {"result":"$28260"}
[0m[0;32m[2026-09-16 13:49:39.616][VERB] COMMANDCALL: _C.SafeAPI.Execute(["v1.sketch.dimension",[{"type":"HORIZONTAL_DISTANCE","value":"@expr.d1706_x","name":"x","id":28195,"geomIds":[28201,28252]}]])
[0m[0;32m[2026-09-16 13:49:39.629][VERB] RETURN: {"result":"$28264"}
[0m[0;32m[2026-09-16 13:49:39.630][VERB] COMMANDCALL: _C.SafeAPI.Execute(["v1.sketch.dimension",[{"type":"VERTICAL_DISTANCE","value":"@expr.d1707_y","name":"y","id":28195,"geomIds":[28201,28252]}]])
[0m[0;32m[2026-09-16 13:49:39.645][VERB] RETURN: {"result":"$28268"}
[0m[0;32m[2026-09-16 13:49:39.645][VERB] COMMANDCALL: _C.SafeAPI.Execute(["v1.sketch.line",[{"startPos":[18.275,-24.8,0],"genIncidence":0,"genTangency":0,"genFixation":0,"genVertAndHoriz":0,"id":28195,"endPos":[8.475,-24.8,0]}]])
[0m[0;32m[2026-09-16 13:49:39.653][VERB] RETURN: {"result":"$28270"}
[0m[0;32m[2026-09-16 13:49:39.653][VERB] COMMANDCALL: _C.SafeAPI.Execute(["v1.sketch.getPoints",[{"id":28270}]])
[0m[0;32m[2026-09-16 13:49:39.653][VERB] RETURN: {"result":{"endId":"$28272","startId":"$28271"}}
[0m[0;32m[2026-09-16 13:49:39.653][VERB] COMMANDCALL: _C.SafeAPI.Execute(["v1.sketch.dimension",[{"type":"HORIZONTAL_DISTANCE","value":"@expr.d1708_x","name":"x","id":28195,"geomIds":[28201,28271]}]])
[0m[0;32m[2026-09-16 13:49:39.669][VERB] RETURN: {"result":"$28276"}
[0m[0;32m[2026-09-16 13:49:39.669][VERB] COMMANDCALL: _C.SafeAPI.Execute(["v1.sketch.dimension",[{"type":"VERTICAL_DISTANCE","value":"@expr.d1709_y","name":"y","id":28195,"geomIds":[28201,28271]}]])
[0m[0;32m[2026-09-16 13:49:39.686][VERB] RETURN: {"result":"$28280"}
[0m[0;32m[2026-09-16 13:49:39.686][VERB] COMMANDCALL: _C.SafeAPI.Execute(["v1.sketch.dimension",[{"type":"HORIZONTAL_DISTANCE","value":"@expr.d1710_x","name":"x","id":28195,"geomIds":[28201,28272]}]])
[0m[0;32m[2026-09-16 13:49:39.703][VERB] RETURN: {"result":"$28284"}
[0m[0;32m[2026-09-16 13:49:39.703][VERB] COMMANDCALL: _C.SafeAPI.Execute(["v1.sketch.dimension",[{"type":"VERTICAL_DISTANCE","value":"@expr.d1711_y","name":"y","id":28195,"geomIds":[28201,28272]}]])
[0m[0;32m[2026-09-16 13:49:39.721][VERB] RETURN: {"result":"$28288"}
[0m[0;32m[2026-09-16 13:49:39.721][VERB] COMMANDCALL: _C.SafeAPI.Execute(["v1.sketch.line",[{"startPos":[8.475,-24.8,0],"genIncidence":0,"genTangency":0,"genFixation":0,"genVertAndHoriz":0,"id":28195,"endPos":[8.475,-19.4,0]}]])
[0m[0;32m[2026-09-16 13:49:39.730][VERB] RETURN: {"result":"$28290"}
[0m[0;32m[2026-09-16 13:49:39.731][VERB] COMMANDCALL: _C.SafeAPI.Execute(["v1.sketch.getPoints",[{"id":28290}]])
[0m[0;32m[2026-09-16 13:49:39.731][VERB] RETURN: {"result":{"endId":"$28292","startId":"$28291"}}
[0m[0;32m[2026-09-16 13:49:39.731][VERB] COMMANDCALL: _C.SafeAPI.Execute(["v1.sketch.dimension",[{"type":"HORIZONTAL_DISTANCE","value":"@expr.d1712_x","name":"x","id":28195,"geomIds":[28201,28291]}]])
[0m[0;32m[2026-09-16 13:49:39.750][VERB] RETURN: {"result":"$28296"}
[0m[0;32m[2026-09-16 13:49:39.750][VERB] COMMANDCALL: _C.SafeAPI.Execute(["v1.sketch.dimension",[{"type":"VERTICAL_DISTANCE","value":"@expr.d1713_y","name":"y","id":28195,"geomIds":[28201,28291]}]])
[0m[0;32m[2026-09-16 13:49:39.770][VERB] RETURN: {"result":"$28300"}
[0m[0;32m[2026-09-16 13:49:39.770][VERB] COMMANDCALL: _C.SafeAPI.Execute(["v1.sketch.dimension",[{"type":"HORIZONTAL_DISTANCE","value":"@expr.d1714_x","name":"x","id":28195,"geomIds":[28201,28292]}]])
[0m[0;32m[2026-09-16 13:49:39.790][VERB] RETURN: {"result":"$28304"}
[0m[0;32m[2026-09-16 13:49:39.791][VERB] COMMANDCALL: _C.SafeAPI.Execute(["v1.sketch.dimension",[{"type":"VERTICAL_DISTANCE","value":"@expr.d1715_y","name":"y","id":28195,"geomIds":[28201,28292]}]])
[0m[0;32m[2026-09-16 13:49:39.812][VERB] RETURN: {"result":"$28308"}
[0m[0;32m[2026-09-16 13:49:39.812][VERB] COMMANDCALL: _C.SafeAPI.Execute(["v1.sketch.arcBy3Points",[{"startPos":[8.475,-19.4,0],"genIncidence":0,"genTangency":0,"genFixation":0,"genVertAndHoriz":0,"midPos":[8.7678932188135,-18.692893218813,0],"id":28195,"endPos":[9.475,-18.4,0]}]])
[0m[0;32m[2026-09-16 13:49:39.823][VERB] RETURN: {"result":"$28310"}
[0m[0;32m[2026-09-16 13:49:39.824][VERB] COMMANDCALL: _C.SafeAPI.Execute(["v1.sketch.getPoints",[{"id":28310}]])
[0m[0;32m[2026-09-16 13:49:39.824][VERB] RETURN: {"result":{"centerId":"$28313","endId":"$28311","startId":"$28312"}}
[0m[0;32m[2026-09-16 13:49:39.824][VERB] COMMANDCALL: _C.SafeAPI.Execute(["v1.sketch.dimension",[{"type":"HORIZONTAL_DISTANCE","value":"@expr.d1716_x","name":"x","id":28195,"geomIds":[28201,28312]}]])
[0m[0;32m[2026-09-16 13:49:39.846][VERB] RETURN: {"result":"$28317"}
[0m[0;32m[2026-09-16 13:49:39.846][VERB] COMMANDCALL: _C.SafeAPI.Execute(["v1.sketch.dimension",[{"type":"VERTICAL_DISTANCE","value":"@expr.d1717_y","name":"y","id":28195,"geomIds":[28201,28312]}]])
[0m[0;32m[2026-09-16 13:49:39.870][VERB] RETURN: {"result":"$28321"}
[0m[0;32m[2026-09-16 13:49:39.870][VERB] COMMANDCALL: _C.SafeAPI.Execute(["v1.sketch.dimension",[{"type":"HORIZONTAL_DISTANCE","value":"@expr.d1718_x","name":"x","id":28195,"geomIds":[28201,28311]}]])
[0m[0;32m[2026-09-16 13:49:39.893][VERB] RETURN: {"result":"$28325"}
[0m[0;32m[2026-09-16 13:49:39.894][VERB] COMMANDCALL: _C.SafeAPI.Execute(["v1.sketch.dimension",[{"type":"VERTICAL_DISTANCE","value":"@expr.d1719_y","name":"y","id":28195,"geomIds":[28201,28311]}]])
[0m[0;32m[2026-09-16 13:49:39.918][VERB] RETURN: {"result":"$28329"}
[0m[0;32m[2026-09-16 13:49:39.919][VERB] COMMANDCALL: _C.SafeAPI.Execute(["v1.sketch.dimension",[{"type":"RADIUS","value":"@expr.d1720_arc_radius","name":"arc_radius","id":28195,"geomIds":[28310]}]])
[0m[0;32m[2026-09-16 13:49:39.942][VERB] RETURN: {"result":"$28333"}
[0m[0;32m[2026-09-16 13:49:39.943][VERB] COMMANDCALL: _C.SafeAPI.Execute(["v1.part.extrusion",[{"references":[28205,28225,28250,28270,28290,28310],"name":"F1694_extrude_housing_components_py_153","taperAngle":0,"limit2":"@expr.d1721_height","id":4}]])
[0m[0;32m[2026-09-16 13:49:39.956][VERB] RETURN: {"result":"$28337"}
[0m[0;32m[2026-09-16 13:49:39.956][VERB] COMMANDCALL: _C.SafeAPI.Execute(["v1.part.translation",[{"references":[30],"name":"F1694_extrude_housing_components_py_153_1","id":4,"targets":[28337],"distance":"@expr.d1722_position"}]])
[0m[0;32m[2026-09-16 13:49:39.966][VERB] RETURN: {"result":"$28394"}
[0m[0;32m[2026-09-16 13:49:39.967][VERB] COMMANDCALL: _C.SafeAPI.Execute(["v1.part.boolean",[{"type":"UNION","tools":[28154,28394],"target":28077,"name":"F1647_union_housing_components_py_161","id":4}]])
[0m[0;32m[2026-09-16 13:49:39.981][VERB] RETURN: {"result":"$28405"}
[0m[0;32m[2026-09-16 13:49:39.982][VERB] COMMANDCALL: _C.SafeAPI.Execute(["v1.part.workPlane",[{"type":"PLANE","references":[38],"name":"F1723_makeBox_cad_primitives_py_8_plane","offset":"@expr.d1724_plane_offset","id":4}]])
[0m[0;32m[2026-09-16 13:49:39.990][VERB] RETURN: {"result":"$28498"}
[0m[0;32m[2026-09-16 13:49:39.990][VERB] COMMANDCALL: _C.SafeAPI.Execute(["v1.sketch.create",[{"planeId":28498,"name":"F1723_makeBox_cad_primitives_py_8_profile","id":4}]])
[0m[0;32m[2026-09-16 13:49:39.992][VERB] RETURN: {"result":"$28504"}
[0m[0;32m[2026-09-16 13:49:39.992][VERB] COMMANDCALL: _C.SafeAPI.Execute(["v1.sketch.rectangle",[{"startPos":[-10,50,0],"id":28504,"genFixation":0,"endPos":[50,80,0]}]])
[0m[0;32m[2026-09-16 13:49:40.000][VERB] RETURN: {"result":["$28510","$28514","$28520","$28526"]}
[0m[0;32m[2026-09-16 13:49:40.000][VERB] COMMANDCALL: _C.SafeAPI.Execute(["v1.sketch.getPoints",[{"id":28510}]])
[0m[0;32m[2026-09-16 13:49:40.000][VERB] RETURN: {"result":{"endId":"$28512","startId":"$28511"}}
[0m[0;32m[2026-09-16 13:49:40.001][VERB] COMMANDCALL: _C.SafeAPI.Execute(["v1.sketch.point",[{"pos":[-1000,-1000,0],"id":28504}]])
[0m[0;32m[2026-09-16 13:49:40.003][VERB] RETURN: {"result":"$28542"}
[0m[0;32m[2026-09-16 13:49:40.003][VERB] COMMANDCALL: _C.SafeAPI.Execute(["v1.sketch.constraint",[{"type":"FIXATION","id":28504,"geomIds":[28542]}]])
[0m[0;32m[2026-09-16 13:49:40.005][VERB] RETURN: {"result":"$28544"}
[0m[0;32m[2026-09-16 13:49:40.005][VERB] COMMANDCALL: _C.SafeAPI.Execute(["v1.sketch.dimension",[{"type":"HORIZONTAL_DISTANCE","value":"@expr.d1725_position_x","name":"position_x","id":28504,"geomIds":[28542,28511]}]])
[0m[0;32m[2026-09-16 13:49:40.012][VERB] RETURN: {"result":"$28548"}
[0m[0;32m[2026-09-16 13:49:40.012][VERB] COMMANDCALL: _C.SafeAPI.Execute(["v1.sketch.dimension",[{"type":"VERTICAL_DISTANCE","value":"@expr.d1726_position_y","name":"position_y","id":28504,"geomIds":[28542,28511]}]])
[0m[0;32m[2026-09-16 13:49:40.019][VERB] RETURN: {"result":"$28552"}
[0m[0;32m[2026-09-16 13:49:40.019][VERB] COMMANDCALL: _C.SafeAPI.Execute(["v1.sketch.dimension",[{"type":"OFFSET","value":"@expr.d1727_width","name":"width","id":28504,"geomIds":[28510]}]])
[0m[0;32m[2026-09-16 13:49:40.027][VERB] RETURN: {"result":"$28556"}
[0m[0;32m[2026-09-16 13:49:40.027][VERB] COMMANDCALL: _C.SafeAPI.Execute(["v1.sketch.dimension",[{"type":"OFFSET","value":"@expr.d1728_depth","name":"depth","id":28504,"geomIds":[28514]}]])
[0m[0;32m[2026-09-16 13:49:40.037][VERB] RETURN: {"result":"$28560"}
[0m[0;32m[2026-09-16 13:49:40.037][VERB] COMMANDCALL: _C.SafeAPI.Execute(["v1.part.extrusion",[{"references":[28510,28514,28520,28526],"name":"F1723_makeBox_cad_primitives_py_8","taperAngle":0,"limit2":"@expr.d1729_height","id":4}]])
[0m[0;32m[2026-09-16 13:49:40.049][VERB] RETURN: {"result":"$28564"}
[0m[0;32m[2026-09-16 13:49:40.050][VERB] COMMANDCALL: _C.SafeAPI.Execute(["v1.part.boolean",[{"type":"INTERSECTION","tools":[28564],"target":28405,"name":"F1646_common_housing_components_py_165","id":4}]])
[0m[0;32m[2026-09-16 13:49:40.063][VERB] RETURN: {"result":"$28607"}
[0m[0;32m[2026-09-16 13:49:40.064][VERB] COMMANDCALL: _C.SafeAPI.Execute(["v1.part.boolean",[{"type":"SUBTRACTION","tools":[28607],"target":27745,"name":"F12_cut_housing_py_476","id":4}]])
[0m[0;32m[2026-09-16 13:49:40.120][VERB] RETURN: {"result":"$28637"}
[0m[0;32m[2026-09-16 13:49:40.120][VERB] COMMANDCALL: _C.SafeAPI.Execute(["v1.part.workPlane",[{"type":"PLANE","references":[38],"name":"F1730_makeCylinder_cad_primitives_py_12_plane","offset":"@expr.d1731_plane_offset","id":4}]])
[0m[0;32m[2026-09-16 13:49:40.129][VERB] RETURN: {"result":"$28649"}
[0m[0;32m[2026-09-16 13:49:40.129][VERB] COMMANDCALL: _C.SafeAPI.Execute(["v1.sketch.create",[{"planeId":28649,"name":"F1730_makeCylinder_cad_primitives_py_12_profile","id":4}]])
[0m[0;32m[2026-09-16 13:49:40.132][VERB] RETURN: {"result":"$28655"}
[0m[0;32m[2026-09-16 13:49:40.132][VERB] COMMANDCALL: _C.SafeAPI.Execute(["v1.sketch.circle",[{"radius":1.15,"id":28655,"genFixation":0,"centerPos":[29.5,3.1,0]}]])
[0m[0;32m[2026-09-16 13:49:40.134][VERB] RETURN: {"result":"$28661"}
[0m[0;32m[2026-09-16 13:49:40.134][VERB] COMMANDCALL: _C.SafeAPI.Execute(["v1.sketch.getPoints",[{"id":28661}]])
[0m[0;32m[2026-09-16 13:49:40.134][VERB] RETURN: {"result":{"centerId":"$28662"}}
[0m[0;32m[2026-09-16 13:49:40.134][VERB] COMMANDCALL: _C.SafeAPI.Execute(["v1.sketch.point",[{"pos":[-1000,-1000,0],"id":28655}]])
[0m[0;32m[2026-09-16 13:49:40.135][VERB] RETURN: {"result":"$28664"}
[0m[0;32m[2026-09-16 13:49:40.136][VERB] COMMANDCALL: _C.SafeAPI.Execute(["v1.sketch.constraint",[{"type":"FIXATION","id":28655,"geomIds":[28664]}]])
[0m[0;32m[2026-09-16 13:49:40.137][VERB] RETURN: {"result":"$28666"}
[0m[0;32m[2026-09-16 13:49:40.137][VERB] COMMANDCALL: _C.SafeAPI.Execute(["v1.sketch.dimension",[{"type":"HORIZONTAL_DISTANCE","value":"@expr.d1732_position_x","name":"position_x","id":28655,"geomIds":[28664,28662]}]])
[0m[0;32m[2026-09-16 13:49:40.142][VERB] RETURN: {"result":"$28670"}
[0m[0;32m[2026-09-16 13:49:40.142][VERB] COMMANDCALL: _C.SafeAPI.Execute(["v1.sketch.dimension",[{"type":"VERTICAL_DISTANCE","value":"@expr.d1733_position_y","name":"position_y","id":28655,"geomIds":[28664,28662]}]])
[0m[0;32m[2026-09-16 13:49:40.148][VERB] RETURN: {"result":"$28674"}
[0m[0;32m[2026-09-16 13:49:40.148][VERB] COMMANDCALL: _C.SafeAPI.Execute(["v1.sketch.dimension",[{"type":"RADIUS","value":"@expr.d1734_radius","name":"radius","id":28655,"geomIds":[28661]}]])
[0m[0;32m[2026-09-16 13:49:40.155][VERB] RETURN: {"result":"$28678"}
[0m[0;32m[2026-09-16 13:49:40.156][VERB] COMMANDCALL: _C.SafeAPI.Execute(["v1.part.extrusion",[{"references":[28661],"name":"F1730_makeCylinder_cad_primitives_py_12","taperAngle":0,"limit2":"@expr.d1735_height","id":4}]])
[0m[0;32m[2026-09-16 13:49:40.168][VERB] RETURN: {"result":"$28682"}
[0m[0;32m[2026-09-16 13:49:40.168][VERB] COMMANDCALL: _C.SafeAPI.Execute(["v1.part.boolean",[{"type":"SUBTRACTION","tools":[28682],"target":28637,"name":"F11_cut_housing_py_489","id":4}]])
[0m[0;32m[2026-09-16 13:49:40.198][VERB] RETURN: {"result":"$28704"}
[0m[0;32m[2026-09-16 13:49:40.199][VERB] COMMANDCALL: _C.SafeAPI.Execute(["v1.part.workPlane",[{"type":"PLANE","references":[38],"name":"F1736_makeCylinder_cad_primitives_py_12_plane","offset":"@expr.d1737_plane_offset","id":4}]])
[0m[0;32m[2026-09-16 13:49:40.207][VERB] RETURN: {"result":"$28727"}
[0m[0;32m[2026-09-16 13:49:40.208][VERB] COMMANDCALL: _C.SafeAPI.Execute(["v1.sketch.create",[{"planeId":28727,"name":"F1736_makeCylinder_cad_primitives_py_12_profile","id":4}]])
[0m[0;32m[2026-09-16 13:49:40.211][VERB] RETURN: {"result":"$28733"}
[0m[0;32m[2026-09-16 13:49:40.211][VERB] COMMANDCALL: _C.SafeAPI.Execute(["v1.sketch.circle",[{"radius":1.45,"id":28733,"genFixation":0,"centerPos":[29.5,3.1,0]}]])
[0m[0;32m[2026-09-16 13:49:40.213][VERB] RETURN: {"result":"$28739"}
[0m[0;32m[2026-09-16 13:49:40.213][VERB] COMMANDCALL: _C.SafeAPI.Execute(["v1.sketch.getPoints",[{"id":28739}]])
[0m[0;32m[2026-09-16 13:49:40.213][VERB] RETURN: {"result":{"centerId":"$28740"}}
[0m[0;32m[2026-09-16 13:49:40.213][VERB] COMMANDCALL: _C.SafeAPI.Execute(["v1.sketch.point",[{"pos":[-1000,-1000,0],"id":28733}]])
[0m[0;32m[2026-09-16 13:49:40.214][VERB] RETURN: {"result":"$28742"}
[0m[0;32m[2026-09-16 13:49:40.215][VERB] COMMANDCALL: _C.SafeAPI.Execute(["v1.sketch.constraint",[{"type":"FIXATION","id":28733,"geomIds":[28742]}]])
[0m[0;32m[2026-09-16 13:49:40.216][VERB] RETURN: {"result":"$28744"}
[0m[0;32m[2026-09-16 13:49:40.216][VERB] COMMANDCALL: _C.SafeAPI.Execute(["v1.sketch.dimension",[{"type":"HORIZONTAL_DISTANCE","value":"@expr.d1738_position_x","name":"position_x","id":28733,"geomIds":[28742,28740]}]])
[0m[0;32m[2026-09-16 13:49:40.222][VERB] RETURN: {"result":"$28748"}
[0m[0;32m[2026-09-16 13:49:40.222][VERB] COMMANDCALL: _C.SafeAPI.Execute(["v1.sketch.dimension",[{"type":"VERTICAL_DISTANCE","value":"@expr.d1739_position_y","name":"position_y","id":28733,"geomIds":[28742,28740]}]])
[0m[0;32m[2026-09-16 13:49:40.228][VERB] RETURN: {"result":"$28752"}
[0m[0;32m[2026-09-16 13:49:40.228][VERB] COMMANDCALL: _C.SafeAPI.Execute(["v1.sketch.dimension",[{"type":"RADIUS","value":"@expr.d1740_radius","name":"radius","id":28733,"geomIds":[28739]}]])
[0m[0;32m[2026-09-16 13:49:40.234][VERB] RETURN: {"result":"$28756"}
[0m[0;32m[2026-09-16 13:49:40.234][VERB] COMMANDCALL: _C.SafeAPI.Execute(["v1.part.extrusion",[{"references":[28739],"name":"F1736_makeCylinder_cad_primitives_py_12","taperAngle":0,"limit2":"@expr.d1741_height","id":4}]])
[0m[0;32m[2026-09-16 13:49:40.247][VERB] RETURN: {"result":"$28760"}
[0m[0;32m[2026-09-16 13:49:40.248][VERB] COMMANDCALL: _C.SafeAPI.Execute(["v1.part.boolean",[{"type":"SUBTRACTION","tools":[28760],"target":28704,"name":"F10_cut_housing_py_491","id":4}]])
[0m[0;32m[2026-09-16 13:49:40.278][VERB] RETURN: {"result":"$28782"}
[0m[0;32m[2026-09-16 13:49:40.278][VERB] COMMANDCALL: _C.SafeAPI.Execute(["v1.part.workPlane",[{"type":"PLANE","references":[38],"name":"F1742_makeCylinder_cad_primitives_py_12_plane","offset":"@expr.d1743_plane_offset","id":4}]])
[0m[0;32m[2026-09-16 13:49:40.286][VERB] RETURN: {"result":"$28809"}
[0m[0;32m[2026-09-16 13:49:40.287][VERB] COMMANDCALL: _C.SafeAPI.Execute(["v1.sketch.create",[{"planeId":28809,"name":"F1742_makeCylinder_cad_primitives_py_12_profile","id":4}]])
[0m[0;32m[2026-09-16 13:49:40.290][VERB] RETURN: {"result":"$28815"}
[0m[0;32m[2026-09-16 13:49:40.290][VERB] COMMANDCALL: _C.SafeAPI.Execute(["v1.sketch.circle",[{"radius":1.15,"id":28815,"genFixation":0,"centerPos":[29.5,20.9,0]}]])
[0m[0;32m[2026-09-16 13:49:40.292][VERB] RETURN: {"result":"$28821"}
[0m[0;32m[2026-09-16 13:49:40.292][VERB] COMMANDCALL: _C.SafeAPI.Execute(["v1.sketch.getPoints",[{"id":28821}]])
[0m[0;32m[2026-09-16 13:49:40.292][VERB] RETURN: {"result":{"centerId":"$28822"}}
[0m[0;32m[2026-09-16 13:49:40.292][VERB] COMMANDCALL: _C.SafeAPI.Execute(["v1.sketch.point",[{"pos":[-1000,-1000,0],"id":28815}]])
[0m[0;32m[2026-09-16 13:49:40.293][VERB] RETURN: {"result":"$28824"}
[0m[0;32m[2026-09-16 13:49:40.293][VERB] COMMANDCALL: _C.SafeAPI.Execute(["v1.sketch.constraint",[{"type":"FIXATION","id":28815,"geomIds":[28824]}]])
[0m[0;32m[2026-09-16 13:49:40.295][VERB] RETURN: {"result":"$28826"}
[0m[0;32m[2026-09-16 13:49:40.295][VERB] COMMANDCALL: _C.SafeAPI.Execute(["v1.sketch.dimension",[{"type":"HORIZONTAL_DISTANCE","value":"@expr.d1744_position_x","name":"position_x","id":28815,"geomIds":[28824,28822]}]])
[0m[0;32m[2026-09-16 13:49:40.300][VERB] RETURN: {"result":"$28830"}
[0m[0;32m[2026-09-16 13:49:40.301][VERB] COMMANDCALL: _C.SafeAPI.Execute(["v1.sketch.dimension",[{"type":"VERTICAL_DISTANCE","value":"@expr.d1745_position_y","name":"position_y","id":28815,"geomIds":[28824,28822]}]])
[0m[0;32m[2026-09-16 13:49:40.307][VERB] RETURN: {"result":"$28834"}
[0m[0;32m[2026-09-16 13:49:40.307][VERB] COMMANDCALL: _C.SafeAPI.Execute(["v1.sketch.dimension",[{"type":"RADIUS","value":"@expr.d1746_radius","name":"radius","id":28815,"geomIds":[28821]}]])
[0m[0;32m[2026-09-16 13:49:40.313][VERB] RETURN: {"result":"$28838"}
[0m[0;32m[2026-09-16 13:49:40.313][VERB] COMMANDCALL: _C.SafeAPI.Execute(["v1.part.extrusion",[{"references":[28821],"name":"F1742_makeCylinder_cad_primitives_py_12","taperAngle":0,"limit2":"@expr.d1747_height","id":4}]])
[0m[0;32m[2026-09-16 13:49:40.326][VERB] RETURN: {"result":"$28842"}
[0m[0;32m[2026-09-16 13:49:40.327][VERB] COMMANDCALL: _C.SafeAPI.Execute(["v1.part.boolean",[{"type":"SUBTRACTION","tools":[28842],"target":28782,"name":"F9_cut_housing_py_489","id":4}]])
[0m[0;32m[2026-09-16 13:49:40.357][VERB] RETURN: {"result":"$28864"}
[0m[0;32m[2026-09-16 13:49:40.357][VERB] COMMANDCALL: _C.SafeAPI.Execute(["v1.part.workPlane",[{"type":"PLANE","references":[38],"name":"F1748_makeCylinder_cad_primitives_py_12_plane","offset":"@expr.d1749_plane_offset","id":4}]])
[0m[0;32m[2026-09-16 13:49:40.366][VERB] RETURN: {"result":"$28887"}
[0m[0;32m[2026-09-16 13:49:40.366][VERB] COMMANDCALL: _C.SafeAPI.Execute(["v1.sketch.create",[{"planeId":28887,"name":"F1748_makeCylinder_cad_primitives_py_12_profile","id":4}]])
[0m[0;32m[2026-09-16 13:49:40.369][VERB] RETURN: {"result":"$28893"}
[0m[0;32m[2026-09-16 13:49:40.369][VERB] COMMANDCALL: _C.SafeAPI.Execute(["v1.sketch.circle",[{"radius":1.45,"id":28893,"genFixation":0,"centerPos":[29.5,20.9,0]}]])
[0m[0;32m[2026-09-16 13:49:40.371][VERB] RETURN: {"result":"$28899"}
[0m[0;32m[2026-09-16 13:49:40.371][VERB] COMMANDCALL: _C.SafeAPI.Execute(["v1.sketch.getPoints",[{"id":28899}]])
[0m[0;32m[2026-09-16 13:49:40.371][VERB] RETURN: {"result":{"centerId":"$28900"}}
[0m[0;32m[2026-09-16 13:49:40.371][VERB] COMMANDCALL: _C.SafeAPI.Execute(["v1.sketch.point",[{"pos":[-1000,-1000,0],"id":28893}]])
[0m[0;32m[2026-09-16 13:49:40.372][VERB] RETURN: {"result":"$28902"}
[0m[0;32m[2026-09-16 13:49:40.372][VERB] COMMANDCALL: _C.SafeAPI.Execute(["v1.sketch.constraint",[{"type":"FIXATION","id":28893,"geomIds":[28902]}]])
[0m[0;32m[2026-09-16 13:49:40.374][VERB] RETURN: {"result":"$28904"}
[0m[0;32m[2026-09-16 13:49:40.374][VERB] COMMANDCALL: _C.SafeAPI.Execute(["v1.sketch.dimension",[{"type":"HORIZONTAL_DISTANCE","value":"@expr.d1750_position_x","name":"position_x","id":28893,"geomIds":[28902,28900]}]])
[0m[0;32m[2026-09-16 13:49:40.379][VERB] RETURN: {"result":"$28908"}
[0m[0;32m[2026-09-16 13:49:40.379][VERB] COMMANDCALL: _C.SafeAPI.Execute(["v1.sketch.dimension",[{"type":"VERTICAL_DISTANCE","value":"@expr.d1751_position_y","name":"position_y","id":28893,"geomIds":[28902,28900]}]])
[0m[0;32m[2026-09-16 13:49:40.385][VERB] RETURN: {"result":"$28912"}
[0m[0;32m[2026-09-16 13:49:40.386][VERB] COMMANDCALL: _C.SafeAPI.Execute(["v1.sketch.dimension",[{"type":"RADIUS","value":"@expr.d1752_radius","name":"radius","id":28893,"geomIds":[28899]}]])
[0m[0;32m[2026-09-16 13:49:40.391][VERB] RETURN: {"result":"$28916"}
[0m[0;32m[2026-09-16 13:49:40.391][VERB] COMMANDCALL: _C.SafeAPI.Execute(["v1.part.extrusion",[{"references":[28899],"name":"F1748_makeCylinder_cad_primitives_py_12","taperAngle":0,"limit2":"@expr.d1753_height","id":4}]])
[0m[0;32m[2026-09-16 13:49:40.404][VERB] RETURN: {"result":"$28920"}
[0m[0;32m[2026-09-16 13:49:40.405][VERB] COMMANDCALL: _C.SafeAPI.Execute(["v1.part.boolean",[{"type":"SUBTRACTION","tools":[28920],"target":28864,"name":"F8_cut_housing_py_491","id":4}]])
[0m[0;32m[2026-09-16 13:49:40.434][VERB] RETURN: {"result":"$28942"}
[0m[0;32m[2026-09-16 13:49:40.435][VERB] COMMANDCALL: _C.SafeAPI.Execute(["v1.part.workPlane",[{"type":"PLANE","references":[38],"name":"F1754_makeCylinder_cad_primitives_py_12_plane","offset":"@expr.d1755_plane_offset","id":4}]])
[0m[0;32m[2026-09-16 13:49:40.444][VERB] RETURN: {"result":"$28969"}
[0m[0;32m[2026-09-16 13:49:40.444][VERB] COMMANDCALL: _C.SafeAPI.Execute(["v1.sketch.create",[{"planeId":28969,"name":"F1754_makeCylinder_cad_primitives_py_12_profile","id":4}]])
[0m[0;32m[2026-09-16 13:49:40.447][VERB] RETURN: {"result":"$28975"}
[0m[0;32m[2026-09-16 13:49:40.447][VERB] COMMANDCALL: _C.SafeAPI.Execute(["v1.sketch.circle",[{"radius":1.15,"id":28975,"genFixation":0,"centerPos":[55,42.6,0]}]])
[0m[0;32m[2026-09-16 13:49:40.448][VERB] RETURN: {"result":"$28981"}
[0m[0;32m[2026-09-16 13:49:40.448][VERB] COMMANDCALL: _C.SafeAPI.Execute(["v1.sketch.getPoints",[{"id":28981}]])
[0m[0;32m[2026-09-16 13:49:40.448][VERB] RETURN: {"result":{"centerId":"$28982"}}
[0m[0;32m[2026-09-16 13:49:40.449][VERB] COMMANDCALL: _C.SafeAPI.Execute(["v1.sketch.point",[{"pos":[-1000,-1000,0],"id":28975}]])
[0m[0;32m[2026-09-16 13:49:40.450][VERB] RETURN: {"result":"$28984"}
[0m[0;32m[2026-09-16 13:49:40.450][VERB] COMMANDCALL: _C.SafeAPI.Execute(["v1.sketch.constraint",[{"type":"FIXATION","id":28975,"geomIds":[28984]}]])
[0m[0;32m[2026-09-16 13:49:40.451][VERB] RETURN: {"result":"$28986"}
[0m[0;32m[2026-09-16 13:49:40.451][VERB] COMMANDCALL: _C.SafeAPI.Execute(["v1.sketch.dimension",[{"type":"HORIZONTAL_DISTANCE","value":"@expr.d1756_position_x","name":"position_x","id":28975,"geomIds":[28984,28982]}]])
[0m[0;32m[2026-09-16 13:49:40.457][VERB] RETURN: {"result":"$28990"}
[0m[0;32m[2026-09-16 13:49:40.457][VERB] COMMANDCALL: _C.SafeAPI.Execute(["v1.sketch.dimension",[{"type":"VERTICAL_DISTANCE","value":"@expr.d1757_position_y","name":"position_y","id":28975,"geomIds":[28984,28982]}]])
[0m[0;32m[2026-09-16 13:49:40.463][VERB] RETURN: {"result":"$28994"}
[0m[0;32m[2026-09-16 13:49:40.463][VERB] COMMANDCALL: _C.SafeAPI.Execute(["v1.sketch.dimension",[{"type":"RADIUS","value":"@expr.d1758_radius","name":"radius","id":28975,"geomIds":[28981]}]])
[0m[0;32m[2026-09-16 13:49:40.469][VERB] RETURN: {"result":"$28998"}
[0m[0;32m[2026-09-16 13:49:40.470][VERB] COMMANDCALL: _C.SafeAPI.Execute(["v1.part.extrusion",[{"references":[28981],"name":"F1754_makeCylinder_cad_primitives_py_12","taperAngle":0,"limit2":"@expr.d1759_height","id":4}]])
[0m[0;32m[2026-09-16 13:49:40.481][VERB] RETURN: {"result":"$29002"}
[0m[0;32m[2026-09-16 13:49:40.482][VERB] COMMANDCALL: _C.SafeAPI.Execute(["v1.part.boolean",[{"type":"SUBTRACTION","tools":[29002],"target":28942,"name":"F7_cut_housing_py_489","id":4}]])
[0m[0;32m[2026-09-16 13:49:40.511][VERB] RETURN: {"result":"$29024"}
[0m[0;32m[2026-09-16 13:49:40.511][VERB] COMMANDCALL: _C.SafeAPI.Execute(["v1.part.workPlane",[{"type":"PLANE","references":[38],"name":"F1760_makeCylinder_cad_primitives_py_12_plane","offset":"@expr.d1761_plane_offset","id":4}]])
[0m[0;32m[2026-09-16 13:49:40.521][VERB] RETURN: {"result":"$29046"}
[0m[0;32m[2026-09-16 13:49:40.521][VERB] COMMANDCALL: _C.SafeAPI.Execute(["v1.sketch.create",[{"planeId":29046,"name":"F1760_makeCylinder_cad_primitives_py_12_profile","id":4}]])
[0m[0;32m[2026-09-16 13:49:40.524][VERB] RETURN: {"result":"$29052"}
[0m[0;32m[2026-09-16 13:49:40.524][VERB] COMMANDCALL: _C.SafeAPI.Execute(["v1.sketch.circle",[{"radius":1.45,"id":29052,"genFixation":0,"centerPos":[55,42.6,0]}]])
[0m[0;32m[2026-09-16 13:49:40.525][VERB] RETURN: {"result":"$29058"}
[0m[0;32m[2026-09-16 13:49:40.525][VERB] COMMANDCALL: _C.SafeAPI.Execute(["v1.sketch.getPoints",[{"id":29058}]])
[0m[0;32m[2026-09-16 13:49:40.526][VERB] RETURN: {"result":{"centerId":"$29059"}}
[0m[0;32m[2026-09-16 13:49:40.526][VERB] COMMANDCALL: _C.SafeAPI.Execute(["v1.sketch.point",[{"pos":[-1000,-1000,0],"id":29052}]])
[0m[0;32m[2026-09-16 13:49:40.527][VERB] RETURN: {"result":"$29061"}
[0m[0;32m[2026-09-16 13:49:40.527][VERB] COMMANDCALL: _C.SafeAPI.Execute(["v1.sketch.constraint",[{"type":"FIXATION","id":29052,"geomIds":[29061]}]])
[0m[0;32m[2026-09-16 13:49:40.529][VERB] RETURN: {"result":"$29063"}
[0m[0;32m[2026-09-16 13:49:40.529][VERB] COMMANDCALL: _C.SafeAPI.Execute(["v1.sketch.dimension",[{"type":"HORIZONTAL_DISTANCE","value":"@expr.d1762_position_x","name":"position_x","id":29052,"geomIds":[29061,29059]}]])
[0m[0;32m[2026-09-16 13:49:40.534][VERB] RETURN: {"result":"$29067"}
[0m[0;32m[2026-09-16 13:49:40.534][VERB] COMMANDCALL: _C.SafeAPI.Execute(["v1.sketch.dimension",[{"type":"VERTICAL_DISTANCE","value":"@expr.d1763_position_y","name":"position_y","id":29052,"geomIds":[29061,29059]}]])
[0m[0;32m[2026-09-16 13:49:40.540][VERB] RETURN: {"result":"$29071"}
[0m[0;32m[2026-09-16 13:49:40.541][VERB] COMMANDCALL: _C.SafeAPI.Execute(["v1.sketch.dimension",[{"type":"RADIUS","value":"@expr.d1764_radius","name":"radius","id":29052,"geomIds":[29058]}]])
[0m[0;32m[2026-09-16 13:49:40.546][VERB] RETURN: {"result":"$29075"}
[0m[0;32m[2026-09-16 13:49:40.547][VERB] COMMANDCALL: _C.SafeAPI.Execute(["v1.part.extrusion",[{"references":[29058],"name":"F1760_makeCylinder_cad_primitives_py_12","taperAngle":0,"limit2":"@expr.d1765_height","id":4}]])
[0m[0;32m[2026-09-16 13:49:40.558][VERB] RETURN: {"result":"$29079"}
[0m[0;32m[2026-09-16 13:49:40.558][VERB] COMMANDCALL: _C.SafeAPI.Execute(["v1.part.boolean",[{"type":"SUBTRACTION","tools":[29079],"target":29024,"name":"F6_cut_housing_py_491","id":4}]])
[0m[0;32m[2026-09-16 13:49:40.590][VERB] RETURN: {"result":"$29101"}
[0m[0;32m[2026-09-16 13:49:40.590][VERB] COMMANDCALL: _C.SafeAPI.Execute(["v1.part.workPlane",[{"type":"PLANE","references":[38],"name":"F1766_makeCylinder_cad_primitives_py_12_plane","offset":"@expr.d1767_plane_offset","id":4}]])
[0m[0;32m[2026-09-16 13:49:40.599][VERB] RETURN: {"result":"$29128"}
[0m[0;32m[2026-09-16 13:49:40.600][VERB] COMMANDCALL: _C.SafeAPI.Execute(["v1.sketch.create",[{"planeId":29128,"name":"F1766_makeCylinder_cad_primitives_py_12_profile","id":4}]])
[0m[0;32m[2026-09-16 13:49:40.602][VERB] RETURN: {"result":"$29134"}
[0m[0;32m[2026-09-16 13:49:40.602][VERB] COMMANDCALL: _C.SafeAPI.Execute(["v1.sketch.circle",[{"radius":1.15,"id":29134,"genFixation":0,"centerPos":[86.8,38.9,0]}]])
[0m[0;32m[2026-09-16 13:49:40.604][VERB] RETURN: {"result":"$29140"}
[0m[0;32m[2026-09-16 13:49:40.604][VERB] COMMANDCALL: _C.SafeAPI.Execute(["v1.sketch.getPoints",[{"id":29140}]])
[0m[0;32m[2026-09-16 13:49:40.604][VERB] RETURN: {"result":{"centerId":"$29141"}}
[0m[0;32m[2026-09-16 13:49:40.604][VERB] COMMANDCALL: _C.SafeAPI.Execute(["v1.sketch.point",[{"pos":[-1000,-1000,0],"id":29134}]])
[0m[0;32m[2026-09-16 13:49:40.605][VERB] RETURN: {"result":"$29143"}
[0m[0;32m[2026-09-16 13:49:40.606][VERB] COMMANDCALL: _C.SafeAPI.Execute(["v1.sketch.constraint",[{"type":"FIXATION","id":29134,"geomIds":[29143]}]])
[0m[0;32m[2026-09-16 13:49:40.607][VERB] RETURN: {"result":"$29145"}
[0m[0;32m[2026-09-16 13:49:40.607][VERB] COMMANDCALL: _C.SafeAPI.Execute(["v1.sketch.dimension",[{"type":"HORIZONTAL_DISTANCE","value":"@expr.d1768_position_x","name":"position_x","id":29134,"geomIds":[29143,29141]}]])
[0m[0;32m[2026-09-16 13:49:40.612][VERB] RETURN: {"result":"$29149"}
[0m[0;32m[2026-09-16 13:49:40.613][VERB] COMMANDCALL: _C.SafeAPI.Execute(["v1.sketch.dimension",[{"type":"VERTICAL_DISTANCE","value":"@expr.d1769_position_y","name":"position_y","id":29134,"geomIds":[29143,29141]}]])
[0m[0;32m[2026-09-16 13:49:40.619][VERB] RETURN: {"result":"$29153"}
[0m[0;32m[2026-09-16 13:49:40.619][VERB] COMMANDCALL: _C.SafeAPI.Execute(["v1.sketch.dimension",[{"type":"RADIUS","value":"@expr.d1770_radius","name":"radius","id":29134,"geomIds":[29140]}]])
[0m[0;32m[2026-09-16 13:49:40.625][VERB] RETURN: {"result":"$29157"}
[0m[0;32m[2026-09-16 13:49:40.625][VERB] COMMANDCALL: _C.SafeAPI.Execute(["v1.part.extrusion",[{"references":[29140],"name":"F1766_makeCylinder_cad_primitives_py_12","taperAngle":0,"limit2":"@expr.d1771_height","id":4}]])
[0m[0;32m[2026-09-16 13:49:40.637][VERB] RETURN: {"result":"$29161"}
[0m[0;32m[2026-09-16 13:49:40.637][VERB] COMMANDCALL: _C.SafeAPI.Execute(["v1.part.boolean",[{"type":"SUBTRACTION","tools":[29161],"target":29101,"name":"F5_cut_housing_py_489","id":4}]])
[0m[0;32m[2026-09-16 13:49:40.670][VERB] RETURN: {"result":"$29183"}
[0m[0;32m[2026-09-16 13:49:40.671][VERB] COMMANDCALL: _C.SafeAPI.Execute(["v1.part.workPlane",[{"type":"PLANE","references":[38],"name":"F1772_makeCylinder_cad_primitives_py_12_plane","offset":"@expr.d1773_plane_offset","id":4}]])
[0m[0;32m[2026-09-16 13:49:40.679][VERB] RETURN: {"result":"$29216"}
[0m[0;32m[2026-09-16 13:49:40.680][VERB] COMMANDCALL: _C.SafeAPI.Execute(["v1.sketch.create",[{"planeId":29216,"name":"F1772_makeCylinder_cad_primitives_py_12_profile","id":4}]])
[0m[0;32m[2026-09-16 13:49:40.682][VERB] RETURN: {"result":"$29222"}
[0m[0;32m[2026-09-16 13:49:40.683][VERB] COMMANDCALL: _C.SafeAPI.Execute(["v1.sketch.circle",[{"radius":1.45,"id":29222,"genFixation":0,"centerPos":[86.8,38.9,0]}]])
[0m[0;32m[2026-09-16 13:49:40.684][VERB] RETURN: {"result":"$29228"}
[0m[0;32m[2026-09-16 13:49:40.684][VERB] COMMANDCALL: _C.SafeAPI.Execute(["v1.sketch.getPoints",[{"id":29228}]])
[0m[0;32m[2026-09-16 13:49:40.684][VERB] RETURN: {"result":{"centerId":"$29229"}}
[0m[0;32m[2026-09-16 13:49:40.684][VERB] COMMANDCALL: _C.SafeAPI.Execute(["v1.sketch.point",[{"pos":[-1000,-1000,0],"id":29222}]])
[0m[0;32m[2026-09-16 13:49:40.686][VERB] RETURN: {"result":"$29231"}
[0m[0;32m[2026-09-16 13:49:40.686][VERB] COMMANDCALL: _C.SafeAPI.Execute(["v1.sketch.constraint",[{"type":"FIXATION","id":29222,"geomIds":[29231]}]])
[0m[0;32m[2026-09-16 13:49:40.687][VERB] RETURN: {"result":"$29233"}
[0m[0;32m[2026-09-16 13:49:40.687][VERB] COMMANDCALL: _C.SafeAPI.Execute(["v1.sketch.dimension",[{"type":"HORIZONTAL_DISTANCE","value":"@expr.d1774_position_x","name":"position_x","id":29222,"geomIds":[29231,29229]}]])
[0m[0;32m[2026-09-16 13:49:40.692][VERB] RETURN: {"result":"$29237"}
[0m[0;32m[2026-09-16 13:49:40.693][VERB] COMMANDCALL: _C.SafeAPI.Execute(["v1.sketch.dimension",[{"type":"VERTICAL_DISTANCE","value":"@expr.d1775_position_y","name":"position_y","id":29222,"geomIds":[29231,29229]}]])
[0m[0;32m[2026-09-16 13:49:40.699][VERB] RETURN: {"result":"$29241"}
[0m[0;32m[2026-09-16 13:49:40.699][VERB] COMMANDCALL: _C.SafeAPI.Execute(["v1.sketch.dimension",[{"type":"RADIUS","value":"@expr.d1776_radius","name":"radius","id":29222,"geomIds":[29228]}]])
[0m[0;32m[2026-09-16 13:49:40.705][VERB] RETURN: {"result":"$29245"}
[0m[0;32m[2026-09-16 13:49:40.705][VERB] COMMANDCALL: _C.SafeAPI.Execute(["v1.part.extrusion",[{"references":[29228],"name":"F1772_makeCylinder_cad_primitives_py_12","taperAngle":0,"limit2":"@expr.d1777_height","id":4}]])
[0m[0;32m[2026-09-16 13:49:40.718][VERB] RETURN: {"result":"$29249"}
[0m[0;32m[2026-09-16 13:49:40.718][VERB] COMMANDCALL: _C.SafeAPI.Execute(["v1.part.boolean",[{"type":"SUBTRACTION","tools":[29249],"target":29183,"name":"F4_cut_housing_py_491","id":4}]])
[0m[0;32m[2026-09-16 13:49:40.757][VERB] RETURN: {"result":"$29271"}
[0m[0;32m[2026-09-16 13:49:40.758][VERB] COMMANDCALL: _C.SafeAPI.Execute(["v1.part.workPlane",[{"type":"PLANE","references":[46],"name":"F1778_makeCylinder_cad_primitives_py_12_plane","offset":"@expr.d1779_plane_offset","id":4}]])
[0m[0;32m[2026-09-16 13:49:40.768][VERB] RETURN: {"result":"$29297"}
[0m[0;32m[2026-09-16 13:49:40.768][VERB] COMMANDCALL: _C.SafeAPI.Execute(["v1.sketch.create",[{"planeId":29297,"name":"F1778_makeCylinder_cad_primitives_py_12_profile","id":4}]])
[0m[0;32m[2026-09-16 13:49:40.771][VERB] RETURN: {"result":"$29303"}
[0m[0;32m[2026-09-16 13:49:40.771][VERB] COMMANDCALL: _C.SafeAPI.Execute(["v1.sketch.circle",[{"radius":0.85,"id":29303,"genFixation":0,"centerPos":[4,3.5,0]}]])
[0m[0;32m[2026-09-16 13:49:40.772][VERB] RETURN: {"result":"$29309"}
[0m[0;32m[2026-09-16 13:49:40.773][VERB] COMMANDCALL: _C.SafeAPI.Execute(["v1.sketch.getPoints",[{"id":29309}]])
[0m[0;32m[2026-09-16 13:49:40.773][VERB] RETURN: {"result":{"centerId":"$29310"}}
[0m[0;32m[2026-09-16 13:49:40.773][VERB] COMMANDCALL: _C.SafeAPI.Execute(["v1.sketch.point",[{"pos":[-1000,-1000,0],"id":29303}]])
[0m[0;32m[2026-09-16 13:49:40.774][VERB] RETURN: {"result":"$29312"}
[0m[0;32m[2026-09-16 13:49:40.775][VERB] COMMANDCALL: _C.SafeAPI.Execute(["v1.sketch.constraint",[{"type":"FIXATION","id":29303,"geomIds":[29312]}]])
[0m[0;32m[2026-09-16 13:49:40.776][VERB] RETURN: {"result":"$29314"}
[0m[0;32m[2026-09-16 13:49:40.776][VERB] COMMANDCALL: _C.SafeAPI.Execute(["v1.sketch.dimension",[{"type":"HORIZONTAL_DISTANCE","value":"@expr.d1780_position_x","name":"position_x","id":29303,"geomIds":[29312,29310]}]])
[0m[0;32m[2026-09-16 13:49:40.781][VERB] RETURN: {"result":"$29318"}
[0m[0;32m[2026-09-16 13:49:40.781][VERB] COMMANDCALL: _C.SafeAPI.Execute(["v1.sketch.dimension",[{"type":"VERTICAL_DISTANCE","value":"@expr.d1781_position_y","name":"position_y","id":29303,"geomIds":[29312,29310]}]])
[0m[0;32m[2026-09-16 13:49:40.787][VERB] RETURN: {"result":"$29322"}
[0m[0;32m[2026-09-16 13:49:40.787][VERB] COMMANDCALL: _C.SafeAPI.Execute(["v1.sketch.dimension",[{"type":"RADIUS","value":"@expr.d1782_radius","name":"radius","id":29303,"geomIds":[29309]}]])
[0m[0;32m[2026-09-16 13:49:40.793][VERB] RETURN: {"result":"$29326"}
[0m[0;32m[2026-09-16 13:49:40.794][VERB] COMMANDCALL: _C.SafeAPI.Execute(["v1.part.extrusion",[{"references":[29309],"name":"F1778_makeCylinder_cad_primitives_py_12","taperAngle":0,"limit2":"@expr.d1783_height","id":4}]])
[0m[0;32m[2026-09-16 13:49:40.806][VERB] RETURN: {"result":"$29330"}
[0m[0;32m[2026-09-16 13:49:40.806][VERB] COMMANDCALL: _C.SafeAPI.Execute(["v1.part.boolean",[{"type":"SUBTRACTION","tools":[29330],"target":29271,"name":"F3_cut_housing_py_508","id":4}]])
[0m[0;32m[2026-09-16 13:49:40.837][VERB] RETURN: {"result":"$29352"}
[0m[0;32m[2026-09-16 13:49:40.837][VERB] COMMANDCALL: _C.SafeAPI.Execute(["v1.part.workPlane",[{"type":"PLANE","references":[46],"name":"F1784_makeCylinder_cad_primitives_py_12_plane","offset":"@expr.d1785_plane_offset","id":4}]])
[0m[0;32m[2026-09-16 13:49:40.846][VERB] RETURN: {"result":"$29374"}
[0m[0;32m[2026-09-16 13:49:40.847][VERB] COMMANDCALL: _C.SafeAPI.Execute(["v1.sketch.create",[{"planeId":29374,"name":"F1784_makeCylinder_cad_primitives_py_12_profile","id":4}]])
[0m[0;32m[2026-09-16 13:49:40.849][VERB] RETURN: {"result":"$29380"}
[0m[0;32m[2026-09-16 13:49:40.850][VERB] COMMANDCALL: _C.SafeAPI.Execute(["v1.sketch.circle",[{"radius":0.85,"id":29380,"genFixation":0,"centerPos":[20,3.5,0]}]])
[0m[0;32m[2026-09-16 13:49:40.851][VERB] RETURN: {"result":"$29386"}
[0m[0;32m[2026-09-16 13:49:40.851][VERB] COMMANDCALL: _C.SafeAPI.Execute(["v1.sketch.getPoints",[{"id":29386}]])
[0m[0;32m[2026-09-16 13:49:40.851][VERB] RETURN: {"result":{"centerId":"$29387"}}
[0m[0;32m[2026-09-16 13:49:40.852][VERB] COMMANDCALL: _C.SafeAPI.Execute(["v1.sketch.point",[{"pos":[-1000,-1000,0],"id":29380}]])
[0m[0;32m[2026-09-16 13:49:40.853][VERB] RETURN: {"result":"$29389"}
[0m[0;32m[2026-09-16 13:49:40.853][VERB] COMMANDCALL: _C.SafeAPI.Execute(["v1.sketch.constraint",[{"type":"FIXATION","id":29380,"geomIds":[29389]}]])
[0m[0;32m[2026-09-16 13:49:40.854][VERB] RETURN: {"result":"$29391"}
[0m[0;32m[2026-09-16 13:49:40.854][VERB] COMMANDCALL: _C.SafeAPI.Execute(["v1.sketch.dimension",[{"type":"HORIZONTAL_DISTANCE","value":"@expr.d1786_position_x","name":"position_x","id":29380,"geomIds":[29389,29387]}]])
[0m[0;32m[2026-09-16 13:49:40.860][VERB] RETURN: {"result":"$29395"}
[0m[0;32m[2026-09-16 13:49:40.860][VERB] COMMANDCALL: _C.SafeAPI.Execute(["v1.sketch.dimension",[{"type":"VERTICAL_DISTANCE","value":"@expr.d1787_position_y","name":"position_y","id":29380,"geomIds":[29389,29387]}]])
[0m[0;32m[2026-09-16 13:49:40.866][VERB] RETURN: {"result":"$29399"}
[0m[0;32m[2026-09-16 13:49:40.866][VERB] COMMANDCALL: _C.SafeAPI.Execute(["v1.sketch.dimension",[{"type":"RADIUS","value":"@expr.d1788_radius","name":"radius","id":29380,"geomIds":[29386]}]])
[0m[0;32m[2026-09-16 13:49:40.872][VERB] RETURN: {"result":"$29403"}
[0m[0;32m[2026-09-16 13:49:40.873][VERB] COMMANDCALL: _C.SafeAPI.Execute(["v1.part.extrusion",[{"references":[29386],"name":"F1784_makeCylinder_cad_primitives_py_12","taperAngle":0,"limit2":"@expr.d1789_height","id":4}]])
[0m[0;32m[2026-09-16 13:49:40.886][VERB] RETURN: {"result":"$29407"}
[0m[0;32m[2026-09-16 13:49:40.886][VERB] COMMANDCALL: _C.SafeAPI.Execute(["v1.part.boolean",[{"type":"SUBTRACTION","tools":[29407],"target":29352,"name":"F2_cut_housing_py_508","id":4}]])
[0m[0;32m[2026-09-16 13:49:40.916][VERB] RETURN: {"result":"$29429"}
[0m[0;32m[2026-09-16 13:49:40.916][VERB] COMMANDCALL: _C.SafeAPI.Execute(["v1.part.workPlane",[{"type":"PLANE","references":[46],"name":"F1790_makeCylinder_cad_primitives_py_12_plane","offset":"@expr.d1791_plane_offset","id":4}]])
[0m[0;32m[2026-09-16 13:49:40.926][VERB] RETURN: {"result":"$29451"}
[0m[0;32m[2026-09-16 13:49:40.927][VERB] COMMANDCALL: _C.SafeAPI.Execute(["v1.sketch.create",[{"planeId":29451,"name":"F1790_makeCylinder_cad_primitives_py_12_profile","id":4}]])
[0m[0;32m[2026-09-16 13:49:40.930][VERB] RETURN: {"result":"$29457"}
[0m[0;32m[2026-09-16 13:49:40.930][VERB] COMMANDCALL: _C.SafeAPI.Execute(["v1.sketch.circle",[{"radius":0.85,"id":29457,"genFixation":0,"centerPos":[3.2,-37.8,0]}]])
[0m[0;32m[2026-09-16 13:49:40.932][VERB] RETURN: {"result":"$29463"}
[0m[0;32m[2026-09-16 13:49:40.932][VERB] COMMANDCALL: _C.SafeAPI.Execute(["v1.sketch.getPoints",[{"id":29463}]])
[0m[0;32m[2026-09-16 13:49:40.932][VERB] RETURN: {"result":{"centerId":"$29464"}}
[0m[0;32m[2026-09-16 13:49:40.932][VERB] COMMANDCALL: _C.SafeAPI.Execute(["v1.sketch.point",[{"pos":[-1000,-1000,0],"id":29457}]])
[0m[0;32m[2026-09-16 13:49:40.933][VERB] RETURN: {"result":"$29466"}
[0m[0;32m[2026-09-16 13:49:40.934][VERB] COMMANDCALL: _C.SafeAPI.Execute(["v1.sketch.constraint",[{"type":"FIXATION","id":29457,"geomIds":[29466]}]])
[0m[0;32m[2026-09-16 13:49:40.935][VERB] RETURN: {"result":"$29468"}
[0m[0;32m[2026-09-16 13:49:40.935][VERB] COMMANDCALL: _C.SafeAPI.Execute(["v1.sketch.dimension",[{"type":"HORIZONTAL_DISTANCE","value":"@expr.d1792_position_x","name":"position_x","id":29457,"geomIds":[29466,29464]}]])
[0m[0;32m[2026-09-16 13:49:40.941][VERB] RETURN: {"result":"$29472"}
[0m[0;32m[2026-09-16 13:49:40.941][VERB] COMMANDCALL: _C.SafeAPI.Execute(["v1.sketch.dimension",[{"type":"VERTICAL_DISTANCE","value":"@expr.d1793_position_y","name":"position_y","id":29457,"geomIds":[29466,29464]}]])
[0m[0;32m[2026-09-16 13:49:40.947][VERB] RETURN: {"result":"$29476"}
[0m[0;32m[2026-09-16 13:49:40.948][VERB] COMMANDCALL: _C.SafeAPI.Execute(["v1.sketch.dimension",[{"type":"RADIUS","value":"@expr.d1794_radius","name":"radius","id":29457,"geomIds":[29463]}]])
[0m[0;32m[2026-09-16 13:49:40.955][VERB] RETURN: {"result":"$29480"}
[0m[0;32m[2026-09-16 13:49:40.955][VERB] COMMANDCALL: _C.SafeAPI.Execute(["v1.part.extrusion",[{"references":[29463],"name":"F1790_makeCylinder_cad_primitives_py_12","taperAngle":0,"limit2":"@expr.d1795_height","id":4}]])
[0m[0;32m[2026-09-16 13:49:40.968][VERB] RETURN: {"result":"$29484"}
[0m[0;32m[2026-09-16 13:49:40.969][VERB] COMMANDCALL: _C.SafeAPI.Execute(["v1.part.boolean",[{"type":"SUBTRACTION","tools":[29484],"target":29429,"name":"F1_cut_housing_py_508","id":4}]])
[0m[0;32m[2026-09-16 13:49:41.000][VERB] RETURN: {"result":"$29506"}
[0m[0;32m[2026-09-16 13:49:41.001][VERB] COMMANDCALL: _C.SafeAPI.Execute(["v1.part.workPlane",[{"type":"PLANE","references":[46],"name":"F1796_makeCylinder_cad_primitives_py_12_plane","offset":"@expr.d1797_plane_offset","id":4}]])
[0m[0;32m[2026-09-16 13:49:41.010][VERB] RETURN: {"result":"$29528"}
[0m[0;32m[2026-09-16 13:49:41.011][VERB] COMMANDCALL: _C.SafeAPI.Execute(["v1.sketch.create",[{"planeId":29528,"name":"F1796_makeCylinder_cad_primitives_py_12_profile","id":4}]])
[0m[0;32m[2026-09-16 13:49:41.014][VERB] RETURN: {"result":"$29534"}
[0m[0;32m[2026-09-16 13:49:41.014][VERB] COMMANDCALL: _C.SafeAPI.Execute(["v1.sketch.circle",[{"radius":0.85,"id":29534,"genFixation":0,"centerPos":[20,-34.5,0]}]])
[0m[0;32m[2026-09-16 13:49:41.016][VERB] RETURN: {"result":"$29540"}
[0m[0;32m[2026-09-16 13:49:41.016][VERB] COMMANDCALL: _C.SafeAPI.Execute(["v1.sketch.getPoints",[{"id":29540}]])
[0m[0;32m[2026-09-16 13:49:41.016][VERB] RETURN: {"result":{"centerId":"$29541"}}
[0m[0;32m[2026-09-16 13:49:41.016][VERB] COMMANDCALL: _C.SafeAPI.Execute(["v1.sketch.point",[{"pos":[-1000,-1000,0],"id":29534}]])
[0m[0;32m[2026-09-16 13:49:41.017][VERB] RETURN: {"result":"$29543"}
[0m[0;32m[2026-09-16 13:49:41.018][VERB] COMMANDCALL: _C.SafeAPI.Execute(["v1.sketch.constraint",[{"type":"FIXATION","id":29534,"geomIds":[29543]}]])
[0m[0;32m[2026-09-16 13:49:41.019][VERB] RETURN: {"result":"$29545"}
[0m[0;32m[2026-09-16 13:49:41.020][VERB] COMMANDCALL: _C.SafeAPI.Execute(["v1.sketch.dimension",[{"type":"HORIZONTAL_DISTANCE","value":"@expr.d1798_position_x","name":"position_x","id":29534,"geomIds":[29543,29541]}]])
[0m[0;32m[2026-09-16 13:49:41.025][VERB] RETURN: {"result":"$29549"}
[0m[0;32m[2026-09-16 13:49:41.025][VERB] COMMANDCALL: _C.SafeAPI.Execute(["v1.sketch.dimension",[{"type":"VERTICAL_DISTANCE","value":"@expr.d1799_position_y","name":"position_y","id":29534,"geomIds":[29543,29541]}]])
[0m[0;32m[2026-09-16 13:49:41.031][VERB] RETURN: {"result":"$29553"}
[0m[0;32m[2026-09-16 13:49:41.032][VERB] COMMANDCALL: _C.SafeAPI.Execute(["v1.sketch.dimension",[{"type":"RADIUS","value":"@expr.d1800_radius","name":"radius","id":29534,"geomIds":[29540]}]])
[0m[0;32m[2026-09-16 13:49:41.038][VERB] RETURN: {"result":"$29557"}
[0m[0;32m[2026-09-16 13:49:41.039][VERB] COMMANDCALL: _C.SafeAPI.Execute(["v1.part.extrusion",[{"references":[29540],"name":"F1796_makeCylinder_cad_primitives_py_12","taperAngle":0,"limit2":"@expr.d1801_height","id":4}]])
[0m[0;32m[2026-09-16 13:49:41.052][VERB] RETURN: {"result":"$29561"}
[0m[0;32m[2026-09-16 13:49:41.053][VERB] COMMANDCALL: _C.SafeAPI.Execute(["v1.part.boolean",[{"type":"SUBTRACTION","tools":[29561],"target":29506,"name":"F0_cut_housing_py_508","id":4}]])
[0m[0;32m[2026-09-16 13:49:41.084][VERB] RETURN: {"result":"$29583"}
[0m[0;32m[2026-09-16 13:49:41.085][VERB] COMMANDCALL: _C.SafeAPI.Execute(["v1.common.setAppearance",[{"target":29583,"color":[51,58.65,68.85]}]])
[0m[0;32m[2026-09-16 13:49:41.086][VERB] RETURN: {"result":null}
[0m[0;32m[2026-09-16 13:49:41.086][VERB] COMMANDCALL: _C.SafeAPI.Execute(["v1.assembly.calculateMassProperties",[{"id":4}]])
[0m[0;32m[2026-09-16 13:49:41.142][VERB] RETURN: {"result":{"volume":41550.503662258,"cog":{"z":7.2787671071569,"y":30.406860158298,"x":44.144232232701}}}
[0m[0;32m[2026-09-16 13:49:41.142][VERB] COMMANDCALL: _C.SafeAPI.Execute(["v1.common.save",[{"format":"OFB","file":"/Users/dev/dev/eibenstock/sources/projects/pvs_monocular/cad_housing/classcad/native-parts/Base.ofb"}]])
[0m[0;32m[2026-09-16 13:49:41.155][VERB] GetStateId with StateId=74620d27-c831-4208-8b2c-11cb6aceae69
[0m[0;32m[2026-09-16 13:49:41.275][VERB] RETURN: {"maxLevel":31,"messages":[{"message":"GetStateId with StateId=74620d27-c831-4208-8b2c-11cb6aceae69\n","code":0,"level":31,"api":"v1.common.save","levelStr":"INFO"}],"result":{"success":1}}
[0m[0;32m[2026-09-16 13:49:41.277][VERB] 0x7ca8e61080 SetZeichnung
[0m[0;32m[2026-09-16 13:49:41.277][VERB] COMMANDCALL: _C.SafeAPI.Execute(["v1.common.clear",[{}]])
[0m[0;32m[2026-09-16 13:49:41.277][VERB] RETURN: {"result":null}
[0m
libc++abi: terminating due to uncaught exception of type std::__1::system_error: condition_variable wait failed: Invalid argument
[0;32m[2026-09-16 13:49:41.309][VERB] 0x7ca8e61500 Delete Zeichnung
[0m[0;32m[2026-09-16 13:49:41.309][VERB] 0x7ca8e61980 Delete Zeichnung
[0m[0;32m[2026-09-16 13:49:41.309][VERB] 0x0 SetZeichnung
[0m[0;32m[2026-09-16 13:49:41.309][VERB] 0x7ca8e61080 Delete Zeichnung
[0m[0;32m[2026-09-16 13:49:41.309][INFO] Server stop listen on 0.0.0.0:19094
[0m[0;32m[2026-09-16 13:49:41.309][INFO] Server stop listen on 0.0.0.0:19095
[0m