DBRep_DrawableShape

CASCADE Topology V1, (c) Matra-Datavision
Locations 3
1
              1               0               0               0 
              0               1               0               0 
              0               0               1            23.4 
1
              1               0               0               0 
              0               1               0               0 
              0               0               1            32.4 
2  2 -1 0
Curve2ds 448
1 17.450348027842232 -47.199651972157788 -1 0 
1 4.7123889803846897 0 0 1 
1 15.780348027842232 -47.199651972157788 0 1 
1 0 -1.1808683245815343 1 0 
1 -11.749651972157771 -47.199651972157788 0 1 
1 -25.500000000000004 -14.300000000000002 1 0 
1 17.450348027842232 36.750348027842207 -1 0 
1 1.5707963267948966 0.10000000000000009 0 1 
1 17.450348027842232 0.20034802784221739 -1 0 
1 4.7123889803846897 0 0 1 
1 -7.6496519721577698 36.750348027842207 0 1 
1 -4.4598626589611001 -0.24899272034538722 1 0 
1 -19.079651972157802 0.20034802784221739 0 1 
1 0 -1.1808683245815352 1 0 
1 17.450348027842232 43.900348027842213 -1 0 
1 -18.676700680272113 19.723299319727889 1 0 
1 3.1415926535897931 1.6699999999999999 1 0 
1 0 0 1 0 
1 0 29.200000000000003 1 0 
2 -25.500000000000004 -11.600000000000001 1 0 -0 1 2.7000000000000002
1 3.1415926535897931 0 0 1 
1 18.137 31.863 -1 0 
8 0 2.3617366491630687
1 0 -1.1808683245815343 0 1 
8 0 2.3617366491630687
1 1.5707963267948966 0 0 1 
1 0 1.1808683245815343 1 0 
1 43.701667397828864 -28.161507161371816 -1 0 
8 -1.1808683245815343 1.1808683245815343
1 83.949999999999989 0 0 1 
8 -1.1808683245815343 1.1808683245815343
1 0 1.1808683245815343 0 1 
1 -28.200000000000003 -11.600000000000001 0 1 
1 -11.063000000000002 31.863 0 -1 
2 -25.500000000000004 9.7999999999999954 1 0 -0 1 2.7000000000000002
1 0 29.200000000000003 1 0 
8 -40.950000000000003 12.75
1 -12.750000000000002 7.0999999999999961 -1 0 
8 -40.950000000000003 12.75
1 29.200000000000003 12.75 0 -1 
2 15.199999999999999 3.0999999999999996 1 0 -0 1 4
1 0 29.300000000000001 1 0 
8 -5.8000000000000007 20.100000000000001
1 19.199999999999999 -5.8000000000000007 0 1 
8 -5.8000000000000007 20.100000000000001
1 29.200000000000003 -5.8000000000000007 0 -1 
2 21.900000000000002 -11.600000000000001 1 0 -0 1 2.7000000000000002
1 0 29.200000000000003 1 0 
1 1.5707963267948966 1.77 -1 -0 
1 0 0 1 0 
1 0 25.199999999999999 1 0 
2 -4.4598626589611001 -2.9489927203453874 1 0 -0 1 2.7000000000000028
8 0 25.100000000000001
1 0 0.10000000000000009 0 1 
1 0 -3 1 0 
1 3.1415926535897931 36.530000000000001 1 0 
1 0 0 1 0 
1 3.1415926535897931 0 0 1 
1 0 0 1 0 
1 -1.7598626589610973 -5.9489927203453874 0 1 
1 25.100000000000001 0 0 -1 
1 2.6901373410389056 -5.9489927203453874 0 1 
1 6.4232993197278887 25.423299319727889 0 -1 
1 -1.7598626589610973 -5.9489927203453874 1 0 
1 25.100000000000001 0 0 1 
8 0 2.3617366491630687
1 0 -1.1808683245815352 0 1 
8 0 2.3617366491630687
1 1.5707963267948966 0 0 1 
1 0 1.1808683245815352 1 0 
1 1.9681783929059407 -32.585158679128327 1 0 
1 35.859999999999992 9.906566004423528 -0.57735026918962606 0.81649658092772592 
1 7.8399999999999954 -9.9065660044235297 0.57735026918962529 -0.81649658092772637 
1 17.85329931972792 19.723299319727889 0 -1 
1 0 1.1808683245815459 1 0 
1 -18.676700680272113 -24.576700680272111 1 0 
1 0 5.7000000000000028 1 0 
1 -18.676700680272113 25.423299319727889 1 0 
1 0 4.4500000000000028 1 0 
1 -17.006700680272111 25.423299319727889 0 -1 
1 0 1.1808683245815388 1 0 
8 -1.1808683245815343 1.1808683245815346
1 0 1.1808683245815343 0 1 
8 -1.1808683245815343 1.1808683245815346
1 61.800000000000004 0 0 1 
1 0 2.3617366491630687 1 0 
2 43.701667397828864 -27.131507161371815 1 0 0 -1 1.0300000000000002
1 16.466999999999999 -29.937000000000005 0 1 
1 0 -1.1808683245815343 1 0 
1 18.137 -29.937000000000005 -1 0 
1 3.1415926535897931 0 0 1 
1 18.137 10.463000000000001 -1 0 
1 3.1415926535897931 0 0 1 
1 -18.393000000000033 -29.937000000000005 0 1 
1 0 -1.1808683245815352 1 0 
1 -37.619116991297034 10.598492838628189 1 -0 
1 0 1.1808683245815352 1 0 
2 -41.698332602171135 10.368492838628185 -0.41216082202199616 0.91111111111112708 0.91111111111112708 0.41216082202199616 2.8300000000000001
1 0 2.3617366491630687 1 0 
2 -17.998332602171139 16.268492838628184 0 -1 1 0 5.6699999999999999
1 0 2.3617366491630687 1 0 
1 -43.553056301270104 12.798492838628185 -1 0 
1 0 1.1808683245815352 1 0 
1 -12.328332602171137 16.268492838628184 0 1 
1 0 1.1808683245815388 1 0 
1 -45.728332602171136 -35.531507161371813 0 1 
1 0 -1.1808683245815388 1 0 
2 -11.298332602171136 34.66849283862819 -1 0 0 1 1.0300000000000002
1 0 2.3617366491630687 1 0 
1 -42.948332602171135 -33.861507161371811 -1 0 
1 0 1.1808683245815348 1 0 
1 -11.298332602171143 35.698492838628191 1 -0 
1 0 1.1808683245815317 1 0 
1 -44.618332602171137 -32.531507161371813 -0 -1 
1 0 1.1808683245815388 1 0 
2 43.701667397828864 34.66849283862819 0 1 1 -0 1.0300000000000002
1 0 2.3617366491630687 1 0 
2 -40.248332602171132 -32.531507161371813 0 1 -1 0 4.3700000000000001
1 0 2.3617366491630687 1 0 
1 44.731667397828858 34.66849283862819 -0 -1 
1 0 1.1808683245815346 1 0 
8 0 2.3617366491630687
1 1.5707963267948966 0 0 1 
8 0 2.3617366491630687
1 0 -1.1808683245815388 0 1 
1 4.7123889803846897 0 0 1 
1 0 0 1 0 
1 3.1415926535897931 36.530000000000001 1 0 
1 0 0 1 0 
1 0 40.700000000000003 1 0 
1 1.5707963267948966 0.10000000000000009 0 1 
1 36.53000000000003 -1.5543122344752192e-15 0 1 
1 0 -1.1808683245815317 1 0 
1 1.5707963267948966 36.629999999999995 -1 -0 
1 0 0 1 0 
8 0 38.199999999999996
1 0 0.10000000000000009 0 1 
1 0 -14.700000000000001 1 0 
1 36.53000000000003 -14.700000000000001 0 1 
1 0 -1.1808683245815388 1 0 
1 1.6700000000000004 -3 0 1 
1 0 -1.1808683245815388 1 0 
1 0 0 1 0 
1 0 0 1 0 
8 -1.1808683245815388 1.1808683245815317
1 0 1.1808683245815388 0 1 
8 -1.1808683245815388 1.1808683245815317
1 14.700000000000001 0 0 1 
1 0 2.3617366491630687 1 0 
2 1.9681783929059407 -31.555158679128326 -1 0 -0 -1 1.0300000000000002
1 1.6700000000000004 0 0 1 
1 0 -1.1808683245815335 1 0 
1 35.888962782031832 6.1748413208716784 -1 0 
1 0 1.180868324581537 1 0 
2 39.968178392905934 5.9448413208716744 0.41216082202199616 0.91111111111112708 -0.91111111111112708 0.41216082202199616 2.8300000000000001
1 0 2.3617366491630687 1 0 
2 16.268178392905938 11.844841320871673 0 -1 -1 -0 5.6699999999999999
1 0 2.3617366491630687 1 0 
1 41.822902092004902 8.3748413208716741 1 0 
1 0 1.180868324581537 1 0 
1 10.598178392905936 11.844841320871673 0 1 
1 0 1.1808683245815388 1 0 
1 43.998178392905935 -34.255158679128328 0 1 
1 -2.2204460492503131e-16 -1.1808683245815246 1 0 
2 9.568178392905935 30.244841320871679 1 0 -0 1 1.0300000000000002
1 0 2.3617366491630687 1 0 
1 9.568178392905935 31.27484132087168 -1 0 
1 0 1.1808683245815317 1 0 
2 -45.431821607094065 30.244841320871679 0 1 -1 0 1.0300000000000002
1 0 2.3617366491630687 1 0 
1 0.93817839290593952 -16.855158679128323 0 -1 
1 0 1.1808683245815317 1 0 
1 -46.461821607094066 30.244841320871679 0 -1 
1 0 1.1808683245815352 1 0 
2 -4.7318216070940622 -16.855158679128323 0 1 1 -0 5.6699999999999999
1 0 2.3617366491630687 1 0 
2 -45.431821607094065 -10.155158679128327 -1 0 -0 -1 1.0300000000000002
1 0 2.3617366491630687 1 0 
1 -45.431821607094065 -11.185158679128328 1 0 
1 0 1.1808683245815388 1 0 
1 35.719120616516506 -10.954327676628527 -0.57735026918962584 -0.81649658092772615 
1 -4.735603082582486 10.954327676628512 -0.57735026918962584 0.81649658092772615 
1 1.6700000000000004 1.8547236990989688 0 1 
1 0 -1.1808683245815352 1 0 
1 36.53000000000003 1.8547236990989688 0 1 
1 0 -1.1808683245815335 1 0 
8 -5.999999999062311e-07 38.200000599999996
1 0 1.8547236990991394 1 0 
8 -5.999999999062311e-07 38.200000599999996
1 1.1459718993160084 0 0 1 
1 1.2983333333333356 -0.65525228389952905 0.57735026918962562 -0.81649658092772626 
1 3.1516666666666708 0.65525228389953771 -0.57735026918962629 0.81649658092772581 
1 40.469120616516484 -12.297830560882966 -0.57735026918962606 -0.81649658092772592 
1 -5.6856030825824888 12.297830560882966 -0.57735026918962606 0.81649658092772592 
8 0 2.3617366491630687
1 0 -1.1808683245815343 0 1 
8 0 2.3617366491630687
1 1.5707963267948966 0 0 1 
1 1.5707963267948966 1.6699999999999999 1 0 
1 0 0 1 0 
1 1.5707963267948966 36.530000000000001 1 0 
1 0 0 1 0 
1 1.5707963267948966 0 0 1 
1 0 0 1 0 
8 0 2.3617366491630687
1 0 -1.1808683245815352 0 1 
8 0 2.3617366491630687
1 1.5707963267948966 0 0 1 
8 -1.1808683245815352 1.1808683245815352
1 40.400000000000006 0 0 1 
8 -1.1808683245815352 1.1808683245815352
1 0 1.1808683245815352 0 1 
7 0 0  7 8 2  1.2256862191861728e-13 -1.1808683245815317  -0.15602951784197483 -0.83466990792577378  -0.31809768246275438 -0.49052135115749307  -0.48707312833259508 -0.14865382264225424  -0.66398388555201937 0.19044918941277378  -0.85017111649076349 0.52597183428056993  -1.0473278200114866 0.85676397394113346  -1.2585773852237452 1.1808683245815352 
 0 8 1 8
7 0 0  7 8 2  1.5597253780365219 4.2188474935755949e-15  1.5943986042236551 0.34619841665576689  1.6326139196017579 0.69034603116087345  1.6750916133794895 1.0322178311844568  1.7227663567201459 1.371312538815638  1.7769954079563672 1.7068436152649047  1.8396124439371726 2.0376322985226683  1.9142589334114719 2.3617366491630687 
 0 8 1 8
1 0 -1.1808683245815317 1 0 
1 -17.430000000000007 12.070784389125876 0 -1 
8 -1.1808683245815317 1.1808683245815352
1 19.620784389125895 0 0 1 
8 -1.1808683245815317 1.1808683245815352
1 0 1.1808683245815317 0 1 
7 0 0  6 7 2  -3.8191672047105385e-14 2.2204460492503131e-16  -0.014970612960838925 0.44175993372705269  -0.031187463242936767 0.86426553951688756  -0.048846090824871805 1.2675141920019766  -0.068182994647643366 1.6515110630838066  -0.089522897709480007 2.0162510331690728  -0.1133277593079276 2.3617366491630074 
 -1.8547236990991394 7 -1.4505171491575055 7
8 -1.8547236990991394 -1.4505171491575055
4 -1.8547236990989688 4.9002499936227739 1.5362039773581258e-17 -1 -1 -1.5362039773581258e-17 0.1414213562373105
1 0 0 1 0 
1 1.1459718993160466 1.6699999999999999 1 0 
1 0 0 1 0 
1 4.7123889803846897 1.77 -1 -0 
8 0 2.3617366491630687
1 1.5707963267948966 0 0 1 
8 0 2.3617366491630687
1 0 -1.1808683245815317 0 1 
1 0 -1.1808683245815317 1 0 
1 1.6700000000000004 -22 0 -1 
8 -1.1808683245815317 1.1808683245815388
1 18.400000000000006 0 0 1 
8 -1.1808683245815317 1.1808683245815388
1 0 1.1808683245815317 0 1 
1 0 0 1 0 
1 0 1.6699999999999999 1 0 
8 0 2.3617366491630687
1 1.5707963267948966 0 0 1 
8 0 2.3617366491630687
1 7.1054273576010019e-15 -1.1808683245815459 0 1 
1 1.0566666666666578 0.31348400632603718 0.57735026918962629 0.81649658092772581 
1 1.9433333333333325 0.31348400632603468 -0.57735026918962562 0.81649658092772626 
1 0 -1.1808683245815459 1 0 
1 1.6700000000000004 55.000000000000007 0 -1 
8 -1.1808683245815459 1.1808683245815317
1 55.000000000000007 0 0 1 
8 -1.1808683245815459 1.1808683245815317
1 0 1.1808683245815459 0 1 
8 0 2.3617366491630687
1 1.5707963267948966 0 0 1 
8 0 2.3617366491630687
1 1.5543122344752192e-15 -1.1808683245815317 0 1 
8 -1.1808683245815317 1.1808683245815388
1 40.700000000000003 0 0 1 
8 -1.1808683245815317 1.1808683245815388
1 0 1.1808683245815317 0 1 
8 0 2.3617366491630687
1 1.5707963267948966 0 0 1 
8 0 2.3617366491630687
1 0 -1.1808683245815388 0 1 
7 0 0  7 8 2  1.2123635428906709e-13 -1.1808683245815339  -0.15602951784196262 -0.83466990792580587  -0.31809768246262293 -0.49052135115748063  -0.48707312833334393 -0.14865382264172844  -0.66398388554990051 0.19044918941037547  -0.85017111649466925 0.52597183428603023  -1.0473278200070486 0.85676397393432691  -1.2585773852237452 1.180868324581537 
 0 8 1 8
7 0 0  7 8 2  1.5597253780365228 0  1.5943986042236562 0.34619841665572637  1.6326139196017007 0.69034603116073534  1.6750916133797695 1.032217831185545  1.7227663567193643 1.3713125388123844  1.776995407957793 1.7068436152709976  1.8396124439356043 2.0376322985158621  1.9142589334114728 2.3617366491630687 
 0 8 1 8
1 0 -1.1808683245815339 1 0 
1 17.430000000000025 12.070784389125876 0 -1 
8 -1.1808683245815339 1.180868324581537
1 19.620784389125895 0 0 1 
8 -1.1808683245815339 1.180868324581537
1 0 1.1808683245815339 0 1 
7 0 0  6 7 2  -3.8184733153201478e-14 0  -0.01497061296083946 0.4417599337271027  -0.031187463242890279 0.86426553951576957  -0.04884609082493041 1.2675141920032393  -0.06818299464757957 1.6515110630827701  -0.089522897709480492 2.0162510331691412  -0.11332775930792671 2.3617366491630749 
 -1.8547236990991394 7 -1.4505171491575055 7
8 -1.8547236990991394 -1.4505171491575055
4 -1.8547236990989688 4.9002499936227748 -5.1573427381630248e-18 -1 -1 5.1573427381630248e-18 0.14142135623730651
1 0 0 1 0 
1 1.1459718993160466 36.529999999999994 1 0 
1 0 0 1 0 
1 4.7123889803846897 36.629999999999995 -1 -0 
8 0 2.3617366491630687
1 1.5707963267948966 0 0 1 
8 0 2.3617366491630687
1 0 -1.1808683245815352 0 1 
1 0 -1.1808683245815352 1 0 
1 36.53000000000003 -22 0 -1 
8 -1.1808683245815352 1.1808683245815388
1 18.400000000000006 0 0 1 
8 -1.1808683245815352 1.1808683245815388
1 0 1.1808683245815352 0 1 
1 0 0 1 0 
1 0 36.530000000000001 1 0 
8 0 2.3617366491630687
1 1.5707963267948966 0 0 1 
8 0 2.3617366491630687
1 0 -1.1808683245815352 0 1 
1 0 -1.1808683245815352 1 0 
1 36.53000000000003 55 0 -1 
8 -1.1808683245815352 1.1808683245815317
1 55 0 0 1 
8 -1.1808683245815352 1.1808683245815317
1 0 1.1808683245815352 0 1 
8 -6.0000000701165845e-07 38.200000600000003
1 2.7056972773525696 0 0 1 
8 -6.0000000701165845e-07 38.200000600000003
1 -19.100000000000009 12.070784389125748 1 0 
1 0 55 1 0 
1 1.5707963267948966 0 0 1 
1 -19.100000000000009 -7.5500000000000185 1 0 
1 4.7123889803846897 0.10000000000000009 0 1 
1 3.1415926535897931 0.10000000000000009 0 1 
1 0 -22 1 0 
1 0 -40.400000000000006 1 0 
8 0 38.200000000000003
1 0 0 0 1 
1 0 0 0 -1 
1 0.70710678118654757 0 0 -1 
1 -4.4408920985006262e-16 -0.49999999999999956 1 0 
1 0 -0.35355339059327368 1 0 
1 -4.4408920985006262e-16 -22.899999999999999 1 0 
1 0 -0.35355339059327306 1 0 
1 50.899999999999999 0 0 -1 
1 0 0 0 -1 
1 0 0 0 -1 
1 23 0 0 -1 
1 1.1102230246251565e-16 -0.49999999999999956 1 0 
1 1.6653345369377348e-16 -0.35355339059327362 1 0 
1 1.1102230246251565e-16 -22.899999999999999 1 0 
1 1.6653345369377348e-16 -0.35355339059327306 1 0 
1 0.1233055339830873 0.067438035847454642 0.28108463771482078 0.95968298226066717 
1 0.58380124720345261 0.067438035847454586 -0.28108463771481967 0.95968298226066751 
1 0 0.35355339059327368 1 0 
1 -25.449999999999989 -11.499999999999996 1 0 
1 48.793860018001205 6.8372583002031391 -0.28108463771482434 0.95968298226066617 
1 2.1061399819987456 6.8372583002031533 0.28108463771481668 0.95968298226066839 
1 0.12330553398308819 0.06743803584745385 0.28108463771482078 0.95968298226066717 
1 0.58380124720345372 0.067438035847454392 -0.28108463771481967 0.95968298226066751 
1 0 0.35355339059327662 1 0 
1 -25.449999999999989 -11.499999999999996 1 0 
1 48.793860018001197 6.8372583002031364 -0.28108463771482434 0.95968298226066617 
1 2.1061399819987399 6.8372583002031551 0.28108463771481668 0.95968298226066839 
1 0 -0.49999999999999956 1 0 
1 0 -0.35355339059327662 1 0 
1 0 -22.899999999999999 1 0 
1 0 -0.35355339059327484 1 0 
1 0.70710678118654757 0 0 -1 
1 0 0 0 -1 
1 0 -0.49999999999999956 1 0 
1 0 -0.35355339059327368 1 0 
1 0 -22.899999999999999 1 0 
1 0 -0.35355339059327662 1 0 
1 0 0 0 -1 
1 38.399999999999999 0 0 -1 
1 1.0039703808468987 3.0742158999150941 0.28108463771481984 0.95968298226066751 
1 21.996029619153102 3.0742158999150906 -0.28108463771482067 0.95968298226066717 
1 -1.1102230246251565e-16 0.35355339059327395 1 0 
1 -25.596446609406716 -11.146446609406725 0.70710678118654757 -0.70710678118654757 
1 1.0039703808468983 3.0742158999150933 0.28108463771481984 0.95968298226066751 
1 21.996029619153102 3.0742158999150893 -0.28108463771482067 0.95968298226066717 
1 -1.1102230246251565e-16 0.35355339059327662 1 0 
1 -25.596446609406716 -11.146446609406725 0.70710678118654757 -0.70710678118654757 
1 -25.449999999999985 11.500000000000005 0 -1 
1 0 0.35355339059327368 1 0 
1 3.5527136788005009e-15 0.35355339059327129 1 0 
1 -26.446446609406742 -18.846446609406723 0.70710678118654757 -0.70710678118654757 
1 0 0.35355339059327129 1 0 
1 -26.300000000000011 -19.199999999999996 1 0 
1 25.450000000000014 -11.499999999999996 0 1 
1 0 0.35355339059327662 1 0 
1 25.096446609406737 -11.646446609406722 0.70710678118654757 0.70710678118654757 
1 0 0.35355339059327306 1 0 
1 0.58380124720345861 0.067438035847454156 -0.28108463771481712 0.95968298226066817 
1 0.12330553398309441 0.067438035847453698 0.28108463771482389 0.95968298226066617 
1 -25.449999999999985 11.500000000000005 0 -1 
1 0 0.35355339059327306 1 0 
8 -38.175000000000004 12.724999999999994
1 -12.724999999999993 9.4000000000000039 -1 0 
8 -38.175000000000004 12.724999999999994
1 12.724999999999994 -23.399999999999999 -1 0 
1 25.450000000000014 -11.499999999999996 0 1 
1 0 0.35355339059327306 1 0 
1 25.096446609406737 -11.646446609406722 0.70710678118654757 0.70710678118654757 
1 0 0.35355339059327484 1 0 
1 0.58380124720345861 0.067438035847454461 -0.28108463771481712 0.95968298226066817 
1 0.12330553398309441 0.067438035847454017 0.28108463771482389 0.95968298226066617 
1 -4.4408920985006262e-16 -0.49999999999999956 1 0 
1 0 -0.35355339059326951 1 0 
8 -22.899999999999999 -0.50000000000000044
1 20.899999999999999 0 0 1 
8 -22.899999999999999 -0.50000000000000044
1 51.399999999999999 0 0 1 
1 -4.4408920985006262e-16 -22.899999999999999 1 0 
1 0 -0.35355339059326951 1 0 
1 1.61233639725329 5.1513074040166753 0.28108463771482073 0.95968298226066717 
1 36.787663602746711 5.1513074040166753 -0.28108463771481973 0.95968298226066751 
8 -7.794228634059948 -6.9282032302755088
1 -2.3999999999999986 -6.0104076400856536 -0.57735026918962573 -0.81649658092772615 
8 -7.794228634059948 -6.9282032302755088
1 -5.6568542494923797 -18.899999999999999 -0.81649658092772592 0.57735026918962595 
1 0 0 0 -1 
1 0.70710678118654757 0 0 -1 
1 -25.096446609406716 11.646446609406736 -0.70710678118654757 -0.70710678118654757 
1 0 0.35355339059327662 1 0 
1 25.450000000000014 11.500000000000005 -1 0 
1 0 0.35355339059327306 1 0 
1 25.596446609406744 11.146446609406736 -0.70710678118654757 0.70710678118654757 
1 0 0.35355339059327662 1 0 
8 -9.0932667397366096 -8.2272413359521632
1 26.149999999999991 7.0710678118654737 0.57735026918962595 0.81649658092772603 
8 -9.0932667397366096 -8.2272413359521632
1 46.149999999999999 7.0710678118654684 -0.57735026918962573 0.81649658092772615 
8 -10.253048327204942 -9.5459415460183905
1 20.899999999999999 9.8994949366116636 7.3345700733559805e-35 1 
8 -10.253048327204942 -9.5459415460183905
1 44.149999999999999 -30.149999999999995 -0.70710678118654757 -0.70710678118654757 
1 -4.4408920985006262e-16 -0.50000000000000044 1 0 
1 0 -0.35355339059327662 1 0 
1 52.600000000000001 0 0 -1 
1 0 0 0 -1 
1 -4.4408920985006262e-16 -31.899999999999999 1 0 
1 0 -0.35355339059327662 1 0 
1 0 0 0 -1 
1 0.70710678118654757 0 0 -1 
1 0.12330553398308552 0.067438035847454961 0.2810846377148199 0.95968298226066751 
1 0.58380124720345328 0.067438035847456154 -0.28108463771482045 0.95968298226066728 
1 0 -31.899999999999999 1 0 
1 0 -0.35355339059327662 1 0 
1 0 -0.50000000000000044 1 0 
1 0 -0.35355339059327362 1 0 
1 0 -31.899999999999999 1 0 
1 0 -0.35355339059327662 1 0 
1 0 0 0 -1 
1 0.70710678118654757 0 0 -1 
1 -26.300000000000011 19.200000000000003 0 -1 
1 0 0.35355339059327351 1 0 
1 -25.946446609406745 19.346446609406733 -0.70710678118654757 -0.70710678118654757 
1 0 0.35355339059327306 1 0 
1 26.29999999999999 19.200000000000003 -1 0 
1 0 0.35355339059327662 1 0 
1 26.446446609406713 18.846446609406726 -0.70710678118654757 0.70710678118654757 
1 8.8817841970012523e-16 0.35355339059326951 1 0 
1 26.29999999999999 -19.199999999999996 0 1 
1 0 0.35355339059327662 1 0 
1 25.946446609406713 -19.346446609406723 0.70710678118654757 0.70710678118654757 
1 0 0.35355339059327306 1 0 
1 50.426702730475817 7.066547622084447 -0.28108463771482289 0.95968298226066651 
1 2.173297269524102 7.0665476220844701 0.28108463771481812 0.95968298226066795 
1 0 -0.50000000000000044 1 0 
1 7.1054273576010019e-15 -0.35355339059327662 1 0 
1 0 -31.899999999999999 1 0 
1 0 -0.35355339059327395 1 0 
1 0.70710678118654757 0 0 -1 
1 0 0 0 -1 
1 0.12330553398309174 0.067438035847454017 0.28108463771481923 0.95968298226066773 
1 0.58380124720345761 0.067438035847453753 -0.28108463771482112 0.95968298226066717 
1 0 0.35355339059326951 1 0 
1 -26.300000000000011 -19.199999999999996 1 0 
1 50.426702730475824 7.0665476220844576 -0.28108463771482306 0.95968298226066651 
1 2.1732972695241113 7.0665476220844754 0.28108463771481779 0.95968298226066806 
1 0.12330553398307842 0.06743803584745324 0.2810846377148245 0.95968298226066617 
1 0.58380124720344539 0.067438035847453545 -0.28108463771481662 0.95968298226066828 
1 1.6123363972532943 5.1513074040166744 0.28108463771482078 0.95968298226066706 
1 36.787663602746719 5.1513074040166771 -0.28108463771481956 0.95968298226066762 
1 0 0.35355339059326951 1 0 
1 -26.446446609406742 -18.846446609406723 0.70710678118654757 -0.70710678118654757 
1 0.12330553398307842 0.067438035847453698 0.28108463771482439 0.95968298226066617 
1 0.58380124720344539 0.067438035847453962 -0.28108463771481662 0.95968298226066839 
1 -26.300000000000011 19.200000000000003 0 -1 
1 0 0.35355339059327306 1 0 
1 0 0 0 -1 
1 52.600000000000001 0 0 -1 
1 7.1054273576010019e-15 -0.50000000000000044 1 0 
1 0 -0.35355339059327662 1 0 
1 7.1054273576010019e-15 -31.899999999999999 1 0 
1 0 -0.35355339059327484 1 0 
1 2.1732972695241415 7.0665476220844967 0.28108463771481706 0.95968298226066828 
1 50.426702730475846 7.0665476220844861 -0.28108463771482411 0.95968298226066617 
1 0.58380124720346682 0.067438035847451241 -0.28108463771481451 0.95968298226066906 
1 0.12330553398309974 0.067438035847447106 0.28108463771482717 0.95968298226066528 
1 0 -0.35355339059327662 1 0 
1 0 -0.50000000000000044 1 0 
1 36.787663602746633 5.1513074040168041 -0.28108463771482745 0.95968298226066517 
1 1.6123363972532967 5.1513074040168227 0.28108463771481418 0.95968298226066906 
1 0 -0.35355339059327662 1 0 
1 0 -0.50000000000000044 1 0 
1 0.58380124720345661 0.067438035847452796 -0.28108463771481812 0.95968298226066795 
1 0.12330553398309263 0.067438035847453698 0.28108463771482289 0.95968298226066651 
1 0 -0.50000000000000044 1 0 
1 0 -0.35355339059326951 1 0 
1 25.946446609406713 -19.346446609406723 0.70710678118654757 0.70710678118654757 
1 0 0.35355339059327306 1 0 
1 0.58380124720345672 0.06743803584745317 -0.2810846377148179 0.95968298226066806 
1 0.12330553398309263 0.067438035847454017 0.28108463771482306 0.95968298226066651 
1 0 -31.899999999999999 1 0 
1 0 -0.35355339059326774 1 0 
1 38.399999999999999 0 0 -1 
1 0 0 0 -1 
1 26.29999999999999 -19.199999999999996 0 1 
1 0 0.35355339059327662 1 0 
1 -25.946446609406745 19.346446609406733 -0.70710678118654757 -0.70710678118654757 
1 0 0.35355339059327839 1 0 
1 26.446446609406713 18.846446609406726 -0.70710678118654757 0.70710678118654757 
1 0 0.35355339059327662 1 0 
1 26.29999999999999 19.200000000000003 -1 0 
1 0 0.35355339059327662 1 0 
1 2.1732972695241082 7.0665476220845012 0.28108463771481712 0.95968298226066828 
1 50.426702730475817 7.0665476220844727 -0.28108463771482406 0.95968298226066628 
1 0.70710678118654757 0 0 -1 
1 0 -0 0 -1 
1 0 -0.35355339059327306 1 0 
1 0 -31.899999999999999 1 0 
1 -8.8817841970012523e-16 -0.35355339059327662 1 0 
1 0 -31.899999999999999 1 0 
1 36.787663602746626 5.1513074040168032 -0.28108463771482761 0.95968298226066517 
1 1.6123363972532918 5.1513074040168254 0.28108463771481401 0.95968298226066917 
1 0.58380124720345672 0.067438035847453129 -0.2810846377148144 0.95968298226066906 
1 0.12330553398309263 0.067438035847454017 0.28108463771482722 0.9596829822606654 
Curves 224
1 1.4000000000000001 -1.3 -1.3 0 0 1 
1 1.3999999999999986 -1.3000000000000007 0.36999999999999966 1 0 -0 
1 1.4000000000000001 -1.3 27.900000000000002 1 0 -0 
1 85.349999999999994 -1.2999999999999998 -1.3 0 0 1 
1 48.800000000000004 -1.3 -1.3 0 0 1 
1 85.349999999999994 -1.2999999999999998 23.800000000000001 1 0 -0 
1 48.800000000000004 -1.2999999999999989 35.230000000000032 1 0 -0 
1 92.5 -1.3 -1.3 0 0 1 
2 1.3999999999999986 1.3999999999999986 0.37000000000000033 0 -0 1 -1 6.5790994051861164e-16 0 -6.5790994051861164e-16 -1 0 2.7000000000000002
2 1.4000000000000001 1.4000000000000001 27.900000000000002 0 0 1 1 0 -0 -0 1 0 2.7000000000000002
1 -1.3 1.4000000000000001 -1.3 0 0 1 
1 1.3999999999999966 -1.3000000000000016 0.37000000000000033 5.0851038316252304e-16 0.70710678118654757 -0.70710678118654746 
1 1.3999999999999986 0.36999999999999922 -1.3000000000000003 1 0 -0 
1 85.349999999999994 -0.46500000000000097 -0.46500000000000052 1.5431135127484003e-34 0.70710678118654757 -0.70710678118654757 
1 -1.3 1.4000000000000001 27.900000000000002 -0 1 0 
2 1.4000000000000001 22.799999999999997 27.900000000000002 0 0 1 1 0 -0 -0 1 0 2.7000000000000002
1 14.15 20.099999999999998 27.900000000000002 -1 -0 0 
2 42.100000000000001 16.100000000000001 27.900000000000002 0 0 1 1 0 -0 -0 1 0 4
1 46.100000000000001 7.2000000000000011 27.900000000000002 -0 1 0 
2 48.800000000000004 1.4000000000000001 27.900000000000002 0 0 1 1 0 -0 -0 1 0 2.7000000000000002
2 85.349999999999994 -4 0.37000000000000033 -0 0 -1 0 1 0 1 0 -0 2.7000000000000002
2 85.349999999999994 -4 23.800000000000001 0 0 1 1 0 -0 -0 1 0 2.7000000000000002
1 88.049999999999997 -4 -1.3 0 0 1 
2 48.800000000000004 1.3999999999999986 35.230000000000032 0 0 1 -1 6.5790994051861056e-16 0 -6.5790994051861056e-16 -1 0 2.7000000000000002
1 46.100000000000001 1.4000000000000001 -1.3 0 0 1 
1 88.049999999999997 -7 23.800000000000001 -0 1 0 
1 92.5 -7 23.800000000000001 -0 1 0 
1 88.049999999999997 -7 23.800000000000001 1 0 -0 
1 48.800000000000004 -1.3000000000000016 35.230000000000032 5.0851038316252235e-16 0.70710678118654757 0.70710678118654746 
1 48.800000000000004 0.37000000000000099 36.900000000000034 1 0 -0 
8 -13.579278331339998 -10.68675348269997
1 84.659999999999997 6.5399999999999947 43.070000000000036 -0.57735026918962595 0.57735026918962529 0.57735026918962595 
1 92.5 -1.3000000000000007 35.230000000000032 -0 1 0 
1 92.5 43 -1.3 0 0 1 
1 92.5 -7 -1.3 0 0 1 
1 92.5 -7 0.36999999999999966 -0 1 0 
1 -0.4649999999999988 1.3999999999999986 -0.46500000000000014 0.70710678118654757 -1.5431135127484003e-34 -0.70710678118654757 
2 1.3999999999999986 1.3999999999999986 -1.2999999999999996 0 -0 1 -1 6.5790994051861164e-16 0 -6.5790994051861164e-16 -1 0 1.0300000000000002
1 -1.2999999999999989 63.200000000000003 0.36999999999999966 0 -1 -0 
1 -1.3 63.200000000000003 -1.3 0 0 1 
1 -1.3 22.799999999999997 -1.3 0 0 1 
1 -1.2999999999999989 63.200000000000003 35.230000000000032 0 -1 -0 
1 82.720784389125896 39.130000000000003 -1.3000000000000003 -1 -0 0 
2 86.799999999999997 38.899999999999999 -1.2999999999999996 0 -0 1 0.41216082202199616 0.91111111111112708 0 -0.91111111111112708 0.41216082202199616 0 2.8300000000000001
2 63.100000000000001 44.799999999999997 -1.2999999999999996 -0 0 -1 0 -1 -0 -1 -0 0 5.6699999999999999
1 88.654723699098966 41.329999999999998 -1.2999999999999996 1 0 -0 
1 57.43 44.799999999999997 -1.2999999999999996 -0 1 0 
1 90.829999999999998 -7 -1.3000000000000003 -0 1 0 
2 56.399999999999999 63.200000000000003 -1.2999999999999996 0 -0 1 1 0 0 -0 1 0 1.0300000000000002
1 88.049999999999997 -5.3300000000000001 -1.2999999999999996 1 0 -0 
1 56.400000000000006 64.230000000000004 -1.2999999999999996 -1 -0 0 
1 89.719999999999999 -4 -1.2999999999999996 0 -1 -0 
2 1.3999999999999986 63.200000000000003 -1.2999999999999996 0 -0 1 6.5790994051861056e-16 1 0 -1 6.5790994051861056e-16 0 1.0300000000000002
2 85.349999999999994 -4 -1.2999999999999996 -0 0 -1 0 1 0 1 0 -0 4.3700000000000001
1 0.37000000000000099 63.200000000000003 -1.3000000000000003 0 -1 -0 
1 88.049999999999997 -4 0.37000000000000033 0.70710678118654791 4.3297802811774689e-17 -0.70710678118654713 
1 1.4000000000000001 20.099999999999998 -1.3 0 0 1 
2 1.3999999999999986 22.799999999999997 35.230000000000032 0 0 1 -1 0 0 0 -1 0 2.7000000000000002
1 42.100000000000001 20.100000000000001 -1.3 0 0 1 
1 1.3999999999999986 20.099999999999998 35.230000000000032 1 0 -0 
2 42.100000000000001 16.100000000000001 35.230000000000032 -0 -0 -1 0 1 -0 1 -0 0 4
1 46.100000000000001 16.100000000000001 -1.3 0 0 1 
1 46.100000000000001 16.100000000000001 35.230000000000032 0 -1 -0 
1 88.049999999999997 -4 0.37000000000000033 0 -1 -0 
1 88.049999999999997 -7 -1.3 0 0 1 
1 46.935000000000002 1.4000000000000004 36.065000000000033 0.70710678118654757 -1.2585717651317117e-34 0.70710678118654757 
2 48.800000000000004 1.3999999999999986 36.900000000000034 0 0 1 -1 6.5790994051861056e-16 0 -6.5790994051861056e-16 -1 0 1.0300000000000002
1 88.049999999999997 -7 0.37000000000000033 1 0 -0 
1 82.720784389125896 39.130000000000003 36.900000000000034 -1 -0 0 
2 86.799999999999997 38.899999999999999 36.900000000000034 0 0 1 0.41216082202199616 0.91111111111112708 -0 -0.91111111111112708 0.41216082202199616 0 2.8300000000000001
2 63.100000000000001 44.799999999999997 36.900000000000034 -0 -0 -1 0 -1 0 -1 0 0 5.6699999999999999
1 88.654723699098966 41.329999999999998 36.900000000000034 1 0 -0 
1 57.43 44.799999999999997 36.900000000000034 -0 1 0 
1 90.829999999999998 -1.3000000000000007 36.900000000000034 -0 1 0 
2 56.399999999999999 63.200000000000003 36.900000000000034 0 0 1 1 0 -0 -0 1 0 1.0300000000000002
1 56.399999999999999 64.230000000000004 36.900000000000034 -1 -0 0 
2 1.3999999999999986 63.200000000000003 36.900000000000034 0 0 1 6.5790994051861056e-16 1 -0 -1 6.5790994051861056e-16 0 1.0300000000000002
1 47.770000000000003 16.100000000000001 36.900000000000034 0 -1 -0 
1 0.37000000000000099 63.200000000000003 36.900000000000034 0 -1 -0 
2 42.100000000000001 16.100000000000001 36.900000000000034 -0 -0 -1 0 1 -0 1 -0 0 5.6699999999999999
2 1.3999999999999986 22.799999999999997 36.900000000000034 0 0 1 -1 0 0 0 -1 0 1.0300000000000002
1 1.3999999999999986 21.769999999999996 36.900000000000034 1 0 -0 
8 -14.862519065813736 -11.969994217173706
1 83.91912061651648 34.419120616516508 43.810879383483538 -0.57735026918962573 -0.57735026918962573 0.57735026918962573 
1 88.654723699098966 43 0.37000000000000033 1 0 -0 
1 88.654723699098966 43 35.230000000000032 1 0 -0 
1 88.654723699099137 43 -1.3 0 0 1 
8 -2.2487792984935941 0.64374555014644086
1 91.201666666666668 -5.7016666666666644 -0.92833333333333579 -0.57735026918962618 0.57735026918962551 -0.57735026918962551 
8 -16.507967333004181 -13.615442484364145
1 82.969120616516477 33.469120616516484 -9.1608793834835023 -0.57735026918962595 -0.57735026918962595 -0.57735026918962529 
1 -1.3000000000000016 63.200000000000003 0.37000000000000033 0.70710678118654757 -5.0851038316252235e-16 -0.70710678118654746 
2 1.3999999999999986 63.200000000000003 0.37000000000000033 0 -0 1 6.5790994051861056e-16 1 0 -1 6.5790994051861056e-16 0 2.7000000000000002
2 1.3999999999999986 63.200000000000003 35.230000000000032 0 0 1 6.5790994051861056e-16 1 -0 -1 6.5790994051861056e-16 0 2.7000000000000002
1 1.4000000000000001 65.900000000000006 -1.3 0 0 1 
1 -1.3000000000000016 63.200000000000003 35.230000000000032 0.70710678118654713 -5.0851038316252205e-16 0.70710678118654791 
1 -0.46499999999999941 22.799999999999997 36.065000000000033 0.70710678118654713 -3.8003946107358386e-34 0.70710678118654791 
7 0 0  7 8 2  82.720784389125782 40.800000000000004 0.36999999999999722  82.876813906967882 40.555200751946671 0.12520075194666513  83.038882071588546 40.311850973720198 -0.11814902627971269  83.207857517458805 40.070114126039861 -0.35988587396050797  83.384768274677413 39.830332086694355 -0.59966791330499669  83.57095550561705 39.593081749267419 -0.83691825073312642  83.768112209137385 39.35917638414989 -1.0708236158501092  83.979361774349641 39.130000000000003 -1.2999999999999996 
 0 8 1 8
1 82.720784389125896 40.800000000000004 0.36999999999999966 -1 -0 0 
1 63.100000000000001 39.965000000000003 -0.46500000000000052 3.8003946107358386e-34 -0.70710678118654791 -0.70710678118654713 
8 -1.8547236990991394 -1.4505171491575055
4 86.799999999999997 38.699999999999996 -3.9299999999999953 -1.5362039773581239e-17 -0.70710678118654713 0.70710678118654791 1.5362039773581258e-17 0.70710678118654791 0.70710678118654713 -1 2.1725204993513512e-17 7.5789254242956359e-34 0.1414213562373105
2 86.799999999999997 38.899999999999999 0.37000000000000033 0 -0 1 0.41216082202199616 0.91111111111112708 0 -0.91111111111112708 0.41216082202199616 0 4.5
2 63.100000000000001 44.799999999999997 0.37000000000000033 -0 0 -1 0 -1 -0 -1 -0 0 4
1 59.100000000000001 44.799999999999997 0.37000000000000033 -0.70710678118654791 -4.3297802811774689e-17 -0.70710678118654713 
1 59.100000000000001 44.799999999999997 0.37000000000000033 -0 1 0 
1 58.265000000000001 63.200000000000003 -0.46499999999999975 -0.70710678118654791 4.0776668755857768e-35 -0.70710678118654713 
2 56.399999999999999 63.200000000000003 0.37000000000000033 0 -0 1 1 0 0 -0 1 0 2.7000000000000002
1 56.399999999999999 65.900000000000006 0.37000000000000033 -4.3297802811774689e-17 -0.70710678118654791 -0.70710678118654713 
8 -1.8302003533311177 1.0623244953089175
1 89.106666666666655 -5.9433333333333325 -0.68666666666666698 0.57735026918962618 0.57735026918962551 -0.57735026918962551 
1 56.400000000000006 65.900000000000006 0.37000000000000033 -1 -0 0 
1 1.3999999999999986 65.064999999999998 -0.46500000000000025 3.8003946107358386e-34 -0.70710678118654791 -0.70710678118654713 
1 1.3999999999999984 20.099999999999998 35.230000000000032 4.329780281177464e-17 0.70710678118654713 0.70710678118654791 
1 42.100000000000001 20.934999999999995 36.065000000000033 3.7587603694347437e-35 0.7071067811865468 0.70710678118654824 
1 46.100000000000001 16.100000000000001 35.230000000000032 0.70710678118654757 4.329780281177467e-17 0.70710678118654746 
7 0 0  7 8 2  82.720784389125768 40.800000000000004 35.230000000000032  82.876813906967854 40.555200751946693 35.474799248053344  83.038882071588546 40.311850973720347 35.718149026279804  83.207857517459217 40.070114126038888 35.959885873960744  83.384768274675736 39.830332086697119 36.199667913303614  83.570955505620688 39.593081749262673 36.436918250736802  83.768112209132951 39.359176384154708 36.670823615845329  83.979361774349641 39.130000000000003 36.900000000000034 
 0 8 1 8
1 82.720784389125896 40.800000000000004 35.230000000000032 -1 -0 0 
1 63.100000000000001 39.965000000000003 36.065000000000033 1.2585717651317117e-34 -0.70710678118654757 0.70710678118654757 
8 -1.8547236990991394 -1.4505171491575055
4 86.799999999999997 38.700000000000003 39.530000000000037 -5.1573427381630272e-18 0.70710678118654757 0.70710678118654757 -5.1573427381630256e-18 0.70710678118654757 -0.70710678118654757 -1 -7.2935840461165446e-18 -1.446936353380089e-33 0.14142135623730651
2 86.799999999999997 38.899999999999999 35.230000000000032 0 0 1 0.41216082202199616 0.91111111111112708 -0 -0.91111111111112708 0.41216082202199616 0 4.5
2 63.100000000000001 44.799999999999997 35.230000000000032 -0 -0 -1 0 -1 0 -1 0 0 4
1 59.100000000000001 44.799999999999997 35.230000000000032 -0.70710678118654602 -4.3297802811774572e-17 0.70710678118654902 
1 59.100000000000001 44.799999999999997 35.230000000000032 -0 1 0 
1 58.265000000000001 63.200000000000003 36.065000000000033 -0.70710678118654757 -1.2585717651317117e-34 0.70710678118654757 
2 56.399999999999999 63.200000000000003 35.230000000000032 0 0 1 1 0 -0 -0 1 0 2.7000000000000002
1 56.399999999999999 65.900000000000006 35.230000000000032 -4.329780281177467e-17 -0.70710678118654757 0.70710678118654746 
1 56.399999999999999 65.900000000000006 35.230000000000032 -1 -0 0 
1 1.3999999999999986 65.064999999999998 36.065000000000033 -1.3274369984006827e-34 -0.70710678118654757 0.70710678118654757 
1 82.720784389125768 40.800000000000004 -1.3 0 0 1 
1 56.399999999999999 65.900000000000006 -1.3 0 0 1 
1 63.100000000000001 40.799999999999997 -1.3 0 0 1 
1 59.100000000000001 44.799999999999997 -1.3 0 0 1 
1 59.100000000000001 63.200000000000003 -1.3 0 0 1 
1 2.1000000000000001 1.6000000000000001 1.6000000000000001 0 0 1 
1 2.0999999999999996 1.5999999999999999 2.0999999999999996 1 0 0 
1 2.0999999999999996 1.5999999999999999 24.5 1 0 0 
1 53 1.6000000000000001 1.6000000000000001 0 0 1 
1 1.6000000000000001 2.1000000000000001 1.6000000000000001 0 0 1 
1 1.5999999999999974 2.0999999999999974 2.0999999999999996 0.70710678118654746 -0.70710678118654746 0 
1 1.5999999999999974 2.0999999999999974 24.5 0.70710678118654746 -0.70710678118654746 0 
8 -0.43867759898068037 0.29813528012327001
1 2.2233055339830869 1.8976858924576363 1.802314107542363 0.28108463771482078 0.67859834454584678 -0.67859834454584711 
1 2.0999999999999996 2.0999999999999996 1.5999999999999996 1 0 0 
8 -7.4929032021152029 -6.756090323011251
1 50.893860018001206 6.6846717087976453 -2.9846717087976482 -0.28108463771482434 0.67859834454584611 -0.67859834454584644 
8 -0.43867759898067948 0.29813528012327439
1 2.2233055339830878 1.8976858924576356 24.797685892457636 0.28108463771482078 0.67859834454584678 0.67859834454584711 
1 2.0999999999999996 2.0999999999999996 25 1 0 0 
8 -7.492903202115202 -6.7560903230112492
1 50.893860018001199 6.6846717087976435 29.584671708797647 -0.28108463771482434 0.67859834454584611 0.67859834454584644 
1 53 1.6000000000000001 2.0999999999999996 0.70710678118654746 0.70710678118654746 0 
1 53 1.6000000000000001 24.5 0.70710678118654746 0.70710678118654746 0 
1 53.5 2.1000000000000001 1.6000000000000001 0 0 1 
1 1.6000000000000008 25.100000000000001 2.0999999999999996 0 -1 0 
1 1.6000000000000008 25.100000000000001 24.5 0 -1 0 
1 1.6000000000000001 23.5 1.6000000000000001 0 0 1 
8 -3.571772505993362 -2.8349596268894111
1 4.0237989096614655 3.1039703808469001 -0.32379890966146618 0.67859834454584689 0.28108463771482067 -0.67859834454584711 
1 1.9535533905932712 2.4535533905932714 1.5999999999999996 0.70710678118654746 -0.70710678118654746 0 
8 -3.5717725059933612 -2.8349596268894097
1 4.0237989096614655 3.1039703808469006 26.923798909661464 0.67859834454584689 0.28108463771482067 0.67859834454584711 
1 1.9535533905932712 2.4535533905932714 25 0.70710678118654746 -0.70710678118654746 0 
1 2.1000000000000005 25.100000000000001 1.5999999999999996 0 -1 0 
1 1.9535533905932725 23.853553390593273 1.6000000000000008 0.70710678118654746 -0.70710678118654746 0 
1 2.0999999999999996 23.5 1.6000000000000008 1 0 0 
1 53 2.0999999999999996 1.5999999999999996 0 1 0 
1 52.646446609406723 1.9535533905932738 1.5999999999999996 0.70710678118654746 0.70710678118654746 0 
8 -0.43867759898068004 0.2981352801232714
1 53.202314107542364 2.2233055339830941 1.8023141075423639 -0.67859834454584633 0.28108463771482395 -0.67859834454584633 
1 2.1000000000000005 25.100000000000001 25 0 -1 0 
1 14.824999999999994 23 25 -1 0 0 
1 53 2.0999999999999996 25 0 1 0 
1 52.646446609406723 1.9535533905932738 25 0.70710678118654746 0.70710678118654746 0 
8 -0.43867759898068071 0.29813528012327101
1 53.202314107542364 2.2233055339830941 24.797685892457636 -0.67859834454584633 0.28108463771482395 0.67859834454584633 
1 53.5 2.0999999999999996 2.0999999999999996 0 1 0 
1 53.5 23 1.6000000000000001 0 0 -1 
1 53.5 2.0999999999999996 24.5 0 1 0 
8 -5.736124216397462 -4.9993113372935118
1 5.4925243973566618 25.112336397253287 -1.7925243973566607 0.67859834454584711 0.28108463771481973 -0.67859834454584711 
1 -2.399999999999999 27.5 20.5 -0.57735026918962562 0.57735026918962562 -0.57735026918962595 
1 1.6000000000000001 25.100000000000001 1.6000000000000001 0 0 1 
1 2.4535533905932714 25.246446609406732 1.5999999999999996 -0.70710678118654746 -0.70710678118654746 0 
1 53 25.100000000000001 1.5999999999999996 -1 0 0 
1 53.14644660940673 24.746446609406732 1.5999999999999996 -0.70710678118654746 0.70710678118654746 0 
1 48.25 28.249999999999993 -3.1499999999999977 -0.57735026918962573 0.57735026918962595 -0.57735026918962573 
1 46.25 22.999999999999996 31.749999999999996 -0.70710678118654757 0 0.70710678118654757 
1 2.0999999999999996 23 2.1000000000000005 1 0 0 
1 54.700000000000003 23 1.6000000000000001 0 0 1 
1 2.0999999999999996 23 33.5 1 0 0 
1 2.1000000000000001 23 1.6000000000000001 0 0 1 
8 -0.43867759898068032 0.29813528012327073
1 1.8976858924576372 24.976694466016916 1.8023141075423625 0.678598344545847 -0.28108463771481984 -0.67859834454584733 
1 1.5999999999999988 23.5 33.5 0.70710678118654746 -0.70710678118654746 0 
1 1.6000000000000008 61.899999999999999 2.1000000000000005 0 -1 0 
1 1.6000000000000008 61.899999999999999 33.5 0 -1 0 
1 1.6000000000000001 61.899999999999999 1.6000000000000001 0 0 1 
1 2.1000000000000005 61.899999999999999 1.6000000000000008 0 -1 0 
1 2.4535533905932665 62.046446609406729 1.6000000000000008 -0.70710678118654746 -0.70710678118654746 0 
1 54.700000000000003 61.899999999999999 1.6000000000000008 -1 0 0 
1 54.846446609406726 61.546446609406722 1.6000000000000008 -0.70710678118654746 0.70710678118654746 0 
1 54.700000000000003 23.5 1.6000000000000008 0 1 0 
1 54.346446609406726 23.353553390593273 1.6000000000000008 0.70710678118654746 0.70710678118654746 0 
8 -7.7318251441727694 -6.9950122650688149
1 52.526702730475819 28.246803743153585 -3.1468037431535842 -0.28108463771482289 0.67859834454584667 -0.67859834454584633 
1 54.700000000000003 23 2.1000000000000005 0.70710678118654746 0.70710678118654746 0 
1 54.700000000000003 23 33.5 0.70710678118654746 0.70710678118654746 0 
1 55.200000000000003 23.5 1.6000000000000001 0 0 1 
8 -0.43867759898068187 0.29813528012326812
1 2.2233055339830914 23.297685892457636 33.797685892457636 0.28108463771481923 0.67859834454584733 0.67859834454584733 
1 2.0999999999999996 23.5 34 1 0 0 
8 -7.7318251441727739 -6.9950122650688238
1 52.526702730475826 28.246803743153592 38.746803743153592 -0.28108463771482306 0.67859834454584644 0.67859834454584644 
8 -0.43867759898068193 0.29813528012327023
1 1.8976858924576363 61.77669446601692 1.802314107542365 0.67859834454584622 -0.2810846377148245 -0.67859834454584622 
8 -5.7361242163974637 -4.9993113372935145
1 5.49252439735666 25.11233639725328 37.392524397356667 0.67859834454584711 0.28108463771481956 0.67859834454584744 
1 1.9535533905932725 23.853553390593273 34 0.70710678118654746 -0.70710678118654746 0 
8 -0.43867759898068109 0.29813528012327078
1 1.8976858924576363 61.77669446601692 33.797685892457636 0.678598344545846 -0.28108463771482434 0.67859834454584633 
1 2.1000000000000005 61.899999999999999 34 0 -1 0 
1 2.1000000000000001 62.399999999999999 1.6000000000000001 0 0 1 
1 2.0999999999999925 62.400000000000006 2.1000000000000005 -0.70710678118654746 -0.70710678118654746 0 
1 2.0999999999999925 62.400000000000006 33.5 -0.70710678118654746 -0.70710678118654746 0 
8 -7.7318251441728005 -6.9950122650688487
1 4.2732972695241553 57.153196256846385 -3.1468037431536109 0.28108463771482411 -0.67859834454584633 -0.67859834454584611 
8 -0.4386775989806766 0.29813528012327578
1 54.576694466016903 62.102314107542369 1.802314107542367 -0.28108463771482717 -0.67859834454584578 -0.67859834454584544 
1 54.700000000000003 62.399999999999999 2.1000000000000005 -1 0 0 
8 -5.7361242163976067 -4.9993113372936557
1 51.307475602643251 60.287663602746633 -1.7925243973567531 -0.67859834454584567 -0.28108463771482745 -0.67859834454584533 
1 55.200000000000003 61.899999999999999 2.1000000000000005 -0.70710678118654746 0.70710678118654746 0 
8 -0.43867759898068009 0.29813528012327251
1 54.902314107542367 23.623305533983093 1.8023141075423648 -0.67859834454584667 0.28108463771482289 -0.67859834454584633 
1 55.200000000000003 23.5 2.1000000000000005 0 1 0 
1 54.346446609406726 23.353553390593273 34 0.70710678118654746 0.70710678118654746 0 
8 -0.43867759898067721 0.2981352801232719
1 54.902314107542367 23.623305533983093 33.797685892457636 -0.67859834454584644 0.28108463771482306 0.67859834454584644 
1 55.200000000000003 23.5 33.5 0 1 0 
1 55.200000000000003 61.899999999999999 1.6000000000000001 0 0 1 
1 54.700000000000003 23.5 34 0 1 0 
1 2.4535533905932665 62.046446609406729 34 -0.70710678118654746 -0.70710678118654746 0 
1 54.846446609406726 61.546446609406722 34 -0.70710678118654746 0.70710678118654746 0 
1 54.700000000000003 61.899999999999999 34 -1 0 0 
8 -7.7318251441727961 -6.9950122650688424
1 4.2732972695241882 57.1531962568464 38.746803743153606 0.281084637714824 -0.67859834454584622 0.67859834454584622 
1 54.700000000000003 62.399999999999999 1.6000000000000001 0 0 1 
1 54.700000000000003 62.399999999999999 33.5 -1 0 0 
1 55.200000000000003 61.899999999999999 33.5 -0.70710678118654746 0.70710678118654746 0 
8 -5.7361242163976041 -4.9993113372936557
1 51.307475602643251 60.287663602746626 37.392524397356752 -0.67859834454584544 -0.28108463771482756 0.67859834454584544 
8 -0.43867759898068004 0.29813528012327195
1 54.57669446601691 62.102314107542362 33.797685892457636 -0.28108463771482722 -0.67859834454584567 0.67859834454584567 
Polygon3D 0
PolygonOnTriangulations 0
Surfaces 102
1 48.599651972157787 -1.3000000000000005 16.150348027842231 -0 -1 -0 0 0 -1 1 -0 0 
2 1.4000000000000001 1.4000000000000001 -1.3 0 0 1 1 0 -0 -0 1 0 2.7000000000000002
1 1.3999999999999986 -0.46500000000000075 -0.4650000000000003 -4.1439460262628757e-18 -0.70710678118654757 -0.70710678118654757 1 -2.930212336041526e-18 -2.930212336041526e-18 1.5431135127484003e-34 0.70710678118654757 -0.70710678118654757 
1 26.900000000000002 13.000000000000002 27.900000000000002 0 0 1 1 0 -0 -0 1 0 
2 85.349999999999994 -4 -1.4000000000000001 0 0 1 1 0 -0 -0 1 0 2.7000000000000002
2 48.800000000000004 1.4000000000000001 -1.3 0 0 1 1 0 -0 -0 1 0 2.7000000000000002
1 89.809862658961094 -1.0510072796546126 23.800000000000001 0 0 1 1 0 -0 -0 1 0 
1 48.800000000000004 -0.46499999999999897 36.065000000000033 -7.6861092351514206e-18 -0.70710678118654791 0.70710678118654713 1 -5.434899961116121e-18 5.4348999611161149e-18 -4.0776668755857768e-35 0.70710678118654713 0.70710678118654791 
1 92.5 18.423299319727889 17.376700680272112 1 0 0 -0 0 1 0 -1 0 
3 1.3999999999999986 1.3999999999999986 0.37000000000000033 -0 0 -1 -1 6.5790994051861164e-16 0 -6.5790994051861164e-16 -1 0 2.7000000000000002
-0.78539816339744839
1 -1.3000000000000005 33.262999999999998 16.837 -1 -0 -0 0 0 -1 0 -1 0 
1 45.101667397828862 28.531507161371813 -1.2999999999999996 -0 -0 -1 -1 0 0 0 1 -0 
3 85.349999999999994 -4 0.37000000000000033 -0 0 -1 0 1 0 1 0 -0 2.7000000000000002
0.78539816339744883
2 1.4000000000000001 22.799999999999997 -1.3 0 0 1 1 0 -0 -0 1 0 2.7000000000000002
1 1.4000000000000001 20.099999999999998 -1.3 -0 1 0 0 0 1 1 0 -0 
2 42.100000000000001 16.100000000000001 -1.4000000000000001 0 0 1 1 0 -0 -0 1 0 4
1 46.100000000000001 1.4000000000000001 -1.3 1 0 -0 0 0 1 0 -1 0 
1 88.049999999999997 -7 -1.3 1 0 -0 0 0 1 0 -1 0 
3 48.800000000000004 1.3999999999999986 35.230000000000032 0 0 1 -1 6.5790994051861056e-16 0 -6.5790994051861056e-16 -1 0 2.7000000000000002
-0.78539816339744839
1 88.049999999999997 -7 -1.3 -0 1 0 0 0 1 1 0 -0 
1 46.831821607094064 32.955158679128324 36.900000000000034 0 0 1 1 0 -0 -0 1 0 
1 91.664999999999992 -1.3000000000000007 36.065000000000033 0.70710678118654757 -5.1573427381630272e-18 0.70710678118654757 3.6467920230582731e-18 1 3.6467920230582731e-18 0.70710678118654757 1.2585717651317117e-34 -0.70710678118654757 
1 86.799999999999997 43 -1.3 -0 1 0 0 0 1 1 0 -0 
1 91.664999999999992 -7 -0.4650000000000003 0.70710678118654713 -1.0132665321085109e-17 -0.70710678118654791 7.1648763600330423e-18 1 -7.16487636003305e-18 0.70710678118654791 5.4501046490499035e-35 0.70710678118654713 
1 -0.46499999999999897 63.200000000000003 -0.4650000000000003 -0.70710678118654757 -4.1439460262628757e-18 -0.70710678118654757 2.930212336041526e-18 -1 2.930212336041526e-18 0.70710678118654757 -1.5431135127484003e-34 -0.70710678118654757 
2 1.4000000000000001 63.200000000000003 -1.3 0 0 1 1 0 -0 -0 1 0 2.7000000000000002
1 -0.46499999999999897 63.200000000000003 36.065000000000033 -0.70710678118654791 1.5362039773581239e-17 0.70710678118654713 -1.0862602496756756e-17 -1 1.0862602496756744e-17 0.70710678118654713 -3.8003946107358386e-34 0.70710678118654791 
1 82.720784389125896 39.965000000000003 -0.4650000000000003 1.5362039773581239e-17 0.70710678118654713 -0.70710678118654791 -1 1.0862602496756744e-17 -1.0862602496756756e-17 3.8003946107358386e-34 -0.70710678118654791 -0.70710678118654713 
3 86.799999999999997 38.899999999999999 0.37000000000000033 -0 0 -1 0.41216082202199616 0.91111111111112708 0 -0.91111111111112708 0.41216082202199616 0 4.5
-0.78539816339744883
3 63.100000000000001 44.799999999999997 0.37000000000000033 -0 0 -1 0 -1 -0 -1 -0 0 4
0.78539816339744883
1 88.654723699098966 42.164999999999999 -0.46499999999999964 1.5362039773581239e-17 0.70710678118654713 -0.70710678118654791 1 -1.0862602496756744e-17 1.0862602496756756e-17 3.8003946107358386e-34 -0.70710678118654791 -0.70710678118654713 
1 58.265000000000001 44.799999999999997 -0.46499999999999964 0.70710678118654713 -7.6861092351514206e-18 -0.70710678118654791 5.4348999611161149e-18 1 -5.434899961116121e-18 -0.70710678118654791 4.0776668755857768e-35 -0.70710678118654713 
3 56.399999999999999 63.200000000000003 0.37000000000000033 -0 0 -1 1 0 0 -0 1 0 2.7000000000000002
-0.78539816339744883
1 88.049999999999997 -6.165 -0.46499999999999964 -4.1439460262628757e-18 0.70710678118654757 0.70710678118654757 1 2.930212336041526e-18 2.930212336041526e-18 -1.5431135127484003e-34 0.70710678118654757 -0.70710678118654757 
1 56.400000000000006 65.064999999999998 -0.46499999999999964 1.5362039773581239e-17 0.70710678118654713 -0.70710678118654791 -1 1.0862602496756744e-17 -1.0862602496756756e-17 3.8003946107358386e-34 -0.70710678118654791 -0.70710678118654713 
1 88.884999999999991 -4 -0.46499999999999964 0.70710678118654713 7.6861092351514206e-18 0.70710678118654791 5.4348999611161149e-18 -1 5.434899961116121e-18 0.70710678118654791 4.0776668755857768e-35 -0.70710678118654713 
3 1.3999999999999986 63.200000000000003 0.37000000000000033 -0 0 -1 6.5790994051861056e-16 1 0 -1 6.5790994051861056e-16 0 2.7000000000000002
-0.78539816339744839
3 1.3999999999999986 22.799999999999997 35.230000000000032 0 0 1 -1 0 0 -0 -1 0 2.7000000000000002
-0.78539816339744772
1 1.3999999999999986 20.934999999999995 36.065000000000033 7.9895864984714317e-18 0.70710678118654824 -0.7071067811865468 1 -5.6494907919456388e-18 5.6494907919456273e-18 3.7587603694347437e-35 0.7071067811865468 0.70710678118654824 
3 42.100000000000001 16.100000000000001 35.230000000000032 0 0 1 0 1 -0 1 -0 -0 4
0.78539816339744839
1 46.935000000000002 16.100000000000001 36.065000000000033 0.70710678118654757 5.1573427381630272e-18 -0.70710678118654757 3.6467920230582731e-18 -1 -3.6467920230582731e-18 0.70710678118654757 -1.2585717651317117e-34 0.70710678118654757 
1 82.720784389125896 39.965000000000003 36.065000000000033 -5.1573427381630272e-18 0.70710678118654757 0.70710678118654757 -1 -3.6467920230582731e-18 -3.6467920230582731e-18 1.2585717651317117e-34 -0.70710678118654757 0.70710678118654757 
3 86.799999999999997 38.899999999999999 35.230000000000032 0 0 1 0.41216082202199616 0.91111111111112708 -0 -0.91111111111112708 0.41216082202199616 -0 4.5
-0.78539816339744839
3 63.100000000000001 44.799999999999997 35.230000000000032 0 0 1 0 -1 0 -1 -0 0 4
0.78539816339744617
1 88.654723699098966 42.164999999999999 36.065000000000033 -5.1573427381630272e-18 0.70710678118654757 0.70710678118654757 1 3.6467920230582731e-18 3.6467920230582731e-18 1.2585717651317117e-34 -0.70710678118654757 0.70710678118654757 
1 58.265000000000001 44.799999999999997 36.065000000000033 0.70710678118654757 -5.1573427381630272e-18 0.70710678118654757 3.6467920230582731e-18 1 3.6467920230582731e-18 -0.70710678118654757 -1.2585717651317117e-34 0.70710678118654757 
3 56.399999999999999 63.200000000000003 35.230000000000032 0 0 1 1 0 -0 -0 1 -0 2.7000000000000002
-0.78539816339744839
1 56.399999999999999 65.064999999999998 36.065000000000033 4.2091189434382835e-18 0.70710678118654757 0.70710678118654757 -1 2.976296547725966e-18 2.976296547725966e-18 -1.3274369984006827e-34 -0.70710678118654757 0.70710678118654757 
3 1.3999999999999986 63.200000000000003 35.230000000000032 0 0 1 6.5790994051861056e-16 1 -0 -1 6.5790994051861056e-16 -0 2.7000000000000002
-0.78539816339744772
2 86.799999999999997 38.899999999999999 -1.3 0 0 1 1 0 -0 -0 1 0 4.5
1 1.4000000000000001 65.900000000000006 -1.3 -0 1 0 0 0 1 1 0 -0 
1 70.65000000000002 40.800000000000004 17.800000000000008 0 1 0 0 -0 1 1 0 -0 
2 63.100000000000001 44.799999999999997 -1.4000000000000001 0 0 1 1 0 -0 -0 1 0 4
1 59.100000000000001 22.799999999999997 -1.3 1 0 -0 0 0 1 0 -1 0 
2 56.399999999999999 63.200000000000003 -1.3 0 0 1 1 0 -0 -0 1 0 2.7000000000000002
1 2.1000000000000001 1.6000000000000001 1.6000000000000001 0 1 0 1 0 0 0 0 -1 
1 1.6000000000000001 2.1000000000000001 1.6000000000000001 0.70710678118654757 0.70710678118654757 -0 0.70710678118654757 -0.70710678118654757 0 0 -0 -1 
1 2.0999999999999996 1.8499999999999996 1.8499999999999996 3.6616013026031653e-18 -0.70710678118654768 -0.70710678118654735 1 2.5891431110721945e-18 2.589143111072193e-18 -1.5307635809453353e-34 0.70710678118654735 -0.70710678118654768 
1 2.0999999999999996 1.8499999999999996 24.75 -3.6616013026031653e-18 0.70710678118654768 -0.70710678118654735 1 2.5891431110721945e-18 -2.589143111072193e-18 -1.5307635809453353e-34 0.70710678118654735 0.70710678118654768 
1 53 1.6000000000000001 1.6000000000000001 -0.70710678118654757 0.70710678118654757 0 0.70710678118654757 0.70710678118654757 0 0 0 -1 
1 1.6000000000000001 25.100000000000001 1.6000000000000001 1 0 -0 0 -1 0 0 -0 -1 
1 1.7767766952966344 2.2767766952966344 1.8499999999999996 -0.5 -0.49999999999999989 -0.70710678118654757 0.70710678118654746 -0.70710678118654757 -5.5511151231257839e-17 0.50000000000000011 0.5 -0.70710678118654746 
1 1.7767766952966344 2.2767766952966344 24.75 0.5 0.49999999999999989 -0.70710678118654757 0.70710678118654746 -0.70710678118654757 5.5511151231257839e-17 0.50000000000000011 0.5 0.70710678118654746 
1 27.549999999999986 13.599999999999996 1.5999999999999996 0 0 1 1 0 -0 -0 1 0 
1 52.823223304703362 1.7767766952966371 1.8499999999999996 0.49999999999999895 -0.49999999999999895 -0.70710678118654902 0.70710678118654757 0.70710678118654757 -1.0538688655686956e-30 -0.50000000000000111 0.50000000000000111 -0.70710678118654613 
1 27.549999999999986 13.599999999999996 1.5999999999999996 0 0 1 1 0 -0 -0 1 0 
1 52.823223304703362 1.7767766952966371 24.75 -0.49999999999999895 0.49999999999999895 -0.70710678118654902 0.70710678118654757 0.70710678118654757 1.0538688655686956e-30 -0.50000000000000111 0.50000000000000111 0.70710678118654613 
1 53.5 2.1000000000000001 1.6000000000000001 -1 0 0 0 1 0 0 0 -1 
1 1.8500000000000005 25.100000000000001 1.8499999999999996 -0.70710678118654768 -5.1915936174418339e-18 -0.70710678118654735 3.6710110520579203e-18 -1 3.6710110520579187e-18 0.70710678118654735 -1.479953415041637e-34 -0.70710678118654768 
1 1.8500000000000005 25.100000000000001 24.75 0.70710678118654768 5.1915936174418339e-18 -0.70710678118654735 3.6710110520579203e-18 -1 -3.6710110520579187e-18 0.70710678118654735 -1.479953415041637e-34 0.70710678118654768 
1 1.6000000000000001 23.5 1.6000000000000001 0.70710678118654757 0.70710678118654757 -0 0.70710678118654757 -0.70710678118654757 0 0 -0 -1 
1 1.6000000000000001 61.899999999999999 1.6000000000000001 1 0 -0 0 -1 0 0 -0 -1 
1 1.7767766952966357 23.676776695296638 1.8500000000000005 -0.50000000000000022 -0.50000000000000011 -0.70710678118654735 0.70710678118654746 -0.70710678118654757 -5.551115123125779e-17 0.49999999999999989 0.49999999999999983 -0.70710678118654768 
1 28.400000000000013 42.699999999999996 1.6000000000000008 0 0 1 1 0 -0 -0 1 0 
1 2.0999999999999996 23.25 1.8500000000000005 -5.1915936174418339e-18 -0.70710678118654735 -0.70710678118654768 1 -3.6710110520579187e-18 -3.6710110520579203e-18 1.479953415041637e-34 0.70710678118654768 -0.70710678118654735 
1 53.25 2.0999999999999996 1.8499999999999996 0.70710678118654746 1.8895138205226177e-18 -0.70710678118654746 -1.3360880356372444e-18 1 1.3360880356372444e-18 -0.70710678118654757 2.908827630390279e-35 -0.70710678118654757 
1 2.1000000000000001 23 1.6000000000000001 0 1 0 1 0 0 0 0 -1 
1 53.25 2.0999999999999996 24.75 -0.70710678118654746 -1.8895138205226177e-18 -0.70710678118654746 -1.3360880356372444e-18 1 -1.3360880356372444e-18 -0.70710678118654757 2.908827630390279e-35 0.70710678118654757 
1 1.8500000000000005 61.899999999999999 1.8500000000000005 -0.70710678118654746 -1.0455828798551125e-18 -0.70710678118654746 7.3933874463810939e-19 -1 7.3933874463810939e-19 0.70710678118654757 2.9157360980644382e-35 -0.70710678118654757 
1 2.1000000000000001 25.600000000000001 1.6000000000000001 0.70710678118654757 -0.70710678118654757 0 -0.70710678118654757 -0.70710678118654757 0 0 -0 -1 
1 2.2767766952966344 25.42322330470337 1.8499999999999996 -0.50000000000000022 0.50000000000000022 -0.70710678118654724 -0.70710678118654746 -0.70710678118654757 -4.9303806576313238e-32 0.49999999999999983 -0.49999999999999978 -0.70710678118654779 
1 53 25.350000000000001 1.8499999999999996 1.8895138205226177e-18 0.70710678118654746 -0.70710678118654746 -1 1.3360880356372444e-18 -1.3360880356372444e-18 -2.908827630390279e-35 -0.70710678118654757 -0.70710678118654757 
1 53.323223304703369 24.92322330470337 1.8499999999999996 0.49999999999999906 0.49999999999999939 -0.70710678118654857 -0.70710678118654757 0.70710678118654735 1.3877787807814523e-16 -0.50000000000000089 -0.50000000000000078 -0.70710678118654646 
1 54.700000000000003 23 1.6000000000000001 -0.70710678118654757 0.70710678118654757 0 0.70710678118654757 0.70710678118654757 0 0 0 -1 
1 2.0999999999999996 23.25 33.75 1.8895138205226177e-18 0.70710678118654746 -0.70710678118654746 1 -1.3360880356372444e-18 1.3360880356372444e-18 2.908827630390279e-35 0.70710678118654757 0.70710678118654757 
1 1.7767766952966357 23.676776695296638 33.75 0.50000000000000033 0.50000000000000033 -0.70710678118654713 0.70710678118654757 -0.70710678118654746 -1.1093356479670479e-31 0.49999999999999967 0.49999999999999978 0.70710678118654802 
1 1.8500000000000005 61.899999999999999 33.75 0.70710678118654768 5.1915936174418339e-18 -0.70710678118654735 3.6710110520579203e-18 -1 -3.6710110520579187e-18 0.70710678118654735 -1.479953415041637e-34 0.70710678118654768 
1 2.1000000000000001 62.399999999999999 1.6000000000000001 0.70710678118654757 -0.70710678118654757 0 -0.70710678118654757 -0.70710678118654757 0 0 -0 -1 
1 2.2767766952966295 62.223223304703367 1.8500000000000005 -0.49999999999999883 0.49999999999999883 -0.70710678118654924 -0.70710678118654757 -0.70710678118654757 2.775557561562749e-17 0.50000000000000122 -0.50000000000000122 -0.70710678118654591 
1 54.700000000000003 62.149999999999999 1.8500000000000005 5.1915936174418339e-18 0.70710678118654735 -0.70710678118654768 -1 3.6710110520579187e-18 -3.6710110520579203e-18 -1.479953415041637e-34 -0.70710678118654768 -0.70710678118654735 
1 55.023223304703365 61.72322330470336 1.8500000000000005 0.49999999999999767 0.49999999999999817 -0.70710678118655057 -0.70710678118654768 0.70710678118654735 2.2204460492503624e-16 -0.50000000000000211 -0.50000000000000211 -0.70710678118654458 
1 54.950000000000003 23.5 1.8500000000000005 0.70710678118654735 -3.6616013026031661e-18 -0.70710678118654768 2.5891431110721938e-18 1 -2.5891431110721949e-18 -0.70710678118654768 6.4729025345973476e-36 -0.70710678118654735 
1 54.523223304703365 23.176776695296638 1.8500000000000005 0.49999999999999917 -0.49999999999999911 -0.70710678118654868 0.70710678118654746 0.70710678118654746 2.7755575615628273e-17 -0.50000000000000089 0.50000000000000089 -0.70710678118654635 
1 54.523223304703365 23.176776695296638 33.75 -0.49999999999999922 0.49999999999999922 -0.70710678118654868 0.70710678118654757 0.70710678118654746 6.0397163055983716e-31 -0.50000000000000078 0.50000000000000089 0.70710678118654646 
1 55.200000000000003 23.5 1.6000000000000001 -1 0 0 0 1 0 0 0 -1 
1 28.400000000000013 42.699999999999996 1.6000000000000008 0 0 1 1 0 -0 -0 1 0 
1 2.2767766952966295 62.223223304703367 33.75 0.49999999999999895 -0.49999999999999889 -0.70710678118654902 -0.70710678118654746 -0.70710678118654757 -2.7755575615627866e-17 0.50000000000000111 -0.500000000000001 0.70710678118654602 
1 54.700000000000003 62.399999999999999 1.6000000000000001 0 -1 0 -1 0 0 -0 -0 -1 
1 55.200000000000003 61.899999999999999 1.6000000000000001 -0.70710678118654757 -0.70710678118654757 0 -0.70710678118654757 0.70710678118654757 0 -0 0 -1 
1 54.950000000000003 23.5 33.75 -0.70710678118654746 -1.8895138205226177e-18 -0.70710678118654746 -1.3360880356372444e-18 1 -1.3360880356372444e-18 -0.70710678118654757 2.908827630390279e-35 0.70710678118654757 
1 55.023223304703365 61.72322330470336 33.75 -0.49999999999999778 -0.49999999999999822 -0.70710678118655035 -0.70710678118654768 0.70710678118654735 -2.2204460492503575e-16 -0.500000000000002 -0.500000000000002 0.70710678118654469 
1 54.700000000000003 62.149999999999999 33.75 -1.8895138205226177e-18 -0.70710678118654746 -0.70710678118654746 -1 1.3360880356372444e-18 1.3360880356372444e-18 -2.908827630390279e-35 -0.70710678118654757 0.70710678118654757 
Triangulations 0

TShapes 570
Ve
1.00000003552714e-07
1.4 -1.3 0.37
0 0

0101101
*
Ve
1.00000003552714e-07
1.4 -1.3 27.9
0 0

0101101
*
Ed
 1.00000003552714e-07 1 1 0
1  1 0 1.67 29.2
2  1 1 0 1.67 29.2
2  2 2 0 1.67 29.2
0

0101000
+570 0 -569 0 *
Ve
1.00000004218847e-07
85.35 -1.3 0.37
0 0

0101101
*
Ed
 1e-07 1 1 0
1  2 0 0 83.95
2  3 1 0 0 83.95
2  4 3 0 0 83.95
0

0101000
+570 0 -567 0 *
Ve
1.00000003774758e-07
48.8 -1.3 27.9
0 0

0101101
*
Ed
 1.00000003552714e-07 1 1 0
1  3 0 0 47.4
2  5 1 0 0 47.4
2  6 4 0 0 47.4
0

0101000
+569 0 -565 0 *
Ve
1.00000008274037e-07
85.35 -1.3 23.8
0 0

0101101
*
Ed
 1.00000004218847e-07 1 1 0
1  4 0 1.67 25.1
2  7 1 0 1.67 25.1
2  8 5 0 1.67 25.1
0

0101000
+567 0 -563 0 *
Ve
1.00000003552714e-07
48.8 -1.3 35.23
0 0

0101101
*
Ed
 1.00000003552714e-07 1 1 0
1  5 0 29.2 36.53
2  9 1 0 29.2 36.53
2  10 6 0 29.2 36.53
0

0101000
-561 0 +565 0 *
Ve
1.50000004218847e-07
92.5 -1.3 23.8
0 0

0101101
*
Ed
 1e-07 1 1 0
1  6 0 0 7.15000000000001
2  11 1 0 0 7.15000000000001
2  12 7 0 0 7.15000000000001
0

0101000
+563 0 -559 0 *
Ve
1.00000007105427e-07
92.5 -1.3 35.23
0 0

0101101
*
Ed
 1e-07 1 1 0
1  7 0 0 43.7
2  13 1 0 0 43.7
2  14 8 0 0 43.7
0

0101000
+561 0 -557 0 *
Ed
 1.00000007105427e-07 1 1 0
1  8 0 25.1 36.53
2  15 1 0 25.1 36.53
2  16 9 0 25.1 36.53
0

0101000
-557 0 +559 0 *
Wi

0101100
-568 0 +566 0 -564 0 +562 0 -560 0 +558 0 -556 0 +555 0 *
Fa
0  1.00000003552714e-07 1 0

0101000
+554 0 *
Ve
1.00000003552714e-07
-1.3 1.4 0.37
0 0

0101101
*
Ed
 1e-07 1 1 0
1  9 0 0 1.5707963267949
2  17 2 0 0 1.5707963267949
2  18 10 0 0 1.5707963267949
0

0101000
+552 0 -570 0 *
Ve
1.00000003552714e-07
-1.3 1.4 27.9
0 0

0101101
*
Ed
 1e-07 1 1 0
1  10 0 3.14159265358979 4.71238898038469
2  19 2 0 3.14159265358979 4.71238898038469
2  20 4 0 3.14159265358979 4.71238898038469
0

0101000
+550 0 -569 0 *
Ed
 1.00000003552714e-07 1 1 0
1  11 0 1.67 29.2
2  21 2 0 1.67 29.2
2  22 11 0 1.67 29.2
0

0101000
+552 0 -550 0 *
Wi

0101100
+568 0 +551 0 -549 0 -548 0 *
Fa
0  1e-07 2 0

0101000
+547 0 *
Ve
1e-07
1.4 0.369999999999999 -1.3
0 0

0101101
*
Ed
 1e-07 1 1 0
1  12 0 0 2.36173664916307
2  23 3 0 0 2.36173664916307
2  24 10 0 0 2.36173664916307
4 G1 3 0 10 0
0

0101000
+570 0 -545 0 *
Ve
1e-07
85.35 0.369999999999999 -1.3
0 0

0101101
*
Ed
 1e-07 1 1 0
1  13 0 0 83.95
2  25 3 0 0 83.95
2  26 12 0 0 83.95
0

0101000
+545 0 -543 0 *
Ed
 1e-07 1 1 0
1  14 0 -1.18086832458153 1.18086832458153
2  27 3 0 -1.18086832458153 1.18086832458153
2  28 13 0 -1.18086832458153 1.18086832458153
4 G1 3 0 13 0
0

0101000
+567 0 -543 0 *
Wi

0101100
-544 0 +566 0 -542 0 +541 0 *
Fa
0  1e-07 3 0

0101000
+540 0 *
Ve
1.00000003552714e-07
-1.3 22.8 27.9
0 0

0101101
*
Ed
 1.00000003552714e-07 1 1 0
1  15 0 0 21.4
2  29 4 0 0 21.4
2  30 11 0 0 21.4
0

0101000
+550 0 -538 0 *
Ve
1.50000000222045e-07
1.4 20.1 27.9
0 0

0101101
*
Ed
 1e-07 1 1 0
1  16 0 3.14159265358979 4.71238898038469
2  31 4 0 3.14159265358979 4.71238898038469
2  32 14 0 3.14159265358979 4.71238898038469
0

0101000
+538 0 -536 0 *
Ve
1.50001e-07
42.1 20.1 27.9
0 0

0101101
*
Ed
 1.5e-07 1 1 0
1  17 0 -27.95 12.75
2  33 4 0 -27.95 12.75
2  34 15 0 -27.95 12.75
0

0101000
+534 0 -536 0 *
Ve
1.50001e-07
46.1 16.1 27.9
0 0

0101101
*
Ed
 1e-07 1 1 0
1  18 0 0 1.5707963267949
2  35 4 0 0 1.5707963267949
2  36 16 0 0 1.5707963267949
0

0101000
+532 0 -534 0 *
Ve
1.50000000222045e-07
46.1 1.4 27.9
0 0

0101101
*
Ed
 1.5e-07 1 1 0
1  19 0 -5.8 8.9
2  37 4 0 -5.8 8.9
2  38 17 0 -5.8 8.9
0

0101000
+530 0 -532 0 *
Ed
 1e-07 1 1 0
1  20 0 3.14159265358979 4.71238898038469
2  39 4 0 3.14159265358979 4.71238898038469
2  40 6 0 3.14159265358979 4.71238898038469
0

0101000
+530 0 -565 0 *
Wi

0101100
-537 0 -535 0 +533 0 +531 0 +529 0 -528 0 +564 0 +549 0 *
Fa
0  1e-07 4 0

0101000
+527 0 *
Ve
1.00000001776357e-07
88.05 -4 0.37
0 0

0101101
*
Ed
 1e-07 1 1 0
1  21 0 -0 1.5707963267949
2  41 5 0 -0 1.5707963267949
2  42 13 0 -0 1.5707963267949
0

0101000
+567 0 -525 0 *
Ve
1.50001e-07
88.05 -4 23.8
0 0

0101101
*
Ed
 1e-07 1 1 0
1  22 0 0 1.5707963267949
2  43 5 0 0 1.5707963267949
2  44 7 0 0 1.5707963267949
0

0101000
+523 0 -563 0 *
Ed
 1.00000001776357e-07 1 1 0
1  23 0 1.67 25.1
2  45 5 0 1.67 25.1
2  46 18 0 1.67 25.1
0

0101000
+525 0 -523 0 *
Wi

0101100
+562 0 -524 0 -522 0 -521 0 *
Fa
0  1e-07 5 0

0101000
+520 0 *
Ve
1.00000002664535e-07
46.1 1.4 35.23
0 0

0101101
*
Ed
 1e-07 1 1 0
1  24 0 0 1.5707963267949
2  47 6 0 0 1.5707963267949
2  48 19 0 0 1.5707963267949
0

0101000
+518 0 -561 0 *
Ed
 1.00000002664535e-07 1 1 0
1  25 0 29.2 36.53
2  49 6 0 29.2 36.53
2  50 17 0 29.2 36.53
0

0101000
-518 0 +530 0 *
Wi

0101100
+560 0 -517 0 +528 0 -516 0 *
Fa
0  1e-07 6 0

0101000
+515 0 *
Ve
1e-07
88.05 -7 23.8
0 0

0101101
*
Ed
 1e-07 1 1 0
1  26 0 0 3
2  51 7 0 0 3
2  52 18 0 0 3
0

0101000
+513 0 -523 0 *
Ve
1.00000007105427e-07
92.5 -7 23.8
0 0

0101101
*
Ed
 1.00000007105427e-07 1 1 0
1  27 0 0 5.7
2  53 7 0 0 5.7
2  54 9 0 0 5.7
0

0101000
+511 0 -559 0 *
Ed
 1e-07 1 1 0
1  28 0 0 4.45
2  55 7 0 0 4.45
2  56 20 0 0 4.45
0

0101000
-511 0 +513 0 *
Wi

0101000
-512 0 -522 0 -558 0 +510 0 +509 0 *
Fa
0  1e-07 7 0

0101000
+508 0 *
Ve
1e-07
48.8 0.369999999999999 36.9
0 0

0101101
*
Ed
 1e-07 1 1 0
1  29 0 0 2.36173664916307
2  57 8 0 0 2.36173664916307
2  58 19 0 0 2.36173664916307
4 G1 8 0 19 0
0

0101000
+561 0 -506 0 *
Ve
1e-07
90.83 0.370000000000001 36.9
0 0

0101101
*
Ed
 1e-07 1 1 0
1  30 0 0 42.03
2  59 8 0 0 42.03
2  60 21 0 0 42.03
0

0101000
+506 0 -504 0 *
Ed
 1e-07 1 1 0
1  31 0 -13.57927833134 -10.6867534827
2  61 8 0 -13.57927833134 -10.6867534827
2  62 22 0 -13.57927833134 -10.6867534827
0

0101000
+557 0 -504 0 *
Wi

0101100
-505 0 +556 0 -503 0 +502 0 *
Fa
0  1e-07 8 0

0101000
+501 0 *
Ve
1.00000007105427e-07
92.5 43 35.23
0 0

0101101
*
Ed
 1e-07 1 1 0
1  32 0 -0 44.3
2  63 9 0 -0 44.3
2  64 22 0 -0 44.3
0

0101000
+557 0 -499 0 *
Ve
1.00000007105427e-07
92.5 43 0.370000000000001
0 0

0101101
*
Ed
 1.00000007105427e-07 1 1 0
1  33 0 1.67 36.53
2  65 9 0 1.67 36.53
2  66 23 0 1.67 36.53
0

0101000
+497 0 -499 0 *
Ve
1.00000007105427e-07
92.5 -7 0.37
0 0

0101101
*
Ed
 1.00000007105427e-07 1 1 0
1  34 0 1.67 25.1
2  67 9 0 1.67 25.1
2  68 20 0 1.67 25.1
0

0101000
+495 0 -511 0 *
Ed
 1e-07 1 1 0
1  35 0 -0 50
2  69 9 0 -0 50
2  70 24 0 -0 50
0

0101000
+495 0 -497 0 *
Wi

0101100
-555 0 -498 0 -510 0 +496 0 -494 0 +493 0 *
Fa
0  1.00000007105427e-07 9 0

0101000
+492 0 *
Ve
1e-07
0.370000000000001 1.4 -1.3
0 0

0101101
*
Ed
 1e-07 1 1 0
1  36 0 -1.18086832458153 1.18086832458153
2  71 10 0 -1.18086832458153 1.18086832458153
2  72 25 0 -1.18086832458153 1.18086832458153
4 G1 10 0 25 0
0

0101000
+552 0 -490 0 *
Ed
 1e-07 1 1 0
1  37 0 0 1.5707963267949
2  73 10 0 0 1.5707963267949
2  74 12 0 0 1.5707963267949
0

0101000
+490 0 -545 0 *
Wi

0101100
-489 0 +551 0 -488 0 +544 0 *
Fa
0  1e-07 10 0

0101000
+487 0 *
Ve
1.00000003552714e-07
-1.3 63.2 0.37
0 0

0101101
*
Ed
 1e-07 1 1 0
1  38 0 0 61.8
2  75 11 0 0 61.8
2  76 25 0 0 61.8
0

0101000
+485 0 -552 0 *
Ve
1.00000003552714e-07
-1.3 63.2 35.23
0 0

0101101
*
Ed
 1.00000003552714e-07 1 1 0
1  39 0 1.67 36.53
2  77 11 0 1.67 36.53
2  78 26 0 1.67 36.53
0

0101000
+485 0 -483 0 *
Ve
1.00000003552714e-07
-1.3 22.8 35.23
0 0

0101101
*
Ed
 1.00000003552714e-07 1 1 0
1  40 0 29.2 36.53
2  79 11 0 29.2 36.53
2  80 14 0 29.2 36.53
0

0101000
-481 0 +538 0 *
Ed
 1e-07 1 1 0
1  41 0 0 40.4
2  81 11 0 0 40.4
2  82 27 0 0 40.4
0

0101000
+483 0 -481 0 *
Wi

0101100
+548 0 +484 0 +537 0 -482 0 +480 0 -479 0 *
Fa
0  1.00000003552714e-07 11 0

0101000
+478 0 *
Ve
2.8805052190499e-06
83.9793617743496 39.13 -1.3
0 0

0101101
*
Ve
1e-07
63.1 39.13 -1.3
0 0

0101101
*
Ed
 1e-07 1 1 0
1  42 0 -1.25857738522375 19.6207843891259
2  83 12 0 -1.25857738522375 19.6207843891259
2  84 28 0 -1.25857738522375 19.6207843891259
0

0101000
+476 0 -475 0 *
Ve
6.41747777672182e-07
88.2505171491575 41.33 -1.3
0 0

0101101
*
Ed
 1e-07 1 1 0
1  43 0 -0.113327759307931 1.91425893341147
2  85 12 0 -0.113327759307931 1.91425893341147
2  86 29 0 -0.113327759307931 1.91425893341147
0

0101000
+473 0 -476 0 *
Ve
1e-07
57.43 44.8 -1.3
0 0

0101101
*
Ed
 1e-07 1 1 0
1  44 0 -0 1.5707963267949
2  87 12 0 -0 1.5707963267949
2  88 30 0 -0 1.5707963267949
0

0101000
+475 0 -471 0 *
Ve
1e-07
90.83 41.33 -1.3
0 0

0101101
*
Ed
 1e-07 1 1 0
1  45 0 -0.40420654994147 2.17527630090102
2  89 12 0 -0.40420654994147 2.17527630090102
2  90 31 0 -0.40420654994147 2.17527630090102
0

0101000
+473 0 -469 0 *
Ve
1e-07
57.43 63.2 -1.3
0 0

0101101
*
Ed
 1e-07 1 1 0
1  46 0 -0 18.4
2  91 12 0 -0 18.4
2  92 32 0 -0 18.4
0

0101000
+471 0 -467 0 *
Ve
1e-07
90.83 -5.33 -1.3
0 0

0101101
*
Ed
 1e-07 1 1 0
1  47 0 1.67 48.33
2  93 12 0 1.67 48.33
2  94 24 0 1.67 48.33
0

0101000
+465 0 -469 0 *
Ve
1e-07
56.4 64.23 -1.3
0 0

0101101
*
Ed
 1e-07 1 1 0
1  48 0 0 1.5707963267949
2  95 12 0 0 1.5707963267949
2  96 33 0 0 1.5707963267949
0

0101000
+467 0 -463 0 *
Ve
1e-07
89.72 -5.33 -1.3
0 0

0101101
*
Ed
 1e-07 1 1 0
1  49 0 1.67 2.77999999999999
2  97 12 0 1.67 2.77999999999999
2  98 34 0 1.67 2.77999999999999
0

0101000
+461 0 -465 0 *
Ve
1e-07
1.4 64.23 -1.3
0 0

0101101
*
Ed
 1e-07 1 1 0
1  50 0 7.105427357601e-15 55
2  99 12 0 7.105427357601e-15 55
2  100 35 0 7.105427357601e-15 55
0

0101000
+463 0 -459 0 *
Ve
1e-07
89.72 -4 -1.3
0 0

0101101
*
Ed
 1e-07 1 1 0
1  51 0 0 1.33
2  101 12 0 0 1.33
2  102 36 0 0 1.33
0

0101000
+457 0 -461 0 *
Ve
1e-07
0.369999999999999 63.2 -1.3
0 0

0101101
*
Ed
 1e-07 1 1 0
1  52 0 0 1.5707963267949
2  103 12 0 0 1.5707963267949
2  104 37 0 0 1.5707963267949
0

0101000
+459 0 -455 0 *
Ed
 1e-07 1 1 0
1  53 0 -0 1.5707963267949
2  105 12 0 -0 1.5707963267949
2  106 13 0 -0 1.5707963267949
0

0101000
+543 0 -457 0 *
Ed
 1e-07 1 1 0
1  54 0 0 61.8
2  107 12 0 0 61.8
2  108 25 0 0 61.8
0

0101000
+455 0 -490 0 *
Wi

0101100
-474 0 -472 0 -470 0 +468 0 -466 0 -464 0 -462 0 -460 0 -458 0 -456 0 
-454 0 -453 0 -452 0 -542 0 -488 0 *
Fa
0  1.00000003552714e-07 12 0

0101000
+451 0 *
Ed
 1e-07 1 1 0
1  55 0 0 2.36173664916307
2  109 13 0 0 2.36173664916307
2  110 36 0 0 2.36173664916307
4 G1 13 0 36 0
0

0101000
+525 0 -457 0 *
Wi

0101100
-541 0 +524 0 -453 0 +449 0 *
Fa
0  1e-07 13 0

0101000
+448 0 *
Ve
1.00000000444089e-07
1.4 20.1 35.23
0 0

0101101
*
Ed
 1.00000000444089e-07 1 1 0
1  56 0 29.2 36.53
2  111 14 0 29.2 36.53
2  112 15 0 29.2 36.53
0

0101000
-446 0 +536 0 *
Ed
 1e-07 1 1 0
1  57 0 0 1.5707963267949
2  113 14 0 0 1.5707963267949
2  114 38 0 0 1.5707963267949
0

0101000
+481 0 -446 0 *
Wi

0101100
+445 0 -444 0 +535 0 -480 0 *
Fa
0  1e-07 14 0

0101000
+443 0 *
Ve
1.00000003552714e-07
42.1 20.1 35.23
0 0

0101101
*
Ed
 1.00000003552714e-07 1 1 0
1  58 0 29.2 36.53
2  115 15 0 29.2 36.53
2  116 16 0 29.2 36.53
0

0101000
-441 0 +534 0 *
Ed
 1e-07 1 1 0
1  59 0 1.55431223447522e-15 40.7
2  117 15 0 1.55431223447522e-15 40.7
2  118 39 0 1.55431223447522e-15 40.7
0

0101000
+446 0 -441 0 *
Wi

0101100
-440 0 +439 0 +533 0 +445 0 *
Fa
0  1e-07 15 0

0101000
+438 0 *
Ve
1e-07
46.1 16.1 35.23
0 0

0101101
*
Ed
 1e-07 1 1 0
1  60 0 -0 1.5707963267949
2  119 16 0 -0 1.5707963267949
2  120 40 0 -0 1.5707963267949
0

0101000
+441 0 -436 0 *
Ed
 1e-07 1 1 0
1  61 0 29.2 36.53
2  121 16 0 29.2 36.53
2  122 17 0 29.2 36.53
0

0101000
-436 0 +532 0 *
Wi

0101100
+440 0 +435 0 +531 0 -434 0 *
Fa
0  1e-07 16 0

0101000
+433 0 *
Ed
 1e-07 1 1 0
1  62 0 0 14.7
2  123 17 0 0 14.7
2  124 41 0 0 14.7
0

0101000
+436 0 -518 0 *
Wi

0101100
-516 0 +431 0 +529 0 +434 0 *
Fa
0  1e-07 17 0

0101000
+430 0 *
Ve
1e-07
88.05 -7 0.370000000000003
0 0

0101101
*
Ed
 1e-07 1 1 0
1  63 0 0 3
2  125 18 0 0 3
2  126 36 0 0 3
0

0101000
+525 0 -428 0 *
Ed
 1e-07 1 1 0
1  64 0 1.67 25.1
2  127 18 0 1.67 25.1
2  128 20 0 1.67 25.1
0

0101000
+428 0 -513 0 *
Wi

0101100
+521 0 -427 0 -512 0 -426 0 *
Fa
0  1e-07 18 0

0101000
+425 0 *
Ve
1e-07
47.77 1.4 36.9
0 0

0101101
*
Ed
 1e-07 1 1 0
1  65 0 -1.18086832458154 1.18086832458153
2  129 19 0 -1.18086832458154 1.18086832458153
2  130 41 0 -1.18086832458154 1.18086832458153
4 G1 19 0 41 0
0

0101000
+518 0 -423 0 *
Ed
 1e-07 1 1 0
1  66 0 0 1.5707963267949
2  131 19 0 0 1.5707963267949
2  132 21 0 0 1.5707963267949
0

0101000
+423 0 -506 0 *
Wi

0101100
-422 0 +517 0 -421 0 +505 0 *
Fa
0  1e-07 19 0

0101000
+420 0 *
Ed
 1e-07 1 1 0
1  67 0 0 4.45
2  133 20 0 0 4.45
2  134 34 0 0 4.45
0

0101000
+428 0 -495 0 *
Wi

0101100
-494 0 -418 0 +509 0 +426 0 *
Fa
0  1e-07 20 0

0101000
+417 0 *
Ve
2.88050550500618e-06
83.9793617743496 39.13 36.9
0 0

0101101
*
Ve
1e-07
63.1 39.13 36.9
0 0

0101101
*
Ed
 1e-07 1 1 0
1  68 0 -1.25857738522375 19.6207843891259
2  135 21 0 -1.25857738522375 19.6207843891259
2  136 42 0 -1.25857738522375 19.6207843891259
0

0101000
+415 0 -414 0 *
Ve
6.41747836697069e-07
88.2505171491575 41.33 36.9
0 0

0101101
*
Ed
 1e-07 1 1 0
1  69 0 -0.113327759307931 1.91425893341147
2  137 21 0 -0.113327759307931 1.91425893341147
2  138 43 0 -0.113327759307931 1.91425893341147
0

0101000
+412 0 -415 0 *
Ve
1e-07
57.43 44.8 36.9
0 0

0101101
*
Ed
 1e-07 1 1 0
1  70 0 -0 1.5707963267949
2  139 21 0 -0 1.5707963267949
2  140 44 0 -0 1.5707963267949
0

0101000
+414 0 -410 0 *
Ve
1e-07
90.83 41.33 36.9
0 0

0101101
*
Ed
 1e-07 1 1 0
1  71 0 -0.40420654994147 2.17527630090103
2  141 21 0 -0.40420654994147 2.17527630090103
2  142 45 0 -0.40420654994147 2.17527630090103
0

0101000
+412 0 -408 0 *
Ve
1e-07
57.43 63.2 36.9
0 0

0101101
*
Ed
 1e-07 1 1 0
1  72 0 -0 18.4
2  143 21 0 -0 18.4
2  144 46 0 -0 18.4
0

0101000
+410 0 -406 0 *
Ed
 1e-07 1 1 0
1  73 0 1.67 42.63
2  145 21 0 1.67 42.63
2  146 22 0 1.67 42.63
0

0101000
+504 0 -408 0 *
Ve
1e-07
56.4 64.23 36.9
0 0

0101101
*
Ed
 1e-07 1 1 0
1  74 0 0 1.5707963267949
2  147 21 0 0 1.5707963267949
2  148 47 0 0 1.5707963267949
0

0101000
+406 0 -403 0 *
Ve
1e-07
1.4 64.23 36.9
0 0

0101101
*
Ed
 1e-07 1 1 0
1  75 0 -0 55
2  149 21 0 -0 55
2  150 48 0 -0 55
0

0101000
+403 0 -401 0 *
Ve
1e-07
0.369999999999997 63.2 36.9
0 0

0101101
*
Ed
 1e-07 1 1 0
1  76 0 0 1.5707963267949
2  151 21 0 0 1.5707963267949
2  152 49 0 0 1.5707963267949
0

0101000
+401 0 -399 0 *
Ve
1e-07
47.77 16.1 36.9
0 0

0101101
*
Ed
 1e-07 1 1 0
1  77 0 0 14.7
2  153 21 0 0 14.7
2  154 41 0 0 14.7
0

0101000
+397 0 -423 0 *
Ve
1e-07
0.370000000000001 22.8 36.9
0 0

0101101
*
Ed
 1e-07 1 1 0
1  78 0 0 40.4
2  155 21 0 0 40.4
2  156 27 0 0 40.4
0

0101000
+399 0 -395 0 *
Ve
1e-07
42.1 21.77 36.9
0 0

0101101
*
Ed
 1e-07 1 1 0
1  79 0 -0 1.5707963267949
2  157 21 0 -0 1.5707963267949
2  158 40 0 -0 1.5707963267949
0

0101000
+393 0 -397 0 *
Ve
1e-07
1.4 21.77 36.9
0 0

0101101
*
Ed
 1e-07 1 1 0
1  80 0 0 1.5707963267949
2  159 21 0 0 1.5707963267949
2  160 38 0 0 1.5707963267949
0

0101000
+395 0 -391 0 *
Ed
 1e-07 1 1 0
1  81 0 1.55431223447522e-15 40.7
2  161 21 0 1.55431223447522e-15 40.7
2  162 39 0 1.55431223447522e-15 40.7
0

0101000
+391 0 -393 0 *
Wi

0101100
+413 0 +411 0 +409 0 -407 0 +405 0 +404 0 +402 0 +503 0 +400 0 +421 0 
+398 0 +396 0 +394 0 +392 0 +390 0 +389 0 *
Fa
0  1.00000007105427e-07 21 0

0101000
+388 0 *
Ed
 1e-07 1 1 0
1  82 0 -14.8625190658137 -11.9699942171737
2  163 22 0 -14.8625190658137 -11.9699942171737
2  164 45 0 -14.8625190658137 -11.9699942171737
0

0101000
+499 0 -408 0 *
Wi

0101100
+502 0 -498 0 +404 0 -386 0 *
Fa
0  1e-07 22 0

0101000
+385 0 *
Ve
6.41747777672182e-07
88.6547236990991 43 0.37
0 0

0101101
*
Ed
 1e-07 1 1 0
1  83 0 1.70530256582424e-13 3.84527630090103
2  165 23 0 1.70530256582424e-13 3.84527630090103
2  166 31 0 1.70530256582424e-13 3.84527630090103
0

0101000
+383 0 -497 0 *
Ve
6.41747836697069e-07
88.6547236990991 43 35.23
0 0

0101101
*
Ed
 1e-07 1 1 0
1  84 0 1.70530256582424e-13 3.84527630090103
2  167 23 0 1.70530256582424e-13 3.84527630090103
2  168 45 0 1.70530256582424e-13 3.84527630090103
0

0101000
+381 0 -499 0 *
Ed
 1e-07 1 1 0
1  85 0 1.67 36.53
2  169 23 0 1.67 36.53
2  170 50 0 1.67 36.53
0

0101000
+383 0 -381 0 *
Wi

0101100
-496 0 -382 0 +380 0 +379 0 *
Fa
0  1e-07 23 0

0101000
+378 0 *
Ed
 1e-07 1 1 0
1  86 0 -2.24877929849359 0.643745550146441
2  171 24 0 -2.24877929849359 0.643745550146441
2  172 34 0 -2.24877929849359 0.643745550146441
0

0101000
+495 0 -465 0 *
Ed
 1e-07 1 1 0
1  87 0 -16.5079673330042 -13.6154424843641
2  173 24 0 -16.5079673330042 -13.6154424843641
2  174 31 0 -16.5079673330042 -13.6154424843641
0

0101000
+497 0 -469 0 *
Wi

0101100
+376 0 -493 0 +464 0 -375 0 *
Fa
0  1e-07 24 0

0101000
+374 0 *
Ed
 1e-07 1 1 0
1  88 0 0 2.36173664916307
2  175 25 0 0 2.36173664916307
2  176 37 0 0 2.36173664916307
4 G1 25 0 37 0
0

0101000
+485 0 -455 0 *
Wi

0101100
-372 0 +484 0 -452 0 +489 0 *
Fa
0  1e-07 25 0

0101000
+371 0 *
Ve
1.00000000222045e-07
1.4 65.9 0.370000000000008
0 0

0101101
*
Ed
 1e-07 1 1 0
1  89 0 0 1.5707963267949
2  177 26 0 0 1.5707963267949
2  178 37 0 0 1.5707963267949
0

0101000
+369 0 -485 0 *
Ve
1.00000000222045e-07
1.4 65.9 35.23
0 0

0101101
*
Ed
 1e-07 1 1 0
1  90 0 0 1.5707963267949
2  179 26 0 0 1.5707963267949
2  180 49 0 0 1.5707963267949
0

0101000
+367 0 -483 0 *
Ed
 1.00000000222045e-07 1 1 0
1  91 0 1.67 36.53
2  181 26 0 1.67 36.53
2  182 51 0 1.67 36.53
0

0101000
+369 0 -367 0 *
Wi

0101100
+482 0 +368 0 -366 0 -365 0 *
Fa
0  1e-07 26 0

0101000
+364 0 *
Ed
 1e-07 1 1 0
1  92 0 0 2.36173664916307
2  183 27 0 0 2.36173664916307
2  184 49 0 0 2.36173664916307
4 G1 27 0 49 0
0

0101000
+483 0 -399 0 *
Ed
 1e-07 1 1 0
1  93 0 -1.18086832458154 1.18086832458154
2  185 27 0 -1.18086832458154 1.18086832458154
2  186 38 0 -1.18086832458154 1.18086832458154
4 G1 27 0 38 0
0

0101000
+481 0 -395 0 *
Wi

0101100
-362 0 +479 0 -394 0 +361 0 *
Fa
0  1e-07 27 0

0101000
+360 0 *
Ve
2.8805052190499e-06
82.7207843891258 40.8 0.369999999999997
0 0

0101101
*
Ed
 1.92409646120518e-06 1 1 0
1  94 0 0 1
2  187 28 0 0 1
2  188 29 0 0 1
0

0101000
+358 0 -476 0 *
Ve
1.00000010658141e-07
63.1 40.8 0.369999999999997
0 0

0101101
*
Ed
 1e-07 1 1 0
1  95 0 1.27897692436818e-13 19.6207843891259
2  189 28 0 1.27897692436818e-13 19.6207843891259
2  190 52 0 1.27897692436818e-13 19.6207843891259
0

0101000
+358 0 -356 0 *
Ed
 1e-07 1 1 0
1  96 0 -1.18086832458153 1.18086832458154
2  191 28 0 -1.18086832458153 1.18086832458154
2  192 30 0 -1.18086832458153 1.18086832458154
4 G1 28 0 30 0
0

0101000
+356 0 -475 0 *
Wi

0101100
-357 0 +355 0 -474 0 +354 0 *
Fa
0  1e-07 28 0

0101000
+353 0 *
Ed
 4.42691621014285e-07 1 1 0
1  97 0 -1.85472369909914 -1.45051714915751
2  193 29 0 -1.85472369909914 -1.45051714915751
2  194 31 0 -1.85472369909914 -1.45051714915751
0

0101000
+383 0 -473 0 *
Ed
 1e-07 1 1 0
1  98 0 -3.81916720471054e-14 1.55972537803652
2  195 29 0 -3.81916720471054e-14 1.55972537803652
2  196 50 0 -3.81916720471054e-14 1.55972537803652
0

0101000
+383 0 -358 0 *
Wi

0101100
-351 0 +350 0 -472 0 +357 0 *
Fa
0  1e-07 29 0

0101000
+349 0 *
Ve
1e-07
59.1 44.8 0.37
0 0

0101101
*
Ed
 1e-07 1 1 0
1  99 0 -0 1.5707963267949
2  197 30 0 -0 1.5707963267949
2  198 53 0 -0 1.5707963267949
0

0101000
+356 0 -347 0 *
Ed
 1e-07 1 1 0
1  100 0 0 2.36173664916307
2  199 30 0 0 2.36173664916307
2  200 32 0 0 2.36173664916307
4 G1 30 0 32 0
0

0101000
+347 0 -471 0 *
Wi

0101100
-354 0 +346 0 -470 0 +345 0 *
Fa
0  1e-07 30 0

0101000
+344 0 *
Wi

0101100
-351 0 +382 0 -468 0 +375 0 *
Fa
0  1e-07 31 0

0101000
+342 0 *
Ve
1e-07
59.1 63.2 0.369999999999998
0 0

0101101
*
Ed
 1e-07 1 1 0
1  101 0 -0 18.4
2  201 32 0 -0 18.4
2  202 54 0 -0 18.4
0

0101000
+347 0 -340 0 *
Ed
 1e-07 1 1 0
1  102 0 -1.18086832458153 1.18086832458154
2  203 32 0 -1.18086832458153 1.18086832458154
2  204 33 0 -1.18086832458153 1.18086832458154
4 G1 32 0 33 0
0

0101000
+340 0 -467 0 *
Wi

0101100
-345 0 +339 0 -466 0 +338 0 *
Fa
0  1e-07 32 0

0101000
+337 0 *
Ve
1e-07
56.4 65.9 0.37
0 0

0101101
*
Ed
 1e-07 1 1 0
1  103 0 0 1.5707963267949
2  205 33 0 0 1.5707963267949
2  206 55 0 0 1.5707963267949
0

0101000
+340 0 -335 0 *
Ed
 1e-07 1 1 0
1  104 0 0 2.36173664916307
2  207 33 0 0 2.36173664916307
2  208 35 0 0 2.36173664916307
4 G1 33 0 35 0
0

0101000
+335 0 -463 0 *
Wi

0101100
-338 0 +334 0 -462 0 +333 0 *
Fa
0  1e-07 33 0

0101000
+332 0 *
Ed
 1e-07 1 1 0
1  105 0 -1.83020035333112 1.06232449530892
2  209 34 0 -1.83020035333112 1.06232449530892
2  210 36 0 -1.83020035333112 1.06232449530892
0

0101000
+428 0 -461 0 *
Wi

0101100
-330 0 +418 0 -460 0 +376 0 *
Fa
0  1e-07 34 0

0101000
+329 0 *
Ed
 1e-07 1 1 0
1  106 0 7.105427357601e-15 55
2  211 35 0 7.105427357601e-15 55
2  212 51 0 7.105427357601e-15 55
0

0101000
+335 0 -369 0 *
Ed
 1e-07 1 1 0
1  107 0 -1.18086832458155 1.18086832458153
2  213 35 0 -1.18086832458155 1.18086832458153
2  214 37 0 -1.18086832458155 1.18086832458153
4 G1 35 0 37 0
0

0101000
+369 0 -459 0 *
Wi

0101100
-333 0 +327 0 -458 0 +326 0 *
Fa
0  1e-07 35 0

0101000
+325 0 *
Wi

0101100
-449 0 +427 0 -456 0 +330 0 *
Fa
0  1e-07 36 0

0101000
+323 0 *
Wi

0101100
-326 0 +368 0 -454 0 +372 0 *
Fa
0  1e-07 37 0

0101000
+321 0 *
Ed
 1e-07 1 1 0
1  108 0 0 2.36173664916307
2  215 38 0 0 2.36173664916307
2  216 39 0 0 2.36173664916307
4 G1 38 0 39 0
0

0101000
+446 0 -391 0 *
Wi

0101100
-361 0 +444 0 -390 0 +319 0 *
Fa
0  1e-07 38 0

0101000
+318 0 *
Ed
 1e-07 1 1 0
1  109 0 -1.18086832458153 1.18086832458154
2  217 39 0 -1.18086832458153 1.18086832458154
2  218 40 0 -1.18086832458153 1.18086832458154
4 G1 39 0 40 0
0

0101000
+441 0 -393 0 *
Wi

0101100
-319 0 +439 0 -389 0 +316 0 *
Fa
0  1e-07 39 0

0101000
+315 0 *
Ed
 1e-07 1 1 0
1  110 0 0 2.36173664916307
2  219 40 0 0 2.36173664916307
2  220 41 0 0 2.36173664916307
4 G1 40 0 41 0
0

0101000
+436 0 -397 0 *
Wi

0101100
-316 0 +435 0 -392 0 +313 0 *
Fa
0  1e-07 40 0

0101000
+312 0 *
Wi

0101100
-313 0 +431 0 -396 0 +422 0 *
Fa
0  1e-07 41 0

0101000
+310 0 *
Ve
2.88050550500618e-06
82.7207843891258 40.8 35.23
0 0

0101101
*
Ed
 1.92409674807516e-06 1 1 0
1  111 0 0 1
2  221 42 0 0 1
2  222 43 0 0 1
0

0101000
+308 0 -415 0 *
Ve
1.00000010658141e-07
63.1 40.8 35.23
0 0

0101101
*
Ed
 1e-07 1 1 0
1  112 0 1.27897692436818e-13 19.6207843891259
2  223 42 0 1.27897692436818e-13 19.6207843891259
2  224 52 0 1.27897692436818e-13 19.6207843891259
0

0101000
+308 0 -306 0 *
Ed
 1e-07 1 1 0
1  113 0 -1.18086832458153 1.18086832458154
2  225 42 0 -1.18086832458153 1.18086832458154
2  226 44 0 -1.18086832458153 1.18086832458154
4 G1 42 0 44 0
0

0101000
+306 0 -414 0 *
Wi

0101100
-307 0 +305 0 -413 0 +304 0 *
Fa
0  1e-07 42 0

0101000
+303 0 *
Ed
 4.42691641709981e-07 1 1 0
1  114 0 -1.85472369909914 -1.45051714915751
2  227 43 0 -1.85472369909914 -1.45051714915751
2  228 45 0 -1.85472369909914 -1.45051714915751
0

0101000
+381 0 -412 0 *
Ed
 1e-07 1 1 0
1  115 0 -3.81916720471054e-14 1.55972537803652
2  229 43 0 -3.81916720471054e-14 1.55972537803652
2  230 50 0 -3.81916720471054e-14 1.55972537803652
0

0101000
+381 0 -308 0 *
Wi

0101100
-301 0 +300 0 -411 0 +307 0 *
Fa
0  1e-07 43 0

0101000
+299 0 *
Ve
1e-07
59.1 44.8 35.23
0 0

0101101
*
Ed
 1e-07 1 1 0
1  116 0 -0 1.5707963267949
2  231 44 0 -0 1.5707963267949
2  232 53 0 -0 1.5707963267949
0

0101000
+306 0 -297 0 *
Ed
 1e-07 1 1 0
1  117 0 0 2.36173664916307
2  233 44 0 0 2.36173664916307
2  234 46 0 0 2.36173664916307
4 G1 44 0 46 0
0

0101000
+297 0 -410 0 *
Wi

0101100
-304 0 +296 0 -409 0 +295 0 *
Fa
0  1e-07 44 0

0101000
+294 0 *
Wi

0101100
-301 0 +380 0 -407 0 +386 0 *
Fa
0  1e-07 45 0

0101000
+292 0 *
Ve
1e-07
59.1 63.2 35.23
0 0

0101101
*
Ed
 1e-07 1 1 0
1  118 0 -0 18.4
2  235 46 0 -0 18.4
2  236 54 0 -0 18.4
0

0101000
+297 0 -290 0 *
Ed
 1e-07 1 1 0
1  119 0 -1.18086832458154 1.18086832458154
2  237 46 0 -1.18086832458154 1.18086832458154
2  238 47 0 -1.18086832458154 1.18086832458154
4 G1 46 0 47 0
0

0101000
+290 0 -406 0 *
Wi

0101100
-295 0 +289 0 -405 0 +288 0 *
Fa
0  1e-07 46 0

0101000
+287 0 *
Ve
1e-07
56.4 65.9 35.23
0 0

0101101
*
Ed
 1e-07 1 1 0
1  120 0 0 1.5707963267949
2  239 47 0 0 1.5707963267949
2  240 55 0 0 1.5707963267949
0

0101000
+290 0 -285 0 *
Ed
 1e-07 1 1 0
1  121 0 0 2.36173664916307
2  241 47 0 0 2.36173664916307
2  242 48 0 0 2.36173664916307
4 G1 47 0 48 0
0

0101000
+285 0 -403 0 *
Wi

0101100
-288 0 +284 0 -402 0 +283 0 *
Fa
0  1e-07 47 0

0101000
+282 0 *
Ed
 1e-07 1 1 0
1  122 0 -0 55
2  243 48 0 -0 55
2  244 51 0 -0 55
0

0101000
+285 0 -367 0 *
Ed
 1e-07 1 1 0
1  123 0 -1.18086832458154 1.18086832458153
2  245 48 0 -1.18086832458154 1.18086832458153
2  246 49 0 -1.18086832458154 1.18086832458153
4 G1 48 0 49 0
0

0101000
+367 0 -401 0 *
Wi

0101100
-283 0 +280 0 -400 0 +279 0 *
Fa
0  1e-07 48 0

0101000
+278 0 *
Wi

0101100
-279 0 +366 0 -398 0 +362 0 *
Fa
0  1e-07 49 0

0101000
+276 0 *
Ed
 1.00000003552714e-07 1 1 0
1  124 0 1.67 36.53
2  247 50 0 1.67 36.53
2  248 52 0 1.67 36.53
0

0101000
+358 0 -308 0 *
Wi

0101100
+274 0 +350 0 -300 0 -379 0 *
Fa
0  1e-07 50 0

0101000
+273 0 *
Ed
 1e-07 1 1 0
1  125 0 1.67 36.53
2  249 51 0 1.67 36.53
2  250 55 0 1.67 36.53
0

0101000
+335 0 -285 0 *
Wi

0101100
-271 0 +327 0 -280 0 +365 0 *
Fa
0  1e-07 51 0

0101000
+270 0 *
Ed
 1.00000010658141e-07 1 1 0
1  126 0 1.67 36.53
2  251 52 0 1.67 36.53
2  252 53 0 1.67 36.53
0

0101000
+356 0 -306 0 *
Wi

0101100
-274 0 +355 0 -305 0 +268 0 *
Fa
0  1.00000003552714e-07 52 0

0101000
+267 0 *
Ed
 1e-07 1 1 0
1  127 0 1.67 36.53
2  253 53 0 1.67 36.53
2  254 54 0 1.67 36.53
0

0101000
+347 0 -297 0 *
Wi

0101100
-265 0 -346 0 +296 0 +268 0 *
Fa
0  1e-07 53 0

0101000
+264 0 *
Ed
 1e-07 1 1 0
1  128 0 1.67 36.53
2  255 54 0 1.67 36.53
2  256 55 0 1.67 36.53
0

0101000
+340 0 -290 0 *
Wi

0101100
-265 0 +339 0 -289 0 +262 0 *
Fa
0  1e-07 54 0

0101000
+261 0 *
Wi

0101100
+271 0 +334 0 -284 0 -262 0 *
Fa
0  1e-07 55 0

0101000
+259 0 *
Sh

0101100
+553 0 +546 0 -539 0 +526 0 -519 0 +514 0 +507 0 +500 0 +491 0 -486 0 
+477 0 +450 0 -447 0 +442 0 -437 0 -432 0 -429 0 -424 0 +419 0 -416 0 
+387 0 -384 0 +377 0 +373 0 -370 0 +363 0 +359 0 -352 0 -348 0 -343 0 
+341 0 -336 0 -331 0 -328 0 -324 0 -322 0 -320 0 +317 0 +314 0 +311 0 
+309 0 +302 0 +298 0 +293 0 -291 0 +286 0 +281 0 +277 0 +275 0 +272 0 
+269 0 +266 0 -263 0 +260 0 +258 0 *
Ve
1e-07
2.1 1.6 2.1
0 0

0101101
*
Ve
1e-07
2.1 1.6 24.5
0 0

0101101
*
Ed
 1e-07 1 1 0
1  129 0 0.5 22.9
2  257 56 0 0.5 22.9
2  258 57 0 0.5 22.9
0

0101000
+256 0 -255 0 *
Ve
1e-07
53 1.6 2.1
0 0

0101101
*
Ed
 1e-07 1 1 0
1  130 0 4.44089209850063e-16 50.9
2  259 56 0 4.44089209850063e-16 50.9
2  260 58 0 4.44089209850063e-16 50.9
0

0101000
+256 0 -253 0 *
Ve
1e-07
53 1.6 24.5
0 0

0101101
*
Ed
 1e-07 1 1 0
1  131 0 4.44089209850063e-16 50.9
2  261 56 0 4.44089209850063e-16 50.9
2  262 59 0 4.44089209850063e-16 50.9
0

0101000
+255 0 -251 0 *
Ed
 1e-07 1 1 0
1  132 0 0.5 22.9
2  263 56 0 0.5 22.9
2  264 60 0 0.5 22.9
0

0101000
+253 0 -251 0 *
Wi

0101100
+254 0 -252 0 +250 0 -249 0 *
Fa
0  1e-07 56 0

0101000
+248 0 *
Ve
1e-07
1.6 2.1 2.1
0 0

0101101
*
Ve
1e-07
1.6 2.1 24.5
0 0

0101101
*
Ed
 1e-07 1 1 0
1  133 0 0.5 22.9
2  265 57 0 0.5 22.9
2  266 61 0 0.5 22.9
0

0101000
+246 0 -245 0 *
Ed
 1e-07 1 1 0
1  134 0 -1.11022302462516e-16 0.707106781186547
2  267 57 0 -1.11022302462516e-16 0.707106781186547
2  268 62 0 -1.11022302462516e-16 0.707106781186547
0

0101000
+246 0 -256 0 *
Ed
 1e-07 1 1 0
1  135 0 -1.11022302462516e-16 0.707106781186547
2  269 57 0 -1.11022302462516e-16 0.707106781186547
2  270 63 0 -1.11022302462516e-16 0.707106781186547
0

0101000
+245 0 -255 0 *
Wi

0101100
+244 0 -243 0 +242 0 -254 0 *
Fa
0  1e-07 57 0

0101000
+241 0 *
Ve
1e-07
2.30710678118654 2.1 1.6
0 0

0101101
*
Ed
 1e-07 1 1 0
1  136 0 -0.43867759898068 0.29813528012327
2  271 58 0 -0.43867759898068 0.29813528012327
2  272 62 0 -0.43867759898068 0.29813528012327
0

0101000
+256 0 -239 0 *
Ve
1e-07
52.7928932188134 2.1 1.6
0 0

0101101
*
Ed
 1e-07 1 1 0
1  137 0 0.207106781186543 50.6928932188134
2  273 58 0 0.207106781186543 50.6928932188134
2  274 64 0 0.207106781186543 50.6928932188134
0

0101000
+239 0 -237 0 *
Ed
 1e-07 1 1 0
1  138 0 -7.4929032021152 -6.75609032301125
2  275 58 0 -7.4929032021152 -6.75609032301125
2  276 65 0 -7.4929032021152 -6.75609032301125
0

0101000
+253 0 -237 0 *
Wi

0101100
-238 0 +252 0 -236 0 +235 0 *
Fa
0  1e-07 58 0

0101000
+234 0 *
Ve
1e-07
2.30710678118654 2.1 25
0 0

0101101
*
Ed
 1e-07 1 1 0
1  139 0 -0.438677598980679 0.298135280123274
2  277 59 0 -0.438677598980679 0.298135280123274
2  278 63 0 -0.438677598980679 0.298135280123274
0

0101000
+255 0 -232 0 *
Ve
1e-07
52.7928932188134 2.1 25
0 0

0101101
*
Ed
 1e-07 1 1 0
1  140 0 0.207106781186544 50.6928932188134
2  279 59 0 0.207106781186544 50.6928932188134
2  280 66 1 0.207106781186544 50.6928932188134
0

0101000
+232 0 -230 0 *
Ed
 1e-07 1 1 0
1  141 0 -7.4929032021152 -6.75609032301125
2  281 59 0 -7.4929032021152 -6.75609032301125
2  282 67 0 -7.4929032021152 -6.75609032301125
0

0101000
+251 0 -230 0 *
Wi

0101100
-231 0 +250 0 -229 0 +228 0 *
Fa
0  1e-07 59 0

0101000
+227 0 *
Ve
1e-07
53.5 2.1 2.1
0 0

0101101
*
Ed
 1e-07 1 1 0
1  142 0 0 0.707106781186548
2  283 60 0 0 0.707106781186548
2  284 65 0 0 0.707106781186548
0

0101000
+253 0 -225 0 *
Ve
1e-07
53.5 2.1 24.5
0 0

0101101
*
Ed
 1e-07 1 1 0
1  143 0 0 0.707106781186548
2  285 60 0 0 0.707106781186548
2  286 67 0 0 0.707106781186548
0

0101000
+251 0 -223 0 *
Ed
 1e-07 1 1 0
1  144 0 0.5 22.9
2  287 60 0 0.5 22.9
2  288 68 0 0.5 22.9
0

0101000
+225 0 -223 0 *
Wi

0101100
+249 0 -224 0 +222 0 -221 0 *
Fa
0  1e-07 60 0

0101000
+220 0 *
Ve
1.00000003662053e-07
1.6 23.5 2.1
0 0

0101101
*
Ed
 1e-07 1 1 0
1  145 0 1.6 23
2  289 61 0 1.6 23
2  290 69 0 1.6 23
0

0101000
+218 0 -246 0 *
Ve
1.50000000888178e-07
1.6 23.5 24.5
0 0

0101101
*
Ed
 1e-07 1 1 0
1  146 0 1.6 23
2  291 61 0 1.6 23
2  292 70 0 1.6 23
0

0101000
+216 0 -245 0 *
Ed
 1e-07 1 1 0
1  147 0 0.5 22.9
2  293 71 0 0.5 22.9
2  294 72 0 0.5 22.9
0

0101000
+218 0 -216 0 *
Wi

0101100
-217 0 -244 0 +215 0 +214 0 *
Fa
0  1e-07 61 0

0101000
+213 0 *
Ve
1e-07
2.1 2.30710678118654 1.6
0 0

0101101
*
Ed
 1e-07 1 1 0
1  148 0 -3.57177250599336 -2.83495962688941
2  295 62 0 -3.57177250599336 -2.83495962688941
2  296 69 0 -3.57177250599336 -2.83495962688941
0

0101000
+246 0 -211 0 *
Ed
 1e-07 1 1 0
1  149 0 0.207106781186554 0.499999999999997
2  297 62 0 0.207106781186554 0.499999999999997
2  298 64 0 0.207106781186554 0.499999999999997
0

0101000
+211 0 -239 0 *
Wi

0101100
-210 0 +243 0 -209 0 +238 0 *
Fa
0  1e-07 62 0

0101000
+208 0 *
Ve
1e-07
2.1 2.30710678118654 25
0 0

0101101
*
Ed
 1e-07 1 1 0
1  150 0 -3.57177250599336 -2.83495962688941
2  299 63 0 -3.57177250599336 -2.83495962688941
2  300 70 0 -3.57177250599336 -2.83495962688941
0

0101000
+245 0 -206 0 *
Ed
 1e-07 1 1 0
1  151 0 0.207106781186549 0.499999999999996
2  301 63 0 0.207106781186549 0.499999999999996
2  302 66 1 0.207106781186549 0.499999999999996
0

0101000
+206 0 -232 0 *
Wi

0101100
-205 0 +242 0 -204 0 +231 0 *
Fa
0  1e-07 63 0

0101000
+203 0 *
Ve
1.00000003722146e-07
2.1 23.7071067811865 1.6
0 0

0101101
*
Ed
 1e-07 1 1 0
1  152 0 1.39289321881346 22.7928932188135
2  303 64 0 1.39289321881346 22.7928932188135
2  304 69 0 1.39289321881346 22.7928932188135
0

0101000
+201 0 -211 0 *
Ve
1.00000002664535e-07
2.30710678118655 23.5 1.6
0 0

0101101
*
Ed
 1.00000001110223e-07 1 1 0
1  153 0 0.207106781186548 0.499999999999999
2  305 73 0 0.207106781186548 0.499999999999999
2  306 74 0 0.207106781186548 0.499999999999999
0

0101000
+201 0 -199 0 *
Ve
1.50000007108896e-07
53 23.5 1.6
0 0

0101101
*
Ed
 1.00000001110223e-07 1 1 0
1  154 0 0.207106781186547 50.9
2  307 75 0 0.207106781186547 50.9
2  308 74 0 0.207106781186547 50.9
0

0101000
+199 0 -197 0 *
Ve
1e-07
53 2.30710678118655 1.6
0 0

0101101
*
Ed
 1e-07 1 1 0
1  155 0 0.207106781186551 21.4
2  309 64 0 0.207106781186551 21.4
2  310 76 0 0.207106781186551 21.4
0

0101000
+195 0 -197 0 *
Ed
 1e-07 1 1 0
1  156 0 0.207106781186547 0.500000000000004
2  311 64 0 0.207106781186547 0.500000000000004
2  312 65 0 0.207106781186547 0.500000000000004
0

0101000
+237 0 -195 0 *
Wi

0101100
+209 0 +200 0 -198 0 -196 0 +194 0 +193 0 +236 0 *
Fa
0  1e-07 64 0

0101000
+192 0 *
Ed
 1e-07 1 1 0
1  157 0 -0.43867759898068 0.298135280123271
2  313 65 0 -0.43867759898068 0.298135280123271
2  314 76 0 -0.43867759898068 0.298135280123271
0

0101000
+225 0 -195 0 *
Wi

0101100
-235 0 +224 0 -193 0 +190 0 *
Fa
0  1e-07 65 0

0101000
+189 0 *
Ve
1.50000000888178e-07
2.1 23 25
0 0

0101101
*
Ed
 1e-07 1 1 0
1  158 0 2.1 22.7928932188135
2  315 66 1 2.1 22.7928932188135
2  316 70 0 2.1 22.7928932188135
0

0101000
+187 0 -206 0 *
Ve
1.50000005024296e-07
53 23 25
0 0

0101101
*
Ed
 1.5e-07 1 1 0
1  159 0 -38.175 12.725
2  317 66 1 -38.175 12.725
2  318 77 0 -38.175 12.725
0

0101000
+185 0 -187 0 *
Ve
1e-07
53 2.30710678118655 25
0 0

0101101
*
Ed
 1e-07 1 1 0
1  160 0 0.207106781186552 20.9
2  319 66 1 0.207106781186552 20.9
2  320 78 0 0.207106781186552 20.9
0

0101000
+183 0 -185 0 *
Ed
 1e-07 1 1 0
1  161 0 0.207106781186548 0.500000000000004
2  321 66 1 0.207106781186548 0.500000000000004
2  322 67 0 0.207106781186548 0.500000000000004
0

0101000
+230 0 -183 0 *
Wi

0101100
+204 0 +186 0 +184 0 +182 0 +181 0 +229 0 *
Fa
0  1e-07 66 1

0101000
+180 0 *
Ed
 1e-07 1 1 0
1  162 0 -0.438677598980681 0.298135280123271
2  323 67 0 -0.438677598980681 0.298135280123271
2  324 78 0 -0.438677598980681 0.298135280123271
0

0101000
+223 0 -183 0 *
Wi

0101100
-228 0 +222 0 -181 0 +178 0 *
Fa
0  1e-07 67 0

0101000
+177 0 *
Ve
1.500000113829e-07
53.5 23 2.1
0 0

0101101
*
Ed
 1e-07 1 1 0
1  163 0 4.44089209850063e-16 20.9
2  325 68 0 4.44089209850063e-16 20.9
2  326 76 0 4.44089209850063e-16 20.9
0

0101000
+225 0 -175 0 *
Ve
1.50000007944109e-07
53.5 23 24.5
0 0

0101101
*
Ed
 1.5e-07 1 1 0
1  164 0 -22.9 -0.5
2  327 68 0 -22.9 -0.5
2  328 77 0 -22.9 -0.5
0

0101000
+173 0 -175 0 *
Ed
 1e-07 1 1 0
1  165 0 4.44089209850063e-16 20.9
2  329 68 0 4.44089209850063e-16 20.9
2  330 78 0 4.44089209850063e-16 20.9
0

0101000
+223 0 -173 0 *
Wi

0101100
-174 0 +172 0 +171 0 +221 0 *
Fa
0  1e-07 68 0

0101000
+170 0 *
Ed
 1.00000000800593e-07 1 1 0
1  166 0 -5.73612421639746 -4.99931133729351
2  331 73 0 -5.73612421639746 -4.99931133729351
2  332 79 0 -5.73612421639746 -4.99931133729351
0

0101000
+218 0 -201 0 *
Wi

0101100
-168 0 -200 0 +210 0 +217 0 *
Fa
0  1e-07 69 0

0101000
+167 0 *
Ed
 1.5e-07 1 1 0
1  167 0 -7.79422863405995 -6.92820323027551
2  333 70 0 -7.79422863405995 -6.92820323027551
2  334 71 0 -7.79422863405995 -6.92820323027551
0

0101000
+187 0 -216 0 *
Wi

0101100
+165 0 -186 0 +205 0 +215 0 *
Fa
0  1e-07 70 0

0101000
+164 0 *
Ve
1.00000004869818e-07
1.6 25.1 2.1
0 0

0101101
*
Ed
 1.00000003662053e-07 1 1 0
1  145 0 0 1.6
2  289 61 0 0 1.6
2  290 69 0 0 1.6
0

0101000
+162 0 -218 0 *
Ve
1.00000001332268e-07
1.6 25.1 24.5
0 0

0101101
*
Ed
 1.00000000666134e-07 1 1 0
1  146 0 0 1.6
2  291 61 0 0 1.6
2  292 70 0 0 1.6
0

0101000
+160 0 -216 0 *
Ed
 1e-07 1 1 0
1  168 0 0.5 22.9
2  335 61 0 0.5 22.9
2  336 80 0 0.5 22.9
0

0101000
+162 0 -160 0 *
Wi

0101100
-161 0 -214 0 +159 0 +158 0 *
Fa
0  1e-07 61 0

0101000
+157 0 *
Ve
1.00000004869818e-07
2.1 24.8928932188135 1.6
0 0

0101101
*
Ed
 1.00000003722146e-07 1 1 0
1  152 0 0.207106781186542 1.39289321881346
2  303 64 0 0.207106781186542 1.39289321881346
2  304 69 0 0.207106781186542 1.39289321881346
0

0101000
+155 0 -201 0 *
Ve
1.00000001110223e-07
2.30710678118654 25.1 1.6
0 0

0101101
*
Ed
 1.00000001110223e-07 1 1 0
1  169 0 0.207106781186554 0.499999999999998
2  337 64 0 0.207106781186554 0.499999999999998
2  338 81 0 0.207106781186554 0.499999999999998
0

0101000
+153 0 -155 0 *
Ve
1.00000002664535e-07
52.7928932188135 25.1 1.6
0 0

0101101
*
Ed
 1.00000001110223e-07 1 1 0
1  170 0 0.207106781186539 50.6928932188135
2  339 64 0 0.207106781186539 50.6928932188135
2  340 82 0 0.207106781186539 50.6928932188135
0

0101000
+151 0 -153 0 *
Ve
1.00000003108624e-07
53 24.8928932188135 1.6
0 0

0101101
*
Ed
 1.00000001110223e-07 1 1 0
1  171 0 0.207106781186554 0.499999999999994
2  341 64 0 0.207106781186554 0.499999999999994
2  342 83 0 0.207106781186554 0.499999999999994
0

0101000
+149 0 -151 0 *
Ed
 1.00000001110223e-07 1 1 0
1  155 0 21.4 22.7928932188135
2  309 64 0 21.4 22.7928932188135
2  310 76 0 21.4 22.7928932188135
0

0101000
+197 0 -149 0 *
Wi

0101100
+154 0 +152 0 +150 0 +148 0 +147 0 +196 0 +198 0 *
Fa
0  1e-07 64 0

0101000
+146 0 *
Ed
 1.5e-07 1 1 0
1  172 0 -9.09326673973661 -8.22724133595216
2  343 76 0 -9.09326673973661 -8.22724133595216
2  344 75 0 -9.09326673973661 -8.22724133595216
0

0101000
+175 0 -197 0 *
Wi

0101100
-190 0 -194 0 +144 0 +174 0 *
Fa
0  1e-07 76 0

0101000
+143 0 *
Ed
 1.5e-07 1 1 0
1  173 0 -10.2530483272049 -9.54594154601839
2  345 78 0 -10.2530483272049 -9.54594154601839
2  346 77 0 -10.2530483272049 -9.54594154601839
0

0101000
+173 0 -185 0 *
Ve
1e-07
54.7 23 2.1
0 0

0101101
*
Ed
 1e-07 1 1 0
1  174 0 51.4 52.6
2  347 77 0 51.4 52.6
2  348 75 0 51.4 52.6
0

0101000
+175 0 -140 0 *
Ve
1e-07
54.7 23 33.5
0 0

0101101
*
Ed
 1e-07 1 1 0
1  175 0 0.5 31.9
2  349 77 0 0.5 31.9
2  350 84 0 0.5 31.9
0

0101000
+140 0 -138 0 *
Ve
1e-07
2.1 23 33.5
0 0

0101101
*
Ed
 1e-07 1 1 0
1  176 0 4.44089209850063e-16 52.6
2  351 77 0 4.44089209850063e-16 52.6
2  352 85 0 4.44089209850063e-16 52.6
0

0101000
+136 0 -138 0 *
Ed
 1e-07 1 1 0
1  177 0 23.4 31.9
2  353 77 0 23.4 31.9
2  354 71 0 23.4 31.9
0

0101000
+187 0 -136 0 *
Wi

0101100
+184 0 +141 0 -172 0 -139 0 -137 0 +135 0 +134 0 *
Fa
0  1e-07 77 0

0101000
+133 0 *
Wi

0101100
-178 0 -182 0 +141 0 +171 0 *
Fa
0  1e-07 78 0

0101000
+131 0 *
Ed
 1.00000001256074e-07 1 1 0
1  178 0 -0.43867759898068 0.298135280123271
2  355 69 0 -0.43867759898068 0.298135280123271
2  356 81 0 -0.43867759898068 0.298135280123271
0

0101000
+162 0 -155 0 *
Wi

0101100
-129 0 -154 0 +168 0 +161 0 *
Fa
0  1e-07 69 0

0101000
+128 0 *
Ve
1e-07
1.6 23.5 33.5
0 0

0101101
*
Ed
 1e-07 1 1 0
1  179 0 0 0.707106781186548
2  357 71 0 0 0.707106781186548
2  358 86 0 0 0.707106781186548
0

0101000
+126 0 -136 0 *
Ed
 1e-07 1 1 0
1  147 0 22.9 31.9
2  293 71 0 22.9 31.9
2  294 72 0 22.9 31.9
0

0101000
+216 0 -126 0 *
Wi

0101100
+165 0 -134 0 +125 0 +124 0 *
Fa
0  1e-07 71 0

0101000
+123 0 *
Ve
1e-07
1.6 61.9 2.1
0 0

0101101
*
Ed
 1e-07 1 1 0
1  180 0 0 36.8
2  359 72 0 0 36.8
2  360 79 0 0 36.8
0

0101000
+121 0 -162 0 *
Ve
1e-07
1.6 61.9 33.5
0 0

0101101
*
Ed
 1e-07 1 1 0
1  181 0 0 38.4
2  361 72 0 0 38.4
2  362 87 0 0 38.4
0

0101000
+119 0 -126 0 *
Ed
 1e-07 1 1 0
1  182 0 0.5 31.9
2  363 72 0 0.5 31.9
2  364 88 0 0.5 31.9
0

0101000
+121 0 -119 0 *
Wi

0101100
-120 0 -158 0 -159 0 -124 0 +118 0 +117 0 *
Fa
0  1e-07 72 0

0101000
+116 0 *
Ve
1e-07
2.1 61.6928932188135 1.6
0 0

0101101
*
Ed
 1e-07 1 1 0
1  183 0 0.207106781186535 37.0071067811865
2  365 74 0 0.207106781186535 37.0071067811865
2  366 79 0 0.207106781186535 37.0071067811865
0

0101000
+114 0 -155 0 *
Ve
1e-07
2.30710678118653 61.9 1.6
0 0

0101101
*
Ed
 1e-07 1 1 0
1  184 0 0.207106781186554 0.499999999999989
2  367 74 0 0.207106781186554 0.499999999999989
2  368 89 0 0.207106781186554 0.499999999999989
0

0101000
+112 0 -114 0 *
Ve
1e-07
54.4928932188134 61.9 1.6
0 0

0101101
*
Ed
 1e-07 1 1 0
1  185 0 0.207106781186553 52.3928932188135
2  369 74 0 0.207106781186553 52.3928932188135
2  370 90 0 0.207106781186553 52.3928932188135
0

0101000
+110 0 -112 0 *
Ve
1e-07
54.7 61.6928932188134 1.6
0 0

0101101
*
Ed
 1e-07 1 1 0
1  186 0 0.207106781186543 0.500000000000004
2  371 74 0 0.207106781186543 0.500000000000004
2  372 91 0 0.207106781186543 0.500000000000004
0

0101000
+108 0 -110 0 *
Ve
1e-07
54.7 23.7071067811866 1.6
0 0

0101101
*
Ed
 1e-07 1 1 0
1  187 0 0.207106781186553 38.1928932188134
2  373 74 0 0.207106781186553 38.1928932188134
2  374 92 0 0.207106781186553 38.1928932188134
0

0101000
+106 0 -108 0 *
Ve
1e-07
54.4928932188134 23.5 1.6
0 0

0101101
*
Ed
 1e-07 1 1 0
1  188 0 0.207106781186543 0.500000000000004
2  375 74 0 0.207106781186543 0.500000000000004
2  376 93 0 0.207106781186543 0.500000000000004
0

0101000
+104 0 -106 0 *
Ed
 1e-07 1 1 0
1  154 0 50.9 52.3928932188134
2  307 75 0 50.9 52.3928932188134
2  308 74 0 50.9 52.3928932188134
0

0101000
+197 0 -104 0 *
Wi

0101100
-147 0 -148 0 -150 0 -152 0 +113 0 +111 0 +109 0 +107 0 +105 0 +103 0 
+102 0 *
Fa
0  1e-07 74 0

0101000
+101 0 *
Ed
 1e-07 1 1 0
1  189 0 -7.73182514417277 -6.99501226506881
2  377 75 0 -7.73182514417277 -6.99501226506881
2  378 93 0 -7.73182514417277 -6.99501226506881
0

0101000
+140 0 -104 0 *
Wi

0101100
-144 0 -102 0 +99 0 +139 0 *
Fa
0  1e-07 75 0

0101000
+98 0 *
Ve
1e-07
55.2 23.5 2.1
0 0

0101101
*
Ed
 1e-07 1 1 0
1  190 0 0 0.707106781186548
2  379 84 0 0 0.707106781186548
2  380 93 0 0 0.707106781186548
0

0101000
+140 0 -96 0 *
Ve
1e-07
55.2 23.5 33.5
0 0

0101101
*
Ed
 1e-07 1 1 0
1  191 0 0 0.707106781186548
2  381 84 0 0 0.707106781186548
2  382 94 0 0 0.707106781186548
0

0101000
+138 0 -94 0 *
Ed
 1e-07 1 1 0
1  192 0 0.5 31.9
2  383 84 0 0.5 31.9
2  384 95 0 0.5 31.9
0

0101000
+96 0 -94 0 *
Wi

0101100
+137 0 -95 0 +93 0 -92 0 *
Fa
0  1e-07 84 0

0101000
+91 0 *
Ve
1e-07
2.30710678118655 23.5 34
0 0

0101101
*
Ed
 1e-07 1 1 0
1  193 0 -0.438677598980682 0.298135280123268
2  385 85 0 -0.438677598980682 0.298135280123268
2  386 86 0 -0.438677598980682 0.298135280123268
0

0101000
+136 0 -89 0 *
Ve
1e-07
54.4928932188134 23.5 34
0 0

0101101
*
Ed
 1e-07 1 1 0
1  194 0 0.207106781186547 52.3928932188134
2  387 85 0 0.207106781186547 52.3928932188134
2  388 96 2 0.207106781186547 52.3928932188134
0

0101000
+89 0 -87 0 *
Ed
 1e-07 1 1 0
1  195 0 -7.73182514417277 -6.99501226506882
2  389 85 0 -7.73182514417277 -6.99501226506882
2  390 94 0 -7.73182514417277 -6.99501226506882
0

0101000
+138 0 -87 0 *
Wi

0101100
-88 0 +135 0 -86 0 +85 0 *
Fa
0  1e-07 85 0

0101000
+84 0 *
Ed
 1e-07 1 1 0
1  196 0 -0.438677598980682 0.29813528012327
2  391 79 0 -0.438677598980682 0.29813528012327
2  392 89 0 -0.438677598980682 0.29813528012327
0

0101000
+121 0 -114 0 *
Wi

0101100
-82 0 -113 0 +129 0 +120 0 *
Fa
0  1e-07 79 0

0101000
+81 0 *
Ve
1e-07
2.1 23.7071067811865 34
0 0

0101101
*
Ed
 1e-07 1 1 0
1  197 0 -5.73612421639746 -4.99931133729351
2  393 86 0 -5.73612421639746 -4.99931133729351
2  394 87 0 -5.73612421639746 -4.99931133729351
0

0101000
+126 0 -79 0 *
Ed
 1e-07 1 1 0
1  198 0 0.207106781186554 0.500000000000004
2  395 86 0 0.207106781186554 0.500000000000004
2  396 96 2 0.207106781186554 0.500000000000004
0

0101000
+79 0 -89 0 *
Wi

0101100
-78 0 +125 0 -77 0 +88 0 *
Fa
0  1e-07 86 0

0101000
+76 0 *
Ve
1e-07
2.1 61.6928932188135 34
0 0

0101101
*
Ed
 1e-07 1 1 0
1  199 0 -0.438677598980681 0.298135280123271
2  397 87 0 -0.438677598980681 0.298135280123271
2  398 97 0 -0.438677598980681 0.298135280123271
0

0101000
+119 0 -74 0 *
Ed
 1e-07 1 1 0
1  200 0 0.207106781186535 38.1928932188135
2  399 96 2 0.207106781186535 38.1928932188135
2  400 87 0 0.207106781186535 38.1928932188135
0

0101000
+74 0 -79 0 *
Wi

0101100
-73 0 +118 0 -72 0 +78 0 *
Fa
0  1e-07 87 0

0101000
+71 0 *
Ve
1e-07
2.1 62.4 2.1
0 0

0101101
*
Ve
1e-07
2.1 62.4 33.5
0 0

0101101
*
Ed
 1e-07 1 1 0
1  201 0 0.5 31.9
2  401 88 0 0.5 31.9
2  402 98 0 0.5 31.9
0

0101000
+69 0 -68 0 *
Ed
 1e-07 1 1 0
1  202 0 -7.105427357601e-15 0.70710678118654
2  403 88 0 -7.105427357601e-15 0.70710678118654
2  404 89 0 -7.105427357601e-15 0.70710678118654
0

0101000
+69 0 -121 0 *
Ed
 1e-07 1 1 0
1  203 0 -7.105427357601e-15 0.70710678118654
2  405 88 0 -7.105427357601e-15 0.70710678118654
2  406 97 0 -7.105427357601e-15 0.70710678118654
0

0101000
+68 0 -119 0 *
Wi

0101100
+67 0 -66 0 +65 0 -117 0 *
Fa
0  1e-07 88 0

0101000
+64 0 *
Ed
 1e-07 1 1 0
1  204 0 -7.7318251441728 -6.99501226506885
2  407 89 0 -7.7318251441728 -6.99501226506885
2  408 90 0 -7.7318251441728 -6.99501226506885
0

0101000
+69 0 -112 0 *
Wi

0101100
-62 0 +66 0 -111 0 +82 0 *
Fa
0  1e-07 89 0

0101000
+61 0 *
Ve
1e-07
54.7 62.4 2.1
0 0

0101101
*
Ed
 1e-07 1 1 0
1  205 0 -0.438677598980677 0.298135280123276
2  409 91 0 -0.438677598980677 0.298135280123276
2  410 90 0 -0.438677598980677 0.298135280123276
0

0101000
+59 0 -110 0 *
Ed
 1e-07 1 1 0
1  206 0 0 52.6
2  411 90 0 0 52.6
2  412 98 0 0 52.6
0

0101000
+59 0 -69 0 *
Wi

0101100
-58 0 +57 0 -109 0 +62 0 *
Fa
0  1e-07 90 0

0101000
+56 0 *
Ve
1e-07
55.2 61.9 2.1
0 0

0101101
*
Ed
 1e-07 1 1 0
1  207 0 -5.73612421639761 -4.99931133729366
2  413 92 0 -5.73612421639761 -4.99931133729366
2  414 91 0 -5.73612421639761 -4.99931133729366
0

0101000
+54 0 -108 0 *
Ed
 1e-07 1 1 0
1  208 0 0 0.707106781186548
2  415 91 0 0 0.707106781186548
2  416 99 0 0 0.707106781186548
0

0101000
+54 0 -59 0 *
Wi

0101100
-53 0 +52 0 -107 0 +58 0 *
Fa
0  1e-07 91 0

0101000
+51 0 *
Ed
 1e-07 1 1 0
1  209 0 -0.43867759898068 0.298135280123273
2  417 93 0 -0.43867759898068 0.298135280123273
2  418 92 0 -0.43867759898068 0.298135280123273
0

0101000
+96 0 -106 0 *
Ed
 1e-07 1 1 0
1  210 0 0 38.4
2  419 95 0 0 38.4
2  420 92 0 0 38.4
0

0101000
+96 0 -54 0 *
Wi

0101100
-49 0 +48 0 -105 0 +53 0 *
Fa
0  1e-07 92 0

0101000
+47 0 *
Wi

0101100
-99 0 +95 0 -103 0 +49 0 *
Fa
0  1e-07 93 0

0101000
+45 0 *
Ve
1e-07
54.7 23.7071067811866 34
0 0

0101101
*
Ed
 1e-07 1 1 0
1  211 0 0.207106781186538 0.500000000000004
2  421 96 2 0.207106781186538 0.500000000000004
2  422 94 0 0.207106781186538 0.500000000000004
0

0101000
+87 0 -43 0 *
Ed
 1e-07 1 1 0
1  212 0 -0.438677598980677 0.298135280123272
2  423 94 0 -0.438677598980677 0.298135280123272
2  424 100 0 -0.438677598980677 0.298135280123272
0

0101000
+94 0 -43 0 *
Wi

0101100
-85 0 +93 0 -42 0 +41 0 *
Fa
0  1e-07 94 0

0101000
+40 0 *
Ve
1e-07
55.2 61.9 33.5
0 0

0101101
*
Ed
 1e-07 1 1 0
1  213 0 0 38.4
2  425 95 0 0 38.4
2  426 100 0 0 38.4
0

0101000
+94 0 -38 0 *
Ed
 1e-07 1 1 0
1  214 0 0.5 31.9
2  427 95 0 0.5 31.9
2  428 99 0 0.5 31.9
0

0101000
+54 0 -38 0 *
Wi

0101100
+92 0 -48 0 +37 0 -36 0 *
Fa
0  1e-07 95 0

0101000
+35 0 *
Ve
1e-07
54.7 61.6928932188134 34
0 0

0101101
*
Ed
 1e-07 1 1 0
1  215 0 0.207106781186553 38.1928932188134
2  429 96 2 0.207106781186553 38.1928932188134
2  430 100 0 0.207106781186553 38.1928932188134
0

0101000
+43 0 -33 0 *
Ve
1e-07
2.30710678118654 61.9 34
0 0

0101101
*
Ed
 1e-07 1 1 0
1  216 0 0.207106781186554 0.499999999999989
2  431 96 2 0.207106781186554 0.499999999999989
2  432 97 0 0.207106781186554 0.499999999999989
0

0101000
+31 0 -74 0 *
Ve
1e-07
54.4928932188134 61.9 34
0 0

0101101
*
Ed
 1e-07 1 1 0
1  217 0 0.207106781186543 0.500000000000004
2  433 96 2 0.207106781186543 0.500000000000004
2  434 101 0 0.207106781186543 0.500000000000004
0

0101000
+33 0 -29 0 *
Ed
 1e-07 1 1 0
1  218 0 0.207106781186553 52.3928932188135
2  435 96 2 0.207106781186553 52.3928932188135
2  436 102 0 0.207106781186553 52.3928932188135
0

0101000
+29 0 -31 0 *
Wi

0101100
+86 0 +77 0 +42 0 +72 0 +32 0 +30 0 +28 0 +27 0 *
Fa
0  1e-07 96 0

0101000
+26 3 *
Ed
 1e-07 1 1 0
1  219 0 -7.7318251441728 -6.99501226506884
2  437 97 0 -7.7318251441728 -6.99501226506884
2  438 102 0 -7.7318251441728 -6.99501226506884
0

0101000
+68 0 -31 0 *
Wi

0101100
-24 0 +65 0 -30 0 +73 0 *
Fa
0  1e-07 97 0

0101000
+23 0 *
Ve
1e-07
54.7 62.4 33.5
0 0

0101101
*
Ed
 1e-07 1 1 0
1  220 0 0.5 31.9
2  439 99 0 0.5 31.9
2  440 98 0 0.5 31.9
0

0101000
+59 0 -21 0 *
Ed
 1e-07 1 1 0
1  221 0 0 52.6
2  441 102 0 0 52.6
2  442 98 0 0 52.6
0

0101000
+21 0 -68 0 *
Wi

0101100
+20 0 -57 0 +19 0 -67 0 *
Fa
0  1e-07 98 0

0101000
+18 0 *
Ed
 1e-07 1 1 0
1  222 0 0 0.707106781186548
2  443 101 0 0 0.707106781186548
2  444 99 0 0 0.707106781186548
0

0101000
+38 0 -21 0 *
Wi

0101100
+36 0 -52 0 +16 0 -20 0 *
Fa
0  1e-07 99 0

0101000
+15 0 *
Ed
 1e-07 1 1 0
1  223 0 -5.7361242163976 -4.99931133729366
2  445 100 0 -5.7361242163976 -4.99931133729366
2  446 101 0 -5.7361242163976 -4.99931133729366
0

0101000
+38 0 -33 0 *
Wi

0101100
-41 0 +37 0 -32 0 +13 0 *
Fa
0  1e-07 100 0

0101000
+12 0 *
Ed
 1e-07 1 1 0
1  224 0 -0.43867759898068 0.298135280123272
2  447 101 0 -0.43867759898068 0.298135280123272
2  448 102 0 -0.43867759898068 0.298135280123272
0

0101000
+21 0 -29 0 *
Wi

0101100
-13 0 +16 0 -28 0 +10 0 *
Fa
0  1e-07 101 0

0101000
+9 0 *
Wi

0101100
-10 0 +19 0 -27 0 +24 0 *
Fa
0  1e-07 102 0

0101000
+7 0 *
Sh

0101100
+247 0 +240 0 +233 0 -226 0 +219 0 +212 0 +207 0 -202 0 +191 0 +188 0 
-179 0 -176 0 +169 0 +166 0 -163 0 +156 0 +145 0 +142 0 +132 0 -130 0 
+127 0 +122 0 +115 0 +100 0 +97 0 +90 0 -83 0 +80 0 -75 0 -70 0 
+63 0 +60 0 +55 0 +50 0 +46 0 +44 0 -39 0 +34 0 -25 2 -22 0 
+17 0 +14 0 -11 0 -8 0 -6 0 *
So

0100000
+257 0 +5 0 *
Co

0100000
+4 0 *
Co

0100000
+3 0 *
Co

1100000
+2 0 *

+1 0 