[2026-09-16 14:19:22.058][INFO] STARTING CLASSCAD...
[2026-09-16 14:19:22.059][INFO] Current working directory  : /Users/dev/dev/awv/classcad
[2026-09-16 14:19:22.059][INFO] Config file: /Users/dev/dev/awv/classcad/.classcad.ini
[2026-09-16 14:19:22.059][INFO] Config file: /Users/dev/dev/awv/classcad/.classcad.ini
[2026-09-16 14:19:22.059][INFO] Config file: /Users/dev/dev/awv/classcad/.classcad.user.ini
[2026-09-16 14:19:22.059][INFO] Config file: /Users/dev/dev/awv/classcad-ai/workspace/training/2026-09-16_12-50-53_pvs-cavity-boolean/worker-smlib9.ini
[2026-09-16 14:19:22.059][INFO] Ensure CompressionService is loaded
[2026-09-16 14:19:22.059][INFO] Ensure JWTService is loaded
[2026-09-16 14:19:22.059][INFO] Run the command 'worker'
[2026-09-16 14:19:22.059][INFO] Current working directory  : /Users/dev/dev/awv/classcad
[2026-09-16 14:19:22.059][INFO] Executable | file name     : classcad-cli
[2026-09-16 14:19:22.059][INFO] Executable | file path     : /Users/dev/dev/awv/classcad/runtime/output/arm64-osx-clang/release/classcad-cli
[2026-09-16 14:19:22.059][INFO] Executable | directory     : /Users/dev/dev/awv/classcad/runtime/output/arm64-osx-clang/release
[2026-09-16 14:19:22.059][INFO] Config | verbose file name : /Users/dev/dev/awv/classcad-ai/workspace/training/2026-09-16_12-50-53_pvs-cavity-boolean/files/worker.log
[2026-09-16 14:19:22.059][INFO] Config | verbose level     : 16583
[2026-09-16 14:19:22.059][INFO] Config | log level         : debug
[2026-09-16 14:19:22.059][INFO] Config | data path         : ./data
[2026-09-16 14:19:22.059][INFO] Config | class path        : 
[2026-09-16 14:19:22.059][INFO] Config | classes system    : ./cclasses/Source;System;Common.*;BaseModeling.*;CAD;Sheet;
[2026-09-16 14:19:22.059][INFO] Config | classes user      : ./cclasses/Source/Tests;*;
[2026-09-16 14:19:22.059][INFO] Config | classes user      : ./standalone/t3d/Source;T3D.*;T3DSolidEditor.*;T3DSolidEditor;T3DTesting;GTC.*;ISO_Tool.*;ISOChecker.*;
[2026-09-16 14:19:22.059][INFO] Config | classes user      : ./cclasses/Source/FeatureModeler;*;
[2026-09-16 14:19:22.104][VERB] libSMLibService_9.x.dylib is loaded
[2026-09-16 14:19:22.106][VERB] libSMLibExpressService_9.x.dylib is loaded
[2026-09-16 14:19:22.107][VERB] libBrepSimplificationService_9.x.dylib is loaded
[2026-09-16 14:19:22.109][VERB] libECXMLService.dylib is loaded
[2026-09-16 14:19:22.109][VERB] libJWTService.dylib is loaded
[2026-09-16 14:19:22.109][VERB] libGenericService.dylib is loaded
[2026-09-16 14:19:22.111][VERB] libLGSService.dylib is loaded
[2026-09-16 14:19:22.112][VERB] libLGS3DService.dylib is loaded
[2026-09-16 14:19:22.115][VERB] libIDEConnectionService.dylib is loaded
[2026-09-16 14:19:22.115][VERB] libRapidXmlService.dylib is loaded
[2026-09-16 14:19:22.115][VERB] libNetworkService.dylib is loaded
[2026-09-16 14:19:22.116][VERB] libTestService.dylib is loaded
[2026-09-16 14:19:22.117][ERROR] The Service-DLL DxfService could not be loaded.
ErrorCode: dlopen(DxfServiced.dylib, 0x0001): tried: 'DxfServiced.dylib' (no such file), '/System/Volumes/Preboot/Cryptexes/OSDxfServiced.dylib' (no such file), '/Users/dev/dev/awv/classcad/runtime/output/arm64-osx-clang/release/DxfServiced.dylib' (no such file), '/Users/dev/dev/awv/classcad/runtime/output/arm64-osx-clang/release/DxfServiced.dylib' (no such file), '/usr/lib/DxfServiced.dylib' (no such file, not in dyld cache), 'DxfServiced.dylib' (no such file)
The service functions of this DLL are therefore not available.
[2026-09-16 14:19:22.117][VERB] libCryptoRtService.dylib is loaded
[2026-09-16 14:19:22.118][ERROR] The Service-DLL CryptoDevService could not be loaded.
ErrorCode: dlopen(CryptoDevServiced.dylib, 0x0001): tried: 'CryptoDevServiced.dylib' (no such file), '/System/Volumes/Preboot/Cryptexes/OSCryptoDevServiced.dylib' (no such file), '/Users/dev/dev/awv/classcad/runtime/output/arm64-osx-clang/release/CryptoDevServiced.dylib' (no such file), '/Users/dev/dev/awv/classcad/runtime/output/arm64-osx-clang/release/CryptoDevServiced.dylib' (no such file), '/usr/lib/CryptoDevServiced.dylib' (no such file, not in dyld cache), 'CryptoDevServiced.dylib' (no such file)
The service functions of this DLL are therefore not available.
[2026-09-16 14:19:22.130][WARN] Path does not exist '/Users/dev/dev/awv/classcad/standalone/t3d/Source'. It is defined for class path 't3d'.
[2026-09-16 14:19:22.131][INFO] Load classes for 'system' from '/Users/dev/dev/awv/classcad/cclasses/Source'
[2026-09-16 14:19:22.291][INFO] Load classes for 'tests' from '/Users/dev/dev/awv/classcad/cclasses/Source/Tests'
[2026-09-16 14:19:22.388][INFO] Load classes for 't3d' from '/Users/dev/dev/awv/classcad/standalone/t3d/Source'
[2026-09-16 14:19:22.388][WARN] Tried to load from invalid class path 't3d'
[2026-09-16 14:19:22.388][INFO] Load classes for 'fm' from '/Users/dev/dev/awv/classcad/cclasses/Source/FeatureModeler'
[2026-09-16 14:19:22.405][VERB] 0x7ca9033480 Create Zeichnung
[2026-09-16 14:19:22.405][VERB] 0x7ca9033480 SetZeichnung
[2026-09-16 14:19:22.405][VERB] Grundklasse::InitApplication was successful.
[2026-09-16 14:19:22.406][VERB] [info] Initializing BaseModelerApp
[2026-09-16 14:19:22.406][VERB] Change application string/text encoding to UTF-8
[2026-09-16 14:19:22.406][VERB] [info] Developer mode is active
[2026-09-16 14:19:22.406][VERB] [info] Initializing BuerliDemoApp
[2026-09-16 14:19:22.406][VERB] API v0/common already registered!
[2026-09-16 14:19:22.407][VERB] API v0/basemodeler already registered!
[2026-09-16 14:19:22.407][VERB] Registered API's:
[2026-09-16 14:19:22.407][VERB]   v0
[2026-09-16 14:19:22.407][VERB]     assemblybuilder
[2026-09-16 14:19:22.407][VERB]     basemodeler
[2026-09-16 14:19:22.407][VERB]     common
[2026-09-16 14:19:22.407][VERB]     developer
[2026-09-16 14:19:22.407][VERB]     drawing2d
[2026-09-16 14:19:22.407][VERB]     feature
[2026-09-16 14:19:22.407][VERB]     geometry
[2026-09-16 14:19:22.407][VERB]     geometryformatconverter
[2026-09-16 14:19:22.407][VERB]     network
[2026-09-16 14:19:22.407][VERB]     sketcher
[2026-09-16 14:19:22.407][VERB]     solid
[2026-09-16 14:19:22.407][VERB]     tooling
[2026-09-16 14:19:22.407][VERB]   v1
[2026-09-16 14:19:22.407][VERB]     assembly
[2026-09-16 14:19:22.407][VERB]     brep
[2026-09-16 14:19:22.407][VERB]     common
[2026-09-16 14:19:22.407][VERB]     curve
[2026-09-16 14:19:22.407][VERB]     drawing2d
[2026-09-16 14:19:22.407][VERB]     part
[2026-09-16 14:19:22.407][VERB]     script
[2026-09-16 14:19:22.407][VERB]     sketch
[2026-09-16 14:19:22.407][VERB]     solid
[2026-09-16 14:19:22.408][VERB]     utils
[2026-09-16 14:19:22.408][VERB] 0x7ca9033900 Create Zeichnung
[2026-09-16 14:19:22.408][VERB] 0x7ca9033900 SetZeichnung
[2026-09-16 14:19:22.408][INFO] WorkerCommandCompletion: 824 completion candidates built
[2026-09-16 14:19:22.409][INFO] Server start listen on 0.0.0.0:19094 for http and ws connections
[2026-09-16 14:19:22.409][INFO] Server start listen on 0.0.0.0:19095 for https and wss connections
[2026-09-16 14:19:22.545][INFO] GET /
[2026-09-16 14:19:22.545][VERB] 0x7ca9033000 Create Zeichnung
[2026-09-16 14:19:22.545][INFO] WS handleNewConnection: created main session="a4a7e8da-171f-49f8-98bd-42d2bfb589d9"
[2026-09-16 14:19:22.547][INFO] GET /
[2026-09-16 14:19:22.547][VERB] 0x7ca9033600 Create Zeichnung
[2026-09-16 14:19:22.547][INFO] WS handleNewConnection: created main session="150d1762-e47f-4db4-aa69-7181bd5f21b2"
[2026-09-16 14:19:22.556][VERB] 0x7ca9033600 SetZeichnung
[2026-09-16 14:19:22.556][VERB] COMMANDCALL: _C.SafeAPI.Execute(["v1.part.create",[{"name":"Upper_shell"}]])
[2026-09-16 14:19:22.571][VERB] RETURN: {"result":"$4"}
[2026-09-16 14:19:22.597][VERB] COMMANDCALL: _C.SafeAPI.Execute(["v1.part.expression",[{"toCreate":[{"value":11,"name":"eye_offset_y"},{"value":8,"name":"eye_offset_z"},{"value":28.5,"name":"driver_1"},{"value":1.6,"name":"hub_2"},{"value":2.54,"name":"perf_pitch"},{"value":4.22,"name":"perf_origin_0"},{"value":25.22,"name":" ...
[2026-09-16 14:19:22.721][VERB] RETURN: {"result":1}
[2026-09-16 14:19:22.723][VERB] COMMANDCALL: _C.SafeAPI.Execute(["v1.part.getWorkGeometry",[{"name":"XAxis","id":4}]])
[2026-09-16 14:19:22.723][VERB] RETURN: {"result":"$26"}
[2026-09-16 14:19:22.724][VERB] COMMANDCALL: _C.SafeAPI.Execute(["v1.part.getWorkGeometry",[{"name":"YAxis","id":4}]])
[2026-09-16 14:19:22.724][VERB] RETURN: {"result":"$30"}
[2026-09-16 14:19:22.724][VERB] COMMANDCALL: _C.SafeAPI.Execute(["v1.part.getWorkGeometry",[{"name":"ZAxis","id":4}]])
[2026-09-16 14:19:22.724][VERB] RETURN: {"result":"$34"}
[2026-09-16 14:19:22.725][VERB] COMMANDCALL: _C.SafeAPI.Execute(["v1.part.getWorkGeometry",[{"name":"Top","id":4}]])
[2026-09-16 14:19:22.725][VERB] RETURN: {"result":"$38"}
[2026-09-16 14:19:22.725][VERB] COMMANDCALL: _C.SafeAPI.Execute(["v1.part.getWorkGeometry",[{"name":"Front","id":4}]])
[2026-09-16 14:19:22.725][VERB] RETURN: {"result":"$42"}
[2026-09-16 14:19:22.726][VERB] COMMANDCALL: _C.SafeAPI.Execute(["v1.part.getWorkGeometry",[{"name":"Right","id":4}]])
[2026-09-16 14:19:22.726][VERB] RETURN: {"result":"$46"}
[2026-09-16 14:19:22.727][VERB] COMMANDCALL: _C.SafeAPI.Execute(["v1.part.workPlane",[{"type":"PLANE","references":[38],"name":"F47_makeBox_cad_primitives_py_8_plane","offset":"@expr.d48_plane_offset","id":4}]])
[2026-09-16 14:19:22.731][VERB] RETURN: {"result":"$56"}
[2026-09-16 14:19:22.732][VERB] COMMANDCALL: _C.SafeAPI.Execute(["v1.sketch.create",[{"planeId":56,"name":"F47_makeBox_cad_primitives_py_8_profile","id":4}]])
[2026-09-16 14:19:22.736][VERB] RETURN: {"result":"$62"}
[2026-09-16 14:19:22.737][VERB] COMMANDCALL: _C.SafeAPI.Execute(["v1.sketch.rectangle",[{"startPos":[1.4,-1.3,0],"id":62,"genFixation":0,"endPos":[52.4,27.3,0]}]])
[2026-09-16 14:19:22.746][VERB] RETURN: {"result":["$68","$72","$78","$84"]}
[2026-09-16 14:19:22.747][VERB] COMMANDCALL: _C.SafeAPI.Execute(["v1.sketch.getPoints",[{"id":68}]])
[2026-09-16 14:19:22.747][VERB] RETURN: {"result":{"endId":"$70","startId":"$69"}}
[2026-09-16 14:19:22.747][VERB] COMMANDCALL: _C.SafeAPI.Execute(["v1.sketch.point",[{"pos":[-1000,-1000,0],"id":62}]])
[2026-09-16 14:19:22.749][VERB] RETURN: {"result":"$100"}
[2026-09-16 14:19:22.750][VERB] COMMANDCALL: _C.SafeAPI.Execute(["v1.sketch.constraint",[{"type":"FIXATION","id":62,"geomIds":[100]}]])
[2026-09-16 14:19:22.752][VERB] RETURN: {"result":"$102"}
[2026-09-16 14:19:22.753][VERB] COMMANDCALL: _C.SafeAPI.Execute(["v1.sketch.dimension",[{"type":"HORIZONTAL_DISTANCE","value":"@expr.d49_position_x","name":"position_x","id":62,"geomIds":[100,69]}]])
[2026-09-16 14:19:22.763][VERB] RETURN: {"result":"$106"}
[2026-09-16 14:19:22.763][VERB] COMMANDCALL: _C.SafeAPI.Execute(["v1.sketch.dimension",[{"type":"VERTICAL_DISTANCE","value":"@expr.d50_position_y","name":"position_y","id":62,"geomIds":[100,69]}]])
[2026-09-16 14:19:22.771][VERB] RETURN: {"result":"$110"}
[2026-09-16 14:19:22.771][VERB] COMMANDCALL: _C.SafeAPI.Execute(["v1.sketch.dimension",[{"type":"OFFSET","value":"@expr.d51_width","name":"width","id":62,"geomIds":[68]}]])
[2026-09-16 14:19:22.779][VERB] RETURN: {"result":"$114"}
[2026-09-16 14:19:22.780][VERB] COMMANDCALL: _C.SafeAPI.Execute(["v1.sketch.dimension",[{"type":"OFFSET","value":"@expr.d52_depth","name":"depth","id":62,"geomIds":[72]}]])
[2026-09-16 14:19:22.788][VERB] RETURN: {"result":"$118"}
[2026-09-16 14:19:22.792][VERB] COMMANDCALL: _C.SafeAPI.Execute(["v1.part.extrusion",[{"references":[68,72,78,84],"name":"F47_makeBox_cad_primitives_py_8","taperAngle":0,"limit2":"@expr.d53_height","id":4}]])
[2026-09-16 14:19:22.799][VERB] RETURN: {"result":"$122"}
[2026-09-16 14:19:22.799][VERB] COMMANDCALL: _C.SafeAPI.Execute(["v1.part.workPlane",[{"type":"PLANE","references":[38],"name":"F54_makeBox_cad_primitives_py_8_plane","offset":"@expr.d55_plane_offset","id":4}]])
[2026-09-16 14:19:22.804][VERB] RETURN: {"result":"$165"}
[2026-09-16 14:19:22.804][VERB] COMMANDCALL: _C.SafeAPI.Execute(["v1.sketch.create",[{"planeId":165,"name":"F54_makeBox_cad_primitives_py_8_profile","id":4}]])
[2026-09-16 14:19:22.807][VERB] RETURN: {"result":"$171"}
[2026-09-16 14:19:22.807][VERB] COMMANDCALL: _C.SafeAPI.Execute(["v1.sketch.rectangle",[{"startPos":[-1.3,1.4,0],"id":171,"genFixation":0,"endPos":[55.1,24.6,0]}]])
[2026-09-16 14:19:22.814][VERB] RETURN: {"result":["$177","$181","$187","$193"]}
[2026-09-16 14:19:22.814][VERB] COMMANDCALL: _C.SafeAPI.Execute(["v1.sketch.getPoints",[{"id":177}]])
[2026-09-16 14:19:22.814][VERB] RETURN: {"result":{"endId":"$179","startId":"$178"}}
[2026-09-16 14:19:22.814][VERB] COMMANDCALL: _C.SafeAPI.Execute(["v1.sketch.point",[{"pos":[-1000,-1000,0],"id":171}]])
[2026-09-16 14:19:22.817][VERB] RETURN: {"result":"$209"}
[2026-09-16 14:19:22.817][VERB] COMMANDCALL: _C.SafeAPI.Execute(["v1.sketch.constraint",[{"type":"FIXATION","id":171,"geomIds":[209]}]])
[2026-09-16 14:19:22.819][VERB] RETURN: {"result":"$211"}
[2026-09-16 14:19:22.820][VERB] COMMANDCALL: _C.SafeAPI.Execute(["v1.sketch.dimension",[{"type":"HORIZONTAL_DISTANCE","value":"@expr.d56_position_x","name":"position_x","id":171,"geomIds":[209,178]}]])
[2026-09-16 14:19:22.826][VERB] RETURN: {"result":"$215"}
[2026-09-16 14:19:22.827][VERB] COMMANDCALL: _C.SafeAPI.Execute(["v1.sketch.dimension",[{"type":"VERTICAL_DISTANCE","value":"@expr.d57_position_y","name":"position_y","id":171,"geomIds":[209,178]}]])
[2026-09-16 14:19:22.833][VERB] RETURN: {"result":"$219"}
[2026-09-16 14:19:22.834][VERB] COMMANDCALL: _C.SafeAPI.Execute(["v1.sketch.dimension",[{"type":"OFFSET","value":"@expr.d58_width","name":"width","id":171,"geomIds":[177]}]])
[2026-09-16 14:19:22.841][VERB] RETURN: {"result":"$223"}
[2026-09-16 14:19:22.842][VERB] COMMANDCALL: _C.SafeAPI.Execute(["v1.sketch.dimension",[{"type":"OFFSET","value":"@expr.d59_depth","name":"depth","id":171,"geomIds":[181]}]])
[2026-09-16 14:19:22.851][VERB] RETURN: {"result":"$227"}
[2026-09-16 14:19:22.852][VERB] COMMANDCALL: _C.SafeAPI.Execute(["v1.part.extrusion",[{"references":[177,181,187,193],"name":"F54_makeBox_cad_primitives_py_8","taperAngle":0,"limit2":"@expr.d60_height","id":4}]])
[2026-09-16 14:19:22.858][VERB] RETURN: {"result":"$231"}
[2026-09-16 14:19:22.859][VERB] COMMANDCALL: _C.SafeAPI.Execute(["v1.part.workPlane",[{"type":"PLANE","references":[38],"name":"F61_makeCylinder_cad_primitives_py_12_plane","offset":"@expr.d62_plane_offset","id":4}]])
[2026-09-16 14:19:22.862][VERB] RETURN: {"result":"$274"}
[2026-09-16 14:19:22.863][VERB] COMMANDCALL: _C.SafeAPI.Execute(["v1.sketch.create",[{"planeId":274,"name":"F61_makeCylinder_cad_primitives_py_12_profile","id":4}]])
[2026-09-16 14:19:22.865][VERB] RETURN: {"result":"$280"}
[2026-09-16 14:19:22.865][VERB] COMMANDCALL: _C.SafeAPI.Execute(["v1.sketch.circle",[{"radius":2.7,"id":280,"genFixation":0,"centerPos":[1.4,1.4,0]}]])
[2026-09-16 14:19:22.867][VERB] RETURN: {"result":"$286"}
[2026-09-16 14:19:22.867][VERB] COMMANDCALL: _C.SafeAPI.Execute(["v1.sketch.getPoints",[{"id":286}]])
[2026-09-16 14:19:22.868][VERB] RETURN: {"result":{"centerId":"$287"}}
[2026-09-16 14:19:22.868][VERB] COMMANDCALL: _C.SafeAPI.Execute(["v1.sketch.point",[{"pos":[-1000,-1000,0],"id":280}]])
[2026-09-16 14:19:22.869][VERB] RETURN: {"result":"$289"}
[2026-09-16 14:19:22.869][VERB] COMMANDCALL: _C.SafeAPI.Execute(["v1.sketch.constraint",[{"type":"FIXATION","id":280,"geomIds":[289]}]])
[2026-09-16 14:19:22.871][VERB] RETURN: {"result":"$291"}
[2026-09-16 14:19:22.871][VERB] COMMANDCALL: _C.SafeAPI.Execute(["v1.sketch.dimension",[{"type":"HORIZONTAL_DISTANCE","value":"@expr.d63_position_x","name":"position_x","id":280,"geomIds":[289,287]}]])
[2026-09-16 14:19:22.876][VERB] RETURN: {"result":"$295"}
[2026-09-16 14:19:22.876][VERB] COMMANDCALL: _C.SafeAPI.Execute(["v1.sketch.dimension",[{"type":"VERTICAL_DISTANCE","value":"@expr.d64_position_y","name":"position_y","id":280,"geomIds":[289,287]}]])
[2026-09-16 14:19:22.882][VERB] RETURN: {"result":"$299"}
[2026-09-16 14:19:22.882][VERB] COMMANDCALL: _C.SafeAPI.Execute(["v1.sketch.dimension",[{"type":"RADIUS","value":"@expr.d65_radius","name":"radius","id":280,"geomIds":[286]}]])
[2026-09-16 14:19:22.889][VERB] RETURN: {"result":"$303"}
[2026-09-16 14:19:22.890][VERB] COMMANDCALL: _C.SafeAPI.Execute(["v1.part.extrusion",[{"references":[286],"name":"F61_makeCylinder_cad_primitives_py_12","taperAngle":0,"limit2":"@expr.d66_height","id":4}]])
[2026-09-16 14:19:22.896][VERB] RETURN: {"result":"$307"}
[2026-09-16 14:19:22.897][VERB] COMMANDCALL: _C.SafeAPI.Execute(["v1.part.workPlane",[{"type":"PLANE","references":[38],"name":"F67_makeCylinder_cad_primitives_py_12_plane","offset":"@expr.d68_plane_offset","id":4}]])
[2026-09-16 14:19:22.900][VERB] RETURN: {"result":"$329"}
[2026-09-16 14:19:22.901][VERB] COMMANDCALL: _C.SafeAPI.Execute(["v1.sketch.create",[{"planeId":329,"name":"F67_makeCylinder_cad_primitives_py_12_profile","id":4}]])
[2026-09-16 14:19:22.903][VERB] RETURN: {"result":"$335"}
[2026-09-16 14:19:22.904][VERB] COMMANDCALL: _C.SafeAPI.Execute(["v1.sketch.circle",[{"radius":2.7,"id":335,"genFixation":0,"centerPos":[1.4,24.6,0]}]])
[2026-09-16 14:19:22.905][VERB] RETURN: {"result":"$341"}
[2026-09-16 14:19:22.906][VERB] COMMANDCALL: _C.SafeAPI.Execute(["v1.sketch.getPoints",[{"id":341}]])
[2026-09-16 14:19:22.906][VERB] RETURN: {"result":{"centerId":"$342"}}
[2026-09-16 14:19:22.906][VERB] COMMANDCALL: _C.SafeAPI.Execute(["v1.sketch.point",[{"pos":[-1000,-1000,0],"id":335}]])
[2026-09-16 14:19:22.907][VERB] RETURN: {"result":"$344"}
[2026-09-16 14:19:22.907][VERB] COMMANDCALL: _C.SafeAPI.Execute(["v1.sketch.constraint",[{"type":"FIXATION","id":335,"geomIds":[344]}]])
[2026-09-16 14:19:22.908][VERB] RETURN: {"result":"$346"}
[2026-09-16 14:19:22.908][VERB] COMMANDCALL: _C.SafeAPI.Execute(["v1.sketch.dimension",[{"type":"HORIZONTAL_DISTANCE","value":"@expr.d69_position_x","name":"position_x","id":335,"geomIds":[344,342]}]])
[2026-09-16 14:19:22.913][VERB] RETURN: {"result":"$350"}
[2026-09-16 14:19:22.914][VERB] COMMANDCALL: _C.SafeAPI.Execute(["v1.sketch.dimension",[{"type":"VERTICAL_DISTANCE","value":"@expr.d70_position_y","name":"position_y","id":335,"geomIds":[344,342]}]])
[2026-09-16 14:19:22.920][VERB] RETURN: {"result":"$354"}
[2026-09-16 14:19:22.920][VERB] COMMANDCALL: _C.SafeAPI.Execute(["v1.sketch.dimension",[{"type":"RADIUS","value":"@expr.d71_radius","name":"radius","id":335,"geomIds":[341]}]])
[2026-09-16 14:19:22.926][VERB] RETURN: {"result":"$358"}
[2026-09-16 14:19:22.927][VERB] COMMANDCALL: _C.SafeAPI.Execute(["v1.part.extrusion",[{"references":[341],"name":"F67_makeCylinder_cad_primitives_py_12","taperAngle":0,"limit2":"@expr.d72_height","id":4}]])
[2026-09-16 14:19:22.932][VERB] RETURN: {"result":"$362"}
[2026-09-16 14:19:22.933][VERB] COMMANDCALL: _C.SafeAPI.Execute(["v1.part.workPlane",[{"type":"PLANE","references":[38],"name":"F73_makeCylinder_cad_primitives_py_12_plane","offset":"@expr.d74_plane_offset","id":4}]])
[2026-09-16 14:19:22.937][VERB] RETURN: {"result":"$384"}
[2026-09-16 14:19:22.938][VERB] COMMANDCALL: _C.SafeAPI.Execute(["v1.sketch.create",[{"planeId":384,"name":"F73_makeCylinder_cad_primitives_py_12_profile","id":4}]])
[2026-09-16 14:19:22.940][VERB] RETURN: {"result":"$390"}
[2026-09-16 14:19:22.940][VERB] COMMANDCALL: _C.SafeAPI.Execute(["v1.sketch.circle",[{"radius":2.7,"id":390,"genFixation":0,"centerPos":[52.4,1.4,0]}]])
[2026-09-16 14:19:22.942][VERB] RETURN: {"result":"$396"}
[2026-09-16 14:19:22.942][VERB] COMMANDCALL: _C.SafeAPI.Execute(["v1.sketch.getPoints",[{"id":396}]])
[2026-09-16 14:19:22.942][VERB] RETURN: {"result":{"centerId":"$397"}}
[2026-09-16 14:19:22.942][VERB] COMMANDCALL: _C.SafeAPI.Execute(["v1.sketch.point",[{"pos":[-1000,-1000,0],"id":390}]])
[2026-09-16 14:19:22.943][VERB] RETURN: {"result":"$399"}
[2026-09-16 14:19:22.944][VERB] COMMANDCALL: _C.SafeAPI.Execute(["v1.sketch.constraint",[{"type":"FIXATION","id":390,"geomIds":[399]}]])
[2026-09-16 14:19:22.945][VERB] RETURN: {"result":"$401"}
[2026-09-16 14:19:22.945][VERB] COMMANDCALL: _C.SafeAPI.Execute(["v1.sketch.dimension",[{"type":"HORIZONTAL_DISTANCE","value":"@expr.d75_position_x","name":"position_x","id":390,"geomIds":[399,397]}]])
[2026-09-16 14:19:22.949][VERB] RETURN: {"result":"$405"}
[2026-09-16 14:19:22.949][VERB] COMMANDCALL: _C.SafeAPI.Execute(["v1.sketch.dimension",[{"type":"VERTICAL_DISTANCE","value":"@expr.d76_position_y","name":"position_y","id":390,"geomIds":[399,397]}]])
[2026-09-16 14:19:22.955][VERB] RETURN: {"result":"$409"}
[2026-09-16 14:19:22.955][VERB] COMMANDCALL: _C.SafeAPI.Execute(["v1.sketch.dimension",[{"type":"RADIUS","value":"@expr.d77_radius","name":"radius","id":390,"geomIds":[396]}]])
[2026-09-16 14:19:22.960][VERB] RETURN: {"result":"$413"}
[2026-09-16 14:19:22.961][VERB] COMMANDCALL: _C.SafeAPI.Execute(["v1.part.extrusion",[{"references":[396],"name":"F73_makeCylinder_cad_primitives_py_12","taperAngle":0,"limit2":"@expr.d78_height","id":4}]])
[2026-09-16 14:19:22.966][VERB] RETURN: {"result":"$417"}
[2026-09-16 14:19:22.966][VERB] COMMANDCALL: _C.SafeAPI.Execute(["v1.part.workPlane",[{"type":"PLANE","references":[38],"name":"F79_makeCylinder_cad_primitives_py_12_plane","offset":"@expr.d80_plane_offset","id":4}]])
[2026-09-16 14:19:22.970][VERB] RETURN: {"result":"$439"}
[2026-09-16 14:19:22.970][VERB] COMMANDCALL: _C.SafeAPI.Execute(["v1.sketch.create",[{"planeId":439,"name":"F79_makeCylinder_cad_primitives_py_12_profile","id":4}]])
[2026-09-16 14:19:22.972][VERB] RETURN: {"result":"$445"}
[2026-09-16 14:19:22.973][VERB] COMMANDCALL: _C.SafeAPI.Execute(["v1.sketch.circle",[{"radius":2.7,"id":445,"genFixation":0,"centerPos":[52.4,24.6,0]}]])
[2026-09-16 14:19:22.974][VERB] RETURN: {"result":"$451"}
[2026-09-16 14:19:22.974][VERB] COMMANDCALL: _C.SafeAPI.Execute(["v1.sketch.getPoints",[{"id":451}]])
[2026-09-16 14:19:22.974][VERB] RETURN: {"result":{"centerId":"$452"}}
[2026-09-16 14:19:22.974][VERB] COMMANDCALL: _C.SafeAPI.Execute(["v1.sketch.point",[{"pos":[-1000,-1000,0],"id":445}]])
[2026-09-16 14:19:22.975][VERB] RETURN: {"result":"$454"}
[2026-09-16 14:19:22.975][VERB] COMMANDCALL: _C.SafeAPI.Execute(["v1.sketch.constraint",[{"type":"FIXATION","id":445,"geomIds":[454]}]])
[2026-09-16 14:19:22.976][VERB] RETURN: {"result":"$456"}
[2026-09-16 14:19:22.977][VERB] COMMANDCALL: _C.SafeAPI.Execute(["v1.sketch.dimension",[{"type":"HORIZONTAL_DISTANCE","value":"@expr.d81_position_x","name":"position_x","id":445,"geomIds":[454,452]}]])
[2026-09-16 14:19:22.981][VERB] RETURN: {"result":"$460"}
[2026-09-16 14:19:22.981][VERB] COMMANDCALL: _C.SafeAPI.Execute(["v1.sketch.dimension",[{"type":"VERTICAL_DISTANCE","value":"@expr.d82_position_y","name":"position_y","id":445,"geomIds":[454,452]}]])
[2026-09-16 14:19:22.987][VERB] RETURN: {"result":"$464"}
[2026-09-16 14:19:22.987][VERB] COMMANDCALL: _C.SafeAPI.Execute(["v1.sketch.dimension",[{"type":"RADIUS","value":"@expr.d83_radius","name":"radius","id":445,"geomIds":[451]}]])
[2026-09-16 14:19:22.992][VERB] RETURN: {"result":"$468"}
[2026-09-16 14:19:22.992][VERB] COMMANDCALL: _C.SafeAPI.Execute(["v1.part.extrusion",[{"references":[451],"name":"F79_makeCylinder_cad_primitives_py_12","taperAngle":0,"limit2":"@expr.d84_height","id":4}]])
[2026-09-16 14:19:22.998][VERB] RETURN: {"result":"$472"}
[2026-09-16 14:19:22.998][VERB] COMMANDCALL: _C.SafeAPI.Execute(["v1.part.workPlane",[{"type":"PLANE","references":[38],"name":"F85_makeBox_cad_primitives_py_8_plane","offset":"@expr.d86_plane_offset","id":4}]])
[2026-09-16 14:19:23.001][VERB] RETURN: {"result":"$494"}
[2026-09-16 14:19:23.002][VERB] COMMANDCALL: _C.SafeAPI.Execute(["v1.sketch.create",[{"planeId":494,"name":"F85_makeBox_cad_primitives_py_8_profile","id":4}]])
[2026-09-16 14:19:23.004][VERB] RETURN: {"result":"$500"}
[2026-09-16 14:19:23.004][VERB] COMMANDCALL: _C.SafeAPI.Execute(["v1.sketch.rectangle",[{"startPos":[1.4,20.1,0],"id":500,"genFixation":0,"endPos":[56.4,65.9,0]}]])
[2026-09-16 14:19:23.011][VERB] RETURN: {"result":["$506","$510","$516","$522"]}
[2026-09-16 14:19:23.011][VERB] COMMANDCALL: _C.SafeAPI.Execute(["v1.sketch.getPoints",[{"id":506}]])
[2026-09-16 14:19:23.011][VERB] RETURN: {"result":{"endId":"$508","startId":"$507"}}
[2026-09-16 14:19:23.011][VERB] COMMANDCALL: _C.SafeAPI.Execute(["v1.sketch.point",[{"pos":[-1000,-1000,0],"id":500}]])
[2026-09-16 14:19:23.013][VERB] RETURN: {"result":"$538"}
[2026-09-16 14:19:23.013][VERB] COMMANDCALL: _C.SafeAPI.Execute(["v1.sketch.constraint",[{"type":"FIXATION","id":500,"geomIds":[538]}]])
[2026-09-16 14:19:23.015][VERB] RETURN: {"result":"$540"}
[2026-09-16 14:19:23.015][VERB] COMMANDCALL: _C.SafeAPI.Execute(["v1.sketch.dimension",[{"type":"HORIZONTAL_DISTANCE","value":"@expr.d87_position_x","name":"position_x","id":500,"geomIds":[538,507]}]])
[2026-09-16 14:19:23.020][VERB] RETURN: {"result":"$544"}
[2026-09-16 14:19:23.021][VERB] COMMANDCALL: _C.SafeAPI.Execute(["v1.sketch.dimension",[{"type":"VERTICAL_DISTANCE","value":"@expr.d88_position_y","name":"position_y","id":500,"geomIds":[538,507]}]])
[2026-09-16 14:19:23.027][VERB] RETURN: {"result":"$548"}
[2026-09-16 14:19:23.027][VERB] COMMANDCALL: _C.SafeAPI.Execute(["v1.sketch.dimension",[{"type":"OFFSET","value":"@expr.d89_width","name":"width","id":500,"geomIds":[506]}]])
[2026-09-16 14:19:23.034][VERB] RETURN: {"result":"$552"}
[2026-09-16 14:19:23.035][VERB] COMMANDCALL: _C.SafeAPI.Execute(["v1.sketch.dimension",[{"type":"OFFSET","value":"@expr.d90_depth","name":"depth","id":500,"geomIds":[510]}]])
[2026-09-16 14:19:23.042][VERB] RETURN: {"result":"$556"}
[2026-09-16 14:19:23.043][VERB] COMMANDCALL: _C.SafeAPI.Execute(["v1.part.extrusion",[{"references":[506,510,516,522],"name":"F85_makeBox_cad_primitives_py_8","taperAngle":0,"limit2":"@expr.d91_height","id":4}]])
[2026-09-16 14:19:23.048][VERB] RETURN: {"result":"$560"}
[2026-09-16 14:19:23.048][VERB] COMMANDCALL: _C.SafeAPI.Execute(["v1.part.workPlane",[{"type":"PLANE","references":[38],"name":"F92_makeBox_cad_primitives_py_8_plane","offset":"@expr.d93_plane_offset","id":4}]])
[2026-09-16 14:19:23.052][VERB] RETURN: {"result":"$603"}
[2026-09-16 14:19:23.052][VERB] COMMANDCALL: _C.SafeAPI.Execute(["v1.sketch.create",[{"planeId":603,"name":"F92_makeBox_cad_primitives_py_8_profile","id":4}]])
[2026-09-16 14:19:23.054][VERB] RETURN: {"result":"$609"}
[2026-09-16 14:19:23.054][VERB] COMMANDCALL: _C.SafeAPI.Execute(["v1.sketch.rectangle",[{"startPos":[-1.3,22.8,0],"id":609,"genFixation":0,"endPos":[59.1,63.2,0]}]])
[2026-09-16 14:19:23.061][VERB] RETURN: {"result":["$615","$619","$625","$631"]}
[2026-09-16 14:19:23.061][VERB] COMMANDCALL: _C.SafeAPI.Execute(["v1.sketch.getPoints",[{"id":615}]])
[2026-09-16 14:19:23.061][VERB] RETURN: {"result":{"endId":"$617","startId":"$616"}}
[2026-09-16 14:19:23.061][VERB] COMMANDCALL: _C.SafeAPI.Execute(["v1.sketch.point",[{"pos":[-1000,-1000,0],"id":609}]])
[2026-09-16 14:19:23.063][VERB] RETURN: {"result":"$647"}
[2026-09-16 14:19:23.063][VERB] COMMANDCALL: _C.SafeAPI.Execute(["v1.sketch.constraint",[{"type":"FIXATION","id":609,"geomIds":[647]}]])
[2026-09-16 14:19:23.065][VERB] RETURN: {"result":"$649"}
[2026-09-16 14:19:23.065][VERB] COMMANDCALL: _C.SafeAPI.Execute(["v1.sketch.dimension",[{"type":"HORIZONTAL_DISTANCE","value":"@expr.d94_position_x","name":"position_x","id":609,"geomIds":[647,616]}]])
[2026-09-16 14:19:23.071][VERB] RETURN: {"result":"$653"}
[2026-09-16 14:19:23.072][VERB] COMMANDCALL: _C.SafeAPI.Execute(["v1.sketch.dimension",[{"type":"VERTICAL_DISTANCE","value":"@expr.d95_position_y","name":"position_y","id":609,"geomIds":[647,616]}]])
[2026-09-16 14:19:23.079][VERB] RETURN: {"result":"$657"}
[2026-09-16 14:19:23.079][VERB] COMMANDCALL: _C.SafeAPI.Execute(["v1.sketch.dimension",[{"type":"OFFSET","value":"@expr.d96_width","name":"width","id":609,"geomIds":[615]}]])
[2026-09-16 14:19:23.086][VERB] RETURN: {"result":"$661"}
[2026-09-16 14:19:23.087][VERB] COMMANDCALL: _C.SafeAPI.Execute(["v1.sketch.dimension",[{"type":"OFFSET","value":"@expr.d97_depth","name":"depth","id":609,"geomIds":[619]}]])
[2026-09-16 14:19:23.094][VERB] RETURN: {"result":"$665"}
[2026-09-16 14:19:23.095][VERB] COMMANDCALL: _C.SafeAPI.Execute(["v1.part.extrusion",[{"references":[615,619,625,631],"name":"F92_makeBox_cad_primitives_py_8","taperAngle":0,"limit2":"@expr.d98_height","id":4}]])
[2026-09-16 14:19:23.100][VERB] RETURN: {"result":"$669"}
[2026-09-16 14:19:23.100][VERB] COMMANDCALL: _C.SafeAPI.Execute(["v1.part.workPlane",[{"type":"PLANE","references":[38],"name":"F99_makeCylinder_cad_primitives_py_12_plane","offset":"@expr.d100_plane_offset","id":4}]])
[2026-09-16 14:19:23.104][VERB] RETURN: {"result":"$712"}
[2026-09-16 14:19:23.104][VERB] COMMANDCALL: _C.SafeAPI.Execute(["v1.sketch.create",[{"planeId":712,"name":"F99_makeCylinder_cad_primitives_py_12_profile","id":4}]])
[2026-09-16 14:19:23.106][VERB] RETURN: {"result":"$718"}
[2026-09-16 14:19:23.106][VERB] COMMANDCALL: _C.SafeAPI.Execute(["v1.sketch.circle",[{"radius":2.7,"id":718,"genFixation":0,"centerPos":[1.4,22.8,0]}]])
[2026-09-16 14:19:23.107][VERB] RETURN: {"result":"$724"}
[2026-09-16 14:19:23.107][VERB] COMMANDCALL: _C.SafeAPI.Execute(["v1.sketch.getPoints",[{"id":724}]])
[2026-09-16 14:19:23.108][VERB] RETURN: {"result":{"centerId":"$725"}}
[2026-09-16 14:19:23.108][VERB] COMMANDCALL: _C.SafeAPI.Execute(["v1.sketch.point",[{"pos":[-1000,-1000,0],"id":718}]])
[2026-09-16 14:19:23.109][VERB] RETURN: {"result":"$727"}
[2026-09-16 14:19:23.109][VERB] COMMANDCALL: _C.SafeAPI.Execute(["v1.sketch.constraint",[{"type":"FIXATION","id":718,"geomIds":[727]}]])
[2026-09-16 14:19:23.110][VERB] RETURN: {"result":"$729"}
[2026-09-16 14:19:23.110][VERB] COMMANDCALL: _C.SafeAPI.Execute(["v1.sketch.dimension",[{"type":"HORIZONTAL_DISTANCE","value":"@expr.d101_position_x","name":"position_x","id":718,"geomIds":[727,725]}]])
[2026-09-16 14:19:23.114][VERB] RETURN: {"result":"$733"}
[2026-09-16 14:19:23.114][VERB] COMMANDCALL: _C.SafeAPI.Execute(["v1.sketch.dimension",[{"type":"VERTICAL_DISTANCE","value":"@expr.d102_position_y","name":"position_y","id":718,"geomIds":[727,725]}]])
[2026-09-16 14:19:23.120][VERB] RETURN: {"result":"$737"}
[2026-09-16 14:19:23.120][VERB] COMMANDCALL: _C.SafeAPI.Execute(["v1.sketch.dimension",[{"type":"RADIUS","value":"@expr.d103_radius","name":"radius","id":718,"geomIds":[724]}]])
[2026-09-16 14:19:23.125][VERB] RETURN: {"result":"$741"}
[2026-09-16 14:19:23.126][VERB] COMMANDCALL: _C.SafeAPI.Execute(["v1.part.extrusion",[{"references":[724],"name":"F99_makeCylinder_cad_primitives_py_12","taperAngle":0,"limit2":"@expr.d104_height","id":4}]])
[2026-09-16 14:19:23.131][VERB] RETURN: {"result":"$745"}
[2026-09-16 14:19:23.131][VERB] COMMANDCALL: _C.SafeAPI.Execute(["v1.part.workPlane",[{"type":"PLANE","references":[38],"name":"F105_makeCylinder_cad_primitives_py_12_plane","offset":"@expr.d106_plane_offset","id":4}]])
[2026-09-16 14:19:23.135][VERB] RETURN: {"result":"$767"}
[2026-09-16 14:19:23.135][VERB] COMMANDCALL: _C.SafeAPI.Execute(["v1.sketch.create",[{"planeId":767,"name":"F105_makeCylinder_cad_primitives_py_12_profile","id":4}]])
[2026-09-16 14:19:23.137][VERB] RETURN: {"result":"$773"}
[2026-09-16 14:19:23.138][VERB] COMMANDCALL: _C.SafeAPI.Execute(["v1.sketch.circle",[{"radius":2.7,"id":773,"genFixation":0,"centerPos":[1.4,63.2,0]}]])
[2026-09-16 14:19:23.139][VERB] RETURN: {"result":"$779"}
[2026-09-16 14:19:23.139][VERB] COMMANDCALL: _C.SafeAPI.Execute(["v1.sketch.getPoints",[{"id":779}]])
[2026-09-16 14:19:23.139][VERB] RETURN: {"result":{"centerId":"$780"}}
[2026-09-16 14:19:23.139][VERB] COMMANDCALL: _C.SafeAPI.Execute(["v1.sketch.point",[{"pos":[-1000,-1000,0],"id":773}]])
[2026-09-16 14:19:23.140][VERB] RETURN: {"result":"$782"}
[2026-09-16 14:19:23.140][VERB] COMMANDCALL: _C.SafeAPI.Execute(["v1.sketch.constraint",[{"type":"FIXATION","id":773,"geomIds":[782]}]])
[2026-09-16 14:19:23.141][VERB] RETURN: {"result":"$784"}
[2026-09-16 14:19:23.141][VERB] COMMANDCALL: _C.SafeAPI.Execute(["v1.sketch.dimension",[{"type":"HORIZONTAL_DISTANCE","value":"@expr.d107_position_x","name":"position_x","id":773,"geomIds":[782,780]}]])
[2026-09-16 14:19:23.146][VERB] RETURN: {"result":"$788"}
[2026-09-16 14:19:23.146][VERB] COMMANDCALL: _C.SafeAPI.Execute(["v1.sketch.dimension",[{"type":"VERTICAL_DISTANCE","value":"@expr.d108_position_y","name":"position_y","id":773,"geomIds":[782,780]}]])
[2026-09-16 14:19:23.151][VERB] RETURN: {"result":"$792"}
[2026-09-16 14:19:23.151][VERB] COMMANDCALL: _C.SafeAPI.Execute(["v1.sketch.dimension",[{"type":"RADIUS","value":"@expr.d109_radius","name":"radius","id":773,"geomIds":[779]}]])
[2026-09-16 14:19:23.156][VERB] RETURN: {"result":"$796"}
[2026-09-16 14:19:23.157][VERB] COMMANDCALL: _C.SafeAPI.Execute(["v1.part.extrusion",[{"references":[779],"name":"F105_makeCylinder_cad_primitives_py_12","taperAngle":0,"limit2":"@expr.d110_height","id":4}]])
[2026-09-16 14:19:23.162][VERB] RETURN: {"result":"$800"}
[2026-09-16 14:19:23.163][VERB] COMMANDCALL: _C.SafeAPI.Execute(["v1.part.workPlane",[{"type":"PLANE","references":[38],"name":"F111_makeCylinder_cad_primitives_py_12_plane","offset":"@expr.d112_plane_offset","id":4}]])
[2026-09-16 14:19:23.166][VERB] RETURN: {"result":"$822"}
[2026-09-16 14:19:23.166][VERB] COMMANDCALL: _C.SafeAPI.Execute(["v1.sketch.create",[{"planeId":822,"name":"F111_makeCylinder_cad_primitives_py_12_profile","id":4}]])
[2026-09-16 14:19:23.168][VERB] RETURN: {"result":"$828"}
[2026-09-16 14:19:23.168][VERB] COMMANDCALL: _C.SafeAPI.Execute(["v1.sketch.circle",[{"radius":2.7,"id":828,"genFixation":0,"centerPos":[56.4,22.8,0]}]])
[2026-09-16 14:19:23.170][VERB] RETURN: {"result":"$834"}
[2026-09-16 14:19:23.170][VERB] COMMANDCALL: _C.SafeAPI.Execute(["v1.sketch.getPoints",[{"id":834}]])
[2026-09-16 14:19:23.170][VERB] RETURN: {"result":{"centerId":"$835"}}
[2026-09-16 14:19:23.170][VERB] COMMANDCALL: _C.SafeAPI.Execute(["v1.sketch.point",[{"pos":[-1000,-1000,0],"id":828}]])
[2026-09-16 14:19:23.171][VERB] RETURN: {"result":"$837"}
[2026-09-16 14:19:23.171][VERB] COMMANDCALL: _C.SafeAPI.Execute(["v1.sketch.constraint",[{"type":"FIXATION","id":828,"geomIds":[837]}]])
[2026-09-16 14:19:23.172][VERB] RETURN: {"result":"$839"}
[2026-09-16 14:19:23.172][VERB] COMMANDCALL: _C.SafeAPI.Execute(["v1.sketch.dimension",[{"type":"HORIZONTAL_DISTANCE","value":"@expr.d113_position_x","name":"position_x","id":828,"geomIds":[837,835]}]])
[2026-09-16 14:19:23.177][VERB] RETURN: {"result":"$843"}
[2026-09-16 14:19:23.177][VERB] COMMANDCALL: _C.SafeAPI.Execute(["v1.sketch.dimension",[{"type":"VERTICAL_DISTANCE","value":"@expr.d114_position_y","name":"position_y","id":828,"geomIds":[837,835]}]])
[2026-09-16 14:19:23.182][VERB] RETURN: {"result":"$847"}
[2026-09-16 14:19:23.182][VERB] COMMANDCALL: _C.SafeAPI.Execute(["v1.sketch.dimension",[{"type":"RADIUS","value":"@expr.d115_radius","name":"radius","id":828,"geomIds":[834]}]])
[2026-09-16 14:19:23.187][VERB] RETURN: {"result":"$851"}
[2026-09-16 14:19:23.188][VERB] COMMANDCALL: _C.SafeAPI.Execute(["v1.part.extrusion",[{"references":[834],"name":"F111_makeCylinder_cad_primitives_py_12","taperAngle":0,"limit2":"@expr.d116_height","id":4}]])
[2026-09-16 14:19:23.193][VERB] RETURN: {"result":"$855"}
[2026-09-16 14:19:23.193][VERB] COMMANDCALL: _C.SafeAPI.Execute(["v1.part.workPlane",[{"type":"PLANE","references":[38],"name":"F117_makeCylinder_cad_primitives_py_12_plane","offset":"@expr.d118_plane_offset","id":4}]])
[2026-09-16 14:19:23.197][VERB] RETURN: {"result":"$877"}
[2026-09-16 14:19:23.197][VERB] COMMANDCALL: _C.SafeAPI.Execute(["v1.sketch.create",[{"planeId":877,"name":"F117_makeCylinder_cad_primitives_py_12_profile","id":4}]])
[2026-09-16 14:19:23.199][VERB] RETURN: {"result":"$883"}
[2026-09-16 14:19:23.199][VERB] COMMANDCALL: _C.SafeAPI.Execute(["v1.sketch.circle",[{"radius":2.7,"id":883,"genFixation":0,"centerPos":[56.4,63.2,0]}]])
[2026-09-16 14:19:23.201][VERB] RETURN: {"result":"$889"}
[2026-09-16 14:19:23.201][VERB] COMMANDCALL: _C.SafeAPI.Execute(["v1.sketch.getPoints",[{"id":889}]])
[2026-09-16 14:19:23.201][VERB] RETURN: {"result":{"centerId":"$890"}}
[2026-09-16 14:19:23.201][VERB] COMMANDCALL: _C.SafeAPI.Execute(["v1.sketch.point",[{"pos":[-1000,-1000,0],"id":883}]])
[2026-09-16 14:19:23.202][VERB] RETURN: {"result":"$892"}
[2026-09-16 14:19:23.202][VERB] COMMANDCALL: _C.SafeAPI.Execute(["v1.sketch.constraint",[{"type":"FIXATION","id":883,"geomIds":[892]}]])
[2026-09-16 14:19:23.203][VERB] RETURN: {"result":"$894"}
[2026-09-16 14:19:23.203][VERB] COMMANDCALL: _C.SafeAPI.Execute(["v1.sketch.dimension",[{"type":"HORIZONTAL_DISTANCE","value":"@expr.d119_position_x","name":"position_x","id":883,"geomIds":[892,890]}]])
[2026-09-16 14:19:23.208][VERB] RETURN: {"result":"$898"}
[2026-09-16 14:19:23.208][VERB] COMMANDCALL: _C.SafeAPI.Execute(["v1.sketch.dimension",[{"type":"VERTICAL_DISTANCE","value":"@expr.d120_position_y","name":"position_y","id":883,"geomIds":[892,890]}]])
[2026-09-16 14:19:23.213][VERB] RETURN: {"result":"$902"}
[2026-09-16 14:19:23.213][VERB] COMMANDCALL: _C.SafeAPI.Execute(["v1.sketch.dimension",[{"type":"RADIUS","value":"@expr.d121_radius","name":"radius","id":883,"geomIds":[889]}]])
[2026-09-16 14:19:23.219][VERB] RETURN: {"result":"$906"}
[2026-09-16 14:19:23.220][VERB] COMMANDCALL: _C.SafeAPI.Execute(["v1.part.extrusion",[{"references":[889],"name":"F117_makeCylinder_cad_primitives_py_12","taperAngle":0,"limit2":"@expr.d122_height","id":4}]])
[2026-09-16 14:19:23.225][VERB] RETURN: {"result":"$910"}
[2026-09-16 14:19:23.226][VERB] COMMANDCALL: _C.SafeAPI.Execute(["v1.part.workPlane",[{"type":"PLANE","references":[38],"name":"F123_makeBox_cad_primitives_py_8_plane","offset":"@expr.d124_plane_offset","id":4}]])
[2026-09-16 14:19:23.229][VERB] RETURN: {"result":"$932"}
[2026-09-16 14:19:23.230][VERB] COMMANDCALL: _C.SafeAPI.Execute(["v1.sketch.create",[{"planeId":932,"name":"F123_makeBox_cad_primitives_py_8_profile","id":4}]])
[2026-09-16 14:19:23.232][VERB] RETURN: {"result":"$938"}
[2026-09-16 14:19:23.232][VERB] COMMANDCALL: _C.SafeAPI.Execute(["v1.sketch.rectangle",[{"startPos":[48.8,-1.3,0],"id":938,"genFixation":0,"endPos":[89.8,40.8,0]}]])
[2026-09-16 14:19:23.239][VERB] RETURN: {"result":["$944","$948","$954","$960"]}
[2026-09-16 14:19:23.240][VERB] COMMANDCALL: _C.SafeAPI.Execute(["v1.sketch.getPoints",[{"id":944}]])
[2026-09-16 14:19:23.240][VERB] RETURN: {"result":{"endId":"$946","startId":"$945"}}
[2026-09-16 14:19:23.240][VERB] COMMANDCALL: _C.SafeAPI.Execute(["v1.sketch.point",[{"pos":[-1000,-1000,0],"id":938}]])
[2026-09-16 14:19:23.243][VERB] RETURN: {"result":"$976"}
[2026-09-16 14:19:23.243][VERB] COMMANDCALL: _C.SafeAPI.Execute(["v1.sketch.constraint",[{"type":"FIXATION","id":938,"geomIds":[976]}]])
[2026-09-16 14:19:23.245][VERB] RETURN: {"result":"$978"}
[2026-09-16 14:19:23.245][VERB] COMMANDCALL: _C.SafeAPI.Execute(["v1.sketch.dimension",[{"type":"HORIZONTAL_DISTANCE","value":"@expr.d125_position_x","name":"position_x","id":938,"geomIds":[976,945]}]])
[2026-09-16 14:19:23.251][VERB] RETURN: {"result":"$982"}
[2026-09-16 14:19:23.252][VERB] COMMANDCALL: _C.SafeAPI.Execute(["v1.sketch.dimension",[{"type":"VERTICAL_DISTANCE","value":"@expr.d126_position_y","name":"position_y","id":938,"geomIds":[976,945]}]])
[2026-09-16 14:19:23.260][VERB] RETURN: {"result":"$986"}
[2026-09-16 14:19:23.260][VERB] COMMANDCALL: _C.SafeAPI.Execute(["v1.sketch.dimension",[{"type":"OFFSET","value":"@expr.d127_width","name":"width","id":938,"geomIds":[944]}]])
[2026-09-16 14:19:23.268][VERB] RETURN: {"result":"$990"}
[2026-09-16 14:19:23.268][VERB] COMMANDCALL: _C.SafeAPI.Execute(["v1.sketch.dimension",[{"type":"OFFSET","value":"@expr.d128_depth","name":"depth","id":938,"geomIds":[948]}]])
[2026-09-16 14:19:23.278][VERB] RETURN: {"result":"$994"}
[2026-09-16 14:19:23.278][VERB] COMMANDCALL: _C.SafeAPI.Execute(["v1.part.extrusion",[{"references":[944,948,954,960],"name":"F123_makeBox_cad_primitives_py_8","taperAngle":0,"limit2":"@expr.d129_height","id":4}]])
[2026-09-16 14:19:23.284][VERB] RETURN: {"result":"$998"}
[2026-09-16 14:19:23.285][VERB] COMMANDCALL: _C.SafeAPI.Execute(["v1.part.workPlane",[{"type":"PLANE","references":[38],"name":"F130_makeBox_cad_primitives_py_8_plane","offset":"@expr.d131_plane_offset","id":4}]])
[2026-09-16 14:19:23.289][VERB] RETURN: {"result":"$1041"}
[2026-09-16 14:19:23.290][VERB] COMMANDCALL: _C.SafeAPI.Execute(["v1.sketch.create",[{"planeId":1041,"name":"F130_makeBox_cad_primitives_py_8_profile","id":4}]])
[2026-09-16 14:19:23.292][VERB] RETURN: {"result":"$1047"}
[2026-09-16 14:19:23.293][VERB] COMMANDCALL: _C.SafeAPI.Execute(["v1.sketch.rectangle",[{"startPos":[46.1,1.4,0],"id":1047,"genFixation":0,"endPos":[92.5,38.1,0]}]])
[2026-09-16 14:19:23.300][VERB] RETURN: {"result":["$1053","$1057","$1063","$1069"]}
[2026-09-16 14:19:23.300][VERB] COMMANDCALL: _C.SafeAPI.Execute(["v1.sketch.getPoints",[{"id":1053}]])
[2026-09-16 14:19:23.300][VERB] RETURN: {"result":{"endId":"$1055","startId":"$1054"}}
[2026-09-16 14:19:23.301][VERB] COMMANDCALL: _C.SafeAPI.Execute(["v1.sketch.point",[{"pos":[-1000,-1000,0],"id":1047}]])
[2026-09-16 14:19:23.303][VERB] RETURN: {"result":"$1085"}
[2026-09-16 14:19:23.304][VERB] COMMANDCALL: _C.SafeAPI.Execute(["v1.sketch.constraint",[{"type":"FIXATION","id":1047,"geomIds":[1085]}]])
[2026-09-16 14:19:23.305][VERB] RETURN: {"result":"$1087"}
[2026-09-16 14:19:23.306][VERB] COMMANDCALL: _C.SafeAPI.Execute(["v1.sketch.dimension",[{"type":"HORIZONTAL_DISTANCE","value":"@expr.d132_position_x","name":"position_x","id":1047,"geomIds":[1085,1054]}]])
[2026-09-16 14:19:23.312][VERB] RETURN: {"result":"$1091"}
[2026-09-16 14:19:23.312][VERB] COMMANDCALL: _C.SafeAPI.Execute(["v1.sketch.dimension",[{"type":"VERTICAL_DISTANCE","value":"@expr.d133_position_y","name":"position_y","id":1047,"geomIds":[1085,1054]}]])
[2026-09-16 14:19:23.319][VERB] RETURN: {"result":"$1095"}
[2026-09-16 14:19:23.320][VERB] COMMANDCALL: _C.SafeAPI.Execute(["v1.sketch.dimension",[{"type":"OFFSET","value":"@expr.d134_width","name":"width","id":1047,"geomIds":[1053]}]])
[2026-09-16 14:19:23.328][VERB] RETURN: {"result":"$1099"}
[2026-09-16 14:19:23.329][VERB] COMMANDCALL: _C.SafeAPI.Execute(["v1.sketch.dimension",[{"type":"OFFSET","value":"@expr.d135_depth","name":"depth","id":1047,"geomIds":[1057]}]])
[2026-09-16 14:19:23.338][VERB] RETURN: {"result":"$1103"}
[2026-09-16 14:19:23.338][VERB] COMMANDCALL: _C.SafeAPI.Execute(["v1.part.extrusion",[{"references":[1053,1057,1063,1069],"name":"F130_makeBox_cad_primitives_py_8","taperAngle":0,"limit2":"@expr.d136_height","id":4}]])
[2026-09-16 14:19:23.344][VERB] RETURN: {"result":"$1107"}
[2026-09-16 14:19:23.345][VERB] COMMANDCALL: _C.SafeAPI.Execute(["v1.part.workPlane",[{"type":"PLANE","references":[38],"name":"F137_makeCylinder_cad_primitives_py_12_plane","offset":"@expr.d138_plane_offset","id":4}]])
[2026-09-16 14:19:23.348][VERB] RETURN: {"result":"$1150"}
[2026-09-16 14:19:23.349][VERB] COMMANDCALL: _C.SafeAPI.Execute(["v1.sketch.create",[{"planeId":1150,"name":"F137_makeCylinder_cad_primitives_py_12_profile","id":4}]])
[2026-09-16 14:19:23.351][VERB] RETURN: {"result":"$1156"}
[2026-09-16 14:19:23.352][VERB] COMMANDCALL: _C.SafeAPI.Execute(["v1.sketch.circle",[{"radius":2.7,"id":1156,"genFixation":0,"centerPos":[48.8,1.4,0]}]])
[2026-09-16 14:19:23.353][VERB] RETURN: {"result":"$1162"}
[2026-09-16 14:19:23.354][VERB] COMMANDCALL: _C.SafeAPI.Execute(["v1.sketch.getPoints",[{"id":1162}]])
[2026-09-16 14:19:23.354][VERB] RETURN: {"result":{"centerId":"$1163"}}
[2026-09-16 14:19:23.354][VERB] COMMANDCALL: _C.SafeAPI.Execute(["v1.sketch.point",[{"pos":[-1000,-1000,0],"id":1156}]])
[2026-09-16 14:19:23.355][VERB] RETURN: {"result":"$1165"}
[2026-09-16 14:19:23.355][VERB] COMMANDCALL: _C.SafeAPI.Execute(["v1.sketch.constraint",[{"type":"FIXATION","id":1156,"geomIds":[1165]}]])
[2026-09-16 14:19:23.356][VERB] RETURN: {"result":"$1167"}
[2026-09-16 14:19:23.357][VERB] COMMANDCALL: _C.SafeAPI.Execute(["v1.sketch.dimension",[{"type":"HORIZONTAL_DISTANCE","value":"@expr.d139_position_x","name":"position_x","id":1156,"geomIds":[1165,1163]}]])
[2026-09-16 14:19:23.362][VERB] RETURN: {"result":"$1171"}
[2026-09-16 14:19:23.362][VERB] COMMANDCALL: _C.SafeAPI.Execute(["v1.sketch.dimension",[{"type":"VERTICAL_DISTANCE","value":"@expr.d140_position_y","name":"position_y","id":1156,"geomIds":[1165,1163]}]])
[2026-09-16 14:19:23.368][VERB] RETURN: {"result":"$1175"}
[2026-09-16 14:19:23.368][VERB] COMMANDCALL: _C.SafeAPI.Execute(["v1.sketch.dimension",[{"type":"RADIUS","value":"@expr.d141_radius","name":"radius","id":1156,"geomIds":[1162]}]])
[2026-09-16 14:19:23.374][VERB] RETURN: {"result":"$1179"}
[2026-09-16 14:19:23.375][VERB] COMMANDCALL: _C.SafeAPI.Execute(["v1.part.extrusion",[{"references":[1162],"name":"F137_makeCylinder_cad_primitives_py_12","taperAngle":0,"limit2":"@expr.d142_height","id":4}]])
[2026-09-16 14:19:23.381][VERB] RETURN: {"result":"$1183"}
[2026-09-16 14:19:23.382][VERB] COMMANDCALL: _C.SafeAPI.Execute(["v1.part.workPlane",[{"type":"PLANE","references":[38],"name":"F143_makeCylinder_cad_primitives_py_12_plane","offset":"@expr.d144_plane_offset","id":4}]])
[2026-09-16 14:19:23.386][VERB] RETURN: {"result":"$1205"}
[2026-09-16 14:19:23.387][VERB] COMMANDCALL: _C.SafeAPI.Execute(["v1.sketch.create",[{"planeId":1205,"name":"F143_makeCylinder_cad_primitives_py_12_profile","id":4}]])
[2026-09-16 14:19:23.389][VERB] RETURN: {"result":"$1211"}
[2026-09-16 14:19:23.390][VERB] COMMANDCALL: _C.SafeAPI.Execute(["v1.sketch.circle",[{"radius":2.7,"id":1211,"genFixation":0,"centerPos":[48.8,38.1,0]}]])
[2026-09-16 14:19:23.391][VERB] RETURN: {"result":"$1217"}
[2026-09-16 14:19:23.391][VERB] COMMANDCALL: _C.SafeAPI.Execute(["v1.sketch.getPoints",[{"id":1217}]])
[2026-09-16 14:19:23.391][VERB] RETURN: {"result":{"centerId":"$1218"}}
[2026-09-16 14:19:23.392][VERB] COMMANDCALL: _C.SafeAPI.Execute(["v1.sketch.point",[{"pos":[-1000,-1000,0],"id":1211}]])
[2026-09-16 14:19:23.393][VERB] RETURN: {"result":"$1220"}
[2026-09-16 14:19:23.393][VERB] COMMANDCALL: _C.SafeAPI.Execute(["v1.sketch.constraint",[{"type":"FIXATION","id":1211,"geomIds":[1220]}]])
[2026-09-16 14:19:23.394][VERB] RETURN: {"result":"$1222"}
[2026-09-16 14:19:23.394][VERB] COMMANDCALL: _C.SafeAPI.Execute(["v1.sketch.dimension",[{"type":"HORIZONTAL_DISTANCE","value":"@expr.d145_position_x","name":"position_x","id":1211,"geomIds":[1220,1218]}]])
[2026-09-16 14:19:23.399][VERB] RETURN: {"result":"$1226"}
[2026-09-16 14:19:23.399][VERB] COMMANDCALL: _C.SafeAPI.Execute(["v1.sketch.dimension",[{"type":"VERTICAL_DISTANCE","value":"@expr.d146_position_y","name":"position_y","id":1211,"geomIds":[1220,1218]}]])
[2026-09-16 14:19:23.405][VERB] RETURN: {"result":"$1230"}
[2026-09-16 14:19:23.406][VERB] COMMANDCALL: _C.SafeAPI.Execute(["v1.sketch.dimension",[{"type":"RADIUS","value":"@expr.d147_radius","name":"radius","id":1211,"geomIds":[1217]}]])
[2026-09-16 14:19:23.412][INFO] Worker is ready
[2026-09-16 14:19:23.412][VERB] RETURN: {"result":"$1234"}
[2026-09-16 14:19:23.413][VERB] COMMANDCALL: _C.SafeAPI.Execute(["v1.part.extrusion",[{"references":[1217],"name":"F143_makeCylinder_cad_primitives_py_12","taperAngle":0,"limit2":"@expr.d148_height","id":4}]])
[2026-09-16 14:19:23.419][VERB] RETURN: {"result":"$1238"}
[2026-09-16 14:19:23.420][VERB] COMMANDCALL: _C.SafeAPI.Execute(["v1.part.workPlane",[{"type":"PLANE","references":[38],"name":"F149_makeCylinder_cad_primitives_py_12_plane","offset":"@expr.d150_plane_offset","id":4}]])
[2026-09-16 14:19:23.424][VERB] RETURN: {"result":"$1260"}
[2026-09-16 14:19:23.425][VERB] COMMANDCALL: _C.SafeAPI.Execute(["v1.sketch.create",[{"planeId":1260,"name":"F149_makeCylinder_cad_primitives_py_12_profile","id":4}]])
[2026-09-16 14:19:23.427][VERB] RETURN: {"result":"$1266"}
[2026-09-16 14:19:23.427][VERB] COMMANDCALL: _C.SafeAPI.Execute(["v1.sketch.circle",[{"radius":2.7,"id":1266,"genFixation":0,"centerPos":[89.8,1.4,0]}]])
[2026-09-16 14:19:23.428][VERB] RETURN: {"result":"$1272"}
[2026-09-16 14:19:23.429][VERB] COMMANDCALL: _C.SafeAPI.Execute(["v1.sketch.getPoints",[{"id":1272}]])
[2026-09-16 14:19:23.429][VERB] RETURN: {"result":{"centerId":"$1273"}}
[2026-09-16 14:19:23.429][VERB] COMMANDCALL: _C.SafeAPI.Execute(["v1.sketch.point",[{"pos":[-1000,-1000,0],"id":1266}]])
[2026-09-16 14:19:23.430][VERB] RETURN: {"result":"$1275"}
[2026-09-16 14:19:23.430][VERB] COMMANDCALL: _C.SafeAPI.Execute(["v1.sketch.constraint",[{"type":"FIXATION","id":1266,"geomIds":[1275]}]])
[2026-09-16 14:19:23.431][VERB] RETURN: {"result":"$1277"}
[2026-09-16 14:19:23.431][VERB] COMMANDCALL: _C.SafeAPI.Execute(["v1.sketch.dimension",[{"type":"HORIZONTAL_DISTANCE","value":"@expr.d151_position_x","name":"position_x","id":1266,"geomIds":[1275,1273]}]])
[2026-09-16 14:19:23.437][VERB] RETURN: {"result":"$1281"}
[2026-09-16 14:19:23.437][VERB] COMMANDCALL: _C.SafeAPI.Execute(["v1.sketch.dimension",[{"type":"VERTICAL_DISTANCE","value":"@expr.d152_position_y","name":"position_y","id":1266,"geomIds":[1275,1273]}]])
[2026-09-16 14:19:23.443][VERB] RETURN: {"result":"$1285"}
[2026-09-16 14:19:23.443][VERB] COMMANDCALL: _C.SafeAPI.Execute(["v1.sketch.dimension",[{"type":"RADIUS","value":"@expr.d153_radius","name":"radius","id":1266,"geomIds":[1272]}]])
[2026-09-16 14:19:23.449][VERB] RETURN: {"result":"$1289"}
[2026-09-16 14:19:23.449][VERB] COMMANDCALL: _C.SafeAPI.Execute(["v1.part.extrusion",[{"references":[1272],"name":"F149_makeCylinder_cad_primitives_py_12","taperAngle":0,"limit2":"@expr.d154_height","id":4}]])
[2026-09-16 14:19:23.455][VERB] RETURN: {"result":"$1293"}
[2026-09-16 14:19:23.456][VERB] COMMANDCALL: _C.SafeAPI.Execute(["v1.part.workPlane",[{"type":"PLANE","references":[38],"name":"F155_makeCylinder_cad_primitives_py_12_plane","offset":"@expr.d156_plane_offset","id":4}]])
[2026-09-16 14:19:23.460][VERB] RETURN: {"result":"$1315"}
[2026-09-16 14:19:23.461][VERB] COMMANDCALL: _C.SafeAPI.Execute(["v1.sketch.create",[{"planeId":1315,"name":"F155_makeCylinder_cad_primitives_py_12_profile","id":4}]])
[2026-09-16 14:19:23.463][VERB] RETURN: {"result":"$1321"}
[2026-09-16 14:19:23.463][VERB] COMMANDCALL: _C.SafeAPI.Execute(["v1.sketch.circle",[{"radius":2.7,"id":1321,"genFixation":0,"centerPos":[89.8,38.1,0]}]])
[2026-09-16 14:19:23.464][VERB] RETURN: {"result":"$1327"}
[2026-09-16 14:19:23.464][VERB] COMMANDCALL: _C.SafeAPI.Execute(["v1.sketch.getPoints",[{"id":1327}]])
[2026-09-16 14:19:23.465][VERB] RETURN: {"result":{"centerId":"$1328"}}
[2026-09-16 14:19:23.465][VERB] COMMANDCALL: _C.SafeAPI.Execute(["v1.sketch.point",[{"pos":[-1000,-1000,0],"id":1321}]])
[2026-09-16 14:19:23.466][VERB] RETURN: {"result":"$1330"}
[2026-09-16 14:19:23.466][VERB] COMMANDCALL: _C.SafeAPI.Execute(["v1.sketch.constraint",[{"type":"FIXATION","id":1321,"geomIds":[1330]}]])
[2026-09-16 14:19:23.467][VERB] RETURN: {"result":"$1332"}
[2026-09-16 14:19:23.468][VERB] COMMANDCALL: _C.SafeAPI.Execute(["v1.sketch.dimension",[{"type":"HORIZONTAL_DISTANCE","value":"@expr.d157_position_x","name":"position_x","id":1321,"geomIds":[1330,1328]}]])
[2026-09-16 14:19:23.473][VERB] RETURN: {"result":"$1336"}
[2026-09-16 14:19:23.473][VERB] COMMANDCALL: _C.SafeAPI.Execute(["v1.sketch.dimension",[{"type":"VERTICAL_DISTANCE","value":"@expr.d158_position_y","name":"position_y","id":1321,"geomIds":[1330,1328]}]])
[2026-09-16 14:19:23.479][VERB] RETURN: {"result":"$1340"}
[2026-09-16 14:19:23.479][VERB] COMMANDCALL: _C.SafeAPI.Execute(["v1.sketch.dimension",[{"type":"RADIUS","value":"@expr.d159_radius","name":"radius","id":1321,"geomIds":[1327]}]])
[2026-09-16 14:19:23.485][VERB] RETURN: {"result":"$1344"}
[2026-09-16 14:19:23.485][VERB] COMMANDCALL: _C.SafeAPI.Execute(["v1.part.extrusion",[{"references":[1327],"name":"F155_makeCylinder_cad_primitives_py_12","taperAngle":0,"limit2":"@expr.d160_height","id":4}]])
[2026-09-16 14:19:23.491][VERB] RETURN: {"result":"$1348"}
[2026-09-16 14:19:23.491][VERB] COMMANDCALL: _C.SafeAPI.Execute(["v1.part.workPlane",[{"type":"PLANE","references":[38],"name":"F161_makeBox_shell_skin_py_38_plane","offset":"@expr.d162_plane_offset","id":4}]])
[2026-09-16 14:19:23.495][VERB] RETURN: {"result":"$1370"}
[2026-09-16 14:19:23.495][VERB] COMMANDCALL: _C.SafeAPI.Execute(["v1.sketch.create",[{"planeId":1370,"name":"F161_makeBox_shell_skin_py_38_profile","id":4}]])
[2026-09-16 14:19:23.497][VERB] RETURN: {"result":"$1376"}
[2026-09-16 14:19:23.497][VERB] COMMANDCALL: _C.SafeAPI.Execute(["v1.sketch.rectangle",[{"startPos":[89.8,-1.3,0],"id":1376,"genFixation":0,"endPos":[92.5,40.8,0]}]])
[2026-09-16 14:19:23.504][VERB] RETURN: {"result":["$1382","$1386","$1392","$1398"]}
[2026-09-16 14:19:23.504][VERB] COMMANDCALL: _C.SafeAPI.Execute(["v1.sketch.getPoints",[{"id":1382}]])
[2026-09-16 14:19:23.504][VERB] RETURN: {"result":{"endId":"$1384","startId":"$1383"}}
[2026-09-16 14:19:23.505][VERB] COMMANDCALL: _C.SafeAPI.Execute(["v1.sketch.point",[{"pos":[-1000,-1000,0],"id":1376}]])
[2026-09-16 14:19:23.506][VERB] RETURN: {"result":"$1414"}
[2026-09-16 14:19:23.507][VERB] COMMANDCALL: _C.SafeAPI.Execute(["v1.sketch.constraint",[{"type":"FIXATION","id":1376,"geomIds":[1414]}]])
[2026-09-16 14:19:23.508][VERB] RETURN: {"result":"$1416"}
[2026-09-16 14:19:23.508][VERB] COMMANDCALL: _C.SafeAPI.Execute(["v1.sketch.dimension",[{"type":"HORIZONTAL_DISTANCE","value":"@expr.d163_position_x","name":"position_x","id":1376,"geomIds":[1414,1383]}]])
[2026-09-16 14:19:23.514][VERB] RETURN: {"result":"$1420"}
[2026-09-16 14:19:23.514][VERB] COMMANDCALL: _C.SafeAPI.Execute(["v1.sketch.dimension",[{"type":"VERTICAL_DISTANCE","value":"@expr.d164_position_y","name":"position_y","id":1376,"geomIds":[1414,1383]}]])
[2026-09-16 14:19:23.522][VERB] RETURN: {"result":"$1424"}
[2026-09-16 14:19:23.523][VERB] COMMANDCALL: _C.SafeAPI.Execute(["v1.sketch.dimension",[{"type":"OFFSET","value":"@expr.d165_width","name":"width","id":1376,"geomIds":[1382]}]])
[2026-09-16 14:19:23.530][VERB] RETURN: {"result":"$1428"}
[2026-09-16 14:19:23.531][VERB] COMMANDCALL: _C.SafeAPI.Execute(["v1.sketch.dimension",[{"type":"OFFSET","value":"@expr.d166_depth","name":"depth","id":1376,"geomIds":[1386]}]])
[2026-09-16 14:19:23.539][VERB] RETURN: {"result":"$1432"}
[2026-09-16 14:19:23.540][VERB] COMMANDCALL: _C.SafeAPI.Execute(["v1.part.extrusion",[{"references":[1382,1386,1392,1398],"name":"F161_makeBox_shell_skin_py_38","taperAngle":0,"limit2":"@expr.d167_height","id":4}]])
[2026-09-16 14:19:23.545][VERB] RETURN: {"result":"$1436"}
[2026-09-16 14:19:23.546][VERB] COMMANDCALL: _C.SafeAPI.Execute(["v1.part.workPlane",[{"type":"PLANE","references":[38],"name":"F168_makeBox_cad_primitives_py_8_plane","offset":"@expr.d169_plane_offset","id":4}]])
[2026-09-16 14:19:23.549][VERB] RETURN: {"result":"$1479"}
[2026-09-16 14:19:23.549][VERB] COMMANDCALL: _C.SafeAPI.Execute(["v1.sketch.create",[{"planeId":1479,"name":"F168_makeBox_cad_primitives_py_8_profile","id":4}]])
[2026-09-16 14:19:23.552][VERB] RETURN: {"result":"$1485"}
[2026-09-16 14:19:23.552][VERB] COMMANDCALL: _C.SafeAPI.Execute(["v1.sketch.rectangle",[{"startPos":[88.05,-7,0],"id":1485,"genFixation":0,"endPos":[92.5,5,0]}]])
[2026-09-16 14:19:23.559][VERB] RETURN: {"result":["$1491","$1495","$1501","$1507"]}
[2026-09-16 14:19:23.559][VERB] COMMANDCALL: _C.SafeAPI.Execute(["v1.sketch.getPoints",[{"id":1491}]])
[2026-09-16 14:19:23.559][VERB] RETURN: {"result":{"endId":"$1493","startId":"$1492"}}
[2026-09-16 14:19:23.559][VERB] COMMANDCALL: _C.SafeAPI.Execute(["v1.sketch.point",[{"pos":[-1000,-1000,0],"id":1485}]])
[2026-09-16 14:19:23.561][VERB] RETURN: {"result":"$1523"}
[2026-09-16 14:19:23.561][VERB] COMMANDCALL: _C.SafeAPI.Execute(["v1.sketch.constraint",[{"type":"FIXATION","id":1485,"geomIds":[1523]}]])
[2026-09-16 14:19:23.563][VERB] RETURN: {"result":"$1525"}
[2026-09-16 14:19:23.563][VERB] COMMANDCALL: _C.SafeAPI.Execute(["v1.sketch.dimension",[{"type":"HORIZONTAL_DISTANCE","value":"@expr.d170_position_x","name":"position_x","id":1485,"geomIds":[1523,1492]}]])
[2026-09-16 14:19:23.569][VERB] RETURN: {"result":"$1529"}
[2026-09-16 14:19:23.570][VERB] COMMANDCALL: _C.SafeAPI.Execute(["v1.sketch.dimension",[{"type":"VERTICAL_DISTANCE","value":"@expr.d171_position_y","name":"position_y","id":1485,"geomIds":[1523,1492]}]])
[2026-09-16 14:19:23.576][VERB] RETURN: {"result":"$1533"}
[2026-09-16 14:19:23.576][VERB] COMMANDCALL: _C.SafeAPI.Execute(["v1.sketch.dimension",[{"type":"OFFSET","value":"@expr.d172_width","name":"width","id":1485,"geomIds":[1491]}]])
[2026-09-16 14:19:23.584][VERB] RETURN: {"result":"$1537"}
[2026-09-16 14:19:23.584][VERB] COMMANDCALL: _C.SafeAPI.Execute(["v1.sketch.dimension",[{"type":"OFFSET","value":"@expr.d173_depth","name":"depth","id":1485,"geomIds":[1495]}]])
[2026-09-16 14:19:23.593][VERB] RETURN: {"result":"$1541"}
[2026-09-16 14:19:23.594][VERB] COMMANDCALL: _C.SafeAPI.Execute(["v1.part.extrusion",[{"references":[1491,1495,1501,1507],"name":"F168_makeBox_cad_primitives_py_8","taperAngle":0,"limit2":"@expr.d174_height","id":4}]])
[2026-09-16 14:19:23.600][VERB] RETURN: {"result":"$1545"}
[2026-09-16 14:19:23.600][VERB] COMMANDCALL: _C.SafeAPI.Execute(["v1.part.workPlane",[{"type":"PLANE","references":[38],"name":"F176_makeBox_cad_primitives_py_8_plane","offset":"@expr.d177_plane_offset","id":4}]])
[2026-09-16 14:19:23.605][VERB] RETURN: {"result":"$1588"}
[2026-09-16 14:19:23.605][VERB] COMMANDCALL: _C.SafeAPI.Execute(["v1.sketch.create",[{"planeId":1588,"name":"F176_makeBox_cad_primitives_py_8_profile","id":4}]])
[2026-09-16 14:19:23.608][VERB] RETURN: {"result":"$1594"}
[2026-09-16 14:19:23.608][VERB] COMMANDCALL: _C.SafeAPI.Execute(["v1.sketch.rectangle",[{"startPos":[85.35,-4,0],"id":1594,"genFixation":0,"endPos":[88.05,-1.3,0]}]])
[2026-09-16 14:19:23.615][VERB] RETURN: {"result":["$1600","$1604","$1610","$1616"]}
[2026-09-16 14:19:23.615][VERB] COMMANDCALL: _C.SafeAPI.Execute(["v1.sketch.getPoints",[{"id":1600}]])
[2026-09-16 14:19:23.615][VERB] RETURN: {"result":{"endId":"$1602","startId":"$1601"}}
[2026-09-16 14:19:23.615][VERB] COMMANDCALL: _C.SafeAPI.Execute(["v1.sketch.point",[{"pos":[-1000,-1000,0],"id":1594}]])
[2026-09-16 14:19:23.618][VERB] RETURN: {"result":"$1632"}
[2026-09-16 14:19:23.618][VERB] COMMANDCALL: _C.SafeAPI.Execute(["v1.sketch.constraint",[{"type":"FIXATION","id":1594,"geomIds":[1632]}]])
[2026-09-16 14:19:23.620][VERB] RETURN: {"result":"$1634"}
[2026-09-16 14:19:23.621][VERB] COMMANDCALL: _C.SafeAPI.Execute(["v1.sketch.dimension",[{"type":"HORIZONTAL_DISTANCE","value":"@expr.d178_position_x","name":"position_x","id":1594,"geomIds":[1632,1601]}]])
[2026-09-16 14:19:23.627][VERB] RETURN: {"result":"$1638"}
[2026-09-16 14:19:23.628][VERB] COMMANDCALL: _C.SafeAPI.Execute(["v1.sketch.dimension",[{"type":"VERTICAL_DISTANCE","value":"@expr.d179_position_y","name":"position_y","id":1594,"geomIds":[1632,1601]}]])
[2026-09-16 14:19:23.635][VERB] RETURN: {"result":"$1642"}
[2026-09-16 14:19:23.636][VERB] COMMANDCALL: _C.SafeAPI.Execute(["v1.sketch.dimension",[{"type":"OFFSET","value":"@expr.d180_width","name":"width","id":1594,"geomIds":[1600]}]])
[2026-09-16 14:19:23.644][VERB] RETURN: {"result":"$1646"}
[2026-09-16 14:19:23.645][VERB] COMMANDCALL: _C.SafeAPI.Execute(["v1.sketch.dimension",[{"type":"OFFSET","value":"@expr.d181_depth","name":"depth","id":1594,"geomIds":[1604]}]])
[2026-09-16 14:19:23.654][VERB] RETURN: {"result":"$1650"}
[2026-09-16 14:19:23.655][VERB] COMMANDCALL: _C.SafeAPI.Execute(["v1.part.extrusion",[{"references":[1600,1604,1610,1616],"name":"F176_makeBox_cad_primitives_py_8","taperAngle":0,"limit2":"@expr.d182_height","id":4}]])
[2026-09-16 14:19:23.661][VERB] RETURN: {"result":"$1654"}
[2026-09-16 14:19:23.662][VERB] COMMANDCALL: _C.SafeAPI.Execute(["v1.part.workPlane",[{"type":"PLANE","references":[38],"name":"F183_makeCylinder_cad_primitives_py_12_plane","offset":"@expr.d184_plane_offset","id":4}]])
[2026-09-16 14:19:23.666][VERB] RETURN: {"result":"$1697"}
[2026-09-16 14:19:23.666][VERB] COMMANDCALL: _C.SafeAPI.Execute(["v1.sketch.create",[{"planeId":1697,"name":"F183_makeCylinder_cad_primitives_py_12_profile","id":4}]])
[2026-09-16 14:19:23.669][VERB] RETURN: {"result":"$1703"}
[2026-09-16 14:19:23.669][VERB] COMMANDCALL: _C.SafeAPI.Execute(["v1.sketch.circle",[{"radius":2.7,"id":1703,"genFixation":0,"centerPos":[85.35,-4,0]}]])
[2026-09-16 14:19:23.671][VERB] RETURN: {"result":"$1709"}
[2026-09-16 14:19:23.671][VERB] COMMANDCALL: _C.SafeAPI.Execute(["v1.sketch.getPoints",[{"id":1709}]])
[2026-09-16 14:19:23.671][VERB] RETURN: {"result":{"centerId":"$1710"}}
[2026-09-16 14:19:23.671][VERB] COMMANDCALL: _C.SafeAPI.Execute(["v1.sketch.point",[{"pos":[-1000,-1000,0],"id":1703}]])
[2026-09-16 14:19:23.672][VERB] RETURN: {"result":"$1712"}
[2026-09-16 14:19:23.672][VERB] COMMANDCALL: _C.SafeAPI.Execute(["v1.sketch.constraint",[{"type":"FIXATION","id":1703,"geomIds":[1712]}]])
[2026-09-16 14:19:23.673][VERB] RETURN: {"result":"$1714"}
[2026-09-16 14:19:23.674][VERB] COMMANDCALL: _C.SafeAPI.Execute(["v1.sketch.dimension",[{"type":"HORIZONTAL_DISTANCE","value":"@expr.d185_position_x","name":"position_x","id":1703,"geomIds":[1712,1710]}]])
[2026-09-16 14:19:23.679][VERB] RETURN: {"result":"$1718"}
[2026-09-16 14:19:23.679][VERB] COMMANDCALL: _C.SafeAPI.Execute(["v1.sketch.dimension",[{"type":"VERTICAL_DISTANCE","value":"@expr.d186_position_y","name":"position_y","id":1703,"geomIds":[1712,1710]}]])
[2026-09-16 14:19:23.685][VERB] RETURN: {"result":"$1722"}
[2026-09-16 14:19:23.686][VERB] COMMANDCALL: _C.SafeAPI.Execute(["v1.sketch.dimension",[{"type":"RADIUS","value":"@expr.d187_radius","name":"radius","id":1703,"geomIds":[1709]}]])
[2026-09-16 14:19:23.692][VERB] RETURN: {"result":"$1726"}
[2026-09-16 14:19:23.693][VERB] COMMANDCALL: _C.SafeAPI.Execute(["v1.part.extrusion",[{"references":[1709],"name":"F183_makeCylinder_cad_primitives_py_12","taperAngle":0,"limit2":"@expr.d188_height","id":4}]])
[2026-09-16 14:19:23.698][VERB] RETURN: {"result":"$1730"}
[2026-09-16 14:19:23.699][VERB] COMMANDCALL: _C.SafeAPI.Execute(["v1.part.boolean",[{"type":"SUBTRACTION","tools":[1730],"target":1654,"name":"F175_cut_housing_shell_py_25","id":4}]])
[2026-09-16 14:19:23.708][VERB] RETURN: {"result":"$1752"}
[2026-09-16 14:19:23.709][VERB] COMMANDCALL: _C.SafeAPI.Execute(["v1.part.workPlane",[{"type":"PLANE","references":[38],"name":"F189_makeBox_cad_primitives_py_8_plane","offset":"@expr.d190_plane_offset","id":4}]])
[2026-09-16 14:19:23.713][VERB] RETURN: {"result":"$1770"}
[2026-09-16 14:19:23.713][VERB] COMMANDCALL: _C.SafeAPI.Execute(["v1.sketch.create",[{"planeId":1770,"name":"F189_makeBox_cad_primitives_py_8_profile","id":4}]])
[2026-09-16 14:19:23.716][VERB] RETURN: {"result":"$1776"}
[2026-09-16 14:19:23.716][VERB] COMMANDCALL: _C.SafeAPI.Execute(["v1.sketch.rectangle",[{"startPos":[88.05,30,0],"id":1776,"genFixation":0,"endPos":[92.5,41.3,0]}]])
[2026-09-16 14:19:23.723][VERB] RETURN: {"result":["$1782","$1786","$1792","$1798"]}
[2026-09-16 14:19:23.724][VERB] COMMANDCALL: _C.SafeAPI.Execute(["v1.sketch.getPoints",[{"id":1782}]])
[2026-09-16 14:19:23.724][VERB] RETURN: {"result":{"endId":"$1784","startId":"$1783"}}
[2026-09-16 14:19:23.724][VERB] COMMANDCALL: _C.SafeAPI.Execute(["v1.sketch.point",[{"pos":[-1000,-1000,0],"id":1776}]])
[2026-09-16 14:19:23.727][VERB] RETURN: {"result":"$1814"}
[2026-09-16 14:19:23.727][VERB] COMMANDCALL: _C.SafeAPI.Execute(["v1.sketch.constraint",[{"type":"FIXATION","id":1776,"geomIds":[1814]}]])
[2026-09-16 14:19:23.729][VERB] RETURN: {"result":"$1816"}
[2026-09-16 14:19:23.729][VERB] COMMANDCALL: _C.SafeAPI.Execute(["v1.sketch.dimension",[{"type":"HORIZONTAL_DISTANCE","value":"@expr.d191_position_x","name":"position_x","id":1776,"geomIds":[1814,1783]}]])
[2026-09-16 14:19:23.736][VERB] RETURN: {"result":"$1820"}
[2026-09-16 14:19:23.737][VERB] COMMANDCALL: _C.SafeAPI.Execute(["v1.sketch.dimension",[{"type":"VERTICAL_DISTANCE","value":"@expr.d192_position_y","name":"position_y","id":1776,"geomIds":[1814,1783]}]])
[2026-09-16 14:19:23.744][VERB] RETURN: {"result":"$1824"}
[2026-09-16 14:19:23.745][VERB] COMMANDCALL: _C.SafeAPI.Execute(["v1.sketch.dimension",[{"type":"OFFSET","value":"@expr.d193_width","name":"width","id":1776,"geomIds":[1782]}]])
[2026-09-16 14:19:23.753][VERB] RETURN: {"result":"$1828"}
[2026-09-16 14:19:23.754][VERB] COMMANDCALL: _C.SafeAPI.Execute(["v1.sketch.dimension",[{"type":"OFFSET","value":"@expr.d194_depth","name":"depth","id":1776,"geomIds":[1786]}]])
[2026-09-16 14:19:23.763][VERB] RETURN: {"result":"$1832"}
[2026-09-16 14:19:23.763][VERB] COMMANDCALL: _C.SafeAPI.Execute(["v1.part.extrusion",[{"references":[1782,1786,1792,1798],"name":"F189_makeBox_cad_primitives_py_8","taperAngle":0,"limit2":"@expr.d195_height","id":4}]])
[2026-09-16 14:19:23.770][VERB] RETURN: {"result":"$1836"}
[2026-09-16 14:19:23.771][VERB] COMMANDCALL: _C.SafeAPI.Execute(["v1.part.workPlane",[{"type":"PLANE","references":[38],"name":"F196_makeBox_cad_primitives_py_8_plane","offset":"@expr.d197_plane_offset","id":4}]])
[2026-09-16 14:19:23.775][VERB] RETURN: {"result":"$1879"}
[2026-09-16 14:19:23.776][VERB] COMMANDCALL: _C.SafeAPI.Execute(["v1.sketch.create",[{"planeId":1879,"name":"F196_makeBox_cad_primitives_py_8_profile","id":4}]])
[2026-09-16 14:19:23.778][VERB] RETURN: {"result":"$1885"}
[2026-09-16 14:19:23.779][VERB] COMMANDCALL: _C.SafeAPI.Execute(["v1.sketch.rectangle",[{"startPos":[88.05,30,0],"id":1885,"genFixation":0,"endPos":[92.5,38,0]}]])
[2026-09-16 14:19:23.787][VERB] RETURN: {"result":["$1891","$1895","$1901","$1907"]}
[2026-09-16 14:19:23.787][VERB] COMMANDCALL: _C.SafeAPI.Execute(["v1.sketch.getPoints",[{"id":1891}]])
[2026-09-16 14:19:23.788][VERB] RETURN: {"result":{"endId":"$1893","startId":"$1892"}}
[2026-09-16 14:19:23.788][VERB] COMMANDCALL: _C.SafeAPI.Execute(["v1.sketch.point",[{"pos":[-1000,-1000,0],"id":1885}]])
[2026-09-16 14:19:23.790][VERB] RETURN: {"result":"$1923"}
[2026-09-16 14:19:23.791][VERB] COMMANDCALL: _C.SafeAPI.Execute(["v1.sketch.constraint",[{"type":"FIXATION","id":1885,"geomIds":[1923]}]])
[2026-09-16 14:19:23.792][VERB] RETURN: {"result":"$1925"}
[2026-09-16 14:19:23.793][VERB] COMMANDCALL: _C.SafeAPI.Execute(["v1.sketch.dimension",[{"type":"HORIZONTAL_DISTANCE","value":"@expr.d198_position_x","name":"position_x","id":1885,"geomIds":[1923,1892]}]])
[2026-09-16 14:19:23.799][VERB] RETURN: {"result":"$1929"}
[2026-09-16 14:19:23.799][VERB] COMMANDCALL: _C.SafeAPI.Execute(["v1.sketch.dimension",[{"type":"VERTICAL_DISTANCE","value":"@expr.d199_position_y","name":"position_y","id":1885,"geomIds":[1923,1892]}]])
[2026-09-16 14:19:23.807][VERB] RETURN: {"result":"$1933"}
[2026-09-16 14:19:23.807][VERB] COMMANDCALL: _C.SafeAPI.Execute(["v1.sketch.dimension",[{"type":"OFFSET","value":"@expr.d200_width","name":"width","id":1885,"geomIds":[1891]}]])
[2026-09-16 14:19:23.815][VERB] RETURN: {"result":"$1937"}
[2026-09-16 14:19:23.815][VERB] COMMANDCALL: _C.SafeAPI.Execute(["v1.sketch.dimension",[{"type":"OFFSET","value":"@expr.d201_depth","name":"depth","id":1885,"geomIds":[1895]}]])
[2026-09-16 14:19:23.825][VERB] RETURN: {"result":"$1941"}
[2026-09-16 14:19:23.826][VERB] COMMANDCALL: _C.SafeAPI.Execute(["v1.part.extrusion",[{"references":[1891,1895,1901,1907],"name":"F196_makeBox_cad_primitives_py_8","taperAngle":0,"limit2":"@expr.d202_height","id":4}]])
[2026-09-16 14:19:23.832][VERB] RETURN: {"result":"$1945"}
[2026-09-16 14:19:23.832][VERB] COMMANDCALL: _C.SafeAPI.Execute(["v1.part.workPlane",[{"type":"PLANE","references":[38],"name":"F204_makeBox_cad_primitives_py_8_plane","offset":"@expr.d205_plane_offset","id":4}]])
[2026-09-16 14:19:23.837][VERB] RETURN: {"result":"$1988"}
[2026-09-16 14:19:23.838][VERB] COMMANDCALL: _C.SafeAPI.Execute(["v1.sketch.create",[{"planeId":1988,"name":"F204_makeBox_cad_primitives_py_8_profile","id":4}]])
[2026-09-16 14:19:23.840][VERB] RETURN: {"result":"$1994"}
[2026-09-16 14:19:23.841][VERB] COMMANDCALL: _C.SafeAPI.Execute(["v1.sketch.rectangle",[{"startPos":[59.1,40.8,0],"id":1994,"genFixation":0,"endPos":[63.1,44.8,0]}]])
[2026-09-16 14:19:23.847][VERB] RETURN: {"result":["$2000","$2004","$2010","$2016"]}
[2026-09-16 14:19:23.848][VERB] COMMANDCALL: _C.SafeAPI.Execute(["v1.sketch.getPoints",[{"id":2000}]])
[2026-09-16 14:19:23.848][VERB] RETURN: {"result":{"endId":"$2002","startId":"$2001"}}
[2026-09-16 14:19:23.848][VERB] COMMANDCALL: _C.SafeAPI.Execute(["v1.sketch.point",[{"pos":[-1000,-1000,0],"id":1994}]])
[2026-09-16 14:19:23.850][VERB] RETURN: {"result":"$2032"}
[2026-09-16 14:19:23.851][VERB] COMMANDCALL: _C.SafeAPI.Execute(["v1.sketch.constraint",[{"type":"FIXATION","id":1994,"geomIds":[2032]}]])
[2026-09-16 14:19:23.853][VERB] RETURN: {"result":"$2034"}
[2026-09-16 14:19:23.853][VERB] COMMANDCALL: _C.SafeAPI.Execute(["v1.sketch.dimension",[{"type":"HORIZONTAL_DISTANCE","value":"@expr.d206_position_x","name":"position_x","id":1994,"geomIds":[2032,2001]}]])
[2026-09-16 14:19:23.860][VERB] RETURN: {"result":"$2038"}
[2026-09-16 14:19:23.860][VERB] COMMANDCALL: _C.SafeAPI.Execute(["v1.sketch.dimension",[{"type":"VERTICAL_DISTANCE","value":"@expr.d207_position_y","name":"position_y","id":1994,"geomIds":[2032,2001]}]])
[2026-09-16 14:19:23.868][VERB] RETURN: {"result":"$2042"}
[2026-09-16 14:19:23.868][VERB] COMMANDCALL: _C.SafeAPI.Execute(["v1.sketch.dimension",[{"type":"OFFSET","value":"@expr.d208_width","name":"width","id":1994,"geomIds":[2000]}]])
[2026-09-16 14:19:23.877][VERB] RETURN: {"result":"$2046"}
[2026-09-16 14:19:23.877][VERB] COMMANDCALL: _C.SafeAPI.Execute(["v1.sketch.dimension",[{"type":"OFFSET","value":"@expr.d209_depth","name":"depth","id":1994,"geomIds":[2004]}]])
[2026-09-16 14:19:23.887][VERB] RETURN: {"result":"$2050"}
[2026-09-16 14:19:23.888][VERB] COMMANDCALL: _C.SafeAPI.Execute(["v1.part.extrusion",[{"references":[2000,2004,2010,2016],"name":"F204_makeBox_cad_primitives_py_8","taperAngle":0,"limit2":"@expr.d210_height","id":4}]])
[2026-09-16 14:19:23.894][VERB] RETURN: {"result":"$2054"}
[2026-09-16 14:19:23.895][VERB] COMMANDCALL: _C.SafeAPI.Execute(["v1.part.workPlane",[{"type":"PLANE","references":[38],"name":"F211_makeCylinder_cad_primitives_py_12_plane","offset":"@expr.d212_plane_offset","id":4}]])
[2026-09-16 14:19:23.899][VERB] RETURN: {"result":"$2097"}
[2026-09-16 14:19:23.899][VERB] COMMANDCALL: _C.SafeAPI.Execute(["v1.sketch.create",[{"planeId":2097,"name":"F211_makeCylinder_cad_primitives_py_12_profile","id":4}]])
[2026-09-16 14:19:23.901][VERB] RETURN: {"result":"$2103"}
[2026-09-16 14:19:23.902][VERB] COMMANDCALL: _C.SafeAPI.Execute(["v1.sketch.circle",[{"radius":4,"id":2103,"genFixation":0,"centerPos":[63.1,44.8,0]}]])
[2026-09-16 14:19:23.904][VERB] RETURN: {"result":"$2109"}
[2026-09-16 14:19:23.904][VERB] COMMANDCALL: _C.SafeAPI.Execute(["v1.sketch.getPoints",[{"id":2109}]])
[2026-09-16 14:19:23.904][VERB] RETURN: {"result":{"centerId":"$2110"}}
[2026-09-16 14:19:23.904][VERB] COMMANDCALL: _C.SafeAPI.Execute(["v1.sketch.point",[{"pos":[-1000,-1000,0],"id":2103}]])
[2026-09-16 14:19:23.905][VERB] RETURN: {"result":"$2112"}
[2026-09-16 14:19:23.906][VERB] COMMANDCALL: _C.SafeAPI.Execute(["v1.sketch.constraint",[{"type":"FIXATION","id":2103,"geomIds":[2112]}]])
[2026-09-16 14:19:23.907][VERB] RETURN: {"result":"$2114"}
[2026-09-16 14:19:23.907][VERB] COMMANDCALL: _C.SafeAPI.Execute(["v1.sketch.dimension",[{"type":"HORIZONTAL_DISTANCE","value":"@expr.d213_position_x","name":"position_x","id":2103,"geomIds":[2112,2110]}]])
[2026-09-16 14:19:23.912][VERB] RETURN: {"result":"$2118"}
[2026-09-16 14:19:23.912][VERB] COMMANDCALL: _C.SafeAPI.Execute(["v1.sketch.dimension",[{"type":"VERTICAL_DISTANCE","value":"@expr.d214_position_y","name":"position_y","id":2103,"geomIds":[2112,2110]}]])
[2026-09-16 14:19:23.918][VERB] RETURN: {"result":"$2122"}
[2026-09-16 14:19:23.919][VERB] COMMANDCALL: _C.SafeAPI.Execute(["v1.sketch.dimension",[{"type":"RADIUS","value":"@expr.d215_radius","name":"radius","id":2103,"geomIds":[2109]}]])
[2026-09-16 14:19:23.925][VERB] RETURN: {"result":"$2126"}
[2026-09-16 14:19:23.926][VERB] COMMANDCALL: _C.SafeAPI.Execute(["v1.part.extrusion",[{"references":[2109],"name":"F211_makeCylinder_cad_primitives_py_12","taperAngle":0,"limit2":"@expr.d216_height","id":4}]])
[2026-09-16 14:19:23.932][VERB] RETURN: {"result":"$2130"}
[2026-09-16 14:19:23.933][VERB] COMMANDCALL: _C.SafeAPI.Execute(["v1.part.boolean",[{"type":"SUBTRACTION","tools":[2130],"target":2054,"name":"F203_cut_housing_shell_py_39","id":4}]])
[2026-09-16 14:19:23.939][VERB] RETURN: {"result":"$2152"}
[2026-09-16 14:19:23.941][VERB] COMMANDCALL: _C.SafeAPI.Execute(["v1.part.workPlane",[{"type":"PLANE","references":[38],"name":"F218_makeBox_cad_primitives_py_8_plane","offset":"@expr.d219_plane_offset","id":4}]])
[2026-09-16 14:19:23.945][VERB] RETURN: {"result":"$2170"}
[2026-09-16 14:19:23.946][VERB] COMMANDCALL: _C.SafeAPI.Execute(["v1.sketch.create",[{"planeId":2170,"name":"F218_makeBox_cad_primitives_py_8_profile","id":4}]])
[2026-09-16 14:19:23.948][VERB] RETURN: {"result":"$2176"}
[2026-09-16 14:19:23.948][VERB] COMMANDCALL: _C.SafeAPI.Execute(["v1.sketch.rectangle",[{"startPos":[42.1,16.1,0],"id":2176,"genFixation":0,"endPos":[46.1,20.1,0]}]])
[2026-09-16 14:19:23.956][VERB] RETURN: {"result":["$2182","$2186","$2192","$2198"]}
[2026-09-16 14:19:23.956][VERB] COMMANDCALL: _C.SafeAPI.Execute(["v1.sketch.getPoints",[{"id":2182}]])
[2026-09-16 14:19:23.956][VERB] RETURN: {"result":{"endId":"$2184","startId":"$2183"}}
[2026-09-16 14:19:23.957][VERB] COMMANDCALL: _C.SafeAPI.Execute(["v1.sketch.point",[{"pos":[-1000,-1000,0],"id":2176}]])
[2026-09-16 14:19:23.959][VERB] RETURN: {"result":"$2214"}
[2026-09-16 14:19:23.959][VERB] COMMANDCALL: _C.SafeAPI.Execute(["v1.sketch.constraint",[{"type":"FIXATION","id":2176,"geomIds":[2214]}]])
[2026-09-16 14:19:23.961][VERB] RETURN: {"result":"$2216"}
[2026-09-16 14:19:23.961][VERB] COMMANDCALL: _C.SafeAPI.Execute(["v1.sketch.dimension",[{"type":"HORIZONTAL_DISTANCE","value":"@expr.d220_position_x","name":"position_x","id":2176,"geomIds":[2214,2183]}]])
[2026-09-16 14:19:23.968][VERB] RETURN: {"result":"$2220"}
[2026-09-16 14:19:23.968][VERB] COMMANDCALL: _C.SafeAPI.Execute(["v1.sketch.dimension",[{"type":"VERTICAL_DISTANCE","value":"@expr.d221_position_y","name":"position_y","id":2176,"geomIds":[2214,2183]}]])
[2026-09-16 14:19:23.975][VERB] RETURN: {"result":"$2224"}
[2026-09-16 14:19:23.976][VERB] COMMANDCALL: _C.SafeAPI.Execute(["v1.sketch.dimension",[{"type":"OFFSET","value":"@expr.d222_width","name":"width","id":2176,"geomIds":[2182]}]])
[2026-09-16 14:19:23.984][VERB] RETURN: {"result":"$2228"}
[2026-09-16 14:19:23.984][VERB] COMMANDCALL: _C.SafeAPI.Execute(["v1.sketch.dimension",[{"type":"OFFSET","value":"@expr.d223_depth","name":"depth","id":2176,"geomIds":[2186]}]])
[2026-09-16 14:19:23.994][VERB] RETURN: {"result":"$2232"}
[2026-09-16 14:19:23.995][VERB] COMMANDCALL: _C.SafeAPI.Execute(["v1.part.extrusion",[{"references":[2182,2186,2192,2198],"name":"F218_makeBox_cad_primitives_py_8","taperAngle":0,"limit2":"@expr.d224_height","id":4}]])
[2026-09-16 14:19:24.001][VERB] RETURN: {"result":"$2236"}
[2026-09-16 14:19:24.001][VERB] COMMANDCALL: _C.SafeAPI.Execute(["v1.part.workPlane",[{"type":"PLANE","references":[38],"name":"F225_makeCylinder_cad_primitives_py_12_plane","offset":"@expr.d226_plane_offset","id":4}]])
[2026-09-16 14:19:24.006][VERB] RETURN: {"result":"$2279"}
[2026-09-16 14:19:24.006][VERB] COMMANDCALL: _C.SafeAPI.Execute(["v1.sketch.create",[{"planeId":2279,"name":"F225_makeCylinder_cad_primitives_py_12_profile","id":4}]])
[2026-09-16 14:19:24.008][VERB] RETURN: {"result":"$2285"}
[2026-09-16 14:19:24.009][VERB] COMMANDCALL: _C.SafeAPI.Execute(["v1.sketch.circle",[{"radius":4,"id":2285,"genFixation":0,"centerPos":[42.1,16.1,0]}]])
[2026-09-16 14:19:24.010][VERB] RETURN: {"result":"$2291"}
[2026-09-16 14:19:24.010][VERB] COMMANDCALL: _C.SafeAPI.Execute(["v1.sketch.getPoints",[{"id":2291}]])
[2026-09-16 14:19:24.010][VERB] RETURN: {"result":{"centerId":"$2292"}}
[2026-09-16 14:19:24.011][VERB] COMMANDCALL: _C.SafeAPI.Execute(["v1.sketch.point",[{"pos":[-1000,-1000,0],"id":2285}]])
[2026-09-16 14:19:24.012][VERB] RETURN: {"result":"$2294"}
[2026-09-16 14:19:24.012][VERB] COMMANDCALL: _C.SafeAPI.Execute(["v1.sketch.constraint",[{"type":"FIXATION","id":2285,"geomIds":[2294]}]])
[2026-09-16 14:19:24.013][VERB] RETURN: {"result":"$2296"}
[2026-09-16 14:19:24.013][VERB] COMMANDCALL: _C.SafeAPI.Execute(["v1.sketch.dimension",[{"type":"HORIZONTAL_DISTANCE","value":"@expr.d227_position_x","name":"position_x","id":2285,"geomIds":[2294,2292]}]])
[2026-09-16 14:19:24.018][VERB] RETURN: {"result":"$2300"}
[2026-09-16 14:19:24.018][VERB] COMMANDCALL: _C.SafeAPI.Execute(["v1.sketch.dimension",[{"type":"VERTICAL_DISTANCE","value":"@expr.d228_position_y","name":"position_y","id":2285,"geomIds":[2294,2292]}]])
[2026-09-16 14:19:24.025][VERB] RETURN: {"result":"$2304"}
[2026-09-16 14:19:24.025][VERB] COMMANDCALL: _C.SafeAPI.Execute(["v1.sketch.dimension",[{"type":"RADIUS","value":"@expr.d229_radius","name":"radius","id":2285,"geomIds":[2291]}]])
[2026-09-16 14:19:24.031][VERB] RETURN: {"result":"$2308"}
[2026-09-16 14:19:24.032][VERB] COMMANDCALL: _C.SafeAPI.Execute(["v1.part.extrusion",[{"references":[2291],"name":"F225_makeCylinder_cad_primitives_py_12","taperAngle":0,"limit2":"@expr.d230_height","id":4}]])
[2026-09-16 14:19:24.039][VERB] RETURN: {"result":"$2312"}
[2026-09-16 14:19:24.041][VERB] COMMANDCALL: _C.SafeAPI.Execute(["v1.part.boolean",[{"type":"SUBTRACTION","tools":[2312],"target":2236,"name":"F217_cut_housing_shell_py_48","id":4}]])
[2026-09-16 14:19:24.047][VERB] RETURN: {"result":"$2334"}
[2026-09-16 14:19:24.048][VERB] COMMANDCALL: _C.SafeAPI.Execute(["v1.part.workPlane",[{"type":"PLANE","references":[38],"name":"F231_makeCylinder_cad_primitives_py_12_plane","offset":"@expr.d232_plane_offset","id":4}]])
[2026-09-16 14:19:24.052][VERB] RETURN: {"result":"$2352"}
[2026-09-16 14:19:24.052][VERB] COMMANDCALL: _C.SafeAPI.Execute(["v1.sketch.create",[{"planeId":2352,"name":"F231_makeCylinder_cad_primitives_py_12_profile","id":4}]])
[2026-09-16 14:19:24.054][VERB] RETURN: {"result":"$2358"}
[2026-09-16 14:19:24.054][VERB] COMMANDCALL: _C.SafeAPI.Execute(["v1.sketch.circle",[{"radius":4.5,"id":2358,"genFixation":0,"centerPos":[86.8,38.9,0]}]])
[2026-09-16 14:19:24.055][VERB] RETURN: {"result":"$2364"}
[2026-09-16 14:19:24.056][VERB] COMMANDCALL: _C.SafeAPI.Execute(["v1.sketch.getPoints",[{"id":2364}]])
[2026-09-16 14:19:24.056][VERB] RETURN: {"result":{"centerId":"$2365"}}
[2026-09-16 14:19:24.056][VERB] COMMANDCALL: _C.SafeAPI.Execute(["v1.sketch.point",[{"pos":[-1000,-1000,0],"id":2358}]])
[2026-09-16 14:19:24.057][VERB] RETURN: {"result":"$2367"}
[2026-09-16 14:19:24.057][VERB] COMMANDCALL: _C.SafeAPI.Execute(["v1.sketch.constraint",[{"type":"FIXATION","id":2358,"geomIds":[2367]}]])
[2026-09-16 14:19:24.058][VERB] RETURN: {"result":"$2369"}
[2026-09-16 14:19:24.058][VERB] COMMANDCALL: _C.SafeAPI.Execute(["v1.sketch.dimension",[{"type":"HORIZONTAL_DISTANCE","value":"@expr.d233_position_x","name":"position_x","id":2358,"geomIds":[2367,2365]}]])
[2026-09-16 14:19:24.063][VERB] RETURN: {"result":"$2373"}
[2026-09-16 14:19:24.063][VERB] COMMANDCALL: _C.SafeAPI.Execute(["v1.sketch.dimension",[{"type":"VERTICAL_DISTANCE","value":"@expr.d234_position_y","name":"position_y","id":2358,"geomIds":[2367,2365]}]])
[2026-09-16 14:19:24.068][VERB] RETURN: {"result":"$2377"}
[2026-09-16 14:19:24.069][VERB] COMMANDCALL: _C.SafeAPI.Execute(["v1.sketch.dimension",[{"type":"RADIUS","value":"@expr.d235_radius","name":"radius","id":2358,"geomIds":[2364]}]])
[2026-09-16 14:19:24.074][VERB] RETURN: {"result":"$2381"}
[2026-09-16 14:19:24.074][VERB] COMMANDCALL: _C.SafeAPI.Execute(["v1.part.extrusion",[{"references":[2364],"name":"F231_makeCylinder_cad_primitives_py_12","taperAngle":0,"limit2":"@expr.d236_height","id":4}]])
[2026-09-16 14:19:24.080][VERB] RETURN: {"result":"$2385"}
[2026-09-16 14:19:24.081][VERB] COMMANDCALL: _C.SafeAPI.Execute(["v1.part.workPlane",[{"type":"PLANE","references":[38],"name":"F237_makeBox_cad_primitives_py_8_plane","offset":"@expr.d238_plane_offset","id":4}]])
[2026-09-16 14:19:24.084][VERB] RETURN: {"result":"$2407"}
[2026-09-16 14:19:24.085][VERB] COMMANDCALL: _C.SafeAPI.Execute(["v1.sketch.create",[{"planeId":2407,"name":"F237_makeBox_cad_primitives_py_8_profile","id":4}]])
[2026-09-16 14:19:24.087][VERB] RETURN: {"result":"$2413"}
[2026-09-16 14:19:24.087][VERB] COMMANDCALL: _C.SafeAPI.Execute(["v1.sketch.rectangle",[{"startPos":[86.8,30,0],"id":2413,"genFixation":0,"endPos":[92.5,43,0]}]])
[2026-09-16 14:19:24.094][VERB] RETURN: {"result":["$2419","$2423","$2429","$2435"]}
[2026-09-16 14:19:24.094][VERB] COMMANDCALL: _C.SafeAPI.Execute(["v1.sketch.getPoints",[{"id":2419}]])
[2026-09-16 14:19:24.094][VERB] RETURN: {"result":{"endId":"$2421","startId":"$2420"}}
[2026-09-16 14:19:24.094][VERB] COMMANDCALL: _C.SafeAPI.Execute(["v1.sketch.point",[{"pos":[-1000,-1000,0],"id":2413}]])
[2026-09-16 14:19:24.096][VERB] RETURN: {"result":"$2451"}
[2026-09-16 14:19:24.096][VERB] COMMANDCALL: _C.SafeAPI.Execute(["v1.sketch.constraint",[{"type":"FIXATION","id":2413,"geomIds":[2451]}]])
[2026-09-16 14:19:24.098][VERB] RETURN: {"result":"$2453"}
[2026-09-16 14:19:24.098][VERB] COMMANDCALL: _C.SafeAPI.Execute(["v1.sketch.dimension",[{"type":"HORIZONTAL_DISTANCE","value":"@expr.d239_position_x","name":"position_x","id":2413,"geomIds":[2451,2420]}]])
[2026-09-16 14:19:24.104][VERB] RETURN: {"result":"$2457"}
[2026-09-16 14:19:24.104][VERB] COMMANDCALL: _C.SafeAPI.Execute(["v1.sketch.dimension",[{"type":"VERTICAL_DISTANCE","value":"@expr.d240_position_y","name":"position_y","id":2413,"geomIds":[2451,2420]}]])
[2026-09-16 14:19:24.110][VERB] RETURN: {"result":"$2461"}
[2026-09-16 14:19:24.111][VERB] COMMANDCALL: _C.SafeAPI.Execute(["v1.sketch.dimension",[{"type":"OFFSET","value":"@expr.d241_width","name":"width","id":2413,"geomIds":[2419]}]])
[2026-09-16 14:19:24.118][VERB] RETURN: {"result":"$2465"}
[2026-09-16 14:19:24.118][VERB] COMMANDCALL: _C.SafeAPI.Execute(["v1.sketch.dimension",[{"type":"OFFSET","value":"@expr.d242_depth","name":"depth","id":2413,"geomIds":[2423]}]])
[2026-09-16 14:19:24.126][VERB] RETURN: {"result":"$2469"}
[2026-09-16 14:19:24.127][VERB] COMMANDCALL: _C.SafeAPI.Execute(["v1.part.extrusion",[{"references":[2419,2423,2429,2435],"name":"F237_makeBox_cad_primitives_py_8","taperAngle":0,"limit2":"@expr.d243_height","id":4}]])
[2026-09-16 14:19:24.132][VERB] RETURN: {"result":"$2473"}
[2026-09-16 14:19:24.132][VERB] COMMANDCALL: _C.SafeAPI.Execute(["v1.part.boolean",[{"type":"UNION","tools":[231,307,362,417,472,560,669,745,800,855,910,998,1107,1183,1238,1293,1348,1436,1545,1752,1836,1945,2152,2334,2385,2473],"target":122,"name":"F46_union_cad_primitives_py_17","id":4}]])
[2026-09-16 14:19:24.176][VERB] RETURN: {"result":"$2516"}
[2026-09-16 14:19:24.177][VERB] COMMANDCALL: _C.SafeAPI.Execute(["v1.common.setDatabaseSettings",[{"isSketchGraphicEnabled":1,"isGraphicEnabled":1,"isCCGraphicEnabled":1,"doCurveTessellation":1}]])
[2026-09-16 14:19:24.177][VERB] RETURN: {"result":null}
[2026-09-16 14:19:24.225][DEBUG] Build graphic in: 29ms
[2026-09-16 14:19:24.255][VERB] COMMANDCALL: _C.SafeAPI.Execute(["v1.part.chamfer",[{"references":[2823,3034,2933,3097,2625,3098,2780,2794,2793,2705,2781,2670,2680,2814,2813,3084,3083,3077,3073,3121,3120,3155,3154,3022,3090,2994,3032,3150,3151,3152,3153],"name":"F45_chamfer_shell_skin_py_17","id":4,"distance1":"@expr.d244_cha ...
[2026-09-16 14:19:24.647][VERB] RETURN: {"result":"$3169"}
[2026-09-16 14:19:24.648][VERB] COMMANDCALL: _C.SafeAPI.Execute(["v1.sketch.create",[{"planeId":38,"name":"F245_chamfer_shell_skin_py_17_middle_profile","id":4}]])
[2026-09-16 14:19:24.650][VERB] RETURN: {"result":"$3553"}
[2026-09-16 14:19:24.650][VERB] COMMANDCALL: _C.SafeAPI.Execute(["v1.sketch.point",[{"pos":[-1000,-1000,0],"id":3553}]])
[2026-09-16 14:19:24.651][VERB] RETURN: {"result":"$3559"}
[2026-09-16 14:19:24.651][VERB] COMMANDCALL: _C.SafeAPI.Execute(["v1.sketch.constraint",[{"type":"FIXATION","id":3553,"geomIds":[3559]}]])
[2026-09-16 14:19:24.652][VERB] RETURN: {"result":"$3561"}
[2026-09-16 14:19:24.653][VERB] COMMANDCALL: _C.SafeAPI.Execute(["v1.sketch.line",[{"startPos":[2.1,1.6,0],"genIncidence":0,"genTangency":0,"genFixation":0,"genVertAndHoriz":0,"id":3553,"endPos":[53,1.6,0]}]])
[2026-09-16 14:19:24.654][VERB] RETURN: {"result":"$3563"}
[2026-09-16 14:19:24.655][VERB] COMMANDCALL: _C.SafeAPI.Execute(["v1.sketch.getPoints",[{"id":3563}]])
[2026-09-16 14:19:24.655][VERB] RETURN: {"result":{"endId":"$3565","startId":"$3564"}}
[2026-09-16 14:19:24.655][VERB] COMMANDCALL: _C.SafeAPI.Execute(["v1.sketch.dimension",[{"type":"HORIZONTAL_DISTANCE","value":"@expr.d246_x","name":"x","id":3553,"geomIds":[3559,3564]}]])
[2026-09-16 14:19:24.660][VERB] RETURN: {"result":"$3569"}
[2026-09-16 14:19:24.660][VERB] COMMANDCALL: _C.SafeAPI.Execute(["v1.sketch.dimension",[{"type":"VERTICAL_DISTANCE","value":"@expr.d247_y","name":"y","id":3553,"geomIds":[3559,3564]}]])
[2026-09-16 14:19:24.665][VERB] RETURN: {"result":"$3573"}
[2026-09-16 14:19:24.665][VERB] COMMANDCALL: _C.SafeAPI.Execute(["v1.sketch.dimension",[{"type":"HORIZONTAL_DISTANCE","value":"@expr.d248_x","name":"x","id":3553,"geomIds":[3559,3565]}]])
[2026-09-16 14:19:24.672][VERB] RETURN: {"result":"$3577"}
[2026-09-16 14:19:24.672][VERB] COMMANDCALL: _C.SafeAPI.Execute(["v1.sketch.dimension",[{"type":"VERTICAL_DISTANCE","value":"@expr.d249_y","name":"y","id":3553,"geomIds":[3559,3565]}]])
[2026-09-16 14:19:24.679][VERB] RETURN: {"result":"$3581"}
[2026-09-16 14:19:24.679][VERB] COMMANDCALL: _C.SafeAPI.Execute(["v1.sketch.line",[{"startPos":[53,1.6,0],"genIncidence":0,"genTangency":0,"genFixation":0,"genVertAndHoriz":0,"id":3553,"endPos":[53.5,2.1,0]}]])
[2026-09-16 14:19:24.682][VERB] RETURN: {"result":"$3583"}
[2026-09-16 14:19:24.682][VERB] COMMANDCALL: _C.SafeAPI.Execute(["v1.sketch.getPoints",[{"id":3583}]])
[2026-09-16 14:19:24.683][VERB] RETURN: {"result":{"endId":"$3585","startId":"$3584"}}
[2026-09-16 14:19:24.683][VERB] COMMANDCALL: _C.SafeAPI.Execute(["v1.sketch.dimension",[{"type":"HORIZONTAL_DISTANCE","value":"@expr.d250_x","name":"x","id":3553,"geomIds":[3559,3584]}]])
[2026-09-16 14:19:24.690][VERB] RETURN: {"result":"$3589"}
[2026-09-16 14:19:24.691][VERB] COMMANDCALL: _C.SafeAPI.Execute(["v1.sketch.dimension",[{"type":"VERTICAL_DISTANCE","value":"@expr.d251_y","name":"y","id":3553,"geomIds":[3559,3584]}]])
[2026-09-16 14:19:24.699][VERB] RETURN: {"result":"$3593"}
[2026-09-16 14:19:24.699][VERB] COMMANDCALL: _C.SafeAPI.Execute(["v1.sketch.dimension",[{"type":"HORIZONTAL_DISTANCE","value":"@expr.d252_x","name":"x","id":3553,"geomIds":[3559,3585]}]])
[2026-09-16 14:19:24.708][VERB] RETURN: {"result":"$3597"}
[2026-09-16 14:19:24.709][VERB] COMMANDCALL: _C.SafeAPI.Execute(["v1.sketch.dimension",[{"type":"VERTICAL_DISTANCE","value":"@expr.d253_y","name":"y","id":3553,"geomIds":[3559,3585]}]])
[2026-09-16 14:19:24.719][VERB] RETURN: {"result":"$3601"}
[2026-09-16 14:19:24.719][VERB] COMMANDCALL: _C.SafeAPI.Execute(["v1.sketch.line",[{"startPos":[53.5,2.1,0],"genIncidence":0,"genTangency":0,"genFixation":0,"genVertAndHoriz":0,"id":3553,"endPos":[53.5,25.1,0]}]])
[2026-09-16 14:19:24.724][VERB] RETURN: {"result":"$3603"}
[2026-09-16 14:19:24.724][VERB] COMMANDCALL: _C.SafeAPI.Execute(["v1.sketch.getPoints",[{"id":3603}]])
[2026-09-16 14:19:24.724][VERB] RETURN: {"result":{"endId":"$3605","startId":"$3604"}}
[2026-09-16 14:19:24.724][VERB] COMMANDCALL: _C.SafeAPI.Execute(["v1.sketch.dimension",[{"type":"HORIZONTAL_DISTANCE","value":"@expr.d254_x","name":"x","id":3553,"geomIds":[3559,3604]}]])
[2026-09-16 14:19:24.735][VERB] RETURN: {"result":"$3609"}
[2026-09-16 14:19:24.735][VERB] COMMANDCALL: _C.SafeAPI.Execute(["v1.sketch.dimension",[{"type":"VERTICAL_DISTANCE","value":"@expr.d255_y","name":"y","id":3553,"geomIds":[3559,3604]}]])
[2026-09-16 14:19:24.747][VERB] RETURN: {"result":"$3613"}
[2026-09-16 14:19:24.747][VERB] COMMANDCALL: _C.SafeAPI.Execute(["v1.sketch.dimension",[{"type":"HORIZONTAL_DISTANCE","value":"@expr.d256_x","name":"x","id":3553,"geomIds":[3559,3605]}]])
[2026-09-16 14:19:24.759][VERB] RETURN: {"result":"$3617"}
[2026-09-16 14:19:24.760][VERB] COMMANDCALL: _C.SafeAPI.Execute(["v1.sketch.dimension",[{"type":"VERTICAL_DISTANCE","value":"@expr.d257_y","name":"y","id":3553,"geomIds":[3559,3605]}]])
[2026-09-16 14:19:24.772][VERB] RETURN: {"result":"$3621"}
[2026-09-16 14:19:24.773][VERB] COMMANDCALL: _C.SafeAPI.Execute(["v1.sketch.line",[{"startPos":[53.5,25.1,0],"genIncidence":0,"genTangency":0,"genFixation":0,"genVertAndHoriz":0,"id":3553,"endPos":[53,25.6,0]}]])
[2026-09-16 14:19:24.779][VERB] RETURN: {"result":"$3623"}
[2026-09-16 14:19:24.779][VERB] COMMANDCALL: _C.SafeAPI.Execute(["v1.sketch.getPoints",[{"id":3623}]])
[2026-09-16 14:19:24.780][VERB] RETURN: {"result":{"endId":"$3625","startId":"$3624"}}
[2026-09-16 14:19:24.780][VERB] COMMANDCALL: _C.SafeAPI.Execute(["v1.sketch.dimension",[{"type":"HORIZONTAL_DISTANCE","value":"@expr.d258_x","name":"x","id":3553,"geomIds":[3559,3624]}]])
[2026-09-16 14:19:24.794][VERB] RETURN: {"result":"$3629"}
[2026-09-16 14:19:24.794][VERB] COMMANDCALL: _C.SafeAPI.Execute(["v1.sketch.dimension",[{"type":"VERTICAL_DISTANCE","value":"@expr.d259_y","name":"y","id":3553,"geomIds":[3559,3624]}]])
[2026-09-16 14:19:24.808][VERB] RETURN: {"result":"$3633"}
[2026-09-16 14:19:24.809][VERB] COMMANDCALL: _C.SafeAPI.Execute(["v1.sketch.dimension",[{"type":"HORIZONTAL_DISTANCE","value":"@expr.d260_x","name":"x","id":3553,"geomIds":[3559,3625]}]])
[2026-09-16 14:19:24.824][VERB] RETURN: {"result":"$3637"}
[2026-09-16 14:19:24.825][VERB] COMMANDCALL: _C.SafeAPI.Execute(["v1.sketch.dimension",[{"type":"VERTICAL_DISTANCE","value":"@expr.d261_y","name":"y","id":3553,"geomIds":[3559,3625]}]])
[2026-09-16 14:19:24.841][VERB] RETURN: {"result":"$3641"}
[2026-09-16 14:19:24.841][VERB] COMMANDCALL: _C.SafeAPI.Execute(["v1.sketch.line",[{"startPos":[53,25.6,0],"genIncidence":0,"genTangency":0,"genFixation":0,"genVertAndHoriz":0,"id":3553,"endPos":[2.1,25.6,0]}]])
[2026-09-16 14:19:24.849][VERB] RETURN: {"result":"$3643"}
[2026-09-16 14:19:24.849][VERB] COMMANDCALL: _C.SafeAPI.Execute(["v1.sketch.getPoints",[{"id":3643}]])
[2026-09-16 14:19:24.849][VERB] RETURN: {"result":{"endId":"$3645","startId":"$3644"}}
[2026-09-16 14:19:24.850][VERB] COMMANDCALL: _C.SafeAPI.Execute(["v1.sketch.dimension",[{"type":"HORIZONTAL_DISTANCE","value":"@expr.d262_x","name":"x","id":3553,"geomIds":[3559,3644]}]])
[2026-09-16 14:19:24.866][VERB] RETURN: {"result":"$3649"}
[2026-09-16 14:19:24.867][VERB] COMMANDCALL: _C.SafeAPI.Execute(["v1.sketch.dimension",[{"type":"VERTICAL_DISTANCE","value":"@expr.d263_y","name":"y","id":3553,"geomIds":[3559,3644]}]])
[2026-09-16 14:19:24.885][VERB] RETURN: {"result":"$3653"}
[2026-09-16 14:19:24.885][VERB] COMMANDCALL: _C.SafeAPI.Execute(["v1.sketch.dimension",[{"type":"HORIZONTAL_DISTANCE","value":"@expr.d264_x","name":"x","id":3553,"geomIds":[3559,3645]}]])
[2026-09-16 14:19:24.904][VERB] RETURN: {"result":"$3657"}
[2026-09-16 14:19:24.904][VERB] COMMANDCALL: _C.SafeAPI.Execute(["v1.sketch.dimension",[{"type":"VERTICAL_DISTANCE","value":"@expr.d265_y","name":"y","id":3553,"geomIds":[3559,3645]}]])
[2026-09-16 14:19:24.923][VERB] RETURN: {"result":"$3661"}
[2026-09-16 14:19:24.924][VERB] COMMANDCALL: _C.SafeAPI.Execute(["v1.sketch.line",[{"startPos":[2.1,25.6,0],"genIncidence":0,"genTangency":0,"genFixation":0,"genVertAndHoriz":0,"id":3553,"endPos":[1.6,25.1,0]}]])
[2026-09-16 14:19:24.933][VERB] RETURN: {"result":"$3663"}
[2026-09-16 14:19:24.934][VERB] COMMANDCALL: _C.SafeAPI.Execute(["v1.sketch.getPoints",[{"id":3663}]])
[2026-09-16 14:19:24.934][VERB] RETURN: {"result":{"endId":"$3665","startId":"$3664"}}
[2026-09-16 14:19:24.934][VERB] COMMANDCALL: _C.SafeAPI.Execute(["v1.sketch.dimension",[{"type":"HORIZONTAL_DISTANCE","value":"@expr.d266_x","name":"x","id":3553,"geomIds":[3559,3664]}]])
[2026-09-16 14:19:24.954][VERB] RETURN: {"result":"$3669"}
[2026-09-16 14:19:24.954][VERB] COMMANDCALL: _C.SafeAPI.Execute(["v1.sketch.dimension",[{"type":"VERTICAL_DISTANCE","value":"@expr.d267_y","name":"y","id":3553,"geomIds":[3559,3664]}]])
[2026-09-16 14:19:24.975][VERB] RETURN: {"result":"$3673"}
[2026-09-16 14:19:24.975][VERB] COMMANDCALL: _C.SafeAPI.Execute(["v1.sketch.dimension",[{"type":"HORIZONTAL_DISTANCE","value":"@expr.d268_x","name":"x","id":3553,"geomIds":[3559,3665]}]])
[2026-09-16 14:19:24.997][VERB] RETURN: {"result":"$3677"}
[2026-09-16 14:19:24.997][VERB] COMMANDCALL: _C.SafeAPI.Execute(["v1.sketch.dimension",[{"type":"VERTICAL_DISTANCE","value":"@expr.d269_y","name":"y","id":3553,"geomIds":[3559,3665]}]])
[2026-09-16 14:19:25.019][VERB] RETURN: {"result":"$3681"}
[2026-09-16 14:19:25.020][VERB] COMMANDCALL: _C.SafeAPI.Execute(["v1.sketch.line",[{"startPos":[1.6,25.1,0],"genIncidence":0,"genTangency":0,"genFixation":0,"genVertAndHoriz":0,"id":3553,"endPos":[1.6,2.1,0]}]])
[2026-09-16 14:19:25.031][VERB] RETURN: {"result":"$3683"}
[2026-09-16 14:19:25.031][VERB] COMMANDCALL: _C.SafeAPI.Execute(["v1.sketch.getPoints",[{"id":3683}]])
[2026-09-16 14:19:25.032][VERB] RETURN: {"result":{"endId":"$3685","startId":"$3684"}}
[2026-09-16 14:19:25.032][VERB] COMMANDCALL: _C.SafeAPI.Execute(["v1.sketch.dimension",[{"type":"HORIZONTAL_DISTANCE","value":"@expr.d270_x","name":"x","id":3553,"geomIds":[3559,3684]}]])
[2026-09-16 14:19:25.055][VERB] RETURN: {"result":"$3689"}
[2026-09-16 14:19:25.056][VERB] COMMANDCALL: _C.SafeAPI.Execute(["v1.sketch.dimension",[{"type":"VERTICAL_DISTANCE","value":"@expr.d271_y","name":"y","id":3553,"geomIds":[3559,3684]}]])
[2026-09-16 14:19:25.079][VERB] RETURN: {"result":"$3693"}
[2026-09-16 14:19:25.080][VERB] COMMANDCALL: _C.SafeAPI.Execute(["v1.sketch.dimension",[{"type":"HORIZONTAL_DISTANCE","value":"@expr.d272_x","name":"x","id":3553,"geomIds":[3559,3685]}]])
[2026-09-16 14:19:25.104][VERB] RETURN: {"result":"$3697"}
[2026-09-16 14:19:25.104][VERB] COMMANDCALL: _C.SafeAPI.Execute(["v1.sketch.dimension",[{"type":"VERTICAL_DISTANCE","value":"@expr.d273_y","name":"y","id":3553,"geomIds":[3559,3685]}]])
[2026-09-16 14:19:25.130][VERB] RETURN: {"result":"$3701"}
[2026-09-16 14:19:25.130][VERB] COMMANDCALL: _C.SafeAPI.Execute(["v1.sketch.line",[{"startPos":[1.6,2.1,0],"genIncidence":0,"genTangency":0,"genFixation":0,"genVertAndHoriz":0,"id":3553,"endPos":[2.1,1.6,0]}]])
[2026-09-16 14:19:25.143][VERB] RETURN: {"result":"$3703"}
[2026-09-16 14:19:25.144][VERB] COMMANDCALL: _C.SafeAPI.Execute(["v1.sketch.getPoints",[{"id":3703}]])
[2026-09-16 14:19:25.144][VERB] RETURN: {"result":{"endId":"$3705","startId":"$3704"}}
[2026-09-16 14:19:25.144][VERB] COMMANDCALL: _C.SafeAPI.Execute(["v1.sketch.dimension",[{"type":"HORIZONTAL_DISTANCE","value":"@expr.d274_x","name":"x","id":3553,"geomIds":[3559,3704]}]])
[2026-09-16 14:19:25.170][VERB] RETURN: {"result":"$3709"}
[2026-09-16 14:19:25.171][VERB] COMMANDCALL: _C.SafeAPI.Execute(["v1.sketch.dimension",[{"type":"VERTICAL_DISTANCE","value":"@expr.d275_y","name":"y","id":3553,"geomIds":[3559,3704]}]])
[2026-09-16 14:19:25.198][VERB] RETURN: {"result":"$3713"}
[2026-09-16 14:19:25.198][VERB] COMMANDCALL: _C.SafeAPI.Execute(["v1.sketch.dimension",[{"type":"HORIZONTAL_DISTANCE","value":"@expr.d276_x","name":"x","id":3553,"geomIds":[3559,3705]}]])
[2026-09-16 14:19:25.226][VERB] RETURN: {"result":"$3717"}
[2026-09-16 14:19:25.227][VERB] COMMANDCALL: _C.SafeAPI.Execute(["v1.sketch.dimension",[{"type":"VERTICAL_DISTANCE","value":"@expr.d277_y","name":"y","id":3553,"geomIds":[3559,3705]}]])
[2026-09-16 14:19:25.255][VERB] RETURN: {"result":"$3721"}
[2026-09-16 14:19:25.256][VERB] COMMANDCALL: _C.SafeAPI.Execute(["v1.part.extrusion",[{"references":[3563,3583,3603,3623,3643,3663,3683,3703],"name":"F245_chamfer_shell_skin_py_17_middle","taperAngle":0,"limit2":"@expr.d278_height","id":4}]])
[2026-09-16 14:19:25.262][VERB] RETURN: {"result":"$3725"}
[2026-09-16 14:19:25.262][VERB] COMMANDCALL: _C.SafeAPI.Execute(["v1.part.translation",[{"references":[34],"name":"F245_chamfer_shell_skin_py_17_middle_2","id":4,"targets":[3725],"distance":"@expr.d279_position"}]])
[2026-09-16 14:19:25.267][VERB] RETURN: {"result":"$3796"}
[2026-09-16 14:19:25.268][VERB] COMMANDCALL: _C.SafeAPI.Execute(["v1.part.extrusion",[{"references":[3563,3583,3603,3623,3643,3663,3683,3703],"name":"F245_chamfer_shell_skin_py_17_bottom","taperAngle":0.78539816339745,"limit2":"@expr.d280_bevel_height","id":4}]])
[2026-09-16 14:19:25.276][VERB] RETURN: {"result":"$3807"}
[2026-09-16 14:19:25.276][VERB] COMMANDCALL: _C.SafeAPI.Execute(["v1.part.translation",[{"references":[34],"name":"F245_chamfer_shell_skin_py_17_bottom_2","id":4,"targets":[3807],"distance":"@expr.d281_position"}]])
[2026-09-16 14:19:25.280][VERB] RETURN: {"result":"$3870"}
[2026-09-16 14:19:25.281][VERB] COMMANDCALL: _C.SafeAPI.Execute(["v1.part.extrusion",[{"references":[3563,3583,3603,3623,3643,3663,3683,3703],"name":"F245_chamfer_shell_skin_py_17_top","taperAngle":0.78539816339745,"limit2":"@expr.d282_bevel_height","id":4}]])
[2026-09-16 14:19:25.288][VERB] RETURN: {"result":"$3881"}
[2026-09-16 14:19:25.289][VERB] COMMANDCALL: _C.SafeAPI.Execute(["v1.part.translation",[{"references":[34],"name":"F245_chamfer_shell_skin_py_17_top_2","id":4,"targets":[3881],"distance":"@expr.d283_position"}]])
[2026-09-16 14:19:25.293][VERB] RETURN: {"result":"$3944"}
[2026-09-16 14:19:25.293][VERB] COMMANDCALL: _C.SafeAPI.Execute(["v1.part.boolean",[{"type":"UNION","tools":[3870,3944],"target":3796,"name":"F245_chamfer_shell_skin_py_17","id":4}]])
[2026-09-16 14:19:25.305][VERB] RETURN: {"result":"$3955"}
[2026-09-16 14:19:25.306][VERB] COMMANDCALL: _C.SafeAPI.Execute(["v1.part.workPlane",[{"type":"PLANE","references":[38],"name":"F284_makeBox_cad_primitives_py_8_plane","offset":"@expr.d285_plane_offset","id":4}]])
[2026-09-16 14:19:25.310][VERB] RETURN: {"result":"$4034"}
[2026-09-16 14:19:25.310][VERB] COMMANDCALL: _C.SafeAPI.Execute(["v1.sketch.create",[{"planeId":4034,"name":"F284_makeBox_cad_primitives_py_8_profile","id":4}]])
[2026-09-16 14:19:25.312][VERB] RETURN: {"result":"$4040"}
[2026-09-16 14:19:25.312][VERB] COMMANDCALL: _C.SafeAPI.Execute(["v1.sketch.rectangle",[{"startPos":[88.05,-7,0],"id":4040,"genFixation":0,"endPos":[92.5,5,0]}]])
[2026-09-16 14:19:25.319][VERB] RETURN: {"result":["$4046","$4050","$4056","$4062"]}
[2026-09-16 14:19:25.319][VERB] COMMANDCALL: _C.SafeAPI.Execute(["v1.sketch.getPoints",[{"id":4046}]])
[2026-09-16 14:19:25.319][VERB] RETURN: {"result":{"endId":"$4048","startId":"$4047"}}
[2026-09-16 14:19:25.320][VERB] COMMANDCALL: _C.SafeAPI.Execute(["v1.sketch.point",[{"pos":[-1000,-1000,0],"id":4040}]])
[2026-09-16 14:19:25.321][VERB] RETURN: {"result":"$4078"}
[2026-09-16 14:19:25.322][VERB] COMMANDCALL: _C.SafeAPI.Execute(["v1.sketch.constraint",[{"type":"FIXATION","id":4040,"geomIds":[4078]}]])
[2026-09-16 14:19:25.323][VERB] RETURN: {"result":"$4080"}
[2026-09-16 14:19:25.323][VERB] COMMANDCALL: _C.SafeAPI.Execute(["v1.sketch.dimension",[{"type":"HORIZONTAL_DISTANCE","value":"@expr.d286_position_x","name":"position_x","id":4040,"geomIds":[4078,4047]}]])
[2026-09-16 14:19:25.329][VERB] RETURN: {"result":"$4084"}
[2026-09-16 14:19:25.329][VERB] COMMANDCALL: _C.SafeAPI.Execute(["v1.sketch.dimension",[{"type":"VERTICAL_DISTANCE","value":"@expr.d287_position_y","name":"position_y","id":4040,"geomIds":[4078,4047]}]])
[2026-09-16 14:19:25.336][VERB] RETURN: {"result":"$4088"}
[2026-09-16 14:19:25.336][VERB] COMMANDCALL: _C.SafeAPI.Execute(["v1.sketch.dimension",[{"type":"OFFSET","value":"@expr.d288_width","name":"width","id":4040,"geomIds":[4046]}]])
[2026-09-16 14:19:25.343][VERB] RETURN: {"result":"$4092"}
[2026-09-16 14:19:25.343][VERB] COMMANDCALL: _C.SafeAPI.Execute(["v1.sketch.dimension",[{"type":"OFFSET","value":"@expr.d289_depth","name":"depth","id":4040,"geomIds":[4050]}]])
[2026-09-16 14:19:25.352][VERB] RETURN: {"result":"$4096"}
[2026-09-16 14:19:25.352][VERB] COMMANDCALL: _C.SafeAPI.Execute(["v1.part.extrusion",[{"references":[4046,4050,4056,4062],"name":"F284_makeBox_cad_primitives_py_8","taperAngle":0,"limit2":"@expr.d290_height","id":4}]])
[2026-09-16 14:19:25.358][VERB] RETURN: {"result":"$4100"}
[2026-09-16 14:19:25.358][VERB] COMMANDCALL: _C.SafeAPI.Execute(["v1.part.boolean",[{"type":"SUBTRACTION","tools":[4100],"target":3955,"name":"F44_union_housing_shell_py_61_cavity_0_stock_0","id":4}]])
[2026-09-16 14:19:25.364][VERB] RETURN: {"result":"$4143"}
[2026-09-16 14:19:25.364][VERB] COMMANDCALL: _C.SafeAPI.Execute(["v1.part.workPlane",[{"type":"PLANE","references":[38],"name":"F292_makeBox_cad_primitives_py_8_plane","offset":"@expr.d293_plane_offset","id":4}]])
[2026-09-16 14:19:25.368][VERB] RETURN: {"result":"$4155"}
[2026-09-16 14:19:25.369][VERB] COMMANDCALL: _C.SafeAPI.Execute(["v1.sketch.create",[{"planeId":4155,"name":"F292_makeBox_cad_primitives_py_8_profile","id":4}]])
[2026-09-16 14:19:25.371][VERB] RETURN: {"result":"$4161"}
[2026-09-16 14:19:25.371][VERB] COMMANDCALL: _C.SafeAPI.Execute(["v1.sketch.rectangle",[{"startPos":[85.35,-4,0],"id":4161,"genFixation":0,"endPos":[88.05,-1.3,0]}]])
[2026-09-16 14:19:25.378][VERB] RETURN: {"result":["$4167","$4171","$4177","$4183"]}
[2026-09-16 14:19:25.378][VERB] COMMANDCALL: _C.SafeAPI.Execute(["v1.sketch.getPoints",[{"id":4167}]])
[2026-09-16 14:19:25.378][VERB] RETURN: {"result":{"endId":"$4169","startId":"$4168"}}
[2026-09-16 14:19:25.378][VERB] COMMANDCALL: _C.SafeAPI.Execute(["v1.sketch.point",[{"pos":[-1000,-1000,0],"id":4161}]])
[2026-09-16 14:19:25.380][VERB] RETURN: {"result":"$4199"}
[2026-09-16 14:19:25.380][VERB] COMMANDCALL: _C.SafeAPI.Execute(["v1.sketch.constraint",[{"type":"FIXATION","id":4161,"geomIds":[4199]}]])
[2026-09-16 14:19:25.382][VERB] RETURN: {"result":"$4201"}
[2026-09-16 14:19:25.382][VERB] COMMANDCALL: _C.SafeAPI.Execute(["v1.sketch.dimension",[{"type":"HORIZONTAL_DISTANCE","value":"@expr.d294_position_x","name":"position_x","id":4161,"geomIds":[4199,4168]}]])
[2026-09-16 14:19:25.387][VERB] RETURN: {"result":"$4205"}
[2026-09-16 14:19:25.388][VERB] COMMANDCALL: _C.SafeAPI.Execute(["v1.sketch.dimension",[{"type":"VERTICAL_DISTANCE","value":"@expr.d295_position_y","name":"position_y","id":4161,"geomIds":[4199,4168]}]])
[2026-09-16 14:19:25.394][VERB] RETURN: {"result":"$4209"}
[2026-09-16 14:19:25.394][VERB] COMMANDCALL: _C.SafeAPI.Execute(["v1.sketch.dimension",[{"type":"OFFSET","value":"@expr.d296_width","name":"width","id":4161,"geomIds":[4167]}]])
[2026-09-16 14:19:25.402][VERB] RETURN: {"result":"$4213"}
[2026-09-16 14:19:25.402][VERB] COMMANDCALL: _C.SafeAPI.Execute(["v1.sketch.dimension",[{"type":"OFFSET","value":"@expr.d297_depth","name":"depth","id":4161,"geomIds":[4171]}]])
[2026-09-16 14:19:25.410][VERB] RETURN: {"result":"$4217"}
[2026-09-16 14:19:25.410][VERB] COMMANDCALL: _C.SafeAPI.Execute(["v1.part.extrusion",[{"references":[4167,4171,4177,4183],"name":"F292_makeBox_cad_primitives_py_8","taperAngle":0,"limit2":"@expr.d298_height","id":4}]])
[2026-09-16 14:19:25.416][VERB] RETURN: {"result":"$4221"}
[2026-09-16 14:19:25.416][VERB] COMMANDCALL: _C.SafeAPI.Execute(["v1.part.workPlane",[{"type":"PLANE","references":[38],"name":"F299_makeCylinder_cad_primitives_py_12_plane","offset":"@expr.d300_plane_offset","id":4}]])
[2026-09-16 14:19:25.420][VERB] RETURN: {"result":"$4264"}
[2026-09-16 14:19:25.420][VERB] COMMANDCALL: _C.SafeAPI.Execute(["v1.sketch.create",[{"planeId":4264,"name":"F299_makeCylinder_cad_primitives_py_12_profile","id":4}]])
[2026-09-16 14:19:25.422][VERB] RETURN: {"result":"$4270"}
[2026-09-16 14:19:25.422][VERB] COMMANDCALL: _C.SafeAPI.Execute(["v1.sketch.circle",[{"radius":2.7,"id":4270,"genFixation":0,"centerPos":[85.35,-4,0]}]])
[2026-09-16 14:19:25.424][VERB] RETURN: {"result":"$4276"}
[2026-09-16 14:19:25.424][VERB] COMMANDCALL: _C.SafeAPI.Execute(["v1.sketch.getPoints",[{"id":4276}]])
[2026-09-16 14:19:25.424][VERB] RETURN: {"result":{"centerId":"$4277"}}
[2026-09-16 14:19:25.424][VERB] COMMANDCALL: _C.SafeAPI.Execute(["v1.sketch.point",[{"pos":[-1000,-1000,0],"id":4270}]])
[2026-09-16 14:19:25.425][VERB] RETURN: {"result":"$4279"}
[2026-09-16 14:19:25.425][VERB] COMMANDCALL: _C.SafeAPI.Execute(["v1.sketch.constraint",[{"type":"FIXATION","id":4270,"geomIds":[4279]}]])
[2026-09-16 14:19:25.426][VERB] RETURN: {"result":"$4281"}
[2026-09-16 14:19:25.426][VERB] COMMANDCALL: _C.SafeAPI.Execute(["v1.sketch.dimension",[{"type":"HORIZONTAL_DISTANCE","value":"@expr.d301_position_x","name":"position_x","id":4270,"geomIds":[4279,4277]}]])
[2026-09-16 14:19:25.431][VERB] RETURN: {"result":"$4285"}
[2026-09-16 14:19:25.431][VERB] COMMANDCALL: _C.SafeAPI.Execute(["v1.sketch.dimension",[{"type":"VERTICAL_DISTANCE","value":"@expr.d302_position_y","name":"position_y","id":4270,"geomIds":[4279,4277]}]])
[2026-09-16 14:19:25.436][VERB] RETURN: {"result":"$4289"}
[2026-09-16 14:19:25.436][VERB] COMMANDCALL: _C.SafeAPI.Execute(["v1.sketch.dimension",[{"type":"RADIUS","value":"@expr.d303_radius","name":"radius","id":4270,"geomIds":[4276]}]])
[2026-09-16 14:19:25.441][VERB] RETURN: {"result":"$4293"}
[2026-09-16 14:19:25.441][VERB] COMMANDCALL: _C.SafeAPI.Execute(["v1.part.extrusion",[{"references":[4276],"name":"F299_makeCylinder_cad_primitives_py_12","taperAngle":0,"limit2":"@expr.d304_height","id":4}]])
[2026-09-16 14:19:25.447][VERB] RETURN: {"result":"$4297"}
[2026-09-16 14:19:25.447][VERB] COMMANDCALL: _C.SafeAPI.Execute(["v1.part.boolean",[{"type":"SUBTRACTION","tools":[4297],"target":4221,"name":"F291_cut_housing_shell_py_25","id":4}]])
[2026-09-16 14:19:25.453][VERB] RETURN: {"result":"$4319"}
[2026-09-16 14:19:25.454][VERB] COMMANDCALL: _C.SafeAPI.Execute(["v1.part.boolean",[{"type":"SUBTRACTION","tools":[4319],"target":4143,"name":"F44_union_housing_shell_py_61_cavity_0_stock_1","id":4}]])
[2026-09-16 14:19:25.459][VERB] RETURN: {"result":"$4337"}
[2026-09-16 14:19:25.459][VERB] COMMANDCALL: _C.SafeAPI.Execute(["v1.part.workPlane",[{"type":"PLANE","references":[38],"name":"F305_makeBox_cad_primitives_py_8_plane","offset":"@expr.d306_plane_offset","id":4}]])
[2026-09-16 14:19:25.463][VERB] RETURN: {"result":"$4349"}
[2026-09-16 14:19:25.463][VERB] COMMANDCALL: _C.SafeAPI.Execute(["v1.sketch.create",[{"planeId":4349,"name":"F305_makeBox_cad_primitives_py_8_profile","id":4}]])
[2026-09-16 14:19:25.465][VERB] RETURN: {"result":"$4355"}
[2026-09-16 14:19:25.466][VERB] COMMANDCALL: _C.SafeAPI.Execute(["v1.sketch.rectangle",[{"startPos":[88.05,30,0],"id":4355,"genFixation":0,"endPos":[92.5,41.3,0]}]])
[2026-09-16 14:19:25.472][VERB] RETURN: {"result":["$4361","$4365","$4371","$4377"]}
[2026-09-16 14:19:25.472][VERB] COMMANDCALL: _C.SafeAPI.Execute(["v1.sketch.getPoints",[{"id":4361}]])
[2026-09-16 14:19:25.472][VERB] RETURN: {"result":{"endId":"$4363","startId":"$4362"}}
[2026-09-16 14:19:25.473][VERB] COMMANDCALL: _C.SafeAPI.Execute(["v1.sketch.point",[{"pos":[-1000,-1000,0],"id":4355}]])
[2026-09-16 14:19:25.474][VERB] RETURN: {"result":"$4393"}
[2026-09-16 14:19:25.475][VERB] COMMANDCALL: _C.SafeAPI.Execute(["v1.sketch.constraint",[{"type":"FIXATION","id":4355,"geomIds":[4393]}]])
[2026-09-16 14:19:25.476][VERB] RETURN: {"result":"$4395"}
[2026-09-16 14:19:25.476][VERB] COMMANDCALL: _C.SafeAPI.Execute(["v1.sketch.dimension",[{"type":"HORIZONTAL_DISTANCE","value":"@expr.d307_position_x","name":"position_x","id":4355,"geomIds":[4393,4362]}]])
[2026-09-16 14:19:25.482][VERB] RETURN: {"result":"$4399"}
[2026-09-16 14:19:25.482][VERB] COMMANDCALL: _C.SafeAPI.Execute(["v1.sketch.dimension",[{"type":"VERTICAL_DISTANCE","value":"@expr.d308_position_y","name":"position_y","id":4355,"geomIds":[4393,4362]}]])
[2026-09-16 14:19:25.488][VERB] RETURN: {"result":"$4403"}
[2026-09-16 14:19:25.489][VERB] COMMANDCALL: _C.SafeAPI.Execute(["v1.sketch.dimension",[{"type":"OFFSET","value":"@expr.d309_width","name":"width","id":4355,"geomIds":[4361]}]])
[2026-09-16 14:19:25.496][VERB] RETURN: {"result":"$4407"}
[2026-09-16 14:19:25.496][VERB] COMMANDCALL: _C.SafeAPI.Execute(["v1.sketch.dimension",[{"type":"OFFSET","value":"@expr.d310_depth","name":"depth","id":4355,"geomIds":[4365]}]])
[2026-09-16 14:19:25.504][VERB] RETURN: {"result":"$4411"}
[2026-09-16 14:19:25.504][VERB] COMMANDCALL: _C.SafeAPI.Execute(["v1.part.extrusion",[{"references":[4361,4365,4371,4377],"name":"F305_makeBox_cad_primitives_py_8","taperAngle":0,"limit2":"@expr.d311_height","id":4}]])
[2026-09-16 14:19:25.509][VERB] RETURN: {"result":"$4415"}
[2026-09-16 14:19:25.510][VERB] COMMANDCALL: _C.SafeAPI.Execute(["v1.part.boolean",[{"type":"SUBTRACTION","tools":[4415],"target":4337,"name":"F44_union_housing_shell_py_61_cavity_0_stock_2","id":4}]])
[2026-09-16 14:19:25.516][VERB] RETURN: {"result":"$4458"}
[2026-09-16 14:19:25.516][VERB] COMMANDCALL: _C.SafeAPI.Execute(["v1.part.workPlane",[{"type":"PLANE","references":[38],"name":"F312_makeBox_cad_primitives_py_8_plane","offset":"@expr.d313_plane_offset","id":4}]])
[2026-09-16 14:19:25.520][VERB] RETURN: {"result":"$4470"}
[2026-09-16 14:19:25.520][VERB] COMMANDCALL: _C.SafeAPI.Execute(["v1.sketch.create",[{"planeId":4470,"name":"F312_makeBox_cad_primitives_py_8_profile","id":4}]])
[2026-09-16 14:19:25.522][VERB] RETURN: {"result":"$4476"}
[2026-09-16 14:19:25.523][VERB] COMMANDCALL: _C.SafeAPI.Execute(["v1.sketch.rectangle",[{"startPos":[88.05,30,0],"id":4476,"genFixation":0,"endPos":[92.5,38,0]}]])
[2026-09-16 14:19:25.529][VERB] RETURN: {"result":["$4482","$4486","$4492","$4498"]}
[2026-09-16 14:19:25.529][VERB] COMMANDCALL: _C.SafeAPI.Execute(["v1.sketch.getPoints",[{"id":4482}]])
[2026-09-16 14:19:25.529][VERB] RETURN: {"result":{"endId":"$4484","startId":"$4483"}}
[2026-09-16 14:19:25.529][VERB] COMMANDCALL: _C.SafeAPI.Execute(["v1.sketch.point",[{"pos":[-1000,-1000,0],"id":4476}]])
[2026-09-16 14:19:25.531][VERB] RETURN: {"result":"$4514"}
[2026-09-16 14:19:25.531][VERB] COMMANDCALL: _C.SafeAPI.Execute(["v1.sketch.constraint",[{"type":"FIXATION","id":4476,"geomIds":[4514]}]])
[2026-09-16 14:19:25.533][VERB] RETURN: {"result":"$4516"}
[2026-09-16 14:19:25.533][VERB] COMMANDCALL: _C.SafeAPI.Execute(["v1.sketch.dimension",[{"type":"HORIZONTAL_DISTANCE","value":"@expr.d314_position_x","name":"position_x","id":4476,"geomIds":[4514,4483]}]])
[2026-09-16 14:19:25.539][VERB] RETURN: {"result":"$4520"}
[2026-09-16 14:19:25.540][VERB] COMMANDCALL: _C.SafeAPI.Execute(["v1.sketch.dimension",[{"type":"VERTICAL_DISTANCE","value":"@expr.d315_position_y","name":"position_y","id":4476,"geomIds":[4514,4483]}]])
[2026-09-16 14:19:25.546][VERB] RETURN: {"result":"$4524"}
[2026-09-16 14:19:25.546][VERB] COMMANDCALL: _C.SafeAPI.Execute(["v1.sketch.dimension",[{"type":"OFFSET","value":"@expr.d316_width","name":"width","id":4476,"geomIds":[4482]}]])
[2026-09-16 14:19:25.554][VERB] RETURN: {"result":"$4528"}
[2026-09-16 14:19:25.555][VERB] COMMANDCALL: _C.SafeAPI.Execute(["v1.sketch.dimension",[{"type":"OFFSET","value":"@expr.d317_depth","name":"depth","id":4476,"geomIds":[4486]}]])
[2026-09-16 14:19:25.563][VERB] RETURN: {"result":"$4532"}
[2026-09-16 14:19:25.564][VERB] COMMANDCALL: _C.SafeAPI.Execute(["v1.part.extrusion",[{"references":[4482,4486,4492,4498],"name":"F312_makeBox_cad_primitives_py_8","taperAngle":0,"limit2":"@expr.d318_height","id":4}]])
[2026-09-16 14:19:25.571][VERB] RETURN: {"result":"$4536"}
[2026-09-16 14:19:25.572][VERB] COMMANDCALL: _C.SafeAPI.Execute(["v1.part.boolean",[{"type":"SUBTRACTION","tools":[4536],"target":4458,"name":"F44_union_housing_shell_py_61_cavity_0_stock_3","id":4}]])
[2026-09-16 14:19:25.580][VERB] RETURN: {"result":"$4579"}
[2026-09-16 14:19:25.580][VERB] COMMANDCALL: _C.SafeAPI.Execute(["v1.part.boolean",[{"type":"SUBTRACTION","tools":[4579],"target":3169,"name":"F44_union_housing_shell_py_61_cavity_0","id":4}]])
[2026-09-16 14:19:25.603][VERB] RETURN: {"result":"$4591"}
[2026-09-16 14:19:25.605][VERB] COMMANDCALL: _C.SafeAPI.Execute(["v1.sketch.create",[{"planeId":38,"name":"F319_chamfer_shell_skin_py_17_middle_profile","id":4}]])
[2026-09-16 14:19:25.607][VERB] RETURN: {"result":"$4759"}
[2026-09-16 14:19:25.608][VERB] COMMANDCALL: _C.SafeAPI.Execute(["v1.sketch.point",[{"pos":[-1000,-1000,0],"id":4759}]])
[2026-09-16 14:19:25.609][VERB] RETURN: {"result":"$4765"}
[2026-09-16 14:19:25.609][VERB] COMMANDCALL: _C.SafeAPI.Execute(["v1.sketch.constraint",[{"type":"FIXATION","id":4759,"geomIds":[4765]}]])
[2026-09-16 14:19:25.610][VERB] RETURN: {"result":"$4767"}
[2026-09-16 14:19:25.611][VERB] COMMANDCALL: _C.SafeAPI.Execute(["v1.sketch.line",[{"startPos":[2.1,23,0],"genIncidence":0,"genTangency":0,"genFixation":0,"genVertAndHoriz":0,"id":4759,"endPos":[54.7,23,0]}]])
[2026-09-16 14:19:25.612][VERB] RETURN: {"result":"$4769"}
[2026-09-16 14:19:25.612][VERB] COMMANDCALL: _C.SafeAPI.Execute(["v1.sketch.getPoints",[{"id":4769}]])
[2026-09-16 14:19:25.612][VERB] RETURN: {"result":{"endId":"$4771","startId":"$4770"}}
[2026-09-16 14:19:25.612][VERB] COMMANDCALL: _C.SafeAPI.Execute(["v1.sketch.dimension",[{"type":"HORIZONTAL_DISTANCE","value":"@expr.d320_x","name":"x","id":4759,"geomIds":[4765,4770]}]])
[2026-09-16 14:19:25.617][VERB] RETURN: {"result":"$4775"}
[2026-09-16 14:19:25.618][VERB] COMMANDCALL: _C.SafeAPI.Execute(["v1.sketch.dimension",[{"type":"VERTICAL_DISTANCE","value":"@expr.d321_y","name":"y","id":4759,"geomIds":[4765,4770]}]])
[2026-09-16 14:19:25.624][VERB] RETURN: {"result":"$4779"}
[2026-09-16 14:19:25.625][VERB] COMMANDCALL: _C.SafeAPI.Execute(["v1.sketch.dimension",[{"type":"HORIZONTAL_DISTANCE","value":"@expr.d322_x","name":"x","id":4759,"geomIds":[4765,4771]}]])
[2026-09-16 14:19:25.631][VERB] RETURN: {"result":"$4783"}
[2026-09-16 14:19:25.632][VERB] COMMANDCALL: _C.SafeAPI.Execute(["v1.sketch.dimension",[{"type":"VERTICAL_DISTANCE","value":"@expr.d323_y","name":"y","id":4759,"geomIds":[4765,4771]}]])
[2026-09-16 14:19:25.640][VERB] RETURN: {"result":"$4787"}
[2026-09-16 14:19:25.640][VERB] COMMANDCALL: _C.SafeAPI.Execute(["v1.sketch.line",[{"startPos":[54.7,23,0],"genIncidence":0,"genTangency":0,"genFixation":0,"genVertAndHoriz":0,"id":4759,"endPos":[55.2,23.5,0]}]])
[2026-09-16 14:19:25.644][VERB] RETURN: {"result":"$4789"}
[2026-09-16 14:19:25.644][VERB] COMMANDCALL: _C.SafeAPI.Execute(["v1.sketch.getPoints",[{"id":4789}]])
[2026-09-16 14:19:25.645][VERB] RETURN: {"result":{"endId":"$4791","startId":"$4790"}}
[2026-09-16 14:19:25.645][VERB] COMMANDCALL: _C.SafeAPI.Execute(["v1.sketch.dimension",[{"type":"HORIZONTAL_DISTANCE","value":"@expr.d324_x","name":"x","id":4759,"geomIds":[4765,4790]}]])
[2026-09-16 14:19:25.654][VERB] RETURN: {"result":"$4795"}
[2026-09-16 14:19:25.655][VERB] COMMANDCALL: _C.SafeAPI.Execute(["v1.sketch.dimension",[{"type":"VERTICAL_DISTANCE","value":"@expr.d325_y","name":"y","id":4759,"geomIds":[4765,4790]}]])
[2026-09-16 14:19:25.664][VERB] RETURN: {"result":"$4799"}
[2026-09-16 14:19:25.664][VERB] COMMANDCALL: _C.SafeAPI.Execute(["v1.sketch.dimension",[{"type":"HORIZONTAL_DISTANCE","value":"@expr.d326_x","name":"x","id":4759,"geomIds":[4765,4791]}]])
[2026-09-16 14:19:25.675][VERB] RETURN: {"result":"$4803"}
[2026-09-16 14:19:25.676][VERB] COMMANDCALL: _C.SafeAPI.Execute(["v1.sketch.dimension",[{"type":"VERTICAL_DISTANCE","value":"@expr.d327_y","name":"y","id":4759,"geomIds":[4765,4791]}]])
[2026-09-16 14:19:25.687][VERB] RETURN: {"result":"$4807"}
[2026-09-16 14:19:25.687][VERB] COMMANDCALL: _C.SafeAPI.Execute(["v1.sketch.line",[{"startPos":[55.2,23.5,0],"genIncidence":0,"genTangency":0,"genFixation":0,"genVertAndHoriz":0,"id":4759,"endPos":[55.2,61.9,0]}]])
[2026-09-16 14:19:25.693][VERB] RETURN: {"result":"$4809"}
[2026-09-16 14:19:25.693][VERB] COMMANDCALL: _C.SafeAPI.Execute(["v1.sketch.getPoints",[{"id":4809}]])
[2026-09-16 14:19:25.693][VERB] RETURN: {"result":{"endId":"$4811","startId":"$4810"}}
[2026-09-16 14:19:25.693][VERB] COMMANDCALL: _C.SafeAPI.Execute(["v1.sketch.dimension",[{"type":"HORIZONTAL_DISTANCE","value":"@expr.d328_x","name":"x","id":4759,"geomIds":[4765,4810]}]])
[2026-09-16 14:19:25.706][VERB] RETURN: {"result":"$4815"}
[2026-09-16 14:19:25.707][VERB] COMMANDCALL: _C.SafeAPI.Execute(["v1.sketch.dimension",[{"type":"VERTICAL_DISTANCE","value":"@expr.d329_y","name":"y","id":4759,"geomIds":[4765,4810]}]])
[2026-09-16 14:19:25.720][VERB] RETURN: {"result":"$4819"}
[2026-09-16 14:19:25.721][VERB] COMMANDCALL: _C.SafeAPI.Execute(["v1.sketch.dimension",[{"type":"HORIZONTAL_DISTANCE","value":"@expr.d330_x","name":"x","id":4759,"geomIds":[4765,4811]}]])
[2026-09-16 14:19:25.734][VERB] RETURN: {"result":"$4823"}
[2026-09-16 14:19:25.734][VERB] COMMANDCALL: _C.SafeAPI.Execute(["v1.sketch.dimension",[{"type":"VERTICAL_DISTANCE","value":"@expr.d331_y","name":"y","id":4759,"geomIds":[4765,4811]}]])
[2026-09-16 14:19:25.749][VERB] RETURN: {"result":"$4827"}
[2026-09-16 14:19:25.749][VERB] COMMANDCALL: _C.SafeAPI.Execute(["v1.sketch.line",[{"startPos":[55.2,61.9,0],"genIncidence":0,"genTangency":0,"genFixation":0,"genVertAndHoriz":0,"id":4759,"endPos":[54.7,62.4,0]}]])
[2026-09-16 14:19:25.757][VERB] RETURN: {"result":"$4829"}
[2026-09-16 14:19:25.757][VERB] COMMANDCALL: _C.SafeAPI.Execute(["v1.sketch.getPoints",[{"id":4829}]])
[2026-09-16 14:19:25.758][VERB] RETURN: {"result":{"endId":"$4831","startId":"$4830"}}
[2026-09-16 14:19:25.758][VERB] COMMANDCALL: _C.SafeAPI.Execute(["v1.sketch.dimension",[{"type":"HORIZONTAL_DISTANCE","value":"@expr.d332_x","name":"x","id":4759,"geomIds":[4765,4830]}]])
[2026-09-16 14:19:25.774][VERB] RETURN: {"result":"$4835"}
[2026-09-16 14:19:25.774][VERB] COMMANDCALL: _C.SafeAPI.Execute(["v1.sketch.dimension",[{"type":"VERTICAL_DISTANCE","value":"@expr.d333_y","name":"y","id":4759,"geomIds":[4765,4830]}]])
[2026-09-16 14:19:25.791][VERB] RETURN: {"result":"$4839"}
[2026-09-16 14:19:25.792][VERB] COMMANDCALL: _C.SafeAPI.Execute(["v1.sketch.dimension",[{"type":"HORIZONTAL_DISTANCE","value":"@expr.d334_x","name":"x","id":4759,"geomIds":[4765,4831]}]])
[2026-09-16 14:19:25.809][VERB] RETURN: {"result":"$4843"}
[2026-09-16 14:19:25.809][VERB] COMMANDCALL: _C.SafeAPI.Execute(["v1.sketch.dimension",[{"type":"VERTICAL_DISTANCE","value":"@expr.d335_y","name":"y","id":4759,"geomIds":[4765,4831]}]])
[2026-09-16 14:19:25.828][VERB] RETURN: {"result":"$4847"}
[2026-09-16 14:19:25.828][VERB] COMMANDCALL: _C.SafeAPI.Execute(["v1.sketch.line",[{"startPos":[54.7,62.4,0],"genIncidence":0,"genTangency":0,"genFixation":0,"genVertAndHoriz":0,"id":4759,"endPos":[2.1,62.4,0]}]])
[2026-09-16 14:19:25.837][VERB] RETURN: {"result":"$4849"}
[2026-09-16 14:19:25.838][VERB] COMMANDCALL: _C.SafeAPI.Execute(["v1.sketch.getPoints",[{"id":4849}]])
[2026-09-16 14:19:25.838][VERB] RETURN: {"result":{"endId":"$4851","startId":"$4850"}}
[2026-09-16 14:19:25.838][VERB] COMMANDCALL: _C.SafeAPI.Execute(["v1.sketch.dimension",[{"type":"HORIZONTAL_DISTANCE","value":"@expr.d336_x","name":"x","id":4759,"geomIds":[4765,4850]}]])
[2026-09-16 14:19:25.857][VERB] RETURN: {"result":"$4855"}
[2026-09-16 14:19:25.858][VERB] COMMANDCALL: _C.SafeAPI.Execute(["v1.sketch.dimension",[{"type":"VERTICAL_DISTANCE","value":"@expr.d337_y","name":"y","id":4759,"geomIds":[4765,4850]}]])
[2026-09-16 14:19:25.878][VERB] RETURN: {"result":"$4859"}
[2026-09-16 14:19:25.878][VERB] COMMANDCALL: _C.SafeAPI.Execute(["v1.sketch.dimension",[{"type":"HORIZONTAL_DISTANCE","value":"@expr.d338_x","name":"x","id":4759,"geomIds":[4765,4851]}]])
[2026-09-16 14:19:25.899][VERB] RETURN: {"result":"$4863"}
[2026-09-16 14:19:25.899][VERB] COMMANDCALL: _C.SafeAPI.Execute(["v1.sketch.dimension",[{"type":"VERTICAL_DISTANCE","value":"@expr.d339_y","name":"y","id":4759,"geomIds":[4765,4851]}]])
[2026-09-16 14:19:25.921][VERB] RETURN: {"result":"$4867"}
[2026-09-16 14:19:25.922][VERB] COMMANDCALL: _C.SafeAPI.Execute(["v1.sketch.line",[{"startPos":[2.1,62.4,0],"genIncidence":0,"genTangency":0,"genFixation":0,"genVertAndHoriz":0,"id":4759,"endPos":[1.6,61.9,0]}]])
[2026-09-16 14:19:25.932][VERB] RETURN: {"result":"$4869"}
[2026-09-16 14:19:25.932][VERB] COMMANDCALL: _C.SafeAPI.Execute(["v1.sketch.getPoints",[{"id":4869}]])
[2026-09-16 14:19:25.933][VERB] RETURN: {"result":{"endId":"$4871","startId":"$4870"}}
[2026-09-16 14:19:25.933][VERB] COMMANDCALL: _C.SafeAPI.Execute(["v1.sketch.dimension",[{"type":"HORIZONTAL_DISTANCE","value":"@expr.d340_x","name":"x","id":4759,"geomIds":[4765,4870]}]])
[2026-09-16 14:19:25.956][VERB] RETURN: {"result":"$4875"}
[2026-09-16 14:19:25.956][VERB] COMMANDCALL: _C.SafeAPI.Execute(["v1.sketch.dimension",[{"type":"VERTICAL_DISTANCE","value":"@expr.d341_y","name":"y","id":4759,"geomIds":[4765,4870]}]])
[2026-09-16 14:19:25.981][VERB] RETURN: {"result":"$4879"}
[2026-09-16 14:19:25.981][VERB] COMMANDCALL: _C.SafeAPI.Execute(["v1.sketch.dimension",[{"type":"HORIZONTAL_DISTANCE","value":"@expr.d342_x","name":"x","id":4759,"geomIds":[4765,4871]}]])
[2026-09-16 14:19:26.004][VERB] RETURN: {"result":"$4883"}
[2026-09-16 14:19:26.005][VERB] COMMANDCALL: _C.SafeAPI.Execute(["v1.sketch.dimension",[{"type":"VERTICAL_DISTANCE","value":"@expr.d343_y","name":"y","id":4759,"geomIds":[4765,4871]}]])
[2026-09-16 14:19:26.030][VERB] RETURN: {"result":"$4887"}
[2026-09-16 14:19:26.031][VERB] COMMANDCALL: _C.SafeAPI.Execute(["v1.sketch.line",[{"startPos":[1.6,61.9,0],"genIncidence":0,"genTangency":0,"genFixation":0,"genVertAndHoriz":0,"id":4759,"endPos":[1.6,23.5,0]}]])
[2026-09-16 14:19:26.043][VERB] RETURN: {"result":"$4889"}
[2026-09-16 14:19:26.044][VERB] COMMANDCALL: _C.SafeAPI.Execute(["v1.sketch.getPoints",[{"id":4889}]])
[2026-09-16 14:19:26.044][VERB] RETURN: {"result":{"endId":"$4891","startId":"$4890"}}
[2026-09-16 14:19:26.044][VERB] COMMANDCALL: _C.SafeAPI.Execute(["v1.sketch.dimension",[{"type":"HORIZONTAL_DISTANCE","value":"@expr.d344_x","name":"x","id":4759,"geomIds":[4765,4890]}]])
[2026-09-16 14:19:26.071][VERB] RETURN: {"result":"$4895"}
[2026-09-16 14:19:26.071][VERB] COMMANDCALL: _C.SafeAPI.Execute(["v1.sketch.dimension",[{"type":"VERTICAL_DISTANCE","value":"@expr.d345_y","name":"y","id":4759,"geomIds":[4765,4890]}]])
[2026-09-16 14:19:26.098][VERB] RETURN: {"result":"$4899"}
[2026-09-16 14:19:26.099][VERB] COMMANDCALL: _C.SafeAPI.Execute(["v1.sketch.dimension",[{"type":"HORIZONTAL_DISTANCE","value":"@expr.d346_x","name":"x","id":4759,"geomIds":[4765,4891]}]])
[2026-09-16 14:19:26.127][VERB] RETURN: {"result":"$4903"}
[2026-09-16 14:19:26.128][VERB] COMMANDCALL: _C.SafeAPI.Execute(["v1.sketch.dimension",[{"type":"VERTICAL_DISTANCE","value":"@expr.d347_y","name":"y","id":4759,"geomIds":[4765,4891]}]])
[2026-09-16 14:19:26.156][VERB] RETURN: {"result":"$4907"}
[2026-09-16 14:19:26.156][VERB] COMMANDCALL: _C.SafeAPI.Execute(["v1.sketch.line",[{"startPos":[1.6,23.5,0],"genIncidence":0,"genTangency":0,"genFixation":0,"genVertAndHoriz":0,"id":4759,"endPos":[2.1,23,0]}]])
[2026-09-16 14:19:26.171][VERB] RETURN: {"result":"$4909"}
[2026-09-16 14:19:26.171][VERB] COMMANDCALL: _C.SafeAPI.Execute(["v1.sketch.getPoints",[{"id":4909}]])
[2026-09-16 14:19:26.172][VERB] RETURN: {"result":{"endId":"$4911","startId":"$4910"}}
[2026-09-16 14:19:26.172][VERB] COMMANDCALL: _C.SafeAPI.Execute(["v1.sketch.dimension",[{"type":"HORIZONTAL_DISTANCE","value":"@expr.d348_x","name":"x","id":4759,"geomIds":[4765,4910]}]])
[2026-09-16 14:19:26.201][VERB] RETURN: {"result":"$4915"}
[2026-09-16 14:19:26.202][VERB] COMMANDCALL: _C.SafeAPI.Execute(["v1.sketch.dimension",[{"type":"VERTICAL_DISTANCE","value":"@expr.d349_y","name":"y","id":4759,"geomIds":[4765,4910]}]])
[2026-09-16 14:19:26.232][VERB] RETURN: {"result":"$4919"}
[2026-09-16 14:19:26.232][VERB] COMMANDCALL: _C.SafeAPI.Execute(["v1.sketch.dimension",[{"type":"HORIZONTAL_DISTANCE","value":"@expr.d350_x","name":"x","id":4759,"geomIds":[4765,4911]}]])
[2026-09-16 14:19:26.261][VERB] RETURN: {"result":"$4923"}
[2026-09-16 14:19:26.261][VERB] COMMANDCALL: _C.SafeAPI.Execute(["v1.sketch.dimension",[{"type":"VERTICAL_DISTANCE","value":"@expr.d351_y","name":"y","id":4759,"geomIds":[4765,4911]}]])
[2026-09-16 14:19:26.290][VERB] RETURN: {"result":"$4927"}
[2026-09-16 14:19:26.291][VERB] COMMANDCALL: _C.SafeAPI.Execute(["v1.part.extrusion",[{"references":[4769,4789,4809,4829,4849,4869,4889,4909],"name":"F319_chamfer_shell_skin_py_17_middle","taperAngle":0,"limit2":"@expr.d352_height","id":4}]])
[2026-09-16 14:19:26.297][VERB] RETURN: {"result":"$4931"}
[2026-09-16 14:19:26.298][VERB] COMMANDCALL: _C.SafeAPI.Execute(["v1.part.translation",[{"references":[34],"name":"F319_chamfer_shell_skin_py_17_middle_2","id":4,"targets":[4931],"distance":"@expr.d353_position"}]])
[2026-09-16 14:19:26.303][VERB] RETURN: {"result":"$5002"}
[2026-09-16 14:19:26.303][VERB] COMMANDCALL: _C.SafeAPI.Execute(["v1.part.extrusion",[{"references":[4769,4789,4809,4829,4849,4869,4889,4909],"name":"F319_chamfer_shell_skin_py_17_bottom","taperAngle":0.78539816339745,"limit2":"@expr.d354_bevel_height","id":4}]])
[2026-09-16 14:19:26.311][VERB] RETURN: {"result":"$5013"}
[2026-09-16 14:19:26.311][VERB] COMMANDCALL: _C.SafeAPI.Execute(["v1.part.translation",[{"references":[34],"name":"F319_chamfer_shell_skin_py_17_bottom_2","id":4,"targets":[5013],"distance":"@expr.d355_position"}]])
[2026-09-16 14:19:26.316][VERB] RETURN: {"result":"$5076"}
[2026-09-16 14:19:26.316][VERB] COMMANDCALL: _C.SafeAPI.Execute(["v1.part.extrusion",[{"references":[4769,4789,4809,4829,4849,4869,4889,4909],"name":"F319_chamfer_shell_skin_py_17_top","taperAngle":0.78539816339745,"limit2":"@expr.d356_bevel_height","id":4}]])
[2026-09-16 14:19:26.324][VERB] RETURN: {"result":"$5087"}
[2026-09-16 14:19:26.325][VERB] COMMANDCALL: _C.SafeAPI.Execute(["v1.part.translation",[{"references":[34],"name":"F319_chamfer_shell_skin_py_17_top_2","id":4,"targets":[5087],"distance":"@expr.d357_position"}]])
[2026-09-16 14:19:26.329][VERB] RETURN: {"result":"$5150"}
[2026-09-16 14:19:26.330][VERB] COMMANDCALL: _C.SafeAPI.Execute(["v1.part.boolean",[{"type":"UNION","tools":[5076,5150],"target":5002,"name":"F319_chamfer_shell_skin_py_17","id":4}]])
[2026-09-16 14:19:26.342][VERB] RETURN: {"result":"$5161"}
[2026-09-16 14:19:26.343][VERB] COMMANDCALL: _C.SafeAPI.Execute(["v1.part.workPlane",[{"type":"PLANE","references":[38],"name":"F358_makeBox_cad_primitives_py_8_plane","offset":"@expr.d359_plane_offset","id":4}]])
[2026-09-16 14:19:26.347][VERB] RETURN: {"result":"$5240"}
[2026-09-16 14:19:26.347][VERB] COMMANDCALL: _C.SafeAPI.Execute(["v1.sketch.create",[{"planeId":5240,"name":"F358_makeBox_cad_primitives_py_8_profile","id":4}]])
[2026-09-16 14:19:26.349][VERB] RETURN: {"result":"$5246"}
[2026-09-16 14:19:26.349][VERB] COMMANDCALL: _C.SafeAPI.Execute(["v1.sketch.rectangle",[{"startPos":[88.05,-7,0],"id":5246,"genFixation":0,"endPos":[92.5,5,0]}]])
[2026-09-16 14:19:26.356][VERB] RETURN: {"result":["$5252","$5256","$5262","$5268"]}
[2026-09-16 14:19:26.356][VERB] COMMANDCALL: _C.SafeAPI.Execute(["v1.sketch.getPoints",[{"id":5252}]])
[2026-09-16 14:19:26.356][VERB] RETURN: {"result":{"endId":"$5254","startId":"$5253"}}
[2026-09-16 14:19:26.357][VERB] COMMANDCALL: _C.SafeAPI.Execute(["v1.sketch.point",[{"pos":[-1000,-1000,0],"id":5246}]])
[2026-09-16 14:19:26.359][VERB] RETURN: {"result":"$5284"}
[2026-09-16 14:19:26.359][VERB] COMMANDCALL: _C.SafeAPI.Execute(["v1.sketch.constraint",[{"type":"FIXATION","id":5246,"geomIds":[5284]}]])
[2026-09-16 14:19:26.360][VERB] RETURN: {"result":"$5286"}
[2026-09-16 14:19:26.361][VERB] COMMANDCALL: _C.SafeAPI.Execute(["v1.sketch.dimension",[{"type":"HORIZONTAL_DISTANCE","value":"@expr.d360_position_x","name":"position_x","id":5246,"geomIds":[5284,5253]}]])
[2026-09-16 14:19:26.366][VERB] RETURN: {"result":"$5290"}
[2026-09-16 14:19:26.367][VERB] COMMANDCALL: _C.SafeAPI.Execute(["v1.sketch.dimension",[{"type":"VERTICAL_DISTANCE","value":"@expr.d361_position_y","name":"position_y","id":5246,"geomIds":[5284,5253]}]])
[2026-09-16 14:19:26.373][VERB] RETURN: {"result":"$5294"}
[2026-09-16 14:19:26.373][VERB] COMMANDCALL: _C.SafeAPI.Execute(["v1.sketch.dimension",[{"type":"OFFSET","value":"@expr.d362_width","name":"width","id":5246,"geomIds":[5252]}]])
[2026-09-16 14:19:26.381][VERB] RETURN: {"result":"$5298"}
[2026-09-16 14:19:26.381][VERB] COMMANDCALL: _C.SafeAPI.Execute(["v1.sketch.dimension",[{"type":"OFFSET","value":"@expr.d363_depth","name":"depth","id":5246,"geomIds":[5256]}]])
[2026-09-16 14:19:26.389][VERB] RETURN: {"result":"$5302"}
[2026-09-16 14:19:26.389][VERB] COMMANDCALL: _C.SafeAPI.Execute(["v1.part.extrusion",[{"references":[5252,5256,5262,5268],"name":"F358_makeBox_cad_primitives_py_8","taperAngle":0,"limit2":"@expr.d364_height","id":4}]])
[2026-09-16 14:19:26.395][VERB] RETURN: {"result":"$5306"}
[2026-09-16 14:19:26.396][VERB] COMMANDCALL: _C.SafeAPI.Execute(["v1.part.boolean",[{"type":"SUBTRACTION","tools":[5306],"target":5161,"name":"F44_union_housing_shell_py_61_cavity_1_stock_0","id":4}]])
[2026-09-16 14:19:26.402][VERB] RETURN: {"result":"$5349"}
[2026-09-16 14:19:26.402][VERB] COMMANDCALL: _C.SafeAPI.Execute(["v1.part.workPlane",[{"type":"PLANE","references":[38],"name":"F366_makeBox_cad_primitives_py_8_plane","offset":"@expr.d367_plane_offset","id":4}]])
[2026-09-16 14:19:26.406][VERB] RETURN: {"result":"$5361"}
[2026-09-16 14:19:26.406][VERB] COMMANDCALL: _C.SafeAPI.Execute(["v1.sketch.create",[{"planeId":5361,"name":"F366_makeBox_cad_primitives_py_8_profile","id":4}]])
[2026-09-16 14:19:26.408][VERB] RETURN: {"result":"$5367"}
[2026-09-16 14:19:26.409][VERB] COMMANDCALL: _C.SafeAPI.Execute(["v1.sketch.rectangle",[{"startPos":[85.35,-4,0],"id":5367,"genFixation":0,"endPos":[88.05,-1.3,0]}]])
[2026-09-16 14:19:26.415][VERB] RETURN: {"result":["$5373","$5377","$5383","$5389"]}
[2026-09-16 14:19:26.415][VERB] COMMANDCALL: _C.SafeAPI.Execute(["v1.sketch.getPoints",[{"id":5373}]])
[2026-09-16 14:19:26.416][VERB] RETURN: {"result":{"endId":"$5375","startId":"$5374"}}
[2026-09-16 14:19:26.416][VERB] COMMANDCALL: _C.SafeAPI.Execute(["v1.sketch.point",[{"pos":[-1000,-1000,0],"id":5367}]])
[2026-09-16 14:19:26.418][VERB] RETURN: {"result":"$5405"}
[2026-09-16 14:19:26.418][VERB] COMMANDCALL: _C.SafeAPI.Execute(["v1.sketch.constraint",[{"type":"FIXATION","id":5367,"geomIds":[5405]}]])
[2026-09-16 14:19:26.420][VERB] RETURN: {"result":"$5407"}
[2026-09-16 14:19:26.420][VERB] COMMANDCALL: _C.SafeAPI.Execute(["v1.sketch.dimension",[{"type":"HORIZONTAL_DISTANCE","value":"@expr.d368_position_x","name":"position_x","id":5367,"geomIds":[5405,5374]}]])
[2026-09-16 14:19:26.425][VERB] RETURN: {"result":"$5411"}
[2026-09-16 14:19:26.426][VERB] COMMANDCALL: _C.SafeAPI.Execute(["v1.sketch.dimension",[{"type":"VERTICAL_DISTANCE","value":"@expr.d369_position_y","name":"position_y","id":5367,"geomIds":[5405,5374]}]])
[2026-09-16 14:19:26.432][VERB] RETURN: {"result":"$5415"}
[2026-09-16 14:19:26.432][VERB] COMMANDCALL: _C.SafeAPI.Execute(["v1.sketch.dimension",[{"type":"OFFSET","value":"@expr.d370_width","name":"width","id":5367,"geomIds":[5373]}]])
[2026-09-16 14:19:26.439][VERB] RETURN: {"result":"$5419"}
[2026-09-16 14:19:26.439][VERB] COMMANDCALL: _C.SafeAPI.Execute(["v1.sketch.dimension",[{"type":"OFFSET","value":"@expr.d371_depth","name":"depth","id":5367,"geomIds":[5377]}]])
[2026-09-16 14:19:26.447][VERB] RETURN: {"result":"$5423"}
[2026-09-16 14:19:26.448][VERB] COMMANDCALL: _C.SafeAPI.Execute(["v1.part.extrusion",[{"references":[5373,5377,5383,5389],"name":"F366_makeBox_cad_primitives_py_8","taperAngle":0,"limit2":"@expr.d372_height","id":4}]])
[2026-09-16 14:19:26.454][VERB] RETURN: {"result":"$5427"}
[2026-09-16 14:19:26.454][VERB] COMMANDCALL: _C.SafeAPI.Execute(["v1.part.workPlane",[{"type":"PLANE","references":[38],"name":"F373_makeCylinder_cad_primitives_py_12_plane","offset":"@expr.d374_plane_offset","id":4}]])
[2026-09-16 14:19:26.458][VERB] RETURN: {"result":"$5470"}
[2026-09-16 14:19:26.458][VERB] COMMANDCALL: _C.SafeAPI.Execute(["v1.sketch.create",[{"planeId":5470,"name":"F373_makeCylinder_cad_primitives_py_12_profile","id":4}]])
[2026-09-16 14:19:26.460][VERB] RETURN: {"result":"$5476"}
[2026-09-16 14:19:26.461][VERB] COMMANDCALL: _C.SafeAPI.Execute(["v1.sketch.circle",[{"radius":2.7,"id":5476,"genFixation":0,"centerPos":[85.35,-4,0]}]])
[2026-09-16 14:19:26.462][VERB] RETURN: {"result":"$5482"}
[2026-09-16 14:19:26.462][VERB] COMMANDCALL: _C.SafeAPI.Execute(["v1.sketch.getPoints",[{"id":5482}]])
[2026-09-16 14:19:26.462][VERB] RETURN: {"result":{"centerId":"$5483"}}
[2026-09-16 14:19:26.462][VERB] COMMANDCALL: _C.SafeAPI.Execute(["v1.sketch.point",[{"pos":[-1000,-1000,0],"id":5476}]])
[2026-09-16 14:19:26.463][VERB] RETURN: {"result":"$5485"}
[2026-09-16 14:19:26.463][VERB] COMMANDCALL: _C.SafeAPI.Execute(["v1.sketch.constraint",[{"type":"FIXATION","id":5476,"geomIds":[5485]}]])
[2026-09-16 14:19:26.464][VERB] RETURN: {"result":"$5487"}
[2026-09-16 14:19:26.464][VERB] COMMANDCALL: _C.SafeAPI.Execute(["v1.sketch.dimension",[{"type":"HORIZONTAL_DISTANCE","value":"@expr.d375_position_x","name":"position_x","id":5476,"geomIds":[5485,5483]}]])
[2026-09-16 14:19:26.469][VERB] RETURN: {"result":"$5491"}
[2026-09-16 14:19:26.469][VERB] COMMANDCALL: _C.SafeAPI.Execute(["v1.sketch.dimension",[{"type":"VERTICAL_DISTANCE","value":"@expr.d376_position_y","name":"position_y","id":5476,"geomIds":[5485,5483]}]])
[2026-09-16 14:19:26.474][VERB] RETURN: {"result":"$5495"}
[2026-09-16 14:19:26.475][VERB] COMMANDCALL: _C.SafeAPI.Execute(["v1.sketch.dimension",[{"type":"RADIUS","value":"@expr.d377_radius","name":"radius","id":5476,"geomIds":[5482]}]])
[2026-09-16 14:19:26.480][VERB] RETURN: {"result":"$5499"}
[2026-09-16 14:19:26.481][VERB] COMMANDCALL: _C.SafeAPI.Execute(["v1.part.extrusion",[{"references":[5482],"name":"F373_makeCylinder_cad_primitives_py_12","taperAngle":0,"limit2":"@expr.d378_height","id":4}]])
[2026-09-16 14:19:26.487][VERB] RETURN: {"result":"$5503"}
[2026-09-16 14:19:26.488][VERB] COMMANDCALL: _C.SafeAPI.Execute(["v1.part.boolean",[{"type":"SUBTRACTION","tools":[5503],"target":5427,"name":"F365_cut_housing_shell_py_25","id":4}]])
[2026-09-16 14:19:26.494][VERB] RETURN: {"result":"$5525"}
[2026-09-16 14:19:26.494][VERB] COMMANDCALL: _C.SafeAPI.Execute(["v1.part.boolean",[{"type":"SUBTRACTION","tools":[5525],"target":5349,"name":"F44_union_housing_shell_py_61_cavity_1_stock_1","id":4}]])
[2026-09-16 14:19:26.500][VERB] RETURN: {"result":"$5543"}
[2026-09-16 14:19:26.500][VERB] COMMANDCALL: _C.SafeAPI.Execute(["v1.part.workPlane",[{"type":"PLANE","references":[38],"name":"F379_makeBox_cad_primitives_py_8_plane","offset":"@expr.d380_plane_offset","id":4}]])
[2026-09-16 14:19:26.504][VERB] RETURN: {"result":"$5555"}
[2026-09-16 14:19:26.505][VERB] COMMANDCALL: _C.SafeAPI.Execute(["v1.sketch.create",[{"planeId":5555,"name":"F379_makeBox_cad_primitives_py_8_profile","id":4}]])
[2026-09-16 14:19:26.507][VERB] RETURN: {"result":"$5561"}
[2026-09-16 14:19:26.507][VERB] COMMANDCALL: _C.SafeAPI.Execute(["v1.sketch.rectangle",[{"startPos":[88.05,30,0],"id":5561,"genFixation":0,"endPos":[92.5,41.3,0]}]])
[2026-09-16 14:19:26.514][VERB] RETURN: {"result":["$5567","$5571","$5577","$5583"]}
[2026-09-16 14:19:26.514][VERB] COMMANDCALL: _C.SafeAPI.Execute(["v1.sketch.getPoints",[{"id":5567}]])
[2026-09-16 14:19:26.514][VERB] RETURN: {"result":{"endId":"$5569","startId":"$5568"}}
[2026-09-16 14:19:26.514][VERB] COMMANDCALL: _C.SafeAPI.Execute(["v1.sketch.point",[{"pos":[-1000,-1000,0],"id":5561}]])
[2026-09-16 14:19:26.516][VERB] RETURN: {"result":"$5599"}
[2026-09-16 14:19:26.517][VERB] COMMANDCALL: _C.SafeAPI.Execute(["v1.sketch.constraint",[{"type":"FIXATION","id":5561,"geomIds":[5599]}]])
[2026-09-16 14:19:26.518][VERB] RETURN: {"result":"$5601"}
[2026-09-16 14:19:26.519][VERB] COMMANDCALL: _C.SafeAPI.Execute(["v1.sketch.dimension",[{"type":"HORIZONTAL_DISTANCE","value":"@expr.d381_position_x","name":"position_x","id":5561,"geomIds":[5599,5568]}]])
[2026-09-16 14:19:26.525][VERB] RETURN: {"result":"$5605"}
[2026-09-16 14:19:26.525][VERB] COMMANDCALL: _C.SafeAPI.Execute(["v1.sketch.dimension",[{"type":"VERTICAL_DISTANCE","value":"@expr.d382_position_y","name":"position_y","id":5561,"geomIds":[5599,5568]}]])
[2026-09-16 14:19:26.531][VERB] RETURN: {"result":"$5609"}
[2026-09-16 14:19:26.532][VERB] COMMANDCALL: _C.SafeAPI.Execute(["v1.sketch.dimension",[{"type":"OFFSET","value":"@expr.d383_width","name":"width","id":5561,"geomIds":[5567]}]])
[2026-09-16 14:19:26.540][VERB] RETURN: {"result":"$5613"}
[2026-09-16 14:19:26.540][VERB] COMMANDCALL: _C.SafeAPI.Execute(["v1.sketch.dimension",[{"type":"OFFSET","value":"@expr.d384_depth","name":"depth","id":5561,"geomIds":[5571]}]])
[2026-09-16 14:19:26.548][VERB] RETURN: {"result":"$5617"}
[2026-09-16 14:19:26.549][VERB] COMMANDCALL: _C.SafeAPI.Execute(["v1.part.extrusion",[{"references":[5567,5571,5577,5583],"name":"F379_makeBox_cad_primitives_py_8","taperAngle":0,"limit2":"@expr.d385_height","id":4}]])
[2026-09-16 14:19:26.555][VERB] RETURN: {"result":"$5621"}
[2026-09-16 14:19:26.555][VERB] COMMANDCALL: _C.SafeAPI.Execute(["v1.part.boolean",[{"type":"SUBTRACTION","tools":[5621],"target":5543,"name":"F44_union_housing_shell_py_61_cavity_1_stock_2","id":4}]])
[2026-09-16 14:19:26.562][VERB] RETURN: {"result":"$5664"}
[2026-09-16 14:19:26.562][VERB] COMMANDCALL: _C.SafeAPI.Execute(["v1.part.workPlane",[{"type":"PLANE","references":[38],"name":"F386_makeBox_cad_primitives_py_8_plane","offset":"@expr.d387_plane_offset","id":4}]])
[2026-09-16 14:19:26.566][VERB] RETURN: {"result":"$5676"}
[2026-09-16 14:19:26.567][VERB] COMMANDCALL: _C.SafeAPI.Execute(["v1.sketch.create",[{"planeId":5676,"name":"F386_makeBox_cad_primitives_py_8_profile","id":4}]])
[2026-09-16 14:19:26.569][VERB] RETURN: {"result":"$5682"}
[2026-09-16 14:19:26.570][VERB] COMMANDCALL: _C.SafeAPI.Execute(["v1.sketch.rectangle",[{"startPos":[88.05,30,0],"id":5682,"genFixation":0,"endPos":[92.5,38,0]}]])
[2026-09-16 14:19:26.577][VERB] RETURN: {"result":["$5688","$5692","$5698","$5704"]}
[2026-09-16 14:19:26.578][VERB] COMMANDCALL: _C.SafeAPI.Execute(["v1.sketch.getPoints",[{"id":5688}]])
[2026-09-16 14:19:26.578][VERB] RETURN: {"result":{"endId":"$5690","startId":"$5689"}}
[2026-09-16 14:19:26.578][VERB] COMMANDCALL: _C.SafeAPI.Execute(["v1.sketch.point",[{"pos":[-1000,-1000,0],"id":5682}]])
[2026-09-16 14:19:26.580][VERB] RETURN: {"result":"$5720"}
[2026-09-16 14:19:26.580][VERB] COMMANDCALL: _C.SafeAPI.Execute(["v1.sketch.constraint",[{"type":"FIXATION","id":5682,"geomIds":[5720]}]])
[2026-09-16 14:19:26.582][VERB] RETURN: {"result":"$5722"}
[2026-09-16 14:19:26.582][VERB] COMMANDCALL: _C.SafeAPI.Execute(["v1.sketch.dimension",[{"type":"HORIZONTAL_DISTANCE","value":"@expr.d388_position_x","name":"position_x","id":5682,"geomIds":[5720,5689]}]])
[2026-09-16 14:19:26.589][VERB] RETURN: {"result":"$5726"}
[2026-09-16 14:19:26.589][VERB] COMMANDCALL: _C.SafeAPI.Execute(["v1.sketch.dimension",[{"type":"VERTICAL_DISTANCE","value":"@expr.d389_position_y","name":"position_y","id":5682,"geomIds":[5720,5689]}]])
[2026-09-16 14:19:26.597][VERB] RETURN: {"result":"$5730"}
[2026-09-16 14:19:26.597][VERB] COMMANDCALL: _C.SafeAPI.Execute(["v1.sketch.dimension",[{"type":"OFFSET","value":"@expr.d390_width","name":"width","id":5682,"geomIds":[5688]}]])
[2026-09-16 14:19:26.606][VERB] RETURN: {"result":"$5734"}
[2026-09-16 14:19:26.606][VERB] COMMANDCALL: _C.SafeAPI.Execute(["v1.sketch.dimension",[{"type":"OFFSET","value":"@expr.d391_depth","name":"depth","id":5682,"geomIds":[5692]}]])
[2026-09-16 14:19:26.617][VERB] RETURN: {"result":"$5738"}
[2026-09-16 14:19:26.618][VERB] COMMANDCALL: _C.SafeAPI.Execute(["v1.part.extrusion",[{"references":[5688,5692,5698,5704],"name":"F386_makeBox_cad_primitives_py_8","taperAngle":0,"limit2":"@expr.d392_height","id":4}]])
[2026-09-16 14:19:26.625][VERB] RETURN: {"result":"$5742"}
[2026-09-16 14:19:26.626][VERB] COMMANDCALL: _C.SafeAPI.Execute(["v1.part.boolean",[{"type":"SUBTRACTION","tools":[5742],"target":5664,"name":"F44_union_housing_shell_py_61_cavity_1_stock_3","id":4}]])
[2026-09-16 14:19:26.634][VERB] RETURN: {"result":"$5785"}
[2026-09-16 14:19:26.635][VERB] COMMANDCALL: _C.SafeAPI.Execute(["v1.part.boolean",[{"type":"SUBTRACTION","tools":[5785],"target":4591,"name":"F44_union_housing_shell_py_61_cavity_1","id":4}]])
[2026-09-16 14:19:26.665][VERB] RETURN: {"result":"$5797"}
[2026-09-16 14:19:26.666][VERB] COMMANDCALL: _C.SafeAPI.Execute(["v1.sketch.create",[{"planeId":38,"name":"F393_chamfer_shell_skin_py_17_middle_profile","id":4}]])
[2026-09-16 14:19:26.670][VERB] RETURN: {"result":"$5946"}
[2026-09-16 14:19:26.670][VERB] COMMANDCALL: _C.SafeAPI.Execute(["v1.sketch.point",[{"pos":[-1000,-1000,0],"id":5946}]])
[2026-09-16 14:19:26.672][VERB] RETURN: {"result":"$5952"}
[2026-09-16 14:19:26.672][VERB] COMMANDCALL: _C.SafeAPI.Execute(["v1.sketch.constraint",[{"type":"FIXATION","id":5946,"geomIds":[5952]}]])
[2026-09-16 14:19:26.673][VERB] RETURN: {"result":"$5954"}
[2026-09-16 14:19:26.673][VERB] COMMANDCALL: _C.SafeAPI.Execute(["v1.sketch.line",[{"startPos":[49.5,1.6,0],"genIncidence":0,"genTangency":0,"genFixation":0,"genVertAndHoriz":0,"id":5946,"endPos":[88.1,1.6,0]}]])
[2026-09-16 14:19:26.675][VERB] RETURN: {"result":"$5956"}
[2026-09-16 14:19:26.675][VERB] COMMANDCALL: _C.SafeAPI.Execute(["v1.sketch.getPoints",[{"id":5956}]])
[2026-09-16 14:19:26.676][VERB] RETURN: {"result":{"endId":"$5958","startId":"$5957"}}
[2026-09-16 14:19:26.676][VERB] COMMANDCALL: _C.SafeAPI.Execute(["v1.sketch.dimension",[{"type":"HORIZONTAL_DISTANCE","value":"@expr.d394_x","name":"x","id":5946,"geomIds":[5952,5957]}]])
[2026-09-16 14:19:26.681][VERB] RETURN: {"result":"$5962"}
[2026-09-16 14:19:26.681][VERB] COMMANDCALL: _C.SafeAPI.Execute(["v1.sketch.dimension",[{"type":"VERTICAL_DISTANCE","value":"@expr.d395_y","name":"y","id":5946,"geomIds":[5952,5957]}]])
[2026-09-16 14:19:26.687][VERB] RETURN: {"result":"$5966"}
[2026-09-16 14:19:26.687][VERB] COMMANDCALL: _C.SafeAPI.Execute(["v1.sketch.dimension",[{"type":"HORIZONTAL_DISTANCE","value":"@expr.d396_x","name":"x","id":5946,"geomIds":[5952,5958]}]])
[2026-09-16 14:19:26.695][VERB] RETURN: {"result":"$5970"}
[2026-09-16 14:19:26.695][VERB] COMMANDCALL: _C.SafeAPI.Execute(["v1.sketch.dimension",[{"type":"VERTICAL_DISTANCE","value":"@expr.d397_y","name":"y","id":5946,"geomIds":[5952,5958]}]])
[2026-09-16 14:19:26.704][VERB] RETURN: {"result":"$5974"}
[2026-09-16 14:19:26.704][VERB] COMMANDCALL: _C.SafeAPI.Execute(["v1.sketch.line",[{"startPos":[88.1,1.6,0],"genIncidence":0,"genTangency":0,"genFixation":0,"genVertAndHoriz":0,"id":5946,"endPos":[88.6,2.1,0]}]])
[2026-09-16 14:19:26.708][VERB] RETURN: {"result":"$5976"}
[2026-09-16 14:19:26.708][VERB] COMMANDCALL: _C.SafeAPI.Execute(["v1.sketch.getPoints",[{"id":5976}]])
[2026-09-16 14:19:26.708][VERB] RETURN: {"result":{"endId":"$5978","startId":"$5977"}}
[2026-09-16 14:19:26.708][VERB] COMMANDCALL: _C.SafeAPI.Execute(["v1.sketch.dimension",[{"type":"HORIZONTAL_DISTANCE","value":"@expr.d398_x","name":"x","id":5946,"geomIds":[5952,5977]}]])
[2026-09-16 14:19:26.717][VERB] RETURN: {"result":"$5982"}
[2026-09-16 14:19:26.717][VERB] COMMANDCALL: _C.SafeAPI.Execute(["v1.sketch.dimension",[{"type":"VERTICAL_DISTANCE","value":"@expr.d399_y","name":"y","id":5946,"geomIds":[5952,5977]}]])
[2026-09-16 14:19:26.727][VERB] RETURN: {"result":"$5986"}
[2026-09-16 14:19:26.728][VERB] COMMANDCALL: _C.SafeAPI.Execute(["v1.sketch.dimension",[{"type":"HORIZONTAL_DISTANCE","value":"@expr.d400_x","name":"x","id":5946,"geomIds":[5952,5978]}]])
[2026-09-16 14:19:26.739][VERB] RETURN: {"result":"$5990"}
[2026-09-16 14:19:26.740][VERB] COMMANDCALL: _C.SafeAPI.Execute(["v1.sketch.dimension",[{"type":"VERTICAL_DISTANCE","value":"@expr.d401_y","name":"y","id":5946,"geomIds":[5952,5978]}]])
[2026-09-16 14:19:26.752][VERB] RETURN: {"result":"$5994"}
[2026-09-16 14:19:26.753][VERB] COMMANDCALL: _C.SafeAPI.Execute(["v1.sketch.line",[{"startPos":[88.6,2.1,0],"genIncidence":0,"genTangency":0,"genFixation":0,"genVertAndHoriz":0,"id":5946,"endPos":[88.6,37.4,0]}]])
[2026-09-16 14:19:26.759][VERB] RETURN: {"result":"$5996"}
[2026-09-16 14:19:26.759][VERB] COMMANDCALL: _C.SafeAPI.Execute(["v1.sketch.getPoints",[{"id":5996}]])
[2026-09-16 14:19:26.760][VERB] RETURN: {"result":{"endId":"$5998","startId":"$5997"}}
[2026-09-16 14:19:26.760][VERB] COMMANDCALL: _C.SafeAPI.Execute(["v1.sketch.dimension",[{"type":"HORIZONTAL_DISTANCE","value":"@expr.d402_x","name":"x","id":5946,"geomIds":[5952,5997]}]])
[2026-09-16 14:19:26.772][VERB] RETURN: {"result":"$6002"}
[2026-09-16 14:19:26.773][VERB] COMMANDCALL: _C.SafeAPI.Execute(["v1.sketch.dimension",[{"type":"VERTICAL_DISTANCE","value":"@expr.d403_y","name":"y","id":5946,"geomIds":[5952,5997]}]])
[2026-09-16 14:19:26.787][VERB] RETURN: {"result":"$6006"}
[2026-09-16 14:19:26.787][VERB] COMMANDCALL: _C.SafeAPI.Execute(["v1.sketch.dimension",[{"type":"HORIZONTAL_DISTANCE","value":"@expr.d404_x","name":"x","id":5946,"geomIds":[5952,5998]}]])
[2026-09-16 14:19:26.802][VERB] RETURN: {"result":"$6010"}
[2026-09-16 14:19:26.803][VERB] COMMANDCALL: _C.SafeAPI.Execute(["v1.sketch.dimension",[{"type":"VERTICAL_DISTANCE","value":"@expr.d405_y","name":"y","id":5946,"geomIds":[5952,5998]}]])
[2026-09-16 14:19:26.818][VERB] RETURN: {"result":"$6014"}
[2026-09-16 14:19:26.819][VERB] COMMANDCALL: _C.SafeAPI.Execute(["v1.sketch.line",[{"startPos":[88.6,37.4,0],"genIncidence":0,"genTangency":0,"genFixation":0,"genVertAndHoriz":0,"id":5946,"endPos":[88.1,37.9,0]}]])
[2026-09-16 14:19:26.827][VERB] RETURN: {"result":"$6016"}
[2026-09-16 14:19:26.827][VERB] COMMANDCALL: _C.SafeAPI.Execute(["v1.sketch.getPoints",[{"id":6016}]])
[2026-09-16 14:19:26.827][VERB] RETURN: {"result":{"endId":"$6018","startId":"$6017"}}
[2026-09-16 14:19:26.827][VERB] COMMANDCALL: _C.SafeAPI.Execute(["v1.sketch.dimension",[{"type":"HORIZONTAL_DISTANCE","value":"@expr.d406_x","name":"x","id":5946,"geomIds":[5952,6017]}]])
[2026-09-16 14:19:26.843][VERB] RETURN: {"result":"$6022"}
[2026-09-16 14:19:26.844][VERB] COMMANDCALL: _C.SafeAPI.Execute(["v1.sketch.dimension",[{"type":"VERTICAL_DISTANCE","value":"@expr.d407_y","name":"y","id":5946,"geomIds":[5952,6017]}]])
[2026-09-16 14:19:26.860][VERB] RETURN: {"result":"$6026"}
[2026-09-16 14:19:26.861][VERB] COMMANDCALL: _C.SafeAPI.Execute(["v1.sketch.dimension",[{"type":"HORIZONTAL_DISTANCE","value":"@expr.d408_x","name":"x","id":5946,"geomIds":[5952,6018]}]])
[2026-09-16 14:19:26.878][VERB] RETURN: {"result":"$6030"}
[2026-09-16 14:19:26.879][VERB] COMMANDCALL: _C.SafeAPI.Execute(["v1.sketch.dimension",[{"type":"VERTICAL_DISTANCE","value":"@expr.d409_y","name":"y","id":5946,"geomIds":[5952,6018]}]])
[2026-09-16 14:19:26.896][VERB] RETURN: {"result":"$6034"}
[2026-09-16 14:19:26.897][VERB] COMMANDCALL: _C.SafeAPI.Execute(["v1.sketch.line",[{"startPos":[88.1,37.9,0],"genIncidence":0,"genTangency":0,"genFixation":0,"genVertAndHoriz":0,"id":5946,"endPos":[49.5,37.9,0]}]])
[2026-09-16 14:19:26.906][VERB] RETURN: {"result":"$6036"}
[2026-09-16 14:19:26.907][VERB] COMMANDCALL: _C.SafeAPI.Execute(["v1.sketch.getPoints",[{"id":6036}]])
[2026-09-16 14:19:26.907][VERB] RETURN: {"result":{"endId":"$6038","startId":"$6037"}}
[2026-09-16 14:19:26.907][VERB] COMMANDCALL: _C.SafeAPI.Execute(["v1.sketch.dimension",[{"type":"HORIZONTAL_DISTANCE","value":"@expr.d410_x","name":"x","id":5946,"geomIds":[5952,6037]}]])
[2026-09-16 14:19:26.926][VERB] RETURN: {"result":"$6042"}
[2026-09-16 14:19:26.926][VERB] COMMANDCALL: _C.SafeAPI.Execute(["v1.sketch.dimension",[{"type":"VERTICAL_DISTANCE","value":"@expr.d411_y","name":"y","id":5946,"geomIds":[5952,6037]}]])
[2026-09-16 14:19:26.946][VERB] RETURN: {"result":"$6046"}
[2026-09-16 14:19:26.946][VERB] COMMANDCALL: _C.SafeAPI.Execute(["v1.sketch.dimension",[{"type":"HORIZONTAL_DISTANCE","value":"@expr.d412_x","name":"x","id":5946,"geomIds":[5952,6038]}]])
[2026-09-16 14:19:26.965][VERB] RETURN: {"result":"$6050"}
[2026-09-16 14:19:26.965][VERB] COMMANDCALL: _C.SafeAPI.Execute(["v1.sketch.dimension",[{"type":"VERTICAL_DISTANCE","value":"@expr.d413_y","name":"y","id":5946,"geomIds":[5952,6038]}]])
[2026-09-16 14:19:26.985][VERB] RETURN: {"result":"$6054"}
[2026-09-16 14:19:26.986][VERB] COMMANDCALL: _C.SafeAPI.Execute(["v1.sketch.line",[{"startPos":[49.5,37.9,0],"genIncidence":0,"genTangency":0,"genFixation":0,"genVertAndHoriz":0,"id":5946,"endPos":[49,37.4,0]}]])
[2026-09-16 14:19:26.996][VERB] RETURN: {"result":"$6056"}
[2026-09-16 14:19:26.997][VERB] COMMANDCALL: _C.SafeAPI.Execute(["v1.sketch.getPoints",[{"id":6056}]])
[2026-09-16 14:19:26.997][VERB] RETURN: {"result":{"endId":"$6058","startId":"$6057"}}
[2026-09-16 14:19:26.997][VERB] COMMANDCALL: _C.SafeAPI.Execute(["v1.sketch.dimension",[{"type":"HORIZONTAL_DISTANCE","value":"@expr.d414_x","name":"x","id":5946,"geomIds":[5952,6057]}]])
[2026-09-16 14:19:27.017][VERB] RETURN: {"result":"$6062"}
[2026-09-16 14:19:27.018][VERB] COMMANDCALL: _C.SafeAPI.Execute(["v1.sketch.dimension",[{"type":"VERTICAL_DISTANCE","value":"@expr.d415_y","name":"y","id":5946,"geomIds":[5952,6057]}]])
[2026-09-16 14:19:27.039][VERB] RETURN: {"result":"$6066"}
[2026-09-16 14:19:27.039][VERB] COMMANDCALL: _C.SafeAPI.Execute(["v1.sketch.dimension",[{"type":"HORIZONTAL_DISTANCE","value":"@expr.d416_x","name":"x","id":5946,"geomIds":[5952,6058]}]])
[2026-09-16 14:19:27.061][VERB] RETURN: {"result":"$6070"}
[2026-09-16 14:19:27.061][VERB] COMMANDCALL: _C.SafeAPI.Execute(["v1.sketch.dimension",[{"type":"VERTICAL_DISTANCE","value":"@expr.d417_y","name":"y","id":5946,"geomIds":[5952,6058]}]])
[2026-09-16 14:19:27.084][VERB] RETURN: {"result":"$6074"}
[2026-09-16 14:19:27.084][VERB] COMMANDCALL: _C.SafeAPI.Execute(["v1.sketch.line",[{"startPos":[49,37.4,0],"genIncidence":0,"genTangency":0,"genFixation":0,"genVertAndHoriz":0,"id":5946,"endPos":[49,2.1,0]}]])
[2026-09-16 14:19:27.095][VERB] RETURN: {"result":"$6076"}
[2026-09-16 14:19:27.096][VERB] COMMANDCALL: _C.SafeAPI.Execute(["v1.sketch.getPoints",[{"id":6076}]])
[2026-09-16 14:19:27.096][VERB] RETURN: {"result":{"endId":"$6078","startId":"$6077"}}
[2026-09-16 14:19:27.096][VERB] COMMANDCALL: _C.SafeAPI.Execute(["v1.sketch.dimension",[{"type":"HORIZONTAL_DISTANCE","value":"@expr.d418_x","name":"x","id":5946,"geomIds":[5952,6077]}]])
[2026-09-16 14:19:27.120][VERB] RETURN: {"result":"$6082"}
[2026-09-16 14:19:27.120][VERB] COMMANDCALL: _C.SafeAPI.Execute(["v1.sketch.dimension",[{"type":"VERTICAL_DISTANCE","value":"@expr.d419_y","name":"y","id":5946,"geomIds":[5952,6077]}]])
[2026-09-16 14:19:27.145][VERB] RETURN: {"result":"$6086"}
[2026-09-16 14:19:27.146][VERB] COMMANDCALL: _C.SafeAPI.Execute(["v1.sketch.dimension",[{"type":"HORIZONTAL_DISTANCE","value":"@expr.d420_x","name":"x","id":5946,"geomIds":[5952,6078]}]])
[2026-09-16 14:19:27.172][VERB] RETURN: {"result":"$6090"}
[2026-09-16 14:19:27.172][VERB] COMMANDCALL: _C.SafeAPI.Execute(["v1.sketch.dimension",[{"type":"VERTICAL_DISTANCE","value":"@expr.d421_y","name":"y","id":5946,"geomIds":[5952,6078]}]])
[2026-09-16 14:19:27.201][VERB] RETURN: {"result":"$6094"}
[2026-09-16 14:19:27.201][VERB] COMMANDCALL: _C.SafeAPI.Execute(["v1.sketch.line",[{"startPos":[49,2.1,0],"genIncidence":0,"genTangency":0,"genFixation":0,"genVertAndHoriz":0,"id":5946,"endPos":[49.5,1.6,0]}]])
[2026-09-16 14:19:27.215][VERB] RETURN: {"result":"$6096"}
[2026-09-16 14:19:27.216][VERB] COMMANDCALL: _C.SafeAPI.Execute(["v1.sketch.getPoints",[{"id":6096}]])
[2026-09-16 14:19:27.216][VERB] RETURN: {"result":{"endId":"$6098","startId":"$6097"}}
[2026-09-16 14:19:27.216][VERB] COMMANDCALL: _C.SafeAPI.Execute(["v1.sketch.dimension",[{"type":"HORIZONTAL_DISTANCE","value":"@expr.d422_x","name":"x","id":5946,"geomIds":[5952,6097]}]])
[2026-09-16 14:19:27.243][VERB] RETURN: {"result":"$6102"}
[2026-09-16 14:19:27.244][VERB] COMMANDCALL: _C.SafeAPI.Execute(["v1.sketch.dimension",[{"type":"VERTICAL_DISTANCE","value":"@expr.d423_y","name":"y","id":5946,"geomIds":[5952,6097]}]])
[2026-09-16 14:19:27.273][VERB] RETURN: {"result":"$6106"}
[2026-09-16 14:19:27.274][VERB] COMMANDCALL: _C.SafeAPI.Execute(["v1.sketch.dimension",[{"type":"HORIZONTAL_DISTANCE","value":"@expr.d424_x","name":"x","id":5946,"geomIds":[5952,6098]}]])
[2026-09-16 14:19:27.306][VERB] RETURN: {"result":"$6110"}
[2026-09-16 14:19:27.307][VERB] COMMANDCALL: _C.SafeAPI.Execute(["v1.sketch.dimension",[{"type":"VERTICAL_DISTANCE","value":"@expr.d425_y","name":"y","id":5946,"geomIds":[5952,6098]}]])
[2026-09-16 14:19:27.340][VERB] RETURN: {"result":"$6114"}
[2026-09-16 14:19:27.341][VERB] COMMANDCALL: _C.SafeAPI.Execute(["v1.part.extrusion",[{"references":[5956,5976,5996,6016,6036,6056,6076,6096],"name":"F393_chamfer_shell_skin_py_17_middle","taperAngle":0,"limit2":"@expr.d426_height","id":4}]])
[2026-09-16 14:19:27.348][VERB] RETURN: {"result":"$6118"}
[2026-09-16 14:19:27.349][VERB] COMMANDCALL: _C.SafeAPI.Execute(["v1.part.translation",[{"references":[34],"name":"F393_chamfer_shell_skin_py_17_middle_2","id":4,"targets":[6118],"distance":"@expr.d427_position"}]])
[2026-09-16 14:19:27.354][VERB] RETURN: {"result":"$6189"}
[2026-09-16 14:19:27.356][VERB] COMMANDCALL: _C.SafeAPI.Execute(["v1.part.extrusion",[{"references":[5956,5976,5996,6016,6036,6056,6076,6096],"name":"F393_chamfer_shell_skin_py_17_bottom","taperAngle":0.78539816339745,"limit2":"@expr.d428_bevel_height","id":4}]])
[2026-09-16 14:19:27.364][VERB] RETURN: {"result":"$6200"}
[2026-09-16 14:19:27.365][VERB] COMMANDCALL: _C.SafeAPI.Execute(["v1.part.translation",[{"references":[34],"name":"F393_chamfer_shell_skin_py_17_bottom_2","id":4,"targets":[6200],"distance":"@expr.d429_position"}]])
[2026-09-16 14:19:27.370][VERB] RETURN: {"result":"$6263"}
[2026-09-16 14:19:27.371][VERB] COMMANDCALL: _C.SafeAPI.Execute(["v1.part.extrusion",[{"references":[5956,5976,5996,6016,6036,6056,6076,6096],"name":"F393_chamfer_shell_skin_py_17_top","taperAngle":0.78539816339745,"limit2":"@expr.d430_bevel_height","id":4}]])
[2026-09-16 14:19:27.380][VERB] RETURN: {"result":"$6274"}
[2026-09-16 14:19:27.381][VERB] COMMANDCALL: _C.SafeAPI.Execute(["v1.part.translation",[{"references":[34],"name":"F393_chamfer_shell_skin_py_17_top_2","id":4,"targets":[6274],"distance":"@expr.d431_position"}]])
[2026-09-16 14:19:27.386][VERB] RETURN: {"result":"$6337"}
[2026-09-16 14:19:27.387][VERB] COMMANDCALL: _C.SafeAPI.Execute(["v1.part.boolean",[{"type":"UNION","tools":[6263,6337],"target":6189,"name":"F393_chamfer_shell_skin_py_17","id":4}]])
[2026-09-16 14:19:27.400][VERB] RETURN: {"result":"$6348"}
[2026-09-16 14:19:27.401][VERB] COMMANDCALL: _C.SafeAPI.Execute(["v1.part.workPlane",[{"type":"PLANE","references":[38],"name":"F432_makeBox_cad_primitives_py_8_plane","offset":"@expr.d433_plane_offset","id":4}]])
[2026-09-16 14:19:27.406][VERB] RETURN: {"result":"$6427"}
[2026-09-16 14:19:27.407][VERB] COMMANDCALL: _C.SafeAPI.Execute(["v1.sketch.create",[{"planeId":6427,"name":"F432_makeBox_cad_primitives_py_8_profile","id":4}]])
[2026-09-16 14:19:27.410][VERB] RETURN: {"result":"$6433"}
[2026-09-16 14:19:27.410][VERB] COMMANDCALL: _C.SafeAPI.Execute(["v1.sketch.rectangle",[{"startPos":[88.05,-7,0],"id":6433,"genFixation":0,"endPos":[92.5,5,0]}]])
[2026-09-16 14:19:27.417][VERB] RETURN: {"result":["$6439","$6443","$6449","$6455"]}
[2026-09-16 14:19:27.417][VERB] COMMANDCALL: _C.SafeAPI.Execute(["v1.sketch.getPoints",[{"id":6439}]])
[2026-09-16 14:19:27.418][VERB] RETURN: {"result":{"endId":"$6441","startId":"$6440"}}
[2026-09-16 14:19:27.418][VERB] COMMANDCALL: _C.SafeAPI.Execute(["v1.sketch.point",[{"pos":[-1000,-1000,0],"id":6433}]])
[2026-09-16 14:19:27.420][VERB] RETURN: {"result":"$6471"}
[2026-09-16 14:19:27.421][VERB] COMMANDCALL: _C.SafeAPI.Execute(["v1.sketch.constraint",[{"type":"FIXATION","id":6433,"geomIds":[6471]}]])
[2026-09-16 14:19:27.422][VERB] RETURN: {"result":"$6473"}
[2026-09-16 14:19:27.423][VERB] COMMANDCALL: _C.SafeAPI.Execute(["v1.sketch.dimension",[{"type":"HORIZONTAL_DISTANCE","value":"@expr.d434_position_x","name":"position_x","id":6433,"geomIds":[6471,6440]}]])
[2026-09-16 14:19:27.429][VERB] RETURN: {"result":"$6477"}
[2026-09-16 14:19:27.429][VERB] COMMANDCALL: _C.SafeAPI.Execute(["v1.sketch.dimension",[{"type":"VERTICAL_DISTANCE","value":"@expr.d435_position_y","name":"position_y","id":6433,"geomIds":[6471,6440]}]])
[2026-09-16 14:19:27.436][VERB] RETURN: {"result":"$6481"}
[2026-09-16 14:19:27.437][VERB] COMMANDCALL: _C.SafeAPI.Execute(["v1.sketch.dimension",[{"type":"OFFSET","value":"@expr.d436_width","name":"width","id":6433,"geomIds":[6439]}]])
[2026-09-16 14:19:27.446][VERB] RETURN: {"result":"$6485"}
[2026-09-16 14:19:27.446][VERB] COMMANDCALL: _C.SafeAPI.Execute(["v1.sketch.dimension",[{"type":"OFFSET","value":"@expr.d437_depth","name":"depth","id":6433,"geomIds":[6443]}]])
[2026-09-16 14:19:27.454][VERB] RETURN: {"result":"$6489"}
[2026-09-16 14:19:27.455][VERB] COMMANDCALL: _C.SafeAPI.Execute(["v1.part.extrusion",[{"references":[6439,6443,6449,6455],"name":"F432_makeBox_cad_primitives_py_8","taperAngle":0,"limit2":"@expr.d438_height","id":4}]])
[2026-09-16 14:19:27.463][VERB] RETURN: {"result":"$6493"}
[2026-09-16 14:19:27.463][VERB] COMMANDCALL: _C.SafeAPI.Execute(["v1.part.boolean",[{"type":"SUBTRACTION","tools":[6493],"target":6348,"name":"F44_union_housing_shell_py_61_cavity_2_stock_0","id":4}]])
[2026-09-16 14:19:27.471][VERB] RETURN: {"result":"$6536"}
[2026-09-16 14:19:27.473][VERB] COMMANDCALL: _C.SafeAPI.Execute(["v1.part.workPlane",[{"type":"PLANE","references":[38],"name":"F440_makeBox_cad_primitives_py_8_plane","offset":"@expr.d441_plane_offset","id":4}]])
[2026-09-16 14:19:27.478][VERB] RETURN: {"result":"$6595"}
[2026-09-16 14:19:27.478][VERB] COMMANDCALL: _C.SafeAPI.Execute(["v1.sketch.create",[{"planeId":6595,"name":"F440_makeBox_cad_primitives_py_8_profile","id":4}]])
[2026-09-16 14:19:27.480][VERB] RETURN: {"result":"$6601"}
[2026-09-16 14:19:27.481][VERB] COMMANDCALL: _C.SafeAPI.Execute(["v1.sketch.rectangle",[{"startPos":[85.35,-4,0],"id":6601,"genFixation":0,"endPos":[88.05,-1.3,0]}]])
[2026-09-16 14:19:27.487][VERB] RETURN: {"result":["$6607","$6611","$6617","$6623"]}
[2026-09-16 14:19:27.488][VERB] COMMANDCALL: _C.SafeAPI.Execute(["v1.sketch.getPoints",[{"id":6607}]])
[2026-09-16 14:19:27.488][VERB] RETURN: {"result":{"endId":"$6609","startId":"$6608"}}
[2026-09-16 14:19:27.488][VERB] COMMANDCALL: _C.SafeAPI.Execute(["v1.sketch.point",[{"pos":[-1000,-1000,0],"id":6601}]])
[2026-09-16 14:19:27.491][VERB] RETURN: {"result":"$6639"}
[2026-09-16 14:19:27.491][VERB] COMMANDCALL: _C.SafeAPI.Execute(["v1.sketch.constraint",[{"type":"FIXATION","id":6601,"geomIds":[6639]}]])
[2026-09-16 14:19:27.492][VERB] RETURN: {"result":"$6641"}
[2026-09-16 14:19:27.493][VERB] COMMANDCALL: _C.SafeAPI.Execute(["v1.sketch.dimension",[{"type":"HORIZONTAL_DISTANCE","value":"@expr.d442_position_x","name":"position_x","id":6601,"geomIds":[6639,6608]}]])
[2026-09-16 14:19:27.500][VERB] RETURN: {"result":"$6645"}
[2026-09-16 14:19:27.501][VERB] COMMANDCALL: _C.SafeAPI.Execute(["v1.sketch.dimension",[{"type":"VERTICAL_DISTANCE","value":"@expr.d443_position_y","name":"position_y","id":6601,"geomIds":[6639,6608]}]])
[2026-09-16 14:19:27.509][VERB] RETURN: {"result":"$6649"}
[2026-09-16 14:19:27.509][VERB] COMMANDCALL: _C.SafeAPI.Execute(["v1.sketch.dimension",[{"type":"OFFSET","value":"@expr.d444_width","name":"width","id":6601,"geomIds":[6607]}]])
[2026-09-16 14:19:27.519][VERB] RETURN: {"result":"$6653"}
[2026-09-16 14:19:27.519][VERB] COMMANDCALL: _C.SafeAPI.Execute(["v1.sketch.dimension",[{"type":"OFFSET","value":"@expr.d445_depth","name":"depth","id":6601,"geomIds":[6611]}]])
[2026-09-16 14:19:27.529][VERB] RETURN: {"result":"$6657"}
[2026-09-16 14:19:27.530][VERB] COMMANDCALL: _C.SafeAPI.Execute(["v1.part.extrusion",[{"references":[6607,6611,6617,6623],"name":"F440_makeBox_cad_primitives_py_8","taperAngle":0,"limit2":"@expr.d446_height","id":4}]])
[2026-09-16 14:19:27.538][VERB] RETURN: {"result":"$6661"}
[2026-09-16 14:19:27.539][VERB] COMMANDCALL: _C.SafeAPI.Execute(["v1.part.workPlane",[{"type":"PLANE","references":[38],"name":"F447_makeCylinder_cad_primitives_py_12_plane","offset":"@expr.d448_plane_offset","id":4}]])
[2026-09-16 14:19:27.545][VERB] RETURN: {"result":"$6704"}
[2026-09-16 14:19:27.545][VERB] COMMANDCALL: _C.SafeAPI.Execute(["v1.sketch.create",[{"planeId":6704,"name":"F447_makeCylinder_cad_primitives_py_12_profile","id":4}]])
[2026-09-16 14:19:27.548][VERB] RETURN: {"result":"$6710"}
[2026-09-16 14:19:27.548][VERB] COMMANDCALL: _C.SafeAPI.Execute(["v1.sketch.circle",[{"radius":2.7,"id":6710,"genFixation":0,"centerPos":[85.35,-4,0]}]])
[2026-09-16 14:19:27.549][VERB] RETURN: {"result":"$6716"}
[2026-09-16 14:19:27.550][VERB] COMMANDCALL: _C.SafeAPI.Execute(["v1.sketch.getPoints",[{"id":6716}]])
[2026-09-16 14:19:27.550][VERB] RETURN: {"result":{"centerId":"$6717"}}
[2026-09-16 14:19:27.550][VERB] COMMANDCALL: _C.SafeAPI.Execute(["v1.sketch.point",[{"pos":[-1000,-1000,0],"id":6710}]])
[2026-09-16 14:19:27.552][VERB] RETURN: {"result":"$6719"}
[2026-09-16 14:19:27.552][VERB] COMMANDCALL: _C.SafeAPI.Execute(["v1.sketch.constraint",[{"type":"FIXATION","id":6710,"geomIds":[6719]}]])
[2026-09-16 14:19:27.553][VERB] RETURN: {"result":"$6721"}
[2026-09-16 14:19:27.554][VERB] COMMANDCALL: _C.SafeAPI.Execute(["v1.sketch.dimension",[{"type":"HORIZONTAL_DISTANCE","value":"@expr.d449_position_x","name":"position_x","id":6710,"geomIds":[6719,6717]}]])
[2026-09-16 14:19:27.558][VERB] RETURN: {"result":"$6725"}
[2026-09-16 14:19:27.559][VERB] COMMANDCALL: _C.SafeAPI.Execute(["v1.sketch.dimension",[{"type":"VERTICAL_DISTANCE","value":"@expr.d450_position_y","name":"position_y","id":6710,"geomIds":[6719,6717]}]])
[2026-09-16 14:19:27.565][VERB] RETURN: {"result":"$6729"}
[2026-09-16 14:19:27.565][VERB] COMMANDCALL: _C.SafeAPI.Execute(["v1.sketch.dimension",[{"type":"RADIUS","value":"@expr.d451_radius","name":"radius","id":6710,"geomIds":[6716]}]])
[2026-09-16 14:19:27.571][VERB] RETURN: {"result":"$6733"}
[2026-09-16 14:19:27.572][VERB] COMMANDCALL: _C.SafeAPI.Execute(["v1.part.extrusion",[{"references":[6716],"name":"F447_makeCylinder_cad_primitives_py_12","taperAngle":0,"limit2":"@expr.d452_height","id":4}]])
[2026-09-16 14:19:27.579][VERB] RETURN: {"result":"$6737"}
[2026-09-16 14:19:27.580][VERB] COMMANDCALL: _C.SafeAPI.Execute(["v1.part.boolean",[{"type":"SUBTRACTION","tools":[6737],"target":6661,"name":"F439_cut_housing_shell_py_25","id":4}]])
[2026-09-16 14:19:27.588][VERB] RETURN: {"result":"$6759"}
[2026-09-16 14:19:27.588][VERB] COMMANDCALL: _C.SafeAPI.Execute(["v1.part.boolean",[{"type":"SUBTRACTION","tools":[6759],"target":6536,"name":"F44_union_housing_shell_py_61_cavity_2_stock_1","id":4}]])
[2026-09-16 14:19:27.597][VERB] RETURN: {"result":"$6777"}
[2026-09-16 14:19:27.598][VERB] COMMANDCALL: _C.SafeAPI.Execute(["v1.part.workPlane",[{"type":"PLANE","references":[38],"name":"F453_makeBox_cad_primitives_py_8_plane","offset":"@expr.d454_plane_offset","id":4}]])
[2026-09-16 14:19:27.603][VERB] RETURN: {"result":"$6789"}
[2026-09-16 14:19:27.604][VERB] COMMANDCALL: _C.SafeAPI.Execute(["v1.sketch.create",[{"planeId":6789,"name":"F453_makeBox_cad_primitives_py_8_profile","id":4}]])
[2026-09-16 14:19:27.606][VERB] RETURN: {"result":"$6795"}
[2026-09-16 14:19:27.606][VERB] COMMANDCALL: _C.SafeAPI.Execute(["v1.sketch.rectangle",[{"startPos":[88.05,30,0],"id":6795,"genFixation":0,"endPos":[92.5,41.3,0]}]])
[2026-09-16 14:19:27.614][VERB] RETURN: {"result":["$6801","$6805","$6811","$6817"]}
[2026-09-16 14:19:27.614][VERB] COMMANDCALL: _C.SafeAPI.Execute(["v1.sketch.getPoints",[{"id":6801}]])
[2026-09-16 14:19:27.614][VERB] RETURN: {"result":{"endId":"$6803","startId":"$6802"}}
[2026-09-16 14:19:27.615][VERB] COMMANDCALL: _C.SafeAPI.Execute(["v1.sketch.point",[{"pos":[-1000,-1000,0],"id":6795}]])
[2026-09-16 14:19:27.617][VERB] RETURN: {"result":"$6833"}
[2026-09-16 14:19:27.617][VERB] COMMANDCALL: _C.SafeAPI.Execute(["v1.sketch.constraint",[{"type":"FIXATION","id":6795,"geomIds":[6833]}]])
[2026-09-16 14:19:27.619][VERB] RETURN: {"result":"$6835"}
[2026-09-16 14:19:27.620][VERB] COMMANDCALL: _C.SafeAPI.Execute(["v1.sketch.dimension",[{"type":"HORIZONTAL_DISTANCE","value":"@expr.d455_position_x","name":"position_x","id":6795,"geomIds":[6833,6802]}]])
[2026-09-16 14:19:27.626][VERB] RETURN: {"result":"$6839"}
[2026-09-16 14:19:27.627][VERB] COMMANDCALL: _C.SafeAPI.Execute(["v1.sketch.dimension",[{"type":"VERTICAL_DISTANCE","value":"@expr.d456_position_y","name":"position_y","id":6795,"geomIds":[6833,6802]}]])
[2026-09-16 14:19:27.636][VERB] RETURN: {"result":"$6843"}
[2026-09-16 14:19:27.637][VERB] COMMANDCALL: _C.SafeAPI.Execute(["v1.sketch.dimension",[{"type":"OFFSET","value":"@expr.d457_width","name":"width","id":6795,"geomIds":[6801]}]])
[2026-09-16 14:19:27.645][VERB] RETURN: {"result":"$6847"}
[2026-09-16 14:19:27.646][VERB] COMMANDCALL: _C.SafeAPI.Execute(["v1.sketch.dimension",[{"type":"OFFSET","value":"@expr.d458_depth","name":"depth","id":6795,"geomIds":[6805]}]])
[2026-09-16 14:19:27.656][VERB] RETURN: {"result":"$6851"}
[2026-09-16 14:19:27.658][VERB] COMMANDCALL: _C.SafeAPI.Execute(["v1.part.extrusion",[{"references":[6801,6805,6811,6817],"name":"F453_makeBox_cad_primitives_py_8","taperAngle":0,"limit2":"@expr.d459_height","id":4}]])
[2026-09-16 14:19:27.664][VERB] RETURN: {"result":"$6855"}
[2026-09-16 14:19:27.665][VERB] COMMANDCALL: _C.SafeAPI.Execute(["v1.part.boolean",[{"type":"SUBTRACTION","tools":[6855],"target":6777,"name":"F44_union_housing_shell_py_61_cavity_2_stock_2","id":4}]])
[2026-09-16 14:19:27.675][VERB] RETURN: {"result":"$6898"}
[2026-09-16 14:19:27.676][VERB] COMMANDCALL: _C.SafeAPI.Execute(["v1.part.workPlane",[{"type":"PLANE","references":[38],"name":"F460_makeBox_cad_primitives_py_8_plane","offset":"@expr.d461_plane_offset","id":4}]])
[2026-09-16 14:19:27.681][VERB] RETURN: {"result":"$6957"}
[2026-09-16 14:19:27.681][VERB] COMMANDCALL: _C.SafeAPI.Execute(["v1.sketch.create",[{"planeId":6957,"name":"F460_makeBox_cad_primitives_py_8_profile","id":4}]])
[2026-09-16 14:19:27.684][VERB] RETURN: {"result":"$6963"}
[2026-09-16 14:19:27.685][VERB] COMMANDCALL: _C.SafeAPI.Execute(["v1.sketch.rectangle",[{"startPos":[88.05,30,0],"id":6963,"genFixation":0,"endPos":[92.5,38,0]}]])
[2026-09-16 14:19:27.693][VERB] RETURN: {"result":["$6969","$6973","$6979","$6985"]}
[2026-09-16 14:19:27.693][VERB] COMMANDCALL: _C.SafeAPI.Execute(["v1.sketch.getPoints",[{"id":6969}]])
[2026-09-16 14:19:27.693][VERB] RETURN: {"result":{"endId":"$6971","startId":"$6970"}}
[2026-09-16 14:19:27.694][VERB] COMMANDCALL: _C.SafeAPI.Execute(["v1.sketch.point",[{"pos":[-1000,-1000,0],"id":6963}]])
[2026-09-16 14:19:27.696][VERB] RETURN: {"result":"$7001"}
[2026-09-16 14:19:27.696][VERB] COMMANDCALL: _C.SafeAPI.Execute(["v1.sketch.constraint",[{"type":"FIXATION","id":6963,"geomIds":[7001]}]])
[2026-09-16 14:19:27.698][VERB] RETURN: {"result":"$7003"}
[2026-09-16 14:19:27.698][VERB] COMMANDCALL: _C.SafeAPI.Execute(["v1.sketch.dimension",[{"type":"HORIZONTAL_DISTANCE","value":"@expr.d462_position_x","name":"position_x","id":6963,"geomIds":[7001,6970]}]])
[2026-09-16 14:19:27.705][VERB] RETURN: {"result":"$7007"}
[2026-09-16 14:19:27.706][VERB] COMMANDCALL: _C.SafeAPI.Execute(["v1.sketch.dimension",[{"type":"VERTICAL_DISTANCE","value":"@expr.d463_position_y","name":"position_y","id":6963,"geomIds":[7001,6970]}]])
[2026-09-16 14:19:27.713][VERB] RETURN: {"result":"$7011"}
[2026-09-16 14:19:27.714][VERB] COMMANDCALL: _C.SafeAPI.Execute(["v1.sketch.dimension",[{"type":"OFFSET","value":"@expr.d464_width","name":"width","id":6963,"geomIds":[6969]}]])
[2026-09-16 14:19:27.722][VERB] RETURN: {"result":"$7015"}
[2026-09-16 14:19:27.723][VERB] COMMANDCALL: _C.SafeAPI.Execute(["v1.sketch.dimension",[{"type":"OFFSET","value":"@expr.d465_depth","name":"depth","id":6963,"geomIds":[6973]}]])
[2026-09-16 14:19:27.732][VERB] RETURN: {"result":"$7019"}
[2026-09-16 14:19:27.733][VERB] COMMANDCALL: _C.SafeAPI.Execute(["v1.part.extrusion",[{"references":[6969,6973,6979,6985],"name":"F460_makeBox_cad_primitives_py_8","taperAngle":0,"limit2":"@expr.d466_height","id":4}]])
[2026-09-16 14:19:27.741][VERB] RETURN: {"result":"$7023"}
[2026-09-16 14:19:27.742][VERB] COMMANDCALL: _C.SafeAPI.Execute(["v1.part.boolean",[{"type":"SUBTRACTION","tools":[7023],"target":6898,"name":"F44_union_housing_shell_py_61_cavity_2_stock_3","id":4}]])
[2026-09-16 14:19:27.750][VERB] RETURN: {"result":"$7066"}
[2026-09-16 14:19:27.751][VERB] COMMANDCALL: _C.SafeAPI.Execute(["v1.part.boolean",[{"type":"SUBTRACTION","tools":[7066],"target":5797,"name":"F44_union_housing_shell_py_61_cavity_2","id":4}]])
[2026-09-16 14:19:27.793][VERB] RETURN: {"result":"$7121"}
[2026-09-16 14:19:27.794][VERB] COMMANDCALL: _C.SafeAPI.Execute(["v1.part.workPlane",[{"type":"PLANE","references":[46],"name":"F467_makeCylinder_cad_primitives_py_12_plane","offset":"@expr.d468_plane_offset","id":4}]])
[2026-09-16 14:19:27.798][VERB] RETURN: {"result":"$7340"}
[2026-09-16 14:19:27.799][VERB] COMMANDCALL: _C.SafeAPI.Execute(["v1.sketch.create",[{"planeId":7340,"name":"F467_makeCylinder_cad_primitives_py_12_profile","id":4}]])
[2026-09-16 14:19:27.801][VERB] RETURN: {"result":"$7346"}
[2026-09-16 14:19:27.802][VERB] COMMANDCALL: _C.SafeAPI.Execute(["v1.sketch.circle",[{"radius":11.2,"id":7346,"genFixation":0,"centerPos":[13.05,-12.5,0]}]])
[2026-09-16 14:19:27.804][VERB] RETURN: {"result":"$7352"}
[2026-09-16 14:19:27.804][VERB] COMMANDCALL: _C.SafeAPI.Execute(["v1.sketch.getPoints",[{"id":7352}]])
[2026-09-16 14:19:27.804][VERB] RETURN: {"result":{"centerId":"$7353"}}
[2026-09-16 14:19:27.805][VERB] COMMANDCALL: _C.SafeAPI.Execute(["v1.sketch.point",[{"pos":[-1000,-1000,0],"id":7346}]])
[2026-09-16 14:19:27.806][VERB] RETURN: {"result":"$7355"}
[2026-09-16 14:19:27.806][VERB] COMMANDCALL: _C.SafeAPI.Execute(["v1.sketch.constraint",[{"type":"FIXATION","id":7346,"geomIds":[7355]}]])
[2026-09-16 14:19:27.807][VERB] RETURN: {"result":"$7357"}
[2026-09-16 14:19:27.807][VERB] COMMANDCALL: _C.SafeAPI.Execute(["v1.sketch.dimension",[{"type":"HORIZONTAL_DISTANCE","value":"@expr.d469_position_x","name":"position_x","id":7346,"geomIds":[7355,7353]}]])
[2026-09-16 14:19:27.812][VERB] RETURN: {"result":"$7361"}
[2026-09-16 14:19:27.813][VERB] COMMANDCALL: _C.SafeAPI.Execute(["v1.sketch.dimension",[{"type":"VERTICAL_DISTANCE","value":"@expr.d470_position_y","name":"position_y","id":7346,"geomIds":[7355,7353]}]])
[2026-09-16 14:19:27.819][VERB] RETURN: {"result":"$7365"}
[2026-09-16 14:19:27.820][VERB] COMMANDCALL: _C.SafeAPI.Execute(["v1.sketch.dimension",[{"type":"RADIUS","value":"@expr.d471_radius","name":"radius","id":7346,"geomIds":[7352]}]])
[2026-09-16 14:19:27.826][VERB] RETURN: {"result":"$7369"}
[2026-09-16 14:19:27.827][VERB] COMMANDCALL: _C.SafeAPI.Execute(["v1.part.extrusion",[{"references":[7352],"name":"F467_makeCylinder_cad_primitives_py_12","taperAngle":0,"limit2":"@expr.d472_height","id":4}]])
[2026-09-16 14:19:27.834][VERB] RETURN: {"result":"$7373"}
[2026-09-16 14:19:27.835][VERB] COMMANDCALL: _C.SafeAPI.Execute(["v1.part.boolean",[{"type":"SUBTRACTION","tools":[7373],"target":7121,"name":"F43_cut_housing_shell_py_94","id":4}]])
[2026-09-16 14:19:27.856][VERB] RETURN: {"result":"$7395"}
[2026-09-16 14:19:27.857][VERB] COMMANDCALL: _C.SafeAPI.Execute(["v1.part.workPlane",[{"type":"PLANE","references":[42],"name":"F473_makeCylinder_cad_primitives_py_12_plane","offset":"@expr.d474_plane_offset","id":4}]])
[2026-09-16 14:19:27.863][VERB] RETURN: {"result":"$7448"}
[2026-09-16 14:19:27.863][VERB] COMMANDCALL: _C.SafeAPI.Execute(["v1.sketch.create",[{"planeId":7448,"name":"F473_makeCylinder_cad_primitives_py_12_profile","id":4}]])
[2026-09-16 14:19:27.865][VERB] RETURN: {"result":"$7454"}
[2026-09-16 14:19:27.866][VERB] COMMANDCALL: _C.SafeAPI.Execute(["v1.sketch.circle",[{"radius":6.2,"id":7454,"genFixation":0,"centerPos":[42,-13.3,0]}]])
[2026-09-16 14:19:27.868][VERB] RETURN: {"result":"$7460"}
[2026-09-16 14:19:27.869][VERB] COMMANDCALL: _C.SafeAPI.Execute(["v1.sketch.getPoints",[{"id":7460}]])
[2026-09-16 14:19:27.869][VERB] RETURN: {"result":{"centerId":"$7461"}}
[2026-09-16 14:19:27.869][VERB] COMMANDCALL: _C.SafeAPI.Execute(["v1.sketch.point",[{"pos":[-1000,-1000,0],"id":7454}]])
[2026-09-16 14:19:27.870][VERB] RETURN: {"result":"$7463"}
[2026-09-16 14:19:27.871][VERB] COMMANDCALL: _C.SafeAPI.Execute(["v1.sketch.constraint",[{"type":"FIXATION","id":7454,"geomIds":[7463]}]])
[2026-09-16 14:19:27.872][VERB] RETURN: {"result":"$7465"}
[2026-09-16 14:19:27.872][VERB] COMMANDCALL: _C.SafeAPI.Execute(["v1.sketch.dimension",[{"type":"HORIZONTAL_DISTANCE","value":"@expr.d475_position_x","name":"position_x","id":7454,"geomIds":[7463,7461]}]])
[2026-09-16 14:19:27.877][VERB] RETURN: {"result":"$7469"}
[2026-09-16 14:19:27.878][VERB] COMMANDCALL: _C.SafeAPI.Execute(["v1.sketch.dimension",[{"type":"VERTICAL_DISTANCE","value":"@expr.d476_position_y","name":"position_y","id":7454,"geomIds":[7463,7461]}]])
[2026-09-16 14:19:27.884][VERB] RETURN: {"result":"$7473"}
[2026-09-16 14:19:27.884][VERB] COMMANDCALL: _C.SafeAPI.Execute(["v1.sketch.dimension",[{"type":"RADIUS","value":"@expr.d477_radius","name":"radius","id":7454,"geomIds":[7460]}]])
[2026-09-16 14:19:27.891][VERB] RETURN: {"result":"$7477"}
[2026-09-16 14:19:27.891][VERB] COMMANDCALL: _C.SafeAPI.Execute(["v1.part.extrusion",[{"references":[7460],"name":"F473_makeCylinder_cad_primitives_py_12","taperAngle":0,"limit2":"@expr.d478_height","id":4}]])
[2026-09-16 14:19:27.899][VERB] RETURN: {"result":"$7481"}
[2026-09-16 14:19:27.899][VERB] COMMANDCALL: _C.SafeAPI.Execute(["v1.part.boolean",[{"type":"SUBTRACTION","tools":[7481],"target":7395,"name":"F42_cut_housing_shell_py_94","id":4}]])
[2026-09-16 14:19:27.914][VERB] RETURN: {"result":"$7503"}
[2026-09-16 14:19:27.914][VERB] COMMANDCALL: _C.SafeAPI.Execute(["v1.part.workPlane",[{"type":"PLANE","references":[46],"name":"F480_makeCylinder_cad_primitives_py_12_plane","offset":"@expr.d481_plane_offset","id":4}]])
[2026-09-16 14:19:27.919][VERB] RETURN: {"result":"$7525"}
[2026-09-16 14:19:27.920][VERB] COMMANDCALL: _C.SafeAPI.Execute(["v1.sketch.create",[{"planeId":7525,"name":"F480_makeCylinder_cad_primitives_py_12_profile","id":4}]])
[2026-09-16 14:19:27.922][VERB] RETURN: {"result":"$7531"}
[2026-09-16 14:19:27.922][VERB] COMMANDCALL: _C.SafeAPI.Execute(["v1.sketch.circle",[{"radius":14,"id":7531,"genFixation":0,"centerPos":[13,-13.9,0]}]])
[2026-09-16 14:19:27.924][VERB] RETURN: {"result":"$7537"}
[2026-09-16 14:19:27.924][VERB] COMMANDCALL: _C.SafeAPI.Execute(["v1.sketch.getPoints",[{"id":7537}]])
[2026-09-16 14:19:27.924][VERB] RETURN: {"result":{"centerId":"$7538"}}
[2026-09-16 14:19:27.924][VERB] COMMANDCALL: _C.SafeAPI.Execute(["v1.sketch.point",[{"pos":[-1000,-1000,0],"id":7531}]])
[2026-09-16 14:19:27.925][VERB] RETURN: {"result":"$7540"}
[2026-09-16 14:19:27.925][VERB] COMMANDCALL: _C.SafeAPI.Execute(["v1.sketch.constraint",[{"type":"FIXATION","id":7531,"geomIds":[7540]}]])
[2026-09-16 14:19:27.926][VERB] RETURN: {"result":"$7542"}
[2026-09-16 14:19:27.927][VERB] COMMANDCALL: _C.SafeAPI.Execute(["v1.sketch.dimension",[{"type":"HORIZONTAL_DISTANCE","value":"@expr.d482_position_x","name":"position_x","id":7531,"geomIds":[7540,7538]}]])
[2026-09-16 14:19:27.931][VERB] RETURN: {"result":"$7546"}
[2026-09-16 14:19:27.931][VERB] COMMANDCALL: _C.SafeAPI.Execute(["v1.sketch.dimension",[{"type":"VERTICAL_DISTANCE","value":"@expr.d483_position_y","name":"position_y","id":7531,"geomIds":[7540,7538]}]])
[2026-09-16 14:19:27.937][VERB] RETURN: {"result":"$7550"}
[2026-09-16 14:19:27.938][VERB] COMMANDCALL: _C.SafeAPI.Execute(["v1.sketch.dimension",[{"type":"RADIUS","value":"@expr.d484_radius","name":"radius","id":7531,"geomIds":[7537]}]])
[2026-09-16 14:19:27.943][VERB] RETURN: {"result":"$7554"}
[2026-09-16 14:19:27.944][VERB] COMMANDCALL: _C.SafeAPI.Execute(["v1.part.extrusion",[{"references":[7537],"name":"F480_makeCylinder_cad_primitives_py_12","taperAngle":0,"limit2":"@expr.d485_height","id":4}]])
[2026-09-16 14:19:27.951][VERB] RETURN: {"result":"$7558"}
[2026-09-16 14:19:27.951][VERB] COMMANDCALL: _C.SafeAPI.Execute(["v1.part.workPlane",[{"type":"PLANE","references":[38],"name":"F486_makeBox_cad_primitives_py_8_plane","offset":"@expr.d487_plane_offset","id":4}]])
[2026-09-16 14:19:27.956][VERB] RETURN: {"result":"$7580"}
[2026-09-16 14:19:27.956][VERB] COMMANDCALL: _C.SafeAPI.Execute(["v1.sketch.create",[{"planeId":7580,"name":"F486_makeBox_cad_primitives_py_8_profile","id":4}]])
[2026-09-16 14:19:27.958][VERB] RETURN: {"result":"$7586"}
[2026-09-16 14:19:27.959][VERB] COMMANDCALL: _C.SafeAPI.Execute(["v1.sketch.rectangle",[{"startPos":[86,-30,0],"id":7586,"genFixation":0,"endPos":[98,70,0]}]])
[2026-09-16 14:19:27.965][VERB] RETURN: {"result":["$7592","$7596","$7602","$7608"]}
[2026-09-16 14:19:27.966][VERB] COMMANDCALL: _C.SafeAPI.Execute(["v1.sketch.getPoints",[{"id":7592}]])
[2026-09-16 14:19:27.966][VERB] RETURN: {"result":{"endId":"$7594","startId":"$7593"}}
[2026-09-16 14:19:27.966][VERB] COMMANDCALL: _C.SafeAPI.Execute(["v1.sketch.point",[{"pos":[-1000,-1000,0],"id":7586}]])
[2026-09-16 14:19:27.968][VERB] RETURN: {"result":"$7624"}
[2026-09-16 14:19:27.968][VERB] COMMANDCALL: _C.SafeAPI.Execute(["v1.sketch.constraint",[{"type":"FIXATION","id":7586,"geomIds":[7624]}]])
[2026-09-16 14:19:27.970][VERB] RETURN: {"result":"$7626"}
[2026-09-16 14:19:27.970][VERB] COMMANDCALL: _C.SafeAPI.Execute(["v1.sketch.dimension",[{"type":"HORIZONTAL_DISTANCE","value":"@expr.d488_position_x","name":"position_x","id":7586,"geomIds":[7624,7593]}]])
[2026-09-16 14:19:27.976][VERB] RETURN: {"result":"$7630"}
[2026-09-16 14:19:27.976][VERB] COMMANDCALL: _C.SafeAPI.Execute(["v1.sketch.dimension",[{"type":"VERTICAL_DISTANCE","value":"@expr.d489_position_y","name":"position_y","id":7586,"geomIds":[7624,7593]}]])
[2026-09-16 14:19:27.983][VERB] RETURN: {"result":"$7634"}
[2026-09-16 14:19:27.983][VERB] COMMANDCALL: _C.SafeAPI.Execute(["v1.sketch.dimension",[{"type":"OFFSET","value":"@expr.d490_width","name":"width","id":7586,"geomIds":[7592]}]])
[2026-09-16 14:19:27.991][VERB] RETURN: {"result":"$7638"}
[2026-09-16 14:19:27.991][VERB] COMMANDCALL: _C.SafeAPI.Execute(["v1.sketch.dimension",[{"type":"OFFSET","value":"@expr.d491_depth","name":"depth","id":7586,"geomIds":[7596]}]])
[2026-09-16 14:19:28.000][VERB] RETURN: {"result":"$7642"}
[2026-09-16 14:19:28.000][VERB] COMMANDCALL: _C.SafeAPI.Execute(["v1.part.extrusion",[{"references":[7592,7596,7602,7608],"name":"F486_makeBox_cad_primitives_py_8","taperAngle":0,"limit2":"@expr.d492_height","id":4}]])
[2026-09-16 14:19:28.007][VERB] RETURN: {"result":"$7646"}
[2026-09-16 14:19:28.007][VERB] COMMANDCALL: _C.SafeAPI.Execute(["v1.part.boolean",[{"type":"SUBTRACTION","tools":[7646],"target":7558,"name":"F479_cut_housing_shell_py_68","id":4}]])
[2026-09-16 14:19:28.013][VERB] RETURN: {"result":"$7689"}
[2026-09-16 14:19:28.013][VERB] COMMANDCALL: _C.SafeAPI.Execute(["v1.part.boolean",[{"type":"SUBTRACTION","tools":[7689],"target":7503,"name":"F41_cut_housing_shell_py_94","id":4}]])
[2026-09-16 14:19:28.037][VERB] RETURN: {"result":"$7719"}
[2026-09-16 14:19:28.038][VERB] COMMANDCALL: _C.SafeAPI.Execute(["v1.sketch.create",[{"planeId":42,"name":"F495_extrude_housing_components_py_153_profile","id":4}]])
[2026-09-16 14:19:28.040][VERB] RETURN: {"result":"$7811"}
[2026-09-16 14:19:28.040][VERB] COMMANDCALL: _C.SafeAPI.Execute(["v1.sketch.point",[{"pos":[-1000,-1000,0],"id":7811}]])
[2026-09-16 14:19:28.041][VERB] RETURN: {"result":"$7817"}
[2026-09-16 14:19:28.042][VERB] COMMANDCALL: _C.SafeAPI.Execute(["v1.sketch.constraint",[{"type":"FIXATION","id":7811,"geomIds":[7817]}]])
[2026-09-16 14:19:28.043][VERB] RETURN: {"result":"$7819"}
[2026-09-16 14:19:28.043][VERB] COMMANDCALL: _C.SafeAPI.Execute(["v1.sketch.line",[{"startPos":[8.475,-16.7,0],"genIncidence":0,"genTangency":0,"genFixation":0,"genVertAndHoriz":0,"id":7811,"endPos":[18.275,-16.7,0]}]])
[2026-09-16 14:19:28.044][VERB] RETURN: {"result":"$7821"}
[2026-09-16 14:19:28.044][VERB] COMMANDCALL: _C.SafeAPI.Execute(["v1.sketch.getPoints",[{"id":7821}]])
[2026-09-16 14:19:28.045][VERB] RETURN: {"result":{"endId":"$7823","startId":"$7822"}}
[2026-09-16 14:19:28.045][VERB] COMMANDCALL: _C.SafeAPI.Execute(["v1.sketch.dimension",[{"type":"HORIZONTAL_DISTANCE","value":"@expr.d496_x","name":"x","id":7811,"geomIds":[7817,7822]}]])
[2026-09-16 14:19:28.050][VERB] RETURN: {"result":"$7827"}
[2026-09-16 14:19:28.050][VERB] COMMANDCALL: _C.SafeAPI.Execute(["v1.sketch.dimension",[{"type":"VERTICAL_DISTANCE","value":"@expr.d497_y","name":"y","id":7811,"geomIds":[7817,7822]}]])
[2026-09-16 14:19:28.057][VERB] RETURN: {"result":"$7831"}
[2026-09-16 14:19:28.057][VERB] COMMANDCALL: _C.SafeAPI.Execute(["v1.sketch.dimension",[{"type":"HORIZONTAL_DISTANCE","value":"@expr.d498_x","name":"x","id":7811,"geomIds":[7817,7823]}]])
[2026-09-16 14:19:28.064][VERB] RETURN: {"result":"$7835"}
[2026-09-16 14:19:28.064][VERB] COMMANDCALL: _C.SafeAPI.Execute(["v1.sketch.dimension",[{"type":"VERTICAL_DISTANCE","value":"@expr.d499_y","name":"y","id":7811,"geomIds":[7817,7823]}]])
[2026-09-16 14:19:28.073][VERB] RETURN: {"result":"$7839"}
[2026-09-16 14:19:28.074][VERB] COMMANDCALL: _C.SafeAPI.Execute(["v1.sketch.arcBy3Points",[{"startPos":[18.275,-16.7,0],"genIncidence":0,"genTangency":0,"genFixation":0,"genVertAndHoriz":0,"midPos":[19.406370849898,-17.168629150102,0],"id":7811,"endPos":[19.875,-18.3,0]}]])
[2026-09-16 14:19:28.078][VERB] RETURN: {"result":"$7841"}
[2026-09-16 14:19:28.079][VERB] COMMANDCALL: _C.SafeAPI.Execute(["v1.sketch.getPoints",[{"id":7841}]])
[2026-09-16 14:19:28.079][VERB] RETURN: {"result":{"centerId":"$7844","endId":"$7842","startId":"$7843"}}
[2026-09-16 14:19:28.079][VERB] COMMANDCALL: _C.SafeAPI.Execute(["v1.sketch.dimension",[{"type":"HORIZONTAL_DISTANCE","value":"@expr.d500_x","name":"x","id":7811,"geomIds":[7817,7843]}]])
[2026-09-16 14:19:28.088][VERB] RETURN: {"result":"$7848"}
[2026-09-16 14:19:28.089][VERB] COMMANDCALL: _C.SafeAPI.Execute(["v1.sketch.dimension",[{"type":"VERTICAL_DISTANCE","value":"@expr.d501_y","name":"y","id":7811,"geomIds":[7817,7843]}]])
[2026-09-16 14:19:28.098][VERB] RETURN: {"result":"$7852"}
[2026-09-16 14:19:28.098][VERB] COMMANDCALL: _C.SafeAPI.Execute(["v1.sketch.dimension",[{"type":"HORIZONTAL_DISTANCE","value":"@expr.d502_x","name":"x","id":7811,"geomIds":[7817,7842]}]])
[2026-09-16 14:19:28.108][VERB] RETURN: {"result":"$7856"}
[2026-09-16 14:19:28.109][VERB] COMMANDCALL: _C.SafeAPI.Execute(["v1.sketch.dimension",[{"type":"VERTICAL_DISTANCE","value":"@expr.d503_y","name":"y","id":7811,"geomIds":[7817,7842]}]])
[2026-09-16 14:19:28.120][VERB] RETURN: {"result":"$7860"}
[2026-09-16 14:19:28.120][VERB] COMMANDCALL: _C.SafeAPI.Execute(["v1.sketch.dimension",[{"type":"RADIUS","value":"@expr.d504_arc_radius","name":"arc_radius","id":7811,"geomIds":[7841]}]])
[2026-09-16 14:19:28.131][VERB] RETURN: {"result":"$7864"}
[2026-09-16 14:19:28.131][VERB] COMMANDCALL: _C.SafeAPI.Execute(["v1.sketch.line",[{"startPos":[19.875,-18.3,0],"genIncidence":0,"genTangency":0,"genFixation":0,"genVertAndHoriz":0,"id":7811,"endPos":[19.875,-22.2,0]}]])
[2026-09-16 14:19:28.137][VERB] RETURN: {"result":"$7866"}
[2026-09-16 14:19:28.137][VERB] COMMANDCALL: _C.SafeAPI.Execute(["v1.sketch.getPoints",[{"id":7866}]])
[2026-09-16 14:19:28.137][VERB] RETURN: {"result":{"endId":"$7868","startId":"$7867"}}
[2026-09-16 14:19:28.137][VERB] COMMANDCALL: _C.SafeAPI.Execute(["v1.sketch.dimension",[{"type":"HORIZONTAL_DISTANCE","value":"@expr.d505_x","name":"x","id":7811,"geomIds":[7817,7867]}]])
[2026-09-16 14:19:28.150][VERB] RETURN: {"result":"$7872"}
[2026-09-16 14:19:28.150][VERB] COMMANDCALL: _C.SafeAPI.Execute(["v1.sketch.dimension",[{"type":"VERTICAL_DISTANCE","value":"@expr.d506_y","name":"y","id":7811,"geomIds":[7817,7867]}]])
[2026-09-16 14:19:28.163][VERB] RETURN: {"result":"$7876"}
[2026-09-16 14:19:28.164][VERB] COMMANDCALL: _C.SafeAPI.Execute(["v1.sketch.dimension",[{"type":"HORIZONTAL_DISTANCE","value":"@expr.d507_x","name":"x","id":7811,"geomIds":[7817,7868]}]])
[2026-09-16 14:19:28.178][VERB] RETURN: {"result":"$7880"}
[2026-09-16 14:19:28.178][VERB] COMMANDCALL: _C.SafeAPI.Execute(["v1.sketch.dimension",[{"type":"VERTICAL_DISTANCE","value":"@expr.d508_y","name":"y","id":7811,"geomIds":[7817,7868]}]])
[2026-09-16 14:19:28.192][VERB] RETURN: {"result":"$7884"}
[2026-09-16 14:19:28.193][VERB] COMMANDCALL: _C.SafeAPI.Execute(["v1.sketch.arcBy3Points",[{"startPos":[19.875,-22.2,0],"genIncidence":0,"genTangency":0,"genFixation":0,"genVertAndHoriz":0,"midPos":[19.406370849898,-23.331370849898,0],"id":7811,"endPos":[18.275,-23.8,0]}]])
[2026-09-16 14:19:28.200][VERB] RETURN: {"result":"$7886"}
[2026-09-16 14:19:28.201][VERB] COMMANDCALL: _C.SafeAPI.Execute(["v1.sketch.getPoints",[{"id":7886}]])
[2026-09-16 14:19:28.201][VERB] RETURN: {"result":{"centerId":"$7889","endId":"$7887","startId":"$7888"}}
[2026-09-16 14:19:28.201][VERB] COMMANDCALL: _C.SafeAPI.Execute(["v1.sketch.dimension",[{"type":"HORIZONTAL_DISTANCE","value":"@expr.d509_x","name":"x","id":7811,"geomIds":[7817,7888]}]])
[2026-09-16 14:19:28.216][VERB] RETURN: {"result":"$7893"}
[2026-09-16 14:19:28.217][VERB] COMMANDCALL: _C.SafeAPI.Execute(["v1.sketch.dimension",[{"type":"VERTICAL_DISTANCE","value":"@expr.d510_y","name":"y","id":7811,"geomIds":[7817,7888]}]])
[2026-09-16 14:19:28.232][VERB] RETURN: {"result":"$7897"}
[2026-09-16 14:19:28.233][VERB] COMMANDCALL: _C.SafeAPI.Execute(["v1.sketch.dimension",[{"type":"HORIZONTAL_DISTANCE","value":"@expr.d511_x","name":"x","id":7811,"geomIds":[7817,7887]}]])
[2026-09-16 14:19:28.250][VERB] RETURN: {"result":"$7901"}
[2026-09-16 14:19:28.250][VERB] COMMANDCALL: _C.SafeAPI.Execute(["v1.sketch.dimension",[{"type":"VERTICAL_DISTANCE","value":"@expr.d512_y","name":"y","id":7811,"geomIds":[7817,7887]}]])
[2026-09-16 14:19:28.268][VERB] RETURN: {"result":"$7905"}
[2026-09-16 14:19:28.268][VERB] COMMANDCALL: _C.SafeAPI.Execute(["v1.sketch.dimension",[{"type":"RADIUS","value":"@expr.d513_arc_radius","name":"arc_radius","id":7811,"geomIds":[7886]}]])
[2026-09-16 14:19:28.285][VERB] RETURN: {"result":"$7909"}
[2026-09-16 14:19:28.286][VERB] COMMANDCALL: _C.SafeAPI.Execute(["v1.sketch.line",[{"startPos":[18.275,-23.8,0],"genIncidence":0,"genTangency":0,"genFixation":0,"genVertAndHoriz":0,"id":7811,"endPos":[8.475,-23.8,0]}]])
[2026-09-16 14:19:28.295][VERB] RETURN: {"result":"$7911"}
[2026-09-16 14:19:28.295][VERB] COMMANDCALL: _C.SafeAPI.Execute(["v1.sketch.getPoints",[{"id":7911}]])
[2026-09-16 14:19:28.295][VERB] RETURN: {"result":{"endId":"$7913","startId":"$7912"}}
[2026-09-16 14:19:28.295][VERB] COMMANDCALL: _C.SafeAPI.Execute(["v1.sketch.dimension",[{"type":"HORIZONTAL_DISTANCE","value":"@expr.d514_x","name":"x","id":7811,"geomIds":[7817,7912]}]])
[2026-09-16 14:19:28.314][VERB] RETURN: {"result":"$7917"}
[2026-09-16 14:19:28.314][VERB] COMMANDCALL: _C.SafeAPI.Execute(["v1.sketch.dimension",[{"type":"VERTICAL_DISTANCE","value":"@expr.d515_y","name":"y","id":7811,"geomIds":[7817,7912]}]])
[2026-09-16 14:19:28.333][VERB] RETURN: {"result":"$7921"}
[2026-09-16 14:19:28.333][VERB] COMMANDCALL: _C.SafeAPI.Execute(["v1.sketch.dimension",[{"type":"HORIZONTAL_DISTANCE","value":"@expr.d516_x","name":"x","id":7811,"geomIds":[7817,7913]}]])
[2026-09-16 14:19:28.354][VERB] RETURN: {"result":"$7925"}
[2026-09-16 14:19:28.354][VERB] COMMANDCALL: _C.SafeAPI.Execute(["v1.sketch.dimension",[{"type":"VERTICAL_DISTANCE","value":"@expr.d517_y","name":"y","id":7811,"geomIds":[7817,7913]}]])
[2026-09-16 14:19:28.376][VERB] RETURN: {"result":"$7929"}
[2026-09-16 14:19:28.376][VERB] COMMANDCALL: _C.SafeAPI.Execute(["v1.sketch.arcBy3Points",[{"startPos":[8.475,-23.8,0],"genIncidence":0,"genTangency":0,"genFixation":0,"genVertAndHoriz":0,"midPos":[7.3436291501015,-23.331370849898,0],"id":7811,"endPos":[6.875,-22.2,0]}]])
[2026-09-16 14:19:28.387][VERB] RETURN: {"result":"$7931"}
[2026-09-16 14:19:28.387][VERB] COMMANDCALL: _C.SafeAPI.Execute(["v1.sketch.getPoints",[{"id":7931}]])
[2026-09-16 14:19:28.388][VERB] RETURN: {"result":{"centerId":"$7934","endId":"$7932","startId":"$7933"}}
[2026-09-16 14:19:28.388][VERB] COMMANDCALL: _C.SafeAPI.Execute(["v1.sketch.dimension",[{"type":"HORIZONTAL_DISTANCE","value":"@expr.d518_x","name":"x","id":7811,"geomIds":[7817,7933]}]])
[2026-09-16 14:19:28.410][VERB] RETURN: {"result":"$7938"}
[2026-09-16 14:19:28.410][VERB] COMMANDCALL: _C.SafeAPI.Execute(["v1.sketch.dimension",[{"type":"VERTICAL_DISTANCE","value":"@expr.d519_y","name":"y","id":7811,"geomIds":[7817,7933]}]])
[2026-09-16 14:19:28.433][VERB] RETURN: {"result":"$7942"}
[2026-09-16 14:19:28.433][VERB] COMMANDCALL: _C.SafeAPI.Execute(["v1.sketch.dimension",[{"type":"HORIZONTAL_DISTANCE","value":"@expr.d520_x","name":"x","id":7811,"geomIds":[7817,7932]}]])
[2026-09-16 14:19:28.457][VERB] RETURN: {"result":"$7946"}
[2026-09-16 14:19:28.458][VERB] COMMANDCALL: _C.SafeAPI.Execute(["v1.sketch.dimension",[{"type":"VERTICAL_DISTANCE","value":"@expr.d521_y","name":"y","id":7811,"geomIds":[7817,7932]}]])
[2026-09-16 14:19:28.482][VERB] RETURN: {"result":"$7950"}
[2026-09-16 14:19:28.482][VERB] COMMANDCALL: _C.SafeAPI.Execute(["v1.sketch.dimension",[{"type":"RADIUS","value":"@expr.d522_arc_radius","name":"arc_radius","id":7811,"geomIds":[7931]}]])
[2026-09-16 14:19:28.507][VERB] RETURN: {"result":"$7954"}
[2026-09-16 14:19:28.507][VERB] COMMANDCALL: _C.SafeAPI.Execute(["v1.sketch.line",[{"startPos":[6.875,-22.2,0],"genIncidence":0,"genTangency":0,"genFixation":0,"genVertAndHoriz":0,"id":7811,"endPos":[6.875,-18.3,0]}]])
[2026-09-16 14:19:28.520][VERB] RETURN: {"result":"$7956"}
[2026-09-16 14:19:28.520][VERB] COMMANDCALL: _C.SafeAPI.Execute(["v1.sketch.getPoints",[{"id":7956}]])
[2026-09-16 14:19:28.520][VERB] RETURN: {"result":{"endId":"$7958","startId":"$7957"}}
[2026-09-16 14:19:28.520][VERB] COMMANDCALL: _C.SafeAPI.Execute(["v1.sketch.dimension",[{"type":"HORIZONTAL_DISTANCE","value":"@expr.d523_x","name":"x","id":7811,"geomIds":[7817,7957]}]])
[2026-09-16 14:19:28.546][VERB] RETURN: {"result":"$7962"}
[2026-09-16 14:19:28.546][VERB] COMMANDCALL: _C.SafeAPI.Execute(["v1.sketch.dimension",[{"type":"VERTICAL_DISTANCE","value":"@expr.d524_y","name":"y","id":7811,"geomIds":[7817,7957]}]])
[2026-09-16 14:19:28.573][VERB] RETURN: {"result":"$7966"}
[2026-09-16 14:19:28.573][VERB] COMMANDCALL: _C.SafeAPI.Execute(["v1.sketch.dimension",[{"type":"HORIZONTAL_DISTANCE","value":"@expr.d525_x","name":"x","id":7811,"geomIds":[7817,7958]}]])
[2026-09-16 14:19:28.600][VERB] RETURN: {"result":"$7970"}
[2026-09-16 14:19:28.601][VERB] COMMANDCALL: _C.SafeAPI.Execute(["v1.sketch.dimension",[{"type":"VERTICAL_DISTANCE","value":"@expr.d526_y","name":"y","id":7811,"geomIds":[7817,7958]}]])
[2026-09-16 14:19:28.629][VERB] RETURN: {"result":"$7974"}
[2026-09-16 14:19:28.630][VERB] COMMANDCALL: _C.SafeAPI.Execute(["v1.sketch.arcBy3Points",[{"startPos":[6.875,-18.3,0],"genIncidence":0,"genTangency":0,"genFixation":0,"genVertAndHoriz":0,"midPos":[7.3436291501015,-17.168629150102,0],"id":7811,"endPos":[8.475,-16.7,0]}]])
[2026-09-16 14:19:28.645][VERB] RETURN: {"result":"$7976"}
[2026-09-16 14:19:28.645][VERB] COMMANDCALL: _C.SafeAPI.Execute(["v1.sketch.getPoints",[{"id":7976}]])
[2026-09-16 14:19:28.645][VERB] RETURN: {"result":{"centerId":"$7979","endId":"$7977","startId":"$7978"}}
[2026-09-16 14:19:28.646][VERB] COMMANDCALL: _C.SafeAPI.Execute(["v1.sketch.dimension",[{"type":"HORIZONTAL_DISTANCE","value":"@expr.d527_x","name":"x","id":7811,"geomIds":[7817,7978]}]])
[2026-09-16 14:19:28.675][VERB] RETURN: {"result":"$7983"}
[2026-09-16 14:19:28.675][VERB] COMMANDCALL: _C.SafeAPI.Execute(["v1.sketch.dimension",[{"type":"VERTICAL_DISTANCE","value":"@expr.d528_y","name":"y","id":7811,"geomIds":[7817,7978]}]])
[2026-09-16 14:19:28.706][VERB] RETURN: {"result":"$7987"}
[2026-09-16 14:19:28.706][VERB] COMMANDCALL: _C.SafeAPI.Execute(["v1.sketch.dimension",[{"type":"HORIZONTAL_DISTANCE","value":"@expr.d529_x","name":"x","id":7811,"geomIds":[7817,7977]}]])
[2026-09-16 14:19:28.739][VERB] RETURN: {"result":"$7991"}
[2026-09-16 14:19:28.740][VERB] COMMANDCALL: _C.SafeAPI.Execute(["v1.sketch.dimension",[{"type":"VERTICAL_DISTANCE","value":"@expr.d530_y","name":"y","id":7811,"geomIds":[7817,7977]}]])
[2026-09-16 14:19:28.772][VERB] RETURN: {"result":"$7995"}
[2026-09-16 14:19:28.772][VERB] COMMANDCALL: _C.SafeAPI.Execute(["v1.sketch.dimension",[{"type":"RADIUS","value":"@expr.d531_arc_radius","name":"arc_radius","id":7811,"geomIds":[7976]}]])
[2026-09-16 14:19:28.803][VERB] RETURN: {"result":"$7999"}
[2026-09-16 14:19:28.803][VERB] COMMANDCALL: _C.SafeAPI.Execute(["v1.part.extrusion",[{"references":[7821,7841,7866,7886,7911,7931,7956,7976],"name":"F495_extrude_housing_components_py_153","taperAngle":0,"limit2":"@expr.d532_height","id":4}]])
[2026-09-16 14:19:28.812][VERB] RETURN: {"result":"$8003"}
[2026-09-16 14:19:28.812][VERB] COMMANDCALL: _C.SafeAPI.Execute(["v1.part.translation",[{"references":[30],"name":"F495_extrude_housing_components_py_153_1","id":4,"targets":[8003],"distance":"@expr.d533_position"}]])
[2026-09-16 14:19:28.817][VERB] RETURN: {"result":"$8074"}
[2026-09-16 14:19:28.818][VERB] COMMANDCALL: _C.SafeAPI.Execute(["v1.part.workPlane",[{"type":"PLANE","references":[38],"name":"F534_makeBox_cad_primitives_py_8_plane","offset":"@expr.d535_plane_offset","id":4}]])
[2026-09-16 14:19:28.822][VERB] RETURN: {"result":"$8085"}
[2026-09-16 14:19:28.822][VERB] COMMANDCALL: _C.SafeAPI.Execute(["v1.sketch.create",[{"planeId":8085,"name":"F534_makeBox_cad_primitives_py_8_profile","id":4}]])
[2026-09-16 14:19:28.825][VERB] RETURN: {"result":"$8091"}
[2026-09-16 14:19:28.825][VERB] COMMANDCALL: _C.SafeAPI.Execute(["v1.sketch.rectangle",[{"startPos":[8.475,63.5,0],"id":8091,"genFixation":0,"endPos":[18.275,67.5,0]}]])
[2026-09-16 14:19:28.831][VERB] RETURN: {"result":["$8097","$8101","$8107","$8113"]}
[2026-09-16 14:19:28.831][VERB] COMMANDCALL: _C.SafeAPI.Execute(["v1.sketch.getPoints",[{"id":8097}]])
[2026-09-16 14:19:28.832][VERB] RETURN: {"result":{"endId":"$8099","startId":"$8098"}}
[2026-09-16 14:19:28.832][VERB] COMMANDCALL: _C.SafeAPI.Execute(["v1.sketch.point",[{"pos":[-1000,-1000,0],"id":8091}]])
[2026-09-16 14:19:28.834][VERB] RETURN: {"result":"$8129"}
[2026-09-16 14:19:28.834][VERB] COMMANDCALL: _C.SafeAPI.Execute(["v1.sketch.constraint",[{"type":"FIXATION","id":8091,"geomIds":[8129]}]])
[2026-09-16 14:19:28.836][VERB] RETURN: {"result":"$8131"}
[2026-09-16 14:19:28.836][VERB] COMMANDCALL: _C.SafeAPI.Execute(["v1.sketch.dimension",[{"type":"HORIZONTAL_DISTANCE","value":"@expr.d536_position_x","name":"position_x","id":8091,"geomIds":[8129,8098]}]])
[2026-09-16 14:19:28.841][VERB] RETURN: {"result":"$8135"}
[2026-09-16 14:19:28.842][VERB] COMMANDCALL: _C.SafeAPI.Execute(["v1.sketch.dimension",[{"type":"VERTICAL_DISTANCE","value":"@expr.d537_position_y","name":"position_y","id":8091,"geomIds":[8129,8098]}]])
[2026-09-16 14:19:28.848][VERB] RETURN: {"result":"$8139"}
[2026-09-16 14:19:28.848][VERB] COMMANDCALL: _C.SafeAPI.Execute(["v1.sketch.dimension",[{"type":"OFFSET","value":"@expr.d538_width","name":"width","id":8091,"geomIds":[8097]}]])
[2026-09-16 14:19:28.855][VERB] RETURN: {"result":"$8143"}
[2026-09-16 14:19:28.856][VERB] COMMANDCALL: _C.SafeAPI.Execute(["v1.sketch.dimension",[{"type":"OFFSET","value":"@expr.d539_depth","name":"depth","id":8091,"geomIds":[8101]}]])
[2026-09-16 14:19:28.864][VERB] RETURN: {"result":"$8147"}
[2026-09-16 14:19:28.864][VERB] COMMANDCALL: _C.SafeAPI.Execute(["v1.part.extrusion",[{"references":[8097,8101,8107,8113],"name":"F534_makeBox_cad_primitives_py_8","taperAngle":0,"limit2":"@expr.d540_height","id":4}]])
[2026-09-16 14:19:28.871][VERB] RETURN: {"result":"$8151"}
[2026-09-16 14:19:28.871][VERB] COMMANDCALL: _C.SafeAPI.Execute(["v1.sketch.create",[{"planeId":42,"name":"F541_extrude_housing_components_py_153_profile","id":4}]])
[2026-09-16 14:19:28.873][VERB] RETURN: {"result":"$8192"}
[2026-09-16 14:19:28.874][VERB] COMMANDCALL: _C.SafeAPI.Execute(["v1.sketch.point",[{"pos":[-1000,-1000,0],"id":8192}]])
[2026-09-16 14:19:28.875][VERB] RETURN: {"result":"$8198"}
[2026-09-16 14:19:28.875][VERB] COMMANDCALL: _C.SafeAPI.Execute(["v1.sketch.constraint",[{"type":"FIXATION","id":8192,"geomIds":[8198]}]])
[2026-09-16 14:19:28.876][VERB] RETURN: {"result":"$8200"}
[2026-09-16 14:19:28.876][VERB] COMMANDCALL: _C.SafeAPI.Execute(["v1.sketch.line",[{"startPos":[9.475,-18.4,0],"genIncidence":0,"genTangency":0,"genFixation":0,"genVertAndHoriz":0,"id":8192,"endPos":[17.275,-18.4,0]}]])
[2026-09-16 14:19:28.877][VERB] RETURN: {"result":"$8202"}
[2026-09-16 14:19:28.877][VERB] COMMANDCALL: _C.SafeAPI.Execute(["v1.sketch.getPoints",[{"id":8202}]])
[2026-09-16 14:19:28.878][VERB] RETURN: {"result":{"endId":"$8204","startId":"$8203"}}
[2026-09-16 14:19:28.878][VERB] COMMANDCALL: _C.SafeAPI.Execute(["v1.sketch.dimension",[{"type":"HORIZONTAL_DISTANCE","value":"@expr.d542_x","name":"x","id":8192,"geomIds":[8198,8203]}]])
[2026-09-16 14:19:28.882][VERB] RETURN: {"result":"$8208"}
[2026-09-16 14:19:28.882][VERB] COMMANDCALL: _C.SafeAPI.Execute(["v1.sketch.dimension",[{"type":"VERTICAL_DISTANCE","value":"@expr.d543_y","name":"y","id":8192,"geomIds":[8198,8203]}]])
[2026-09-16 14:19:28.888][VERB] RETURN: {"result":"$8212"}
[2026-09-16 14:19:28.888][VERB] COMMANDCALL: _C.SafeAPI.Execute(["v1.sketch.dimension",[{"type":"HORIZONTAL_DISTANCE","value":"@expr.d544_x","name":"x","id":8192,"geomIds":[8198,8204]}]])
[2026-09-16 14:19:28.894][VERB] RETURN: {"result":"$8216"}
[2026-09-16 14:19:28.894][VERB] COMMANDCALL: _C.SafeAPI.Execute(["v1.sketch.dimension",[{"type":"VERTICAL_DISTANCE","value":"@expr.d545_y","name":"y","id":8192,"geomIds":[8198,8204]}]])
[2026-09-16 14:19:28.901][VERB] RETURN: {"result":"$8220"}
[2026-09-16 14:19:28.901][VERB] COMMANDCALL: _C.SafeAPI.Execute(["v1.sketch.arcBy3Points",[{"startPos":[17.275,-18.4,0],"genIncidence":0,"genTangency":0,"genFixation":0,"genVertAndHoriz":0,"midPos":[17.982106781187,-18.692893218813,0],"id":8192,"endPos":[18.275,-19.4,0]}]])
[2026-09-16 14:19:28.904][VERB] RETURN: {"result":"$8222"}
[2026-09-16 14:19:28.905][VERB] COMMANDCALL: _C.SafeAPI.Execute(["v1.sketch.getPoints",[{"id":8222}]])
[2026-09-16 14:19:28.905][VERB] RETURN: {"result":{"centerId":"$8225","endId":"$8223","startId":"$8224"}}
[2026-09-16 14:19:28.905][VERB] COMMANDCALL: _C.SafeAPI.Execute(["v1.sketch.dimension",[{"type":"HORIZONTAL_DISTANCE","value":"@expr.d546_x","name":"x","id":8192,"geomIds":[8198,8224]}]])
[2026-09-16 14:19:28.913][VERB] RETURN: {"result":"$8229"}
[2026-09-16 14:19:28.913][VERB] COMMANDCALL: _C.SafeAPI.Execute(["v1.sketch.dimension",[{"type":"VERTICAL_DISTANCE","value":"@expr.d547_y","name":"y","id":8192,"geomIds":[8198,8224]}]])
[2026-09-16 14:19:28.921][VERB] RETURN: {"result":"$8233"}
[2026-09-16 14:19:28.922][VERB] COMMANDCALL: _C.SafeAPI.Execute(["v1.sketch.dimension",[{"type":"HORIZONTAL_DISTANCE","value":"@expr.d548_x","name":"x","id":8192,"geomIds":[8198,8223]}]])
[2026-09-16 14:19:28.931][VERB] RETURN: {"result":"$8237"}
[2026-09-16 14:19:28.931][VERB] COMMANDCALL: _C.SafeAPI.Execute(["v1.sketch.dimension",[{"type":"VERTICAL_DISTANCE","value":"@expr.d549_y","name":"y","id":8192,"geomIds":[8198,8223]}]])
[2026-09-16 14:19:28.941][VERB] RETURN: {"result":"$8241"}
[2026-09-16 14:19:28.941][VERB] COMMANDCALL: _C.SafeAPI.Execute(["v1.sketch.dimension",[{"type":"RADIUS","value":"@expr.d550_arc_radius","name":"arc_radius","id":8192,"geomIds":[8222]}]])
[2026-09-16 14:19:28.951][VERB] RETURN: {"result":"$8245"}
[2026-09-16 14:19:28.952][VERB] COMMANDCALL: _C.SafeAPI.Execute(["v1.sketch.line",[{"startPos":[18.275,-19.4,0],"genIncidence":0,"genTangency":0,"genFixation":0,"genVertAndHoriz":0,"id":8192,"endPos":[18.275,-24.8,0]}]])
[2026-09-16 14:19:28.956][VERB] RETURN: {"result":"$8247"}
[2026-09-16 14:19:28.957][VERB] COMMANDCALL: _C.SafeAPI.Execute(["v1.sketch.getPoints",[{"id":8247}]])
[2026-09-16 14:19:28.957][VERB] RETURN: {"result":{"endId":"$8249","startId":"$8248"}}
[2026-09-16 14:19:28.957][VERB] COMMANDCALL: _C.SafeAPI.Execute(["v1.sketch.dimension",[{"type":"HORIZONTAL_DISTANCE","value":"@expr.d551_x","name":"x","id":8192,"geomIds":[8198,8248]}]])
[2026-09-16 14:19:28.969][VERB] RETURN: {"result":"$8253"}
[2026-09-16 14:19:28.969][VERB] COMMANDCALL: _C.SafeAPI.Execute(["v1.sketch.dimension",[{"type":"VERTICAL_DISTANCE","value":"@expr.d552_y","name":"y","id":8192,"geomIds":[8198,8248]}]])
[2026-09-16 14:19:28.981][VERB] RETURN: {"result":"$8257"}
[2026-09-16 14:19:28.981][VERB] COMMANDCALL: _C.SafeAPI.Execute(["v1.sketch.dimension",[{"type":"HORIZONTAL_DISTANCE","value":"@expr.d553_x","name":"x","id":8192,"geomIds":[8198,8249]}]])
[2026-09-16 14:19:28.995][VERB] RETURN: {"result":"$8261"}
[2026-09-16 14:19:28.995][VERB] COMMANDCALL: _C.SafeAPI.Execute(["v1.sketch.dimension",[{"type":"VERTICAL_DISTANCE","value":"@expr.d554_y","name":"y","id":8192,"geomIds":[8198,8249]}]])
[2026-09-16 14:19:29.009][VERB] RETURN: {"result":"$8265"}
[2026-09-16 14:19:29.009][VERB] COMMANDCALL: _C.SafeAPI.Execute(["v1.sketch.line",[{"startPos":[18.275,-24.8,0],"genIncidence":0,"genTangency":0,"genFixation":0,"genVertAndHoriz":0,"id":8192,"endPos":[8.475,-24.8,0]}]])
[2026-09-16 14:19:29.016][VERB] RETURN: {"result":"$8267"}
[2026-09-16 14:19:29.016][VERB] COMMANDCALL: _C.SafeAPI.Execute(["v1.sketch.getPoints",[{"id":8267}]])
[2026-09-16 14:19:29.016][VERB] RETURN: {"result":{"endId":"$8269","startId":"$8268"}}
[2026-09-16 14:19:29.016][VERB] COMMANDCALL: _C.SafeAPI.Execute(["v1.sketch.dimension",[{"type":"HORIZONTAL_DISTANCE","value":"@expr.d555_x","name":"x","id":8192,"geomIds":[8198,8268]}]])
[2026-09-16 14:19:29.031][VERB] RETURN: {"result":"$8273"}
[2026-09-16 14:19:29.031][VERB] COMMANDCALL: _C.SafeAPI.Execute(["v1.sketch.dimension",[{"type":"VERTICAL_DISTANCE","value":"@expr.d556_y","name":"y","id":8192,"geomIds":[8198,8268]}]])
[2026-09-16 14:19:29.047][VERB] RETURN: {"result":"$8277"}
[2026-09-16 14:19:29.048][VERB] COMMANDCALL: _C.SafeAPI.Execute(["v1.sketch.dimension",[{"type":"HORIZONTAL_DISTANCE","value":"@expr.d557_x","name":"x","id":8192,"geomIds":[8198,8269]}]])
[2026-09-16 14:19:29.064][VERB] RETURN: {"result":"$8281"}
[2026-09-16 14:19:29.064][VERB] COMMANDCALL: _C.SafeAPI.Execute(["v1.sketch.dimension",[{"type":"VERTICAL_DISTANCE","value":"@expr.d558_y","name":"y","id":8192,"geomIds":[8198,8269]}]])
[2026-09-16 14:19:29.081][VERB] RETURN: {"result":"$8285"}
[2026-09-16 14:19:29.081][VERB] COMMANDCALL: _C.SafeAPI.Execute(["v1.sketch.line",[{"startPos":[8.475,-24.8,0],"genIncidence":0,"genTangency":0,"genFixation":0,"genVertAndHoriz":0,"id":8192,"endPos":[8.475,-19.4,0]}]])
[2026-09-16 14:19:29.090][VERB] RETURN: {"result":"$8287"}
[2026-09-16 14:19:29.090][VERB] COMMANDCALL: _C.SafeAPI.Execute(["v1.sketch.getPoints",[{"id":8287}]])
[2026-09-16 14:19:29.090][VERB] RETURN: {"result":{"endId":"$8289","startId":"$8288"}}
[2026-09-16 14:19:29.091][VERB] COMMANDCALL: _C.SafeAPI.Execute(["v1.sketch.dimension",[{"type":"HORIZONTAL_DISTANCE","value":"@expr.d559_x","name":"x","id":8192,"geomIds":[8198,8288]}]])
[2026-09-16 14:19:29.108][VERB] RETURN: {"result":"$8293"}
[2026-09-16 14:19:29.109][VERB] COMMANDCALL: _C.SafeAPI.Execute(["v1.sketch.dimension",[{"type":"VERTICAL_DISTANCE","value":"@expr.d560_y","name":"y","id":8192,"geomIds":[8198,8288]}]])
[2026-09-16 14:19:29.128][VERB] RETURN: {"result":"$8297"}
[2026-09-16 14:19:29.129][VERB] COMMANDCALL: _C.SafeAPI.Execute(["v1.sketch.dimension",[{"type":"HORIZONTAL_DISTANCE","value":"@expr.d561_x","name":"x","id":8192,"geomIds":[8198,8289]}]])
[2026-09-16 14:19:29.148][VERB] RETURN: {"result":"$8301"}
[2026-09-16 14:19:29.148][VERB] COMMANDCALL: _C.SafeAPI.Execute(["v1.sketch.dimension",[{"type":"VERTICAL_DISTANCE","value":"@expr.d562_y","name":"y","id":8192,"geomIds":[8198,8289]}]])
[2026-09-16 14:19:29.169][VERB] RETURN: {"result":"$8305"}
[2026-09-16 14:19:29.169][VERB] COMMANDCALL: _C.SafeAPI.Execute(["v1.sketch.arcBy3Points",[{"startPos":[8.475,-19.4,0],"genIncidence":0,"genTangency":0,"genFixation":0,"genVertAndHoriz":0,"midPos":[8.7678932188135,-18.692893218813,0],"id":8192,"endPos":[9.475,-18.4,0]}]])
[2026-09-16 14:19:29.179][VERB] RETURN: {"result":"$8307"}
[2026-09-16 14:19:29.180][VERB] COMMANDCALL: _C.SafeAPI.Execute(["v1.sketch.getPoints",[{"id":8307}]])
[2026-09-16 14:19:29.180][VERB] RETURN: {"result":{"centerId":"$8310","endId":"$8308","startId":"$8309"}}
[2026-09-16 14:19:29.180][VERB] COMMANDCALL: _C.SafeAPI.Execute(["v1.sketch.dimension",[{"type":"HORIZONTAL_DISTANCE","value":"@expr.d563_x","name":"x","id":8192,"geomIds":[8198,8309]}]])
[2026-09-16 14:19:29.201][VERB] RETURN: {"result":"$8314"}
[2026-09-16 14:19:29.201][VERB] COMMANDCALL: _C.SafeAPI.Execute(["v1.sketch.dimension",[{"type":"VERTICAL_DISTANCE","value":"@expr.d564_y","name":"y","id":8192,"geomIds":[8198,8309]}]])
[2026-09-16 14:19:29.223][VERB] RETURN: {"result":"$8318"}
[2026-09-16 14:19:29.224][VERB] COMMANDCALL: _C.SafeAPI.Execute(["v1.sketch.dimension",[{"type":"HORIZONTAL_DISTANCE","value":"@expr.d565_x","name":"x","id":8192,"geomIds":[8198,8308]}]])
[2026-09-16 14:19:29.246][VERB] RETURN: {"result":"$8322"}
[2026-09-16 14:19:29.247][VERB] COMMANDCALL: _C.SafeAPI.Execute(["v1.sketch.dimension",[{"type":"VERTICAL_DISTANCE","value":"@expr.d566_y","name":"y","id":8192,"geomIds":[8198,8308]}]])
[2026-09-16 14:19:29.270][VERB] RETURN: {"result":"$8326"}
[2026-09-16 14:19:29.270][VERB] COMMANDCALL: _C.SafeAPI.Execute(["v1.sketch.dimension",[{"type":"RADIUS","value":"@expr.d567_arc_radius","name":"arc_radius","id":8192,"geomIds":[8307]}]])
[2026-09-16 14:19:29.294][VERB] RETURN: {"result":"$8330"}
[2026-09-16 14:19:29.294][VERB] COMMANDCALL: _C.SafeAPI.Execute(["v1.part.extrusion",[{"references":[8202,8222,8247,8267,8287,8307],"name":"F541_extrude_housing_components_py_153","taperAngle":0,"limit2":"@expr.d568_height","id":4}]])
[2026-09-16 14:19:29.302][VERB] RETURN: {"result":"$8334"}
[2026-09-16 14:19:29.302][VERB] COMMANDCALL: _C.SafeAPI.Execute(["v1.part.translation",[{"references":[30],"name":"F541_extrude_housing_components_py_153_1","id":4,"targets":[8334],"distance":"@expr.d569_position"}]])
[2026-09-16 14:19:29.307][VERB] RETURN: {"result":"$8391"}
[2026-09-16 14:19:29.307][VERB] COMMANDCALL: _C.SafeAPI.Execute(["v1.part.boolean",[{"type":"UNION","tools":[8151,8391],"target":8074,"name":"F494_union_housing_components_py_161","id":4}]])
[2026-09-16 14:19:29.316][VERB] RETURN: {"result":"$8402"}
[2026-09-16 14:19:29.317][VERB] COMMANDCALL: _C.SafeAPI.Execute(["v1.part.workPlane",[{"type":"PLANE","references":[38],"name":"F570_makeBox_cad_primitives_py_8_plane","offset":"@expr.d571_plane_offset","id":4}]])
[2026-09-16 14:19:29.321][VERB] RETURN: {"result":"$8495"}
[2026-09-16 14:19:29.322][VERB] COMMANDCALL: _C.SafeAPI.Execute(["v1.sketch.create",[{"planeId":8495,"name":"F570_makeBox_cad_primitives_py_8_profile","id":4}]])
[2026-09-16 14:19:29.324][VERB] RETURN: {"result":"$8501"}
[2026-09-16 14:19:29.324][VERB] COMMANDCALL: _C.SafeAPI.Execute(["v1.sketch.rectangle",[{"startPos":[-10,50,0],"id":8501,"genFixation":0,"endPos":[50,80,0]}]])
[2026-09-16 14:19:29.330][VERB] RETURN: {"result":["$8507","$8511","$8517","$8523"]}
[2026-09-16 14:19:29.331][VERB] COMMANDCALL: _C.SafeAPI.Execute(["v1.sketch.getPoints",[{"id":8507}]])
[2026-09-16 14:19:29.331][VERB] RETURN: {"result":{"endId":"$8509","startId":"$8508"}}
[2026-09-16 14:19:29.331][VERB] COMMANDCALL: _C.SafeAPI.Execute(["v1.sketch.point",[{"pos":[-1000,-1000,0],"id":8501}]])
[2026-09-16 14:19:29.333][VERB] RETURN: {"result":"$8539"}
[2026-09-16 14:19:29.333][VERB] COMMANDCALL: _C.SafeAPI.Execute(["v1.sketch.constraint",[{"type":"FIXATION","id":8501,"geomIds":[8539]}]])
[2026-09-16 14:19:29.335][VERB] RETURN: {"result":"$8541"}
[2026-09-16 14:19:29.335][VERB] COMMANDCALL: _C.SafeAPI.Execute(["v1.sketch.dimension",[{"type":"HORIZONTAL_DISTANCE","value":"@expr.d572_position_x","name":"position_x","id":8501,"geomIds":[8539,8508]}]])
[2026-09-16 14:19:29.341][VERB] RETURN: {"result":"$8545"}
[2026-09-16 14:19:29.341][VERB] COMMANDCALL: _C.SafeAPI.Execute(["v1.sketch.dimension",[{"type":"VERTICAL_DISTANCE","value":"@expr.d573_position_y","name":"position_y","id":8501,"geomIds":[8539,8508]}]])
[2026-09-16 14:19:29.347][VERB] RETURN: {"result":"$8549"}
[2026-09-16 14:19:29.348][VERB] COMMANDCALL: _C.SafeAPI.Execute(["v1.sketch.dimension",[{"type":"OFFSET","value":"@expr.d574_width","name":"width","id":8501,"geomIds":[8507]}]])
[2026-09-16 14:19:29.355][VERB] RETURN: {"result":"$8553"}
[2026-09-16 14:19:29.355][VERB] COMMANDCALL: _C.SafeAPI.Execute(["v1.sketch.dimension",[{"type":"OFFSET","value":"@expr.d575_depth","name":"depth","id":8501,"geomIds":[8511]}]])
[2026-09-16 14:19:29.363][VERB] RETURN: {"result":"$8557"}
[2026-09-16 14:19:29.363][VERB] COMMANDCALL: _C.SafeAPI.Execute(["v1.part.extrusion",[{"references":[8507,8511,8517,8523],"name":"F570_makeBox_cad_primitives_py_8","taperAngle":0,"limit2":"@expr.d576_height","id":4}]])
[2026-09-16 14:19:29.370][VERB] RETURN: {"result":"$8561"}
[2026-09-16 14:19:29.370][VERB] COMMANDCALL: _C.SafeAPI.Execute(["v1.part.boolean",[{"type":"INTERSECTION","tools":[8561],"target":8402,"name":"F493_common_housing_components_py_165","id":4}]])
[2026-09-16 14:19:29.376][VERB] RETURN: {"result":"$8604"}
[2026-09-16 14:19:29.376][VERB] COMMANDCALL: _C.SafeAPI.Execute(["v1.part.boolean",[{"type":"SUBTRACTION","tools":[8604],"target":7719,"name":"F40_cut_housing_shell_py_94","id":4}]])
[2026-09-16 14:19:29.397][VERB] RETURN: {"result":"$8634"}
[2026-09-16 14:19:29.397][VERB] COMMANDCALL: _C.SafeAPI.Execute(["v1.part.workPlane",[{"type":"PLANE","references":[46],"name":"F577_makeCylinder_cad_primitives_py_12_plane","offset":"@expr.d578_plane_offset","id":4}]])
[2026-09-16 14:19:29.402][VERB] RETURN: {"result":"$8759"}
[2026-09-16 14:19:29.402][VERB] COMMANDCALL: _C.SafeAPI.Execute(["v1.sketch.create",[{"planeId":8759,"name":"F577_makeCylinder_cad_primitives_py_12_profile","id":4}]])
[2026-09-16 14:19:29.404][VERB] RETURN: {"result":"$8765"}
[2026-09-16 14:19:29.404][VERB] COMMANDCALL: _C.SafeAPI.Execute(["v1.sketch.circle",[{"radius":11.2,"id":8765,"genFixation":0,"centerPos":[13.05,-12.5,0]}]])
[2026-09-16 14:19:29.405][VERB] RETURN: {"result":"$8771"}
[2026-09-16 14:19:29.406][VERB] COMMANDCALL: _C.SafeAPI.Execute(["v1.sketch.getPoints",[{"id":8771}]])
[2026-09-16 14:19:29.406][VERB] RETURN: {"result":{"centerId":"$8772"}}
[2026-09-16 14:19:29.406][VERB] COMMANDCALL: _C.SafeAPI.Execute(["v1.sketch.point",[{"pos":[-1000,-1000,0],"id":8765}]])
[2026-09-16 14:19:29.407][VERB] RETURN: {"result":"$8774"}
[2026-09-16 14:19:29.407][VERB] COMMANDCALL: _C.SafeAPI.Execute(["v1.sketch.constraint",[{"type":"FIXATION","id":8765,"geomIds":[8774]}]])
[2026-09-16 14:19:29.408][VERB] RETURN: {"result":"$8776"}
[2026-09-16 14:19:29.408][VERB] COMMANDCALL: _C.SafeAPI.Execute(["v1.sketch.dimension",[{"type":"HORIZONTAL_DISTANCE","value":"@expr.d579_position_x","name":"position_x","id":8765,"geomIds":[8774,8772]}]])
[2026-09-16 14:19:29.413][VERB] RETURN: {"result":"$8780"}
[2026-09-16 14:19:29.413][VERB] COMMANDCALL: _C.SafeAPI.Execute(["v1.sketch.dimension",[{"type":"VERTICAL_DISTANCE","value":"@expr.d580_position_y","name":"position_y","id":8765,"geomIds":[8774,8772]}]])
[2026-09-16 14:19:29.418][VERB] RETURN: {"result":"$8784"}
[2026-09-16 14:19:29.418][VERB] COMMANDCALL: _C.SafeAPI.Execute(["v1.sketch.dimension",[{"type":"RADIUS","value":"@expr.d581_radius","name":"radius","id":8765,"geomIds":[8771]}]])
[2026-09-16 14:19:29.423][VERB] RETURN: {"result":"$8788"}
[2026-09-16 14:19:29.424][VERB] COMMANDCALL: _C.SafeAPI.Execute(["v1.part.extrusion",[{"references":[8771],"name":"F577_makeCylinder_cad_primitives_py_12","taperAngle":0,"limit2":"@expr.d582_height","id":4}]])
[2026-09-16 14:19:29.430][VERB] RETURN: {"result":"$8792"}
[2026-09-16 14:19:29.431][VERB] COMMANDCALL: _C.SafeAPI.Execute(["v1.part.boolean",[{"type":"SUBTRACTION","tools":[8792],"target":8634,"name":"F39_cut_housing_shell_py_94","id":4}]])
[2026-09-16 14:19:29.453][VERB] RETURN: {"result":"$8814"}
[2026-09-16 14:19:29.454][VERB] COMMANDCALL: _C.SafeAPI.Execute(["v1.part.workPlane",[{"type":"PLANE","references":[42],"name":"F583_makeCylinder_cad_primitives_py_12_plane","offset":"@expr.d584_plane_offset","id":4}]])
[2026-09-16 14:19:29.458][VERB] RETURN: {"result":"$8847"}
[2026-09-16 14:19:29.458][VERB] COMMANDCALL: _C.SafeAPI.Execute(["v1.sketch.create",[{"planeId":8847,"name":"F583_makeCylinder_cad_primitives_py_12_profile","id":4}]])
[2026-09-16 14:19:29.461][VERB] RETURN: {"result":"$8853"}
[2026-09-16 14:19:29.461][VERB] COMMANDCALL: _C.SafeAPI.Execute(["v1.sketch.circle",[{"radius":6.2,"id":8853,"genFixation":0,"centerPos":[42,-13.3,0]}]])
[2026-09-16 14:19:29.462][VERB] RETURN: {"result":"$8859"}
[2026-09-16 14:19:29.462][VERB] COMMANDCALL: _C.SafeAPI.Execute(["v1.sketch.getPoints",[{"id":8859}]])
[2026-09-16 14:19:29.462][VERB] RETURN: {"result":{"centerId":"$8860"}}
[2026-09-16 14:19:29.462][VERB] COMMANDCALL: _C.SafeAPI.Execute(["v1.sketch.point",[{"pos":[-1000,-1000,0],"id":8853}]])
[2026-09-16 14:19:29.463][VERB] RETURN: {"result":"$8862"}
[2026-09-16 14:19:29.463][VERB] COMMANDCALL: _C.SafeAPI.Execute(["v1.sketch.constraint",[{"type":"FIXATION","id":8853,"geomIds":[8862]}]])
[2026-09-16 14:19:29.464][VERB] RETURN: {"result":"$8864"}
[2026-09-16 14:19:29.464][VERB] COMMANDCALL: _C.SafeAPI.Execute(["v1.sketch.dimension",[{"type":"HORIZONTAL_DISTANCE","value":"@expr.d585_position_x","name":"position_x","id":8853,"geomIds":[8862,8860]}]])
[2026-09-16 14:19:29.469][VERB] RETURN: {"result":"$8868"}
[2026-09-16 14:19:29.469][VERB] COMMANDCALL: _C.SafeAPI.Execute(["v1.sketch.dimension",[{"type":"VERTICAL_DISTANCE","value":"@expr.d586_position_y","name":"position_y","id":8853,"geomIds":[8862,8860]}]])
[2026-09-16 14:19:29.474][VERB] RETURN: {"result":"$8872"}
[2026-09-16 14:19:29.474][VERB] COMMANDCALL: _C.SafeAPI.Execute(["v1.sketch.dimension",[{"type":"RADIUS","value":"@expr.d587_radius","name":"radius","id":8853,"geomIds":[8859]}]])
[2026-09-16 14:19:29.479][VERB] RETURN: {"result":"$8876"}
[2026-09-16 14:19:29.480][VERB] COMMANDCALL: _C.SafeAPI.Execute(["v1.part.extrusion",[{"references":[8859],"name":"F583_makeCylinder_cad_primitives_py_12","taperAngle":0,"limit2":"@expr.d588_height","id":4}]])
[2026-09-16 14:19:29.486][VERB] RETURN: {"result":"$8880"}
[2026-09-16 14:19:29.487][VERB] COMMANDCALL: _C.SafeAPI.Execute(["v1.part.boolean",[{"type":"SUBTRACTION","tools":[8880],"target":8814,"name":"F38_cut_housing_shell_py_94","id":4}]])
[2026-09-16 14:19:29.501][VERB] RETURN: {"result":"$8902"}
[2026-09-16 14:19:29.501][VERB] COMMANDCALL: _C.SafeAPI.Execute(["v1.part.workPlane",[{"type":"PLANE","references":[46],"name":"F589_makeCylinder_cad_primitives_py_12_plane","offset":"@expr.d590_plane_offset","id":4}]])
[2026-09-16 14:19:29.506][VERB] RETURN: {"result":"$8919"}
[2026-09-16 14:19:29.506][VERB] COMMANDCALL: _C.SafeAPI.Execute(["v1.sketch.create",[{"planeId":8919,"name":"F589_makeCylinder_cad_primitives_py_12_profile","id":4}]])
[2026-09-16 14:19:29.508][VERB] RETURN: {"result":"$8925"}
[2026-09-16 14:19:29.508][VERB] COMMANDCALL: _C.SafeAPI.Execute(["v1.sketch.circle",[{"radius":11.95,"id":8925,"genFixation":0,"centerPos":[13.05,-12.5,0]}]])
[2026-09-16 14:19:29.509][VERB] RETURN: {"result":"$8931"}
[2026-09-16 14:19:29.509][VERB] COMMANDCALL: _C.SafeAPI.Execute(["v1.sketch.getPoints",[{"id":8931}]])
[2026-09-16 14:19:29.510][VERB] RETURN: {"result":{"centerId":"$8932"}}
[2026-09-16 14:19:29.510][VERB] COMMANDCALL: _C.SafeAPI.Execute(["v1.sketch.point",[{"pos":[-1000,-1000,0],"id":8925}]])
[2026-09-16 14:19:29.511][VERB] RETURN: {"result":"$8934"}
[2026-09-16 14:19:29.511][VERB] COMMANDCALL: _C.SafeAPI.Execute(["v1.sketch.constraint",[{"type":"FIXATION","id":8925,"geomIds":[8934]}]])
[2026-09-16 14:19:29.512][VERB] RETURN: {"result":"$8936"}
[2026-09-16 14:19:29.512][VERB] COMMANDCALL: _C.SafeAPI.Execute(["v1.sketch.dimension",[{"type":"HORIZONTAL_DISTANCE","value":"@expr.d591_position_x","name":"position_x","id":8925,"geomIds":[8934,8932]}]])
[2026-09-16 14:19:29.516][VERB] RETURN: {"result":"$8940"}
[2026-09-16 14:19:29.517][VERB] COMMANDCALL: _C.SafeAPI.Execute(["v1.sketch.dimension",[{"type":"VERTICAL_DISTANCE","value":"@expr.d592_position_y","name":"position_y","id":8925,"geomIds":[8934,8932]}]])
[2026-09-16 14:19:29.522][VERB] RETURN: {"result":"$8944"}
[2026-09-16 14:19:29.522][VERB] COMMANDCALL: _C.SafeAPI.Execute(["v1.sketch.dimension",[{"type":"RADIUS","value":"@expr.d593_radius","name":"radius","id":8925,"geomIds":[8931]}]])
[2026-09-16 14:19:29.527][VERB] RETURN: {"result":"$8948"}
[2026-09-16 14:19:29.527][VERB] COMMANDCALL: _C.SafeAPI.Execute(["v1.part.extrusion",[{"references":[8931],"name":"F589_makeCylinder_cad_primitives_py_12","taperAngle":0,"limit2":"@expr.d594_height","id":4}]])
[2026-09-16 14:19:29.534][VERB] RETURN: {"result":"$8952"}
[2026-09-16 14:19:29.534][VERB] COMMANDCALL: _C.SafeAPI.Execute(["v1.part.boolean",[{"type":"SUBTRACTION","tools":[8952],"target":8902,"name":"F37_cut_housing_shell_py_94","id":4}]])
[2026-09-16 14:19:29.552][VERB] RETURN: {"result":"$8974"}
[2026-09-16 14:19:29.553][VERB] COMMANDCALL: _C.SafeAPI.Execute(["v1.part.workPlane",[{"type":"PLANE","references":[46],"name":"F596_makeCylinder_cad_primitives_py_12_plane","offset":"@expr.d597_plane_offset","id":4}]])
[2026-09-16 14:19:29.557][VERB] RETURN: {"result":"$9008"}
[2026-09-16 14:19:29.557][VERB] COMMANDCALL: _C.SafeAPI.Execute(["v1.sketch.create",[{"planeId":9008,"name":"F596_makeCylinder_cad_primitives_py_12_profile","id":4}]])
[2026-09-16 14:19:29.559][VERB] RETURN: {"result":"$9014"}
[2026-09-16 14:19:29.560][VERB] COMMANDCALL: _C.SafeAPI.Execute(["v1.sketch.circle",[{"radius":11.95,"id":9014,"genFixation":0,"centerPos":[13.05,-12.5,0]}]])
[2026-09-16 14:19:29.561][VERB] RETURN: {"result":"$9020"}
[2026-09-16 14:19:29.561][VERB] COMMANDCALL: _C.SafeAPI.Execute(["v1.sketch.getPoints",[{"id":9020}]])
[2026-09-16 14:19:29.561][VERB] RETURN: {"result":{"centerId":"$9021"}}
[2026-09-16 14:19:29.561][VERB] COMMANDCALL: _C.SafeAPI.Execute(["v1.sketch.point",[{"pos":[-1000,-1000,0],"id":9014}]])
[2026-09-16 14:19:29.562][VERB] RETURN: {"result":"$9023"}
[2026-09-16 14:19:29.562][VERB] COMMANDCALL: _C.SafeAPI.Execute(["v1.sketch.constraint",[{"type":"FIXATION","id":9014,"geomIds":[9023]}]])
[2026-09-16 14:19:29.563][VERB] RETURN: {"result":"$9025"}
[2026-09-16 14:19:29.563][VERB] COMMANDCALL: _C.SafeAPI.Execute(["v1.sketch.dimension",[{"type":"HORIZONTAL_DISTANCE","value":"@expr.d598_position_x","name":"position_x","id":9014,"geomIds":[9023,9021]}]])
[2026-09-16 14:19:29.568][VERB] RETURN: {"result":"$9029"}
[2026-09-16 14:19:29.568][VERB] COMMANDCALL: _C.SafeAPI.Execute(["v1.sketch.dimension",[{"type":"VERTICAL_DISTANCE","value":"@expr.d599_position_y","name":"position_y","id":9014,"geomIds":[9023,9021]}]])
[2026-09-16 14:19:29.573][VERB] RETURN: {"result":"$9033"}
[2026-09-16 14:19:29.574][VERB] COMMANDCALL: _C.SafeAPI.Execute(["v1.sketch.dimension",[{"type":"RADIUS","value":"@expr.d600_radius","name":"radius","id":9014,"geomIds":[9020]}]])
[2026-09-16 14:19:29.579][VERB] RETURN: {"result":"$9037"}
[2026-09-16 14:19:29.579][VERB] COMMANDCALL: _C.SafeAPI.Execute(["v1.part.extrusion",[{"references":[9020],"name":"F596_makeCylinder_cad_primitives_py_12","taperAngle":0,"limit2":"@expr.d601_height","id":4}]])
[2026-09-16 14:19:29.587][VERB] RETURN: {"result":"$9041"}
[2026-09-16 14:19:29.588][VERB] COMMANDCALL: _C.SafeAPI.Execute(["v1.part.workPlane",[{"type":"PLANE","references":[38],"name":"F602_makeBox_cad_primitives_py_8_plane","offset":"@expr.d603_plane_offset","id":4}]])
[2026-09-16 14:19:29.593][VERB] RETURN: {"result":"$9063"}
[2026-09-16 14:19:29.593][VERB] COMMANDCALL: _C.SafeAPI.Execute(["v1.sketch.create",[{"planeId":9063,"name":"F602_makeBox_cad_primitives_py_8_profile","id":4}]])
[2026-09-16 14:19:29.595][VERB] RETURN: {"result":"$9069"}
[2026-09-16 14:19:29.595][VERB] COMMANDCALL: _C.SafeAPI.Execute(["v1.sketch.rectangle",[{"startPos":[1,1.6,0],"id":9069,"genFixation":0,"endPos":[1.6,31.6,0]}]])
[2026-09-16 14:19:29.603][VERB] RETURN: {"result":["$9075","$9079","$9085","$9091"]}
[2026-09-16 14:19:29.603][VERB] COMMANDCALL: _C.SafeAPI.Execute(["v1.sketch.getPoints",[{"id":9075}]])
[2026-09-16 14:19:29.604][VERB] RETURN: {"result":{"endId":"$9077","startId":"$9076"}}
[2026-09-16 14:19:29.604][VERB] COMMANDCALL: _C.SafeAPI.Execute(["v1.sketch.point",[{"pos":[-1000,-1000,0],"id":9069}]])
[2026-09-16 14:19:29.606][VERB] RETURN: {"result":"$9107"}
[2026-09-16 14:19:29.606][VERB] COMMANDCALL: _C.SafeAPI.Execute(["v1.sketch.constraint",[{"type":"FIXATION","id":9069,"geomIds":[9107]}]])
[2026-09-16 14:19:29.608][VERB] RETURN: {"result":"$9109"}
[2026-09-16 14:19:29.608][VERB] COMMANDCALL: _C.SafeAPI.Execute(["v1.sketch.dimension",[{"type":"HORIZONTAL_DISTANCE","value":"@expr.d604_position_x","name":"position_x","id":9069,"geomIds":[9107,9076]}]])
[2026-09-16 14:19:29.615][VERB] RETURN: {"result":"$9113"}
[2026-09-16 14:19:29.615][VERB] COMMANDCALL: _C.SafeAPI.Execute(["v1.sketch.dimension",[{"type":"VERTICAL_DISTANCE","value":"@expr.d605_position_y","name":"position_y","id":9069,"geomIds":[9107,9076]}]])
[2026-09-16 14:19:29.623][VERB] RETURN: {"result":"$9117"}
[2026-09-16 14:19:29.624][VERB] COMMANDCALL: _C.SafeAPI.Execute(["v1.sketch.dimension",[{"type":"OFFSET","value":"@expr.d606_width","name":"width","id":9069,"geomIds":[9075]}]])
[2026-09-16 14:19:29.633][VERB] RETURN: {"result":"$9121"}
[2026-09-16 14:19:29.633][VERB] COMMANDCALL: _C.SafeAPI.Execute(["v1.sketch.dimension",[{"type":"OFFSET","value":"@expr.d607_depth","name":"depth","id":9069,"geomIds":[9079]}]])
[2026-09-16 14:19:29.643][VERB] RETURN: {"result":"$9125"}
[2026-09-16 14:19:29.644][VERB] COMMANDCALL: _C.SafeAPI.Execute(["v1.part.extrusion",[{"references":[9075,9079,9085,9091],"name":"F602_makeBox_cad_primitives_py_8","taperAngle":0,"limit2":"@expr.d608_height","id":4}]])
[2026-09-16 14:19:29.651][VERB] RETURN: {"result":"$9129"}
[2026-09-16 14:19:29.652][VERB] COMMANDCALL: _C.SafeAPI.Execute(["v1.part.boolean",[{"type":"INTERSECTION","tools":[9129],"target":9041,"name":"F595_common_housing_shell_py_90","id":4}]])
[2026-09-16 14:19:29.660][VERB] RETURN: {"result":"$9172"}
[2026-09-16 14:19:29.660][VERB] COMMANDCALL: _C.SafeAPI.Execute(["v1.part.boolean",[{"type":"SUBTRACTION","tools":[9172],"target":8974,"name":"F36_cut_housing_shell_py_94","id":4}]])
[2026-09-16 14:19:29.687][VERB] RETURN: {"result":"$9220"}
[2026-09-16 14:19:29.687][VERB] COMMANDCALL: _C.SafeAPI.Execute(["v1.part.workPlane",[{"type":"PLANE","references":[38],"name":"F609_makeBox_cad_primitives_py_8_plane","offset":"@expr.d610_plane_offset","id":4}]])
[2026-09-16 14:19:29.692][VERB] RETURN: {"result":"$9331"}
[2026-09-16 14:19:29.693][VERB] COMMANDCALL: _C.SafeAPI.Execute(["v1.sketch.create",[{"planeId":9331,"name":"F609_makeBox_cad_primitives_py_8_profile","id":4}]])
[2026-09-16 14:19:29.695][VERB] RETURN: {"result":"$9337"}
[2026-09-16 14:19:29.695][VERB] COMMANDCALL: _C.SafeAPI.Execute(["v1.sketch.rectangle",[{"startPos":[-20,-20,0],"id":9337,"genFixation":0,"endPos":[130,100,0]}]])
[2026-09-16 14:19:29.702][VERB] RETURN: {"result":["$9343","$9347","$9353","$9359"]}
[2026-09-16 14:19:29.702][VERB] COMMANDCALL: _C.SafeAPI.Execute(["v1.sketch.getPoints",[{"id":9343}]])
[2026-09-16 14:19:29.702][VERB] RETURN: {"result":{"endId":"$9345","startId":"$9344"}}
[2026-09-16 14:19:29.702][VERB] COMMANDCALL: _C.SafeAPI.Execute(["v1.sketch.point",[{"pos":[-1000,-1000,0],"id":9337}]])
[2026-09-16 14:19:29.704][VERB] RETURN: {"result":"$9375"}
[2026-09-16 14:19:29.705][VERB] COMMANDCALL: _C.SafeAPI.Execute(["v1.sketch.constraint",[{"type":"FIXATION","id":9337,"geomIds":[9375]}]])
[2026-09-16 14:19:29.706][VERB] RETURN: {"result":"$9377"}
[2026-09-16 14:19:29.706][VERB] COMMANDCALL: _C.SafeAPI.Execute(["v1.sketch.dimension",[{"type":"HORIZONTAL_DISTANCE","value":"@expr.d611_position_x","name":"position_x","id":9337,"geomIds":[9375,9344]}]])
[2026-09-16 14:19:29.712][VERB] RETURN: {"result":"$9381"}
[2026-09-16 14:19:29.713][VERB] COMMANDCALL: _C.SafeAPI.Execute(["v1.sketch.dimension",[{"type":"VERTICAL_DISTANCE","value":"@expr.d612_position_y","name":"position_y","id":9337,"geomIds":[9375,9344]}]])
[2026-09-16 14:19:29.719][VERB] RETURN: {"result":"$9385"}
[2026-09-16 14:19:29.719][VERB] COMMANDCALL: _C.SafeAPI.Execute(["v1.sketch.dimension",[{"type":"OFFSET","value":"@expr.d613_width","name":"width","id":9337,"geomIds":[9343]}]])
[2026-09-16 14:19:29.727][VERB] RETURN: {"result":"$9389"}
[2026-09-16 14:19:29.727][VERB] COMMANDCALL: _C.SafeAPI.Execute(["v1.sketch.dimension",[{"type":"OFFSET","value":"@expr.d614_depth","name":"depth","id":9337,"geomIds":[9347]}]])
[2026-09-16 14:19:29.735][VERB] RETURN: {"result":"$9393"}
[2026-09-16 14:19:29.736][VERB] COMMANDCALL: _C.SafeAPI.Execute(["v1.part.extrusion",[{"references":[9343,9347,9353,9359],"name":"F609_makeBox_cad_primitives_py_8","taperAngle":0,"limit2":"@expr.d615_height","id":4}]])
[2026-09-16 14:19:29.742][VERB] RETURN: {"result":"$9397"}
[2026-09-16 14:19:29.742][VERB] COMMANDCALL: _C.SafeAPI.Execute(["v1.part.workPlane",[{"type":"PLANE","references":[38],"name":"F616_makeBox_cad_primitives_py_8_plane","offset":"@expr.d617_plane_offset","id":4}]])
[2026-09-16 14:19:29.747][VERB] RETURN: {"result":"$9440"}
[2026-09-16 14:19:29.747][VERB] COMMANDCALL: _C.SafeAPI.Execute(["v1.sketch.create",[{"planeId":9440,"name":"F616_makeBox_cad_primitives_py_8_profile","id":4}]])
[2026-09-16 14:19:29.749][VERB] RETURN: {"result":"$9446"}
[2026-09-16 14:19:29.749][VERB] COMMANDCALL: _C.SafeAPI.Execute(["v1.sketch.rectangle",[{"startPos":[-1.4,-1.4,0],"id":9446,"genFixation":0,"endPos":[2.3,27.4,0]}]])
[2026-09-16 14:19:29.756][VERB] RETURN: {"result":["$9452","$9456","$9462","$9468"]}
[2026-09-16 14:19:29.756][VERB] COMMANDCALL: _C.SafeAPI.Execute(["v1.sketch.getPoints",[{"id":9452}]])
[2026-09-16 14:19:29.757][VERB] RETURN: {"result":{"endId":"$9454","startId":"$9453"}}
[2026-09-16 14:19:29.757][VERB] COMMANDCALL: _C.SafeAPI.Execute(["v1.sketch.point",[{"pos":[-1000,-1000,0],"id":9446}]])
[2026-09-16 14:19:29.759][VERB] RETURN: {"result":"$9484"}
[2026-09-16 14:19:29.759][VERB] COMMANDCALL: _C.SafeAPI.Execute(["v1.sketch.constraint",[{"type":"FIXATION","id":9446,"geomIds":[9484]}]])
[2026-09-16 14:19:29.760][VERB] RETURN: {"result":"$9486"}
[2026-09-16 14:19:29.761][VERB] COMMANDCALL: _C.SafeAPI.Execute(["v1.sketch.dimension",[{"type":"HORIZONTAL_DISTANCE","value":"@expr.d618_position_x","name":"position_x","id":9446,"geomIds":[9484,9453]}]])
[2026-09-16 14:19:29.766][VERB] RETURN: {"result":"$9490"}
[2026-09-16 14:19:29.767][VERB] COMMANDCALL: _C.SafeAPI.Execute(["v1.sketch.dimension",[{"type":"VERTICAL_DISTANCE","value":"@expr.d619_position_y","name":"position_y","id":9446,"geomIds":[9484,9453]}]])
[2026-09-16 14:19:29.773][VERB] RETURN: {"result":"$9494"}
[2026-09-16 14:19:29.773][VERB] COMMANDCALL: _C.SafeAPI.Execute(["v1.sketch.dimension",[{"type":"OFFSET","value":"@expr.d620_width","name":"width","id":9446,"geomIds":[9452]}]])
[2026-09-16 14:19:29.781][VERB] RETURN: {"result":"$9498"}
[2026-09-16 14:19:29.781][VERB] COMMANDCALL: _C.SafeAPI.Execute(["v1.sketch.dimension",[{"type":"OFFSET","value":"@expr.d621_depth","name":"depth","id":9446,"geomIds":[9456]}]])
[2026-09-16 14:19:29.789][VERB] RETURN: {"result":"$9502"}
[2026-09-16 14:19:29.789][VERB] COMMANDCALL: _C.SafeAPI.Execute(["v1.part.extrusion",[{"references":[9452,9456,9462,9468],"name":"F616_makeBox_cad_primitives_py_8","taperAngle":0,"limit2":"@expr.d622_height","id":4}]])
[2026-09-16 14:19:29.796][VERB] RETURN: {"result":"$9506"}
[2026-09-16 14:19:29.796][VERB] COMMANDCALL: _C.SafeAPI.Execute(["v1.part.boolean",[{"type":"UNION","tools":[9506],"target":9397,"name":"F35_union_housing_shell_py_100_clip_regions","id":4}]])
[2026-09-16 14:19:29.802][VERB] RETURN: {"result":"$9549"}
[2026-09-16 14:19:29.802][VERB] COMMANDCALL: _C.SafeAPI.Execute(["v1.part.boolean",[{"type":"INTERSECTION","tools":[9549],"target":9220,"name":"F35_union_housing_shell_py_100_clipped","id":4}]])
[2026-09-16 14:19:29.838][VERB] RETURN: {"result":"$9595"}
[2026-09-16 14:19:29.839][VERB] COMMANDCALL: _C.SafeAPI.Execute(["v1.part.workPlane",[{"type":"PLANE","references":[38],"name":"F623_makeCylinder_cad_primitives_py_12_plane","offset":"@expr.d624_plane_offset","id":4}]])
[2026-09-16 14:19:29.844][VERB] RETURN: {"result":"$9776"}
[2026-09-16 14:19:29.844][VERB] COMMANDCALL: _C.SafeAPI.Execute(["v1.sketch.create",[{"planeId":9776,"name":"F623_makeCylinder_cad_primitives_py_12_profile","id":4}]])
[2026-09-16 14:19:29.846][VERB] RETURN: {"result":"$9782"}
[2026-09-16 14:19:29.846][VERB] COMMANDCALL: _C.SafeAPI.Execute(["v1.sketch.circle",[{"radius":2.85,"id":9782,"genFixation":0,"centerPos":[29.5,3.1,0]}]])
[2026-09-16 14:19:29.847][VERB] RETURN: {"result":"$9788"}
[2026-09-16 14:19:29.848][VERB] COMMANDCALL: _C.SafeAPI.Execute(["v1.sketch.getPoints",[{"id":9788}]])
[2026-09-16 14:19:29.848][VERB] RETURN: {"result":{"centerId":"$9789"}}
[2026-09-16 14:19:29.848][VERB] COMMANDCALL: _C.SafeAPI.Execute(["v1.sketch.point",[{"pos":[-1000,-1000,0],"id":9782}]])
[2026-09-16 14:19:29.849][VERB] RETURN: {"result":"$9791"}
[2026-09-16 14:19:29.849][VERB] COMMANDCALL: _C.SafeAPI.Execute(["v1.sketch.constraint",[{"type":"FIXATION","id":9782,"geomIds":[9791]}]])
[2026-09-16 14:19:29.850][VERB] RETURN: {"result":"$9793"}
[2026-09-16 14:19:29.850][VERB] COMMANDCALL: _C.SafeAPI.Execute(["v1.sketch.dimension",[{"type":"HORIZONTAL_DISTANCE","value":"@expr.d625_position_x","name":"position_x","id":9782,"geomIds":[9791,9789]}]])
[2026-09-16 14:19:29.855][VERB] RETURN: {"result":"$9797"}
[2026-09-16 14:19:29.855][VERB] COMMANDCALL: _C.SafeAPI.Execute(["v1.sketch.dimension",[{"type":"VERTICAL_DISTANCE","value":"@expr.d626_position_y","name":"position_y","id":9782,"geomIds":[9791,9789]}]])
[2026-09-16 14:19:29.860][VERB] RETURN: {"result":"$9801"}
[2026-09-16 14:19:29.861][VERB] COMMANDCALL: _C.SafeAPI.Execute(["v1.sketch.dimension",[{"type":"RADIUS","value":"@expr.d627_radius","name":"radius","id":9782,"geomIds":[9788]}]])
[2026-09-16 14:19:29.866][VERB] RETURN: {"result":"$9805"}
[2026-09-16 14:19:29.866][VERB] COMMANDCALL: _C.SafeAPI.Execute(["v1.part.extrusion",[{"references":[9788],"name":"F623_makeCylinder_cad_primitives_py_12","taperAngle":0,"limit2":"@expr.d628_height","id":4}]])
[2026-09-16 14:19:29.873][VERB] RETURN: {"result":"$9809"}
[2026-09-16 14:19:29.874][VERB] COMMANDCALL: _C.SafeAPI.Execute(["v1.part.boolean",[{"type":"UNION","tools":[9809],"target":9595,"name":"F34_union_housing_py_321","id":4}]])
[2026-09-16 14:19:29.888][VERB] RETURN: {"result":"$9831"}
[2026-09-16 14:19:29.889][VERB] COMMANDCALL: _C.SafeAPI.Execute(["v1.part.workPlane",[{"type":"PLANE","references":[38],"name":"F629_makeCylinder_cad_primitives_py_12_plane","offset":"@expr.d630_plane_offset","id":4}]])
[2026-09-16 14:19:29.894][VERB] RETURN: {"result":"$9881"}
[2026-09-16 14:19:29.894][VERB] COMMANDCALL: _C.SafeAPI.Execute(["v1.sketch.create",[{"planeId":9881,"name":"F629_makeCylinder_cad_primitives_py_12_profile","id":4}]])
[2026-09-16 14:19:29.896][VERB] RETURN: {"result":"$9887"}
[2026-09-16 14:19:29.896][VERB] COMMANDCALL: _C.SafeAPI.Execute(["v1.sketch.circle",[{"radius":1.15,"id":9887,"genFixation":0,"centerPos":[29.5,3.1,0]}]])
[2026-09-16 14:19:29.898][VERB] RETURN: {"result":"$9893"}
[2026-09-16 14:19:29.898][VERB] COMMANDCALL: _C.SafeAPI.Execute(["v1.sketch.getPoints",[{"id":9893}]])
[2026-09-16 14:19:29.898][VERB] RETURN: {"result":{"centerId":"$9894"}}
[2026-09-16 14:19:29.898][VERB] COMMANDCALL: _C.SafeAPI.Execute(["v1.sketch.point",[{"pos":[-1000,-1000,0],"id":9887}]])
[2026-09-16 14:19:29.899][VERB] RETURN: {"result":"$9896"}
[2026-09-16 14:19:29.899][VERB] COMMANDCALL: _C.SafeAPI.Execute(["v1.sketch.constraint",[{"type":"FIXATION","id":9887,"geomIds":[9896]}]])
[2026-09-16 14:19:29.901][VERB] RETURN: {"result":"$9898"}
[2026-09-16 14:19:29.901][VERB] COMMANDCALL: _C.SafeAPI.Execute(["v1.sketch.dimension",[{"type":"HORIZONTAL_DISTANCE","value":"@expr.d631_position_x","name":"position_x","id":9887,"geomIds":[9896,9894]}]])
[2026-09-16 14:19:29.906][VERB] RETURN: {"result":"$9902"}
[2026-09-16 14:19:29.906][VERB] COMMANDCALL: _C.SafeAPI.Execute(["v1.sketch.dimension",[{"type":"VERTICAL_DISTANCE","value":"@expr.d632_position_y","name":"position_y","id":9887,"geomIds":[9896,9894]}]])
[2026-09-16 14:19:29.911][VERB] RETURN: {"result":"$9906"}
[2026-09-16 14:19:29.911][VERB] COMMANDCALL: _C.SafeAPI.Execute(["v1.sketch.dimension",[{"type":"RADIUS","value":"@expr.d633_radius","name":"radius","id":9887,"geomIds":[9893]}]])
[2026-09-16 14:19:29.917][VERB] RETURN: {"result":"$9910"}
[2026-09-16 14:19:29.918][VERB] COMMANDCALL: _C.SafeAPI.Execute(["v1.part.extrusion",[{"references":[9893],"name":"F629_makeCylinder_cad_primitives_py_12","taperAngle":0,"limit2":"@expr.d634_height","id":4}]])
[2026-09-16 14:19:29.925][VERB] RETURN: {"result":"$9914"}
[2026-09-16 14:19:29.925][VERB] COMMANDCALL: _C.SafeAPI.Execute(["v1.part.boolean",[{"type":"SUBTRACTION","tools":[9914],"target":9831,"name":"F33_cut_housing_py_322","id":4}]])
[2026-09-16 14:19:29.939][VERB] RETURN: {"result":"$9936"}
[2026-09-16 14:19:29.939][VERB] COMMANDCALL: _C.SafeAPI.Execute(["v1.part.workPlane",[{"type":"PLANE","references":[38],"name":"F635_makeCylinder_cad_primitives_py_12_plane","offset":"@expr.d636_plane_offset","id":4}]])
[2026-09-16 14:19:29.944][VERB] RETURN: {"result":"$9958"}
[2026-09-16 14:19:29.945][VERB] COMMANDCALL: _C.SafeAPI.Execute(["v1.sketch.create",[{"planeId":9958,"name":"F635_makeCylinder_cad_primitives_py_12_profile","id":4}]])
[2026-09-16 14:19:29.947][VERB] RETURN: {"result":"$9964"}
[2026-09-16 14:19:29.947][VERB] COMMANDCALL: _C.SafeAPI.Execute(["v1.sketch.circle",[{"radius":2.85,"id":9964,"genFixation":0,"centerPos":[29.5,20.9,0]}]])
[2026-09-16 14:19:29.948][VERB] RETURN: {"result":"$9970"}
[2026-09-16 14:19:29.948][VERB] COMMANDCALL: _C.SafeAPI.Execute(["v1.sketch.getPoints",[{"id":9970}]])
[2026-09-16 14:19:29.949][VERB] RETURN: {"result":{"centerId":"$9971"}}
[2026-09-16 14:19:29.949][VERB] COMMANDCALL: _C.SafeAPI.Execute(["v1.sketch.point",[{"pos":[-1000,-1000,0],"id":9964}]])
[2026-09-16 14:19:29.950][VERB] RETURN: {"result":"$9973"}
[2026-09-16 14:19:29.950][VERB] COMMANDCALL: _C.SafeAPI.Execute(["v1.sketch.constraint",[{"type":"FIXATION","id":9964,"geomIds":[9973]}]])
[2026-09-16 14:19:29.951][VERB] RETURN: {"result":"$9975"}
[2026-09-16 14:19:29.952][VERB] COMMANDCALL: _C.SafeAPI.Execute(["v1.sketch.dimension",[{"type":"HORIZONTAL_DISTANCE","value":"@expr.d637_position_x","name":"position_x","id":9964,"geomIds":[9973,9971]}]])
[2026-09-16 14:19:29.956][VERB] RETURN: {"result":"$9979"}
[2026-09-16 14:19:29.957][VERB] COMMANDCALL: _C.SafeAPI.Execute(["v1.sketch.dimension",[{"type":"VERTICAL_DISTANCE","value":"@expr.d638_position_y","name":"position_y","id":9964,"geomIds":[9973,9971]}]])
[2026-09-16 14:19:29.963][VERB] RETURN: {"result":"$9983"}
[2026-09-16 14:19:29.963][VERB] COMMANDCALL: _C.SafeAPI.Execute(["v1.sketch.dimension",[{"type":"RADIUS","value":"@expr.d639_radius","name":"radius","id":9964,"geomIds":[9970]}]])
[2026-09-16 14:19:29.969][VERB] RETURN: {"result":"$9987"}
[2026-09-16 14:19:29.970][VERB] COMMANDCALL: _C.SafeAPI.Execute(["v1.part.extrusion",[{"references":[9970],"name":"F635_makeCylinder_cad_primitives_py_12","taperAngle":0,"limit2":"@expr.d640_height","id":4}]])
[2026-09-16 14:19:29.979][VERB] RETURN: {"result":"$9991"}
[2026-09-16 14:19:29.980][VERB] COMMANDCALL: _C.SafeAPI.Execute(["v1.part.boolean",[{"type":"UNION","tools":[9991],"target":9936,"name":"F32_union_housing_py_321","id":4}]])
[2026-09-16 14:19:30.002][VERB] RETURN: {"result":"$10013"}
[2026-09-16 14:19:30.003][VERB] COMMANDCALL: _C.SafeAPI.Execute(["v1.part.workPlane",[{"type":"PLANE","references":[38],"name":"F641_makeCylinder_cad_primitives_py_12_plane","offset":"@expr.d642_plane_offset","id":4}]])
[2026-09-16 14:19:30.008][VERB] RETURN: {"result":"$10095"}
[2026-09-16 14:19:30.009][VERB] COMMANDCALL: _C.SafeAPI.Execute(["v1.sketch.create",[{"planeId":10095,"name":"F641_makeCylinder_cad_primitives_py_12_profile","id":4}]])
[2026-09-16 14:19:30.012][VERB] RETURN: {"result":"$10101"}
[2026-09-16 14:19:30.012][VERB] COMMANDCALL: _C.SafeAPI.Execute(["v1.sketch.circle",[{"radius":1.15,"id":10101,"genFixation":0,"centerPos":[29.5,20.9,0]}]])
[2026-09-16 14:19:30.014][VERB] RETURN: {"result":"$10107"}
[2026-09-16 14:19:30.014][VERB] COMMANDCALL: _C.SafeAPI.Execute(["v1.sketch.getPoints",[{"id":10107}]])
[2026-09-16 14:19:30.015][VERB] RETURN: {"result":{"centerId":"$10108"}}
[2026-09-16 14:19:30.015][VERB] COMMANDCALL: _C.SafeAPI.Execute(["v1.sketch.point",[{"pos":[-1000,-1000,0],"id":10101}]])
[2026-09-16 14:19:30.016][VERB] RETURN: {"result":"$10110"}
[2026-09-16 14:19:30.017][VERB] COMMANDCALL: _C.SafeAPI.Execute(["v1.sketch.constraint",[{"type":"FIXATION","id":10101,"geomIds":[10110]}]])
[2026-09-16 14:19:30.019][VERB] RETURN: {"result":"$10112"}
[2026-09-16 14:19:30.020][VERB] COMMANDCALL: _C.SafeAPI.Execute(["v1.sketch.dimension",[{"type":"HORIZONTAL_DISTANCE","value":"@expr.d643_position_x","name":"position_x","id":10101,"geomIds":[10110,10108]}]])
[2026-09-16 14:19:30.025][VERB] RETURN: {"result":"$10116"}
[2026-09-16 14:19:30.026][VERB] COMMANDCALL: _C.SafeAPI.Execute(["v1.sketch.dimension",[{"type":"VERTICAL_DISTANCE","value":"@expr.d644_position_y","name":"position_y","id":10101,"geomIds":[10110,10108]}]])
[2026-09-16 14:19:30.031][VERB] RETURN: {"result":"$10120"}
[2026-09-16 14:19:30.032][VERB] COMMANDCALL: _C.SafeAPI.Execute(["v1.sketch.dimension",[{"type":"RADIUS","value":"@expr.d645_radius","name":"radius","id":10101,"geomIds":[10107]}]])
[2026-09-16 14:19:30.040][VERB] RETURN: {"result":"$10124"}
[2026-09-16 14:19:30.041][VERB] COMMANDCALL: _C.SafeAPI.Execute(["v1.part.extrusion",[{"references":[10107],"name":"F641_makeCylinder_cad_primitives_py_12","taperAngle":0,"limit2":"@expr.d646_height","id":4}]])
[2026-09-16 14:19:30.050][VERB] RETURN: {"result":"$10128"}
[2026-09-16 14:19:30.050][VERB] COMMANDCALL: _C.SafeAPI.Execute(["v1.part.boolean",[{"type":"SUBTRACTION","tools":[10128],"target":10013,"name":"F31_cut_housing_py_322","id":4}]])
[2026-09-16 14:19:30.067][VERB] RETURN: {"result":"$10150"}
[2026-09-16 14:19:30.067][VERB] COMMANDCALL: _C.SafeAPI.Execute(["v1.part.workPlane",[{"type":"PLANE","references":[38],"name":"F647_makeCylinder_cad_primitives_py_12_plane","offset":"@expr.d648_plane_offset","id":4}]])
[2026-09-16 14:19:30.073][VERB] RETURN: {"result":"$10172"}
[2026-09-16 14:19:30.074][VERB] COMMANDCALL: _C.SafeAPI.Execute(["v1.sketch.create",[{"planeId":10172,"name":"F647_makeCylinder_cad_primitives_py_12_profile","id":4}]])
[2026-09-16 14:19:30.077][VERB] RETURN: {"result":"$10178"}
[2026-09-16 14:19:30.077][VERB] COMMANDCALL: _C.SafeAPI.Execute(["v1.sketch.circle",[{"radius":2.85,"id":10178,"genFixation":0,"centerPos":[55,42.6,0]}]])
[2026-09-16 14:19:30.079][VERB] RETURN: {"result":"$10184"}
[2026-09-16 14:19:30.079][VERB] COMMANDCALL: _C.SafeAPI.Execute(["v1.sketch.getPoints",[{"id":10184}]])
[2026-09-16 14:19:30.080][VERB] RETURN: {"result":{"centerId":"$10185"}}
[2026-09-16 14:19:30.080][VERB] COMMANDCALL: _C.SafeAPI.Execute(["v1.sketch.point",[{"pos":[-1000,-1000,0],"id":10178}]])
[2026-09-16 14:19:30.081][VERB] RETURN: {"result":"$10187"}
[2026-09-16 14:19:30.081][VERB] COMMANDCALL: _C.SafeAPI.Execute(["v1.sketch.constraint",[{"type":"FIXATION","id":10178,"geomIds":[10187]}]])
[2026-09-16 14:19:30.082][VERB] RETURN: {"result":"$10189"}
[2026-09-16 14:19:30.083][VERB] COMMANDCALL: _C.SafeAPI.Execute(["v1.sketch.dimension",[{"type":"HORIZONTAL_DISTANCE","value":"@expr.d649_position_x","name":"position_x","id":10178,"geomIds":[10187,10185]}]])
[2026-09-16 14:19:30.087][VERB] RETURN: {"result":"$10193"}
[2026-09-16 14:19:30.088][VERB] COMMANDCALL: _C.SafeAPI.Execute(["v1.sketch.dimension",[{"type":"VERTICAL_DISTANCE","value":"@expr.d650_position_y","name":"position_y","id":10178,"geomIds":[10187,10185]}]])
[2026-09-16 14:19:30.094][VERB] RETURN: {"result":"$10197"}
[2026-09-16 14:19:30.095][VERB] COMMANDCALL: _C.SafeAPI.Execute(["v1.sketch.dimension",[{"type":"RADIUS","value":"@expr.d651_radius","name":"radius","id":10178,"geomIds":[10184]}]])
[2026-09-16 14:19:30.101][VERB] RETURN: {"result":"$10201"}
[2026-09-16 14:19:30.102][VERB] COMMANDCALL: _C.SafeAPI.Execute(["v1.part.extrusion",[{"references":[10184],"name":"F647_makeCylinder_cad_primitives_py_12","taperAngle":0,"limit2":"@expr.d652_height","id":4}]])
[2026-09-16 14:19:30.110][VERB] RETURN: {"result":"$10205"}
[2026-09-16 14:19:30.111][VERB] COMMANDCALL: _C.SafeAPI.Execute(["v1.part.boolean",[{"type":"UNION","tools":[10205],"target":10150,"name":"F30_union_housing_py_321","id":4}]])
[2026-09-16 14:19:30.132][VERB] RETURN: {"result":"$10227"}
[2026-09-16 14:19:30.133][VERB] COMMANDCALL: _C.SafeAPI.Execute(["v1.part.workPlane",[{"type":"PLANE","references":[38],"name":"F653_makeCylinder_cad_primitives_py_12_plane","offset":"@expr.d654_plane_offset","id":4}]])
[2026-09-16 14:19:30.138][VERB] RETURN: {"result":"$10279"}
[2026-09-16 14:19:30.139][VERB] COMMANDCALL: _C.SafeAPI.Execute(["v1.sketch.create",[{"planeId":10279,"name":"F653_makeCylinder_cad_primitives_py_12_profile","id":4}]])
[2026-09-16 14:19:30.142][VERB] RETURN: {"result":"$10285"}
[2026-09-16 14:19:30.142][VERB] COMMANDCALL: _C.SafeAPI.Execute(["v1.sketch.circle",[{"radius":1.15,"id":10285,"genFixation":0,"centerPos":[55,42.6,0]}]])
[2026-09-16 14:19:30.144][VERB] RETURN: {"result":"$10291"}
[2026-09-16 14:19:30.144][VERB] COMMANDCALL: _C.SafeAPI.Execute(["v1.sketch.getPoints",[{"id":10291}]])
[2026-09-16 14:19:30.144][VERB] RETURN: {"result":{"centerId":"$10292"}}
[2026-09-16 14:19:30.144][VERB] COMMANDCALL: _C.SafeAPI.Execute(["v1.sketch.point",[{"pos":[-1000,-1000,0],"id":10285}]])
[2026-09-16 14:19:30.146][VERB] RETURN: {"result":"$10294"}
[2026-09-16 14:19:30.146][VERB] COMMANDCALL: _C.SafeAPI.Execute(["v1.sketch.constraint",[{"type":"FIXATION","id":10285,"geomIds":[10294]}]])
[2026-09-16 14:19:30.147][VERB] RETURN: {"result":"$10296"}
[2026-09-16 14:19:30.147][VERB] COMMANDCALL: _C.SafeAPI.Execute(["v1.sketch.dimension",[{"type":"HORIZONTAL_DISTANCE","value":"@expr.d655_position_x","name":"position_x","id":10285,"geomIds":[10294,10292]}]])
[2026-09-16 14:19:30.154][VERB] RETURN: {"result":"$10300"}
[2026-09-16 14:19:30.154][VERB] COMMANDCALL: _C.SafeAPI.Execute(["v1.sketch.dimension",[{"type":"VERTICAL_DISTANCE","value":"@expr.d656_position_y","name":"position_y","id":10285,"geomIds":[10294,10292]}]])
[2026-09-16 14:19:30.160][VERB] RETURN: {"result":"$10304"}
[2026-09-16 14:19:30.161][VERB] COMMANDCALL: _C.SafeAPI.Execute(["v1.sketch.dimension",[{"type":"RADIUS","value":"@expr.d657_radius","name":"radius","id":10285,"geomIds":[10291]}]])
[2026-09-16 14:19:30.167][VERB] RETURN: {"result":"$10308"}
[2026-09-16 14:19:30.168][VERB] COMMANDCALL: _C.SafeAPI.Execute(["v1.part.extrusion",[{"references":[10291],"name":"F653_makeCylinder_cad_primitives_py_12","taperAngle":0,"limit2":"@expr.d658_height","id":4}]])
[2026-09-16 14:19:30.176][VERB] RETURN: {"result":"$10312"}
[2026-09-16 14:19:30.177][VERB] COMMANDCALL: _C.SafeAPI.Execute(["v1.part.boolean",[{"type":"SUBTRACTION","tools":[10312],"target":10227,"name":"F29_cut_housing_py_322","id":4}]])
[2026-09-16 14:19:30.193][VERB] RETURN: {"result":"$10334"}
[2026-09-16 14:19:30.194][VERB] COMMANDCALL: _C.SafeAPI.Execute(["v1.part.workPlane",[{"type":"PLANE","references":[38],"name":"F660_makeCylinder_cad_primitives_py_12_plane","offset":"@expr.d661_plane_offset","id":4}]])
[2026-09-16 14:19:30.199][VERB] RETURN: {"result":"$10356"}
[2026-09-16 14:19:30.200][VERB] COMMANDCALL: _C.SafeAPI.Execute(["v1.sketch.create",[{"planeId":10356,"name":"F660_makeCylinder_cad_primitives_py_12_profile","id":4}]])
[2026-09-16 14:19:30.202][VERB] RETURN: {"result":"$10362"}
[2026-09-16 14:19:30.203][VERB] COMMANDCALL: _C.SafeAPI.Execute(["v1.sketch.circle",[{"radius":2.85,"id":10362,"genFixation":0,"centerPos":[86.8,38.9,0]}]])
[2026-09-16 14:19:30.205][VERB] RETURN: {"result":"$10368"}
[2026-09-16 14:19:30.205][VERB] COMMANDCALL: _C.SafeAPI.Execute(["v1.sketch.getPoints",[{"id":10368}]])
[2026-09-16 14:19:30.205][VERB] RETURN: {"result":{"centerId":"$10369"}}
[2026-09-16 14:19:30.205][VERB] COMMANDCALL: _C.SafeAPI.Execute(["v1.sketch.point",[{"pos":[-1000,-1000,0],"id":10362}]])
[2026-09-16 14:19:30.207][VERB] RETURN: {"result":"$10371"}
[2026-09-16 14:19:30.207][VERB] COMMANDCALL: _C.SafeAPI.Execute(["v1.sketch.constraint",[{"type":"FIXATION","id":10362,"geomIds":[10371]}]])
[2026-09-16 14:19:30.208][VERB] RETURN: {"result":"$10373"}
[2026-09-16 14:19:30.208][VERB] COMMANDCALL: _C.SafeAPI.Execute(["v1.sketch.dimension",[{"type":"HORIZONTAL_DISTANCE","value":"@expr.d662_position_x","name":"position_x","id":10362,"geomIds":[10371,10369]}]])
[2026-09-16 14:19:30.214][VERB] RETURN: {"result":"$10377"}
[2026-09-16 14:19:30.215][VERB] COMMANDCALL: _C.SafeAPI.Execute(["v1.sketch.dimension",[{"type":"VERTICAL_DISTANCE","value":"@expr.d663_position_y","name":"position_y","id":10362,"geomIds":[10371,10369]}]])
[2026-09-16 14:19:30.220][VERB] RETURN: {"result":"$10381"}
[2026-09-16 14:19:30.221][VERB] COMMANDCALL: _C.SafeAPI.Execute(["v1.sketch.dimension",[{"type":"RADIUS","value":"@expr.d664_radius","name":"radius","id":10362,"geomIds":[10368]}]])
[2026-09-16 14:19:30.228][VERB] RETURN: {"result":"$10385"}
[2026-09-16 14:19:30.229][VERB] COMMANDCALL: _C.SafeAPI.Execute(["v1.part.extrusion",[{"references":[10368],"name":"F660_makeCylinder_cad_primitives_py_12","taperAngle":0,"limit2":"@expr.d665_height","id":4}]])
[2026-09-16 14:19:30.237][VERB] RETURN: {"result":"$10389"}
[2026-09-16 14:19:30.238][VERB] COMMANDCALL: _C.SafeAPI.Execute(["v1.part.workPlane",[{"type":"PLANE","references":[38],"name":"F668_makeBox_cad_primitives_py_8_plane","offset":"@expr.d669_plane_offset","id":4}]])
[2026-09-16 14:19:30.244][VERB] RETURN: {"result":"$10411"}
[2026-09-16 14:19:30.245][VERB] COMMANDCALL: _C.SafeAPI.Execute(["v1.sketch.create",[{"planeId":10411,"name":"F668_makeBox_cad_primitives_py_8_profile","id":4}]])
[2026-09-16 14:19:30.247][VERB] RETURN: {"result":"$10417"}
[2026-09-16 14:19:30.247][VERB] COMMANDCALL: _C.SafeAPI.Execute(["v1.sketch.rectangle",[{"startPos":[1.4,-1.3,0],"id":10417,"genFixation":0,"endPos":[52.4,27.3,0]}]])
[2026-09-16 14:19:30.255][VERB] RETURN: {"result":["$10423","$10427","$10433","$10439"]}
[2026-09-16 14:19:30.256][VERB] COMMANDCALL: _C.SafeAPI.Execute(["v1.sketch.getPoints",[{"id":10423}]])
[2026-09-16 14:19:30.256][VERB] RETURN: {"result":{"endId":"$10425","startId":"$10424"}}
[2026-09-16 14:19:30.256][VERB] COMMANDCALL: _C.SafeAPI.Execute(["v1.sketch.point",[{"pos":[-1000,-1000,0],"id":10417}]])
[2026-09-16 14:19:30.259][VERB] RETURN: {"result":"$10455"}
[2026-09-16 14:19:30.259][VERB] COMMANDCALL: _C.SafeAPI.Execute(["v1.sketch.constraint",[{"type":"FIXATION","id":10417,"geomIds":[10455]}]])
[2026-09-16 14:19:30.261][VERB] RETURN: {"result":"$10457"}
[2026-09-16 14:19:30.262][VERB] COMMANDCALL: _C.SafeAPI.Execute(["v1.sketch.dimension",[{"type":"HORIZONTAL_DISTANCE","value":"@expr.d670_position_x","name":"position_x","id":10417,"geomIds":[10455,10424]}]])
[2026-09-16 14:19:30.269][VERB] RETURN: {"result":"$10461"}
[2026-09-16 14:19:30.270][VERB] COMMANDCALL: _C.SafeAPI.Execute(["v1.sketch.dimension",[{"type":"VERTICAL_DISTANCE","value":"@expr.d671_position_y","name":"position_y","id":10417,"geomIds":[10455,10424]}]])
[2026-09-16 14:19:30.278][VERB] RETURN: {"result":"$10465"}
[2026-09-16 14:19:30.278][VERB] COMMANDCALL: _C.SafeAPI.Execute(["v1.sketch.dimension",[{"type":"OFFSET","value":"@expr.d672_width","name":"width","id":10417,"geomIds":[10423]}]])
[2026-09-16 14:19:30.287][VERB] RETURN: {"result":"$10469"}
[2026-09-16 14:19:30.288][VERB] COMMANDCALL: _C.SafeAPI.Execute(["v1.sketch.dimension",[{"type":"OFFSET","value":"@expr.d673_depth","name":"depth","id":10417,"geomIds":[10427]}]])
[2026-09-16 14:19:30.297][VERB] RETURN: {"result":"$10473"}
[2026-09-16 14:19:30.298][VERB] COMMANDCALL: _C.SafeAPI.Execute(["v1.part.extrusion",[{"references":[10423,10427,10433,10439],"name":"F668_makeBox_cad_primitives_py_8","taperAngle":0,"limit2":"@expr.d674_height","id":4}]])
[2026-09-16 14:19:30.308][VERB] RETURN: {"result":"$10477"}
[2026-09-16 14:19:30.309][VERB] COMMANDCALL: _C.SafeAPI.Execute(["v1.part.workPlane",[{"type":"PLANE","references":[38],"name":"F675_makeBox_cad_primitives_py_8_plane","offset":"@expr.d676_plane_offset","id":4}]])
[2026-09-16 14:19:30.314][VERB] RETURN: {"result":"$10520"}
[2026-09-16 14:19:30.315][VERB] COMMANDCALL: _C.SafeAPI.Execute(["v1.sketch.create",[{"planeId":10520,"name":"F675_makeBox_cad_primitives_py_8_profile","id":4}]])
[2026-09-16 14:19:30.317][VERB] RETURN: {"result":"$10526"}
[2026-09-16 14:19:30.318][VERB] COMMANDCALL: _C.SafeAPI.Execute(["v1.sketch.rectangle",[{"startPos":[-1.3,1.4,0],"id":10526,"genFixation":0,"endPos":[55.1,24.6,0]}]])
[2026-09-16 14:19:30.325][VERB] RETURN: {"result":["$10532","$10536","$10542","$10548"]}
[2026-09-16 14:19:30.326][VERB] COMMANDCALL: _C.SafeAPI.Execute(["v1.sketch.getPoints",[{"id":10532}]])
[2026-09-16 14:19:30.326][VERB] RETURN: {"result":{"endId":"$10534","startId":"$10533"}}
[2026-09-16 14:19:30.326][VERB] COMMANDCALL: _C.SafeAPI.Execute(["v1.sketch.point",[{"pos":[-1000,-1000,0],"id":10526}]])
[2026-09-16 14:19:30.329][VERB] RETURN: {"result":"$10564"}
[2026-09-16 14:19:30.329][VERB] COMMANDCALL: _C.SafeAPI.Execute(["v1.sketch.constraint",[{"type":"FIXATION","id":10526,"geomIds":[10564]}]])
[2026-09-16 14:19:30.330][VERB] RETURN: {"result":"$10566"}
[2026-09-16 14:19:30.331][VERB] COMMANDCALL: _C.SafeAPI.Execute(["v1.sketch.dimension",[{"type":"HORIZONTAL_DISTANCE","value":"@expr.d677_position_x","name":"position_x","id":10526,"geomIds":[10564,10533]}]])
[2026-09-16 14:19:30.338][VERB] RETURN: {"result":"$10570"}
[2026-09-16 14:19:30.338][VERB] COMMANDCALL: _C.SafeAPI.Execute(["v1.sketch.dimension",[{"type":"VERTICAL_DISTANCE","value":"@expr.d678_position_y","name":"position_y","id":10526,"geomIds":[10564,10533]}]])
[2026-09-16 14:19:30.346][VERB] RETURN: {"result":"$10574"}
[2026-09-16 14:19:30.346][VERB] COMMANDCALL: _C.SafeAPI.Execute(["v1.sketch.dimension",[{"type":"OFFSET","value":"@expr.d679_width","name":"width","id":10526,"geomIds":[10532]}]])
[2026-09-16 14:19:30.355][VERB] RETURN: {"result":"$10578"}
[2026-09-16 14:19:30.355][VERB] COMMANDCALL: _C.SafeAPI.Execute(["v1.sketch.dimension",[{"type":"OFFSET","value":"@expr.d680_depth","name":"depth","id":10526,"geomIds":[10536]}]])
[2026-09-16 14:19:30.365][VERB] RETURN: {"result":"$10582"}
[2026-09-16 14:19:30.365][VERB] COMMANDCALL: _C.SafeAPI.Execute(["v1.part.extrusion",[{"references":[10532,10536,10542,10548],"name":"F675_makeBox_cad_primitives_py_8","taperAngle":0,"limit2":"@expr.d681_height","id":4}]])
[2026-09-16 14:19:30.375][VERB] RETURN: {"result":"$10586"}
[2026-09-16 14:19:30.376][VERB] COMMANDCALL: _C.SafeAPI.Execute(["v1.part.workPlane",[{"type":"PLANE","references":[38],"name":"F682_makeCylinder_cad_primitives_py_12_plane","offset":"@expr.d683_plane_offset","id":4}]])
[2026-09-16 14:19:30.381][VERB] RETURN: {"result":"$10629"}
[2026-09-16 14:19:30.382][VERB] COMMANDCALL: _C.SafeAPI.Execute(["v1.sketch.create",[{"planeId":10629,"name":"F682_makeCylinder_cad_primitives_py_12_profile","id":4}]])
[2026-09-16 14:19:30.385][VERB] RETURN: {"result":"$10635"}
[2026-09-16 14:19:30.386][VERB] COMMANDCALL: _C.SafeAPI.Execute(["v1.sketch.circle",[{"radius":2.7,"id":10635,"genFixation":0,"centerPos":[1.4,1.4,0]}]])
[2026-09-16 14:19:30.388][VERB] RETURN: {"result":"$10641"}
[2026-09-16 14:19:30.388][VERB] COMMANDCALL: _C.SafeAPI.Execute(["v1.sketch.getPoints",[{"id":10641}]])
[2026-09-16 14:19:30.388][VERB] RETURN: {"result":{"centerId":"$10642"}}
[2026-09-16 14:19:30.388][VERB] COMMANDCALL: _C.SafeAPI.Execute(["v1.sketch.point",[{"pos":[-1000,-1000,0],"id":10635}]])
[2026-09-16 14:19:30.389][VERB] RETURN: {"result":"$10644"}
[2026-09-16 14:19:30.390][VERB] COMMANDCALL: _C.SafeAPI.Execute(["v1.sketch.constraint",[{"type":"FIXATION","id":10635,"geomIds":[10644]}]])
[2026-09-16 14:19:30.391][VERB] RETURN: {"result":"$10646"}
[2026-09-16 14:19:30.391][VERB] COMMANDCALL: _C.SafeAPI.Execute(["v1.sketch.dimension",[{"type":"HORIZONTAL_DISTANCE","value":"@expr.d684_position_x","name":"position_x","id":10635,"geomIds":[10644,10642]}]])
[2026-09-16 14:19:30.396][VERB] RETURN: {"result":"$10650"}
[2026-09-16 14:19:30.396][VERB] COMMANDCALL: _C.SafeAPI.Execute(["v1.sketch.dimension",[{"type":"VERTICAL_DISTANCE","value":"@expr.d685_position_y","name":"position_y","id":10635,"geomIds":[10644,10642]}]])
[2026-09-16 14:19:30.403][VERB] RETURN: {"result":"$10654"}
[2026-09-16 14:19:30.404][VERB] COMMANDCALL: _C.SafeAPI.Execute(["v1.sketch.dimension",[{"type":"RADIUS","value":"@expr.d686_radius","name":"radius","id":10635,"geomIds":[10641]}]])
[2026-09-16 14:19:30.410][VERB] RETURN: {"result":"$10658"}
[2026-09-16 14:19:30.410][VERB] COMMANDCALL: _C.SafeAPI.Execute(["v1.part.extrusion",[{"references":[10641],"name":"F682_makeCylinder_cad_primitives_py_12","taperAngle":0,"limit2":"@expr.d687_height","id":4}]])
[2026-09-16 14:19:30.420][VERB] RETURN: {"result":"$10662"}
[2026-09-16 14:19:30.421][VERB] COMMANDCALL: _C.SafeAPI.Execute(["v1.part.workPlane",[{"type":"PLANE","references":[38],"name":"F688_makeCylinder_cad_primitives_py_12_plane","offset":"@expr.d689_plane_offset","id":4}]])
[2026-09-16 14:19:30.427][VERB] RETURN: {"result":"$10684"}
[2026-09-16 14:19:30.428][VERB] COMMANDCALL: _C.SafeAPI.Execute(["v1.sketch.create",[{"planeId":10684,"name":"F688_makeCylinder_cad_primitives_py_12_profile","id":4}]])
[2026-09-16 14:19:30.430][VERB] RETURN: {"result":"$10690"}
[2026-09-16 14:19:30.430][VERB] COMMANDCALL: _C.SafeAPI.Execute(["v1.sketch.circle",[{"radius":2.7,"id":10690,"genFixation":0,"centerPos":[1.4,24.6,0]}]])
[2026-09-16 14:19:30.431][VERB] RETURN: {"result":"$10696"}
[2026-09-16 14:19:30.432][VERB] COMMANDCALL: _C.SafeAPI.Execute(["v1.sketch.getPoints",[{"id":10696}]])
[2026-09-16 14:19:30.432][VERB] RETURN: {"result":{"centerId":"$10697"}}
[2026-09-16 14:19:30.432][VERB] COMMANDCALL: _C.SafeAPI.Execute(["v1.sketch.point",[{"pos":[-1000,-1000,0],"id":10690}]])
[2026-09-16 14:19:30.434][VERB] RETURN: {"result":"$10699"}
[2026-09-16 14:19:30.434][VERB] COMMANDCALL: _C.SafeAPI.Execute(["v1.sketch.constraint",[{"type":"FIXATION","id":10690,"geomIds":[10699]}]])
[2026-09-16 14:19:30.436][VERB] RETURN: {"result":"$10701"}
[2026-09-16 14:19:30.436][VERB] COMMANDCALL: _C.SafeAPI.Execute(["v1.sketch.dimension",[{"type":"HORIZONTAL_DISTANCE","value":"@expr.d690_position_x","name":"position_x","id":10690,"geomIds":[10699,10697]}]])
[2026-09-16 14:19:30.442][VERB] RETURN: {"result":"$10705"}
[2026-09-16 14:19:30.442][VERB] COMMANDCALL: _C.SafeAPI.Execute(["v1.sketch.dimension",[{"type":"VERTICAL_DISTANCE","value":"@expr.d691_position_y","name":"position_y","id":10690,"geomIds":[10699,10697]}]])
[2026-09-16 14:19:30.448][VERB] RETURN: {"result":"$10709"}
[2026-09-16 14:19:30.448][VERB] COMMANDCALL: _C.SafeAPI.Execute(["v1.sketch.dimension",[{"type":"RADIUS","value":"@expr.d692_radius","name":"radius","id":10690,"geomIds":[10696]}]])
[2026-09-16 14:19:30.455][VERB] RETURN: {"result":"$10713"}
[2026-09-16 14:19:30.456][VERB] COMMANDCALL: _C.SafeAPI.Execute(["v1.part.extrusion",[{"references":[10696],"name":"F688_makeCylinder_cad_primitives_py_12","taperAngle":0,"limit2":"@expr.d693_height","id":4}]])
[2026-09-16 14:19:30.464][VERB] RETURN: {"result":"$10717"}
[2026-09-16 14:19:30.465][VERB] COMMANDCALL: _C.SafeAPI.Execute(["v1.part.workPlane",[{"type":"PLANE","references":[38],"name":"F694_makeCylinder_cad_primitives_py_12_plane","offset":"@expr.d695_plane_offset","id":4}]])
[2026-09-16 14:19:30.472][VERB] RETURN: {"result":"$10739"}
[2026-09-16 14:19:30.472][VERB] COMMANDCALL: _C.SafeAPI.Execute(["v1.sketch.create",[{"planeId":10739,"name":"F694_makeCylinder_cad_primitives_py_12_profile","id":4}]])
[2026-09-16 14:19:30.475][VERB] RETURN: {"result":"$10745"}
[2026-09-16 14:19:30.475][VERB] COMMANDCALL: _C.SafeAPI.Execute(["v1.sketch.circle",[{"radius":2.7,"id":10745,"genFixation":0,"centerPos":[52.4,1.4,0]}]])
[2026-09-16 14:19:30.477][VERB] RETURN: {"result":"$10751"}
[2026-09-16 14:19:30.477][VERB] COMMANDCALL: _C.SafeAPI.Execute(["v1.sketch.getPoints",[{"id":10751}]])
[2026-09-16 14:19:30.477][VERB] RETURN: {"result":{"centerId":"$10752"}}
[2026-09-16 14:19:30.477][VERB] COMMANDCALL: _C.SafeAPI.Execute(["v1.sketch.point",[{"pos":[-1000,-1000,0],"id":10745}]])
[2026-09-16 14:19:30.478][VERB] RETURN: {"result":"$10754"}
[2026-09-16 14:19:30.478][VERB] COMMANDCALL: _C.SafeAPI.Execute(["v1.sketch.constraint",[{"type":"FIXATION","id":10745,"geomIds":[10754]}]])
[2026-09-16 14:19:30.479][VERB] RETURN: {"result":"$10756"}
[2026-09-16 14:19:30.480][VERB] COMMANDCALL: _C.SafeAPI.Execute(["v1.sketch.dimension",[{"type":"HORIZONTAL_DISTANCE","value":"@expr.d696_position_x","name":"position_x","id":10745,"geomIds":[10754,10752]}]])
[2026-09-16 14:19:30.485][VERB] RETURN: {"result":"$10760"}
[2026-09-16 14:19:30.486][VERB] COMMANDCALL: _C.SafeAPI.Execute(["v1.sketch.dimension",[{"type":"VERTICAL_DISTANCE","value":"@expr.d697_position_y","name":"position_y","id":10745,"geomIds":[10754,10752]}]])
[2026-09-16 14:19:30.492][VERB] RETURN: {"result":"$10764"}
[2026-09-16 14:19:30.493][VERB] COMMANDCALL: _C.SafeAPI.Execute(["v1.sketch.dimension",[{"type":"RADIUS","value":"@expr.d698_radius","name":"radius","id":10745,"geomIds":[10751]}]])
[2026-09-16 14:19:30.499][VERB] RETURN: {"result":"$10768"}
[2026-09-16 14:19:30.499][VERB] COMMANDCALL: _C.SafeAPI.Execute(["v1.part.extrusion",[{"references":[10751],"name":"F694_makeCylinder_cad_primitives_py_12","taperAngle":0,"limit2":"@expr.d699_height","id":4}]])
[2026-09-16 14:19:30.508][VERB] RETURN: {"result":"$10772"}
[2026-09-16 14:19:30.509][VERB] COMMANDCALL: _C.SafeAPI.Execute(["v1.part.workPlane",[{"type":"PLANE","references":[38],"name":"F700_makeCylinder_cad_primitives_py_12_plane","offset":"@expr.d701_plane_offset","id":4}]])
[2026-09-16 14:19:30.514][VERB] RETURN: {"result":"$10794"}
[2026-09-16 14:19:30.515][VERB] COMMANDCALL: _C.SafeAPI.Execute(["v1.sketch.create",[{"planeId":10794,"name":"F700_makeCylinder_cad_primitives_py_12_profile","id":4}]])
[2026-09-16 14:19:30.517][VERB] RETURN: {"result":"$10800"}
[2026-09-16 14:19:30.517][VERB] COMMANDCALL: _C.SafeAPI.Execute(["v1.sketch.circle",[{"radius":2.7,"id":10800,"genFixation":0,"centerPos":[52.4,24.6,0]}]])
[2026-09-16 14:19:30.519][VERB] RETURN: {"result":"$10806"}
[2026-09-16 14:19:30.519][VERB] COMMANDCALL: _C.SafeAPI.Execute(["v1.sketch.getPoints",[{"id":10806}]])
[2026-09-16 14:19:30.519][VERB] RETURN: {"result":{"centerId":"$10807"}}
[2026-09-16 14:19:30.519][VERB] COMMANDCALL: _C.SafeAPI.Execute(["v1.sketch.point",[{"pos":[-1000,-1000,0],"id":10800}]])
[2026-09-16 14:19:30.520][VERB] RETURN: {"result":"$10809"}
[2026-09-16 14:19:30.520][VERB] COMMANDCALL: _C.SafeAPI.Execute(["v1.sketch.constraint",[{"type":"FIXATION","id":10800,"geomIds":[10809]}]])
[2026-09-16 14:19:30.521][VERB] RETURN: {"result":"$10811"}
[2026-09-16 14:19:30.521][VERB] COMMANDCALL: _C.SafeAPI.Execute(["v1.sketch.dimension",[{"type":"HORIZONTAL_DISTANCE","value":"@expr.d702_position_x","name":"position_x","id":10800,"geomIds":[10809,10807]}]])
[2026-09-16 14:19:30.527][VERB] RETURN: {"result":"$10815"}
[2026-09-16 14:19:30.527][VERB] COMMANDCALL: _C.SafeAPI.Execute(["v1.sketch.dimension",[{"type":"VERTICAL_DISTANCE","value":"@expr.d703_position_y","name":"position_y","id":10800,"geomIds":[10809,10807]}]])
[2026-09-16 14:19:30.532][VERB] RETURN: {"result":"$10819"}
[2026-09-16 14:19:30.533][VERB] COMMANDCALL: _C.SafeAPI.Execute(["v1.sketch.dimension",[{"type":"RADIUS","value":"@expr.d704_radius","name":"radius","id":10800,"geomIds":[10806]}]])
[2026-09-16 14:19:30.539][VERB] RETURN: {"result":"$10823"}
[2026-09-16 14:19:30.539][VERB] COMMANDCALL: _C.SafeAPI.Execute(["v1.part.extrusion",[{"references":[10806],"name":"F700_makeCylinder_cad_primitives_py_12","taperAngle":0,"limit2":"@expr.d705_height","id":4}]])
[2026-09-16 14:19:30.547][VERB] RETURN: {"result":"$10827"}
[2026-09-16 14:19:30.548][VERB] COMMANDCALL: _C.SafeAPI.Execute(["v1.part.workPlane",[{"type":"PLANE","references":[38],"name":"F706_makeBox_cad_primitives_py_8_plane","offset":"@expr.d707_plane_offset","id":4}]])
[2026-09-16 14:19:30.553][VERB] RETURN: {"result":"$10849"}
[2026-09-16 14:19:30.553][VERB] COMMANDCALL: _C.SafeAPI.Execute(["v1.sketch.create",[{"planeId":10849,"name":"F706_makeBox_cad_primitives_py_8_profile","id":4}]])
[2026-09-16 14:19:30.556][VERB] RETURN: {"result":"$10855"}
[2026-09-16 14:19:30.556][VERB] COMMANDCALL: _C.SafeAPI.Execute(["v1.sketch.rectangle",[{"startPos":[1.4,20.1,0],"id":10855,"genFixation":0,"endPos":[56.4,65.9,0]}]])
[2026-09-16 14:19:30.563][VERB] RETURN: {"result":["$10861","$10865","$10871","$10877"]}
[2026-09-16 14:19:30.563][VERB] COMMANDCALL: _C.SafeAPI.Execute(["v1.sketch.getPoints",[{"id":10861}]])
[2026-09-16 14:19:30.564][VERB] RETURN: {"result":{"endId":"$10863","startId":"$10862"}}
[2026-09-16 14:19:30.564][VERB] COMMANDCALL: _C.SafeAPI.Execute(["v1.sketch.point",[{"pos":[-1000,-1000,0],"id":10855}]])
[2026-09-16 14:19:30.566][VERB] RETURN: {"result":"$10893"}
[2026-09-16 14:19:30.566][VERB] COMMANDCALL: _C.SafeAPI.Execute(["v1.sketch.constraint",[{"type":"FIXATION","id":10855,"geomIds":[10893]}]])
[2026-09-16 14:19:30.568][VERB] RETURN: {"result":"$10895"}
[2026-09-16 14:19:30.568][VERB] COMMANDCALL: _C.SafeAPI.Execute(["v1.sketch.dimension",[{"type":"HORIZONTAL_DISTANCE","value":"@expr.d708_position_x","name":"position_x","id":10855,"geomIds":[10893,10862]}]])
[2026-09-16 14:19:30.574][VERB] RETURN: {"result":"$10899"}
[2026-09-16 14:19:30.574][VERB] COMMANDCALL: _C.SafeAPI.Execute(["v1.sketch.dimension",[{"type":"VERTICAL_DISTANCE","value":"@expr.d709_position_y","name":"position_y","id":10855,"geomIds":[10893,10862]}]])
[2026-09-16 14:19:30.581][VERB] RETURN: {"result":"$10903"}
[2026-09-16 14:19:30.581][VERB] COMMANDCALL: _C.SafeAPI.Execute(["v1.sketch.dimension",[{"type":"OFFSET","value":"@expr.d710_width","name":"width","id":10855,"geomIds":[10861]}]])
[2026-09-16 14:19:30.589][VERB] RETURN: {"result":"$10907"}
[2026-09-16 14:19:30.589][VERB] COMMANDCALL: _C.SafeAPI.Execute(["v1.sketch.dimension",[{"type":"OFFSET","value":"@expr.d711_depth","name":"depth","id":10855,"geomIds":[10865]}]])
[2026-09-16 14:19:30.598][VERB] RETURN: {"result":"$10911"}
[2026-09-16 14:19:30.598][VERB] COMMANDCALL: _C.SafeAPI.Execute(["v1.part.extrusion",[{"references":[10861,10865,10871,10877],"name":"F706_makeBox_cad_primitives_py_8","taperAngle":0,"limit2":"@expr.d712_height","id":4}]])
[2026-09-16 14:19:30.605][VERB] RETURN: {"result":"$10915"}
[2026-09-16 14:19:30.606][VERB] COMMANDCALL: _C.SafeAPI.Execute(["v1.part.workPlane",[{"type":"PLANE","references":[38],"name":"F713_makeBox_cad_primitives_py_8_plane","offset":"@expr.d714_plane_offset","id":4}]])
[2026-09-16 14:19:30.610][VERB] RETURN: {"result":"$10958"}
[2026-09-16 14:19:30.611][VERB] COMMANDCALL: _C.SafeAPI.Execute(["v1.sketch.create",[{"planeId":10958,"name":"F713_makeBox_cad_primitives_py_8_profile","id":4}]])
[2026-09-16 14:19:30.613][VERB] RETURN: {"result":"$10964"}
[2026-09-16 14:19:30.613][VERB] COMMANDCALL: _C.SafeAPI.Execute(["v1.sketch.rectangle",[{"startPos":[-1.3,22.8,0],"id":10964,"genFixation":0,"endPos":[59.1,63.2,0]}]])
[2026-09-16 14:19:30.620][VERB] RETURN: {"result":["$10970","$10974","$10980","$10986"]}
[2026-09-16 14:19:30.620][VERB] COMMANDCALL: _C.SafeAPI.Execute(["v1.sketch.getPoints",[{"id":10970}]])
[2026-09-16 14:19:30.620][VERB] RETURN: {"result":{"endId":"$10972","startId":"$10971"}}
[2026-09-16 14:19:30.620][VERB] COMMANDCALL: _C.SafeAPI.Execute(["v1.sketch.point",[{"pos":[-1000,-1000,0],"id":10964}]])
[2026-09-16 14:19:30.622][VERB] RETURN: {"result":"$11002"}
[2026-09-16 14:19:30.622][VERB] COMMANDCALL: _C.SafeAPI.Execute(["v1.sketch.constraint",[{"type":"FIXATION","id":10964,"geomIds":[11002]}]])
[2026-09-16 14:19:30.624][VERB] RETURN: {"result":"$11004"}
[2026-09-16 14:19:30.624][VERB] COMMANDCALL: _C.SafeAPI.Execute(["v1.sketch.dimension",[{"type":"HORIZONTAL_DISTANCE","value":"@expr.d715_position_x","name":"position_x","id":10964,"geomIds":[11002,10971]}]])
[2026-09-16 14:19:30.630][VERB] RETURN: {"result":"$11008"}
[2026-09-16 14:19:30.630][VERB] COMMANDCALL: _C.SafeAPI.Execute(["v1.sketch.dimension",[{"type":"VERTICAL_DISTANCE","value":"@expr.d716_position_y","name":"position_y","id":10964,"geomIds":[11002,10971]}]])
[2026-09-16 14:19:30.638][VERB] RETURN: {"result":"$11012"}
[2026-09-16 14:19:30.638][VERB] COMMANDCALL: _C.SafeAPI.Execute(["v1.sketch.dimension",[{"type":"OFFSET","value":"@expr.d717_width","name":"width","id":10964,"geomIds":[10970]}]])
[2026-09-16 14:19:30.646][VERB] RETURN: {"result":"$11016"}
[2026-09-16 14:19:30.646][VERB] COMMANDCALL: _C.SafeAPI.Execute(["v1.sketch.dimension",[{"type":"OFFSET","value":"@expr.d718_depth","name":"depth","id":10964,"geomIds":[10974]}]])
[2026-09-16 14:19:30.655][VERB] RETURN: {"result":"$11020"}
[2026-09-16 14:19:30.655][VERB] COMMANDCALL: _C.SafeAPI.Execute(["v1.part.extrusion",[{"references":[10970,10974,10980,10986],"name":"F713_makeBox_cad_primitives_py_8","taperAngle":0,"limit2":"@expr.d719_height","id":4}]])
[2026-09-16 14:19:30.663][VERB] RETURN: {"result":"$11024"}
[2026-09-16 14:19:30.663][VERB] COMMANDCALL: _C.SafeAPI.Execute(["v1.part.workPlane",[{"type":"PLANE","references":[38],"name":"F720_makeCylinder_cad_primitives_py_12_plane","offset":"@expr.d721_plane_offset","id":4}]])
[2026-09-16 14:19:30.669][VERB] RETURN: {"result":"$11067"}
[2026-09-16 14:19:30.669][VERB] COMMANDCALL: _C.SafeAPI.Execute(["v1.sketch.create",[{"planeId":11067,"name":"F720_makeCylinder_cad_primitives_py_12_profile","id":4}]])
[2026-09-16 14:19:30.672][VERB] RETURN: {"result":"$11073"}
[2026-09-16 14:19:30.672][VERB] COMMANDCALL: _C.SafeAPI.Execute(["v1.sketch.circle",[{"radius":2.7,"id":11073,"genFixation":0,"centerPos":[1.4,22.8,0]}]])
[2026-09-16 14:19:30.673][VERB] RETURN: {"result":"$11079"}
[2026-09-16 14:19:30.673][VERB] COMMANDCALL: _C.SafeAPI.Execute(["v1.sketch.getPoints",[{"id":11079}]])
[2026-09-16 14:19:30.673][VERB] RETURN: {"result":{"centerId":"$11080"}}
[2026-09-16 14:19:30.673][VERB] COMMANDCALL: _C.SafeAPI.Execute(["v1.sketch.point",[{"pos":[-1000,-1000,0],"id":11073}]])
[2026-09-16 14:19:30.674][VERB] RETURN: {"result":"$11082"}
[2026-09-16 14:19:30.675][VERB] COMMANDCALL: _C.SafeAPI.Execute(["v1.sketch.constraint",[{"type":"FIXATION","id":11073,"geomIds":[11082]}]])
[2026-09-16 14:19:30.676][VERB] RETURN: {"result":"$11084"}
[2026-09-16 14:19:30.676][VERB] COMMANDCALL: _C.SafeAPI.Execute(["v1.sketch.dimension",[{"type":"HORIZONTAL_DISTANCE","value":"@expr.d722_position_x","name":"position_x","id":11073,"geomIds":[11082,11080]}]])
[2026-09-16 14:19:30.681][VERB] RETURN: {"result":"$11088"}
[2026-09-16 14:19:30.681][VERB] COMMANDCALL: _C.SafeAPI.Execute(["v1.sketch.dimension",[{"type":"VERTICAL_DISTANCE","value":"@expr.d723_position_y","name":"position_y","id":11073,"geomIds":[11082,11080]}]])
[2026-09-16 14:19:30.687][VERB] RETURN: {"result":"$11092"}
[2026-09-16 14:19:30.687][VERB] COMMANDCALL: _C.SafeAPI.Execute(["v1.sketch.dimension",[{"type":"RADIUS","value":"@expr.d724_radius","name":"radius","id":11073,"geomIds":[11079]}]])
[2026-09-16 14:19:30.692][VERB] RETURN: {"result":"$11096"}
[2026-09-16 14:19:30.693][VERB] COMMANDCALL: _C.SafeAPI.Execute(["v1.part.extrusion",[{"references":[11079],"name":"F720_makeCylinder_cad_primitives_py_12","taperAngle":0,"limit2":"@expr.d725_height","id":4}]])
[2026-09-16 14:19:30.701][VERB] RETURN: {"result":"$11100"}
[2026-09-16 14:19:30.701][VERB] COMMANDCALL: _C.SafeAPI.Execute(["v1.part.workPlane",[{"type":"PLANE","references":[38],"name":"F726_makeCylinder_cad_primitives_py_12_plane","offset":"@expr.d727_plane_offset","id":4}]])
[2026-09-16 14:19:30.706][VERB] RETURN: {"result":"$11122"}
[2026-09-16 14:19:30.706][VERB] COMMANDCALL: _C.SafeAPI.Execute(["v1.sketch.create",[{"planeId":11122,"name":"F726_makeCylinder_cad_primitives_py_12_profile","id":4}]])
[2026-09-16 14:19:30.709][VERB] RETURN: {"result":"$11128"}
[2026-09-16 14:19:30.709][VERB] COMMANDCALL: _C.SafeAPI.Execute(["v1.sketch.circle",[{"radius":2.7,"id":11128,"genFixation":0,"centerPos":[1.4,63.2,0]}]])
[2026-09-16 14:19:30.710][VERB] RETURN: {"result":"$11134"}
[2026-09-16 14:19:30.710][VERB] COMMANDCALL: _C.SafeAPI.Execute(["v1.sketch.getPoints",[{"id":11134}]])
[2026-09-16 14:19:30.711][VERB] RETURN: {"result":{"centerId":"$11135"}}
[2026-09-16 14:19:30.711][VERB] COMMANDCALL: _C.SafeAPI.Execute(["v1.sketch.point",[{"pos":[-1000,-1000,0],"id":11128}]])
[2026-09-16 14:19:30.712][VERB] RETURN: {"result":"$11137"}
[2026-09-16 14:19:30.712][VERB] COMMANDCALL: _C.SafeAPI.Execute(["v1.sketch.constraint",[{"type":"FIXATION","id":11128,"geomIds":[11137]}]])
[2026-09-16 14:19:30.713][VERB] RETURN: {"result":"$11139"}
[2026-09-16 14:19:30.713][VERB] COMMANDCALL: _C.SafeAPI.Execute(["v1.sketch.dimension",[{"type":"HORIZONTAL_DISTANCE","value":"@expr.d728_position_x","name":"position_x","id":11128,"geomIds":[11137,11135]}]])
[2026-09-16 14:19:30.718][VERB] RETURN: {"result":"$11143"}
[2026-09-16 14:19:30.718][VERB] COMMANDCALL: _C.SafeAPI.Execute(["v1.sketch.dimension",[{"type":"VERTICAL_DISTANCE","value":"@expr.d729_position_y","name":"position_y","id":11128,"geomIds":[11137,11135]}]])
[2026-09-16 14:19:30.724][VERB] RETURN: {"result":"$11147"}
[2026-09-16 14:19:30.725][VERB] COMMANDCALL: _C.SafeAPI.Execute(["v1.sketch.dimension",[{"type":"RADIUS","value":"@expr.d730_radius","name":"radius","id":11128,"geomIds":[11134]}]])
[2026-09-16 14:19:30.730][VERB] RETURN: {"result":"$11151"}
[2026-09-16 14:19:30.731][VERB] COMMANDCALL: _C.SafeAPI.Execute(["v1.part.extrusion",[{"references":[11134],"name":"F726_makeCylinder_cad_primitives_py_12","taperAngle":0,"limit2":"@expr.d731_height","id":4}]])
[2026-09-16 14:19:30.739][VERB] RETURN: {"result":"$11155"}
[2026-09-16 14:19:30.739][VERB] COMMANDCALL: _C.SafeAPI.Execute(["v1.part.workPlane",[{"type":"PLANE","references":[38],"name":"F732_makeCylinder_cad_primitives_py_12_plane","offset":"@expr.d733_plane_offset","id":4}]])
[2026-09-16 14:19:30.744][VERB] RETURN: {"result":"$11177"}
[2026-09-16 14:19:30.744][VERB] COMMANDCALL: _C.SafeAPI.Execute(["v1.sketch.create",[{"planeId":11177,"name":"F732_makeCylinder_cad_primitives_py_12_profile","id":4}]])
[2026-09-16 14:19:30.747][VERB] RETURN: {"result":"$11183"}
[2026-09-16 14:19:30.747][VERB] COMMANDCALL: _C.SafeAPI.Execute(["v1.sketch.circle",[{"radius":2.7,"id":11183,"genFixation":0,"centerPos":[56.4,22.8,0]}]])
[2026-09-16 14:19:30.748][VERB] RETURN: {"result":"$11189"}
[2026-09-16 14:19:30.748][VERB] COMMANDCALL: _C.SafeAPI.Execute(["v1.sketch.getPoints",[{"id":11189}]])
[2026-09-16 14:19:30.748][VERB] RETURN: {"result":{"centerId":"$11190"}}
[2026-09-16 14:19:30.749][VERB] COMMANDCALL: _C.SafeAPI.Execute(["v1.sketch.point",[{"pos":[-1000,-1000,0],"id":11183}]])
[2026-09-16 14:19:30.750][VERB] RETURN: {"result":"$11192"}
[2026-09-16 14:19:30.750][VERB] COMMANDCALL: _C.SafeAPI.Execute(["v1.sketch.constraint",[{"type":"FIXATION","id":11183,"geomIds":[11192]}]])
[2026-09-16 14:19:30.751][VERB] RETURN: {"result":"$11194"}
[2026-09-16 14:19:30.751][VERB] COMMANDCALL: _C.SafeAPI.Execute(["v1.sketch.dimension",[{"type":"HORIZONTAL_DISTANCE","value":"@expr.d734_position_x","name":"position_x","id":11183,"geomIds":[11192,11190]}]])
[2026-09-16 14:19:30.756][VERB] RETURN: {"result":"$11198"}
[2026-09-16 14:19:30.756][VERB] COMMANDCALL: _C.SafeAPI.Execute(["v1.sketch.dimension",[{"type":"VERTICAL_DISTANCE","value":"@expr.d735_position_y","name":"position_y","id":11183,"geomIds":[11192,11190]}]])
[2026-09-16 14:19:30.762][VERB] RETURN: {"result":"$11202"}
[2026-09-16 14:19:30.762][VERB] COMMANDCALL: _C.SafeAPI.Execute(["v1.sketch.dimension",[{"type":"RADIUS","value":"@expr.d736_radius","name":"radius","id":11183,"geomIds":[11189]}]])
[2026-09-16 14:19:30.768][VERB] RETURN: {"result":"$11206"}
[2026-09-16 14:19:30.769][VERB] COMMANDCALL: _C.SafeAPI.Execute(["v1.part.extrusion",[{"references":[11189],"name":"F732_makeCylinder_cad_primitives_py_12","taperAngle":0,"limit2":"@expr.d737_height","id":4}]])
[2026-09-16 14:19:30.776][VERB] RETURN: {"result":"$11210"}
[2026-09-16 14:19:30.777][VERB] COMMANDCALL: _C.SafeAPI.Execute(["v1.part.workPlane",[{"type":"PLANE","references":[38],"name":"F738_makeCylinder_cad_primitives_py_12_plane","offset":"@expr.d739_plane_offset","id":4}]])
[2026-09-16 14:19:30.782][VERB] RETURN: {"result":"$11232"}
[2026-09-16 14:19:30.782][VERB] COMMANDCALL: _C.SafeAPI.Execute(["v1.sketch.create",[{"planeId":11232,"name":"F738_makeCylinder_cad_primitives_py_12_profile","id":4}]])
[2026-09-16 14:19:30.785][VERB] RETURN: {"result":"$11238"}
[2026-09-16 14:19:30.785][VERB] COMMANDCALL: _C.SafeAPI.Execute(["v1.sketch.circle",[{"radius":2.7,"id":11238,"genFixation":0,"centerPos":[56.4,63.2,0]}]])
[2026-09-16 14:19:30.786][VERB] RETURN: {"result":"$11244"}
[2026-09-16 14:19:30.786][VERB] COMMANDCALL: _C.SafeAPI.Execute(["v1.sketch.getPoints",[{"id":11244}]])
[2026-09-16 14:19:30.786][VERB] RETURN: {"result":{"centerId":"$11245"}}
[2026-09-16 14:19:30.786][VERB] COMMANDCALL: _C.SafeAPI.Execute(["v1.sketch.point",[{"pos":[-1000,-1000,0],"id":11238}]])
[2026-09-16 14:19:30.788][VERB] RETURN: {"result":"$11247"}
[2026-09-16 14:19:30.788][VERB] COMMANDCALL: _C.SafeAPI.Execute(["v1.sketch.constraint",[{"type":"FIXATION","id":11238,"geomIds":[11247]}]])
[2026-09-16 14:19:30.789][VERB] RETURN: {"result":"$11249"}
[2026-09-16 14:19:30.789][VERB] COMMANDCALL: _C.SafeAPI.Execute(["v1.sketch.dimension",[{"type":"HORIZONTAL_DISTANCE","value":"@expr.d740_position_x","name":"position_x","id":11238,"geomIds":[11247,11245]}]])
[2026-09-16 14:19:30.794][VERB] RETURN: {"result":"$11253"}
[2026-09-16 14:19:30.794][VERB] COMMANDCALL: _C.SafeAPI.Execute(["v1.sketch.dimension",[{"type":"VERTICAL_DISTANCE","value":"@expr.d741_position_y","name":"position_y","id":11238,"geomIds":[11247,11245]}]])
[2026-09-16 14:19:30.800][VERB] RETURN: {"result":"$11257"}
[2026-09-16 14:19:30.800][VERB] COMMANDCALL: _C.SafeAPI.Execute(["v1.sketch.dimension",[{"type":"RADIUS","value":"@expr.d742_radius","name":"radius","id":11238,"geomIds":[11244]}]])
[2026-09-16 14:19:30.806][VERB] RETURN: {"result":"$11261"}
[2026-09-16 14:19:30.806][VERB] COMMANDCALL: _C.SafeAPI.Execute(["v1.part.extrusion",[{"references":[11244],"name":"F738_makeCylinder_cad_primitives_py_12","taperAngle":0,"limit2":"@expr.d743_height","id":4}]])
[2026-09-16 14:19:30.814][VERB] RETURN: {"result":"$11265"}
[2026-09-16 14:19:30.814][VERB] COMMANDCALL: _C.SafeAPI.Execute(["v1.part.workPlane",[{"type":"PLANE","references":[38],"name":"F744_makeBox_cad_primitives_py_8_plane","offset":"@expr.d745_plane_offset","id":4}]])
[2026-09-16 14:19:30.820][VERB] RETURN: {"result":"$11287"}
[2026-09-16 14:19:30.820][VERB] COMMANDCALL: _C.SafeAPI.Execute(["v1.sketch.create",[{"planeId":11287,"name":"F744_makeBox_cad_primitives_py_8_profile","id":4}]])
[2026-09-16 14:19:30.823][VERB] RETURN: {"result":"$11293"}
[2026-09-16 14:19:30.823][VERB] COMMANDCALL: _C.SafeAPI.Execute(["v1.sketch.rectangle",[{"startPos":[48.8,-1.3,0],"id":11293,"genFixation":0,"endPos":[89.8,40.8,0]}]])
[2026-09-16 14:19:30.830][VERB] RETURN: {"result":["$11299","$11303","$11309","$11315"]}
[2026-09-16 14:19:30.830][VERB] COMMANDCALL: _C.SafeAPI.Execute(["v1.sketch.getPoints",[{"id":11299}]])
[2026-09-16 14:19:30.830][VERB] RETURN: {"result":{"endId":"$11301","startId":"$11300"}}
[2026-09-16 14:19:30.830][VERB] COMMANDCALL: _C.SafeAPI.Execute(["v1.sketch.point",[{"pos":[-1000,-1000,0],"id":11293}]])
[2026-09-16 14:19:30.832][VERB] RETURN: {"result":"$11331"}
[2026-09-16 14:19:30.832][VERB] COMMANDCALL: _C.SafeAPI.Execute(["v1.sketch.constraint",[{"type":"FIXATION","id":11293,"geomIds":[11331]}]])
[2026-09-16 14:19:30.834][VERB] RETURN: {"result":"$11333"}
[2026-09-16 14:19:30.835][VERB] COMMANDCALL: _C.SafeAPI.Execute(["v1.sketch.dimension",[{"type":"HORIZONTAL_DISTANCE","value":"@expr.d746_position_x","name":"position_x","id":11293,"geomIds":[11331,11300]}]])
[2026-09-16 14:19:30.841][VERB] RETURN: {"result":"$11337"}
[2026-09-16 14:19:30.841][VERB] COMMANDCALL: _C.SafeAPI.Execute(["v1.sketch.dimension",[{"type":"VERTICAL_DISTANCE","value":"@expr.d747_position_y","name":"position_y","id":11293,"geomIds":[11331,11300]}]])
[2026-09-16 14:19:30.848][VERB] RETURN: {"result":"$11341"}
[2026-09-16 14:19:30.848][VERB] COMMANDCALL: _C.SafeAPI.Execute(["v1.sketch.dimension",[{"type":"OFFSET","value":"@expr.d748_width","name":"width","id":11293,"geomIds":[11299]}]])
[2026-09-16 14:19:30.856][VERB] RETURN: {"result":"$11345"}
[2026-09-16 14:19:30.857][VERB] COMMANDCALL: _C.SafeAPI.Execute(["v1.sketch.dimension",[{"type":"OFFSET","value":"@expr.d749_depth","name":"depth","id":11293,"geomIds":[11303]}]])
[2026-09-16 14:19:30.865][VERB] RETURN: {"result":"$11349"}
[2026-09-16 14:19:30.866][VERB] COMMANDCALL: _C.SafeAPI.Execute(["v1.part.extrusion",[{"references":[11299,11303,11309,11315],"name":"F744_makeBox_cad_primitives_py_8","taperAngle":0,"limit2":"@expr.d750_height","id":4}]])
[2026-09-16 14:19:30.873][VERB] RETURN: {"result":"$11353"}
[2026-09-16 14:19:30.873][VERB] COMMANDCALL: _C.SafeAPI.Execute(["v1.part.workPlane",[{"type":"PLANE","references":[38],"name":"F751_makeBox_cad_primitives_py_8_plane","offset":"@expr.d752_plane_offset","id":4}]])
[2026-09-16 14:19:30.879][VERB] RETURN: {"result":"$11396"}
[2026-09-16 14:19:30.879][VERB] COMMANDCALL: _C.SafeAPI.Execute(["v1.sketch.create",[{"planeId":11396,"name":"F751_makeBox_cad_primitives_py_8_profile","id":4}]])
[2026-09-16 14:19:30.881][VERB] RETURN: {"result":"$11402"}
[2026-09-16 14:19:30.881][VERB] COMMANDCALL: _C.SafeAPI.Execute(["v1.sketch.rectangle",[{"startPos":[46.1,1.4,0],"id":11402,"genFixation":0,"endPos":[92.5,38.1,0]}]])
[2026-09-16 14:19:30.889][VERB] RETURN: {"result":["$11408","$11412","$11418","$11424"]}
[2026-09-16 14:19:30.889][VERB] COMMANDCALL: _C.SafeAPI.Execute(["v1.sketch.getPoints",[{"id":11408}]])
[2026-09-16 14:19:30.889][VERB] RETURN: {"result":{"endId":"$11410","startId":"$11409"}}
[2026-09-16 14:19:30.890][VERB] COMMANDCALL: _C.SafeAPI.Execute(["v1.sketch.point",[{"pos":[-1000,-1000,0],"id":11402}]])
[2026-09-16 14:19:30.892][VERB] RETURN: {"result":"$11440"}
[2026-09-16 14:19:30.892][VERB] COMMANDCALL: _C.SafeAPI.Execute(["v1.sketch.constraint",[{"type":"FIXATION","id":11402,"geomIds":[11440]}]])
[2026-09-16 14:19:30.894][VERB] RETURN: {"result":"$11442"}
[2026-09-16 14:19:30.894][VERB] COMMANDCALL: _C.SafeAPI.Execute(["v1.sketch.dimension",[{"type":"HORIZONTAL_DISTANCE","value":"@expr.d753_position_x","name":"position_x","id":11402,"geomIds":[11440,11409]}]])
[2026-09-16 14:19:30.900][VERB] RETURN: {"result":"$11446"}
[2026-09-16 14:19:30.900][VERB] COMMANDCALL: _C.SafeAPI.Execute(["v1.sketch.dimension",[{"type":"VERTICAL_DISTANCE","value":"@expr.d754_position_y","name":"position_y","id":11402,"geomIds":[11440,11409]}]])
[2026-09-16 14:19:30.908][VERB] RETURN: {"result":"$11450"}
[2026-09-16 14:19:30.908][VERB] COMMANDCALL: _C.SafeAPI.Execute(["v1.sketch.dimension",[{"type":"OFFSET","value":"@expr.d755_width","name":"width","id":11402,"geomIds":[11408]}]])
[2026-09-16 14:19:30.916][VERB] RETURN: {"result":"$11454"}
[2026-09-16 14:19:30.916][VERB] COMMANDCALL: _C.SafeAPI.Execute(["v1.sketch.dimension",[{"type":"OFFSET","value":"@expr.d756_depth","name":"depth","id":11402,"geomIds":[11412]}]])
[2026-09-16 14:19:30.925][VERB] RETURN: {"result":"$11458"}
[2026-09-16 14:19:30.925][VERB] COMMANDCALL: _C.SafeAPI.Execute(["v1.part.extrusion",[{"references":[11408,11412,11418,11424],"name":"F751_makeBox_cad_primitives_py_8","taperAngle":0,"limit2":"@expr.d757_height","id":4}]])
[2026-09-16 14:19:30.933][VERB] RETURN: {"result":"$11462"}
[2026-09-16 14:19:30.933][VERB] COMMANDCALL: _C.SafeAPI.Execute(["v1.part.workPlane",[{"type":"PLANE","references":[38],"name":"F758_makeCylinder_cad_primitives_py_12_plane","offset":"@expr.d759_plane_offset","id":4}]])
[2026-09-16 14:19:30.938][VERB] RETURN: {"result":"$11505"}
[2026-09-16 14:19:30.939][VERB] COMMANDCALL: _C.SafeAPI.Execute(["v1.sketch.create",[{"planeId":11505,"name":"F758_makeCylinder_cad_primitives_py_12_profile","id":4}]])
[2026-09-16 14:19:30.941][VERB] RETURN: {"result":"$11511"}
[2026-09-16 14:19:30.941][VERB] COMMANDCALL: _C.SafeAPI.Execute(["v1.sketch.circle",[{"radius":2.7,"id":11511,"genFixation":0,"centerPos":[48.8,1.4,0]}]])
[2026-09-16 14:19:30.943][VERB] RETURN: {"result":"$11517"}
[2026-09-16 14:19:30.943][VERB] COMMANDCALL: _C.SafeAPI.Execute(["v1.sketch.getPoints",[{"id":11517}]])
[2026-09-16 14:19:30.943][VERB] RETURN: {"result":{"centerId":"$11518"}}
[2026-09-16 14:19:30.943][VERB] COMMANDCALL: _C.SafeAPI.Execute(["v1.sketch.point",[{"pos":[-1000,-1000,0],"id":11511}]])
[2026-09-16 14:19:30.944][VERB] RETURN: {"result":"$11520"}
[2026-09-16 14:19:30.944][VERB] COMMANDCALL: _C.SafeAPI.Execute(["v1.sketch.constraint",[{"type":"FIXATION","id":11511,"geomIds":[11520]}]])
[2026-09-16 14:19:30.945][VERB] RETURN: {"result":"$11522"}
[2026-09-16 14:19:30.946][VERB] COMMANDCALL: _C.SafeAPI.Execute(["v1.sketch.dimension",[{"type":"HORIZONTAL_DISTANCE","value":"@expr.d760_position_x","name":"position_x","id":11511,"geomIds":[11520,11518]}]])
[2026-09-16 14:19:30.951][VERB] RETURN: {"result":"$11526"}
[2026-09-16 14:19:30.951][VERB] COMMANDCALL: _C.SafeAPI.Execute(["v1.sketch.dimension",[{"type":"VERTICAL_DISTANCE","value":"@expr.d761_position_y","name":"position_y","id":11511,"geomIds":[11520,11518]}]])
[2026-09-16 14:19:30.957][VERB] RETURN: {"result":"$11530"}
[2026-09-16 14:19:30.957][VERB] COMMANDCALL: _C.SafeAPI.Execute(["v1.sketch.dimension",[{"type":"RADIUS","value":"@expr.d762_radius","name":"radius","id":11511,"geomIds":[11517]}]])
[2026-09-16 14:19:30.962][VERB] RETURN: {"result":"$11534"}
[2026-09-16 14:19:30.963][VERB] COMMANDCALL: _C.SafeAPI.Execute(["v1.part.extrusion",[{"references":[11517],"name":"F758_makeCylinder_cad_primitives_py_12","taperAngle":0,"limit2":"@expr.d763_height","id":4}]])
[2026-09-16 14:19:30.973][VERB] RETURN: {"result":"$11538"}
[2026-09-16 14:19:30.973][VERB] COMMANDCALL: _C.SafeAPI.Execute(["v1.part.workPlane",[{"type":"PLANE","references":[38],"name":"F764_makeCylinder_cad_primitives_py_12_plane","offset":"@expr.d765_plane_offset","id":4}]])
[2026-09-16 14:19:30.981][VERB] RETURN: {"result":"$11560"}
[2026-09-16 14:19:30.982][VERB] COMMANDCALL: _C.SafeAPI.Execute(["v1.sketch.create",[{"planeId":11560,"name":"F764_makeCylinder_cad_primitives_py_12_profile","id":4}]])
[2026-09-16 14:19:30.985][VERB] RETURN: {"result":"$11566"}
[2026-09-16 14:19:30.986][VERB] COMMANDCALL: _C.SafeAPI.Execute(["v1.sketch.circle",[{"radius":2.7,"id":11566,"genFixation":0,"centerPos":[48.8,38.1,0]}]])
[2026-09-16 14:19:30.987][VERB] RETURN: {"result":"$11572"}
[2026-09-16 14:19:30.988][VERB] COMMANDCALL: _C.SafeAPI.Execute(["v1.sketch.getPoints",[{"id":11572}]])
[2026-09-16 14:19:30.988][VERB] RETURN: {"result":{"centerId":"$11573"}}
[2026-09-16 14:19:30.988][VERB] COMMANDCALL: _C.SafeAPI.Execute(["v1.sketch.point",[{"pos":[-1000,-1000,0],"id":11566}]])
[2026-09-16 14:19:30.989][VERB] RETURN: {"result":"$11575"}
[2026-09-16 14:19:30.989][VERB] COMMANDCALL: _C.SafeAPI.Execute(["v1.sketch.constraint",[{"type":"FIXATION","id":11566,"geomIds":[11575]}]])
[2026-09-16 14:19:30.991][VERB] RETURN: {"result":"$11577"}
[2026-09-16 14:19:30.991][VERB] COMMANDCALL: _C.SafeAPI.Execute(["v1.sketch.dimension",[{"type":"HORIZONTAL_DISTANCE","value":"@expr.d766_position_x","name":"position_x","id":11566,"geomIds":[11575,11573]}]])
[2026-09-16 14:19:30.996][VERB] RETURN: {"result":"$11581"}
[2026-09-16 14:19:30.997][VERB] COMMANDCALL: _C.SafeAPI.Execute(["v1.sketch.dimension",[{"type":"VERTICAL_DISTANCE","value":"@expr.d767_position_y","name":"position_y","id":11566,"geomIds":[11575,11573]}]])
[2026-09-16 14:19:31.002][VERB] RETURN: {"result":"$11585"}
[2026-09-16 14:19:31.003][VERB] COMMANDCALL: _C.SafeAPI.Execute(["v1.sketch.dimension",[{"type":"RADIUS","value":"@expr.d768_radius","name":"radius","id":11566,"geomIds":[11572]}]])
[2026-09-16 14:19:31.009][VERB] RETURN: {"result":"$11589"}
[2026-09-16 14:19:31.009][VERB] COMMANDCALL: _C.SafeAPI.Execute(["v1.part.extrusion",[{"references":[11572],"name":"F764_makeCylinder_cad_primitives_py_12","taperAngle":0,"limit2":"@expr.d769_height","id":4}]])
[2026-09-16 14:19:31.018][VERB] RETURN: {"result":"$11593"}
[2026-09-16 14:19:31.018][VERB] COMMANDCALL: _C.SafeAPI.Execute(["v1.part.workPlane",[{"type":"PLANE","references":[38],"name":"F770_makeCylinder_cad_primitives_py_12_plane","offset":"@expr.d771_plane_offset","id":4}]])
[2026-09-16 14:19:31.024][VERB] RETURN: {"result":"$11615"}
[2026-09-16 14:19:31.024][VERB] COMMANDCALL: _C.SafeAPI.Execute(["v1.sketch.create",[{"planeId":11615,"name":"F770_makeCylinder_cad_primitives_py_12_profile","id":4}]])
[2026-09-16 14:19:31.027][VERB] RETURN: {"result":"$11621"}
[2026-09-16 14:19:31.027][VERB] COMMANDCALL: _C.SafeAPI.Execute(["v1.sketch.circle",[{"radius":2.7,"id":11621,"genFixation":0,"centerPos":[89.8,1.4,0]}]])
[2026-09-16 14:19:31.028][VERB] RETURN: {"result":"$11627"}
[2026-09-16 14:19:31.029][VERB] COMMANDCALL: _C.SafeAPI.Execute(["v1.sketch.getPoints",[{"id":11627}]])
[2026-09-16 14:19:31.029][VERB] RETURN: {"result":{"centerId":"$11628"}}
[2026-09-16 14:19:31.029][VERB] COMMANDCALL: _C.SafeAPI.Execute(["v1.sketch.point",[{"pos":[-1000,-1000,0],"id":11621}]])
[2026-09-16 14:19:31.030][VERB] RETURN: {"result":"$11630"}
[2026-09-16 14:19:31.030][VERB] COMMANDCALL: _C.SafeAPI.Execute(["v1.sketch.constraint",[{"type":"FIXATION","id":11621,"geomIds":[11630]}]])
[2026-09-16 14:19:31.031][VERB] RETURN: {"result":"$11632"}
[2026-09-16 14:19:31.031][VERB] COMMANDCALL: _C.SafeAPI.Execute(["v1.sketch.dimension",[{"type":"HORIZONTAL_DISTANCE","value":"@expr.d772_position_x","name":"position_x","id":11621,"geomIds":[11630,11628]}]])
[2026-09-16 14:19:31.036][VERB] RETURN: {"result":"$11636"}
[2026-09-16 14:19:31.036][VERB] COMMANDCALL: _C.SafeAPI.Execute(["v1.sketch.dimension",[{"type":"VERTICAL_DISTANCE","value":"@expr.d773_position_y","name":"position_y","id":11621,"geomIds":[11630,11628]}]])
[2026-09-16 14:19:31.042][VERB] RETURN: {"result":"$11640"}
[2026-09-16 14:19:31.042][VERB] COMMANDCALL: _C.SafeAPI.Execute(["v1.sketch.dimension",[{"type":"RADIUS","value":"@expr.d774_radius","name":"radius","id":11621,"geomIds":[11627]}]])
[2026-09-16 14:19:31.048][VERB] RETURN: {"result":"$11644"}
[2026-09-16 14:19:31.049][VERB] COMMANDCALL: _C.SafeAPI.Execute(["v1.part.extrusion",[{"references":[11627],"name":"F770_makeCylinder_cad_primitives_py_12","taperAngle":0,"limit2":"@expr.d775_height","id":4}]])
[2026-09-16 14:19:31.056][VERB] RETURN: {"result":"$11648"}
[2026-09-16 14:19:31.057][VERB] COMMANDCALL: _C.SafeAPI.Execute(["v1.part.workPlane",[{"type":"PLANE","references":[38],"name":"F776_makeCylinder_cad_primitives_py_12_plane","offset":"@expr.d777_plane_offset","id":4}]])
[2026-09-16 14:19:31.062][VERB] RETURN: {"result":"$11670"}
[2026-09-16 14:19:31.062][VERB] COMMANDCALL: _C.SafeAPI.Execute(["v1.sketch.create",[{"planeId":11670,"name":"F776_makeCylinder_cad_primitives_py_12_profile","id":4}]])
[2026-09-16 14:19:31.065][VERB] RETURN: {"result":"$11676"}
[2026-09-16 14:19:31.065][VERB] COMMANDCALL: _C.SafeAPI.Execute(["v1.sketch.circle",[{"radius":2.7,"id":11676,"genFixation":0,"centerPos":[89.8,38.1,0]}]])
[2026-09-16 14:19:31.067][VERB] RETURN: {"result":"$11682"}
[2026-09-16 14:19:31.067][VERB] COMMANDCALL: _C.SafeAPI.Execute(["v1.sketch.getPoints",[{"id":11682}]])
[2026-09-16 14:19:31.067][VERB] RETURN: {"result":{"centerId":"$11683"}}
[2026-09-16 14:19:31.067][VERB] COMMANDCALL: _C.SafeAPI.Execute(["v1.sketch.point",[{"pos":[-1000,-1000,0],"id":11676}]])
[2026-09-16 14:19:31.069][VERB] RETURN: {"result":"$11685"}
[2026-09-16 14:19:31.069][VERB] COMMANDCALL: _C.SafeAPI.Execute(["v1.sketch.constraint",[{"type":"FIXATION","id":11676,"geomIds":[11685]}]])
[2026-09-16 14:19:31.071][VERB] RETURN: {"result":"$11687"}
[2026-09-16 14:19:31.071][VERB] COMMANDCALL: _C.SafeAPI.Execute(["v1.sketch.dimension",[{"type":"HORIZONTAL_DISTANCE","value":"@expr.d778_position_x","name":"position_x","id":11676,"geomIds":[11685,11683]}]])
[2026-09-16 14:19:31.077][VERB] RETURN: {"result":"$11691"}
[2026-09-16 14:19:31.078][VERB] COMMANDCALL: _C.SafeAPI.Execute(["v1.sketch.dimension",[{"type":"VERTICAL_DISTANCE","value":"@expr.d779_position_y","name":"position_y","id":11676,"geomIds":[11685,11683]}]])
[2026-09-16 14:19:31.084][VERB] RETURN: {"result":"$11695"}
[2026-09-16 14:19:31.085][VERB] COMMANDCALL: _C.SafeAPI.Execute(["v1.sketch.dimension",[{"type":"RADIUS","value":"@expr.d780_radius","name":"radius","id":11676,"geomIds":[11682]}]])
[2026-09-16 14:19:31.091][VERB] RETURN: {"result":"$11699"}
[2026-09-16 14:19:31.092][VERB] COMMANDCALL: _C.SafeAPI.Execute(["v1.part.extrusion",[{"references":[11682],"name":"F776_makeCylinder_cad_primitives_py_12","taperAngle":0,"limit2":"@expr.d781_height","id":4}]])
[2026-09-16 14:19:31.102][VERB] RETURN: {"result":"$11703"}
[2026-09-16 14:19:31.103][VERB] COMMANDCALL: _C.SafeAPI.Execute(["v1.part.workPlane",[{"type":"PLANE","references":[38],"name":"F782_makeBox_shell_skin_py_38_plane","offset":"@expr.d783_plane_offset","id":4}]])
[2026-09-16 14:19:31.109][VERB] RETURN: {"result":"$11725"}
[2026-09-16 14:19:31.110][VERB] COMMANDCALL: _C.SafeAPI.Execute(["v1.sketch.create",[{"planeId":11725,"name":"F782_makeBox_shell_skin_py_38_profile","id":4}]])
[2026-09-16 14:19:31.113][VERB] RETURN: {"result":"$11731"}
[2026-09-16 14:19:31.113][VERB] COMMANDCALL: _C.SafeAPI.Execute(["v1.sketch.rectangle",[{"startPos":[89.8,-1.3,0],"id":11731,"genFixation":0,"endPos":[92.5,40.8,0]}]])
[2026-09-16 14:19:31.121][VERB] RETURN: {"result":["$11737","$11741","$11747","$11753"]}
[2026-09-16 14:19:31.121][VERB] COMMANDCALL: _C.SafeAPI.Execute(["v1.sketch.getPoints",[{"id":11737}]])
[2026-09-16 14:19:31.121][VERB] RETURN: {"result":{"endId":"$11739","startId":"$11738"}}
[2026-09-16 14:19:31.122][VERB] COMMANDCALL: _C.SafeAPI.Execute(["v1.sketch.point",[{"pos":[-1000,-1000,0],"id":11731}]])
[2026-09-16 14:19:31.124][VERB] RETURN: {"result":"$11769"}
[2026-09-16 14:19:31.125][VERB] COMMANDCALL: _C.SafeAPI.Execute(["v1.sketch.constraint",[{"type":"FIXATION","id":11731,"geomIds":[11769]}]])
[2026-09-16 14:19:31.127][VERB] RETURN: {"result":"$11771"}
[2026-09-16 14:19:31.127][VERB] COMMANDCALL: _C.SafeAPI.Execute(["v1.sketch.dimension",[{"type":"HORIZONTAL_DISTANCE","value":"@expr.d784_position_x","name":"position_x","id":11731,"geomIds":[11769,11738]}]])
[2026-09-16 14:19:31.134][VERB] RETURN: {"result":"$11775"}
[2026-09-16 14:19:31.134][VERB] COMMANDCALL: _C.SafeAPI.Execute(["v1.sketch.dimension",[{"type":"VERTICAL_DISTANCE","value":"@expr.d785_position_y","name":"position_y","id":11731,"geomIds":[11769,11738]}]])
[2026-09-16 14:19:31.142][VERB] RETURN: {"result":"$11779"}
[2026-09-16 14:19:31.143][VERB] COMMANDCALL: _C.SafeAPI.Execute(["v1.sketch.dimension",[{"type":"OFFSET","value":"@expr.d786_width","name":"width","id":11731,"geomIds":[11737]}]])
[2026-09-16 14:19:31.152][VERB] RETURN: {"result":"$11783"}
[2026-09-16 14:19:31.152][VERB] COMMANDCALL: _C.SafeAPI.Execute(["v1.sketch.dimension",[{"type":"OFFSET","value":"@expr.d787_depth","name":"depth","id":11731,"geomIds":[11741]}]])
[2026-09-16 14:19:31.161][VERB] RETURN: {"result":"$11787"}
[2026-09-16 14:19:31.161][VERB] COMMANDCALL: _C.SafeAPI.Execute(["v1.part.extrusion",[{"references":[11737,11741,11747,11753],"name":"F782_makeBox_shell_skin_py_38","taperAngle":0,"limit2":"@expr.d788_height","id":4}]])
[2026-09-16 14:19:31.171][VERB] RETURN: {"result":"$11791"}
[2026-09-16 14:19:31.172][VERB] COMMANDCALL: _C.SafeAPI.Execute(["v1.part.workPlane",[{"type":"PLANE","references":[38],"name":"F789_makeBox_cad_primitives_py_8_plane","offset":"@expr.d790_plane_offset","id":4}]])
[2026-09-16 14:19:31.178][VERB] RETURN: {"result":"$11834"}
[2026-09-16 14:19:31.179][VERB] COMMANDCALL: _C.SafeAPI.Execute(["v1.sketch.create",[{"planeId":11834,"name":"F789_makeBox_cad_primitives_py_8_profile","id":4}]])
[2026-09-16 14:19:31.182][VERB] RETURN: {"result":"$11840"}
[2026-09-16 14:19:31.182][VERB] COMMANDCALL: _C.SafeAPI.Execute(["v1.sketch.rectangle",[{"startPos":[88.05,-7,0],"id":11840,"genFixation":0,"endPos":[92.5,5,0]}]])
[2026-09-16 14:19:31.189][VERB] RETURN: {"result":["$11846","$11850","$11856","$11862"]}
[2026-09-16 14:19:31.189][VERB] COMMANDCALL: _C.SafeAPI.Execute(["v1.sketch.getPoints",[{"id":11846}]])
[2026-09-16 14:19:31.189][VERB] RETURN: {"result":{"endId":"$11848","startId":"$11847"}}
[2026-09-16 14:19:31.190][VERB] COMMANDCALL: _C.SafeAPI.Execute(["v1.sketch.point",[{"pos":[-1000,-1000,0],"id":11840}]])
[2026-09-16 14:19:31.192][VERB] RETURN: {"result":"$11878"}
[2026-09-16 14:19:31.192][VERB] COMMANDCALL: _C.SafeAPI.Execute(["v1.sketch.constraint",[{"type":"FIXATION","id":11840,"geomIds":[11878]}]])
[2026-09-16 14:19:31.195][VERB] RETURN: {"result":"$11880"}
[2026-09-16 14:19:31.195][VERB] COMMANDCALL: _C.SafeAPI.Execute(["v1.sketch.dimension",[{"type":"HORIZONTAL_DISTANCE","value":"@expr.d791_position_x","name":"position_x","id":11840,"geomIds":[11878,11847]}]])
[2026-09-16 14:19:31.202][VERB] RETURN: {"result":"$11884"}
[2026-09-16 14:19:31.202][VERB] COMMANDCALL: _C.SafeAPI.Execute(["v1.sketch.dimension",[{"type":"VERTICAL_DISTANCE","value":"@expr.d792_position_y","name":"position_y","id":11840,"geomIds":[11878,11847]}]])
[2026-09-16 14:19:31.211][VERB] RETURN: {"result":"$11888"}
[2026-09-16 14:19:31.211][VERB] COMMANDCALL: _C.SafeAPI.Execute(["v1.sketch.dimension",[{"type":"OFFSET","value":"@expr.d793_width","name":"width","id":11840,"geomIds":[11846]}]])
[2026-09-16 14:19:31.220][VERB] RETURN: {"result":"$11892"}
[2026-09-16 14:19:31.220][VERB] COMMANDCALL: _C.SafeAPI.Execute(["v1.sketch.dimension",[{"type":"OFFSET","value":"@expr.d794_depth","name":"depth","id":11840,"geomIds":[11850]}]])
[2026-09-16 14:19:31.230][VERB] RETURN: {"result":"$11896"}
[2026-09-16 14:19:31.231][VERB] COMMANDCALL: _C.SafeAPI.Execute(["v1.part.extrusion",[{"references":[11846,11850,11856,11862],"name":"F789_makeBox_cad_primitives_py_8","taperAngle":0,"limit2":"@expr.d795_height","id":4}]])
[2026-09-16 14:19:31.239][VERB] RETURN: {"result":"$11900"}
[2026-09-16 14:19:31.240][VERB] COMMANDCALL: _C.SafeAPI.Execute(["v1.part.workPlane",[{"type":"PLANE","references":[38],"name":"F797_makeBox_cad_primitives_py_8_plane","offset":"@expr.d798_plane_offset","id":4}]])
[2026-09-16 14:19:31.246][VERB] RETURN: {"result":"$11943"}
[2026-09-16 14:19:31.246][VERB] COMMANDCALL: _C.SafeAPI.Execute(["v1.sketch.create",[{"planeId":11943,"name":"F797_makeBox_cad_primitives_py_8_profile","id":4}]])
[2026-09-16 14:19:31.249][VERB] RETURN: {"result":"$11949"}
[2026-09-16 14:19:31.249][VERB] COMMANDCALL: _C.SafeAPI.Execute(["v1.sketch.rectangle",[{"startPos":[85.35,-4,0],"id":11949,"genFixation":0,"endPos":[88.05,-1.3,0]}]])
[2026-09-16 14:19:31.256][VERB] RETURN: {"result":["$11955","$11959","$11965","$11971"]}
[2026-09-16 14:19:31.257][VERB] COMMANDCALL: _C.SafeAPI.Execute(["v1.sketch.getPoints",[{"id":11955}]])
[2026-09-16 14:19:31.257][VERB] RETURN: {"result":{"endId":"$11957","startId":"$11956"}}
[2026-09-16 14:19:31.257][VERB] COMMANDCALL: _C.SafeAPI.Execute(["v1.sketch.point",[{"pos":[-1000,-1000,0],"id":11949}]])
[2026-09-16 14:19:31.260][VERB] RETURN: {"result":"$11987"}
[2026-09-16 14:19:31.260][VERB] COMMANDCALL: _C.SafeAPI.Execute(["v1.sketch.constraint",[{"type":"FIXATION","id":11949,"geomIds":[11987]}]])
[2026-09-16 14:19:31.262][VERB] RETURN: {"result":"$11989"}
[2026-09-16 14:19:31.263][VERB] COMMANDCALL: _C.SafeAPI.Execute(["v1.sketch.dimension",[{"type":"HORIZONTAL_DISTANCE","value":"@expr.d799_position_x","name":"position_x","id":11949,"geomIds":[11987,11956]}]])
[2026-09-16 14:19:31.269][VERB] RETURN: {"result":"$11993"}
[2026-09-16 14:19:31.270][VERB] COMMANDCALL: _C.SafeAPI.Execute(["v1.sketch.dimension",[{"type":"VERTICAL_DISTANCE","value":"@expr.d800_position_y","name":"position_y","id":11949,"geomIds":[11987,11956]}]])
[2026-09-16 14:19:31.277][VERB] RETURN: {"result":"$11997"}
[2026-09-16 14:19:31.278][VERB] COMMANDCALL: _C.SafeAPI.Execute(["v1.sketch.dimension",[{"type":"OFFSET","value":"@expr.d801_width","name":"width","id":11949,"geomIds":[11955]}]])
[2026-09-16 14:19:31.286][VERB] RETURN: {"result":"$12001"}
[2026-09-16 14:19:31.286][VERB] COMMANDCALL: _C.SafeAPI.Execute(["v1.sketch.dimension",[{"type":"OFFSET","value":"@expr.d802_depth","name":"depth","id":11949,"geomIds":[11959]}]])
[2026-09-16 14:19:31.296][VERB] RETURN: {"result":"$12005"}
[2026-09-16 14:19:31.297][VERB] COMMANDCALL: _C.SafeAPI.Execute(["v1.part.extrusion",[{"references":[11955,11959,11965,11971],"name":"F797_makeBox_cad_primitives_py_8","taperAngle":0,"limit2":"@expr.d803_height","id":4}]])
[2026-09-16 14:19:31.305][VERB] RETURN: {"result":"$12009"}
[2026-09-16 14:19:31.306][VERB] COMMANDCALL: _C.SafeAPI.Execute(["v1.part.workPlane",[{"type":"PLANE","references":[38],"name":"F804_makeCylinder_cad_primitives_py_12_plane","offset":"@expr.d805_plane_offset","id":4}]])
[2026-09-16 14:19:31.312][VERB] RETURN: {"result":"$12052"}
[2026-09-16 14:19:31.312][VERB] COMMANDCALL: _C.SafeAPI.Execute(["v1.sketch.create",[{"planeId":12052,"name":"F804_makeCylinder_cad_primitives_py_12_profile","id":4}]])
[2026-09-16 14:19:31.315][VERB] RETURN: {"result":"$12058"}
[2026-09-16 14:19:31.315][VERB] COMMANDCALL: _C.SafeAPI.Execute(["v1.sketch.circle",[{"radius":2.7,"id":12058,"genFixation":0,"centerPos":[85.35,-4,0]}]])
[2026-09-16 14:19:31.316][VERB] RETURN: {"result":"$12064"}
[2026-09-16 14:19:31.317][VERB] COMMANDCALL: _C.SafeAPI.Execute(["v1.sketch.getPoints",[{"id":12064}]])
[2026-09-16 14:19:31.317][VERB] RETURN: {"result":{"centerId":"$12065"}}
[2026-09-16 14:19:31.317][VERB] COMMANDCALL: _C.SafeAPI.Execute(["v1.sketch.point",[{"pos":[-1000,-1000,0],"id":12058}]])
[2026-09-16 14:19:31.318][VERB] RETURN: {"result":"$12067"}
[2026-09-16 14:19:31.319][VERB] COMMANDCALL: _C.SafeAPI.Execute(["v1.sketch.constraint",[{"type":"FIXATION","id":12058,"geomIds":[12067]}]])
[2026-09-16 14:19:31.320][VERB] RETURN: {"result":"$12069"}
[2026-09-16 14:19:31.321][VERB] COMMANDCALL: _C.SafeAPI.Execute(["v1.sketch.dimension",[{"type":"HORIZONTAL_DISTANCE","value":"@expr.d806_position_x","name":"position_x","id":12058,"geomIds":[12067,12065]}]])
[2026-09-16 14:19:31.326][VERB] RETURN: {"result":"$12073"}
[2026-09-16 14:19:31.326][VERB] COMMANDCALL: _C.SafeAPI.Execute(["v1.sketch.dimension",[{"type":"VERTICAL_DISTANCE","value":"@expr.d807_position_y","name":"position_y","id":12058,"geomIds":[12067,12065]}]])
[2026-09-16 14:19:31.332][VERB] RETURN: {"result":"$12077"}
[2026-09-16 14:19:31.332][VERB] COMMANDCALL: _C.SafeAPI.Execute(["v1.sketch.dimension",[{"type":"RADIUS","value":"@expr.d808_radius","name":"radius","id":12058,"geomIds":[12064]}]])
[2026-09-16 14:19:31.339][VERB] RETURN: {"result":"$12081"}
[2026-09-16 14:19:31.341][VERB] COMMANDCALL: _C.SafeAPI.Execute(["v1.part.extrusion",[{"references":[12064],"name":"F804_makeCylinder_cad_primitives_py_12","taperAngle":0,"limit2":"@expr.d809_height","id":4}]])
[2026-09-16 14:19:31.349][VERB] RETURN: {"result":"$12085"}
[2026-09-16 14:19:31.350][VERB] COMMANDCALL: _C.SafeAPI.Execute(["v1.part.boolean",[{"type":"SUBTRACTION","tools":[12085],"target":12009,"name":"F796_cut_housing_shell_py_25","id":4}]])
[2026-09-16 14:19:31.361][VERB] RETURN: {"result":"$12107"}
[2026-09-16 14:19:31.362][VERB] COMMANDCALL: _C.SafeAPI.Execute(["v1.part.workPlane",[{"type":"PLANE","references":[38],"name":"F810_makeBox_cad_primitives_py_8_plane","offset":"@expr.d811_plane_offset","id":4}]])
[2026-09-16 14:19:31.369][VERB] RETURN: {"result":"$12125"}
[2026-09-16 14:19:31.370][VERB] COMMANDCALL: _C.SafeAPI.Execute(["v1.sketch.create",[{"planeId":12125,"name":"F810_makeBox_cad_primitives_py_8_profile","id":4}]])
[2026-09-16 14:19:31.372][VERB] RETURN: {"result":"$12131"}
[2026-09-16 14:19:31.373][VERB] COMMANDCALL: _C.SafeAPI.Execute(["v1.sketch.rectangle",[{"startPos":[88.05,30,0],"id":12131,"genFixation":0,"endPos":[92.5,41.3,0]}]])
[2026-09-16 14:19:31.380][VERB] RETURN: {"result":["$12137","$12141","$12147","$12153"]}
[2026-09-16 14:19:31.380][VERB] COMMANDCALL: _C.SafeAPI.Execute(["v1.sketch.getPoints",[{"id":12137}]])
[2026-09-16 14:19:31.381][VERB] RETURN: {"result":{"endId":"$12139","startId":"$12138"}}
[2026-09-16 14:19:31.381][VERB] COMMANDCALL: _C.SafeAPI.Execute(["v1.sketch.point",[{"pos":[-1000,-1000,0],"id":12131}]])
[2026-09-16 14:19:31.383][VERB] RETURN: {"result":"$12169"}
[2026-09-16 14:19:31.384][VERB] COMMANDCALL: _C.SafeAPI.Execute(["v1.sketch.constraint",[{"type":"FIXATION","id":12131,"geomIds":[12169]}]])
[2026-09-16 14:19:31.386][VERB] RETURN: {"result":"$12171"}
[2026-09-16 14:19:31.386][VERB] COMMANDCALL: _C.SafeAPI.Execute(["v1.sketch.dimension",[{"type":"HORIZONTAL_DISTANCE","value":"@expr.d812_position_x","name":"position_x","id":12131,"geomIds":[12169,12138]}]])
[2026-09-16 14:19:31.393][VERB] RETURN: {"result":"$12175"}
[2026-09-16 14:19:31.394][VERB] COMMANDCALL: _C.SafeAPI.Execute(["v1.sketch.dimension",[{"type":"VERTICAL_DISTANCE","value":"@expr.d813_position_y","name":"position_y","id":12131,"geomIds":[12169,12138]}]])
[2026-09-16 14:19:31.402][VERB] RETURN: {"result":"$12179"}
[2026-09-16 14:19:31.403][VERB] COMMANDCALL: _C.SafeAPI.Execute(["v1.sketch.dimension",[{"type":"OFFSET","value":"@expr.d814_width","name":"width","id":12131,"geomIds":[12137]}]])
[2026-09-16 14:19:31.412][VERB] RETURN: {"result":"$12183"}
[2026-09-16 14:19:31.412][VERB] COMMANDCALL: _C.SafeAPI.Execute(["v1.sketch.dimension",[{"type":"OFFSET","value":"@expr.d815_depth","name":"depth","id":12131,"geomIds":[12141]}]])
[2026-09-16 14:19:31.421][VERB] RETURN: {"result":"$12187"}
[2026-09-16 14:19:31.422][VERB] COMMANDCALL: _C.SafeAPI.Execute(["v1.part.extrusion",[{"references":[12137,12141,12147,12153],"name":"F810_makeBox_cad_primitives_py_8","taperAngle":0,"limit2":"@expr.d816_height","id":4}]])
[2026-09-16 14:19:31.430][VERB] RETURN: {"result":"$12191"}
[2026-09-16 14:19:31.431][VERB] COMMANDCALL: _C.SafeAPI.Execute(["v1.part.workPlane",[{"type":"PLANE","references":[38],"name":"F817_makeBox_cad_primitives_py_8_plane","offset":"@expr.d818_plane_offset","id":4}]])
[2026-09-16 14:19:31.438][VERB] RETURN: {"result":"$12234"}
[2026-09-16 14:19:31.438][VERB] COMMANDCALL: _C.SafeAPI.Execute(["v1.sketch.create",[{"planeId":12234,"name":"F817_makeBox_cad_primitives_py_8_profile","id":4}]])
[2026-09-16 14:19:31.441][VERB] RETURN: {"result":"$12240"}
[2026-09-16 14:19:31.441][VERB] COMMANDCALL: _C.SafeAPI.Execute(["v1.sketch.rectangle",[{"startPos":[88.05,30,0],"id":12240,"genFixation":0,"endPos":[92.5,38,0]}]])
[2026-09-16 14:19:31.448][VERB] RETURN: {"result":["$12246","$12250","$12256","$12262"]}
[2026-09-16 14:19:31.449][VERB] COMMANDCALL: _C.SafeAPI.Execute(["v1.sketch.getPoints",[{"id":12246}]])
[2026-09-16 14:19:31.449][VERB] RETURN: {"result":{"endId":"$12248","startId":"$12247"}}
[2026-09-16 14:19:31.449][VERB] COMMANDCALL: _C.SafeAPI.Execute(["v1.sketch.point",[{"pos":[-1000,-1000,0],"id":12240}]])
[2026-09-16 14:19:31.452][VERB] RETURN: {"result":"$12278"}
[2026-09-16 14:19:31.453][VERB] COMMANDCALL: _C.SafeAPI.Execute(["v1.sketch.constraint",[{"type":"FIXATION","id":12240,"geomIds":[12278]}]])
[2026-09-16 14:19:31.455][VERB] RETURN: {"result":"$12280"}
[2026-09-16 14:19:31.455][VERB] COMMANDCALL: _C.SafeAPI.Execute(["v1.sketch.dimension",[{"type":"HORIZONTAL_DISTANCE","value":"@expr.d819_position_x","name":"position_x","id":12240,"geomIds":[12278,12247]}]])
[2026-09-16 14:19:31.462][VERB] RETURN: {"result":"$12284"}
[2026-09-16 14:19:31.462][VERB] COMMANDCALL: _C.SafeAPI.Execute(["v1.sketch.dimension",[{"type":"VERTICAL_DISTANCE","value":"@expr.d820_position_y","name":"position_y","id":12240,"geomIds":[12278,12247]}]])
[2026-09-16 14:19:31.470][VERB] RETURN: {"result":"$12288"}
[2026-09-16 14:19:31.470][VERB] COMMANDCALL: _C.SafeAPI.Execute(["v1.sketch.dimension",[{"type":"OFFSET","value":"@expr.d821_width","name":"width","id":12240,"geomIds":[12246]}]])
[2026-09-16 14:19:31.479][VERB] RETURN: {"result":"$12292"}
[2026-09-16 14:19:31.480][VERB] COMMANDCALL: _C.SafeAPI.Execute(["v1.sketch.dimension",[{"type":"OFFSET","value":"@expr.d822_depth","name":"depth","id":12240,"geomIds":[12250]}]])
[2026-09-16 14:19:31.490][VERB] RETURN: {"result":"$12296"}
[2026-09-16 14:19:31.491][VERB] COMMANDCALL: _C.SafeAPI.Execute(["v1.part.extrusion",[{"references":[12246,12250,12256,12262],"name":"F817_makeBox_cad_primitives_py_8","taperAngle":0,"limit2":"@expr.d823_height","id":4}]])
[2026-09-16 14:19:31.500][VERB] RETURN: {"result":"$12300"}
[2026-09-16 14:19:31.501][VERB] COMMANDCALL: _C.SafeAPI.Execute(["v1.part.workPlane",[{"type":"PLANE","references":[38],"name":"F825_makeBox_cad_primitives_py_8_plane","offset":"@expr.d826_plane_offset","id":4}]])
[2026-09-16 14:19:31.506][VERB] RETURN: {"result":"$12343"}
[2026-09-16 14:19:31.506][VERB] COMMANDCALL: _C.SafeAPI.Execute(["v1.sketch.create",[{"planeId":12343,"name":"F825_makeBox_cad_primitives_py_8_profile","id":4}]])
[2026-09-16 14:19:31.508][VERB] RETURN: {"result":"$12349"}
[2026-09-16 14:19:31.509][VERB] COMMANDCALL: _C.SafeAPI.Execute(["v1.sketch.rectangle",[{"startPos":[59.1,40.8,0],"id":12349,"genFixation":0,"endPos":[63.1,44.8,0]}]])
[2026-09-16 14:19:31.515][VERB] RETURN: {"result":["$12355","$12359","$12365","$12371"]}
[2026-09-16 14:19:31.516][VERB] COMMANDCALL: _C.SafeAPI.Execute(["v1.sketch.getPoints",[{"id":12355}]])
[2026-09-16 14:19:31.516][VERB] RETURN: {"result":{"endId":"$12357","startId":"$12356"}}
[2026-09-16 14:19:31.516][VERB] COMMANDCALL: _C.SafeAPI.Execute(["v1.sketch.point",[{"pos":[-1000,-1000,0],"id":12349}]])
[2026-09-16 14:19:31.518][VERB] RETURN: {"result":"$12387"}
[2026-09-16 14:19:31.519][VERB] COMMANDCALL: _C.SafeAPI.Execute(["v1.sketch.constraint",[{"type":"FIXATION","id":12349,"geomIds":[12387]}]])
[2026-09-16 14:19:31.520][VERB] RETURN: {"result":"$12389"}
[2026-09-16 14:19:31.520][VERB] COMMANDCALL: _C.SafeAPI.Execute(["v1.sketch.dimension",[{"type":"HORIZONTAL_DISTANCE","value":"@expr.d827_position_x","name":"position_x","id":12349,"geomIds":[12387,12356]}]])
[2026-09-16 14:19:31.527][VERB] RETURN: {"result":"$12393"}
[2026-09-16 14:19:31.527][VERB] COMMANDCALL: _C.SafeAPI.Execute(["v1.sketch.dimension",[{"type":"VERTICAL_DISTANCE","value":"@expr.d828_position_y","name":"position_y","id":12349,"geomIds":[12387,12356]}]])
[2026-09-16 14:19:31.534][VERB] RETURN: {"result":"$12397"}
[2026-09-16 14:19:31.534][VERB] COMMANDCALL: _C.SafeAPI.Execute(["v1.sketch.dimension",[{"type":"OFFSET","value":"@expr.d829_width","name":"width","id":12349,"geomIds":[12355]}]])
[2026-09-16 14:19:31.542][VERB] RETURN: {"result":"$12401"}
[2026-09-16 14:19:31.542][VERB] COMMANDCALL: _C.SafeAPI.Execute(["v1.sketch.dimension",[{"type":"OFFSET","value":"@expr.d830_depth","name":"depth","id":12349,"geomIds":[12359]}]])
[2026-09-16 14:19:31.551][VERB] RETURN: {"result":"$12405"}
[2026-09-16 14:19:31.552][VERB] COMMANDCALL: _C.SafeAPI.Execute(["v1.part.extrusion",[{"references":[12355,12359,12365,12371],"name":"F825_makeBox_cad_primitives_py_8","taperAngle":0,"limit2":"@expr.d831_height","id":4}]])
[2026-09-16 14:19:31.559][VERB] RETURN: {"result":"$12409"}
[2026-09-16 14:19:31.560][VERB] COMMANDCALL: _C.SafeAPI.Execute(["v1.part.workPlane",[{"type":"PLANE","references":[38],"name":"F832_makeCylinder_cad_primitives_py_12_plane","offset":"@expr.d833_plane_offset","id":4}]])
[2026-09-16 14:19:31.565][VERB] RETURN: {"result":"$12452"}
[2026-09-16 14:19:31.565][VERB] COMMANDCALL: _C.SafeAPI.Execute(["v1.sketch.create",[{"planeId":12452,"name":"F832_makeCylinder_cad_primitives_py_12_profile","id":4}]])
[2026-09-16 14:19:31.568][VERB] RETURN: {"result":"$12458"}
[2026-09-16 14:19:31.568][VERB] COMMANDCALL: _C.SafeAPI.Execute(["v1.sketch.circle",[{"radius":4,"id":12458,"genFixation":0,"centerPos":[63.1,44.8,0]}]])
[2026-09-16 14:19:31.570][VERB] RETURN: {"result":"$12464"}
[2026-09-16 14:19:31.570][VERB] COMMANDCALL: _C.SafeAPI.Execute(["v1.sketch.getPoints",[{"id":12464}]])
[2026-09-16 14:19:31.570][VERB] RETURN: {"result":{"centerId":"$12465"}}
[2026-09-16 14:19:31.570][VERB] COMMANDCALL: _C.SafeAPI.Execute(["v1.sketch.point",[{"pos":[-1000,-1000,0],"id":12458}]])
[2026-09-16 14:19:31.571][VERB] RETURN: {"result":"$12467"}
[2026-09-16 14:19:31.571][VERB] COMMANDCALL: _C.SafeAPI.Execute(["v1.sketch.constraint",[{"type":"FIXATION","id":12458,"geomIds":[12467]}]])
[2026-09-16 14:19:31.572][VERB] RETURN: {"result":"$12469"}
[2026-09-16 14:19:31.572][VERB] COMMANDCALL: _C.SafeAPI.Execute(["v1.sketch.dimension",[{"type":"HORIZONTAL_DISTANCE","value":"@expr.d834_position_x","name":"position_x","id":12458,"geomIds":[12467,12465]}]])
[2026-09-16 14:19:31.577][VERB] RETURN: {"result":"$12473"}
[2026-09-16 14:19:31.578][VERB] COMMANDCALL: _C.SafeAPI.Execute(["v1.sketch.dimension",[{"type":"VERTICAL_DISTANCE","value":"@expr.d835_position_y","name":"position_y","id":12458,"geomIds":[12467,12465]}]])
[2026-09-16 14:19:31.583][VERB] RETURN: {"result":"$12477"}
[2026-09-16 14:19:31.584][VERB] COMMANDCALL: _C.SafeAPI.Execute(["v1.sketch.dimension",[{"type":"RADIUS","value":"@expr.d836_radius","name":"radius","id":12458,"geomIds":[12464]}]])
[2026-09-16 14:19:31.589][VERB] RETURN: {"result":"$12481"}
[2026-09-16 14:19:31.590][VERB] COMMANDCALL: _C.SafeAPI.Execute(["v1.part.extrusion",[{"references":[12464],"name":"F832_makeCylinder_cad_primitives_py_12","taperAngle":0,"limit2":"@expr.d837_height","id":4}]])
[2026-09-16 14:19:31.598][VERB] RETURN: {"result":"$12485"}
[2026-09-16 14:19:31.598][VERB] COMMANDCALL: _C.SafeAPI.Execute(["v1.part.boolean",[{"type":"SUBTRACTION","tools":[12485],"target":12409,"name":"F824_cut_housing_shell_py_39","id":4}]])
[2026-09-16 14:19:31.606][VERB] RETURN: {"result":"$12507"}
[2026-09-16 14:19:31.607][VERB] COMMANDCALL: _C.SafeAPI.Execute(["v1.part.workPlane",[{"type":"PLANE","references":[38],"name":"F839_makeBox_cad_primitives_py_8_plane","offset":"@expr.d840_plane_offset","id":4}]])
[2026-09-16 14:19:31.612][VERB] RETURN: {"result":"$12525"}
[2026-09-16 14:19:31.613][VERB] COMMANDCALL: _C.SafeAPI.Execute(["v1.sketch.create",[{"planeId":12525,"name":"F839_makeBox_cad_primitives_py_8_profile","id":4}]])
[2026-09-16 14:19:31.615][VERB] RETURN: {"result":"$12531"}
[2026-09-16 14:19:31.615][VERB] COMMANDCALL: _C.SafeAPI.Execute(["v1.sketch.rectangle",[{"startPos":[42.1,16.1,0],"id":12531,"genFixation":0,"endPos":[46.1,20.1,0]}]])
[2026-09-16 14:19:31.622][VERB] RETURN: {"result":["$12537","$12541","$12547","$12553"]}
[2026-09-16 14:19:31.623][VERB] COMMANDCALL: _C.SafeAPI.Execute(["v1.sketch.getPoints",[{"id":12537}]])
[2026-09-16 14:19:31.623][VERB] RETURN: {"result":{"endId":"$12539","startId":"$12538"}}
[2026-09-16 14:19:31.623][VERB] COMMANDCALL: _C.SafeAPI.Execute(["v1.sketch.point",[{"pos":[-1000,-1000,0],"id":12531}]])
[2026-09-16 14:19:31.625][VERB] RETURN: {"result":"$12569"}
[2026-09-16 14:19:31.625][VERB] COMMANDCALL: _C.SafeAPI.Execute(["v1.sketch.constraint",[{"type":"FIXATION","id":12531,"geomIds":[12569]}]])
[2026-09-16 14:19:31.627][VERB] RETURN: {"result":"$12571"}
[2026-09-16 14:19:31.627][VERB] COMMANDCALL: _C.SafeAPI.Execute(["v1.sketch.dimension",[{"type":"HORIZONTAL_DISTANCE","value":"@expr.d841_position_x","name":"position_x","id":12531,"geomIds":[12569,12538]}]])
[2026-09-16 14:19:31.633][VERB] RETURN: {"result":"$12575"}
[2026-09-16 14:19:31.634][VERB] COMMANDCALL: _C.SafeAPI.Execute(["v1.sketch.dimension",[{"type":"VERTICAL_DISTANCE","value":"@expr.d842_position_y","name":"position_y","id":12531,"geomIds":[12569,12538]}]])
[2026-09-16 14:19:31.640][VERB] RETURN: {"result":"$12579"}
[2026-09-16 14:19:31.641][VERB] COMMANDCALL: _C.SafeAPI.Execute(["v1.sketch.dimension",[{"type":"OFFSET","value":"@expr.d843_width","name":"width","id":12531,"geomIds":[12537]}]])
[2026-09-16 14:19:31.648][VERB] RETURN: {"result":"$12583"}
[2026-09-16 14:19:31.649][VERB] COMMANDCALL: _C.SafeAPI.Execute(["v1.sketch.dimension",[{"type":"OFFSET","value":"@expr.d844_depth","name":"depth","id":12531,"geomIds":[12541]}]])
[2026-09-16 14:19:31.657][VERB] RETURN: {"result":"$12587"}
[2026-09-16 14:19:31.658][VERB] COMMANDCALL: _C.SafeAPI.Execute(["v1.part.extrusion",[{"references":[12537,12541,12547,12553],"name":"F839_makeBox_cad_primitives_py_8","taperAngle":0,"limit2":"@expr.d845_height","id":4}]])
[2026-09-16 14:19:31.665][VERB] RETURN: {"result":"$12591"}
[2026-09-16 14:19:31.666][VERB] COMMANDCALL: _C.SafeAPI.Execute(["v1.part.workPlane",[{"type":"PLANE","references":[38],"name":"F846_makeCylinder_cad_primitives_py_12_plane","offset":"@expr.d847_plane_offset","id":4}]])
[2026-09-16 14:19:31.671][VERB] RETURN: {"result":"$12634"}
[2026-09-16 14:19:31.672][VERB] COMMANDCALL: _C.SafeAPI.Execute(["v1.sketch.create",[{"planeId":12634,"name":"F846_makeCylinder_cad_primitives_py_12_profile","id":4}]])
[2026-09-16 14:19:31.674][VERB] RETURN: {"result":"$12640"}
[2026-09-16 14:19:31.674][VERB] COMMANDCALL: _C.SafeAPI.Execute(["v1.sketch.circle",[{"radius":4,"id":12640,"genFixation":0,"centerPos":[42.1,16.1,0]}]])
[2026-09-16 14:19:31.676][VERB] RETURN: {"result":"$12646"}
[2026-09-16 14:19:31.676][VERB] COMMANDCALL: _C.SafeAPI.Execute(["v1.sketch.getPoints",[{"id":12646}]])
[2026-09-16 14:19:31.676][VERB] RETURN: {"result":{"centerId":"$12647"}}
[2026-09-16 14:19:31.676][VERB] COMMANDCALL: _C.SafeAPI.Execute(["v1.sketch.point",[{"pos":[-1000,-1000,0],"id":12640}]])
[2026-09-16 14:19:31.677][VERB] RETURN: {"result":"$12649"}
[2026-09-16 14:19:31.677][VERB] COMMANDCALL: _C.SafeAPI.Execute(["v1.sketch.constraint",[{"type":"FIXATION","id":12640,"geomIds":[12649]}]])
[2026-09-16 14:19:31.678][VERB] RETURN: {"result":"$12651"}
[2026-09-16 14:19:31.679][VERB] COMMANDCALL: _C.SafeAPI.Execute(["v1.sketch.dimension",[{"type":"HORIZONTAL_DISTANCE","value":"@expr.d848_position_x","name":"position_x","id":12640,"geomIds":[12649,12647]}]])
[2026-09-16 14:19:31.684][VERB] RETURN: {"result":"$12655"}
[2026-09-16 14:19:31.684][VERB] COMMANDCALL: _C.SafeAPI.Execute(["v1.sketch.dimension",[{"type":"VERTICAL_DISTANCE","value":"@expr.d849_position_y","name":"position_y","id":12640,"geomIds":[12649,12647]}]])
[2026-09-16 14:19:31.690][VERB] RETURN: {"result":"$12659"}
[2026-09-16 14:19:31.690][VERB] COMMANDCALL: _C.SafeAPI.Execute(["v1.sketch.dimension",[{"type":"RADIUS","value":"@expr.d850_radius","name":"radius","id":12640,"geomIds":[12646]}]])
[2026-09-16 14:19:31.695][VERB] RETURN: {"result":"$12663"}
[2026-09-16 14:19:31.696][VERB] COMMANDCALL: _C.SafeAPI.Execute(["v1.part.extrusion",[{"references":[12646],"name":"F846_makeCylinder_cad_primitives_py_12","taperAngle":0,"limit2":"@expr.d851_height","id":4}]])
[2026-09-16 14:19:31.704][VERB] RETURN: {"result":"$12667"}
[2026-09-16 14:19:31.705][VERB] COMMANDCALL: _C.SafeAPI.Execute(["v1.part.boolean",[{"type":"SUBTRACTION","tools":[12667],"target":12591,"name":"F838_cut_housing_shell_py_48","id":4}]])
[2026-09-16 14:19:31.713][VERB] RETURN: {"result":"$12689"}
[2026-09-16 14:19:31.713][VERB] COMMANDCALL: _C.SafeAPI.Execute(["v1.part.workPlane",[{"type":"PLANE","references":[38],"name":"F852_makeCylinder_cad_primitives_py_12_plane","offset":"@expr.d853_plane_offset","id":4}]])
[2026-09-16 14:19:31.719][VERB] RETURN: {"result":"$12707"}
[2026-09-16 14:19:31.720][VERB] COMMANDCALL: _C.SafeAPI.Execute(["v1.sketch.create",[{"planeId":12707,"name":"F852_makeCylinder_cad_primitives_py_12_profile","id":4}]])
[2026-09-16 14:19:31.722][VERB] RETURN: {"result":"$12713"}
[2026-09-16 14:19:31.722][VERB] COMMANDCALL: _C.SafeAPI.Execute(["v1.sketch.circle",[{"radius":4.5,"id":12713,"genFixation":0,"centerPos":[86.8,38.9,0]}]])
[2026-09-16 14:19:31.724][VERB] RETURN: {"result":"$12719"}
[2026-09-16 14:19:31.724][VERB] COMMANDCALL: _C.SafeAPI.Execute(["v1.sketch.getPoints",[{"id":12719}]])
[2026-09-16 14:19:31.724][VERB] RETURN: {"result":{"centerId":"$12720"}}
[2026-09-16 14:19:31.724][VERB] COMMANDCALL: _C.SafeAPI.Execute(["v1.sketch.point",[{"pos":[-1000,-1000,0],"id":12713}]])
[2026-09-16 14:19:31.726][VERB] RETURN: {"result":"$12722"}
[2026-09-16 14:19:31.726][VERB] COMMANDCALL: _C.SafeAPI.Execute(["v1.sketch.constraint",[{"type":"FIXATION","id":12713,"geomIds":[12722]}]])
[2026-09-16 14:19:31.727][VERB] RETURN: {"result":"$12724"}
[2026-09-16 14:19:31.727][VERB] COMMANDCALL: _C.SafeAPI.Execute(["v1.sketch.dimension",[{"type":"HORIZONTAL_DISTANCE","value":"@expr.d854_position_x","name":"position_x","id":12713,"geomIds":[12722,12720]}]])
[2026-09-16 14:19:31.732][VERB] RETURN: {"result":"$12728"}
[2026-09-16 14:19:31.733][VERB] COMMANDCALL: _C.SafeAPI.Execute(["v1.sketch.dimension",[{"type":"VERTICAL_DISTANCE","value":"@expr.d855_position_y","name":"position_y","id":12713,"geomIds":[12722,12720]}]])
[2026-09-16 14:19:31.739][VERB] RETURN: {"result":"$12732"}
[2026-09-16 14:19:31.739][VERB] COMMANDCALL: _C.SafeAPI.Execute(["v1.sketch.dimension",[{"type":"RADIUS","value":"@expr.d856_radius","name":"radius","id":12713,"geomIds":[12719]}]])
[2026-09-16 14:19:31.747][VERB] RETURN: {"result":"$12736"}
[2026-09-16 14:19:31.748][VERB] COMMANDCALL: _C.SafeAPI.Execute(["v1.part.extrusion",[{"references":[12719],"name":"F852_makeCylinder_cad_primitives_py_12","taperAngle":0,"limit2":"@expr.d857_height","id":4}]])
[2026-09-16 14:19:31.760][VERB] RETURN: {"result":"$12740"}
[2026-09-16 14:19:31.761][VERB] COMMANDCALL: _C.SafeAPI.Execute(["v1.part.workPlane",[{"type":"PLANE","references":[38],"name":"F858_makeBox_cad_primitives_py_8_plane","offset":"@expr.d859_plane_offset","id":4}]])
[2026-09-16 14:19:31.767][VERB] RETURN: {"result":"$12762"}
[2026-09-16 14:19:31.768][VERB] COMMANDCALL: _C.SafeAPI.Execute(["v1.sketch.create",[{"planeId":12762,"name":"F858_makeBox_cad_primitives_py_8_profile","id":4}]])
[2026-09-16 14:19:31.770][VERB] RETURN: {"result":"$12768"}
[2026-09-16 14:19:31.770][VERB] COMMANDCALL: _C.SafeAPI.Execute(["v1.sketch.rectangle",[{"startPos":[86.8,30,0],"id":12768,"genFixation":0,"endPos":[92.5,43,0]}]])
[2026-09-16 14:19:31.779][VERB] RETURN: {"result":["$12774","$12778","$12784","$12790"]}
[2026-09-16 14:19:31.780][VERB] COMMANDCALL: _C.SafeAPI.Execute(["v1.sketch.getPoints",[{"id":12774}]])
[2026-09-16 14:19:31.780][VERB] RETURN: {"result":{"endId":"$12776","startId":"$12775"}}
[2026-09-16 14:19:31.780][VERB] COMMANDCALL: _C.SafeAPI.Execute(["v1.sketch.point",[{"pos":[-1000,-1000,0],"id":12768}]])
[2026-09-16 14:19:31.783][VERB] RETURN: {"result":"$12806"}
[2026-09-16 14:19:31.783][VERB] COMMANDCALL: _C.SafeAPI.Execute(["v1.sketch.constraint",[{"type":"FIXATION","id":12768,"geomIds":[12806]}]])
[2026-09-16 14:19:31.785][VERB] RETURN: {"result":"$12808"}
[2026-09-16 14:19:31.786][VERB] COMMANDCALL: _C.SafeAPI.Execute(["v1.sketch.dimension",[{"type":"HORIZONTAL_DISTANCE","value":"@expr.d860_position_x","name":"position_x","id":12768,"geomIds":[12806,12775]}]])
[2026-09-16 14:19:31.793][VERB] RETURN: {"result":"$12812"}
[2026-09-16 14:19:31.793][VERB] COMMANDCALL: _C.SafeAPI.Execute(["v1.sketch.dimension",[{"type":"VERTICAL_DISTANCE","value":"@expr.d861_position_y","name":"position_y","id":12768,"geomIds":[12806,12775]}]])
[2026-09-16 14:19:31.802][VERB] RETURN: {"result":"$12816"}
[2026-09-16 14:19:31.802][VERB] COMMANDCALL: _C.SafeAPI.Execute(["v1.sketch.dimension",[{"type":"OFFSET","value":"@expr.d862_width","name":"width","id":12768,"geomIds":[12774]}]])
[2026-09-16 14:19:31.811][VERB] RETURN: {"result":"$12820"}
[2026-09-16 14:19:31.812][VERB] COMMANDCALL: _C.SafeAPI.Execute(["v1.sketch.dimension",[{"type":"OFFSET","value":"@expr.d863_depth","name":"depth","id":12768,"geomIds":[12778]}]])
[2026-09-16 14:19:31.822][VERB] RETURN: {"result":"$12824"}
[2026-09-16 14:19:31.823][VERB] COMMANDCALL: _C.SafeAPI.Execute(["v1.part.extrusion",[{"references":[12774,12778,12784,12790],"name":"F858_makeBox_cad_primitives_py_8","taperAngle":0,"limit2":"@expr.d864_height","id":4}]])
[2026-09-16 14:19:31.831][VERB] RETURN: {"result":"$12828"}
[2026-09-16 14:19:31.832][VERB] COMMANDCALL: _C.SafeAPI.Execute(["v1.part.boolean",[{"type":"UNION","tools":[10586,10662,10717,10772,10827,10915,11024,11100,11155,11210,11265,11353,11462,11538,11593,11648,11703,11791,11900,12107,12191,12300,12507,12689,12740,12828],"target":10477,"name":"F667_union_cad_primitives_py_17","id":4}]])
[2026-09-16 14:19:31.881][VERB] RETURN: {"result":"$12871"}
[2026-09-16 14:19:32.567][DEBUG] Build graphic in: 605ms
[2026-09-16 14:19:32.630][VERB] COMMANDCALL: _C.SafeAPI.Execute(["v1.part.chamfer",[{"references":[13178,13389,13288,13452,12980,13453,13135,13149,13148,13060,13136,13025,13035,13169,13168,13439,13438,13432,13428,13476,13475,13510,13509,13377,13445,13349,13387,13505,13506,13507,13508],"name":"F666_chamfer_shell_skin_py_17","i ...
[2026-09-16 14:19:33.052][VERB] RETURN: {"result":"$13524"}
[2026-09-16 14:19:33.053][VERB] COMMANDCALL: _C.SafeAPI.Execute(["v1.part.boolean",[{"type":"INTERSECTION","tools":[13524],"target":10389,"name":"F659_common_housing_py_321","id":4}]])
[2026-09-16 14:19:33.079][VERB] RETURN: {"result":"$13910"}
[2026-09-16 14:19:33.080][VERB] COMMANDCALL: _C.SafeAPI.Execute(["v1.part.boolean",[{"type":"UNION","tools":[13910],"target":10334,"name":"F28_union_housing_py_321","id":4}]])
[2026-09-16 14:19:33.124][VERB] RETURN: {"result":"$13950"}
[2026-09-16 14:19:33.126][VERB] COMMANDCALL: _C.SafeAPI.Execute(["v1.part.workPlane",[{"type":"PLANE","references":[38],"name":"F866_makeCylinder_cad_primitives_py_12_plane","offset":"@expr.d867_plane_offset","id":4}]])
[2026-09-16 14:19:33.132][VERB] RETURN: {"result":"$14012"}
[2026-09-16 14:19:33.132][VERB] COMMANDCALL: _C.SafeAPI.Execute(["v1.sketch.create",[{"planeId":14012,"name":"F866_makeCylinder_cad_primitives_py_12_profile","id":4}]])
[2026-09-16 14:19:33.135][VERB] RETURN: {"result":"$14018"}
[2026-09-16 14:19:33.135][VERB] COMMANDCALL: _C.SafeAPI.Execute(["v1.sketch.circle",[{"radius":1.15,"id":14018,"genFixation":0,"centerPos":[86.8,38.9,0]}]])
[2026-09-16 14:19:33.137][VERB] RETURN: {"result":"$14024"}
[2026-09-16 14:19:33.137][VERB] COMMANDCALL: _C.SafeAPI.Execute(["v1.sketch.getPoints",[{"id":14024}]])
[2026-09-16 14:19:33.137][VERB] RETURN: {"result":{"centerId":"$14025"}}
[2026-09-16 14:19:33.138][VERB] COMMANDCALL: _C.SafeAPI.Execute(["v1.sketch.point",[{"pos":[-1000,-1000,0],"id":14018}]])
[2026-09-16 14:19:33.139][VERB] RETURN: {"result":"$14027"}
[2026-09-16 14:19:33.139][VERB] COMMANDCALL: _C.SafeAPI.Execute(["v1.sketch.constraint",[{"type":"FIXATION","id":14018,"geomIds":[14027]}]])
[2026-09-16 14:19:33.140][VERB] RETURN: {"result":"$14029"}
[2026-09-16 14:19:33.140][VERB] COMMANDCALL: _C.SafeAPI.Execute(["v1.sketch.dimension",[{"type":"HORIZONTAL_DISTANCE","value":"@expr.d868_position_x","name":"position_x","id":14018,"geomIds":[14027,14025]}]])
[2026-09-16 14:19:33.145][VERB] RETURN: {"result":"$14033"}
[2026-09-16 14:19:33.146][VERB] COMMANDCALL: _C.SafeAPI.Execute(["v1.sketch.dimension",[{"type":"VERTICAL_DISTANCE","value":"@expr.d869_position_y","name":"position_y","id":14018,"geomIds":[14027,14025]}]])
[2026-09-16 14:19:33.152][VERB] RETURN: {"result":"$14037"}
[2026-09-16 14:19:33.152][VERB] COMMANDCALL: _C.SafeAPI.Execute(["v1.sketch.dimension",[{"type":"RADIUS","value":"@expr.d870_radius","name":"radius","id":14018,"geomIds":[14024]}]])
[2026-09-16 14:19:33.159][VERB] RETURN: {"result":"$14041"}
[2026-09-16 14:19:33.160][VERB] COMMANDCALL: _C.SafeAPI.Execute(["v1.part.extrusion",[{"references":[14024],"name":"F866_makeCylinder_cad_primitives_py_12","taperAngle":0,"limit2":"@expr.d871_height","id":4}]])
[2026-09-16 14:19:33.170][VERB] RETURN: {"result":"$14045"}
[2026-09-16 14:19:33.171][VERB] COMMANDCALL: _C.SafeAPI.Execute(["v1.part.boolean",[{"type":"SUBTRACTION","tools":[14045],"target":13950,"name":"F27_cut_housing_py_322","id":4}]])
[2026-09-16 14:19:33.192][VERB] RETURN: {"result":"$14067"}
[2026-09-16 14:19:33.193][VERB] COMMANDCALL: _C.SafeAPI.Execute(["v1.part.workPlane",[{"type":"PLANE","references":[38],"name":"F872_makeBox_cad_primitives_py_8_plane","offset":"@expr.d873_plane_offset","id":4}]])
[2026-09-16 14:19:33.199][VERB] RETURN: {"result":"$14089"}
[2026-09-16 14:19:33.200][VERB] COMMANDCALL: _C.SafeAPI.Execute(["v1.sketch.create",[{"planeId":14089,"name":"F872_makeBox_cad_primitives_py_8_profile","id":4}]])
[2026-09-16 14:19:33.203][VERB] RETURN: {"result":"$14095"}
[2026-09-16 14:19:33.204][VERB] COMMANDCALL: _C.SafeAPI.Execute(["v1.sketch.rectangle",[{"startPos":[46,23.7,0],"id":14095,"genFixation":0,"endPos":[49,25.3,0]}]])
[2026-09-16 14:19:33.212][VERB] RETURN: {"result":["$14101","$14105","$14111","$14117"]}
[2026-09-16 14:19:33.212][VERB] COMMANDCALL: _C.SafeAPI.Execute(["v1.sketch.getPoints",[{"id":14101}]])
[2026-09-16 14:19:33.212][VERB] RETURN: {"result":{"endId":"$14103","startId":"$14102"}}
[2026-09-16 14:19:33.213][VERB] COMMANDCALL: _C.SafeAPI.Execute(["v1.sketch.point",[{"pos":[-1000,-1000,0],"id":14095}]])
[2026-09-16 14:19:33.215][VERB] RETURN: {"result":"$14133"}
[2026-09-16 14:19:33.215][VERB] COMMANDCALL: _C.SafeAPI.Execute(["v1.sketch.constraint",[{"type":"FIXATION","id":14095,"geomIds":[14133]}]])
[2026-09-16 14:19:33.217][VERB] RETURN: {"result":"$14135"}
[2026-09-16 14:19:33.218][VERB] COMMANDCALL: _C.SafeAPI.Execute(["v1.sketch.dimension",[{"type":"HORIZONTAL_DISTANCE","value":"@expr.d874_position_x","name":"position_x","id":14095,"geomIds":[14133,14102]}]])
[2026-09-16 14:19:33.224][VERB] RETURN: {"result":"$14139"}
[2026-09-16 14:19:33.224][VERB] COMMANDCALL: _C.SafeAPI.Execute(["v1.sketch.dimension",[{"type":"VERTICAL_DISTANCE","value":"@expr.d875_position_y","name":"position_y","id":14095,"geomIds":[14133,14102]}]])
[2026-09-16 14:19:33.231][VERB] RETURN: {"result":"$14143"}
[2026-09-16 14:19:33.232][VERB] COMMANDCALL: _C.SafeAPI.Execute(["v1.sketch.dimension",[{"type":"OFFSET","value":"@expr.d876_width","name":"width","id":14095,"geomIds":[14101]}]])
[2026-09-16 14:19:33.240][VERB] RETURN: {"result":"$14147"}
[2026-09-16 14:19:33.240][VERB] COMMANDCALL: _C.SafeAPI.Execute(["v1.sketch.dimension",[{"type":"OFFSET","value":"@expr.d877_depth","name":"depth","id":14095,"geomIds":[14105]}]])
[2026-09-16 14:19:33.250][VERB] RETURN: {"result":"$14151"}
[2026-09-16 14:19:33.250][VERB] COMMANDCALL: _C.SafeAPI.Execute(["v1.part.extrusion",[{"references":[14101,14105,14111,14117],"name":"F872_makeBox_cad_primitives_py_8","taperAngle":0,"limit2":"@expr.d878_height","id":4}]])
[2026-09-16 14:19:33.259][VERB] RETURN: {"result":"$14155"}
[2026-09-16 14:19:33.260][VERB] COMMANDCALL: _C.SafeAPI.Execute(["v1.part.workPlane",[{"type":"PLANE","references":[38],"name":"F879_makeBox_cad_primitives_py_8_plane","offset":"@expr.d880_plane_offset","id":4}]])
[2026-09-16 14:19:33.268][VERB] RETURN: {"result":"$14198"}
[2026-09-16 14:19:33.269][VERB] COMMANDCALL: _C.SafeAPI.Execute(["v1.sketch.create",[{"planeId":14198,"name":"F879_makeBox_cad_primitives_py_8_profile","id":4}]])
[2026-09-16 14:19:33.272][VERB] RETURN: {"result":"$14204"}
[2026-09-16 14:19:33.273][VERB] COMMANDCALL: _C.SafeAPI.Execute(["v1.sketch.rectangle",[{"startPos":[46,21.4,0],"id":14204,"genFixation":0,"endPos":[49,25.3,0]}]])
[2026-09-16 14:19:33.280][VERB] RETURN: {"result":["$14210","$14214","$14220","$14226"]}
[2026-09-16 14:19:33.281][VERB] COMMANDCALL: _C.SafeAPI.Execute(["v1.sketch.getPoints",[{"id":14210}]])
[2026-09-16 14:19:33.281][VERB] RETURN: {"result":{"endId":"$14212","startId":"$14211"}}
[2026-09-16 14:19:33.281][VERB] COMMANDCALL: _C.SafeAPI.Execute(["v1.sketch.point",[{"pos":[-1000,-1000,0],"id":14204}]])
[2026-09-16 14:19:33.284][VERB] RETURN: {"result":"$14242"}
[2026-09-16 14:19:33.284][VERB] COMMANDCALL: _C.SafeAPI.Execute(["v1.sketch.constraint",[{"type":"FIXATION","id":14204,"geomIds":[14242]}]])
[2026-09-16 14:19:33.286][VERB] RETURN: {"result":"$14244"}
[2026-09-16 14:19:33.287][VERB] COMMANDCALL: _C.SafeAPI.Execute(["v1.sketch.dimension",[{"type":"HORIZONTAL_DISTANCE","value":"@expr.d881_position_x","name":"position_x","id":14204,"geomIds":[14242,14211]}]])
[2026-09-16 14:19:33.295][VERB] RETURN: {"result":"$14248"}
[2026-09-16 14:19:33.295][VERB] COMMANDCALL: _C.SafeAPI.Execute(["v1.sketch.dimension",[{"type":"VERTICAL_DISTANCE","value":"@expr.d882_position_y","name":"position_y","id":14204,"geomIds":[14242,14211]}]])
[2026-09-16 14:19:33.303][VERB] RETURN: {"result":"$14252"}
[2026-09-16 14:19:33.304][VERB] COMMANDCALL: _C.SafeAPI.Execute(["v1.sketch.dimension",[{"type":"OFFSET","value":"@expr.d883_width","name":"width","id":14204,"geomIds":[14210]}]])
[2026-09-16 14:19:33.313][VERB] RETURN: {"result":"$14256"}
[2026-09-16 14:19:33.314][VERB] COMMANDCALL: _C.SafeAPI.Execute(["v1.sketch.dimension",[{"type":"OFFSET","value":"@expr.d884_depth","name":"depth","id":14204,"geomIds":[14214]}]])
[2026-09-16 14:19:33.324][VERB] RETURN: {"result":"$14260"}
[2026-09-16 14:19:33.325][VERB] COMMANDCALL: _C.SafeAPI.Execute(["v1.part.extrusion",[{"references":[14210,14214,14220,14226],"name":"F879_makeBox_cad_primitives_py_8","taperAngle":0,"limit2":"@expr.d885_height","id":4}]])
[2026-09-16 14:19:33.337][VERB] RETURN: {"result":"$14264"}
[2026-09-16 14:19:33.338][VERB] COMMANDCALL: _C.SafeAPI.Execute(["v1.part.workPlane",[{"type":"PLANE","references":[38],"name":"F886_makeBox_cad_primitives_py_8_plane","offset":"@expr.d887_plane_offset","id":4}]])
[2026-09-16 14:19:33.345][VERB] RETURN: {"result":"$14307"}
[2026-09-16 14:19:33.346][VERB] COMMANDCALL: _C.SafeAPI.Execute(["v1.sketch.create",[{"planeId":14307,"name":"F886_makeBox_cad_primitives_py_8_profile","id":4}]])
[2026-09-16 14:19:33.348][VERB] RETURN: {"result":"$14313"}
[2026-09-16 14:19:33.349][VERB] COMMANDCALL: _C.SafeAPI.Execute(["v1.sketch.rectangle",[{"startPos":[47,39,0],"id":14313,"genFixation":0,"endPos":[49,42,0]}]])
[2026-09-16 14:19:33.357][VERB] RETURN: {"result":["$14319","$14323","$14329","$14335"]}
[2026-09-16 14:19:33.358][VERB] COMMANDCALL: _C.SafeAPI.Execute(["v1.sketch.getPoints",[{"id":14319}]])
[2026-09-16 14:19:33.358][VERB] RETURN: {"result":{"endId":"$14321","startId":"$14320"}}
[2026-09-16 14:19:33.358][VERB] COMMANDCALL: _C.SafeAPI.Execute(["v1.sketch.point",[{"pos":[-1000,-1000,0],"id":14313}]])
[2026-09-16 14:19:33.361][VERB] RETURN: {"result":"$14351"}
[2026-09-16 14:19:33.361][VERB] COMMANDCALL: _C.SafeAPI.Execute(["v1.sketch.constraint",[{"type":"FIXATION","id":14313,"geomIds":[14351]}]])
[2026-09-16 14:19:33.363][VERB] RETURN: {"result":"$14353"}
[2026-09-16 14:19:33.363][VERB] COMMANDCALL: _C.SafeAPI.Execute(["v1.sketch.dimension",[{"type":"HORIZONTAL_DISTANCE","value":"@expr.d888_position_x","name":"position_x","id":14313,"geomIds":[14351,14320]}]])
[2026-09-16 14:19:33.371][VERB] RETURN: {"result":"$14357"}
[2026-09-16 14:19:33.371][VERB] COMMANDCALL: _C.SafeAPI.Execute(["v1.sketch.dimension",[{"type":"VERTICAL_DISTANCE","value":"@expr.d889_position_y","name":"position_y","id":14313,"geomIds":[14351,14320]}]])
[2026-09-16 14:19:33.380][VERB] RETURN: {"result":"$14361"}
[2026-09-16 14:19:33.380][VERB] COMMANDCALL: _C.SafeAPI.Execute(["v1.sketch.dimension",[{"type":"OFFSET","value":"@expr.d890_width","name":"width","id":14313,"geomIds":[14319]}]])
[2026-09-16 14:19:33.390][VERB] RETURN: {"result":"$14365"}
[2026-09-16 14:19:33.391][VERB] COMMANDCALL: _C.SafeAPI.Execute(["v1.sketch.dimension",[{"type":"OFFSET","value":"@expr.d891_depth","name":"depth","id":14313,"geomIds":[14323]}]])
[2026-09-16 14:19:33.401][VERB] RETURN: {"result":"$14369"}
[2026-09-16 14:19:33.402][VERB] COMMANDCALL: _C.SafeAPI.Execute(["v1.part.extrusion",[{"references":[14319,14323,14329,14335],"name":"F886_makeBox_cad_primitives_py_8","taperAngle":0,"limit2":"@expr.d892_height","id":4}]])
[2026-09-16 14:19:33.412][VERB] RETURN: {"result":"$14373"}
[2026-09-16 14:19:33.413][VERB] COMMANDCALL: _C.SafeAPI.Execute(["v1.part.workPlane",[{"type":"PLANE","references":[38],"name":"F893_makeBox_cad_primitives_py_8_plane","offset":"@expr.d894_plane_offset","id":4}]])
[2026-09-16 14:19:33.422][VERB] RETURN: {"result":"$14416"}
[2026-09-16 14:19:33.422][VERB] COMMANDCALL: _C.SafeAPI.Execute(["v1.sketch.create",[{"planeId":14416,"name":"F893_makeBox_cad_primitives_py_8_profile","id":4}]])
[2026-09-16 14:19:33.425][VERB] RETURN: {"result":"$14422"}
[2026-09-16 14:19:33.426][VERB] COMMANDCALL: _C.SafeAPI.Execute(["v1.sketch.rectangle",[{"startPos":[1.5,38,0],"id":14422,"genFixation":0,"endPos":[2.8,44,0]}]])
[2026-09-16 14:19:33.434][VERB] RETURN: {"result":["$14428","$14432","$14438","$14444"]}
[2026-09-16 14:19:33.434][VERB] COMMANDCALL: _C.SafeAPI.Execute(["v1.sketch.getPoints",[{"id":14428}]])
[2026-09-16 14:19:33.434][VERB] RETURN: {"result":{"endId":"$14430","startId":"$14429"}}
[2026-09-16 14:19:33.434][VERB] COMMANDCALL: _C.SafeAPI.Execute(["v1.sketch.point",[{"pos":[-1000,-1000,0],"id":14422}]])
[2026-09-16 14:19:33.437][VERB] RETURN: {"result":"$14460"}
[2026-09-16 14:19:33.438][VERB] COMMANDCALL: _C.SafeAPI.Execute(["v1.sketch.constraint",[{"type":"FIXATION","id":14422,"geomIds":[14460]}]])
[2026-09-16 14:19:33.439][VERB] RETURN: {"result":"$14462"}
[2026-09-16 14:19:33.440][VERB] COMMANDCALL: _C.SafeAPI.Execute(["v1.sketch.dimension",[{"type":"HORIZONTAL_DISTANCE","value":"@expr.d895_position_x","name":"position_x","id":14422,"geomIds":[14460,14429]}]])
[2026-09-16 14:19:33.447][VERB] RETURN: {"result":"$14466"}
[2026-09-16 14:19:33.447][VERB] COMMANDCALL: _C.SafeAPI.Execute(["v1.sketch.dimension",[{"type":"VERTICAL_DISTANCE","value":"@expr.d896_position_y","name":"position_y","id":14422,"geomIds":[14460,14429]}]])
[2026-09-16 14:19:33.455][VERB] RETURN: {"result":"$14470"}
[2026-09-16 14:19:33.456][VERB] COMMANDCALL: _C.SafeAPI.Execute(["v1.sketch.dimension",[{"type":"OFFSET","value":"@expr.d897_width","name":"width","id":14422,"geomIds":[14428]}]])
[2026-09-16 14:19:33.465][VERB] RETURN: {"result":"$14474"}
[2026-09-16 14:19:33.465][VERB] COMMANDCALL: _C.SafeAPI.Execute(["v1.sketch.dimension",[{"type":"OFFSET","value":"@expr.d898_depth","name":"depth","id":14422,"geomIds":[14432]}]])
[2026-09-16 14:19:33.476][VERB] RETURN: {"result":"$14478"}
[2026-09-16 14:19:33.476][VERB] COMMANDCALL: _C.SafeAPI.Execute(["v1.part.extrusion",[{"references":[14428,14432,14438,14444],"name":"F893_makeBox_cad_primitives_py_8","taperAngle":0,"limit2":"@expr.d899_height","id":4}]])
[2026-09-16 14:19:33.486][VERB] RETURN: {"result":"$14482"}
[2026-09-16 14:19:33.487][VERB] COMMANDCALL: _C.SafeAPI.Execute(["v1.part.workPlane",[{"type":"PLANE","references":[38],"name":"F900_makeBox_cad_primitives_py_8_plane","offset":"@expr.d901_plane_offset","id":4}]])
[2026-09-16 14:19:33.495][VERB] RETURN: {"result":"$14525"}
[2026-09-16 14:19:33.495][VERB] COMMANDCALL: _C.SafeAPI.Execute(["v1.sketch.create",[{"planeId":14525,"name":"F900_makeBox_cad_primitives_py_8_profile","id":4}]])
[2026-09-16 14:19:33.498][VERB] RETURN: {"result":"$14531"}
[2026-09-16 14:19:33.498][VERB] COMMANDCALL: _C.SafeAPI.Execute(["v1.sketch.rectangle",[{"startPos":[19.9,38,0],"id":14531,"genFixation":0,"endPos":[21.2,44,0]}]])
[2026-09-16 14:19:33.506][VERB] RETURN: {"result":["$14537","$14541","$14547","$14553"]}
[2026-09-16 14:19:33.507][VERB] COMMANDCALL: _C.SafeAPI.Execute(["v1.sketch.getPoints",[{"id":14537}]])
[2026-09-16 14:19:33.507][VERB] RETURN: {"result":{"endId":"$14539","startId":"$14538"}}
[2026-09-16 14:19:33.508][VERB] COMMANDCALL: _C.SafeAPI.Execute(["v1.sketch.point",[{"pos":[-1000,-1000,0],"id":14531}]])
[2026-09-16 14:19:33.510][VERB] RETURN: {"result":"$14569"}
[2026-09-16 14:19:33.511][VERB] COMMANDCALL: _C.SafeAPI.Execute(["v1.sketch.constraint",[{"type":"FIXATION","id":14531,"geomIds":[14569]}]])
[2026-09-16 14:19:33.512][VERB] RETURN: {"result":"$14571"}
[2026-09-16 14:19:33.513][VERB] COMMANDCALL: _C.SafeAPI.Execute(["v1.sketch.dimension",[{"type":"HORIZONTAL_DISTANCE","value":"@expr.d902_position_x","name":"position_x","id":14531,"geomIds":[14569,14538]}]])
[2026-09-16 14:19:33.519][VERB] RETURN: {"result":"$14575"}
[2026-09-16 14:19:33.520][VERB] COMMANDCALL: _C.SafeAPI.Execute(["v1.sketch.dimension",[{"type":"VERTICAL_DISTANCE","value":"@expr.d903_position_y","name":"position_y","id":14531,"geomIds":[14569,14538]}]])
[2026-09-16 14:19:33.528][VERB] RETURN: {"result":"$14579"}
[2026-09-16 14:19:33.529][VERB] COMMANDCALL: _C.SafeAPI.Execute(["v1.sketch.dimension",[{"type":"OFFSET","value":"@expr.d904_width","name":"width","id":14531,"geomIds":[14537]}]])
[2026-09-16 14:19:33.538][VERB] RETURN: {"result":"$14583"}
[2026-09-16 14:19:33.539][VERB] COMMANDCALL: _C.SafeAPI.Execute(["v1.sketch.dimension",[{"type":"OFFSET","value":"@expr.d905_depth","name":"depth","id":14531,"geomIds":[14541]}]])
[2026-09-16 14:19:33.548][VERB] RETURN: {"result":"$14587"}
[2026-09-16 14:19:33.549][VERB] COMMANDCALL: _C.SafeAPI.Execute(["v1.part.extrusion",[{"references":[14537,14541,14547,14553],"name":"F900_makeBox_cad_primitives_py_8","taperAngle":0,"limit2":"@expr.d906_height","id":4}]])
[2026-09-16 14:19:33.560][VERB] RETURN: {"result":"$14591"}
[2026-09-16 14:19:33.561][VERB] COMMANDCALL: _C.SafeAPI.Execute(["v1.part.workPlane",[{"type":"PLANE","references":[38],"name":"F907_makeBox_cad_primitives_py_8_plane","offset":"@expr.d908_plane_offset","id":4}]])
[2026-09-16 14:19:33.569][VERB] RETURN: {"result":"$14634"}
[2026-09-16 14:19:33.570][VERB] COMMANDCALL: _C.SafeAPI.Execute(["v1.sketch.create",[{"planeId":14634,"name":"F907_makeBox_cad_primitives_py_8_profile","id":4}]])
[2026-09-16 14:19:33.573][VERB] RETURN: {"result":"$14640"}
[2026-09-16 14:19:33.574][VERB] COMMANDCALL: _C.SafeAPI.Execute(["v1.sketch.rectangle",[{"startPos":[10,21.5,0],"id":14640,"genFixation":0,"endPos":[16,24.6,0]}]])
[2026-09-16 14:19:33.581][VERB] RETURN: {"result":["$14646","$14650","$14656","$14662"]}
[2026-09-16 14:19:33.581][VERB] COMMANDCALL: _C.SafeAPI.Execute(["v1.sketch.getPoints",[{"id":14646}]])
[2026-09-16 14:19:33.581][VERB] RETURN: {"result":{"endId":"$14648","startId":"$14647"}}
[2026-09-16 14:19:33.582][VERB] COMMANDCALL: _C.SafeAPI.Execute(["v1.sketch.point",[{"pos":[-1000,-1000,0],"id":14640}]])
[2026-09-16 14:19:33.584][VERB] RETURN: {"result":"$14678"}
[2026-09-16 14:19:33.584][VERB] COMMANDCALL: _C.SafeAPI.Execute(["v1.sketch.constraint",[{"type":"FIXATION","id":14640,"geomIds":[14678]}]])
[2026-09-16 14:19:33.586][VERB] RETURN: {"result":"$14680"}
[2026-09-16 14:19:33.587][VERB] COMMANDCALL: _C.SafeAPI.Execute(["v1.sketch.dimension",[{"type":"HORIZONTAL_DISTANCE","value":"@expr.d909_position_x","name":"position_x","id":14640,"geomIds":[14678,14647]}]])
[2026-09-16 14:19:33.594][VERB] RETURN: {"result":"$14684"}
[2026-09-16 14:19:33.595][VERB] COMMANDCALL: _C.SafeAPI.Execute(["v1.sketch.dimension",[{"type":"VERTICAL_DISTANCE","value":"@expr.d910_position_y","name":"position_y","id":14640,"geomIds":[14678,14647]}]])
[2026-09-16 14:19:33.602][VERB] RETURN: {"result":"$14688"}
[2026-09-16 14:19:33.603][VERB] COMMANDCALL: _C.SafeAPI.Execute(["v1.sketch.dimension",[{"type":"OFFSET","value":"@expr.d911_width","name":"width","id":14640,"geomIds":[14646]}]])
[2026-09-16 14:19:33.612][VERB] RETURN: {"result":"$14692"}
[2026-09-16 14:19:33.612][VERB] COMMANDCALL: _C.SafeAPI.Execute(["v1.sketch.dimension",[{"type":"OFFSET","value":"@expr.d912_depth","name":"depth","id":14640,"geomIds":[14650]}]])
[2026-09-16 14:19:33.621][VERB] RETURN: {"result":"$14696"}
[2026-09-16 14:19:33.622][VERB] COMMANDCALL: _C.SafeAPI.Execute(["v1.part.extrusion",[{"references":[14646,14650,14656,14662],"name":"F907_makeBox_cad_primitives_py_8","taperAngle":0,"limit2":"@expr.d913_height","id":4}]])
[2026-09-16 14:19:33.631][VERB] RETURN: {"result":"$14700"}
[2026-09-16 14:19:33.631][VERB] COMMANDCALL: _C.SafeAPI.Execute(["v1.part.workPlane",[{"type":"PLANE","references":[38],"name":"F914_makeBox_cad_primitives_py_8_plane","offset":"@expr.d915_plane_offset","id":4}]])
[2026-09-16 14:19:33.638][VERB] RETURN: {"result":"$14743"}
[2026-09-16 14:19:33.638][VERB] COMMANDCALL: _C.SafeAPI.Execute(["v1.sketch.create",[{"planeId":14743,"name":"F914_makeBox_cad_primitives_py_8_profile","id":4}]])
[2026-09-16 14:19:33.642][VERB] RETURN: {"result":"$14749"}
[2026-09-16 14:19:33.642][VERB] COMMANDCALL: _C.SafeAPI.Execute(["v1.sketch.rectangle",[{"startPos":[6,3,0],"id":14749,"genFixation":0,"endPos":[20,5,0]}]])
[2026-09-16 14:19:33.649][VERB] RETURN: {"result":["$14755","$14759","$14765","$14771"]}
[2026-09-16 14:19:33.650][VERB] COMMANDCALL: _C.SafeAPI.Execute(["v1.sketch.getPoints",[{"id":14755}]])
[2026-09-16 14:19:33.650][VERB] RETURN: {"result":{"endId":"$14757","startId":"$14756"}}
[2026-09-16 14:19:33.650][VERB] COMMANDCALL: _C.SafeAPI.Execute(["v1.sketch.point",[{"pos":[-1000,-1000,0],"id":14749}]])
[2026-09-16 14:19:33.652][VERB] RETURN: {"result":"$14787"}
[2026-09-16 14:19:33.653][VERB] COMMANDCALL: _C.SafeAPI.Execute(["v1.sketch.constraint",[{"type":"FIXATION","id":14749,"geomIds":[14787]}]])
[2026-09-16 14:19:33.655][VERB] RETURN: {"result":"$14789"}
[2026-09-16 14:19:33.655][VERB] COMMANDCALL: _C.SafeAPI.Execute(["v1.sketch.dimension",[{"type":"HORIZONTAL_DISTANCE","value":"@expr.d916_position_x","name":"position_x","id":14749,"geomIds":[14787,14756]}]])
[2026-09-16 14:19:33.662][VERB] RETURN: {"result":"$14793"}
[2026-09-16 14:19:33.662][VERB] COMMANDCALL: _C.SafeAPI.Execute(["v1.sketch.dimension",[{"type":"VERTICAL_DISTANCE","value":"@expr.d917_position_y","name":"position_y","id":14749,"geomIds":[14787,14756]}]])
[2026-09-16 14:19:33.672][VERB] RETURN: {"result":"$14797"}
[2026-09-16 14:19:33.672][VERB] COMMANDCALL: _C.SafeAPI.Execute(["v1.sketch.dimension",[{"type":"OFFSET","value":"@expr.d918_width","name":"width","id":14749,"geomIds":[14755]}]])
[2026-09-16 14:19:33.682][VERB] RETURN: {"result":"$14801"}
[2026-09-16 14:19:33.682][VERB] COMMANDCALL: _C.SafeAPI.Execute(["v1.sketch.dimension",[{"type":"OFFSET","value":"@expr.d919_depth","name":"depth","id":14749,"geomIds":[14759]}]])
[2026-09-16 14:19:33.693][VERB] RETURN: {"result":"$14805"}
[2026-09-16 14:19:33.694][VERB] COMMANDCALL: _C.SafeAPI.Execute(["v1.part.extrusion",[{"references":[14755,14759,14765,14771],"name":"F914_makeBox_cad_primitives_py_8","taperAngle":0,"limit2":"@expr.d920_height","id":4}]])
[2026-09-16 14:19:33.704][VERB] RETURN: {"result":"$14809"}
[2026-09-16 14:19:33.705][VERB] COMMANDCALL: _C.SafeAPI.Execute(["v1.part.workPlane",[{"type":"PLANE","references":[38],"name":"F921_makeBox_cad_primitives_py_8_plane","offset":"@expr.d922_plane_offset","id":4}]])
[2026-09-16 14:19:33.713][VERB] RETURN: {"result":"$14852"}
[2026-09-16 14:19:33.713][VERB] COMMANDCALL: _C.SafeAPI.Execute(["v1.sketch.create",[{"planeId":14852,"name":"F921_makeBox_cad_primitives_py_8_profile","id":4}]])
[2026-09-16 14:19:33.715][VERB] RETURN: {"result":"$14858"}
[2026-09-16 14:19:33.716][VERB] COMMANDCALL: _C.SafeAPI.Execute(["v1.sketch.rectangle",[{"startPos":[6,20,0],"id":14858,"genFixation":0,"endPos":[20,22,0]}]])
[2026-09-16 14:19:33.723][VERB] RETURN: {"result":["$14864","$14868","$14874","$14880"]}
[2026-09-16 14:19:33.724][VERB] COMMANDCALL: _C.SafeAPI.Execute(["v1.sketch.getPoints",[{"id":14864}]])
[2026-09-16 14:19:33.724][VERB] RETURN: {"result":{"endId":"$14866","startId":"$14865"}}
[2026-09-16 14:19:33.724][VERB] COMMANDCALL: _C.SafeAPI.Execute(["v1.sketch.point",[{"pos":[-1000,-1000,0],"id":14858}]])
[2026-09-16 14:19:33.727][VERB] RETURN: {"result":"$14896"}
[2026-09-16 14:19:33.727][VERB] COMMANDCALL: _C.SafeAPI.Execute(["v1.sketch.constraint",[{"type":"FIXATION","id":14858,"geomIds":[14896]}]])
[2026-09-16 14:19:33.729][VERB] RETURN: {"result":"$14898"}
[2026-09-16 14:19:33.730][VERB] COMMANDCALL: _C.SafeAPI.Execute(["v1.sketch.dimension",[{"type":"HORIZONTAL_DISTANCE","value":"@expr.d923_position_x","name":"position_x","id":14858,"geomIds":[14896,14865]}]])
[2026-09-16 14:19:33.738][VERB] RETURN: {"result":"$14902"}
[2026-09-16 14:19:33.738][VERB] COMMANDCALL: _C.SafeAPI.Execute(["v1.sketch.dimension",[{"type":"VERTICAL_DISTANCE","value":"@expr.d924_position_y","name":"position_y","id":14858,"geomIds":[14896,14865]}]])
[2026-09-16 14:19:33.746][VERB] RETURN: {"result":"$14906"}
[2026-09-16 14:19:33.746][VERB] COMMANDCALL: _C.SafeAPI.Execute(["v1.sketch.dimension",[{"type":"OFFSET","value":"@expr.d925_width","name":"width","id":14858,"geomIds":[14864]}]])
[2026-09-16 14:19:33.755][VERB] RETURN: {"result":"$14910"}
[2026-09-16 14:19:33.756][VERB] COMMANDCALL: _C.SafeAPI.Execute(["v1.sketch.dimension",[{"type":"OFFSET","value":"@expr.d926_depth","name":"depth","id":14858,"geomIds":[14868]}]])
[2026-09-16 14:19:33.766][VERB] RETURN: {"result":"$14914"}
[2026-09-16 14:19:33.767][VERB] COMMANDCALL: _C.SafeAPI.Execute(["v1.part.extrusion",[{"references":[14864,14868,14874,14880],"name":"F921_makeBox_cad_primitives_py_8","taperAngle":0,"limit2":"@expr.d927_height","id":4}]])
[2026-09-16 14:19:33.778][VERB] RETURN: {"result":"$14918"}
[2026-09-16 14:19:33.779][VERB] COMMANDCALL: _C.SafeAPI.Execute(["v1.part.workPlane",[{"type":"PLANE","references":[38],"name":"F928_makeBox_cad_primitives_py_8_plane","offset":"@expr.d929_plane_offset","id":4}]])
[2026-09-16 14:19:33.785][VERB] RETURN: {"result":"$14961"}
[2026-09-16 14:19:33.786][VERB] COMMANDCALL: _C.SafeAPI.Execute(["v1.sketch.create",[{"planeId":14961,"name":"F928_makeBox_cad_primitives_py_8_profile","id":4}]])
[2026-09-16 14:19:33.788][VERB] RETURN: {"result":"$14967"}
[2026-09-16 14:19:33.788][VERB] COMMANDCALL: _C.SafeAPI.Execute(["v1.sketch.rectangle",[{"startPos":[59,2,0],"id":14967,"genFixation":0,"endPos":[80,3.6,0]}]])
[2026-09-16 14:19:33.797][VERB] RETURN: {"result":["$14973","$14977","$14983","$14989"]}
[2026-09-16 14:19:33.798][VERB] COMMANDCALL: _C.SafeAPI.Execute(["v1.sketch.getPoints",[{"id":14973}]])
[2026-09-16 14:19:33.798][VERB] RETURN: {"result":{"endId":"$14975","startId":"$14974"}}
[2026-09-16 14:19:33.798][VERB] COMMANDCALL: _C.SafeAPI.Execute(["v1.sketch.point",[{"pos":[-1000,-1000,0],"id":14967}]])
[2026-09-16 14:19:33.802][VERB] RETURN: {"result":"$15005"}
[2026-09-16 14:19:33.803][VERB] COMMANDCALL: _C.SafeAPI.Execute(["v1.sketch.constraint",[{"type":"FIXATION","id":14967,"geomIds":[15005]}]])
[2026-09-16 14:19:33.805][VERB] RETURN: {"result":"$15007"}
[2026-09-16 14:19:33.805][VERB] COMMANDCALL: _C.SafeAPI.Execute(["v1.sketch.dimension",[{"type":"HORIZONTAL_DISTANCE","value":"@expr.d930_position_x","name":"position_x","id":14967,"geomIds":[15005,14974]}]])
[2026-09-16 14:19:33.812][VERB] RETURN: {"result":"$15011"}
[2026-09-16 14:19:33.813][VERB] COMMANDCALL: _C.SafeAPI.Execute(["v1.sketch.dimension",[{"type":"VERTICAL_DISTANCE","value":"@expr.d931_position_y","name":"position_y","id":14967,"geomIds":[15005,14974]}]])
[2026-09-16 14:19:33.821][VERB] RETURN: {"result":"$15015"}
[2026-09-16 14:19:33.822][VERB] COMMANDCALL: _C.SafeAPI.Execute(["v1.sketch.dimension",[{"type":"OFFSET","value":"@expr.d932_width","name":"width","id":14967,"geomIds":[14973]}]])
[2026-09-16 14:19:33.831][VERB] RETURN: {"result":"$15019"}
[2026-09-16 14:19:33.831][VERB] COMMANDCALL: _C.SafeAPI.Execute(["v1.sketch.dimension",[{"type":"OFFSET","value":"@expr.d933_depth","name":"depth","id":14967,"geomIds":[14977]}]])
[2026-09-16 14:19:33.842][VERB] RETURN: {"result":"$15023"}
[2026-09-16 14:19:33.843][VERB] COMMANDCALL: _C.SafeAPI.Execute(["v1.part.extrusion",[{"references":[14973,14977,14983,14989],"name":"F928_makeBox_cad_primitives_py_8","taperAngle":0,"limit2":"@expr.d934_height","id":4}]])
[2026-09-16 14:19:33.854][VERB] RETURN: {"result":"$15027"}
[2026-09-16 14:19:33.855][VERB] COMMANDCALL: _C.SafeAPI.Execute(["v1.part.workPlane",[{"type":"PLANE","references":[38],"name":"F935_makeBox_cad_primitives_py_8_plane","offset":"@expr.d936_plane_offset","id":4}]])
[2026-09-16 14:19:33.862][VERB] RETURN: {"result":"$15070"}
[2026-09-16 14:19:33.863][VERB] COMMANDCALL: _C.SafeAPI.Execute(["v1.sketch.create",[{"planeId":15070,"name":"F935_makeBox_cad_primitives_py_8_profile","id":4}]])
[2026-09-16 14:19:33.865][VERB] RETURN: {"result":"$15076"}
[2026-09-16 14:19:33.865][VERB] COMMANDCALL: _C.SafeAPI.Execute(["v1.sketch.rectangle",[{"startPos":[59,28.9,0],"id":15076,"genFixation":0,"endPos":[80,30.5,0]}]])
[2026-09-16 14:19:33.872][VERB] RETURN: {"result":["$15082","$15086","$15092","$15098"]}
[2026-09-16 14:19:33.873][VERB] COMMANDCALL: _C.SafeAPI.Execute(["v1.sketch.getPoints",[{"id":15082}]])
[2026-09-16 14:19:33.873][VERB] RETURN: {"result":{"endId":"$15084","startId":"$15083"}}
[2026-09-16 14:19:33.873][VERB] COMMANDCALL: _C.SafeAPI.Execute(["v1.sketch.point",[{"pos":[-1000,-1000,0],"id":15076}]])
[2026-09-16 14:19:33.875][VERB] RETURN: {"result":"$15114"}
[2026-09-16 14:19:33.875][VERB] COMMANDCALL: _C.SafeAPI.Execute(["v1.sketch.constraint",[{"type":"FIXATION","id":15076,"geomIds":[15114]}]])
[2026-09-16 14:19:33.877][VERB] RETURN: {"result":"$15116"}
[2026-09-16 14:19:33.877][VERB] COMMANDCALL: _C.SafeAPI.Execute(["v1.sketch.dimension",[{"type":"HORIZONTAL_DISTANCE","value":"@expr.d937_position_x","name":"position_x","id":15076,"geomIds":[15114,15083]}]])
[2026-09-16 14:19:33.884][VERB] RETURN: {"result":"$15120"}
[2026-09-16 14:19:33.884][VERB] COMMANDCALL: _C.SafeAPI.Execute(["v1.sketch.dimension",[{"type":"VERTICAL_DISTANCE","value":"@expr.d938_position_y","name":"position_y","id":15076,"geomIds":[15114,15083]}]])
[2026-09-16 14:19:33.891][VERB] RETURN: {"result":"$15124"}
[2026-09-16 14:19:33.891][VERB] COMMANDCALL: _C.SafeAPI.Execute(["v1.sketch.dimension",[{"type":"OFFSET","value":"@expr.d939_width","name":"width","id":15076,"geomIds":[15082]}]])
[2026-09-16 14:19:33.899][VERB] RETURN: {"result":"$15128"}
[2026-09-16 14:19:33.899][VERB] COMMANDCALL: _C.SafeAPI.Execute(["v1.sketch.dimension",[{"type":"OFFSET","value":"@expr.d940_depth","name":"depth","id":15076,"geomIds":[15086]}]])
[2026-09-16 14:19:33.908][VERB] RETURN: {"result":"$15132"}
[2026-09-16 14:19:33.909][VERB] COMMANDCALL: _C.SafeAPI.Execute(["v1.part.extrusion",[{"references":[15082,15086,15092,15098],"name":"F935_makeBox_cad_primitives_py_8","taperAngle":0,"limit2":"@expr.d941_height","id":4}]])
[2026-09-16 14:19:33.916][VERB] RETURN: {"result":"$15136"}
[2026-09-16 14:19:33.917][VERB] COMMANDCALL: _C.SafeAPI.Execute(["v1.part.boolean",[{"type":"UNION","tools":[14155,14264,14373,14482,14591,14700,14809,14918,15027,15136],"target":14067,"name":"F26_union_housing_py_364","id":4}]])
[2026-09-16 14:19:33.970][VERB] RETURN: {"result":"$15179"}
[2026-09-16 14:19:33.971][VERB] COMMANDCALL: _C.SafeAPI.Execute(["v1.part.workPlane",[{"type":"PLANE","references":[38],"name":"F942_makeCylinder_cad_primitives_py_12_plane","offset":"@expr.d943_plane_offset","id":4}]])
[2026-09-16 14:19:33.977][VERB] RETURN: {"result":"$15581"}
[2026-09-16 14:19:33.978][VERB] COMMANDCALL: _C.SafeAPI.Execute(["v1.sketch.create",[{"planeId":15581,"name":"F942_makeCylinder_cad_primitives_py_12_profile","id":4}]])
[2026-09-16 14:19:33.980][VERB] RETURN: {"result":"$15587"}
[2026-09-16 14:19:33.980][VERB] COMMANDCALL: _C.SafeAPI.Execute(["v1.sketch.circle",[{"radius":2,"id":15587,"genFixation":0,"centerPos":[29.62,29.03,0]}]])
[2026-09-16 14:19:33.981][VERB] RETURN: {"result":"$15593"}
[2026-09-16 14:19:33.982][VERB] COMMANDCALL: _C.SafeAPI.Execute(["v1.sketch.getPoints",[{"id":15593}]])
[2026-09-16 14:19:33.982][VERB] RETURN: {"result":{"centerId":"$15594"}}
[2026-09-16 14:19:33.982][VERB] COMMANDCALL: _C.SafeAPI.Execute(["v1.sketch.point",[{"pos":[-1000,-1000,0],"id":15587}]])
[2026-09-16 14:19:33.984][VERB] RETURN: {"result":"$15596"}
[2026-09-16 14:19:33.984][VERB] COMMANDCALL: _C.SafeAPI.Execute(["v1.sketch.constraint",[{"type":"FIXATION","id":15587,"geomIds":[15596]}]])
[2026-09-16 14:19:33.985][VERB] RETURN: {"result":"$15598"}
[2026-09-16 14:19:33.985][VERB] COMMANDCALL: _C.SafeAPI.Execute(["v1.sketch.dimension",[{"type":"HORIZONTAL_DISTANCE","value":"@expr.d944_position_x","name":"position_x","id":15587,"geomIds":[15596,15594]}]])
[2026-09-16 14:19:33.990][VERB] RETURN: {"result":"$15602"}
[2026-09-16 14:19:33.990][VERB] COMMANDCALL: _C.SafeAPI.Execute(["v1.sketch.dimension",[{"type":"VERTICAL_DISTANCE","value":"@expr.d945_position_y","name":"position_y","id":15587,"geomIds":[15596,15594]}]])
[2026-09-16 14:19:33.996][VERB] RETURN: {"result":"$15606"}
[2026-09-16 14:19:33.997][VERB] COMMANDCALL: _C.SafeAPI.Execute(["v1.sketch.dimension",[{"type":"RADIUS","value":"@expr.d946_radius","name":"radius","id":15587,"geomIds":[15593]}]])
[2026-09-16 14:19:34.003][VERB] RETURN: {"result":"$15610"}
[2026-09-16 14:19:34.003][VERB] COMMANDCALL: _C.SafeAPI.Execute(["v1.part.extrusion",[{"references":[15593],"name":"F942_makeCylinder_cad_primitives_py_12","taperAngle":0,"limit2":"@expr.d947_height","id":4}]])
[2026-09-16 14:19:34.012][VERB] RETURN: {"result":"$15614"}
[2026-09-16 14:19:34.012][VERB] COMMANDCALL: _C.SafeAPI.Execute(["v1.part.boolean",[{"type":"SUBTRACTION","tools":[15614],"target":15179,"name":"F25_cut_housing_py_374","id":4}]])
[2026-09-16 14:19:34.030][VERB] RETURN: {"result":"$15636"}
[2026-09-16 14:19:34.030][VERB] COMMANDCALL: _C.SafeAPI.Execute(["v1.part.workPlane",[{"type":"PLANE","references":[38],"name":"F948_makeCylinder_cad_primitives_py_12_plane","offset":"@expr.d949_plane_offset","id":4}]])
[2026-09-16 14:19:34.037][VERB] RETURN: {"result":"$15658"}
[2026-09-16 14:19:34.037][VERB] COMMANDCALL: _C.SafeAPI.Execute(["v1.sketch.create",[{"planeId":15658,"name":"F948_makeCylinder_cad_primitives_py_12_profile","id":4}]])
[2026-09-16 14:19:34.039][VERB] RETURN: {"result":"$15664"}
[2026-09-16 14:19:34.040][VERB] COMMANDCALL: _C.SafeAPI.Execute(["v1.sketch.circle",[{"radius":3.2,"id":15664,"genFixation":0,"centerPos":[29.62,29.03,0]}]])
[2026-09-16 14:19:34.041][VERB] RETURN: {"result":"$15670"}
[2026-09-16 14:19:34.042][VERB] COMMANDCALL: _C.SafeAPI.Execute(["v1.sketch.getPoints",[{"id":15670}]])
[2026-09-16 14:19:34.042][VERB] RETURN: {"result":{"centerId":"$15671"}}
[2026-09-16 14:19:34.042][VERB] COMMANDCALL: _C.SafeAPI.Execute(["v1.sketch.point",[{"pos":[-1000,-1000,0],"id":15664}]])
[2026-09-16 14:19:34.043][VERB] RETURN: {"result":"$15673"}
[2026-09-16 14:19:34.043][VERB] COMMANDCALL: _C.SafeAPI.Execute(["v1.sketch.constraint",[{"type":"FIXATION","id":15664,"geomIds":[15673]}]])
[2026-09-16 14:19:34.045][VERB] RETURN: {"result":"$15675"}
[2026-09-16 14:19:34.045][VERB] COMMANDCALL: _C.SafeAPI.Execute(["v1.sketch.dimension",[{"type":"HORIZONTAL_DISTANCE","value":"@expr.d950_position_x","name":"position_x","id":15664,"geomIds":[15673,15671]}]])
[2026-09-16 14:19:34.050][VERB] RETURN: {"result":"$15679"}
[2026-09-16 14:19:34.051][VERB] COMMANDCALL: _C.SafeAPI.Execute(["v1.sketch.dimension",[{"type":"VERTICAL_DISTANCE","value":"@expr.d951_position_y","name":"position_y","id":15664,"geomIds":[15673,15671]}]])
[2026-09-16 14:19:34.056][VERB] RETURN: {"result":"$15683"}
[2026-09-16 14:19:34.057][VERB] COMMANDCALL: _C.SafeAPI.Execute(["v1.sketch.dimension",[{"type":"RADIUS","value":"@expr.d952_radius","name":"radius","id":15664,"geomIds":[15670]}]])
[2026-09-16 14:19:34.063][VERB] RETURN: {"result":"$15687"}
[2026-09-16 14:19:34.065][VERB] COMMANDCALL: _C.SafeAPI.Execute(["v1.part.extrusion",[{"references":[15670],"name":"F948_makeCylinder_cad_primitives_py_12","taperAngle":0,"limit2":"@expr.d953_height","id":4}]])
[2026-09-16 14:19:34.077][VERB] RETURN: {"result":"$15691"}
[2026-09-16 14:19:34.078][VERB] COMMANDCALL: _C.SafeAPI.Execute(["v1.part.boolean",[{"type":"SUBTRACTION","tools":[15691],"target":15636,"name":"F24_cut_housing_py_375","id":4}]])
[2026-09-16 14:19:34.099][VERB] RETURN: {"result":"$15713"}
[2026-09-16 14:19:34.100][VERB] COMMANDCALL: _C.SafeAPI.Execute(["v1.part.workPlane",[{"type":"PLANE","references":[38],"name":"F954_makeCylinder_cad_primitives_py_12_plane","offset":"@expr.d955_plane_offset","id":4}]])
[2026-09-16 14:19:34.106][VERB] RETURN: {"result":"$15740"}
[2026-09-16 14:19:34.106][VERB] COMMANDCALL: _C.SafeAPI.Execute(["v1.sketch.create",[{"planeId":15740,"name":"F954_makeCylinder_cad_primitives_py_12_profile","id":4}]])
[2026-09-16 14:19:34.110][VERB] RETURN: {"result":"$15746"}
[2026-09-16 14:19:34.111][VERB] COMMANDCALL: _C.SafeAPI.Execute(["v1.sketch.circle",[{"radius":2,"id":15746,"genFixation":0,"centerPos":[37.24,29.03,0]}]])
[2026-09-16 14:19:34.112][VERB] RETURN: {"result":"$15752"}
[2026-09-16 14:19:34.112][VERB] COMMANDCALL: _C.SafeAPI.Execute(["v1.sketch.getPoints",[{"id":15752}]])
[2026-09-16 14:19:34.113][VERB] RETURN: {"result":{"centerId":"$15753"}}
[2026-09-16 14:19:34.113][VERB] COMMANDCALL: _C.SafeAPI.Execute(["v1.sketch.point",[{"pos":[-1000,-1000,0],"id":15746}]])
[2026-09-16 14:19:34.114][VERB] RETURN: {"result":"$15755"}
[2026-09-16 14:19:34.114][VERB] COMMANDCALL: _C.SafeAPI.Execute(["v1.sketch.constraint",[{"type":"FIXATION","id":15746,"geomIds":[15755]}]])
[2026-09-16 14:19:34.115][VERB] RETURN: {"result":"$15757"}
[2026-09-16 14:19:34.116][VERB] COMMANDCALL: _C.SafeAPI.Execute(["v1.sketch.dimension",[{"type":"HORIZONTAL_DISTANCE","value":"@expr.d956_position_x","name":"position_x","id":15746,"geomIds":[15755,15753]}]])
[2026-09-16 14:19:34.123][VERB] RETURN: {"result":"$15761"}
[2026-09-16 14:19:34.124][VERB] COMMANDCALL: _C.SafeAPI.Execute(["v1.sketch.dimension",[{"type":"VERTICAL_DISTANCE","value":"@expr.d957_position_y","name":"position_y","id":15746,"geomIds":[15755,15753]}]])
[2026-09-16 14:19:34.130][VERB] RETURN: {"result":"$15765"}
[2026-09-16 14:19:34.131][VERB] COMMANDCALL: _C.SafeAPI.Execute(["v1.sketch.dimension",[{"type":"RADIUS","value":"@expr.d958_radius","name":"radius","id":15746,"geomIds":[15752]}]])
[2026-09-16 14:19:34.137][VERB] RETURN: {"result":"$15769"}
[2026-09-16 14:19:34.137][VERB] COMMANDCALL: _C.SafeAPI.Execute(["v1.part.extrusion",[{"references":[15752],"name":"F954_makeCylinder_cad_primitives_py_12","taperAngle":0,"limit2":"@expr.d959_height","id":4}]])
[2026-09-16 14:19:34.148][VERB] RETURN: {"result":"$15773"}
[2026-09-16 14:19:34.148][VERB] COMMANDCALL: _C.SafeAPI.Execute(["v1.part.boolean",[{"type":"SUBTRACTION","tools":[15773],"target":15713,"name":"F23_cut_housing_py_374","id":4}]])
[2026-09-16 14:19:34.170][VERB] RETURN: {"result":"$15795"}
[2026-09-16 14:19:34.171][VERB] COMMANDCALL: _C.SafeAPI.Execute(["v1.part.workPlane",[{"type":"PLANE","references":[38],"name":"F960_makeCylinder_cad_primitives_py_12_plane","offset":"@expr.d961_plane_offset","id":4}]])
[2026-09-16 14:19:34.179][VERB] RETURN: {"result":"$15817"}
[2026-09-16 14:19:34.179][VERB] COMMANDCALL: _C.SafeAPI.Execute(["v1.sketch.create",[{"planeId":15817,"name":"F960_makeCylinder_cad_primitives_py_12_profile","id":4}]])
[2026-09-16 14:19:34.182][VERB] RETURN: {"result":"$15823"}
[2026-09-16 14:19:34.182][VERB] COMMANDCALL: _C.SafeAPI.Execute(["v1.sketch.circle",[{"radius":3.2,"id":15823,"genFixation":0,"centerPos":[37.24,29.03,0]}]])
[2026-09-16 14:19:34.184][VERB] RETURN: {"result":"$15829"}
[2026-09-16 14:19:34.184][VERB] COMMANDCALL: _C.SafeAPI.Execute(["v1.sketch.getPoints",[{"id":15829}]])
[2026-09-16 14:19:34.185][VERB] RETURN: {"result":{"centerId":"$15830"}}
[2026-09-16 14:19:34.185][VERB] COMMANDCALL: _C.SafeAPI.Execute(["v1.sketch.point",[{"pos":[-1000,-1000,0],"id":15823}]])
[2026-09-16 14:19:34.186][VERB] RETURN: {"result":"$15832"}
[2026-09-16 14:19:34.186][VERB] COMMANDCALL: _C.SafeAPI.Execute(["v1.sketch.constraint",[{"type":"FIXATION","id":15823,"geomIds":[15832]}]])
[2026-09-16 14:19:34.187][VERB] RETURN: {"result":"$15834"}
[2026-09-16 14:19:34.187][VERB] COMMANDCALL: _C.SafeAPI.Execute(["v1.sketch.dimension",[{"type":"HORIZONTAL_DISTANCE","value":"@expr.d962_position_x","name":"position_x","id":15823,"geomIds":[15832,15830]}]])
[2026-09-16 14:19:34.194][VERB] RETURN: {"result":"$15838"}
[2026-09-16 14:19:34.195][VERB] COMMANDCALL: _C.SafeAPI.Execute(["v1.sketch.dimension",[{"type":"VERTICAL_DISTANCE","value":"@expr.d963_position_y","name":"position_y","id":15823,"geomIds":[15832,15830]}]])
[2026-09-16 14:19:34.202][VERB] RETURN: {"result":"$15842"}
[2026-09-16 14:19:34.203][VERB] COMMANDCALL: _C.SafeAPI.Execute(["v1.sketch.dimension",[{"type":"RADIUS","value":"@expr.d964_radius","name":"radius","id":15823,"geomIds":[15829]}]])
[2026-09-16 14:19:34.211][VERB] RETURN: {"result":"$15846"}
[2026-09-16 14:19:34.212][VERB] COMMANDCALL: _C.SafeAPI.Execute(["v1.part.extrusion",[{"references":[15829],"name":"F960_makeCylinder_cad_primitives_py_12","taperAngle":0,"limit2":"@expr.d965_height","id":4}]])
[2026-09-16 14:19:34.222][VERB] RETURN: {"result":"$15850"}
[2026-09-16 14:19:34.223][VERB] COMMANDCALL: _C.SafeAPI.Execute(["v1.part.boolean",[{"type":"SUBTRACTION","tools":[15850],"target":15795,"name":"F22_cut_housing_py_375","id":4}]])
[2026-09-16 14:19:34.244][VERB] RETURN: {"result":"$15872"}
[2026-09-16 14:19:34.245][VERB] COMMANDCALL: _C.SafeAPI.Execute(["v1.part.workPlane",[{"type":"PLANE","references":[38],"name":"F966_makeCylinder_cad_primitives_py_12_plane","offset":"@expr.d967_plane_offset","id":4}]])
[2026-09-16 14:19:34.253][VERB] RETURN: {"result":"$15899"}
[2026-09-16 14:19:34.254][VERB] COMMANDCALL: _C.SafeAPI.Execute(["v1.sketch.create",[{"planeId":15899,"name":"F966_makeCylinder_cad_primitives_py_12_profile","id":4}]])
[2026-09-16 14:19:34.257][VERB] RETURN: {"result":"$15905"}
[2026-09-16 14:19:34.258][VERB] COMMANDCALL: _C.SafeAPI.Execute(["v1.sketch.circle",[{"radius":2,"id":15905,"genFixation":0,"centerPos":[44.86,29.03,0]}]])
[2026-09-16 14:19:34.259][VERB] RETURN: {"result":"$15911"}
[2026-09-16 14:19:34.260][VERB] COMMANDCALL: _C.SafeAPI.Execute(["v1.sketch.getPoints",[{"id":15911}]])
[2026-09-16 14:19:34.260][VERB] RETURN: {"result":{"centerId":"$15912"}}
[2026-09-16 14:19:34.260][VERB] COMMANDCALL: _C.SafeAPI.Execute(["v1.sketch.point",[{"pos":[-1000,-1000,0],"id":15905}]])
[2026-09-16 14:19:34.262][VERB] RETURN: {"result":"$15914"}
[2026-09-16 14:19:34.262][VERB] COMMANDCALL: _C.SafeAPI.Execute(["v1.sketch.constraint",[{"type":"FIXATION","id":15905,"geomIds":[15914]}]])
[2026-09-16 14:19:34.263][VERB] RETURN: {"result":"$15916"}
[2026-09-16 14:19:34.263][VERB] COMMANDCALL: _C.SafeAPI.Execute(["v1.sketch.dimension",[{"type":"HORIZONTAL_DISTANCE","value":"@expr.d968_position_x","name":"position_x","id":15905,"geomIds":[15914,15912]}]])
[2026-09-16 14:19:34.269][VERB] RETURN: {"result":"$15920"}
[2026-09-16 14:19:34.269][VERB] COMMANDCALL: _C.SafeAPI.Execute(["v1.sketch.dimension",[{"type":"VERTICAL_DISTANCE","value":"@expr.d969_position_y","name":"position_y","id":15905,"geomIds":[15914,15912]}]])
[2026-09-16 14:19:34.275][VERB] RETURN: {"result":"$15924"}
[2026-09-16 14:19:34.276][VERB] COMMANDCALL: _C.SafeAPI.Execute(["v1.sketch.dimension",[{"type":"RADIUS","value":"@expr.d970_radius","name":"radius","id":15905,"geomIds":[15911]}]])
[2026-09-16 14:19:34.283][VERB] RETURN: {"result":"$15928"}
[2026-09-16 14:19:34.284][VERB] COMMANDCALL: _C.SafeAPI.Execute(["v1.part.extrusion",[{"references":[15911],"name":"F966_makeCylinder_cad_primitives_py_12","taperAngle":0,"limit2":"@expr.d971_height","id":4}]])
[2026-09-16 14:19:34.295][VERB] RETURN: {"result":"$15932"}
[2026-09-16 14:19:34.297][VERB] COMMANDCALL: _C.SafeAPI.Execute(["v1.part.boolean",[{"type":"SUBTRACTION","tools":[15932],"target":15872,"name":"F21_cut_housing_py_374","id":4}]])
[2026-09-16 14:19:34.317][VERB] RETURN: {"result":"$15954"}
[2026-09-16 14:19:34.318][VERB] COMMANDCALL: _C.SafeAPI.Execute(["v1.part.workPlane",[{"type":"PLANE","references":[38],"name":"F972_makeCylinder_cad_primitives_py_12_plane","offset":"@expr.d973_plane_offset","id":4}]])
[2026-09-16 14:19:34.326][VERB] RETURN: {"result":"$15976"}
[2026-09-16 14:19:34.327][VERB] COMMANDCALL: _C.SafeAPI.Execute(["v1.sketch.create",[{"planeId":15976,"name":"F972_makeCylinder_cad_primitives_py_12_profile","id":4}]])
[2026-09-16 14:19:34.329][VERB] RETURN: {"result":"$15982"}
[2026-09-16 14:19:34.330][VERB] COMMANDCALL: _C.SafeAPI.Execute(["v1.sketch.circle",[{"radius":3.2,"id":15982,"genFixation":0,"centerPos":[44.86,29.03,0]}]])
[2026-09-16 14:19:34.331][VERB] RETURN: {"result":"$15988"}
[2026-09-16 14:19:34.331][VERB] COMMANDCALL: _C.SafeAPI.Execute(["v1.sketch.getPoints",[{"id":15988}]])
[2026-09-16 14:19:34.331][VERB] RETURN: {"result":{"centerId":"$15989"}}
[2026-09-16 14:19:34.331][VERB] COMMANDCALL: _C.SafeAPI.Execute(["v1.sketch.point",[{"pos":[-1000,-1000,0],"id":15982}]])
[2026-09-16 14:19:34.333][VERB] RETURN: {"result":"$15991"}
[2026-09-16 14:19:34.333][VERB] COMMANDCALL: _C.SafeAPI.Execute(["v1.sketch.constraint",[{"type":"FIXATION","id":15982,"geomIds":[15991]}]])
[2026-09-16 14:19:34.335][VERB] RETURN: {"result":"$15993"}
[2026-09-16 14:19:34.336][VERB] COMMANDCALL: _C.SafeAPI.Execute(["v1.sketch.dimension",[{"type":"HORIZONTAL_DISTANCE","value":"@expr.d974_position_x","name":"position_x","id":15982,"geomIds":[15991,15989]}]])
[2026-09-16 14:19:34.342][VERB] RETURN: {"result":"$15997"}
[2026-09-16 14:19:34.342][VERB] COMMANDCALL: _C.SafeAPI.Execute(["v1.sketch.dimension",[{"type":"VERTICAL_DISTANCE","value":"@expr.d975_position_y","name":"position_y","id":15982,"geomIds":[15991,15989]}]])
[2026-09-16 14:19:34.348][VERB] RETURN: {"result":"$16001"}
[2026-09-16 14:19:34.348][VERB] COMMANDCALL: _C.SafeAPI.Execute(["v1.sketch.dimension",[{"type":"RADIUS","value":"@expr.d976_radius","name":"radius","id":15982,"geomIds":[15988]}]])
[2026-09-16 14:19:34.355][VERB] RETURN: {"result":"$16005"}
[2026-09-16 14:19:34.357][VERB] COMMANDCALL: _C.SafeAPI.Execute(["v1.part.extrusion",[{"references":[15988],"name":"F972_makeCylinder_cad_primitives_py_12","taperAngle":0,"limit2":"@expr.d977_height","id":4}]])
[2026-09-16 14:19:34.366][VERB] RETURN: {"result":"$16009"}
[2026-09-16 14:19:34.366][VERB] COMMANDCALL: _C.SafeAPI.Execute(["v1.part.boolean",[{"type":"SUBTRACTION","tools":[16009],"target":15954,"name":"F20_cut_housing_py_375","id":4}]])
[2026-09-16 14:19:34.389][VERB] RETURN: {"result":"$16031"}
[2026-09-16 14:19:34.390][VERB] COMMANDCALL: _C.SafeAPI.Execute(["v1.part.workPlane",[{"type":"PLANE","references":[38],"name":"F978_makeCylinder_cad_primitives_py_12_plane","offset":"@expr.d979_plane_offset","id":4}]])
[2026-09-16 14:19:34.396][VERB] RETURN: {"result":"$16058"}
[2026-09-16 14:19:34.397][VERB] COMMANDCALL: _C.SafeAPI.Execute(["v1.sketch.create",[{"planeId":16058,"name":"F978_makeCylinder_cad_primitives_py_12_profile","id":4}]])
[2026-09-16 14:19:34.399][VERB] RETURN: {"result":"$16064"}
[2026-09-16 14:19:34.399][VERB] COMMANDCALL: _C.SafeAPI.Execute(["v1.sketch.circle",[{"radius":2,"id":16064,"genFixation":0,"centerPos":[32.16,39.19,0]}]])
[2026-09-16 14:19:34.402][VERB] RETURN: {"result":"$16070"}
[2026-09-16 14:19:34.403][VERB] COMMANDCALL: _C.SafeAPI.Execute(["v1.sketch.getPoints",[{"id":16070}]])
[2026-09-16 14:19:34.403][VERB] RETURN: {"result":{"centerId":"$16071"}}
[2026-09-16 14:19:34.403][VERB] COMMANDCALL: _C.SafeAPI.Execute(["v1.sketch.point",[{"pos":[-1000,-1000,0],"id":16064}]])
[2026-09-16 14:19:34.405][VERB] RETURN: {"result":"$16073"}
[2026-09-16 14:19:34.405][VERB] COMMANDCALL: _C.SafeAPI.Execute(["v1.sketch.constraint",[{"type":"FIXATION","id":16064,"geomIds":[16073]}]])
[2026-09-16 14:19:34.406][VERB] RETURN: {"result":"$16075"}
[2026-09-16 14:19:34.406][VERB] COMMANDCALL: _C.SafeAPI.Execute(["v1.sketch.dimension",[{"type":"HORIZONTAL_DISTANCE","value":"@expr.d980_position_x","name":"position_x","id":16064,"geomIds":[16073,16071]}]])
[2026-09-16 14:19:34.412][VERB] RETURN: {"result":"$16079"}
[2026-09-16 14:19:34.412][VERB] COMMANDCALL: _C.SafeAPI.Execute(["v1.sketch.dimension",[{"type":"VERTICAL_DISTANCE","value":"@expr.d981_position_y","name":"position_y","id":16064,"geomIds":[16073,16071]}]])
[2026-09-16 14:19:34.419][VERB] RETURN: {"result":"$16083"}
[2026-09-16 14:19:34.420][VERB] COMMANDCALL: _C.SafeAPI.Execute(["v1.sketch.dimension",[{"type":"RADIUS","value":"@expr.d982_radius","name":"radius","id":16064,"geomIds":[16070]}]])
[2026-09-16 14:19:34.426][VERB] RETURN: {"result":"$16087"}
[2026-09-16 14:19:34.427][VERB] COMMANDCALL: _C.SafeAPI.Execute(["v1.part.extrusion",[{"references":[16070],"name":"F978_makeCylinder_cad_primitives_py_12","taperAngle":0,"limit2":"@expr.d983_height","id":4}]])
[2026-09-16 14:19:34.438][VERB] RETURN: {"result":"$16091"}
[2026-09-16 14:19:34.438][VERB] COMMANDCALL: _C.SafeAPI.Execute(["v1.part.boolean",[{"type":"SUBTRACTION","tools":[16091],"target":16031,"name":"F19_cut_housing_py_374","id":4}]])
[2026-09-16 14:19:34.460][VERB] RETURN: {"result":"$16113"}
[2026-09-16 14:19:34.461][VERB] COMMANDCALL: _C.SafeAPI.Execute(["v1.part.workPlane",[{"type":"PLANE","references":[38],"name":"F984_makeCylinder_cad_primitives_py_12_plane","offset":"@expr.d985_plane_offset","id":4}]])
[2026-09-16 14:19:34.469][VERB] RETURN: {"result":"$16135"}
[2026-09-16 14:19:34.470][VERB] COMMANDCALL: _C.SafeAPI.Execute(["v1.sketch.create",[{"planeId":16135,"name":"F984_makeCylinder_cad_primitives_py_12_profile","id":4}]])
[2026-09-16 14:19:34.473][VERB] RETURN: {"result":"$16141"}
[2026-09-16 14:19:34.473][VERB] COMMANDCALL: _C.SafeAPI.Execute(["v1.sketch.circle",[{"radius":3.2,"id":16141,"genFixation":0,"centerPos":[32.16,39.19,0]}]])
[2026-09-16 14:19:34.475][VERB] RETURN: {"result":"$16147"}
[2026-09-16 14:19:34.475][VERB] COMMANDCALL: _C.SafeAPI.Execute(["v1.sketch.getPoints",[{"id":16147}]])
[2026-09-16 14:19:34.475][VERB] RETURN: {"result":{"centerId":"$16148"}}
[2026-09-16 14:19:34.475][VERB] COMMANDCALL: _C.SafeAPI.Execute(["v1.sketch.point",[{"pos":[-1000,-1000,0],"id":16141}]])
[2026-09-16 14:19:34.476][VERB] RETURN: {"result":"$16150"}
[2026-09-16 14:19:34.477][VERB] COMMANDCALL: _C.SafeAPI.Execute(["v1.sketch.constraint",[{"type":"FIXATION","id":16141,"geomIds":[16150]}]])
[2026-09-16 14:19:34.478][VERB] RETURN: {"result":"$16152"}
[2026-09-16 14:19:34.478][VERB] COMMANDCALL: _C.SafeAPI.Execute(["v1.sketch.dimension",[{"type":"HORIZONTAL_DISTANCE","value":"@expr.d986_position_x","name":"position_x","id":16141,"geomIds":[16150,16148]}]])
[2026-09-16 14:19:34.483][VERB] RETURN: {"result":"$16156"}
[2026-09-16 14:19:34.483][VERB] COMMANDCALL: _C.SafeAPI.Execute(["v1.sketch.dimension",[{"type":"VERTICAL_DISTANCE","value":"@expr.d987_position_y","name":"position_y","id":16141,"geomIds":[16150,16148]}]])
[2026-09-16 14:19:34.490][VERB] RETURN: {"result":"$16160"}
[2026-09-16 14:19:34.490][VERB] COMMANDCALL: _C.SafeAPI.Execute(["v1.sketch.dimension",[{"type":"RADIUS","value":"@expr.d988_radius","name":"radius","id":16141,"geomIds":[16147]}]])
[2026-09-16 14:19:34.497][VERB] RETURN: {"result":"$16164"}
[2026-09-16 14:19:34.497][VERB] COMMANDCALL: _C.SafeAPI.Execute(["v1.part.extrusion",[{"references":[16147],"name":"F984_makeCylinder_cad_primitives_py_12","taperAngle":0,"limit2":"@expr.d989_height","id":4}]])
[2026-09-16 14:19:34.508][VERB] RETURN: {"result":"$16168"}
[2026-09-16 14:19:34.509][VERB] COMMANDCALL: _C.SafeAPI.Execute(["v1.part.boolean",[{"type":"SUBTRACTION","tools":[16168],"target":16113,"name":"F18_cut_housing_py_375","id":4}]])
[2026-09-16 14:19:34.530][VERB] RETURN: {"result":"$16190"}
[2026-09-16 14:19:34.530][VERB] COMMANDCALL: _C.SafeAPI.Execute(["v1.part.workPlane",[{"type":"PLANE","references":[38],"name":"F990_makeCylinder_cad_primitives_py_12_plane","offset":"@expr.d991_plane_offset","id":4}]])
[2026-09-16 14:19:34.538][VERB] RETURN: {"result":"$16217"}
[2026-09-16 14:19:34.539][VERB] COMMANDCALL: _C.SafeAPI.Execute(["v1.sketch.create",[{"planeId":16217,"name":"F990_makeCylinder_cad_primitives_py_12_profile","id":4}]])
[2026-09-16 14:19:34.542][VERB] RETURN: {"result":"$16223"}
[2026-09-16 14:19:34.542][VERB] COMMANDCALL: _C.SafeAPI.Execute(["v1.sketch.circle",[{"radius":2,"id":16223,"genFixation":0,"centerPos":[42.32,39.19,0]}]])
[2026-09-16 14:19:34.543][VERB] RETURN: {"result":"$16229"}
[2026-09-16 14:19:34.544][VERB] COMMANDCALL: _C.SafeAPI.Execute(["v1.sketch.getPoints",[{"id":16229}]])
[2026-09-16 14:19:34.544][VERB] RETURN: {"result":{"centerId":"$16230"}}
[2026-09-16 14:19:34.544][VERB] COMMANDCALL: _C.SafeAPI.Execute(["v1.sketch.point",[{"pos":[-1000,-1000,0],"id":16223}]])
[2026-09-16 14:19:34.545][VERB] RETURN: {"result":"$16232"}
[2026-09-16 14:19:34.545][VERB] COMMANDCALL: _C.SafeAPI.Execute(["v1.sketch.constraint",[{"type":"FIXATION","id":16223,"geomIds":[16232]}]])
[2026-09-16 14:19:34.547][VERB] RETURN: {"result":"$16234"}
[2026-09-16 14:19:34.547][VERB] COMMANDCALL: _C.SafeAPI.Execute(["v1.sketch.dimension",[{"type":"HORIZONTAL_DISTANCE","value":"@expr.d992_position_x","name":"position_x","id":16223,"geomIds":[16232,16230]}]])
[2026-09-16 14:19:34.553][VERB] RETURN: {"result":"$16238"}
[2026-09-16 14:19:34.554][VERB] COMMANDCALL: _C.SafeAPI.Execute(["v1.sketch.dimension",[{"type":"VERTICAL_DISTANCE","value":"@expr.d993_position_y","name":"position_y","id":16223,"geomIds":[16232,16230]}]])
[2026-09-16 14:19:34.560][VERB] RETURN: {"result":"$16242"}
[2026-09-16 14:19:34.561][VERB] COMMANDCALL: _C.SafeAPI.Execute(["v1.sketch.dimension",[{"type":"RADIUS","value":"@expr.d994_radius","name":"radius","id":16223,"geomIds":[16229]}]])
[2026-09-16 14:19:34.567][VERB] RETURN: {"result":"$16246"}
[2026-09-16 14:19:34.568][VERB] COMMANDCALL: _C.SafeAPI.Execute(["v1.part.extrusion",[{"references":[16229],"name":"F990_makeCylinder_cad_primitives_py_12","taperAngle":0,"limit2":"@expr.d995_height","id":4}]])
[2026-09-16 14:19:34.579][VERB] RETURN: {"result":"$16250"}
[2026-09-16 14:19:34.580][VERB] COMMANDCALL: _C.SafeAPI.Execute(["v1.part.boolean",[{"type":"SUBTRACTION","tools":[16250],"target":16190,"name":"F17_cut_housing_py_374","id":4}]])
[2026-09-16 14:19:34.601][VERB] RETURN: {"result":"$16272"}
[2026-09-16 14:19:34.602][VERB] COMMANDCALL: _C.SafeAPI.Execute(["v1.part.workPlane",[{"type":"PLANE","references":[38],"name":"F996_makeCylinder_cad_primitives_py_12_plane","offset":"@expr.d997_plane_offset","id":4}]])
[2026-09-16 14:19:34.609][VERB] RETURN: {"result":"$16294"}
[2026-09-16 14:19:34.609][VERB] COMMANDCALL: _C.SafeAPI.Execute(["v1.sketch.create",[{"planeId":16294,"name":"F996_makeCylinder_cad_primitives_py_12_profile","id":4}]])
[2026-09-16 14:19:34.613][VERB] RETURN: {"result":"$16300"}
[2026-09-16 14:19:34.613][VERB] COMMANDCALL: _C.SafeAPI.Execute(["v1.sketch.circle",[{"radius":3.2,"id":16300,"genFixation":0,"centerPos":[42.32,39.19,0]}]])
[2026-09-16 14:19:34.615][VERB] RETURN: {"result":"$16306"}
[2026-09-16 14:19:34.615][VERB] COMMANDCALL: _C.SafeAPI.Execute(["v1.sketch.getPoints",[{"id":16306}]])
[2026-09-16 14:19:34.615][VERB] RETURN: {"result":{"centerId":"$16307"}}
[2026-09-16 14:19:34.615][VERB] COMMANDCALL: _C.SafeAPI.Execute(["v1.sketch.point",[{"pos":[-1000,-1000,0],"id":16300}]])
[2026-09-16 14:19:34.618][VERB] RETURN: {"result":"$16309"}
[2026-09-16 14:19:34.618][VERB] COMMANDCALL: _C.SafeAPI.Execute(["v1.sketch.constraint",[{"type":"FIXATION","id":16300,"geomIds":[16309]}]])
[2026-09-16 14:19:34.620][VERB] RETURN: {"result":"$16311"}
[2026-09-16 14:19:34.620][VERB] COMMANDCALL: _C.SafeAPI.Execute(["v1.sketch.dimension",[{"type":"HORIZONTAL_DISTANCE","value":"@expr.d998_position_x","name":"position_x","id":16300,"geomIds":[16309,16307]}]])
[2026-09-16 14:19:34.627][VERB] RETURN: {"result":"$16315"}
[2026-09-16 14:19:34.627][VERB] COMMANDCALL: _C.SafeAPI.Execute(["v1.sketch.dimension",[{"type":"VERTICAL_DISTANCE","value":"@expr.d999_position_y","name":"position_y","id":16300,"geomIds":[16309,16307]}]])
[2026-09-16 14:19:34.636][VERB] RETURN: {"result":"$16319"}
[2026-09-16 14:19:34.637][VERB] COMMANDCALL: _C.SafeAPI.Execute(["v1.sketch.dimension",[{"type":"RADIUS","value":"@expr.d1000_radius","name":"radius","id":16300,"geomIds":[16306]}]])
[2026-09-16 14:19:34.644][VERB] RETURN: {"result":"$16323"}
[2026-09-16 14:19:34.644][VERB] COMMANDCALL: _C.SafeAPI.Execute(["v1.part.extrusion",[{"references":[16306],"name":"F996_makeCylinder_cad_primitives_py_12","taperAngle":0,"limit2":"@expr.d1001_height","id":4}]])
[2026-09-16 14:19:34.654][VERB] RETURN: {"result":"$16327"}
[2026-09-16 14:19:34.654][VERB] COMMANDCALL: _C.SafeAPI.Execute(["v1.part.boolean",[{"type":"SUBTRACTION","tools":[16327],"target":16272,"name":"F16_cut_housing_py_375","id":4}]])
[2026-09-16 14:19:34.673][VERB] RETURN: {"result":"$16349"}
[2026-09-16 14:19:34.673][VERB] COMMANDCALL: _C.SafeAPI.Execute(["v1.part.workPlane",[{"type":"PLANE","references":[38],"name":"F1002_makeBox_cad_primitives_py_8_plane","offset":"@expr.d1003_plane_offset","id":4}]])
[2026-09-16 14:19:34.680][VERB] RETURN: {"result":"$16376"}
[2026-09-16 14:19:34.680][VERB] COMMANDCALL: _C.SafeAPI.Execute(["v1.sketch.create",[{"planeId":16376,"name":"F1002_makeBox_cad_primitives_py_8_profile","id":4}]])
[2026-09-16 14:19:34.683][VERB] RETURN: {"result":"$16382"}
[2026-09-16 14:19:34.684][VERB] COMMANDCALL: _C.SafeAPI.Execute(["v1.sketch.rectangle",[{"startPos":[26.2,6,0],"id":16382,"genFixation":0,"endPos":[32.7,18,0]}]])
[2026-09-16 14:19:34.691][VERB] RETURN: {"result":["$16388","$16392","$16398","$16404"]}
[2026-09-16 14:19:34.691][VERB] COMMANDCALL: _C.SafeAPI.Execute(["v1.sketch.getPoints",[{"id":16388}]])
[2026-09-16 14:19:34.691][VERB] RETURN: {"result":{"endId":"$16390","startId":"$16389"}}
[2026-09-16 14:19:34.692][VERB] COMMANDCALL: _C.SafeAPI.Execute(["v1.sketch.point",[{"pos":[-1000,-1000,0],"id":16382}]])
[2026-09-16 14:19:34.694][VERB] RETURN: {"result":"$16420"}
[2026-09-16 14:19:34.694][VERB] COMMANDCALL: _C.SafeAPI.Execute(["v1.sketch.constraint",[{"type":"FIXATION","id":16382,"geomIds":[16420]}]])
[2026-09-16 14:19:34.696][VERB] RETURN: {"result":"$16422"}
[2026-09-16 14:19:34.697][VERB] COMMANDCALL: _C.SafeAPI.Execute(["v1.sketch.dimension",[{"type":"HORIZONTAL_DISTANCE","value":"@expr.d1004_position_x","name":"position_x","id":16382,"geomIds":[16420,16389]}]])
[2026-09-16 14:19:34.703][VERB] RETURN: {"result":"$16426"}
[2026-09-16 14:19:34.703][VERB] COMMANDCALL: _C.SafeAPI.Execute(["v1.sketch.dimension",[{"type":"VERTICAL_DISTANCE","value":"@expr.d1005_position_y","name":"position_y","id":16382,"geomIds":[16420,16389]}]])
[2026-09-16 14:19:34.712][VERB] RETURN: {"result":"$16430"}
[2026-09-16 14:19:34.712][VERB] COMMANDCALL: _C.SafeAPI.Execute(["v1.sketch.dimension",[{"type":"OFFSET","value":"@expr.d1006_width","name":"width","id":16382,"geomIds":[16388]}]])
[2026-09-16 14:19:34.720][VERB] RETURN: {"result":"$16434"}
[2026-09-16 14:19:34.720][VERB] COMMANDCALL: _C.SafeAPI.Execute(["v1.sketch.dimension",[{"type":"OFFSET","value":"@expr.d1007_depth","name":"depth","id":16382,"geomIds":[16392]}]])
[2026-09-16 14:19:34.730][VERB] RETURN: {"result":"$16438"}
[2026-09-16 14:19:34.731][VERB] COMMANDCALL: _C.SafeAPI.Execute(["v1.part.extrusion",[{"references":[16388,16392,16398,16404],"name":"F1002_makeBox_cad_primitives_py_8","taperAngle":0,"limit2":"@expr.d1008_height","id":4}]])
[2026-09-16 14:19:34.743][VERB] RETURN: {"result":"$16442"}
[2026-09-16 14:19:34.744][VERB] COMMANDCALL: _C.SafeAPI.Execute(["v1.part.boolean",[{"type":"SUBTRACTION","tools":[16442],"target":16349,"name":"F15_cut_housing_py_418","id":4}]])
[2026-09-16 14:19:34.763][VERB] RETURN: {"result":"$16485"}
[2026-09-16 14:19:34.764][VERB] COMMANDCALL: _C.SafeAPI.Execute(["v1.part.workPlane",[{"type":"PLANE","references":[38],"name":"F1009_makeBox_cad_primitives_py_8_plane","offset":"@expr.d1010_plane_offset","id":4}]])
[2026-09-16 14:19:34.771][VERB] RETURN: {"result":"$16497"}
[2026-09-16 14:19:34.772][VERB] COMMANDCALL: _C.SafeAPI.Execute(["v1.sketch.create",[{"planeId":16497,"name":"F1009_makeBox_cad_primitives_py_8_profile","id":4}]])
[2026-09-16 14:19:34.775][VERB] RETURN: {"result":"$16503"}
[2026-09-16 14:19:34.776][VERB] COMMANDCALL: _C.SafeAPI.Execute(["v1.sketch.rectangle",[{"startPos":[38,20.6,0],"id":16503,"genFixation":0,"endPos":[46,25.4,0]}]])
[2026-09-16 14:19:34.784][VERB] RETURN: {"result":["$16509","$16513","$16519","$16525"]}
[2026-09-16 14:19:34.784][VERB] COMMANDCALL: _C.SafeAPI.Execute(["v1.sketch.getPoints",[{"id":16509}]])
[2026-09-16 14:19:34.784][VERB] RETURN: {"result":{"endId":"$16511","startId":"$16510"}}
[2026-09-16 14:19:34.785][VERB] COMMANDCALL: _C.SafeAPI.Execute(["v1.sketch.point",[{"pos":[-1000,-1000,0],"id":16503}]])
[2026-09-16 14:19:34.787][VERB] RETURN: {"result":"$16541"}
[2026-09-16 14:19:34.788][VERB] COMMANDCALL: _C.SafeAPI.Execute(["v1.sketch.constraint",[{"type":"FIXATION","id":16503,"geomIds":[16541]}]])
[2026-09-16 14:19:34.789][VERB] RETURN: {"result":"$16543"}
[2026-09-16 14:19:34.790][VERB] COMMANDCALL: _C.SafeAPI.Execute(["v1.sketch.dimension",[{"type":"HORIZONTAL_DISTANCE","value":"@expr.d1011_position_x","name":"position_x","id":16503,"geomIds":[16541,16510]}]])
[2026-09-16 14:19:34.797][VERB] RETURN: {"result":"$16547"}
[2026-09-16 14:19:34.798][VERB] COMMANDCALL: _C.SafeAPI.Execute(["v1.sketch.dimension",[{"type":"VERTICAL_DISTANCE","value":"@expr.d1012_position_y","name":"position_y","id":16503,"geomIds":[16541,16510]}]])
[2026-09-16 14:19:34.806][VERB] RETURN: {"result":"$16551"}
[2026-09-16 14:19:34.807][VERB] COMMANDCALL: _C.SafeAPI.Execute(["v1.sketch.dimension",[{"type":"OFFSET","value":"@expr.d1013_width","name":"width","id":16503,"geomIds":[16509]}]])
[2026-09-16 14:19:34.815][VERB] RETURN: {"result":"$16555"}
[2026-09-16 14:19:34.816][VERB] COMMANDCALL: _C.SafeAPI.Execute(["v1.sketch.dimension",[{"type":"OFFSET","value":"@expr.d1014_depth","name":"depth","id":16503,"geomIds":[16513]}]])
[2026-09-16 14:19:34.826][VERB] RETURN: {"result":"$16559"}
[2026-09-16 14:19:34.827][VERB] COMMANDCALL: _C.SafeAPI.Execute(["v1.part.extrusion",[{"references":[16509,16513,16519,16525],"name":"F1009_makeBox_cad_primitives_py_8","taperAngle":0,"limit2":"@expr.d1015_height","id":4}]])
[2026-09-16 14:19:34.838][VERB] RETURN: {"result":"$16563"}
[2026-09-16 14:19:34.838][VERB] COMMANDCALL: _C.SafeAPI.Execute(["v1.part.boolean",[{"type":"SUBTRACTION","tools":[16563],"target":16485,"name":"F14_cut_housing_py_418","id":4}]])
[2026-09-16 14:19:34.860][VERB] RETURN: {"result":"$16606"}
[2026-09-16 14:19:34.860][VERB] COMMANDCALL: _C.SafeAPI.Execute(["v1.part.workPlane",[{"type":"PLANE","references":[38],"name":"F1016_makeBox_cad_primitives_py_8_plane","offset":"@expr.d1017_plane_offset","id":4}]])
[2026-09-16 14:19:34.867][VERB] RETURN: {"result":"$16618"}
[2026-09-16 14:19:34.868][VERB] COMMANDCALL: _C.SafeAPI.Execute(["v1.sketch.create",[{"planeId":16618,"name":"F1016_makeBox_cad_primitives_py_8_profile","id":4}]])
[2026-09-16 14:19:34.871][VERB] RETURN: {"result":"$16624"}
[2026-09-16 14:19:34.871][VERB] COMMANDCALL: _C.SafeAPI.Execute(["v1.sketch.rectangle",[{"startPos":[34,48,0],"id":16624,"genFixation":0,"endPos":[40,56,0]}]])
[2026-09-16 14:19:34.878][VERB] RETURN: {"result":["$16630","$16634","$16640","$16646"]}
[2026-09-16 14:19:34.879][VERB] COMMANDCALL: _C.SafeAPI.Execute(["v1.sketch.getPoints",[{"id":16630}]])
[2026-09-16 14:19:34.879][VERB] RETURN: {"result":{"endId":"$16632","startId":"$16631"}}
[2026-09-16 14:19:34.879][VERB] COMMANDCALL: _C.SafeAPI.Execute(["v1.sketch.point",[{"pos":[-1000,-1000,0],"id":16624}]])
[2026-09-16 14:19:34.881][VERB] RETURN: {"result":"$16662"}
[2026-09-16 14:19:34.881][VERB] COMMANDCALL: _C.SafeAPI.Execute(["v1.sketch.constraint",[{"type":"FIXATION","id":16624,"geomIds":[16662]}]])
[2026-09-16 14:19:34.883][VERB] RETURN: {"result":"$16664"}
[2026-09-16 14:19:34.884][VERB] COMMANDCALL: _C.SafeAPI.Execute(["v1.sketch.dimension",[{"type":"HORIZONTAL_DISTANCE","value":"@expr.d1018_position_x","name":"position_x","id":16624,"geomIds":[16662,16631]}]])
[2026-09-16 14:19:34.891][VERB] RETURN: {"result":"$16668"}
[2026-09-16 14:19:34.891][VERB] COMMANDCALL: _C.SafeAPI.Execute(["v1.sketch.dimension",[{"type":"VERTICAL_DISTANCE","value":"@expr.d1019_position_y","name":"position_y","id":16624,"geomIds":[16662,16631]}]])
[2026-09-16 14:19:34.899][VERB] RETURN: {"result":"$16672"}
[2026-09-16 14:19:34.899][VERB] COMMANDCALL: _C.SafeAPI.Execute(["v1.sketch.dimension",[{"type":"OFFSET","value":"@expr.d1020_width","name":"width","id":16624,"geomIds":[16630]}]])
[2026-09-16 14:19:34.908][VERB] RETURN: {"result":"$16676"}
[2026-09-16 14:19:34.909][VERB] COMMANDCALL: _C.SafeAPI.Execute(["v1.sketch.dimension",[{"type":"OFFSET","value":"@expr.d1021_depth","name":"depth","id":16624,"geomIds":[16634]}]])
[2026-09-16 14:19:34.919][VERB] RETURN: {"result":"$16680"}
[2026-09-16 14:19:34.920][VERB] COMMANDCALL: _C.SafeAPI.Execute(["v1.part.extrusion",[{"references":[16630,16634,16640,16646],"name":"F1016_makeBox_cad_primitives_py_8","taperAngle":0,"limit2":"@expr.d1022_height","id":4}]])
[2026-09-16 14:19:34.930][VERB] RETURN: {"result":"$16684"}
[2026-09-16 14:19:34.931][VERB] COMMANDCALL: _C.SafeAPI.Execute(["v1.part.boolean",[{"type":"SUBTRACTION","tools":[16684],"target":16606,"name":"F13_cut_housing_py_418","id":4}]])
[2026-09-16 14:19:34.951][VERB] RETURN: {"result":"$16727"}
[2026-09-16 14:19:34.951][VERB] COMMANDCALL: _C.SafeAPI.Execute(["v1.part.workPlane",[{"type":"PLANE","references":[38],"name":"F1023_makeBox_cad_primitives_py_8_plane","offset":"@expr.d1024_plane_offset","id":4}]])
[2026-09-16 14:19:34.960][VERB] RETURN: {"result":"$16739"}
[2026-09-16 14:19:34.960][VERB] COMMANDCALL: _C.SafeAPI.Execute(["v1.sketch.create",[{"planeId":16739,"name":"F1023_makeBox_cad_primitives_py_8_profile","id":4}]])
[2026-09-16 14:19:34.963][VERB] RETURN: {"result":"$16745"}
[2026-09-16 14:19:34.963][VERB] COMMANDCALL: _C.SafeAPI.Execute(["v1.sketch.rectangle",[{"startPos":[49.2,24,0],"id":16745,"genFixation":0,"endPos":[53,36.5,0]}]])
[2026-09-16 14:19:34.971][VERB] RETURN: {"result":["$16751","$16755","$16761","$16767"]}
[2026-09-16 14:19:34.971][VERB] COMMANDCALL: _C.SafeAPI.Execute(["v1.sketch.getPoints",[{"id":16751}]])
[2026-09-16 14:19:34.972][VERB] RETURN: {"result":{"endId":"$16753","startId":"$16752"}}
[2026-09-16 14:19:34.972][VERB] COMMANDCALL: _C.SafeAPI.Execute(["v1.sketch.point",[{"pos":[-1000,-1000,0],"id":16745}]])
[2026-09-16 14:19:34.974][VERB] RETURN: {"result":"$16783"}
[2026-09-16 14:19:34.975][VERB] COMMANDCALL: _C.SafeAPI.Execute(["v1.sketch.constraint",[{"type":"FIXATION","id":16745,"geomIds":[16783]}]])
[2026-09-16 14:19:34.977][VERB] RETURN: {"result":"$16785"}
[2026-09-16 14:19:34.977][VERB] COMMANDCALL: _C.SafeAPI.Execute(["v1.sketch.dimension",[{"type":"HORIZONTAL_DISTANCE","value":"@expr.d1025_position_x","name":"position_x","id":16745,"geomIds":[16783,16752]}]])
[2026-09-16 14:19:34.984][VERB] RETURN: {"result":"$16789"}
[2026-09-16 14:19:34.984][VERB] COMMANDCALL: _C.SafeAPI.Execute(["v1.sketch.dimension",[{"type":"VERTICAL_DISTANCE","value":"@expr.d1026_position_y","name":"position_y","id":16745,"geomIds":[16783,16752]}]])
[2026-09-16 14:19:34.991][VERB] RETURN: {"result":"$16793"}
[2026-09-16 14:19:34.992][VERB] COMMANDCALL: _C.SafeAPI.Execute(["v1.sketch.dimension",[{"type":"OFFSET","value":"@expr.d1027_width","name":"width","id":16745,"geomIds":[16751]}]])
[2026-09-16 14:19:35.002][VERB] RETURN: {"result":"$16797"}
[2026-09-16 14:19:35.003][VERB] COMMANDCALL: _C.SafeAPI.Execute(["v1.sketch.dimension",[{"type":"OFFSET","value":"@expr.d1028_depth","name":"depth","id":16745,"geomIds":[16755]}]])
[2026-09-16 14:19:35.013][VERB] RETURN: {"result":"$16801"}
[2026-09-16 14:19:35.014][VERB] COMMANDCALL: _C.SafeAPI.Execute(["v1.part.extrusion",[{"references":[16751,16755,16761,16767],"name":"F1023_makeBox_cad_primitives_py_8","taperAngle":0,"limit2":"@expr.d1029_height","id":4}]])
[2026-09-16 14:19:35.025][VERB] RETURN: {"result":"$16805"}
[2026-09-16 14:19:35.026][VERB] COMMANDCALL: _C.SafeAPI.Execute(["v1.part.boolean",[{"type":"SUBTRACTION","tools":[16805],"target":16727,"name":"F12_cut_housing_py_418","id":4}]])
[2026-09-16 14:19:35.047][VERB] RETURN: {"result":"$16848"}
[2026-09-16 14:19:35.048][VERB] COMMANDCALL: _C.SafeAPI.Execute(["v1.part.workPlane",[{"type":"PLANE","references":[38],"name":"F1030_makeBox_cad_primitives_py_8_plane","offset":"@expr.d1031_plane_offset","id":4}]])
[2026-09-16 14:19:35.055][VERB] RETURN: {"result":"$16860"}
[2026-09-16 14:19:35.056][VERB] COMMANDCALL: _C.SafeAPI.Execute(["v1.sketch.create",[{"planeId":16860,"name":"F1030_makeBox_cad_primitives_py_8_profile","id":4}]])
[2026-09-16 14:19:35.059][VERB] RETURN: {"result":"$16866"}
[2026-09-16 14:19:35.060][VERB] COMMANDCALL: _C.SafeAPI.Execute(["v1.sketch.rectangle",[{"startPos":[49.2,5.3,0],"id":16866,"genFixation":0,"endPos":[53.7,24.3,0]}]])
[2026-09-16 14:19:35.068][VERB] RETURN: {"result":["$16872","$16876","$16882","$16888"]}
[2026-09-16 14:19:35.069][VERB] COMMANDCALL: _C.SafeAPI.Execute(["v1.sketch.getPoints",[{"id":16872}]])
[2026-09-16 14:19:35.069][VERB] RETURN: {"result":{"endId":"$16874","startId":"$16873"}}
[2026-09-16 14:19:35.069][VERB] COMMANDCALL: _C.SafeAPI.Execute(["v1.sketch.point",[{"pos":[-1000,-1000,0],"id":16866}]])
[2026-09-16 14:19:35.071][VERB] RETURN: {"result":"$16904"}
[2026-09-16 14:19:35.071][VERB] COMMANDCALL: _C.SafeAPI.Execute(["v1.sketch.constraint",[{"type":"FIXATION","id":16866,"geomIds":[16904]}]])
[2026-09-16 14:19:35.073][VERB] RETURN: {"result":"$16906"}
[2026-09-16 14:19:35.073][VERB] COMMANDCALL: _C.SafeAPI.Execute(["v1.sketch.dimension",[{"type":"HORIZONTAL_DISTANCE","value":"@expr.d1032_position_x","name":"position_x","id":16866,"geomIds":[16904,16873]}]])
[2026-09-16 14:19:35.081][VERB] RETURN: {"result":"$16910"}
[2026-09-16 14:19:35.081][VERB] COMMANDCALL: _C.SafeAPI.Execute(["v1.sketch.dimension",[{"type":"VERTICAL_DISTANCE","value":"@expr.d1033_position_y","name":"position_y","id":16866,"geomIds":[16904,16873]}]])
[2026-09-16 14:19:35.091][VERB] RETURN: {"result":"$16914"}
[2026-09-16 14:19:35.092][VERB] COMMANDCALL: _C.SafeAPI.Execute(["v1.sketch.dimension",[{"type":"OFFSET","value":"@expr.d1034_width","name":"width","id":16866,"geomIds":[16872]}]])
[2026-09-16 14:19:35.102][VERB] RETURN: {"result":"$16918"}
[2026-09-16 14:19:35.103][VERB] COMMANDCALL: _C.SafeAPI.Execute(["v1.sketch.dimension",[{"type":"OFFSET","value":"@expr.d1035_depth","name":"depth","id":16866,"geomIds":[16876]}]])
[2026-09-16 14:19:35.113][VERB] RETURN: {"result":"$16922"}
[2026-09-16 14:19:35.114][VERB] COMMANDCALL: _C.SafeAPI.Execute(["v1.part.extrusion",[{"references":[16872,16876,16882,16888],"name":"F1030_makeBox_cad_primitives_py_8","taperAngle":0,"limit2":"@expr.d1036_height","id":4}]])
[2026-09-16 14:19:35.125][VERB] RETURN: {"result":"$16926"}
[2026-09-16 14:19:35.126][VERB] COMMANDCALL: _C.SafeAPI.Execute(["v1.part.boolean",[{"type":"SUBTRACTION","tools":[16926],"target":16848,"name":"F11_cut_housing_py_418","id":4}]])
[2026-09-16 14:19:35.147][VERB] RETURN: {"result":"$16969"}
[2026-09-16 14:19:35.147][VERB] COMMANDCALL: _C.SafeAPI.Execute(["v1.part.workPlane",[{"type":"PLANE","references":[38],"name":"F1037_makeBox_cad_primitives_py_8_plane","offset":"@expr.d1038_plane_offset","id":4}]])
[2026-09-16 14:19:35.156][VERB] RETURN: {"result":"$16981"}
[2026-09-16 14:19:35.156][VERB] COMMANDCALL: _C.SafeAPI.Execute(["v1.sketch.create",[{"planeId":16981,"name":"F1037_makeBox_cad_primitives_py_8_profile","id":4}]])
[2026-09-16 14:19:35.159][VERB] RETURN: {"result":"$16987"}
[2026-09-16 14:19:35.160][VERB] COMMANDCALL: _C.SafeAPI.Execute(["v1.sketch.rectangle",[{"startPos":[3.3,25,0],"id":16987,"genFixation":0,"endPos":[24,32,0]}]])
[2026-09-16 14:19:35.167][VERB] RETURN: {"result":["$16993","$16997","$17003","$17009"]}
[2026-09-16 14:19:35.168][VERB] COMMANDCALL: _C.SafeAPI.Execute(["v1.sketch.getPoints",[{"id":16993}]])
[2026-09-16 14:19:35.168][VERB] RETURN: {"result":{"endId":"$16995","startId":"$16994"}}
[2026-09-16 14:19:35.168][VERB] COMMANDCALL: _C.SafeAPI.Execute(["v1.sketch.point",[{"pos":[-1000,-1000,0],"id":16987}]])
[2026-09-16 14:19:35.171][VERB] RETURN: {"result":"$17025"}
[2026-09-16 14:19:35.171][VERB] COMMANDCALL: _C.SafeAPI.Execute(["v1.sketch.constraint",[{"type":"FIXATION","id":16987,"geomIds":[17025]}]])
[2026-09-16 14:19:35.173][VERB] RETURN: {"result":"$17027"}
[2026-09-16 14:19:35.173][VERB] COMMANDCALL: _C.SafeAPI.Execute(["v1.sketch.dimension",[{"type":"HORIZONTAL_DISTANCE","value":"@expr.d1039_position_x","name":"position_x","id":16987,"geomIds":[17025,16994]}]])
[2026-09-16 14:19:35.180][VERB] RETURN: {"result":"$17031"}
[2026-09-16 14:19:35.180][VERB] COMMANDCALL: _C.SafeAPI.Execute(["v1.sketch.dimension",[{"type":"VERTICAL_DISTANCE","value":"@expr.d1040_position_y","name":"position_y","id":16987,"geomIds":[17025,16994]}]])
[2026-09-16 14:19:35.187][VERB] RETURN: {"result":"$17035"}
[2026-09-16 14:19:35.188][VERB] COMMANDCALL: _C.SafeAPI.Execute(["v1.sketch.dimension",[{"type":"OFFSET","value":"@expr.d1041_width","name":"width","id":16987,"geomIds":[16993]}]])
[2026-09-16 14:19:35.197][VERB] RETURN: {"result":"$17039"}
[2026-09-16 14:19:35.197][VERB] COMMANDCALL: _C.SafeAPI.Execute(["v1.sketch.dimension",[{"type":"OFFSET","value":"@expr.d1042_depth","name":"depth","id":16987,"geomIds":[16997]}]])
[2026-09-16 14:19:35.207][VERB] RETURN: {"result":"$17043"}
[2026-09-16 14:19:35.208][VERB] COMMANDCALL: _C.SafeAPI.Execute(["v1.part.extrusion",[{"references":[16993,16997,17003,17009],"name":"F1037_makeBox_cad_primitives_py_8","taperAngle":0,"limit2":"@expr.d1043_height","id":4}]])
[2026-09-16 14:19:35.218][VERB] RETURN: {"result":"$17047"}
[2026-09-16 14:19:35.220][VERB] COMMANDCALL: _C.SafeAPI.Execute(["v1.part.boolean",[{"type":"SUBTRACTION","tools":[17047],"target":16969,"name":"F10_cut_housing_py_418","id":4}]])
[2026-09-16 14:19:35.242][VERB] RETURN: {"result":"$17090"}
[2026-09-16 14:19:35.243][VERB] COMMANDCALL: _C.SafeAPI.Execute(["v1.part.workCSys",[{"name":"F1044_makeSphere_housing_py_78_datum","offset":[29,12,22],"id":4}]])
[2026-09-16 14:19:35.250][VERB] RETURN: {"result":"$17102"}
[2026-09-16 14:19:35.250][VERB] COMMANDCALL: _C.SafeAPI.Execute(["v1.part.sphere",[{"references":[17102],"name":"F1044_makeSphere_housing_py_78","radius":"@expr.d1045_radius","id":4}]])
[2026-09-16 14:19:35.258][VERB] RETURN: {"result":"$17110"}
[2026-09-16 14:19:35.259][VERB] COMMANDCALL: _C.SafeAPI.Execute(["v1.part.boolean",[{"type":"SUBTRACTION","tools":[17110],"target":17090,"name":"F9_cut_housing_py_418_tool_0","id":4}]])
[2026-09-16 14:19:35.277][VERB] RETURN: {"result":"$17125"}
[2026-09-16 14:19:35.278][VERB] COMMANDCALL: _C.SafeAPI.Execute(["v1.part.workCSys",[{"name":"F1046_makeSphere_housing_py_78_datum","offset":[33.5,12,22],"id":4}]])
[2026-09-16 14:19:35.284][VERB] RETURN: {"result":"$17137"}
[2026-09-16 14:19:35.284][VERB] COMMANDCALL: _C.SafeAPI.Execute(["v1.part.sphere",[{"references":[17137],"name":"F1046_makeSphere_housing_py_78","radius":"@expr.d1047_radius","id":4}]])
[2026-09-16 14:19:35.296][VERB] RETURN: {"result":"$17145"}
[2026-09-16 14:19:35.296][VERB] COMMANDCALL: _C.SafeAPI.Execute(["v1.part.boolean",[{"type":"SUBTRACTION","tools":[17145],"target":17125,"name":"F9_cut_housing_py_418_tool_1","id":4}]])
[2026-09-16 14:19:35.314][VERB] RETURN: {"result":"$17160"}
[2026-09-16 14:19:35.316][VERB] COMMANDCALL: _C.SafeAPI.Execute(["v1.part.workCSys",[{"name":"F1048_makeSphere_housing_py_78_datum","offset":[33.5,22,22],"id":4}]])
[2026-09-16 14:19:35.322][VERB] RETURN: {"result":"$17172"}
[2026-09-16 14:19:35.323][VERB] COMMANDCALL: _C.SafeAPI.Execute(["v1.part.sphere",[{"references":[17172],"name":"F1048_makeSphere_housing_py_78","radius":"@expr.d1049_radius","id":4}]])
[2026-09-16 14:19:35.334][VERB] RETURN: {"result":"$17180"}
[2026-09-16 14:19:35.334][VERB] COMMANDCALL: _C.SafeAPI.Execute(["v1.part.boolean",[{"type":"SUBTRACTION","tools":[17180],"target":17160,"name":"F9_cut_housing_py_418_tool_2","id":4}]])
[2026-09-16 14:19:35.353][VERB] RETURN: {"result":"$17195"}
[2026-09-16 14:19:35.354][VERB] COMMANDCALL: _C.SafeAPI.Execute(["v1.part.workCSys",[{"name":"F1050_makeSphere_housing_py_78_datum","offset":[50.8,22,22],"id":4}]])
[2026-09-16 14:19:35.362][VERB] RETURN: {"result":"$17207"}
[2026-09-16 14:19:35.363][VERB] COMMANDCALL: _C.SafeAPI.Execute(["v1.part.sphere",[{"references":[17207],"name":"F1050_makeSphere_housing_py_78","radius":"@expr.d1051_radius","id":4}]])
[2026-09-16 14:19:35.373][VERB] RETURN: {"result":"$17215"}
[2026-09-16 14:19:35.374][VERB] COMMANDCALL: _C.SafeAPI.Execute(["v1.part.boolean",[{"type":"SUBTRACTION","tools":[17215],"target":17195,"name":"F9_cut_housing_py_418_tool_3","id":4}]])
[2026-09-16 14:19:35.393][VERB] RETURN: {"result":"$17230"}
[2026-09-16 14:19:35.394][VERB] COMMANDCALL: _C.SafeAPI.Execute(["v1.part.workCSys",[{"name":"F1052_makeSphere_housing_py_78_datum","offset":[51,28,26],"id":4}]])
[2026-09-16 14:19:35.402][VERB] RETURN: {"result":"$17242"}
[2026-09-16 14:19:35.402][VERB] COMMANDCALL: _C.SafeAPI.Execute(["v1.part.sphere",[{"references":[17242],"name":"F1052_makeSphere_housing_py_78","radius":"@expr.d1053_radius","id":4}]])
[2026-09-16 14:19:35.413][VERB] RETURN: {"result":"$17250"}
[2026-09-16 14:19:35.414][VERB] COMMANDCALL: _C.SafeAPI.Execute(["v1.part.boolean",[{"type":"SUBTRACTION","tools":[17250],"target":17230,"name":"F9_cut_housing_py_418_tool_4","id":4}]])
[2026-09-16 14:19:35.434][VERB] RETURN: {"result":"$17265"}
[2026-09-16 14:19:35.434][VERB] COMMANDCALL: _C.SafeAPI.Execute(["v1.part.workPlane",[{"type":"PLANE","references":[46],"name":"F1054_makeCylinder_housing_py_81_plane","offset":"@expr.d1055_plane_offset","id":4}]])
[2026-09-16 14:19:35.443][VERB] RETURN: {"result":"$17277"}
[2026-09-16 14:19:35.444][VERB] COMMANDCALL: _C.SafeAPI.Execute(["v1.sketch.create",[{"planeId":17277,"name":"F1054_makeCylinder_housing_py_81_profile","id":4}]])
[2026-09-16 14:19:35.447][VERB] RETURN: {"result":"$17283"}
[2026-09-16 14:19:35.447][VERB] COMMANDCALL: _C.SafeAPI.Execute(["v1.sketch.circle",[{"radius":1,"id":17283,"genFixation":0,"centerPos":[22,-12,0]}]])
[2026-09-16 14:19:35.448][VERB] RETURN: {"result":"$17289"}
[2026-09-16 14:19:35.449][VERB] COMMANDCALL: _C.SafeAPI.Execute(["v1.sketch.getPoints",[{"id":17289}]])
[2026-09-16 14:19:35.449][VERB] RETURN: {"result":{"centerId":"$17290"}}
[2026-09-16 14:19:35.449][VERB] COMMANDCALL: _C.SafeAPI.Execute(["v1.sketch.point",[{"pos":[-1000,-1000,0],"id":17283}]])
[2026-09-16 14:19:35.450][VERB] RETURN: {"result":"$17292"}
[2026-09-16 14:19:35.451][VERB] COMMANDCALL: _C.SafeAPI.Execute(["v1.sketch.constraint",[{"type":"FIXATION","id":17283,"geomIds":[17292]}]])
[2026-09-16 14:19:35.452][VERB] RETURN: {"result":"$17294"}
[2026-09-16 14:19:35.452][VERB] COMMANDCALL: _C.SafeAPI.Execute(["v1.sketch.dimension",[{"type":"HORIZONTAL_DISTANCE","value":"@expr.d1056_position_x","name":"position_x","id":17283,"geomIds":[17292,17290]}]])
[2026-09-16 14:19:35.458][VERB] RETURN: {"result":"$17298"}
[2026-09-16 14:19:35.459][VERB] COMMANDCALL: _C.SafeAPI.Execute(["v1.sketch.dimension",[{"type":"VERTICAL_DISTANCE","value":"@expr.d1057_position_y","name":"position_y","id":17283,"geomIds":[17292,17290]}]])
[2026-09-16 14:19:35.470][VERB] RETURN: {"result":"$17302"}
[2026-09-16 14:19:35.471][VERB] COMMANDCALL: _C.SafeAPI.Execute(["v1.sketch.dimension",[{"type":"RADIUS","value":"@expr.d1058_radius","name":"radius","id":17283,"geomIds":[17289]}]])
[2026-09-16 14:19:35.479][VERB] RETURN: {"result":"$17306"}
[2026-09-16 14:19:35.480][VERB] COMMANDCALL: _C.SafeAPI.Execute(["v1.part.extrusion",[{"references":[17289],"name":"F1054_makeCylinder_housing_py_81","taperAngle":0,"limit2":"@expr.d1059_height","id":4}]])
[2026-09-16 14:19:35.499][VERB] RETURN: {"result":"$17310"}
[2026-09-16 14:19:35.501][VERB] COMMANDCALL: _C.SafeAPI.Execute(["v1.part.boolean",[{"type":"SUBTRACTION","tools":[17310],"target":17265,"name":"F9_cut_housing_py_418_tool_5","id":4}]])
[2026-09-16 14:19:35.528][VERB] RETURN: {"result":"$17332"}
[2026-09-16 14:19:35.529][VERB] COMMANDCALL: _C.SafeAPI.Execute(["v1.part.workPlane",[{"type":"PLANE","references":[42],"name":"F1060_makeCylinder_housing_py_81_plane","offset":"@expr.d1061_plane_offset","id":4}]])
[2026-09-16 14:19:35.543][VERB] RETURN: {"result":"$17344"}
[2026-09-16 14:19:35.544][VERB] COMMANDCALL: _C.SafeAPI.Execute(["v1.sketch.create",[{"planeId":17344,"name":"F1060_makeCylinder_housing_py_81_profile","id":4}]])
[2026-09-16 14:19:35.547][VERB] RETURN: {"result":"$17350"}
[2026-09-16 14:19:35.549][VERB] COMMANDCALL: _C.SafeAPI.Execute(["v1.sketch.circle",[{"radius":1,"id":17350,"genFixation":0,"centerPos":[33.5,-22,0]}]])
[2026-09-16 14:19:35.552][VERB] RETURN: {"result":"$17356"}
[2026-09-16 14:19:35.552][VERB] COMMANDCALL: _C.SafeAPI.Execute(["v1.sketch.getPoints",[{"id":17356}]])
[2026-09-16 14:19:35.552][VERB] RETURN: {"result":{"centerId":"$17357"}}
[2026-09-16 14:19:35.553][VERB] COMMANDCALL: _C.SafeAPI.Execute(["v1.sketch.point",[{"pos":[-1000,-1000,0],"id":17350}]])
[2026-09-16 14:19:35.554][VERB] RETURN: {"result":"$17359"}
[2026-09-16 14:19:35.554][VERB] COMMANDCALL: _C.SafeAPI.Execute(["v1.sketch.constraint",[{"type":"FIXATION","id":17350,"geomIds":[17359]}]])
[2026-09-16 14:19:35.555][VERB] RETURN: {"result":"$17361"}
[2026-09-16 14:19:35.556][VERB] COMMANDCALL: _C.SafeAPI.Execute(["v1.sketch.dimension",[{"type":"HORIZONTAL_DISTANCE","value":"@expr.d1062_position_x","name":"position_x","id":17350,"geomIds":[17359,17357]}]])
[2026-09-16 14:19:35.563][VERB] RETURN: {"result":"$17365"}
[2026-09-16 14:19:35.564][VERB] COMMANDCALL: _C.SafeAPI.Execute(["v1.sketch.dimension",[{"type":"VERTICAL_DISTANCE","value":"@expr.d1063_position_y","name":"position_y","id":17350,"geomIds":[17359,17357]}]])
[2026-09-16 14:19:35.572][VERB] RETURN: {"result":"$17369"}
[2026-09-16 14:19:35.573][VERB] COMMANDCALL: _C.SafeAPI.Execute(["v1.sketch.dimension",[{"type":"RADIUS","value":"@expr.d1064_radius","name":"radius","id":17350,"geomIds":[17356]}]])
[2026-09-16 14:19:35.579][VERB] RETURN: {"result":"$17373"}
[2026-09-16 14:19:35.580][VERB] COMMANDCALL: _C.SafeAPI.Execute(["v1.part.extrusion",[{"references":[17356],"name":"F1060_makeCylinder_housing_py_81","taperAngle":0,"limit2":"@expr.d1065_height","id":4}]])
[2026-09-16 14:19:35.593][VERB] RETURN: {"result":"$17377"}
[2026-09-16 14:19:35.594][VERB] COMMANDCALL: _C.SafeAPI.Execute(["v1.part.boolean",[{"type":"SUBTRACTION","tools":[17377],"target":17332,"name":"F9_cut_housing_py_418_tool_6","id":4}]])
[2026-09-16 14:19:35.613][VERB] RETURN: {"result":"$17399"}
[2026-09-16 14:19:35.614][VERB] COMMANDCALL: _C.SafeAPI.Execute(["v1.part.workPlane",[{"type":"PLANE","references":[46],"name":"F1066_makeCylinder_housing_py_81_plane","offset":"@expr.d1067_plane_offset","id":4}]])
[2026-09-16 14:19:35.620][VERB] RETURN: {"result":"$17411"}
[2026-09-16 14:19:35.620][VERB] COMMANDCALL: _C.SafeAPI.Execute(["v1.sketch.create",[{"planeId":17411,"name":"F1066_makeCylinder_housing_py_81_profile","id":4}]])
[2026-09-16 14:19:35.623][VERB] RETURN: {"result":"$17417"}
[2026-09-16 14:19:35.623][VERB] COMMANDCALL: _C.SafeAPI.Execute(["v1.sketch.circle",[{"radius":1,"id":17417,"genFixation":0,"centerPos":[22,-22,0]}]])
[2026-09-16 14:19:35.625][VERB] RETURN: {"result":"$17423"}
[2026-09-16 14:19:35.625][VERB] COMMANDCALL: _C.SafeAPI.Execute(["v1.sketch.getPoints",[{"id":17423}]])
[2026-09-16 14:19:35.626][VERB] RETURN: {"result":{"centerId":"$17424"}}
[2026-09-16 14:19:35.626][VERB] COMMANDCALL: _C.SafeAPI.Execute(["v1.sketch.point",[{"pos":[-1000,-1000,0],"id":17417}]])
[2026-09-16 14:19:35.627][VERB] RETURN: {"result":"$17426"}
[2026-09-16 14:19:35.628][VERB] COMMANDCALL: _C.SafeAPI.Execute(["v1.sketch.constraint",[{"type":"FIXATION","id":17417,"geomIds":[17426]}]])
[2026-09-16 14:19:35.629][VERB] RETURN: {"result":"$17428"}
[2026-09-16 14:19:35.629][VERB] COMMANDCALL: _C.SafeAPI.Execute(["v1.sketch.dimension",[{"type":"HORIZONTAL_DISTANCE","value":"@expr.d1068_position_x","name":"position_x","id":17417,"geomIds":[17426,17424]}]])
[2026-09-16 14:19:35.635][VERB] RETURN: {"result":"$17432"}
[2026-09-16 14:19:35.635][VERB] COMMANDCALL: _C.SafeAPI.Execute(["v1.sketch.dimension",[{"type":"VERTICAL_DISTANCE","value":"@expr.d1069_position_y","name":"position_y","id":17417,"geomIds":[17426,17424]}]])
[2026-09-16 14:19:35.641][VERB] RETURN: {"result":"$17436"}
[2026-09-16 14:19:35.642][VERB] COMMANDCALL: _C.SafeAPI.Execute(["v1.sketch.dimension",[{"type":"RADIUS","value":"@expr.d1070_radius","name":"radius","id":17417,"geomIds":[17423]}]])
[2026-09-16 14:19:35.648][VERB] RETURN: {"result":"$17440"}
[2026-09-16 14:19:35.649][VERB] COMMANDCALL: _C.SafeAPI.Execute(["v1.part.extrusion",[{"references":[17423],"name":"F1066_makeCylinder_housing_py_81","taperAngle":0,"limit2":"@expr.d1071_height","id":4}]])
[2026-09-16 14:19:35.660][VERB] RETURN: {"result":"$17444"}
[2026-09-16 14:19:35.661][VERB] COMMANDCALL: _C.SafeAPI.Execute(["v1.part.boolean",[{"type":"SUBTRACTION","tools":[17444],"target":17399,"name":"F9_cut_housing_py_418_tool_7","id":4}]])
[2026-09-16 14:19:35.680][VERB] RETURN: {"result":"$17466"}
[2026-09-16 14:19:35.680][VERB] COMMANDCALL: _C.SafeAPI.Execute(["v1.part.workPlane",[{"type":"PLANE","references":[38],"name":"F1072_makeCylinder_housing_py_81_local_plane","offset":"@expr.d1073_plane_offset","id":4}]])
[2026-09-16 14:19:35.687][VERB] RETURN: {"result":"$17478"}
[2026-09-16 14:19:35.688][VERB] COMMANDCALL: _C.SafeAPI.Execute(["v1.sketch.create",[{"planeId":17478,"name":"F1072_makeCylinder_housing_py_81_local_profile","id":4}]])
[2026-09-16 14:19:35.691][VERB] RETURN: {"result":"$17484"}
[2026-09-16 14:19:35.691][VERB] COMMANDCALL: _C.SafeAPI.Execute(["v1.sketch.circle",[{"radius":1,"id":17484,"genFixation":0,"centerPos":[0,0,0]}]])
[2026-09-16 14:19:35.693][VERB] RETURN: {"result":"$17490"}
[2026-09-16 14:19:35.693][VERB] COMMANDCALL: _C.SafeAPI.Execute(["v1.sketch.getPoints",[{"id":17490}]])
[2026-09-16 14:19:35.694][VERB] RETURN: {"result":{"centerId":"$17491"}}
[2026-09-16 14:19:35.694][VERB] COMMANDCALL: _C.SafeAPI.Execute(["v1.sketch.point",[{"pos":[-1000,-1000,0],"id":17484}]])
[2026-09-16 14:19:35.695][VERB] RETURN: {"result":"$17493"}
[2026-09-16 14:19:35.695][VERB] COMMANDCALL: _C.SafeAPI.Execute(["v1.sketch.constraint",[{"type":"FIXATION","id":17484,"geomIds":[17493]}]])
[2026-09-16 14:19:35.696][VERB] RETURN: {"result":"$17495"}
[2026-09-16 14:19:35.696][VERB] COMMANDCALL: _C.SafeAPI.Execute(["v1.sketch.dimension",[{"type":"HORIZONTAL_DISTANCE","value":"@expr.d1074_position_x","name":"position_x","id":17484,"geomIds":[17493,17491]}]])
[2026-09-16 14:19:35.701][VERB] RETURN: {"result":"$17499"}
[2026-09-16 14:19:35.702][VERB] COMMANDCALL: _C.SafeAPI.Execute(["v1.sketch.dimension",[{"type":"VERTICAL_DISTANCE","value":"@expr.d1075_position_y","name":"position_y","id":17484,"geomIds":[17493,17491]}]])
[2026-09-16 14:19:35.708][VERB] RETURN: {"result":"$17503"}
[2026-09-16 14:19:35.709][VERB] COMMANDCALL: _C.SafeAPI.Execute(["v1.sketch.dimension",[{"type":"RADIUS","value":"@expr.d1076_radius","name":"radius","id":17484,"geomIds":[17490]}]])
[2026-09-16 14:19:35.716][VERB] RETURN: {"result":"$17507"}
[2026-09-16 14:19:35.717][VERB] COMMANDCALL: _C.SafeAPI.Execute(["v1.part.extrusion",[{"references":[17490],"name":"F1072_makeCylinder_housing_py_81_local","taperAngle":0,"limit2":"@expr.d1077_height","id":4}]])
[2026-09-16 14:19:35.728][VERB] RETURN: {"result":"$17511"}
[2026-09-16 14:19:35.729][VERB] COMMANDCALL: _C.SafeAPI.Execute(["v1.part.workAxis",[{"name":"F1072_makeCylinder_housing_py_81_axis","id":4,"position":[0,0,0],"direction":[-6,0.2,0]}]])
[2026-09-16 14:19:35.736][VERB] RETURN: {"result":"$17533"}
[2026-09-16 14:19:35.737][VERB] COMMANDCALL: _C.SafeAPI.Execute(["v1.part.rotation",[{"targets":[17511],"name":"F1072_makeCylinder_housing_py_81_orientation","id":4,"references":[17533],"angle":0.98304996378591}]])
[2026-09-16 14:19:35.746][VERB] RETURN: {"result":"$17541"}
[2026-09-16 14:19:35.747][VERB] COMMANDCALL: _C.SafeAPI.Execute(["v1.part.translation",[{"references":[26],"name":"F1072_makeCylinder_housing_py_81_0","id":4,"targets":[17541],"distance":"@expr.d1078_position"}]])
[2026-09-16 14:19:35.754][VERB] RETURN: {"result":"$17552"}
[2026-09-16 14:19:35.755][VERB] COMMANDCALL: _C.SafeAPI.Execute(["v1.part.translation",[{"references":[30],"name":"F1072_makeCylinder_housing_py_81_1","id":4,"targets":[17552],"distance":"@expr.d1079_position"}]])
[2026-09-16 14:19:35.764][VERB] RETURN: {"result":"$17563"}
[2026-09-16 14:19:35.764][VERB] COMMANDCALL: _C.SafeAPI.Execute(["v1.part.translation",[{"references":[34],"name":"F1072_makeCylinder_housing_py_81_2","id":4,"targets":[17563],"distance":"@expr.d1080_position"}]])
[2026-09-16 14:19:35.771][VERB] RETURN: {"result":"$17574"}
[2026-09-16 14:19:35.772][VERB] COMMANDCALL: _C.SafeAPI.Execute(["v1.part.boolean",[{"type":"SUBTRACTION","tools":[17574],"target":17466,"name":"F9_cut_housing_py_418_tool_8","id":4}]])
[2026-09-16 14:19:35.793][VERB] RETURN: {"result":"$17585"}
[2026-09-16 14:19:35.793][VERB] COMMANDCALL: _C.SafeAPI.Execute(["v1.part.workCSys",[{"name":"F1081_makeSphere_housing_py_78_datum","offset":[42,23,13.3],"id":4}]])
[2026-09-16 14:19:35.799][VERB] RETURN: {"result":"$17597"}
[2026-09-16 14:19:35.800][VERB] COMMANDCALL: _C.SafeAPI.Execute(["v1.part.sphere",[{"references":[17597],"name":"F1081_makeSphere_housing_py_78","radius":"@expr.d1082_radius","id":4}]])
[2026-09-16 14:19:35.808][VERB] RETURN: {"result":"$17605"}
[2026-09-16 14:19:35.809][VERB] COMMANDCALL: _C.SafeAPI.Execute(["v1.part.boolean",[{"type":"SUBTRACTION","tools":[17605],"target":17585,"name":"F8_cut_housing_py_418_tool_0","id":4}]])
[2026-09-16 14:19:35.827][VERB] RETURN: {"result":"$17620"}
[2026-09-16 14:19:35.827][VERB] COMMANDCALL: _C.SafeAPI.Execute(["v1.part.workCSys",[{"name":"F1083_makeSphere_housing_py_78_datum","offset":[46,23,13.3],"id":4}]])
[2026-09-16 14:19:35.834][VERB] RETURN: {"result":"$17632"}
[2026-09-16 14:19:35.834][VERB] COMMANDCALL: _C.SafeAPI.Execute(["v1.part.sphere",[{"references":[17632],"name":"F1083_makeSphere_housing_py_78","radius":"@expr.d1084_radius","id":4}]])
[2026-09-16 14:19:35.844][VERB] RETURN: {"result":"$17640"}
[2026-09-16 14:19:35.845][VERB] COMMANDCALL: _C.SafeAPI.Execute(["v1.part.boolean",[{"type":"SUBTRACTION","tools":[17640],"target":17620,"name":"F8_cut_housing_py_418_tool_1","id":4}]])
[2026-09-16 14:19:35.862][VERB] RETURN: {"result":"$17655"}
[2026-09-16 14:19:35.862][VERB] COMMANDCALL: _C.SafeAPI.Execute(["v1.part.workCSys",[{"name":"F1085_makeSphere_housing_py_78_datum","offset":[46,21.8,13.3],"id":4}]])
[2026-09-16 14:19:35.869][VERB] RETURN: {"result":"$17667"}
[2026-09-16 14:19:35.870][VERB] COMMANDCALL: _C.SafeAPI.Execute(["v1.part.sphere",[{"references":[17667],"name":"F1085_makeSphere_housing_py_78","radius":"@expr.d1086_radius","id":4}]])
[2026-09-16 14:19:35.880][VERB] RETURN: {"result":"$17675"}
[2026-09-16 14:19:35.880][VERB] COMMANDCALL: _C.SafeAPI.Execute(["v1.part.boolean",[{"type":"SUBTRACTION","tools":[17675],"target":17655,"name":"F8_cut_housing_py_418_tool_2","id":4}]])
[2026-09-16 14:19:35.898][VERB] RETURN: {"result":"$17690"}
[2026-09-16 14:19:35.899][VERB] COMMANDCALL: _C.SafeAPI.Execute(["v1.part.workCSys",[{"name":"F1087_makeSphere_housing_py_78_datum","offset":[49.8,21.8,18],"id":4}]])
[2026-09-16 14:19:35.908][VERB] RETURN: {"result":"$17702"}
[2026-09-16 14:19:35.908][VERB] COMMANDCALL: _C.SafeAPI.Execute(["v1.part.sphere",[{"references":[17702],"name":"F1087_makeSphere_housing_py_78","radius":"@expr.d1088_radius","id":4}]])
[2026-09-16 14:19:35.916][VERB] RETURN: {"result":"$17710"}
[2026-09-16 14:19:35.917][VERB] COMMANDCALL: _C.SafeAPI.Execute(["v1.part.boolean",[{"type":"SUBTRACTION","tools":[17710],"target":17690,"name":"F8_cut_housing_py_418_tool_3","id":4}]])
[2026-09-16 14:19:35.935][VERB] RETURN: {"result":"$17725"}
[2026-09-16 14:19:35.936][VERB] COMMANDCALL: _C.SafeAPI.Execute(["v1.part.workCSys",[{"name":"F1089_makeSphere_housing_py_78_datum","offset":[49.8,26.2,20.4],"id":4}]])
[2026-09-16 14:19:35.944][VERB] RETURN: {"result":"$17737"}
[2026-09-16 14:19:35.944][VERB] COMMANDCALL: _C.SafeAPI.Execute(["v1.part.sphere",[{"references":[17737],"name":"F1089_makeSphere_housing_py_78","radius":"@expr.d1090_radius","id":4}]])
[2026-09-16 14:19:35.953][VERB] RETURN: {"result":"$17745"}
[2026-09-16 14:19:35.954][VERB] COMMANDCALL: _C.SafeAPI.Execute(["v1.part.boolean",[{"type":"SUBTRACTION","tools":[17745],"target":17725,"name":"F8_cut_housing_py_418_tool_4","id":4}]])
[2026-09-16 14:19:35.972][VERB] RETURN: {"result":"$17760"}
[2026-09-16 14:19:35.973][VERB] COMMANDCALL: _C.SafeAPI.Execute(["v1.part.workCSys",[{"name":"F1091_makeSphere_housing_py_78_datum","offset":[25.4,26.2,20.4],"id":4}]])
[2026-09-16 14:19:35.980][VERB] RETURN: {"result":"$17772"}
[2026-09-16 14:19:35.980][VERB] COMMANDCALL: _C.SafeAPI.Execute(["v1.part.sphere",[{"references":[17772],"name":"F1091_makeSphere_housing_py_78","radius":"@expr.d1092_radius","id":4}]])
[2026-09-16 14:19:35.990][VERB] RETURN: {"result":"$17780"}
[2026-09-16 14:19:35.990][VERB] COMMANDCALL: _C.SafeAPI.Execute(["v1.part.boolean",[{"type":"SUBTRACTION","tools":[17780],"target":17760,"name":"F8_cut_housing_py_418_tool_5","id":4}]])
[2026-09-16 14:19:36.007][VERB] RETURN: {"result":"$17795"}
[2026-09-16 14:19:36.008][VERB] COMMANDCALL: _C.SafeAPI.Execute(["v1.part.workCSys",[{"name":"F1093_makeSphere_housing_py_78_datum","offset":[25.4,26.2,24.5],"id":4}]])
[2026-09-16 14:19:36.015][VERB] RETURN: {"result":"$17807"}
[2026-09-16 14:19:36.015][VERB] COMMANDCALL: _C.SafeAPI.Execute(["v1.part.sphere",[{"references":[17807],"name":"F1093_makeSphere_housing_py_78","radius":"@expr.d1094_radius","id":4}]])
[2026-09-16 14:19:36.024][VERB] RETURN: {"result":"$17815"}
[2026-09-16 14:19:36.026][VERB] COMMANDCALL: _C.SafeAPI.Execute(["v1.part.boolean",[{"type":"SUBTRACTION","tools":[17815],"target":17795,"name":"F8_cut_housing_py_418_tool_6","id":4}]])
[2026-09-16 14:19:36.044][VERB] RETURN: {"result":"$17830"}
[2026-09-16 14:19:36.045][VERB] COMMANDCALL: _C.SafeAPI.Execute(["v1.part.workPlane",[{"type":"PLANE","references":[46],"name":"F1095_makeCylinder_housing_py_81_plane","offset":"@expr.d1096_plane_offset","id":4}]])
[2026-09-16 14:19:36.054][VERB] RETURN: {"result":"$17842"}
[2026-09-16 14:19:36.055][VERB] COMMANDCALL: _C.SafeAPI.Execute(["v1.sketch.create",[{"planeId":17842,"name":"F1095_makeCylinder_housing_py_81_profile","id":4}]])
[2026-09-16 14:19:36.057][VERB] RETURN: {"result":"$17848"}
[2026-09-16 14:19:36.058][VERB] COMMANDCALL: _C.SafeAPI.Execute(["v1.sketch.circle",[{"radius":0.65,"id":17848,"genFixation":0,"centerPos":[13.3,-23,0]}]])
[2026-09-16 14:19:36.059][VERB] RETURN: {"result":"$17854"}
[2026-09-16 14:19:36.059][VERB] COMMANDCALL: _C.SafeAPI.Execute(["v1.sketch.getPoints",[{"id":17854}]])
[2026-09-16 14:19:36.060][VERB] RETURN: {"result":{"centerId":"$17855"}}
[2026-09-16 14:19:36.060][VERB] COMMANDCALL: _C.SafeAPI.Execute(["v1.sketch.point",[{"pos":[-1000,-1000,0],"id":17848}]])
[2026-09-16 14:19:36.061][VERB] RETURN: {"result":"$17857"}
[2026-09-16 14:19:36.061][VERB] COMMANDCALL: _C.SafeAPI.Execute(["v1.sketch.constraint",[{"type":"FIXATION","id":17848,"geomIds":[17857]}]])
[2026-09-16 14:19:36.062][VERB] RETURN: {"result":"$17859"}
[2026-09-16 14:19:36.063][VERB] COMMANDCALL: _C.SafeAPI.Execute(["v1.sketch.dimension",[{"type":"HORIZONTAL_DISTANCE","value":"@expr.d1097_position_x","name":"position_x","id":17848,"geomIds":[17857,17855]}]])
[2026-09-16 14:19:36.068][VERB] RETURN: {"result":"$17863"}
[2026-09-16 14:19:36.068][VERB] COMMANDCALL: _C.SafeAPI.Execute(["v1.sketch.dimension",[{"type":"VERTICAL_DISTANCE","value":"@expr.d1098_position_y","name":"position_y","id":17848,"geomIds":[17857,17855]}]])
[2026-09-16 14:19:36.075][VERB] RETURN: {"result":"$17867"}
[2026-09-16 14:19:36.076][VERB] COMMANDCALL: _C.SafeAPI.Execute(["v1.sketch.dimension",[{"type":"RADIUS","value":"@expr.d1099_radius","name":"radius","id":17848,"geomIds":[17854]}]])
[2026-09-16 14:19:36.082][VERB] RETURN: {"result":"$17871"}
[2026-09-16 14:19:36.082][VERB] COMMANDCALL: _C.SafeAPI.Execute(["v1.part.extrusion",[{"references":[17854],"name":"F1095_makeCylinder_housing_py_81","taperAngle":0,"limit2":"@expr.d1100_height","id":4}]])
[2026-09-16 14:19:36.095][VERB] RETURN: {"result":"$17875"}
[2026-09-16 14:19:36.096][VERB] COMMANDCALL: _C.SafeAPI.Execute(["v1.part.boolean",[{"type":"SUBTRACTION","tools":[17875],"target":17830,"name":"F8_cut_housing_py_418_tool_7","id":4}]])
[2026-09-16 14:19:36.118][VERB] RETURN: {"result":"$17897"}
[2026-09-16 14:19:36.119][VERB] COMMANDCALL: _C.SafeAPI.Execute(["v1.part.workPlane",[{"type":"PLANE","references":[42],"name":"F1101_makeCylinder_housing_py_81_plane","offset":"@expr.d1102_plane_offset","id":4}]])
[2026-09-16 14:19:36.128][VERB] RETURN: {"result":"$17909"}
[2026-09-16 14:19:36.128][VERB] COMMANDCALL: _C.SafeAPI.Execute(["v1.sketch.create",[{"planeId":17909,"name":"F1101_makeCylinder_housing_py_81_profile","id":4}]])
[2026-09-16 14:19:36.131][VERB] RETURN: {"result":"$17915"}
[2026-09-16 14:19:36.131][VERB] COMMANDCALL: _C.SafeAPI.Execute(["v1.sketch.circle",[{"radius":0.65,"id":17915,"genFixation":0,"centerPos":[46,-13.3,0]}]])
[2026-09-16 14:19:36.132][VERB] RETURN: {"result":"$17921"}
[2026-09-16 14:19:36.132][VERB] COMMANDCALL: _C.SafeAPI.Execute(["v1.sketch.getPoints",[{"id":17921}]])
[2026-09-16 14:19:36.133][VERB] RETURN: {"result":{"centerId":"$17922"}}
[2026-09-16 14:19:36.133][VERB] COMMANDCALL: _C.SafeAPI.Execute(["v1.sketch.point",[{"pos":[-1000,-1000,0],"id":17915}]])
[2026-09-16 14:19:36.134][VERB] RETURN: {"result":"$17924"}
[2026-09-16 14:19:36.134][VERB] COMMANDCALL: _C.SafeAPI.Execute(["v1.sketch.constraint",[{"type":"FIXATION","id":17915,"geomIds":[17924]}]])
[2026-09-16 14:19:36.136][VERB] RETURN: {"result":"$17926"}
[2026-09-16 14:19:36.136][VERB] COMMANDCALL: _C.SafeAPI.Execute(["v1.sketch.dimension",[{"type":"HORIZONTAL_DISTANCE","value":"@expr.d1103_position_x","name":"position_x","id":17915,"geomIds":[17924,17922]}]])
[2026-09-16 14:19:36.141][VERB] RETURN: {"result":"$17930"}
[2026-09-16 14:19:36.142][VERB] COMMANDCALL: _C.SafeAPI.Execute(["v1.sketch.dimension",[{"type":"VERTICAL_DISTANCE","value":"@expr.d1104_position_y","name":"position_y","id":17915,"geomIds":[17924,17922]}]])
[2026-09-16 14:19:36.148][VERB] RETURN: {"result":"$17934"}
[2026-09-16 14:19:36.149][VERB] COMMANDCALL: _C.SafeAPI.Execute(["v1.sketch.dimension",[{"type":"RADIUS","value":"@expr.d1105_radius","name":"radius","id":17915,"geomIds":[17921]}]])
[2026-09-16 14:19:36.155][VERB] RETURN: {"result":"$17938"}
[2026-09-16 14:19:36.155][VERB] COMMANDCALL: _C.SafeAPI.Execute(["v1.part.extrusion",[{"references":[17921],"name":"F1101_makeCylinder_housing_py_81","taperAngle":0,"limit2":"@expr.d1106_height","id":4}]])
[2026-09-16 14:19:36.167][VERB] RETURN: {"result":"$17942"}
[2026-09-16 14:19:36.167][VERB] COMMANDCALL: _C.SafeAPI.Execute(["v1.part.boolean",[{"type":"SUBTRACTION","tools":[17942],"target":17897,"name":"F8_cut_housing_py_418_tool_8","id":4}]])
[2026-09-16 14:19:36.189][VERB] RETURN: {"result":"$17964"}
[2026-09-16 14:19:36.190][VERB] COMMANDCALL: _C.SafeAPI.Execute(["v1.part.workPlane",[{"type":"PLANE","references":[38],"name":"F1107_makeCylinder_housing_py_81_local_plane","offset":"@expr.d1108_plane_offset","id":4}]])
[2026-09-16 14:19:36.198][VERB] RETURN: {"result":"$17976"}
[2026-09-16 14:19:36.199][VERB] COMMANDCALL: _C.SafeAPI.Execute(["v1.sketch.create",[{"planeId":17976,"name":"F1107_makeCylinder_housing_py_81_local_profile","id":4}]])
[2026-09-16 14:19:36.202][VERB] RETURN: {"result":"$17982"}
[2026-09-16 14:19:36.202][VERB] COMMANDCALL: _C.SafeAPI.Execute(["v1.sketch.circle",[{"radius":0.65,"id":17982,"genFixation":0,"centerPos":[0,0,0]}]])
[2026-09-16 14:19:36.203][VERB] RETURN: {"result":"$17988"}
[2026-09-16 14:19:36.204][VERB] COMMANDCALL: _C.SafeAPI.Execute(["v1.sketch.getPoints",[{"id":17988}]])
[2026-09-16 14:19:36.204][VERB] RETURN: {"result":{"centerId":"$17989"}}
[2026-09-16 14:19:36.204][VERB] COMMANDCALL: _C.SafeAPI.Execute(["v1.sketch.point",[{"pos":[-1000,-1000,0],"id":17982}]])
[2026-09-16 14:19:36.205][VERB] RETURN: {"result":"$17991"}
[2026-09-16 14:19:36.205][VERB] COMMANDCALL: _C.SafeAPI.Execute(["v1.sketch.constraint",[{"type":"FIXATION","id":17982,"geomIds":[17991]}]])
[2026-09-16 14:19:36.206][VERB] RETURN: {"result":"$17993"}
[2026-09-16 14:19:36.207][VERB] COMMANDCALL: _C.SafeAPI.Execute(["v1.sketch.dimension",[{"type":"HORIZONTAL_DISTANCE","value":"@expr.d1109_position_x","name":"position_x","id":17982,"geomIds":[17991,17989]}]])
[2026-09-16 14:19:36.213][VERB] RETURN: {"result":"$17997"}
[2026-09-16 14:19:36.213][VERB] COMMANDCALL: _C.SafeAPI.Execute(["v1.sketch.dimension",[{"type":"VERTICAL_DISTANCE","value":"@expr.d1110_position_y","name":"position_y","id":17982,"geomIds":[17991,17989]}]])
[2026-09-16 14:19:36.220][VERB] RETURN: {"result":"$18001"}
[2026-09-16 14:19:36.220][VERB] COMMANDCALL: _C.SafeAPI.Execute(["v1.sketch.dimension",[{"type":"RADIUS","value":"@expr.d1111_radius","name":"radius","id":17982,"geomIds":[17988]}]])
[2026-09-16 14:19:36.227][VERB] RETURN: {"result":"$18005"}
[2026-09-16 14:19:36.228][VERB] COMMANDCALL: _C.SafeAPI.Execute(["v1.part.extrusion",[{"references":[17988],"name":"F1107_makeCylinder_housing_py_81_local","taperAngle":0,"limit2":"@expr.d1112_height","id":4}]])
[2026-09-16 14:19:36.242][VERB] RETURN: {"result":"$18009"}
[2026-09-16 14:19:36.243][VERB] COMMANDCALL: _C.SafeAPI.Execute(["v1.part.workAxis",[{"name":"F1107_makeCylinder_housing_py_81_axis","id":4,"position":[0,0,0],"direction":[0,3.8,0]}]])
[2026-09-16 14:19:36.250][VERB] RETURN: {"result":"$18031"}
[2026-09-16 14:19:36.251][VERB] COMMANDCALL: _C.SafeAPI.Execute(["v1.part.rotation",[{"targets":[18009],"name":"F1107_makeCylinder_housing_py_81_orientation","id":4,"references":[18031],"angle":0.67990885487236}]])
[2026-09-16 14:19:36.261][VERB] RETURN: {"result":"$18039"}
[2026-09-16 14:19:36.262][VERB] COMMANDCALL: _C.SafeAPI.Execute(["v1.part.translation",[{"references":[26],"name":"F1107_makeCylinder_housing_py_81_0","id":4,"targets":[18039],"distance":"@expr.d1113_position"}]])
[2026-09-16 14:19:36.270][VERB] RETURN: {"result":"$18050"}
[2026-09-16 14:19:36.271][VERB] COMMANDCALL: _C.SafeAPI.Execute(["v1.part.translation",[{"references":[30],"name":"F1107_makeCylinder_housing_py_81_1","id":4,"targets":[18050],"distance":"@expr.d1114_position"}]])
[2026-09-16 14:19:36.282][VERB] RETURN: {"result":"$18061"}
[2026-09-16 14:19:36.283][VERB] COMMANDCALL: _C.SafeAPI.Execute(["v1.part.translation",[{"references":[34],"name":"F1107_makeCylinder_housing_py_81_2","id":4,"targets":[18061],"distance":"@expr.d1115_position"}]])
[2026-09-16 14:19:36.292][VERB] RETURN: {"result":"$18072"}
[2026-09-16 14:19:36.293][VERB] COMMANDCALL: _C.SafeAPI.Execute(["v1.part.boolean",[{"type":"SUBTRACTION","tools":[18072],"target":17964,"name":"F8_cut_housing_py_418_tool_9","id":4}]])
[2026-09-16 14:19:36.316][VERB] RETURN: {"result":"$18083"}
[2026-09-16 14:19:36.317][VERB] COMMANDCALL: _C.SafeAPI.Execute(["v1.part.workPlane",[{"type":"PLANE","references":[38],"name":"F1116_makeCylinder_housing_py_81_local_plane","offset":"@expr.d1117_plane_offset","id":4}]])
[2026-09-16 14:19:36.325][VERB] RETURN: {"result":"$18095"}
[2026-09-16 14:19:36.326][VERB] COMMANDCALL: _C.SafeAPI.Execute(["v1.sketch.create",[{"planeId":18095,"name":"F1116_makeCylinder_housing_py_81_local_profile","id":4}]])
[2026-09-16 14:19:36.329][VERB] RETURN: {"result":"$18101"}
[2026-09-16 14:19:36.329][VERB] COMMANDCALL: _C.SafeAPI.Execute(["v1.sketch.circle",[{"radius":0.65,"id":18101,"genFixation":0,"centerPos":[0,0,0]}]])
[2026-09-16 14:19:36.331][VERB] RETURN: {"result":"$18107"}
[2026-09-16 14:19:36.331][VERB] COMMANDCALL: _C.SafeAPI.Execute(["v1.sketch.getPoints",[{"id":18107}]])
[2026-09-16 14:19:36.331][VERB] RETURN: {"result":{"centerId":"$18108"}}
[2026-09-16 14:19:36.331][VERB] COMMANDCALL: _C.SafeAPI.Execute(["v1.sketch.point",[{"pos":[-1000,-1000,0],"id":18101}]])
[2026-09-16 14:19:36.332][VERB] RETURN: {"result":"$18110"}
[2026-09-16 14:19:36.332][VERB] COMMANDCALL: _C.SafeAPI.Execute(["v1.sketch.constraint",[{"type":"FIXATION","id":18101,"geomIds":[18110]}]])
[2026-09-16 14:19:36.334][VERB] RETURN: {"result":"$18112"}
[2026-09-16 14:19:36.334][VERB] COMMANDCALL: _C.SafeAPI.Execute(["v1.sketch.dimension",[{"type":"HORIZONTAL_DISTANCE","value":"@expr.d1118_position_x","name":"position_x","id":18101,"geomIds":[18110,18108]}]])
[2026-09-16 14:19:36.340][VERB] RETURN: {"result":"$18116"}
[2026-09-16 14:19:36.340][VERB] COMMANDCALL: _C.SafeAPI.Execute(["v1.sketch.dimension",[{"type":"VERTICAL_DISTANCE","value":"@expr.d1119_position_y","name":"position_y","id":18101,"geomIds":[18110,18108]}]])
[2026-09-16 14:19:36.346][VERB] RETURN: {"result":"$18120"}
[2026-09-16 14:19:36.347][VERB] COMMANDCALL: _C.SafeAPI.Execute(["v1.sketch.dimension",[{"type":"RADIUS","value":"@expr.d1120_radius","name":"radius","id":18101,"geomIds":[18107]}]])
[2026-09-16 14:19:36.354][VERB] RETURN: {"result":"$18124"}
[2026-09-16 14:19:36.354][VERB] COMMANDCALL: _C.SafeAPI.Execute(["v1.part.extrusion",[{"references":[18107],"name":"F1116_makeCylinder_housing_py_81_local","taperAngle":0,"limit2":"@expr.d1121_height","id":4}]])
[2026-09-16 14:19:36.365][VERB] RETURN: {"result":"$18128"}
[2026-09-16 14:19:36.366][VERB] COMMANDCALL: _C.SafeAPI.Execute(["v1.part.workAxis",[{"name":"F1116_makeCylinder_housing_py_81_axis","id":4,"position":[0,0,0],"direction":[-4.4,0,0]}]])
[2026-09-16 14:19:36.375][VERB] RETURN: {"result":"$18150"}
[2026-09-16 14:19:36.376][VERB] COMMANDCALL: _C.SafeAPI.Execute(["v1.part.rotation",[{"targets":[18128],"name":"F1116_makeCylinder_housing_py_81_orientation","id":4,"references":[18150],"angle":1.0714496051148}]])
[2026-09-16 14:19:36.384][VERB] RETURN: {"result":"$18158"}
[2026-09-16 14:19:36.385][VERB] COMMANDCALL: _C.SafeAPI.Execute(["v1.part.translation",[{"references":[26],"name":"F1116_makeCylinder_housing_py_81_0","id":4,"targets":[18158],"distance":"@expr.d1122_position"}]])
[2026-09-16 14:19:36.395][VERB] RETURN: {"result":"$18169"}
[2026-09-16 14:19:36.396][VERB] COMMANDCALL: _C.SafeAPI.Execute(["v1.part.translation",[{"references":[30],"name":"F1116_makeCylinder_housing_py_81_1","id":4,"targets":[18169],"distance":"@expr.d1123_position"}]])
[2026-09-16 14:19:36.406][VERB] RETURN: {"result":"$18180"}
[2026-09-16 14:19:36.406][VERB] COMMANDCALL: _C.SafeAPI.Execute(["v1.part.translation",[{"references":[34],"name":"F1116_makeCylinder_housing_py_81_2","id":4,"targets":[18180],"distance":"@expr.d1124_position"}]])
[2026-09-16 14:19:36.415][VERB] RETURN: {"result":"$18191"}
[2026-09-16 14:19:36.416][VERB] COMMANDCALL: _C.SafeAPI.Execute(["v1.part.boolean",[{"type":"SUBTRACTION","tools":[18191],"target":18083,"name":"F8_cut_housing_py_418_tool_10","id":4}]])
[2026-09-16 14:19:36.438][VERB] RETURN: {"result":"$18202"}
[2026-09-16 14:19:36.439][VERB] COMMANDCALL: _C.SafeAPI.Execute(["v1.part.workPlane",[{"type":"PLANE","references":[46],"name":"F1125_makeCylinder_housing_py_81_plane","offset":"@expr.d1126_plane_offset","id":4}]])
[2026-09-16 14:19:36.447][VERB] RETURN: {"result":"$18214"}
[2026-09-16 14:19:36.447][VERB] COMMANDCALL: _C.SafeAPI.Execute(["v1.sketch.create",[{"planeId":18214,"name":"F1125_makeCylinder_housing_py_81_profile","id":4}]])
[2026-09-16 14:19:36.449][VERB] RETURN: {"result":"$18220"}
[2026-09-16 14:19:36.449][VERB] COMMANDCALL: _C.SafeAPI.Execute(["v1.sketch.circle",[{"radius":0.65,"id":18220,"genFixation":0,"centerPos":[20.4,-26.2,0]}]])
[2026-09-16 14:19:36.451][VERB] RETURN: {"result":"$18226"}
[2026-09-16 14:19:36.452][VERB] COMMANDCALL: _C.SafeAPI.Execute(["v1.sketch.getPoints",[{"id":18226}]])
[2026-09-16 14:19:36.452][VERB] RETURN: {"result":{"centerId":"$18227"}}
[2026-09-16 14:19:36.453][VERB] COMMANDCALL: _C.SafeAPI.Execute(["v1.sketch.point",[{"pos":[-1000,-1000,0],"id":18220}]])
[2026-09-16 14:19:36.454][VERB] RETURN: {"result":"$18229"}
[2026-09-16 14:19:36.454][VERB] COMMANDCALL: _C.SafeAPI.Execute(["v1.sketch.constraint",[{"type":"FIXATION","id":18220,"geomIds":[18229]}]])
[2026-09-16 14:19:36.455][VERB] RETURN: {"result":"$18231"}
[2026-09-16 14:19:36.455][VERB] COMMANDCALL: _C.SafeAPI.Execute(["v1.sketch.dimension",[{"type":"HORIZONTAL_DISTANCE","value":"@expr.d1127_position_x","name":"position_x","id":18220,"geomIds":[18229,18227]}]])
[2026-09-16 14:19:36.461][VERB] RETURN: {"result":"$18235"}
[2026-09-16 14:19:36.461][VERB] COMMANDCALL: _C.SafeAPI.Execute(["v1.sketch.dimension",[{"type":"VERTICAL_DISTANCE","value":"@expr.d1128_position_y","name":"position_y","id":18220,"geomIds":[18229,18227]}]])
[2026-09-16 14:19:36.467][VERB] RETURN: {"result":"$18239"}
[2026-09-16 14:19:36.467][VERB] COMMANDCALL: _C.SafeAPI.Execute(["v1.sketch.dimension",[{"type":"RADIUS","value":"@expr.d1129_radius","name":"radius","id":18220,"geomIds":[18226]}]])
[2026-09-16 14:19:36.474][VERB] RETURN: {"result":"$18243"}
[2026-09-16 14:19:36.475][VERB] COMMANDCALL: _C.SafeAPI.Execute(["v1.part.extrusion",[{"references":[18226],"name":"F1125_makeCylinder_housing_py_81","taperAngle":0,"limit2":"@expr.d1130_height","id":4}]])
[2026-09-16 14:19:36.487][VERB] RETURN: {"result":"$18247"}
[2026-09-16 14:19:36.488][VERB] COMMANDCALL: _C.SafeAPI.Execute(["v1.part.boolean",[{"type":"SUBTRACTION","tools":[18247],"target":18202,"name":"F8_cut_housing_py_418_tool_11","id":4}]])
[2026-09-16 14:19:36.509][VERB] RETURN: {"result":"$18269"}
[2026-09-16 14:19:36.510][VERB] COMMANDCALL: _C.SafeAPI.Execute(["v1.part.workPlane",[{"type":"PLANE","references":[38],"name":"F1131_makeCylinder_housing_py_81_plane","offset":"@expr.d1132_plane_offset","id":4}]])
[2026-09-16 14:19:36.525][VERB] RETURN: {"result":"$18281"}
[2026-09-16 14:19:36.526][VERB] COMMANDCALL: _C.SafeAPI.Execute(["v1.sketch.create",[{"planeId":18281,"name":"F1131_makeCylinder_housing_py_81_profile","id":4}]])
[2026-09-16 14:19:36.530][VERB] RETURN: {"result":"$18287"}
[2026-09-16 14:19:36.530][VERB] COMMANDCALL: _C.SafeAPI.Execute(["v1.sketch.circle",[{"radius":0.65,"id":18287,"genFixation":0,"centerPos":[25.4,26.2,0]}]])
[2026-09-16 14:19:36.531][VERB] RETURN: {"result":"$18293"}
[2026-09-16 14:19:36.532][VERB] COMMANDCALL: _C.SafeAPI.Execute(["v1.sketch.getPoints",[{"id":18293}]])
[2026-09-16 14:19:36.532][VERB] RETURN: {"result":{"centerId":"$18294"}}
[2026-09-16 14:19:36.532][VERB] COMMANDCALL: _C.SafeAPI.Execute(["v1.sketch.point",[{"pos":[-1000,-1000,0],"id":18287}]])
[2026-09-16 14:19:36.534][VERB] RETURN: {"result":"$18296"}
[2026-09-16 14:19:36.534][VERB] COMMANDCALL: _C.SafeAPI.Execute(["v1.sketch.constraint",[{"type":"FIXATION","id":18287,"geomIds":[18296]}]])
[2026-09-16 14:19:36.535][VERB] RETURN: {"result":"$18298"}
[2026-09-16 14:19:36.535][VERB] COMMANDCALL: _C.SafeAPI.Execute(["v1.sketch.dimension",[{"type":"HORIZONTAL_DISTANCE","value":"@expr.d1133_position_x","name":"position_x","id":18287,"geomIds":[18296,18294]}]])
[2026-09-16 14:19:36.542][VERB] RETURN: {"result":"$18302"}
[2026-09-16 14:19:36.543][VERB] COMMANDCALL: _C.SafeAPI.Execute(["v1.sketch.dimension",[{"type":"VERTICAL_DISTANCE","value":"@expr.d1134_position_y","name":"position_y","id":18287,"geomIds":[18296,18294]}]])
[2026-09-16 14:19:36.549][VERB] RETURN: {"result":"$18306"}
[2026-09-16 14:19:36.549][VERB] COMMANDCALL: _C.SafeAPI.Execute(["v1.sketch.dimension",[{"type":"RADIUS","value":"@expr.d1135_radius","name":"radius","id":18287,"geomIds":[18293]}]])
[2026-09-16 14:19:36.555][VERB] RETURN: {"result":"$18310"}
[2026-09-16 14:19:36.555][VERB] COMMANDCALL: _C.SafeAPI.Execute(["v1.part.extrusion",[{"references":[18293],"name":"F1131_makeCylinder_housing_py_81","taperAngle":0,"limit2":"@expr.d1136_height","id":4}]])
[2026-09-16 14:19:36.567][VERB] RETURN: {"result":"$18314"}
[2026-09-16 14:19:36.567][VERB] COMMANDCALL: _C.SafeAPI.Execute(["v1.part.boolean",[{"type":"SUBTRACTION","tools":[18314],"target":18269,"name":"F8_cut_housing_py_418_tool_12","id":4}]])
[2026-09-16 14:19:36.590][VERB] RETURN: {"result":"$18336"}
[2026-09-16 14:19:36.590][VERB] COMMANDCALL: _C.SafeAPI.Execute(["v1.part.workCSys",[{"name":"F1137_makeSphere_housing_py_78_datum","offset":[52.1,49,6],"id":4}]])
[2026-09-16 14:19:36.598][VERB] RETURN: {"result":"$18348"}
[2026-09-16 14:19:36.598][VERB] COMMANDCALL: _C.SafeAPI.Execute(["v1.part.sphere",[{"references":[18348],"name":"F1137_makeSphere_housing_py_78","radius":"@expr.d1138_radius","id":4}]])
[2026-09-16 14:19:36.607][VERB] RETURN: {"result":"$18356"}
[2026-09-16 14:19:36.608][VERB] COMMANDCALL: _C.SafeAPI.Execute(["v1.part.boolean",[{"type":"SUBTRACTION","tools":[18356],"target":18336,"name":"F7_cut_housing_py_418_tool_0","id":4}]])
[2026-09-16 14:19:36.628][VERB] RETURN: {"result":"$18371"}
[2026-09-16 14:19:36.629][VERB] COMMANDCALL: _C.SafeAPI.Execute(["v1.part.workCSys",[{"name":"F1139_makeSphere_housing_py_78_datum","offset":[53.7,49,6],"id":4}]])
[2026-09-16 14:19:36.636][VERB] RETURN: {"result":"$18383"}
[2026-09-16 14:19:36.637][VERB] COMMANDCALL: _C.SafeAPI.Execute(["v1.part.sphere",[{"references":[18383],"name":"F1139_makeSphere_housing_py_78","radius":"@expr.d1140_radius","id":4}]])
[2026-09-16 14:19:36.647][VERB] RETURN: {"result":"$18391"}
[2026-09-16 14:19:36.647][VERB] COMMANDCALL: _C.SafeAPI.Execute(["v1.part.boolean",[{"type":"SUBTRACTION","tools":[18391],"target":18371,"name":"F7_cut_housing_py_418_tool_1","id":4}]])
[2026-09-16 14:19:36.663][VERB] RETURN: {"result":"$18406"}
[2026-09-16 14:19:36.664][VERB] COMMANDCALL: _C.SafeAPI.Execute(["v1.part.workCSys",[{"name":"F1141_makeSphere_housing_py_78_datum","offset":[53.7,49,18.5],"id":4}]])
[2026-09-16 14:19:36.671][VERB] RETURN: {"result":"$18418"}
[2026-09-16 14:19:36.671][VERB] COMMANDCALL: _C.SafeAPI.Execute(["v1.part.sphere",[{"references":[18418],"name":"F1141_makeSphere_housing_py_78","radius":"@expr.d1142_radius","id":4}]])
[2026-09-16 14:19:36.681][VERB] RETURN: {"result":"$18426"}
[2026-09-16 14:19:36.682][VERB] COMMANDCALL: _C.SafeAPI.Execute(["v1.part.boolean",[{"type":"SUBTRACTION","tools":[18426],"target":18406,"name":"F7_cut_housing_py_418_tool_2","id":4}]])
[2026-09-16 14:19:36.698][VERB] RETURN: {"result":"$18441"}
[2026-09-16 14:19:36.699][VERB] COMMANDCALL: _C.SafeAPI.Execute(["v1.part.workCSys",[{"name":"F1143_makeSphere_housing_py_78_datum","offset":[51.2,49,18.5],"id":4}]])
[2026-09-16 14:19:36.706][VERB] RETURN: {"result":"$18453"}
[2026-09-16 14:19:36.707][VERB] COMMANDCALL: _C.SafeAPI.Execute(["v1.part.sphere",[{"references":[18453],"name":"F1143_makeSphere_housing_py_78","radius":"@expr.d1144_radius","id":4}]])
[2026-09-16 14:19:36.716][VERB] RETURN: {"result":"$18461"}
[2026-09-16 14:19:36.716][VERB] COMMANDCALL: _C.SafeAPI.Execute(["v1.part.boolean",[{"type":"SUBTRACTION","tools":[18461],"target":18441,"name":"F7_cut_housing_py_418_tool_3","id":4}]])
[2026-09-16 14:19:36.733][VERB] RETURN: {"result":"$18476"}
[2026-09-16 14:19:36.734][VERB] COMMANDCALL: _C.SafeAPI.Execute(["v1.part.workCSys",[{"name":"F1145_makeSphere_housing_py_78_datum","offset":[51.2,43.1,17.15],"id":4}]])
[2026-09-16 14:19:36.741][VERB] RETURN: {"result":"$18488"}
[2026-09-16 14:19:36.741][VERB] COMMANDCALL: _C.SafeAPI.Execute(["v1.part.sphere",[{"references":[18488],"name":"F1145_makeSphere_housing_py_78","radius":"@expr.d1146_radius","id":4}]])
[2026-09-16 14:19:36.751][VERB] RETURN: {"result":"$18496"}
[2026-09-16 14:19:36.751][VERB] COMMANDCALL: _C.SafeAPI.Execute(["v1.part.boolean",[{"type":"SUBTRACTION","tools":[18496],"target":18476,"name":"F7_cut_housing_py_418_tool_4","id":4}]])
[2026-09-16 14:19:36.770][VERB] RETURN: {"result":"$18511"}
[2026-09-16 14:19:36.771][VERB] COMMANDCALL: _C.SafeAPI.Execute(["v1.part.workCSys",[{"name":"F1147_makeSphere_housing_py_78_datum","offset":[28.3,43.1,17.15],"id":4}]])
[2026-09-16 14:19:36.779][VERB] RETURN: {"result":"$18523"}
[2026-09-16 14:19:36.779][VERB] COMMANDCALL: _C.SafeAPI.Execute(["v1.part.sphere",[{"references":[18523],"name":"F1147_makeSphere_housing_py_78","radius":"@expr.d1148_radius","id":4}]])
[2026-09-16 14:19:36.788][VERB] RETURN: {"result":"$18531"}
[2026-09-16 14:19:36.789][VERB] COMMANDCALL: _C.SafeAPI.Execute(["v1.part.boolean",[{"type":"SUBTRACTION","tools":[18531],"target":18511,"name":"F7_cut_housing_py_418_tool_5","id":4}]])
[2026-09-16 14:19:36.806][VERB] RETURN: {"result":"$18546"}
[2026-09-16 14:19:36.807][VERB] COMMANDCALL: _C.SafeAPI.Execute(["v1.part.workCSys",[{"name":"F1149_makeSphere_housing_py_78_datum","offset":[28.3,34.6,18.6],"id":4}]])
[2026-09-16 14:19:36.814][VERB] RETURN: {"result":"$18558"}
[2026-09-16 14:19:36.815][VERB] COMMANDCALL: _C.SafeAPI.Execute(["v1.part.sphere",[{"references":[18558],"name":"F1149_makeSphere_housing_py_78","radius":"@expr.d1150_radius","id":4}]])
[2026-09-16 14:19:36.823][VERB] RETURN: {"result":"$18566"}
[2026-09-16 14:19:36.824][VERB] COMMANDCALL: _C.SafeAPI.Execute(["v1.part.boolean",[{"type":"SUBTRACTION","tools":[18566],"target":18546,"name":"F7_cut_housing_py_418_tool_6","id":4}]])
[2026-09-16 14:19:36.843][VERB] RETURN: {"result":"$18581"}
[2026-09-16 14:19:36.844][VERB] COMMANDCALL: _C.SafeAPI.Execute(["v1.part.workCSys",[{"name":"F1151_makeSphere_housing_py_78_datum","offset":[24.35,34.6,19],"id":4}]])
[2026-09-16 14:19:36.850][VERB] RETURN: {"result":"$18593"}
[2026-09-16 14:19:36.850][VERB] COMMANDCALL: _C.SafeAPI.Execute(["v1.part.sphere",[{"references":[18593],"name":"F1151_makeSphere_housing_py_78","radius":"@expr.d1152_radius","id":4}]])
[2026-09-16 14:19:36.860][VERB] RETURN: {"result":"$18601"}
[2026-09-16 14:19:36.861][VERB] COMMANDCALL: _C.SafeAPI.Execute(["v1.part.boolean",[{"type":"SUBTRACTION","tools":[18601],"target":18581,"name":"F7_cut_housing_py_418_tool_7","id":4}]])
[2026-09-16 14:19:36.880][VERB] RETURN: {"result":"$18616"}
[2026-09-16 14:19:36.880][VERB] COMMANDCALL: _C.SafeAPI.Execute(["v1.part.workPlane",[{"type":"PLANE","references":[46],"name":"F1153_makeCylinder_housing_py_81_plane","offset":"@expr.d1154_plane_offset","id":4}]])
[2026-09-16 14:19:36.889][VERB] RETURN: {"result":"$18628"}
[2026-09-16 14:19:36.889][VERB] COMMANDCALL: _C.SafeAPI.Execute(["v1.sketch.create",[{"planeId":18628,"name":"F1153_makeCylinder_housing_py_81_profile","id":4}]])
[2026-09-16 14:19:36.892][VERB] RETURN: {"result":"$18634"}
[2026-09-16 14:19:36.892][VERB] COMMANDCALL: _C.SafeAPI.Execute(["v1.sketch.circle",[{"radius":0.6,"id":18634,"genFixation":0,"centerPos":[6,-49,0]}]])
[2026-09-16 14:19:36.894][VERB] RETURN: {"result":"$18640"}
[2026-09-16 14:19:36.894][VERB] COMMANDCALL: _C.SafeAPI.Execute(["v1.sketch.getPoints",[{"id":18640}]])
[2026-09-16 14:19:36.894][VERB] RETURN: {"result":{"centerId":"$18641"}}
[2026-09-16 14:19:36.894][VERB] COMMANDCALL: _C.SafeAPI.Execute(["v1.sketch.point",[{"pos":[-1000,-1000,0],"id":18634}]])
[2026-09-16 14:19:36.895][VERB] RETURN: {"result":"$18643"}
[2026-09-16 14:19:36.896][VERB] COMMANDCALL: _C.SafeAPI.Execute(["v1.sketch.constraint",[{"type":"FIXATION","id":18634,"geomIds":[18643]}]])
[2026-09-16 14:19:36.897][VERB] RETURN: {"result":"$18645"}
[2026-09-16 14:19:36.897][VERB] COMMANDCALL: _C.SafeAPI.Execute(["v1.sketch.dimension",[{"type":"HORIZONTAL_DISTANCE","value":"@expr.d1155_position_x","name":"position_x","id":18634,"geomIds":[18643,18641]}]])
[2026-09-16 14:19:36.903][VERB] RETURN: {"result":"$18649"}
[2026-09-16 14:19:36.903][VERB] COMMANDCALL: _C.SafeAPI.Execute(["v1.sketch.dimension",[{"type":"VERTICAL_DISTANCE","value":"@expr.d1156_position_y","name":"position_y","id":18634,"geomIds":[18643,18641]}]])
[2026-09-16 14:19:36.910][VERB] RETURN: {"result":"$18653"}
[2026-09-16 14:19:36.910][VERB] COMMANDCALL: _C.SafeAPI.Execute(["v1.sketch.dimension",[{"type":"RADIUS","value":"@expr.d1157_radius","name":"radius","id":18634,"geomIds":[18640]}]])
[2026-09-16 14:19:36.916][VERB] RETURN: {"result":"$18657"}
[2026-09-16 14:19:36.916][VERB] COMMANDCALL: _C.SafeAPI.Execute(["v1.part.extrusion",[{"references":[18640],"name":"F1153_makeCylinder_housing_py_81","taperAngle":0,"limit2":"@expr.d1158_height","id":4}]])
[2026-09-16 14:19:36.929][VERB] RETURN: {"result":"$18661"}
[2026-09-16 14:19:36.930][VERB] COMMANDCALL: _C.SafeAPI.Execute(["v1.part.boolean",[{"type":"SUBTRACTION","tools":[18661],"target":18616,"name":"F7_cut_housing_py_418_tool_8","id":4}]])
[2026-09-16 14:19:36.950][VERB] RETURN: {"result":"$18683"}
[2026-09-16 14:19:36.951][VERB] COMMANDCALL: _C.SafeAPI.Execute(["v1.part.workPlane",[{"type":"PLANE","references":[38],"name":"F1159_makeCylinder_housing_py_81_plane","offset":"@expr.d1160_plane_offset","id":4}]])
[2026-09-16 14:19:36.960][VERB] RETURN: {"result":"$18695"}
[2026-09-16 14:19:36.960][VERB] COMMANDCALL: _C.SafeAPI.Execute(["v1.sketch.create",[{"planeId":18695,"name":"F1159_makeCylinder_housing_py_81_profile","id":4}]])
[2026-09-16 14:19:36.963][VERB] RETURN: {"result":"$18701"}
[2026-09-16 14:19:36.963][VERB] COMMANDCALL: _C.SafeAPI.Execute(["v1.sketch.circle",[{"radius":0.6,"id":18701,"genFixation":0,"centerPos":[53.7,49,0]}]])
[2026-09-16 14:19:36.965][VERB] RETURN: {"result":"$18707"}
[2026-09-16 14:19:36.965][VERB] COMMANDCALL: _C.SafeAPI.Execute(["v1.sketch.getPoints",[{"id":18707}]])
[2026-09-16 14:19:36.965][VERB] RETURN: {"result":{"centerId":"$18708"}}
[2026-09-16 14:19:36.965][VERB] COMMANDCALL: _C.SafeAPI.Execute(["v1.sketch.point",[{"pos":[-1000,-1000,0],"id":18701}]])
[2026-09-16 14:19:36.967][VERB] RETURN: {"result":"$18710"}
[2026-09-16 14:19:36.967][VERB] COMMANDCALL: _C.SafeAPI.Execute(["v1.sketch.constraint",[{"type":"FIXATION","id":18701,"geomIds":[18710]}]])
[2026-09-16 14:19:36.969][VERB] RETURN: {"result":"$18712"}
[2026-09-16 14:19:36.969][VERB] COMMANDCALL: _C.SafeAPI.Execute(["v1.sketch.dimension",[{"type":"HORIZONTAL_DISTANCE","value":"@expr.d1161_position_x","name":"position_x","id":18701,"geomIds":[18710,18708]}]])
[2026-09-16 14:19:36.975][VERB] RETURN: {"result":"$18716"}
[2026-09-16 14:19:36.976][VERB] COMMANDCALL: _C.SafeAPI.Execute(["v1.sketch.dimension",[{"type":"VERTICAL_DISTANCE","value":"@expr.d1162_position_y","name":"position_y","id":18701,"geomIds":[18710,18708]}]])
[2026-09-16 14:19:36.982][VERB] RETURN: {"result":"$18720"}
[2026-09-16 14:19:36.982][VERB] COMMANDCALL: _C.SafeAPI.Execute(["v1.sketch.dimension",[{"type":"RADIUS","value":"@expr.d1163_radius","name":"radius","id":18701,"geomIds":[18707]}]])
[2026-09-16 14:19:36.988][VERB] RETURN: {"result":"$18724"}
[2026-09-16 14:19:36.989][VERB] COMMANDCALL: _C.SafeAPI.Execute(["v1.part.extrusion",[{"references":[18707],"name":"F1159_makeCylinder_housing_py_81","taperAngle":0,"limit2":"@expr.d1164_height","id":4}]])
[2026-09-16 14:19:37.002][VERB] RETURN: {"result":"$18728"}
[2026-09-16 14:19:37.002][VERB] COMMANDCALL: _C.SafeAPI.Execute(["v1.part.boolean",[{"type":"SUBTRACTION","tools":[18728],"target":18683,"name":"F7_cut_housing_py_418_tool_9","id":4}]])
[2026-09-16 14:19:37.025][VERB] RETURN: {"result":"$18750"}
[2026-09-16 14:19:37.026][VERB] COMMANDCALL: _C.SafeAPI.Execute(["v1.part.workPlane",[{"type":"PLANE","references":[46],"name":"F1165_makeCylinder_housing_py_81_plane","offset":"@expr.d1166_plane_offset","id":4}]])
[2026-09-16 14:19:37.035][VERB] RETURN: {"result":"$18762"}
[2026-09-16 14:19:37.035][VERB] COMMANDCALL: _C.SafeAPI.Execute(["v1.sketch.create",[{"planeId":18762,"name":"F1165_makeCylinder_housing_py_81_profile","id":4}]])
[2026-09-16 14:19:37.038][VERB] RETURN: {"result":"$18768"}
[2026-09-16 14:19:37.038][VERB] COMMANDCALL: _C.SafeAPI.Execute(["v1.sketch.circle",[{"radius":0.6,"id":18768,"genFixation":0,"centerPos":[18.5,-49,0]}]])
[2026-09-16 14:19:37.040][VERB] RETURN: {"result":"$18774"}
[2026-09-16 14:19:37.040][VERB] COMMANDCALL: _C.SafeAPI.Execute(["v1.sketch.getPoints",[{"id":18774}]])
[2026-09-16 14:19:37.041][VERB] RETURN: {"result":{"centerId":"$18775"}}
[2026-09-16 14:19:37.041][VERB] COMMANDCALL: _C.SafeAPI.Execute(["v1.sketch.point",[{"pos":[-1000,-1000,0],"id":18768}]])
[2026-09-16 14:19:37.044][VERB] RETURN: {"result":"$18777"}
[2026-09-16 14:19:37.044][VERB] COMMANDCALL: _C.SafeAPI.Execute(["v1.sketch.constraint",[{"type":"FIXATION","id":18768,"geomIds":[18777]}]])
[2026-09-16 14:19:37.045][VERB] RETURN: {"result":"$18779"}
[2026-09-16 14:19:37.046][VERB] COMMANDCALL: _C.SafeAPI.Execute(["v1.sketch.dimension",[{"type":"HORIZONTAL_DISTANCE","value":"@expr.d1167_position_x","name":"position_x","id":18768,"geomIds":[18777,18775]}]])
[2026-09-16 14:19:37.053][VERB] RETURN: {"result":"$18783"}
[2026-09-16 14:19:37.053][VERB] COMMANDCALL: _C.SafeAPI.Execute(["v1.sketch.dimension",[{"type":"VERTICAL_DISTANCE","value":"@expr.d1168_position_y","name":"position_y","id":18768,"geomIds":[18777,18775]}]])
[2026-09-16 14:19:37.059][VERB] RETURN: {"result":"$18787"}
[2026-09-16 14:19:37.060][VERB] COMMANDCALL: _C.SafeAPI.Execute(["v1.sketch.dimension",[{"type":"RADIUS","value":"@expr.d1169_radius","name":"radius","id":18768,"geomIds":[18774]}]])
[2026-09-16 14:19:37.067][VERB] RETURN: {"result":"$18791"}
[2026-09-16 14:19:37.069][VERB] COMMANDCALL: _C.SafeAPI.Execute(["v1.part.extrusion",[{"references":[18774],"name":"F1165_makeCylinder_housing_py_81","taperAngle":0,"limit2":"@expr.d1170_height","id":4}]])
[2026-09-16 14:19:37.082][VERB] RETURN: {"result":"$18795"}
[2026-09-16 14:19:37.084][VERB] COMMANDCALL: _C.SafeAPI.Execute(["v1.part.boolean",[{"type":"SUBTRACTION","tools":[18795],"target":18750,"name":"F7_cut_housing_py_418_tool_10","id":4}]])
[2026-09-16 14:19:37.108][VERB] RETURN: {"result":"$18817"}
[2026-09-16 14:19:37.110][VERB] COMMANDCALL: _C.SafeAPI.Execute(["v1.part.workPlane",[{"type":"PLANE","references":[38],"name":"F1171_makeCylinder_housing_py_81_local_plane","offset":"@expr.d1172_plane_offset","id":4}]])
[2026-09-16 14:19:37.118][VERB] RETURN: {"result":"$18829"}
[2026-09-16 14:19:37.119][VERB] COMMANDCALL: _C.SafeAPI.Execute(["v1.sketch.create",[{"planeId":18829,"name":"F1171_makeCylinder_housing_py_81_local_profile","id":4}]])
[2026-09-16 14:19:37.122][VERB] RETURN: {"result":"$18835"}
[2026-09-16 14:19:37.122][VERB] COMMANDCALL: _C.SafeAPI.Execute(["v1.sketch.circle",[{"radius":0.6,"id":18835,"genFixation":0,"centerPos":[0,0,0]}]])
[2026-09-16 14:19:37.124][VERB] RETURN: {"result":"$18841"}
[2026-09-16 14:19:37.124][VERB] COMMANDCALL: _C.SafeAPI.Execute(["v1.sketch.getPoints",[{"id":18841}]])
[2026-09-16 14:19:37.125][VERB] RETURN: {"result":{"centerId":"$18842"}}
[2026-09-16 14:19:37.125][VERB] COMMANDCALL: _C.SafeAPI.Execute(["v1.sketch.point",[{"pos":[-1000,-1000,0],"id":18835}]])
[2026-09-16 14:19:37.126][VERB] RETURN: {"result":"$18844"}
[2026-09-16 14:19:37.127][VERB] COMMANDCALL: _C.SafeAPI.Execute(["v1.sketch.constraint",[{"type":"FIXATION","id":18835,"geomIds":[18844]}]])
[2026-09-16 14:19:37.128][VERB] RETURN: {"result":"$18846"}
[2026-09-16 14:19:37.129][VERB] COMMANDCALL: _C.SafeAPI.Execute(["v1.sketch.dimension",[{"type":"HORIZONTAL_DISTANCE","value":"@expr.d1173_position_x","name":"position_x","id":18835,"geomIds":[18844,18842]}]])
[2026-09-16 14:19:37.134][VERB] RETURN: {"result":"$18850"}
[2026-09-16 14:19:37.135][VERB] COMMANDCALL: _C.SafeAPI.Execute(["v1.sketch.dimension",[{"type":"VERTICAL_DISTANCE","value":"@expr.d1174_position_y","name":"position_y","id":18835,"geomIds":[18844,18842]}]])
[2026-09-16 14:19:37.141][VERB] RETURN: {"result":"$18854"}
[2026-09-16 14:19:37.141][VERB] COMMANDCALL: _C.SafeAPI.Execute(["v1.sketch.dimension",[{"type":"RADIUS","value":"@expr.d1175_radius","name":"radius","id":18835,"geomIds":[18841]}]])
[2026-09-16 14:19:37.148][VERB] RETURN: {"result":"$18858"}
[2026-09-16 14:19:37.148][VERB] COMMANDCALL: _C.SafeAPI.Execute(["v1.part.extrusion",[{"references":[18841],"name":"F1171_makeCylinder_housing_py_81_local","taperAngle":0,"limit2":"@expr.d1176_height","id":4}]])
[2026-09-16 14:19:37.159][VERB] RETURN: {"result":"$18862"}
[2026-09-16 14:19:37.160][VERB] COMMANDCALL: _C.SafeAPI.Execute(["v1.part.workAxis",[{"name":"F1171_makeCylinder_housing_py_81_axis","id":4,"position":[0,0,0],"direction":[5.9,0,0]}]])
[2026-09-16 14:19:37.169][VERB] RETURN: {"result":"$18884"}
[2026-09-16 14:19:37.169][VERB] COMMANDCALL: _C.SafeAPI.Execute(["v1.part.rotation",[{"targets":[18862],"name":"F1171_makeCylinder_housing_py_81_orientation","id":4,"references":[18884],"angle":1.7957375918461}]])
[2026-09-16 14:19:37.180][VERB] RETURN: {"result":"$18892"}
[2026-09-16 14:19:37.180][VERB] COMMANDCALL: _C.SafeAPI.Execute(["v1.part.translation",[{"references":[26],"name":"F1171_makeCylinder_housing_py_81_0","id":4,"targets":[18892],"distance":"@expr.d1177_position"}]])
[2026-09-16 14:19:37.188][VERB] RETURN: {"result":"$18903"}
[2026-09-16 14:19:37.189][VERB] COMMANDCALL: _C.SafeAPI.Execute(["v1.part.translation",[{"references":[30],"name":"F1171_makeCylinder_housing_py_81_1","id":4,"targets":[18903],"distance":"@expr.d1178_position"}]])
[2026-09-16 14:19:37.196][VERB] RETURN: {"result":"$18914"}
[2026-09-16 14:19:37.197][VERB] COMMANDCALL: _C.SafeAPI.Execute(["v1.part.translation",[{"references":[34],"name":"F1171_makeCylinder_housing_py_81_2","id":4,"targets":[18914],"distance":"@expr.d1179_position"}]])
[2026-09-16 14:19:37.208][VERB] RETURN: {"result":"$18925"}
[2026-09-16 14:19:37.209][VERB] COMMANDCALL: _C.SafeAPI.Execute(["v1.part.boolean",[{"type":"SUBTRACTION","tools":[18925],"target":18817,"name":"F7_cut_housing_py_418_tool_11","id":4}]])
[2026-09-16 14:19:37.231][VERB] RETURN: {"result":"$18936"}
[2026-09-16 14:19:37.232][VERB] COMMANDCALL: _C.SafeAPI.Execute(["v1.part.workPlane",[{"type":"PLANE","references":[46],"name":"F1180_makeCylinder_housing_py_81_plane","offset":"@expr.d1181_plane_offset","id":4}]])
[2026-09-16 14:19:37.241][VERB] RETURN: {"result":"$18948"}
[2026-09-16 14:19:37.242][VERB] COMMANDCALL: _C.SafeAPI.Execute(["v1.sketch.create",[{"planeId":18948,"name":"F1180_makeCylinder_housing_py_81_profile","id":4}]])
[2026-09-16 14:19:37.245][VERB] RETURN: {"result":"$18954"}
[2026-09-16 14:19:37.245][VERB] COMMANDCALL: _C.SafeAPI.Execute(["v1.sketch.circle",[{"radius":0.6,"id":18954,"genFixation":0,"centerPos":[17.15,-43.1,0]}]])
[2026-09-16 14:19:37.247][VERB] RETURN: {"result":"$18960"}
[2026-09-16 14:19:37.248][VERB] COMMANDCALL: _C.SafeAPI.Execute(["v1.sketch.getPoints",[{"id":18960}]])
[2026-09-16 14:19:37.248][VERB] RETURN: {"result":{"centerId":"$18961"}}
[2026-09-16 14:19:37.248][VERB] COMMANDCALL: _C.SafeAPI.Execute(["v1.sketch.point",[{"pos":[-1000,-1000,0],"id":18954}]])
[2026-09-16 14:19:37.249][VERB] RETURN: {"result":"$18963"}
[2026-09-16 14:19:37.250][VERB] COMMANDCALL: _C.SafeAPI.Execute(["v1.sketch.constraint",[{"type":"FIXATION","id":18954,"geomIds":[18963]}]])
[2026-09-16 14:19:37.251][VERB] RETURN: {"result":"$18965"}
[2026-09-16 14:19:37.251][VERB] COMMANDCALL: _C.SafeAPI.Execute(["v1.sketch.dimension",[{"type":"HORIZONTAL_DISTANCE","value":"@expr.d1182_position_x","name":"position_x","id":18954,"geomIds":[18963,18961]}]])
[2026-09-16 14:19:37.257][VERB] RETURN: {"result":"$18969"}
[2026-09-16 14:19:37.258][VERB] COMMANDCALL: _C.SafeAPI.Execute(["v1.sketch.dimension",[{"type":"VERTICAL_DISTANCE","value":"@expr.d1183_position_y","name":"position_y","id":18954,"geomIds":[18963,18961]}]])
[2026-09-16 14:19:37.264][VERB] RETURN: {"result":"$18973"}
[2026-09-16 14:19:37.265][VERB] COMMANDCALL: _C.SafeAPI.Execute(["v1.sketch.dimension",[{"type":"RADIUS","value":"@expr.d1184_radius","name":"radius","id":18954,"geomIds":[18960]}]])
[2026-09-16 14:19:37.271][VERB] RETURN: {"result":"$18977"}
[2026-09-16 14:19:37.271][VERB] COMMANDCALL: _C.SafeAPI.Execute(["v1.part.extrusion",[{"references":[18960],"name":"F1180_makeCylinder_housing_py_81","taperAngle":0,"limit2":"@expr.d1185_height","id":4}]])
[2026-09-16 14:19:37.283][VERB] RETURN: {"result":"$18981"}
[2026-09-16 14:19:37.284][VERB] COMMANDCALL: _C.SafeAPI.Execute(["v1.part.boolean",[{"type":"SUBTRACTION","tools":[18981],"target":18936,"name":"F7_cut_housing_py_418_tool_12","id":4}]])
[2026-09-16 14:19:37.306][VERB] RETURN: {"result":"$19003"}
[2026-09-16 14:19:37.307][VERB] COMMANDCALL: _C.SafeAPI.Execute(["v1.part.workPlane",[{"type":"PLANE","references":[38],"name":"F1186_makeCylinder_housing_py_81_local_plane","offset":"@expr.d1187_plane_offset","id":4}]])
[2026-09-16 14:19:37.316][VERB] RETURN: {"result":"$19015"}
[2026-09-16 14:19:37.316][VERB] COMMANDCALL: _C.SafeAPI.Execute(["v1.sketch.create",[{"planeId":19015,"name":"F1186_makeCylinder_housing_py_81_local_profile","id":4}]])
[2026-09-16 14:19:37.319][VERB] RETURN: {"result":"$19021"}
[2026-09-16 14:19:37.320][VERB] COMMANDCALL: _C.SafeAPI.Execute(["v1.sketch.circle",[{"radius":0.6,"id":19021,"genFixation":0,"centerPos":[0,0,0]}]])
[2026-09-16 14:19:37.322][VERB] RETURN: {"result":"$19027"}
[2026-09-16 14:19:37.322][VERB] COMMANDCALL: _C.SafeAPI.Execute(["v1.sketch.getPoints",[{"id":19027}]])
[2026-09-16 14:19:37.322][VERB] RETURN: {"result":{"centerId":"$19028"}}
[2026-09-16 14:19:37.322][VERB] COMMANDCALL: _C.SafeAPI.Execute(["v1.sketch.point",[{"pos":[-1000,-1000,0],"id":19021}]])
[2026-09-16 14:19:37.324][VERB] RETURN: {"result":"$19030"}
[2026-09-16 14:19:37.324][VERB] COMMANDCALL: _C.SafeAPI.Execute(["v1.sketch.constraint",[{"type":"FIXATION","id":19021,"geomIds":[19030]}]])
[2026-09-16 14:19:37.325][VERB] RETURN: {"result":"$19032"}
[2026-09-16 14:19:37.325][VERB] COMMANDCALL: _C.SafeAPI.Execute(["v1.sketch.dimension",[{"type":"HORIZONTAL_DISTANCE","value":"@expr.d1188_position_x","name":"position_x","id":19021,"geomIds":[19030,19028]}]])
[2026-09-16 14:19:37.331][VERB] RETURN: {"result":"$19036"}
[2026-09-16 14:19:37.331][VERB] COMMANDCALL: _C.SafeAPI.Execute(["v1.sketch.dimension",[{"type":"VERTICAL_DISTANCE","value":"@expr.d1189_position_y","name":"position_y","id":19021,"geomIds":[19030,19028]}]])
[2026-09-16 14:19:37.337][VERB] RETURN: {"result":"$19040"}
[2026-09-16 14:19:37.338][VERB] COMMANDCALL: _C.SafeAPI.Execute(["v1.sketch.dimension",[{"type":"RADIUS","value":"@expr.d1190_radius","name":"radius","id":19021,"geomIds":[19027]}]])
[2026-09-16 14:19:37.344][VERB] RETURN: {"result":"$19044"}
[2026-09-16 14:19:37.345][VERB] COMMANDCALL: _C.SafeAPI.Execute(["v1.part.extrusion",[{"references":[19027],"name":"F1186_makeCylinder_housing_py_81_local","taperAngle":0,"limit2":"@expr.d1191_height","id":4}]])
[2026-09-16 14:19:37.358][VERB] RETURN: {"result":"$19048"}
[2026-09-16 14:19:37.359][VERB] COMMANDCALL: _C.SafeAPI.Execute(["v1.part.workAxis",[{"name":"F1186_makeCylinder_housing_py_81_axis","id":4,"position":[0,0,0],"direction":[8.5,0,0]}]])
[2026-09-16 14:19:37.366][VERB] RETURN: {"result":"$19070"}
[2026-09-16 14:19:37.367][VERB] COMMANDCALL: _C.SafeAPI.Execute(["v1.part.rotation",[{"targets":[19048],"name":"F1186_makeCylinder_housing_py_81_orientation","id":4,"references":[19070],"angle":1.4018345124753}]])
[2026-09-16 14:19:37.375][VERB] RETURN: {"result":"$19078"}
[2026-09-16 14:19:37.376][VERB] COMMANDCALL: _C.SafeAPI.Execute(["v1.part.translation",[{"references":[26],"name":"F1186_makeCylinder_housing_py_81_0","id":4,"targets":[19078],"distance":"@expr.d1192_position"}]])
[2026-09-16 14:19:37.385][VERB] RETURN: {"result":"$19089"}
[2026-09-16 14:19:37.386][VERB] COMMANDCALL: _C.SafeAPI.Execute(["v1.part.translation",[{"references":[30],"name":"F1186_makeCylinder_housing_py_81_1","id":4,"targets":[19089],"distance":"@expr.d1193_position"}]])
[2026-09-16 14:19:37.396][VERB] RETURN: {"result":"$19100"}
[2026-09-16 14:19:37.397][VERB] COMMANDCALL: _C.SafeAPI.Execute(["v1.part.translation",[{"references":[34],"name":"F1186_makeCylinder_housing_py_81_2","id":4,"targets":[19100],"distance":"@expr.d1194_position"}]])
[2026-09-16 14:19:37.405][VERB] RETURN: {"result":"$19111"}
[2026-09-16 14:19:37.405][VERB] COMMANDCALL: _C.SafeAPI.Execute(["v1.part.boolean",[{"type":"SUBTRACTION","tools":[19111],"target":19003,"name":"F7_cut_housing_py_418_tool_13","id":4}]])
[2026-09-16 14:19:37.427][VERB] RETURN: {"result":"$19122"}
[2026-09-16 14:19:37.427][VERB] COMMANDCALL: _C.SafeAPI.Execute(["v1.part.workPlane",[{"type":"PLANE","references":[38],"name":"F1195_makeCylinder_housing_py_81_local_plane","offset":"@expr.d1196_plane_offset","id":4}]])
[2026-09-16 14:19:37.437][VERB] RETURN: {"result":"$19134"}
[2026-09-16 14:19:37.438][VERB] COMMANDCALL: _C.SafeAPI.Execute(["v1.sketch.create",[{"planeId":19134,"name":"F1195_makeCylinder_housing_py_81_local_profile","id":4}]])
[2026-09-16 14:19:37.441][VERB] RETURN: {"result":"$19140"}
[2026-09-16 14:19:37.441][VERB] COMMANDCALL: _C.SafeAPI.Execute(["v1.sketch.circle",[{"radius":0.6,"id":19140,"genFixation":0,"centerPos":[0,0,0]}]])
[2026-09-16 14:19:37.443][VERB] RETURN: {"result":"$19146"}
[2026-09-16 14:19:37.444][VERB] COMMANDCALL: _C.SafeAPI.Execute(["v1.sketch.getPoints",[{"id":19146}]])
[2026-09-16 14:19:37.444][VERB] RETURN: {"result":{"centerId":"$19147"}}
[2026-09-16 14:19:37.444][VERB] COMMANDCALL: _C.SafeAPI.Execute(["v1.sketch.point",[{"pos":[-1000,-1000,0],"id":19140}]])
[2026-09-16 14:19:37.445][VERB] RETURN: {"result":"$19149"}
[2026-09-16 14:19:37.445][VERB] COMMANDCALL: _C.SafeAPI.Execute(["v1.sketch.constraint",[{"type":"FIXATION","id":19140,"geomIds":[19149]}]])
[2026-09-16 14:19:37.446][VERB] RETURN: {"result":"$19151"}
[2026-09-16 14:19:37.447][VERB] COMMANDCALL: _C.SafeAPI.Execute(["v1.sketch.dimension",[{"type":"HORIZONTAL_DISTANCE","value":"@expr.d1197_position_x","name":"position_x","id":19140,"geomIds":[19149,19147]}]])
[2026-09-16 14:19:37.452][VERB] RETURN: {"result":"$19155"}
[2026-09-16 14:19:37.453][VERB] COMMANDCALL: _C.SafeAPI.Execute(["v1.sketch.dimension",[{"type":"VERTICAL_DISTANCE","value":"@expr.d1198_position_y","name":"position_y","id":19140,"geomIds":[19149,19147]}]])
[2026-09-16 14:19:37.459][VERB] RETURN: {"result":"$19159"}
[2026-09-16 14:19:37.460][VERB] COMMANDCALL: _C.SafeAPI.Execute(["v1.sketch.dimension",[{"type":"RADIUS","value":"@expr.d1199_radius","name":"radius","id":19140,"geomIds":[19146]}]])
[2026-09-16 14:19:37.466][VERB] RETURN: {"result":"$19163"}
[2026-09-16 14:19:37.467][VERB] COMMANDCALL: _C.SafeAPI.Execute(["v1.part.extrusion",[{"references":[19146],"name":"F1195_makeCylinder_housing_py_81_local","taperAngle":0,"limit2":"@expr.d1200_height","id":4}]])
[2026-09-16 14:19:37.479][VERB] RETURN: {"result":"$19167"}
[2026-09-16 14:19:37.480][VERB] COMMANDCALL: _C.SafeAPI.Execute(["v1.part.workAxis",[{"name":"F1195_makeCylinder_housing_py_81_axis","id":4,"position":[0,0,0],"direction":[0,-3.95,0]}]])
[2026-09-16 14:19:37.486][VERB] RETURN: {"result":"$19189"}
[2026-09-16 14:19:37.487][VERB] COMMANDCALL: _C.SafeAPI.Execute(["v1.part.rotation",[{"targets":[19167],"name":"F1195_makeCylinder_housing_py_81_orientation","id":4,"references":[19189],"angle":1.4698745421276}]])
[2026-09-16 14:19:37.497][VERB] RETURN: {"result":"$19197"}
[2026-09-16 14:19:37.497][VERB] COMMANDCALL: _C.SafeAPI.Execute(["v1.part.translation",[{"references":[26],"name":"F1195_makeCylinder_housing_py_81_0","id":4,"targets":[19197],"distance":"@expr.d1201_position"}]])
[2026-09-16 14:19:37.509][VERB] RETURN: {"result":"$19208"}
[2026-09-16 14:19:37.510][VERB] COMMANDCALL: _C.SafeAPI.Execute(["v1.part.translation",[{"references":[30],"name":"F1195_makeCylinder_housing_py_81_1","id":4,"targets":[19208],"distance":"@expr.d1202_position"}]])
[2026-09-16 14:19:37.520][VERB] RETURN: {"result":"$19219"}
[2026-09-16 14:19:37.521][VERB] COMMANDCALL: _C.SafeAPI.Execute(["v1.part.translation",[{"references":[34],"name":"F1195_makeCylinder_housing_py_81_2","id":4,"targets":[19219],"distance":"@expr.d1203_position"}]])
[2026-09-16 14:19:37.531][VERB] RETURN: {"result":"$19230"}
[2026-09-16 14:19:37.532][VERB] COMMANDCALL: _C.SafeAPI.Execute(["v1.part.boolean",[{"type":"SUBTRACTION","tools":[19230],"target":19122,"name":"F7_cut_housing_py_418_tool_14","id":4}]])
[2026-09-16 14:19:37.554][VERB] RETURN: {"result":"$19241"}
[2026-09-16 14:19:37.555][VERB] COMMANDCALL: _C.SafeAPI.Execute(["v1.part.workCSys",[{"name":"F1204_makeSphere_housing_py_78_datum","offset":[40.8,49,18.5],"id":4}]])
[2026-09-16 14:19:37.562][VERB] RETURN: {"result":"$19253"}
[2026-09-16 14:19:37.562][VERB] COMMANDCALL: _C.SafeAPI.Execute(["v1.part.sphere",[{"references":[19253],"name":"F1204_makeSphere_housing_py_78","radius":"@expr.d1205_radius","id":4}]])
[2026-09-16 14:19:37.571][VERB] RETURN: {"result":"$19261"}
[2026-09-16 14:19:37.572][VERB] COMMANDCALL: _C.SafeAPI.Execute(["v1.part.boolean",[{"type":"SUBTRACTION","tools":[19261],"target":19241,"name":"F6_cut_housing_py_418_tool_0","id":4}]])
[2026-09-16 14:19:37.591][VERB] RETURN: {"result":"$19276"}
[2026-09-16 14:19:37.592][VERB] COMMANDCALL: _C.SafeAPI.Execute(["v1.part.workCSys",[{"name":"F1206_makeSphere_housing_py_78_datum","offset":[51.2,49,18.5],"id":4}]])
[2026-09-16 14:19:37.599][VERB] RETURN: {"result":"$19288"}
[2026-09-16 14:19:37.599][VERB] COMMANDCALL: _C.SafeAPI.Execute(["v1.part.sphere",[{"references":[19288],"name":"F1206_makeSphere_housing_py_78","radius":"@expr.d1207_radius","id":4}]])
[2026-09-16 14:19:37.609][VERB] RETURN: {"result":"$19296"}
[2026-09-16 14:19:37.610][VERB] COMMANDCALL: _C.SafeAPI.Execute(["v1.part.boolean",[{"type":"SUBTRACTION","tools":[19296],"target":19276,"name":"F6_cut_housing_py_418_tool_1","id":4}]])
[2026-09-16 14:19:37.629][VERB] RETURN: {"result":"$19311"}
[2026-09-16 14:19:37.630][VERB] COMMANDCALL: _C.SafeAPI.Execute(["v1.part.workCSys",[{"name":"F1208_makeSphere_housing_py_78_datum","offset":[51.2,42.5,18.5],"id":4}]])
[2026-09-16 14:19:37.638][VERB] RETURN: {"result":"$19323"}
[2026-09-16 14:19:37.638][VERB] COMMANDCALL: _C.SafeAPI.Execute(["v1.part.sphere",[{"references":[19323],"name":"F1208_makeSphere_housing_py_78","radius":"@expr.d1209_radius","id":4}]])
[2026-09-16 14:19:37.648][VERB] RETURN: {"result":"$19331"}
[2026-09-16 14:19:37.648][VERB] COMMANDCALL: _C.SafeAPI.Execute(["v1.part.boolean",[{"type":"SUBTRACTION","tools":[19331],"target":19311,"name":"F6_cut_housing_py_418_tool_2","id":4}]])
[2026-09-16 14:19:37.670][VERB] RETURN: {"result":"$19346"}
[2026-09-16 14:19:37.671][VERB] COMMANDCALL: _C.SafeAPI.Execute(["v1.part.workCSys",[{"name":"F1210_makeSphere_housing_py_78_datum","offset":[49.8,42.5,21.4],"id":4}]])
[2026-09-16 14:19:37.679][VERB] RETURN: {"result":"$19358"}
[2026-09-16 14:19:37.680][VERB] COMMANDCALL: _C.SafeAPI.Execute(["v1.part.sphere",[{"references":[19358],"name":"F1210_makeSphere_housing_py_78","radius":"@expr.d1211_radius","id":4}]])
[2026-09-16 14:19:37.691][VERB] RETURN: {"result":"$19366"}
[2026-09-16 14:19:37.692][VERB] COMMANDCALL: _C.SafeAPI.Execute(["v1.part.boolean",[{"type":"SUBTRACTION","tools":[19366],"target":19346,"name":"F6_cut_housing_py_418_tool_3","id":4}]])
[2026-09-16 14:19:37.712][VERB] RETURN: {"result":"$19381"}
[2026-09-16 14:19:37.713][VERB] COMMANDCALL: _C.SafeAPI.Execute(["v1.part.workCSys",[{"name":"F1212_makeSphere_housing_py_78_datum","offset":[49.8,23,21.4],"id":4}]])
[2026-09-16 14:19:37.721][VERB] RETURN: {"result":"$19393"}
[2026-09-16 14:19:37.722][VERB] COMMANDCALL: _C.SafeAPI.Execute(["v1.part.sphere",[{"references":[19393],"name":"F1212_makeSphere_housing_py_78","radius":"@expr.d1213_radius","id":4}]])
[2026-09-16 14:19:37.731][VERB] RETURN: {"result":"$19401"}
[2026-09-16 14:19:37.732][VERB] COMMANDCALL: _C.SafeAPI.Execute(["v1.part.boolean",[{"type":"SUBTRACTION","tools":[19401],"target":19381,"name":"F6_cut_housing_py_418_tool_4","id":4}]])
[2026-09-16 14:19:37.750][VERB] RETURN: {"result":"$19416"}
[2026-09-16 14:19:37.750][VERB] COMMANDCALL: _C.SafeAPI.Execute(["v1.part.workCSys",[{"name":"F1214_makeSphere_housing_py_78_datum","offset":[46,23,18],"id":4}]])
[2026-09-16 14:19:37.758][VERB] RETURN: {"result":"$19428"}
[2026-09-16 14:19:37.758][VERB] COMMANDCALL: _C.SafeAPI.Execute(["v1.part.sphere",[{"references":[19428],"name":"F1214_makeSphere_housing_py_78","radius":"@expr.d1215_radius","id":4}]])
[2026-09-16 14:19:37.768][VERB] RETURN: {"result":"$19436"}
[2026-09-16 14:19:37.768][VERB] COMMANDCALL: _C.SafeAPI.Execute(["v1.part.boolean",[{"type":"SUBTRACTION","tools":[19436],"target":19416,"name":"F6_cut_housing_py_418_tool_5","id":4}]])
[2026-09-16 14:19:37.788][VERB] RETURN: {"result":"$19451"}
[2026-09-16 14:19:37.789][VERB] COMMANDCALL: _C.SafeAPI.Execute(["v1.part.workCSys",[{"name":"F1216_makeSphere_housing_py_78_datum","offset":[46,23,13.3],"id":4}]])
[2026-09-16 14:19:37.796][VERB] RETURN: {"result":"$19463"}
[2026-09-16 14:19:37.797][VERB] COMMANDCALL: _C.SafeAPI.Execute(["v1.part.sphere",[{"references":[19463],"name":"F1216_makeSphere_housing_py_78","radius":"@expr.d1217_radius","id":4}]])
[2026-09-16 14:19:37.807][VERB] RETURN: {"result":"$19471"}
[2026-09-16 14:19:37.808][VERB] COMMANDCALL: _C.SafeAPI.Execute(["v1.part.boolean",[{"type":"SUBTRACTION","tools":[19471],"target":19451,"name":"F6_cut_housing_py_418_tool_6","id":4}]])
[2026-09-16 14:19:37.826][VERB] RETURN: {"result":"$19486"}
[2026-09-16 14:19:37.827][VERB] COMMANDCALL: _C.SafeAPI.Execute(["v1.part.workPlane",[{"type":"PLANE","references":[46],"name":"F1218_makeCylinder_housing_py_81_plane","offset":"@expr.d1219_plane_offset","id":4}]])
[2026-09-16 14:19:37.835][VERB] RETURN: {"result":"$19498"}
[2026-09-16 14:19:37.837][VERB] COMMANDCALL: _C.SafeAPI.Execute(["v1.sketch.create",[{"planeId":19498,"name":"F1218_makeCylinder_housing_py_81_profile","id":4}]])
[2026-09-16 14:19:37.839][VERB] RETURN: {"result":"$19504"}
[2026-09-16 14:19:37.839][VERB] COMMANDCALL: _C.SafeAPI.Execute(["v1.sketch.circle",[{"radius":0.65,"id":19504,"genFixation":0,"centerPos":[18.5,-49,0]}]])
[2026-09-16 14:19:37.841][VERB] RETURN: {"result":"$19510"}
[2026-09-16 14:19:37.841][VERB] COMMANDCALL: _C.SafeAPI.Execute(["v1.sketch.getPoints",[{"id":19510}]])
[2026-09-16 14:19:37.841][VERB] RETURN: {"result":{"centerId":"$19511"}}
[2026-09-16 14:19:37.841][VERB] COMMANDCALL: _C.SafeAPI.Execute(["v1.sketch.point",[{"pos":[-1000,-1000,0],"id":19504}]])
[2026-09-16 14:19:37.842][VERB] RETURN: {"result":"$19513"}
[2026-09-16 14:19:37.843][VERB] COMMANDCALL: _C.SafeAPI.Execute(["v1.sketch.constraint",[{"type":"FIXATION","id":19504,"geomIds":[19513]}]])
[2026-09-16 14:19:37.844][VERB] RETURN: {"result":"$19515"}
[2026-09-16 14:19:37.844][VERB] COMMANDCALL: _C.SafeAPI.Execute(["v1.sketch.dimension",[{"type":"HORIZONTAL_DISTANCE","value":"@expr.d1220_position_x","name":"position_x","id":19504,"geomIds":[19513,19511]}]])
[2026-09-16 14:19:37.849][VERB] RETURN: {"result":"$19519"}
[2026-09-16 14:19:37.849][VERB] COMMANDCALL: _C.SafeAPI.Execute(["v1.sketch.dimension",[{"type":"VERTICAL_DISTANCE","value":"@expr.d1221_position_y","name":"position_y","id":19504,"geomIds":[19513,19511]}]])
[2026-09-16 14:19:37.854][VERB] RETURN: {"result":"$19523"}
[2026-09-16 14:19:37.855][VERB] COMMANDCALL: _C.SafeAPI.Execute(["v1.sketch.dimension",[{"type":"RADIUS","value":"@expr.d1222_radius","name":"radius","id":19504,"geomIds":[19510]}]])
[2026-09-16 14:19:37.860][VERB] RETURN: {"result":"$19527"}
[2026-09-16 14:19:37.861][VERB] COMMANDCALL: _C.SafeAPI.Execute(["v1.part.extrusion",[{"references":[19510],"name":"F1218_makeCylinder_housing_py_81","taperAngle":0,"limit2":"@expr.d1223_height","id":4}]])
[2026-09-16 14:19:37.873][VERB] RETURN: {"result":"$19531"}
[2026-09-16 14:19:37.874][VERB] COMMANDCALL: _C.SafeAPI.Execute(["v1.part.boolean",[{"type":"SUBTRACTION","tools":[19531],"target":19486,"name":"F6_cut_housing_py_418_tool_7","id":4}]])
[2026-09-16 14:19:37.894][VERB] RETURN: {"result":"$19553"}
[2026-09-16 14:19:37.895][VERB] COMMANDCALL: _C.SafeAPI.Execute(["v1.part.workPlane",[{"type":"PLANE","references":[42],"name":"F1224_makeCylinder_housing_py_81_plane","offset":"@expr.d1225_plane_offset","id":4}]])
[2026-09-16 14:19:37.903][VERB] RETURN: {"result":"$19565"}
[2026-09-16 14:19:37.904][VERB] COMMANDCALL: _C.SafeAPI.Execute(["v1.sketch.create",[{"planeId":19565,"name":"F1224_makeCylinder_housing_py_81_profile","id":4}]])
[2026-09-16 14:19:37.906][VERB] RETURN: {"result":"$19571"}
[2026-09-16 14:19:37.906][VERB] COMMANDCALL: _C.SafeAPI.Execute(["v1.sketch.circle",[{"radius":0.65,"id":19571,"genFixation":0,"centerPos":[51.2,-18.5,0]}]])
[2026-09-16 14:19:37.908][VERB] RETURN: {"result":"$19577"}
[2026-09-16 14:19:37.908][VERB] COMMANDCALL: _C.SafeAPI.Execute(["v1.sketch.getPoints",[{"id":19577}]])
[2026-09-16 14:19:37.908][VERB] RETURN: {"result":{"centerId":"$19578"}}
[2026-09-16 14:19:37.908][VERB] COMMANDCALL: _C.SafeAPI.Execute(["v1.sketch.point",[{"pos":[-1000,-1000,0],"id":19571}]])
[2026-09-16 14:19:37.910][VERB] RETURN: {"result":"$19580"}
[2026-09-16 14:19:37.910][VERB] COMMANDCALL: _C.SafeAPI.Execute(["v1.sketch.constraint",[{"type":"FIXATION","id":19571,"geomIds":[19580]}]])
[2026-09-16 14:19:37.911][VERB] RETURN: {"result":"$19582"}
[2026-09-16 14:19:37.911][VERB] COMMANDCALL: _C.SafeAPI.Execute(["v1.sketch.dimension",[{"type":"HORIZONTAL_DISTANCE","value":"@expr.d1226_position_x","name":"position_x","id":19571,"geomIds":[19580,19578]}]])
[2026-09-16 14:19:37.916][VERB] RETURN: {"result":"$19586"}
[2026-09-16 14:19:37.916][VERB] COMMANDCALL: _C.SafeAPI.Execute(["v1.sketch.dimension",[{"type":"VERTICAL_DISTANCE","value":"@expr.d1227_position_y","name":"position_y","id":19571,"geomIds":[19580,19578]}]])
[2026-09-16 14:19:37.922][VERB] RETURN: {"result":"$19590"}
[2026-09-16 14:19:37.922][VERB] COMMANDCALL: _C.SafeAPI.Execute(["v1.sketch.dimension",[{"type":"RADIUS","value":"@expr.d1228_radius","name":"radius","id":19571,"geomIds":[19577]}]])
[2026-09-16 14:19:37.928][VERB] RETURN: {"result":"$19594"}
[2026-09-16 14:19:37.928][VERB] COMMANDCALL: _C.SafeAPI.Execute(["v1.part.extrusion",[{"references":[19577],"name":"F1224_makeCylinder_housing_py_81","taperAngle":0,"limit2":"@expr.d1229_height","id":4}]])
[2026-09-16 14:19:37.940][VERB] RETURN: {"result":"$19598"}
[2026-09-16 14:19:37.940][VERB] COMMANDCALL: _C.SafeAPI.Execute(["v1.part.boolean",[{"type":"SUBTRACTION","tools":[19598],"target":19553,"name":"F6_cut_housing_py_418_tool_8","id":4}]])
[2026-09-16 14:19:37.961][VERB] RETURN: {"result":"$19620"}
[2026-09-16 14:19:37.962][VERB] COMMANDCALL: _C.SafeAPI.Execute(["v1.part.workPlane",[{"type":"PLANE","references":[38],"name":"F1230_makeCylinder_housing_py_81_local_plane","offset":"@expr.d1231_plane_offset","id":4}]])
[2026-09-16 14:19:37.969][VERB] RETURN: {"result":"$19632"}
[2026-09-16 14:19:37.970][VERB] COMMANDCALL: _C.SafeAPI.Execute(["v1.sketch.create",[{"planeId":19632,"name":"F1230_makeCylinder_housing_py_81_local_profile","id":4}]])
[2026-09-16 14:19:37.972][VERB] RETURN: {"result":"$19638"}
[2026-09-16 14:19:37.972][VERB] COMMANDCALL: _C.SafeAPI.Execute(["v1.sketch.circle",[{"radius":0.65,"id":19638,"genFixation":0,"centerPos":[0,0,0]}]])
[2026-09-16 14:19:37.973][VERB] RETURN: {"result":"$19644"}
[2026-09-16 14:19:37.974][VERB] COMMANDCALL: _C.SafeAPI.Execute(["v1.sketch.getPoints",[{"id":19644}]])
[2026-09-16 14:19:37.974][VERB] RETURN: {"result":{"centerId":"$19645"}}
[2026-09-16 14:19:37.974][VERB] COMMANDCALL: _C.SafeAPI.Execute(["v1.sketch.point",[{"pos":[-1000,-1000,0],"id":19638}]])
[2026-09-16 14:19:37.975][VERB] RETURN: {"result":"$19647"}
[2026-09-16 14:19:37.975][VERB] COMMANDCALL: _C.SafeAPI.Execute(["v1.sketch.constraint",[{"type":"FIXATION","id":19638,"geomIds":[19647]}]])
[2026-09-16 14:19:37.976][VERB] RETURN: {"result":"$19649"}
[2026-09-16 14:19:37.977][VERB] COMMANDCALL: _C.SafeAPI.Execute(["v1.sketch.dimension",[{"type":"HORIZONTAL_DISTANCE","value":"@expr.d1232_position_x","name":"position_x","id":19638,"geomIds":[19647,19645]}]])
[2026-09-16 14:19:37.981][VERB] RETURN: {"result":"$19653"}
[2026-09-16 14:19:37.981][VERB] COMMANDCALL: _C.SafeAPI.Execute(["v1.sketch.dimension",[{"type":"VERTICAL_DISTANCE","value":"@expr.d1233_position_y","name":"position_y","id":19638,"geomIds":[19647,19645]}]])
[2026-09-16 14:19:37.987][VERB] RETURN: {"result":"$19657"}
[2026-09-16 14:19:37.987][VERB] COMMANDCALL: _C.SafeAPI.Execute(["v1.sketch.dimension",[{"type":"RADIUS","value":"@expr.d1234_radius","name":"radius","id":19638,"geomIds":[19644]}]])
[2026-09-16 14:19:37.993][VERB] RETURN: {"result":"$19661"}
[2026-09-16 14:19:37.993][VERB] COMMANDCALL: _C.SafeAPI.Execute(["v1.part.extrusion",[{"references":[19644],"name":"F1230_makeCylinder_housing_py_81_local","taperAngle":0,"limit2":"@expr.d1235_height","id":4}]])
[2026-09-16 14:19:38.003][VERB] RETURN: {"result":"$19665"}
[2026-09-16 14:19:38.004][VERB] COMMANDCALL: _C.SafeAPI.Execute(["v1.part.workAxis",[{"name":"F1230_makeCylinder_housing_py_81_axis","id":4,"position":[0,0,0],"direction":[0,-1.4,0]}]])
[2026-09-16 14:19:38.009][VERB] RETURN: {"result":"$19687"}
[2026-09-16 14:19:38.010][VERB] COMMANDCALL: _C.SafeAPI.Execute(["v1.part.rotation",[{"targets":[19665],"name":"F1230_makeCylinder_housing_py_81_orientation","id":4,"references":[19687],"angle":0.44975961306984}]])
[2026-09-16 14:19:38.017][VERB] RETURN: {"result":"$19695"}
[2026-09-16 14:19:38.017][VERB] COMMANDCALL: _C.SafeAPI.Execute(["v1.part.translation",[{"references":[26],"name":"F1230_makeCylinder_housing_py_81_0","id":4,"targets":[19695],"distance":"@expr.d1236_position"}]])
[2026-09-16 14:19:38.025][VERB] RETURN: {"result":"$19706"}
[2026-09-16 14:19:38.025][VERB] COMMANDCALL: _C.SafeAPI.Execute(["v1.part.translation",[{"references":[30],"name":"F1230_makeCylinder_housing_py_81_1","id":4,"targets":[19706],"distance":"@expr.d1237_position"}]])
[2026-09-16 14:19:38.032][VERB] RETURN: {"result":"$19717"}
[2026-09-16 14:19:38.033][VERB] COMMANDCALL: _C.SafeAPI.Execute(["v1.part.translation",[{"references":[34],"name":"F1230_makeCylinder_housing_py_81_2","id":4,"targets":[19717],"distance":"@expr.d1238_position"}]])
[2026-09-16 14:19:38.041][VERB] RETURN: {"result":"$19728"}
[2026-09-16 14:19:38.041][VERB] COMMANDCALL: _C.SafeAPI.Execute(["v1.part.boolean",[{"type":"SUBTRACTION","tools":[19728],"target":19620,"name":"F6_cut_housing_py_418_tool_9","id":4}]])
[2026-09-16 14:19:38.059][VERB] RETURN: {"result":"$19739"}
[2026-09-16 14:19:38.059][VERB] COMMANDCALL: _C.SafeAPI.Execute(["v1.part.workPlane",[{"type":"PLANE","references":[42],"name":"F1239_makeCylinder_housing_py_81_plane","offset":"@expr.d1240_plane_offset","id":4}]])
[2026-09-16 14:19:38.066][VERB] RETURN: {"result":"$19751"}
[2026-09-16 14:19:38.066][VERB] COMMANDCALL: _C.SafeAPI.Execute(["v1.sketch.create",[{"planeId":19751,"name":"F1239_makeCylinder_housing_py_81_profile","id":4}]])
[2026-09-16 14:19:38.069][VERB] RETURN: {"result":"$19757"}
[2026-09-16 14:19:38.069][VERB] COMMANDCALL: _C.SafeAPI.Execute(["v1.sketch.circle",[{"radius":0.65,"id":19757,"genFixation":0,"centerPos":[49.8,-21.4,0]}]])
[2026-09-16 14:19:38.070][VERB] RETURN: {"result":"$19763"}
[2026-09-16 14:19:38.070][VERB] COMMANDCALL: _C.SafeAPI.Execute(["v1.sketch.getPoints",[{"id":19763}]])
[2026-09-16 14:19:38.071][VERB] RETURN: {"result":{"centerId":"$19764"}}
[2026-09-16 14:19:38.071][VERB] COMMANDCALL: _C.SafeAPI.Execute(["v1.sketch.point",[{"pos":[-1000,-1000,0],"id":19757}]])
[2026-09-16 14:19:38.072][VERB] RETURN: {"result":"$19766"}
[2026-09-16 14:19:38.072][VERB] COMMANDCALL: _C.SafeAPI.Execute(["v1.sketch.constraint",[{"type":"FIXATION","id":19757,"geomIds":[19766]}]])
[2026-09-16 14:19:38.073][VERB] RETURN: {"result":"$19768"}
[2026-09-16 14:19:38.073][VERB] COMMANDCALL: _C.SafeAPI.Execute(["v1.sketch.dimension",[{"type":"HORIZONTAL_DISTANCE","value":"@expr.d1241_position_x","name":"position_x","id":19757,"geomIds":[19766,19764]}]])
[2026-09-16 14:19:38.078][VERB] RETURN: {"result":"$19772"}
[2026-09-16 14:19:38.078][VERB] COMMANDCALL: _C.SafeAPI.Execute(["v1.sketch.dimension",[{"type":"VERTICAL_DISTANCE","value":"@expr.d1242_position_y","name":"position_y","id":19757,"geomIds":[19766,19764]}]])
[2026-09-16 14:19:38.083][VERB] RETURN: {"result":"$19776"}
[2026-09-16 14:19:38.084][VERB] COMMANDCALL: _C.SafeAPI.Execute(["v1.sketch.dimension",[{"type":"RADIUS","value":"@expr.d1243_radius","name":"radius","id":19757,"geomIds":[19763]}]])
[2026-09-16 14:19:38.089][VERB] RETURN: {"result":"$19780"}
[2026-09-16 14:19:38.090][VERB] COMMANDCALL: _C.SafeAPI.Execute(["v1.part.extrusion",[{"references":[19763],"name":"F1239_makeCylinder_housing_py_81","taperAngle":0,"limit2":"@expr.d1244_height","id":4}]])
[2026-09-16 14:19:38.100][VERB] RETURN: {"result":"$19784"}
[2026-09-16 14:19:38.100][VERB] COMMANDCALL: _C.SafeAPI.Execute(["v1.part.boolean",[{"type":"SUBTRACTION","tools":[19784],"target":19739,"name":"F6_cut_housing_py_418_tool_10","id":4}]])
[2026-09-16 14:19:38.118][VERB] RETURN: {"result":"$19806"}
[2026-09-16 14:19:38.119][VERB] COMMANDCALL: _C.SafeAPI.Execute(["v1.part.workPlane",[{"type":"PLANE","references":[38],"name":"F1245_makeCylinder_housing_py_81_local_plane","offset":"@expr.d1246_plane_offset","id":4}]])
[2026-09-16 14:19:38.126][VERB] RETURN: {"result":"$19818"}
[2026-09-16 14:19:38.126][VERB] COMMANDCALL: _C.SafeAPI.Execute(["v1.sketch.create",[{"planeId":19818,"name":"F1245_makeCylinder_housing_py_81_local_profile","id":4}]])
[2026-09-16 14:19:38.129][VERB] RETURN: {"result":"$19824"}
[2026-09-16 14:19:38.129][VERB] COMMANDCALL: _C.SafeAPI.Execute(["v1.sketch.circle",[{"radius":0.65,"id":19824,"genFixation":0,"centerPos":[0,0,0]}]])
[2026-09-16 14:19:38.130][VERB] RETURN: {"result":"$19830"}
[2026-09-16 14:19:38.130][VERB] COMMANDCALL: _C.SafeAPI.Execute(["v1.sketch.getPoints",[{"id":19830}]])
[2026-09-16 14:19:38.130][VERB] RETURN: {"result":{"centerId":"$19831"}}
[2026-09-16 14:19:38.130][VERB] COMMANDCALL: _C.SafeAPI.Execute(["v1.sketch.point",[{"pos":[-1000,-1000,0],"id":19824}]])
[2026-09-16 14:19:38.131][VERB] RETURN: {"result":"$19833"}
[2026-09-16 14:19:38.132][VERB] COMMANDCALL: _C.SafeAPI.Execute(["v1.sketch.constraint",[{"type":"FIXATION","id":19824,"geomIds":[19833]}]])
[2026-09-16 14:19:38.133][VERB] RETURN: {"result":"$19835"}
[2026-09-16 14:19:38.133][VERB] COMMANDCALL: _C.SafeAPI.Execute(["v1.sketch.dimension",[{"type":"HORIZONTAL_DISTANCE","value":"@expr.d1247_position_x","name":"position_x","id":19824,"geomIds":[19833,19831]}]])
[2026-09-16 14:19:38.137][VERB] RETURN: {"result":"$19839"}
[2026-09-16 14:19:38.138][VERB] COMMANDCALL: _C.SafeAPI.Execute(["v1.sketch.dimension",[{"type":"VERTICAL_DISTANCE","value":"@expr.d1248_position_y","name":"position_y","id":19824,"geomIds":[19833,19831]}]])
[2026-09-16 14:19:38.143][VERB] RETURN: {"result":"$19843"}
[2026-09-16 14:19:38.143][VERB] COMMANDCALL: _C.SafeAPI.Execute(["v1.sketch.dimension",[{"type":"RADIUS","value":"@expr.d1249_radius","name":"radius","id":19824,"geomIds":[19830]}]])
[2026-09-16 14:19:38.148][VERB] RETURN: {"result":"$19847"}
[2026-09-16 14:19:38.149][VERB] COMMANDCALL: _C.SafeAPI.Execute(["v1.part.extrusion",[{"references":[19830],"name":"F1245_makeCylinder_housing_py_81_local","taperAngle":0,"limit2":"@expr.d1250_height","id":4}]])
[2026-09-16 14:19:38.159][VERB] RETURN: {"result":"$19851"}
[2026-09-16 14:19:38.159][VERB] COMMANDCALL: _C.SafeAPI.Execute(["v1.part.workAxis",[{"name":"F1245_makeCylinder_housing_py_81_axis","id":4,"position":[0,0,0],"direction":[0,-3.8,0]}]])
[2026-09-16 14:19:38.165][VERB] RETURN: {"result":"$19873"}
[2026-09-16 14:19:38.165][VERB] COMMANDCALL: _C.SafeAPI.Execute(["v1.part.rotation",[{"targets":[19851],"name":"F1245_makeCylinder_housing_py_81_orientation","id":4,"references":[19873],"angle":2.3006959849466}]])
[2026-09-16 14:19:38.173][VERB] RETURN: {"result":"$19881"}
[2026-09-16 14:19:38.174][VERB] COMMANDCALL: _C.SafeAPI.Execute(["v1.part.translation",[{"references":[26],"name":"F1245_makeCylinder_housing_py_81_0","id":4,"targets":[19881],"distance":"@expr.d1251_position"}]])
[2026-09-16 14:19:38.182][VERB] RETURN: {"result":"$19892"}
[2026-09-16 14:19:38.182][VERB] COMMANDCALL: _C.SafeAPI.Execute(["v1.part.translation",[{"references":[30],"name":"F1245_makeCylinder_housing_py_81_1","id":4,"targets":[19892],"distance":"@expr.d1252_position"}]])
[2026-09-16 14:19:38.190][VERB] RETURN: {"result":"$19903"}
[2026-09-16 14:19:38.191][VERB] COMMANDCALL: _C.SafeAPI.Execute(["v1.part.translation",[{"references":[34],"name":"F1245_makeCylinder_housing_py_81_2","id":4,"targets":[19903],"distance":"@expr.d1253_position"}]])
[2026-09-16 14:19:38.198][VERB] RETURN: {"result":"$19914"}
[2026-09-16 14:19:38.199][VERB] COMMANDCALL: _C.SafeAPI.Execute(["v1.part.boolean",[{"type":"SUBTRACTION","tools":[19914],"target":19806,"name":"F6_cut_housing_py_418_tool_11","id":4}]])
[2026-09-16 14:19:38.218][VERB] RETURN: {"result":"$19925"}
[2026-09-16 14:19:38.218][VERB] COMMANDCALL: _C.SafeAPI.Execute(["v1.part.workPlane",[{"type":"PLANE","references":[38],"name":"F1254_makeCylinder_housing_py_81_plane","offset":"@expr.d1255_plane_offset","id":4}]])
[2026-09-16 14:19:38.225][VERB] RETURN: {"result":"$19937"}
[2026-09-16 14:19:38.225][VERB] COMMANDCALL: _C.SafeAPI.Execute(["v1.sketch.create",[{"planeId":19937,"name":"F1254_makeCylinder_housing_py_81_profile","id":4}]])
[2026-09-16 14:19:38.228][VERB] RETURN: {"result":"$19943"}
[2026-09-16 14:19:38.228][VERB] COMMANDCALL: _C.SafeAPI.Execute(["v1.sketch.circle",[{"radius":0.65,"id":19943,"genFixation":0,"centerPos":[46,23,0]}]])
[2026-09-16 14:19:38.229][VERB] RETURN: {"result":"$19949"}
[2026-09-16 14:19:38.229][VERB] COMMANDCALL: _C.SafeAPI.Execute(["v1.sketch.getPoints",[{"id":19949}]])
[2026-09-16 14:19:38.229][VERB] RETURN: {"result":{"centerId":"$19950"}}
[2026-09-16 14:19:38.230][VERB] COMMANDCALL: _C.SafeAPI.Execute(["v1.sketch.point",[{"pos":[-1000,-1000,0],"id":19943}]])
[2026-09-16 14:19:38.231][VERB] RETURN: {"result":"$19952"}
[2026-09-16 14:19:38.231][VERB] COMMANDCALL: _C.SafeAPI.Execute(["v1.sketch.constraint",[{"type":"FIXATION","id":19943,"geomIds":[19952]}]])
[2026-09-16 14:19:38.232][VERB] RETURN: {"result":"$19954"}
[2026-09-16 14:19:38.232][VERB] COMMANDCALL: _C.SafeAPI.Execute(["v1.sketch.dimension",[{"type":"HORIZONTAL_DISTANCE","value":"@expr.d1256_position_x","name":"position_x","id":19943,"geomIds":[19952,19950]}]])
[2026-09-16 14:19:38.237][VERB] RETURN: {"result":"$19958"}
[2026-09-16 14:19:38.237][VERB] COMMANDCALL: _C.SafeAPI.Execute(["v1.sketch.dimension",[{"type":"VERTICAL_DISTANCE","value":"@expr.d1257_position_y","name":"position_y","id":19943,"geomIds":[19952,19950]}]])
[2026-09-16 14:19:38.243][VERB] RETURN: {"result":"$19962"}
[2026-09-16 14:19:38.243][VERB] COMMANDCALL: _C.SafeAPI.Execute(["v1.sketch.dimension",[{"type":"RADIUS","value":"@expr.d1258_radius","name":"radius","id":19943,"geomIds":[19949]}]])
[2026-09-16 14:19:38.249][VERB] RETURN: {"result":"$19966"}
[2026-09-16 14:19:38.249][VERB] COMMANDCALL: _C.SafeAPI.Execute(["v1.part.extrusion",[{"references":[19949],"name":"F1254_makeCylinder_housing_py_81","taperAngle":0,"limit2":"@expr.d1259_height","id":4}]])
[2026-09-16 14:19:38.260][VERB] RETURN: {"result":"$19970"}
[2026-09-16 14:19:38.260][VERB] COMMANDCALL: _C.SafeAPI.Execute(["v1.part.boolean",[{"type":"SUBTRACTION","tools":[19970],"target":19925,"name":"F6_cut_housing_py_418_tool_12","id":4}]])
[2026-09-16 14:19:38.279][VERB] RETURN: {"result":"$19992"}
[2026-09-16 14:19:38.279][VERB] COMMANDCALL: _C.SafeAPI.Execute(["v1.part.workCSys",[{"name":"F1260_makeSphere_housing_py_78_datum","offset":[50.7,28,26],"id":4}]])
[2026-09-16 14:19:38.286][VERB] RETURN: {"result":"$20004"}
[2026-09-16 14:19:38.286][VERB] COMMANDCALL: _C.SafeAPI.Execute(["v1.part.sphere",[{"references":[20004],"name":"F1260_makeSphere_housing_py_78","radius":"@expr.d1261_radius","id":4}]])
[2026-09-16 14:19:38.294][VERB] RETURN: {"result":"$20012"}
[2026-09-16 14:19:38.295][VERB] COMMANDCALL: _C.SafeAPI.Execute(["v1.part.boolean",[{"type":"SUBTRACTION","tools":[20012],"target":19992,"name":"F5_cut_housing_py_418_tool_0","id":4}]])
[2026-09-16 14:19:38.311][VERB] RETURN: {"result":"$20027"}
[2026-09-16 14:19:38.311][VERB] COMMANDCALL: _C.SafeAPI.Execute(["v1.part.workCSys",[{"name":"F1262_makeSphere_housing_py_78_datum","offset":[50.7,35.5,26],"id":4}]])
[2026-09-16 14:19:38.319][VERB] RETURN: {"result":"$20039"}
[2026-09-16 14:19:38.319][VERB] COMMANDCALL: _C.SafeAPI.Execute(["v1.part.sphere",[{"references":[20039],"name":"F1262_makeSphere_housing_py_78","radius":"@expr.d1263_radius","id":4}]])
[2026-09-16 14:19:38.328][VERB] RETURN: {"result":"$20047"}
[2026-09-16 14:19:38.328][VERB] COMMANDCALL: _C.SafeAPI.Execute(["v1.part.boolean",[{"type":"SUBTRACTION","tools":[20047],"target":20027,"name":"F5_cut_housing_py_418_tool_1","id":4}]])
[2026-09-16 14:19:38.345][VERB] RETURN: {"result":"$20062"}
[2026-09-16 14:19:38.345][VERB] COMMANDCALL: _C.SafeAPI.Execute(["v1.part.workPlane",[{"type":"PLANE","references":[42],"name":"F1264_makeCylinder_housing_py_81_plane","offset":"@expr.d1265_plane_offset","id":4}]])
[2026-09-16 14:19:38.353][VERB] RETURN: {"result":"$20074"}
[2026-09-16 14:19:38.354][VERB] COMMANDCALL: _C.SafeAPI.Execute(["v1.sketch.create",[{"planeId":20074,"name":"F1264_makeCylinder_housing_py_81_profile","id":4}]])
[2026-09-16 14:19:38.356][VERB] RETURN: {"result":"$20080"}
[2026-09-16 14:19:38.356][VERB] COMMANDCALL: _C.SafeAPI.Execute(["v1.sketch.circle",[{"radius":0.65,"id":20080,"genFixation":0,"centerPos":[50.7,-26,0]}]])
[2026-09-16 14:19:38.358][VERB] RETURN: {"result":"$20086"}
[2026-09-16 14:19:38.358][VERB] COMMANDCALL: _C.SafeAPI.Execute(["v1.sketch.getPoints",[{"id":20086}]])
[2026-09-16 14:19:38.358][VERB] RETURN: {"result":{"centerId":"$20087"}}
[2026-09-16 14:19:38.358][VERB] COMMANDCALL: _C.SafeAPI.Execute(["v1.sketch.point",[{"pos":[-1000,-1000,0],"id":20080}]])
[2026-09-16 14:19:38.359][VERB] RETURN: {"result":"$20089"}
[2026-09-16 14:19:38.359][VERB] COMMANDCALL: _C.SafeAPI.Execute(["v1.sketch.constraint",[{"type":"FIXATION","id":20080,"geomIds":[20089]}]])
[2026-09-16 14:19:38.361][VERB] RETURN: {"result":"$20091"}
[2026-09-16 14:19:38.361][VERB] COMMANDCALL: _C.SafeAPI.Execute(["v1.sketch.dimension",[{"type":"HORIZONTAL_DISTANCE","value":"@expr.d1266_position_x","name":"position_x","id":20080,"geomIds":[20089,20087]}]])
[2026-09-16 14:19:38.365][VERB] RETURN: {"result":"$20095"}
[2026-09-16 14:19:38.366][VERB] COMMANDCALL: _C.SafeAPI.Execute(["v1.sketch.dimension",[{"type":"VERTICAL_DISTANCE","value":"@expr.d1267_position_y","name":"position_y","id":20080,"geomIds":[20089,20087]}]])
[2026-09-16 14:19:38.371][VERB] RETURN: {"result":"$20099"}
[2026-09-16 14:19:38.372][VERB] COMMANDCALL: _C.SafeAPI.Execute(["v1.sketch.dimension",[{"type":"RADIUS","value":"@expr.d1268_radius","name":"radius","id":20080,"geomIds":[20086]}]])
[2026-09-16 14:19:38.377][VERB] RETURN: {"result":"$20103"}
[2026-09-16 14:19:38.378][VERB] COMMANDCALL: _C.SafeAPI.Execute(["v1.part.extrusion",[{"references":[20086],"name":"F1264_makeCylinder_housing_py_81","taperAngle":0,"limit2":"@expr.d1269_height","id":4}]])
[2026-09-16 14:19:38.388][VERB] RETURN: {"result":"$20107"}
[2026-09-16 14:19:38.389][VERB] COMMANDCALL: _C.SafeAPI.Execute(["v1.part.boolean",[{"type":"SUBTRACTION","tools":[20107],"target":20062,"name":"F5_cut_housing_py_418_tool_2","id":4}]])
[2026-09-16 14:19:38.408][VERB] RETURN: {"result":"$20129"}
[2026-09-16 14:19:38.409][VERB] COMMANDCALL: _C.SafeAPI.Execute(["v1.part.workPlane",[{"type":"PLANE","references":[38],"name":"F1270_makeCylinder_cad_primitives_py_12_plane","offset":"@expr.d1271_plane_offset","id":4}]])
[2026-09-16 14:19:38.416][VERB] RETURN: {"result":"$20141"}
[2026-09-16 14:19:38.416][VERB] COMMANDCALL: _C.SafeAPI.Execute(["v1.sketch.create",[{"planeId":20141,"name":"F1270_makeCylinder_cad_primitives_py_12_profile","id":4}]])
[2026-09-16 14:19:38.419][VERB] RETURN: {"result":"$20147"}
[2026-09-16 14:19:38.420][VERB] COMMANDCALL: _C.SafeAPI.Execute(["v1.sketch.circle",[{"radius":1.15,"id":20147,"genFixation":0,"centerPos":[29.5,3.1,0]}]])
[2026-09-16 14:19:38.421][VERB] RETURN: {"result":"$20153"}
[2026-09-16 14:19:38.421][VERB] COMMANDCALL: _C.SafeAPI.Execute(["v1.sketch.getPoints",[{"id":20153}]])
[2026-09-16 14:19:38.421][VERB] RETURN: {"result":{"centerId":"$20154"}}
[2026-09-16 14:19:38.421][VERB] COMMANDCALL: _C.SafeAPI.Execute(["v1.sketch.point",[{"pos":[-1000,-1000,0],"id":20147}]])
[2026-09-16 14:19:38.422][VERB] RETURN: {"result":"$20156"}
[2026-09-16 14:19:38.423][VERB] COMMANDCALL: _C.SafeAPI.Execute(["v1.sketch.constraint",[{"type":"FIXATION","id":20147,"geomIds":[20156]}]])
[2026-09-16 14:19:38.424][VERB] RETURN: {"result":"$20158"}
[2026-09-16 14:19:38.424][VERB] COMMANDCALL: _C.SafeAPI.Execute(["v1.sketch.dimension",[{"type":"HORIZONTAL_DISTANCE","value":"@expr.d1272_position_x","name":"position_x","id":20147,"geomIds":[20156,20154]}]])
[2026-09-16 14:19:38.429][VERB] RETURN: {"result":"$20162"}
[2026-09-16 14:19:38.429][VERB] COMMANDCALL: _C.SafeAPI.Execute(["v1.sketch.dimension",[{"type":"VERTICAL_DISTANCE","value":"@expr.d1273_position_y","name":"position_y","id":20147,"geomIds":[20156,20154]}]])
[2026-09-16 14:19:38.435][VERB] RETURN: {"result":"$20166"}
[2026-09-16 14:19:38.435][VERB] COMMANDCALL: _C.SafeAPI.Execute(["v1.sketch.dimension",[{"type":"RADIUS","value":"@expr.d1274_radius","name":"radius","id":20147,"geomIds":[20153]}]])
[2026-09-16 14:19:38.441][VERB] RETURN: {"result":"$20170"}
[2026-09-16 14:19:38.441][VERB] COMMANDCALL: _C.SafeAPI.Execute(["v1.part.extrusion",[{"references":[20153],"name":"F1270_makeCylinder_cad_primitives_py_12","taperAngle":0,"limit2":"@expr.d1275_height","id":4}]])
[2026-09-16 14:19:38.452][VERB] RETURN: {"result":"$20174"}
[2026-09-16 14:19:38.453][VERB] COMMANDCALL: _C.SafeAPI.Execute(["v1.part.boolean",[{"type":"SUBTRACTION","tools":[20174],"target":20129,"name":"F4_cut_housing_py_492","id":4}]])
[2026-09-16 14:19:38.473][VERB] RETURN: {"result":"$20196"}
[2026-09-16 14:19:38.473][VERB] COMMANDCALL: _C.SafeAPI.Execute(["v1.part.workPlane",[{"type":"PLANE","references":[38],"name":"F1276_makeCylinder_cad_primitives_py_12_plane","offset":"@expr.d1277_plane_offset","id":4}]])
[2026-09-16 14:19:38.480][VERB] RETURN: {"result":"$20208"}
[2026-09-16 14:19:38.481][VERB] COMMANDCALL: _C.SafeAPI.Execute(["v1.sketch.create",[{"planeId":20208,"name":"F1276_makeCylinder_cad_primitives_py_12_profile","id":4}]])
[2026-09-16 14:19:38.483][VERB] RETURN: {"result":"$20214"}
[2026-09-16 14:19:38.483][VERB] COMMANDCALL: _C.SafeAPI.Execute(["v1.sketch.circle",[{"radius":1.15,"id":20214,"genFixation":0,"centerPos":[29.5,20.9,0]}]])
[2026-09-16 14:19:38.485][VERB] RETURN: {"result":"$20220"}
[2026-09-16 14:19:38.485][VERB] COMMANDCALL: _C.SafeAPI.Execute(["v1.sketch.getPoints",[{"id":20220}]])
[2026-09-16 14:19:38.485][VERB] RETURN: {"result":{"centerId":"$20221"}}
[2026-09-16 14:19:38.485][VERB] COMMANDCALL: _C.SafeAPI.Execute(["v1.sketch.point",[{"pos":[-1000,-1000,0],"id":20214}]])
[2026-09-16 14:19:38.486][VERB] RETURN: {"result":"$20223"}
[2026-09-16 14:19:38.487][VERB] COMMANDCALL: _C.SafeAPI.Execute(["v1.sketch.constraint",[{"type":"FIXATION","id":20214,"geomIds":[20223]}]])
[2026-09-16 14:19:38.488][VERB] RETURN: {"result":"$20225"}
[2026-09-16 14:19:38.488][VERB] COMMANDCALL: _C.SafeAPI.Execute(["v1.sketch.dimension",[{"type":"HORIZONTAL_DISTANCE","value":"@expr.d1278_position_x","name":"position_x","id":20214,"geomIds":[20223,20221]}]])
[2026-09-16 14:19:38.493][VERB] RETURN: {"result":"$20229"}
[2026-09-16 14:19:38.493][VERB] COMMANDCALL: _C.SafeAPI.Execute(["v1.sketch.dimension",[{"type":"VERTICAL_DISTANCE","value":"@expr.d1279_position_y","name":"position_y","id":20214,"geomIds":[20223,20221]}]])
[2026-09-16 14:19:38.498][VERB] RETURN: {"result":"$20233"}
[2026-09-16 14:19:38.498][VERB] COMMANDCALL: _C.SafeAPI.Execute(["v1.sketch.dimension",[{"type":"RADIUS","value":"@expr.d1280_radius","name":"radius","id":20214,"geomIds":[20220]}]])
[2026-09-16 14:19:38.504][VERB] RETURN: {"result":"$20237"}
[2026-09-16 14:19:38.504][VERB] COMMANDCALL: _C.SafeAPI.Execute(["v1.part.extrusion",[{"references":[20220],"name":"F1276_makeCylinder_cad_primitives_py_12","taperAngle":0,"limit2":"@expr.d1281_height","id":4}]])
[2026-09-16 14:19:38.515][VERB] RETURN: {"result":"$20241"}
[2026-09-16 14:19:38.515][VERB] COMMANDCALL: _C.SafeAPI.Execute(["v1.part.boolean",[{"type":"SUBTRACTION","tools":[20241],"target":20196,"name":"F3_cut_housing_py_492","id":4}]])
[2026-09-16 14:19:38.536][VERB] RETURN: {"result":"$20263"}
[2026-09-16 14:19:38.536][VERB] COMMANDCALL: _C.SafeAPI.Execute(["v1.part.workPlane",[{"type":"PLANE","references":[38],"name":"F1282_makeCylinder_cad_primitives_py_12_plane","offset":"@expr.d1283_plane_offset","id":4}]])
[2026-09-16 14:19:38.543][VERB] RETURN: {"result":"$20275"}
[2026-09-16 14:19:38.544][VERB] COMMANDCALL: _C.SafeAPI.Execute(["v1.sketch.create",[{"planeId":20275,"name":"F1282_makeCylinder_cad_primitives_py_12_profile","id":4}]])
[2026-09-16 14:19:38.546][VERB] RETURN: {"result":"$20281"}
[2026-09-16 14:19:38.546][VERB] COMMANDCALL: _C.SafeAPI.Execute(["v1.sketch.circle",[{"radius":1.15,"id":20281,"genFixation":0,"centerPos":[55,42.6,0]}]])
[2026-09-16 14:19:38.547][VERB] RETURN: {"result":"$20287"}
[2026-09-16 14:19:38.548][VERB] COMMANDCALL: _C.SafeAPI.Execute(["v1.sketch.getPoints",[{"id":20287}]])
[2026-09-16 14:19:38.548][VERB] RETURN: {"result":{"centerId":"$20288"}}
[2026-09-16 14:19:38.548][VERB] COMMANDCALL: _C.SafeAPI.Execute(["v1.sketch.point",[{"pos":[-1000,-1000,0],"id":20281}]])
[2026-09-16 14:19:38.549][VERB] RETURN: {"result":"$20290"}
[2026-09-16 14:19:38.549][VERB] COMMANDCALL: _C.SafeAPI.Execute(["v1.sketch.constraint",[{"type":"FIXATION","id":20281,"geomIds":[20290]}]])
[2026-09-16 14:19:38.550][VERB] RETURN: {"result":"$20292"}
[2026-09-16 14:19:38.550][VERB] COMMANDCALL: _C.SafeAPI.Execute(["v1.sketch.dimension",[{"type":"HORIZONTAL_DISTANCE","value":"@expr.d1284_position_x","name":"position_x","id":20281,"geomIds":[20290,20288]}]])
[2026-09-16 14:19:38.555][VERB] RETURN: {"result":"$20296"}
[2026-09-16 14:19:38.555][VERB] COMMANDCALL: _C.SafeAPI.Execute(["v1.sketch.dimension",[{"type":"VERTICAL_DISTANCE","value":"@expr.d1285_position_y","name":"position_y","id":20281,"geomIds":[20290,20288]}]])
[2026-09-16 14:19:38.561][VERB] RETURN: {"result":"$20300"}
[2026-09-16 14:19:38.561][VERB] COMMANDCALL: _C.SafeAPI.Execute(["v1.sketch.dimension",[{"type":"RADIUS","value":"@expr.d1286_radius","name":"radius","id":20281,"geomIds":[20287]}]])
[2026-09-16 14:19:38.567][VERB] RETURN: {"result":"$20304"}
[2026-09-16 14:19:38.567][VERB] COMMANDCALL: _C.SafeAPI.Execute(["v1.part.extrusion",[{"references":[20287],"name":"F1282_makeCylinder_cad_primitives_py_12","taperAngle":0,"limit2":"@expr.d1287_height","id":4}]])
[2026-09-16 14:19:38.578][VERB] RETURN: {"result":"$20308"}
[2026-09-16 14:19:38.579][VERB] COMMANDCALL: _C.SafeAPI.Execute(["v1.part.boolean",[{"type":"SUBTRACTION","tools":[20308],"target":20263,"name":"F2_cut_housing_py_492","id":4}]])
[2026-09-16 14:19:38.601][VERB] RETURN: {"result":"$20330"}
[2026-09-16 14:19:38.602][VERB] COMMANDCALL: _C.SafeAPI.Execute(["v1.part.workPlane",[{"type":"PLANE","references":[38],"name":"F1288_makeCylinder_cad_primitives_py_12_plane","offset":"@expr.d1289_plane_offset","id":4}]])
[2026-09-16 14:19:38.609][VERB] RETURN: {"result":"$20342"}
[2026-09-16 14:19:38.609][VERB] COMMANDCALL: _C.SafeAPI.Execute(["v1.sketch.create",[{"planeId":20342,"name":"F1288_makeCylinder_cad_primitives_py_12_profile","id":4}]])
[2026-09-16 14:19:38.612][VERB] RETURN: {"result":"$20348"}
[2026-09-16 14:19:38.612][VERB] COMMANDCALL: _C.SafeAPI.Execute(["v1.sketch.circle",[{"radius":1.15,"id":20348,"genFixation":0,"centerPos":[86.8,38.9,0]}]])
[2026-09-16 14:19:38.613][VERB] RETURN: {"result":"$20354"}
[2026-09-16 14:19:38.613][VERB] COMMANDCALL: _C.SafeAPI.Execute(["v1.sketch.getPoints",[{"id":20354}]])
[2026-09-16 14:19:38.614][VERB] RETURN: {"result":{"centerId":"$20355"}}
[2026-09-16 14:19:38.614][VERB] COMMANDCALL: _C.SafeAPI.Execute(["v1.sketch.point",[{"pos":[-1000,-1000,0],"id":20348}]])
[2026-09-16 14:19:38.615][VERB] RETURN: {"result":"$20357"}
[2026-09-16 14:19:38.615][VERB] COMMANDCALL: _C.SafeAPI.Execute(["v1.sketch.constraint",[{"type":"FIXATION","id":20348,"geomIds":[20357]}]])
[2026-09-16 14:19:38.616][VERB] RETURN: {"result":"$20359"}
[2026-09-16 14:19:38.616][VERB] COMMANDCALL: _C.SafeAPI.Execute(["v1.sketch.dimension",[{"type":"HORIZONTAL_DISTANCE","value":"@expr.d1290_position_x","name":"position_x","id":20348,"geomIds":[20357,20355]}]])
[2026-09-16 14:19:38.622][VERB] RETURN: {"result":"$20363"}
[2026-09-16 14:19:38.622][VERB] COMMANDCALL: _C.SafeAPI.Execute(["v1.sketch.dimension",[{"type":"VERTICAL_DISTANCE","value":"@expr.d1291_position_y","name":"position_y","id":20348,"geomIds":[20357,20355]}]])
[2026-09-16 14:19:38.628][VERB] RETURN: {"result":"$20367"}
[2026-09-16 14:19:38.628][VERB] COMMANDCALL: _C.SafeAPI.Execute(["v1.sketch.dimension",[{"type":"RADIUS","value":"@expr.d1292_radius","name":"radius","id":20348,"geomIds":[20354]}]])
[2026-09-16 14:19:38.634][VERB] RETURN: {"result":"$20371"}
[2026-09-16 14:19:38.634][VERB] COMMANDCALL: _C.SafeAPI.Execute(["v1.part.extrusion",[{"references":[20354],"name":"F1288_makeCylinder_cad_primitives_py_12","taperAngle":0,"limit2":"@expr.d1293_height","id":4}]])
[2026-09-16 14:19:38.645][VERB] RETURN: {"result":"$20375"}
[2026-09-16 14:19:38.645][VERB] COMMANDCALL: _C.SafeAPI.Execute(["v1.part.boolean",[{"type":"SUBTRACTION","tools":[20375],"target":20330,"name":"F1_cut_housing_py_492","id":4}]])
[2026-09-16 14:19:38.667][VERB] RETURN: {"result":"$20397"}
[2026-09-16 14:19:38.667][VERB] COMMANDCALL: _C.SafeAPI.Execute(["v1.part.workPlane",[{"type":"PLANE","references":[38],"name":"F1294_makeBox_cad_primitives_py_8_plane","offset":"@expr.d1295_plane_offset","id":4}]])
[2026-09-16 14:19:38.676][VERB] RETURN: {"result":"$20409"}
[2026-09-16 14:19:38.676][VERB] COMMANDCALL: _C.SafeAPI.Execute(["v1.sketch.create",[{"planeId":20409,"name":"F1294_makeBox_cad_primitives_py_8_profile","id":4}]])
[2026-09-16 14:19:38.678][VERB] RETURN: {"result":"$20415"}
[2026-09-16 14:19:38.679][VERB] COMMANDCALL: _C.SafeAPI.Execute(["v1.sketch.rectangle",[{"startPos":[19.55,47.4,0],"id":20415,"genFixation":0,"endPos":[21.55,53.4,0]}]])
[2026-09-16 14:19:38.686][VERB] RETURN: {"result":["$20421","$20425","$20431","$20437"]}
[2026-09-16 14:19:38.686][VERB] COMMANDCALL: _C.SafeAPI.Execute(["v1.sketch.getPoints",[{"id":20421}]])
[2026-09-16 14:19:38.686][VERB] RETURN: {"result":{"endId":"$20423","startId":"$20422"}}
[2026-09-16 14:19:38.687][VERB] COMMANDCALL: _C.SafeAPI.Execute(["v1.sketch.point",[{"pos":[-1000,-1000,0],"id":20415}]])
[2026-09-16 14:19:38.689][VERB] RETURN: {"result":"$20453"}
[2026-09-16 14:19:38.689][VERB] COMMANDCALL: _C.SafeAPI.Execute(["v1.sketch.constraint",[{"type":"FIXATION","id":20415,"geomIds":[20453]}]])
[2026-09-16 14:19:38.691][VERB] RETURN: {"result":"$20455"}
[2026-09-16 14:19:38.691][VERB] COMMANDCALL: _C.SafeAPI.Execute(["v1.sketch.dimension",[{"type":"HORIZONTAL_DISTANCE","value":"@expr.d1296_position_x","name":"position_x","id":20415,"geomIds":[20453,20422]}]])
[2026-09-16 14:19:38.697][VERB] RETURN: {"result":"$20459"}
[2026-09-16 14:19:38.697][VERB] COMMANDCALL: _C.SafeAPI.Execute(["v1.sketch.dimension",[{"type":"VERTICAL_DISTANCE","value":"@expr.d1297_position_y","name":"position_y","id":20415,"geomIds":[20453,20422]}]])
[2026-09-16 14:19:38.704][VERB] RETURN: {"result":"$20463"}
[2026-09-16 14:19:38.705][VERB] COMMANDCALL: _C.SafeAPI.Execute(["v1.sketch.dimension",[{"type":"OFFSET","value":"@expr.d1298_width","name":"width","id":20415,"geomIds":[20421]}]])
[2026-09-16 14:19:38.713][VERB] RETURN: {"result":"$20467"}
[2026-09-16 14:19:38.713][VERB] COMMANDCALL: _C.SafeAPI.Execute(["v1.sketch.dimension",[{"type":"OFFSET","value":"@expr.d1299_depth","name":"depth","id":20415,"geomIds":[20425]}]])
[2026-09-16 14:19:38.722][VERB] RETURN: {"result":"$20471"}
[2026-09-16 14:19:38.723][VERB] COMMANDCALL: _C.SafeAPI.Execute(["v1.part.extrusion",[{"references":[20421,20425,20431,20437],"name":"F1294_makeBox_cad_primitives_py_8","taperAngle":0,"limit2":"@expr.d1300_height","id":4}]])
[2026-09-16 14:19:38.733][VERB] RETURN: {"result":"$20475"}
[2026-09-16 14:19:38.734][VERB] COMMANDCALL: _C.SafeAPI.Execute(["v1.part.boolean",[{"type":"SUBTRACTION","tools":[20475],"target":20397,"name":"F0_cut_housing_py_518_tool_0","id":4}]])
[2026-09-16 14:19:38.756][VERB] RETURN: {"result":"$20518"}
[2026-09-16 14:19:38.757][VERB] COMMANDCALL: _C.SafeAPI.Execute(["v1.part.workPlane",[{"type":"PLANE","references":[38],"name":"F1301_makeCylinder_cad_primitives_py_12_plane","offset":"@expr.d1302_plane_offset","id":4}]])
[2026-09-16 14:19:38.765][VERB] RETURN: {"result":"$20564"}
[2026-09-16 14:19:38.765][VERB] COMMANDCALL: _C.SafeAPI.Execute(["v1.sketch.create",[{"planeId":20564,"name":"F1301_makeCylinder_cad_primitives_py_12_profile","id":4}]])
[2026-09-16 14:19:38.768][VERB] RETURN: {"result":"$20570"}
[2026-09-16 14:19:38.769][VERB] COMMANDCALL: _C.SafeAPI.Execute(["v1.sketch.circle",[{"radius":1,"id":20570,"genFixation":0,"centerPos":[20.55,47.4,0]}]])
[2026-09-16 14:19:38.770][VERB] RETURN: {"result":"$20576"}
[2026-09-16 14:19:38.770][VERB] COMMANDCALL: _C.SafeAPI.Execute(["v1.sketch.getPoints",[{"id":20576}]])
[2026-09-16 14:19:38.770][VERB] RETURN: {"result":{"centerId":"$20577"}}
[2026-09-16 14:19:38.770][VERB] COMMANDCALL: _C.SafeAPI.Execute(["v1.sketch.point",[{"pos":[-1000,-1000,0],"id":20570}]])
[2026-09-16 14:19:38.771][VERB] RETURN: {"result":"$20579"}
[2026-09-16 14:19:38.772][VERB] COMMANDCALL: _C.SafeAPI.Execute(["v1.sketch.constraint",[{"type":"FIXATION","id":20570,"geomIds":[20579]}]])
[2026-09-16 14:19:38.773][VERB] RETURN: {"result":"$20581"}
[2026-09-16 14:19:38.773][VERB] COMMANDCALL: _C.SafeAPI.Execute(["v1.sketch.dimension",[{"type":"HORIZONTAL_DISTANCE","value":"@expr.d1303_position_x","name":"position_x","id":20570,"geomIds":[20579,20577]}]])
[2026-09-16 14:19:38.778][VERB] RETURN: {"result":"$20585"}
[2026-09-16 14:19:38.778][VERB] COMMANDCALL: _C.SafeAPI.Execute(["v1.sketch.dimension",[{"type":"VERTICAL_DISTANCE","value":"@expr.d1304_position_y","name":"position_y","id":20570,"geomIds":[20579,20577]}]])
[2026-09-16 14:19:38.784][VERB] RETURN: {"result":"$20589"}
[2026-09-16 14:19:38.785][VERB] COMMANDCALL: _C.SafeAPI.Execute(["v1.sketch.dimension",[{"type":"RADIUS","value":"@expr.d1305_radius","name":"radius","id":20570,"geomIds":[20576]}]])
[2026-09-16 14:19:38.791][VERB] RETURN: {"result":"$20593"}
[2026-09-16 14:19:38.791][VERB] COMMANDCALL: _C.SafeAPI.Execute(["v1.part.extrusion",[{"references":[20576],"name":"F1301_makeCylinder_cad_primitives_py_12","taperAngle":0,"limit2":"@expr.d1306_height","id":4}]])
[2026-09-16 14:19:38.803][VERB] RETURN: {"result":"$20597"}
[2026-09-16 14:19:38.803][VERB] COMMANDCALL: _C.SafeAPI.Execute(["v1.part.boolean",[{"type":"SUBTRACTION","tools":[20597],"target":20518,"name":"F0_cut_housing_py_518_tool_1","id":4}]])
[2026-09-16 14:19:38.825][VERB] RETURN: {"result":"$20619"}
[2026-09-16 14:19:38.826][VERB] COMMANDCALL: _C.SafeAPI.Execute(["v1.part.workPlane",[{"type":"PLANE","references":[38],"name":"F1307_makeCylinder_cad_primitives_py_12_plane","offset":"@expr.d1308_plane_offset","id":4}]])
[2026-09-16 14:19:38.834][VERB] RETURN: {"result":"$20637"}
[2026-09-16 14:19:38.834][VERB] COMMANDCALL: _C.SafeAPI.Execute(["v1.sketch.create",[{"planeId":20637,"name":"F1307_makeCylinder_cad_primitives_py_12_profile","id":4}]])
[2026-09-16 14:19:38.837][VERB] RETURN: {"result":"$20643"}
[2026-09-16 14:19:38.837][VERB] COMMANDCALL: _C.SafeAPI.Execute(["v1.sketch.circle",[{"radius":1,"id":20643,"genFixation":0,"centerPos":[20.55,53.4,0]}]])
[2026-09-16 14:19:38.838][VERB] RETURN: {"result":"$20649"}
[2026-09-16 14:19:38.839][VERB] COMMANDCALL: _C.SafeAPI.Execute(["v1.sketch.getPoints",[{"id":20649}]])
[2026-09-16 14:19:38.839][VERB] RETURN: {"result":{"centerId":"$20650"}}
[2026-09-16 14:19:38.839][VERB] COMMANDCALL: _C.SafeAPI.Execute(["v1.sketch.point",[{"pos":[-1000,-1000,0],"id":20643}]])
[2026-09-16 14:19:38.840][VERB] RETURN: {"result":"$20652"}
[2026-09-16 14:19:38.840][VERB] COMMANDCALL: _C.SafeAPI.Execute(["v1.sketch.constraint",[{"type":"FIXATION","id":20643,"geomIds":[20652]}]])
[2026-09-16 14:19:38.841][VERB] RETURN: {"result":"$20654"}
[2026-09-16 14:19:38.842][VERB] COMMANDCALL: _C.SafeAPI.Execute(["v1.sketch.dimension",[{"type":"HORIZONTAL_DISTANCE","value":"@expr.d1309_position_x","name":"position_x","id":20643,"geomIds":[20652,20650]}]])
[2026-09-16 14:19:38.847][VERB] RETURN: {"result":"$20658"}
[2026-09-16 14:19:38.847][VERB] COMMANDCALL: _C.SafeAPI.Execute(["v1.sketch.dimension",[{"type":"VERTICAL_DISTANCE","value":"@expr.d1310_position_y","name":"position_y","id":20643,"geomIds":[20652,20650]}]])
[2026-09-16 14:19:38.853][VERB] RETURN: {"result":"$20662"}
[2026-09-16 14:19:38.853][VERB] COMMANDCALL: _C.SafeAPI.Execute(["v1.sketch.dimension",[{"type":"RADIUS","value":"@expr.d1311_radius","name":"radius","id":20643,"geomIds":[20649]}]])
[2026-09-16 14:19:38.859][VERB] RETURN: {"result":"$20666"}
[2026-09-16 14:19:38.860][VERB] COMMANDCALL: _C.SafeAPI.Execute(["v1.part.extrusion",[{"references":[20649],"name":"F1307_makeCylinder_cad_primitives_py_12","taperAngle":0,"limit2":"@expr.d1312_height","id":4}]])
[2026-09-16 14:19:38.871][VERB] RETURN: {"result":"$20670"}
[2026-09-16 14:19:38.871][VERB] COMMANDCALL: _C.SafeAPI.Execute(["v1.part.boolean",[{"type":"SUBTRACTION","tools":[20670],"target":20619,"name":"F0_cut_housing_py_518_tool_2","id":4}]])
[2026-09-16 14:19:38.893][VERB] RETURN: {"result":"$20692"}
[2026-09-16 14:19:38.894][VERB] COMMANDCALL: _C.SafeAPI.Execute(["v1.common.setAppearance",[{"target":20692,"color":[71.4,81.6,94.35]}]])
[2026-09-16 14:19:38.894][VERB] RETURN: {"result":null}
[2026-09-16 14:19:38.894][VERB] COMMANDCALL: _C.SafeAPI.Execute(["v1.assembly.calculateMassProperties",[{"id":4}]])
[2026-09-16 14:19:38.976][VERB] RETURN: {"result":{"volume":26505.421906995,"cog":{"z":31.622557852337,"y":30.449951694162,"x":43.202736546988}}}
[2026-09-16 14:19:38.977][VERB] COMMANDCALL: _C.SafeAPI.Execute(["v1.common.save",[{"format":"OFB","file":"/Users/dev/dev/awv/classcad-ai/workspace/training/2026-09-16_12-50-53_pvs-cavity-boolean/files/26-current9-Upper_shell-result.ofb"}]])
[2026-09-16 14:19:38.986][VERB] GetStateId with StateId=1d6ed38a-4b48-4511-bfb5-4756eb056765
[2026-09-16 14:19:39.069][VERB] RETURN: {"maxLevel":31,"messages":[{"message":"GetStateId with StateId=1d6ed38a-4b48-4511-bfb5-4756eb056765\n","code":0,"level":31,"api":"v1.common.save","levelStr":"INFO"}],"result":{"success":1}}
[2026-09-16 14:19:39.070][VERB] COMMANDCALL: _C.SafeAPI.Execute(["v1.common.save",[{"format":"STP","file":"/Users/dev/dev/awv/classcad-ai/workspace/training/2026-09-16_12-50-53_pvs-cavity-boolean/files/26-current9-Upper_shell-result.step"}]])
[2026-09-16 14:19:39.098][VERB] RETURN: {"result":{"success":1}}
[2026-09-16 14:19:39.099][VERB] COMMANDCALL: _C.SafeAPI.Execute(["v1.common.setDatabaseSettings",[{"isSketchGraphicEnabled":1,"isGraphicEnabled":1,"isCCGraphicEnabled":1,"doCurveTessellation":1}]])
[2026-09-16 14:19:39.101][VERB] RETURN: {"result":null}
[2026-09-16 14:19:43.302][DEBUG] Build graphic in: 4082ms
[2026-09-16 14:19:43.534][VERB] 0x7ca9033000 SetZeichnung
[2026-09-16 14:19:43.534][VERB] COMMANDCALL: _C.SafeAPI.Execute(["v1.common.clear",[{}]])
[2026-09-16 14:19:43.535][VERB] RETURN: {"result":null}
[2026-09-16 14:19:43.580][VERB] 0x7ca9033480 Delete Zeichnung
[2026-09-16 14:19:43.580][VERB] 0x7ca9033900 Delete Zeichnung
[2026-09-16 14:19:43.580][VERB] 0x0 SetZeichnung
[2026-09-16 14:19:43.580][VERB] 0x7ca9033000 Delete Zeichnung
[2026-09-16 14:19:43.580][INFO] Server stop listen on 0.0.0.0:19094
[2026-09-16 14:19:43.580][INFO] Server stop listen on 0.0.0.0:19095
