ISO-10303-21;
HEADER;
FILE_DESCRIPTION(('STEP'), '1');
FILE_NAME('PicatinnyRail', '2026-03-20T18:16:24', (''), (''), 'Express 3.1.2.0', 'Express Tool', 'Unknown');
FILE_SCHEMA(('AUTOMOTIVE_DESIGN'));
ENDSEC;

DATA;
#1 = MANIFOLD_SOLID_BREP('Subtraction_0', #2);
#2 = CLOSED_SHELL('', (#3, #67, #131, #151, #167, #183, #451, #473, #501, #529, #557, #585, #613, #641, #669, #697, #719, #741, #769, #797, #825, #853, #881, #909, #937, #965, #987, #1009, #1037, #1065, #1093, #1121, #1149, #1177, #1205, #1233, #1255, #1447, #1465, #1481, #1495, #1513, #1529, #1543, #1561, #1577, #1591, #1609, #1625, #1639, #1657, #1673, #1687, #1705, #1721, #1735, #1753, #1769, #1783, #1801, #1817, #1831, #1849, #1865));
#3 = ADVANCED_FACE('', (#4), #62, .T.);
#4 = FACE_OUTER_BOUND('', #5, .T.);
#5 = EDGE_LOOP('', (#6, #15, #22, #29, #36, #43, #50, #57));
#6 = ORIENTED_EDGE('', *, *, #7, .T.);
#7 = EDGE_CURVE('', #8, #10, #12, .T.);
#8 = VERTEX_POINT('', #9);
#9 = CARTESIAN_POINT('', (-7.835, 5., 100.));
#10 = VERTEX_POINT('', #11);
#11 = CARTESIAN_POINT('', (-7.835, 0., 100.));
#12 = B_SPLINE_CURVE_WITH_KNOTS('', 1, (#13, #14), .UNSPECIFIED., .F., .U., (2, 2), (0., 1.), .UNSPECIFIED.);
#13 = CARTESIAN_POINT('', (-7.835, 5., 100.));
#14 = CARTESIAN_POINT('', (-7.835, 0., 100.));
#15 = ORIENTED_EDGE('', *, *, #16, .T.);
#16 = EDGE_CURVE('', #10, #17, #19, .T.);
#17 = VERTEX_POINT('', #18);
#18 = CARTESIAN_POINT('', (7.835, 0., 100.));
#19 = B_SPLINE_CURVE_WITH_KNOTS('', 1, (#20, #21), .UNSPECIFIED., .F., .U., (2, 2), (0., 1.), .UNSPECIFIED.);
#20 = CARTESIAN_POINT('', (-7.835, 0., 100.));
#21 = CARTESIAN_POINT('', (7.835, 0., 100.));
#22 = ORIENTED_EDGE('', *, *, #23, .T.);
#23 = EDGE_CURVE('', #17, #24, #26, .T.);
#24 = VERTEX_POINT('', #25);
#25 = CARTESIAN_POINT('', (7.835, 5., 100.));
#26 = B_SPLINE_CURVE_WITH_KNOTS('', 1, (#27, #28), .UNSPECIFIED., .F., .U., (2, 2), (0., 1.), .UNSPECIFIED.);
#27 = CARTESIAN_POINT('', (7.835, 0., 100.));
#28 = CARTESIAN_POINT('', (7.835, 5., 100.));
#29 = ORIENTED_EDGE('', *, *, #30, .T.);
#30 = EDGE_CURVE('', #24, #31, #33, .T.);
#31 = VERTEX_POINT('', #32);
#32 = CARTESIAN_POINT('', (10.605, 7.77, 100.));
#33 = B_SPLINE_CURVE_WITH_KNOTS('', 1, (#34, #35), .UNSPECIFIED., .F., .U., (2, 2), (0., 1.), .UNSPECIFIED.);
#34 = CARTESIAN_POINT('', (7.835, 5., 100.));
#35 = CARTESIAN_POINT('', (10.605, 7.77, 100.));
#36 = ORIENTED_EDGE('', *, *, #37, .T.);
#37 = EDGE_CURVE('', #31, #38, #40, .T.);
#38 = VERTEX_POINT('', #39);
#39 = CARTESIAN_POINT('', (10.605, 9.16, 100.));
#40 = B_SPLINE_CURVE_WITH_KNOTS('', 1, (#41, #42), .UNSPECIFIED., .F., .U., (2, 2), (0., 1.), .UNSPECIFIED.);
#41 = CARTESIAN_POINT('', (10.605, 7.77, 100.));
#42 = CARTESIAN_POINT('', (10.605, 9.16, 100.));
#43 = ORIENTED_EDGE('', *, *, #44, .T.);
#44 = EDGE_CURVE('', #38, #45, #47, .T.);
#45 = VERTEX_POINT('', #46);
#46 = CARTESIAN_POINT('', (-10.605, 9.16, 100.));
#47 = B_SPLINE_CURVE_WITH_KNOTS('', 1, (#48, #49), .UNSPECIFIED., .F., .U., (2, 2), (0., 1.), .UNSPECIFIED.);
#48 = CARTESIAN_POINT('', (10.605, 9.16, 100.));
#49 = CARTESIAN_POINT('', (-10.605, 9.16, 100.));
#50 = ORIENTED_EDGE('', *, *, #51, .T.);
#51 = EDGE_CURVE('', #45, #52, #54, .T.);
#52 = VERTEX_POINT('', #53);
#53 = CARTESIAN_POINT('', (-10.605, 7.77, 100.));
#54 = B_SPLINE_CURVE_WITH_KNOTS('', 1, (#55, #56), .UNSPECIFIED., .F., .U., (2, 2), (0., 1.), .UNSPECIFIED.);
#55 = CARTESIAN_POINT('', (-10.605, 9.16, 100.));
#56 = CARTESIAN_POINT('', (-10.605, 7.77, 100.));
#57 = ORIENTED_EDGE('', *, *, #58, .T.);
#58 = EDGE_CURVE('', #52, #8, #59, .T.);
#59 = B_SPLINE_CURVE_WITH_KNOTS('', 1, (#60, #61), .UNSPECIFIED., .F., .U., (2, 2), (0., 1.), .UNSPECIFIED.);
#60 = CARTESIAN_POINT('', (-10.605, 7.77, 100.));
#61 = CARTESIAN_POINT('', (-7.835, 5., 100.));
#62 = B_SPLINE_SURFACE_WITH_KNOTS('', 1, 1, ((#63, #64), (#65, #66)), .UNSPECIFIED., .F., .F., .U., (2, 2), (2, 2), (0., 1.), (0., 1.), .UNSPECIFIED.);
#63 = CARTESIAN_POINT('', (12.7069010482493, -8.12690104824934, 100.));
#64 = CARTESIAN_POINT('', (-12.7069010482493, -8.12690104824934, 100.));
#65 = CARTESIAN_POINT('', (12.7069010482493, 17.2869010482493, 100.));
#66 = CARTESIAN_POINT('', (-12.7069010482493, 17.2869010482493, 100.));
#67 = ADVANCED_FACE('', (#68), #126, .T.);
#68 = FACE_OUTER_BOUND('', #69, .T.);
#69 = EDGE_LOOP('', (#70, #79, #86, #93, #100, #107, #114, #121));
#70 = ORIENTED_EDGE('', *, *, #71, .F.);
#71 = EDGE_CURVE('', #72, #74, #76, .T.);
#72 = VERTEX_POINT('', #73);
#73 = CARTESIAN_POINT('', (-7.835, 5., 0.));
#74 = VERTEX_POINT('', #75);
#75 = CARTESIAN_POINT('', (-7.835, 0., 0.));
#76 = B_SPLINE_CURVE_WITH_KNOTS('', 1, (#77, #78), .UNSPECIFIED., .F., .U., (2, 2), (0., 1.), .UNSPECIFIED.);
#77 = CARTESIAN_POINT('', (-7.835, 5., 0.));
#78 = CARTESIAN_POINT('', (-7.835, 0., 0.));
#79 = ORIENTED_EDGE('', *, *, #80, .F.);
#80 = EDGE_CURVE('', #81, #72, #83, .T.);
#81 = VERTEX_POINT('', #82);
#82 = CARTESIAN_POINT('', (-10.605, 7.77, 0.));
#83 = B_SPLINE_CURVE_WITH_KNOTS('', 1, (#84, #85), .UNSPECIFIED., .F., .U., (2, 2), (0., 1.), .UNSPECIFIED.);
#84 = CARTESIAN_POINT('', (-10.605, 7.77, 0.));
#85 = CARTESIAN_POINT('', (-7.835, 5., 0.));
#86 = ORIENTED_EDGE('', *, *, #87, .F.);
#87 = EDGE_CURVE('', #88, #81, #90, .T.);
#88 = VERTEX_POINT('', #89);
#89 = CARTESIAN_POINT('', (-10.605, 9.16, 0.));
#90 = B_SPLINE_CURVE_WITH_KNOTS('', 1, (#91, #92), .UNSPECIFIED., .F., .U., (2, 2), (0., 1.), .UNSPECIFIED.);
#91 = CARTESIAN_POINT('', (-10.605, 9.16, 0.));
#92 = CARTESIAN_POINT('', (-10.605, 7.77, 0.));
#93 = ORIENTED_EDGE('', *, *, #94, .F.);
#94 = EDGE_CURVE('', #95, #88, #97, .T.);
#95 = VERTEX_POINT('', #96);
#96 = CARTESIAN_POINT('', (10.605, 9.16, 0.));
#97 = B_SPLINE_CURVE_WITH_KNOTS('', 1, (#98, #99), .UNSPECIFIED., .F., .U., (2, 2), (0., 1.), .UNSPECIFIED.);
#98 = CARTESIAN_POINT('', (10.605, 9.16, 0.));
#99 = CARTESIAN_POINT('', (-10.605, 9.16, 0.));
#100 = ORIENTED_EDGE('', *, *, #101, .F.);
#101 = EDGE_CURVE('', #102, #95, #104, .T.);
#102 = VERTEX_POINT('', #103);
#103 = CARTESIAN_POINT('', (10.605, 7.77, 0.));
#104 = B_SPLINE_CURVE_WITH_KNOTS('', 1, (#105, #106), .UNSPECIFIED., .F., .U., (2, 2), (0., 1.), .UNSPECIFIED.);
#105 = CARTESIAN_POINT('', (10.605, 7.77, 0.));
#106 = CARTESIAN_POINT('', (10.605, 9.16, 0.));
#107 = ORIENTED_EDGE('', *, *, #108, .F.);
#108 = EDGE_CURVE('', #109, #102, #111, .T.);
#109 = VERTEX_POINT('', #110);
#110 = CARTESIAN_POINT('', (7.835, 5., 0.));
#111 = B_SPLINE_CURVE_WITH_KNOTS('', 1, (#112, #113), .UNSPECIFIED., .F., .U., (2, 2), (0., 1.), .UNSPECIFIED.);
#112 = CARTESIAN_POINT('', (7.835, 5., 0.));
#113 = CARTESIAN_POINT('', (10.605, 7.77, 0.));
#114 = ORIENTED_EDGE('', *, *, #115, .F.);
#115 = EDGE_CURVE('', #116, #109, #118, .T.);
#116 = VERTEX_POINT('', #117);
#117 = CARTESIAN_POINT('', (7.835, 0., 0.));
#118 = B_SPLINE_CURVE_WITH_KNOTS('', 1, (#119, #120), .UNSPECIFIED., .F., .U., (2, 2), (0., 1.), .UNSPECIFIED.);
#119 = CARTESIAN_POINT('', (7.835, 0., 0.));
#120 = CARTESIAN_POINT('', (7.835, 5., 0.));
#121 = ORIENTED_EDGE('', *, *, #122, .F.);
#122 = EDGE_CURVE('', #74, #116, #123, .T.);
#123 = B_SPLINE_CURVE_WITH_KNOTS('', 1, (#124, #125), .UNSPECIFIED., .F., .U., (2, 2), (0., 1.), .UNSPECIFIED.);
#124 = CARTESIAN_POINT('', (-7.835, 0., 0.));
#125 = CARTESIAN_POINT('', (7.835, 0., 0.));
#126 = B_SPLINE_SURFACE_WITH_KNOTS('', 1, 1, ((#127, #128), (#129, #130)), .UNSPECIFIED., .F., .F., .U., (2, 2), (2, 2), (0., 1.), (0., 1.), .UNSPECIFIED.);
#127 = CARTESIAN_POINT('', (12.7069010482493, -8.12690104824934, 0.));
#128 = CARTESIAN_POINT('', (12.7069010482493, 17.2869010482493, 0.));
#129 = CARTESIAN_POINT('', (-12.7069010482493, -8.12690104824934, 0.));
#130 = CARTESIAN_POINT('', (-12.7069010482493, 17.2869010482493, 0.));
#131 = ADVANCED_FACE('', (#132), #146, .T.);
#132 = FACE_OUTER_BOUND('', #133, .T.);
#133 = EDGE_LOOP('', (#134, #139, #140, #145));
#134 = ORIENTED_EDGE('', *, *, #135, .F.);
#135 = EDGE_CURVE('', #72, #8, #136, .T.);
#136 = B_SPLINE_CURVE_WITH_KNOTS('', 1, (#137, #138), .UNSPECIFIED., .F., .U., (2, 2), (0., 1.), .UNSPECIFIED.);
#137 = CARTESIAN_POINT('', (-7.835, 5., 0.));
#138 = CARTESIAN_POINT('', (-7.835, 5., 100.));
#139 = ORIENTED_EDGE('', *, *, #71, .T.);
#140 = ORIENTED_EDGE('', *, *, #141, .T.);
#141 = EDGE_CURVE('', #74, #10, #142, .T.);
#142 = B_SPLINE_CURVE_WITH_KNOTS('', 1, (#143, #144), .UNSPECIFIED., .F., .U., (2, 2), (0., 1.), .UNSPECIFIED.);
#143 = CARTESIAN_POINT('', (-7.835, 0., 0.));
#144 = CARTESIAN_POINT('', (-7.835, 0., 100.));
#145 = ORIENTED_EDGE('', *, *, #7, .F.);
#146 = B_SPLINE_SURFACE_WITH_KNOTS('', 1, 1, ((#147, #148), (#149, #150)), .UNSPECIFIED., .F., .F., .U., (2, 2), (2, 2), (0., 1.), (0., 1.), .UNSPECIFIED.);
#147 = CARTESIAN_POINT('', (-7.835, 5., 0.));
#148 = CARTESIAN_POINT('', (-7.835, 5., 100.));
#149 = CARTESIAN_POINT('', (-7.835, 0., 0.));
#150 = CARTESIAN_POINT('', (-7.835, 0., 100.));
#151 = ADVANCED_FACE('', (#152), #162, .T.);
#152 = FACE_OUTER_BOUND('', #153, .T.);
#153 = EDGE_LOOP('', (#154, #155, #156, #161));
#154 = ORIENTED_EDGE('', *, *, #141, .F.);
#155 = ORIENTED_EDGE('', *, *, #122, .T.);
#156 = ORIENTED_EDGE('', *, *, #157, .T.);
#157 = EDGE_CURVE('', #116, #17, #158, .T.);
#158 = B_SPLINE_CURVE_WITH_KNOTS('', 1, (#159, #160), .UNSPECIFIED., .F., .U., (2, 2), (0., 1.), .UNSPECIFIED.);
#159 = CARTESIAN_POINT('', (7.835, 0., 0.));
#160 = CARTESIAN_POINT('', (7.835, 0., 100.));
#161 = ORIENTED_EDGE('', *, *, #16, .F.);
#162 = B_SPLINE_SURFACE_WITH_KNOTS('', 1, 1, ((#163, #164), (#165, #166)), .UNSPECIFIED., .F., .F., .U., (2, 2), (2, 2), (0., 1.), (0., 1.), .UNSPECIFIED.);
#163 = CARTESIAN_POINT('', (-7.835, 0., 0.));
#164 = CARTESIAN_POINT('', (-7.835, 0., 100.));
#165 = CARTESIAN_POINT('', (7.835, 0., 0.));
#166 = CARTESIAN_POINT('', (7.835, 0., 100.));
#167 = ADVANCED_FACE('', (#168), #178, .T.);
#168 = FACE_OUTER_BOUND('', #169, .T.);
#169 = EDGE_LOOP('', (#170, #171, #172, #177));
#170 = ORIENTED_EDGE('', *, *, #157, .F.);
#171 = ORIENTED_EDGE('', *, *, #115, .T.);
#172 = ORIENTED_EDGE('', *, *, #173, .T.);
#173 = EDGE_CURVE('', #109, #24, #174, .T.);
#174 = B_SPLINE_CURVE_WITH_KNOTS('', 1, (#175, #176), .UNSPECIFIED., .F., .U., (2, 2), (0., 1.), .UNSPECIFIED.);
#175 = CARTESIAN_POINT('', (7.835, 5., 0.));
#176 = CARTESIAN_POINT('', (7.835, 5., 100.));
#177 = ORIENTED_EDGE('', *, *, #23, .F.);
#178 = B_SPLINE_SURFACE_WITH_KNOTS('', 1, 1, ((#179, #180), (#181, #182)), .UNSPECIFIED., .F., .F., .U., (2, 2), (2, 2), (0., 1.), (0., 1.), .UNSPECIFIED.);
#179 = CARTESIAN_POINT('', (7.835, 0., 0.));
#180 = CARTESIAN_POINT('', (7.835, 0., 100.));
#181 = CARTESIAN_POINT('', (7.835, 5., 0.));
#182 = CARTESIAN_POINT('', (7.835, 5., 100.));
#183 = ADVANCED_FACE('', (#184), #446, .T.);
#184 = FACE_OUTER_BOUND('', #185, .T.);
#185 = EDGE_LOOP('', (#186, #195, #202, #207, #208, #209, #210, #217, #224, #231, #238, #245, #252, #259, #266, #273, #280, #287, #294, #301, #308, #315, #322, #329, #336, #343, #350, #357, #364, #371, #378, #385, #392, #399, #406, #413, #420, #427, #434, #441));
#186 = ORIENTED_EDGE('', *, *, #187, .F.);
#187 = EDGE_CURVE('', #188, #190, #192, .T.);
#188 = VERTEX_POINT('', #189);
#189 = CARTESIAN_POINT('', (8.99500000000001, 6.16, 87.7));
#190 = VERTEX_POINT('', #191);
#191 = CARTESIAN_POINT('', (8.995, 6.16, 82.47));
#192 = B_SPLINE_CURVE_WITH_KNOTS('', 1, (#193, #194), .UNSPECIFIED., .F., .U., (2, 2), (0., 1.), .UNSPECIFIED.);
#193 = CARTESIAN_POINT('', (8.995, 6.16, 87.7));
#194 = CARTESIAN_POINT('', (8.995, 6.16, 82.47));
#195 = ORIENTED_EDGE('', *, *, #196, .F.);
#196 = EDGE_CURVE('', #197, #188, #199, .T.);
#197 = VERTEX_POINT('', #198);
#198 = CARTESIAN_POINT('', (10.605, 7.77, 87.7));
#199 = B_SPLINE_CURVE_WITH_KNOTS('', 1, (#200, #201), .UNSPECIFIED., .F., .U., (2, 2), (0., 1.), .UNSPECIFIED.);
#200 = CARTESIAN_POINT('', (10.605, 7.77, 87.7));
#201 = CARTESIAN_POINT('', (8.995, 6.15999999999999, 87.7));
#202 = ORIENTED_EDGE('', *, *, #203, .T.);
#203 = EDGE_CURVE('', #197, #31, #204, .T.);
#204 = B_SPLINE_CURVE_WITH_KNOTS('', 1, (#205, #206), .UNSPECIFIED., .F., .U., (2, 2), (0.877, 1.), .UNSPECIFIED.);
#205 = CARTESIAN_POINT('', (10.605, 7.77, 87.7));
#206 = CARTESIAN_POINT('', (10.605, 7.77, 100.));
#207 = ORIENTED_EDGE('', *, *, #30, .F.);
#208 = ORIENTED_EDGE('', *, *, #173, .F.);
#209 = ORIENTED_EDGE('', *, *, #108, .T.);
#210 = ORIENTED_EDGE('', *, *, #211, .T.);
#211 = EDGE_CURVE('', #102, #212, #214, .T.);
#212 = VERTEX_POINT('', #213);
#213 = CARTESIAN_POINT('', (10.605, 7.77, 2.39));
#214 = B_SPLINE_CURVE_WITH_KNOTS('', 1, (#215, #216), .UNSPECIFIED., .F., .U., (2, 2), (0., 0.0239), .UNSPECIFIED.);
#215 = CARTESIAN_POINT('', (10.605, 7.77, 0.));
#216 = CARTESIAN_POINT('', (10.605, 7.77, 2.39));
#217 = ORIENTED_EDGE('', *, *, #218, .F.);
#218 = EDGE_CURVE('', #219, #212, #221, .T.);
#219 = VERTEX_POINT('', #220);
#220 = CARTESIAN_POINT('', (8.99499999999999, 6.16, 2.39));
#221 = B_SPLINE_CURVE_WITH_KNOTS('', 1, (#222, #223), .UNSPECIFIED., .F., .U., (2, 2), (0., 1.), .UNSPECIFIED.);
#222 = CARTESIAN_POINT('', (8.99499999999999, 6.16, 2.39));
#223 = CARTESIAN_POINT('', (10.605, 7.76999999999998, 2.39));
#224 = ORIENTED_EDGE('', *, *, #225, .F.);
#225 = EDGE_CURVE('', #226, #219, #228, .T.);
#226 = VERTEX_POINT('', #227);
#227 = CARTESIAN_POINT('', (8.99499999999999, 6.16, 7.62));
#228 = B_SPLINE_CURVE_WITH_KNOTS('', 1, (#229, #230), .UNSPECIFIED., .F., .U., (2, 2), (0., 1.), .UNSPECIFIED.);
#229 = CARTESIAN_POINT('', (8.995, 6.16, 7.62));
#230 = CARTESIAN_POINT('', (8.995, 6.16, 2.39));
#231 = ORIENTED_EDGE('', *, *, #232, .F.);
#232 = EDGE_CURVE('', #233, #226, #235, .T.);
#233 = VERTEX_POINT('', #234);
#234 = CARTESIAN_POINT('', (10.605, 7.77, 7.62));
#235 = B_SPLINE_CURVE_WITH_KNOTS('', 1, (#236, #237), .UNSPECIFIED., .F., .U., (2, 2), (0., 1.), .UNSPECIFIED.);
#236 = CARTESIAN_POINT('', (10.605, 7.77, 7.62));
#237 = CARTESIAN_POINT('', (8.99499999999999, 6.16, 7.62));
#238 = ORIENTED_EDGE('', *, *, #239, .T.);
#239 = EDGE_CURVE('', #233, #240, #242, .T.);
#240 = VERTEX_POINT('', #241);
#241 = CARTESIAN_POINT('', (10.605, 7.77, 12.4));
#242 = B_SPLINE_CURVE_WITH_KNOTS('', 1, (#243, #244), .UNSPECIFIED., .F., .U., (2, 2), (0.0762, 0.124), .UNSPECIFIED.);
#243 = CARTESIAN_POINT('', (10.605, 7.77, 7.62));
#244 = CARTESIAN_POINT('', (10.605, 7.77, 12.4));
#245 = ORIENTED_EDGE('', *, *, #246, .F.);
#246 = EDGE_CURVE('', #247, #240, #249, .T.);
#247 = VERTEX_POINT('', #248);
#248 = CARTESIAN_POINT('', (8.99499999999999, 6.16, 12.4));
#249 = B_SPLINE_CURVE_WITH_KNOTS('', 1, (#250, #251), .UNSPECIFIED., .F., .U., (2, 2), (0., 1.), .UNSPECIFIED.);
#250 = CARTESIAN_POINT('', (8.99499999999998, 6.15999999999999, 12.4));
#251 = CARTESIAN_POINT('', (10.605, 7.76999999999998, 12.4));
#252 = ORIENTED_EDGE('', *, *, #253, .F.);
#253 = EDGE_CURVE('', #254, #247, #256, .T.);
#254 = VERTEX_POINT('', #255);
#255 = CARTESIAN_POINT('', (8.99500000000001, 6.16, 17.63));
#256 = B_SPLINE_CURVE_WITH_KNOTS('', 1, (#257, #258), .UNSPECIFIED., .F., .U., (2, 2), (0., 1.), .UNSPECIFIED.);
#257 = CARTESIAN_POINT('', (8.995, 6.16, 17.63));
#258 = CARTESIAN_POINT('', (8.995, 6.16, 12.4));
#259 = ORIENTED_EDGE('', *, *, #260, .F.);
#260 = EDGE_CURVE('', #261, #254, #263, .T.);
#261 = VERTEX_POINT('', #262);
#262 = CARTESIAN_POINT('', (10.605, 7.77, 17.63));
#263 = B_SPLINE_CURVE_WITH_KNOTS('', 1, (#264, #265), .UNSPECIFIED., .F., .U., (2, 2), (0., 1.), .UNSPECIFIED.);
#264 = CARTESIAN_POINT('', (10.605, 7.77, 17.63));
#265 = CARTESIAN_POINT('', (8.995, 6.15999999999999, 17.63));
#266 = ORIENTED_EDGE('', *, *, #267, .T.);
#267 = EDGE_CURVE('', #261, #268, #270, .T.);
#268 = VERTEX_POINT('', #269);
#269 = CARTESIAN_POINT('', (10.605, 7.77, 22.41));
#270 = B_SPLINE_CURVE_WITH_KNOTS('', 1, (#271, #272), .UNSPECIFIED., .F., .U., (2, 2), (0.1763, 0.2241), .UNSPECIFIED.);
#271 = CARTESIAN_POINT('', (10.605, 7.77, 17.63));
#272 = CARTESIAN_POINT('', (10.605, 7.77, 22.41));
#273 = ORIENTED_EDGE('', *, *, #274, .F.);
#274 = EDGE_CURVE('', #275, #268, #277, .T.);
#275 = VERTEX_POINT('', #276);
#276 = CARTESIAN_POINT('', (8.99499999999999, 6.16, 22.41));
#277 = B_SPLINE_CURVE_WITH_KNOTS('', 1, (#278, #279), .UNSPECIFIED., .F., .U., (2, 2), (0., 1.), .UNSPECIFIED.);
#278 = CARTESIAN_POINT('', (8.99499999999998, 6.15999999999999, 22.41));
#279 = CARTESIAN_POINT('', (10.605, 7.76999999999998, 22.41));
#280 = ORIENTED_EDGE('', *, *, #281, .F.);
#281 = EDGE_CURVE('', #282, #275, #284, .T.);
#282 = VERTEX_POINT('', #283);
#283 = CARTESIAN_POINT('', (8.99499999999999, 6.16, 27.64));
#284 = B_SPLINE_CURVE_WITH_KNOTS('', 1, (#285, #286), .UNSPECIFIED., .F., .U., (2, 2), (0., 1.), .UNSPECIFIED.);
#285 = CARTESIAN_POINT('', (8.995, 6.16, 27.64));
#286 = CARTESIAN_POINT('', (8.995, 6.16, 22.41));
#287 = ORIENTED_EDGE('', *, *, #288, .F.);
#288 = EDGE_CURVE('', #289, #282, #291, .T.);
#289 = VERTEX_POINT('', #290);
#290 = CARTESIAN_POINT('', (10.605, 7.77, 27.64));
#291 = B_SPLINE_CURVE_WITH_KNOTS('', 1, (#292, #293), .UNSPECIFIED., .F., .U., (2, 2), (0., 1.), .UNSPECIFIED.);
#292 = CARTESIAN_POINT('', (10.605, 7.77, 27.64));
#293 = CARTESIAN_POINT('', (8.99499999999998, 6.15999999999999, 27.64));
#294 = ORIENTED_EDGE('', *, *, #295, .T.);
#295 = EDGE_CURVE('', #289, #296, #298, .T.);
#296 = VERTEX_POINT('', #297);
#297 = CARTESIAN_POINT('', (10.605, 7.77, 32.42));
#298 = B_SPLINE_CURVE_WITH_KNOTS('', 1, (#299, #300), .UNSPECIFIED., .F., .U., (2, 2), (0.2764, 0.3242), .UNSPECIFIED.);
#299 = CARTESIAN_POINT('', (10.605, 7.77, 27.64));
#300 = CARTESIAN_POINT('', (10.605, 7.77, 32.42));
#301 = ORIENTED_EDGE('', *, *, #302, .F.);
#302 = EDGE_CURVE('', #303, #296, #305, .T.);
#303 = VERTEX_POINT('', #304);
#304 = CARTESIAN_POINT('', (8.99499999999999, 6.16, 32.42));
#305 = B_SPLINE_CURVE_WITH_KNOTS('', 1, (#306, #307), .UNSPECIFIED., .F., .U., (2, 2), (0., 1.), .UNSPECIFIED.);
#306 = CARTESIAN_POINT('', (8.99499999999998, 6.15999999999999, 32.42));
#307 = CARTESIAN_POINT('', (10.605, 7.76999999999998, 32.42));
#308 = ORIENTED_EDGE('', *, *, #309, .F.);
#309 = EDGE_CURVE('', #310, #303, #312, .T.);
#310 = VERTEX_POINT('', #311);
#311 = CARTESIAN_POINT('', (8.99500000000001, 6.16, 37.65));
#312 = B_SPLINE_CURVE_WITH_KNOTS('', 1, (#313, #314), .UNSPECIFIED., .F., .U., (2, 2), (0., 1.), .UNSPECIFIED.);
#313 = CARTESIAN_POINT('', (8.995, 6.16, 37.65));
#314 = CARTESIAN_POINT('', (8.995, 6.16, 32.42));
#315 = ORIENTED_EDGE('', *, *, #316, .F.);
#316 = EDGE_CURVE('', #317, #310, #319, .T.);
#317 = VERTEX_POINT('', #318);
#318 = CARTESIAN_POINT('', (10.605, 7.77, 37.65));
#319 = B_SPLINE_CURVE_WITH_KNOTS('', 1, (#320, #321), .UNSPECIFIED., .F., .U., (2, 2), (0., 1.), .UNSPECIFIED.);
#320 = CARTESIAN_POINT('', (10.605, 7.77, 37.65));
#321 = CARTESIAN_POINT('', (8.995, 6.15999999999999, 37.65));
#322 = ORIENTED_EDGE('', *, *, #323, .T.);
#323 = EDGE_CURVE('', #317, #324, #326, .T.);
#324 = VERTEX_POINT('', #325);
#325 = CARTESIAN_POINT('', (10.605, 7.77, 42.43));
#326 = B_SPLINE_CURVE_WITH_KNOTS('', 1, (#327, #328), .UNSPECIFIED., .F., .U., (2, 2), (0.3765, 0.4243), .UNSPECIFIED.);
#327 = CARTESIAN_POINT('', (10.605, 7.77, 37.65));
#328 = CARTESIAN_POINT('', (10.605, 7.77, 42.43));
#329 = ORIENTED_EDGE('', *, *, #330, .F.);
#330 = EDGE_CURVE('', #331, #324, #333, .T.);
#331 = VERTEX_POINT('', #332);
#332 = CARTESIAN_POINT('', (8.99500000000001, 6.16, 42.43));
#333 = B_SPLINE_CURVE_WITH_KNOTS('', 1, (#334, #335), .UNSPECIFIED., .F., .U., (2, 2), (0., 1.), .UNSPECIFIED.);
#334 = CARTESIAN_POINT('', (8.995, 6.15999999999999, 42.43));
#335 = CARTESIAN_POINT('', (10.605, 7.76999999999999, 42.43));
#336 = ORIENTED_EDGE('', *, *, #337, .F.);
#337 = EDGE_CURVE('', #338, #331, #340, .T.);
#338 = VERTEX_POINT('', #339);
#339 = CARTESIAN_POINT('', (8.99499999999999, 6.16, 47.66));
#340 = B_SPLINE_CURVE_WITH_KNOTS('', 1, (#341, #342), .UNSPECIFIED., .F., .U., (2, 2), (0., 1.), .UNSPECIFIED.);
#341 = CARTESIAN_POINT('', (8.995, 6.16, 47.66));
#342 = CARTESIAN_POINT('', (8.995, 6.16, 42.43));
#343 = ORIENTED_EDGE('', *, *, #344, .F.);
#344 = EDGE_CURVE('', #345, #338, #347, .T.);
#345 = VERTEX_POINT('', #346);
#346 = CARTESIAN_POINT('', (10.605, 7.77, 47.66));
#347 = B_SPLINE_CURVE_WITH_KNOTS('', 1, (#348, #349), .UNSPECIFIED., .F., .U., (2, 2), (0., 1.), .UNSPECIFIED.);
#348 = CARTESIAN_POINT('', (10.605, 7.77, 47.66));
#349 = CARTESIAN_POINT('', (8.99499999999998, 6.15999999999999, 47.66));
#350 = ORIENTED_EDGE('', *, *, #351, .T.);
#351 = EDGE_CURVE('', #345, #352, #354, .T.);
#352 = VERTEX_POINT('', #353);
#353 = CARTESIAN_POINT('', (10.605, 7.77, 52.44));
#354 = B_SPLINE_CURVE_WITH_KNOTS('', 1, (#355, #356), .UNSPECIFIED., .F., .U., (2, 2), (0.4766, 0.5244), .UNSPECIFIED.);
#355 = CARTESIAN_POINT('', (10.605, 7.77, 47.66));
#356 = CARTESIAN_POINT('', (10.605, 7.77, 52.44));
#357 = ORIENTED_EDGE('', *, *, #358, .F.);
#358 = EDGE_CURVE('', #359, #352, #361, .T.);
#359 = VERTEX_POINT('', #360);
#360 = CARTESIAN_POINT('', (8.99499999999999, 6.16, 52.44));
#361 = B_SPLINE_CURVE_WITH_KNOTS('', 1, (#362, #363), .UNSPECIFIED., .F., .U., (2, 2), (0., 1.), .UNSPECIFIED.);
#362 = CARTESIAN_POINT('', (8.99499999999998, 6.15999999999999, 52.44));
#363 = CARTESIAN_POINT('', (10.605, 7.76999999999998, 52.44));
#364 = ORIENTED_EDGE('', *, *, #365, .F.);
#365 = EDGE_CURVE('', #366, #359, #368, .T.);
#366 = VERTEX_POINT('', #367);
#367 = CARTESIAN_POINT('', (8.99500000000001, 6.16, 57.67));
#368 = B_SPLINE_CURVE_WITH_KNOTS('', 1, (#369, #370), .UNSPECIFIED., .F., .U., (2, 2), (0., 1.), .UNSPECIFIED.);
#369 = CARTESIAN_POINT('', (8.995, 6.16, 57.67));
#370 = CARTESIAN_POINT('', (8.995, 6.16, 52.44));
#371 = ORIENTED_EDGE('', *, *, #372, .F.);
#372 = EDGE_CURVE('', #373, #366, #375, .T.);
#373 = VERTEX_POINT('', #374);
#374 = CARTESIAN_POINT('', (10.605, 7.77, 57.67));
#375 = B_SPLINE_CURVE_WITH_KNOTS('', 1, (#376, #377), .UNSPECIFIED., .F., .U., (2, 2), (0., 1.), .UNSPECIFIED.);
#376 = CARTESIAN_POINT('', (10.605, 7.77, 57.67));
#377 = CARTESIAN_POINT('', (8.995, 6.15999999999999, 57.67));
#378 = ORIENTED_EDGE('', *, *, #379, .T.);
#379 = EDGE_CURVE('', #373, #380, #382, .T.);
#380 = VERTEX_POINT('', #381);
#381 = CARTESIAN_POINT('', (10.605, 7.77, 62.45));
#382 = B_SPLINE_CURVE_WITH_KNOTS('', 1, (#383, #384), .UNSPECIFIED., .F., .U., (2, 2), (0.5767, 0.6245), .UNSPECIFIED.);
#383 = CARTESIAN_POINT('', (10.605, 7.77, 57.67));
#384 = CARTESIAN_POINT('', (10.605, 7.77, 62.45));
#385 = ORIENTED_EDGE('', *, *, #386, .F.);
#386 = EDGE_CURVE('', #387, #380, #389, .T.);
#387 = VERTEX_POINT('', #388);
#388 = CARTESIAN_POINT('', (8.99499999999999, 6.16, 62.45));
#389 = B_SPLINE_CURVE_WITH_KNOTS('', 1, (#390, #391), .UNSPECIFIED., .F., .U., (2, 2), (0., 1.), .UNSPECIFIED.);
#390 = CARTESIAN_POINT('', (8.99499999999998, 6.15999999999999, 62.45));
#391 = CARTESIAN_POINT('', (10.605, 7.76999999999998, 62.45));
#392 = ORIENTED_EDGE('', *, *, #393, .F.);
#393 = EDGE_CURVE('', #394, #387, #396, .T.);
#394 = VERTEX_POINT('', #395);
#395 = CARTESIAN_POINT('', (8.99500000000001, 6.16, 67.68));
#396 = B_SPLINE_CURVE_WITH_KNOTS('', 1, (#397, #398), .UNSPECIFIED., .F., .U., (2, 2), (0., 1.), .UNSPECIFIED.);
#397 = CARTESIAN_POINT('', (8.995, 6.16, 67.68));
#398 = CARTESIAN_POINT('', (8.995, 6.16, 62.45));
#399 = ORIENTED_EDGE('', *, *, #400, .F.);
#400 = EDGE_CURVE('', #401, #394, #403, .T.);
#401 = VERTEX_POINT('', #402);
#402 = CARTESIAN_POINT('', (10.605, 7.77, 67.68));
#403 = B_SPLINE_CURVE_WITH_KNOTS('', 1, (#404, #405), .UNSPECIFIED., .F., .U., (2, 2), (0., 1.), .UNSPECIFIED.);
#404 = CARTESIAN_POINT('', (10.605, 7.76999999999999, 67.68));
#405 = CARTESIAN_POINT('', (8.995, 6.15999999999999, 67.68));
#406 = ORIENTED_EDGE('', *, *, #407, .T.);
#407 = EDGE_CURVE('', #401, #408, #410, .T.);
#408 = VERTEX_POINT('', #409);
#409 = CARTESIAN_POINT('', (10.605, 7.77, 72.46));
#410 = B_SPLINE_CURVE_WITH_KNOTS('', 1, (#411, #412), .UNSPECIFIED., .F., .U., (2, 2), (0.6768, 0.7246), .UNSPECIFIED.);
#411 = CARTESIAN_POINT('', (10.605, 7.77, 67.68));
#412 = CARTESIAN_POINT('', (10.605, 7.77, 72.46));
#413 = ORIENTED_EDGE('', *, *, #414, .F.);
#414 = EDGE_CURVE('', #415, #408, #417, .T.);
#415 = VERTEX_POINT('', #416);
#416 = CARTESIAN_POINT('', (8.99500000000001, 6.16, 72.46));
#417 = B_SPLINE_CURVE_WITH_KNOTS('', 1, (#418, #419), .UNSPECIFIED., .F., .U., (2, 2), (0., 1.), .UNSPECIFIED.);
#418 = CARTESIAN_POINT('', (8.995, 6.15999999999999, 72.46));
#419 = CARTESIAN_POINT('', (10.605, 7.76999999999999, 72.46));
#420 = ORIENTED_EDGE('', *, *, #421, .F.);
#421 = EDGE_CURVE('', #422, #415, #424, .T.);
#422 = VERTEX_POINT('', #423);
#423 = CARTESIAN_POINT('', (8.99499999999999, 6.16, 77.69));
#424 = B_SPLINE_CURVE_WITH_KNOTS('', 1, (#425, #426), .UNSPECIFIED., .F., .U., (2, 2), (0., 1.), .UNSPECIFIED.);
#425 = CARTESIAN_POINT('', (8.995, 6.16, 77.69));
#426 = CARTESIAN_POINT('', (8.995, 6.16, 72.46));
#427 = ORIENTED_EDGE('', *, *, #428, .F.);
#428 = EDGE_CURVE('', #429, #422, #431, .T.);
#429 = VERTEX_POINT('', #430);
#430 = CARTESIAN_POINT('', (10.605, 7.77, 77.69));
#431 = B_SPLINE_CURVE_WITH_KNOTS('', 1, (#432, #433), .UNSPECIFIED., .F., .U., (2, 2), (0., 1.), .UNSPECIFIED.);
#432 = CARTESIAN_POINT('', (10.605, 7.77, 77.69));
#433 = CARTESIAN_POINT('', (8.99499999999998, 6.15999999999999, 77.69));
#434 = ORIENTED_EDGE('', *, *, #435, .T.);
#435 = EDGE_CURVE('', #429, #436, #438, .T.);
#436 = VERTEX_POINT('', #437);
#437 = CARTESIAN_POINT('', (10.605, 7.77, 82.47));
#438 = B_SPLINE_CURVE_WITH_KNOTS('', 1, (#439, #440), .UNSPECIFIED., .F., .U., (2, 2), (0.7769, 0.8247), .UNSPECIFIED.);
#439 = CARTESIAN_POINT('', (10.605, 7.77, 77.69));
#440 = CARTESIAN_POINT('', (10.605, 7.77, 82.47));
#441 = ORIENTED_EDGE('', *, *, #442, .F.);
#442 = EDGE_CURVE('', #190, #436, #443, .T.);
#443 = B_SPLINE_CURVE_WITH_KNOTS('', 1, (#444, #445), .UNSPECIFIED., .F., .U., (2, 2), (0., 1.), .UNSPECIFIED.);
#444 = CARTESIAN_POINT('', (8.995, 6.15999999999999, 82.47));
#445 = CARTESIAN_POINT('', (10.605, 7.76999999999998, 82.47));
#446 = B_SPLINE_SURFACE_WITH_KNOTS('', 1, 1, ((#447, #448), (#449, #450)), .UNSPECIFIED., .F., .F., .U., (2, 2), (2, 2), (0., 1.), (0., 1.), .UNSPECIFIED.);
#447 = CARTESIAN_POINT('', (7.835, 5., 0.));
#448 = CARTESIAN_POINT('', (7.835, 5., 100.));
#449 = CARTESIAN_POINT('', (10.605, 7.77, 0.));
#450 = CARTESIAN_POINT('', (10.605, 7.77, 100.));
#451 = ADVANCED_FACE('', (#452), #468, .T.);
#452 = FACE_OUTER_BOUND('', #453, .T.);
#453 = EDGE_LOOP('', (#454, #461, #462, #463));
#454 = ORIENTED_EDGE('', *, *, #455, .F.);
#455 = EDGE_CURVE('', #212, #456, #458, .T.);
#456 = VERTEX_POINT('', #457);
#457 = CARTESIAN_POINT('', (10.605, 9.16, 2.39));
#458 = B_SPLINE_CURVE_WITH_KNOTS('', 1, (#459, #460), .UNSPECIFIED., .F., .U., (2, 2), (0., 1.), .UNSPECIFIED.);
#459 = CARTESIAN_POINT('', (10.605, 7.77, 2.39));
#460 = CARTESIAN_POINT('', (10.605, 9.16, 2.39));
#461 = ORIENTED_EDGE('', *, *, #211, .F.);
#462 = ORIENTED_EDGE('', *, *, #101, .T.);
#463 = ORIENTED_EDGE('', *, *, #464, .T.);
#464 = EDGE_CURVE('', #95, #456, #465, .T.);
#465 = B_SPLINE_CURVE_WITH_KNOTS('', 1, (#466, #467), .UNSPECIFIED., .F., .U., (2, 2), (0., 0.0239), .UNSPECIFIED.);
#466 = CARTESIAN_POINT('', (10.605, 9.16, 0.));
#467 = CARTESIAN_POINT('', (10.605, 9.16, 2.39));
#468 = B_SPLINE_SURFACE_WITH_KNOTS('', 1, 1, ((#469, #470), (#471, #472)), .UNSPECIFIED., .F., .F., .U., (2, 2), (2, 2), (0., 1.), (0., 1.), .UNSPECIFIED.);
#469 = CARTESIAN_POINT('', (10.605, 7.77, 0.));
#470 = CARTESIAN_POINT('', (10.605, 7.77, 100.));
#471 = CARTESIAN_POINT('', (10.605, 9.16, 0.));
#472 = CARTESIAN_POINT('', (10.605, 9.16, 100.));
#473 = ADVANCED_FACE('', (#474), #496, .T.);
#474 = FACE_OUTER_BOUND('', #475, .T.);
#475 = EDGE_LOOP('', (#476, #483, #484, #491));
#476 = ORIENTED_EDGE('', *, *, #477, .F.);
#477 = EDGE_CURVE('', #240, #478, #480, .T.);
#478 = VERTEX_POINT('', #479);
#479 = CARTESIAN_POINT('', (10.605, 9.16, 12.4));
#480 = B_SPLINE_CURVE_WITH_KNOTS('', 1, (#481, #482), .UNSPECIFIED., .F., .U., (2, 2), (0., 1.), .UNSPECIFIED.);
#481 = CARTESIAN_POINT('', (10.605, 7.77, 12.4));
#482 = CARTESIAN_POINT('', (10.605, 9.15999999999999, 12.4));
#483 = ORIENTED_EDGE('', *, *, #239, .F.);
#484 = ORIENTED_EDGE('', *, *, #485, .F.);
#485 = EDGE_CURVE('', #486, #233, #488, .T.);
#486 = VERTEX_POINT('', #487);
#487 = CARTESIAN_POINT('', (10.605, 9.16, 7.62));
#488 = B_SPLINE_CURVE_WITH_KNOTS('', 1, (#489, #490), .UNSPECIFIED., .F., .U., (2, 2), (0., 1.), .UNSPECIFIED.);
#489 = CARTESIAN_POINT('', (10.605, 9.15999999999999, 7.62));
#490 = CARTESIAN_POINT('', (10.605, 7.77000000000002, 7.62));
#491 = ORIENTED_EDGE('', *, *, #492, .T.);
#492 = EDGE_CURVE('', #486, #478, #493, .T.);
#493 = B_SPLINE_CURVE_WITH_KNOTS('', 1, (#494, #495), .UNSPECIFIED., .F., .U., (2, 2), (0.0762, 0.124), .UNSPECIFIED.);
#494 = CARTESIAN_POINT('', (10.605, 9.16, 7.62));
#495 = CARTESIAN_POINT('', (10.605, 9.16, 12.4));
#496 = B_SPLINE_SURFACE_WITH_KNOTS('', 1, 1, ((#497, #498), (#499, #500)), .UNSPECIFIED., .F., .F., .U., (2, 2), (2, 2), (0., 1.), (0., 1.), .UNSPECIFIED.);
#497 = CARTESIAN_POINT('', (10.605, 7.77, 0.));
#498 = CARTESIAN_POINT('', (10.605, 7.77, 100.));
#499 = CARTESIAN_POINT('', (10.605, 9.16, 0.));
#500 = CARTESIAN_POINT('', (10.605, 9.16, 100.));
#501 = ADVANCED_FACE('', (#502), #524, .T.);
#502 = FACE_OUTER_BOUND('', #503, .T.);
#503 = EDGE_LOOP('', (#504, #511, #512, #519));
#504 = ORIENTED_EDGE('', *, *, #505, .F.);
#505 = EDGE_CURVE('', #268, #506, #508, .T.);
#506 = VERTEX_POINT('', #507);
#507 = CARTESIAN_POINT('', (10.605, 9.16, 22.41));
#508 = B_SPLINE_CURVE_WITH_KNOTS('', 1, (#509, #510), .UNSPECIFIED., .F., .U., (2, 2), (0., 1.), .UNSPECIFIED.);
#509 = CARTESIAN_POINT('', (10.605, 7.77, 22.41));
#510 = CARTESIAN_POINT('', (10.605, 9.15999999999999, 22.41));
#511 = ORIENTED_EDGE('', *, *, #267, .F.);
#512 = ORIENTED_EDGE('', *, *, #513, .F.);
#513 = EDGE_CURVE('', #514, #261, #516, .T.);
#514 = VERTEX_POINT('', #515);
#515 = CARTESIAN_POINT('', (10.605, 9.16, 17.63));
#516 = B_SPLINE_CURVE_WITH_KNOTS('', 1, (#517, #518), .UNSPECIFIED., .F., .U., (2, 2), (0., 1.), .UNSPECIFIED.);
#517 = CARTESIAN_POINT('', (10.605, 9.15999999999999, 17.63));
#518 = CARTESIAN_POINT('', (10.605, 7.77000000000002, 17.63));
#519 = ORIENTED_EDGE('', *, *, #520, .T.);
#520 = EDGE_CURVE('', #514, #506, #521, .T.);
#521 = B_SPLINE_CURVE_WITH_KNOTS('', 1, (#522, #523), .UNSPECIFIED., .F., .U., (2, 2), (0.1763, 0.2241), .UNSPECIFIED.);
#522 = CARTESIAN_POINT('', (10.605, 9.16, 17.63));
#523 = CARTESIAN_POINT('', (10.605, 9.16, 22.41));
#524 = B_SPLINE_SURFACE_WITH_KNOTS('', 1, 1, ((#525, #526), (#527, #528)), .UNSPECIFIED., .F., .F., .U., (2, 2), (2, 2), (0., 1.), (0., 1.), .UNSPECIFIED.);
#525 = CARTESIAN_POINT('', (10.605, 7.77, 0.));
#526 = CARTESIAN_POINT('', (10.605, 7.77, 100.));
#527 = CARTESIAN_POINT('', (10.605, 9.16, 0.));
#528 = CARTESIAN_POINT('', (10.605, 9.16, 100.));
#529 = ADVANCED_FACE('', (#530), #552, .T.);
#530 = FACE_OUTER_BOUND('', #531, .T.);
#531 = EDGE_LOOP('', (#532, #539, #540, #547));
#532 = ORIENTED_EDGE('', *, *, #533, .F.);
#533 = EDGE_CURVE('', #296, #534, #536, .T.);
#534 = VERTEX_POINT('', #535);
#535 = CARTESIAN_POINT('', (10.605, 9.16, 32.42));
#536 = B_SPLINE_CURVE_WITH_KNOTS('', 1, (#537, #538), .UNSPECIFIED., .F., .U., (2, 2), (0., 1.), .UNSPECIFIED.);
#537 = CARTESIAN_POINT('', (10.605, 7.77, 32.42));
#538 = CARTESIAN_POINT('', (10.605, 9.15999999999999, 32.42));
#539 = ORIENTED_EDGE('', *, *, #295, .F.);
#540 = ORIENTED_EDGE('', *, *, #541, .F.);
#541 = EDGE_CURVE('', #542, #289, #544, .T.);
#542 = VERTEX_POINT('', #543);
#543 = CARTESIAN_POINT('', (10.605, 9.16, 27.64));
#544 = B_SPLINE_CURVE_WITH_KNOTS('', 1, (#545, #546), .UNSPECIFIED., .F., .U., (2, 2), (0., 1.), .UNSPECIFIED.);
#545 = CARTESIAN_POINT('', (10.605, 9.15999999999999, 27.64));
#546 = CARTESIAN_POINT('', (10.605, 7.77000000000002, 27.64));
#547 = ORIENTED_EDGE('', *, *, #548, .T.);
#548 = EDGE_CURVE('', #542, #534, #549, .T.);
#549 = B_SPLINE_CURVE_WITH_KNOTS('', 1, (#550, #551), .UNSPECIFIED., .F., .U., (2, 2), (0.2764, 0.3242), .UNSPECIFIED.);
#550 = CARTESIAN_POINT('', (10.605, 9.16, 27.64));
#551 = CARTESIAN_POINT('', (10.605, 9.16, 32.42));
#552 = B_SPLINE_SURFACE_WITH_KNOTS('', 1, 1, ((#553, #554), (#555, #556)), .UNSPECIFIED., .F., .F., .U., (2, 2), (2, 2), (0., 1.), (0., 1.), .UNSPECIFIED.);
#553 = CARTESIAN_POINT('', (10.605, 7.77, 0.));
#554 = CARTESIAN_POINT('', (10.605, 7.77, 100.));
#555 = CARTESIAN_POINT('', (10.605, 9.16, 0.));
#556 = CARTESIAN_POINT('', (10.605, 9.16, 100.));
#557 = ADVANCED_FACE('', (#558), #580, .T.);
#558 = FACE_OUTER_BOUND('', #559, .T.);
#559 = EDGE_LOOP('', (#560, #567, #568, #575));
#560 = ORIENTED_EDGE('', *, *, #561, .F.);
#561 = EDGE_CURVE('', #324, #562, #564, .T.);
#562 = VERTEX_POINT('', #563);
#563 = CARTESIAN_POINT('', (10.605, 9.16, 42.43));
#564 = B_SPLINE_CURVE_WITH_KNOTS('', 1, (#565, #566), .UNSPECIFIED., .F., .U., (2, 2), (0., 1.), .UNSPECIFIED.);
#565 = CARTESIAN_POINT('', (10.605, 7.77, 42.43));
#566 = CARTESIAN_POINT('', (10.605, 9.15999999999999, 42.43));
#567 = ORIENTED_EDGE('', *, *, #323, .F.);
#568 = ORIENTED_EDGE('', *, *, #569, .F.);
#569 = EDGE_CURVE('', #570, #317, #572, .T.);
#570 = VERTEX_POINT('', #571);
#571 = CARTESIAN_POINT('', (10.605, 9.16, 37.65));
#572 = B_SPLINE_CURVE_WITH_KNOTS('', 1, (#573, #574), .UNSPECIFIED., .F., .U., (2, 2), (0., 1.), .UNSPECIFIED.);
#573 = CARTESIAN_POINT('', (10.605, 9.15999999999999, 37.65));
#574 = CARTESIAN_POINT('', (10.605, 7.77000000000002, 37.65));
#575 = ORIENTED_EDGE('', *, *, #576, .T.);
#576 = EDGE_CURVE('', #570, #562, #577, .T.);
#577 = B_SPLINE_CURVE_WITH_KNOTS('', 1, (#578, #579), .UNSPECIFIED., .F., .U., (2, 2), (0.3765, 0.4243), .UNSPECIFIED.);
#578 = CARTESIAN_POINT('', (10.605, 9.16, 37.65));
#579 = CARTESIAN_POINT('', (10.605, 9.16, 42.43));
#580 = B_SPLINE_SURFACE_WITH_KNOTS('', 1, 1, ((#581, #582), (#583, #584)), .UNSPECIFIED., .F., .F., .U., (2, 2), (2, 2), (0., 1.), (0., 1.), .UNSPECIFIED.);
#581 = CARTESIAN_POINT('', (10.605, 7.77, 0.));
#582 = CARTESIAN_POINT('', (10.605, 7.77, 100.));
#583 = CARTESIAN_POINT('', (10.605, 9.16, 0.));
#584 = CARTESIAN_POINT('', (10.605, 9.16, 100.));
#585 = ADVANCED_FACE('', (#586), #608, .T.);
#586 = FACE_OUTER_BOUND('', #587, .T.);
#587 = EDGE_LOOP('', (#588, #595, #596, #603));
#588 = ORIENTED_EDGE('', *, *, #589, .F.);
#589 = EDGE_CURVE('', #352, #590, #592, .T.);
#590 = VERTEX_POINT('', #591);
#591 = CARTESIAN_POINT('', (10.605, 9.16, 52.44));
#592 = B_SPLINE_CURVE_WITH_KNOTS('', 1, (#593, #594), .UNSPECIFIED., .F., .U., (2, 2), (0., 1.), .UNSPECIFIED.);
#593 = CARTESIAN_POINT('', (10.605, 7.77, 52.44));
#594 = CARTESIAN_POINT('', (10.605, 9.15999999999999, 52.44));
#595 = ORIENTED_EDGE('', *, *, #351, .F.);
#596 = ORIENTED_EDGE('', *, *, #597, .F.);
#597 = EDGE_CURVE('', #598, #345, #600, .T.);
#598 = VERTEX_POINT('', #599);
#599 = CARTESIAN_POINT('', (10.605, 9.16, 47.66));
#600 = B_SPLINE_CURVE_WITH_KNOTS('', 1, (#601, #602), .UNSPECIFIED., .F., .U., (2, 2), (0., 1.), .UNSPECIFIED.);
#601 = CARTESIAN_POINT('', (10.605, 9.15999999999999, 47.66));
#602 = CARTESIAN_POINT('', (10.605, 7.77000000000002, 47.66));
#603 = ORIENTED_EDGE('', *, *, #604, .T.);
#604 = EDGE_CURVE('', #598, #590, #605, .T.);
#605 = B_SPLINE_CURVE_WITH_KNOTS('', 1, (#606, #607), .UNSPECIFIED., .F., .U., (2, 2), (0.4766, 0.5244), .UNSPECIFIED.);
#606 = CARTESIAN_POINT('', (10.605, 9.16, 47.66));
#607 = CARTESIAN_POINT('', (10.605, 9.16, 52.44));
#608 = B_SPLINE_SURFACE_WITH_KNOTS('', 1, 1, ((#609, #610), (#611, #612)), .UNSPECIFIED., .F., .F., .U., (2, 2), (2, 2), (0., 1.), (0., 1.), .UNSPECIFIED.);
#609 = CARTESIAN_POINT('', (10.605, 7.77, 0.));
#610 = CARTESIAN_POINT('', (10.605, 7.77, 100.));
#611 = CARTESIAN_POINT('', (10.605, 9.16, 0.));
#612 = CARTESIAN_POINT('', (10.605, 9.16, 100.));
#613 = ADVANCED_FACE('', (#614), #636, .T.);
#614 = FACE_OUTER_BOUND('', #615, .T.);
#615 = EDGE_LOOP('', (#616, #623, #624, #631));
#616 = ORIENTED_EDGE('', *, *, #617, .F.);
#617 = EDGE_CURVE('', #380, #618, #620, .T.);
#618 = VERTEX_POINT('', #619);
#619 = CARTESIAN_POINT('', (10.605, 9.16, 62.45));
#620 = B_SPLINE_CURVE_WITH_KNOTS('', 1, (#621, #622), .UNSPECIFIED., .F., .U., (2, 2), (0., 1.), .UNSPECIFIED.);
#621 = CARTESIAN_POINT('', (10.605, 7.77, 62.45));
#622 = CARTESIAN_POINT('', (10.605, 9.15999999999999, 62.45));
#623 = ORIENTED_EDGE('', *, *, #379, .F.);
#624 = ORIENTED_EDGE('', *, *, #625, .F.);
#625 = EDGE_CURVE('', #626, #373, #628, .T.);
#626 = VERTEX_POINT('', #627);
#627 = CARTESIAN_POINT('', (10.605, 9.16, 57.67));
#628 = B_SPLINE_CURVE_WITH_KNOTS('', 1, (#629, #630), .UNSPECIFIED., .F., .U., (2, 2), (0., 1.), .UNSPECIFIED.);
#629 = CARTESIAN_POINT('', (10.605, 9.15999999999999, 57.67));
#630 = CARTESIAN_POINT('', (10.605, 7.77000000000002, 57.67));
#631 = ORIENTED_EDGE('', *, *, #632, .T.);
#632 = EDGE_CURVE('', #626, #618, #633, .T.);
#633 = B_SPLINE_CURVE_WITH_KNOTS('', 1, (#634, #635), .UNSPECIFIED., .F., .U., (2, 2), (0.5767, 0.6245), .UNSPECIFIED.);
#634 = CARTESIAN_POINT('', (10.605, 9.16, 57.67));
#635 = CARTESIAN_POINT('', (10.605, 9.16, 62.45));
#636 = B_SPLINE_SURFACE_WITH_KNOTS('', 1, 1, ((#637, #638), (#639, #640)), .UNSPECIFIED., .F., .F., .U., (2, 2), (2, 2), (0., 1.), (0., 1.), .UNSPECIFIED.);
#637 = CARTESIAN_POINT('', (10.605, 7.77, 0.));
#638 = CARTESIAN_POINT('', (10.605, 7.77, 100.));
#639 = CARTESIAN_POINT('', (10.605, 9.16, 0.));
#640 = CARTESIAN_POINT('', (10.605, 9.16, 100.));
#641 = ADVANCED_FACE('', (#642), #664, .T.);
#642 = FACE_OUTER_BOUND('', #643, .T.);
#643 = EDGE_LOOP('', (#644, #651, #652, #659));
#644 = ORIENTED_EDGE('', *, *, #645, .F.);
#645 = EDGE_CURVE('', #408, #646, #648, .T.);
#646 = VERTEX_POINT('', #647);
#647 = CARTESIAN_POINT('', (10.605, 9.16, 72.46));
#648 = B_SPLINE_CURVE_WITH_KNOTS('', 1, (#649, #650), .UNSPECIFIED., .F., .U., (2, 2), (0., 1.), .UNSPECIFIED.);
#649 = CARTESIAN_POINT('', (10.605, 7.77, 72.46));
#650 = CARTESIAN_POINT('', (10.605, 9.15999999999999, 72.46));
#651 = ORIENTED_EDGE('', *, *, #407, .F.);
#652 = ORIENTED_EDGE('', *, *, #653, .F.);
#653 = EDGE_CURVE('', #654, #401, #656, .T.);
#654 = VERTEX_POINT('', #655);
#655 = CARTESIAN_POINT('', (10.605, 9.16, 67.68));
#656 = B_SPLINE_CURVE_WITH_KNOTS('', 1, (#657, #658), .UNSPECIFIED., .F., .U., (2, 2), (0., 1.), .UNSPECIFIED.);
#657 = CARTESIAN_POINT('', (10.605, 9.15999999999999, 67.68));
#658 = CARTESIAN_POINT('', (10.605, 7.77, 67.68));
#659 = ORIENTED_EDGE('', *, *, #660, .T.);
#660 = EDGE_CURVE('', #654, #646, #661, .T.);
#661 = B_SPLINE_CURVE_WITH_KNOTS('', 1, (#662, #663), .UNSPECIFIED., .F., .U., (2, 2), (0.6768, 0.7246), .UNSPECIFIED.);
#662 = CARTESIAN_POINT('', (10.605, 9.16, 67.68));
#663 = CARTESIAN_POINT('', (10.605, 9.16, 72.46));
#664 = B_SPLINE_SURFACE_WITH_KNOTS('', 1, 1, ((#665, #666), (#667, #668)), .UNSPECIFIED., .F., .F., .U., (2, 2), (2, 2), (0., 1.), (0., 1.), .UNSPECIFIED.);
#665 = CARTESIAN_POINT('', (10.605, 7.77, 0.));
#666 = CARTESIAN_POINT('', (10.605, 7.77, 100.));
#667 = CARTESIAN_POINT('', (10.605, 9.16, 0.));
#668 = CARTESIAN_POINT('', (10.605, 9.16, 100.));
#669 = ADVANCED_FACE('', (#670), #692, .T.);
#670 = FACE_OUTER_BOUND('', #671, .T.);
#671 = EDGE_LOOP('', (#672, #679, #680, #687));
#672 = ORIENTED_EDGE('', *, *, #673, .F.);
#673 = EDGE_CURVE('', #436, #674, #676, .T.);
#674 = VERTEX_POINT('', #675);
#675 = CARTESIAN_POINT('', (10.605, 9.16, 82.47));
#676 = B_SPLINE_CURVE_WITH_KNOTS('', 1, (#677, #678), .UNSPECIFIED., .F., .U., (2, 2), (0., 1.), .UNSPECIFIED.);
#677 = CARTESIAN_POINT('', (10.605, 7.77, 82.47));
#678 = CARTESIAN_POINT('', (10.605, 9.15999999999998, 82.47));
#679 = ORIENTED_EDGE('', *, *, #435, .F.);
#680 = ORIENTED_EDGE('', *, *, #681, .F.);
#681 = EDGE_CURVE('', #682, #429, #684, .T.);
#682 = VERTEX_POINT('', #683);
#683 = CARTESIAN_POINT('', (10.605, 9.16, 77.69));
#684 = B_SPLINE_CURVE_WITH_KNOTS('', 1, (#685, #686), .UNSPECIFIED., .F., .U., (2, 2), (0., 1.), .UNSPECIFIED.);
#685 = CARTESIAN_POINT('', (10.605, 9.15999999999999, 77.69));
#686 = CARTESIAN_POINT('', (10.605, 7.77000000000002, 77.69));
#687 = ORIENTED_EDGE('', *, *, #688, .T.);
#688 = EDGE_CURVE('', #682, #674, #689, .T.);
#689 = B_SPLINE_CURVE_WITH_KNOTS('', 1, (#690, #691), .UNSPECIFIED., .F., .U., (2, 2), (0.7769, 0.8247), .UNSPECIFIED.);
#690 = CARTESIAN_POINT('', (10.605, 9.16, 77.69));
#691 = CARTESIAN_POINT('', (10.605, 9.16, 82.47));
#692 = B_SPLINE_SURFACE_WITH_KNOTS('', 1, 1, ((#693, #694), (#695, #696)), .UNSPECIFIED., .F., .F., .U., (2, 2), (2, 2), (0., 1.), (0., 1.), .UNSPECIFIED.);
#693 = CARTESIAN_POINT('', (10.605, 7.77, 0.));
#694 = CARTESIAN_POINT('', (10.605, 7.77, 100.));
#695 = CARTESIAN_POINT('', (10.605, 9.16, 0.));
#696 = CARTESIAN_POINT('', (10.605, 9.16, 100.));
#697 = ADVANCED_FACE('', (#698), #714, .T.);
#698 = FACE_OUTER_BOUND('', #699, .T.);
#699 = EDGE_LOOP('', (#700, #707, #712, #713));
#700 = ORIENTED_EDGE('', *, *, #701, .F.);
#701 = EDGE_CURVE('', #702, #197, #704, .T.);
#702 = VERTEX_POINT('', #703);
#703 = CARTESIAN_POINT('', (10.605, 9.16, 87.7));
#704 = B_SPLINE_CURVE_WITH_KNOTS('', 1, (#705, #706), .UNSPECIFIED., .F., .U., (2, 2), (0., 1.), .UNSPECIFIED.);
#705 = CARTESIAN_POINT('', (10.605, 9.15999999999998, 87.7));
#706 = CARTESIAN_POINT('', (10.605, 7.77000000000001, 87.7));
#707 = ORIENTED_EDGE('', *, *, #708, .T.);
#708 = EDGE_CURVE('', #702, #38, #709, .T.);
#709 = B_SPLINE_CURVE_WITH_KNOTS('', 1, (#710, #711), .UNSPECIFIED., .F., .U., (2, 2), (0.877, 1.), .UNSPECIFIED.);
#710 = CARTESIAN_POINT('', (10.605, 9.16, 87.7));
#711 = CARTESIAN_POINT('', (10.605, 9.16, 100.));
#712 = ORIENTED_EDGE('', *, *, #37, .F.);
#713 = ORIENTED_EDGE('', *, *, #203, .F.);
#714 = B_SPLINE_SURFACE_WITH_KNOTS('', 1, 1, ((#715, #716), (#717, #718)), .UNSPECIFIED., .F., .F., .U., (2, 2), (2, 2), (0., 1.), (0., 1.), .UNSPECIFIED.);
#715 = CARTESIAN_POINT('', (10.605, 7.77, 0.));
#716 = CARTESIAN_POINT('', (10.605, 7.77, 100.));
#717 = CARTESIAN_POINT('', (10.605, 9.16, 0.));
#718 = CARTESIAN_POINT('', (10.605, 9.16, 100.));
#719 = ADVANCED_FACE('', (#720), #736, .T.);
#720 = FACE_OUTER_BOUND('', #721, .T.);
#721 = EDGE_LOOP('', (#722, #729, #730, #731));
#722 = ORIENTED_EDGE('', *, *, #723, .F.);
#723 = EDGE_CURVE('', #456, #724, #726, .T.);
#724 = VERTEX_POINT('', #725);
#725 = CARTESIAN_POINT('', (-10.605, 9.16, 2.39));
#726 = B_SPLINE_CURVE_WITH_KNOTS('', 1, (#727, #728), .UNSPECIFIED., .F., .U., (2, 2), (0., 1.), .UNSPECIFIED.);
#727 = CARTESIAN_POINT('', (10.605, 9.16, 2.39));
#728 = CARTESIAN_POINT('', (-10.605, 9.16, 2.39));
#729 = ORIENTED_EDGE('', *, *, #464, .F.);
#730 = ORIENTED_EDGE('', *, *, #94, .T.);
#731 = ORIENTED_EDGE('', *, *, #732, .T.);
#732 = EDGE_CURVE('', #88, #724, #733, .T.);
#733 = B_SPLINE_CURVE_WITH_KNOTS('', 1, (#734, #735), .UNSPECIFIED., .F., .U., (2, 2), (0., 0.0239), .UNSPECIFIED.);
#734 = CARTESIAN_POINT('', (-10.605, 9.16, 0.));
#735 = CARTESIAN_POINT('', (-10.605, 9.16, 2.39));
#736 = B_SPLINE_SURFACE_WITH_KNOTS('', 1, 1, ((#737, #738), (#739, #740)), .UNSPECIFIED., .F., .F., .U., (2, 2), (2, 2), (0., 1.), (0., 1.), .UNSPECIFIED.);
#737 = CARTESIAN_POINT('', (10.605, 9.16, 0.));
#738 = CARTESIAN_POINT('', (10.605, 9.16, 100.));
#739 = CARTESIAN_POINT('', (-10.605, 9.16, 0.));
#740 = CARTESIAN_POINT('', (-10.605, 9.16, 100.));
#741 = ADVANCED_FACE('', (#742), #764, .T.);
#742 = FACE_OUTER_BOUND('', #743, .T.);
#743 = EDGE_LOOP('', (#744, #751, #752, #759));
#744 = ORIENTED_EDGE('', *, *, #745, .F.);
#745 = EDGE_CURVE('', #478, #746, #748, .T.);
#746 = VERTEX_POINT('', #747);
#747 = CARTESIAN_POINT('', (-10.605, 9.16, 12.4));
#748 = B_SPLINE_CURVE_WITH_KNOTS('', 1, (#749, #750), .UNSPECIFIED., .F., .U., (2, 2), (0., 1.), .UNSPECIFIED.);
#749 = CARTESIAN_POINT('', (10.605, 9.16, 12.4));
#750 = CARTESIAN_POINT('', (-10.605, 9.16, 12.4));
#751 = ORIENTED_EDGE('', *, *, #492, .F.);
#752 = ORIENTED_EDGE('', *, *, #753, .F.);
#753 = EDGE_CURVE('', #754, #486, #756, .T.);
#754 = VERTEX_POINT('', #755);
#755 = CARTESIAN_POINT('', (-10.605, 9.16, 7.62));
#756 = B_SPLINE_CURVE_WITH_KNOTS('', 1, (#757, #758), .UNSPECIFIED., .F., .U., (2, 2), (0., 1.), .UNSPECIFIED.);
#757 = CARTESIAN_POINT('', (-10.605, 9.16, 7.62));
#758 = CARTESIAN_POINT('', (10.605, 9.16, 7.62));
#759 = ORIENTED_EDGE('', *, *, #760, .T.);
#760 = EDGE_CURVE('', #754, #746, #761, .T.);
#761 = B_SPLINE_CURVE_WITH_KNOTS('', 1, (#762, #763), .UNSPECIFIED., .F., .U., (2, 2), (0.0762, 0.124), .UNSPECIFIED.);
#762 = CARTESIAN_POINT('', (-10.605, 9.16, 7.62));
#763 = CARTESIAN_POINT('', (-10.605, 9.16, 12.4));
#764 = B_SPLINE_SURFACE_WITH_KNOTS('', 1, 1, ((#765, #766), (#767, #768)), .UNSPECIFIED., .F., .F., .U., (2, 2), (2, 2), (0., 1.), (0., 1.), .UNSPECIFIED.);
#765 = CARTESIAN_POINT('', (10.605, 9.16, 0.));
#766 = CARTESIAN_POINT('', (10.605, 9.16, 100.));
#767 = CARTESIAN_POINT('', (-10.605, 9.16, 0.));
#768 = CARTESIAN_POINT('', (-10.605, 9.16, 100.));
#769 = ADVANCED_FACE('', (#770), #792, .T.);
#770 = FACE_OUTER_BOUND('', #771, .T.);
#771 = EDGE_LOOP('', (#772, #779, #780, #787));
#772 = ORIENTED_EDGE('', *, *, #773, .F.);
#773 = EDGE_CURVE('', #506, #774, #776, .T.);
#774 = VERTEX_POINT('', #775);
#775 = CARTESIAN_POINT('', (-10.605, 9.16, 22.41));
#776 = B_SPLINE_CURVE_WITH_KNOTS('', 1, (#777, #778), .UNSPECIFIED., .F., .U., (2, 2), (0., 1.), .UNSPECIFIED.);
#777 = CARTESIAN_POINT('', (10.605, 9.16, 22.41));
#778 = CARTESIAN_POINT('', (-10.605, 9.16, 22.41));
#779 = ORIENTED_EDGE('', *, *, #520, .F.);
#780 = ORIENTED_EDGE('', *, *, #781, .F.);
#781 = EDGE_CURVE('', #782, #514, #784, .T.);
#782 = VERTEX_POINT('', #783);
#783 = CARTESIAN_POINT('', (-10.605, 9.16, 17.63));
#784 = B_SPLINE_CURVE_WITH_KNOTS('', 1, (#785, #786), .UNSPECIFIED., .F., .U., (2, 2), (0., 1.), .UNSPECIFIED.);
#785 = CARTESIAN_POINT('', (-10.605, 9.16, 17.63));
#786 = CARTESIAN_POINT('', (10.605, 9.16, 17.63));
#787 = ORIENTED_EDGE('', *, *, #788, .T.);
#788 = EDGE_CURVE('', #782, #774, #789, .T.);
#789 = B_SPLINE_CURVE_WITH_KNOTS('', 1, (#790, #791), .UNSPECIFIED., .F., .U., (2, 2), (0.1763, 0.2241), .UNSPECIFIED.);
#790 = CARTESIAN_POINT('', (-10.605, 9.16, 17.63));
#791 = CARTESIAN_POINT('', (-10.605, 9.16, 22.41));
#792 = B_SPLINE_SURFACE_WITH_KNOTS('', 1, 1, ((#793, #794), (#795, #796)), .UNSPECIFIED., .F., .F., .U., (2, 2), (2, 2), (0., 1.), (0., 1.), .UNSPECIFIED.);
#793 = CARTESIAN_POINT('', (10.605, 9.16, 0.));
#794 = CARTESIAN_POINT('', (10.605, 9.16, 100.));
#795 = CARTESIAN_POINT('', (-10.605, 9.16, 0.));
#796 = CARTESIAN_POINT('', (-10.605, 9.16, 100.));
#797 = ADVANCED_FACE('', (#798), #820, .T.);
#798 = FACE_OUTER_BOUND('', #799, .T.);
#799 = EDGE_LOOP('', (#800, #807, #808, #815));
#800 = ORIENTED_EDGE('', *, *, #801, .F.);
#801 = EDGE_CURVE('', #534, #802, #804, .T.);
#802 = VERTEX_POINT('', #803);
#803 = CARTESIAN_POINT('', (-10.605, 9.16, 32.42));
#804 = B_SPLINE_CURVE_WITH_KNOTS('', 1, (#805, #806), .UNSPECIFIED., .F., .U., (2, 2), (0., 1.), .UNSPECIFIED.);
#805 = CARTESIAN_POINT('', (10.605, 9.16, 32.42));
#806 = CARTESIAN_POINT('', (-10.605, 9.16, 32.42));
#807 = ORIENTED_EDGE('', *, *, #548, .F.);
#808 = ORIENTED_EDGE('', *, *, #809, .F.);
#809 = EDGE_CURVE('', #810, #542, #812, .T.);
#810 = VERTEX_POINT('', #811);
#811 = CARTESIAN_POINT('', (-10.605, 9.16, 27.64));
#812 = B_SPLINE_CURVE_WITH_KNOTS('', 1, (#813, #814), .UNSPECIFIED., .F., .U., (2, 2), (0., 1.), .UNSPECIFIED.);
#813 = CARTESIAN_POINT('', (-10.605, 9.16, 27.64));
#814 = CARTESIAN_POINT('', (10.605, 9.16, 27.64));
#815 = ORIENTED_EDGE('', *, *, #816, .T.);
#816 = EDGE_CURVE('', #810, #802, #817, .T.);
#817 = B_SPLINE_CURVE_WITH_KNOTS('', 1, (#818, #819), .UNSPECIFIED., .F., .U., (2, 2), (0.2764, 0.3242), .UNSPECIFIED.);
#818 = CARTESIAN_POINT('', (-10.605, 9.16, 27.64));
#819 = CARTESIAN_POINT('', (-10.605, 9.16, 32.42));
#820 = B_SPLINE_SURFACE_WITH_KNOTS('', 1, 1, ((#821, #822), (#823, #824)), .UNSPECIFIED., .F., .F., .U., (2, 2), (2, 2), (0., 1.), (0., 1.), .UNSPECIFIED.);
#821 = CARTESIAN_POINT('', (10.605, 9.16, 0.));
#822 = CARTESIAN_POINT('', (10.605, 9.16, 100.));
#823 = CARTESIAN_POINT('', (-10.605, 9.16, 0.));
#824 = CARTESIAN_POINT('', (-10.605, 9.16, 100.));
#825 = ADVANCED_FACE('', (#826), #848, .T.);
#826 = FACE_OUTER_BOUND('', #827, .T.);
#827 = EDGE_LOOP('', (#828, #835, #836, #843));
#828 = ORIENTED_EDGE('', *, *, #829, .F.);
#829 = EDGE_CURVE('', #562, #830, #832, .T.);
#830 = VERTEX_POINT('', #831);
#831 = CARTESIAN_POINT('', (-10.605, 9.16, 42.43));
#832 = B_SPLINE_CURVE_WITH_KNOTS('', 1, (#833, #834), .UNSPECIFIED., .F., .U., (2, 2), (0., 1.), .UNSPECIFIED.);
#833 = CARTESIAN_POINT('', (10.605, 9.16, 42.43));
#834 = CARTESIAN_POINT('', (-10.605, 9.16, 42.43));
#835 = ORIENTED_EDGE('', *, *, #576, .F.);
#836 = ORIENTED_EDGE('', *, *, #837, .F.);
#837 = EDGE_CURVE('', #838, #570, #840, .T.);
#838 = VERTEX_POINT('', #839);
#839 = CARTESIAN_POINT('', (-10.605, 9.16, 37.65));
#840 = B_SPLINE_CURVE_WITH_KNOTS('', 1, (#841, #842), .UNSPECIFIED., .F., .U., (2, 2), (0., 1.), .UNSPECIFIED.);
#841 = CARTESIAN_POINT('', (-10.605, 9.16, 37.65));
#842 = CARTESIAN_POINT('', (10.605, 9.16, 37.65));
#843 = ORIENTED_EDGE('', *, *, #844, .T.);
#844 = EDGE_CURVE('', #838, #830, #845, .T.);
#845 = B_SPLINE_CURVE_WITH_KNOTS('', 1, (#846, #847), .UNSPECIFIED., .F., .U., (2, 2), (0.3765, 0.4243), .UNSPECIFIED.);
#846 = CARTESIAN_POINT('', (-10.605, 9.16, 37.65));
#847 = CARTESIAN_POINT('', (-10.605, 9.16, 42.43));
#848 = B_SPLINE_SURFACE_WITH_KNOTS('', 1, 1, ((#849, #850), (#851, #852)), .UNSPECIFIED., .F., .F., .U., (2, 2), (2, 2), (0., 1.), (0., 1.), .UNSPECIFIED.);
#849 = CARTESIAN_POINT('', (10.605, 9.16, 0.));
#850 = CARTESIAN_POINT('', (10.605, 9.16, 100.));
#851 = CARTESIAN_POINT('', (-10.605, 9.16, 0.));
#852 = CARTESIAN_POINT('', (-10.605, 9.16, 100.));
#853 = ADVANCED_FACE('', (#854), #876, .T.);
#854 = FACE_OUTER_BOUND('', #855, .T.);
#855 = EDGE_LOOP('', (#856, #863, #864, #871));
#856 = ORIENTED_EDGE('', *, *, #857, .F.);
#857 = EDGE_CURVE('', #590, #858, #860, .T.);
#858 = VERTEX_POINT('', #859);
#859 = CARTESIAN_POINT('', (-10.605, 9.16, 52.44));
#860 = B_SPLINE_CURVE_WITH_KNOTS('', 1, (#861, #862), .UNSPECIFIED., .F., .U., (2, 2), (0., 1.), .UNSPECIFIED.);
#861 = CARTESIAN_POINT('', (10.605, 9.16, 52.44));
#862 = CARTESIAN_POINT('', (-10.605, 9.16, 52.44));
#863 = ORIENTED_EDGE('', *, *, #604, .F.);
#864 = ORIENTED_EDGE('', *, *, #865, .F.);
#865 = EDGE_CURVE('', #866, #598, #868, .T.);
#866 = VERTEX_POINT('', #867);
#867 = CARTESIAN_POINT('', (-10.605, 9.16, 47.66));
#868 = B_SPLINE_CURVE_WITH_KNOTS('', 1, (#869, #870), .UNSPECIFIED., .F., .U., (2, 2), (0., 1.), .UNSPECIFIED.);
#869 = CARTESIAN_POINT('', (-10.605, 9.16, 47.66));
#870 = CARTESIAN_POINT('', (10.605, 9.16, 47.66));
#871 = ORIENTED_EDGE('', *, *, #872, .T.);
#872 = EDGE_CURVE('', #866, #858, #873, .T.);
#873 = B_SPLINE_CURVE_WITH_KNOTS('', 1, (#874, #875), .UNSPECIFIED., .F., .U., (2, 2), (0.4766, 0.5244), .UNSPECIFIED.);
#874 = CARTESIAN_POINT('', (-10.605, 9.16, 47.66));
#875 = CARTESIAN_POINT('', (-10.605, 9.16, 52.44));
#876 = B_SPLINE_SURFACE_WITH_KNOTS('', 1, 1, ((#877, #878), (#879, #880)), .UNSPECIFIED., .F., .F., .U., (2, 2), (2, 2), (0., 1.), (0., 1.), .UNSPECIFIED.);
#877 = CARTESIAN_POINT('', (10.605, 9.16, 0.));
#878 = CARTESIAN_POINT('', (10.605, 9.16, 100.));
#879 = CARTESIAN_POINT('', (-10.605, 9.16, 0.));
#880 = CARTESIAN_POINT('', (-10.605, 9.16, 100.));
#881 = ADVANCED_FACE('', (#882), #904, .T.);
#882 = FACE_OUTER_BOUND('', #883, .T.);
#883 = EDGE_LOOP('', (#884, #891, #892, #899));
#884 = ORIENTED_EDGE('', *, *, #885, .F.);
#885 = EDGE_CURVE('', #618, #886, #888, .T.);
#886 = VERTEX_POINT('', #887);
#887 = CARTESIAN_POINT('', (-10.605, 9.16, 62.45));
#888 = B_SPLINE_CURVE_WITH_KNOTS('', 1, (#889, #890), .UNSPECIFIED., .F., .U., (2, 2), (0., 1.), .UNSPECIFIED.);
#889 = CARTESIAN_POINT('', (10.605, 9.16, 62.45));
#890 = CARTESIAN_POINT('', (-10.605, 9.16, 62.45));
#891 = ORIENTED_EDGE('', *, *, #632, .F.);
#892 = ORIENTED_EDGE('', *, *, #893, .F.);
#893 = EDGE_CURVE('', #894, #626, #896, .T.);
#894 = VERTEX_POINT('', #895);
#895 = CARTESIAN_POINT('', (-10.605, 9.16, 57.67));
#896 = B_SPLINE_CURVE_WITH_KNOTS('', 1, (#897, #898), .UNSPECIFIED., .F., .U., (2, 2), (0., 1.), .UNSPECIFIED.);
#897 = CARTESIAN_POINT('', (-10.605, 9.16, 57.67));
#898 = CARTESIAN_POINT('', (10.605, 9.16, 57.67));
#899 = ORIENTED_EDGE('', *, *, #900, .T.);
#900 = EDGE_CURVE('', #894, #886, #901, .T.);
#901 = B_SPLINE_CURVE_WITH_KNOTS('', 1, (#902, #903), .UNSPECIFIED., .F., .U., (2, 2), (0.5767, 0.6245), .UNSPECIFIED.);
#902 = CARTESIAN_POINT('', (-10.605, 9.16, 57.67));
#903 = CARTESIAN_POINT('', (-10.605, 9.16, 62.45));
#904 = B_SPLINE_SURFACE_WITH_KNOTS('', 1, 1, ((#905, #906), (#907, #908)), .UNSPECIFIED., .F., .F., .U., (2, 2), (2, 2), (0., 1.), (0., 1.), .UNSPECIFIED.);
#905 = CARTESIAN_POINT('', (10.605, 9.16, 0.));
#906 = CARTESIAN_POINT('', (10.605, 9.16, 100.));
#907 = CARTESIAN_POINT('', (-10.605, 9.16, 0.));
#908 = CARTESIAN_POINT('', (-10.605, 9.16, 100.));
#909 = ADVANCED_FACE('', (#910), #932, .T.);
#910 = FACE_OUTER_BOUND('', #911, .T.);
#911 = EDGE_LOOP('', (#912, #919, #920, #927));
#912 = ORIENTED_EDGE('', *, *, #913, .F.);
#913 = EDGE_CURVE('', #646, #914, #916, .T.);
#914 = VERTEX_POINT('', #915);
#915 = CARTESIAN_POINT('', (-10.605, 9.16, 72.46));
#916 = B_SPLINE_CURVE_WITH_KNOTS('', 1, (#917, #918), .UNSPECIFIED., .F., .U., (2, 2), (0., 1.), .UNSPECIFIED.);
#917 = CARTESIAN_POINT('', (10.605, 9.16, 72.46));
#918 = CARTESIAN_POINT('', (-10.605, 9.16, 72.46));
#919 = ORIENTED_EDGE('', *, *, #660, .F.);
#920 = ORIENTED_EDGE('', *, *, #921, .F.);
#921 = EDGE_CURVE('', #922, #654, #924, .T.);
#922 = VERTEX_POINT('', #923);
#923 = CARTESIAN_POINT('', (-10.605, 9.16, 67.68));
#924 = B_SPLINE_CURVE_WITH_KNOTS('', 1, (#925, #926), .UNSPECIFIED., .F., .U., (2, 2), (0., 1.), .UNSPECIFIED.);
#925 = CARTESIAN_POINT('', (-10.605, 9.16, 67.68));
#926 = CARTESIAN_POINT('', (10.605, 9.16, 67.68));
#927 = ORIENTED_EDGE('', *, *, #928, .T.);
#928 = EDGE_CURVE('', #922, #914, #929, .T.);
#929 = B_SPLINE_CURVE_WITH_KNOTS('', 1, (#930, #931), .UNSPECIFIED., .F., .U., (2, 2), (0.6768, 0.7246), .UNSPECIFIED.);
#930 = CARTESIAN_POINT('', (-10.605, 9.16, 67.68));
#931 = CARTESIAN_POINT('', (-10.605, 9.16, 72.46));
#932 = B_SPLINE_SURFACE_WITH_KNOTS('', 1, 1, ((#933, #934), (#935, #936)), .UNSPECIFIED., .F., .F., .U., (2, 2), (2, 2), (0., 1.), (0., 1.), .UNSPECIFIED.);
#933 = CARTESIAN_POINT('', (10.605, 9.16, 0.));
#934 = CARTESIAN_POINT('', (10.605, 9.16, 100.));
#935 = CARTESIAN_POINT('', (-10.605, 9.16, 0.));
#936 = CARTESIAN_POINT('', (-10.605, 9.16, 100.));
#937 = ADVANCED_FACE('', (#938), #960, .T.);
#938 = FACE_OUTER_BOUND('', #939, .T.);
#939 = EDGE_LOOP('', (#940, #947, #948, #955));
#940 = ORIENTED_EDGE('', *, *, #941, .F.);
#941 = EDGE_CURVE('', #674, #942, #944, .T.);
#942 = VERTEX_POINT('', #943);
#943 = CARTESIAN_POINT('', (-10.605, 9.16, 82.47));
#944 = B_SPLINE_CURVE_WITH_KNOTS('', 1, (#945, #946), .UNSPECIFIED., .F., .U., (2, 2), (0., 1.), .UNSPECIFIED.);
#945 = CARTESIAN_POINT('', (10.605, 9.16, 82.47));
#946 = CARTESIAN_POINT('', (-10.605, 9.16, 82.47));
#947 = ORIENTED_EDGE('', *, *, #688, .F.);
#948 = ORIENTED_EDGE('', *, *, #949, .F.);
#949 = EDGE_CURVE('', #950, #682, #952, .T.);
#950 = VERTEX_POINT('', #951);
#951 = CARTESIAN_POINT('', (-10.605, 9.16, 77.69));
#952 = B_SPLINE_CURVE_WITH_KNOTS('', 1, (#953, #954), .UNSPECIFIED., .F., .U., (2, 2), (0., 1.), .UNSPECIFIED.);
#953 = CARTESIAN_POINT('', (-10.605, 9.16, 77.69));
#954 = CARTESIAN_POINT('', (10.605, 9.16, 77.69));
#955 = ORIENTED_EDGE('', *, *, #956, .T.);
#956 = EDGE_CURVE('', #950, #942, #957, .T.);
#957 = B_SPLINE_CURVE_WITH_KNOTS('', 1, (#958, #959), .UNSPECIFIED., .F., .U., (2, 2), (0.7769, 0.8247), .UNSPECIFIED.);
#958 = CARTESIAN_POINT('', (-10.605, 9.16, 77.69));
#959 = CARTESIAN_POINT('', (-10.605, 9.16, 82.47));
#960 = B_SPLINE_SURFACE_WITH_KNOTS('', 1, 1, ((#961, #962), (#963, #964)), .UNSPECIFIED., .F., .F., .U., (2, 2), (2, 2), (0., 1.), (0., 1.), .UNSPECIFIED.);
#961 = CARTESIAN_POINT('', (10.605, 9.16, 0.));
#962 = CARTESIAN_POINT('', (10.605, 9.16, 100.));
#963 = CARTESIAN_POINT('', (-10.605, 9.16, 0.));
#964 = CARTESIAN_POINT('', (-10.605, 9.16, 100.));
#965 = ADVANCED_FACE('', (#966), #982, .T.);
#966 = FACE_OUTER_BOUND('', #967, .T.);
#967 = EDGE_LOOP('', (#968, #975, #980, #981));
#968 = ORIENTED_EDGE('', *, *, #969, .F.);
#969 = EDGE_CURVE('', #970, #702, #972, .T.);
#970 = VERTEX_POINT('', #971);
#971 = CARTESIAN_POINT('', (-10.605, 9.16, 87.7));
#972 = B_SPLINE_CURVE_WITH_KNOTS('', 1, (#973, #974), .UNSPECIFIED., .F., .U., (2, 2), (0., 1.), .UNSPECIFIED.);
#973 = CARTESIAN_POINT('', (-10.605, 9.16, 87.7));
#974 = CARTESIAN_POINT('', (10.605, 9.16, 87.7));
#975 = ORIENTED_EDGE('', *, *, #976, .T.);
#976 = EDGE_CURVE('', #970, #45, #977, .T.);
#977 = B_SPLINE_CURVE_WITH_KNOTS('', 1, (#978, #979), .UNSPECIFIED., .F., .U., (2, 2), (0.877, 1.), .UNSPECIFIED.);
#978 = CARTESIAN_POINT('', (-10.605, 9.16, 87.7));
#979 = CARTESIAN_POINT('', (-10.605, 9.16, 100.));
#980 = ORIENTED_EDGE('', *, *, #44, .F.);
#981 = ORIENTED_EDGE('', *, *, #708, .F.);
#982 = B_SPLINE_SURFACE_WITH_KNOTS('', 1, 1, ((#983, #984), (#985, #986)), .UNSPECIFIED., .F., .F., .U., (2, 2), (2, 2), (0., 1.), (0., 1.), .UNSPECIFIED.);
#983 = CARTESIAN_POINT('', (10.605, 9.16, 0.));
#984 = CARTESIAN_POINT('', (10.605, 9.16, 100.));
#985 = CARTESIAN_POINT('', (-10.605, 9.16, 0.));
#986 = CARTESIAN_POINT('', (-10.605, 9.16, 100.));
#987 = ADVANCED_FACE('', (#988), #1004, .T.);
#988 = FACE_OUTER_BOUND('', #989, .T.);
#989 = EDGE_LOOP('', (#990, #997, #998, #999));
#990 = ORIENTED_EDGE('', *, *, #991, .F.);
#991 = EDGE_CURVE('', #724, #992, #994, .T.);
#992 = VERTEX_POINT('', #993);
#993 = CARTESIAN_POINT('', (-10.605, 7.77, 2.39));
#994 = B_SPLINE_CURVE_WITH_KNOTS('', 1, (#995, #996), .UNSPECIFIED., .F., .U., (2, 2), (0., 1.), .UNSPECIFIED.);
#995 = CARTESIAN_POINT('', (-10.605, 9.15999999999999, 2.39));
#996 = CARTESIAN_POINT('', (-10.605, 7.77000000000002, 2.39));
#997 = ORIENTED_EDGE('', *, *, #732, .F.);
#998 = ORIENTED_EDGE('', *, *, #87, .T.);
#999 = ORIENTED_EDGE('', *, *, #1000, .T.);
#1000 = EDGE_CURVE('', #81, #992, #1001, .T.);
#1001 = B_SPLINE_CURVE_WITH_KNOTS('', 1, (#1002, #1003), .UNSPECIFIED., .F., .U., (2, 2), (0., 0.0239), .UNSPECIFIED.);
#1002 = CARTESIAN_POINT('', (-10.605, 7.77, 0.));
#1003 = CARTESIAN_POINT('', (-10.605, 7.77, 2.39));
#1004 = B_SPLINE_SURFACE_WITH_KNOTS('', 1, 1, ((#1005, #1006), (#1007, #1008)), .UNSPECIFIED., .F., .F., .U., (2, 2), (2, 2), (0., 1.), (0., 1.), .UNSPECIFIED.);
#1005 = CARTESIAN_POINT('', (-10.605, 9.16, 0.));
#1006 = CARTESIAN_POINT('', (-10.605, 9.16, 100.));
#1007 = CARTESIAN_POINT('', (-10.605, 7.77, 0.));
#1008 = CARTESIAN_POINT('', (-10.605, 7.77, 100.));
#1009 = ADVANCED_FACE('', (#1010), #1032, .T.);
#1010 = FACE_OUTER_BOUND('', #1011, .T.);
#1011 = EDGE_LOOP('', (#1012, #1019, #1020, #1027));
#1012 = ORIENTED_EDGE('', *, *, #1013, .F.);
#1013 = EDGE_CURVE('', #746, #1014, #1016, .T.);
#1014 = VERTEX_POINT('', #1015);
#1015 = CARTESIAN_POINT('', (-10.605, 7.77, 12.4));
#1016 = B_SPLINE_CURVE_WITH_KNOTS('', 1, (#1017, #1018), .UNSPECIFIED., .F., .U., (2, 2), (0., 1.), .UNSPECIFIED.);
#1017 = CARTESIAN_POINT('', (-10.605, 9.15999999999999, 12.4));
#1018 = CARTESIAN_POINT('', (-10.605, 7.77000000000002, 12.4));
#1019 = ORIENTED_EDGE('', *, *, #760, .F.);
#1020 = ORIENTED_EDGE('', *, *, #1021, .F.);
#1021 = EDGE_CURVE('', #1022, #754, #1024, .T.);
#1022 = VERTEX_POINT('', #1023);
#1023 = CARTESIAN_POINT('', (-10.605, 7.77, 7.62));
#1024 = B_SPLINE_CURVE_WITH_KNOTS('', 1, (#1025, #1026), .UNSPECIFIED., .F., .U., (2, 2), (0., 1.), .UNSPECIFIED.);
#1025 = CARTESIAN_POINT('', (-10.605, 7.77, 7.62));
#1026 = CARTESIAN_POINT('', (-10.605, 9.16, 7.62));
#1027 = ORIENTED_EDGE('', *, *, #1028, .T.);
#1028 = EDGE_CURVE('', #1022, #1014, #1029, .T.);
#1029 = B_SPLINE_CURVE_WITH_KNOTS('', 1, (#1030, #1031), .UNSPECIFIED., .F., .U., (2, 2), (0.0762, 0.124), .UNSPECIFIED.);
#1030 = CARTESIAN_POINT('', (-10.605, 7.77, 7.62));
#1031 = CARTESIAN_POINT('', (-10.605, 7.77, 12.4));
#1032 = B_SPLINE_SURFACE_WITH_KNOTS('', 1, 1, ((#1033, #1034), (#1035, #1036)), .UNSPECIFIED., .F., .F., .U., (2, 2), (2, 2), (0., 1.), (0., 1.), .UNSPECIFIED.);
#1033 = CARTESIAN_POINT('', (-10.605, 9.16, 0.));
#1034 = CARTESIAN_POINT('', (-10.605, 9.16, 100.));
#1035 = CARTESIAN_POINT('', (-10.605, 7.77, 0.));
#1036 = CARTESIAN_POINT('', (-10.605, 7.77, 100.));
#1037 = ADVANCED_FACE('', (#1038), #1060, .T.);
#1038 = FACE_OUTER_BOUND('', #1039, .T.);
#1039 = EDGE_LOOP('', (#1040, #1047, #1048, #1055));
#1040 = ORIENTED_EDGE('', *, *, #1041, .F.);
#1041 = EDGE_CURVE('', #774, #1042, #1044, .T.);
#1042 = VERTEX_POINT('', #1043);
#1043 = CARTESIAN_POINT('', (-10.605, 7.77, 22.41));
#1044 = B_SPLINE_CURVE_WITH_KNOTS('', 1, (#1045, #1046), .UNSPECIFIED., .F., .U., (2, 2), (0., 1.), .UNSPECIFIED.);
#1045 = CARTESIAN_POINT('', (-10.605, 9.15999999999999, 22.41));
#1046 = CARTESIAN_POINT('', (-10.605, 7.77000000000002, 22.41));
#1047 = ORIENTED_EDGE('', *, *, #788, .F.);
#1048 = ORIENTED_EDGE('', *, *, #1049, .F.);
#1049 = EDGE_CURVE('', #1050, #782, #1052, .T.);
#1050 = VERTEX_POINT('', #1051);
#1051 = CARTESIAN_POINT('', (-10.605, 7.77, 17.63));
#1052 = B_SPLINE_CURVE_WITH_KNOTS('', 1, (#1053, #1054), .UNSPECIFIED., .F., .U., (2, 2), (0., 1.), .UNSPECIFIED.);
#1053 = CARTESIAN_POINT('', (-10.605, 7.77, 17.63));
#1054 = CARTESIAN_POINT('', (-10.605, 9.16, 17.63));
#1055 = ORIENTED_EDGE('', *, *, #1056, .T.);
#1056 = EDGE_CURVE('', #1050, #1042, #1057, .T.);
#1057 = B_SPLINE_CURVE_WITH_KNOTS('', 1, (#1058, #1059), .UNSPECIFIED., .F., .U., (2, 2), (0.1763, 0.2241), .UNSPECIFIED.);
#1058 = CARTESIAN_POINT('', (-10.605, 7.77, 17.63));
#1059 = CARTESIAN_POINT('', (-10.605, 7.77, 22.41));
#1060 = B_SPLINE_SURFACE_WITH_KNOTS('', 1, 1, ((#1061, #1062), (#1063, #1064)), .UNSPECIFIED., .F., .F., .U., (2, 2), (2, 2), (0., 1.), (0., 1.), .UNSPECIFIED.);
#1061 = CARTESIAN_POINT('', (-10.605, 9.16, 0.));
#1062 = CARTESIAN_POINT('', (-10.605, 9.16, 100.));
#1063 = CARTESIAN_POINT('', (-10.605, 7.77, 0.));
#1064 = CARTESIAN_POINT('', (-10.605, 7.77, 100.));
#1065 = ADVANCED_FACE('', (#1066), #1088, .T.);
#1066 = FACE_OUTER_BOUND('', #1067, .T.);
#1067 = EDGE_LOOP('', (#1068, #1075, #1076, #1083));
#1068 = ORIENTED_EDGE('', *, *, #1069, .F.);
#1069 = EDGE_CURVE('', #802, #1070, #1072, .T.);
#1070 = VERTEX_POINT('', #1071);
#1071 = CARTESIAN_POINT('', (-10.605, 7.77, 32.42));
#1072 = B_SPLINE_CURVE_WITH_KNOTS('', 1, (#1073, #1074), .UNSPECIFIED., .F., .U., (2, 2), (0., 1.), .UNSPECIFIED.);
#1073 = CARTESIAN_POINT('', (-10.605, 9.15999999999999, 32.42));
#1074 = CARTESIAN_POINT('', (-10.605, 7.77000000000002, 32.42));
#1075 = ORIENTED_EDGE('', *, *, #816, .F.);
#1076 = ORIENTED_EDGE('', *, *, #1077, .F.);
#1077 = EDGE_CURVE('', #1078, #810, #1080, .T.);
#1078 = VERTEX_POINT('', #1079);
#1079 = CARTESIAN_POINT('', (-10.605, 7.77, 27.64));
#1080 = B_SPLINE_CURVE_WITH_KNOTS('', 1, (#1081, #1082), .UNSPECIFIED., .F., .U., (2, 2), (0., 1.), .UNSPECIFIED.);
#1081 = CARTESIAN_POINT('', (-10.605, 7.77, 27.64));
#1082 = CARTESIAN_POINT('', (-10.605, 9.16, 27.64));
#1083 = ORIENTED_EDGE('', *, *, #1084, .T.);
#1084 = EDGE_CURVE('', #1078, #1070, #1085, .T.);
#1085 = B_SPLINE_CURVE_WITH_KNOTS('', 1, (#1086, #1087), .UNSPECIFIED., .F., .U., (2, 2), (0.2764, 0.3242), .UNSPECIFIED.);
#1086 = CARTESIAN_POINT('', (-10.605, 7.77, 27.64));
#1087 = CARTESIAN_POINT('', (-10.605, 7.77, 32.42));
#1088 = B_SPLINE_SURFACE_WITH_KNOTS('', 1, 1, ((#1089, #1090), (#1091, #1092)), .UNSPECIFIED., .F., .F., .U., (2, 2), (2, 2), (0., 1.), (0., 1.), .UNSPECIFIED.);
#1089 = CARTESIAN_POINT('', (-10.605, 9.16, 0.));
#1090 = CARTESIAN_POINT('', (-10.605, 9.16, 100.));
#1091 = CARTESIAN_POINT('', (-10.605, 7.77, 0.));
#1092 = CARTESIAN_POINT('', (-10.605, 7.77, 100.));
#1093 = ADVANCED_FACE('', (#1094), #1116, .T.);
#1094 = FACE_OUTER_BOUND('', #1095, .T.);
#1095 = EDGE_LOOP('', (#1096, #1103, #1104, #1111));
#1096 = ORIENTED_EDGE('', *, *, #1097, .F.);
#1097 = EDGE_CURVE('', #830, #1098, #1100, .T.);
#1098 = VERTEX_POINT('', #1099);
#1099 = CARTESIAN_POINT('', (-10.605, 7.77, 42.43));
#1100 = B_SPLINE_CURVE_WITH_KNOTS('', 1, (#1101, #1102), .UNSPECIFIED., .F., .U., (2, 2), (0., 1.), .UNSPECIFIED.);
#1101 = CARTESIAN_POINT('', (-10.605, 9.15999999999999, 42.43));
#1102 = CARTESIAN_POINT('', (-10.605, 7.77000000000002, 42.43));
#1103 = ORIENTED_EDGE('', *, *, #844, .F.);
#1104 = ORIENTED_EDGE('', *, *, #1105, .F.);
#1105 = EDGE_CURVE('', #1106, #838, #1108, .T.);
#1106 = VERTEX_POINT('', #1107);
#1107 = CARTESIAN_POINT('', (-10.605, 7.77, 37.65));
#1108 = B_SPLINE_CURVE_WITH_KNOTS('', 1, (#1109, #1110), .UNSPECIFIED., .F., .U., (2, 2), (0., 1.), .UNSPECIFIED.);
#1109 = CARTESIAN_POINT('', (-10.605, 7.77, 37.65));
#1110 = CARTESIAN_POINT('', (-10.605, 9.16, 37.65));
#1111 = ORIENTED_EDGE('', *, *, #1112, .T.);
#1112 = EDGE_CURVE('', #1106, #1098, #1113, .T.);
#1113 = B_SPLINE_CURVE_WITH_KNOTS('', 1, (#1114, #1115), .UNSPECIFIED., .F., .U., (2, 2), (0.3765, 0.4243), .UNSPECIFIED.);
#1114 = CARTESIAN_POINT('', (-10.605, 7.77, 37.65));
#1115 = CARTESIAN_POINT('', (-10.605, 7.77, 42.43));
#1116 = B_SPLINE_SURFACE_WITH_KNOTS('', 1, 1, ((#1117, #1118), (#1119, #1120)), .UNSPECIFIED., .F., .F., .U., (2, 2), (2, 2), (0., 1.), (0., 1.), .UNSPECIFIED.);
#1117 = CARTESIAN_POINT('', (-10.605, 9.16, 0.));
#1118 = CARTESIAN_POINT('', (-10.605, 9.16, 100.));
#1119 = CARTESIAN_POINT('', (-10.605, 7.77, 0.));
#1120 = CARTESIAN_POINT('', (-10.605, 7.77, 100.));
#1121 = ADVANCED_FACE('', (#1122), #1144, .T.);
#1122 = FACE_OUTER_BOUND('', #1123, .T.);
#1123 = EDGE_LOOP('', (#1124, #1131, #1132, #1139));
#1124 = ORIENTED_EDGE('', *, *, #1125, .F.);
#1125 = EDGE_CURVE('', #858, #1126, #1128, .T.);
#1126 = VERTEX_POINT('', #1127);
#1127 = CARTESIAN_POINT('', (-10.605, 7.77, 52.44));
#1128 = B_SPLINE_CURVE_WITH_KNOTS('', 1, (#1129, #1130), .UNSPECIFIED., .F., .U., (2, 2), (0., 1.), .UNSPECIFIED.);
#1129 = CARTESIAN_POINT('', (-10.605, 9.15999999999999, 52.44));
#1130 = CARTESIAN_POINT('', (-10.605, 7.77000000000002, 52.44));
#1131 = ORIENTED_EDGE('', *, *, #872, .F.);
#1132 = ORIENTED_EDGE('', *, *, #1133, .F.);
#1133 = EDGE_CURVE('', #1134, #866, #1136, .T.);
#1134 = VERTEX_POINT('', #1135);
#1135 = CARTESIAN_POINT('', (-10.605, 7.77, 47.66));
#1136 = B_SPLINE_CURVE_WITH_KNOTS('', 1, (#1137, #1138), .UNSPECIFIED., .F., .U., (2, 2), (0., 1.), .UNSPECIFIED.);
#1137 = CARTESIAN_POINT('', (-10.605, 7.77, 47.66));
#1138 = CARTESIAN_POINT('', (-10.605, 9.16, 47.66));
#1139 = ORIENTED_EDGE('', *, *, #1140, .T.);
#1140 = EDGE_CURVE('', #1134, #1126, #1141, .T.);
#1141 = B_SPLINE_CURVE_WITH_KNOTS('', 1, (#1142, #1143), .UNSPECIFIED., .F., .U., (2, 2), (0.4766, 0.5244), .UNSPECIFIED.);
#1142 = CARTESIAN_POINT('', (-10.605, 7.77, 47.66));
#1143 = CARTESIAN_POINT('', (-10.605, 7.77, 52.44));
#1144 = B_SPLINE_SURFACE_WITH_KNOTS('', 1, 1, ((#1145, #1146), (#1147, #1148)), .UNSPECIFIED., .F., .F., .U., (2, 2), (2, 2), (0., 1.), (0., 1.), .UNSPECIFIED.);
#1145 = CARTESIAN_POINT('', (-10.605, 9.16, 0.));
#1146 = CARTESIAN_POINT('', (-10.605, 9.16, 100.));
#1147 = CARTESIAN_POINT('', (-10.605, 7.77, 0.));
#1148 = CARTESIAN_POINT('', (-10.605, 7.77, 100.));
#1149 = ADVANCED_FACE('', (#1150), #1172, .T.);
#1150 = FACE_OUTER_BOUND('', #1151, .T.);
#1151 = EDGE_LOOP('', (#1152, #1159, #1160, #1167));
#1152 = ORIENTED_EDGE('', *, *, #1153, .F.);
#1153 = EDGE_CURVE('', #886, #1154, #1156, .T.);
#1154 = VERTEX_POINT('', #1155);
#1155 = CARTESIAN_POINT('', (-10.605, 7.77, 62.45));
#1156 = B_SPLINE_CURVE_WITH_KNOTS('', 1, (#1157, #1158), .UNSPECIFIED., .F., .U., (2, 2), (0., 1.), .UNSPECIFIED.);
#1157 = CARTESIAN_POINT('', (-10.605, 9.15999999999999, 62.45));
#1158 = CARTESIAN_POINT('', (-10.605, 7.77000000000002, 62.45));
#1159 = ORIENTED_EDGE('', *, *, #900, .F.);
#1160 = ORIENTED_EDGE('', *, *, #1161, .F.);
#1161 = EDGE_CURVE('', #1162, #894, #1164, .T.);
#1162 = VERTEX_POINT('', #1163);
#1163 = CARTESIAN_POINT('', (-10.605, 7.77, 57.67));
#1164 = B_SPLINE_CURVE_WITH_KNOTS('', 1, (#1165, #1166), .UNSPECIFIED., .F., .U., (2, 2), (0., 1.), .UNSPECIFIED.);
#1165 = CARTESIAN_POINT('', (-10.605, 7.77, 57.67));
#1166 = CARTESIAN_POINT('', (-10.605, 9.16, 57.67));
#1167 = ORIENTED_EDGE('', *, *, #1168, .T.);
#1168 = EDGE_CURVE('', #1162, #1154, #1169, .T.);
#1169 = B_SPLINE_CURVE_WITH_KNOTS('', 1, (#1170, #1171), .UNSPECIFIED., .F., .U., (2, 2), (0.5767, 0.6245), .UNSPECIFIED.);
#1170 = CARTESIAN_POINT('', (-10.605, 7.77, 57.67));
#1171 = CARTESIAN_POINT('', (-10.605, 7.77, 62.45));
#1172 = B_SPLINE_SURFACE_WITH_KNOTS('', 1, 1, ((#1173, #1174), (#1175, #1176)), .UNSPECIFIED., .F., .F., .U., (2, 2), (2, 2), (0., 1.), (0., 1.), .UNSPECIFIED.);
#1173 = CARTESIAN_POINT('', (-10.605, 9.16, 0.));
#1174 = CARTESIAN_POINT('', (-10.605, 9.16, 100.));
#1175 = CARTESIAN_POINT('', (-10.605, 7.77, 0.));
#1176 = CARTESIAN_POINT('', (-10.605, 7.77, 100.));
#1177 = ADVANCED_FACE('', (#1178), #1200, .T.);
#1178 = FACE_OUTER_BOUND('', #1179, .T.);
#1179 = EDGE_LOOP('', (#1180, #1187, #1188, #1195));
#1180 = ORIENTED_EDGE('', *, *, #1181, .F.);
#1181 = EDGE_CURVE('', #914, #1182, #1184, .T.);
#1182 = VERTEX_POINT('', #1183);
#1183 = CARTESIAN_POINT('', (-10.605, 7.77, 72.46));
#1184 = B_SPLINE_CURVE_WITH_KNOTS('', 1, (#1185, #1186), .UNSPECIFIED., .F., .U., (2, 2), (0., 1.), .UNSPECIFIED.);
#1185 = CARTESIAN_POINT('', (-10.605, 9.15999999999999, 72.46));
#1186 = CARTESIAN_POINT('', (-10.605, 7.77000000000002, 72.46));
#1187 = ORIENTED_EDGE('', *, *, #928, .F.);
#1188 = ORIENTED_EDGE('', *, *, #1189, .F.);
#1189 = EDGE_CURVE('', #1190, #922, #1192, .T.);
#1190 = VERTEX_POINT('', #1191);
#1191 = CARTESIAN_POINT('', (-10.605, 7.77, 67.68));
#1192 = B_SPLINE_CURVE_WITH_KNOTS('', 1, (#1193, #1194), .UNSPECIFIED., .F., .U., (2, 2), (0., 1.), .UNSPECIFIED.);
#1193 = CARTESIAN_POINT('', (-10.605, 7.77, 67.68));
#1194 = CARTESIAN_POINT('', (-10.605, 9.16, 67.68));
#1195 = ORIENTED_EDGE('', *, *, #1196, .T.);
#1196 = EDGE_CURVE('', #1190, #1182, #1197, .T.);
#1197 = B_SPLINE_CURVE_WITH_KNOTS('', 1, (#1198, #1199), .UNSPECIFIED., .F., .U., (2, 2), (0.6768, 0.7246), .UNSPECIFIED.);
#1198 = CARTESIAN_POINT('', (-10.605, 7.77, 67.68));
#1199 = CARTESIAN_POINT('', (-10.605, 7.77, 72.46));
#1200 = B_SPLINE_SURFACE_WITH_KNOTS('', 1, 1, ((#1201, #1202), (#1203, #1204)), .UNSPECIFIED., .F., .F., .U., (2, 2), (2, 2), (0., 1.), (0., 1.), .UNSPECIFIED.);
#1201 = CARTESIAN_POINT('', (-10.605, 9.16, 0.));
#1202 = CARTESIAN_POINT('', (-10.605, 9.16, 100.));
#1203 = CARTESIAN_POINT('', (-10.605, 7.77, 0.));
#1204 = CARTESIAN_POINT('', (-10.605, 7.77, 100.));
#1205 = ADVANCED_FACE('', (#1206), #1228, .T.);
#1206 = FACE_OUTER_BOUND('', #1207, .T.);
#1207 = EDGE_LOOP('', (#1208, #1215, #1216, #1223));
#1208 = ORIENTED_EDGE('', *, *, #1209, .F.);
#1209 = EDGE_CURVE('', #942, #1210, #1212, .T.);
#1210 = VERTEX_POINT('', #1211);
#1211 = CARTESIAN_POINT('', (-10.605, 7.77, 82.47));
#1212 = B_SPLINE_CURVE_WITH_KNOTS('', 1, (#1213, #1214), .UNSPECIFIED., .F., .U., (2, 2), (0., 1.), .UNSPECIFIED.);
#1213 = CARTESIAN_POINT('', (-10.605, 9.15999999999998, 82.47));
#1214 = CARTESIAN_POINT('', (-10.605, 7.77, 82.47));
#1215 = ORIENTED_EDGE('', *, *, #956, .F.);
#1216 = ORIENTED_EDGE('', *, *, #1217, .F.);
#1217 = EDGE_CURVE('', #1218, #950, #1220, .T.);
#1218 = VERTEX_POINT('', #1219);
#1219 = CARTESIAN_POINT('', (-10.605, 7.77, 77.69));
#1220 = B_SPLINE_CURVE_WITH_KNOTS('', 1, (#1221, #1222), .UNSPECIFIED., .F., .U., (2, 2), (0., 1.), .UNSPECIFIED.);
#1221 = CARTESIAN_POINT('', (-10.605, 7.76999999999999, 77.69));
#1222 = CARTESIAN_POINT('', (-10.605, 9.15999999999998, 77.69));
#1223 = ORIENTED_EDGE('', *, *, #1224, .T.);
#1224 = EDGE_CURVE('', #1218, #1210, #1225, .T.);
#1225 = B_SPLINE_CURVE_WITH_KNOTS('', 1, (#1226, #1227), .UNSPECIFIED., .F., .U., (2, 2), (0.7769, 0.8247), .UNSPECIFIED.);
#1226 = CARTESIAN_POINT('', (-10.605, 7.77, 77.69));
#1227 = CARTESIAN_POINT('', (-10.605, 7.77, 82.47));
#1228 = B_SPLINE_SURFACE_WITH_KNOTS('', 1, 1, ((#1229, #1230), (#1231, #1232)), .UNSPECIFIED., .F., .F., .U., (2, 2), (2, 2), (0., 1.), (0., 1.), .UNSPECIFIED.);
#1229 = CARTESIAN_POINT('', (-10.605, 9.16, 0.));
#1230 = CARTESIAN_POINT('', (-10.605, 9.16, 100.));
#1231 = CARTESIAN_POINT('', (-10.605, 7.77, 0.));
#1232 = CARTESIAN_POINT('', (-10.605, 7.77, 100.));
#1233 = ADVANCED_FACE('', (#1234), #1250, .T.);
#1234 = FACE_OUTER_BOUND('', #1235, .T.);
#1235 = EDGE_LOOP('', (#1236, #1243, #1248, #1249));
#1236 = ORIENTED_EDGE('', *, *, #1237, .F.);
#1237 = EDGE_CURVE('', #1238, #970, #1240, .T.);
#1238 = VERTEX_POINT('', #1239);
#1239 = CARTESIAN_POINT('', (-10.605, 7.77, 87.7));
#1240 = B_SPLINE_CURVE_WITH_KNOTS('', 1, (#1241, #1242), .UNSPECIFIED., .F., .U., (2, 2), (0., 1.), .UNSPECIFIED.);
#1241 = CARTESIAN_POINT('', (-10.605, 7.76999999999999, 87.7));
#1242 = CARTESIAN_POINT('', (-10.605, 9.16, 87.7));
#1243 = ORIENTED_EDGE('', *, *, #1244, .T.);
#1244 = EDGE_CURVE('', #1238, #52, #1245, .T.);
#1245 = B_SPLINE_CURVE_WITH_KNOTS('', 1, (#1246, #1247), .UNSPECIFIED., .F., .U., (2, 2), (0.877, 1.), .UNSPECIFIED.);
#1246 = CARTESIAN_POINT('', (-10.605, 7.77, 87.7));
#1247 = CARTESIAN_POINT('', (-10.605, 7.77, 100.));
#1248 = ORIENTED_EDGE('', *, *, #51, .F.);
#1249 = ORIENTED_EDGE('', *, *, #976, .F.);
#1250 = B_SPLINE_SURFACE_WITH_KNOTS('', 1, 1, ((#1251, #1252), (#1253, #1254)), .UNSPECIFIED., .F., .F., .U., (2, 2), (2, 2), (0., 1.), (0., 1.), .UNSPECIFIED.);
#1251 = CARTESIAN_POINT('', (-10.605, 9.16, 0.));
#1252 = CARTESIAN_POINT('', (-10.605, 9.16, 100.));
#1253 = CARTESIAN_POINT('', (-10.605, 7.77, 0.));
#1254 = CARTESIAN_POINT('', (-10.605, 7.77, 100.));
#1255 = ADVANCED_FACE('', (#1256), #1442, .T.);
#1256 = FACE_OUTER_BOUND('', #1257, .T.);
#1257 = EDGE_LOOP('', (#1258, #1267, #1272, #1273, #1280, #1287, #1292, #1293, #1300, #1307, #1312, #1313, #1320, #1327, #1332, #1333, #1340, #1347, #1352, #1353, #1360, #1367, #1372, #1373, #1380, #1387, #1392, #1393, #1400, #1407, #1412, #1413, #1420, #1427, #1432, #1433, #1434, #1435, #1436, #1437));
#1258 = ORIENTED_EDGE('', *, *, #1259, .F.);
#1259 = EDGE_CURVE('', #1260, #1262, #1264, .T.);
#1260 = VERTEX_POINT('', #1261);
#1261 = CARTESIAN_POINT('', (-8.99499999999999, 6.16, 82.47));
#1262 = VERTEX_POINT('', #1263);
#1263 = CARTESIAN_POINT('', (-8.99499999999999, 6.16, 87.7));
#1264 = B_SPLINE_CURVE_WITH_KNOTS('', 1, (#1265, #1266), .UNSPECIFIED., .F., .U., (2, 2), (0., 1.), .UNSPECIFIED.);
#1265 = CARTESIAN_POINT('', (-8.995, 6.16, 82.47));
#1266 = CARTESIAN_POINT('', (-8.995, 6.16, 87.7));
#1267 = ORIENTED_EDGE('', *, *, #1268, .F.);
#1268 = EDGE_CURVE('', #1210, #1260, #1269, .T.);
#1269 = B_SPLINE_CURVE_WITH_KNOTS('', 1, (#1270, #1271), .UNSPECIFIED., .F., .U., (2, 2), (0., 1.), .UNSPECIFIED.);
#1270 = CARTESIAN_POINT('', (-10.605, 7.77, 82.47));
#1271 = CARTESIAN_POINT('', (-8.99499999999999, 6.16, 82.47));
#1272 = ORIENTED_EDGE('', *, *, #1224, .F.);
#1273 = ORIENTED_EDGE('', *, *, #1274, .F.);
#1274 = EDGE_CURVE('', #1275, #1218, #1277, .T.);
#1275 = VERTEX_POINT('', #1276);
#1276 = CARTESIAN_POINT('', (-8.99499999999999, 6.16, 77.69));
#1277 = B_SPLINE_CURVE_WITH_KNOTS('', 1, (#1278, #1279), .UNSPECIFIED., .F., .U., (2, 2), (0., 1.), .UNSPECIFIED.);
#1278 = CARTESIAN_POINT('', (-8.99499999999999, 6.16, 77.69));
#1279 = CARTESIAN_POINT('', (-10.605, 7.76999999999999, 77.69));
#1280 = ORIENTED_EDGE('', *, *, #1281, .F.);
#1281 = EDGE_CURVE('', #1282, #1275, #1284, .T.);
#1282 = VERTEX_POINT('', #1283);
#1283 = CARTESIAN_POINT('', (-8.99499999999999, 6.16, 72.46));
#1284 = B_SPLINE_CURVE_WITH_KNOTS('', 1, (#1285, #1286), .UNSPECIFIED., .F., .U., (2, 2), (0., 1.), .UNSPECIFIED.);
#1285 = CARTESIAN_POINT('', (-8.995, 6.16, 72.46));
#1286 = CARTESIAN_POINT('', (-8.995, 6.16, 77.69));
#1287 = ORIENTED_EDGE('', *, *, #1288, .F.);
#1288 = EDGE_CURVE('', #1182, #1282, #1289, .T.);
#1289 = B_SPLINE_CURVE_WITH_KNOTS('', 1, (#1290, #1291), .UNSPECIFIED., .F., .U., (2, 2), (0., 1.), .UNSPECIFIED.);
#1290 = CARTESIAN_POINT('', (-10.605, 7.77, 72.46));
#1291 = CARTESIAN_POINT('', (-8.99499999999999, 6.16, 72.46));
#1292 = ORIENTED_EDGE('', *, *, #1196, .F.);
#1293 = ORIENTED_EDGE('', *, *, #1294, .F.);
#1294 = EDGE_CURVE('', #1295, #1190, #1297, .T.);
#1295 = VERTEX_POINT('', #1296);
#1296 = CARTESIAN_POINT('', (-8.99499999999999, 6.16, 67.68));
#1297 = B_SPLINE_CURVE_WITH_KNOTS('', 1, (#1298, #1299), .UNSPECIFIED., .F., .U., (2, 2), (0., 1.), .UNSPECIFIED.);
#1298 = CARTESIAN_POINT('', (-8.99499999999999, 6.16, 67.68));
#1299 = CARTESIAN_POINT('', (-10.605, 7.76999999999999, 67.68));
#1300 = ORIENTED_EDGE('', *, *, #1301, .F.);
#1301 = EDGE_CURVE('', #1302, #1295, #1304, .T.);
#1302 = VERTEX_POINT('', #1303);
#1303 = CARTESIAN_POINT('', (-8.99500000000001, 6.16, 62.45));
#1304 = B_SPLINE_CURVE_WITH_KNOTS('', 1, (#1305, #1306), .UNSPECIFIED., .F., .U., (2, 2), (0., 1.), .UNSPECIFIED.);
#1305 = CARTESIAN_POINT('', (-8.995, 6.16, 62.45));
#1306 = CARTESIAN_POINT('', (-8.995, 6.16, 67.68));
#1307 = ORIENTED_EDGE('', *, *, #1308, .F.);
#1308 = EDGE_CURVE('', #1154, #1302, #1309, .T.);
#1309 = B_SPLINE_CURVE_WITH_KNOTS('', 1, (#1310, #1311), .UNSPECIFIED., .F., .U., (2, 2), (0., 1.), .UNSPECIFIED.);
#1310 = CARTESIAN_POINT('', (-10.605, 7.77, 62.45));
#1311 = CARTESIAN_POINT('', (-8.99500000000001, 6.16, 62.45));
#1312 = ORIENTED_EDGE('', *, *, #1168, .F.);
#1313 = ORIENTED_EDGE('', *, *, #1314, .F.);
#1314 = EDGE_CURVE('', #1315, #1162, #1317, .T.);
#1315 = VERTEX_POINT('', #1316);
#1316 = CARTESIAN_POINT('', (-8.99500000000001, 6.16, 57.67));
#1317 = B_SPLINE_CURVE_WITH_KNOTS('', 1, (#1318, #1319), .UNSPECIFIED., .F., .U., (2, 2), (0., 1.), .UNSPECIFIED.);
#1318 = CARTESIAN_POINT('', (-8.99500000000001, 6.16, 57.67));
#1319 = CARTESIAN_POINT('', (-10.605, 7.76999999999999, 57.67));
#1320 = ORIENTED_EDGE('', *, *, #1321, .F.);
#1321 = EDGE_CURVE('', #1322, #1315, #1324, .T.);
#1322 = VERTEX_POINT('', #1323);
#1323 = CARTESIAN_POINT('', (-8.99499999999999, 6.16, 52.44));
#1324 = B_SPLINE_CURVE_WITH_KNOTS('', 1, (#1325, #1326), .UNSPECIFIED., .F., .U., (2, 2), (0., 1.), .UNSPECIFIED.);
#1325 = CARTESIAN_POINT('', (-8.995, 6.16, 52.44));
#1326 = CARTESIAN_POINT('', (-8.995, 6.16, 57.67));
#1327 = ORIENTED_EDGE('', *, *, #1328, .F.);
#1328 = EDGE_CURVE('', #1126, #1322, #1329, .T.);
#1329 = B_SPLINE_CURVE_WITH_KNOTS('', 1, (#1330, #1331), .UNSPECIFIED., .F., .U., (2, 2), (0., 1.), .UNSPECIFIED.);
#1330 = CARTESIAN_POINT('', (-10.605, 7.77, 52.44));
#1331 = CARTESIAN_POINT('', (-8.99499999999999, 6.16, 52.44));
#1332 = ORIENTED_EDGE('', *, *, #1140, .F.);
#1333 = ORIENTED_EDGE('', *, *, #1334, .F.);
#1334 = EDGE_CURVE('', #1335, #1134, #1337, .T.);
#1335 = VERTEX_POINT('', #1336);
#1336 = CARTESIAN_POINT('', (-8.99499999999999, 6.16, 47.66));
#1337 = B_SPLINE_CURVE_WITH_KNOTS('', 1, (#1338, #1339), .UNSPECIFIED., .F., .U., (2, 2), (0., 1.), .UNSPECIFIED.);
#1338 = CARTESIAN_POINT('', (-8.99499999999999, 6.16, 47.66));
#1339 = CARTESIAN_POINT('', (-10.605, 7.76999999999999, 47.66));
#1340 = ORIENTED_EDGE('', *, *, #1341, .F.);
#1341 = EDGE_CURVE('', #1342, #1335, #1344, .T.);
#1342 = VERTEX_POINT('', #1343);
#1343 = CARTESIAN_POINT('', (-8.99500000000001, 6.16, 42.43));
#1344 = B_SPLINE_CURVE_WITH_KNOTS('', 1, (#1345, #1346), .UNSPECIFIED., .F., .U., (2, 2), (0., 1.), .UNSPECIFIED.);
#1345 = CARTESIAN_POINT('', (-8.995, 6.16, 42.43));
#1346 = CARTESIAN_POINT('', (-8.995, 6.16, 47.66));
#1347 = ORIENTED_EDGE('', *, *, #1348, .F.);
#1348 = EDGE_CURVE('', #1098, #1342, #1349, .T.);
#1349 = B_SPLINE_CURVE_WITH_KNOTS('', 1, (#1350, #1351), .UNSPECIFIED., .F., .U., (2, 2), (0., 1.), .UNSPECIFIED.);
#1350 = CARTESIAN_POINT('', (-10.605, 7.77, 42.43));
#1351 = CARTESIAN_POINT('', (-8.99500000000001, 6.16, 42.43));
#1352 = ORIENTED_EDGE('', *, *, #1112, .F.);
#1353 = ORIENTED_EDGE('', *, *, #1354, .F.);
#1354 = EDGE_CURVE('', #1355, #1106, #1357, .T.);
#1355 = VERTEX_POINT('', #1356);
#1356 = CARTESIAN_POINT('', (-8.99500000000001, 6.16, 37.65));
#1357 = B_SPLINE_CURVE_WITH_KNOTS('', 1, (#1358, #1359), .UNSPECIFIED., .F., .U., (2, 2), (0., 1.), .UNSPECIFIED.);
#1358 = CARTESIAN_POINT('', (-8.99500000000001, 6.16, 37.65));
#1359 = CARTESIAN_POINT('', (-10.605, 7.76999999999999, 37.65));
#1360 = ORIENTED_EDGE('', *, *, #1361, .F.);
#1361 = EDGE_CURVE('', #1362, #1355, #1364, .T.);
#1362 = VERTEX_POINT('', #1363);
#1363 = CARTESIAN_POINT('', (-8.99500000000001, 6.16, 32.42));
#1364 = B_SPLINE_CURVE_WITH_KNOTS('', 1, (#1365, #1366), .UNSPECIFIED., .F., .U., (2, 2), (0., 1.), .UNSPECIFIED.);
#1365 = CARTESIAN_POINT('', (-8.995, 6.16, 32.42));
#1366 = CARTESIAN_POINT('', (-8.995, 6.16, 37.65));
#1367 = ORIENTED_EDGE('', *, *, #1368, .F.);
#1368 = EDGE_CURVE('', #1070, #1362, #1369, .T.);
#1369 = B_SPLINE_CURVE_WITH_KNOTS('', 1, (#1370, #1371), .UNSPECIFIED., .F., .U., (2, 2), (0., 1.), .UNSPECIFIED.);
#1370 = CARTESIAN_POINT('', (-10.605, 7.77, 32.42));
#1371 = CARTESIAN_POINT('', (-8.99500000000001, 6.16, 32.42));
#1372 = ORIENTED_EDGE('', *, *, #1084, .F.);
#1373 = ORIENTED_EDGE('', *, *, #1374, .F.);
#1374 = EDGE_CURVE('', #1375, #1078, #1377, .T.);
#1375 = VERTEX_POINT('', #1376);
#1376 = CARTESIAN_POINT('', (-8.99499999999999, 6.16, 27.64));
#1377 = B_SPLINE_CURVE_WITH_KNOTS('', 1, (#1378, #1379), .UNSPECIFIED., .F., .U., (2, 2), (0., 1.), .UNSPECIFIED.);
#1378 = CARTESIAN_POINT('', (-8.99499999999999, 6.16, 27.64));
#1379 = CARTESIAN_POINT('', (-10.605, 7.76999999999999, 27.64));
#1380 = ORIENTED_EDGE('', *, *, #1381, .F.);
#1381 = EDGE_CURVE('', #1382, #1375, #1384, .T.);
#1382 = VERTEX_POINT('', #1383);
#1383 = CARTESIAN_POINT('', (-8.99499999999999, 6.16, 22.41));
#1384 = B_SPLINE_CURVE_WITH_KNOTS('', 1, (#1385, #1386), .UNSPECIFIED., .F., .U., (2, 2), (0., 1.), .UNSPECIFIED.);
#1385 = CARTESIAN_POINT('', (-8.995, 6.16, 22.41));
#1386 = CARTESIAN_POINT('', (-8.995, 6.16, 27.64));
#1387 = ORIENTED_EDGE('', *, *, #1388, .F.);
#1388 = EDGE_CURVE('', #1042, #1382, #1389, .T.);
#1389 = B_SPLINE_CURVE_WITH_KNOTS('', 1, (#1390, #1391), .UNSPECIFIED., .F., .U., (2, 2), (0., 1.), .UNSPECIFIED.);
#1390 = CARTESIAN_POINT('', (-10.605, 7.77, 22.41));
#1391 = CARTESIAN_POINT('', (-8.99499999999999, 6.16, 22.41));
#1392 = ORIENTED_EDGE('', *, *, #1056, .F.);
#1393 = ORIENTED_EDGE('', *, *, #1394, .F.);
#1394 = EDGE_CURVE('', #1395, #1050, #1397, .T.);
#1395 = VERTEX_POINT('', #1396);
#1396 = CARTESIAN_POINT('', (-8.99500000000001, 6.16, 17.63));
#1397 = B_SPLINE_CURVE_WITH_KNOTS('', 1, (#1398, #1399), .UNSPECIFIED., .F., .U., (2, 2), (0., 1.), .UNSPECIFIED.);
#1398 = CARTESIAN_POINT('', (-8.99500000000001, 6.16, 17.63));
#1399 = CARTESIAN_POINT('', (-10.605, 7.76999999999999, 17.63));
#1400 = ORIENTED_EDGE('', *, *, #1401, .F.);
#1401 = EDGE_CURVE('', #1402, #1395, #1404, .T.);
#1402 = VERTEX_POINT('', #1403);
#1403 = CARTESIAN_POINT('', (-8.99500000000001, 6.16, 12.4));
#1404 = B_SPLINE_CURVE_WITH_KNOTS('', 1, (#1405, #1406), .UNSPECIFIED., .F., .U., (2, 2), (0., 1.), .UNSPECIFIED.);
#1405 = CARTESIAN_POINT('', (-8.995, 6.16, 12.4));
#1406 = CARTESIAN_POINT('', (-8.995, 6.16, 17.63));
#1407 = ORIENTED_EDGE('', *, *, #1408, .F.);
#1408 = EDGE_CURVE('', #1014, #1402, #1409, .T.);
#1409 = B_SPLINE_CURVE_WITH_KNOTS('', 1, (#1410, #1411), .UNSPECIFIED., .F., .U., (2, 2), (0., 1.), .UNSPECIFIED.);
#1410 = CARTESIAN_POINT('', (-10.605, 7.77, 12.4));
#1411 = CARTESIAN_POINT('', (-8.99500000000001, 6.16, 12.4));
#1412 = ORIENTED_EDGE('', *, *, #1028, .F.);
#1413 = ORIENTED_EDGE('', *, *, #1414, .F.);
#1414 = EDGE_CURVE('', #1415, #1022, #1417, .T.);
#1415 = VERTEX_POINT('', #1416);
#1416 = CARTESIAN_POINT('', (-8.99499999999999, 6.16, 7.62));
#1417 = B_SPLINE_CURVE_WITH_KNOTS('', 1, (#1418, #1419), .UNSPECIFIED., .F., .U., (2, 2), (0., 1.), .UNSPECIFIED.);
#1418 = CARTESIAN_POINT('', (-8.99499999999999, 6.16, 7.62));
#1419 = CARTESIAN_POINT('', (-10.605, 7.76999999999999, 7.62));
#1420 = ORIENTED_EDGE('', *, *, #1421, .F.);
#1421 = EDGE_CURVE('', #1422, #1415, #1424, .T.);
#1422 = VERTEX_POINT('', #1423);
#1423 = CARTESIAN_POINT('', (-8.99499999999999, 6.16, 2.39));
#1424 = B_SPLINE_CURVE_WITH_KNOTS('', 1, (#1425, #1426), .UNSPECIFIED., .F., .U., (2, 2), (0., 1.), .UNSPECIFIED.);
#1425 = CARTESIAN_POINT('', (-8.995, 6.16, 2.39));
#1426 = CARTESIAN_POINT('', (-8.995, 6.16, 7.62));
#1427 = ORIENTED_EDGE('', *, *, #1428, .F.);
#1428 = EDGE_CURVE('', #992, #1422, #1429, .T.);
#1429 = B_SPLINE_CURVE_WITH_KNOTS('', 1, (#1430, #1431), .UNSPECIFIED., .F., .U., (2, 2), (0., 1.), .UNSPECIFIED.);
#1430 = CARTESIAN_POINT('', (-10.605, 7.77, 2.39));
#1431 = CARTESIAN_POINT('', (-8.99499999999999, 6.16, 2.39));
#1432 = ORIENTED_EDGE('', *, *, #1000, .F.);
#1433 = ORIENTED_EDGE('', *, *, #80, .T.);
#1434 = ORIENTED_EDGE('', *, *, #135, .T.);
#1435 = ORIENTED_EDGE('', *, *, #58, .F.);
#1436 = ORIENTED_EDGE('', *, *, #1244, .F.);
#1437 = ORIENTED_EDGE('', *, *, #1438, .F.);
#1438 = EDGE_CURVE('', #1262, #1238, #1439, .T.);
#1439 = B_SPLINE_CURVE_WITH_KNOTS('', 1, (#1440, #1441), .UNSPECIFIED., .F., .U., (2, 2), (0., 1.), .UNSPECIFIED.);
#1440 = CARTESIAN_POINT('', (-8.99499999999999, 6.16, 87.7));
#1441 = CARTESIAN_POINT('', (-10.605, 7.76999999999999, 87.7));
#1442 = B_SPLINE_SURFACE_WITH_KNOTS('', 1, 1, ((#1443, #1444), (#1445, #1446)), .UNSPECIFIED., .F., .F., .U., (2, 2), (2, 2), (0., 1.), (0., 1.), .UNSPECIFIED.);
#1443 = CARTESIAN_POINT('', (-10.605, 7.77, 0.));
#1444 = CARTESIAN_POINT('', (-10.605, 7.77, 100.));
#1445 = CARTESIAN_POINT('', (-7.835, 5., 0.));
#1446 = CARTESIAN_POINT('', (-7.835, 5., 100.));
#1447 = ADVANCED_FACE('', (#1448), #1460, .F.);
#1448 = FACE_OUTER_BOUND('', #1449, .F.);
#1449 = EDGE_LOOP('', (#1450, #1451, #1452, #1453, #1454, #1455));
#1450 = ORIENTED_EDGE('', *, *, #1428, .F.);
#1451 = ORIENTED_EDGE('', *, *, #991, .F.);
#1452 = ORIENTED_EDGE('', *, *, #723, .F.);
#1453 = ORIENTED_EDGE('', *, *, #455, .F.);
#1454 = ORIENTED_EDGE('', *, *, #218, .F.);
#1455 = ORIENTED_EDGE('', *, *, #1456, .F.);
#1456 = EDGE_CURVE('', #1422, #219, #1457, .T.);
#1457 = B_SPLINE_CURVE_WITH_KNOTS('', 1, (#1458, #1459), .UNSPECIFIED., .F., .U., (2, 2), (3.61000000000001, 21.6), .UNSPECIFIED.);
#1458 = CARTESIAN_POINT('', (-8.99499999999999, 6.16, 2.39));
#1459 = CARTESIAN_POINT('', (8.99499999999999, 6.16, 2.39));
#1460 = B_SPLINE_SURFACE_WITH_KNOTS('', 1, 1, ((#1461, #1462), (#1463, #1464)), .UNSPECIFIED., .F., .F., .U., (2, 2), (2, 2), (0., 3.), (0., 25.21), .UNSPECIFIED.);
#1461 = CARTESIAN_POINT('', (-12.605, 6.16, 2.39));
#1462 = CARTESIAN_POINT('', (12.605, 6.16, 2.39));
#1463 = CARTESIAN_POINT('', (-12.605, 9.16, 2.39));
#1464 = CARTESIAN_POINT('', (12.605, 9.16, 2.39));
#1465 = ADVANCED_FACE('', (#1466), #1476, .F.);
#1466 = FACE_OUTER_BOUND('', #1467, .F.);
#1467 = EDGE_LOOP('', (#1468, #1469, #1470, #1471));
#1468 = ORIENTED_EDGE('', *, *, #1421, .F.);
#1469 = ORIENTED_EDGE('', *, *, #1456, .T.);
#1470 = ORIENTED_EDGE('', *, *, #225, .F.);
#1471 = ORIENTED_EDGE('', *, *, #1472, .F.);
#1472 = EDGE_CURVE('', #1415, #226, #1473, .T.);
#1473 = B_SPLINE_CURVE_WITH_KNOTS('', 1, (#1474, #1475), .UNSPECIFIED., .F., .U., (2, 2), (3.61000000000001, 21.6), .UNSPECIFIED.);
#1474 = CARTESIAN_POINT('', (-8.99499999999999, 6.16, 7.62));
#1475 = CARTESIAN_POINT('', (8.99499999999999, 6.16, 7.62));
#1476 = B_SPLINE_SURFACE_WITH_KNOTS('', 1, 1, ((#1477, #1478), (#1479, #1480)), .UNSPECIFIED., .F., .F., .U., (2, 2), (2, 2), (0., 25.21), (0., 5.23), .UNSPECIFIED.);
#1477 = CARTESIAN_POINT('', (-12.605, 6.16, 2.39));
#1478 = CARTESIAN_POINT('', (-12.605, 6.16, 7.62));
#1479 = CARTESIAN_POINT('', (12.605, 6.16, 2.39));
#1480 = CARTESIAN_POINT('', (12.605, 6.16, 7.62));
#1481 = ADVANCED_FACE('', (#1482), #1490, .F.);
#1482 = FACE_OUTER_BOUND('', #1483, .F.);
#1483 = EDGE_LOOP('', (#1484, #1485, #1486, #1487, #1488, #1489));
#1484 = ORIENTED_EDGE('', *, *, #1414, .F.);
#1485 = ORIENTED_EDGE('', *, *, #1472, .T.);
#1486 = ORIENTED_EDGE('', *, *, #232, .F.);
#1487 = ORIENTED_EDGE('', *, *, #485, .F.);
#1488 = ORIENTED_EDGE('', *, *, #753, .F.);
#1489 = ORIENTED_EDGE('', *, *, #1021, .F.);
#1490 = B_SPLINE_SURFACE_WITH_KNOTS('', 1, 1, ((#1491, #1492), (#1493, #1494)), .UNSPECIFIED., .F., .F., .U., (2, 2), (2, 2), (0., 25.21), (0., 3.), .UNSPECIFIED.);
#1491 = CARTESIAN_POINT('', (-12.605, 6.16, 7.62));
#1492 = CARTESIAN_POINT('', (-12.605, 9.16, 7.62));
#1493 = CARTESIAN_POINT('', (12.605, 6.16, 7.62));
#1494 = CARTESIAN_POINT('', (12.605, 9.16, 7.62));
#1495 = ADVANCED_FACE('', (#1496), #1508, .F.);
#1496 = FACE_OUTER_BOUND('', #1497, .F.);
#1497 = EDGE_LOOP('', (#1498, #1499, #1500, #1501, #1502, #1503));
#1498 = ORIENTED_EDGE('', *, *, #1408, .F.);
#1499 = ORIENTED_EDGE('', *, *, #1013, .F.);
#1500 = ORIENTED_EDGE('', *, *, #745, .F.);
#1501 = ORIENTED_EDGE('', *, *, #477, .F.);
#1502 = ORIENTED_EDGE('', *, *, #246, .F.);
#1503 = ORIENTED_EDGE('', *, *, #1504, .F.);
#1504 = EDGE_CURVE('', #1402, #247, #1505, .T.);
#1505 = B_SPLINE_CURVE_WITH_KNOTS('', 1, (#1506, #1507), .UNSPECIFIED., .F., .U., (2, 2), (3.60999999999999, 21.6), .UNSPECIFIED.);
#1506 = CARTESIAN_POINT('', (-8.99500000000001, 6.16, 12.4));
#1507 = CARTESIAN_POINT('', (8.99499999999999, 6.16, 12.4));
#1508 = B_SPLINE_SURFACE_WITH_KNOTS('', 1, 1, ((#1509, #1510), (#1511, #1512)), .UNSPECIFIED., .F., .F., .U., (2, 2), (2, 2), (0., 3.), (0., 25.21), .UNSPECIFIED.);
#1509 = CARTESIAN_POINT('', (-12.605, 6.16, 12.4));
#1510 = CARTESIAN_POINT('', (12.605, 6.16, 12.4));
#1511 = CARTESIAN_POINT('', (-12.605, 9.16, 12.4));
#1512 = CARTESIAN_POINT('', (12.605, 9.16, 12.4));
#1513 = ADVANCED_FACE('', (#1514), #1524, .F.);
#1514 = FACE_OUTER_BOUND('', #1515, .F.);
#1515 = EDGE_LOOP('', (#1516, #1517, #1518, #1519));
#1516 = ORIENTED_EDGE('', *, *, #1401, .F.);
#1517 = ORIENTED_EDGE('', *, *, #1504, .T.);
#1518 = ORIENTED_EDGE('', *, *, #253, .F.);
#1519 = ORIENTED_EDGE('', *, *, #1520, .F.);
#1520 = EDGE_CURVE('', #1395, #254, #1521, .T.);
#1521 = B_SPLINE_CURVE_WITH_KNOTS('', 1, (#1522, #1523), .UNSPECIFIED., .F., .U., (2, 2), (3.60999999999999, 21.6), .UNSPECIFIED.);
#1522 = CARTESIAN_POINT('', (-8.99500000000001, 6.16, 17.63));
#1523 = CARTESIAN_POINT('', (8.99500000000001, 6.16, 17.63));
#1524 = B_SPLINE_SURFACE_WITH_KNOTS('', 1, 1, ((#1525, #1526), (#1527, #1528)), .UNSPECIFIED., .F., .F., .U., (2, 2), (2, 2), (0., 25.21), (0., 5.23), .UNSPECIFIED.);
#1525 = CARTESIAN_POINT('', (-12.605, 6.16, 12.4));
#1526 = CARTESIAN_POINT('', (-12.605, 6.16, 17.63));
#1527 = CARTESIAN_POINT('', (12.605, 6.16, 12.4));
#1528 = CARTESIAN_POINT('', (12.605, 6.16, 17.63));
#1529 = ADVANCED_FACE('', (#1530), #1538, .F.);
#1530 = FACE_OUTER_BOUND('', #1531, .F.);
#1531 = EDGE_LOOP('', (#1532, #1533, #1534, #1535, #1536, #1537));
#1532 = ORIENTED_EDGE('', *, *, #1394, .F.);
#1533 = ORIENTED_EDGE('', *, *, #1520, .T.);
#1534 = ORIENTED_EDGE('', *, *, #260, .F.);
#1535 = ORIENTED_EDGE('', *, *, #513, .F.);
#1536 = ORIENTED_EDGE('', *, *, #781, .F.);
#1537 = ORIENTED_EDGE('', *, *, #1049, .F.);
#1538 = B_SPLINE_SURFACE_WITH_KNOTS('', 1, 1, ((#1539, #1540), (#1541, #1542)), .UNSPECIFIED., .F., .F., .U., (2, 2), (2, 2), (0., 25.21), (0., 3.), .UNSPECIFIED.);
#1539 = CARTESIAN_POINT('', (-12.605, 6.16, 17.63));
#1540 = CARTESIAN_POINT('', (-12.605, 9.16, 17.63));
#1541 = CARTESIAN_POINT('', (12.605, 6.16, 17.63));
#1542 = CARTESIAN_POINT('', (12.605, 9.16, 17.63));
#1543 = ADVANCED_FACE('', (#1544), #1556, .F.);
#1544 = FACE_OUTER_BOUND('', #1545, .F.);
#1545 = EDGE_LOOP('', (#1546, #1547, #1548, #1549, #1550, #1551));
#1546 = ORIENTED_EDGE('', *, *, #1388, .F.);
#1547 = ORIENTED_EDGE('', *, *, #1041, .F.);
#1548 = ORIENTED_EDGE('', *, *, #773, .F.);
#1549 = ORIENTED_EDGE('', *, *, #505, .F.);
#1550 = ORIENTED_EDGE('', *, *, #274, .F.);
#1551 = ORIENTED_EDGE('', *, *, #1552, .F.);
#1552 = EDGE_CURVE('', #1382, #275, #1553, .T.);
#1553 = B_SPLINE_CURVE_WITH_KNOTS('', 1, (#1554, #1555), .UNSPECIFIED., .F., .U., (2, 2), (3.61000000000001, 21.6), .UNSPECIFIED.);
#1554 = CARTESIAN_POINT('', (-8.99499999999999, 6.16, 22.41));
#1555 = CARTESIAN_POINT('', (8.99499999999999, 6.16, 22.41));
#1556 = B_SPLINE_SURFACE_WITH_KNOTS('', 1, 1, ((#1557, #1558), (#1559, #1560)), .UNSPECIFIED., .F., .F., .U., (2, 2), (2, 2), (0., 3.), (0., 25.21), .UNSPECIFIED.);
#1557 = CARTESIAN_POINT('', (-12.605, 6.16, 22.41));
#1558 = CARTESIAN_POINT('', (12.605, 6.16, 22.41));
#1559 = CARTESIAN_POINT('', (-12.605, 9.16, 22.41));
#1560 = CARTESIAN_POINT('', (12.605, 9.16, 22.41));
#1561 = ADVANCED_FACE('', (#1562), #1572, .F.);
#1562 = FACE_OUTER_BOUND('', #1563, .F.);
#1563 = EDGE_LOOP('', (#1564, #1565, #1566, #1567));
#1564 = ORIENTED_EDGE('', *, *, #1381, .F.);
#1565 = ORIENTED_EDGE('', *, *, #1552, .T.);
#1566 = ORIENTED_EDGE('', *, *, #281, .F.);
#1567 = ORIENTED_EDGE('', *, *, #1568, .F.);
#1568 = EDGE_CURVE('', #1375, #282, #1569, .T.);
#1569 = B_SPLINE_CURVE_WITH_KNOTS('', 1, (#1570, #1571), .UNSPECIFIED., .F., .U., (2, 2), (3.61000000000001, 21.6), .UNSPECIFIED.);
#1570 = CARTESIAN_POINT('', (-8.99499999999999, 6.16, 27.64));
#1571 = CARTESIAN_POINT('', (8.99499999999999, 6.16, 27.64));
#1572 = B_SPLINE_SURFACE_WITH_KNOTS('', 1, 1, ((#1573, #1574), (#1575, #1576)), .UNSPECIFIED., .F., .F., .U., (2, 2), (2, 2), (0., 25.21), (0., 5.23), .UNSPECIFIED.);
#1573 = CARTESIAN_POINT('', (-12.605, 6.16, 22.41));
#1574 = CARTESIAN_POINT('', (-12.605, 6.16, 27.64));
#1575 = CARTESIAN_POINT('', (12.605, 6.16, 22.41));
#1576 = CARTESIAN_POINT('', (12.605, 6.16, 27.64));
#1577 = ADVANCED_FACE('', (#1578), #1586, .F.);
#1578 = FACE_OUTER_BOUND('', #1579, .F.);
#1579 = EDGE_LOOP('', (#1580, #1581, #1582, #1583, #1584, #1585));
#1580 = ORIENTED_EDGE('', *, *, #1374, .F.);
#1581 = ORIENTED_EDGE('', *, *, #1568, .T.);
#1582 = ORIENTED_EDGE('', *, *, #288, .F.);
#1583 = ORIENTED_EDGE('', *, *, #541, .F.);
#1584 = ORIENTED_EDGE('', *, *, #809, .F.);
#1585 = ORIENTED_EDGE('', *, *, #1077, .F.);
#1586 = B_SPLINE_SURFACE_WITH_KNOTS('', 1, 1, ((#1587, #1588), (#1589, #1590)), .UNSPECIFIED., .F., .F., .U., (2, 2), (2, 2), (0., 25.21), (0., 3.), .UNSPECIFIED.);
#1587 = CARTESIAN_POINT('', (-12.605, 6.16, 27.64));
#1588 = CARTESIAN_POINT('', (-12.605, 9.16, 27.64));
#1589 = CARTESIAN_POINT('', (12.605, 6.16, 27.64));
#1590 = CARTESIAN_POINT('', (12.605, 9.16, 27.64));
#1591 = ADVANCED_FACE('', (#1592), #1604, .F.);
#1592 = FACE_OUTER_BOUND('', #1593, .F.);
#1593 = EDGE_LOOP('', (#1594, #1595, #1596, #1597, #1598, #1599));
#1594 = ORIENTED_EDGE('', *, *, #1368, .F.);
#1595 = ORIENTED_EDGE('', *, *, #1069, .F.);
#1596 = ORIENTED_EDGE('', *, *, #801, .F.);
#1597 = ORIENTED_EDGE('', *, *, #533, .F.);
#1598 = ORIENTED_EDGE('', *, *, #302, .F.);
#1599 = ORIENTED_EDGE('', *, *, #1600, .F.);
#1600 = EDGE_CURVE('', #1362, #303, #1601, .T.);
#1601 = B_SPLINE_CURVE_WITH_KNOTS('', 1, (#1602, #1603), .UNSPECIFIED., .F., .U., (2, 2), (3.60999999999999, 21.6), .UNSPECIFIED.);
#1602 = CARTESIAN_POINT('', (-8.99500000000001, 6.16, 32.42));
#1603 = CARTESIAN_POINT('', (8.99499999999999, 6.16, 32.42));
#1604 = B_SPLINE_SURFACE_WITH_KNOTS('', 1, 1, ((#1605, #1606), (#1607, #1608)), .UNSPECIFIED., .F., .F., .U., (2, 2), (2, 2), (0., 3.), (0., 25.21), .UNSPECIFIED.);
#1605 = CARTESIAN_POINT('', (-12.605, 6.16, 32.42));
#1606 = CARTESIAN_POINT('', (12.605, 6.16, 32.42));
#1607 = CARTESIAN_POINT('', (-12.605, 9.16, 32.42));
#1608 = CARTESIAN_POINT('', (12.605, 9.16, 32.42));
#1609 = ADVANCED_FACE('', (#1610), #1620, .F.);
#1610 = FACE_OUTER_BOUND('', #1611, .F.);
#1611 = EDGE_LOOP('', (#1612, #1613, #1614, #1615));
#1612 = ORIENTED_EDGE('', *, *, #1361, .F.);
#1613 = ORIENTED_EDGE('', *, *, #1600, .T.);
#1614 = ORIENTED_EDGE('', *, *, #309, .F.);
#1615 = ORIENTED_EDGE('', *, *, #1616, .F.);
#1616 = EDGE_CURVE('', #1355, #310, #1617, .T.);
#1617 = B_SPLINE_CURVE_WITH_KNOTS('', 1, (#1618, #1619), .UNSPECIFIED., .F., .U., (2, 2), (3.60999999999999, 21.6), .UNSPECIFIED.);
#1618 = CARTESIAN_POINT('', (-8.99500000000001, 6.16, 37.65));
#1619 = CARTESIAN_POINT('', (8.99500000000001, 6.16, 37.65));
#1620 = B_SPLINE_SURFACE_WITH_KNOTS('', 1, 1, ((#1621, #1622), (#1623, #1624)), .UNSPECIFIED., .F., .F., .U., (2, 2), (2, 2), (0., 25.21), (0., 5.23), .UNSPECIFIED.);
#1621 = CARTESIAN_POINT('', (-12.605, 6.16, 32.42));
#1622 = CARTESIAN_POINT('', (-12.605, 6.16, 37.65));
#1623 = CARTESIAN_POINT('', (12.605, 6.16, 32.42));
#1624 = CARTESIAN_POINT('', (12.605, 6.16, 37.65));
#1625 = ADVANCED_FACE('', (#1626), #1634, .F.);
#1626 = FACE_OUTER_BOUND('', #1627, .F.);
#1627 = EDGE_LOOP('', (#1628, #1629, #1630, #1631, #1632, #1633));
#1628 = ORIENTED_EDGE('', *, *, #1354, .F.);
#1629 = ORIENTED_EDGE('', *, *, #1616, .T.);
#1630 = ORIENTED_EDGE('', *, *, #316, .F.);
#1631 = ORIENTED_EDGE('', *, *, #569, .F.);
#1632 = ORIENTED_EDGE('', *, *, #837, .F.);
#1633 = ORIENTED_EDGE('', *, *, #1105, .F.);
#1634 = B_SPLINE_SURFACE_WITH_KNOTS('', 1, 1, ((#1635, #1636), (#1637, #1638)), .UNSPECIFIED., .F., .F., .U., (2, 2), (2, 2), (0., 25.21), (0., 3.), .UNSPECIFIED.);
#1635 = CARTESIAN_POINT('', (-12.605, 6.16, 37.65));
#1636 = CARTESIAN_POINT('', (-12.605, 9.16, 37.65));
#1637 = CARTESIAN_POINT('', (12.605, 6.16, 37.65));
#1638 = CARTESIAN_POINT('', (12.605, 9.16, 37.65));
#1639 = ADVANCED_FACE('', (#1640), #1652, .F.);
#1640 = FACE_OUTER_BOUND('', #1641, .F.);
#1641 = EDGE_LOOP('', (#1642, #1643, #1644, #1645, #1646, #1647));
#1642 = ORIENTED_EDGE('', *, *, #1348, .F.);
#1643 = ORIENTED_EDGE('', *, *, #1097, .F.);
#1644 = ORIENTED_EDGE('', *, *, #829, .F.);
#1645 = ORIENTED_EDGE('', *, *, #561, .F.);
#1646 = ORIENTED_EDGE('', *, *, #330, .F.);
#1647 = ORIENTED_EDGE('', *, *, #1648, .F.);
#1648 = EDGE_CURVE('', #1342, #331, #1649, .T.);
#1649 = B_SPLINE_CURVE_WITH_KNOTS('', 1, (#1650, #1651), .UNSPECIFIED., .F., .U., (2, 2), (3.60999999999999, 21.6), .UNSPECIFIED.);
#1650 = CARTESIAN_POINT('', (-8.99500000000001, 6.16, 42.43));
#1651 = CARTESIAN_POINT('', (8.99500000000001, 6.16, 42.43));
#1652 = B_SPLINE_SURFACE_WITH_KNOTS('', 1, 1, ((#1653, #1654), (#1655, #1656)), .UNSPECIFIED., .F., .F., .U., (2, 2), (2, 2), (0., 3.), (0., 25.21), .UNSPECIFIED.);
#1653 = CARTESIAN_POINT('', (-12.605, 6.16, 42.43));
#1654 = CARTESIAN_POINT('', (12.605, 6.16, 42.43));
#1655 = CARTESIAN_POINT('', (-12.605, 9.16, 42.43));
#1656 = CARTESIAN_POINT('', (12.605, 9.16, 42.43));
#1657 = ADVANCED_FACE('', (#1658), #1668, .F.);
#1658 = FACE_OUTER_BOUND('', #1659, .F.);
#1659 = EDGE_LOOP('', (#1660, #1661, #1662, #1663));
#1660 = ORIENTED_EDGE('', *, *, #1341, .F.);
#1661 = ORIENTED_EDGE('', *, *, #1648, .T.);
#1662 = ORIENTED_EDGE('', *, *, #337, .F.);
#1663 = ORIENTED_EDGE('', *, *, #1664, .F.);
#1664 = EDGE_CURVE('', #1335, #338, #1665, .T.);
#1665 = B_SPLINE_CURVE_WITH_KNOTS('', 1, (#1666, #1667), .UNSPECIFIED., .F., .U., (2, 2), (3.61000000000001, 21.6), .UNSPECIFIED.);
#1666 = CARTESIAN_POINT('', (-8.99499999999999, 6.16, 47.66));
#1667 = CARTESIAN_POINT('', (8.99499999999999, 6.16, 47.66));
#1668 = B_SPLINE_SURFACE_WITH_KNOTS('', 1, 1, ((#1669, #1670), (#1671, #1672)), .UNSPECIFIED., .F., .F., .U., (2, 2), (2, 2), (0., 25.21), (0., 5.23), .UNSPECIFIED.);
#1669 = CARTESIAN_POINT('', (-12.605, 6.16, 42.43));
#1670 = CARTESIAN_POINT('', (-12.605, 6.16, 47.66));
#1671 = CARTESIAN_POINT('', (12.605, 6.16, 42.43));
#1672 = CARTESIAN_POINT('', (12.605, 6.16, 47.66));
#1673 = ADVANCED_FACE('', (#1674), #1682, .F.);
#1674 = FACE_OUTER_BOUND('', #1675, .F.);
#1675 = EDGE_LOOP('', (#1676, #1677, #1678, #1679, #1680, #1681));
#1676 = ORIENTED_EDGE('', *, *, #1334, .F.);
#1677 = ORIENTED_EDGE('', *, *, #1664, .T.);
#1678 = ORIENTED_EDGE('', *, *, #344, .F.);
#1679 = ORIENTED_EDGE('', *, *, #597, .F.);
#1680 = ORIENTED_EDGE('', *, *, #865, .F.);
#1681 = ORIENTED_EDGE('', *, *, #1133, .F.);
#1682 = B_SPLINE_SURFACE_WITH_KNOTS('', 1, 1, ((#1683, #1684), (#1685, #1686)), .UNSPECIFIED., .F., .F., .U., (2, 2), (2, 2), (0., 25.21), (0., 3.), .UNSPECIFIED.);
#1683 = CARTESIAN_POINT('', (-12.605, 6.16, 47.66));
#1684 = CARTESIAN_POINT('', (-12.605, 9.16, 47.66));
#1685 = CARTESIAN_POINT('', (12.605, 6.16, 47.66));
#1686 = CARTESIAN_POINT('', (12.605, 9.16, 47.66));
#1687 = ADVANCED_FACE('', (#1688), #1700, .F.);
#1688 = FACE_OUTER_BOUND('', #1689, .F.);
#1689 = EDGE_LOOP('', (#1690, #1691, #1692, #1693, #1694, #1695));
#1690 = ORIENTED_EDGE('', *, *, #1328, .F.);
#1691 = ORIENTED_EDGE('', *, *, #1125, .F.);
#1692 = ORIENTED_EDGE('', *, *, #857, .F.);
#1693 = ORIENTED_EDGE('', *, *, #589, .F.);
#1694 = ORIENTED_EDGE('', *, *, #358, .F.);
#1695 = ORIENTED_EDGE('', *, *, #1696, .F.);
#1696 = EDGE_CURVE('', #1322, #359, #1697, .T.);
#1697 = B_SPLINE_CURVE_WITH_KNOTS('', 1, (#1698, #1699), .UNSPECIFIED., .F., .U., (2, 2), (3.61000000000001, 21.6), .UNSPECIFIED.);
#1698 = CARTESIAN_POINT('', (-8.99499999999999, 6.16, 52.44));
#1699 = CARTESIAN_POINT('', (8.99499999999999, 6.16, 52.44));
#1700 = B_SPLINE_SURFACE_WITH_KNOTS('', 1, 1, ((#1701, #1702), (#1703, #1704)), .UNSPECIFIED., .F., .F., .U., (2, 2), (2, 2), (0., 3.), (0., 25.21), .UNSPECIFIED.);
#1701 = CARTESIAN_POINT('', (-12.605, 6.16, 52.44));
#1702 = CARTESIAN_POINT('', (12.605, 6.16, 52.44));
#1703 = CARTESIAN_POINT('', (-12.605, 9.16, 52.44));
#1704 = CARTESIAN_POINT('', (12.605, 9.16, 52.44));
#1705 = ADVANCED_FACE('', (#1706), #1716, .F.);
#1706 = FACE_OUTER_BOUND('', #1707, .F.);
#1707 = EDGE_LOOP('', (#1708, #1709, #1710, #1711));
#1708 = ORIENTED_EDGE('', *, *, #1321, .F.);
#1709 = ORIENTED_EDGE('', *, *, #1696, .T.);
#1710 = ORIENTED_EDGE('', *, *, #365, .F.);
#1711 = ORIENTED_EDGE('', *, *, #1712, .F.);
#1712 = EDGE_CURVE('', #1315, #366, #1713, .T.);
#1713 = B_SPLINE_CURVE_WITH_KNOTS('', 1, (#1714, #1715), .UNSPECIFIED., .F., .U., (2, 2), (3.60999999999999, 21.6), .UNSPECIFIED.);
#1714 = CARTESIAN_POINT('', (-8.99500000000001, 6.16, 57.67));
#1715 = CARTESIAN_POINT('', (8.99500000000001, 6.16, 57.67));
#1716 = B_SPLINE_SURFACE_WITH_KNOTS('', 1, 1, ((#1717, #1718), (#1719, #1720)), .UNSPECIFIED., .F., .F., .U., (2, 2), (2, 2), (0., 25.21), (0., 5.23), .UNSPECIFIED.);
#1717 = CARTESIAN_POINT('', (-12.605, 6.16, 52.44));
#1718 = CARTESIAN_POINT('', (-12.605, 6.16, 57.67));
#1719 = CARTESIAN_POINT('', (12.605, 6.16, 52.44));
#1720 = CARTESIAN_POINT('', (12.605, 6.16, 57.67));
#1721 = ADVANCED_FACE('', (#1722), #1730, .F.);
#1722 = FACE_OUTER_BOUND('', #1723, .F.);
#1723 = EDGE_LOOP('', (#1724, #1725, #1726, #1727, #1728, #1729));
#1724 = ORIENTED_EDGE('', *, *, #1314, .F.);
#1725 = ORIENTED_EDGE('', *, *, #1712, .T.);
#1726 = ORIENTED_EDGE('', *, *, #372, .F.);
#1727 = ORIENTED_EDGE('', *, *, #625, .F.);
#1728 = ORIENTED_EDGE('', *, *, #893, .F.);
#1729 = ORIENTED_EDGE('', *, *, #1161, .F.);
#1730 = B_SPLINE_SURFACE_WITH_KNOTS('', 1, 1, ((#1731, #1732), (#1733, #1734)), .UNSPECIFIED., .F., .F., .U., (2, 2), (2, 2), (0., 25.21), (0., 3.), .UNSPECIFIED.);
#1731 = CARTESIAN_POINT('', (-12.605, 6.16, 57.67));
#1732 = CARTESIAN_POINT('', (-12.605, 9.16, 57.67));
#1733 = CARTESIAN_POINT('', (12.605, 6.16, 57.67));
#1734 = CARTESIAN_POINT('', (12.605, 9.16, 57.67));
#1735 = ADVANCED_FACE('', (#1736), #1748, .F.);
#1736 = FACE_OUTER_BOUND('', #1737, .F.);
#1737 = EDGE_LOOP('', (#1738, #1739, #1740, #1741, #1742, #1743));
#1738 = ORIENTED_EDGE('', *, *, #1308, .F.);
#1739 = ORIENTED_EDGE('', *, *, #1153, .F.);
#1740 = ORIENTED_EDGE('', *, *, #885, .F.);
#1741 = ORIENTED_EDGE('', *, *, #617, .F.);
#1742 = ORIENTED_EDGE('', *, *, #386, .F.);
#1743 = ORIENTED_EDGE('', *, *, #1744, .F.);
#1744 = EDGE_CURVE('', #1302, #387, #1745, .T.);
#1745 = B_SPLINE_CURVE_WITH_KNOTS('', 1, (#1746, #1747), .UNSPECIFIED., .F., .U., (2, 2), (3.60999999999999, 21.6), .UNSPECIFIED.);
#1746 = CARTESIAN_POINT('', (-8.99500000000001, 6.16, 62.45));
#1747 = CARTESIAN_POINT('', (8.99499999999999, 6.16, 62.45));
#1748 = B_SPLINE_SURFACE_WITH_KNOTS('', 1, 1, ((#1749, #1750), (#1751, #1752)), .UNSPECIFIED., .F., .F., .U., (2, 2), (2, 2), (0., 3.), (0., 25.21), .UNSPECIFIED.);
#1749 = CARTESIAN_POINT('', (-12.605, 6.16, 62.45));
#1750 = CARTESIAN_POINT('', (12.605, 6.16, 62.45));
#1751 = CARTESIAN_POINT('', (-12.605, 9.16, 62.45));
#1752 = CARTESIAN_POINT('', (12.605, 9.16, 62.45));
#1753 = ADVANCED_FACE('', (#1754), #1764, .F.);
#1754 = FACE_OUTER_BOUND('', #1755, .F.);
#1755 = EDGE_LOOP('', (#1756, #1757, #1758, #1759));
#1756 = ORIENTED_EDGE('', *, *, #1301, .F.);
#1757 = ORIENTED_EDGE('', *, *, #1744, .T.);
#1758 = ORIENTED_EDGE('', *, *, #393, .F.);
#1759 = ORIENTED_EDGE('', *, *, #1760, .F.);
#1760 = EDGE_CURVE('', #1295, #394, #1761, .T.);
#1761 = B_SPLINE_CURVE_WITH_KNOTS('', 1, (#1762, #1763), .UNSPECIFIED., .F., .U., (2, 2), (3.61000000000001, 21.6), .UNSPECIFIED.);
#1762 = CARTESIAN_POINT('', (-8.99499999999999, 6.16, 67.68));
#1763 = CARTESIAN_POINT('', (8.99500000000001, 6.16, 67.68));
#1764 = B_SPLINE_SURFACE_WITH_KNOTS('', 1, 1, ((#1765, #1766), (#1767, #1768)), .UNSPECIFIED., .F., .F., .U., (2, 2), (2, 2), (0., 25.21), (0., 5.23), .UNSPECIFIED.);
#1765 = CARTESIAN_POINT('', (-12.605, 6.16, 62.45));
#1766 = CARTESIAN_POINT('', (-12.605, 6.16, 67.68));
#1767 = CARTESIAN_POINT('', (12.605, 6.16, 62.45));
#1768 = CARTESIAN_POINT('', (12.605, 6.16, 67.68));
#1769 = ADVANCED_FACE('', (#1770), #1778, .F.);
#1770 = FACE_OUTER_BOUND('', #1771, .F.);
#1771 = EDGE_LOOP('', (#1772, #1773, #1774, #1775, #1776, #1777));
#1772 = ORIENTED_EDGE('', *, *, #1294, .F.);
#1773 = ORIENTED_EDGE('', *, *, #1760, .T.);
#1774 = ORIENTED_EDGE('', *, *, #400, .F.);
#1775 = ORIENTED_EDGE('', *, *, #653, .F.);
#1776 = ORIENTED_EDGE('', *, *, #921, .F.);
#1777 = ORIENTED_EDGE('', *, *, #1189, .F.);
#1778 = B_SPLINE_SURFACE_WITH_KNOTS('', 1, 1, ((#1779, #1780), (#1781, #1782)), .UNSPECIFIED., .F., .F., .U., (2, 2), (2, 2), (0., 25.21), (0., 3.), .UNSPECIFIED.);
#1779 = CARTESIAN_POINT('', (-12.605, 6.16, 67.68));
#1780 = CARTESIAN_POINT('', (-12.605, 9.16, 67.68));
#1781 = CARTESIAN_POINT('', (12.605, 6.16, 67.68));
#1782 = CARTESIAN_POINT('', (12.605, 9.16, 67.68));
#1783 = ADVANCED_FACE('', (#1784), #1796, .F.);
#1784 = FACE_OUTER_BOUND('', #1785, .F.);
#1785 = EDGE_LOOP('', (#1786, #1787, #1788, #1789, #1790, #1791));
#1786 = ORIENTED_EDGE('', *, *, #1288, .F.);
#1787 = ORIENTED_EDGE('', *, *, #1181, .F.);
#1788 = ORIENTED_EDGE('', *, *, #913, .F.);
#1789 = ORIENTED_EDGE('', *, *, #645, .F.);
#1790 = ORIENTED_EDGE('', *, *, #414, .F.);
#1791 = ORIENTED_EDGE('', *, *, #1792, .F.);
#1792 = EDGE_CURVE('', #1282, #415, #1793, .T.);
#1793 = B_SPLINE_CURVE_WITH_KNOTS('', 1, (#1794, #1795), .UNSPECIFIED., .F., .U., (2, 2), (3.61000000000001, 21.6), .UNSPECIFIED.);
#1794 = CARTESIAN_POINT('', (-8.99499999999999, 6.16, 72.46));
#1795 = CARTESIAN_POINT('', (8.99500000000001, 6.16, 72.46));
#1796 = B_SPLINE_SURFACE_WITH_KNOTS('', 1, 1, ((#1797, #1798), (#1799, #1800)), .UNSPECIFIED., .F., .F., .U., (2, 2), (2, 2), (0., 3.), (0., 25.21), .UNSPECIFIED.);
#1797 = CARTESIAN_POINT('', (-12.605, 6.16, 72.46));
#1798 = CARTESIAN_POINT('', (12.605, 6.16, 72.46));
#1799 = CARTESIAN_POINT('', (-12.605, 9.16, 72.46));
#1800 = CARTESIAN_POINT('', (12.605, 9.16, 72.46));
#1801 = ADVANCED_FACE('', (#1802), #1812, .F.);
#1802 = FACE_OUTER_BOUND('', #1803, .F.);
#1803 = EDGE_LOOP('', (#1804, #1805, #1806, #1807));
#1804 = ORIENTED_EDGE('', *, *, #1281, .F.);
#1805 = ORIENTED_EDGE('', *, *, #1792, .T.);
#1806 = ORIENTED_EDGE('', *, *, #421, .F.);
#1807 = ORIENTED_EDGE('', *, *, #1808, .F.);
#1808 = EDGE_CURVE('', #1275, #422, #1809, .T.);
#1809 = B_SPLINE_CURVE_WITH_KNOTS('', 1, (#1810, #1811), .UNSPECIFIED., .F., .U., (2, 2), (3.61000000000001, 21.6), .UNSPECIFIED.);
#1810 = CARTESIAN_POINT('', (-8.99499999999999, 6.16, 77.69));
#1811 = CARTESIAN_POINT('', (8.99499999999999, 6.16, 77.69));
#1812 = B_SPLINE_SURFACE_WITH_KNOTS('', 1, 1, ((#1813, #1814), (#1815, #1816)), .UNSPECIFIED., .F., .F., .U., (2, 2), (2, 2), (0., 25.21), (0., 5.23), .UNSPECIFIED.);
#1813 = CARTESIAN_POINT('', (-12.605, 6.16, 72.46));
#1814 = CARTESIAN_POINT('', (-12.605, 6.16, 77.69));
#1815 = CARTESIAN_POINT('', (12.605, 6.16, 72.46));
#1816 = CARTESIAN_POINT('', (12.605, 6.16, 77.69));
#1817 = ADVANCED_FACE('', (#1818), #1826, .F.);
#1818 = FACE_OUTER_BOUND('', #1819, .F.);
#1819 = EDGE_LOOP('', (#1820, #1821, #1822, #1823, #1824, #1825));
#1820 = ORIENTED_EDGE('', *, *, #1274, .F.);
#1821 = ORIENTED_EDGE('', *, *, #1808, .T.);
#1822 = ORIENTED_EDGE('', *, *, #428, .F.);
#1823 = ORIENTED_EDGE('', *, *, #681, .F.);
#1824 = ORIENTED_EDGE('', *, *, #949, .F.);
#1825 = ORIENTED_EDGE('', *, *, #1217, .F.);
#1826 = B_SPLINE_SURFACE_WITH_KNOTS('', 1, 1, ((#1827, #1828), (#1829, #1830)), .UNSPECIFIED., .F., .F., .U., (2, 2), (2, 2), (0., 25.21), (0., 3.), .UNSPECIFIED.);
#1827 = CARTESIAN_POINT('', (-12.605, 6.16, 77.69));
#1828 = CARTESIAN_POINT('', (-12.605, 9.16, 77.69));
#1829 = CARTESIAN_POINT('', (12.605, 6.16, 77.69));
#1830 = CARTESIAN_POINT('', (12.605, 9.16, 77.69));
#1831 = ADVANCED_FACE('', (#1832), #1844, .F.);
#1832 = FACE_OUTER_BOUND('', #1833, .F.);
#1833 = EDGE_LOOP('', (#1834, #1835, #1836, #1837, #1838, #1839));
#1834 = ORIENTED_EDGE('', *, *, #1268, .F.);
#1835 = ORIENTED_EDGE('', *, *, #1209, .F.);
#1836 = ORIENTED_EDGE('', *, *, #941, .F.);
#1837 = ORIENTED_EDGE('', *, *, #673, .F.);
#1838 = ORIENTED_EDGE('', *, *, #442, .F.);
#1839 = ORIENTED_EDGE('', *, *, #1840, .F.);
#1840 = EDGE_CURVE('', #1260, #190, #1841, .T.);
#1841 = B_SPLINE_CURVE_WITH_KNOTS('', 1, (#1842, #1843), .UNSPECIFIED., .F., .U., (2, 2), (3.61000000000001, 21.6), .UNSPECIFIED.);
#1842 = CARTESIAN_POINT('', (-8.99499999999999, 6.16, 82.47));
#1843 = CARTESIAN_POINT('', (8.995, 6.16, 82.47));
#1844 = B_SPLINE_SURFACE_WITH_KNOTS('', 1, 1, ((#1845, #1846), (#1847, #1848)), .UNSPECIFIED., .F., .F., .U., (2, 2), (2, 2), (0., 3.), (0., 25.21), .UNSPECIFIED.);
#1845 = CARTESIAN_POINT('', (-12.605, 6.16, 82.47));
#1846 = CARTESIAN_POINT('', (12.605, 6.16, 82.47));
#1847 = CARTESIAN_POINT('', (-12.605, 9.16, 82.47));
#1848 = CARTESIAN_POINT('', (12.605, 9.16, 82.47));
#1849 = ADVANCED_FACE('', (#1850), #1860, .F.);
#1850 = FACE_OUTER_BOUND('', #1851, .F.);
#1851 = EDGE_LOOP('', (#1852, #1853, #1854, #1855));
#1852 = ORIENTED_EDGE('', *, *, #1259, .F.);
#1853 = ORIENTED_EDGE('', *, *, #1840, .T.);
#1854 = ORIENTED_EDGE('', *, *, #187, .F.);
#1855 = ORIENTED_EDGE('', *, *, #1856, .F.);
#1856 = EDGE_CURVE('', #1262, #188, #1857, .T.);
#1857 = B_SPLINE_CURVE_WITH_KNOTS('', 1, (#1858, #1859), .UNSPECIFIED., .F., .U., (2, 2), (3.61000000000001, 21.6), .UNSPECIFIED.);
#1858 = CARTESIAN_POINT('', (-8.99499999999999, 6.16, 87.7));
#1859 = CARTESIAN_POINT('', (8.99500000000001, 6.16, 87.7));
#1860 = B_SPLINE_SURFACE_WITH_KNOTS('', 1, 1, ((#1861, #1862), (#1863, #1864)), .UNSPECIFIED., .F., .F., .U., (2, 2), (2, 2), (0., 25.21), (0., 5.23), .UNSPECIFIED.);
#1861 = CARTESIAN_POINT('', (-12.605, 6.16, 82.47));
#1862 = CARTESIAN_POINT('', (-12.605, 6.16, 87.7));
#1863 = CARTESIAN_POINT('', (12.605, 6.16, 82.47));
#1864 = CARTESIAN_POINT('', (12.605, 6.16, 87.7));
#1865 = ADVANCED_FACE('', (#1866), #1874, .F.);
#1866 = FACE_OUTER_BOUND('', #1867, .F.);
#1867 = EDGE_LOOP('', (#1868, #1869, #1870, #1871, #1872, #1873));
#1868 = ORIENTED_EDGE('', *, *, #1438, .F.);
#1869 = ORIENTED_EDGE('', *, *, #1856, .T.);
#1870 = ORIENTED_EDGE('', *, *, #196, .F.);
#1871 = ORIENTED_EDGE('', *, *, #701, .F.);
#1872 = ORIENTED_EDGE('', *, *, #969, .F.);
#1873 = ORIENTED_EDGE('', *, *, #1237, .F.);
#1874 = B_SPLINE_SURFACE_WITH_KNOTS('', 1, 1, ((#1875, #1876), (#1877, #1878)), .UNSPECIFIED., .F., .F., .U., (2, 2), (2, 2), (0., 25.21), (0., 3.), .UNSPECIFIED.);
#1875 = CARTESIAN_POINT('', (-12.605, 6.16, 87.7));
#1876 = CARTESIAN_POINT('', (-12.605, 9.16, 87.7));
#1877 = CARTESIAN_POINT('', (12.605, 6.16, 87.7));
#1878 = CARTESIAN_POINT('', (12.605, 9.16, 87.7));
#1879 = DRAUGHTING_MODEL('', (#1887), #1894);
#1880 = PRESENTATION_STYLE_ASSIGNMENT((#1881));
#1881 = SURFACE_STYLE_USAGE(.POSITIVE., #1882);
#1882 = SURFACE_SIDE_STYLE('', (#1883));
#1883 = SURFACE_STYLE_FILL_AREA(#1884);
#1884 = FILL_AREA_STYLE('', (#1885));
#1885 = FILL_AREA_STYLE_COLOUR('', #1886);
#1886 = COLOUR_RGB('', 0.50196078431373, 0.50196078431373, 0.50196078431373);
#1887 = STYLED_ITEM('', (#1880), #1);
#1888 = CARTESIAN_POINT('Origin', (0., 0., 0.));
#1889 = GEOMETRIC_SET('', (#1888));
#1890 = AXIS2_PLACEMENT_3D('SlotOrigin', #1891, #1892, #1893);
#1891 = CARTESIAN_POINT('', (-12.605, 6.16, 2.39));
#1892 = DIRECTION('', (0., 0., 1.));
#1893 = DIRECTION('', (1., 0., 0.));
#1894 = (
   GEOMETRIC_REPRESENTATION_CONTEXT (3)
   GLOBAL_UNCERTAINTY_ASSIGNED_CONTEXT ((#1896))
   GLOBAL_UNIT_ASSIGNED_CONTEXT ((#1895, #1897, #1898))
   REPRESENTATION_CONTEXT ('', '3D')
);
#1895 = (
   LENGTH_UNIT ()
   NAMED_UNIT (*)
   SI_UNIT (.MILLI., .METRE.)
);
#1896 = UNCERTAINTY_MEASURE_WITH_UNIT(LENGTH_MEASURE(1.E-6), #1895, 'DISTANCE_ACCURACY_VALUE', '');
#1897 = (
   NAMED_UNIT (*)
   SI_UNIT ($, .STERADIAN.)
   SOLID_ANGLE_UNIT ()
);
#1898 = (
   NAMED_UNIT (*)
   PLANE_ANGLE_UNIT ()
   SI_UNIT ($, .RADIAN.)
);
#1899 = SHAPE_REPRESENTATION('', (#1916), #1894);
#1900 = PRODUCT_DEFINITION_SHAPE('', '', #1901);
#1901 = PRODUCT_DEFINITION('', '', #1904, #1908);
#1902 = APPLICATION_CONTEXT('configuration controlled 3D designs of mechanical parts and assemblies');
#1903 = APPLICATION_PROTOCOL_DEFINITION('International Standard', 'automotive_design', 2002, #1902);
#1904 = PRODUCT_DEFINITION_FORMATION_WITH_SPECIFIED_SOURCE('', '', #1905, .NOT_KNOWN.);
#1905 = PRODUCT('PicatinnyRail', 'PicatinnyRail', '', (#1906));
#1906 = PRODUCT_CONTEXT('', #1902, 'mechanical');
#1907 = PRODUCT_RELATED_PRODUCT_CATEGORY('detail', '', (#1905));
#1908 = PRODUCT_DEFINITION_CONTEXT('part definition', #1902, 'design');
#1909 = SHAPE_DEFINITION_REPRESENTATION(#1900, #1899);
#1910 = CONSTRUCTIVE_GEOMETRY_REPRESENTATION('supplemental geometry', (#1890), #1894);
#1911 = CONSTRUCTIVE_GEOMETRY_REPRESENTATION_RELATIONSHIP('', '', #1899, #1910);
#1912 = SHAPE_REPRESENTATION_RELATIONSHIP('', '', #1899, #1913);
#1913 = SHAPE_REPRESENTATION('', (#1889), #1894);
#1914 = SHAPE_REPRESENTATION_RELATIONSHIP('', '', #1899, #1915);
#1915 = ADVANCED_BREP_SHAPE_REPRESENTATION('', (#1), #1894);
#1916 = AXIS2_PLACEMENT_3D('', #1917, #1918, #1919);
#1917 = CARTESIAN_POINT('', (0., 0., 0.));
#1918 = DIRECTION('', (0., 0., 1.));
#1919 = DIRECTION('', (1., 0., 0.));
ENDSEC;
END-ISO-10303-21;
