ISO-10303-21;
HEADER;
FILE_DESCRIPTION(('STEP'), '1');
FILE_NAME('/Users/dev/dev/awv/classcad-ai/workspace/training/2026-09-20_01-02-49_enclosed-void-boolean/files/parts/Tub.step', '2026-09-20T01:07:37', (''), (''), 'Express 3.1.3.0', 'Express Tool', 'Unknown');
FILE_SCHEMA(('AUTOMOTIVE_DESIGN'));
ENDSEC;

DATA;
#1 = SHELL_BASED_SURFACE_MODEL('Subtraction_0', (#2, #1264));
#2 = CLOSED_SHELL('', (#3, #63, #114, #142, #174, #202, #248, #270, #295, #311, #327, #384, #426, #454, #482, #510, #544, #566, #592, #608, #620, #656, #691, #734, #768, #797, #826, #855, #885, #914, #949, #1011, #1048, #1072, #1095, #1114, #1132, #1154, #1174, #1192, #1214, #1236, #1252));
#3 = ADVANCED_FACE('', (#4), #58, .F.);
#4 = FACE_OUTER_BOUND('', #5, .F.);
#5 = EDGE_LOOP('', (#6, #15, #23, #30, #38, #45, #53));
#6 = ORIENTED_EDGE('', *, *, #7, .F.);
#7 = EDGE_CURVE('', #8, #10, #12, .T.);
#8 = VERTEX_POINT('', #9);
#9 = CARTESIAN_POINT('', (116., 25.5162483637, 2.77672551021553E-16));
#10 = VERTEX_POINT('', #11);
#11 = CARTESIAN_POINT('', (116., -1.49999999999997, -2.79776202205539E-14));
#12 = B_SPLINE_CURVE_WITH_KNOTS('', 1, (#13, #14), .UNSPECIFIED., .F., .U., (2, 2), (0.200339478532095, 0.985469303247697), .UNSPECIFIED.);
#13 = CARTESIAN_POINT('', (116., 25.5162483637, -4.39625888431457E-15));
#14 = CARTESIAN_POINT('', (116., -1.49999999999996, -4.39625888431457E-15));
#15 = ORIENTED_EDGE('', *, *, #16, .F.);
#16 = EDGE_CURVE('', #17, #8, #19, .T.);
#17 = VERTEX_POINT('', #18);
#18 = CARTESIAN_POINT('', (116., 21.2, -2.7));
#19 = (
   BOUNDED_CURVE ()
   B_SPLINE_CURVE (2, (#20, #21, #22), .UNSPECIFIED., .F., .U.)
   B_SPLINE_CURVE_WITH_KNOTS ((3, 3), (0., 0.702601674195471), .UNSPECIFIED.)
   CURVE ()
   GEOMETRIC_REPRESENTATION_ITEM ()
   RATIONAL_B_SPLINE_CURVE ((1., 0.794212736113825, 0.877598424496714))
   REPRESENTATION_ITEM ('')
);
#20 = CARTESIAN_POINT('', (116., 21.2, -2.7));
#21 = CARTESIAN_POINT('', (116., 24.2026075525967, -2.69999998783606));
#22 = CARTESIAN_POINT('', (116., 25.5162483637, 3.70885666950248E-16));
#23 = ORIENTED_EDGE('', *, *, #24, .F.);
#24 = EDGE_CURVE('', #25, #17, #27, .T.);
#25 = VERTEX_POINT('', #26);
#26 = CARTESIAN_POINT('', (116., 2.6, -2.7));
#27 = B_SPLINE_CURVE_WITH_KNOTS('', 1, (#28, #29), .UNSPECIFIED., .F., .U., (2, 2), (0., 1.), .UNSPECIFIED.);
#28 = CARTESIAN_POINT('', (116., 2.6, -2.7));
#29 = CARTESIAN_POINT('', (116., 21.2, -2.7));
#30 = ORIENTED_EDGE('', *, *, #31, .F.);
#31 = EDGE_CURVE('', #32, #25, #34, .T.);
#32 = VERTEX_POINT('', #33);
#33 = CARTESIAN_POINT('', (116., -2.2, 2.1));
#34 = (
   BOUNDED_CURVE ()
   B_SPLINE_CURVE (2, (#35, #36, #37), .UNSPECIFIED., .F., .U.)
   B_SPLINE_CURVE_WITH_KNOTS ((3, 3), (0., 1.), .UNSPECIFIED.)
   CURVE ()
   GEOMETRIC_REPRESENTATION_ITEM ()
   RATIONAL_B_SPLINE_CURVE ((1., 0.707106784051127, 1.))
   REPRESENTATION_ITEM ('')
);
#35 = CARTESIAN_POINT('', (116., -2.2, 2.1));
#36 = CARTESIAN_POINT('', (116., -2.19999998055459, -2.69999998055459));
#37 = CARTESIAN_POINT('', (116., 2.6, -2.7));
#38 = ORIENTED_EDGE('', *, *, #39, .F.);
#39 = EDGE_CURVE('', #40, #32, #42, .T.);
#40 = VERTEX_POINT('', #41);
#41 = CARTESIAN_POINT('', (116., -2.20000000000001, 16.9));
#42 = B_SPLINE_CURVE_WITH_KNOTS('', 1, (#43, #44), .UNSPECIFIED., .F., .U., (2, 2), (0., 1.), .UNSPECIFIED.);
#43 = CARTESIAN_POINT('', (116., -2.2, 16.9));
#44 = CARTESIAN_POINT('', (116., -2.2, 2.1));
#45 = ORIENTED_EDGE('', *, *, #46, .F.);
#46 = EDGE_CURVE('', #47, #40, #49, .T.);
#47 = VERTEX_POINT('', #48);
#48 = CARTESIAN_POINT('', (116., -1.49999999999999, 19.3959967808778));
#49 = (
   BOUNDED_CURVE ()
   B_SPLINE_CURVE (2, (#50, #51, #52), .UNSPECIFIED., .F., .U.)
   B_SPLINE_CURVE_WITH_KNOTS ((3, 3), (0.64466311016484, 1.), .UNSPECIFIED.)
   CURVE ()
   GEOMETRIC_REPRESENTATION_ITEM ()
   RATIONAL_B_SPLINE_CURVE ((0.865812388046506, 0.89592423559091, 1.))
   REPRESENTATION_ITEM ('')
);
#50 = CARTESIAN_POINT('', (116., -1.49999999999999, 19.3959967808778));
#51 = CARTESIAN_POINT('', (116., -2.19999999454656, 18.2461555667861));
#52 = CARTESIAN_POINT('', (116., -2.20000000000001, 16.9));
#53 = ORIENTED_EDGE('', *, *, #54, .F.);
#54 = EDGE_CURVE('', #10, #47, #55, .T.);
#55 = B_SPLINE_CURVE_WITH_KNOTS('', 1, (#56, #57), .UNSPECIFIED., .F., .U., (2, 2), (0.0170068027210915, 0.6767345843836), .UNSPECIFIED.);
#56 = CARTESIAN_POINT('', (116., -1.49999999999998, -2.22044604925031E-14));
#57 = CARTESIAN_POINT('', (116., -1.49999999999998, 19.3959967808778));
#58 = B_SPLINE_SURFACE_WITH_KNOTS('', 1, 1, ((#59, #60), (#61, #62)), .UNSPECIFIED., .F., .F., .U., (2, 2), (2, 2), (0., 1.), (0., 1.), .UNSPECIFIED.);
#59 = CARTESIAN_POINT('', (116., -8.60991223774495, -11.009912237745));
#60 = CARTESIAN_POINT('', (116., 32.4099122377449, -11.009912237745));
#61 = CARTESIAN_POINT('', (116., -8.60991223774495, 30.0099122377449));
#62 = CARTESIAN_POINT('', (116., 32.4099122377449, 30.0099122377449));
#63 = ADVANCED_FACE('', (#64), #107, .F.);
#64 = FACE_OUTER_BOUND('', #65, .F.);
#65 = EDGE_LOOP('', (#66, #76, #83, #91, #96, #97));
#66 = ORIENTED_EDGE('', *, *, #67, .T.);
#67 = EDGE_CURVE('', #68, #70, #72, .T.);
#68 = VERTEX_POINT('', #69);
#69 = CARTESIAN_POINT('', (117., 25.8722585504431, 1.));
#70 = VERTEX_POINT('', #71);
#71 = CARTESIAN_POINT('', (117., 26., 2.1));
#72 = (
   BOUNDED_CURVE ()
   B_SPLINE_CURVE (2, (#73, #74, #75), .UNSPECIFIED., .F., .U.)
   B_SPLINE_CURVE_WITH_KNOTS ((3, 3), (0.84330664666409, 1.), .UNSPECIFIED.)
   CURVE ()
   GEOMETRIC_REPRESENTATION_ITEM ()
   RATIONAL_B_SPLINE_CURVE ((0.922593860840949, 0.954105579823632, 1.))
   REPRESENTATION_ITEM ('')
);
#73 = CARTESIAN_POINT('', (117., 25.872258550443, 0.999999999999943));
#74 = CARTESIAN_POINT('', (117., 25.9999999977418, 1.54258278301907));
#75 = CARTESIAN_POINT('', (117., 26., 2.1));
#76 = ORIENTED_EDGE('', *, *, #77, .T.);
#77 = EDGE_CURVE('', #70, #78, #80, .T.);
#78 = VERTEX_POINT('', #79);
#79 = CARTESIAN_POINT('', (120.2, 26., 2.1));
#80 = B_SPLINE_CURVE_WITH_KNOTS('', 1, (#81, #82), .UNSPECIFIED., .F., .U., (2, 2), (1.00000000000001, 4.2), .UNSPECIFIED.);
#81 = CARTESIAN_POINT('', (117., 26., 2.1));
#82 = CARTESIAN_POINT('', (120.2, 26., 2.1));
#83 = ORIENTED_EDGE('', *, *, #84, .F.);
#84 = EDGE_CURVE('', #85, #78, #87, .T.);
#85 = VERTEX_POINT('', #86);
#86 = CARTESIAN_POINT('', (120.2, 21.2, -2.7));
#87 = (
   BOUNDED_CURVE ()
   B_SPLINE_CURVE (2, (#88, #89, #90), .UNSPECIFIED., .F., .U.)
   B_SPLINE_CURVE_WITH_KNOTS ((3, 3), (0., 1.), .UNSPECIFIED.)
   CURVE ()
   GEOMETRIC_REPRESENTATION_ITEM ()
   RATIONAL_B_SPLINE_CURVE ((1., 0.707106784051125, 1.))
   REPRESENTATION_ITEM ('')
);
#88 = CARTESIAN_POINT('', (120.2, 21.2, -2.7));
#89 = CARTESIAN_POINT('', (120.2, 25.9999999805546, -2.69999998055459));
#90 = CARTESIAN_POINT('', (120.2, 26., 2.1));
#91 = ORIENTED_EDGE('', *, *, #92, .F.);
#92 = EDGE_CURVE('', #17, #85, #93, .T.);
#93 = B_SPLINE_CURVE_WITH_KNOTS('', 1, (#94, #95), .UNSPECIFIED., .F., .U., (2, 2), (0., 4.2), .UNSPECIFIED.);
#94 = CARTESIAN_POINT('', (116., 21.2, -2.7));
#95 = CARTESIAN_POINT('', (120.2, 21.2, -2.7));
#96 = ORIENTED_EDGE('', *, *, #16, .T.);
#97 = ORIENTED_EDGE('', *, *, #98, .T.);
#98 = EDGE_CURVE('', #8, #68, #99, .T.);
#99 = B_SPLINE_CURVE_WITH_KNOTS('', 3, (#100, #101, #102, #103, #104, #105, #106), .UNSPECIFIED., .F., .U., (4, 3, 4), (0., 0.981934528654875, 1.45942970403207), .UNSPECIFIED.);
#100 = CARTESIAN_POINT('', (116., 25.5162483637, 1.8041124144101E-16));
#101 = CARTESIAN_POINT('', (116.218854738439, 25.6227285553341, 0.218854738439129));
#102 = CARTESIAN_POINT('', (116.442510553664, 25.710963096201, 0.442510553663804));
#103 = CARTESIAN_POINT('', (116.66850491435, 25.7815741587997, 0.668504914349678));
#104 = CARTESIAN_POINT('', (116.778401464212, 25.8159109101159, 0.778401464212103));
#105 = CARTESIAN_POINT('', (116.88898119047, 25.8461211501227, 0.888981190470444));
#106 = CARTESIAN_POINT('', (117., 25.8722585504431, 1.00000000000011));
#107 = (
   BOUNDED_SURFACE ()
   B_SPLINE_SURFACE (2, 1, ((#108, #109), (#110, #111), (#112, #113)), .UNSPECIFIED., .F., .F., .U.)
   B_SPLINE_SURFACE_WITH_KNOTS ((3, 3), (2, 2), (0., 1.), (0., 4.2), .UNSPECIFIED.)
   GEOMETRIC_REPRESENTATION_ITEM ()
   RATIONAL_B_SPLINE_SURFACE (((1., 1.), (0.707106784051125, 0.707106784051125), (1., 1.)))
   REPRESENTATION_ITEM ('')
   SURFACE ()
);
#108 = CARTESIAN_POINT('', (116., 21.2, -2.7));
#109 = CARTESIAN_POINT('', (120.2, 21.2, -2.7));
#110 = CARTESIAN_POINT('', (116., 25.9999999805546, -2.69999998055459));
#111 = CARTESIAN_POINT('', (120.2, 25.9999999805546, -2.69999998055459));
#112 = CARTESIAN_POINT('', (116., 26., 2.1));
#113 = CARTESIAN_POINT('', (120.2, 26., 2.1));
#114 = ADVANCED_FACE('', (#115), #137, .F.);
#115 = FACE_OUTER_BOUND('', #116, .F.);
#116 = EDGE_LOOP('', (#117, #124, #131, #136));
#117 = ORIENTED_EDGE('', *, *, #118, .T.);
#118 = EDGE_CURVE('', #70, #119, #121, .T.);
#119 = VERTEX_POINT('', #120);
#120 = CARTESIAN_POINT('', (117., 26., 16.9));
#121 = B_SPLINE_CURVE_WITH_KNOTS('', 1, (#122, #123), .UNSPECIFIED., .F., .U., (2, 2), (0., 1.), .UNSPECIFIED.);
#122 = CARTESIAN_POINT('', (117., 26., 2.1));
#123 = CARTESIAN_POINT('', (117., 26., 16.9));
#124 = ORIENTED_EDGE('', *, *, #125, .T.);
#125 = EDGE_CURVE('', #119, #126, #128, .T.);
#126 = VERTEX_POINT('', #127);
#127 = CARTESIAN_POINT('', (120.2, 26., 16.9));
#128 = B_SPLINE_CURVE_WITH_KNOTS('', 1, (#129, #130), .UNSPECIFIED., .F., .U., (2, 2), (1., 4.2), .UNSPECIFIED.);
#129 = CARTESIAN_POINT('', (117., 26., 16.9));
#130 = CARTESIAN_POINT('', (120.2, 26., 16.9));
#131 = ORIENTED_EDGE('', *, *, #132, .F.);
#132 = EDGE_CURVE('', #78, #126, #133, .T.);
#133 = B_SPLINE_CURVE_WITH_KNOTS('', 1, (#134, #135), .UNSPECIFIED., .F., .U., (2, 2), (0., 1.), .UNSPECIFIED.);
#134 = CARTESIAN_POINT('', (120.2, 26., 2.1));
#135 = CARTESIAN_POINT('', (120.2, 26., 16.9));
#136 = ORIENTED_EDGE('', *, *, #77, .F.);
#137 = B_SPLINE_SURFACE_WITH_KNOTS('', 1, 1, ((#138, #139), (#140, #141)), .UNSPECIFIED., .F., .F., .U., (2, 2), (2, 2), (0., 1.), (0., 1.), .UNSPECIFIED.);
#138 = CARTESIAN_POINT('', (116., 26., 2.1));
#139 = CARTESIAN_POINT('', (120.2, 26., 2.1));
#140 = CARTESIAN_POINT('', (116., 26., 16.9));
#141 = CARTESIAN_POINT('', (120.2, 26., 16.9));
#142 = ADVANCED_FACE('', (#143), #167, .F.);
#143 = FACE_OUTER_BOUND('', #144, .F.);
#144 = EDGE_LOOP('', (#145, #153, #160, #166));
#145 = ORIENTED_EDGE('', *, *, #146, .T.);
#146 = EDGE_CURVE('', #119, #147, #149, .T.);
#147 = VERTEX_POINT('', #148);
#148 = CARTESIAN_POINT('', (117., 21.2, 21.7));
#149 = (
   BOUNDED_CURVE ()
   B_SPLINE_CURVE (2, (#150, #151, #152), .UNSPECIFIED., .F., .U.)
   B_SPLINE_CURVE_WITH_KNOTS ((3, 3), (0., 1.), .UNSPECIFIED.)
   CURVE ()
   GEOMETRIC_REPRESENTATION_ITEM ()
   RATIONAL_B_SPLINE_CURVE ((1., 0.707106784051128, 1.))
   REPRESENTATION_ITEM ('')
);
#150 = CARTESIAN_POINT('', (117., 26., 16.9));
#151 = CARTESIAN_POINT('', (117., 25.9999999805546, 21.6999999805546));
#152 = CARTESIAN_POINT('', (117., 21.2, 21.7));
#153 = ORIENTED_EDGE('', *, *, #154, .T.);
#154 = EDGE_CURVE('', #147, #155, #157, .T.);
#155 = VERTEX_POINT('', #156);
#156 = CARTESIAN_POINT('', (120.2, 21.2, 21.7));
#157 = B_SPLINE_CURVE_WITH_KNOTS('', 1, (#158, #159), .UNSPECIFIED., .F., .U., (2, 2), (1.00000000000003, 4.2), .UNSPECIFIED.);
#158 = CARTESIAN_POINT('', (117., 21.2, 21.7));
#159 = CARTESIAN_POINT('', (120.2, 21.2, 21.7));
#160 = ORIENTED_EDGE('', *, *, #161, .F.);
#161 = EDGE_CURVE('', #126, #155, #162, .T.);
#162 = (
   BOUNDED_CURVE ()
   B_SPLINE_CURVE (2, (#163, #164, #165), .UNSPECIFIED., .F., .U.)
   B_SPLINE_CURVE_WITH_KNOTS ((3, 3), (0., 1.), .UNSPECIFIED.)
   CURVE ()
   GEOMETRIC_REPRESENTATION_ITEM ()
   RATIONAL_B_SPLINE_CURVE ((1., 0.707106784051128, 1.))
   REPRESENTATION_ITEM ('')
);
#163 = CARTESIAN_POINT('', (120.2, 26., 16.9));
#164 = CARTESIAN_POINT('', (120.2, 25.9999999805546, 21.6999999805546));
#165 = CARTESIAN_POINT('', (120.2, 21.2, 21.7));
#166 = ORIENTED_EDGE('', *, *, #125, .F.);
#167 = (
   BOUNDED_SURFACE ()
   B_SPLINE_SURFACE (2, 1, ((#168, #169), (#170, #171), (#172, #173)), .UNSPECIFIED., .F., .F., .U.)
   B_SPLINE_SURFACE_WITH_KNOTS ((3, 3), (2, 2), (0., 1.), (0., 4.2), .UNSPECIFIED.)
   GEOMETRIC_REPRESENTATION_ITEM ()
   RATIONAL_B_SPLINE_SURFACE (((1., 1.), (0.707106784051128, 0.707106784051128), (1., 1.)))
   REPRESENTATION_ITEM ('')
   SURFACE ()
);
#168 = CARTESIAN_POINT('', (116., 26., 16.9));
#169 = CARTESIAN_POINT('', (120.2, 26., 16.9));
#170 = CARTESIAN_POINT('', (116., 25.9999999805546, 21.6999999805546));
#171 = CARTESIAN_POINT('', (120.2, 25.9999999805546, 21.6999999805546));
#172 = CARTESIAN_POINT('', (116., 21.2, 21.7));
#173 = CARTESIAN_POINT('', (120.2, 21.2, 21.7));
#174 = ADVANCED_FACE('', (#175), #197, .F.);
#175 = FACE_OUTER_BOUND('', #176, .F.);
#176 = EDGE_LOOP('', (#177, #184, #191, #196));
#177 = ORIENTED_EDGE('', *, *, #178, .T.);
#178 = EDGE_CURVE('', #147, #179, #181, .T.);
#179 = VERTEX_POINT('', #180);
#180 = CARTESIAN_POINT('', (117., 2.6, 21.7));
#181 = B_SPLINE_CURVE_WITH_KNOTS('', 1, (#182, #183), .UNSPECIFIED., .F., .U., (2, 2), (0., 1.), .UNSPECIFIED.);
#182 = CARTESIAN_POINT('', (117., 21.2, 21.7));
#183 = CARTESIAN_POINT('', (117., 2.6, 21.7));
#184 = ORIENTED_EDGE('', *, *, #185, .T.);
#185 = EDGE_CURVE('', #179, #186, #188, .T.);
#186 = VERTEX_POINT('', #187);
#187 = CARTESIAN_POINT('', (120.2, 2.6, 21.7));
#188 = B_SPLINE_CURVE_WITH_KNOTS('', 1, (#189, #190), .UNSPECIFIED., .F., .U., (2, 2), (1.00000000000001, 4.2), .UNSPECIFIED.);
#189 = CARTESIAN_POINT('', (117., 2.6, 21.7));
#190 = CARTESIAN_POINT('', (120.2, 2.6, 21.7));
#191 = ORIENTED_EDGE('', *, *, #192, .F.);
#192 = EDGE_CURVE('', #155, #186, #193, .T.);
#193 = B_SPLINE_CURVE_WITH_KNOTS('', 1, (#194, #195), .UNSPECIFIED., .F., .U., (2, 2), (0., 1.), .UNSPECIFIED.);
#194 = CARTESIAN_POINT('', (120.2, 21.2, 21.7));
#195 = CARTESIAN_POINT('', (120.2, 2.6, 21.7));
#196 = ORIENTED_EDGE('', *, *, #154, .F.);
#197 = B_SPLINE_SURFACE_WITH_KNOTS('', 1, 1, ((#198, #199), (#200, #201)), .UNSPECIFIED., .F., .F., .U., (2, 2), (2, 2), (0., 1.), (0., 1.), .UNSPECIFIED.);
#198 = CARTESIAN_POINT('', (116., 21.2, 21.7));
#199 = CARTESIAN_POINT('', (120.2, 21.2, 21.7));
#200 = CARTESIAN_POINT('', (116., 2.6, 21.7));
#201 = CARTESIAN_POINT('', (120.2, 2.6, 21.7));
#202 = ADVANCED_FACE('', (#203), #241, .F.);
#203 = FACE_OUTER_BOUND('', #204, .F.);
#204 = EDGE_LOOP('', (#205, #213, #226, #227, #234, #240));
#205 = ORIENTED_EDGE('', *, *, #206, .T.);
#206 = EDGE_CURVE('', #179, #207, #209, .T.);
#207 = VERTEX_POINT('', #208);
#208 = CARTESIAN_POINT('', (117., -0.499999999999959, 20.5646964299369));
#209 = (
   BOUNDED_CURVE ()
   B_SPLINE_CURVE (2, (#210, #211, #212), .UNSPECIFIED., .F., .U.)
   B_SPLINE_CURVE_WITH_KNOTS ((3, 3), (0., 0.44970465305361), .UNSPECIFIED.)
   CURVE ()
   GEOMETRIC_REPRESENTATION_ITEM ()
   RATIONAL_B_SPLINE_CURVE ((1., 0.868284557939957, 0.855035210226742))
   REPRESENTATION_ITEM ('')
);
#210 = CARTESIAN_POINT('', (117., 2.6, 21.7));
#211 = CARTESIAN_POINT('', (117., 0.842110616124494, 21.6999999928786));
#212 = CARTESIAN_POINT('', (117., -0.499999999999959, 20.5646964299368));
#213 = ORIENTED_EDGE('', *, *, #214, .F.);
#214 = EDGE_CURVE('', #47, #207, #215, .T.);
#215 = B_SPLINE_CURVE_WITH_KNOTS('', 3, (#216, #217, #218, #219, #220, #221, #222, #223, #224, #225), .UNSPECIFIED., .F., .U., (4, 3, 3, 4), (0., 0.659160184900134, 1.31710042972876, 1.841553709394), .UNSPECIFIED.);
#216 = CARTESIAN_POINT('', (116., -1.49999999999999, 19.3959967808778));
#217 = CARTESIAN_POINT('', (116.101368349119, -1.39863165088138, 19.5625075044908));
#218 = CARTESIAN_POINT('', (116.210917229966, -1.28908277003437, 19.7195689378827));
#219 = CARTESIAN_POINT('', (116.326429322857, -1.17357067714297, 19.8665070822696));
#220 = CARTESIAN_POINT('', (116.441727631855, -1.0582723681452, 20.0131732810286));
#221 = CARTESIAN_POINT('', (116.563379493176, -0.936620506823262, 20.1503052329445));
#222 = CARTESIAN_POINT('', (116.689591933593, -0.81040806640696, 20.2777384065777));
#223 = CARTESIAN_POINT('', (116.790197617515, -0.709802382484819, 20.3793171538505));
#224 = CARTESIAN_POINT('', (116.893914586104, -0.606085413895589, 20.4749578145612));
#225 = CARTESIAN_POINT('', (117., -0.499999999999844, 20.5646964299369));
#226 = ORIENTED_EDGE('', *, *, #46, .T.);
#227 = ORIENTED_EDGE('', *, *, #228, .T.);
#228 = EDGE_CURVE('', #40, #229, #231, .T.);
#229 = VERTEX_POINT('', #230);
#230 = CARTESIAN_POINT('', (120.2, -2.20000000000001, 16.9));
#231 = B_SPLINE_CURVE_WITH_KNOTS('', 1, (#232, #233), .UNSPECIFIED., .F., .U., (2, 2), (0., 4.2), .UNSPECIFIED.);
#232 = CARTESIAN_POINT('', (116., -2.20000000000001, 16.9));
#233 = CARTESIAN_POINT('', (120.2, -2.20000000000001, 16.9));
#234 = ORIENTED_EDGE('', *, *, #235, .F.);
#235 = EDGE_CURVE('', #186, #229, #236, .T.);
#236 = (
   BOUNDED_CURVE ()
   B_SPLINE_CURVE (2, (#237, #238, #239), .UNSPECIFIED., .F., .U.)
   B_SPLINE_CURVE_WITH_KNOTS ((3, 3), (0., 1.), .UNSPECIFIED.)
   CURVE ()
   GEOMETRIC_REPRESENTATION_ITEM ()
   RATIONAL_B_SPLINE_CURVE ((1., 0.707106784051128, 1.))
   REPRESENTATION_ITEM ('')
);
#237 = CARTESIAN_POINT('', (120.2, 2.6, 21.7));
#238 = CARTESIAN_POINT('', (120.2, -2.19999998055459, 21.6999999805546));
#239 = CARTESIAN_POINT('', (120.2, -2.20000000000001, 16.9));
#240 = ORIENTED_EDGE('', *, *, #185, .F.);
#241 = (
   BOUNDED_SURFACE ()
   B_SPLINE_SURFACE (2, 1, ((#242, #243), (#244, #245), (#246, #247)), .UNSPECIFIED., .F., .F., .U.)
   B_SPLINE_SURFACE_WITH_KNOTS ((3, 3), (2, 2), (0., 1.), (0., 4.2), .UNSPECIFIED.)
   GEOMETRIC_REPRESENTATION_ITEM ()
   RATIONAL_B_SPLINE_SURFACE (((1., 1.), (0.707106784051128, 0.707106784051128), (1., 1.)))
   REPRESENTATION_ITEM ('')
   SURFACE ()
);
#242 = CARTESIAN_POINT('', (116., 2.6, 21.7));
#243 = CARTESIAN_POINT('', (120.2, 2.6, 21.7));
#244 = CARTESIAN_POINT('', (116., -2.19999998055459, 21.6999999805546));
#245 = CARTESIAN_POINT('', (120.2, -2.19999998055459, 21.6999999805546));
#246 = CARTESIAN_POINT('', (116., -2.20000000000001, 16.9));
#247 = CARTESIAN_POINT('', (120.2, -2.20000000000001, 16.9));
#248 = ADVANCED_FACE('', (#249), #265, .F.);
#249 = FACE_OUTER_BOUND('', #250, .F.);
#250 = EDGE_LOOP('', (#251, #252, #253, #260));
#251 = ORIENTED_EDGE('', *, *, #228, .F.);
#252 = ORIENTED_EDGE('', *, *, #39, .T.);
#253 = ORIENTED_EDGE('', *, *, #254, .T.);
#254 = EDGE_CURVE('', #32, #255, #257, .T.);
#255 = VERTEX_POINT('', #256);
#256 = CARTESIAN_POINT('', (120.2, -2.2, 2.1));
#257 = B_SPLINE_CURVE_WITH_KNOTS('', 1, (#258, #259), .UNSPECIFIED., .F., .U., (2, 2), (0., 4.2), .UNSPECIFIED.);
#258 = CARTESIAN_POINT('', (116., -2.2, 2.1));
#259 = CARTESIAN_POINT('', (120.2, -2.2, 2.1));
#260 = ORIENTED_EDGE('', *, *, #261, .F.);
#261 = EDGE_CURVE('', #229, #255, #262, .T.);
#262 = B_SPLINE_CURVE_WITH_KNOTS('', 1, (#263, #264), .UNSPECIFIED., .F., .U., (2, 2), (0., 1.), .UNSPECIFIED.);
#263 = CARTESIAN_POINT('', (120.2, -2.2, 16.9));
#264 = CARTESIAN_POINT('', (120.2, -2.2, 2.1));
#265 = B_SPLINE_SURFACE_WITH_KNOTS('', 1, 1, ((#266, #267), (#268, #269)), .UNSPECIFIED., .F., .F., .U., (2, 2), (2, 2), (0., 1.), (0., 1.), .UNSPECIFIED.);
#266 = CARTESIAN_POINT('', (116., -2.2, 16.9));
#267 = CARTESIAN_POINT('', (120.2, -2.2, 16.9));
#268 = CARTESIAN_POINT('', (116., -2.2, 2.1));
#269 = CARTESIAN_POINT('', (120.2, -2.2, 2.1));
#270 = ADVANCED_FACE('', (#271), #288, .F.);
#271 = FACE_OUTER_BOUND('', #272, .F.);
#272 = EDGE_LOOP('', (#273, #274, #275, #282));
#273 = ORIENTED_EDGE('', *, *, #254, .F.);
#274 = ORIENTED_EDGE('', *, *, #31, .T.);
#275 = ORIENTED_EDGE('', *, *, #276, .T.);
#276 = EDGE_CURVE('', #25, #277, #279, .T.);
#277 = VERTEX_POINT('', #278);
#278 = CARTESIAN_POINT('', (120.2, 2.6, -2.7));
#279 = B_SPLINE_CURVE_WITH_KNOTS('', 1, (#280, #281), .UNSPECIFIED., .F., .U., (2, 2), (0., 4.2), .UNSPECIFIED.);
#280 = CARTESIAN_POINT('', (116., 2.6, -2.7));
#281 = CARTESIAN_POINT('', (120.2, 2.6, -2.7));
#282 = ORIENTED_EDGE('', *, *, #283, .F.);
#283 = EDGE_CURVE('', #255, #277, #284, .T.);
#284 = (
   BOUNDED_CURVE ()
   B_SPLINE_CURVE (2, (#285, #286, #287), .UNSPECIFIED., .F., .U.)
   B_SPLINE_CURVE_WITH_KNOTS ((3, 3), (0., 1.), .UNSPECIFIED.)
   CURVE ()
   GEOMETRIC_REPRESENTATION_ITEM ()
   RATIONAL_B_SPLINE_CURVE ((1., 0.707106784051127, 1.))
   REPRESENTATION_ITEM ('')
);
#285 = CARTESIAN_POINT('', (120.2, -2.2, 2.1));
#286 = CARTESIAN_POINT('', (120.2, -2.19999998055459, -2.69999998055459));
#287 = CARTESIAN_POINT('', (120.2, 2.6, -2.7));
#288 = (
   BOUNDED_SURFACE ()
   B_SPLINE_SURFACE (2, 1, ((#289, #290), (#291, #292), (#293, #294)), .UNSPECIFIED., .F., .F., .U.)
   B_SPLINE_SURFACE_WITH_KNOTS ((3, 3), (2, 2), (0., 1.), (0., 4.2), .UNSPECIFIED.)
   GEOMETRIC_REPRESENTATION_ITEM ()
   RATIONAL_B_SPLINE_SURFACE (((1., 1.), (0.707106784051127, 0.707106784051127), (1., 1.)))
   REPRESENTATION_ITEM ('')
   SURFACE ()
);
#289 = CARTESIAN_POINT('', (116., -2.2, 2.1));
#290 = CARTESIAN_POINT('', (120.2, -2.2, 2.1));
#291 = CARTESIAN_POINT('', (116., -2.19999998055459, -2.69999998055459));
#292 = CARTESIAN_POINT('', (120.2, -2.19999998055459, -2.69999998055459));
#293 = CARTESIAN_POINT('', (116., 2.6, -2.7));
#294 = CARTESIAN_POINT('', (120.2, 2.6, -2.7));
#295 = ADVANCED_FACE('', (#296), #306, .F.);
#296 = FACE_OUTER_BOUND('', #297, .F.);
#297 = EDGE_LOOP('', (#298, #299, #300, #301));
#298 = ORIENTED_EDGE('', *, *, #276, .F.);
#299 = ORIENTED_EDGE('', *, *, #24, .T.);
#300 = ORIENTED_EDGE('', *, *, #92, .T.);
#301 = ORIENTED_EDGE('', *, *, #302, .F.);
#302 = EDGE_CURVE('', #277, #85, #303, .T.);
#303 = B_SPLINE_CURVE_WITH_KNOTS('', 1, (#304, #305), .UNSPECIFIED., .F., .U., (2, 2), (0., 1.), .UNSPECIFIED.);
#304 = CARTESIAN_POINT('', (120.2, 2.6, -2.7));
#305 = CARTESIAN_POINT('', (120.2, 21.2, -2.7));
#306 = B_SPLINE_SURFACE_WITH_KNOTS('', 1, 1, ((#307, #308), (#309, #310)), .UNSPECIFIED., .F., .F., .U., (2, 2), (2, 2), (0., 1.), (0., 1.), .UNSPECIFIED.);
#307 = CARTESIAN_POINT('', (116., 2.6, -2.7));
#308 = CARTESIAN_POINT('', (120.2, 2.6, -2.7));
#309 = CARTESIAN_POINT('', (116., 21.2, -2.7));
#310 = CARTESIAN_POINT('', (120.2, 21.2, -2.7));
#311 = ADVANCED_FACE('', (#312), #322, .F.);
#312 = FACE_OUTER_BOUND('', #313, .F.);
#313 = EDGE_LOOP('', (#314, #315, #316, #317, #318, #319, #320, #321));
#314 = ORIENTED_EDGE('', *, *, #302, .T.);
#315 = ORIENTED_EDGE('', *, *, #84, .T.);
#316 = ORIENTED_EDGE('', *, *, #132, .T.);
#317 = ORIENTED_EDGE('', *, *, #161, .T.);
#318 = ORIENTED_EDGE('', *, *, #192, .T.);
#319 = ORIENTED_EDGE('', *, *, #235, .T.);
#320 = ORIENTED_EDGE('', *, *, #261, .T.);
#321 = ORIENTED_EDGE('', *, *, #283, .T.);
#322 = B_SPLINE_SURFACE_WITH_KNOTS('', 1, 1, ((#323, #324), (#325, #326)), .UNSPECIFIED., .F., .F., .U., (2, 2), (2, 2), (0., 1.), (0., 1.), .UNSPECIFIED.);
#323 = CARTESIAN_POINT('', (120.2, -8.60991223774495, -11.009912237745));
#324 = CARTESIAN_POINT('', (120.2, -8.60991223774495, 30.0099122377449));
#325 = CARTESIAN_POINT('', (120.2, 32.4099122377449, -11.009912237745));
#326 = CARTESIAN_POINT('', (120.2, 32.4099122377449, 30.0099122377449));
#327 = ADVANCED_FACE('', (#328), #379, .F.);
#328 = FACE_OUTER_BOUND('', #329, .F.);
#329 = EDGE_LOOP('', (#330, #339, #346, #353, #360, #367, #374));
#330 = ORIENTED_EDGE('', *, *, #331, .F.);
#331 = EDGE_CURVE('', #332, #334, #336, .T.);
#332 = VERTEX_POINT('', #333);
#333 = CARTESIAN_POINT('', (-1., -1.59872115546023E-14, 22.62741696));
#334 = VERTEX_POINT('', #335);
#335 = CARTESIAN_POINT('', (-1., 0., 0.));
#336 = B_SPLINE_CURVE_WITH_KNOTS('', 1, (#337, #338), .UNSPECIFIED., .F., .U., (2, 2), (0.153925999898763, 0.955707415844089), .UNSPECIFIED.);
#337 = CARTESIAN_POINT('', (-1., 0., 22.62741696));
#338 = CARTESIAN_POINT('', (-1., 0., -3.5527136788005E-15));
#339 = ORIENTED_EDGE('', *, *, #340, .T.);
#340 = EDGE_CURVE('', #332, #341, #343, .T.);
#341 = VERTEX_POINT('', #342);
#342 = CARTESIAN_POINT('', (-1., -5., 17.62741696));
#343 = B_SPLINE_CURVE_WITH_KNOTS('', 1, (#344, #345), .UNSPECIFIED., .F., .U., (2, 2), (0.466529133040364, 1.), .UNSPECIFIED.);
#344 = CARTESIAN_POINT('', (-1., -1.59872115546023E-14, 22.62741696));
#345 = CARTESIAN_POINT('', (-1., -5., 17.62741696));
#346 = ORIENTED_EDGE('', *, *, #347, .T.);
#347 = EDGE_CURVE('', #341, #348, #350, .T.);
#348 = VERTEX_POINT('', #349);
#349 = CARTESIAN_POINT('', (-1., -5., 4.37258304));
#350 = B_SPLINE_CURVE_WITH_KNOTS('', 1, (#351, #352), .UNSPECIFIED., .F., .U., (2, 2), (0., 1.), .UNSPECIFIED.);
#351 = CARTESIAN_POINT('', (-1., -5., 17.62741696));
#352 = CARTESIAN_POINT('', (-1., -5., 4.37258304));
#353 = ORIENTED_EDGE('', *, *, #354, .T.);
#354 = EDGE_CURVE('', #348, #355, #357, .T.);
#355 = VERTEX_POINT('', #356);
#356 = CARTESIAN_POINT('', (-1., 4.37258304, -5.));
#357 = B_SPLINE_CURVE_WITH_KNOTS('', 1, (#358, #359), .UNSPECIFIED., .F., .U., (2, 2), (0., 1.), .UNSPECIFIED.);
#358 = CARTESIAN_POINT('', (-1., -5., 4.37258304));
#359 = CARTESIAN_POINT('', (-1., 4.37258304, -5.));
#360 = ORIENTED_EDGE('', *, *, #361, .T.);
#361 = EDGE_CURVE('', #355, #362, #364, .T.);
#362 = VERTEX_POINT('', #363);
#363 = CARTESIAN_POINT('', (-1., 17.62741696, -5.));
#364 = B_SPLINE_CURVE_WITH_KNOTS('', 1, (#365, #366), .UNSPECIFIED., .F., .U., (2, 2), (0., 1.), .UNSPECIFIED.);
#365 = CARTESIAN_POINT('', (-1., 4.37258304, -5.));
#366 = CARTESIAN_POINT('', (-1., 17.62741696, -5.));
#367 = ORIENTED_EDGE('', *, *, #368, .T.);
#368 = EDGE_CURVE('', #362, #369, #371, .T.);
#369 = VERTEX_POINT('', #370);
#370 = CARTESIAN_POINT('', (-1., 22.62741696, -3.5527136788005E-15));
#371 = B_SPLINE_CURVE_WITH_KNOTS('', 1, (#372, #373), .UNSPECIFIED., .F., .U., (2, 2), (0., 0.533470866959638), .UNSPECIFIED.);
#372 = CARTESIAN_POINT('', (-1., 17.62741696, -5.));
#373 = CARTESIAN_POINT('', (-1., 22.62741696, -3.5527136788005E-15));
#374 = ORIENTED_EDGE('', *, *, #375, .F.);
#375 = EDGE_CURVE('', #334, #369, #376, .T.);
#376 = B_SPLINE_CURVE_WITH_KNOTS('', 1, (#377, #378), .UNSPECIFIED., .F., .U., (2, 2), (0.0336562912983768, 0.642900240526864), .UNSPECIFIED.);
#377 = CARTESIAN_POINT('', (-1., 0., 0.));
#378 = CARTESIAN_POINT('', (-1., 22.62741696, 0.));
#379 = B_SPLINE_SURFACE_WITH_KNOTS('', 1, 1, ((#380, #381), (#382, #383)), .UNSPECIFIED., .F., .F., .U., (2, 2), (2, 2), (0., 1.), (0., 1.), .UNSPECIFIED.);
#380 = CARTESIAN_POINT('', (-1., -13.8901586977665, -13.8901586977665));
#381 = CARTESIAN_POINT('', (-1., -13.8901586977665, 35.8901586977665));
#382 = CARTESIAN_POINT('', (-1., 35.8901586977665, -13.8901586977665));
#383 = CARTESIAN_POINT('', (-1., 35.8901586977665, 35.8901586977665));
#384 = ADVANCED_FACE('', (#385), #421, .F.);
#385 = FACE_OUTER_BOUND('', #386, .F.);
#386 = EDGE_LOOP('', (#387, #396, #403, #410, #415, #416));
#387 = ORIENTED_EDGE('', *, *, #388, .T.);
#388 = EDGE_CURVE('', #389, #391, #393, .T.);
#389 = VERTEX_POINT('', #390);
#390 = CARTESIAN_POINT('', (-2., 1., 23.62741696));
#391 = VERTEX_POINT('', #392);
#392 = CARTESIAN_POINT('', (-2., 4.37258304, 27.));
#393 = B_SPLINE_CURVE_WITH_KNOTS('', 1, (#394, #395), .UNSPECIFIED., .F., .U., (2, 2), (0., 1.), .UNSPECIFIED.);
#394 = CARTESIAN_POINT('', (-2., 1.00000000000001, 23.62741696));
#395 = CARTESIAN_POINT('', (-2., 4.37258304, 27.));
#396 = ORIENTED_EDGE('', *, *, #397, .F.);
#397 = EDGE_CURVE('', #398, #391, #400, .T.);
#398 = VERTEX_POINT('', #399);
#399 = CARTESIAN_POINT('', (-7., 4.37258304, 27.));
#400 = B_SPLINE_CURVE_WITH_KNOTS('', 1, (#401, #402), .UNSPECIFIED., .F., .U., (2, 2), (0., 0.833333333333333), .UNSPECIFIED.);
#401 = CARTESIAN_POINT('', (-7., 4.37258304, 27.));
#402 = CARTESIAN_POINT('', (-2., 4.37258304, 27.));
#403 = ORIENTED_EDGE('', *, *, #404, .T.);
#404 = EDGE_CURVE('', #398, #405, #407, .T.);
#405 = VERTEX_POINT('', #406);
#406 = CARTESIAN_POINT('', (-7., -5., 17.62741696));
#407 = B_SPLINE_CURVE_WITH_KNOTS('', 1, (#408, #409), .UNSPECIFIED., .F., .U., (2, 2), (0., 1.), .UNSPECIFIED.);
#408 = CARTESIAN_POINT('', (-7., 4.37258304, 27.));
#409 = CARTESIAN_POINT('', (-7., -5., 17.62741696));
#410 = ORIENTED_EDGE('', *, *, #411, .T.);
#411 = EDGE_CURVE('', #405, #341, #412, .T.);
#412 = B_SPLINE_CURVE_WITH_KNOTS('', 1, (#413, #414), .UNSPECIFIED., .F., .U., (2, 2), (0., 1.), .UNSPECIFIED.);
#413 = CARTESIAN_POINT('', (-7., -5., 17.62741696));
#414 = CARTESIAN_POINT('', (-1., -5., 17.62741696));
#415 = ORIENTED_EDGE('', *, *, #340, .F.);
#416 = ORIENTED_EDGE('', *, *, #417, .F.);
#417 = EDGE_CURVE('', #389, #332, #418, .T.);
#418 = B_SPLINE_CURVE_WITH_KNOTS('', 1, (#419, #420), .UNSPECIFIED., .F., .U., (2, 2), (0., 1.), .UNSPECIFIED.);
#419 = CARTESIAN_POINT('', (-2.00000000000017, 1.00000000000016, 23.6274169600001));
#420 = CARTESIAN_POINT('', (-1., -1.15463194561016E-14, 22.62741696));
#421 = B_SPLINE_SURFACE_WITH_KNOTS('', 1, 1, ((#422, #423), (#424, #425)), .UNSPECIFIED., .F., .F., .U., (2, 2), (2, 2), (0., 1.), (0., 1.), .UNSPECIFIED.);
#422 = CARTESIAN_POINT('', (-7., 4.37258304, 27.));
#423 = CARTESIAN_POINT('', (-1., 4.37258304, 27.));
#424 = CARTESIAN_POINT('', (-7., -5., 17.62741696));
#425 = CARTESIAN_POINT('', (-1., -5., 17.62741696));
#426 = ADVANCED_FACE('', (#427), #449, .F.);
#427 = FACE_OUTER_BOUND('', #428, .F.);
#428 = EDGE_LOOP('', (#429, #436, #443, #448));
#429 = ORIENTED_EDGE('', *, *, #430, .T.);
#430 = EDGE_CURVE('', #391, #431, #433, .T.);
#431 = VERTEX_POINT('', #432);
#432 = CARTESIAN_POINT('', (-2., 17.62741696, 27.));
#433 = B_SPLINE_CURVE_WITH_KNOTS('', 1, (#434, #435), .UNSPECIFIED., .F., .U., (2, 2), (0., 1.), .UNSPECIFIED.);
#434 = CARTESIAN_POINT('', (-2., 4.37258304, 27.));
#435 = CARTESIAN_POINT('', (-2., 17.62741696, 27.));
#436 = ORIENTED_EDGE('', *, *, #437, .F.);
#437 = EDGE_CURVE('', #438, #431, #440, .T.);
#438 = VERTEX_POINT('', #439);
#439 = CARTESIAN_POINT('', (-7., 17.62741696, 27.));
#440 = B_SPLINE_CURVE_WITH_KNOTS('', 1, (#441, #442), .UNSPECIFIED., .F., .U., (2, 2), (0., 0.833333333333333), .UNSPECIFIED.);
#441 = CARTESIAN_POINT('', (-7., 17.62741696, 27.));
#442 = CARTESIAN_POINT('', (-2., 17.62741696, 27.));
#443 = ORIENTED_EDGE('', *, *, #444, .T.);
#444 = EDGE_CURVE('', #438, #398, #445, .T.);
#445 = B_SPLINE_CURVE_WITH_KNOTS('', 1, (#446, #447), .UNSPECIFIED., .F., .U., (2, 2), (0., 1.), .UNSPECIFIED.);
#446 = CARTESIAN_POINT('', (-7., 17.62741696, 27.));
#447 = CARTESIAN_POINT('', (-7., 4.37258304, 27.));
#448 = ORIENTED_EDGE('', *, *, #397, .T.);
#449 = B_SPLINE_SURFACE_WITH_KNOTS('', 1, 1, ((#450, #451), (#452, #453)), .UNSPECIFIED., .F., .F., .U., (2, 2), (2, 2), (0., 1.), (0., 1.), .UNSPECIFIED.);
#450 = CARTESIAN_POINT('', (-7., 17.62741696, 27.));
#451 = CARTESIAN_POINT('', (-1., 17.62741696, 27.));
#452 = CARTESIAN_POINT('', (-7., 4.37258304, 27.));
#453 = CARTESIAN_POINT('', (-1., 4.37258304, 27.));
#454 = ADVANCED_FACE('', (#455), #477, .F.);
#455 = FACE_OUTER_BOUND('', #456, .F.);
#456 = EDGE_LOOP('', (#457, #464, #471, #476));
#457 = ORIENTED_EDGE('', *, *, #458, .T.);
#458 = EDGE_CURVE('', #431, #459, #461, .T.);
#459 = VERTEX_POINT('', #460);
#460 = CARTESIAN_POINT('', (-2., 27., 17.62741696));
#461 = B_SPLINE_CURVE_WITH_KNOTS('', 1, (#462, #463), .UNSPECIFIED., .F., .U., (2, 2), (0., 1.), .UNSPECIFIED.);
#462 = CARTESIAN_POINT('', (-2., 17.62741696, 27.));
#463 = CARTESIAN_POINT('', (-2., 27., 17.62741696));
#464 = ORIENTED_EDGE('', *, *, #465, .F.);
#465 = EDGE_CURVE('', #466, #459, #468, .T.);
#466 = VERTEX_POINT('', #467);
#467 = CARTESIAN_POINT('', (-7., 27., 17.62741696));
#468 = B_SPLINE_CURVE_WITH_KNOTS('', 1, (#469, #470), .UNSPECIFIED., .F., .U., (2, 2), (0., 0.833333333333333), .UNSPECIFIED.);
#469 = CARTESIAN_POINT('', (-7., 27., 17.62741696));
#470 = CARTESIAN_POINT('', (-2., 27., 17.62741696));
#471 = ORIENTED_EDGE('', *, *, #472, .T.);
#472 = EDGE_CURVE('', #466, #438, #473, .T.);
#473 = B_SPLINE_CURVE_WITH_KNOTS('', 1, (#474, #475), .UNSPECIFIED., .F., .U., (2, 2), (0., 1.), .UNSPECIFIED.);
#474 = CARTESIAN_POINT('', (-7., 27., 17.62741696));
#475 = CARTESIAN_POINT('', (-7., 17.62741696, 27.));
#476 = ORIENTED_EDGE('', *, *, #437, .T.);
#477 = B_SPLINE_SURFACE_WITH_KNOTS('', 1, 1, ((#478, #479), (#480, #481)), .UNSPECIFIED., .F., .F., .U., (2, 2), (2, 2), (0., 1.), (0., 1.), .UNSPECIFIED.);
#478 = CARTESIAN_POINT('', (-7., 27., 17.62741696));
#479 = CARTESIAN_POINT('', (-1., 27., 17.62741696));
#480 = CARTESIAN_POINT('', (-7., 17.62741696, 27.));
#481 = CARTESIAN_POINT('', (-1., 17.62741696, 27.));
#482 = ADVANCED_FACE('', (#483), #505, .F.);
#483 = FACE_OUTER_BOUND('', #484, .F.);
#484 = EDGE_LOOP('', (#485, #492, #499, #504));
#485 = ORIENTED_EDGE('', *, *, #486, .T.);
#486 = EDGE_CURVE('', #459, #487, #489, .T.);
#487 = VERTEX_POINT('', #488);
#488 = CARTESIAN_POINT('', (-2., 27., 4.37258304));
#489 = B_SPLINE_CURVE_WITH_KNOTS('', 1, (#490, #491), .UNSPECIFIED., .F., .U., (2, 2), (0., 1.), .UNSPECIFIED.);
#490 = CARTESIAN_POINT('', (-2., 27., 17.62741696));
#491 = CARTESIAN_POINT('', (-2., 27., 4.37258304));
#492 = ORIENTED_EDGE('', *, *, #493, .F.);
#493 = EDGE_CURVE('', #494, #487, #496, .T.);
#494 = VERTEX_POINT('', #495);
#495 = CARTESIAN_POINT('', (-7., 27., 4.37258304));
#496 = B_SPLINE_CURVE_WITH_KNOTS('', 1, (#497, #498), .UNSPECIFIED., .F., .U., (2, 2), (0., 0.833333333333333), .UNSPECIFIED.);
#497 = CARTESIAN_POINT('', (-7., 27., 4.37258304));
#498 = CARTESIAN_POINT('', (-2., 27., 4.37258304));
#499 = ORIENTED_EDGE('', *, *, #500, .T.);
#500 = EDGE_CURVE('', #494, #466, #501, .T.);
#501 = B_SPLINE_CURVE_WITH_KNOTS('', 1, (#502, #503), .UNSPECIFIED., .F., .U., (2, 2), (0., 1.), .UNSPECIFIED.);
#502 = CARTESIAN_POINT('', (-7., 27., 4.37258304));
#503 = CARTESIAN_POINT('', (-7., 27., 17.62741696));
#504 = ORIENTED_EDGE('', *, *, #465, .T.);
#505 = B_SPLINE_SURFACE_WITH_KNOTS('', 1, 1, ((#506, #507), (#508, #509)), .UNSPECIFIED., .F., .F., .U., (2, 2), (2, 2), (0., 1.), (0., 1.), .UNSPECIFIED.);
#506 = CARTESIAN_POINT('', (-7., 27., 4.37258304));
#507 = CARTESIAN_POINT('', (-1., 27., 4.37258304));
#508 = CARTESIAN_POINT('', (-7., 27., 17.62741696));
#509 = CARTESIAN_POINT('', (-1., 27., 17.62741696));
#510 = ADVANCED_FACE('', (#511), #539, .F.);
#511 = FACE_OUTER_BOUND('', #512, .F.);
#512 = EDGE_LOOP('', (#513, #520, #525, #526, #533, #538));
#513 = ORIENTED_EDGE('', *, *, #514, .T.);
#514 = EDGE_CURVE('', #487, #515, #517, .T.);
#515 = VERTEX_POINT('', #516);
#516 = CARTESIAN_POINT('', (-2., 23.62741696, 1.));
#517 = B_SPLINE_CURVE_WITH_KNOTS('', 1, (#518, #519), .UNSPECIFIED., .F., .U., (2, 2), (0., 1.), .UNSPECIFIED.);
#518 = CARTESIAN_POINT('', (-2., 27., 4.37258304));
#519 = CARTESIAN_POINT('', (-2., 23.62741696, 0.999999999999973));
#520 = ORIENTED_EDGE('', *, *, #521, .F.);
#521 = EDGE_CURVE('', #369, #515, #522, .T.);
#522 = B_SPLINE_CURVE_WITH_KNOTS('', 1, (#523, #524), .UNSPECIFIED., .F., .U., (2, 2), (0., 1.), .UNSPECIFIED.);
#523 = CARTESIAN_POINT('', (-1., 22.62741696, -4.55191440096314E-15));
#524 = CARTESIAN_POINT('', (-2.00000000000003, 23.62741696, 1.00000000000003));
#525 = ORIENTED_EDGE('', *, *, #368, .F.);
#526 = ORIENTED_EDGE('', *, *, #527, .F.);
#527 = EDGE_CURVE('', #528, #362, #530, .T.);
#528 = VERTEX_POINT('', #529);
#529 = CARTESIAN_POINT('', (-7., 17.62741696, -5.));
#530 = B_SPLINE_CURVE_WITH_KNOTS('', 1, (#531, #532), .UNSPECIFIED., .F., .U., (2, 2), (0., 1.), .UNSPECIFIED.);
#531 = CARTESIAN_POINT('', (-7., 17.62741696, -5.));
#532 = CARTESIAN_POINT('', (-1., 17.62741696, -5.));
#533 = ORIENTED_EDGE('', *, *, #534, .T.);
#534 = EDGE_CURVE('', #528, #494, #535, .T.);
#535 = B_SPLINE_CURVE_WITH_KNOTS('', 1, (#536, #537), .UNSPECIFIED., .F., .U., (2, 2), (0., 1.), .UNSPECIFIED.);
#536 = CARTESIAN_POINT('', (-7., 17.62741696, -5.));
#537 = CARTESIAN_POINT('', (-7., 27., 4.37258304));
#538 = ORIENTED_EDGE('', *, *, #493, .T.);
#539 = B_SPLINE_SURFACE_WITH_KNOTS('', 1, 1, ((#540, #541), (#542, #543)), .UNSPECIFIED., .F., .F., .U., (2, 2), (2, 2), (0., 1.), (0., 1.), .UNSPECIFIED.);
#540 = CARTESIAN_POINT('', (-7., 17.62741696, -5.));
#541 = CARTESIAN_POINT('', (-1., 17.62741696, -5.));
#542 = CARTESIAN_POINT('', (-7., 27., 4.37258304));
#543 = CARTESIAN_POINT('', (-1., 27., 4.37258304));
#544 = ADVANCED_FACE('', (#545), #561, .F.);
#545 = FACE_OUTER_BOUND('', #546, .F.);
#546 = EDGE_LOOP('', (#547, #554, #559, #560));
#547 = ORIENTED_EDGE('', *, *, #548, .F.);
#548 = EDGE_CURVE('', #549, #355, #551, .T.);
#549 = VERTEX_POINT('', #550);
#550 = CARTESIAN_POINT('', (-7., 4.37258304, -5.));
#551 = B_SPLINE_CURVE_WITH_KNOTS('', 1, (#552, #553), .UNSPECIFIED., .F., .U., (2, 2), (0., 1.), .UNSPECIFIED.);
#552 = CARTESIAN_POINT('', (-7., 4.37258304, -5.));
#553 = CARTESIAN_POINT('', (-1., 4.37258304, -5.));
#554 = ORIENTED_EDGE('', *, *, #555, .T.);
#555 = EDGE_CURVE('', #549, #528, #556, .T.);
#556 = B_SPLINE_CURVE_WITH_KNOTS('', 1, (#557, #558), .UNSPECIFIED., .F., .U., (2, 2), (0., 1.), .UNSPECIFIED.);
#557 = CARTESIAN_POINT('', (-7., 4.37258304, -5.));
#558 = CARTESIAN_POINT('', (-7., 17.62741696, -5.));
#559 = ORIENTED_EDGE('', *, *, #527, .T.);
#560 = ORIENTED_EDGE('', *, *, #361, .F.);
#561 = B_SPLINE_SURFACE_WITH_KNOTS('', 1, 1, ((#562, #563), (#564, #565)), .UNSPECIFIED., .F., .F., .U., (2, 2), (2, 2), (0., 1.), (0., 1.), .UNSPECIFIED.);
#562 = CARTESIAN_POINT('', (-7., 4.37258304, -5.));
#563 = CARTESIAN_POINT('', (-1., 4.37258304, -5.));
#564 = CARTESIAN_POINT('', (-7., 17.62741696, -5.));
#565 = CARTESIAN_POINT('', (-1., 17.62741696, -5.));
#566 = ADVANCED_FACE('', (#567), #587, .F.);
#567 = FACE_OUTER_BOUND('', #568, .F.);
#568 = EDGE_LOOP('', (#569, #570, #571, #572, #573, #580, #585, #586));
#569 = ORIENTED_EDGE('', *, *, #472, .F.);
#570 = ORIENTED_EDGE('', *, *, #500, .F.);
#571 = ORIENTED_EDGE('', *, *, #534, .F.);
#572 = ORIENTED_EDGE('', *, *, #555, .F.);
#573 = ORIENTED_EDGE('', *, *, #574, .F.);
#574 = EDGE_CURVE('', #575, #549, #577, .T.);
#575 = VERTEX_POINT('', #576);
#576 = CARTESIAN_POINT('', (-7., -5., 4.37258304));
#577 = B_SPLINE_CURVE_WITH_KNOTS('', 1, (#578, #579), .UNSPECIFIED., .F., .U., (2, 2), (0., 1.), .UNSPECIFIED.);
#578 = CARTESIAN_POINT('', (-7., -5., 4.37258304));
#579 = CARTESIAN_POINT('', (-7., 4.37258304, -5.));
#580 = ORIENTED_EDGE('', *, *, #581, .F.);
#581 = EDGE_CURVE('', #405, #575, #582, .T.);
#582 = B_SPLINE_CURVE_WITH_KNOTS('', 1, (#583, #584), .UNSPECIFIED., .F., .U., (2, 2), (0., 1.), .UNSPECIFIED.);
#583 = CARTESIAN_POINT('', (-7., -5., 17.62741696));
#584 = CARTESIAN_POINT('', (-7., -5., 4.37258304));
#585 = ORIENTED_EDGE('', *, *, #404, .F.);
#586 = ORIENTED_EDGE('', *, *, #444, .F.);
#587 = B_SPLINE_SURFACE_WITH_KNOTS('', 1, 1, ((#588, #589), (#590, #591)), .UNSPECIFIED., .F., .F., .U., (2, 2), (2, 2), (0., 1.), (0., 1.), .UNSPECIFIED.);
#588 = CARTESIAN_POINT('', (-7., -13.8901586977665, -13.8901586977665));
#589 = CARTESIAN_POINT('', (-7., 35.8901586977665, -13.8901586977665));
#590 = CARTESIAN_POINT('', (-7., -13.8901586977665, 35.8901586977665));
#591 = CARTESIAN_POINT('', (-7., 35.8901586977665, 35.8901586977665));
#592 = ADVANCED_FACE('', (#593), #603, .F.);
#593 = FACE_OUTER_BOUND('', #594, .F.);
#594 = EDGE_LOOP('', (#595, #600, #601, #602));
#595 = ORIENTED_EDGE('', *, *, #596, .F.);
#596 = EDGE_CURVE('', #575, #348, #597, .T.);
#597 = B_SPLINE_CURVE_WITH_KNOTS('', 1, (#598, #599), .UNSPECIFIED., .F., .U., (2, 2), (0., 1.), .UNSPECIFIED.);
#598 = CARTESIAN_POINT('', (-7., -5., 4.37258304));
#599 = CARTESIAN_POINT('', (-1., -5., 4.37258304));
#600 = ORIENTED_EDGE('', *, *, #574, .T.);
#601 = ORIENTED_EDGE('', *, *, #548, .T.);
#602 = ORIENTED_EDGE('', *, *, #354, .F.);
#603 = B_SPLINE_SURFACE_WITH_KNOTS('', 1, 1, ((#604, #605), (#606, #607)), .UNSPECIFIED., .F., .F., .U., (2, 2), (2, 2), (0., 1.), (0., 1.), .UNSPECIFIED.);
#604 = CARTESIAN_POINT('', (-7., -5., 4.37258304));
#605 = CARTESIAN_POINT('', (-1., -5., 4.37258304));
#606 = CARTESIAN_POINT('', (-7., 4.37258304, -5.));
#607 = CARTESIAN_POINT('', (-1., 4.37258304, -5.));
#608 = ADVANCED_FACE('', (#609), #615, .F.);
#609 = FACE_OUTER_BOUND('', #610, .F.);
#610 = EDGE_LOOP('', (#611, #612, #613, #614));
#611 = ORIENTED_EDGE('', *, *, #411, .F.);
#612 = ORIENTED_EDGE('', *, *, #581, .T.);
#613 = ORIENTED_EDGE('', *, *, #596, .T.);
#614 = ORIENTED_EDGE('', *, *, #347, .F.);
#615 = B_SPLINE_SURFACE_WITH_KNOTS('', 1, 1, ((#616, #617), (#618, #619)), .UNSPECIFIED., .F., .F., .U., (2, 2), (2, 2), (0., 1.), (0., 1.), .UNSPECIFIED.);
#616 = CARTESIAN_POINT('', (-7., -5., 17.62741696));
#617 = CARTESIAN_POINT('', (-1., -5., 17.62741696));
#618 = CARTESIAN_POINT('', (-7., -5., 4.37258304));
#619 = CARTESIAN_POINT('', (-1., -5., 4.37258304));
#620 = ADVANCED_FACE('', (#621), #651, .F.);
#621 = FACE_OUTER_BOUND('', #622, .F.);
#622 = EDGE_LOOP('', (#623, #632, #639, #646));
#623 = ORIENTED_EDGE('', *, *, #624, .F.);
#624 = EDGE_CURVE('', #625, #627, #629, .T.);
#625 = VERTEX_POINT('', #626);
#626 = CARTESIAN_POINT('', (114., -0.5, -2.));
#627 = VERTEX_POINT('', #628);
#628 = CARTESIAN_POINT('', (114., 35., -2.));
#629 = B_SPLINE_CURVE_WITH_KNOTS('', 1, (#630, #631), .UNSPECIFIED., .F., .U., (2, 2), (0., 1.), .UNSPECIFIED.);
#630 = CARTESIAN_POINT('', (114., -0.500000000000028, -2.));
#631 = CARTESIAN_POINT('', (114., 35., -2.));
#632 = ORIENTED_EDGE('', *, *, #633, .F.);
#633 = EDGE_CURVE('', #634, #625, #636, .T.);
#634 = VERTEX_POINT('', #635);
#635 = CARTESIAN_POINT('', (1., -0.5, -2.));
#636 = B_SPLINE_CURVE_WITH_KNOTS('', 1, (#637, #638), .UNSPECIFIED., .F., .U., (2, 2), (0.0252100840336134, 0.974789915966387), .UNSPECIFIED.);
#637 = CARTESIAN_POINT('', (1., -0.5, -2.));
#638 = CARTESIAN_POINT('', (114., -0.5, -2.));
#639 = ORIENTED_EDGE('', *, *, #640, .F.);
#640 = EDGE_CURVE('', #641, #634, #643, .T.);
#641 = VERTEX_POINT('', #642);
#642 = CARTESIAN_POINT('', (1., 35., -2.));
#643 = B_SPLINE_CURVE_WITH_KNOTS('', 1, (#644, #645), .UNSPECIFIED., .F., .U., (2, 2), (0., 1.), .UNSPECIFIED.);
#644 = CARTESIAN_POINT('', (1., 35., -2.));
#645 = CARTESIAN_POINT('', (1., -0.5, -2.));
#646 = ORIENTED_EDGE('', *, *, #647, .T.);
#647 = EDGE_CURVE('', #641, #627, #648, .T.);
#648 = B_SPLINE_CURVE_WITH_KNOTS('', 1, (#649, #650), .UNSPECIFIED., .F., .U., (2, 2), (0.0252100840336134, 0.974789915966387), .UNSPECIFIED.);
#649 = CARTESIAN_POINT('', (1., 35., -2.));
#650 = CARTESIAN_POINT('', (114., 35., -2.));
#651 = B_SPLINE_SURFACE_WITH_KNOTS('', 1, 1, ((#652, #653), (#654, #655)), .UNSPECIFIED., .F., .F., .U., (2, 2), (2, 2), (0., 1.), (0., 1.), .UNSPECIFIED.);
#652 = CARTESIAN_POINT('', (-2., -0.5, -2.));
#653 = CARTESIAN_POINT('', (117., -0.5, -2.));
#654 = CARTESIAN_POINT('', (-2., 35., -2.));
#655 = CARTESIAN_POINT('', (117., 35., -2.));
#656 = ADVANCED_FACE('', (#657), #686, .F.);
#657 = FACE_OUTER_BOUND('', #658, .F.);
#658 = EDGE_LOOP('', (#659, #668, #673, #674, #681));
#659 = ORIENTED_EDGE('', *, *, #660, .F.);
#660 = EDGE_CURVE('', #661, #663, #665, .T.);
#661 = VERTEX_POINT('', #662);
#662 = CARTESIAN_POINT('', (0.249999999999979, -1.24999999999999, -1.25000000000001));
#663 = VERTEX_POINT('', #664);
#664 = CARTESIAN_POINT('', (1., -2., -0.5));
#665 = B_SPLINE_CURVE_WITH_KNOTS('', 1, (#666, #667), .UNSPECIFIED., .F., .U., (2, 2), (0.500000000000005, 1.), .UNSPECIFIED.);
#666 = CARTESIAN_POINT('', (0.249999999999978, -1.25000000000001, -1.25000000000002));
#667 = CARTESIAN_POINT('', (0.999999999999972, -2., -0.500000000000028));
#668 = ORIENTED_EDGE('', *, *, #669, .F.);
#669 = EDGE_CURVE('', #634, #661, #670, .T.);
#670 = B_SPLINE_CURVE_WITH_KNOTS('', 1, (#671, #672), .UNSPECIFIED., .F., .U., (2, 2), (0., 0.50000000000002), .UNSPECIFIED.);
#671 = CARTESIAN_POINT('', (1., -0.499999999999972, -2.00000000000003));
#672 = CARTESIAN_POINT('', (0.249999999999979, -1.24999999999999, -1.25000000000001));
#673 = ORIENTED_EDGE('', *, *, #633, .T.);
#674 = ORIENTED_EDGE('', *, *, #675, .F.);
#675 = EDGE_CURVE('', #676, #625, #678, .T.);
#676 = VERTEX_POINT('', #677);
#677 = CARTESIAN_POINT('', (115.5, -2., -0.5));
#678 = B_SPLINE_CURVE_WITH_KNOTS('', 1, (#679, #680), .UNSPECIFIED., .F., .U., (2, 2), (0., 1.), .UNSPECIFIED.);
#679 = CARTESIAN_POINT('', (115.5, -2.00000000000003, -0.499999999999972));
#680 = CARTESIAN_POINT('', (114., -0.500000000000038, -1.99999999999996));
#681 = ORIENTED_EDGE('', *, *, #682, .F.);
#682 = EDGE_CURVE('', #663, #676, #683, .T.);
#683 = B_SPLINE_CURVE_WITH_KNOTS('', 1, (#684, #685), .UNSPECIFIED., .F., .U., (2, 2), (0.0252100840336134, 0.987394957983193), .UNSPECIFIED.);
#684 = CARTESIAN_POINT('', (1., -2., -0.5));
#685 = CARTESIAN_POINT('', (115.5, -2., -0.5));
#686 = B_SPLINE_SURFACE_WITH_KNOTS('', 1, 1, ((#687, #688), (#689, #690)), .UNSPECIFIED., .F., .F., .U., (2, 2), (2, 2), (0., 1.), (0., 1.), .UNSPECIFIED.);
#687 = CARTESIAN_POINT('', (-2., -2., -0.5));
#688 = CARTESIAN_POINT('', (117., -2., -0.5));
#689 = CARTESIAN_POINT('', (-2., -0.5, -2.));
#690 = CARTESIAN_POINT('', (117., -0.5, -2.));
#691 = ADVANCED_FACE('', (#692), #729, .T.);
#692 = FACE_OUTER_BOUND('', #693, .T.);
#693 = EDGE_LOOP('', (#694, #703, #710, #717, #724));
#694 = ORIENTED_EDGE('', *, *, #695, .F.);
#695 = EDGE_CURVE('', #696, #698, #700, .T.);
#696 = VERTEX_POINT('', #697);
#697 = CARTESIAN_POINT('', (-2., 38., 1.00000000000001));
#698 = VERTEX_POINT('', #699);
#699 = CARTESIAN_POINT('', (-2., 38., 31.2));
#700 = B_SPLINE_CURVE_WITH_KNOTS('', 1, (#701, #702), .UNSPECIFIED., .F., .U., (2, 2), (0., 1.), .UNSPECIFIED.);
#701 = CARTESIAN_POINT('', (-2., 38., 0.999999999999972));
#702 = CARTESIAN_POINT('', (-2., 38., 31.2));
#703 = ORIENTED_EDGE('', *, *, #704, .F.);
#704 = EDGE_CURVE('', #705, #696, #707, .T.);
#705 = VERTEX_POINT('', #706);
#706 = CARTESIAN_POINT('', (0.999999999999997, 41., 4.));
#707 = B_SPLINE_CURVE_WITH_KNOTS('', 1, (#708, #709), .UNSPECIFIED., .F., .U., (2, 2), (0., 1.), .UNSPECIFIED.);
#708 = CARTESIAN_POINT('', (1., 41., 4.));
#709 = CARTESIAN_POINT('', (-2., 38., 0.999999999999995));
#710 = ORIENTED_EDGE('', *, *, #711, .F.);
#711 = EDGE_CURVE('', #712, #705, #714, .T.);
#712 = VERTEX_POINT('', #713);
#713 = CARTESIAN_POINT('', (0.999999999999997, 41., 31.2));
#714 = B_SPLINE_CURVE_WITH_KNOTS('', 1, (#715, #716), .UNSPECIFIED., .F., .U., (2, 2), (0., 1.), .UNSPECIFIED.);
#715 = CARTESIAN_POINT('', (0.999999999999996, 41., 31.2));
#716 = CARTESIAN_POINT('', (0.999999999999996, 41., 3.99999999999989));
#717 = ORIENTED_EDGE('', *, *, #718, .F.);
#718 = EDGE_CURVE('', #719, #712, #721, .T.);
#719 = VERTEX_POINT('', #720);
#720 = CARTESIAN_POINT('', (-0.499999999999993, 39.5, 32.7));
#721 = B_SPLINE_CURVE_WITH_KNOTS('', 1, (#722, #723), .UNSPECIFIED., .F., .U., (2, 2), (0.318181818181827, 1.), .UNSPECIFIED.);
#722 = CARTESIAN_POINT('', (-0.499999999999992, 39.5, 32.7));
#723 = CARTESIAN_POINT('', (1., 41., 31.2));
#724 = ORIENTED_EDGE('', *, *, #725, .T.);
#725 = EDGE_CURVE('', #719, #698, #726, .T.);
#726 = B_SPLINE_CURVE_WITH_KNOTS('', 1, (#727, #728), .UNSPECIFIED., .F., .U., (2, 2), (0.318181818181799, 1.), .UNSPECIFIED.);
#727 = CARTESIAN_POINT('', (-0.499999999999968, 39.5, 32.7));
#728 = CARTESIAN_POINT('', (-2.00000000000007, 37.9999999999999, 31.1999999999999));
#729 = B_SPLINE_SURFACE_WITH_KNOTS('', 1, 1, ((#730, #731), (#732, #733)), .UNSPECIFIED., .F., .F., .U., (2, 2), (2, 2), (0., 262.778810348208), (0., 262.778810348208), .UNSPECIFIED.);
#730 = CARTESIAN_POINT('', (-92.7026266357684, -52.7026266357684, 130.044949887415));
#731 = CARTESIAN_POINT('', (93.110052113583, 133.110052113583, 130.044949887415));
#732 = CARTESIAN_POINT('', (-92.7026266357684, -52.7026266357684, -132.733860460793));
#733 = CARTESIAN_POINT('', (93.110052113583, 133.110052113583, -132.733860460793));
#734 = ADVANCED_FACE('', (#735), #763, .F.);
#735 = FACE_OUTER_BOUND('', #736, .F.);
#736 = EDGE_LOOP('', (#737, #746, #751, #752, #757, #758));
#737 = ORIENTED_EDGE('', *, *, #738, .F.);
#738 = EDGE_CURVE('', #739, #741, #743, .T.);
#739 = VERTEX_POINT('', #740);
#740 = CARTESIAN_POINT('', (115.5, 36.5, -0.5));
#741 = VERTEX_POINT('', #742);
#742 = CARTESIAN_POINT('', (111., 41., 4.));
#743 = B_SPLINE_CURVE_WITH_KNOTS('', 1, (#744, #745), .UNSPECIFIED., .F., .U., (2, 2), (0.249999999999999, 1.), .UNSPECIFIED.);
#744 = CARTESIAN_POINT('', (115.5, 36.5, -0.500000000000013));
#745 = CARTESIAN_POINT('', (111., 41., 3.99999999999998));
#746 = ORIENTED_EDGE('', *, *, #747, .F.);
#747 = EDGE_CURVE('', #627, #739, #748, .T.);
#748 = B_SPLINE_CURVE_WITH_KNOTS('', 1, (#749, #750), .UNSPECIFIED., .F., .U., (2, 2), (0., 0.50000000000001), .UNSPECIFIED.);
#749 = CARTESIAN_POINT('', (114., 35., -2.));
#750 = CARTESIAN_POINT('', (115.5, 36.5, -0.5));
#751 = ORIENTED_EDGE('', *, *, #647, .F.);
#752 = ORIENTED_EDGE('', *, *, #753, .F.);
#753 = EDGE_CURVE('', #696, #641, #754, .T.);
#754 = B_SPLINE_CURVE_WITH_KNOTS('', 1, (#755, #756), .UNSPECIFIED., .F., .U., (2, 2), (0., 1.), .UNSPECIFIED.);
#755 = CARTESIAN_POINT('', (-2., 38., 1.));
#756 = CARTESIAN_POINT('', (0.999999999999953, 35.0000000000001, -1.99999999999995));
#757 = ORIENTED_EDGE('', *, *, #704, .F.);
#758 = ORIENTED_EDGE('', *, *, #759, .T.);
#759 = EDGE_CURVE('', #705, #741, #760, .T.);
#760 = B_SPLINE_CURVE_WITH_KNOTS('', 1, (#761, #762), .UNSPECIFIED., .F., .U., (2, 2), (0.0252100840336134, 0.949579831932773), .UNSPECIFIED.);
#761 = CARTESIAN_POINT('', (0.999999999999997, 41., 4.));
#762 = CARTESIAN_POINT('', (111., 41., 4.));
#763 = B_SPLINE_SURFACE_WITH_KNOTS('', 1, 1, ((#764, #765), (#766, #767)), .UNSPECIFIED., .F., .F., .U., (2, 2), (2, 2), (0., 1.), (0., 1.), .UNSPECIFIED.);
#764 = CARTESIAN_POINT('', (-2., 35., -2.));
#765 = CARTESIAN_POINT('', (117., 35., -2.));
#766 = CARTESIAN_POINT('', (-2., 41., 4.));
#767 = CARTESIAN_POINT('', (117., 41., 4.));
#768 = ADVANCED_FACE('', (#769), #792, .F.);
#769 = FACE_OUTER_BOUND('', #770, .F.);
#770 = EDGE_LOOP('', (#771, #780, #785, #786, #787));
#771 = ORIENTED_EDGE('', *, *, #772, .F.);
#772 = EDGE_CURVE('', #773, #775, #777, .T.);
#773 = VERTEX_POINT('', #774);
#774 = CARTESIAN_POINT('', (111., 41., 30.25));
#775 = VERTEX_POINT('', #776);
#776 = CARTESIAN_POINT('', (105.571428571429, 41., 31.2));
#777 = B_SPLINE_CURVE_WITH_KNOTS('', 1, (#778, #779), .UNSPECIFIED., .F., .U., (2, 2), (0., 1.), .UNSPECIFIED.);
#778 = CARTESIAN_POINT('', (111., 41., 30.25));
#779 = CARTESIAN_POINT('', (105.571428571429, 41., 31.2));
#780 = ORIENTED_EDGE('', *, *, #781, .F.);
#781 = EDGE_CURVE('', #741, #773, #782, .T.);
#782 = B_SPLINE_CURVE_WITH_KNOTS('', 1, (#783, #784), .UNSPECIFIED., .F., .U., (2, 2), (0., 0.965073529411768), .UNSPECIFIED.);
#783 = CARTESIAN_POINT('', (111., 41., 3.99999999999994));
#784 = CARTESIAN_POINT('', (111., 41., 30.25));
#785 = ORIENTED_EDGE('', *, *, #759, .F.);
#786 = ORIENTED_EDGE('', *, *, #711, .F.);
#787 = ORIENTED_EDGE('', *, *, #788, .T.);
#788 = EDGE_CURVE('', #712, #775, #789, .T.);
#789 = B_SPLINE_CURVE_WITH_KNOTS('', 1, (#790, #791), .UNSPECIFIED., .F., .U., (2, 2), (0.0252100840336134, 0.903961584633854), .UNSPECIFIED.);
#790 = CARTESIAN_POINT('', (0.999999999999997, 41., 31.2));
#791 = CARTESIAN_POINT('', (105.571428571429, 41., 31.2));
#792 = B_SPLINE_SURFACE_WITH_KNOTS('', 1, 1, ((#793, #794), (#795, #796)), .UNSPECIFIED., .F., .F., .U., (2, 2), (2, 2), (0., 1.), (0., 1.), .UNSPECIFIED.);
#793 = CARTESIAN_POINT('', (-2., 41., 4.));
#794 = CARTESIAN_POINT('', (117., 41., 4.));
#795 = CARTESIAN_POINT('', (-2., 41., 31.2));
#796 = CARTESIAN_POINT('', (117., 41., 31.2));
#797 = ADVANCED_FACE('', (#798), #821, .F.);
#798 = FACE_OUTER_BOUND('', #799, .F.);
#799 = EDGE_LOOP('', (#800, #807, #808, #809, #816));
#800 = ORIENTED_EDGE('', *, *, #801, .F.);
#801 = EDGE_CURVE('', #775, #802, #804, .T.);
#802 = VERTEX_POINT('', #803);
#803 = CARTESIAN_POINT('', (93., 38.8, 33.4));
#804 = B_SPLINE_CURVE_WITH_KNOTS('', 1, (#805, #806), .UNSPECIFIED., .F., .U., (2, 2), (0., 1.), .UNSPECIFIED.);
#805 = CARTESIAN_POINT('', (105.571428571428, 41., 31.2));
#806 = CARTESIAN_POINT('', (93., 38.8, 33.4));
#807 = ORIENTED_EDGE('', *, *, #788, .F.);
#808 = ORIENTED_EDGE('', *, *, #718, .F.);
#809 = ORIENTED_EDGE('', *, *, #810, .F.);
#810 = EDGE_CURVE('', #811, #719, #813, .T.);
#811 = VERTEX_POINT('', #812);
#812 = CARTESIAN_POINT('', (0.199999999999989, 38.8, 33.4));
#813 = B_SPLINE_CURVE_WITH_KNOTS('', 1, (#814, #815), .UNSPECIFIED., .F., .U., (2, 2), (0., 0.318181818181807), .UNSPECIFIED.);
#814 = CARTESIAN_POINT('', (0.199999999999989, 38.8, 33.4));
#815 = CARTESIAN_POINT('', (-0.499999999999993, 39.5, 32.7));
#816 = ORIENTED_EDGE('', *, *, #817, .T.);
#817 = EDGE_CURVE('', #811, #802, #818, .T.);
#818 = B_SPLINE_CURVE_WITH_KNOTS('', 1, (#819, #820), .UNSPECIFIED., .F., .U., (2, 2), (0.0184873949579831, 0.798319327731093), .UNSPECIFIED.);
#819 = CARTESIAN_POINT('', (0.199999999999989, 38.8, 33.4));
#820 = CARTESIAN_POINT('', (93., 38.8, 33.4));
#821 = B_SPLINE_SURFACE_WITH_KNOTS('', 1, 1, ((#822, #823), (#824, #825)), .UNSPECIFIED., .F., .F., .U., (2, 2), (2, 2), (0., 1.), (0., 1.), .UNSPECIFIED.);
#822 = CARTESIAN_POINT('', (-2., 41., 31.2));
#823 = CARTESIAN_POINT('', (117., 41., 31.2));
#824 = CARTESIAN_POINT('', (-2., 38.8, 33.4));
#825 = CARTESIAN_POINT('', (117., 38.8, 33.4));
#826 = ADVANCED_FACE('', (#827), #850, .T.);
#827 = FACE_OUTER_BOUND('', #828, .T.);
#828 = EDGE_LOOP('', (#829, #836, #837, #838, #845));
#829 = ORIENTED_EDGE('', *, *, #830, .F.);
#830 = EDGE_CURVE('', #773, #831, #833, .T.);
#831 = VERTEX_POINT('', #832);
#832 = CARTESIAN_POINT('', (117., 35., 29.2));
#833 = B_SPLINE_CURVE_WITH_KNOTS('', 1, (#834, #835), .UNSPECIFIED., .F., .U., (2, 2), (0., 1.), .UNSPECIFIED.);
#834 = CARTESIAN_POINT('', (111., 41., 30.25));
#835 = CARTESIAN_POINT('', (117., 35., 29.2));
#836 = ORIENTED_EDGE('', *, *, #781, .F.);
#837 = ORIENTED_EDGE('', *, *, #738, .F.);
#838 = ORIENTED_EDGE('', *, *, #839, .T.);
#839 = EDGE_CURVE('', #739, #840, #842, .T.);
#840 = VERTEX_POINT('', #841);
#841 = CARTESIAN_POINT('', (117., 35., 0.999999999999996));
#842 = B_SPLINE_CURVE_WITH_KNOTS('', 1, (#843, #844), .UNSPECIFIED., .F., .U., (2, 2), (0.499999999999992, 1.), .UNSPECIFIED.);
#843 = CARTESIAN_POINT('', (115.5, 36.5, -0.5));
#844 = CARTESIAN_POINT('', (117., 35., 1.00000000000002));
#845 = ORIENTED_EDGE('', *, *, #846, .F.);
#846 = EDGE_CURVE('', #831, #840, #847, .T.);
#847 = B_SPLINE_CURVE_WITH_KNOTS('', 1, (#848, #849), .UNSPECIFIED., .F., .U., (2, 2), (0.129629629629628, 1.), .UNSPECIFIED.);
#848 = CARTESIAN_POINT('', (117., 35., 29.2));
#849 = CARTESIAN_POINT('', (117., 35., 0.999999999999943));
#850 = B_SPLINE_SURFACE_WITH_KNOTS('', 1, 1, ((#851, #852), (#853, #854)), .UNSPECIFIED., .F., .F., .U., (2, 2), (2, 2), (0., 262.778810348208), (0., 262.778810348208), .UNSPECIFIED.);
#851 = CARTESIAN_POINT('', (19.6862445302211, 132.313755469779, 130.70050585998));
#852 = CARTESIAN_POINT('', (205.498923279573, -53.4989232795726, 130.70050585998));
#853 = CARTESIAN_POINT('', (19.6862445302211, 132.313755469779, -132.078304488228));
#854 = CARTESIAN_POINT('', (205.498923279573, -53.4989232795726, -132.078304488228));
#855 = ADVANCED_FACE('', (#856), #880, .T.);
#856 = FACE_OUTER_BOUND('', #857, .T.);
#857 = EDGE_LOOP('', (#858, #859, #866, #873, #878, #879));
#858 = ORIENTED_EDGE('', *, *, #830, .T.);
#859 = ORIENTED_EDGE('', *, *, #860, .F.);
#860 = EDGE_CURVE('', #861, #831, #863, .T.);
#861 = VERTEX_POINT('', #862);
#862 = CARTESIAN_POINT('', (117., -0.19999999999999, 29.2));
#863 = B_SPLINE_CURVE_WITH_KNOTS('', 1, (#864, #865), .UNSPECIFIED., .F., .U., (2, 2), (0.00845070422535056, 1.), .UNSPECIFIED.);
#864 = CARTESIAN_POINT('', (117., -0.199999999999999, 29.2));
#865 = CARTESIAN_POINT('', (117., 35., 29.2));
#866 = ORIENTED_EDGE('', *, *, #867, .F.);
#867 = EDGE_CURVE('', #868, #861, #870, .T.);
#868 = VERTEX_POINT('', #869);
#869 = CARTESIAN_POINT('', (93.0000000000001, 4., 33.4));
#870 = B_SPLINE_CURVE_WITH_KNOTS('', 1, (#871, #872), .UNSPECIFIED., .F., .U., (2, 2), (0., 1.), .UNSPECIFIED.);
#871 = CARTESIAN_POINT('', (93.0000000000001, 3.99999999999999, 33.4));
#872 = CARTESIAN_POINT('', (117., -0.199999999999994, 29.2));
#873 = ORIENTED_EDGE('', *, *, #874, .F.);
#874 = EDGE_CURVE('', #802, #868, #875, .T.);
#875 = B_SPLINE_CURVE_WITH_KNOTS('', 1, (#876, #877), .UNSPECIFIED., .F., .U., (2, 2), (0., 1.), .UNSPECIFIED.);
#876 = CARTESIAN_POINT('', (93., 38.8000000000001, 33.4));
#877 = CARTESIAN_POINT('', (93., 4.00000000000006, 33.4));
#878 = ORIENTED_EDGE('', *, *, #801, .F.);
#879 = ORIENTED_EDGE('', *, *, #772, .F.);
#880 = B_SPLINE_SURFACE_WITH_KNOTS('', 1, 1, ((#881, #882), (#883, #884)), .UNSPECIFIED., .F., .F., .U., (2, 2), (2, 2), (0., 262.778810348208), (0., 262.778810348208), .UNSPECIFIED.);
#881 = CARTESIAN_POINT('', (237.533257736838, -93.6014977135731, 8.10667989605335));
#882 = CARTESIAN_POINT('', (237.533257736838, 169.177312634635, 8.10667989605335));
#883 = CARTESIAN_POINT('', (-21.3118765790774, -93.6014977135731, 53.4045784013386));
#884 = CARTESIAN_POINT('', (-21.3118765790774, 169.177312634635, 53.4045784013386));
#885 = ADVANCED_FACE('', (#886), #909, .T.);
#886 = FACE_OUTER_BOUND('', #887, .T.);
#887 = EDGE_LOOP('', (#888, #897, #902, #903, #904));
#888 = ORIENTED_EDGE('', *, *, #889, .F.);
#889 = EDGE_CURVE('', #890, #892, #894, .T.);
#890 = VERTEX_POINT('', #891);
#891 = CARTESIAN_POINT('', (-2., 12.84, 31.2));
#892 = VERTEX_POINT('', #893);
#893 = CARTESIAN_POINT('', (0.199999999999996, 17.7166666666667, 33.4));
#894 = B_SPLINE_CURVE_WITH_KNOTS('', 1, (#895, #896), .UNSPECIFIED., .F., .U., (2, 2), (0., 1.), .UNSPECIFIED.);
#895 = CARTESIAN_POINT('', (-2.00000000000017, 12.8399999999996, 31.1999999999998));
#896 = CARTESIAN_POINT('', (0.200000000000029, 17.7166666666667, 33.4));
#897 = ORIENTED_EDGE('', *, *, #898, .F.);
#898 = EDGE_CURVE('', #698, #890, #899, .T.);
#899 = B_SPLINE_CURVE_WITH_KNOTS('', 1, (#900, #901), .UNSPECIFIED., .F., .U., (2, 2), (0.198041717551298, 0.608704981681534), .UNSPECIFIED.);
#900 = CARTESIAN_POINT('', (-2., 38., 31.2));
#901 = CARTESIAN_POINT('', (-2., 12.84, 31.2));
#902 = ORIENTED_EDGE('', *, *, #725, .F.);
#903 = ORIENTED_EDGE('', *, *, #810, .F.);
#904 = ORIENTED_EDGE('', *, *, #905, .F.);
#905 = EDGE_CURVE('', #892, #811, #906, .T.);
#906 = B_SPLINE_CURVE_WITH_KNOTS('', 1, (#907, #908), .UNSPECIFIED., .F., .U., (2, 2), (0.394157088122604, 1.), .UNSPECIFIED.);
#907 = CARTESIAN_POINT('', (0.199999999999996, 17.7166666666667, 33.4));
#908 = CARTESIAN_POINT('', (0.199999999999996, 38.8, 33.4));
#909 = B_SPLINE_SURFACE_WITH_KNOTS('', 1, 1, ((#910, #911), (#912, #913)), .UNSPECIFIED., .F., .F., .U., (2, 2), (2, 2), (0., 262.778810348208), (0., 262.778810348208), .UNSPECIFIED.);
#910 = CARTESIAN_POINT('', (92.6019457500091, -91.0020908670127, 125.801945750009));
#911 = CARTESIAN_POINT('', (92.6019457500091, 171.776719481195, 125.801945750009));
#912 = CARTESIAN_POINT('', (-93.2107329993422, -91.0020908670127, -60.0107329993422));
#913 = CARTESIAN_POINT('', (-93.2107329993422, 171.776719481195, -60.0107329993422));
#914 = ADVANCED_FACE('', (#915), #944, .F.);
#915 = FACE_OUTER_BOUND('', #916, .F.);
#916 = EDGE_LOOP('', (#917, #926, #931, #932, #939));
#917 = ORIENTED_EDGE('', *, *, #918, .F.);
#918 = EDGE_CURVE('', #919, #921, #923, .T.);
#919 = VERTEX_POINT('', #920);
#920 = CARTESIAN_POINT('', (1., -2., 26.525));
#921 = VERTEX_POINT('', #922);
#922 = CARTESIAN_POINT('', (5.19999999999999, -2., 27.4));
#923 = B_SPLINE_CURVE_WITH_KNOTS('', 1, (#924, #925), .UNSPECIFIED., .F., .U., (2, 2), (0., 1.), .UNSPECIFIED.);
#924 = CARTESIAN_POINT('', (1., -2., 26.525));
#925 = CARTESIAN_POINT('', (5.20000000000005, -2., 27.4));
#926 = ORIENTED_EDGE('', *, *, #927, .F.);
#927 = EDGE_CURVE('', #663, #919, #928, .T.);
#928 = B_SPLINE_CURVE_WITH_KNOTS('', 1, (#929, #930), .UNSPECIFIED., .F., .U., (2, 2), (0., 0.968637992831546), .UNSPECIFIED.);
#929 = CARTESIAN_POINT('', (1., -2., -0.500000000000057));
#930 = CARTESIAN_POINT('', (1., -2., 26.525));
#931 = ORIENTED_EDGE('', *, *, #682, .T.);
#932 = ORIENTED_EDGE('', *, *, #933, .F.);
#933 = EDGE_CURVE('', #934, #676, #936, .T.);
#934 = VERTEX_POINT('', #935);
#935 = CARTESIAN_POINT('', (115.5, -2., 27.4));
#936 = B_SPLINE_CURVE_WITH_KNOTS('', 1, (#937, #938), .UNSPECIFIED., .F., .U., (2, 2), (0., 1.), .UNSPECIFIED.);
#937 = CARTESIAN_POINT('', (115.5, -2., 27.3999999999999));
#938 = CARTESIAN_POINT('', (115.5, -2., -0.500000000000028));
#939 = ORIENTED_EDGE('', *, *, #940, .F.);
#940 = EDGE_CURVE('', #921, #934, #941, .T.);
#941 = B_SPLINE_CURVE_WITH_KNOTS('', 1, (#942, #943), .UNSPECIFIED., .F., .U., (2, 2), (0.0605042016806722, 0.987394957983193), .UNSPECIFIED.);
#942 = CARTESIAN_POINT('', (5.19999999999999, -2., 27.4));
#943 = CARTESIAN_POINT('', (115.5, -2., 27.4));
#944 = B_SPLINE_SURFACE_WITH_KNOTS('', 1, 1, ((#945, #946), (#947, #948)), .UNSPECIFIED., .F., .F., .U., (2, 2), (2, 2), (0., 1.), (0., 1.), .UNSPECIFIED.);
#945 = CARTESIAN_POINT('', (-2., -2., 27.4));
#946 = CARTESIAN_POINT('', (117., -2., 27.4));
#947 = CARTESIAN_POINT('', (-2., -2., -0.5));
#948 = CARTESIAN_POINT('', (117., -2., -0.5));
#949 = ADVANCED_FACE('', (#950), #1006, .F.);
#950 = FACE_OUTER_BOUND('', #951, .F.);
#951 = EDGE_LOOP('', (#952, #961, #968, #975, #982, #987, #988, #995, #1000, #1001));
#952 = ORIENTED_EDGE('', *, *, #953, .T.);
#953 = EDGE_CURVE('', #954, #956, #958, .T.);
#954 = VERTEX_POINT('', #955);
#955 = CARTESIAN_POINT('', (75., 4., 33.4));
#956 = VERTEX_POINT('', #957);
#957 = CARTESIAN_POINT('', (72.5, 1.5, 30.9));
#958 = B_SPLINE_CURVE_WITH_KNOTS('', 1, (#959, #960), .UNSPECIFIED., .F., .U., (2, 2), (0., 1.), .UNSPECIFIED.);
#959 = CARTESIAN_POINT('', (75., 4.00000000000001, 33.4));
#960 = CARTESIAN_POINT('', (72.5, 1.50000000000001, 30.9));
#961 = ORIENTED_EDGE('', *, *, #962, .F.);
#962 = EDGE_CURVE('', #963, #956, #965, .T.);
#963 = VERTEX_POINT('', #964);
#964 = CARTESIAN_POINT('', (47.5, 1.49999999999997, 30.9));
#965 = B_SPLINE_CURVE_WITH_KNOTS('', 1, (#966, #967), .UNSPECIFIED., .F., .U., (2, 2), (0., 1.), .UNSPECIFIED.);
#966 = CARTESIAN_POINT('', (47.5, 1.5, 30.9));
#967 = CARTESIAN_POINT('', (72.5, 1.5, 30.9));
#968 = ORIENTED_EDGE('', *, *, #969, .T.);
#969 = EDGE_CURVE('', #963, #970, #972, .T.);
#970 = VERTEX_POINT('', #971);
#971 = CARTESIAN_POINT('', (45., 4., 33.4));
#972 = B_SPLINE_CURVE_WITH_KNOTS('', 1, (#973, #974), .UNSPECIFIED., .F., .U., (2, 2), (0., 1.), .UNSPECIFIED.);
#973 = CARTESIAN_POINT('', (47.5, 1.49999999999998, 30.9));
#974 = CARTESIAN_POINT('', (45., 4.00000000000001, 33.4));
#975 = ORIENTED_EDGE('', *, *, #976, .F.);
#976 = EDGE_CURVE('', #977, #970, #979, .T.);
#977 = VERTEX_POINT('', #978);
#978 = CARTESIAN_POINT('', (23.7142857142856, 4., 33.4));
#979 = B_SPLINE_CURVE_WITH_KNOTS('', 1, (#980, #981), .UNSPECIFIED., .F., .U., (2, 2), (0.216086434573829, 0.394957983193277), .UNSPECIFIED.);
#980 = CARTESIAN_POINT('', (23.7142857142856, 4., 33.4));
#981 = CARTESIAN_POINT('', (45., 4., 33.4));
#982 = ORIENTED_EDGE('', *, *, #983, .F.);
#983 = EDGE_CURVE('', #921, #977, #984, .T.);
#984 = B_SPLINE_CURVE_WITH_KNOTS('', 1, (#985, #986), .UNSPECIFIED., .F., .U., (2, 2), (0., 1.), .UNSPECIFIED.);
#985 = CARTESIAN_POINT('', (5.19999999999993, -2., 27.4));
#986 = CARTESIAN_POINT('', (23.7142857142856, 3.99999999999998, 33.4));
#987 = ORIENTED_EDGE('', *, *, #940, .T.);
#988 = ORIENTED_EDGE('', *, *, #989, .F.);
#989 = EDGE_CURVE('', #990, #934, #992, .T.);
#990 = VERTEX_POINT('', #991);
#991 = CARTESIAN_POINT('', (117., -0.499999999999959, 28.9));
#992 = B_SPLINE_CURVE_WITH_KNOTS('', 1, (#993, #994), .UNSPECIFIED., .F., .U., (2, 2), (0., 1.), .UNSPECIFIED.);
#993 = CARTESIAN_POINT('', (117., -0.499999999999972, 28.9));
#994 = CARTESIAN_POINT('', (115.5, -1.99999999999998, 27.4));
#995 = ORIENTED_EDGE('', *, *, #996, .F.);
#996 = EDGE_CURVE('', #861, #990, #997, .T.);
#997 = B_SPLINE_CURVE_WITH_KNOTS('', 1, (#998, #999), .UNSPECIFIED., .F., .U., (2, 2), (0.699999999999999, 0.749999999999993), .UNSPECIFIED.);
#998 = CARTESIAN_POINT('', (117., -0.199999999999991, 29.2));
#999 = CARTESIAN_POINT('', (117., -0.499999999999958, 28.9));
#1000 = ORIENTED_EDGE('', *, *, #867, .F.);
#1001 = ORIENTED_EDGE('', *, *, #1002, .F.);
#1002 = EDGE_CURVE('', #954, #868, #1003, .T.);
#1003 = B_SPLINE_CURVE_WITH_KNOTS('', 1, (#1004, #1005), .UNSPECIFIED., .F., .U., (2, 2), (0.647058823529412, 0.798319327731093), .UNSPECIFIED.);
#1004 = CARTESIAN_POINT('', (75., 4., 33.4));
#1005 = CARTESIAN_POINT('', (93.0000000000001, 4., 33.4));
#1006 = B_SPLINE_SURFACE_WITH_KNOTS('', 1, 1, ((#1007, #1008), (#1009, #1010)), .UNSPECIFIED., .F., .F., .U., (2, 2), (2, 2), (0., 1.), (0., 1.), .UNSPECIFIED.);
#1007 = CARTESIAN_POINT('', (-2., 4., 33.4));
#1008 = CARTESIAN_POINT('', (117., 4., 33.4));
#1009 = CARTESIAN_POINT('', (-2., -2., 27.4));
#1010 = CARTESIAN_POINT('', (117., -2., 27.4));
#1011 = ADVANCED_FACE('', (#1012), #1043, .F.);
#1012 = FACE_OUTER_BOUND('', #1013, .F.);
#1013 = EDGE_LOOP('', (#1014, #1023, #1028, #1029, #1030, #1031, #1032, #1037, #1038));
#1014 = ORIENTED_EDGE('', *, *, #1015, .T.);
#1015 = EDGE_CURVE('', #1016, #1018, #1020, .T.);
#1016 = VERTEX_POINT('', #1017);
#1017 = CARTESIAN_POINT('', (45., 20.9, 33.4));
#1018 = VERTEX_POINT('', #1019);
#1019 = CARTESIAN_POINT('', (75., 20.9, 33.4));
#1020 = B_SPLINE_CURVE_WITH_KNOTS('', 1, (#1021, #1022), .UNSPECIFIED., .F., .U., (2, 2), (0.142857142857143, 0.857142857142856), .UNSPECIFIED.);
#1021 = CARTESIAN_POINT('', (45., 20.9, 33.4));
#1022 = CARTESIAN_POINT('', (75., 20.9, 33.4));
#1023 = ORIENTED_EDGE('', *, *, #1024, .T.);
#1024 = EDGE_CURVE('', #1018, #954, #1025, .T.);
#1025 = B_SPLINE_CURVE_WITH_KNOTS('', 1, (#1026, #1027), .UNSPECIFIED., .F., .U., (2, 2), (0.262008733624454, 1.), .UNSPECIFIED.);
#1026 = CARTESIAN_POINT('', (75., 20.9, 33.4));
#1027 = CARTESIAN_POINT('', (75., 4.00000000000003, 33.4));
#1028 = ORIENTED_EDGE('', *, *, #1002, .T.);
#1029 = ORIENTED_EDGE('', *, *, #874, .F.);
#1030 = ORIENTED_EDGE('', *, *, #817, .F.);
#1031 = ORIENTED_EDGE('', *, *, #905, .F.);
#1032 = ORIENTED_EDGE('', *, *, #1033, .F.);
#1033 = EDGE_CURVE('', #977, #892, #1034, .T.);
#1034 = B_SPLINE_CURVE_WITH_KNOTS('', 1, (#1035, #1036), .UNSPECIFIED., .F., .U., (2, 2), (0., 1.), .UNSPECIFIED.);
#1035 = CARTESIAN_POINT('', (23.7142857142856, 4.00000000000003, 33.4));
#1036 = CARTESIAN_POINT('', (0.200000000000049, 17.7166666666666, 33.4));
#1037 = ORIENTED_EDGE('', *, *, #976, .T.);
#1038 = ORIENTED_EDGE('', *, *, #1039, .T.);
#1039 = EDGE_CURVE('', #970, #1016, #1040, .T.);
#1040 = B_SPLINE_CURVE_WITH_KNOTS('', 1, (#1041, #1042), .UNSPECIFIED., .F., .U., (2, 2), (0., 0.737991266375545), .UNSPECIFIED.);
#1041 = CARTESIAN_POINT('', (45., 4.00000000000003, 33.4));
#1042 = CARTESIAN_POINT('', (45., 20.9, 33.4));
#1043 = B_SPLINE_SURFACE_WITH_KNOTS('', 1, 1, ((#1044, #1045), (#1046, #1047)), .UNSPECIFIED., .F., .F., .U., (2, 2), (2, 2), (0., 1.), (0., 1.), .UNSPECIFIED.);
#1044 = CARTESIAN_POINT('', (-2., 38.8, 33.4));
#1045 = CARTESIAN_POINT('', (117., 38.8, 33.4));
#1046 = CARTESIAN_POINT('', (-2., 4., 33.4));
#1047 = CARTESIAN_POINT('', (117., 4., 33.4));
#1048 = ADVANCED_FACE('', (#1049), #1067, .T.);
#1049 = FACE_OUTER_BOUND('', #1050, .T.);
#1050 = EDGE_LOOP('', (#1051, #1052, #1053, #1054, #1061, #1066));
#1051 = ORIENTED_EDGE('', *, *, #1033, .F.);
#1052 = ORIENTED_EDGE('', *, *, #983, .F.);
#1053 = ORIENTED_EDGE('', *, *, #918, .F.);
#1054 = ORIENTED_EDGE('', *, *, #1055, .T.);
#1055 = EDGE_CURVE('', #919, #1056, #1058, .T.);
#1056 = VERTEX_POINT('', #1057);
#1057 = CARTESIAN_POINT('', (-2., 1., 26.9714285714286));
#1058 = B_SPLINE_CURVE_WITH_KNOTS('', 1, (#1059, #1060), .UNSPECIFIED., .F., .U., (2, 2), (0., 1.), .UNSPECIFIED.);
#1059 = CARTESIAN_POINT('', (1.00000000000006, -2.00000000000006, 26.525));
#1060 = CARTESIAN_POINT('', (-2.00000000000014, 1.00000000000014, 26.9714285714286));
#1061 = ORIENTED_EDGE('', *, *, #1062, .F.);
#1062 = EDGE_CURVE('', #890, #1056, #1063, .T.);
#1063 = B_SPLINE_CURVE_WITH_KNOTS('', 1, (#1064, #1065), .UNSPECIFIED., .F., .U., (2, 2), (0., 1.), .UNSPECIFIED.);
#1064 = CARTESIAN_POINT('', (-2., 12.8399999999999, 31.2));
#1065 = CARTESIAN_POINT('', (-2., 0.999999999999945, 26.9714285714286));
#1066 = ORIENTED_EDGE('', *, *, #889, .T.);
#1067 = B_SPLINE_SURFACE_WITH_KNOTS('', 1, 1, ((#1068, #1069), (#1070, #1071)), .UNSPECIFIED., .F., .F., .U., (2, 2), (2, 2), (0., 262.778810348208), (0., 262.778810348208), .UNSPECIFIED.);
#1068 = CARTESIAN_POINT('', (138.744939498475, -129.974061953982, 9.51684026909351));
#1069 = CARTESIAN_POINT('', (138.744939498475, 117.495757229957, 97.8989185490716));
#1070 = CARTESIAN_POINT('', (-119.117782942928, -112.95823373858, -38.1274787340314));
#1071 = CARTESIAN_POINT('', (-119.117782942928, 134.511585445359, 50.2545995459467));
#1072 = ADVANCED_FACE('', (#1073), #1090, .T.);
#1073 = FACE_OUTER_BOUND('', #1074, .T.);
#1074 = EDGE_LOOP('', (#1075, #1076, #1081, #1082, #1083, #1084, #1089));
#1075 = ORIENTED_EDGE('', *, *, #375, .F.);
#1076 = ORIENTED_EDGE('', *, *, #1077, .F.);
#1077 = EDGE_CURVE('', #661, #334, #1078, .T.);
#1078 = B_SPLINE_CURVE_WITH_KNOTS('', 1, (#1079, #1080), .UNSPECIFIED., .F., .U., (2, 2), (0.249999999999996, 0.66666666666665), .UNSPECIFIED.);
#1079 = CARTESIAN_POINT('', (0.249999999999993, -1.24999999999999, -1.24999999999999));
#1080 = CARTESIAN_POINT('', (-1., 0., 0.));
#1081 = ORIENTED_EDGE('', *, *, #669, .F.);
#1082 = ORIENTED_EDGE('', *, *, #640, .F.);
#1083 = ORIENTED_EDGE('', *, *, #753, .F.);
#1084 = ORIENTED_EDGE('', *, *, #1085, .F.);
#1085 = EDGE_CURVE('', #515, #696, #1086, .T.);
#1086 = B_SPLINE_CURVE_WITH_KNOTS('', 1, (#1087, #1088), .UNSPECIFIED., .F., .U., (2, 2), (0.595986440930232, 0.930232558139535), .UNSPECIFIED.);
#1087 = CARTESIAN_POINT('', (-2., 23.62741696, 1.));
#1088 = CARTESIAN_POINT('', (-2., 38., 1.));
#1089 = ORIENTED_EDGE('', *, *, #521, .F.);
#1090 = B_SPLINE_SURFACE_WITH_KNOTS('', 1, 1, ((#1091, #1092), (#1093, #1094)), .UNSPECIFIED., .F., .F., .U., (2, 2), (2, 2), (0., 262.778810348208), (0., 262.778810348208), .UNSPECIFIED.);
#1091 = CARTESIAN_POINT('', (-92.5941528006791, -91.2248888862884, 91.5941528006791));
#1092 = CARTESIAN_POINT('', (-92.5941528006791, 171.553921461919, 91.5941528006791));
#1093 = CARTESIAN_POINT('', (93.2185259486723, -91.2248888862884, -94.2185259486723));
#1094 = CARTESIAN_POINT('', (93.2185259486723, 171.553921461919, -94.2185259486723));
#1095 = ADVANCED_FACE('', (#1096), #1109, .T.);
#1096 = FACE_OUTER_BOUND('', #1097, .T.);
#1097 = EDGE_LOOP('', (#1098, #1099, #1100, #1105, #1106, #1107, #1108));
#1098 = ORIENTED_EDGE('', *, *, #331, .F.);
#1099 = ORIENTED_EDGE('', *, *, #417, .F.);
#1100 = ORIENTED_EDGE('', *, *, #1101, .F.);
#1101 = EDGE_CURVE('', #1056, #389, #1102, .T.);
#1102 = B_SPLINE_CURVE_WITH_KNOTS('', 1, (#1103, #1104), .UNSPECIFIED., .F., .U., (2, 2), (0.140018921475876, 0.250747782781459), .UNSPECIFIED.);
#1103 = CARTESIAN_POINT('', (-2., 1., 26.9714285714286));
#1104 = CARTESIAN_POINT('', (-2., 1., 23.62741696));
#1105 = ORIENTED_EDGE('', *, *, #1055, .F.);
#1106 = ORIENTED_EDGE('', *, *, #927, .F.);
#1107 = ORIENTED_EDGE('', *, *, #660, .F.);
#1108 = ORIENTED_EDGE('', *, *, #1077, .T.);
#1109 = B_SPLINE_SURFACE_WITH_KNOTS('', 1, 1, ((#1110, #1111), (#1112, #1113)), .UNSPECIFIED., .F., .F., .U., (2, 2), (2, 2), (0., 262.778810348208), (0., 262.778810348208), .UNSPECIFIED.);
#1110 = CARTESIAN_POINT('', (93.110052113583, -94.110052113583, 130.044949887415));
#1111 = CARTESIAN_POINT('', (-92.7026266357684, 91.7026266357684, 130.044949887415));
#1112 = CARTESIAN_POINT('', (93.110052113583, -94.110052113583, -132.733860460793));
#1113 = CARTESIAN_POINT('', (-92.7026266357684, 91.7026266357684, -132.733860460793));
#1114 = ADVANCED_FACE('', (#1115), #1127, .F.);
#1115 = FACE_OUTER_BOUND('', #1116, .F.);
#1116 = EDGE_LOOP('', (#1117, #1118, #1119, #1120, #1121, #1122, #1123, #1124, #1125, #1126));
#1117 = ORIENTED_EDGE('', *, *, #458, .F.);
#1118 = ORIENTED_EDGE('', *, *, #430, .F.);
#1119 = ORIENTED_EDGE('', *, *, #388, .F.);
#1120 = ORIENTED_EDGE('', *, *, #1101, .F.);
#1121 = ORIENTED_EDGE('', *, *, #1062, .F.);
#1122 = ORIENTED_EDGE('', *, *, #898, .F.);
#1123 = ORIENTED_EDGE('', *, *, #695, .F.);
#1124 = ORIENTED_EDGE('', *, *, #1085, .F.);
#1125 = ORIENTED_EDGE('', *, *, #514, .F.);
#1126 = ORIENTED_EDGE('', *, *, #486, .F.);
#1127 = B_SPLINE_SURFACE_WITH_KNOTS('', 1, 1, ((#1128, #1129), (#1130, #1131)), .UNSPECIFIED., .F., .F., .U., (2, 2), (2, 2), (0., 1.), (0., 1.), .UNSPECIFIED.);
#1128 = CARTESIAN_POINT('', (-2., -11.1333706927592, -14.9333706927592));
#1129 = CARTESIAN_POINT('', (-2., 50.1333706927592, -14.9333706927592));
#1130 = CARTESIAN_POINT('', (-2., -11.1333706927592, 46.3333706927592));
#1131 = CARTESIAN_POINT('', (-2., 50.1333706927592, 46.3333706927592));
#1132 = ADVANCED_FACE('', (#1133), #1149, .T.);
#1133 = FACE_OUTER_BOUND('', #1134, .T.);
#1134 = EDGE_LOOP('', (#1135, #1136, #1141, #1142, #1143, #1148));
#1135 = ORIENTED_EDGE('', *, *, #54, .F.);
#1136 = ORIENTED_EDGE('', *, *, #1137, .T.);
#1137 = EDGE_CURVE('', #10, #676, #1138, .T.);
#1138 = B_SPLINE_CURVE_WITH_KNOTS('', 1, (#1139, #1140), .UNSPECIFIED., .F., .U., (2, 2), (0.666666666666654, 1.), .UNSPECIFIED.);
#1139 = CARTESIAN_POINT('', (116., -1.49999999999997, -2.77555756156289E-14));
#1140 = CARTESIAN_POINT('', (115.5, -2.00000000000006, -0.500000000000114));
#1141 = ORIENTED_EDGE('', *, *, #933, .F.);
#1142 = ORIENTED_EDGE('', *, *, #989, .F.);
#1143 = ORIENTED_EDGE('', *, *, #1144, .F.);
#1144 = EDGE_CURVE('', #207, #990, #1145, .T.);
#1145 = B_SPLINE_CURVE_WITH_KNOTS('', 1, (#1146, #1147), .UNSPECIFIED., .F., .U., (2, 2), (0.603848655244965, 0.861111111111111), .UNSPECIFIED.);
#1146 = CARTESIAN_POINT('', (117., -0.499999999999959, 20.5646964299369));
#1147 = CARTESIAN_POINT('', (117., -0.499999999999959, 28.9));
#1148 = ORIENTED_EDGE('', *, *, #214, .F.);
#1149 = B_SPLINE_SURFACE_WITH_KNOTS('', 1, 1, ((#1150, #1151), (#1152, #1153)), .UNSPECIFIED., .F., .F., .U., (2, 2), (2, 2), (0., 262.778810348208), (0., 262.778810348208), .UNSPECIFIED.);
#1150 = CARTESIAN_POINT('', (208.804478313866, 91.3044783138663, 129.717171901133));
#1151 = CARTESIAN_POINT('', (22.9917995645149, -94.5082004354851, 129.717171901133));
#1152 = CARTESIAN_POINT('', (208.804478313866, 91.3044783138663, -133.061638447075));
#1153 = CARTESIAN_POINT('', (22.9917995645149, -94.5082004354851, -133.061638447075));
#1154 = ADVANCED_FACE('', (#1155), #1169, .T.);
#1155 = FACE_OUTER_BOUND('', #1156, .T.);
#1156 = EDGE_LOOP('', (#1157, #1158, #1159, #1164, #1165, #1166, #1167, #1168));
#1157 = ORIENTED_EDGE('', *, *, #7, .F.);
#1158 = ORIENTED_EDGE('', *, *, #98, .T.);
#1159 = ORIENTED_EDGE('', *, *, #1160, .F.);
#1160 = EDGE_CURVE('', #840, #68, #1161, .T.);
#1161 = B_SPLINE_CURVE_WITH_KNOTS('', 1, (#1162, #1163), .UNSPECIFIED., .F., .U., (2, 2), (0.247007925515951, 0.395991554204819), .UNSPECIFIED.);
#1162 = CARTESIAN_POINT('', (117., 35., 0.999999999999996));
#1163 = CARTESIAN_POINT('', (117., 25.8722585504431, 1.));
#1164 = ORIENTED_EDGE('', *, *, #839, .F.);
#1165 = ORIENTED_EDGE('', *, *, #747, .F.);
#1166 = ORIENTED_EDGE('', *, *, #624, .F.);
#1167 = ORIENTED_EDGE('', *, *, #675, .F.);
#1168 = ORIENTED_EDGE('', *, *, #1137, .F.);
#1169 = B_SPLINE_SURFACE_WITH_KNOTS('', 1, 1, ((#1170, #1171), (#1172, #1173)), .UNSPECIFIED., .F., .F., .U., (2, 2), (2, 2), (0., 262.778810348208), (0., 262.778810348208), .UNSPECIFIED.);
#1170 = CARTESIAN_POINT('', (207.594152800679, 171.553921461919, 91.594152800679));
#1171 = CARTESIAN_POINT('', (207.594152800679, -91.2248888862884, 91.594152800679));
#1172 = CARTESIAN_POINT('', (21.7814740513277, 171.553921461919, -94.2185259486723));
#1173 = CARTESIAN_POINT('', (21.7814740513277, -91.2248888862884, -94.2185259486723));
#1174 = ADVANCED_FACE('', (#1175), #1187, .F.);
#1175 = FACE_OUTER_BOUND('', #1176, .F.);
#1176 = EDGE_LOOP('', (#1177, #1178, #1179, #1180, #1181, #1182, #1183, #1184, #1185, #1186));
#1177 = ORIENTED_EDGE('', *, *, #206, .F.);
#1178 = ORIENTED_EDGE('', *, *, #178, .F.);
#1179 = ORIENTED_EDGE('', *, *, #146, .F.);
#1180 = ORIENTED_EDGE('', *, *, #118, .F.);
#1181 = ORIENTED_EDGE('', *, *, #67, .F.);
#1182 = ORIENTED_EDGE('', *, *, #1160, .F.);
#1183 = ORIENTED_EDGE('', *, *, #846, .F.);
#1184 = ORIENTED_EDGE('', *, *, #860, .F.);
#1185 = ORIENTED_EDGE('', *, *, #996, .T.);
#1186 = ORIENTED_EDGE('', *, *, #1144, .F.);
#1187 = B_SPLINE_SURFACE_WITH_KNOTS('', 1, 1, ((#1188, #1189), (#1190, #1191)), .UNSPECIFIED., .F., .F., .U., (2, 2), (2, 2), (0., 1.), (0., 1.), .UNSPECIFIED.);
#1188 = CARTESIAN_POINT('', (117., -11.1333706927592, -14.9333706927592));
#1189 = CARTESIAN_POINT('', (117., -11.1333706927592, 46.3333706927592));
#1190 = CARTESIAN_POINT('', (117., 50.1333706927592, -14.9333706927592));
#1191 = CARTESIAN_POINT('', (117., 50.1333706927592, 46.3333706927592));
#1192 = ADVANCED_FACE('', (#1193), #1209, .F.);
#1193 = FACE_OUTER_BOUND('', #1194, .F.);
#1194 = EDGE_LOOP('', (#1195, #1196, #1197, #1204));
#1195 = ORIENTED_EDGE('', *, *, #1039, .F.);
#1196 = ORIENTED_EDGE('', *, *, #969, .F.);
#1197 = ORIENTED_EDGE('', *, *, #1198, .F.);
#1198 = EDGE_CURVE('', #1199, #963, #1201, .T.);
#1199 = VERTEX_POINT('', #1200);
#1200 = CARTESIAN_POINT('', (47.5, 18.4, 30.9));
#1201 = B_SPLINE_CURVE_WITH_KNOTS('', 1, (#1202, #1203), .UNSPECIFIED., .F., .U., (2, 2), (0.24355437015652, 0.460794026515158), .UNSPECIFIED.);
#1202 = CARTESIAN_POINT('', (47.5, 18.4, 30.9));
#1203 = CARTESIAN_POINT('', (47.5, 1.49999999999997, 30.9));
#1204 = ORIENTED_EDGE('', *, *, #1205, .F.);
#1205 = EDGE_CURVE('', #1016, #1199, #1206, .T.);
#1206 = B_SPLINE_CURVE_WITH_KNOTS('', 1, (#1207, #1208), .UNSPECIFIED., .F., .U., (2, 2), (0.70588235294118, 1.), .UNSPECIFIED.);
#1207 = CARTESIAN_POINT('', (45., 20.9, 33.4));
#1208 = CARTESIAN_POINT('', (47.5, 18.4, 30.9));
#1209 = B_SPLINE_SURFACE_WITH_KNOTS('', 1, 1, ((#1210, #1211), (#1212, #1213)), .UNSPECIFIED., .F., .F., .U., (2, 2), (2, 2), (0., 143.636609706645), (0., 143.636609706645), .UNSPECIFIED.);
#1210 = CARTESIAN_POINT('', (-5.23274421065391, -53.7926317533934, 83.6327442106539));
#1211 = CARTESIAN_POINT('', (-5.23274421065391, 89.8439779532521, 83.6327442106539));
#1212 = CARTESIAN_POINT('', (96.3336765395606, -53.7926317533934, -17.9336765395606));
#1213 = CARTESIAN_POINT('', (96.3336765395606, 89.8439779532521, -17.9336765395606));
#1214 = ADVANCED_FACE('', (#1215), #1231, .F.);
#1215 = FACE_OUTER_BOUND('', #1216, .F.);
#1216 = EDGE_LOOP('', (#1217, #1218, #1219, #1226));
#1217 = ORIENTED_EDGE('', *, *, #1015, .F.);
#1218 = ORIENTED_EDGE('', *, *, #1205, .T.);
#1219 = ORIENTED_EDGE('', *, *, #1220, .F.);
#1220 = EDGE_CURVE('', #1221, #1199, #1223, .T.);
#1221 = VERTEX_POINT('', #1222);
#1222 = CARTESIAN_POINT('', (72.5, 18.4, 30.9));
#1223 = B_SPLINE_CURVE_WITH_KNOTS('', 1, (#1224, #1225), .UNSPECIFIED., .F., .U., (2, 2), (0., 1.), .UNSPECIFIED.);
#1224 = CARTESIAN_POINT('', (72.5, 18.4, 30.9));
#1225 = CARTESIAN_POINT('', (47.5, 18.4, 30.9));
#1226 = ORIENTED_EDGE('', *, *, #1227, .T.);
#1227 = EDGE_CURVE('', #1221, #1018, #1228, .T.);
#1228 = B_SPLINE_CURVE_WITH_KNOTS('', 1, (#1229, #1230), .UNSPECIFIED., .F., .U., (2, 2), (0., 0.294117647058822), .UNSPECIFIED.);
#1229 = CARTESIAN_POINT('', (72.5, 18.4, 30.9));
#1230 = CARTESIAN_POINT('', (75., 20.9, 33.4));
#1231 = B_SPLINE_SURFACE_WITH_KNOTS('', 1, 1, ((#1232, #1233), (#1234, #1235)), .UNSPECIFIED., .F., .F., .U., (2, 2), (2, 2), (0., 143.636609706646), (0., 143.636609706646), .UNSPECIFIED.);
#1232 = CARTESIAN_POINT('', (4.03759975082174, 70.7141805411359, 83.2141805411359));
#1233 = CARTESIAN_POINT('', (147.674209457467, 70.7141805411359, 83.2141805411359));
#1234 = CARTESIAN_POINT('', (4.03759975082174, -30.8522402090787, -18.3522402090787));
#1235 = CARTESIAN_POINT('', (147.674209457467, -30.8522402090787, -18.3522402090787));
#1236 = ADVANCED_FACE('', (#1237), #1247, .F.);
#1237 = FACE_OUTER_BOUND('', #1238, .F.);
#1238 = EDGE_LOOP('', (#1239, #1240, #1241, #1246));
#1239 = ORIENTED_EDGE('', *, *, #1024, .F.);
#1240 = ORIENTED_EDGE('', *, *, #1227, .F.);
#1241 = ORIENTED_EDGE('', *, *, #1242, .F.);
#1242 = EDGE_CURVE('', #956, #1221, #1243, .T.);
#1243 = B_SPLINE_CURVE_WITH_KNOTS('', 1, (#1244, #1245), .UNSPECIFIED., .F., .U., (2, 2), (0.553602811950791, 0.850615114235501), .UNSPECIFIED.);
#1244 = CARTESIAN_POINT('', (72.5, 1.5, 30.9));
#1245 = CARTESIAN_POINT('', (72.5, 18.4, 30.9));
#1246 = ORIENTED_EDGE('', *, *, #953, .F.);
#1247 = B_SPLINE_SURFACE_WITH_KNOTS('', 1, 1, ((#1248, #1249), (#1250, #1251)), .UNSPECIFIED., .F., .F., .U., (2, 2), (2, 2), (0., 143.636609706646), (0., 143.636609706646), .UNSPECIFIED.);
#1248 = CARTESIAN_POINT('', (125.232744210654, 89.8439779532522, 83.6327442106539));
#1249 = CARTESIAN_POINT('', (125.232744210654, -53.7926317533934, 83.6327442106539));
#1250 = CARTESIAN_POINT('', (23.6663234604394, 89.8439779532522, -17.9336765395606));
#1251 = CARTESIAN_POINT('', (23.6663234604394, -53.7926317533934, -17.9336765395606));
#1252 = ADVANCED_FACE('', (#1253), #1259, .T.);
#1253 = FACE_OUTER_BOUND('', #1254, .T.);
#1254 = EDGE_LOOP('', (#1255, #1256, #1257, #1258));
#1255 = ORIENTED_EDGE('', *, *, #962, .F.);
#1256 = ORIENTED_EDGE('', *, *, #1198, .F.);
#1257 = ORIENTED_EDGE('', *, *, #1220, .F.);
#1258 = ORIENTED_EDGE('', *, *, #1242, .F.);
#1259 = B_SPLINE_SURFACE_WITH_KNOTS('', 1, 1, ((#1260, #1261), (#1262, #1263)), .UNSPECIFIED., .F., .F., .U., (2, 2), (2, 2), (0., 1.), (0., 1.), .UNSPECIFIED.);
#1260 = CARTESIAN_POINT('', (98.8971338918435, -40.4471338918435, 30.9));
#1261 = CARTESIAN_POINT('', (98.8971338918435, 37.3471338918435, 30.9));
#1262 = CARTESIAN_POINT('', (21.1028661081565, -40.4471338918435, 30.9));
#1263 = CARTESIAN_POINT('', (21.1028661081565, 37.3471338918435, 30.9));
#1264 = CLOSED_SHELL('', (#1265, #1322, #1357, #1427, #1455, #1477, #1499, #1515, #1554, #1584, #1619, #1636, #1673, #1695, #1724, #1747, #1783, #1810, #1827, #1840, #1864, #1881, #1899));
#1265 = ADVANCED_FACE('', (#1266), #1317, .T.);
#1266 = FACE_OUTER_BOUND('', #1267, .T.);
#1267 = EDGE_LOOP('', (#1268, #1277, #1284, #1291, #1298, #1305, #1312));
#1268 = ORIENTED_EDGE('', *, *, #1269, .F.);
#1269 = EDGE_CURVE('', #1270, #1272, #1274, .T.);
#1270 = VERTEX_POINT('', #1271);
#1271 = CARTESIAN_POINT('', (114.085786430508, 35.08578644, 0.914213559999988));
#1272 = VERTEX_POINT('', #1273);
#1273 = CARTESIAN_POINT('', (115., 34.1715728705076, 1.8284271294924));
#1274 = B_SPLINE_CURVE_WITH_KNOTS('', 1, (#1275, #1276), .UNSPECIFIED., .F., .U., (2, 2), (0.500000000000018, 1.), .UNSPECIFIED.);
#1275 = CARTESIAN_POINT('', (114.085786430508, 35.08578644, 0.914213560000021));
#1276 = CARTESIAN_POINT('', (115., 34.1715728705077, 1.82842712949234));
#1277 = ORIENTED_EDGE('', *, *, #1278, .F.);
#1278 = EDGE_CURVE('', #1279, #1270, #1281, .T.);
#1279 = VERTEX_POINT('', #1280);
#1280 = CARTESIAN_POINT('', (113.171572870508, 34.17157288, 0.));
#1281 = B_SPLINE_CURVE_WITH_KNOTS('', 1, (#1282, #1283), .UNSPECIFIED., .F., .U., (2, 2), (0., 0.499999997404221), .UNSPECIFIED.);
#1282 = CARTESIAN_POINT('', (113.171572870508, 34.17157288, 0.));
#1283 = CARTESIAN_POINT('', (114.085786430508, 35.08578644, 0.914213559999988));
#1284 = ORIENTED_EDGE('', *, *, #1285, .F.);
#1285 = EDGE_CURVE('', #1286, #1279, #1288, .T.);
#1286 = VERTEX_POINT('', #1287);
#1287 = CARTESIAN_POINT('', (113.171572870508, 0.32842712, 0.));
#1288 = B_SPLINE_CURVE_WITH_KNOTS('', 1, (#1289, #1290), .UNSPECIFIED., .F., .U., (2, 2), (0., 1.), .UNSPECIFIED.);
#1289 = CARTESIAN_POINT('', (113.171572870508, 0.328427120000043, 0.));
#1290 = CARTESIAN_POINT('', (113.171572870508, 34.17157288, 0.));
#1291 = ORIENTED_EDGE('', *, *, #1292, .F.);
#1292 = EDGE_CURVE('', #1293, #1286, #1295, .T.);
#1293 = VERTEX_POINT('', #1294);
#1294 = CARTESIAN_POINT('', (113.499999990508, 0., 0.32842712));
#1295 = B_SPLINE_CURVE_WITH_KNOTS('', 1, (#1296, #1297), .UNSPECIFIED., .F., .U., (2, 2), (0., 1.), .UNSPECIFIED.);
#1296 = CARTESIAN_POINT('', (113.499999990508, 0., 0.328427119999986));
#1297 = CARTESIAN_POINT('', (113.171572870508, 0.328427120000005, -1.89848137210902E-14));
#1298 = ORIENTED_EDGE('', *, *, #1299, .F.);
#1299 = EDGE_CURVE('', #1300, #1293, #1302, .T.);
#1300 = VERTEX_POINT('', #1301);
#1301 = CARTESIAN_POINT('', (114.671572870508, 0., 1.50000000000004));
#1302 = B_SPLINE_CURVE_WITH_KNOTS('', 1, (#1303, #1304), .UNSPECIFIED., .F., .U., (2, 2), (0.218951418276015, 1.), .UNSPECIFIED.);
#1303 = CARTESIAN_POINT('', (114.671572870508, 0., 1.50000000000004));
#1304 = CARTESIAN_POINT('', (113.499999990508, 0., 0.328427120000008));
#1305 = ORIENTED_EDGE('', *, *, #1306, .F.);
#1306 = EDGE_CURVE('', #1307, #1300, #1309, .T.);
#1307 = VERTEX_POINT('', #1308);
#1308 = CARTESIAN_POINT('', (115., 0.328427129492383, 1.82842712949239));
#1309 = B_SPLINE_CURVE_WITH_KNOTS('', 1, (#1310, #1311), .UNSPECIFIED., .F., .U., (2, 2), (0., 1.), .UNSPECIFIED.);
#1310 = CARTESIAN_POINT('', (115., 0.328427129492383, 1.82842712949241));
#1311 = CARTESIAN_POINT('', (114.671572870508, -2.84772205816353E-14, 1.5));
#1312 = ORIENTED_EDGE('', *, *, #1313, .F.);
#1313 = EDGE_CURVE('', #1272, #1307, #1314, .T.);
#1314 = B_SPLINE_CURVE_WITH_KNOTS('', 1, (#1315, #1316), .UNSPECIFIED., .F., .U., (2, 2), (0.233614680268206, 0.848089847894738), .UNSPECIFIED.);
#1315 = CARTESIAN_POINT('', (115., 34.1715728705076, 1.8284271294924));
#1316 = CARTESIAN_POINT('', (115., 0.328427129492383, 1.82842712949239));
#1317 = B_SPLINE_SURFACE_WITH_KNOTS('', 1, 1, ((#1318, #1319), (#1320, #1321)), .UNSPECIFIED., .F., .F., .U., (2, 2), (2, 2), (0., 250.854338872145), (0., 250.854338872145), .UNSPECIFIED.);
#1318 = CARTESIAN_POINT('', (202.254126437662, 163.940097558687, 89.082553567154));
#1319 = CARTESIAN_POINT('', (202.254126437662, -86.9142413134578, 89.082553567154));
#1320 = CARTESIAN_POINT('', (24.8733223310998, 163.940097558687, -88.2982505394078));
#1321 = CARTESIAN_POINT('', (24.8733223310998, -86.9142413134578, -88.2982505394078));
#1322 = ADVANCED_FACE('', (#1323), #1352, .F.);
#1323 = FACE_OUTER_BOUND('', #1324, .F.);
#1324 = EDGE_LOOP('', (#1325, #1334, #1341, #1346, #1347));
#1325 = ORIENTED_EDGE('', *, *, #1326, .F.);
#1326 = EDGE_CURVE('', #1327, #1329, #1331, .T.);
#1327 = VERTEX_POINT('', #1328);
#1328 = CARTESIAN_POINT('', (115., 0.948033069575307, 27.5196059495753));
#1329 = VERTEX_POINT('', #1330);
#1330 = CARTESIAN_POINT('', (115., 34.1715728705076, 27.5196059495753));
#1331 = B_SPLINE_CURVE_WITH_KNOTS('', 1, (#1332, #1333), .UNSPECIFIED., .F., .U., (2, 2), (0.0183081662923563, 1.), .UNSPECIFIED.);
#1332 = CARTESIAN_POINT('', (115., 0.94803306957531, 27.5196059495753));
#1333 = CARTESIAN_POINT('', (115., 34.1715728705076, 27.5196059495753));
#1334 = ORIENTED_EDGE('', *, *, #1335, .T.);
#1335 = EDGE_CURVE('', #1327, #1336, #1338, .T.);
#1336 = VERTEX_POINT('', #1337);
#1337 = CARTESIAN_POINT('', (115., 0.328427129492371, 26.9000000094924));
#1338 = B_SPLINE_CURVE_WITH_KNOTS('', 1, (#1339, #1340), .UNSPECIFIED., .F., .U., (2, 2), (0.803655922308856, 0.931980514289637), .UNSPECIFIED.);
#1339 = CARTESIAN_POINT('', (115., 0.948033069575307, 27.5196059495753));
#1340 = CARTESIAN_POINT('', (115., 0.32842712949237, 26.9000000094924));
#1341 = ORIENTED_EDGE('', *, *, #1342, .F.);
#1342 = EDGE_CURVE('', #1307, #1336, #1343, .T.);
#1343 = B_SPLINE_CURVE_WITH_KNOTS('', 1, (#1344, #1345), .UNSPECIFIED., .F., .U., (2, 2), (0., 0.847826829833743), .UNSPECIFIED.);
#1344 = CARTESIAN_POINT('', (115., 0.328427129492373, 1.82842712949235));
#1345 = CARTESIAN_POINT('', (115., 0.328427129492373, 26.9000000094924));
#1346 = ORIENTED_EDGE('', *, *, #1313, .F.);
#1347 = ORIENTED_EDGE('', *, *, #1348, .F.);
#1348 = EDGE_CURVE('', #1329, #1272, #1349, .T.);
#1349 = B_SPLINE_CURVE_WITH_KNOTS('', 1, (#1350, #1351), .UNSPECIFIED., .F., .U., (2, 2), (0.131220414531777, 1.), .UNSPECIFIED.);
#1350 = CARTESIAN_POINT('', (115., 34.1715728705076, 27.5196059495753));
#1351 = CARTESIAN_POINT('', (115., 34.1715728705076, 1.82842712949235));
#1352 = B_SPLINE_SURFACE_WITH_KNOTS('', 1, 1, ((#1353, #1354), (#1355, #1356)), .UNSPECIFIED., .F., .F., .U., (2, 2), (2, 2), (0., 1.), (0., 1.), .UNSPECIFIED.);
#1353 = CARTESIAN_POINT('', (115., -8.03825339414249, -11.8382533941425));
#1354 = CARTESIAN_POINT('', (115., -8.03825339414249, 43.2382533941425));
#1355 = CARTESIAN_POINT('', (115., 47.0382533941425, -11.8382533941425));
#1356 = CARTESIAN_POINT('', (115., 47.0382533941425, 43.2382533941425));
#1357 = ADVANCED_FACE('', (#1358), #1422, .F.);
#1358 = FACE_OUTER_BOUND('', #1359, .F.);
#1359 = EDGE_LOOP('', (#1360, #1369, #1376, #1383, #1390, #1397, #1404, #1409, #1410, #1417));
#1360 = ORIENTED_EDGE('', *, *, #1361, .T.);
#1361 = EDGE_CURVE('', #1362, #1364, #1366, .T.);
#1362 = VERTEX_POINT('', #1363);
#1363 = CARTESIAN_POINT('', (75.8284271294924, 4.82842712, 31.4));
#1364 = VERTEX_POINT('', #1365);
#1365 = CARTESIAN_POINT('', (73.3284271294924, 2.32842712, 28.9));
#1366 = B_SPLINE_CURVE_WITH_KNOTS('', 1, (#1367, #1368), .UNSPECIFIED., .F., .U., (2, 2), (0., 1.), .UNSPECIFIED.);
#1367 = CARTESIAN_POINT('', (75.8284271294924, 4.82842712000001, 31.4));
#1368 = CARTESIAN_POINT('', (73.3284271294923, 2.32842711999996, 28.8999999999999));
#1369 = ORIENTED_EDGE('', *, *, #1370, .F.);
#1370 = EDGE_CURVE('', #1371, #1364, #1373, .T.);
#1371 = VERTEX_POINT('', #1372);
#1372 = CARTESIAN_POINT('', (46.6715728705076, 2.32842712, 28.9));
#1373 = B_SPLINE_CURVE_WITH_KNOTS('', 1, (#1374, #1375), .UNSPECIFIED., .F., .U., (2, 2), (0., 1.), .UNSPECIFIED.);
#1374 = CARTESIAN_POINT('', (46.6715728705075, 2.32842712, 28.9));
#1375 = CARTESIAN_POINT('', (73.3284271294924, 2.32842712, 28.9));
#1376 = ORIENTED_EDGE('', *, *, #1377, .T.);
#1377 = EDGE_CURVE('', #1371, #1378, #1380, .T.);
#1378 = VERTEX_POINT('', #1379);
#1379 = CARTESIAN_POINT('', (44.1715728705076, 4.82842712, 31.4));
#1380 = B_SPLINE_CURVE_WITH_KNOTS('', 1, (#1381, #1382), .UNSPECIFIED., .F., .U., (2, 2), (0., 1.), .UNSPECIFIED.);
#1381 = CARTESIAN_POINT('', (46.6715728705076, 2.32842711999999, 28.9));
#1382 = CARTESIAN_POINT('', (44.1715728705076, 4.82842712, 31.4));
#1383 = ORIENTED_EDGE('', *, *, #1384, .F.);
#1384 = EDGE_CURVE('', #1385, #1378, #1387, .T.);
#1385 = VERTEX_POINT('', #1386);
#1386 = CARTESIAN_POINT('', (23.0823443245459, 4.82842712, 31.4));
#1387 = B_SPLINE_CURVE_WITH_KNOTS('', 1, (#1388, #1389), .UNSPECIFIED., .F., .U., (2, 2), (0.200716037604747, 0.384100633656588), .UNSPECIFIED.);
#1388 = CARTESIAN_POINT('', (23.0823443245459, 4.82842712, 31.4));
#1389 = CARTESIAN_POINT('', (44.1715728705076, 4.82842712, 31.4));
#1390 = ORIENTED_EDGE('', *, *, #1391, .F.);
#1391 = EDGE_CURVE('', #1392, #1385, #1394, .T.);
#1392 = VERTEX_POINT('', #1393);
#1393 = CARTESIAN_POINT('', (8.18319778283151, 0., 26.57157288));
#1394 = B_SPLINE_CURVE_WITH_KNOTS('', 1, (#1395, #1396), .UNSPECIFIED., .F., .U., (2, 2), (0., 1.), .UNSPECIFIED.);
#1395 = CARTESIAN_POINT('', (8.18319778283163, 1.4210854715202E-14, 26.57157288));
#1396 = CARTESIAN_POINT('', (23.0823443245459, 4.82842712000001, 31.4));
#1397 = ORIENTED_EDGE('', *, *, #1398, .T.);
#1398 = EDGE_CURVE('', #1392, #1399, #1401, .T.);
#1399 = VERTEX_POINT('', #1400);
#1400 = CARTESIAN_POINT('', (114.671572870508, 0., 26.57157288));
#1401 = B_SPLINE_CURVE_WITH_KNOTS('', 1, (#1402, #1403), .UNSPECIFIED., .F., .U., (2, 2), (0.0711582415898392, 0.997144111917458), .UNSPECIFIED.);
#1402 = CARTESIAN_POINT('', (8.18319778283151, 0., 26.57157288));
#1403 = CARTESIAN_POINT('', (114.671572870508, 0., 26.57157288));
#1404 = ORIENTED_EDGE('', *, *, #1405, .F.);
#1405 = EDGE_CURVE('', #1336, #1399, #1406, .T.);
#1406 = B_SPLINE_CURVE_WITH_KNOTS('', 1, (#1407, #1408), .UNSPECIFIED., .F., .U., (2, 2), (0., 1.), .UNSPECIFIED.);
#1407 = CARTESIAN_POINT('', (115., 0.328427129492354, 26.9000000094924));
#1408 = CARTESIAN_POINT('', (114.671572870508, -4.71844785465692E-15, 26.57157288));
#1409 = ORIENTED_EDGE('', *, *, #1335, .F.);
#1410 = ORIENTED_EDGE('', *, *, #1411, .F.);
#1411 = EDGE_CURVE('', #1412, #1327, #1414, .T.);
#1412 = VERTEX_POINT('', #1413);
#1413 = CARTESIAN_POINT('', (92.8263197118589, 4.82842712, 31.4));
#1414 = B_SPLINE_CURVE_WITH_KNOTS('', 1, (#1415, #1416), .UNSPECIFIED., .F., .U., (2, 2), (0., 1.), .UNSPECIFIED.);
#1415 = CARTESIAN_POINT('', (92.8263197118589, 4.82842712, 31.4));
#1416 = CARTESIAN_POINT('', (115., 0.948033069575308, 27.5196059495753));
#1417 = ORIENTED_EDGE('', *, *, #1418, .F.);
#1418 = EDGE_CURVE('', #1362, #1412, #1419, .T.);
#1419 = B_SPLINE_CURVE_WITH_KNOTS('', 1, (#1420, #1421), .UNSPECIFIED., .F., .U., (2, 2), (0.659377627212977, 0.807185388798773), .UNSPECIFIED.);
#1420 = CARTESIAN_POINT('', (75.8284271294924, 4.82842712, 31.4));
#1421 = CARTESIAN_POINT('', (92.8263197118589, 4.82842712, 31.4));
#1422 = B_SPLINE_SURFACE_WITH_KNOTS('', 1, 1, ((#1423, #1424), (#1425, #1426)), .UNSPECIFIED., .F., .F., .U., (2, 2), (2, 2), (0., 1.), (0., 1.), .UNSPECIFIED.);
#1423 = CARTESIAN_POINT('', (0., 4.82842712, 31.4));
#1424 = CARTESIAN_POINT('', (115., 4.82842712, 31.4));
#1425 = CARTESIAN_POINT('', (0., 0., 26.57157288));
#1426 = CARTESIAN_POINT('', (115., 0., 26.57157288));
#1427 = ADVANCED_FACE('', (#1428), #1450, .T.);
#1428 = FACE_OUTER_BOUND('', #1429, .T.);
#1429 = EDGE_LOOP('', (#1430, #1431, #1438, #1445));
#1430 = ORIENTED_EDGE('', *, *, #1370, .F.);
#1431 = ORIENTED_EDGE('', *, *, #1432, .F.);
#1432 = EDGE_CURVE('', #1433, #1371, #1435, .T.);
#1433 = VERTEX_POINT('', #1434);
#1434 = CARTESIAN_POINT('', (46.6715728705076, 18.0970562776954, 28.9));
#1435 = B_SPLINE_CURVE_WITH_KNOTS('', 1, (#1436, #1437), .UNSPECIFIED., .F., .U., (2, 2), (0.317446471348883, 0.490367067441606), .UNSPECIFIED.);
#1436 = CARTESIAN_POINT('', (46.6715728705076, 18.0970562776954, 28.9));
#1437 = CARTESIAN_POINT('', (46.6715728705076, 2.32842712, 28.9));
#1438 = ORIENTED_EDGE('', *, *, #1439, .F.);
#1439 = EDGE_CURVE('', #1440, #1433, #1442, .T.);
#1440 = VERTEX_POINT('', #1441);
#1441 = CARTESIAN_POINT('', (73.3284271294924, 18.0970562776954, 28.9));
#1442 = B_SPLINE_CURVE_WITH_KNOTS('', 1, (#1443, #1444), .UNSPECIFIED., .F., .U., (2, 2), (0., 1.), .UNSPECIFIED.);
#1443 = CARTESIAN_POINT('', (73.3284271294924, 18.0970562776954, 28.9));
#1444 = CARTESIAN_POINT('', (46.6715728705075, 18.0970562776954, 28.9));
#1445 = ORIENTED_EDGE('', *, *, #1446, .F.);
#1446 = EDGE_CURVE('', #1364, #1440, #1447, .T.);
#1447 = B_SPLINE_CURVE_WITH_KNOTS('', 1, (#1448, #1449), .UNSPECIFIED., .F., .U., (2, 2), (0.513965455007949, 0.764659082316303), .UNSPECIFIED.);
#1448 = CARTESIAN_POINT('', (73.3284271294924, 2.32842712, 28.9));
#1449 = CARTESIAN_POINT('', (73.3284271294924, 18.0970562776954, 28.9));
#1450 = B_SPLINE_SURFACE_WITH_KNOTS('', 1, 1, ((#1451, #1452), (#1453, #1454)), .UNSPECIFIED., .F., .F., .U., (2, 2), (2, 2), (0., 1.), (0., 1.), .UNSPECIFIED.);
#1451 = CARTESIAN_POINT('', (105.595, -44.145, 28.9));
#1452 = CARTESIAN_POINT('', (105.595, 47.045, 28.9));
#1453 = CARTESIAN_POINT('', (14.405, -44.145, 28.9));
#1454 = CARTESIAN_POINT('', (14.405, 47.045, 28.9));
#1455 = ADVANCED_FACE('', (#1456), #1472, .F.);
#1456 = FACE_OUTER_BOUND('', #1457, .F.);
#1457 = EDGE_LOOP('', (#1458, #1465, #1470, #1471));
#1458 = ORIENTED_EDGE('', *, *, #1459, .F.);
#1459 = EDGE_CURVE('', #1460, #1362, #1462, .T.);
#1460 = VERTEX_POINT('', #1461);
#1461 = CARTESIAN_POINT('', (75.8284271294924, 20.5970562776955, 31.4));
#1462 = B_SPLINE_CURVE_WITH_KNOTS('', 1, (#1463, #1464), .UNSPECIFIED., .F., .U., (2, 2), (0.414680367237497, 1.), .UNSPECIFIED.);
#1463 = CARTESIAN_POINT('', (75.8284271294924, 20.5970562776955, 31.4));
#1464 = CARTESIAN_POINT('', (75.8284271294924, 4.82842712000001, 31.4));
#1465 = ORIENTED_EDGE('', *, *, #1466, .F.);
#1466 = EDGE_CURVE('', #1440, #1460, #1467, .T.);
#1467 = B_SPLINE_CURVE_WITH_KNOTS('', 1, (#1468, #1469), .UNSPECIFIED., .F., .U., (2, 2), (0., 0.182861183835919), .UNSPECIFIED.);
#1468 = CARTESIAN_POINT('', (73.3284271294923, 18.0970562776954, 28.8999999999999));
#1469 = CARTESIAN_POINT('', (75.8284271294924, 20.5970562776955, 31.4));
#1470 = ORIENTED_EDGE('', *, *, #1446, .F.);
#1471 = ORIENTED_EDGE('', *, *, #1361, .F.);
#1472 = B_SPLINE_SURFACE_WITH_KNOTS('', 1, 1, ((#1473, #1474), (#1475, #1476)), .UNSPECIFIED., .F., .F., .U., (2, 2), (2, 2), (0., 168.317206630871), (0., 168.317206630871), .UNSPECIFIED.);
#1473 = CARTESIAN_POINT('', (135.731521878182, 104.504696423387, 91.3030947486895));
#1474 = CARTESIAN_POINT('', (135.731521878182, -63.8125102074834, 91.3030947486895));
#1475 = CARTESIAN_POINT('', (16.7132836791159, 104.504696423387, -27.7151434503765));
#1476 = CARTESIAN_POINT('', (16.7132836791159, -63.8125102074834, -27.7151434503765));
#1477 = ADVANCED_FACE('', (#1478), #1494, .F.);
#1478 = FACE_OUTER_BOUND('', #1479, .F.);
#1479 = EDGE_LOOP('', (#1480, #1487, #1492, #1493));
#1480 = ORIENTED_EDGE('', *, *, #1481, .F.);
#1481 = EDGE_CURVE('', #1482, #1460, #1484, .T.);
#1482 = VERTEX_POINT('', #1483);
#1483 = CARTESIAN_POINT('', (44.1715728705076, 20.5970562776954, 31.4));
#1484 = B_SPLINE_CURVE_WITH_KNOTS('', 1, (#1485, #1486), .UNSPECIFIED., .F., .U., (2, 2), (0.206880979083474, 0.793119020916526), .UNSPECIFIED.);
#1485 = CARTESIAN_POINT('', (44.1715728705076, 20.5970562776954, 31.4));
#1486 = CARTESIAN_POINT('', (75.8284271294924, 20.5970562776954, 31.4));
#1487 = ORIENTED_EDGE('', *, *, #1488, .T.);
#1488 = EDGE_CURVE('', #1482, #1433, #1489, .T.);
#1489 = B_SPLINE_CURVE_WITH_KNOTS('', 1, (#1490, #1491), .UNSPECIFIED., .F., .U., (2, 2), (0.817138816164083, 1.), .UNSPECIFIED.);
#1490 = CARTESIAN_POINT('', (44.1715728705076, 20.5970562776954, 31.4));
#1491 = CARTESIAN_POINT('', (46.6715728705076, 18.0970562776954, 28.9));
#1492 = ORIENTED_EDGE('', *, *, #1439, .F.);
#1493 = ORIENTED_EDGE('', *, *, #1466, .T.);
#1494 = B_SPLINE_SURFACE_WITH_KNOTS('', 1, 1, ((#1495, #1496), (#1497, #1498)), .UNSPECIFIED., .F., .F., .U., (2, 2), (2, 2), (0., 168.317206630871), (0., 168.317206630871), .UNSPECIFIED.);
#1495 = CARTESIAN_POINT('', (-7.48624335304507, 80.3793289462062, 91.1822726685108));
#1496 = CARTESIAN_POINT('', (160.830963277826, 80.3793289462062, 91.1822726685108));
#1497 = CARTESIAN_POINT('', (-7.48624335304507, -38.6389092528598, -27.8359655305553));
#1498 = CARTESIAN_POINT('', (160.830963277826, -38.6389092528598, -27.8359655305553));
#1499 = ADVANCED_FACE('', (#1500), #1510, .F.);
#1500 = FACE_OUTER_BOUND('', #1501, .F.);
#1501 = EDGE_LOOP('', (#1502, #1507, #1508, #1509));
#1502 = ORIENTED_EDGE('', *, *, #1503, .F.);
#1503 = EDGE_CURVE('', #1378, #1482, #1504, .T.);
#1504 = B_SPLINE_CURVE_WITH_KNOTS('', 1, (#1505, #1506), .UNSPECIFIED., .F., .U., (2, 2), (0., 0.585319632762503), .UNSPECIFIED.);
#1505 = CARTESIAN_POINT('', (44.1715728705076, 4.82842711999999, 31.4));
#1506 = CARTESIAN_POINT('', (44.1715728705076, 20.5970562776954, 31.4));
#1507 = ORIENTED_EDGE('', *, *, #1377, .F.);
#1508 = ORIENTED_EDGE('', *, *, #1432, .F.);
#1509 = ORIENTED_EDGE('', *, *, #1488, .F.);
#1510 = B_SPLINE_SURFACE_WITH_KNOTS('', 1, 1, ((#1511, #1512), (#1513, #1514)), .UNSPECIFIED., .F., .F., .U., (2, 2), (2, 2), (0., 168.317206630871), (0., 168.317206630871), .UNSPECIFIED.);
#1511 = CARTESIAN_POINT('', (-15.7315218781819, -63.8125102074834, 91.3030947486895));
#1512 = CARTESIAN_POINT('', (-15.7315218781819, 104.504696423387, 91.3030947486895));
#1513 = CARTESIAN_POINT('', (103.286716320884, -63.8125102074834, -27.7151434503765));
#1514 = CARTESIAN_POINT('', (103.286716320884, 104.504696423387, -27.7151434503765));
#1515 = ADVANCED_FACE('', (#1516), #1549, .F.);
#1516 = FACE_OUTER_BOUND('', #1517, .F.);
#1517 = EDGE_LOOP('', (#1518, #1519, #1520, #1521, #1528, #1535, #1542, #1547, #1548));
#1518 = ORIENTED_EDGE('', *, *, #1481, .T.);
#1519 = ORIENTED_EDGE('', *, *, #1459, .T.);
#1520 = ORIENTED_EDGE('', *, *, #1418, .T.);
#1521 = ORIENTED_EDGE('', *, *, #1522, .F.);
#1522 = EDGE_CURVE('', #1523, #1412, #1525, .T.);
#1523 = VERTEX_POINT('', #1524);
#1524 = CARTESIAN_POINT('', (92.8263197118589, 37.97157288, 31.4));
#1525 = B_SPLINE_CURVE_WITH_KNOTS('', 1, (#1526, #1527), .UNSPECIFIED., .F., .U., (2, 2), (0., 1.), .UNSPECIFIED.);
#1526 = CARTESIAN_POINT('', (92.8263197118589, 37.97157288, 31.4));
#1527 = CARTESIAN_POINT('', (92.8263197118589, 4.82842711999996, 31.4));
#1528 = ORIENTED_EDGE('', *, *, #1529, .F.);
#1529 = EDGE_CURVE('', #1530, #1523, #1532, .T.);
#1530 = VERTEX_POINT('', #1531);
#1531 = CARTESIAN_POINT('', (1.02842712949238, 37.97157288, 31.4));
#1532 = B_SPLINE_CURVE_WITH_KNOTS('', 1, (#1533, #1534), .UNSPECIFIED., .F., .U., (2, 2), (0.00894284460428157, 0.807185388798773), .UNSPECIFIED.);
#1533 = CARTESIAN_POINT('', (1.02842712949238, 37.97157288, 31.4));
#1534 = CARTESIAN_POINT('', (92.8263197118589, 37.97157288, 31.4));
#1535 = ORIENTED_EDGE('', *, *, #1536, .F.);
#1536 = EDGE_CURVE('', #1537, #1530, #1539, .T.);
#1537 = VERTEX_POINT('', #1538);
#1538 = CARTESIAN_POINT('', (1.02842712949239, 17.6932121504479, 31.4));
#1539 = B_SPLINE_CURVE_WITH_KNOTS('', 1, (#1540, #1541), .UNSPECIFIED., .F., .U., (2, 2), (0.38815823710899, 1.), .UNSPECIFIED.);
#1540 = CARTESIAN_POINT('', (1.02842712949239, 17.6932121504479, 31.4));
#1541 = CARTESIAN_POINT('', (1.02842712949239, 37.9715728799999, 31.4));
#1542 = ORIENTED_EDGE('', *, *, #1543, .F.);
#1543 = EDGE_CURVE('', #1385, #1537, #1544, .T.);
#1544 = B_SPLINE_CURVE_WITH_KNOTS('', 1, (#1545, #1546), .UNSPECIFIED., .F., .U., (2, 2), (0., 1.), .UNSPECIFIED.);
#1545 = CARTESIAN_POINT('', (23.0823443245459, 4.82842712, 31.4));
#1546 = CARTESIAN_POINT('', (1.02842712949237, 17.6932121504479, 31.4));
#1547 = ORIENTED_EDGE('', *, *, #1384, .T.);
#1548 = ORIENTED_EDGE('', *, *, #1503, .T.);
#1549 = B_SPLINE_SURFACE_WITH_KNOTS('', 1, 1, ((#1550, #1551), (#1552, #1553)), .UNSPECIFIED., .F., .F., .U., (2, 2), (2, 2), (0., 1.), (0., 1.), .UNSPECIFIED.);
#1550 = CARTESIAN_POINT('', (0., 37.97157288, 31.4));
#1551 = CARTESIAN_POINT('', (115., 37.97157288, 31.4));
#1552 = CARTESIAN_POINT('', (0., 4.82842712, 31.4));
#1553 = CARTESIAN_POINT('', (115., 4.82842712, 31.4));
#1554 = ADVANCED_FACE('', (#1555), #1579, .T.);
#1555 = FACE_OUTER_BOUND('', #1556, .T.);
#1556 = EDGE_LOOP('', (#1557, #1564, #1565, #1566, #1567, #1574));
#1557 = ORIENTED_EDGE('', *, *, #1558, .T.);
#1558 = EDGE_CURVE('', #1559, #1329, #1561, .T.);
#1559 = VERTEX_POINT('', #1560);
#1560 = CARTESIAN_POINT('', (110.171572870508, 39., 28.3645806972365));
#1561 = B_SPLINE_CURVE_WITH_KNOTS('', 1, (#1562, #1563), .UNSPECIFIED., .F., .U., (2, 2), (0., 1.), .UNSPECIFIED.);
#1562 = CARTESIAN_POINT('', (110.171572870508, 38.9999999999999, 28.3645806972365));
#1563 = CARTESIAN_POINT('', (115., 34.1715728705075, 27.5196059495753));
#1564 = ORIENTED_EDGE('', *, *, #1326, .F.);
#1565 = ORIENTED_EDGE('', *, *, #1411, .F.);
#1566 = ORIENTED_EDGE('', *, *, #1522, .F.);
#1567 = ORIENTED_EDGE('', *, *, #1568, .F.);
#1568 = EDGE_CURVE('', #1569, #1523, #1571, .T.);
#1569 = VERTEX_POINT('', #1570);
#1570 = CARTESIAN_POINT('', (98.703046111859, 39., 30.37157288));
#1571 = B_SPLINE_CURVE_WITH_KNOTS('', 1, (#1572, #1573), .UNSPECIFIED., .F., .U., (2, 2), (0., 1.), .UNSPECIFIED.);
#1572 = CARTESIAN_POINT('', (98.7030461118589, 39., 30.37157288));
#1573 = CARTESIAN_POINT('', (92.8263197118588, 37.97157288, 31.4));
#1574 = ORIENTED_EDGE('', *, *, #1575, .F.);
#1575 = EDGE_CURVE('', #1559, #1569, #1576, .T.);
#1576 = B_SPLINE_CURVE_WITH_KNOTS('', 1, (#1577, #1578), .UNSPECIFIED., .F., .U., (2, 2), (0., 1.), .UNSPECIFIED.);
#1577 = CARTESIAN_POINT('', (110.171572870508, 39., 28.3645806972365));
#1578 = CARTESIAN_POINT('', (98.7030461118589, 39., 30.37157288));
#1579 = B_SPLINE_SURFACE_WITH_KNOTS('', 1, 1, ((#1580, #1581), (#1582, #1583)), .UNSPECIFIED., .F., .F., .U., (2, 2), (2, 2), (0., 250.854338866242), (0., 250.854338866242), .UNSPECIFIED.);
#1580 = CARTESIAN_POINT('', (229.888802399067, -89.3642925993031, 7.41406552973853));
#1581 = CARTESIAN_POINT('', (229.888802399067, 161.490046266939, 7.41406552973853));
#1582 = CARTESIAN_POINT('', (-17.2103642023823, -89.3642925993031, 50.6564196849922));
#1583 = CARTESIAN_POINT('', (-17.2103642023823, 161.490046266939, 50.6564196849922));
#1584 = ADVANCED_FACE('', (#1585), #1614, .F.);
#1585 = FACE_OUTER_BOUND('', #1586, .F.);
#1586 = EDGE_LOOP('', (#1587, #1588, #1595, #1602, #1609));
#1587 = ORIENTED_EDGE('', *, *, #1575, .F.);
#1588 = ORIENTED_EDGE('', *, *, #1589, .F.);
#1589 = EDGE_CURVE('', #1590, #1559, #1592, .T.);
#1590 = VERTEX_POINT('', #1591);
#1591 = CARTESIAN_POINT('', (110.171572870508, 39., 4.82842712));
#1592 = B_SPLINE_CURVE_WITH_KNOTS('', 1, (#1593, #1594), .UNSPECIFIED., .F., .U., (2, 2), (0., 0.921427368358583), .UNSPECIFIED.);
#1593 = CARTESIAN_POINT('', (110.171572870508, 39., 4.82842712000001));
#1594 = CARTESIAN_POINT('', (110.171572870508, 39., 28.3645806972365));
#1595 = ORIENTED_EDGE('', *, *, #1596, .F.);
#1596 = EDGE_CURVE('', #1597, #1590, #1599, .T.);
#1597 = VERTEX_POINT('', #1598);
#1598 = CARTESIAN_POINT('', (1.82842712949238, 39., 4.82842712));
#1599 = B_SPLINE_CURVE_WITH_KNOTS('', 1, (#1600, #1601), .UNSPECIFIED., .F., .U., (2, 2), (0.015899366343412, 0.958013677134849), .UNSPECIFIED.);
#1600 = CARTESIAN_POINT('', (1.82842712949238, 39., 4.82842712));
#1601 = CARTESIAN_POINT('', (110.171572870508, 39., 4.82842712));
#1602 = ORIENTED_EDGE('', *, *, #1603, .F.);
#1603 = EDGE_CURVE('', #1604, #1597, #1606, .T.);
#1604 = VERTEX_POINT('', #1605);
#1605 = CARTESIAN_POINT('', (1.82842712949238, 39., 30.37157288));
#1606 = B_SPLINE_CURVE_WITH_KNOTS('', 1, (#1607, #1608), .UNSPECIFIED., .F., .U., (2, 2), (0., 1.), .UNSPECIFIED.);
#1607 = CARTESIAN_POINT('', (1.82842712949238, 39., 30.37157288));
#1608 = CARTESIAN_POINT('', (1.82842712949238, 39., 4.82842711999999));
#1609 = ORIENTED_EDGE('', *, *, #1610, .T.);
#1610 = EDGE_CURVE('', #1604, #1569, #1611, .T.);
#1611 = B_SPLINE_CURVE_WITH_KNOTS('', 1, (#1612, #1613), .UNSPECIFIED., .F., .U., (2, 2), (0.015899366343412, 0.858287357494426), .UNSPECIFIED.);
#1612 = CARTESIAN_POINT('', (1.82842712949238, 39., 30.37157288));
#1613 = CARTESIAN_POINT('', (98.703046111859, 39., 30.37157288));
#1614 = B_SPLINE_SURFACE_WITH_KNOTS('', 1, 1, ((#1615, #1616), (#1617, #1618)), .UNSPECIFIED., .F., .F., .U., (2, 2), (2, 2), (0., 1.), (0., 1.), .UNSPECIFIED.);
#1615 = CARTESIAN_POINT('', (0., 39., 4.82842712));
#1616 = CARTESIAN_POINT('', (115., 39., 4.82842712));
#1617 = CARTESIAN_POINT('', (0., 39., 30.37157288));
#1618 = CARTESIAN_POINT('', (115., 39., 30.37157288));
#1619 = ADVANCED_FACE('', (#1620), #1631, .T.);
#1620 = FACE_OUTER_BOUND('', #1621, .T.);
#1621 = EDGE_LOOP('', (#1622, #1623, #1624, #1629, #1630));
#1622 = ORIENTED_EDGE('', *, *, #1558, .F.);
#1623 = ORIENTED_EDGE('', *, *, #1589, .F.);
#1624 = ORIENTED_EDGE('', *, *, #1625, .F.);
#1625 = EDGE_CURVE('', #1270, #1590, #1626, .T.);
#1626 = B_SPLINE_CURVE_WITH_KNOTS('', 1, (#1627, #1628), .UNSPECIFIED., .F., .U., (2, 2), (0.189339829508516, 1.), .UNSPECIFIED.);
#1627 = CARTESIAN_POINT('', (114.085786430508, 35.08578644, 0.914213560000008));
#1628 = CARTESIAN_POINT('', (110.171572870508, 39., 4.82842712));
#1629 = ORIENTED_EDGE('', *, *, #1269, .T.);
#1630 = ORIENTED_EDGE('', *, *, #1348, .F.);
#1631 = B_SPLINE_SURFACE_WITH_KNOTS('', 1, 1, ((#1632, #1633), (#1634, #1635)), .UNSPECIFIED., .F., .F., .U., (2, 2), (2, 2), (0., 250.854338866242), (0., 250.854338866242), .UNSPECIFIED.);
#1632 = CARTESIAN_POINT('', (22.7039450619459, 126.467627808562, 126.41165581133));
#1633 = CARTESIAN_POINT('', (200.084749164334, -50.913176293826, 126.41165581133));
#1634 = CARTESIAN_POINT('', (22.7039450619459, 126.467627808562, -124.442683054912));
#1635 = CARTESIAN_POINT('', (200.084749164334, -50.913176293826, -124.442683054912));
#1636 = ADVANCED_FACE('', (#1637), #1668, .F.);
#1637 = FACE_OUTER_BOUND('', #1638, .F.);
#1638 = EDGE_LOOP('', (#1639, #1640, #1641, #1648, #1655, #1662, #1667));
#1639 = ORIENTED_EDGE('', *, *, #1625, .F.);
#1640 = ORIENTED_EDGE('', *, *, #1278, .F.);
#1641 = ORIENTED_EDGE('', *, *, #1642, .F.);
#1642 = EDGE_CURVE('', #1643, #1279, #1645, .T.);
#1643 = VERTEX_POINT('', #1644);
#1644 = CARTESIAN_POINT('', (1.82842712949238, 34.17157288, 0.));
#1645 = B_SPLINE_CURVE_WITH_KNOTS('', 1, (#1646, #1647), .UNSPECIFIED., .F., .U., (2, 2), (0.015899366343412, 0.984100633656588), .UNSPECIFIED.);
#1646 = CARTESIAN_POINT('', (1.82842712949238, 34.17157288, 0.));
#1647 = CARTESIAN_POINT('', (113.171572870508, 34.17157288, 0.));
#1648 = ORIENTED_EDGE('', *, *, #1649, .F.);
#1649 = EDGE_CURVE('', #1650, #1643, #1652, .T.);
#1650 = VERTEX_POINT('', #1651);
#1651 = CARTESIAN_POINT('', (0., 36.0000000094924, 1.82842712949242));
#1652 = B_SPLINE_CURVE_WITH_KNOTS('', 1, (#1653, #1654), .UNSPECIFIED., .F., .U., (2, 2), (0., 1.), .UNSPECIFIED.);
#1653 = CARTESIAN_POINT('', (-5.6843418860808E-14, 36.0000000094925, 1.8284271294925));
#1654 = CARTESIAN_POINT('', (1.82842712949245, 34.1715728799999, -1.3988810110277E-14));
#1655 = ORIENTED_EDGE('', *, *, #1656, .T.);
#1656 = EDGE_CURVE('', #1650, #1657, #1659, .T.);
#1657 = VERTEX_POINT('', #1658);
#1658 = CARTESIAN_POINT('', (0., 37.1715728705076, 2.99999999050762));
#1659 = B_SPLINE_CURVE_WITH_KNOTS('', 1, (#1660, #1661), .UNSPECIFIED., .F., .U., (2, 2), (0.378679657795563, 0.621320342204444), .UNSPECIFIED.);
#1660 = CARTESIAN_POINT('', (0., 36.0000000094924, 1.82842712949242));
#1661 = CARTESIAN_POINT('', (0., 37.1715728705076, 2.99999999050762));
#1662 = ORIENTED_EDGE('', *, *, #1663, .F.);
#1663 = EDGE_CURVE('', #1597, #1657, #1664, .T.);
#1664 = B_SPLINE_CURVE_WITH_KNOTS('', 1, (#1665, #1666), .UNSPECIFIED., .F., .U., (2, 2), (0., 1.), .UNSPECIFIED.);
#1665 = CARTESIAN_POINT('', (1.82842712949238, 39., 4.82842711999996));
#1666 = CARTESIAN_POINT('', (2.33146835171283E-14, 37.1715728705076, 2.9999999905076));
#1667 = ORIENTED_EDGE('', *, *, #1596, .T.);
#1668 = B_SPLINE_SURFACE_WITH_KNOTS('', 1, 1, ((#1669, #1670), (#1671, #1672)), .UNSPECIFIED., .F., .F., .U., (2, 2), (2, 2), (0., 1.), (0., 1.), .UNSPECIFIED.);
#1669 = CARTESIAN_POINT('', (0., 34.17157288, 0.));
#1670 = CARTESIAN_POINT('', (115., 34.17157288, 0.));
#1671 = CARTESIAN_POINT('', (0., 39., 4.82842712));
#1672 = CARTESIAN_POINT('', (115., 39., 4.82842712));
#1673 = ADVANCED_FACE('', (#1674), #1690, .F.);
#1674 = FACE_OUTER_BOUND('', #1675, .F.);
#1675 = EDGE_LOOP('', (#1676, #1677, #1684, #1689));
#1676 = ORIENTED_EDGE('', *, *, #1285, .F.);
#1677 = ORIENTED_EDGE('', *, *, #1678, .F.);
#1678 = EDGE_CURVE('', #1679, #1286, #1681, .T.);
#1679 = VERTEX_POINT('', #1680);
#1680 = CARTESIAN_POINT('', (1.82842712949238, 0.32842712, 0.));
#1681 = B_SPLINE_CURVE_WITH_KNOTS('', 1, (#1682, #1683), .UNSPECIFIED., .F., .U., (2, 2), (0.015899366343412, 0.984100633656588), .UNSPECIFIED.);
#1682 = CARTESIAN_POINT('', (1.82842712949238, 0.32842712, 0.));
#1683 = CARTESIAN_POINT('', (113.171572870508, 0.32842712, 0.));
#1684 = ORIENTED_EDGE('', *, *, #1685, .F.);
#1685 = EDGE_CURVE('', #1643, #1679, #1686, .T.);
#1686 = B_SPLINE_CURVE_WITH_KNOTS('', 1, (#1687, #1688), .UNSPECIFIED., .F., .U., (2, 2), (0., 1.), .UNSPECIFIED.);
#1687 = CARTESIAN_POINT('', (1.82842712949238, 34.17157288, 0.));
#1688 = CARTESIAN_POINT('', (1.82842712949238, 0.328427120000043, 0.));
#1689 = ORIENTED_EDGE('', *, *, #1642, .T.);
#1690 = B_SPLINE_SURFACE_WITH_KNOTS('', 1, 1, ((#1691, #1692), (#1693, #1694)), .UNSPECIFIED., .F., .F., .U., (2, 2), (2, 2), (0., 1.), (0., 1.), .UNSPECIFIED.);
#1691 = CARTESIAN_POINT('', (0., 0.32842712, 0.));
#1692 = CARTESIAN_POINT('', (115., 0.32842712, 0.));
#1693 = CARTESIAN_POINT('', (0., 34.17157288, 0.));
#1694 = CARTESIAN_POINT('', (115., 34.17157288, 0.));
#1695 = ADVANCED_FACE('', (#1696), #1719, .F.);
#1696 = FACE_OUTER_BOUND('', #1697, .F.);
#1697 = EDGE_LOOP('', (#1698, #1707, #1712, #1713, #1714));
#1698 = ORIENTED_EDGE('', *, *, #1699, .F.);
#1699 = EDGE_CURVE('', #1700, #1702, #1704, .T.);
#1700 = VERTEX_POINT('', #1701);
#1701 = CARTESIAN_POINT('', (1.66421356949241, 0.164213559999986, 0.16421356));
#1702 = VERTEX_POINT('', #1703);
#1703 = CARTESIAN_POINT('', (1.82842712949237, 0., 0.32842712));
#1704 = B_SPLINE_CURVE_WITH_KNOTS('', 1, (#1705, #1706), .UNSPECIFIED., .F., .U., (2, 2), (0.50000000000005, 1.), .UNSPECIFIED.);
#1705 = CARTESIAN_POINT('', (1.66421356949238, 0.164213559999972, 0.164213560000043));
#1706 = CARTESIAN_POINT('', (1.82842712949236, -9.54791801177635E-15, 0.328427120000024));
#1707 = ORIENTED_EDGE('', *, *, #1708, .F.);
#1708 = EDGE_CURVE('', #1679, #1700, #1709, .T.);
#1709 = B_SPLINE_CURVE_WITH_KNOTS('', 1, (#1710, #1711), .UNSPECIFIED., .F., .U., (2, 2), (0., 0.500000000000108), .UNSPECIFIED.);
#1710 = CARTESIAN_POINT('', (1.82842712949244, 0.328427120000015, -2.8421709430404E-14));
#1711 = CARTESIAN_POINT('', (1.66421356949241, 0.164213559999986, 0.16421356));
#1712 = ORIENTED_EDGE('', *, *, #1678, .T.);
#1713 = ORIENTED_EDGE('', *, *, #1292, .F.);
#1714 = ORIENTED_EDGE('', *, *, #1715, .F.);
#1715 = EDGE_CURVE('', #1702, #1293, #1716, .T.);
#1716 = B_SPLINE_CURVE_WITH_KNOTS('', 1, (#1717, #1718), .UNSPECIFIED., .F., .U., (2, 2), (0.0158993663434119, 0.986956521656588), .UNSPECIFIED.);
#1717 = CARTESIAN_POINT('', (1.82842712949237, 0., 0.32842712));
#1718 = CARTESIAN_POINT('', (113.499999990508, 0., 0.32842712));
#1719 = B_SPLINE_SURFACE_WITH_KNOTS('', 1, 1, ((#1720, #1721), (#1722, #1723)), .UNSPECIFIED., .F., .F., .U., (2, 2), (2, 2), (0., 1.), (0., 1.), .UNSPECIFIED.);
#1720 = CARTESIAN_POINT('', (0., 0., 0.32842712));
#1721 = CARTESIAN_POINT('', (115., 0., 0.32842712));
#1722 = CARTESIAN_POINT('', (0., 0.32842712, 0.));
#1723 = CARTESIAN_POINT('', (115., 0.32842712, 0.));
#1724 = ADVANCED_FACE('', (#1725), #1742, .T.);
#1725 = FACE_OUTER_BOUND('', #1726, .T.);
#1726 = EDGE_LOOP('', (#1727, #1734, #1735, #1736, #1737));
#1727 = ORIENTED_EDGE('', *, *, #1728, .F.);
#1728 = EDGE_CURVE('', #1700, #1729, #1731, .T.);
#1729 = VERTEX_POINT('', #1730);
#1730 = CARTESIAN_POINT('', (5.52819481062285E-17, 1.82842712949237, 1.82842712949238));
#1731 = B_SPLINE_CURVE_WITH_KNOTS('', 1, (#1732, #1733), .UNSPECIFIED., .F., .U., (2, 2), (0.0898113779604933, 1.), .UNSPECIFIED.);
#1732 = CARTESIAN_POINT('', (1.6642135694924, 0.164213559999986, 0.164213559999986));
#1733 = CARTESIAN_POINT('', (-3.81916720471054E-14, 1.82842712949242, 1.82842712949242));
#1734 = ORIENTED_EDGE('', *, *, #1708, .F.);
#1735 = ORIENTED_EDGE('', *, *, #1685, .F.);
#1736 = ORIENTED_EDGE('', *, *, #1649, .F.);
#1737 = ORIENTED_EDGE('', *, *, #1738, .F.);
#1738 = EDGE_CURVE('', #1729, #1650, #1739, .T.);
#1739 = B_SPLINE_CURVE_WITH_KNOTS('', 1, (#1740, #1741), .UNSPECIFIED., .F., .U., (2, 2), (0.0468827469100629, 0.92307692332032), .UNSPECIFIED.);
#1740 = CARTESIAN_POINT('', (5.52819481062285E-17, 1.82842712949237, 1.82842712949238));
#1741 = CARTESIAN_POINT('', (5.52819481062285E-17, 36.0000000094924, 1.82842712949238));
#1742 = B_SPLINE_SURFACE_WITH_KNOTS('', 1, 1, ((#1743, #1744), (#1745, #1746)), .UNSPECIFIED., .F., .F., .U., (2, 2), (2, 2), (0., 250.854338872145), (0., 250.854338872145), .UNSPECIFIED.);
#1743 = CARTESIAN_POINT('', (-87.2541264376616, -86.9142413134577, 89.082553567154));
#1744 = CARTESIAN_POINT('', (-87.2541264376616, 163.940097558687, 89.082553567154));
#1745 = CARTESIAN_POINT('', (90.1266776689002, -86.9142413134577, -88.2982505394078));
#1746 = CARTESIAN_POINT('', (90.1266776689002, 163.940097558687, -88.2982505394078));
#1747 = ADVANCED_FACE('', (#1748), #1778, .F.);
#1748 = FACE_OUTER_BOUND('', #1749, .F.);
#1749 = EDGE_LOOP('', (#1750, #1759, #1766, #1771, #1772, #1773));
#1750 = ORIENTED_EDGE('', *, *, #1751, .F.);
#1751 = EDGE_CURVE('', #1752, #1754, #1756, .T.);
#1752 = VERTEX_POINT('', #1753);
#1753 = CARTESIAN_POINT('', (-5.42567557484678E-16, 15.4135320134064, 30.3715728705076));
#1754 = VERTEX_POINT('', #1755);
#1755 = CARTESIAN_POINT('', (4.33306483425339E-17, 1.82842712949237, 25.5197496976812));
#1756 = B_SPLINE_CURVE_WITH_KNOTS('', 1, (#1757, #1758), .UNSPECIFIED., .F., .U., (2, 2), (0., 1.), .UNSPECIFIED.);
#1757 = CARTESIAN_POINT('', (0., 15.4135320134064, 30.3715728705076));
#1758 = CARTESIAN_POINT('', (0., 1.82842712949232, 25.5197496976812));
#1759 = ORIENTED_EDGE('', *, *, #1760, .F.);
#1760 = EDGE_CURVE('', #1761, #1752, #1763, .T.);
#1761 = VERTEX_POINT('', #1762);
#1762 = CARTESIAN_POINT('', (-5.42567557484678E-16, 37.1715728705076, 30.3715728705076));
#1763 = B_SPLINE_CURVE_WITH_KNOTS('', 1, (#1764, #1765), .UNSPECIFIED., .F., .U., (2, 2), (0.179144994826243, 0.574196208599466), .UNSPECIFIED.);
#1764 = CARTESIAN_POINT('', (-5.42567557484678E-16, 37.1715728705076, 30.3715728705076));
#1765 = CARTESIAN_POINT('', (-5.42567557484678E-16, 15.4135320134064, 30.3715728705076));
#1766 = ORIENTED_EDGE('', *, *, #1767, .F.);
#1767 = EDGE_CURVE('', #1657, #1761, #1768, .T.);
#1768 = B_SPLINE_CURVE_WITH_KNOTS('', 1, (#1769, #1770), .UNSPECIFIED., .F., .U., (2, 2), (0.041045681203321, 1.), .UNSPECIFIED.);
#1769 = CARTESIAN_POINT('', (-4.15745789498904E-16, 37.1715728705076, 2.99999999050762));
#1770 = CARTESIAN_POINT('', (-4.15745789498904E-16, 37.1715728705076, 30.37157288));
#1771 = ORIENTED_EDGE('', *, *, #1656, .F.);
#1772 = ORIENTED_EDGE('', *, *, #1738, .F.);
#1773 = ORIENTED_EDGE('', *, *, #1774, .F.);
#1774 = EDGE_CURVE('', #1754, #1729, #1775, .T.);
#1775 = B_SPLINE_CURVE_WITH_KNOTS('', 1, (#1776, #1777), .UNSPECIFIED., .F., .U., (2, 2), (0.169982076423114, 1.), .UNSPECIFIED.);
#1776 = CARTESIAN_POINT('', (4.33306483425339E-17, 1.82842712949237, 25.5197496976812));
#1777 = CARTESIAN_POINT('', (4.33306483425339E-17, 1.82842712949237, 1.82842712949238));
#1778 = B_SPLINE_SURFACE_WITH_KNOTS('', 1, 1, ((#1779, #1780), (#1781, #1782)), .UNSPECIFIED., .F., .F., .U., (2, 2), (2, 2), (0., 1.), (0., 1.), .UNSPECIFIED.);
#1779 = CARTESIAN_POINT('', (0., -8.03825339414249, -11.8382533941425));
#1780 = CARTESIAN_POINT('', (0., 47.0382533941425, -11.8382533941425));
#1781 = CARTESIAN_POINT('', (0., -8.03825339414249, 43.2382533941425));
#1782 = CARTESIAN_POINT('', (0., 47.0382533941425, 43.2382533941425));
#1783 = ADVANCED_FACE('', (#1784), #1805, .T.);
#1784 = FACE_OUTER_BOUND('', #1785, .T.);
#1785 = EDGE_LOOP('', (#1786, #1791, #1792, #1799, #1804));
#1786 = ORIENTED_EDGE('', *, *, #1787, .F.);
#1787 = EDGE_CURVE('', #1752, #1537, #1788, .T.);
#1788 = B_SPLINE_CURVE_WITH_KNOTS('', 1, (#1789, #1790), .UNSPECIFIED., .F., .U., (2, 2), (0., 1.), .UNSPECIFIED.);
#1789 = CARTESIAN_POINT('', (2.8421709430404E-14, 15.4135320134064, 30.3715728705076));
#1790 = CARTESIAN_POINT('', (1.02842712949244, 17.693212150448, 31.4));
#1791 = ORIENTED_EDGE('', *, *, #1760, .F.);
#1792 = ORIENTED_EDGE('', *, *, #1793, .F.);
#1793 = EDGE_CURVE('', #1794, #1761, #1796, .T.);
#1794 = VERTEX_POINT('', #1795);
#1795 = CARTESIAN_POINT('', (0.914213569492383, 38.08578644, 31.28578644));
#1796 = B_SPLINE_CURVE_WITH_KNOTS('', 1, (#1797, #1798), .UNSPECIFIED., .F., .U., (2, 2), (0.111056541318897, 1.), .UNSPECIFIED.);
#1797 = CARTESIAN_POINT('', (0.914213569492403, 38.08578644, 31.28578644));
#1798 = CARTESIAN_POINT('', (9.32587340685131E-15, 37.1715728705076, 30.3715728705076));
#1799 = ORIENTED_EDGE('', *, *, #1800, .F.);
#1800 = EDGE_CURVE('', #1530, #1794, #1801, .T.);
#1801 = B_SPLINE_CURVE_WITH_KNOTS('', 1, (#1802, #1803), .UNSPECIFIED., .F., .U., (2, 2), (0., 0.111056541318986), .UNSPECIFIED.);
#1802 = CARTESIAN_POINT('', (1.02842712949243, 37.97157288, 31.4));
#1803 = CARTESIAN_POINT('', (0.914213569492383, 38.08578644, 31.28578644));
#1804 = ORIENTED_EDGE('', *, *, #1536, .F.);
#1805 = B_SPLINE_SURFACE_WITH_KNOTS('', 1, 1, ((#1806, #1807), (#1808, #1809)), .UNSPECIFIED., .F., .F., .U., (2, 2), (2, 2), (0., 250.854338866242), (0., 250.854338866242), .UNSPECIFIED.);
#1806 = CARTESIAN_POINT('', (89.4982624910836, -86.7011264636586, 119.869835361591));
#1807 = CARTESIAN_POINT('', (89.4982624910836, 164.153212402583, 119.869835361591));
#1808 = CARTESIAN_POINT('', (-87.882541611304, -86.7011264636586, -57.5109687407964));
#1809 = CARTESIAN_POINT('', (-87.882541611304, 164.153212402583, -57.5109687407964));
#1810 = ADVANCED_FACE('', (#1811), #1822, .F.);
#1811 = FACE_OUTER_BOUND('', #1812, .F.);
#1812 = EDGE_LOOP('', (#1813, #1814, #1815, #1820, #1821));
#1813 = ORIENTED_EDGE('', *, *, #1568, .F.);
#1814 = ORIENTED_EDGE('', *, *, #1610, .F.);
#1815 = ORIENTED_EDGE('', *, *, #1816, .F.);
#1816 = EDGE_CURVE('', #1794, #1604, #1817, .T.);
#1817 = B_SPLINE_CURVE_WITH_KNOTS('', 1, (#1818, #1819), .UNSPECIFIED., .F., .U., (2, 2), (0.111056542344007, 1.), .UNSPECIFIED.);
#1818 = CARTESIAN_POINT('', (0.914213569492382, 38.08578644, 31.28578644));
#1819 = CARTESIAN_POINT('', (1.82842712949236, 39., 30.37157288));
#1820 = ORIENTED_EDGE('', *, *, #1800, .F.);
#1821 = ORIENTED_EDGE('', *, *, #1529, .T.);
#1822 = B_SPLINE_SURFACE_WITH_KNOTS('', 1, 1, ((#1823, #1824), (#1825, #1826)), .UNSPECIFIED., .F., .F., .U., (2, 2), (2, 2), (0., 1.), (0., 1.), .UNSPECIFIED.);
#1823 = CARTESIAN_POINT('', (0., 39., 30.37157288));
#1824 = CARTESIAN_POINT('', (115., 39., 30.37157288));
#1825 = CARTESIAN_POINT('', (0., 37.97157288, 31.4));
#1826 = CARTESIAN_POINT('', (115., 37.97157288, 31.4));
#1827 = ADVANCED_FACE('', (#1828), #1835, .T.);
#1828 = FACE_OUTER_BOUND('', #1829, .T.);
#1829 = EDGE_LOOP('', (#1830, #1831, #1832, #1833, #1834));
#1830 = ORIENTED_EDGE('', *, *, #1767, .F.);
#1831 = ORIENTED_EDGE('', *, *, #1663, .F.);
#1832 = ORIENTED_EDGE('', *, *, #1603, .F.);
#1833 = ORIENTED_EDGE('', *, *, #1816, .F.);
#1834 = ORIENTED_EDGE('', *, *, #1793, .T.);
#1835 = B_SPLINE_SURFACE_WITH_KNOTS('', 1, 1, ((#1836, #1837), (#1838, #1839)), .UNSPECIFIED., .F., .F., .U., (2, 2), (2, 2), (0., 250.854338872145), (0., 250.854338872145), .UNSPECIFIED.);
#1836 = CARTESIAN_POINT('', (-87.3250085151258, -50.1534356446182, 125.799967043046));
#1837 = CARTESIAN_POINT('', (90.0557955914361, 127.227368461944, 125.799967043046));
#1838 = CARTESIAN_POINT('', (-87.3250085151258, -50.1534356446182, -125.054371829099));
#1839 = CARTESIAN_POINT('', (90.0557955914361, 127.227368461944, -125.054371829099));
#1840 = ADVANCED_FACE('', (#1841), #1859, .T.);
#1841 = FACE_OUTER_BOUND('', #1842, .T.);
#1842 = EDGE_LOOP('', (#1843, #1844, #1845, #1852, #1857, #1858));
#1843 = ORIENTED_EDGE('', *, *, #1543, .F.);
#1844 = ORIENTED_EDGE('', *, *, #1391, .F.);
#1845 = ORIENTED_EDGE('', *, *, #1846, .F.);
#1846 = EDGE_CURVE('', #1847, #1392, #1849, .T.);
#1847 = VERTEX_POINT('', #1848);
#1848 = CARTESIAN_POINT('', (1.82842712949237, 0., 25.247662327221));
#1849 = B_SPLINE_CURVE_WITH_KNOTS('', 1, (#1850, #1851), .UNSPECIFIED., .F., .U., (2, 2), (0., 1.), .UNSPECIFIED.);
#1850 = CARTESIAN_POINT('', (1.82842712949244, 0., 25.247662327221));
#1851 = CARTESIAN_POINT('', (8.18319778283151, 0., 26.57157288));
#1852 = ORIENTED_EDGE('', *, *, #1853, .T.);
#1853 = EDGE_CURVE('', #1847, #1754, #1854, .T.);
#1854 = B_SPLINE_CURVE_WITH_KNOTS('', 1, (#1855, #1856), .UNSPECIFIED., .F., .U., (2, 2), (0., 1.), .UNSPECIFIED.);
#1855 = CARTESIAN_POINT('', (1.82842712949235, 0., 25.247662327221));
#1856 = CARTESIAN_POINT('', (-2.22044604925031E-16, 1.82842712949235, 25.5197496976812));
#1857 = ORIENTED_EDGE('', *, *, #1751, .F.);
#1858 = ORIENTED_EDGE('', *, *, #1787, .T.);
#1859 = B_SPLINE_SURFACE_WITH_KNOTS('', 1, 1, ((#1860, #1861), (#1862, #1863)), .UNSPECIFIED., .F., .F., .U., (2, 2), (2, 2), (0., 250.854338866242), (0., 250.854338866242), .UNSPECIFIED.);
#1860 = CARTESIAN_POINT('', (133.924371625743, -122.564441849834, 8.99463581757055));
#1861 = CARTESIAN_POINT('', (133.924371625743, 113.67560276592, 93.3660803231969));
#1862 = CARTESIAN_POINT('', (-112.236963340999, -106.320764014548, -36.4876621212318));
#1863 = CARTESIAN_POINT('', (-112.236963340999, 129.919280601206, 47.8837823843946));
#1864 = ADVANCED_FACE('', (#1865), #1876, .T.);
#1865 = FACE_OUTER_BOUND('', #1866, .T.);
#1866 = EDGE_LOOP('', (#1867, #1868, #1873, #1874, #1875));
#1867 = ORIENTED_EDGE('', *, *, #1853, .F.);
#1868 = ORIENTED_EDGE('', *, *, #1869, .F.);
#1869 = EDGE_CURVE('', #1702, #1847, #1870, .T.);
#1870 = B_SPLINE_CURVE_WITH_KNOTS('', 1, (#1871, #1872), .UNSPECIFIED., .F., .U., (2, 2), (0., 0.94955213963728), .UNSPECIFIED.);
#1871 = CARTESIAN_POINT('', (1.82842712949237, 0., 0.328427119999986));
#1872 = CARTESIAN_POINT('', (1.82842712949237, 0., 25.247662327221));
#1873 = ORIENTED_EDGE('', *, *, #1699, .F.);
#1874 = ORIENTED_EDGE('', *, *, #1728, .T.);
#1875 = ORIENTED_EDGE('', *, *, #1774, .F.);
#1876 = B_SPLINE_SURFACE_WITH_KNOTS('', 1, 1, ((#1877, #1878), (#1879, #1880)), .UNSPECIFIED., .F., .F., .U., (2, 2), (2, 2), (0., 250.854338872145), (0., 250.854338872145), .UNSPECIFIED.);
#1877 = CARTESIAN_POINT('', (90.0557955843476, -88.2273684548553, 125.79996704111));
#1878 = CARTESIAN_POINT('', (-87.3250085222142, 89.1534356517066, 125.79996704111));
#1879 = CARTESIAN_POINT('', (90.0557955843476, -88.2273684548553, -125.054371831035));
#1880 = CARTESIAN_POINT('', (-87.3250085222142, 89.1534356517066, -125.054371831035));
#1881 = ADVANCED_FACE('', (#1882), #1894, .F.);
#1882 = FACE_OUTER_BOUND('', #1883, .F.);
#1883 = EDGE_LOOP('', (#1884, #1885, #1886, #1887, #1888, #1893));
#1884 = ORIENTED_EDGE('', *, *, #1846, .F.);
#1885 = ORIENTED_EDGE('', *, *, #1869, .F.);
#1886 = ORIENTED_EDGE('', *, *, #1715, .T.);
#1887 = ORIENTED_EDGE('', *, *, #1299, .F.);
#1888 = ORIENTED_EDGE('', *, *, #1889, .F.);
#1889 = EDGE_CURVE('', #1399, #1300, #1890, .T.);
#1890 = B_SPLINE_CURVE_WITH_KNOTS('', 1, (#1891, #1892), .UNSPECIFIED., .F., .U., (2, 2), (0., 0.955356995281193), .UNSPECIFIED.);
#1891 = CARTESIAN_POINT('', (114.671572870508, 0., 26.57157288));
#1892 = CARTESIAN_POINT('', (114.671572870508, 0., 1.50000000000004));
#1893 = ORIENTED_EDGE('', *, *, #1398, .F.);
#1894 = B_SPLINE_SURFACE_WITH_KNOTS('', 1, 1, ((#1895, #1896), (#1897, #1898)), .UNSPECIFIED., .F., .F., .U., (2, 2), (2, 2), (0., 1.), (0., 1.), .UNSPECIFIED.);
#1895 = CARTESIAN_POINT('', (0., 0., 26.57157288));
#1896 = CARTESIAN_POINT('', (115., 0., 26.57157288));
#1897 = CARTESIAN_POINT('', (0., 0., 0.328427120000001));
#1898 = CARTESIAN_POINT('', (115., 0., 0.328427120000001));
#1899 = ADVANCED_FACE('', (#1900), #1906, .T.);
#1900 = FACE_OUTER_BOUND('', #1901, .T.);
#1901 = EDGE_LOOP('', (#1902, #1903, #1904, #1905));
#1902 = ORIENTED_EDGE('', *, *, #1889, .F.);
#1903 = ORIENTED_EDGE('', *, *, #1405, .F.);
#1904 = ORIENTED_EDGE('', *, *, #1342, .F.);
#1905 = ORIENTED_EDGE('', *, *, #1306, .T.);
#1906 = B_SPLINE_SURFACE_WITH_KNOTS('', 1, 1, ((#1907, #1908), (#1909, #1910)), .UNSPECIFIED., .F., .F., .U., (2, 2), (2, 2), (0., 250.854338866242), (0., 250.854338866242), .UNSPECIFIED.);
#1907 = CARTESIAN_POINT('', (203.445138197898, 88.7735653273901, 125.494122651607));
#1908 = CARTESIAN_POINT('', (26.06433409551, -88.6072387749976, 125.494122651607));
#1909 = CARTESIAN_POINT('', (203.445138197898, 88.7735653273901, -125.360216214635));
#1910 = CARTESIAN_POINT('', (26.06433409551, -88.6072387749976, -125.360216214635));
#1911 = PRESENTATION_STYLE_ASSIGNMENT((#1912));
#1912 = SURFACE_STYLE_USAGE(.POSITIVE., #1913);
#1913 = SURFACE_SIDE_STYLE('', (#1914));
#1914 = SURFACE_STYLE_FILL_AREA(#1915);
#1915 = FILL_AREA_STYLE('', (#1916));
#1916 = FILL_AREA_STYLE_COLOUR('', #1917);
#1917 = COLOUR_RGB('', 0.109803921568627, 0.113725490196078, 0.125490196078431);
#1918 = STYLED_ITEM('', (#1911), #1);
#1919 = DRAUGHTING_MODEL('#1919', (#1918), #1924);
#1920 = AXIS2_PLACEMENT_3D('Mount', #1921, #1922, #1923);
#1921 = CARTESIAN_POINT('', (0., 0., 0.));
#1922 = DIRECTION('', (0., 0., 1.));
#1923 = DIRECTION('', (1., 0., 0.));
#1924 = (
   GEOMETRIC_REPRESENTATION_CONTEXT (3)
   GLOBAL_UNCERTAINTY_ASSIGNED_CONTEXT ((#1926))
   GLOBAL_UNIT_ASSIGNED_CONTEXT ((#1925, #1927, #1928))
   REPRESENTATION_CONTEXT ('', '3D')
);
#1925 = (
   LENGTH_UNIT ()
   NAMED_UNIT (*)
   SI_UNIT (.MILLI., .METRE.)
);
#1926 = UNCERTAINTY_MEASURE_WITH_UNIT(LENGTH_MEASURE(1.E-6), #1925, 'DISTANCE_ACCURACY_VALUE', '');
#1927 = (
   NAMED_UNIT (*)
   SI_UNIT ($, .STERADIAN.)
   SOLID_ANGLE_UNIT ()
);
#1928 = (
   NAMED_UNIT (*)
   PLANE_ANGLE_UNIT ()
   SI_UNIT ($, .RADIAN.)
);
#1929 = SHAPE_REPRESENTATION('', (#1944), #1924);
#1930 = PRODUCT_DEFINITION_SHAPE('', '', #1931);
#1931 = PRODUCT_DEFINITION('', '', #1934, #1938);
#1932 = APPLICATION_CONTEXT('automotive design');
#1933 = APPLICATION_PROTOCOL_DEFINITION('International Standard', 'automotive_design', 2002, #1932);
#1934 = PRODUCT_DEFINITION_FORMATION_WITH_SPECIFIED_SOURCE('', '', #1935, .NOT_KNOWN.);
#1935 = PRODUCT('Tub', 'Tub', '', (#1936));
#1936 = PRODUCT_CONTEXT('', #1932, 'mechanical');
#1937 = PRODUCT_RELATED_PRODUCT_CATEGORY('detail', '', (#1935));
#1938 = PRODUCT_DEFINITION_CONTEXT('part definition', #1932, 'design');
#1939 = SHAPE_DEFINITION_REPRESENTATION(#1930, #1929);
#1940 = CONSTRUCTIVE_GEOMETRY_REPRESENTATION('supplemental geometry', (#1920), #1924);
#1941 = CONSTRUCTIVE_GEOMETRY_REPRESENTATION_RELATIONSHIP('', '', #1929, #1940);
#1942 = SHAPE_REPRESENTATION_RELATIONSHIP('', '', #1929, #1943);
#1943 = MANIFOLD_SURFACE_SHAPE_REPRESENTATION('', (#1), #1924);
#1944 = AXIS2_PLACEMENT_3D('', #1945, #1946, #1947);
#1945 = CARTESIAN_POINT('', (0., 0., 0.));
#1946 = DIRECTION('', (0., 0., 1.));
#1947 = DIRECTION('', (1., 0., 0.));
ENDSEC;
END-ISO-10303-21;
