ISO-10303-21;
HEADER;
FILE_DESCRIPTION(('STEP'), '1');
FILE_NAME('/Users/dev/dev/awv/classcad-ai/workspace/training/2026-09-20_01-02-49_enclosed-void-boolean/files/PVS-v2-assembly.step', '2026-09-20T01:07:37', (''), (''), 'Express 3.1.3.0', 'Express Tool', 'Unknown');
FILE_SCHEMA(('AUTOMOTIVE_DESIGN'));
ENDSEC;

DATA;
#1 = (
   GEOMETRIC_REPRESENTATION_CONTEXT (3)
   GLOBAL_UNCERTAINTY_ASSIGNED_CONTEXT ((#3))
   GLOBAL_UNIT_ASSIGNED_CONTEXT ((#2, #4, #5))
   REPRESENTATION_CONTEXT ('', '3D')
);
#2 = (
   LENGTH_UNIT ()
   NAMED_UNIT (*)
   SI_UNIT (.MILLI., .METRE.)
);
#3 = UNCERTAINTY_MEASURE_WITH_UNIT(LENGTH_MEASURE(1.E-6), #2, 'DISTANCE_ACCURACY_VALUE', '');
#4 = (
   NAMED_UNIT (*)
   SI_UNIT ($, .STERADIAN.)
   SOLID_ANGLE_UNIT ()
);
#5 = (
   NAMED_UNIT (*)
   PLANE_ANGLE_UNIT ()
   SI_UNIT ($, .RADIAN.)
);
#6 = SHAPE_REPRESENTATION('', (#41, #1997), #1);
#7 = PRODUCT_DEFINITION_SHAPE('', '', #8);
#8 = PRODUCT_DEFINITION('', '', #11, #15);
#9 = APPLICATION_CONTEXT('automotive design');
#10 = APPLICATION_PROTOCOL_DEFINITION('International Standard', 'automotive_design', 2002, #9);
#11 = PRODUCT_DEFINITION_FORMATION_WITH_SPECIFIED_SOURCE('', '', #12, .NOT_KNOWN.);
#12 = PRODUCT('PVS v2 housing', 'PVS v2 housing', '', (#13));
#13 = PRODUCT_CONTEXT('', #9, 'mechanical');
#14 = PRODUCT_RELATED_PRODUCT_CATEGORY('detail', '', (#12));
#15 = PRODUCT_DEFINITION_CONTEXT('part definition', #9, 'design');
#16 = SHAPE_DEFINITION_REPRESENTATION(#7, #6);
#17 = AXIS2_PLACEMENT_3D('Mount', #18, #19, #20);
#18 = CARTESIAN_POINT('', (0., 0., 0.));
#19 = DIRECTION('', (0., 0., 1.));
#20 = DIRECTION('', (1., 0., 0.));
#21 = (
   GEOMETRIC_REPRESENTATION_CONTEXT (3)
   GLOBAL_UNCERTAINTY_ASSIGNED_CONTEXT ((#23))
   GLOBAL_UNIT_ASSIGNED_CONTEXT ((#22, #24, #25))
   REPRESENTATION_CONTEXT ('', '3D')
);
#22 = (
   LENGTH_UNIT ()
   NAMED_UNIT (*)
   SI_UNIT (.MILLI., .METRE.)
);
#23 = UNCERTAINTY_MEASURE_WITH_UNIT(LENGTH_MEASURE(1.E-6), #22, 'DISTANCE_ACCURACY_VALUE', '');
#24 = (
   NAMED_UNIT (*)
   SI_UNIT ($, .STERADIAN.)
   SOLID_ANGLE_UNIT ()
);
#25 = (
   NAMED_UNIT (*)
   PLANE_ANGLE_UNIT ()
   SI_UNIT ($, .RADIAN.)
);
#26 = SHAPE_REPRESENTATION('', (#45), #21);
#27 = PRODUCT_DEFINITION_SHAPE('', '', #28);
#28 = PRODUCT_DEFINITION('', '', #31, #35);
#29 = APPLICATION_CONTEXT('automotive design');
#30 = APPLICATION_PROTOCOL_DEFINITION('International Standard', 'automotive_design', 2002, #29);
#31 = PRODUCT_DEFINITION_FORMATION_WITH_SPECIFIED_SOURCE('', '', #32, .NOT_KNOWN.);
#32 = PRODUCT('Parameters', 'Parameters', '', (#33));
#33 = PRODUCT_CONTEXT('', #29, 'mechanical');
#34 = PRODUCT_RELATED_PRODUCT_CATEGORY('detail', '', (#32));
#35 = PRODUCT_DEFINITION_CONTEXT('part definition', #29, 'design');
#36 = SHAPE_DEFINITION_REPRESENTATION(#27, #26);
#37 = CONSTRUCTIVE_GEOMETRY_REPRESENTATION('supplemental geometry', (#17), #21);
#38 = CONSTRUCTIVE_GEOMETRY_REPRESENTATION_RELATIONSHIP('', '', #26, #37);
#39 = NEXT_ASSEMBLY_USAGE_OCCURRENCE('#39', 'Parameters', 'Parameters', #8, #28, '');
#40 = PRODUCT_DEFINITION_SHAPE('', '', #39);
#41 = AXIS2_PLACEMENT_3D('', #42, #43, #44);
#42 = CARTESIAN_POINT('', (0., 0., 0.));
#43 = DIRECTION('', (0., 0., 1.));
#44 = DIRECTION('', (1., 0., 0.));
#45 = AXIS2_PLACEMENT_3D('', #46, #47, #48);
#46 = CARTESIAN_POINT('', (0., 0., 0.));
#47 = DIRECTION('', (0., 0., 1.));
#48 = DIRECTION('', (1., 0., 0.));
#49 = ITEM_DEFINED_TRANSFORMATION('', '', #41, #45);
#50 = (
   REPRESENTATION_RELATIONSHIP ('', '', #6, #26)
   REPRESENTATION_RELATIONSHIP_WITH_TRANSFORMATION (#49)
   SHAPE_REPRESENTATION_RELATIONSHIP ()
);
#51 = CONTEXT_DEPENDENT_SHAPE_REPRESENTATION(#50, #40);
#52 = SHELL_BASED_SURFACE_MODEL('Subtraction_0', (#53, #1315));
#53 = CLOSED_SHELL('', (#54, #114, #165, #193, #225, #253, #299, #321, #346, #362, #378, #435, #477, #505, #533, #561, #595, #617, #643, #659, #671, #707, #742, #785, #819, #848, #877, #906, #936, #965, #1000, #1062, #1099, #1123, #1146, #1165, #1183, #1205, #1225, #1243, #1265, #1287, #1303));
#54 = ADVANCED_FACE('', (#55), #109, .F.);
#55 = FACE_OUTER_BOUND('', #56, .F.);
#56 = EDGE_LOOP('', (#57, #66, #74, #81, #89, #96, #104));
#57 = ORIENTED_EDGE('', *, *, #58, .F.);
#58 = EDGE_CURVE('', #59, #61, #63, .T.);
#59 = VERTEX_POINT('', #60);
#60 = CARTESIAN_POINT('', (116., 25.5162483637, 2.77672551021553E-16));
#61 = VERTEX_POINT('', #62);
#62 = CARTESIAN_POINT('', (116., -1.49999999999997, -2.79776202205539E-14));
#63 = B_SPLINE_CURVE_WITH_KNOTS('', 1, (#64, #65), .UNSPECIFIED., .F., .U., (2, 2), (0.200339478532095, 0.985469303247697), .UNSPECIFIED.);
#64 = CARTESIAN_POINT('', (116., 25.5162483637, -4.39625888431457E-15));
#65 = CARTESIAN_POINT('', (116., -1.49999999999996, -4.39625888431457E-15));
#66 = ORIENTED_EDGE('', *, *, #67, .F.);
#67 = EDGE_CURVE('', #68, #59, #70, .T.);
#68 = VERTEX_POINT('', #69);
#69 = CARTESIAN_POINT('', (116., 21.2, -2.7));
#70 = (
   BOUNDED_CURVE ()
   B_SPLINE_CURVE (2, (#71, #72, #73), .UNSPECIFIED., .F., .U.)
   B_SPLINE_CURVE_WITH_KNOTS ((3, 3), (0., 0.702601674195471), .UNSPECIFIED.)
   CURVE ()
   GEOMETRIC_REPRESENTATION_ITEM ()
   RATIONAL_B_SPLINE_CURVE ((1., 0.794212736113825, 0.877598424496714))
   REPRESENTATION_ITEM ('')
);
#71 = CARTESIAN_POINT('', (116., 21.2, -2.7));
#72 = CARTESIAN_POINT('', (116., 24.2026075525967, -2.69999998783606));
#73 = CARTESIAN_POINT('', (116., 25.5162483637, 3.70885666950248E-16));
#74 = ORIENTED_EDGE('', *, *, #75, .F.);
#75 = EDGE_CURVE('', #76, #68, #78, .T.);
#76 = VERTEX_POINT('', #77);
#77 = CARTESIAN_POINT('', (116., 2.6, -2.7));
#78 = B_SPLINE_CURVE_WITH_KNOTS('', 1, (#79, #80), .UNSPECIFIED., .F., .U., (2, 2), (0., 1.), .UNSPECIFIED.);
#79 = CARTESIAN_POINT('', (116., 2.6, -2.7));
#80 = CARTESIAN_POINT('', (116., 21.2, -2.7));
#81 = ORIENTED_EDGE('', *, *, #82, .F.);
#82 = EDGE_CURVE('', #83, #76, #85, .T.);
#83 = VERTEX_POINT('', #84);
#84 = CARTESIAN_POINT('', (116., -2.2, 2.1));
#85 = (
   BOUNDED_CURVE ()
   B_SPLINE_CURVE (2, (#86, #87, #88), .UNSPECIFIED., .F., .U.)
   B_SPLINE_CURVE_WITH_KNOTS ((3, 3), (0., 1.), .UNSPECIFIED.)
   CURVE ()
   GEOMETRIC_REPRESENTATION_ITEM ()
   RATIONAL_B_SPLINE_CURVE ((1., 0.707106784051127, 1.))
   REPRESENTATION_ITEM ('')
);
#86 = CARTESIAN_POINT('', (116., -2.2, 2.1));
#87 = CARTESIAN_POINT('', (116., -2.19999998055459, -2.69999998055459));
#88 = CARTESIAN_POINT('', (116., 2.6, -2.7));
#89 = ORIENTED_EDGE('', *, *, #90, .F.);
#90 = EDGE_CURVE('', #91, #83, #93, .T.);
#91 = VERTEX_POINT('', #92);
#92 = CARTESIAN_POINT('', (116., -2.20000000000001, 16.9));
#93 = B_SPLINE_CURVE_WITH_KNOTS('', 1, (#94, #95), .UNSPECIFIED., .F., .U., (2, 2), (0., 1.), .UNSPECIFIED.);
#94 = CARTESIAN_POINT('', (116., -2.2, 16.9));
#95 = CARTESIAN_POINT('', (116., -2.2, 2.1));
#96 = ORIENTED_EDGE('', *, *, #97, .F.);
#97 = EDGE_CURVE('', #98, #91, #100, .T.);
#98 = VERTEX_POINT('', #99);
#99 = CARTESIAN_POINT('', (116., -1.49999999999999, 19.3959967808778));
#100 = (
   BOUNDED_CURVE ()
   B_SPLINE_CURVE (2, (#101, #102, #103), .UNSPECIFIED., .F., .U.)
   B_SPLINE_CURVE_WITH_KNOTS ((3, 3), (0.64466311016484, 1.), .UNSPECIFIED.)
   CURVE ()
   GEOMETRIC_REPRESENTATION_ITEM ()
   RATIONAL_B_SPLINE_CURVE ((0.865812388046506, 0.89592423559091, 1.))
   REPRESENTATION_ITEM ('')
);
#101 = CARTESIAN_POINT('', (116., -1.49999999999999, 19.3959967808778));
#102 = CARTESIAN_POINT('', (116., -2.19999999454656, 18.2461555667861));
#103 = CARTESIAN_POINT('', (116., -2.20000000000001, 16.9));
#104 = ORIENTED_EDGE('', *, *, #105, .F.);
#105 = EDGE_CURVE('', #61, #98, #106, .T.);
#106 = B_SPLINE_CURVE_WITH_KNOTS('', 1, (#107, #108), .UNSPECIFIED., .F., .U., (2, 2), (0.0170068027210915, 0.6767345843836), .UNSPECIFIED.);
#107 = CARTESIAN_POINT('', (116., -1.49999999999998, -2.22044604925031E-14));
#108 = CARTESIAN_POINT('', (116., -1.49999999999998, 19.3959967808778));
#109 = B_SPLINE_SURFACE_WITH_KNOTS('', 1, 1, ((#110, #111), (#112, #113)), .UNSPECIFIED., .F., .F., .U., (2, 2), (2, 2), (0., 1.), (0., 1.), .UNSPECIFIED.);
#110 = CARTESIAN_POINT('', (116., -8.60991223774495, -11.009912237745));
#111 = CARTESIAN_POINT('', (116., 32.4099122377449, -11.009912237745));
#112 = CARTESIAN_POINT('', (116., -8.60991223774495, 30.0099122377449));
#113 = CARTESIAN_POINT('', (116., 32.4099122377449, 30.0099122377449));
#114 = ADVANCED_FACE('', (#115), #158, .F.);
#115 = FACE_OUTER_BOUND('', #116, .F.);
#116 = EDGE_LOOP('', (#117, #127, #134, #142, #147, #148));
#117 = ORIENTED_EDGE('', *, *, #118, .T.);
#118 = EDGE_CURVE('', #119, #121, #123, .T.);
#119 = VERTEX_POINT('', #120);
#120 = CARTESIAN_POINT('', (117., 25.8722585504431, 1.));
#121 = VERTEX_POINT('', #122);
#122 = CARTESIAN_POINT('', (117., 26., 2.1));
#123 = (
   BOUNDED_CURVE ()
   B_SPLINE_CURVE (2, (#124, #125, #126), .UNSPECIFIED., .F., .U.)
   B_SPLINE_CURVE_WITH_KNOTS ((3, 3), (0.84330664666409, 1.), .UNSPECIFIED.)
   CURVE ()
   GEOMETRIC_REPRESENTATION_ITEM ()
   RATIONAL_B_SPLINE_CURVE ((0.922593860840949, 0.954105579823632, 1.))
   REPRESENTATION_ITEM ('')
);
#124 = CARTESIAN_POINT('', (117., 25.872258550443, 0.999999999999943));
#125 = CARTESIAN_POINT('', (117., 25.9999999977418, 1.54258278301907));
#126 = CARTESIAN_POINT('', (117., 26., 2.1));
#127 = ORIENTED_EDGE('', *, *, #128, .T.);
#128 = EDGE_CURVE('', #121, #129, #131, .T.);
#129 = VERTEX_POINT('', #130);
#130 = CARTESIAN_POINT('', (120.2, 26., 2.1));
#131 = B_SPLINE_CURVE_WITH_KNOTS('', 1, (#132, #133), .UNSPECIFIED., .F., .U., (2, 2), (1.00000000000001, 4.2), .UNSPECIFIED.);
#132 = CARTESIAN_POINT('', (117., 26., 2.1));
#133 = CARTESIAN_POINT('', (120.2, 26., 2.1));
#134 = ORIENTED_EDGE('', *, *, #135, .F.);
#135 = EDGE_CURVE('', #136, #129, #138, .T.);
#136 = VERTEX_POINT('', #137);
#137 = CARTESIAN_POINT('', (120.2, 21.2, -2.7));
#138 = (
   BOUNDED_CURVE ()
   B_SPLINE_CURVE (2, (#139, #140, #141), .UNSPECIFIED., .F., .U.)
   B_SPLINE_CURVE_WITH_KNOTS ((3, 3), (0., 1.), .UNSPECIFIED.)
   CURVE ()
   GEOMETRIC_REPRESENTATION_ITEM ()
   RATIONAL_B_SPLINE_CURVE ((1., 0.707106784051125, 1.))
   REPRESENTATION_ITEM ('')
);
#139 = CARTESIAN_POINT('', (120.2, 21.2, -2.7));
#140 = CARTESIAN_POINT('', (120.2, 25.9999999805546, -2.69999998055459));
#141 = CARTESIAN_POINT('', (120.2, 26., 2.1));
#142 = ORIENTED_EDGE('', *, *, #143, .F.);
#143 = EDGE_CURVE('', #68, #136, #144, .T.);
#144 = B_SPLINE_CURVE_WITH_KNOTS('', 1, (#145, #146), .UNSPECIFIED., .F., .U., (2, 2), (0., 4.2), .UNSPECIFIED.);
#145 = CARTESIAN_POINT('', (116., 21.2, -2.7));
#146 = CARTESIAN_POINT('', (120.2, 21.2, -2.7));
#147 = ORIENTED_EDGE('', *, *, #67, .T.);
#148 = ORIENTED_EDGE('', *, *, #149, .T.);
#149 = EDGE_CURVE('', #59, #119, #150, .T.);
#150 = B_SPLINE_CURVE_WITH_KNOTS('', 3, (#151, #152, #153, #154, #155, #156, #157), .UNSPECIFIED., .F., .U., (4, 3, 4), (0., 0.981934528654875, 1.45942970403207), .UNSPECIFIED.);
#151 = CARTESIAN_POINT('', (116., 25.5162483637, 1.8041124144101E-16));
#152 = CARTESIAN_POINT('', (116.218854738439, 25.6227285553341, 0.218854738439129));
#153 = CARTESIAN_POINT('', (116.442510553664, 25.710963096201, 0.442510553663804));
#154 = CARTESIAN_POINT('', (116.66850491435, 25.7815741587997, 0.668504914349678));
#155 = CARTESIAN_POINT('', (116.778401464212, 25.8159109101159, 0.778401464212103));
#156 = CARTESIAN_POINT('', (116.88898119047, 25.8461211501227, 0.888981190470444));
#157 = CARTESIAN_POINT('', (117., 25.8722585504431, 1.00000000000011));
#158 = (
   BOUNDED_SURFACE ()
   B_SPLINE_SURFACE (2, 1, ((#159, #160), (#161, #162), (#163, #164)), .UNSPECIFIED., .F., .F., .U.)
   B_SPLINE_SURFACE_WITH_KNOTS ((3, 3), (2, 2), (0., 1.), (0., 4.2), .UNSPECIFIED.)
   GEOMETRIC_REPRESENTATION_ITEM ()
   RATIONAL_B_SPLINE_SURFACE (((1., 1.), (0.707106784051125, 0.707106784051125), (1., 1.)))
   REPRESENTATION_ITEM ('')
   SURFACE ()
);
#159 = CARTESIAN_POINT('', (116., 21.2, -2.7));
#160 = CARTESIAN_POINT('', (120.2, 21.2, -2.7));
#161 = CARTESIAN_POINT('', (116., 25.9999999805546, -2.69999998055459));
#162 = CARTESIAN_POINT('', (120.2, 25.9999999805546, -2.69999998055459));
#163 = CARTESIAN_POINT('', (116., 26., 2.1));
#164 = CARTESIAN_POINT('', (120.2, 26., 2.1));
#165 = ADVANCED_FACE('', (#166), #188, .F.);
#166 = FACE_OUTER_BOUND('', #167, .F.);
#167 = EDGE_LOOP('', (#168, #175, #182, #187));
#168 = ORIENTED_EDGE('', *, *, #169, .T.);
#169 = EDGE_CURVE('', #121, #170, #172, .T.);
#170 = VERTEX_POINT('', #171);
#171 = CARTESIAN_POINT('', (117., 26., 16.9));
#172 = B_SPLINE_CURVE_WITH_KNOTS('', 1, (#173, #174), .UNSPECIFIED., .F., .U., (2, 2), (0., 1.), .UNSPECIFIED.);
#173 = CARTESIAN_POINT('', (117., 26., 2.1));
#174 = CARTESIAN_POINT('', (117., 26., 16.9));
#175 = ORIENTED_EDGE('', *, *, #176, .T.);
#176 = EDGE_CURVE('', #170, #177, #179, .T.);
#177 = VERTEX_POINT('', #178);
#178 = CARTESIAN_POINT('', (120.2, 26., 16.9));
#179 = B_SPLINE_CURVE_WITH_KNOTS('', 1, (#180, #181), .UNSPECIFIED., .F., .U., (2, 2), (1., 4.2), .UNSPECIFIED.);
#180 = CARTESIAN_POINT('', (117., 26., 16.9));
#181 = CARTESIAN_POINT('', (120.2, 26., 16.9));
#182 = ORIENTED_EDGE('', *, *, #183, .F.);
#183 = EDGE_CURVE('', #129, #177, #184, .T.);
#184 = B_SPLINE_CURVE_WITH_KNOTS('', 1, (#185, #186), .UNSPECIFIED., .F., .U., (2, 2), (0., 1.), .UNSPECIFIED.);
#185 = CARTESIAN_POINT('', (120.2, 26., 2.1));
#186 = CARTESIAN_POINT('', (120.2, 26., 16.9));
#187 = ORIENTED_EDGE('', *, *, #128, .F.);
#188 = B_SPLINE_SURFACE_WITH_KNOTS('', 1, 1, ((#189, #190), (#191, #192)), .UNSPECIFIED., .F., .F., .U., (2, 2), (2, 2), (0., 1.), (0., 1.), .UNSPECIFIED.);
#189 = CARTESIAN_POINT('', (116., 26., 2.1));
#190 = CARTESIAN_POINT('', (120.2, 26., 2.1));
#191 = CARTESIAN_POINT('', (116., 26., 16.9));
#192 = CARTESIAN_POINT('', (120.2, 26., 16.9));
#193 = ADVANCED_FACE('', (#194), #218, .F.);
#194 = FACE_OUTER_BOUND('', #195, .F.);
#195 = EDGE_LOOP('', (#196, #204, #211, #217));
#196 = ORIENTED_EDGE('', *, *, #197, .T.);
#197 = EDGE_CURVE('', #170, #198, #200, .T.);
#198 = VERTEX_POINT('', #199);
#199 = CARTESIAN_POINT('', (117., 21.2, 21.7));
#200 = (
   BOUNDED_CURVE ()
   B_SPLINE_CURVE (2, (#201, #202, #203), .UNSPECIFIED., .F., .U.)
   B_SPLINE_CURVE_WITH_KNOTS ((3, 3), (0., 1.), .UNSPECIFIED.)
   CURVE ()
   GEOMETRIC_REPRESENTATION_ITEM ()
   RATIONAL_B_SPLINE_CURVE ((1., 0.707106784051128, 1.))
   REPRESENTATION_ITEM ('')
);
#201 = CARTESIAN_POINT('', (117., 26., 16.9));
#202 = CARTESIAN_POINT('', (117., 25.9999999805546, 21.6999999805546));
#203 = CARTESIAN_POINT('', (117., 21.2, 21.7));
#204 = ORIENTED_EDGE('', *, *, #205, .T.);
#205 = EDGE_CURVE('', #198, #206, #208, .T.);
#206 = VERTEX_POINT('', #207);
#207 = CARTESIAN_POINT('', (120.2, 21.2, 21.7));
#208 = B_SPLINE_CURVE_WITH_KNOTS('', 1, (#209, #210), .UNSPECIFIED., .F., .U., (2, 2), (1.00000000000003, 4.2), .UNSPECIFIED.);
#209 = CARTESIAN_POINT('', (117., 21.2, 21.7));
#210 = CARTESIAN_POINT('', (120.2, 21.2, 21.7));
#211 = ORIENTED_EDGE('', *, *, #212, .F.);
#212 = EDGE_CURVE('', #177, #206, #213, .T.);
#213 = (
   BOUNDED_CURVE ()
   B_SPLINE_CURVE (2, (#214, #215, #216), .UNSPECIFIED., .F., .U.)
   B_SPLINE_CURVE_WITH_KNOTS ((3, 3), (0., 1.), .UNSPECIFIED.)
   CURVE ()
   GEOMETRIC_REPRESENTATION_ITEM ()
   RATIONAL_B_SPLINE_CURVE ((1., 0.707106784051128, 1.))
   REPRESENTATION_ITEM ('')
);
#214 = CARTESIAN_POINT('', (120.2, 26., 16.9));
#215 = CARTESIAN_POINT('', (120.2, 25.9999999805546, 21.6999999805546));
#216 = CARTESIAN_POINT('', (120.2, 21.2, 21.7));
#217 = ORIENTED_EDGE('', *, *, #176, .F.);
#218 = (
   BOUNDED_SURFACE ()
   B_SPLINE_SURFACE (2, 1, ((#219, #220), (#221, #222), (#223, #224)), .UNSPECIFIED., .F., .F., .U.)
   B_SPLINE_SURFACE_WITH_KNOTS ((3, 3), (2, 2), (0., 1.), (0., 4.2), .UNSPECIFIED.)
   GEOMETRIC_REPRESENTATION_ITEM ()
   RATIONAL_B_SPLINE_SURFACE (((1., 1.), (0.707106784051128, 0.707106784051128), (1., 1.)))
   REPRESENTATION_ITEM ('')
   SURFACE ()
);
#219 = CARTESIAN_POINT('', (116., 26., 16.9));
#220 = CARTESIAN_POINT('', (120.2, 26., 16.9));
#221 = CARTESIAN_POINT('', (116., 25.9999999805546, 21.6999999805546));
#222 = CARTESIAN_POINT('', (120.2, 25.9999999805546, 21.6999999805546));
#223 = CARTESIAN_POINT('', (116., 21.2, 21.7));
#224 = CARTESIAN_POINT('', (120.2, 21.2, 21.7));
#225 = ADVANCED_FACE('', (#226), #248, .F.);
#226 = FACE_OUTER_BOUND('', #227, .F.);
#227 = EDGE_LOOP('', (#228, #235, #242, #247));
#228 = ORIENTED_EDGE('', *, *, #229, .T.);
#229 = EDGE_CURVE('', #198, #230, #232, .T.);
#230 = VERTEX_POINT('', #231);
#231 = CARTESIAN_POINT('', (117., 2.6, 21.7));
#232 = B_SPLINE_CURVE_WITH_KNOTS('', 1, (#233, #234), .UNSPECIFIED., .F., .U., (2, 2), (0., 1.), .UNSPECIFIED.);
#233 = CARTESIAN_POINT('', (117., 21.2, 21.7));
#234 = CARTESIAN_POINT('', (117., 2.6, 21.7));
#235 = ORIENTED_EDGE('', *, *, #236, .T.);
#236 = EDGE_CURVE('', #230, #237, #239, .T.);
#237 = VERTEX_POINT('', #238);
#238 = CARTESIAN_POINT('', (120.2, 2.6, 21.7));
#239 = B_SPLINE_CURVE_WITH_KNOTS('', 1, (#240, #241), .UNSPECIFIED., .F., .U., (2, 2), (1.00000000000001, 4.2), .UNSPECIFIED.);
#240 = CARTESIAN_POINT('', (117., 2.6, 21.7));
#241 = CARTESIAN_POINT('', (120.2, 2.6, 21.7));
#242 = ORIENTED_EDGE('', *, *, #243, .F.);
#243 = EDGE_CURVE('', #206, #237, #244, .T.);
#244 = B_SPLINE_CURVE_WITH_KNOTS('', 1, (#245, #246), .UNSPECIFIED., .F., .U., (2, 2), (0., 1.), .UNSPECIFIED.);
#245 = CARTESIAN_POINT('', (120.2, 21.2, 21.7));
#246 = CARTESIAN_POINT('', (120.2, 2.6, 21.7));
#247 = ORIENTED_EDGE('', *, *, #205, .F.);
#248 = B_SPLINE_SURFACE_WITH_KNOTS('', 1, 1, ((#249, #250), (#251, #252)), .UNSPECIFIED., .F., .F., .U., (2, 2), (2, 2), (0., 1.), (0., 1.), .UNSPECIFIED.);
#249 = CARTESIAN_POINT('', (116., 21.2, 21.7));
#250 = CARTESIAN_POINT('', (120.2, 21.2, 21.7));
#251 = CARTESIAN_POINT('', (116., 2.6, 21.7));
#252 = CARTESIAN_POINT('', (120.2, 2.6, 21.7));
#253 = ADVANCED_FACE('', (#254), #292, .F.);
#254 = FACE_OUTER_BOUND('', #255, .F.);
#255 = EDGE_LOOP('', (#256, #264, #277, #278, #285, #291));
#256 = ORIENTED_EDGE('', *, *, #257, .T.);
#257 = EDGE_CURVE('', #230, #258, #260, .T.);
#258 = VERTEX_POINT('', #259);
#259 = CARTESIAN_POINT('', (117., -0.499999999999959, 20.5646964299369));
#260 = (
   BOUNDED_CURVE ()
   B_SPLINE_CURVE (2, (#261, #262, #263), .UNSPECIFIED., .F., .U.)
   B_SPLINE_CURVE_WITH_KNOTS ((3, 3), (0., 0.44970465305361), .UNSPECIFIED.)
   CURVE ()
   GEOMETRIC_REPRESENTATION_ITEM ()
   RATIONAL_B_SPLINE_CURVE ((1., 0.868284557939957, 0.855035210226742))
   REPRESENTATION_ITEM ('')
);
#261 = CARTESIAN_POINT('', (117., 2.6, 21.7));
#262 = CARTESIAN_POINT('', (117., 0.842110616124494, 21.6999999928786));
#263 = CARTESIAN_POINT('', (117., -0.499999999999959, 20.5646964299368));
#264 = ORIENTED_EDGE('', *, *, #265, .F.);
#265 = EDGE_CURVE('', #98, #258, #266, .T.);
#266 = B_SPLINE_CURVE_WITH_KNOTS('', 3, (#267, #268, #269, #270, #271, #272, #273, #274, #275, #276), .UNSPECIFIED., .F., .U., (4, 3, 3, 4), (0., 0.659160184900134, 1.31710042972876, 1.841553709394), .UNSPECIFIED.);
#267 = CARTESIAN_POINT('', (116., -1.49999999999999, 19.3959967808778));
#268 = CARTESIAN_POINT('', (116.101368349119, -1.39863165088138, 19.5625075044908));
#269 = CARTESIAN_POINT('', (116.210917229966, -1.28908277003437, 19.7195689378827));
#270 = CARTESIAN_POINT('', (116.326429322857, -1.17357067714297, 19.8665070822696));
#271 = CARTESIAN_POINT('', (116.441727631855, -1.0582723681452, 20.0131732810286));
#272 = CARTESIAN_POINT('', (116.563379493176, -0.936620506823262, 20.1503052329445));
#273 = CARTESIAN_POINT('', (116.689591933593, -0.81040806640696, 20.2777384065777));
#274 = CARTESIAN_POINT('', (116.790197617515, -0.709802382484819, 20.3793171538505));
#275 = CARTESIAN_POINT('', (116.893914586104, -0.606085413895589, 20.4749578145612));
#276 = CARTESIAN_POINT('', (117., -0.499999999999844, 20.5646964299369));
#277 = ORIENTED_EDGE('', *, *, #97, .T.);
#278 = ORIENTED_EDGE('', *, *, #279, .T.);
#279 = EDGE_CURVE('', #91, #280, #282, .T.);
#280 = VERTEX_POINT('', #281);
#281 = CARTESIAN_POINT('', (120.2, -2.20000000000001, 16.9));
#282 = B_SPLINE_CURVE_WITH_KNOTS('', 1, (#283, #284), .UNSPECIFIED., .F., .U., (2, 2), (0., 4.2), .UNSPECIFIED.);
#283 = CARTESIAN_POINT('', (116., -2.20000000000001, 16.9));
#284 = CARTESIAN_POINT('', (120.2, -2.20000000000001, 16.9));
#285 = ORIENTED_EDGE('', *, *, #286, .F.);
#286 = EDGE_CURVE('', #237, #280, #287, .T.);
#287 = (
   BOUNDED_CURVE ()
   B_SPLINE_CURVE (2, (#288, #289, #290), .UNSPECIFIED., .F., .U.)
   B_SPLINE_CURVE_WITH_KNOTS ((3, 3), (0., 1.), .UNSPECIFIED.)
   CURVE ()
   GEOMETRIC_REPRESENTATION_ITEM ()
   RATIONAL_B_SPLINE_CURVE ((1., 0.707106784051128, 1.))
   REPRESENTATION_ITEM ('')
);
#288 = CARTESIAN_POINT('', (120.2, 2.6, 21.7));
#289 = CARTESIAN_POINT('', (120.2, -2.19999998055459, 21.6999999805546));
#290 = CARTESIAN_POINT('', (120.2, -2.20000000000001, 16.9));
#291 = ORIENTED_EDGE('', *, *, #236, .F.);
#292 = (
   BOUNDED_SURFACE ()
   B_SPLINE_SURFACE (2, 1, ((#293, #294), (#295, #296), (#297, #298)), .UNSPECIFIED., .F., .F., .U.)
   B_SPLINE_SURFACE_WITH_KNOTS ((3, 3), (2, 2), (0., 1.), (0., 4.2), .UNSPECIFIED.)
   GEOMETRIC_REPRESENTATION_ITEM ()
   RATIONAL_B_SPLINE_SURFACE (((1., 1.), (0.707106784051128, 0.707106784051128), (1., 1.)))
   REPRESENTATION_ITEM ('')
   SURFACE ()
);
#293 = CARTESIAN_POINT('', (116., 2.6, 21.7));
#294 = CARTESIAN_POINT('', (120.2, 2.6, 21.7));
#295 = CARTESIAN_POINT('', (116., -2.19999998055459, 21.6999999805546));
#296 = CARTESIAN_POINT('', (120.2, -2.19999998055459, 21.6999999805546));
#297 = CARTESIAN_POINT('', (116., -2.20000000000001, 16.9));
#298 = CARTESIAN_POINT('', (120.2, -2.20000000000001, 16.9));
#299 = ADVANCED_FACE('', (#300), #316, .F.);
#300 = FACE_OUTER_BOUND('', #301, .F.);
#301 = EDGE_LOOP('', (#302, #303, #304, #311));
#302 = ORIENTED_EDGE('', *, *, #279, .F.);
#303 = ORIENTED_EDGE('', *, *, #90, .T.);
#304 = ORIENTED_EDGE('', *, *, #305, .T.);
#305 = EDGE_CURVE('', #83, #306, #308, .T.);
#306 = VERTEX_POINT('', #307);
#307 = CARTESIAN_POINT('', (120.2, -2.2, 2.1));
#308 = B_SPLINE_CURVE_WITH_KNOTS('', 1, (#309, #310), .UNSPECIFIED., .F., .U., (2, 2), (0., 4.2), .UNSPECIFIED.);
#309 = CARTESIAN_POINT('', (116., -2.2, 2.1));
#310 = CARTESIAN_POINT('', (120.2, -2.2, 2.1));
#311 = ORIENTED_EDGE('', *, *, #312, .F.);
#312 = EDGE_CURVE('', #280, #306, #313, .T.);
#313 = B_SPLINE_CURVE_WITH_KNOTS('', 1, (#314, #315), .UNSPECIFIED., .F., .U., (2, 2), (0., 1.), .UNSPECIFIED.);
#314 = CARTESIAN_POINT('', (120.2, -2.2, 16.9));
#315 = CARTESIAN_POINT('', (120.2, -2.2, 2.1));
#316 = B_SPLINE_SURFACE_WITH_KNOTS('', 1, 1, ((#317, #318), (#319, #320)), .UNSPECIFIED., .F., .F., .U., (2, 2), (2, 2), (0., 1.), (0., 1.), .UNSPECIFIED.);
#317 = CARTESIAN_POINT('', (116., -2.2, 16.9));
#318 = CARTESIAN_POINT('', (120.2, -2.2, 16.9));
#319 = CARTESIAN_POINT('', (116., -2.2, 2.1));
#320 = CARTESIAN_POINT('', (120.2, -2.2, 2.1));
#321 = ADVANCED_FACE('', (#322), #339, .F.);
#322 = FACE_OUTER_BOUND('', #323, .F.);
#323 = EDGE_LOOP('', (#324, #325, #326, #333));
#324 = ORIENTED_EDGE('', *, *, #305, .F.);
#325 = ORIENTED_EDGE('', *, *, #82, .T.);
#326 = ORIENTED_EDGE('', *, *, #327, .T.);
#327 = EDGE_CURVE('', #76, #328, #330, .T.);
#328 = VERTEX_POINT('', #329);
#329 = CARTESIAN_POINT('', (120.2, 2.6, -2.7));
#330 = B_SPLINE_CURVE_WITH_KNOTS('', 1, (#331, #332), .UNSPECIFIED., .F., .U., (2, 2), (0., 4.2), .UNSPECIFIED.);
#331 = CARTESIAN_POINT('', (116., 2.6, -2.7));
#332 = CARTESIAN_POINT('', (120.2, 2.6, -2.7));
#333 = ORIENTED_EDGE('', *, *, #334, .F.);
#334 = EDGE_CURVE('', #306, #328, #335, .T.);
#335 = (
   BOUNDED_CURVE ()
   B_SPLINE_CURVE (2, (#336, #337, #338), .UNSPECIFIED., .F., .U.)
   B_SPLINE_CURVE_WITH_KNOTS ((3, 3), (0., 1.), .UNSPECIFIED.)
   CURVE ()
   GEOMETRIC_REPRESENTATION_ITEM ()
   RATIONAL_B_SPLINE_CURVE ((1., 0.707106784051127, 1.))
   REPRESENTATION_ITEM ('')
);
#336 = CARTESIAN_POINT('', (120.2, -2.2, 2.1));
#337 = CARTESIAN_POINT('', (120.2, -2.19999998055459, -2.69999998055459));
#338 = CARTESIAN_POINT('', (120.2, 2.6, -2.7));
#339 = (
   BOUNDED_SURFACE ()
   B_SPLINE_SURFACE (2, 1, ((#340, #341), (#342, #343), (#344, #345)), .UNSPECIFIED., .F., .F., .U.)
   B_SPLINE_SURFACE_WITH_KNOTS ((3, 3), (2, 2), (0., 1.), (0., 4.2), .UNSPECIFIED.)
   GEOMETRIC_REPRESENTATION_ITEM ()
   RATIONAL_B_SPLINE_SURFACE (((1., 1.), (0.707106784051127, 0.707106784051127), (1., 1.)))
   REPRESENTATION_ITEM ('')
   SURFACE ()
);
#340 = CARTESIAN_POINT('', (116., -2.2, 2.1));
#341 = CARTESIAN_POINT('', (120.2, -2.2, 2.1));
#342 = CARTESIAN_POINT('', (116., -2.19999998055459, -2.69999998055459));
#343 = CARTESIAN_POINT('', (120.2, -2.19999998055459, -2.69999998055459));
#344 = CARTESIAN_POINT('', (116., 2.6, -2.7));
#345 = CARTESIAN_POINT('', (120.2, 2.6, -2.7));
#346 = ADVANCED_FACE('', (#347), #357, .F.);
#347 = FACE_OUTER_BOUND('', #348, .F.);
#348 = EDGE_LOOP('', (#349, #350, #351, #352));
#349 = ORIENTED_EDGE('', *, *, #327, .F.);
#350 = ORIENTED_EDGE('', *, *, #75, .T.);
#351 = ORIENTED_EDGE('', *, *, #143, .T.);
#352 = ORIENTED_EDGE('', *, *, #353, .F.);
#353 = EDGE_CURVE('', #328, #136, #354, .T.);
#354 = B_SPLINE_CURVE_WITH_KNOTS('', 1, (#355, #356), .UNSPECIFIED., .F., .U., (2, 2), (0., 1.), .UNSPECIFIED.);
#355 = CARTESIAN_POINT('', (120.2, 2.6, -2.7));
#356 = CARTESIAN_POINT('', (120.2, 21.2, -2.7));
#357 = B_SPLINE_SURFACE_WITH_KNOTS('', 1, 1, ((#358, #359), (#360, #361)), .UNSPECIFIED., .F., .F., .U., (2, 2), (2, 2), (0., 1.), (0., 1.), .UNSPECIFIED.);
#358 = CARTESIAN_POINT('', (116., 2.6, -2.7));
#359 = CARTESIAN_POINT('', (120.2, 2.6, -2.7));
#360 = CARTESIAN_POINT('', (116., 21.2, -2.7));
#361 = CARTESIAN_POINT('', (120.2, 21.2, -2.7));
#362 = ADVANCED_FACE('', (#363), #373, .F.);
#363 = FACE_OUTER_BOUND('', #364, .F.);
#364 = EDGE_LOOP('', (#365, #366, #367, #368, #369, #370, #371, #372));
#365 = ORIENTED_EDGE('', *, *, #353, .T.);
#366 = ORIENTED_EDGE('', *, *, #135, .T.);
#367 = ORIENTED_EDGE('', *, *, #183, .T.);
#368 = ORIENTED_EDGE('', *, *, #212, .T.);
#369 = ORIENTED_EDGE('', *, *, #243, .T.);
#370 = ORIENTED_EDGE('', *, *, #286, .T.);
#371 = ORIENTED_EDGE('', *, *, #312, .T.);
#372 = ORIENTED_EDGE('', *, *, #334, .T.);
#373 = B_SPLINE_SURFACE_WITH_KNOTS('', 1, 1, ((#374, #375), (#376, #377)), .UNSPECIFIED., .F., .F., .U., (2, 2), (2, 2), (0., 1.), (0., 1.), .UNSPECIFIED.);
#374 = CARTESIAN_POINT('', (120.2, -8.60991223774495, -11.009912237745));
#375 = CARTESIAN_POINT('', (120.2, -8.60991223774495, 30.0099122377449));
#376 = CARTESIAN_POINT('', (120.2, 32.4099122377449, -11.009912237745));
#377 = CARTESIAN_POINT('', (120.2, 32.4099122377449, 30.0099122377449));
#378 = ADVANCED_FACE('', (#379), #430, .F.);
#379 = FACE_OUTER_BOUND('', #380, .F.);
#380 = EDGE_LOOP('', (#381, #390, #397, #404, #411, #418, #425));
#381 = ORIENTED_EDGE('', *, *, #382, .F.);
#382 = EDGE_CURVE('', #383, #385, #387, .T.);
#383 = VERTEX_POINT('', #384);
#384 = CARTESIAN_POINT('', (-1., -1.59872115546023E-14, 22.62741696));
#385 = VERTEX_POINT('', #386);
#386 = CARTESIAN_POINT('', (-1., 0., 0.));
#387 = B_SPLINE_CURVE_WITH_KNOTS('', 1, (#388, #389), .UNSPECIFIED., .F., .U., (2, 2), (0.153925999898763, 0.955707415844089), .UNSPECIFIED.);
#388 = CARTESIAN_POINT('', (-1., 0., 22.62741696));
#389 = CARTESIAN_POINT('', (-1., 0., -3.5527136788005E-15));
#390 = ORIENTED_EDGE('', *, *, #391, .T.);
#391 = EDGE_CURVE('', #383, #392, #394, .T.);
#392 = VERTEX_POINT('', #393);
#393 = CARTESIAN_POINT('', (-1., -5., 17.62741696));
#394 = B_SPLINE_CURVE_WITH_KNOTS('', 1, (#395, #396), .UNSPECIFIED., .F., .U., (2, 2), (0.466529133040364, 1.), .UNSPECIFIED.);
#395 = CARTESIAN_POINT('', (-1., -1.59872115546023E-14, 22.62741696));
#396 = CARTESIAN_POINT('', (-1., -5., 17.62741696));
#397 = ORIENTED_EDGE('', *, *, #398, .T.);
#398 = EDGE_CURVE('', #392, #399, #401, .T.);
#399 = VERTEX_POINT('', #400);
#400 = CARTESIAN_POINT('', (-1., -5., 4.37258304));
#401 = B_SPLINE_CURVE_WITH_KNOTS('', 1, (#402, #403), .UNSPECIFIED., .F., .U., (2, 2), (0., 1.), .UNSPECIFIED.);
#402 = CARTESIAN_POINT('', (-1., -5., 17.62741696));
#403 = CARTESIAN_POINT('', (-1., -5., 4.37258304));
#404 = ORIENTED_EDGE('', *, *, #405, .T.);
#405 = EDGE_CURVE('', #399, #406, #408, .T.);
#406 = VERTEX_POINT('', #407);
#407 = CARTESIAN_POINT('', (-1., 4.37258304, -5.));
#408 = B_SPLINE_CURVE_WITH_KNOTS('', 1, (#409, #410), .UNSPECIFIED., .F., .U., (2, 2), (0., 1.), .UNSPECIFIED.);
#409 = CARTESIAN_POINT('', (-1., -5., 4.37258304));
#410 = CARTESIAN_POINT('', (-1., 4.37258304, -5.));
#411 = ORIENTED_EDGE('', *, *, #412, .T.);
#412 = EDGE_CURVE('', #406, #413, #415, .T.);
#413 = VERTEX_POINT('', #414);
#414 = CARTESIAN_POINT('', (-1., 17.62741696, -5.));
#415 = B_SPLINE_CURVE_WITH_KNOTS('', 1, (#416, #417), .UNSPECIFIED., .F., .U., (2, 2), (0., 1.), .UNSPECIFIED.);
#416 = CARTESIAN_POINT('', (-1., 4.37258304, -5.));
#417 = CARTESIAN_POINT('', (-1., 17.62741696, -5.));
#418 = ORIENTED_EDGE('', *, *, #419, .T.);
#419 = EDGE_CURVE('', #413, #420, #422, .T.);
#420 = VERTEX_POINT('', #421);
#421 = CARTESIAN_POINT('', (-1., 22.62741696, -3.5527136788005E-15));
#422 = B_SPLINE_CURVE_WITH_KNOTS('', 1, (#423, #424), .UNSPECIFIED., .F., .U., (2, 2), (0., 0.533470866959638), .UNSPECIFIED.);
#423 = CARTESIAN_POINT('', (-1., 17.62741696, -5.));
#424 = CARTESIAN_POINT('', (-1., 22.62741696, -3.5527136788005E-15));
#425 = ORIENTED_EDGE('', *, *, #426, .F.);
#426 = EDGE_CURVE('', #385, #420, #427, .T.);
#427 = B_SPLINE_CURVE_WITH_KNOTS('', 1, (#428, #429), .UNSPECIFIED., .F., .U., (2, 2), (0.0336562912983768, 0.642900240526864), .UNSPECIFIED.);
#428 = CARTESIAN_POINT('', (-1., 0., 0.));
#429 = CARTESIAN_POINT('', (-1., 22.62741696, 0.));
#430 = B_SPLINE_SURFACE_WITH_KNOTS('', 1, 1, ((#431, #432), (#433, #434)), .UNSPECIFIED., .F., .F., .U., (2, 2), (2, 2), (0., 1.), (0., 1.), .UNSPECIFIED.);
#431 = CARTESIAN_POINT('', (-1., -13.8901586977665, -13.8901586977665));
#432 = CARTESIAN_POINT('', (-1., -13.8901586977665, 35.8901586977665));
#433 = CARTESIAN_POINT('', (-1., 35.8901586977665, -13.8901586977665));
#434 = CARTESIAN_POINT('', (-1., 35.8901586977665, 35.8901586977665));
#435 = ADVANCED_FACE('', (#436), #472, .F.);
#436 = FACE_OUTER_BOUND('', #437, .F.);
#437 = EDGE_LOOP('', (#438, #447, #454, #461, #466, #467));
#438 = ORIENTED_EDGE('', *, *, #439, .T.);
#439 = EDGE_CURVE('', #440, #442, #444, .T.);
#440 = VERTEX_POINT('', #441);
#441 = CARTESIAN_POINT('', (-2., 1., 23.62741696));
#442 = VERTEX_POINT('', #443);
#443 = CARTESIAN_POINT('', (-2., 4.37258304, 27.));
#444 = B_SPLINE_CURVE_WITH_KNOTS('', 1, (#445, #446), .UNSPECIFIED., .F., .U., (2, 2), (0., 1.), .UNSPECIFIED.);
#445 = CARTESIAN_POINT('', (-2., 1.00000000000001, 23.62741696));
#446 = CARTESIAN_POINT('', (-2., 4.37258304, 27.));
#447 = ORIENTED_EDGE('', *, *, #448, .F.);
#448 = EDGE_CURVE('', #449, #442, #451, .T.);
#449 = VERTEX_POINT('', #450);
#450 = CARTESIAN_POINT('', (-7., 4.37258304, 27.));
#451 = B_SPLINE_CURVE_WITH_KNOTS('', 1, (#452, #453), .UNSPECIFIED., .F., .U., (2, 2), (0., 0.833333333333333), .UNSPECIFIED.);
#452 = CARTESIAN_POINT('', (-7., 4.37258304, 27.));
#453 = CARTESIAN_POINT('', (-2., 4.37258304, 27.));
#454 = ORIENTED_EDGE('', *, *, #455, .T.);
#455 = EDGE_CURVE('', #449, #456, #458, .T.);
#456 = VERTEX_POINT('', #457);
#457 = CARTESIAN_POINT('', (-7., -5., 17.62741696));
#458 = B_SPLINE_CURVE_WITH_KNOTS('', 1, (#459, #460), .UNSPECIFIED., .F., .U., (2, 2), (0., 1.), .UNSPECIFIED.);
#459 = CARTESIAN_POINT('', (-7., 4.37258304, 27.));
#460 = CARTESIAN_POINT('', (-7., -5., 17.62741696));
#461 = ORIENTED_EDGE('', *, *, #462, .T.);
#462 = EDGE_CURVE('', #456, #392, #463, .T.);
#463 = B_SPLINE_CURVE_WITH_KNOTS('', 1, (#464, #465), .UNSPECIFIED., .F., .U., (2, 2), (0., 1.), .UNSPECIFIED.);
#464 = CARTESIAN_POINT('', (-7., -5., 17.62741696));
#465 = CARTESIAN_POINT('', (-1., -5., 17.62741696));
#466 = ORIENTED_EDGE('', *, *, #391, .F.);
#467 = ORIENTED_EDGE('', *, *, #468, .F.);
#468 = EDGE_CURVE('', #440, #383, #469, .T.);
#469 = B_SPLINE_CURVE_WITH_KNOTS('', 1, (#470, #471), .UNSPECIFIED., .F., .U., (2, 2), (0., 1.), .UNSPECIFIED.);
#470 = CARTESIAN_POINT('', (-2.00000000000017, 1.00000000000016, 23.6274169600001));
#471 = CARTESIAN_POINT('', (-1., -1.15463194561016E-14, 22.62741696));
#472 = B_SPLINE_SURFACE_WITH_KNOTS('', 1, 1, ((#473, #474), (#475, #476)), .UNSPECIFIED., .F., .F., .U., (2, 2), (2, 2), (0., 1.), (0., 1.), .UNSPECIFIED.);
#473 = CARTESIAN_POINT('', (-7., 4.37258304, 27.));
#474 = CARTESIAN_POINT('', (-1., 4.37258304, 27.));
#475 = CARTESIAN_POINT('', (-7., -5., 17.62741696));
#476 = CARTESIAN_POINT('', (-1., -5., 17.62741696));
#477 = ADVANCED_FACE('', (#478), #500, .F.);
#478 = FACE_OUTER_BOUND('', #479, .F.);
#479 = EDGE_LOOP('', (#480, #487, #494, #499));
#480 = ORIENTED_EDGE('', *, *, #481, .T.);
#481 = EDGE_CURVE('', #442, #482, #484, .T.);
#482 = VERTEX_POINT('', #483);
#483 = CARTESIAN_POINT('', (-2., 17.62741696, 27.));
#484 = B_SPLINE_CURVE_WITH_KNOTS('', 1, (#485, #486), .UNSPECIFIED., .F., .U., (2, 2), (0., 1.), .UNSPECIFIED.);
#485 = CARTESIAN_POINT('', (-2., 4.37258304, 27.));
#486 = CARTESIAN_POINT('', (-2., 17.62741696, 27.));
#487 = ORIENTED_EDGE('', *, *, #488, .F.);
#488 = EDGE_CURVE('', #489, #482, #491, .T.);
#489 = VERTEX_POINT('', #490);
#490 = CARTESIAN_POINT('', (-7., 17.62741696, 27.));
#491 = B_SPLINE_CURVE_WITH_KNOTS('', 1, (#492, #493), .UNSPECIFIED., .F., .U., (2, 2), (0., 0.833333333333333), .UNSPECIFIED.);
#492 = CARTESIAN_POINT('', (-7., 17.62741696, 27.));
#493 = CARTESIAN_POINT('', (-2., 17.62741696, 27.));
#494 = ORIENTED_EDGE('', *, *, #495, .T.);
#495 = EDGE_CURVE('', #489, #449, #496, .T.);
#496 = B_SPLINE_CURVE_WITH_KNOTS('', 1, (#497, #498), .UNSPECIFIED., .F., .U., (2, 2), (0., 1.), .UNSPECIFIED.);
#497 = CARTESIAN_POINT('', (-7., 17.62741696, 27.));
#498 = CARTESIAN_POINT('', (-7., 4.37258304, 27.));
#499 = ORIENTED_EDGE('', *, *, #448, .T.);
#500 = B_SPLINE_SURFACE_WITH_KNOTS('', 1, 1, ((#501, #502), (#503, #504)), .UNSPECIFIED., .F., .F., .U., (2, 2), (2, 2), (0., 1.), (0., 1.), .UNSPECIFIED.);
#501 = CARTESIAN_POINT('', (-7., 17.62741696, 27.));
#502 = CARTESIAN_POINT('', (-1., 17.62741696, 27.));
#503 = CARTESIAN_POINT('', (-7., 4.37258304, 27.));
#504 = CARTESIAN_POINT('', (-1., 4.37258304, 27.));
#505 = ADVANCED_FACE('', (#506), #528, .F.);
#506 = FACE_OUTER_BOUND('', #507, .F.);
#507 = EDGE_LOOP('', (#508, #515, #522, #527));
#508 = ORIENTED_EDGE('', *, *, #509, .T.);
#509 = EDGE_CURVE('', #482, #510, #512, .T.);
#510 = VERTEX_POINT('', #511);
#511 = CARTESIAN_POINT('', (-2., 27., 17.62741696));
#512 = B_SPLINE_CURVE_WITH_KNOTS('', 1, (#513, #514), .UNSPECIFIED., .F., .U., (2, 2), (0., 1.), .UNSPECIFIED.);
#513 = CARTESIAN_POINT('', (-2., 17.62741696, 27.));
#514 = CARTESIAN_POINT('', (-2., 27., 17.62741696));
#515 = ORIENTED_EDGE('', *, *, #516, .F.);
#516 = EDGE_CURVE('', #517, #510, #519, .T.);
#517 = VERTEX_POINT('', #518);
#518 = CARTESIAN_POINT('', (-7., 27., 17.62741696));
#519 = B_SPLINE_CURVE_WITH_KNOTS('', 1, (#520, #521), .UNSPECIFIED., .F., .U., (2, 2), (0., 0.833333333333333), .UNSPECIFIED.);
#520 = CARTESIAN_POINT('', (-7., 27., 17.62741696));
#521 = CARTESIAN_POINT('', (-2., 27., 17.62741696));
#522 = ORIENTED_EDGE('', *, *, #523, .T.);
#523 = EDGE_CURVE('', #517, #489, #524, .T.);
#524 = B_SPLINE_CURVE_WITH_KNOTS('', 1, (#525, #526), .UNSPECIFIED., .F., .U., (2, 2), (0., 1.), .UNSPECIFIED.);
#525 = CARTESIAN_POINT('', (-7., 27., 17.62741696));
#526 = CARTESIAN_POINT('', (-7., 17.62741696, 27.));
#527 = ORIENTED_EDGE('', *, *, #488, .T.);
#528 = B_SPLINE_SURFACE_WITH_KNOTS('', 1, 1, ((#529, #530), (#531, #532)), .UNSPECIFIED., .F., .F., .U., (2, 2), (2, 2), (0., 1.), (0., 1.), .UNSPECIFIED.);
#529 = CARTESIAN_POINT('', (-7., 27., 17.62741696));
#530 = CARTESIAN_POINT('', (-1., 27., 17.62741696));
#531 = CARTESIAN_POINT('', (-7., 17.62741696, 27.));
#532 = CARTESIAN_POINT('', (-1., 17.62741696, 27.));
#533 = ADVANCED_FACE('', (#534), #556, .F.);
#534 = FACE_OUTER_BOUND('', #535, .F.);
#535 = EDGE_LOOP('', (#536, #543, #550, #555));
#536 = ORIENTED_EDGE('', *, *, #537, .T.);
#537 = EDGE_CURVE('', #510, #538, #540, .T.);
#538 = VERTEX_POINT('', #539);
#539 = CARTESIAN_POINT('', (-2., 27., 4.37258304));
#540 = B_SPLINE_CURVE_WITH_KNOTS('', 1, (#541, #542), .UNSPECIFIED., .F., .U., (2, 2), (0., 1.), .UNSPECIFIED.);
#541 = CARTESIAN_POINT('', (-2., 27., 17.62741696));
#542 = CARTESIAN_POINT('', (-2., 27., 4.37258304));
#543 = ORIENTED_EDGE('', *, *, #544, .F.);
#544 = EDGE_CURVE('', #545, #538, #547, .T.);
#545 = VERTEX_POINT('', #546);
#546 = CARTESIAN_POINT('', (-7., 27., 4.37258304));
#547 = B_SPLINE_CURVE_WITH_KNOTS('', 1, (#548, #549), .UNSPECIFIED., .F., .U., (2, 2), (0., 0.833333333333333), .UNSPECIFIED.);
#548 = CARTESIAN_POINT('', (-7., 27., 4.37258304));
#549 = CARTESIAN_POINT('', (-2., 27., 4.37258304));
#550 = ORIENTED_EDGE('', *, *, #551, .T.);
#551 = EDGE_CURVE('', #545, #517, #552, .T.);
#552 = B_SPLINE_CURVE_WITH_KNOTS('', 1, (#553, #554), .UNSPECIFIED., .F., .U., (2, 2), (0., 1.), .UNSPECIFIED.);
#553 = CARTESIAN_POINT('', (-7., 27., 4.37258304));
#554 = CARTESIAN_POINT('', (-7., 27., 17.62741696));
#555 = ORIENTED_EDGE('', *, *, #516, .T.);
#556 = B_SPLINE_SURFACE_WITH_KNOTS('', 1, 1, ((#557, #558), (#559, #560)), .UNSPECIFIED., .F., .F., .U., (2, 2), (2, 2), (0., 1.), (0., 1.), .UNSPECIFIED.);
#557 = CARTESIAN_POINT('', (-7., 27., 4.37258304));
#558 = CARTESIAN_POINT('', (-1., 27., 4.37258304));
#559 = CARTESIAN_POINT('', (-7., 27., 17.62741696));
#560 = CARTESIAN_POINT('', (-1., 27., 17.62741696));
#561 = ADVANCED_FACE('', (#562), #590, .F.);
#562 = FACE_OUTER_BOUND('', #563, .F.);
#563 = EDGE_LOOP('', (#564, #571, #576, #577, #584, #589));
#564 = ORIENTED_EDGE('', *, *, #565, .T.);
#565 = EDGE_CURVE('', #538, #566, #568, .T.);
#566 = VERTEX_POINT('', #567);
#567 = CARTESIAN_POINT('', (-2., 23.62741696, 1.));
#568 = B_SPLINE_CURVE_WITH_KNOTS('', 1, (#569, #570), .UNSPECIFIED., .F., .U., (2, 2), (0., 1.), .UNSPECIFIED.);
#569 = CARTESIAN_POINT('', (-2., 27., 4.37258304));
#570 = CARTESIAN_POINT('', (-2., 23.62741696, 0.999999999999973));
#571 = ORIENTED_EDGE('', *, *, #572, .F.);
#572 = EDGE_CURVE('', #420, #566, #573, .T.);
#573 = B_SPLINE_CURVE_WITH_KNOTS('', 1, (#574, #575), .UNSPECIFIED., .F., .U., (2, 2), (0., 1.), .UNSPECIFIED.);
#574 = CARTESIAN_POINT('', (-1., 22.62741696, -4.55191440096314E-15));
#575 = CARTESIAN_POINT('', (-2.00000000000003, 23.62741696, 1.00000000000003));
#576 = ORIENTED_EDGE('', *, *, #419, .F.);
#577 = ORIENTED_EDGE('', *, *, #578, .F.);
#578 = EDGE_CURVE('', #579, #413, #581, .T.);
#579 = VERTEX_POINT('', #580);
#580 = CARTESIAN_POINT('', (-7., 17.62741696, -5.));
#581 = B_SPLINE_CURVE_WITH_KNOTS('', 1, (#582, #583), .UNSPECIFIED., .F., .U., (2, 2), (0., 1.), .UNSPECIFIED.);
#582 = CARTESIAN_POINT('', (-7., 17.62741696, -5.));
#583 = CARTESIAN_POINT('', (-1., 17.62741696, -5.));
#584 = ORIENTED_EDGE('', *, *, #585, .T.);
#585 = EDGE_CURVE('', #579, #545, #586, .T.);
#586 = B_SPLINE_CURVE_WITH_KNOTS('', 1, (#587, #588), .UNSPECIFIED., .F., .U., (2, 2), (0., 1.), .UNSPECIFIED.);
#587 = CARTESIAN_POINT('', (-7., 17.62741696, -5.));
#588 = CARTESIAN_POINT('', (-7., 27., 4.37258304));
#589 = ORIENTED_EDGE('', *, *, #544, .T.);
#590 = B_SPLINE_SURFACE_WITH_KNOTS('', 1, 1, ((#591, #592), (#593, #594)), .UNSPECIFIED., .F., .F., .U., (2, 2), (2, 2), (0., 1.), (0., 1.), .UNSPECIFIED.);
#591 = CARTESIAN_POINT('', (-7., 17.62741696, -5.));
#592 = CARTESIAN_POINT('', (-1., 17.62741696, -5.));
#593 = CARTESIAN_POINT('', (-7., 27., 4.37258304));
#594 = CARTESIAN_POINT('', (-1., 27., 4.37258304));
#595 = ADVANCED_FACE('', (#596), #612, .F.);
#596 = FACE_OUTER_BOUND('', #597, .F.);
#597 = EDGE_LOOP('', (#598, #605, #610, #611));
#598 = ORIENTED_EDGE('', *, *, #599, .F.);
#599 = EDGE_CURVE('', #600, #406, #602, .T.);
#600 = VERTEX_POINT('', #601);
#601 = CARTESIAN_POINT('', (-7., 4.37258304, -5.));
#602 = B_SPLINE_CURVE_WITH_KNOTS('', 1, (#603, #604), .UNSPECIFIED., .F., .U., (2, 2), (0., 1.), .UNSPECIFIED.);
#603 = CARTESIAN_POINT('', (-7., 4.37258304, -5.));
#604 = CARTESIAN_POINT('', (-1., 4.37258304, -5.));
#605 = ORIENTED_EDGE('', *, *, #606, .T.);
#606 = EDGE_CURVE('', #600, #579, #607, .T.);
#607 = B_SPLINE_CURVE_WITH_KNOTS('', 1, (#608, #609), .UNSPECIFIED., .F., .U., (2, 2), (0., 1.), .UNSPECIFIED.);
#608 = CARTESIAN_POINT('', (-7., 4.37258304, -5.));
#609 = CARTESIAN_POINT('', (-7., 17.62741696, -5.));
#610 = ORIENTED_EDGE('', *, *, #578, .T.);
#611 = ORIENTED_EDGE('', *, *, #412, .F.);
#612 = B_SPLINE_SURFACE_WITH_KNOTS('', 1, 1, ((#613, #614), (#615, #616)), .UNSPECIFIED., .F., .F., .U., (2, 2), (2, 2), (0., 1.), (0., 1.), .UNSPECIFIED.);
#613 = CARTESIAN_POINT('', (-7., 4.37258304, -5.));
#614 = CARTESIAN_POINT('', (-1., 4.37258304, -5.));
#615 = CARTESIAN_POINT('', (-7., 17.62741696, -5.));
#616 = CARTESIAN_POINT('', (-1., 17.62741696, -5.));
#617 = ADVANCED_FACE('', (#618), #638, .F.);
#618 = FACE_OUTER_BOUND('', #619, .F.);
#619 = EDGE_LOOP('', (#620, #621, #622, #623, #624, #631, #636, #637));
#620 = ORIENTED_EDGE('', *, *, #523, .F.);
#621 = ORIENTED_EDGE('', *, *, #551, .F.);
#622 = ORIENTED_EDGE('', *, *, #585, .F.);
#623 = ORIENTED_EDGE('', *, *, #606, .F.);
#624 = ORIENTED_EDGE('', *, *, #625, .F.);
#625 = EDGE_CURVE('', #626, #600, #628, .T.);
#626 = VERTEX_POINT('', #627);
#627 = CARTESIAN_POINT('', (-7., -5., 4.37258304));
#628 = B_SPLINE_CURVE_WITH_KNOTS('', 1, (#629, #630), .UNSPECIFIED., .F., .U., (2, 2), (0., 1.), .UNSPECIFIED.);
#629 = CARTESIAN_POINT('', (-7., -5., 4.37258304));
#630 = CARTESIAN_POINT('', (-7., 4.37258304, -5.));
#631 = ORIENTED_EDGE('', *, *, #632, .F.);
#632 = EDGE_CURVE('', #456, #626, #633, .T.);
#633 = B_SPLINE_CURVE_WITH_KNOTS('', 1, (#634, #635), .UNSPECIFIED., .F., .U., (2, 2), (0., 1.), .UNSPECIFIED.);
#634 = CARTESIAN_POINT('', (-7., -5., 17.62741696));
#635 = CARTESIAN_POINT('', (-7., -5., 4.37258304));
#636 = ORIENTED_EDGE('', *, *, #455, .F.);
#637 = ORIENTED_EDGE('', *, *, #495, .F.);
#638 = B_SPLINE_SURFACE_WITH_KNOTS('', 1, 1, ((#639, #640), (#641, #642)), .UNSPECIFIED., .F., .F., .U., (2, 2), (2, 2), (0., 1.), (0., 1.), .UNSPECIFIED.);
#639 = CARTESIAN_POINT('', (-7., -13.8901586977665, -13.8901586977665));
#640 = CARTESIAN_POINT('', (-7., 35.8901586977665, -13.8901586977665));
#641 = CARTESIAN_POINT('', (-7., -13.8901586977665, 35.8901586977665));
#642 = CARTESIAN_POINT('', (-7., 35.8901586977665, 35.8901586977665));
#643 = ADVANCED_FACE('', (#644), #654, .F.);
#644 = FACE_OUTER_BOUND('', #645, .F.);
#645 = EDGE_LOOP('', (#646, #651, #652, #653));
#646 = ORIENTED_EDGE('', *, *, #647, .F.);
#647 = EDGE_CURVE('', #626, #399, #648, .T.);
#648 = B_SPLINE_CURVE_WITH_KNOTS('', 1, (#649, #650), .UNSPECIFIED., .F., .U., (2, 2), (0., 1.), .UNSPECIFIED.);
#649 = CARTESIAN_POINT('', (-7., -5., 4.37258304));
#650 = CARTESIAN_POINT('', (-1., -5., 4.37258304));
#651 = ORIENTED_EDGE('', *, *, #625, .T.);
#652 = ORIENTED_EDGE('', *, *, #599, .T.);
#653 = ORIENTED_EDGE('', *, *, #405, .F.);
#654 = B_SPLINE_SURFACE_WITH_KNOTS('', 1, 1, ((#655, #656), (#657, #658)), .UNSPECIFIED., .F., .F., .U., (2, 2), (2, 2), (0., 1.), (0., 1.), .UNSPECIFIED.);
#655 = CARTESIAN_POINT('', (-7., -5., 4.37258304));
#656 = CARTESIAN_POINT('', (-1., -5., 4.37258304));
#657 = CARTESIAN_POINT('', (-7., 4.37258304, -5.));
#658 = CARTESIAN_POINT('', (-1., 4.37258304, -5.));
#659 = ADVANCED_FACE('', (#660), #666, .F.);
#660 = FACE_OUTER_BOUND('', #661, .F.);
#661 = EDGE_LOOP('', (#662, #663, #664, #665));
#662 = ORIENTED_EDGE('', *, *, #462, .F.);
#663 = ORIENTED_EDGE('', *, *, #632, .T.);
#664 = ORIENTED_EDGE('', *, *, #647, .T.);
#665 = ORIENTED_EDGE('', *, *, #398, .F.);
#666 = B_SPLINE_SURFACE_WITH_KNOTS('', 1, 1, ((#667, #668), (#669, #670)), .UNSPECIFIED., .F., .F., .U., (2, 2), (2, 2), (0., 1.), (0., 1.), .UNSPECIFIED.);
#667 = CARTESIAN_POINT('', (-7., -5., 17.62741696));
#668 = CARTESIAN_POINT('', (-1., -5., 17.62741696));
#669 = CARTESIAN_POINT('', (-7., -5., 4.37258304));
#670 = CARTESIAN_POINT('', (-1., -5., 4.37258304));
#671 = ADVANCED_FACE('', (#672), #702, .F.);
#672 = FACE_OUTER_BOUND('', #673, .F.);
#673 = EDGE_LOOP('', (#674, #683, #690, #697));
#674 = ORIENTED_EDGE('', *, *, #675, .F.);
#675 = EDGE_CURVE('', #676, #678, #680, .T.);
#676 = VERTEX_POINT('', #677);
#677 = CARTESIAN_POINT('', (114., -0.5, -2.));
#678 = VERTEX_POINT('', #679);
#679 = CARTESIAN_POINT('', (114., 35., -2.));
#680 = B_SPLINE_CURVE_WITH_KNOTS('', 1, (#681, #682), .UNSPECIFIED., .F., .U., (2, 2), (0., 1.), .UNSPECIFIED.);
#681 = CARTESIAN_POINT('', (114., -0.500000000000028, -2.));
#682 = CARTESIAN_POINT('', (114., 35., -2.));
#683 = ORIENTED_EDGE('', *, *, #684, .F.);
#684 = EDGE_CURVE('', #685, #676, #687, .T.);
#685 = VERTEX_POINT('', #686);
#686 = CARTESIAN_POINT('', (1., -0.5, -2.));
#687 = B_SPLINE_CURVE_WITH_KNOTS('', 1, (#688, #689), .UNSPECIFIED., .F., .U., (2, 2), (0.0252100840336134, 0.974789915966387), .UNSPECIFIED.);
#688 = CARTESIAN_POINT('', (1., -0.5, -2.));
#689 = CARTESIAN_POINT('', (114., -0.5, -2.));
#690 = ORIENTED_EDGE('', *, *, #691, .F.);
#691 = EDGE_CURVE('', #692, #685, #694, .T.);
#692 = VERTEX_POINT('', #693);
#693 = CARTESIAN_POINT('', (1., 35., -2.));
#694 = B_SPLINE_CURVE_WITH_KNOTS('', 1, (#695, #696), .UNSPECIFIED., .F., .U., (2, 2), (0., 1.), .UNSPECIFIED.);
#695 = CARTESIAN_POINT('', (1., 35., -2.));
#696 = CARTESIAN_POINT('', (1., -0.5, -2.));
#697 = ORIENTED_EDGE('', *, *, #698, .T.);
#698 = EDGE_CURVE('', #692, #678, #699, .T.);
#699 = B_SPLINE_CURVE_WITH_KNOTS('', 1, (#700, #701), .UNSPECIFIED., .F., .U., (2, 2), (0.0252100840336134, 0.974789915966387), .UNSPECIFIED.);
#700 = CARTESIAN_POINT('', (1., 35., -2.));
#701 = CARTESIAN_POINT('', (114., 35., -2.));
#702 = B_SPLINE_SURFACE_WITH_KNOTS('', 1, 1, ((#703, #704), (#705, #706)), .UNSPECIFIED., .F., .F., .U., (2, 2), (2, 2), (0., 1.), (0., 1.), .UNSPECIFIED.);
#703 = CARTESIAN_POINT('', (-2., -0.5, -2.));
#704 = CARTESIAN_POINT('', (117., -0.5, -2.));
#705 = CARTESIAN_POINT('', (-2., 35., -2.));
#706 = CARTESIAN_POINT('', (117., 35., -2.));
#707 = ADVANCED_FACE('', (#708), #737, .F.);
#708 = FACE_OUTER_BOUND('', #709, .F.);
#709 = EDGE_LOOP('', (#710, #719, #724, #725, #732));
#710 = ORIENTED_EDGE('', *, *, #711, .F.);
#711 = EDGE_CURVE('', #712, #714, #716, .T.);
#712 = VERTEX_POINT('', #713);
#713 = CARTESIAN_POINT('', (0.249999999999979, -1.24999999999999, -1.25000000000001));
#714 = VERTEX_POINT('', #715);
#715 = CARTESIAN_POINT('', (1., -2., -0.5));
#716 = B_SPLINE_CURVE_WITH_KNOTS('', 1, (#717, #718), .UNSPECIFIED., .F., .U., (2, 2), (0.500000000000005, 1.), .UNSPECIFIED.);
#717 = CARTESIAN_POINT('', (0.249999999999978, -1.25000000000001, -1.25000000000002));
#718 = CARTESIAN_POINT('', (0.999999999999972, -2., -0.500000000000028));
#719 = ORIENTED_EDGE('', *, *, #720, .F.);
#720 = EDGE_CURVE('', #685, #712, #721, .T.);
#721 = B_SPLINE_CURVE_WITH_KNOTS('', 1, (#722, #723), .UNSPECIFIED., .F., .U., (2, 2), (0., 0.50000000000002), .UNSPECIFIED.);
#722 = CARTESIAN_POINT('', (1., -0.499999999999972, -2.00000000000003));
#723 = CARTESIAN_POINT('', (0.249999999999979, -1.24999999999999, -1.25000000000001));
#724 = ORIENTED_EDGE('', *, *, #684, .T.);
#725 = ORIENTED_EDGE('', *, *, #726, .F.);
#726 = EDGE_CURVE('', #727, #676, #729, .T.);
#727 = VERTEX_POINT('', #728);
#728 = CARTESIAN_POINT('', (115.5, -2., -0.5));
#729 = B_SPLINE_CURVE_WITH_KNOTS('', 1, (#730, #731), .UNSPECIFIED., .F., .U., (2, 2), (0., 1.), .UNSPECIFIED.);
#730 = CARTESIAN_POINT('', (115.5, -2.00000000000003, -0.499999999999972));
#731 = CARTESIAN_POINT('', (114., -0.500000000000038, -1.99999999999996));
#732 = ORIENTED_EDGE('', *, *, #733, .F.);
#733 = EDGE_CURVE('', #714, #727, #734, .T.);
#734 = B_SPLINE_CURVE_WITH_KNOTS('', 1, (#735, #736), .UNSPECIFIED., .F., .U., (2, 2), (0.0252100840336134, 0.987394957983193), .UNSPECIFIED.);
#735 = CARTESIAN_POINT('', (1., -2., -0.5));
#736 = CARTESIAN_POINT('', (115.5, -2., -0.5));
#737 = B_SPLINE_SURFACE_WITH_KNOTS('', 1, 1, ((#738, #739), (#740, #741)), .UNSPECIFIED., .F., .F., .U., (2, 2), (2, 2), (0., 1.), (0., 1.), .UNSPECIFIED.);
#738 = CARTESIAN_POINT('', (-2., -2., -0.5));
#739 = CARTESIAN_POINT('', (117., -2., -0.5));
#740 = CARTESIAN_POINT('', (-2., -0.5, -2.));
#741 = CARTESIAN_POINT('', (117., -0.5, -2.));
#742 = ADVANCED_FACE('', (#743), #780, .T.);
#743 = FACE_OUTER_BOUND('', #744, .T.);
#744 = EDGE_LOOP('', (#745, #754, #761, #768, #775));
#745 = ORIENTED_EDGE('', *, *, #746, .F.);
#746 = EDGE_CURVE('', #747, #749, #751, .T.);
#747 = VERTEX_POINT('', #748);
#748 = CARTESIAN_POINT('', (-2., 38., 1.00000000000001));
#749 = VERTEX_POINT('', #750);
#750 = CARTESIAN_POINT('', (-2., 38., 31.2));
#751 = B_SPLINE_CURVE_WITH_KNOTS('', 1, (#752, #753), .UNSPECIFIED., .F., .U., (2, 2), (0., 1.), .UNSPECIFIED.);
#752 = CARTESIAN_POINT('', (-2., 38., 0.999999999999972));
#753 = CARTESIAN_POINT('', (-2., 38., 31.2));
#754 = ORIENTED_EDGE('', *, *, #755, .F.);
#755 = EDGE_CURVE('', #756, #747, #758, .T.);
#756 = VERTEX_POINT('', #757);
#757 = CARTESIAN_POINT('', (0.999999999999997, 41., 4.));
#758 = B_SPLINE_CURVE_WITH_KNOTS('', 1, (#759, #760), .UNSPECIFIED., .F., .U., (2, 2), (0., 1.), .UNSPECIFIED.);
#759 = CARTESIAN_POINT('', (1., 41., 4.));
#760 = CARTESIAN_POINT('', (-2., 38., 0.999999999999995));
#761 = ORIENTED_EDGE('', *, *, #762, .F.);
#762 = EDGE_CURVE('', #763, #756, #765, .T.);
#763 = VERTEX_POINT('', #764);
#764 = CARTESIAN_POINT('', (0.999999999999997, 41., 31.2));
#765 = B_SPLINE_CURVE_WITH_KNOTS('', 1, (#766, #767), .UNSPECIFIED., .F., .U., (2, 2), (0., 1.), .UNSPECIFIED.);
#766 = CARTESIAN_POINT('', (0.999999999999996, 41., 31.2));
#767 = CARTESIAN_POINT('', (0.999999999999996, 41., 3.99999999999989));
#768 = ORIENTED_EDGE('', *, *, #769, .F.);
#769 = EDGE_CURVE('', #770, #763, #772, .T.);
#770 = VERTEX_POINT('', #771);
#771 = CARTESIAN_POINT('', (-0.499999999999993, 39.5, 32.7));
#772 = B_SPLINE_CURVE_WITH_KNOTS('', 1, (#773, #774), .UNSPECIFIED., .F., .U., (2, 2), (0.318181818181827, 1.), .UNSPECIFIED.);
#773 = CARTESIAN_POINT('', (-0.499999999999992, 39.5, 32.7));
#774 = CARTESIAN_POINT('', (1., 41., 31.2));
#775 = ORIENTED_EDGE('', *, *, #776, .T.);
#776 = EDGE_CURVE('', #770, #749, #777, .T.);
#777 = B_SPLINE_CURVE_WITH_KNOTS('', 1, (#778, #779), .UNSPECIFIED., .F., .U., (2, 2), (0.318181818181799, 1.), .UNSPECIFIED.);
#778 = CARTESIAN_POINT('', (-0.499999999999968, 39.5, 32.7));
#779 = CARTESIAN_POINT('', (-2.00000000000007, 37.9999999999999, 31.1999999999999));
#780 = B_SPLINE_SURFACE_WITH_KNOTS('', 1, 1, ((#781, #782), (#783, #784)), .UNSPECIFIED., .F., .F., .U., (2, 2), (2, 2), (0., 262.778810348208), (0., 262.778810348208), .UNSPECIFIED.);
#781 = CARTESIAN_POINT('', (-92.7026266357684, -52.7026266357684, 130.044949887415));
#782 = CARTESIAN_POINT('', (93.110052113583, 133.110052113583, 130.044949887415));
#783 = CARTESIAN_POINT('', (-92.7026266357684, -52.7026266357684, -132.733860460793));
#784 = CARTESIAN_POINT('', (93.110052113583, 133.110052113583, -132.733860460793));
#785 = ADVANCED_FACE('', (#786), #814, .F.);
#786 = FACE_OUTER_BOUND('', #787, .F.);
#787 = EDGE_LOOP('', (#788, #797, #802, #803, #808, #809));
#788 = ORIENTED_EDGE('', *, *, #789, .F.);
#789 = EDGE_CURVE('', #790, #792, #794, .T.);
#790 = VERTEX_POINT('', #791);
#791 = CARTESIAN_POINT('', (115.5, 36.5, -0.5));
#792 = VERTEX_POINT('', #793);
#793 = CARTESIAN_POINT('', (111., 41., 4.));
#794 = B_SPLINE_CURVE_WITH_KNOTS('', 1, (#795, #796), .UNSPECIFIED., .F., .U., (2, 2), (0.249999999999999, 1.), .UNSPECIFIED.);
#795 = CARTESIAN_POINT('', (115.5, 36.5, -0.500000000000013));
#796 = CARTESIAN_POINT('', (111., 41., 3.99999999999998));
#797 = ORIENTED_EDGE('', *, *, #798, .F.);
#798 = EDGE_CURVE('', #678, #790, #799, .T.);
#799 = B_SPLINE_CURVE_WITH_KNOTS('', 1, (#800, #801), .UNSPECIFIED., .F., .U., (2, 2), (0., 0.50000000000001), .UNSPECIFIED.);
#800 = CARTESIAN_POINT('', (114., 35., -2.));
#801 = CARTESIAN_POINT('', (115.5, 36.5, -0.5));
#802 = ORIENTED_EDGE('', *, *, #698, .F.);
#803 = ORIENTED_EDGE('', *, *, #804, .F.);
#804 = EDGE_CURVE('', #747, #692, #805, .T.);
#805 = B_SPLINE_CURVE_WITH_KNOTS('', 1, (#806, #807), .UNSPECIFIED., .F., .U., (2, 2), (0., 1.), .UNSPECIFIED.);
#806 = CARTESIAN_POINT('', (-2., 38., 1.));
#807 = CARTESIAN_POINT('', (0.999999999999953, 35.0000000000001, -1.99999999999995));
#808 = ORIENTED_EDGE('', *, *, #755, .F.);
#809 = ORIENTED_EDGE('', *, *, #810, .T.);
#810 = EDGE_CURVE('', #756, #792, #811, .T.);
#811 = B_SPLINE_CURVE_WITH_KNOTS('', 1, (#812, #813), .UNSPECIFIED., .F., .U., (2, 2), (0.0252100840336134, 0.949579831932773), .UNSPECIFIED.);
#812 = CARTESIAN_POINT('', (0.999999999999997, 41., 4.));
#813 = CARTESIAN_POINT('', (111., 41., 4.));
#814 = B_SPLINE_SURFACE_WITH_KNOTS('', 1, 1, ((#815, #816), (#817, #818)), .UNSPECIFIED., .F., .F., .U., (2, 2), (2, 2), (0., 1.), (0., 1.), .UNSPECIFIED.);
#815 = CARTESIAN_POINT('', (-2., 35., -2.));
#816 = CARTESIAN_POINT('', (117., 35., -2.));
#817 = CARTESIAN_POINT('', (-2., 41., 4.));
#818 = CARTESIAN_POINT('', (117., 41., 4.));
#819 = ADVANCED_FACE('', (#820), #843, .F.);
#820 = FACE_OUTER_BOUND('', #821, .F.);
#821 = EDGE_LOOP('', (#822, #831, #836, #837, #838));
#822 = ORIENTED_EDGE('', *, *, #823, .F.);
#823 = EDGE_CURVE('', #824, #826, #828, .T.);
#824 = VERTEX_POINT('', #825);
#825 = CARTESIAN_POINT('', (111., 41., 30.25));
#826 = VERTEX_POINT('', #827);
#827 = CARTESIAN_POINT('', (105.571428571429, 41., 31.2));
#828 = B_SPLINE_CURVE_WITH_KNOTS('', 1, (#829, #830), .UNSPECIFIED., .F., .U., (2, 2), (0., 1.), .UNSPECIFIED.);
#829 = CARTESIAN_POINT('', (111., 41., 30.25));
#830 = CARTESIAN_POINT('', (105.571428571429, 41., 31.2));
#831 = ORIENTED_EDGE('', *, *, #832, .F.);
#832 = EDGE_CURVE('', #792, #824, #833, .T.);
#833 = B_SPLINE_CURVE_WITH_KNOTS('', 1, (#834, #835), .UNSPECIFIED., .F., .U., (2, 2), (0., 0.965073529411768), .UNSPECIFIED.);
#834 = CARTESIAN_POINT('', (111., 41., 3.99999999999994));
#835 = CARTESIAN_POINT('', (111., 41., 30.25));
#836 = ORIENTED_EDGE('', *, *, #810, .F.);
#837 = ORIENTED_EDGE('', *, *, #762, .F.);
#838 = ORIENTED_EDGE('', *, *, #839, .T.);
#839 = EDGE_CURVE('', #763, #826, #840, .T.);
#840 = B_SPLINE_CURVE_WITH_KNOTS('', 1, (#841, #842), .UNSPECIFIED., .F., .U., (2, 2), (0.0252100840336134, 0.903961584633854), .UNSPECIFIED.);
#841 = CARTESIAN_POINT('', (0.999999999999997, 41., 31.2));
#842 = CARTESIAN_POINT('', (105.571428571429, 41., 31.2));
#843 = B_SPLINE_SURFACE_WITH_KNOTS('', 1, 1, ((#844, #845), (#846, #847)), .UNSPECIFIED., .F., .F., .U., (2, 2), (2, 2), (0., 1.), (0., 1.), .UNSPECIFIED.);
#844 = CARTESIAN_POINT('', (-2., 41., 4.));
#845 = CARTESIAN_POINT('', (117., 41., 4.));
#846 = CARTESIAN_POINT('', (-2., 41., 31.2));
#847 = CARTESIAN_POINT('', (117., 41., 31.2));
#848 = ADVANCED_FACE('', (#849), #872, .F.);
#849 = FACE_OUTER_BOUND('', #850, .F.);
#850 = EDGE_LOOP('', (#851, #858, #859, #860, #867));
#851 = ORIENTED_EDGE('', *, *, #852, .F.);
#852 = EDGE_CURVE('', #826, #853, #855, .T.);
#853 = VERTEX_POINT('', #854);
#854 = CARTESIAN_POINT('', (93., 38.8, 33.4));
#855 = B_SPLINE_CURVE_WITH_KNOTS('', 1, (#856, #857), .UNSPECIFIED., .F., .U., (2, 2), (0., 1.), .UNSPECIFIED.);
#856 = CARTESIAN_POINT('', (105.571428571428, 41., 31.2));
#857 = CARTESIAN_POINT('', (93., 38.8, 33.4));
#858 = ORIENTED_EDGE('', *, *, #839, .F.);
#859 = ORIENTED_EDGE('', *, *, #769, .F.);
#860 = ORIENTED_EDGE('', *, *, #861, .F.);
#861 = EDGE_CURVE('', #862, #770, #864, .T.);
#862 = VERTEX_POINT('', #863);
#863 = CARTESIAN_POINT('', (0.199999999999989, 38.8, 33.4));
#864 = B_SPLINE_CURVE_WITH_KNOTS('', 1, (#865, #866), .UNSPECIFIED., .F., .U., (2, 2), (0., 0.318181818181807), .UNSPECIFIED.);
#865 = CARTESIAN_POINT('', (0.199999999999989, 38.8, 33.4));
#866 = CARTESIAN_POINT('', (-0.499999999999993, 39.5, 32.7));
#867 = ORIENTED_EDGE('', *, *, #868, .T.);
#868 = EDGE_CURVE('', #862, #853, #869, .T.);
#869 = B_SPLINE_CURVE_WITH_KNOTS('', 1, (#870, #871), .UNSPECIFIED., .F., .U., (2, 2), (0.0184873949579831, 0.798319327731093), .UNSPECIFIED.);
#870 = CARTESIAN_POINT('', (0.199999999999989, 38.8, 33.4));
#871 = CARTESIAN_POINT('', (93., 38.8, 33.4));
#872 = B_SPLINE_SURFACE_WITH_KNOTS('', 1, 1, ((#873, #874), (#875, #876)), .UNSPECIFIED., .F., .F., .U., (2, 2), (2, 2), (0., 1.), (0., 1.), .UNSPECIFIED.);
#873 = CARTESIAN_POINT('', (-2., 41., 31.2));
#874 = CARTESIAN_POINT('', (117., 41., 31.2));
#875 = CARTESIAN_POINT('', (-2., 38.8, 33.4));
#876 = CARTESIAN_POINT('', (117., 38.8, 33.4));
#877 = ADVANCED_FACE('', (#878), #901, .T.);
#878 = FACE_OUTER_BOUND('', #879, .T.);
#879 = EDGE_LOOP('', (#880, #887, #888, #889, #896));
#880 = ORIENTED_EDGE('', *, *, #881, .F.);
#881 = EDGE_CURVE('', #824, #882, #884, .T.);
#882 = VERTEX_POINT('', #883);
#883 = CARTESIAN_POINT('', (117., 35., 29.2));
#884 = B_SPLINE_CURVE_WITH_KNOTS('', 1, (#885, #886), .UNSPECIFIED., .F., .U., (2, 2), (0., 1.), .UNSPECIFIED.);
#885 = CARTESIAN_POINT('', (111., 41., 30.25));
#886 = CARTESIAN_POINT('', (117., 35., 29.2));
#887 = ORIENTED_EDGE('', *, *, #832, .F.);
#888 = ORIENTED_EDGE('', *, *, #789, .F.);
#889 = ORIENTED_EDGE('', *, *, #890, .T.);
#890 = EDGE_CURVE('', #790, #891, #893, .T.);
#891 = VERTEX_POINT('', #892);
#892 = CARTESIAN_POINT('', (117., 35., 0.999999999999996));
#893 = B_SPLINE_CURVE_WITH_KNOTS('', 1, (#894, #895), .UNSPECIFIED., .F., .U., (2, 2), (0.499999999999992, 1.), .UNSPECIFIED.);
#894 = CARTESIAN_POINT('', (115.5, 36.5, -0.5));
#895 = CARTESIAN_POINT('', (117., 35., 1.00000000000002));
#896 = ORIENTED_EDGE('', *, *, #897, .F.);
#897 = EDGE_CURVE('', #882, #891, #898, .T.);
#898 = B_SPLINE_CURVE_WITH_KNOTS('', 1, (#899, #900), .UNSPECIFIED., .F., .U., (2, 2), (0.129629629629628, 1.), .UNSPECIFIED.);
#899 = CARTESIAN_POINT('', (117., 35., 29.2));
#900 = CARTESIAN_POINT('', (117., 35., 0.999999999999943));
#901 = B_SPLINE_SURFACE_WITH_KNOTS('', 1, 1, ((#902, #903), (#904, #905)), .UNSPECIFIED., .F., .F., .U., (2, 2), (2, 2), (0., 262.778810348208), (0., 262.778810348208), .UNSPECIFIED.);
#902 = CARTESIAN_POINT('', (19.6862445302211, 132.313755469779, 130.70050585998));
#903 = CARTESIAN_POINT('', (205.498923279573, -53.4989232795726, 130.70050585998));
#904 = CARTESIAN_POINT('', (19.6862445302211, 132.313755469779, -132.078304488228));
#905 = CARTESIAN_POINT('', (205.498923279573, -53.4989232795726, -132.078304488228));
#906 = ADVANCED_FACE('', (#907), #931, .T.);
#907 = FACE_OUTER_BOUND('', #908, .T.);
#908 = EDGE_LOOP('', (#909, #910, #917, #924, #929, #930));
#909 = ORIENTED_EDGE('', *, *, #881, .T.);
#910 = ORIENTED_EDGE('', *, *, #911, .F.);
#911 = EDGE_CURVE('', #912, #882, #914, .T.);
#912 = VERTEX_POINT('', #913);
#913 = CARTESIAN_POINT('', (117., -0.19999999999999, 29.2));
#914 = B_SPLINE_CURVE_WITH_KNOTS('', 1, (#915, #916), .UNSPECIFIED., .F., .U., (2, 2), (0.00845070422535056, 1.), .UNSPECIFIED.);
#915 = CARTESIAN_POINT('', (117., -0.199999999999999, 29.2));
#916 = CARTESIAN_POINT('', (117., 35., 29.2));
#917 = ORIENTED_EDGE('', *, *, #918, .F.);
#918 = EDGE_CURVE('', #919, #912, #921, .T.);
#919 = VERTEX_POINT('', #920);
#920 = CARTESIAN_POINT('', (93.0000000000001, 4., 33.4));
#921 = B_SPLINE_CURVE_WITH_KNOTS('', 1, (#922, #923), .UNSPECIFIED., .F., .U., (2, 2), (0., 1.), .UNSPECIFIED.);
#922 = CARTESIAN_POINT('', (93.0000000000001, 3.99999999999999, 33.4));
#923 = CARTESIAN_POINT('', (117., -0.199999999999994, 29.2));
#924 = ORIENTED_EDGE('', *, *, #925, .F.);
#925 = EDGE_CURVE('', #853, #919, #926, .T.);
#926 = B_SPLINE_CURVE_WITH_KNOTS('', 1, (#927, #928), .UNSPECIFIED., .F., .U., (2, 2), (0., 1.), .UNSPECIFIED.);
#927 = CARTESIAN_POINT('', (93., 38.8000000000001, 33.4));
#928 = CARTESIAN_POINT('', (93., 4.00000000000006, 33.4));
#929 = ORIENTED_EDGE('', *, *, #852, .F.);
#930 = ORIENTED_EDGE('', *, *, #823, .F.);
#931 = B_SPLINE_SURFACE_WITH_KNOTS('', 1, 1, ((#932, #933), (#934, #935)), .UNSPECIFIED., .F., .F., .U., (2, 2), (2, 2), (0., 262.778810348208), (0., 262.778810348208), .UNSPECIFIED.);
#932 = CARTESIAN_POINT('', (237.533257736838, -93.6014977135731, 8.10667989605335));
#933 = CARTESIAN_POINT('', (237.533257736838, 169.177312634635, 8.10667989605335));
#934 = CARTESIAN_POINT('', (-21.3118765790774, -93.6014977135731, 53.4045784013386));
#935 = CARTESIAN_POINT('', (-21.3118765790774, 169.177312634635, 53.4045784013386));
#936 = ADVANCED_FACE('', (#937), #960, .T.);
#937 = FACE_OUTER_BOUND('', #938, .T.);
#938 = EDGE_LOOP('', (#939, #948, #953, #954, #955));
#939 = ORIENTED_EDGE('', *, *, #940, .F.);
#940 = EDGE_CURVE('', #941, #943, #945, .T.);
#941 = VERTEX_POINT('', #942);
#942 = CARTESIAN_POINT('', (-2., 12.84, 31.2));
#943 = VERTEX_POINT('', #944);
#944 = CARTESIAN_POINT('', (0.199999999999996, 17.7166666666667, 33.4));
#945 = B_SPLINE_CURVE_WITH_KNOTS('', 1, (#946, #947), .UNSPECIFIED., .F., .U., (2, 2), (0., 1.), .UNSPECIFIED.);
#946 = CARTESIAN_POINT('', (-2.00000000000017, 12.8399999999996, 31.1999999999998));
#947 = CARTESIAN_POINT('', (0.200000000000029, 17.7166666666667, 33.4));
#948 = ORIENTED_EDGE('', *, *, #949, .F.);
#949 = EDGE_CURVE('', #749, #941, #950, .T.);
#950 = B_SPLINE_CURVE_WITH_KNOTS('', 1, (#951, #952), .UNSPECIFIED., .F., .U., (2, 2), (0.198041717551298, 0.608704981681534), .UNSPECIFIED.);
#951 = CARTESIAN_POINT('', (-2., 38., 31.2));
#952 = CARTESIAN_POINT('', (-2., 12.84, 31.2));
#953 = ORIENTED_EDGE('', *, *, #776, .F.);
#954 = ORIENTED_EDGE('', *, *, #861, .F.);
#955 = ORIENTED_EDGE('', *, *, #956, .F.);
#956 = EDGE_CURVE('', #943, #862, #957, .T.);
#957 = B_SPLINE_CURVE_WITH_KNOTS('', 1, (#958, #959), .UNSPECIFIED., .F., .U., (2, 2), (0.394157088122604, 1.), .UNSPECIFIED.);
#958 = CARTESIAN_POINT('', (0.199999999999996, 17.7166666666667, 33.4));
#959 = CARTESIAN_POINT('', (0.199999999999996, 38.8, 33.4));
#960 = B_SPLINE_SURFACE_WITH_KNOTS('', 1, 1, ((#961, #962), (#963, #964)), .UNSPECIFIED., .F., .F., .U., (2, 2), (2, 2), (0., 262.778810348208), (0., 262.778810348208), .UNSPECIFIED.);
#961 = CARTESIAN_POINT('', (92.6019457500091, -91.0020908670127, 125.801945750009));
#962 = CARTESIAN_POINT('', (92.6019457500091, 171.776719481195, 125.801945750009));
#963 = CARTESIAN_POINT('', (-93.2107329993422, -91.0020908670127, -60.0107329993422));
#964 = CARTESIAN_POINT('', (-93.2107329993422, 171.776719481195, -60.0107329993422));
#965 = ADVANCED_FACE('', (#966), #995, .F.);
#966 = FACE_OUTER_BOUND('', #967, .F.);
#967 = EDGE_LOOP('', (#968, #977, #982, #983, #990));
#968 = ORIENTED_EDGE('', *, *, #969, .F.);
#969 = EDGE_CURVE('', #970, #972, #974, .T.);
#970 = VERTEX_POINT('', #971);
#971 = CARTESIAN_POINT('', (1., -2., 26.525));
#972 = VERTEX_POINT('', #973);
#973 = CARTESIAN_POINT('', (5.19999999999999, -2., 27.4));
#974 = B_SPLINE_CURVE_WITH_KNOTS('', 1, (#975, #976), .UNSPECIFIED., .F., .U., (2, 2), (0., 1.), .UNSPECIFIED.);
#975 = CARTESIAN_POINT('', (1., -2., 26.525));
#976 = CARTESIAN_POINT('', (5.20000000000005, -2., 27.4));
#977 = ORIENTED_EDGE('', *, *, #978, .F.);
#978 = EDGE_CURVE('', #714, #970, #979, .T.);
#979 = B_SPLINE_CURVE_WITH_KNOTS('', 1, (#980, #981), .UNSPECIFIED., .F., .U., (2, 2), (0., 0.968637992831546), .UNSPECIFIED.);
#980 = CARTESIAN_POINT('', (1., -2., -0.500000000000057));
#981 = CARTESIAN_POINT('', (1., -2., 26.525));
#982 = ORIENTED_EDGE('', *, *, #733, .T.);
#983 = ORIENTED_EDGE('', *, *, #984, .F.);
#984 = EDGE_CURVE('', #985, #727, #987, .T.);
#985 = VERTEX_POINT('', #986);
#986 = CARTESIAN_POINT('', (115.5, -2., 27.4));
#987 = B_SPLINE_CURVE_WITH_KNOTS('', 1, (#988, #989), .UNSPECIFIED., .F., .U., (2, 2), (0., 1.), .UNSPECIFIED.);
#988 = CARTESIAN_POINT('', (115.5, -2., 27.3999999999999));
#989 = CARTESIAN_POINT('', (115.5, -2., -0.500000000000028));
#990 = ORIENTED_EDGE('', *, *, #991, .F.);
#991 = EDGE_CURVE('', #972, #985, #992, .T.);
#992 = B_SPLINE_CURVE_WITH_KNOTS('', 1, (#993, #994), .UNSPECIFIED., .F., .U., (2, 2), (0.0605042016806722, 0.987394957983193), .UNSPECIFIED.);
#993 = CARTESIAN_POINT('', (5.19999999999999, -2., 27.4));
#994 = CARTESIAN_POINT('', (115.5, -2., 27.4));
#995 = B_SPLINE_SURFACE_WITH_KNOTS('', 1, 1, ((#996, #997), (#998, #999)), .UNSPECIFIED., .F., .F., .U., (2, 2), (2, 2), (0., 1.), (0., 1.), .UNSPECIFIED.);
#996 = CARTESIAN_POINT('', (-2., -2., 27.4));
#997 = CARTESIAN_POINT('', (117., -2., 27.4));
#998 = CARTESIAN_POINT('', (-2., -2., -0.5));
#999 = CARTESIAN_POINT('', (117., -2., -0.5));
#1000 = ADVANCED_FACE('', (#1001), #1057, .F.);
#1001 = FACE_OUTER_BOUND('', #1002, .F.);
#1002 = EDGE_LOOP('', (#1003, #1012, #1019, #1026, #1033, #1038, #1039, #1046, #1051, #1052));
#1003 = ORIENTED_EDGE('', *, *, #1004, .T.);
#1004 = EDGE_CURVE('', #1005, #1007, #1009, .T.);
#1005 = VERTEX_POINT('', #1006);
#1006 = CARTESIAN_POINT('', (75., 4., 33.4));
#1007 = VERTEX_POINT('', #1008);
#1008 = CARTESIAN_POINT('', (72.5, 1.5, 30.9));
#1009 = B_SPLINE_CURVE_WITH_KNOTS('', 1, (#1010, #1011), .UNSPECIFIED., .F., .U., (2, 2), (0., 1.), .UNSPECIFIED.);
#1010 = CARTESIAN_POINT('', (75., 4.00000000000001, 33.4));
#1011 = CARTESIAN_POINT('', (72.5, 1.50000000000001, 30.9));
#1012 = ORIENTED_EDGE('', *, *, #1013, .F.);
#1013 = EDGE_CURVE('', #1014, #1007, #1016, .T.);
#1014 = VERTEX_POINT('', #1015);
#1015 = CARTESIAN_POINT('', (47.5, 1.49999999999997, 30.9));
#1016 = B_SPLINE_CURVE_WITH_KNOTS('', 1, (#1017, #1018), .UNSPECIFIED., .F., .U., (2, 2), (0., 1.), .UNSPECIFIED.);
#1017 = CARTESIAN_POINT('', (47.5, 1.5, 30.9));
#1018 = CARTESIAN_POINT('', (72.5, 1.5, 30.9));
#1019 = ORIENTED_EDGE('', *, *, #1020, .T.);
#1020 = EDGE_CURVE('', #1014, #1021, #1023, .T.);
#1021 = VERTEX_POINT('', #1022);
#1022 = CARTESIAN_POINT('', (45., 4., 33.4));
#1023 = B_SPLINE_CURVE_WITH_KNOTS('', 1, (#1024, #1025), .UNSPECIFIED., .F., .U., (2, 2), (0., 1.), .UNSPECIFIED.);
#1024 = CARTESIAN_POINT('', (47.5, 1.49999999999998, 30.9));
#1025 = CARTESIAN_POINT('', (45., 4.00000000000001, 33.4));
#1026 = ORIENTED_EDGE('', *, *, #1027, .F.);
#1027 = EDGE_CURVE('', #1028, #1021, #1030, .T.);
#1028 = VERTEX_POINT('', #1029);
#1029 = CARTESIAN_POINT('', (23.7142857142856, 4., 33.4));
#1030 = B_SPLINE_CURVE_WITH_KNOTS('', 1, (#1031, #1032), .UNSPECIFIED., .F., .U., (2, 2), (0.216086434573829, 0.394957983193277), .UNSPECIFIED.);
#1031 = CARTESIAN_POINT('', (23.7142857142856, 4., 33.4));
#1032 = CARTESIAN_POINT('', (45., 4., 33.4));
#1033 = ORIENTED_EDGE('', *, *, #1034, .F.);
#1034 = EDGE_CURVE('', #972, #1028, #1035, .T.);
#1035 = B_SPLINE_CURVE_WITH_KNOTS('', 1, (#1036, #1037), .UNSPECIFIED., .F., .U., (2, 2), (0., 1.), .UNSPECIFIED.);
#1036 = CARTESIAN_POINT('', (5.19999999999993, -2., 27.4));
#1037 = CARTESIAN_POINT('', (23.7142857142856, 3.99999999999998, 33.4));
#1038 = ORIENTED_EDGE('', *, *, #991, .T.);
#1039 = ORIENTED_EDGE('', *, *, #1040, .F.);
#1040 = EDGE_CURVE('', #1041, #985, #1043, .T.);
#1041 = VERTEX_POINT('', #1042);
#1042 = CARTESIAN_POINT('', (117., -0.499999999999959, 28.9));
#1043 = B_SPLINE_CURVE_WITH_KNOTS('', 1, (#1044, #1045), .UNSPECIFIED., .F., .U., (2, 2), (0., 1.), .UNSPECIFIED.);
#1044 = CARTESIAN_POINT('', (117., -0.499999999999972, 28.9));
#1045 = CARTESIAN_POINT('', (115.5, -1.99999999999998, 27.4));
#1046 = ORIENTED_EDGE('', *, *, #1047, .F.);
#1047 = EDGE_CURVE('', #912, #1041, #1048, .T.);
#1048 = B_SPLINE_CURVE_WITH_KNOTS('', 1, (#1049, #1050), .UNSPECIFIED., .F., .U., (2, 2), (0.699999999999999, 0.749999999999993), .UNSPECIFIED.);
#1049 = CARTESIAN_POINT('', (117., -0.199999999999991, 29.2));
#1050 = CARTESIAN_POINT('', (117., -0.499999999999958, 28.9));
#1051 = ORIENTED_EDGE('', *, *, #918, .F.);
#1052 = ORIENTED_EDGE('', *, *, #1053, .F.);
#1053 = EDGE_CURVE('', #1005, #919, #1054, .T.);
#1054 = B_SPLINE_CURVE_WITH_KNOTS('', 1, (#1055, #1056), .UNSPECIFIED., .F., .U., (2, 2), (0.647058823529412, 0.798319327731093), .UNSPECIFIED.);
#1055 = CARTESIAN_POINT('', (75., 4., 33.4));
#1056 = CARTESIAN_POINT('', (93.0000000000001, 4., 33.4));
#1057 = B_SPLINE_SURFACE_WITH_KNOTS('', 1, 1, ((#1058, #1059), (#1060, #1061)), .UNSPECIFIED., .F., .F., .U., (2, 2), (2, 2), (0., 1.), (0., 1.), .UNSPECIFIED.);
#1058 = CARTESIAN_POINT('', (-2., 4., 33.4));
#1059 = CARTESIAN_POINT('', (117., 4., 33.4));
#1060 = CARTESIAN_POINT('', (-2., -2., 27.4));
#1061 = CARTESIAN_POINT('', (117., -2., 27.4));
#1062 = ADVANCED_FACE('', (#1063), #1094, .F.);
#1063 = FACE_OUTER_BOUND('', #1064, .F.);
#1064 = EDGE_LOOP('', (#1065, #1074, #1079, #1080, #1081, #1082, #1083, #1088, #1089));
#1065 = ORIENTED_EDGE('', *, *, #1066, .T.);
#1066 = EDGE_CURVE('', #1067, #1069, #1071, .T.);
#1067 = VERTEX_POINT('', #1068);
#1068 = CARTESIAN_POINT('', (45., 20.9, 33.4));
#1069 = VERTEX_POINT('', #1070);
#1070 = CARTESIAN_POINT('', (75., 20.9, 33.4));
#1071 = B_SPLINE_CURVE_WITH_KNOTS('', 1, (#1072, #1073), .UNSPECIFIED., .F., .U., (2, 2), (0.142857142857143, 0.857142857142856), .UNSPECIFIED.);
#1072 = CARTESIAN_POINT('', (45., 20.9, 33.4));
#1073 = CARTESIAN_POINT('', (75., 20.9, 33.4));
#1074 = ORIENTED_EDGE('', *, *, #1075, .T.);
#1075 = EDGE_CURVE('', #1069, #1005, #1076, .T.);
#1076 = B_SPLINE_CURVE_WITH_KNOTS('', 1, (#1077, #1078), .UNSPECIFIED., .F., .U., (2, 2), (0.262008733624454, 1.), .UNSPECIFIED.);
#1077 = CARTESIAN_POINT('', (75., 20.9, 33.4));
#1078 = CARTESIAN_POINT('', (75., 4.00000000000003, 33.4));
#1079 = ORIENTED_EDGE('', *, *, #1053, .T.);
#1080 = ORIENTED_EDGE('', *, *, #925, .F.);
#1081 = ORIENTED_EDGE('', *, *, #868, .F.);
#1082 = ORIENTED_EDGE('', *, *, #956, .F.);
#1083 = ORIENTED_EDGE('', *, *, #1084, .F.);
#1084 = EDGE_CURVE('', #1028, #943, #1085, .T.);
#1085 = B_SPLINE_CURVE_WITH_KNOTS('', 1, (#1086, #1087), .UNSPECIFIED., .F., .U., (2, 2), (0., 1.), .UNSPECIFIED.);
#1086 = CARTESIAN_POINT('', (23.7142857142856, 4.00000000000003, 33.4));
#1087 = CARTESIAN_POINT('', (0.200000000000049, 17.7166666666666, 33.4));
#1088 = ORIENTED_EDGE('', *, *, #1027, .T.);
#1089 = ORIENTED_EDGE('', *, *, #1090, .T.);
#1090 = EDGE_CURVE('', #1021, #1067, #1091, .T.);
#1091 = B_SPLINE_CURVE_WITH_KNOTS('', 1, (#1092, #1093), .UNSPECIFIED., .F., .U., (2, 2), (0., 0.737991266375545), .UNSPECIFIED.);
#1092 = CARTESIAN_POINT('', (45., 4.00000000000003, 33.4));
#1093 = CARTESIAN_POINT('', (45., 20.9, 33.4));
#1094 = B_SPLINE_SURFACE_WITH_KNOTS('', 1, 1, ((#1095, #1096), (#1097, #1098)), .UNSPECIFIED., .F., .F., .U., (2, 2), (2, 2), (0., 1.), (0., 1.), .UNSPECIFIED.);
#1095 = CARTESIAN_POINT('', (-2., 38.8, 33.4));
#1096 = CARTESIAN_POINT('', (117., 38.8, 33.4));
#1097 = CARTESIAN_POINT('', (-2., 4., 33.4));
#1098 = CARTESIAN_POINT('', (117., 4., 33.4));
#1099 = ADVANCED_FACE('', (#1100), #1118, .T.);
#1100 = FACE_OUTER_BOUND('', #1101, .T.);
#1101 = EDGE_LOOP('', (#1102, #1103, #1104, #1105, #1112, #1117));
#1102 = ORIENTED_EDGE('', *, *, #1084, .F.);
#1103 = ORIENTED_EDGE('', *, *, #1034, .F.);
#1104 = ORIENTED_EDGE('', *, *, #969, .F.);
#1105 = ORIENTED_EDGE('', *, *, #1106, .T.);
#1106 = EDGE_CURVE('', #970, #1107, #1109, .T.);
#1107 = VERTEX_POINT('', #1108);
#1108 = CARTESIAN_POINT('', (-2., 1., 26.9714285714286));
#1109 = B_SPLINE_CURVE_WITH_KNOTS('', 1, (#1110, #1111), .UNSPECIFIED., .F., .U., (2, 2), (0., 1.), .UNSPECIFIED.);
#1110 = CARTESIAN_POINT('', (1.00000000000006, -2.00000000000006, 26.525));
#1111 = CARTESIAN_POINT('', (-2.00000000000014, 1.00000000000014, 26.9714285714286));
#1112 = ORIENTED_EDGE('', *, *, #1113, .F.);
#1113 = EDGE_CURVE('', #941, #1107, #1114, .T.);
#1114 = B_SPLINE_CURVE_WITH_KNOTS('', 1, (#1115, #1116), .UNSPECIFIED., .F., .U., (2, 2), (0., 1.), .UNSPECIFIED.);
#1115 = CARTESIAN_POINT('', (-2., 12.8399999999999, 31.2));
#1116 = CARTESIAN_POINT('', (-2., 0.999999999999945, 26.9714285714286));
#1117 = ORIENTED_EDGE('', *, *, #940, .T.);
#1118 = B_SPLINE_SURFACE_WITH_KNOTS('', 1, 1, ((#1119, #1120), (#1121, #1122)), .UNSPECIFIED., .F., .F., .U., (2, 2), (2, 2), (0., 262.778810348208), (0., 262.778810348208), .UNSPECIFIED.);
#1119 = CARTESIAN_POINT('', (138.744939498475, -129.974061953982, 9.51684026909351));
#1120 = CARTESIAN_POINT('', (138.744939498475, 117.495757229957, 97.8989185490716));
#1121 = CARTESIAN_POINT('', (-119.117782942928, -112.95823373858, -38.1274787340314));
#1122 = CARTESIAN_POINT('', (-119.117782942928, 134.511585445359, 50.2545995459467));
#1123 = ADVANCED_FACE('', (#1124), #1141, .T.);
#1124 = FACE_OUTER_BOUND('', #1125, .T.);
#1125 = EDGE_LOOP('', (#1126, #1127, #1132, #1133, #1134, #1135, #1140));
#1126 = ORIENTED_EDGE('', *, *, #426, .F.);
#1127 = ORIENTED_EDGE('', *, *, #1128, .F.);
#1128 = EDGE_CURVE('', #712, #385, #1129, .T.);
#1129 = B_SPLINE_CURVE_WITH_KNOTS('', 1, (#1130, #1131), .UNSPECIFIED., .F., .U., (2, 2), (0.249999999999996, 0.66666666666665), .UNSPECIFIED.);
#1130 = CARTESIAN_POINT('', (0.249999999999993, -1.24999999999999, -1.24999999999999));
#1131 = CARTESIAN_POINT('', (-1., 0., 0.));
#1132 = ORIENTED_EDGE('', *, *, #720, .F.);
#1133 = ORIENTED_EDGE('', *, *, #691, .F.);
#1134 = ORIENTED_EDGE('', *, *, #804, .F.);
#1135 = ORIENTED_EDGE('', *, *, #1136, .F.);
#1136 = EDGE_CURVE('', #566, #747, #1137, .T.);
#1137 = B_SPLINE_CURVE_WITH_KNOTS('', 1, (#1138, #1139), .UNSPECIFIED., .F., .U., (2, 2), (0.595986440930232, 0.930232558139535), .UNSPECIFIED.);
#1138 = CARTESIAN_POINT('', (-2., 23.62741696, 1.));
#1139 = CARTESIAN_POINT('', (-2., 38., 1.));
#1140 = ORIENTED_EDGE('', *, *, #572, .F.);
#1141 = B_SPLINE_SURFACE_WITH_KNOTS('', 1, 1, ((#1142, #1143), (#1144, #1145)), .UNSPECIFIED., .F., .F., .U., (2, 2), (2, 2), (0., 262.778810348208), (0., 262.778810348208), .UNSPECIFIED.);
#1142 = CARTESIAN_POINT('', (-92.5941528006791, -91.2248888862884, 91.5941528006791));
#1143 = CARTESIAN_POINT('', (-92.5941528006791, 171.553921461919, 91.5941528006791));
#1144 = CARTESIAN_POINT('', (93.2185259486723, -91.2248888862884, -94.2185259486723));
#1145 = CARTESIAN_POINT('', (93.2185259486723, 171.553921461919, -94.2185259486723));
#1146 = ADVANCED_FACE('', (#1147), #1160, .T.);
#1147 = FACE_OUTER_BOUND('', #1148, .T.);
#1148 = EDGE_LOOP('', (#1149, #1150, #1151, #1156, #1157, #1158, #1159));
#1149 = ORIENTED_EDGE('', *, *, #382, .F.);
#1150 = ORIENTED_EDGE('', *, *, #468, .F.);
#1151 = ORIENTED_EDGE('', *, *, #1152, .F.);
#1152 = EDGE_CURVE('', #1107, #440, #1153, .T.);
#1153 = B_SPLINE_CURVE_WITH_KNOTS('', 1, (#1154, #1155), .UNSPECIFIED., .F., .U., (2, 2), (0.140018921475876, 0.250747782781459), .UNSPECIFIED.);
#1154 = CARTESIAN_POINT('', (-2., 1., 26.9714285714286));
#1155 = CARTESIAN_POINT('', (-2., 1., 23.62741696));
#1156 = ORIENTED_EDGE('', *, *, #1106, .F.);
#1157 = ORIENTED_EDGE('', *, *, #978, .F.);
#1158 = ORIENTED_EDGE('', *, *, #711, .F.);
#1159 = ORIENTED_EDGE('', *, *, #1128, .T.);
#1160 = B_SPLINE_SURFACE_WITH_KNOTS('', 1, 1, ((#1161, #1162), (#1163, #1164)), .UNSPECIFIED., .F., .F., .U., (2, 2), (2, 2), (0., 262.778810348208), (0., 262.778810348208), .UNSPECIFIED.);
#1161 = CARTESIAN_POINT('', (93.110052113583, -94.110052113583, 130.044949887415));
#1162 = CARTESIAN_POINT('', (-92.7026266357684, 91.7026266357684, 130.044949887415));
#1163 = CARTESIAN_POINT('', (93.110052113583, -94.110052113583, -132.733860460793));
#1164 = CARTESIAN_POINT('', (-92.7026266357684, 91.7026266357684, -132.733860460793));
#1165 = ADVANCED_FACE('', (#1166), #1178, .F.);
#1166 = FACE_OUTER_BOUND('', #1167, .F.);
#1167 = EDGE_LOOP('', (#1168, #1169, #1170, #1171, #1172, #1173, #1174, #1175, #1176, #1177));
#1168 = ORIENTED_EDGE('', *, *, #509, .F.);
#1169 = ORIENTED_EDGE('', *, *, #481, .F.);
#1170 = ORIENTED_EDGE('', *, *, #439, .F.);
#1171 = ORIENTED_EDGE('', *, *, #1152, .F.);
#1172 = ORIENTED_EDGE('', *, *, #1113, .F.);
#1173 = ORIENTED_EDGE('', *, *, #949, .F.);
#1174 = ORIENTED_EDGE('', *, *, #746, .F.);
#1175 = ORIENTED_EDGE('', *, *, #1136, .F.);
#1176 = ORIENTED_EDGE('', *, *, #565, .F.);
#1177 = ORIENTED_EDGE('', *, *, #537, .F.);
#1178 = B_SPLINE_SURFACE_WITH_KNOTS('', 1, 1, ((#1179, #1180), (#1181, #1182)), .UNSPECIFIED., .F., .F., .U., (2, 2), (2, 2), (0., 1.), (0., 1.), .UNSPECIFIED.);
#1179 = CARTESIAN_POINT('', (-2., -11.1333706927592, -14.9333706927592));
#1180 = CARTESIAN_POINT('', (-2., 50.1333706927592, -14.9333706927592));
#1181 = CARTESIAN_POINT('', (-2., -11.1333706927592, 46.3333706927592));
#1182 = CARTESIAN_POINT('', (-2., 50.1333706927592, 46.3333706927592));
#1183 = ADVANCED_FACE('', (#1184), #1200, .T.);
#1184 = FACE_OUTER_BOUND('', #1185, .T.);
#1185 = EDGE_LOOP('', (#1186, #1187, #1192, #1193, #1194, #1199));
#1186 = ORIENTED_EDGE('', *, *, #105, .F.);
#1187 = ORIENTED_EDGE('', *, *, #1188, .T.);
#1188 = EDGE_CURVE('', #61, #727, #1189, .T.);
#1189 = B_SPLINE_CURVE_WITH_KNOTS('', 1, (#1190, #1191), .UNSPECIFIED., .F., .U., (2, 2), (0.666666666666654, 1.), .UNSPECIFIED.);
#1190 = CARTESIAN_POINT('', (116., -1.49999999999997, -2.77555756156289E-14));
#1191 = CARTESIAN_POINT('', (115.5, -2.00000000000006, -0.500000000000114));
#1192 = ORIENTED_EDGE('', *, *, #984, .F.);
#1193 = ORIENTED_EDGE('', *, *, #1040, .F.);
#1194 = ORIENTED_EDGE('', *, *, #1195, .F.);
#1195 = EDGE_CURVE('', #258, #1041, #1196, .T.);
#1196 = B_SPLINE_CURVE_WITH_KNOTS('', 1, (#1197, #1198), .UNSPECIFIED., .F., .U., (2, 2), (0.603848655244965, 0.861111111111111), .UNSPECIFIED.);
#1197 = CARTESIAN_POINT('', (117., -0.499999999999959, 20.5646964299369));
#1198 = CARTESIAN_POINT('', (117., -0.499999999999959, 28.9));
#1199 = ORIENTED_EDGE('', *, *, #265, .F.);
#1200 = B_SPLINE_SURFACE_WITH_KNOTS('', 1, 1, ((#1201, #1202), (#1203, #1204)), .UNSPECIFIED., .F., .F., .U., (2, 2), (2, 2), (0., 262.778810348208), (0., 262.778810348208), .UNSPECIFIED.);
#1201 = CARTESIAN_POINT('', (208.804478313866, 91.3044783138663, 129.717171901133));
#1202 = CARTESIAN_POINT('', (22.9917995645149, -94.5082004354851, 129.717171901133));
#1203 = CARTESIAN_POINT('', (208.804478313866, 91.3044783138663, -133.061638447075));
#1204 = CARTESIAN_POINT('', (22.9917995645149, -94.5082004354851, -133.061638447075));
#1205 = ADVANCED_FACE('', (#1206), #1220, .T.);
#1206 = FACE_OUTER_BOUND('', #1207, .T.);
#1207 = EDGE_LOOP('', (#1208, #1209, #1210, #1215, #1216, #1217, #1218, #1219));
#1208 = ORIENTED_EDGE('', *, *, #58, .F.);
#1209 = ORIENTED_EDGE('', *, *, #149, .T.);
#1210 = ORIENTED_EDGE('', *, *, #1211, .F.);
#1211 = EDGE_CURVE('', #891, #119, #1212, .T.);
#1212 = B_SPLINE_CURVE_WITH_KNOTS('', 1, (#1213, #1214), .UNSPECIFIED., .F., .U., (2, 2), (0.247007925515951, 0.395991554204819), .UNSPECIFIED.);
#1213 = CARTESIAN_POINT('', (117., 35., 0.999999999999996));
#1214 = CARTESIAN_POINT('', (117., 25.8722585504431, 1.));
#1215 = ORIENTED_EDGE('', *, *, #890, .F.);
#1216 = ORIENTED_EDGE('', *, *, #798, .F.);
#1217 = ORIENTED_EDGE('', *, *, #675, .F.);
#1218 = ORIENTED_EDGE('', *, *, #726, .F.);
#1219 = ORIENTED_EDGE('', *, *, #1188, .F.);
#1220 = B_SPLINE_SURFACE_WITH_KNOTS('', 1, 1, ((#1221, #1222), (#1223, #1224)), .UNSPECIFIED., .F., .F., .U., (2, 2), (2, 2), (0., 262.778810348208), (0., 262.778810348208), .UNSPECIFIED.);
#1221 = CARTESIAN_POINT('', (207.594152800679, 171.553921461919, 91.594152800679));
#1222 = CARTESIAN_POINT('', (207.594152800679, -91.2248888862884, 91.594152800679));
#1223 = CARTESIAN_POINT('', (21.7814740513277, 171.553921461919, -94.2185259486723));
#1224 = CARTESIAN_POINT('', (21.7814740513277, -91.2248888862884, -94.2185259486723));
#1225 = ADVANCED_FACE('', (#1226), #1238, .F.);
#1226 = FACE_OUTER_BOUND('', #1227, .F.);
#1227 = EDGE_LOOP('', (#1228, #1229, #1230, #1231, #1232, #1233, #1234, #1235, #1236, #1237));
#1228 = ORIENTED_EDGE('', *, *, #257, .F.);
#1229 = ORIENTED_EDGE('', *, *, #229, .F.);
#1230 = ORIENTED_EDGE('', *, *, #197, .F.);
#1231 = ORIENTED_EDGE('', *, *, #169, .F.);
#1232 = ORIENTED_EDGE('', *, *, #118, .F.);
#1233 = ORIENTED_EDGE('', *, *, #1211, .F.);
#1234 = ORIENTED_EDGE('', *, *, #897, .F.);
#1235 = ORIENTED_EDGE('', *, *, #911, .F.);
#1236 = ORIENTED_EDGE('', *, *, #1047, .T.);
#1237 = ORIENTED_EDGE('', *, *, #1195, .F.);
#1238 = B_SPLINE_SURFACE_WITH_KNOTS('', 1, 1, ((#1239, #1240), (#1241, #1242)), .UNSPECIFIED., .F., .F., .U., (2, 2), (2, 2), (0., 1.), (0., 1.), .UNSPECIFIED.);
#1239 = CARTESIAN_POINT('', (117., -11.1333706927592, -14.9333706927592));
#1240 = CARTESIAN_POINT('', (117., -11.1333706927592, 46.3333706927592));
#1241 = CARTESIAN_POINT('', (117., 50.1333706927592, -14.9333706927592));
#1242 = CARTESIAN_POINT('', (117., 50.1333706927592, 46.3333706927592));
#1243 = ADVANCED_FACE('', (#1244), #1260, .F.);
#1244 = FACE_OUTER_BOUND('', #1245, .F.);
#1245 = EDGE_LOOP('', (#1246, #1247, #1248, #1255));
#1246 = ORIENTED_EDGE('', *, *, #1090, .F.);
#1247 = ORIENTED_EDGE('', *, *, #1020, .F.);
#1248 = ORIENTED_EDGE('', *, *, #1249, .F.);
#1249 = EDGE_CURVE('', #1250, #1014, #1252, .T.);
#1250 = VERTEX_POINT('', #1251);
#1251 = CARTESIAN_POINT('', (47.5, 18.4, 30.9));
#1252 = B_SPLINE_CURVE_WITH_KNOTS('', 1, (#1253, #1254), .UNSPECIFIED., .F., .U., (2, 2), (0.24355437015652, 0.460794026515158), .UNSPECIFIED.);
#1253 = CARTESIAN_POINT('', (47.5, 18.4, 30.9));
#1254 = CARTESIAN_POINT('', (47.5, 1.49999999999997, 30.9));
#1255 = ORIENTED_EDGE('', *, *, #1256, .F.);
#1256 = EDGE_CURVE('', #1067, #1250, #1257, .T.);
#1257 = B_SPLINE_CURVE_WITH_KNOTS('', 1, (#1258, #1259), .UNSPECIFIED., .F., .U., (2, 2), (0.70588235294118, 1.), .UNSPECIFIED.);
#1258 = CARTESIAN_POINT('', (45., 20.9, 33.4));
#1259 = CARTESIAN_POINT('', (47.5, 18.4, 30.9));
#1260 = B_SPLINE_SURFACE_WITH_KNOTS('', 1, 1, ((#1261, #1262), (#1263, #1264)), .UNSPECIFIED., .F., .F., .U., (2, 2), (2, 2), (0., 143.636609706645), (0., 143.636609706645), .UNSPECIFIED.);
#1261 = CARTESIAN_POINT('', (-5.23274421065391, -53.7926317533934, 83.6327442106539));
#1262 = CARTESIAN_POINT('', (-5.23274421065391, 89.8439779532521, 83.6327442106539));
#1263 = CARTESIAN_POINT('', (96.3336765395606, -53.7926317533934, -17.9336765395606));
#1264 = CARTESIAN_POINT('', (96.3336765395606, 89.8439779532521, -17.9336765395606));
#1265 = ADVANCED_FACE('', (#1266), #1282, .F.);
#1266 = FACE_OUTER_BOUND('', #1267, .F.);
#1267 = EDGE_LOOP('', (#1268, #1269, #1270, #1277));
#1268 = ORIENTED_EDGE('', *, *, #1066, .F.);
#1269 = ORIENTED_EDGE('', *, *, #1256, .T.);
#1270 = ORIENTED_EDGE('', *, *, #1271, .F.);
#1271 = EDGE_CURVE('', #1272, #1250, #1274, .T.);
#1272 = VERTEX_POINT('', #1273);
#1273 = CARTESIAN_POINT('', (72.5, 18.4, 30.9));
#1274 = B_SPLINE_CURVE_WITH_KNOTS('', 1, (#1275, #1276), .UNSPECIFIED., .F., .U., (2, 2), (0., 1.), .UNSPECIFIED.);
#1275 = CARTESIAN_POINT('', (72.5, 18.4, 30.9));
#1276 = CARTESIAN_POINT('', (47.5, 18.4, 30.9));
#1277 = ORIENTED_EDGE('', *, *, #1278, .T.);
#1278 = EDGE_CURVE('', #1272, #1069, #1279, .T.);
#1279 = B_SPLINE_CURVE_WITH_KNOTS('', 1, (#1280, #1281), .UNSPECIFIED., .F., .U., (2, 2), (0., 0.294117647058822), .UNSPECIFIED.);
#1280 = CARTESIAN_POINT('', (72.5, 18.4, 30.9));
#1281 = CARTESIAN_POINT('', (75., 20.9, 33.4));
#1282 = B_SPLINE_SURFACE_WITH_KNOTS('', 1, 1, ((#1283, #1284), (#1285, #1286)), .UNSPECIFIED., .F., .F., .U., (2, 2), (2, 2), (0., 143.636609706646), (0., 143.636609706646), .UNSPECIFIED.);
#1283 = CARTESIAN_POINT('', (4.03759975082174, 70.7141805411359, 83.2141805411359));
#1284 = CARTESIAN_POINT('', (147.674209457467, 70.7141805411359, 83.2141805411359));
#1285 = CARTESIAN_POINT('', (4.03759975082174, -30.8522402090787, -18.3522402090787));
#1286 = CARTESIAN_POINT('', (147.674209457467, -30.8522402090787, -18.3522402090787));
#1287 = ADVANCED_FACE('', (#1288), #1298, .F.);
#1288 = FACE_OUTER_BOUND('', #1289, .F.);
#1289 = EDGE_LOOP('', (#1290, #1291, #1292, #1297));
#1290 = ORIENTED_EDGE('', *, *, #1075, .F.);
#1291 = ORIENTED_EDGE('', *, *, #1278, .F.);
#1292 = ORIENTED_EDGE('', *, *, #1293, .F.);
#1293 = EDGE_CURVE('', #1007, #1272, #1294, .T.);
#1294 = B_SPLINE_CURVE_WITH_KNOTS('', 1, (#1295, #1296), .UNSPECIFIED., .F., .U., (2, 2), (0.553602811950791, 0.850615114235501), .UNSPECIFIED.);
#1295 = CARTESIAN_POINT('', (72.5, 1.5, 30.9));
#1296 = CARTESIAN_POINT('', (72.5, 18.4, 30.9));
#1297 = ORIENTED_EDGE('', *, *, #1004, .F.);
#1298 = B_SPLINE_SURFACE_WITH_KNOTS('', 1, 1, ((#1299, #1300), (#1301, #1302)), .UNSPECIFIED., .F., .F., .U., (2, 2), (2, 2), (0., 143.636609706646), (0., 143.636609706646), .UNSPECIFIED.);
#1299 = CARTESIAN_POINT('', (125.232744210654, 89.8439779532522, 83.6327442106539));
#1300 = CARTESIAN_POINT('', (125.232744210654, -53.7926317533934, 83.6327442106539));
#1301 = CARTESIAN_POINT('', (23.6663234604394, 89.8439779532522, -17.9336765395606));
#1302 = CARTESIAN_POINT('', (23.6663234604394, -53.7926317533934, -17.9336765395606));
#1303 = ADVANCED_FACE('', (#1304), #1310, .T.);
#1304 = FACE_OUTER_BOUND('', #1305, .T.);
#1305 = EDGE_LOOP('', (#1306, #1307, #1308, #1309));
#1306 = ORIENTED_EDGE('', *, *, #1013, .F.);
#1307 = ORIENTED_EDGE('', *, *, #1249, .F.);
#1308 = ORIENTED_EDGE('', *, *, #1271, .F.);
#1309 = ORIENTED_EDGE('', *, *, #1293, .F.);
#1310 = B_SPLINE_SURFACE_WITH_KNOTS('', 1, 1, ((#1311, #1312), (#1313, #1314)), .UNSPECIFIED., .F., .F., .U., (2, 2), (2, 2), (0., 1.), (0., 1.), .UNSPECIFIED.);
#1311 = CARTESIAN_POINT('', (98.8971338918435, -40.4471338918435, 30.9));
#1312 = CARTESIAN_POINT('', (98.8971338918435, 37.3471338918435, 30.9));
#1313 = CARTESIAN_POINT('', (21.1028661081565, -40.4471338918435, 30.9));
#1314 = CARTESIAN_POINT('', (21.1028661081565, 37.3471338918435, 30.9));
#1315 = CLOSED_SHELL('', (#1316, #1373, #1408, #1478, #1506, #1528, #1550, #1566, #1605, #1635, #1670, #1687, #1724, #1746, #1775, #1798, #1834, #1861, #1878, #1891, #1915, #1932, #1950));
#1316 = ADVANCED_FACE('', (#1317), #1368, .T.);
#1317 = FACE_OUTER_BOUND('', #1318, .T.);
#1318 = EDGE_LOOP('', (#1319, #1328, #1335, #1342, #1349, #1356, #1363));
#1319 = ORIENTED_EDGE('', *, *, #1320, .F.);
#1320 = EDGE_CURVE('', #1321, #1323, #1325, .T.);
#1321 = VERTEX_POINT('', #1322);
#1322 = CARTESIAN_POINT('', (114.085786430508, 35.08578644, 0.914213559999988));
#1323 = VERTEX_POINT('', #1324);
#1324 = CARTESIAN_POINT('', (115., 34.1715728705076, 1.8284271294924));
#1325 = B_SPLINE_CURVE_WITH_KNOTS('', 1, (#1326, #1327), .UNSPECIFIED., .F., .U., (2, 2), (0.500000000000018, 1.), .UNSPECIFIED.);
#1326 = CARTESIAN_POINT('', (114.085786430508, 35.08578644, 0.914213560000021));
#1327 = CARTESIAN_POINT('', (115., 34.1715728705077, 1.82842712949234));
#1328 = ORIENTED_EDGE('', *, *, #1329, .F.);
#1329 = EDGE_CURVE('', #1330, #1321, #1332, .T.);
#1330 = VERTEX_POINT('', #1331);
#1331 = CARTESIAN_POINT('', (113.171572870508, 34.17157288, 0.));
#1332 = B_SPLINE_CURVE_WITH_KNOTS('', 1, (#1333, #1334), .UNSPECIFIED., .F., .U., (2, 2), (0., 0.499999997404221), .UNSPECIFIED.);
#1333 = CARTESIAN_POINT('', (113.171572870508, 34.17157288, 0.));
#1334 = CARTESIAN_POINT('', (114.085786430508, 35.08578644, 0.914213559999988));
#1335 = ORIENTED_EDGE('', *, *, #1336, .F.);
#1336 = EDGE_CURVE('', #1337, #1330, #1339, .T.);
#1337 = VERTEX_POINT('', #1338);
#1338 = CARTESIAN_POINT('', (113.171572870508, 0.32842712, 0.));
#1339 = B_SPLINE_CURVE_WITH_KNOTS('', 1, (#1340, #1341), .UNSPECIFIED., .F., .U., (2, 2), (0., 1.), .UNSPECIFIED.);
#1340 = CARTESIAN_POINT('', (113.171572870508, 0.328427120000043, 0.));
#1341 = CARTESIAN_POINT('', (113.171572870508, 34.17157288, 0.));
#1342 = ORIENTED_EDGE('', *, *, #1343, .F.);
#1343 = EDGE_CURVE('', #1344, #1337, #1346, .T.);
#1344 = VERTEX_POINT('', #1345);
#1345 = CARTESIAN_POINT('', (113.499999990508, 0., 0.32842712));
#1346 = B_SPLINE_CURVE_WITH_KNOTS('', 1, (#1347, #1348), .UNSPECIFIED., .F., .U., (2, 2), (0., 1.), .UNSPECIFIED.);
#1347 = CARTESIAN_POINT('', (113.499999990508, 0., 0.328427119999986));
#1348 = CARTESIAN_POINT('', (113.171572870508, 0.328427120000005, -1.89848137210902E-14));
#1349 = ORIENTED_EDGE('', *, *, #1350, .F.);
#1350 = EDGE_CURVE('', #1351, #1344, #1353, .T.);
#1351 = VERTEX_POINT('', #1352);
#1352 = CARTESIAN_POINT('', (114.671572870508, 0., 1.50000000000004));
#1353 = B_SPLINE_CURVE_WITH_KNOTS('', 1, (#1354, #1355), .UNSPECIFIED., .F., .U., (2, 2), (0.218951418276015, 1.), .UNSPECIFIED.);
#1354 = CARTESIAN_POINT('', (114.671572870508, 0., 1.50000000000004));
#1355 = CARTESIAN_POINT('', (113.499999990508, 0., 0.328427120000008));
#1356 = ORIENTED_EDGE('', *, *, #1357, .F.);
#1357 = EDGE_CURVE('', #1358, #1351, #1360, .T.);
#1358 = VERTEX_POINT('', #1359);
#1359 = CARTESIAN_POINT('', (115., 0.328427129492383, 1.82842712949239));
#1360 = B_SPLINE_CURVE_WITH_KNOTS('', 1, (#1361, #1362), .UNSPECIFIED., .F., .U., (2, 2), (0., 1.), .UNSPECIFIED.);
#1361 = CARTESIAN_POINT('', (115., 0.328427129492383, 1.82842712949241));
#1362 = CARTESIAN_POINT('', (114.671572870508, -2.84772205816353E-14, 1.5));
#1363 = ORIENTED_EDGE('', *, *, #1364, .F.);
#1364 = EDGE_CURVE('', #1323, #1358, #1365, .T.);
#1365 = B_SPLINE_CURVE_WITH_KNOTS('', 1, (#1366, #1367), .UNSPECIFIED., .F., .U., (2, 2), (0.233614680268206, 0.848089847894738), .UNSPECIFIED.);
#1366 = CARTESIAN_POINT('', (115., 34.1715728705076, 1.8284271294924));
#1367 = CARTESIAN_POINT('', (115., 0.328427129492383, 1.82842712949239));
#1368 = B_SPLINE_SURFACE_WITH_KNOTS('', 1, 1, ((#1369, #1370), (#1371, #1372)), .UNSPECIFIED., .F., .F., .U., (2, 2), (2, 2), (0., 250.854338872145), (0., 250.854338872145), .UNSPECIFIED.);
#1369 = CARTESIAN_POINT('', (202.254126437662, 163.940097558687, 89.082553567154));
#1370 = CARTESIAN_POINT('', (202.254126437662, -86.9142413134578, 89.082553567154));
#1371 = CARTESIAN_POINT('', (24.8733223310998, 163.940097558687, -88.2982505394078));
#1372 = CARTESIAN_POINT('', (24.8733223310998, -86.9142413134578, -88.2982505394078));
#1373 = ADVANCED_FACE('', (#1374), #1403, .F.);
#1374 = FACE_OUTER_BOUND('', #1375, .F.);
#1375 = EDGE_LOOP('', (#1376, #1385, #1392, #1397, #1398));
#1376 = ORIENTED_EDGE('', *, *, #1377, .F.);
#1377 = EDGE_CURVE('', #1378, #1380, #1382, .T.);
#1378 = VERTEX_POINT('', #1379);
#1379 = CARTESIAN_POINT('', (115., 0.948033069575307, 27.5196059495753));
#1380 = VERTEX_POINT('', #1381);
#1381 = CARTESIAN_POINT('', (115., 34.1715728705076, 27.5196059495753));
#1382 = B_SPLINE_CURVE_WITH_KNOTS('', 1, (#1383, #1384), .UNSPECIFIED., .F., .U., (2, 2), (0.0183081662923563, 1.), .UNSPECIFIED.);
#1383 = CARTESIAN_POINT('', (115., 0.94803306957531, 27.5196059495753));
#1384 = CARTESIAN_POINT('', (115., 34.1715728705076, 27.5196059495753));
#1385 = ORIENTED_EDGE('', *, *, #1386, .T.);
#1386 = EDGE_CURVE('', #1378, #1387, #1389, .T.);
#1387 = VERTEX_POINT('', #1388);
#1388 = CARTESIAN_POINT('', (115., 0.328427129492371, 26.9000000094924));
#1389 = B_SPLINE_CURVE_WITH_KNOTS('', 1, (#1390, #1391), .UNSPECIFIED., .F., .U., (2, 2), (0.803655922308856, 0.931980514289637), .UNSPECIFIED.);
#1390 = CARTESIAN_POINT('', (115., 0.948033069575307, 27.5196059495753));
#1391 = CARTESIAN_POINT('', (115., 0.32842712949237, 26.9000000094924));
#1392 = ORIENTED_EDGE('', *, *, #1393, .F.);
#1393 = EDGE_CURVE('', #1358, #1387, #1394, .T.);
#1394 = B_SPLINE_CURVE_WITH_KNOTS('', 1, (#1395, #1396), .UNSPECIFIED., .F., .U., (2, 2), (0., 0.847826829833743), .UNSPECIFIED.);
#1395 = CARTESIAN_POINT('', (115., 0.328427129492373, 1.82842712949235));
#1396 = CARTESIAN_POINT('', (115., 0.328427129492373, 26.9000000094924));
#1397 = ORIENTED_EDGE('', *, *, #1364, .F.);
#1398 = ORIENTED_EDGE('', *, *, #1399, .F.);
#1399 = EDGE_CURVE('', #1380, #1323, #1400, .T.);
#1400 = B_SPLINE_CURVE_WITH_KNOTS('', 1, (#1401, #1402), .UNSPECIFIED., .F., .U., (2, 2), (0.131220414531777, 1.), .UNSPECIFIED.);
#1401 = CARTESIAN_POINT('', (115., 34.1715728705076, 27.5196059495753));
#1402 = CARTESIAN_POINT('', (115., 34.1715728705076, 1.82842712949235));
#1403 = B_SPLINE_SURFACE_WITH_KNOTS('', 1, 1, ((#1404, #1405), (#1406, #1407)), .UNSPECIFIED., .F., .F., .U., (2, 2), (2, 2), (0., 1.), (0., 1.), .UNSPECIFIED.);
#1404 = CARTESIAN_POINT('', (115., -8.03825339414249, -11.8382533941425));
#1405 = CARTESIAN_POINT('', (115., -8.03825339414249, 43.2382533941425));
#1406 = CARTESIAN_POINT('', (115., 47.0382533941425, -11.8382533941425));
#1407 = CARTESIAN_POINT('', (115., 47.0382533941425, 43.2382533941425));
#1408 = ADVANCED_FACE('', (#1409), #1473, .F.);
#1409 = FACE_OUTER_BOUND('', #1410, .F.);
#1410 = EDGE_LOOP('', (#1411, #1420, #1427, #1434, #1441, #1448, #1455, #1460, #1461, #1468));
#1411 = ORIENTED_EDGE('', *, *, #1412, .T.);
#1412 = EDGE_CURVE('', #1413, #1415, #1417, .T.);
#1413 = VERTEX_POINT('', #1414);
#1414 = CARTESIAN_POINT('', (75.8284271294924, 4.82842712, 31.4));
#1415 = VERTEX_POINT('', #1416);
#1416 = CARTESIAN_POINT('', (73.3284271294924, 2.32842712, 28.9));
#1417 = B_SPLINE_CURVE_WITH_KNOTS('', 1, (#1418, #1419), .UNSPECIFIED., .F., .U., (2, 2), (0., 1.), .UNSPECIFIED.);
#1418 = CARTESIAN_POINT('', (75.8284271294924, 4.82842712000001, 31.4));
#1419 = CARTESIAN_POINT('', (73.3284271294923, 2.32842711999996, 28.8999999999999));
#1420 = ORIENTED_EDGE('', *, *, #1421, .F.);
#1421 = EDGE_CURVE('', #1422, #1415, #1424, .T.);
#1422 = VERTEX_POINT('', #1423);
#1423 = CARTESIAN_POINT('', (46.6715728705076, 2.32842712, 28.9));
#1424 = B_SPLINE_CURVE_WITH_KNOTS('', 1, (#1425, #1426), .UNSPECIFIED., .F., .U., (2, 2), (0., 1.), .UNSPECIFIED.);
#1425 = CARTESIAN_POINT('', (46.6715728705075, 2.32842712, 28.9));
#1426 = CARTESIAN_POINT('', (73.3284271294924, 2.32842712, 28.9));
#1427 = ORIENTED_EDGE('', *, *, #1428, .T.);
#1428 = EDGE_CURVE('', #1422, #1429, #1431, .T.);
#1429 = VERTEX_POINT('', #1430);
#1430 = CARTESIAN_POINT('', (44.1715728705076, 4.82842712, 31.4));
#1431 = B_SPLINE_CURVE_WITH_KNOTS('', 1, (#1432, #1433), .UNSPECIFIED., .F., .U., (2, 2), (0., 1.), .UNSPECIFIED.);
#1432 = CARTESIAN_POINT('', (46.6715728705076, 2.32842711999999, 28.9));
#1433 = CARTESIAN_POINT('', (44.1715728705076, 4.82842712, 31.4));
#1434 = ORIENTED_EDGE('', *, *, #1435, .F.);
#1435 = EDGE_CURVE('', #1436, #1429, #1438, .T.);
#1436 = VERTEX_POINT('', #1437);
#1437 = CARTESIAN_POINT('', (23.0823443245459, 4.82842712, 31.4));
#1438 = B_SPLINE_CURVE_WITH_KNOTS('', 1, (#1439, #1440), .UNSPECIFIED., .F., .U., (2, 2), (0.200716037604747, 0.384100633656588), .UNSPECIFIED.);
#1439 = CARTESIAN_POINT('', (23.0823443245459, 4.82842712, 31.4));
#1440 = CARTESIAN_POINT('', (44.1715728705076, 4.82842712, 31.4));
#1441 = ORIENTED_EDGE('', *, *, #1442, .F.);
#1442 = EDGE_CURVE('', #1443, #1436, #1445, .T.);
#1443 = VERTEX_POINT('', #1444);
#1444 = CARTESIAN_POINT('', (8.18319778283151, 0., 26.57157288));
#1445 = B_SPLINE_CURVE_WITH_KNOTS('', 1, (#1446, #1447), .UNSPECIFIED., .F., .U., (2, 2), (0., 1.), .UNSPECIFIED.);
#1446 = CARTESIAN_POINT('', (8.18319778283163, 1.4210854715202E-14, 26.57157288));
#1447 = CARTESIAN_POINT('', (23.0823443245459, 4.82842712000001, 31.4));
#1448 = ORIENTED_EDGE('', *, *, #1449, .T.);
#1449 = EDGE_CURVE('', #1443, #1450, #1452, .T.);
#1450 = VERTEX_POINT('', #1451);
#1451 = CARTESIAN_POINT('', (114.671572870508, 0., 26.57157288));
#1452 = B_SPLINE_CURVE_WITH_KNOTS('', 1, (#1453, #1454), .UNSPECIFIED., .F., .U., (2, 2), (0.0711582415898392, 0.997144111917458), .UNSPECIFIED.);
#1453 = CARTESIAN_POINT('', (8.18319778283151, 0., 26.57157288));
#1454 = CARTESIAN_POINT('', (114.671572870508, 0., 26.57157288));
#1455 = ORIENTED_EDGE('', *, *, #1456, .F.);
#1456 = EDGE_CURVE('', #1387, #1450, #1457, .T.);
#1457 = B_SPLINE_CURVE_WITH_KNOTS('', 1, (#1458, #1459), .UNSPECIFIED., .F., .U., (2, 2), (0., 1.), .UNSPECIFIED.);
#1458 = CARTESIAN_POINT('', (115., 0.328427129492354, 26.9000000094924));
#1459 = CARTESIAN_POINT('', (114.671572870508, -4.71844785465692E-15, 26.57157288));
#1460 = ORIENTED_EDGE('', *, *, #1386, .F.);
#1461 = ORIENTED_EDGE('', *, *, #1462, .F.);
#1462 = EDGE_CURVE('', #1463, #1378, #1465, .T.);
#1463 = VERTEX_POINT('', #1464);
#1464 = CARTESIAN_POINT('', (92.8263197118589, 4.82842712, 31.4));
#1465 = B_SPLINE_CURVE_WITH_KNOTS('', 1, (#1466, #1467), .UNSPECIFIED., .F., .U., (2, 2), (0., 1.), .UNSPECIFIED.);
#1466 = CARTESIAN_POINT('', (92.8263197118589, 4.82842712, 31.4));
#1467 = CARTESIAN_POINT('', (115., 0.948033069575308, 27.5196059495753));
#1468 = ORIENTED_EDGE('', *, *, #1469, .F.);
#1469 = EDGE_CURVE('', #1413, #1463, #1470, .T.);
#1470 = B_SPLINE_CURVE_WITH_KNOTS('', 1, (#1471, #1472), .UNSPECIFIED., .F., .U., (2, 2), (0.659377627212977, 0.807185388798773), .UNSPECIFIED.);
#1471 = CARTESIAN_POINT('', (75.8284271294924, 4.82842712, 31.4));
#1472 = CARTESIAN_POINT('', (92.8263197118589, 4.82842712, 31.4));
#1473 = B_SPLINE_SURFACE_WITH_KNOTS('', 1, 1, ((#1474, #1475), (#1476, #1477)), .UNSPECIFIED., .F., .F., .U., (2, 2), (2, 2), (0., 1.), (0., 1.), .UNSPECIFIED.);
#1474 = CARTESIAN_POINT('', (0., 4.82842712, 31.4));
#1475 = CARTESIAN_POINT('', (115., 4.82842712, 31.4));
#1476 = CARTESIAN_POINT('', (0., 0., 26.57157288));
#1477 = CARTESIAN_POINT('', (115., 0., 26.57157288));
#1478 = ADVANCED_FACE('', (#1479), #1501, .T.);
#1479 = FACE_OUTER_BOUND('', #1480, .T.);
#1480 = EDGE_LOOP('', (#1481, #1482, #1489, #1496));
#1481 = ORIENTED_EDGE('', *, *, #1421, .F.);
#1482 = ORIENTED_EDGE('', *, *, #1483, .F.);
#1483 = EDGE_CURVE('', #1484, #1422, #1486, .T.);
#1484 = VERTEX_POINT('', #1485);
#1485 = CARTESIAN_POINT('', (46.6715728705076, 18.0970562776954, 28.9));
#1486 = B_SPLINE_CURVE_WITH_KNOTS('', 1, (#1487, #1488), .UNSPECIFIED., .F., .U., (2, 2), (0.317446471348883, 0.490367067441606), .UNSPECIFIED.);
#1487 = CARTESIAN_POINT('', (46.6715728705076, 18.0970562776954, 28.9));
#1488 = CARTESIAN_POINT('', (46.6715728705076, 2.32842712, 28.9));
#1489 = ORIENTED_EDGE('', *, *, #1490, .F.);
#1490 = EDGE_CURVE('', #1491, #1484, #1493, .T.);
#1491 = VERTEX_POINT('', #1492);
#1492 = CARTESIAN_POINT('', (73.3284271294924, 18.0970562776954, 28.9));
#1493 = B_SPLINE_CURVE_WITH_KNOTS('', 1, (#1494, #1495), .UNSPECIFIED., .F., .U., (2, 2), (0., 1.), .UNSPECIFIED.);
#1494 = CARTESIAN_POINT('', (73.3284271294924, 18.0970562776954, 28.9));
#1495 = CARTESIAN_POINT('', (46.6715728705075, 18.0970562776954, 28.9));
#1496 = ORIENTED_EDGE('', *, *, #1497, .F.);
#1497 = EDGE_CURVE('', #1415, #1491, #1498, .T.);
#1498 = B_SPLINE_CURVE_WITH_KNOTS('', 1, (#1499, #1500), .UNSPECIFIED., .F., .U., (2, 2), (0.513965455007949, 0.764659082316303), .UNSPECIFIED.);
#1499 = CARTESIAN_POINT('', (73.3284271294924, 2.32842712, 28.9));
#1500 = CARTESIAN_POINT('', (73.3284271294924, 18.0970562776954, 28.9));
#1501 = B_SPLINE_SURFACE_WITH_KNOTS('', 1, 1, ((#1502, #1503), (#1504, #1505)), .UNSPECIFIED., .F., .F., .U., (2, 2), (2, 2), (0., 1.), (0., 1.), .UNSPECIFIED.);
#1502 = CARTESIAN_POINT('', (105.595, -44.145, 28.9));
#1503 = CARTESIAN_POINT('', (105.595, 47.045, 28.9));
#1504 = CARTESIAN_POINT('', (14.405, -44.145, 28.9));
#1505 = CARTESIAN_POINT('', (14.405, 47.045, 28.9));
#1506 = ADVANCED_FACE('', (#1507), #1523, .F.);
#1507 = FACE_OUTER_BOUND('', #1508, .F.);
#1508 = EDGE_LOOP('', (#1509, #1516, #1521, #1522));
#1509 = ORIENTED_EDGE('', *, *, #1510, .F.);
#1510 = EDGE_CURVE('', #1511, #1413, #1513, .T.);
#1511 = VERTEX_POINT('', #1512);
#1512 = CARTESIAN_POINT('', (75.8284271294924, 20.5970562776955, 31.4));
#1513 = B_SPLINE_CURVE_WITH_KNOTS('', 1, (#1514, #1515), .UNSPECIFIED., .F., .U., (2, 2), (0.414680367237497, 1.), .UNSPECIFIED.);
#1514 = CARTESIAN_POINT('', (75.8284271294924, 20.5970562776955, 31.4));
#1515 = CARTESIAN_POINT('', (75.8284271294924, 4.82842712000001, 31.4));
#1516 = ORIENTED_EDGE('', *, *, #1517, .F.);
#1517 = EDGE_CURVE('', #1491, #1511, #1518, .T.);
#1518 = B_SPLINE_CURVE_WITH_KNOTS('', 1, (#1519, #1520), .UNSPECIFIED., .F., .U., (2, 2), (0., 0.182861183835919), .UNSPECIFIED.);
#1519 = CARTESIAN_POINT('', (73.3284271294923, 18.0970562776954, 28.8999999999999));
#1520 = CARTESIAN_POINT('', (75.8284271294924, 20.5970562776955, 31.4));
#1521 = ORIENTED_EDGE('', *, *, #1497, .F.);
#1522 = ORIENTED_EDGE('', *, *, #1412, .F.);
#1523 = B_SPLINE_SURFACE_WITH_KNOTS('', 1, 1, ((#1524, #1525), (#1526, #1527)), .UNSPECIFIED., .F., .F., .U., (2, 2), (2, 2), (0., 168.317206630871), (0., 168.317206630871), .UNSPECIFIED.);
#1524 = CARTESIAN_POINT('', (135.731521878182, 104.504696423387, 91.3030947486895));
#1525 = CARTESIAN_POINT('', (135.731521878182, -63.8125102074834, 91.3030947486895));
#1526 = CARTESIAN_POINT('', (16.7132836791159, 104.504696423387, -27.7151434503765));
#1527 = CARTESIAN_POINT('', (16.7132836791159, -63.8125102074834, -27.7151434503765));
#1528 = ADVANCED_FACE('', (#1529), #1545, .F.);
#1529 = FACE_OUTER_BOUND('', #1530, .F.);
#1530 = EDGE_LOOP('', (#1531, #1538, #1543, #1544));
#1531 = ORIENTED_EDGE('', *, *, #1532, .F.);
#1532 = EDGE_CURVE('', #1533, #1511, #1535, .T.);
#1533 = VERTEX_POINT('', #1534);
#1534 = CARTESIAN_POINT('', (44.1715728705076, 20.5970562776954, 31.4));
#1535 = B_SPLINE_CURVE_WITH_KNOTS('', 1, (#1536, #1537), .UNSPECIFIED., .F., .U., (2, 2), (0.206880979083474, 0.793119020916526), .UNSPECIFIED.);
#1536 = CARTESIAN_POINT('', (44.1715728705076, 20.5970562776954, 31.4));
#1537 = CARTESIAN_POINT('', (75.8284271294924, 20.5970562776954, 31.4));
#1538 = ORIENTED_EDGE('', *, *, #1539, .T.);
#1539 = EDGE_CURVE('', #1533, #1484, #1540, .T.);
#1540 = B_SPLINE_CURVE_WITH_KNOTS('', 1, (#1541, #1542), .UNSPECIFIED., .F., .U., (2, 2), (0.817138816164083, 1.), .UNSPECIFIED.);
#1541 = CARTESIAN_POINT('', (44.1715728705076, 20.5970562776954, 31.4));
#1542 = CARTESIAN_POINT('', (46.6715728705076, 18.0970562776954, 28.9));
#1543 = ORIENTED_EDGE('', *, *, #1490, .F.);
#1544 = ORIENTED_EDGE('', *, *, #1517, .T.);
#1545 = B_SPLINE_SURFACE_WITH_KNOTS('', 1, 1, ((#1546, #1547), (#1548, #1549)), .UNSPECIFIED., .F., .F., .U., (2, 2), (2, 2), (0., 168.317206630871), (0., 168.317206630871), .UNSPECIFIED.);
#1546 = CARTESIAN_POINT('', (-7.48624335304507, 80.3793289462062, 91.1822726685108));
#1547 = CARTESIAN_POINT('', (160.830963277826, 80.3793289462062, 91.1822726685108));
#1548 = CARTESIAN_POINT('', (-7.48624335304507, -38.6389092528598, -27.8359655305553));
#1549 = CARTESIAN_POINT('', (160.830963277826, -38.6389092528598, -27.8359655305553));
#1550 = ADVANCED_FACE('', (#1551), #1561, .F.);
#1551 = FACE_OUTER_BOUND('', #1552, .F.);
#1552 = EDGE_LOOP('', (#1553, #1558, #1559, #1560));
#1553 = ORIENTED_EDGE('', *, *, #1554, .F.);
#1554 = EDGE_CURVE('', #1429, #1533, #1555, .T.);
#1555 = B_SPLINE_CURVE_WITH_KNOTS('', 1, (#1556, #1557), .UNSPECIFIED., .F., .U., (2, 2), (0., 0.585319632762503), .UNSPECIFIED.);
#1556 = CARTESIAN_POINT('', (44.1715728705076, 4.82842711999999, 31.4));
#1557 = CARTESIAN_POINT('', (44.1715728705076, 20.5970562776954, 31.4));
#1558 = ORIENTED_EDGE('', *, *, #1428, .F.);
#1559 = ORIENTED_EDGE('', *, *, #1483, .F.);
#1560 = ORIENTED_EDGE('', *, *, #1539, .F.);
#1561 = B_SPLINE_SURFACE_WITH_KNOTS('', 1, 1, ((#1562, #1563), (#1564, #1565)), .UNSPECIFIED., .F., .F., .U., (2, 2), (2, 2), (0., 168.317206630871), (0., 168.317206630871), .UNSPECIFIED.);
#1562 = CARTESIAN_POINT('', (-15.7315218781819, -63.8125102074834, 91.3030947486895));
#1563 = CARTESIAN_POINT('', (-15.7315218781819, 104.504696423387, 91.3030947486895));
#1564 = CARTESIAN_POINT('', (103.286716320884, -63.8125102074834, -27.7151434503765));
#1565 = CARTESIAN_POINT('', (103.286716320884, 104.504696423387, -27.7151434503765));
#1566 = ADVANCED_FACE('', (#1567), #1600, .F.);
#1567 = FACE_OUTER_BOUND('', #1568, .F.);
#1568 = EDGE_LOOP('', (#1569, #1570, #1571, #1572, #1579, #1586, #1593, #1598, #1599));
#1569 = ORIENTED_EDGE('', *, *, #1532, .T.);
#1570 = ORIENTED_EDGE('', *, *, #1510, .T.);
#1571 = ORIENTED_EDGE('', *, *, #1469, .T.);
#1572 = ORIENTED_EDGE('', *, *, #1573, .F.);
#1573 = EDGE_CURVE('', #1574, #1463, #1576, .T.);
#1574 = VERTEX_POINT('', #1575);
#1575 = CARTESIAN_POINT('', (92.8263197118589, 37.97157288, 31.4));
#1576 = B_SPLINE_CURVE_WITH_KNOTS('', 1, (#1577, #1578), .UNSPECIFIED., .F., .U., (2, 2), (0., 1.), .UNSPECIFIED.);
#1577 = CARTESIAN_POINT('', (92.8263197118589, 37.97157288, 31.4));
#1578 = CARTESIAN_POINT('', (92.8263197118589, 4.82842711999996, 31.4));
#1579 = ORIENTED_EDGE('', *, *, #1580, .F.);
#1580 = EDGE_CURVE('', #1581, #1574, #1583, .T.);
#1581 = VERTEX_POINT('', #1582);
#1582 = CARTESIAN_POINT('', (1.02842712949238, 37.97157288, 31.4));
#1583 = B_SPLINE_CURVE_WITH_KNOTS('', 1, (#1584, #1585), .UNSPECIFIED., .F., .U., (2, 2), (0.00894284460428157, 0.807185388798773), .UNSPECIFIED.);
#1584 = CARTESIAN_POINT('', (1.02842712949238, 37.97157288, 31.4));
#1585 = CARTESIAN_POINT('', (92.8263197118589, 37.97157288, 31.4));
#1586 = ORIENTED_EDGE('', *, *, #1587, .F.);
#1587 = EDGE_CURVE('', #1588, #1581, #1590, .T.);
#1588 = VERTEX_POINT('', #1589);
#1589 = CARTESIAN_POINT('', (1.02842712949239, 17.6932121504479, 31.4));
#1590 = B_SPLINE_CURVE_WITH_KNOTS('', 1, (#1591, #1592), .UNSPECIFIED., .F., .U., (2, 2), (0.38815823710899, 1.), .UNSPECIFIED.);
#1591 = CARTESIAN_POINT('', (1.02842712949239, 17.6932121504479, 31.4));
#1592 = CARTESIAN_POINT('', (1.02842712949239, 37.9715728799999, 31.4));
#1593 = ORIENTED_EDGE('', *, *, #1594, .F.);
#1594 = EDGE_CURVE('', #1436, #1588, #1595, .T.);
#1595 = B_SPLINE_CURVE_WITH_KNOTS('', 1, (#1596, #1597), .UNSPECIFIED., .F., .U., (2, 2), (0., 1.), .UNSPECIFIED.);
#1596 = CARTESIAN_POINT('', (23.0823443245459, 4.82842712, 31.4));
#1597 = CARTESIAN_POINT('', (1.02842712949237, 17.6932121504479, 31.4));
#1598 = ORIENTED_EDGE('', *, *, #1435, .T.);
#1599 = ORIENTED_EDGE('', *, *, #1554, .T.);
#1600 = B_SPLINE_SURFACE_WITH_KNOTS('', 1, 1, ((#1601, #1602), (#1603, #1604)), .UNSPECIFIED., .F., .F., .U., (2, 2), (2, 2), (0., 1.), (0., 1.), .UNSPECIFIED.);
#1601 = CARTESIAN_POINT('', (0., 37.97157288, 31.4));
#1602 = CARTESIAN_POINT('', (115., 37.97157288, 31.4));
#1603 = CARTESIAN_POINT('', (0., 4.82842712, 31.4));
#1604 = CARTESIAN_POINT('', (115., 4.82842712, 31.4));
#1605 = ADVANCED_FACE('', (#1606), #1630, .T.);
#1606 = FACE_OUTER_BOUND('', #1607, .T.);
#1607 = EDGE_LOOP('', (#1608, #1615, #1616, #1617, #1618, #1625));
#1608 = ORIENTED_EDGE('', *, *, #1609, .T.);
#1609 = EDGE_CURVE('', #1610, #1380, #1612, .T.);
#1610 = VERTEX_POINT('', #1611);
#1611 = CARTESIAN_POINT('', (110.171572870508, 39., 28.3645806972365));
#1612 = B_SPLINE_CURVE_WITH_KNOTS('', 1, (#1613, #1614), .UNSPECIFIED., .F., .U., (2, 2), (0., 1.), .UNSPECIFIED.);
#1613 = CARTESIAN_POINT('', (110.171572870508, 38.9999999999999, 28.3645806972365));
#1614 = CARTESIAN_POINT('', (115., 34.1715728705075, 27.5196059495753));
#1615 = ORIENTED_EDGE('', *, *, #1377, .F.);
#1616 = ORIENTED_EDGE('', *, *, #1462, .F.);
#1617 = ORIENTED_EDGE('', *, *, #1573, .F.);
#1618 = ORIENTED_EDGE('', *, *, #1619, .F.);
#1619 = EDGE_CURVE('', #1620, #1574, #1622, .T.);
#1620 = VERTEX_POINT('', #1621);
#1621 = CARTESIAN_POINT('', (98.703046111859, 39., 30.37157288));
#1622 = B_SPLINE_CURVE_WITH_KNOTS('', 1, (#1623, #1624), .UNSPECIFIED., .F., .U., (2, 2), (0., 1.), .UNSPECIFIED.);
#1623 = CARTESIAN_POINT('', (98.7030461118589, 39., 30.37157288));
#1624 = CARTESIAN_POINT('', (92.8263197118588, 37.97157288, 31.4));
#1625 = ORIENTED_EDGE('', *, *, #1626, .F.);
#1626 = EDGE_CURVE('', #1610, #1620, #1627, .T.);
#1627 = B_SPLINE_CURVE_WITH_KNOTS('', 1, (#1628, #1629), .UNSPECIFIED., .F., .U., (2, 2), (0., 1.), .UNSPECIFIED.);
#1628 = CARTESIAN_POINT('', (110.171572870508, 39., 28.3645806972365));
#1629 = CARTESIAN_POINT('', (98.7030461118589, 39., 30.37157288));
#1630 = B_SPLINE_SURFACE_WITH_KNOTS('', 1, 1, ((#1631, #1632), (#1633, #1634)), .UNSPECIFIED., .F., .F., .U., (2, 2), (2, 2), (0., 250.854338866242), (0., 250.854338866242), .UNSPECIFIED.);
#1631 = CARTESIAN_POINT('', (229.888802399067, -89.3642925993031, 7.41406552973853));
#1632 = CARTESIAN_POINT('', (229.888802399067, 161.490046266939, 7.41406552973853));
#1633 = CARTESIAN_POINT('', (-17.2103642023823, -89.3642925993031, 50.6564196849922));
#1634 = CARTESIAN_POINT('', (-17.2103642023823, 161.490046266939, 50.6564196849922));
#1635 = ADVANCED_FACE('', (#1636), #1665, .F.);
#1636 = FACE_OUTER_BOUND('', #1637, .F.);
#1637 = EDGE_LOOP('', (#1638, #1639, #1646, #1653, #1660));
#1638 = ORIENTED_EDGE('', *, *, #1626, .F.);
#1639 = ORIENTED_EDGE('', *, *, #1640, .F.);
#1640 = EDGE_CURVE('', #1641, #1610, #1643, .T.);
#1641 = VERTEX_POINT('', #1642);
#1642 = CARTESIAN_POINT('', (110.171572870508, 39., 4.82842712));
#1643 = B_SPLINE_CURVE_WITH_KNOTS('', 1, (#1644, #1645), .UNSPECIFIED., .F., .U., (2, 2), (0., 0.921427368358583), .UNSPECIFIED.);
#1644 = CARTESIAN_POINT('', (110.171572870508, 39., 4.82842712000001));
#1645 = CARTESIAN_POINT('', (110.171572870508, 39., 28.3645806972365));
#1646 = ORIENTED_EDGE('', *, *, #1647, .F.);
#1647 = EDGE_CURVE('', #1648, #1641, #1650, .T.);
#1648 = VERTEX_POINT('', #1649);
#1649 = CARTESIAN_POINT('', (1.82842712949238, 39., 4.82842712));
#1650 = B_SPLINE_CURVE_WITH_KNOTS('', 1, (#1651, #1652), .UNSPECIFIED., .F., .U., (2, 2), (0.015899366343412, 0.958013677134849), .UNSPECIFIED.);
#1651 = CARTESIAN_POINT('', (1.82842712949238, 39., 4.82842712));
#1652 = CARTESIAN_POINT('', (110.171572870508, 39., 4.82842712));
#1653 = ORIENTED_EDGE('', *, *, #1654, .F.);
#1654 = EDGE_CURVE('', #1655, #1648, #1657, .T.);
#1655 = VERTEX_POINT('', #1656);
#1656 = CARTESIAN_POINT('', (1.82842712949238, 39., 30.37157288));
#1657 = B_SPLINE_CURVE_WITH_KNOTS('', 1, (#1658, #1659), .UNSPECIFIED., .F., .U., (2, 2), (0., 1.), .UNSPECIFIED.);
#1658 = CARTESIAN_POINT('', (1.82842712949238, 39., 30.37157288));
#1659 = CARTESIAN_POINT('', (1.82842712949238, 39., 4.82842711999999));
#1660 = ORIENTED_EDGE('', *, *, #1661, .T.);
#1661 = EDGE_CURVE('', #1655, #1620, #1662, .T.);
#1662 = B_SPLINE_CURVE_WITH_KNOTS('', 1, (#1663, #1664), .UNSPECIFIED., .F., .U., (2, 2), (0.015899366343412, 0.858287357494426), .UNSPECIFIED.);
#1663 = CARTESIAN_POINT('', (1.82842712949238, 39., 30.37157288));
#1664 = CARTESIAN_POINT('', (98.703046111859, 39., 30.37157288));
#1665 = B_SPLINE_SURFACE_WITH_KNOTS('', 1, 1, ((#1666, #1667), (#1668, #1669)), .UNSPECIFIED., .F., .F., .U., (2, 2), (2, 2), (0., 1.), (0., 1.), .UNSPECIFIED.);
#1666 = CARTESIAN_POINT('', (0., 39., 4.82842712));
#1667 = CARTESIAN_POINT('', (115., 39., 4.82842712));
#1668 = CARTESIAN_POINT('', (0., 39., 30.37157288));
#1669 = CARTESIAN_POINT('', (115., 39., 30.37157288));
#1670 = ADVANCED_FACE('', (#1671), #1682, .T.);
#1671 = FACE_OUTER_BOUND('', #1672, .T.);
#1672 = EDGE_LOOP('', (#1673, #1674, #1675, #1680, #1681));
#1673 = ORIENTED_EDGE('', *, *, #1609, .F.);
#1674 = ORIENTED_EDGE('', *, *, #1640, .F.);
#1675 = ORIENTED_EDGE('', *, *, #1676, .F.);
#1676 = EDGE_CURVE('', #1321, #1641, #1677, .T.);
#1677 = B_SPLINE_CURVE_WITH_KNOTS('', 1, (#1678, #1679), .UNSPECIFIED., .F., .U., (2, 2), (0.189339829508516, 1.), .UNSPECIFIED.);
#1678 = CARTESIAN_POINT('', (114.085786430508, 35.08578644, 0.914213560000008));
#1679 = CARTESIAN_POINT('', (110.171572870508, 39., 4.82842712));
#1680 = ORIENTED_EDGE('', *, *, #1320, .T.);
#1681 = ORIENTED_EDGE('', *, *, #1399, .F.);
#1682 = B_SPLINE_SURFACE_WITH_KNOTS('', 1, 1, ((#1683, #1684), (#1685, #1686)), .UNSPECIFIED., .F., .F., .U., (2, 2), (2, 2), (0., 250.854338866242), (0., 250.854338866242), .UNSPECIFIED.);
#1683 = CARTESIAN_POINT('', (22.7039450619459, 126.467627808562, 126.41165581133));
#1684 = CARTESIAN_POINT('', (200.084749164334, -50.913176293826, 126.41165581133));
#1685 = CARTESIAN_POINT('', (22.7039450619459, 126.467627808562, -124.442683054912));
#1686 = CARTESIAN_POINT('', (200.084749164334, -50.913176293826, -124.442683054912));
#1687 = ADVANCED_FACE('', (#1688), #1719, .F.);
#1688 = FACE_OUTER_BOUND('', #1689, .F.);
#1689 = EDGE_LOOP('', (#1690, #1691, #1692, #1699, #1706, #1713, #1718));
#1690 = ORIENTED_EDGE('', *, *, #1676, .F.);
#1691 = ORIENTED_EDGE('', *, *, #1329, .F.);
#1692 = ORIENTED_EDGE('', *, *, #1693, .F.);
#1693 = EDGE_CURVE('', #1694, #1330, #1696, .T.);
#1694 = VERTEX_POINT('', #1695);
#1695 = CARTESIAN_POINT('', (1.82842712949238, 34.17157288, 0.));
#1696 = B_SPLINE_CURVE_WITH_KNOTS('', 1, (#1697, #1698), .UNSPECIFIED., .F., .U., (2, 2), (0.015899366343412, 0.984100633656588), .UNSPECIFIED.);
#1697 = CARTESIAN_POINT('', (1.82842712949238, 34.17157288, 0.));
#1698 = CARTESIAN_POINT('', (113.171572870508, 34.17157288, 0.));
#1699 = ORIENTED_EDGE('', *, *, #1700, .F.);
#1700 = EDGE_CURVE('', #1701, #1694, #1703, .T.);
#1701 = VERTEX_POINT('', #1702);
#1702 = CARTESIAN_POINT('', (0., 36.0000000094924, 1.82842712949242));
#1703 = B_SPLINE_CURVE_WITH_KNOTS('', 1, (#1704, #1705), .UNSPECIFIED., .F., .U., (2, 2), (0., 1.), .UNSPECIFIED.);
#1704 = CARTESIAN_POINT('', (-5.6843418860808E-14, 36.0000000094925, 1.8284271294925));
#1705 = CARTESIAN_POINT('', (1.82842712949245, 34.1715728799999, -1.3988810110277E-14));
#1706 = ORIENTED_EDGE('', *, *, #1707, .T.);
#1707 = EDGE_CURVE('', #1701, #1708, #1710, .T.);
#1708 = VERTEX_POINT('', #1709);
#1709 = CARTESIAN_POINT('', (0., 37.1715728705076, 2.99999999050762));
#1710 = B_SPLINE_CURVE_WITH_KNOTS('', 1, (#1711, #1712), .UNSPECIFIED., .F., .U., (2, 2), (0.378679657795563, 0.621320342204444), .UNSPECIFIED.);
#1711 = CARTESIAN_POINT('', (0., 36.0000000094924, 1.82842712949242));
#1712 = CARTESIAN_POINT('', (0., 37.1715728705076, 2.99999999050762));
#1713 = ORIENTED_EDGE('', *, *, #1714, .F.);
#1714 = EDGE_CURVE('', #1648, #1708, #1715, .T.);
#1715 = B_SPLINE_CURVE_WITH_KNOTS('', 1, (#1716, #1717), .UNSPECIFIED., .F., .U., (2, 2), (0., 1.), .UNSPECIFIED.);
#1716 = CARTESIAN_POINT('', (1.82842712949238, 39., 4.82842711999996));
#1717 = CARTESIAN_POINT('', (2.33146835171283E-14, 37.1715728705076, 2.9999999905076));
#1718 = ORIENTED_EDGE('', *, *, #1647, .T.);
#1719 = B_SPLINE_SURFACE_WITH_KNOTS('', 1, 1, ((#1720, #1721), (#1722, #1723)), .UNSPECIFIED., .F., .F., .U., (2, 2), (2, 2), (0., 1.), (0., 1.), .UNSPECIFIED.);
#1720 = CARTESIAN_POINT('', (0., 34.17157288, 0.));
#1721 = CARTESIAN_POINT('', (115., 34.17157288, 0.));
#1722 = CARTESIAN_POINT('', (0., 39., 4.82842712));
#1723 = CARTESIAN_POINT('', (115., 39., 4.82842712));
#1724 = ADVANCED_FACE('', (#1725), #1741, .F.);
#1725 = FACE_OUTER_BOUND('', #1726, .F.);
#1726 = EDGE_LOOP('', (#1727, #1728, #1735, #1740));
#1727 = ORIENTED_EDGE('', *, *, #1336, .F.);
#1728 = ORIENTED_EDGE('', *, *, #1729, .F.);
#1729 = EDGE_CURVE('', #1730, #1337, #1732, .T.);
#1730 = VERTEX_POINT('', #1731);
#1731 = CARTESIAN_POINT('', (1.82842712949238, 0.32842712, 0.));
#1732 = B_SPLINE_CURVE_WITH_KNOTS('', 1, (#1733, #1734), .UNSPECIFIED., .F., .U., (2, 2), (0.015899366343412, 0.984100633656588), .UNSPECIFIED.);
#1733 = CARTESIAN_POINT('', (1.82842712949238, 0.32842712, 0.));
#1734 = CARTESIAN_POINT('', (113.171572870508, 0.32842712, 0.));
#1735 = ORIENTED_EDGE('', *, *, #1736, .F.);
#1736 = EDGE_CURVE('', #1694, #1730, #1737, .T.);
#1737 = B_SPLINE_CURVE_WITH_KNOTS('', 1, (#1738, #1739), .UNSPECIFIED., .F., .U., (2, 2), (0., 1.), .UNSPECIFIED.);
#1738 = CARTESIAN_POINT('', (1.82842712949238, 34.17157288, 0.));
#1739 = CARTESIAN_POINT('', (1.82842712949238, 0.328427120000043, 0.));
#1740 = ORIENTED_EDGE('', *, *, #1693, .T.);
#1741 = B_SPLINE_SURFACE_WITH_KNOTS('', 1, 1, ((#1742, #1743), (#1744, #1745)), .UNSPECIFIED., .F., .F., .U., (2, 2), (2, 2), (0., 1.), (0., 1.), .UNSPECIFIED.);
#1742 = CARTESIAN_POINT('', (0., 0.32842712, 0.));
#1743 = CARTESIAN_POINT('', (115., 0.32842712, 0.));
#1744 = CARTESIAN_POINT('', (0., 34.17157288, 0.));
#1745 = CARTESIAN_POINT('', (115., 34.17157288, 0.));
#1746 = ADVANCED_FACE('', (#1747), #1770, .F.);
#1747 = FACE_OUTER_BOUND('', #1748, .F.);
#1748 = EDGE_LOOP('', (#1749, #1758, #1763, #1764, #1765));
#1749 = ORIENTED_EDGE('', *, *, #1750, .F.);
#1750 = EDGE_CURVE('', #1751, #1753, #1755, .T.);
#1751 = VERTEX_POINT('', #1752);
#1752 = CARTESIAN_POINT('', (1.66421356949241, 0.164213559999986, 0.16421356));
#1753 = VERTEX_POINT('', #1754);
#1754 = CARTESIAN_POINT('', (1.82842712949237, 0., 0.32842712));
#1755 = B_SPLINE_CURVE_WITH_KNOTS('', 1, (#1756, #1757), .UNSPECIFIED., .F., .U., (2, 2), (0.50000000000005, 1.), .UNSPECIFIED.);
#1756 = CARTESIAN_POINT('', (1.66421356949238, 0.164213559999972, 0.164213560000043));
#1757 = CARTESIAN_POINT('', (1.82842712949236, -9.54791801177635E-15, 0.328427120000024));
#1758 = ORIENTED_EDGE('', *, *, #1759, .F.);
#1759 = EDGE_CURVE('', #1730, #1751, #1760, .T.);
#1760 = B_SPLINE_CURVE_WITH_KNOTS('', 1, (#1761, #1762), .UNSPECIFIED., .F., .U., (2, 2), (0., 0.500000000000108), .UNSPECIFIED.);
#1761 = CARTESIAN_POINT('', (1.82842712949244, 0.328427120000015, -2.8421709430404E-14));
#1762 = CARTESIAN_POINT('', (1.66421356949241, 0.164213559999986, 0.16421356));
#1763 = ORIENTED_EDGE('', *, *, #1729, .T.);
#1764 = ORIENTED_EDGE('', *, *, #1343, .F.);
#1765 = ORIENTED_EDGE('', *, *, #1766, .F.);
#1766 = EDGE_CURVE('', #1753, #1344, #1767, .T.);
#1767 = B_SPLINE_CURVE_WITH_KNOTS('', 1, (#1768, #1769), .UNSPECIFIED., .F., .U., (2, 2), (0.0158993663434119, 0.986956521656588), .UNSPECIFIED.);
#1768 = CARTESIAN_POINT('', (1.82842712949237, 0., 0.32842712));
#1769 = CARTESIAN_POINT('', (113.499999990508, 0., 0.32842712));
#1770 = B_SPLINE_SURFACE_WITH_KNOTS('', 1, 1, ((#1771, #1772), (#1773, #1774)), .UNSPECIFIED., .F., .F., .U., (2, 2), (2, 2), (0., 1.), (0., 1.), .UNSPECIFIED.);
#1771 = CARTESIAN_POINT('', (0., 0., 0.32842712));
#1772 = CARTESIAN_POINT('', (115., 0., 0.32842712));
#1773 = CARTESIAN_POINT('', (0., 0.32842712, 0.));
#1774 = CARTESIAN_POINT('', (115., 0.32842712, 0.));
#1775 = ADVANCED_FACE('', (#1776), #1793, .T.);
#1776 = FACE_OUTER_BOUND('', #1777, .T.);
#1777 = EDGE_LOOP('', (#1778, #1785, #1786, #1787, #1788));
#1778 = ORIENTED_EDGE('', *, *, #1779, .F.);
#1779 = EDGE_CURVE('', #1751, #1780, #1782, .T.);
#1780 = VERTEX_POINT('', #1781);
#1781 = CARTESIAN_POINT('', (5.52819481062285E-17, 1.82842712949237, 1.82842712949238));
#1782 = B_SPLINE_CURVE_WITH_KNOTS('', 1, (#1783, #1784), .UNSPECIFIED., .F., .U., (2, 2), (0.0898113779604933, 1.), .UNSPECIFIED.);
#1783 = CARTESIAN_POINT('', (1.6642135694924, 0.164213559999986, 0.164213559999986));
#1784 = CARTESIAN_POINT('', (-3.81916720471054E-14, 1.82842712949242, 1.82842712949242));
#1785 = ORIENTED_EDGE('', *, *, #1759, .F.);
#1786 = ORIENTED_EDGE('', *, *, #1736, .F.);
#1787 = ORIENTED_EDGE('', *, *, #1700, .F.);
#1788 = ORIENTED_EDGE('', *, *, #1789, .F.);
#1789 = EDGE_CURVE('', #1780, #1701, #1790, .T.);
#1790 = B_SPLINE_CURVE_WITH_KNOTS('', 1, (#1791, #1792), .UNSPECIFIED., .F., .U., (2, 2), (0.0468827469100629, 0.92307692332032), .UNSPECIFIED.);
#1791 = CARTESIAN_POINT('', (5.52819481062285E-17, 1.82842712949237, 1.82842712949238));
#1792 = CARTESIAN_POINT('', (5.52819481062285E-17, 36.0000000094924, 1.82842712949238));
#1793 = B_SPLINE_SURFACE_WITH_KNOTS('', 1, 1, ((#1794, #1795), (#1796, #1797)), .UNSPECIFIED., .F., .F., .U., (2, 2), (2, 2), (0., 250.854338872145), (0., 250.854338872145), .UNSPECIFIED.);
#1794 = CARTESIAN_POINT('', (-87.2541264376616, -86.9142413134577, 89.082553567154));
#1795 = CARTESIAN_POINT('', (-87.2541264376616, 163.940097558687, 89.082553567154));
#1796 = CARTESIAN_POINT('', (90.1266776689002, -86.9142413134577, -88.2982505394078));
#1797 = CARTESIAN_POINT('', (90.1266776689002, 163.940097558687, -88.2982505394078));
#1798 = ADVANCED_FACE('', (#1799), #1829, .F.);
#1799 = FACE_OUTER_BOUND('', #1800, .F.);
#1800 = EDGE_LOOP('', (#1801, #1810, #1817, #1822, #1823, #1824));
#1801 = ORIENTED_EDGE('', *, *, #1802, .F.);
#1802 = EDGE_CURVE('', #1803, #1805, #1807, .T.);
#1803 = VERTEX_POINT('', #1804);
#1804 = CARTESIAN_POINT('', (-5.42567557484678E-16, 15.4135320134064, 30.3715728705076));
#1805 = VERTEX_POINT('', #1806);
#1806 = CARTESIAN_POINT('', (4.33306483425339E-17, 1.82842712949237, 25.5197496976812));
#1807 = B_SPLINE_CURVE_WITH_KNOTS('', 1, (#1808, #1809), .UNSPECIFIED., .F., .U., (2, 2), (0., 1.), .UNSPECIFIED.);
#1808 = CARTESIAN_POINT('', (0., 15.4135320134064, 30.3715728705076));
#1809 = CARTESIAN_POINT('', (0., 1.82842712949232, 25.5197496976812));
#1810 = ORIENTED_EDGE('', *, *, #1811, .F.);
#1811 = EDGE_CURVE('', #1812, #1803, #1814, .T.);
#1812 = VERTEX_POINT('', #1813);
#1813 = CARTESIAN_POINT('', (-5.42567557484678E-16, 37.1715728705076, 30.3715728705076));
#1814 = B_SPLINE_CURVE_WITH_KNOTS('', 1, (#1815, #1816), .UNSPECIFIED., .F., .U., (2, 2), (0.179144994826243, 0.574196208599466), .UNSPECIFIED.);
#1815 = CARTESIAN_POINT('', (-5.42567557484678E-16, 37.1715728705076, 30.3715728705076));
#1816 = CARTESIAN_POINT('', (-5.42567557484678E-16, 15.4135320134064, 30.3715728705076));
#1817 = ORIENTED_EDGE('', *, *, #1818, .F.);
#1818 = EDGE_CURVE('', #1708, #1812, #1819, .T.);
#1819 = B_SPLINE_CURVE_WITH_KNOTS('', 1, (#1820, #1821), .UNSPECIFIED., .F., .U., (2, 2), (0.041045681203321, 1.), .UNSPECIFIED.);
#1820 = CARTESIAN_POINT('', (-4.15745789498904E-16, 37.1715728705076, 2.99999999050762));
#1821 = CARTESIAN_POINT('', (-4.15745789498904E-16, 37.1715728705076, 30.37157288));
#1822 = ORIENTED_EDGE('', *, *, #1707, .F.);
#1823 = ORIENTED_EDGE('', *, *, #1789, .F.);
#1824 = ORIENTED_EDGE('', *, *, #1825, .F.);
#1825 = EDGE_CURVE('', #1805, #1780, #1826, .T.);
#1826 = B_SPLINE_CURVE_WITH_KNOTS('', 1, (#1827, #1828), .UNSPECIFIED., .F., .U., (2, 2), (0.169982076423114, 1.), .UNSPECIFIED.);
#1827 = CARTESIAN_POINT('', (4.33306483425339E-17, 1.82842712949237, 25.5197496976812));
#1828 = CARTESIAN_POINT('', (4.33306483425339E-17, 1.82842712949237, 1.82842712949238));
#1829 = B_SPLINE_SURFACE_WITH_KNOTS('', 1, 1, ((#1830, #1831), (#1832, #1833)), .UNSPECIFIED., .F., .F., .U., (2, 2), (2, 2), (0., 1.), (0., 1.), .UNSPECIFIED.);
#1830 = CARTESIAN_POINT('', (0., -8.03825339414249, -11.8382533941425));
#1831 = CARTESIAN_POINT('', (0., 47.0382533941425, -11.8382533941425));
#1832 = CARTESIAN_POINT('', (0., -8.03825339414249, 43.2382533941425));
#1833 = CARTESIAN_POINT('', (0., 47.0382533941425, 43.2382533941425));
#1834 = ADVANCED_FACE('', (#1835), #1856, .T.);
#1835 = FACE_OUTER_BOUND('', #1836, .T.);
#1836 = EDGE_LOOP('', (#1837, #1842, #1843, #1850, #1855));
#1837 = ORIENTED_EDGE('', *, *, #1838, .F.);
#1838 = EDGE_CURVE('', #1803, #1588, #1839, .T.);
#1839 = B_SPLINE_CURVE_WITH_KNOTS('', 1, (#1840, #1841), .UNSPECIFIED., .F., .U., (2, 2), (0., 1.), .UNSPECIFIED.);
#1840 = CARTESIAN_POINT('', (2.8421709430404E-14, 15.4135320134064, 30.3715728705076));
#1841 = CARTESIAN_POINT('', (1.02842712949244, 17.693212150448, 31.4));
#1842 = ORIENTED_EDGE('', *, *, #1811, .F.);
#1843 = ORIENTED_EDGE('', *, *, #1844, .F.);
#1844 = EDGE_CURVE('', #1845, #1812, #1847, .T.);
#1845 = VERTEX_POINT('', #1846);
#1846 = CARTESIAN_POINT('', (0.914213569492383, 38.08578644, 31.28578644));
#1847 = B_SPLINE_CURVE_WITH_KNOTS('', 1, (#1848, #1849), .UNSPECIFIED., .F., .U., (2, 2), (0.111056541318897, 1.), .UNSPECIFIED.);
#1848 = CARTESIAN_POINT('', (0.914213569492403, 38.08578644, 31.28578644));
#1849 = CARTESIAN_POINT('', (9.32587340685131E-15, 37.1715728705076, 30.3715728705076));
#1850 = ORIENTED_EDGE('', *, *, #1851, .F.);
#1851 = EDGE_CURVE('', #1581, #1845, #1852, .T.);
#1852 = B_SPLINE_CURVE_WITH_KNOTS('', 1, (#1853, #1854), .UNSPECIFIED., .F., .U., (2, 2), (0., 0.111056541318986), .UNSPECIFIED.);
#1853 = CARTESIAN_POINT('', (1.02842712949243, 37.97157288, 31.4));
#1854 = CARTESIAN_POINT('', (0.914213569492383, 38.08578644, 31.28578644));
#1855 = ORIENTED_EDGE('', *, *, #1587, .F.);
#1856 = B_SPLINE_SURFACE_WITH_KNOTS('', 1, 1, ((#1857, #1858), (#1859, #1860)), .UNSPECIFIED., .F., .F., .U., (2, 2), (2, 2), (0., 250.854338866242), (0., 250.854338866242), .UNSPECIFIED.);
#1857 = CARTESIAN_POINT('', (89.4982624910836, -86.7011264636586, 119.869835361591));
#1858 = CARTESIAN_POINT('', (89.4982624910836, 164.153212402583, 119.869835361591));
#1859 = CARTESIAN_POINT('', (-87.882541611304, -86.7011264636586, -57.5109687407964));
#1860 = CARTESIAN_POINT('', (-87.882541611304, 164.153212402583, -57.5109687407964));
#1861 = ADVANCED_FACE('', (#1862), #1873, .F.);
#1862 = FACE_OUTER_BOUND('', #1863, .F.);
#1863 = EDGE_LOOP('', (#1864, #1865, #1866, #1871, #1872));
#1864 = ORIENTED_EDGE('', *, *, #1619, .F.);
#1865 = ORIENTED_EDGE('', *, *, #1661, .F.);
#1866 = ORIENTED_EDGE('', *, *, #1867, .F.);
#1867 = EDGE_CURVE('', #1845, #1655, #1868, .T.);
#1868 = B_SPLINE_CURVE_WITH_KNOTS('', 1, (#1869, #1870), .UNSPECIFIED., .F., .U., (2, 2), (0.111056542344007, 1.), .UNSPECIFIED.);
#1869 = CARTESIAN_POINT('', (0.914213569492382, 38.08578644, 31.28578644));
#1870 = CARTESIAN_POINT('', (1.82842712949236, 39., 30.37157288));
#1871 = ORIENTED_EDGE('', *, *, #1851, .F.);
#1872 = ORIENTED_EDGE('', *, *, #1580, .T.);
#1873 = B_SPLINE_SURFACE_WITH_KNOTS('', 1, 1, ((#1874, #1875), (#1876, #1877)), .UNSPECIFIED., .F., .F., .U., (2, 2), (2, 2), (0., 1.), (0., 1.), .UNSPECIFIED.);
#1874 = CARTESIAN_POINT('', (0., 39., 30.37157288));
#1875 = CARTESIAN_POINT('', (115., 39., 30.37157288));
#1876 = CARTESIAN_POINT('', (0., 37.97157288, 31.4));
#1877 = CARTESIAN_POINT('', (115., 37.97157288, 31.4));
#1878 = ADVANCED_FACE('', (#1879), #1886, .T.);
#1879 = FACE_OUTER_BOUND('', #1880, .T.);
#1880 = EDGE_LOOP('', (#1881, #1882, #1883, #1884, #1885));
#1881 = ORIENTED_EDGE('', *, *, #1818, .F.);
#1882 = ORIENTED_EDGE('', *, *, #1714, .F.);
#1883 = ORIENTED_EDGE('', *, *, #1654, .F.);
#1884 = ORIENTED_EDGE('', *, *, #1867, .F.);
#1885 = ORIENTED_EDGE('', *, *, #1844, .T.);
#1886 = B_SPLINE_SURFACE_WITH_KNOTS('', 1, 1, ((#1887, #1888), (#1889, #1890)), .UNSPECIFIED., .F., .F., .U., (2, 2), (2, 2), (0., 250.854338872145), (0., 250.854338872145), .UNSPECIFIED.);
#1887 = CARTESIAN_POINT('', (-87.3250085151258, -50.1534356446182, 125.799967043046));
#1888 = CARTESIAN_POINT('', (90.0557955914361, 127.227368461944, 125.799967043046));
#1889 = CARTESIAN_POINT('', (-87.3250085151258, -50.1534356446182, -125.054371829099));
#1890 = CARTESIAN_POINT('', (90.0557955914361, 127.227368461944, -125.054371829099));
#1891 = ADVANCED_FACE('', (#1892), #1910, .T.);
#1892 = FACE_OUTER_BOUND('', #1893, .T.);
#1893 = EDGE_LOOP('', (#1894, #1895, #1896, #1903, #1908, #1909));
#1894 = ORIENTED_EDGE('', *, *, #1594, .F.);
#1895 = ORIENTED_EDGE('', *, *, #1442, .F.);
#1896 = ORIENTED_EDGE('', *, *, #1897, .F.);
#1897 = EDGE_CURVE('', #1898, #1443, #1900, .T.);
#1898 = VERTEX_POINT('', #1899);
#1899 = CARTESIAN_POINT('', (1.82842712949237, 0., 25.247662327221));
#1900 = B_SPLINE_CURVE_WITH_KNOTS('', 1, (#1901, #1902), .UNSPECIFIED., .F., .U., (2, 2), (0., 1.), .UNSPECIFIED.);
#1901 = CARTESIAN_POINT('', (1.82842712949244, 0., 25.247662327221));
#1902 = CARTESIAN_POINT('', (8.18319778283151, 0., 26.57157288));
#1903 = ORIENTED_EDGE('', *, *, #1904, .T.);
#1904 = EDGE_CURVE('', #1898, #1805, #1905, .T.);
#1905 = B_SPLINE_CURVE_WITH_KNOTS('', 1, (#1906, #1907), .UNSPECIFIED., .F., .U., (2, 2), (0., 1.), .UNSPECIFIED.);
#1906 = CARTESIAN_POINT('', (1.82842712949235, 0., 25.247662327221));
#1907 = CARTESIAN_POINT('', (-2.22044604925031E-16, 1.82842712949235, 25.5197496976812));
#1908 = ORIENTED_EDGE('', *, *, #1802, .F.);
#1909 = ORIENTED_EDGE('', *, *, #1838, .T.);
#1910 = B_SPLINE_SURFACE_WITH_KNOTS('', 1, 1, ((#1911, #1912), (#1913, #1914)), .UNSPECIFIED., .F., .F., .U., (2, 2), (2, 2), (0., 250.854338866242), (0., 250.854338866242), .UNSPECIFIED.);
#1911 = CARTESIAN_POINT('', (133.924371625743, -122.564441849834, 8.99463581757055));
#1912 = CARTESIAN_POINT('', (133.924371625743, 113.67560276592, 93.3660803231969));
#1913 = CARTESIAN_POINT('', (-112.236963340999, -106.320764014548, -36.4876621212318));
#1914 = CARTESIAN_POINT('', (-112.236963340999, 129.919280601206, 47.8837823843946));
#1915 = ADVANCED_FACE('', (#1916), #1927, .T.);
#1916 = FACE_OUTER_BOUND('', #1917, .T.);
#1917 = EDGE_LOOP('', (#1918, #1919, #1924, #1925, #1926));
#1918 = ORIENTED_EDGE('', *, *, #1904, .F.);
#1919 = ORIENTED_EDGE('', *, *, #1920, .F.);
#1920 = EDGE_CURVE('', #1753, #1898, #1921, .T.);
#1921 = B_SPLINE_CURVE_WITH_KNOTS('', 1, (#1922, #1923), .UNSPECIFIED., .F., .U., (2, 2), (0., 0.94955213963728), .UNSPECIFIED.);
#1922 = CARTESIAN_POINT('', (1.82842712949237, 0., 0.328427119999986));
#1923 = CARTESIAN_POINT('', (1.82842712949237, 0., 25.247662327221));
#1924 = ORIENTED_EDGE('', *, *, #1750, .F.);
#1925 = ORIENTED_EDGE('', *, *, #1779, .T.);
#1926 = ORIENTED_EDGE('', *, *, #1825, .F.);
#1927 = B_SPLINE_SURFACE_WITH_KNOTS('', 1, 1, ((#1928, #1929), (#1930, #1931)), .UNSPECIFIED., .F., .F., .U., (2, 2), (2, 2), (0., 250.854338872145), (0., 250.854338872145), .UNSPECIFIED.);
#1928 = CARTESIAN_POINT('', (90.0557955843476, -88.2273684548553, 125.79996704111));
#1929 = CARTESIAN_POINT('', (-87.3250085222142, 89.1534356517066, 125.79996704111));
#1930 = CARTESIAN_POINT('', (90.0557955843476, -88.2273684548553, -125.054371831035));
#1931 = CARTESIAN_POINT('', (-87.3250085222142, 89.1534356517066, -125.054371831035));
#1932 = ADVANCED_FACE('', (#1933), #1945, .F.);
#1933 = FACE_OUTER_BOUND('', #1934, .F.);
#1934 = EDGE_LOOP('', (#1935, #1936, #1937, #1938, #1939, #1944));
#1935 = ORIENTED_EDGE('', *, *, #1897, .F.);
#1936 = ORIENTED_EDGE('', *, *, #1920, .F.);
#1937 = ORIENTED_EDGE('', *, *, #1766, .T.);
#1938 = ORIENTED_EDGE('', *, *, #1350, .F.);
#1939 = ORIENTED_EDGE('', *, *, #1940, .F.);
#1940 = EDGE_CURVE('', #1450, #1351, #1941, .T.);
#1941 = B_SPLINE_CURVE_WITH_KNOTS('', 1, (#1942, #1943), .UNSPECIFIED., .F., .U., (2, 2), (0., 0.955356995281193), .UNSPECIFIED.);
#1942 = CARTESIAN_POINT('', (114.671572870508, 0., 26.57157288));
#1943 = CARTESIAN_POINT('', (114.671572870508, 0., 1.50000000000004));
#1944 = ORIENTED_EDGE('', *, *, #1449, .F.);
#1945 = B_SPLINE_SURFACE_WITH_KNOTS('', 1, 1, ((#1946, #1947), (#1948, #1949)), .UNSPECIFIED., .F., .F., .U., (2, 2), (2, 2), (0., 1.), (0., 1.), .UNSPECIFIED.);
#1946 = CARTESIAN_POINT('', (0., 0., 26.57157288));
#1947 = CARTESIAN_POINT('', (115., 0., 26.57157288));
#1948 = CARTESIAN_POINT('', (0., 0., 0.328427120000001));
#1949 = CARTESIAN_POINT('', (115., 0., 0.328427120000001));
#1950 = ADVANCED_FACE('', (#1951), #1957, .T.);
#1951 = FACE_OUTER_BOUND('', #1952, .T.);
#1952 = EDGE_LOOP('', (#1953, #1954, #1955, #1956));
#1953 = ORIENTED_EDGE('', *, *, #1940, .F.);
#1954 = ORIENTED_EDGE('', *, *, #1456, .F.);
#1955 = ORIENTED_EDGE('', *, *, #1393, .F.);
#1956 = ORIENTED_EDGE('', *, *, #1357, .T.);
#1957 = B_SPLINE_SURFACE_WITH_KNOTS('', 1, 1, ((#1958, #1959), (#1960, #1961)), .UNSPECIFIED., .F., .F., .U., (2, 2), (2, 2), (0., 250.854338866242), (0., 250.854338866242), .UNSPECIFIED.);
#1958 = CARTESIAN_POINT('', (203.445138197898, 88.7735653273901, 125.494122651607));
#1959 = CARTESIAN_POINT('', (26.06433409551, -88.6072387749976, 125.494122651607));
#1960 = CARTESIAN_POINT('', (203.445138197898, 88.7735653273901, -125.360216214635));
#1961 = CARTESIAN_POINT('', (26.06433409551, -88.6072387749976, -125.360216214635));
#1962 = PRESENTATION_STYLE_ASSIGNMENT((#1963));
#1963 = SURFACE_STYLE_USAGE(.POSITIVE., #1964);
#1964 = SURFACE_SIDE_STYLE('', (#1965));
#1965 = SURFACE_STYLE_FILL_AREA(#1966);
#1966 = FILL_AREA_STYLE('', (#1967));
#1967 = FILL_AREA_STYLE_COLOUR('', #1968);
#1968 = COLOUR_RGB('', 0.109803921568627, 0.113725490196078, 0.125490196078431);
#1969 = STYLED_ITEM('', (#1962), #52);
#1970 = DRAUGHTING_MODEL('#1970', (#1969), #1975);
#1971 = AXIS2_PLACEMENT_3D('Mount', #1972, #1973, #1974);
#1972 = CARTESIAN_POINT('', (0., 0., 0.));
#1973 = DIRECTION('', (0., 0., 1.));
#1974 = DIRECTION('', (1., 0., 0.));
#1975 = (
   GEOMETRIC_REPRESENTATION_CONTEXT (3)
   GLOBAL_UNCERTAINTY_ASSIGNED_CONTEXT ((#1977))
   GLOBAL_UNIT_ASSIGNED_CONTEXT ((#1976, #1978, #1979))
   REPRESENTATION_CONTEXT ('', '3D')
);
#1976 = (
   LENGTH_UNIT ()
   NAMED_UNIT (*)
   SI_UNIT (.MILLI., .METRE.)
);
#1977 = UNCERTAINTY_MEASURE_WITH_UNIT(LENGTH_MEASURE(1.E-6), #1976, 'DISTANCE_ACCURACY_VALUE', '');
#1978 = (
   NAMED_UNIT (*)
   SI_UNIT ($, .STERADIAN.)
   SOLID_ANGLE_UNIT ()
);
#1979 = (
   NAMED_UNIT (*)
   PLANE_ANGLE_UNIT ()
   SI_UNIT ($, .RADIAN.)
);
#1980 = SHAPE_REPRESENTATION('', (#2001), #1975);
#1981 = PRODUCT_DEFINITION_SHAPE('', '', #1982);
#1982 = PRODUCT_DEFINITION('', '', #1985, #1989);
#1983 = APPLICATION_CONTEXT('automotive design');
#1984 = APPLICATION_PROTOCOL_DEFINITION('International Standard', 'automotive_design', 2002, #1983);
#1985 = PRODUCT_DEFINITION_FORMATION_WITH_SPECIFIED_SOURCE('', '', #1986, .NOT_KNOWN.);
#1986 = PRODUCT('Tub', 'Tub', '', (#1987));
#1987 = PRODUCT_CONTEXT('', #1983, 'mechanical');
#1988 = PRODUCT_RELATED_PRODUCT_CATEGORY('detail', '', (#1986));
#1989 = PRODUCT_DEFINITION_CONTEXT('part definition', #1983, 'design');
#1990 = SHAPE_DEFINITION_REPRESENTATION(#1981, #1980);
#1991 = CONSTRUCTIVE_GEOMETRY_REPRESENTATION('supplemental geometry', (#1971), #1975);
#1992 = CONSTRUCTIVE_GEOMETRY_REPRESENTATION_RELATIONSHIP('', '', #1980, #1991);
#1993 = SHAPE_REPRESENTATION_RELATIONSHIP('', '', #1980, #1994);
#1994 = MANIFOLD_SURFACE_SHAPE_REPRESENTATION('', (#52), #1975);
#1995 = NEXT_ASSEMBLY_USAGE_OCCURRENCE('#1995', 'Tub_instance', 'Tub_instance', #8, #1982, '');
#1996 = PRODUCT_DEFINITION_SHAPE('', '', #1995);
#1997 = AXIS2_PLACEMENT_3D('', #1998, #1999, #2000);
#1998 = CARTESIAN_POINT('', (0., 0., 0.));
#1999 = DIRECTION('', (0., 0., 1.));
#2000 = DIRECTION('', (1., 0., 0.));
#2001 = AXIS2_PLACEMENT_3D('', #2002, #2003, #2004);
#2002 = CARTESIAN_POINT('', (0., 0., 0.));
#2003 = DIRECTION('', (0., 0., 1.));
#2004 = DIRECTION('', (1., 0., 0.));
#2005 = ITEM_DEFINED_TRANSFORMATION('', '', #1997, #2001);
#2006 = (
   REPRESENTATION_RELATIONSHIP ('', '', #6, #1980)
   REPRESENTATION_RELATIONSHIP_WITH_TRANSFORMATION (#2005)
   SHAPE_REPRESENTATION_RELATIONSHIP ()
);
#2007 = CONTEXT_DEPENDENT_SHAPE_REPRESENTATION(#2006, #1996);
ENDSEC;
END-ISO-10303-21;
