ISO-10303-21;
HEADER;
FILE_DESCRIPTION(('STEP'), '1');
FILE_NAME('/Users/dev/dev/awv/classcad-ai/workspace/training/2026-09-20_01-02-49_enclosed-void-boolean/files/PVS-v2-assembly.step', '2026-09-20T01:06:50', (''), (''), 'Express 3.1.3.0', 'Express Tool', 'Unknown');
FILE_SCHEMA(('AUTOMOTIVE_DESIGN'));
ENDSEC;

DATA;
#1 = (
   GEOMETRIC_REPRESENTATION_CONTEXT (3)
   GLOBAL_UNCERTAINTY_ASSIGNED_CONTEXT ((#3))
   GLOBAL_UNIT_ASSIGNED_CONTEXT ((#2, #4, #5))
   REPRESENTATION_CONTEXT ('', '3D')
);
#2 = (
   LENGTH_UNIT ()
   NAMED_UNIT (*)
   SI_UNIT (.MILLI., .METRE.)
);
#3 = UNCERTAINTY_MEASURE_WITH_UNIT(LENGTH_MEASURE(1.E-6), #2, 'DISTANCE_ACCURACY_VALUE', '');
#4 = (
   NAMED_UNIT (*)
   SI_UNIT ($, .STERADIAN.)
   SOLID_ANGLE_UNIT ()
);
#5 = (
   NAMED_UNIT (*)
   PLANE_ANGLE_UNIT ()
   SI_UNIT ($, .RADIAN.)
);
#6 = SHAPE_REPRESENTATION('', (#41, #2045), #1);
#7 = PRODUCT_DEFINITION_SHAPE('', '', #8);
#8 = PRODUCT_DEFINITION('', '', #11, #15);
#9 = APPLICATION_CONTEXT('automotive design');
#10 = APPLICATION_PROTOCOL_DEFINITION('International Standard', 'automotive_design', 2002, #9);
#11 = PRODUCT_DEFINITION_FORMATION_WITH_SPECIFIED_SOURCE('', '', #12, .NOT_KNOWN.);
#12 = PRODUCT('PVS v2 housing', 'PVS v2 housing', '', (#13));
#13 = PRODUCT_CONTEXT('', #9, 'mechanical');
#14 = PRODUCT_RELATED_PRODUCT_CATEGORY('detail', '', (#12));
#15 = PRODUCT_DEFINITION_CONTEXT('part definition', #9, 'design');
#16 = SHAPE_DEFINITION_REPRESENTATION(#7, #6);
#17 = AXIS2_PLACEMENT_3D('Mount', #18, #19, #20);
#18 = CARTESIAN_POINT('', (0., 0., 0.));
#19 = DIRECTION('', (0., 0., 1.));
#20 = DIRECTION('', (1., 0., 0.));
#21 = (
   GEOMETRIC_REPRESENTATION_CONTEXT (3)
   GLOBAL_UNCERTAINTY_ASSIGNED_CONTEXT ((#23))
   GLOBAL_UNIT_ASSIGNED_CONTEXT ((#22, #24, #25))
   REPRESENTATION_CONTEXT ('', '3D')
);
#22 = (
   LENGTH_UNIT ()
   NAMED_UNIT (*)
   SI_UNIT (.MILLI., .METRE.)
);
#23 = UNCERTAINTY_MEASURE_WITH_UNIT(LENGTH_MEASURE(1.E-6), #22, 'DISTANCE_ACCURACY_VALUE', '');
#24 = (
   NAMED_UNIT (*)
   SI_UNIT ($, .STERADIAN.)
   SOLID_ANGLE_UNIT ()
);
#25 = (
   NAMED_UNIT (*)
   PLANE_ANGLE_UNIT ()
   SI_UNIT ($, .RADIAN.)
);
#26 = SHAPE_REPRESENTATION('', (#45), #21);
#27 = PRODUCT_DEFINITION_SHAPE('', '', #28);
#28 = PRODUCT_DEFINITION('', '', #31, #35);
#29 = APPLICATION_CONTEXT('automotive design');
#30 = APPLICATION_PROTOCOL_DEFINITION('International Standard', 'automotive_design', 2002, #29);
#31 = PRODUCT_DEFINITION_FORMATION_WITH_SPECIFIED_SOURCE('', '', #32, .NOT_KNOWN.);
#32 = PRODUCT('Parameters', 'Parameters', '', (#33));
#33 = PRODUCT_CONTEXT('', #29, 'mechanical');
#34 = PRODUCT_RELATED_PRODUCT_CATEGORY('detail', '', (#32));
#35 = PRODUCT_DEFINITION_CONTEXT('part definition', #29, 'design');
#36 = SHAPE_DEFINITION_REPRESENTATION(#27, #26);
#37 = CONSTRUCTIVE_GEOMETRY_REPRESENTATION('supplemental geometry', (#17), #21);
#38 = CONSTRUCTIVE_GEOMETRY_REPRESENTATION_RELATIONSHIP('', '', #26, #37);
#39 = NEXT_ASSEMBLY_USAGE_OCCURRENCE('#39', 'Parameters', 'Parameters', #8, #28, '');
#40 = PRODUCT_DEFINITION_SHAPE('', '', #39);
#41 = AXIS2_PLACEMENT_3D('', #42, #43, #44);
#42 = CARTESIAN_POINT('', (0., 0., 0.));
#43 = DIRECTION('', (0., 0., 1.));
#44 = DIRECTION('', (1., 0., 0.));
#45 = AXIS2_PLACEMENT_3D('', #46, #47, #48);
#46 = CARTESIAN_POINT('', (0., 0., 0.));
#47 = DIRECTION('', (0., 0., 1.));
#48 = DIRECTION('', (1., 0., 0.));
#49 = ITEM_DEFINED_TRANSFORMATION('', '', #41, #45);
#50 = (
   REPRESENTATION_RELATIONSHIP ('', '', #6, #26)
   REPRESENTATION_RELATIONSHIP_WITH_TRANSFORMATION (#49)
   SHAPE_REPRESENTATION_RELATIONSHIP ()
);
#51 = CONTEXT_DEPENDENT_SHAPE_REPRESENTATION(#50, #40);
#52 = BREP_WITH_VOIDS('Subtraction_0', #53, (#1362));
#53 = CLOSED_SHELL('', (#54, #92, #152, #181, #232, #260, #292, #320, #375, #391, #411, #423, #480, #522, #550, #578, #606, #640, #662, #688, #704, #716, #752, #787, #830, #864, #893, #922, #951, #981, #1010, #1045, #1107, #1144, #1168, #1191, #1210, #1228, #1251, #1272, #1290, #1312, #1334, #1350));
#54 = ADVANCED_FACE('', (#55), #87, .T.);
#55 = FACE_OUTER_BOUND('', #56, .T.);
#56 = EDGE_LOOP('', (#57, #66, #74, #81));
#57 = ORIENTED_EDGE('', *, *, #58, .F.);
#58 = EDGE_CURVE('', #59, #61, #63, .T.);
#59 = VERTEX_POINT('', #60);
#60 = CARTESIAN_POINT('', (116., -1.49999999999998, 0.728869096528736));
#61 = VERTEX_POINT('', #62);
#62 = CARTESIAN_POINT('', (116., -1.49999999999997, 18.2711309034713));
#63 = B_SPLINE_CURVE_WITH_KNOTS('', 1, (#64, #65), .UNSPECIFIED., .F., .U., (2, 2), (0.0417982685894158, 0.638473840254127), .UNSPECIFIED.);
#64 = CARTESIAN_POINT('', (116., -1.49999999999998, 0.728869096528717));
#65 = CARTESIAN_POINT('', (116., -1.49999999999998, 18.2711309034713));
#66 = ORIENTED_EDGE('', *, *, #67, .F.);
#67 = EDGE_CURVE('', #68, #59, #70, .T.);
#68 = VERTEX_POINT('', #69);
#69 = CARTESIAN_POINT('', (116., -1.7, 2.1));
#70 = (
   BOUNDED_CURVE ()
   B_SPLINE_CURVE (2, (#71, #72, #73), .UNSPECIFIED., .F., .U.)
   B_SPLINE_CURVE_WITH_KNOTS ((3, 3), (0., 0.19453083814271), .UNSPECIFIED.)
   CURVE ()
   GEOMETRIC_REPRESENTATION_ITEM ()
   RATIONAL_B_SPLINE_CURVE ((1., 0.943023237215152, 0.908213949268694))
   REPRESENTATION_ITEM ('')
);
#71 = CARTESIAN_POINT('', (116., -1.7, 2.1));
#72 = CARTESIAN_POINT('', (116., -1.6999999971636, 1.39984804935162));
#73 = CARTESIAN_POINT('', (116., -1.49999999999998, 0.728869096528736));
#74 = ORIENTED_EDGE('', *, *, #75, .F.);
#75 = EDGE_CURVE('', #76, #68, #78, .T.);
#76 = VERTEX_POINT('', #77);
#77 = CARTESIAN_POINT('', (116., -1.70000000000001, 16.9));
#78 = B_SPLINE_CURVE_WITH_KNOTS('', 1, (#79, #80), .UNSPECIFIED., .F., .U., (2, 2), (0., 1.), .UNSPECIFIED.);
#79 = CARTESIAN_POINT('', (116., -1.7, 16.9));
#80 = CARTESIAN_POINT('', (116., -1.7, 2.1));
#81 = ORIENTED_EDGE('', *, *, #82, .F.);
#82 = EDGE_CURVE('', #61, #76, #83, .T.);
#83 = (
   BOUNDED_CURVE ()
   B_SPLINE_CURVE (2, (#84, #85, #86), .UNSPECIFIED., .F., .U.)
   B_SPLINE_CURVE_WITH_KNOTS ((3, 3), (0.805469161857281, 1.), .UNSPECIFIED.)
   CURVE ()
   GEOMETRIC_REPRESENTATION_ITEM ()
   RATIONAL_B_SPLINE_CURVE ((0.908213949268691, 0.94302323721515, 1.))
   REPRESENTATION_ITEM ('')
);
#84 = CARTESIAN_POINT('', (116., -1.49999999999997, 18.2711309034713));
#85 = CARTESIAN_POINT('', (116., -1.6999999971636, 17.6001519506484));
#86 = CARTESIAN_POINT('', (116., -1.70000000000001, 16.9));
#87 = B_SPLINE_SURFACE_WITH_KNOTS('', 1, 1, ((#88, #89), (#90, #91)), .UNSPECIFIED., .F., .F., .U., (2, 2), (2, 2), (0., 1.), (0., 1.), .UNSPECIFIED.);
#88 = CARTESIAN_POINT('', (116., -8.10991223774496, -11.009912237745));
#89 = CARTESIAN_POINT('', (116., 32.9099122377449, -11.009912237745));
#90 = CARTESIAN_POINT('', (116., -8.10991223774496, 30.009912237745));
#91 = CARTESIAN_POINT('', (116., 32.9099122377449, 30.009912237745));
#92 = ADVANCED_FACE('', (#93), #145, .T.);
#93 = FACE_OUTER_BOUND('', #94, .T.);
#94 = EDGE_LOOP('', (#95, #106, #114, #121, #129, #134, #135));
#95 = ORIENTED_EDGE('', *, *, #96, .F.);
#96 = EDGE_CURVE('', #97, #99, #101, .T.);
#97 = VERTEX_POINT('', #98);
#98 = CARTESIAN_POINT('', (116., -1.21624836369999, 2.37638233823385E-14));
#99 = VERTEX_POINT('', #100);
#100 = CARTESIAN_POINT('', (116.194451166852, -1.30554883314753, 0.194451166852411));
#101 = B_SPLINE_CURVE_WITH_KNOTS('', 3, (#102, #103, #104, #105), .UNSPECIFIED., .F., .U., (4, 4), (0., 0.289038775688612), .UNSPECIFIED.);
#102 = CARTESIAN_POINT('', (116., -1.2162483637, 2.12393297092522E-14));
#103 = CARTESIAN_POINT('', (116.064421306926, -1.24759149639051, 0.0644213069264129));
#104 = CARTESIAN_POINT('', (116.129258606645, -1.2773537213898, 0.129258606645452));
#105 = CARTESIAN_POINT('', (116.19444909296, -1.30555090703953, 0.194449092960417));
#106 = ORIENTED_EDGE('', *, *, #107, .T.);
#107 = EDGE_CURVE('', #97, #108, #110, .T.);
#108 = VERTEX_POINT('', #109);
#109 = CARTESIAN_POINT('', (116., 3.1, -2.7));
#110 = (
   BOUNDED_CURVE ()
   B_SPLINE_CURVE (2, (#111, #112, #113), .UNSPECIFIED., .F., .U.)
   B_SPLINE_CURVE_WITH_KNOTS ((3, 3), (0.297398325804525, 1.), .UNSPECIFIED.)
   CURVE ()
   GEOMETRIC_REPRESENTATION_ITEM ()
   RATIONAL_B_SPLINE_CURVE ((0.877598424496715, 0.794212736113825, 1.))
   REPRESENTATION_ITEM ('')
);
#111 = CARTESIAN_POINT('', (116., -1.2162483637, 2.40376129605636E-14));
#112 = CARTESIAN_POINT('', (116., 0.0973924474032752, -2.69999998783606));
#113 = CARTESIAN_POINT('', (116., 3.1, -2.7));
#114 = ORIENTED_EDGE('', *, *, #115, .T.);
#115 = EDGE_CURVE('', #108, #116, #118, .T.);
#116 = VERTEX_POINT('', #117);
#117 = CARTESIAN_POINT('', (120.2, 3.1, -2.7));
#118 = B_SPLINE_CURVE_WITH_KNOTS('', 1, (#119, #120), .UNSPECIFIED., .F., .U., (2, 2), (0., 4.2), .UNSPECIFIED.);
#119 = CARTESIAN_POINT('', (116., 3.1, -2.7));
#120 = CARTESIAN_POINT('', (120.2, 3.1, -2.7));
#121 = ORIENTED_EDGE('', *, *, #122, .F.);
#122 = EDGE_CURVE('', #123, #116, #125, .T.);
#123 = VERTEX_POINT('', #124);
#124 = CARTESIAN_POINT('', (120.2, -1.7, 2.1));
#125 = (
   BOUNDED_CURVE ()
   B_SPLINE_CURVE (2, (#126, #127, #128), .UNSPECIFIED., .F., .U.)
   B_SPLINE_CURVE_WITH_KNOTS ((3, 3), (0., 1.), .UNSPECIFIED.)
   CURVE ()
   GEOMETRIC_REPRESENTATION_ITEM ()
   RATIONAL_B_SPLINE_CURVE ((1., 0.707106784051127, 1.))
   REPRESENTATION_ITEM ('')
);
#126 = CARTESIAN_POINT('', (120.2, -1.7, 2.1));
#127 = CARTESIAN_POINT('', (120.2, -1.69999998055459, -2.69999998055459));
#128 = CARTESIAN_POINT('', (120.2, 3.1, -2.7));
#129 = ORIENTED_EDGE('', *, *, #130, .F.);
#130 = EDGE_CURVE('', #68, #123, #131, .T.);
#131 = B_SPLINE_CURVE_WITH_KNOTS('', 1, (#132, #133), .UNSPECIFIED., .F., .U., (2, 2), (0., 4.2), .UNSPECIFIED.);
#132 = CARTESIAN_POINT('', (116., -1.7, 2.1));
#133 = CARTESIAN_POINT('', (120.2, -1.7, 2.1));
#134 = ORIENTED_EDGE('', *, *, #67, .T.);
#135 = ORIENTED_EDGE('', *, *, #136, .T.);
#136 = EDGE_CURVE('', #59, #99, #137, .T.);
#137 = B_SPLINE_CURVE_WITH_KNOTS('', 3, (#138, #139, #140, #141, #142, #143, #144), .UNSPECIFIED., .F., .U., (4, 3, 4), (0., 0.440464078841103, 0.601300225470629), .UNSPECIFIED.);
#138 = CARTESIAN_POINT('', (116., -1.49999999999999, 0.728869096528734));
#139 = CARTESIAN_POINT('', (116.040326835743, -1.45967316425658, 0.593576804521157));
#140 = CARTESIAN_POINT('', (116.086249017404, -1.4137509825963, 0.461391864302469));
#141 = CARTESIAN_POINT('', (116.136962958119, -1.36303704188116, 0.33327978808364));
#142 = CARTESIAN_POINT('', (116.155481232813, -1.3445187671867, 0.286499463272686));
#143 = CARTESIAN_POINT('', (116.174657099017, -1.32534290098278, 0.240212500103037));
#144 = CARTESIAN_POINT('', (116.194451166852, -1.30554883314745, 0.194451166852411));
#145 = (
   BOUNDED_SURFACE ()
   B_SPLINE_SURFACE (2, 1, ((#146, #147), (#148, #149), (#150, #151)), .UNSPECIFIED., .F., .F., .U.)
   B_SPLINE_SURFACE_WITH_KNOTS ((3, 3), (2, 2), (0., 1.), (0., 4.2), .UNSPECIFIED.)
   GEOMETRIC_REPRESENTATION_ITEM ()
   RATIONAL_B_SPLINE_SURFACE (((1., 1.), (0.707106784051127, 0.707106784051127), (1., 1.)))
   REPRESENTATION_ITEM ('')
   SURFACE ()
);
#146 = CARTESIAN_POINT('', (116., -1.7, 2.1));
#147 = CARTESIAN_POINT('', (120.2, -1.7, 2.1));
#148 = CARTESIAN_POINT('', (116., -1.69999998055459, -2.69999998055459));
#149 = CARTESIAN_POINT('', (120.2, -1.69999998055459, -2.69999998055459));
#150 = CARTESIAN_POINT('', (116., 3.1, -2.7));
#151 = CARTESIAN_POINT('', (120.2, 3.1, -2.7));
#152 = ADVANCED_FACE('', (#153), #176, .T.);
#153 = FACE_OUTER_BOUND('', #154, .T.);
#154 = EDGE_LOOP('', (#155, #162, #170, #175));
#155 = ORIENTED_EDGE('', *, *, #156, .F.);
#156 = EDGE_CURVE('', #157, #97, #159, .T.);
#157 = VERTEX_POINT('', #158);
#158 = CARTESIAN_POINT('', (116., 26.0162483637, 2.55380678764583E-16));
#159 = B_SPLINE_CURVE_WITH_KNOTS('', 1, (#160, #161), .UNSPECIFIED., .F., .U., (2, 2), (0.197470100385743, 0.97754930946367), .UNSPECIFIED.);
#160 = CARTESIAN_POINT('', (116., 26.0162483637, -4.39625888431457E-15));
#161 = CARTESIAN_POINT('', (116., -1.21624836369998, -4.39625888431457E-15));
#162 = ORIENTED_EDGE('', *, *, #163, .F.);
#163 = EDGE_CURVE('', #164, #157, #166, .T.);
#164 = VERTEX_POINT('', #165);
#165 = CARTESIAN_POINT('', (116., 21.7, -2.7));
#166 = (
   BOUNDED_CURVE ()
   B_SPLINE_CURVE (2, (#167, #168, #169), .UNSPECIFIED., .F., .U.)
   B_SPLINE_CURVE_WITH_KNOTS ((3, 3), (0., 0.702601674195471), .UNSPECIFIED.)
   CURVE ()
   GEOMETRIC_REPRESENTATION_ITEM ()
   RATIONAL_B_SPLINE_CURVE ((1., 0.794212736113826, 0.877598424496714))
   REPRESENTATION_ITEM ('')
);
#167 = CARTESIAN_POINT('', (116., 21.7, -2.7));
#168 = CARTESIAN_POINT('', (116., 24.7026075525967, -2.69999998783605));
#169 = CARTESIAN_POINT('', (116., 26.0162483637, 1.43189713167264E-16));
#170 = ORIENTED_EDGE('', *, *, #171, .F.);
#171 = EDGE_CURVE('', #108, #164, #172, .T.);
#172 = B_SPLINE_CURVE_WITH_KNOTS('', 1, (#173, #174), .UNSPECIFIED., .F., .U., (2, 2), (0., 1.), .UNSPECIFIED.);
#173 = CARTESIAN_POINT('', (116., 3.1, -2.7));
#174 = CARTESIAN_POINT('', (116., 21.7, -2.7));
#175 = ORIENTED_EDGE('', *, *, #107, .F.);
#176 = B_SPLINE_SURFACE_WITH_KNOTS('', 1, 1, ((#177, #178), (#179, #180)), .UNSPECIFIED., .F., .F., .U., (2, 2), (2, 2), (0., 1.), (0., 1.), .UNSPECIFIED.);
#177 = CARTESIAN_POINT('', (116., -8.10991223774496, -11.009912237745));
#178 = CARTESIAN_POINT('', (116., 32.9099122377449, -11.009912237745));
#179 = CARTESIAN_POINT('', (116., -8.10991223774496, 30.009912237745));
#180 = CARTESIAN_POINT('', (116., 32.9099122377449, 30.009912237745));
#181 = ADVANCED_FACE('', (#182), #225, .T.);
#182 = FACE_OUTER_BOUND('', #183, .T.);
#183 = EDGE_LOOP('', (#184, #194, #201, #209, #214, #215));
#184 = ORIENTED_EDGE('', *, *, #185, .T.);
#185 = EDGE_CURVE('', #186, #188, #190, .T.);
#186 = VERTEX_POINT('', #187);
#187 = CARTESIAN_POINT('', (117., 26.3722585504431, 1.));
#188 = VERTEX_POINT('', #189);
#189 = CARTESIAN_POINT('', (117., 26.5, 2.1));
#190 = (
   BOUNDED_CURVE ()
   B_SPLINE_CURVE (2, (#191, #192, #193), .UNSPECIFIED., .F., .U.)
   B_SPLINE_CURVE_WITH_KNOTS ((3, 3), (0.84330664666409, 1.), .UNSPECIFIED.)
   CURVE ()
   GEOMETRIC_REPRESENTATION_ITEM ()
   RATIONAL_B_SPLINE_CURVE ((0.922593860840949, 0.954105579823632, 1.))
   REPRESENTATION_ITEM ('')
);
#191 = CARTESIAN_POINT('', (117., 26.372258550443, 0.999999999999944));
#192 = CARTESIAN_POINT('', (117., 26.4999999977418, 1.54258278301907));
#193 = CARTESIAN_POINT('', (117., 26.5, 2.1));
#194 = ORIENTED_EDGE('', *, *, #195, .T.);
#195 = EDGE_CURVE('', #188, #196, #198, .T.);
#196 = VERTEX_POINT('', #197);
#197 = CARTESIAN_POINT('', (120.2, 26.5, 2.1));
#198 = B_SPLINE_CURVE_WITH_KNOTS('', 1, (#199, #200), .UNSPECIFIED., .F., .U., (2, 2), (0.999999999999986, 4.2), .UNSPECIFIED.);
#199 = CARTESIAN_POINT('', (117., 26.5, 2.1));
#200 = CARTESIAN_POINT('', (120.2, 26.5, 2.1));
#201 = ORIENTED_EDGE('', *, *, #202, .F.);
#202 = EDGE_CURVE('', #203, #196, #205, .T.);
#203 = VERTEX_POINT('', #204);
#204 = CARTESIAN_POINT('', (120.2, 21.7, -2.7));
#205 = (
   BOUNDED_CURVE ()
   B_SPLINE_CURVE (2, (#206, #207, #208), .UNSPECIFIED., .F., .U.)
   B_SPLINE_CURVE_WITH_KNOTS ((3, 3), (0., 1.), .UNSPECIFIED.)
   CURVE ()
   GEOMETRIC_REPRESENTATION_ITEM ()
   RATIONAL_B_SPLINE_CURVE ((1., 0.707106784051127, 1.))
   REPRESENTATION_ITEM ('')
);
#206 = CARTESIAN_POINT('', (120.2, 21.7, -2.7));
#207 = CARTESIAN_POINT('', (120.2, 26.4999999805546, -2.69999998055459));
#208 = CARTESIAN_POINT('', (120.2, 26.5, 2.1));
#209 = ORIENTED_EDGE('', *, *, #210, .F.);
#210 = EDGE_CURVE('', #164, #203, #211, .T.);
#211 = B_SPLINE_CURVE_WITH_KNOTS('', 1, (#212, #213), .UNSPECIFIED., .F., .U., (2, 2), (0., 4.2), .UNSPECIFIED.);
#212 = CARTESIAN_POINT('', (116., 21.7, -2.7));
#213 = CARTESIAN_POINT('', (120.2, 21.7, -2.7));
#214 = ORIENTED_EDGE('', *, *, #163, .T.);
#215 = ORIENTED_EDGE('', *, *, #216, .T.);
#216 = EDGE_CURVE('', #157, #186, #217, .T.);
#217 = B_SPLINE_CURVE_WITH_KNOTS('', 3, (#218, #219, #220, #221, #222, #223, #224), .UNSPECIFIED., .F., .U., (4, 3, 4), (0., 0.981934528654853, 1.45942970403208), .UNSPECIFIED.);
#218 = CARTESIAN_POINT('', (116., 26.0162483637, 1.88737913217033E-16));
#219 = CARTESIAN_POINT('', (116.218854738439, 26.1227285553341, 0.218854738439124));
#220 = CARTESIAN_POINT('', (116.442510553664, 26.210963096201, 0.442510553663801));
#221 = CARTESIAN_POINT('', (116.66850491435, 26.2815741587998, 0.668504914349669));
#222 = CARTESIAN_POINT('', (116.778401464212, 26.3159109101159, 0.778401464212102));
#223 = CARTESIAN_POINT('', (116.88898119047, 26.3461211501227, 0.888981190470436));
#224 = CARTESIAN_POINT('', (117., 26.3722585504431, 1.00000000000011));
#225 = (
   BOUNDED_SURFACE ()
   B_SPLINE_SURFACE (2, 1, ((#226, #227), (#228, #229), (#230, #231)), .UNSPECIFIED., .F., .F., .U.)
   B_SPLINE_SURFACE_WITH_KNOTS ((3, 3), (2, 2), (0., 1.), (0., 4.2), .UNSPECIFIED.)
   GEOMETRIC_REPRESENTATION_ITEM ()
   RATIONAL_B_SPLINE_SURFACE (((1., 1.), (0.707106784051127, 0.707106784051127), (1., 1.)))
   REPRESENTATION_ITEM ('')
   SURFACE ()
);
#226 = CARTESIAN_POINT('', (116., 21.7, -2.7));
#227 = CARTESIAN_POINT('', (120.2, 21.7, -2.7));
#228 = CARTESIAN_POINT('', (116., 26.4999999805546, -2.69999998055459));
#229 = CARTESIAN_POINT('', (120.2, 26.4999999805546, -2.69999998055459));
#230 = CARTESIAN_POINT('', (116., 26.5, 2.1));
#231 = CARTESIAN_POINT('', (120.2, 26.5, 2.1));
#232 = ADVANCED_FACE('', (#233), #255, .T.);
#233 = FACE_OUTER_BOUND('', #234, .T.);
#234 = EDGE_LOOP('', (#235, #242, #249, #254));
#235 = ORIENTED_EDGE('', *, *, #236, .T.);
#236 = EDGE_CURVE('', #188, #237, #239, .T.);
#237 = VERTEX_POINT('', #238);
#238 = CARTESIAN_POINT('', (117., 26.5, 16.9));
#239 = B_SPLINE_CURVE_WITH_KNOTS('', 1, (#240, #241), .UNSPECIFIED., .F., .U., (2, 2), (0., 1.), .UNSPECIFIED.);
#240 = CARTESIAN_POINT('', (117., 26.5, 2.1));
#241 = CARTESIAN_POINT('', (117., 26.5, 16.9));
#242 = ORIENTED_EDGE('', *, *, #243, .T.);
#243 = EDGE_CURVE('', #237, #244, #246, .T.);
#244 = VERTEX_POINT('', #245);
#245 = CARTESIAN_POINT('', (120.2, 26.5, 16.9));
#246 = B_SPLINE_CURVE_WITH_KNOTS('', 1, (#247, #248), .UNSPECIFIED., .F., .U., (2, 2), (1., 4.2), .UNSPECIFIED.);
#247 = CARTESIAN_POINT('', (117., 26.5, 16.9));
#248 = CARTESIAN_POINT('', (120.2, 26.5, 16.9));
#249 = ORIENTED_EDGE('', *, *, #250, .F.);
#250 = EDGE_CURVE('', #196, #244, #251, .T.);
#251 = B_SPLINE_CURVE_WITH_KNOTS('', 1, (#252, #253), .UNSPECIFIED., .F., .U., (2, 2), (0., 1.), .UNSPECIFIED.);
#252 = CARTESIAN_POINT('', (120.2, 26.5, 2.1));
#253 = CARTESIAN_POINT('', (120.2, 26.5, 16.9));
#254 = ORIENTED_EDGE('', *, *, #195, .F.);
#255 = B_SPLINE_SURFACE_WITH_KNOTS('', 1, 1, ((#256, #257), (#258, #259)), .UNSPECIFIED., .F., .F., .U., (2, 2), (2, 2), (0., 1.), (0., 1.), .UNSPECIFIED.);
#256 = CARTESIAN_POINT('', (116., 26.5, 2.1));
#257 = CARTESIAN_POINT('', (120.2, 26.5, 2.1));
#258 = CARTESIAN_POINT('', (116., 26.5, 16.9));
#259 = CARTESIAN_POINT('', (120.2, 26.5, 16.9));
#260 = ADVANCED_FACE('', (#261), #285, .T.);
#261 = FACE_OUTER_BOUND('', #262, .T.);
#262 = EDGE_LOOP('', (#263, #271, #278, #284));
#263 = ORIENTED_EDGE('', *, *, #264, .T.);
#264 = EDGE_CURVE('', #237, #265, #267, .T.);
#265 = VERTEX_POINT('', #266);
#266 = CARTESIAN_POINT('', (117., 21.7, 21.7));
#267 = (
   BOUNDED_CURVE ()
   B_SPLINE_CURVE (2, (#268, #269, #270), .UNSPECIFIED., .F., .U.)
   B_SPLINE_CURVE_WITH_KNOTS ((3, 3), (0., 1.), .UNSPECIFIED.)
   CURVE ()
   GEOMETRIC_REPRESENTATION_ITEM ()
   RATIONAL_B_SPLINE_CURVE ((1., 0.707106784051125, 1.))
   REPRESENTATION_ITEM ('')
);
#268 = CARTESIAN_POINT('', (117., 26.5, 16.9));
#269 = CARTESIAN_POINT('', (117., 26.4999999805546, 21.6999999805546));
#270 = CARTESIAN_POINT('', (117., 21.7, 21.7));
#271 = ORIENTED_EDGE('', *, *, #272, .T.);
#272 = EDGE_CURVE('', #265, #273, #275, .T.);
#273 = VERTEX_POINT('', #274);
#274 = CARTESIAN_POINT('', (120.2, 21.7, 21.7));
#275 = B_SPLINE_CURVE_WITH_KNOTS('', 1, (#276, #277), .UNSPECIFIED., .F., .U., (2, 2), (1.00000000000001, 4.2), .UNSPECIFIED.);
#276 = CARTESIAN_POINT('', (117., 21.7, 21.7));
#277 = CARTESIAN_POINT('', (120.2, 21.7, 21.7));
#278 = ORIENTED_EDGE('', *, *, #279, .F.);
#279 = EDGE_CURVE('', #244, #273, #280, .T.);
#280 = (
   BOUNDED_CURVE ()
   B_SPLINE_CURVE (2, (#281, #282, #283), .UNSPECIFIED., .F., .U.)
   B_SPLINE_CURVE_WITH_KNOTS ((3, 3), (0., 1.), .UNSPECIFIED.)
   CURVE ()
   GEOMETRIC_REPRESENTATION_ITEM ()
   RATIONAL_B_SPLINE_CURVE ((1., 0.707106784051125, 1.))
   REPRESENTATION_ITEM ('')
);
#281 = CARTESIAN_POINT('', (120.2, 26.5, 16.9));
#282 = CARTESIAN_POINT('', (120.2, 26.4999999805546, 21.6999999805546));
#283 = CARTESIAN_POINT('', (120.2, 21.7, 21.7));
#284 = ORIENTED_EDGE('', *, *, #243, .F.);
#285 = (
   BOUNDED_SURFACE ()
   B_SPLINE_SURFACE (2, 1, ((#286, #287), (#288, #289), (#290, #291)), .UNSPECIFIED., .F., .F., .U.)
   B_SPLINE_SURFACE_WITH_KNOTS ((3, 3), (2, 2), (0., 1.), (0., 4.2), .UNSPECIFIED.)
   GEOMETRIC_REPRESENTATION_ITEM ()
   RATIONAL_B_SPLINE_SURFACE (((1., 1.), (0.707106784051125, 0.707106784051125), (1., 1.)))
   REPRESENTATION_ITEM ('')
   SURFACE ()
);
#286 = CARTESIAN_POINT('', (116., 26.5, 16.9));
#287 = CARTESIAN_POINT('', (120.2, 26.5, 16.9));
#288 = CARTESIAN_POINT('', (116., 26.4999999805546, 21.6999999805546));
#289 = CARTESIAN_POINT('', (120.2, 26.4999999805546, 21.6999999805546));
#290 = CARTESIAN_POINT('', (116., 21.7, 21.7));
#291 = CARTESIAN_POINT('', (120.2, 21.7, 21.7));
#292 = ADVANCED_FACE('', (#293), #315, .T.);
#293 = FACE_OUTER_BOUND('', #294, .T.);
#294 = EDGE_LOOP('', (#295, #302, #309, #314));
#295 = ORIENTED_EDGE('', *, *, #296, .T.);
#296 = EDGE_CURVE('', #265, #297, #299, .T.);
#297 = VERTEX_POINT('', #298);
#298 = CARTESIAN_POINT('', (117., 3.1, 21.7));
#299 = B_SPLINE_CURVE_WITH_KNOTS('', 1, (#300, #301), .UNSPECIFIED., .F., .U., (2, 2), (0., 1.), .UNSPECIFIED.);
#300 = CARTESIAN_POINT('', (117., 21.7, 21.7));
#301 = CARTESIAN_POINT('', (117., 3.1, 21.7));
#302 = ORIENTED_EDGE('', *, *, #303, .T.);
#303 = EDGE_CURVE('', #297, #304, #306, .T.);
#304 = VERTEX_POINT('', #305);
#305 = CARTESIAN_POINT('', (120.2, 3.1, 21.7));
#306 = B_SPLINE_CURVE_WITH_KNOTS('', 1, (#307, #308), .UNSPECIFIED., .F., .U., (2, 2), (1.00000000000001, 4.2), .UNSPECIFIED.);
#307 = CARTESIAN_POINT('', (117., 3.1, 21.7));
#308 = CARTESIAN_POINT('', (120.2, 3.1, 21.7));
#309 = ORIENTED_EDGE('', *, *, #310, .F.);
#310 = EDGE_CURVE('', #273, #304, #311, .T.);
#311 = B_SPLINE_CURVE_WITH_KNOTS('', 1, (#312, #313), .UNSPECIFIED., .F., .U., (2, 2), (0., 1.), .UNSPECIFIED.);
#312 = CARTESIAN_POINT('', (120.2, 21.7, 21.7));
#313 = CARTESIAN_POINT('', (120.2, 3.1, 21.7));
#314 = ORIENTED_EDGE('', *, *, #272, .F.);
#315 = B_SPLINE_SURFACE_WITH_KNOTS('', 1, 1, ((#316, #317), (#318, #319)), .UNSPECIFIED., .F., .F., .U., (2, 2), (2, 2), (0., 1.), (0., 1.), .UNSPECIFIED.);
#316 = CARTESIAN_POINT('', (116., 21.7, 21.7));
#317 = CARTESIAN_POINT('', (120.2, 21.7, 21.7));
#318 = CARTESIAN_POINT('', (116., 3.1, 21.7));
#319 = CARTESIAN_POINT('', (120.2, 3.1, 21.7));
#320 = ADVANCED_FACE('', (#321), #368, .T.);
#321 = FACE_OUTER_BOUND('', #322, .T.);
#322 = EDGE_LOOP('', (#323, #331, #353, #354, #361, #367));
#323 = ORIENTED_EDGE('', *, *, #324, .T.);
#324 = EDGE_CURVE('', #297, #325, #327, .T.);
#325 = VERTEX_POINT('', #326);
#326 = CARTESIAN_POINT('', (117., -0.499999999999959, 20.0749015611818));
#327 = (
   BOUNDED_CURVE ()
   B_SPLINE_CURVE (2, (#328, #329, #330), .UNSPECIFIED., .F., .U.)
   B_SPLINE_CURVE_WITH_KNOTS ((3, 3), (0., 0.537833400914033), .UNSPECIFIED.)
   CURVE ()
   GEOMETRIC_REPRESENTATION_ITEM ()
   RATIONAL_B_SPLINE_CURVE ((1., 0.84247224556157, 0.854391866939083))
   REPRESENTATION_ITEM ('')
);
#328 = CARTESIAN_POINT('', (117., 3.1, 21.7));
#329 = CARTESIAN_POINT('', (117., 0.933202096205693, 21.699999991222));
#330 = CARTESIAN_POINT('', (117., -0.499999999999958, 20.0749015611818));
#331 = ORIENTED_EDGE('', *, *, #332, .F.);
#332 = EDGE_CURVE('', #61, #325, #333, .T.);
#333 = B_SPLINE_CURVE_WITH_KNOTS('', 3, (#334, #335, #336, #337, #338, #339, #340, #341, #342, #343, #344, #345, #346, #347, #348, #349, #350, #351, #352), .UNSPECIFIED., .F., .U., (4, 3, 3, 3, 3, 3, 4), (0., 0.440464078841113, 0.880319418890428, 1.3196466613783, 1.75853029510817, 2.19704794795141, 2.3148627991339), .UNSPECIFIED.);
#334 = CARTESIAN_POINT('', (116., -1.49999999999997, 18.2711309034713));
#335 = CARTESIAN_POINT('', (116.040326835743, -1.45967316425655, 18.4064231954789));
#336 = CARTESIAN_POINT('', (116.086249017404, -1.41375098259627, 18.5386081356976));
#337 = CARTESIAN_POINT('', (116.136962958119, -1.36303704188113, 18.6667202119164));
#338 = CARTESIAN_POINT('', (116.18760681016, -1.31239318983946, 18.7946552321749));
#339 = CARTESIAN_POINT('', (116.243168889724, -1.25683111027574, 18.9189003252252));
#340 = CARTESIAN_POINT('', (116.302843515546, -1.19715648445403, 19.0387954751432));
#341 = CARTESIAN_POINT('', (116.362446495029, -1.13755350497035, 19.1585466769706));
#342 = CARTESIAN_POINT('', (116.426294027705, -1.07370597229442, 19.2742555468326));
#343 = CARTESIAN_POINT('', (116.493631742666, -1.00636825733357, 19.3855059174094));
#344 = CARTESIAN_POINT('', (116.560901463665, -0.939098536335342, 19.496643953412));
#345 = CARTESIAN_POINT('', (116.631790935275, -0.868209064725372, 19.6035657332597));
#346 = CARTESIAN_POINT('', (116.705622944285, -0.794377055715247, 19.7060340828313));
#347 = CARTESIAN_POINT('', (116.779393385485, -0.720606614514999, 19.8084169850212));
#348 = CARTESIAN_POINT('', (116.856228796541, -0.643771203458479, 19.9065351933859));
#349 = CARTESIAN_POINT('', (116.935536084282, -0.564463915717586, 20.0002748481375));
#350 = CARTESIAN_POINT('', (116.956843268252, -0.543156731748369, 20.0254595206423));
#351 = CARTESIAN_POINT('', (116.978334740973, -0.521665259026512, 20.0503354664743));
#352 = CARTESIAN_POINT('', (117., -0.499999999999844, 20.0749015611819));
#353 = ORIENTED_EDGE('', *, *, #82, .T.);
#354 = ORIENTED_EDGE('', *, *, #355, .T.);
#355 = EDGE_CURVE('', #76, #356, #358, .T.);
#356 = VERTEX_POINT('', #357);
#357 = CARTESIAN_POINT('', (120.2, -1.70000000000001, 16.9));
#358 = B_SPLINE_CURVE_WITH_KNOTS('', 1, (#359, #360), .UNSPECIFIED., .F., .U., (2, 2), (0., 4.2), .UNSPECIFIED.);
#359 = CARTESIAN_POINT('', (116., -1.70000000000001, 16.9));
#360 = CARTESIAN_POINT('', (120.2, -1.70000000000001, 16.9));
#361 = ORIENTED_EDGE('', *, *, #362, .F.);
#362 = EDGE_CURVE('', #304, #356, #363, .T.);
#363 = (
   BOUNDED_CURVE ()
   B_SPLINE_CURVE (2, (#364, #365, #366), .UNSPECIFIED., .F., .U.)
   B_SPLINE_CURVE_WITH_KNOTS ((3, 3), (0., 1.), .UNSPECIFIED.)
   CURVE ()
   GEOMETRIC_REPRESENTATION_ITEM ()
   RATIONAL_B_SPLINE_CURVE ((1., 0.707106784051129, 1.))
   REPRESENTATION_ITEM ('')
);
#364 = CARTESIAN_POINT('', (120.2, 3.1, 21.7));
#365 = CARTESIAN_POINT('', (120.2, -1.69999998055458, 21.6999999805546));
#366 = CARTESIAN_POINT('', (120.2, -1.70000000000001, 16.9));
#367 = ORIENTED_EDGE('', *, *, #303, .F.);
#368 = (
   BOUNDED_SURFACE ()
   B_SPLINE_SURFACE (2, 1, ((#369, #370), (#371, #372), (#373, #374)), .UNSPECIFIED., .F., .F., .U.)
   B_SPLINE_SURFACE_WITH_KNOTS ((3, 3), (2, 2), (0., 1.), (0., 4.2), .UNSPECIFIED.)
   GEOMETRIC_REPRESENTATION_ITEM ()
   RATIONAL_B_SPLINE_SURFACE (((1., 1.), (0.707106784051129, 0.707106784051129), (1., 1.)))
   REPRESENTATION_ITEM ('')
   SURFACE ()
);
#369 = CARTESIAN_POINT('', (116., 3.1, 21.7));
#370 = CARTESIAN_POINT('', (120.2, 3.1, 21.7));
#371 = CARTESIAN_POINT('', (116., -1.69999998055458, 21.6999999805546));
#372 = CARTESIAN_POINT('', (120.2, -1.69999998055458, 21.6999999805546));
#373 = CARTESIAN_POINT('', (116., -1.70000000000001, 16.9));
#374 = CARTESIAN_POINT('', (120.2, -1.70000000000001, 16.9));
#375 = ADVANCED_FACE('', (#376), #386, .T.);
#376 = FACE_OUTER_BOUND('', #377, .T.);
#377 = EDGE_LOOP('', (#378, #379, #380, #381));
#378 = ORIENTED_EDGE('', *, *, #355, .F.);
#379 = ORIENTED_EDGE('', *, *, #75, .T.);
#380 = ORIENTED_EDGE('', *, *, #130, .T.);
#381 = ORIENTED_EDGE('', *, *, #382, .F.);
#382 = EDGE_CURVE('', #356, #123, #383, .T.);
#383 = B_SPLINE_CURVE_WITH_KNOTS('', 1, (#384, #385), .UNSPECIFIED., .F., .U., (2, 2), (0., 1.), .UNSPECIFIED.);
#384 = CARTESIAN_POINT('', (120.2, -1.7, 16.9));
#385 = CARTESIAN_POINT('', (120.2, -1.7, 2.1));
#386 = B_SPLINE_SURFACE_WITH_KNOTS('', 1, 1, ((#387, #388), (#389, #390)), .UNSPECIFIED., .F., .F., .U., (2, 2), (2, 2), (0., 1.), (0., 1.), .UNSPECIFIED.);
#387 = CARTESIAN_POINT('', (116., -1.7, 16.9));
#388 = CARTESIAN_POINT('', (120.2, -1.7, 16.9));
#389 = CARTESIAN_POINT('', (116., -1.7, 2.1));
#390 = CARTESIAN_POINT('', (120.2, -1.7, 2.1));
#391 = ADVANCED_FACE('', (#392), #406, .T.);
#392 = FACE_OUTER_BOUND('', #393, .T.);
#393 = EDGE_LOOP('', (#394, #399, #400, #401, #402, #403, #404, #405));
#394 = ORIENTED_EDGE('', *, *, #395, .T.);
#395 = EDGE_CURVE('', #116, #203, #396, .T.);
#396 = B_SPLINE_CURVE_WITH_KNOTS('', 1, (#397, #398), .UNSPECIFIED., .F., .U., (2, 2), (0., 1.), .UNSPECIFIED.);
#397 = CARTESIAN_POINT('', (120.2, 3.1, -2.7));
#398 = CARTESIAN_POINT('', (120.2, 21.7, -2.7));
#399 = ORIENTED_EDGE('', *, *, #202, .T.);
#400 = ORIENTED_EDGE('', *, *, #250, .T.);
#401 = ORIENTED_EDGE('', *, *, #279, .T.);
#402 = ORIENTED_EDGE('', *, *, #310, .T.);
#403 = ORIENTED_EDGE('', *, *, #362, .T.);
#404 = ORIENTED_EDGE('', *, *, #382, .T.);
#405 = ORIENTED_EDGE('', *, *, #122, .T.);
#406 = B_SPLINE_SURFACE_WITH_KNOTS('', 1, 1, ((#407, #408), (#409, #410)), .UNSPECIFIED., .F., .F., .U., (2, 2), (2, 2), (0., 1.), (0., 1.), .UNSPECIFIED.);
#407 = CARTESIAN_POINT('', (120.2, -8.10991223774496, -11.009912237745));
#408 = CARTESIAN_POINT('', (120.2, -8.10991223774496, 30.009912237745));
#409 = CARTESIAN_POINT('', (120.2, 32.9099122377449, -11.009912237745));
#410 = CARTESIAN_POINT('', (120.2, 32.9099122377449, 30.009912237745));
#411 = ADVANCED_FACE('', (#412), #418, .T.);
#412 = FACE_OUTER_BOUND('', #413, .T.);
#413 = EDGE_LOOP('', (#414, #415, #416, #417));
#414 = ORIENTED_EDGE('', *, *, #115, .F.);
#415 = ORIENTED_EDGE('', *, *, #171, .T.);
#416 = ORIENTED_EDGE('', *, *, #210, .T.);
#417 = ORIENTED_EDGE('', *, *, #395, .F.);
#418 = B_SPLINE_SURFACE_WITH_KNOTS('', 1, 1, ((#419, #420), (#421, #422)), .UNSPECIFIED., .F., .F., .U., (2, 2), (2, 2), (0., 1.), (0., 1.), .UNSPECIFIED.);
#419 = CARTESIAN_POINT('', (116., 3.1, -2.7));
#420 = CARTESIAN_POINT('', (120.2, 3.1, -2.7));
#421 = CARTESIAN_POINT('', (116., 21.7, -2.7));
#422 = CARTESIAN_POINT('', (120.2, 21.7, -2.7));
#423 = ADVANCED_FACE('', (#424), #475, .T.);
#424 = FACE_OUTER_BOUND('', #425, .T.);
#425 = EDGE_LOOP('', (#426, #435, #442, #449, #456, #463, #470));
#426 = ORIENTED_EDGE('', *, *, #427, .F.);
#427 = EDGE_CURVE('', #428, #430, #432, .T.);
#428 = VERTEX_POINT('', #429);
#429 = CARTESIAN_POINT('', (-1., -1.59872115546023E-14, 22.62741696));
#430 = VERTEX_POINT('', #431);
#431 = CARTESIAN_POINT('', (-1., 0., 0.));
#432 = B_SPLINE_CURVE_WITH_KNOTS('', 1, (#433, #434), .UNSPECIFIED., .F., .U., (2, 2), (0.153925999898763, 0.955707415844089), .UNSPECIFIED.);
#433 = CARTESIAN_POINT('', (-1., 0., 22.62741696));
#434 = CARTESIAN_POINT('', (-1., 0., -3.5527136788005E-15));
#435 = ORIENTED_EDGE('', *, *, #436, .T.);
#436 = EDGE_CURVE('', #428, #437, #439, .T.);
#437 = VERTEX_POINT('', #438);
#438 = CARTESIAN_POINT('', (-1., -5., 17.62741696));
#439 = B_SPLINE_CURVE_WITH_KNOTS('', 1, (#440, #441), .UNSPECIFIED., .F., .U., (2, 2), (0.466529133040364, 1.), .UNSPECIFIED.);
#440 = CARTESIAN_POINT('', (-1., -1.59872115546023E-14, 22.62741696));
#441 = CARTESIAN_POINT('', (-1., -5., 17.62741696));
#442 = ORIENTED_EDGE('', *, *, #443, .T.);
#443 = EDGE_CURVE('', #437, #444, #446, .T.);
#444 = VERTEX_POINT('', #445);
#445 = CARTESIAN_POINT('', (-1., -5., 4.37258304));
#446 = B_SPLINE_CURVE_WITH_KNOTS('', 1, (#447, #448), .UNSPECIFIED., .F., .U., (2, 2), (0., 1.), .UNSPECIFIED.);
#447 = CARTESIAN_POINT('', (-1., -5., 17.62741696));
#448 = CARTESIAN_POINT('', (-1., -5., 4.37258304));
#449 = ORIENTED_EDGE('', *, *, #450, .T.);
#450 = EDGE_CURVE('', #444, #451, #453, .T.);
#451 = VERTEX_POINT('', #452);
#452 = CARTESIAN_POINT('', (-1., 4.37258304, -5.));
#453 = B_SPLINE_CURVE_WITH_KNOTS('', 1, (#454, #455), .UNSPECIFIED., .F., .U., (2, 2), (0., 1.), .UNSPECIFIED.);
#454 = CARTESIAN_POINT('', (-1., -5., 4.37258304));
#455 = CARTESIAN_POINT('', (-1., 4.37258304, -5.));
#456 = ORIENTED_EDGE('', *, *, #457, .T.);
#457 = EDGE_CURVE('', #451, #458, #460, .T.);
#458 = VERTEX_POINT('', #459);
#459 = CARTESIAN_POINT('', (-1., 17.62741696, -5.));
#460 = B_SPLINE_CURVE_WITH_KNOTS('', 1, (#461, #462), .UNSPECIFIED., .F., .U., (2, 2), (0., 1.), .UNSPECIFIED.);
#461 = CARTESIAN_POINT('', (-1., 4.37258304, -5.));
#462 = CARTESIAN_POINT('', (-1., 17.62741696, -5.));
#463 = ORIENTED_EDGE('', *, *, #464, .T.);
#464 = EDGE_CURVE('', #458, #465, #467, .T.);
#465 = VERTEX_POINT('', #466);
#466 = CARTESIAN_POINT('', (-1., 22.62741696, -3.5527136788005E-15));
#467 = B_SPLINE_CURVE_WITH_KNOTS('', 1, (#468, #469), .UNSPECIFIED., .F., .U., (2, 2), (0., 0.533470866959638), .UNSPECIFIED.);
#468 = CARTESIAN_POINT('', (-1., 17.62741696, -5.));
#469 = CARTESIAN_POINT('', (-1., 22.62741696, -3.5527136788005E-15));
#470 = ORIENTED_EDGE('', *, *, #471, .F.);
#471 = EDGE_CURVE('', #430, #465, #472, .T.);
#472 = B_SPLINE_CURVE_WITH_KNOTS('', 1, (#473, #474), .UNSPECIFIED., .F., .U., (2, 2), (0.0336562912983768, 0.642900240526864), .UNSPECIFIED.);
#473 = CARTESIAN_POINT('', (-1., 0., 0.));
#474 = CARTESIAN_POINT('', (-1., 22.62741696, 0.));
#475 = B_SPLINE_SURFACE_WITH_KNOTS('', 1, 1, ((#476, #477), (#478, #479)), .UNSPECIFIED., .F., .F., .U., (2, 2), (2, 2), (0., 1.), (0., 1.), .UNSPECIFIED.);
#476 = CARTESIAN_POINT('', (-1., -13.8901586977665, -13.8901586977665));
#477 = CARTESIAN_POINT('', (-1., -13.8901586977665, 35.8901586977665));
#478 = CARTESIAN_POINT('', (-1., 35.8901586977665, -13.8901586977665));
#479 = CARTESIAN_POINT('', (-1., 35.8901586977665, 35.8901586977665));
#480 = ADVANCED_FACE('', (#481), #517, .T.);
#481 = FACE_OUTER_BOUND('', #482, .T.);
#482 = EDGE_LOOP('', (#483, #492, #499, #506, #511, #512));
#483 = ORIENTED_EDGE('', *, *, #484, .T.);
#484 = EDGE_CURVE('', #485, #487, #489, .T.);
#485 = VERTEX_POINT('', #486);
#486 = CARTESIAN_POINT('', (-2., 1., 23.62741696));
#487 = VERTEX_POINT('', #488);
#488 = CARTESIAN_POINT('', (-2., 4.37258304, 27.));
#489 = B_SPLINE_CURVE_WITH_KNOTS('', 1, (#490, #491), .UNSPECIFIED., .F., .U., (2, 2), (0., 1.), .UNSPECIFIED.);
#490 = CARTESIAN_POINT('', (-2., 1.00000000000001, 23.62741696));
#491 = CARTESIAN_POINT('', (-2., 4.37258304, 27.));
#492 = ORIENTED_EDGE('', *, *, #493, .F.);
#493 = EDGE_CURVE('', #494, #487, #496, .T.);
#494 = VERTEX_POINT('', #495);
#495 = CARTESIAN_POINT('', (-7., 4.37258304, 27.));
#496 = B_SPLINE_CURVE_WITH_KNOTS('', 1, (#497, #498), .UNSPECIFIED., .F., .U., (2, 2), (0., 0.833333333333333), .UNSPECIFIED.);
#497 = CARTESIAN_POINT('', (-7., 4.37258304, 27.));
#498 = CARTESIAN_POINT('', (-2., 4.37258304, 27.));
#499 = ORIENTED_EDGE('', *, *, #500, .T.);
#500 = EDGE_CURVE('', #494, #501, #503, .T.);
#501 = VERTEX_POINT('', #502);
#502 = CARTESIAN_POINT('', (-7., -5., 17.62741696));
#503 = B_SPLINE_CURVE_WITH_KNOTS('', 1, (#504, #505), .UNSPECIFIED., .F., .U., (2, 2), (0., 1.), .UNSPECIFIED.);
#504 = CARTESIAN_POINT('', (-7., 4.37258304, 27.));
#505 = CARTESIAN_POINT('', (-7., -5., 17.62741696));
#506 = ORIENTED_EDGE('', *, *, #507, .T.);
#507 = EDGE_CURVE('', #501, #437, #508, .T.);
#508 = B_SPLINE_CURVE_WITH_KNOTS('', 1, (#509, #510), .UNSPECIFIED., .F., .U., (2, 2), (0., 1.), .UNSPECIFIED.);
#509 = CARTESIAN_POINT('', (-7., -5., 17.62741696));
#510 = CARTESIAN_POINT('', (-1., -5., 17.62741696));
#511 = ORIENTED_EDGE('', *, *, #436, .F.);
#512 = ORIENTED_EDGE('', *, *, #513, .F.);
#513 = EDGE_CURVE('', #485, #428, #514, .T.);
#514 = B_SPLINE_CURVE_WITH_KNOTS('', 1, (#515, #516), .UNSPECIFIED., .F., .U., (2, 2), (0., 1.), .UNSPECIFIED.);
#515 = CARTESIAN_POINT('', (-2.00000000000017, 1.00000000000016, 23.6274169600001));
#516 = CARTESIAN_POINT('', (-1., -1.15463194561016E-14, 22.62741696));
#517 = B_SPLINE_SURFACE_WITH_KNOTS('', 1, 1, ((#518, #519), (#520, #521)), .UNSPECIFIED., .F., .F., .U., (2, 2), (2, 2), (0., 1.), (0., 1.), .UNSPECIFIED.);
#518 = CARTESIAN_POINT('', (-7., 4.37258304, 27.));
#519 = CARTESIAN_POINT('', (-1., 4.37258304, 27.));
#520 = CARTESIAN_POINT('', (-7., -5., 17.62741696));
#521 = CARTESIAN_POINT('', (-1., -5., 17.62741696));
#522 = ADVANCED_FACE('', (#523), #545, .T.);
#523 = FACE_OUTER_BOUND('', #524, .T.);
#524 = EDGE_LOOP('', (#525, #532, #539, #544));
#525 = ORIENTED_EDGE('', *, *, #526, .T.);
#526 = EDGE_CURVE('', #487, #527, #529, .T.);
#527 = VERTEX_POINT('', #528);
#528 = CARTESIAN_POINT('', (-2., 17.62741696, 27.));
#529 = B_SPLINE_CURVE_WITH_KNOTS('', 1, (#530, #531), .UNSPECIFIED., .F., .U., (2, 2), (0., 1.), .UNSPECIFIED.);
#530 = CARTESIAN_POINT('', (-2., 4.37258304, 27.));
#531 = CARTESIAN_POINT('', (-2., 17.62741696, 27.));
#532 = ORIENTED_EDGE('', *, *, #533, .F.);
#533 = EDGE_CURVE('', #534, #527, #536, .T.);
#534 = VERTEX_POINT('', #535);
#535 = CARTESIAN_POINT('', (-7., 17.62741696, 27.));
#536 = B_SPLINE_CURVE_WITH_KNOTS('', 1, (#537, #538), .UNSPECIFIED., .F., .U., (2, 2), (0., 0.833333333333333), .UNSPECIFIED.);
#537 = CARTESIAN_POINT('', (-7., 17.62741696, 27.));
#538 = CARTESIAN_POINT('', (-2., 17.62741696, 27.));
#539 = ORIENTED_EDGE('', *, *, #540, .T.);
#540 = EDGE_CURVE('', #534, #494, #541, .T.);
#541 = B_SPLINE_CURVE_WITH_KNOTS('', 1, (#542, #543), .UNSPECIFIED., .F., .U., (2, 2), (0., 1.), .UNSPECIFIED.);
#542 = CARTESIAN_POINT('', (-7., 17.62741696, 27.));
#543 = CARTESIAN_POINT('', (-7., 4.37258304, 27.));
#544 = ORIENTED_EDGE('', *, *, #493, .T.);
#545 = B_SPLINE_SURFACE_WITH_KNOTS('', 1, 1, ((#546, #547), (#548, #549)), .UNSPECIFIED., .F., .F., .U., (2, 2), (2, 2), (0., 1.), (0., 1.), .UNSPECIFIED.);
#546 = CARTESIAN_POINT('', (-7., 17.62741696, 27.));
#547 = CARTESIAN_POINT('', (-1., 17.62741696, 27.));
#548 = CARTESIAN_POINT('', (-7., 4.37258304, 27.));
#549 = CARTESIAN_POINT('', (-1., 4.37258304, 27.));
#550 = ADVANCED_FACE('', (#551), #573, .T.);
#551 = FACE_OUTER_BOUND('', #552, .T.);
#552 = EDGE_LOOP('', (#553, #560, #567, #572));
#553 = ORIENTED_EDGE('', *, *, #554, .T.);
#554 = EDGE_CURVE('', #527, #555, #557, .T.);
#555 = VERTEX_POINT('', #556);
#556 = CARTESIAN_POINT('', (-2., 27., 17.62741696));
#557 = B_SPLINE_CURVE_WITH_KNOTS('', 1, (#558, #559), .UNSPECIFIED., .F., .U., (2, 2), (0., 1.), .UNSPECIFIED.);
#558 = CARTESIAN_POINT('', (-2., 17.62741696, 27.));
#559 = CARTESIAN_POINT('', (-2., 27., 17.62741696));
#560 = ORIENTED_EDGE('', *, *, #561, .F.);
#561 = EDGE_CURVE('', #562, #555, #564, .T.);
#562 = VERTEX_POINT('', #563);
#563 = CARTESIAN_POINT('', (-7., 27., 17.62741696));
#564 = B_SPLINE_CURVE_WITH_KNOTS('', 1, (#565, #566), .UNSPECIFIED., .F., .U., (2, 2), (0., 0.833333333333333), .UNSPECIFIED.);
#565 = CARTESIAN_POINT('', (-7., 27., 17.62741696));
#566 = CARTESIAN_POINT('', (-2., 27., 17.62741696));
#567 = ORIENTED_EDGE('', *, *, #568, .T.);
#568 = EDGE_CURVE('', #562, #534, #569, .T.);
#569 = B_SPLINE_CURVE_WITH_KNOTS('', 1, (#570, #571), .UNSPECIFIED., .F., .U., (2, 2), (0., 1.), .UNSPECIFIED.);
#570 = CARTESIAN_POINT('', (-7., 27., 17.62741696));
#571 = CARTESIAN_POINT('', (-7., 17.62741696, 27.));
#572 = ORIENTED_EDGE('', *, *, #533, .T.);
#573 = B_SPLINE_SURFACE_WITH_KNOTS('', 1, 1, ((#574, #575), (#576, #577)), .UNSPECIFIED., .F., .F., .U., (2, 2), (2, 2), (0., 1.), (0., 1.), .UNSPECIFIED.);
#574 = CARTESIAN_POINT('', (-7., 27., 17.62741696));
#575 = CARTESIAN_POINT('', (-1., 27., 17.62741696));
#576 = CARTESIAN_POINT('', (-7., 17.62741696, 27.));
#577 = CARTESIAN_POINT('', (-1., 17.62741696, 27.));
#578 = ADVANCED_FACE('', (#579), #601, .T.);
#579 = FACE_OUTER_BOUND('', #580, .T.);
#580 = EDGE_LOOP('', (#581, #588, #595, #600));
#581 = ORIENTED_EDGE('', *, *, #582, .T.);
#582 = EDGE_CURVE('', #555, #583, #585, .T.);
#583 = VERTEX_POINT('', #584);
#584 = CARTESIAN_POINT('', (-2., 27., 4.37258304));
#585 = B_SPLINE_CURVE_WITH_KNOTS('', 1, (#586, #587), .UNSPECIFIED., .F., .U., (2, 2), (0., 1.), .UNSPECIFIED.);
#586 = CARTESIAN_POINT('', (-2., 27., 17.62741696));
#587 = CARTESIAN_POINT('', (-2., 27., 4.37258304));
#588 = ORIENTED_EDGE('', *, *, #589, .F.);
#589 = EDGE_CURVE('', #590, #583, #592, .T.);
#590 = VERTEX_POINT('', #591);
#591 = CARTESIAN_POINT('', (-7., 27., 4.37258304));
#592 = B_SPLINE_CURVE_WITH_KNOTS('', 1, (#593, #594), .UNSPECIFIED., .F., .U., (2, 2), (0., 0.833333333333333), .UNSPECIFIED.);
#593 = CARTESIAN_POINT('', (-7., 27., 4.37258304));
#594 = CARTESIAN_POINT('', (-2., 27., 4.37258304));
#595 = ORIENTED_EDGE('', *, *, #596, .T.);
#596 = EDGE_CURVE('', #590, #562, #597, .T.);
#597 = B_SPLINE_CURVE_WITH_KNOTS('', 1, (#598, #599), .UNSPECIFIED., .F., .U., (2, 2), (0., 1.), .UNSPECIFIED.);
#598 = CARTESIAN_POINT('', (-7., 27., 4.37258304));
#599 = CARTESIAN_POINT('', (-7., 27., 17.62741696));
#600 = ORIENTED_EDGE('', *, *, #561, .T.);
#601 = B_SPLINE_SURFACE_WITH_KNOTS('', 1, 1, ((#602, #603), (#604, #605)), .UNSPECIFIED., .F., .F., .U., (2, 2), (2, 2), (0., 1.), (0., 1.), .UNSPECIFIED.);
#602 = CARTESIAN_POINT('', (-7., 27., 4.37258304));
#603 = CARTESIAN_POINT('', (-1., 27., 4.37258304));
#604 = CARTESIAN_POINT('', (-7., 27., 17.62741696));
#605 = CARTESIAN_POINT('', (-1., 27., 17.62741696));
#606 = ADVANCED_FACE('', (#607), #635, .T.);
#607 = FACE_OUTER_BOUND('', #608, .T.);
#608 = EDGE_LOOP('', (#609, #616, #621, #622, #629, #634));
#609 = ORIENTED_EDGE('', *, *, #610, .T.);
#610 = EDGE_CURVE('', #583, #611, #613, .T.);
#611 = VERTEX_POINT('', #612);
#612 = CARTESIAN_POINT('', (-2., 23.62741696, 1.));
#613 = B_SPLINE_CURVE_WITH_KNOTS('', 1, (#614, #615), .UNSPECIFIED., .F., .U., (2, 2), (0., 1.), .UNSPECIFIED.);
#614 = CARTESIAN_POINT('', (-2., 27., 4.37258304));
#615 = CARTESIAN_POINT('', (-2., 23.62741696, 0.999999999999973));
#616 = ORIENTED_EDGE('', *, *, #617, .F.);
#617 = EDGE_CURVE('', #465, #611, #618, .T.);
#618 = B_SPLINE_CURVE_WITH_KNOTS('', 1, (#619, #620), .UNSPECIFIED., .F., .U., (2, 2), (0., 1.), .UNSPECIFIED.);
#619 = CARTESIAN_POINT('', (-1., 22.62741696, -4.55191440096314E-15));
#620 = CARTESIAN_POINT('', (-2.00000000000003, 23.62741696, 1.00000000000003));
#621 = ORIENTED_EDGE('', *, *, #464, .F.);
#622 = ORIENTED_EDGE('', *, *, #623, .F.);
#623 = EDGE_CURVE('', #624, #458, #626, .T.);
#624 = VERTEX_POINT('', #625);
#625 = CARTESIAN_POINT('', (-7., 17.62741696, -5.));
#626 = B_SPLINE_CURVE_WITH_KNOTS('', 1, (#627, #628), .UNSPECIFIED., .F., .U., (2, 2), (0., 1.), .UNSPECIFIED.);
#627 = CARTESIAN_POINT('', (-7., 17.62741696, -5.));
#628 = CARTESIAN_POINT('', (-1., 17.62741696, -5.));
#629 = ORIENTED_EDGE('', *, *, #630, .T.);
#630 = EDGE_CURVE('', #624, #590, #631, .T.);
#631 = B_SPLINE_CURVE_WITH_KNOTS('', 1, (#632, #633), .UNSPECIFIED., .F., .U., (2, 2), (0., 1.), .UNSPECIFIED.);
#632 = CARTESIAN_POINT('', (-7., 17.62741696, -5.));
#633 = CARTESIAN_POINT('', (-7., 27., 4.37258304));
#634 = ORIENTED_EDGE('', *, *, #589, .T.);
#635 = B_SPLINE_SURFACE_WITH_KNOTS('', 1, 1, ((#636, #637), (#638, #639)), .UNSPECIFIED., .F., .F., .U., (2, 2), (2, 2), (0., 1.), (0., 1.), .UNSPECIFIED.);
#636 = CARTESIAN_POINT('', (-7., 17.62741696, -5.));
#637 = CARTESIAN_POINT('', (-1., 17.62741696, -5.));
#638 = CARTESIAN_POINT('', (-7., 27., 4.37258304));
#639 = CARTESIAN_POINT('', (-1., 27., 4.37258304));
#640 = ADVANCED_FACE('', (#641), #657, .T.);
#641 = FACE_OUTER_BOUND('', #642, .T.);
#642 = EDGE_LOOP('', (#643, #650, #655, #656));
#643 = ORIENTED_EDGE('', *, *, #644, .F.);
#644 = EDGE_CURVE('', #645, #451, #647, .T.);
#645 = VERTEX_POINT('', #646);
#646 = CARTESIAN_POINT('', (-7., 4.37258304, -5.));
#647 = B_SPLINE_CURVE_WITH_KNOTS('', 1, (#648, #649), .UNSPECIFIED., .F., .U., (2, 2), (0., 1.), .UNSPECIFIED.);
#648 = CARTESIAN_POINT('', (-7., 4.37258304, -5.));
#649 = CARTESIAN_POINT('', (-1., 4.37258304, -5.));
#650 = ORIENTED_EDGE('', *, *, #651, .T.);
#651 = EDGE_CURVE('', #645, #624, #652, .T.);
#652 = B_SPLINE_CURVE_WITH_KNOTS('', 1, (#653, #654), .UNSPECIFIED., .F., .U., (2, 2), (0., 1.), .UNSPECIFIED.);
#653 = CARTESIAN_POINT('', (-7., 4.37258304, -5.));
#654 = CARTESIAN_POINT('', (-7., 17.62741696, -5.));
#655 = ORIENTED_EDGE('', *, *, #623, .T.);
#656 = ORIENTED_EDGE('', *, *, #457, .F.);
#657 = B_SPLINE_SURFACE_WITH_KNOTS('', 1, 1, ((#658, #659), (#660, #661)), .UNSPECIFIED., .F., .F., .U., (2, 2), (2, 2), (0., 1.), (0., 1.), .UNSPECIFIED.);
#658 = CARTESIAN_POINT('', (-7., 4.37258304, -5.));
#659 = CARTESIAN_POINT('', (-1., 4.37258304, -5.));
#660 = CARTESIAN_POINT('', (-7., 17.62741696, -5.));
#661 = CARTESIAN_POINT('', (-1., 17.62741696, -5.));
#662 = ADVANCED_FACE('', (#663), #683, .T.);
#663 = FACE_OUTER_BOUND('', #664, .T.);
#664 = EDGE_LOOP('', (#665, #666, #667, #668, #669, #676, #681, #682));
#665 = ORIENTED_EDGE('', *, *, #568, .F.);
#666 = ORIENTED_EDGE('', *, *, #596, .F.);
#667 = ORIENTED_EDGE('', *, *, #630, .F.);
#668 = ORIENTED_EDGE('', *, *, #651, .F.);
#669 = ORIENTED_EDGE('', *, *, #670, .F.);
#670 = EDGE_CURVE('', #671, #645, #673, .T.);
#671 = VERTEX_POINT('', #672);
#672 = CARTESIAN_POINT('', (-7., -5., 4.37258304));
#673 = B_SPLINE_CURVE_WITH_KNOTS('', 1, (#674, #675), .UNSPECIFIED., .F., .U., (2, 2), (0., 1.), .UNSPECIFIED.);
#674 = CARTESIAN_POINT('', (-7., -5., 4.37258304));
#675 = CARTESIAN_POINT('', (-7., 4.37258304, -5.));
#676 = ORIENTED_EDGE('', *, *, #677, .F.);
#677 = EDGE_CURVE('', #501, #671, #678, .T.);
#678 = B_SPLINE_CURVE_WITH_KNOTS('', 1, (#679, #680), .UNSPECIFIED., .F., .U., (2, 2), (0., 1.), .UNSPECIFIED.);
#679 = CARTESIAN_POINT('', (-7., -5., 17.62741696));
#680 = CARTESIAN_POINT('', (-7., -5., 4.37258304));
#681 = ORIENTED_EDGE('', *, *, #500, .F.);
#682 = ORIENTED_EDGE('', *, *, #540, .F.);
#683 = B_SPLINE_SURFACE_WITH_KNOTS('', 1, 1, ((#684, #685), (#686, #687)), .UNSPECIFIED., .F., .F., .U., (2, 2), (2, 2), (0., 1.), (0., 1.), .UNSPECIFIED.);
#684 = CARTESIAN_POINT('', (-7., -13.8901586977665, -13.8901586977665));
#685 = CARTESIAN_POINT('', (-7., 35.8901586977665, -13.8901586977665));
#686 = CARTESIAN_POINT('', (-7., -13.8901586977665, 35.8901586977665));
#687 = CARTESIAN_POINT('', (-7., 35.8901586977665, 35.8901586977665));
#688 = ADVANCED_FACE('', (#689), #699, .T.);
#689 = FACE_OUTER_BOUND('', #690, .T.);
#690 = EDGE_LOOP('', (#691, #696, #697, #698));
#691 = ORIENTED_EDGE('', *, *, #692, .F.);
#692 = EDGE_CURVE('', #671, #444, #693, .T.);
#693 = B_SPLINE_CURVE_WITH_KNOTS('', 1, (#694, #695), .UNSPECIFIED., .F., .U., (2, 2), (0., 1.), .UNSPECIFIED.);
#694 = CARTESIAN_POINT('', (-7., -5., 4.37258304));
#695 = CARTESIAN_POINT('', (-1., -5., 4.37258304));
#696 = ORIENTED_EDGE('', *, *, #670, .T.);
#697 = ORIENTED_EDGE('', *, *, #644, .T.);
#698 = ORIENTED_EDGE('', *, *, #450, .F.);
#699 = B_SPLINE_SURFACE_WITH_KNOTS('', 1, 1, ((#700, #701), (#702, #703)), .UNSPECIFIED., .F., .F., .U., (2, 2), (2, 2), (0., 1.), (0., 1.), .UNSPECIFIED.);
#700 = CARTESIAN_POINT('', (-7., -5., 4.37258304));
#701 = CARTESIAN_POINT('', (-1., -5., 4.37258304));
#702 = CARTESIAN_POINT('', (-7., 4.37258304, -5.));
#703 = CARTESIAN_POINT('', (-1., 4.37258304, -5.));
#704 = ADVANCED_FACE('', (#705), #711, .T.);
#705 = FACE_OUTER_BOUND('', #706, .T.);
#706 = EDGE_LOOP('', (#707, #708, #709, #710));
#707 = ORIENTED_EDGE('', *, *, #507, .F.);
#708 = ORIENTED_EDGE('', *, *, #677, .T.);
#709 = ORIENTED_EDGE('', *, *, #692, .T.);
#710 = ORIENTED_EDGE('', *, *, #443, .F.);
#711 = B_SPLINE_SURFACE_WITH_KNOTS('', 1, 1, ((#712, #713), (#714, #715)), .UNSPECIFIED., .F., .F., .U., (2, 2), (2, 2), (0., 1.), (0., 1.), .UNSPECIFIED.);
#712 = CARTESIAN_POINT('', (-7., -5., 17.62741696));
#713 = CARTESIAN_POINT('', (-1., -5., 17.62741696));
#714 = CARTESIAN_POINT('', (-7., -5., 4.37258304));
#715 = CARTESIAN_POINT('', (-1., -5., 4.37258304));
#716 = ADVANCED_FACE('', (#717), #747, .T.);
#717 = FACE_OUTER_BOUND('', #718, .T.);
#718 = EDGE_LOOP('', (#719, #728, #735, #742));
#719 = ORIENTED_EDGE('', *, *, #720, .F.);
#720 = EDGE_CURVE('', #721, #723, #725, .T.);
#721 = VERTEX_POINT('', #722);
#722 = CARTESIAN_POINT('', (114., -0.5, -2.));
#723 = VERTEX_POINT('', #724);
#724 = CARTESIAN_POINT('', (114., 35., -2.));
#725 = B_SPLINE_CURVE_WITH_KNOTS('', 1, (#726, #727), .UNSPECIFIED., .F., .U., (2, 2), (0., 1.), .UNSPECIFIED.);
#726 = CARTESIAN_POINT('', (114., -0.500000000000028, -2.));
#727 = CARTESIAN_POINT('', (114., 35., -2.));
#728 = ORIENTED_EDGE('', *, *, #729, .F.);
#729 = EDGE_CURVE('', #730, #721, #732, .T.);
#730 = VERTEX_POINT('', #731);
#731 = CARTESIAN_POINT('', (1., -0.5, -2.));
#732 = B_SPLINE_CURVE_WITH_KNOTS('', 1, (#733, #734), .UNSPECIFIED., .F., .U., (2, 2), (0.0252100840336134, 0.974789915966387), .UNSPECIFIED.);
#733 = CARTESIAN_POINT('', (1., -0.5, -2.));
#734 = CARTESIAN_POINT('', (114., -0.5, -2.));
#735 = ORIENTED_EDGE('', *, *, #736, .F.);
#736 = EDGE_CURVE('', #737, #730, #739, .T.);
#737 = VERTEX_POINT('', #738);
#738 = CARTESIAN_POINT('', (1., 35., -2.));
#739 = B_SPLINE_CURVE_WITH_KNOTS('', 1, (#740, #741), .UNSPECIFIED., .F., .U., (2, 2), (0., 1.), .UNSPECIFIED.);
#740 = CARTESIAN_POINT('', (1., 35., -2.));
#741 = CARTESIAN_POINT('', (1., -0.5, -2.));
#742 = ORIENTED_EDGE('', *, *, #743, .T.);
#743 = EDGE_CURVE('', #737, #723, #744, .T.);
#744 = B_SPLINE_CURVE_WITH_KNOTS('', 1, (#745, #746), .UNSPECIFIED., .F., .U., (2, 2), (0.0252100840336134, 0.974789915966387), .UNSPECIFIED.);
#745 = CARTESIAN_POINT('', (1., 35., -2.));
#746 = CARTESIAN_POINT('', (114., 35., -2.));
#747 = B_SPLINE_SURFACE_WITH_KNOTS('', 1, 1, ((#748, #749), (#750, #751)), .UNSPECIFIED., .F., .F., .U., (2, 2), (2, 2), (0., 1.), (0., 1.), .UNSPECIFIED.);
#748 = CARTESIAN_POINT('', (-2., -0.5, -2.));
#749 = CARTESIAN_POINT('', (117., -0.5, -2.));
#750 = CARTESIAN_POINT('', (-2., 35., -2.));
#751 = CARTESIAN_POINT('', (117., 35., -2.));
#752 = ADVANCED_FACE('', (#753), #782, .T.);
#753 = FACE_OUTER_BOUND('', #754, .T.);
#754 = EDGE_LOOP('', (#755, #764, #769, #770, #777));
#755 = ORIENTED_EDGE('', *, *, #756, .F.);
#756 = EDGE_CURVE('', #757, #759, #761, .T.);
#757 = VERTEX_POINT('', #758);
#758 = CARTESIAN_POINT('', (0.249999999999979, -1.24999999999999, -1.25000000000001));
#759 = VERTEX_POINT('', #760);
#760 = CARTESIAN_POINT('', (1., -2., -0.5));
#761 = B_SPLINE_CURVE_WITH_KNOTS('', 1, (#762, #763), .UNSPECIFIED., .F., .U., (2, 2), (0.500000000000005, 1.), .UNSPECIFIED.);
#762 = CARTESIAN_POINT('', (0.249999999999978, -1.25000000000001, -1.25000000000002));
#763 = CARTESIAN_POINT('', (0.999999999999972, -2., -0.500000000000028));
#764 = ORIENTED_EDGE('', *, *, #765, .F.);
#765 = EDGE_CURVE('', #730, #757, #766, .T.);
#766 = B_SPLINE_CURVE_WITH_KNOTS('', 1, (#767, #768), .UNSPECIFIED., .F., .U., (2, 2), (0., 0.50000000000002), .UNSPECIFIED.);
#767 = CARTESIAN_POINT('', (1., -0.499999999999972, -2.00000000000003));
#768 = CARTESIAN_POINT('', (0.249999999999979, -1.24999999999999, -1.25000000000001));
#769 = ORIENTED_EDGE('', *, *, #729, .T.);
#770 = ORIENTED_EDGE('', *, *, #771, .F.);
#771 = EDGE_CURVE('', #772, #721, #774, .T.);
#772 = VERTEX_POINT('', #773);
#773 = CARTESIAN_POINT('', (115.5, -2., -0.5));
#774 = B_SPLINE_CURVE_WITH_KNOTS('', 1, (#775, #776), .UNSPECIFIED., .F., .U., (2, 2), (0., 1.), .UNSPECIFIED.);
#775 = CARTESIAN_POINT('', (115.5, -2.00000000000003, -0.499999999999972));
#776 = CARTESIAN_POINT('', (114., -0.500000000000038, -1.99999999999996));
#777 = ORIENTED_EDGE('', *, *, #778, .F.);
#778 = EDGE_CURVE('', #759, #772, #779, .T.);
#779 = B_SPLINE_CURVE_WITH_KNOTS('', 1, (#780, #781), .UNSPECIFIED., .F., .U., (2, 2), (0.0252100840336134, 0.987394957983193), .UNSPECIFIED.);
#780 = CARTESIAN_POINT('', (1., -2., -0.5));
#781 = CARTESIAN_POINT('', (115.5, -2., -0.5));
#782 = B_SPLINE_SURFACE_WITH_KNOTS('', 1, 1, ((#783, #784), (#785, #786)), .UNSPECIFIED., .F., .F., .U., (2, 2), (2, 2), (0., 1.), (0., 1.), .UNSPECIFIED.);
#783 = CARTESIAN_POINT('', (-2., -2., -0.5));
#784 = CARTESIAN_POINT('', (117., -2., -0.5));
#785 = CARTESIAN_POINT('', (-2., -0.5, -2.));
#786 = CARTESIAN_POINT('', (117., -0.5, -2.));
#787 = ADVANCED_FACE('', (#788), #825, .F.);
#788 = FACE_OUTER_BOUND('', #789, .F.);
#789 = EDGE_LOOP('', (#790, #799, #806, #813, #820));
#790 = ORIENTED_EDGE('', *, *, #791, .F.);
#791 = EDGE_CURVE('', #792, #794, #796, .T.);
#792 = VERTEX_POINT('', #793);
#793 = CARTESIAN_POINT('', (-2., 38., 1.00000000000001));
#794 = VERTEX_POINT('', #795);
#795 = CARTESIAN_POINT('', (-2., 38., 31.2));
#796 = B_SPLINE_CURVE_WITH_KNOTS('', 1, (#797, #798), .UNSPECIFIED., .F., .U., (2, 2), (0., 1.), .UNSPECIFIED.);
#797 = CARTESIAN_POINT('', (-2., 38., 0.999999999999972));
#798 = CARTESIAN_POINT('', (-2., 38., 31.2));
#799 = ORIENTED_EDGE('', *, *, #800, .F.);
#800 = EDGE_CURVE('', #801, #792, #803, .T.);
#801 = VERTEX_POINT('', #802);
#802 = CARTESIAN_POINT('', (0.999999999999997, 41., 4.));
#803 = B_SPLINE_CURVE_WITH_KNOTS('', 1, (#804, #805), .UNSPECIFIED., .F., .U., (2, 2), (0., 1.), .UNSPECIFIED.);
#804 = CARTESIAN_POINT('', (1., 41., 4.));
#805 = CARTESIAN_POINT('', (-2., 38., 0.999999999999995));
#806 = ORIENTED_EDGE('', *, *, #807, .F.);
#807 = EDGE_CURVE('', #808, #801, #810, .T.);
#808 = VERTEX_POINT('', #809);
#809 = CARTESIAN_POINT('', (0.999999999999997, 41., 31.2));
#810 = B_SPLINE_CURVE_WITH_KNOTS('', 1, (#811, #812), .UNSPECIFIED., .F., .U., (2, 2), (0., 1.), .UNSPECIFIED.);
#811 = CARTESIAN_POINT('', (0.999999999999996, 41., 31.2));
#812 = CARTESIAN_POINT('', (0.999999999999996, 41., 3.99999999999989));
#813 = ORIENTED_EDGE('', *, *, #814, .F.);
#814 = EDGE_CURVE('', #815, #808, #817, .T.);
#815 = VERTEX_POINT('', #816);
#816 = CARTESIAN_POINT('', (-0.499999999999993, 39.5, 32.7));
#817 = B_SPLINE_CURVE_WITH_KNOTS('', 1, (#818, #819), .UNSPECIFIED., .F., .U., (2, 2), (0.318181818181827, 1.), .UNSPECIFIED.);
#818 = CARTESIAN_POINT('', (-0.499999999999992, 39.5, 32.7));
#819 = CARTESIAN_POINT('', (1., 41., 31.2));
#820 = ORIENTED_EDGE('', *, *, #821, .T.);
#821 = EDGE_CURVE('', #815, #794, #822, .T.);
#822 = B_SPLINE_CURVE_WITH_KNOTS('', 1, (#823, #824), .UNSPECIFIED., .F., .U., (2, 2), (0.318181818181799, 1.), .UNSPECIFIED.);
#823 = CARTESIAN_POINT('', (-0.499999999999968, 39.5, 32.7));
#824 = CARTESIAN_POINT('', (-2.00000000000007, 37.9999999999999, 31.1999999999999));
#825 = B_SPLINE_SURFACE_WITH_KNOTS('', 1, 1, ((#826, #827), (#828, #829)), .UNSPECIFIED., .F., .F., .U., (2, 2), (2, 2), (0., 262.778810348208), (0., 262.778810348208), .UNSPECIFIED.);
#826 = CARTESIAN_POINT('', (-92.7026266357684, -52.7026266357684, 130.044949887415));
#827 = CARTESIAN_POINT('', (93.110052113583, 133.110052113583, 130.044949887415));
#828 = CARTESIAN_POINT('', (-92.7026266357684, -52.7026266357684, -132.733860460793));
#829 = CARTESIAN_POINT('', (93.110052113583, 133.110052113583, -132.733860460793));
#830 = ADVANCED_FACE('', (#831), #859, .T.);
#831 = FACE_OUTER_BOUND('', #832, .T.);
#832 = EDGE_LOOP('', (#833, #842, #847, #848, #853, #854));
#833 = ORIENTED_EDGE('', *, *, #834, .F.);
#834 = EDGE_CURVE('', #835, #837, #839, .T.);
#835 = VERTEX_POINT('', #836);
#836 = CARTESIAN_POINT('', (115.5, 36.5, -0.5));
#837 = VERTEX_POINT('', #838);
#838 = CARTESIAN_POINT('', (111., 41., 4.));
#839 = B_SPLINE_CURVE_WITH_KNOTS('', 1, (#840, #841), .UNSPECIFIED., .F., .U., (2, 2), (0.249999999999999, 1.), .UNSPECIFIED.);
#840 = CARTESIAN_POINT('', (115.5, 36.5, -0.500000000000013));
#841 = CARTESIAN_POINT('', (111., 41., 3.99999999999998));
#842 = ORIENTED_EDGE('', *, *, #843, .F.);
#843 = EDGE_CURVE('', #723, #835, #844, .T.);
#844 = B_SPLINE_CURVE_WITH_KNOTS('', 1, (#845, #846), .UNSPECIFIED., .F., .U., (2, 2), (0., 0.50000000000001), .UNSPECIFIED.);
#845 = CARTESIAN_POINT('', (114., 35., -2.));
#846 = CARTESIAN_POINT('', (115.5, 36.5, -0.5));
#847 = ORIENTED_EDGE('', *, *, #743, .F.);
#848 = ORIENTED_EDGE('', *, *, #849, .F.);
#849 = EDGE_CURVE('', #792, #737, #850, .T.);
#850 = B_SPLINE_CURVE_WITH_KNOTS('', 1, (#851, #852), .UNSPECIFIED., .F., .U., (2, 2), (0., 1.), .UNSPECIFIED.);
#851 = CARTESIAN_POINT('', (-2., 38., 1.));
#852 = CARTESIAN_POINT('', (0.999999999999953, 35.0000000000001, -1.99999999999995));
#853 = ORIENTED_EDGE('', *, *, #800, .F.);
#854 = ORIENTED_EDGE('', *, *, #855, .T.);
#855 = EDGE_CURVE('', #801, #837, #856, .T.);
#856 = B_SPLINE_CURVE_WITH_KNOTS('', 1, (#857, #858), .UNSPECIFIED., .F., .U., (2, 2), (0.0252100840336134, 0.949579831932773), .UNSPECIFIED.);
#857 = CARTESIAN_POINT('', (0.999999999999997, 41., 4.));
#858 = CARTESIAN_POINT('', (111., 41., 4.));
#859 = B_SPLINE_SURFACE_WITH_KNOTS('', 1, 1, ((#860, #861), (#862, #863)), .UNSPECIFIED., .F., .F., .U., (2, 2), (2, 2), (0., 1.), (0., 1.), .UNSPECIFIED.);
#860 = CARTESIAN_POINT('', (-2., 35., -2.));
#861 = CARTESIAN_POINT('', (117., 35., -2.));
#862 = CARTESIAN_POINT('', (-2., 41., 4.));
#863 = CARTESIAN_POINT('', (117., 41., 4.));
#864 = ADVANCED_FACE('', (#865), #888, .T.);
#865 = FACE_OUTER_BOUND('', #866, .T.);
#866 = EDGE_LOOP('', (#867, #876, #881, #882, #883));
#867 = ORIENTED_EDGE('', *, *, #868, .F.);
#868 = EDGE_CURVE('', #869, #871, #873, .T.);
#869 = VERTEX_POINT('', #870);
#870 = CARTESIAN_POINT('', (111., 41., 30.25));
#871 = VERTEX_POINT('', #872);
#872 = CARTESIAN_POINT('', (105.571428571429, 41., 31.2));
#873 = B_SPLINE_CURVE_WITH_KNOTS('', 1, (#874, #875), .UNSPECIFIED., .F., .U., (2, 2), (0., 1.), .UNSPECIFIED.);
#874 = CARTESIAN_POINT('', (111., 41., 30.25));
#875 = CARTESIAN_POINT('', (105.571428571429, 41., 31.2));
#876 = ORIENTED_EDGE('', *, *, #877, .F.);
#877 = EDGE_CURVE('', #837, #869, #878, .T.);
#878 = B_SPLINE_CURVE_WITH_KNOTS('', 1, (#879, #880), .UNSPECIFIED., .F., .U., (2, 2), (0., 0.965073529411768), .UNSPECIFIED.);
#879 = CARTESIAN_POINT('', (111., 41., 3.99999999999994));
#880 = CARTESIAN_POINT('', (111., 41., 30.25));
#881 = ORIENTED_EDGE('', *, *, #855, .F.);
#882 = ORIENTED_EDGE('', *, *, #807, .F.);
#883 = ORIENTED_EDGE('', *, *, #884, .T.);
#884 = EDGE_CURVE('', #808, #871, #885, .T.);
#885 = B_SPLINE_CURVE_WITH_KNOTS('', 1, (#886, #887), .UNSPECIFIED., .F., .U., (2, 2), (0.0252100840336134, 0.903961584633854), .UNSPECIFIED.);
#886 = CARTESIAN_POINT('', (0.999999999999997, 41., 31.2));
#887 = CARTESIAN_POINT('', (105.571428571429, 41., 31.2));
#888 = B_SPLINE_SURFACE_WITH_KNOTS('', 1, 1, ((#889, #890), (#891, #892)), .UNSPECIFIED., .F., .F., .U., (2, 2), (2, 2), (0., 1.), (0., 1.), .UNSPECIFIED.);
#889 = CARTESIAN_POINT('', (-2., 41., 4.));
#890 = CARTESIAN_POINT('', (117., 41., 4.));
#891 = CARTESIAN_POINT('', (-2., 41., 31.2));
#892 = CARTESIAN_POINT('', (117., 41., 31.2));
#893 = ADVANCED_FACE('', (#894), #917, .T.);
#894 = FACE_OUTER_BOUND('', #895, .T.);
#895 = EDGE_LOOP('', (#896, #903, #904, #905, #912));
#896 = ORIENTED_EDGE('', *, *, #897, .F.);
#897 = EDGE_CURVE('', #871, #898, #900, .T.);
#898 = VERTEX_POINT('', #899);
#899 = CARTESIAN_POINT('', (93., 38.8, 33.4));
#900 = B_SPLINE_CURVE_WITH_KNOTS('', 1, (#901, #902), .UNSPECIFIED., .F., .U., (2, 2), (0., 1.), .UNSPECIFIED.);
#901 = CARTESIAN_POINT('', (105.571428571428, 41., 31.2));
#902 = CARTESIAN_POINT('', (93., 38.8, 33.4));
#903 = ORIENTED_EDGE('', *, *, #884, .F.);
#904 = ORIENTED_EDGE('', *, *, #814, .F.);
#905 = ORIENTED_EDGE('', *, *, #906, .F.);
#906 = EDGE_CURVE('', #907, #815, #909, .T.);
#907 = VERTEX_POINT('', #908);
#908 = CARTESIAN_POINT('', (0.199999999999989, 38.8, 33.4));
#909 = B_SPLINE_CURVE_WITH_KNOTS('', 1, (#910, #911), .UNSPECIFIED., .F., .U., (2, 2), (0., 0.318181818181807), .UNSPECIFIED.);
#910 = CARTESIAN_POINT('', (0.199999999999989, 38.8, 33.4));
#911 = CARTESIAN_POINT('', (-0.499999999999993, 39.5, 32.7));
#912 = ORIENTED_EDGE('', *, *, #913, .T.);
#913 = EDGE_CURVE('', #907, #898, #914, .T.);
#914 = B_SPLINE_CURVE_WITH_KNOTS('', 1, (#915, #916), .UNSPECIFIED., .F., .U., (2, 2), (0.0184873949579831, 0.798319327731093), .UNSPECIFIED.);
#915 = CARTESIAN_POINT('', (0.199999999999989, 38.8, 33.4));
#916 = CARTESIAN_POINT('', (93., 38.8, 33.4));
#917 = B_SPLINE_SURFACE_WITH_KNOTS('', 1, 1, ((#918, #919), (#920, #921)), .UNSPECIFIED., .F., .F., .U., (2, 2), (2, 2), (0., 1.), (0., 1.), .UNSPECIFIED.);
#918 = CARTESIAN_POINT('', (-2., 41., 31.2));
#919 = CARTESIAN_POINT('', (117., 41., 31.2));
#920 = CARTESIAN_POINT('', (-2., 38.8, 33.4));
#921 = CARTESIAN_POINT('', (117., 38.8, 33.4));
#922 = ADVANCED_FACE('', (#923), #946, .F.);
#923 = FACE_OUTER_BOUND('', #924, .F.);
#924 = EDGE_LOOP('', (#925, #932, #933, #934, #941));
#925 = ORIENTED_EDGE('', *, *, #926, .F.);
#926 = EDGE_CURVE('', #869, #927, #929, .T.);
#927 = VERTEX_POINT('', #928);
#928 = CARTESIAN_POINT('', (117., 35., 29.2));
#929 = B_SPLINE_CURVE_WITH_KNOTS('', 1, (#930, #931), .UNSPECIFIED., .F., .U., (2, 2), (0., 1.), .UNSPECIFIED.);
#930 = CARTESIAN_POINT('', (111., 41., 30.25));
#931 = CARTESIAN_POINT('', (117., 35., 29.2));
#932 = ORIENTED_EDGE('', *, *, #877, .F.);
#933 = ORIENTED_EDGE('', *, *, #834, .F.);
#934 = ORIENTED_EDGE('', *, *, #935, .T.);
#935 = EDGE_CURVE('', #835, #936, #938, .T.);
#936 = VERTEX_POINT('', #937);
#937 = CARTESIAN_POINT('', (117., 35., 0.999999999999996));
#938 = B_SPLINE_CURVE_WITH_KNOTS('', 1, (#939, #940), .UNSPECIFIED., .F., .U., (2, 2), (0.499999999999992, 1.), .UNSPECIFIED.);
#939 = CARTESIAN_POINT('', (115.5, 36.5, -0.5));
#940 = CARTESIAN_POINT('', (117., 35., 1.00000000000002));
#941 = ORIENTED_EDGE('', *, *, #942, .F.);
#942 = EDGE_CURVE('', #927, #936, #943, .T.);
#943 = B_SPLINE_CURVE_WITH_KNOTS('', 1, (#944, #945), .UNSPECIFIED., .F., .U., (2, 2), (0.129629629629628, 1.), .UNSPECIFIED.);
#944 = CARTESIAN_POINT('', (117., 35., 29.2));
#945 = CARTESIAN_POINT('', (117., 35., 0.999999999999943));
#946 = B_SPLINE_SURFACE_WITH_KNOTS('', 1, 1, ((#947, #948), (#949, #950)), .UNSPECIFIED., .F., .F., .U., (2, 2), (2, 2), (0., 262.778810348208), (0., 262.778810348208), .UNSPECIFIED.);
#947 = CARTESIAN_POINT('', (19.6862445302211, 132.313755469779, 130.70050585998));
#948 = CARTESIAN_POINT('', (205.498923279573, -53.4989232795726, 130.70050585998));
#949 = CARTESIAN_POINT('', (19.6862445302211, 132.313755469779, -132.078304488228));
#950 = CARTESIAN_POINT('', (205.498923279573, -53.4989232795726, -132.078304488228));
#951 = ADVANCED_FACE('', (#952), #976, .F.);
#952 = FACE_OUTER_BOUND('', #953, .F.);
#953 = EDGE_LOOP('', (#954, #955, #962, #969, #974, #975));
#954 = ORIENTED_EDGE('', *, *, #926, .T.);
#955 = ORIENTED_EDGE('', *, *, #956, .F.);
#956 = EDGE_CURVE('', #957, #927, #959, .T.);
#957 = VERTEX_POINT('', #958);
#958 = CARTESIAN_POINT('', (117., -0.19999999999999, 29.2));
#959 = B_SPLINE_CURVE_WITH_KNOTS('', 1, (#960, #961), .UNSPECIFIED., .F., .U., (2, 2), (0.00845070422535056, 1.), .UNSPECIFIED.);
#960 = CARTESIAN_POINT('', (117., -0.199999999999999, 29.2));
#961 = CARTESIAN_POINT('', (117., 35., 29.2));
#962 = ORIENTED_EDGE('', *, *, #963, .F.);
#963 = EDGE_CURVE('', #964, #957, #966, .T.);
#964 = VERTEX_POINT('', #965);
#965 = CARTESIAN_POINT('', (93.0000000000001, 4., 33.4));
#966 = B_SPLINE_CURVE_WITH_KNOTS('', 1, (#967, #968), .UNSPECIFIED., .F., .U., (2, 2), (0., 1.), .UNSPECIFIED.);
#967 = CARTESIAN_POINT('', (93.0000000000001, 3.99999999999999, 33.4));
#968 = CARTESIAN_POINT('', (117., -0.199999999999994, 29.2));
#969 = ORIENTED_EDGE('', *, *, #970, .F.);
#970 = EDGE_CURVE('', #898, #964, #971, .T.);
#971 = B_SPLINE_CURVE_WITH_KNOTS('', 1, (#972, #973), .UNSPECIFIED., .F., .U., (2, 2), (0., 1.), .UNSPECIFIED.);
#972 = CARTESIAN_POINT('', (93., 38.8000000000001, 33.4));
#973 = CARTESIAN_POINT('', (93., 4.00000000000006, 33.4));
#974 = ORIENTED_EDGE('', *, *, #897, .F.);
#975 = ORIENTED_EDGE('', *, *, #868, .F.);
#976 = B_SPLINE_SURFACE_WITH_KNOTS('', 1, 1, ((#977, #978), (#979, #980)), .UNSPECIFIED., .F., .F., .U., (2, 2), (2, 2), (0., 262.778810348208), (0., 262.778810348208), .UNSPECIFIED.);
#977 = CARTESIAN_POINT('', (237.533257736838, -93.6014977135731, 8.10667989605335));
#978 = CARTESIAN_POINT('', (237.533257736838, 169.177312634635, 8.10667989605335));
#979 = CARTESIAN_POINT('', (-21.3118765790774, -93.6014977135731, 53.4045784013386));
#980 = CARTESIAN_POINT('', (-21.3118765790774, 169.177312634635, 53.4045784013386));
#981 = ADVANCED_FACE('', (#982), #1005, .F.);
#982 = FACE_OUTER_BOUND('', #983, .F.);
#983 = EDGE_LOOP('', (#984, #993, #998, #999, #1000));
#984 = ORIENTED_EDGE('', *, *, #985, .F.);
#985 = EDGE_CURVE('', #986, #988, #990, .T.);
#986 = VERTEX_POINT('', #987);
#987 = CARTESIAN_POINT('', (-2., 12.84, 31.2));
#988 = VERTEX_POINT('', #989);
#989 = CARTESIAN_POINT('', (0.199999999999996, 17.7166666666667, 33.4));
#990 = B_SPLINE_CURVE_WITH_KNOTS('', 1, (#991, #992), .UNSPECIFIED., .F., .U., (2, 2), (0., 1.), .UNSPECIFIED.);
#991 = CARTESIAN_POINT('', (-2.00000000000017, 12.8399999999996, 31.1999999999998));
#992 = CARTESIAN_POINT('', (0.200000000000029, 17.7166666666667, 33.4));
#993 = ORIENTED_EDGE('', *, *, #994, .F.);
#994 = EDGE_CURVE('', #794, #986, #995, .T.);
#995 = B_SPLINE_CURVE_WITH_KNOTS('', 1, (#996, #997), .UNSPECIFIED., .F., .U., (2, 2), (0.198041717551298, 0.608704981681534), .UNSPECIFIED.);
#996 = CARTESIAN_POINT('', (-2., 38., 31.2));
#997 = CARTESIAN_POINT('', (-2., 12.84, 31.2));
#998 = ORIENTED_EDGE('', *, *, #821, .F.);
#999 = ORIENTED_EDGE('', *, *, #906, .F.);
#1000 = ORIENTED_EDGE('', *, *, #1001, .F.);
#1001 = EDGE_CURVE('', #988, #907, #1002, .T.);
#1002 = B_SPLINE_CURVE_WITH_KNOTS('', 1, (#1003, #1004), .UNSPECIFIED., .F., .U., (2, 2), (0.394157088122604, 1.), .UNSPECIFIED.);
#1003 = CARTESIAN_POINT('', (0.199999999999996, 17.7166666666667, 33.4));
#1004 = CARTESIAN_POINT('', (0.199999999999996, 38.8, 33.4));
#1005 = B_SPLINE_SURFACE_WITH_KNOTS('', 1, 1, ((#1006, #1007), (#1008, #1009)), .UNSPECIFIED., .F., .F., .U., (2, 2), (2, 2), (0., 262.778810348208), (0., 262.778810348208), .UNSPECIFIED.);
#1006 = CARTESIAN_POINT('', (92.6019457500091, -91.0020908670127, 125.801945750009));
#1007 = CARTESIAN_POINT('', (92.6019457500091, 171.776719481195, 125.801945750009));
#1008 = CARTESIAN_POINT('', (-93.2107329993422, -91.0020908670127, -60.0107329993422));
#1009 = CARTESIAN_POINT('', (-93.2107329993422, 171.776719481195, -60.0107329993422));
#1010 = ADVANCED_FACE('', (#1011), #1040, .T.);
#1011 = FACE_OUTER_BOUND('', #1012, .T.);
#1012 = EDGE_LOOP('', (#1013, #1022, #1027, #1028, #1035));
#1013 = ORIENTED_EDGE('', *, *, #1014, .F.);
#1014 = EDGE_CURVE('', #1015, #1017, #1019, .T.);
#1015 = VERTEX_POINT('', #1016);
#1016 = CARTESIAN_POINT('', (1., -2., 26.525));
#1017 = VERTEX_POINT('', #1018);
#1018 = CARTESIAN_POINT('', (5.19999999999999, -2., 27.4));
#1019 = B_SPLINE_CURVE_WITH_KNOTS('', 1, (#1020, #1021), .UNSPECIFIED., .F., .U., (2, 2), (0., 1.), .UNSPECIFIED.);
#1020 = CARTESIAN_POINT('', (1., -2., 26.525));
#1021 = CARTESIAN_POINT('', (5.20000000000005, -2., 27.4));
#1022 = ORIENTED_EDGE('', *, *, #1023, .F.);
#1023 = EDGE_CURVE('', #759, #1015, #1024, .T.);
#1024 = B_SPLINE_CURVE_WITH_KNOTS('', 1, (#1025, #1026), .UNSPECIFIED., .F., .U., (2, 2), (0., 0.968637992831546), .UNSPECIFIED.);
#1025 = CARTESIAN_POINT('', (1., -2., -0.500000000000057));
#1026 = CARTESIAN_POINT('', (1., -2., 26.525));
#1027 = ORIENTED_EDGE('', *, *, #778, .T.);
#1028 = ORIENTED_EDGE('', *, *, #1029, .F.);
#1029 = EDGE_CURVE('', #1030, #772, #1032, .T.);
#1030 = VERTEX_POINT('', #1031);
#1031 = CARTESIAN_POINT('', (115.5, -2., 27.4));
#1032 = B_SPLINE_CURVE_WITH_KNOTS('', 1, (#1033, #1034), .UNSPECIFIED., .F., .U., (2, 2), (0., 1.), .UNSPECIFIED.);
#1033 = CARTESIAN_POINT('', (115.5, -2., 27.3999999999999));
#1034 = CARTESIAN_POINT('', (115.5, -2., -0.500000000000028));
#1035 = ORIENTED_EDGE('', *, *, #1036, .F.);
#1036 = EDGE_CURVE('', #1017, #1030, #1037, .T.);
#1037 = B_SPLINE_CURVE_WITH_KNOTS('', 1, (#1038, #1039), .UNSPECIFIED., .F., .U., (2, 2), (0.0605042016806722, 0.987394957983193), .UNSPECIFIED.);
#1038 = CARTESIAN_POINT('', (5.19999999999999, -2., 27.4));
#1039 = CARTESIAN_POINT('', (115.5, -2., 27.4));
#1040 = B_SPLINE_SURFACE_WITH_KNOTS('', 1, 1, ((#1041, #1042), (#1043, #1044)), .UNSPECIFIED., .F., .F., .U., (2, 2), (2, 2), (0., 1.), (0., 1.), .UNSPECIFIED.);
#1041 = CARTESIAN_POINT('', (-2., -2., 27.4));
#1042 = CARTESIAN_POINT('', (117., -2., 27.4));
#1043 = CARTESIAN_POINT('', (-2., -2., -0.5));
#1044 = CARTESIAN_POINT('', (117., -2., -0.5));
#1045 = ADVANCED_FACE('', (#1046), #1102, .T.);
#1046 = FACE_OUTER_BOUND('', #1047, .T.);
#1047 = EDGE_LOOP('', (#1048, #1057, #1064, #1071, #1078, #1083, #1084, #1091, #1096, #1097));
#1048 = ORIENTED_EDGE('', *, *, #1049, .T.);
#1049 = EDGE_CURVE('', #1050, #1052, #1054, .T.);
#1050 = VERTEX_POINT('', #1051);
#1051 = CARTESIAN_POINT('', (75., 4., 33.4));
#1052 = VERTEX_POINT('', #1053);
#1053 = CARTESIAN_POINT('', (72.5, 1.5, 30.9));
#1054 = B_SPLINE_CURVE_WITH_KNOTS('', 1, (#1055, #1056), .UNSPECIFIED., .F., .U., (2, 2), (0., 1.), .UNSPECIFIED.);
#1055 = CARTESIAN_POINT('', (75., 4.00000000000001, 33.4));
#1056 = CARTESIAN_POINT('', (72.5, 1.50000000000001, 30.9));
#1057 = ORIENTED_EDGE('', *, *, #1058, .F.);
#1058 = EDGE_CURVE('', #1059, #1052, #1061, .T.);
#1059 = VERTEX_POINT('', #1060);
#1060 = CARTESIAN_POINT('', (47.5, 1.49999999999997, 30.9));
#1061 = B_SPLINE_CURVE_WITH_KNOTS('', 1, (#1062, #1063), .UNSPECIFIED., .F., .U., (2, 2), (0., 1.), .UNSPECIFIED.);
#1062 = CARTESIAN_POINT('', (47.5, 1.5, 30.9));
#1063 = CARTESIAN_POINT('', (72.5, 1.5, 30.9));
#1064 = ORIENTED_EDGE('', *, *, #1065, .T.);
#1065 = EDGE_CURVE('', #1059, #1066, #1068, .T.);
#1066 = VERTEX_POINT('', #1067);
#1067 = CARTESIAN_POINT('', (45., 4., 33.4));
#1068 = B_SPLINE_CURVE_WITH_KNOTS('', 1, (#1069, #1070), .UNSPECIFIED., .F., .U., (2, 2), (0., 1.), .UNSPECIFIED.);
#1069 = CARTESIAN_POINT('', (47.5, 1.49999999999998, 30.9));
#1070 = CARTESIAN_POINT('', (45., 4.00000000000001, 33.4));
#1071 = ORIENTED_EDGE('', *, *, #1072, .F.);
#1072 = EDGE_CURVE('', #1073, #1066, #1075, .T.);
#1073 = VERTEX_POINT('', #1074);
#1074 = CARTESIAN_POINT('', (23.7142857142856, 4., 33.4));
#1075 = B_SPLINE_CURVE_WITH_KNOTS('', 1, (#1076, #1077), .UNSPECIFIED., .F., .U., (2, 2), (0.216086434573829, 0.394957983193277), .UNSPECIFIED.);
#1076 = CARTESIAN_POINT('', (23.7142857142856, 4., 33.4));
#1077 = CARTESIAN_POINT('', (45., 4., 33.4));
#1078 = ORIENTED_EDGE('', *, *, #1079, .F.);
#1079 = EDGE_CURVE('', #1017, #1073, #1080, .T.);
#1080 = B_SPLINE_CURVE_WITH_KNOTS('', 1, (#1081, #1082), .UNSPECIFIED., .F., .U., (2, 2), (0., 1.), .UNSPECIFIED.);
#1081 = CARTESIAN_POINT('', (5.19999999999993, -2., 27.4));
#1082 = CARTESIAN_POINT('', (23.7142857142856, 3.99999999999998, 33.4));
#1083 = ORIENTED_EDGE('', *, *, #1036, .T.);
#1084 = ORIENTED_EDGE('', *, *, #1085, .F.);
#1085 = EDGE_CURVE('', #1086, #1030, #1088, .T.);
#1086 = VERTEX_POINT('', #1087);
#1087 = CARTESIAN_POINT('', (117., -0.499999999999959, 28.9));
#1088 = B_SPLINE_CURVE_WITH_KNOTS('', 1, (#1089, #1090), .UNSPECIFIED., .F., .U., (2, 2), (0., 1.), .UNSPECIFIED.);
#1089 = CARTESIAN_POINT('', (117., -0.499999999999972, 28.9));
#1090 = CARTESIAN_POINT('', (115.5, -1.99999999999998, 27.4));
#1091 = ORIENTED_EDGE('', *, *, #1092, .F.);
#1092 = EDGE_CURVE('', #957, #1086, #1093, .T.);
#1093 = B_SPLINE_CURVE_WITH_KNOTS('', 1, (#1094, #1095), .UNSPECIFIED., .F., .U., (2, 2), (0.699999999999999, 0.749999999999993), .UNSPECIFIED.);
#1094 = CARTESIAN_POINT('', (117., -0.199999999999991, 29.2));
#1095 = CARTESIAN_POINT('', (117., -0.499999999999958, 28.9));
#1096 = ORIENTED_EDGE('', *, *, #963, .F.);
#1097 = ORIENTED_EDGE('', *, *, #1098, .F.);
#1098 = EDGE_CURVE('', #1050, #964, #1099, .T.);
#1099 = B_SPLINE_CURVE_WITH_KNOTS('', 1, (#1100, #1101), .UNSPECIFIED., .F., .U., (2, 2), (0.647058823529412, 0.798319327731093), .UNSPECIFIED.);
#1100 = CARTESIAN_POINT('', (75., 4., 33.4));
#1101 = CARTESIAN_POINT('', (93.0000000000001, 4., 33.4));
#1102 = B_SPLINE_SURFACE_WITH_KNOTS('', 1, 1, ((#1103, #1104), (#1105, #1106)), .UNSPECIFIED., .F., .F., .U., (2, 2), (2, 2), (0., 1.), (0., 1.), .UNSPECIFIED.);
#1103 = CARTESIAN_POINT('', (-2., 4., 33.4));
#1104 = CARTESIAN_POINT('', (117., 4., 33.4));
#1105 = CARTESIAN_POINT('', (-2., -2., 27.4));
#1106 = CARTESIAN_POINT('', (117., -2., 27.4));
#1107 = ADVANCED_FACE('', (#1108), #1139, .T.);
#1108 = FACE_OUTER_BOUND('', #1109, .T.);
#1109 = EDGE_LOOP('', (#1110, #1119, #1124, #1125, #1126, #1127, #1128, #1133, #1134));
#1110 = ORIENTED_EDGE('', *, *, #1111, .T.);
#1111 = EDGE_CURVE('', #1112, #1114, #1116, .T.);
#1112 = VERTEX_POINT('', #1113);
#1113 = CARTESIAN_POINT('', (45., 20.9, 33.4));
#1114 = VERTEX_POINT('', #1115);
#1115 = CARTESIAN_POINT('', (75., 20.9, 33.4));
#1116 = B_SPLINE_CURVE_WITH_KNOTS('', 1, (#1117, #1118), .UNSPECIFIED., .F., .U., (2, 2), (0.142857142857143, 0.857142857142856), .UNSPECIFIED.);
#1117 = CARTESIAN_POINT('', (45., 20.9, 33.4));
#1118 = CARTESIAN_POINT('', (75., 20.9, 33.4));
#1119 = ORIENTED_EDGE('', *, *, #1120, .T.);
#1120 = EDGE_CURVE('', #1114, #1050, #1121, .T.);
#1121 = B_SPLINE_CURVE_WITH_KNOTS('', 1, (#1122, #1123), .UNSPECIFIED., .F., .U., (2, 2), (0.262008733624454, 1.), .UNSPECIFIED.);
#1122 = CARTESIAN_POINT('', (75., 20.9, 33.4));
#1123 = CARTESIAN_POINT('', (75., 4.00000000000003, 33.4));
#1124 = ORIENTED_EDGE('', *, *, #1098, .T.);
#1125 = ORIENTED_EDGE('', *, *, #970, .F.);
#1126 = ORIENTED_EDGE('', *, *, #913, .F.);
#1127 = ORIENTED_EDGE('', *, *, #1001, .F.);
#1128 = ORIENTED_EDGE('', *, *, #1129, .F.);
#1129 = EDGE_CURVE('', #1073, #988, #1130, .T.);
#1130 = B_SPLINE_CURVE_WITH_KNOTS('', 1, (#1131, #1132), .UNSPECIFIED., .F., .U., (2, 2), (0., 1.), .UNSPECIFIED.);
#1131 = CARTESIAN_POINT('', (23.7142857142856, 4.00000000000003, 33.4));
#1132 = CARTESIAN_POINT('', (0.200000000000049, 17.7166666666666, 33.4));
#1133 = ORIENTED_EDGE('', *, *, #1072, .T.);
#1134 = ORIENTED_EDGE('', *, *, #1135, .T.);
#1135 = EDGE_CURVE('', #1066, #1112, #1136, .T.);
#1136 = B_SPLINE_CURVE_WITH_KNOTS('', 1, (#1137, #1138), .UNSPECIFIED., .F., .U., (2, 2), (0., 0.737991266375545), .UNSPECIFIED.);
#1137 = CARTESIAN_POINT('', (45., 4.00000000000003, 33.4));
#1138 = CARTESIAN_POINT('', (45., 20.9, 33.4));
#1139 = B_SPLINE_SURFACE_WITH_KNOTS('', 1, 1, ((#1140, #1141), (#1142, #1143)), .UNSPECIFIED., .F., .F., .U., (2, 2), (2, 2), (0., 1.), (0., 1.), .UNSPECIFIED.);
#1140 = CARTESIAN_POINT('', (-2., 38.8, 33.4));
#1141 = CARTESIAN_POINT('', (117., 38.8, 33.4));
#1142 = CARTESIAN_POINT('', (-2., 4., 33.4));
#1143 = CARTESIAN_POINT('', (117., 4., 33.4));
#1144 = ADVANCED_FACE('', (#1145), #1163, .F.);
#1145 = FACE_OUTER_BOUND('', #1146, .F.);
#1146 = EDGE_LOOP('', (#1147, #1148, #1149, #1150, #1157, #1162));
#1147 = ORIENTED_EDGE('', *, *, #1129, .F.);
#1148 = ORIENTED_EDGE('', *, *, #1079, .F.);
#1149 = ORIENTED_EDGE('', *, *, #1014, .F.);
#1150 = ORIENTED_EDGE('', *, *, #1151, .T.);
#1151 = EDGE_CURVE('', #1015, #1152, #1154, .T.);
#1152 = VERTEX_POINT('', #1153);
#1153 = CARTESIAN_POINT('', (-2., 1., 26.9714285714286));
#1154 = B_SPLINE_CURVE_WITH_KNOTS('', 1, (#1155, #1156), .UNSPECIFIED., .F., .U., (2, 2), (0., 1.), .UNSPECIFIED.);
#1155 = CARTESIAN_POINT('', (1.00000000000006, -2.00000000000006, 26.525));
#1156 = CARTESIAN_POINT('', (-2.00000000000014, 1.00000000000014, 26.9714285714286));
#1157 = ORIENTED_EDGE('', *, *, #1158, .F.);
#1158 = EDGE_CURVE('', #986, #1152, #1159, .T.);
#1159 = B_SPLINE_CURVE_WITH_KNOTS('', 1, (#1160, #1161), .UNSPECIFIED., .F., .U., (2, 2), (0., 1.), .UNSPECIFIED.);
#1160 = CARTESIAN_POINT('', (-2., 12.8399999999999, 31.2));
#1161 = CARTESIAN_POINT('', (-2., 0.999999999999945, 26.9714285714286));
#1162 = ORIENTED_EDGE('', *, *, #985, .T.);
#1163 = B_SPLINE_SURFACE_WITH_KNOTS('', 1, 1, ((#1164, #1165), (#1166, #1167)), .UNSPECIFIED., .F., .F., .U., (2, 2), (2, 2), (0., 262.778810348208), (0., 262.778810348208), .UNSPECIFIED.);
#1164 = CARTESIAN_POINT('', (138.744939498475, -129.974061953982, 9.51684026909351));
#1165 = CARTESIAN_POINT('', (138.744939498475, 117.495757229957, 97.8989185490716));
#1166 = CARTESIAN_POINT('', (-119.117782942928, -112.95823373858, -38.1274787340314));
#1167 = CARTESIAN_POINT('', (-119.117782942928, 134.511585445359, 50.2545995459467));
#1168 = ADVANCED_FACE('', (#1169), #1186, .F.);
#1169 = FACE_OUTER_BOUND('', #1170, .F.);
#1170 = EDGE_LOOP('', (#1171, #1172, #1177, #1178, #1179, #1180, #1185));
#1171 = ORIENTED_EDGE('', *, *, #471, .F.);
#1172 = ORIENTED_EDGE('', *, *, #1173, .F.);
#1173 = EDGE_CURVE('', #757, #430, #1174, .T.);
#1174 = B_SPLINE_CURVE_WITH_KNOTS('', 1, (#1175, #1176), .UNSPECIFIED., .F., .U., (2, 2), (0.249999999999996, 0.66666666666665), .UNSPECIFIED.);
#1175 = CARTESIAN_POINT('', (0.249999999999993, -1.24999999999999, -1.24999999999999));
#1176 = CARTESIAN_POINT('', (-1., 0., 0.));
#1177 = ORIENTED_EDGE('', *, *, #765, .F.);
#1178 = ORIENTED_EDGE('', *, *, #736, .F.);
#1179 = ORIENTED_EDGE('', *, *, #849, .F.);
#1180 = ORIENTED_EDGE('', *, *, #1181, .F.);
#1181 = EDGE_CURVE('', #611, #792, #1182, .T.);
#1182 = B_SPLINE_CURVE_WITH_KNOTS('', 1, (#1183, #1184), .UNSPECIFIED., .F., .U., (2, 2), (0.595986440930232, 0.930232558139535), .UNSPECIFIED.);
#1183 = CARTESIAN_POINT('', (-2., 23.62741696, 1.));
#1184 = CARTESIAN_POINT('', (-2., 38., 1.));
#1185 = ORIENTED_EDGE('', *, *, #617, .F.);
#1186 = B_SPLINE_SURFACE_WITH_KNOTS('', 1, 1, ((#1187, #1188), (#1189, #1190)), .UNSPECIFIED., .F., .F., .U., (2, 2), (2, 2), (0., 262.778810348208), (0., 262.778810348208), .UNSPECIFIED.);
#1187 = CARTESIAN_POINT('', (-92.5941528006791, -91.2248888862884, 91.5941528006791));
#1188 = CARTESIAN_POINT('', (-92.5941528006791, 171.553921461919, 91.5941528006791));
#1189 = CARTESIAN_POINT('', (93.2185259486723, -91.2248888862884, -94.2185259486723));
#1190 = CARTESIAN_POINT('', (93.2185259486723, 171.553921461919, -94.2185259486723));
#1191 = ADVANCED_FACE('', (#1192), #1205, .F.);
#1192 = FACE_OUTER_BOUND('', #1193, .F.);
#1193 = EDGE_LOOP('', (#1194, #1195, #1196, #1201, #1202, #1203, #1204));
#1194 = ORIENTED_EDGE('', *, *, #427, .F.);
#1195 = ORIENTED_EDGE('', *, *, #513, .F.);
#1196 = ORIENTED_EDGE('', *, *, #1197, .F.);
#1197 = EDGE_CURVE('', #1152, #485, #1198, .T.);
#1198 = B_SPLINE_CURVE_WITH_KNOTS('', 1, (#1199, #1200), .UNSPECIFIED., .F., .U., (2, 2), (0.140018921475876, 0.250747782781459), .UNSPECIFIED.);
#1199 = CARTESIAN_POINT('', (-2., 1., 26.9714285714286));
#1200 = CARTESIAN_POINT('', (-2., 1., 23.62741696));
#1201 = ORIENTED_EDGE('', *, *, #1151, .F.);
#1202 = ORIENTED_EDGE('', *, *, #1023, .F.);
#1203 = ORIENTED_EDGE('', *, *, #756, .F.);
#1204 = ORIENTED_EDGE('', *, *, #1173, .T.);
#1205 = B_SPLINE_SURFACE_WITH_KNOTS('', 1, 1, ((#1206, #1207), (#1208, #1209)), .UNSPECIFIED., .F., .F., .U., (2, 2), (2, 2), (0., 262.778810348208), (0., 262.778810348208), .UNSPECIFIED.);
#1206 = CARTESIAN_POINT('', (93.110052113583, -94.110052113583, 130.044949887415));
#1207 = CARTESIAN_POINT('', (-92.7026266357684, 91.7026266357684, 130.044949887415));
#1208 = CARTESIAN_POINT('', (93.110052113583, -94.110052113583, -132.733860460793));
#1209 = CARTESIAN_POINT('', (-92.7026266357684, 91.7026266357684, -132.733860460793));
#1210 = ADVANCED_FACE('', (#1211), #1223, .T.);
#1211 = FACE_OUTER_BOUND('', #1212, .T.);
#1212 = EDGE_LOOP('', (#1213, #1214, #1215, #1216, #1217, #1218, #1219, #1220, #1221, #1222));
#1213 = ORIENTED_EDGE('', *, *, #554, .F.);
#1214 = ORIENTED_EDGE('', *, *, #526, .F.);
#1215 = ORIENTED_EDGE('', *, *, #484, .F.);
#1216 = ORIENTED_EDGE('', *, *, #1197, .F.);
#1217 = ORIENTED_EDGE('', *, *, #1158, .F.);
#1218 = ORIENTED_EDGE('', *, *, #994, .F.);
#1219 = ORIENTED_EDGE('', *, *, #791, .F.);
#1220 = ORIENTED_EDGE('', *, *, #1181, .F.);
#1221 = ORIENTED_EDGE('', *, *, #610, .F.);
#1222 = ORIENTED_EDGE('', *, *, #582, .F.);
#1223 = B_SPLINE_SURFACE_WITH_KNOTS('', 1, 1, ((#1224, #1225), (#1226, #1227)), .UNSPECIFIED., .F., .F., .U., (2, 2), (2, 2), (0., 1.), (0., 1.), .UNSPECIFIED.);
#1224 = CARTESIAN_POINT('', (-2., -11.1333706927592, -14.9333706927592));
#1225 = CARTESIAN_POINT('', (-2., 50.1333706927592, -14.9333706927592));
#1226 = CARTESIAN_POINT('', (-2., -11.1333706927592, 46.3333706927592));
#1227 = CARTESIAN_POINT('', (-2., 50.1333706927592, 46.3333706927592));
#1228 = ADVANCED_FACE('', (#1229), #1246, .F.);
#1229 = FACE_OUTER_BOUND('', #1230, .F.);
#1230 = EDGE_LOOP('', (#1231, #1232, #1233, #1238, #1239, #1240, #1245));
#1231 = ORIENTED_EDGE('', *, *, #58, .F.);
#1232 = ORIENTED_EDGE('', *, *, #136, .T.);
#1233 = ORIENTED_EDGE('', *, *, #1234, .T.);
#1234 = EDGE_CURVE('', #99, #772, #1235, .T.);
#1235 = B_SPLINE_CURVE_WITH_KNOTS('', 1, (#1236, #1237), .UNSPECIFIED., .F., .U., (2, 2), (0.537032555431712, 1.), .UNSPECIFIED.);
#1236 = CARTESIAN_POINT('', (116.194451166852, -1.30554883314753, 0.194451166852411));
#1237 = CARTESIAN_POINT('', (115.5, -2.00000000000006, -0.500000000000114));
#1238 = ORIENTED_EDGE('', *, *, #1029, .F.);
#1239 = ORIENTED_EDGE('', *, *, #1085, .F.);
#1240 = ORIENTED_EDGE('', *, *, #1241, .F.);
#1241 = EDGE_CURVE('', #325, #1086, #1242, .T.);
#1242 = B_SPLINE_CURVE_WITH_KNOTS('', 1, (#1243, #1244), .UNSPECIFIED., .F., .U., (2, 2), (0.588731529666104, 0.861111111111111), .UNSPECIFIED.);
#1243 = CARTESIAN_POINT('', (117., -0.499999999999959, 20.0749015611818));
#1244 = CARTESIAN_POINT('', (117., -0.499999999999959, 28.9));
#1245 = ORIENTED_EDGE('', *, *, #332, .F.);
#1246 = B_SPLINE_SURFACE_WITH_KNOTS('', 1, 1, ((#1247, #1248), (#1249, #1250)), .UNSPECIFIED., .F., .F., .U., (2, 2), (2, 2), (0., 262.778810348208), (0., 262.778810348208), .UNSPECIFIED.);
#1247 = CARTESIAN_POINT('', (208.804478313866, 91.3044783138663, 129.717171901133));
#1248 = CARTESIAN_POINT('', (22.9917995645149, -94.5082004354851, 129.717171901133));
#1249 = CARTESIAN_POINT('', (208.804478313866, 91.3044783138663, -133.061638447075));
#1250 = CARTESIAN_POINT('', (22.9917995645149, -94.5082004354851, -133.061638447075));
#1251 = ADVANCED_FACE('', (#1252), #1267, .F.);
#1252 = FACE_OUTER_BOUND('', #1253, .F.);
#1253 = EDGE_LOOP('', (#1254, #1255, #1256, #1261, #1262, #1263, #1264, #1265, #1266));
#1254 = ORIENTED_EDGE('', *, *, #156, .F.);
#1255 = ORIENTED_EDGE('', *, *, #216, .T.);
#1256 = ORIENTED_EDGE('', *, *, #1257, .F.);
#1257 = EDGE_CURVE('', #936, #186, #1258, .T.);
#1258 = B_SPLINE_CURVE_WITH_KNOTS('', 1, (#1259, #1260), .UNSPECIFIED., .F., .U., (2, 2), (0.247007925515951, 0.387830519544043), .UNSPECIFIED.);
#1259 = CARTESIAN_POINT('', (117., 35., 0.999999999999996));
#1260 = CARTESIAN_POINT('', (117., 26.3722585504431, 1.));
#1261 = ORIENTED_EDGE('', *, *, #935, .F.);
#1262 = ORIENTED_EDGE('', *, *, #843, .F.);
#1263 = ORIENTED_EDGE('', *, *, #720, .F.);
#1264 = ORIENTED_EDGE('', *, *, #771, .F.);
#1265 = ORIENTED_EDGE('', *, *, #1234, .F.);
#1266 = ORIENTED_EDGE('', *, *, #96, .F.);
#1267 = B_SPLINE_SURFACE_WITH_KNOTS('', 1, 1, ((#1268, #1269), (#1270, #1271)), .UNSPECIFIED., .F., .F., .U., (2, 2), (2, 2), (0., 262.778810348208), (0., 262.778810348208), .UNSPECIFIED.);
#1268 = CARTESIAN_POINT('', (207.594152800679, 171.553921461919, 91.594152800679));
#1269 = CARTESIAN_POINT('', (207.594152800679, -91.2248888862884, 91.594152800679));
#1270 = CARTESIAN_POINT('', (21.7814740513277, 171.553921461919, -94.2185259486723));
#1271 = CARTESIAN_POINT('', (21.7814740513277, -91.2248888862884, -94.2185259486723));
#1272 = ADVANCED_FACE('', (#1273), #1285, .T.);
#1273 = FACE_OUTER_BOUND('', #1274, .T.);
#1274 = EDGE_LOOP('', (#1275, #1276, #1277, #1278, #1279, #1280, #1281, #1282, #1283, #1284));
#1275 = ORIENTED_EDGE('', *, *, #324, .F.);
#1276 = ORIENTED_EDGE('', *, *, #296, .F.);
#1277 = ORIENTED_EDGE('', *, *, #264, .F.);
#1278 = ORIENTED_EDGE('', *, *, #236, .F.);
#1279 = ORIENTED_EDGE('', *, *, #185, .F.);
#1280 = ORIENTED_EDGE('', *, *, #1257, .F.);
#1281 = ORIENTED_EDGE('', *, *, #942, .F.);
#1282 = ORIENTED_EDGE('', *, *, #956, .F.);
#1283 = ORIENTED_EDGE('', *, *, #1092, .T.);
#1284 = ORIENTED_EDGE('', *, *, #1241, .F.);
#1285 = B_SPLINE_SURFACE_WITH_KNOTS('', 1, 1, ((#1286, #1287), (#1288, #1289)), .UNSPECIFIED., .F., .F., .U., (2, 2), (2, 2), (0., 1.), (0., 1.), .UNSPECIFIED.);
#1286 = CARTESIAN_POINT('', (117., -11.1333706927592, -14.9333706927592));
#1287 = CARTESIAN_POINT('', (117., -11.1333706927592, 46.3333706927592));
#1288 = CARTESIAN_POINT('', (117., 50.1333706927592, -14.9333706927592));
#1289 = CARTESIAN_POINT('', (117., 50.1333706927592, 46.3333706927592));
#1290 = ADVANCED_FACE('', (#1291), #1307, .T.);
#1291 = FACE_OUTER_BOUND('', #1292, .T.);
#1292 = EDGE_LOOP('', (#1293, #1294, #1295, #1302));
#1293 = ORIENTED_EDGE('', *, *, #1135, .F.);
#1294 = ORIENTED_EDGE('', *, *, #1065, .F.);
#1295 = ORIENTED_EDGE('', *, *, #1296, .F.);
#1296 = EDGE_CURVE('', #1297, #1059, #1299, .T.);
#1297 = VERTEX_POINT('', #1298);
#1298 = CARTESIAN_POINT('', (47.5, 18.4, 30.9));
#1299 = B_SPLINE_CURVE_WITH_KNOTS('', 1, (#1300, #1301), .UNSPECIFIED., .F., .U., (2, 2), (0.24355437015652, 0.460794026515158), .UNSPECIFIED.);
#1300 = CARTESIAN_POINT('', (47.5, 18.4, 30.9));
#1301 = CARTESIAN_POINT('', (47.5, 1.49999999999997, 30.9));
#1302 = ORIENTED_EDGE('', *, *, #1303, .F.);
#1303 = EDGE_CURVE('', #1112, #1297, #1304, .T.);
#1304 = B_SPLINE_CURVE_WITH_KNOTS('', 1, (#1305, #1306), .UNSPECIFIED., .F., .U., (2, 2), (0.70588235294118, 1.), .UNSPECIFIED.);
#1305 = CARTESIAN_POINT('', (45., 20.9, 33.4));
#1306 = CARTESIAN_POINT('', (47.5, 18.4, 30.9));
#1307 = B_SPLINE_SURFACE_WITH_KNOTS('', 1, 1, ((#1308, #1309), (#1310, #1311)), .UNSPECIFIED., .F., .F., .U., (2, 2), (2, 2), (0., 143.636609706645), (0., 143.636609706645), .UNSPECIFIED.);
#1308 = CARTESIAN_POINT('', (-5.23274421065391, -53.7926317533934, 83.6327442106539));
#1309 = CARTESIAN_POINT('', (-5.23274421065391, 89.8439779532521, 83.6327442106539));
#1310 = CARTESIAN_POINT('', (96.3336765395606, -53.7926317533934, -17.9336765395606));
#1311 = CARTESIAN_POINT('', (96.3336765395606, 89.8439779532521, -17.9336765395606));
#1312 = ADVANCED_FACE('', (#1313), #1329, .T.);
#1313 = FACE_OUTER_BOUND('', #1314, .T.);
#1314 = EDGE_LOOP('', (#1315, #1316, #1317, #1324));
#1315 = ORIENTED_EDGE('', *, *, #1111, .F.);
#1316 = ORIENTED_EDGE('', *, *, #1303, .T.);
#1317 = ORIENTED_EDGE('', *, *, #1318, .F.);
#1318 = EDGE_CURVE('', #1319, #1297, #1321, .T.);
#1319 = VERTEX_POINT('', #1320);
#1320 = CARTESIAN_POINT('', (72.5, 18.4, 30.9));
#1321 = B_SPLINE_CURVE_WITH_KNOTS('', 1, (#1322, #1323), .UNSPECIFIED., .F., .U., (2, 2), (0., 1.), .UNSPECIFIED.);
#1322 = CARTESIAN_POINT('', (72.5, 18.4, 30.9));
#1323 = CARTESIAN_POINT('', (47.5, 18.4, 30.9));
#1324 = ORIENTED_EDGE('', *, *, #1325, .T.);
#1325 = EDGE_CURVE('', #1319, #1114, #1326, .T.);
#1326 = B_SPLINE_CURVE_WITH_KNOTS('', 1, (#1327, #1328), .UNSPECIFIED., .F., .U., (2, 2), (0., 0.294117647058822), .UNSPECIFIED.);
#1327 = CARTESIAN_POINT('', (72.5, 18.4, 30.9));
#1328 = CARTESIAN_POINT('', (75., 20.9, 33.4));
#1329 = B_SPLINE_SURFACE_WITH_KNOTS('', 1, 1, ((#1330, #1331), (#1332, #1333)), .UNSPECIFIED., .F., .F., .U., (2, 2), (2, 2), (0., 143.636609706646), (0., 143.636609706646), .UNSPECIFIED.);
#1330 = CARTESIAN_POINT('', (4.03759975082174, 70.7141805411359, 83.2141805411359));
#1331 = CARTESIAN_POINT('', (147.674209457467, 70.7141805411359, 83.2141805411359));
#1332 = CARTESIAN_POINT('', (4.03759975082174, -30.8522402090787, -18.3522402090787));
#1333 = CARTESIAN_POINT('', (147.674209457467, -30.8522402090787, -18.3522402090787));
#1334 = ADVANCED_FACE('', (#1335), #1345, .T.);
#1335 = FACE_OUTER_BOUND('', #1336, .T.);
#1336 = EDGE_LOOP('', (#1337, #1338, #1339, #1344));
#1337 = ORIENTED_EDGE('', *, *, #1120, .F.);
#1338 = ORIENTED_EDGE('', *, *, #1325, .F.);
#1339 = ORIENTED_EDGE('', *, *, #1340, .F.);
#1340 = EDGE_CURVE('', #1052, #1319, #1341, .T.);
#1341 = B_SPLINE_CURVE_WITH_KNOTS('', 1, (#1342, #1343), .UNSPECIFIED., .F., .U., (2, 2), (0.553602811950791, 0.850615114235501), .UNSPECIFIED.);
#1342 = CARTESIAN_POINT('', (72.5, 1.5, 30.9));
#1343 = CARTESIAN_POINT('', (72.5, 18.4, 30.9));
#1344 = ORIENTED_EDGE('', *, *, #1049, .F.);
#1345 = B_SPLINE_SURFACE_WITH_KNOTS('', 1, 1, ((#1346, #1347), (#1348, #1349)), .UNSPECIFIED., .F., .F., .U., (2, 2), (2, 2), (0., 143.636609706646), (0., 143.636609706646), .UNSPECIFIED.);
#1346 = CARTESIAN_POINT('', (125.232744210654, 89.8439779532522, 83.6327442106539));
#1347 = CARTESIAN_POINT('', (125.232744210654, -53.7926317533934, 83.6327442106539));
#1348 = CARTESIAN_POINT('', (23.6663234604394, 89.8439779532522, -17.9336765395606));
#1349 = CARTESIAN_POINT('', (23.6663234604394, -53.7926317533934, -17.9336765395606));
#1350 = ADVANCED_FACE('', (#1351), #1357, .F.);
#1351 = FACE_OUTER_BOUND('', #1352, .F.);
#1352 = EDGE_LOOP('', (#1353, #1354, #1355, #1356));
#1353 = ORIENTED_EDGE('', *, *, #1058, .F.);
#1354 = ORIENTED_EDGE('', *, *, #1296, .F.);
#1355 = ORIENTED_EDGE('', *, *, #1318, .F.);
#1356 = ORIENTED_EDGE('', *, *, #1340, .F.);
#1357 = B_SPLINE_SURFACE_WITH_KNOTS('', 1, 1, ((#1358, #1359), (#1360, #1361)), .UNSPECIFIED., .F., .F., .U., (2, 2), (2, 2), (0., 1.), (0., 1.), .UNSPECIFIED.);
#1358 = CARTESIAN_POINT('', (98.8971338918435, -40.4471338918435, 30.9));
#1359 = CARTESIAN_POINT('', (98.8971338918435, 37.3471338918435, 30.9));
#1360 = CARTESIAN_POINT('', (21.1028661081565, -40.4471338918435, 30.9));
#1361 = CARTESIAN_POINT('', (21.1028661081565, 37.3471338918435, 30.9));
#1362 = ORIENTED_CLOSED_SHELL('', (), #1363, .F.);
#1363 = CLOSED_SHELL('', (#1364, #1421, #1456, #1526, #1554, #1576, #1598, #1614, #1653, #1683, #1718, #1735, #1772, #1794, #1823, #1846, #1882, #1909, #1926, #1939, #1963, #1980, #1998));
#1364 = ADVANCED_FACE('', (#1365), #1416, .F.);
#1365 = FACE_OUTER_BOUND('', #1366, .F.);
#1366 = EDGE_LOOP('', (#1367, #1376, #1383, #1390, #1397, #1404, #1411));
#1367 = ORIENTED_EDGE('', *, *, #1368, .F.);
#1368 = EDGE_CURVE('', #1369, #1371, #1373, .T.);
#1369 = VERTEX_POINT('', #1370);
#1370 = CARTESIAN_POINT('', (114.085786430508, 35.08578644, 0.914213559999988));
#1371 = VERTEX_POINT('', #1372);
#1372 = CARTESIAN_POINT('', (115., 34.1715728705076, 1.8284271294924));
#1373 = B_SPLINE_CURVE_WITH_KNOTS('', 1, (#1374, #1375), .UNSPECIFIED., .F., .U., (2, 2), (0.500000000000018, 1.), .UNSPECIFIED.);
#1374 = CARTESIAN_POINT('', (114.085786430508, 35.08578644, 0.914213560000021));
#1375 = CARTESIAN_POINT('', (115., 34.1715728705077, 1.82842712949234));
#1376 = ORIENTED_EDGE('', *, *, #1377, .F.);
#1377 = EDGE_CURVE('', #1378, #1369, #1380, .T.);
#1378 = VERTEX_POINT('', #1379);
#1379 = CARTESIAN_POINT('', (113.171572870508, 34.17157288, 0.));
#1380 = B_SPLINE_CURVE_WITH_KNOTS('', 1, (#1381, #1382), .UNSPECIFIED., .F., .U., (2, 2), (0., 0.499999997404221), .UNSPECIFIED.);
#1381 = CARTESIAN_POINT('', (113.171572870508, 34.17157288, 0.));
#1382 = CARTESIAN_POINT('', (114.085786430508, 35.08578644, 0.914213559999988));
#1383 = ORIENTED_EDGE('', *, *, #1384, .F.);
#1384 = EDGE_CURVE('', #1385, #1378, #1387, .T.);
#1385 = VERTEX_POINT('', #1386);
#1386 = CARTESIAN_POINT('', (113.171572870508, 0.32842712, 0.));
#1387 = B_SPLINE_CURVE_WITH_KNOTS('', 1, (#1388, #1389), .UNSPECIFIED., .F., .U., (2, 2), (0., 1.), .UNSPECIFIED.);
#1388 = CARTESIAN_POINT('', (113.171572870508, 0.328427120000043, 0.));
#1389 = CARTESIAN_POINT('', (113.171572870508, 34.17157288, 0.));
#1390 = ORIENTED_EDGE('', *, *, #1391, .F.);
#1391 = EDGE_CURVE('', #1392, #1385, #1394, .T.);
#1392 = VERTEX_POINT('', #1393);
#1393 = CARTESIAN_POINT('', (113.499999990508, 0., 0.32842712));
#1394 = B_SPLINE_CURVE_WITH_KNOTS('', 1, (#1395, #1396), .UNSPECIFIED., .F., .U., (2, 2), (0., 1.), .UNSPECIFIED.);
#1395 = CARTESIAN_POINT('', (113.499999990508, 0., 0.328427119999986));
#1396 = CARTESIAN_POINT('', (113.171572870508, 0.328427120000005, -1.89848137210902E-14));
#1397 = ORIENTED_EDGE('', *, *, #1398, .F.);
#1398 = EDGE_CURVE('', #1399, #1392, #1401, .T.);
#1399 = VERTEX_POINT('', #1400);
#1400 = CARTESIAN_POINT('', (114.671572870508, 0., 1.50000000000004));
#1401 = B_SPLINE_CURVE_WITH_KNOTS('', 1, (#1402, #1403), .UNSPECIFIED., .F., .U., (2, 2), (0.218951418276015, 1.), .UNSPECIFIED.);
#1402 = CARTESIAN_POINT('', (114.671572870508, 0., 1.50000000000004));
#1403 = CARTESIAN_POINT('', (113.499999990508, 0., 0.328427120000008));
#1404 = ORIENTED_EDGE('', *, *, #1405, .F.);
#1405 = EDGE_CURVE('', #1406, #1399, #1408, .T.);
#1406 = VERTEX_POINT('', #1407);
#1407 = CARTESIAN_POINT('', (115., 0.328427129492383, 1.82842712949239));
#1408 = B_SPLINE_CURVE_WITH_KNOTS('', 1, (#1409, #1410), .UNSPECIFIED., .F., .U., (2, 2), (0., 1.), .UNSPECIFIED.);
#1409 = CARTESIAN_POINT('', (115., 0.328427129492383, 1.82842712949241));
#1410 = CARTESIAN_POINT('', (114.671572870508, -2.84772205816353E-14, 1.5));
#1411 = ORIENTED_EDGE('', *, *, #1412, .F.);
#1412 = EDGE_CURVE('', #1371, #1406, #1413, .T.);
#1413 = B_SPLINE_CURVE_WITH_KNOTS('', 1, (#1414, #1415), .UNSPECIFIED., .F., .U., (2, 2), (0.233614680268206, 0.848089847894738), .UNSPECIFIED.);
#1414 = CARTESIAN_POINT('', (115., 34.1715728705076, 1.8284271294924));
#1415 = CARTESIAN_POINT('', (115., 0.328427129492383, 1.82842712949239));
#1416 = B_SPLINE_SURFACE_WITH_KNOTS('', 1, 1, ((#1417, #1418), (#1419, #1420)), .UNSPECIFIED., .F., .F., .U., (2, 2), (2, 2), (0., 250.854338872145), (0., 250.854338872145), .UNSPECIFIED.);
#1417 = CARTESIAN_POINT('', (202.254126437662, 163.940097558687, 89.082553567154));
#1418 = CARTESIAN_POINT('', (202.254126437662, -86.9142413134578, 89.082553567154));
#1419 = CARTESIAN_POINT('', (24.8733223310998, 163.940097558687, -88.2982505394078));
#1420 = CARTESIAN_POINT('', (24.8733223310998, -86.9142413134578, -88.2982505394078));
#1421 = ADVANCED_FACE('', (#1422), #1451, .T.);
#1422 = FACE_OUTER_BOUND('', #1423, .T.);
#1423 = EDGE_LOOP('', (#1424, #1433, #1440, #1445, #1446));
#1424 = ORIENTED_EDGE('', *, *, #1425, .F.);
#1425 = EDGE_CURVE('', #1426, #1428, #1430, .T.);
#1426 = VERTEX_POINT('', #1427);
#1427 = CARTESIAN_POINT('', (115., 0.948033069575307, 27.5196059495753));
#1428 = VERTEX_POINT('', #1429);
#1429 = CARTESIAN_POINT('', (115., 34.1715728705076, 27.5196059495753));
#1430 = B_SPLINE_CURVE_WITH_KNOTS('', 1, (#1431, #1432), .UNSPECIFIED., .F., .U., (2, 2), (0.0183081662923563, 1.), .UNSPECIFIED.);
#1431 = CARTESIAN_POINT('', (115., 0.94803306957531, 27.5196059495753));
#1432 = CARTESIAN_POINT('', (115., 34.1715728705076, 27.5196059495753));
#1433 = ORIENTED_EDGE('', *, *, #1434, .T.);
#1434 = EDGE_CURVE('', #1426, #1435, #1437, .T.);
#1435 = VERTEX_POINT('', #1436);
#1436 = CARTESIAN_POINT('', (115., 0.328427129492371, 26.9000000094924));
#1437 = B_SPLINE_CURVE_WITH_KNOTS('', 1, (#1438, #1439), .UNSPECIFIED., .F., .U., (2, 2), (0.803655922308856, 0.931980514289637), .UNSPECIFIED.);
#1438 = CARTESIAN_POINT('', (115., 0.948033069575307, 27.5196059495753));
#1439 = CARTESIAN_POINT('', (115., 0.32842712949237, 26.9000000094924));
#1440 = ORIENTED_EDGE('', *, *, #1441, .F.);
#1441 = EDGE_CURVE('', #1406, #1435, #1442, .T.);
#1442 = B_SPLINE_CURVE_WITH_KNOTS('', 1, (#1443, #1444), .UNSPECIFIED., .F., .U., (2, 2), (0., 0.847826829833743), .UNSPECIFIED.);
#1443 = CARTESIAN_POINT('', (115., 0.328427129492373, 1.82842712949235));
#1444 = CARTESIAN_POINT('', (115., 0.328427129492373, 26.9000000094924));
#1445 = ORIENTED_EDGE('', *, *, #1412, .F.);
#1446 = ORIENTED_EDGE('', *, *, #1447, .F.);
#1447 = EDGE_CURVE('', #1428, #1371, #1448, .T.);
#1448 = B_SPLINE_CURVE_WITH_KNOTS('', 1, (#1449, #1450), .UNSPECIFIED., .F., .U., (2, 2), (0.131220414531777, 1.), .UNSPECIFIED.);
#1449 = CARTESIAN_POINT('', (115., 34.1715728705076, 27.5196059495753));
#1450 = CARTESIAN_POINT('', (115., 34.1715728705076, 1.82842712949235));
#1451 = B_SPLINE_SURFACE_WITH_KNOTS('', 1, 1, ((#1452, #1453), (#1454, #1455)), .UNSPECIFIED., .F., .F., .U., (2, 2), (2, 2), (0., 1.), (0., 1.), .UNSPECIFIED.);
#1452 = CARTESIAN_POINT('', (115., -8.03825339414249, -11.8382533941425));
#1453 = CARTESIAN_POINT('', (115., -8.03825339414249, 43.2382533941425));
#1454 = CARTESIAN_POINT('', (115., 47.0382533941425, -11.8382533941425));
#1455 = CARTESIAN_POINT('', (115., 47.0382533941425, 43.2382533941425));
#1456 = ADVANCED_FACE('', (#1457), #1521, .T.);
#1457 = FACE_OUTER_BOUND('', #1458, .T.);
#1458 = EDGE_LOOP('', (#1459, #1468, #1475, #1482, #1489, #1496, #1503, #1508, #1509, #1516));
#1459 = ORIENTED_EDGE('', *, *, #1460, .T.);
#1460 = EDGE_CURVE('', #1461, #1463, #1465, .T.);
#1461 = VERTEX_POINT('', #1462);
#1462 = CARTESIAN_POINT('', (75.8284271294924, 4.82842712, 31.4));
#1463 = VERTEX_POINT('', #1464);
#1464 = CARTESIAN_POINT('', (73.3284271294924, 2.32842712, 28.9));
#1465 = B_SPLINE_CURVE_WITH_KNOTS('', 1, (#1466, #1467), .UNSPECIFIED., .F., .U., (2, 2), (0., 1.), .UNSPECIFIED.);
#1466 = CARTESIAN_POINT('', (75.8284271294924, 4.82842712000001, 31.4));
#1467 = CARTESIAN_POINT('', (73.3284271294923, 2.32842711999996, 28.8999999999999));
#1468 = ORIENTED_EDGE('', *, *, #1469, .F.);
#1469 = EDGE_CURVE('', #1470, #1463, #1472, .T.);
#1470 = VERTEX_POINT('', #1471);
#1471 = CARTESIAN_POINT('', (46.6715728705076, 2.32842712, 28.9));
#1472 = B_SPLINE_CURVE_WITH_KNOTS('', 1, (#1473, #1474), .UNSPECIFIED., .F., .U., (2, 2), (0., 1.), .UNSPECIFIED.);
#1473 = CARTESIAN_POINT('', (46.6715728705075, 2.32842712, 28.9));
#1474 = CARTESIAN_POINT('', (73.3284271294924, 2.32842712, 28.9));
#1475 = ORIENTED_EDGE('', *, *, #1476, .T.);
#1476 = EDGE_CURVE('', #1470, #1477, #1479, .T.);
#1477 = VERTEX_POINT('', #1478);
#1478 = CARTESIAN_POINT('', (44.1715728705076, 4.82842712, 31.4));
#1479 = B_SPLINE_CURVE_WITH_KNOTS('', 1, (#1480, #1481), .UNSPECIFIED., .F., .U., (2, 2), (0., 1.), .UNSPECIFIED.);
#1480 = CARTESIAN_POINT('', (46.6715728705076, 2.32842711999999, 28.9));
#1481 = CARTESIAN_POINT('', (44.1715728705076, 4.82842712, 31.4));
#1482 = ORIENTED_EDGE('', *, *, #1483, .F.);
#1483 = EDGE_CURVE('', #1484, #1477, #1486, .T.);
#1484 = VERTEX_POINT('', #1485);
#1485 = CARTESIAN_POINT('', (23.0823443245459, 4.82842712, 31.4));
#1486 = B_SPLINE_CURVE_WITH_KNOTS('', 1, (#1487, #1488), .UNSPECIFIED., .F., .U., (2, 2), (0.200716037604747, 0.384100633656588), .UNSPECIFIED.);
#1487 = CARTESIAN_POINT('', (23.0823443245459, 4.82842712, 31.4));
#1488 = CARTESIAN_POINT('', (44.1715728705076, 4.82842712, 31.4));
#1489 = ORIENTED_EDGE('', *, *, #1490, .F.);
#1490 = EDGE_CURVE('', #1491, #1484, #1493, .T.);
#1491 = VERTEX_POINT('', #1492);
#1492 = CARTESIAN_POINT('', (8.18319778283151, 0., 26.57157288));
#1493 = B_SPLINE_CURVE_WITH_KNOTS('', 1, (#1494, #1495), .UNSPECIFIED., .F., .U., (2, 2), (0., 1.), .UNSPECIFIED.);
#1494 = CARTESIAN_POINT('', (8.18319778283163, 1.4210854715202E-14, 26.57157288));
#1495 = CARTESIAN_POINT('', (23.0823443245459, 4.82842712000001, 31.4));
#1496 = ORIENTED_EDGE('', *, *, #1497, .T.);
#1497 = EDGE_CURVE('', #1491, #1498, #1500, .T.);
#1498 = VERTEX_POINT('', #1499);
#1499 = CARTESIAN_POINT('', (114.671572870508, 0., 26.57157288));
#1500 = B_SPLINE_CURVE_WITH_KNOTS('', 1, (#1501, #1502), .UNSPECIFIED., .F., .U., (2, 2), (0.0711582415898392, 0.997144111917458), .UNSPECIFIED.);
#1501 = CARTESIAN_POINT('', (8.18319778283151, 0., 26.57157288));
#1502 = CARTESIAN_POINT('', (114.671572870508, 0., 26.57157288));
#1503 = ORIENTED_EDGE('', *, *, #1504, .F.);
#1504 = EDGE_CURVE('', #1435, #1498, #1505, .T.);
#1505 = B_SPLINE_CURVE_WITH_KNOTS('', 1, (#1506, #1507), .UNSPECIFIED., .F., .U., (2, 2), (0., 1.), .UNSPECIFIED.);
#1506 = CARTESIAN_POINT('', (115., 0.328427129492354, 26.9000000094924));
#1507 = CARTESIAN_POINT('', (114.671572870508, -4.71844785465692E-15, 26.57157288));
#1508 = ORIENTED_EDGE('', *, *, #1434, .F.);
#1509 = ORIENTED_EDGE('', *, *, #1510, .F.);
#1510 = EDGE_CURVE('', #1511, #1426, #1513, .T.);
#1511 = VERTEX_POINT('', #1512);
#1512 = CARTESIAN_POINT('', (92.8263197118589, 4.82842712, 31.4));
#1513 = B_SPLINE_CURVE_WITH_KNOTS('', 1, (#1514, #1515), .UNSPECIFIED., .F., .U., (2, 2), (0., 1.), .UNSPECIFIED.);
#1514 = CARTESIAN_POINT('', (92.8263197118589, 4.82842712, 31.4));
#1515 = CARTESIAN_POINT('', (115., 0.948033069575308, 27.5196059495753));
#1516 = ORIENTED_EDGE('', *, *, #1517, .F.);
#1517 = EDGE_CURVE('', #1461, #1511, #1518, .T.);
#1518 = B_SPLINE_CURVE_WITH_KNOTS('', 1, (#1519, #1520), .UNSPECIFIED., .F., .U., (2, 2), (0.659377627212977, 0.807185388798773), .UNSPECIFIED.);
#1519 = CARTESIAN_POINT('', (75.8284271294924, 4.82842712, 31.4));
#1520 = CARTESIAN_POINT('', (92.8263197118589, 4.82842712, 31.4));
#1521 = B_SPLINE_SURFACE_WITH_KNOTS('', 1, 1, ((#1522, #1523), (#1524, #1525)), .UNSPECIFIED., .F., .F., .U., (2, 2), (2, 2), (0., 1.), (0., 1.), .UNSPECIFIED.);
#1522 = CARTESIAN_POINT('', (0., 4.82842712, 31.4));
#1523 = CARTESIAN_POINT('', (115., 4.82842712, 31.4));
#1524 = CARTESIAN_POINT('', (0., 0., 26.57157288));
#1525 = CARTESIAN_POINT('', (115., 0., 26.57157288));
#1526 = ADVANCED_FACE('', (#1527), #1549, .F.);
#1527 = FACE_OUTER_BOUND('', #1528, .F.);
#1528 = EDGE_LOOP('', (#1529, #1530, #1537, #1544));
#1529 = ORIENTED_EDGE('', *, *, #1469, .F.);
#1530 = ORIENTED_EDGE('', *, *, #1531, .F.);
#1531 = EDGE_CURVE('', #1532, #1470, #1534, .T.);
#1532 = VERTEX_POINT('', #1533);
#1533 = CARTESIAN_POINT('', (46.6715728705076, 18.0970562776954, 28.9));
#1534 = B_SPLINE_CURVE_WITH_KNOTS('', 1, (#1535, #1536), .UNSPECIFIED., .F., .U., (2, 2), (0.317446471348883, 0.490367067441606), .UNSPECIFIED.);
#1535 = CARTESIAN_POINT('', (46.6715728705076, 18.0970562776954, 28.9));
#1536 = CARTESIAN_POINT('', (46.6715728705076, 2.32842712, 28.9));
#1537 = ORIENTED_EDGE('', *, *, #1538, .F.);
#1538 = EDGE_CURVE('', #1539, #1532, #1541, .T.);
#1539 = VERTEX_POINT('', #1540);
#1540 = CARTESIAN_POINT('', (73.3284271294924, 18.0970562776954, 28.9));
#1541 = B_SPLINE_CURVE_WITH_KNOTS('', 1, (#1542, #1543), .UNSPECIFIED., .F., .U., (2, 2), (0., 1.), .UNSPECIFIED.);
#1542 = CARTESIAN_POINT('', (73.3284271294924, 18.0970562776954, 28.9));
#1543 = CARTESIAN_POINT('', (46.6715728705075, 18.0970562776954, 28.9));
#1544 = ORIENTED_EDGE('', *, *, #1545, .F.);
#1545 = EDGE_CURVE('', #1463, #1539, #1546, .T.);
#1546 = B_SPLINE_CURVE_WITH_KNOTS('', 1, (#1547, #1548), .UNSPECIFIED., .F., .U., (2, 2), (0.513965455007949, 0.764659082316303), .UNSPECIFIED.);
#1547 = CARTESIAN_POINT('', (73.3284271294924, 2.32842712, 28.9));
#1548 = CARTESIAN_POINT('', (73.3284271294924, 18.0970562776954, 28.9));
#1549 = B_SPLINE_SURFACE_WITH_KNOTS('', 1, 1, ((#1550, #1551), (#1552, #1553)), .UNSPECIFIED., .F., .F., .U., (2, 2), (2, 2), (0., 1.), (0., 1.), .UNSPECIFIED.);
#1550 = CARTESIAN_POINT('', (105.595, -44.145, 28.9));
#1551 = CARTESIAN_POINT('', (105.595, 47.045, 28.9));
#1552 = CARTESIAN_POINT('', (14.405, -44.145, 28.9));
#1553 = CARTESIAN_POINT('', (14.405, 47.045, 28.9));
#1554 = ADVANCED_FACE('', (#1555), #1571, .T.);
#1555 = FACE_OUTER_BOUND('', #1556, .T.);
#1556 = EDGE_LOOP('', (#1557, #1564, #1569, #1570));
#1557 = ORIENTED_EDGE('', *, *, #1558, .F.);
#1558 = EDGE_CURVE('', #1559, #1461, #1561, .T.);
#1559 = VERTEX_POINT('', #1560);
#1560 = CARTESIAN_POINT('', (75.8284271294924, 20.5970562776955, 31.4));
#1561 = B_SPLINE_CURVE_WITH_KNOTS('', 1, (#1562, #1563), .UNSPECIFIED., .F., .U., (2, 2), (0.414680367237497, 1.), .UNSPECIFIED.);
#1562 = CARTESIAN_POINT('', (75.8284271294924, 20.5970562776955, 31.4));
#1563 = CARTESIAN_POINT('', (75.8284271294924, 4.82842712000001, 31.4));
#1564 = ORIENTED_EDGE('', *, *, #1565, .F.);
#1565 = EDGE_CURVE('', #1539, #1559, #1566, .T.);
#1566 = B_SPLINE_CURVE_WITH_KNOTS('', 1, (#1567, #1568), .UNSPECIFIED., .F., .U., (2, 2), (0., 0.182861183835919), .UNSPECIFIED.);
#1567 = CARTESIAN_POINT('', (73.3284271294923, 18.0970562776954, 28.8999999999999));
#1568 = CARTESIAN_POINT('', (75.8284271294924, 20.5970562776955, 31.4));
#1569 = ORIENTED_EDGE('', *, *, #1545, .F.);
#1570 = ORIENTED_EDGE('', *, *, #1460, .F.);
#1571 = B_SPLINE_SURFACE_WITH_KNOTS('', 1, 1, ((#1572, #1573), (#1574, #1575)), .UNSPECIFIED., .F., .F., .U., (2, 2), (2, 2), (0., 168.317206630871), (0., 168.317206630871), .UNSPECIFIED.);
#1572 = CARTESIAN_POINT('', (135.731521878182, 104.504696423387, 91.3030947486895));
#1573 = CARTESIAN_POINT('', (135.731521878182, -63.8125102074834, 91.3030947486895));
#1574 = CARTESIAN_POINT('', (16.7132836791159, 104.504696423387, -27.7151434503765));
#1575 = CARTESIAN_POINT('', (16.7132836791159, -63.8125102074834, -27.7151434503765));
#1576 = ADVANCED_FACE('', (#1577), #1593, .T.);
#1577 = FACE_OUTER_BOUND('', #1578, .T.);
#1578 = EDGE_LOOP('', (#1579, #1586, #1591, #1592));
#1579 = ORIENTED_EDGE('', *, *, #1580, .F.);
#1580 = EDGE_CURVE('', #1581, #1559, #1583, .T.);
#1581 = VERTEX_POINT('', #1582);
#1582 = CARTESIAN_POINT('', (44.1715728705076, 20.5970562776954, 31.4));
#1583 = B_SPLINE_CURVE_WITH_KNOTS('', 1, (#1584, #1585), .UNSPECIFIED., .F., .U., (2, 2), (0.206880979083474, 0.793119020916526), .UNSPECIFIED.);
#1584 = CARTESIAN_POINT('', (44.1715728705076, 20.5970562776954, 31.4));
#1585 = CARTESIAN_POINT('', (75.8284271294924, 20.5970562776954, 31.4));
#1586 = ORIENTED_EDGE('', *, *, #1587, .T.);
#1587 = EDGE_CURVE('', #1581, #1532, #1588, .T.);
#1588 = B_SPLINE_CURVE_WITH_KNOTS('', 1, (#1589, #1590), .UNSPECIFIED., .F., .U., (2, 2), (0.817138816164083, 1.), .UNSPECIFIED.);
#1589 = CARTESIAN_POINT('', (44.1715728705076, 20.5970562776954, 31.4));
#1590 = CARTESIAN_POINT('', (46.6715728705076, 18.0970562776954, 28.9));
#1591 = ORIENTED_EDGE('', *, *, #1538, .F.);
#1592 = ORIENTED_EDGE('', *, *, #1565, .T.);
#1593 = B_SPLINE_SURFACE_WITH_KNOTS('', 1, 1, ((#1594, #1595), (#1596, #1597)), .UNSPECIFIED., .F., .F., .U., (2, 2), (2, 2), (0., 168.317206630871), (0., 168.317206630871), .UNSPECIFIED.);
#1594 = CARTESIAN_POINT('', (-7.48624335304507, 80.3793289462062, 91.1822726685108));
#1595 = CARTESIAN_POINT('', (160.830963277826, 80.3793289462062, 91.1822726685108));
#1596 = CARTESIAN_POINT('', (-7.48624335304507, -38.6389092528598, -27.8359655305553));
#1597 = CARTESIAN_POINT('', (160.830963277826, -38.6389092528598, -27.8359655305553));
#1598 = ADVANCED_FACE('', (#1599), #1609, .T.);
#1599 = FACE_OUTER_BOUND('', #1600, .T.);
#1600 = EDGE_LOOP('', (#1601, #1606, #1607, #1608));
#1601 = ORIENTED_EDGE('', *, *, #1602, .F.);
#1602 = EDGE_CURVE('', #1477, #1581, #1603, .T.);
#1603 = B_SPLINE_CURVE_WITH_KNOTS('', 1, (#1604, #1605), .UNSPECIFIED., .F., .U., (2, 2), (0., 0.585319632762503), .UNSPECIFIED.);
#1604 = CARTESIAN_POINT('', (44.1715728705076, 4.82842711999999, 31.4));
#1605 = CARTESIAN_POINT('', (44.1715728705076, 20.5970562776954, 31.4));
#1606 = ORIENTED_EDGE('', *, *, #1476, .F.);
#1607 = ORIENTED_EDGE('', *, *, #1531, .F.);
#1608 = ORIENTED_EDGE('', *, *, #1587, .F.);
#1609 = B_SPLINE_SURFACE_WITH_KNOTS('', 1, 1, ((#1610, #1611), (#1612, #1613)), .UNSPECIFIED., .F., .F., .U., (2, 2), (2, 2), (0., 168.317206630871), (0., 168.317206630871), .UNSPECIFIED.);
#1610 = CARTESIAN_POINT('', (-15.7315218781819, -63.8125102074834, 91.3030947486895));
#1611 = CARTESIAN_POINT('', (-15.7315218781819, 104.504696423387, 91.3030947486895));
#1612 = CARTESIAN_POINT('', (103.286716320884, -63.8125102074834, -27.7151434503765));
#1613 = CARTESIAN_POINT('', (103.286716320884, 104.504696423387, -27.7151434503765));
#1614 = ADVANCED_FACE('', (#1615), #1648, .T.);
#1615 = FACE_OUTER_BOUND('', #1616, .T.);
#1616 = EDGE_LOOP('', (#1617, #1618, #1619, #1620, #1627, #1634, #1641, #1646, #1647));
#1617 = ORIENTED_EDGE('', *, *, #1580, .T.);
#1618 = ORIENTED_EDGE('', *, *, #1558, .T.);
#1619 = ORIENTED_EDGE('', *, *, #1517, .T.);
#1620 = ORIENTED_EDGE('', *, *, #1621, .F.);
#1621 = EDGE_CURVE('', #1622, #1511, #1624, .T.);
#1622 = VERTEX_POINT('', #1623);
#1623 = CARTESIAN_POINT('', (92.8263197118589, 37.97157288, 31.4));
#1624 = B_SPLINE_CURVE_WITH_KNOTS('', 1, (#1625, #1626), .UNSPECIFIED., .F., .U., (2, 2), (0., 1.), .UNSPECIFIED.);
#1625 = CARTESIAN_POINT('', (92.8263197118589, 37.97157288, 31.4));
#1626 = CARTESIAN_POINT('', (92.8263197118589, 4.82842711999996, 31.4));
#1627 = ORIENTED_EDGE('', *, *, #1628, .F.);
#1628 = EDGE_CURVE('', #1629, #1622, #1631, .T.);
#1629 = VERTEX_POINT('', #1630);
#1630 = CARTESIAN_POINT('', (1.02842712949238, 37.97157288, 31.4));
#1631 = B_SPLINE_CURVE_WITH_KNOTS('', 1, (#1632, #1633), .UNSPECIFIED., .F., .U., (2, 2), (0.00894284460428157, 0.807185388798773), .UNSPECIFIED.);
#1632 = CARTESIAN_POINT('', (1.02842712949238, 37.97157288, 31.4));
#1633 = CARTESIAN_POINT('', (92.8263197118589, 37.97157288, 31.4));
#1634 = ORIENTED_EDGE('', *, *, #1635, .F.);
#1635 = EDGE_CURVE('', #1636, #1629, #1638, .T.);
#1636 = VERTEX_POINT('', #1637);
#1637 = CARTESIAN_POINT('', (1.02842712949239, 17.6932121504479, 31.4));
#1638 = B_SPLINE_CURVE_WITH_KNOTS('', 1, (#1639, #1640), .UNSPECIFIED., .F., .U., (2, 2), (0.38815823710899, 1.), .UNSPECIFIED.);
#1639 = CARTESIAN_POINT('', (1.02842712949239, 17.6932121504479, 31.4));
#1640 = CARTESIAN_POINT('', (1.02842712949239, 37.9715728799999, 31.4));
#1641 = ORIENTED_EDGE('', *, *, #1642, .F.);
#1642 = EDGE_CURVE('', #1484, #1636, #1643, .T.);
#1643 = B_SPLINE_CURVE_WITH_KNOTS('', 1, (#1644, #1645), .UNSPECIFIED., .F., .U., (2, 2), (0., 1.), .UNSPECIFIED.);
#1644 = CARTESIAN_POINT('', (23.0823443245459, 4.82842712, 31.4));
#1645 = CARTESIAN_POINT('', (1.02842712949237, 17.6932121504479, 31.4));
#1646 = ORIENTED_EDGE('', *, *, #1483, .T.);
#1647 = ORIENTED_EDGE('', *, *, #1602, .T.);
#1648 = B_SPLINE_SURFACE_WITH_KNOTS('', 1, 1, ((#1649, #1650), (#1651, #1652)), .UNSPECIFIED., .F., .F., .U., (2, 2), (2, 2), (0., 1.), (0., 1.), .UNSPECIFIED.);
#1649 = CARTESIAN_POINT('', (0., 37.97157288, 31.4));
#1650 = CARTESIAN_POINT('', (115., 37.97157288, 31.4));
#1651 = CARTESIAN_POINT('', (0., 4.82842712, 31.4));
#1652 = CARTESIAN_POINT('', (115., 4.82842712, 31.4));
#1653 = ADVANCED_FACE('', (#1654), #1678, .F.);
#1654 = FACE_OUTER_BOUND('', #1655, .F.);
#1655 = EDGE_LOOP('', (#1656, #1663, #1664, #1665, #1666, #1673));
#1656 = ORIENTED_EDGE('', *, *, #1657, .T.);
#1657 = EDGE_CURVE('', #1658, #1428, #1660, .T.);
#1658 = VERTEX_POINT('', #1659);
#1659 = CARTESIAN_POINT('', (110.171572870508, 39., 28.3645806972365));
#1660 = B_SPLINE_CURVE_WITH_KNOTS('', 1, (#1661, #1662), .UNSPECIFIED., .F., .U., (2, 2), (0., 1.), .UNSPECIFIED.);
#1661 = CARTESIAN_POINT('', (110.171572870508, 38.9999999999999, 28.3645806972365));
#1662 = CARTESIAN_POINT('', (115., 34.1715728705075, 27.5196059495753));
#1663 = ORIENTED_EDGE('', *, *, #1425, .F.);
#1664 = ORIENTED_EDGE('', *, *, #1510, .F.);
#1665 = ORIENTED_EDGE('', *, *, #1621, .F.);
#1666 = ORIENTED_EDGE('', *, *, #1667, .F.);
#1667 = EDGE_CURVE('', #1668, #1622, #1670, .T.);
#1668 = VERTEX_POINT('', #1669);
#1669 = CARTESIAN_POINT('', (98.703046111859, 39., 30.37157288));
#1670 = B_SPLINE_CURVE_WITH_KNOTS('', 1, (#1671, #1672), .UNSPECIFIED., .F., .U., (2, 2), (0., 1.), .UNSPECIFIED.);
#1671 = CARTESIAN_POINT('', (98.7030461118589, 39., 30.37157288));
#1672 = CARTESIAN_POINT('', (92.8263197118588, 37.97157288, 31.4));
#1673 = ORIENTED_EDGE('', *, *, #1674, .F.);
#1674 = EDGE_CURVE('', #1658, #1668, #1675, .T.);
#1675 = B_SPLINE_CURVE_WITH_KNOTS('', 1, (#1676, #1677), .UNSPECIFIED., .F., .U., (2, 2), (0., 1.), .UNSPECIFIED.);
#1676 = CARTESIAN_POINT('', (110.171572870508, 39., 28.3645806972365));
#1677 = CARTESIAN_POINT('', (98.7030461118589, 39., 30.37157288));
#1678 = B_SPLINE_SURFACE_WITH_KNOTS('', 1, 1, ((#1679, #1680), (#1681, #1682)), .UNSPECIFIED., .F., .F., .U., (2, 2), (2, 2), (0., 250.854338866242), (0., 250.854338866242), .UNSPECIFIED.);
#1679 = CARTESIAN_POINT('', (229.888802399067, -89.3642925993031, 7.41406552973853));
#1680 = CARTESIAN_POINT('', (229.888802399067, 161.490046266939, 7.41406552973853));
#1681 = CARTESIAN_POINT('', (-17.2103642023823, -89.3642925993031, 50.6564196849922));
#1682 = CARTESIAN_POINT('', (-17.2103642023823, 161.490046266939, 50.6564196849922));
#1683 = ADVANCED_FACE('', (#1684), #1713, .T.);
#1684 = FACE_OUTER_BOUND('', #1685, .T.);
#1685 = EDGE_LOOP('', (#1686, #1687, #1694, #1701, #1708));
#1686 = ORIENTED_EDGE('', *, *, #1674, .F.);
#1687 = ORIENTED_EDGE('', *, *, #1688, .F.);
#1688 = EDGE_CURVE('', #1689, #1658, #1691, .T.);
#1689 = VERTEX_POINT('', #1690);
#1690 = CARTESIAN_POINT('', (110.171572870508, 39., 4.82842712));
#1691 = B_SPLINE_CURVE_WITH_KNOTS('', 1, (#1692, #1693), .UNSPECIFIED., .F., .U., (2, 2), (0., 0.921427368358583), .UNSPECIFIED.);
#1692 = CARTESIAN_POINT('', (110.171572870508, 39., 4.82842712000001));
#1693 = CARTESIAN_POINT('', (110.171572870508, 39., 28.3645806972365));
#1694 = ORIENTED_EDGE('', *, *, #1695, .F.);
#1695 = EDGE_CURVE('', #1696, #1689, #1698, .T.);
#1696 = VERTEX_POINT('', #1697);
#1697 = CARTESIAN_POINT('', (1.82842712949238, 39., 4.82842712));
#1698 = B_SPLINE_CURVE_WITH_KNOTS('', 1, (#1699, #1700), .UNSPECIFIED., .F., .U., (2, 2), (0.015899366343412, 0.958013677134849), .UNSPECIFIED.);
#1699 = CARTESIAN_POINT('', (1.82842712949238, 39., 4.82842712));
#1700 = CARTESIAN_POINT('', (110.171572870508, 39., 4.82842712));
#1701 = ORIENTED_EDGE('', *, *, #1702, .F.);
#1702 = EDGE_CURVE('', #1703, #1696, #1705, .T.);
#1703 = VERTEX_POINT('', #1704);
#1704 = CARTESIAN_POINT('', (1.82842712949238, 39., 30.37157288));
#1705 = B_SPLINE_CURVE_WITH_KNOTS('', 1, (#1706, #1707), .UNSPECIFIED., .F., .U., (2, 2), (0., 1.), .UNSPECIFIED.);
#1706 = CARTESIAN_POINT('', (1.82842712949238, 39., 30.37157288));
#1707 = CARTESIAN_POINT('', (1.82842712949238, 39., 4.82842711999999));
#1708 = ORIENTED_EDGE('', *, *, #1709, .T.);
#1709 = EDGE_CURVE('', #1703, #1668, #1710, .T.);
#1710 = B_SPLINE_CURVE_WITH_KNOTS('', 1, (#1711, #1712), .UNSPECIFIED., .F., .U., (2, 2), (0.015899366343412, 0.858287357494426), .UNSPECIFIED.);
#1711 = CARTESIAN_POINT('', (1.82842712949238, 39., 30.37157288));
#1712 = CARTESIAN_POINT('', (98.703046111859, 39., 30.37157288));
#1713 = B_SPLINE_SURFACE_WITH_KNOTS('', 1, 1, ((#1714, #1715), (#1716, #1717)), .UNSPECIFIED., .F., .F., .U., (2, 2), (2, 2), (0., 1.), (0., 1.), .UNSPECIFIED.);
#1714 = CARTESIAN_POINT('', (0., 39., 4.82842712));
#1715 = CARTESIAN_POINT('', (115., 39., 4.82842712));
#1716 = CARTESIAN_POINT('', (0., 39., 30.37157288));
#1717 = CARTESIAN_POINT('', (115., 39., 30.37157288));
#1718 = ADVANCED_FACE('', (#1719), #1730, .F.);
#1719 = FACE_OUTER_BOUND('', #1720, .F.);
#1720 = EDGE_LOOP('', (#1721, #1722, #1723, #1728, #1729));
#1721 = ORIENTED_EDGE('', *, *, #1657, .F.);
#1722 = ORIENTED_EDGE('', *, *, #1688, .F.);
#1723 = ORIENTED_EDGE('', *, *, #1724, .F.);
#1724 = EDGE_CURVE('', #1369, #1689, #1725, .T.);
#1725 = B_SPLINE_CURVE_WITH_KNOTS('', 1, (#1726, #1727), .UNSPECIFIED., .F., .U., (2, 2), (0.189339829508516, 1.), .UNSPECIFIED.);
#1726 = CARTESIAN_POINT('', (114.085786430508, 35.08578644, 0.914213560000008));
#1727 = CARTESIAN_POINT('', (110.171572870508, 39., 4.82842712));
#1728 = ORIENTED_EDGE('', *, *, #1368, .T.);
#1729 = ORIENTED_EDGE('', *, *, #1447, .F.);
#1730 = B_SPLINE_SURFACE_WITH_KNOTS('', 1, 1, ((#1731, #1732), (#1733, #1734)), .UNSPECIFIED., .F., .F., .U., (2, 2), (2, 2), (0., 250.854338866242), (0., 250.854338866242), .UNSPECIFIED.);
#1731 = CARTESIAN_POINT('', (22.7039450619459, 126.467627808562, 126.41165581133));
#1732 = CARTESIAN_POINT('', (200.084749164334, -50.913176293826, 126.41165581133));
#1733 = CARTESIAN_POINT('', (22.7039450619459, 126.467627808562, -124.442683054912));
#1734 = CARTESIAN_POINT('', (200.084749164334, -50.913176293826, -124.442683054912));
#1735 = ADVANCED_FACE('', (#1736), #1767, .T.);
#1736 = FACE_OUTER_BOUND('', #1737, .T.);
#1737 = EDGE_LOOP('', (#1738, #1739, #1740, #1747, #1754, #1761, #1766));
#1738 = ORIENTED_EDGE('', *, *, #1724, .F.);
#1739 = ORIENTED_EDGE('', *, *, #1377, .F.);
#1740 = ORIENTED_EDGE('', *, *, #1741, .F.);
#1741 = EDGE_CURVE('', #1742, #1378, #1744, .T.);
#1742 = VERTEX_POINT('', #1743);
#1743 = CARTESIAN_POINT('', (1.82842712949238, 34.17157288, 0.));
#1744 = B_SPLINE_CURVE_WITH_KNOTS('', 1, (#1745, #1746), .UNSPECIFIED., .F., .U., (2, 2), (0.015899366343412, 0.984100633656588), .UNSPECIFIED.);
#1745 = CARTESIAN_POINT('', (1.82842712949238, 34.17157288, 0.));
#1746 = CARTESIAN_POINT('', (113.171572870508, 34.17157288, 0.));
#1747 = ORIENTED_EDGE('', *, *, #1748, .F.);
#1748 = EDGE_CURVE('', #1749, #1742, #1751, .T.);
#1749 = VERTEX_POINT('', #1750);
#1750 = CARTESIAN_POINT('', (0., 36.0000000094924, 1.82842712949242));
#1751 = B_SPLINE_CURVE_WITH_KNOTS('', 1, (#1752, #1753), .UNSPECIFIED., .F., .U., (2, 2), (0., 1.), .UNSPECIFIED.);
#1752 = CARTESIAN_POINT('', (-5.6843418860808E-14, 36.0000000094925, 1.8284271294925));
#1753 = CARTESIAN_POINT('', (1.82842712949245, 34.1715728799999, -1.3988810110277E-14));
#1754 = ORIENTED_EDGE('', *, *, #1755, .T.);
#1755 = EDGE_CURVE('', #1749, #1756, #1758, .T.);
#1756 = VERTEX_POINT('', #1757);
#1757 = CARTESIAN_POINT('', (0., 37.1715728705076, 2.99999999050762));
#1758 = B_SPLINE_CURVE_WITH_KNOTS('', 1, (#1759, #1760), .UNSPECIFIED., .F., .U., (2, 2), (0.378679657795563, 0.621320342204444), .UNSPECIFIED.);
#1759 = CARTESIAN_POINT('', (0., 36.0000000094924, 1.82842712949242));
#1760 = CARTESIAN_POINT('', (0., 37.1715728705076, 2.99999999050762));
#1761 = ORIENTED_EDGE('', *, *, #1762, .F.);
#1762 = EDGE_CURVE('', #1696, #1756, #1763, .T.);
#1763 = B_SPLINE_CURVE_WITH_KNOTS('', 1, (#1764, #1765), .UNSPECIFIED., .F., .U., (2, 2), (0., 1.), .UNSPECIFIED.);
#1764 = CARTESIAN_POINT('', (1.82842712949238, 39., 4.82842711999996));
#1765 = CARTESIAN_POINT('', (2.33146835171283E-14, 37.1715728705076, 2.9999999905076));
#1766 = ORIENTED_EDGE('', *, *, #1695, .T.);
#1767 = B_SPLINE_SURFACE_WITH_KNOTS('', 1, 1, ((#1768, #1769), (#1770, #1771)), .UNSPECIFIED., .F., .F., .U., (2, 2), (2, 2), (0., 1.), (0., 1.), .UNSPECIFIED.);
#1768 = CARTESIAN_POINT('', (0., 34.17157288, 0.));
#1769 = CARTESIAN_POINT('', (115., 34.17157288, 0.));
#1770 = CARTESIAN_POINT('', (0., 39., 4.82842712));
#1771 = CARTESIAN_POINT('', (115., 39., 4.82842712));
#1772 = ADVANCED_FACE('', (#1773), #1789, .T.);
#1773 = FACE_OUTER_BOUND('', #1774, .T.);
#1774 = EDGE_LOOP('', (#1775, #1776, #1783, #1788));
#1775 = ORIENTED_EDGE('', *, *, #1384, .F.);
#1776 = ORIENTED_EDGE('', *, *, #1777, .F.);
#1777 = EDGE_CURVE('', #1778, #1385, #1780, .T.);
#1778 = VERTEX_POINT('', #1779);
#1779 = CARTESIAN_POINT('', (1.82842712949238, 0.32842712, 0.));
#1780 = B_SPLINE_CURVE_WITH_KNOTS('', 1, (#1781, #1782), .UNSPECIFIED., .F., .U., (2, 2), (0.015899366343412, 0.984100633656588), .UNSPECIFIED.);
#1781 = CARTESIAN_POINT('', (1.82842712949238, 0.32842712, 0.));
#1782 = CARTESIAN_POINT('', (113.171572870508, 0.32842712, 0.));
#1783 = ORIENTED_EDGE('', *, *, #1784, .F.);
#1784 = EDGE_CURVE('', #1742, #1778, #1785, .T.);
#1785 = B_SPLINE_CURVE_WITH_KNOTS('', 1, (#1786, #1787), .UNSPECIFIED., .F., .U., (2, 2), (0., 1.), .UNSPECIFIED.);
#1786 = CARTESIAN_POINT('', (1.82842712949238, 34.17157288, 0.));
#1787 = CARTESIAN_POINT('', (1.82842712949238, 0.328427120000043, 0.));
#1788 = ORIENTED_EDGE('', *, *, #1741, .T.);
#1789 = B_SPLINE_SURFACE_WITH_KNOTS('', 1, 1, ((#1790, #1791), (#1792, #1793)), .UNSPECIFIED., .F., .F., .U., (2, 2), (2, 2), (0., 1.), (0., 1.), .UNSPECIFIED.);
#1790 = CARTESIAN_POINT('', (0., 0.32842712, 0.));
#1791 = CARTESIAN_POINT('', (115., 0.32842712, 0.));
#1792 = CARTESIAN_POINT('', (0., 34.17157288, 0.));
#1793 = CARTESIAN_POINT('', (115., 34.17157288, 0.));
#1794 = ADVANCED_FACE('', (#1795), #1818, .T.);
#1795 = FACE_OUTER_BOUND('', #1796, .T.);
#1796 = EDGE_LOOP('', (#1797, #1806, #1811, #1812, #1813));
#1797 = ORIENTED_EDGE('', *, *, #1798, .F.);
#1798 = EDGE_CURVE('', #1799, #1801, #1803, .T.);
#1799 = VERTEX_POINT('', #1800);
#1800 = CARTESIAN_POINT('', (1.66421356949241, 0.164213559999986, 0.16421356));
#1801 = VERTEX_POINT('', #1802);
#1802 = CARTESIAN_POINT('', (1.82842712949237, 0., 0.32842712));
#1803 = B_SPLINE_CURVE_WITH_KNOTS('', 1, (#1804, #1805), .UNSPECIFIED., .F., .U., (2, 2), (0.50000000000005, 1.), .UNSPECIFIED.);
#1804 = CARTESIAN_POINT('', (1.66421356949238, 0.164213559999972, 0.164213560000043));
#1805 = CARTESIAN_POINT('', (1.82842712949236, -9.54791801177635E-15, 0.328427120000024));
#1806 = ORIENTED_EDGE('', *, *, #1807, .F.);
#1807 = EDGE_CURVE('', #1778, #1799, #1808, .T.);
#1808 = B_SPLINE_CURVE_WITH_KNOTS('', 1, (#1809, #1810), .UNSPECIFIED., .F., .U., (2, 2), (0., 0.500000000000108), .UNSPECIFIED.);
#1809 = CARTESIAN_POINT('', (1.82842712949244, 0.328427120000015, -2.8421709430404E-14));
#1810 = CARTESIAN_POINT('', (1.66421356949241, 0.164213559999986, 0.16421356));
#1811 = ORIENTED_EDGE('', *, *, #1777, .T.);
#1812 = ORIENTED_EDGE('', *, *, #1391, .F.);
#1813 = ORIENTED_EDGE('', *, *, #1814, .F.);
#1814 = EDGE_CURVE('', #1801, #1392, #1815, .T.);
#1815 = B_SPLINE_CURVE_WITH_KNOTS('', 1, (#1816, #1817), .UNSPECIFIED., .F., .U., (2, 2), (0.0158993663434119, 0.986956521656588), .UNSPECIFIED.);
#1816 = CARTESIAN_POINT('', (1.82842712949237, 0., 0.32842712));
#1817 = CARTESIAN_POINT('', (113.499999990508, 0., 0.32842712));
#1818 = B_SPLINE_SURFACE_WITH_KNOTS('', 1, 1, ((#1819, #1820), (#1821, #1822)), .UNSPECIFIED., .F., .F., .U., (2, 2), (2, 2), (0., 1.), (0., 1.), .UNSPECIFIED.);
#1819 = CARTESIAN_POINT('', (0., 0., 0.32842712));
#1820 = CARTESIAN_POINT('', (115., 0., 0.32842712));
#1821 = CARTESIAN_POINT('', (0., 0.32842712, 0.));
#1822 = CARTESIAN_POINT('', (115., 0.32842712, 0.));
#1823 = ADVANCED_FACE('', (#1824), #1841, .F.);
#1824 = FACE_OUTER_BOUND('', #1825, .F.);
#1825 = EDGE_LOOP('', (#1826, #1833, #1834, #1835, #1836));
#1826 = ORIENTED_EDGE('', *, *, #1827, .F.);
#1827 = EDGE_CURVE('', #1799, #1828, #1830, .T.);
#1828 = VERTEX_POINT('', #1829);
#1829 = CARTESIAN_POINT('', (5.52819481062285E-17, 1.82842712949237, 1.82842712949238));
#1830 = B_SPLINE_CURVE_WITH_KNOTS('', 1, (#1831, #1832), .UNSPECIFIED., .F., .U., (2, 2), (0.0898113779604933, 1.), .UNSPECIFIED.);
#1831 = CARTESIAN_POINT('', (1.6642135694924, 0.164213559999986, 0.164213559999986));
#1832 = CARTESIAN_POINT('', (-3.81916720471054E-14, 1.82842712949242, 1.82842712949242));
#1833 = ORIENTED_EDGE('', *, *, #1807, .F.);
#1834 = ORIENTED_EDGE('', *, *, #1784, .F.);
#1835 = ORIENTED_EDGE('', *, *, #1748, .F.);
#1836 = ORIENTED_EDGE('', *, *, #1837, .F.);
#1837 = EDGE_CURVE('', #1828, #1749, #1838, .T.);
#1838 = B_SPLINE_CURVE_WITH_KNOTS('', 1, (#1839, #1840), .UNSPECIFIED., .F., .U., (2, 2), (0.0468827469100629, 0.92307692332032), .UNSPECIFIED.);
#1839 = CARTESIAN_POINT('', (5.52819481062285E-17, 1.82842712949237, 1.82842712949238));
#1840 = CARTESIAN_POINT('', (5.52819481062285E-17, 36.0000000094924, 1.82842712949238));
#1841 = B_SPLINE_SURFACE_WITH_KNOTS('', 1, 1, ((#1842, #1843), (#1844, #1845)), .UNSPECIFIED., .F., .F., .U., (2, 2), (2, 2), (0., 250.854338872145), (0., 250.854338872145), .UNSPECIFIED.);
#1842 = CARTESIAN_POINT('', (-87.2541264376616, -86.9142413134577, 89.082553567154));
#1843 = CARTESIAN_POINT('', (-87.2541264376616, 163.940097558687, 89.082553567154));
#1844 = CARTESIAN_POINT('', (90.1266776689002, -86.9142413134577, -88.2982505394078));
#1845 = CARTESIAN_POINT('', (90.1266776689002, 163.940097558687, -88.2982505394078));
#1846 = ADVANCED_FACE('', (#1847), #1877, .T.);
#1847 = FACE_OUTER_BOUND('', #1848, .T.);
#1848 = EDGE_LOOP('', (#1849, #1858, #1865, #1870, #1871, #1872));
#1849 = ORIENTED_EDGE('', *, *, #1850, .F.);
#1850 = EDGE_CURVE('', #1851, #1853, #1855, .T.);
#1851 = VERTEX_POINT('', #1852);
#1852 = CARTESIAN_POINT('', (-5.42567557484678E-16, 15.4135320134064, 30.3715728705076));
#1853 = VERTEX_POINT('', #1854);
#1854 = CARTESIAN_POINT('', (4.33306483425339E-17, 1.82842712949237, 25.5197496976812));
#1855 = B_SPLINE_CURVE_WITH_KNOTS('', 1, (#1856, #1857), .UNSPECIFIED., .F., .U., (2, 2), (0., 1.), .UNSPECIFIED.);
#1856 = CARTESIAN_POINT('', (0., 15.4135320134064, 30.3715728705076));
#1857 = CARTESIAN_POINT('', (0., 1.82842712949232, 25.5197496976812));
#1858 = ORIENTED_EDGE('', *, *, #1859, .F.);
#1859 = EDGE_CURVE('', #1860, #1851, #1862, .T.);
#1860 = VERTEX_POINT('', #1861);
#1861 = CARTESIAN_POINT('', (-5.42567557484678E-16, 37.1715728705076, 30.3715728705076));
#1862 = B_SPLINE_CURVE_WITH_KNOTS('', 1, (#1863, #1864), .UNSPECIFIED., .F., .U., (2, 2), (0.179144994826243, 0.574196208599466), .UNSPECIFIED.);
#1863 = CARTESIAN_POINT('', (-5.42567557484678E-16, 37.1715728705076, 30.3715728705076));
#1864 = CARTESIAN_POINT('', (-5.42567557484678E-16, 15.4135320134064, 30.3715728705076));
#1865 = ORIENTED_EDGE('', *, *, #1866, .F.);
#1866 = EDGE_CURVE('', #1756, #1860, #1867, .T.);
#1867 = B_SPLINE_CURVE_WITH_KNOTS('', 1, (#1868, #1869), .UNSPECIFIED., .F., .U., (2, 2), (0.041045681203321, 1.), .UNSPECIFIED.);
#1868 = CARTESIAN_POINT('', (-4.15745789498904E-16, 37.1715728705076, 2.99999999050762));
#1869 = CARTESIAN_POINT('', (-4.15745789498904E-16, 37.1715728705076, 30.37157288));
#1870 = ORIENTED_EDGE('', *, *, #1755, .F.);
#1871 = ORIENTED_EDGE('', *, *, #1837, .F.);
#1872 = ORIENTED_EDGE('', *, *, #1873, .F.);
#1873 = EDGE_CURVE('', #1853, #1828, #1874, .T.);
#1874 = B_SPLINE_CURVE_WITH_KNOTS('', 1, (#1875, #1876), .UNSPECIFIED., .F., .U., (2, 2), (0.169982076423114, 1.), .UNSPECIFIED.);
#1875 = CARTESIAN_POINT('', (4.33306483425339E-17, 1.82842712949237, 25.5197496976812));
#1876 = CARTESIAN_POINT('', (4.33306483425339E-17, 1.82842712949237, 1.82842712949238));
#1877 = B_SPLINE_SURFACE_WITH_KNOTS('', 1, 1, ((#1878, #1879), (#1880, #1881)), .UNSPECIFIED., .F., .F., .U., (2, 2), (2, 2), (0., 1.), (0., 1.), .UNSPECIFIED.);
#1878 = CARTESIAN_POINT('', (0., -8.03825339414249, -11.8382533941425));
#1879 = CARTESIAN_POINT('', (0., 47.0382533941425, -11.8382533941425));
#1880 = CARTESIAN_POINT('', (0., -8.03825339414249, 43.2382533941425));
#1881 = CARTESIAN_POINT('', (0., 47.0382533941425, 43.2382533941425));
#1882 = ADVANCED_FACE('', (#1883), #1904, .F.);
#1883 = FACE_OUTER_BOUND('', #1884, .F.);
#1884 = EDGE_LOOP('', (#1885, #1890, #1891, #1898, #1903));
#1885 = ORIENTED_EDGE('', *, *, #1886, .F.);
#1886 = EDGE_CURVE('', #1851, #1636, #1887, .T.);
#1887 = B_SPLINE_CURVE_WITH_KNOTS('', 1, (#1888, #1889), .UNSPECIFIED., .F., .U., (2, 2), (0., 1.), .UNSPECIFIED.);
#1888 = CARTESIAN_POINT('', (2.8421709430404E-14, 15.4135320134064, 30.3715728705076));
#1889 = CARTESIAN_POINT('', (1.02842712949244, 17.693212150448, 31.4));
#1890 = ORIENTED_EDGE('', *, *, #1859, .F.);
#1891 = ORIENTED_EDGE('', *, *, #1892, .F.);
#1892 = EDGE_CURVE('', #1893, #1860, #1895, .T.);
#1893 = VERTEX_POINT('', #1894);
#1894 = CARTESIAN_POINT('', (0.914213569492383, 38.08578644, 31.28578644));
#1895 = B_SPLINE_CURVE_WITH_KNOTS('', 1, (#1896, #1897), .UNSPECIFIED., .F., .U., (2, 2), (0.111056541318897, 1.), .UNSPECIFIED.);
#1896 = CARTESIAN_POINT('', (0.914213569492403, 38.08578644, 31.28578644));
#1897 = CARTESIAN_POINT('', (9.32587340685131E-15, 37.1715728705076, 30.3715728705076));
#1898 = ORIENTED_EDGE('', *, *, #1899, .F.);
#1899 = EDGE_CURVE('', #1629, #1893, #1900, .T.);
#1900 = B_SPLINE_CURVE_WITH_KNOTS('', 1, (#1901, #1902), .UNSPECIFIED., .F., .U., (2, 2), (0., 0.111056541318986), .UNSPECIFIED.);
#1901 = CARTESIAN_POINT('', (1.02842712949243, 37.97157288, 31.4));
#1902 = CARTESIAN_POINT('', (0.914213569492383, 38.08578644, 31.28578644));
#1903 = ORIENTED_EDGE('', *, *, #1635, .F.);
#1904 = B_SPLINE_SURFACE_WITH_KNOTS('', 1, 1, ((#1905, #1906), (#1907, #1908)), .UNSPECIFIED., .F., .F., .U., (2, 2), (2, 2), (0., 250.854338866242), (0., 250.854338866242), .UNSPECIFIED.);
#1905 = CARTESIAN_POINT('', (89.4982624910836, -86.7011264636586, 119.869835361591));
#1906 = CARTESIAN_POINT('', (89.4982624910836, 164.153212402583, 119.869835361591));
#1907 = CARTESIAN_POINT('', (-87.882541611304, -86.7011264636586, -57.5109687407964));
#1908 = CARTESIAN_POINT('', (-87.882541611304, 164.153212402583, -57.5109687407964));
#1909 = ADVANCED_FACE('', (#1910), #1921, .T.);
#1910 = FACE_OUTER_BOUND('', #1911, .T.);
#1911 = EDGE_LOOP('', (#1912, #1913, #1914, #1919, #1920));
#1912 = ORIENTED_EDGE('', *, *, #1667, .F.);
#1913 = ORIENTED_EDGE('', *, *, #1709, .F.);
#1914 = ORIENTED_EDGE('', *, *, #1915, .F.);
#1915 = EDGE_CURVE('', #1893, #1703, #1916, .T.);
#1916 = B_SPLINE_CURVE_WITH_KNOTS('', 1, (#1917, #1918), .UNSPECIFIED., .F., .U., (2, 2), (0.111056542344007, 1.), .UNSPECIFIED.);
#1917 = CARTESIAN_POINT('', (0.914213569492382, 38.08578644, 31.28578644));
#1918 = CARTESIAN_POINT('', (1.82842712949236, 39., 30.37157288));
#1919 = ORIENTED_EDGE('', *, *, #1899, .F.);
#1920 = ORIENTED_EDGE('', *, *, #1628, .T.);
#1921 = B_SPLINE_SURFACE_WITH_KNOTS('', 1, 1, ((#1922, #1923), (#1924, #1925)), .UNSPECIFIED., .F., .F., .U., (2, 2), (2, 2), (0., 1.), (0., 1.), .UNSPECIFIED.);
#1922 = CARTESIAN_POINT('', (0., 39., 30.37157288));
#1923 = CARTESIAN_POINT('', (115., 39., 30.37157288));
#1924 = CARTESIAN_POINT('', (0., 37.97157288, 31.4));
#1925 = CARTESIAN_POINT('', (115., 37.97157288, 31.4));
#1926 = ADVANCED_FACE('', (#1927), #1934, .F.);
#1927 = FACE_OUTER_BOUND('', #1928, .F.);
#1928 = EDGE_LOOP('', (#1929, #1930, #1931, #1932, #1933));
#1929 = ORIENTED_EDGE('', *, *, #1866, .F.);
#1930 = ORIENTED_EDGE('', *, *, #1762, .F.);
#1931 = ORIENTED_EDGE('', *, *, #1702, .F.);
#1932 = ORIENTED_EDGE('', *, *, #1915, .F.);
#1933 = ORIENTED_EDGE('', *, *, #1892, .T.);
#1934 = B_SPLINE_SURFACE_WITH_KNOTS('', 1, 1, ((#1935, #1936), (#1937, #1938)), .UNSPECIFIED., .F., .F., .U., (2, 2), (2, 2), (0., 250.854338872145), (0., 250.854338872145), .UNSPECIFIED.);
#1935 = CARTESIAN_POINT('', (-87.3250085151258, -50.1534356446182, 125.799967043046));
#1936 = CARTESIAN_POINT('', (90.0557955914361, 127.227368461944, 125.799967043046));
#1937 = CARTESIAN_POINT('', (-87.3250085151258, -50.1534356446182, -125.054371829099));
#1938 = CARTESIAN_POINT('', (90.0557955914361, 127.227368461944, -125.054371829099));
#1939 = ADVANCED_FACE('', (#1940), #1958, .F.);
#1940 = FACE_OUTER_BOUND('', #1941, .F.);
#1941 = EDGE_LOOP('', (#1942, #1943, #1944, #1951, #1956, #1957));
#1942 = ORIENTED_EDGE('', *, *, #1642, .F.);
#1943 = ORIENTED_EDGE('', *, *, #1490, .F.);
#1944 = ORIENTED_EDGE('', *, *, #1945, .F.);
#1945 = EDGE_CURVE('', #1946, #1491, #1948, .T.);
#1946 = VERTEX_POINT('', #1947);
#1947 = CARTESIAN_POINT('', (1.82842712949237, 0., 25.247662327221));
#1948 = B_SPLINE_CURVE_WITH_KNOTS('', 1, (#1949, #1950), .UNSPECIFIED., .F., .U., (2, 2), (0., 1.), .UNSPECIFIED.);
#1949 = CARTESIAN_POINT('', (1.82842712949244, 0., 25.247662327221));
#1950 = CARTESIAN_POINT('', (8.18319778283151, 0., 26.57157288));
#1951 = ORIENTED_EDGE('', *, *, #1952, .T.);
#1952 = EDGE_CURVE('', #1946, #1853, #1953, .T.);
#1953 = B_SPLINE_CURVE_WITH_KNOTS('', 1, (#1954, #1955), .UNSPECIFIED., .F., .U., (2, 2), (0., 1.), .UNSPECIFIED.);
#1954 = CARTESIAN_POINT('', (1.82842712949235, 0., 25.247662327221));
#1955 = CARTESIAN_POINT('', (-2.22044604925031E-16, 1.82842712949235, 25.5197496976812));
#1956 = ORIENTED_EDGE('', *, *, #1850, .F.);
#1957 = ORIENTED_EDGE('', *, *, #1886, .T.);
#1958 = B_SPLINE_SURFACE_WITH_KNOTS('', 1, 1, ((#1959, #1960), (#1961, #1962)), .UNSPECIFIED., .F., .F., .U., (2, 2), (2, 2), (0., 250.854338866242), (0., 250.854338866242), .UNSPECIFIED.);
#1959 = CARTESIAN_POINT('', (133.924371625743, -122.564441849834, 8.99463581757055));
#1960 = CARTESIAN_POINT('', (133.924371625743, 113.67560276592, 93.3660803231969));
#1961 = CARTESIAN_POINT('', (-112.236963340999, -106.320764014548, -36.4876621212318));
#1962 = CARTESIAN_POINT('', (-112.236963340999, 129.919280601206, 47.8837823843946));
#1963 = ADVANCED_FACE('', (#1964), #1975, .F.);
#1964 = FACE_OUTER_BOUND('', #1965, .F.);
#1965 = EDGE_LOOP('', (#1966, #1967, #1972, #1973, #1974));
#1966 = ORIENTED_EDGE('', *, *, #1952, .F.);
#1967 = ORIENTED_EDGE('', *, *, #1968, .F.);
#1968 = EDGE_CURVE('', #1801, #1946, #1969, .T.);
#1969 = B_SPLINE_CURVE_WITH_KNOTS('', 1, (#1970, #1971), .UNSPECIFIED., .F., .U., (2, 2), (0., 0.94955213963728), .UNSPECIFIED.);
#1970 = CARTESIAN_POINT('', (1.82842712949237, 0., 0.328427119999986));
#1971 = CARTESIAN_POINT('', (1.82842712949237, 0., 25.247662327221));
#1972 = ORIENTED_EDGE('', *, *, #1798, .F.);
#1973 = ORIENTED_EDGE('', *, *, #1827, .T.);
#1974 = ORIENTED_EDGE('', *, *, #1873, .F.);
#1975 = B_SPLINE_SURFACE_WITH_KNOTS('', 1, 1, ((#1976, #1977), (#1978, #1979)), .UNSPECIFIED., .F., .F., .U., (2, 2), (2, 2), (0., 250.854338872145), (0., 250.854338872145), .UNSPECIFIED.);
#1976 = CARTESIAN_POINT('', (90.0557955843476, -88.2273684548553, 125.79996704111));
#1977 = CARTESIAN_POINT('', (-87.3250085222142, 89.1534356517066, 125.79996704111));
#1978 = CARTESIAN_POINT('', (90.0557955843476, -88.2273684548553, -125.054371831035));
#1979 = CARTESIAN_POINT('', (-87.3250085222142, 89.1534356517066, -125.054371831035));
#1980 = ADVANCED_FACE('', (#1981), #1993, .T.);
#1981 = FACE_OUTER_BOUND('', #1982, .T.);
#1982 = EDGE_LOOP('', (#1983, #1984, #1985, #1986, #1987, #1992));
#1983 = ORIENTED_EDGE('', *, *, #1945, .F.);
#1984 = ORIENTED_EDGE('', *, *, #1968, .F.);
#1985 = ORIENTED_EDGE('', *, *, #1814, .T.);
#1986 = ORIENTED_EDGE('', *, *, #1398, .F.);
#1987 = ORIENTED_EDGE('', *, *, #1988, .F.);
#1988 = EDGE_CURVE('', #1498, #1399, #1989, .T.);
#1989 = B_SPLINE_CURVE_WITH_KNOTS('', 1, (#1990, #1991), .UNSPECIFIED., .F., .U., (2, 2), (0., 0.955356995281193), .UNSPECIFIED.);
#1990 = CARTESIAN_POINT('', (114.671572870508, 0., 26.57157288));
#1991 = CARTESIAN_POINT('', (114.671572870508, 0., 1.50000000000004));
#1992 = ORIENTED_EDGE('', *, *, #1497, .F.);
#1993 = B_SPLINE_SURFACE_WITH_KNOTS('', 1, 1, ((#1994, #1995), (#1996, #1997)), .UNSPECIFIED., .F., .F., .U., (2, 2), (2, 2), (0., 1.), (0., 1.), .UNSPECIFIED.);
#1994 = CARTESIAN_POINT('', (0., 0., 26.57157288));
#1995 = CARTESIAN_POINT('', (115., 0., 26.57157288));
#1996 = CARTESIAN_POINT('', (0., 0., 0.328427120000001));
#1997 = CARTESIAN_POINT('', (115., 0., 0.328427120000001));
#1998 = ADVANCED_FACE('', (#1999), #2005, .F.);
#1999 = FACE_OUTER_BOUND('', #2000, .F.);
#2000 = EDGE_LOOP('', (#2001, #2002, #2003, #2004));
#2001 = ORIENTED_EDGE('', *, *, #1988, .F.);
#2002 = ORIENTED_EDGE('', *, *, #1504, .F.);
#2003 = ORIENTED_EDGE('', *, *, #1441, .F.);
#2004 = ORIENTED_EDGE('', *, *, #1405, .T.);
#2005 = B_SPLINE_SURFACE_WITH_KNOTS('', 1, 1, ((#2006, #2007), (#2008, #2009)), .UNSPECIFIED., .F., .F., .U., (2, 2), (2, 2), (0., 250.854338866242), (0., 250.854338866242), .UNSPECIFIED.);
#2006 = CARTESIAN_POINT('', (203.445138197898, 88.7735653273901, 125.494122651607));
#2007 = CARTESIAN_POINT('', (26.06433409551, -88.6072387749976, 125.494122651607));
#2008 = CARTESIAN_POINT('', (203.445138197898, 88.7735653273901, -125.360216214635));
#2009 = CARTESIAN_POINT('', (26.06433409551, -88.6072387749976, -125.360216214635));
#2010 = PRESENTATION_STYLE_ASSIGNMENT((#2011));
#2011 = SURFACE_STYLE_USAGE(.POSITIVE., #2012);
#2012 = SURFACE_SIDE_STYLE('', (#2013));
#2013 = SURFACE_STYLE_FILL_AREA(#2014);
#2014 = FILL_AREA_STYLE('', (#2015));
#2015 = FILL_AREA_STYLE_COLOUR('', #2016);
#2016 = COLOUR_RGB('', 0.109803921568627, 0.113725490196078, 0.125490196078431);
#2017 = STYLED_ITEM('', (#2010), #52);
#2018 = DRAUGHTING_MODEL('#2018', (#2017), #2023);
#2019 = AXIS2_PLACEMENT_3D('Mount', #2020, #2021, #2022);
#2020 = CARTESIAN_POINT('', (0., 0., 0.));
#2021 = DIRECTION('', (0., 0., 1.));
#2022 = DIRECTION('', (1., 0., 0.));
#2023 = (
   GEOMETRIC_REPRESENTATION_CONTEXT (3)
   GLOBAL_UNCERTAINTY_ASSIGNED_CONTEXT ((#2025))
   GLOBAL_UNIT_ASSIGNED_CONTEXT ((#2024, #2026, #2027))
   REPRESENTATION_CONTEXT ('', '3D')
);
#2024 = (
   LENGTH_UNIT ()
   NAMED_UNIT (*)
   SI_UNIT (.MILLI., .METRE.)
);
#2025 = UNCERTAINTY_MEASURE_WITH_UNIT(LENGTH_MEASURE(1.E-6), #2024, 'DISTANCE_ACCURACY_VALUE', '');
#2026 = (
   NAMED_UNIT (*)
   SI_UNIT ($, .STERADIAN.)
   SOLID_ANGLE_UNIT ()
);
#2027 = (
   NAMED_UNIT (*)
   PLANE_ANGLE_UNIT ()
   SI_UNIT ($, .RADIAN.)
);
#2028 = SHAPE_REPRESENTATION('', (#2049), #2023);
#2029 = PRODUCT_DEFINITION_SHAPE('', '', #2030);
#2030 = PRODUCT_DEFINITION('', '', #2033, #2037);
#2031 = APPLICATION_CONTEXT('automotive design');
#2032 = APPLICATION_PROTOCOL_DEFINITION('International Standard', 'automotive_design', 2002, #2031);
#2033 = PRODUCT_DEFINITION_FORMATION_WITH_SPECIFIED_SOURCE('', '', #2034, .NOT_KNOWN.);
#2034 = PRODUCT('Tub', 'Tub', '', (#2035));
#2035 = PRODUCT_CONTEXT('', #2031, 'mechanical');
#2036 = PRODUCT_RELATED_PRODUCT_CATEGORY('detail', '', (#2034));
#2037 = PRODUCT_DEFINITION_CONTEXT('part definition', #2031, 'design');
#2038 = SHAPE_DEFINITION_REPRESENTATION(#2029, #2028);
#2039 = CONSTRUCTIVE_GEOMETRY_REPRESENTATION('supplemental geometry', (#2019), #2023);
#2040 = CONSTRUCTIVE_GEOMETRY_REPRESENTATION_RELATIONSHIP('', '', #2028, #2039);
#2041 = SHAPE_REPRESENTATION_RELATIONSHIP('', '', #2028, #2042);
#2042 = ADVANCED_BREP_SHAPE_REPRESENTATION('', (#52), #2023);
#2043 = NEXT_ASSEMBLY_USAGE_OCCURRENCE('#2043', 'Tub_instance', 'Tub_instance', #8, #2030, '');
#2044 = PRODUCT_DEFINITION_SHAPE('', '', #2043);
#2045 = AXIS2_PLACEMENT_3D('', #2046, #2047, #2048);
#2046 = CARTESIAN_POINT('', (0., 0., 0.));
#2047 = DIRECTION('', (0., 0., 1.));
#2048 = DIRECTION('', (1., 0., 0.));
#2049 = AXIS2_PLACEMENT_3D('', #2050, #2051, #2052);
#2050 = CARTESIAN_POINT('', (0., 0., 0.));
#2051 = DIRECTION('', (0., 0., 1.));
#2052 = DIRECTION('', (1., 0., 0.));
#2053 = ITEM_DEFINED_TRANSFORMATION('', '', #2045, #2049);
#2054 = (
   REPRESENTATION_RELATIONSHIP ('', '', #6, #2028)
   REPRESENTATION_RELATIONSHIP_WITH_TRANSFORMATION (#2053)
   SHAPE_REPRESENTATION_RELATIONSHIP ()
);
#2055 = CONTEXT_DEPENDENT_SHAPE_REPRESENTATION(#2054, #2044);
ENDSEC;
END-ISO-10303-21;
