ISO-10303-21;
HEADER;
FILE_DESCRIPTION(('STEP'), '1');
FILE_NAME('/Users/dev/dev/awv/classcad-ai/workspace/training/2026-09-20_01-02-49_enclosed-void-boolean/files/parts/Tub.step', '2026-09-20T01:06:50', (''), (''), 'Express 3.1.3.0', 'Express Tool', 'Unknown');
FILE_SCHEMA(('AUTOMOTIVE_DESIGN'));
ENDSEC;

DATA;
#1 = BREP_WITH_VOIDS('Subtraction_0', #2, (#1311));
#2 = CLOSED_SHELL('', (#3, #41, #101, #130, #181, #209, #241, #269, #324, #340, #360, #372, #429, #471, #499, #527, #555, #589, #611, #637, #653, #665, #701, #736, #779, #813, #842, #871, #900, #930, #959, #994, #1056, #1093, #1117, #1140, #1159, #1177, #1200, #1221, #1239, #1261, #1283, #1299));
#3 = ADVANCED_FACE('', (#4), #36, .T.);
#4 = FACE_OUTER_BOUND('', #5, .T.);
#5 = EDGE_LOOP('', (#6, #15, #23, #30));
#6 = ORIENTED_EDGE('', *, *, #7, .F.);
#7 = EDGE_CURVE('', #8, #10, #12, .T.);
#8 = VERTEX_POINT('', #9);
#9 = CARTESIAN_POINT('', (116., -1.49999999999998, 0.728869096528736));
#10 = VERTEX_POINT('', #11);
#11 = CARTESIAN_POINT('', (116., -1.49999999999997, 18.2711309034713));
#12 = B_SPLINE_CURVE_WITH_KNOTS('', 1, (#13, #14), .UNSPECIFIED., .F., .U., (2, 2), (0.0417982685894158, 0.638473840254127), .UNSPECIFIED.);
#13 = CARTESIAN_POINT('', (116., -1.49999999999998, 0.728869096528717));
#14 = CARTESIAN_POINT('', (116., -1.49999999999998, 18.2711309034713));
#15 = ORIENTED_EDGE('', *, *, #16, .F.);
#16 = EDGE_CURVE('', #17, #8, #19, .T.);
#17 = VERTEX_POINT('', #18);
#18 = CARTESIAN_POINT('', (116., -1.7, 2.1));
#19 = (
   BOUNDED_CURVE ()
   B_SPLINE_CURVE (2, (#20, #21, #22), .UNSPECIFIED., .F., .U.)
   B_SPLINE_CURVE_WITH_KNOTS ((3, 3), (0., 0.19453083814271), .UNSPECIFIED.)
   CURVE ()
   GEOMETRIC_REPRESENTATION_ITEM ()
   RATIONAL_B_SPLINE_CURVE ((1., 0.943023237215152, 0.908213949268694))
   REPRESENTATION_ITEM ('')
);
#20 = CARTESIAN_POINT('', (116., -1.7, 2.1));
#21 = CARTESIAN_POINT('', (116., -1.6999999971636, 1.39984804935162));
#22 = CARTESIAN_POINT('', (116., -1.49999999999998, 0.728869096528736));
#23 = ORIENTED_EDGE('', *, *, #24, .F.);
#24 = EDGE_CURVE('', #25, #17, #27, .T.);
#25 = VERTEX_POINT('', #26);
#26 = CARTESIAN_POINT('', (116., -1.70000000000001, 16.9));
#27 = B_SPLINE_CURVE_WITH_KNOTS('', 1, (#28, #29), .UNSPECIFIED., .F., .U., (2, 2), (0., 1.), .UNSPECIFIED.);
#28 = CARTESIAN_POINT('', (116., -1.7, 16.9));
#29 = CARTESIAN_POINT('', (116., -1.7, 2.1));
#30 = ORIENTED_EDGE('', *, *, #31, .F.);
#31 = EDGE_CURVE('', #10, #25, #32, .T.);
#32 = (
   BOUNDED_CURVE ()
   B_SPLINE_CURVE (2, (#33, #34, #35), .UNSPECIFIED., .F., .U.)
   B_SPLINE_CURVE_WITH_KNOTS ((3, 3), (0.805469161857281, 1.), .UNSPECIFIED.)
   CURVE ()
   GEOMETRIC_REPRESENTATION_ITEM ()
   RATIONAL_B_SPLINE_CURVE ((0.908213949268691, 0.94302323721515, 1.))
   REPRESENTATION_ITEM ('')
);
#33 = CARTESIAN_POINT('', (116., -1.49999999999997, 18.2711309034713));
#34 = CARTESIAN_POINT('', (116., -1.6999999971636, 17.6001519506484));
#35 = CARTESIAN_POINT('', (116., -1.70000000000001, 16.9));
#36 = B_SPLINE_SURFACE_WITH_KNOTS('', 1, 1, ((#37, #38), (#39, #40)), .UNSPECIFIED., .F., .F., .U., (2, 2), (2, 2), (0., 1.), (0., 1.), .UNSPECIFIED.);
#37 = CARTESIAN_POINT('', (116., -8.10991223774496, -11.009912237745));
#38 = CARTESIAN_POINT('', (116., 32.9099122377449, -11.009912237745));
#39 = CARTESIAN_POINT('', (116., -8.10991223774496, 30.009912237745));
#40 = CARTESIAN_POINT('', (116., 32.9099122377449, 30.009912237745));
#41 = ADVANCED_FACE('', (#42), #94, .T.);
#42 = FACE_OUTER_BOUND('', #43, .T.);
#43 = EDGE_LOOP('', (#44, #55, #63, #70, #78, #83, #84));
#44 = ORIENTED_EDGE('', *, *, #45, .F.);
#45 = EDGE_CURVE('', #46, #48, #50, .T.);
#46 = VERTEX_POINT('', #47);
#47 = CARTESIAN_POINT('', (116., -1.21624836369999, 2.37638233823385E-14));
#48 = VERTEX_POINT('', #49);
#49 = CARTESIAN_POINT('', (116.194451166852, -1.30554883314753, 0.194451166852411));
#50 = B_SPLINE_CURVE_WITH_KNOTS('', 3, (#51, #52, #53, #54), .UNSPECIFIED., .F., .U., (4, 4), (0., 0.289038775688612), .UNSPECIFIED.);
#51 = CARTESIAN_POINT('', (116., -1.2162483637, 2.12393297092522E-14));
#52 = CARTESIAN_POINT('', (116.064421306926, -1.24759149639051, 0.0644213069264129));
#53 = CARTESIAN_POINT('', (116.129258606645, -1.2773537213898, 0.129258606645452));
#54 = CARTESIAN_POINT('', (116.19444909296, -1.30555090703953, 0.194449092960417));
#55 = ORIENTED_EDGE('', *, *, #56, .T.);
#56 = EDGE_CURVE('', #46, #57, #59, .T.);
#57 = VERTEX_POINT('', #58);
#58 = CARTESIAN_POINT('', (116., 3.1, -2.7));
#59 = (
   BOUNDED_CURVE ()
   B_SPLINE_CURVE (2, (#60, #61, #62), .UNSPECIFIED., .F., .U.)
   B_SPLINE_CURVE_WITH_KNOTS ((3, 3), (0.297398325804525, 1.), .UNSPECIFIED.)
   CURVE ()
   GEOMETRIC_REPRESENTATION_ITEM ()
   RATIONAL_B_SPLINE_CURVE ((0.877598424496715, 0.794212736113825, 1.))
   REPRESENTATION_ITEM ('')
);
#60 = CARTESIAN_POINT('', (116., -1.2162483637, 2.40376129605636E-14));
#61 = CARTESIAN_POINT('', (116., 0.0973924474032752, -2.69999998783606));
#62 = CARTESIAN_POINT('', (116., 3.1, -2.7));
#63 = ORIENTED_EDGE('', *, *, #64, .T.);
#64 = EDGE_CURVE('', #57, #65, #67, .T.);
#65 = VERTEX_POINT('', #66);
#66 = CARTESIAN_POINT('', (120.2, 3.1, -2.7));
#67 = B_SPLINE_CURVE_WITH_KNOTS('', 1, (#68, #69), .UNSPECIFIED., .F., .U., (2, 2), (0., 4.2), .UNSPECIFIED.);
#68 = CARTESIAN_POINT('', (116., 3.1, -2.7));
#69 = CARTESIAN_POINT('', (120.2, 3.1, -2.7));
#70 = ORIENTED_EDGE('', *, *, #71, .F.);
#71 = EDGE_CURVE('', #72, #65, #74, .T.);
#72 = VERTEX_POINT('', #73);
#73 = CARTESIAN_POINT('', (120.2, -1.7, 2.1));
#74 = (
   BOUNDED_CURVE ()
   B_SPLINE_CURVE (2, (#75, #76, #77), .UNSPECIFIED., .F., .U.)
   B_SPLINE_CURVE_WITH_KNOTS ((3, 3), (0., 1.), .UNSPECIFIED.)
   CURVE ()
   GEOMETRIC_REPRESENTATION_ITEM ()
   RATIONAL_B_SPLINE_CURVE ((1., 0.707106784051127, 1.))
   REPRESENTATION_ITEM ('')
);
#75 = CARTESIAN_POINT('', (120.2, -1.7, 2.1));
#76 = CARTESIAN_POINT('', (120.2, -1.69999998055459, -2.69999998055459));
#77 = CARTESIAN_POINT('', (120.2, 3.1, -2.7));
#78 = ORIENTED_EDGE('', *, *, #79, .F.);
#79 = EDGE_CURVE('', #17, #72, #80, .T.);
#80 = B_SPLINE_CURVE_WITH_KNOTS('', 1, (#81, #82), .UNSPECIFIED., .F., .U., (2, 2), (0., 4.2), .UNSPECIFIED.);
#81 = CARTESIAN_POINT('', (116., -1.7, 2.1));
#82 = CARTESIAN_POINT('', (120.2, -1.7, 2.1));
#83 = ORIENTED_EDGE('', *, *, #16, .T.);
#84 = ORIENTED_EDGE('', *, *, #85, .T.);
#85 = EDGE_CURVE('', #8, #48, #86, .T.);
#86 = B_SPLINE_CURVE_WITH_KNOTS('', 3, (#87, #88, #89, #90, #91, #92, #93), .UNSPECIFIED., .F., .U., (4, 3, 4), (0., 0.440464078841103, 0.601300225470629), .UNSPECIFIED.);
#87 = CARTESIAN_POINT('', (116., -1.49999999999999, 0.728869096528734));
#88 = CARTESIAN_POINT('', (116.040326835743, -1.45967316425658, 0.593576804521157));
#89 = CARTESIAN_POINT('', (116.086249017404, -1.4137509825963, 0.461391864302469));
#90 = CARTESIAN_POINT('', (116.136962958119, -1.36303704188116, 0.33327978808364));
#91 = CARTESIAN_POINT('', (116.155481232813, -1.3445187671867, 0.286499463272686));
#92 = CARTESIAN_POINT('', (116.174657099017, -1.32534290098278, 0.240212500103037));
#93 = CARTESIAN_POINT('', (116.194451166852, -1.30554883314745, 0.194451166852411));
#94 = (
   BOUNDED_SURFACE ()
   B_SPLINE_SURFACE (2, 1, ((#95, #96), (#97, #98), (#99, #100)), .UNSPECIFIED., .F., .F., .U.)
   B_SPLINE_SURFACE_WITH_KNOTS ((3, 3), (2, 2), (0., 1.), (0., 4.2), .UNSPECIFIED.)
   GEOMETRIC_REPRESENTATION_ITEM ()
   RATIONAL_B_SPLINE_SURFACE (((1., 1.), (0.707106784051127, 0.707106784051127), (1., 1.)))
   REPRESENTATION_ITEM ('')
   SURFACE ()
);
#95 = CARTESIAN_POINT('', (116., -1.7, 2.1));
#96 = CARTESIAN_POINT('', (120.2, -1.7, 2.1));
#97 = CARTESIAN_POINT('', (116., -1.69999998055459, -2.69999998055459));
#98 = CARTESIAN_POINT('', (120.2, -1.69999998055459, -2.69999998055459));
#99 = CARTESIAN_POINT('', (116., 3.1, -2.7));
#100 = CARTESIAN_POINT('', (120.2, 3.1, -2.7));
#101 = ADVANCED_FACE('', (#102), #125, .T.);
#102 = FACE_OUTER_BOUND('', #103, .T.);
#103 = EDGE_LOOP('', (#104, #111, #119, #124));
#104 = ORIENTED_EDGE('', *, *, #105, .F.);
#105 = EDGE_CURVE('', #106, #46, #108, .T.);
#106 = VERTEX_POINT('', #107);
#107 = CARTESIAN_POINT('', (116., 26.0162483637, 2.55380678764583E-16));
#108 = B_SPLINE_CURVE_WITH_KNOTS('', 1, (#109, #110), .UNSPECIFIED., .F., .U., (2, 2), (0.197470100385743, 0.97754930946367), .UNSPECIFIED.);
#109 = CARTESIAN_POINT('', (116., 26.0162483637, -4.39625888431457E-15));
#110 = CARTESIAN_POINT('', (116., -1.21624836369998, -4.39625888431457E-15));
#111 = ORIENTED_EDGE('', *, *, #112, .F.);
#112 = EDGE_CURVE('', #113, #106, #115, .T.);
#113 = VERTEX_POINT('', #114);
#114 = CARTESIAN_POINT('', (116., 21.7, -2.7));
#115 = (
   BOUNDED_CURVE ()
   B_SPLINE_CURVE (2, (#116, #117, #118), .UNSPECIFIED., .F., .U.)
   B_SPLINE_CURVE_WITH_KNOTS ((3, 3), (0., 0.702601674195471), .UNSPECIFIED.)
   CURVE ()
   GEOMETRIC_REPRESENTATION_ITEM ()
   RATIONAL_B_SPLINE_CURVE ((1., 0.794212736113826, 0.877598424496714))
   REPRESENTATION_ITEM ('')
);
#116 = CARTESIAN_POINT('', (116., 21.7, -2.7));
#117 = CARTESIAN_POINT('', (116., 24.7026075525967, -2.69999998783605));
#118 = CARTESIAN_POINT('', (116., 26.0162483637, 1.43189713167264E-16));
#119 = ORIENTED_EDGE('', *, *, #120, .F.);
#120 = EDGE_CURVE('', #57, #113, #121, .T.);
#121 = B_SPLINE_CURVE_WITH_KNOTS('', 1, (#122, #123), .UNSPECIFIED., .F., .U., (2, 2), (0., 1.), .UNSPECIFIED.);
#122 = CARTESIAN_POINT('', (116., 3.1, -2.7));
#123 = CARTESIAN_POINT('', (116., 21.7, -2.7));
#124 = ORIENTED_EDGE('', *, *, #56, .F.);
#125 = B_SPLINE_SURFACE_WITH_KNOTS('', 1, 1, ((#126, #127), (#128, #129)), .UNSPECIFIED., .F., .F., .U., (2, 2), (2, 2), (0., 1.), (0., 1.), .UNSPECIFIED.);
#126 = CARTESIAN_POINT('', (116., -8.10991223774496, -11.009912237745));
#127 = CARTESIAN_POINT('', (116., 32.9099122377449, -11.009912237745));
#128 = CARTESIAN_POINT('', (116., -8.10991223774496, 30.009912237745));
#129 = CARTESIAN_POINT('', (116., 32.9099122377449, 30.009912237745));
#130 = ADVANCED_FACE('', (#131), #174, .T.);
#131 = FACE_OUTER_BOUND('', #132, .T.);
#132 = EDGE_LOOP('', (#133, #143, #150, #158, #163, #164));
#133 = ORIENTED_EDGE('', *, *, #134, .T.);
#134 = EDGE_CURVE('', #135, #137, #139, .T.);
#135 = VERTEX_POINT('', #136);
#136 = CARTESIAN_POINT('', (117., 26.3722585504431, 1.));
#137 = VERTEX_POINT('', #138);
#138 = CARTESIAN_POINT('', (117., 26.5, 2.1));
#139 = (
   BOUNDED_CURVE ()
   B_SPLINE_CURVE (2, (#140, #141, #142), .UNSPECIFIED., .F., .U.)
   B_SPLINE_CURVE_WITH_KNOTS ((3, 3), (0.84330664666409, 1.), .UNSPECIFIED.)
   CURVE ()
   GEOMETRIC_REPRESENTATION_ITEM ()
   RATIONAL_B_SPLINE_CURVE ((0.922593860840949, 0.954105579823632, 1.))
   REPRESENTATION_ITEM ('')
);
#140 = CARTESIAN_POINT('', (117., 26.372258550443, 0.999999999999944));
#141 = CARTESIAN_POINT('', (117., 26.4999999977418, 1.54258278301907));
#142 = CARTESIAN_POINT('', (117., 26.5, 2.1));
#143 = ORIENTED_EDGE('', *, *, #144, .T.);
#144 = EDGE_CURVE('', #137, #145, #147, .T.);
#145 = VERTEX_POINT('', #146);
#146 = CARTESIAN_POINT('', (120.2, 26.5, 2.1));
#147 = B_SPLINE_CURVE_WITH_KNOTS('', 1, (#148, #149), .UNSPECIFIED., .F., .U., (2, 2), (0.999999999999986, 4.2), .UNSPECIFIED.);
#148 = CARTESIAN_POINT('', (117., 26.5, 2.1));
#149 = CARTESIAN_POINT('', (120.2, 26.5, 2.1));
#150 = ORIENTED_EDGE('', *, *, #151, .F.);
#151 = EDGE_CURVE('', #152, #145, #154, .T.);
#152 = VERTEX_POINT('', #153);
#153 = CARTESIAN_POINT('', (120.2, 21.7, -2.7));
#154 = (
   BOUNDED_CURVE ()
   B_SPLINE_CURVE (2, (#155, #156, #157), .UNSPECIFIED., .F., .U.)
   B_SPLINE_CURVE_WITH_KNOTS ((3, 3), (0., 1.), .UNSPECIFIED.)
   CURVE ()
   GEOMETRIC_REPRESENTATION_ITEM ()
   RATIONAL_B_SPLINE_CURVE ((1., 0.707106784051127, 1.))
   REPRESENTATION_ITEM ('')
);
#155 = CARTESIAN_POINT('', (120.2, 21.7, -2.7));
#156 = CARTESIAN_POINT('', (120.2, 26.4999999805546, -2.69999998055459));
#157 = CARTESIAN_POINT('', (120.2, 26.5, 2.1));
#158 = ORIENTED_EDGE('', *, *, #159, .F.);
#159 = EDGE_CURVE('', #113, #152, #160, .T.);
#160 = B_SPLINE_CURVE_WITH_KNOTS('', 1, (#161, #162), .UNSPECIFIED., .F., .U., (2, 2), (0., 4.2), .UNSPECIFIED.);
#161 = CARTESIAN_POINT('', (116., 21.7, -2.7));
#162 = CARTESIAN_POINT('', (120.2, 21.7, -2.7));
#163 = ORIENTED_EDGE('', *, *, #112, .T.);
#164 = ORIENTED_EDGE('', *, *, #165, .T.);
#165 = EDGE_CURVE('', #106, #135, #166, .T.);
#166 = B_SPLINE_CURVE_WITH_KNOTS('', 3, (#167, #168, #169, #170, #171, #172, #173), .UNSPECIFIED., .F., .U., (4, 3, 4), (0., 0.981934528654853, 1.45942970403208), .UNSPECIFIED.);
#167 = CARTESIAN_POINT('', (116., 26.0162483637, 1.88737913217033E-16));
#168 = CARTESIAN_POINT('', (116.218854738439, 26.1227285553341, 0.218854738439124));
#169 = CARTESIAN_POINT('', (116.442510553664, 26.210963096201, 0.442510553663801));
#170 = CARTESIAN_POINT('', (116.66850491435, 26.2815741587998, 0.668504914349669));
#171 = CARTESIAN_POINT('', (116.778401464212, 26.3159109101159, 0.778401464212102));
#172 = CARTESIAN_POINT('', (116.88898119047, 26.3461211501227, 0.888981190470436));
#173 = CARTESIAN_POINT('', (117., 26.3722585504431, 1.00000000000011));
#174 = (
   BOUNDED_SURFACE ()
   B_SPLINE_SURFACE (2, 1, ((#175, #176), (#177, #178), (#179, #180)), .UNSPECIFIED., .F., .F., .U.)
   B_SPLINE_SURFACE_WITH_KNOTS ((3, 3), (2, 2), (0., 1.), (0., 4.2), .UNSPECIFIED.)
   GEOMETRIC_REPRESENTATION_ITEM ()
   RATIONAL_B_SPLINE_SURFACE (((1., 1.), (0.707106784051127, 0.707106784051127), (1., 1.)))
   REPRESENTATION_ITEM ('')
   SURFACE ()
);
#175 = CARTESIAN_POINT('', (116., 21.7, -2.7));
#176 = CARTESIAN_POINT('', (120.2, 21.7, -2.7));
#177 = CARTESIAN_POINT('', (116., 26.4999999805546, -2.69999998055459));
#178 = CARTESIAN_POINT('', (120.2, 26.4999999805546, -2.69999998055459));
#179 = CARTESIAN_POINT('', (116., 26.5, 2.1));
#180 = CARTESIAN_POINT('', (120.2, 26.5, 2.1));
#181 = ADVANCED_FACE('', (#182), #204, .T.);
#182 = FACE_OUTER_BOUND('', #183, .T.);
#183 = EDGE_LOOP('', (#184, #191, #198, #203));
#184 = ORIENTED_EDGE('', *, *, #185, .T.);
#185 = EDGE_CURVE('', #137, #186, #188, .T.);
#186 = VERTEX_POINT('', #187);
#187 = CARTESIAN_POINT('', (117., 26.5, 16.9));
#188 = B_SPLINE_CURVE_WITH_KNOTS('', 1, (#189, #190), .UNSPECIFIED., .F., .U., (2, 2), (0., 1.), .UNSPECIFIED.);
#189 = CARTESIAN_POINT('', (117., 26.5, 2.1));
#190 = CARTESIAN_POINT('', (117., 26.5, 16.9));
#191 = ORIENTED_EDGE('', *, *, #192, .T.);
#192 = EDGE_CURVE('', #186, #193, #195, .T.);
#193 = VERTEX_POINT('', #194);
#194 = CARTESIAN_POINT('', (120.2, 26.5, 16.9));
#195 = B_SPLINE_CURVE_WITH_KNOTS('', 1, (#196, #197), .UNSPECIFIED., .F., .U., (2, 2), (1., 4.2), .UNSPECIFIED.);
#196 = CARTESIAN_POINT('', (117., 26.5, 16.9));
#197 = CARTESIAN_POINT('', (120.2, 26.5, 16.9));
#198 = ORIENTED_EDGE('', *, *, #199, .F.);
#199 = EDGE_CURVE('', #145, #193, #200, .T.);
#200 = B_SPLINE_CURVE_WITH_KNOTS('', 1, (#201, #202), .UNSPECIFIED., .F., .U., (2, 2), (0., 1.), .UNSPECIFIED.);
#201 = CARTESIAN_POINT('', (120.2, 26.5, 2.1));
#202 = CARTESIAN_POINT('', (120.2, 26.5, 16.9));
#203 = ORIENTED_EDGE('', *, *, #144, .F.);
#204 = B_SPLINE_SURFACE_WITH_KNOTS('', 1, 1, ((#205, #206), (#207, #208)), .UNSPECIFIED., .F., .F., .U., (2, 2), (2, 2), (0., 1.), (0., 1.), .UNSPECIFIED.);
#205 = CARTESIAN_POINT('', (116., 26.5, 2.1));
#206 = CARTESIAN_POINT('', (120.2, 26.5, 2.1));
#207 = CARTESIAN_POINT('', (116., 26.5, 16.9));
#208 = CARTESIAN_POINT('', (120.2, 26.5, 16.9));
#209 = ADVANCED_FACE('', (#210), #234, .T.);
#210 = FACE_OUTER_BOUND('', #211, .T.);
#211 = EDGE_LOOP('', (#212, #220, #227, #233));
#212 = ORIENTED_EDGE('', *, *, #213, .T.);
#213 = EDGE_CURVE('', #186, #214, #216, .T.);
#214 = VERTEX_POINT('', #215);
#215 = CARTESIAN_POINT('', (117., 21.7, 21.7));
#216 = (
   BOUNDED_CURVE ()
   B_SPLINE_CURVE (2, (#217, #218, #219), .UNSPECIFIED., .F., .U.)
   B_SPLINE_CURVE_WITH_KNOTS ((3, 3), (0., 1.), .UNSPECIFIED.)
   CURVE ()
   GEOMETRIC_REPRESENTATION_ITEM ()
   RATIONAL_B_SPLINE_CURVE ((1., 0.707106784051125, 1.))
   REPRESENTATION_ITEM ('')
);
#217 = CARTESIAN_POINT('', (117., 26.5, 16.9));
#218 = CARTESIAN_POINT('', (117., 26.4999999805546, 21.6999999805546));
#219 = CARTESIAN_POINT('', (117., 21.7, 21.7));
#220 = ORIENTED_EDGE('', *, *, #221, .T.);
#221 = EDGE_CURVE('', #214, #222, #224, .T.);
#222 = VERTEX_POINT('', #223);
#223 = CARTESIAN_POINT('', (120.2, 21.7, 21.7));
#224 = B_SPLINE_CURVE_WITH_KNOTS('', 1, (#225, #226), .UNSPECIFIED., .F., .U., (2, 2), (1.00000000000001, 4.2), .UNSPECIFIED.);
#225 = CARTESIAN_POINT('', (117., 21.7, 21.7));
#226 = CARTESIAN_POINT('', (120.2, 21.7, 21.7));
#227 = ORIENTED_EDGE('', *, *, #228, .F.);
#228 = EDGE_CURVE('', #193, #222, #229, .T.);
#229 = (
   BOUNDED_CURVE ()
   B_SPLINE_CURVE (2, (#230, #231, #232), .UNSPECIFIED., .F., .U.)
   B_SPLINE_CURVE_WITH_KNOTS ((3, 3), (0., 1.), .UNSPECIFIED.)
   CURVE ()
   GEOMETRIC_REPRESENTATION_ITEM ()
   RATIONAL_B_SPLINE_CURVE ((1., 0.707106784051125, 1.))
   REPRESENTATION_ITEM ('')
);
#230 = CARTESIAN_POINT('', (120.2, 26.5, 16.9));
#231 = CARTESIAN_POINT('', (120.2, 26.4999999805546, 21.6999999805546));
#232 = CARTESIAN_POINT('', (120.2, 21.7, 21.7));
#233 = ORIENTED_EDGE('', *, *, #192, .F.);
#234 = (
   BOUNDED_SURFACE ()
   B_SPLINE_SURFACE (2, 1, ((#235, #236), (#237, #238), (#239, #240)), .UNSPECIFIED., .F., .F., .U.)
   B_SPLINE_SURFACE_WITH_KNOTS ((3, 3), (2, 2), (0., 1.), (0., 4.2), .UNSPECIFIED.)
   GEOMETRIC_REPRESENTATION_ITEM ()
   RATIONAL_B_SPLINE_SURFACE (((1., 1.), (0.707106784051125, 0.707106784051125), (1., 1.)))
   REPRESENTATION_ITEM ('')
   SURFACE ()
);
#235 = CARTESIAN_POINT('', (116., 26.5, 16.9));
#236 = CARTESIAN_POINT('', (120.2, 26.5, 16.9));
#237 = CARTESIAN_POINT('', (116., 26.4999999805546, 21.6999999805546));
#238 = CARTESIAN_POINT('', (120.2, 26.4999999805546, 21.6999999805546));
#239 = CARTESIAN_POINT('', (116., 21.7, 21.7));
#240 = CARTESIAN_POINT('', (120.2, 21.7, 21.7));
#241 = ADVANCED_FACE('', (#242), #264, .T.);
#242 = FACE_OUTER_BOUND('', #243, .T.);
#243 = EDGE_LOOP('', (#244, #251, #258, #263));
#244 = ORIENTED_EDGE('', *, *, #245, .T.);
#245 = EDGE_CURVE('', #214, #246, #248, .T.);
#246 = VERTEX_POINT('', #247);
#247 = CARTESIAN_POINT('', (117., 3.1, 21.7));
#248 = B_SPLINE_CURVE_WITH_KNOTS('', 1, (#249, #250), .UNSPECIFIED., .F., .U., (2, 2), (0., 1.), .UNSPECIFIED.);
#249 = CARTESIAN_POINT('', (117., 21.7, 21.7));
#250 = CARTESIAN_POINT('', (117., 3.1, 21.7));
#251 = ORIENTED_EDGE('', *, *, #252, .T.);
#252 = EDGE_CURVE('', #246, #253, #255, .T.);
#253 = VERTEX_POINT('', #254);
#254 = CARTESIAN_POINT('', (120.2, 3.1, 21.7));
#255 = B_SPLINE_CURVE_WITH_KNOTS('', 1, (#256, #257), .UNSPECIFIED., .F., .U., (2, 2), (1.00000000000001, 4.2), .UNSPECIFIED.);
#256 = CARTESIAN_POINT('', (117., 3.1, 21.7));
#257 = CARTESIAN_POINT('', (120.2, 3.1, 21.7));
#258 = ORIENTED_EDGE('', *, *, #259, .F.);
#259 = EDGE_CURVE('', #222, #253, #260, .T.);
#260 = B_SPLINE_CURVE_WITH_KNOTS('', 1, (#261, #262), .UNSPECIFIED., .F., .U., (2, 2), (0., 1.), .UNSPECIFIED.);
#261 = CARTESIAN_POINT('', (120.2, 21.7, 21.7));
#262 = CARTESIAN_POINT('', (120.2, 3.1, 21.7));
#263 = ORIENTED_EDGE('', *, *, #221, .F.);
#264 = B_SPLINE_SURFACE_WITH_KNOTS('', 1, 1, ((#265, #266), (#267, #268)), .UNSPECIFIED., .F., .F., .U., (2, 2), (2, 2), (0., 1.), (0., 1.), .UNSPECIFIED.);
#265 = CARTESIAN_POINT('', (116., 21.7, 21.7));
#266 = CARTESIAN_POINT('', (120.2, 21.7, 21.7));
#267 = CARTESIAN_POINT('', (116., 3.1, 21.7));
#268 = CARTESIAN_POINT('', (120.2, 3.1, 21.7));
#269 = ADVANCED_FACE('', (#270), #317, .T.);
#270 = FACE_OUTER_BOUND('', #271, .T.);
#271 = EDGE_LOOP('', (#272, #280, #302, #303, #310, #316));
#272 = ORIENTED_EDGE('', *, *, #273, .T.);
#273 = EDGE_CURVE('', #246, #274, #276, .T.);
#274 = VERTEX_POINT('', #275);
#275 = CARTESIAN_POINT('', (117., -0.499999999999959, 20.0749015611818));
#276 = (
   BOUNDED_CURVE ()
   B_SPLINE_CURVE (2, (#277, #278, #279), .UNSPECIFIED., .F., .U.)
   B_SPLINE_CURVE_WITH_KNOTS ((3, 3), (0., 0.537833400914033), .UNSPECIFIED.)
   CURVE ()
   GEOMETRIC_REPRESENTATION_ITEM ()
   RATIONAL_B_SPLINE_CURVE ((1., 0.84247224556157, 0.854391866939083))
   REPRESENTATION_ITEM ('')
);
#277 = CARTESIAN_POINT('', (117., 3.1, 21.7));
#278 = CARTESIAN_POINT('', (117., 0.933202096205693, 21.699999991222));
#279 = CARTESIAN_POINT('', (117., -0.499999999999958, 20.0749015611818));
#280 = ORIENTED_EDGE('', *, *, #281, .F.);
#281 = EDGE_CURVE('', #10, #274, #282, .T.);
#282 = B_SPLINE_CURVE_WITH_KNOTS('', 3, (#283, #284, #285, #286, #287, #288, #289, #290, #291, #292, #293, #294, #295, #296, #297, #298, #299, #300, #301), .UNSPECIFIED., .F., .U., (4, 3, 3, 3, 3, 3, 4), (0., 0.440464078841113, 0.880319418890428, 1.3196466613783, 1.75853029510817, 2.19704794795141, 2.3148627991339), .UNSPECIFIED.);
#283 = CARTESIAN_POINT('', (116., -1.49999999999997, 18.2711309034713));
#284 = CARTESIAN_POINT('', (116.040326835743, -1.45967316425655, 18.4064231954789));
#285 = CARTESIAN_POINT('', (116.086249017404, -1.41375098259627, 18.5386081356976));
#286 = CARTESIAN_POINT('', (116.136962958119, -1.36303704188113, 18.6667202119164));
#287 = CARTESIAN_POINT('', (116.18760681016, -1.31239318983946, 18.7946552321749));
#288 = CARTESIAN_POINT('', (116.243168889724, -1.25683111027574, 18.9189003252252));
#289 = CARTESIAN_POINT('', (116.302843515546, -1.19715648445403, 19.0387954751432));
#290 = CARTESIAN_POINT('', (116.362446495029, -1.13755350497035, 19.1585466769706));
#291 = CARTESIAN_POINT('', (116.426294027705, -1.07370597229442, 19.2742555468326));
#292 = CARTESIAN_POINT('', (116.493631742666, -1.00636825733357, 19.3855059174094));
#293 = CARTESIAN_POINT('', (116.560901463665, -0.939098536335342, 19.496643953412));
#294 = CARTESIAN_POINT('', (116.631790935275, -0.868209064725372, 19.6035657332597));
#295 = CARTESIAN_POINT('', (116.705622944285, -0.794377055715247, 19.7060340828313));
#296 = CARTESIAN_POINT('', (116.779393385485, -0.720606614514999, 19.8084169850212));
#297 = CARTESIAN_POINT('', (116.856228796541, -0.643771203458479, 19.9065351933859));
#298 = CARTESIAN_POINT('', (116.935536084282, -0.564463915717586, 20.0002748481375));
#299 = CARTESIAN_POINT('', (116.956843268252, -0.543156731748369, 20.0254595206423));
#300 = CARTESIAN_POINT('', (116.978334740973, -0.521665259026512, 20.0503354664743));
#301 = CARTESIAN_POINT('', (117., -0.499999999999844, 20.0749015611819));
#302 = ORIENTED_EDGE('', *, *, #31, .T.);
#303 = ORIENTED_EDGE('', *, *, #304, .T.);
#304 = EDGE_CURVE('', #25, #305, #307, .T.);
#305 = VERTEX_POINT('', #306);
#306 = CARTESIAN_POINT('', (120.2, -1.70000000000001, 16.9));
#307 = B_SPLINE_CURVE_WITH_KNOTS('', 1, (#308, #309), .UNSPECIFIED., .F., .U., (2, 2), (0., 4.2), .UNSPECIFIED.);
#308 = CARTESIAN_POINT('', (116., -1.70000000000001, 16.9));
#309 = CARTESIAN_POINT('', (120.2, -1.70000000000001, 16.9));
#310 = ORIENTED_EDGE('', *, *, #311, .F.);
#311 = EDGE_CURVE('', #253, #305, #312, .T.);
#312 = (
   BOUNDED_CURVE ()
   B_SPLINE_CURVE (2, (#313, #314, #315), .UNSPECIFIED., .F., .U.)
   B_SPLINE_CURVE_WITH_KNOTS ((3, 3), (0., 1.), .UNSPECIFIED.)
   CURVE ()
   GEOMETRIC_REPRESENTATION_ITEM ()
   RATIONAL_B_SPLINE_CURVE ((1., 0.707106784051129, 1.))
   REPRESENTATION_ITEM ('')
);
#313 = CARTESIAN_POINT('', (120.2, 3.1, 21.7));
#314 = CARTESIAN_POINT('', (120.2, -1.69999998055458, 21.6999999805546));
#315 = CARTESIAN_POINT('', (120.2, -1.70000000000001, 16.9));
#316 = ORIENTED_EDGE('', *, *, #252, .F.);
#317 = (
   BOUNDED_SURFACE ()
   B_SPLINE_SURFACE (2, 1, ((#318, #319), (#320, #321), (#322, #323)), .UNSPECIFIED., .F., .F., .U.)
   B_SPLINE_SURFACE_WITH_KNOTS ((3, 3), (2, 2), (0., 1.), (0., 4.2), .UNSPECIFIED.)
   GEOMETRIC_REPRESENTATION_ITEM ()
   RATIONAL_B_SPLINE_SURFACE (((1., 1.), (0.707106784051129, 0.707106784051129), (1., 1.)))
   REPRESENTATION_ITEM ('')
   SURFACE ()
);
#318 = CARTESIAN_POINT('', (116., 3.1, 21.7));
#319 = CARTESIAN_POINT('', (120.2, 3.1, 21.7));
#320 = CARTESIAN_POINT('', (116., -1.69999998055458, 21.6999999805546));
#321 = CARTESIAN_POINT('', (120.2, -1.69999998055458, 21.6999999805546));
#322 = CARTESIAN_POINT('', (116., -1.70000000000001, 16.9));
#323 = CARTESIAN_POINT('', (120.2, -1.70000000000001, 16.9));
#324 = ADVANCED_FACE('', (#325), #335, .T.);
#325 = FACE_OUTER_BOUND('', #326, .T.);
#326 = EDGE_LOOP('', (#327, #328, #329, #330));
#327 = ORIENTED_EDGE('', *, *, #304, .F.);
#328 = ORIENTED_EDGE('', *, *, #24, .T.);
#329 = ORIENTED_EDGE('', *, *, #79, .T.);
#330 = ORIENTED_EDGE('', *, *, #331, .F.);
#331 = EDGE_CURVE('', #305, #72, #332, .T.);
#332 = B_SPLINE_CURVE_WITH_KNOTS('', 1, (#333, #334), .UNSPECIFIED., .F., .U., (2, 2), (0., 1.), .UNSPECIFIED.);
#333 = CARTESIAN_POINT('', (120.2, -1.7, 16.9));
#334 = CARTESIAN_POINT('', (120.2, -1.7, 2.1));
#335 = B_SPLINE_SURFACE_WITH_KNOTS('', 1, 1, ((#336, #337), (#338, #339)), .UNSPECIFIED., .F., .F., .U., (2, 2), (2, 2), (0., 1.), (0., 1.), .UNSPECIFIED.);
#336 = CARTESIAN_POINT('', (116., -1.7, 16.9));
#337 = CARTESIAN_POINT('', (120.2, -1.7, 16.9));
#338 = CARTESIAN_POINT('', (116., -1.7, 2.1));
#339 = CARTESIAN_POINT('', (120.2, -1.7, 2.1));
#340 = ADVANCED_FACE('', (#341), #355, .T.);
#341 = FACE_OUTER_BOUND('', #342, .T.);
#342 = EDGE_LOOP('', (#343, #348, #349, #350, #351, #352, #353, #354));
#343 = ORIENTED_EDGE('', *, *, #344, .T.);
#344 = EDGE_CURVE('', #65, #152, #345, .T.);
#345 = B_SPLINE_CURVE_WITH_KNOTS('', 1, (#346, #347), .UNSPECIFIED., .F., .U., (2, 2), (0., 1.), .UNSPECIFIED.);
#346 = CARTESIAN_POINT('', (120.2, 3.1, -2.7));
#347 = CARTESIAN_POINT('', (120.2, 21.7, -2.7));
#348 = ORIENTED_EDGE('', *, *, #151, .T.);
#349 = ORIENTED_EDGE('', *, *, #199, .T.);
#350 = ORIENTED_EDGE('', *, *, #228, .T.);
#351 = ORIENTED_EDGE('', *, *, #259, .T.);
#352 = ORIENTED_EDGE('', *, *, #311, .T.);
#353 = ORIENTED_EDGE('', *, *, #331, .T.);
#354 = ORIENTED_EDGE('', *, *, #71, .T.);
#355 = B_SPLINE_SURFACE_WITH_KNOTS('', 1, 1, ((#356, #357), (#358, #359)), .UNSPECIFIED., .F., .F., .U., (2, 2), (2, 2), (0., 1.), (0., 1.), .UNSPECIFIED.);
#356 = CARTESIAN_POINT('', (120.2, -8.10991223774496, -11.009912237745));
#357 = CARTESIAN_POINT('', (120.2, -8.10991223774496, 30.009912237745));
#358 = CARTESIAN_POINT('', (120.2, 32.9099122377449, -11.009912237745));
#359 = CARTESIAN_POINT('', (120.2, 32.9099122377449, 30.009912237745));
#360 = ADVANCED_FACE('', (#361), #367, .T.);
#361 = FACE_OUTER_BOUND('', #362, .T.);
#362 = EDGE_LOOP('', (#363, #364, #365, #366));
#363 = ORIENTED_EDGE('', *, *, #64, .F.);
#364 = ORIENTED_EDGE('', *, *, #120, .T.);
#365 = ORIENTED_EDGE('', *, *, #159, .T.);
#366 = ORIENTED_EDGE('', *, *, #344, .F.);
#367 = B_SPLINE_SURFACE_WITH_KNOTS('', 1, 1, ((#368, #369), (#370, #371)), .UNSPECIFIED., .F., .F., .U., (2, 2), (2, 2), (0., 1.), (0., 1.), .UNSPECIFIED.);
#368 = CARTESIAN_POINT('', (116., 3.1, -2.7));
#369 = CARTESIAN_POINT('', (120.2, 3.1, -2.7));
#370 = CARTESIAN_POINT('', (116., 21.7, -2.7));
#371 = CARTESIAN_POINT('', (120.2, 21.7, -2.7));
#372 = ADVANCED_FACE('', (#373), #424, .T.);
#373 = FACE_OUTER_BOUND('', #374, .T.);
#374 = EDGE_LOOP('', (#375, #384, #391, #398, #405, #412, #419));
#375 = ORIENTED_EDGE('', *, *, #376, .F.);
#376 = EDGE_CURVE('', #377, #379, #381, .T.);
#377 = VERTEX_POINT('', #378);
#378 = CARTESIAN_POINT('', (-1., -1.59872115546023E-14, 22.62741696));
#379 = VERTEX_POINT('', #380);
#380 = CARTESIAN_POINT('', (-1., 0., 0.));
#381 = B_SPLINE_CURVE_WITH_KNOTS('', 1, (#382, #383), .UNSPECIFIED., .F., .U., (2, 2), (0.153925999898763, 0.955707415844089), .UNSPECIFIED.);
#382 = CARTESIAN_POINT('', (-1., 0., 22.62741696));
#383 = CARTESIAN_POINT('', (-1., 0., -3.5527136788005E-15));
#384 = ORIENTED_EDGE('', *, *, #385, .T.);
#385 = EDGE_CURVE('', #377, #386, #388, .T.);
#386 = VERTEX_POINT('', #387);
#387 = CARTESIAN_POINT('', (-1., -5., 17.62741696));
#388 = B_SPLINE_CURVE_WITH_KNOTS('', 1, (#389, #390), .UNSPECIFIED., .F., .U., (2, 2), (0.466529133040364, 1.), .UNSPECIFIED.);
#389 = CARTESIAN_POINT('', (-1., -1.59872115546023E-14, 22.62741696));
#390 = CARTESIAN_POINT('', (-1., -5., 17.62741696));
#391 = ORIENTED_EDGE('', *, *, #392, .T.);
#392 = EDGE_CURVE('', #386, #393, #395, .T.);
#393 = VERTEX_POINT('', #394);
#394 = CARTESIAN_POINT('', (-1., -5., 4.37258304));
#395 = B_SPLINE_CURVE_WITH_KNOTS('', 1, (#396, #397), .UNSPECIFIED., .F., .U., (2, 2), (0., 1.), .UNSPECIFIED.);
#396 = CARTESIAN_POINT('', (-1., -5., 17.62741696));
#397 = CARTESIAN_POINT('', (-1., -5., 4.37258304));
#398 = ORIENTED_EDGE('', *, *, #399, .T.);
#399 = EDGE_CURVE('', #393, #400, #402, .T.);
#400 = VERTEX_POINT('', #401);
#401 = CARTESIAN_POINT('', (-1., 4.37258304, -5.));
#402 = B_SPLINE_CURVE_WITH_KNOTS('', 1, (#403, #404), .UNSPECIFIED., .F., .U., (2, 2), (0., 1.), .UNSPECIFIED.);
#403 = CARTESIAN_POINT('', (-1., -5., 4.37258304));
#404 = CARTESIAN_POINT('', (-1., 4.37258304, -5.));
#405 = ORIENTED_EDGE('', *, *, #406, .T.);
#406 = EDGE_CURVE('', #400, #407, #409, .T.);
#407 = VERTEX_POINT('', #408);
#408 = CARTESIAN_POINT('', (-1., 17.62741696, -5.));
#409 = B_SPLINE_CURVE_WITH_KNOTS('', 1, (#410, #411), .UNSPECIFIED., .F., .U., (2, 2), (0., 1.), .UNSPECIFIED.);
#410 = CARTESIAN_POINT('', (-1., 4.37258304, -5.));
#411 = CARTESIAN_POINT('', (-1., 17.62741696, -5.));
#412 = ORIENTED_EDGE('', *, *, #413, .T.);
#413 = EDGE_CURVE('', #407, #414, #416, .T.);
#414 = VERTEX_POINT('', #415);
#415 = CARTESIAN_POINT('', (-1., 22.62741696, -3.5527136788005E-15));
#416 = B_SPLINE_CURVE_WITH_KNOTS('', 1, (#417, #418), .UNSPECIFIED., .F., .U., (2, 2), (0., 0.533470866959638), .UNSPECIFIED.);
#417 = CARTESIAN_POINT('', (-1., 17.62741696, -5.));
#418 = CARTESIAN_POINT('', (-1., 22.62741696, -3.5527136788005E-15));
#419 = ORIENTED_EDGE('', *, *, #420, .F.);
#420 = EDGE_CURVE('', #379, #414, #421, .T.);
#421 = B_SPLINE_CURVE_WITH_KNOTS('', 1, (#422, #423), .UNSPECIFIED., .F., .U., (2, 2), (0.0336562912983768, 0.642900240526864), .UNSPECIFIED.);
#422 = CARTESIAN_POINT('', (-1., 0., 0.));
#423 = CARTESIAN_POINT('', (-1., 22.62741696, 0.));
#424 = B_SPLINE_SURFACE_WITH_KNOTS('', 1, 1, ((#425, #426), (#427, #428)), .UNSPECIFIED., .F., .F., .U., (2, 2), (2, 2), (0., 1.), (0., 1.), .UNSPECIFIED.);
#425 = CARTESIAN_POINT('', (-1., -13.8901586977665, -13.8901586977665));
#426 = CARTESIAN_POINT('', (-1., -13.8901586977665, 35.8901586977665));
#427 = CARTESIAN_POINT('', (-1., 35.8901586977665, -13.8901586977665));
#428 = CARTESIAN_POINT('', (-1., 35.8901586977665, 35.8901586977665));
#429 = ADVANCED_FACE('', (#430), #466, .T.);
#430 = FACE_OUTER_BOUND('', #431, .T.);
#431 = EDGE_LOOP('', (#432, #441, #448, #455, #460, #461));
#432 = ORIENTED_EDGE('', *, *, #433, .T.);
#433 = EDGE_CURVE('', #434, #436, #438, .T.);
#434 = VERTEX_POINT('', #435);
#435 = CARTESIAN_POINT('', (-2., 1., 23.62741696));
#436 = VERTEX_POINT('', #437);
#437 = CARTESIAN_POINT('', (-2., 4.37258304, 27.));
#438 = B_SPLINE_CURVE_WITH_KNOTS('', 1, (#439, #440), .UNSPECIFIED., .F., .U., (2, 2), (0., 1.), .UNSPECIFIED.);
#439 = CARTESIAN_POINT('', (-2., 1.00000000000001, 23.62741696));
#440 = CARTESIAN_POINT('', (-2., 4.37258304, 27.));
#441 = ORIENTED_EDGE('', *, *, #442, .F.);
#442 = EDGE_CURVE('', #443, #436, #445, .T.);
#443 = VERTEX_POINT('', #444);
#444 = CARTESIAN_POINT('', (-7., 4.37258304, 27.));
#445 = B_SPLINE_CURVE_WITH_KNOTS('', 1, (#446, #447), .UNSPECIFIED., .F., .U., (2, 2), (0., 0.833333333333333), .UNSPECIFIED.);
#446 = CARTESIAN_POINT('', (-7., 4.37258304, 27.));
#447 = CARTESIAN_POINT('', (-2., 4.37258304, 27.));
#448 = ORIENTED_EDGE('', *, *, #449, .T.);
#449 = EDGE_CURVE('', #443, #450, #452, .T.);
#450 = VERTEX_POINT('', #451);
#451 = CARTESIAN_POINT('', (-7., -5., 17.62741696));
#452 = B_SPLINE_CURVE_WITH_KNOTS('', 1, (#453, #454), .UNSPECIFIED., .F., .U., (2, 2), (0., 1.), .UNSPECIFIED.);
#453 = CARTESIAN_POINT('', (-7., 4.37258304, 27.));
#454 = CARTESIAN_POINT('', (-7., -5., 17.62741696));
#455 = ORIENTED_EDGE('', *, *, #456, .T.);
#456 = EDGE_CURVE('', #450, #386, #457, .T.);
#457 = B_SPLINE_CURVE_WITH_KNOTS('', 1, (#458, #459), .UNSPECIFIED., .F., .U., (2, 2), (0., 1.), .UNSPECIFIED.);
#458 = CARTESIAN_POINT('', (-7., -5., 17.62741696));
#459 = CARTESIAN_POINT('', (-1., -5., 17.62741696));
#460 = ORIENTED_EDGE('', *, *, #385, .F.);
#461 = ORIENTED_EDGE('', *, *, #462, .F.);
#462 = EDGE_CURVE('', #434, #377, #463, .T.);
#463 = B_SPLINE_CURVE_WITH_KNOTS('', 1, (#464, #465), .UNSPECIFIED., .F., .U., (2, 2), (0., 1.), .UNSPECIFIED.);
#464 = CARTESIAN_POINT('', (-2.00000000000017, 1.00000000000016, 23.6274169600001));
#465 = CARTESIAN_POINT('', (-1., -1.15463194561016E-14, 22.62741696));
#466 = B_SPLINE_SURFACE_WITH_KNOTS('', 1, 1, ((#467, #468), (#469, #470)), .UNSPECIFIED., .F., .F., .U., (2, 2), (2, 2), (0., 1.), (0., 1.), .UNSPECIFIED.);
#467 = CARTESIAN_POINT('', (-7., 4.37258304, 27.));
#468 = CARTESIAN_POINT('', (-1., 4.37258304, 27.));
#469 = CARTESIAN_POINT('', (-7., -5., 17.62741696));
#470 = CARTESIAN_POINT('', (-1., -5., 17.62741696));
#471 = ADVANCED_FACE('', (#472), #494, .T.);
#472 = FACE_OUTER_BOUND('', #473, .T.);
#473 = EDGE_LOOP('', (#474, #481, #488, #493));
#474 = ORIENTED_EDGE('', *, *, #475, .T.);
#475 = EDGE_CURVE('', #436, #476, #478, .T.);
#476 = VERTEX_POINT('', #477);
#477 = CARTESIAN_POINT('', (-2., 17.62741696, 27.));
#478 = B_SPLINE_CURVE_WITH_KNOTS('', 1, (#479, #480), .UNSPECIFIED., .F., .U., (2, 2), (0., 1.), .UNSPECIFIED.);
#479 = CARTESIAN_POINT('', (-2., 4.37258304, 27.));
#480 = CARTESIAN_POINT('', (-2., 17.62741696, 27.));
#481 = ORIENTED_EDGE('', *, *, #482, .F.);
#482 = EDGE_CURVE('', #483, #476, #485, .T.);
#483 = VERTEX_POINT('', #484);
#484 = CARTESIAN_POINT('', (-7., 17.62741696, 27.));
#485 = B_SPLINE_CURVE_WITH_KNOTS('', 1, (#486, #487), .UNSPECIFIED., .F., .U., (2, 2), (0., 0.833333333333333), .UNSPECIFIED.);
#486 = CARTESIAN_POINT('', (-7., 17.62741696, 27.));
#487 = CARTESIAN_POINT('', (-2., 17.62741696, 27.));
#488 = ORIENTED_EDGE('', *, *, #489, .T.);
#489 = EDGE_CURVE('', #483, #443, #490, .T.);
#490 = B_SPLINE_CURVE_WITH_KNOTS('', 1, (#491, #492), .UNSPECIFIED., .F., .U., (2, 2), (0., 1.), .UNSPECIFIED.);
#491 = CARTESIAN_POINT('', (-7., 17.62741696, 27.));
#492 = CARTESIAN_POINT('', (-7., 4.37258304, 27.));
#493 = ORIENTED_EDGE('', *, *, #442, .T.);
#494 = B_SPLINE_SURFACE_WITH_KNOTS('', 1, 1, ((#495, #496), (#497, #498)), .UNSPECIFIED., .F., .F., .U., (2, 2), (2, 2), (0., 1.), (0., 1.), .UNSPECIFIED.);
#495 = CARTESIAN_POINT('', (-7., 17.62741696, 27.));
#496 = CARTESIAN_POINT('', (-1., 17.62741696, 27.));
#497 = CARTESIAN_POINT('', (-7., 4.37258304, 27.));
#498 = CARTESIAN_POINT('', (-1., 4.37258304, 27.));
#499 = ADVANCED_FACE('', (#500), #522, .T.);
#500 = FACE_OUTER_BOUND('', #501, .T.);
#501 = EDGE_LOOP('', (#502, #509, #516, #521));
#502 = ORIENTED_EDGE('', *, *, #503, .T.);
#503 = EDGE_CURVE('', #476, #504, #506, .T.);
#504 = VERTEX_POINT('', #505);
#505 = CARTESIAN_POINT('', (-2., 27., 17.62741696));
#506 = B_SPLINE_CURVE_WITH_KNOTS('', 1, (#507, #508), .UNSPECIFIED., .F., .U., (2, 2), (0., 1.), .UNSPECIFIED.);
#507 = CARTESIAN_POINT('', (-2., 17.62741696, 27.));
#508 = CARTESIAN_POINT('', (-2., 27., 17.62741696));
#509 = ORIENTED_EDGE('', *, *, #510, .F.);
#510 = EDGE_CURVE('', #511, #504, #513, .T.);
#511 = VERTEX_POINT('', #512);
#512 = CARTESIAN_POINT('', (-7., 27., 17.62741696));
#513 = B_SPLINE_CURVE_WITH_KNOTS('', 1, (#514, #515), .UNSPECIFIED., .F., .U., (2, 2), (0., 0.833333333333333), .UNSPECIFIED.);
#514 = CARTESIAN_POINT('', (-7., 27., 17.62741696));
#515 = CARTESIAN_POINT('', (-2., 27., 17.62741696));
#516 = ORIENTED_EDGE('', *, *, #517, .T.);
#517 = EDGE_CURVE('', #511, #483, #518, .T.);
#518 = B_SPLINE_CURVE_WITH_KNOTS('', 1, (#519, #520), .UNSPECIFIED., .F., .U., (2, 2), (0., 1.), .UNSPECIFIED.);
#519 = CARTESIAN_POINT('', (-7., 27., 17.62741696));
#520 = CARTESIAN_POINT('', (-7., 17.62741696, 27.));
#521 = ORIENTED_EDGE('', *, *, #482, .T.);
#522 = B_SPLINE_SURFACE_WITH_KNOTS('', 1, 1, ((#523, #524), (#525, #526)), .UNSPECIFIED., .F., .F., .U., (2, 2), (2, 2), (0., 1.), (0., 1.), .UNSPECIFIED.);
#523 = CARTESIAN_POINT('', (-7., 27., 17.62741696));
#524 = CARTESIAN_POINT('', (-1., 27., 17.62741696));
#525 = CARTESIAN_POINT('', (-7., 17.62741696, 27.));
#526 = CARTESIAN_POINT('', (-1., 17.62741696, 27.));
#527 = ADVANCED_FACE('', (#528), #550, .T.);
#528 = FACE_OUTER_BOUND('', #529, .T.);
#529 = EDGE_LOOP('', (#530, #537, #544, #549));
#530 = ORIENTED_EDGE('', *, *, #531, .T.);
#531 = EDGE_CURVE('', #504, #532, #534, .T.);
#532 = VERTEX_POINT('', #533);
#533 = CARTESIAN_POINT('', (-2., 27., 4.37258304));
#534 = B_SPLINE_CURVE_WITH_KNOTS('', 1, (#535, #536), .UNSPECIFIED., .F., .U., (2, 2), (0., 1.), .UNSPECIFIED.);
#535 = CARTESIAN_POINT('', (-2., 27., 17.62741696));
#536 = CARTESIAN_POINT('', (-2., 27., 4.37258304));
#537 = ORIENTED_EDGE('', *, *, #538, .F.);
#538 = EDGE_CURVE('', #539, #532, #541, .T.);
#539 = VERTEX_POINT('', #540);
#540 = CARTESIAN_POINT('', (-7., 27., 4.37258304));
#541 = B_SPLINE_CURVE_WITH_KNOTS('', 1, (#542, #543), .UNSPECIFIED., .F., .U., (2, 2), (0., 0.833333333333333), .UNSPECIFIED.);
#542 = CARTESIAN_POINT('', (-7., 27., 4.37258304));
#543 = CARTESIAN_POINT('', (-2., 27., 4.37258304));
#544 = ORIENTED_EDGE('', *, *, #545, .T.);
#545 = EDGE_CURVE('', #539, #511, #546, .T.);
#546 = B_SPLINE_CURVE_WITH_KNOTS('', 1, (#547, #548), .UNSPECIFIED., .F., .U., (2, 2), (0., 1.), .UNSPECIFIED.);
#547 = CARTESIAN_POINT('', (-7., 27., 4.37258304));
#548 = CARTESIAN_POINT('', (-7., 27., 17.62741696));
#549 = ORIENTED_EDGE('', *, *, #510, .T.);
#550 = B_SPLINE_SURFACE_WITH_KNOTS('', 1, 1, ((#551, #552), (#553, #554)), .UNSPECIFIED., .F., .F., .U., (2, 2), (2, 2), (0., 1.), (0., 1.), .UNSPECIFIED.);
#551 = CARTESIAN_POINT('', (-7., 27., 4.37258304));
#552 = CARTESIAN_POINT('', (-1., 27., 4.37258304));
#553 = CARTESIAN_POINT('', (-7., 27., 17.62741696));
#554 = CARTESIAN_POINT('', (-1., 27., 17.62741696));
#555 = ADVANCED_FACE('', (#556), #584, .T.);
#556 = FACE_OUTER_BOUND('', #557, .T.);
#557 = EDGE_LOOP('', (#558, #565, #570, #571, #578, #583));
#558 = ORIENTED_EDGE('', *, *, #559, .T.);
#559 = EDGE_CURVE('', #532, #560, #562, .T.);
#560 = VERTEX_POINT('', #561);
#561 = CARTESIAN_POINT('', (-2., 23.62741696, 1.));
#562 = B_SPLINE_CURVE_WITH_KNOTS('', 1, (#563, #564), .UNSPECIFIED., .F., .U., (2, 2), (0., 1.), .UNSPECIFIED.);
#563 = CARTESIAN_POINT('', (-2., 27., 4.37258304));
#564 = CARTESIAN_POINT('', (-2., 23.62741696, 0.999999999999973));
#565 = ORIENTED_EDGE('', *, *, #566, .F.);
#566 = EDGE_CURVE('', #414, #560, #567, .T.);
#567 = B_SPLINE_CURVE_WITH_KNOTS('', 1, (#568, #569), .UNSPECIFIED., .F., .U., (2, 2), (0., 1.), .UNSPECIFIED.);
#568 = CARTESIAN_POINT('', (-1., 22.62741696, -4.55191440096314E-15));
#569 = CARTESIAN_POINT('', (-2.00000000000003, 23.62741696, 1.00000000000003));
#570 = ORIENTED_EDGE('', *, *, #413, .F.);
#571 = ORIENTED_EDGE('', *, *, #572, .F.);
#572 = EDGE_CURVE('', #573, #407, #575, .T.);
#573 = VERTEX_POINT('', #574);
#574 = CARTESIAN_POINT('', (-7., 17.62741696, -5.));
#575 = B_SPLINE_CURVE_WITH_KNOTS('', 1, (#576, #577), .UNSPECIFIED., .F., .U., (2, 2), (0., 1.), .UNSPECIFIED.);
#576 = CARTESIAN_POINT('', (-7., 17.62741696, -5.));
#577 = CARTESIAN_POINT('', (-1., 17.62741696, -5.));
#578 = ORIENTED_EDGE('', *, *, #579, .T.);
#579 = EDGE_CURVE('', #573, #539, #580, .T.);
#580 = B_SPLINE_CURVE_WITH_KNOTS('', 1, (#581, #582), .UNSPECIFIED., .F., .U., (2, 2), (0., 1.), .UNSPECIFIED.);
#581 = CARTESIAN_POINT('', (-7., 17.62741696, -5.));
#582 = CARTESIAN_POINT('', (-7., 27., 4.37258304));
#583 = ORIENTED_EDGE('', *, *, #538, .T.);
#584 = B_SPLINE_SURFACE_WITH_KNOTS('', 1, 1, ((#585, #586), (#587, #588)), .UNSPECIFIED., .F., .F., .U., (2, 2), (2, 2), (0., 1.), (0., 1.), .UNSPECIFIED.);
#585 = CARTESIAN_POINT('', (-7., 17.62741696, -5.));
#586 = CARTESIAN_POINT('', (-1., 17.62741696, -5.));
#587 = CARTESIAN_POINT('', (-7., 27., 4.37258304));
#588 = CARTESIAN_POINT('', (-1., 27., 4.37258304));
#589 = ADVANCED_FACE('', (#590), #606, .T.);
#590 = FACE_OUTER_BOUND('', #591, .T.);
#591 = EDGE_LOOP('', (#592, #599, #604, #605));
#592 = ORIENTED_EDGE('', *, *, #593, .F.);
#593 = EDGE_CURVE('', #594, #400, #596, .T.);
#594 = VERTEX_POINT('', #595);
#595 = CARTESIAN_POINT('', (-7., 4.37258304, -5.));
#596 = B_SPLINE_CURVE_WITH_KNOTS('', 1, (#597, #598), .UNSPECIFIED., .F., .U., (2, 2), (0., 1.), .UNSPECIFIED.);
#597 = CARTESIAN_POINT('', (-7., 4.37258304, -5.));
#598 = CARTESIAN_POINT('', (-1., 4.37258304, -5.));
#599 = ORIENTED_EDGE('', *, *, #600, .T.);
#600 = EDGE_CURVE('', #594, #573, #601, .T.);
#601 = B_SPLINE_CURVE_WITH_KNOTS('', 1, (#602, #603), .UNSPECIFIED., .F., .U., (2, 2), (0., 1.), .UNSPECIFIED.);
#602 = CARTESIAN_POINT('', (-7., 4.37258304, -5.));
#603 = CARTESIAN_POINT('', (-7., 17.62741696, -5.));
#604 = ORIENTED_EDGE('', *, *, #572, .T.);
#605 = ORIENTED_EDGE('', *, *, #406, .F.);
#606 = B_SPLINE_SURFACE_WITH_KNOTS('', 1, 1, ((#607, #608), (#609, #610)), .UNSPECIFIED., .F., .F., .U., (2, 2), (2, 2), (0., 1.), (0., 1.), .UNSPECIFIED.);
#607 = CARTESIAN_POINT('', (-7., 4.37258304, -5.));
#608 = CARTESIAN_POINT('', (-1., 4.37258304, -5.));
#609 = CARTESIAN_POINT('', (-7., 17.62741696, -5.));
#610 = CARTESIAN_POINT('', (-1., 17.62741696, -5.));
#611 = ADVANCED_FACE('', (#612), #632, .T.);
#612 = FACE_OUTER_BOUND('', #613, .T.);
#613 = EDGE_LOOP('', (#614, #615, #616, #617, #618, #625, #630, #631));
#614 = ORIENTED_EDGE('', *, *, #517, .F.);
#615 = ORIENTED_EDGE('', *, *, #545, .F.);
#616 = ORIENTED_EDGE('', *, *, #579, .F.);
#617 = ORIENTED_EDGE('', *, *, #600, .F.);
#618 = ORIENTED_EDGE('', *, *, #619, .F.);
#619 = EDGE_CURVE('', #620, #594, #622, .T.);
#620 = VERTEX_POINT('', #621);
#621 = CARTESIAN_POINT('', (-7., -5., 4.37258304));
#622 = B_SPLINE_CURVE_WITH_KNOTS('', 1, (#623, #624), .UNSPECIFIED., .F., .U., (2, 2), (0., 1.), .UNSPECIFIED.);
#623 = CARTESIAN_POINT('', (-7., -5., 4.37258304));
#624 = CARTESIAN_POINT('', (-7., 4.37258304, -5.));
#625 = ORIENTED_EDGE('', *, *, #626, .F.);
#626 = EDGE_CURVE('', #450, #620, #627, .T.);
#627 = B_SPLINE_CURVE_WITH_KNOTS('', 1, (#628, #629), .UNSPECIFIED., .F., .U., (2, 2), (0., 1.), .UNSPECIFIED.);
#628 = CARTESIAN_POINT('', (-7., -5., 17.62741696));
#629 = CARTESIAN_POINT('', (-7., -5., 4.37258304));
#630 = ORIENTED_EDGE('', *, *, #449, .F.);
#631 = ORIENTED_EDGE('', *, *, #489, .F.);
#632 = B_SPLINE_SURFACE_WITH_KNOTS('', 1, 1, ((#633, #634), (#635, #636)), .UNSPECIFIED., .F., .F., .U., (2, 2), (2, 2), (0., 1.), (0., 1.), .UNSPECIFIED.);
#633 = CARTESIAN_POINT('', (-7., -13.8901586977665, -13.8901586977665));
#634 = CARTESIAN_POINT('', (-7., 35.8901586977665, -13.8901586977665));
#635 = CARTESIAN_POINT('', (-7., -13.8901586977665, 35.8901586977665));
#636 = CARTESIAN_POINT('', (-7., 35.8901586977665, 35.8901586977665));
#637 = ADVANCED_FACE('', (#638), #648, .T.);
#638 = FACE_OUTER_BOUND('', #639, .T.);
#639 = EDGE_LOOP('', (#640, #645, #646, #647));
#640 = ORIENTED_EDGE('', *, *, #641, .F.);
#641 = EDGE_CURVE('', #620, #393, #642, .T.);
#642 = B_SPLINE_CURVE_WITH_KNOTS('', 1, (#643, #644), .UNSPECIFIED., .F., .U., (2, 2), (0., 1.), .UNSPECIFIED.);
#643 = CARTESIAN_POINT('', (-7., -5., 4.37258304));
#644 = CARTESIAN_POINT('', (-1., -5., 4.37258304));
#645 = ORIENTED_EDGE('', *, *, #619, .T.);
#646 = ORIENTED_EDGE('', *, *, #593, .T.);
#647 = ORIENTED_EDGE('', *, *, #399, .F.);
#648 = B_SPLINE_SURFACE_WITH_KNOTS('', 1, 1, ((#649, #650), (#651, #652)), .UNSPECIFIED., .F., .F., .U., (2, 2), (2, 2), (0., 1.), (0., 1.), .UNSPECIFIED.);
#649 = CARTESIAN_POINT('', (-7., -5., 4.37258304));
#650 = CARTESIAN_POINT('', (-1., -5., 4.37258304));
#651 = CARTESIAN_POINT('', (-7., 4.37258304, -5.));
#652 = CARTESIAN_POINT('', (-1., 4.37258304, -5.));
#653 = ADVANCED_FACE('', (#654), #660, .T.);
#654 = FACE_OUTER_BOUND('', #655, .T.);
#655 = EDGE_LOOP('', (#656, #657, #658, #659));
#656 = ORIENTED_EDGE('', *, *, #456, .F.);
#657 = ORIENTED_EDGE('', *, *, #626, .T.);
#658 = ORIENTED_EDGE('', *, *, #641, .T.);
#659 = ORIENTED_EDGE('', *, *, #392, .F.);
#660 = B_SPLINE_SURFACE_WITH_KNOTS('', 1, 1, ((#661, #662), (#663, #664)), .UNSPECIFIED., .F., .F., .U., (2, 2), (2, 2), (0., 1.), (0., 1.), .UNSPECIFIED.);
#661 = CARTESIAN_POINT('', (-7., -5., 17.62741696));
#662 = CARTESIAN_POINT('', (-1., -5., 17.62741696));
#663 = CARTESIAN_POINT('', (-7., -5., 4.37258304));
#664 = CARTESIAN_POINT('', (-1., -5., 4.37258304));
#665 = ADVANCED_FACE('', (#666), #696, .T.);
#666 = FACE_OUTER_BOUND('', #667, .T.);
#667 = EDGE_LOOP('', (#668, #677, #684, #691));
#668 = ORIENTED_EDGE('', *, *, #669, .F.);
#669 = EDGE_CURVE('', #670, #672, #674, .T.);
#670 = VERTEX_POINT('', #671);
#671 = CARTESIAN_POINT('', (114., -0.5, -2.));
#672 = VERTEX_POINT('', #673);
#673 = CARTESIAN_POINT('', (114., 35., -2.));
#674 = B_SPLINE_CURVE_WITH_KNOTS('', 1, (#675, #676), .UNSPECIFIED., .F., .U., (2, 2), (0., 1.), .UNSPECIFIED.);
#675 = CARTESIAN_POINT('', (114., -0.500000000000028, -2.));
#676 = CARTESIAN_POINT('', (114., 35., -2.));
#677 = ORIENTED_EDGE('', *, *, #678, .F.);
#678 = EDGE_CURVE('', #679, #670, #681, .T.);
#679 = VERTEX_POINT('', #680);
#680 = CARTESIAN_POINT('', (1., -0.5, -2.));
#681 = B_SPLINE_CURVE_WITH_KNOTS('', 1, (#682, #683), .UNSPECIFIED., .F., .U., (2, 2), (0.0252100840336134, 0.974789915966387), .UNSPECIFIED.);
#682 = CARTESIAN_POINT('', (1., -0.5, -2.));
#683 = CARTESIAN_POINT('', (114., -0.5, -2.));
#684 = ORIENTED_EDGE('', *, *, #685, .F.);
#685 = EDGE_CURVE('', #686, #679, #688, .T.);
#686 = VERTEX_POINT('', #687);
#687 = CARTESIAN_POINT('', (1., 35., -2.));
#688 = B_SPLINE_CURVE_WITH_KNOTS('', 1, (#689, #690), .UNSPECIFIED., .F., .U., (2, 2), (0., 1.), .UNSPECIFIED.);
#689 = CARTESIAN_POINT('', (1., 35., -2.));
#690 = CARTESIAN_POINT('', (1., -0.5, -2.));
#691 = ORIENTED_EDGE('', *, *, #692, .T.);
#692 = EDGE_CURVE('', #686, #672, #693, .T.);
#693 = B_SPLINE_CURVE_WITH_KNOTS('', 1, (#694, #695), .UNSPECIFIED., .F., .U., (2, 2), (0.0252100840336134, 0.974789915966387), .UNSPECIFIED.);
#694 = CARTESIAN_POINT('', (1., 35., -2.));
#695 = CARTESIAN_POINT('', (114., 35., -2.));
#696 = B_SPLINE_SURFACE_WITH_KNOTS('', 1, 1, ((#697, #698), (#699, #700)), .UNSPECIFIED., .F., .F., .U., (2, 2), (2, 2), (0., 1.), (0., 1.), .UNSPECIFIED.);
#697 = CARTESIAN_POINT('', (-2., -0.5, -2.));
#698 = CARTESIAN_POINT('', (117., -0.5, -2.));
#699 = CARTESIAN_POINT('', (-2., 35., -2.));
#700 = CARTESIAN_POINT('', (117., 35., -2.));
#701 = ADVANCED_FACE('', (#702), #731, .T.);
#702 = FACE_OUTER_BOUND('', #703, .T.);
#703 = EDGE_LOOP('', (#704, #713, #718, #719, #726));
#704 = ORIENTED_EDGE('', *, *, #705, .F.);
#705 = EDGE_CURVE('', #706, #708, #710, .T.);
#706 = VERTEX_POINT('', #707);
#707 = CARTESIAN_POINT('', (0.249999999999979, -1.24999999999999, -1.25000000000001));
#708 = VERTEX_POINT('', #709);
#709 = CARTESIAN_POINT('', (1., -2., -0.5));
#710 = B_SPLINE_CURVE_WITH_KNOTS('', 1, (#711, #712), .UNSPECIFIED., .F., .U., (2, 2), (0.500000000000005, 1.), .UNSPECIFIED.);
#711 = CARTESIAN_POINT('', (0.249999999999978, -1.25000000000001, -1.25000000000002));
#712 = CARTESIAN_POINT('', (0.999999999999972, -2., -0.500000000000028));
#713 = ORIENTED_EDGE('', *, *, #714, .F.);
#714 = EDGE_CURVE('', #679, #706, #715, .T.);
#715 = B_SPLINE_CURVE_WITH_KNOTS('', 1, (#716, #717), .UNSPECIFIED., .F., .U., (2, 2), (0., 0.50000000000002), .UNSPECIFIED.);
#716 = CARTESIAN_POINT('', (1., -0.499999999999972, -2.00000000000003));
#717 = CARTESIAN_POINT('', (0.249999999999979, -1.24999999999999, -1.25000000000001));
#718 = ORIENTED_EDGE('', *, *, #678, .T.);
#719 = ORIENTED_EDGE('', *, *, #720, .F.);
#720 = EDGE_CURVE('', #721, #670, #723, .T.);
#721 = VERTEX_POINT('', #722);
#722 = CARTESIAN_POINT('', (115.5, -2., -0.5));
#723 = B_SPLINE_CURVE_WITH_KNOTS('', 1, (#724, #725), .UNSPECIFIED., .F., .U., (2, 2), (0., 1.), .UNSPECIFIED.);
#724 = CARTESIAN_POINT('', (115.5, -2.00000000000003, -0.499999999999972));
#725 = CARTESIAN_POINT('', (114., -0.500000000000038, -1.99999999999996));
#726 = ORIENTED_EDGE('', *, *, #727, .F.);
#727 = EDGE_CURVE('', #708, #721, #728, .T.);
#728 = B_SPLINE_CURVE_WITH_KNOTS('', 1, (#729, #730), .UNSPECIFIED., .F., .U., (2, 2), (0.0252100840336134, 0.987394957983193), .UNSPECIFIED.);
#729 = CARTESIAN_POINT('', (1., -2., -0.5));
#730 = CARTESIAN_POINT('', (115.5, -2., -0.5));
#731 = B_SPLINE_SURFACE_WITH_KNOTS('', 1, 1, ((#732, #733), (#734, #735)), .UNSPECIFIED., .F., .F., .U., (2, 2), (2, 2), (0., 1.), (0., 1.), .UNSPECIFIED.);
#732 = CARTESIAN_POINT('', (-2., -2., -0.5));
#733 = CARTESIAN_POINT('', (117., -2., -0.5));
#734 = CARTESIAN_POINT('', (-2., -0.5, -2.));
#735 = CARTESIAN_POINT('', (117., -0.5, -2.));
#736 = ADVANCED_FACE('', (#737), #774, .F.);
#737 = FACE_OUTER_BOUND('', #738, .F.);
#738 = EDGE_LOOP('', (#739, #748, #755, #762, #769));
#739 = ORIENTED_EDGE('', *, *, #740, .F.);
#740 = EDGE_CURVE('', #741, #743, #745, .T.);
#741 = VERTEX_POINT('', #742);
#742 = CARTESIAN_POINT('', (-2., 38., 1.00000000000001));
#743 = VERTEX_POINT('', #744);
#744 = CARTESIAN_POINT('', (-2., 38., 31.2));
#745 = B_SPLINE_CURVE_WITH_KNOTS('', 1, (#746, #747), .UNSPECIFIED., .F., .U., (2, 2), (0., 1.), .UNSPECIFIED.);
#746 = CARTESIAN_POINT('', (-2., 38., 0.999999999999972));
#747 = CARTESIAN_POINT('', (-2., 38., 31.2));
#748 = ORIENTED_EDGE('', *, *, #749, .F.);
#749 = EDGE_CURVE('', #750, #741, #752, .T.);
#750 = VERTEX_POINT('', #751);
#751 = CARTESIAN_POINT('', (0.999999999999997, 41., 4.));
#752 = B_SPLINE_CURVE_WITH_KNOTS('', 1, (#753, #754), .UNSPECIFIED., .F., .U., (2, 2), (0., 1.), .UNSPECIFIED.);
#753 = CARTESIAN_POINT('', (1., 41., 4.));
#754 = CARTESIAN_POINT('', (-2., 38., 0.999999999999995));
#755 = ORIENTED_EDGE('', *, *, #756, .F.);
#756 = EDGE_CURVE('', #757, #750, #759, .T.);
#757 = VERTEX_POINT('', #758);
#758 = CARTESIAN_POINT('', (0.999999999999997, 41., 31.2));
#759 = B_SPLINE_CURVE_WITH_KNOTS('', 1, (#760, #761), .UNSPECIFIED., .F., .U., (2, 2), (0., 1.), .UNSPECIFIED.);
#760 = CARTESIAN_POINT('', (0.999999999999996, 41., 31.2));
#761 = CARTESIAN_POINT('', (0.999999999999996, 41., 3.99999999999989));
#762 = ORIENTED_EDGE('', *, *, #763, .F.);
#763 = EDGE_CURVE('', #764, #757, #766, .T.);
#764 = VERTEX_POINT('', #765);
#765 = CARTESIAN_POINT('', (-0.499999999999993, 39.5, 32.7));
#766 = B_SPLINE_CURVE_WITH_KNOTS('', 1, (#767, #768), .UNSPECIFIED., .F., .U., (2, 2), (0.318181818181827, 1.), .UNSPECIFIED.);
#767 = CARTESIAN_POINT('', (-0.499999999999992, 39.5, 32.7));
#768 = CARTESIAN_POINT('', (1., 41., 31.2));
#769 = ORIENTED_EDGE('', *, *, #770, .T.);
#770 = EDGE_CURVE('', #764, #743, #771, .T.);
#771 = B_SPLINE_CURVE_WITH_KNOTS('', 1, (#772, #773), .UNSPECIFIED., .F., .U., (2, 2), (0.318181818181799, 1.), .UNSPECIFIED.);
#772 = CARTESIAN_POINT('', (-0.499999999999968, 39.5, 32.7));
#773 = CARTESIAN_POINT('', (-2.00000000000007, 37.9999999999999, 31.1999999999999));
#774 = B_SPLINE_SURFACE_WITH_KNOTS('', 1, 1, ((#775, #776), (#777, #778)), .UNSPECIFIED., .F., .F., .U., (2, 2), (2, 2), (0., 262.778810348208), (0., 262.778810348208), .UNSPECIFIED.);
#775 = CARTESIAN_POINT('', (-92.7026266357684, -52.7026266357684, 130.044949887415));
#776 = CARTESIAN_POINT('', (93.110052113583, 133.110052113583, 130.044949887415));
#777 = CARTESIAN_POINT('', (-92.7026266357684, -52.7026266357684, -132.733860460793));
#778 = CARTESIAN_POINT('', (93.110052113583, 133.110052113583, -132.733860460793));
#779 = ADVANCED_FACE('', (#780), #808, .T.);
#780 = FACE_OUTER_BOUND('', #781, .T.);
#781 = EDGE_LOOP('', (#782, #791, #796, #797, #802, #803));
#782 = ORIENTED_EDGE('', *, *, #783, .F.);
#783 = EDGE_CURVE('', #784, #786, #788, .T.);
#784 = VERTEX_POINT('', #785);
#785 = CARTESIAN_POINT('', (115.5, 36.5, -0.5));
#786 = VERTEX_POINT('', #787);
#787 = CARTESIAN_POINT('', (111., 41., 4.));
#788 = B_SPLINE_CURVE_WITH_KNOTS('', 1, (#789, #790), .UNSPECIFIED., .F., .U., (2, 2), (0.249999999999999, 1.), .UNSPECIFIED.);
#789 = CARTESIAN_POINT('', (115.5, 36.5, -0.500000000000013));
#790 = CARTESIAN_POINT('', (111., 41., 3.99999999999998));
#791 = ORIENTED_EDGE('', *, *, #792, .F.);
#792 = EDGE_CURVE('', #672, #784, #793, .T.);
#793 = B_SPLINE_CURVE_WITH_KNOTS('', 1, (#794, #795), .UNSPECIFIED., .F., .U., (2, 2), (0., 0.50000000000001), .UNSPECIFIED.);
#794 = CARTESIAN_POINT('', (114., 35., -2.));
#795 = CARTESIAN_POINT('', (115.5, 36.5, -0.5));
#796 = ORIENTED_EDGE('', *, *, #692, .F.);
#797 = ORIENTED_EDGE('', *, *, #798, .F.);
#798 = EDGE_CURVE('', #741, #686, #799, .T.);
#799 = B_SPLINE_CURVE_WITH_KNOTS('', 1, (#800, #801), .UNSPECIFIED., .F., .U., (2, 2), (0., 1.), .UNSPECIFIED.);
#800 = CARTESIAN_POINT('', (-2., 38., 1.));
#801 = CARTESIAN_POINT('', (0.999999999999953, 35.0000000000001, -1.99999999999995));
#802 = ORIENTED_EDGE('', *, *, #749, .F.);
#803 = ORIENTED_EDGE('', *, *, #804, .T.);
#804 = EDGE_CURVE('', #750, #786, #805, .T.);
#805 = B_SPLINE_CURVE_WITH_KNOTS('', 1, (#806, #807), .UNSPECIFIED., .F., .U., (2, 2), (0.0252100840336134, 0.949579831932773), .UNSPECIFIED.);
#806 = CARTESIAN_POINT('', (0.999999999999997, 41., 4.));
#807 = CARTESIAN_POINT('', (111., 41., 4.));
#808 = B_SPLINE_SURFACE_WITH_KNOTS('', 1, 1, ((#809, #810), (#811, #812)), .UNSPECIFIED., .F., .F., .U., (2, 2), (2, 2), (0., 1.), (0., 1.), .UNSPECIFIED.);
#809 = CARTESIAN_POINT('', (-2., 35., -2.));
#810 = CARTESIAN_POINT('', (117., 35., -2.));
#811 = CARTESIAN_POINT('', (-2., 41., 4.));
#812 = CARTESIAN_POINT('', (117., 41., 4.));
#813 = ADVANCED_FACE('', (#814), #837, .T.);
#814 = FACE_OUTER_BOUND('', #815, .T.);
#815 = EDGE_LOOP('', (#816, #825, #830, #831, #832));
#816 = ORIENTED_EDGE('', *, *, #817, .F.);
#817 = EDGE_CURVE('', #818, #820, #822, .T.);
#818 = VERTEX_POINT('', #819);
#819 = CARTESIAN_POINT('', (111., 41., 30.25));
#820 = VERTEX_POINT('', #821);
#821 = CARTESIAN_POINT('', (105.571428571429, 41., 31.2));
#822 = B_SPLINE_CURVE_WITH_KNOTS('', 1, (#823, #824), .UNSPECIFIED., .F., .U., (2, 2), (0., 1.), .UNSPECIFIED.);
#823 = CARTESIAN_POINT('', (111., 41., 30.25));
#824 = CARTESIAN_POINT('', (105.571428571429, 41., 31.2));
#825 = ORIENTED_EDGE('', *, *, #826, .F.);
#826 = EDGE_CURVE('', #786, #818, #827, .T.);
#827 = B_SPLINE_CURVE_WITH_KNOTS('', 1, (#828, #829), .UNSPECIFIED., .F., .U., (2, 2), (0., 0.965073529411768), .UNSPECIFIED.);
#828 = CARTESIAN_POINT('', (111., 41., 3.99999999999994));
#829 = CARTESIAN_POINT('', (111., 41., 30.25));
#830 = ORIENTED_EDGE('', *, *, #804, .F.);
#831 = ORIENTED_EDGE('', *, *, #756, .F.);
#832 = ORIENTED_EDGE('', *, *, #833, .T.);
#833 = EDGE_CURVE('', #757, #820, #834, .T.);
#834 = B_SPLINE_CURVE_WITH_KNOTS('', 1, (#835, #836), .UNSPECIFIED., .F., .U., (2, 2), (0.0252100840336134, 0.903961584633854), .UNSPECIFIED.);
#835 = CARTESIAN_POINT('', (0.999999999999997, 41., 31.2));
#836 = CARTESIAN_POINT('', (105.571428571429, 41., 31.2));
#837 = B_SPLINE_SURFACE_WITH_KNOTS('', 1, 1, ((#838, #839), (#840, #841)), .UNSPECIFIED., .F., .F., .U., (2, 2), (2, 2), (0., 1.), (0., 1.), .UNSPECIFIED.);
#838 = CARTESIAN_POINT('', (-2., 41., 4.));
#839 = CARTESIAN_POINT('', (117., 41., 4.));
#840 = CARTESIAN_POINT('', (-2., 41., 31.2));
#841 = CARTESIAN_POINT('', (117., 41., 31.2));
#842 = ADVANCED_FACE('', (#843), #866, .T.);
#843 = FACE_OUTER_BOUND('', #844, .T.);
#844 = EDGE_LOOP('', (#845, #852, #853, #854, #861));
#845 = ORIENTED_EDGE('', *, *, #846, .F.);
#846 = EDGE_CURVE('', #820, #847, #849, .T.);
#847 = VERTEX_POINT('', #848);
#848 = CARTESIAN_POINT('', (93., 38.8, 33.4));
#849 = B_SPLINE_CURVE_WITH_KNOTS('', 1, (#850, #851), .UNSPECIFIED., .F., .U., (2, 2), (0., 1.), .UNSPECIFIED.);
#850 = CARTESIAN_POINT('', (105.571428571428, 41., 31.2));
#851 = CARTESIAN_POINT('', (93., 38.8, 33.4));
#852 = ORIENTED_EDGE('', *, *, #833, .F.);
#853 = ORIENTED_EDGE('', *, *, #763, .F.);
#854 = ORIENTED_EDGE('', *, *, #855, .F.);
#855 = EDGE_CURVE('', #856, #764, #858, .T.);
#856 = VERTEX_POINT('', #857);
#857 = CARTESIAN_POINT('', (0.199999999999989, 38.8, 33.4));
#858 = B_SPLINE_CURVE_WITH_KNOTS('', 1, (#859, #860), .UNSPECIFIED., .F., .U., (2, 2), (0., 0.318181818181807), .UNSPECIFIED.);
#859 = CARTESIAN_POINT('', (0.199999999999989, 38.8, 33.4));
#860 = CARTESIAN_POINT('', (-0.499999999999993, 39.5, 32.7));
#861 = ORIENTED_EDGE('', *, *, #862, .T.);
#862 = EDGE_CURVE('', #856, #847, #863, .T.);
#863 = B_SPLINE_CURVE_WITH_KNOTS('', 1, (#864, #865), .UNSPECIFIED., .F., .U., (2, 2), (0.0184873949579831, 0.798319327731093), .UNSPECIFIED.);
#864 = CARTESIAN_POINT('', (0.199999999999989, 38.8, 33.4));
#865 = CARTESIAN_POINT('', (93., 38.8, 33.4));
#866 = B_SPLINE_SURFACE_WITH_KNOTS('', 1, 1, ((#867, #868), (#869, #870)), .UNSPECIFIED., .F., .F., .U., (2, 2), (2, 2), (0., 1.), (0., 1.), .UNSPECIFIED.);
#867 = CARTESIAN_POINT('', (-2., 41., 31.2));
#868 = CARTESIAN_POINT('', (117., 41., 31.2));
#869 = CARTESIAN_POINT('', (-2., 38.8, 33.4));
#870 = CARTESIAN_POINT('', (117., 38.8, 33.4));
#871 = ADVANCED_FACE('', (#872), #895, .F.);
#872 = FACE_OUTER_BOUND('', #873, .F.);
#873 = EDGE_LOOP('', (#874, #881, #882, #883, #890));
#874 = ORIENTED_EDGE('', *, *, #875, .F.);
#875 = EDGE_CURVE('', #818, #876, #878, .T.);
#876 = VERTEX_POINT('', #877);
#877 = CARTESIAN_POINT('', (117., 35., 29.2));
#878 = B_SPLINE_CURVE_WITH_KNOTS('', 1, (#879, #880), .UNSPECIFIED., .F., .U., (2, 2), (0., 1.), .UNSPECIFIED.);
#879 = CARTESIAN_POINT('', (111., 41., 30.25));
#880 = CARTESIAN_POINT('', (117., 35., 29.2));
#881 = ORIENTED_EDGE('', *, *, #826, .F.);
#882 = ORIENTED_EDGE('', *, *, #783, .F.);
#883 = ORIENTED_EDGE('', *, *, #884, .T.);
#884 = EDGE_CURVE('', #784, #885, #887, .T.);
#885 = VERTEX_POINT('', #886);
#886 = CARTESIAN_POINT('', (117., 35., 0.999999999999996));
#887 = B_SPLINE_CURVE_WITH_KNOTS('', 1, (#888, #889), .UNSPECIFIED., .F., .U., (2, 2), (0.499999999999992, 1.), .UNSPECIFIED.);
#888 = CARTESIAN_POINT('', (115.5, 36.5, -0.5));
#889 = CARTESIAN_POINT('', (117., 35., 1.00000000000002));
#890 = ORIENTED_EDGE('', *, *, #891, .F.);
#891 = EDGE_CURVE('', #876, #885, #892, .T.);
#892 = B_SPLINE_CURVE_WITH_KNOTS('', 1, (#893, #894), .UNSPECIFIED., .F., .U., (2, 2), (0.129629629629628, 1.), .UNSPECIFIED.);
#893 = CARTESIAN_POINT('', (117., 35., 29.2));
#894 = CARTESIAN_POINT('', (117., 35., 0.999999999999943));
#895 = B_SPLINE_SURFACE_WITH_KNOTS('', 1, 1, ((#896, #897), (#898, #899)), .UNSPECIFIED., .F., .F., .U., (2, 2), (2, 2), (0., 262.778810348208), (0., 262.778810348208), .UNSPECIFIED.);
#896 = CARTESIAN_POINT('', (19.6862445302211, 132.313755469779, 130.70050585998));
#897 = CARTESIAN_POINT('', (205.498923279573, -53.4989232795726, 130.70050585998));
#898 = CARTESIAN_POINT('', (19.6862445302211, 132.313755469779, -132.078304488228));
#899 = CARTESIAN_POINT('', (205.498923279573, -53.4989232795726, -132.078304488228));
#900 = ADVANCED_FACE('', (#901), #925, .F.);
#901 = FACE_OUTER_BOUND('', #902, .F.);
#902 = EDGE_LOOP('', (#903, #904, #911, #918, #923, #924));
#903 = ORIENTED_EDGE('', *, *, #875, .T.);
#904 = ORIENTED_EDGE('', *, *, #905, .F.);
#905 = EDGE_CURVE('', #906, #876, #908, .T.);
#906 = VERTEX_POINT('', #907);
#907 = CARTESIAN_POINT('', (117., -0.19999999999999, 29.2));
#908 = B_SPLINE_CURVE_WITH_KNOTS('', 1, (#909, #910), .UNSPECIFIED., .F., .U., (2, 2), (0.00845070422535056, 1.), .UNSPECIFIED.);
#909 = CARTESIAN_POINT('', (117., -0.199999999999999, 29.2));
#910 = CARTESIAN_POINT('', (117., 35., 29.2));
#911 = ORIENTED_EDGE('', *, *, #912, .F.);
#912 = EDGE_CURVE('', #913, #906, #915, .T.);
#913 = VERTEX_POINT('', #914);
#914 = CARTESIAN_POINT('', (93.0000000000001, 4., 33.4));
#915 = B_SPLINE_CURVE_WITH_KNOTS('', 1, (#916, #917), .UNSPECIFIED., .F., .U., (2, 2), (0., 1.), .UNSPECIFIED.);
#916 = CARTESIAN_POINT('', (93.0000000000001, 3.99999999999999, 33.4));
#917 = CARTESIAN_POINT('', (117., -0.199999999999994, 29.2));
#918 = ORIENTED_EDGE('', *, *, #919, .F.);
#919 = EDGE_CURVE('', #847, #913, #920, .T.);
#920 = B_SPLINE_CURVE_WITH_KNOTS('', 1, (#921, #922), .UNSPECIFIED., .F., .U., (2, 2), (0., 1.), .UNSPECIFIED.);
#921 = CARTESIAN_POINT('', (93., 38.8000000000001, 33.4));
#922 = CARTESIAN_POINT('', (93., 4.00000000000006, 33.4));
#923 = ORIENTED_EDGE('', *, *, #846, .F.);
#924 = ORIENTED_EDGE('', *, *, #817, .F.);
#925 = B_SPLINE_SURFACE_WITH_KNOTS('', 1, 1, ((#926, #927), (#928, #929)), .UNSPECIFIED., .F., .F., .U., (2, 2), (2, 2), (0., 262.778810348208), (0., 262.778810348208), .UNSPECIFIED.);
#926 = CARTESIAN_POINT('', (237.533257736838, -93.6014977135731, 8.10667989605335));
#927 = CARTESIAN_POINT('', (237.533257736838, 169.177312634635, 8.10667989605335));
#928 = CARTESIAN_POINT('', (-21.3118765790774, -93.6014977135731, 53.4045784013386));
#929 = CARTESIAN_POINT('', (-21.3118765790774, 169.177312634635, 53.4045784013386));
#930 = ADVANCED_FACE('', (#931), #954, .F.);
#931 = FACE_OUTER_BOUND('', #932, .F.);
#932 = EDGE_LOOP('', (#933, #942, #947, #948, #949));
#933 = ORIENTED_EDGE('', *, *, #934, .F.);
#934 = EDGE_CURVE('', #935, #937, #939, .T.);
#935 = VERTEX_POINT('', #936);
#936 = CARTESIAN_POINT('', (-2., 12.84, 31.2));
#937 = VERTEX_POINT('', #938);
#938 = CARTESIAN_POINT('', (0.199999999999996, 17.7166666666667, 33.4));
#939 = B_SPLINE_CURVE_WITH_KNOTS('', 1, (#940, #941), .UNSPECIFIED., .F., .U., (2, 2), (0., 1.), .UNSPECIFIED.);
#940 = CARTESIAN_POINT('', (-2.00000000000017, 12.8399999999996, 31.1999999999998));
#941 = CARTESIAN_POINT('', (0.200000000000029, 17.7166666666667, 33.4));
#942 = ORIENTED_EDGE('', *, *, #943, .F.);
#943 = EDGE_CURVE('', #743, #935, #944, .T.);
#944 = B_SPLINE_CURVE_WITH_KNOTS('', 1, (#945, #946), .UNSPECIFIED., .F., .U., (2, 2), (0.198041717551298, 0.608704981681534), .UNSPECIFIED.);
#945 = CARTESIAN_POINT('', (-2., 38., 31.2));
#946 = CARTESIAN_POINT('', (-2., 12.84, 31.2));
#947 = ORIENTED_EDGE('', *, *, #770, .F.);
#948 = ORIENTED_EDGE('', *, *, #855, .F.);
#949 = ORIENTED_EDGE('', *, *, #950, .F.);
#950 = EDGE_CURVE('', #937, #856, #951, .T.);
#951 = B_SPLINE_CURVE_WITH_KNOTS('', 1, (#952, #953), .UNSPECIFIED., .F., .U., (2, 2), (0.394157088122604, 1.), .UNSPECIFIED.);
#952 = CARTESIAN_POINT('', (0.199999999999996, 17.7166666666667, 33.4));
#953 = CARTESIAN_POINT('', (0.199999999999996, 38.8, 33.4));
#954 = B_SPLINE_SURFACE_WITH_KNOTS('', 1, 1, ((#955, #956), (#957, #958)), .UNSPECIFIED., .F., .F., .U., (2, 2), (2, 2), (0., 262.778810348208), (0., 262.778810348208), .UNSPECIFIED.);
#955 = CARTESIAN_POINT('', (92.6019457500091, -91.0020908670127, 125.801945750009));
#956 = CARTESIAN_POINT('', (92.6019457500091, 171.776719481195, 125.801945750009));
#957 = CARTESIAN_POINT('', (-93.2107329993422, -91.0020908670127, -60.0107329993422));
#958 = CARTESIAN_POINT('', (-93.2107329993422, 171.776719481195, -60.0107329993422));
#959 = ADVANCED_FACE('', (#960), #989, .T.);
#960 = FACE_OUTER_BOUND('', #961, .T.);
#961 = EDGE_LOOP('', (#962, #971, #976, #977, #984));
#962 = ORIENTED_EDGE('', *, *, #963, .F.);
#963 = EDGE_CURVE('', #964, #966, #968, .T.);
#964 = VERTEX_POINT('', #965);
#965 = CARTESIAN_POINT('', (1., -2., 26.525));
#966 = VERTEX_POINT('', #967);
#967 = CARTESIAN_POINT('', (5.19999999999999, -2., 27.4));
#968 = B_SPLINE_CURVE_WITH_KNOTS('', 1, (#969, #970), .UNSPECIFIED., .F., .U., (2, 2), (0., 1.), .UNSPECIFIED.);
#969 = CARTESIAN_POINT('', (1., -2., 26.525));
#970 = CARTESIAN_POINT('', (5.20000000000005, -2., 27.4));
#971 = ORIENTED_EDGE('', *, *, #972, .F.);
#972 = EDGE_CURVE('', #708, #964, #973, .T.);
#973 = B_SPLINE_CURVE_WITH_KNOTS('', 1, (#974, #975), .UNSPECIFIED., .F., .U., (2, 2), (0., 0.968637992831546), .UNSPECIFIED.);
#974 = CARTESIAN_POINT('', (1., -2., -0.500000000000057));
#975 = CARTESIAN_POINT('', (1., -2., 26.525));
#976 = ORIENTED_EDGE('', *, *, #727, .T.);
#977 = ORIENTED_EDGE('', *, *, #978, .F.);
#978 = EDGE_CURVE('', #979, #721, #981, .T.);
#979 = VERTEX_POINT('', #980);
#980 = CARTESIAN_POINT('', (115.5, -2., 27.4));
#981 = B_SPLINE_CURVE_WITH_KNOTS('', 1, (#982, #983), .UNSPECIFIED., .F., .U., (2, 2), (0., 1.), .UNSPECIFIED.);
#982 = CARTESIAN_POINT('', (115.5, -2., 27.3999999999999));
#983 = CARTESIAN_POINT('', (115.5, -2., -0.500000000000028));
#984 = ORIENTED_EDGE('', *, *, #985, .F.);
#985 = EDGE_CURVE('', #966, #979, #986, .T.);
#986 = B_SPLINE_CURVE_WITH_KNOTS('', 1, (#987, #988), .UNSPECIFIED., .F., .U., (2, 2), (0.0605042016806722, 0.987394957983193), .UNSPECIFIED.);
#987 = CARTESIAN_POINT('', (5.19999999999999, -2., 27.4));
#988 = CARTESIAN_POINT('', (115.5, -2., 27.4));
#989 = B_SPLINE_SURFACE_WITH_KNOTS('', 1, 1, ((#990, #991), (#992, #993)), .UNSPECIFIED., .F., .F., .U., (2, 2), (2, 2), (0., 1.), (0., 1.), .UNSPECIFIED.);
#990 = CARTESIAN_POINT('', (-2., -2., 27.4));
#991 = CARTESIAN_POINT('', (117., -2., 27.4));
#992 = CARTESIAN_POINT('', (-2., -2., -0.5));
#993 = CARTESIAN_POINT('', (117., -2., -0.5));
#994 = ADVANCED_FACE('', (#995), #1051, .T.);
#995 = FACE_OUTER_BOUND('', #996, .T.);
#996 = EDGE_LOOP('', (#997, #1006, #1013, #1020, #1027, #1032, #1033, #1040, #1045, #1046));
#997 = ORIENTED_EDGE('', *, *, #998, .T.);
#998 = EDGE_CURVE('', #999, #1001, #1003, .T.);
#999 = VERTEX_POINT('', #1000);
#1000 = CARTESIAN_POINT('', (75., 4., 33.4));
#1001 = VERTEX_POINT('', #1002);
#1002 = CARTESIAN_POINT('', (72.5, 1.5, 30.9));
#1003 = B_SPLINE_CURVE_WITH_KNOTS('', 1, (#1004, #1005), .UNSPECIFIED., .F., .U., (2, 2), (0., 1.), .UNSPECIFIED.);
#1004 = CARTESIAN_POINT('', (75., 4.00000000000001, 33.4));
#1005 = CARTESIAN_POINT('', (72.5, 1.50000000000001, 30.9));
#1006 = ORIENTED_EDGE('', *, *, #1007, .F.);
#1007 = EDGE_CURVE('', #1008, #1001, #1010, .T.);
#1008 = VERTEX_POINT('', #1009);
#1009 = CARTESIAN_POINT('', (47.5, 1.49999999999997, 30.9));
#1010 = B_SPLINE_CURVE_WITH_KNOTS('', 1, (#1011, #1012), .UNSPECIFIED., .F., .U., (2, 2), (0., 1.), .UNSPECIFIED.);
#1011 = CARTESIAN_POINT('', (47.5, 1.5, 30.9));
#1012 = CARTESIAN_POINT('', (72.5, 1.5, 30.9));
#1013 = ORIENTED_EDGE('', *, *, #1014, .T.);
#1014 = EDGE_CURVE('', #1008, #1015, #1017, .T.);
#1015 = VERTEX_POINT('', #1016);
#1016 = CARTESIAN_POINT('', (45., 4., 33.4));
#1017 = B_SPLINE_CURVE_WITH_KNOTS('', 1, (#1018, #1019), .UNSPECIFIED., .F., .U., (2, 2), (0., 1.), .UNSPECIFIED.);
#1018 = CARTESIAN_POINT('', (47.5, 1.49999999999998, 30.9));
#1019 = CARTESIAN_POINT('', (45., 4.00000000000001, 33.4));
#1020 = ORIENTED_EDGE('', *, *, #1021, .F.);
#1021 = EDGE_CURVE('', #1022, #1015, #1024, .T.);
#1022 = VERTEX_POINT('', #1023);
#1023 = CARTESIAN_POINT('', (23.7142857142856, 4., 33.4));
#1024 = B_SPLINE_CURVE_WITH_KNOTS('', 1, (#1025, #1026), .UNSPECIFIED., .F., .U., (2, 2), (0.216086434573829, 0.394957983193277), .UNSPECIFIED.);
#1025 = CARTESIAN_POINT('', (23.7142857142856, 4., 33.4));
#1026 = CARTESIAN_POINT('', (45., 4., 33.4));
#1027 = ORIENTED_EDGE('', *, *, #1028, .F.);
#1028 = EDGE_CURVE('', #966, #1022, #1029, .T.);
#1029 = B_SPLINE_CURVE_WITH_KNOTS('', 1, (#1030, #1031), .UNSPECIFIED., .F., .U., (2, 2), (0., 1.), .UNSPECIFIED.);
#1030 = CARTESIAN_POINT('', (5.19999999999993, -2., 27.4));
#1031 = CARTESIAN_POINT('', (23.7142857142856, 3.99999999999998, 33.4));
#1032 = ORIENTED_EDGE('', *, *, #985, .T.);
#1033 = ORIENTED_EDGE('', *, *, #1034, .F.);
#1034 = EDGE_CURVE('', #1035, #979, #1037, .T.);
#1035 = VERTEX_POINT('', #1036);
#1036 = CARTESIAN_POINT('', (117., -0.499999999999959, 28.9));
#1037 = B_SPLINE_CURVE_WITH_KNOTS('', 1, (#1038, #1039), .UNSPECIFIED., .F., .U., (2, 2), (0., 1.), .UNSPECIFIED.);
#1038 = CARTESIAN_POINT('', (117., -0.499999999999972, 28.9));
#1039 = CARTESIAN_POINT('', (115.5, -1.99999999999998, 27.4));
#1040 = ORIENTED_EDGE('', *, *, #1041, .F.);
#1041 = EDGE_CURVE('', #906, #1035, #1042, .T.);
#1042 = B_SPLINE_CURVE_WITH_KNOTS('', 1, (#1043, #1044), .UNSPECIFIED., .F., .U., (2, 2), (0.699999999999999, 0.749999999999993), .UNSPECIFIED.);
#1043 = CARTESIAN_POINT('', (117., -0.199999999999991, 29.2));
#1044 = CARTESIAN_POINT('', (117., -0.499999999999958, 28.9));
#1045 = ORIENTED_EDGE('', *, *, #912, .F.);
#1046 = ORIENTED_EDGE('', *, *, #1047, .F.);
#1047 = EDGE_CURVE('', #999, #913, #1048, .T.);
#1048 = B_SPLINE_CURVE_WITH_KNOTS('', 1, (#1049, #1050), .UNSPECIFIED., .F., .U., (2, 2), (0.647058823529412, 0.798319327731093), .UNSPECIFIED.);
#1049 = CARTESIAN_POINT('', (75., 4., 33.4));
#1050 = CARTESIAN_POINT('', (93.0000000000001, 4., 33.4));
#1051 = B_SPLINE_SURFACE_WITH_KNOTS('', 1, 1, ((#1052, #1053), (#1054, #1055)), .UNSPECIFIED., .F., .F., .U., (2, 2), (2, 2), (0., 1.), (0., 1.), .UNSPECIFIED.);
#1052 = CARTESIAN_POINT('', (-2., 4., 33.4));
#1053 = CARTESIAN_POINT('', (117., 4., 33.4));
#1054 = CARTESIAN_POINT('', (-2., -2., 27.4));
#1055 = CARTESIAN_POINT('', (117., -2., 27.4));
#1056 = ADVANCED_FACE('', (#1057), #1088, .T.);
#1057 = FACE_OUTER_BOUND('', #1058, .T.);
#1058 = EDGE_LOOP('', (#1059, #1068, #1073, #1074, #1075, #1076, #1077, #1082, #1083));
#1059 = ORIENTED_EDGE('', *, *, #1060, .T.);
#1060 = EDGE_CURVE('', #1061, #1063, #1065, .T.);
#1061 = VERTEX_POINT('', #1062);
#1062 = CARTESIAN_POINT('', (45., 20.9, 33.4));
#1063 = VERTEX_POINT('', #1064);
#1064 = CARTESIAN_POINT('', (75., 20.9, 33.4));
#1065 = B_SPLINE_CURVE_WITH_KNOTS('', 1, (#1066, #1067), .UNSPECIFIED., .F., .U., (2, 2), (0.142857142857143, 0.857142857142856), .UNSPECIFIED.);
#1066 = CARTESIAN_POINT('', (45., 20.9, 33.4));
#1067 = CARTESIAN_POINT('', (75., 20.9, 33.4));
#1068 = ORIENTED_EDGE('', *, *, #1069, .T.);
#1069 = EDGE_CURVE('', #1063, #999, #1070, .T.);
#1070 = B_SPLINE_CURVE_WITH_KNOTS('', 1, (#1071, #1072), .UNSPECIFIED., .F., .U., (2, 2), (0.262008733624454, 1.), .UNSPECIFIED.);
#1071 = CARTESIAN_POINT('', (75., 20.9, 33.4));
#1072 = CARTESIAN_POINT('', (75., 4.00000000000003, 33.4));
#1073 = ORIENTED_EDGE('', *, *, #1047, .T.);
#1074 = ORIENTED_EDGE('', *, *, #919, .F.);
#1075 = ORIENTED_EDGE('', *, *, #862, .F.);
#1076 = ORIENTED_EDGE('', *, *, #950, .F.);
#1077 = ORIENTED_EDGE('', *, *, #1078, .F.);
#1078 = EDGE_CURVE('', #1022, #937, #1079, .T.);
#1079 = B_SPLINE_CURVE_WITH_KNOTS('', 1, (#1080, #1081), .UNSPECIFIED., .F., .U., (2, 2), (0., 1.), .UNSPECIFIED.);
#1080 = CARTESIAN_POINT('', (23.7142857142856, 4.00000000000003, 33.4));
#1081 = CARTESIAN_POINT('', (0.200000000000049, 17.7166666666666, 33.4));
#1082 = ORIENTED_EDGE('', *, *, #1021, .T.);
#1083 = ORIENTED_EDGE('', *, *, #1084, .T.);
#1084 = EDGE_CURVE('', #1015, #1061, #1085, .T.);
#1085 = B_SPLINE_CURVE_WITH_KNOTS('', 1, (#1086, #1087), .UNSPECIFIED., .F., .U., (2, 2), (0., 0.737991266375545), .UNSPECIFIED.);
#1086 = CARTESIAN_POINT('', (45., 4.00000000000003, 33.4));
#1087 = CARTESIAN_POINT('', (45., 20.9, 33.4));
#1088 = B_SPLINE_SURFACE_WITH_KNOTS('', 1, 1, ((#1089, #1090), (#1091, #1092)), .UNSPECIFIED., .F., .F., .U., (2, 2), (2, 2), (0., 1.), (0., 1.), .UNSPECIFIED.);
#1089 = CARTESIAN_POINT('', (-2., 38.8, 33.4));
#1090 = CARTESIAN_POINT('', (117., 38.8, 33.4));
#1091 = CARTESIAN_POINT('', (-2., 4., 33.4));
#1092 = CARTESIAN_POINT('', (117., 4., 33.4));
#1093 = ADVANCED_FACE('', (#1094), #1112, .F.);
#1094 = FACE_OUTER_BOUND('', #1095, .F.);
#1095 = EDGE_LOOP('', (#1096, #1097, #1098, #1099, #1106, #1111));
#1096 = ORIENTED_EDGE('', *, *, #1078, .F.);
#1097 = ORIENTED_EDGE('', *, *, #1028, .F.);
#1098 = ORIENTED_EDGE('', *, *, #963, .F.);
#1099 = ORIENTED_EDGE('', *, *, #1100, .T.);
#1100 = EDGE_CURVE('', #964, #1101, #1103, .T.);
#1101 = VERTEX_POINT('', #1102);
#1102 = CARTESIAN_POINT('', (-2., 1., 26.9714285714286));
#1103 = B_SPLINE_CURVE_WITH_KNOTS('', 1, (#1104, #1105), .UNSPECIFIED., .F., .U., (2, 2), (0., 1.), .UNSPECIFIED.);
#1104 = CARTESIAN_POINT('', (1.00000000000006, -2.00000000000006, 26.525));
#1105 = CARTESIAN_POINT('', (-2.00000000000014, 1.00000000000014, 26.9714285714286));
#1106 = ORIENTED_EDGE('', *, *, #1107, .F.);
#1107 = EDGE_CURVE('', #935, #1101, #1108, .T.);
#1108 = B_SPLINE_CURVE_WITH_KNOTS('', 1, (#1109, #1110), .UNSPECIFIED., .F., .U., (2, 2), (0., 1.), .UNSPECIFIED.);
#1109 = CARTESIAN_POINT('', (-2., 12.8399999999999, 31.2));
#1110 = CARTESIAN_POINT('', (-2., 0.999999999999945, 26.9714285714286));
#1111 = ORIENTED_EDGE('', *, *, #934, .T.);
#1112 = B_SPLINE_SURFACE_WITH_KNOTS('', 1, 1, ((#1113, #1114), (#1115, #1116)), .UNSPECIFIED., .F., .F., .U., (2, 2), (2, 2), (0., 262.778810348208), (0., 262.778810348208), .UNSPECIFIED.);
#1113 = CARTESIAN_POINT('', (138.744939498475, -129.974061953982, 9.51684026909351));
#1114 = CARTESIAN_POINT('', (138.744939498475, 117.495757229957, 97.8989185490716));
#1115 = CARTESIAN_POINT('', (-119.117782942928, -112.95823373858, -38.1274787340314));
#1116 = CARTESIAN_POINT('', (-119.117782942928, 134.511585445359, 50.2545995459467));
#1117 = ADVANCED_FACE('', (#1118), #1135, .F.);
#1118 = FACE_OUTER_BOUND('', #1119, .F.);
#1119 = EDGE_LOOP('', (#1120, #1121, #1126, #1127, #1128, #1129, #1134));
#1120 = ORIENTED_EDGE('', *, *, #420, .F.);
#1121 = ORIENTED_EDGE('', *, *, #1122, .F.);
#1122 = EDGE_CURVE('', #706, #379, #1123, .T.);
#1123 = B_SPLINE_CURVE_WITH_KNOTS('', 1, (#1124, #1125), .UNSPECIFIED., .F., .U., (2, 2), (0.249999999999996, 0.66666666666665), .UNSPECIFIED.);
#1124 = CARTESIAN_POINT('', (0.249999999999993, -1.24999999999999, -1.24999999999999));
#1125 = CARTESIAN_POINT('', (-1., 0., 0.));
#1126 = ORIENTED_EDGE('', *, *, #714, .F.);
#1127 = ORIENTED_EDGE('', *, *, #685, .F.);
#1128 = ORIENTED_EDGE('', *, *, #798, .F.);
#1129 = ORIENTED_EDGE('', *, *, #1130, .F.);
#1130 = EDGE_CURVE('', #560, #741, #1131, .T.);
#1131 = B_SPLINE_CURVE_WITH_KNOTS('', 1, (#1132, #1133), .UNSPECIFIED., .F., .U., (2, 2), (0.595986440930232, 0.930232558139535), .UNSPECIFIED.);
#1132 = CARTESIAN_POINT('', (-2., 23.62741696, 1.));
#1133 = CARTESIAN_POINT('', (-2., 38., 1.));
#1134 = ORIENTED_EDGE('', *, *, #566, .F.);
#1135 = B_SPLINE_SURFACE_WITH_KNOTS('', 1, 1, ((#1136, #1137), (#1138, #1139)), .UNSPECIFIED., .F., .F., .U., (2, 2), (2, 2), (0., 262.778810348208), (0., 262.778810348208), .UNSPECIFIED.);
#1136 = CARTESIAN_POINT('', (-92.5941528006791, -91.2248888862884, 91.5941528006791));
#1137 = CARTESIAN_POINT('', (-92.5941528006791, 171.553921461919, 91.5941528006791));
#1138 = CARTESIAN_POINT('', (93.2185259486723, -91.2248888862884, -94.2185259486723));
#1139 = CARTESIAN_POINT('', (93.2185259486723, 171.553921461919, -94.2185259486723));
#1140 = ADVANCED_FACE('', (#1141), #1154, .F.);
#1141 = FACE_OUTER_BOUND('', #1142, .F.);
#1142 = EDGE_LOOP('', (#1143, #1144, #1145, #1150, #1151, #1152, #1153));
#1143 = ORIENTED_EDGE('', *, *, #376, .F.);
#1144 = ORIENTED_EDGE('', *, *, #462, .F.);
#1145 = ORIENTED_EDGE('', *, *, #1146, .F.);
#1146 = EDGE_CURVE('', #1101, #434, #1147, .T.);
#1147 = B_SPLINE_CURVE_WITH_KNOTS('', 1, (#1148, #1149), .UNSPECIFIED., .F., .U., (2, 2), (0.140018921475876, 0.250747782781459), .UNSPECIFIED.);
#1148 = CARTESIAN_POINT('', (-2., 1., 26.9714285714286));
#1149 = CARTESIAN_POINT('', (-2., 1., 23.62741696));
#1150 = ORIENTED_EDGE('', *, *, #1100, .F.);
#1151 = ORIENTED_EDGE('', *, *, #972, .F.);
#1152 = ORIENTED_EDGE('', *, *, #705, .F.);
#1153 = ORIENTED_EDGE('', *, *, #1122, .T.);
#1154 = B_SPLINE_SURFACE_WITH_KNOTS('', 1, 1, ((#1155, #1156), (#1157, #1158)), .UNSPECIFIED., .F., .F., .U., (2, 2), (2, 2), (0., 262.778810348208), (0., 262.778810348208), .UNSPECIFIED.);
#1155 = CARTESIAN_POINT('', (93.110052113583, -94.110052113583, 130.044949887415));
#1156 = CARTESIAN_POINT('', (-92.7026266357684, 91.7026266357684, 130.044949887415));
#1157 = CARTESIAN_POINT('', (93.110052113583, -94.110052113583, -132.733860460793));
#1158 = CARTESIAN_POINT('', (-92.7026266357684, 91.7026266357684, -132.733860460793));
#1159 = ADVANCED_FACE('', (#1160), #1172, .T.);
#1160 = FACE_OUTER_BOUND('', #1161, .T.);
#1161 = EDGE_LOOP('', (#1162, #1163, #1164, #1165, #1166, #1167, #1168, #1169, #1170, #1171));
#1162 = ORIENTED_EDGE('', *, *, #503, .F.);
#1163 = ORIENTED_EDGE('', *, *, #475, .F.);
#1164 = ORIENTED_EDGE('', *, *, #433, .F.);
#1165 = ORIENTED_EDGE('', *, *, #1146, .F.);
#1166 = ORIENTED_EDGE('', *, *, #1107, .F.);
#1167 = ORIENTED_EDGE('', *, *, #943, .F.);
#1168 = ORIENTED_EDGE('', *, *, #740, .F.);
#1169 = ORIENTED_EDGE('', *, *, #1130, .F.);
#1170 = ORIENTED_EDGE('', *, *, #559, .F.);
#1171 = ORIENTED_EDGE('', *, *, #531, .F.);
#1172 = B_SPLINE_SURFACE_WITH_KNOTS('', 1, 1, ((#1173, #1174), (#1175, #1176)), .UNSPECIFIED., .F., .F., .U., (2, 2), (2, 2), (0., 1.), (0., 1.), .UNSPECIFIED.);
#1173 = CARTESIAN_POINT('', (-2., -11.1333706927592, -14.9333706927592));
#1174 = CARTESIAN_POINT('', (-2., 50.1333706927592, -14.9333706927592));
#1175 = CARTESIAN_POINT('', (-2., -11.1333706927592, 46.3333706927592));
#1176 = CARTESIAN_POINT('', (-2., 50.1333706927592, 46.3333706927592));
#1177 = ADVANCED_FACE('', (#1178), #1195, .F.);
#1178 = FACE_OUTER_BOUND('', #1179, .F.);
#1179 = EDGE_LOOP('', (#1180, #1181, #1182, #1187, #1188, #1189, #1194));
#1180 = ORIENTED_EDGE('', *, *, #7, .F.);
#1181 = ORIENTED_EDGE('', *, *, #85, .T.);
#1182 = ORIENTED_EDGE('', *, *, #1183, .T.);
#1183 = EDGE_CURVE('', #48, #721, #1184, .T.);
#1184 = B_SPLINE_CURVE_WITH_KNOTS('', 1, (#1185, #1186), .UNSPECIFIED., .F., .U., (2, 2), (0.537032555431712, 1.), .UNSPECIFIED.);
#1185 = CARTESIAN_POINT('', (116.194451166852, -1.30554883314753, 0.194451166852411));
#1186 = CARTESIAN_POINT('', (115.5, -2.00000000000006, -0.500000000000114));
#1187 = ORIENTED_EDGE('', *, *, #978, .F.);
#1188 = ORIENTED_EDGE('', *, *, #1034, .F.);
#1189 = ORIENTED_EDGE('', *, *, #1190, .F.);
#1190 = EDGE_CURVE('', #274, #1035, #1191, .T.);
#1191 = B_SPLINE_CURVE_WITH_KNOTS('', 1, (#1192, #1193), .UNSPECIFIED., .F., .U., (2, 2), (0.588731529666104, 0.861111111111111), .UNSPECIFIED.);
#1192 = CARTESIAN_POINT('', (117., -0.499999999999959, 20.0749015611818));
#1193 = CARTESIAN_POINT('', (117., -0.499999999999959, 28.9));
#1194 = ORIENTED_EDGE('', *, *, #281, .F.);
#1195 = B_SPLINE_SURFACE_WITH_KNOTS('', 1, 1, ((#1196, #1197), (#1198, #1199)), .UNSPECIFIED., .F., .F., .U., (2, 2), (2, 2), (0., 262.778810348208), (0., 262.778810348208), .UNSPECIFIED.);
#1196 = CARTESIAN_POINT('', (208.804478313866, 91.3044783138663, 129.717171901133));
#1197 = CARTESIAN_POINT('', (22.9917995645149, -94.5082004354851, 129.717171901133));
#1198 = CARTESIAN_POINT('', (208.804478313866, 91.3044783138663, -133.061638447075));
#1199 = CARTESIAN_POINT('', (22.9917995645149, -94.5082004354851, -133.061638447075));
#1200 = ADVANCED_FACE('', (#1201), #1216, .F.);
#1201 = FACE_OUTER_BOUND('', #1202, .F.);
#1202 = EDGE_LOOP('', (#1203, #1204, #1205, #1210, #1211, #1212, #1213, #1214, #1215));
#1203 = ORIENTED_EDGE('', *, *, #105, .F.);
#1204 = ORIENTED_EDGE('', *, *, #165, .T.);
#1205 = ORIENTED_EDGE('', *, *, #1206, .F.);
#1206 = EDGE_CURVE('', #885, #135, #1207, .T.);
#1207 = B_SPLINE_CURVE_WITH_KNOTS('', 1, (#1208, #1209), .UNSPECIFIED., .F., .U., (2, 2), (0.247007925515951, 0.387830519544043), .UNSPECIFIED.);
#1208 = CARTESIAN_POINT('', (117., 35., 0.999999999999996));
#1209 = CARTESIAN_POINT('', (117., 26.3722585504431, 1.));
#1210 = ORIENTED_EDGE('', *, *, #884, .F.);
#1211 = ORIENTED_EDGE('', *, *, #792, .F.);
#1212 = ORIENTED_EDGE('', *, *, #669, .F.);
#1213 = ORIENTED_EDGE('', *, *, #720, .F.);
#1214 = ORIENTED_EDGE('', *, *, #1183, .F.);
#1215 = ORIENTED_EDGE('', *, *, #45, .F.);
#1216 = B_SPLINE_SURFACE_WITH_KNOTS('', 1, 1, ((#1217, #1218), (#1219, #1220)), .UNSPECIFIED., .F., .F., .U., (2, 2), (2, 2), (0., 262.778810348208), (0., 262.778810348208), .UNSPECIFIED.);
#1217 = CARTESIAN_POINT('', (207.594152800679, 171.553921461919, 91.594152800679));
#1218 = CARTESIAN_POINT('', (207.594152800679, -91.2248888862884, 91.594152800679));
#1219 = CARTESIAN_POINT('', (21.7814740513277, 171.553921461919, -94.2185259486723));
#1220 = CARTESIAN_POINT('', (21.7814740513277, -91.2248888862884, -94.2185259486723));
#1221 = ADVANCED_FACE('', (#1222), #1234, .T.);
#1222 = FACE_OUTER_BOUND('', #1223, .T.);
#1223 = EDGE_LOOP('', (#1224, #1225, #1226, #1227, #1228, #1229, #1230, #1231, #1232, #1233));
#1224 = ORIENTED_EDGE('', *, *, #273, .F.);
#1225 = ORIENTED_EDGE('', *, *, #245, .F.);
#1226 = ORIENTED_EDGE('', *, *, #213, .F.);
#1227 = ORIENTED_EDGE('', *, *, #185, .F.);
#1228 = ORIENTED_EDGE('', *, *, #134, .F.);
#1229 = ORIENTED_EDGE('', *, *, #1206, .F.);
#1230 = ORIENTED_EDGE('', *, *, #891, .F.);
#1231 = ORIENTED_EDGE('', *, *, #905, .F.);
#1232 = ORIENTED_EDGE('', *, *, #1041, .T.);
#1233 = ORIENTED_EDGE('', *, *, #1190, .F.);
#1234 = B_SPLINE_SURFACE_WITH_KNOTS('', 1, 1, ((#1235, #1236), (#1237, #1238)), .UNSPECIFIED., .F., .F., .U., (2, 2), (2, 2), (0., 1.), (0., 1.), .UNSPECIFIED.);
#1235 = CARTESIAN_POINT('', (117., -11.1333706927592, -14.9333706927592));
#1236 = CARTESIAN_POINT('', (117., -11.1333706927592, 46.3333706927592));
#1237 = CARTESIAN_POINT('', (117., 50.1333706927592, -14.9333706927592));
#1238 = CARTESIAN_POINT('', (117., 50.1333706927592, 46.3333706927592));
#1239 = ADVANCED_FACE('', (#1240), #1256, .T.);
#1240 = FACE_OUTER_BOUND('', #1241, .T.);
#1241 = EDGE_LOOP('', (#1242, #1243, #1244, #1251));
#1242 = ORIENTED_EDGE('', *, *, #1084, .F.);
#1243 = ORIENTED_EDGE('', *, *, #1014, .F.);
#1244 = ORIENTED_EDGE('', *, *, #1245, .F.);
#1245 = EDGE_CURVE('', #1246, #1008, #1248, .T.);
#1246 = VERTEX_POINT('', #1247);
#1247 = CARTESIAN_POINT('', (47.5, 18.4, 30.9));
#1248 = B_SPLINE_CURVE_WITH_KNOTS('', 1, (#1249, #1250), .UNSPECIFIED., .F., .U., (2, 2), (0.24355437015652, 0.460794026515158), .UNSPECIFIED.);
#1249 = CARTESIAN_POINT('', (47.5, 18.4, 30.9));
#1250 = CARTESIAN_POINT('', (47.5, 1.49999999999997, 30.9));
#1251 = ORIENTED_EDGE('', *, *, #1252, .F.);
#1252 = EDGE_CURVE('', #1061, #1246, #1253, .T.);
#1253 = B_SPLINE_CURVE_WITH_KNOTS('', 1, (#1254, #1255), .UNSPECIFIED., .F., .U., (2, 2), (0.70588235294118, 1.), .UNSPECIFIED.);
#1254 = CARTESIAN_POINT('', (45., 20.9, 33.4));
#1255 = CARTESIAN_POINT('', (47.5, 18.4, 30.9));
#1256 = B_SPLINE_SURFACE_WITH_KNOTS('', 1, 1, ((#1257, #1258), (#1259, #1260)), .UNSPECIFIED., .F., .F., .U., (2, 2), (2, 2), (0., 143.636609706645), (0., 143.636609706645), .UNSPECIFIED.);
#1257 = CARTESIAN_POINT('', (-5.23274421065391, -53.7926317533934, 83.6327442106539));
#1258 = CARTESIAN_POINT('', (-5.23274421065391, 89.8439779532521, 83.6327442106539));
#1259 = CARTESIAN_POINT('', (96.3336765395606, -53.7926317533934, -17.9336765395606));
#1260 = CARTESIAN_POINT('', (96.3336765395606, 89.8439779532521, -17.9336765395606));
#1261 = ADVANCED_FACE('', (#1262), #1278, .T.);
#1262 = FACE_OUTER_BOUND('', #1263, .T.);
#1263 = EDGE_LOOP('', (#1264, #1265, #1266, #1273));
#1264 = ORIENTED_EDGE('', *, *, #1060, .F.);
#1265 = ORIENTED_EDGE('', *, *, #1252, .T.);
#1266 = ORIENTED_EDGE('', *, *, #1267, .F.);
#1267 = EDGE_CURVE('', #1268, #1246, #1270, .T.);
#1268 = VERTEX_POINT('', #1269);
#1269 = CARTESIAN_POINT('', (72.5, 18.4, 30.9));
#1270 = B_SPLINE_CURVE_WITH_KNOTS('', 1, (#1271, #1272), .UNSPECIFIED., .F., .U., (2, 2), (0., 1.), .UNSPECIFIED.);
#1271 = CARTESIAN_POINT('', (72.5, 18.4, 30.9));
#1272 = CARTESIAN_POINT('', (47.5, 18.4, 30.9));
#1273 = ORIENTED_EDGE('', *, *, #1274, .T.);
#1274 = EDGE_CURVE('', #1268, #1063, #1275, .T.);
#1275 = B_SPLINE_CURVE_WITH_KNOTS('', 1, (#1276, #1277), .UNSPECIFIED., .F., .U., (2, 2), (0., 0.294117647058822), .UNSPECIFIED.);
#1276 = CARTESIAN_POINT('', (72.5, 18.4, 30.9));
#1277 = CARTESIAN_POINT('', (75., 20.9, 33.4));
#1278 = B_SPLINE_SURFACE_WITH_KNOTS('', 1, 1, ((#1279, #1280), (#1281, #1282)), .UNSPECIFIED., .F., .F., .U., (2, 2), (2, 2), (0., 143.636609706646), (0., 143.636609706646), .UNSPECIFIED.);
#1279 = CARTESIAN_POINT('', (4.03759975082174, 70.7141805411359, 83.2141805411359));
#1280 = CARTESIAN_POINT('', (147.674209457467, 70.7141805411359, 83.2141805411359));
#1281 = CARTESIAN_POINT('', (4.03759975082174, -30.8522402090787, -18.3522402090787));
#1282 = CARTESIAN_POINT('', (147.674209457467, -30.8522402090787, -18.3522402090787));
#1283 = ADVANCED_FACE('', (#1284), #1294, .T.);
#1284 = FACE_OUTER_BOUND('', #1285, .T.);
#1285 = EDGE_LOOP('', (#1286, #1287, #1288, #1293));
#1286 = ORIENTED_EDGE('', *, *, #1069, .F.);
#1287 = ORIENTED_EDGE('', *, *, #1274, .F.);
#1288 = ORIENTED_EDGE('', *, *, #1289, .F.);
#1289 = EDGE_CURVE('', #1001, #1268, #1290, .T.);
#1290 = B_SPLINE_CURVE_WITH_KNOTS('', 1, (#1291, #1292), .UNSPECIFIED., .F., .U., (2, 2), (0.553602811950791, 0.850615114235501), .UNSPECIFIED.);
#1291 = CARTESIAN_POINT('', (72.5, 1.5, 30.9));
#1292 = CARTESIAN_POINT('', (72.5, 18.4, 30.9));
#1293 = ORIENTED_EDGE('', *, *, #998, .F.);
#1294 = B_SPLINE_SURFACE_WITH_KNOTS('', 1, 1, ((#1295, #1296), (#1297, #1298)), .UNSPECIFIED., .F., .F., .U., (2, 2), (2, 2), (0., 143.636609706646), (0., 143.636609706646), .UNSPECIFIED.);
#1295 = CARTESIAN_POINT('', (125.232744210654, 89.8439779532522, 83.6327442106539));
#1296 = CARTESIAN_POINT('', (125.232744210654, -53.7926317533934, 83.6327442106539));
#1297 = CARTESIAN_POINT('', (23.6663234604394, 89.8439779532522, -17.9336765395606));
#1298 = CARTESIAN_POINT('', (23.6663234604394, -53.7926317533934, -17.9336765395606));
#1299 = ADVANCED_FACE('', (#1300), #1306, .F.);
#1300 = FACE_OUTER_BOUND('', #1301, .F.);
#1301 = EDGE_LOOP('', (#1302, #1303, #1304, #1305));
#1302 = ORIENTED_EDGE('', *, *, #1007, .F.);
#1303 = ORIENTED_EDGE('', *, *, #1245, .F.);
#1304 = ORIENTED_EDGE('', *, *, #1267, .F.);
#1305 = ORIENTED_EDGE('', *, *, #1289, .F.);
#1306 = B_SPLINE_SURFACE_WITH_KNOTS('', 1, 1, ((#1307, #1308), (#1309, #1310)), .UNSPECIFIED., .F., .F., .U., (2, 2), (2, 2), (0., 1.), (0., 1.), .UNSPECIFIED.);
#1307 = CARTESIAN_POINT('', (98.8971338918435, -40.4471338918435, 30.9));
#1308 = CARTESIAN_POINT('', (98.8971338918435, 37.3471338918435, 30.9));
#1309 = CARTESIAN_POINT('', (21.1028661081565, -40.4471338918435, 30.9));
#1310 = CARTESIAN_POINT('', (21.1028661081565, 37.3471338918435, 30.9));
#1311 = ORIENTED_CLOSED_SHELL('', (), #1312, .F.);
#1312 = CLOSED_SHELL('', (#1313, #1370, #1405, #1475, #1503, #1525, #1547, #1563, #1602, #1632, #1667, #1684, #1721, #1743, #1772, #1795, #1831, #1858, #1875, #1888, #1912, #1929, #1947));
#1313 = ADVANCED_FACE('', (#1314), #1365, .F.);
#1314 = FACE_OUTER_BOUND('', #1315, .F.);
#1315 = EDGE_LOOP('', (#1316, #1325, #1332, #1339, #1346, #1353, #1360));
#1316 = ORIENTED_EDGE('', *, *, #1317, .F.);
#1317 = EDGE_CURVE('', #1318, #1320, #1322, .T.);
#1318 = VERTEX_POINT('', #1319);
#1319 = CARTESIAN_POINT('', (114.085786430508, 35.08578644, 0.914213559999988));
#1320 = VERTEX_POINT('', #1321);
#1321 = CARTESIAN_POINT('', (115., 34.1715728705076, 1.8284271294924));
#1322 = B_SPLINE_CURVE_WITH_KNOTS('', 1, (#1323, #1324), .UNSPECIFIED., .F., .U., (2, 2), (0.500000000000018, 1.), .UNSPECIFIED.);
#1323 = CARTESIAN_POINT('', (114.085786430508, 35.08578644, 0.914213560000021));
#1324 = CARTESIAN_POINT('', (115., 34.1715728705077, 1.82842712949234));
#1325 = ORIENTED_EDGE('', *, *, #1326, .F.);
#1326 = EDGE_CURVE('', #1327, #1318, #1329, .T.);
#1327 = VERTEX_POINT('', #1328);
#1328 = CARTESIAN_POINT('', (113.171572870508, 34.17157288, 0.));
#1329 = B_SPLINE_CURVE_WITH_KNOTS('', 1, (#1330, #1331), .UNSPECIFIED., .F., .U., (2, 2), (0., 0.499999997404221), .UNSPECIFIED.);
#1330 = CARTESIAN_POINT('', (113.171572870508, 34.17157288, 0.));
#1331 = CARTESIAN_POINT('', (114.085786430508, 35.08578644, 0.914213559999988));
#1332 = ORIENTED_EDGE('', *, *, #1333, .F.);
#1333 = EDGE_CURVE('', #1334, #1327, #1336, .T.);
#1334 = VERTEX_POINT('', #1335);
#1335 = CARTESIAN_POINT('', (113.171572870508, 0.32842712, 0.));
#1336 = B_SPLINE_CURVE_WITH_KNOTS('', 1, (#1337, #1338), .UNSPECIFIED., .F., .U., (2, 2), (0., 1.), .UNSPECIFIED.);
#1337 = CARTESIAN_POINT('', (113.171572870508, 0.328427120000043, 0.));
#1338 = CARTESIAN_POINT('', (113.171572870508, 34.17157288, 0.));
#1339 = ORIENTED_EDGE('', *, *, #1340, .F.);
#1340 = EDGE_CURVE('', #1341, #1334, #1343, .T.);
#1341 = VERTEX_POINT('', #1342);
#1342 = CARTESIAN_POINT('', (113.499999990508, 0., 0.32842712));
#1343 = B_SPLINE_CURVE_WITH_KNOTS('', 1, (#1344, #1345), .UNSPECIFIED., .F., .U., (2, 2), (0., 1.), .UNSPECIFIED.);
#1344 = CARTESIAN_POINT('', (113.499999990508, 0., 0.328427119999986));
#1345 = CARTESIAN_POINT('', (113.171572870508, 0.328427120000005, -1.89848137210902E-14));
#1346 = ORIENTED_EDGE('', *, *, #1347, .F.);
#1347 = EDGE_CURVE('', #1348, #1341, #1350, .T.);
#1348 = VERTEX_POINT('', #1349);
#1349 = CARTESIAN_POINT('', (114.671572870508, 0., 1.50000000000004));
#1350 = B_SPLINE_CURVE_WITH_KNOTS('', 1, (#1351, #1352), .UNSPECIFIED., .F., .U., (2, 2), (0.218951418276015, 1.), .UNSPECIFIED.);
#1351 = CARTESIAN_POINT('', (114.671572870508, 0., 1.50000000000004));
#1352 = CARTESIAN_POINT('', (113.499999990508, 0., 0.328427120000008));
#1353 = ORIENTED_EDGE('', *, *, #1354, .F.);
#1354 = EDGE_CURVE('', #1355, #1348, #1357, .T.);
#1355 = VERTEX_POINT('', #1356);
#1356 = CARTESIAN_POINT('', (115., 0.328427129492383, 1.82842712949239));
#1357 = B_SPLINE_CURVE_WITH_KNOTS('', 1, (#1358, #1359), .UNSPECIFIED., .F., .U., (2, 2), (0., 1.), .UNSPECIFIED.);
#1358 = CARTESIAN_POINT('', (115., 0.328427129492383, 1.82842712949241));
#1359 = CARTESIAN_POINT('', (114.671572870508, -2.84772205816353E-14, 1.5));
#1360 = ORIENTED_EDGE('', *, *, #1361, .F.);
#1361 = EDGE_CURVE('', #1320, #1355, #1362, .T.);
#1362 = B_SPLINE_CURVE_WITH_KNOTS('', 1, (#1363, #1364), .UNSPECIFIED., .F., .U., (2, 2), (0.233614680268206, 0.848089847894738), .UNSPECIFIED.);
#1363 = CARTESIAN_POINT('', (115., 34.1715728705076, 1.8284271294924));
#1364 = CARTESIAN_POINT('', (115., 0.328427129492383, 1.82842712949239));
#1365 = B_SPLINE_SURFACE_WITH_KNOTS('', 1, 1, ((#1366, #1367), (#1368, #1369)), .UNSPECIFIED., .F., .F., .U., (2, 2), (2, 2), (0., 250.854338872145), (0., 250.854338872145), .UNSPECIFIED.);
#1366 = CARTESIAN_POINT('', (202.254126437662, 163.940097558687, 89.082553567154));
#1367 = CARTESIAN_POINT('', (202.254126437662, -86.9142413134578, 89.082553567154));
#1368 = CARTESIAN_POINT('', (24.8733223310998, 163.940097558687, -88.2982505394078));
#1369 = CARTESIAN_POINT('', (24.8733223310998, -86.9142413134578, -88.2982505394078));
#1370 = ADVANCED_FACE('', (#1371), #1400, .T.);
#1371 = FACE_OUTER_BOUND('', #1372, .T.);
#1372 = EDGE_LOOP('', (#1373, #1382, #1389, #1394, #1395));
#1373 = ORIENTED_EDGE('', *, *, #1374, .F.);
#1374 = EDGE_CURVE('', #1375, #1377, #1379, .T.);
#1375 = VERTEX_POINT('', #1376);
#1376 = CARTESIAN_POINT('', (115., 0.948033069575307, 27.5196059495753));
#1377 = VERTEX_POINT('', #1378);
#1378 = CARTESIAN_POINT('', (115., 34.1715728705076, 27.5196059495753));
#1379 = B_SPLINE_CURVE_WITH_KNOTS('', 1, (#1380, #1381), .UNSPECIFIED., .F., .U., (2, 2), (0.0183081662923563, 1.), .UNSPECIFIED.);
#1380 = CARTESIAN_POINT('', (115., 0.94803306957531, 27.5196059495753));
#1381 = CARTESIAN_POINT('', (115., 34.1715728705076, 27.5196059495753));
#1382 = ORIENTED_EDGE('', *, *, #1383, .T.);
#1383 = EDGE_CURVE('', #1375, #1384, #1386, .T.);
#1384 = VERTEX_POINT('', #1385);
#1385 = CARTESIAN_POINT('', (115., 0.328427129492371, 26.9000000094924));
#1386 = B_SPLINE_CURVE_WITH_KNOTS('', 1, (#1387, #1388), .UNSPECIFIED., .F., .U., (2, 2), (0.803655922308856, 0.931980514289637), .UNSPECIFIED.);
#1387 = CARTESIAN_POINT('', (115., 0.948033069575307, 27.5196059495753));
#1388 = CARTESIAN_POINT('', (115., 0.32842712949237, 26.9000000094924));
#1389 = ORIENTED_EDGE('', *, *, #1390, .F.);
#1390 = EDGE_CURVE('', #1355, #1384, #1391, .T.);
#1391 = B_SPLINE_CURVE_WITH_KNOTS('', 1, (#1392, #1393), .UNSPECIFIED., .F., .U., (2, 2), (0., 0.847826829833743), .UNSPECIFIED.);
#1392 = CARTESIAN_POINT('', (115., 0.328427129492373, 1.82842712949235));
#1393 = CARTESIAN_POINT('', (115., 0.328427129492373, 26.9000000094924));
#1394 = ORIENTED_EDGE('', *, *, #1361, .F.);
#1395 = ORIENTED_EDGE('', *, *, #1396, .F.);
#1396 = EDGE_CURVE('', #1377, #1320, #1397, .T.);
#1397 = B_SPLINE_CURVE_WITH_KNOTS('', 1, (#1398, #1399), .UNSPECIFIED., .F., .U., (2, 2), (0.131220414531777, 1.), .UNSPECIFIED.);
#1398 = CARTESIAN_POINT('', (115., 34.1715728705076, 27.5196059495753));
#1399 = CARTESIAN_POINT('', (115., 34.1715728705076, 1.82842712949235));
#1400 = B_SPLINE_SURFACE_WITH_KNOTS('', 1, 1, ((#1401, #1402), (#1403, #1404)), .UNSPECIFIED., .F., .F., .U., (2, 2), (2, 2), (0., 1.), (0., 1.), .UNSPECIFIED.);
#1401 = CARTESIAN_POINT('', (115., -8.03825339414249, -11.8382533941425));
#1402 = CARTESIAN_POINT('', (115., -8.03825339414249, 43.2382533941425));
#1403 = CARTESIAN_POINT('', (115., 47.0382533941425, -11.8382533941425));
#1404 = CARTESIAN_POINT('', (115., 47.0382533941425, 43.2382533941425));
#1405 = ADVANCED_FACE('', (#1406), #1470, .T.);
#1406 = FACE_OUTER_BOUND('', #1407, .T.);
#1407 = EDGE_LOOP('', (#1408, #1417, #1424, #1431, #1438, #1445, #1452, #1457, #1458, #1465));
#1408 = ORIENTED_EDGE('', *, *, #1409, .T.);
#1409 = EDGE_CURVE('', #1410, #1412, #1414, .T.);
#1410 = VERTEX_POINT('', #1411);
#1411 = CARTESIAN_POINT('', (75.8284271294924, 4.82842712, 31.4));
#1412 = VERTEX_POINT('', #1413);
#1413 = CARTESIAN_POINT('', (73.3284271294924, 2.32842712, 28.9));
#1414 = B_SPLINE_CURVE_WITH_KNOTS('', 1, (#1415, #1416), .UNSPECIFIED., .F., .U., (2, 2), (0., 1.), .UNSPECIFIED.);
#1415 = CARTESIAN_POINT('', (75.8284271294924, 4.82842712000001, 31.4));
#1416 = CARTESIAN_POINT('', (73.3284271294923, 2.32842711999996, 28.8999999999999));
#1417 = ORIENTED_EDGE('', *, *, #1418, .F.);
#1418 = EDGE_CURVE('', #1419, #1412, #1421, .T.);
#1419 = VERTEX_POINT('', #1420);
#1420 = CARTESIAN_POINT('', (46.6715728705076, 2.32842712, 28.9));
#1421 = B_SPLINE_CURVE_WITH_KNOTS('', 1, (#1422, #1423), .UNSPECIFIED., .F., .U., (2, 2), (0., 1.), .UNSPECIFIED.);
#1422 = CARTESIAN_POINT('', (46.6715728705075, 2.32842712, 28.9));
#1423 = CARTESIAN_POINT('', (73.3284271294924, 2.32842712, 28.9));
#1424 = ORIENTED_EDGE('', *, *, #1425, .T.);
#1425 = EDGE_CURVE('', #1419, #1426, #1428, .T.);
#1426 = VERTEX_POINT('', #1427);
#1427 = CARTESIAN_POINT('', (44.1715728705076, 4.82842712, 31.4));
#1428 = B_SPLINE_CURVE_WITH_KNOTS('', 1, (#1429, #1430), .UNSPECIFIED., .F., .U., (2, 2), (0., 1.), .UNSPECIFIED.);
#1429 = CARTESIAN_POINT('', (46.6715728705076, 2.32842711999999, 28.9));
#1430 = CARTESIAN_POINT('', (44.1715728705076, 4.82842712, 31.4));
#1431 = ORIENTED_EDGE('', *, *, #1432, .F.);
#1432 = EDGE_CURVE('', #1433, #1426, #1435, .T.);
#1433 = VERTEX_POINT('', #1434);
#1434 = CARTESIAN_POINT('', (23.0823443245459, 4.82842712, 31.4));
#1435 = B_SPLINE_CURVE_WITH_KNOTS('', 1, (#1436, #1437), .UNSPECIFIED., .F., .U., (2, 2), (0.200716037604747, 0.384100633656588), .UNSPECIFIED.);
#1436 = CARTESIAN_POINT('', (23.0823443245459, 4.82842712, 31.4));
#1437 = CARTESIAN_POINT('', (44.1715728705076, 4.82842712, 31.4));
#1438 = ORIENTED_EDGE('', *, *, #1439, .F.);
#1439 = EDGE_CURVE('', #1440, #1433, #1442, .T.);
#1440 = VERTEX_POINT('', #1441);
#1441 = CARTESIAN_POINT('', (8.18319778283151, 0., 26.57157288));
#1442 = B_SPLINE_CURVE_WITH_KNOTS('', 1, (#1443, #1444), .UNSPECIFIED., .F., .U., (2, 2), (0., 1.), .UNSPECIFIED.);
#1443 = CARTESIAN_POINT('', (8.18319778283163, 1.4210854715202E-14, 26.57157288));
#1444 = CARTESIAN_POINT('', (23.0823443245459, 4.82842712000001, 31.4));
#1445 = ORIENTED_EDGE('', *, *, #1446, .T.);
#1446 = EDGE_CURVE('', #1440, #1447, #1449, .T.);
#1447 = VERTEX_POINT('', #1448);
#1448 = CARTESIAN_POINT('', (114.671572870508, 0., 26.57157288));
#1449 = B_SPLINE_CURVE_WITH_KNOTS('', 1, (#1450, #1451), .UNSPECIFIED., .F., .U., (2, 2), (0.0711582415898392, 0.997144111917458), .UNSPECIFIED.);
#1450 = CARTESIAN_POINT('', (8.18319778283151, 0., 26.57157288));
#1451 = CARTESIAN_POINT('', (114.671572870508, 0., 26.57157288));
#1452 = ORIENTED_EDGE('', *, *, #1453, .F.);
#1453 = EDGE_CURVE('', #1384, #1447, #1454, .T.);
#1454 = B_SPLINE_CURVE_WITH_KNOTS('', 1, (#1455, #1456), .UNSPECIFIED., .F., .U., (2, 2), (0., 1.), .UNSPECIFIED.);
#1455 = CARTESIAN_POINT('', (115., 0.328427129492354, 26.9000000094924));
#1456 = CARTESIAN_POINT('', (114.671572870508, -4.71844785465692E-15, 26.57157288));
#1457 = ORIENTED_EDGE('', *, *, #1383, .F.);
#1458 = ORIENTED_EDGE('', *, *, #1459, .F.);
#1459 = EDGE_CURVE('', #1460, #1375, #1462, .T.);
#1460 = VERTEX_POINT('', #1461);
#1461 = CARTESIAN_POINT('', (92.8263197118589, 4.82842712, 31.4));
#1462 = B_SPLINE_CURVE_WITH_KNOTS('', 1, (#1463, #1464), .UNSPECIFIED., .F., .U., (2, 2), (0., 1.), .UNSPECIFIED.);
#1463 = CARTESIAN_POINT('', (92.8263197118589, 4.82842712, 31.4));
#1464 = CARTESIAN_POINT('', (115., 0.948033069575308, 27.5196059495753));
#1465 = ORIENTED_EDGE('', *, *, #1466, .F.);
#1466 = EDGE_CURVE('', #1410, #1460, #1467, .T.);
#1467 = B_SPLINE_CURVE_WITH_KNOTS('', 1, (#1468, #1469), .UNSPECIFIED., .F., .U., (2, 2), (0.659377627212977, 0.807185388798773), .UNSPECIFIED.);
#1468 = CARTESIAN_POINT('', (75.8284271294924, 4.82842712, 31.4));
#1469 = CARTESIAN_POINT('', (92.8263197118589, 4.82842712, 31.4));
#1470 = B_SPLINE_SURFACE_WITH_KNOTS('', 1, 1, ((#1471, #1472), (#1473, #1474)), .UNSPECIFIED., .F., .F., .U., (2, 2), (2, 2), (0., 1.), (0., 1.), .UNSPECIFIED.);
#1471 = CARTESIAN_POINT('', (0., 4.82842712, 31.4));
#1472 = CARTESIAN_POINT('', (115., 4.82842712, 31.4));
#1473 = CARTESIAN_POINT('', (0., 0., 26.57157288));
#1474 = CARTESIAN_POINT('', (115., 0., 26.57157288));
#1475 = ADVANCED_FACE('', (#1476), #1498, .F.);
#1476 = FACE_OUTER_BOUND('', #1477, .F.);
#1477 = EDGE_LOOP('', (#1478, #1479, #1486, #1493));
#1478 = ORIENTED_EDGE('', *, *, #1418, .F.);
#1479 = ORIENTED_EDGE('', *, *, #1480, .F.);
#1480 = EDGE_CURVE('', #1481, #1419, #1483, .T.);
#1481 = VERTEX_POINT('', #1482);
#1482 = CARTESIAN_POINT('', (46.6715728705076, 18.0970562776954, 28.9));
#1483 = B_SPLINE_CURVE_WITH_KNOTS('', 1, (#1484, #1485), .UNSPECIFIED., .F., .U., (2, 2), (0.317446471348883, 0.490367067441606), .UNSPECIFIED.);
#1484 = CARTESIAN_POINT('', (46.6715728705076, 18.0970562776954, 28.9));
#1485 = CARTESIAN_POINT('', (46.6715728705076, 2.32842712, 28.9));
#1486 = ORIENTED_EDGE('', *, *, #1487, .F.);
#1487 = EDGE_CURVE('', #1488, #1481, #1490, .T.);
#1488 = VERTEX_POINT('', #1489);
#1489 = CARTESIAN_POINT('', (73.3284271294924, 18.0970562776954, 28.9));
#1490 = B_SPLINE_CURVE_WITH_KNOTS('', 1, (#1491, #1492), .UNSPECIFIED., .F., .U., (2, 2), (0., 1.), .UNSPECIFIED.);
#1491 = CARTESIAN_POINT('', (73.3284271294924, 18.0970562776954, 28.9));
#1492 = CARTESIAN_POINT('', (46.6715728705075, 18.0970562776954, 28.9));
#1493 = ORIENTED_EDGE('', *, *, #1494, .F.);
#1494 = EDGE_CURVE('', #1412, #1488, #1495, .T.);
#1495 = B_SPLINE_CURVE_WITH_KNOTS('', 1, (#1496, #1497), .UNSPECIFIED., .F., .U., (2, 2), (0.513965455007949, 0.764659082316303), .UNSPECIFIED.);
#1496 = CARTESIAN_POINT('', (73.3284271294924, 2.32842712, 28.9));
#1497 = CARTESIAN_POINT('', (73.3284271294924, 18.0970562776954, 28.9));
#1498 = B_SPLINE_SURFACE_WITH_KNOTS('', 1, 1, ((#1499, #1500), (#1501, #1502)), .UNSPECIFIED., .F., .F., .U., (2, 2), (2, 2), (0., 1.), (0., 1.), .UNSPECIFIED.);
#1499 = CARTESIAN_POINT('', (105.595, -44.145, 28.9));
#1500 = CARTESIAN_POINT('', (105.595, 47.045, 28.9));
#1501 = CARTESIAN_POINT('', (14.405, -44.145, 28.9));
#1502 = CARTESIAN_POINT('', (14.405, 47.045, 28.9));
#1503 = ADVANCED_FACE('', (#1504), #1520, .T.);
#1504 = FACE_OUTER_BOUND('', #1505, .T.);
#1505 = EDGE_LOOP('', (#1506, #1513, #1518, #1519));
#1506 = ORIENTED_EDGE('', *, *, #1507, .F.);
#1507 = EDGE_CURVE('', #1508, #1410, #1510, .T.);
#1508 = VERTEX_POINT('', #1509);
#1509 = CARTESIAN_POINT('', (75.8284271294924, 20.5970562776955, 31.4));
#1510 = B_SPLINE_CURVE_WITH_KNOTS('', 1, (#1511, #1512), .UNSPECIFIED., .F., .U., (2, 2), (0.414680367237497, 1.), .UNSPECIFIED.);
#1511 = CARTESIAN_POINT('', (75.8284271294924, 20.5970562776955, 31.4));
#1512 = CARTESIAN_POINT('', (75.8284271294924, 4.82842712000001, 31.4));
#1513 = ORIENTED_EDGE('', *, *, #1514, .F.);
#1514 = EDGE_CURVE('', #1488, #1508, #1515, .T.);
#1515 = B_SPLINE_CURVE_WITH_KNOTS('', 1, (#1516, #1517), .UNSPECIFIED., .F., .U., (2, 2), (0., 0.182861183835919), .UNSPECIFIED.);
#1516 = CARTESIAN_POINT('', (73.3284271294923, 18.0970562776954, 28.8999999999999));
#1517 = CARTESIAN_POINT('', (75.8284271294924, 20.5970562776955, 31.4));
#1518 = ORIENTED_EDGE('', *, *, #1494, .F.);
#1519 = ORIENTED_EDGE('', *, *, #1409, .F.);
#1520 = B_SPLINE_SURFACE_WITH_KNOTS('', 1, 1, ((#1521, #1522), (#1523, #1524)), .UNSPECIFIED., .F., .F., .U., (2, 2), (2, 2), (0., 168.317206630871), (0., 168.317206630871), .UNSPECIFIED.);
#1521 = CARTESIAN_POINT('', (135.731521878182, 104.504696423387, 91.3030947486895));
#1522 = CARTESIAN_POINT('', (135.731521878182, -63.8125102074834, 91.3030947486895));
#1523 = CARTESIAN_POINT('', (16.7132836791159, 104.504696423387, -27.7151434503765));
#1524 = CARTESIAN_POINT('', (16.7132836791159, -63.8125102074834, -27.7151434503765));
#1525 = ADVANCED_FACE('', (#1526), #1542, .T.);
#1526 = FACE_OUTER_BOUND('', #1527, .T.);
#1527 = EDGE_LOOP('', (#1528, #1535, #1540, #1541));
#1528 = ORIENTED_EDGE('', *, *, #1529, .F.);
#1529 = EDGE_CURVE('', #1530, #1508, #1532, .T.);
#1530 = VERTEX_POINT('', #1531);
#1531 = CARTESIAN_POINT('', (44.1715728705076, 20.5970562776954, 31.4));
#1532 = B_SPLINE_CURVE_WITH_KNOTS('', 1, (#1533, #1534), .UNSPECIFIED., .F., .U., (2, 2), (0.206880979083474, 0.793119020916526), .UNSPECIFIED.);
#1533 = CARTESIAN_POINT('', (44.1715728705076, 20.5970562776954, 31.4));
#1534 = CARTESIAN_POINT('', (75.8284271294924, 20.5970562776954, 31.4));
#1535 = ORIENTED_EDGE('', *, *, #1536, .T.);
#1536 = EDGE_CURVE('', #1530, #1481, #1537, .T.);
#1537 = B_SPLINE_CURVE_WITH_KNOTS('', 1, (#1538, #1539), .UNSPECIFIED., .F., .U., (2, 2), (0.817138816164083, 1.), .UNSPECIFIED.);
#1538 = CARTESIAN_POINT('', (44.1715728705076, 20.5970562776954, 31.4));
#1539 = CARTESIAN_POINT('', (46.6715728705076, 18.0970562776954, 28.9));
#1540 = ORIENTED_EDGE('', *, *, #1487, .F.);
#1541 = ORIENTED_EDGE('', *, *, #1514, .T.);
#1542 = B_SPLINE_SURFACE_WITH_KNOTS('', 1, 1, ((#1543, #1544), (#1545, #1546)), .UNSPECIFIED., .F., .F., .U., (2, 2), (2, 2), (0., 168.317206630871), (0., 168.317206630871), .UNSPECIFIED.);
#1543 = CARTESIAN_POINT('', (-7.48624335304507, 80.3793289462062, 91.1822726685108));
#1544 = CARTESIAN_POINT('', (160.830963277826, 80.3793289462062, 91.1822726685108));
#1545 = CARTESIAN_POINT('', (-7.48624335304507, -38.6389092528598, -27.8359655305553));
#1546 = CARTESIAN_POINT('', (160.830963277826, -38.6389092528598, -27.8359655305553));
#1547 = ADVANCED_FACE('', (#1548), #1558, .T.);
#1548 = FACE_OUTER_BOUND('', #1549, .T.);
#1549 = EDGE_LOOP('', (#1550, #1555, #1556, #1557));
#1550 = ORIENTED_EDGE('', *, *, #1551, .F.);
#1551 = EDGE_CURVE('', #1426, #1530, #1552, .T.);
#1552 = B_SPLINE_CURVE_WITH_KNOTS('', 1, (#1553, #1554), .UNSPECIFIED., .F., .U., (2, 2), (0., 0.585319632762503), .UNSPECIFIED.);
#1553 = CARTESIAN_POINT('', (44.1715728705076, 4.82842711999999, 31.4));
#1554 = CARTESIAN_POINT('', (44.1715728705076, 20.5970562776954, 31.4));
#1555 = ORIENTED_EDGE('', *, *, #1425, .F.);
#1556 = ORIENTED_EDGE('', *, *, #1480, .F.);
#1557 = ORIENTED_EDGE('', *, *, #1536, .F.);
#1558 = B_SPLINE_SURFACE_WITH_KNOTS('', 1, 1, ((#1559, #1560), (#1561, #1562)), .UNSPECIFIED., .F., .F., .U., (2, 2), (2, 2), (0., 168.317206630871), (0., 168.317206630871), .UNSPECIFIED.);
#1559 = CARTESIAN_POINT('', (-15.7315218781819, -63.8125102074834, 91.3030947486895));
#1560 = CARTESIAN_POINT('', (-15.7315218781819, 104.504696423387, 91.3030947486895));
#1561 = CARTESIAN_POINT('', (103.286716320884, -63.8125102074834, -27.7151434503765));
#1562 = CARTESIAN_POINT('', (103.286716320884, 104.504696423387, -27.7151434503765));
#1563 = ADVANCED_FACE('', (#1564), #1597, .T.);
#1564 = FACE_OUTER_BOUND('', #1565, .T.);
#1565 = EDGE_LOOP('', (#1566, #1567, #1568, #1569, #1576, #1583, #1590, #1595, #1596));
#1566 = ORIENTED_EDGE('', *, *, #1529, .T.);
#1567 = ORIENTED_EDGE('', *, *, #1507, .T.);
#1568 = ORIENTED_EDGE('', *, *, #1466, .T.);
#1569 = ORIENTED_EDGE('', *, *, #1570, .F.);
#1570 = EDGE_CURVE('', #1571, #1460, #1573, .T.);
#1571 = VERTEX_POINT('', #1572);
#1572 = CARTESIAN_POINT('', (92.8263197118589, 37.97157288, 31.4));
#1573 = B_SPLINE_CURVE_WITH_KNOTS('', 1, (#1574, #1575), .UNSPECIFIED., .F., .U., (2, 2), (0., 1.), .UNSPECIFIED.);
#1574 = CARTESIAN_POINT('', (92.8263197118589, 37.97157288, 31.4));
#1575 = CARTESIAN_POINT('', (92.8263197118589, 4.82842711999996, 31.4));
#1576 = ORIENTED_EDGE('', *, *, #1577, .F.);
#1577 = EDGE_CURVE('', #1578, #1571, #1580, .T.);
#1578 = VERTEX_POINT('', #1579);
#1579 = CARTESIAN_POINT('', (1.02842712949238, 37.97157288, 31.4));
#1580 = B_SPLINE_CURVE_WITH_KNOTS('', 1, (#1581, #1582), .UNSPECIFIED., .F., .U., (2, 2), (0.00894284460428157, 0.807185388798773), .UNSPECIFIED.);
#1581 = CARTESIAN_POINT('', (1.02842712949238, 37.97157288, 31.4));
#1582 = CARTESIAN_POINT('', (92.8263197118589, 37.97157288, 31.4));
#1583 = ORIENTED_EDGE('', *, *, #1584, .F.);
#1584 = EDGE_CURVE('', #1585, #1578, #1587, .T.);
#1585 = VERTEX_POINT('', #1586);
#1586 = CARTESIAN_POINT('', (1.02842712949239, 17.6932121504479, 31.4));
#1587 = B_SPLINE_CURVE_WITH_KNOTS('', 1, (#1588, #1589), .UNSPECIFIED., .F., .U., (2, 2), (0.38815823710899, 1.), .UNSPECIFIED.);
#1588 = CARTESIAN_POINT('', (1.02842712949239, 17.6932121504479, 31.4));
#1589 = CARTESIAN_POINT('', (1.02842712949239, 37.9715728799999, 31.4));
#1590 = ORIENTED_EDGE('', *, *, #1591, .F.);
#1591 = EDGE_CURVE('', #1433, #1585, #1592, .T.);
#1592 = B_SPLINE_CURVE_WITH_KNOTS('', 1, (#1593, #1594), .UNSPECIFIED., .F., .U., (2, 2), (0., 1.), .UNSPECIFIED.);
#1593 = CARTESIAN_POINT('', (23.0823443245459, 4.82842712, 31.4));
#1594 = CARTESIAN_POINT('', (1.02842712949237, 17.6932121504479, 31.4));
#1595 = ORIENTED_EDGE('', *, *, #1432, .T.);
#1596 = ORIENTED_EDGE('', *, *, #1551, .T.);
#1597 = B_SPLINE_SURFACE_WITH_KNOTS('', 1, 1, ((#1598, #1599), (#1600, #1601)), .UNSPECIFIED., .F., .F., .U., (2, 2), (2, 2), (0., 1.), (0., 1.), .UNSPECIFIED.);
#1598 = CARTESIAN_POINT('', (0., 37.97157288, 31.4));
#1599 = CARTESIAN_POINT('', (115., 37.97157288, 31.4));
#1600 = CARTESIAN_POINT('', (0., 4.82842712, 31.4));
#1601 = CARTESIAN_POINT('', (115., 4.82842712, 31.4));
#1602 = ADVANCED_FACE('', (#1603), #1627, .F.);
#1603 = FACE_OUTER_BOUND('', #1604, .F.);
#1604 = EDGE_LOOP('', (#1605, #1612, #1613, #1614, #1615, #1622));
#1605 = ORIENTED_EDGE('', *, *, #1606, .T.);
#1606 = EDGE_CURVE('', #1607, #1377, #1609, .T.);
#1607 = VERTEX_POINT('', #1608);
#1608 = CARTESIAN_POINT('', (110.171572870508, 39., 28.3645806972365));
#1609 = B_SPLINE_CURVE_WITH_KNOTS('', 1, (#1610, #1611), .UNSPECIFIED., .F., .U., (2, 2), (0., 1.), .UNSPECIFIED.);
#1610 = CARTESIAN_POINT('', (110.171572870508, 38.9999999999999, 28.3645806972365));
#1611 = CARTESIAN_POINT('', (115., 34.1715728705075, 27.5196059495753));
#1612 = ORIENTED_EDGE('', *, *, #1374, .F.);
#1613 = ORIENTED_EDGE('', *, *, #1459, .F.);
#1614 = ORIENTED_EDGE('', *, *, #1570, .F.);
#1615 = ORIENTED_EDGE('', *, *, #1616, .F.);
#1616 = EDGE_CURVE('', #1617, #1571, #1619, .T.);
#1617 = VERTEX_POINT('', #1618);
#1618 = CARTESIAN_POINT('', (98.703046111859, 39., 30.37157288));
#1619 = B_SPLINE_CURVE_WITH_KNOTS('', 1, (#1620, #1621), .UNSPECIFIED., .F., .U., (2, 2), (0., 1.), .UNSPECIFIED.);
#1620 = CARTESIAN_POINT('', (98.7030461118589, 39., 30.37157288));
#1621 = CARTESIAN_POINT('', (92.8263197118588, 37.97157288, 31.4));
#1622 = ORIENTED_EDGE('', *, *, #1623, .F.);
#1623 = EDGE_CURVE('', #1607, #1617, #1624, .T.);
#1624 = B_SPLINE_CURVE_WITH_KNOTS('', 1, (#1625, #1626), .UNSPECIFIED., .F., .U., (2, 2), (0., 1.), .UNSPECIFIED.);
#1625 = CARTESIAN_POINT('', (110.171572870508, 39., 28.3645806972365));
#1626 = CARTESIAN_POINT('', (98.7030461118589, 39., 30.37157288));
#1627 = B_SPLINE_SURFACE_WITH_KNOTS('', 1, 1, ((#1628, #1629), (#1630, #1631)), .UNSPECIFIED., .F., .F., .U., (2, 2), (2, 2), (0., 250.854338866242), (0., 250.854338866242), .UNSPECIFIED.);
#1628 = CARTESIAN_POINT('', (229.888802399067, -89.3642925993031, 7.41406552973853));
#1629 = CARTESIAN_POINT('', (229.888802399067, 161.490046266939, 7.41406552973853));
#1630 = CARTESIAN_POINT('', (-17.2103642023823, -89.3642925993031, 50.6564196849922));
#1631 = CARTESIAN_POINT('', (-17.2103642023823, 161.490046266939, 50.6564196849922));
#1632 = ADVANCED_FACE('', (#1633), #1662, .T.);
#1633 = FACE_OUTER_BOUND('', #1634, .T.);
#1634 = EDGE_LOOP('', (#1635, #1636, #1643, #1650, #1657));
#1635 = ORIENTED_EDGE('', *, *, #1623, .F.);
#1636 = ORIENTED_EDGE('', *, *, #1637, .F.);
#1637 = EDGE_CURVE('', #1638, #1607, #1640, .T.);
#1638 = VERTEX_POINT('', #1639);
#1639 = CARTESIAN_POINT('', (110.171572870508, 39., 4.82842712));
#1640 = B_SPLINE_CURVE_WITH_KNOTS('', 1, (#1641, #1642), .UNSPECIFIED., .F., .U., (2, 2), (0., 0.921427368358583), .UNSPECIFIED.);
#1641 = CARTESIAN_POINT('', (110.171572870508, 39., 4.82842712000001));
#1642 = CARTESIAN_POINT('', (110.171572870508, 39., 28.3645806972365));
#1643 = ORIENTED_EDGE('', *, *, #1644, .F.);
#1644 = EDGE_CURVE('', #1645, #1638, #1647, .T.);
#1645 = VERTEX_POINT('', #1646);
#1646 = CARTESIAN_POINT('', (1.82842712949238, 39., 4.82842712));
#1647 = B_SPLINE_CURVE_WITH_KNOTS('', 1, (#1648, #1649), .UNSPECIFIED., .F., .U., (2, 2), (0.015899366343412, 0.958013677134849), .UNSPECIFIED.);
#1648 = CARTESIAN_POINT('', (1.82842712949238, 39., 4.82842712));
#1649 = CARTESIAN_POINT('', (110.171572870508, 39., 4.82842712));
#1650 = ORIENTED_EDGE('', *, *, #1651, .F.);
#1651 = EDGE_CURVE('', #1652, #1645, #1654, .T.);
#1652 = VERTEX_POINT('', #1653);
#1653 = CARTESIAN_POINT('', (1.82842712949238, 39., 30.37157288));
#1654 = B_SPLINE_CURVE_WITH_KNOTS('', 1, (#1655, #1656), .UNSPECIFIED., .F., .U., (2, 2), (0., 1.), .UNSPECIFIED.);
#1655 = CARTESIAN_POINT('', (1.82842712949238, 39., 30.37157288));
#1656 = CARTESIAN_POINT('', (1.82842712949238, 39., 4.82842711999999));
#1657 = ORIENTED_EDGE('', *, *, #1658, .T.);
#1658 = EDGE_CURVE('', #1652, #1617, #1659, .T.);
#1659 = B_SPLINE_CURVE_WITH_KNOTS('', 1, (#1660, #1661), .UNSPECIFIED., .F., .U., (2, 2), (0.015899366343412, 0.858287357494426), .UNSPECIFIED.);
#1660 = CARTESIAN_POINT('', (1.82842712949238, 39., 30.37157288));
#1661 = CARTESIAN_POINT('', (98.703046111859, 39., 30.37157288));
#1662 = B_SPLINE_SURFACE_WITH_KNOTS('', 1, 1, ((#1663, #1664), (#1665, #1666)), .UNSPECIFIED., .F., .F., .U., (2, 2), (2, 2), (0., 1.), (0., 1.), .UNSPECIFIED.);
#1663 = CARTESIAN_POINT('', (0., 39., 4.82842712));
#1664 = CARTESIAN_POINT('', (115., 39., 4.82842712));
#1665 = CARTESIAN_POINT('', (0., 39., 30.37157288));
#1666 = CARTESIAN_POINT('', (115., 39., 30.37157288));
#1667 = ADVANCED_FACE('', (#1668), #1679, .F.);
#1668 = FACE_OUTER_BOUND('', #1669, .F.);
#1669 = EDGE_LOOP('', (#1670, #1671, #1672, #1677, #1678));
#1670 = ORIENTED_EDGE('', *, *, #1606, .F.);
#1671 = ORIENTED_EDGE('', *, *, #1637, .F.);
#1672 = ORIENTED_EDGE('', *, *, #1673, .F.);
#1673 = EDGE_CURVE('', #1318, #1638, #1674, .T.);
#1674 = B_SPLINE_CURVE_WITH_KNOTS('', 1, (#1675, #1676), .UNSPECIFIED., .F., .U., (2, 2), (0.189339829508516, 1.), .UNSPECIFIED.);
#1675 = CARTESIAN_POINT('', (114.085786430508, 35.08578644, 0.914213560000008));
#1676 = CARTESIAN_POINT('', (110.171572870508, 39., 4.82842712));
#1677 = ORIENTED_EDGE('', *, *, #1317, .T.);
#1678 = ORIENTED_EDGE('', *, *, #1396, .F.);
#1679 = B_SPLINE_SURFACE_WITH_KNOTS('', 1, 1, ((#1680, #1681), (#1682, #1683)), .UNSPECIFIED., .F., .F., .U., (2, 2), (2, 2), (0., 250.854338866242), (0., 250.854338866242), .UNSPECIFIED.);
#1680 = CARTESIAN_POINT('', (22.7039450619459, 126.467627808562, 126.41165581133));
#1681 = CARTESIAN_POINT('', (200.084749164334, -50.913176293826, 126.41165581133));
#1682 = CARTESIAN_POINT('', (22.7039450619459, 126.467627808562, -124.442683054912));
#1683 = CARTESIAN_POINT('', (200.084749164334, -50.913176293826, -124.442683054912));
#1684 = ADVANCED_FACE('', (#1685), #1716, .T.);
#1685 = FACE_OUTER_BOUND('', #1686, .T.);
#1686 = EDGE_LOOP('', (#1687, #1688, #1689, #1696, #1703, #1710, #1715));
#1687 = ORIENTED_EDGE('', *, *, #1673, .F.);
#1688 = ORIENTED_EDGE('', *, *, #1326, .F.);
#1689 = ORIENTED_EDGE('', *, *, #1690, .F.);
#1690 = EDGE_CURVE('', #1691, #1327, #1693, .T.);
#1691 = VERTEX_POINT('', #1692);
#1692 = CARTESIAN_POINT('', (1.82842712949238, 34.17157288, 0.));
#1693 = B_SPLINE_CURVE_WITH_KNOTS('', 1, (#1694, #1695), .UNSPECIFIED., .F., .U., (2, 2), (0.015899366343412, 0.984100633656588), .UNSPECIFIED.);
#1694 = CARTESIAN_POINT('', (1.82842712949238, 34.17157288, 0.));
#1695 = CARTESIAN_POINT('', (113.171572870508, 34.17157288, 0.));
#1696 = ORIENTED_EDGE('', *, *, #1697, .F.);
#1697 = EDGE_CURVE('', #1698, #1691, #1700, .T.);
#1698 = VERTEX_POINT('', #1699);
#1699 = CARTESIAN_POINT('', (0., 36.0000000094924, 1.82842712949242));
#1700 = B_SPLINE_CURVE_WITH_KNOTS('', 1, (#1701, #1702), .UNSPECIFIED., .F., .U., (2, 2), (0., 1.), .UNSPECIFIED.);
#1701 = CARTESIAN_POINT('', (-5.6843418860808E-14, 36.0000000094925, 1.8284271294925));
#1702 = CARTESIAN_POINT('', (1.82842712949245, 34.1715728799999, -1.3988810110277E-14));
#1703 = ORIENTED_EDGE('', *, *, #1704, .T.);
#1704 = EDGE_CURVE('', #1698, #1705, #1707, .T.);
#1705 = VERTEX_POINT('', #1706);
#1706 = CARTESIAN_POINT('', (0., 37.1715728705076, 2.99999999050762));
#1707 = B_SPLINE_CURVE_WITH_KNOTS('', 1, (#1708, #1709), .UNSPECIFIED., .F., .U., (2, 2), (0.378679657795563, 0.621320342204444), .UNSPECIFIED.);
#1708 = CARTESIAN_POINT('', (0., 36.0000000094924, 1.82842712949242));
#1709 = CARTESIAN_POINT('', (0., 37.1715728705076, 2.99999999050762));
#1710 = ORIENTED_EDGE('', *, *, #1711, .F.);
#1711 = EDGE_CURVE('', #1645, #1705, #1712, .T.);
#1712 = B_SPLINE_CURVE_WITH_KNOTS('', 1, (#1713, #1714), .UNSPECIFIED., .F., .U., (2, 2), (0., 1.), .UNSPECIFIED.);
#1713 = CARTESIAN_POINT('', (1.82842712949238, 39., 4.82842711999996));
#1714 = CARTESIAN_POINT('', (2.33146835171283E-14, 37.1715728705076, 2.9999999905076));
#1715 = ORIENTED_EDGE('', *, *, #1644, .T.);
#1716 = B_SPLINE_SURFACE_WITH_KNOTS('', 1, 1, ((#1717, #1718), (#1719, #1720)), .UNSPECIFIED., .F., .F., .U., (2, 2), (2, 2), (0., 1.), (0., 1.), .UNSPECIFIED.);
#1717 = CARTESIAN_POINT('', (0., 34.17157288, 0.));
#1718 = CARTESIAN_POINT('', (115., 34.17157288, 0.));
#1719 = CARTESIAN_POINT('', (0., 39., 4.82842712));
#1720 = CARTESIAN_POINT('', (115., 39., 4.82842712));
#1721 = ADVANCED_FACE('', (#1722), #1738, .T.);
#1722 = FACE_OUTER_BOUND('', #1723, .T.);
#1723 = EDGE_LOOP('', (#1724, #1725, #1732, #1737));
#1724 = ORIENTED_EDGE('', *, *, #1333, .F.);
#1725 = ORIENTED_EDGE('', *, *, #1726, .F.);
#1726 = EDGE_CURVE('', #1727, #1334, #1729, .T.);
#1727 = VERTEX_POINT('', #1728);
#1728 = CARTESIAN_POINT('', (1.82842712949238, 0.32842712, 0.));
#1729 = B_SPLINE_CURVE_WITH_KNOTS('', 1, (#1730, #1731), .UNSPECIFIED., .F., .U., (2, 2), (0.015899366343412, 0.984100633656588), .UNSPECIFIED.);
#1730 = CARTESIAN_POINT('', (1.82842712949238, 0.32842712, 0.));
#1731 = CARTESIAN_POINT('', (113.171572870508, 0.32842712, 0.));
#1732 = ORIENTED_EDGE('', *, *, #1733, .F.);
#1733 = EDGE_CURVE('', #1691, #1727, #1734, .T.);
#1734 = B_SPLINE_CURVE_WITH_KNOTS('', 1, (#1735, #1736), .UNSPECIFIED., .F., .U., (2, 2), (0., 1.), .UNSPECIFIED.);
#1735 = CARTESIAN_POINT('', (1.82842712949238, 34.17157288, 0.));
#1736 = CARTESIAN_POINT('', (1.82842712949238, 0.328427120000043, 0.));
#1737 = ORIENTED_EDGE('', *, *, #1690, .T.);
#1738 = B_SPLINE_SURFACE_WITH_KNOTS('', 1, 1, ((#1739, #1740), (#1741, #1742)), .UNSPECIFIED., .F., .F., .U., (2, 2), (2, 2), (0., 1.), (0., 1.), .UNSPECIFIED.);
#1739 = CARTESIAN_POINT('', (0., 0.32842712, 0.));
#1740 = CARTESIAN_POINT('', (115., 0.32842712, 0.));
#1741 = CARTESIAN_POINT('', (0., 34.17157288, 0.));
#1742 = CARTESIAN_POINT('', (115., 34.17157288, 0.));
#1743 = ADVANCED_FACE('', (#1744), #1767, .T.);
#1744 = FACE_OUTER_BOUND('', #1745, .T.);
#1745 = EDGE_LOOP('', (#1746, #1755, #1760, #1761, #1762));
#1746 = ORIENTED_EDGE('', *, *, #1747, .F.);
#1747 = EDGE_CURVE('', #1748, #1750, #1752, .T.);
#1748 = VERTEX_POINT('', #1749);
#1749 = CARTESIAN_POINT('', (1.66421356949241, 0.164213559999986, 0.16421356));
#1750 = VERTEX_POINT('', #1751);
#1751 = CARTESIAN_POINT('', (1.82842712949237, 0., 0.32842712));
#1752 = B_SPLINE_CURVE_WITH_KNOTS('', 1, (#1753, #1754), .UNSPECIFIED., .F., .U., (2, 2), (0.50000000000005, 1.), .UNSPECIFIED.);
#1753 = CARTESIAN_POINT('', (1.66421356949238, 0.164213559999972, 0.164213560000043));
#1754 = CARTESIAN_POINT('', (1.82842712949236, -9.54791801177635E-15, 0.328427120000024));
#1755 = ORIENTED_EDGE('', *, *, #1756, .F.);
#1756 = EDGE_CURVE('', #1727, #1748, #1757, .T.);
#1757 = B_SPLINE_CURVE_WITH_KNOTS('', 1, (#1758, #1759), .UNSPECIFIED., .F., .U., (2, 2), (0., 0.500000000000108), .UNSPECIFIED.);
#1758 = CARTESIAN_POINT('', (1.82842712949244, 0.328427120000015, -2.8421709430404E-14));
#1759 = CARTESIAN_POINT('', (1.66421356949241, 0.164213559999986, 0.16421356));
#1760 = ORIENTED_EDGE('', *, *, #1726, .T.);
#1761 = ORIENTED_EDGE('', *, *, #1340, .F.);
#1762 = ORIENTED_EDGE('', *, *, #1763, .F.);
#1763 = EDGE_CURVE('', #1750, #1341, #1764, .T.);
#1764 = B_SPLINE_CURVE_WITH_KNOTS('', 1, (#1765, #1766), .UNSPECIFIED., .F., .U., (2, 2), (0.0158993663434119, 0.986956521656588), .UNSPECIFIED.);
#1765 = CARTESIAN_POINT('', (1.82842712949237, 0., 0.32842712));
#1766 = CARTESIAN_POINT('', (113.499999990508, 0., 0.32842712));
#1767 = B_SPLINE_SURFACE_WITH_KNOTS('', 1, 1, ((#1768, #1769), (#1770, #1771)), .UNSPECIFIED., .F., .F., .U., (2, 2), (2, 2), (0., 1.), (0., 1.), .UNSPECIFIED.);
#1768 = CARTESIAN_POINT('', (0., 0., 0.32842712));
#1769 = CARTESIAN_POINT('', (115., 0., 0.32842712));
#1770 = CARTESIAN_POINT('', (0., 0.32842712, 0.));
#1771 = CARTESIAN_POINT('', (115., 0.32842712, 0.));
#1772 = ADVANCED_FACE('', (#1773), #1790, .F.);
#1773 = FACE_OUTER_BOUND('', #1774, .F.);
#1774 = EDGE_LOOP('', (#1775, #1782, #1783, #1784, #1785));
#1775 = ORIENTED_EDGE('', *, *, #1776, .F.);
#1776 = EDGE_CURVE('', #1748, #1777, #1779, .T.);
#1777 = VERTEX_POINT('', #1778);
#1778 = CARTESIAN_POINT('', (5.52819481062285E-17, 1.82842712949237, 1.82842712949238));
#1779 = B_SPLINE_CURVE_WITH_KNOTS('', 1, (#1780, #1781), .UNSPECIFIED., .F., .U., (2, 2), (0.0898113779604933, 1.), .UNSPECIFIED.);
#1780 = CARTESIAN_POINT('', (1.6642135694924, 0.164213559999986, 0.164213559999986));
#1781 = CARTESIAN_POINT('', (-3.81916720471054E-14, 1.82842712949242, 1.82842712949242));
#1782 = ORIENTED_EDGE('', *, *, #1756, .F.);
#1783 = ORIENTED_EDGE('', *, *, #1733, .F.);
#1784 = ORIENTED_EDGE('', *, *, #1697, .F.);
#1785 = ORIENTED_EDGE('', *, *, #1786, .F.);
#1786 = EDGE_CURVE('', #1777, #1698, #1787, .T.);
#1787 = B_SPLINE_CURVE_WITH_KNOTS('', 1, (#1788, #1789), .UNSPECIFIED., .F., .U., (2, 2), (0.0468827469100629, 0.92307692332032), .UNSPECIFIED.);
#1788 = CARTESIAN_POINT('', (5.52819481062285E-17, 1.82842712949237, 1.82842712949238));
#1789 = CARTESIAN_POINT('', (5.52819481062285E-17, 36.0000000094924, 1.82842712949238));
#1790 = B_SPLINE_SURFACE_WITH_KNOTS('', 1, 1, ((#1791, #1792), (#1793, #1794)), .UNSPECIFIED., .F., .F., .U., (2, 2), (2, 2), (0., 250.854338872145), (0., 250.854338872145), .UNSPECIFIED.);
#1791 = CARTESIAN_POINT('', (-87.2541264376616, -86.9142413134577, 89.082553567154));
#1792 = CARTESIAN_POINT('', (-87.2541264376616, 163.940097558687, 89.082553567154));
#1793 = CARTESIAN_POINT('', (90.1266776689002, -86.9142413134577, -88.2982505394078));
#1794 = CARTESIAN_POINT('', (90.1266776689002, 163.940097558687, -88.2982505394078));
#1795 = ADVANCED_FACE('', (#1796), #1826, .T.);
#1796 = FACE_OUTER_BOUND('', #1797, .T.);
#1797 = EDGE_LOOP('', (#1798, #1807, #1814, #1819, #1820, #1821));
#1798 = ORIENTED_EDGE('', *, *, #1799, .F.);
#1799 = EDGE_CURVE('', #1800, #1802, #1804, .T.);
#1800 = VERTEX_POINT('', #1801);
#1801 = CARTESIAN_POINT('', (-5.42567557484678E-16, 15.4135320134064, 30.3715728705076));
#1802 = VERTEX_POINT('', #1803);
#1803 = CARTESIAN_POINT('', (4.33306483425339E-17, 1.82842712949237, 25.5197496976812));
#1804 = B_SPLINE_CURVE_WITH_KNOTS('', 1, (#1805, #1806), .UNSPECIFIED., .F., .U., (2, 2), (0., 1.), .UNSPECIFIED.);
#1805 = CARTESIAN_POINT('', (0., 15.4135320134064, 30.3715728705076));
#1806 = CARTESIAN_POINT('', (0., 1.82842712949232, 25.5197496976812));
#1807 = ORIENTED_EDGE('', *, *, #1808, .F.);
#1808 = EDGE_CURVE('', #1809, #1800, #1811, .T.);
#1809 = VERTEX_POINT('', #1810);
#1810 = CARTESIAN_POINT('', (-5.42567557484678E-16, 37.1715728705076, 30.3715728705076));
#1811 = B_SPLINE_CURVE_WITH_KNOTS('', 1, (#1812, #1813), .UNSPECIFIED., .F., .U., (2, 2), (0.179144994826243, 0.574196208599466), .UNSPECIFIED.);
#1812 = CARTESIAN_POINT('', (-5.42567557484678E-16, 37.1715728705076, 30.3715728705076));
#1813 = CARTESIAN_POINT('', (-5.42567557484678E-16, 15.4135320134064, 30.3715728705076));
#1814 = ORIENTED_EDGE('', *, *, #1815, .F.);
#1815 = EDGE_CURVE('', #1705, #1809, #1816, .T.);
#1816 = B_SPLINE_CURVE_WITH_KNOTS('', 1, (#1817, #1818), .UNSPECIFIED., .F., .U., (2, 2), (0.041045681203321, 1.), .UNSPECIFIED.);
#1817 = CARTESIAN_POINT('', (-4.15745789498904E-16, 37.1715728705076, 2.99999999050762));
#1818 = CARTESIAN_POINT('', (-4.15745789498904E-16, 37.1715728705076, 30.37157288));
#1819 = ORIENTED_EDGE('', *, *, #1704, .F.);
#1820 = ORIENTED_EDGE('', *, *, #1786, .F.);
#1821 = ORIENTED_EDGE('', *, *, #1822, .F.);
#1822 = EDGE_CURVE('', #1802, #1777, #1823, .T.);
#1823 = B_SPLINE_CURVE_WITH_KNOTS('', 1, (#1824, #1825), .UNSPECIFIED., .F., .U., (2, 2), (0.169982076423114, 1.), .UNSPECIFIED.);
#1824 = CARTESIAN_POINT('', (4.33306483425339E-17, 1.82842712949237, 25.5197496976812));
#1825 = CARTESIAN_POINT('', (4.33306483425339E-17, 1.82842712949237, 1.82842712949238));
#1826 = B_SPLINE_SURFACE_WITH_KNOTS('', 1, 1, ((#1827, #1828), (#1829, #1830)), .UNSPECIFIED., .F., .F., .U., (2, 2), (2, 2), (0., 1.), (0., 1.), .UNSPECIFIED.);
#1827 = CARTESIAN_POINT('', (0., -8.03825339414249, -11.8382533941425));
#1828 = CARTESIAN_POINT('', (0., 47.0382533941425, -11.8382533941425));
#1829 = CARTESIAN_POINT('', (0., -8.03825339414249, 43.2382533941425));
#1830 = CARTESIAN_POINT('', (0., 47.0382533941425, 43.2382533941425));
#1831 = ADVANCED_FACE('', (#1832), #1853, .F.);
#1832 = FACE_OUTER_BOUND('', #1833, .F.);
#1833 = EDGE_LOOP('', (#1834, #1839, #1840, #1847, #1852));
#1834 = ORIENTED_EDGE('', *, *, #1835, .F.);
#1835 = EDGE_CURVE('', #1800, #1585, #1836, .T.);
#1836 = B_SPLINE_CURVE_WITH_KNOTS('', 1, (#1837, #1838), .UNSPECIFIED., .F., .U., (2, 2), (0., 1.), .UNSPECIFIED.);
#1837 = CARTESIAN_POINT('', (2.8421709430404E-14, 15.4135320134064, 30.3715728705076));
#1838 = CARTESIAN_POINT('', (1.02842712949244, 17.693212150448, 31.4));
#1839 = ORIENTED_EDGE('', *, *, #1808, .F.);
#1840 = ORIENTED_EDGE('', *, *, #1841, .F.);
#1841 = EDGE_CURVE('', #1842, #1809, #1844, .T.);
#1842 = VERTEX_POINT('', #1843);
#1843 = CARTESIAN_POINT('', (0.914213569492383, 38.08578644, 31.28578644));
#1844 = B_SPLINE_CURVE_WITH_KNOTS('', 1, (#1845, #1846), .UNSPECIFIED., .F., .U., (2, 2), (0.111056541318897, 1.), .UNSPECIFIED.);
#1845 = CARTESIAN_POINT('', (0.914213569492403, 38.08578644, 31.28578644));
#1846 = CARTESIAN_POINT('', (9.32587340685131E-15, 37.1715728705076, 30.3715728705076));
#1847 = ORIENTED_EDGE('', *, *, #1848, .F.);
#1848 = EDGE_CURVE('', #1578, #1842, #1849, .T.);
#1849 = B_SPLINE_CURVE_WITH_KNOTS('', 1, (#1850, #1851), .UNSPECIFIED., .F., .U., (2, 2), (0., 0.111056541318986), .UNSPECIFIED.);
#1850 = CARTESIAN_POINT('', (1.02842712949243, 37.97157288, 31.4));
#1851 = CARTESIAN_POINT('', (0.914213569492383, 38.08578644, 31.28578644));
#1852 = ORIENTED_EDGE('', *, *, #1584, .F.);
#1853 = B_SPLINE_SURFACE_WITH_KNOTS('', 1, 1, ((#1854, #1855), (#1856, #1857)), .UNSPECIFIED., .F., .F., .U., (2, 2), (2, 2), (0., 250.854338866242), (0., 250.854338866242), .UNSPECIFIED.);
#1854 = CARTESIAN_POINT('', (89.4982624910836, -86.7011264636586, 119.869835361591));
#1855 = CARTESIAN_POINT('', (89.4982624910836, 164.153212402583, 119.869835361591));
#1856 = CARTESIAN_POINT('', (-87.882541611304, -86.7011264636586, -57.5109687407964));
#1857 = CARTESIAN_POINT('', (-87.882541611304, 164.153212402583, -57.5109687407964));
#1858 = ADVANCED_FACE('', (#1859), #1870, .T.);
#1859 = FACE_OUTER_BOUND('', #1860, .T.);
#1860 = EDGE_LOOP('', (#1861, #1862, #1863, #1868, #1869));
#1861 = ORIENTED_EDGE('', *, *, #1616, .F.);
#1862 = ORIENTED_EDGE('', *, *, #1658, .F.);
#1863 = ORIENTED_EDGE('', *, *, #1864, .F.);
#1864 = EDGE_CURVE('', #1842, #1652, #1865, .T.);
#1865 = B_SPLINE_CURVE_WITH_KNOTS('', 1, (#1866, #1867), .UNSPECIFIED., .F., .U., (2, 2), (0.111056542344007, 1.), .UNSPECIFIED.);
#1866 = CARTESIAN_POINT('', (0.914213569492382, 38.08578644, 31.28578644));
#1867 = CARTESIAN_POINT('', (1.82842712949236, 39., 30.37157288));
#1868 = ORIENTED_EDGE('', *, *, #1848, .F.);
#1869 = ORIENTED_EDGE('', *, *, #1577, .T.);
#1870 = B_SPLINE_SURFACE_WITH_KNOTS('', 1, 1, ((#1871, #1872), (#1873, #1874)), .UNSPECIFIED., .F., .F., .U., (2, 2), (2, 2), (0., 1.), (0., 1.), .UNSPECIFIED.);
#1871 = CARTESIAN_POINT('', (0., 39., 30.37157288));
#1872 = CARTESIAN_POINT('', (115., 39., 30.37157288));
#1873 = CARTESIAN_POINT('', (0., 37.97157288, 31.4));
#1874 = CARTESIAN_POINT('', (115., 37.97157288, 31.4));
#1875 = ADVANCED_FACE('', (#1876), #1883, .F.);
#1876 = FACE_OUTER_BOUND('', #1877, .F.);
#1877 = EDGE_LOOP('', (#1878, #1879, #1880, #1881, #1882));
#1878 = ORIENTED_EDGE('', *, *, #1815, .F.);
#1879 = ORIENTED_EDGE('', *, *, #1711, .F.);
#1880 = ORIENTED_EDGE('', *, *, #1651, .F.);
#1881 = ORIENTED_EDGE('', *, *, #1864, .F.);
#1882 = ORIENTED_EDGE('', *, *, #1841, .T.);
#1883 = B_SPLINE_SURFACE_WITH_KNOTS('', 1, 1, ((#1884, #1885), (#1886, #1887)), .UNSPECIFIED., .F., .F., .U., (2, 2), (2, 2), (0., 250.854338872145), (0., 250.854338872145), .UNSPECIFIED.);
#1884 = CARTESIAN_POINT('', (-87.3250085151258, -50.1534356446182, 125.799967043046));
#1885 = CARTESIAN_POINT('', (90.0557955914361, 127.227368461944, 125.799967043046));
#1886 = CARTESIAN_POINT('', (-87.3250085151258, -50.1534356446182, -125.054371829099));
#1887 = CARTESIAN_POINT('', (90.0557955914361, 127.227368461944, -125.054371829099));
#1888 = ADVANCED_FACE('', (#1889), #1907, .F.);
#1889 = FACE_OUTER_BOUND('', #1890, .F.);
#1890 = EDGE_LOOP('', (#1891, #1892, #1893, #1900, #1905, #1906));
#1891 = ORIENTED_EDGE('', *, *, #1591, .F.);
#1892 = ORIENTED_EDGE('', *, *, #1439, .F.);
#1893 = ORIENTED_EDGE('', *, *, #1894, .F.);
#1894 = EDGE_CURVE('', #1895, #1440, #1897, .T.);
#1895 = VERTEX_POINT('', #1896);
#1896 = CARTESIAN_POINT('', (1.82842712949237, 0., 25.247662327221));
#1897 = B_SPLINE_CURVE_WITH_KNOTS('', 1, (#1898, #1899), .UNSPECIFIED., .F., .U., (2, 2), (0., 1.), .UNSPECIFIED.);
#1898 = CARTESIAN_POINT('', (1.82842712949244, 0., 25.247662327221));
#1899 = CARTESIAN_POINT('', (8.18319778283151, 0., 26.57157288));
#1900 = ORIENTED_EDGE('', *, *, #1901, .T.);
#1901 = EDGE_CURVE('', #1895, #1802, #1902, .T.);
#1902 = B_SPLINE_CURVE_WITH_KNOTS('', 1, (#1903, #1904), .UNSPECIFIED., .F., .U., (2, 2), (0., 1.), .UNSPECIFIED.);
#1903 = CARTESIAN_POINT('', (1.82842712949235, 0., 25.247662327221));
#1904 = CARTESIAN_POINT('', (-2.22044604925031E-16, 1.82842712949235, 25.5197496976812));
#1905 = ORIENTED_EDGE('', *, *, #1799, .F.);
#1906 = ORIENTED_EDGE('', *, *, #1835, .T.);
#1907 = B_SPLINE_SURFACE_WITH_KNOTS('', 1, 1, ((#1908, #1909), (#1910, #1911)), .UNSPECIFIED., .F., .F., .U., (2, 2), (2, 2), (0., 250.854338866242), (0., 250.854338866242), .UNSPECIFIED.);
#1908 = CARTESIAN_POINT('', (133.924371625743, -122.564441849834, 8.99463581757055));
#1909 = CARTESIAN_POINT('', (133.924371625743, 113.67560276592, 93.3660803231969));
#1910 = CARTESIAN_POINT('', (-112.236963340999, -106.320764014548, -36.4876621212318));
#1911 = CARTESIAN_POINT('', (-112.236963340999, 129.919280601206, 47.8837823843946));
#1912 = ADVANCED_FACE('', (#1913), #1924, .F.);
#1913 = FACE_OUTER_BOUND('', #1914, .F.);
#1914 = EDGE_LOOP('', (#1915, #1916, #1921, #1922, #1923));
#1915 = ORIENTED_EDGE('', *, *, #1901, .F.);
#1916 = ORIENTED_EDGE('', *, *, #1917, .F.);
#1917 = EDGE_CURVE('', #1750, #1895, #1918, .T.);
#1918 = B_SPLINE_CURVE_WITH_KNOTS('', 1, (#1919, #1920), .UNSPECIFIED., .F., .U., (2, 2), (0., 0.94955213963728), .UNSPECIFIED.);
#1919 = CARTESIAN_POINT('', (1.82842712949237, 0., 0.328427119999986));
#1920 = CARTESIAN_POINT('', (1.82842712949237, 0., 25.247662327221));
#1921 = ORIENTED_EDGE('', *, *, #1747, .F.);
#1922 = ORIENTED_EDGE('', *, *, #1776, .T.);
#1923 = ORIENTED_EDGE('', *, *, #1822, .F.);
#1924 = B_SPLINE_SURFACE_WITH_KNOTS('', 1, 1, ((#1925, #1926), (#1927, #1928)), .UNSPECIFIED., .F., .F., .U., (2, 2), (2, 2), (0., 250.854338872145), (0., 250.854338872145), .UNSPECIFIED.);
#1925 = CARTESIAN_POINT('', (90.0557955843476, -88.2273684548553, 125.79996704111));
#1926 = CARTESIAN_POINT('', (-87.3250085222142, 89.1534356517066, 125.79996704111));
#1927 = CARTESIAN_POINT('', (90.0557955843476, -88.2273684548553, -125.054371831035));
#1928 = CARTESIAN_POINT('', (-87.3250085222142, 89.1534356517066, -125.054371831035));
#1929 = ADVANCED_FACE('', (#1930), #1942, .T.);
#1930 = FACE_OUTER_BOUND('', #1931, .T.);
#1931 = EDGE_LOOP('', (#1932, #1933, #1934, #1935, #1936, #1941));
#1932 = ORIENTED_EDGE('', *, *, #1894, .F.);
#1933 = ORIENTED_EDGE('', *, *, #1917, .F.);
#1934 = ORIENTED_EDGE('', *, *, #1763, .T.);
#1935 = ORIENTED_EDGE('', *, *, #1347, .F.);
#1936 = ORIENTED_EDGE('', *, *, #1937, .F.);
#1937 = EDGE_CURVE('', #1447, #1348, #1938, .T.);
#1938 = B_SPLINE_CURVE_WITH_KNOTS('', 1, (#1939, #1940), .UNSPECIFIED., .F., .U., (2, 2), (0., 0.955356995281193), .UNSPECIFIED.);
#1939 = CARTESIAN_POINT('', (114.671572870508, 0., 26.57157288));
#1940 = CARTESIAN_POINT('', (114.671572870508, 0., 1.50000000000004));
#1941 = ORIENTED_EDGE('', *, *, #1446, .F.);
#1942 = B_SPLINE_SURFACE_WITH_KNOTS('', 1, 1, ((#1943, #1944), (#1945, #1946)), .UNSPECIFIED., .F., .F., .U., (2, 2), (2, 2), (0., 1.), (0., 1.), .UNSPECIFIED.);
#1943 = CARTESIAN_POINT('', (0., 0., 26.57157288));
#1944 = CARTESIAN_POINT('', (115., 0., 26.57157288));
#1945 = CARTESIAN_POINT('', (0., 0., 0.328427120000001));
#1946 = CARTESIAN_POINT('', (115., 0., 0.328427120000001));
#1947 = ADVANCED_FACE('', (#1948), #1954, .F.);
#1948 = FACE_OUTER_BOUND('', #1949, .F.);
#1949 = EDGE_LOOP('', (#1950, #1951, #1952, #1953));
#1950 = ORIENTED_EDGE('', *, *, #1937, .F.);
#1951 = ORIENTED_EDGE('', *, *, #1453, .F.);
#1952 = ORIENTED_EDGE('', *, *, #1390, .F.);
#1953 = ORIENTED_EDGE('', *, *, #1354, .T.);
#1954 = B_SPLINE_SURFACE_WITH_KNOTS('', 1, 1, ((#1955, #1956), (#1957, #1958)), .UNSPECIFIED., .F., .F., .U., (2, 2), (2, 2), (0., 250.854338866242), (0., 250.854338866242), .UNSPECIFIED.);
#1955 = CARTESIAN_POINT('', (203.445138197898, 88.7735653273901, 125.494122651607));
#1956 = CARTESIAN_POINT('', (26.06433409551, -88.6072387749976, 125.494122651607));
#1957 = CARTESIAN_POINT('', (203.445138197898, 88.7735653273901, -125.360216214635));
#1958 = CARTESIAN_POINT('', (26.06433409551, -88.6072387749976, -125.360216214635));
#1959 = PRESENTATION_STYLE_ASSIGNMENT((#1960));
#1960 = SURFACE_STYLE_USAGE(.POSITIVE., #1961);
#1961 = SURFACE_SIDE_STYLE('', (#1962));
#1962 = SURFACE_STYLE_FILL_AREA(#1963);
#1963 = FILL_AREA_STYLE('', (#1964));
#1964 = FILL_AREA_STYLE_COLOUR('', #1965);
#1965 = COLOUR_RGB('', 0.109803921568627, 0.113725490196078, 0.125490196078431);
#1966 = STYLED_ITEM('', (#1959), #1);
#1967 = DRAUGHTING_MODEL('#1967', (#1966), #1972);
#1968 = AXIS2_PLACEMENT_3D('Mount', #1969, #1970, #1971);
#1969 = CARTESIAN_POINT('', (0., 0., 0.));
#1970 = DIRECTION('', (0., 0., 1.));
#1971 = DIRECTION('', (1., 0., 0.));
#1972 = (
   GEOMETRIC_REPRESENTATION_CONTEXT (3)
   GLOBAL_UNCERTAINTY_ASSIGNED_CONTEXT ((#1974))
   GLOBAL_UNIT_ASSIGNED_CONTEXT ((#1973, #1975, #1976))
   REPRESENTATION_CONTEXT ('', '3D')
);
#1973 = (
   LENGTH_UNIT ()
   NAMED_UNIT (*)
   SI_UNIT (.MILLI., .METRE.)
);
#1974 = UNCERTAINTY_MEASURE_WITH_UNIT(LENGTH_MEASURE(1.E-6), #1973, 'DISTANCE_ACCURACY_VALUE', '');
#1975 = (
   NAMED_UNIT (*)
   SI_UNIT ($, .STERADIAN.)
   SOLID_ANGLE_UNIT ()
);
#1976 = (
   NAMED_UNIT (*)
   PLANE_ANGLE_UNIT ()
   SI_UNIT ($, .RADIAN.)
);
#1977 = SHAPE_REPRESENTATION('', (#1992), #1972);
#1978 = PRODUCT_DEFINITION_SHAPE('', '', #1979);
#1979 = PRODUCT_DEFINITION('', '', #1982, #1986);
#1980 = APPLICATION_CONTEXT('automotive design');
#1981 = APPLICATION_PROTOCOL_DEFINITION('International Standard', 'automotive_design', 2002, #1980);
#1982 = PRODUCT_DEFINITION_FORMATION_WITH_SPECIFIED_SOURCE('', '', #1983, .NOT_KNOWN.);
#1983 = PRODUCT('Tub', 'Tub', '', (#1984));
#1984 = PRODUCT_CONTEXT('', #1980, 'mechanical');
#1985 = PRODUCT_RELATED_PRODUCT_CATEGORY('detail', '', (#1983));
#1986 = PRODUCT_DEFINITION_CONTEXT('part definition', #1980, 'design');
#1987 = SHAPE_DEFINITION_REPRESENTATION(#1978, #1977);
#1988 = CONSTRUCTIVE_GEOMETRY_REPRESENTATION('supplemental geometry', (#1968), #1972);
#1989 = CONSTRUCTIVE_GEOMETRY_REPRESENTATION_RELATIONSHIP('', '', #1977, #1988);
#1990 = SHAPE_REPRESENTATION_RELATIONSHIP('', '', #1977, #1991);
#1991 = ADVANCED_BREP_SHAPE_REPRESENTATION('', (#1), #1972);
#1992 = AXIS2_PLACEMENT_3D('', #1993, #1994, #1995);
#1993 = CARTESIAN_POINT('', (0., 0., 0.));
#1994 = DIRECTION('', (0., 0., 1.));
#1995 = DIRECTION('', (1., 0., 0.));
ENDSEC;
END-ISO-10303-21;
